logz logzerr logvol nlive logl logwt insert_order
-inf nan 0.000000000000000000e+00 4.000000000000000000e+02 -3.980814960545137183e+03 -3.986807674831828535e+03 1.020000000000000018e+00
-3.986807674831828535e+03 nan -2.500000000000000052e-03 4.000000000000000000e+02 -3.909924084118039445e+03 -3.915919298404730853e+03 7.299999999999999822e-01
-3.915919298404730853e+03 nan -5.000000000000000104e-03 4.000000000000000000e+02 -3.761898059650762661e+03 -3.767895773937454123e+03 1.125000000000000000e+00
-3.767895773937454123e+03 nan -7.499999999999999722e-03 4.000000000000000000e+02 -3.708491385795072802e+03 -3.714491600081764318e+03 2.800000000000000266e-01
-3.714491600081764318e+03 nan -1.000000000000000021e-02 4.000000000000000000e+02 -3.680401458991530035e+03 -3.686404173278221151e+03 1.969999999999999973e+00
-3.686404173278220696e+03 1.017554081902866159e+01 -1.250000000000000069e-02 4.000000000000000000e+02 -3.668211592023226785e+03 -3.674216806309917956e+03 1.314999999999999947e+00
-3.674216801215522537e+03 6.484821146768188882e+00 -1.500000000000000118e-02 4.000000000000000000e+02 -3.654374578222572836e+03 -3.660382292509264062e+03 5.450000000000000400e-01
-3.660382291528083442e+03 1.050673314481827170e+01 -1.750000000000000167e-02 4.000000000000000000e+02 -3.635819926381885125e+03 -3.641830140668576405e+03 5.250000000000000222e-01
-3.641830140659808421e+03 1.354328325362489771e+01 -2.000000000000000042e-02 4.000000000000000000e+02 -3.625568208274171866e+03 -3.631580922560863200e+03 1.635000000000000009e+00
-3.631580887176331544e+03 1.480429722034708284e+01 -2.249999999999999917e-02 4.000000000000000000e+02 -3.622978195286483697e+03 -3.628993409573175086e+03 1.820000000000000062e+00
-3.628920894038254119e+03 5.450080010271014963e+00 -2.499999999999999792e-02 4.000000000000000000e+02 -3.619129132764412134e+03 -3.625146847051103578e+03 1.905000000000000027e+00
-3.625124147681846352e+03 5.860149776044238479e+00 -2.749999999999999667e-02 4.000000000000000000e+02 -3.596541591270119625e+03 -3.602561805556811123e+03 1.570000000000000062e+00
-3.602561805556651962e+03 9.250638124584243727e+00 -2.999999999999999542e-02 4.000000000000000000e+02 -3.585647564205059098e+03 -3.591670278491750196e+03 1.215000000000000080e+00
-3.591670259876629643e+03 1.030266255757556060e+01 -3.249999999999999417e-02 4.000000000000000000e+02 -3.567333036236566386e+03 -3.573358250523257539e+03 1.620000000000000107e+00
-3.573358250512109407e+03 1.125970309351569121e+01 -3.499999999999999639e-02 4.000000000000000000e+02 -3.561738784343827319e+03 -3.567766498630518527e+03 1.399999999999999911e+00
-3.567762777073842699e+03 9.020486600782161801e+00 -3.749999999999999861e-02 4.000000000000000000e+02 -3.509574045156701231e+03 -3.515604259443392493e+03 6.800000000000000488e-01
-3.515604259443392493e+03 2.698506238769964938e+01 -4.000000000000000083e-02 4.000000000000000000e+02 -3.438173770992940717e+03 -3.444206485279632034e+03 1.725000000000000089e+00
-3.444206485279632034e+03 4.154837345373012880e+01 -4.250000000000000305e-02 4.000000000000000000e+02 -3.372619249448532628e+03 -3.378654463735223999e+03 1.639999999999999902e+00
-3.378654463735223999e+03 2.538687270088430381e+01 -4.500000000000000527e-02 4.000000000000000000e+02 -3.295767214814962699e+03 -3.301804929101654125e+03 5.999999999999999778e-01
-3.301804929101654125e+03 4.796384713904112118e+01 -4.750000000000000749e-02 4.000000000000000000e+02 -3.259715174487626427e+03 -3.265755388774317908e+03 7.099999999999999645e-01
-3.265755388774317908e+03 3.253954253203530556e+01 -5.000000000000000971e-02 4.000000000000000000e+02 -3.183366218933983873e+03 -3.189408933220675408e+03 7.950000000000000400e-01
-3.189408933220675408e+03 5.440365245136148076e+01 -5.250000000000001193e-02 4.000000000000000000e+02 -3.179350650488541760e+03 -3.185395864775232894e+03 1.010000000000000009e+00
-3.185377948397177079e+03 5.807527568476320567e+01 -5.500000000000001416e-02 4.000000000000000000e+02 -3.160724834805834689e+03 -3.166772549092525878e+03 1.830000000000000071e+00
-3.166772549084212642e+03 2.637049248856079231e+01 -5.750000000000001638e-02 4.000000000000000000e+02 -3.117286331995237560e+03 -3.123336546281928804e+03 1.405000000000000027e+00
-3.123336546281928804e+03 3.931392884626787065e+01 -6.000000000000001860e-02 4.000000000000000000e+02 -3.097089330520651401e+03 -3.103142044807342700e+03 5.300000000000000266e-01
-3.103142044805646037e+03 1.743439326430095448e+01 -6.250000000000001388e-02 4.000000000000000000e+02 -3.037646111887712323e+03 -3.043701326174403675e+03 1.860000000000000098e+00
-3.043701326174403675e+03 2.281413680422426538e+01 -6.500000000000001610e-02 4.000000000000000000e+02 -3.033035070200654445e+03 -3.039092784487345853e+03 3.200000000000000067e-01
-3.039082867482037273e+03 1.724310282630405666e+01 -6.750000000000001832e-02 4.000000000000000000e+02 -3.023824444508416491e+03 -3.029884658795107953e+03 6.250000000000000000e-01
-3.029884557579673128e+03 4.364054333720678081e+00 -7.000000000000002054e-02 4.000000000000000000e+02 -3.002811686648868545e+03 -3.008874400935560061e+03 1.544999999999999929e+00
-3.008874400934809273e+03 1.070807300304152143e+01 -7.250000000000002276e-02 4.000000000000000000e+02 -2.972611250977374311e+03 -2.978676465264065428e+03 1.135000000000000009e+00
-2.978676465264065428e+03 1.683167659259581939e+01 -7.500000000000002498e-02 4.000000000000000000e+02 -2.960794596031866604e+03 -2.966862310318557775e+03 1.810000000000000053e+00
-2.966862302919505510e+03 1.463808300478010871e+01 -7.750000000000002720e-02 4.000000000000000000e+02 -2.943763969474722671e+03 -2.949834183761413897e+03 1.685000000000000053e+00
-2.949834183721162390e+03 1.619241731706544130e+01 -8.000000000000002942e-02 4.000000000000000000e+02 -2.941504922536264985e+03 -2.947577636822956265e+03 1.000000000000000021e-02
-2.947478052661953370e+03 5.888452433097807415e+00 -8.250000000000003164e-02 4.000000000000000000e+02 -2.860372742337905947e+03 -2.866447956624597282e+03 3.350000000000000200e-01
-2.866447956624597282e+03 3.918662528398159139e+01 -8.500000000000003386e-02 4.000000000000000000e+02 -2.745331067275370060e+03 -2.751408781562061449e+03 8.299999999999999600e-01
-2.751408781562061449e+03 6.073155591683403287e+01 -8.750000000000003608e-02 4.000000000000000000e+02 -2.731654132450132238e+03 -2.737734346736823682e+03 1.064999999999999947e+00
-2.737734345585312440e+03 5.741225720623523898e+01 -9.000000000000003830e-02 4.000000000000000000e+02 -2.728330324434078648e+03 -2.734413038720770146e+03 1.735000000000000098e+00
-2.734377569636415501e+03 5.831530394123895888e+01 -9.250000000000004052e-02 4.000000000000000000e+02 -2.716239815524653750e+03 -2.722325029811344848e+03 1.675000000000000044e+00
-2.722325023981631603e+03 6.159802561284827505e+01 -9.500000000000004274e-02 4.000000000000000000e+02 -2.663405902944206900e+03 -2.669493617230898053e+03 4.249999999999999889e-01
-2.669493617230898053e+03 2.630124659017290512e+01 -9.750000000000004496e-02 4.000000000000000000e+02 -2.620649870281059975e+03 -2.626740084567751182e+03 6.899999999999999467e-01
-2.626740084567751182e+03 4.187021720314229611e+01 -1.000000000000000472e-01 4.000000000000000000e+02 -2.573542796231876764e+03 -2.579635510518568026e+03 1.655000000000000027e+00
-2.579635510518568026e+03 4.091394198283169459e+01 -1.025000000000000494e-01 4.000000000000000000e+02 -2.566843581410941169e+03 -2.572938795697632486e+03 1.804999999999999938e+00
-2.572937561497252773e+03 1.499519643952103820e+01 -1.050000000000000516e-01 4.000000000000000000e+02 -2.547076835036010834e+03 -2.553174549322702205e+03 2.999999999999999889e-02
-2.553174549320089682e+03 2.061291558948725466e+01 -1.075000000000000538e-01 4.000000000000000000e+02 -2.539963468849112814e+03 -2.546063683135804240e+03 1.639999999999999902e+00
-2.546062867280987575e+03 2.275584400943291996e+01 -1.100000000000000561e-01 4.000000000000000000e+02 -2.530282121359125085e+03 -2.536384835645816565e+03 1.844999999999999973e+00
-2.536384773003088412e+03 2.475182476587831815e+01 -1.125000000000000583e-01 4.000000000000000000e+02 -2.519018728721811385e+03 -2.525123943008502920e+03 1.665000000000000036e+00
-2.525123930141397068e+03 6.229198019269732711e+00 -1.150000000000000605e-01 4.000000000000000000e+02 -2.516811268019034287e+03 -2.522918982305725422e+03 1.564999999999999947e+00
-2.522814391437230825e+03 4.098774333417916971e+00 -1.175000000000000627e-01 4.000000000000000000e+02 -2.492534041096541387e+03 -2.498644255383232576e+03 2.250000000000000056e-01
-2.498644255383200743e+03 1.100587927935929144e+01 -1.200000000000000649e-01 4.000000000000000000e+02 -2.481226170159602589e+03 -2.487338884446293832e+03 1.770000000000000018e+00
-2.487338872139721389e+03 1.124385565905928885e+01 -1.225000000000000672e-01 4.000000000000000000e+02 -2.460008446113606624e+03 -2.466123660400297922e+03 1.925000000000000044e+00
-2.466123660399686287e+03 1.185986393609141842e+01 -1.250000000000000555e-01 4.000000000000000000e+02 -2.453532826257758188e+03 -2.459650540544449541e+03 5.699999999999999512e-01
-2.459648997335903914e+03 1.286301162016546584e+01 -1.275000000000000577e-01 4.000000000000000000e+02 -2.437730346667509821e+03 -2.443850560954201228e+03 1.245000000000000107e+00
-2.443850560816535562e+03 1.362383190765402929e+01 -1.300000000000000600e-01 4.000000000000000000e+02 -2.437038979968452622e+03 -2.443161694255144084e+03 2.200000000000000011e-01
-2.442754800237045856e+03 6.077114960577075564e+00 -1.325000000000000622e-01 4.000000000000000000e+02 -2.406846631852807150e+03 -2.412971846139498666e+03 2.099999999999999922e-01
-2.412971846139498666e+03 8.238836589268297317e+00 -1.350000000000000644e-01 4.000000000000000000e+02 -2.401899798100158023e+03 -2.408027512386849139e+03 1.300000000000000044e-01
-2.408020413981046659e+03 9.552970076459319060e+00 -1.375000000000000666e-01 4.000000000000000000e+02 -2.391359092159619195e+03 -2.397489306446310366e+03 5.699999999999999512e-01
-2.397489279753622213e+03 4.803936617573696388e+00 -1.400000000000000688e-01 4.000000000000000000e+02 -2.359107960969925443e+03 -2.365240675256616669e+03 8.599999999999999867e-01
-2.365240675256616669e+03 1.774925343029263303e+01 -1.425000000000000711e-01 4.000000000000000000e+02 -2.356553361250829767e+03 -2.362688575537521046e+03 2.399999999999999911e-01
-2.362613544238213763e+03 1.054339399281261791e+01 -1.450000000000000733e-01 4.000000000000000000e+02 -2.317897115563856005e+03 -2.324034829850547339e+03 1.465000000000000080e+00
-2.324034829850547339e+03 1.919745298935034938e+01 -1.475000000000000755e-01 4.000000000000000000e+02 -2.317038498112001889e+03 -2.323178712398693278e+03 1.544999999999999929e+00
-2.322824675174367258e+03 1.685112567167960407e+01 -1.500000000000000777e-01 4.000000000000000000e+02 -2.311758511229747455e+03 -2.317901225516438899e+03 1.459999999999999964e+00
-2.317893977849620114e+03 2.888320555819444468e+00 -1.525000000000000799e-01 4.000000000000000000e+02 -2.235102704017660926e+03 -2.241247918304352424e+03 6.550000000000000266e-01
-2.241247918304352424e+03 3.480558441695161775e+01 -1.550000000000000822e-01 4.000000000000000000e+02 -2.188095103262285193e+03 -2.194242817548976291e+03 1.475000000000000089e+00
-2.194242817548976291e+03 4.761539783971280571e+01 -1.575000000000000844e-01 4.000000000000000000e+02 -2.164668347437239845e+03 -2.170818561723930998e+03 6.800000000000000488e-01
-2.170818561723863695e+03 2.001369547968722173e+01 -1.600000000000000866e-01 4.000000000000000000e+02 -2.161419479347453489e+03 -2.167572193634144696e+03 1.264999999999999902e+00
-2.167534016457289454e+03 8.767805812235321961e-01 -1.625000000000000888e-01 4.000000000000000000e+02 -2.152610769892816279e+03 -2.158765984179507541e+03 6.400000000000000133e-01
-2.158765828562101433e+03 4.493266519321212904e+00 -1.650000000000000910e-01 4.000000000000000000e+02 -2.145287130190427433e+03 -2.151444844477118750e+03 7.950000000000000400e-01
-2.151444183184912617e+03 2.378080684296484115e+00 -1.675000000000000933e-01 4.000000000000000000e+02 -2.116477068239292748e+03 -2.122637282525984119e+03 5.799999999999999600e-01
-2.122637282525983665e+03 1.487375278590314487e+01 -1.700000000000000955e-01 4.000000000000000000e+02 -2.108233114481822213e+03 -2.114395828768513638e+03 3.499999999999999778e-01
-2.114395565302319483e+03 1.370049033813110029e+01 -1.725000000000000977e-01 4.000000000000000000e+02 -2.096280673931373258e+03 -2.102445888218064738e+03 1.499999999999999944e-01
-2.102445881756766539e+03 1.440870729049046162e+01 -1.750000000000000999e-01 4.000000000000000000e+02 -2.091182332256460995e+03 -2.097350046543152530e+03 8.900000000000000133e-01
-2.097343943016463982e+03 1.021949852552456584e+01 -1.775000000000001021e-01 4.000000000000000000e+02 -2.090663174060157417e+03 -2.096833388346848551e+03 1.360000000000000098e+00
-2.096363283101192792e+03 1.007593264477597650e+01 -1.800000000000001044e-01 4.000000000000000000e+02 -2.087615277455022806e+03 -2.093787991741713995e+03 8.349999999999999645e-01
-2.093714618947408326e+03 2.742781057229872754e+00 -1.825000000000001066e-01 4.000000000000000000e+02 -2.067374131801769181e+03 -2.073549346088460425e+03 4.699999999999999734e-01
-2.073549346086713285e+03 1.040112713266718636e+01 -1.850000000000001088e-01 4.000000000000000000e+02 -2.060671989471642064e+03 -2.066849703758333362e+03 4.600000000000000200e-01
-2.066848473163582184e+03 1.135996288469686100e+01 -1.875000000000001110e-01 4.000000000000000000e+02 -2.054462964438444942e+03 -2.060643178725136295e+03 3.400000000000000244e-01
-2.060641162045667897e+03 4.358620193566260959e+00 -1.900000000000001132e-01 4.000000000000000000e+02 -2.043299537684298684e+03 -2.049482251970990092e+03 1.334999999999999964e+00
-2.049482237723320395e+03 8.506108498109863802e+00 -1.925000000000001155e-01 4.000000000000000000e+02 -2.038129549645509087e+03 -2.044314763932200322e+03 5.649999999999999467e-01
-2.044309081162385155e+03 9.354674475268268452e+00 -1.950000000000001177e-01 4.000000000000000000e+02 -2.024587351433288632e+03 -2.030775065719979921e+03 7.850000000000000311e-01
-2.030775064394871379e+03 1.234281433991571575e+01 -1.975000000000001199e-01 4.000000000000000000e+02 -2.011541110334518862e+03 -2.017731324621210206e+03 1.689999999999999947e+00
-2.017731322457618489e+03 1.661217409485434260e+01 -2.000000000000001221e-01 4.000000000000000000e+02 -2.004202652566185861e+03 -2.010395366852877260e+03 1.975000000000000089e+00
-2.010394715384275742e+03 1.710535731333125753e+01 -2.025000000000001243e-01 4.000000000000000000e+02 -2.001410594988776211e+03 -2.007605809275467436e+03 7.349999999999999867e-01
-2.007546137164744323e+03 1.801570288903707606e+01 -2.050000000000001266e-01 4.000000000000000000e+02 -1.951749800432101893e+03 -1.957947514718793173e+03 5.150000000000000133e-01
-1.957947514718793173e+03 2.174150936780661780e+01 -2.075000000000001288e-01 4.000000000000000000e+02 -1.949953691458770209e+03 -1.956153905745461543e+03 9.250000000000000444e-01
-1.956000019071169845e+03 2.337334958192915035e+00 -2.100000000000001310e-01 4.000000000000000000e+02 -1.940345283751476700e+03 -1.946547998038168089e+03 7.499999999999999722e-02
-1.946547919510559723e+03 4.844936664452437647e+00 -2.125000000000001332e-01 4.000000000000000000e+02 -1.933591831352030113e+03 -1.939797045638721329e+03 1.250000000000000000e+00
-1.939795876465601623e+03 5.156190552231191049e+00 -2.150000000000001354e-01 4.000000000000000000e+02 -1.928556039355444682e+03 -1.934763753642135953e+03 1.120000000000000107e+00
-1.934757249892885056e+03 6.646397561971702395e+00 -2.175000000000001377e-01 4.000000000000000000e+02 -1.908151910312630662e+03 -1.914362124599321987e+03 1.905000000000000027e+00
-1.914362124597933644e+03 1.209589880252447180e+01 -2.200000000000001399e-01 4.000000000000000000e+02 -1.897493761309973252e+03 -1.903706475596664632e+03 2.849999999999999756e-01
-1.903706452029609409e+03 8.650911571682359025e+00 -2.225000000000001421e-01 4.000000000000000000e+02 -1.897108462045046736e+03 -1.903323676331737943e+03 1.264999999999999902e+00
-1.902803713074481720e+03 1.278659360024746672e+00 -2.250000000000001443e-01 4.000000000000000000e+02 -1.897001420050316938e+03 -1.903219134337008200e+03 1.090000000000000080e+00
-1.902296858025420079e+03 6.220757979548250383e-01 -2.275000000000001465e-01 4.000000000000000000e+02 -1.885451084353559281e+03 -1.891671298640250598e+03 5.949999999999999734e-01
-1.891671274353303943e+03 4.337538407069788882e+00 -2.300000000000001488e-01 4.000000000000000000e+02 -1.882237119259420979e+03 -1.888459833546112350e+03 4.949999999999999956e-01
-1.888420325846218702e+03 3.853144440874453291e+00 -2.325000000000001510e-01 4.000000000000000000e+02 -1.854018566421904779e+03 -1.860243780708596205e+03 1.429999999999999938e+00
-1.860243780708595523e+03 7.856459810888583029e+00 -2.350000000000001532e-01 4.000000000000000000e+02 -1.851885256016711310e+03 -1.858112970303402562e+03 1.879999999999999893e+00
-1.858000766333828551e+03 8.216198077596043703e+00 -2.375000000000001554e-01 4.000000000000000000e+02 -1.846038533337339459e+03 -1.852268747624030766e+03 2.800000000000000266e-01
-1.852265512334290406e+03 9.875850018481672876e+00 -2.400000000000001577e-01 4.000000000000000000e+02 -1.845806839814807972e+03 -1.852039554101499334e+03 5.250000000000000222e-01
-1.851453017428166731e+03 1.004103418253446911e+01 -2.425000000000001599e-01 4.000000000000000000e+02 -1.831963649155383337e+03 -1.838198863442074753e+03 5.300000000000000266e-01
-1.838198861689027353e+03 8.778830054064576061e+00 -2.450000000000001621e-01 4.000000000000000000e+02 -1.781273172086181376e+03 -1.787510886372872619e+03 1.959999999999999964e+00
-1.787510886372872619e+03 2.827625974844112022e+01 -2.475000000000001643e-01 4.000000000000000000e+02 -1.771304736455841294e+03 -1.777544950742532592e+03 2.500000000000000000e-01
-1.777544903770543669e+03 1.697305474725745000e+01 -2.500000000000001665e-01 4.000000000000000000e+02 -1.767548857975195688e+03 -1.773791572261887040e+03 1.879999999999999893e+00
-1.773768403222370807e+03 1.733301659650719140e+00 -2.525000000000001688e-01 4.000000000000000000e+02 -1.764047432692275834e+03 -1.770292646978967241e+03 4.749999999999999778e-01
-1.770262177496383174e+03 2.213297568052217557e+00 -2.550000000000001710e-01 4.000000000000000000e+02 -1.760343576284965138e+03 -1.766591290571656373e+03 3.300000000000000155e-01
-1.766566155243173853e+03 2.218579642627227955e+00 -2.575000000000001732e-01 4.000000000000000000e+02 -1.759863299349065073e+03 -1.766113513635756362e+03 5.000000000000000104e-03
-1.765621292398656806e+03 1.602151209332571602e+00 -2.600000000000001754e-01 4.000000000000000000e+02 -1.755841797980532874e+03 -1.762094512267224218e+03 7.449999999999999956e-01
-1.762065536716674160e+03 3.034688886461887947e+00 -2.625000000000001776e-01 4.000000000000000000e+02 -1.744330019103446830e+03 -1.750585233390138228e+03 1.000000000000000000e+00
-1.750585223058590827e+03 6.628590874195968041e+00 -2.650000000000001799e-01 4.000000000000000000e+02 -1.735213292411618568e+03 -1.741471006698309793e+03 1.905000000000000027e+00
-1.741470896614811181e+03 1.003641886344041545e+01 -2.675000000000001821e-01 4.000000000000000000e+02 -1.713394303760034518e+03 -1.719654518046725798e+03 9.250000000000000444e-01
-1.719654518046390649e+03 1.827062866351824511e+01 -2.700000000000001843e-01 4.000000000000000000e+02 -1.706232240900975512e+03 -1.712494955187666847e+03 5.949999999999999734e-01
-1.712494178095371126e+03 1.874630615358596586e+01 -2.725000000000001865e-01 4.000000000000000000e+02 -1.701393311631382858e+03 -1.707658525918074247e+03 4.299999999999999933e-01
-1.707650615778516567e+03 2.087067169499730923e+01 -2.750000000000001887e-01 4.000000000000000000e+02 -1.684697687372515702e+03 -1.690965401659206918e+03 1.034999999999999920e+00
-1.690965401602491283e+03 8.112576328519597979e+00 -2.775000000000001910e-01 4.000000000000000000e+02 -1.656636249927606741e+03 -1.662906464214298012e+03 2.949999999999999845e-01
-1.662906464214297330e+03 1.931937041313417680e+01 -2.800000000000001932e-01 4.000000000000000000e+02 -1.656621541346847607e+03 -1.662894255633538933e+03 1.354999999999999982e+00
-1.662207194112293337e+03 1.605428234222367934e+01 -2.825000000000001954e-01 4.000000000000000000e+02 -1.652905433524599857e+03 -1.659180647811291237e+03 2.149999999999999967e-01
-1.659133303649904519e+03 1.523262106286050432e+01 -2.850000000000001976e-01 4.000000000000000000e+02 -1.652075912348418797e+03 -1.658353626635110004e+03 1.320000000000000062e+00
-1.657976181036971639e+03 1.130927626757930682e+00 -2.875000000000001998e-01 4.000000000000000000e+02 -1.647387366975483928e+03 -1.653667581262175190e+03 3.350000000000000200e-01
-1.653654218569201930e+03 2.287249779613437450e+00 -2.900000000000002021e-01 4.000000000000000000e+02 -1.647379002427847581e+03 -1.653661716714538898e+03 1.010000000000000009e+00
-1.652964813433553900e+03 1.381216813655557374e+00 -2.925000000000002043e-01 4.000000000000000000e+02 -1.644125428189667218e+03 -1.650410642476358589e+03 6.199999999999999956e-01
-1.650335760753878276e+03 1.404273138734850379e+00 -2.950000000000002065e-01 4.000000000000000000e+02 -1.628808982145490972e+03 -1.635096696432182398e+03 1.475000000000000089e+00
-1.635096696191325918e+03 6.265640641777286746e+00 -2.975000000000002087e-01 4.000000000000000000e+02 -1.622177267637486466e+03 -1.628467481924177719e+03 7.099999999999999645e-01
-1.628466161595406447e+03 3.248698608791279252e+00 -3.000000000000002109e-01 4.000000000000000000e+02 -1.617162070105320026e+03 -1.623454784392011334e+03 4.650000000000000244e-01
-1.623448144760789091e+03 3.902118234399329921e+00 -3.025000000000002132e-01 4.000000000000000000e+02 -1.611884897263313405e+03 -1.618180111550004767e+03 5.300000000000000266e-01
-1.618174971048127418e+03 5.719559873467850331e+00 -3.050000000000002154e-01 4.000000000000000000e+02 -1.582774276981528146e+03 -1.589071991268219563e+03 1.385000000000000009e+00
-1.589071991268219335e+03 1.667351594458716235e+01 -3.075000000000002176e-01 4.000000000000000000e+02 -1.580311593637747364e+03 -1.586611807924438608e+03 1.915000000000000036e+00
-1.586529841571140196e+03 1.522752084220209667e+01 -3.100000000000002198e-01 4.000000000000000000e+02 -1.569019564699152397e+03 -1.575322278985843695e+03 7.299999999999999822e-01
-1.575322265414761887e+03 1.813217889376636549e+01 -3.125000000000002220e-01 4.000000000000000000e+02 -1.562608175291622501e+03 -1.568913389578313854e+03 4.500000000000000111e-01
-1.568911744058106706e+03 5.375783787245880241e+00 -3.150000000000002243e-01 4.000000000000000000e+02 -1.551726194108588288e+03 -1.558033908395279695e+03 1.790000000000000036e+00
-1.558033889523541802e+03 5.368623445900226443e+00 -3.175000000000002265e-01 4.000000000000000000e+02 -1.544767025669532813e+03 -1.551077239956224048e+03 1.179999999999999938e+00
-1.551076288127565022e+03 5.402669710472396858e+00 -3.200000000000002287e-01 4.000000000000000000e+02 -1.533255607065189452e+03 -1.539568321351880741e+03 2.250000000000000056e-01
-1.539568311302221218e+03 6.227319490074655128e+00 -3.225000000000002309e-01 4.000000000000000000e+02 -1.533147747417874825e+03 -1.539462961704566169e+03 2.650000000000000133e-01
-1.538821102646693362e+03 3.630254366409370714e+00 -3.250000000000002331e-01 4.000000000000000000e+02 -1.532505505591942665e+03 -1.538823219878634063e+03 6.700000000000000400e-01
-1.538129013521770048e+03 9.540126034462947935e-01 -3.275000000000002354e-01 4.000000000000000000e+02 -1.532343864533425858e+03 -1.538664078820117084e+03 2.349999999999999867e-01
-1.537668031056038217e+03 8.953905624190749979e-01 -3.300000000000002376e-01 4.000000000000000000e+02 -1.531270273093537071e+03 -1.537592987380228351e+03 1.875000000000000000e+00
-1.536936658258530542e+03 1.120112928430581078e+00 -3.325000000000002398e-01 4.000000000000000000e+02 -1.527147445527612490e+03 -1.533472659814303825e+03 1.324999999999999956e+00
-1.533441835461000437e+03 2.606988494309540716e+00 -3.350000000000002420e-01 4.000000000000000000e+02 -1.524788216608324092e+03 -1.531115930895015481e+03 1.854999999999999982e+00
-1.531022718338715777e+03 2.943167761211097577e+00 -3.375000000000002442e-01 4.000000000000000000e+02 -1.517203009877079921e+03 -1.523533224163771138e+03 1.784999999999999920e+00
-1.523532665394304331e+03 3.057802071055250703e+00 -3.400000000000002465e-01 4.000000000000000000e+02 -1.505915510099606990e+03 -1.512248224386298261e+03 1.189999999999999947e+00
-1.512248211819437302e+03 7.123601024024566186e+00 -3.425000000000002487e-01 4.000000000000000000e+02 -1.505609293268201782e+03 -1.511944507554893107e+03 1.574999999999999956e+00
-1.511391727011053717e+03 5.352456249495142870e+00 -3.450000000000002509e-01 4.000000000000000000e+02 -1.493579294248080942e+03 -1.499917008534772322e+03 1.635000000000000009e+00
-1.499916998145363777e+03 5.431779142984121123e+00 -3.475000000000002531e-01 4.000000000000000000e+02 -1.478600194576020840e+03 -1.484940408862712047e+03 1.915000000000000036e+00
-1.484940408549563926e+03 1.122784071332910649e+01 -3.500000000000002554e-01 4.000000000000000000e+02 -1.476673601987621396e+03 -1.483016316274312658e+03 1.375000000000000000e+00
-1.482880031472793462e+03 7.981876393113641832e+00 -3.525000000000002576e-01 4.000000000000000000e+02 -1.476172300523129479e+03 -1.482517514809820796e+03 7.800000000000000266e-01
-1.481989287841036003e+03 5.667697899845273168e-01 -3.550000000000002598e-01 4.000000000000000000e+02 -1.471017129829657961e+03 -1.477364844116349332e+03 6.450000000000000178e-01
-1.477355082803275536e+03 2.137048094204869297e+00 -3.575000000000002620e-01 4.000000000000000000e+02 -1.466202306786865392e+03 -1.472552521073556818e+03 2.949999999999999845e-01
-1.472544345889977194e+03 3.850203672195041449e+00 -3.600000000000002642e-01 4.000000000000000000e+02 -1.465906011057102205e+03 -1.472258725343793458e+03 4.349999999999999978e-01
-1.471698225524154623e+03 1.897850997045151145e+00 -3.625000000000002665e-01 4.000000000000000000e+02 -1.456601150872828384e+03 -1.462956365159519692e+03 7.850000000000000311e-01
-1.462956205415873228e+03 4.627899879905950975e+00 -3.650000000000002687e-01 4.000000000000000000e+02 -1.455632221250287785e+03 -1.461989935536979146e+03 2.000000000000000000e+00
-1.461667489998810424e+03 5.665698566613671439e+00 -3.675000000000002709e-01 4.000000000000000000e+02 -1.450363814915417606e+03 -1.456724029202109023e+03 8.349999999999999645e-01
-1.456716924618975327e+03 8.287279487921077603e+00 -3.700000000000002731e-01 4.000000000000000000e+02 -1.442494885890394016e+03 -1.448857600177085260e+03 1.040000000000000036e+00
-1.448857214116976365e+03 8.486607955271805892e+00 -3.725000000000002753e-01 4.000000000000000000e+02 -1.435501598159791229e+03 -1.441866812446482527e+03 1.604999999999999982e+00
-1.441865892193396576e+03 3.631184928682614554e+00 -3.750000000000002776e-01 4.000000000000000000e+02 -1.433054227681621569e+03 -1.439421941968312922e+03 4.299999999999999933e-01
-1.439338688520009555e+03 3.217162833905005570e+00 -3.775000000000002798e-01 4.000000000000000000e+02 -1.432534351500783714e+03 -1.438904565787475121e+03 1.554999999999999938e+00
-1.438405104853582770e+03 1.497858845831205654e+00 -3.800000000000002820e-01 4.000000000000000000e+02 -1.431822151422735942e+03 -1.438194865709427177e+03 6.800000000000000488e-01
-1.437601323184281910e+03 1.085816432861043568e+00 -3.825000000000002842e-01 4.000000000000000000e+02 -1.408301731791179009e+03 -1.414676946077870298e+03 1.495000000000000107e+00
-1.414676946077759567e+03 1.145970123816669961e+01 -3.850000000000002864e-01 4.000000000000000000e+02 -1.401544234940733304e+03 -1.407921949227424648e+03 4.949999999999999956e-01
-1.407920784862057417e+03 1.207072364227841277e+01 -3.875000000000002887e-01 4.000000000000000000e+02 -1.395098471201925122e+03 -1.401478685488616520e+03 1.950000000000000067e-01
-1.401477093697446207e+03 4.948056057581169398e+00 -3.900000000000002909e-01 4.000000000000000000e+02 -1.393277520299928256e+03 -1.399660234586619481e+03 1.250000000000000000e+00
-1.399509631228901753e+03 4.638158247805688639e+00 -3.925000000000002931e-01 4.000000000000000000e+02 -1.383790951089255259e+03 -1.390176165375946539e+03 1.774999999999999911e+00
-1.390176076964583899e+03 5.450261984389364933e+00 -3.950000000000002953e-01 4.000000000000000000e+02 -1.380986227713643075e+03 -1.387373942000334409e+03 5.000000000000000278e-02
-1.387315031436035270e+03 5.664436220549041501e+00 -3.975000000000002975e-01 4.000000000000000000e+02 -1.377396084345997906e+03 -1.383786298632689295e+03 5.600000000000000533e-01
-1.383757378797167803e+03 2.844783304900640353e+00 -4.000000000000002998e-01 4.000000000000000000e+02 -1.365956982121940882e+03 -1.372349696408632099e+03 1.120000000000000107e+00
-1.372349685298887607e+03 6.659700082071324800e+00 -4.025000000000003020e-01 4.000000000000000000e+02 -1.353445684066712829e+03 -1.359840898353404100e+03 8.349999999999999645e-01
-1.359840894659360174e+03 1.079549970838358242e+01 -4.050000000000003042e-01 4.000000000000000000e+02 -1.341105707569913875e+03 -1.347503421856605200e+03 1.854999999999999982e+00
-1.347503417472280717e+03 1.142173232512369196e+01 -4.075000000000003064e-01 4.000000000000000000e+02 -1.340421020417551290e+03 -1.346821234704242670e+03 1.300000000000000044e+00
-1.346412101418138718e+03 5.317041343999704850e+00 -4.100000000000003086e-01 4.000000000000000000e+02 -1.340233355156491143e+03 -1.346636069443182350e+03 1.949999999999999956e+00
-1.345824681102087197e+03 5.672354419140972936e+00 -4.125000000000003109e-01 4.000000000000000000e+02 -1.331295653125791659e+03 -1.337700867412482921e+03 1.774999999999999911e+00
-1.337700571060260245e+03 8.580040707213266060e+00 -4.150000000000003131e-01 4.000000000000000000e+02 -1.330353437816700307e+03 -1.336761152103391623e+03 1.449999999999999900e-01
-1.336431233528796156e+03 6.971004260548647302e+00 -4.175000000000003153e-01 4.000000000000000000e+02 -1.328967863484444933e+03 -1.335378077771136304e+03 1.919999999999999929e+00
-1.335078836387418505e+03 1.569705005951734789e+00 -4.200000000000003175e-01 4.000000000000000000e+02 -1.311531788978498753e+03 -1.317944503265190178e+03 8.249999999999999556e-01
-1.317944503228994790e+03 9.184246111966835713e+00 -4.225000000000003197e-01 4.000000000000000000e+02 -1.311261140910658469e+03 -1.317676355197349721e+03 1.000000000000000000e+00
-1.317108320910948123e+03 7.759820075600328160e+00 -4.250000000000003220e-01 4.000000000000000000e+02 -1.310240849874300693e+03 -1.316658564160992000e+03 1.304999999999999938e+00
-1.316165220495936865e+03 6.490657157805433286e+00 -4.275000000000003242e-01 4.000000000000000000e+02 -1.305552999521924221e+03 -1.311973213808615583e+03 1.864999999999999991e+00
-1.311958210994278261e+03 2.733332687493633451e+00 -4.300000000000003264e-01 4.000000000000000000e+02 -1.305019017517629209e+03 -1.311441731804320625e+03 1.485000000000000098e+00
-1.310973844518523720e+03 2.253421595762778118e+00 -4.325000000000003286e-01 4.000000000000000000e+02 -1.298295092948971160e+03 -1.304720307235662403e+03 1.864999999999999991e+00
-1.304718385445846934e+03 2.976141300658260214e+00 -4.350000000000003308e-01 4.000000000000000000e+02 -1.289506983612694285e+03 -1.295934697899385583e+03 9.250000000000000444e-01
-1.295934544699055778e+03 6.151033163866883591e+00 -4.375000000000003331e-01 4.000000000000000000e+02 -1.273115184139255689e+03 -1.279545398425947042e+03 6.700000000000000400e-01
-1.279545398349689322e+03 1.196586010805620504e+01 -4.400000000000003353e-01 4.000000000000000000e+02 -1.262525947269083417e+03 -1.268958661555774825e+03 2.099999999999999922e-01
-1.268958636307416327e+03 1.221212787256023979e+01 -4.425000000000003375e-01 4.000000000000000000e+02 -1.259078504242838562e+03 -1.265513718529529797e+03 1.100000000000000006e-01
-1.265482309609300501e+03 1.862057566861507363e+00 -4.450000000000003397e-01 4.000000000000000000e+02 -1.256204324466167918e+03 -1.262642038752859207e+03 1.199999999999999956e-01
-1.262585271119065510e+03 2.028194404055740474e+00 -4.475000000000003419e-01 4.000000000000000000e+02 -1.242497592327842540e+03 -1.248937806614533883e+03 4.650000000000000244e-01
-1.248937805431543438e+03 5.547573942606438102e+00 -4.500000000000003442e-01 4.000000000000000000e+02 -1.231867917743826865e+03 -1.238310632030518263e+03 1.584999999999999964e+00
-1.238310607782738998e+03 4.198782105302902856e+00 -4.525000000000003464e-01 4.000000000000000000e+02 -1.214426418158251863e+03 -1.220871632444943089e+03 1.985000000000000098e+00
-1.220871632418253057e+03 8.754526111777920505e+00 -4.550000000000003486e-01 4.000000000000000000e+02 -1.211994286759834040e+03 -1.218442001046525320e+03 3.300000000000000155e-01
-1.218357596213143324e+03 5.378072133993700099e+00 -4.575000000000003508e-01 4.000000000000000000e+02 -1.211070896675997346e+03 -1.217521110962688681e+03 4.299999999999999933e-01
-1.217161179942287617e+03 1.770696824861951013e+00 -4.600000000000003531e-01 4.000000000000000000e+02 -1.208829578441413105e+03 -1.215282292728104494e+03 5.050000000000000044e-01
-1.215140133660805986e+03 2.037223115783440619e+00 -4.625000000000003553e-01 4.000000000000000000e+02 -1.202399040155118882e+03 -1.208854254441810099e+03 3.750000000000000000e-01
-1.208852393755185858e+03 3.778320278095213425e+00 -4.650000000000003575e-01 4.000000000000000000e+02 -1.198772657319133032e+03 -1.205230371605824303e+03 4.450000000000000067e-01
-1.205203994001296905e+03 1.791005350668170237e+00 -4.675000000000003597e-01 4.000000000000000000e+02 -1.197744348136460985e+03 -1.204204562423152311e+03 8.900000000000000133e-01
-1.203891147831686567e+03 2.055447273404364950e+00 -4.700000000000003619e-01 4.000000000000000000e+02 -1.189217361187222878e+03 -1.195680075473914258e+03 1.070000000000000062e+00
-1.195679803881517500e+03 4.233606017136274602e+00 -4.725000000000003642e-01 4.000000000000000000e+02 -1.189205398583245369e+03 -1.195670612869936576e+03 5.550000000000000488e-01
-1.194982050635867608e+03 3.444016651725781308e+00 -4.750000000000003664e-01 4.000000000000000000e+02 -1.184247739091314543e+03 -1.190715453378005805e+03 5.999999999999999778e-02
-1.190701521439142880e+03 4.871365019093298443e+00 -4.775000000000003686e-01 4.000000000000000000e+02 -1.181229378564898980e+03 -1.187699592851590296e+03 1.885000000000000009e+00
-1.187651096880998011e+03 4.956335583728448846e+00 -4.800000000000003708e-01 4.000000000000000000e+02 -1.177478449576124603e+03 -1.183951163862815974e+03 1.935000000000000053e+00
-1.183926739400757697e+03 1.620720107364260087e+00 -4.825000000000003730e-01 4.000000000000000000e+02 -1.175318727755994132e+03 -1.181793942042685558e+03 8.950000000000000178e-01
-1.181681948777298203e+03 7.927660081697687211e-01 -4.850000000000003753e-01 4.000000000000000000e+02 -1.164586181866629204e+03 -1.171063896153320457e+03 1.685000000000000053e+00
-1.171063871683373691e+03 4.984827417212695622e+00 -4.875000000000003775e-01 4.000000000000000000e+02 -1.156374459661022456e+03 -1.162854673947713763e+03 1.584999999999999964e+00
-1.162854401845775783e+03 7.188558655509150519e+00 -4.900000000000003797e-01 4.000000000000000000e+02 -1.155474174648772987e+03 -1.161956888935464349e+03 1.784999999999999920e+00
-1.161615015530425580e+03 5.284134493215090878e+00 -4.925000000000003819e-01 4.000000000000000000e+02 -1.150330154127570722e+03 -1.156815368414262139e+03 1.659999999999999920e+00
-1.156807169465980223e+03 3.207989197192053332e+00 -4.950000000000003841e-01 4.000000000000000000e+02 -1.142833900558239066e+03 -1.149321614844930309e+03 9.449999999999999512e-01
-1.149321053870437709e+03 5.973834664506304293e+00 -4.975000000000003864e-01 4.000000000000000000e+02 -1.141177258924222087e+03 -1.147667473210913386e+03 9.100000000000000311e-01
-1.147492374784088270e+03 5.552215271693884624e+00 -5.000000000000003331e-01 4.000000000000000000e+02 -1.133260050022533733e+03 -1.139752764309225086e+03 5.000000000000000104e-03
-1.139752329162835622e+03 3.541133037458339405e+00 -5.025000000000002798e-01 4.000000000000000000e+02 -1.130614075547965285e+03 -1.137109289834656693e+03 7.299999999999999822e-01
-1.137040561937000120e+03 4.195261241940472452e+00 -5.050000000000002265e-01 4.000000000000000000e+02 -1.122424868179439954e+03 -1.128922582466131189e+03 1.935000000000000053e+00
-1.128922284380129668e+03 5.333025363709638533e+00 -5.075000000000001732e-01 4.000000000000000000e+02 -1.117368258161576478e+03 -1.123868472448267767e+03 8.299999999999999600e-01
-1.123862107797684303e+03 3.714754788412965691e+00 -5.100000000000001199e-01 4.000000000000000000e+02 -1.111602460558940493e+03 -1.118105174845631836e+03 8.750000000000000000e-01
-1.118102019039385823e+03 5.596198417701469197e+00 -5.125000000000000666e-01 4.000000000000000000e+02 -1.109162564442371831e+03 -1.115667778729063230e+03 7.900000000000000355e-01
-1.115583746158164558e+03 5.987641717510791217e+00 -5.150000000000000133e-01 4.000000000000000000e+02 -1.108867671808383648e+03 -1.115375386095074873e+03 6.199999999999999956e-01
-1.114781001994755570e+03 1.124645082381829919e+00 -5.174999999999999600e-01 4.000000000000000000e+02 -1.096574961963300666e+03 -1.103085176249991946e+03 4.849999999999999867e-01
-1.103085167921514540e+03 5.863702868835732218e+00 -5.199999999999999067e-01 4.000000000000000000e+02 -1.091018273220737456e+03 -1.097530987507428790e+03 1.364999999999999991e+00
-1.097527123741411970e+03 5.207104838703145333e+00 -5.224999999999998535e-01 4.000000000000000000e+02 -1.087443818144282886e+03 -1.093959032430974275e+03 2.849999999999999756e-01
-1.093931213349145537e+03 1.744232976439708871e+00 -5.249999999999998002e-01 4.000000000000000000e+02 -1.076003268435291830e+03 -1.082520982721983046e+03 1.064999999999999947e+00
-1.082520971640512471e+03 4.700961045725135179e+00 -5.274999999999997469e-01 4.000000000000000000e+02 -1.070183561188864132e+03 -1.076703775475555403e+03 1.635000000000000009e+00
-1.076700803957395919e+03 5.446605194988682008e+00 -5.299999999999996936e-01 4.000000000000000000e+02 -1.068665273624872952e+03 -1.075187987911564278e+03 1.975000000000000089e+00
-1.074988900391943616e+03 2.222809075311277027e+00 -5.324999999999996403e-01 4.000000000000000000e+02 -1.061423901291433140e+03 -1.067949115578124520e+03 2.000000000000000042e-02
-1.067948239646751517e+03 4.054177496662019209e+00 -5.349999999999995870e-01 4.000000000000000000e+02 -1.056195295274651244e+03 -1.062723009561342451e+03 3.449999999999999734e-01
-1.062717644854986929e+03 5.208688972516227977e+00 -5.374999999999995337e-01 4.000000000000000000e+02 -1.056113208682708091e+03 -1.062643422969399353e+03 1.735000000000000098e+00
-1.061986698278599306e+03 4.395335541114766542e+00 -5.399999999999994804e-01 4.000000000000000000e+02 -1.054392162005885893e+03 -1.060924876292577210e+03 4.400000000000000022e-01
-1.060627868975149340e+03 4.699748961095733257e+00 -5.424999999999994271e-01 4.000000000000000000e+02 -1.043710649152744281e+03 -1.050245863439435652e+03 1.909999999999999920e+00
-1.050245832454859737e+03 7.909019325482347540e+00 -5.449999999999993738e-01 4.000000000000000000e+02 -1.038299587398558060e+03 -1.044837301685249258e+03 1.915000000000000036e+00
-1.044832833467708042e+03 6.589948634849466025e+00 -5.474999999999993205e-01 4.000000000000000000e+02 -1.032079754262782899e+03 -1.038619968549474152e+03 1.850000000000000089e+00
-1.038617967064381673e+03 6.480545487020903828e+00 -5.499999999999992673e-01 4.000000000000000000e+02 -1.031406771669626778e+03 -1.037949485956318085e+03 1.864999999999999991e+00
-1.037535731038240783e+03 6.570738852437219890e+00 -5.524999999999992140e-01 4.000000000000000000e+02 -1.031083780855591158e+03 -1.037628995142282520e+03 1.949999999999999956e+00
-1.036888129029390484e+03 6.642856803571847379e+00 -5.549999999999991607e-01 4.000000000000000000e+02 -1.030282578920580818e+03 -1.036830293207272234e+03 3.500000000000000333e-02
-1.036165645873243875e+03 9.529864647941688194e-01 -5.574999999999991074e-01 4.000000000000000000e+02 -1.019057247412614061e+03 -1.025607461699305304e+03 4.199999999999999845e-01
-1.025607435719659179e+03 4.982195541005967065e+00 -5.599999999999990541e-01 4.000000000000000000e+02 -1.014889763561997938e+03 -1.021442477848689236e+03 1.100000000000000089e+00
-1.021427066841469582e+03 6.594988055242236413e+00 -5.624999999999990008e-01 4.000000000000000000e+02 -1.012885420424419181e+03 -1.019440634711110533e+03 8.900000000000000133e-01
-1.019312079673037715e+03 6.305570831996536008e+00 -5.649999999999989475e-01 4.000000000000000000e+02 -1.008345703039793648e+03 -1.014903417326484941e+03 1.909999999999999920e+00
-1.014891319354330790e+03 4.200001236658518877e+00 -5.674999999999988942e-01 4.000000000000000000e+02 -1.005696903747008491e+03 -1.012257118033699840e+03 1.679999999999999938e+00
-1.012187800693624922e+03 4.686502106355094455e+00 -5.699999999999988409e-01 4.000000000000000000e+02 -9.985705225306112425e+02 -1.005133236817302532e+03 1.300000000000000044e+00
-1.005132373730638960e+03 6.619644145815261282e+00 -5.724999999999987876e-01 4.000000000000000000e+02 -9.963927436035083929e+02 -1.002957957890199737e+03 3.800000000000000044e-01
-1.002850292947262346e+03 3.026551202480120661e+00 -5.749999999999987343e-01 4.000000000000000000e+02 -9.910969002325574593e+02 -9.976646145192487438e+02 5.500000000000000444e-01
-9.976590339807097507e+02 3.247066051026344713e+00 -5.774999999999986811e-01 4.000000000000000000e+02 -9.892513035694258861e+02 -9.958215178561172252e+02 3.499999999999999778e-01
-9.956737770478640641e+02 1.830891610621419030e+00 -5.799999999999986278e-01 4.000000000000000000e+02 -9.820645854792135196e+02 -9.886372997659047996e+02 1.570000000000000062e+00
-9.886364209338391902e+02 3.882444495802239270e+00 -5.824999999999985745e-01 4.000000000000000000e+02 -9.751142249386333560e+02 -9.816894392253246906e+02 1.340000000000000080e+00
-9.816884781543363943e+02 2.429264695200704871e+00 -5.849999999999985212e-01 4.000000000000000000e+02 -9.646465513989453484e+02 -9.712242656856366239e+02 1.665000000000000036e+00
-9.712242371462871233e+02 4.233796182882207937e+00 -5.874999999999984679e-01 4.000000000000000000e+02 -9.600124811050809512e+02 -9.665926953917722813e+02 9.749999999999999778e-01
-9.665830027859628899e+02 2.738218945437299823e+00 -5.899999999999984146e-01 4.000000000000000000e+02 -9.590887538127108201e+02 -9.656714680994020910e+02 6.650000000000000355e-01
-9.653336346829642025e+02 2.174786232772171424e+00 -5.924999999999983613e-01 4.000000000000000000e+02 -9.587988054143521595e+02 -9.653840197010434849e+02 1.264999999999999902e+00
-9.646653627137487774e+02 1.973743947942733001e+00 -5.949999999999983080e-01 4.000000000000000000e+02 -9.584877341428888258e+02 -9.650754484295800921e+02 1.360000000000000098e+00
-9.641563827718613311e+02 2.175253646729077062e+00 -5.974999999999982547e-01 4.000000000000000000e+02 -9.578628388122402839e+02 -9.644530530989316048e+02 7.550000000000000044e-01
-9.636006092048170331e+02 8.940286692144997494e-01 -5.999999999999982014e-01 4.000000000000000000e+02 -9.409673669743543769e+02 -9.475600812610456387e+02 1.504999999999999893e+00
-9.475600811529801604e+02 7.771695584101649956e+00 -6.024999999999981481e-01 4.000000000000000000e+02 -9.279845587174347656e+02 -9.345797730041260820e+02 1.870000000000000107e+00
-9.345797706988481650e+02 9.169078432993430283e+00 -6.049999999999980949e-01 4.000000000000000000e+02 -9.258328755028306887e+02 -9.324305897895219459e+02 2.149999999999999967e-01
-9.323203196984252372e+02 4.065577430803061887e+00 -6.074999999999980416e-01 4.000000000000000000e+02 -9.202268090478635258e+02 -9.268270233345548377e+02 6.149999999999999911e-01
-9.268229175152786183e+02 5.625470717922030239e+00 -6.099999999999979883e-01 4.000000000000000000e+02 -9.159727400493466121e+02 -9.225754543360379785e+02 1.959999999999999964e+00
-9.225612551575521820e+02 5.185223641159434571e+00 -6.124999999999979350e-01 4.000000000000000000e+02 -9.075219746929823259e+02 -9.141271889796736332e+02 1.969999999999999973e+00
-9.141269716673231187e+02 5.969056877730361421e+00 -6.149999999999978817e-01 4.000000000000000000e+02 -9.068500353842836148e+02 -9.134577496709749767e+02 1.610000000000000098e+00
-9.130442457318022207e+02 2.305933310945806447e+00 -6.174999999999978284e-01 4.000000000000000000e+02 -8.993713465005532726e+02 -9.059815607872445753e+02 1.179999999999999938e+00
-9.059807046783953410e+02 3.109908859734813902e+00 -6.199999999999977751e-01 4.000000000000000000e+02 -8.989911694403085676e+02 -9.056038837269999249e+02 7.299999999999999822e-01
-9.050815017969822520e+02 2.242359090442403780e+00 -6.224999999999977218e-01 4.000000000000000000e+02 -8.959374929317158376e+02 -9.025527072184071358e+02 1.049999999999999961e-01
-9.024759729614356729e+02 1.228308821267435569e+00 -6.249999999999976685e-01 4.000000000000000000e+02 -8.951626341962329434e+02 -9.017803484829242961e+02 1.875000000000000000e+00
-9.013757084590982913e+02 1.348163536615931468e+00 -6.274999999999976152e-01 4.000000000000000000e+02 -8.942245197703875874e+02 -9.008447340570788811e+02 1.239999999999999991e+00
-9.003822387252185990e+02 1.163607683904684942e+00 -6.299999999999975620e-01 4.000000000000000000e+02 -8.922938253149053480e+02 -8.989165396015966962e+02 2.550000000000000044e-01
-8.987087805910947509e+02 1.008589948229434485e+00 -6.324999999999975087e-01 4.000000000000000000e+02 -8.893570390398973586e+02 -8.959822533265886477e+02 1.254999999999999893e+00
-8.959188596736238424e+02 1.875756568196939922e+00 -6.349999999999974554e-01 4.000000000000000000e+02 -8.886358650841409599e+02 -8.952635793708323035e+02 4.149999999999999800e-01
-8.948453319839527467e+02 1.793613268861612653e+00 -6.374999999999974021e-01 4.000000000000000000e+02 -8.868092370833960558e+02 -8.934394513700873404e+02 6.500000000000000222e-02
-8.932201944997964347e+02 2.239671171507455760e+00 -6.399999999999973488e-01 4.000000000000000000e+02 -8.832852783759251452e+02 -8.899179926626164843e+02 7.550000000000000044e-01
-8.898818516426106271e+02 3.076179219317427549e+00 -6.424999999999972955e-01 4.000000000000000000e+02 -8.827041262654065576e+02 -8.893393405520978376e+02 7.399999999999999911e-01
-8.888811016349148986e+02 2.276340641720669300e+00 -6.449999999999972422e-01 4.000000000000000000e+02 -8.817532363696242328e+02 -8.883909506563155674e+02 1.900000000000000022e-01
-8.879131438588232186e+02 1.637238443123131271e+00 -6.474999999999971889e-01 4.000000000000000000e+02 -8.792303823718933700e+02 -8.858705966585846454e+02 1.495000000000000107e+00
-8.857486463862129540e+02 1.989604865179821491e+00 -6.499999999999971356e-01 4.000000000000000000e+02 -8.785682312889576906e+02 -8.852109455756490206e+02 6.049999999999999822e-01
-8.847509356913935790e+02 1.653513446155586708e+00 -6.524999999999970823e-01 4.000000000000000000e+02 -8.763962779511250574e+02 -8.830414922378163283e+02 1.749999999999999889e-01
-8.828751590830163423e+02 1.260824896333952783e+00 -6.549999999999970290e-01 4.000000000000000000e+02 -8.759402415552932553e+02 -8.825879558419845807e+02 9.100000000000000311e-01
-8.820281348125078011e+02 1.000037963515182149e+00 -6.574999999999969758e-01 4.000000000000000000e+02 -8.755228300903878562e+02 -8.821730443770791226e+02 1.909999999999999920e+00
-8.814048198598941326e+02 1.029805808007185686e+00 -6.599999999999969225e-01 4.000000000000000000e+02 -8.739956774604755765e+02 -8.806483917471668974e+02 1.564999999999999947e+00
-8.802635785182209247e+02 9.582666640282133663e-01 -6.624999999999968692e-01 4.000000000000000000e+02 -8.714464469880840625e+02 -8.781016612747753243e+02 1.499999999999999944e-01
-8.779927133975255629e+02 1.490775262402866952e+00 -6.649999999999968159e-01 4.000000000000000000e+02 -8.692371206298586230e+02 -8.758948349165499394e+02 4.050000000000000266e-01
-8.757790837235385197e+02 1.182187078760946530e+00 -6.674999999999967626e-01 4.000000000000000000e+02 -8.669064012890472668e+02 -8.735666155757385241e+02 1.625000000000000000e+00
-8.734627690030491749e+02 1.506346500506652752e+00 -6.699999999999967093e-01 4.000000000000000000e+02 -8.664094368995833975e+02 -8.730721511862747093e+02 5.000000000000000278e-02
-8.725553601669586214e+02 1.170973326753094845e+00 -6.724999999999966560e-01 4.000000000000000000e+02 -8.620402230861385533e+02 -8.687054373728299197e+02 1.945000000000000062e+00
-8.686843792796253183e+02 2.025887914714893157e+00 -6.749999999999966027e-01 4.000000000000000000e+02 -8.608117486720042280e+02 -8.674794629586955352e+02 5.849999999999999645e-01
-8.672173163498283657e+02 2.074163543900551687e+00 -6.774999999999965494e-01 4.000000000000000000e+02 -8.506846235810496637e+02 -8.573548378677410255e+02 2.099999999999999922e-01
-8.573547857760200941e+02 5.623324428391198282e+00 -6.799999999999964961e-01 4.000000000000000000e+02 -8.506457375973978969e+02 -8.573184518840891997e+02 9.599999999999999645e-01
-8.566433066396081131e+02 5.014211121350480305e+00 -6.824999999999964428e-01 4.000000000000000000e+02 -8.464171812846556122e+02 -8.530923955713469695e+02 1.895000000000000018e+00
-8.530641011783626482e+02 1.953930965990782198e+00 -6.849999999999963896e-01 4.000000000000000000e+02 -8.436556056874194383e+02 -8.503333199741107364e+02 1.250000000000000000e+00
-8.502701871029573795e+02 2.302453261716472799e+00 -6.874999999999963363e-01 4.000000000000000000e+02 -8.419221899223653054e+02 -8.486024042090566581e+02 3.549999999999999822e-01
-8.484295734709646695e+02 1.517916973799594338e+00 -6.899999999999962830e-01 4.000000000000000000e+02 -8.380345879226837269e+02 -8.447173022093750205e+02 1.949999999999999956e+00
-8.446931736665731023e+02 2.998718053665046845e+00 -6.924999999999962297e-01 4.000000000000000000e+02 -8.376271416498649387e+02 -8.443123559365562869e+02 1.400000000000000133e-01
-8.437915983442097740e+02 2.875206273025188164e+00 -6.949999999999961764e-01 4.000000000000000000e+02 -8.284543221063071314e+02 -8.351420363929984205e+02 1.014999999999999902e+00
-8.351418612047657462e+02 5.944218440252694080e+00 -6.974999999999961231e-01 4.000000000000000000e+02 -8.274204923821429247e+02 -8.341107066688342684e+02 2.000000000000000042e-02
-8.338057287694787192e+02 4.977901397835391428e+00 -6.999999999999960698e-01 4.000000000000000000e+02 -8.227924809305734470e+02 -8.294851952172647316e+02 1.709999999999999964e+00
-8.294719900019208580e+02 3.792605940151734245e+00 -7.024999999999960165e-01 4.000000000000000000e+02 -8.181043129990009675e+02 -8.247995272856923066e+02 1.449999999999999956e+00
-8.247902215024314501e+02 5.872396662459717476e+00 -7.049999999999959632e-01 4.000000000000000000e+02 -8.123904070759979277e+02 -8.190881213626892077e+02 1.215000000000000080e+00
-8.190847879787555712e+02 6.453262538161253836e+00 -7.074999999999959099e-01 4.000000000000000000e+02 -8.077917473908568127e+02 -8.144919616775481472e+02 1.844999999999999973e+00
-8.144818883801469838e+02 4.012481954877306300e+00 -7.099999999999958566e-01 4.000000000000000000e+02 -7.973211026141068487e+02 -8.040238169007981242e+02 7.499999999999999722e-02
-8.040237881856520517e+02 6.908796049405255602e+00 -7.124999999999958034e-01 4.000000000000000000e+02 -7.956747062119545717e+02 -8.023799204986459017e+02 1.500000000000000000e+00
-8.022032555459744572e+02 5.417214468171397179e+00 -7.149999999999957501e-01 4.000000000000000000e+02 -7.952541869996267678e+02 -8.019619012863180387e+02 1.010000000000000009e+00
-8.013821673557632721e+02 5.663082287176719021e+00 -7.174999999999956968e-01 4.000000000000000000e+02 -7.952505171570284119e+02 -8.019607314437197374e+02 2.000000000000000000e+00
-8.009370310533805650e+02 4.748101000063850385e+00 -7.199999999999956435e-01 4.000000000000000000e+02 -7.932836736246661076e+02 -7.999963879113573739e+02 1.000000000000000021e-02
-7.996668132031202276e+02 5.011190919091685458e+00 -7.224999999999955902e-01 4.000000000000000000e+02 -7.921346380682061863e+02 -7.988498523548975072e+02 1.500000000000000000e+00
-7.984839792832788135e+02 5.357446399705507289e+00 -7.249999999999955369e-01 4.000000000000000000e+02 -7.880930655832343064e+02 -7.948107798699255682e+02 1.419999999999999929e+00
-7.947857018775144979e+02 2.873241447701609275e+00 -7.274999999999954836e-01 4.000000000000000000e+02 -7.846935791670744038e+02 -7.914137934537657202e+02 1.814999999999999947e+00
-7.913800453129265406e+02 3.828692828889939559e+00 -7.299999999999954303e-01 4.000000000000000000e+02 -7.845234316218997037e+02 -7.912461459085909610e+02 1.004999999999999893e+00
-7.906177089711134158e+02 1.413361897270603240e+00 -7.324999999999953770e-01 4.000000000000000000e+02 -7.805476464853330754e+02 -7.872728607720243872e+02 1.840000000000000080e+00
-7.872382027906869553e+02 1.332833622430297682e+00 -7.349999999999953237e-01 4.000000000000000000e+02 -7.791442909396758978e+02 -7.858720052263671505e+02 1.439999999999999947e+00
-7.856448098752849774e+02 2.190311262475571397e+00 -7.374999999999952704e-01 4.000000000000000000e+02 -7.783390473820703619e+02 -7.850692616687616692e+02 9.050000000000000266e-01
-7.846230408244135788e+02 1.691091057522834395e+00 -7.399999999999952172e-01 4.000000000000000000e+02 -7.732443140008300588e+02 -7.799770282875214207e+02 1.320000000000000062e+00
-7.799674742682777833e+02 2.425908932743247259e+00 -7.424999999999951639e-01 4.000000000000000000e+02 -7.730188617142738394e+02 -7.797540760009651422e+02 1.034999999999999920e+00
-7.791619463697812762e+02 9.805544460923101280e-01 -7.449999999999951106e-01 4.000000000000000000e+02 -7.690157419855140688e+02 -7.757534562722054261e+02 1.824999999999999956e+00
-7.757209008700369850e+02 2.173936431906816846e+00 -7.474999999999950573e-01 4.000000000000000000e+02 -7.676619542661048854e+02 -7.744021685527961836e+02 3.699999999999999956e-01
-7.741651424834880117e+02 2.673951167880096236e+00 -7.499999999999950040e-01 4.000000000000000000e+02 -7.606010311313187913e+02 -7.673437454180101440e+02 1.950000000000000067e-01
-7.673426558150615620e+02 5.116328401475501941e+00 -7.524999999999949507e-01 4.000000000000000000e+02 -7.507385007242481834e+02 -7.574837150109394770e+02 8.549999999999999822e-01
-7.574836627346131763e+02 8.443428705278684276e+00 -7.549999999999948974e-01 4.000000000000000000e+02 -7.395982697705945839e+02 -7.463459840572859321e+02 8.399999999999999689e-01
-7.463459695038865220e+02 9.284860890959919288e+00 -7.574999999999948441e-01 4.000000000000000000e+02 -7.372561183309888975e+02 -7.440063326176801866e+02 5.899999999999999689e-01
-7.439143346239532093e+02 8.556007160434837999e+00 -7.599999999999947908e-01 4.000000000000000000e+02 -7.287940803392476710e+02 -7.355467946259390146e+02 1.040000000000000036e+00
-7.355465623666370902e+02 4.959219019469582435e+00 -7.624999999999947375e-01 4.000000000000000000e+02 -7.101143127836932081e+02 -7.168695270703844926e+02 6.099999999999999867e-01
-7.168695270626458296e+02 9.982288829015503850e+00 -7.649999999999946843e-01 4.000000000000000000e+02 -7.096445335454122869e+02 -7.164022478321036260e+02 2.449999999999999956e-01
-7.159156912920984723e+02 6.362952572969058807e+00 -7.674999999999946310e-01 4.000000000000000000e+02 -7.068850754522577517e+02 -7.136452897389490317e+02 1.560000000000000053e+00
-7.135470106044193699e+02 1.630699885739753885e+00 -7.699999999999945777e-01 4.000000000000000000e+02 -7.022212299408945455e+02 -7.089839442275858801e+02 1.100000000000000089e+00
-7.089735682175809188e+02 3.337011430627295994e+00 -7.724999999999945244e-01 4.000000000000000000e+02 -7.013042949903467616e+02 -7.080695092770380370e+02 1.219999999999999973e+00
-7.077295269492468606e+02 3.898640972065223753e+00 -7.749999999999944711e-01 4.000000000000000000e+02 -7.004958414571984804e+02 -7.072635557438898104e+02 1.004999999999999893e+00
-7.067764950709347431e+02 2.817019678231282409e+00 -7.774999999999944178e-01 4.000000000000000000e+02 -6.936759799687727082e+02 -7.004461942554639791e+02 2.750000000000000222e-01
-7.004444143426626397e+02 2.788033318721310660e+00 -7.799999999999943645e-01 4.000000000000000000e+02 -6.873805390182203610e+02 -6.941532533049116864e+02 2.250000000000000056e-01
-6.941514024111227172e+02 2.130627546943723694e+00 -7.824999999999943112e-01 4.000000000000000000e+02 -6.831808488493901450e+02 -6.899560631360814114e+02 2.000000000000000042e-02
-6.899411098653798717e+02 2.220438431506135846e+00 -7.849999999999942579e-01 4.000000000000000000e+02 -6.824343121910138734e+02 -6.892120264777051943e+02 1.810000000000000053e+00
-6.888183971932216991e+02 1.514714126889843415e+00 -7.874999999999942046e-01 4.000000000000000000e+02 -6.719770302335551833e+02 -6.787572445202464451e+02 1.725000000000000089e+00
-6.787572018143699779e+02 5.514965619476067005e+00 -7.899999999999941513e-01 4.000000000000000000e+02 -6.688004046180532214e+02 -6.755831189047445378e+02 2.399999999999999911e-01
-6.755421377702767813e+02 3.965807157104694003e+00 -7.924999999999940981e-01 4.000000000000000000e+02 -6.681367556283780686e+02 -6.749219699150693259e+02 1.040000000000000036e+00
-6.744915818804739729e+02 2.403079883600459432e+00 -7.949999999999940448e-01 4.000000000000000000e+02 -6.661963420408302454e+02 -6.729840563275215573e+02 1.620000000000000107e+00
-6.727840116858288866e+02 1.060584019194129812e+00 -7.974999999999939915e-01 4.000000000000000000e+02 -6.629813859656246677e+02 -6.697716002523159204e+02 1.790000000000000036e+00
-6.697235980572220342e+02 1.935969288728987214e+00 -7.999999999999939382e-01 4.000000000000000000e+02 -6.541261465523768948e+02 -6.609188608390682020e+02 8.800000000000000044e-01
-6.609187108296118822e+02 4.991223188461641591e+00 -8.024999999999938849e-01 4.000000000000000000e+02 -6.538937043341204571e+02 -6.606889186208118190e+02 1.875000000000000000e+00
-6.601040814587820478e+02 5.402984758357105122e+00 -8.049999999999938316e-01 4.000000000000000000e+02 -6.506877971508861265e+02 -6.574855114375774292e+02 1.024999999999999911e+00
-6.574151396096964390e+02 3.602317214979977145e+00 -8.074999999999937783e-01 4.000000000000000000e+02 -6.481638856917852536e+02 -6.549640999784766109e+02 2.949999999999999845e-01
-6.548814110033107454e+02 4.219892974856619183e+00 -8.099999999999937250e-01 4.000000000000000000e+02 -6.456864950323673611e+02 -6.524892093190586593e+02 8.950000000000000178e-01
-6.524017222362493840e+02 4.822617307786350338e+00 -8.124999999999936717e-01 4.000000000000000000e+02 -6.435162414749190702e+02 -6.503214557616104230e+02 1.260000000000000009e+00
-6.502037643515732270e+02 2.023070231521854279e+00 -8.149999999999936184e-01 4.000000000000000000e+02 -6.361401607997764813e+02 -6.429478750864677750e+02 1.645000000000000018e+00
-6.429471693312964362e+02 4.476726562180118663e+00 -8.174999999999935651e-01 4.000000000000000000e+02 -6.329479122018586850e+02 -6.397581264885500332e+02 1.489999999999999991e+00
-6.397177417437601434e+02 2.451482803553332257e+00 -8.199999999999935119e-01 4.000000000000000000e+02 -6.284903206055487317e+02 -6.353030348922400208e+02 4.600000000000000200e-01
-6.352910093891706538e+02 4.277627464164911686e+00 -8.224999999999934586e-01 4.000000000000000000e+02 -6.276304518732489441e+02 -6.344456661599402878e+02 7.500000000000000000e-01
-6.340884044253888305e+02 3.195428747639923017e+00 -8.249999999999934053e-01 4.000000000000000000e+02 -6.255400553562063806e+02 -6.323577696428976651e+02 1.840000000000000080e+00
-6.321946547686652593e+02 3.012665324891395269e+00 -8.274999999999933520e-01 4.000000000000000000e+02 -6.249645069987187753e+02 -6.317847212854101144e+02 1.899999999999999911e+00
-6.312756806164532009e+02 5.779440490077504267e-01 -8.299999999999932987e-01 4.000000000000000000e+02 -6.249069300722662774e+02 -6.317296443589575574e+02 1.024999999999999911e+00
-6.307839731290749796e+02 6.924820993923656021e-01 -8.324999999999932454e-01 4.000000000000000000e+02 -6.247245804643556539e+02 -6.315497947510469885e+02 7.000000000000000666e-02
-6.304021508158757570e+02 7.540026609365120258e-01 -8.349999999999931921e-01 4.000000000000000000e+02 -6.244804060785153297e+02 -6.313081203652066051e+02 2.899999999999999800e-01
-6.300627187838682630e+02 8.331853023693670535e-01 -8.374999999999931388e-01 4.000000000000000000e+02 -6.232959240922214121e+02 -6.301261383789127422e+02 5.150000000000000133e-01
-6.294007787294328864e+02 8.119877476322004961e-01 -8.399999999999930855e-01 4.000000000000000000e+02 -6.196278218735794781e+02 -6.264605361602707490e+02 9.949999999999999956e-01
-6.264090326266218653e+02 1.050363930989959949e+00 -8.424999999999930322e-01 4.000000000000000000e+02 -6.187919756116557437e+02 -6.256271898983470692e+02 1.264999999999999902e+00
-6.252504246724288350e+02 1.295921318506897180e+00 -8.449999999999929789e-01 4.000000000000000000e+02 -6.180519669709514119e+02 -6.248896812576426782e+02 3.599999999999999867e-01
-6.243607262551407757e+02 1.029159216648713349e+00 -8.474999999999929257e-01 4.000000000000000000e+02 -6.174164688464251185e+02 -6.242566831331164394e+02 1.709999999999999964e+00
-6.236142050020359875e+02 9.883628596917488629e-01 -8.499999999999928724e-01 4.000000000000000000e+02 -6.172335744851662866e+02 -6.240762887718575485e+02 9.699999999999999734e-01
-6.231256436589907253e+02 8.455672706427845853e-01 -8.524999999999928191e-01 4.000000000000000000e+02 -6.157893943878184473e+02 -6.226346086745097637e+02 6.250000000000000000e-01
-6.221571375816880618e+02 7.043597664470209185e-01 -8.549999999999927658e-01 4.000000000000000000e+02 -6.139075357768045933e+02 -6.207552500634958506e+02 1.389999999999999902e+00
-6.205352057525186638e+02 7.604665910506274162e-01 -8.574999999999927125e-01 4.000000000000000000e+02 -6.029904573779630255e+02 -6.098406716646543373e+02 1.610000000000000098e+00
-6.098406489964072534e+02 5.726373832705855982e+00 -8.599999999999926592e-01 4.000000000000000000e+02 -5.976202934294385614e+02 -6.044730077161298141e+02 4.450000000000000067e-01
-6.044683534420282740e+02 6.757941671123973038e+00 -8.624999999999926059e-01 4.000000000000000000e+02 -5.961529517286587634e+02 -6.030081660153500707e+02 1.520000000000000018e+00
-6.027993707083084018e+02 4.991515308227409520e+00 -8.649999999999925526e-01 4.000000000000000000e+02 -5.945828312751759768e+02 -6.014405455618673386e+02 1.735000000000000098e+00
-6.012118474712229954e+02 1.235981333786797975e+00 -8.674999999999924993e-01 4.000000000000000000e+02 -5.929013184226847670e+02 -5.997615327093760698e+02 9.050000000000000266e-01
-5.995508695423267227e+02 1.433608100326569490e+00 -8.699999999999924460e-01 4.000000000000000000e+02 -5.926953784518086650e+02 -5.995580927385000223e+02 1.090000000000000080e+00
-5.988613274380472831e+02 7.926267964097410967e-01 -8.724999999999923928e-01 4.000000000000000000e+02 -5.925832404721222701e+02 -5.994484547588135683e+02 5.949999999999999734e-01
-5.984192591558107779e+02 6.507114726537149840e-01 -8.749999999999923395e-01 4.000000000000000000e+02 -5.919592805967756703e+02 -5.988269948834670231e+02 1.195000000000000062e+00
-5.979093411612722093e+02 8.854651237749873172e-01 -8.774999999999922862e-01 4.000000000000000000e+02 -5.913503105542450839e+02 -5.982205248409363776e+02 3.449999999999999734e-01
-5.973597299361598516e+02 9.937733494162095393e-01 -8.799999999999922329e-01 4.000000000000000000e+02 -5.828787863939578529e+02 -5.897515006806492011e+02 2.500000000000000000e-01
-5.897510044538003058e+02 1.685637224884629193e+00 -8.824999999999921796e-01 4.000000000000000000e+02 -5.813604057018472986e+02 -5.882356199885385877e+02 3.549999999999999822e-01
-5.880369956370183218e+02 1.580933573970357831e+00 -8.849999999999921263e-01 4.000000000000000000e+02 -5.799184477360394112e+02 -5.867961620227307549e+02 1.399999999999999911e+00
-5.865421843013338048e+02 1.781057839570978185e+00 -8.874999999999920730e-01 4.000000000000000000e+02 -5.788799160114130018e+02 -5.857601302981042863e+02 4.249999999999999889e-01
-5.853834313914197764e+02 1.322235574866861052e+00 -8.899999999999920197e-01 4.000000000000000000e+02 -5.764175695140461357e+02 -5.833002838007374748e+02 1.790000000000000036e+00
-5.831829118706932604e+02 1.900841492564831814e+00 -8.924999999999919664e-01 4.000000000000000000e+02 -5.738367282820803439e+02 -5.807219425687716239e+02 8.000000000000000444e-01
-5.806400380456658468e+02 2.400484004905894864e+00 -8.949999999999919131e-01 4.000000000000000000e+02 -5.721455537474879520e+02 -5.790332680341792866e+02 5.350000000000000311e-01
-5.788505013326498556e+02 2.406668456307298865e+00 -8.974999999999918598e-01 4.000000000000000000e+02 -5.650406384938335123e+02 -5.719308527805247877e+02 1.985000000000000098e+00
-5.719298650912782023e+02 4.179407978487494901e+00 -8.999999999999918066e-01 4.000000000000000000e+02 -5.639317374187675114e+02 -5.708244517054588414e+02 1.205000000000000071e+00
-5.705384655758133476e+02 3.131290423170686843e+00 -9.024999999999917533e-01 4.000000000000000000e+02 -5.575404609930212700e+02 -5.644356752797125409e+02 9.150000000000000355e-01
-5.644334411590422178e+02 2.522219133451885309e+00 -9.049999999999917000e-01 4.000000000000000000e+02 -5.569983392115708511e+02 -5.638960534982621766e+02 1.110000000000000098e+00
-5.634359281371928319e+02 9.616205528847069361e-01 -9.074999999999916467e-01 4.000000000000000000e+02 -5.540573647625254807e+02 -5.609575790492167471e+02 1.465000000000000080e+00
-5.608770303841999976e+02 1.250275494261102516e+00 -9.099999999999915934e-01 4.000000000000000000e+02 -5.537615430333850099e+02 -5.606642573200763309e+02 8.149999999999999467e-01
-5.600718482673057679e+02 9.836294477179293727e-01 -9.124999999999915401e-01 4.000000000000000000e+02 -5.530704069035003840e+02 -5.599756211901916458e+02 1.199999999999999956e+00
-5.593294305381854201e+02 1.457779331250971255e+00 -9.149999999999914868e-01 4.000000000000000000e+02 -5.524093883001156655e+02 -5.593171025868069819e+02 7.099999999999999645e-01
-5.586301003847584070e+02 1.251007234645186594e+00 -9.174999999999914335e-01 4.000000000000000000e+02 -5.467725717677062676e+02 -5.536827860543975248e+02 6.350000000000000089e-01
-5.536757086998647992e+02 1.912205795280834231e+00 -9.199999999999913802e-01 4.000000000000000000e+02 -5.407499942156815678e+02 -5.476627085023728796e+02 1.360000000000000098e+00
-5.476602647542939621e+02 2.587262591220484520e+00 -9.224999999999913269e-01 4.000000000000000000e+02 -5.401026737889977767e+02 -5.470178880756890294e+02 6.350000000000000089e-01
-5.465952114672497828e+02 1.797395845577435924e+00 -9.249999999999912736e-01 4.000000000000000000e+02 -5.326435160920481167e+02 -5.395612303787394239e+02 1.350000000000000089e-01
-5.395603493511659963e+02 2.596665695045592859e+00 -9.274999999999912204e-01 4.000000000000000000e+02 -5.300877505545648773e+02 -5.370079648412561255e+02 1.094999999999999973e+00
-5.369329541254907099e+02 2.908831983117784237e+00 -9.299999999999911671e-01 4.000000000000000000e+02 -5.280730136126851448e+02 -5.349957278993764476e+02 2.000000000000000042e-02
-5.348611068834095477e+02 1.403773483195429606e+00 -9.324999999999911138e-01 4.000000000000000000e+02 -5.274531290244801767e+02 -5.343783433111715340e+02 1.320000000000000062e+00
-5.338977239166105164e+02 1.017032664894241156e+00 -9.349999999999910605e-01 4.000000000000000000e+02 -5.223208683484234598e+02 -5.292485826351147580e+02 6.850000000000000533e-01
-5.292390583195660838e+02 2.334422658342487189e+00 -9.374999999999910072e-01 4.000000000000000000e+02 -5.202647386606840882e+02 -5.271949529473754410e+02 1.070000000000000062e+00
-5.270731814416873249e+02 2.776161897597475559e+00 -9.399999999999909539e-01 4.000000000000000000e+02 -5.190972362755042013e+02 -5.260299505621954950e+02 5.649999999999999467e-01
-5.257281329524098510e+02 1.508498037897300970e+00 -9.424999999999909006e-01 4.000000000000000000e+02 -5.184442551995728081e+02 -5.253794694862641563e+02 1.650000000000000078e-01
-5.248455346146388365e+02 1.341164413628017194e+00 -9.449999999999908473e-01 4.000000000000000000e+02 -5.163078149595341984e+02 -5.232455292462254874e+02 3.350000000000000200e-01
-5.230616294071298853e+02 1.164392532063531771e+00 -9.474999999999907940e-01 4.000000000000000000e+02 -5.093588293339903430e+02 -5.162990436206816867e+02 4.349999999999999978e-01
-5.162978880530802144e+02 3.652024916055935932e+00 -9.499999999999907407e-01 4.000000000000000000e+02 -5.079014978552602315e+02 -5.148442121419515161e+02 3.549999999999999822e-01
-5.146341865671627147e+02 3.037178369339182726e+00 -9.524999999999906874e-01 4.000000000000000000e+02 -5.056090651877645428e+02 -5.125542794744558250e+02 5.500000000000000028e-02
-5.124365481559894988e+02 2.860592888504656095e+00 -9.549999999999906342e-01 4.000000000000000000e+02 -4.993153194516166309e+02 -5.062630337383079109e+02 8.299999999999999600e-01
-5.062609520071912925e+02 5.496209176780323169e+00 -9.574999999999905809e-01 4.000000000000000000e+02 -4.983797412991933129e+02 -5.053299555858845906e+02 1.034999999999999920e+00
-5.049976629541912416e+02 4.124804972997057284e+00 -9.599999999999905276e-01 4.000000000000000000e+02 -4.960830310962525118e+02 -5.030357453829437873e+02 5.050000000000000044e-01
-5.029042009610762989e+02 3.366498422016759751e+00 -9.624999999999904743e-01 4.000000000000000000e+02 -4.952596577791285313e+02 -5.022148720658198613e+02 7.850000000000000311e-01
-5.018081325753347528e+02 3.577619992738592991e+00 -9.649999999999904210e-01 4.000000000000000000e+02 -4.944967620545870659e+02 -5.014544763412783936e+02 7.950000000000000400e-01
-5.009226039882305486e+02 1.578435686054500131e+00 -9.674999999999903677e-01 4.000000000000000000e+02 -4.938392599157417067e+02 -5.007994742024330321e+02 1.830000000000000071e+00
-5.001659979927018753e+02 1.804228739764730527e+00 -9.699999999999903144e-01 4.000000000000000000e+02 -4.928939310956839108e+02 -4.998566453823752340e+02 1.600000000000000033e-01
-4.993062595246718161e+02 1.631124454873701390e+00 -9.724999999999902611e-01 4.000000000000000000e+02 -4.918260688539701846e+02 -4.987912831406615055e+02 9.449999999999999512e-01
-4.983228340282057047e+02 8.159125484233811232e-01 -9.749999999999902078e-01 4.000000000000000000e+02 -4.906257782099012843e+02 -4.975934924965926029e+02 1.915000000000000036e+00
-4.971999472037755368e+02 1.102699440455182422e+00 -9.774999999999901545e-01 4.000000000000000000e+02 -4.811184118096806515e+02 -4.880886260963719678e+02 1.749999999999999889e-01
-4.880885156937096667e+02 4.076417834483016200e+00 -9.799999999999901013e-01 4.000000000000000000e+02 -4.797092768352268877e+02 -4.866819911219182018e+02 6.450000000000000178e-01
-4.864628610042483956e+02 2.854820605663274780e+00 -9.824999999999900480e-01 4.000000000000000000e+02 -4.773047324763850270e+02 -4.842799467630763388e+02 1.594999999999999973e+00
-4.841731459632056840e+02 3.737287881523291944e+00 -9.849999999999899947e-01 4.000000000000000000e+02 -4.750097756075531947e+02 -4.819874898942445043e+02 5.350000000000000311e-01
-4.818809664867723086e+02 8.144360651404536355e-01 -9.874999999999899414e-01 4.000000000000000000e+02 -4.745592930266068379e+02 -4.815395073132981452e+02 1.084999999999999964e+00
-4.810025856814212375e+02 1.011837738809322929e+00 -9.899999999999898881e-01 4.000000000000000000e+02 -4.745054441852118998e+02 -4.814881584719032048e+02 1.639999999999999902e+00
-4.805230373529283270e+02 7.373315921753929025e-01 -9.924999999999898348e-01 4.000000000000000000e+02 -4.725564073056389702e+02 -4.795416215923302730e+02 1.459999999999999964e+00
-4.792233277837144101e+02 1.192195049155072128e+00 -9.949999999999897815e-01 4.000000000000000000e+02 -4.722652665743500506e+02 -4.792529808610413511e+02 1.270000000000000018e+00
-4.785448972327203023e+02 1.214720752294910167e+00 -9.974999999999897282e-01 4.000000000000000000e+02 -4.710514448990392680e+02 -4.780416591857305662e+02 8.100000000000000533e-01
-4.775688034643018227e+02 7.045946968895894225e-01 -9.999999999999896749e-01 4.000000000000000000e+02 -4.708114567482540451e+02 -4.778041710349453410e+02 8.900000000000000133e-01
-4.769864312576075349e+02 7.109974650930975804e-01 -1.002499999999989733e+00 4.000000000000000000e+02 -4.658833200732030377e+02 -4.728785343598943314e+02 6.099999999999999867e-01
-4.728622257530492448e+02 1.829534438108791683e+00 -1.004999999999989679e+00 4.000000000000000000e+02 -4.654410537027443411e+02 -4.724387679894356324e+02 1.794999999999999929e+00
-4.719351006266521722e+02 1.535360803396564222e+00 -1.007499999999989626e+00 4.000000000000000000e+02 -4.650027617671422604e+02 -4.720029760538335495e+02 5.999999999999999778e-01
-4.712753153859946451e+02 1.577075773760996613e+00 -1.009999999999989573e+00 4.000000000000000000e+02 -4.564144948522560981e+02 -4.634172091389473849e+02 7.700000000000000178e-01
-4.634168226083464219e+02 4.161334559046106385e+00 -1.012499999999989519e+00 4.000000000000000000e+02 -4.508459627858546810e+02 -4.578511770725459655e+02 7.850000000000000311e-01
-4.578473572680853181e+02 5.073181794731941530e+00 -1.014999999999989466e+00 4.000000000000000000e+02 -4.484955336815835949e+02 -4.555032479682748772e+02 3.850000000000000089e-01
-4.554116422676951288e+02 3.605313370284930041e+00 -1.017499999999989413e+00 4.000000000000000000e+02 -4.471508567807019290e+02 -4.541610710673932090e+02 1.834999999999999964e+00
-4.539092691641978945e+02 2.999129139381140785e+00 -1.019999999999989360e+00 4.000000000000000000e+02 -4.453562502566109060e+02 -4.523689645433021838e+02 1.399999999999999911e+00
-4.521747837474193261e+02 1.742858046207626632e+00 -1.022499999999989306e+00 4.000000000000000000e+02 -4.449131725765622036e+02 -4.519283868632534791e+02 1.540000000000000036e+00
-4.513508683166436981e+02 8.499887904146422590e-01 -1.024999999999989253e+00 4.000000000000000000e+02 -4.430042617101022984e+02 -4.500219759967935715e+02 7.499999999999999722e-02
-4.497870854090168677e+02 1.412388027603631580e+00 -1.027499999999989200e+00 4.000000000000000000e+02 -4.414259032406178562e+02 -4.484461175273091840e+02 1.709999999999999964e+00
-4.482137428299856765e+02 1.986725314484733884e+00 -1.029999999999989146e+00 4.000000000000000000e+02 -4.403737844623664728e+02 -4.473964987490577982e+02 6.500000000000000222e-01
-4.470307124540125869e+02 2.380902547159730265e+00 -1.032499999999989093e+00 4.000000000000000000e+02 -4.397242080162773732e+02 -4.467494223029686964e+02 5.350000000000000311e-01
-4.461870621157731875e+02 2.016599233476412678e+00 -1.034999999999989040e+00 4.000000000000000000e+02 -4.360461578461705585e+02 -4.430738721328618794e+02 1.854999999999999982e+00
-4.430303731750935867e+02 1.106141180764512066e+00 -1.037499999999988987e+00 4.000000000000000000e+02 -4.341473880712835012e+02 -4.411776023579748198e+02 1.084999999999999964e+00
-4.410319429754634371e+02 1.556439694444236244e+00 -1.039999999999988933e+00 4.000000000000000000e+02 -4.341363722726149490e+02 -4.411690865593062654e+02 5.200000000000000178e-01
-4.404050183816656272e+02 9.860533260784863918e-01 -1.042499999999988880e+00 4.000000000000000000e+02 -4.308002119178287899e+02 -4.378354262045201040e+02 1.610000000000000098e+00
-4.377616491484314452e+02 1.505731988759902995e+00 -1.044999999999988827e+00 4.000000000000000000e+02 -4.305898955339889653e+02 -4.376276098206802772e+02 1.659999999999999920e+00
-4.369992381655442841e+02 1.416632534507283436e+00 -1.047499999999988773e+00 4.000000000000000000e+02 -4.303123835237097978e+02 -4.373525978104011074e+02 2.399999999999999911e-01
-4.364672434599565349e+02 1.175670937016356055e+00 -1.049999999999988720e+00 4.000000000000000000e+02 -4.300060211990673906e+02 -4.370487354857586979e+02 1.679999999999999938e+00
-4.360231580710644153e+02 6.546586789911678084e-01 -1.052499999999988667e+00 4.000000000000000000e+02 -4.268688273442391505e+02 -4.339140416309304555e+02 9.649999999999999689e-01
-4.337995126530730090e+02 1.603922429246372294e+00 -1.054999999999988614e+00 4.000000000000000000e+02 -4.228033482800262277e+02 -4.298510625667175304e+02 1.504999999999999893e+00
-4.298319615894030221e+02 3.051216940607706096e+00 -1.057499999999988560e+00 4.000000000000000000e+02 -4.208044075466796698e+02 -4.278546218333709703e+02 1.034999999999999920e+00
-4.277249655431345445e+02 3.374850263755199364e+00 -1.059999999999988507e+00 4.000000000000000000e+02 -4.207157408714139137e+02 -4.277684551581052119e+02 9.449999999999999512e-01
-4.270533267703625029e+02 2.573931342133045419e+00 -1.062499999999988454e+00 4.000000000000000000e+02 -4.204617227748806272e+02 -4.275169370615719231e+02 2.449999999999999956e-01
-4.265653551387899256e+02 6.875710279566555894e-01 -1.064999999999988400e+00 4.000000000000000000e+02 -4.195101579797848217e+02 -4.265678722664761153e+02 9.749999999999999778e-01
-4.258734657300818185e+02 7.067505630458494892e-01 -1.067499999999988347e+00 4.000000000000000000e+02 -4.186408309282419964e+02 -4.257010452149332878e+02 3.800000000000000044e-01
-4.250903967817331477e+02 7.574105054477756616e-01 -1.069999999999988294e+00 4.000000000000000000e+02 -4.129807706909850253e+02 -4.200434849776763144e+02 7.650000000000000133e-01
-4.200370763992340244e+02 2.144716851798603496e+00 -1.072499999999988241e+00 4.000000000000000000e+02 -4.113802738948694468e+02 -4.184454881815607337e+02 3.950000000000000178e-01
-4.182601694619730210e+02 1.680000435638124179e+00 -1.074999999999988187e+00 4.000000000000000000e+02 -4.068516485536352434e+02 -4.139193628403265279e+02 1.915000000000000036e+00
-4.139064209323715318e+02 2.444461436303535518e+00 -1.077499999999988134e+00 4.000000000000000000e+02 -4.057278946436205160e+02 -4.127981089303117983e+02 1.445000000000000062e+00
-4.125128429800594745e+02 1.807411773811705924e+00 -1.079999999999988081e+00 4.000000000000000000e+02 -4.036236074214979226e+02 -4.106963217081892026e+02 3.800000000000000044e-01
-4.105456711099440668e+02 2.488006018607183734e+00 -1.082499999999988027e+00 4.000000000000000000e+02 -4.003670088598222492e+02 -4.074422231465135269e+02 1.849999999999999978e-01
-4.073983075658774169e+02 2.249025074040564398e+00 -1.084999999999987974e+00 4.000000000000000000e+02 -3.969125777407662099e+02 -4.039902920274574853e+02 7.299999999999999822e-01
-4.039577214211078626e+02 1.958094295232231552e+00 -1.087499999999987921e+00 4.000000000000000000e+02 -3.961117178482663803e+02 -4.031919321349576535e+02 5.649999999999999467e-01
-4.028100995587834632e+02 2.251171395390242580e+00 -1.089999999999987867e+00 4.000000000000000000e+02 -3.951843328087511509e+02 -4.022670470954424786e+02 1.254999999999999893e+00
-4.018090071548123206e+02 1.224620565965820917e+00 -1.092499999999987814e+00 4.000000000000000000e+02 -3.942875524171000166e+02 -4.013727667037913420e+02 4.600000000000000200e-01
-4.008741377996926758e+02 1.276657426818247565e+00 -1.094999999999987761e+00 4.000000000000000000e+02 -3.939355490700321525e+02 -4.010232633567234757e+02 1.084999999999999964e+00
-4.002527761656359075e+02 9.105064977737983289e-01 -1.097499999999987708e+00 4.000000000000000000e+02 -3.867892306291437876e+02 -3.938794449158351085e+02 7.399999999999999911e-01
-3.938777399051073189e+02 3.264591331158584797e+00 -1.099999999999987654e+00 4.000000000000000000e+02 -3.852939921916005801e+02 -3.923867064782918987e+02 1.719999999999999973e+00
-3.921836514614678322e+02 3.834351832617017397e+00 -1.102499999999987601e+00 4.000000000000000000e+02 -3.852386389576151373e+02 -3.923338532443064537e+02 1.034999999999999920e+00
-3.915627877473361877e+02 4.039877251451502893e+00 -1.104999999999987548e+00 4.000000000000000000e+02 -3.849941887134266949e+02 -3.920919030001180090e+02 5.150000000000000133e-01
-3.910996035887076232e+02 3.988126787953275354e+00 -1.107499999999987494e+00 4.000000000000000000e+02 -3.841544444810635355e+02 -3.912546587677548473e+02 1.044999999999999929e+00
-3.904809817398224823e+02 3.478414305404204043e+00 -1.109999999999987441e+00 4.000000000000000000e+02 -3.836578065122944281e+02 -3.907605207989857377e+02 1.665000000000000036e+00
-3.899178679664933611e+02 3.087390281006379578e+00 -1.112499999999987388e+00 4.000000000000000000e+02 -3.802785611737226077e+02 -3.873837754604139150e+02 2.700000000000000178e-01
-3.873074315713058127e+02 3.758634442062916747e+00 -1.114999999999987335e+00 4.000000000000000000e+02 -3.802003233960225543e+02 -3.873080376827138593e+02 6.350000000000000089e-01
-3.866145874005285350e+02 1.442308267942568278e+00 -1.117499999999987281e+00 4.000000000000000000e+02 -3.798256544134770820e+02 -3.869358687001683847e+02 1.169999999999999929e+00
-3.860692332749953266e+02 1.127495516293619549e+00 -1.119999999999987228e+00 4.000000000000000000e+02 -3.763054311245890062e+02 -3.834181454112803067e+02 2.250000000000000056e-01
-3.833499500881877111e+02 2.371483538788548007e+00 -1.122499999999987175e+00 4.000000000000000000e+02 -3.748295530047437296e+02 -3.819447672914350278e+02 1.449999999999999900e-01
-3.817253729931937869e+02 1.494788462113510796e+00 -1.124999999999987121e+00 4.000000000000000000e+02 -3.748105001324586851e+02 -3.819282144191499810e+02 1.844999999999999973e+00
-3.811285122380839994e+02 1.132784034025787312e+00 -1.127499999999987068e+00 4.000000000000000000e+02 -3.740312241423794717e+02 -3.811514384290707653e+02 1.114999999999999991e+00
-3.804467624531771435e+02 7.457951808472611521e-01 -1.129999999999987015e+00 4.000000000000000000e+02 -3.738599816876812270e+02 -3.809826959743725183e+02 8.499999999999999778e-01
-3.799861005658440263e+02 5.102426327198693601e-01 -1.132499999999986962e+00 4.000000000000000000e+02 -3.719471495925063778e+02 -3.790723638791976668e+02 6.899999999999999467e-01
-3.787351612494985034e+02 1.067959673258188191e+00 -1.134999999999986908e+00 4.000000000000000000e+02 -3.716209818834807947e+02 -3.787486961701720816e+02 1.610000000000000098e+00
-3.780487586301904344e+02 1.129748408828562090e+00 -1.137499999999986855e+00 4.000000000000000000e+02 -3.707989925161147653e+02 -3.779292068028060498e+02 5.550000000000000488e-01
-3.772940500189527029e+02 1.094160767486380026e+00 -1.139999999999986802e+00 4.000000000000000000e+02 -3.696779883795890100e+02 -3.768107026662802923e+02 1.049999999999999961e-01
-3.763303060019839563e+02 1.462533657464427872e+00 -1.142499999999986748e+00 4.000000000000000000e+02 -3.687215825625671641e+02 -3.758567968492584441e+02 1.050000000000000044e+00
-3.753726358578475697e+02 7.745281629004463486e-01 -1.144999999999986695e+00 4.000000000000000000e+02 -3.676375244311385586e+02 -3.747752387178298363e+02 1.199999999999999956e-01
-3.743368276851348355e+02 9.694313184037803843e-01 -1.147499999999986642e+00 4.000000000000000000e+02 -3.671827327985442366e+02 -3.743229470852355121e+02 1.219999999999999973e+00
-3.736367161209368533e+02 9.419893616127801295e-01 -1.149999999999986589e+00 4.000000000000000000e+02 -3.655571287910733531e+02 -3.726998430777646263e+02 7.299999999999999822e-01
-3.723692084012487271e+02 9.837213301666359877e-01 -1.152499999999986535e+00 4.000000000000000000e+02 -3.638317492417062908e+02 -3.709769635283976186e+02 4.099999999999999756e-01
-3.707550072501132945e+02 1.952514742791789493e+00 -1.154999999999986482e+00 4.000000000000000000e+02 -3.627593032559655626e+02 -3.699070175426568881e+02 2.949999999999999845e-01
-3.695505501025850776e+02 2.195770314695658421e+00 -1.157499999999986429e+00 4.000000000000000000e+02 -3.593701251024779708e+02 -3.665203393891692940e+02 4.749999999999999778e-01
-3.664731643777566887e+02 2.291330926974488147e+00 -1.159999999999986375e+00 4.000000000000000000e+02 -3.590812436376789947e+02 -3.662339579243703156e+02 5.899999999999999689e-01
-3.656532784924069688e+02 2.422750127136554799e+00 -1.162499999999986322e+00 4.000000000000000000e+02 -3.566946000392219389e+02 -3.638498143259132576e+02 1.635000000000000009e+00
-3.636973273812938601e+02 1.864431635184655045e+00 -1.164999999999986269e+00 4.000000000000000000e+02 -3.524113506978280270e+02 -3.595690649845193434e+02 5.849999999999999645e-01
-3.595530825381864020e+02 2.268074080521144786e+00 -1.167499999999986215e+00 4.000000000000000000e+02 -3.518570590600340324e+02 -3.590172733467253465e+02 1.350000000000000089e+00
-3.585565655632533435e+02 1.608626895525008704e+00 -1.169999999999986162e+00 4.000000000000000000e+02 -3.502936645529200064e+02 -3.574563788396113182e+02 4.949999999999999956e-01
-3.571690901435722481e+02 9.860762876998389048e-01 -1.172499999999986109e+00 4.000000000000000000e+02 -3.481302580972524652e+02 -3.552954723839437747e+02 6.250000000000000000e-01
-3.551526134276293192e+02 1.523632145281780703e+00 -1.174999999999986056e+00 4.000000000000000000e+02 -3.386340544712003862e+02 -3.458017687578916934e+02 5.050000000000000044e-01
-3.458016818696735299e+02 5.597207468252560325e+00 -1.177499999999986002e+00 4.000000000000000000e+02 -3.385711918367961175e+02 -3.457414061234874225e+02 1.405000000000000027e+00
-3.450779427390560272e+02 9.733159391700948460e-01 -1.179999999999985949e+00 4.000000000000000000e+02 -3.373973995693244774e+02 -3.445701138560157801e+02 7.349999999999999867e-01
-3.440989853963383212e+02 1.175624787564599760e+00 -1.182499999999985896e+00 4.000000000000000000e+02 -3.364534531356432581e+02 -3.436286674223345585e+02 1.834999999999999964e+00
-3.431432804966893286e+02 1.220938430140549702e+00 -1.184999999999985842e+00 4.000000000000000000e+02 -3.342138925029780694e+02 -3.413916067896693676e+02 2.899999999999999800e-01
-3.412316302502727012e+02 1.764667549118290824e+00 -1.187499999999985789e+00 4.000000000000000000e+02 -3.320226142783602654e+02 -3.392028285650515613e+02 7.900000000000000355e-01
-3.390792905683046570e+02 2.558886616286526916e+00 -1.189999999999985736e+00 4.000000000000000000e+02 -3.308120014839352052e+02 -3.379947157706264989e+02 1.080000000000000071e+00
-3.377035058086996742e+02 1.936803995659991173e+00 -1.192499999999985683e+00 4.000000000000000000e+02 -3.287272255335078626e+02 -3.359124398201991539e+02 1.320000000000000062e+00
-3.357581900422478611e+02 2.512164069169722236e+00 -1.194999999999985629e+00 4.000000000000000000e+02 -3.281979667542026391e+02 -3.353856810408939282e+02 1.304999999999999938e+00
-3.348615423606984791e+02 2.670605342361020540e+00 -1.197499999999985576e+00 4.000000000000000000e+02 -3.281609501045011825e+02 -3.353511643911924693e+02 1.824999999999999956e+00
-3.343835346050803992e+02 5.117958028538697191e-01 -1.199999999999985523e+00 4.000000000000000000e+02 -3.264912981905150673e+02 -3.336840124772063518e+02 5.649999999999999467e-01
-3.332806678391894479e+02 8.261156042202607575e-01 -1.202499999999985469e+00 4.000000000000000000e+02 -3.247104016227610828e+02 -3.319056159094523650e+02 1.574999999999999956e+00
-3.316802137377410986e+02 1.605873101095814715e+00 -1.204999999999985416e+00 4.000000000000000000e+02 -3.241272873255562672e+02 -3.313250016122475472e+02 1.604999999999999982e+00
-3.307937707650063430e+02 1.682548322211206315e+00 -1.207499999999985363e+00 4.000000000000000000e+02 -3.224009563282409090e+02 -3.296011706149321867e+02 8.900000000000000133e-01
-3.293361703887277940e+02 1.878346225349309062e+00 -1.209999999999985310e+00 4.000000000000000000e+02 -3.188955830388452455e+02 -3.260982973255365209e+02 1.620000000000000107e+00
-3.260598006408922060e+02 2.787159171382087575e+00 -1.212499999999985256e+00 4.000000000000000000e+02 -3.187697135943301987e+02 -3.259749278810214719e+02 1.159999999999999920e+00
-3.253233169273501062e+02 2.864363128221627086e+00 -1.214999999999985203e+00 4.000000000000000000e+02 -3.185034986400171420e+02 -3.257112129267084129e+02 2.200000000000000011e-01
-3.248054265762898467e+02 1.336371129444846595e+00 -1.217499999999985150e+00 4.000000000000000000e+02 -3.171691110476039626e+02 -3.243793253342952880e+02 1.104999999999999982e+00
-3.238767031331795465e+02 1.300980115812960802e+00 -1.219999999999985096e+00 4.000000000000000000e+02 -3.170337304748758811e+02 -3.242464447615672043e+02 3.099999999999999978e-01
-3.233514346199810348e+02 1.331776806833084636e+00 -1.222499999999985043e+00 4.000000000000000000e+02 -3.169679824287442216e+02 -3.241831967154355425e+02 1.260000000000000009e+00
-3.229900735514008261e+02 9.312779475164928433e-01 -1.224999999999984990e+00 4.000000000000000000e+02 -3.162630509066142963e+02 -3.234807651933056150e+02 3.900000000000000133e-01
-3.225124720947627566e+02 1.060947402317456767e+00 -1.227499999999984936e+00 4.000000000000000000e+02 -3.156160709186810891e+02 -3.228362852053724055e+02 2.600000000000000089e-01
-3.219681814693664137e+02 1.325991452124014369e+00 -1.229999999999984883e+00 4.000000000000000000e+02 -3.115482511844858209e+02 -3.187709654711771350e+02 1.949999999999999956e+00
-3.187309029546110537e+02 2.252597649627497756e+00 -1.232499999999984830e+00 4.000000000000000000e+02 -3.099238930509497436e+02 -3.171491073376410554e+02 1.499999999999999944e-01
-3.169621253428442742e+02 2.299218246166723212e+00 -1.234999999999984777e+00 4.000000000000000000e+02 -3.097192896090418799e+02 -3.169470038957331894e+02 4.199999999999999845e-01
-3.162613888567307754e+02 2.330383594509772394e+00 -1.237499999999984723e+00 4.000000000000000000e+02 -3.088955475985033559e+02 -3.161257618851946631e+02 1.889999999999999902e+00
-3.154981306161315615e+02 2.590618190353195960e+00 -1.239999999999984670e+00 4.000000000000000000e+02 -3.088573419523781922e+02 -3.160900562390694972e+02 1.350000000000000089e+00
-3.150577740973614596e+02 1.108359275763415086e+00 -1.242499999999984617e+00 4.000000000000000000e+02 -3.080541201011073440e+02 -3.152893343877986467e+02 8.199999999999999512e-01
-3.144737194622902052e+02 7.258867167120860442e-01 -1.244999999999984563e+00 4.000000000000000000e+02 -3.057828039935481002e+02 -3.130205182802394006e+02 1.820000000000000062e+00
-3.128104027571388315e+02 8.954270693300716566e-01 -1.247499999999984510e+00 4.000000000000000000e+02 -3.056174887310959321e+02 -3.128577030177872302e+02 3.200000000000000067e-01
-3.121406260686377436e+02 1.008437944344980464e+00 -1.249999999999984457e+00 4.000000000000000000e+02 -3.045295405428105369e+02 -3.117722548295018328e+02 1.510000000000000009e+00
-3.112464261435995923e+02 1.184944915163303580e+00 -1.252499999999984404e+00 4.000000000000000000e+02 -3.042567082183460911e+02 -3.115019225050373848e+02 6.500000000000000222e-02
-3.106728894429153911e+02 9.603052959119516840e-01 -1.254999999999984350e+00 4.000000000000000000e+02 -3.020588209642800166e+02 -3.093065352509713080e+02 5.500000000000000028e-02
-3.090793717300996946e+02 1.137125035970909748e+00 -1.257499999999984297e+00 4.000000000000000000e+02 -3.019843785968428165e+02 -3.092345928835341056e+02 3.649999999999999911e-01
-3.084608264440474841e+02 1.501472332970777313e+00 -1.259999999999984244e+00 4.000000000000000000e+02 -2.995629599281341484e+02 -3.068156742148254352e+02 1.549999999999999989e-01
-3.066392171683070842e+02 2.240607238227068976e+00 -1.262499999999984190e+00 4.000000000000000000e+02 -2.994420661173259077e+02 -3.066972804040171923e+02 9.399999999999999467e-01
-3.059746802473687808e+02 1.322695221057059278e+00 -1.264999999999984137e+00 4.000000000000000000e+02 -2.936207161340471430e+02 -3.008784304207384253e+02 1.245000000000000107e+00
-3.008723294164244066e+02 2.487161353441605272e+00 -1.267499999999984084e+00 4.000000000000000000e+02 -2.929708469756586169e+02 -3.002310612623498969e+02 2.849999999999999756e-01
-2.998080023961872485e+02 9.809265456039397701e-01 -1.269999999999984031e+00 4.000000000000000000e+02 -2.926571392484579519e+02 -2.999198535351492296e+02 1.540000000000000036e+00
-2.991692177649611040e+02 1.096044250761323502e+00 -1.272499999999983977e+00 4.000000000000000000e+02 -2.924821311515707976e+02 -2.997473454382620730e+02 1.020000000000000018e+00
-2.987239246529902061e+02 1.110879981726864196e+00 -1.274999999999983924e+00 4.000000000000000000e+02 -2.923892935547414140e+02 -2.996570078414326872e+02 2.449999999999999956e-01
-2.983922215561374855e+02 1.283443671577448653e+00 -1.277499999999983871e+00 4.000000000000000000e+02 -2.922411865849049946e+02 -2.995114008715962655e+02 9.849999999999999867e-01
-2.981096417199976258e+02 1.251663393072495634e+00 -1.279999999999983817e+00 4.000000000000000000e+02 -2.902300400798907845e+02 -2.975027543665820531e+02 1.794999999999999929e+00
-2.970677014837197021e+02 8.555519354278573463e-01 -1.282499999999983764e+00 4.000000000000000000e+02 -2.860067658284256140e+02 -2.932819801151169372e+02 1.260000000000000009e+00
-2.932595412723361505e+02 2.482730734826074759e+00 -1.284999999999983711e+00 4.000000000000000000e+02 -2.854613061500755293e+02 -2.927390204367668503e+02 1.425000000000000044e+00
-2.922726415055930715e+02 2.286358362420877643e+00 -1.287499999999983658e+00 4.000000000000000000e+02 -2.838522002335276966e+02 -2.911324145202190152e+02 1.004999999999999893e+00
-2.908549748961532373e+02 9.324024601403958501e-01 -1.289999999999983604e+00 4.000000000000000000e+02 -2.833226737690326331e+02 -2.906053880557239495e+02 1.049999999999999961e-01
-2.900292677238681449e+02 1.161652049721819013e+00 -1.292499999999983551e+00 4.000000000000000000e+02 -2.821663458384763885e+02 -2.894515601251677026e+02 1.135000000000000009e+00
-2.890061160333920611e+02 1.498863933748996180e+00 -1.294999999999983498e+00 4.000000000000000000e+02 -2.820419156942482459e+02 -2.893296299809395578e+02 3.250000000000000111e-01
-2.884616998243747048e+02 1.199672383516535268e+00 -1.297499999999983444e+00 4.000000000000000000e+02 -2.808177826708440534e+02 -2.881079969575353630e+02 7.399999999999999911e-01
-2.875761438400639918e+02 1.403342838018925232e+00 -1.299999999999983391e+00 4.000000000000000000e+02 -2.787986144638962287e+02 -2.860913287505875360e+02 1.375000000000000000e+00
-2.858871281068267081e+02 1.858778048541512407e+00 -1.302499999999983338e+00 4.000000000000000000e+02 -2.778677881893621020e+02 -2.851630024760534070e+02 2.750000000000000222e-01
-2.847677572584777295e+02 1.970480552438902855e+00 -1.304999999999983284e+00 4.000000000000000000e+02 -2.773290866797765375e+02 -2.846268009664678402e+02 2.049999999999999878e-01
-2.840016504007253957e+02 1.239838499771217295e+00 -1.307499999999983231e+00 4.000000000000000000e+02 -2.763532785076968139e+02 -2.836534927943881144e+02 1.745000000000000107e+00
-2.831193486142043980e+02 5.873472566281882079e-01 -1.309999999999983178e+00 4.000000000000000000e+02 -2.747685304212513415e+02 -2.820712447079426397e+02 5.350000000000000311e-01
-2.817706943679436904e+02 7.675281914382597881e-01 -1.312499999999983125e+00 4.000000000000000000e+02 -2.718149254089477722e+02 -2.791201396956390681e+02 1.895000000000000018e+00
-2.790519092147528113e+02 1.723983191231652778e+00 -1.314999999999983071e+00 4.000000000000000000e+02 -2.712616368006085281e+02 -2.785693510872998218e+02 1.620000000000000107e+00
-2.780886532900779002e+02 1.404743573105130983e+00 -1.317499999999983018e+00 4.000000000000000000e+02 -2.699879495767425510e+02 -2.772981638634338424e+02 1.995000000000000107e+00
-2.769241049912411654e+02 8.091441247501679479e-01 -1.319999999999982965e+00 4.000000000000000000e+02 -2.697604418255211840e+02 -2.770731561122124731e+02 1.925000000000000044e+00
-2.763027089084142176e+02 1.062997669461352768e+00 -1.322499999999982911e+00 4.000000000000000000e+02 -2.692044246312858036e+02 -2.765196389179770904e+02 8.900000000000000133e-01
-2.757121559018786456e+02 8.983325116497835605e-01 -1.324999999999982858e+00 4.000000000000000000e+02 -2.686505418668690481e+02 -2.759682561535603327e+02 7.750000000000000222e-01
-2.751388827369988803e+02 5.566790918956632250e-01 -1.327499999999982805e+00 4.000000000000000000e+02 -2.622591599481558546e+02 -2.695793742348471369e+02 7.000000000000000666e-02
-2.695755309611660095e+02 3.131297468447701071e+00 -1.329999999999982752e+00 4.000000000000000000e+02 -2.619139706891114656e+02 -2.692366849758027456e+02 1.729999999999999982e+00
-2.686986768523658498e+02 2.855316948472924388e+00 -1.332499999999982698e+00 4.000000000000000000e+02 -2.602053270963721729e+02 -2.675305413830634507e+02 3.200000000000000067e-01
-2.672597922395506203e+02 2.230033650658214128e+00 -1.334999999999982645e+00 4.000000000000000000e+02 -2.601157071165709453e+02 -2.674434214032622208e+02 1.205000000000000071e+00
-2.666542505908063276e+02 2.273775176659273978e+00 -1.337499999999982592e+00 4.000000000000000000e+02 -2.599748034055886023e+02 -2.673050176922798755e+02 1.739999999999999991e+00
-2.662344582965861264e+02 1.242839998864515794e+00 -1.339999999999982538e+00 4.000000000000000000e+02 -2.596860427850223800e+02 -2.670187570717136509e+02 1.925000000000000044e+00
-2.658584634305575491e+02 8.268508786728793192e-01 -1.342499999999982485e+00 4.000000000000000000e+02 -2.575099018364712151e+02 -2.648451161231624837e+02 6.199999999999999956e-01
-2.645354266022518459e+02 9.488846365318558407e-01 -1.344999999999982432e+00 4.000000000000000000e+02 -2.574636058293399969e+02 -2.648013201160313201e+02 7.800000000000000266e-01
-2.639664146697811020e+02 1.036277277745380809e+00 -1.347499999999982379e+00 4.000000000000000000e+02 -2.569700242666939403e+02 -2.643102385533852612e+02 2.149999999999999967e-01
-2.634304747898104893e+02 1.390277174935993232e+00 -1.349999999999982325e+00 4.000000000000000000e+02 -2.566159266814153170e+02 -2.639586409681066357e+02 1.979999999999999982e+00
-2.629669386821153694e+02 1.083798119247579406e+00 -1.352499999999982272e+00 4.000000000000000000e+02 -2.556380027021609180e+02 -2.629832169888522344e+02 1.229999999999999982e+00
-2.622818975323807535e+02 1.266527047661244909e+00 -1.354999999999982219e+00 4.000000000000000000e+02 -2.545598344142958069e+02 -2.619075487009870926e+02 1.155000000000000027e+00
-2.613841601429407433e+02 1.380001412813068651e+00 -1.357499999999982165e+00 4.000000000000000000e+02 -2.535941674687622367e+02 -2.609443817554535485e+02 1.504999999999999893e+00
-2.604471404845695588e+02 8.786001486117790416e-01 -1.359999999999982112e+00 4.000000000000000000e+02 -2.529709508974276275e+02 -2.603236651841189087e+02 6.750000000000000444e-01
-2.596903510944790128e+02 1.057616511687700545e+00 -1.362499999999982059e+00 4.000000000000000000e+02 -2.509931090230105895e+02 -2.583483233097018683e+02 6.550000000000000266e-01
-2.581161682919722011e+02 1.316544951367209837e+00 -1.364999999999982006e+00 4.000000000000000000e+02 -2.508915009886107441e+02 -2.582492152753020491e+02 1.719999999999999973e+00
-2.574873335456774726e+02 9.259873411326401405e-01 -1.367499999999981952e+00 4.000000000000000000e+02 -2.488035373537184114e+02 -2.561637516404097141e+02 3.099999999999999978e-01
-2.559277470201336087e+02 1.506392125340063615e+00 -1.369999999999981899e+00 4.000000000000000000e+02 -2.478713167042237160e+02 -2.552340309909150164e+02 1.834999999999999964e+00
-2.548287554630743728e+02 1.260977270791886928e+00 -1.372499999999981846e+00 4.000000000000000000e+02 -2.478012831216960024e+02 -2.551664974083873005e+02 9.250000000000000444e-01
-2.542902878117214982e+02 7.516490756073751500e-01 -1.374999999999981792e+00 4.000000000000000000e+02 -2.476095652821833255e+02 -2.549772795688746214e+02 5.749999999999999556e-01
-2.538827666830209182e+02 8.874876211262853198e-01 -1.377499999999981739e+00 4.000000000000000000e+02 -2.474543456444785079e+02 -2.548245599311698015e+02 3.099999999999999978e-01
-2.535535147570633399e+02 5.948925288419005808e-01 -1.379999999999981686e+00 4.000000000000000000e+02 -2.462764695052561592e+02 -2.536491837919474506e+02 1.469999999999999973e+00
-2.529070584594490754e+02 6.412386832395562397e-01 -1.382499999999981632e+00 4.000000000000000000e+02 -2.447540576314619045e+02 -2.521292719181531936e+02 1.655000000000000027e+00
-2.517512315897312760e+02 9.519149043881897088e-01 -1.384999999999981579e+00 4.000000000000000000e+02 -2.420281469665727627e+02 -2.494058612532640495e+02 2.550000000000000044e-01
-2.493143658742154969e+02 1.629031363931690457e+00 -1.387499999999981526e+00 4.000000000000000000e+02 -2.419835234517445315e+02 -2.493637377384358160e+02 2.500000000000000139e-02
-2.486455999590855015e+02 1.334465658755976447e+00 -1.389999999999981473e+00 4.000000000000000000e+02 -2.416241456468881950e+02 -2.490068599335794772e+02 1.350000000000000089e-01
-2.481168571164919285e+02 1.323087858291253083e+00 -1.392499999999981419e+00 4.000000000000000000e+02 -2.403321415829370267e+02 -2.477173558696283067e+02 1.705000000000000071e+00
-2.472041404315561977e+02 1.128714492366880373e+00 -1.394999999999981366e+00 4.000000000000000000e+02 -2.391241185712454467e+02 -2.465118328579367528e+02 1.514999999999999902e+00
-2.461060878025144802e+02 1.071016237946769811e+00 -1.397499999999981313e+00 4.000000000000000000e+02 -2.376686742700797197e+02 -2.450588885567710236e+02 2.999999999999999889e-01
-2.447581032978571329e+02 1.382015959288903639e+00 -1.399999999999981259e+00 4.000000000000000000e+02 -2.368403481481402082e+02 -2.442330624348315098e+02 1.100000000000000006e-01
-2.437683658680886651e+02 5.156027027330734036e-01 -1.402499999999981206e+00 4.000000000000000000e+02 -2.366090309334555286e+02 -2.440042452201468279e+02 1.449999999999999956e+00
-2.431862195438805543e+02 7.457453905624311652e-01 -1.404999999999981153e+00 4.000000000000000000e+02 -2.360570110997293227e+02 -2.434547253864206198e+02 1.745000000000000107e+00
-2.426183403033358843e+02 9.956345819510622475e-01 -1.407499999999981100e+00 4.000000000000000000e+02 -2.345993551269522186e+02 -2.419995694136435134e+02 1.364999999999999991e+00
-2.415686925778115608e+02 9.246783114053707120e-01 -1.409999999999981046e+00 4.000000000000000000e+02 -2.345676176525862786e+02 -2.419703319392775711e+02 8.500000000000000611e-02
-2.410563348985812127e+02 1.142754759840495460e+00 -1.412499999999980993e+00 4.000000000000000000e+02 -2.341358765684143748e+02 -2.415410908551056650e+02 1.185000000000000053e+00
-2.405764753290853832e+02 8.363826142487784665e-01 -1.414999999999980940e+00 4.000000000000000000e+02 -2.332694362521754670e+02 -2.406771505388667549e+02 1.969999999999999973e+00
-2.399323993508651256e+02 8.896786864847719967e-01 -1.417499999999980886e+00 4.000000000000000000e+02 -2.328511997979794614e+02 -2.402614140846707471e+02 1.800000000000000044e+00
-2.393902887958186625e+02 6.392095430149196122e-01 -1.419999999999980833e+00 4.000000000000000000e+02 -2.326304086162361671e+02 -2.400431229029274505e+02 2.999999999999999889e-01
-2.389712046244558223e+02 4.762443521168278626e-01 -1.422499999999980780e+00 4.000000000000000000e+02 -2.322554977623244383e+02 -2.396707120490157195e+02 1.949999999999999956e+00
-2.385678551061175767e+02 5.287905281198529428e-01 -1.424999999999980727e+00 4.000000000000000000e+02 -2.314187879255699727e+02 -2.388365022122612800e+02 1.155000000000000027e+00
-2.380000370689618023e+02 5.771838797552959477e-01 -1.427499999999980673e+00 4.000000000000000000e+02 -2.310133518143104254e+02 -2.384335661010017304e+02 1.975000000000000089e+00
-2.375003426842469594e+02 5.088634365123348990e-01 -1.429999999999980620e+00 4.000000000000000000e+02 -2.293945685199814477e+02 -2.368172828066727504e+02 8.649999999999999911e-01
-2.364084439456316034e+02 8.041213539173750480e-01 -1.432499999999980567e+00 4.000000000000000000e+02 -2.286650317793541944e+02 -2.360902460660454949e+02 4.050000000000000266e-01
-2.355435946247377785e+02 9.934006926267310300e-01 -1.434999999999980513e+00 4.000000000000000000e+02 -2.282481896039186893e+02 -2.356759038906099875e+02 7.399999999999999911e-01
-2.349144154536231781e+02 1.005381822643284684e+00 -1.437499999999980460e+00 4.000000000000000000e+02 -2.272219344973103432e+02 -2.346521487840016391e+02 3.400000000000000244e-01
-2.340815614918219580e+02 1.077761947042008117e+00 -1.439999999999980407e+00 4.000000000000000000e+02 -2.263314675182537030e+02 -2.337641818049449967e+02 5.699999999999999512e-01
-2.332171857288131775e+02 7.934565416512002756e-01 -1.442499999999980353e+00 4.000000000000000000e+02 -2.260498052005064835e+02 -2.334850194871977749e+02 1.830000000000000071e+00
-2.326490152362567301e+02 6.625802833695439986e-01 -1.444999999999980300e+00 4.000000000000000000e+02 -2.247982497900807743e+02 -2.322359640767720634e+02 1.314999999999999947e+00
-2.317281659712826638e+02 7.074671248451680494e-01 -1.447499999999980247e+00 4.000000000000000000e+02 -2.240130330673489425e+02 -2.314532473540402293e+02 1.225000000000000089e+00
-2.308881415542280706e+02 1.002084582536060475e+00 -1.449999999999980194e+00 4.000000000000000000e+02 -2.237226893730312440e+02 -2.311654036597225286e+02 1.544999999999999929e+00
-2.303240467646427305e+02 1.020149790014206026e+00 -1.452499999999980140e+00 4.000000000000000000e+02 -2.232566322855019223e+02 -2.307018465721932046e+02 5.649999999999999467e-01
-2.298020630095873571e+02 8.780050650881692231e-01 -1.454999999999980087e+00 4.000000000000000000e+02 -2.221490462469405713e+02 -2.295967605336318513e+02 1.675000000000000044e+00
-2.290010051796533617e+02 9.161327246479787911e-01 -1.457499999999980034e+00 4.000000000000000000e+02 -2.212467008860197382e+02 -2.286969151727110443e+02 2.849999999999999756e-01
-2.281442984170509760e+02 1.002564131606211495e+00 -1.459999999999979980e+00 4.000000000000000000e+02 -2.174994414512538583e+02 -2.249521557379451622e+02 1.550000000000000044e+00
-2.249118935026763779e+02 1.536849649657322736e+00 -1.462499999999979927e+00 4.000000000000000000e+02 -2.164732971407270838e+02 -2.239285114274183854e+02 2.399999999999999911e-01
-2.236107532744946127e+02 1.487080293515127716e+00 -1.464999999999979874e+00 4.000000000000000000e+02 -2.147546753699735405e+02 -2.222123896566648398e+02 1.540000000000000036e+00
-2.219916483314596292e+02 1.396595190655050445e+00 -1.467499999999979821e+00 4.000000000000000000e+02 -2.136442581004633610e+02 -2.211044723871546580e+02 8.299999999999999600e-01
-2.207595947844039017e+02 1.330244017300979742e+00 -1.469999999999979767e+00 4.000000000000000000e+02 -2.134536762362620266e+02 -2.209163905229533214e+02 1.635000000000000009e+00
-2.201417755030230410e+02 1.040020664965644936e+00 -1.472499999999979714e+00 4.000000000000000000e+02 -2.132372737582631999e+02 -2.207024880449544924e+02 8.649999999999999911e-01
-2.196901890597538340e+02 8.320064085018129552e-01 -1.474999999999979661e+00 4.000000000000000000e+02 -2.129265220011242263e+02 -2.203942362878155166e+02 1.979999999999999982e+00
-2.192883441156183721e+02 7.466213613749853595e-01 -1.477499999999979607e+00 4.000000000000000000e+02 -2.110985036405157587e+02 -2.185687179272070466e+02 5.550000000000000488e-01
-2.181720014815497848e+02 8.262072800291402341e-01 -1.479999999999979554e+00 4.000000000000000000e+02 -2.101290526425481744e+02 -2.176017669292394601e+02 1.110000000000000098e+00
-2.171536301406034113e+02 9.180781047399351191e-01 -1.482499999999979501e+00 4.000000000000000000e+02 -2.095593568590008431e+02 -2.170345711456921265e+02 2.899999999999999800e-01
-2.163991826275864696e+02 5.934746233834685691e-01 -1.484999999999979448e+00 4.000000000000000000e+02 -2.088749850386884361e+02 -2.163526993253797173e+02 1.294999999999999929e+00
-2.156825237330623395e+02 6.624920818401499600e-01 -1.487499999999979394e+00 4.000000000000000000e+02 -2.074081200737029462e+02 -2.148883343603942251e+02 1.729999999999999982e+00
-2.145154286378800350e+02 7.245769263491006473e-01 -1.489999999999979341e+00 4.000000000000000000e+02 -2.052128203105314128e+02 -2.126955345972227178e+02 4.000000000000000083e-02
-2.125453550031708687e+02 1.543994811927301924e+00 -1.492499999999979288e+00 4.000000000000000000e+02 -2.044837245253539493e+02 -2.119689388120452520e+02 9.500000000000000111e-02
-2.115230303185657874e+02 1.449436400835663941e+00 -1.494999999999979234e+00 4.000000000000000000e+02 -2.041596208990360708e+02 -2.116473351857273713e+02 1.135000000000000009e+00
-2.108901053513229726e+02 8.882325677592801672e-01 -1.497499999999979181e+00 4.000000000000000000e+02 -2.036989812241175457e+02 -2.111891955108088439e+02 6.949999999999999512e-01
-2.103353628162280984e+02 9.498513253257936384e-01 -1.499999999999979128e+00 4.000000000000000000e+02 -2.016815696037743066e+02 -2.091742838904656026e+02 1.969999999999999973e+00
-2.089018564797556792e+02 1.355531828404862971e+00 -1.502499999999979075e+00 4.000000000000000000e+02 -1.985001853743794697e+02 -2.059953996610707634e+02 9.050000000000000266e-01
-2.059421726024820600e+02 2.332569025588108413e+00 -1.504999999999979021e+00 4.000000000000000000e+02 -1.981439934123373803e+02 -2.056417076990286716e+02 1.320000000000000062e+00
-2.050875502712862897e+02 2.366987273560249072e+00 -1.507499999999978968e+00 4.000000000000000000e+02 -1.965507141039719841e+02 -2.040509283906632731e+02 1.000000000000000021e-02
-2.037473847458720400e+02 1.590816897253758633e+00 -1.509999999999978915e+00 4.000000000000000000e+02 -1.951317024241779450e+02 -2.026344167108692318e+02 1.020000000000000018e+00
-2.023503043005704853e+02 8.321922328652917589e-01 -1.512499999999978861e+00 4.000000000000000000e+02 -1.939807774860231859e+02 -2.014859917727144705e+02 8.549999999999999822e-01
-2.011343909007802608e+02 1.093806169168651810e+00 -1.514999999999978808e+00 4.000000000000000000e+02 -1.936349405285703540e+02 -2.011426548152616363e+02 1.465000000000000080e+00
-2.004453671409499691e+02 1.259783784755216018e+00 -1.517499999999978755e+00 4.000000000000000000e+02 -1.934772101937938942e+02 -2.009874244804851742e+02 9.500000000000000111e-02
-1.999869613993268445e+02 8.980539920162470269e-01 -1.519999999999978701e+00 4.000000000000000000e+02 -1.923456987344483196e+02 -1.998584130211395973e+02 7.750000000000000222e-01
-1.992274758646314012e+02 9.976641959815627514e-01 -1.522499999999978648e+00 4.000000000000000000e+02 -1.912223228451419743e+02 -1.987375371318332782e+02 1.814999999999999947e+00
-1.982596497057689646e+02 1.284161270249333020e+00 -1.524999999999978595e+00 4.000000000000000000e+02 -1.911738410618016246e+02 -1.986915553484929262e+02 1.100000000000000006e-01
-1.977593165536424920e+02 1.122014832954947083e+00 -1.527499999999978542e+00 4.000000000000000000e+02 -1.905100093392495069e+02 -1.980302236259408062e+02 1.659999999999999920e+00
-1.971924769955622594e+02 1.304762273435525755e+00 -1.529999999999978488e+00 4.000000000000000000e+02 -1.883955736146555751e+02 -1.959182879013468721e+02 5.500000000000000028e-02
-1.956716953183238843e+02 1.560008457779562985e+00 -1.532499999999978435e+00 4.000000000000000000e+02 -1.868048586887489364e+02 -1.943300729754402312e+02 1.340000000000000080e+00
-1.940978339460600068e+02 1.410051699178823448e+00 -1.534999999999978382e+00 4.000000000000000000e+02 -1.858281330323014799e+02 -1.933558473189927724e+02 1.620000000000000107e+00
-1.929663984494940223e+02 1.337325381026363003e+00 -1.537499999999978328e+00 4.000000000000000000e+02 -1.847465367271636296e+02 -1.922767510138549198e+02 7.000000000000000666e-02
-1.918701179626650060e+02 1.333169661323629906e+00 -1.539999999999978275e+00 4.000000000000000000e+02 -1.845140766781430273e+02 -1.920467909648343152e+02 9.150000000000000355e-01
-1.912614106782831698e+02 1.105271724325145088e+00 -1.542499999999978222e+00 4.000000000000000000e+02 -1.835775505751774688e+02 -1.911127648618687545e+02 1.959999999999999964e+00
-1.904911811812188489e+02 1.027850407222162588e+00 -1.544999999999978169e+00 4.000000000000000000e+02 -1.832087525166095929e+02 -1.907464668033008763e+02 1.764999999999999902e+00
-1.899175524934295822e+02 1.133313443865077819e+00 -1.547499999999978115e+00 4.000000000000000000e+02 -1.817285967730349796e+02 -1.892688110597262607e+02 8.800000000000000044e-01
-1.888483238704540952e+02 1.295776329658594017e+00 -1.549999999999978062e+00 4.000000000000000000e+02 -1.804995145890263473e+02 -1.880422288757176261e+02 1.199999999999999956e-01
-1.876730138434846253e+02 1.351194984469102023e+00 -1.552499999999978009e+00 4.000000000000000000e+02 -1.797331373964448176e+02 -1.872783516831361226e+02 8.649999999999999911e-01
-1.867631908657987196e+02 1.213952902740414341e+00 -1.554999999999977955e+00 4.000000000000000000e+02 -1.790712228898161413e+02 -1.866189371765074441e+02 1.614999999999999991e+00
-1.859953179519213222e+02 9.559676163571606544e-01 -1.557499999999977902e+00 4.000000000000000000e+02 -1.780802877589027844e+02 -1.856305020455940848e+02 1.294999999999999929e+00
-1.851032179329625649e+02 8.223440092364375786e-01 -1.559999999999977849e+00 4.000000000000000000e+02 -1.776820562982969989e+02 -1.852347705849882971e+02 2.600000000000000089e-01
-1.844736853739878484e+02 7.992425699302693198e-01 -1.562499999999977796e+00 4.000000000000000000e+02 -1.774580143266373966e+02 -1.850132286133286925e+02 8.750000000000000000e-01
-1.840143544398468407e+02 9.519925207828721092e-01 -1.564999999999977742e+00 4.000000000000000000e+02 -1.774153633374708363e+02 -1.849730776241621300e+02 7.850000000000000311e-01
-1.836898231549962475e+02 8.738390195651442038e-01 -1.567499999999977689e+00 4.000000000000000000e+02 -1.762098504852552878e+02 -1.837700647719465792e+02 5.550000000000000488e-01
-1.830359921591047510e+02 6.711246260268410868e-01 -1.569999999999977636e+00 4.000000000000000000e+02 -1.747944423497790751e+02 -1.823571566364703642e+02 3.699999999999999956e-01
-1.819468981814882511e+02 5.299136090176663760e-01 -1.572499999999977582e+00 4.000000000000000000e+02 -1.747361363768221736e+02 -1.823013506635134604e+02 1.574999999999999956e+00
-1.814153542007822466e+02 7.349730993766981912e-01 -1.574999999999977529e+00 4.000000000000000000e+02 -1.743105213472091464e+02 -1.818782356339004309e+02 1.675000000000000044e+00
-1.809271010724806956e+02 8.120076433095873014e-01 -1.577499999999977476e+00 4.000000000000000000e+02 -1.730299639049887617e+02 -1.806001781916800439e+02 1.080000000000000071e+00
-1.800571917047061845e+02 8.058740976324170191e-01 -1.579999999999977423e+00 4.000000000000000000e+02 -1.722964850623457380e+02 -1.798691993490370180e+02 4.499999999999999833e-02
-1.792656371954853682e+02 6.886199411458104880e-01 -1.582499999999977369e+00 4.000000000000000000e+02 -1.722675922627560112e+02 -1.798428065494472889e+02 1.604999999999999982e+00
-1.788199995927698183e+02 7.187526365312720822e-01 -1.584999999999977316e+00 4.000000000000000000e+02 -1.722029709281169687e+02 -1.797806852148082726e+02 1.969999999999999973e+00
-1.784960117803131254e+02 8.586876239999544635e-01 -1.587499999999977263e+00 4.000000000000000000e+02 -1.715787492436376169e+02 -1.791589635303289185e+02 1.939999999999999947e+00
-1.780803798842775905e+02 6.936087314565518858e-01 -1.589999999999977209e+00 4.000000000000000000e+02 -1.712640840184905642e+02 -1.788467983051818635e+02 1.135000000000000009e+00
-1.776987469467316600e+02 4.580998334734799338e-01 -1.592499999999977156e+00 4.000000000000000000e+02 -1.709222471166295634e+02 -1.785074614033208604e+02 1.790000000000000036e+00
-1.773303398713499064e+02 3.415232328086081903e-01 -1.594999999999977103e+00 4.000000000000000000e+02 -1.697894031806571036e+02 -1.773771174673483983e+02 1.979999999999999982e+00
-1.766603079957870079e+02 6.147544680552422536e-01 -1.597499999999977049e+00 4.000000000000000000e+02 -1.669043893204192273e+02 -1.744946036071105198e+02 1.875000000000000000e+00
-1.743860459865902612e+02 1.822331329994382854e+00 -1.599999999999976996e+00 4.000000000000000000e+02 -1.668316285297628951e+02 -1.744243428164541854e+02 8.999999999999999667e-02
-1.737118639012673782e+02 1.100469320633109094e+00 -1.602499999999976943e+00 4.000000000000000000e+02 -1.667739905835820764e+02 -1.743692048702733643e+02 3.850000000000000089e-01
-1.732943203738283273e+02 1.036607448481981386e+00 -1.604999999999976890e+00 4.000000000000000000e+02 -1.667192781757836997e+02 -1.743169924624749854e+02 1.094999999999999973e+00
-1.729871057953275510e+02 5.771941065721204467e-01 -1.607499999999976836e+00 4.000000000000000000e+02 -1.666691304348572942e+02 -1.742693447215485776e+02 3.049999999999999933e-01
-1.727422669056509221e+02 5.467585448422815908e-01 -1.609999999999976783e+00 4.000000000000000000e+02 -1.656443067443738641e+02 -1.732470210310651453e+02 2.999999999999999889e-01
-1.722699821424493791e+02 8.222236089596796083e-01 -1.612499999999976730e+00 4.000000000000000000e+02 -1.650216269822706465e+02 -1.726268412689619254e+02 5.899999999999999689e-01
-1.717394297271622463e+02 7.145609919238891106e-01 -1.614999999999976676e+00 4.000000000000000000e+02 -1.645047307189256287e+02 -1.721124450056169053e+02 8.599999999999999867e-01
-1.712154975441118268e+02 7.729248812057658569e-01 -1.617499999999976623e+00 4.000000000000000000e+02 -1.637616372457036107e+02 -1.713718515323949134e+02 5.500000000000000444e-01
-1.705974746441044374e+02 8.910944070989552657e-01 -1.619999999999976570e+00 4.000000000000000000e+02 -1.633417080442749807e+02 -1.709544223309662812e+02 5.999999999999999778e-02
-1.700669586899429078e+02 8.416697379195322570e-01 -1.622499999999976517e+00 4.000000000000000000e+02 -1.629917939613234523e+02 -1.706070082480147505e+02 6.750000000000000444e-01
-1.696078142000530136e+02 8.490443605042775621e-01 -1.624999999999976463e+00 4.000000000000000000e+02 -1.627673069803286126e+02 -1.703850212670199085e+02 2.300000000000000100e-01
-1.692295914185560832e+02 8.515662085066666442e-01 -1.627499999999976410e+00 4.000000000000000000e+02 -1.623562618483437916e+02 -1.699764761350350852e+02 1.435000000000000053e+00
-1.688417199054018170e+02 6.160647122584536062e-01 -1.629999999999976357e+00 4.000000000000000000e+02 -1.608688541725013010e+02 -1.684915684591925924e+02 1.350000000000000089e-01
-1.679582489061935178e+02 8.299290256248681441e-01 -1.632499999999976303e+00 4.000000000000000000e+02 -1.603321126568953616e+02 -1.679573269435866507e+02 1.225000000000000089e+00
-1.672646406380782480e+02 8.194521265329038906e-01 -1.634999999999976250e+00 4.000000000000000000e+02 -1.592900677162020600e+02 -1.669177820028933468e+02 1.645000000000000018e+00
-1.663831000657621075e+02 7.304397332996849235e-01 -1.637499999999976197e+00 4.000000000000000000e+02 -1.586782155632783429e+02 -1.663084298499696274e+02 1.810000000000000053e+00
-1.656519209840204496e+02 7.732906694668986169e-01 -1.639999999999976144e+00 4.000000000000000000e+02 -1.585491575119526146e+02 -1.661818717986438969e+02 1.150000000000000050e-01
-1.651890465061752877e+02 9.804141077081236499e-01 -1.642499999999976090e+00 4.000000000000000000e+02 -1.584951447188954319e+02 -1.661303590055867119e+02 5.999999999999999778e-02
-1.648596596884789562e+02 8.010781625697385167e-01 -1.644999999999976037e+00 4.000000000000000000e+02 -1.582832321143417005e+02 -1.659209464010329782e+02 1.889999999999999902e+00
-1.645625147990630808e+02 9.525884472271602954e-01 -1.647499999999975984e+00 4.000000000000000000e+02 -1.578864057353947032e+02 -1.655266200220859787e+02 2.550000000000000044e-01
-1.642394721605274412e+02 9.671157715525386944e-01 -1.649999999999975930e+00 4.000000000000000000e+02 -1.578861938734465582e+02 -1.655289081601378598e+02 6.099999999999999867e-01
-1.639961918575795039e+02 1.027287885184214877e+00 -1.652499999999975877e+00 4.000000000000000000e+02 -1.578714491523736001e+02 -1.655166634390648994e+02 1.304999999999999938e+00
-1.637984820013404885e+02 6.086252069473837567e-01 -1.654999999999975824e+00 4.000000000000000000e+02 -1.573689603474364844e+02 -1.650166746341277815e+02 5.500000000000000444e-01
-1.635393813345156104e+02 7.292275033791802974e-01 -1.657499999999975770e+00 4.000000000000000000e+02 -1.571182476786361235e+02 -1.647684619653274183e+02 1.604999999999999982e+00
-1.632827554832639976e+02 7.014784081032300334e-01 -1.659999999999975717e+00 4.000000000000000000e+02 -1.546972093079466219e+02 -1.623499235946379144e+02 1.080000000000000071e+00
-1.620181495495445176e+02 1.558299601394866229e+00 -1.662499999999975664e+00 4.000000000000000000e+02 -1.544631596821654398e+02 -1.621183739688567300e+02 1.229999999999999982e+00
-1.613738594870352188e+02 1.626323424553196118e+00 -1.664999999999975611e+00 4.000000000000000000e+02 -1.533957162060440567e+02 -1.610534304927353446e+02 1.850000000000000089e+00
-1.605077180006281878e+02 1.384538233929018869e+00 -1.667499999999975557e+00 4.000000000000000000e+02 -1.532930695184598733e+02 -1.609532838051511590e+02 1.955000000000000071e+00
-1.600127402147011537e+02 1.195833608485571631e+00 -1.669999999999975504e+00 4.000000000000000000e+02 -1.529942331039342776e+02 -1.606569473906255610e+02 1.169999999999999929e+00
-1.595906942176847281e+02 1.171122551558451796e+00 -1.672499999999975451e+00 4.000000000000000000e+02 -1.528779964609006186e+02 -1.605432107475918997e+02 7.500000000000000000e-01
-1.592644389962642606e+02 1.272153664576676668e+00 -1.674999999999975397e+00 4.000000000000000000e+02 -1.521144647205502736e+02 -1.597821790072415524e+02 7.249999999999999778e-01
-1.587970226628720809e+02 8.760650996278482872e-01 -1.677499999999975344e+00 4.000000000000000000e+02 -1.519848032515176044e+02 -1.596550175382088810e+02 1.294999999999999929e+00
-1.584435448258406041e+02 7.511787694926507220e-01 -1.679999999999975291e+00 4.000000000000000000e+02 -1.507561584188495942e+02 -1.584288727055408685e+02 2.550000000000000044e-01
-1.577430346764828926e+02 8.370237525329087269e-01 -1.682499999999975238e+00 4.000000000000000000e+02 -1.503731511785079533e+02 -1.580483654651992538e+02 5.100000000000000089e-01
-1.571909445165430554e+02 9.448326839842936531e-01 -1.684999999999975184e+00 4.000000000000000000e+02 -1.499364425659084930e+02 -1.576141568525997911e+02 1.879999999999999893e+00
-1.566871800334175759e+02 9.410400562472609476e-01 -1.687499999999975131e+00 4.000000000000000000e+02 -1.495432216296430283e+02 -1.572234359163343242e+02 1.389999999999999902e+00
-1.562266371286743265e+02 6.144429034354904617e-01 -1.689999999999975078e+00 4.000000000000000000e+02 -1.495204745055456783e+02 -1.572031887922369719e+02 8.399999999999999689e-01
-1.559070149664208884e+02 6.713455605675805460e-01 -1.692499999999975024e+00 4.000000000000000000e+02 -1.490062208722836203e+02 -1.566914351589749117e+02 1.909999999999999920e+00
-1.555310581503164258e+02 6.651395012004948093e-01 -1.694999999999974971e+00 4.000000000000000000e+02 -1.484659495130348148e+02 -1.561536637997261039e+02 9.050000000000000266e-01
-1.551015220422484617e+02 7.845885220518636904e-01 -1.697499999999974918e+00 4.000000000000000000e+02 -1.466037734541556290e+02 -1.542939877408469158e+02 5.100000000000000089e-01
-1.539252168350354282e+02 1.225667753830143480e+00 -1.699999999999974865e+00 4.000000000000000000e+02 -1.460165710348250911e+02 -1.537092853215163757e+02 1.799999999999999933e-01
-1.531182868833628277e+02 1.544162529033375808e+00 -1.702499999999974811e+00 4.000000000000000000e+02 -1.455346299886250847e+02 -1.532298442753163670e+02 6.350000000000000089e-01
-1.524793635733116730e+02 1.721951734561863567e+00 -1.704999999999974758e+00 4.000000000000000000e+02 -1.452655479237684801e+02 -1.529632622104597601e+02 6.949999999999999512e-01
-1.519991771672463017e+02 1.422166762724316857e+00 -1.707499999999974705e+00 4.000000000000000000e+02 -1.450418163898543753e+02 -1.527420306765456530e+02 6.500000000000000222e-02
-1.516100078457433824e+02 9.075263925128073117e-01 -1.709999999999974651e+00 4.000000000000000000e+02 -1.447597195661322758e+02 -1.524624338528235512e+02 1.395000000000000018e+00
-1.512548685864238394e+02 4.733555131246984238e-01 -1.712499999999974598e+00 4.000000000000000000e+02 -1.431981742373118891e+02 -1.509033885240031623e+02 8.100000000000000533e-01
-1.503706179347883847e+02 6.151142021873451382e-01 -1.714999999999974545e+00 4.000000000000000000e+02 -1.422970694839867178e+02 -1.500047837706780172e+02 3.500000000000000333e-02
-1.494779168088742551e+02 7.404669846119306120e-01 -1.717499999999974492e+00 4.000000000000000000e+02 -1.406496042854889481e+02 -1.483598185721802452e+02 9.200000000000000400e-01
-1.480769725054016419e+02 1.459758021214222712e+00 -1.719999999999974438e+00 4.000000000000000000e+02 -1.391836057497922070e+02 -1.468963200364835018e+02 1.149999999999999911e+00
-1.466285256846101390e+02 1.572785674353769148e+00 -1.722499999999974385e+00 4.000000000000000000e+02 -1.391516897908937551e+02 -1.468669040775850476e+02 1.350000000000000089e-01
-1.460474814225104865e+02 1.728159783554084061e+00 -1.724999999999974332e+00 4.000000000000000000e+02 -1.376132415036478278e+02 -1.453309557903391180e+02 1.675000000000000044e+00
-1.449332229300969743e+02 1.511739734948256420e+00 -1.727499999999974278e+00 4.000000000000000000e+02 -1.370504901508074340e+02 -1.447707044374987220e+02 1.400000000000000133e-01
-1.441555185976708344e+02 1.698205519341455583e+00 -1.729999999999974225e+00 4.000000000000000000e+02 -1.362048598586933679e+02 -1.439275741453846535e+02 1.780000000000000027e+00
-1.433419183692440981e+02 9.905751361803348809e-01 -1.732499999999974172e+00 4.000000000000000000e+02 -1.346128890971849899e+02 -1.423381033838762733e+02 1.899999999999999911e+00
-1.420258662740303066e+02 8.290203854838178454e-01 -1.734999999999974118e+00 4.000000000000000000e+02 -1.345600784493950073e+02 -1.422877927360862884e+02 2.300000000000000100e-01
-1.414551310431364186e+02 8.093816028967740772e-01 -1.737499999999974065e+00 4.000000000000000000e+02 -1.341248162965291328e+02 -1.418550305832204117e+02 7.449999999999999956e-01
-1.409420754737201094e+02 1.082865935452645312e+00 -1.739999999999974012e+00 4.000000000000000000e+02 -1.331421338598285331e+02 -1.408748481465198097e+02 1.429999999999999938e+00
-1.402147497967230834e+02 1.228265003503162589e+00 -1.742499999999973959e+00 4.000000000000000000e+02 -1.324589950490751562e+02 -1.401942093357664305e+02 3.499999999999999778e-01
-1.395112796477948791e+02 1.209105205471118438e+00 -1.744999999999973905e+00 4.000000000000000000e+02 -1.322330810988703718e+02 -1.399707953855616438e+02 1.110000000000000098e+00
-1.390217249998841567e+02 3.416366059452095039e-01 -1.747499999999973852e+00 4.000000000000000000e+02 -1.310071013902212940e+02 -1.387473156769125922e+02 2.849999999999999756e-01
-1.381819899829542919e+02 7.446808593705118717e-01 -1.749999999999973799e+00 4.000000000000000000e+02 -1.298686729166153100e+02 -1.376113872033066059e+02 1.719999999999999973e+00
-1.371633833963743427e+02 8.447272077456297046e-01 -1.752499999999973745e+00 4.000000000000000000e+02 -1.294635331061701038e+02 -1.372087473928613974e+02 1.969999999999999973e+00
-1.364926609995896172e+02 8.784427846403747298e-01 -1.754999999999973692e+00 4.000000000000000000e+02 -1.282833300538995900e+02 -1.360310443405908813e+02 1.760000000000000009e+00
-1.355423024372612701e+02 1.385637340343875756e+00 -1.757499999999973639e+00 4.000000000000000000e+02 -1.277190311762852417e+02 -1.354692454629765166e+02 3.649999999999999911e-01
-1.348119597526895177e+02 1.256824941706989440e+00 -1.759999999999973586e+00 4.000000000000000000e+02 -1.271758314518424129e+02 -1.349285457385336997e+02 1.235000000000000098e+00
-1.341754074899104126e+02 1.129704431181731472e+00 -1.762499999999973532e+00 4.000000000000000000e+02 -1.269793067533363029e+02 -1.347345210400276017e+02 7.199999999999999734e-01
-1.337232397050470070e+02 1.061008892187114805e+00 -1.764999999999973479e+00 4.000000000000000000e+02 -1.269319709750476193e+02 -1.346896852617389015e+02 1.300000000000000044e+00
-1.334008425849233390e+02 8.278155704541110271e-01 -1.767499999999973426e+00 4.000000000000000000e+02 -1.265037799668831724e+02 -1.342639942535744524e+02 8.649999999999999911e-01
-1.330488974483530740e+02 5.774394716085312629e-01 -1.769999999999973372e+00 4.000000000000000000e+02 -1.251840924593144706e+02 -1.329468067460057625e+02 5.400000000000000355e-01
-1.323034026680631712e+02 8.517938295797692350e-01 -1.772499999999973319e+00 4.000000000000000000e+02 -1.239506438543545812e+02 -1.317158581410458567e+02 3.599999999999999867e-01
-1.312739389042201026e+02 7.647444157952385524e-01 -1.774999999999973266e+00 4.000000000000000000e+02 -1.238532706453451055e+02 -1.316209849320363787e+02 2.899999999999999800e-01
-1.307393345704378191e+02 6.559037878206428474e-01 -1.777499999999973213e+00 4.000000000000000000e+02 -1.236391079157512252e+02 -1.314093222024425245e+02 2.899999999999999800e-01
-1.303260898642718359e+02 5.139276861386347095e-01 -1.779999999999973159e+00 4.000000000000000000e+02 -1.235725760674943530e+02 -1.313452903541856358e+02 5.250000000000000222e-01
-1.300179558498267909e+02 6.171215020341228596e-01 -1.782499999999973106e+00 4.000000000000000000e+02 -1.235029410154021434e+02 -1.312781553020934382e+02 5.300000000000000266e-01
-1.297682892009534044e+02 5.538831362465014285e-01 -1.784999999999973053e+00 4.000000000000000000e+02 -1.226674795382021301e+02 -1.304451938248934084e+02 1.049999999999999961e-01
-1.293573805412134448e+02 5.804739569867518600e-01 -1.787499999999972999e+00 4.000000000000000000e+02 -1.224475116782678015e+02 -1.302277259649590917e+02 1.760000000000000009e+00
-1.290075642633456425e+02 6.429042987409012699e-01 -1.789999999999972946e+00 4.000000000000000000e+02 -1.220968924758545171e+02 -1.298796067625457908e+02 1.870000000000000107e+00
-1.286582486328080961e+02 6.948302798882611819e-01 -1.792499999999972893e+00 4.000000000000000000e+02 -1.218617860778870750e+02 -1.296470003645783606e+02 8.349999999999999645e-01
-1.283419493604982335e+02 8.127126388019003667e-01 -1.794999999999972840e+00 4.000000000000000000e+02 -1.213560784448008860e+02 -1.291437927314921694e+02 7.299999999999999822e-01
-1.279714198232498461e+02 6.200287850854717675e-01 -1.797499999999972786e+00 4.000000000000000000e+02 -1.213290419087760057e+02 -1.291192561954673010e+02 1.560000000000000053e+00
-1.276958184835140173e+02 6.359110573018730284e-01 -1.799999999999972733e+00 4.000000000000000000e+02 -1.210791051379470389e+02 -1.288718194246383177e+02 1.225000000000000089e+00
-1.274269293793249318e+02 6.839879232624800354e-01 -1.802499999999972680e+00 4.000000000000000000e+02 -1.205551840334604208e+02 -1.283503983201516974e+02 7.099999999999999645e-01
-1.270925028071191747e+02 8.751322893219796173e-01 -1.804999999999972626e+00 4.000000000000000000e+02 -1.203158303290927051e+02 -1.281135446157839795e+02 7.000000000000000666e-02
-1.267848567491691227e+02 8.628188110824227541e-01 -1.807499999999972573e+00 4.000000000000000000e+02 -1.201961460575215597e+02 -1.279963603442128459e+02 1.400000000000000133e-01
-1.265242253326068607e+02 8.434795120938736179e-01 -1.809999999999972520e+00 4.000000000000000000e+02 -1.180857920557310194e+02 -1.258885063424223034e+02 8.100000000000000533e-01
-1.254635297560353422e+02 9.318732830126181810e-01 -1.812499999999972466e+00 4.000000000000000000e+02 -1.178606630911644402e+02 -1.256658773778557219e+02 1.135000000000000009e+00
-1.248664470241652680e+02 1.059421247132070532e+00 -1.814999999999972413e+00 4.000000000000000000e+02 -1.178598221259500320e+02 -1.256675364126413115e+02 9.899999999999999911e-01
-1.244956839695320383e+02 1.264047522621022823e+00 -1.817499999999972360e+00 4.000000000000000000e+02 -1.167515440941690628e+02 -1.245617583808603541e+02 1.225000000000000089e+00
-1.238350283654015129e+02 7.537565343108408866e-01 -1.819999999999972307e+00 4.000000000000000000e+02 -1.162970891651511920e+02 -1.241098034518424811e+02 8.100000000000000533e-01
-1.232698606008177649e+02 5.933885766628589353e-01 -1.822499999999972253e+00 4.000000000000000000e+02 -1.162654469092923222e+02 -1.240806611959836090e+02 1.004999999999999893e+00
-1.229020959355027429e+02 5.157328625702329861e-01 -1.824999999999972200e+00 4.000000000000000000e+02 -1.153729525471427451e+02 -1.231906668338340296e+02 5.200000000000000178e-01
-1.223428609762122505e+02 7.337143946288740004e-01 -1.827499999999972147e+00 4.000000000000000000e+02 -1.153495475962149470e+02 -1.231697618829062293e+02 1.750000000000000000e+00
-1.219800231440104170e+02 6.188716414320909465e-01 -1.829999999999972093e+00 4.000000000000000000e+02 -1.146648758558934702e+02 -1.224875901425847502e+02 1.399999999999999911e+00
-1.215087962856086818e+02 6.259540205172134941e-01 -1.832499999999972040e+00 4.000000000000000000e+02 -1.144753291676711342e+02 -1.223005434543624119e+02 5.450000000000000400e-01
-1.211351297391576907e+02 7.040991086958012790e-01 -1.834999999999971987e+00 4.000000000000000000e+02 -1.135917747707512007e+02 -1.214194890574424903e+02 1.709999999999999964e+00
-1.205740885615869331e+02 5.460451785055183693e-01 -1.837499999999971934e+00 4.000000000000000000e+02 -1.133752155228378768e+02 -1.212054298095291642e+02 1.054999999999999938e+00
-1.201475941656438380e+02 7.624256446501556095e-01 -1.839999999999971880e+00 4.000000000000000000e+02 -1.129329727413336713e+02 -1.207656870280249564e+02 1.344999999999999973e+00
-1.197164799265617745e+02 7.605792127114123780e-01 -1.842499999999971827e+00 4.000000000000000000e+02 -1.125251742650960409e+02 -1.203603885517873238e+02 8.249999999999999556e-01
-1.192943311296361770e+02 7.735967525431832748e-01 -1.844999999999971774e+00 4.000000000000000000e+02 -1.120173350622060298e+02 -1.198550493488973103e+02 1.000000000000000056e-01
-1.188427467494060892e+02 1.165841045852777924e+00 -1.847499999999971720e+00 4.000000000000000000e+02 -1.118872073254019597e+02 -1.197274216120932380e+02 5.000000000000000278e-02
-1.184971389523288110e+02 1.263874334304011526e+00 -1.849999999999971667e+00 4.000000000000000000e+02 -1.109922862365838654e+02 -1.188350005232751556e+02 1.300000000000000044e+00
-1.179587211063374070e+02 1.057011366392368146e+00 -1.852499999999971614e+00 4.000000000000000000e+02 -1.101323083139286467e+02 -1.179775226006199347e+02 1.584999999999999964e+00
-1.172749304865461397e+02 1.120943586082842058e+00 -1.854999999999971561e+00 4.000000000000000000e+02 -1.100047688393805885e+02 -1.178524831260718742e+02 1.844999999999999973e+00
-1.168294306903430879e+02 9.293967312941231462e-01 -1.857499999999971507e+00 4.000000000000000000e+02 -1.082870695102477185e+02 -1.161372837969390019e+02 3.150000000000000022e-01
-1.157314851485916023e+02 1.039178112254418140e+00 -1.859999999999971454e+00 4.000000000000000000e+02 -1.081896528732154792e+02 -1.160423671599067603e+02 2.449999999999999956e-01
-1.151817463592008295e+02 9.044139819196623797e-01 -1.862499999999971401e+00 4.000000000000000000e+02 -1.079492501878815034e+02 -1.158044644745727823e+02 6.049999999999999822e-01
-1.147522495215803389e+02 1.059227708429834713e+00 -1.864999999999971347e+00 4.000000000000000000e+02 -1.073307825233584936e+02 -1.151884968100497701e+02 3.049999999999999933e-01
-1.142536233021124445e+02 1.176621961215765122e+00 -1.867499999999971294e+00 4.000000000000000000e+02 -1.070907616022709306e+02 -1.149509758889622191e+02 5.550000000000000488e-01
-1.138495580319709433e+02 1.259279695628834572e+00 -1.869999999999971241e+00 4.000000000000000000e+02 -1.061574754053972640e+02 -1.140201896920885503e+02 7.099999999999999645e-01
-1.132380916925560541e+02 1.117516260321540500e+00 -1.872499999999971187e+00 4.000000000000000000e+02 -1.058262237139399247e+02 -1.136914380006312086e+02 1.195000000000000062e+00
-1.127461443367772915e+02 1.175101426636829149e+00 -1.874999999999971134e+00 4.000000000000000000e+02 -1.051670355173520903e+02 -1.130347498040433720e+02 4.249999999999999889e-01
-1.121869241850740622e+02 5.865127311884986705e-01 -1.877499999999971081e+00 4.000000000000000000e+02 -1.050662123048971921e+02 -1.129364265915884715e+02 2.999999999999999889e-01
-1.117998935133929024e+02 7.289259158440071218e-01 -1.879999999999971028e+00 4.000000000000000000e+02 -1.049555571414602326e+02 -1.128282714281515098e+02 1.600000000000000089e+00
-1.114941850032123369e+02 8.587330185774676439e-01 -1.882499999999970974e+00 4.000000000000000000e+02 -1.044988695707669279e+02 -1.123740838574582170e+02 1.199999999999999956e+00
-1.111471792484458234e+02 9.632202930732056689e-01 -1.884999999999970921e+00 4.000000000000000000e+02 -1.043834157578828297e+02 -1.122611300445741165e+02 1.614999999999999991e+00
-1.108633098027532640e+02 8.215123941694928433e-01 -1.887499999999970868e+00 4.000000000000000000e+02 -1.042371414799140723e+02 -1.121173557666053568e+02 1.570000000000000062e+00
-1.106122803423318572e+02 7.620641991729899534e-01 -1.889999999999970814e+00 4.000000000000000000e+02 -1.029355687780217892e+02 -1.108182830647130714e+02 8.750000000000000000e-01
-1.100168392360434240e+02 7.695710236383329628e-01 -1.892499999999970761e+00 4.000000000000000000e+02 -1.024038995410371768e+02 -1.102891138277284568e+02 5.450000000000000400e-01
-1.094505911527884336e+02 1.039654934420540799e+00 -1.894999999999970708e+00 4.000000000000000000e+02 -1.015323944862805234e+02 -1.094201087729718012e+02 1.350000000000000089e+00
-1.087420866398816912e+02 5.910984454507186570e-01 -1.897499999999970655e+00 4.000000000000000000e+02 -1.014991942477732749e+02 -1.093894085344645646e+02 9.499999999999999556e-01
-1.083211119336897639e+02 6.490820472819556208e-01 -1.899999999999970601e+00 4.000000000000000000e+02 -1.014069993998964208e+02 -1.092997136865877081e+02 1.435000000000000053e+00
-1.080020502102991173e+02 6.618743844503528484e-01 -1.902499999999970548e+00 4.000000000000000000e+02 -1.009968257975267534e+02 -1.088920400842180385e+02 5.500000000000000028e-02
-1.076579925933356066e+02 5.828300645422856974e-01 -1.904999999999970495e+00 4.000000000000000000e+02 -1.000559601166767862e+02 -1.079536744033680691e+02 1.064999999999999947e+00
-1.071017974311474887e+02 7.999370585096566844e-01 -1.907499999999970441e+00 4.000000000000000000e+02 -1.000532593502508263e+02 -1.079534736369421069e+02 1.919999999999999929e+00
-1.067464339791664827e+02 5.190946000562336460e-01 -1.909999999999970388e+00 4.000000000000000000e+02 -9.998893784168471655e+01 -1.078916521283759948e+02 1.165000000000000036e+00
-1.064702013230479452e+02 3.801646791444927009e-01 -1.912499999999970335e+00 4.000000000000000000e+02 -9.992593397016648282e+01 -1.078311482568577730e+02 1.445000000000000062e+00
-1.062419366262353577e+02 3.734588725302150913e-01 -1.914999999999970282e+00 4.000000000000000000e+02 -9.963413004163089681e+01 -1.075418443283221848e+02 1.774999999999999911e+00
-1.060009084047013488e+02 3.743061217085242309e-01 -1.917499999999970228e+00 4.000000000000000000e+02 -9.960720763399091027e+01 -1.075174219206821959e+02 3.250000000000000111e-01
-1.058024873487335924e+02 3.391316521172691445e-01 -1.919999999999970175e+00 4.000000000000000000e+02 -9.876575193818054288e+01 -1.066784662248718263e+02 1.465000000000000080e+00
-1.054543306682714956e+02 3.877523954403453432e-01 -1.922499999999970122e+00 4.000000000000000000e+02 -9.817390521076355014e+01 -1.060891194974548313e+02 1.129999999999999893e+00
-1.050290319483511041e+02 3.765980982039865976e-01 -1.924999999999970068e+00 4.000000000000000000e+02 -9.784270411670905787e+01 -1.057604184034003367e+02 1.219999999999999973e+00
-1.046361514905512422e+02 3.712901284919006839e-01 -1.927499999999970015e+00 4.000000000000000000e+02 -9.763714728967369183e+01 -1.055573615763649684e+02 1.445000000000000062e+00
-1.043010823159713993e+02 5.077591763927779001e-01 -1.929999999999969962e+00 4.000000000000000000e+02 -9.763283382245656128e+01 -1.055555481091478498e+02 1.889999999999999902e+00
-1.040501460426704483e+02 6.038281469420034853e-01 -1.932499999999969909e+00 4.000000000000000000e+02 -9.679818839945829723e+01 -1.047234026861495835e+02 1.604999999999999982e+00
-1.036380066995950955e+02 4.371023249677121192e-01 -1.934999999999969855e+00 4.000000000000000000e+02 -9.675945673418398485e+01 -1.046871710208752688e+02 1.824999999999999956e+00
-1.033377315240160215e+02 4.780105035923989942e-01 -1.937499999999969802e+00 4.000000000000000000e+02 -9.674317204585655361e+01 -1.046733863325478353e+02 1.354999999999999982e+00
-1.031042528338033435e+02 5.210103233076025520e-01 -1.939999999999969749e+00 4.000000000000000000e+02 -9.646081081064654938e+01 -1.043935250973378288e+02 1.774999999999999911e+00
-1.028609371700602537e+02 3.808754031439807730e-01 -1.942499999999969695e+00 4.000000000000000000e+02 -9.586639022266786014e+01 -1.038016045093591373e+02 2.349999999999999867e-01
-1.025313692556439520e+02 5.301759463589250654e-01 -1.944999999999969642e+00 4.000000000000000000e+02 -9.582501263895477450e+01 -1.037627269256460636e+02 1.550000000000000044e+00
-1.022752583410760963e+02 5.019942044486715993e-01 -1.947499999999969589e+00 4.000000000000000000e+02 -9.356920497855065832e+01 -1.015094192652419451e+02 1.514999999999999902e+00
-1.011276024915804186e+02 9.173613730495746577e-01 -1.949999999999969535e+00 4.000000000000000000e+02 -9.331865573313667994e+01 -1.012613700198279645e+02 1.100000000000000006e-01
-1.004991040218431380e+02 8.122779270803098806e-01 -1.952499999999969482e+00 4.000000000000000000e+02 -9.320029444958876752e+01 -1.011455087362800498e+02 1.264999999999999902e+00
-1.000778140838299350e+02 9.193210247356876641e-01 -1.954999999999969429e+00 4.000000000000000000e+02 -9.283921851718262985e+01 -1.007869328038739098e+02 1.499999999999999944e-02
-9.967764452937325359e+01 6.863952341040397975e-01 -1.957499999999969376e+00 4.000000000000000000e+02 -9.256476880674975405e+01 -1.005149830934410318e+02 1.965000000000000080e+00
-9.931797136803520232e+01 8.835073285436476631e-01 -1.959999999999969322e+00 4.000000000000000000e+02 -9.137844636228824413e+01 -9.933116064897953379e+01 9.350000000000000533e-01
-9.863139708346355405e+01 9.634501716464601850e-01 -1.962499999999969269e+00 4.000000000000000000e+02 -9.099992275740164871e+01 -9.895513704409293609e+01 4.650000000000000244e-01
-9.808707575294943126e+01 9.547927694877957894e-01 -1.964999999999969216e+00 4.000000000000000000e+02 -9.072815742154880070e+01 -9.868587170824008581e+01 1.145000000000000018e+00
-9.764916099095742652e+01 5.512461086167760316e-01 -1.967499999999969162e+00 4.000000000000000000e+02 -8.952683477533054202e+01 -9.748704906202182485e+01 7.099999999999999645e-01
-9.687167640210300590e+01 6.412794641528708484e-01 -1.969999999999969109e+00 4.000000000000000000e+02 -8.893009902423091262e+01 -9.689281331092219318e+01 1.354999999999999982e+00
-9.618904183087791182e+01 9.202671254188449224e-01 -1.972499999999969056e+00 4.000000000000000000e+02 -8.886379213627425599e+01 -9.682900642296553428e+01 7.900000000000000355e-01
-9.576553309605445463e+01 9.687738688149639676e-01 -1.974999999999969003e+00 4.000000000000000000e+02 -8.800464002561901111e+01 -9.597235431231028713e+01 7.550000000000000044e-01
-9.517045914929578032e+01 6.480626844645980267e-01 -1.977499999999968949e+00 4.000000000000000000e+02 -8.793683229142780533e+01 -9.590704657811909328e+01 1.084999999999999964e+00
-9.477926547400298318e+01 5.697156173754718278e-01 -1.979999999999968896e+00 4.000000000000000000e+02 -8.784687219109116540e+01 -9.581958647778245108e+01 4.149999999999999800e-01
-9.447668894679965490e+01 5.575598737941585004e-01 -1.982499999999968843e+00 4.000000000000000000e+02 -8.770668355442870734e+01 -9.568189784111999074e+01 5.999999999999999778e-02
-9.421460979828535187e+01 4.412269996916978188e-01 -1.984999999999968789e+00 4.000000000000000000e+02 -8.762362936563461346e+01 -9.560134365232589460e+01 4.499999999999999833e-02
-9.399155413010430493e+01 4.084282867028267150e-01 -1.987499999999968736e+00 4.000000000000000000e+02 -8.756901177237450895e+01 -9.554922605906578781e+01 1.844999999999999973e+00
-9.380041667049239607e+01 4.396939705041706947e-01 -1.989999999999968683e+00 4.000000000000000000e+02 -8.740823017787198523e+01 -9.539094446456326182e+01 1.834999999999999964e+00
-9.361491849001100718e+01 4.576212338050819062e-01 -1.992499999999968630e+00 4.000000000000000000e+02 -8.725724252074891751e+01 -9.524245680744019182e+01 1.155000000000000027e+00
-9.343559100708030485e+01 4.600180009417616511e-01 -1.994999999999968576e+00 4.000000000000000000e+02 -8.702569625135701870e+01 -9.501341053804830494e+01 1.074999999999999956e+00
-9.324792980614996907e+01 4.763580878838648558e-01 -1.997499999999968523e+00 4.000000000000000000e+02 -8.673924580262580264e+01 -9.472946008931708661e+01 1.245000000000000107e+00
-9.304312164165142462e+01 5.496506553491046221e-01 -1.999999999999968470e+00 4.000000000000000000e+02 -8.636866294589744086e+01 -9.436137723258872256e+01 1.604999999999999982e+00
-9.280599495021323264e+01 4.197150034576602740e-01 -2.002499999999968416e+00 4.000000000000000000e+02 -8.631518234906445741e+01 -9.431039663575573684e+01 1.810000000000000053e+00
-9.260538320852342054e+01 5.188266761354615175e-01 -2.004999999999968363e+00 4.000000000000000000e+02 -8.628057158294245710e+01 -9.427828586963373425e+01 7.149999999999999689e-01
-9.243336333190487153e+01 5.570348048952027398e-01 -2.007499999999968310e+00 4.000000000000000000e+02 -8.593500652950764618e+01 -9.393522081619892106e+01 1.870000000000000107e+00
-9.223228864927247628e+01 4.825172662027604753e-01 -2.009999999999968257e+00 4.000000000000000000e+02 -8.578192311960900440e+01 -9.378463740630029122e+01 1.959999999999999964e+00
-9.204022302060286620e+01 4.992099902700950498e-01 -2.012499999999968203e+00 4.000000000000000000e+02 -8.544843473600342065e+01 -9.345364902269470520e+01 1.669999999999999929e+00
-9.182244722680931659e+01 3.800200006014158860e-01 -2.014999999999968150e+00 4.000000000000000000e+02 -8.522823339029011436e+01 -9.323594767698139663e+01 6.850000000000000533e-01
-9.160468600164067254e+01 5.343854229618705265e-01 -2.017499999999968097e+00 4.000000000000000000e+02 -8.381506289157832157e+01 -9.182527717826960156e+01 4.550000000000000155e-01
-9.101576414364006951e+01 6.184499930589824057e-01 -2.019999999999968043e+00 4.000000000000000000e+02 -8.353407701099038718e+01 -9.154679129768166490e+01 1.330000000000000071e+00
-9.055328834498332924e+01 6.778322825583508182e-01 -2.022499999999967990e+00 4.000000000000000000e+02 -8.338622236357721818e+01 -9.140143665026849362e+01 1.510000000000000009e+00
-9.019686845858066704e+01 7.593640610035625738e-01 -2.024999999999967937e+00 4.000000000000000000e+02 -8.337177734587569944e+01 -9.138949163256697261e+01 1.764999999999999902e+00
-8.993187359216268817e+01 7.733014530727251312e-01 -2.027499999999967883e+00 4.000000000000000000e+02 -8.310197644683520934e+01 -9.112219073352649445e+01 5.899999999999999689e-01
-8.966634142908299054e+01 8.189838757550764736e-01 -2.029999999999967830e+00 4.000000000000000000e+02 -8.241610092764344131e+01 -9.043881521433472415e+01 1.165000000000000036e+00
-8.928662561418968835e+01 5.703484735273208761e-01 -2.032499999999967777e+00 4.000000000000000000e+02 -8.223624282346976599e+01 -9.026145711016104656e+01 3.500000000000000333e-02
-8.896653256033192747e+01 5.251105862576783689e-01 -2.034999999999967724e+00 4.000000000000000000e+02 -8.208406289808726797e+01 -9.011177718477854626e+01 1.975000000000000089e+00
-8.869030629430751844e+01 5.737854286230291700e-01 -2.037499999999967670e+00 4.000000000000000000e+02 -8.202279767117623521e+01 -9.005301195786751123e+01 3.499999999999999778e-01
-8.846240027926587857e+01 6.876251305355974841e-01 -2.039999999999967617e+00 4.000000000000000000e+02 -8.180276546744974553e+01 -8.983547975414103348e+01 1.935000000000000053e+00
-8.823659974311327403e+01 6.944632661603807877e-01 -2.042499999999967564e+00 4.000000000000000000e+02 -8.163387077658168778e+01 -8.966908506327297346e+01 1.715000000000000080e+00
-8.802252527071610189e+01 7.052273523280897516e-01 -2.044999999999967510e+00 4.000000000000000000e+02 -8.158468608413662082e+01 -8.962240037082790423e+01 2.000000000000000000e+00
-8.783860354785265656e+01 7.493824743554147183e-01 -2.047499999999967457e+00 4.000000000000000000e+02 -8.157483681963799427e+01 -8.961505110632927540e+01 6.099999999999999867e-01
-8.768225104543411419e+01 7.761262485259113886e-01 -2.049999999999967404e+00 4.000000000000000000e+02 -8.150302247375864795e+01 -8.954573676044992681e+01 2.999999999999999889e-01
-8.753803733596231496e+01 8.080440687111618558e-01 -2.052499999999967351e+00 4.000000000000000000e+02 -8.146803908093322377e+01 -8.951325336762450036e+01 1.905000000000000027e+00
-8.740812255408413023e+01 8.423894910266929159e-01 -2.054999999999967297e+00 4.000000000000000000e+02 -8.121799521166573754e+01 -8.926570949835701185e+01 2.000000000000000042e-02
-8.726311463014346259e+01 8.195837714851972322e-01 -2.057499999999967244e+00 4.000000000000000000e+02 -8.114687945583577289e+01 -8.919709374252704492e+01 1.320000000000000062e+00
-8.712808404993754152e+01 6.016378272397953086e-01 -2.059999999999967191e+00 4.000000000000000000e+02 -8.113529809858158615e+01 -8.918801238527287012e+01 3.150000000000000022e-01
-8.700811398165420485e+01 5.777920653190936617e-01 -2.062499999999967137e+00 4.000000000000000000e+02 -8.073915658273395479e+01 -8.879437086942523649e+01 1.570000000000000062e+00
-8.685317536255195137e+01 5.252796864055182535e-01 -2.064999999999967084e+00 4.000000000000000000e+02 -8.069021098634277678e+01 -8.874792527303405620e+01 1.499999999999999944e-01
-8.671310396129234732e+01 5.119514974074147462e-01 -2.067499999999967031e+00 4.000000000000000000e+02 -8.045868584836709658e+01 -8.851890013505837373e+01 2.200000000000000011e-01
-8.656094650222867415e+01 4.914457863332452048e-01 -2.069999999999966978e+00 4.000000000000000000e+02 -8.017608606008907657e+01 -8.823880034678035145e+01 1.100000000000000089e+00
-8.638970746946066015e+01 3.691567956752129787e-01 -2.072499999999966924e+00 4.000000000000000000e+02 -8.008107375671085038e+01 -8.814628804340213719e+01 7.349999999999999867e-01
-8.623045482782328008e+01 4.317077998093314384e-01 -2.074999999999966871e+00 4.000000000000000000e+02 -7.992062261300405623e+01 -8.798833689969534078e+01 5.000000000000000000e-01
-8.607139368526283363e+01 4.260119899001013621e-01 -2.077499999999966818e+00 4.000000000000000000e+02 -7.947580010261891914e+01 -8.754601438931020141e+01 4.949999999999999956e-01
-8.586530228430389400e+01 3.326853567377134890e-01 -2.079999999999966764e+00 4.000000000000000000e+02 -7.894578253250827515e+01 -8.701849681919955515e+01 3.750000000000000000e-01
-8.559098902040317114e+01 4.264627783912446346e-01 -2.082499999999966711e+00 4.000000000000000000e+02 -7.881217373303944385e+01 -8.688738801973072157e+01 1.064999999999999947e+00
-8.534920826627158874e+01 5.813784082789308361e-01 -2.084999999999966658e+00 4.000000000000000000e+02 -7.876273736833239525e+01 -8.684045165502367070e+01 2.449999999999999956e-01
-8.514619183014661985e+01 5.444807873557419020e-01 -2.087499999999966604e+00 4.000000000000000000e+02 -7.867920120202536793e+01 -8.675941548871665532e+01 1.155000000000000027e+00
-8.496450023661007833e+01 4.779272702065694434e-01 -2.089999999999966551e+00 4.000000000000000000e+02 -7.848405153689670044e+01 -8.656676582358798555e+01 2.099999999999999922e-01
-8.478097971416507050e+01 4.653738532340814249e-01 -2.092499999999966498e+00 4.000000000000000000e+02 -7.837938882258990247e+01 -8.646460310928118531e+01 1.280000000000000027e+00
-8.461064648822426193e+01 4.527469744070783952e-01 -2.094999999999966445e+00 4.000000000000000000e+02 -7.822813630338589519e+01 -8.631585059007717575e+01 1.675000000000000044e+00
-8.444366254535296434e+01 5.331867639135506876e-01 -2.097499999999966391e+00 4.000000000000000000e+02 -7.767898503865099258e+01 -8.576919932534227087e+01 1.725000000000000089e+00
-8.420806856753314662e+01 5.916292899116131210e-01 -2.099999999999966338e+00 4.000000000000000000e+02 -7.723688829640909148e+01 -8.532960258310036750e+01 9.000000000000000222e-01
-8.392606785847297601e+01 5.403494008110342195e-01 -2.102499999999966285e+00 4.000000000000000000e+02 -7.722508679272711163e+01 -8.532030107941838537e+01 1.419999999999999929e+00
-8.370450704508877493e+01 5.630318814633727964e-01 -2.104999999999966231e+00 4.000000000000000000e+02 -7.696797512003118413e+01 -8.506568940672246981e+01 8.349999999999999645e-01
-8.347629039140215923e+01 5.196486108559912331e-01 -2.107499999999966178e+00 4.000000000000000000e+02 -7.648245525972006931e+01 -8.458266954641135271e+01 4.799999999999999822e-01
-8.319054438746501035e+01 5.230415153224335922e-01 -2.109999999999966125e+00 4.000000000000000000e+02 -7.603537731205440764e+01 -8.413809159874568877e+01 1.554999999999999938e+00
-8.286290332989960916e+01 4.041796204782435176e-01 -2.112499999999966072e+00 4.000000000000000000e+02 -7.590380257521721319e+01 -8.400901686190849205e+01 1.834999999999999964e+00
-8.258688671320086883e+01 3.197868944736368402e-01 -2.114999999999966018e+00 4.000000000000000000e+02 -7.584336213801974225e+01 -8.395107642471101883e+01 9.050000000000000266e-01
-8.235928296985139241e+01 3.630882233329164599e-01 -2.117499999999965965e+00 4.000000000000000000e+02 -7.579990156083628960e+01 -8.391011584752756391e+01 1.350000000000000089e-01
-8.216695227962316039e+01 4.158261166038449419e-01 -2.119999999999965912e+00 4.000000000000000000e+02 -7.558683849274865452e+01 -8.369955277943992655e+01 9.799999999999999822e-01
-8.197140745529188166e+01 4.147263031394564647e-01 -2.122499999999965858e+00 4.000000000000000000e+02 -7.508689204598491074e+01 -8.320210633267619471e+01 1.360000000000000098e+00
-8.171514765260013746e+01 4.305110084847650342e-01 -2.124999999999965805e+00 4.000000000000000000e+02 -7.505569088014070189e+01 -8.317340516683198359e+01 8.649999999999999911e-01
-8.150598839053027689e+01 3.902952784205204195e-01 -2.127499999999965752e+00 4.000000000000000000e+02 -7.504228426598004376e+01 -8.316249855267132318e+01 2.099999999999999922e-01
-8.133135993867161062e+01 5.212996603875843515e-01 -2.129999999999965699e+00 4.000000000000000000e+02 -7.497841925446188327e+01 -8.310113354115316042e+01 5.550000000000000488e-01
-8.117403867091147163e+01 4.459816851648044089e-01 -2.132499999999965645e+00 4.000000000000000000e+02 -7.479234899688562166e+01 -8.291756328357689654e+01 6.350000000000000089e-01
-8.101285320916275623e+01 4.569430543481508011e-01 -2.134999999999965592e+00 4.000000000000000000e+02 -7.442733982201379206e+01 -8.255505410870506466e+01 2.899999999999999800e-01
-8.081900682817870063e+01 4.740176436459416776e-01 -2.137499999999965539e+00 4.000000000000000000e+02 -7.434876620018576432e+01 -8.247898048687704886e+01 1.790000000000000036e+00
-8.064493252948787472e+01 4.207801978163159817e-01 -2.139999999999965485e+00 4.000000000000000000e+02 -7.408929910727779600e+01 -8.222201339396907827e+01 5.100000000000000089e-01
-8.045714490069040892e+01 4.156760913314760386e-01 -2.142499999999965432e+00 4.000000000000000000e+02 -7.399212276464717775e+01 -8.212733705133845774e+01 1.975000000000000089e+00
-8.028469617251028012e+01 3.962248350658750251e-01 -2.144999999999965379e+00 4.000000000000000000e+02 -7.397018530068784514e+01 -8.210789958737912286e+01 5.450000000000000400e-01
-8.013497740279807147e+01 4.518452833708763716e-01 -2.147499999999965326e+00 4.000000000000000000e+02 -7.378618056101038292e+01 -8.192639484770165836e+01 1.899999999999999911e+00
-7.998077785519036809e+01 5.542167512875529889e-01 -2.149999999999965272e+00 4.000000000000000000e+02 -7.353123027088918207e+01 -8.167394455758045524e+01 1.030000000000000027e+00
-7.981193326462550885e+01 5.615464449518473566e-01 -2.152499999999965219e+00 4.000000000000000000e+02 -7.340843499374211945e+01 -8.155364928043340456e+01 3.750000000000000000e-01
-7.965047835735046533e+01 5.848341608921127088e-01 -2.154999999999965166e+00 4.000000000000000000e+02 -7.335732754819272827e+01 -8.150504183488401111e+01 1.449999999999999900e-01
-7.950506177799663021e+01 5.301168517605907571e-01 -2.157499999999965112e+00 4.000000000000000000e+02 -7.326753168297886987e+01 -8.141774596967015043e+01 1.379999999999999893e+00
-7.936731626426633568e+01 5.618104716346790095e-01 -2.159999999999965059e+00 4.000000000000000000e+02 -7.319384767494466359e+01 -8.134656196163594188e+01 1.614999999999999991e+00
-7.923789154774001986e+01 5.289163208420056828e-01 -2.162499999999965006e+00 4.000000000000000000e+02 -7.294980756320096305e+01 -8.110502184989223906e+01 1.749999999999999889e-01
-7.909416652494354594e+01 3.716237967053094837e-01 -2.164999999999964952e+00 4.000000000000000000e+02 -7.272595229266565298e+01 -8.088366657935692672e+01 1.350000000000000089e-01
-7.893969275885487491e+01 3.011475012620731251e-01 -2.167499999999964899e+00 4.000000000000000000e+02 -7.247698056364721708e+01 -8.063719485033848855e+01 2.000000000000000111e-01
-7.877152048167262421e+01 3.358205952231811398e-01 -2.169999999999964846e+00 4.000000000000000000e+02 -7.228717034370446015e+01 -8.044988463039574356e+01 1.304999999999999938e+00
-7.860036174324125113e+01 3.930981200831791256e-01 -2.172499999999964793e+00 4.000000000000000000e+02 -7.168067514179597310e+01 -7.984588942848725424e+01 7.099999999999999645e-01
-7.834743494416180454e+01 4.165225573762123545e-01 -2.174999999999964739e+00 4.000000000000000000e+02 -7.136089496416498434e+01 -7.952860925085626320e+01 5.350000000000000311e-01
-7.807976316572394637e+01 3.516458169176660542e-01 -2.177499999999964686e+00 4.000000000000000000e+02 -7.124798836981453576e+01 -7.941820265650581234e+01 1.725000000000000089e+00
-7.784686367857074174e+01 4.211460159880752174e-01 -2.179999999999964633e+00 4.000000000000000000e+02 -7.119570071043912662e+01 -7.936841499713040093e+01 1.870000000000000107e+00
-7.764934743282742602e+01 4.368673083758659592e-01 -2.182499999999964579e+00 4.000000000000000000e+02 -7.052989647249212624e+01 -7.870511075918339827e+01 6.750000000000000444e-01
-7.735077976583194470e+01 5.999439975602679498e-01 -2.184999999999964526e+00 4.000000000000000000e+02 -7.046251085757468502e+01 -7.864022514426596899e+01 1.959999999999999964e+00
-7.710750148821746563e+01 4.918543224101081246e-01 -2.187499999999964473e+00 4.000000000000000000e+02 -7.010885824681018619e+01 -7.828907253350146789e+01 1.155000000000000027e+00
-7.683992286617291256e+01 4.053933452342050603e-01 -2.189999999999964420e+00 4.000000000000000000e+02 -6.999922676624373707e+01 -7.818194105293501650e+01 1.745000000000000107e+00
-7.660776585994975107e+01 3.510120426148305439e-01 -2.192499999999964366e+00 4.000000000000000000e+02 -6.996632020696095822e+01 -7.815153449365223537e+01 1.844999999999999973e+00
-7.641419555978262679e+01 3.476647494529895854e-01 -2.194999999999964313e+00 4.000000000000000000e+02 -6.995731091637705390e+01 -7.814502520306832878e+01 1.120000000000000107e+00
-7.625111001092002994e+01 3.176270291928852130e-01 -2.197499999999964260e+00 4.000000000000000000e+02 -6.986582102582538312e+01 -7.805603531251665572e+01 9.649999999999999689e-01
-7.609882958491449756e+01 2.482980065213019338e-01 -2.199999999999964206e+00 4.000000000000000000e+02 -6.953888114089380679e+01 -7.773159542758509133e+01 1.600000000000000033e-01
-7.592035842097881471e+01 2.367809401545971637e-01 -2.202499999999964153e+00 4.000000000000000000e+02 -6.946813036193314872e+01 -7.766334464862443099e+01 1.895000000000000018e+00
-7.575909279374984351e+01 2.749678788192902457e-01 -2.204999999999964100e+00 4.000000000000000000e+02 -6.923288500885776386e+01 -7.743059929554904386e+01 1.419999999999999929e+00
-7.558685214178984779e+01 3.135783011588088587e-01 -2.207499999999964047e+00 4.000000000000000000e+02 -6.882784571820575081e+01 -7.702806000489702853e+01 1.254999999999999893e+00
-7.537445269812937454e+01 3.590595865394559660e-01 -2.209999999999963993e+00 4.000000000000000000e+02 -6.874790281796374813e+01 -7.695061710465502358e+01 2.500000000000000139e-02
-7.518650810360556136e+01 3.956777874572371401e-01 -2.212499999999963940e+00 4.000000000000000000e+02 -6.857857851650891234e+01 -7.678379280320018552e+01 1.320000000000000062e+00
-7.500215072663138471e+01 5.541726747555540955e-01 -2.214999999999963887e+00 4.000000000000000000e+02 -6.790313273632536095e+01 -7.611084702301663185e+01 1.175000000000000044e+00
-7.471698013896489954e+01 5.719805674751061719e-01 -2.217499999999963833e+00 4.000000000000000000e+02 -6.769242707541684467e+01 -7.590264136210811330e+01 9.649999999999999689e-01
-7.445036026563431619e+01 4.195046895700434986e-01 -2.219999999999963780e+00 4.000000000000000000e+02 -6.730552519607230977e+01 -7.551823948276359033e+01 2.200000000000000011e-01
-7.415490592372449896e+01 5.750684750054226857e-01 -2.222499999999963727e+00 4.000000000000000000e+02 -6.722695426673224972e+01 -7.544216855342352801e+01 4.600000000000000200e-01
-7.391115588521624602e+01 5.113733355565485139e-01 -2.224999999999963674e+00 4.000000000000000000e+02 -6.601758246206318859e+01 -7.423529674875446460e+01 1.610000000000000098e+00
-7.336700281996348849e+01 6.231695568175895650e-01 -2.227499999999963620e+00 4.000000000000000000e+02 -6.561900023277428318e+01 -7.383921451946555692e+01 8.800000000000000044e-01
-7.288234368507974636e+01 8.855609067601490914e-01 -2.229999999999963567e+00 4.000000000000000000e+02 -6.539514110336264707e+01 -7.361785539005391854e+01 7.299999999999999822e-01
-7.249080161660806709e+01 7.858532401630959896e-01 -2.232499999999963514e+00 4.000000000000000000e+02 -6.534696545766638565e+01 -7.357217974435766905e+01 6.350000000000000089e-01
-7.219878307875426060e+01 6.537768012454282518e-01 -2.234999999999963460e+00 4.000000000000000000e+02 -6.525425911348482089e+01 -7.348197340017610202e+01 1.219999999999999973e+00
-7.195415072602754947e+01 6.845813754238401216e-01 -2.237499999999963407e+00 4.000000000000000000e+02 -6.510728045106837669e+01 -7.333749473775965555e+01 8.950000000000000178e-01
-7.173041640805993779e+01 8.130900276314793063e-01 -2.239999999999963354e+00 4.000000000000000000e+02 -6.488733104065012469e+01 -7.312004532734140128e+01 7.049999999999999600e-01
-7.150793887942900540e+01 7.426617286755828884e-01 -2.242499999999963300e+00 4.000000000000000000e+02 -6.471874806263201663e+01 -7.295396234932329094e+01 1.550000000000000044e+00
-7.129645915000975265e+01 6.328723939132977483e-01 -2.244999999999963247e+00 4.000000000000000000e+02 -6.448445876617915928e+01 -7.272217305287043132e+01 4.899999999999999911e-01
-7.108107617437326553e+01 6.068749118143798027e-01 -2.247499999999963194e+00 4.000000000000000000e+02 -6.369783078779379082e+01 -7.193804507448507479e+01 1.955000000000000071e+00
-7.072729273448906895e+01 5.093943991814070538e-01 -2.249999999999963141e+00 4.000000000000000000e+02 -6.369753257354798848e+01 -7.194024686023927018e+01 9.549999999999999600e-01
-7.046699393466386141e+01 4.206200585615259002e-01 -2.252499999999963087e+00 4.000000000000000000e+02 -6.349870375953226187e+01 -7.174391804622354130e+01 4.650000000000000244e-01
-7.022099842662369440e+01 5.689566928483678065e-01 -2.254999999999963034e+00 4.000000000000000000e+02 -6.321224419423890595e+01 -7.145995848093018310e+01 1.114999999999999991e+00
-6.996660017727390368e+01 6.073590835291231560e-01 -2.257499999999962981e+00 4.000000000000000000e+02 -6.272984932253796586e+01 -7.098006360922923363e+01 1.864999999999999991e+00
-6.965694158195285013e+01 6.275018964845000546e-01 -2.259999999999962927e+00 4.000000000000000000e+02 -6.271608077624788535e+01 -7.096879506293916506e+01 8.299999999999999600e-01
-6.941845993240195867e+01 4.929176210656757706e-01 -2.262499999999962874e+00 4.000000000000000000e+02 -6.219402901992106791e+01 -7.044924330661234535e+01 5.350000000000000311e-01
-6.911338445600488001e+01 5.862500651287970710e-01 -2.264999999999962821e+00 4.000000000000000000e+02 -6.217244830993821125e+01 -7.043016259662948642e+01 1.510000000000000009e+00
-6.887594568018452890e+01 3.264111783501256747e-01 -2.267499999999962768e+00 4.000000000000000000e+02 -6.206174781674940277e+01 -7.032196210344068277e+01 5.849999999999999645e-01
-6.866446460757136094e+01 3.748271540339658814e-01 -2.269999999999962714e+00 4.000000000000000000e+02 -6.205264900496206337e+01 -7.031536329165334109e+01 1.344999999999999973e+00
-6.848893490163899855e+01 4.182071602685011324e-01 -2.272499999999962661e+00 4.000000000000000000e+02 -6.204092518471575346e+01 -7.030613947140702180e+01 2.650000000000000133e-01
-6.833837983576852082e+01 3.901914325758590318e-01 -2.274999999999962608e+00 4.000000000000000000e+02 -6.189240299269364698e+01 -7.016011727938492015e+01 1.489999999999999991e+00
-6.818845709416928003e+01 3.628435881531953400e-01 -2.277499999999962554e+00 4.000000000000000000e+02 -6.180608379473635239e+01 -7.007629808142762329e+01 1.655000000000000027e+00
-6.804747995379567271e+01 2.919628936930775409e-01 -2.279999999999962501e+00 4.000000000000000000e+02 -6.152111236523807491e+01 -6.979382665192935065e+01 1.415000000000000036e+00
-6.788671409983190586e+01 2.767311201256805187e-01 -2.282499999999962448e+00 4.000000000000000000e+02 -6.145302128707161415e+01 -6.972823557376288761e+01 1.780000000000000027e+00
-6.773952245810002637e+01 2.600818512176056307e-01 -2.284999999999962395e+00 4.000000000000000000e+02 -6.115355150216932145e+01 -6.943126578886059974e+01 1.419999999999999929e+00
-6.757045659977235630e+01 2.543954768745685380e-01 -2.287499999999962341e+00 4.000000000000000000e+02 -6.094657454905571115e+01 -6.922678883574698716e+01 1.205000000000000071e+00
-6.739579963649212857e+01 2.502865497160824959e-01 -2.289999999999962288e+00 4.000000000000000000e+02 -6.079060809777372754e+01 -6.907332238446500128e+01 6.700000000000000400e-01
-6.722450848852011518e+01 1.919533852869111934e-01 -2.292499999999962235e+00 4.000000000000000000e+02 -6.077765803954083168e+01 -6.906287232623211025e+01 1.570000000000000062e+00
-6.707688406713479878e+01 2.839809123883885733e-01 -2.294999999999962181e+00 4.000000000000000000e+02 -6.076426571621462358e+01 -6.905198000290589277e+01 1.969999999999999973e+00
-6.694695465323431449e+01 2.662081685355427996e-01 -2.297499999999962128e+00 4.000000000000000000e+02 -6.049850154487900511e+01 -6.878871583157027203e+01 1.975000000000000089e+00
-6.679979581679809542e+01 2.579098703496351952e-01 -2.299999999999962075e+00 4.000000000000000000e+02 -6.041188541693637859e+01 -6.870459970362765034e+01 1.875000000000000000e+00
-6.666103278049875769e+01 2.625433450679338643e-01 -2.302499999999962021e+00 4.000000000000000000e+02 -6.030661212177270869e+01 -6.860182640846397817e+01 1.340000000000000080e+00
-6.652686038925315870e+01 3.158895728074568865e-01 -2.304999999999961968e+00 4.000000000000000000e+02 -6.029455699936001878e+01 -6.859227128605130019e+01 1.945000000000000062e+00
-6.640750863619513211e+01 2.325608150111778405e-01 -2.307499999999961915e+00 4.000000000000000000e+02 -5.998522089267331125e+01 -6.828543517936458329e+01 4.600000000000000200e-01
-6.626522221084482567e+01 3.399226692323260024e-01 -2.309999999999961862e+00 4.000000000000000000e+02 -5.997774676279246364e+01 -6.828046104948373340e+01 1.540000000000000036e+00
-6.614009857004937487e+01 3.892521207192962129e-01 -2.312499999999961808e+00 4.000000000000000000e+02 -5.995792242915879910e+01 -6.826313671585006659e+01 7.900000000000000355e-01
-6.602706679638008325e+01 4.310839556439310938e-01 -2.314999999999961755e+00 4.000000000000000000e+02 -5.992158798170792267e+01 -6.822930226839919499e+01 6.099999999999999867e-01
-6.592220624179134347e+01 3.690804580082412967e-01 -2.317499999999961702e+00 4.000000000000000000e+02 -5.991019023353253914e+01 -6.822040452022380919e+01 9.499999999999999556e-01
-6.582649646449871739e+01 3.378400239349867440e-01 -2.319999999999961648e+00 4.000000000000000000e+02 -5.986657936232192867e+01 -6.817929364901320355e+01 4.149999999999999800e-01
-6.573564825191745342e+01 3.547228558228834316e-01 -2.322499999999961595e+00 4.000000000000000000e+02 -5.975233730765189222e+01 -6.806755159434317193e+01 1.145000000000000018e+00
-6.564296813124147434e+01 3.352649877634766851e-01 -2.324999999999961542e+00 4.000000000000000000e+02 -5.945421060858841855e+01 -6.777192489527969599e+01 1.665000000000000036e+00
-6.553056725668098181e+01 3.338346098482881108e-01 -2.327499999999961489e+00 4.000000000000000000e+02 -5.920729323376832554e+01 -6.752750752045960780e+01 7.900000000000000355e-01
-6.540327402428367520e+01 3.395301793260136480e-01 -2.329999999999961435e+00 4.000000000000000000e+02 -5.918982901524559992e+01 -6.751254330193687281e+01 1.375000000000000000e+00
-6.528876158444379030e+01 3.755622716328076427e-01 -2.332499999999961382e+00 4.000000000000000000e+02 -5.869988876380723042e+01 -6.702510305049850103e+01 1.800000000000000044e+00
-6.512650352352379457e+01 3.389067601467197210e-01 -2.334999999999961329e+00 4.000000000000000000e+02 -5.861914948432621486e+01 -6.694686377101749031e+01 6.550000000000000266e-01
-6.497638892738486049e+01 3.725945474769145616e-01 -2.337499999999961275e+00 4.000000000000000000e+02 -5.836242072038123752e+01 -6.669263500707251069e+01 1.915000000000000036e+00
-6.481109518170362094e+01 3.869895878512175091e-01 -2.339999999999961222e+00 4.000000000000000000e+02 -5.796047814623101857e+01 -6.629319243292229658e+01 1.290000000000000036e+00
-6.460639199339114214e+01 3.891144597606714939e-01 -2.342499999999961169e+00 4.000000000000000000e+02 -5.793368325102272820e+01 -6.626889753771399683e+01 1.104999999999999982e+00
-6.443272177273294687e+01 3.988538811106116522e-01 -2.344999999999961116e+00 4.000000000000000000e+02 -5.765385762240924095e+01 -6.599157190910051440e+01 1.804999999999999938e+00
-6.424178919905851615e+01 3.920194331376333774e-01 -2.347499999999961062e+00 4.000000000000000000e+02 -5.756182126280542377e+01 -6.590203554949670206e+01 9.799999999999999822e-01
-6.406775846211805003e+01 4.361360842164057616e-01 -2.349999999999961009e+00 4.000000000000000000e+02 -5.749291091553407540e+01 -6.583562520222534431e+01 2.000000000000000042e-02
-6.391015938524351725e+01 4.264877846416406104e-01 -2.352499999999960956e+00 4.000000000000000000e+02 -5.749262241937351092e+01 -6.583783670606479177e+01 1.205000000000000071e+00
-6.377433062595326874e+01 4.268688188725610622e-01 -2.354999999999960902e+00 4.000000000000000000e+02 -5.748569818033267609e+01 -6.583341246702394756e+01 1.844999999999999973e+00
-6.365426482300749456e+01 3.677926033254617089e-01 -2.357499999999960849e+00 4.000000000000000000e+02 -5.727543829784397644e+01 -6.562565258453524564e+01 1.899999999999999911e+00
-6.352388285924756417e+01 3.501642038697677650e-01 -2.359999999999960796e+00 4.000000000000000000e+02 -5.708564178945123047e+01 -6.543835607614249739e+01 7.600000000000000089e-01
-6.338636737721380143e+01 3.344954332136725883e-01 -2.362499999999960743e+00 4.000000000000000000e+02 -5.690733123540447735e+01 -6.526254552209574911e+01 8.850000000000000089e-01
-6.324384889076125660e+01 3.547728238557640301e-01 -2.364999999999960689e+00 4.000000000000000000e+02 -5.681298962368150285e+01 -6.517070391037277943e+01 8.999999999999999667e-02
-6.310791565523663849e+01 3.889419645398244363e-01 -2.367499999999960636e+00 4.000000000000000000e+02 -5.665125667745962801e+01 -6.501147096415090232e+01 1.725000000000000089e+00
-6.296899075808751434e+01 3.588094277906987428e-01 -2.369999999999960583e+00 4.000000000000000000e+02 -5.661302341153282924e+01 -6.497573769822410839e+01 5.999999999999999778e-02
-6.284286461639624122e+01 3.275785319175820165e-01 -2.372499999999960529e+00 4.000000000000000000e+02 -5.627323761598977825e+01 -6.463845190268105512e+01 1.925000000000000044e+00
-6.268925987132192290e+01 2.943050979698274561e-01 -2.374999999999960476e+00 4.000000000000000000e+02 -5.620883196635158185e+01 -6.457654625304284934e+01 1.824999999999999956e+00
-6.254820978783747165e+01 3.264594906149309028e-01 -2.377499999999960423e+00 4.000000000000000000e+02 -5.618757019243550133e+01 -6.455778447912678075e+01 1.870000000000000107e+00
-6.242241830702954530e+01 3.306733816455631469e-01 -2.379999999999960369e+00 4.000000000000000000e+02 -5.616154814479431678e+01 -6.453426243148558683e+01 5.849999999999999645e-01
-6.230818414379095316e+01 3.285640951545210076e-01 -2.382499999999960316e+00 4.000000000000000000e+02 -5.591621507495198529e+01 -6.429142936164325306e+01 1.520000000000000018e+00
-6.217924411390485062e+01 3.082315245481310750e-01 -2.384999999999960263e+00 4.000000000000000000e+02 -5.590672411232445427e+01 -6.428443839901572687e+01 1.465000000000000080e+00
-6.206428996130710374e+01 3.407829992917763562e-01 -2.387499999999960210e+00 4.000000000000000000e+02 -5.576816564300289514e+01 -6.414837992969417257e+01 4.600000000000000200e-01
-6.194702235173690497e+01 4.051546896089017191e-01 -2.389999999999960156e+00 4.000000000000000000e+02 -5.556201997252848912e+01 -6.394473425921976428e+01 1.074999999999999956e+00
-6.181982131838034888e+01 3.692261274141480643e-01 -2.392499999999960103e+00 4.000000000000000000e+02 -5.548111918621670213e+01 -6.386633347290797502e+01 1.270000000000000018e+00
-6.169832545493270715e+01 3.955514569962108040e-01 -2.394999999999960050e+00 4.000000000000000000e+02 -5.505535269980278912e+01 -6.344306698649405973e+01 3.500000000000000333e-02
-6.153732105699326382e+01 4.153026084842401655e-01 -2.397499999999959996e+00 4.000000000000000000e+02 -5.499923450290152971e+01 -6.338944878959280516e+01 9.300000000000000488e-01
-6.139157448149309459e+01 4.737292987557091828e-01 -2.399999999999959943e+00 4.000000000000000000e+02 -5.473117460778946253e+01 -6.312388889448073570e+01 1.879999999999999893e+00
-6.122871222212560838e+01 3.764678165240217256e-01 -2.402499999999959890e+00 4.000000000000000000e+02 -5.470432198234376386e+01 -6.309953626903503476e+01 5.350000000000000311e-01
-6.108548090586121759e+01 2.387179377778518852e-01 -2.404999999999959837e+00 4.000000000000000000e+02 -5.454700291683916902e+01 -6.294471720353044475e+01 1.449999999999999956e+00
-6.094069546040874741e+01 2.202768108810801428e-01 -2.407499999999959783e+00 4.000000000000000000e+02 -5.428055688058415740e+01 -6.268077116727543086e+01 1.199999999999999956e+00
-6.077899582036959458e+01 3.038292086724270757e-01 -2.409999999999959730e+00 4.000000000000000000e+02 -5.418871746936209632e+01 -6.259143175605336751e+01 8.000000000000000167e-02
-6.062777287560675177e+01 3.001102610993968689e-01 -2.412499999999959677e+00 4.000000000000000000e+02 -5.418002992515145166e+01 -6.258524421184272057e+01 1.350000000000000089e-01
-6.049567934289004256e+01 3.185639177240321418e-01 -2.414999999999959623e+00 4.000000000000000000e+02 -5.408183998475185206e+01 -6.248955427144312580e+01 2.049999999999999878e-01
-6.036801923287234217e+01 3.469217107950682832e-01 -2.417499999999959570e+00 4.000000000000000000e+02 -5.405470009556193389e+01 -6.246491438225320536e+01 5.400000000000000355e-01
-6.025216051149732266e+01 3.028673915767426394e-01 -2.419999999999959517e+00 4.000000000000000000e+02 -5.399901457296954277e+01 -6.241172885966081196e+01 1.189999999999999947e+00
-6.014296991908126699e+01 3.441523605218994586e-01 -2.422499999999959464e+00 4.000000000000000000e+02 -5.391457548008852996e+01 -6.232978976677980398e+01 8.149999999999999467e-01
-6.003656404529472468e+01 3.470322135946012909e-01 -2.424999999999959410e+00 4.000000000000000000e+02 -5.390824107294947964e+01 -6.232595535964075140e+01 1.290000000000000036e+00
-5.994004721191721075e+01 3.024331398089021850e-01 -2.427499999999959357e+00 4.000000000000000000e+02 -5.384182525263193497e+01 -6.226203953932321156e+01 2.800000000000000266e-01
-5.984648584461348975e+01 3.732914788659338345e-01 -2.429999999999959304e+00 4.000000000000000000e+02 -5.357122022787176263e+01 -6.199393451456303694e+01 5.799999999999999600e-01
-5.973603475387884743e+01 3.712532964888905496e-01 -2.432499999999959250e+00 4.000000000000000000e+02 -5.338453233666895414e+01 -6.180974662336022618e+01 4.050000000000000266e-01
-5.961761346437587861e+01 3.303226203674087813e-01 -2.434999999999959197e+00 4.000000000000000000e+02 -5.335184885333833193e+01 -6.177956314002960170e+01 3.900000000000000133e-01
-5.950866893482211140e+01 3.506685595732127458e-01 -2.437499999999959144e+00 4.000000000000000000e+02 -5.333537761001299771e+01 -6.176559189670426520e+01 2.449999999999999956e-01
-5.940912041341321981e+01 3.761328843989115711e-01 -2.439999999999959091e+00 4.000000000000000000e+02 -5.328063325303777020e+01 -6.171334753972904252e+01 3.200000000000000067e-01
-5.931395939799904227e+01 4.551985431143604210e-01 -2.442499999999959037e+00 4.000000000000000000e+02 -5.327754588090542853e+01 -6.171276016759669858e+01 2.849999999999999756e-01
-5.922702344776733696e+01 4.046914257696403450e-01 -2.444999999999958984e+00 4.000000000000000000e+02 -5.325202562433420894e+01 -6.168973991102548382e+01 1.965000000000000080e+00
-5.914525621102940534e+01 3.673441231320033751e-01 -2.447499999999958931e+00 4.000000000000000000e+02 -5.321550113961237827e+01 -6.165571542630365087e+01 1.675000000000000044e+00
-5.906715607058767148e+01 3.008083903505012757e-01 -2.449999999999958877e+00 4.000000000000000000e+02 -5.317251524531661033e+01 -6.161522953200788066e+01 1.550000000000000044e+00
-5.899183318685250299e+01 2.846444506928974549e-01 -2.452499999999958824e+00 4.000000000000000000e+02 -5.304281199525413371e+01 -6.148802628194540887e+01 7.850000000000000311e-01
-5.891265415914507741e+01 3.227132325647597555e-01 -2.454999999999958771e+00 4.000000000000000000e+02 -5.280113503684451359e+01 -6.124884932353578648e+01 1.570000000000000062e+00
-5.882035318683067260e+01 3.376778483626721727e-01 -2.457499999999958717e+00 4.000000000000000000e+02 -5.269994153035659679e+01 -6.115015581704786740e+01 1.050000000000000044e+00
-5.872748694353033017e+01 3.973978866277402822e-01 -2.459999999999958664e+00 4.000000000000000000e+02 -5.264459348403551076e+01 -6.109730777072678620e+01 1.739999999999999991e+00
-5.863810568968458625e+01 4.140599874060884034e-01 -2.462499999999958611e+00 4.000000000000000000e+02 -5.261405518015654792e+01 -6.106926946684782109e+01 8.549999999999999822e-01
-5.855382480324898609e+01 3.083205038408037280e-01 -2.464999999999958558e+00 4.000000000000000000e+02 -5.239474622127668368e+01 -6.085246050796795458e+01 7.399999999999999911e-01
-5.845815494292055092e+01 2.849947880196413430e-01 -2.467499999999958504e+00 4.000000000000000000e+02 -5.208729109757118891e+01 -6.054750538426246464e+01 1.235000000000000098e+00
-5.834146805984973128e+01 2.718379095857650363e-01 -2.469999999999958451e+00 4.000000000000000000e+02 -5.178130558276593831e+01 -6.024401986945721177e+01 1.574999999999999956e+00
-5.820241294535370713e+01 2.339695861990455372e-01 -2.472499999999958398e+00 4.000000000000000000e+02 -5.158250255882290958e+01 -6.004771684551418076e+01 1.935000000000000053e+00
-5.805573816547461519e+01 3.204057269623284965e-01 -2.474999999999958344e+00 4.000000000000000000e+02 -5.153297121817804083e+01 -6.000068550486930974e+01 9.500000000000000111e-02
-5.792208637093486345e+01 3.609254202691363766e-01 -2.477499999999958291e+00 4.000000000000000000e+02 -5.150933002528621074e+01 -5.997954431197747738e+01 1.205000000000000071e+00
-5.780183671095890929e+01 3.679868662788165490e-01 -2.479999999999958238e+00 4.000000000000000000e+02 -5.145649069558390210e+01 -5.992920498227517356e+01 2.899999999999999800e-01
-5.768926683735000438e+01 3.789627893728218511e-01 -2.482499999999958185e+00 4.000000000000000000e+02 -5.125725781172736362e+01 -5.973247209841863281e+01 1.340000000000000080e+00
-5.756739209337134611e+01 3.804638351828045773e-01 -2.484999999999958131e+00 4.000000000000000000e+02 -5.096103491154793375e+01 -5.943874919823920777e+01 1.804999999999999938e+00
-5.742423189534644479e+01 2.939978204766105496e-01 -2.487499999999958078e+00 4.000000000000000000e+02 -5.089311449121603914e+01 -5.937332877790731089e+01 1.084999999999999964e+00
-5.729109828948605099e+01 3.768811916263858919e-01 -2.489999999999958025e+00 4.000000000000000000e+02 -5.070996201215923804e+01 -5.919267629885050752e+01 4.400000000000000022e-01
-5.715191670273300417e+01 3.072723322962338521e-01 -2.492499999999957971e+00 4.000000000000000000e+02 -5.042997102443582236e+01 -5.891518531112708956e+01 1.550000000000000044e+00
-5.699364586421467038e+01 2.664851337564555500e-01 -2.494999999999957918e+00 4.000000000000000000e+02 -5.031492754360539266e+01 -5.880264183029666469e+01 1.705000000000000071e+00
-5.684193942600818872e+01 3.367622653210626260e-01 -2.497499999999957865e+00 4.000000000000000000e+02 -5.029810038303487829e+01 -5.878831466972614805e+01 1.544999999999999929e+00
-5.670846615838825500e+01 3.742326213366790610e-01 -2.499999999999957812e+00 4.000000000000000000e+02 -4.977072080307473811e+01 -5.826343508976600560e+01 8.950000000000000178e-01
-5.651685790335029935e+01 4.652621809667554786e-01 -2.502499999999957758e+00 4.000000000000000000e+02 -4.954788440056140075e+01 -5.804309868725267307e+01 2.800000000000000266e-01
-5.632018054953817909e+01 3.283802180558261230e-01 -2.504999999999957705e+00 4.000000000000000000e+02 -4.953653744519254332e+01 -5.803425173188381336e+01 2.099999999999999922e-01
-5.615455514107762269e+01 2.938927109388149161e-01 -2.507499999999957652e+00 4.000000000000000000e+02 -4.888298401846619612e+01 -5.738319830515746389e+01 2.949999999999999845e-01
-5.589783025580837261e+01 1.771763786122592665e-01 -2.509999999999957598e+00 4.000000000000000000e+02 -4.872463632401068878e+01 -5.722735061070196139e+01 1.504999999999999893e+00
-5.566307110991186846e+01 2.438459976924326755e-01 -2.512499999999957545e+00 4.000000000000000000e+02 -4.854105860078495738e+01 -5.704627288747622771e+01 8.199999999999999512e-01
-5.543930827628744140e+01 3.582713486795924829e-01 -2.514999999999957492e+00 4.000000000000000000e+02 -4.837351561300729230e+01 -5.688122989969856036e+01 8.950000000000000178e-01
-5.522704537722722051e+01 4.421018630304282548e-01 -2.517499999999957438e+00 4.000000000000000000e+02 -4.831839019401611068e+01 -5.682860448070738357e+01 1.860000000000000098e+00
-5.504340636724867153e+01 4.663544408575940325e-01 -2.519999999999957385e+00 4.000000000000000000e+02 -4.829780448247537805e+01 -5.681051876916664867e+01 1.364999999999999991e+00
-5.488569726652443137e+01 5.148298896739096353e-01 -2.522499999999957332e+00 4.000000000000000000e+02 -4.822491310235142947e+01 -5.674012738904269781e+01 7.600000000000000089e-01
-5.474026263813134108e+01 4.345188233590810412e-01 -2.524999999999957279e+00 4.000000000000000000e+02 -4.812378421344205037e+01 -5.664149850013332355e+01 1.459999999999999964e+00
-5.460103658956111161e+01 4.637459010514906610e-01 -2.527499999999957225e+00 4.000000000000000000e+02 -4.807022490958982530e+01 -5.659043919628109620e+01 1.669999999999999929e+00
-5.447283942675300494e+01 4.345414878825318850e-01 -2.529999999999957172e+00 4.000000000000000000e+02 -4.779689448513122585e+01 -5.631960877182249448e+01 1.540000000000000036e+00
-5.432636444405379450e+01 4.950787439784341548e-01 -2.532499999999957119e+00 4.000000000000000000e+02 -4.769806718950147228e+01 -5.622328147619273864e+01 3.549999999999999822e-01
-5.418657602724518796e+01 4.034499925886285143e-01 -2.534999999999957065e+00 4.000000000000000000e+02 -4.768485323543013976e+01 -5.621256752212141095e+01 8.950000000000000178e-01
-5.406271104698730312e+01 3.650988088321516778e-01 -2.537499999999957012e+00 4.000000000000000000e+02 -4.764715819924816032e+01 -5.617737248593942923e+01 1.375000000000000000e+00
-5.394878063364728149e+01 4.537345390177189297e-01 -2.539999999999956959e+00 4.000000000000000000e+02 -4.728486804807428712e+01 -5.581758233476556086e+01 1.010000000000000009e+00
-5.380527920602224867e+01 4.053715716768304667e-01 -2.542499999999956906e+00 4.000000000000000000e+02 -4.718766227106409872e+01 -5.572287655775537019e+01 7.750000000000000222e-01
-5.366816456414103698e+01 3.873698751494641379e-01 -2.544999999999956852e+00 4.000000000000000000e+02 -4.672774909157191559e+01 -5.526546337826318478e+01 1.499999999999999944e-02
-5.348380956349534898e+01 3.647998611850883366e-01 -2.547499999999956799e+00 4.000000000000000000e+02 -4.662903359939204506e+01 -5.516924788608331198e+01 6.250000000000000000e-01
-5.331376036726569367e+01 4.209551195711391802e-01 -2.549999999999956746e+00 4.000000000000000000e+02 -4.622917837669969998e+01 -5.477189266339097173e+01 5.500000000000000028e-02
-5.310457747108398507e+01 4.335803142447142156e-01 -2.552499999999956692e+00 4.000000000000000000e+02 -4.616355927254218017e+01 -5.470877355923344965e+01 7.000000000000000666e-02
-5.292138036658019473e+01 4.292781640660688347e-01 -2.554999999999956639e+00 4.000000000000000000e+02 -4.613103715969369034e+01 -5.467875144638495755e+01 7.900000000000000355e-01
-5.276224406329794903e+01 5.993609401077441001e-01 -2.557499999999956586e+00 4.000000000000000000e+02 -4.608467772886049829e+01 -5.463489201555177033e+01 7.650000000000000133e-01
-5.261925594838226061e+01 5.961501622068183792e-01 -2.559999999999956533e+00 4.000000000000000000e+02 -4.593117048163923499e+01 -5.448388476833050476e+01 9.350000000000000533e-01
-5.247519567885665737e+01 5.564183875295721782e-01 -2.562499999999956479e+00 4.000000000000000000e+02 -4.582312397384747271e+01 -5.437833826053874020e+01 1.150000000000000050e-01
-5.233621723864094832e+01 5.488076677756932309e-01 -2.564999999999956426e+00 4.000000000000000000e+02 -4.564206557437211131e+01 -5.419977986106337653e+01 5.150000000000000133e-01
-5.219201385728089093e+01 5.067110090648314635e-01 -2.567499999999956373e+00 4.000000000000000000e+02 -4.561190696456771576e+01 -5.417212125125898581e+01 1.030000000000000027e+00
-5.206269371050317574e+01 4.250759278748132974e-01 -2.569999999999956319e+00 4.000000000000000000e+02 -4.552107529089893490e+01 -5.408378957759020267e+01 1.715000000000000080e+00
-5.193825715031631773e+01 4.164674657667606361e-01 -2.572499999999956266e+00 4.000000000000000000e+02 -4.536842536152484229e+01 -5.393363964821611489e+01 6.149999999999999911e-01
-5.181077759891654466e+01 3.830440790964231845e-01 -2.574999999999956213e+00 4.000000000000000000e+02 -4.524111582003961018e+01 -5.380883010673088052e+01 1.864999999999999991e+00
-5.168361724191002082e+01 3.608201009232839818e-01 -2.577499999999956160e+00 4.000000000000000000e+02 -4.502380259471704704e+01 -5.359401688140831510e+01 1.955000000000000071e+00
-5.154557746016990905e+01 2.894630102181359188e-01 -2.579999999999956106e+00 4.000000000000000000e+02 -4.491732008266971121e+01 -5.349003436936098410e+01 6.149999999999999911e-01
-5.141186429702552374e+01 3.527117824865631524e-01 -2.582499999999956053e+00 4.000000000000000000e+02 -4.485653004767615926e+01 -5.343174433436742987e+01 8.449999999999999734e-01
-5.128728540141351289e+01 2.676993992972552250e-01 -2.584999999999956000e+00 4.000000000000000000e+02 -4.481113615938679828e+01 -5.338885044607806662e+01 7.500000000000000000e-01
-5.117193650064758259e+01 2.876941986707027277e-01 -2.587499999999955946e+00 4.000000000000000000e+02 -4.480230554032857526e+01 -5.338251982701984844e+01 1.614999999999999991e+00
-5.106790385791791209e+01 2.440355163125729476e-01 -2.589999999999955893e+00 4.000000000000000000e+02 -4.478349680423807655e+01 -5.336621109092934745e+01 9.749999999999999778e-01
-5.097220402466679445e+01 2.439086080447904203e-01 -2.592499999999955840e+00 4.000000000000000000e+02 -4.469192050374333292e+01 -5.327713479043460154e+01 6.199999999999999956e-01
-5.087710686062445831e+01 1.896736951919885117e-01 -2.594999999999955786e+00 4.000000000000000000e+02 -4.466845884960894608e+01 -5.325617313630021243e+01 1.225000000000000089e+00
-5.078851278838101990e+01 2.161662683615473146e-01 -2.597499999999955733e+00 4.000000000000000000e+02 -4.465004928800972550e+01 -5.324026357470098958e+01 9.899999999999999911e-01
-5.070588023382965304e+01 2.053861361720430712e-01 -2.599999999999955680e+00 4.000000000000000000e+02 -4.450780891316789223e+01 -5.310052319985916114e+01 1.875000000000000000e+00
-5.061859742690906927e+01 1.676030424892578363e-01 -2.602499999999955627e+00 4.000000000000000000e+02 -4.449631370046850520e+01 -5.309152798715977184e+01 1.189999999999999947e+00
-5.053762837227058213e+01 1.547777250839562080e-01 -2.604999999999955573e+00 4.000000000000000000e+02 -4.441154339089737135e+01 -5.300925767758863572e+01 4.849999999999999867e-01
-5.045655804817477019e+01 1.644704413120812170e-01 -2.607499999999955520e+00 4.000000000000000000e+02 -4.434017591840904515e+01 -5.294039020510031435e+01 6.350000000000000089e-01
-5.037643264620228933e+01 1.739269806414900366e-01 -2.609999999999955467e+00 4.000000000000000000e+02 -4.426603182449200347e+01 -5.286874611118327039e+01 3.049999999999999933e-01
-5.029695774988282153e+01 2.009005517485139003e-01 -2.612499999999955413e+00 4.000000000000000000e+02 -4.423962255350969031e+01 -5.284483684020095495e+01 5.749999999999999556e-01
-5.022162076208314119e+01 2.137220284112331670e-01 -2.614999999999955360e+00 4.000000000000000000e+02 -4.421172724441873214e+01 -5.281944153111000162e+01 6.650000000000000355e-01
-5.014982524861241586e+01 2.135121735783141461e-01 -2.617499999999955307e+00 4.000000000000000000e+02 -4.412520836831531312e+01 -5.273542265500658033e+01 1.800000000000000044e+00
-5.007717808131589265e+01 1.918165275793295432e-01 -2.619999999999955254e+00 4.000000000000000000e+02 -4.405550918871865917e+01 -5.266822347540993121e+01 7.600000000000000089e-01
-5.000491169510962663e+01 1.904606772104955048e-01 -2.622499999999955200e+00 4.000000000000000000e+02 -4.401856996918176890e+01 -5.263378425587303866e+01 1.564999999999999947e+00
-4.993523660237943318e+01 2.092107942175069069e-01 -2.624999999999955147e+00 4.000000000000000000e+02 -4.400266863784570859e+01 -5.262038292453697608e+01 1.814999999999999947e+00
-4.986925111692392676e+01 1.900351928039088201e-01 -2.627499999999955094e+00 4.000000000000000000e+02 -4.395704949358369618e+01 -5.257726378027496139e+01 1.415000000000000036e+00
-4.980471024963562598e+01 2.067096061773626148e-01 -2.629999999999955040e+00 4.000000000000000000e+02 -4.386839508784176189e+01 -5.249110937453303194e+01 1.610000000000000098e+00
-4.973880471569157891e+01 1.802512830627702178e-01 -2.632499999999954987e+00 4.000000000000000000e+02 -4.378827222639608152e+01 -5.241348651308734929e+01 1.270000000000000018e+00
-4.967214772925972710e+01 1.860151546808520018e-01 -2.634999999999954934e+00 4.000000000000000000e+02 -4.367629525712630567e+01 -5.230400954381757117e+01 1.175000000000000044e+00
-4.960267354262486350e+01 2.165550172458028666e-01 -2.637499999999954881e+00 4.000000000000000000e+02 -4.359065608576599260e+01 -5.222087037245725583e+01 5.000000000000000278e-02
-4.953227635093222148e+01 1.658120877294237960e-01 -2.639999999999954827e+00 4.000000000000000000e+02 -4.336486418205026183e+01 -5.199757846874152989e+01 1.889999999999999902e+00
-4.945071188151118236e+01 1.766934598210342378e-01 -2.642499999999954774e+00 4.000000000000000000e+02 -4.286323453483261403e+01 -5.149844882152387981e+01 1.150000000000000050e-01
-4.932935606402534745e+01 2.403655861726950449e-01 -2.644999999999954721e+00 4.000000000000000000e+02 -4.284137594154767470e+01 -5.147909022823894531e+01 1.030000000000000027e+00
-4.921914372273940330e+01 2.070710561163841279e-01 -2.647499999999954667e+00 4.000000000000000000e+02 -4.274456376857497020e+01 -5.138477805526623854e+01 1.504999999999999893e+00
-4.911057889512042607e+01 1.661319526277456882e-01 -2.649999999999954614e+00 4.000000000000000000e+02 -4.265720542950197114e+01 -5.129991971619323721e+01 3.599999999999999867e-01
-4.900442720103697525e+01 2.070168389514951968e-01 -2.652499999999954561e+00 4.000000000000000000e+02 -4.257867938040218547e+01 -5.122389366709344927e+01 6.350000000000000089e-01
-4.890126874429331849e+01 2.086849681159003156e-01 -2.654999999999954508e+00 4.000000000000000000e+02 -4.256934066303289654e+01 -5.121705494972416517e+01 1.395000000000000018e+00
-4.880715149027982847e+01 2.197359512456246722e-01 -2.657499999999954454e+00 4.000000000000000000e+02 -4.256868894984423690e+01 -5.121890323653550325e+01 1.814999999999999947e+00
-4.872128751417027814e+01 2.291041916859431482e-01 -2.659999999999954401e+00 4.000000000000000000e+02 -4.249051765549804571e+01 -5.114323194218931690e+01 8.900000000000000133e-01
-4.863625829023220604e+01 2.205051421499912845e-01 -2.662499999999954348e+00 4.000000000000000000e+02 -4.246903619764243842e+01 -5.112425048433370733e+01 1.429999999999999938e+00
-4.855645259440636607e+01 2.437749006078181180e-01 -2.664999999999954294e+00 4.000000000000000000e+02 -4.245510168497872172e+01 -5.111281597166998836e+01 1.885000000000000009e+00
-4.848172888718179507e+01 2.359004574171174040e-01 -2.667499999999954241e+00 4.000000000000000000e+02 -4.243011008811555484e+01 -5.109032437480682631e+01 1.875000000000000000e+00
-4.841067610203850080e+01 2.497830485379881338e-01 -2.669999999999954188e+00 4.000000000000000000e+02 -4.239143865513723597e+01 -5.105415294182850516e+01 6.099999999999999867e-01
-4.834197725767401010e+01 2.338625811849632530e-01 -2.672499999999954134e+00 4.000000000000000000e+02 -4.234249600384734435e+01 -5.100771029053861128e+01 9.899999999999999911e-01
-4.827474079773506332e+01 1.940607590182530373e-01 -2.674999999999954081e+00 4.000000000000000000e+02 -4.221139303343110782e+01 -5.087910732012237247e+01 1.685000000000000053e+00
-4.820339738745225588e+01 1.745688806591459141e-01 -2.677499999999954028e+00 4.000000000000000000e+02 -4.220767295409785902e+01 -5.087788724078912139e+01 1.985000000000000098e+00
-4.813672802259623751e+01 1.857015433489882794e-01 -2.679999999999953975e+00 4.000000000000000000e+02 -4.214846841133275746e+01 -5.082118269802402466e+01 5.300000000000000266e-01
-4.807069835735867969e+01 1.961326519410312164e-01 -2.682499999999953921e+00 4.000000000000000000e+02 -4.207670189524942117e+01 -5.075191618194068610e+01 5.799999999999999600e-01
-4.800446155373015245e+01 1.948591281045256307e-01 -2.684999999999953868e+00 4.000000000000000000e+02 -4.204501010028257468e+01 -5.072272438697383734e+01 1.860000000000000098e+00
-4.794055827558465666e+01 2.171190647895934467e-01 -2.687499999999953815e+00 4.000000000000000000e+02 -4.200279814073619633e+01 -5.068301242742746382e+01 9.100000000000000311e-01
-4.787813567040595331e+01 2.376449185975719747e-01 -2.689999999999953761e+00 4.000000000000000000e+02 -4.199207595336613252e+01 -5.067479024005739774e+01 7.000000000000000666e-02
-4.781891076738677526e+01 2.487295958284825581e-01 -2.692499999999953708e+00 4.000000000000000000e+02 -4.194816424935945065e+01 -5.063337853605071359e+01 2.200000000000000011e-01
-4.776070166256539551e+01 2.532245322815492306e-01 -2.694999999999953655e+00 4.000000000000000000e+02 -4.194496735883915761e+01 -5.063268164553042539e+01 5.500000000000000028e-02
-4.770565797370703365e+01 2.827365652722958478e-01 -2.697499999999953602e+00 4.000000000000000000e+02 -4.170515374439690959e+01 -5.039536803108817509e+01 1.945000000000000062e+00
-4.763996328637228572e+01 2.639793182337308308e-01 -2.699999999999953548e+00 4.000000000000000000e+02 -4.166735398012086478e+01 -5.036006826681213511e+01 1.489999999999999991e+00
-4.757617394652404386e+01 2.678740080038343185e-01 -2.702499999999953495e+00 4.000000000000000000e+02 -4.157332862123888617e+01 -5.026854290793015423e+01 1.655000000000000027e+00
-4.751064811072107119e+01 2.742297687566738751e-01 -2.704999999999953442e+00 4.000000000000000000e+02 -4.153105307074937258e+01 -5.022876735744063836e+01 1.580000000000000071e+00
-4.744673594335788636e+01 2.792532879685151737e-01 -2.707499999999953388e+00 4.000000000000000000e+02 -4.123552304526695167e+01 -4.993573733195822228e+01 6.949999999999999512e-01
-4.736700762100595341e+01 2.605711367443251381e-01 -2.709999999999953335e+00 4.000000000000000000e+02 -4.123144903677217599e+01 -4.993416332346344433e+01 1.340000000000000080e+00
-4.729305708358771199e+01 2.584322341239073118e-01 -2.712499999999953282e+00 4.000000000000000000e+02 -4.117816540828306415e+01 -4.988337969497433022e+01 1.000000000000000021e-02
-4.722074029022977726e+01 2.417083349150012384e-01 -2.714999999999953229e+00 4.000000000000000000e+02 -4.116364924570871153e+01 -4.987136353239997533e+01 7.299999999999999822e-01
-4.715251433171255258e+01 2.149958801610734882e-01 -2.717499999999953175e+00 4.000000000000000000e+02 -4.098152430758484144e+01 -4.969173859427610296e+01 1.024999999999999911e+00
-4.707654674393852190e+01 2.106856789075227387e-01 -2.719999999999953122e+00 4.000000000000000000e+02 -4.095542413989119268e+01 -4.966813842658245903e+01 5.999999999999999778e-01
-4.700431843362865436e+01 2.342483920676468601e-01 -2.722499999999953069e+00 4.000000000000000000e+02 -4.093822452948990787e+01 -4.965343881618117194e+01 1.310000000000000053e+00
-4.693599329101186868e+01 2.242419009371146577e-01 -2.724999999999953015e+00 4.000000000000000000e+02 -4.091306867557933202e+01 -4.963078296227060093e+01 1.939999999999999947e+00
-4.687062081517454004e+01 2.212577450959462844e-01 -2.727499999999952962e+00 4.000000000000000000e+02 -4.081916439288576015e+01 -4.953937867957702679e+01 1.344999999999999973e+00
-4.680358076976213511e+01 2.255479278884440775e-01 -2.729999999999952909e+00 4.000000000000000000e+02 -4.079865193794306322e+01 -4.952136622463432758e+01 1.799999999999999933e-01
-4.673964793323884948e+01 2.252051421532960396e-01 -2.732499999999952855e+00 4.000000000000000000e+02 -4.074039847323957275e+01 -4.946561275993083484e+01 2.949999999999999845e-01
-4.667621972280835507e+01 2.006904547606079281e-01 -2.734999999999952802e+00 4.000000000000000000e+02 -4.069632984031991185e+01 -4.942404412701117877e+01 1.020000000000000018e+00
-4.661412127579909281e+01 1.963682717284210566e-01 -2.737499999999952749e+00 4.000000000000000000e+02 -4.062910948088242691e+01 -4.935932376757369155e+01 1.399999999999999911e+00
-4.655186476975114829e+01 1.987767257900455997e-01 -2.739999999999952696e+00 4.000000000000000000e+02 -4.024239683530716860e+01 -4.897511112199843808e+01 1.175000000000000044e+00
-4.646694160816129227e+01 2.629671335807978738e-01 -2.742499999999952642e+00 4.000000000000000000e+02 -4.012776544844676607e+01 -4.886297973513803328e+01 1.514999999999999902e+00
-4.637977533721960555e+01 2.703941713768930888e-01 -2.744999999999952589e+00 4.000000000000000000e+02 -4.004435912975208112e+01 -4.878207341644334605e+01 9.499999999999999556e-01
-4.629313012128225324e+01 3.265049398184151630e-01 -2.747499999999952536e+00 4.000000000000000000e+02 -4.003143704083313281e+01 -4.877165132752439547e+01 8.950000000000000178e-01
-4.621259477543997463e+01 3.596822236878023382e-01 -2.749999999999952482e+00 4.000000000000000000e+02 -4.002473995097438575e+01 -4.876745423766565324e+01 1.814999999999999947e+00
-4.613776271051446543e+01 3.395633352940012339e-01 -2.752499999999952429e+00 4.000000000000000000e+02 -4.000845025283640410e+01 -4.875366453952766932e+01 8.500000000000000611e-02
-4.606720934586506644e+01 3.805635025284893613e-01 -2.754999999999952376e+00 4.000000000000000000e+02 -3.991964627923394460e+01 -4.866736056592520754e+01 4.949999999999999956e-01
-4.599557510827765583e+01 3.823501079315753115e-01 -2.757499999999952323e+00 4.000000000000000000e+02 -3.987527513962887582e+01 -4.862548942632014359e+01 2.099999999999999922e-01
-4.592597009508239125e+01 4.010677019149500033e-01 -2.759999999999952269e+00 4.000000000000000000e+02 -3.986196554392748226e+01 -4.861467983061874776e+01 1.510000000000000009e+00
-4.586021177420617079e+01 4.111729763001528148e-01 -2.762499999999952216e+00 4.000000000000000000e+02 -3.980303644640866878e+01 -4.855825073309993201e+01 9.599999999999999645e-01
-4.579504460556244538e+01 3.498639891392519297e-01 -2.764999999999952163e+00 4.000000000000000000e+02 -3.960347166712926992e+01 -4.836118595382053797e+01 1.864999999999999991e+00
-4.572102172850475910e+01 3.492686542808491890e-01 -2.767499999999952109e+00 4.000000000000000000e+02 -3.956820319361998628e+01 -4.832841748031125206e+01 5.300000000000000266e-01
-4.564988661076082366e+01 3.376810138474244383e-01 -2.769999999999952056e+00 4.000000000000000000e+02 -3.949913337571709349e+01 -4.826184766240835700e+01 1.750000000000000000e+00
-4.557906429902666900e+01 3.209950717020809696e-01 -2.772499999999952003e+00 4.000000000000000000e+02 -3.945748057294531463e+01 -4.822269485963657587e+01 1.294999999999999929e+00
-4.551037565979343213e+01 3.380299395838257115e-01 -2.774999999999951950e+00 4.000000000000000000e+02 -3.944575466688071685e+01 -4.821346895357198292e+01 1.219999999999999973e+00
-4.544552661105496583e+01 3.154494245611009773e-01 -2.777499999999951896e+00 4.000000000000000000e+02 -3.931089624492119583e+01 -4.808111053161245962e+01 1.300000000000000044e+00
-4.537630180324510576e+01 3.393647601472329356e-01 -2.779999999999951843e+00 4.000000000000000000e+02 -3.923870352531486105e+01 -4.801141781200612968e+01 3.300000000000000155e-01
-4.530704569320356967e+01 2.455991012488685232e-01 -2.782499999999951790e+00 4.000000000000000000e+02 -3.883037765859143775e+01 -4.760559194528270410e+01 1.330000000000000071e+00
-4.521136767124107081e+01 2.332288548395982375e-01 -2.784999999999951736e+00 4.000000000000000000e+02 -3.877484368675034432e+01 -4.755255797344160840e+01 7.449999999999999956e-01
-4.511950611525263355e+01 2.891281794614479761e-01 -2.787499999999951683e+00 4.000000000000000000e+02 -3.873411084251070946e+01 -4.751432512920197837e+01 2.899999999999999800e-01
-4.503223802160179901e+01 3.213292285891972133e-01 -2.789999999999951630e+00 4.000000000000000000e+02 -3.861621102572068054e+01 -4.739892531241194717e+01 1.495000000000000107e+00
-4.494258845630966448e+01 3.359201705787052128e-01 -2.792499999999951577e+00 4.000000000000000000e+02 -3.861518588440490873e+01 -4.740040017109617310e+01 1.719999999999999973e+00
-4.486043525878301352e+01 3.638719514501040364e-01 -2.794999999999951523e+00 4.000000000000000000e+02 -3.835228237020604780e+01 -4.713999665689730989e+01 8.900000000000000133e-01
-4.476300997320986141e+01 3.570742229669246481e-01 -2.797499999999951470e+00 4.000000000000000000e+02 -3.834237154034093464e+01 -4.713258582703220156e+01 8.750000000000000000e-01
-4.467360777102297220e+01 3.033082151716547381e-01 -2.799999999999951417e+00 4.000000000000000000e+02 -3.793649838807801444e+01 -4.672921267476927909e+01 2.700000000000000178e-01
-4.455314798756852213e+01 2.903565311149194361e-01 -2.802499999999951363e+00 4.000000000000000000e+02 -3.791285403762225314e+01 -4.670806832431351552e+01 1.679999999999999938e+00
-4.444347559962217531e+01 3.076275159047136554e-01 -2.804999999999951310e+00 4.000000000000000000e+02 -3.789265109089423333e+01 -4.669036537758549343e+01 1.340000000000000080e+00
-4.434297206514099798e+01 3.243849224293381406e-01 -2.807499999999951257e+00 4.000000000000000000e+02 -3.783098681416480957e+01 -4.663120110085607450e+01 5.799999999999999600e-01
-4.424634823942322015e+01 3.009197469380350265e-01 -2.809999999999951203e+00 4.000000000000000000e+02 -3.781166664841869363e+01 -4.661438093510995628e+01 1.175000000000000044e+00
-4.415681396963528016e+01 2.568472517335417815e-01 -2.812499999999951150e+00 4.000000000000000000e+02 -3.702709388305807892e+01 -4.583230816974933930e+01 5.999999999999999778e-01
-4.398520320696148644e+01 2.113885825415534325e-01 -2.814999999999951097e+00 4.000000000000000000e+02 -3.692732577893950463e+01 -4.573504006563076985e+01 7.500000000000000000e-01
-4.382495490222796519e+01 2.552495508506287258e-01 -2.817499999999951044e+00 4.000000000000000000e+02 -3.686520393297595177e+01 -4.567541821966721471e+01 1.334999999999999964e+00
-4.367898243085562626e+01 3.140728101710235642e-01 -2.819999999999950990e+00 4.000000000000000000e+02 -3.685320713332712472e+01 -4.566592142001839250e+01 5.000000000000000278e-02
-4.355048852398739001e+01 3.310989228256731032e-01 -2.822499999999950937e+00 4.000000000000000000e+02 -3.673130274384420346e+01 -4.554651703053546896e+01 5.550000000000000488e-01
-4.342308627046560332e+01 3.433958193509253354e-01 -2.824999999999950884e+00 4.000000000000000000e+02 -3.667117671427477887e+01 -4.548889100096604210e+01 1.425000000000000044e+00
-4.330377881770250781e+01 3.681542443461991998e-01 -2.827499999999950830e+00 4.000000000000000000e+02 -3.663898372756221278e+01 -4.545919801425347373e+01 1.155000000000000027e+00
-4.319415823590600212e+01 4.209293553026445256e-01 -2.829999999999950777e+00 4.000000000000000000e+02 -3.662324876137591190e+01 -4.544596304806717768e+01 2.349999999999999867e-01
-4.309412362444542310e+01 4.404286086781102894e-01 -2.832499999999950724e+00 4.000000000000000000e+02 -3.662133070798522994e+01 -4.544654499467649345e+01 6.650000000000000355e-01
-4.300324276916280297e+01 4.394368393494487712e-01 -2.834999999999950671e+00 4.000000000000000000e+02 -3.646489050002466570e+01 -4.529260478671592693e+01 7.249999999999999778e-01
-4.290672324028665940e+01 3.993627069699969279e-01 -2.837499999999950617e+00 4.000000000000000000e+02 -3.644278025029952772e+01 -4.527299453699079379e+01 1.159999999999999920e+00
-4.281703799734599158e+01 3.815305722429354063e-01 -2.839999999999950564e+00 4.000000000000000000e+02 -3.636849175108849153e+01 -4.520120603777975532e+01 9.549999999999999600e-01
-4.272887545957775757e+01 4.025153504426958739e-01 -2.842499999999950511e+00 4.000000000000000000e+02 -3.625926636350738619e+01 -4.509448065019864771e+01 7.149999999999999689e-01
-4.263913305992127079e+01 3.915292706845036053e-01 -2.844999999999950457e+00 4.000000000000000000e+02 -3.624476266962962967e+01 -4.508247695632088892e+01 3.549999999999999822e-01
-4.255583116330552684e+01 2.905442054838845434e-01 -2.847499999999950404e+00 4.000000000000000000e+02 -3.622695798925089861e+01 -4.506717227594216268e+01 4.149999999999999800e-01
-4.247779725120737027e+01 2.633553958342421675e-01 -2.849999999999950351e+00 4.000000000000000000e+02 -3.615787470634820266e+01 -4.500058899303946447e+01 2.349999999999999867e-01
-4.240061836569739739e+01 3.103808891123457370e-01 -2.852499999999950298e+00 4.000000000000000000e+02 -3.612678145661983109e+01 -4.497199574331109773e+01 1.500000000000000000e+00
-4.232696817006640799e+01 3.242794071986522808e-01 -2.854999999999950244e+00 4.000000000000000000e+02 -3.604591264762402147e+01 -4.489362693431528584e+01 7.950000000000000400e-01
-4.225298220153937478e+01 3.573121949727625646e-01 -2.857499999999950191e+00 4.000000000000000000e+02 -3.588345895761362669e+01 -4.473367324430488878e+01 3.900000000000000133e-01
-4.217261458471660518e+01 3.791051466183077978e-01 -2.859999999999950138e+00 4.000000000000000000e+02 -3.586490575733215280e+01 -4.471762004402341972e+01 6.600000000000000311e-01
-4.209706878199011015e+01 4.304996298269686550e-01 -2.862499999999950084e+00 4.000000000000000000e+02 -3.582046437610738110e+01 -4.467567866279864575e+01 1.145000000000000018e+00
-4.202393039700670130e+01 3.841710336462978437e-01 -2.864999999999950031e+00 4.000000000000000000e+02 -3.575667798054228541e+01 -4.461439226723354778e+01 1.919999999999999929e+00
-4.195162331825145685e+01 3.709488361077470930e-01 -2.867499999999949978e+00 4.000000000000000000e+02 -3.554368734992493017e+01 -4.440390163661619738e+01 1.875000000000000000e+00
-4.186903259243037922e+01 4.175423740593942612e-01 -2.869999999999949925e+00 4.000000000000000000e+02 -3.537268210626084652e+01 -4.423539639295211146e+01 1.885000000000000009e+00
-4.177935528423370926e+01 4.649862864306565369e-01 -2.872499999999949871e+00 4.000000000000000000e+02 -3.517960633988514019e+01 -4.404482062657640284e+01 7.800000000000000266e-01
-4.168061306492091944e+01 4.610094754605624789e-01 -2.874999999999949818e+00 4.000000000000000000e+02 -3.509639014569771831e+01 -4.396410443238897869e+01 8.349999999999999645e-01
-4.158355194831693069e+01 4.204796122080976528e-01 -2.877499999999949765e+00 4.000000000000000000e+02 -3.507276177805576367e+01 -4.394297606474702889e+01 1.375000000000000000e+00
-4.149327750483870147e+01 3.810809213244795712e-01 -2.879999999999949711e+00 4.000000000000000000e+02 -3.504397285452609623e+01 -4.391668714121735917e+01 1.504999999999999893e+00
-4.140836763637820184e+01 3.872756476858453811e-01 -2.882499999999949658e+00 4.000000000000000000e+02 -3.494752732365883219e+01 -4.382274161035009286e+01 1.939999999999999947e+00
-4.132271916022504143e+01 3.943904754308536487e-01 -2.884999999999949605e+00 4.000000000000000000e+02 -3.476618197306774505e+01 -4.364389625975900344e+01 1.750000000000000000e+00
-4.122908495146867125e+01 4.028916941102166360e-01 -2.887499999999949551e+00 4.000000000000000000e+02 -3.472555942913997029e+01 -4.360577371583123352e+01 5.350000000000000311e-01
-4.114028908725862976e+01 4.240796401929207149e-01 -2.889999999999949498e+00 4.000000000000000000e+02 -3.463063291492039752e+01 -4.351334720161165848e+01 7.800000000000000266e-01
-4.105118422229411834e+01 4.128945245380722939e-01 -2.892499999999949445e+00 4.000000000000000000e+02 -3.459486745280781150e+01 -4.348008173949907018e+01 2.949999999999999845e-01
-4.096671997004247601e+01 4.537882473229683522e-01 -2.894999999999949392e+00 4.000000000000000000e+02 -3.455763461329386388e+01 -4.344534889998512739e+01 4.500000000000000111e-01
-4.088619295919901475e+01 3.972412732435041116e-01 -2.897499999999949338e+00 4.000000000000000000e+02 -3.446016629786945629e+01 -4.335038058456071752e+01 1.530000000000000027e+00
-4.080454115040079444e+01 3.583394799337181191e-01 -2.899999999999949285e+00 4.000000000000000000e+02 -3.442481419254983876e+01 -4.331752847924110483e+01 1.360000000000000098e+00
-4.072663072067898327e+01 3.261542907621488019e-01 -2.902499999999949232e+00 4.000000000000000000e+02 -3.431710803453503189e+01 -4.321232232122629568e+01 1.000000000000000000e+00
-4.064664837196286129e+01 2.740518509588098506e-01 -2.904999999999949178e+00 4.000000000000000000e+02 -3.430962996045087010e+01 -4.320734424714213162e+01 1.850000000000000089e+00
-4.057223597892291878e+01 2.731282278960677212e-01 -2.907499999999949125e+00 4.000000000000000000e+02 -3.430223437450057133e+01 -4.320244866119183769e+01 3.699999999999999956e-01
-4.050265102429769826e+01 2.640674723945461433e-01 -2.909999999999949072e+00 4.000000000000000000e+02 -3.421907210848117131e+01 -4.312178639517243539e+01 6.899999999999999467e-01
-4.043231760339303804e+01 2.426645775206670574e-01 -2.912499999999949019e+00 4.000000000000000000e+02 -3.421137476810674372e+01 -4.311658905479800552e+01 8.349999999999999645e-01
-4.036627622970328133e+01 2.044672003274646821e-01 -2.914999999999948965e+00 4.000000000000000000e+02 -3.420412867179020111e+01 -4.311184295848146064e+01 1.679999999999999938e+00
-4.030404170457181579e+01 2.202604183210957467e-01 -2.917499999999948912e+00 4.000000000000000000e+02 -3.418728621854902627e+01 -4.309750050524029064e+01 1.800000000000000044e+00
-4.024463275111607174e+01 2.294277392231674484e-01 -2.919999999999948859e+00 4.000000000000000000e+02 -3.417524806669615600e+01 -4.308796235338741809e+01 7.349999999999999867e-01
-4.018803367484215983e+01 2.219476059227829257e-01 -2.922499999999948805e+00 4.000000000000000000e+02 -3.409294257922891802e+01 -4.300815686592017784e+01 4.749999999999999778e-01
-4.013014351745323438e+01 1.986447218060034825e-01 -2.924999999999948752e+00 4.000000000000000000e+02 -3.402011652595967917e+01 -4.293783081265094381e+01 6.049999999999999822e-01
-4.007154976596647344e+01 2.251679702520182902e-01 -2.927499999999948699e+00 4.000000000000000000e+02 -3.399900982013998885e+01 -4.291922410683125122e+01 4.299999999999999933e-01
-4.001518927809547677e+01 2.468261911823459165e-01 -2.929999999999948646e+00 4.000000000000000000e+02 -3.399059221734975722e+01 -4.291330650404101732e+01 1.435000000000000053e+00
-3.996152822083583089e+01 2.487357568099642091e-01 -2.932499999999948592e+00 4.000000000000000000e+02 -3.388752401381196222e+01 -4.281273830050322715e+01 5.949999999999999734e-01
-3.990536117387551229e+01 2.557694913147306459e-01 -2.934999999999948539e+00 4.000000000000000000e+02 -3.383636715035134301e+01 -4.276408143704260567e+01 2.600000000000000089e-01
-3.984960287117360878e+01 2.383683113201535697e-01 -2.937499999999948486e+00 4.000000000000000000e+02 -3.381727324996893458e+01 -4.274748753666019496e+01 1.850000000000000089e+00
-3.979592966205507309e+01 2.190656726047509051e-01 -2.939999999999948432e+00 4.000000000000000000e+02 -3.378505551071151558e+01 -4.271776979740278080e+01 7.500000000000000000e-01
-3.974349421356521361e+01 2.211051222205822342e-01 -2.942499999999948379e+00 4.000000000000000000e+02 -3.375518082140676057e+01 -4.269039510809802351e+01 1.685000000000000053e+00
-3.969232387110285032e+01 2.082721357760432546e-01 -2.944999999999948326e+00 4.000000000000000000e+02 -3.370615706943000589e+01 -4.264387135612126656e+01 1.354999999999999982e+00
-3.964138480445576107e+01 1.695975230935630740e-01 -2.947499999999948272e+00 4.000000000000000000e+02 -3.360188759187337837e+01 -4.254210187856463676e+01 4.899999999999999911e-01
-3.958785941350103599e+01 1.648396975318097979e-01 -2.949999999999948219e+00 4.000000000000000000e+02 -3.357249010834736680e+01 -4.251520439503863003e+01 8.249999999999999556e-01
-3.953570444365906411e+01 1.559242644900326602e-01 -2.952499999999948166e+00 4.000000000000000000e+02 -3.350909355889789509e+01 -4.245430784558915605e+01 1.989999999999999991e+00
-3.948310339432934057e+01 1.393040355969100696e-01 -2.954999999999948113e+00 4.000000000000000000e+02 -3.342057941827278000e+01 -4.236829370496403868e+01 1.419999999999999929e+00
-3.942876279494741709e+01 1.406481582572358391e-01 -2.957499999999948059e+00 4.000000000000000000e+02 -3.325460558690450341e+01 -4.220481987359576692e+01 6.149999999999999911e-01
-3.936834186143922665e+01 1.497821134145609079e-01 -2.959999999999948006e+00 4.000000000000000000e+02 -3.311040290111539264e+01 -4.206311718780665387e+01 1.844999999999999973e+00
-3.930296847782945946e+01 1.514438393498924729e-01 -2.962499999999947953e+00 4.000000000000000000e+02 -3.303097884931672468e+01 -4.198619313600798364e+01 1.590000000000000080e+00
-3.923686017303171525e+01 1.765041811519999504e-01 -2.964999999999947899e+00 4.000000000000000000e+02 -3.285120827716861669e+01 -4.180892256385988048e+01 1.750000000000000000e+00
-3.916325860019214389e+01 1.783692550808547717e-01 -2.967499999999947846e+00 4.000000000000000000e+02 -3.271593779756589981e+01 -4.167615208425716133e+01 1.215000000000000080e+00
-3.908534113624380524e+01 2.888062835160280506e-01 -2.969999999999947793e+00 4.000000000000000000e+02 -3.271586380379061154e+01 -4.167857809048187079e+01 4.949999999999999956e-01
-3.901322738327747430e+01 3.026224130829851533e-01 -2.972499999999947740e+00 4.000000000000000000e+02 -3.261296148348904467e+01 -4.157817577018030875e+01 6.600000000000000311e-01
-3.893911934179809720e+01 3.207608644030341405e-01 -2.974999999999947686e+00 4.000000000000000000e+02 -3.254565756877691740e+01 -4.151337185546817921e+01 1.725000000000000089e+00
-3.886567301818087827e+01 2.868596047170494101e-01 -2.977499999999947633e+00 4.000000000000000000e+02 -3.214733049899937356e+01 -4.111754478569063309e+01 1.639999999999999902e+00
-3.876564478026793381e+01 2.872478238457784605e-01 -2.979999999999947580e+00 4.000000000000000000e+02 -3.205352104137006819e+01 -4.102623532806133255e+01 1.479999999999999982e+00
-3.866644320088192899e+01 3.247962492142181246e-01 -2.982499999999947526e+00 4.000000000000000000e+02 -3.190661299388569105e+01 -4.088182728057694959e+01 1.860000000000000098e+00
-3.856288386759460707e+01 3.004758039705096584e-01 -2.984999999999947473e+00 4.000000000000000000e+02 -3.188646407158813290e+01 -4.086417835827938916e+01 1.985000000000000098e+00
-3.846745629145470247e+01 2.814187219325847145e-01 -2.987499999999947420e+00 4.000000000000000000e+02 -3.188461508167389624e+01 -4.086482936836515734e+01 1.429999999999999938e+00
-3.838040138772438326e+01 3.187154911545626579e-01 -2.989999999999947367e+00 4.000000000000000000e+02 -3.186524619595745733e+01 -4.084796048264871615e+01 1.239999999999999991e+00
-3.829901351614585536e+01 3.712451940391027772e-01 -2.992499999999947313e+00 4.000000000000000000e+02 -3.174817836959662998e+01 -4.073339265628789008e+01 1.415000000000000036e+00
-3.821499213403470208e+01 2.836294717761599915e-01 -2.994999999999947260e+00 4.000000000000000000e+02 -3.170158950544079346e+01 -4.068930379213205129e+01 1.250000000000000000e-01
-3.813413042972566558e+01 2.939384723431821000e-01 -2.997499999999947207e+00 4.000000000000000000e+02 -3.162922196814808018e+01 -4.061943625483934284e+01 1.489999999999999991e+00
-3.805411842218997265e+01 3.267493170476954978e-01 -2.999999999999947153e+00 4.000000000000000000e+02 -3.154224149485913031e+01 -4.053495578155039425e+01 5.600000000000000533e-01
-3.797376210360271642e+01 3.529057878967585826e-01 -3.002499999999947100e+00 4.000000000000000000e+02 -3.136825053281715014e+01 -4.036346481950840825e+01 3.549999999999999822e-01
-3.788606544416278865e+01 3.356716680041962331e-01 -3.004999999999947047e+00 4.000000000000000000e+02 -3.136677899223574784e+01 -4.036449327892700722e+01 1.850000000000000089e+00
-3.780552287313836501e+01 2.842923176863281776e-01 -3.007499999999946994e+00 4.000000000000000000e+02 -3.134004703364934130e+01 -4.034026132034060197e+01 1.939999999999999947e+00
-3.772922644808786430e+01 2.657507161467216328e-01 -3.009999999999946940e+00 4.000000000000000000e+02 -3.132833381772498527e+01 -4.033104810441624721e+01 1.284999999999999920e+00
-3.765770759583269012e+01 2.622898027876202076e-01 -3.012499999999946887e+00 4.000000000000000000e+02 -3.123011630706902864e+01 -4.023533059376028831e+01 8.349999999999999645e-01
-3.758449957623540882e+01 2.445820927982489401e-01 -3.014999999999946834e+00 4.000000000000000000e+02 -3.112724129340534773e+01 -4.013495558009660868e+01 1.150000000000000050e-01
-3.750934936943272646e+01 2.868161860004644348e-01 -3.017499999999946780e+00 4.000000000000000000e+02 -3.110739121711800337e+01 -4.011760550380925849e+01 1.225000000000000089e+00
-3.743827330529645536e+01 2.894091427818711870e-01 -3.019999999999946727e+00 4.000000000000000000e+02 -3.108139050506870760e+01 -4.009410479175996755e+01 1.685000000000000053e+00
-3.737038999941795936e+01 2.484025471830996479e-01 -3.022499999999946674e+00 4.000000000000000000e+02 -3.102877239829635414e+01 -4.004398668498761538e+01 1.504999999999999893e+00
-3.730366300515258615e+01 2.447815238122434123e-01 -3.024999999999946620e+00 4.000000000000000000e+02 -3.102227190223734610e+01 -4.003998618892860861e+01 4.849999999999999867e-01
-3.724086831874557646e+01 1.963788284162057418e-01 -3.027499999999946567e+00 4.000000000000000000e+02 -3.095392880000917657e+01 -3.997414308670043681e+01 2.300000000000000100e-01
-3.717788782856177221e+01 2.231939714216708004e-01 -3.029999999999946514e+00 4.000000000000000000e+02 -3.093907514475113274e+01 -3.996178943144239071e+01 4.299999999999999933e-01
-3.711792513934096860e+01 2.375955869025879186e-01 -3.032499999999946461e+00 4.000000000000000000e+02 -3.089482460058024671e+01 -3.992003888727150240e+01 7.550000000000000044e-01
-3.705901336126718348e+01 2.462304006534080381e-01 -3.034999999999946407e+00 4.000000000000000000e+02 -3.089365523354201315e+01 -3.992136952023327012e+01 1.199999999999999956e-01
-3.700345190290335751e+01 2.884887187741044801e-01 -3.037499999999946354e+00 4.000000000000000000e+02 -3.081501656595250083e+01 -3.984523085264375908e+01 1.489999999999999991e+00
-3.694676743610314418e+01 2.995188055880475542e-01 -3.039999999999946301e+00 4.000000000000000000e+02 -3.074932208528665001e+01 -3.978203637197790954e+01 1.824999999999999956e+00
-3.688972311102310186e+01 3.095656030808525139e-01 -3.042499999999946247e+00 4.000000000000000000e+02 -3.074402186638421597e+01 -3.977923615307547323e+01 2.000000000000000000e+00
-3.683561067579363169e+01 3.036963115618556697e-01 -3.044999999999946194e+00 4.000000000000000000e+02 -3.061675321331255262e+01 -3.965446750000381115e+01 9.499999999999999556e-01
-3.677764924725509132e+01 3.156648554717166877e-01 -3.047499999999946141e+00 4.000000000000000000e+02 -3.049973909024456731e+01 -3.953995337693582712e+01 1.350000000000000089e-01
-3.671641671256376327e+01 3.069401530047470850e-01 -3.049999999999946088e+00 4.000000000000000000e+02 -3.049673655126565208e+01 -3.953945083795691318e+01 1.879999999999999893e+00
-3.665869006002718322e+01 2.869898017549149527e-01 -3.052499999999946034e+00 4.000000000000000000e+02 -3.031311198669106588e+01 -3.935832627338232470e+01 1.189999999999999947e+00
-3.659362358547970473e+01 2.894820799889551433e-01 -3.054999999999945981e+00 4.000000000000000000e+02 -3.031146767353333971e+01 -3.935918196022459625e+01 6.400000000000000133e-01
-3.653258404278994931e+01 2.850409008332039917e-01 -3.057499999999945928e+00 4.000000000000000000e+02 -3.027909325229969539e+01 -3.932930753899095322e+01 1.549999999999999989e-01
-3.647336310327874287e+01 2.330185488218585455e-01 -3.059999999999945874e+00 4.000000000000000000e+02 -3.025096828519913927e+01 -3.930368257189039838e+01 9.849999999999999867e-01
-3.641604369869049407e+01 2.481216529072588495e-01 -3.062499999999945821e+00 4.000000000000000000e+02 -3.020041213199953489e+01 -3.925562641869079528e+01 8.999999999999999667e-02
-3.635923807676691411e+01 2.362619334867953613e-01 -3.064999999999945768e+00 4.000000000000000000e+02 -3.013091374232546116e+01 -3.918862802901671927e+01 5.500000000000000444e-01
-3.630186686833084053e+01 2.264615608345090514e-01 -3.067499999999945715e+00 4.000000000000000000e+02 -3.007435568442917884e+01 -3.913456997112044178e+01 7.499999999999999722e-02
-3.624468010092275705e+01 2.275051801842967458e-01 -3.069999999999945661e+00 4.000000000000000000e+02 -2.998427778930694743e+01 -3.904699207599820454e+01 8.499999999999999778e-01
-3.618577966237614163e+01 2.328241018835830178e-01 -3.072499999999945608e+00 4.000000000000000000e+02 -2.991005684555290500e+01 -3.897527113224415984e+01 1.375000000000000000e+00
-3.612614145029365886e+01 2.695728230231949074e-01 -3.074999999999945555e+00 4.000000000000000000e+02 -2.972312287545281606e+01 -3.879083716214407218e+01 8.149999999999999467e-01
-3.605883750489314821e+01 2.754676565413579636e-01 -3.077499999999945501e+00 4.000000000000000000e+02 -2.969421588887332319e+01 -3.876443017556458415e+01 1.665000000000000036e+00
-3.599414521103958720e+01 2.433267630717585728e-01 -3.079999999999945448e+00 4.000000000000000000e+02 -2.956768832736656449e+01 -3.864040261405781962e+01 1.399999999999999911e+00
-3.592563073496364723e+01 3.455072947935241556e-01 -3.082499999999945395e+00 4.000000000000000000e+02 -2.951402986771292802e+01 -3.858924415440418443e+01 5.600000000000000533e-01
-3.585825630857727475e+01 3.426636345740467493e-01 -3.084999999999945342e+00 4.000000000000000000e+02 -2.950313668792679778e+01 -3.858085097461805901e+01 1.040000000000000036e+00
-3.579462064521453613e+01 3.291892014224571672e-01 -3.087499999999945288e+00 4.000000000000000000e+02 -2.945029814032396942e+01 -3.853051242701522483e+01 1.965000000000000080e+00
-3.573179969675518919e+01 3.409793181888930436e-01 -3.089999999999945235e+00 4.000000000000000000e+02 -2.936346501064951298e+01 -3.844617929734076966e+01 1.915000000000000036e+00
-3.566765559157863663e+01 3.891086309003755073e-01 -3.092499999999945182e+00 4.000000000000000000e+02 -2.933333584005504591e+01 -3.841855012674630387e+01 1.250000000000000000e+00
-3.560574172960710371e+01 3.988368408137968890e-01 -3.094999999999945128e+00 4.000000000000000000e+02 -2.909607648729808460e+01 -3.818379077398934385e+01 1.030000000000000027e+00
-3.553256377975102254e+01 3.739455677853472104e-01 -3.097499999999945075e+00 4.000000000000000000e+02 -2.907955171361090052e+01 -3.816976600030216105e+01 1.000000000000000000e+00
-3.546344712720236458e+01 3.768174333123590625e-01 -3.099999999999945022e+00 4.000000000000000000e+02 -2.906226834179864937e+01 -3.815498262848990407e+01 8.500000000000000611e-02
-3.539786840842864279e+01 3.499415550737253744e-01 -3.102499999999944968e+00 4.000000000000000000e+02 -2.902705295532122065e+01 -3.812226724201247663e+01 1.070000000000000062e+00
-3.533434388364251788e+01 3.678675865268912215e-01 -3.104999999999944915e+00 4.000000000000000000e+02 -2.901185127516051665e+01 -3.810956556185177391e+01 1.024999999999999911e+00
-3.527387394983559687e+01 3.551900097047213101e-01 -3.107499999999944862e+00 4.000000000000000000e+02 -2.892879465259324689e+01 -3.802900893928450898e+01 8.399999999999999689e-01
-3.521221416168120300e+01 3.858217669112413151e-01 -3.109999999999944809e+00 4.000000000000000000e+02 -2.888762030749834508e+01 -3.799033459418960490e+01 7.000000000000000666e-02
-3.515191408890934355e+01 3.656850303647041778e-01 -3.112499999999944755e+00 4.000000000000000000e+02 -2.880352420054961371e+01 -3.790873848724086770e+01 3.599999999999999867e-01
-3.509035524265259909e+01 3.702426999441227884e-01 -3.114999999999944702e+00 4.000000000000000000e+02 -2.872115004030569807e+01 -3.782886432699695689e+01 1.320000000000000062e+00
-3.502769346183375632e+01 3.607871412733083538e-01 -3.117499999999944649e+00 4.000000000000000000e+02 -2.862299539795748871e+01 -3.773320968464874170e+01 1.070000000000000062e+00
-3.496299637879755551e+01 3.196612618256343130e-01 -3.119999999999944595e+00 4.000000000000000000e+02 -2.850939299931382820e+01 -3.762210728600508958e+01 1.499999999999999944e-02
-3.489532797349358617e+01 3.158244450951775417e-01 -3.122499999999944542e+00 4.000000000000000000e+02 -2.846319622094400970e+01 -3.757841050763526880e+01 7.650000000000000133e-01
-3.482921057634285944e+01 2.504022733954989199e-01 -3.124999999999944489e+00 4.000000000000000000e+02 -2.842510127658294650e+01 -3.754281556327420333e+01 6.250000000000000000e-01
-3.476501832680867921e+01 2.376227501638108752e-01 -3.127499999999944436e+00 4.000000000000000000e+02 -2.842397237044976421e+01 -3.754418665714102588e+01 5.749999999999999556e-01
-3.470477954470507598e+01 2.803833998497942126e-01 -3.129999999999944382e+00 4.000000000000000000e+02 -2.841558329701269159e+01 -3.753829758370395098e+01 5.699999999999999512e-01
-3.464763805592657064e+01 2.348705237676870228e-01 -3.132499999999944329e+00 4.000000000000000000e+02 -2.836516850732058259e+01 -3.749038279401183615e+01 1.100000000000000089e+00
-3.459100678735143930e+01 2.163391604366838028e-01 -3.134999999999944276e+00 4.000000000000000000e+02 -2.836480959916623945e+01 -3.749252388585749429e+01 1.139999999999999902e+00
-3.453752307636401753e+01 2.256865806294184873e-01 -3.137499999999944222e+00 4.000000000000000000e+02 -2.825608649111637760e+01 -3.738630077780763372e+01 3.099999999999999978e-01
-3.448122302296268771e+01 2.307341862999688908e-01 -3.139999999999944169e+00 4.000000000000000000e+02 -2.819809018376544074e+01 -3.733080447045669814e+01 1.650000000000000078e-01
-3.442496695355349345e+01 1.887624994378774013e-01 -3.142499999999944116e+00 4.000000000000000000e+02 -2.818451632781407312e+01 -3.731973061450533180e+01 4.000000000000000222e-01
-3.437113040482045534e+01 2.037309373212091712e-01 -3.144999999999944063e+00 4.000000000000000000e+02 -2.807036282711347752e+01 -3.720807711380473393e+01 1.534999999999999920e+00
-3.431417903488960519e+01 2.407879902098103153e-01 -3.147499999999944009e+00 4.000000000000000000e+02 -2.797305384341052559e+01 -3.711326813010178682e+01 1.064999999999999947e+00
-3.425509396931032313e+01 2.616251660944396429e-01 -3.149999999999943956e+00 4.000000000000000000e+02 -2.788510816756755872e+01 -3.702782245425881769e+01 4.600000000000000200e-01
-3.419447756828899543e+01 2.396490964411059355e-01 -3.152499999999943903e+00 4.000000000000000000e+02 -2.787090582539727990e+01 -3.701612011208853659e+01 1.750000000000000000e+00
-3.413667280777028168e+01 2.358489573943408912e-01 -3.154999999999943849e+00 4.000000000000000000e+02 -2.784179625121545598e+01 -3.698951053790671040e+01 4.899999999999999911e-01
-3.408059459276133651e+01 2.583774419751785345e-01 -3.157499999999943796e+00 4.000000000000000000e+02 -2.781922194233514389e+01 -3.696943622902639959e+01 6.149999999999999911e-01
-3.402644678037732007e+01 1.945302721678190405e-01 -3.159999999999943743e+00 4.000000000000000000e+02 -2.775984406664278481e+01 -3.691255835333404178e+01 1.350000000000000089e-01
-3.397215488579916354e+01 1.904385474282410950e-01 -3.162499999999943689e+00 4.000000000000000000e+02 -2.751567678017079643e+01 -3.667089106686205469e+01 1.959999999999999964e+00
-3.390703168996061123e+01 2.151348654977768005e-01 -3.164999999999943636e+00 4.000000000000000000e+02 -2.749241926269782965e+01 -3.665013354938908208e+01 4.199999999999999845e-01
-3.384464826838364360e+01 1.878856936027434310e-01 -3.167499999999943583e+00 4.000000000000000000e+02 -2.748090041366929270e+01 -3.664111470036054641e+01 6.450000000000000178e-01
-3.378541254550599149e+01 2.059012561546881559e-01 -3.169999999999943530e+00 4.000000000000000000e+02 -2.740882116791591017e+01 -3.657153545460716515e+01 1.264999999999999902e+00
-3.372557900189447366e+01 2.032680523047886156e-01 -3.172499999999943476e+00 4.000000000000000000e+02 -2.727110742042984626e+01 -3.643632170712110252e+01 1.195000000000000062e+00
-3.366120855004139401e+01 1.992187186622167705e-01 -3.174999999999943423e+00 4.000000000000000000e+02 -2.719338295019077378e+01 -3.636109723688203132e+01 1.010000000000000009e+00
-3.359615797813599869e+01 1.568224440954369137e-01 -3.177499999999943370e+00 4.000000000000000000e+02 -2.718173900112211427e+01 -3.635195328781337309e+01 1.260000000000000009e+00
-3.353453766309350925e+01 1.942601430551949004e-01 -3.179999999999943316e+00 4.000000000000000000e+02 -2.713503987215804258e+01 -3.630775415884929913e+01 1.635000000000000009e+00
-3.347394995822364194e+01 1.986444559364911600e-01 -3.182499999999943263e+00 4.000000000000000000e+02 -2.711364381986658501e+01 -3.628885810655783928e+01 1.165000000000000036e+00
-3.341576575053473874e+01 2.045948943208938109e-01 -3.184999999999943210e+00 4.000000000000000000e+02 -2.710487055547204349e+01 -3.628258484216330260e+01 1.824999999999999956e+00
-3.336044498786806400e+01 2.131201249662745267e-01 -3.187499999999943157e+00 4.000000000000000000e+02 -2.697467228856806898e+01 -3.615488657525932581e+01 2.149999999999999967e-01
-3.330109269400771410e+01 2.065204425503668062e-01 -3.189999999999943103e+00 4.000000000000000000e+02 -2.696401335931267695e+01 -3.614672764600393151e+01 1.790000000000000036e+00
-3.324462033646243242e+01 2.463407851476412946e-01 -3.192499999999943050e+00 4.000000000000000000e+02 -2.692173433160186846e+01 -3.610694861829312430e+01 1.449999999999999900e-01
-3.318905737142787871e+01 2.537741215891597402e-01 -3.194999999999942997e+00 4.000000000000000000e+02 -2.684295670654018906e+01 -3.603067099323144618e+01 1.070000000000000062e+00
-3.313236379305168811e+01 2.487677153408104080e-01 -3.197499999999942943e+00 4.000000000000000000e+02 -2.684023574235356335e+01 -3.603045002904481464e+01 1.304999999999999938e+00
-3.307870111664509238e+01 2.518834406198906528e-01 -3.199999999999942890e+00 4.000000000000000000e+02 -2.682766017801989733e+01 -3.602037446471115345e+01 9.599999999999999645e-01
-3.302726935889472770e+01 2.662044669934780505e-01 -3.202499999999942837e+00 4.000000000000000000e+02 -2.679881467968723996e+01 -3.599402896637849381e+01 1.699999999999999956e+00
-3.297708034230713281e+01 2.508950675141516373e-01 -3.204999999999942784e+00 4.000000000000000000e+02 -2.679784250105358723e+01 -3.599555678774484591e+01 8.699999999999999956e-01
-3.292936158393671775e+01 2.391340760102802498e-01 -3.207499999999942730e+00 4.000000000000000000e+02 -2.679760111282414670e+01 -3.599781539951540310e+01 1.479999999999999982e+00
-3.288391702335653832e+01 2.421333559992364937e-01 -3.209999999999942677e+00 4.000000000000000000e+02 -2.678632191033878840e+01 -3.598903619703004608e+01 1.060000000000000053e+00
-3.284007318929982944e+01 2.398853228405895543e-01 -3.212499999999942624e+00 4.000000000000000000e+02 -2.672210481712809482e+01 -3.592731910381935023e+01 8.800000000000000044e-01
-3.279545605975845746e+01 2.388479998692036588e-01 -3.214999999999942570e+00 4.000000000000000000e+02 -2.666778838395210016e+01 -3.587550267064335685e+01 1.989999999999999991e+00
-3.275052369448075495e+01 2.207946500531022815e-01 -3.217499999999942517e+00 4.000000000000000000e+02 -2.660863569223598901e+01 -3.581884997892724698e+01 5.550000000000000488e-01
-3.270507346767583812e+01 2.449054722894294378e-01 -3.219999999999942464e+00 4.000000000000000000e+02 -2.657638438948898951e+01 -3.578909867618024521e+01 1.475000000000000089e+00
-3.266031558138269730e+01 2.416509842492227389e-01 -3.222499999999942411e+00 4.000000000000000000e+02 -2.650287472585578996e+01 -3.571808901254704693e+01 9.499999999999999556e-01
-3.261439408962448283e+01 2.415318453488425332e-01 -3.224999999999942357e+00 4.000000000000000000e+02 -2.647305845834684135e+01 -3.569077274503809605e+01 8.800000000000000044e-01
-3.256930027934602379e+01 2.611492357047721091e-01 -3.227499999999942304e+00 4.000000000000000000e+02 -2.645668351919693606e+01 -3.567689780588818849e+01 1.060000000000000053e+00
-3.252556263217532972e+01 2.660905033286837251e-01 -3.229999999999942251e+00 4.000000000000000000e+02 -2.633684103180462088e+01 -3.555955531849587459e+01 1.405000000000000027e+00
-3.247856157842461045e+01 2.661320349940060059e-01 -3.232499999999942197e+00 4.000000000000000000e+02 -2.627190307636717748e+01 -3.549711736305843601e+01 1.350000000000000089e-01
-3.243084651697130028e+01 2.524467322532086833e-01 -3.234999999999942144e+00 4.000000000000000000e+02 -2.616828527792126735e+01 -3.539599956461252361e+01 1.945000000000000062e+00
-3.238057879859837840e+01 2.623579676699464569e-01 -3.237499999999942091e+00 4.000000000000000000e+02 -2.612978534565677791e+01 -3.535999963234803545e+01 1.655000000000000027e+00
-3.233100583624732138e+01 2.629032382054554695e-01 -3.239999999999942037e+00 4.000000000000000000e+02 -2.607235337915040674e+01 -3.530506766584166201e+01 6.700000000000000400e-01
-3.228117302756530904e+01 3.386205886731338821e-01 -3.242499999999941984e+00 4.000000000000000000e+02 -2.604299887155976378e+01 -3.527821315825102033e+01 4.299999999999999933e-01
-3.223244510353557502e+01 3.699670346367431306e-01 -3.244999999999941931e+00 4.000000000000000000e+02 -2.603797892624865540e+01 -3.527569321293991322e+01 2.500000000000000000e-01
-3.218586712864306065e+01 3.788691564001598344e-01 -3.247499999999941878e+00 4.000000000000000000e+02 -2.589940463189865483e+01 -3.513961891858991038e+01 9.100000000000000311e-01
-3.213503742073809377e+01 3.834627804425859710e-01 -3.249999999999941824e+00 4.000000000000000000e+02 -2.587363325498364119e+01 -3.511634754167489803e+01 1.000000000000000000e+00
-3.208555575030317186e+01 3.938206363225865703e-01 -3.252499999999941771e+00 4.000000000000000000e+02 -2.584135897704330986e+01 -3.508657326373456442e+01 1.465000000000000080e+00
-3.203701663181310266e+01 4.217817440588069733e-01 -3.254999999999941718e+00 4.000000000000000000e+02 -2.580296634431192260e+01 -3.505068063100317488e+01 1.114999999999999991e+00
-3.198907310731966902e+01 4.291490625703591189e-01 -3.257499999999941664e+00 4.000000000000000000e+02 -2.572852350181657854e+01 -3.497873778850782855e+01 8.299999999999999600e-01
-3.193999317382830938e+01 4.191602020722748345e-01 -3.259999999999941611e+00 4.000000000000000000e+02 -2.571462899286715853e+01 -3.496734327955841337e+01 1.100000000000000089e+00
-3.189268616685641078e+01 4.232268772046311467e-01 -3.262499999999941558e+00 4.000000000000000000e+02 -2.567410328972175293e+01 -3.492931757641300550e+01 4.600000000000000200e-01
-3.184580611402519068e+01 4.224158945562063727e-01 -3.264999999999941505e+00 4.000000000000000000e+02 -2.565499427442433600e+01 -3.491270856111559340e+01 7.099999999999999645e-01
-3.180029257903013118e+01 4.191095947245537245e-01 -3.267499999999941451e+00 4.000000000000000000e+02 -2.563212012788805438e+01 -3.489233441457930951e+01 8.599999999999999867e-01
-3.175588424709695090e+01 3.941009861426719718e-01 -3.269999999999941398e+00 4.000000000000000000e+02 -2.559035123203402762e+01 -3.485306551872528047e+01 1.969999999999999973e+00
-3.171169860750861247e+01 4.009331912180782997e-01 -3.272499999999941345e+00 4.000000000000000000e+02 -2.558746666193097852e+01 -3.485268094862223620e+01 1.814999999999999947e+00
-3.166936706463522455e+01 3.974365405108681304e-01 -3.274999999999941291e+00 4.000000000000000000e+02 -2.557311266507798919e+01 -3.484082695176924460e+01 9.150000000000000355e-01
-3.162828047587828806e+01 3.744313332612025924e-01 -3.277499999999941238e+00 4.000000000000000000e+02 -2.544964604086759508e+01 -3.471986032755884821e+01 1.604999999999999982e+00
-3.158385207244765169e+01 3.661185779302001397e-01 -3.279999999999941185e+00 4.000000000000000000e+02 -2.544108947926541830e+01 -3.471380376595666917e+01 7.199999999999999734e-01
-3.154106090523034922e+01 3.539215952468814930e-01 -3.282499999999941132e+00 4.000000000000000000e+02 -2.528760260054863096e+01 -3.456281688723988310e+01 9.050000000000000266e-01
-3.149349472840397368e+01 3.691111736448425273e-01 -3.284999999999941078e+00 4.000000000000000000e+02 -2.526645087908621079e+01 -3.454416516577746421e+01 1.810000000000000053e+00
-3.144725334882863876e+01 3.587838108154288719e-01 -3.287499999999941025e+00 4.000000000000000000e+02 -2.525606026357383271e+01 -3.453627455026509097e+01 1.360000000000000098e+00
-3.140271362073434247e+01 3.633972380071626707e-01 -3.289999999999940972e+00 4.000000000000000000e+02 -2.522260925781006691e+01 -3.450532354450132289e+01 1.125000000000000000e+00
-3.135876201906857830e+01 4.002908167675455209e-01 -3.292499999999940918e+00 4.000000000000000000e+02 -2.512308301458327975e+01 -3.440829730127452990e+01 1.739999999999999991e+00
-3.131246931568286840e+01 4.102186614904795858e-01 -3.294999999999940865e+00 4.000000000000000000e+02 -2.506990252417221754e+01 -3.435761681086346897e+01 5.100000000000000089e-01
-3.126597770327632020e+01 4.076928495102083994e-01 -3.297499999999940812e+00 4.000000000000000000e+02 -2.502457190406268950e+01 -3.431478619075394221e+01 6.600000000000000311e-01
-3.121965211007440288e+01 4.179712368099587905e-01 -3.299999999999940758e+00 4.000000000000000000e+02 -2.501720201512936725e+01 -3.430991630182062124e+01 1.995000000000000107e+00
-3.117516649744447932e+01 4.083578402688974318e-01 -3.302499999999940705e+00 4.000000000000000000e+02 -2.492878120857110247e+01 -3.422399549526235774e+01 1.159999999999999920e+00
-3.112884183271488325e+01 4.080952078042626163e-01 -3.304999999999940652e+00 4.000000000000000000e+02 -2.489257071604007621e+01 -3.419028500273132920e+01 6.300000000000000044e-01
-3.108308476171782786e+01 3.969498105149770195e-01 -3.307499999999940599e+00 4.000000000000000000e+02 -2.484372973693801256e+01 -3.414394402362926684e+01 1.000000000000000021e-02
-3.103730156756065739e+01 4.055565594352905090e-01 -3.309999999999940545e+00 4.000000000000000000e+02 -2.482387175658300649e+01 -3.412658604327425849e+01 1.715000000000000080e+00
-3.099277330688138576e+01 3.541069356253004341e-01 -3.312499999999940492e+00 4.000000000000000000e+02 -2.471744243825630605e+01 -3.402265672494755933e+01 5.749999999999999556e-01
-3.094558321148718605e+01 3.307379599248805313e-01 -3.314999999999940439e+00 4.000000000000000000e+02 -2.456648780139080301e+01 -3.387420208808205757e+01 8.000000000000000167e-02
-3.089349293962506238e+01 3.446976117355892155e-01 -3.317499999999940385e+00 4.000000000000000000e+02 -2.452001436497202036e+01 -3.383022865166327620e+01 8.149999999999999467e-01
-3.084181306928646649e+01 3.173283559812555277e-01 -3.319999999999940332e+00 4.000000000000000000e+02 -2.450461699733540755e+01 -3.381733128402666466e+01 1.455000000000000071e+00
-3.079205100868091805e+01 2.263121134401824275e-01 -3.322499999999940279e+00 4.000000000000000000e+02 -2.445923276088948128e+01 -3.377444704758073613e+01 1.570000000000000062e+00
-3.074262173645728069e+01 2.358517091558156864e-01 -3.324999999999940226e+00 4.000000000000000000e+02 -2.444006608652541956e+01 -3.375778037321667568e+01 1.034999999999999920e+00
-3.069474812969189159e+01 2.306504090965276199e-01 -3.327499999999940172e+00 4.000000000000000000e+02 -2.443783506251720539e+01 -3.375804934920846279e+01 6.750000000000000444e-01
-3.064907408811071221e+01 2.327292079274700387e-01 -3.329999999999940119e+00 4.000000000000000000e+02 -2.438759378254782462e+01 -3.371030806923907619e+01 6.800000000000000488e-01
-3.060330765999608715e+01 2.511421372573350852e-01 -3.332499999999940066e+00 4.000000000000000000e+02 -2.437437269793517913e+01 -3.369958698462643554e+01 1.070000000000000062e+00
-3.055908301811812322e+01 1.954695417371934973e-01 -3.334999999999940012e+00 4.000000000000000000e+02 -2.430812848122896597e+01 -3.363584276792021655e+01 1.919999999999999929e+00
-3.051400600806797669e+01 1.751038790921825017e-01 -3.337499999999939959e+00 4.000000000000000000e+02 -2.429528177223841467e+01 -3.362549605892967008e+01 8.449999999999999734e-01
-3.047043463131427998e+01 1.986216130362270516e-01 -3.339999999999939906e+00 4.000000000000000000e+02 -2.428383958697074974e+01 -3.361655387366199932e+01 4.749999999999999778e-01
-3.042831547972697237e+01 1.680154422703316053e-01 -3.342499999999939853e+00 4.000000000000000000e+02 -2.428359989842836342e+01 -3.361881418511961783e+01 1.000000000000000021e-02
-3.038798831792917809e+01 1.442885481024702155e-01 -3.344999999999939799e+00 4.000000000000000000e+02 -2.424336221969390692e+01 -3.358107650638515906e+01 2.149999999999999967e-01
-3.034776337786638578e+01 1.518581252901312351e-01 -3.347499999999939746e+00 4.000000000000000000e+02 -2.422104705557695326e+01 -3.356126134226821023e+01 2.049999999999999878e-01
-3.030833528825111145e+01 1.484705868853336552e-01 -3.349999999999939693e+00 4.000000000000000000e+02 -2.406929497132472306e+01 -3.341200925801597776e+01 7.099999999999999645e-01
-3.026442941698439881e+01 1.487596253659524970e-01 -3.352499999999939639e+00 4.000000000000000000e+02 -2.404759097761144204e+01 -3.339280526430269447e+01 6.400000000000000133e-01
-3.022157219000578721e+01 1.391382062517950990e-01 -3.354999999999939586e+00 4.000000000000000000e+02 -2.401288759328149069e+01 -3.336060187997274085e+01 1.024999999999999911e+00
-3.017915963771710963e+01 1.526986631915962234e-01 -3.357499999999939533e+00 4.000000000000000000e+02 -2.395826928344019890e+01 -3.330848357013145034e+01 1.125000000000000000e+00
-3.013634216659090015e+01 1.578184226001898838e-01 -3.359999999999939480e+00 4.000000000000000000e+02 -2.389014393083762400e+01 -3.324285821752887671e+01 4.799999999999999822e-01
-3.009255821376262219e+01 1.677141744929877831e-01 -3.362499999999939426e+00 4.000000000000000000e+02 -2.386921591597392833e+01 -3.322443020266518232e+01 1.344999999999999973e+00
-3.004984741097257128e+01 1.827654661943086123e-01 -3.364999999999939373e+00 4.000000000000000000e+02 -2.385252225625706757e+01 -3.321023654294832284e+01 1.764999999999999902e+00
-3.000831280474377749e+01 2.126196407650668418e-01 -3.367499999999939320e+00 4.000000000000000000e+02 -2.384939497331810188e+01 -3.320960926000935842e+01 1.950000000000000067e-01
-2.996841021657582260e+01 2.184022590010751275e-01 -3.369999999999939266e+00 4.000000000000000000e+02 -2.378134190730898112e+01 -3.314405619400023539e+01 1.950000000000000067e-01
-2.992749179653947778e+01 1.922300444700586752e-01 -3.372499999999939213e+00 4.000000000000000000e+02 -2.376457215489141106e+01 -3.312978644158266661e+01 8.349999999999999645e-01
-2.988762823580545458e+01 2.044810864989543286e-01 -3.374999999999939160e+00 4.000000000000000000e+02 -2.370279659449724718e+01 -3.307051088118849691e+01 1.080000000000000071e+00
-2.984699894685376975e+01 2.397688294769408646e-01 -3.377499999999939106e+00 4.000000000000000000e+02 -2.361356118017915051e+01 -3.298377546687039796e+01 1.929999999999999938e+00
-2.980449272895582880e+01 2.605981531781350613e-01 -3.379999999999939053e+00 4.000000000000000000e+02 -2.358545455818256897e+01 -3.295816884487382481e+01 1.754999999999999893e+00
-2.976268413008174107e+01 2.731819117902239968e-01 -3.382499999999939000e+00 4.000000000000000000e+02 -2.353880625289968265e+01 -3.291402053959093621e+01 2.349999999999999867e-01
-2.972077962045061739e+01 2.767877360543018472e-01 -3.384999999999938947e+00 4.000000000000000000e+02 -2.338210132520301343e+01 -3.275981561189426827e+01 4.450000000000000067e-01
-2.967400956678744706e+01 2.925876676517696340e-01 -3.387499999999938893e+00 4.000000000000000000e+02 -2.332334167932317470e+01 -3.270355596601442727e+01 1.455000000000000071e+00
-2.962680393436547632e+01 2.934854269010829242e-01 -3.389999999999938840e+00 4.000000000000000000e+02 -2.328447148024098823e+01 -3.266718576693224207e+01 1.399999999999999911e+00
-2.958009533699932803e+01 2.940675868848821040e-01 -3.392499999999938787e+00 4.000000000000000000e+02 -2.318432544867007294e+01 -3.256953973536132452e+01 8.100000000000000533e-01
-2.953100485196030434e+01 3.117992635633672349e-01 -3.394999999999938733e+00 4.000000000000000000e+02 -2.313018468439505071e+01 -3.251789897108630356e+01 8.149999999999999467e-01
-2.948179204729538228e+01 3.031825159813397175e-01 -3.397499999999938680e+00 4.000000000000000000e+02 -2.310896674993947286e+01 -3.249918103663072344e+01 8.100000000000000533e-01
-2.943402258924389514e+01 2.888332597662744416e-01 -3.399999999999938627e+00 4.000000000000000000e+02 -2.308008478493063365e+01 -3.247279907162188550e+01 1.350000000000000089e-01
-2.938724067631570946e+01 2.907154189686790846e-01 -3.402499999999938574e+00 4.000000000000000000e+02 -2.307963503476038269e+01 -3.247484932145163583e+01 4.400000000000000022e-01
-2.934263937229651020e+01 3.011883678741503756e-01 -3.404999999999938520e+00 4.000000000000000000e+02 -2.306307268869447924e+01 -3.246078697538573010e+01 3.449999999999999734e-01
-2.929935094273378482e+01 2.497021613325767220e-01 -3.407499999999938467e+00 4.000000000000000000e+02 -2.306141120343088602e+01 -3.246162549012213816e+01 2.000000000000000111e-01
-2.925789297315898096e+01 2.366691065402599659e-01 -3.409999999999938414e+00 4.000000000000000000e+02 -2.297655307068198383e+01 -3.237926735737323725e+01 4.349999999999999978e-01
-2.921474103472464279e+01 2.428327826713595761e-01 -3.412499999999938360e+00 4.000000000000000000e+02 -2.297554715224540089e+01 -3.238076143893665204e+01 1.645000000000000018e+00
-2.917343491264914945e+01 2.583790126383035957e-01 -3.414999999999938307e+00 4.000000000000000000e+02 -2.297064699699719270e+01 -3.237836128368844157e+01 1.550000000000000044e+00
-2.913367406841447504e+01 2.620559788292930459e-01 -3.417499999999938254e+00 4.000000000000000000e+02 -2.295751254211557324e+01 -3.236772682880682339e+01 1.084999999999999964e+00
-2.909503284414303081e+01 2.525382210251964632e-01 -3.419999999999938201e+00 4.000000000000000000e+02 -2.291945867936937731e+01 -3.233217296606062519e+01 4.899999999999999911e-01
-2.905650847013159321e+01 2.501872741428858293e-01 -3.422499999999938147e+00 4.000000000000000000e+02 -2.288653410375583874e+01 -3.230174839044708790e+01 1.820000000000000062e+00
-2.901828901178926401e+01 2.453163313392145717e-01 -3.424999999999938094e+00 4.000000000000000000e+02 -2.287161400401111067e+01 -3.228932829070235755e+01 1.820000000000000062e+00
-2.898102506925269140e+01 2.391560228673247079e-01 -3.427499999999938041e+00 4.000000000000000000e+02 -2.285117050130483918e+01 -3.227138478799609089e+01 2.999999999999999889e-01
-2.894446129523601385e+01 2.313103437679072949e-01 -3.429999999999937987e+00 4.000000000000000000e+02 -2.282896701328259326e+01 -3.225168129997384625e+01 1.965000000000000080e+00
-2.890849796835971119e+01 2.089415730608709665e-01 -3.432499999999937934e+00 4.000000000000000000e+02 -2.282485691703982411e+01 -3.225007120373107483e+01 5.250000000000000222e-01
-2.887372825113367725e+01 2.019778440640694062e-01 -3.434999999999937881e+00 4.000000000000000000e+02 -2.260587133240950308e+01 -3.203358561910075508e+01 1.554999999999999938e+00
-2.883217200517148981e+01 2.289271390023828179e-01 -3.437499999999937828e+00 4.000000000000000000e+02 -2.258111801895629966e+01 -3.201133230564754939e+01 9.100000000000000311e-01
-2.879139424595823016e+01 2.326352946227702445e-01 -3.439999999999937774e+00 4.000000000000000000e+02 -2.256652519859928674e+01 -3.199923948529053774e+01 1.455000000000000071e+00
-2.875174702197548626e+01 2.440808529994034914e-01 -3.442499999999937721e+00 4.000000000000000000e+02 -2.237899432917119924e+01 -3.181420861586244797e+01 7.449999999999999956e-01
-2.870603547885637141e+01 2.184834967116513760e-01 -3.444999999999937668e+00 4.000000000000000000e+02 -2.234607627539212515e+01 -3.178379056208337516e+01 1.034999999999999920e+00
-2.866100231839412515e+01 2.308565598123622220e-01 -3.447499999999937614e+00 4.000000000000000000e+02 -2.221866459938830829e+01 -3.165887888607955958e+01 4.450000000000000067e-01
-2.861231415927346688e+01 2.415651837892492937e-01 -3.449999999999937561e+00 4.000000000000000000e+02 -2.215566447102633063e+01 -3.159837875771758320e+01 1.189999999999999947e+00
-2.856306150406750177e+01 2.503331452735365059e-01 -3.452499999999937508e+00 4.000000000000000000e+02 -2.214717250257252346e+01 -3.159238678926377375e+01 1.534999999999999920e+00
-2.851584567527349989e+01 2.503963856121665388e-01 -3.454999999999937454e+00 4.000000000000000000e+02 -2.214554925750320535e+01 -3.159326354419445693e+01 1.425000000000000044e+00
-2.847079766344902296e+01 2.366887134539036319e-01 -3.457499999999937401e+00 4.000000000000000000e+02 -2.213389445087271312e+01 -3.158410873756396242e+01 1.750000000000000000e+00
-2.842730385980438257e+01 2.370037294448657239e-01 -3.459999999999937348e+00 4.000000000000000000e+02 -2.197977861926822030e+01 -3.143249290595947087e+01 3.099999999999999978e-01
-2.837896199600886149e+01 2.555986641255251213e-01 -3.462499999999937295e+00 4.000000000000000000e+02 -2.196595490468335754e+01 -3.142116919137460940e+01 9.649999999999999689e-01
-2.833233662571483435e+01 2.478289667250290207e-01 -3.464999999999937241e+00 4.000000000000000000e+02 -2.196492047197925146e+01 -3.142263475867050104e+01 3.049999999999999933e-01
-2.828785248986463685e+01 2.540005103245815410e-01 -3.467499999999937188e+00 4.000000000000000000e+02 -2.193510124764287283e+01 -3.139531553433412370e+01 9.100000000000000311e-01
-2.824410908716992807e+01 2.823632158998820585e-01 -3.469999999999937135e+00 4.000000000000000000e+02 -2.193127734534679618e+01 -3.139399163203804477e+01 2.999999999999999889e-02
-2.820214487128268033e+01 2.940219167202943740e-01 -3.472499999999937081e+00 4.000000000000000000e+02 -2.188188635825898132e+01 -3.134710064495023119e+01 3.599999999999999867e-01
-2.815997770628024455e+01 2.807439026815999328e-01 -3.474999999999937028e+00 4.000000000000000000e+02 -2.187211936406073320e+01 -3.133983365075198435e+01 1.564999999999999947e+00
-2.811922773400517528e+01 2.678721650547770117e-01 -3.477499999999936975e+00 4.000000000000000000e+02 -2.183139240878254839e+01 -3.130160669547379726e+01 9.150000000000000355e-01
-2.807857838603593237e+01 2.667011204839619953e-01 -3.479999999999936922e+00 4.000000000000000000e+02 -2.167153335189404118e+01 -3.114424763858529133e+01 9.100000000000000311e-01
-2.803300994977000116e+01 2.544047319423531350e-01 -3.482499999999936868e+00 4.000000000000000000e+02 -2.166476436977136899e+01 -3.113997865646261687e+01 1.949999999999999956e+00
-2.798924538418494024e+01 2.539777059199071485e-01 -3.484999999999936815e+00 4.000000000000000000e+02 -2.163464280829528619e+01 -3.111235709498653534e+01 8.249999999999999556e-01
-2.794616675923567684e+01 2.678322159149181259e-01 -3.487499999999936762e+00 4.000000000000000000e+02 -2.163362991609250585e+01 -3.111384420278375629e+01 1.885000000000000009e+00
-2.790492763539840837e+01 2.564763193065951463e-01 -3.489999999999936708e+00 4.000000000000000000e+02 -2.159955118825863707e+01 -3.108226547494988523e+01 1.235000000000000098e+00
-2.786407699140139016e+01 2.707050226581521613e-01 -3.492499999999936655e+00 4.000000000000000000e+02 -2.159817506755431538e+01 -3.108338935424556482e+01 1.689999999999999947e+00
-2.782487306464696530e+01 2.657463930573688016e-01 -3.494999999999936602e+00 4.000000000000000000e+02 -2.158517388174449181e+01 -3.107288816843573898e+01 1.489999999999999991e+00
-2.778675753213274646e+01 2.281099390627439882e-01 -3.497499999999936549e+00 4.000000000000000000e+02 -2.141129498461484459e+01 -3.090150927130609304e+01 7.000000000000000666e-02
-2.774332500310305605e+01 2.386805480628723664e-01 -3.499999999999936495e+00 4.000000000000000000e+02 -2.135816984774356442e+01 -3.085088413443481414e+01 1.010000000000000009e+00
-2.769958571278105808e+01 2.458212075777632399e-01 -3.502499999999936442e+00 4.000000000000000000e+02 -2.126801641636713214e+01 -3.076323070305838314e+01 9.050000000000000266e-01
-2.765392701690400301e+01 2.420516066367415509e-01 -3.504999999999936389e+00 4.000000000000000000e+02 -2.122234794281165549e+01 -3.072006222950290422e+01 5.550000000000000488e-01
-2.760837933257557708e+01 2.832931199126257904e-01 -3.507499999999936335e+00 4.000000000000000000e+02 -2.120330618963340541e+01 -3.070352047632465542e+01 1.799999999999999933e-01
-2.756410542504711714e+01 2.806938744102114303e-01 -3.509999999999936282e+00 4.000000000000000000e+02 -2.118017423301308000e+01 -3.068288851970432773e+01 1.399999999999999911e+00
-2.752084390980522244e+01 2.721743704358499660e-01 -3.512499999999936229e+00 4.000000000000000000e+02 -2.113766135523201584e+01 -3.064287564192326485e+01 2.750000000000000222e-01
-2.747771972515819527e+01 2.602030014485340326e-01 -3.514999999999936175e+00 4.000000000000000000e+02 -2.112895946455015661e+01 -3.063667375124140335e+01 5.150000000000000133e-01
-2.743612669306907392e+01 2.485779562699617085e-01 -3.517499999999936122e+00 4.000000000000000000e+02 -2.111533585097102161e+01 -3.062555013766226963e+01 1.489999999999999991e+00
-2.739575700980378770e+01 2.172578887058068398e-01 -3.519999999999936069e+00 4.000000000000000000e+02 -2.110315316086751025e+01 -3.061586744755875955e+01 5.050000000000000044e-01
-2.735658375358679351e+01 2.187842624839148598e-01 -3.522499999999936016e+00 4.000000000000000000e+02 -2.104462764232077276e+01 -3.055984192901202334e+01 1.735000000000000098e+00
-2.731675782967577604e+01 2.195107863108707313e-01 -3.524999999999935962e+00 4.000000000000000000e+02 -2.102674953889246723e+01 -3.054446382558371553e+01 1.649999999999999911e+00
-2.727787530060711063e+01 2.063026051622889878e-01 -3.527499999999935909e+00 4.000000000000000000e+02 -2.101993673071281421e+01 -3.054015101740406379e+01 1.830000000000000071e+00
-2.724028944596800628e+01 2.064614970554913553e-01 -3.529999999999935856e+00 4.000000000000000000e+02 -2.094034463953175162e+01 -3.046305892622299893e+01 1.799999999999999933e-01
-2.720121820879106522e+01 2.000543379111364428e-01 -3.532499999999935802e+00 4.000000000000000000e+02 -2.092975552852087873e+01 -3.045496981521212732e+01 1.074999999999999956e+00
-2.716331662031133476e+01 2.167806507264830596e-01 -3.534999999999935749e+00 4.000000000000000000e+02 -2.092584016506446076e+01 -3.045355445175570708e+01 9.599999999999999645e-01
-2.712674846987000166e+01 2.051272747804716301e-01 -3.537499999999935696e+00 4.000000000000000000e+02 -2.087705382836087509e+01 -3.040726811505212268e+01 6.999999999999999556e-01
-2.708982972291641289e+01 2.093695139928074544e-01 -3.539999999999935643e+00 4.000000000000000000e+02 -2.084560230955127835e+01 -3.037831659624252723e+01 1.745000000000000107e+00
-2.705319864665490570e+01 2.418370481311260534e-01 -3.542499999999935589e+00 4.000000000000000000e+02 -2.084549463451057960e+01 -3.038070892120182975e+01 1.245000000000000107e+00
-2.701794508928717420e+01 2.544060183941135866e-01 -3.544999999999935536e+00 4.000000000000000000e+02 -2.084251416061904294e+01 -3.038022844731029082e+01 1.125000000000000000e+00
-2.698387604979113163e+01 2.476056130731865701e-01 -3.547499999999935483e+00 4.000000000000000000e+02 -2.082323139634196352e+01 -3.036344568303321267e+01 1.090000000000000080e+00
-2.695038120705552842e+01 2.557301871368055646e-01 -3.549999999999935429e+00 4.000000000000000000e+02 -2.078381004905328311e+01 -3.032652433574452999e+01 1.344999999999999973e+00
-2.691677330770881937e+01 2.629348104336887149e-01 -3.552499999999935376e+00 4.000000000000000000e+02 -2.077734108051099327e+01 -3.032255536720224143e+01 5.799999999999999600e-01
-2.688413105010331705e+01 2.693017321978660172e-01 -3.554999999999935323e+00 4.000000000000000000e+02 -2.072847908964051911e+01 -3.027619337633176855e+01 1.324999999999999956e+00
-2.685104524181752339e+01 2.614759912850756485e-01 -3.557499999999935270e+00 4.000000000000000000e+02 -2.072727415028906250e+01 -3.027748843698030967e+01 2.700000000000000178e-01
-2.681905992971527652e+01 2.538600748345248848e-01 -3.559999999999935216e+00 4.000000000000000000e+02 -2.072457499788189850e+01 -3.027728928457314694e+01 1.149999999999999911e+00
-2.678805997005959583e+01 2.796737689678484018e-01 -3.562499999999935163e+00 4.000000000000000000e+02 -2.069993953356588179e+01 -3.025515382025712796e+01 6.149999999999999911e-01
-2.675732943423244947e+01 2.552546444724703711e-01 -3.564999999999935110e+00 4.000000000000000000e+02 -2.067367878972133610e+01 -3.023139307641258355e+01 3.800000000000000044e-01
-2.672680911502200019e+01 2.732853727754401274e-01 -3.567499999999935056e+00 4.000000000000000000e+02 -2.066007503469858975e+01 -3.022028932138983848e+01 6.700000000000000400e-01
-2.669686698107857126e+01 2.770127168516519633e-01 -3.569999999999935003e+00 4.000000000000000000e+02 -2.062002894977721112e+01 -3.018274323646846113e+01 2.349999999999999867e-01
-2.666669971382139437e+01 2.590336254246026204e-01 -3.572499999999934950e+00 4.000000000000000000e+02 -2.061058945966538758e+01 -3.017580374635663532e+01 2.750000000000000222e-01
-2.663721497927121007e+01 2.610338355435059543e-01 -3.574999999999934897e+00 4.000000000000000000e+02 -2.057911668302535091e+01 -3.014683096971659637e+01 1.100000000000000089e+00
-2.660774511560365596e+01 2.589476701765896505e-01 -3.577499999999934843e+00 4.000000000000000000e+02 -2.050519649618439999e+01 -3.007541078287564673e+01 1.385000000000000009e+00
-2.657703187996694894e+01 2.615759177546937431e-01 -3.579999999999934790e+00 4.000000000000000000e+02 -2.045974502169922715e+01 -3.003245930839047517e+01 1.604999999999999982e+00
-2.654594627695736975e+01 2.432366975721046154e-01 -3.582499999999934737e+00 4.000000000000000000e+02 -2.044433466546046319e+01 -3.001954895215170893e+01 1.635000000000000009e+00
-2.651541209831470525e+01 2.295666295280535119e-01 -3.584999999999934683e+00 4.000000000000000000e+02 -2.036604802382254320e+01 -2.994376231051379023e+01 1.629999999999999893e+00
-2.648348676216330588e+01 2.304348220175727324e-01 -3.587499999999934630e+00 4.000000000000000000e+02 -2.036527025358832077e+01 -2.994548454027956907e+01 1.524999999999999911e+00
-2.645260162144541383e+01 2.444238866151580702e-01 -3.589999999999934577e+00 4.000000000000000000e+02 -2.034478473879957150e+01 -2.992749902549081753e+01 5.749999999999999556e-01
-2.642210635438217992e+01 2.121352975943849029e-01 -3.592499999999934523e+00 4.000000000000000000e+02 -2.031198697486317073e+01 -2.989720126155441804e+01 1.379999999999999893e+00
-2.639161701875268307e+01 2.105512632789334204e-01 -3.594999999999934470e+00 4.000000000000000000e+02 -2.026151454141059105e+01 -2.984922882810183609e+01 1.995000000000000107e+00
-2.636059820325455050e+01 2.165419144749667346e-01 -3.597499999999934417e+00 4.000000000000000000e+02 -2.024015864220713468e+01 -2.983037292889838099e+01 1.145000000000000018e+00
-2.632994869379826142e+01 2.109936212070473160e-01 -3.599999999999934364e+00 4.000000000000000000e+02 -2.021689994556774650e+01 -2.980961423225899409e+01 3.449999999999999734e-01
-2.629959630686798278e+01 2.190114603181254060e-01 -3.602499999999934310e+00 4.000000000000000000e+02 -2.015760624902192433e+01 -2.975282053571316965e+01 1.889999999999999902e+00
-2.626844319755658219e+01 2.317407981666549932e-01 -3.604999999999934257e+00 4.000000000000000000e+02 -2.014244298376333120e+01 -2.974015727045457780e+01 1.510000000000000009e+00
-2.623785217145729476e+01 2.212548469878149182e-01 -3.607499999999934204e+00 4.000000000000000000e+02 -2.012672061537276846e+01 -2.972693490206401634e+01 7.049999999999999600e-01
-2.620778004223029001e+01 2.116543980944774750e-01 -3.609999999999934150e+00 4.000000000000000000e+02 -2.009967677099744066e+01 -2.970239105768868626e+01 6.899999999999999467e-01
-2.617787124694545753e+01 2.171788119776395798e-01 -3.612499999999934097e+00 4.000000000000000000e+02 -2.002522713275100230e+01 -2.963044141944224918e+01 5.949999999999999734e-01
-2.614669806950011122e+01 2.103775809508080241e-01 -3.614999999999934044e+00 4.000000000000000000e+02 -1.984764559994295752e+01 -2.945535988663420568e+01 1.540000000000000036e+00
-2.611078563827625132e+01 2.177570811328598255e-01 -3.617499999999933991e+00 4.000000000000000000e+02 -1.984370080854458607e+01 -2.945391509523583196e+01 6.049999999999999822e-01
-2.607606906061289465e+01 2.175390222445574839e-01 -3.619999999999933937e+00 4.000000000000000000e+02 -1.982536806028147680e+01 -2.943808234697272397e+01 5.999999999999999778e-02
-2.604199097382507944e+01 2.453830616059754499e-01 -3.622499999999933884e+00 4.000000000000000000e+02 -1.981900263232942194e+01 -2.943421691902067039e+01 2.449999999999999956e-01
-2.600891049000873423e+01 2.495601679091095648e-01 -3.624999999999933831e+00 4.000000000000000000e+02 -1.972660471334516785e+01 -2.934431900003641402e+01 1.584999999999999964e+00
-2.597392948223066256e+01 2.555235470934459352e-01 -3.627499999999933777e+00 4.000000000000000000e+02 -1.970800497316085043e+01 -2.932821925985209788e+01 7.149999999999999689e-01
-2.593959165910395015e+01 2.513897648146170560e-01 -3.629999999999933724e+00 4.000000000000000000e+02 -1.967032842059078490e+01 -2.929304270728203363e+01 7.049999999999999600e-01
-2.590522551321470601e+01 2.439343239849832423e-01 -3.632499999999933671e+00 4.000000000000000000e+02 -1.966185465236020491e+01 -2.928706893905145137e+01 6.199999999999999956e-01
-2.587180548714857764e+01 2.660231356547311243e-01 -3.634999999999933618e+00 4.000000000000000000e+02 -1.964190838634667813e+01 -2.926962267303792231e+01 8.649999999999999911e-01
-2.583890644722299612e+01 2.377309847563594258e-01 -3.637499999999933564e+00 4.000000000000000000e+02 -1.964178884625476229e+01 -2.927200313294600775e+01 1.590000000000000080e+00
-2.580712990818998165e+01 2.364921342085138933e-01 -3.639999999999933511e+00 4.000000000000000000e+02 -1.963864100942380375e+01 -2.927135529611505049e+01 1.100000000000000089e+00
-2.577631244280640388e+01 2.041467290586222172e-01 -3.642499999999933458e+00 4.000000000000000000e+02 -1.962634897115801991e+01 -2.926156325784926793e+01 1.975000000000000089e+00
-2.574612658383750841e+01 2.033367132542672207e-01 -3.644999999999933404e+00 4.000000000000000000e+02 -1.961709762722552952e+01 -2.925481191391677527e+01 7.499999999999999722e-02
-2.571662968170721797e+01 2.063391821862083642e-01 -3.647499999999933351e+00 4.000000000000000000e+02 -1.961340309638676871e+01 -2.925361738307801573e+01 1.395000000000000018e+00
-2.568794421639055159e+01 2.197107324698109876e-01 -3.649999999999933298e+00 4.000000000000000000e+02 -1.954266051190224118e+01 -2.918537479859348593e+01 4.500000000000000111e-01
-2.565811838875267625e+01 2.142134803960097367e-01 -3.652499999999933245e+00 4.000000000000000000e+02 -1.943416537834412949e+01 -2.907937966503537552e+01 2.700000000000000178e-01
-2.562596954402564009e+01 2.229677441178835040e-01 -3.654999999999933191e+00 4.000000000000000000e+02 -1.943312704267902546e+01 -2.908084132937027277e+01 8.750000000000000000e-01
-2.559486692963760746e+01 2.368343539788246854e-01 -3.657499999999933138e+00 4.000000000000000000e+02 -1.940471264651348449e+01 -2.905492693320472952e+01 1.334999999999999964e+00
-2.556392279985492522e+01 2.544754254705542951e-01 -3.659999999999933085e+00 4.000000000000000000e+02 -1.934714505264073026e+01 -2.899985933933197657e+01 1.000000000000000056e-01
-2.553223496077574239e+01 2.486576012186630935e-01 -3.662499999999933031e+00 4.000000000000000000e+02 -1.933060409900094712e+01 -2.898581838569219116e+01 1.004999999999999893e+00
-2.550109286711419898e+01 2.514812277567977095e-01 -3.664999999999932978e+00 4.000000000000000000e+02 -1.932767011477459818e+01 -2.898538440146584350e+01 1.959999999999999964e+00
-2.547087847083228596e+01 2.526369962220010867e-01 -3.667499999999932925e+00 4.000000000000000000e+02 -1.927551408132639565e+01 -2.893572836801764225e+01 1.100000000000000089e+00
-2.544007995197374683e+01 2.468464152255804844e-01 -3.669999999999932871e+00 4.000000000000000000e+02 -1.920181842359955482e+01 -2.886453271029080270e+01 7.700000000000000178e-01
-2.540803192209455474e+01 2.608259431714154974e-01 -3.672499999999932818e+00 4.000000000000000000e+02 -1.919281436829011511e+01 -2.885802865498136072e+01 2.200000000000000011e-01
-2.537677966126781470e+01 2.761526564800996231e-01 -3.674999999999932765e+00 4.000000000000000000e+02 -1.918148373401745488e+01 -2.884919802070869821e+01 1.870000000000000107e+00
-2.534620984656652354e+01 2.953624813982844710e-01 -3.677499999999932712e+00 4.000000000000000000e+02 -1.915537740368563391e+01 -2.882559169037687852e+01 1.709999999999999964e+00
-2.531584897702638770e+01 2.939415904793500900e-01 -3.679999999999932658e+00 4.000000000000000000e+02 -1.905991057476549599e+01 -2.873262486145674188e+01 8.800000000000000044e-01
-2.528355791680902342e+01 2.745305321675712285e-01 -3.682499999999932605e+00 4.000000000000000000e+02 -1.905966875096534707e+01 -2.873488303765659424e+01 8.249999999999999556e-01
-2.525234650279260862e+01 2.710036797886318238e-01 -3.684999999999932552e+00 4.000000000000000000e+02 -1.902426890797402592e+01 -2.870198319466527082e+01 8.699999999999999956e-01
-2.522108316194632138e+01 2.893336893389364395e-01 -3.687499999999932498e+00 4.000000000000000000e+02 -1.900308779803057035e+01 -2.868330208472181653e+01 1.794999999999999929e+00
-2.519020474619481575e+01 2.687597900343589030e-01 -3.689999999999932445e+00 4.000000000000000000e+02 -1.899707122501199308e+01 -2.867978551170323698e+01 2.200000000000000011e-01
-2.516014736741892932e+01 2.684805649554641849e-01 -3.692499999999932392e+00 4.000000000000000000e+02 -1.894105925051250594e+01 -2.862627353720375112e+01 1.790000000000000036e+00
-2.512938753278695359e+01 2.499221822236149804e-01 -3.694999999999932339e+00 4.000000000000000000e+02 -1.891700937680661454e+01 -2.860472366349785744e+01 1.370000000000000107e+00
-2.509890544006571744e+01 2.458562387274201011e-01 -3.697499999999932285e+00 4.000000000000000000e+02 -1.888519309835467297e+01 -2.857540738504591715e+01 3.800000000000000044e-01
-2.506845832786961026e+01 2.443781926219553147e-01 -3.699999999999932232e+00 4.000000000000000000e+02 -1.883444561395182149e+01 -2.852715990064306695e+01 8.449999999999999734e-01
-2.503747277907777402e+01 2.703726046215258472e-01 -3.702499999999932179e+00 4.000000000000000000e+02 -1.883253118063500864e+01 -2.852774546732625538e+01 1.844999999999999973e+00
-2.500743588135984297e+01 2.548204805771883130e-01 -3.704999999999932125e+00 4.000000000000000000e+02 -1.883198235723937941e+01 -2.852969664393062388e+01 3.350000000000000200e-01
-2.497833097487277598e+01 2.449583737534778149e-01 -3.707499999999932072e+00 4.000000000000000000e+02 -1.882825350949271836e+01 -2.852846779618396411e+01 8.499999999999999778e-01
-2.495001497392851775e+01 2.451739390724836931e-01 -3.709999999999932019e+00 4.000000000000000000e+02 -1.881578362974648400e+01 -2.851849791643773102e+01 4.600000000000000200e-01
-2.492220663475170284e+01 2.401171859510034257e-01 -3.712499999999931966e+00 4.000000000000000000e+02 -1.876205463733692014e+01 -2.846726892402816489e+01 1.385000000000000009e+00
-2.489374860866618278e+01 2.425381596262435602e-01 -3.714999999999931912e+00 4.000000000000000000e+02 -1.874232535733762717e+01 -2.845003964402886965e+01 5.600000000000000533e-01
-2.486560391341481235e+01 2.430236591254372469e-01 -3.717499999999931859e+00 4.000000000000000000e+02 -1.871026715529721685e+01 -2.842048144198846060e+01 2.700000000000000178e-01
-2.483741996309930045e+01 2.261568332919766666e-01 -3.719999999999931806e+00 4.000000000000000000e+02 -1.863536031155125627e+01 -2.834807459824250131e+01 1.239999999999999991e+00
-2.480798024632602861e+01 1.836883920511080681e-01 -3.722499999999931752e+00 4.000000000000000000e+02 -1.859378270567566105e+01 -2.830899699236690736e+01 3.699999999999999956e-01
-2.477825961644568764e+01 1.825668213348794755e-01 -3.724999999999931699e+00 4.000000000000000000e+02 -1.859012479870408541e+01 -2.830783908539532945e+01 1.820000000000000062e+00
-2.474936390576223388e+01 1.702007791052245200e-01 -3.727499999999931646e+00 4.000000000000000000e+02 -1.856956241575451116e+01 -2.828977670244575648e+01 1.250000000000000000e-01
-2.472077513409232097e+01 1.583947643831691288e-01 -3.729999999999931592e+00 4.000000000000000000e+02 -1.855500454928025178e+01 -2.827771883597149838e+01 1.334999999999999964e+00
-2.469264854610726800e+01 1.557321853766323039e-01 -3.732499999999931539e+00 4.000000000000000000e+02 -1.849820660265365291e+01 -2.822342088934489723e+01 1.719999999999999973e+00
-2.466378679145415376e+01 1.468258064261825924e-01 -3.734999999999931486e+00 4.000000000000000000e+02 -1.849679521838103113e+01 -2.822450950507227674e+01 1.294999999999999929e+00
-2.463576482097701614e+01 1.524412545875099279e-01 -3.737499999999931433e+00 4.000000000000000000e+02 -1.849515280921454163e+01 -2.822536709590578496e+01 1.514999999999999902e+00
-2.460852977564194433e+01 1.475409254124918912e-01 -3.739999999999931379e+00 4.000000000000000000e+02 -1.848526169358086690e+01 -2.821797598027211151e+01 1.385000000000000009e+00
-2.458182277163958673e+01 1.499425595566732383e-01 -3.742499999999931326e+00 4.000000000000000000e+02 -1.848281135986080770e+01 -2.821802564655205003e+01 1.449999999999999956e+00
-2.455581179248174806e+01 1.699735066405123063e-01 -3.744999999999931273e+00 4.000000000000000000e+02 -1.847556263162218926e+01 -2.821327691831343287e+01 6.049999999999999822e-01
-2.453034111763466996e+01 1.799853973809431018e-01 -3.747499999999931219e+00 4.000000000000000000e+02 -1.844195829474567816e+01 -2.818217258143692305e+01 1.780000000000000027e+00
-2.450472837188096165e+01 1.932146344301623464e-01 -3.749999999999931166e+00 4.000000000000000000e+02 -1.842705761526265107e+01 -2.816977190195389369e+01 1.935000000000000053e+00
-2.447944758424430134e+01 2.003720530535852140e-01 -3.752499999999931113e+00 4.000000000000000000e+02 -1.841674600629646719e+01 -2.816196029298771109e+01 5.699999999999999512e-01
-2.445459920192872261e+01 1.918936134535709770e-01 -3.754999999999931060e+00 4.000000000000000000e+02 -1.839484929629375642e+01 -2.814256358298499805e+01 5.000000000000000000e-01
-2.442988426051777040e+01 1.896344471340747906e-01 -3.757499999999931006e+00 4.000000000000000000e+02 -1.828766489239044191e+01 -2.803787917908168481e+01 1.639999999999999902e+00
-2.440313898297640449e+01 1.926604711289688909e-01 -3.759999999999930953e+00 4.000000000000000000e+02 -1.827121633245789312e+01 -2.802393061914913730e+01 9.300000000000000488e-01
-2.437672932559824091e+01 2.056832994058086783e-01 -3.762499999999930900e+00 4.000000000000000000e+02 -1.824533091914819494e+01 -2.800054520583943685e+01 3.750000000000000000e-01
-2.435039837605963697e+01 1.989505386198434644e-01 -3.764999999999930846e+00 4.000000000000000000e+02 -1.824036115410325820e+01 -2.799807544079450139e+01 1.400000000000000133e-01
-2.432468036286767443e+01 1.928867504555305257e-01 -3.767499999999930793e+00 4.000000000000000000e+02 -1.818381801218693994e+01 -2.794403229887818441e+01 5.000000000000000000e-01
-2.429823315486468971e+01 1.777103114784977234e-01 -3.769999999999930740e+00 4.000000000000000000e+02 -1.817886069763540391e+01 -2.794157498432664966e+01 1.950000000000000067e-01
-2.427240483666453841e+01 1.876276293221304237e-01 -3.772499999999930687e+00 4.000000000000000000e+02 -1.817515334965694151e+01 -2.794036763634818499e+01 1.600000000000000089e+00
-2.424719682177405389e+01 1.841094343679146317e-01 -3.774999999999930633e+00 4.000000000000000000e+02 -1.816571824443691696e+01 -2.793343253112816171e+01 4.600000000000000200e-01
-2.422243964437694430e+01 1.829700776166467147e-01 -3.777499999999930580e+00 4.000000000000000000e+02 -1.815492709334090193e+01 -2.792514138003214441e+01 5.699999999999999512e-01
-2.419808189741922888e+01 1.815456622533895281e-01 -3.779999999999930527e+00 4.000000000000000000e+02 -1.810539294167936575e+01 -2.787810722837060950e+01 1.489999999999999991e+00
-2.417317239525708317e+01 2.037437926246649655e-01 -3.782499999999930473e+00 4.000000000000000000e+02 -1.810316456401261931e+01 -2.787837885070386079e+01 1.600000000000000033e-01
-2.414887484699384856e+01 2.078883143537677836e-01 -3.784999999999930420e+00 4.000000000000000000e+02 -1.809996920978028356e+01 -2.787768349647152633e+01 5.600000000000000533e-01
-2.412513738627173865e+01 2.052295041746940163e-01 -3.787499999999930367e+00 4.000000000000000000e+02 -1.802467727776584283e+01 -2.780489156445708687e+01 3.699999999999999956e-01
-2.410022121237566850e+01 2.088286075644061324e-01 -3.789999999999930314e+00 4.000000000000000000e+02 -1.801892787069826696e+01 -2.780164215738950872e+01 1.195000000000000062e+00
-2.407583262585380268e+01 1.908893968909455563e-01 -3.792499999999930260e+00 4.000000000000000000e+02 -1.799040686588836024e+01 -2.777562115257960329e+01 1.054999999999999938e+00
-2.405140467717329855e+01 1.958533591051629663e-01 -3.794999999999930207e+00 4.000000000000000000e+02 -1.796476284114177346e+01 -2.775247712783301779e+01 1.915000000000000036e+00
-2.402700769274406767e+01 1.903431472377709877e-01 -3.797499999999930154e+00 4.000000000000000000e+02 -1.795101087525685912e+01 -2.774122516194810117e+01 1.304999999999999938e+00
-2.400292550305139017e+01 1.833509676854532811e-01 -3.799999999999930100e+00 4.000000000000000000e+02 -1.790880751224604950e+01 -2.770152179893729283e+01 1.689999999999999947e+00
-2.397846876671178151e+01 1.819554649894817577e-01 -3.802499999999930047e+00 4.000000000000000000e+02 -1.788900630070170550e+01 -2.768422058739295011e+01 1.780000000000000027e+00
-2.395418430631524842e+01 1.701292211200900739e-01 -3.804999999999929994e+00 4.000000000000000000e+02 -1.787488104899607677e+01 -2.767259533568731911e+01 4.799999999999999822e-01
-2.393020169643100914e+01 1.808796421651867603e-01 -3.807499999999929940e+00 4.000000000000000000e+02 -1.786741825142667395e+01 -2.766763253811791756e+01 3.500000000000000333e-02
-2.390666564542912198e+01 1.765861789282260064e-01 -3.809999999999929887e+00 4.000000000000000000e+02 -1.783335540755812332e+01 -2.763606969424936466e+01 4.500000000000000111e-01
-2.388294214749138078e+01 1.760523328714349856e-01 -3.812499999999929834e+00 4.000000000000000000e+02 -1.781229222979217397e+01 -2.761750651648341659e+01 2.000000000000000000e+00
-2.385933932535779434e+01 1.725058561872702678e-01 -3.814999999999929781e+00 4.000000000000000000e+02 -1.781212954967870488e+01 -2.761984383636994522e+01 1.700000000000000122e-01
-2.383633399256109087e+01 1.733681305473050993e-01 -3.817499999999929727e+00 4.000000000000000000e+02 -1.779729557328051115e+01 -2.760750985997175277e+01 1.499999999999999944e-01
-2.381357009430828597e+01 1.720405894712657424e-01 -3.819999999999929674e+00 4.000000000000000000e+02 -1.778595623853287577e+01 -2.759867052522411868e+01 1.685000000000000053e+00
-2.379111746937971361e+01 1.660326011963647042e-01 -3.822499999999929621e+00 4.000000000000000000e+02 -1.777166062961250148e+01 -2.758687491630374211e+01 1.354999999999999982e+00
-2.376890022759642207e+01 1.629476854004137665e-01 -3.824999999999929567e+00 4.000000000000000000e+02 -1.774217035017566602e+01 -2.755988463686690793e+01 9.150000000000000355e-01
-2.374657786624725020e+01 1.641523369576277092e-01 -3.827499999999929514e+00 4.000000000000000000e+02 -1.771064199251080851e+01 -2.753085627920205170e+01 8.399999999999999689e-01
-2.372410698317704458e+01 1.699564122009827316e-01 -3.829999999999929461e+00 4.000000000000000000e+02 -1.767108729129358835e+01 -2.749380157798483282e+01 4.899999999999999911e-01
-2.370130972213631892e+01 1.542230918226099867e-01 -3.832499999999929408e+00 4.000000000000000000e+02 -1.761374316314604727e+01 -2.743895744983728946e+01 2.550000000000000044e-01
-2.367777871563736980e+01 1.553055145123627134e-01 -3.834999999999929354e+00 4.000000000000000000e+02 -1.760848515200218500e+01 -2.743619943869342848e+01 1.284999999999999920e+00
-2.365472594353300906e+01 1.627260927329510498e-01 -3.837499999999929301e+00 4.000000000000000000e+02 -1.759435101202663532e+01 -2.742456529871787652e+01 6.999999999999999556e-01
-2.363193194506871464e+01 1.728050587665081461e-01 -3.839999999999929248e+00 4.000000000000000000e+02 -1.757305514500248123e+01 -2.740576943169372370e+01 5.000000000000000278e-02
-2.360922787336797057e+01 1.789223775083090551e-01 -3.842499999999929194e+00 4.000000000000000000e+02 -1.753448901387037395e+01 -2.736970330056161771e+01 1.250000000000000000e-01
-2.358622187911650059e+01 1.904245252622555062e-01 -3.844999999999929141e+00 4.000000000000000000e+02 -1.750809013538676950e+01 -2.734580442207801099e+01 7.000000000000000666e-02
-2.356319556880253785e+01 1.995172868203398397e-01 -3.847499999999929088e+00 4.000000000000000000e+02 -1.749716467821870580e+01 -2.733737896490994856e+01 2.999999999999999889e-02
-2.354049926085985334e+01 2.084854395392361504e-01 -3.849999999999929035e+00 4.000000000000000000e+02 -1.748402402959244739e+01 -2.732673831628368788e+01 6.650000000000000355e-01
-2.351807190210666576e+01 2.066553467284684142e-01 -3.852499999999928981e+00 4.000000000000000000e+02 -1.743582061063765565e+01 -2.728103489732889742e+01 1.020000000000000018e+00
-2.349512241483249753e+01 2.054600189152445411e-01 -3.854999999999928928e+00 4.000000000000000000e+02 -1.741540080348896780e+01 -2.726311509018020729e+01 4.949999999999999956e-01
-2.347228676168000661e+01 1.866704042729447066e-01 -3.857499999999928875e+00 4.000000000000000000e+02 -1.739086075853236224e+01 -2.724107504522360301e+01 7.500000000000000000e-01
-2.344946906390623198e+01 1.889148125884526075e-01 -3.859999999999928821e+00 4.000000000000000000e+02 -1.736128393016403848e+01 -2.721399821685528053e+01 1.719999999999999973e+00
-2.342655508267426256e+01 1.940744815673051127e-01 -3.862499999999928768e+00 4.000000000000000000e+02 -1.735748678606461226e+01 -2.721270107275585559e+01 1.729999999999999982e+00
-2.340412565984864557e+01 1.990105777063205794e-01 -3.864999999999928715e+00 4.000000000000000000e+02 -1.734370807035026729e+01 -2.720142235704150835e+01 1.409999999999999920e+00
-2.338194221342217816e+01 1.967496644365885339e-01 -3.867499999999928662e+00 4.000000000000000000e+02 -1.731330430274264742e+01 -2.717351858943388976e+01 8.050000000000000488e-01
-2.335963291599318481e+01 2.009231742543010069e-01 -3.869999999999928608e+00 4.000000000000000000e+02 -1.730733001237299007e+01 -2.717004429906423013e+01 5.699999999999999512e-01
-2.333773535769121565e+01 2.020626339597522414e-01 -3.872499999999928555e+00 4.000000000000000000e+02 -1.730141073053196621e+01 -2.716662501722320755e+01 8.499999999999999778e-01
-2.331623443402096996e+01 1.989493208258552859e-01 -3.874999999999928502e+00 4.000000000000000000e+02 -1.729258866955451523e+01 -2.716030295624575785e+01 1.314999999999999947e+00
-2.329505399967058565e+01 2.019215229908573883e-01 -3.877499999999928448e+00 4.000000000000000000e+02 -1.727949762603386219e+01 -2.714971191272510254e+01 1.729999999999999982e+00
-2.327409434810046918e+01 1.865481132832957356e-01 -3.879999999999928395e+00 4.000000000000000000e+02 -1.726846887655097618e+01 -2.714118316324221780e+01 2.250000000000000056e-01
-2.325339096928160032e+01 1.789540237973683834e-01 -3.882499999999928342e+00 4.000000000000000000e+02 -1.718789890555769873e+01 -2.706311319224894163e+01 1.360000000000000098e+00
-2.323147847905061170e+01 1.824877694369491654e-01 -3.884999999999928288e+00 4.000000000000000000e+02 -1.716777635652833567e+01 -2.704549064321957630e+01 1.760000000000000009e+00
-2.320965877482103679e+01 1.578197883696672021e-01 -3.887499999999928235e+00 4.000000000000000000e+02 -1.716253293644886568e+01 -2.704274722314010759e+01 1.129999999999999893e+00
-2.318824698210650226e+01 1.657845126091610499e-01 -3.889999999999928182e+00 4.000000000000000000e+02 -1.709584772772026540e+01 -2.697856201441150858e+01 2.750000000000000222e-01
-2.316590983938261061e+01 1.637940354845997815e-01 -3.892499999999928129e+00 4.000000000000000000e+02 -1.708963306550025862e+01 -2.697484735219149954e+01 1.550000000000000044e+00
-2.314398033469137772e+01 1.656342376439023101e-01 -3.894999999999928075e+00 4.000000000000000000e+02 -1.708248433218351892e+01 -2.697019861887476111e+01 1.995000000000000107e+00
-2.312242251270864557e+01 1.554039298674162184e-01 -3.897499999999928022e+00 4.000000000000000000e+02 -1.703534189312078340e+01 -2.692555617981202332e+01 1.754999999999999893e+00
-2.310036675989278265e+01 1.582537882750792158e-01 -3.899999999999927969e+00 4.000000000000000000e+02 -1.702563326965746882e+01 -2.691834755634871001e+01 7.500000000000000000e-01
-2.307863254605721082e+01 1.401295313764341632e-01 -3.902499999999927915e+00 4.000000000000000000e+02 -1.695199547035569054e+01 -2.684720975704693302e+01 1.700000000000000122e-01
-2.305581008613409821e+01 1.428863774659615282e-01 -3.904999999999927862e+00 4.000000000000000000e+02 -1.692325009745304598e+01 -2.682096438414428619e+01 7.650000000000000133e-01
-2.303291026226890637e+01 1.300423045776087083e-01 -3.907499999999927809e+00 4.000000000000000000e+02 -1.686014387472861031e+01 -2.676035816141985180e+01 1.189999999999999947e+00
-2.300914085992529223e+01 1.367298203869928008e-01 -3.909999999999927756e+00 4.000000000000000000e+02 -1.681394689614619864e+01 -2.671666118283744140e+01 4.949999999999999956e-01
-2.298489879277508408e+01 1.366061571230853811e-01 -3.912499999999927702e+00 4.000000000000000000e+02 -1.679091596614678750e+01 -2.669613025283802799e+01 1.729999999999999982e+00
-2.296074544875246204e+01 1.402897041030361502e-01 -3.914999999999927649e+00 4.000000000000000000e+02 -1.673911783305339540e+01 -2.664683211974463717e+01 1.129999999999999893e+00
-2.293598462662076543e+01 1.388600108520372800e-01 -3.917499999999927596e+00 4.000000000000000000e+02 -1.671144494084739662e+01 -2.662165922753863612e+01 1.700000000000000122e-01
-2.291121372455293326e+01 1.285272923393637745e-01 -3.919999999999927542e+00 4.000000000000000000e+02 -1.668280079863766829e+01 -2.659551508532890907e+01 7.700000000000000178e-01
-2.288640920142434965e+01 1.360337296541426766e-01 -3.922499999999927489e+00 4.000000000000000000e+02 -1.662428189092280917e+01 -2.653949617761404767e+01 1.685000000000000053e+00
-2.286082818504887015e+01 1.435911253468455662e-01 -3.924999999999927436e+00 4.000000000000000000e+02 -1.659071868400604899e+01 -2.650843297069728877e+01 7.800000000000000266e-01
-2.283510833661744499e+01 1.670139916489920273e-01 -3.927499999999927383e+00 4.000000000000000000e+02 -1.657998228648410688e+01 -2.650019657317534794e+01 3.900000000000000133e-01
-2.280982866500488271e+01 1.755551232132874506e-01 -3.929999999999927329e+00 4.000000000000000000e+02 -1.656712146651827311e+01 -2.648983575320951189e+01 1.389999999999999902e+00
-2.278491871403396019e+01 1.779126935845495305e-01 -3.932499999999927276e+00 4.000000000000000000e+02 -1.653819330193919157e+01 -2.646340758863043163e+01 6.099999999999999867e-01
-2.275997138391017671e+01 1.809659081724547258e-01 -3.934999999999927223e+00 4.000000000000000000e+02 -1.649770900489966863e+01 -2.642542329159090997e+01 8.800000000000000044e-01
-2.273470078894370161e+01 1.885776189808180958e-01 -3.937499999999927169e+00 4.000000000000000000e+02 -1.645368224909421073e+01 -2.638389653578544980e+01 1.060000000000000053e+00
-2.270902130675302288e+01 1.868554331300960880e-01 -3.939999999999927116e+00 4.000000000000000000e+02 -1.644420637485805159e+01 -2.637692066154929194e+01 9.399999999999999467e-01
-2.268381171248353922e+01 1.874881724072257061e-01 -3.942499999999927063e+00 4.000000000000000000e+02 -1.641672104542097799e+01 -2.635193533211221961e+01 1.580000000000000071e+00
-2.265860770056136531e+01 1.842237384909772846e-01 -3.944999999999927009e+00 4.000000000000000000e+02 -1.639337997325053209e+01 -2.633109425994177144e+01 1.114999999999999991e+00
-2.263351204736244426e+01 1.751038803097425545e-01 -3.947499999999926956e+00 4.000000000000000000e+02 -1.626799614390726845e+01 -2.620821043059850908e+01 1.584999999999999964e+00
-2.260587365397397974e+01 1.746176888808759486e-01 -3.949999999999926903e+00 4.000000000000000000e+02 -1.626377270494653615e+01 -2.620648699163777451e+01 5.000000000000000000e-01
-2.257893286903500396e+01 1.621300884095175088e-01 -3.952499999999926850e+00 4.000000000000000000e+02 -1.624258708335282009e+01 -2.618780137004405972e+01 1.159999999999999920e+00
-2.255221063622287403e+01 1.736637880096559283e-01 -3.954999999999926796e+00 4.000000000000000000e+02 -1.622005981905255823e+01 -2.616777410574379559e+01 4.849999999999999867e-01
-2.252566436455223808e+01 1.742933893795352018e-01 -3.957499999999926743e+00 4.000000000000000000e+02 -1.621748407794752111e+01 -2.616769836463875976e+01 6.450000000000000178e-01
-2.249980267855649529e+01 1.705822431200822442e-01 -3.959999999999926690e+00 4.000000000000000000e+02 -1.621422911922192966e+01 -2.616694340591316958e+01 1.084999999999999964e+00
-2.247457419165997194e+01 1.502113169191136577e-01 -3.962499999999926636e+00 4.000000000000000000e+02 -1.621037160995284765e+01 -2.616558589664408885e+01 1.294999999999999929e+00
-2.244993353113220991e+01 1.493625627394811195e-01 -3.964999999999926583e+00 4.000000000000000000e+02 -1.612827144406687196e+01 -2.608598573075811089e+01 6.800000000000000488e-01
-2.242391868301083591e+01 1.546933605418825686e-01 -3.967499999999926530e+00 4.000000000000000000e+02 -1.609967465828807320e+01 -2.605988894497931341e+01 1.854999999999999982e+00
-2.239790173069744839e+01 1.521580572244105034e-01 -3.969999999999926477e+00 4.000000000000000000e+02 -1.601147828799210870e+01 -2.597419257468335019e+01 4.000000000000000083e-02
-2.237030671409992877e+01 1.573877633906398954e-01 -3.972499999999926423e+00 4.000000000000000000e+02 -1.601074523456236420e+01 -2.597595952125360341e+01 6.999999999999999556e-01
-2.234349955586330339e+01 1.693330644627048243e-01 -3.974999999999926370e+00 4.000000000000000000e+02 -1.599456506351308605e+01 -2.596227935020432653e+01 2.000000000000000000e+00
-2.231703741049062373e+01 1.601698787599848406e-01 -3.977499999999926317e+00 4.000000000000000000e+02 -1.598316218261373223e+01 -2.595337646930497044e+01 1.590000000000000080e+00
-2.229102992770526015e+01 1.693329650877235248e-01 -3.979999999999926263e+00 4.000000000000000000e+02 -1.595995587381744230e+01 -2.593267016050868179e+01 1.504999999999999893e+00
-2.226515818684791270e+01 1.720971087692969859e-01 -3.982499999999926210e+00 4.000000000000000000e+02 -1.589787785112078566e+01 -2.587309213781202288e+01 1.544999999999999929e+00
-2.223841130027567203e+01 1.756120783436693200e-01 -3.984999999999926157e+00 4.000000000000000000e+02 -1.589449732371545920e+01 -2.587221161040669770e+01 8.000000000000000444e-01
-2.221233856155090436e+01 1.833120524048364730e-01 -3.987499999999926104e+00 4.000000000000000000e+02 -1.588776712616192910e+01 -2.586798141285316888e+01 1.360000000000000098e+00
-2.218682201753072292e+01 1.990597038668648622e-01 -3.989999999999926050e+00 4.000000000000000000e+02 -1.584543463345477043e+01 -2.582814892014600971e+01 5.699999999999999512e-01
-2.216094227301893582e+01 2.135003376874858028e-01 -3.992499999999925997e+00 4.000000000000000000e+02 -1.581428963347351768e+01 -2.579950392016475647e+01 7.800000000000000266e-01
-2.213499178723040117e+01 2.261780222191293876e-01 -3.994999999999925944e+00 4.000000000000000000e+02 -1.581132350544237219e+01 -2.579903779213361048e+01 5.949999999999999734e-01
-2.210968608535666036e+01 2.184030438127887996e-01 -3.997499999999925890e+00 4.000000000000000000e+02 -1.578281383605452604e+01 -2.577302812274576382e+01 1.959999999999999964e+00
-2.208436278656603591e+01 2.123747400560689891e-01 -3.999999999999925837e+00 4.000000000000000000e+02 -1.577621135903885552e+01 -2.576892564573009281e+01 6.250000000000000000e-01
-2.205956466917891845e+01 2.126462862479479576e-01 -4.002499999999925784e+00 4.000000000000000000e+02 -1.576846130314344130e+01 -2.576367558983467987e+01 7.299999999999999822e-01
-2.203524080882450065e+01 2.090731686214391538e-01 -4.004999999999926175e+00 4.000000000000000000e+02 -1.576453608574820464e+01 -2.576225037243944271e+01 1.590000000000000080e+00
-2.201146110815438917e+01 2.032245280014218225e-01 -4.007499999999926565e+00 4.000000000000000000e+02 -1.572281649640885348e+01 -2.572303078310009283e+01 3.200000000000000067e-01
-2.198731583395493416e+01 1.976667684914801826e-01 -4.009999999999926956e+00 4.000000000000000000e+02 -1.571320936448982408e+01 -2.571592365118106471e+01 1.935000000000000053e+00
-2.196357366165926095e+01 2.114461284489368431e-01 -4.012499999999927347e+00 4.000000000000000000e+02 -1.569495412459369810e+01 -2.570016841128493823e+01 1.219999999999999973e+00
-2.194001815417726320e+01 2.227259370268350469e-01 -4.014999999999927738e+00 4.000000000000000000e+02 -1.568961790694759628e+01 -2.569733219363883592e+01 1.935000000000000053e+00
-2.191694014812189195e+01 2.313122945779478579e-01 -4.017499999999928129e+00 4.000000000000000000e+02 -1.564780902792064410e+01 -2.565802331461188501e+01 1.260000000000000009e+00
-2.189348890335616460e+01 2.412028408982820615e-01 -4.019999999999928519e+00 4.000000000000000000e+02 -1.555169022127723366e+01 -2.556440450796847585e+01 1.665000000000000036e+00
-2.186835428675771453e+01 2.395807088466286872e-01 -4.022499999999928910e+00 4.000000000000000000e+02 -1.553465069187258862e+01 -2.554986497856383210e+01 1.104999999999999982e+00
-2.184348130071742844e+01 2.407724941963469978e-01 -4.024999999999929301e+00 4.000000000000000000e+02 -1.550433592679769212e+01 -2.552205021348893155e+01 3.750000000000000000e-01
-2.181853594255462880e+01 2.460588546316153646e-01 -4.027499999999929692e+00 4.000000000000000000e+02 -1.548708450529604264e+01 -2.550729879198728511e+01 9.000000000000000222e-01
-2.179384048578586786e+01 2.509159060664295504e-01 -4.029999999999930083e+00 4.000000000000000000e+02 -1.546398910735548959e+01 -2.548670339404673513e+01 1.385000000000000009e+00
-2.176924484206067589e+01 2.380291802698883685e-01 -4.032499999999930473e+00 4.000000000000000000e+02 -1.545580803605618847e+01 -2.548102232274743173e+01 3.200000000000000067e-01
-2.174510452479487199e+01 2.378629369845298991e-01 -4.034999999999930864e+00 4.000000000000000000e+02 -1.541759392523937677e+01 -2.544530821193061954e+01 1.860000000000000098e+00
-2.172068659273659108e+01 2.369071922990645396e-01 -4.037499999999931255e+00 4.000000000000000000e+02 -1.540256313695166845e+01 -2.543277742364291072e+01 4.249999999999999889e-01
-2.169655374812867876e+01 2.386589220207321338e-01 -4.039999999999931646e+00 4.000000000000000000e+02 -1.539072416595722004e+01 -2.542343845264846536e+01 7.800000000000000266e-01
-2.167277111319190652e+01 2.191113983706067803e-01 -4.042499999999932037e+00 4.000000000000000000e+02 -1.538802633378651130e+01 -2.542324062047775612e+01 1.870000000000000107e+00
-2.164953643438809294e+01 2.220387976926996854e-01 -4.044999999999932427e+00 4.000000000000000000e+02 -1.535232114041560258e+01 -2.539003542710684513e+01 7.950000000000000400e-01
-2.162607164554428607e+01 2.197697624762929292e-01 -4.047499999999932818e+00 4.000000000000000000e+02 -1.534000319837262616e+01 -2.538021748506387354e+01 1.000000000000000000e+00
-2.160292124898414912e+01 2.306873536165756355e-01 -4.049999999999933209e+00 4.000000000000000000e+02 -1.531984197655641111e+01 -2.536255626324765799e+01 8.950000000000000178e-01
-2.157989613305577237e+01 2.385311025434550813e-01 -4.052499999999933600e+00 4.000000000000000000e+02 -1.531836274058222536e+01 -2.536357702727347174e+01 1.135000000000000009e+00
-2.155741196906474855e+01 2.328390564027326970e-01 -4.054999999999933991e+00 4.000000000000000000e+02 -1.531117551512003949e+01 -2.535888980181128716e+01 2.949999999999999845e-01
-2.153532006610820204e+01 2.246528327186900487e-01 -4.057499999999934381e+00 4.000000000000000000e+02 -1.528253103655429079e+01 -2.533274532324553974e+01 4.849999999999999867e-01
-2.151313944000715850e+01 2.024058765389957493e-01 -4.059999999999934772e+00 4.000000000000000000e+02 -1.528143596182322383e+01 -2.533415024851447228e+01 3.850000000000000089e-01
-2.149147027412650957e+01 2.170677420611143715e-01 -4.062499999999935163e+00 4.000000000000000000e+02 -1.526453095115379632e+01 -2.531974523784504427e+01 7.850000000000000311e-01
-2.146995627106541349e+01 2.262180433537729074e-01 -4.064999999999935554e+00 4.000000000000000000e+02 -1.523274304056210759e+01 -2.529045732725335682e+01 1.409999999999999920e+00
-2.144827617536942554e+01 2.324162289993947639e-01 -4.067499999999935945e+00 4.000000000000000000e+02 -1.516528286050303187e+01 -2.522549714719428238e+01 8.900000000000000133e-01
-2.142564793159692016e+01 2.312874200896741228e-01 -4.069999999999936335e+00 4.000000000000000000e+02 -1.515315376598606534e+01 -2.521586805267731535e+01 7.750000000000000222e-01
-2.140330869223272359e+01 2.333566846530456818e-01 -4.072499999999936726e+00 4.000000000000000000e+02 -1.515251468717642958e+01 -2.521772897386767909e+01 1.514999999999999902e+00
-2.138149779479762103e+01 2.379629756012942021e-01 -4.074999999999937117e+00 4.000000000000000000e+02 -1.512702337656277862e+01 -2.519473766325402764e+01 1.879999999999999893e+00
-2.135966141551970310e+01 2.315946790748513728e-01 -4.077499999999937508e+00 4.000000000000000000e+02 -1.512588349752233086e+01 -2.519609778421358115e+01 2.750000000000000222e-01
-2.133832042969553200e+01 2.249212667587381087e-01 -4.079999999999937899e+00 4.000000000000000000e+02 -1.512264833586312562e+01 -2.519536262255437720e+01 1.959999999999999964e+00
-2.131741017403501459e+01 2.247343192652301036e-01 -4.082499999999938289e+00 4.000000000000000000e+02 -1.508671983503707104e+01 -2.516193412172832211e+01 9.799999999999999822e-01
-2.129623928222931539e+01 2.169161437682987914e-01 -4.084999999999938680e+00 4.000000000000000000e+02 -1.504701119767925022e+01 -2.512472548437050079e+01 2.049999999999999878e-01
-2.127472977475016336e+01 2.150988220605317136e-01 -4.087499999999939071e+00 4.000000000000000000e+02 -1.503923670694328862e+01 -2.511945099363454048e+01 1.814999999999999947e+00
-2.125356301505366474e+01 2.214913188263760713e-01 -4.089999999999939462e+00 4.000000000000000000e+02 -1.499629376169516526e+01 -2.507900804838642017e+01 1.500000000000000000e+00
-2.123198869562120450e+01 2.085110743846326220e-01 -4.092499999999939853e+00 4.000000000000000000e+02 -1.498812838806713366e+01 -2.507334267475838629e+01 1.455000000000000071e+00
-2.121075129501638301e+01 2.078919268933479836e-01 -4.094999999999940243e+00 4.000000000000000000e+02 -1.498224346378642302e+01 -2.506995775047767694e+01 7.550000000000000044e-01
-2.118988577734311463e+01 2.083382440709813377e-01 -4.097499999999940634e+00 4.000000000000000000e+02 -1.490107541119964907e+01 -2.499128969789090249e+01 2.500000000000000139e-02
-2.116779225937148112e+01 2.142656680637482491e-01 -4.099999999999941025e+00 4.000000000000000000e+02 -1.487112459782518314e+01 -2.496383888451643784e+01 1.000000000000000021e-02
-2.114558137058780218e+01 2.202090166194843601e-01 -4.102499999999941416e+00 4.000000000000000000e+02 -1.483357154974676995e+01 -2.492878583643802415e+01 1.300000000000000044e+00
-2.112308661156438561e+01 2.130271860820025231e-01 -4.104999999999941807e+00 4.000000000000000000e+02 -1.480055371019803800e+01 -2.489826799688929171e+01 3.250000000000000111e-01
-2.110041268826165251e+01 2.225891734773015329e-01 -4.107499999999942197e+00 4.000000000000000000e+02 -1.478161964218697300e+01 -2.488183392887822976e+01 1.004999999999999893e+00
-2.107787822922175280e+01 2.247964131784583874e-01 -4.109999999999942588e+00 4.000000000000000000e+02 -1.477809864671194795e+01 -2.488081293340320599e+01 1.570000000000000062e+00
-2.105581813574602990e+01 2.278463766452894501e-01 -4.112499999999942979e+00 4.000000000000000000e+02 -1.476662109693027780e+01 -2.487183538362153357e+01 1.780000000000000027e+00
-2.103404166557002952e+01 2.376709933677752518e-01 -4.114999999999943370e+00 4.000000000000000000e+02 -1.475989016065030413e+01 -2.486760444734155939e+01 7.299999999999999822e-01
-2.101263991889206295e+01 2.467009181335412527e-01 -4.117499999999943761e+00 4.000000000000000000e+02 -1.474399746904202502e+01 -2.485421175573328156e+01 1.400000000000000133e-01
-2.099140709574650643e+01 2.374903638970178033e-01 -4.119999999999944151e+00 4.000000000000000000e+02 -1.474030513486488303e+01 -2.485301942155614086e+01 3.400000000000000244e-01
-2.097059119922311154e+01 2.368430395310190117e-01 -4.122499999999944542e+00 4.000000000000000000e+02 -1.473799318551813542e+01 -2.485320747220939097e+01 3.950000000000000178e-01
-2.095020357875478467e+01 2.446935734609471391e-01 -4.124999999999944933e+00 4.000000000000000000e+02 -1.473579679223787586e+01 -2.485351107892913092e+01 9.749999999999999778e-01
-2.093022932705262562e+01 2.432123809977723150e-01 -4.127499999999945324e+00 4.000000000000000000e+02 -1.473560386177789105e+01 -2.485581814846914739e+01 1.685000000000000053e+00
-2.091069093495738684e+01 2.482009387096256736e-01 -4.129999999999945715e+00 4.000000000000000000e+02 -1.472169805866103864e+01 -2.484441234535229626e+01 1.125000000000000000e+00
-2.089130927249090064e+01 2.429059314577461104e-01 -4.132499999999946105e+00 4.000000000000000000e+02 -1.468895926419764209e+01 -2.481417355088890275e+01 1.129999999999999893e+00
-2.087171809339466932e+01 2.389936758716435794e-01 -4.134999999999946496e+00 4.000000000000000000e+02 -1.468529199741549895e+01 -2.481300628410675557e+01 9.200000000000000400e-01
-2.085248113795733360e+01 2.430103494168272538e-01 -4.137499999999946887e+00 4.000000000000000000e+02 -1.467325694570880579e+01 -2.480347123240006368e+01 9.599999999999999645e-01
-2.083342815703009165e+01 2.447320182304939806e-01 -4.139999999999947278e+00 4.000000000000000000e+02 -1.466703325766705035e+01 -2.479974754435831130e+01 1.090000000000000080e+00
-2.081466231512034071e+01 2.393047880060898136e-01 -4.142499999999947669e+00 4.000000000000000000e+02 -1.462966361307355179e+01 -2.476487789976481224e+01 1.399999999999999911e+00
-2.079559471160878914e+01 2.383909964100905110e-01 -4.144999999999948059e+00 4.000000000000000000e+02 -1.462101575107782914e+01 -2.475873003776909087e+01 1.229999999999999982e+00
-2.077676958268242302e+01 2.455196433755266194e-01 -4.147499999999948450e+00 4.000000000000000000e+02 -1.461893801245786584e+01 -2.475915229914912885e+01 7.750000000000000222e-01
-2.075830003004789148e+01 2.299919832836258560e-01 -4.149999999999948841e+00 4.000000000000000000e+02 -1.461814256093262721e+01 -2.476085684762389150e+01 5.749999999999999556e-01
-2.074019603190189898e+01 2.224776402268964226e-01 -4.152499999999949232e+00 4.000000000000000000e+02 -1.461191083626520637e+01 -2.475712512295646661e+01 1.225000000000000089e+00
-2.072234807687128111e+01 2.301126504339239265e-01 -4.154999999999949623e+00 4.000000000000000000e+02 -1.459838742905293785e+01 -2.474610171574419937e+01 1.040000000000000036e+00
-2.070462044175449989e+01 2.328507181552363081e-01 -4.157499999999950013e+00 4.000000000000000000e+02 -1.457707164740206451e+01 -2.472728593409332731e+01 1.165000000000000036e+00
-2.068687367612884742e+01 2.239040195302677561e-01 -4.159999999999950404e+00 4.000000000000000000e+02 -1.457094077258111930e+01 -2.472365505927238161e+01 1.544999999999999929e+00
-2.066937349823486869e+01 2.192412408174016503e-01 -4.162499999999950795e+00 4.000000000000000000e+02 -1.455911108011347288e+01 -2.471432536680473646e+01 3.350000000000000200e-01
-2.065201449391643607e+01 2.373383936409534656e-01 -4.164999999999951186e+00 4.000000000000000000e+02 -1.455474222150801822e+01 -2.471245650819928130e+01 1.709999999999999964e+00
-2.063492004367130406e+01 2.183341189237417990e-01 -4.167499999999951577e+00 4.000000000000000000e+02 -1.452781994449270897e+01 -2.468803423118397333e+01 4.849999999999999867e-01
-2.061770094444608503e+01 2.091058866576584740e-01 -4.169999999999951967e+00 4.000000000000000000e+02 -1.448949160916938084e+01 -2.465220589586064648e+01 1.250000000000000000e-01
-2.060016123095068608e+01 2.209771634316334277e-01 -4.172499999999952358e+00 4.000000000000000000e+02 -1.448513135104658822e+01 -2.465034563773785337e+01 1.330000000000000071e+00
-2.058289204330873190e+01 2.251008077385282524e-01 -4.174999999999952749e+00 4.000000000000000000e+02 -1.446980594753479998e+01 -2.463752023422606641e+01 1.120000000000000107e+00
-2.056569877146955605e+01 2.314198428803928564e-01 -4.177499999999953140e+00 4.000000000000000000e+02 -1.444842618166869386e+01 -2.461864046835995978e+01 1.695000000000000062e+00
-2.054847672728691776e+01 2.369195867160492353e-01 -4.179999999999953531e+00 4.000000000000000000e+02 -1.442925358294278304e+01 -2.460196786963405202e+01 1.745000000000000107e+00
-2.053126406212866328e+01 2.264087333651358391e-01 -4.182499999999953921e+00 4.000000000000000000e+02 -1.440658891623726312e+01 -2.458180320292852983e+01 1.149999999999999911e+00
-2.051400094680421304e+01 2.103343033104591864e-01 -4.184999999999954312e+00 4.000000000000000000e+02 -1.437039108436173684e+01 -2.454810537105300483e+01 4.600000000000000200e-01
-2.049645426805730608e+01 2.114984237785760279e-01 -4.187499999999954703e+00 4.000000000000000000e+02 -1.434947133072769176e+01 -2.452968561741895925e+01 5.949999999999999734e-01
-2.047889239685114049e+01 2.148948346021063993e-01 -4.189999999999955094e+00 4.000000000000000000e+02 -1.434483028709398944e+01 -2.452754457378525643e+01 2.149999999999999967e-01
-2.046159695624601227e+01 1.946902902441139671e-01 -4.192499999999955484e+00 4.000000000000000000e+02 -1.424099645288949922e+01 -2.442621073958076749e+01 5.999999999999999778e-02
-2.044279937913858447e+01 1.838981587417532482e-01 -4.194999999999955875e+00 4.000000000000000000e+02 -1.421362368787498021e+01 -2.440133797456624620e+01 1.834999999999999964e+00
-2.042388833194606690e+01 1.818686672362247736e-01 -4.197499999999956266e+00 4.000000000000000000e+02 -1.419105720936341974e+01 -2.438127149605468702e+01 8.900000000000000133e-01
-2.040495562737321222e+01 1.794632507134454047e-01 -4.199999999999956657e+00 4.000000000000000000e+02 -1.418334785346833193e+01 -2.437606214015960404e+01 5.400000000000000355e-01
-2.038627857350323680e+01 1.898375415717130921e-01 -4.202499999999957048e+00 4.000000000000000000e+02 -1.417811411610486161e+01 -2.437332840279613322e+01 1.550000000000000044e+00
-2.036789423383503461e+01 1.863540459543433225e-01 -4.204999999999957438e+00 4.000000000000000000e+02 -1.416801721961509664e+01 -2.436573150630636775e+01 1.159999999999999920e+00
-2.034970536530939356e+01 1.889152281591066074e-01 -4.207499999999957829e+00 4.000000000000000000e+02 -1.415924728692902690e+01 -2.435946157362029751e+01 6.049999999999999822e-01
-2.033173007663211251e+01 1.939400711537776489e-01 -4.209999999999958220e+00 4.000000000000000000e+02 -1.414886243145972777e+01 -2.435157671815100144e+01 1.000000000000000056e-01
-2.031393365808438745e+01 2.029364763336855282e-01 -4.212499999999958611e+00 4.000000000000000000e+02 -1.411851301163281214e+01 -2.432372729832408353e+01 5.100000000000000089e-01
-2.029595903623330955e+01 2.112940516762888687e-01 -4.214999999999959002e+00 4.000000000000000000e+02 -1.411585226652282010e+01 -2.432356655321409278e+01 9.200000000000000400e-01
-2.027829899120970580e+01 2.113061425276327732e-01 -4.217499999999959392e+00 4.000000000000000000e+02 -1.408263231519695324e+01 -2.429284660188822542e+01 1.909999999999999920e+00
-2.026040885937423042e+01 2.152773981088682009e-01 -4.219999999999959783e+00 4.000000000000000000e+02 -1.403789505232416879e+01 -2.425060933901544047e+01 6.700000000000000400e-01
-2.024208182446890447e+01 2.098383213925890944e-01 -4.222499999999960174e+00 4.000000000000000000e+02 -1.402667995058142658e+01 -2.424189423727269954e+01 1.250000000000000000e+00
-2.022392852225761217e+01 2.001304201406024774e-01 -4.224999999999960565e+00 4.000000000000000000e+02 -1.396293795055266074e+01 -2.418065223724393320e+01 1.794999999999999929e+00
-2.020498344597355711e+01 2.005163319424080881e-01 -4.227499999999960956e+00 4.000000000000000000e+02 -1.393705475851970199e+01 -2.415726904521097396e+01 1.199999999999999956e-01
-2.018595489908431517e+01 1.992349004967946258e-01 -4.229999999999961346e+00 4.000000000000000000e+02 -1.393533924826779291e+01 -2.415805353495906616e+01 1.534999999999999920e+00
-2.016729619424536679e+01 1.895676967096115995e-01 -4.232499999999961737e+00 4.000000000000000000e+02 -1.391856312418246944e+01 -2.414377741087374574e+01 1.155000000000000027e+00
-2.014871833051716266e+01 1.843544976869933294e-01 -4.234999999999962128e+00 4.000000000000000000e+02 -1.390445198279867967e+01 -2.413216626948995369e+01 1.850000000000000089e+00
-2.013026826130347757e+01 1.789528498658640721e-01 -4.237499999999962519e+00 4.000000000000000000e+02 -1.386789963450536334e+01 -2.409811392119663864e+01 8.750000000000000000e-01
-2.011153077287214330e+01 1.882879783035957821e-01 -4.239999999999962910e+00 4.000000000000000000e+02 -1.382862542154450125e+01 -2.406133970823577783e+01 1.550000000000000044e+00
-2.009245548745685639e+01 1.975296664915030254e-01 -4.242499999999963300e+00 4.000000000000000000e+02 -1.381483637488076788e+01 -2.405005066157204396e+01 4.899999999999999911e-01
-2.007352675863472058e+01 2.010653315105703498e-01 -4.244999999999963691e+00 4.000000000000000000e+02 -1.374458311172010738e+01 -2.398229739841138297e+01 5.050000000000000044e-01
-2.005366025768573834e+01 2.035360246962698294e-01 -4.247499999999964082e+00 4.000000000000000000e+02 -1.373345942098473493e+01 -2.397367370767601358e+01 1.689999999999999947e+00
-2.003401369366127582e+01 2.125002256111007404e-01 -4.249999999999964473e+00 4.000000000000000000e+02 -1.371288678313592690e+01 -2.395560106982720328e+01 4.949999999999999956e-01
-2.001439772648337012e+01 2.230222607549663949e-01 -4.252499999999964864e+00 4.000000000000000000e+02 -1.368999556188043698e+01 -2.393520984857171641e+01 1.145000000000000018e+00
-1.999476669440457144e+01 2.235073395661854312e-01 -4.254999999999965254e+00 4.000000000000000000e+02 -1.368345864213265806e+01 -2.393117292882393343e+01 4.600000000000000200e-01
-1.997543649946243605e+01 2.304716019898110924e-01 -4.257499999999965645e+00 4.000000000000000000e+02 -1.368278195765165428e+01 -2.393299624434293094e+01 1.125000000000000000e+00
-1.995650710630560809e+01 2.343328615700454864e-01 -4.259999999999966036e+00 4.000000000000000000e+02 -1.368218714002007452e+01 -2.393490142671135601e+01 1.064999999999999947e+00
-1.993796442280915215e+01 2.297007444527159881e-01 -4.262499999999966427e+00 4.000000000000000000e+02 -1.368160556985052523e+01 -2.393681985654180266e+01 1.205000000000000071e+00
-1.991979389690852997e+01 2.293684428163815792e-01 -4.264999999999966818e+00 4.000000000000000000e+02 -1.365320709529908250e+01 -2.391092138199036299e+01 9.549999999999999600e-01
-1.990148368887073005e+01 2.338643423203020932e-01 -4.267499999999967208e+00 4.000000000000000000e+02 -1.364025835042377821e+01 -2.390047263711505821e+01 1.659999999999999920e+00
-1.988331556693319158e+01 2.304158898018525137e-01 -4.269999999999967599e+00 4.000000000000000000e+02 -1.357486967501425035e+01 -2.383758396170553340e+01 7.550000000000000044e-01
-1.986432435672697139e+01 2.303712194719181316e-01 -4.272499999999967990e+00 4.000000000000000000e+02 -1.355629194246544778e+01 -2.382150622915672855e+01 7.550000000000000044e-01
-1.984538787663500514e+01 2.142563301458999814e-01 -4.274999999999968381e+00 4.000000000000000000e+02 -1.354972629100354098e+01 -2.381744057769482126e+01 8.000000000000000167e-02
-1.982672832263929763e+01 2.213789152726386711e-01 -4.277499999999968772e+00 4.000000000000000000e+02 -1.354380156406255331e+01 -2.381401585075383309e+01 7.800000000000000266e-01
-1.980834831247760519e+01 2.313872201122434136e-01 -4.279999999999969162e+00 4.000000000000000000e+02 -1.353884497985579038e+01 -2.381155926654707145e+01 1.239999999999999991e+00
-1.979025604649450187e+01 2.296937565614677323e-01 -4.282499999999969553e+00 4.000000000000000000e+02 -1.353842065866211719e+01 -2.381363494535339953e+01 1.650000000000000078e-01
-1.977252182544941306e+01 2.326632442077494478e-01 -4.284999999999969944e+00 4.000000000000000000e+02 -1.353415333407783372e+01 -2.381186762076911378e+01 4.849999999999999867e-01
-1.975506607881574084e+01 2.294432818676100660e-01 -4.287499999999970335e+00 4.000000000000000000e+02 -1.350240573704880553e+01 -2.378262002374008688e+01 1.794999999999999929e+00
-1.973740509598751913e+01 2.244556887979310411e-01 -4.289999999999970726e+00 4.000000000000000000e+02 -1.349941857025799941e+01 -2.378213285694928203e+01 8.050000000000000488e-01
-1.972004223453059879e+01 2.280589538166889751e-01 -4.292499999999971116e+00 4.000000000000000000e+02 -1.349777442151840567e+01 -2.378298870820968958e+01 1.975000000000000089e+00
-1.970299018057916030e+01 2.248546470798707120e-01 -4.294999999999971507e+00 4.000000000000000000e+02 -1.348177874572429147e+01 -2.376949303241557487e+01 1.939999999999999947e+00
-1.968599815106437134e+01 2.249037520643819288e-01 -4.297499999999971898e+00 4.000000000000000000e+02 -1.343529141423741891e+01 -2.372550570092870359e+01 3.200000000000000067e-01
-1.966854520325381017e+01 2.105375704159471728e-01 -4.299999999999972289e+00 4.000000000000000000e+02 -1.343313136102121952e+01 -2.372584564771250371e+01 1.854999999999999982e+00
-1.965139742370515208e+01 2.122866431477256344e-01 -4.302499999999972680e+00 4.000000000000000000e+02 -1.339046337388930574e+01 -2.368567766058059121e+01 1.094999999999999973e+00
-1.963385380271428815e+01 2.197068114584636855e-01 -4.304999999999973070e+00 4.000000000000000000e+02 -1.338747096864875807e+01 -2.368518525534004482e+01 1.020000000000000018e+00
-1.961660424249750179e+01 2.241172080748158324e-01 -4.307499999999973461e+00 4.000000000000000000e+02 -1.330616521032036736e+01 -2.360637949701165184e+01 6.149999999999999911e-01
-1.959826948384228729e+01 2.220570763623711530e-01 -4.309999999999973852e+00 4.000000000000000000e+02 -1.330070398010840016e+01 -2.360341826679968591e+01 1.199999999999999956e-01
-1.958021192928381993e+01 2.159016065759724601e-01 -4.312499999999974243e+00 4.000000000000000000e+02 -1.329913362603569205e+01 -2.360434791272697908e+01 1.340000000000000080e+00
-1.956249101124435441e+01 2.195001803888045055e-01 -4.314999999999974634e+00 4.000000000000000000e+02 -1.328051664063389481e+01 -2.358823092732518134e+01 2.949999999999999845e-01
-1.954479824381719055e+01 2.053939315753062211e-01 -4.317499999999975024e+00 4.000000000000000000e+02 -1.327932589166589139e+01 -2.358954017835717920e+01 5.949999999999999734e-01
-1.952743562632831242e+01 2.273770213640806948e-01 -4.319999999999975415e+00 4.000000000000000000e+02 -1.327373849358098745e+01 -2.358645278027227477e+01 6.099999999999999867e-01
-1.951031700896281507e+01 2.316988624781129436e-01 -4.322499999999975806e+00 4.000000000000000000e+02 -1.326553980150076306e+01 -2.358075408819205165e+01 1.405000000000000027e+00
-1.949339113716402849e+01 2.320349796903009576e-01 -4.324999999999976197e+00 4.000000000000000000e+02 -1.325150296937505168e+01 -2.356921725606633800e+01 6.450000000000000178e-01
-1.947655547275249432e+01 2.279829695699872039e-01 -4.327499999999976588e+00 4.000000000000000000e+02 -1.325075175336130862e+01 -2.357096604005259621e+01 2.500000000000000139e-02
-1.946002725281661938e+01 2.264550498989745808e-01 -4.329999999999976978e+00 4.000000000000000000e+02 -1.323061479818069586e+01 -2.355332908487198651e+01 1.449999999999999956e+00
-1.944348084815922206e+01 2.215062733228271019e-01 -4.332499999999977369e+00 4.000000000000000000e+02 -1.321311367718150365e+01 -2.353832796387279558e+01 1.104999999999999982e+00
-1.942695978275394353e+01 2.214445315926397706e-01 -4.334999999999977760e+00 4.000000000000000000e+02 -1.320426676508858144e+01 -2.353198105177987287e+01 1.655000000000000027e+00
-1.941060459289498397e+01 2.343413298416892609e-01 -4.337499999999978151e+00 4.000000000000000000e+02 -1.318677201707495250e+01 -2.351698630376624521e+01 1.780000000000000027e+00
-1.939427145759279369e+01 2.358735289397424773e-01 -4.339999999999978542e+00 4.000000000000000000e+02 -1.314910938454823430e+01 -2.348182367123952474e+01 1.395000000000000018e+00
-1.937763043288456544e+01 2.334198311633751410e-01 -4.342499999999978932e+00 4.000000000000000000e+02 -1.312109778267662463e+01 -2.345631206936791813e+01 6.700000000000000400e-01
-1.936084237372045536e+01 2.230713323296470707e-01 -4.344999999999979323e+00 4.000000000000000000e+02 -1.308634899342927049e+01 -2.342406328012056349e+01 1.300000000000000044e-01
-1.934379495911179347e+01 2.211245284528175203e-01 -4.347499999999979714e+00 4.000000000000000000e+02 -1.303702698477729705e+01 -2.337724127146859132e+01 1.650000000000000078e-01
-1.932623682970670842e+01 2.183606160750663772e-01 -4.349999999999980105e+00 4.000000000000000000e+02 -1.302464926435397352e+01 -2.336736355104526552e+01 1.370000000000000107e+00
-1.930881187375977959e+01 2.145510155454467272e-01 -4.352499999999980496e+00 4.000000000000000000e+02 -1.301473537475879461e+01 -2.335994966145008789e+01 1.110000000000000098e+00
-1.929155900124007061e+01 2.179969765770513879e-01 -4.354999999999980886e+00 4.000000000000000000e+02 -1.300426568569310426e+01 -2.335197997238439882e+01 1.844999999999999973e+00
-1.927446419432753544e+01 2.209297838416575954e-01 -4.357499999999981277e+00 4.000000000000000000e+02 -1.300140892925760383e+01 -2.335162321594889789e+01 6.550000000000000266e-01
-1.925765076779946483e+01 2.193995848709896779e-01 -4.359999999999981668e+00 4.000000000000000000e+02 -1.297788913125597787e+01 -2.333060341794727321e+01 1.604999999999999982e+00
-1.924076706374908596e+01 2.315156655773573657e-01 -4.362499999999982059e+00 4.000000000000000000e+02 -1.294138215052765339e+01 -2.329659643721894824e+01 1.000000000000000021e-02
-1.922359425555801593e+01 1.999864620343397292e-01 -4.364999999999982450e+00 4.000000000000000000e+02 -1.293301962282770212e+01 -2.329073390951899825e+01 1.125000000000000000e+00
-1.920661295183265338e+01 1.988895049846133578e-01 -4.367499999999982840e+00 4.000000000000000000e+02 -1.293152518705338316e+01 -2.329173947374467701e+01 6.600000000000000311e-01
-1.918993184735007418e+01 2.078619152276209303e-01 -4.369999999999983231e+00 4.000000000000000000e+02 -1.289226096478412842e+01 -2.325497525147542532e+01 4.000000000000000083e-02
-1.917291521071137694e+01 1.975112779532511020e-01 -4.372499999999983622e+00 4.000000000000000000e+02 -1.287833837577428042e+01 -2.324355266246557505e+01 1.699999999999999956e+00
-1.915599270152038969e+01 1.938603612643026441e-01 -4.374999999999984013e+00 4.000000000000000000e+02 -1.283894976793916065e+01 -2.320666405463045834e+01 4.249999999999999889e-01
-1.913873184885752110e+01 1.947140108433275396e-01 -4.377499999999984404e+00 4.000000000000000000e+02 -1.282201027117060654e+01 -2.319222455786190551e+01 9.749999999999999778e-01
-1.912151921043483682e+01 1.988538890643037904e-01 -4.379999999999984794e+00 4.000000000000000000e+02 -1.281431664718724939e+01 -2.318703093387854608e+01 1.350000000000000089e+00
-1.910451047377533840e+01 1.985838764434094683e-01 -4.382499999999985185e+00 4.000000000000000000e+02 -1.280581305800926728e+01 -2.318102734470056703e+01 3.900000000000000133e-01
-1.908768633737139453e+01 1.939868720702670746e-01 -4.384999999999985576e+00 4.000000000000000000e+02 -1.278694117723989443e+01 -2.316465546393119013e+01 1.949999999999999956e+00
-1.907086974445208227e+01 1.736669462552187793e-01 -4.387499999999985967e+00 4.000000000000000000e+02 -1.277665539113645110e+01 -2.315686967782774985e+01 1.110000000000000098e+00
-1.905420308238917926e+01 1.769566024982346664e-01 -4.389999999999986358e+00 4.000000000000000000e+02 -1.274648700359169773e+01 -2.312920129028299954e+01 1.294999999999999929e+00
-1.903735359059386312e+01 1.774979206740471271e-01 -4.392499999999986748e+00 4.000000000000000000e+02 -1.271262470308037429e+01 -2.309783898977167382e+01 5.000000000000000104e-03
-1.902025987567097332e+01 1.810473189467866617e-01 -4.394999999999987139e+00 4.000000000000000000e+02 -1.267103889245134241e+01 -2.305875317914264144e+01 1.314999999999999947e+00
-1.900278937110086019e+01 1.824984485981631654e-01 -4.397499999999987530e+00 4.000000000000000000e+02 -1.266615836192940314e+01 -2.305637264862070168e+01 1.909999999999999920e+00
-1.898557827819254840e+01 1.760677117605446151e-01 -4.399999999999987921e+00 4.000000000000000000e+02 -1.266271159157419923e+01 -2.305542587826550260e+01 1.479999999999999982e+00
-1.896864251004164714e+01 1.752763157308537822e-01 -4.402499999999988312e+00 4.000000000000000000e+02 -1.263660905178036664e+01 -2.303182333847166774e+01 1.100000000000000089e+00
-1.895159441798453059e+01 1.783027294387955763e-01 -4.404999999999988702e+00 4.000000000000000000e+02 -1.263405294487351327e+01 -2.303176723156481387e+01 3.499999999999999778e-01
-1.893483116563252011e+01 1.730537248665046102e-01 -4.407499999999989093e+00 4.000000000000000000e+02 -1.262339593220857736e+01 -2.302361021889987924e+01 8.900000000000000133e-01
-1.891821037565053842e+01 1.713603552163248667e-01 -4.409999999999989484e+00 4.000000000000000000e+02 -1.261989158323983773e+01 -2.302260586993114089e+01 1.360000000000000098e+00
-1.890184503124197235e+01 1.689546925723120485e-01 -4.412499999999989875e+00 4.000000000000000000e+02 -1.261452112921662305e+01 -2.301973541590792394e+01 6.800000000000000488e-01
-1.888569729031322808e+01 1.677299840480506177e-01 -4.414999999999990266e+00 4.000000000000000000e+02 -1.260576161285469077e+01 -2.301347589954599471e+01 1.239999999999999991e+00
-1.886970717150665422e+01 1.728752039815002195e-01 -4.417499999999990656e+00 4.000000000000000000e+02 -1.260497463533173601e+01 -2.301518892202303945e+01 8.750000000000000000e-01
-1.885399544445965248e+01 1.775227923843685773e-01 -4.419999999999991047e+00 4.000000000000000000e+02 -1.259087153960019023e+01 -2.300358582629149495e+01 2.999999999999999889e-01
-1.883834763727248784e+01 1.777304882123444951e-01 -4.422499999999991438e+00 4.000000000000000000e+02 -1.256884213434834230e+01 -2.298405642103964652e+01 9.300000000000000488e-01
-1.882263944903814235e+01 1.746841962616888511e-01 -4.424999999999991829e+00 4.000000000000000000e+02 -1.256841907513794432e+01 -2.298613336182924627e+01 1.514999999999999902e+00
-1.880720603755861120e+01 1.705094475630559159e-01 -4.427499999999992220e+00 4.000000000000000000e+02 -1.256521016971679217e+01 -2.298542445640809717e+01 6.500000000000000222e-02
-1.879199650376478914e+01 1.688406457043031272e-01 -4.429999999999992610e+00 4.000000000000000000e+02 -1.255490434836259794e+01 -2.297761863505390423e+01 8.000000000000000444e-01
-1.877689831847772339e+01 1.791658645210249257e-01 -4.432499999999993001e+00 4.000000000000000000e+02 -1.254873357655939969e+01 -2.297394786325070726e+01 1.100000000000000089e+00
-1.876197041027096546e+01 1.893468044524274640e-01 -4.434999999999993392e+00 4.000000000000000000e+02 -1.252093675768427872e+01 -2.294865104437558401e+01 1.350000000000000089e-01
-1.874688807814875346e+01 1.871914472479693781e-01 -4.437499999999993783e+00 4.000000000000000000e+02 -1.250400884283160785e+01 -2.293422312952291264e+01 3.950000000000000178e-01
-1.873181553894887941e+01 1.859657316164065322e-01 -4.439999999999994174e+00 4.000000000000000000e+02 -1.247972452134182753e+01 -2.291243880803313715e+01 1.114999999999999991e+00
-1.871664226209826509e+01 1.823348148505171962e-01 -4.442499999999994564e+00 4.000000000000000000e+02 -1.246715218715544360e+01 -2.290236647384675095e+01 8.699999999999999956e-01
-1.870154560638743746e+01 1.764630961867087178e-01 -4.444999999999994955e+00 4.000000000000000000e+02 -1.246628961843903838e+01 -2.290400390513034523e+01 1.549999999999999989e-01
-1.868669762675209256e+01 1.752371760795566613e-01 -4.447499999999995346e+00 4.000000000000000000e+02 -1.246403702987777073e+01 -2.290425131656908064e+01 1.360000000000000098e+00
-1.867207048098355315e+01 1.739781629428105991e-01 -4.449999999999995737e+00 4.000000000000000000e+02 -1.246370905452807598e+01 -2.290642334121938717e+01 1.409999999999999920e+00
-1.865768526247043724e+01 1.696588760512137140e-01 -4.452499999999996128e+00 4.000000000000000000e+02 -1.245741555303025727e+01 -2.290262983972156619e+01 6.550000000000000266e-01
-1.864345053048158363e+01 1.685999750568576427e-01 -4.454999999999996518e+00 4.000000000000000000e+02 -1.242794609326754340e+01 -2.287566037995885182e+01 8.100000000000000533e-01
-1.862903467261284618e+01 1.784422363893305719e-01 -4.457499999999996909e+00 4.000000000000000000e+02 -1.240758606201336711e+01 -2.285780034870467858e+01 2.349999999999999867e-01
-1.861456943642749806e+01 1.700014963730568374e-01 -4.459999999999997300e+00 4.000000000000000000e+02 -1.239561759098503835e+01 -2.284833187767635110e+01 1.159999999999999920e+00
-1.860017578295112628e+01 1.672246927076804779e-01 -4.462499999999997691e+00 4.000000000000000000e+02 -1.239019974762459952e+01 -2.284541403431590822e+01 1.919999999999999929e+00
-1.858594520112119497e+01 1.655862454229046488e-01 -4.464999999999998082e+00 4.000000000000000000e+02 -1.237552186994909675e+01 -2.283323615664040673e+01 1.014999999999999902e+00
-1.857174359427362376e+01 1.665098391680648326e-01 -4.467499999999998472e+00 4.000000000000000000e+02 -1.231553110789302963e+01 -2.277574539458434089e+01 1.225000000000000089e+00
-1.855691834592614242e+01 1.734761651651532399e-01 -4.469999999999998863e+00 4.000000000000000000e+02 -1.231028180574725006e+01 -2.277299609243856082e+01 8.000000000000000444e-01
-1.854226975285046919e+01 1.718740799747497938e-01 -4.472499999999999254e+00 4.000000000000000000e+02 -1.230380968533643049e+01 -2.276902397202774253e+01 6.850000000000000533e-01
-1.852777560124275524e+01 1.819344034224531781e-01 -4.474999999999999645e+00 4.000000000000000000e+02 -1.229914008013018822e+01 -2.276685436682149799e+01 1.705000000000000071e+00
-1.851345772229755937e+01 1.737513334971203527e-01 -4.477500000000000036e+00 4.000000000000000000e+02 -1.228734953502395300e+01 -2.275756382171526582e+01 2.049999999999999878e-01
-1.849921113444970544e+01 1.748246680792460150e-01 -4.480000000000000426e+00 4.000000000000000000e+02 -1.227882404353142576e+01 -2.275153833022273986e+01 4.899999999999999911e-01
-1.848508036881231220e+01 1.838108257122543499e-01 -4.482500000000000817e+00 4.000000000000000000e+02 -1.227295239158467588e+01 -2.274816667827598948e+01 1.895000000000000018e+00
-1.847109977060127406e+01 1.769019608845330271e-01 -4.485000000000001208e+00 4.000000000000000000e+02 -1.225730043506911393e+01 -2.273501472176042881e+01 1.810000000000000053e+00
-1.845713067199192281e+01 1.759293409312618628e-01 -4.487500000000001599e+00 4.000000000000000000e+02 -1.222689710959167897e+01 -2.270711139628299335e+01 4.249999999999999889e-01
-1.844296694397145941e+01 1.763653484851438746e-01 -4.490000000000001990e+00 4.000000000000000000e+02 -1.221092199577539184e+01 -2.269363628246670572e+01 1.389999999999999902e+00
-1.842881289726154392e+01 1.657177079015255405e-01 -4.492500000000002380e+00 4.000000000000000000e+02 -1.219542667492546251e+01 -2.268064096161677767e+01 1.499999999999999944e-02
-1.841467512639048820e+01 1.726682255235230112e-01 -4.495000000000002771e+00 4.000000000000000000e+02 -1.218359098724057787e+01 -2.267130527393189254e+01 1.840000000000000080e+00
-1.840060460927155361e+01 1.648022443453323049e-01 -4.497500000000003162e+00 4.000000000000000000e+02 -1.216690786678517888e+01 -2.265712215347649305e+01 6.400000000000000133e-01
-1.838653251877257944e+01 1.585712046836258715e-01 -4.500000000000003553e+00 4.000000000000000000e+02 -1.216353976154105965e+01 -2.265625404823237687e+01 3.150000000000000022e-01
-1.837264373874258538e+01 1.643174171739597567e-01 -4.502500000000003944e+00 4.000000000000000000e+02 -1.211724325353071841e+01 -2.261245754022203514e+01 1.135000000000000009e+00
-1.835833630518417792e+01 1.666192389437288479e-01 -4.505000000000004334e+00 4.000000000000000000e+02 -1.211624724433398725e+01 -2.261396153102530349e+01 3.900000000000000133e-01
-1.834425174035062867e+01 1.600491809098966711e-01 -4.507500000000004725e+00 4.000000000000000000e+02 -1.210116141591991834e+01 -2.260137570261123585e+01 1.435000000000000053e+00
-1.833018812112655027e+01 1.496149489866840099e-01 -4.510000000000005116e+00 4.000000000000000000e+02 -1.209966608506817920e+01 -2.260238037175949799e+01 1.799999999999999933e-01
-1.831633337771515002e+01 1.565798299812629635e-01 -4.512500000000005507e+00 4.000000000000000000e+02 -1.208915601677987972e+01 -2.259437030347119801e+01 1.989999999999999991e+00
-1.830255882106866139e+01 1.524116246606248004e-01 -4.515000000000005898e+00 4.000000000000000000e+02 -1.207450992739318352e+01 -2.258222421408450131e+01 1.100000000000000006e-01
-1.828880652417059949e+01 1.510296795563909333e-01 -4.517500000000006288e+00 4.000000000000000000e+02 -1.206792539820082055e+01 -2.257813968489213963e+01 2.500000000000000000e-01
-1.827518564365079001e+01 1.441143059467145104e-01 -4.520000000000006679e+00 4.000000000000000000e+02 -1.206187047251090760e+01 -2.257458475920222796e+01 1.875000000000000000e+00
-1.826170026685916170e+01 1.484641460764320187e-01 -4.522500000000007070e+00 4.000000000000000000e+02 -1.203395713966721381e+01 -2.254917142635853367e+01 2.049999999999999878e-01
-1.824805417303990041e+01 1.463869051228754437e-01 -4.525000000000007461e+00 4.000000000000000000e+02 -1.196966995516082832e+01 -2.248738424185214768e+01 1.774999999999999911e+00
-1.823373986614521769e+01 1.517390711566401762e-01 -4.527500000000007851e+00 4.000000000000000000e+02 -1.196766081333336018e+01 -2.248787510002468082e+01 6.400000000000000133e-01
-1.821963444720534753e+01 1.586127154053663946e-01 -4.530000000000008242e+00 4.000000000000000000e+02 -1.196152654294831308e+01 -2.248424082963963500e+01 1.020000000000000018e+00
-1.820567493685001281e+01 1.579401472545923779e-01 -4.532500000000008633e+00 4.000000000000000000e+02 -1.195733200405794960e+01 -2.248254629074926925e+01 2.049999999999999878e-01
-1.819188442586990107e+01 1.564927629649061347e-01 -4.535000000000009024e+00 4.000000000000000000e+02 -1.189657231815127147e+01 -2.242428660484259240e+01 7.900000000000000355e-01
-1.817747132044594593e+01 1.501920922269823211e-01 -4.537500000000009415e+00 4.000000000000000000e+02 -1.189581403275850136e+01 -2.242602831944982356e+01 1.979999999999999982e+00
-1.816328755524376959e+01 1.497880477421384415e-01 -4.540000000000009805e+00 4.000000000000000000e+02 -1.186521710231734694e+01 -2.239793138900866865e+01 2.000000000000000111e-01
-1.814890649189014837e+01 1.342072364929899342e-01 -4.542500000000010196e+00 4.000000000000000000e+02 -1.182764688025321931e+01 -2.236286116694454051e+01 7.349999999999999867e-01
-1.813422699316335596e+01 1.415877681735832616e-01 -4.545000000000010587e+00 4.000000000000000000e+02 -1.180420972983218064e+01 -2.234192401652350313e+01 1.020000000000000018e+00
-1.811945602445818437e+01 1.393428989841756782e-01 -4.547500000000010978e+00 4.000000000000000000e+02 -1.179656662658611133e+01 -2.233678091327743687e+01 1.409999999999999920e+00
-1.810482555596698262e+01 1.451659876870382559e-01 -4.550000000000011369e+00 4.000000000000000000e+02 -1.177763139203630693e+01 -2.232034567872763375e+01 3.499999999999999778e-01
-1.809016885179624978e+01 1.504210836213790703e-01 -4.552500000000011759e+00 4.000000000000000000e+02 -1.177355242105647903e+01 -2.231876670774780536e+01 3.300000000000000155e-01
-1.807570120532684399e+01 1.541573544720504785e-01 -4.555000000000012150e+00 4.000000000000000000e+02 -1.173937112027432050e+01 -2.228708540696564455e+01 1.610000000000000098e+00
-1.806098420146137684e+01 1.532052796493077185e-01 -4.557500000000012541e+00 4.000000000000000000e+02 -1.173404930530787027e+01 -2.228426359199919560e+01 1.495000000000000107e+00
-1.804643996268066530e+01 1.412572016724657764e-01 -4.560000000000012932e+00 4.000000000000000000e+02 -1.171584765755392610e+01 -2.226856194424525270e+01 1.715000000000000080e+00
-1.803187900255720422e+01 1.423662227500144539e-01 -4.562500000000013323e+00 4.000000000000000000e+02 -1.169473198675705206e+01 -2.224994627344837994e+01 4.550000000000000155e-01
-1.801725931245268697e+01 1.448096236904059253e-01 -4.565000000000013713e+00 4.000000000000000000e+02 -1.168539102506867877e+01 -2.224310531176000438e+01 1.340000000000000080e+00
-1.800275208605779298e+01 1.446531449926990731e-01 -4.567500000000014104e+00 4.000000000000000000e+02 -1.168333415474834958e+01 -2.224354844143967824e+01 1.919999999999999929e+00
-1.798845860347871195e+01 1.465847856506093394e-01 -4.570000000000014495e+00 4.000000000000000000e+02 -1.167341728667352463e+01 -2.223613157336485102e+01 1.919999999999999929e+00
-1.797426238249300567e+01 1.545782402209596451e-01 -4.572500000000014886e+00 4.000000000000000000e+02 -1.165530928976561142e+01 -2.222052357645694087e+01 1.415000000000000036e+00
-1.796004624735732236e+01 1.543694464164108715e-01 -4.575000000000015277e+00 4.000000000000000000e+02 -1.165336303295171660e+01 -2.222107731964304378e+01 3.800000000000000044e-01
-1.794603708668991970e+01 1.540222695488693005e-01 -4.577500000000015667e+00 4.000000000000000000e+02 -1.162632928779131269e+01 -2.219654357448263937e+01 2.200000000000000011e-01
-1.793188075103562440e+01 1.568208739634868176e-01 -4.580000000000016058e+00 4.000000000000000000e+02 -1.160429114391170735e+01 -2.217700543060303886e+01 6.600000000000000311e-01
-1.791764856436842024e+01 1.490559738990178962e-01 -4.582500000000016449e+00 4.000000000000000000e+02 -1.160325844412378693e+01 -2.217847273081511617e+01 1.820000000000000062e+00
-1.790363652503905811e+01 1.548831569661277552e-01 -4.585000000000016840e+00 4.000000000000000000e+02 -1.159502013656038066e+01 -2.217273442325171118e+01 3.499999999999999778e-01
-1.788973914075737426e+01 1.431405700379668189e-01 -4.587500000000017231e+00 4.000000000000000000e+02 -1.158746901846907740e+01 -2.216768330516040919e+01 2.449999999999999956e-01
-1.787596331506624736e+01 1.475412460744028598e-01 -4.590000000000017621e+00 4.000000000000000000e+02 -1.158728231506141171e+01 -2.216999660175274300e+01 3.500000000000000333e-02
-1.786240587318544115e+01 1.413315239559108372e-01 -4.592500000000018012e+00 4.000000000000000000e+02 -1.158148993679407646e+01 -2.216670422348540725e+01 2.550000000000000044e-01
-1.784898596259004933e+01 1.379253445997716820e-01 -4.595000000000018403e+00 4.000000000000000000e+02 -1.157072876498716774e+01 -2.215844305167849626e+01 5.150000000000000133e-01
-1.783563464463068726e+01 1.405378855382525549e-01 -4.597500000000018794e+00 4.000000000000000000e+02 -1.154188007764439483e+01 -2.213209436433572819e+01 1.580000000000000071e+00
-1.782210983790816172e+01 1.382014568252087072e-01 -4.600000000000019185e+00 4.000000000000000000e+02 -1.151035005823827362e+01 -2.210306434492960648e+01 5.000000000000000278e-02
-1.780837513675427175e+01 1.377503109037554185e-01 -4.602500000000019575e+00 4.000000000000000000e+02 -1.149922418503583899e+01 -2.209443847172717312e+01 1.250000000000000000e-01
-1.779470994885963009e+01 1.532704061852430966e-01 -4.605000000000019966e+00 4.000000000000000000e+02 -1.148344151206973685e+01 -2.208115579876106693e+01 1.094999999999999973e+00
-1.778104995157124435e+01 1.612754117960382150e-01 -4.607500000000020357e+00 4.000000000000000000e+02 -1.148224912632807992e+01 -2.208246341301941129e+01 9.250000000000000444e-01
-1.776759152985986034e+01 1.540960031827393328e-01 -4.610000000000020748e+00 4.000000000000000000e+02 -1.147826497277380575e+01 -2.208097925946513840e+01 4.199999999999999845e-01
-1.775429224138689577e+01 1.562325261860572356e-01 -4.612500000000021139e+00 4.000000000000000000e+02 -1.145005352930989240e+01 -2.205526781600122632e+01 1.820000000000000062e+00
-1.774082796462486300e+01 1.510554437541807848e-01 -4.615000000000021529e+00 4.000000000000000000e+02 -1.144343146620381724e+01 -2.205114575289515244e+01 1.165000000000000036e+00
-1.772748805691511365e+01 1.478114086859458054e-01 -4.617500000000021920e+00 4.000000000000000000e+02 -1.142053484507947658e+01 -2.203074913177081129e+01 1.709999999999999964e+00
-1.771405431208504311e+01 1.455700437657821145e-01 -4.620000000000022311e+00 4.000000000000000000e+02 -1.141850495770652785e+01 -2.203121924439786383e+01 4.849999999999999867e-01
-1.770080483227232904e+01 1.457332167189167027e-01 -4.622500000000022702e+00 4.000000000000000000e+02 -1.141411830163464991e+01 -2.202933258832598540e+01 8.649999999999999911e-01
-1.768770407555348001e+01 1.382827106160703645e-01 -4.625000000000023093e+00 4.000000000000000000e+02 -1.140560983858084931e+01 -2.202332412527218253e+01 1.520000000000000018e+00
-1.767469530493688623e+01 1.375003671888835599e-01 -4.627500000000023483e+00 4.000000000000000000e+02 -1.137579545032965100e+01 -2.199600973702098727e+01 9.150000000000000355e-01
-1.766150032954837457e+01 1.368172377850250809e-01 -4.630000000000023874e+00 4.000000000000000000e+02 -1.137204963994050289e+01 -2.199476392663184043e+01 9.250000000000000444e-01
-1.764846106745977750e+01 1.392027408643121966e-01 -4.632500000000024265e+00 4.000000000000000000e+02 -1.136545367917689120e+01 -2.199066796586822647e+01 5.400000000000000355e-01
-1.763553715255516607e+01 1.378442046176541758e-01 -4.635000000000024656e+00 4.000000000000000000e+02 -1.135789007344341606e+01 -2.198560436013475083e+01 1.215000000000000080e+00
-1.762271377940378869e+01 1.393638085489762313e-01 -4.637500000000025047e+00 4.000000000000000000e+02 -1.134369029145051044e+01 -2.197390457814184828e+01 2.049999999999999878e-01
-1.760990471455625084e+01 1.465126912565328787e-01 -4.640000000000025437e+00 4.000000000000000000e+02 -1.133092089878533848e+01 -2.196363518547667582e+01 9.100000000000000311e-01
-1.759712793258681884e+01 1.421622115568374478e-01 -4.642500000000025828e+00 4.000000000000000000e+02 -1.132304004001816899e+01 -2.195825432670950761e+01 1.479999999999999982e+00
-1.758444470361073897e+01 1.434029564347700236e-01 -4.645000000000026219e+00 4.000000000000000000e+02 -1.130290949484284013e+01 -2.194062378153417825e+01 6.750000000000000444e-01
-1.757169897039874229e+01 1.353310687640872090e-01 -4.647500000000026610e+00 4.000000000000000000e+02 -1.129905530971554661e+01 -2.193926959640688779e+01 8.750000000000000000e-01
-1.755909670109831211e+01 1.407828973808102624e-01 -4.650000000000027001e+00 4.000000000000000000e+02 -1.124670121881497842e+01 -2.188941550550632087e+01 1.700000000000000122e-01
-1.754601923484662152e+01 1.386240819459407247e-01 -4.652500000000027391e+00 4.000000000000000000e+02 -1.122849984680772550e+01 -2.187371413349906391e+01 1.479999999999999982e+00
-1.753290763376957173e+01 1.366870262349508536e-01 -4.655000000000027782e+00 4.000000000000000000e+02 -1.122344423374901901e+01 -2.187115852044036046e+01 1.549999999999999989e-01
-1.751993282135228114e+01 1.385601572154001038e-01 -4.657500000000028173e+00 4.000000000000000000e+02 -1.120199424117118348e+01 -2.185220852786252266e+01 1.790000000000000036e+00
-1.750688075527599707e+01 1.374844458243427714e-01 -4.660000000000028564e+00 4.000000000000000000e+02 -1.117477343213232288e+01 -2.182748771882366512e+01 1.594999999999999973e+00
-1.749367650293714149e+01 1.408131878696226580e-01 -4.662500000000028955e+00 4.000000000000000000e+02 -1.117013496421586716e+01 -2.182534925090720890e+01 2.500000000000000139e-02
-1.748061661581528980e+01 1.421296043420975930e-01 -4.665000000000029345e+00 4.000000000000000000e+02 -1.116861007988142163e+01 -2.182632436657276287e+01 7.099999999999999645e-01
-1.746773757692524143e+01 1.346421671242719886e-01 -4.667500000000029736e+00 4.000000000000000000e+02 -1.116795747862546229e+01 -2.182817176531680303e+01 6.199999999999999956e-01
-1.745504562100432722e+01 1.342406839518142381e-01 -4.670000000000030127e+00 4.000000000000000000e+02 -1.116190382978266982e+01 -2.182461811647401362e+01 1.499999999999999944e-02
-1.744246839673911964e+01 1.368927542544053910e-01 -4.672500000000030518e+00 4.000000000000000000e+02 -1.115388756827589667e+01 -2.181910185496723997e+01 1.185000000000000053e+00
-1.742997911667521649e+01 1.305167475602054261e-01 -4.675000000000030909e+00 4.000000000000000000e+02 -1.113828289525296356e+01 -2.180599718194430636e+01 1.905000000000000027e+00
-1.741748219627077532e+01 1.338354494221527802e-01 -4.677500000000031299e+00 4.000000000000000000e+02 -1.112121079220527875e+01 -2.179142507889662284e+01 1.274999999999999911e+00
-1.740495947741832339e+01 1.308071630786813433e-01 -4.680000000000031690e+00 4.000000000000000000e+02 -1.111680274615846287e+01 -2.178951703284980823e+01 1.574999999999999956e+00
-1.739256816433481845e+01 1.333203670891024151e-01 -4.682500000000032081e+00 4.000000000000000000e+02 -1.107486879433144011e+01 -2.175008308102278676e+01 1.534999999999999920e+00
-1.737983933816883564e+01 1.203286413735036448e-01 -4.685000000000032472e+00 4.000000000000000000e+02 -1.106567452329939982e+01 -2.174338880999074419e+01 8.499999999999999778e-01
-1.736718661106666062e+01 1.189432132964592104e-01 -4.687500000000032863e+00 4.000000000000000000e+02 -1.104904286564182669e+01 -2.172925715233317234e+01 1.334999999999999964e+00
-1.735451527576044128e+01 1.139624161619190584e-01 -4.690000000000033253e+00 4.000000000000000000e+02 -1.104387539984286803e+01 -2.172658968653421496e+01 1.875000000000000000e+00
-1.734196928299015639e+01 1.139979723568425168e-01 -4.692500000000033644e+00 4.000000000000000000e+02 -1.102404806843523666e+01 -2.170926235512658309e+01 1.364999999999999991e+00
-1.732936353735258805e+01 9.353327879991042704e-02 -4.695000000000034035e+00 4.000000000000000000e+02 -1.101885726525909348e+01 -2.170657155195043941e+01 1.950000000000000067e-01
-1.731688138643698238e+01 9.165267593163840820e-02 -4.697500000000034426e+00 4.000000000000000000e+02 -1.101014013343582754e+01 -2.170035442012717652e+01 1.745000000000000107e+00
-1.730447671046782077e+01 8.233546304391815840e-02 -4.700000000000034817e+00 4.000000000000000000e+02 -1.100191740572324406e+01 -2.169463169241459255e+01 1.975000000000000089e+00
-1.729215413869334483e+01 8.256216902878801833e-02 -4.702500000000035207e+00 4.000000000000000000e+02 -1.099607302271627951e+01 -2.169128730940762750e+01 1.895000000000000018e+00
-1.727994103630040001e+01 8.874823752103776220e-02 -4.705000000000035598e+00 4.000000000000000000e+02 -1.099286263911650963e+01 -2.169057692580785712e+01 4.400000000000000022e-01
-1.726786677304824380e+01 9.176568243538522907e-02 -4.707500000000035989e+00 4.000000000000000000e+02 -1.099091321874548477e+01 -2.169112750543683177e+01 1.514999999999999902e+00
-1.725594308778729413e+01 1.041711955473838547e-01 -4.710000000000036380e+00 4.000000000000000000e+02 -1.098339838028371496e+01 -2.168611266697506323e+01 1.510000000000000009e+00
-1.724410101335579881e+01 1.052853172672016668e-01 -4.712500000000036771e+00 4.000000000000000000e+02 -1.097473741256043844e+01 -2.167995169925178800e+01 1.129999999999999893e+00
-1.723232563084518532e+01 9.108697082694011682e-02 -4.715000000000037161e+00 4.000000000000000000e+02 -1.096523285428438221e+01 -2.167294714097572950e+01 1.185000000000000053e+00
-1.722060596569026814e+01 9.508067247030180247e-02 -4.717500000000037552e+00 4.000000000000000000e+02 -1.092186367504869970e+01 -2.163207796174005182e+01 1.020000000000000018e+00
-1.720854173296253720e+01 9.595263912863621902e-02 -4.720000000000037943e+00 4.000000000000000000e+02 -1.091853275398798395e+01 -2.163124704067933379e+01 1.060000000000000053e+00
-1.719661146251275952e+01 9.878123964159479797e-02 -4.722500000000038334e+00 4.000000000000000000e+02 -1.089722553615211353e+01 -2.161243982284346288e+01 8.850000000000000089e-01
-1.718459935795806004e+01 1.008184950135370267e-01 -4.725000000000038725e+00 4.000000000000000000e+02 -1.089491243142192012e+01 -2.161262671811326896e+01 1.675000000000000044e+00
-1.717273203811229365e+01 1.031758533383735077e-01 -4.727500000000039115e+00 4.000000000000000000e+02 -1.088115111467215890e+01 -2.160136540136350902e+01 1.294999999999999929e+00
-1.716087186525447805e+01 1.042105186783229137e-01 -4.730000000000039506e+00 4.000000000000000000e+02 -1.087985328921772421e+01 -2.160256757590907739e+01 1.375000000000000000e+00
-1.714916470924475789e+01 1.131926650910302368e-01 -4.732500000000039897e+00 4.000000000000000000e+02 -1.087924990973648676e+01 -2.160446419642784122e+01 2.300000000000000100e-01
-1.713761482641776723e+01 1.134932600338440234e-01 -4.735000000000040288e+00 4.000000000000000000e+02 -1.086421213548581299e+01 -2.159192642217716696e+01 2.800000000000000266e-01
-1.712605359365894486e+01 1.120111924457636854e-01 -4.737500000000040679e+00 4.000000000000000000e+02 -1.084776973619511864e+01 -2.157798402288647210e+01 8.750000000000000000e-01
-1.711446495796646161e+01 1.195300290921830072e-01 -4.740000000000041069e+00 4.000000000000000000e+02 -1.083394310051102849e+01 -2.156665738720238323e+01 1.485000000000000098e+00
-1.710287934058069226e+01 1.198311696249028391e-01 -4.742500000000041460e+00 4.000000000000000000e+02 -1.080975606467906402e+01 -2.154497035137041649e+01 7.750000000000000222e-01
-1.709117678452864553e+01 1.192146736741591384e-01 -4.745000000000041851e+00 4.000000000000000000e+02 -1.078984680100075977e+01 -2.152756108769211352e+01 3.599999999999999867e-01
-1.707940764706779291e+01 1.312181384197498579e-01 -4.747500000000042242e+00 4.000000000000000000e+02 -1.078506849200303463e+01 -2.152528277869438966e+01 6.700000000000000400e-01
-1.706774903456349080e+01 1.356061752291511657e-01 -4.750000000000042633e+00 4.000000000000000000e+02 -1.077985484284142004e+01 -2.152256912953277634e+01 1.820000000000000062e+00
-1.705619364536066840e+01 1.373571240517092729e-01 -4.752500000000043023e+00 4.000000000000000000e+02 -1.077424671611535700e+01 -2.151946100280671459e+01 1.129999999999999893e+00
-1.704473490168064842e+01 1.349744665833332857e-01 -4.755000000000043414e+00 4.000000000000000000e+02 -1.076757412880005127e+01 -2.151528841549140481e+01 1.625000000000000000e+00
-1.703335887340298527e+01 1.473990311277643683e-01 -4.757500000000043805e+00 4.000000000000000000e+02 -1.075771051102726084e+01 -2.150792479771861565e+01 1.945000000000000062e+00
-1.702202814186394875e+01 1.561220809509103469e-01 -4.760000000000044196e+00 4.000000000000000000e+02 -1.075039342499684736e+01 -2.150310771168820523e+01 5.999999999999999778e-01
-1.701077056232207596e+01 1.619559121670332003e-01 -4.762500000000044587e+00 4.000000000000000000e+02 -1.074666929273895022e+01 -2.150188357943030582e+01 1.849999999999999978e-01
-1.699962474635737664e+01 1.656377029354074160e-01 -4.765000000000044977e+00 4.000000000000000000e+02 -1.073340596294697846e+01 -2.149112024963833534e+01 1.000000000000000000e+00
-1.698848316904152966e+01 1.637512294503508659e-01 -4.767500000000045368e+00 4.000000000000000000e+02 -1.072823913169004051e+01 -2.148845341838139689e+01 1.429999999999999938e+00
-1.697743509731932932e+01 1.599479617823248989e-01 -4.770000000000045759e+00 4.000000000000000000e+02 -1.070867635806018825e+01 -2.147139064475154768e+01 3.649999999999999911e-01
-1.696632074352435637e+01 1.575739455626920804e-01 -4.772500000000046150e+00 4.000000000000000000e+02 -1.070340497550588310e+01 -2.146861926219724381e+01 1.919999999999999929e+00
-1.695529822368588668e+01 1.538484974020966622e-01 -4.775000000000046541e+00 4.000000000000000000e+02 -1.070030646149054299e+01 -2.146802074818189965e+01 1.485000000000000098e+00
-1.694438938470224798e+01 1.565797049481189585e-01 -4.777500000000046931e+00 4.000000000000000000e+02 -1.069999069291479721e+01 -2.147020497960615870e+01 5.100000000000000089e-01
-1.693362168372847876e+01 1.504964633345247660e-01 -4.780000000000047322e+00 4.000000000000000000e+02 -1.069830930034929395e+01 -2.147102358704065495e+01 1.449999999999999956e+00
-1.692297736290021959e+01 1.471454384770279067e-01 -4.782500000000047713e+00 4.000000000000000000e+02 -1.069708667310928440e+01 -2.147230095980064490e+01 1.445000000000000062e+00
-1.691245852586389731e+01 1.419669198690233225e-01 -4.785000000000048104e+00 4.000000000000000000e+02 -1.067676954511407850e+01 -2.145448383180544027e+01 1.549999999999999989e-01
-1.690186304522849881e+01 1.494682429220373920e-01 -4.787500000000048495e+00 4.000000000000000000e+02 -1.067523576552268949e+01 -2.145545005221405077e+01 1.955000000000000071e+00
-1.689138872529664326e+01 1.512434817107251583e-01 -4.790000000000048885e+00 4.000000000000000000e+02 -1.067118885405194284e+01 -2.145390314074330718e+01 1.304999999999999938e+00
-1.688100701618840205e+01 1.485412547426446517e-01 -4.792500000000049276e+00 4.000000000000000000e+02 -1.065787671750294763e+01 -2.144309100419430791e+01 1.635000000000000009e+00
-1.687062086067635036e+01 1.466318586980388250e-01 -4.795000000000049667e+00 4.000000000000000000e+02 -1.065566532000174504e+01 -2.144337960669310661e+01 1.584999999999999964e+00
-1.686034442051068893e+01 1.490967309713072952e-01 -4.797500000000050058e+00 4.000000000000000000e+02 -1.064566639668177039e+01 -2.143588068337313501e+01 5.200000000000000178e-01
-1.685009633817388419e+01 1.524994876248982889e-01 -4.800000000000050449e+00 4.000000000000000000e+02 -1.063647258397765860e+01 -2.142918687066902095e+01 1.854999999999999982e+00
-1.683988443061042162e+01 1.558075274955430800e-01 -4.802500000000050839e+00 4.000000000000000000e+02 -1.061201209337091633e+01 -2.140722638006227996e+01 4.899999999999999911e-01
-1.682955246138127592e+01 1.519787296025391088e-01 -4.805000000000051230e+00 4.000000000000000000e+02 -1.060150153944869267e+01 -2.139921582614005757e+01 1.504999999999999893e+00
-1.681924432607365105e+01 1.539291349558970790e-01 -4.807500000000051621e+00 4.000000000000000000e+02 -1.058470646628731160e+01 -2.138492075297867601e+01 8.249999999999999556e-01
-1.680889522319073137e+01 1.540157103668407523e-01 -4.810000000000052012e+00 4.000000000000000000e+02 -1.055692387805953203e+01 -2.135963816475089772e+01 2.149999999999999967e-01
-1.679839122733716650e+01 1.605743480628819275e-01 -4.812500000000052403e+00 4.000000000000000000e+02 -1.055651333225432964e+01 -2.136172761894569305e+01 1.014999999999999902e+00
-1.678801800415090639e+01 1.553693016788092462e-01 -4.815000000000052793e+00 4.000000000000000000e+02 -1.055219152970673235e+01 -2.135990581639809704e+01 1.840000000000000080e+00
-1.677773265587796203e+01 1.529752959349215402e-01 -4.817500000000053184e+00 4.000000000000000000e+02 -1.052356538498880489e+01 -2.133377967168016909e+01 3.950000000000000178e-01
-1.676728393721545984e+01 1.542785858259475007e-01 -4.820000000000053575e+00 4.000000000000000000e+02 -1.052319674046682962e+01 -2.133591102715819687e+01 4.199999999999999845e-01
-1.675696516926246815e+01 1.460023642401608035e-01 -4.822500000000053966e+00 4.000000000000000000e+02 -1.051950589238804312e+01 -2.133472017907941165e+01 1.235000000000000098e+00
-1.674673968389202727e+01 1.493758974039432752e-01 -4.825000000000054357e+00 4.000000000000000000e+02 -1.051627141773559515e+01 -2.133398570442696141e+01 1.895000000000000018e+00
-1.673661030206558564e+01 1.500249432409743455e-01 -4.827500000000054747e+00 4.000000000000000000e+02 -1.050545294970340038e+01 -2.132566723639476791e+01 1.760000000000000009e+00
-1.672649915473633797e+01 1.494176409213925361e-01 -4.830000000000055138e+00 4.000000000000000000e+02 -1.049742160760711940e+01 -2.132013589429848821e+01 4.050000000000000266e-01
-1.671643397688373156e+01 1.492273294099178138e-01 -4.832500000000055529e+00 4.000000000000000000e+02 -1.046452544261872042e+01 -2.128973972931008873e+01 1.375000000000000000e+00
-1.670616312769837108e+01 1.412223314837663113e-01 -4.835000000000055920e+00 4.000000000000000000e+02 -1.044595420280661813e+01 -2.127366848949798595e+01 8.649999999999999911e-01
-1.669583283801261331e+01 1.490045290927631827e-01 -4.837500000000056311e+00 4.000000000000000000e+02 -1.044544401567702252e+01 -2.127565830236839162e+01 1.879999999999999893e+00
-1.668562839459972835e+01 1.496867529836638233e-01 -4.840000000000056701e+00 4.000000000000000000e+02 -1.044090189176131034e+01 -2.127361617845268071e+01 1.804999999999999938e+00
-1.667550648570725613e+01 1.487588716210357653e-01 -4.842500000000057092e+00 4.000000000000000000e+02 -1.043732566213828683e+01 -2.127253994882965671e+01 6.850000000000000533e-01
-1.666547526786848010e+01 1.517112925001405654e-01 -4.845000000000057483e+00 4.000000000000000000e+02 -1.043352839110258046e+01 -2.127124267779394984e+01 2.800000000000000266e-01
-1.665553084837570097e+01 1.368460255152784688e-01 -4.847500000000057874e+00 4.000000000000000000e+02 -1.042259536535850906e+01 -2.126280965204988149e+01 1.399999999999999911e+00
-1.664560137314707333e+01 1.373654829085181883e-01 -4.850000000000058265e+00 4.000000000000000000e+02 -1.041806826875593472e+01 -2.126078255544730666e+01 1.939999999999999947e+00
-1.663574967144559835e+01 1.445301150788947109e-01 -4.852500000000058655e+00 4.000000000000000000e+02 -1.041703814338015555e+01 -2.126225243007152699e+01 1.800000000000000044e+00
-1.662600833909166553e+01 1.448190908890810147e-01 -4.855000000000059046e+00 4.000000000000000000e+02 -1.040542177502049981e+01 -2.125313606171187075e+01 1.135000000000000009e+00
-1.661627306328881915e+01 1.445582353340803539e-01 -4.857500000000059437e+00 4.000000000000000000e+02 -1.039626640705854754e+01 -2.124648069374991977e+01 4.450000000000000067e-01
-1.660656758030204472e+01 1.411468676808909084e-01 -4.860000000000059828e+00 4.000000000000000000e+02 -1.039256051701859818e+01 -2.124527480370997168e+01 6.650000000000000355e-01
-1.659694384639292153e+01 1.439137536315042154e-01 -4.862500000000060218e+00 4.000000000000000000e+02 -1.039100160807797302e+01 -2.124621589476934602e+01 1.889999999999999902e+00
-1.658742077031669382e+01 1.440026349095004654e-01 -4.865000000000060609e+00 4.000000000000000000e+02 -1.038819663600605914e+01 -2.124591092269743342e+01 5.350000000000000311e-01
-1.657798466461211717e+01 1.456249919842617924e-01 -4.867500000000061000e+00 4.000000000000000000e+02 -1.037499096532232734e+01 -2.123520525201369935e+01 1.270000000000000018e+00
-1.656853662800113014e+01 1.492724410456317263e-01 -4.870000000000061391e+00 4.000000000000000000e+02 -1.036431364180788783e+01 -2.122702792849926112e+01 1.549999999999999989e-01
-1.655910053307935215e+01 1.512029263523792799e-01 -4.872500000000061782e+00 4.000000000000000000e+02 -1.036117971309965746e+01 -2.122639399979103203e+01 1.150000000000000050e-01
-1.654974674621732689e+01 1.507838266092013102e-01 -4.875000000000062172e+00 4.000000000000000000e+02 -1.035632978446205854e+01 -2.122404407115343261e+01 1.080000000000000071e+00
-1.654045794080259313e+01 1.570205752154907042e-01 -4.877500000000062563e+00 4.000000000000000000e+02 -1.035438995447398014e+01 -2.122460424116535549e+01 6.500000000000000222e-02
-1.653125975416492111e+01 1.596173362990757905e-01 -4.880000000000062954e+00 4.000000000000000000e+02 -1.034947833827366992e+01 -2.122219262496504655e+01 8.750000000000000000e-01
-1.652212349699460248e+01 1.611157605420748817e-01 -4.882500000000063345e+00 4.000000000000000000e+02 -1.033323280541777578e+01 -2.120844709210915369e+01 1.239999999999999991e+00
-1.651294522420685240e+01 1.668874905162591182e-01 -4.885000000000063736e+00 4.000000000000000000e+02 -1.033219004149508891e+01 -2.120990432818646454e+01 2.000000000000000000e+00
-1.650386361019423376e+01 1.650002975720878673e-01 -4.887500000000064126e+00 4.000000000000000000e+02 -1.031640293461345870e+01 -2.119661722130483383e+01 9.150000000000000355e-01
-1.649474389708802491e+01 1.678752536769358705e-01 -4.890000000000064517e+00 4.000000000000000000e+02 -1.030546591197231798e+01 -2.118818019866369440e+01 2.049999999999999878e-01
-1.648563037952384391e+01 1.727289824609141988e-01 -4.892500000000064908e+00 4.000000000000000000e+02 -1.028434825683011766e+01 -2.116956254352149358e+01 1.794999999999999929e+00
-1.647643023204287260e+01 1.740900049929641480e-01 -4.895000000000065299e+00 4.000000000000000000e+02 -1.028007743606296032e+01 -2.116779172275433751e+01 1.604999999999999982e+00
-1.646729787219224050e+01 1.739746003217987336e-01 -4.897500000000065690e+00 4.000000000000000000e+02 -1.027125454842327557e+01 -2.116146883511465404e+01 8.050000000000000488e-01
-1.645819101713508559e+01 1.777281020144666213e-01 -4.900000000000066080e+00 4.000000000000000000e+02 -1.027080428027499970e+01 -2.116351856696638123e+01 1.310000000000000053e+00
-1.644918474522531326e+01 1.834020317372982989e-01 -4.902500000000066471e+00 4.000000000000000000e+02 -1.025354269096930970e+01 -2.114875697766068896e+01 7.249999999999999778e-01
-1.644012672464128144e+01 1.887848181054208041e-01 -4.905000000000066862e+00 4.000000000000000000e+02 -1.022500132585404842e+01 -2.112271561254542718e+01 2.500000000000000000e-01
-1.643091426730726923e+01 1.866852983113315989e-01 -4.907500000000067253e+00 4.000000000000000000e+02 -1.019449702734943308e+01 -2.109471131404081490e+01 4.299999999999999933e-01
-1.642152787171595918e+01 1.924178069561943150e-01 -4.910000000000067644e+00 4.000000000000000000e+02 -1.017926675238962098e+01 -2.108198103908100052e+01 1.465000000000000080e+00
-1.641211018419527434e+01 1.954170081603810727e-01 -4.912500000000068034e+00 4.000000000000000000e+02 -1.017633415662366758e+01 -2.108154844331505018e+01 9.150000000000000355e-01
-1.640277634452886346e+01 1.934048259650630874e-01 -4.915000000000068425e+00 4.000000000000000000e+02 -1.016039251934441623e+01 -2.106810680603579655e+01 1.669999999999999929e+00
-1.639340426396006833e+01 1.943169925658261576e-01 -4.917500000000068816e+00 4.000000000000000000e+02 -1.015645290182566463e+01 -2.106666718851704445e+01 1.514999999999999902e+00
-1.638410588978630500e+01 1.865845621814779531e-01 -4.920000000000069207e+00 4.000000000000000000e+02 -1.015199491420061584e+01 -2.106470920089199694e+01 1.000000000000000021e-02
-1.637487520648732797e+01 1.853177670368199026e-01 -4.922500000000069598e+00 4.000000000000000000e+02 -1.014050409256179108e+01 -2.105571837925317169e+01 1.294999999999999929e+00
-1.636564672682610677e+01 1.890533698106282579e-01 -4.925000000000069988e+00 4.000000000000000000e+02 -1.012515632100631890e+01 -2.104287060769770079e+01 1.959999999999999964e+00
-1.635638494056532366e+01 1.892416446187711043e-01 -4.927500000000070379e+00 4.000000000000000000e+02 -1.012001996010808647e+01 -2.104023424679947141e+01 1.989999999999999991e+00
-1.634718403424548328e+01 1.895564405631628146e-01 -4.930000000000070770e+00 4.000000000000000000e+02 -1.010935752867320581e+01 -2.103207181536458847e+01 2.049999999999999878e-01
-1.633799263412174341e+01 1.868110353478255325e-01 -4.932500000000071161e+00 4.000000000000000000e+02 -1.010805220867549004e+01 -2.103326649536687398e+01 1.304999999999999938e+00
-1.632889577194232089e+01 1.919593409917198790e-01 -4.935000000000071552e+00 4.000000000000000000e+02 -1.009360790249604278e+01 -2.102132218918742623e+01 6.400000000000000133e-01
-1.631977308800530224e+01 1.909388400393546847e-01 -4.937500000000071942e+00 4.000000000000000000e+02 -1.009190080327722505e+01 -2.102211508996860800e+01 4.949999999999999956e-01
-1.631074000852127170e+01 1.970593947145970748e-01 -4.940000000000072333e+00 4.000000000000000000e+02 -1.008481547757436836e+01 -2.101752976426575259e+01 9.500000000000000111e-02
-1.630174683701705618e+01 1.943256962333922144e-01 -4.942500000000072724e+00 4.000000000000000000e+02 -1.007897798798074085e+01 -2.101419227467212636e+01 3.049999999999999933e-01
-1.629280415836463547e+01 1.936272238784535193e-01 -4.945000000000073115e+00 4.000000000000000000e+02 -1.007560746924355577e+01 -2.101332175593493901e+01 1.945000000000000062e+00
-1.628393305792096157e+01 1.928931992793559702e-01 -4.947500000000073506e+00 4.000000000000000000e+02 -1.007557974537585821e+01 -2.101579403206724450e+01 1.685000000000000053e+00
-1.627516157958218201e+01 1.960339365069661832e-01 -4.950000000000073896e+00 4.000000000000000000e+02 -1.007044276184582188e+01 -2.101315704853720945e+01 1.145000000000000018e+00
-1.626644351196909000e+01 1.981463266678966662e-01 -4.952500000000074287e+00 4.000000000000000000e+02 -1.006209072794206882e+01 -2.100730501463345590e+01 9.500000000000000111e-02
-1.625775028672393319e+01 1.987100593338528287e-01 -4.955000000000074678e+00 4.000000000000000000e+02 -1.005408738821903469e+01 -2.100180167491042127e+01 6.650000000000000355e-01
-1.624908462807740506e+01 1.970425728598874937e-01 -4.957500000000075069e+00 4.000000000000000000e+02 -1.005256793988436570e+01 -2.100278222657575355e+01 1.145000000000000018e+00
-1.624050180234903351e+01 1.996696280288098868e-01 -4.960000000000075460e+00 4.000000000000000000e+02 -1.004954666801719476e+01 -2.100226095470858212e+01 1.549999999999999989e-01
-1.623198759685279313e+01 2.000525828159384345e-01 -4.962500000000075850e+00 4.000000000000000000e+02 -1.004081879726263615e+01 -2.099603308395402479e+01 1.754999999999999893e+00
-1.622349275309044359e+01 1.985494255589465851e-01 -4.965000000000076241e+00 4.000000000000000000e+02 -1.003561548576948326e+01 -2.099332977246087140e+01 8.549999999999999822e-01
-1.621504675871858936e+01 2.003064704442204802e-01 -4.967500000000076632e+00 4.000000000000000000e+02 -9.996963823996891207e+00 -2.095717811068828240e+01 1.209999999999999964e+00
-1.620636451780025311e+01 2.006026913028754466e-01 -4.970000000000077023e+00 4.000000000000000000e+02 -9.995197903415443008e+00 -2.095791219010683193e+01 1.679999999999999938e+00
-1.619776329899520917e+01 1.970962957631283985e-01 -4.972500000000077414e+00 4.000000000000000000e+02 -9.991279497750163330e+00 -2.095649378444155531e+01 1.179999999999999938e+00
-1.618922337767968500e+01 1.969374695457199731e-01 -4.975000000000077804e+00 4.000000000000000000e+02 -9.990899534174163321e+00 -2.095861382086555125e+01 1.560000000000000053e+00
-1.618077362657964002e+01 1.953360089130195265e-01 -4.977500000000078195e+00 4.000000000000000000e+02 -9.980278827579498468e+00 -2.095049311427089123e+01 4.400000000000000022e-01
-1.617232664365855399e+01 2.012058079788965614e-01 -4.980000000000078586e+00 4.000000000000000000e+02 -9.975245777063124208e+00 -2.094796006375451469e+01 6.199999999999999956e-01
-1.616392925965901384e+01 1.996169584813796138e-01 -4.982500000000078977e+00 4.000000000000000000e+02 -9.945460358933374323e+00 -2.092067464562476431e+01 1.850000000000000089e+00
-1.615537244130842254e+01 1.969408147652296492e-01 -4.985000000000079368e+00 4.000000000000000000e+02 -9.940363182789857532e+00 -2.091807746948124702e+01 1.739999999999999991e+00
-1.614686625124699404e+01 1.925498221039937674e-01 -4.987500000000079758e+00 4.000000000000000000e+02 -9.938242131454554595e+00 -2.091845641814594714e+01 3.900000000000000133e-01
-1.613843498878596705e+01 1.922687100510493685e-01 -4.990000000000080149e+00 4.000000000000000000e+02 -9.934993777356687872e+00 -2.091770806404808170e+01 1.629999999999999893e+00
-1.613006798554092569e+01 1.953200671724966697e-01 -4.992500000000080540e+00 4.000000000000000000e+02 -9.934325906062591471e+00 -2.091954019275398480e+01 7.299999999999999822e-01
-1.612178553413764348e+01 1.864593220899220527e-01 -4.995000000000080931e+00 4.000000000000000000e+02 -9.924549337772361923e+00 -2.091226362446375475e+01 1.080000000000000071e+00
-1.611351137536912148e+01 1.910598400148130760e-01 -4.997500000000081322e+00 4.000000000000000000e+02 -9.867193556886428851e+00 -2.085740784357782474e+01 9.899999999999999911e-01
-1.610484437993628504e+01 1.978848115182469114e-01 -5.000000000000081712e+00 4.000000000000000000e+02 -9.864825093250123800e+00 -2.085753937994152096e+01 5.350000000000000311e-01
-1.609625298164252882e+01 1.997359195257949749e-01 -5.002500000000082103e+00 4.000000000000000000e+02 -9.838835475946508424e+00 -2.083404976263790331e+01 1.854999999999999982e+00
-1.608753318921322872e+01 1.984062358200017195e-01 -5.005000000000082494e+00 4.000000000000000000e+02 -9.822291947042410598e+00 -2.082000623373380677e+01 1.774999999999999911e+00
-1.607876705453794841e+01 1.990277100543117739e-01 -5.007500000000082885e+00 4.000000000000000000e+02 -9.818543517076887994e+00 -2.081875780376828544e+01 1.739999999999999991e+00
-1.607006628919038960e+01 1.912853633419298316e-01 -5.010000000000083276e+00 4.000000000000000000e+02 -9.780563206334900173e+00 -2.078327749302629712e+01 1.205000000000000071e+00
-1.606113042542377300e+01 1.957733729140034296e-01 -5.012500000000083666e+00 4.000000000000000000e+02 -9.778568202141212140e+00 -2.078378248883260682e+01 1.040000000000000036e+00
-1.605227815637420363e+01 1.983535132097954123e-01 -5.015000000000084057e+00 4.000000000000000000e+02 -9.749766475280008393e+00 -2.075748076197140435e+01 8.399999999999999689e-01
-1.604327076416544529e+01 2.028049509845486487e-01 -5.017500000000084448e+00 4.000000000000000000e+02 -9.734029295868833032e+00 -2.074424358256023027e+01 3.850000000000000089e-01
-1.603422536407308741e+01 2.013584386724090458e-01 -5.020000000000084839e+00 4.000000000000000000e+02 -9.714672758592904245e+00 -2.072738704528430276e+01 1.034999999999999920e+00
-1.602510935478226628e+01 2.016390650973360898e-01 -5.022500000000085230e+00 4.000000000000000000e+02 -9.703742857267375399e+00 -2.071895714395877519e+01 1.879999999999999893e+00
-1.601599956952007275e+01 2.079019242553340474e-01 -5.025000000000085620e+00 4.000000000000000000e+02 -9.672523482764439962e+00 -2.069023776945583748e+01 7.099999999999999645e-01
-1.600671021743153588e+01 2.079481620926307006e-01 -5.027500000000086011e+00 4.000000000000000000e+02 -9.668958588247960506e+00 -2.068917287493935930e+01 6.049999999999999822e-01
-1.599749660247312910e+01 2.048584999322462796e-01 -5.030000000000086402e+00 4.000000000000000000e+02 -9.668295985887672472e+00 -2.069101027257907077e+01 1.989999999999999991e+00
-1.598838378677827166e+01 1.996730379706207481e-01 -5.032500000000086793e+00 4.000000000000000000e+02 -9.652458657431006728e+00 -2.067767294412240631e+01 5.799999999999999600e-01
-1.597923256843127682e+01 2.019379835671114565e-01 -5.035000000000087184e+00 4.000000000000000000e+02 -9.645667809799542525e+00 -2.067338209649093983e+01 1.570000000000000062e+00
-1.597012551905402766e+01 2.078794742315184796e-01 -5.037500000000087574e+00 4.000000000000000000e+02 -9.625393404162133848e+00 -2.065560769085353598e+01 1.070000000000000062e+00
-1.596093955558087707e+01 2.056552135392840652e-01 -5.040000000000087965e+00 4.000000000000000000e+02 -9.600297752926927330e+00 -2.063301203961832897e+01 1.510000000000000009e+00
-1.595163015704931198e+01 2.094891032043031953e-01 -5.042500000000088356e+00 4.000000000000000000e+02 -9.597711338693796890e+00 -2.063292562538519803e+01 7.299999999999999822e-01
-1.594240583125700006e+01 2.068629308801293587e-01 -5.045000000000088747e+00 4.000000000000000000e+02 -9.592577011744708670e+00 -2.063029129843610932e+01 6.049999999999999822e-01
-1.593324181713506604e+01 2.078587753597338217e-01 -5.047500000000089138e+00 4.000000000000000000e+02 -9.587892224719723799e+00 -2.062810651141112572e+01 9.599999999999999645e-01
-1.592414124894750493e+01 2.130024358836523635e-01 -5.050000000000089528e+00 4.000000000000000000e+02 -9.587807678110733534e+00 -2.063052196480213496e+01 8.299999999999999600e-01
-1.591514441462656038e+01 2.272682618182524095e-01 -5.052500000000089919e+00 4.000000000000000000e+02 -9.571218248208369417e+00 -2.061643253489977212e+01 1.719999999999999973e+00
-1.590610185326224268e+01 2.220574522804204809e-01 -5.055000000000090310e+00 4.000000000000000000e+02 -9.547412123195680778e+00 -2.059512640988708299e+01 5.150000000000000133e-01
-1.589694822422602272e+01 2.200977057347214827e-01 -5.057500000000090701e+00 4.000000000000000000e+02 -9.540560436269208466e+00 -2.059077472296061018e+01 1.584999999999999964e+00
-1.588783824589119043e+01 2.315742529274091022e-01 -5.060000000000091092e+00 4.000000000000000000e+02 -9.538323564122480391e+00 -2.059103785081388338e+01 1.729999999999999982e+00
-1.587881287504303884e+01 2.305907297145945445e-01 -5.062500000000091482e+00 4.000000000000000000e+02 -9.529245544452473737e+00 -2.058445983114387801e+01 1.675000000000000044e+00
-1.586980946642458967e+01 2.309018163267014534e-01 -5.065000000000091873e+00 4.000000000000000000e+02 -9.523956116110275261e+00 -2.058167040280167726e+01 1.270000000000000018e+00
-1.586086158255974077e+01 2.307804463589917532e-01 -5.067500000000092264e+00 4.000000000000000000e+02 -9.511466090183708033e+00 -2.057168037687511486e+01 1.199999999999999956e-01
-1.585190441052811394e+01 2.308312932057578482e-01 -5.070000000000092655e+00 4.000000000000000000e+02 -9.508677061083197657e+00 -2.057139134777460399e+01 1.034999999999999920e+00
-1.584302420277715484e+01 2.282342982362729200e-01 -5.072500000000093046e+00 4.000000000000000000e+02 -9.479773889750621407e+00 -2.054498817644202546e+01 1.784999999999999920e+00
-1.583398772327318760e+01 2.308143655932467508e-01 -5.075000000000093436e+00 4.000000000000000000e+02 -9.477514089168334266e+00 -2.054522837585973960e+01 2.700000000000000178e-01
-1.582503431223975632e+01 2.306395302872279729e-01 -5.077500000000093827e+00 4.000000000000000000e+02 -9.463370607421643044e+00 -2.053358489411304788e+01 1.040000000000000036e+00
-1.581605689140758031e+01 2.307912222599692031e-01 -5.080000000000094218e+00 4.000000000000000000e+02 -9.456162756024918181e+00 -2.052887704271632430e+01 6.899999999999999467e-01
-1.580711754814092451e+01 2.304038193093324860e-01 -5.082500000000094609e+00 4.000000000000000000e+02 -9.441771236104791853e+00 -2.051698552279619747e+01 1.790000000000000036e+00
-1.579815189348685323e+01 2.268840904445359741e-01 -5.085000000000095000e+00 4.000000000000000000e+02 -9.424811116692886515e+00 -2.050252540338429341e+01 8.199999999999999512e-01
-1.578913706376561699e+01 2.327157799435915775e-01 -5.087500000000095390e+00 4.000000000000000000e+02 -9.416192782097363434e+00 -2.049640706878876983e+01 6.099999999999999867e-01
-1.578014819083998788e+01 2.396941503597437295e-01 -5.090000000000095781e+00 4.000000000000000000e+02 -9.408840877307691031e+00 -2.049155516399910226e+01 1.280000000000000027e+00
-1.577119626217425363e+01 2.422977302632910168e-01 -5.092500000000096172e+00 4.000000000000000000e+02 -9.407836507999260078e+00 -2.049305079469066726e+01 2.750000000000000222e-01
-1.576233696154410246e+01 2.435272650546890794e-01 -5.095000000000096563e+00 4.000000000000000000e+02 -9.405505258767131949e+00 -2.049321954545854041e+01 4.450000000000000067e-01
-1.575355693466018892e+01 2.433537877747754263e-01 -5.097500000000096954e+00 4.000000000000000000e+02 -9.402317253196327940e+00 -2.049253153988773590e+01 1.620000000000000107e+00
-1.574484736199830159e+01 2.400274965713243280e-01 -5.100000000000097344e+00 4.000000000000000000e+02 -9.400083847733938569e+00 -2.049279813442534959e+01 7.800000000000000266e-01
-1.573621528314913398e+01 2.415877944126044452e-01 -5.102500000000097735e+00 4.000000000000000000e+02 -9.398798677315221894e+00 -2.049401296400663242e+01 5.949999999999999734e-01
-1.572766742600479617e+01 2.418823562927821802e-01 -5.105000000000098126e+00 4.000000000000000000e+02 -9.391611624871167407e+00 -2.048932591156257743e+01 1.465000000000000080e+00
-1.571915236700654539e+01 2.384516723877908306e-01 -5.107500000000098517e+00 4.000000000000000000e+02 -9.391299727413816356e+00 -2.049151401410522766e+01 1.794999999999999929e+00
-1.571072757927676022e+01 2.400951751308381676e-01 -5.110000000000098908e+00 4.000000000000000000e+02 -9.379953329819338492e+00 -2.048266761651075285e+01 5.550000000000000488e-01
-1.570229925375426738e+01 2.485782194787267141e-01 -5.112500000000099298e+00 4.000000000000000000e+02 -9.369116939274867661e+00 -2.047433122596628152e+01 1.185000000000000053e+00
-1.569387169979830432e+01 2.477520271982171229e-01 -5.115000000000099689e+00 4.000000000000000000e+02 -9.367756973246454066e+00 -2.047547125993786565e+01 1.945000000000000062e+00
-1.568552405870766542e+01 2.515417427609175638e-01 -5.117500000000100080e+00 4.000000000000000000e+02 -9.345274413744272479e+00 -2.045548870043568712e+01 6.450000000000000178e-01
-1.567707913762644090e+01 2.527304640067259411e-01 -5.120000000000100471e+00 4.000000000000000000e+02 -9.324889677262763854e+00 -2.043760396395417800e+01 1.950000000000000067e-01
-1.566855446103095062e+01 2.563979410010911453e-01 -5.122500000000100862e+00 4.000000000000000000e+02 -9.297461901705638354e+00 -2.041267618839705023e+01 1.864999999999999991e+00
-1.565988940926518325e+01 2.567691244203368361e-01 -5.125000000000101252e+00 4.000000000000000000e+02 -9.295619321397680324e+00 -2.041333360808909347e+01 1.254999999999999893e+00
-1.565130441768619640e+01 2.579482396269425215e-01 -5.127500000000101643e+00 4.000000000000000000e+02 -9.294457217968169260e+00 -2.041467150465958369e+01 1.560000000000000053e+00
-1.564280383349860770e+01 2.563441507245780571e-01 -5.130000000000102034e+00 4.000000000000000000e+02 -9.291180435690792550e+00 -2.041389472238221003e+01 6.450000000000000178e-01
-1.563436837815187630e+01 2.545382825990402664e-01 -5.132500000000102425e+00 4.000000000000000000e+02 -9.289885774060751444e+00 -2.041510006075216666e+01 5.150000000000000133e-01
-1.562601351937972538e+01 2.547459638392628456e-01 -5.135000000000102816e+00 4.000000000000000000e+02 -9.281333792982890074e+00 -2.040904807967430656e+01 1.395000000000000018e+00
-1.561767779881261653e+01 2.568112552958922712e-01 -5.137500000000103206e+00 4.000000000000000000e+02 -9.260034728940567561e+00 -2.039024901563198355e+01 1.574999999999999956e+00
-1.560925476906409415e+01 2.571884093585715680e-01 -5.140000000000103597e+00 4.000000000000000000e+02 -9.255750876064318788e+00 -2.038846516275573606e+01 3.049999999999999933e-01
-1.560088724353387590e+01 2.499605757511358939e-01 -5.142500000000103988e+00 4.000000000000000000e+02 -9.249629527374755966e+00 -2.038484381406617274e+01 1.719999999999999973e+00
-1.559255917314466089e+01 2.581180012629288867e-01 -5.145000000000104379e+00 4.000000000000000000e+02 -9.234256746556908979e+00 -2.037197103324832526e+01 8.100000000000000533e-01
-1.558419332618885100e+01 2.555714310700079595e-01 -5.147500000000104770e+00 4.000000000000000000e+02 -9.230202474438597093e+00 -2.037041676113001643e+01 1.935000000000000053e+00
-1.557588403489623907e+01 2.545479634966825722e-01 -5.150000000000105160e+00 4.000000000000000000e+02 -9.230082444698551214e+00 -2.037279673138996827e+01 1.280000000000000027e+00
-1.556766272860133071e+01 2.545357258137717071e-01 -5.152500000000105551e+00 4.000000000000000000e+02 -9.223389645551526073e+00 -2.036860393224294441e+01 9.300000000000000488e-01
-1.555947434031991072e+01 2.542651800889522695e-01 -5.155000000000105942e+00 4.000000000000000000e+02 -9.221339331092277547e+00 -2.036905361778369539e+01 8.349999999999999645e-01
-1.555135609422731591e+01 2.558873585806765716e-01 -5.157500000000106333e+00 4.000000000000000000e+02 -9.211596133781952744e+00 -2.036181042047337186e+01 2.550000000000000044e-01
-1.554324492016888293e+01 2.563003134213861500e-01 -5.160000000000106724e+00 4.000000000000000000e+02 -9.208239288371297349e+00 -2.036095357506271597e+01 5.450000000000000400e-01
-1.553519213889610562e+01 2.527969628236885757e-01 -5.162500000000107114e+00 4.000000000000000000e+02 -9.206632701021167264e+00 -2.036184698771258894e+01 6.149999999999999911e-01
-1.552721079262578385e+01 2.532799058403402137e-01 -5.165000000000107505e+00 4.000000000000000000e+02 -9.204446887564339264e+00 -2.036216117425576044e+01 4.000000000000000222e-01
-1.551929512173910020e+01 2.528907142182574286e-01 -5.167500000000107896e+00 4.000000000000000000e+02 -9.197233466875070818e+00 -2.035744775356648972e+01 1.899999999999999911e+00
-1.551140465868799545e+01 2.547253601172157489e-01 -5.170000000000108287e+00 4.000000000000000000e+02 -9.172432360965556697e+00 -2.033514664765697688e+01 1.870000000000000107e+00
-1.550340012291659342e+01 2.552188290967465356e-01 -5.172500000000108678e+00 4.000000000000000000e+02 -9.171999497164465609e+00 -2.033721378385588707e+01 1.500000000000000000e+00
-1.549547548458589752e+01 2.533839540181045402e-01 -5.175000000000109068e+00 4.000000000000000000e+02 -9.155142237023511598e+00 -2.032285652371493256e+01 1.304999999999999938e+00
-1.548749990914452823e+01 2.526308672581281112e-01 -5.177500000000109459e+00 4.000000000000000000e+02 -9.144267020224283726e+00 -2.031448130691570597e+01 1.554999999999999938e+00
-1.547952115838077880e+01 2.515151904463419630e-01 -5.180000000000109850e+00 4.000000000000000000e+02 -9.142822529188414649e+00 -2.031553681587983817e+01 1.534999999999999920e+00
-1.547161388214436784e+01 2.535138685259313851e-01 -5.182500000000110241e+00 4.000000000000000000e+02 -9.116350622914255908e+00 -2.029156490960567893e+01 9.599999999999999645e-01
-1.546357906570838026e+01 2.516713464767542652e-01 -5.185000000000110632e+00 4.000000000000000000e+02 -9.112229681992294772e+00 -2.028994396868371553e+01 3.499999999999999778e-01
-1.545559541415889981e+01 2.514032101287190235e-01 -5.187500000000111022e+00 4.000000000000000000e+02 -9.098804855928976920e+00 -2.027901914262039895e+01 4.400000000000000022e-01
-1.544758834062802499e+01 2.500884272851575663e-01 -5.190000000000111413e+00 4.000000000000000000e+02 -9.088118390506192412e+00 -2.027083267719761750e+01 3.200000000000000067e-01
-1.543957983630115116e+01 2.502802021021877654e-01 -5.192500000000111804e+00 4.000000000000000000e+02 -9.081777302798768048e+00 -2.026699158949019264e+01 5.550000000000000488e-01
-1.543160450484410262e+01 2.509414029686478642e-01 -5.195000000000112195e+00 4.000000000000000000e+02 -9.070501209129892217e+00 -2.025821549582131809e+01 1.030000000000000027e+00
-1.542362280991480006e+01 2.469913766963458546e-01 -5.197500000000112585e+00 4.000000000000000000e+02 -9.059707297743706533e+00 -2.024992158443513190e+01 1.915000000000000036e+00
-1.541563863250340205e+01 2.407048419381438709e-01 -5.200000000000112976e+00 4.000000000000000000e+02 -9.045312821912215639e+00 -2.023802710860364229e+01 1.969999999999999973e+00
-1.540762329848802814e+01 2.402890852988855686e-01 -5.202500000000113367e+00 4.000000000000000000e+02 -9.044718132780065645e+00 -2.023993241947149357e+01 1.499999999999999944e-02
-1.539968677547257592e+01 2.379039844190711239e-01 -5.205000000000113758e+00 4.000000000000000000e+02 -9.042635476926156102e+00 -2.024034976361757998e+01 1.229999999999999982e+00
-1.539181601780400577e+01 2.361446016204454823e-01 -5.207500000000114149e+00 4.000000000000000000e+02 -9.037586897551557641e+00 -2.023780118424298280e+01 1.739999999999999991e+00
-1.538398687531961784e+01 2.362174542873754501e-01 -5.210000000000114539e+00 4.000000000000000000e+02 -9.025721721247833784e+00 -2.022843600793926200e+01 1.749999999999999889e-01
-1.537614574482810781e+01 2.400797459502058140e-01 -5.212500000000114930e+00 4.000000000000000000e+02 -9.020903673362459685e+00 -2.022611796005388740e+01 2.999999999999999889e-01
-1.536834763421954797e+01 2.374989657288052169e-01 -5.215000000000115321e+00 4.000000000000000000e+02 -9.018714301939690259e+00 -2.022642858863111570e+01 7.299999999999999822e-01
-1.536061225783160111e+01 2.378708792531494809e-01 -5.217500000000115712e+00 4.000000000000000000e+02 -8.997779273462310101e+00 -2.020799356015373860e+01 2.300000000000000100e-01
-1.535279399567926717e+01 2.375748473944086503e-01 -5.220000000000116103e+00 4.000000000000000000e+02 -8.996977661772016077e+00 -2.020969194846344408e+01 3.699999999999999956e-01
-1.534504949827800147e+01 2.338373225241056341e-01 -5.222500000000116493e+00 4.000000000000000000e+02 -8.986345237758550653e+00 -2.020155952444997993e+01 1.945000000000000062e+00
-1.533730200760743756e+01 2.356767747887811293e-01 -5.225000000000116884e+00 4.000000000000000000e+02 -8.977683851493113210e+00 -2.019539813818454377e+01 1.370000000000000107e+00
-1.532956674815909004e+01 2.298376972902397564e-01 -5.227500000000117275e+00 4.000000000000000000e+02 -8.976863862414607098e+00 -2.019707814910603716e+01 6.700000000000000400e-01
-1.532190369946106046e+01 2.275503408951913831e-01 -5.230000000000117666e+00 4.000000000000000000e+02 -8.973905003170649763e+00 -2.019661928986208110e+01 1.590000000000000080e+00
-1.531429544971241263e+01 2.311866485094160040e-01 -5.232500000000118057e+00 4.000000000000000000e+02 -8.972905905120640568e+00 -2.019812019181207319e+01 7.449999999999999956e-01
-1.530675593054725958e+01 2.333639912254619753e-01 -5.235000000000118447e+00 4.000000000000000000e+02 -8.969240975533914195e+00 -2.019695526222534454e+01 5.999999999999999778e-02
-1.529926414085034025e+01 2.313013491420230494e-01 -5.237500000000118838e+00 4.000000000000000000e+02 -8.966830132607084280e+00 -2.019704441929851413e+01 2.500000000000000139e-02
-1.529182872144977701e+01 2.305237881837361724e-01 -5.240000000000119229e+00 4.000000000000000000e+02 -8.959974141993180652e+00 -2.019268842868461178e+01 7.850000000000000311e-01
-1.528441607915208422e+01 2.340171764653036779e-01 -5.242500000000119620e+00 4.000000000000000000e+02 -8.936985025558605855e+00 -2.017219931225003648e+01 1.679999999999999938e+00
-1.527690623454814478e+01 2.326640612774523720e-01 -5.245000000000120011e+00 4.000000000000000000e+02 -8.936732067598780915e+00 -2.017444635429021105e+01 1.060000000000000053e+00
-1.526946903587703552e+01 2.305671743460057377e-01 -5.247500000000120401e+00 4.000000000000000000e+02 -8.933192969841519115e+00 -2.017340725653295408e+01 1.750000000000000000e+00
-1.526207909442648969e+01 2.287940242047193928e-01 -5.250000000000120792e+00 4.000000000000000000e+02 -8.923432837560733688e+00 -2.016614712425216993e+01 1.489999999999999991e+00
-1.525469010866073027e+01 2.322702983669949206e-01 -5.252500000000121183e+00 4.000000000000000000e+02 -8.912592439685983692e+00 -2.015780672637741588e+01 1.300000000000000044e+00
-1.524729411552438485e+01 2.326490252941485481e-01 -5.255000000000121574e+00 4.000000000000000000e+02 -8.909266044117188699e+00 -2.015698033080862217e+01 1.155000000000000027e+00
-1.523994637434429578e+01 2.282693087965040890e-01 -5.257500000000121965e+00 4.000000000000000000e+02 -8.896497868203502080e+00 -2.014671215489493505e+01 1.415000000000000036e+00
-1.523257722218845167e+01 2.249610007577533266e-01 -5.260000000000122355e+00 4.000000000000000000e+02 -8.887110976656900974e+00 -2.013982526334833523e+01 1.700000000000000122e-01
-1.522521160997469458e+01 2.235882586330892874e-01 -5.262500000000122746e+00 4.000000000000000000e+02 -8.879831062802347574e+00 -2.013504534949378311e+01 1.074999999999999956e+00
-1.521786494871279594e+01 2.276328425444226755e-01 -5.265000000000123137e+00 4.000000000000000000e+02 -8.877062552598808054e+00 -2.013477683929024309e+01 1.310000000000000053e+00
-1.521056991608422493e+01 2.238702108044184902e-01 -5.267500000000123528e+00 4.000000000000000000e+02 -8.872497036293587769e+00 -2.013271132298502408e+01 1.790000000000000036e+00
-1.520331279563767346e+01 2.198752864645281135e-01 -5.270000000000123919e+00 4.000000000000000000e+02 -8.871325260439544280e+00 -2.013403954713098187e+01 1.459999999999999964e+00
-1.519611749072502604e+01 2.184636251340674740e-01 -5.272500000000124309e+00 4.000000000000000000e+02 -8.871324900254647261e+00 -2.013653918694608436e+01 5.649999999999999467e-01
-1.518899136007327400e+01 2.169044628052454460e-01 -5.275000000000124700e+00 4.000000000000000000e+02 -8.868737311159048176e+00 -2.013645159785048477e+01 6.600000000000000311e-01
-1.518191503445891222e+01 2.166336808578433193e-01 -5.277500000000125091e+00 4.000000000000000000e+02 -8.849945246480704242e+00 -2.012015953317214212e+01 4.499999999999999833e-02
-1.517477342724109768e+01 2.173518121413313964e-01 -5.280000000000125482e+00 4.000000000000000000e+02 -8.839131332969010657e+00 -2.011184561966044981e+01 7.299999999999999822e-01
-1.516762347283950518e+01 2.201377990204858304e-01 -5.282500000000125873e+00 4.000000000000000000e+02 -8.828178085100716999e+00 -2.010339237179215388e+01 8.399999999999999689e-01
-1.516046422717301390e+01 2.182609479565003896e-01 -5.285000000000126263e+00 4.000000000000000000e+02 -8.826866837797910037e+00 -2.010458112448934997e+01 1.534999999999999920e+00
-1.515336428732881302e+01 2.162082962233684291e-01 -5.287500000000126654e+00 4.000000000000000000e+02 -8.825357436037766234e+00 -2.010557172272920567e+01 1.270000000000000018e+00
-1.514632135708297156e+01 2.189082499552081618e-01 -5.290000000000127045e+00 4.000000000000000000e+02 -8.823324562264753368e+00 -2.010603884895619586e+01 5.550000000000000488e-01
-1.513933093777435168e+01 2.203058781342777106e-01 -5.292500000000127436e+00 4.000000000000000000e+02 -8.799241387733296449e+00 -2.008445567442473845e+01 8.100000000000000533e-01
-1.513223812462017293e+01 2.225190019641748174e-01 -5.295000000000127827e+00 4.000000000000000000e+02 -8.794625186487426305e+00 -2.008233947317886603e+01 3.300000000000000155e-01
-1.512518039799676828e+01 2.245913649448364469e-01 -5.297500000000128217e+00 4.000000000000000000e+02 -8.793010772539991748e+00 -2.008322505923143098e+01 1.145000000000000018e+00
-1.511817831599353568e+01 2.256985636802687767e-01 -5.300000000000128608e+00 4.000000000000000000e+02 -8.785489187689270452e+00 -2.007820347438071451e+01 1.905000000000000027e+00
-1.511119003957576190e+01 2.274673849298055606e-01 -5.302500000000128999e+00 4.000000000000000000e+02 -8.778865082372906414e+00 -2.007407936906434998e+01 7.099999999999999645e-01
-1.510422168066408943e+01 2.260876595983294934e-01 -5.305000000000129390e+00 4.000000000000000000e+02 -8.776482211212108808e+00 -2.007419649790355010e+01 1.840000000000000080e+00
-1.509730235164510326e+01 2.246254589170357252e-01 -5.307500000000129781e+00 4.000000000000000000e+02 -8.762514118283904807e+00 -2.006272840497534560e+01 5.749999999999999556e-01
-1.509035158592027059e+01 2.219413703965004980e-01 -5.310000000000130171e+00 4.000000000000000000e+02 -8.753424346726591310e+00 -2.005613863341803693e+01 6.500000000000000222e-02
-1.508340332023296071e+01 2.252907365019782837e-01 -5.312500000000130562e+00 4.000000000000000000e+02 -8.749720980969092565e+00 -2.005493526766053591e+01 1.449999999999999900e-01
-1.507649472002280078e+01 2.285209050208502901e-01 -5.315000000000130953e+00 4.000000000000000000e+02 -8.748802470085699667e+00 -2.005651675677714252e+01 1.530000000000000027e+00
-1.506964432656191910e+01 2.217248714739223636e-01 -5.317500000000131344e+00 4.000000000000000000e+02 -8.745730924185830091e+00 -2.005594521087727600e+01 3.499999999999999778e-01
-1.506283666530759824e+01 2.210647182496301710e-01 -5.320000000000131735e+00 4.000000000000000000e+02 -8.735173720437316547e+00 -2.004788800712876196e+01 1.554999999999999938e+00
-1.505602052121744450e+01 2.200595313333726932e-01 -5.322500000000132125e+00 4.000000000000000000e+02 -8.732994700351925488e+00 -2.004820898704337040e+01 3.499999999999999778e-01
-1.504925268794011473e+01 2.201934022629767618e-01 -5.325000000000132516e+00 4.000000000000000000e+02 -8.723734372697000694e+00 -2.004144865938844333e+01 2.500000000000000139e-02
-1.504248490528789262e+01 2.176577062129656792e-01 -5.327500000000132907e+00 4.000000000000000000e+02 -8.711213835546946171e+00 -2.003142812223839186e+01 8.999999999999999667e-02
-1.503569514754585690e+01 2.165222300823540780e-01 -5.330000000000133298e+00 4.000000000000000000e+02 -8.709402195988717565e+00 -2.003211648268016631e+01 7.449999999999999956e-01
-1.502895580496583250e+01 2.184440218017617008e-01 -5.332500000000133689e+00 4.000000000000000000e+02 -8.705447869277422868e+00 -2.003066215596886934e+01 1.445000000000000062e+00
-1.502225186715667782e+01 2.182183042119732463e-01 -5.335000000000134079e+00 4.000000000000000000e+02 -8.686628450988630235e+00 -2.001434273768007444e+01 1.985000000000000098e+00
-1.501548337556877755e+01 2.174141289426805013e-01 -5.337500000000134470e+00 4.000000000000000000e+02 -8.685777251120267550e+00 -2.001599153781171481e+01 1.245000000000000107e+00
-1.500877142727557967e+01 2.177855917259946816e-01 -5.340000000000134861e+00 4.000000000000000000e+02 -8.657468962406001722e+00 -1.999018324909744848e+01 8.500000000000000611e-02
-1.500193051530856714e+01 2.173683400228723916e-01 -5.342500000000135252e+00 4.000000000000000000e+02 -8.649405742234169026e+00 -1.998462002892561884e+01 1.409999999999999920e+00
-1.499509830856537818e+01 2.162344248672270208e-01 -5.345000000000135643e+00 4.000000000000000000e+02 -8.640496051632172936e+00 -1.997821033832362048e+01 1.449999999999999956e+00
-1.498826897809736991e+01 2.128742977028922623e-01 -5.347500000000136033e+00 4.000000000000000000e+02 -8.638569344699838837e+00 -1.997878363139128766e+01 5.999999999999999778e-02
-1.498148984559287378e+01 2.149106854031739289e-01 -5.350000000000136424e+00 4.000000000000000000e+02 -8.626860246725421177e+00 -1.996957453341687128e+01 6.899999999999999467e-01
-1.497469427591316737e+01 2.155331036831774350e-01 -5.352500000000136815e+00 4.000000000000000000e+02 -8.623277951734003466e+00 -1.996849223842545484e+01 1.179999999999999938e+00
-1.496793728999088735e+01 2.157048144157063252e-01 -5.355000000000137206e+00 4.000000000000000000e+02 -8.614631953867418090e+00 -1.996234624055886542e+01 1.020000000000000018e+00
-1.496118441734151716e+01 2.138377740324024778e-01 -5.357500000000137597e+00 4.000000000000000000e+02 -8.599743950237714429e+00 -1.994995823692916304e+01 1.504999999999999893e+00
-1.495439351323184596e+01 2.157098154464081874e-01 -5.360000000000137987e+00 4.000000000000000000e+02 -8.596667243505255129e+00 -1.994938153019670679e+01 1.760000000000000009e+00
-1.494764453665013271e+01 2.192593184884646107e-01 -5.362500000000138378e+00 4.000000000000000000e+02 -8.594907135468952575e+00 -1.995012142216040374e+01 6.500000000000000222e-01
-1.494094574521030516e+01 2.178062697577190510e-01 -5.365000000000138769e+00 4.000000000000000000e+02 -8.587723007542265918e+00 -1.994543729423371659e+01 1.375000000000000000e+00
-1.493426039102917713e+01 2.165550592206441638e-01 -5.367500000000139160e+00 4.000000000000000000e+02 -8.583871996566406537e+00 -1.994408628325786026e+01 8.900000000000000133e-01
-1.492761048587772343e+01 2.129055464310246615e-01 -5.370000000000139551e+00 4.000000000000000000e+02 -8.579078627294892456e+00 -1.994179291398634746e+01 1.764999999999999902e+00
-1.492098939277415681e+01 2.109201003200336377e-01 -5.372500000000139941e+00 4.000000000000000000e+02 -8.545338258506857798e+00 -1.991055254519831053e+01 7.349999999999999867e-01
-1.491420382869508821e+01 2.115787133375746920e-01 -5.375000000000140332e+00 4.000000000000000000e+02 -8.529100180396097741e+00 -1.989681446708755175e+01 1.195000000000000062e+00
-1.490737108487574680e+01 2.153853155614174619e-01 -5.377500000000140723e+00 4.000000000000000000e+02 -8.525984980034312599e+00 -1.989619926672576611e+01 1.530000000000000027e+00
-1.490058054867439097e+01 2.173440905812163426e-01 -5.380000000000141114e+00 4.000000000000000000e+02 -8.522467268662630602e+00 -1.989518155535408539e+01 1.500000000000000000e+00
-1.489382896846304227e+01 2.139568146804688709e-01 -5.382500000000141505e+00 4.000000000000000000e+02 -8.521476841924503276e+00 -1.989669112861595579e+01 1.935000000000000053e+00
-1.488713274878045389e+01 2.151973785564322561e-01 -5.385000000000141895e+00 4.000000000000000000e+02 -8.513651135981335827e+00 -1.989136542267279140e+01 1.179999999999999938e+00
-1.488044566947779579e+01 2.206338796135212943e-01 -5.387500000000142286e+00 4.000000000000000000e+02 -8.511473887745333755e+00 -1.989168817443678705e+01 6.999999999999999556e-01
-1.487380514681056809e+01 2.220787240997561529e-01 -5.390000000000142677e+00 4.000000000000000000e+02 -8.508706464629387511e+00 -1.989142075132084386e+01 1.925000000000000044e+00
-1.486720667140883734e+01 2.199503769476943149e-01 -5.392500000000143068e+00 4.000000000000000000e+02 -8.508181478365999695e+00 -1.989339576505745555e+01 1.679999999999999938e+00
-1.486066434228407829e+01 2.211843948328588438e-01 -5.395000000000143459e+00 4.000000000000000000e+02 -8.501955971905999832e+00 -1.988967025859745519e+01 1.050000000000000044e+00
-1.485414035591080406e+01 2.215848947244844491e-01 -5.397500000000143849e+00 4.000000000000000000e+02 -8.500702766809228095e+00 -1.989091705350068651e+01 4.349999999999999978e-01
-1.484766670643617914e+01 2.245370267496095140e-01 -5.400000000000144240e+00 4.000000000000000000e+02 -8.499309743212162260e+00 -1.989202402990362017e+01 1.449999999999999956e+00
-1.484124178902230717e+01 2.263402158732141789e-01 -5.402500000000144631e+00 4.000000000000000000e+02 -8.491047120108719426e+00 -1.988626140680017684e+01 3.150000000000000022e-01
-1.483482111175902496e+01 2.255560003473022490e-01 -5.405000000000145022e+00 4.000000000000000000e+02 -8.489864928881326378e+00 -1.988757921557278507e+01 8.199999999999999512e-01
-1.482844977172584322e+01 2.246946138269150517e-01 -5.407500000000145413e+00 4.000000000000000000e+02 -8.485126573122174776e+00 -1.988534085981363120e+01 1.715000000000000080e+00
-1.482210462680608387e+01 2.235603574658001080e-01 -5.410000000000145803e+00 4.000000000000000000e+02 -8.482835894154790779e+00 -1.988555018084625203e+01 1.400000000000000133e-01
-1.481580080454172155e+01 2.183200623946225105e-01 -5.412500000000146194e+00 4.000000000000000000e+02 -8.481222177483269675e+00 -1.988643646417472866e+01 7.049999999999999600e-01
-1.480954200383223629e+01 2.170274820158830664e-01 -5.415000000000146585e+00 4.000000000000000000e+02 -8.481109147248210078e+00 -1.988882343393967034e+01 7.299999999999999822e-01
-1.480333691521419581e+01 2.161987951800489749e-01 -5.417500000000146976e+00 4.000000000000000000e+02 -8.475684783381478127e+00 -1.988589907007293789e+01 1.549999999999999989e-01
-1.479715208770718071e+01 2.133369856816779708e-01 -5.420000000000147367e+00 4.000000000000000000e+02 -8.474596562709075798e+00 -1.988731084940053506e+01 9.949999999999999956e-01
-1.479101392253978808e+01 2.114654071276374780e-01 -5.422500000000147757e+00 4.000000000000000000e+02 -8.456053470995890109e+00 -1.987126775768734888e+01 2.999999999999999889e-01
-1.478481484619396547e+01 2.129237298431479464e-01 -5.425000000000148148e+00 4.000000000000000000e+02 -8.451466463518837458e+00 -1.986918075021029750e+01 1.485000000000000098e+00
-1.477864113017438719e+01 2.111347574969998364e-01 -5.427500000000148539e+00 4.000000000000000000e+02 -8.439582019341688834e+00 -1.985979630603315016e+01 1.290000000000000036e+00
-1.477244762153150148e+01 2.128158801552594293e-01 -5.430000000000148930e+00 4.000000000000000000e+02 -8.431900063686649460e+00 -1.985461435037811384e+01 1.679999999999999938e+00
-1.476626035545104365e+01 2.108647342067267172e-01 -5.432500000000149321e+00 4.000000000000000000e+02 -8.420261483849925455e+00 -1.984547577054138756e+01 5.649999999999999467e-01
-1.476005485845884380e+01 2.117193361170473798e-01 -5.435000000000149711e+00 4.000000000000000000e+02 -8.413491581732746027e+00 -1.984120586842420764e+01 1.955000000000000071e+00
-1.475386132409414408e+01 2.131879865235161153e-01 -5.437500000000150102e+00 4.000000000000000000e+02 -8.396978728550887894e+00 -1.982719301524235078e+01 5.250000000000000222e-01
-1.474761932209952953e+01 2.158692533818816484e-01 -5.440000000000150493e+00 4.000000000000000000e+02 -8.395425289748132514e+00 -1.982813957643959668e+01 5.250000000000000222e-01
-1.474142189198018471e+01 2.140948727815214780e-01 -5.442500000000150884e+00 4.000000000000000000e+02 -8.394299515840240034e+00 -1.982951380253170370e+01 1.169999999999999929e+00
-1.473527106599657266e+01 2.123120623602547941e-01 -5.445000000000151275e+00 4.000000000000000000e+02 -8.391202135806402396e+00 -1.982891642249786557e+01 2.049999999999999878e-01
-1.472915419965128159e+01 2.117328339139583349e-01 -5.447500000000151665e+00 4.000000000000000000e+02 -8.384113612636889812e+00 -1.982432789932835249e+01 1.790000000000000036e+00
-1.472304664636765992e+01 2.119577742902555573e-01 -5.450000000000152056e+00 4.000000000000000000e+02 -8.362187917859484898e+00 -1.980490220455094885e+01 8.500000000000000611e-02
-1.471685746063859312e+01 2.126002411506032475e-01 -5.452500000000152447e+00 4.000000000000000000e+02 -8.360695980472645061e+00 -1.980591026716410852e+01 1.120000000000000107e+00
-1.471071252400686014e+01 2.127446498654556040e-01 -5.455000000000152838e+00 4.000000000000000000e+02 -8.357249685825481222e+00 -1.980496397251694418e+01 1.274999999999999911e+00
-1.470459935261665230e+01 2.156396231928632556e-01 -5.457500000000153229e+00 4.000000000000000000e+02 -8.356028593494180257e+00 -1.980624288018564627e+01 1.520000000000000018e+00
-1.469853106733536663e+01 2.163627490915368268e-01 -5.460000000000153619e+00 4.000000000000000000e+02 -8.351692455612569788e+00 -1.980440674230403886e+01 8.100000000000000533e-01
-1.469248833238932406e+01 2.156621281924428479e-01 -5.462500000000154010e+00 4.000000000000000000e+02 -8.351344842237486077e+00 -1.980655912892895287e+01 1.824999999999999956e+00
-1.468649476852785973e+01 2.172089775714383664e-01 -5.465000000000154401e+00 4.000000000000000000e+02 -8.343208565169035751e+00 -1.980092285186050205e+01 4.650000000000000244e-01
-1.468050333930395368e+01 2.159423278450969819e-01 -5.467500000000154792e+00 4.000000000000000000e+02 -8.337928583464320198e+00 -1.979814287015578600e+01 1.675000000000000044e+00
-1.467453106312723321e+01 2.160681707722856282e-01 -5.470000000000155183e+00 4.000000000000000000e+02 -8.336703009608621429e+00 -1.979941729630009206e+01 1.250000000000000000e-01
-1.466860178222953870e+01 2.162299549584384140e-01 -5.472500000000155573e+00 4.000000000000000000e+02 -8.327496271941669193e+00 -1.979271055863313933e+01 1.650000000000000078e-01
-1.466266790343504844e+01 2.211605921193251501e-01 -5.475000000000155964e+00 4.000000000000000000e+02 -8.323042889193963845e+00 -1.979075717588543171e+01 1.010000000000000009e+00
-1.465675752794989251e+01 2.199660153102573068e-01 -5.477500000000156355e+00 4.000000000000000000e+02 -8.315501738931681430e+00 -1.978571602562315235e+01 8.850000000000000089e-01
-1.465085227254746769e+01 2.197315212793978512e-01 -5.480000000000156746e+00 4.000000000000000000e+02 -8.304123478271160153e+00 -1.977683776496262880e+01 7.700000000000000178e-01
-1.464492948663236582e+01 2.194586933010621854e-01 -5.482500000000157137e+00 4.000000000000000000e+02 -8.302768589009517086e+00 -1.977798287570098523e+01 1.415000000000000036e+00
-1.463904829234381388e+01 2.164621568529058182e-01 -5.485000000000157527e+00 4.000000000000000000e+02 -8.298023154814202940e+00 -1.977573744150567236e+01 4.699999999999999734e-01
-1.463318837942862594e+01 2.198104537492834298e-01 -5.487500000000157918e+00 4.000000000000000000e+02 -8.291197013428295293e+00 -1.977141130011976600e+01 1.375000000000000000e+00
-1.462733742116979663e+01 2.174428347138523121e-01 -5.490000000000158309e+00 4.000000000000000000e+02 -8.277441828688354875e+00 -1.976015611537982863e+01 1.719999999999999973e+00
-1.462145485048553972e+01 2.170545694730919850e-01 -5.492500000000158700e+00 4.000000000000000000e+02 -8.270776858506968310e+00 -1.975599114519843980e+01 1.024999999999999911e+00
-1.461558234545120882e+01 2.171325787217473213e-01 -5.495000000000159091e+00 4.000000000000000000e+02 -8.268266350796974251e+00 -1.975598063748844524e+01 1.495000000000000107e+00
-1.460974406432302786e+01 2.186670368142626109e-01 -5.497500000000159481e+00 4.000000000000000000e+02 -8.262468737202675939e+00 -1.975268302389414998e+01 9.399999999999999467e-01
-1.460392055444717840e+01 2.203823132108556626e-01 -5.500000000000159872e+00 4.000000000000000000e+02 -8.257383944782091589e+00 -1.975009823147356514e+01 1.300000000000000044e-01
-1.459811582021874443e+01 2.222614618032522638e-01 -5.502500000000160263e+00 4.000000000000000000e+02 -8.256727280819029957e+00 -1.975194156751050301e+01 1.439999999999999947e+00
-1.459235518453061076e+01 2.193190684934286927e-01 -5.505000000000160654e+00 4.000000000000000000e+02 -8.255356817721297702e+00 -1.975307110441276848e+01 1.409999999999999920e+00
-1.458663399125286020e+01 2.256323712500082068e-01 -5.507500000000161045e+00 4.000000000000000000e+02 -8.240374836651115587e+00 -1.974058912334258764e+01 9.200000000000000400e-01
-1.458087409871291484e+01 2.215916517001350339e-01 -5.510000000000161435e+00 4.000000000000000000e+02 -8.236114435834526404e+00 -1.973882872252600151e+01 1.955000000000000071e+00
-1.457513713098734875e+01 2.208824873230935959e-01 -5.512500000000161826e+00 4.000000000000000000e+02 -8.227015083753718372e+00 -1.973222937044519298e+01 1.885000000000000009e+00
-1.456939522783957486e+01 2.226188819050474443e-01 -5.515000000000162217e+00 4.000000000000000000e+02 -8.224047303066480907e+00 -1.973176158975795502e+01 9.649999999999999689e-01
-1.456368344237859525e+01 2.208415786435703465e-01 -5.517500000000162608e+00 4.000000000000000000e+02 -8.220553629746282454e+00 -1.973076791643775607e+01 6.300000000000000044e-01
-1.455799846601157910e+01 2.188540926370285411e-01 -5.520000000000162999e+00 4.000000000000000000e+02 -8.210808666429008085e+00 -1.972352295312048653e+01 1.600000000000000089e+00
-1.455230463945432717e+01 2.229989957511602783e-01 -5.522500000000163389e+00 4.000000000000000000e+02 -8.209434954632012449e+00 -1.972464924132349040e+01 1.830000000000000071e+00
-1.454664940410360074e+01 2.236164358703740251e-01 -5.525000000000163780e+00 4.000000000000000000e+02 -8.205063512329617836e+00 -1.972277779902109529e+01 1.324999999999999956e+00
-1.454101546650959875e+01 2.243159626879238089e-01 -5.527500000000164171e+00 4.000000000000000000e+02 -8.204003199213685704e+00 -1.972421748590516444e+01 3.549999999999999822e-01
-1.453542112978307443e+01 2.241938051638034946e-01 -5.530000000000164562e+00 4.000000000000000000e+02 -8.203664394917497660e+00 -1.972637868160897767e+01 1.620000000000000107e+00
-1.452986989256806005e+01 2.261895378447075777e-01 -5.532500000000164952e+00 4.000000000000000000e+02 -8.197432065789735489e+00 -1.972264635248121323e+01 1.290000000000000036e+00
-1.452432871546781179e+01 2.224684893944841590e-01 -5.535000000000165343e+00 4.000000000000000000e+02 -8.188408677107867462e+00 -1.971612296379934293e+01 1.875000000000000000e+00
-1.451878210815902115e+01 2.199957403027358038e-01 -5.537500000000165734e+00 4.000000000000000000e+02 -8.182092897236943330e+00 -1.971230718392842363e+01 1.520000000000000018e+00
-1.451324506626054145e+01 2.188095975943162297e-01 -5.540000000000166125e+00 4.000000000000000000e+02 -8.180156094525798949e+00 -1.971287038121727875e+01 1.004999999999999893e+00
-1.450774160633370080e+01 2.184351385314287075e-01 -5.542500000000166516e+00 4.000000000000000000e+02 -8.176922563888327389e+00 -1.971213685057980669e+01 1.215000000000000080e+00
-1.450226426342209685e+01 2.197843033736343321e-01 -5.545000000000166906e+00 4.000000000000000000e+02 -8.176390620357983252e+00 -1.971410490704946028e+01 1.749999999999999889e-01
-1.449682743982939925e+01 2.243749166196158662e-01 -5.547500000000167297e+00 4.000000000000000000e+02 -8.170660328377248760e+00 -1.971087461506872884e+01 1.864999999999999991e+00
-1.449140256708903252e+01 2.265805641329842191e-01 -5.550000000000167688e+00 4.000000000000000000e+02 -8.168499960804769700e+00 -1.971121424749625106e+01 1.939999999999999947e+00
-1.448600879215335802e+01 2.256573593891526008e-01 -5.552500000000168079e+00 4.000000000000000000e+02 -8.165681173153208405e+00 -1.971089545984468927e+01 2.399999999999999911e-01
-1.448064224808173783e+01 2.282267558631690396e-01 -5.555000000000168470e+00 4.000000000000000000e+02 -8.151951869295801956e+00 -1.969966615598728055e+01 1.810000000000000053e+00
-1.447524423385657499e+01 2.291548059152061223e-01 -5.557500000000168860e+00 4.000000000000000000e+02 -8.148350643129111504e+00 -1.969856492982059137e+01 2.999999999999999889e-02
-1.446986930190749021e+01 2.276599285448493992e-01 -5.560000000000169251e+00 4.000000000000000000e+02 -8.144793015107305578e+00 -1.969750730179878673e+01 5.699999999999999512e-01
-1.446451746330243715e+01 2.300240217530700459e-01 -5.562500000000169642e+00 4.000000000000000000e+02 -8.140974806088971505e+00 -1.969618909278045393e+01 3.499999999999999778e-01
-1.445918711123667144e+01 2.270566664755837571e-01 -5.565000000000170033e+00 4.000000000000000000e+02 -8.131948572878670234e+00 -1.968966285957015216e+01 2.000000000000000042e-02
-1.445385039787961290e+01 2.292689634179492508e-01 -5.567500000000170424e+00 4.000000000000000000e+02 -8.121128632854786034e+00 -1.968134291954626747e+01 1.814999999999999947e+00
-1.444849778272209306e+01 2.300584525011919179e-01 -5.570000000000170814e+00 4.000000000000000000e+02 -8.120862640862144488e+00 -1.968357692755363075e+01 1.700000000000000122e-01
-1.444318551492553837e+01 2.315213666512147828e-01 -5.572500000000171205e+00 4.000000000000000000e+02 -8.112002428151116717e+00 -1.967721671484260071e+01 1.250000000000000000e-01
-1.443786769203062725e+01 2.318727611027524005e-01 -5.575000000000171596e+00 4.000000000000000000e+02 -8.111964663163913514e+00 -1.967967894985539701e+01 1.044999999999999929e+00
-1.443259097303879734e+01 2.310896555142348541e-01 -5.577500000000171987e+00 4.000000000000000000e+02 -8.110775082949865933e+00 -1.968098936964135248e+01 9.549999999999999600e-01
-1.442734880765227778e+01 2.334072016271397099e-01 -5.580000000000172378e+00 4.000000000000000000e+02 -8.101877718507717319e+00 -1.967459200519920159e+01 1.475000000000000089e+00
-1.442210059889443663e+01 2.319693739604224147e-01 -5.582500000000172768e+00 4.000000000000000000e+02 -8.101606208242779772e+00 -1.967682049493426533e+01 1.715000000000000080e+00
-1.441689138144129423e+01 2.279802807289698086e-01 -5.585000000000173159e+00 4.000000000000000000e+02 -8.093901530613383244e+00 -1.967161581730486830e+01 4.149999999999999800e-01
-1.441168218757553809e+01 2.306491945305735314e-01 -5.587500000000173550e+00 4.000000000000000000e+02 -8.088142366193864063e+00 -1.966835665288535040e+01 1.080000000000000071e+00
-1.440648311555850292e+01 2.298460996324853955e-01 -5.590000000000173941e+00 4.000000000000000000e+02 -8.083910843698911108e+00 -1.966662513039040050e+01 1.530000000000000027e+00
-1.440130199381938780e+01 2.262034593907609192e-01 -5.592500000000174332e+00 4.000000000000000000e+02 -8.083666389009357189e+00 -1.966888067570084431e+01 8.750000000000000000e-01
-1.439615916090338565e+01 2.250373920866170219e-01 -5.595000000000174722e+00 4.000000000000000000e+02 -8.081461437737171849e+00 -1.966917572442865847e+01 6.800000000000000488e-01
-1.439104414699588830e+01 2.225769297576619399e-01 -5.597500000000175113e+00 4.000000000000000000e+02 -8.080360617392768674e+00 -1.967057490408425480e+01 1.995000000000000107e+00
-1.438596226074093920e+01 2.187677386645267286e-01 -5.600000000000175504e+00 4.000000000000000000e+02 -8.069478478089598283e+00 -1.966219276478108924e+01 1.235000000000000098e+00
-1.438086361802382918e+01 2.174769027298599222e-01 -5.602500000000175895e+00 4.000000000000000000e+02 -8.049990956580218793e+00 -1.964520524327170747e+01 7.850000000000000311e-01
-1.437570415343492058e+01 2.145015376713590438e-01 -5.605000000000176286e+00 4.000000000000000000e+02 -8.047064143780122691e+00 -1.964477843047161087e+01 1.554999999999999938e+00
-1.437056898666572913e+01 2.131536691360567670e-01 -5.607500000000176676e+00 4.000000000000000000e+02 -8.044372405881189181e+00 -1.964458669257268042e+01 9.399999999999999467e-01
-1.436545907799818700e+01 2.170210398654477679e-01 -5.610000000000177067e+00 4.000000000000000000e+02 -8.041592411646877991e+00 -1.964430669833836873e+01 7.900000000000000355e-01
-1.436037372774920229e+01 2.149130159192997047e-01 -5.612500000000177458e+00 4.000000000000000000e+02 -8.024985999283964944e+00 -1.963020028597545519e+01 1.465000000000000080e+00
-1.435524241272596946e+01 2.145079859607895989e-01 -5.615000000000177849e+00 4.000000000000000000e+02 -8.020665685900995712e+00 -1.962837997259248368e+01 2.999999999999999889e-01
-1.435012801609914668e+01 2.159414132604954017e-01 -5.617500000000178240e+00 4.000000000000000000e+02 -8.012427043840885332e+00 -1.962264133053237458e+01 9.949999999999999956e-01
-1.434501043399481013e+01 2.174104233190303770e-01 -5.620000000000178630e+00 4.000000000000000000e+02 -7.993209275969149985e+00 -1.960592356266064229e+01 1.504999999999999893e+00
-1.433983329563021947e+01 2.162750333717386175e-01 -5.622500000000179021e+00 4.000000000000000000e+02 -7.987957518630231846e+00 -1.960317180532172188e+01 7.449999999999999956e-01
-1.433466866625401792e+01 2.205847042142830283e-01 -5.625000000000179412e+00 4.000000000000000000e+02 -7.969325914093855268e+00 -1.958704020078534569e+01 4.749999999999999778e-01
-1.432944723321920755e+01 2.196472834666080010e-01 -5.627500000000179803e+00 4.000000000000000000e+02 -7.967876782007574654e+00 -1.958809106869906813e+01 1.715000000000000080e+00
-1.432425836353191428e+01 2.191136479701837614e-01 -5.630000000000180194e+00 4.000000000000000000e+02 -7.966334251109748799e+00 -1.958904853780124355e+01 7.650000000000000133e-01
-1.431910120674089448e+01 2.179766946678713124e-01 -5.632500000000180584e+00 4.000000000000000000e+02 -7.964006170120129013e+00 -1.958922045681162416e+01 2.349999999999999867e-01
-1.431397138954686632e+01 2.181008400946559123e-01 -5.635000000000180975e+00 4.000000000000000000e+02 -7.948734144006377456e+00 -1.957644843069786944e+01 1.014999999999999902e+00
-1.430880232057216439e+01 2.176687396661728946e-01 -5.637500000000181366e+00 4.000000000000000000e+02 -7.947965177814631410e+00 -1.957817946450612467e+01 1.100000000000000089e+00
-1.430366870485484476e+01 2.174817635438458796e-01 -5.640000000000181757e+00 4.000000000000000000e+02 -7.934336239172361971e+00 -1.956705052586385563e+01 3.099999999999999978e-01
-1.429850429858410266e+01 2.191959906982591799e-01 -5.642500000000182148e+00 4.000000000000000000e+02 -7.933011055700215586e+00 -1.956822534239170963e+01 1.360000000000000098e+00
-1.429337244349154723e+01 2.197831133009481019e-01 -5.645000000000182538e+00 4.000000000000000000e+02 -7.932330791736178277e+00 -1.957004507842767183e+01 1.284999999999999920e+00
-1.428827604881034041e+01 2.210795084823456436e-01 -5.647500000000182929e+00 4.000000000000000000e+02 -7.929108960293225650e+00 -1.956932324698472314e+01 1.524999999999999911e+00
-1.428320184359228406e+01 2.187710671759083847e-01 -5.650000000000183320e+00 4.000000000000000000e+02 -7.928261890947780444e+00 -1.957097617763927744e+01 1.264999999999999902e+00
-1.427816157309281841e+01 2.173559702421853090e-01 -5.652500000000183711e+00 4.000000000000000000e+02 -7.927536528420434436e+00 -1.957275081511193093e+01 1.985000000000000098e+00
-1.427315544925378887e+01 2.162232215528813728e-01 -5.655000000000184102e+00 4.000000000000000000e+02 -7.927352912094466575e+00 -1.957506719878596257e+01 4.499999999999999833e-02
-1.426818575830466962e+01 2.170748619874824648e-01 -5.657500000000184492e+00 4.000000000000000000e+02 -7.923803990884541015e+00 -1.957401827757603741e+01 1.885000000000000009e+00
-1.426323546616683302e+01 2.172023640002700984e-01 -5.660000000000184883e+00 4.000000000000000000e+02 -7.923125881180318686e+00 -1.957584016787181724e+01 1.479999999999999982e+00
-1.425831850304453319e+01 2.167253847315442628e-01 -5.662500000000185274e+00 4.000000000000000000e+02 -7.921449399285960702e+00 -1.957666368597745787e+01 1.500000000000000000e+00
-1.425342961611062975e+01 2.169519331472333501e-01 -5.665000000000185665e+00 4.000000000000000000e+02 -7.921422483624205313e+00 -1.957913677031570288e+01 8.549999999999999822e-01
-1.424857650198648429e+01 2.144226767217588814e-01 -5.667500000000186056e+00 4.000000000000000000e+02 -7.918118704330025182e+00 -1.957833299102152580e+01 1.574999999999999956e+00
-1.424374295268980184e+01 2.156634473660265783e-01 -5.670000000000186446e+00 4.000000000000000000e+02 -7.917445648448243389e+00 -1.958015993513974351e+01 1.379999999999999893e+00
-1.423894141333106589e+01 2.117850160521644598e-01 -5.672500000000186837e+00 4.000000000000000000e+02 -7.917319008010460735e+00 -1.958253329470196036e+01 1.700000000000000122e-01
-1.423417411954356382e+01 2.137360474903730323e-01 -5.675000000000187228e+00 4.000000000000000000e+02 -7.909455733423568446e+00 -1.957717002011506935e+01 5.200000000000000178e-01
-1.422940399046141557e+01 2.107829856622874809e-01 -5.677500000000187619e+00 4.000000000000000000e+02 -7.903503513593335583e+00 -1.957371780028483599e+01 1.185000000000000053e+00
-1.422464012889512830e+01 2.117513676433947500e-01 -5.680000000000188010e+00 4.000000000000000000e+02 -7.899033369255133330e+00 -1.957174765594663413e+01 1.310000000000000053e+00
-1.421988952611915558e+01 2.163388782947476552e-01 -5.682500000000188400e+00 4.000000000000000000e+02 -7.879832602646851925e+00 -1.955504688933835311e+01 5.000000000000000104e-03
-1.421508194936261837e+01 2.131954884879409540e-01 -5.685000000000188791e+00 4.000000000000000000e+02 -7.877138145619707821e+00 -1.955485243231120762e+01 5.050000000000000044e-01
-1.421029644659761537e+01 2.109138525325203739e-01 -5.687500000000189182e+00 4.000000000000000000e+02 -7.875695949983249733e+00 -1.955591023667475170e+01 1.604999999999999982e+00
-1.420553875923460296e+01 2.106907391462952417e-01 -5.690000000000189573e+00 4.000000000000000000e+02 -7.875126046246237799e+00 -1.955784033293774016e+01 8.349999999999999645e-01
-1.420081270927632389e+01 2.140151054354584859e-01 -5.692500000000189964e+00 4.000000000000000000e+02 -7.870345341621200141e+00 -1.955555962831270378e+01 2.800000000000000266e-01
-1.419609817485707381e+01 2.114254687184127235e-01 -5.695000000000190354e+00 4.000000000000000000e+02 -7.866498583202153227e+00 -1.955421286989365370e+01 1.155000000000000027e+00
-1.419139945404689307e+01 2.115170492191816021e-01 -5.697500000000190745e+00 4.000000000000000000e+02 -7.864254550422550949e+00 -1.955446883711405448e+01 7.199999999999999734e-01
-1.418672390214759105e+01 2.122292126904386234e-01 -5.700000000000191136e+00 4.000000000000000000e+02 -7.860759050370028866e+00 -1.955347333706153279e+01 1.165000000000000036e+00
-1.418206548495931507e+01 2.095488556144247949e-01 -5.702500000000191527e+00 4.000000000000000000e+02 -7.857876423247648567e+00 -1.955309070993915199e+01 7.600000000000000089e-01
-1.417742689763544206e+01 2.103494722889580615e-01 -5.705000000000191918e+00 4.000000000000000000e+02 -7.853938544363586516e+00 -1.955165283105509033e+01 1.314999999999999947e+00
-1.417280309912589864e+01 2.089041903503376929e-01 -5.707500000000192308e+00 4.000000000000000000e+02 -7.845743397191426105e+00 -1.954595768388293209e+01 8.349999999999999645e-01
-1.416817435571466710e+01 2.059942267908668190e-01 -5.710000000000192699e+00 4.000000000000000000e+02 -7.838213791972152400e+00 -1.954092807866365789e+01 1.074999999999999956e+00
-1.416354376073527632e+01 2.060241090610400727e-01 -5.712500000000193090e+00 4.000000000000000000e+02 -7.834468551080407295e+00 -1.953968283777191317e+01 1.090000000000000080e+00
-1.415892877939874239e+01 2.072066926741939763e-01 -5.715000000000193481e+00 4.000000000000000000e+02 -7.832599954570457434e+00 -1.954031424126196370e+01 1.179999999999999938e+00
-1.415433789128181097e+01 2.069739171834544811e-01 -5.717500000000193872e+00 4.000000000000000000e+02 -7.830619344778425805e+00 -1.954083363146993335e+01 1.215000000000000080e+00
-1.414977035067676603e+01 2.028304884104990546e-01 -5.720000000000194262e+00 4.000000000000000000e+02 -7.826856051892160160e+00 -1.953957033858366898e+01 6.400000000000000133e-01
-1.414521784320535680e+01 2.003934769761336332e-01 -5.722500000000194653e+00 4.000000000000000000e+02 -7.822794902127294669e+00 -1.953800918881880122e+01 1.649999999999999911e+00
-1.414067890275096495e+01 2.010130740663901572e-01 -5.725000000000195044e+00 4.000000000000000000e+02 -7.818071324545448952e+00 -1.953578561123695678e+01 1.794999999999999929e+00
-1.413615043570166030e+01 2.023410938600345155e-01 -5.727500000000195435e+00 4.000000000000000000e+02 -7.816393769949746329e+00 -1.953660805664125633e+01 1.594999999999999973e+00
-1.413164608102254860e+01 2.009419899859255787e-01 -5.730000000000195826e+00 4.000000000000000000e+02 -7.815674150567209821e+00 -1.953838843725871754e+01 5.000000000000000104e-03
-1.412716988318555522e+01 2.029781293695882560e-01 -5.732500000000196216e+00 4.000000000000000000e+02 -7.814614876612741234e+00 -1.953982916330425113e+01 1.400000000000000133e-01
-1.412272003380239838e+01 2.043709329878515280e-01 -5.735000000000196607e+00 4.000000000000000000e+02 -7.809462980310634350e+00 -1.953717726700214286e+01 4.500000000000000111e-01
-1.411827816012496051e+01 2.011584949513421650e-01 -5.737500000000196998e+00 4.000000000000000000e+02 -7.804673112716766781e+00 -1.953488739940827656e+01 3.250000000000000111e-01
-1.411384581397840421e+01 2.019798221071409661e-01 -5.740000000000197389e+00 4.000000000000000000e+02 -7.804084094570483465e+00 -1.953679838126199542e+01 3.549999999999999822e-01
-1.410944143304192977e+01 2.017117485622811901e-01 -5.742500000000197780e+00 4.000000000000000000e+02 -7.800626037245510069e+00 -1.953584032393701975e+01 2.500000000000000000e-01
-1.410505217169564673e+01 2.019777122647240242e-01 -5.745000000000198170e+00 4.000000000000000000e+02 -7.792668920008797073e+00 -1.953038320670030714e+01 7.800000000000000266e-01
-1.410065823103516891e+01 2.028486508738225891e-01 -5.747500000000198561e+00 4.000000000000000000e+02 -7.792264351105726128e+00 -1.953247863779723659e+01 8.199999999999999512e-01
-1.409629265002230802e+01 2.004011402950354181e-01 -5.750000000000198952e+00 4.000000000000000000e+02 -7.790127129705011200e+00 -1.953284141639652205e+01 1.949999999999999956e+00
-1.409194761764730863e+01 1.999653108222770592e-01 -5.752500000000199343e+00 4.000000000000000000e+02 -7.788794062726292822e+00 -1.953400834941780317e+01 1.435000000000000053e+00
-1.408762641752778855e+01 1.967940958883010183e-01 -5.755000000000199734e+00 4.000000000000000000e+02 -7.783983124570567291e+00 -1.953169741126207981e+01 1.235000000000000098e+00
-1.408331387674178004e+01 1.960922935954464985e-01 -5.757500000000200124e+00 4.000000000000000000e+02 -7.782298801658111387e+00 -1.953251308834962430e+01 1.870000000000000107e+00
-1.407902334773969599e+01 1.976736460243697646e-01 -5.760000000000200515e+00 4.000000000000000000e+02 -7.780245105016903473e+00 -1.953295939170841677e+01 1.080000000000000071e+00
-1.407475305096619245e+01 1.977331065161322399e-01 -5.762500000000200906e+00 4.000000000000000000e+02 -7.770633564875934596e+00 -1.952584785156744829e+01 6.450000000000000178e-01
-1.407047062996673326e+01 1.989081888683884303e-01 -5.765000000000201297e+00 4.000000000000000000e+02 -7.765085862724472321e+00 -1.952280014941598552e+01 9.300000000000000488e-01
-1.406619348200538866e+01 1.951968552694113290e-01 -5.767500000000201688e+00 4.000000000000000000e+02 -7.763623483187243046e+00 -1.952383776987875663e+01 4.849999999999999867e-01
-1.406193895763380652e+01 1.925487765234569215e-01 -5.770000000000202078e+00 4.000000000000000000e+02 -7.763394650446287848e+00 -1.952610893713780271e+01 1.489999999999999991e+00
-1.405771204818059417e+01 1.928581716818554281e-01 -5.772500000000202469e+00 4.000000000000000000e+02 -7.756935619255319381e+00 -1.952214990594683286e+01 6.800000000000000488e-01
-1.405348626848416238e+01 1.917799070232194258e-01 -5.775000000000202860e+00 4.000000000000000000e+02 -7.755835865379889782e+00 -1.952355015207140454e+01 6.500000000000000222e-01
-1.404928414663991276e+01 1.934957298469885123e-01 -5.777500000000203251e+00 4.000000000000000000e+02 -7.751894801796510137e+00 -1.952210908848802617e+01 4.349999999999999978e-01
-1.404509358685368703e+01 1.943035345749454801e-01 -5.780000000000203642e+00 4.000000000000000000e+02 -7.749816763668483155e+00 -1.952253105036000136e+01 6.850000000000000533e-01
-1.404092227144091964e+01 1.968745371965563429e-01 -5.782500000000204032e+00 4.000000000000000000e+02 -7.749081013645167104e+00 -1.952429530033668215e+01 6.300000000000000044e-01
-1.403677559069789105e+01 1.961535302253126778e-01 -5.785000000000204423e+00 4.000000000000000000e+02 -7.742320642247110030e+00 -1.952003492893862813e+01 1.199999999999999956e+00
-1.403262843946548166e+01 1.955497665747146785e-01 -5.787500000000204814e+00 4.000000000000000000e+02 -7.740722720062819029e+00 -1.952093700675433752e+01 1.985000000000000098e+00
-1.402850213233917209e+01 1.962156768562763609e-01 -5.790000000000205205e+00 4.000000000000000000e+02 -7.740019687237822410e+00 -1.952273397392934129e+01 8.399999999999999689e-01
-1.402440014430620963e+01 1.967224665009478235e-01 -5.792500000000205596e+00 4.000000000000000000e+02 -7.739480829032681086e+00 -1.952469511572419947e+01 2.250000000000000056e-01
-1.402032290143360349e+01 1.929222031429000672e-01 -5.795000000000205986e+00 4.000000000000000000e+02 -7.739362092019846706e+00 -1.952707637871136370e+01 1.094999999999999973e+00
-1.401627185351107840e+01 1.950511966162652433e-01 -5.797500000000206377e+00 4.000000000000000000e+02 -7.738967436210682393e+00 -1.952918172290220156e+01 1.830000000000000071e+00
-1.401224561883033815e+01 1.988641158822254396e-01 -5.800000000000206768e+00 4.000000000000000000e+02 -7.737641626959483432e+00 -1.953035591365100387e+01 1.334999999999999964e+00
-1.400824022616552256e+01 1.970662356045760066e-01 -5.802500000000207159e+00 4.000000000000000000e+02 -7.736573909794403292e+00 -1.953178819648592324e+01 7.600000000000000089e-01
-1.400425651120967885e+01 1.972771812160003801e-01 -5.805000000000207550e+00 4.000000000000000000e+02 -7.735778382671176345e+00 -1.953349266936269402e+01 5.949999999999999734e-01
-1.400029534735367243e+01 1.984919626632326572e-01 -5.807500000000207940e+00 4.000000000000000000e+02 -7.707728729129690315e+00 -1.950794301582121193e+01 1.739999999999999991e+00
-1.399624791290584724e+01 1.962151991087028868e-01 -5.810000000000208331e+00 4.000000000000000000e+02 -7.688281068019405140e+00 -1.949099535471092537e+01 1.360000000000000098e+00
-1.399214803498509063e+01 1.937660043100231377e-01 -5.812500000000208722e+00 4.000000000000000000e+02 -7.679881656565959780e+00 -1.948509594325748040e+01 1.499999999999999944e-02
-1.398804078769847337e+01 1.946125600773996600e-01 -5.815000000000209113e+00 4.000000000000000000e+02 -7.674018146202236323e+00 -1.948173243289375733e+01 1.745000000000000107e+00
-1.398393658772996950e+01 1.931665173292220761e-01 -5.817500000000209504e+00 4.000000000000000000e+02 -7.670715034996751669e+00 -1.948092932168827218e+01 2.849999999999999756e-01
-1.397984588612468215e+01 1.912955660139434855e-01 -5.820000000000209894e+00 4.000000000000000000e+02 -7.670705565553610938e+00 -1.948341985224513451e+01 4.000000000000000222e-01
-1.397578196353036795e+01 1.883835791804222559e-01 -5.822500000000210285e+00 4.000000000000000000e+02 -7.668319111501832097e+00 -1.948353339819335517e+01 1.300000000000000044e-01
-1.397173494819896966e+01 1.860094243150288429e-01 -5.825000000000210676e+00 4.000000000000000000e+02 -7.665944857200570617e+00 -1.948365914389209408e+01 1.540000000000000036e+00
-1.396770475099834741e+01 1.855385467327226312e-01 -5.827500000000211067e+00 4.000000000000000000e+02 -7.665883549260712471e+00 -1.948609783595223632e+01 1.514999999999999902e+00
-1.396370048859447621e+01 1.857147011812073922e-01 -5.830000000000211458e+00 4.000000000000000000e+02 -7.663334964600571730e+00 -1.948604925129209775e+01 6.750000000000000444e-01
-1.395971200299181803e+01 1.850319866068123320e-01 -5.832500000000211848e+00 4.000000000000000000e+02 -7.662341511846128661e+00 -1.948755579853765241e+01 9.499999999999999556e-01
-1.395574533084990776e+01 1.863446962302316157e-01 -5.835000000000212239e+00 4.000000000000000000e+02 -7.659477996843484959e+00 -1.948719228353500910e+01 1.125000000000000000e+00
-1.395179289737564154e+01 1.837261523025441601e-01 -5.837500000000212630e+00 4.000000000000000000e+02 -7.658620819115838252e+00 -1.948883510580736456e+01 1.975000000000000089e+00
-1.394786247374134902e+01 1.848286269746245436e-01 -5.840000000000213021e+00 4.000000000000000000e+02 -7.639579995848913008e+00 -1.947229428254043881e+01 9.250000000000000444e-01
-1.394388227119586432e+01 1.860270574431985846e-01 -5.842500000000213412e+00 4.000000000000000000e+02 -7.633759017586752904e+00 -1.946897330427827910e+01 1.175000000000000044e+00
-1.393990468642223490e+01 1.866707693551400982e-01 -5.845000000000213802e+00 4.000000000000000000e+02 -7.630854228056712429e+00 -1.946856851474823813e+01 1.004999999999999893e+00
-1.393594125931320171e+01 1.848432395108726700e-01 -5.847500000000214193e+00 4.000000000000000000e+02 -7.627512936460253634e+00 -1.946772722315177973e+01 1.400000000000000133e-01
-1.393199016288772540e+01 1.859904336945675252e-01 -5.850000000000214584e+00 4.000000000000000000e+02 -7.623329061783474359e+00 -1.946604334847500439e+01 1.030000000000000027e+00
-1.392804799671296223e+01 1.846404418624285337e-01 -5.852500000000214975e+00 4.000000000000000000e+02 -7.620785281906045761e+00 -1.946599956859757441e+01 7.349999999999999867e-01
-1.392412113863236378e+01 1.865729327862125086e-01 -5.855000000000215366e+00 4.000000000000000000e+02 -7.620424445475104669e+00 -1.946813873216663282e+01 7.600000000000000089e-01
-1.392021798256996590e+01 1.893575969028334638e-01 -5.857500000000215756e+00 4.000000000000000000e+02 -7.618903970744936416e+00 -1.946911825743646318e+01 8.549999999999999822e-01
-1.391633380104967621e+01 1.885569328760769436e-01 -5.860000000000216147e+00 4.000000000000000000e+02 -7.604607934725829743e+00 -1.945732222141736045e+01 1.465000000000000080e+00
-1.391241882687505083e+01 1.900406899870443200e-01 -5.862500000000216538e+00 4.000000000000000000e+02 -7.602827054728585665e+00 -1.945804134142011321e+01 2.849999999999999756e-01
-1.390852191786570380e+01 1.898321387564196328e-01 -5.865000000000216929e+00 4.000000000000000000e+02 -7.600076379587870967e+00 -1.945779066627940068e+01 1.334999999999999964e+00
-1.390463916452547721e+01 1.896199882840836071e-01 -5.867500000000217319e+00 4.000000000000000000e+02 -7.597224048493878890e+00 -1.945743833518540811e+01 3.250000000000000111e-01
-1.390077006833798556e+01 1.910458699247018499e-01 -5.870000000000217710e+00 4.000000000000000000e+02 -7.591823927973477382e+00 -1.945453821466500699e+01 6.099999999999999867e-01
-1.389690471216187539e+01 1.931783925051713258e-01 -5.872500000000218101e+00 4.000000000000000000e+02 -7.588073228022014227e+00 -1.945328751471354423e+01 7.700000000000000178e-01
-1.389304942993085135e+01 1.919938177838983184e-01 -5.875000000000218492e+00 4.000000000000000000e+02 -7.585768013385004949e+00 -1.945348230007653711e+01 1.175000000000000044e+00
-1.388920970039880132e+01 1.959486218141584801e-01 -5.877500000000218883e+00 4.000000000000000000e+02 -7.585525535441162148e+00 -1.945573982213269204e+01 6.650000000000000355e-01
-1.388539326695268805e+01 1.988799928224270486e-01 -5.880000000000219273e+00 4.000000000000000000e+02 -7.584681188909921268e+00 -1.945739547560145510e+01 1.590000000000000080e+00
-1.388159762085151883e+01 1.980397554345615097e-01 -5.882500000000219664e+00 4.000000000000000000e+02 -7.579753271029022521e+00 -1.945496755772055408e+01 3.800000000000000044e-01
-1.387780715279423660e+01 1.986624223249368326e-01 -5.885000000000220055e+00 4.000000000000000000e+02 -7.576885345478235223e+00 -1.945459963216976718e+01 1.479999999999999982e+00
-1.387402961116953115e+01 1.991361673620303807e-01 -5.887500000000220446e+00 4.000000000000000000e+02 -7.570879916424439138e+00 -1.945109420311597148e+01 1.794999999999999929e+00
-1.387025309538328166e+01 1.991037311809913113e-01 -5.890000000000220837e+00 4.000000000000000000e+02 -7.565695313730677718e+00 -1.944840960042221312e+01 7.550000000000000044e-01
-1.386648069320958676e+01 1.975201478359551177e-01 -5.892500000000221227e+00 4.000000000000000000e+02 -7.561982764914950472e+00 -1.944719705160648360e+01 9.749999999999999778e-01
-1.386271791736063363e+01 1.959033597911658819e-01 -5.895000000000221618e+00 4.000000000000000000e+02 -7.557309720787802831e+00 -1.944502400747933635e+01 1.489999999999999991e+00
-1.385896110735032849e+01 1.960572217792853900e-01 -5.897500000000222009e+00 4.000000000000000000e+02 -7.554833661629873021e+00 -1.944504794832140959e+01 6.949999999999999512e-01
-1.385521844759017185e+01 1.961431333286094980e-01 -5.900000000000222400e+00 4.000000000000000000e+02 -7.554555170449639867e+00 -1.944726945714117505e+01 6.300000000000000044e-01
-1.385149800190165870e+01 1.955230411804805835e-01 -5.902500000000222791e+00 4.000000000000000000e+02 -7.549086977060795789e+00 -1.944430126375232959e+01 4.799999999999999822e-01
-1.384778034868063834e+01 1.940998097120802124e-01 -5.905000000000223181e+00 4.000000000000000000e+02 -7.548927915924048548e+00 -1.944664220261558540e+01 1.419999999999999929e+00
-1.384408510967220529e+01 1.923618187491994147e-01 -5.907500000000223572e+00 4.000000000000000000e+02 -7.538649855994008497e+00 -1.943886414268554574e+01 6.650000000000000355e-01
-1.384037478083541650e+01 1.917831807758754170e-01 -5.910000000000223963e+00 4.000000000000000000e+02 -7.536253537032464145e+00 -1.943896782372400267e+01 4.949999999999999956e-01
-1.383667855020615711e+01 1.906018609317710610e-01 -5.912500000000224354e+00 4.000000000000000000e+02 -7.534581779509335497e+00 -1.943979606620087353e+01 1.205000000000000071e+00
-1.383299897463698080e+01 1.899507719536123740e-01 -5.915000000000224745e+00 4.000000000000000000e+02 -7.532091989479557270e+00 -1.943980627617109391e+01 4.600000000000000200e-01
-1.382933292608504061e+01 1.943930801927521157e-01 -5.917500000000225135e+00 4.000000000000000000e+02 -7.530949577287112007e+00 -1.944116386397865170e+01 1.925000000000000044e+00
-1.382568521478065549e+01 1.942945902651926904e-01 -5.920000000000225526e+00 4.000000000000000000e+02 -7.528612300286282810e+00 -1.944132658697782290e+01 2.449999999999999956e-01
-1.382205135121726869e+01 1.952135072074929201e-01 -5.922500000000225917e+00 4.000000000000000000e+02 -7.526660575202593684e+00 -1.944187486189413150e+01 1.659999999999999920e+00
-1.381843262583321774e+01 1.952110769357893183e-01 -5.925000000000226308e+00 4.000000000000000000e+02 -7.526378902927929992e+00 -1.944409318961946909e+01 1.544999999999999929e+00
-1.381483492377368272e+01 1.956437410053909476e-01 -5.927500000000226699e+00 4.000000000000000000e+02 -7.524011979361270974e+00 -1.944422626605280868e+01 1.270000000000000018e+00
-1.381125059495572849e+01 1.961026633984012391e-01 -5.930000000000227089e+00 4.000000000000000000e+02 -7.520403665104892887e+00 -1.944311795179643454e+01 9.699999999999999734e-01
-1.380767511418264348e+01 1.959815039670490810e-01 -5.932500000000227480e+00 4.000000000000000000e+02 -7.506188461573810145e+00 -1.943140274826534863e+01 1.314999999999999947e+00
-1.380407046382333647e+01 1.975875222689148780e-01 -5.935000000000227871e+00 4.000000000000000000e+02 -7.504745190230062590e+00 -1.943245947692160058e+01 1.650000000000000078e-01
-1.380048254696753318e+01 1.951447742328736579e-01 -5.937500000000228262e+00 4.000000000000000000e+02 -7.503788981892695276e+00 -1.943400326858423455e+01 6.500000000000000222e-02
-1.379691296235444398e+01 1.942330869444678920e-01 -5.940000000000228653e+00 4.000000000000000000e+02 -7.498170434993792988e+00 -1.943088472168533443e+01 8.999999999999999667e-02
-1.379334498452741187e+01 1.986044056908045641e-01 -5.942500000000229043e+00 4.000000000000000000e+02 -7.497595069521302058e+00 -1.943280935621284300e+01 1.445000000000000062e+00
-1.378979651586290522e+01 1.963162736922619556e-01 -5.945000000000229434e+00 4.000000000000000000e+02 -7.495928169232772831e+00 -1.943364245592431416e+01 6.550000000000000266e-01
-1.378626353367141988e+01 1.956098005242420390e-01 -5.947500000000229825e+00 4.000000000000000000e+02 -7.484166354460015214e+00 -1.942438064115155782e+01 2.000000000000000111e-01
-1.378271028954941535e+01 1.965817114716688907e-01 -5.950000000000230216e+00 4.000000000000000000e+02 -7.478568813530700687e+00 -1.942128310022224369e+01 1.114999999999999991e+00
-1.377915866141182910e+01 1.972763271819193143e-01 -5.952500000000230607e+00 4.000000000000000000e+02 -7.478420781908149628e+00 -1.942363506859969391e+01 2.500000000000000000e-01
-1.377562790202106591e+01 1.958818887347280602e-01 -5.955000000000230997e+00 4.000000000000000000e+02 -7.472096868497422939e+00 -1.941981115518896672e+01 3.350000000000000200e-01
-1.377209610924818328e+01 1.945337569749902851e-01 -5.957500000000231388e+00 4.000000000000000000e+02 -7.469554573525185148e+00 -1.941976886021672755e+01 1.695000000000000062e+00
-1.376857659755646068e+01 1.941078469998911704e-01 -5.960000000000231779e+00 4.000000000000000000e+02 -7.467724954046721209e+00 -1.942043924073826844e+01 6.450000000000000178e-01
-1.376507177563212814e+01 1.964551745821304929e-01 -5.962500000000232170e+00 4.000000000000000000e+02 -7.465454813529280642e+00 -1.942066910022082737e+01 4.450000000000000067e-01
-1.376157999590567016e+01 2.004604451817950939e-01 -5.965000000000232561e+00 4.000000000000000000e+02 -7.464774685432934653e+00 -1.942248897212448000e+01 1.534999999999999920e+00
-1.375810668203854448e+01 1.970824499503491534e-01 -5.967500000000232951e+00 4.000000000000000000e+02 -7.462237336335751259e+00 -1.942245162302729611e+01 1.790000000000000036e+00
-1.375464526128088316e+01 1.969549132699061345e-01 -5.970000000000233342e+00 4.000000000000000000e+02 -7.462170923351110652e+00 -1.942488521004265678e+01 9.000000000000000222e-01
-1.375120415063479129e+01 1.998023340094657874e-01 -5.972500000000233733e+00 4.000000000000000000e+02 -7.459806599129094273e+00 -1.942502088582063990e+01 1.064999999999999947e+00
-1.374777530508148082e+01 2.013750568756852710e-01 -5.975000000000234124e+00 4.000000000000000000e+02 -7.457705562870646787e+00 -1.942541984956219281e+01 1.799999999999999933e-01
-1.374435953705956237e+01 2.014239581110807975e-01 -5.977500000000234515e+00 4.000000000000000000e+02 -7.454308648825464623e+00 -1.942452293551701104e+01 1.239999999999999991e+00
-1.374095234740937066e+01 1.995096158016770316e-01 -5.980000000000234905e+00 4.000000000000000000e+02 -7.451684053211628189e+00 -1.942439833990317766e+01 5.550000000000000488e-01
-1.373755630490395241e+01 2.011302252383110056e-01 -5.982500000000235296e+00 4.000000000000000000e+02 -7.451072396766201145e+00 -1.942628668345775012e+01 3.049999999999999933e-01
-1.373417813086652473e+01 1.996116155401141401e-01 -5.985000000000235687e+00 4.000000000000000000e+02 -7.448863645058350968e+00 -1.942657793174989678e+01 5.699999999999999512e-01
-1.373081230926149310e+01 1.981794980255199845e-01 -5.987500000000236078e+00 4.000000000000000000e+02 -7.447722767900890162e+00 -1.942793705459244080e+01 4.050000000000000266e-01
-1.372746232691915047e+01 1.984955548007470982e-01 -5.990000000000236469e+00 4.000000000000000000e+02 -7.443245791028073377e+00 -1.942596007771962263e+01 1.375000000000000000e+00
-1.372411693328493953e+01 1.994867572295369595e-01 -5.992500000000236859e+00 4.000000000000000000e+02 -7.442492787460314396e+00 -1.942770707415186493e+01 7.349999999999999867e-01
-1.372078850414832729e+01 2.007457093341885879e-01 -5.995000000000237250e+00 4.000000000000000000e+02 -7.440093656947571077e+00 -1.942780794363912023e+01 1.014999999999999902e+00
-1.371747145076283303e+01 2.007303203488398358e-01 -5.997500000000237641e+00 4.000000000000000000e+02 -7.437484472928937329e+00 -1.942769875962048687e+01 1.804999999999999938e+00
-1.371416500345871547e+01 2.001401188861929303e-01 -6.000000000000238032e+00 4.000000000000000000e+02 -7.433297137996448534e+00 -1.942601142468799935e+01 5.250000000000000222e-01
-1.371086389651331494e+01 1.983105142930817466e-01 -6.002500000000238423e+00 4.000000000000000000e+02 -7.426505090147093036e+00 -1.942171937683864513e+01 1.400000000000000133e-01
-1.370755952214606310e+01 1.973295035841025891e-01 -6.005000000000238813e+00 4.000000000000000000e+02 -7.422742190032524334e+00 -1.942045647672407682e+01 2.550000000000000044e-01
-1.370426187559394116e+01 1.992743062761589690e-01 -6.007500000000239204e+00 4.000000000000000000e+02 -7.422321469434604246e+00 -1.942253575612615535e+01 1.100000000000000089e+00
-1.370098188368950431e+01 1.978963346686564984e-01 -6.010000000000239595e+00 4.000000000000000000e+02 -7.422073159868360470e+00 -1.942478744655991463e+01 3.350000000000000200e-01
-1.369771995608953219e+01 1.982241735348693745e-01 -6.012500000000239986e+00 4.000000000000000000e+02 -7.421213463870919291e+00 -1.942642775056247118e+01 8.800000000000000044e-01
-1.369447395422158564e+01 1.982692330563306238e-01 -6.015000000000240377e+00 4.000000000000000000e+02 -7.420251826771441017e+00 -1.942796611346299329e+01 1.149999999999999911e+00
-1.369124342032077912e+01 1.984287570830311764e-01 -6.017500000000240767e+00 4.000000000000000000e+02 -7.420241786911513593e+00 -1.943045607360306803e+01 7.550000000000000044e-01
-1.368803128434841554e+01 1.980905129434991085e-01 -6.020000000000241158e+00 4.000000000000000000e+02 -7.419511134416974407e+00 -1.943222542110853013e+01 4.500000000000000111e-01
-1.368483508430884754e+01 1.970652967761352126e-01 -6.022500000000241549e+00 4.000000000000000000e+02 -7.406876590268711702e+00 -1.942209087696026515e+01 1.749999999999999889e-01
-1.368161666659399245e+01 1.952008871757962005e-01 -6.025000000000241940e+00 4.000000000000000000e+02 -7.402001523167411889e+00 -1.941971580985896395e+01 4.349999999999999978e-01
-1.367840095763186703e+01 1.941015825168826703e-01 -6.027500000000242331e+00 4.000000000000000000e+02 -7.400528453503001813e+00 -1.942074274019455515e+01 5.799999999999999600e-01
-1.367519884108865824e+01 1.945633636111541720e-01 -6.030000000000242721e+00 4.000000000000000000e+02 -7.398869909592378669e+00 -1.942158419628393418e+01 2.650000000000000133e-01
-1.367200962581010337e+01 1.947098636595903931e-01 -6.032500000000243112e+00 4.000000000000000000e+02 -7.396128140885481983e+00 -1.942134242757703788e+01 6.400000000000000133e-01
-1.366882978182622566e+01 1.938429593945209251e-01 -6.035000000000243503e+00 4.000000000000000000e+02 -7.392982422857272695e+00 -1.942069670954882810e+01 1.524999999999999911e+00
-1.366565797301625373e+01 1.941877239968977653e-01 -6.037500000000243894e+00 4.000000000000000000e+02 -7.392933063427863161e+00 -1.942314735011942162e+01 1.770000000000000018e+00
-1.366250391948588749e+01 1.960307524910567534e-01 -6.040000000000244285e+00 4.000000000000000000e+02 -7.390610382565816039e+00 -1.942332466925737577e+01 9.100000000000000311e-01
-1.365936033933021143e+01 1.944891529671129160e-01 -6.042500000000244675e+00 4.000000000000000000e+02 -7.390219957454672972e+00 -1.942543424414623132e+01 1.229999999999999982e+00
-1.365623320386407435e+01 1.925254415138384079e-01 -6.045000000000245066e+00 4.000000000000000000e+02 -7.387883291027052657e+00 -1.942559757771860873e+01 5.849999999999999645e-01
-1.365311632523694385e+01 1.918447196220977868e-01 -6.047500000000245457e+00 4.000000000000000000e+02 -7.385691115391960437e+00 -1.942590540208351868e+01 1.870000000000000107e+00
-1.365001008620283862e+01 1.936506605177241436e-01 -6.050000000000245848e+00 4.000000000000000000e+02 -7.381520304813816935e+00 -1.942423459150537468e+01 3.649999999999999911e-01
-1.364690829585103060e+01 1.926984480484262297e-01 -6.052500000000246239e+00 4.000000000000000000e+02 -7.374689442133969486e+00 -1.941990372882552762e+01 1.604999999999999982e+00
-1.364380269674805390e+01 1.940010007666795322e-01 -6.055000000000246629e+00 4.000000000000000000e+02 -7.374282354534181572e+00 -1.942199664122573921e+01 2.500000000000000139e-02
-1.364071317539769268e+01 1.957976502456667822e-01 -6.057500000000247020e+00 4.000000000000000000e+02 -7.374106803436311530e+00 -1.942432109012787222e+01 1.049999999999999961e-01
-1.363764030982351017e+01 1.946335544354011182e-01 -6.060000000000247411e+00 4.000000000000000000e+02 -7.365498194633048001e+00 -1.941821248132460909e+01 1.830000000000000071e+00
-1.363455811602786660e+01 1.914029218101131469e-01 -6.062500000000247802e+00 4.000000000000000000e+02 -7.363306719241270670e+00 -1.941852100593283126e+01 1.020000000000000018e+00
-1.363148633937777632e+01 1.900662258744313937e-01 -6.065000000000248193e+00 4.000000000000000000e+02 -7.359978458206454022e+00 -1.941769274489801234e+01 1.445000000000000062e+00
-1.362842143604327028e+01 1.891574413291051693e-01 -6.067500000000248583e+00 4.000000000000000000e+02 -7.357425012276012311e+00 -1.941763929896757190e+01 1.989999999999999991e+00
-1.362536573458469924e+01 1.881081617805730188e-01 -6.070000000000248974e+00 4.000000000000000000e+02 -7.356037283686225337e+00 -1.941875157037778621e+01 1.814999999999999947e+00
-1.362232272338387062e+01 1.886199605216592745e-01 -6.072500000000249365e+00 4.000000000000000000e+02 -7.355044740229170763e+00 -1.942025902692073203e+01 1.024999999999999911e+00
-1.361929350694548191e+01 1.885249784290421449e-01 -6.075000000000249756e+00 4.000000000000000000e+02 -7.353280510798064995e+00 -1.942099479748962665e+01 1.239999999999999991e+00
-1.361627565686520391e+01 1.895977446263192867e-01 -6.077500000000250147e+00 4.000000000000000000e+02 -7.352061597206315469e+00 -1.942227588389787840e+01 7.149999999999999689e-01
-1.361327073305353608e+01 1.899133185831251291e-01 -6.080000000000250537e+00 4.000000000000000000e+02 -7.347397322613662851e+00 -1.942011160930522706e+01 1.965000000000000080e+00
-1.361026833048046569e+01 1.903036364831766358e-01 -6.082500000000250928e+00 4.000000000000000000e+02 -7.338831638851729622e+00 -1.941404592554329156e+01 1.949999999999999956e+00
-1.360725673045935658e+01 1.898609996311461101e-01 -6.085000000000251319e+00 4.000000000000000000e+02 -7.334687362753837370e+00 -1.941240164944539970e+01 1.000000000000000056e-01
-1.360424923927534202e+01 1.896541555243788924e-01 -6.087500000000251710e+00 4.000000000000000000e+02 -7.333440488754441766e+00 -1.941365477544600537e+01 1.000000000000000021e-02
-1.360125451547449948e+01 1.871124547152589190e-01 -6.090000000000252101e+00 4.000000000000000000e+02 -7.332556118213059193e+00 -1.941527040490462497e+01 8.900000000000000133e-01
-1.359827354611925720e+01 1.872414865817729202e-01 -6.092500000000252491e+00 4.000000000000000000e+02 -7.332341706541015469e+00 -1.941755599323258252e+01 1.409999999999999920e+00
-1.359530821174965709e+01 1.858180821777950797e-01 -6.095000000000252882e+00 4.000000000000000000e+02 -7.328938796839942427e+00 -1.941665308353150721e+01 6.750000000000000444e-01
-1.359234897782571316e+01 1.848879273180522309e-01 -6.097500000000253273e+00 4.000000000000000000e+02 -7.327402734546740071e+00 -1.941761702123830702e+01 1.225000000000000089e+00
-1.358940131368065174e+01 1.848301626158369293e-01 -6.100000000000253664e+00 4.000000000000000000e+02 -7.326619759686164635e+00 -1.941933404637773108e+01 1.004999999999999893e+00
-1.358646734734891481e+01 1.840191372675363257e-01 -6.102500000000254055e+00 4.000000000000000000e+02 -7.326037111149746650e+00 -1.942125139784131349e+01 8.499999999999999778e-01
-1.358354755944113279e+01 1.843161084448318721e-01 -6.105000000000254445e+00 4.000000000000000000e+02 -7.324361594317891466e+00 -1.942207588100945870e+01 1.849999999999999978e-01
-1.358063866771364481e+01 1.838515979057234462e-01 -6.107500000000254836e+00 4.000000000000000000e+02 -7.315091443689536455e+00 -1.941530573038110319e+01 4.099999999999999756e-01
-1.357771853870451828e+01 1.828569617515786727e-01 -6.110000000000255227e+00 4.000000000000000000e+02 -7.314004729353041689e+00 -1.941671901604460970e+01 8.399999999999999689e-01
-1.357481101810859592e+01 1.857549270316098122e-01 -6.112500000000255618e+00 4.000000000000000000e+02 -7.308889903465427551e+00 -1.941410419015699773e+01 9.849999999999999867e-01
-1.357190434716860139e+01 1.851348529811261134e-01 -6.115000000000256009e+00 4.000000000000000000e+02 -7.308669130377837497e+00 -1.941638341706940452e+01 1.770000000000000018e+00
-1.356901268919275338e+01 1.827488057589943260e-01 -6.117500000000256399e+00 4.000000000000000000e+02 -7.306489499168284496e+00 -1.941670378585985191e+01 1.550000000000000044e+00
-1.356613029104724610e+01 1.832199784938941256e-01 -6.120000000000256790e+00 4.000000000000000000e+02 -7.304077910967171405e+00 -1.941679219765874365e+01 2.700000000000000178e-01
-1.356325643097731692e+01 1.825992664703412760e-01 -6.122500000000257181e+00 4.000000000000000000e+02 -7.296228030977872869e+00 -1.941144231766944372e+01 1.820000000000000062e+00
-1.356037545660897159e+01 1.824861689122830311e-01 -6.125000000000257572e+00 4.000000000000000000e+02 -7.294433862695834492e+00 -1.941214814938740574e+01 4.000000000000000222e-01
-1.355750478243573731e+01 1.818619494268980674e-01 -6.127500000000257963e+00 4.000000000000000000e+02 -7.294179331590956217e+00 -1.941439361828252785e+01 2.650000000000000133e-01
-1.355464873663688685e+01 1.809141672305812354e-01 -6.130000000000258353e+00 4.000000000000000000e+02 -7.290831849254407970e+00 -1.941354613594597822e+01 1.070000000000000062e+00
-1.355179841347047542e+01 1.814894763696182634e-01 -6.132500000000258744e+00 4.000000000000000000e+02 -7.284779028936011258e+00 -1.940999331562758101e+01 8.349999999999999645e-01
-1.354894609011062734e+01 1.815570531623897366e-01 -6.135000000000259135e+00 4.000000000000000000e+02 -7.283435422828214101e+00 -1.941114970951978336e+01 3.400000000000000244e-01
-1.354610516182715152e+01 1.816713356609243601e-01 -6.137500000000259526e+00 4.000000000000000000e+02 -7.267537581498102028e+00 -1.939775186818967256e+01 4.500000000000000111e-01
-1.354323412648389890e+01 1.814520064525543541e-01 -6.140000000000259917e+00 4.000000000000000000e+02 -7.267039442880316891e+00 -1.939975372957189137e+01 6.850000000000000533e-01
-1.354037702744998306e+01 1.812229851468354080e-01 -6.142500000000260307e+00 4.000000000000000000e+02 -7.260820037668000992e+00 -1.939603432435957586e+01 1.875000000000000000e+00
-1.353751746718008775e+01 1.798859447806748779e-01 -6.145000000000260698e+00 4.000000000000000000e+02 -7.260341883235666316e+00 -1.939805616992723714e+01 1.459999999999999964e+00
-1.353467181177721024e+01 1.802112638602567929e-01 -6.147500000000261089e+00 4.000000000000000000e+02 -7.259541052810947193e+00 -1.939975533950251929e+01 1.975000000000000089e+00
-1.353183904177616803e+01 1.803400559089798072e-01 -6.150000000000261480e+00 4.000000000000000000e+02 -7.257317967205299425e+00 -1.940003225389687458e+01 1.360000000000000098e+00
-1.352901505470608257e+01 1.800257769387404172e-01 -6.152500000000261871e+00 4.000000000000000000e+02 -7.256965401361603618e+00 -1.940217968805317739e+01 1.645000000000000018e+00
-1.352620505236783721e+01 1.808827073469449764e-01 -6.155000000000262261e+00 4.000000000000000000e+02 -7.256848254147233668e+00 -1.940456254083880694e+01 1.790000000000000036e+00
-1.352340958381943281e+01 1.782260966901650368e-01 -6.157500000000262652e+00 4.000000000000000000e+02 -7.256481587701887115e+00 -1.940669587439346344e+01 1.544999999999999929e+00
-1.352062784058376721e+01 1.786835874458654883e-01 -6.160000000000263043e+00 4.000000000000000000e+02 -7.251292427189106604e+00 -1.940400671388068332e+01 8.249999999999999556e-01
-1.351784635451971717e+01 1.797246732167948058e-01 -6.162500000000263434e+00 4.000000000000000000e+02 -7.250612915014778892e+00 -1.940582720170635511e+01 1.719999999999999973e+00
-1.351507762171036831e+01 1.798277503055783211e-01 -6.165000000000263825e+00 4.000000000000000000e+02 -7.248669307645432269e+00 -1.940638359433700799e+01 8.000000000000000444e-01
-1.351231806732569396e+01 1.816062466669671194e-01 -6.167500000000264215e+00 4.000000000000000000e+02 -7.242789228779054511e+00 -1.940300351547062974e+01 1.465000000000000080e+00
-1.350955680240128487e+01 1.808864494088622821e-01 -6.170000000000264606e+00 4.000000000000000000e+02 -7.236477355805652323e+00 -1.939919164249722883e+01 2.700000000000000178e-01
-1.350679263895312054e+01 1.827247462132922384e-01 -6.172500000000264997e+00 4.000000000000000000e+02 -7.234962502486549596e+00 -1.940017678917812560e+01 1.199999999999999956e-01
-1.350403880557670355e+01 1.828625393745907102e-01 -6.175000000000265388e+00 4.000000000000000000e+02 -7.233620234175757169e+00 -1.940133452086733357e+01 1.820000000000000062e+00
-1.350129570822717540e+01 1.832441792360377797e-01 -6.177500000000265779e+00 4.000000000000000000e+02 -7.230721730185746488e+00 -1.940093601687732416e+01 1.125000000000000000e+00
-1.349855902600971902e+01 1.828797300719416652e-01 -6.180000000000266169e+00 4.000000000000000000e+02 -7.226183934063967307e+00 -1.939889822075554804e+01 1.764999999999999902e+00
-1.349582425314120648e+01 1.826755788372628475e-01 -6.182500000000266560e+00 4.000000000000000000e+02 -7.219991964757795699e+00 -1.939520625144937327e+01 1.479999999999999982e+00
-1.349308686488591214e+01 1.827241811718841868e-01 -6.185000000000266951e+00 4.000000000000000000e+02 -7.217841075133391016e+00 -1.939555536182496809e+01 1.879999999999999893e+00
-1.349035790105011579e+01 1.830880509979077586e-01 -6.187500000000267342e+00 4.000000000000000000e+02 -7.217170343319722292e+00 -1.939738463001130242e+01 1.719999999999999973e+00
-1.348764133131488840e+01 1.831041739233912613e-01 -6.190000000000267733e+00 4.000000000000000000e+02 -7.210080691852740031e+00 -1.939279497854432321e+01 2.399999999999999911e-01
-1.348491967537867531e+01 1.828600430363354346e-01 -6.192500000000268123e+00 4.000000000000000000e+02 -7.206905121412517268e+00 -1.939211940810409729e+01 5.000000000000000104e-03
-1.348220357494196620e+01 1.831855483841062504e-01 -6.195000000000268514e+00 4.000000000000000000e+02 -7.206004686345286459e+00 -1.939371897303686865e+01 1.929999999999999938e+00
-1.347949915522668363e+01 1.836949232976277102e-01 -6.197500000000268905e+00 4.000000000000000000e+02 -7.204744505480632277e+00 -1.939495879217221486e+01 2.800000000000000266e-01
-1.347680536705401799e+01 1.822247446960338357e-01 -6.200000000000269296e+00 4.000000000000000000e+02 -7.204159669221316342e+00 -1.939687395591289842e+01 1.564999999999999947e+00
-1.347412394926164048e+01 1.815116748114546374e-01 -6.202500000000269686e+00 4.000000000000000000e+02 -7.203700238807194012e+00 -1.939891452549877471e+01 4.499999999999999833e-02
-1.347145514640238773e+01 1.799300876812574557e-01 -6.205000000000270077e+00 4.000000000000000000e+02 -7.201692648797783036e+00 -1.939940693548936679e+01 2.149999999999999967e-01
-1.346879475568130680e+01 1.786469217153476563e-01 -6.207500000000270468e+00 4.000000000000000000e+02 -7.198476204306375692e+00 -1.939869049099795717e+01 1.520000000000000018e+00
-1.346613952474005238e+01 1.782683964262184728e-01 -6.210000000000270859e+00 4.000000000000000000e+02 -7.188253844822745542e+00 -1.939096813151433096e+01 1.659999999999999920e+00
-1.346347082323956812e+01 1.782422223458577926e-01 -6.212500000000271250e+00 4.000000000000000000e+02 -7.174784665625018931e+00 -1.937999895231660474e+01 2.000000000000000000e+00
-1.346077990795412127e+01 1.777120386083461678e-01 -6.215000000000271640e+00 4.000000000000000000e+02 -7.160337935211070537e+00 -1.936805222190265496e+01 9.449999999999999512e-01
-1.345806400438069872e+01 1.815982095390643314e-01 -6.217500000000272031e+00 4.000000000000000000e+02 -7.152869414743372012e+00 -1.936308370143495594e+01 1.534999999999999920e+00
-1.345534198434954121e+01 1.812700678691854528e-01 -6.220000000000272422e+00 4.000000000000000000e+02 -7.149249296955066058e+00 -1.936196358364665215e+01 1.074999999999999956e+00
-1.345262431532279557e+01 1.798581402900494564e-01 -6.222500000000272813e+00 4.000000000000000000e+02 -7.149197574606440675e+00 -1.936441186129802716e+01 1.975000000000000089e+00
-1.344992063051553721e+01 1.803147013319660319e-01 -6.225000000000273204e+00 4.000000000000000000e+02 -7.145546436791341272e+00 -1.936326072348292726e+01 2.849999999999999756e-01
-1.344722113439298639e+01 1.802300676124432566e-01 -6.227500000000273594e+00 4.000000000000000000e+02 -7.145112667887575597e+00 -1.936532695457916020e+01 3.850000000000000089e-01
-1.344453445549997284e+01 1.801553491387727635e-01 -6.230000000000273985e+00 4.000000000000000000e+02 -7.142343556436832053e+00 -1.936505784312841882e+01 2.750000000000000222e-01
-1.344185425530340616e+01 1.818637998930493771e-01 -6.232500000000274376e+00 4.000000000000000000e+02 -7.131731602099524281e+00 -1.935694588879110967e+01 1.959999999999999964e+00
-1.343915947695969670e+01 1.821301388208855232e-01 -6.235000000000274767e+00 4.000000000000000000e+02 -7.121399442586158202e+00 -1.934911372927774664e+01 7.499999999999999722e-02
-1.343645083767094306e+01 1.815988436620072088e-01 -6.237500000000275158e+00 4.000000000000000000e+02 -7.120920491575203570e+00 -1.935113477826678974e+01 6.650000000000000355e-01
-1.343375496194114582e+01 1.817485381051353877e-01 -6.240000000000275548e+00 4.000000000000000000e+02 -7.113520066015564858e+00 -1.934623435270715319e+01 1.000000000000000021e-02
-1.343105314449345933e+01 1.821165456921126080e-01 -6.242500000000275939e+00 4.000000000000000000e+02 -7.109556578978674324e+00 -1.934477086567026305e+01 1.350000000000000089e-01
-1.342835466621041540e+01 1.829666183337426422e-01 -6.245000000000276330e+00 4.000000000000000000e+02 -7.108629652366134977e+00 -1.934634393905772498e+01 7.149999999999999689e-01
-1.342566767459421051e+01 1.830169588584361906e-01 -6.247500000000276721e+00 4.000000000000000000e+02 -7.107961597896727213e+00 -1.934817588458831494e+01 1.534999999999999920e+00
-1.342299278174163213e+01 1.826023264622437525e-01 -6.250000000000277112e+00 4.000000000000000000e+02 -7.107598043479277372e+00 -1.935031233017086905e+01 1.090000000000000080e+00
-1.342033071071907635e+01 1.820808890459842122e-01 -6.252500000000277502e+00 4.000000000000000000e+02 -7.101045041678021086e+00 -1.934625932836961226e+01 8.100000000000000533e-01
-1.341766493929806892e+01 1.824934479790399355e-01 -6.255000000000277893e+00 4.000000000000000000e+02 -7.098885504338314334e+00 -1.934659979102990235e+01 1.685000000000000053e+00
-1.341500715915192821e+01 1.842007274231627079e-01 -6.257500000000278284e+00 4.000000000000000000e+02 -7.094937736976450360e+00 -1.934515202366804232e+01 4.849999999999999867e-01
-1.341235258874673342e+01 1.838538189996022920e-01 -6.260000000000278675e+00 4.000000000000000000e+02 -7.092092228104106333e+00 -1.934480651479569957e+01 4.899999999999999911e-01
-1.340970413273619855e+01 1.818731842447434688e-01 -6.262500000000279066e+00 4.000000000000000000e+02 -7.091830559131279799e+00 -1.934704484582287165e+01 1.155000000000000027e+00
-1.340706857059541690e+01 1.803074757241253934e-01 -6.265000000000279456e+00 4.000000000000000000e+02 -7.089680023544389975e+00 -1.934739431023598044e+01 3.150000000000000022e-01
-1.340444085363539095e+01 1.795802600959553186e-01 -6.267500000000279847e+00 4.000000000000000000e+02 -7.087590524308152062e+00 -1.934780481099974381e+01 1.169999999999999929e+00
-1.340182109770344354e+01 1.800625003557418113e-01 -6.270000000000280238e+00 4.000000000000000000e+02 -7.082338269121937202e+00 -1.934505255581353111e+01 1.199999999999999956e-01
-1.339920099508716334e+01 1.794009888388700957e-01 -6.272500000000280629e+00 4.000000000000000000e+02 -7.077416430040647910e+00 -1.934263071673224132e+01 1.020000000000000018e+00
-1.339658141121046064e+01 1.799311857277779425e-01 -6.275000000000281020e+00 4.000000000000000000e+02 -7.072738687561288096e+00 -1.934045297425288013e+01 1.995000000000000107e+00
-1.339396298300501265e+01 1.788540119453280453e-01 -6.277500000000281410e+00 4.000000000000000000e+02 -7.072577436125995654e+00 -1.934279172281759074e+01 2.849999999999999756e-01
-1.339135748583885643e+01 1.785028617966352704e-01 -6.280000000000281801e+00 4.000000000000000000e+02 -7.070102739329978903e+00 -1.934281702602157438e+01 1.499999999999999944e-01
-1.338875882532014394e+01 1.778944996271149270e-01 -6.282500000000282192e+00 4.000000000000000000e+02 -7.069239385630262440e+00 -1.934445367232185831e+01 1.350000000000000089e-01
-1.338617113345391729e+01 1.790796958202205968e-01 -6.285000000000282583e+00 4.000000000000000000e+02 -7.068856307896595581e+00 -1.934657059458819006e+01 4.699999999999999734e-01
-1.338359557145977696e+01 1.789736424838493656e-01 -6.287500000000282974e+00 4.000000000000000000e+02 -7.068674451380442925e+00 -1.934888873807203780e+01 2.099999999999999922e-01
-1.338103256661862517e+01 1.796219633489420098e-01 -6.290000000000283364e+00 4.000000000000000000e+02 -7.068056208887242065e+00 -1.935077049557883910e+01 1.600000000000000033e-01
-1.337848091395556871e+01 1.799775732203208467e-01 -6.292500000000283755e+00 4.000000000000000000e+02 -7.067253994313003496e+00 -1.935246828100460093e+01 8.950000000000000178e-01
-1.337594006764218157e+01 1.799394530544067006e-01 -6.295000000000284146e+00 4.000000000000000000e+02 -7.067222035382327405e+00 -1.935493632207392523e+01 1.695000000000000062e+00
-1.337341190028741522e+01 1.817259112085623518e-01 -6.297500000000284537e+00 4.000000000000000000e+02 -7.056054112866915418e+00 -1.934626839955851096e+01 1.675000000000000044e+00
-1.337086818264097587e+01 1.819847146331083354e-01 -6.300000000000284928e+00 4.000000000000000000e+02 -7.041177324736533905e+00 -1.933389161142813251e+01 1.094999999999999973e+00
-1.336829936131782226e+01 1.809302529633967649e-01 -6.302500000000285318e+00 4.000000000000000000e+02 -7.040329842191946241e+00 -1.933554412888354435e+01 1.425000000000000044e+00
-1.336574134717576356e+01 1.824113447209025629e-01 -6.305000000000285709e+00 4.000000000000000000e+02 -7.039521110335210885e+00 -1.933723539702680938e+01 1.655000000000000027e+00
-1.336319416589383557e+01 1.837728110209196630e-01 -6.307500000000286100e+00 4.000000000000000000e+02 -7.038507421454849755e+00 -1.933872170814644775e+01 1.995000000000000107e+00
-1.336065722496091013e+01 1.850083333853587142e-01 -6.310000000000286491e+00 4.000000000000000000e+02 -7.037609458324978640e+00 -1.934032374501657969e+01 3.699999999999999956e-01
-1.335813074944394963e+01 1.855882133636590492e-01 -6.312500000000286882e+00 4.000000000000000000e+02 -7.036865120608956303e+00 -1.934207940730055597e+01 1.985000000000000098e+00
-1.335561505594492537e+01 1.881147411672609016e-01 -6.315000000000287272e+00 4.000000000000000000e+02 -7.030803537304015194e+00 -1.933851782399561614e+01 3.800000000000000044e-01
-1.335309673324327662e+01 1.882923709210315155e-01 -6.317500000000287663e+00 4.000000000000000000e+02 -7.030777134551102314e+00 -1.934099142124270188e+01 4.500000000000000111e-01
-1.335059093478359848e+01 1.881326537547668154e-01 -6.320000000000288054e+00 4.000000000000000000e+02 -7.028536539521773818e+00 -1.934125082621337555e+01 1.925000000000000044e+00
-1.334809204715685027e+01 1.884248957653308354e-01 -6.322500000000288445e+00 4.000000000000000000e+02 -7.027160986892252659e+00 -1.934237527358385478e+01 1.469999999999999973e+00
-1.334560218621125749e+01 1.884281115870146683e-01 -6.325000000000288836e+00 4.000000000000000000e+02 -7.024269348468483720e+00 -1.934198363516008357e+01 1.479999999999999982e+00
-1.334311753759287811e+01 1.883709931883424393e-01 -6.327500000000289226e+00 4.000000000000000000e+02 -7.023610316079483162e+00 -1.934382460277108606e+01 7.000000000000000666e-02
-1.334064360014447104e+01 1.874065067004530294e-01 -6.330000000000289617e+00 4.000000000000000000e+02 -7.021907914172389020e+00 -1.934462220086399142e+01 1.600000000000000033e-01
-1.333817773309123389e+01 1.871817926156824630e-01 -6.332500000000290008e+00 4.000000000000000000e+02 -7.015682984041706760e+00 -1.934089727073330778e+01 1.905000000000000027e+00
-1.333570876323246424e+01 1.891452821732427514e-01 -6.335000000000290399e+00 4.000000000000000000e+02 -7.015154098767364843e+00 -1.934286838545896714e+01 5.699999999999999512e-01
-1.333325071807543338e+01 1.873121639748415168e-01 -6.337500000000290790e+00 4.000000000000000000e+02 -7.014692781453657489e+00 -1.934490706814526106e+01 1.330000000000000071e+00
-1.333080368778185942e+01 1.865000646249367622e-01 -6.340000000000291180e+00 4.000000000000000000e+02 -7.013983681349077237e+00 -1.934669796804068298e+01 1.570000000000000062e+00
-1.332836699329076424e+01 1.864460692254455432e-01 -6.342500000000291571e+00 4.000000000000000000e+02 -7.005420443646343642e+00 -1.934063473033794622e+01 1.830000000000000071e+00
-1.332592145679508278e+01 1.861895249192433988e-01 -6.345000000000291962e+00 4.000000000000000000e+02 -7.004562293313024490e+00 -1.934227658000462924e+01 1.524999999999999911e+00
-1.332348588361268860e+01 1.852409029697194565e-01 -6.347500000000292353e+00 4.000000000000000000e+02 -7.002930932503077521e+00 -1.934314521919468177e+01 1.264999999999999902e+00
-1.332105833505638337e+01 1.850582910252804303e-01 -6.350000000000292744e+00 4.000000000000000000e+02 -7.001535759944957249e+00 -1.934425004663656367e+01 8.699999999999999956e-01
-1.331863933604224215e+01 1.861743374687377384e-01 -6.352500000000293134e+00 4.000000000000000000e+02 -6.994359987870150341e+00 -1.933957427456175537e+01 5.799999999999999600e-01
-1.331621487835148976e+01 1.864997273233579556e-01 -6.355000000000293525e+00 4.000000000000000000e+02 -6.989665804924388048e+00 -1.933738009161599436e+01 1.754999999999999893e+00
-1.331379097821184132e+01 1.869333860977096806e-01 -6.357500000000293916e+00 4.000000000000000000e+02 -6.989014545047613325e+00 -1.933922883173922003e+01 4.000000000000000083e-02
-1.331137739997095437e+01 1.878393181604277040e-01 -6.360000000000294307e+00 4.000000000000000000e+02 -6.985268107245299340e+00 -1.933798239393690821e+01 1.685000000000000053e+00
-1.330896663368072730e+01 1.880637149650374595e-01 -6.362500000000294698e+00 4.000000000000000000e+02 -6.984977518845965960e+00 -1.934019180553757167e+01 1.054999999999999938e+00
-1.330656696654659221e+01 1.892920211215695370e-01 -6.365000000000295088e+00 4.000000000000000000e+02 -6.980004029372679497e+00 -1.933771831606428648e+01 2.800000000000000266e-01
-1.330416712246927879e+01 1.878888664584551227e-01 -6.367500000000295479e+00 4.000000000000000000e+02 -6.978412633260495213e+00 -1.933862691995210525e+01 1.040000000000000036e+00
-1.330177519555914856e+01 1.878307408203821471e-01 -6.370000000000295870e+00 4.000000000000000000e+02 -6.977122192182408256e+00 -1.933983647887401958e+01 2.049999999999999878e-01
-1.329939185740700935e+01 1.873285706623406266e-01 -6.372500000000296261e+00 4.000000000000000000e+02 -6.976096109750373309e+00 -1.934131039644198324e+01 7.049999999999999600e-01
-1.329701768380880189e+01 1.875662213290103797e-01 -6.375000000000296652e+00 4.000000000000000000e+02 -6.966019035264524817e+00 -1.933373332195613159e+01 1.360000000000000098e+00
-1.329463114019690906e+01 1.880909997267629641e-01 -6.377500000000297042e+00 4.000000000000000000e+02 -6.965760834101351051e+00 -1.933597512079295910e+01 5.999999999999999778e-01
-1.329225560372469239e+01 1.880555192617706928e-01 -6.380000000000297433e+00 4.000000000000000000e+02 -6.960689690623893533e+00 -1.933340397731550553e+01 3.800000000000000044e-01
-1.328987960308709759e+01 1.878547699789022696e-01 -6.382500000000297824e+00 4.000000000000000000e+02 -6.954226645028179554e+00 -1.932944093171979105e+01 5.550000000000000488e-01
-1.328749983312270366e+01 1.893083772147637900e-01 -6.385000000000298215e+00 4.000000000000000000e+02 -6.950887386960765468e+00 -1.932860167365237558e+01 9.949999999999999956e-01
-1.328512372205120684e+01 1.888389902280477040e-01 -6.387500000000298606e+00 4.000000000000000000e+02 -6.950287121625087217e+00 -1.933050140831669950e+01 1.594999999999999973e+00
-1.328275773719004604e+01 1.889031795095838517e-01 -6.390000000000298996e+00 4.000000000000000000e+02 -6.947193976441660368e+00 -1.932990826313327304e+01 6.400000000000000133e-01
-1.328039593817980979e+01 1.885520389327114410e-01 -6.392500000000299387e+00 4.000000000000000000e+02 -6.945162296120777512e+00 -1.933037658281239146e+01 2.949999999999999845e-01
-1.327804080603775994e+01 1.884061128641945637e-01 -6.395000000000299778e+00 4.000000000000000000e+02 -6.938690630033322648e+00 -1.932640491672493255e+01 1.409999999999999920e+00
-1.327568186815632245e+01 1.884532316884045267e-01 -6.397500000000300169e+00 4.000000000000000000e+02 -6.935340880509999195e+00 -1.932555516720161393e+01 1.150000000000000050e-01
-1.327332648348517807e+01 1.873287117953421343e-01 -6.400000000000300560e+00 4.000000000000000000e+02 -6.933931664332296130e+00 -1.932664595102390948e+01 1.030000000000000027e+00
-1.327097919239346702e+01 1.860347186293248023e-01 -6.402500000000300950e+00 4.000000000000000000e+02 -6.933735383812710040e+00 -1.932894967050432200e+01 4.499999999999999833e-02
-1.326864278051448487e+01 1.843359250384631054e-01 -6.405000000000301341e+00 4.000000000000000000e+02 -6.932656712359118067e+00 -1.933037099905073219e+01 6.600000000000000311e-01
-1.326631512159883641e+01 1.838358266847578415e-01 -6.407500000000301732e+00 4.000000000000000000e+02 -6.932124871772955110e+00 -1.933233915846457052e+01 1.705000000000000071e+00
-1.326399742888263411e+01 1.844463247622618873e-01 -6.410000000000302123e+00 4.000000000000000000e+02 -6.929787511133725708e+00 -1.933250179782534062e+01 5.050000000000000044e-01
-1.326168547105867113e+01 1.847844501903119219e-01 -6.412500000000302514e+00 4.000000000000000000e+02 -6.924856656292920576e+00 -1.933007094298453410e+01 2.000000000000000111e-01
-1.325937323865105100e+01 1.854398062206958631e-01 -6.415000000000302904e+00 4.000000000000000000e+02 -6.923913348344965080e+00 -1.933162763503657899e+01 1.264999999999999902e+00
-1.325706992453808652e+01 1.857214353951159302e-01 -6.417500000000303295e+00 4.000000000000000000e+02 -6.922285094492989899e+00 -1.933249938118460420e+01 1.455000000000000071e+00
-1.325477390361279539e+01 1.878973422134117555e-01 -6.420000000000303686e+00 4.000000000000000000e+02 -6.922276995863563265e+00 -1.933499128255517974e+01 4.550000000000000155e-01
-1.325248883706153435e+01 1.861612806326469194e-01 -6.422500000000304077e+00 4.000000000000000000e+02 -6.919302845939945712e+00 -1.933451713263156080e+01 1.435000000000000053e+00
-1.325020790011922500e+01 1.863643233156857260e-01 -6.425000000000304468e+00 4.000000000000000000e+02 -6.919044952244605362e+00 -1.933675923893622084e+01 1.614999999999999991e+00
-1.324793724497926206e+01 1.870786516381777731e-01 -6.427500000000304858e+00 4.000000000000000000e+02 -6.906443809027530634e+00 -1.932665809571914650e+01 1.909999999999999920e+00
-1.324564876011424630e+01 1.904091979250407407e-01 -6.430000000000305249e+00 4.000000000000000000e+02 -6.897041680798632335e+00 -1.931975596749025215e+01 8.850000000000000089e-01
-1.324334970475846163e+01 1.909551901812208685e-01 -6.432500000000305640e+00 4.000000000000000000e+02 -6.894814935632487263e+00 -1.932002922232410569e+01 3.250000000000000111e-01
-1.324105654891970651e+01 1.909277395135687561e-01 -6.435000000000306031e+00 4.000000000000000000e+02 -6.894610754396412133e+00 -1.932232504108802829e+01 1.800000000000000044e+00
-1.323877388023244173e+01 1.903141775032906602e-01 -6.437500000000306422e+00 4.000000000000000000e+02 -6.893709274587794589e+00 -1.932392356127941468e+01 1.830000000000000071e+00
-1.323650004379774536e+01 1.893817774385433417e-01 -6.440000000000306812e+00 4.000000000000000000e+02 -6.893117373949675830e+00 -1.932583166064129543e+01 1.320000000000000062e+00
-1.323423568581029386e+01 1.904796378003443813e-01 -6.442500000000307203e+00 4.000000000000000000e+02 -6.890583706159433497e+00 -1.932579799285105437e+01 5.150000000000000133e-01
-1.323197636757915063e+01 1.896819398405752977e-01 -6.445000000000307594e+00 4.000000000000000000e+02 -6.886792355698656110e+00 -1.932450664239027560e+01 1.100000000000000089e+00
-1.322971923277206585e+01 1.896773341788604850e-01 -6.447500000000307985e+00 4.000000000000000000e+02 -6.886079728460430260e+00 -1.932629401515205103e+01 1.219999999999999973e+00
-1.322747119829475793e+01 1.894461551890827822e-01 -6.450000000000308376e+00 4.000000000000000000e+02 -6.882945121882721118e+00 -1.932565940857434228e+01 1.959999999999999964e+00
-1.322522678387061568e+01 1.901700146067781261e-01 -6.452500000000308766e+00 4.000000000000000000e+02 -6.881320325059664178e+00 -1.932653461175128484e+01 4.099999999999999756e-01
-1.322298935243634332e+01 1.897950827563739951e-01 -6.455000000000309157e+00 4.000000000000000000e+02 -6.879107099449336182e+00 -1.932682138614095635e+01 2.449999999999999956e-01
-1.322075755532782715e+01 1.897375328081768175e-01 -6.457500000000309548e+00 4.000000000000000000e+02 -6.879049587370828611e+00 -1.932926387406245183e+01 1.705000000000000071e+00
-1.321853615438059215e+01 1.898934149667821092e-01 -6.460000000000309939e+00 4.000000000000000000e+02 -6.877418189510806634e+00 -1.933013247620242936e+01 1.199999999999999956e+00
-1.321632159939179019e+01 1.896590254835376077e-01 -6.462500000000310330e+00 4.000000000000000000e+02 -6.875294971211355133e+00 -1.933050925790297825e+01 2.849999999999999756e-01
-1.321411276930661138e+01 1.907878064111276084e-01 -6.465000000000310720e+00 4.000000000000000000e+02 -6.870238107254981408e+00 -1.932795239394660314e+01 1.215000000000000080e+00
-1.321190317118879243e+01 1.885325087070437167e-01 -6.467500000000311111e+00 4.000000000000000000e+02 -6.870192320329834068e+00 -1.933040660702145885e+01 1.889999999999999902e+00
-1.320970384292857247e+01 1.892111552068986013e-01 -6.470000000000311502e+00 4.000000000000000000e+02 -6.869569922042217947e+00 -1.933228420873384223e+01 1.090000000000000080e+00
-1.320751345312964276e+01 1.895049916993357397e-01 -6.472500000000311893e+00 4.000000000000000000e+02 -6.866312328484161398e+00 -1.933152661517578608e+01 9.799999999999999822e-01
-1.320532619603845959e+01 1.900444221925157162e-01 -6.475000000000312284e+00 4.000000000000000000e+02 -6.866009387123440888e+00 -1.933372367381506507e+01 3.500000000000000333e-02
-1.320314849717043693e+01 1.903163295468337235e-01 -6.477500000000312674e+00 4.000000000000000000e+02 -6.865342412746492151e+00 -1.933555669943811850e+01 1.754999999999999893e+00
-1.320097950551452115e+01 1.910905725948842393e-01 -6.480000000000313065e+00 4.000000000000000000e+02 -6.864416686544860369e+00 -1.933713097323648711e+01 9.549999999999999600e-01
-1.319881860904352244e+01 1.911215567614514832e-01 -6.482500000000313456e+00 4.000000000000000000e+02 -6.861875265190029438e+00 -1.933708955188165390e+01 1.810000000000000053e+00
-1.319666228275951347e+01 1.904713740366181518e-01 -6.485000000000313847e+00 4.000000000000000000e+02 -6.857567258688205492e+00 -1.933528154537983212e+01 1.239999999999999991e+00
-1.319450670662701697e+01 1.906300248376228967e-01 -6.487500000000314238e+00 4.000000000000000000e+02 -6.856309356706152158e+00 -1.933652364339777918e+01 2.849999999999999756e-01
-1.319235843416377918e+01 1.897021315088196491e-01 -6.490000000000314628e+00 4.000000000000000000e+02 -6.853407428890339048e+00 -1.933612171558196735e+01 1.165000000000000036e+00
-1.319021390603440302e+01 1.900497241870273690e-01 -6.492500000000315019e+00 4.000000000000000000e+02 -6.853012018833235075e+00 -1.933822630552486288e+01 1.050000000000000044e+00
-1.318807846122401806e+01 1.894516999543205960e-01 -6.495000000000315410e+00 4.000000000000000000e+02 -6.849938350353502514e+00 -1.933765263704513160e+01 3.850000000000000089e-01
-1.318594634534772148e+01 1.891233502797970145e-01 -6.497500000000315801e+00 4.000000000000000000e+02 -6.849599088576390216e+00 -1.933981337526801880e+01 1.915000000000000036e+00
-1.318382335302790409e+01 1.882495975790725584e-01 -6.500000000000316192e+00 4.000000000000000000e+02 -6.842087817989266796e+00 -1.933480210468089666e+01 1.799999999999999933e-01
-1.318169422658430179e+01 1.880828370424352802e-01 -6.502500000000316582e+00 4.000000000000000000e+02 -6.840673611038355695e+00 -1.933588789772998595e+01 1.524999999999999911e+00
-1.317957192687283197e+01 1.886547003571826808e-01 -6.505000000000316973e+00 4.000000000000000000e+02 -6.839906528851233070e+00 -1.933762081554286283e+01 1.330000000000000071e+00
-1.317745778471095974e+01 1.881709547536222493e-01 -6.507500000000317364e+00 4.000000000000000000e+02 -6.837439787994175511e+00 -1.933765407468580477e+01 1.260000000000000009e+00
-1.317534817280948367e+01 1.866739107589041602e-01 -6.510000000000317755e+00 4.000000000000000000e+02 -6.834929269784044692e+00 -1.933764355647567612e+01 1.879999999999999893e+00
-1.317324297988358417e+01 1.857149166215623370e-01 -6.512500000000318146e+00 4.000000000000000000e+02 -6.834127219533488784e+00 -1.933934150622511794e+01 8.649999999999999911e-01
-1.317114576972769235e+01 1.856869390758852378e-01 -6.515000000000318536e+00 4.000000000000000000e+02 -6.833145517538656399e+00 -1.934085980423028772e+01 6.350000000000000089e-01
-1.316905612045893648e+01 1.845553673881881185e-01 -6.517500000000318927e+00 4.000000000000000000e+02 -6.831451140256939780e+00 -1.934166542694857327e+01 1.049999999999999961e-01
-1.316697250625372106e+01 1.844969166806848526e-01 -6.520000000000319318e+00 4.000000000000000000e+02 -6.824681405598000516e+00 -1.933739569228963262e+01 1.145000000000000018e+00
-1.316488433679205272e+01 1.836648051598361586e-01 -6.522500000000319709e+00 4.000000000000000000e+02 -6.823687324938799037e+00 -1.933890161163043331e+01 1.800000000000000044e+00
-1.316280365113765427e+01 1.844647700544425617e-01 -6.525000000000320100e+00 4.000000000000000000e+02 -6.823602051381907785e+00 -1.934131633807353978e+01 1.495000000000000107e+00
-1.316073228837131914e+01 1.848514714346493060e-01 -6.527500000000320490e+00 4.000000000000000000e+02 -6.823150892663764289e+00 -1.934336517935539845e+01 8.249999999999999556e-01
-1.315866943370605746e+01 1.851402046459305062e-01 -6.530000000000320881e+00 4.000000000000000000e+02 -6.822862335635350384e+00 -1.934557662232698405e+01 1.169999999999999929e+00
-1.315661536844856450e+01 1.850787683362243585e-01 -6.532500000000321272e+00 4.000000000000000000e+02 -6.822625603691936824e+00 -1.934783989038357177e+01 1.564999999999999947e+00
-1.315457014311683004e+01 1.847311916305334756e-01 -6.535000000000321663e+00 4.000000000000000000e+02 -6.818513629068600146e+00 -1.934622791576023459e+01 1.899999999999999911e+00
-1.315252580278357009e+01 1.847624595559251293e-01 -6.537500000000322053e+00 4.000000000000000000e+02 -6.818101492940170871e+00 -1.934831577963180393e+01 7.399999999999999911e-01
-1.315048988407660602e+01 1.855135665638636411e-01 -6.540000000000322444e+00 4.000000000000000000e+02 -6.817904006616007706e+00 -1.935061829330764382e+01 9.350000000000000533e-01
-1.314846277000593844e+01 1.851830313971493114e-01 -6.542500000000322835e+00 4.000000000000000000e+02 -6.816389472407433203e+00 -1.935160375909907060e+01 1.439999999999999947e+00
-1.314644174743125937e+01 1.848890995832770390e-01 -6.545000000000323226e+00 4.000000000000000000e+02 -6.811229316421218982e+00 -1.934894360311285411e+01 7.650000000000000133e-01
-1.314441943404630564e+01 1.819095765934210795e-01 -6.547500000000323617e+00 4.000000000000000000e+02 -6.805272585817420783e+00 -1.934548687250905630e+01 1.360000000000000098e+00
-1.314239422067624474e+01 1.804329355853738770e-01 -6.550000000000324007e+00 4.000000000000000000e+02 -6.800477436229796169e+00 -1.934319172292143207e+01 1.064999999999999947e+00
-1.314036846110737677e+01 1.812140719498598895e-01 -6.552500000000324398e+00 4.000000000000000000e+02 -6.793543378225786356e+00 -1.933875766491742354e+01 9.549999999999999600e-01
-1.313833782198157785e+01 1.810113992972427199e-01 -6.555000000000324789e+00 4.000000000000000000e+02 -6.793385406651788472e+00 -1.934109969334342338e+01 8.900000000000000133e-01
-1.313631603383032420e+01 1.810430440292408738e-01 -6.557500000000325180e+00 4.000000000000000000e+02 -6.792378348107072306e+00 -1.934259263479870938e+01 8.900000000000000133e-01
-1.313430133210355422e+01 1.810144260636000757e-01 -6.560000000000325571e+00 4.000000000000000000e+02 -6.786357117487408885e+00 -1.933907140417904813e+01 1.139999999999999902e+00
-1.313228359594533323e+01 1.806024023110619214e-01 -6.562500000000325961e+00 4.000000000000000000e+02 -6.786266319339199882e+00 -1.934148060603083863e+01 1.810000000000000053e+00
-1.313027476349156863e+01 1.798310029115540998e-01 -6.565000000000326352e+00 4.000000000000000000e+02 -6.783801319719785283e+00 -1.934151560641142353e+01 1.469999999999999973e+00
-1.312827002845420132e+01 1.795948293756527425e-01 -6.567500000000326743e+00 4.000000000000000000e+02 -6.782969584740727420e+00 -1.934318387143236606e+01 1.905000000000000027e+00
-1.312627263596700544e+01 1.801188771466454286e-01 -6.570000000000327134e+00 4.000000000000000000e+02 -6.782381151276082321e+00 -1.934509543796772135e+01 1.360000000000000098e+00
-1.312428302821817283e+01 1.796636766845263744e-01 -6.572500000000327525e+00 4.000000000000000000e+02 -6.778767597102954845e+00 -1.934398188379459427e+01 8.549999999999999822e-01
-1.312229516097854010e+01 1.791626952110485227e-01 -6.575000000000327915e+00 4.000000000000000000e+02 -6.778218295463081411e+00 -1.934593258215472034e+01 1.264999999999999902e+00
-1.312031509995552803e+01 1.798575474384609130e-01 -6.577500000000328306e+00 4.000000000000000000e+02 -6.776967039272824955e+00 -1.934718132596446694e+01 1.824999999999999956e+00
-1.311834141555818256e+01 1.799687624240519090e-01 -6.580000000000328697e+00 4.000000000000000000e+02 -6.775625444089242500e+00 -1.934833973078088576e+01 1.449999999999999900e-01
-1.311637389717778568e+01 1.804480155269706787e-01 -6.582500000000329088e+00 4.000000000000000000e+02 -6.775564333529432659e+00 -1.935077862022107453e+01 1.489999999999999991e+00
-1.311441502094549882e+01 1.809834460164127801e-01 -6.585000000000329479e+00 4.000000000000000000e+02 -6.774329019577832511e+00 -1.935204330626947211e+01 1.475000000000000089e+00
-1.311246244295508845e+01 1.812035330096869179e-01 -6.587500000000329869e+00 4.000000000000000000e+02 -6.759618726674512246e+00 -1.933983301336615312e+01 4.050000000000000266e-01
-1.311048975274251482e+01 1.816161090313595239e-01 -6.590000000000330260e+00 4.000000000000000000e+02 -6.754596337215464708e+00 -1.933731062390710775e+01 1.300000000000000044e+00
-1.310851597891527653e+01 1.821748262683395847e-01 -6.592500000000330651e+00 4.000000000000000000e+02 -6.753874681298753124e+00 -1.933908896799039567e+01 8.800000000000000044e-01
-1.310654958978079065e+01 1.837086361477257568e-01 -6.595000000000331042e+00 4.000000000000000000e+02 -6.748063439911976324e+00 -1.933577772660362015e+01 3.750000000000000000e-01
-1.310458055696801694e+01 1.839326529273414834e-01 -6.597500000000331433e+00 4.000000000000000000e+02 -6.746658170704093571e+00 -1.933687245739573868e+01 4.600000000000000200e-01
-1.310261754166627490e+01 1.854366317828300970e-01 -6.600000000000331823e+00 4.000000000000000000e+02 -6.744497181683958509e+00 -1.933721146837560312e+01 1.534999999999999920e+00
-1.310065903566282763e+01 1.854620992225720633e-01 -6.602500000000332214e+00 4.000000000000000000e+02 -6.740161941889071251e+00 -1.933537622858071714e+01 8.850000000000000089e-01
-1.309870077082590001e+01 1.869896566309349473e-01 -6.605000000000332605e+00 4.000000000000000000e+02 -6.739715216109293472e+00 -1.933742950280093709e+01 1.510000000000000009e+00
-1.309675033826862389e+01 1.863051510124176524e-01 -6.607500000000332996e+00 4.000000000000000000e+02 -6.738984042896198012e+00 -1.933919832958784468e+01 3.850000000000000089e-01
-1.309480713937202268e+01 1.872845259851011745e-01 -6.610000000000333387e+00 4.000000000000000000e+02 -6.731334362003566163e+00 -1.933404864869521234e+01 1.544999999999999929e+00
-1.309285770572203234e+01 1.869503806465372120e-01 -6.612500000000333777e+00 4.000000000000000000e+02 -6.730004393506779259e+00 -1.933521868019842671e+01 9.000000000000000222e-01
-1.309091433789124359e+01 1.868548857041181233e-01 -6.615000000000334168e+00 4.000000000000000000e+02 -6.728673584902863603e+00 -1.933638787159451056e+01 2.099999999999999922e-01
-1.308897700365756123e+01 1.879324007439015232e-01 -6.617500000000334559e+00 4.000000000000000000e+02 -6.726200277709865283e+00 -1.933641456440151174e+01 1.830000000000000071e+00
-1.308704346699405541e+01 1.878262221113903285e-01 -6.620000000000334950e+00 4.000000000000000000e+02 -6.724174788224758892e+00 -1.933688907491640663e+01 6.450000000000000178e-01
-1.308511457629434815e+01 1.881587756964792635e-01 -6.622500000000335341e+00 4.000000000000000000e+02 -6.723505020446451041e+00 -1.933871930713809917e+01 7.550000000000000044e-01
-1.308319291597098122e+01 1.884937232271139962e-01 -6.625000000000335731e+00 4.000000000000000000e+02 -6.719175878493923726e+00 -1.933689016518557224e+01 1.709999999999999964e+00
-1.308127143325758013e+01 1.873373686068121602e-01 -6.627500000000336122e+00 4.000000000000000000e+02 -6.718219264434783788e+00 -1.933843355112643181e+01 1.175000000000000044e+00
-1.307935659034959563e+01 1.878046294729218413e-01 -6.630000000000336513e+00 4.000000000000000000e+02 -6.715875446110275426e+00 -1.933858973280192473e+01 9.100000000000000311e-01
-1.307744570524201144e+01 1.874783538093436619e-01 -6.632500000000336904e+00 4.000000000000000000e+02 -6.715691139141494403e+00 -1.934090542583314232e+01 1.650000000000000078e-01
-1.307554287193264564e+01 1.884439582437450744e-01 -6.635000000000337295e+00 4.000000000000000000e+02 -6.714992793448378627e+00 -1.934270708014002693e+01 1.900000000000000022e-01
-1.307364706794010800e+01 1.899734843636563253e-01 -6.637500000000337685e+00 4.000000000000000000e+02 -6.714181250909494025e+00 -1.934439553760114450e+01 1.774999999999999911e+00
-1.307175804043915335e+01 1.900753699734695490e-01 -6.640000000000338076e+00 4.000000000000000000e+02 -6.711611740680496041e+00 -1.934432602737214779e+01 3.049999999999999933e-01
-1.306987244369578427e+01 1.901687299932195152e-01 -6.642500000000338467e+00 4.000000000000000000e+02 -6.711414188422669014e+00 -1.934662847511432204e+01 1.530000000000000027e+00
-1.306799472000808748e+01 1.904678810062340466e-01 -6.645000000000338858e+00 4.000000000000000000e+02 -6.705689545839364385e+00 -1.934340383253101692e+01 6.600000000000000311e-01
-1.306611446785266040e+01 1.912130413470307655e-01 -6.647500000000339249e+00 4.000000000000000000e+02 -6.705536937051451041e+00 -1.934575122374310396e+01 5.999999999999999778e-02
-1.306424214053234856e+01 1.898926128104634625e-01 -6.650000000000339639e+00 4.000000000000000000e+02 -6.704111101893730051e+00 -1.934682538858538337e+01 6.999999999999999556e-01
-1.306237531675152574e+01 1.895550419195912162e-01 -6.652500000000340030e+00 4.000000000000000000e+02 -6.700764107401294467e+00 -1.934597839409294551e+01 9.599999999999999645e-01
-1.306051039406855274e+01 1.897837209655571789e-01 -6.655000000000340421e+00 4.000000000000000000e+02 -6.695260669170792767e+00 -1.934297495586244509e+01 1.544999999999999929e+00
-1.305864334891496981e+01 1.910584555161614073e-01 -6.657500000000340812e+00 4.000000000000000000e+02 -6.688031700755556308e+00 -1.933824598744720902e+01 2.899999999999999800e-01
-1.305677095777447327e+01 1.911468606892258448e-01 -6.660000000000341203e+00 4.000000000000000000e+02 -6.680170197476463123e+00 -1.933288448416811889e+01 5.000000000000000104e-03
-1.305489202838528406e+01 1.914670866858674270e-01 -6.662500000000341593e+00 4.000000000000000000e+02 -6.677469758846534376e+00 -1.933268404553818698e+01 1.415000000000000036e+00
-1.305301624716285147e+01 1.913009693982962167e-01 -6.665000000000341984e+00 4.000000000000000000e+02 -6.674022903435912646e+00 -1.933173719012756564e+01 1.175000000000000044e+00
-1.305114220596201058e+01 1.902131361484424577e-01 -6.667500000000342375e+00 4.000000000000000000e+02 -6.671195288786544886e+00 -1.933140957547820094e+01 1.070000000000000062e+00
-1.304927105788100050e+01 1.909103727096535252e-01 -6.670000000000342766e+00 4.000000000000000000e+02 -6.669627583599480047e+00 -1.933234187029113826e+01 1.320000000000000062e+00
-1.304740514322662115e+01 1.908295653848331996e-01 -6.672500000000343157e+00 4.000000000000000000e+02 -6.667185273643323029e+00 -1.933239956033497720e+01 1.254999999999999893e+00
-1.304554281106753777e+01 1.906577459845044398e-01 -6.675000000000343547e+00 4.000000000000000000e+02 -6.664006101957999917e+00 -1.933172038864965714e+01 1.155000000000000027e+00
-1.304368267899639733e+01 1.909747449800930641e-01 -6.677500000000343938e+00 4.000000000000000000e+02 -6.663293942445713824e+00 -1.933350822913737233e+01 5.100000000000000089e-01
-1.304182931400113965e+01 1.912276146121325293e-01 -6.680000000000344329e+00 4.000000000000000000e+02 -6.659246824869148540e+00 -1.933196111156080832e+01 5.250000000000000222e-01
-1.303997651598181839e+01 1.905989565536536923e-01 -6.682500000000344720e+00 4.000000000000000000e+02 -6.658172164323519659e+00 -1.933338645101517628e+01 1.044999999999999929e+00
-1.303812977614906643e+01 1.910895234228821848e-01 -6.685000000000345111e+00 4.000000000000000000e+02 -6.657182013750898797e+00 -1.933489630044255492e+01 1.379999999999999893e+00
-1.303628921898019577e+01 1.914049131726565656e-01 -6.687500000000345501e+00 4.000000000000000000e+02 -6.656488239924494010e+00 -1.933670252661615052e+01 1.159999999999999920e+00
-1.303445535556102186e+01 1.915587104883941516e-01 -6.690000000000345892e+00 4.000000000000000000e+02 -6.650140528077533197e+00 -1.933285481476919188e+01 1.700000000000000122e-01
-1.303261779869219517e+01 1.927938484706024913e-01 -6.692500000000346283e+00 4.000000000000000000e+02 -6.644487894839589792e+00 -1.932970218153124975e+01 5.899999999999999689e-01
-1.303077782592936984e+01 1.929329681977846322e-01 -6.695000000000346674e+00 4.000000000000000000e+02 -6.643992241674461674e+00 -1.933170652836611936e+01 1.149999999999999911e+00
-1.302894490656489168e+01 1.928505538882278880e-01 -6.697500000000347065e+00 4.000000000000000000e+02 -6.643485039774216894e+00 -1.933369932646587586e+01 1.070000000000000062e+00
-1.302711897964993071e+01 1.924149179635689655e-01 -6.700000000000347455e+00 4.000000000000000000e+02 -6.643300472278816926e+00 -1.933601475897047806e+01 4.149999999999999800e-01
-1.302530059206130630e+01 1.927892299024698830e-01 -6.702500000000347846e+00 4.000000000000000000e+02 -6.641830254530124655e+00 -1.933704454122178618e+01 1.909999999999999920e+00
-1.302348737149503499e+01 1.927903211744713963e-01 -6.705000000000348237e+00 4.000000000000000000e+02 -6.640902028084177289e+00 -1.933861631477583742e+01 7.399999999999999911e-01
-1.302168027276028539e+01 1.915660912196724408e-01 -6.707500000000348628e+00 4.000000000000000000e+02 -6.639847490278127928e+00 -1.934006177696979023e+01 1.354999999999999982e+00
-1.301987903689405712e+01 1.919098972152706029e-01 -6.710000000000349019e+00 4.000000000000000000e+02 -6.635345796752496916e+00 -1.933806008344415872e+01 1.975000000000000089e+00
-1.301807744024520197e+01 1.914841885810910638e-01 -6.712500000000349409e+00 4.000000000000000000e+02 -6.632360654787946785e+00 -1.933757494147960898e+01 1.854999999999999982e+00
-1.301627821162529663e+01 1.917169262656239770e-01 -6.715000000000349800e+00 4.000000000000000000e+02 -6.631316107089461731e+00 -1.933903039378112254e+01 1.409999999999999920e+00
-1.301448482416192753e+01 1.910685715964638154e-01 -6.717500000000350191e+00 4.000000000000000000e+02 -6.627354583237366370e+00 -1.933756886992902935e+01 3.099999999999999978e-01
-1.301269203122676110e+01 1.917945353282491383e-01 -6.720000000000350582e+00 4.000000000000000000e+02 -6.626631355683415769e+00 -1.933934564237507914e+01 5.799999999999999600e-01
-1.301090562067260059e+01 1.911502171320150489e-01 -6.722500000000350973e+00 4.000000000000000000e+02 -6.626018080924353626e+00 -1.934123236761601561e+01 1.510000000000000009e+00
-1.300912575398534621e+01 1.906353164681677814e-01 -6.725000000000351363e+00 4.000000000000000000e+02 -6.625548099296159954e+00 -1.934326238598782410e+01 8.050000000000000488e-01
-1.300735264948759884e+01 1.909853663503669197e-01 -6.727500000000351754e+00 4.000000000000000000e+02 -6.619781845243825735e+00 -1.933999613193548939e+01 1.250000000000000000e-01
-1.300557689785313720e+01 1.907442585669312518e-01 -6.730000000000352145e+00 4.000000000000000000e+02 -6.618423958703620436e+00 -1.934113824539528537e+01 1.445000000000000062e+00
-1.300380631549275456e+01 1.896652663253260984e-01 -6.732500000000352536e+00 4.000000000000000000e+02 -6.613780506781035129e+00 -1.933899479347270045e+01 9.699999999999999734e-01
-1.300203507339745279e+01 1.897525854497946474e-01 -6.735000000000352927e+00 4.000000000000000000e+02 -6.609535225768784272e+00 -1.933724951246044910e+01 1.449999999999999900e-01
-1.300026387724421895e+01 1.901048691317850647e-01 -6.737500000000353317e+00 4.000000000000000000e+02 -6.608918121637223919e+00 -1.933913240832889002e+01 1.604999999999999982e+00
-1.299849913569723192e+01 1.897802367866285589e-01 -6.740000000000353708e+00 4.000000000000000000e+02 -6.607667156542271769e+00 -1.934038144323393738e+01 2.949999999999999845e-01
-1.299673970001134293e+01 1.896886745615851966e-01 -6.742500000000354099e+00 4.000000000000000000e+02 -6.607252728627790006e+00 -1.934246701531945689e+01 1.179999999999999938e+00
-1.299498701046650417e+01 1.899237083188857755e-01 -6.745000000000354490e+00 4.000000000000000000e+02 -6.607130594980719529e+00 -1.934484488167238680e+01 1.584999999999999964e+00
-1.299324153927108227e+01 1.903038137472828073e-01 -6.747500000000354881e+00 4.000000000000000000e+02 -6.604506328536371207e+00 -1.934472061522803799e+01 8.499999999999999778e-01
-1.299149889308706740e+01 1.899892633174097567e-01 -6.750000000000355271e+00 4.000000000000000000e+02 -6.604131265365857040e+00 -1.934684555205752687e+01 1.330000000000000071e+00
-1.298976296787995643e+01 1.903320223390978227e-01 -6.752500000000355662e+00 4.000000000000000000e+02 -6.601633743838717372e+00 -1.934684803053038493e+01 8.349999999999999645e-01
-1.298803005517915210e+01 1.903515757358520133e-01 -6.755000000000356053e+00 4.000000000000000000e+02 -6.599536439650351305e+00 -1.934725072634201837e+01 5.500000000000000444e-01
-1.298630083615801034e+01 1.905385036986858571e-01 -6.757500000000356444e+00 4.000000000000000000e+02 -6.599315110306625876e+00 -1.934952939699829599e+01 9.699999999999999734e-01
-1.298457852783321442e+01 1.898197768412155650e-01 -6.760000000000356835e+00 4.000000000000000000e+02 -6.594298911675550379e+00 -1.934701319836722178e+01 1.554999999999999938e+00
-1.298285485281984108e+01 1.896178121345988288e-01 -6.762500000000357225e+00 4.000000000000000000e+02 -6.592617487695478395e+00 -1.934783177438714930e+01 9.499999999999999556e-01
-1.298113555049561718e+01 1.892267193536202041e-01 -6.765000000000357616e+00 4.000000000000000000e+02 -6.591249368067212622e+00 -1.934896365475888302e+01 4.799999999999999822e-01
-1.297942113904107764e+01 1.888813896111534718e-01 -6.767500000000358007e+00 4.000000000000000000e+02 -6.589513720635514105e+00 -1.934972800732718667e+01 9.100000000000000311e-01
-1.297771096831819726e+01 1.889744938491447201e-01 -6.770000000000358398e+00 4.000000000000000000e+02 -6.583791791093095647e+00 -1.934650607778476683e+01 5.450000000000000400e-01
-1.297599821248889462e+01 1.887810562959658101e-01 -6.772500000000358789e+00 4.000000000000000000e+02 -6.580895552281194050e+00 -1.934610983897286474e+01 3.400000000000000244e-01
-1.297428770812203425e+01 1.891263996574297501e-01 -6.775000000000359179e+00 4.000000000000000000e+02 -6.580826985297571596e+00 -1.934854127198924090e+01 3.400000000000000244e-01
-1.297258426788662433e+01 1.880087507925206902e-01 -6.777500000000359570e+00 4.000000000000000000e+02 -6.576427863247416461e+00 -1.934664214993908971e+01 9.649999999999999689e-01
-1.297088049457014947e+01 1.879666199158780138e-01 -6.780000000000359961e+00 4.000000000000000000e+02 -6.574396211143529456e+00 -1.934711049783520309e+01 9.100000000000000311e-01
-1.296918041489881723e+01 1.883153269792769702e-01 -6.782500000000360352e+00 4.000000000000000000e+02 -6.573045996330608709e+00 -1.934826028302228096e+01 1.665000000000000036e+00
-1.296748516922899164e+01 1.886121926727731546e-01 -6.785000000000360743e+00 4.000000000000000000e+02 -6.568980403879828067e+00 -1.934669469057149982e+01 1.004999999999999893e+00
-1.296579014315281597e+01 1.887022169800971205e-01 -6.787500000000361133e+00 4.000000000000000000e+02 -6.567358712569713930e+00 -1.934757299926138785e+01 8.999999999999999667e-02
-1.296409946965827586e+01 1.889353204562861377e-01 -6.790000000000361524e+00 4.000000000000000000e+02 -6.566902979856075184e+00 -1.934961726654774949e+01 5.400000000000000355e-01
-1.296241509364637423e+01 1.889232571275672179e-01 -6.792500000000361915e+00 4.000000000000000000e+02 -6.561555689759753562e+00 -1.934676997645142649e+01 6.949999999999999512e-01
-1.296072875936210878e+01 1.889110472427447118e-01 -6.795000000000362306e+00 4.000000000000000000e+02 -6.559227527708200611e+00 -1.934694181439987659e+01 1.169999999999999929e+00
-1.295904555303466132e+01 1.886282892189301563e-01 -6.797500000000362697e+00 4.000000000000000000e+02 -6.557948438324616269e+00 -1.934816272501629086e+01 1.975000000000000089e+00
-1.295736722375031924e+01 1.861050142422432108e-01 -6.800000000000363087e+00 4.000000000000000000e+02 -6.556942922691862741e+00 -1.934965720938354039e+01 1.435000000000000053e+00
-1.295569420660842397e+01 1.855140098480887179e-01 -6.802500000000363478e+00 4.000000000000000000e+02 -6.554792693302321283e+00 -1.935000697999399932e+01 5.100000000000000089e-01
-1.295402456738396779e+01 1.851084020850461420e-01 -6.805000000000363869e+00 4.000000000000000000e+02 -6.552216809190512414e+00 -1.934993109588218729e+01 1.304999999999999938e+00
-1.295235758482128041e+01 1.859346756362387498e-01 -6.807500000000364260e+00 4.000000000000000000e+02 -6.552174074026176243e+00 -1.935238836071785329e+01 4.000000000000000083e-02
-1.295069745745754020e+01 1.862504712533817608e-01 -6.810000000000364651e+00 4.000000000000000000e+02 -6.544446812487182186e+00 -1.934716109917886229e+01 6.250000000000000000e-01
-1.294903140256124985e+01 1.863958617633824366e-01 -6.812500000000365041e+00 4.000000000000000000e+02 -6.543946265506951576e+00 -1.934916055219862940e+01 1.979999999999999982e+00
-1.294737143836695203e+01 1.855343734395372701e-01 -6.815000000000365432e+00 4.000000000000000000e+02 -6.541316977845182734e+00 -1.934903126453686184e+01 1.830000000000000071e+00
-1.294571401099438113e+01 1.837206525552618486e-01 -6.817500000000365823e+00 4.000000000000000000e+02 -6.540288372768606528e+00 -1.935050265946028603e+01 1.764999999999999902e+00
-1.294406175703819173e+01 1.835847066724033971e-01 -6.820000000000366214e+00 4.000000000000000000e+02 -6.537556230201497343e+00 -1.935027051689317545e+01 1.560000000000000053e+00
-1.294241184586816296e+01 1.855022297562549383e-01 -6.822500000000366605e+00 4.000000000000000000e+02 -6.534962616188883189e+00 -1.935017690288056258e+01 1.770000000000000018e+00
-1.294076449834095754e+01 1.849211799183298477e-01 -6.825000000000366995e+00 4.000000000000000000e+02 -6.532318147122309071e+00 -1.935003243381398619e+01 5.849999999999999645e-01
-1.293911962268389892e+01 1.851941915219841583e-01 -6.827500000000367386e+00 4.000000000000000000e+02 -6.530941269143243133e+00 -1.935115555583492153e+01 5.000000000000000104e-03
-1.293747929001626318e+01 1.846340396677220996e-01 -6.830000000000367777e+00 4.000000000000000000e+02 -6.520601460728742360e+00 -1.934331574742042292e+01 1.010000000000000009e+00
-1.293582876497264778e+01 1.846039047393062127e-01 -6.832500000000368168e+00 4.000000000000000000e+02 -6.516599648488702989e+00 -1.934181393518038306e+01 2.449999999999999956e-01
-1.293417848516258140e+01 1.844578406540806348e-01 -6.835000000000368559e+00 4.000000000000000000e+02 -6.513008084265284658e+00 -1.934072237095696423e+01 7.750000000000000222e-01
-1.293252912637228214e+01 1.843490380126294459e-01 -6.837500000000368949e+00 4.000000000000000000e+02 -6.512518130182627374e+00 -1.934273241687430911e+01 1.975000000000000089e+00
-1.293088578727573257e+01 1.838800679390828474e-01 -6.840000000000369340e+00 4.000000000000000000e+02 -6.509537095176342270e+00 -1.934225138186802440e+01 6.350000000000000089e-01
-1.292924435556348328e+01 1.844577804098962714e-01 -6.842500000000369731e+00 4.000000000000000000e+02 -6.506857389604985720e+00 -1.934207167629666912e+01 1.909999999999999920e+00
-1.292760531945837421e+01 1.839879309412117969e-01 -6.845000000000370122e+00 4.000000000000000000e+02 -6.506174889305056830e+00 -1.934388917599673974e+01 1.034999999999999920e+00
-1.292597193434384018e+01 1.824341664556175802e-01 -6.847500000000370513e+00 4.000000000000000000e+02 -6.505810560830072475e+00 -1.934602484752175400e+01 1.969999999999999973e+00
-1.292434468896633781e+01 1.821945738820196503e-01 -6.850000000000370903e+00 4.000000000000000000e+02 -6.501887380400954264e+00 -1.934460166709263973e+01 1.780000000000000027e+00
-1.292271777534875632e+01 1.814613820034718661e-01 -6.852500000000371294e+00 4.000000000000000000e+02 -6.500083380492494456e+00 -1.934529766718417676e+01 1.699999999999999956e+00
-1.292109463346330855e+01 1.804054128831321102e-01 -6.855000000000371685e+00 4.000000000000000000e+02 -6.493597586575750924e+00 -1.934131187326743628e+01 1.320000000000000062e+00
-1.291946765524618890e+01 1.803097061676995072e-01 -6.857500000000372076e+00 4.000000000000000000e+02 -6.490097197759229886e+00 -1.934031148445091475e+01 1.254999999999999893e+00
-1.291784169532897408e+01 1.803557689763919392e-01 -6.860000000000372467e+00 4.000000000000000000e+02 -6.486760436312254186e+00 -1.933947472300393855e+01 1.284999999999999920e+00
-1.291621701706919723e+01 1.802976848568524082e-01 -6.862500000000372857e+00 4.000000000000000000e+02 -6.485434723706481108e+00 -1.934064901039816675e+01 9.849999999999999867e-01
-1.291459687619337693e+01 1.803385117282648997e-01 -6.865000000000373248e+00 4.000000000000000000e+02 -6.483636924829895065e+00 -1.934135121152158021e+01 1.659999999999999920e+00
-1.291298049043752982e+01 1.812294486248548497e-01 -6.867500000000373639e+00 4.000000000000000000e+02 -6.482715386970049565e+00 -1.934292967366173599e+01 3.699999999999999956e-01
-1.291136925639640509e+01 1.811401794037955648e-01 -6.870000000000374030e+00 4.000000000000000000e+02 -6.481603496033394585e+00 -1.934431778272508140e+01 6.500000000000000222e-02
-1.290976284388513662e+01 1.811605368634600366e-01 -6.872500000000374420e+00 4.000000000000000000e+02 -6.473758486206191876e+00 -1.933897277289787908e+01 6.949999999999999512e-01
-1.290815041925221252e+01 1.819464056516964523e-01 -6.875000000000374811e+00 4.000000000000000000e+02 -6.470988583191110699e+00 -1.933870286988279830e+01 1.770000000000000018e+00
-1.290654015614100203e+01 1.822087320242634090e-01 -6.877500000000375202e+00 4.000000000000000000e+02 -6.470131577304257142e+00 -1.934034586399594602e+01 3.599999999999999867e-01
-1.290493511892287337e+01 1.816866378986448372e-01 -6.880000000000375593e+00 4.000000000000000000e+02 -6.469353076336258113e+00 -1.934206736302794738e+01 6.099999999999999867e-01
-1.290333540778729748e+01 1.814415015218420468e-01 -6.882500000000375984e+00 4.000000000000000000e+02 -6.462737566195838390e+00 -1.933795185288752805e+01 4.650000000000000244e-01
-1.290173167026281043e+01 1.807117469598814030e-01 -6.885000000000376374e+00 4.000000000000000000e+02 -6.461606205566196692e+00 -1.933932049225788319e+01 1.469999999999999973e+00
-1.290013268876975694e+01 1.806587474042128938e-01 -6.887500000000376765e+00 4.000000000000000000e+02 -6.461601751120713111e+00 -1.934181603781240355e+01 3.099999999999999978e-01
-1.289854023576483755e+01 1.795771534851802742e-01 -6.890000000000377156e+00 4.000000000000000000e+02 -6.460698558754335075e+00 -1.934341284544602502e+01 5.999999999999999778e-02
-1.289695284939506870e+01 1.784569489050247815e-01 -6.892500000000377547e+00 4.000000000000000000e+02 -6.460539399871000121e+00 -1.934575368656269134e+01 1.645000000000000018e+00
-1.289537168149112389e+01 1.782694991520682171e-01 -6.895000000000377938e+00 4.000000000000000000e+02 -6.460520401323965878e+00 -1.934823468801565483e+01 1.209999999999999964e+00
-1.289379691848661658e+01 1.782846569170226658e-01 -6.897500000000378328e+00 4.000000000000000000e+02 -6.459085543449966771e+00 -1.934929983014165700e+01 1.004999999999999893e+00
-1.289222630396584357e+01 1.780611556109484850e-01 -6.900000000000378719e+00 4.000000000000000000e+02 -6.458075534439829291e+00 -1.935078982113152080e+01 1.735000000000000098e+00
-1.289066048537206122e+01 1.783434508602577129e-01 -6.902500000000379110e+00 4.000000000000000000e+02 -6.455993725415747342e+00 -1.935120801210743835e+01 1.239999999999999991e+00
-1.288909776787393113e+01 1.783274805924678630e-01 -6.905000000000379501e+00 4.000000000000000000e+02 -6.454749688342923619e+00 -1.935246397503461679e+01 3.350000000000000200e-01
-1.288753944554955311e+01 1.788354805653804835e-01 -6.907500000000379892e+00 4.000000000000000000e+02 -6.453282421981841210e+00 -1.935349670867353211e+01 1.030000000000000027e+00
-1.288598515256689048e+01 1.784026011920629429e-01 -6.910000000000380282e+00 4.000000000000000000e+02 -6.451932958914094129e+00 -1.935464724560578986e+01 1.875000000000000000e+00
-1.288443505474952566e+01 1.776708781466111720e-01 -6.912500000000380673e+00 4.000000000000000000e+02 -6.451746017657767673e+00 -1.935696030434946024e+01 1.379999999999999893e+00
-1.288289092903875677e+01 1.770011989495254012e-01 -6.915000000000381064e+00 4.000000000000000000e+02 -6.451199652014373953e+00 -1.935891393870606692e+01 1.340000000000000080e+00
-1.288135219072861481e+01 1.766001616813927533e-01 -6.917500000000381455e+00 4.000000000000000000e+02 -6.448341442559262227e+00 -1.935855572925095558e+01 1.909999999999999920e+00
-1.287981526647724628e+01 1.754793265585569417e-01 -6.920000000000381846e+00 4.000000000000000000e+02 -6.446653478748182842e+00 -1.935936776543987747e+01 3.400000000000000244e-01
-1.287828194540026772e+01 1.766738066104084071e-01 -6.922500000000382236e+00 4.000000000000000000e+02 -6.446217085938672042e+00 -1.936143137263036706e+01 1.334999999999999964e+00
-1.287675412545868703e+01 1.766543856642522892e-01 -6.925000000000382627e+00 4.000000000000000000e+02 -6.442696297834295649e+00 -1.936041058452599017e+01 1.094999999999999973e+00
-1.287522707938308919e+01 1.754564369097847409e-01 -6.927500000000383018e+00 4.000000000000000000e+02 -6.440082640656026314e+00 -1.936029692734772212e+01 1.774999999999999911e+00
-1.287370218844931813e+01 1.740884693146654838e-01 -6.930000000000383409e+00 4.000000000000000000e+02 -6.439688439782551121e+00 -1.936240272647424732e+01 3.800000000000000044e-01
-1.287218281968740108e+01 1.752963936422614610e-01 -6.932500000000383800e+00 4.000000000000000000e+02 -6.435515596631367075e+00 -1.936072988332306366e+01 1.645000000000000018e+00
-1.287066321790049450e+01 1.749118331120438907e-01 -6.935000000000384190e+00 4.000000000000000000e+02 -6.435255906348136712e+00 -1.936297019303983191e+01 6.750000000000000444e-01
-1.286914931463942757e+01 1.747607638503776706e-01 -6.937500000000384581e+00 4.000000000000000000e+02 -6.434813926263338146e+00 -1.936502821295503551e+01 5.749999999999999556e-01
-1.286764080520898368e+01 1.748225543155984552e-01 -6.940000000000384972e+00 4.000000000000000000e+02 -6.434301564904677306e+00 -1.936701585159637773e+01 5.200000000000000178e-01
-1.286613755658717828e+01 1.742571563191511741e-01 -6.942500000000385363e+00 4.000000000000000000e+02 -6.432885331411442031e+00 -1.936809961810314107e+01 1.965000000000000080e+00
-1.286463818895603595e+01 1.737540943659757198e-01 -6.945000000000385754e+00 4.000000000000000000e+02 -6.432069383773003857e+00 -1.936978367046470240e+01 9.899999999999999911e-01
-1.286314358329290997e+01 1.738630891793440658e-01 -6.947500000000386144e+00 4.000000000000000000e+02 -6.430799482367391740e+00 -1.937101376905908978e+01 1.455000000000000071e+00
-1.286165304141587384e+01 1.731809685527821718e-01 -6.950000000000386535e+00 4.000000000000000000e+02 -6.430651861268865233e+00 -1.937336614796056722e+01 1.709999999999999964e+00
-1.286016821233877216e+01 1.726211605187358555e-01 -6.952500000000386926e+00 4.000000000000000000e+02 -6.428365315864401630e+00 -1.937357960255610223e+01 1.875000000000000000e+00
-1.285868590091617847e+01 1.713607607809734534e-01 -6.955000000000387317e+00 4.000000000000000000e+02 -6.428317393188773821e+00 -1.937603167988047304e+01 1.499999999999999944e-02
-1.285720940573046356e+01 1.740022660085505934e-01 -6.957500000000387708e+00 4.000000000000000000e+02 -6.428170081297784222e+00 -1.937838436798948294e+01 1.350000000000000089e-01
-1.285573854935663540e+01 1.747566052347248600e-01 -6.960000000000388098e+00 4.000000000000000000e+02 -6.427469080520673117e+00 -1.938018336721237489e+01 1.995000000000000107e+00
-1.285427249109813630e+01 1.749662798920897655e-01 -6.962500000000388489e+00 4.000000000000000000e+02 -6.427139136421812005e+00 -1.938235342311351417e+01 1.594999999999999973e+00
-1.285281175003048837e+01 1.741865271080702826e-01 -6.965000000000388880e+00 4.000000000000000000e+02 -6.425888256999800596e+00 -1.938360254369150226e+01 1.425000000000000044e+00
-1.285135495913252512e+01 1.740210446086436213e-01 -6.967500000000389271e+00 4.000000000000000000e+02 -6.424639939773413744e+00 -1.938485422646511580e+01 7.850000000000000311e-01
-1.284990210571480951e+01 1.743191912501791119e-01 -6.970000000000389662e+00 4.000000000000000000e+02 -6.422834648440753469e+00 -1.938554893513245503e+01 2.999999999999999889e-02
-1.284845236678396851e+01 1.735568391967738378e-01 -6.972500000000390052e+00 4.000000000000000000e+02 -6.422738190919630163e+00 -1.938795247761133211e+01 1.905000000000000027e+00
-1.284700819933226867e+01 1.732532702709876360e-01 -6.975000000000390443e+00 4.000000000000000000e+02 -6.420764681886407033e+00 -1.938847896857810937e+01 6.400000000000000133e-01
-1.284556687299097355e+01 1.731072908749211325e-01 -6.977500000000390834e+00 4.000000000000000000e+02 -6.413584786051016451e+00 -1.938379907274271829e+01 7.950000000000000400e-01
-1.284412087462612462e+01 1.731980331972349241e-01 -6.980000000000391225e+00 4.000000000000000000e+02 -6.405250564820753389e+00 -1.937796485151245918e+01 1.925000000000000044e+00
-1.284266852157111494e+01 1.731016779444337905e-01 -6.982500000000391616e+00 4.000000000000000000e+02 -6.404331062120982132e+00 -1.937954534881268742e+01 2.099999999999999922e-01
-1.284122056343023743e+01 1.727394456632069808e-01 -6.985000000000392006e+00 4.000000000000000000e+02 -6.401386638417191577e+00 -1.937910092510889370e+01 5.500000000000000028e-02
-1.283977405658644599e+01 1.726156047569907814e-01 -6.987500000000392397e+00 4.000000000000000000e+02 -6.401385373453893912e+00 -1.938159966014559998e+01 2.399999999999999911e-01
-1.283833324121827069e+01 1.732202043582747875e-01 -6.990000000000392788e+00 4.000000000000000000e+02 -6.400725021770991674e+00 -1.938343930846269814e+01 7.650000000000000133e-01
-1.283689714126172454e+01 1.733296769873736987e-01 -6.992500000000393179e+00 4.000000000000000000e+02 -6.396149811339047808e+00 -1.938136409803075466e+01 9.200000000000000400e-01
-1.283546012384465485e+01 1.741442029041114781e-01 -6.995000000000393570e+00 4.000000000000000000e+02 -6.395961648130006338e+00 -1.938367593482171003e+01 1.030000000000000027e+00
-1.283402847966393168e+01 1.747714592626165020e-01 -6.997500000000393960e+00 4.000000000000000000e+02 -6.390680617423396548e+00 -1.938089490411510241e+01 4.499999999999999833e-02
-1.283259490372284795e+01 1.744104084824136258e-01 -7.000000000000394351e+00 4.000000000000000000e+02 -6.383309238332770086e+00 -1.937602352502447900e+01 7.499999999999999722e-02
-1.283115639449795253e+01 1.742880770032080862e-01 -7.002500000000394742e+00 4.000000000000000000e+02 -6.381401877242605991e+00 -1.937661616393431530e+01 1.449999999999999900e-01
-1.282972080203892062e+01 1.738339409276990766e-01 -7.005000000000395133e+00 4.000000000000000000e+02 -6.377027449962263894e+00 -1.937474173665397004e+01 2.399999999999999911e-01
-1.282828457990596149e+01 1.738639760425769454e-01 -7.007500000000395524e+00 4.000000000000000000e+02 -6.375564202377559830e+00 -1.937577848906926903e+01 1.885000000000000009e+00
-1.282685190258582608e+01 1.740018549345390131e-01 -7.010000000000395914e+00 4.000000000000000000e+02 -6.375499233088371298e+00 -1.937821351978008266e+01 1.090000000000000080e+00
-1.282542475179671015e+01 1.731068179445087174e-01 -7.012500000000396305e+00 4.000000000000000000e+02 -6.375095082843125205e+00 -1.938030936953483518e+01 5.999999999999999778e-01
-1.282400261644726847e+01 1.714778337828529731e-01 -7.015000000000396696e+00 4.000000000000000000e+02 -6.372762498877591497e+00 -1.938047678556930009e+01 8.050000000000000488e-01
-1.282258273825653205e+01 1.718404412066585063e-01 -7.017500000000397087e+00 4.000000000000000000e+02 -6.371134283825335309e+00 -1.938134857051704429e+01 9.350000000000000533e-01
-1.282116610792170341e+01 1.719184462695878546e-01 -7.020000000000397478e+00 4.000000000000000000e+02 -6.370885772113216383e+00 -1.938360005880492665e+01 2.899999999999999800e-01
-1.281975466077742531e+01 1.715093821596828105e-01 -7.022500000000397868e+00 4.000000000000000000e+02 -6.370757293595872284e+00 -1.938597158028758116e+01 2.750000000000000222e-01
-1.281834853926151574e+01 1.705280734898384498e-01 -7.025000000000398259e+00 4.000000000000000000e+02 -6.369661802436568543e+00 -1.938737608912827781e+01 8.249999999999999556e-01
-1.281694636151911482e+01 1.707086583363451593e-01 -7.027500000000398650e+00 4.000000000000000000e+02 -6.367400986630632254e+00 -1.938761527332234280e+01 1.060000000000000053e+00
-1.281554648176131472e+01 1.713691353560084785e-01 -7.030000000000399041e+00 4.000000000000000000e+02 -6.367143887702837013e+00 -1.938985817439455062e+01 1.685000000000000053e+00
-1.281415168863360954e+01 1.711313172728881338e-01 -7.032500000000399432e+00 4.000000000000000000e+02 -6.364093214874275262e+00 -1.938930750156598748e+01 1.219999999999999973e+00
-1.281275807156263724e+01 1.710669320791381454e-01 -7.035000000000399822e+00 4.000000000000000000e+02 -6.361184597679299557e+00 -1.938889888437100950e+01 7.900000000000000355e-01
-1.281136582557380521e+01 1.715805562710265297e-01 -7.037500000000400213e+00 4.000000000000000000e+02 -6.359118051809326211e+00 -1.938933233850103832e+01 5.000000000000000104e-03
-1.280997611732598074e+01 1.688138066075690613e-01 -7.040000000000400604e+00 4.000000000000000000e+02 -6.355975854500131028e+00 -1.938869014119184442e+01 8.900000000000000133e-01
-1.280858744679141559e+01 1.687133285153561701e-01 -7.042500000000400995e+00 4.000000000000000000e+02 -6.354938367872819072e+00 -1.939015265456453108e+01 1.185000000000000053e+00
-1.280720272723673858e+01 1.688121012324901582e-01 -7.045000000000401386e+00 4.000000000000000000e+02 -6.352276577377465649e+00 -1.938999086406917982e+01 7.600000000000000089e-01
-1.280581969889103888e+01 1.679045939616128358e-01 -7.047500000000401776e+00 4.000000000000000000e+02 -6.350793321864705909e+00 -1.939100760855642136e+01 1.064999999999999947e+00
-1.280443998323419841e+01 1.674205054897270895e-01 -7.050000000000402167e+00 4.000000000000000000e+02 -6.348470163539165156e+00 -1.939118445023088100e+01 9.849999999999999867e-01
-1.280306241203589757e+01 1.674703150147984765e-01 -7.052500000000402558e+00 4.000000000000000000e+02 -6.348127190997685965e+00 -1.939334147768940042e+01 2.750000000000000222e-01
-1.280168969806921453e+01 1.684951679371098354e-01 -7.055000000000402949e+00 4.000000000000000000e+02 -6.346163234827250754e+00 -1.939387752151896649e+01 1.110000000000000098e+00
-1.280031959998954427e+01 1.666947028119600549e-01 -7.057500000000403340e+00 4.000000000000000000e+02 -6.345759501241151845e+00 -1.939597378793286708e+01 1.080000000000000071e+00
-1.279895423971224488e+01 1.665631779424665559e-01 -7.060000000000403730e+00 4.000000000000000000e+02 -6.341622247764705733e+00 -1.939433653445642136e+01 1.985000000000000098e+00
-1.279758850840572038e+01 1.671984852838784286e-01 -7.062500000000404121e+00 4.000000000000000000e+02 -6.341216639445482528e+00 -1.939643092613719944e+01 6.250000000000000000e-01
-1.279622749132253468e+01 1.675381303831000313e-01 -7.065000000000404512e+00 4.000000000000000000e+02 -6.338333931954323930e+00 -1.939604821864604034e+01 3.750000000000000000e-01
-1.279486780417996528e+01 1.676014005583125743e-01 -7.067500000000404903e+00 4.000000000000000000e+02 -6.333354937513923311e+00 -1.939356922420564189e+01 1.745000000000000107e+00
-1.279350659531352186e+01 1.676298137789036524e-01 -7.070000000000405294e+00 4.000000000000000000e+02 -6.332426640886453129e+00 -1.939514092757817210e+01 1.969999999999999973e+00
-1.279214937020036658e+01 1.665869575939768477e-01 -7.072500000000405684e+00 4.000000000000000000e+02 -6.331946566452424818e+00 -1.939716085314414329e+01 7.950000000000000400e-01
-1.279079671781660110e+01 1.658113507973942025e-01 -7.075000000000406075e+00 4.000000000000000000e+02 -6.330330366394380626e+00 -1.939804465308609949e+01 1.594999999999999973e+00
-1.278944708515691531e+01 1.659587535005873360e-01 -7.077500000000406466e+00 4.000000000000000000e+02 -6.322623746436404346e+00 -1.939283803312812182e+01 1.189999999999999947e+00
-1.278809224046103132e+01 1.660954729388534612e-01 -7.080000000000406857e+00 4.000000000000000000e+02 -6.321190424961399046e+00 -1.939390471165312135e+01 6.149999999999999911e-01
-1.278674067037056439e+01 1.665866707301438820e-01 -7.082500000000407248e+00 4.000000000000000000e+02 -6.321063152219416281e+00 -1.939627743891113454e+01 8.249999999999999556e-01
-1.278539412118601959e+01 1.665472941234575899e-01 -7.085000000000407638e+00 4.000000000000000000e+02 -6.316718807451934481e+00 -1.939443309414365402e+01 7.099999999999999645e-01
-1.278404690197980820e+01 1.660587720095779707e-01 -7.087500000000408029e+00 4.000000000000000000e+02 -6.315797667848203290e+00 -1.939601195453992233e+01 9.000000000000000222e-01
-1.278270361643984288e+01 1.660258419247683803e-01 -7.090000000000408420e+00 4.000000000000000000e+02 -6.314535963731565893e+00 -1.939725025042328710e+01 7.499999999999999722e-02
-1.278136379190942939e+01 1.661229322781769824e-01 -7.092500000000408811e+00 4.000000000000000000e+02 -6.312864553926543110e+00 -1.939807884061826471e+01 1.445000000000000062e+00
-1.278002686758747863e+01 1.668790213978752213e-01 -7.095000000000409202e+00 4.000000000000000000e+02 -6.310740136257498634e+00 -1.939845442294922151e+01 5.100000000000000089e-01
-1.277869222927222204e+01 1.677323608591566595e-01 -7.097500000000409592e+00 4.000000000000000000e+02 -6.309955807999680921e+00 -1.940017009469140419e+01 9.500000000000000111e-02
-1.277736165311185168e+01 1.672170600852652123e-01 -7.100000000000409983e+00 4.000000000000000000e+02 -6.307468276475536761e+00 -1.940018256316725953e+01 2.149999999999999967e-01
-1.277603286158919893e+01 1.673590587779824612e-01 -7.102500000000410374e+00 4.000000000000000000e+02 -6.306018356793686053e+00 -1.940123264348540744e+01 5.250000000000000222e-01
-1.277470722524265589e+01 1.672621988323443332e-01 -7.105000000000410765e+00 4.000000000000000000e+02 -6.301350281008560650e+00 -1.939906456770028242e+01 1.885000000000000009e+00
-1.277338047239805974e+01 1.672587837681590583e-01 -7.107500000000411156e+00 4.000000000000000000e+02 -6.300355132141506331e+00 -1.940056941883322850e+01 1.620000000000000107e+00
-1.277205746859762669e+01 1.666031759676704083e-01 -7.110000000000411546e+00 4.000000000000000000e+02 -6.298846558669123574e+00 -1.940156084536084791e+01 2.899999999999999800e-01
-1.277073752123903816e+01 1.666211947121370995e-01 -7.112500000000411937e+00 4.000000000000000000e+02 -6.297931840098340395e+00 -1.940314612679006601e+01 7.700000000000000178e-01
-1.276942140054576669e+01 1.662157755883143240e-01 -7.115000000000412328e+00 4.000000000000000000e+02 -6.294013711058198624e+00 -1.940172799774992285e+01 6.750000000000000444e-01
-1.276810514567867294e+01 1.651924278517941658e-01 -7.117500000000412719e+00 4.000000000000000000e+02 -6.293546350087613206e+00 -1.940376063677933871e+01 9.749999999999999778e-01
-1.276679328855151319e+01 1.650859222204852095e-01 -7.120000000000413110e+00 4.000000000000000000e+02 -6.286032203753737058e+00 -1.939874649044546473e+01 1.840000000000000080e+00
-1.276547656875008308e+01 1.650531387730915511e-01 -7.122500000000413500e+00 4.000000000000000000e+02 -6.285292676904058240e+00 -1.940050696359578453e+01 1.600000000000000033e-01
-1.276416389186774580e+01 1.647676478999931804e-01 -7.125000000000413891e+00 4.000000000000000000e+02 -6.283854059478985121e+00 -1.940156834617071269e+01 1.554999999999999938e+00
-1.276285432562483635e+01 1.640810288861947741e-01 -7.127500000000414282e+00 4.000000000000000000e+02 -6.281826152236457794e+00 -1.940204043892818575e+01 1.189999999999999947e+00
-1.276154708898215873e+01 1.644836834846072626e-01 -7.130000000000414673e+00 4.000000000000000000e+02 -6.281542499708835159e+00 -1.940425678640056262e+01 7.950000000000000400e-01
-1.276024444739867469e+01 1.646618327155084383e-01 -7.132500000000415064e+00 4.000000000000000000e+02 -6.280732815266230062e+00 -1.940594710195795614e+01 1.350000000000000089e-01
-1.275894569621016750e+01 1.649912534768263883e-01 -7.135000000000415454e+00 4.000000000000000000e+02 -6.279534786909009902e+00 -1.940724907360073814e+01 1.564999999999999947e+00
-1.275765031614120204e+01 1.652723510871729751e-01 -7.137500000000415845e+00 4.000000000000000000e+02 -6.276610049281958759e+00 -1.940682433597368828e+01 1.810000000000000053e+00
-1.275635606266508049e+01 1.657698598986130922e-01 -7.140000000000416236e+00 4.000000000000000000e+02 -6.271724128936931209e+00 -1.940443841562866112e+01 1.834999999999999964e+00
-1.275506039643925682e+01 1.655334967240727484e-01 -7.142500000000416627e+00 4.000000000000000000e+02 -6.267191980130752960e+00 -1.940240626682248148e+01 5.000000000000000000e-01
-1.275376377624495383e+01 1.655454243471286002e-01 -7.145000000000417018e+00 4.000000000000000000e+02 -6.265561830033723467e+00 -1.940327611672545061e+01 1.389999999999999902e+00
-1.275246996028435120e+01 1.656889338212392815e-01 -7.147500000000417408e+00 4.000000000000000000e+02 -6.265490187254201260e+00 -1.940570447394593145e+01 4.099999999999999756e-01
-1.275118094808257929e+01 1.652501905933963511e-01 -7.150000000000417799e+00 4.000000000000000000e+02 -6.262941724384259778e+00 -1.940565601107599036e+01 1.790000000000000036e+00
-1.274989353294430927e+01 1.656251983533842953e-01 -7.152500000000418190e+00 4.000000000000000000e+02 -6.259098979150675035e+00 -1.940431326584240423e+01 7.149999999999999689e-01
-1.274860604661710362e+01 1.654860646060861973e-01 -7.155000000000418581e+00 4.000000000000000000e+02 -6.257801278742864959e+00 -1.940551556543459455e+01 1.979999999999999982e+00
-1.274732175981296045e+01 1.658771961525605798e-01 -7.157500000000418972e+00 4.000000000000000000e+02 -6.257288402384015846e+00 -1.940750268907574849e+01 1.135000000000000009e+00
-1.274604166488969703e+01 1.656553704514942549e-01 -7.160000000000419362e+00 4.000000000000000000e+02 -6.253532370440017196e+00 -1.940624665713174934e+01 1.659999999999999920e+00
-1.274476160074925524e+01 1.656887785261864920e-01 -7.162500000000419753e+00 4.000000000000000000e+02 -6.252749230389263779e+00 -1.940796351708099721e+01 8.449999999999999734e-01
-1.274348536467785031e+01 1.655023202299709673e-01 -7.165000000000420144e+00 4.000000000000000000e+02 -6.246458614060038883e+00 -1.940417290075177092e+01 9.799999999999999822e-01
-1.274220591768057176e+01 1.654998858080184154e-01 -7.167500000000420535e+00 4.000000000000000000e+02 -6.244882198868949352e+00 -1.940509648556068356e+01 1.060000000000000053e+00
-1.274092928444674655e+01 1.653221820813970677e-01 -7.170000000000420926e+00 4.000000000000000000e+02 -6.244764059118809385e+00 -1.940747834581054576e+01 1.360000000000000098e+00
-1.273965731027037585e+01 1.655049441939823729e-01 -7.172500000000421316e+00 4.000000000000000000e+02 -6.243611616213216031e+00 -1.940882590290495102e+01 4.450000000000000067e-01
-1.273838866159994154e+01 1.653273484186694176e-01 -7.175000000000421707e+00 4.000000000000000000e+02 -6.241872831388119103e+00 -1.940958711807985182e+01 2.200000000000000011e-01
-1.273712258387385710e+01 1.658390573082894059e-01 -7.177500000000422098e+00 4.000000000000000000e+02 -6.239280329752260990e+00 -1.940949461644399676e+01 2.399999999999999911e-01
-1.273585799017624431e+01 1.660018396433856902e-01 -7.180000000000422489e+00 4.000000000000000000e+02 -6.238394041793197786e+00 -1.941110832848493573e+01 9.050000000000000266e-01
-1.273459702884198208e+01 1.669439824164118680e-01 -7.182500000000422880e+00 4.000000000000000000e+02 -6.236871801750440980e+00 -1.941208608844217665e+01 2.500000000000000139e-02
-1.273333888551807291e+01 1.665445141665109208e-01 -7.185000000000423270e+00 4.000000000000000000e+02 -6.235344752124051482e+00 -1.941305903881578843e+01 1.419999999999999929e+00
-1.273208354434155787e+01 1.654958875786823602e-01 -7.187500000000423661e+00 4.000000000000000000e+02 -6.233735458474118474e+00 -1.941394974516585492e+01 4.799999999999999822e-01
-1.273083089261336553e+01 1.649937247232504955e-01 -7.190000000000424052e+00 4.000000000000000000e+02 -6.232099075548014788e+00 -1.941481336223975163e+01 1.084999999999999964e+00
-1.272958088737545701e+01 1.651092955952508934e-01 -7.192500000000424443e+00 4.000000000000000000e+02 -6.231177724992812195e+00 -1.941639201168455031e+01 7.750000000000000222e-01
-1.272833441077496630e+01 1.650045327232045056e-01 -7.195000000000424834e+00 4.000000000000000000e+02 -6.227744594788620525e+00 -1.941545888148035814e+01 6.500000000000000222e-01
-1.272708832444903138e+01 1.645776263329837286e-01 -7.197500000000425224e+00 4.000000000000000000e+02 -6.226953270302909793e+00 -1.941716755699464869e+01 6.850000000000000533e-01
-1.272584591229433570e+01 1.643365785342969787e-01 -7.200000000000425615e+00 4.000000000000000000e+02 -6.224838063736150673e+00 -1.941755235042788996e+01 1.834999999999999964e+00
-1.272460551890341485e+01 1.634664178265611556e-01 -7.202500000000426006e+00 4.000000000000000000e+02 -6.223908917264033391e+00 -1.941912320395577041e+01 2.949999999999999845e-01
-1.272336860551502724e+01 1.637507290056973153e-01 -7.205000000000426397e+00 4.000000000000000000e+02 -6.223459412090975640e+00 -1.942117369878271305e+01 2.650000000000000133e-01
-1.272213574918809975e+01 1.636334813281807854e-01 -7.207500000000426787e+00 4.000000000000000000e+02 -6.223052111441101708e+00 -1.942326639813284217e+01 2.750000000000000222e-01
-1.272090698347008875e+01 1.636087670503190150e-01 -7.210000000000427178e+00 4.000000000000000000e+02 -6.220514160246584545e+00 -1.942322844693832451e+01 2.650000000000000133e-01
-1.271967967921625409e+01 1.642983941764115663e-01 -7.212500000000427569e+00 4.000000000000000000e+02 -6.218020947243069863e+00 -1.942323523393481111e+01 1.300000000000000044e+00
-1.271845388770632113e+01 1.646240826601968743e-01 -7.215000000000427960e+00 4.000000000000000000e+02 -6.216324351984034102e+00 -1.942403863867577485e+01 1.849999999999999978e-01
-1.271723057952669933e+01 1.633998203171744823e-01 -7.217500000000428351e+00 4.000000000000000000e+02 -6.216031159718306220e+00 -1.942624544641004647e+01 1.824999999999999956e+00
-1.271601145769526653e+01 1.637908372194850359e-01 -7.220000000000428741e+00 4.000000000000000000e+02 -6.213928268506493602e+00 -1.942664255519823513e+01 7.349999999999999867e-01
-1.271479430345675432e+01 1.638956231465394930e-01 -7.222500000000429132e+00 4.000000000000000000e+02 -6.213639335516329965e+00 -1.942885362220807366e+01 1.179999999999999938e+00
-1.271358131222265442e+01 1.642228621803833166e-01 -7.225000000000429523e+00 4.000000000000000000e+02 -6.213330495877825044e+00 -1.943104478256956469e+01 2.099999999999999922e-01
-1.271237244068375460e+01 1.651464255008047166e-01 -7.227500000000429914e+00 4.000000000000000000e+02 -6.208760541954832846e+00 -1.942897482864657377e+01 1.860000000000000098e+00
-1.271116252838831251e+01 1.651857123839619579e-01 -7.230000000000430305e+00 4.000000000000000000e+02 -6.205221183187611622e+00 -1.942793546987935471e+01 5.050000000000000044e-01
-1.270995282230533086e+01 1.640019289470054931e-01 -7.232500000000430695e+00 4.000000000000000000e+02 -6.205096498563533736e+00 -1.943031078525527633e+01 4.349999999999999978e-01
-1.270874744267206857e+01 1.643343272771238817e-01 -7.235000000000431086e+00 4.000000000000000000e+02 -6.205039051860008037e+00 -1.943275333855175191e+01 1.959999999999999964e+00
-1.270754644953776058e+01 1.643935270077201416e-01 -7.237500000000431477e+00 4.000000000000000000e+02 -6.200116866602296994e+00 -1.943033115329404126e+01 2.300000000000000100e-01
-1.270634398974618051e+01 1.645159538007401334e-01 -7.240000000000431868e+00 4.000000000000000000e+02 -6.194896585626208818e+00 -1.942761087231795614e+01 2.000000000000000000e+00
-1.270513970454922692e+01 1.638810505934715778e-01 -7.242500000000432259e+00 4.000000000000000000e+02 -6.194835820308795427e+00 -1.943005010700053958e+01 1.699999999999999956e+00
-1.270393979657878525e+01 1.641696718918281284e-01 -7.245000000000432649e+00 4.000000000000000000e+02 -6.186113597511051054e+00 -1.942382788420279383e+01 5.999999999999999778e-02
-1.270273385077574346e+01 1.645553188094595609e-01 -7.247500000000433040e+00 4.000000000000000000e+02 -6.185441443458168820e+00 -1.942565573014991287e+01 7.950000000000000400e-01
-1.270153155582190330e+01 1.640817812351538230e-01 -7.250000000000433431e+00 4.000000000000000000e+02 -6.184288711209723566e+00 -1.942700299790147156e+01 8.649999999999999911e-01
-1.270033232045518723e+01 1.639888550083841434e-01 -7.252500000000433822e+00 4.000000000000000000e+02 -6.179643708481045827e+00 -1.942485799517279332e+01 1.260000000000000009e+00
-1.269913195103506709e+01 1.635919120347822941e-01 -7.255000000000434213e+00 4.000000000000000000e+02 -6.179549162383275451e+00 -1.942726344907502067e+01 4.349999999999999978e-01
-1.269793589955803625e+01 1.635958247238366303e-01 -7.257500000000434603e+00 4.000000000000000000e+02 -6.179006216275902297e+00 -1.942922050296764880e+01 5.799999999999999600e-01
-1.269674361117417760e+01 1.638430280944615791e-01 -7.260000000000434994e+00 4.000000000000000000e+02 -6.176155470993270669e+00 -1.942886975768502111e+01 1.344999999999999973e+00
-1.269555232513315879e+01 1.638022252855074190e-01 -7.262500000000435385e+00 4.000000000000000000e+02 -6.174614156112755659e+00 -1.942982844280450294e+01 1.600000000000000089e+00
-1.269436359605139231e+01 1.634374412091478268e-01 -7.265000000000435776e+00 4.000000000000000000e+02 -6.172006737118890918e+00 -1.942972102381063948e+01 1.919999999999999929e+00
-1.269317615089722651e+01 1.640242762203660554e-01 -7.267500000000436167e+00 4.000000000000000000e+02 -6.171980314332478734e+00 -1.943219460102422858e+01 1.725000000000000089e+00
-1.269199304249239191e+01 1.639108184034787918e-01 -7.270000000000436557e+00 4.000000000000000000e+02 -6.170324281801498500e+00 -1.943303856849324873e+01 1.260000000000000009e+00
-1.269081232849515217e+01 1.630469356835571038e-01 -7.272500000000436948e+00 4.000000000000000000e+02 -6.169406334529910829e+00 -1.943462062122166145e+01 3.499999999999999778e-01
-1.268963487011622604e+01 1.628731825793815480e-01 -7.275000000000437339e+00 4.000000000000000000e+02 -6.166571819474651939e+00 -1.943428610616640029e+01 6.149999999999999911e-01
-1.268845840326640939e+01 1.626178768458858004e-01 -7.277500000000437730e+00 4.000000000000000000e+02 -6.166429180782719399e+00 -1.943664346747446814e+01 8.950000000000000178e-01
-1.268728608407942815e+01 1.627166160209691237e-01 -7.280000000000438121e+00 4.000000000000000000e+02 -6.163838399480678021e+00 -1.943655268617242982e+01 1.629999999999999893e+00
-1.268611503137296026e+01 1.633066741320480797e-01 -7.282500000000438511e+00 4.000000000000000000e+02 -6.162153432301705536e+00 -1.943736771899345683e+01 1.729999999999999982e+00
-1.268494630081197805e+01 1.631633065306309360e-01 -7.285000000000438902e+00 4.000000000000000000e+02 -6.155667297537475768e+00 -1.943338158422922746e+01 6.400000000000000133e-01
-1.268377427475327046e+01 1.629073004651177548e-01 -7.287500000000439293e+00 4.000000000000000000e+02 -6.155501248887603083e+00 -1.943571553557935516e+01 1.760000000000000009e+00
-1.268260634820223132e+01 1.630681937478289933e-01 -7.290000000000439684e+00 4.000000000000000000e+02 -6.150395172507020725e+00 -1.943310945919877497e+01 4.749999999999999778e-01
-1.268143674177203550e+01 1.626122033812467393e-01 -7.292500000000440075e+00 4.000000000000000000e+02 -6.149134671631589555e+00 -1.943434895832334064e+01 1.985000000000000098e+00
-1.268026994801461349e+01 1.622519605690542210e-01 -7.295000000000440465e+00 4.000000000000000000e+02 -6.146082400327227191e+00 -1.943379668701897955e+01 1.705000000000000071e+00
-1.267910387064012667e+01 1.623731488451546356e-01 -7.297500000000440856e+00 4.000000000000000000e+02 -6.144077072175694099e+00 -1.943429135886744774e+01 1.844999999999999973e+00
-1.267793972709470651e+01 1.619184592272530920e-01 -7.300000000000441247e+00 4.000000000000000000e+02 -6.143694645029873058e+00 -1.943640893172162976e+01 1.584999999999999964e+00
-1.267677939546441657e+01 1.615399921720903631e-01 -7.302500000000441638e+00 4.000000000000000000e+02 -6.137470392418888032e+00 -1.943268467911064334e+01 2.949999999999999845e-01
-1.267561608675039331e+01 1.617519375961320727e-01 -7.305000000000442029e+00 4.000000000000000000e+02 -6.137365183719839301e+00 -1.943507947041159412e+01 1.679999999999999938e+00
-1.267445690745623033e+01 1.622688382727505430e-01 -7.307500000000442419e+00 4.000000000000000000e+02 -6.132770976392144746e+00 -1.943298526308389995e+01 1.030000000000000027e+00
-1.267329664441888681e+01 1.628196962997405794e-01 -7.310000000000442810e+00 4.000000000000000000e+02 -6.131427875782814674e+00 -1.943414216247457205e+01 1.199999999999999956e-01
-1.267213906523331346e+01 1.631148234938291641e-01 -7.312500000000443201e+00 4.000000000000000000e+02 -6.131350784787267472e+00 -1.943656507147902346e+01 1.530000000000000027e+00
-1.267098562095002201e+01 1.632762698248781119e-01 -7.315000000000443592e+00 4.000000000000000000e+02 -6.130542198268120302e+00 -1.943825648495987579e+01 4.450000000000000067e-01
-1.266983545150487345e+01 1.633635182822225917e-01 -7.317500000000443983e+00 4.000000000000000000e+02 -6.127966288631405689e+00 -1.943818057532316246e+01 8.149999999999999467e-01
-1.266868651626795383e+01 1.634659867345119033e-01 -7.320000000000444373e+00 4.000000000000000000e+02 -6.125718885745267350e+00 -1.943843317243702629e+01 8.000000000000000167e-02
-1.266753918925028977e+01 1.637256636976924529e-01 -7.322500000000444764e+00 4.000000000000000000e+02 -6.124340365438616374e+00 -1.943955465213037570e+01 1.419999999999999929e+00
-1.266639446085752851e+01 1.632226791759242290e-01 -7.325000000000445155e+00 4.000000000000000000e+02 -6.115556752958769771e+00 -1.943327103965052771e+01 6.350000000000000089e-01
-1.266524383808900645e+01 1.634525939088792845e-01 -7.327500000000445546e+00 4.000000000000000000e+02 -6.113892989862723226e+00 -1.943410727655448156e+01 8.000000000000000444e-01
-1.266409549786603961e+01 1.636510057806399576e-01 -7.330000000000445937e+00 4.000000000000000000e+02 -6.112909040510643877e+00 -1.943562332720240349e+01 1.939999999999999947e+00
-1.266295021144880195e+01 1.635136933921292612e-01 -7.332500000000446327e+00 4.000000000000000000e+02 -6.111966583556356802e+00 -1.943718087024811680e+01 8.750000000000000000e-01
-1.266180801460109606e+01 1.635034715017246454e-01 -7.335000000000446718e+00 4.000000000000000000e+02 -6.109714309780333252e+00 -1.943742859647209187e+01 1.000000000000000000e+00
-1.266066740331193152e+01 1.636677718842016460e-01 -7.337500000000447109e+00 4.000000000000000000e+02 -6.109182669472724037e+00 -1.943939695616448304e+01 6.049999999999999822e-01
-1.265953033063126298e+01 1.642454507599543923e-01 -7.340000000000447500e+00 4.000000000000000000e+02 -6.108466559025833575e+00 -1.944118084571759653e+01 1.419999999999999929e+00
-1.265839657257156503e+01 1.641728841802126138e-01 -7.342500000000447891e+00 4.000000000000000000e+02 -6.108290304737389320e+00 -1.944350459142915000e+01 1.495000000000000107e+00
-1.265726672550594856e+01 1.640199089714296787e-01 -7.345000000000448281e+00 4.000000000000000000e+02 -6.107178431153256426e+00 -1.944489271784501483e+01 1.659999999999999920e+00
-1.265613971818605599e+01 1.637490466053278804e-01 -7.347500000000448672e+00 4.000000000000000000e+02 -6.106254199628884827e+00 -1.944646848632064717e+01 1.100000000000000006e-01
-1.265501575109270682e+01 1.637783460138068081e-01 -7.350000000000449063e+00 4.000000000000000000e+02 -6.105436350715254257e+00 -1.944815063740701788e+01 1.564999999999999947e+00
-1.265389493179837643e+01 1.638063053260962465e-01 -7.352500000000449454e+00 4.000000000000000000e+02 -6.100012720921856868e+00 -1.944522700761361733e+01 1.524999999999999911e+00
-1.265277209119177648e+01 1.645286029651755189e-01 -7.355000000000449845e+00 4.000000000000000000e+02 -6.095712059341058975e+00 -1.944342634603282249e+01 1.250000000000000000e+00
-1.265164848966982625e+01 1.647449113198850290e-01 -7.357500000000450235e+00 4.000000000000000000e+02 -6.094848235638362866e+00 -1.944506252233012589e+01 1.764999999999999902e+00
-1.265052798302924231e+01 1.643851648513368069e-01 -7.360000000000450626e+00 4.000000000000000000e+02 -6.088690984417433505e+00 -1.944140527110919692e+01 1.635000000000000009e+00
-1.264940463193914688e+01 1.640182540961332980e-01 -7.362500000000451017e+00 4.000000000000000000e+02 -6.088603071313524850e+00 -1.944381735800529043e+01 6.800000000000000488e-01
-1.264828524315677782e+01 1.638882228947846353e-01 -7.365000000000451408e+00 4.000000000000000000e+02 -6.087768944995418430e+00 -1.944548323168718085e+01 5.300000000000000266e-01
-1.264716896609096963e+01 1.640711329147469810e-01 -7.367500000000451799e+00 4.000000000000000000e+02 -6.087064225612280666e+00 -1.944727851230404525e+01 1.635000000000000009e+00
-1.264605593259794603e+01 1.636372786964238324e-01 -7.370000000000452189e+00 4.000000000000000000e+02 -6.086510966627587393e+00 -1.944922525331935503e+01 3.950000000000000178e-01
-1.264494629764559264e+01 1.633294867747980272e-01 -7.372500000000452580e+00 4.000000000000000000e+02 -6.085807651396797802e+00 -1.945102193808856228e+01 9.549999999999999600e-01
-1.264383988118452429e+01 1.633109604098166023e-01 -7.375000000000452971e+00 4.000000000000000000e+02 -6.084723873489759960e+00 -1.945243816018152572e+01 7.499999999999999722e-02
-1.264273625075712459e+01 1.628164615485924727e-01 -7.377500000000453362e+00 4.000000000000000000e+02 -6.083425288441801193e+00 -1.945363957513356823e+01 1.945000000000000062e+00
-1.264163515991985420e+01 1.631638302904044324e-01 -7.380000000000453753e+00 4.000000000000000000e+02 -6.083349354727729086e+00 -1.945606364141949740e+01 1.635000000000000009e+00
-1.264053794164243349e+01 1.632142807396723960e-01 -7.382500000000454143e+00 4.000000000000000000e+02 -6.083321690416084948e+00 -1.945853597710785010e+01 1.199999999999999956e+00
-1.263944463082653158e+01 1.631497286339050612e-01 -7.385000000000454534e+00 4.000000000000000000e+02 -6.081982890328681890e+00 -1.945969717702044832e+01 1.750000000000000000e+00
-1.263835378077272686e+01 1.626952425349846021e-01 -7.387500000000454925e+00 4.000000000000000000e+02 -6.081852985848903437e+00 -1.946206727254067204e+01 2.750000000000000222e-01
-1.263726669751815557e+01 1.632276962278889909e-01 -7.390000000000455316e+00 4.000000000000000000e+02 -6.080610917569741147e+00 -1.946332520426150836e+01 1.965000000000000080e+00
-1.263618215912319620e+01 1.635393725769316853e-01 -7.392500000000455707e+00 4.000000000000000000e+02 -6.077723736736794002e+00 -1.946293802342856338e+01 1.469999999999999973e+00
-1.263509837636609312e+01 1.638851177967382000e-01 -7.395000000000456097e+00 4.000000000000000000e+02 -6.077151748413129440e+00 -1.946486603510489743e+01 5.849999999999999645e-01
-1.263401785106914943e+01 1.652767937255409658e-01 -7.397500000000456488e+00 4.000000000000000000e+02 -6.074657661378127571e+00 -1.946487194806989862e+01 1.350000000000000089e-01
-1.263293849842579775e+01 1.660179411331175747e-01 -7.400000000000456879e+00 4.000000000000000000e+02 -6.073800487522928115e+00 -1.946651477421469778e+01 4.299999999999999933e-01
-1.263186207839915554e+01 1.659337123862935359e-01 -7.402500000000457270e+00 4.000000000000000000e+02 -6.073668816171512219e+00 -1.946888310286328050e+01 7.600000000000000089e-01
-1.263078935800505498e+01 1.667036196443679452e-01 -7.405000000000457661e+00 4.000000000000000000e+02 -6.072708637032030232e+00 -1.947042292372379890e+01 9.599999999999999645e-01
-1.262971943498281391e+01 1.661590191276058615e-01 -7.407500000000458051e+00 4.000000000000000000e+02 -6.068521061653648019e+00 -1.946873534834541886e+01 5.849999999999999645e-01
-1.262864885126969661e+01 1.663718711841628839e-01 -7.410000000000458442e+00 4.000000000000000000e+02 -6.067635132691035160e+00 -1.947034941938280639e+01 1.465000000000000080e+00
-1.262758113631785228e+01 1.664031067537572739e-01 -7.412500000000458833e+00 4.000000000000000000e+02 -6.067428022823873057e+00 -1.947264230951564556e+01 2.399999999999999911e-01
-1.262651700160657775e+01 1.664229121149983504e-01 -7.415000000000459224e+00 4.000000000000000000e+02 -6.065385714688521723e+00 -1.947310000138029196e+01 3.850000000000000089e-01
-1.262545448423279026e+01 1.665672536283976657e-01 -7.417500000000459615e+00 4.000000000000000000e+02 -6.065352506027914536e+00 -1.947556679271968605e+01 1.080000000000000071e+00
-1.262439570822025736e+01 1.670611764764070861e-01 -7.420000000000460005e+00 4.000000000000000000e+02 -6.064267410826069238e+00 -1.947698169751784292e+01 1.645000000000000018e+00
-1.262333954666403635e+01 1.684208906148020601e-01 -7.422500000000460396e+00 4.000000000000000000e+02 -6.063450478033949764e+00 -1.947866476472572117e+01 3.649999999999999911e-01
-1.262228627269618109e+01 1.681483119026173367e-01 -7.425000000000460787e+00 4.000000000000000000e+02 -6.062231671915728093e+00 -1.947994595860750167e+01 1.205000000000000071e+00
-1.262123545340480035e+01 1.674282934344509532e-01 -7.427500000000461178e+00 4.000000000000000000e+02 -6.062008885374132738e+00 -1.948222317206590759e+01 8.499999999999999778e-01
-1.262018812363389664e+01 1.672274829433127996e-01 -7.430000000000461569e+00 4.000000000000000000e+02 -6.061643035551245617e+00 -1.948435732224302086e+01 7.000000000000000666e-02
-1.261914411889086196e+01 1.664731557256801664e-01 -7.432500000000461959e+00 4.000000000000000000e+02 -6.061438556866730387e+00 -1.948665284355850602e+01 1.110000000000000098e+00
-1.261810359300351614e+01 1.672653879649869113e-01 -7.435000000000462350e+00 4.000000000000000000e+02 -6.060423874647913323e+00 -1.948813816133968757e+01 1.449999999999999956e+00
-1.261706569064375216e+01 1.672592649911172902e-01 -7.437500000000462741e+00 4.000000000000000000e+02 -6.059197942556423300e+00 -1.948941222924819883e+01 1.334999999999999964e+00
-1.261603018387108399e+01 1.675206064164009856e-01 -7.440000000000463132e+00 4.000000000000000000e+02 -6.058784122816075701e+00 -1.949149840950785162e+01 3.449999999999999734e-01
-1.261499790292099199e+01 1.677311545794249459e-01 -7.442500000000463523e+00 4.000000000000000000e+02 -6.057885233155980487e+00 -1.949309951984775680e+01 1.000000000000000021e-02
-1.261396833539733109e+01 1.680131335789726843e-01 -7.445000000000463913e+00 4.000000000000000000e+02 -6.053853876435407955e+00 -1.949156816312718377e+01 7.950000000000000400e-01
-1.261293825138422875e+01 1.687873190445159655e-01 -7.447500000000464304e+00 4.000000000000000000e+02 -6.053411605668177486e+00 -1.949362589235995458e+01 3.599999999999999867e-01
-1.261191134154245042e+01 1.684343581193825934e-01 -7.450000000000464695e+00 4.000000000000000000e+02 -6.048686123826370498e+00 -1.949140041051814976e+01 1.409999999999999920e+00
-1.261088320077027092e+01 1.685418359908203989e-01 -7.452500000000465086e+00 4.000000000000000000e+02 -6.048638960223672534e+00 -1.949385324691544952e+01 3.649999999999999911e-01
-1.260985863088115266e+01 1.682514322999139611e-01 -7.455000000000465477e+00 4.000000000000000000e+02 -6.048031050277467457e+00 -1.949574533696924306e+01 1.379999999999999893e+00
-1.260883704343659062e+01 1.687088922232349575e-01 -7.457500000000465867e+00 4.000000000000000000e+02 -6.047298921083619661e+00 -1.949751320777539831e+01 2.000000000000000111e-01
-1.260781830024769334e+01 1.692996500573621665e-01 -7.460000000000466258e+00 4.000000000000000000e+02 -6.045912532268485684e+00 -1.949862681896026473e+01 1.830000000000000071e+00
-1.260680172596324411e+01 1.692361270061384371e-01 -7.462500000000466649e+00 4.000000000000000000e+02 -6.044475573261530066e+00 -1.949968985995331039e+01 7.199999999999999734e-01
-1.260578726249463699e+01 1.689713416047879113e-01 -7.465000000000467040e+00 4.000000000000000000e+02 -6.043894665634963914e+00 -1.950160895232674108e+01 1.260000000000000009e+00
-1.260477576914803777e+01 1.687172367403257933e-01 -7.467500000000467431e+00 4.000000000000000000e+02 -6.042309454713219452e+00 -1.950252374140499967e+01 1.500000000000000000e+00
-1.260376622136566027e+01 1.687520494402561522e-01 -7.470000000000467821e+00 4.000000000000000000e+02 -6.041322357558583711e+00 -1.950403664425036609e+01 4.000000000000000083e-02
-1.260275921562852375e+01 1.689606368694744343e-01 -7.472500000000468212e+00 4.000000000000000000e+02 -6.039146383205785895e+00 -1.950436066989756512e+01 7.700000000000000178e-01
-1.260175354868269260e+01 1.690905212947720060e-01 -7.475000000000468603e+00 4.000000000000000000e+02 -6.038386153631638109e+00 -1.950610044032341861e+01 1.534999999999999920e+00
-1.260075063756371883e+01 1.692115075176004180e-01 -7.477500000000468994e+00 4.000000000000000000e+02 -6.036783963407058806e+00 -1.950699825009883881e+01 9.499999999999999556e-01
-1.259974962993551983e+01 1.692075403428530689e-01 -7.480000000000469385e+00 4.000000000000000000e+02 -6.036533861570986481e+00 -1.950924814826277043e+01 1.145000000000000018e+00
-1.259875186958475446e+01 1.692922393006330017e-01 -7.482500000000469775e+00 4.000000000000000000e+02 -6.034260235187135279e+00 -1.950947452187891784e+01 6.750000000000000444e-01
-1.259775532927104891e+01 1.690405379033416422e-01 -7.485000000000470166e+00 4.000000000000000000e+02 -6.033557902732582967e+00 -1.951127218942436414e+01 8.050000000000000488e-01
-1.259676156823025295e+01 1.691706507286497019e-01 -7.487500000000470557e+00 4.000000000000000000e+02 -6.032208194895867237e+00 -1.951242248158764880e+01 2.000000000000000042e-02
-1.259576993452854587e+01 1.693917036763754047e-01 -7.490000000000470948e+00 4.000000000000000000e+02 -6.031934486666879813e+00 -1.951464877335866532e+01 1.090000000000000080e+00
-1.259478148512746465e+01 1.690757895281643219e-01 -7.492500000000471339e+00 4.000000000000000000e+02 -6.030672396523820034e+00 -1.951588668321560505e+01 1.554999999999999938e+00
-1.259379523283833358e+01 1.686572603798257020e-01 -7.495000000000471729e+00 4.000000000000000000e+02 -6.030293444004612979e+00 -1.951800773069639661e+01 8.299999999999999600e-01
-1.259281203887064748e+01 1.687722478144325633e-01 -7.497500000000472120e+00 4.000000000000000000e+02 -6.030249693805024513e+00 -1.952046398049681031e+01 6.800000000000000488e-01
-1.259183221908119421e+01 1.686112854482854084e-01 -7.500000000000472511e+00 4.000000000000000000e+02 -6.029679932930150699e+00 -1.952239421962193688e+01 4.550000000000000155e-01
-1.259085524508994069e+01 1.685224101370768612e-01 -7.502500000000472902e+00 4.000000000000000000e+02 -6.026582788933407819e+00 -1.952179707562519440e+01 2.149999999999999967e-01
-1.258987864193113992e+01 1.683084076199929113e-01 -7.505000000000473293e+00 4.000000000000000000e+02 -6.026471393582943925e+00 -1.952418568027473000e+01 5.899999999999999689e-01
-1.258890531812508762e+01 1.683735151448231548e-01 -7.507500000000473683e+00 4.000000000000000000e+02 -6.026194534094678090e+00 -1.952640882078646456e+01 1.514999999999999902e+00
-1.258793509904035979e+01 1.685394486030607764e-01 -7.510000000000474074e+00 4.000000000000000000e+02 -6.023937160742814712e+00 -1.952665144743460246e+01 1.179999999999999938e+00
-1.258696605539878455e+01 1.687316329183027042e-01 -7.512500000000474465e+00 4.000000000000000000e+02 -6.021462772985257672e+00 -1.952667705967704492e+01 1.905000000000000027e+00
-1.258599797467680403e+01 1.699883552379993779e-01 -7.515000000000474856e+00 4.000000000000000000e+02 -6.020156056856952986e+00 -1.952787034354874152e+01 4.249999999999999889e-01
-1.258503198306146231e+01 1.701167683065598901e-01 -7.517500000000475247e+00 4.000000000000000000e+02 -6.019890612025818655e+00 -1.953010489871760669e+01 3.599999999999999867e-01
-1.258406907671953334e+01 1.700290247363905882e-01 -7.520000000000475637e+00 4.000000000000000000e+02 -6.019320427747019586e+00 -1.953203471443880801e+01 7.600000000000000089e-01
-1.258310895043836553e+01 1.700109740074081388e-01 -7.522500000000476028e+00 4.000000000000000000e+02 -6.016885127848397019e+00 -1.953209941454018406e+01 1.340000000000000080e+00
-1.258214980714442888e+01 1.708234076626941877e-01 -7.525000000000476419e+00 4.000000000000000000e+02 -6.016511826748073943e+00 -1.953422611343986404e+01 5.799999999999999600e-01
-1.258119361764093291e+01 1.709709975561773954e-01 -7.527500000000476810e+00 4.000000000000000000e+02 -6.016387957905460659e+00 -1.953660224459725114e+01 1.499999999999999944e-01
-1.258024060764913798e+01 1.709948829106162083e-01 -7.530000000000477201e+00 4.000000000000000000e+02 -6.015935116058593657e+00 -1.953864940275038364e+01 2.949999999999999845e-01
-1.257929045120694944e+01 1.714476790554571028e-01 -7.532500000000477591e+00 4.000000000000000000e+02 -6.014779374237241072e+00 -1.953999366092903145e+01 1.750000000000000000e+00
-1.257834247128672089e+01 1.714603056169674566e-01 -7.535000000000477982e+00 4.000000000000000000e+02 -6.013207012675578333e+00 -1.954092129936736910e+01 3.499999999999999778e-01
-1.257739626690846002e+01 1.709496021043573066e-01 -7.537500000000478373e+00 4.000000000000000000e+02 -6.012079720015840678e+00 -1.954229400670763184e+01 1.209999999999999964e+00
-1.257645225311841486e+01 1.714279913205282724e-01 -7.540000000000478764e+00 4.000000000000000000e+02 -6.010278294182915815e+00 -1.954299258087471003e+01 1.225000000000000089e+00
-1.257550978795135244e+01 1.716103781098367032e-01 -7.542500000000479154e+00 4.000000000000000000e+02 -6.009595887914004564e+00 -1.954481017460579650e+01 6.099999999999999867e-01
-1.257456991923679368e+01 1.718943717456057063e-01 -7.545000000000479545e+00 4.000000000000000000e+02 -6.005881297034406430e+00 -1.954359558372619787e+01 1.284999999999999920e+00
-1.257362979240534706e+01 1.720842705186870214e-01 -7.547500000000479936e+00 4.000000000000000000e+02 -6.005779339722476351e+00 -1.954599362641426907e+01 2.099999999999999922e-01
-1.257269279717698751e+01 1.722571337588043594e-01 -7.550000000000480327e+00 4.000000000000000000e+02 -6.003655576934877836e+00 -1.954636986362667272e+01 6.199999999999999956e-01
-1.257175703105838238e+01 1.724004281103103664e-01 -7.552500000000480718e+00 4.000000000000000000e+02 -6.000151230854225304e+00 -1.954536551754601703e+01 1.024999999999999911e+00
-1.257082120079279086e+01 1.713123327395334461e-01 -7.555000000000481108e+00 4.000000000000000000e+02 -5.999774630933970343e+00 -1.954748891762576335e+01 1.495000000000000107e+00
-1.256988822773978498e+01 1.712546573930449623e-01 -7.557500000000481499e+00 4.000000000000000000e+02 -5.995315853364718173e+00 -1.954553014005651335e+01 1.639999999999999902e+00
-1.256895429759476457e+01 1.711611908444201358e-01 -7.560000000000481890e+00 4.000000000000000000e+02 -5.989811710029913527e+00 -1.954252599672170732e+01 4.149999999999999800e-01
-1.256801843291791876e+01 1.713424546010743343e-01 -7.562500000000482281e+00 4.000000000000000000e+02 -5.987929254458452810e+00 -1.954314354115024699e+01 1.799999999999999933e-01
-1.256708402021473425e+01 1.715468325575194575e-01 -7.565000000000482672e+00 4.000000000000000000e+02 -5.985129717575977892e+00 -1.954284400426777069e+01 1.705000000000000071e+00
-1.256615020028249141e+01 1.713612595124591742e-01 -7.567500000000483062e+00 4.000000000000000000e+02 -5.980729051052539269e+00 -1.954094333774433423e+01 1.040000000000000036e+00
-1.256521547747506062e+01 1.711654879151952857e-01 -7.570000000000483453e+00 4.000000000000000000e+02 -5.977873275923696994e+00 -1.954058756261549235e+01 5.000000000000000104e-03
-1.256428129541399130e+01 1.712077529977358570e-01 -7.572500000000483844e+00 4.000000000000000000e+02 -5.974037589757590361e+00 -1.953925187644938788e+01 1.020000000000000018e+00
-1.256334673837492844e+01 1.719020764652585409e-01 -7.575000000000484235e+00 4.000000000000000000e+02 -5.974032799421008733e+00 -1.954174708611280664e+01 3.950000000000000178e-01
-1.256241537966839417e+01 1.722145875652350555e-01 -7.577500000000484626e+00 4.000000000000000000e+02 -5.973014454732257228e+00 -1.954322874142405553e+01 1.604999999999999982e+00
-1.256148626459171602e+01 1.722435989908571163e-01 -7.580000000000485016e+00 4.000000000000000000e+02 -5.971743412119083771e+00 -1.954445769881088069e+01 8.100000000000000533e-01
-1.256055915152249547e+01 1.712090167721955769e-01 -7.582500000000485407e+00 4.000000000000000000e+02 -5.971448377903490368e+00 -1.954666266459528856e+01 1.125000000000000000e+00
-1.255963493636245509e+01 1.711383076273383097e-01 -7.585000000000485798e+00 4.000000000000000000e+02 -5.968410132588281236e+00 -1.954612441928007982e+01 1.794999999999999929e+00
-1.255871107768806816e+01 1.705290357798359968e-01 -7.587500000000486189e+00 4.000000000000000000e+02 -5.967209537995688429e+00 -1.954742382468748829e+01 4.099999999999999756e-01
-1.255778926976856091e+01 1.701126002188529940e-01 -7.590000000000486580e+00 4.000000000000000000e+02 -5.967041454828495795e+00 -1.954975574152029694e+01 1.794999999999999929e+00
-1.255687045490888032e+01 1.698567027150240660e-01 -7.592500000000486970e+00 4.000000000000000000e+02 -5.966053379542693769e+00 -1.955126766623449441e+01 1.375000000000000000e+00
-1.255595386971463689e+01 1.698686146412733966e-01 -7.595000000000487361e+00 4.000000000000000000e+02 -5.965740810664762250e+00 -1.955345509735656151e+01 9.549999999999999600e-01
-1.255504012390730928e+01 1.699071373054705514e-01 -7.597500000000487752e+00 4.000000000000000000e+02 -5.960568406765100136e+00 -1.955078269345690245e+01 6.650000000000000355e-01
-1.255412477045553565e+01 1.694746808481578104e-01 -7.600000000000488143e+00 4.000000000000000000e+02 -5.960396893506087146e+00 -1.955311118019788807e+01 1.020000000000000018e+00
-1.255321238010142437e+01 1.696035996448544414e-01 -7.602500000000488534e+00 4.000000000000000000e+02 -5.958336456416434501e+00 -1.955355074310823582e+01 8.449999999999999734e-01
-1.255230122186157260e+01 1.698884273822557356e-01 -7.605000000000488924e+00 4.000000000000000000e+02 -5.954643846799204887e+00 -1.955235813349100482e+01 3.900000000000000133e-01
-1.255138980725573283e+01 1.700680779087154204e-01 -7.607500000000489315e+00 4.000000000000000000e+02 -5.954602068227707434e+00 -1.955481635491950954e+01 2.399999999999999911e-01
-1.255048145722483000e+01 1.699500752805372106e-01 -7.610000000000489706e+00 4.000000000000000000e+02 -5.954282628576827996e+00 -1.955699691526863049e+01 5.699999999999999512e-01
-1.254957590740871609e+01 1.702680947124552147e-01 -7.612500000000490097e+00 4.000000000000000000e+02 -5.949529130665457188e+00 -1.955474341735725829e+01 2.099999999999999922e-01
-1.254866913668903017e+01 1.704339205855087691e-01 -7.615000000000490488e+00 4.000000000000000000e+02 -5.947780437006676912e+00 -1.955549472369848019e+01 1.104999999999999982e+00
-1.254776386753954220e+01 1.704924235004780797e-01 -7.617500000000490878e+00 4.000000000000000000e+02 -5.946442800535336026e+00 -1.955665708722714058e+01 2.999999999999999889e-01
-1.254686046737605487e+01 1.706045080847481410e-01 -7.620000000000491269e+00 4.000000000000000000e+02 -5.946304475812199009e+00 -1.955901876250400306e+01 7.800000000000000266e-01
-1.254596001074658318e+01 1.703835495760963881e-01 -7.622500000000491660e+00 4.000000000000000000e+02 -5.945219375471165968e+00 -1.956043366216297130e+01 1.794999999999999929e+00
-1.254506163564813725e+01 1.687584773306682051e-01 -7.625000000000492051e+00 4.000000000000000000e+02 -5.943529011767603620e+00 -1.956124329845940935e+01 1.675000000000000044e+00
-1.254416479298764564e+01 1.686820366809691774e-01 -7.627500000000492442e+00 4.000000000000000000e+02 -5.938208859424372932e+00 -1.955842314611617638e+01 3.400000000000000244e-01
-1.254326622453663909e+01 1.687800357417355290e-01 -7.630000000000492832e+00 4.000000000000000000e+02 -5.937614893720589926e+00 -1.956032918041239554e+01 1.000000000000000000e+00
-1.254237017155533707e+01 1.675275409719966524e-01 -7.632500000000493223e+00 4.000000000000000000e+02 -5.935256932848353983e+00 -1.956047121954016177e+01 1.000000000000000021e-02
-1.254147504786094736e+01 1.673285532170547540e-01 -7.635000000000493614e+00 4.000000000000000000e+02 -5.935118411512349645e+00 -1.956283269820415427e+01 1.340000000000000080e+00
-1.254058283318911293e+01 1.673769031525387807e-01 -7.637500000000494005e+00 4.000000000000000000e+02 -5.931913848465176109e+00 -1.956212813515698201e+01 1.969999999999999973e+00
-1.253969078585245711e+01 1.678144152760739083e-01 -7.640000000000494396e+00 4.000000000000000000e+02 -5.924939967946232677e+00 -1.955765425463804164e+01 1.070000000000000062e+00
-1.253879553905430733e+01 1.671758496675899430e-01 -7.642500000000494786e+00 4.000000000000000000e+02 -5.924406501882015341e+00 -1.955962078857382380e+01 2.399999999999999911e-01
-1.253790284945218936e+01 1.677330150138943432e-01 -7.645000000000495177e+00 4.000000000000000000e+02 -5.923559640209228760e+00 -1.956127392690103761e+01 7.349999999999999867e-01
-1.253701242858356402e+01 1.679607251499325715e-01 -7.647500000000495568e+00 4.000000000000000000e+02 -5.923470772746875390e+00 -1.956368505943868286e+01 4.849999999999999867e-01
-1.253612494133745159e+01 1.680858590284057819e-01 -7.650000000000495959e+00 4.000000000000000000e+02 -5.921931718908497899e+00 -1.956464600560030931e+01 1.610000000000000098e+00
-1.253523909231149247e+01 1.681121571612073928e-01 -7.652500000000496350e+00 4.000000000000000000e+02 -5.921876295950546876e+00 -1.956709058264235779e+01 6.049999999999999822e-01
-1.253435618733302093e+01 1.678588862292056672e-01 -7.655000000000496740e+00 4.000000000000000000e+02 -5.921779039952075330e+00 -1.956949332664388308e+01 1.050000000000000044e+00
-1.253347617723596130e+01 1.680578551630003692e-01 -7.657500000000497131e+00 4.000000000000000000e+02 -5.921763846820798705e+00 -1.957197813351260862e+01 4.050000000000000266e-01
-1.253259912193970393e+01 1.682003031800277937e-01 -7.660000000000497522e+00 4.000000000000000000e+02 -5.920757277688058373e+00 -1.957347156437986868e+01 1.939999999999999947e+00
-1.253172414232044218e+01 1.682522444474766621e-01 -7.662500000000497913e+00 4.000000000000000000e+02 -5.918750825556984729e+00 -1.957396511224879632e+01 1.610000000000000098e+00
-1.253085035879321474e+01 1.687311240509312138e-01 -7.665000000000498304e+00 4.000000000000000000e+02 -5.918569676114080025e+00 -1.957628396280588845e+01 1.350000000000000089e-01
-1.252997935927598405e+01 1.687967187506690947e-01 -7.667500000000498694e+00 4.000000000000000000e+02 -5.918503161157982362e+00 -1.957871744784979384e+01 1.735000000000000098e+00
-1.252911123196605203e+01 1.686039183053285040e-01 -7.670000000000499085e+00 4.000000000000000000e+02 -5.915866096193631130e+00 -1.957858038288544478e+01 1.800000000000000044e+00
-1.252824373880427800e+01 1.686662442095245573e-01 -7.672500000000499476e+00 4.000000000000000000e+02 -5.912283520105553691e+00 -1.957749780679736773e+01 4.899999999999999911e-01
-1.252737605912040308e+01 1.684432076461263028e-01 -7.675000000000499867e+00 4.000000000000000000e+02 -5.909546023730984921e+00 -1.957726031042279757e+01 1.419999999999999929e+00
-1.252650892582459718e+01 1.683328826692061519e-01 -7.677500000000500258e+00 4.000000000000000000e+02 -5.906759072456501336e+00 -1.957697335914831527e+01 2.300000000000000100e-01
-1.252564229526015183e+01 1.681508220159347033e-01 -7.680000000000500648e+00 4.000000000000000000e+02 -5.906412153121383568e+00 -1.957912643981319789e+01 1.649999999999999911e+00
-1.252477827659394904e+01 1.684482501513205610e-01 -7.682500000000501039e+00 4.000000000000000000e+02 -5.903972280653040805e+00 -1.957918656734485552e+01 1.614999999999999991e+00
-1.252391505569409524e+01 1.676852950242173901e-01 -7.685000000000501430e+00 4.000000000000000000e+02 -5.902121336420786513e+00 -1.957983562311260073e+01 1.245000000000000107e+00
-1.252305313867448078e+01 1.676962392396996737e-01 -7.687500000000501821e+00 4.000000000000000000e+02 -5.898826206221293056e+00 -1.957904049291310855e+01 1.284999999999999920e+00
-1.252219127919284247e+01 1.678385105771758867e-01 -7.690000000000502212e+00 4.000000000000000000e+02 -5.898659284025282723e+00 -1.958137357071709772e+01 1.334999999999999964e+00
-1.252133216772351609e+01 1.680766383085343929e-01 -7.692500000000502602e+00 4.000000000000000000e+02 -5.898582454463486613e+00 -1.958379674115530378e+01 9.849999999999999867e-01
-1.252047587027252717e+01 1.677703001429339813e-01 -7.695000000000502993e+00 4.000000000000000000e+02 -5.895678202910146659e+00 -1.958339248960196244e+01 3.250000000000000111e-01
-1.251961995965423924e+01 1.677087644790853371e-01 -7.697500000000503384e+00 4.000000000000000000e+02 -5.892977697959040917e+00 -1.958319198465085620e+01 1.090000000000000080e+00
-1.251876460958106563e+01 1.677547537292628788e-01 -7.700000000000503775e+00 4.000000000000000000e+02 -5.891819502417830812e+00 -1.958453378910964915e+01 4.500000000000000111e-01
-1.251791113598022243e+01 1.673736303979171391e-01 -7.702500000000504166e+00 4.000000000000000000e+02 -5.887415553071157603e+00 -1.958262983976297278e+01 1.600000000000000033e-01
-1.251705676573808113e+01 1.667259577692598582e-01 -7.705000000000504556e+00 4.000000000000000000e+02 -5.886852515334592084e+00 -1.958456680202640854e+01 1.135000000000000009e+00
-1.251620477598781278e+01 1.663873704884165361e-01 -7.707500000000504947e+00 4.000000000000000000e+02 -5.884017017966830743e+00 -1.958423130465864759e+01 8.950000000000000178e-01
-1.251535322598287969e+01 1.655647370882729341e-01 -7.710000000000505338e+00 4.000000000000000000e+02 -5.883323659991328114e+00 -1.958603794668314890e+01 4.550000000000000155e-01
-1.251450393559585628e+01 1.656343747444878056e-01 -7.712500000000505729e+00 4.000000000000000000e+02 -5.883314911442677264e+00 -1.958852919813449489e+01 1.054999999999999938e+00
-1.251365747636706871e+01 1.658720709427623785e-01 -7.715000000000506120e+00 4.000000000000000000e+02 -5.881400894323682849e+00 -1.958911518101550087e+01 1.419999999999999929e+00
-1.251281222826219519e+01 1.660508337478627527e-01 -7.717500000000506510e+00 4.000000000000000000e+02 -5.880551328132185063e+00 -1.959076561482400436e+01 5.200000000000000178e-01
-1.251196908610970127e+01 1.660899797894681007e-01 -7.720000000000506901e+00 4.000000000000000000e+02 -5.879564855408631274e+00 -1.959227914210045185e+01 1.699999999999999956e+00
-1.251112792779054494e+01 1.666774092700123444e-01 -7.722500000000507292e+00 4.000000000000000000e+02 -5.877373576096533547e+00 -1.959258786278835274e+01 3.499999999999999778e-01
-1.251028773573981390e+01 1.661121258489651753e-01 -7.725000000000507683e+00 4.000000000000000000e+02 -5.876978089991178322e+00 -1.959469237668299968e+01 1.675000000000000044e+00
-1.250945001313390748e+01 1.658466760098829540e-01 -7.727500000000508074e+00 4.000000000000000000e+02 -5.874849577141517010e+00 -1.959506386383333876e+01 1.350000000000000089e+00
-1.250861330247473013e+01 1.660062817939470803e-01 -7.730000000000508464e+00 4.000000000000000000e+02 -5.874057874462343065e+00 -1.959677216115416343e+01 5.500000000000000028e-02
-1.250777871765621896e+01 1.656753069246303112e-01 -7.732500000000508855e+00 4.000000000000000000e+02 -5.873646054425048391e+00 -1.959886034111686826e+01 1.280000000000000027e+00
-1.250694656755838352e+01 1.655712887758720164e-01 -7.735000000000509246e+00 4.000000000000000000e+02 -5.873624797278032439e+00 -1.960133908396985447e+01 3.750000000000000000e-01
-1.250611716692409026e+01 1.657661534789911240e-01 -7.737500000000509637e+00 4.000000000000000000e+02 -5.873289177924219118e+00 -1.960350346461603976e+01 1.364999999999999991e+00
-1.250529024459592797e+01 1.656832933090870708e-01 -7.740000000000510028e+00 4.000000000000000000e+02 -5.866284074157698036e+00 -1.959899836084952085e+01 1.939999999999999947e+00
-1.250446027636099622e+01 1.658140078136534912e-01 -7.742500000000510418e+00 4.000000000000000000e+02 -5.864147726656655735e+00 -1.959936201334847894e+01 4.550000000000000155e-01
-1.250363129779209004e+01 1.663288217338484976e-01 -7.745000000000510809e+00 4.000000000000000000e+02 -5.863899987886105336e+00 -1.960161427457792627e+01 1.399999999999999911e+00
-1.250280486852025241e+01 1.665951189888824902e-01 -7.747500000000511200e+00 4.000000000000000000e+02 -5.862606603158010188e+00 -1.960282088984983417e+01 1.949999999999999956e+00
-1.250198011701720091e+01 1.667435503303409394e-01 -7.750000000000511591e+00 4.000000000000000000e+02 -5.862228756127371376e+00 -1.960494304281919753e+01 8.000000000000000167e-02
-1.250115779140281269e+01 1.667448860996501581e-01 -7.752500000000511982e+00 4.000000000000000000e+02 -5.857177866661968935e+00 -1.960239215335379370e+01 3.549999999999999822e-01
-1.250033404370265977e+01 1.667693244741391967e-01 -7.755000000000512372e+00 4.000000000000000000e+02 -5.853885813929104565e+00 -1.960160010062092795e+01 5.999999999999999778e-02
-1.249951032209999902e+01 1.670100797803157622e-01 -7.757500000000512763e+00 4.000000000000000000e+02 -5.852812975442191146e+00 -1.960302726213401669e+01 2.500000000000000139e-02
-1.249868845175241816e+01 1.669561690578772462e-01 -7.760000000000513154e+00 4.000000000000000000e+02 -5.851627460138182357e+00 -1.960434174683000919e+01 3.649999999999999911e-01
-1.249786833461850222e+01 1.669865171268606618e-01 -7.762500000000513545e+00 4.000000000000000000e+02 -5.850725164179413795e+00 -1.960593945087124013e+01 5.050000000000000044e-01
-1.249705019717600507e+01 1.666557812959039431e-01 -7.765000000000513936e+00 4.000000000000000000e+02 -5.850157474679746450e+00 -1.960787176137157317e+01 8.000000000000000167e-02
-1.249623430596973250e+01 1.671372485219623505e-01 -7.767500000000514326e+00 4.000000000000000000e+02 -5.848520032671718383e+00 -1.960873431936354550e+01 1.114999999999999991e+00
-1.249541978248968555e+01 1.669455025518083446e-01 -7.770000000000514717e+00 4.000000000000000000e+02 -5.848028221807552107e+00 -1.961074250849938139e+01 5.150000000000000133e-01
-1.249460755400129486e+01 1.669032938470856320e-01 -7.772500000000515108e+00 4.000000000000000000e+02 -5.846263729031790035e+00 -1.961147801572361971e+01 1.719999999999999973e+00
-1.249379658114639291e+01 1.670104419551074471e-01 -7.775000000000515499e+00 4.000000000000000000e+02 -5.846146038240140896e+00 -1.961386032493197007e+01 1.600000000000000033e-01
-1.249298819278141792e+01 1.669607099761855618e-01 -7.777500000000515890e+00 4.000000000000000000e+02 -5.845780724315826404e+00 -1.961599501100765508e+01 8.850000000000000089e-01
-1.249218217910886075e+01 1.674779252308885580e-01 -7.780000000000516280e+00 4.000000000000000000e+02 -5.845463121798430528e+00 -1.961817740849026137e+01 2.099999999999999922e-01
-1.249137856957491977e+01 1.677163402658877756e-01 -7.782500000000516671e+00 4.000000000000000000e+02 -5.845024993546290126e+00 -1.962023928023812047e+01 7.800000000000000266e-01
-1.249057725855196033e+01 1.677844846517717037e-01 -7.785000000000517062e+00 4.000000000000000000e+02 -5.843648514716383247e+00 -1.962136280140821043e+01 8.149999999999999467e-01
-1.248977748781876507e+01 1.675718230359279082e-01 -7.787500000000517453e+00 4.000000000000000000e+02 -5.842650993697009021e+00 -1.962286528038884015e+01 1.745000000000000107e+00
-1.248897955550603811e+01 1.677021324765814170e-01 -7.790000000000517844e+00 4.000000000000000000e+02 -5.842575586056532266e+00 -1.962528987274836467e+01 3.549999999999999822e-01
-1.248818418939052322e+01 1.675161858058502318e-01 -7.792500000000518234e+00 4.000000000000000000e+02 -5.841965343962337798e+00 -1.962717963065416882e+01 4.949999999999999956e-01
-1.248739095522130604e+01 1.674889411790499161e-01 -7.795000000000518625e+00 4.000000000000000000e+02 -5.841662214772684436e+00 -1.962937650146451318e+01 8.100000000000000533e-01
-1.248660008842675317e+01 1.680214646794547795e-01 -7.797500000000519016e+00 4.000000000000000000e+02 -5.838631416099227422e+00 -1.962884570279106100e+01 1.314999999999999947e+00
-1.248580942720341902e+01 1.679575866373371473e-01 -7.800000000000519407e+00 4.000000000000000000e+02 -5.836646621571079940e+00 -1.962936090826291391e+01 9.350000000000000533e-01
-1.248501979739711309e+01 1.676321759882247187e-01 -7.802500000000519798e+00 4.000000000000000000e+02 -5.834047574860784735e+00 -1.962926186155261732e+01 7.550000000000000044e-01
-1.248423071249254157e+01 1.672501213939186215e-01 -7.805000000000520188e+00 4.000000000000000000e+02 -5.833542546037210563e+00 -1.963125683272904354e+01 1.659999999999999920e+00
-1.248344382052643198e+01 1.673039830828320640e-01 -7.807500000000520579e+00 4.000000000000000000e+02 -5.832607064604587777e+00 -1.963282135129642114e+01 7.449999999999999956e-01
-1.248265877596742612e+01 1.673238144550164841e-01 -7.810000000000520970e+00 4.000000000000000000e+02 -5.832604564981809681e+00 -1.963531885167364521e+01 1.665000000000000036e+00
-1.248187630312134111e+01 1.670680111457793493e-01 -7.812500000000521361e+00 4.000000000000000000e+02 -5.831901450510390994e+00 -1.963711573720222603e+01 8.050000000000000488e-01
-1.248109584516607917e+01 1.679195952079780563e-01 -7.815000000000521752e+00 4.000000000000000000e+02 -5.827178507124298967e+00 -1.963489279381613173e+01 3.250000000000000111e-01
-1.248031426103937847e+01 1.678676021651334671e-01 -7.817500000000522142e+00 4.000000000000000000e+02 -5.827120379678883744e+00 -1.963733466637071956e+01 1.150000000000000050e-01
-1.247953519127946009e+01 1.676095146898541610e-01 -7.820000000000522533e+00 4.000000000000000000e+02 -5.826685531929568285e+00 -1.963939981862140627e+01 1.764999999999999902e+00
-1.247875833335945117e+01 1.671835372285501442e-01 -7.822500000000522924e+00 4.000000000000000000e+02 -5.825033589577550686e+00 -1.964024787626938462e+01 1.114999999999999991e+00
-1.247798273625393151e+01 1.669748183510976203e-01 -7.825000000000523315e+00 4.000000000000000000e+02 -5.824263841055628887e+00 -1.964197812774746410e+01 1.435000000000000053e+00
-1.247720907949358171e+01 1.673009616368040242e-01 -7.827500000000523706e+00 4.000000000000000000e+02 -5.823632977621435280e+00 -1.964384726431327266e+01 9.500000000000000111e-02
-1.247643746386120256e+01 1.675429536740973835e-01 -7.830000000000524096e+00 4.000000000000000000e+02 -5.823557835098182700e+00 -1.964627212179001958e+01 1.449999999999999956e+00
-1.247566830979288888e+01 1.673944190306773105e-01 -7.832500000000524487e+00 4.000000000000000000e+02 -5.820783038313948055e+00 -1.964599732500578710e+01 9.849999999999999867e-01
-1.247489953572143584e+01 1.669645733429598877e-01 -7.835000000000524878e+00 4.000000000000000000e+02 -5.819792269209239421e+00 -1.964750655590107442e+01 1.610000000000000098e+00
-1.247413251025724890e+01 1.667964135807795123e-01 -7.837500000000525269e+00 4.000000000000000000e+02 -5.817877813159161526e+00 -1.964809209985099869e+01 1.700000000000000122e-01
-1.247336652114997513e+01 1.667718821161018883e-01 -7.840000000000525660e+00 4.000000000000000000e+02 -5.817307288284548683e+00 -1.965002157497638891e+01 2.849999999999999756e-01
-1.247260259317140729e+01 1.663332063529487648e-01 -7.842500000000526050e+00 4.000000000000000000e+02 -5.816355997644468978e+00 -1.965157028433630870e+01 1.320000000000000062e+00
-1.247184042916762081e+01 1.660664147871547813e-01 -7.845000000000526441e+00 4.000000000000000000e+02 -5.814962776963846558e+00 -1.965267706365568401e+01 1.314999999999999947e+00
-1.247107968773371844e+01 1.660478162449497697e-01 -7.847500000000526832e+00 4.000000000000000000e+02 -5.814885217444527576e+00 -1.965509950413636631e+01 1.594999999999999973e+00
-1.247032136311163342e+01 1.662556557537982205e-01 -7.850000000000527223e+00 4.000000000000000000e+02 -5.814884080921643772e+00 -1.965759836761348467e+01 2.250000000000000056e-01
-1.246956550354547488e+01 1.661706642623129448e-01 -7.852500000000527614e+00 4.000000000000000000e+02 -5.814325900668811720e+00 -1.965954018736065123e+01 1.270000000000000018e+00
-1.246881167953080904e+01 1.660505926116923603e-01 -7.855000000000528004e+00 4.000000000000000000e+02 -5.811735693215362986e+00 -1.965944997990720111e+01 8.050000000000000488e-01
-1.246805835541197816e+01 1.663158175722768695e-01 -7.857500000000528395e+00 4.000000000000000000e+02 -5.809384697752785875e+00 -1.965959898444462794e+01 3.400000000000000244e-01
-1.246730571047687874e+01 1.664147890757512183e-01 -7.860000000000528786e+00 4.000000000000000000e+02 -5.805810220602128702e+00 -1.965852450729397205e+01 2.500000000000000139e-02
-1.246655282336858583e+01 1.662116300021157234e-01 -7.862500000000529177e+00 4.000000000000000000e+02 -5.805562754326910380e+00 -1.966077704101875412e+01 1.100000000000000006e-01
-1.246580219475829843e+01 1.660936100950691774e-01 -7.865000000000529568e+00 4.000000000000000000e+02 -5.805080201099029225e+00 -1.966279448779086891e+01 8.299999999999999600e-01
-1.246505364029508733e+01 1.661408786548057015e-01 -7.867500000000529958e+00 4.000000000000000000e+02 -5.804629195563901334e+00 -1.966484348225574408e+01 1.129999999999999893e+00
-1.246430717624283879e+01 1.656859191056078984e-01 -7.870000000000530349e+00 4.000000000000000000e+02 -5.803663879300418493e+00 -1.966637816599226340e+01 1.395000000000000018e+00
-1.246356241241151608e+01 1.656257902726782361e-01 -7.872500000000530740e+00 4.000000000000000000e+02 -5.803264222300022368e+00 -1.966847850899186767e+01 5.550000000000000488e-01
-1.246281976371592037e+01 1.655126865410623260e-01 -7.875000000000531131e+00 4.000000000000000000e+02 -5.802486217813820346e+00 -1.967020050450566515e+01 9.599999999999999645e-01
-1.246207894245440073e+01 1.652806289010393948e-01 -7.877500000000531521e+00 4.000000000000000000e+02 -5.801376752272848769e+00 -1.967159103896469219e+01 8.900000000000000133e-01
-1.246133969788220242e+01 1.654487531372244580e-01 -7.880000000000531912e+00 4.000000000000000000e+02 -5.801064729612729565e+00 -1.967377901630457515e+01 1.294999999999999929e+00
-1.246060261328270613e+01 1.651235647021013775e-01 -7.882500000000532303e+00 4.000000000000000000e+02 -5.800129409163735872e+00 -1.967534369585558096e+01 5.849999999999999645e-01
-1.245986722270407476e+01 1.648665392432123178e-01 -7.885000000000532694e+00 4.000000000000000000e+02 -5.799320102353194173e+00 -1.967703438904504054e+01 3.699999999999999956e-01
-1.245913361342865677e+01 1.646427364870349519e-01 -7.887500000000533085e+00 4.000000000000000000e+02 -5.798494464686890559e+00 -1.967870875137873554e+01 1.770000000000000018e+00
-1.245840176789292819e+01 1.649853378124574166e-01 -7.890000000000533475e+00 4.000000000000000000e+02 -5.798151377354870739e+00 -1.968086566404671700e+01 5.000000000000000278e-02
-1.245767203266126089e+01 1.651887517244231274e-01 -7.892500000000533866e+00 4.000000000000000000e+02 -5.797963445184224796e+00 -1.968317773187607145e+01 8.499999999999999778e-01
-1.245694451296189342e+01 1.655988457901169109e-01 -7.895000000000534257e+00 4.000000000000000000e+02 -5.797894532497593012e+00 -1.968560881918944006e+01 8.349999999999999645e-01
-1.245621928675426027e+01 1.648370033808257695e-01 -7.897500000000534648e+00 4.000000000000000000e+02 -5.797752041159632164e+00 -1.968796632785148049e+01 1.854999999999999982e+00
-1.245549629197752672e+01 1.644826629991278932e-01 -7.900000000000535039e+00 4.000000000000000000e+02 -5.796667491727585997e+00 -1.968938177841943471e+01 1.465000000000000080e+00
-1.245477484107669319e+01 1.644790060973645163e-01 -7.902500000000535429e+00 4.000000000000000000e+02 -5.793550526552642133e+00 -1.968876481324448946e+01 1.094999999999999973e+00
-1.245405346552606218e+01 1.646938410419389875e-01 -7.905000000000535820e+00 4.000000000000000000e+02 -5.792714160561408754e+00 -1.969042844725325736e+01 8.100000000000000533e-01
-1.245333380779476151e+01 1.646851662560717411e-01 -7.907500000000536211e+00 4.000000000000000000e+02 -5.792615405921364591e+00 -1.969282969261321270e+01 9.150000000000000355e-01
-1.245261639174019130e+01 1.651948175249580431e-01 -7.910000000000536602e+00 4.000000000000000000e+02 -5.791706922763522059e+00 -1.969442120945537056e+01 5.500000000000000444e-01
-1.245190062964829636e+01 1.651611736324470892e-01 -7.912500000000536993e+00 4.000000000000000000e+02 -5.789989418572684343e+00 -1.969520370526453235e+01 1.284999999999999920e+00
-1.245118593876681068e+01 1.651777467388377552e-01 -7.915000000000537383e+00 4.000000000000000000e+02 -5.789512448538101985e+00 -1.969722673522995038e+01 1.689999999999999947e+00
-1.245047320113738643e+01 1.652258331475473518e-01 -7.917500000000537774e+00 4.000000000000000000e+02 -5.787337261182799786e+00 -1.969755154787464946e+01 5.699999999999999512e-01
-1.244976120236252015e+01 1.650371890753052351e-01 -7.920000000000538165e+00 4.000000000000000000e+02 -5.784294765689645068e+00 -1.969700905238149602e+01 1.719999999999999973e+00
-1.244904932422061172e+01 1.649506616705025963e-01 -7.922500000000538556e+00 4.000000000000000000e+02 -5.784259242177864024e+00 -1.969947352886971714e+01 1.455000000000000071e+00
-1.244833970286795655e+01 1.646196643189220543e-01 -7.925000000000538947e+00 4.000000000000000000e+02 -5.784073423136946168e+00 -1.970178770982879612e+01 4.400000000000000022e-01
-1.244763222327137342e+01 1.649205862367494335e-01 -7.927500000000539337e+00 4.000000000000000000e+02 -5.783604358225500341e+00 -1.970381864491735158e+01 1.995000000000000107e+00
-1.244692667771470518e+01 1.649862040788687145e-01 -7.930000000000539728e+00 4.000000000000000000e+02 -5.783462818749189438e+00 -1.970617710544104284e+01 5.550000000000000488e-01
-1.244622328988646665e+01 1.649491307489667213e-01 -7.932500000000540119e+00 4.000000000000000000e+02 -5.782301262191168689e+00 -1.970751554888302337e+01 2.999999999999999889e-02
-1.244552133628880952e+01 1.649385786202958171e-01 -7.935000000000540510e+00 4.000000000000000000e+02 -5.779824124151204501e+00 -1.970753841084305691e+01 8.399999999999999689e-01
-1.244481989111536002e+01 1.647592327948030622e-01 -7.937500000000540901e+00 4.000000000000000000e+02 -5.777874052668830807e+00 -1.970808833936068538e+01 1.784999999999999920e+00
-1.244411932285576050e+01 1.652400444246716615e-01 -7.940000000000541291e+00 4.000000000000000000e+02 -5.772606290429211917e+00 -1.970532057712106777e+01 1.570000000000000062e+00
-1.244341730539651714e+01 1.650860290059902868e-01 -7.942500000000541682e+00 4.000000000000000000e+02 -5.771389867815184260e+00 -1.970660415450704050e+01 8.800000000000000044e-01
-1.244271667998884467e+01 1.653721628017588985e-01 -7.945000000000542073e+00 4.000000000000000000e+02 -5.770861319723327831e+00 -1.970857560641518091e+01 5.999999999999999778e-01
-1.244201792355437064e+01 1.659967143096676701e-01 -7.947500000000542464e+00 4.000000000000000000e+02 -5.768480556183643415e+00 -1.970869484287549867e+01 1.729999999999999982e+00
-1.244131973826458015e+01 1.661201101253257095e-01 -7.950000000000542855e+00 4.000000000000000000e+02 -5.768228284254689697e+00 -1.971094257094654623e+01 3.900000000000000133e-01
-1.244062360602688777e+01 1.658677619955858940e-01 -7.952500000000543245e+00 4.000000000000000000e+02 -5.767225209084415383e+00 -1.971243949577627319e+01 1.905000000000000027e+00
-1.243992899824460885e+01 1.658261144655208130e-01 -7.955000000000543636e+00 4.000000000000000000e+02 -5.766166038218534240e+00 -1.971388032491039155e+01 2.449999999999999956e-01
-1.243923587165743250e+01 1.657143429622010278e-01 -7.957500000000544027e+00 4.000000000000000000e+02 -5.764330618515038474e+00 -1.971454490520689617e+01 1.254999999999999893e+00
-1.243854368516904074e+01 1.654950445228052791e-01 -7.960000000000544418e+00 4.000000000000000000e+02 -5.760706284057331317e+00 -1.971342057074918941e+01 2.949999999999999845e-01
-1.243785119959258978e+01 1.650659743992496653e-01 -7.962500000000544809e+00 4.000000000000000000e+02 -5.760592285872148111e+00 -1.971580657256400571e+01 1.264999999999999902e+00
-1.243716084181169279e+01 1.650272202553637046e-01 -7.965000000000545199e+00 4.000000000000000000e+02 -5.756909590674790245e+00 -1.971462387736664823e+01 5.100000000000000089e-01
-1.243647014417552832e+01 1.652643768522503442e-01 -7.967500000000545590e+00 4.000000000000000000e+02 -5.756256082050538403e+00 -1.971647036874239589e+01 1.034999999999999920e+00
-1.243578119614580757e+01 1.650866546821212477e-01 -7.970000000000545981e+00 4.000000000000000000e+02 -5.755269378260974733e+00 -1.971798366495283261e+01 8.249999999999999556e-01
-1.243509376315768122e+01 1.652251796629984615e-01 -7.972500000000546372e+00 4.000000000000000000e+02 -5.754856942499292138e+00 -1.972007122919115218e+01 1.899999999999999911e+00
-1.243440823449700083e+01 1.652910547541368569e-01 -7.975000000000546763e+00 4.000000000000000000e+02 -5.754547192303741454e+00 -1.972226147899559834e+01 5.849999999999999645e-01
-1.243372467376022605e+01 1.651732556465867197e-01 -7.977500000000547153e+00 4.000000000000000000e+02 -5.751443930538902904e+00 -1.972165821723076107e+01 1.090000000000000080e+00
-1.243304116789171765e+01 1.656020074244947682e-01 -7.980000000000547544e+00 4.000000000000000000e+02 -5.751403390823533357e+00 -1.972411767751539458e+01 7.650000000000000133e-01
-1.243235980615608938e+01 1.658793703919971829e-01 -7.982500000000547935e+00 4.000000000000000000e+02 -5.751156578052812662e+00 -1.972637086474467338e+01 1.700000000000000122e-01
-1.243168044030086250e+01 1.657927468819815897e-01 -7.985000000000548326e+00 4.000000000000000000e+02 -5.750537693948116313e+00 -1.972825198063997476e+01 1.405000000000000027e+00
-1.243100281113594363e+01 1.656402165465105658e-01 -7.987500000000548717e+00 4.000000000000000000e+02 -5.749026601820724558e+00 -1.972924088851258517e+01 1.229999999999999982e+00
-1.243032630994306231e+01 1.656260283851973825e-01 -7.990000000000549107e+00 4.000000000000000000e+02 -5.748520104059580582e+00 -1.973123439075144248e+01 5.500000000000000028e-02
-1.242965161199308177e+01 1.655954684211642103e-01 -7.992500000000549498e+00 4.000000000000000000e+02 -5.748175706171986477e+00 -1.973338999286384876e+01 7.499999999999999722e-02
-1.242897882029960321e+01 1.657409775659898221e-01 -7.995000000000549889e+00 4.000000000000000000e+02 -5.747617849470663565e+00 -1.973533213616252624e+01 1.004999999999999893e+00
-1.242830778502505851e+01 1.658003183887856447e-01 -7.997500000000550280e+00 4.000000000000000000e+02 -5.746894134696350243e+00 -1.973710842138821420e+01 1.899999999999999911e+00
-1.242763838943213450e+01 1.652953088487557898e-01 -8.000000000000550671e+00 4.000000000000000000e+02 -5.746865199627110954e+00 -1.973957948631897352e+01 1.185000000000000053e+00
-1.242697109205199979e+01 1.653896550389082065e-01 -8.002500000000550173e+00 4.000000000000000000e+02 -5.745141557840429236e+00 -1.974035584453229220e+01 4.849999999999999867e-01
-1.242630475700376991e+01 1.656983252800470763e-01 -8.005000000000549676e+00 4.000000000000000000e+02 -5.744944443434325088e+00 -1.974265873012618755e+01 6.300000000000000044e-01
-1.242564039686083355e+01 1.658235781719969160e-01 -8.007500000000549178e+00 4.000000000000000000e+02 -5.744940363876037459e+00 -1.974515465056789765e+01 1.179999999999999938e+00
-1.242497813227426029e+01 1.657384288880592860e-01 -8.010000000000548681e+00 4.000000000000000000e+02 -5.743910342134558533e+00 -1.974662462882642089e+01 7.449999999999999956e-01
-1.242431727782620499e+01 1.659061936356739930e-01 -8.012500000000548184e+00 4.000000000000000000e+02 -5.743126865280834714e+00 -1.974834115197269568e+01 4.550000000000000155e-01
-1.242365799209546395e+01 1.654362829084750075e-01 -8.015000000000547686e+00 4.000000000000000000e+02 -5.742108162124559101e+00 -1.974982244881642046e+01 1.850000000000000089e+00
-1.242300011564727491e+01 1.656425380925622970e-01 -8.017500000000547189e+00 4.000000000000000000e+02 -5.742102900607005012e+00 -1.975231718729886410e+01 9.050000000000000266e-01
-1.242234430928545841e+01 1.653626517164609733e-01 -8.020000000000546692e+00 4.000000000000000000e+02 -5.741902638370976142e+00 -1.975461692506283740e+01 4.699999999999999734e-01
-1.242169043769417414e+01 1.652533282623439848e-01 -8.022500000000546194e+00 4.000000000000000000e+02 -5.740733731403253159e+00 -1.975594801809511125e+01 1.955000000000000071e+00
-1.242103786230458340e+01 1.653017310129410722e-01 -8.025000000000545697e+00 4.000000000000000000e+02 -5.740435981228290352e+00 -1.975815026792015061e+01 1.000000000000000000e+00
-1.242038714664180254e+01 1.639157846535437002e-01 -8.027500000000545199e+00 4.000000000000000000e+02 -5.738625662052665888e+00 -1.975883994874452299e+01 1.864999999999999991e+00
-1.241973730232856177e+01 1.639815178097125126e-01 -8.030000000000544702e+00 4.000000000000000000e+02 -5.737753740255393531e+00 -1.976046802694725102e+01 2.899999999999999800e-01
-1.241908893614635900e+01 1.638194292450842748e-01 -8.032500000000544205e+00 4.000000000000000000e+02 -5.736999565327350226e+00 -1.976221385201920810e+01 1.500000000000000000e+00
-1.241844211991869251e+01 1.640543904399296704e-01 -8.035000000000543707e+00 4.000000000000000000e+02 -5.735692439894082284e+00 -1.976340672658594144e+01 4.400000000000000022e-01
-1.241779649215530057e+01 1.640044557009193438e-01 -8.037500000000543210e+00 4.000000000000000000e+02 -5.731676376919506488e+00 -1.976189066361136071e+01 1.949999999999999956e+00
-1.241715030235172712e+01 1.635356872763018277e-01 -8.040000000000542713e+00 4.000000000000000000e+02 -5.729926356571882984e+00 -1.976264064326374026e+01 1.685000000000000053e+00
-1.241650501381828775e+01 1.635524741915991287e-01 -8.042500000000542215e+00 4.000000000000000000e+02 -5.729741891421875621e+00 -1.976495617811372796e+01 2.300000000000000100e-01
-1.241586163243098717e+01 1.636392508538725143e-01 -8.045000000000541718e+00 4.000000000000000000e+02 -5.729307541682193694e+00 -1.976702182837404820e+01 1.659999999999999920e+00
-1.241521999106721985e+01 1.636737473618252448e-01 -8.047500000000541220e+00 4.000000000000000000e+02 -5.728570932471439114e+00 -1.976878521916329134e+01 1.834999999999999964e+00
-1.241457989052417332e+01 1.636245420042021781e-01 -8.050000000000540723e+00 4.000000000000000000e+02 -5.727093022200332229e+00 -1.976980730889218663e+01 1.794999999999999929e+00
-1.241394085272665038e+01 1.639581950323528159e-01 -8.052500000000540226e+00 4.000000000000000000e+02 -5.726234153322495857e+00 -1.977144844001434620e+01 8.249999999999999556e-01
-1.241330326991939259e+01 1.639005163550758259e-01 -8.055000000000539728e+00 4.000000000000000000e+02 -5.726023855308580934e+00 -1.977373814200043256e+01 2.049999999999999878e-01
-1.241266755017727519e+01 1.638929943414273727e-01 -8.057500000000539231e+00 4.000000000000000000e+02 -5.725001810497316157e+00 -1.977521609718916551e+01 1.495000000000000107e+00
-1.241203317229529546e+01 1.634693988313290214e-01 -8.060000000000538734e+00 4.000000000000000000e+02 -5.724721575539564178e+00 -1.977743586223141747e+01 5.400000000000000355e-01
-1.241140060186532068e+01 1.634377770219180570e-01 -8.062500000000538236e+00 4.000000000000000000e+02 -5.723658145694106025e+00 -1.977887243238595616e+01 1.405000000000000027e+00
-1.241076933854669484e+01 1.636803184191015226e-01 -8.065000000000537739e+00 4.000000000000000000e+02 -5.722007154041384602e+00 -1.977972144073323690e+01 1.794999999999999929e+00
-1.241013900868377817e+01 1.635984904455917988e-01 -8.067500000000537241e+00 4.000000000000000000e+02 -5.717474046578436386e+00 -1.977768833327028375e+01 1.100000000000000089e+00
-1.240950779426698247e+01 1.634639833730178737e-01 -8.070000000000536744e+00 4.000000000000000000e+02 -5.712796850367832135e+00 -1.977551113705968078e+01 6.899999999999999467e-01
-1.240887560355811559e+01 1.634543673190617663e-01 -8.072500000000536247e+00 4.000000000000000000e+02 -5.710371529412582525e+00 -1.977558581610443156e+01 3.649999999999999911e-01
-1.240824385942675789e+01 1.628075506309499543e-01 -8.075000000000535749e+00 4.000000000000000000e+02 -5.710103197451260826e+00 -1.977781748414311025e+01 1.149999999999999911e+00
-1.240761392108300143e+01 1.619323297946138052e-01 -8.077500000000535252e+00 4.000000000000000000e+02 -5.709025752621332828e+00 -1.977924003931317998e+01 6.350000000000000089e-01
-1.240698527395173656e+01 1.621909537226085274e-01 -8.080000000000534754e+00 4.000000000000000000e+02 -5.708751922075920859e+00 -1.978146620876776751e+01 1.905000000000000027e+00
-1.240635841837185360e+01 1.626611127429921089e-01 -8.082500000000534257e+00 4.000000000000000000e+02 -5.708208230782693349e+00 -1.978342251747454128e+01 1.534999999999999920e+00
-1.240573317946783938e+01 1.623897225031081526e-01 -8.085000000000533760e+00 4.000000000000000000e+02 -5.704760417488110136e+00 -1.978247470417995757e+01 9.599999999999999645e-01
-1.240510773890830265e+01 1.622598624523171329e-01 -8.087500000000533262e+00 4.000000000000000000e+02 -5.702583125654879126e+00 -1.978279741234672429e+01 8.349999999999999645e-01
-1.240448289089324874e+01 1.621910591086570264e-01 -8.090000000000532765e+00 4.000000000000000000e+02 -5.701930229349854606e+00 -1.978464451604170193e+01 7.149999999999999689e-01
-1.240385958508412223e+01 1.621334653071856424e-01 -8.092500000000532268e+00 4.000000000000000000e+02 -5.700597509700727983e+00 -1.978581179639257215e+01 8.100000000000000533e-01
-1.240323739401230085e+01 1.622846668236265222e-01 -8.095000000000531770e+00 4.000000000000000000e+02 -5.698636743238314040e+00 -1.978635102993015948e+01 2.899999999999999800e-01
-1.240261592492465681e+01 1.624939493079041730e-01 -8.097500000000531273e+00 4.000000000000000000e+02 -5.698606369859660070e+00 -1.978882065655150413e+01 8.499999999999999778e-01
-1.240199637329742721e+01 1.627676933937210191e-01 -8.100000000000530775e+00 4.000000000000000000e+02 -5.698079121171479855e+00 -1.979079340786332608e+01 6.550000000000000266e-01
-1.240137842516030631e+01 1.630601145344930947e-01 -8.102500000000530278e+00 4.000000000000000000e+02 -5.697285686196544852e+00 -1.979249997288838614e+01 1.554999999999999938e+00
-1.240076191134137495e+01 1.632757082070289134e-01 -8.105000000000529781e+00 4.000000000000000000e+02 -5.696980917990845050e+00 -1.979469520468268939e+01 1.064999999999999947e+00
-1.240014712803569985e+01 1.630075210188856316e-01 -8.107500000000529283e+00 4.000000000000000000e+02 -5.696529665248007746e+00 -1.979674395193984893e+01 3.200000000000000067e-01
-1.239953397954408310e+01 1.627068684144937216e-01 -8.110000000000528786e+00 4.000000000000000000e+02 -5.696017330516558452e+00 -1.979873161720840002e+01 1.705000000000000071e+00
-1.239892242317866966e+01 1.626673239663707360e-01 -8.112500000000528289e+00 4.000000000000000000e+02 -5.695198713200818830e+00 -1.980041299989265724e+01 1.900000000000000022e-01
-1.239831226704108325e+01 1.626324431201916776e-01 -8.115000000000527791e+00 4.000000000000000000e+02 -5.694132716481901113e+00 -1.980184700317374080e+01 1.304999999999999938e+00
-1.239770335650671740e+01 1.627643820100851957e-01 -8.117500000000527294e+00 4.000000000000000000e+02 -5.694055638298255673e+00 -1.980426992499009486e+01 1.455000000000000071e+00
-1.239709628873188230e+01 1.625612076331072742e-01 -8.120000000000526796e+00 4.000000000000000000e+02 -5.693477486613272021e+00 -1.980619177330511249e+01 1.030000000000000027e+00
-1.239649075377678678e+01 1.630455367564047353e-01 -8.122500000000526299e+00 4.000000000000000000e+02 -5.692462104112681054e+00 -1.980767639080452014e+01 1.645000000000000018e+00
-1.239588648277834793e+01 1.630072975784497002e-01 -8.125000000000525802e+00 4.000000000000000000e+02 -5.691526101058002496e+00 -1.980924038774984197e+01 1.700000000000000122e-01
-1.239528352018741586e+01 1.630607480200260695e-01 -8.127500000000525304e+00 4.000000000000000000e+02 -5.689792987130584123e+00 -1.981000727382242133e+01 2.650000000000000133e-01
-1.239468138275006304e+01 1.629504068798056926e-01 -8.130000000000524807e+00 4.000000000000000000e+02 -5.689620509505186163e+00 -1.981233479619702464e+01 7.249999999999999778e-01
-1.239408100626036990e+01 1.631233441149535224e-01 -8.132500000000524309e+00 4.000000000000000000e+02 -5.687648879533495183e+00 -1.981286316622533050e+01 6.850000000000000533e-01
-1.239348130685818816e+01 1.632103301694390607e-01 -8.135000000000523812e+00 4.000000000000000000e+02 -5.684508412508781028e+00 -1.981222269920061763e+01 2.849999999999999756e-01
-1.239288158301451759e+01 1.631515117771376588e-01 -8.137500000000523315e+00 4.000000000000000000e+02 -5.682939645820245467e+00 -1.981315393251207979e+01 4.849999999999999867e-01
-1.239228277634525810e+01 1.631771999083947433e-01 -8.140000000000522817e+00 4.000000000000000000e+02 -5.682638189690702113e+00 -1.981535247638253949e+01 1.199999999999999956e-01
-1.239168564190813626e+01 1.633137341273670773e-01 -8.142500000000522320e+00 4.000000000000000000e+02 -5.681249541144034687e+00 -1.981646382783586802e+01 7.900000000000000355e-01
-1.239108952649201889e+01 1.633095846900628756e-01 -8.145000000000521823e+00 4.000000000000000000e+02 -5.679073682549923952e+00 -1.981678796924175856e+01 3.850000000000000089e-01
-1.239049395923959018e+01 1.632200816102316876e-01 -8.147500000000521325e+00 4.000000000000000000e+02 -5.677994398653483543e+00 -1.981820868534531854e+01 1.635000000000000009e+00
-1.238989959125326479e+01 1.631027867617605431e-01 -8.150000000000520828e+00 4.000000000000000000e+02 -5.677432369906080467e+00 -1.982014665659791319e+01 1.860000000000000098e+00
-1.238930672605863670e+01 1.627766563377149311e-01 -8.152500000000520330e+00 4.000000000000000000e+02 -5.677255609777593470e+00 -1.982246989646942481e+01 1.334999999999999964e+00
-1.238871558669273831e+01 1.624294984901943351e-01 -8.155000000000519833e+00 4.000000000000000000e+02 -5.675068210447694383e+00 -1.982278249713952789e+01 1.860000000000000098e+00
-1.238812498116415917e+01 1.625324622408827746e-01 -8.157500000000519336e+00 4.000000000000000000e+02 -5.674262926822160935e+00 -1.982447721351399395e+01 1.300000000000000044e-01
-1.238753572342109344e+01 1.624566525430028441e-01 -8.160000000000518838e+00 4.000000000000000000e+02 -5.673595688157766048e+00 -1.982630997484960034e+01 1.659999999999999920e+00
-1.238694789072568625e+01 1.621980736176888704e-01 -8.162500000000518341e+00 4.000000000000000000e+02 -5.672269219032552989e+00 -1.982748350572438412e+01 1.774999999999999911e+00
-1.238636109220260906e+01 1.621277084285761838e-01 -8.165000000000517844e+00 4.000000000000000000e+02 -5.672237420102169914e+00 -1.982995170679400232e+01 1.274999999999999911e+00
-1.238577608308980338e+01 1.614859344653701567e-01 -8.167500000000517346e+00 4.000000000000000000e+02 -5.671683084369194106e+00 -1.983189737106102513e+01 1.889999999999999902e+00
-1.238519255214095693e+01 1.615074720346848236e-01 -8.170000000000516849e+00 4.000000000000000000e+02 -5.671001261292214046e+00 -1.983371554798404546e+01 5.500000000000000028e-02
-1.238461042057401684e+01 1.615702615258733377e-01 -8.172500000000516351e+00 4.000000000000000000e+02 -5.670182218915043926e+00 -1.983539650560687306e+01 8.299999999999999600e-01
-1.238402960455106161e+01 1.616102553534876363e-01 -8.175000000000515854e+00 4.000000000000000000e+02 -5.669372132223370997e+00 -1.983708641891519875e+01 1.705000000000000071e+00
-1.238345010552617609e+01 1.618039859449622031e-01 -8.177500000000515357e+00 4.000000000000000000e+02 -5.668834126736773449e+00 -1.983904841342859982e+01 7.349999999999999867e-01
-1.238287207699931969e+01 1.618504647611303804e-01 -8.180000000000514859e+00 4.000000000000000000e+02 -5.668697442037515799e+00 -1.984141172872934433e+01 1.344999999999999973e+00
-1.238229574566602587e+01 1.619902863223667833e-01 -8.182500000000514362e+00 4.000000000000000000e+02 -5.668075566855714342e+00 -1.984328985354753883e+01 1.125000000000000000e+00
-1.238172082677206731e+01 1.621977139424463366e-01 -8.185000000000513865e+00 4.000000000000000000e+02 -5.665611495921896612e+00 -1.984332578261372504e+01 1.604999999999999982e+00
-1.238114625885806142e+01 1.620502049706787628e-01 -8.187500000000513367e+00 4.000000000000000000e+02 -5.664695532653499122e+00 -1.984490981934532527e+01 1.150000000000000050e-01
-1.238057292951627808e+01 1.615672183059514155e-01 -8.190000000000512870e+00 4.000000000000000000e+02 -5.663925937537170441e+00 -1.984664022422899876e+01 3.649999999999999911e-01
-1.238000091907545652e+01 1.617580264883766994e-01 -8.192500000000512372e+00 4.000000000000000000e+02 -5.663500846084910556e+00 -1.984871513277673571e+01 1.304999999999999938e+00
-1.237943042026666163e+01 1.615163409157089336e-01 -8.195000000000511875e+00 4.000000000000000000e+02 -5.663207057670901712e+00 -1.985092134436272815e+01 1.540000000000000036e+00
-1.237886150292066390e+01 1.615068286806355391e-01 -8.197500000000511378e+00 4.000000000000000000e+02 -5.662847690600773198e+00 -1.985306197729259736e+01 1.229999999999999982e+00
-1.237829412456166800e+01 1.615660267941127215e-01 -8.200000000000510880e+00 4.000000000000000000e+02 -5.662742433390039132e+00 -1.985545672008186457e+01 4.749999999999999778e-01
-1.237772842388485195e+01 1.610576420500239858e-01 -8.202500000000510383e+00 4.000000000000000000e+02 -5.661635710650273268e+00 -1.985684999734209555e+01 3.500000000000000333e-02
-1.237716383000594789e+01 1.616742004803642108e-01 -8.205000000000509885e+00 4.000000000000000000e+02 -5.661601956122625623e+00 -1.985931624281445096e+01 6.800000000000000488e-01
-1.237660094424904855e+01 1.615008130675368025e-01 -8.207500000000509388e+00 4.000000000000000000e+02 -5.659935638500015465e+00 -1.986014992519183764e+01 9.500000000000000111e-02
-1.237603884383104891e+01 1.614857978957824902e-01 -8.210000000000508891e+00 4.000000000000000000e+02 -5.659459030768577925e+00 -1.986217331746039960e+01 1.895000000000000018e+00
-1.237547819443563490e+01 1.617919475768418436e-01 -8.212500000000508393e+00 4.000000000000000000e+02 -5.658592094659935512e+00 -1.986380638135175758e+01 2.750000000000000222e-01
-1.237491877325263090e+01 1.619843935705745641e-01 -8.215000000000507896e+00 4.000000000000000000e+02 -5.655857396164568840e+00 -1.986357168285638863e+01 1.995000000000000107e+00
-1.237435953364610874e+01 1.618968779981320438e-01 -8.217500000000507399e+00 4.000000000000000000e+02 -5.653925037349912586e+00 -1.986413932404173011e+01 8.249999999999999556e-01
-1.237380092370512763e+01 1.619234811068581137e-01 -8.220000000000506901e+00 4.000000000000000000e+02 -5.650650814946749811e+00 -1.986336510163857128e+01 1.635000000000000009e+00
-1.237324219334154130e+01 1.616957787641655764e-01 -8.222500000000506404e+00 4.000000000000000000e+02 -5.650290516351224035e+00 -1.986550480304304145e+01 1.219999999999999973e+00
-1.237268496822191999e+01 1.615831236153091599e-01 -8.225000000000505906e+00 4.000000000000000000e+02 -5.649730388492076649e+00 -1.986744467518389712e+01 1.350000000000000089e+00
-1.237212913242562351e+01 1.611605880591068796e-01 -8.227500000000505409e+00 4.000000000000000000e+02 -5.647931376013053395e+00 -1.986814566270486893e+01 6.300000000000000044e-01
-1.237157399458414986e+01 1.611552402510288418e-01 -8.230000000000504912e+00 4.000000000000000000e+02 -5.647434608274276790e+00 -1.987014889496609626e+01 5.899999999999999689e-01
-1.237102027478288768e+01 1.611538868774421152e-01 -8.232500000000504414e+00 4.000000000000000000e+02 -5.646231301273000547e+00 -1.987144558796481775e+01 9.250000000000000444e-01
-1.237046757836160538e+01 1.610997441304211075e-01 -8.235000000000503917e+00 4.000000000000000000e+02 -5.645982890867712101e+00 -1.987369717755952792e+01 1.564999999999999947e+00
-1.236991642926155066e+01 1.609852140208181126e-01 -8.237500000000503420e+00 4.000000000000000000e+02 -5.645921501754765259e+00 -1.987613578844658235e+01 1.685000000000000053e+00
-1.236936692505222801e+01 1.609260841223193739e-01 -8.240000000000502922e+00 4.000000000000000000e+02 -5.645467472515826479e+00 -1.987818175920764219e+01 1.570000000000000062e+00
-1.236881884482779626e+01 1.610233067230942561e-01 -8.242500000000502425e+00 4.000000000000000000e+02 -5.645160723811610382e+00 -1.988037501050342470e+01 8.699999999999999956e-01
-1.236827226460548346e+01 1.608771394397124355e-01 -8.245000000000501927e+00 4.000000000000000000e+02 -5.643504140571645067e+00 -1.988121842726346244e+01 1.010000000000000009e+00
-1.236772644339309402e+01 1.610400056754527909e-01 -8.247500000000501430e+00 4.000000000000000000e+02 -5.643473292161004906e+00 -1.988368757885281823e+01 4.699999999999999734e-01
-1.236718226489152705e+01 1.610507739260913507e-01 -8.250000000000500933e+00 4.000000000000000000e+02 -5.641037689123532317e+00 -1.988375197581534692e+01 1.090000000000000080e+00
-1.236663841737288116e+01 1.606189698615295147e-01 -8.252500000000500435e+00 4.000000000000000000e+02 -5.637698122719188909e+00 -1.988291240941100213e+01 4.149999999999999800e-01
-1.236609440904821611e+01 1.606056500728591518e-01 -8.255000000000499938e+00 4.000000000000000000e+02 -5.637653264227751926e+00 -1.988536755091956465e+01 1.749999999999999889e-01
-1.236555202940010112e+01 1.604829511325610303e-01 -8.257500000000499440e+00 4.000000000000000000e+02 -5.635797034725503529e+00 -1.988601132141731398e+01 7.600000000000000089e-01
-1.236501029254015727e+01 1.601067796757239536e-01 -8.260000000000498943e+00 4.000000000000000000e+02 -5.634957917050374299e+00 -1.988767220374218780e+01 1.344999999999999973e+00
-1.236446974728496428e+01 1.600156247488156158e-01 -8.262500000000498446e+00 4.000000000000000000e+02 -5.634460220731261515e+00 -1.988967450742307363e+01 1.485000000000000098e+00
-1.236393057443855881e+01 1.599392615233977966e-01 -8.265000000000497948e+00 4.000000000000000000e+02 -5.633915553253583397e+00 -1.989162983994539502e+01 1.120000000000000107e+00
-1.236339274452442361e+01 1.598994898891271388e-01 -8.267500000000497451e+00 4.000000000000000000e+02 -5.633885313505354375e+00 -1.989409960019716550e+01 1.294999999999999929e+00
-1.236285652931923451e+01 1.602998980559000586e-01 -8.270000000000496954e+00 4.000000000000000000e+02 -5.631808776077633638e+00 -1.989452306276944427e+01 6.850000000000000533e-01
-1.236232082832327528e+01 1.601271998422154619e-01 -8.272500000000496456e+00 4.000000000000000000e+02 -5.628090059714634386e+00 -1.989330434640644185e+01 9.300000000000000488e-01
-1.236178476140840665e+01 1.601962867493235132e-01 -8.275000000000495959e+00 4.000000000000000000e+02 -5.627544784356331320e+00 -1.989525907104814095e+01 1.004999999999999893e+00
-1.236125002770648429e+01 1.604784490437300704e-01 -8.277500000000495461e+00 4.000000000000000000e+02 -5.627383480275645944e+00 -1.989759776696745419e+01 1.114999999999999991e+00
-1.236071682790981718e+01 1.609488329595863965e-01 -8.280000000000494964e+00 4.000000000000000000e+02 -5.627328572126626405e+00 -1.990004285881843415e+01 1.725000000000000089e+00
-1.236018521335379106e+01 1.610334792685827465e-01 -8.282500000000494467e+00 4.000000000000000000e+02 -5.626158252315977215e+00 -1.990137253900778447e+01 3.250000000000000111e-01
-1.235965458710661480e+01 1.608362201870560948e-01 -8.285000000000493969e+00 4.000000000000000000e+02 -5.625147075680513531e+00 -1.990286136237232029e+01 3.099999999999999978e-01
-1.235912503106774807e+01 1.608368359666758896e-01 -8.287500000000493472e+00 4.000000000000000000e+02 -5.623754225246383243e+00 -1.990396851193818861e+01 1.635000000000000009e+00
-1.235859634081842984e+01 1.608893439154421290e-01 -8.290000000000492975e+00 4.000000000000000000e+02 -5.623473858831144589e+00 -1.990618814552295035e+01 1.364999999999999991e+00
-1.235806910120382796e+01 1.609709114387371520e-01 -8.292500000000492477e+00 4.000000000000000000e+02 -5.623096191722258830e+00 -1.990831047841406232e+01 6.650000000000000355e-01
-1.235754325633303274e+01 1.608822655235669086e-01 -8.295000000000491980e+00 4.000000000000000000e+02 -5.621419368308669284e+00 -1.990913365500047405e+01 1.219999999999999973e+00
-1.235701812017388335e+01 1.608297292773487042e-01 -8.297500000000491482e+00 4.000000000000000000e+02 -5.620901435826946013e+00 -1.991111572251875117e+01 1.239999999999999991e+00
-1.235649429864455406e+01 1.607865210138949008e-01 -8.300000000000490985e+00 4.000000000000000000e+02 -5.615003293430854470e+00 -1.990771758012265735e+01 1.754999999999999893e+00
-1.235596896971414083e+01 1.607252348892366511e-01 -8.302500000000490488e+00 4.000000000000000000e+02 -5.613052136686550675e+00 -1.990826642337835395e+01 1.939999999999999947e+00
-1.235544420462653115e+01 1.604945832779270387e-01 -8.305000000000489990e+00 4.000000000000000000e+02 -5.612082319150432319e+00 -1.990979660584223510e+01 5.050000000000000044e-01
-1.235492051651439738e+01 1.604698619056172948e-01 -8.307500000000489493e+00 4.000000000000000000e+02 -5.611455796061316725e+00 -1.991167008275311900e+01 1.794999999999999929e+00
-1.235439808193815558e+01 1.602296038287001623e-01 -8.310000000000488996e+00 4.000000000000000000e+02 -5.611312120313878715e+00 -1.991402640700568227e+01 1.270000000000000018e+00
-1.235387714877126442e+01 1.601543043593535165e-01 -8.312500000000488498e+00 4.000000000000000000e+02 -5.610855362882202435e+00 -1.991606964957400194e+01 1.725000000000000089e+00
-1.235335754931092822e+01 1.602129847592332346e-01 -8.315000000000488001e+00 4.000000000000000000e+02 -5.610406641124392912e+00 -1.991812092781619370e+01 1.885000000000000009e+00
-1.235283928361595329e+01 1.605564785278647821e-01 -8.317500000000487503e+00 4.000000000000000000e+02 -5.607411769977054483e+00 -1.991762605666885477e+01 1.745000000000000107e+00
-1.235232103004228676e+01 1.605463682392740399e-01 -8.320000000000487006e+00 4.000000000000000000e+02 -5.607253482706350489e+00 -1.991996776939815206e+01 1.799999999999999933e-01
-1.235180425615652844e+01 1.604503954052664827e-01 -8.322500000000486509e+00 4.000000000000000000e+02 -5.606224496163728865e+00 -1.992143878285552816e+01 5.150000000000000133e-01
-1.235128850822248303e+01 1.603647375723040724e-01 -8.325000000000486011e+00 4.000000000000000000e+02 -5.604497016385968422e+00 -1.992221130307776633e+01 1.385000000000000009e+00
-1.235077342411130807e+01 1.602515136056802403e-01 -8.327500000000485514e+00 4.000000000000000000e+02 -5.604485213221920503e+00 -1.992469949991371791e+01 6.999999999999999556e-01
-1.235025988422525778e+01 1.600129093007168490e-01 -8.330000000000485016e+00 4.000000000000000000e+02 -5.603863627887286647e+00 -1.992657791457908445e+01 1.094999999999999973e+00
-1.234974757092112618e+01 1.604461634044964669e-01 -8.332500000000484519e+00 4.000000000000000000e+02 -5.603862937374859854e+00 -1.992907722406665627e+01 1.879999999999999893e+00
-1.234923679779706696e+01 1.605010049468015842e-01 -8.335000000000484022e+00 4.000000000000000000e+02 -5.602097162572996503e+00 -1.992981144926479331e+01 1.520000000000000018e+00
-1.234872666002692654e+01 1.603110925211193027e-01 -8.337500000000483524e+00 4.000000000000000000e+02 -5.602092175812282804e+00 -1.993230646250408000e+01 1.145000000000000018e+00
-1.234821805260740923e+01 1.605301814058762711e-01 -8.340000000000483027e+00 4.000000000000000000e+02 -5.600611440205069513e+00 -1.993332572689686799e+01 1.034999999999999920e+00
-1.234771022148435904e+01 1.607350779403671492e-01 -8.342500000000482530e+00 4.000000000000000000e+02 -5.600603171158663685e+00 -1.993581745785045811e+01 7.000000000000000666e-02
-1.234720391096501579e+01 1.605780090339203603e-01 -8.345000000000482032e+00 4.000000000000000000e+02 -5.598999635502101668e+00 -1.993671392219389560e+01 8.699999999999999956e-01
-1.234669831000802809e+01 1.606951760723287215e-01 -8.347500000000481535e+00 4.000000000000000000e+02 -5.596744894364722001e+00 -1.993695918105651543e+01 1.189999999999999947e+00
-1.234619308844814611e+01 1.605700980032369884e-01 -8.350000000000481037e+00 4.000000000000000000e+02 -5.593643696077382543e+00 -1.993635798276917726e+01 1.334999999999999964e+00
-1.234568781840867402e+01 1.612906354700203992e-01 -8.352500000000480540e+00 4.000000000000000000e+02 -5.593116202034125628e+00 -1.993833048872591718e+01 1.879999999999999893e+00
-1.234518379845037650e+01 1.615087370448399229e-01 -8.355000000000480043e+00 4.000000000000000000e+02 -5.592662684736709799e+00 -1.994037697142850263e+01 5.749999999999999556e-01
-1.234468106203570770e+01 1.612383760851366643e-01 -8.357500000000479545e+00 4.000000000000000000e+02 -5.590852717693418406e+00 -1.994106700438521074e+01 4.849999999999999867e-01
-1.234417892476171907e+01 1.607096707709919636e-01 -8.360000000000479048e+00 4.000000000000000000e+02 -5.590333685140965514e+00 -1.994304797183275824e+01 1.500000000000000000e+00
-1.234367803248857420e+01 1.607227721057980507e-01 -8.362500000000478551e+00 4.000000000000000000e+02 -5.587764694247587371e+00 -1.994297898093937960e+01 2.999999999999999889e-02
-1.234317735645064396e+01 1.607449442047056976e-01 -8.365000000000478053e+00 4.000000000000000000e+02 -5.587284397459976404e+00 -1.994499868415176991e+01 7.750000000000000222e-01
-1.234267794040266608e+01 1.603569748322745958e-01 -8.367500000000477556e+00 4.000000000000000000e+02 -5.586939815329846404e+00 -1.994715410202163497e+01 4.349999999999999978e-01
-1.234217984813322033e+01 1.602363262709139424e-01 -8.370000000000477058e+00 4.000000000000000000e+02 -5.586904947815194866e+00 -1.994961923450698649e+01 1.399999999999999911e+00
-1.234168322927258465e+01 1.604513428152541665e-01 -8.372500000000476561e+00 4.000000000000000000e+02 -5.586491176219684718e+00 -1.995170546291147318e+01 5.100000000000000089e-01
-1.234118789113032300e+01 1.600465602670644305e-01 -8.375000000000476064e+00 4.000000000000000000e+02 -5.585784976982067995e+00 -1.995349926367385862e+01 1.985000000000000098e+00
-1.234069368530921551e+01 1.598868463654469496e-01 -8.377500000000475566e+00 4.000000000000000000e+02 -5.585577555778553638e+00 -1.995579184247034021e+01 3.649999999999999911e-01
-1.234020085447718174e+01 1.598667291288142223e-01 -8.380000000000475069e+00 4.000000000000000000e+02 -5.585514890385991471e+00 -1.995822917707777933e+01 9.200000000000000400e-01
-1.233970946525316847e+01 1.598061401899191769e-01 -8.382500000000474571e+00 4.000000000000000000e+02 -5.585511887939474285e+00 -1.996072617463126164e+01 6.500000000000000222e-01
-1.233921954193911397e+01 1.598483781517806013e-01 -8.385000000000474074e+00 4.000000000000000000e+02 -5.583635208718469300e+00 -1.996134949541025705e+01 1.320000000000000062e+00
-1.233873016359246400e+01 1.597784190019453654e-01 -8.387500000000473577e+00 4.000000000000000000e+02 -5.582992758220421514e+00 -1.996320704491220610e+01 2.899999999999999800e-01
-1.233824193215477294e+01 1.598960596516501298e-01 -8.390000000000473079e+00 4.000000000000000000e+02 -5.582675740649625240e+00 -1.996539002734141377e+01 1.625000000000000000e+00
-1.233775500283031512e+01 1.599313950653892258e-01 -8.392500000000472582e+00 4.000000000000000000e+02 -5.582617946247041552e+00 -1.996783223293882514e+01 1.510000000000000009e+00
-1.233726949735502565e+01 1.599628716882150192e-01 -8.395000000000472085e+00 4.000000000000000000e+02 -5.582192697763412426e+00 -1.996990698445519996e+01 8.149999999999999467e-01
-1.233678523300811669e+01 1.596506278257239231e-01 -8.397500000000471587e+00 4.000000000000000000e+02 -5.580978422242427683e+00 -1.997119270893421117e+01 9.849999999999999867e-01
-1.233630182483861404e+01 1.594665773659438013e-01 -8.400000000000471090e+00 4.000000000000000000e+02 -5.579399184773379261e+00 -1.997211347146516403e+01 4.949999999999999956e-01
-1.233581909481666017e+01 1.594338321440169348e-01 -8.402500000000470592e+00 4.000000000000000000e+02 -5.579360522341195505e+00 -1.997457480903297977e+01 6.899999999999999467e-01
-1.233533778355307220e+01 1.593887445807364300e-01 -8.405000000000470095e+00 4.000000000000000000e+02 -5.578969489886702604e+00 -1.997668377657848637e+01 7.700000000000000178e-01
-1.233485771710773271e+01 1.592876721737886969e-01 -8.407500000000469598e+00 4.000000000000000000e+02 -5.578387595741022054e+00 -1.997860188243280533e+01 3.499999999999999778e-01
-1.233437880028975009e+01 1.591589858149185244e-01 -8.410000000000469100e+00 4.000000000000000000e+02 -5.576142891793107736e+00 -1.997885717848489051e+01 5.849999999999999645e-01
-1.233390023488551179e+01 1.591418479728657631e-01 -8.412500000000468603e+00 4.000000000000000000e+02 -5.575589883380250633e+00 -1.998080417007203025e+01 1.665000000000000036e+00
-1.233342282858559180e+01 1.590107316242790059e-01 -8.415000000000468106e+00 4.000000000000000000e+02 -5.574902793161160552e+00 -1.998261707985294322e+01 1.719999999999999973e+00
-1.233294651418576038e+01 1.591470502281410737e-01 -8.417500000000467608e+00 4.000000000000000000e+02 -5.574198347175520318e+00 -1.998441263386730071e+01 1.514999999999999902e+00
-1.233247128042448004e+01 1.593839079375529988e-01 -8.420000000000467111e+00 4.000000000000000000e+02 -5.573583772417997295e+00 -1.998629805910977808e+01 2.449999999999999956e-01
-1.233199716693933823e+01 1.589311689663900351e-01 -8.422500000000466613e+00 4.000000000000000000e+02 -5.572424595221944443e+00 -1.998763888191372473e+01 1.125000000000000000e+00
-1.233152391295617711e+01 1.586771875089955097e-01 -8.425000000000466116e+00 4.000000000000000000e+02 -5.571931600443836174e+00 -1.998964588713561596e+01 1.280000000000000027e+00
-1.233105183103443458e+01 1.587320476465956809e-01 -8.427500000000465619e+00 4.000000000000000000e+02 -5.571616429510434898e+00 -1.999183071620221241e+01 1.549999999999999989e-01
-1.233058100143271929e+01 1.585970497476678898e-01 -8.430000000000465121e+00 4.000000000000000000e+02 -5.571546458022643478e+00 -1.999426074471442405e+01 6.650000000000000355e-01
-1.233011153534169324e+01 1.582785688904912447e-01 -8.432500000000464624e+00 4.000000000000000000e+02 -5.571180752157781413e+00 -1.999639503884955616e+01 8.050000000000000488e-01
-1.232964328975202406e+01 1.581629046043385445e-01 -8.435000000000464127e+00 4.000000000000000000e+02 -5.569346493280261434e+00 -1.999706077997203835e+01 7.099999999999999645e-01
-1.232917557472159586e+01 1.575557921662110727e-01 -8.437500000000463629e+00 4.000000000000000000e+02 -5.568199460153614666e+00 -1.999841374684539019e+01 1.030000000000000027e+00
-1.232870871027814985e+01 1.572397534596277346e-01 -8.440000000000463132e+00 4.000000000000000000e+02 -5.565800630045649733e+00 -1.999851491673742743e+01 2.250000000000000056e-01
-1.232824211089259059e+01 1.565206742239120818e-01 -8.442500000000462634e+00 4.000000000000000000e+02 -5.564152683011271527e+00 -1.999936696970304695e+01 1.814999999999999947e+00
-1.232777612624067487e+01 1.563007800546924175e-01 -8.445000000000462137e+00 4.000000000000000000e+02 -5.563218725852497215e+00 -2.000093301254427303e+01 2.000000000000000000e+00
-1.232731108730106406e+01 1.565553732100188888e-01 -8.447500000000461640e+00 4.000000000000000000e+02 -5.563196136814301695e+00 -2.000341042350607523e+01 1.790000000000000036e+00
-1.232684741438733234e+01 1.567768247634642453e-01 -8.450000000000461142e+00 4.000000000000000000e+02 -5.562960089234414873e+00 -2.000567437592619058e+01 6.899999999999999467e-01
-1.232638500418433836e+01 1.567059222311446010e-01 -8.452500000000460645e+00 4.000000000000000000e+02 -5.562257884211747161e+00 -2.000747217090351882e+01 6.949999999999999512e-01
-1.232592363770226385e+01 1.566524590292634189e-01 -8.455000000000460147e+00 4.000000000000000000e+02 -5.561239830426156772e+00 -2.000895411711793059e+01 7.700000000000000178e-01
-1.232546316672273612e+01 1.566496080935467494e-01 -8.457500000000459650e+00 4.000000000000000000e+02 -5.560481114549493675e+00 -2.001069540124126434e+01 5.050000000000000044e-01
-1.232500370823962044e+01 1.565134742735644624e-01 -8.460000000000459153e+00 4.000000000000000000e+02 -5.560226847163464825e+00 -2.001294113385523588e+01 1.514999999999999902e+00
-1.232454549071550964e+01 1.563558088442312255e-01 -8.462500000000458655e+00 4.000000000000000000e+02 -5.559879483314968063e+00 -2.001509377000673950e+01 1.800000000000000044e+00
-1.232408846769695288e+01 1.563460389598929912e-01 -8.465000000000458158e+00 4.000000000000000000e+02 -5.559442935081329473e+00 -2.001715722177310042e+01 1.544999999999999929e+00
-1.232363259488072948e+01 1.563753752444440592e-01 -8.467500000000457661e+00 4.000000000000000000e+02 -5.558932059608737930e+00 -2.001914634630050926e+01 5.799999999999999600e-01
-1.232317783505774322e+01 1.565346418316276023e-01 -8.470000000000457163e+00 4.000000000000000000e+02 -5.557152554416838086e+00 -2.001986684110860892e+01 1.854999999999999982e+00
-1.232272360925811228e+01 1.565877889289796765e-01 -8.472500000000456666e+00 4.000000000000000000e+02 -5.556962525302811429e+00 -2.002217681199457999e+01 8.950000000000000178e-01
-1.232227063701027525e+01 1.563817052302784172e-01 -8.475000000000456168e+00 4.000000000000000000e+02 -5.555729968719794520e+00 -2.002344425541156525e+01 1.935000000000000053e+00
-1.232181844321699238e+01 1.563040231433346083e-01 -8.477500000000455671e+00 4.000000000000000000e+02 -5.555151086770692359e+00 -2.002536537346245993e+01 6.500000000000000222e-02
-1.232136732110633837e+01 1.563056443564359577e-01 -8.480000000000455174e+00 4.000000000000000000e+02 -5.553296225249341411e+00 -2.002601051194110937e+01 1.794999999999999929e+00
-1.232091669316074878e+01 1.558691523225444742e-01 -8.482500000000454676e+00 4.000000000000000000e+02 -5.553157741138787351e+00 -2.002837202783055304e+01 1.500000000000000000e+00
-1.232046733038132835e+01 1.555337349565916738e-01 -8.485000000000454179e+00 4.000000000000000000e+02 -5.552363586497355286e+00 -2.003007787318912136e+01 1.915000000000000036e+00
-1.232001893481248622e+01 1.553059399218281456e-01 -8.487500000000453682e+00 4.000000000000000000e+02 -5.552334194248071952e+00 -2.003254848093983753e+01 5.999999999999999778e-02
-1.231957184591123955e+01 1.553045589637593316e-01 -8.490000000000453184e+00 4.000000000000000000e+02 -5.552120943299282629e+00 -2.003483522999104949e+01 9.499999999999999556e-01
-1.231912597733730586e+01 1.553172347542371989e-01 -8.492500000000452687e+00 4.000000000000000000e+02 -5.551474463047960661e+00 -2.003668874973972436e+01 1.054999999999999938e+00
-1.231868113258283515e+01 1.555112384260687042e-01 -8.495000000000452189e+00 4.000000000000000000e+02 -5.551313172401093787e+00 -2.003902745909286054e+01 1.229999999999999982e+00
-1.231823752408181250e+01 1.557972703086867305e-01 -8.497500000000451692e+00 4.000000000000000000e+02 -5.551136901200107943e+00 -2.004135118789186976e+01 1.900000000000000022e-01
-1.231779514122697350e+01 1.558071085680668155e-01 -8.500000000000451195e+00 4.000000000000000000e+02 -5.550797573619467684e+00 -2.004351186031123433e+01 2.000000000000000042e-02
-1.231735390816800546e+01 1.559674611460251659e-01 -8.502500000000450697e+00 4.000000000000000000e+02 -5.548611852382235199e+00 -2.004382613907399957e+01 6.899999999999999467e-01
-1.231691300826648394e+01 1.558842823851994686e-01 -8.505000000000450200e+00 4.000000000000000000e+02 -5.548059951378255583e+00 -2.004577423807002035e+01 2.250000000000000056e-01
-1.231647316018582572e+01 1.558389178959346810e-01 -8.507500000000449702e+00 4.000000000000000000e+02 -5.545696569036749679e+00 -2.004591085572851128e+01 1.344999999999999973e+00
-1.231603356553373985e+01 1.559766672581315572e-01 -8.510000000000449205e+00 4.000000000000000000e+02 -5.545378361099605691e+00 -2.004809264779136768e+01 1.209999999999999964e+00
-1.231559512146792734e+01 1.562946929518826411e-01 -8.512500000000448708e+00 4.000000000000000000e+02 -5.545336234104559558e+00 -2.005055052079632105e+01 1.560000000000000053e+00
-1.231515794516080753e+01 1.563175512178550663e-01 -8.515000000000448210e+00 4.000000000000000000e+02 -5.545272422005821156e+00 -2.005298670869758126e+01 8.850000000000000089e-01
-1.231472202294409435e+01 1.564343851054072199e-01 -8.517500000000447713e+00 4.000000000000000000e+02 -5.544502125217647404e+00 -2.005471641190940701e+01 1.860000000000000098e+00
-1.231428704354506465e+01 1.566805318529193580e-01 -8.520000000000447216e+00 4.000000000000000000e+02 -5.542806879360141714e+00 -2.005552116605190349e+01 7.600000000000000089e-01
-1.231385260295340700e+01 1.566329595299564281e-01 -8.522500000000446718e+00 4.000000000000000000e+02 -5.541541793850867315e+00 -2.005675608054262682e+01 1.584999999999999964e+00
-1.231341888683523855e+01 1.562269797332678789e-01 -8.525000000000446221e+00 4.000000000000000000e+02 -5.541274603013736311e+00 -2.005898888970549621e+01 1.799999999999999933e-01
-1.231298632544173266e+01 1.562427367375722742e-01 -8.527500000000445723e+00 4.000000000000000000e+02 -5.540275952768163314e+00 -2.006049023945992005e+01 4.650000000000000244e-01
-1.231255459959477960e+01 1.560113076482246008e-01 -8.530000000000445226e+00 4.000000000000000000e+02 -5.538238097396734005e+00 -2.006095238408849468e+01 1.814999999999999947e+00
-1.231212325939921115e+01 1.561547953551207235e-01 -8.532500000000444729e+00 4.000000000000000000e+02 -5.537136816063572553e+00 -2.006235110275532918e+01 1.129999999999999893e+00
-1.231169270768997315e+01 1.563148458980354039e-01 -8.535000000000444231e+00 4.000000000000000000e+02 -5.536050904293115416e+00 -2.006376519098487421e+01 8.499999999999999778e-01
-1.231126294929106635e+01 1.559892483661287077e-01 -8.537500000000443734e+00 4.000000000000000000e+02 -5.535249552499302617e+00 -2.006546383919105736e+01 1.219999999999999973e+00
-1.231083410442414205e+01 1.558855194727249427e-01 -8.540000000000443237e+00 4.000000000000000000e+02 -5.534693250060884750e+00 -2.006740753675263988e+01 6.350000000000000089e-01
-1.231040627558648026e+01 1.559924899875790583e-01 -8.542500000000442739e+00 4.000000000000000000e+02 -5.533810828080766520e+00 -2.006902511477252204e+01 1.905000000000000027e+00
-1.230997932075192303e+01 1.559972056955985231e-01 -8.545000000000442242e+00 4.000000000000000000e+02 -5.533534694030318057e+00 -2.007124898072207486e+01 1.800000000000000044e+00
-1.230955349595874893e+01 1.562937010581583186e-01 -8.547500000000441744e+00 4.000000000000000000e+02 -5.531574266474538426e+00 -2.007178855316629296e+01 1.250000000000000000e+00
-1.230912808196989694e+01 1.560413305931779016e-01 -8.550000000000441247e+00 4.000000000000000000e+02 -5.529947132937357956e+00 -2.007266141962911377e+01 3.900000000000000133e-01
-1.230870321981210758e+01 1.561165895275569426e-01 -8.552500000000440750e+00 4.000000000000000000e+02 -5.529172320653128914e+00 -2.007438660734488067e+01 1.925000000000000044e+00
-1.230827926995444344e+01 1.560152732824377497e-01 -8.555000000000440252e+00 4.000000000000000000e+02 -5.529100567289763291e+00 -2.007681485398151722e+01 1.799999999999999933e-01
-1.230785652730710567e+01 1.561067916194338878e-01 -8.557500000000439755e+00 4.000000000000000000e+02 -5.528862957668235545e+00 -2.007907724435998631e+01 1.870000000000000107e+00
-1.230743491801846723e+01 1.560492105082349201e-01 -8.560000000000439258e+00 4.000000000000000000e+02 -5.528361332800500350e+00 -2.008107561949225328e+01 1.310000000000000053e+00
-1.230701432756992020e+01 1.559393791138734553e-01 -8.562500000000438760e+00 4.000000000000000000e+02 -5.527761751779487476e+00 -2.008297603847123725e+01 1.225000000000000089e+00
-1.230659471197922095e+01 1.560007658828709565e-01 -8.565000000000438263e+00 4.000000000000000000e+02 -5.525756837556065726e+00 -2.008347112424781855e+01 1.844999999999999973e+00
-1.230617547995558070e+01 1.559314418929393375e-01 -8.567500000000437765e+00 4.000000000000000000e+02 -5.525100202378038006e+00 -2.008531448906978767e+01 1.929999999999999938e+00
-1.230575719521457678e+01 1.560444117417433552e-01 -8.570000000000437268e+00 4.000000000000000000e+02 -5.524577813937978199e+00 -2.008729210062972825e+01 5.899999999999999689e-01
-1.230533991123203563e+01 1.562259822400435816e-01 -8.572500000000436771e+00 4.000000000000000000e+02 -5.523781213065670492e+00 -2.008899549975742005e+01 1.000000000000000021e-02
-1.230492351105490556e+01 1.563609852604913586e-01 -8.575000000000436273e+00 4.000000000000000000e+02 -5.521478999250767572e+00 -2.008919328594251752e+01 7.750000000000000222e-01
-1.230450736649337351e+01 1.564190628894367718e-01 -8.577500000000435776e+00 4.000000000000000000e+02 -5.521372088268705625e+00 -2.009158637496045330e+01 8.449999999999999734e-01
-1.230409238909640024e+01 1.564776126246536503e-01 -8.580000000000435278e+00 4.000000000000000000e+02 -5.520771216654952518e+00 -2.009348550334670236e+01 1.175000000000000044e+00
-1.230367837069222325e+01 1.566527518506521388e-01 -8.582500000000434781e+00 4.000000000000000000e+02 -5.520539240035138739e+00 -2.009575352672688453e+01 7.700000000000000178e-01
-1.230326546098603480e+01 1.565166335205097070e-01 -8.585000000000434284e+00 4.000000000000000000e+02 -5.520246902449489568e+00 -2.009796118914123753e+01 1.300000000000000044e-01
-1.230285363170045265e+01 1.564708890190829038e-01 -8.587500000000433786e+00 4.000000000000000000e+02 -5.520037992020152551e+00 -2.010025227871189912e+01 1.040000000000000036e+00
-1.230244291382474664e+01 1.565109655276312461e-01 -8.590000000000433289e+00 4.000000000000000000e+02 -5.519542179598589726e+00 -2.010225646629033491e+01 1.225000000000000089e+00
-1.230203318639431664e+01 1.565915271520103846e-01 -8.592500000000432792e+00 4.000000000000000000e+02 -5.519126508369315509e+00 -2.010434079506105931e+01 1.614999999999999991e+00
-1.230162447936532999e+01 1.565097681872965607e-01 -8.595000000000432294e+00 4.000000000000000000e+02 -5.519061980994575123e+00 -2.010677626768632109e+01 1.209999999999999964e+00
-1.230121693288453244e+01 1.567539819069866946e-01 -8.597500000000431797e+00 4.000000000000000000e+02 -5.518698567411493450e+00 -2.010891285410323803e+01 6.550000000000000266e-01
-1.230081042172786709e+01 1.566464468219769812e-01 -8.600000000000431299e+00 4.000000000000000000e+02 -5.518635843500217852e+00 -2.011135013019196194e+01 1.860000000000000098e+00
-1.230040506472630923e+01 1.565742505828321418e-01 -8.602500000000430802e+00 4.000000000000000000e+02 -5.518262450053355472e+00 -2.011347673674509906e+01 1.799999999999999933e-01
-1.230000073256845994e+01 1.568687956816012252e-01 -8.605000000000430305e+00 4.000000000000000000e+02 -5.517893312597892397e+00 -2.011560759928963549e+01 1.870000000000000107e+00
-1.229959742396667011e+01 1.569194170098172081e-01 -8.607500000000429807e+00 4.000000000000000000e+02 -5.517482631472041099e+00 -2.011769691816378369e+01 1.574999999999999956e+00
-1.229919511920916797e+01 1.571789683500713630e-01 -8.610000000000429310e+00 4.000000000000000000e+02 -5.517276959836025618e+00 -2.011999124652776771e+01 2.099999999999999922e-01
-1.229879389764125364e+01 1.572493348644928013e-01 -8.612500000000428813e+00 4.000000000000000000e+02 -5.516649112938527999e+00 -2.012186339963026782e+01 2.300000000000000100e-01
-1.229839358698193585e+01 1.572353377442671230e-01 -8.615000000000428315e+00 4.000000000000000000e+02 -5.515886773709935298e+00 -2.012360106040167551e+01 1.824999999999999956e+00
-1.229799413109039463e+01 1.572719486445250114e-01 -8.617500000000427818e+00 4.000000000000000000e+02 -5.514579963884368219e+00 -2.012479425057610882e+01 1.304999999999999938e+00
-1.229759531075761814e+01 1.574575529000610263e-01 -8.620000000000427320e+00 4.000000000000000000e+02 -5.513969180836943096e+00 -2.012668346752868587e+01 9.350000000000000533e-01
-1.229719740171617559e+01 1.573236667828747659e-01 -8.622500000000426823e+00 4.000000000000000000e+02 -5.512932986279156289e+00 -2.012814727297089590e+01 6.949999999999999512e-01
-1.229680023263166078e+01 1.572186007496589322e-01 -8.625000000000426326e+00 4.000000000000000000e+02 -5.511309703727419240e+00 -2.012902399041916013e+01 1.159999999999999920e+00
-1.229640356907310128e+01 1.571539677351802278e-01 -8.627500000000425828e+00 4.000000000000000000e+02 -5.510255398613970179e+00 -2.013046968530570879e+01 9.649999999999999689e-01
-1.229600763549369624e+01 1.570761294676569497e-01 -8.630000000000425331e+00 4.000000000000000000e+02 -5.509756141799946327e+00 -2.013247042849168622e+01 8.950000000000000178e-01
-1.229561264951571964e+01 1.569849261748554325e-01 -8.632500000000424834e+00 4.000000000000000000e+02 -5.509298315647169098e+00 -2.013451260233890494e+01 9.549999999999999600e-01
-1.229521862482019756e+01 1.567699642951359273e-01 -8.635000000000424336e+00 4.000000000000000000e+02 -5.509030980155411150e+00 -2.013674526684715005e+01 1.889999999999999902e+00
-1.229482563354391722e+01 1.567311157034574076e-01 -8.637500000000423839e+00 4.000000000000000000e+02 -5.508726138487110902e+00 -2.013894042517884486e+01 2.349999999999999867e-01
-1.229443365787370013e+01 1.568197809407552434e-01 -8.640000000000423341e+00 4.000000000000000000e+02 -5.507827029549510200e+00 -2.014054131624124722e+01 1.945000000000000062e+00
-1.229404246242828336e+01 1.569158950429804522e-01 -8.642500000000422844e+00 4.000000000000000000e+02 -5.506644551285900135e+00 -2.014185883797763665e+01 1.995000000000000107e+00
-1.229365193472408713e+01 1.568802462068788761e-01 -8.645000000000422347e+00 4.000000000000000000e+02 -5.506508876825175314e+00 -2.014422316351691222e+01 6.099999999999999867e-01
-1.229326248117668285e+01 1.567580854610836905e-01 -8.647500000000421849e+00 4.000000000000000000e+02 -5.505267048596437895e+00 -2.014548133528817075e+01 2.899999999999999800e-01
-1.229287366864984854e+01 1.567549242673015042e-01 -8.650000000000421352e+00 4.000000000000000000e+02 -5.504428481561079778e+00 -2.014714276825281303e+01 8.399999999999999689e-01
-1.229248565231303836e+01 1.567936127718094763e-01 -8.652500000000420854e+00 4.000000000000000000e+02 -5.503826554147886796e+00 -2.014904084083961777e+01 1.969999999999999973e+00
-1.229209852183144136e+01 1.566277515938571119e-01 -8.655000000000420357e+00 4.000000000000000000e+02 -5.500986813304706402e+00 -2.014870109999644043e+01 6.300000000000000044e-01
-1.229171140969183362e+01 1.566262373260001728e-01 -8.657500000000419860e+00 4.000000000000000000e+02 -5.500968507530688889e+00 -2.015118279422242153e+01 1.324999999999999956e+00
-1.229132540629653825e+01 1.568063877350056035e-01 -8.660000000000419362e+00 4.000000000000000000e+02 -5.500633431444030386e+00 -2.015334771813576253e+01 5.699999999999999512e-01
-1.229094038612371342e+01 1.565642417511381446e-01 -8.662500000000418865e+00 4.000000000000000000e+02 -5.500564253887151089e+00 -2.015577854057888274e+01 8.699999999999999956e-01
-1.229055644837431949e+01 1.565934679137728491e-01 -8.665000000000418368e+00 4.000000000000000000e+02 -5.499631724244530950e+00 -2.015734601093626210e+01 1.314999999999999947e+00
-1.229017325897023305e+01 1.567876189011660204e-01 -8.667500000000417870e+00 4.000000000000000000e+02 -5.499367877651155645e+00 -2.015958216434288630e+01 4.000000000000000083e-02
-1.228979107176565577e+01 1.567766710517792261e-01 -8.670000000000417373e+00 4.000000000000000000e+02 -5.499194610112473569e+00 -2.016190889680420639e+01 1.340000000000000080e+00
-1.228940991827747098e+01 1.568522644563614121e-01 -8.672500000000416875e+00 4.000000000000000000e+02 -5.498893800259549991e+00 -2.016410808695128054e+01 1.040000000000000036e+00
-1.228902974684177529e+01 1.571521972473015061e-01 -8.675000000000416378e+00 4.000000000000000000e+02 -5.498394370413369536e+00 -2.016610865710509870e+01 1.544999999999999929e+00
-1.228865047924807996e+01 1.570343344014370202e-01 -8.677500000000415881e+00 4.000000000000000000e+02 -5.495442940931861031e+00 -2.016565722762359059e+01 4.500000000000000111e-01
-1.228827118428992193e+01 1.571418676804186010e-01 -8.680000000000415383e+00 4.000000000000000000e+02 -5.495185085471798736e+00 -2.016789937216352868e+01 9.899999999999999911e-01
-1.228789288214063724e+01 1.571065672766643606e-01 -8.682500000000414886e+00 4.000000000000000000e+02 -5.494160229991302380e+00 -2.016937451668302828e+01 1.760000000000000009e+00
-1.228751528037258645e+01 1.569564967873627592e-01 -8.685000000000414389e+00 4.000000000000000000e+02 -5.489886862764431719e+00 -2.016760114945616067e+01 1.650000000000000078e-01
-1.228713715129274853e+01 1.568456940233744212e-01 -8.687500000000413891e+00 4.000000000000000000e+02 -5.489215603280749534e+00 -2.016942988997247710e+01 1.500000000000000000e+00
-1.228675985561713091e+01 1.569154639866895129e-01 -8.690000000000413394e+00 4.000000000000000000e+02 -5.488621225362278366e+00 -2.017133551205400721e+01 3.599999999999999867e-01
-1.228638342013216622e+01 1.572324409506468401e-01 -8.692500000000412896e+00 4.000000000000000000e+02 -5.485686544044239277e+00 -2.017090083073596318e+01 1.870000000000000107e+00
-1.228600696272489223e+01 1.571533918378623385e-01 -8.695000000000412399e+00 4.000000000000000000e+02 -5.485589792063427339e+00 -2.017330407875515164e+01 1.300000000000000044e-01
-1.228563155010913732e+01 1.577236811765816982e-01 -8.697500000000411902e+00 4.000000000000000000e+02 -5.483862904645584457e+00 -2.017407719133730737e+01 1.780000000000000027e+00
-1.228525656833593693e+01 1.575800618770799855e-01 -8.700000000000411404e+00 4.000000000000000000e+02 -5.481726850783357641e+00 -2.017444113747508183e+01 9.699999999999999734e-01
-1.228488186349300015e+01 1.575242724725249566e-01 -8.702500000000410907e+00 4.000000000000000000e+02 -5.481357423437048126e+00 -2.017657171012876915e+01 2.349999999999999867e-01
-1.228450809603956095e+01 1.574918515688664977e-01 -8.705000000000410409e+00 4.000000000000000000e+02 -5.480010772684594578e+00 -2.017772505937631777e+01 1.199999999999999956e+00
-1.228413489883062049e+01 1.576732911493302636e-01 -8.707500000000409912e+00 4.000000000000000000e+02 -5.479512255600059945e+00 -2.017972654229178175e+01 1.100000000000000006e-01
-1.228376258662949816e+01 1.576168902280974393e-01 -8.710000000000409415e+00 4.000000000000000000e+02 -5.477344208915529755e+00 -2.018005849560725196e+01 1.695000000000000062e+00
-1.228339053649395751e+01 1.576884631802707992e-01 -8.712500000000408917e+00 4.000000000000000000e+02 -5.475590910404181777e+00 -2.018080519709590348e+01 4.000000000000000222e-01
-1.228301890228007665e+01 1.574754829601602568e-01 -8.715000000000408420e+00 4.000000000000000000e+02 -5.474868456341265954e+00 -2.018258274303298805e+01 1.709999999999999964e+00
-1.228264806576948409e+01 1.573711538670581056e-01 -8.717500000000407923e+00 4.000000000000000000e+02 -5.473584944021853360e+00 -2.018379923071357496e+01 1.150000000000000050e-01
-1.228227781732085155e+01 1.573193169111245238e-01 -8.720000000000407425e+00 4.000000000000000000e+02 -5.472626696363360743e+00 -2.018534098305508095e+01 4.500000000000000111e-01
-1.228190827598054824e+01 1.574433499729499808e-01 -8.722500000000406928e+00 4.000000000000000000e+02 -5.472609695849128819e+00 -2.018782398254084853e+01 1.850000000000000089e+00
-1.228153978707604033e+01 1.576011425694666679e-01 -8.725000000000406430e+00 4.000000000000000000e+02 -5.471448517867600891e+00 -2.018916280455932011e+01 1.794999999999999929e+00
-1.228117192664431023e+01 1.576920049065310692e-01 -8.727500000000405933e+00 4.000000000000000000e+02 -5.471425140899677686e+00 -2.019163942759139729e+01 4.000000000000000222e-01
-1.228080511090709415e+01 1.577680837470541719e-01 -8.730000000000405436e+00 4.000000000000000000e+02 -5.467286139200065342e+00 -2.019000042589178534e+01 2.049999999999999878e-01
-1.228043782830082442e+01 1.576777475231268544e-01 -8.732500000000404938e+00 4.000000000000000000e+02 -5.465540710187474893e+00 -2.019075499687919262e+01 1.909999999999999920e+00
-1.228007095742529842e+01 1.576800490467329674e-01 -8.735000000000404441e+00 4.000000000000000000e+02 -5.464715897331335448e+00 -2.019243018402305268e+01 1.185000000000000053e+00
-1.227970483481999331e+01 1.577804578995562479e-01 -8.737500000000403944e+00 4.000000000000000000e+02 -5.463155239201324953e+00 -2.019336952589303991e+01 1.294999999999999929e+00
-1.227933918977558392e+01 1.579256161133010261e-01 -8.740000000000403446e+00 4.000000000000000000e+02 -5.462656359437202624e+00 -2.019537064612892152e+01 1.824999999999999956e+00
-1.227897440894624914e+01 1.574424911577074204e-01 -8.742500000000402949e+00 4.000000000000000000e+02 -5.461825774581954285e+00 -2.019704006127366824e+01 8.950000000000000178e-01
-1.227861036926348604e+01 1.575832807391904511e-01 -8.745000000000402451e+00 4.000000000000000000e+02 -5.461769927360757393e+00 -2.019948421405247529e+01 1.010000000000000009e+00
-1.227824735025488678e+01 1.579267331852101386e-01 -8.747500000000401954e+00 4.000000000000000000e+02 -5.460991803493891794e+00 -2.020120609018560742e+01 1.104999999999999982e+00
-1.227788508717748961e+01 1.580940665190661565e-01 -8.750000000000401457e+00 4.000000000000000000e+02 -5.459884254726531161e+00 -2.020259854141824718e+01 7.149999999999999689e-01
-1.227752345909609311e+01 1.579521985849730858e-01 -8.752500000000400959e+00 4.000000000000000000e+02 -5.459256016325860550e+00 -2.020447030301757252e+01 4.500000000000000111e-01
-1.227716263762435744e+01 1.579880511810530797e-01 -8.755000000000400462e+00 4.000000000000000000e+02 -5.459037821351165221e+00 -2.020675210804287758e+01 7.199999999999999734e-01
-1.227680276823889471e+01 1.578501497984028945e-01 -8.757500000000399965e+00 4.000000000000000000e+02 -5.457202746112192138e+00 -2.020741703280390311e+01 9.350000000000000533e-01
-1.227644326739032010e+01 1.578590975260114049e-01 -8.760000000000399467e+00 4.000000000000000000e+02 -5.455619717887901565e+00 -2.020833400457961559e+01 8.000000000000000444e-01
-1.227608422505966068e+01 1.580019220369088540e-01 -8.762500000000398970e+00 4.000000000000000000e+02 -5.455566145010352308e+00 -2.021078043170206229e+01 1.849999999999999978e-01
-1.227572618841961472e+01 1.580928001614731182e-01 -8.765000000000398472e+00 4.000000000000000000e+02 -5.454255757240122904e+00 -2.021197004393183505e+01 1.084999999999999964e+00
-1.227536870536704861e+01 1.581568262810756631e-01 -8.767500000000397975e+00 4.000000000000000000e+02 -5.454051249723314676e+00 -2.021426553641502366e+01 1.985000000000000098e+00
-1.227501216928252958e+01 1.582348780215168393e-01 -8.770000000000397478e+00 4.000000000000000000e+02 -5.453870552290248419e+00 -2.021658483898195868e+01 7.199999999999999734e-01
-1.227465658578639207e+01 1.580436764143909045e-01 -8.772500000000396980e+00 4.000000000000000000e+02 -5.451429756172950114e+00 -2.021664404286465810e+01 1.669999999999999929e+00
-1.227430114972501407e+01 1.576897511092015813e-01 -8.775000000000396483e+00 4.000000000000000000e+02 -5.450889660859180808e+00 -2.021860394755088919e+01 2.600000000000000089e-01
-1.227394653552152626e+01 1.578006398733755589e-01 -8.777500000000395985e+00 4.000000000000000000e+02 -5.450705518772624103e+00 -2.022091980546433376e+01 1.780000000000000027e+00
-1.227359286687483753e+01 1.578358806351416732e-01 -8.780000000000395488e+00 4.000000000000000000e+02 -5.449952768075683629e+00 -2.022266705476739190e+01 5.150000000000000133e-01
-1.227323994034601640e+01 1.577344033934388601e-01 -8.782500000000394991e+00 4.000000000000000000e+02 -5.449768157039309280e+00 -2.022498244373101528e+01 7.750000000000000222e-01
-1.227288795411574007e+01 1.577644188108776602e-01 -8.785000000000394493e+00 4.000000000000000000e+02 -5.448253227216755867e+00 -2.022596751390846492e+01 1.949999999999999956e+00
-1.227253643811376982e+01 1.577676786586864888e-01 -8.787500000000393996e+00 4.000000000000000000e+02 -5.447573675238484903e+00 -2.022778796193018991e+01 1.754999999999999893e+00
-1.227218568462964932e+01 1.574993998919056726e-01 -8.790000000000393499e+00 4.000000000000000000e+02 -5.447201255482194249e+00 -2.022991554217390231e+01 1.800000000000000044e+00
-1.227183579920155054e+01 1.574748087510374761e-01 -8.792500000000393001e+00 4.000000000000000000e+02 -5.447079314793682236e+00 -2.023229360148538802e+01 3.150000000000000022e-01
-1.227148686677460354e+01 1.575888979062883832e-01 -8.795000000000392504e+00 4.000000000000000000e+02 -5.446667651889307571e+00 -2.023438193858101286e+01 7.149999999999999689e-01
-1.227113878360667343e+01 1.574206361062586990e-01 -8.797500000000392006e+00 4.000000000000000000e+02 -5.446056386857310194e+00 -2.023627067354901499e+01 1.504999999999999893e+00
-1.227079147803230441e+01 1.574352671532280867e-01 -8.800000000000391509e+00 4.000000000000000000e+02 -5.445416567717346723e+00 -2.023813085440905013e+01 8.950000000000000178e-01
-1.227044493815201243e+01 1.574034937685086233e-01 -8.802500000000391012e+00 4.000000000000000000e+02 -5.443336497264700036e+00 -2.023855078395640206e+01 1.834999999999999964e+00
-1.227009866373621350e+01 1.573556647100055605e-01 -8.805000000000390514e+00 4.000000000000000000e+02 -5.441459443118426442e+00 -2.023917372981012974e+01 8.999999999999999667e-02
-1.226975272471599077e+01 1.574668410375670569e-01 -8.807500000000390017e+00 4.000000000000000000e+02 -5.441071065067844437e+00 -2.024128535175954724e+01 5.200000000000000178e-01
-1.226940763467169404e+01 1.577444791645880584e-01 -8.810000000000389520e+00 4.000000000000000000e+02 -5.440832227695346468e+00 -2.024354651438704877e+01 1.090000000000000080e+00
-1.226906344269368176e+01 1.577229060769148317e-01 -8.812500000000389022e+00 4.000000000000000000e+02 -5.440489995625901187e+00 -2.024570428231760388e+01 1.495000000000000107e+00
-1.226872011064618029e+01 1.581796820011958926e-01 -8.815000000000388525e+00 4.000000000000000000e+02 -5.439303074658180748e+00 -2.024701736134988295e+01 1.489999999999999991e+00
-1.226837734672957403e+01 1.582698289028282301e-01 -8.817500000000388027e+00 4.000000000000000000e+02 -5.438582362168909334e+00 -2.024879664886060837e+01 1.049999999999999961e-01
-1.226803530928017594e+01 1.581238775413746078e-01 -8.820000000000387530e+00 4.000000000000000000e+02 -5.438252437623906310e+00 -2.025096672431560663e+01 8.750000000000000000e-01
-1.226769412984274510e+01 1.581801548665393298e-01 -8.822500000000387033e+00 4.000000000000000000e+02 -5.437179335250354129e+00 -2.025239362194205484e+01 5.699999999999999512e-01
-1.226735355300126429e+01 1.582592527541727967e-01 -8.825000000000386535e+00 4.000000000000000000e+02 -5.434930311045693685e+00 -2.025264459773739389e+01 1.530000000000000027e+00
-1.226701317753506082e+01 1.582986323958198160e-01 -8.827500000000386038e+00 4.000000000000000000e+02 -5.434243205060150572e+00 -2.025445749175185028e+01 3.250000000000000111e-01
-1.226667353407612282e+01 1.586602076012595397e-01 -8.830000000000385540e+00 4.000000000000000000e+02 -5.431338666564573536e+00 -2.025405295325627364e+01 1.549999999999999989e-01
-1.226633386857903751e+01 1.590873635327119118e-01 -8.832500000000385043e+00 4.000000000000000000e+02 -5.429003908371947240e+00 -2.025421819506364329e+01 2.600000000000000089e-01
-1.226599437450915353e+01 1.590089194193366751e-01 -8.835000000000384546e+00 4.000000000000000000e+02 -5.428797196874364239e+00 -2.025651148356606157e+01 1.824999999999999956e+00
-1.226565577292665488e+01 1.589903856499906842e-01 -8.837500000000384048e+00 4.000000000000000000e+02 -5.428257530384144047e+00 -2.025847181707583999e+01 3.800000000000000044e-01
-1.226531794874181180e+01 1.589972383448722826e-01 -8.840000000000383551e+00 4.000000000000000000e+02 -5.427825979590767957e+00 -2.026054026628246518e+01 4.099999999999999756e-01
-1.226498093634027420e+01 1.590146713756487862e-01 -8.842500000000383054e+00 4.000000000000000000e+02 -5.426782334770982708e+00 -2.026199662146267855e+01 6.999999999999999556e-01
-1.226464452768267321e+01 1.593128530186778413e-01 -8.845000000000382556e+00 4.000000000000000000e+02 -5.426208350362931476e+00 -2.026392263705462682e+01 9.499999999999999556e-01
-1.226430887913628887e+01 1.592517454978786273e-01 -8.847500000000382059e+00 4.000000000000000000e+02 -5.425959991964477425e+00 -2.026617427865617316e+01 6.199999999999999956e-01
-1.226397409774246228e+01 1.596193552442340680e-01 -8.850000000000381561e+00 4.000000000000000000e+02 -5.425626919733025133e+00 -2.026834120642472215e+01 9.250000000000000444e-01
-1.226364015268791263e+01 1.594366262870602624e-01 -8.852500000000381064e+00 4.000000000000000000e+02 -5.423682367829720796e+00 -2.026889665452141287e+01 1.189999999999999947e+00
-1.226330650446024784e+01 1.594216863018538821e-01 -8.855000000000380567e+00 4.000000000000000000e+02 -5.421467826243775434e+00 -2.026918211293546790e+01 1.139999999999999902e+00
-1.226297306269806242e+01 1.593253150991369438e-01 -8.857500000000380069e+00 4.000000000000000000e+02 -5.420565136657504723e+00 -2.027077942334919669e+01 1.300000000000000044e+00
-1.226264026400117046e+01 1.593359430762436579e-01 -8.860000000000379572e+00 4.000000000000000000e+02 -5.420519187092337710e+00 -2.027323347378403184e+01 1.000000000000000021e-02
-1.226230839131922501e+01 1.593750528763787644e-01 -8.862500000000379075e+00 4.000000000000000000e+02 -5.419042472007378208e+00 -2.027425675869906740e+01 9.150000000000000355e-01
-1.226197696799800063e+01 1.593526578476293087e-01 -8.865000000000378577e+00 4.000000000000000000e+02 -5.419022191015869794e+00 -2.027673647770756205e+01 4.450000000000000067e-01
-1.226164647489286708e+01 1.593549276327444475e-01 -8.867500000000378080e+00 4.000000000000000000e+02 -5.418816638722719681e+00 -2.027903092541441055e+01 1.479999999999999982e+00
-1.226131684803219102e+01 1.594700683161422994e-01 -8.870000000000377582e+00 4.000000000000000000e+02 -5.418776513410776374e+00 -2.028149080010246763e+01 1.324999999999999956e+00
-1.226098813923398367e+01 1.594289518523412941e-01 -8.872500000000377085e+00 4.000000000000000000e+02 -5.418213419673890030e+00 -2.028342770636557901e+01 7.449999999999999956e-01
-1.226066017419841181e+01 1.591344371081211129e-01 -8.875000000000376588e+00 4.000000000000000000e+02 -5.418085779455687145e+00 -2.028580006614737741e+01 4.249999999999999889e-01
-1.226033309343569933e+01 1.591787222289942072e-01 -8.877500000000376090e+00 4.000000000000000000e+02 -5.416278833730394204e+00 -2.028649312042208308e+01 1.260000000000000009e+00
-1.226000634611491868e+01 1.589475960978534719e-01 -8.880000000000375593e+00 4.000000000000000000e+02 -5.415895744725359506e+00 -2.028861003141705055e+01 6.750000000000000444e-01
-1.225968039614820349e+01 1.590092544898261129e-01 -8.882500000000375096e+00 4.000000000000000000e+02 -5.415240585170669085e+00 -2.029045487186235519e+01 1.425000000000000044e+00
-1.225935515286818678e+01 1.591518051494580921e-01 -8.885000000000374598e+00 4.000000000000000000e+02 -5.415235472500746994e+00 -2.029294975919243527e+01 1.070000000000000062e+00
-1.225903082537604583e+01 1.591488258861597227e-01 -8.887500000000374101e+00 4.000000000000000000e+02 -5.414796375710968057e+00 -2.029501066240265317e+01 3.400000000000000244e-01
-1.225870727043294117e+01 1.590716801553956339e-01 -8.890000000000373603e+00 4.000000000000000000e+02 -5.414262382537029517e+00 -2.029697666922871591e+01 1.544999999999999929e+00
-1.225838445532203735e+01 1.589538457248891312e-01 -8.892500000000373106e+00 4.000000000000000000e+02 -5.413863050225081075e+00 -2.029907733691676697e+01 8.249999999999999556e-01
-1.225806242147497294e+01 1.589188400993637729e-01 -8.895000000000372609e+00 4.000000000000000000e+02 -5.413488842576201776e+00 -2.030120312926788984e+01 1.705000000000000071e+00
-1.225774117482034598e+01 1.591065266343997253e-01 -8.897500000000372111e+00 4.000000000000000000e+02 -5.412790818614886312e+00 -2.030300510530657121e+01 7.000000000000000666e-02
-1.225742060941111866e+01 1.590004307853491727e-01 -8.900000000000371614e+00 4.000000000000000000e+02 -5.411608336985191059e+00 -2.030432262367687457e+01 1.064999999999999947e+00
-1.225710056860108210e+01 1.589570000054792431e-01 -8.902500000000371116e+00 4.000000000000000000e+02 -5.411176618994224086e+00 -2.030639090568590888e+01 1.979999999999999982e+00
-1.225678129111790859e+01 1.589996567653325366e-01 -8.905000000000370619e+00 4.000000000000000000e+02 -5.410881674782942241e+00 -2.030859596147462653e+01 1.300000000000000044e-01
-1.225646281845294183e+01 1.591933645448283252e-01 -8.907500000000370122e+00 4.000000000000000000e+02 -5.410551519162357437e+00 -2.031076580585403946e+01 8.500000000000000611e-02
-1.225614513713810005e+01 1.592612436829231592e-01 -8.910000000000369624e+00 4.000000000000000000e+02 -5.409488990169740497e+00 -2.031220327686142468e+01 1.129999999999999893e+00
-1.225582801282500078e+01 1.594122159042642151e-01 -8.912500000000369127e+00 4.000000000000000000e+02 -5.409388998070475019e+00 -2.031460328476215693e+01 1.969999999999999973e+00
-1.225551174887495520e+01 1.594860461090383819e-01 -8.915000000000368630e+00 4.000000000000000000e+02 -5.408297356447531179e+00 -2.031601164313921259e+01 1.834999999999999964e+00
-1.225519602980469536e+01 1.595128940233352388e-01 -8.917500000000368132e+00 4.000000000000000000e+02 -5.405674567793364638e+00 -2.031588885448504556e+01 3.499999999999999778e-01
-1.225488037163075994e+01 1.596398673834121262e-01 -8.920000000000367635e+00 4.000000000000000000e+02 -5.403672907215033128e+00 -2.031638719390671355e+01 4.249999999999999889e-01
-1.225456497025677116e+01 1.597042069246093765e-01 -8.922500000000367137e+00 4.000000000000000000e+02 -5.403550282133947391e+00 -2.031876456882562820e+01 4.899999999999999911e-01
-1.225425041691227435e+01 1.599054914010481498e-01 -8.925000000000366640e+00 4.000000000000000000e+02 -5.402343521365811974e+00 -2.032005780805749140e+01 8.000000000000000444e-01
-1.225393636881862669e+01 1.597254598195495534e-01 -8.927500000000366143e+00 4.000000000000000000e+02 -5.401242537552854550e+00 -2.032145682424453170e+01 1.959999999999999964e+00
-1.225362285816476238e+01 1.597632086868639723e-01 -8.930000000000365645e+00 4.000000000000000000e+02 -5.401234231567019428e+00 -2.032394851825869964e+01 2.149999999999999967e-01
-1.225331022560279770e+01 1.597924420278726831e-01 -8.932500000000365148e+00 4.000000000000000000e+02 -5.400599839391536428e+00 -2.032581412608321259e+01 4.799999999999999822e-01
-1.225299827318247381e+01 1.598232441298841067e-01 -8.935000000000364651e+00 4.000000000000000000e+02 -5.400546652881323517e+00 -2.032826093957300273e+01 1.745000000000000107e+00
-1.225268718004617519e+01 1.597524486467833682e-01 -8.937500000000364153e+00 4.000000000000000000e+02 -5.399894039571334403e+00 -2.033010832626300868e+01 7.199999999999999734e-01
-1.225237675756986100e+01 1.596225457686957228e-01 -8.940000000000363656e+00 4.000000000000000000e+02 -5.399789454595204319e+00 -2.033250374128688165e+01 6.999999999999999556e-01
-1.225206717378113197e+01 1.596755768999373326e-01 -8.942500000000363158e+00 4.000000000000000000e+02 -5.399433957292897546e+00 -2.033464824398457438e+01 4.349999999999999978e-01
-1.225175834868915814e+01 1.597683343273716972e-01 -8.945000000000362661e+00 4.000000000000000000e+02 -5.397666148142493903e+00 -2.033538043483417113e+01 6.600000000000000311e-01
-1.225144984487218736e+01 1.596397020412024526e-01 -8.947500000000362164e+00 4.000000000000000000e+02 -5.397489672430059393e+00 -2.033770395912173257e+01 4.699999999999999734e-01
-1.225114215185353395e+01 1.595481102148316177e-01 -8.950000000000361666e+00 4.000000000000000000e+02 -5.395768351880109392e+00 -2.033848263857178296e+01 1.334999999999999964e+00
-1.225083479287126309e+01 1.595979868455150441e-01 -8.952500000000361169e+00 4.000000000000000000e+02 -5.393864881345358242e+00 -2.033907916803703131e+01 1.020000000000000018e+00
-1.225052771153907294e+01 1.597074565561589499e-01 -8.955000000000360671e+00 4.000000000000000000e+02 -5.393534011636531567e+00 -2.034124829832820680e+01 1.735000000000000098e+00
-1.225022138954826190e+01 1.595998453576208398e-01 -8.957500000000360174e+00 4.000000000000000000e+02 -5.392037345373033475e+00 -2.034225163206470555e+01 1.939999999999999947e+00
-1.224991546840989542e+01 1.596697591098124591e-01 -8.960000000000359677e+00 4.000000000000000000e+02 -5.390715530495954866e+00 -2.034342981718762644e+01 1.225000000000000089e+00
-1.224961000088498153e+01 1.597527567015124272e-01 -8.962500000000359179e+00 4.000000000000000000e+02 -5.389783226664738969e+00 -2.034499751335641093e+01 1.949999999999999956e+00
-1.224930510492803570e+01 1.595809740618766293e-01 -8.965000000000358682e+00 4.000000000000000000e+02 -5.389509109694889055e+00 -2.034722339638656052e+01 1.149999999999999911e+00
-1.224900097950261468e+01 1.598213256964390871e-01 -8.967500000000358185e+00 4.000000000000000000e+02 -5.389061809694967842e+00 -2.034927609638663881e+01 1.834999999999999964e+00
-1.224869756989514258e+01 1.599577935226034198e-01 -8.970000000000357687e+00 4.000000000000000000e+02 -5.387807318927284150e+00 -2.035052160561895462e+01 1.669999999999999929e+00
-1.224839462980962956e+01 1.600354411884000738e-01 -8.972500000000357190e+00 4.000000000000000000e+02 -5.387753224701105736e+00 -2.035296751139277660e+01 1.699999999999999956e+00
-1.224809252119063174e+01 1.600525997290554725e-01 -8.975000000000356692e+00 4.000000000000000000e+02 -5.387037692387370846e+00 -2.035475197907904032e+01 1.205000000000000071e+00
-1.224779104219220294e+01 1.600882524424785680e-01 -8.977500000000356195e+00 4.000000000000000000e+02 -5.385860513381098613e+00 -2.035607480007276848e+01 1.554999999999999938e+00
-1.224749005241499056e+01 1.602206748538371472e-01 -8.980000000000355698e+00 4.000000000000000000e+02 -5.385540648031624578e+00 -2.035825493472329484e+01 1.875000000000000000e+00
-1.224718980839323024e+01 1.602554418804517933e-01 -8.982500000000355200e+00 4.000000000000000000e+02 -5.384528498169606436e+00 -2.035974278486127531e+01 1.294999999999999929e+00
-1.224689010067598360e+01 1.602572625286877717e-01 -8.985000000000354703e+00 4.000000000000000000e+02 -5.384448256183108406e+00 -2.036216254287477767e+01 1.679999999999999938e+00
-1.224659120677473645e+01 1.604384870392055740e-01 -8.987500000000354206e+00 4.000000000000000000e+02 -5.384029981977819013e+00 -2.036424426866948423e+01 1.794999999999999929e+00
-1.224629302347395132e+01 1.603478139416630310e-01 -8.990000000000353708e+00 4.000000000000000000e+02 -5.383872389879709175e+00 -2.036658667657137656e+01 1.995000000000000107e+00
-1.224599562639778938e+01 1.602503806657864516e-01 -8.992500000000353211e+00 4.000000000000000000e+02 -5.383038512063543557e+00 -2.036825279875520778e+01 1.415000000000000036e+00
-1.224569881260702786e+01 1.604179932505043205e-01 -8.995000000000352713e+00 4.000000000000000000e+02 -5.382906180311044508e+00 -2.037062046700270912e+01 9.849999999999999867e-01
-1.224540278850171759e+01 1.601866910175078762e-01 -8.997500000000352216e+00 4.000000000000000000e+02 -5.381808992107834477e+00 -2.037202327879949948e+01 6.800000000000000488e-01
-1.224510726679162076e+01 1.603173981588206232e-01 -9.000000000000351719e+00 4.000000000000000000e+02 -5.381577395711683032e+00 -2.037429168240334931e+01 1.689999999999999947e+00
-1.224481250169509217e+01 1.602264200444264708e-01 -9.002500000000351221e+00 4.000000000000000000e+02 -5.380725701987731924e+00 -2.037593998867939504e+01 1.514999999999999902e+00
-1.224451830870793856e+01 1.601433903352201538e-01 -9.005000000000350724e+00 4.000000000000000000e+02 -5.380078087809698317e+00 -2.037779237450136094e+01 7.499999999999999722e-02
-1.224422474645932546e+01 1.600007977055173669e-01 -9.007500000000350227e+00 4.000000000000000000e+02 -5.378888076023691234e+00 -2.037910236271535425e+01 2.000000000000000000e+00
-1.224393165450644005e+01 1.601173860495345436e-01 -9.010000000000349729e+00 4.000000000000000000e+02 -5.378547047545258586e+00 -2.038126133423692110e+01 1.889999999999999902e+00
-1.224363928024830095e+01 1.600447042404745113e-01 -9.012500000000349232e+00 4.000000000000000000e+02 -5.378253239969313704e+00 -2.038346752666097572e+01 5.749999999999999556e-01
-1.224334763548849558e+01 1.601740727574499368e-01 -9.015000000000348734e+00 4.000000000000000000e+02 -5.377278025924554505e+00 -2.038499231261621603e+01 1.860000000000000098e+00
-1.224305651992331967e+01 1.600237490791192596e-01 -9.017500000000348237e+00 4.000000000000000000e+02 -5.377048191930025034e+00 -2.038726247862168606e+01 1.120000000000000107e+00
-1.224276614892490223e+01 1.600157850536879089e-01 -9.020000000000347740e+00 4.000000000000000000e+02 -5.376846259119368199e+00 -2.038956054581102961e+01 8.599999999999999867e-01
-1.224247652845327039e+01 1.600670289016576098e-01 -9.022500000000347242e+00 4.000000000000000000e+02 -5.375966326889802360e+00 -2.039118061358146150e+01 2.700000000000000178e-01
-1.224218746045881900e+01 1.601256372703013797e-01 -9.025000000000346745e+00 4.000000000000000000e+02 -5.375872964792166364e+00 -2.039358725148382590e+01 8.499999999999999778e-01
-1.224189917054514254e+01 1.601112479714934533e-01 -9.027500000000346247e+00 4.000000000000000000e+02 -5.374318904699946664e+00 -2.039453319139160570e+01 1.709999999999999964e+00
-1.224161123617679614e+01 1.601381345997610894e-01 -9.030000000000345750e+00 4.000000000000000000e+02 -5.374021053994660235e+00 -2.039673534068631966e+01 1.020000000000000018e+00
-1.224132401779435853e+01 1.601466293284068698e-01 -9.032500000000345253e+00 4.000000000000000000e+02 -5.373861553137529334e+00 -2.039907583982918737e+01 1.400000000000000133e-01
-1.224103755304201080e+01 1.599720775352196922e-01 -9.035000000000344755e+00 4.000000000000000000e+02 -5.373533192349132293e+00 -2.040124747904079072e+01 5.949999999999999734e-01
-1.224075179148458759e+01 1.600589630467707247e-01 -9.037500000000344258e+00 4.000000000000000000e+02 -5.373169106586254351e+00 -2.040338339327790962e+01 3.850000000000000089e-01
-1.224046672101325228e+01 1.600918541935232031e-01 -9.040000000000343761e+00 4.000000000000000000e+02 -5.373098061278047233e+00 -2.040581234796970378e+01 2.700000000000000178e-01
-1.224018242307157323e+01 1.601666937756629217e-01 -9.042500000000343263e+00 4.000000000000000000e+02 -5.372532332357105922e+00 -2.040774661904876197e+01 1.804999999999999938e+00
-1.223989875507600189e+01 1.600092824559197491e-01 -9.045000000000342766e+00 4.000000000000000000e+02 -5.369962429473384979e+00 -2.040767671616504231e+01 1.604999999999999982e+00
-1.223961514770367387e+01 1.598974308652513776e-01 -9.047500000000342268e+00 4.000000000000000000e+02 -5.369780500869540951e+00 -2.040999478756119601e+01 2.399999999999999911e-01
-1.223933227712341143e+01 1.599383229707174725e-01 -9.050000000000341771e+00 4.000000000000000000e+02 -5.368943137354980522e+00 -2.041165742404663774e+01 1.000000000000000000e+00
-1.223904995625727565e+01 1.598088144352470819e-01 -9.052500000000341274e+00 4.000000000000000000e+02 -5.368810101795223666e+00 -2.041402438848687595e+01 1.770000000000000018e+00
-1.223876838224461849e+01 1.597090641497773966e-01 -9.055000000000340776e+00 4.000000000000000000e+02 -5.368361219788443606e+00 -2.041607550648009806e+01 4.299999999999999933e-01
-1.223848746419977829e+01 1.595072339618379131e-01 -9.057500000000340279e+00 4.000000000000000000e+02 -5.367763652497824722e+00 -2.041797793918947690e+01 4.699999999999999734e-01
-1.223820715874262000e+01 1.595118792329255908e-01 -9.060000000000339782e+00 4.000000000000000000e+02 -5.367762590926326460e+00 -2.042047687761797903e+01 8.649999999999999911e-01
-1.223792763113240412e+01 1.597291723110878525e-01 -9.062500000000339284e+00 4.000000000000000000e+02 -5.367095579538713856e+00 -2.042230986623036415e+01 1.405000000000000027e+00
-1.223764869332324956e+01 1.594850962512546211e-01 -9.065000000000338787e+00 4.000000000000000000e+02 -5.366105778509309587e+00 -2.042382006520096382e+01 5.200000000000000178e-01
-1.223737025405640289e+01 1.592251790161045011e-01 -9.067500000000338289e+00 4.000000000000000000e+02 -5.366048196336190124e+00 -2.042626248302784120e+01 1.120000000000000107e+00
-1.223709257124825989e+01 1.592384360721562087e-01 -9.070000000000337792e+00 4.000000000000000000e+02 -5.365324470144713587e+00 -2.042803875683636505e+01 4.099999999999999756e-01
-1.223681545812428695e+01 1.589236204320371715e-01 -9.072500000000337295e+00 4.000000000000000000e+02 -5.365123486347802562e+00 -2.043033777303945087e+01 5.350000000000000311e-01
-1.223653905786230389e+01 1.588085164945278738e-01 -9.075000000000336797e+00 4.000000000000000000e+02 -5.365039541097970321e+00 -2.043275382778962168e+01 1.080000000000000071e+00
-1.223626340069220930e+01 1.587322714494310560e-01 -9.077500000000336300e+00 4.000000000000000000e+02 -5.363933541338928634e+00 -2.043414782803057506e+01 7.399999999999999911e-01
-1.223598820332786197e+01 1.586293787555584089e-01 -9.080000000000335802e+00 4.000000000000000000e+02 -5.363279951924927680e+00 -2.043599423861657627e+01 1.780000000000000027e+00
-1.223571358912542983e+01 1.586692372782558258e-01 -9.082500000000335305e+00 4.000000000000000000e+02 -5.362899012686109579e+00 -2.043811329937775767e+01 1.580000000000000071e+00
-1.223543963138411605e+01 1.586150120592906276e-01 -9.085000000000334808e+00 4.000000000000000000e+02 -5.362744893746505426e+00 -2.044045918043815391e+01 1.830000000000000071e+00
-1.223516639033066156e+01 1.586402667707883518e-01 -9.087500000000334310e+00 4.000000000000000000e+02 -5.362307305773027721e+00 -2.044252159246467215e+01 2.999999999999999889e-02
-1.223489378664191563e+01 1.584541747656190991e-01 -9.090000000000333813e+00 4.000000000000000000e+02 -5.361141373394203491e+00 -2.044385566008585187e+01 1.360000000000000098e+00
-1.223462162052648594e+01 1.585195443178420982e-01 -9.092500000000333316e+00 4.000000000000000000e+02 -5.360178797225357172e+00 -2.044539308391700416e+01 6.250000000000000000e-01
-1.223434994640793683e+01 1.586075503022539024e-01 -9.095000000000332818e+00 4.000000000000000000e+02 -5.359871081830174688e+00 -2.044758536852182118e+01 1.895000000000000018e+00
-1.223407894076861524e+01 1.586342743698078706e-01 -9.097500000000332321e+00 4.000000000000000000e+02 -5.359445217298072883e+00 -2.044965950398971799e+01 1.709999999999999964e+00
-1.223380856984530851e+01 1.585105315903497791e-01 -9.100000000000331823e+00 4.000000000000000000e+02 -5.359364717180165272e+00 -2.045207900387180899e+01 1.875000000000000000e+00
-1.223353892510970020e+01 1.585748933796897464e-01 -9.102500000000331326e+00 4.000000000000000000e+02 -5.358487460723644347e+00 -2.045370174741528757e+01 1.774999999999999911e+00
-1.223326979009552140e+01 1.583851720467430724e-01 -9.105000000000330829e+00 4.000000000000000000e+02 -5.358322307252037398e+00 -2.045603659394368279e+01 5.000000000000000104e-03
-1.223300135489834695e+01 1.583354396633176453e-01 -9.107500000000330331e+00 4.000000000000000000e+02 -5.357301000549401948e+00 -2.045751528724104418e+01 1.024999999999999911e+00
-1.223273338821972267e+01 1.582678940067973328e-01 -9.110000000000329834e+00 4.000000000000000000e+02 -5.356963406221666446e+00 -2.045967769291330995e+01 2.000000000000000042e-02
-1.223246607192221269e+01 1.583748838044376217e-01 -9.112500000000329337e+00 4.000000000000000000e+02 -5.356197165600016241e+00 -2.046141145229165659e+01 4.050000000000000266e-01
-1.223219928993871619e+01 1.583827946400322984e-01 -9.115000000000328839e+00 4.000000000000000000e+02 -5.355982618366890158e+00 -2.046369690505853356e+01 1.950000000000000067e-01
-1.223193318788684181e+01 1.585305843813099858e-01 -9.117500000000328342e+00 4.000000000000000000e+02 -5.355743275134249082e+00 -2.046595756182588843e+01 1.850000000000000089e+00
-1.223166775727280964e+01 1.584156868814725061e-01 -9.120000000000327844e+00 4.000000000000000000e+02 -5.355422472396847766e+00 -2.046813675908848751e+01 1.169999999999999929e+00
-1.223140297465957360e+01 1.583974329557046590e-01 -9.122500000000327347e+00 4.000000000000000000e+02 -5.355057134309932465e+00 -2.047027142100156993e+01 1.810000000000000053e+00
-1.223113882653211526e+01 1.586251873228589904e-01 -9.125000000000326850e+00 4.000000000000000000e+02 -5.354089009168423452e+00 -2.047180329586006309e+01 5.300000000000000266e-01
-1.223087515233250500e+01 1.586892156988301550e-01 -9.127500000000326352e+00 4.000000000000000000e+02 -5.353931814504975684e+00 -2.047414610119661305e+01 9.699999999999999734e-01
-1.223061216440916610e+01 1.585384520475047465e-01 -9.130000000000325855e+00 4.000000000000000000e+02 -5.353345567695559915e+00 -2.047605985438719856e+01 1.834999999999999964e+00
-1.223034974824483712e+01 1.586517154207565394e-01 -9.132500000000325358e+00 4.000000000000000000e+02 -5.352997102220187209e+00 -2.047821138891182358e+01 2.500000000000000139e-02
-1.223008796469342663e+01 1.586595614633258544e-01 -9.135000000000324860e+00 4.000000000000000000e+02 -5.352375722991653539e+00 -2.048009000968329119e+01 1.294999999999999929e+00
-1.222982674079232979e+01 1.585628873687657259e-01 -9.137500000000324363e+00 4.000000000000000000e+02 -5.351203809385260968e+00 -2.048141809607689723e+01 1.709999999999999964e+00
-1.222956593167323724e+01 1.585584384528095914e-01 -9.140000000000323865e+00 4.000000000000000000e+02 -5.350589624729084726e+00 -2.048330391142072315e+01 8.499999999999999778e-01
-1.222930568174013821e+01 1.586115706685891358e-01 -9.142500000000323368e+00 4.000000000000000000e+02 -5.350094222625564555e+00 -2.048530850931719982e+01 9.849999999999999867e-01
-1.222904602049012723e+01 1.585694390148250366e-01 -9.145000000000322871e+00 4.000000000000000000e+02 -5.349724694288845228e+00 -2.048743898098048177e+01 1.199999999999999956e-01
-1.222878697904363676e+01 1.585806660354872333e-01 -9.147500000000322373e+00 4.000000000000000000e+02 -5.349620992579883882e+00 -2.048983527927151727e+01 1.570000000000000062e+00
-1.222852862443904520e+01 1.585204969268488306e-01 -9.150000000000321876e+00 4.000000000000000000e+02 -5.349438826575694250e+00 -2.049215311326732802e+01 7.349999999999999867e-01
-1.222827093446242053e+01 1.585098786634127344e-01 -9.152500000000321378e+00 4.000000000000000000e+02 -5.349149370483209154e+00 -2.049436365717484421e+01 4.749999999999999778e-01
-1.222801387965898634e+01 1.586217109372579648e-01 -9.155000000000320881e+00 4.000000000000000000e+02 -5.348663525447834743e+00 -2.049637781213947108e+01 1.709999999999999964e+00
-1.222775740794366328e+01 1.585810664564120398e-01 -9.157500000000320384e+00 4.000000000000000000e+02 -5.347889850874127937e+00 -2.049810413756576111e+01 1.549999999999999989e-01
-1.222750144419088691e+01 1.587009222139903752e-01 -9.160000000000319886e+00 4.000000000000000000e+02 -5.346975896298953757e+00 -2.049969018299058732e+01 1.985000000000000098e+00
-1.222724595143154680e+01 1.586779657586795955e-01 -9.162500000000319389e+00 4.000000000000000000e+02 -5.346444682868777498e+00 -2.050165896956040967e+01 1.310000000000000053e+00
-1.222699102625557543e+01 1.587813005740831007e-01 -9.165000000000318892e+00 4.000000000000000000e+02 -5.346277408874426484e+00 -2.050399169556605727e+01 1.049999999999999961e-01
-1.222673675980054142e+01 1.587900296743791351e-01 -9.167500000000318394e+00 4.000000000000000000e+02 -5.346099312415247162e+00 -2.050631359910687834e+01 1.499999999999999944e-02
-1.222648314745315723e+01 1.589479679885177077e-01 -9.170000000000317897e+00 4.000000000000000000e+02 -5.344620202103089746e+00 -2.050733448879472220e+01 6.550000000000000266e-01
-1.222622985808842877e+01 1.589948837685055405e-01 -9.172500000000317399e+00 4.000000000000000000e+02 -5.343970918657646507e+00 -2.050918520534927580e+01 4.799999999999999822e-01
-1.222597710101850588e+01 1.589582143486649723e-01 -9.175000000000316902e+00 4.000000000000000000e+02 -5.343959095700688167e+00 -2.051167338239231697e+01 1.004999999999999893e+00
-1.222572503570329161e+01 1.588462102821659450e-01 -9.177500000000316405e+00 4.000000000000000000e+02 -5.343476247327005879e+00 -2.051369053401863596e+01 1.000000000000000021e-02
-1.222547354165862821e+01 1.588256039849194889e-01 -9.180000000000315907e+00 4.000000000000000000e+02 -5.342475510441306419e+00 -2.051518979713293689e+01 1.290000000000000036e+00
-1.222522248747853801e+01 1.588424426045525473e-01 -9.182500000000315410e+00 4.000000000000000000e+02 -5.341935166685598091e+00 -2.051714945337722540e+01 1.550000000000000044e+00
-1.222497198762407855e+01 1.589606004591048172e-01 -9.185000000000314913e+00 4.000000000000000000e+02 -5.341372337851890251e+00 -2.051908662454351884e+01 1.830000000000000071e+00
-1.222472203511348710e+01 1.590873096300466638e-01 -9.187500000000314415e+00 4.000000000000000000e+02 -5.338759449733707640e+00 -2.051897373642533395e+01 1.659999999999999920e+00
-1.222447211685585522e+01 1.590716918040110395e-01 -9.190000000000313918e+00 4.000000000000000000e+02 -5.338180822997450115e+00 -2.052089510968907859e+01 1.000000000000000000e+00
-1.222422274058734004e+01 1.590420921302762025e-01 -9.192500000000313420e+00 4.000000000000000000e+02 -5.336835500098557006e+00 -2.052204978679018410e+01 1.560000000000000053e+00
-1.222397371416716183e+01 1.589643787710310341e-01 -9.195000000000312923e+00 4.000000000000000000e+02 -5.336460962917757733e+00 -2.052417524960938522e+01 1.499999999999999944e-02
-1.222372527828270528e+01 1.589977844497469095e-01 -9.197500000000312426e+00 4.000000000000000000e+02 -5.336305315903332236e+00 -2.052651960259495567e+01 1.304999999999999938e+00
-1.222347748562600778e+01 1.592537711664789857e-01 -9.200000000000311928e+00 4.000000000000000000e+02 -5.336125705687605247e+00 -2.052883999237923263e+01 1.945000000000000062e+00
-1.222323032845105928e+01 1.591916494648652203e-01 -9.202500000000311431e+00 4.000000000000000000e+02 -5.334872399404595456e+00 -2.053008668609621878e+01 8.699999999999999956e-01
-1.222298354017091526e+01 1.592169180373073090e-01 -9.205000000000310934e+00 4.000000000000000000e+02 -5.333818125943763810e+00 -2.053153241263538931e+01 1.665000000000000036e+00
-1.222273716917891129e+01 1.594636421213627975e-01 -9.207500000000310436e+00 4.000000000000000000e+02 -5.332868721415471747e+00 -2.053308300810709497e+01 1.520000000000000018e+00
-1.222249124045539226e+01 1.596425422644728032e-01 -9.210000000000309939e+00 4.000000000000000000e+02 -5.332283949930878286e+00 -2.053499823662250279e+01 6.099999999999999867e-01
-1.222224584258347413e+01 1.597339700420172259e-01 -9.212500000000309441e+00 4.000000000000000000e+02 -5.332040493425248329e+00 -2.053725478011686789e+01 1.479999999999999982e+00
-1.222200105784017765e+01 1.596902279554701654e-01 -9.215000000000308944e+00 4.000000000000000000e+02 -5.331921338305201097e+00 -2.053963562499682283e+01 1.084999999999999964e+00
-1.222175691488958016e+01 1.596555401083335490e-01 -9.217500000000308447e+00 4.000000000000000000e+02 -5.331351553188424575e+00 -2.054156583988004314e+01 1.665000000000000036e+00
-1.222151330215181808e+01 1.596402649294978437e-01 -9.220000000000307949e+00 4.000000000000000000e+02 -5.331236908744646286e+00 -2.054395119543626791e+01 4.149999999999999800e-01
-1.222127032894539767e+01 1.595072289896710127e-01 -9.222500000000307452e+00 4.000000000000000000e+02 -5.330687514344697675e+00 -2.054590180103631525e+01 4.500000000000000111e-01
-1.222102788807118046e+01 1.597109868616022887e-01 -9.225000000000306954e+00 4.000000000000000000e+02 -5.330383378057359955e+00 -2.054809766474897970e+01 1.850000000000000089e+00
-1.222078603755015713e+01 1.597785030331868861e-01 -9.227500000000306457e+00 4.000000000000000000e+02 -5.329235215911181989e+00 -2.054944950260280123e+01 1.645000000000000018e+00
-1.222054457211003609e+01 1.598468177682333402e-01 -9.230000000000305960e+00 4.000000000000000000e+02 -5.328666347063976794e+00 -2.055138063375559554e+01 8.900000000000000133e-01
-1.222030363064431491e+01 1.599555091452177225e-01 -9.232500000000305462e+00 4.000000000000000000e+02 -5.328078141693742609e+00 -2.055329242838536175e+01 2.349999999999999867e-01
-1.222006320724180917e+01 1.598784607289533422e-01 -9.235000000000304965e+00 4.000000000000000000e+02 -5.327775570778434222e+00 -2.055548985747005375e+01 7.850000000000000311e-01
-1.221982336917204570e+01 1.600113542127535593e-01 -9.237500000000304468e+00 4.000000000000000000e+02 -5.327043844662934902e+00 -2.055725813135455127e+01 1.875000000000000000e+00
-1.221958401218314805e+01 1.600501115535566954e-01 -9.240000000000303970e+00 4.000000000000000000e+02 -5.325526430209806428e+00 -2.055824071690142318e+01 1.540000000000000036e+00
-1.221934494746117572e+01 1.600957918445951589e-01 -9.242500000000303473e+00 4.000000000000000000e+02 -5.325467919788067661e+00 -2.056068220647968303e+01 1.225000000000000089e+00
-1.221910652263076891e+01 1.601832006566119015e-01 -9.245000000000302975e+00 4.000000000000000000e+02 -5.325092671527555055e+00 -2.056280695821916993e+01 1.889999999999999902e+00
-1.221886866050817844e+01 1.602525174896677063e-01 -9.247500000000302478e+00 4.000000000000000000e+02 -5.324976184555668901e+00 -2.056519047124728417e+01 6.199999999999999956e-01
-1.221863142102105115e+01 1.602651203397919832e-01 -9.250000000000301981e+00 4.000000000000000000e+02 -5.324619501021115475e+00 -2.056733378771273024e+01 1.844999999999999973e+00
-1.221839474555735983e+01 1.602902831674218875e-01 -9.252500000000301483e+00 4.000000000000000000e+02 -5.322522775443792042e+00 -2.056773706213540720e+01 1.284999999999999920e+00
-1.221815822148774622e+01 1.601889587693902939e-01 -9.255000000000300986e+00 4.000000000000000000e+02 -5.322080389875059048e+00 -2.056979467656667282e+01 1.810000000000000053e+00
-1.221792223935121413e+01 1.602307457169673266e-01 -9.257500000000300489e+00 4.000000000000000000e+02 -5.321177297903871839e+00 -2.057139158459548511e+01 5.300000000000000266e-01
-1.221768668929698265e+01 1.602987719273099299e-01 -9.260000000000299991e+00 4.000000000000000000e+02 -5.320956269595303212e+00 -2.057367055628691688e+01 7.499999999999999722e-02
-1.221745173072494772e+01 1.603468029908409476e-01 -9.262500000000299494e+00 4.000000000000000000e+02 -5.320479263180212470e+00 -2.057569354987182209e+01 1.534999999999999920e+00
-1.221721730201751832e+01 1.603439647418386238e-01 -9.265000000000298996e+00 4.000000000000000000e+02 -5.319036490934826666e+00 -2.057675077762644023e+01 1.689999999999999947e+00
-1.221698317588054827e+01 1.604295789704627273e-01 -9.267500000000298499e+00 4.000000000000000000e+02 -5.318701562629857271e+00 -2.057891584932146856e+01 6.800000000000000488e-01
-1.221674961071969001e+01 1.605300909595674119e-01 -9.270000000000298002e+00 4.000000000000000000e+02 -5.318061893754735259e+00 -2.058077618044634605e+01 2.800000000000000266e-01
-1.221651653405145943e+01 1.607844607374243895e-01 -9.272500000000297504e+00 4.000000000000000000e+02 -5.317916718456685565e+00 -2.058313100514829586e+01 5.000000000000000278e-02
-1.221628405971283016e+01 1.608778577822512212e-01 -9.275000000000297007e+00 4.000000000000000000e+02 -5.317218852998611744e+00 -2.058493313969022154e+01 1.919999999999999929e+00
-1.221605205783289527e+01 1.609588697540570990e-01 -9.277500000000296509e+00 4.000000000000000000e+02 -5.315738748765967969e+00 -2.058595303545757815e+01 1.770000000000000018e+00
-1.221582034618021595e+01 1.610590494053439625e-01 -9.280000000000296012e+00 4.000000000000000000e+02 -5.315567076816380521e+00 -2.058828136350798843e+01 1.135000000000000009e+00
-1.221558922689146165e+01 1.610609677015901464e-01 -9.282500000000295515e+00 4.000000000000000000e+02 -5.315534385221097224e+00 -2.059074867191270641e+01 5.400000000000000355e-01
-1.221535873034892994e+01 1.611185488789465825e-01 -9.285000000000295017e+00 4.000000000000000000e+02 -5.314648906506790560e+00 -2.059236319319839836e+01 3.649999999999999911e-01
-1.221512865863568287e+01 1.611256537920594811e-01 -9.287500000000294520e+00 4.000000000000000000e+02 -5.313761891308008245e+00 -2.059397617799961466e+01 1.405000000000000027e+00
-1.221489901051844384e+01 1.608070178191698951e-01 -9.290000000000294023e+00 4.000000000000000000e+02 -5.312364310737182294e+00 -2.059507859742878821e+01 1.715000000000000080e+00
-1.221466966806930188e+01 1.608389783449357124e-01 -9.292500000000293525e+00 4.000000000000000000e+02 -5.312307907092042925e+00 -2.059752219378364657e+01 6.750000000000000444e-01
-1.221444093774993256e+01 1.608633849341128685e-01 -9.295000000000293028e+00 4.000000000000000000e+02 -5.311171775397766304e+00 -2.059888606208937389e+01 9.100000000000000311e-01
-1.221421257137467897e+01 1.608247873700120179e-01 -9.297500000000292530e+00 4.000000000000000000e+02 -5.311068266343223598e+00 -2.060128255303482803e+01 8.000000000000000167e-02
-1.221398480357438743e+01 1.609104857113924092e-01 -9.300000000000292033e+00 4.000000000000000000e+02 -5.310425256839079289e+00 -2.060313954353068411e+01 1.274999999999999911e+00
-1.221375751006638133e+01 1.609378733220995228e-01 -9.302500000000291536e+00 4.000000000000000000e+02 -5.310274722163217831e+00 -2.060548900885482126e+01 1.899999999999999911e+00
-1.221353080141870073e+01 1.609759277132883359e-01 -9.305000000000291038e+00 4.000000000000000000e+02 -5.310090406829608867e+00 -2.060780469352121358e+01 7.650000000000000133e-01
-1.221330466835641282e+01 1.610623680928500168e-01 -9.307500000000290541e+00 4.000000000000000000e+02 -5.310028460253639615e+00 -2.061024274694524294e+01 4.899999999999999911e-01
-1.221307913688510993e+01 1.609312396166570347e-01 -9.310000000000290044e+00 4.000000000000000000e+02 -5.309705069505477049e+00 -2.061241935619707988e+01 5.050000000000000044e-01
-1.221285414646110290e+01 1.608743258514366004e-01 -9.312500000000289546e+00 4.000000000000000000e+02 -5.309288384234776004e+00 -2.061450267092637745e+01 1.900000000000000022e-01
-1.221262967472648953e+01 1.608417930269513962e-01 -9.315000000000289049e+00 4.000000000000000000e+02 -5.308930459420697190e+00 -2.061664474611229991e+01 1.195000000000000062e+00
-1.221240573352727488e+01 1.605905237889450610e-01 -9.317500000000288551e+00 4.000000000000000000e+02 -5.308776779311462413e+00 -2.061899106600306197e+01 1.070000000000000062e+00
-1.221218236711214367e+01 1.604781328752104275e-01 -9.320000000000288054e+00 4.000000000000000000e+02 -5.308431039702783849e+00 -2.062114532639438380e+01 1.389999999999999902e+00
-1.221195953108903431e+01 1.602997736276888796e-01 -9.322500000000287557e+00 4.000000000000000000e+02 -5.308128356087848054e+00 -2.062334264277944840e+01 1.189999999999999947e+00
-1.221173723365113162e+01 1.601618735744675948e-01 -9.325000000000287059e+00 4.000000000000000000e+02 -5.308074946919656867e+00 -2.062578923361125760e+01 6.400000000000000133e-01
-1.221151552864357548e+01 1.600218133312192315e-01 -9.327500000000286562e+00 4.000000000000000000e+02 -5.308048977013435810e+00 -2.062826326370503338e+01 1.284999999999999920e+00
-1.221129442042316882e+01 1.602491721502804500e-01 -9.330000000000286065e+00 4.000000000000000000e+02 -5.308048394076172016e+00 -2.063076268076777353e+01 8.900000000000000133e-01
-1.221107391284954247e+01 1.602800809493919454e-01 -9.332500000000285567e+00 4.000000000000000000e+02 -5.307725256213431386e+00 -2.063293954290502796e+01 4.249999999999999889e-01
-1.221085393322285917e+01 1.603097325915335269e-01 -9.335000000000285070e+00 4.000000000000000000e+02 -5.307274409604249676e+00 -2.063498869629584931e+01 1.955000000000000071e+00
-1.221063445213859211e+01 1.603901920796723946e-01 -9.337500000000284572e+00 4.000000000000000000e+02 -5.306711299073239019e+00 -2.063692558576483549e+01 1.429999999999999938e+00
-1.221041544377518484e+01 1.604000285519348312e-01 -9.340000000000284075e+00 4.000000000000000000e+02 -5.306325077519338684e+00 -2.063903936421093732e+01 2.500000000000000000e-01
-1.221019694566040670e+01 1.603112743158666420e-01 -9.342500000000283578e+00 4.000000000000000000e+02 -5.305958050087347111e+00 -2.064117233677894347e+01 7.950000000000000400e-01
-1.220997896067799893e+01 1.603152232236909336e-01 -9.345000000000283080e+00 4.000000000000000000e+02 -5.305372385579791406e+00 -2.064308667227138727e+01 1.925000000000000044e+00
-1.220976143996372265e+01 1.604087319314349280e-01 -9.347500000000282583e+00 4.000000000000000000e+02 -5.305366787386032179e+00 -2.064558107407762577e+01 8.000000000000000167e-02
-1.220954450828572035e+01 1.604644541917470135e-01 -9.350000000000282085e+00 4.000000000000000000e+02 -5.304636420944962794e+00 -2.064735070763655855e+01 8.399999999999999689e-01
-1.220932800708227717e+01 1.605459392419076869e-01 -9.352500000000281588e+00 4.000000000000000000e+02 -5.304455466051750889e+00 -2.064966975274334260e+01 1.135000000000000009e+00
-1.220911205407311151e+01 1.604603192241791099e-01 -9.355000000000281091e+00 4.000000000000000000e+02 -5.304124701966540734e+00 -2.065183898865813461e+01 1.834999999999999964e+00
-1.220889661548345373e+01 1.605472307768402440e-01 -9.357500000000280593e+00 4.000000000000000000e+02 -5.304017258135059976e+00 -2.065423154482665069e+01 1.270000000000000018e+00
-1.220868173796419320e+01 1.605234610758534686e-01 -9.360000000000280096e+00 4.000000000000000000e+02 -5.303926639083304195e+00 -2.065664092577489797e+01 1.004999999999999893e+00
-1.220846742353948677e+01 1.607803172752370613e-01 -9.362500000000279599e+00 4.000000000000000000e+02 -5.303474507792796722e+00 -2.065868879448438733e+01 6.999999999999999556e-01
-1.220825359333352367e+01 1.609664722301024087e-01 -9.365000000000279101e+00 4.000000000000000000e+02 -5.303454643242699440e+00 -2.066116892993429133e+01 5.999999999999999778e-01
-1.220804033834222047e+01 1.609799097172003868e-01 -9.367500000000278604e+00 4.000000000000000000e+02 -5.303226683244878004e+00 -2.066344096993646673e+01 1.754999999999999893e+00
-1.220782761263812155e+01 1.611390580638931702e-01 -9.370000000000278106e+00 4.000000000000000000e+02 -5.302980763242210571e+00 -2.066569504993380235e+01 2.099999999999999922e-01
-1.220761541098469749e+01 1.611462841565336757e-01 -9.372500000000277609e+00 4.000000000000000000e+02 -5.302040326752348598e+00 -2.066725461344393722e+01 1.004999999999999893e+00
-1.220740358493011968e+01 1.612284321609479543e-01 -9.375000000000277112e+00 4.000000000000000000e+02 -5.301875245253537372e+00 -2.066958953194512816e+01 9.899999999999999911e-01
-1.220719229759911784e+01 1.612382183274927994e-01 -9.377500000000276614e+00 4.000000000000000000e+02 -5.301861592015824520e+00 -2.067207587870741392e+01 1.000000000000000000e+00
-1.220698157941595419e+01 1.610925267804022842e-01 -9.380000000000276117e+00 4.000000000000000000e+02 -5.301668608149087802e+00 -2.067438289484067582e+01 1.700000000000000122e-01
-1.220677139104220110e+01 1.610306394087379356e-01 -9.382500000000275620e+00 4.000000000000000000e+02 -5.301663000644656343e+00 -2.067687728733624297e+01 1.090000000000000080e+00
-1.220656177031235856e+01 1.609370744903056982e-01 -9.385000000000275122e+00 4.000000000000000000e+02 -5.300592859006895807e+00 -2.067830714569848283e+01 1.870000000000000107e+00
-1.220635249293382607e+01 1.609761036647897603e-01 -9.387500000000274625e+00 4.000000000000000000e+02 -5.300591833183554868e+00 -2.068080611987514317e+01 3.099999999999999978e-01
-1.220614378150522406e+01 1.609247338220186896e-01 -9.390000000000274127e+00 4.000000000000000000e+02 -5.300205788346142199e+00 -2.068292007503772822e+01 5.999999999999999778e-02
-1.220593555423073617e+01 1.608147253795066678e-01 -9.392500000000273630e+00 4.000000000000000000e+02 -5.300121282609604023e+00 -2.068533556930118777e+01 1.300000000000000044e-01
-1.220572787251389535e+01 1.608245200459995916e-01 -9.395000000000273133e+00 4.000000000000000000e+02 -5.299889871950815845e+00 -2.068760415864240088e+01 1.659999999999999920e+00
-1.220552070438385961e+01 1.606915850966637027e-01 -9.397500000000272635e+00 4.000000000000000000e+02 -5.299279018691896326e+00 -2.068949330538347908e+01 1.574999999999999956e+00
-1.220531397004372920e+01 1.606169425416124064e-01 -9.400000000000272138e+00 4.000000000000000000e+02 -5.299080317923658079e+00 -2.069179460461524300e+01 2.999999999999999889e-01
-1.220510775349721300e+01 1.605935850114122987e-01 -9.402500000000271640e+00 4.000000000000000000e+02 -5.298566353498112669e+00 -2.069378064018969710e+01 1.590000000000000080e+00
-1.220490198848772856e+01 1.604741305029472875e-01 -9.405000000000271143e+00 4.000000000000000000e+02 -5.298340103712545712e+00 -2.069605439040412875e+01 4.499999999999999833e-02
-1.220469673299142777e+01 1.603829564713687428e-01 -9.407500000000270646e+00 4.000000000000000000e+02 -5.297325939357641289e+00 -2.069754022604922383e+01 5.000000000000000278e-02
-1.220449182427201862e+01 1.602063119794981116e-01 -9.410000000000270148e+00 4.000000000000000000e+02 -5.297057376281717467e+00 -2.069977166297330129e+01 4.650000000000000244e-01
-1.220428741412246509e+01 1.602768240845802161e-01 -9.412500000000269651e+00 4.000000000000000000e+02 -5.296759782764812741e+00 -2.070197406945639429e+01 8.500000000000000611e-02
-1.220408349530898562e+01 1.602564884191786665e-01 -9.415000000000269154e+00 4.000000000000000000e+02 -5.296497634445032077e+00 -2.070421192113661490e+01 1.995000000000000107e+00
-1.220388007376045714e+01 1.601084304338417919e-01 -9.417500000000268656e+00 4.000000000000000000e+02 -5.296375640125401851e+00 -2.070658992681698152e+01 1.665000000000000036e+00
-1.220367717659945939e+01 1.601292684358410767e-01 -9.420000000000268159e+00 4.000000000000000000e+02 -5.295873143704428188e+00 -2.070858743039600824e+01 2.999999999999999889e-02
-1.220347472535755351e+01 1.601280948008820815e-01 -9.422500000000267661e+00 4.000000000000000000e+02 -5.295194175053062224e+00 -2.071040846174464178e+01 1.504999999999999893e+00
-1.220327268331668513e+01 1.601996156780239045e-01 -9.425000000000267164e+00 4.000000000000000000e+02 -5.295100301484505501e+00 -2.071281458817608723e+01 1.114999999999999991e+00
-1.220307116749587273e+01 1.602716294988232315e-01 -9.427500000000266667e+00 4.000000000000000000e+02 -5.294542181110948320e+00 -2.071475646780252688e+01 1.879999999999999893e+00
-1.220287008309720989e+01 1.601708830940183070e-01 -9.430000000000266169e+00 4.000000000000000000e+02 -5.294241067126498557e+00 -2.071695535381807929e+01 3.950000000000000178e-01
-1.220266948066816504e+01 1.603599746293598027e-01 -9.432500000000265672e+00 4.000000000000000000e+02 -5.293960687542949906e+00 -2.071917497423452659e+01 1.239999999999999991e+00
-1.220246936310614672e+01 1.601716738557027730e-01 -9.435000000000265175e+00 4.000000000000000000e+02 -5.293754633271118948e+00 -2.072146891996269602e+01 6.999999999999999556e-01
-1.220226974397835917e+01 1.601067197455728064e-01 -9.437500000000264677e+00 4.000000000000000000e+02 -5.292695688272115007e+00 -2.072290997496369158e+01 1.739999999999999991e+00
-1.220207045205938279e+01 1.601933524672166931e-01 -9.440000000000264180e+00 4.000000000000000000e+02 -5.291885010486786278e+00 -2.072459929717836502e+01 5.350000000000000311e-01
-1.220187153613334452e+01 1.602174153901183840e-01 -9.442500000000263682e+00 4.000000000000000000e+02 -5.291426621530202823e+00 -2.072664090822177840e+01 9.649999999999999689e-01
-1.220167306534072615e+01 1.602214764219067888e-01 -9.445000000000263185e+00 4.000000000000000000e+02 -5.290791891649541334e+00 -2.072850617834111731e+01 1.875000000000000000e+00
-1.220147500367752968e+01 1.602384945195036159e-01 -9.447500000000262688e+00 4.000000000000000000e+02 -5.290064598068321189e+00 -2.073027888475989755e+01 7.199999999999999734e-01
-1.220127733192502184e+01 1.602652553254809709e-01 -9.450000000000262190e+00 4.000000000000000000e+02 -5.289724849165238219e+00 -2.073243913585681497e+01 3.200000000000000067e-01
-1.220108012567227895e+01 1.602626404758316636e-01 -9.452500000000261693e+00 4.000000000000000000e+02 -5.289091349911955398e+00 -2.073430563660352988e+01 7.800000000000000266e-01
-1.220088332593580738e+01 1.602257476537314873e-01 -9.455000000000261196e+00 4.000000000000000000e+02 -5.289040374483731100e+00 -2.073675466117530419e+01 1.000000000000000056e-01
-1.220068704615760247e+01 1.604424358922535709e-01 -9.457500000000260698e+00 4.000000000000000000e+02 -5.288698587779017579e+00 -2.073891287447058929e+01 1.385000000000000009e+00
-1.220049122792995888e+01 1.605444944927401640e-01 -9.460000000000260201e+00 4.000000000000000000e+02 -5.287834296324893657e+00 -2.074054858301646931e+01 2.849999999999999756e-01
-1.220029576798539139e+01 1.605647156115894980e-01 -9.462500000000259703e+00 4.000000000000000000e+02 -5.287247491524098564e+00 -2.074246177821567017e+01 1.469999999999999973e+00
-1.220010071972404653e+01 1.606228611131803041e-01 -9.465000000000259206e+00 4.000000000000000000e+02 -5.287177709161394290e+00 -2.074489199585296717e+01 8.349999999999999645e-01
-1.219990618279496175e+01 1.605889493722610917e-01 -9.467500000000258709e+00 4.000000000000000000e+02 -5.286380267268618205e+00 -2.074659455396018970e+01 1.054999999999999938e+00
-1.219971201453528131e+01 1.606240570105158527e-01 -9.470000000000258211e+00 4.000000000000000000e+02 -5.285888895490148620e+00 -2.074860318218172139e+01 1.989999999999999991e+00
-1.219951827347663986e+01 1.605415175762918423e-01 -9.472500000000257714e+00 4.000000000000000000e+02 -5.285770159338752272e+00 -2.075098444603032277e+01 1.400000000000000133e-01
-1.219932503061227358e+01 1.605756532755907018e-01 -9.475000000000257216e+00 4.000000000000000000e+02 -5.285698646644931387e+00 -2.075341293333650228e+01 3.599999999999999867e-01
-1.219913229366625451e+01 1.602607492008210621e-01 -9.477500000000256719e+00 4.000000000000000000e+02 -5.285469639851596568e+00 -2.075568392654316341e+01 9.399999999999999467e-01
-1.219894003094199775e+01 1.602272991793515233e-01 -9.480000000000256222e+00 4.000000000000000000e+02 -5.285099687936376966e+00 -2.075781397462794686e+01 1.669999999999999929e+00
-1.219874821415072574e+01 1.602479123283361562e-01 -9.482500000000255724e+00 4.000000000000000000e+02 -5.284936428938216579e+00 -2.076015071562978420e+01 1.600000000000000089e+00
-1.219855688172027364e+01 1.602450548813145748e-01 -9.485000000000255227e+00 4.000000000000000000e+02 -5.284246662193218036e+00 -2.076196094888478783e+01 3.599999999999999867e-01
-1.219836593183471685e+01 1.602529497207557108e-01 -9.487500000000254730e+00 4.000000000000000000e+02 -5.284110707432514431e+00 -2.076432499412408106e+01 4.050000000000000266e-01
-1.219817546915605710e+01 1.602606261336546600e-01 -9.490000000000254232e+00 4.000000000000000000e+02 -5.283953755027869015e+00 -2.076666804171943781e+01 9.549999999999999600e-01
-1.219798548836003249e+01 1.602212857471698448e-01 -9.492500000000253735e+00 4.000000000000000000e+02 -5.282667516398731777e+00 -2.076788180309029741e+01 1.879999999999999893e+00
-1.219779577403569348e+01 1.601670265900414503e-01 -9.495000000000253237e+00 4.000000000000000000e+02 -5.282545530903793640e+00 -2.077025981759535966e+01 4.000000000000000083e-02
-1.219760654617538620e+01 1.602051445079439307e-01 -9.497500000000252740e+00 4.000000000000000000e+02 -5.281947749565543582e+00 -2.077216203625710733e+01 1.834999999999999964e+00
-1.219741771362413907e+01 1.602499257503253172e-01 -9.500000000000252243e+00 4.000000000000000000e+02 -5.279185965341734565e+00 -2.077190025203330137e+01 1.665000000000000036e+00
-1.219722886729803868e+01 1.603630980773835535e-01 -9.502500000000251745e+00 4.000000000000000000e+02 -5.278942393539850286e+00 -2.077415668023141393e+01 5.100000000000000089e-01
-1.219704048214547676e+01 1.604401541514119123e-01 -9.505000000000251248e+00 4.000000000000000000e+02 -5.278653398221409887e+00 -2.077636768491297659e+01 1.330000000000000071e+00
-1.219685254841807520e+01 1.604970821227546807e-01 -9.507500000000250751e+00 4.000000000000000000e+02 -5.278201550552073407e+00 -2.077841583724363517e+01 1.405000000000000027e+00
-1.219666503441781558e+01 1.604812177709219467e-01 -9.510000000000250253e+00 4.000000000000000000e+02 -5.277883447555064222e+00 -2.078059773424662637e+01 7.449999999999999956e-01
-1.219647796414783869e+01 1.604998148484895470e-01 -9.512500000000249756e+00 4.000000000000000000e+02 -5.277604241008282848e+00 -2.078281852769984539e+01 1.854999999999999982e+00
-1.219629134373373880e+01 1.601807001848651879e-01 -9.515000000000249258e+00 4.000000000000000000e+02 -5.276751783746190583e+00 -2.078446607043775174e+01 1.479999999999999982e+00
-1.219610506526635696e+01 1.602164389761748242e-01 -9.517500000000248761e+00 4.000000000000000000e+02 -5.276670086369983359e+00 -2.078688437306154313e+01 1.860000000000000098e+00
-1.219591927130004549e+01 1.601978791858109652e-01 -9.520000000000248264e+00 4.000000000000000000e+02 -5.276190138199190471e+00 -2.078890442489075241e+01 4.550000000000000155e-01
-1.219573388667694758e+01 1.601651000684886639e-01 -9.522500000000247766e+00 4.000000000000000000e+02 -5.276037611256729321e+00 -2.079125189794828898e+01 8.649999999999999911e-01
-1.219554897096920598e+01 1.601710553413599747e-01 -9.525000000000247269e+00 4.000000000000000000e+02 -5.276017969874744473e+00 -2.079373225656630453e+01 1.665000000000000036e+00
-1.219536454741096065e+01 1.601592279580092426e-01 -9.527500000000246771e+00 4.000000000000000000e+02 -5.275789850968926054e+00 -2.079600413766048561e+01 4.349999999999999978e-01
-1.219518057625564644e+01 1.601477830963355109e-01 -9.530000000000246274e+00 4.000000000000000000e+02 -5.275398620414909701e+00 -2.079811290710647143e+01 1.574999999999999956e+00
-1.219499702637663674e+01 1.602432661059286223e-01 -9.532500000000245777e+00 4.000000000000000000e+02 -5.274470262933436793e+00 -2.079968454962499536e+01 1.544999999999999929e+00
-1.219481379835092660e+01 1.602454437060721326e-01 -9.535000000000245279e+00 4.000000000000000000e+02 -5.274149093702167335e+00 -2.080186338039372629e+01 1.395000000000000018e+00
-1.219463100257033794e+01 1.601424332078192625e-01 -9.537500000000244782e+00 4.000000000000000000e+02 -5.272428730971247646e+00 -2.080264301766280255e+01 1.175000000000000044e+00
-1.219444838261776098e+01 1.603415480820646333e-01 -9.540000000000244285e+00 4.000000000000000000e+02 -5.272136563563990741e+00 -2.080485085025554781e+01 1.495000000000000107e+00
-1.219426619864844596e+01 1.603147406166968159e-01 -9.542500000000243787e+00 4.000000000000000000e+02 -5.270350372102698522e+00 -2.080556465879425332e+01 1.049999999999999961e-01
-1.219408417782664600e+01 1.603213394512601753e-01 -9.545000000000243290e+00 4.000000000000000000e+02 -5.270278817863593979e+00 -2.080799310455515183e+01 1.225000000000000089e+00
-1.219390263150139120e+01 1.603004359201596618e-01 -9.547500000000242792e+00 4.000000000000000000e+02 -5.270268403003018243e+00 -2.081048268969457382e+01 1.655000000000000027e+00
-1.219372156941931351e+01 1.602210625648416709e-01 -9.550000000000242295e+00 4.000000000000000000e+02 -5.268282047747623764e+00 -2.081099633443918151e+01 2.000000000000000000e+00
-1.219354063306724356e+01 1.602212798703693264e-01 -9.552500000000241798e+00 4.000000000000000000e+02 -5.268111931011943305e+00 -2.081332621770349789e+01 9.100000000000000311e-01
-1.219336015040291876e+01 1.602145894423327166e-01 -9.555000000000241300e+00 4.000000000000000000e+02 -5.267645703283220904e+00 -2.081535998997477677e+01 1.520000000000000018e+00
-1.219318006689516309e+01 1.602376425832898466e-01 -9.557500000000240803e+00 4.000000000000000000e+02 -5.266962601452712889e+00 -2.081717688814426737e+01 1.754999999999999893e+00
-1.219300034261974730e+01 1.602072432775301369e-01 -9.560000000000240306e+00 4.000000000000000000e+02 -5.266704783460137484e+00 -2.081941907015169235e+01 2.099999999999999922e-01
-1.219282105305403974e+01 1.601678420988343343e-01 -9.562500000000239808e+00 4.000000000000000000e+02 -5.266661530808683267e+00 -2.082187581750023497e+01 6.700000000000000400e-01
-1.219264223543768111e+01 1.601814448014083625e-01 -9.565000000000239311e+00 4.000000000000000000e+02 -5.266479378113595899e+00 -2.082419366480515066e+01 1.950000000000000067e-01
-1.219246386367237633e+01 1.600870692885419388e-01 -9.567500000000238813e+00 4.000000000000000000e+02 -5.266414165977586492e+00 -2.082662845266913720e+01 1.080000000000000071e+00
-1.219228595737107845e+01 1.601193289551781085e-01 -9.570000000000238316e+00 4.000000000000000000e+02 -5.266411912307069620e+00 -2.082912619899862250e+01 9.200000000000000400e-01
-1.219210852640681431e+01 1.601732424733716964e-01 -9.572500000000237819e+00 4.000000000000000000e+02 -5.266393182116328120e+00 -2.083160746880787784e+01 8.349999999999999645e-01
-1.219193156651016352e+01 1.601910334251130386e-01 -9.575000000000237321e+00 4.000000000000000000e+02 -5.265836478102055906e+00 -2.083355076479360690e+01 1.659999999999999920e+00
-1.219175498138320535e+01 1.602045907274236569e-01 -9.577500000000236824e+00 4.000000000000000000e+02 -5.265711815018816466e+00 -2.083592610171036341e+01 1.675000000000000044e+00
-1.219157884627359145e+01 1.601550861352845634e-01 -9.580000000000236327e+00 4.000000000000000000e+02 -5.265582773069076516e+00 -2.083829705976062741e+01 1.544999999999999929e+00
-1.219140315918628481e+01 1.603593460775969426e-01 -9.582500000000235829e+00 4.000000000000000000e+02 -5.264497214451409057e+00 -2.083971150114295767e+01 1.050000000000000044e+00
-1.219122775121754110e+01 1.603252287400803722e-01 -9.585000000000235332e+00 4.000000000000000000e+02 -5.264283499032448965e+00 -2.084199778572399708e+01 1.465000000000000080e+00
-1.219105277448051439e+01 1.602916380132773100e-01 -9.587500000000234834e+00 4.000000000000000000e+02 -5.264151480070133005e+00 -2.084436576676167974e+01 1.314999999999999947e+00
-1.219087824209788629e+01 1.602420159898651497e-01 -9.590000000000234337e+00 4.000000000000000000e+02 -5.262229412157364727e+00 -2.084494369884891185e+01 7.500000000000000000e-01
-1.219070384098383109e+01 1.601868825589775336e-01 -9.592500000000233840e+00 4.000000000000000000e+02 -5.261363240415643183e+00 -2.084657752710718981e+01 1.675000000000000044e+00
-1.219052975491462121e+01 1.602484457046292332e-01 -9.595000000000233342e+00 4.000000000000000000e+02 -5.261015034522667833e+00 -2.084872932121421485e+01 7.750000000000000222e-01
-1.219035607324311599e+01 1.602367860692046064e-01 -9.597500000000232845e+00 4.000000000000000000e+02 -5.259833878307357935e+00 -2.085004816499890268e+01 6.149999999999999911e-01
-1.219018265058011430e+01 1.603549339451860734e-01 -9.600000000000232347e+00 4.000000000000000000e+02 -5.259167795896805053e+00 -2.085188208258835019e+01 7.249999999999999778e-01
-1.219000957565614840e+01 1.603439429286670492e-01 -9.602500000000231850e+00 4.000000000000000000e+02 -5.259017518736699870e+00 -2.085423180542824184e+01 1.520000000000000018e+00
-1.218983693677726876e+01 1.602221091215297599e-01 -9.605000000000231353e+00 4.000000000000000000e+02 -5.258903201469486532e+00 -2.085661748816103156e+01 1.534999999999999920e+00
-1.218966473896170832e+01 1.602088840770917177e-01 -9.607500000000230855e+00 4.000000000000000000e+02 -5.257457278212025464e+00 -2.085767156490356911e+01 3.099999999999999978e-01
-1.218949275216038330e+01 1.602877102912545759e-01 -9.610000000000230358e+00 4.000000000000000000e+02 -5.256679164038749796e+00 -2.085939345073029472e+01 5.649999999999999467e-01
-1.218932109074398262e+01 1.602550034399671530e-01 -9.612500000000229861e+00 4.000000000000000000e+02 -5.256144375367446386e+00 -2.086135866205898992e+01 1.014999999999999902e+00
-1.218914979572315893e+01 1.602407638875089357e-01 -9.615000000000229363e+00 4.000000000000000000e+02 -5.255773389635124637e+00 -2.086348767632666679e+01 1.550000000000000044e+00
-1.218897889424738246e+01 1.602593450674040521e-01 -9.617500000000228866e+00 4.000000000000000000e+02 -5.255698113336031874e+00 -2.086591240002757175e+01 1.790000000000000036e+00
-1.218880843575481698e+01 1.602381821687504371e-01 -9.620000000000228368e+00 4.000000000000000000e+02 -5.255434769913549964e+00 -2.086814905660509112e+01 6.650000000000000355e-01
-1.218863838704717395e+01 1.603350985561439734e-01 -9.622500000000227871e+00 4.000000000000000000e+02 -5.254997345157054411e+00 -2.087021163184859418e+01 6.750000000000000444e-01
-1.218846871753868122e+01 1.603142100795057756e-01 -9.625000000000227374e+00 4.000000000000000000e+02 -5.254996684811816365e+00 -2.087271097150335919e+01 4.650000000000000244e-01
-1.218829950023760667e+01 1.602197067096588767e-01 -9.627500000000226876e+00 4.000000000000000000e+02 -5.254863141893437728e+00 -2.087507742858497650e+01 1.129999999999999893e+00
-1.218813071143680027e+01 1.601046369704157979e-01 -9.630000000000226379e+00 4.000000000000000000e+02 -5.254754746133425414e+00 -2.087746903282496547e+01 1.199999999999999956e-01
-1.218796235421254792e+01 1.600318508742233636e-01 -9.632500000000225882e+00 4.000000000000000000e+02 -5.254327100887604018e+00 -2.087954138757914180e+01 7.000000000000000666e-02
-1.218779437377436992e+01 1.599617331574075263e-01 -9.635000000000225384e+00 4.000000000000000000e+02 -5.254263782909389668e+00 -2.088197806960092962e+01 1.725000000000000089e+00
-1.218762683026261406e+01 1.599679671003058634e-01 -9.637500000000224887e+00 4.000000000000000000e+02 -5.253771773219362728e+00 -2.088398605991089951e+01 1.530000000000000027e+00
-1.218745965082080041e+01 1.600326269526403666e-01 -9.640000000000224389e+00 4.000000000000000000e+02 -5.253766451348568012e+00 -2.088648073804010608e+01 6.099999999999999867e-01
-1.218729291575805362e+01 1.600075818549437090e-01 -9.642500000000223892e+00 4.000000000000000000e+02 -5.252335175157287317e+00 -2.088754946184882400e+01 1.959999999999999964e+00
-1.218712638654528213e+01 1.600100865061103717e-01 -9.645000000000223395e+00 4.000000000000000000e+02 -5.252114831708366793e+00 -2.088982911839990209e+01 1.120000000000000107e+00
-1.218696026416227340e+01 1.601147582024759763e-01 -9.647500000000222897e+00 4.000000000000000000e+02 -5.251253157923973625e+00 -2.089146744461550753e+01 1.499999999999999944e-02
-1.218679444124344791e+01 1.601632906179800697e-01 -9.650000000000222400e+00 4.000000000000000000e+02 -5.250545599874002711e+00 -2.089325988656553790e+01 1.439999999999999947e+00
-1.218662894270523367e+01 1.601047424765131844e-01 -9.652500000000221902e+00 4.000000000000000000e+02 -5.250529842854027684e+00 -2.089574412954556237e+01 1.419999999999999929e+00
-1.218646388207874587e+01 1.603345743348445207e-01 -9.655000000000221405e+00 4.000000000000000000e+02 -5.250153671129319299e+00 -2.089786795782085349e+01 1.489999999999999991e+00
-1.218629919879457368e+01 1.603157036949769965e-01 -9.657500000000220908e+00 4.000000000000000000e+02 -5.249894086241653213e+00 -2.090010837293318602e+01 8.349999999999999645e-01
-1.218613491108148672e+01 1.602170292834415866e-01 -9.660000000000220410e+00 4.000000000000000000e+02 -5.249817823007113304e+00 -2.090253210969864739e+01 1.665000000000000036e+00
-1.218597104796451980e+01 1.601964381222281131e-01 -9.662500000000219913e+00 4.000000000000000000e+02 -5.249609677939776731e+00 -2.090482396463130854e+01 1.810000000000000053e+00
-1.218580758672263187e+01 1.602368280469210760e-01 -9.665000000000219416e+00 4.000000000000000000e+02 -5.249239264846413455e+00 -2.090695355153794566e+01 1.350000000000000089e+00
-1.218564449984529752e+01 1.602262240285822203e-01 -9.667500000000218918e+00 4.000000000000000000e+02 -5.249085632869094908e+00 -2.090929991956062395e+01 8.199999999999999512e-01
-1.218548182168080096e+01 1.602251882362806523e-01 -9.670000000000218421e+00 4.000000000000000000e+02 -5.248780570572583848e+00 -2.091149485726411683e+01 2.349999999999999867e-01
-1.218531952656608652e+01 1.601370091755991432e-01 -9.672500000000217923e+00 4.000000000000000000e+02 -5.248634256958387923e+00 -2.091384854364991952e+01 8.750000000000000000e-01
-1.218515763923662298e+01 1.601841412320935965e-01 -9.675000000000217426e+00 4.000000000000000000e+02 -5.246526734980326623e+00 -2.091424102167185595e+01 9.699999999999999734e-01
-1.218499584161975591e+01 1.601498086397219189e-01 -9.677500000000216929e+00 4.000000000000000000e+02 -5.246457354569058040e+00 -2.091667164126058509e+01 7.750000000000000222e-01
-1.218483446287279470e+01 1.600946954175601067e-01 -9.680000000000216431e+00 4.000000000000000000e+02 -5.245305246220658191e+00 -2.091801953291219007e+01 9.100000000000000311e-01
-1.218467332748668319e+01 1.601013621594631342e-01 -9.682500000000215934e+00 4.000000000000000000e+02 -5.245081773768940359e+00 -2.092029606046046908e+01 1.364999999999999991e+00
-1.218451258438443929e+01 1.601054859898546900e-01 -9.685000000000215437e+00 4.000000000000000000e+02 -5.244801525664455788e+00 -2.092251581235598579e+01 4.949999999999999956e-01
-1.218435222344461799e+01 1.599430936101156608e-01 -9.687500000000214939e+00 4.000000000000000000e+02 -5.244722252042787858e+00 -2.092493653873431469e+01 1.649999999999999911e+00
-1.218419227584362474e+01 1.599615227811734541e-01 -9.690000000000214442e+00 4.000000000000000000e+02 -5.244558831278360422e+00 -2.092727311796988943e+01 4.899999999999999911e-01
-1.218403272702626161e+01 1.599112121500690376e-01 -9.692500000000213944e+00 4.000000000000000000e+02 -5.243835347392322710e+00 -2.092904963408384944e+01 1.320000000000000062e+00
-1.218387348678236926e+01 1.600044978438887322e-01 -9.695000000000213447e+00 4.000000000000000000e+02 -5.243501847272403538e+00 -2.093121613396392888e+01 1.050000000000000044e+00
-1.218371461643018172e+01 1.600465849121642525e-01 -9.697500000000212950e+00 4.000000000000000000e+02 -5.243157093526519930e+00 -2.093337138021804478e+01 2.099999999999999922e-01
-1.218355611326835586e+01 1.600023403241027931e-01 -9.700000000000212452e+00 4.000000000000000000e+02 -5.242888447184160583e+00 -2.093560273387568671e+01 4.199999999999999845e-01
-1.218339798842420230e+01 1.599480718292841386e-01 -9.702500000000211955e+00 4.000000000000000000e+02 -5.242607034296977275e+00 -2.093782132098850113e+01 1.330000000000000071e+00
-1.218324023892139962e+01 1.599815854767181189e-01 -9.705000000000211458e+00 4.000000000000000000e+02 -5.241954469658085536e+00 -2.093966875634961156e+01 8.500000000000000611e-02
-1.218308280539371324e+01 1.599990770361901793e-01 -9.707500000000210960e+00 4.000000000000000000e+02 -5.241072334269588850e+00 -2.094128662096111171e+01 1.060000000000000053e+00
-1.218292565108759185e+01 1.599362216846906271e-01 -9.710000000000210463e+00 4.000000000000000000e+02 -5.241007261949885532e+00 -2.094372154864140967e+01 1.655000000000000027e+00
-1.218276890357893727e+01 1.598956588934405676e-01 -9.712500000000209965e+00 4.000000000000000000e+02 -5.240629043785219210e+00 -2.094584333047674107e+01 1.499999999999999944e-01
-1.218261251278960344e+01 1.599870547140311017e-01 -9.715000000000209468e+00 4.000000000000000000e+02 -5.240019202856828429e+00 -2.094773348954835157e+01 1.479999999999999982e+00
-1.218245644170958109e+01 1.600746049090462642e-01 -9.717500000000208971e+00 4.000000000000000000e+02 -5.239821012606810768e+00 -2.095003529929833164e+01 1.550000000000000044e+00
-1.218230075373280918e+01 1.600597517386997959e-01 -9.720000000000208473e+00 4.000000000000000000e+02 -5.239741336495190360e+00 -2.095245562318671162e+01 1.459999999999999964e+00
-1.218214546626289874e+01 1.599482930218807386e-01 -9.722500000000207976e+00 4.000000000000000000e+02 -5.238477050653250089e+00 -2.095369133734477174e+01 1.145000000000000018e+00
-1.218199039463121380e+01 1.599965435131912306e-01 -9.725000000000207478e+00 4.000000000000000000e+02 -5.237580658214010754e+00 -2.095529494490553191e+01 4.550000000000000155e-01
-1.218183559546001860e+01 1.600765637667309338e-01 -9.727500000000206981e+00 4.000000000000000000e+02 -5.237576822182386849e+00 -2.095779110887390573e+01 1.824999999999999956e+00
-1.218168120608063276e+01 1.600618563387477544e-01 -9.730000000000206484e+00 4.000000000000000000e+02 -5.237514376984894859e+00 -2.096022866367641413e+01 1.354999999999999982e+00
-1.218152721632097091e+01 1.600401427837279955e-01 -9.732500000000205986e+00 4.000000000000000000e+02 -5.236535490324925490e+00 -2.096174977701644337e+01 1.034999999999999920e+00
-1.218137348427429778e+01 1.601680856908389572e-01 -9.735000000000205489e+00 4.000000000000000000e+02 -5.235681483388568758e+00 -2.096339577008008703e+01 2.349999999999999867e-01
-1.218122002863302100e+01 1.601928984213702722e-01 -9.737500000000204992e+00 4.000000000000000000e+02 -5.235596956760365295e+00 -2.096581124345188130e+01 1.780000000000000027e+00
-1.218106696667233990e+01 1.602506020917500718e-01 -9.740000000000204494e+00 4.000000000000000000e+02 -5.235471543651562421e+00 -2.096818583034308148e+01 1.935000000000000053e+00
-1.218091429108050683e+01 1.602219171106739615e-01 -9.742500000000203997e+00 4.000000000000000000e+02 -5.235050316108636359e+00 -2.097026460280015314e+01 1.834999999999999964e+00
-1.218076195577057597e+01 1.601862724227906543e-01 -9.745000000000203499e+00 4.000000000000000000e+02 -5.234406297533258368e+00 -2.097212058422477554e+01 8.100000000000000533e-01
-1.218060992606796056e+01 1.602410466226780184e-01 -9.747500000000203002e+00 4.000000000000000000e+02 -5.232890438938454736e+00 -2.097310472562996964e+01 1.215000000000000080e+00
-1.218045806898590477e+01 1.602996629241708326e-01 -9.750000000000202505e+00 4.000000000000000000e+02 -5.232840084455840923e+00 -2.097555437114735710e+01 7.500000000000000000e-01
-1.218030660641714036e+01 1.602927118062325018e-01 -9.752500000000202007e+00 4.000000000000000000e+02 -5.231700959564576259e+00 -2.097691524625609105e+01 5.100000000000000089e-01
-1.218015537272049542e+01 1.604222014069407454e-01 -9.755000000000201510e+00 4.000000000000000000e+02 -5.231541983722027389e+00 -2.097925627041354346e+01 4.699999999999999734e-01
-1.218000451543953311e+01 1.605003849577097685e-01 -9.757500000000201013e+00 4.000000000000000000e+02 -5.231110274812849070e+00 -2.098132456150436198e+01 9.500000000000000111e-02
-1.217985399253691092e+01 1.604312720598759234e-01 -9.760000000000200515e+00 4.000000000000000000e+02 -5.230892435327103129e+00 -2.098360672201861732e+01 4.349999999999999978e-01
-1.217970383533636891e+01 1.603555484846044266e-01 -9.762500000000200018e+00 4.000000000000000000e+02 -5.230722923871083729e+00 -2.098593721056259653e+01 1.260000000000000009e+00
-1.217955405013316472e+01 1.604218761855894793e-01 -9.765000000000199520e+00 4.000000000000000000e+02 -5.230692597285925949e+00 -2.098840688397744003e+01 1.344999999999999973e+00
-1.217940465674340089e+01 1.604688569623579919e-01 -9.767500000000199023e+00 4.000000000000000000e+02 -5.230645603004806965e+00 -2.099085988969631700e+01 9.250000000000000444e-01
-1.217925565160049217e+01 1.605329114527872525e-01 -9.770000000000198526e+00 4.000000000000000000e+02 -5.230345554485491988e+00 -2.099305984117700419e+01 1.120000000000000107e+00
-1.217910699602746405e+01 1.605451601933021444e-01 -9.772500000000198028e+00 4.000000000000000000e+02 -5.230112820066593393e+00 -2.099532710675810421e+01 1.290000000000000036e+00
-1.217895869913450468e+01 1.606167965826134081e-01 -9.775000000000197531e+00 4.000000000000000000e+02 -5.230086779633849936e+00 -2.099780106632536203e+01 1.375000000000000000e+00
-1.217881079057589488e+01 1.605588369230649681e-01 -9.777500000000197034e+00 4.000000000000000000e+02 -5.230063452312237793e+00 -2.100027773900374584e+01 1.689999999999999947e+00
-1.217866326967773460e+01 1.606220132427294278e-01 -9.780000000000196536e+00 4.000000000000000000e+02 -5.229963167777944122e+00 -2.100267745446945611e+01 6.750000000000000444e-01
-1.217851612404437844e+01 1.606044492866820494e-01 -9.782500000000196039e+00 4.000000000000000000e+02 -5.229709628853344228e+00 -2.100492391554485039e+01 1.689999999999999947e+00
-1.217836933017279044e+01 1.606061817984782980e-01 -9.785000000000195541e+00 4.000000000000000000e+02 -5.229671469826465469e+00 -2.100738575651797646e+01 6.250000000000000000e-01
-1.217822291870578688e+01 1.606422613782861331e-01 -9.787500000000195044e+00 4.000000000000000000e+02 -5.229013249579771205e+00 -2.100922753627127904e+01 5.799999999999999600e-01
-1.217807679802234766e+01 1.606691782081071940e-01 -9.790000000000194547e+00 4.000000000000000000e+02 -5.228086866514034092e+00 -2.101080115320554142e+01 1.044999999999999929e+00
-1.217793092839388081e+01 1.607427868630178780e-01 -9.792500000000194049e+00 4.000000000000000000e+02 -5.226835717324114228e+00 -2.101205000401562017e+01 3.300000000000000155e-01
-1.217778526205614931e+01 1.607371682169409510e-01 -9.795000000000193552e+00 4.000000000000000000e+02 -5.226771183239068641e+00 -2.101448546993057676e+01 1.419999999999999929e+00
-1.217763997119040731e+01 1.606445263177880001e-01 -9.797500000000193054e+00 4.000000000000000000e+02 -5.225678062769658183e+00 -2.101589234946116136e+01 1.969999999999999973e+00
-1.217749490564957426e+01 1.606278929662188215e-01 -9.800000000000192557e+00 4.000000000000000000e+02 -5.225250942229745732e+00 -2.101796522892125196e+01 3.049999999999999933e-01
-1.217735016147632798e+01 1.604203233724358635e-01 -9.802500000000192060e+00 4.000000000000000000e+02 -5.225200220455210598e+00 -2.102041450714671456e+01 1.820000000000000062e+00
-1.217720579225907507e+01 1.604037471396547454e-01 -9.805000000000191562e+00 4.000000000000000000e+02 -5.224799363679523800e+00 -2.102251365037102815e+01 7.299999999999999822e-01
-1.217706174654959739e+01 1.603453884410555863e-01 -9.807500000000191065e+00 4.000000000000000000e+02 -5.224667528715741582e+00 -2.102488181540724455e+01 7.099999999999999645e-01
-1.217691806223316497e+01 1.603590110589075135e-01 -9.810000000000190568e+00 4.000000000000000000e+02 -5.224598255596244023e+00 -2.102731254228774915e+01 1.489999999999999991e+00
-1.217677474731704201e+01 1.604139043688941890e-01 -9.812500000000190070e+00 4.000000000000000000e+02 -5.224353569068126646e+00 -2.102956785575963039e+01 3.099999999999999978e-01
-1.217663177572365640e+01 1.603919256196521537e-01 -9.815000000000189573e+00 4.000000000000000000e+02 -5.223038113125023862e+00 -2.103075239981652800e+01 6.049999999999999822e-01
-1.217648899378783511e+01 1.604757150120103282e-01 -9.817500000000189075e+00 4.000000000000000000e+02 -5.222668747877932560e+00 -2.103288303456943353e+01 8.149999999999999467e-01
-1.217634653606305584e+01 1.604205280132926514e-01 -9.820000000000188578e+00 4.000000000000000000e+02 -5.222634831473095041e+00 -2.103534911816459640e+01 1.104999999999999982e+00
-1.217620444943452007e+01 1.602606167872129006e-01 -9.822500000000188081e+00 4.000000000000000000e+02 -5.222363016713441830e+00 -2.103757730340494092e+01 1.594999999999999973e+00
-1.217606269916726269e+01 1.601881616372235473e-01 -9.825000000000187583e+00 4.000000000000000000e+02 -5.222225530160060636e+00 -2.103993981685156101e+01 4.849999999999999867e-01
-1.217592130341088108e+01 1.602176212140658529e-01 -9.827500000000187086e+00 4.000000000000000000e+02 -5.221938226864777377e+00 -2.104215251355627458e+01 4.199999999999999845e-01
-1.217578024009825199e+01 1.604043336880408011e-01 -9.830000000000186589e+00 4.000000000000000000e+02 -5.221634958705967833e+00 -2.104434924539746987e+01 5.250000000000000222e-01
-1.217563950615439872e+01 1.603287080729697556e-01 -9.832500000000186091e+00 4.000000000000000000e+02 -5.221588294028179256e+00 -2.104680258071967813e+01 2.650000000000000133e-01
-1.217549913678545259e+01 1.603751538236890262e-01 -9.835000000000185594e+00 4.000000000000000000e+02 -5.220116307341115203e+00 -2.104783059403261447e+01 1.314999999999999947e+00
-1.217535893131438307e+01 1.603650313746869949e-01 -9.837500000000185096e+00 4.000000000000000000e+02 -5.219864721093325777e+00 -2.105007900778482366e+01 9.899999999999999911e-01
-1.217521906031775103e+01 1.603460837755209256e-01 -9.840000000000184599e+00 4.000000000000000000e+02 -5.219520514065843386e+00 -2.105223480075733988e+01 6.899999999999999467e-01
-1.217507951002726507e+01 1.602599797321407060e-01 -9.842500000000184102e+00 4.000000000000000000e+02 -5.219509930082511850e+00 -2.105472421677400874e+01 1.520000000000000018e+00
-1.217494032610246890e+01 1.602118790540201787e-01 -9.845000000000183604e+00 4.000000000000000000e+02 -5.218750650681636571e+00 -2.105646493737313563e+01 1.939999999999999947e+00
-1.217480140356621909e+01 1.602400290240526548e-01 -9.847500000000183107e+00 4.000000000000000000e+02 -5.218655958819477192e+00 -2.105887024551097397e+01 1.905000000000000027e+00
-1.217466283400724159e+01 1.602609079821775417e-01 -9.850000000000182609e+00 4.000000000000000000e+02 -5.218259360655303603e+00 -2.106097364734679900e+01 6.500000000000000222e-01
-1.217452457474780481e+01 1.602740694847283875e-01 -9.852500000000182112e+00 4.000000000000000000e+02 -5.218103784712058157e+00 -2.106331807140355039e+01 8.299999999999999600e-01
-1.217438665829294209e+01 1.603881222977924237e-01 -9.855000000000181615e+00 4.000000000000000000e+02 -5.217477916523911574e+00 -2.106519220321540686e+01 1.110000000000000098e+00
-1.217424901903458689e+01 1.603797696203583811e-01 -9.857500000000181117e+00 4.000000000000000000e+02 -5.216454331012219114e+00 -2.106666861770371213e+01 1.479999999999999982e+00
-1.217411160173895013e+01 1.603855238797004812e-01 -9.860000000000180620e+00 4.000000000000000000e+02 -5.215565685118402683e+00 -2.106827997180989698e+01 1.400000000000000133e-01
-1.217397442452828038e+01 1.604298727520427625e-01 -9.862500000000180123e+00 4.000000000000000000e+02 -5.214937263846777249e+00 -2.107015155053827016e+01 5.050000000000000044e-01
-1.217383752257772933e+01 1.604982400686521815e-01 -9.865000000000179625e+00 4.000000000000000000e+02 -5.214156459863159121e+00 -2.107187074655465153e+01 1.049999999999999961e-01
-1.217370087447759097e+01 1.605729906500175386e-01 -9.867500000000179128e+00 4.000000000000000000e+02 -5.212948396372519611e+00 -2.107316268306401241e+01 1.520000000000000018e+00
-1.217356442143814377e+01 1.606679046460048887e-01 -9.870000000000178630e+00 4.000000000000000000e+02 -5.212431579423825845e+00 -2.107514586611531726e+01 1.294999999999999929e+00
-1.217342825730349709e+01 1.607214895730066373e-01 -9.872500000000178133e+00 4.000000000000000000e+02 -5.212164764145038376e+00 -2.107737905083652663e+01 8.549999999999999822e-01
-1.217329241538540430e+01 1.606743584465215036e-01 -9.875000000000177636e+00 4.000000000000000000e+02 -5.210962160791539510e+00 -2.107867644748302993e+01 1.334999999999999964e+00
-1.217315676800853730e+01 1.606479851289821237e-01 -9.877500000000177138e+00 4.000000000000000000e+02 -5.210889779036047109e+00 -2.108110406572753703e+01 1.145000000000000018e+00
-1.217302146786319383e+01 1.606764679855886002e-01 -9.880000000000176641e+00 4.000000000000000000e+02 -5.209879171397368225e+00 -2.108259345808885854e+01 1.659999999999999920e+00
-1.217288638734567385e+01 1.605615543087759722e-01 -9.882500000000176144e+00 4.000000000000000000e+02 -5.209651300719270850e+00 -2.108486558741076067e+01 5.250000000000000222e-01
-1.217275163158236495e+01 1.606257816465619381e-01 -9.885000000000175646e+00 4.000000000000000000e+02 -5.209493848962536866e+00 -2.108720813565402707e+01 1.195000000000000062e+00
-1.217261720921447932e+01 1.606158413519867822e-01 -9.887500000000175149e+00 4.000000000000000000e+02 -5.209438651379936225e+00 -2.108965293807142416e+01 6.099999999999999867e-01
-1.217248313308215479e+01 1.605704167471240784e-01 -9.890000000000174651e+00 4.000000000000000000e+02 -5.209294208300602413e+00 -2.109200849499208985e+01 2.349999999999999867e-01
-1.217234939031273200e+01 1.605258928941486474e-01 -9.892500000000174154e+00 4.000000000000000000e+02 -5.209189733474852702e+00 -2.109440402016633698e+01 1.219999999999999973e+00
-1.217221598536464633e+01 1.605108796973132301e-01 -9.895000000000173657e+00 4.000000000000000000e+02 -5.209180868171716661e+00 -2.109689515486320488e+01 2.449999999999999956e-01
-1.217208293006081554e+01 1.604034122918481520e-01 -9.897500000000173159e+00 4.000000000000000000e+02 -5.209127041418784465e+00 -2.109934132811027041e+01 6.949999999999999512e-01
-1.217195021747209083e+01 1.604121400648450824e-01 -9.900000000000172662e+00 4.000000000000000000e+02 -5.208859456940476917e+00 -2.110157374363196325e+01 9.699999999999999734e-01
-1.217181781837399335e+01 1.603991309643866547e-01 -9.902500000000172165e+00 4.000000000000000000e+02 -5.207438111895863031e+00 -2.110265239858734532e+01 1.715000000000000080e+00
-1.217168557951071328e+01 1.603781607053464675e-01 -9.905000000000171667e+00 4.000000000000000000e+02 -5.206552812002712471e+00 -2.110426709869419781e+01 7.600000000000000089e-01
-1.217155357144375749e+01 1.603289336098362716e-01 -9.907500000000171170e+00 4.000000000000000000e+02 -5.206435640884602201e+00 -2.110664992757608616e+01 1.334999999999999964e+00
-1.217142189491665150e+01 1.604198247945636258e-01 -9.910000000000170672e+00 4.000000000000000000e+02 -5.206094403830110018e+00 -2.110880869052159525e+01 1.389999999999999902e+00
-1.217129051962174202e+01 1.603694883337903609e-01 -9.912500000000170175e+00 4.000000000000000000e+02 -5.206087905709336994e+00 -2.111130219240082084e+01 7.149999999999999689e-01
-1.217115948869609099e+01 1.602188328542029083e-01 -9.915000000000169678e+00 4.000000000000000000e+02 -5.205132313208775230e+00 -2.111284659990025858e+01 3.250000000000000111e-01
-1.217102867710653591e+01 1.602665924087064153e-01 -9.917500000000169180e+00 4.000000000000000000e+02 -5.204378837098339261e+00 -2.111459312378982034e+01 1.725000000000000089e+00
-1.217089811084783157e+01 1.602873594389380152e-01 -9.920000000000168683e+00 4.000000000000000000e+02 -5.204239891702121312e+00 -2.111695417839360545e+01 1.139999999999999902e+00
-1.217076786948463152e+01 1.602620766840180400e-01 -9.922500000000168185e+00 4.000000000000000000e+02 -5.203900865352112604e+00 -2.111911515204359091e+01 1.049999999999999961e-01
-1.217063792617143214e+01 1.603149522029808927e-01 -9.925000000000167688e+00 4.000000000000000000e+02 -5.203201110303701249e+00 -2.112091539699518350e+01 1.665000000000000036e+00
-1.217050823341513777e+01 1.603298487742722267e-01 -9.927500000000167191e+00 4.000000000000000000e+02 -5.202988656342425244e+00 -2.112320294303390256e+01 1.354999999999999982e+00
-1.217037885375835593e+01 1.602597343584593326e-01 -9.930000000000166693e+00 4.000000000000000000e+02 -5.202906393542134467e+00 -2.112562068023361661e+01 2.999999999999999889e-01
-1.217024980320610439e+01 1.602910052253329887e-01 -9.932500000000166196e+00 4.000000000000000000e+02 -5.200948284952347400e+00 -2.112616257164382461e+01 7.850000000000000311e-01
-1.217012083920466203e+01 1.602715298407637323e-01 -9.935000000000165699e+00 4.000000000000000000e+02 -5.200706550624185631e+00 -2.112842083731566589e+01 1.179999999999999938e+00
-1.216999218268294847e+01 1.603425053413300438e-01 -9.937500000000165201e+00 4.000000000000000000e+02 -5.200618528044335775e+00 -2.113083281473581110e+01 1.754999999999999893e+00
-1.216986385259453840e+01 1.602910618119695596e-01 -9.940000000000164704e+00 4.000000000000000000e+02 -5.200614359634658790e+00 -2.113332864632613806e+01 4.400000000000000022e-01
-1.216973585880203856e+01 1.603020704627484416e-01 -9.942500000000164206e+00 4.000000000000000000e+02 -5.200129163972615487e+00 -2.113534345066409159e+01 9.899999999999999911e-01
-1.216960813896326421e+01 1.603110485204593538e-01 -9.945000000000163709e+00 4.000000000000000000e+02 -5.199739708161481566e+00 -2.113745399485295806e+01 1.899999999999999911e+00
-1.216948070465732989e+01 1.601730805124063628e-01 -9.947500000000163212e+00 4.000000000000000000e+02 -5.199603466957165132e+00 -2.113981775364863935e+01 1.665000000000000036e+00
-1.216935358739960371e+01 1.600620924354193009e-01 -9.950000000000162714e+00 4.000000000000000000e+02 -5.199477197920638893e+00 -2.114219148461211617e+01 2.800000000000000266e-01
-1.216922678762553645e+01 1.600906937930889062e-01 -9.952500000000162217e+00 4.000000000000000000e+02 -5.199336127924235385e+00 -2.114455041461570772e+01 1.250000000000000000e-01
-1.216910030263012210e+01 1.601737380055070770e-01 -9.955000000000161720e+00 4.000000000000000000e+02 -5.199287990247294822e+00 -2.114700227693877110e+01 1.409999999999999920e+00
-1.216897414331634408e+01 1.601648832689789859e-01 -9.957500000000161222e+00 4.000000000000000000e+02 -5.199144938879615374e+00 -2.114935922557108938e+01 9.399999999999999467e-01
-1.216884829686145864e+01 1.601876486860241700e-01 -9.960000000000160725e+00 4.000000000000000000e+02 -5.198884805335477033e+00 -2.115159909202695232e+01 4.149999999999999800e-01
-1.216872274775261076e+01 1.602132944290589889e-01 -9.962500000000160227e+00 4.000000000000000000e+02 -5.198853142562680496e+00 -2.115406742925415173e+01 1.310000000000000053e+00
-1.216859752386152138e+01 1.601832139702400459e-01 -9.965000000000159730e+00 4.000000000000000000e+02 -5.198489938459679216e+00 -2.115620422515115351e+01 2.149999999999999967e-01
-1.216847258289154965e+01 1.602906088328392986e-01 -9.967500000000159233e+00 4.000000000000000000e+02 -5.197995806682633280e+00 -2.115821009337410530e+01 9.500000000000000111e-02
-1.216834790784693077e+01 1.603935036308208328e-01 -9.970000000000158735e+00 4.000000000000000000e+02 -5.197789410969181567e+00 -2.116050369766065486e+01 4.299999999999999933e-01
-1.216822353391840927e+01 1.604122471812533257e-01 -9.972500000000158238e+00 4.000000000000000000e+02 -5.197694684020513378e+00 -2.116290897071198174e+01 4.149999999999999800e-01
-1.216809947419492310e+01 1.603972804316446121e-01 -9.975000000000157740e+00 4.000000000000000000e+02 -5.197651920497921907e+00 -2.116536620718939332e+01 6.500000000000000222e-01
-1.216797573427358792e+01 1.602933122070396843e-01 -9.977500000000157243e+00 4.000000000000000000e+02 -5.197469212386593540e+00 -2.116768349907806268e+01 5.200000000000000178e-01
-1.216785229601835816e+01 1.603679270671523049e-01 -9.980000000000156746e+00 4.000000000000000000e+02 -5.196874925707144044e+00 -2.116958921239861269e+01 4.199999999999999845e-01
-1.216772910796869311e+01 1.603312054269415421e-01 -9.982500000000156248e+00 4.000000000000000000e+02 -5.196064341272582432e+00 -2.117127862796404969e+01 2.000000000000000111e-01
-1.216760614299416865e+01 1.603884926738202155e-01 -9.985000000000155751e+00 4.000000000000000000e+02 -5.195970692236620891e+00 -2.117368497892809032e+01 1.700000000000000122e-01
-1.216748348862486750e+01 1.603973787184210797e-01 -9.987500000000155254e+00 4.000000000000000000e+02 -5.195783934346954069e+00 -2.117599822103841944e+01 1.760000000000000009e+00
-1.216736113264706098e+01 1.603670457638478875e-01 -9.990000000000154756e+00 4.000000000000000000e+02 -5.195368562349086616e+00 -2.117808284904055682e+01 1.600000000000000089e+00
-1.216723904639270692e+01 1.603419997850824841e-01 -9.992500000000154259e+00 4.000000000000000000e+02 -5.194586808926428212e+00 -2.117980109561789348e+01 1.875000000000000000e+00
-1.216711718459740332e+01 1.603656704636546304e-01 -9.995000000000153761e+00 4.000000000000000000e+02 -5.193337022490503330e+00 -2.118105130918197077e+01 1.639999999999999902e+00
-1.216699548988084345e+01 1.603643846964739050e-01 -9.997500000000153264e+00 4.000000000000000000e+02 -5.193238620457178101e+00 -2.118345290714864149e+01 1.544999999999999929e+00
-1.216687410182996842e+01 1.603621328500254573e-01 -1.000000000000015277e+01 4.000000000000000000e+02 -5.193166409530441285e+00 -2.118588069622190773e+01 1.564999999999999947e+00
-1.216675302280595439e+01 1.603299914064902354e-01 -1.000250000000015227e+01 4.000000000000000000e+02 -5.192727184105574878e+00 -2.118794147079703905e+01 1.604999999999999982e+00
-1.216663220765471642e+01 1.603527756442700014e-01 -1.000500000000015177e+01 4.000000000000000000e+02 -5.192716612842612989e+00 -2.119043089953407843e+01 8.000000000000000167e-02
-1.216651170743029198e+01 1.603195719472247649e-01 -1.000750000000015127e+01 4.000000000000000000e+02 -5.192267864422652757e+00 -2.119248215111411682e+01 1.774999999999999911e+00
-1.216639146860276810e+01 1.603437684866005353e-01 -1.001000000000015078e+01 4.000000000000000000e+02 -5.192220992801378721e+00 -2.119493527949284228e+01 7.099999999999999645e-01
-1.216627153877758793e+01 1.603496956066692292e-01 -1.001250000000015028e+01 4.000000000000000000e+02 -5.191943977758799456e+00 -2.119715826445026252e+01 4.899999999999999911e-01
-1.216615188959207217e+01 1.603165080806469300e-01 -1.001500000000014978e+01 4.000000000000000000e+02 -5.191368572397827563e+00 -2.119908285908929102e+01 1.530000000000000027e+00
-1.216603248473424514e+01 1.603206811867403381e-01 -1.001750000000014929e+01 4.000000000000000000e+02 -5.190773347402984683e+00 -2.120098763409444587e+01 1.024999999999999911e+00
-1.216591332131448766e+01 1.603087454354566732e-01 -1.002000000000014879e+01 4.000000000000000000e+02 -5.190247737461210598e+00 -2.120296202415267217e+01 4.000000000000000083e-02
-1.216579440709394255e+01 1.603265343074875837e-01 -1.002250000000014829e+01 4.000000000000000000e+02 -5.190064337695347696e+00 -2.120527862438680700e+01 1.270000000000000018e+00
-1.216567578212114675e+01 1.603352482105220855e-01 -1.002500000000014779e+01 4.000000000000000000e+02 -5.188773508070903873e+00 -2.120648779476236712e+01 1.054999999999999938e+00
-1.216555731454419131e+01 1.603071749558602210e-01 -1.002750000000014730e+01 4.000000000000000000e+02 -5.188625177867546512e+00 -2.120883946455900571e+01 6.049999999999999822e-01
-1.216543913922003384e+01 1.603338804343643065e-01 -1.003000000000014680e+01 4.000000000000000000e+02 -5.188440658658809213e+00 -2.121115494535026968e+01 1.985000000000000098e+00
-1.216532125112737184e+01 1.602955454646614319e-01 -1.003250000000014630e+01 4.000000000000000000e+02 -5.186876860246108834e+00 -2.121209114693756703e+01 5.949999999999999734e-01
-1.216520348722654887e+01 1.602655164914671970e-01 -1.003500000000014580e+01 4.000000000000000000e+02 -5.186217890537763608e+00 -2.121393217722922486e+01 1.435000000000000053e+00
-1.216508595376165403e+01 1.602272267288048779e-01 -1.003750000000014531e+01 4.000000000000000000e+02 -5.186085692700550531e+00 -2.121629997939200862e+01 1.540000000000000036e+00
-1.216496871202707020e+01 1.601850496369432997e-01 -1.004000000000014481e+01 4.000000000000000000e+02 -5.186007555908640043e+00 -2.121872184260009675e+01 2.049999999999999878e-01
-1.216485176758655662e+01 1.602524050217988827e-01 -1.004250000000014431e+01 4.000000000000000000e+02 -5.185828581797728987e+00 -2.122104286848918520e+01 1.649999999999999911e+00
-1.216473510788925161e+01 1.602878093154083972e-01 -1.004500000000014381e+01 4.000000000000000000e+02 -5.185392388848908851e+00 -2.122310667554036456e+01 8.149999999999999467e-01
-1.216461870227262487e+01 1.602956880838894149e-01 -1.004750000000014332e+01 4.000000000000000000e+02 -5.185284980453711334e+00 -2.122549926714516744e+01 1.469999999999999973e+00
-1.216450258833434894e+01 1.603834541481955200e-01 -1.005000000000014282e+01 4.000000000000000000e+02 -5.185258239764207744e+00 -2.122797252645566601e+01 1.469999999999999973e+00
-1.216438677465208329e+01 1.604018500787944002e-01 -1.005250000000014232e+01 4.000000000000000000e+02 -5.185182489219657853e+00 -2.123039677591111030e+01 9.050000000000000266e-01
-1.216427125475361848e+01 1.603377012792010781e-01 -1.005500000000014182e+01 4.000000000000000000e+02 -5.184790471749650465e+00 -2.123250475844110596e+01 1.584999999999999964e+00
-1.216415599141379111e+01 1.602970673711727467e-01 -1.005750000000014133e+01 4.000000000000000000e+02 -5.184430183364104217e+00 -2.123464447005555655e+01 3.150000000000000022e-01
-1.216404098768214759e+01 1.603467067906533539e-01 -1.006000000000014083e+01 4.000000000000000000e+02 -5.183878408028192553e+00 -2.123659269471964706e+01 1.344999999999999973e+00
-1.216392622097125553e+01 1.603397253234879472e-01 -1.006250000000014033e+01 4.000000000000000000e+02 -5.183742324735798768e+00 -2.123895661142725189e+01 1.060000000000000053e+00
-1.216381173836217933e+01 1.603175564210638504e-01 -1.006500000000013983e+01 4.000000000000000000e+02 -5.182699808449611645e+00 -2.124041409514106604e+01 1.560000000000000053e+00
-1.216369743556425931e+01 1.602980611005423439e-01 -1.006750000000013934e+01 4.000000000000000000e+02 -5.182439569230432141e+00 -2.124265385592188338e+01 1.455000000000000071e+00
-1.216358340151060702e+01 1.603925414922942327e-01 -1.007000000000013884e+01 4.000000000000000000e+02 -5.182430982458106072e+00 -2.124514526914956036e+01 1.929999999999999938e+00
-1.216346966416307929e+01 1.603555181083546333e-01 -1.007250000000013834e+01 4.000000000000000000e+02 -5.182388191030486091e+00 -2.124760247772193722e+01 8.900000000000000133e-01
-1.216335621883599138e+01 1.602627956638114359e-01 -1.007500000000013785e+01 4.000000000000000000e+02 -5.182334019150704130e+00 -2.125004830584215654e+01 1.165000000000000036e+00
-1.216324306345890172e+01 1.602619434454235492e-01 -1.007750000000013735e+01 4.000000000000000000e+02 -5.182062230660267055e+00 -2.125227651735171719e+01 2.849999999999999756e-01
-1.216313017269521168e+01 1.603032294246017342e-01 -1.008000000000013685e+01 4.000000000000000000e+02 -5.181853291184427057e+00 -2.125456757787587847e+01 1.445000000000000062e+00
-1.216301755297421927e+01 1.603136887939299038e-01 -1.008250000000013635e+01 4.000000000000000000e+02 -5.181767893449602980e+00 -2.125698218014105123e+01 1.195000000000000062e+00
-1.216290521749295728e+01 1.603619118489603423e-01 -1.008500000000013586e+01 4.000000000000000000e+02 -5.181061897279371387e+00 -2.125877618397082003e+01 1.554999999999999938e+00
-1.216279309594525415e+01 1.603837562790047244e-01 -1.008750000000013536e+01 4.000000000000000000e+02 -5.180292079147072570e+00 -2.126050636583851983e+01 1.760000000000000009e+00
-1.216268118075775639e+01 1.604012775591221185e-01 -1.009000000000013486e+01 4.000000000000000000e+02 -5.180087123570100260e+00 -2.126280141026154880e+01 1.330000000000000071e+00
-1.216256953460664825e+01 1.604294010968089490e-01 -1.009250000000013436e+01 4.000000000000000000e+02 -5.179803862467841746e+00 -2.126501814915928890e+01 1.500000000000000000e+00
-1.216245814809390424e+01 1.605528200074420597e-01 -1.009500000000013387e+01 4.000000000000000000e+02 -5.179037496052458778e+00 -2.126675178274390632e+01 1.145000000000000018e+00
-1.216234696689063277e+01 1.606533196117444218e-01 -1.009750000000013337e+01 4.000000000000000000e+02 -5.178692075533674277e+00 -2.126890636222512043e+01 2.800000000000000266e-01
-1.216223603729823566e+01 1.606838145492224534e-01 -1.010000000000013287e+01 4.000000000000000000e+02 -5.178433619791444897e+00 -2.127114790648289144e+01 2.800000000000000266e-01
-1.216212536834367341e+01 1.606620650615050439e-01 -1.010250000000013237e+01 4.000000000000000000e+02 -5.178282662315832674e+00 -2.127349694900727783e+01 1.340000000000000080e+00
-1.216201497125329212e+01 1.606391923734612481e-01 -1.010500000000013188e+01 4.000000000000000000e+02 -5.177936430205533291e+00 -2.127565071689697973e+01 1.159999999999999920e+00
-1.216190482382362781e+01 1.606772851918700229e-01 -1.010750000000013138e+01 4.000000000000000000e+02 -5.176988810193712709e+00 -2.127720309688515599e+01 3.800000000000000044e-01
-1.216179485935488636e+01 1.606604958614548939e-01 -1.011000000000013088e+01 4.000000000000000000e+02 -5.176915897704119196e+00 -2.127963018439556464e+01 7.349999999999999867e-01
-1.216168517350283729e+01 1.606131864064568593e-01 -1.011250000000013038e+01 4.000000000000000000e+02 -5.176215030027687902e+00 -2.128142931671913018e+01 1.245000000000000107e+00
-1.216157569680998840e+01 1.605814456239224586e-01 -1.011500000000012989e+01 4.000000000000000000e+02 -5.176193754639812461e+00 -2.128390804133125513e+01 1.574999999999999956e+00
-1.216146650308304622e+01 1.605597542764757024e-01 -1.011750000000012939e+01 4.000000000000000000e+02 -5.175038567706444326e+00 -2.128525285439788561e+01 5.200000000000000178e-01
-1.216135746800050654e+01 1.606082348405772076e-01 -1.012000000000012889e+01 4.000000000000000000e+02 -5.173633250422647656e+00 -2.128634753711408933e+01 1.185000000000000053e+00
-1.216124856407933308e+01 1.606206513939684999e-01 -1.012250000000012840e+01 4.000000000000000000e+02 -5.173509546900324274e+00 -2.128872383359176368e+01 1.814999999999999947e+00
-1.216113993045551744e+01 1.606445894875980218e-01 -1.012500000000012790e+01 4.000000000000000000e+02 -5.172772309345194053e+00 -2.129048659603663651e+01 7.550000000000000044e-01
-1.216103149992712140e+01 1.606876538086404460e-01 -1.012750000000012740e+01 4.000000000000000000e+02 -5.172183038547090383e+00 -2.129239732523852879e+01 1.770000000000000018e+00
-1.216092328810456102e+01 1.607241100647776866e-01 -1.013000000000012690e+01 4.000000000000000000e+02 -5.172172301445691289e+00 -2.129488658813713187e+01 1.100000000000000089e+00
-1.216081535697959559e+01 1.607419966039808079e-01 -1.013250000000012641e+01 4.000000000000000000e+02 -5.172114448220871630e+00 -2.129732873491230905e+01 1.000000000000000021e-02
-1.216070770072197682e+01 1.606814700757230596e-01 -1.013500000000012591e+01 4.000000000000000000e+02 -5.171915372742169836e+00 -2.129962965943360942e+01 1.284999999999999920e+00
-1.216060030343722254e+01 1.606298269347209706e-01 -1.013750000000012541e+01 4.000000000000000000e+02 -5.171393528829522523e+00 -2.130160781552095983e+01 1.879999999999999893e+00
-1.216049312988984710e+01 1.606965490973098487e-01 -1.014000000000012491e+01 4.000000000000000000e+02 -5.171216156827036947e+00 -2.130393044351847465e+01 1.600000000000000089e+00
-1.216038621642290352e+01 1.606312803532617128e-01 -1.014250000000012442e+01 4.000000000000000000e+02 -5.170219078976707294e+00 -2.130543336566814361e+01 1.125000000000000000e+00
-1.216027947492142580e+01 1.606327697384173081e-01 -1.014500000000012392e+01 4.000000000000000000e+02 -5.168876579826710227e+00 -2.130659086651814960e+01 1.620000000000000107e+00
-1.216017286827461952e+01 1.606791082763904255e-01 -1.014750000000012342e+01 4.000000000000000000e+02 -5.168499078657491808e+00 -2.130871336534892890e+01 1.040000000000000036e+00
-1.216006649898798564e+01 1.607525133716614929e-01 -1.015000000000012292e+01 4.000000000000000000e+02 -5.168441794456443361e+00 -2.131115608114787818e+01 1.939999999999999947e+00
-1.215996040048605842e+01 1.607482166200233653e-01 -1.015250000000012243e+01 4.000000000000000000e+02 -5.168278091334743252e+00 -2.131349237802617580e+01 1.189999999999999947e+00
-1.215985456078872851e+01 1.607523255775266113e-01 -1.015500000000012193e+01 4.000000000000000000e+02 -5.167257610400116441e+00 -2.131497189709155293e+01 1.975000000000000089e+00
-1.215974888874349524e+01 1.607601381397274487e-01 -1.015750000000012143e+01 4.000000000000000000e+02 -5.167067862225516173e+00 -2.131728214891694861e+01 9.200000000000000400e-01
-1.215964347167230031e+01 1.607762193388212746e-01 -1.016000000000012093e+01 4.000000000000000000e+02 -5.167003450732942760e+00 -2.131971773742437648e+01 1.885000000000000009e+00
-1.215953832211237007e+01 1.607594137327874317e-01 -1.016250000000012044e+01 4.000000000000000000e+02 -5.166285430870694917e+00 -2.132149971756212636e+01 1.129999999999999893e+00
-1.215943337078578068e+01 1.607509250592220607e-01 -1.016500000000011994e+01 4.000000000000000000e+02 -5.165520291484706483e+00 -2.132323457817614099e+01 8.699999999999999956e-01
-1.215932861236227502e+01 1.607458827598110263e-01 -1.016750000000011944e+01 4.000000000000000000e+02 -5.165401888468531766e+00 -2.132561617515996488e+01 1.489999999999999991e+00
-1.215922411406831216e+01 1.607750787937935466e-01 -1.017000000000011894e+01 4.000000000000000000e+02 -5.165138609599275732e+00 -2.132785289629070746e+01 9.599999999999999645e-01
-1.215911986012887702e+01 1.607889925237518947e-01 -1.017250000000011845e+01 4.000000000000000000e+02 -5.165039987421176981e+00 -2.133025427411260821e+01 1.850000000000000089e+00
-1.215901586707086857e+01 1.608110509482658657e-01 -1.017500000000011795e+01 4.000000000000000000e+02 -5.164959589614376512e+00 -2.133267387630580814e+01 9.499999999999999556e-01
-1.215891213610479049e+01 1.608055859808090182e-01 -1.017750000000011745e+01 4.000000000000000000e+02 -5.164802122518387328e+00 -2.133501640920981757e+01 1.514999999999999902e+00
-1.215880865856879289e+01 1.608349900904595120e-01 -1.018000000000011696e+01 4.000000000000000000e+02 -5.164099508456650334e+00 -2.133681379514808185e+01 6.800000000000000488e-01
-1.215870537753248826e+01 1.608408920448207713e-01 -1.018250000000011646e+01 4.000000000000000000e+02 -5.163941832742433569e+00 -2.133915611943386281e+01 2.000000000000000111e-01
-1.215860234875923140e+01 1.608427769547513819e-01 -1.018500000000011596e+01 4.000000000000000000e+02 -5.163687525428962033e+00 -2.134140181212039167e+01 5.550000000000000488e-01
-1.215849956167548740e+01 1.608010611738958928e-01 -1.018750000000011546e+01 4.000000000000000000e+02 -5.163673034415034557e+00 -2.134388732110646103e+01 2.000000000000000042e-02
-1.215839704027752610e+01 1.608098946229274684e-01 -1.019000000000011497e+01 4.000000000000000000e+02 -5.162874350392989697e+00 -2.134558863708441834e+01 9.000000000000000222e-01
-1.215829470363534703e+01 1.607946987550665507e-01 -1.019250000000011447e+01 4.000000000000000000e+02 -5.162767490949800475e+00 -2.134798177764122684e+01 7.199999999999999734e-01
-1.215819262204052542e+01 1.607915789646609805e-01 -1.019500000000011397e+01 4.000000000000000000e+02 -5.162581605795562467e+00 -2.135029589248699011e+01 1.020000000000000018e+00
-1.215809078678461042e+01 1.607613868722527484e-01 -1.019750000000011347e+01 4.000000000000000000e+02 -5.162132394664604718e+00 -2.135234668135603187e+01 1.429999999999999938e+00
-1.215798917049482597e+01 1.607399051395834999e-01 -1.020000000000011298e+01 4.000000000000000000e+02 -5.161410536512288871e+00 -2.135412482320371552e+01 2.849999999999999756e-01
-1.215788774502999381e+01 1.607686894549418266e-01 -1.020250000000011248e+01 4.000000000000000000e+02 -5.161280230271311886e+00 -2.135649451696273715e+01 1.399999999999999911e+00
-1.215778656987749606e+01 1.607560972568718993e-01 -1.020500000000011198e+01 4.000000000000000000e+02 -5.160453720445112857e+00 -2.135816800713653763e+01 9.350000000000000533e-01
-1.215768557410874706e+01 1.607676849729480495e-01 -1.020750000000011148e+01 4.000000000000000000e+02 -5.160416249387537846e+00 -2.136063053607896123e+01 2.300000000000000100e-01
-1.215758483690055058e+01 1.607379072566911260e-01 -1.021000000000011099e+01 4.000000000000000000e+02 -5.159674452456440186e+00 -2.136238873914786396e+01 6.800000000000000488e-01
-1.215748428677345316e+01 1.607152269663752742e-01 -1.021250000000011049e+01 4.000000000000000000e+02 -5.159237567457363838e+00 -2.136445185414878623e+01 1.715000000000000080e+00
-1.215738395395706739e+01 1.607372921051751502e-01 -1.021500000000010999e+01 4.000000000000000000e+02 -5.158954536385983225e+00 -2.136666882307740778e+01 1.655000000000000027e+00
-1.215728385336129058e+01 1.607330610386067116e-01 -1.021750000000010949e+01 4.000000000000000000e+02 -5.158488581303233289e+00 -2.136870286799465646e+01 3.200000000000000067e-01
-1.215718396615629615e+01 1.607186117294346350e-01 -1.022000000000010900e+01 4.000000000000000000e+02 -5.158360524162024063e+00 -2.137107481085344673e+01 1.070000000000000062e+00
-1.215708432553831209e+01 1.607374924218187284e-01 -1.022250000000010850e+01 4.000000000000000000e+02 -5.158286744044946026e+00 -2.137350103073636731e+01 1.639999999999999902e+00
-1.215698493626855381e+01 1.607088868647648106e-01 -1.022500000000010800e+01 4.000000000000000000e+02 -5.157015111829676535e+00 -2.137472939852109732e+01 1.080000000000000071e+00
-1.215688567886948412e+01 1.607600657027130897e-01 -1.022750000000010751e+01 4.000000000000000000e+02 -5.156773852820033532e+00 -2.137698813951145382e+01 7.449999999999999956e-01
-1.215678665523190105e+01 1.607430946818874939e-01 -1.023000000000010701e+01 4.000000000000000000e+02 -5.156532804164775108e+00 -2.137924709085619668e+01 1.504999999999999893e+00
-1.215668786480298813e+01 1.607441681432665026e-01 -1.023250000000010651e+01 4.000000000000000000e+02 -5.156133101091853632e+00 -2.138134738778327204e+01 1.209999999999999964e+00
-1.215658929137346256e+01 1.607822219950018616e-01 -1.023500000000010601e+01 4.000000000000000000e+02 -5.154344946322892085e+00 -2.138205923301431000e+01 1.014999999999999902e+00
-1.215649079779339026e+01 1.607605380042684828e-01 -1.023750000000010552e+01 4.000000000000000000e+02 -5.153237231254336415e+00 -2.138345151794575472e+01 6.750000000000000444e-01
-1.215639245092882348e+01 1.608025691897280729e-01 -1.024000000000010502e+01 4.000000000000000000e+02 -5.153224647330554298e+00 -2.138593893402197210e+01 1.824999999999999956e+00
-1.215629435802497937e+01 1.608602710893756449e-01 -1.024250000000010452e+01 4.000000000000000000e+02 -5.153184041130483450e+00 -2.138839832782189987e+01 5.000000000000000278e-02
-1.215619651565964787e+01 1.608707875904395734e-01 -1.024500000000010402e+01 4.000000000000000000e+02 -5.152896162500901767e+00 -2.139061044919231946e+01 3.900000000000000133e-01
-1.215609889903477558e+01 1.609570119690887369e-01 -1.024750000000010353e+01 4.000000000000000000e+02 -5.152662034914592404e+00 -2.139287632160600694e+01 1.745000000000000107e+00
-1.215600151284207264e+01 1.608941225713587664e-01 -1.025000000000010303e+01 4.000000000000000000e+02 -5.152515750722653110e+00 -2.139523003741406981e+01 4.249999999999999889e-01
-1.215590436504897731e+01 1.609604863497671456e-01 -1.025250000000010253e+01 4.000000000000000000e+02 -5.152337523940355268e+00 -2.139755181063176792e+01 1.250000000000000000e+00
-1.215580745195336121e+01 1.609607169768502433e-01 -1.025500000000010203e+01 4.000000000000000000e+02 -5.152231033711047736e+00 -2.139994532040246256e+01 1.455000000000000071e+00
-1.215571077990039583e+01 1.610173270402071588e-01 -1.025750000000010154e+01 4.000000000000000000e+02 -5.151574438349738827e+00 -2.140178872504115049e+01 1.060000000000000053e+00
-1.215561429520777281e+01 1.610742575915463937e-01 -1.026000000000010104e+01 4.000000000000000000e+02 -5.150325270240009523e+00 -2.140303955693142512e+01 5.949999999999999734e-01
-1.215551794041678590e+01 1.610570669008421218e-01 -1.026250000000010054e+01 4.000000000000000000e+02 -5.149773207430594191e+00 -2.140498749412200752e+01 2.650000000000000133e-01
-1.215542178239246240e+01 1.610141016956685434e-01 -1.026500000000010004e+01 4.000000000000000000e+02 -5.149618616826733941e+00 -2.140733290351814588e+01 1.304999999999999938e+00
-1.215532585884681360e+01 1.609087143667194963e-01 -1.026750000000009955e+01 4.000000000000000000e+02 -5.149373049824379933e+00 -2.140958733651579138e+01 8.399999999999999689e-01
-1.215523016048018157e+01 1.608622043225887421e-01 -1.027000000000009905e+01 4.000000000000000000e+02 -5.148920942354063612e+00 -2.141163522904547634e+01 1.320000000000000062e+00
-1.215513466702220313e+01 1.608341919731760827e-01 -1.027250000000009855e+01 4.000000000000000000e+02 -5.148909012725175316e+00 -2.141412329941658754e+01 1.389999999999999902e+00
-1.215503941994751003e+01 1.608567002089635600e-01 -1.027500000000009805e+01 4.000000000000000000e+02 -5.148853437109269571e+00 -2.141656772380068219e+01 1.129999999999999893e+00
-1.215494441445070883e+01 1.608436379835490870e-01 -1.027750000000009756e+01 4.000000000000000000e+02 -5.148045213396143183e+00 -2.141825950008755086e+01 1.580000000000000071e+00
-1.215484957854839010e+01 1.608034991031832839e-01 -1.028000000000009706e+01 4.000000000000000000e+02 -5.147879069286632081e+00 -2.142059335597804193e+01 1.199999999999999956e-01
-1.215475497268289828e+01 1.608346303639355823e-01 -1.028250000000009656e+01 4.000000000000000000e+02 -5.147842041484795850e+00 -2.142305632817620520e+01 1.965000000000000080e+00
-1.215466060845873564e+01 1.608554933351502014e-01 -1.028500000000009607e+01 4.000000000000000000e+02 -5.147515269475073652e+00 -2.142522955616648517e+01 1.499999999999999944e-01
-1.215456645796166590e+01 1.609576830166758454e-01 -1.028750000000009557e+01 4.000000000000000000e+02 -5.147451559657850062e+00 -2.142766584634925664e+01 2.500000000000000000e-01
-1.215447254539449595e+01 1.609795335887916901e-01 -1.029000000000009507e+01 4.000000000000000000e+02 -5.146955314905543588e+00 -2.142966960159695233e+01 2.550000000000000044e-01
-1.215437882960900318e+01 1.609894546310020325e-01 -1.029250000000009457e+01 4.000000000000000000e+02 -5.146088334159014011e+00 -2.143130262085042048e+01 6.850000000000000533e-01
-1.215428527549864590e+01 1.609652632071732203e-01 -1.029500000000009408e+01 4.000000000000000000e+02 -5.145873549303105143e+00 -2.143358783599451201e+01 1.879999999999999893e+00
-1.215419194365707689e+01 1.609697573773637702e-01 -1.029750000000009358e+01 4.000000000000000000e+02 -5.145319153464948059e+00 -2.143553344015635531e+01 1.459999999999999964e+00
-1.215409880191043612e+01 1.610942076373218512e-01 -1.030000000000009308e+01 4.000000000000000000e+02 -5.145272019940143160e+00 -2.143798630663155080e+01 1.429999999999999938e+00
-1.215400589699082268e+01 1.611480715269860975e-01 -1.030250000000009258e+01 4.000000000000000000e+02 -5.145151441946199000e+00 -2.144036572863760171e+01 6.400000000000000133e-01
-1.215391322146821196e+01 1.611358941680098855e-01 -1.030500000000009209e+01 4.000000000000000000e+02 -5.144821342622864613e+00 -2.144253562931427126e+01 2.999999999999999889e-01
-1.215382075538431472e+01 1.611005498527690871e-01 -1.030750000000009159e+01 4.000000000000000000e+02 -5.144260997073637931e+00 -2.144447528376504053e+01 1.219999999999999973e+00
-1.215372847700319348e+01 1.611027821906713953e-01 -1.031000000000009109e+01 4.000000000000000000e+02 -5.143551891310351287e+00 -2.144626617800175694e+01 4.899999999999999911e-01
-1.215363637222667492e+01 1.612139572825667944e-01 -1.031250000000009059e+01 4.000000000000000000e+02 -5.142628326952896956e+00 -2.144784261364429767e+01 1.854999999999999982e+00
-1.215354442099549992e+01 1.613178323604578523e-01 -1.031500000000009010e+01 4.000000000000000000e+02 -5.142458566949660970e+00 -2.145017285364106385e+01 2.300000000000000100e-01
-1.215345269220806657e+01 1.613020733859434896e-01 -1.031750000000008960e+01 4.000000000000000000e+02 -5.142398367678640447e+00 -2.145261265437004283e+01 1.209999999999999964e+00
-1.215336119533047565e+01 1.612894505360119024e-01 -1.032000000000008910e+01 4.000000000000000000e+02 -5.142285851885608494e+00 -2.145500013857701305e+01 3.950000000000000178e-01
-1.215326992498066794e+01 1.613210686609976019e-01 -1.032250000000008860e+01 4.000000000000000000e+02 -5.142218405692395855e+00 -2.145743269238379725e+01 1.185000000000000053e+00
-1.215317888468026375e+01 1.612682189685170353e-01 -1.032500000000008811e+01 4.000000000000000000e+02 -5.142104624951773673e+00 -2.145981891164317545e+01 8.900000000000000133e-01
-1.215308806962096888e+01 1.612470956784391729e-01 -1.032750000000008761e+01 4.000000000000000000e+02 -5.141968919690098616e+00 -2.146218320638149635e+01 1.679999999999999938e+00
-1.215299747723905632e+01 1.613161744431370614e-01 -1.033000000000008711e+01 4.000000000000000000e+02 -5.141687085157330195e+00 -2.146440137184873009e+01 9.300000000000000488e-01
-1.215290709376231604e+01 1.613136728036174972e-01 -1.033250000000008662e+01 4.000000000000000000e+02 -5.141243892658295067e+00 -2.146645817934969358e+01 1.699999999999999956e+00
-1.215281690413921467e+01 1.613274643216811854e-01 -1.033500000000008612e+01 4.000000000000000000e+02 -5.140759420344611641e+00 -2.146847370703601143e+01 7.399999999999999911e-01
-1.215272690422161439e+01 1.613114506990515618e-01 -1.033750000000008562e+01 4.000000000000000000e+02 -5.140407487601303949e+00 -2.147062177429270236e+01 1.439999999999999947e+00
-1.215263710549560905e+01 1.613665104232778480e-01 -1.034000000000008512e+01 4.000000000000000000e+02 -5.140124992323250375e+00 -2.147283927901465006e+01 6.450000000000000178e-01
-1.215254751371439745e+01 1.614423536497518463e-01 -1.034250000000008463e+01 4.000000000000000000e+02 -5.139812821777383078e+00 -2.147502710846877960e+01 1.415000000000000036e+00
-1.215245812573013851e+01 1.614741466093838618e-01 -1.034500000000008413e+01 4.000000000000000000e+02 -5.139565347647906179e+00 -2.147727963433930398e+01 2.000000000000000042e-02
-1.215236894683057933e+01 1.615033795790079274e-01 -1.034750000000008363e+01 4.000000000000000000e+02 -5.139535280888908986e+00 -2.147974956758030629e+01 7.449999999999999956e-01
-1.215227999584791796e+01 1.614453298081362231e-01 -1.035000000000008313e+01 4.000000000000000000e+02 -5.139318342201803169e+00 -2.148203262889320087e+01 3.150000000000000022e-01
-1.215219125559868907e+01 1.614533684827617610e-01 -1.035250000000008264e+01 4.000000000000000000e+02 -5.138419441050548819e+00 -2.148363372774194247e+01 1.965000000000000080e+00
-1.215210266517293647e+01 1.614953570203039313e-01 -1.035500000000008214e+01 4.000000000000000000e+02 -5.137907324262911857e+00 -2.148562161095430767e+01 1.774999999999999911e+00
-1.215201425850388794e+01 1.614843694102172378e-01 -1.035750000000008164e+01 4.000000000000000000e+02 -5.137799457211419174e+00 -2.148801374390281183e+01 1.489999999999999991e+00
-1.215192607084966525e+01 1.615087992619247681e-01 -1.036000000000008114e+01 4.000000000000000000e+02 -5.136629479532858866e+00 -2.148934376622425191e+01 1.114999999999999991e+00
-1.215183800816990534e+01 1.615230400407186850e-01 -1.036250000000008065e+01 4.000000000000000000e+02 -5.136269778993468371e+00 -2.149148406568486180e+01 1.185000000000000053e+00
-1.215175014149859578e+01 1.615352120105880140e-01 -1.036500000000008015e+01 4.000000000000000000e+02 -5.135954795428926190e+00 -2.149366908212032001e+01 1.344999999999999973e+00
-1.215166247430242841e+01 1.615750536226222833e-01 -1.036750000000007965e+01 4.000000000000000000e+02 -5.135649681530531474e+00 -2.149586396822192214e+01 1.554999999999999938e+00
-1.215157500697436532e+01 1.615532939216126340e-01 -1.037000000000007915e+01 4.000000000000000000e+02 -5.135619215482223332e+00 -2.149833350217361527e+01 7.950000000000000400e-01
-1.215148776300493161e+01 1.615115247408757670e-01 -1.037250000000007866e+01 4.000000000000000000e+02 -5.135199732959795149e+00 -2.150041401965118482e+01 1.594999999999999973e+00
-1.215140070794654825e+01 1.615559165508640982e-01 -1.037500000000007816e+01 4.000000000000000000e+02 -5.134577214505716469e+00 -2.150229150119710653e+01 9.699999999999999734e-01
-1.215131382373571078e+01 1.616275463578298599e-01 -1.037750000000007766e+01 4.000000000000000000e+02 -5.134398366427650906e+00 -2.150461265311903958e+01 1.499999999999999944e-02
-1.215122714848443408e+01 1.616226346594216434e-01 -1.038000000000007716e+01 4.000000000000000000e+02 -5.134297186105588828e+00 -2.150701147279697878e+01 1.790000000000000036e+00
-1.215114068838724926e+01 1.615887222939230983e-01 -1.038250000000007667e+01 4.000000000000000000e+02 -5.134158601893785701e+00 -2.150937288858517604e+01 1.100000000000000089e+00
-1.215105443966570853e+01 1.616229590338091049e-01 -1.038500000000007617e+01 4.000000000000000000e+02 -5.133624990663692600e+00 -2.151133927735508422e+01 4.199999999999999845e-01
-1.215096836779234302e+01 1.615901811099014762e-01 -1.038750000000007567e+01 4.000000000000000000e+02 -5.133049783209682637e+00 -2.151326406990106932e+01 1.084999999999999964e+00
-1.215088246881651735e+01 1.616263547117057497e-01 -1.039000000000007518e+01 4.000000000000000000e+02 -5.132552086236805700e+00 -2.151526637292819544e+01 7.500000000000000000e-01
-1.215079674902026952e+01 1.617150622371997248e-01 -1.039250000000007468e+01 4.000000000000000000e+02 -5.132528510680040235e+00 -2.151774279737142592e+01 1.415000000000000036e+00
-1.215071124856001106e+01 1.617531924796341558e-01 -1.039500000000007418e+01 4.000000000000000000e+02 -5.132403269361288878e+00 -2.152011755605267496e+01 8.000000000000000167e-02
-1.215062595818553248e+01 1.617621535416306211e-01 -1.039750000000007368e+01 4.000000000000000000e+02 -5.131738141481892335e+00 -2.152195242817327880e+01 1.239999999999999991e+00
-1.215054083141833452e+01 1.617747419956497845e-01 -1.040000000000007319e+01 4.000000000000000000e+02 -5.131737650961188280e+00 -2.152445193765257514e+01 1.895000000000000018e+00
-1.215045592437944322e+01 1.617948439569268093e-01 -1.040250000000007269e+01 4.000000000000000000e+02 -5.131488471159308951e+00 -2.152670275785069265e+01 7.149999999999999689e-01
-1.215037121542041554e+01 1.617842765694559315e-01 -1.040500000000007219e+01 4.000000000000000000e+02 -5.130968521591350751e+00 -2.152868280828273839e+01 1.965000000000000080e+00
-1.215028668117717814e+01 1.617797691110571812e-01 -1.040750000000007169e+01 4.000000000000000000e+02 -5.130841550274165996e+00 -2.153105583696554959e+01 3.150000000000000022e-01
-1.215020235441834728e+01 1.618057100286976746e-01 -1.041000000000007120e+01 4.000000000000000000e+02 -5.130749161996068786e+00 -2.153346344868745277e+01 9.899999999999999911e-01
-1.215011823752617737e+01 1.618375161483578961e-01 -1.041250000000007070e+01 4.000000000000000000e+02 -5.130129219359949921e+00 -2.153534350605133341e+01 1.764999999999999902e+00
-1.215003428568515886e+01 1.618216405488652754e-01 -1.041500000000007020e+01 4.000000000000000000e+02 -5.130012862269768270e+00 -2.153772714896115303e+01 2.700000000000000178e-01
-1.214995054073921743e+01 1.618076268096687031e-01 -1.041750000000006970e+01 4.000000000000000000e+02 -5.129965070597070742e+00 -2.154017935728845146e+01 5.200000000000000178e-01
-1.214986700788863061e+01 1.617897529659555189e-01 -1.042000000000006921e+01 4.000000000000000000e+02 -5.129666003910847927e+00 -2.154238029060223170e+01 1.514999999999999902e+00
-1.214978366564026757e+01 1.617886973147430185e-01 -1.042250000000006871e+01 4.000000000000000000e+02 -5.128931965715509911e+00 -2.154414625240688963e+01 1.699999999999999956e+00
-1.214970047736823311e+01 1.617511475435908230e-01 -1.042500000000006821e+01 4.000000000000000000e+02 -5.128540043270063187e+00 -2.154625432996144596e+01 9.899999999999999911e-01
-1.214961747117668445e+01 1.617588236852827155e-01 -1.042750000000006771e+01 4.000000000000000000e+02 -5.128478835754448184e+00 -2.154869312244582602e+01 1.699999999999999956e+00
-1.214953467403766929e+01 1.617225487051105748e-01 -1.043000000000006722e+01 4.000000000000000000e+02 -5.128321018545502596e+00 -2.155103530523688349e+01 5.000000000000000278e-02
-1.214945207742852418e+01 1.616916181234798744e-01 -1.043250000000006672e+01 4.000000000000000000e+02 -5.127753364750644138e+00 -2.155296765144202453e+01 1.304999999999999938e+00
-1.214936964707241174e+01 1.617137670957604356e-01 -1.043500000000006622e+01 4.000000000000000000e+02 -5.127653587354374487e+00 -2.155536787404575350e+01 1.879999999999999893e+00
-1.214928742110004123e+01 1.617141420467275159e-01 -1.043750000000006573e+01 4.000000000000000000e+02 -5.126538950089118529e+00 -2.155675323678049438e+01 7.349999999999999867e-01
-1.214920531570812301e+01 1.616950838330371010e-01 -1.044000000000006523e+01 4.000000000000000000e+02 -5.126495676853811467e+00 -2.155920996354518948e+01 1.004999999999999893e+00
-1.214912341849510113e+01 1.617198335021121369e-01 -1.044250000000006473e+01 4.000000000000000000e+02 -5.126194416531654419e+00 -2.156140870322303016e+01 1.135000000000000009e+00
-1.214904170783943904e+01 1.616072378488471462e-01 -1.044500000000006423e+01 4.000000000000000000e+02 -5.125900253924990047e+00 -2.156361454061636707e+01 1.125000000000000000e+00
-1.214896018387958954e+01 1.615984617816592639e-01 -1.044750000000006374e+01 4.000000000000000000e+02 -5.125881959049223724e+00 -2.156609624574059936e+01 1.955000000000000071e+00
-1.214887886860825539e+01 1.616141123281951419e-01 -1.045000000000006324e+01 4.000000000000000000e+02 -5.125774624729650952e+00 -2.156848891142102786e+01 6.500000000000000222e-01
-1.214879775425256270e+01 1.615630340755933037e-01 -1.045250000000006274e+01 4.000000000000000000e+02 -5.125756932900808138e+00 -2.157097121959218100e+01 1.514999999999999902e+00
-1.214871684755255643e+01 1.616080050902675980e-01 -1.045500000000006224e+01 4.000000000000000000e+02 -5.125490430703295353e+00 -2.157320471739467038e+01 1.834999999999999964e+00
-1.214863612787931224e+01 1.616498360056377592e-01 -1.045750000000006175e+01 4.000000000000000000e+02 -5.125311161083915046e+00 -2.157552544777528780e+01 1.790000000000000036e+00
-1.214855560180996896e+01 1.616344422021266658e-01 -1.046000000000006125e+01 4.000000000000000000e+02 -5.125217445886296908e+00 -2.157793173257767094e+01 1.854999999999999982e+00
-1.214847527573690833e+01 1.616400731529216706e-01 -1.046250000000006075e+01 4.000000000000000000e+02 -5.124674202612553131e+00 -2.157988848930392578e+01 5.400000000000000355e-01
-1.214839511312160703e+01 1.616181209471228009e-01 -1.046500000000006025e+01 4.000000000000000000e+02 -5.124507199196841611e+00 -2.158222148588821554e+01 1.060000000000000053e+00
-1.214831514371051391e+01 1.616091487295067963e-01 -1.046750000000005976e+01 4.000000000000000000e+02 -5.124391219736978087e+00 -2.158460550642834974e+01 7.550000000000000044e-01
-1.214823537109283791e+01 1.616074638254260953e-01 -1.047000000000005926e+01 4.000000000000000000e+02 -5.124387573844127353e+00 -2.158710186053550117e+01 3.099999999999999978e-01
-1.214815580370689396e+01 1.616730129975564867e-01 -1.047250000000005876e+01 4.000000000000000000e+02 -5.124299463321976056e+00 -2.158951375001334583e+01 1.350000000000000089e+00
-1.214807643430505557e+01 1.616948339988863725e-01 -1.047500000000005826e+01 4.000000000000000000e+02 -5.123463223642306552e+00 -2.159117751033367938e+01 3.850000000000000089e-01
-1.214799720312839426e+01 1.617260636579115896e-01 -1.047750000000005777e+01 4.000000000000000000e+02 -5.123160205987757010e+00 -2.159337449267912490e+01 1.514999999999999902e+00
-1.214791815208658932e+01 1.617278803821487754e-01 -1.048000000000005727e+01 4.000000000000000000e+02 -5.123045372236306072e+00 -2.159575965892767613e+01 5.999999999999999778e-02
-1.214783929559624021e+01 1.617599427222797537e-01 -1.048250000000005677e+01 4.000000000000000000e+02 -5.122655119762771214e+00 -2.159786940645414077e+01 1.104999999999999982e+00
-1.214776061149601816e+01 1.618679194355902573e-01 -1.048500000000005627e+01 4.000000000000000000e+02 -5.122617969009551686e+00 -2.160033225570091986e+01 1.655000000000000027e+00
-1.214768212711231321e+01 1.618667752511895874e-01 -1.048750000000005578e+01 4.000000000000000000e+02 -5.122191525822168856e+00 -2.160240581251353831e+01 5.550000000000000488e-01
-1.214760381144201595e+01 1.618851687899635350e-01 -1.049000000000005528e+01 4.000000000000000000e+02 -5.121883869231567132e+00 -2.160459815592293609e+01 1.165000000000000036e+00
-1.214752567339122713e+01 1.618749907352738659e-01 -1.049250000000005478e+01 4.000000000000000000e+02 -5.121529352465095108e+00 -2.160674363915646268e+01 1.764999999999999902e+00
-1.214744770889007164e+01 1.618671265059581921e-01 -1.049500000000005429e+01 4.000000000000000000e+02 -5.121052161986563434e+00 -2.160876644867793317e+01 1.389999999999999902e+00
-1.214736990799643301e+01 1.618415837838022564e-01 -1.049750000000005379e+01 4.000000000000000000e+02 -5.120824569525011860e+00 -2.161103885621637843e+01 1.034999999999999920e+00
-1.214729228972932518e+01 1.618525532254218857e-01 -1.050000000000005329e+01 4.000000000000000000e+02 -5.120208813574471662e+00 -2.161292310026583863e+01 1.354999999999999982e+00
-1.214721482358340410e+01 1.618583821336054274e-01 -1.050250000000005279e+01 4.000000000000000000e+02 -5.120183620610084141e+00 -2.161539790730144972e+01 3.400000000000000244e-01
-1.214713755489252378e+01 1.618597400417836063e-01 -1.050500000000005230e+01 4.000000000000000000e+02 -5.120129817021791041e+00 -2.161784410371315701e+01 1.239999999999999991e+00
-1.214706048093317214e+01 1.619486749286129790e-01 -1.050750000000005180e+01 4.000000000000000000e+02 -5.119827468442196050e+00 -2.162004175513355975e+01 1.499999999999999944e-02
-1.214698358208992524e+01 1.619962675108235495e-01 -1.051000000000005130e+01 4.000000000000000000e+02 -5.119728128117277066e+00 -2.162244241480864204e+01 7.449999999999999956e-01
-1.214690687352494436e+01 1.619962594571050518e-01 -1.051250000000005080e+01 4.000000000000000000e+02 -5.119527322683179449e+00 -2.162474160937454215e+01 7.449999999999999956e-01
-1.214683034698878394e+01 1.619666894791386702e-01 -1.051500000000005031e+01 4.000000000000000000e+02 -5.118234412765202634e+00 -2.162594869945656484e+01 3.599999999999999867e-01
-1.214675391861658760e+01 1.619816247407044607e-01 -1.051750000000004981e+01 4.000000000000000000e+02 -5.117727470985423466e+00 -2.162794175767678695e+01 1.000000000000000021e-02
-1.214667764824230645e+01 1.619858753841232346e-01 -1.052000000000004931e+01 4.000000000000000000e+02 -5.117332415011824231e+00 -2.163004670170318633e+01 4.099999999999999756e-01
-1.214660154404243819e+01 1.619362400565709237e-01 -1.052250000000004881e+01 4.000000000000000000e+02 -5.117213010583546939e+00 -2.163242729727490854e+01 1.489999999999999991e+00
-1.214652562657118118e+01 1.619834713336923693e-01 -1.052500000000004832e+01 4.000000000000000000e+02 -5.117102170973477193e+00 -2.163481645766484007e+01 1.824999999999999956e+00
-1.214644989600485303e+01 1.619478187738192521e-01 -1.052750000000004782e+01 4.000000000000000000e+02 -5.116948989137228843e+00 -2.163716327582858767e+01 1.280000000000000027e+00
-1.214637434867054822e+01 1.619577617398222369e-01 -1.053000000000004732e+01 4.000000000000000000e+02 -5.116660551486361008e+00 -2.163937483817772289e+01 1.280000000000000027e+00
-1.214629897391734126e+01 1.619721537318945526e-01 -1.053250000000004682e+01 4.000000000000000000e+02 -5.116531918110927890e+00 -2.164174620480228839e+01 1.715000000000000080e+00
-1.214622378335430319e+01 1.619090699826388757e-01 -1.053500000000004633e+01 4.000000000000000000e+02 -5.116260763874673323e+00 -2.164397505056603421e+01 8.000000000000000167e-02
-1.214614876582713876e+01 1.619983908300004494e-01 -1.053750000000004583e+01 4.000000000000000000e+02 -5.116146607027850735e+00 -2.164636089371920846e+01 4.249999999999999889e-01
-1.214607393267379898e+01 1.620044958606942365e-01 -1.054000000000004533e+01 4.000000000000000000e+02 -5.115503040266867529e+00 -2.164821732695822476e+01 1.175000000000000044e+00
-1.214599924389835373e+01 1.619955672779563594e-01 -1.054250000000004484e+01 4.000000000000000000e+02 -5.114840223934937313e+00 -2.165005451062629405e+01 1.195000000000000062e+00
-1.214592469777658756e+01 1.620639587229620593e-01 -1.054500000000004434e+01 4.000000000000000000e+02 -5.114836368304984227e+00 -2.165255065499634313e+01 1.399999999999999911e+00
-1.214585034303660649e+01 1.620489797881516925e-01 -1.054750000000004384e+01 4.000000000000000000e+02 -5.114066972448140014e+00 -2.165428125913949486e+01 1.120000000000000107e+00
-1.214577612237785154e+01 1.620885852225970591e-01 -1.055000000000004334e+01 4.000000000000000000e+02 -5.114003211495595558e+00 -2.165671749818695346e+01 1.445000000000000062e+00
-1.214570208780649274e+01 1.621409951215379008e-01 -1.055250000000004285e+01 4.000000000000000000e+02 -5.113993675483510692e+00 -2.165920796217486455e+01 1.925000000000000044e+00
-1.214562824284644194e+01 1.621138794645478054e-01 -1.055500000000004235e+01 4.000000000000000000e+02 -5.113906579772047323e+00 -2.166162086646340157e+01 1.129999999999999893e+00
-1.214555458128539911e+01 1.621227537182869660e-01 -1.055750000000004185e+01 4.000000000000000000e+02 -5.113538037177223217e+00 -2.166375232386857874e+01 1.425000000000000044e+00
-1.214548108197193876e+01 1.621398555803553188e-01 -1.056000000000004135e+01 4.000000000000000000e+02 -5.113314569411717692e+00 -2.166602885610307183e+01 1.574999999999999956e+00
-1.214540775517506255e+01 1.621438802038476512e-01 -1.056250000000004086e+01 4.000000000000000000e+02 -5.113196101173112851e+00 -2.166841038786446560e+01 1.600000000000000089e+00
-1.214533460815776067e+01 1.620826572129990262e-01 -1.056500000000004036e+01 4.000000000000000000e+02 -5.113134762765455754e+00 -2.167084904945680890e+01 1.260000000000000009e+00
-1.214526164463451607e+01 1.620400094925969758e-01 -1.056750000000003986e+01 4.000000000000000000e+02 -5.113004397280187519e+00 -2.167321868397154105e+01 5.200000000000000178e-01
-1.214518885910786850e+01 1.620564721312832968e-01 -1.057000000000003936e+01 4.000000000000000000e+02 -5.112886472474093225e+00 -2.167560075916544804e+01 1.064999999999999947e+00
-1.214511625203393663e+01 1.619915883161974213e-01 -1.057250000000003887e+01 4.000000000000000000e+02 -5.112757420107448603e+00 -2.167797170679880026e+01 7.650000000000000133e-01
-1.214504382215635481e+01 1.619830685588141417e-01 -1.057500000000003837e+01 4.000000000000000000e+02 -5.112658149642012262e+00 -2.168037243633336431e+01 1.145000000000000018e+00
-1.214497157118161752e+01 1.619730955339005740e-01 -1.057750000000003787e+01 4.000000000000000000e+02 -5.112292178614824323e+00 -2.168250646530617587e+01 1.909999999999999920e+00
-1.214489947943129877e+01 1.619612552083339041e-01 -1.058000000000003737e+01 4.000000000000000000e+02 -5.111804402441161521e+00 -2.168451868913251346e+01 1.070000000000000062e+00
-1.214482753778105106e+01 1.620359395234111932e-01 -1.058250000000003688e+01 4.000000000000000000e+02 -5.111113239908778638e+00 -2.168632752660012741e+01 1.499999999999999944e-02
-1.214475573130514263e+01 1.620068521623170277e-01 -1.058500000000003638e+01 4.000000000000000000e+02 -5.110970530966594261e+00 -2.168868481765794343e+01 1.725000000000000089e+00
-1.214468409903625279e+01 1.620328514855362834e-01 -1.058750000000003588e+01 4.000000000000000000e+02 -5.110956605022384913e+00 -2.169117089171373181e+01 1.584999999999999964e+00
-1.214461264974102761e+01 1.619551463424468984e-01 -1.059000000000003539e+01 4.000000000000000000e+02 -5.110882404910037202e+00 -2.169359669160138537e+01 1.925000000000000044e+00
-1.214454137864354522e+01 1.619439257408374078e-01 -1.059250000000003489e+01 4.000000000000000000e+02 -5.110871741969662096e+00 -2.169608602866100711e+01 2.849999999999999756e-01
-1.214447028980348442e+01 1.619417698396969085e-01 -1.059500000000003439e+01 4.000000000000000000e+02 -5.110408524178510881e+00 -2.169812281086985806e+01 1.604999999999999982e+00
-1.214439935064640608e+01 1.618560034301164408e-01 -1.059750000000003389e+01 4.000000000000000000e+02 -5.110226250399316328e+00 -2.170044053709066390e+01 9.649999999999999689e-01
-1.214432858073102750e+01 1.618592617779627818e-01 -1.060000000000003340e+01 4.000000000000000000e+02 -5.110047164884523596e+00 -2.170276145157587067e+01 6.500000000000000222e-02
-1.214425797986673849e+01 1.618405468835909800e-01 -1.060250000000003290e+01 4.000000000000000000e+02 -5.109489816350328617e+00 -2.170470410304167430e+01 4.000000000000000083e-02
-1.214418752099181908e+01 1.618362760548796297e-01 -1.060500000000003240e+01 4.000000000000000000e+02 -5.109357580859919423e+00 -2.170707186755126372e+01 1.629999999999999893e+00
-1.214411723369607898e+01 1.618161161577802432e-01 -1.060750000000003190e+01 4.000000000000000000e+02 -5.108651030102663526e+00 -2.170886531679400733e+01 1.304999999999999938e+00
-1.214404707727075383e+01 1.618504245395112340e-01 -1.061000000000003141e+01 4.000000000000000000e+02 -5.108609925292542542e+00 -2.171132421198388585e+01 1.584999999999999964e+00
-1.214397709804427450e+01 1.618407456838724390e-01 -1.061250000000003091e+01 4.000000000000000000e+02 -5.108087828586082679e+00 -2.171330211527742549e+01 1.370000000000000107e+00
-1.214390726197538939e+01 1.618421459237577575e-01 -1.061500000000003041e+01 4.000000000000000000e+02 -5.107958917802519316e+00 -2.171567320449386429e+01 1.989999999999999991e+00
-1.214383759615732394e+01 1.618057845165992437e-01 -1.061750000000002991e+01 4.000000000000000000e+02 -5.107684128663000145e+00 -2.171789841535434107e+01 1.544999999999999929e+00
-1.214376809002486546e+01 1.618068508535628891e-01 -1.062000000000002942e+01 4.000000000000000000e+02 -5.107655174818280130e+00 -2.172036946150962322e+01 6.049999999999999822e-01
-1.214369876024613681e+01 1.618312819760124310e-01 -1.062250000000002892e+01 4.000000000000000000e+02 -5.107596639603983135e+00 -2.172281092629532395e+01 1.614999999999999991e+00
-1.214362960431587979e+01 1.618308734806421789e-01 -1.062500000000002842e+01 4.000000000000000000e+02 -5.107557964664763972e+00 -2.172527225135610607e+01 1.110000000000000098e+00
-1.214356062315613372e+01 1.618186625764383435e-01 -1.062750000000002792e+01 4.000000000000000000e+02 -5.106917855196213551e+00 -2.172713214188755160e+01 1.504999999999999893e+00
-1.214349177491937759e+01 1.618368195571591728e-01 -1.063000000000002743e+01 4.000000000000000000e+02 -5.106442611814242305e+00 -2.172915689850558252e+01 1.449999999999999956e+00
-1.214342307066789495e+01 1.619295539406760964e-01 -1.063250000000002693e+01 4.000000000000000000e+02 -5.106411033449206549e+00 -2.173162532014054449e+01 1.850000000000000089e+00
-1.214335454050084451e+01 1.619437201011286742e-01 -1.063500000000002643e+01 4.000000000000000000e+02 -5.105882194078003700e+00 -2.173359648076934292e+01 1.919999999999999929e+00
-1.214328614996691336e+01 1.619384432865985102e-01 -1.063750000000002593e+01 4.000000000000000000e+02 -5.105673769800436190e+00 -2.173588805649177402e+01 5.250000000000000222e-01
-1.214321792063653582e+01 1.619334878471414274e-01 -1.064000000000002544e+01 4.000000000000000000e+02 -5.104934655542745503e+00 -2.173764894223408461e+01 1.100000000000000089e+00
-1.214314981598714205e+01 1.619121744117154038e-01 -1.064250000000002494e+01 4.000000000000000000e+02 -5.104848768186139196e+00 -2.174006305487747426e+01 2.300000000000000100e-01
-1.214308188017291634e+01 1.618602615255860522e-01 -1.064500000000002444e+01 4.000000000000000000e+02 -5.104635528527184718e+00 -2.174234981521852461e+01 5.999999999999999778e-02
-1.214301410413328597e+01 1.618637437733961570e-01 -1.064750000000002395e+01 4.000000000000000000e+02 -5.104631672388629582e+00 -2.174484595907996720e+01 1.564999999999999947e+00
-1.214294650163754774e+01 1.618879004461759863e-01 -1.065000000000002345e+01 4.000000000000000000e+02 -5.104499854760630839e+00 -2.174721414145196974e+01 7.000000000000000666e-02
-1.214287906360101843e+01 1.618750619361531418e-01 -1.065250000000002295e+01 4.000000000000000000e+02 -5.104338771113145157e+00 -2.174955305780448001e+01 5.500000000000000028e-02
-1.214281178764375646e+01 1.618871354542800178e-01 -1.065500000000002245e+01 4.000000000000000000e+02 -5.104265044950468955e+00 -2.175197933164180597e+01 6.049999999999999822e-01
-1.214274467922784240e+01 1.618788887381743258e-01 -1.065750000000002196e+01 4.000000000000000000e+02 -5.104159485443521049e+00 -2.175437377213485490e+01 5.200000000000000178e-01
-1.214267773579390841e+01 1.618591373480743612e-01 -1.066000000000002146e+01 4.000000000000000000e+02 -5.104033829313615378e+00 -2.175674811600494962e+01 6.500000000000000222e-01
-1.214261095558335413e+01 1.618962546748239084e-01 -1.066250000000002096e+01 4.000000000000000000e+02 -5.103471879797671029e+00 -2.175868616648900300e+01 2.250000000000000056e-01
-1.214254430911724292e+01 1.619140710690648299e-01 -1.066500000000002046e+01 4.000000000000000000e+02 -5.103223520720829853e+00 -2.176093780741216221e+01 5.300000000000000266e-01
-1.214247781697270590e+01 1.619115449932502782e-01 -1.066750000000001997e+01 4.000000000000000000e+02 -5.103159753441653734e+00 -2.176337404013298737e+01 1.419999999999999929e+00
-1.214241149102613448e+01 1.618902438751610717e-01 -1.067000000000001947e+01 4.000000000000000000e+02 -5.102994667364129100e+00 -2.176570895405546224e+01 1.800000000000000044e+00
-1.214234532414774392e+01 1.618762310524020365e-01 -1.067250000000001897e+01 4.000000000000000000e+02 -5.102978868517048738e+00 -2.176819315520837961e+01 1.129999999999999893e+00
-1.214227932579867897e+01 1.617964942354227220e-01 -1.067500000000001847e+01 4.000000000000000000e+02 -5.102915244421181384e+00 -2.177062953111251176e+01 1.070000000000000062e+00
-1.214221349239029024e+01 1.618053976949491990e-01 -1.067750000000001798e+01 4.000000000000000000e+02 -5.102884782192520952e+00 -2.177309906888385171e+01 1.530000000000000027e+00
-1.214214782567714046e+01 1.618090285425151653e-01 -1.068000000000001748e+01 4.000000000000000000e+02 -5.101699949928645950e+00 -2.177441423661997533e+01 1.834999999999999964e+00
-1.214208224957330451e+01 1.618709789210925620e-01 -1.068250000000001698e+01 4.000000000000000000e+02 -5.101573424047962213e+00 -2.177678771073929198e+01 8.900000000000000133e-01
-1.214201683321275738e+01 1.618833932456677505e-01 -1.068500000000001648e+01 4.000000000000000000e+02 -5.101270924445070243e+00 -2.177898521113640129e+01 1.824999999999999956e+00
-1.214195156471179793e+01 1.618637186088546787e-01 -1.068750000000001599e+01 4.000000000000000000e+02 -5.101158349970163819e+00 -2.178137263666149082e+01 1.280000000000000027e+00
-1.214188645609313966e+01 1.618642780594694852e-01 -1.069000000000001549e+01 4.000000000000000000e+02 -5.100490887350784597e+00 -2.178320517404211287e+01 1.885000000000000009e+00
-1.214182147090642339e+01 1.618442015358844688e-01 -1.069250000000001499e+01 4.000000000000000000e+02 -5.098977851169315123e+00 -2.178419213786064290e+01 2.099999999999999922e-01
-1.214175655404264909e+01 1.617994239025007663e-01 -1.069500000000001450e+01 4.000000000000000000e+02 -5.098869735928981406e+00 -2.178658402262031046e+01 8.349999999999999645e-01
-1.214169179646581931e+01 1.617930949551389941e-01 -1.069750000000001400e+01 4.000000000000000000e+02 -5.098154829516841069e+00 -2.178836911620816608e+01 3.499999999999999778e-01
-1.214162715856626917e+01 1.617946765181694502e-01 -1.070000000000001350e+01 4.000000000000000000e+02 -5.097944408050141263e+00 -2.179065869474146666e+01 1.549999999999999989e-01
-1.214156267265444278e+01 1.617651776481919268e-01 -1.070250000000001300e+01 4.000000000000000000e+02 -5.097883766375856496e+00 -2.179309805306718317e+01 1.655000000000000027e+00
-1.214149834799813732e+01 1.617416577326018512e-01 -1.070500000000001251e+01 4.000000000000000000e+02 -5.096995109687692427e+00 -2.179470939637901949e+01 1.070000000000000062e+00
-1.214143413103488278e+01 1.617259052193691371e-01 -1.070750000000001201e+01 4.000000000000000000e+02 -5.096688665956125242e+00 -2.179690295264745004e+01 6.850000000000000533e-01
-1.214137005889077869e+01 1.617309841451125274e-01 -1.071000000000001151e+01 4.000000000000000000e+02 -5.095825341473994463e+00 -2.179853962816531876e+01 1.739999999999999991e+00
-1.214130609562112895e+01 1.616883249172076931e-01 -1.071250000000001101e+01 4.000000000000000000e+02 -5.095729422287055499e+00 -2.180094370897838019e+01 9.949999999999999956e-01
-1.214124229001597044e+01 1.616961586539459317e-01 -1.071500000000001052e+01 4.000000000000000000e+02 -5.095570346129338013e+00 -2.180328463282066309e+01 7.449999999999999956e-01
-1.214117863765681449e+01 1.617224019404784052e-01 -1.071750000000001002e+01 4.000000000000000000e+02 -5.094839635115333110e+00 -2.180505392180665325e+01 1.125000000000000000e+00
-1.214111510185813714e+01 1.617396820029805560e-01 -1.072000000000000952e+01 4.000000000000000000e+02 -5.094656865250748901e+00 -2.180737115194207121e+01 8.950000000000000178e-01
-1.214105171713861786e+01 1.617449233829342803e-01 -1.072250000000000902e+01 4.000000000000000000e+02 -5.094599127262211091e+00 -2.180981341395353112e+01 8.449999999999999734e-01
-1.214098849103499234e+01 1.618107352108786590e-01 -1.072500000000000853e+01 4.000000000000000000e+02 -5.093796189876019120e+00 -2.181151047656734221e+01 1.330000000000000071e+00
-1.214092537612615530e+01 1.618317596331348140e-01 -1.072750000000000803e+01 4.000000000000000000e+02 -5.093534773991402531e+00 -2.181374906068272423e+01 1.584999999999999964e+00
-1.214086240631721658e+01 1.618224683228437766e-01 -1.073000000000000753e+01 4.000000000000000000e+02 -5.093531485324734653e+00 -2.181624577201605675e+01 7.600000000000000089e-01
-1.214079959747974335e+01 1.618356216998249053e-01 -1.073250000000000703e+01 4.000000000000000000e+02 -5.093402358770639182e+00 -2.181861664546195811e+01 4.000000000000000222e-01
-1.214073694130838987e+01 1.618351308022558110e-01 -1.073500000000000654e+01 4.000000000000000000e+02 -5.093296593382532933e+00 -2.182101088007385314e+01 2.300000000000000100e-01
-1.214067443888264997e+01 1.618037545946205136e-01 -1.073750000000000604e+01 4.000000000000000000e+02 -5.093271640763502361e+00 -2.182348592745481852e+01 4.500000000000000111e-01
-1.214061209485393000e+01 1.618157193104423630e-01 -1.074000000000000554e+01 4.000000000000000000e+02 -5.092601012485999057e+00 -2.182531529917731916e+01 1.915000000000000036e+00
-1.214054986864724306e+01 1.618273344085713605e-01 -1.074250000000000504e+01 4.000000000000000000e+02 -5.092188761679445896e+00 -2.182740304837076195e+01 5.000000000000000000e-01
-1.214048777607750651e+01 1.618215890483237773e-01 -1.074500000000000455e+01 4.000000000000000000e+02 -5.092119619781509954e+00 -2.182983390647282818e+01 1.864999999999999991e+00
-1.214042583810391029e+01 1.618094929574923069e-01 -1.074750000000000405e+01 4.000000000000000000e+02 -5.091792592767391490e+00 -2.183200687945870655e+01 9.000000000000000222e-01
-1.214036403839732792e+01 1.617984049681282233e-01 -1.075000000000000355e+01 4.000000000000000000e+02 -5.091048582659202459e+00 -2.183376286935051880e+01 8.950000000000000178e-01
-1.214030235092410592e+01 1.618023106285626511e-01 -1.075250000000000306e+01 4.000000000000000000e+02 -5.090949353553124723e+00 -2.183616364024443968e+01 1.900000000000000022e-01
-1.214024081516217635e+01 1.617993411392016356e-01 -1.075500000000000256e+01 4.000000000000000000e+02 -5.090116076795091260e+00 -2.183783036348640749e+01 2.750000000000000222e-01
-1.214017938565486965e+01 1.617795070774599164e-01 -1.075750000000000206e+01 4.000000000000000000e+02 -5.089859092912052851e+00 -2.184007337960336770e+01 5.500000000000000028e-02
-1.214011809754120641e+01 1.617894728684882433e-01 -1.076000000000000156e+01 4.000000000000000000e+02 -5.089674765620163299e+00 -2.184238905231147854e+01 1.104999999999999982e+00
-1.214005695492953940e+01 1.618108098557532182e-01 -1.076250000000000107e+01 4.000000000000000000e+02 -5.089558469185574197e+00 -2.184477275587688894e+01 1.770000000000000018e+00
-1.213999596161501593e+01 1.618025371198897611e-01 -1.076500000000000057e+01 4.000000000000000000e+02 -5.089006681671313537e+00 -2.184672096836262867e+01 3.950000000000000178e-01
-1.213993509072185795e+01 1.617903327620743847e-01 -1.076750000000000007e+01 4.000000000000000000e+02 -5.088993641693767778e+00 -2.184920792838508063e+01 1.804999999999999938e+00
-1.213987437471533859e+01 1.618124134576088002e-01 -1.076999999999999957e+01 4.000000000000000000e+02 -5.088944368575700317e+00 -2.185165865526701268e+01 1.499999999999999944e-01
-1.213981381099767098e+01 1.618229810921182621e-01 -1.077249999999999908e+01 4.000000000000000000e+02 -5.088593776036529626e+00 -2.185380806272783971e+01 1.445000000000000062e+00
-1.213975338097224821e+01 1.618797415712014409e-01 -1.077499999999999858e+01 4.000000000000000000e+02 -5.087497694858967634e+00 -2.185521198155027989e+01 1.590000000000000080e+00
-1.213969303937003730e+01 1.618745092038763045e-01 -1.077749999999999808e+01 4.000000000000000000e+02 -5.086954847809455948e+00 -2.185716913450076504e+01 1.489999999999999991e+00
-1.213963281938029759e+01 1.618657428871879134e-01 -1.077999999999999758e+01 4.000000000000000000e+02 -5.086683233591234199e+00 -2.185939752028254546e+01 1.719999999999999973e+00
-1.213957273704865081e+01 1.618526327468437775e-01 -1.078249999999999709e+01 4.000000000000000000e+02 -5.086417275524358850e+00 -2.186163156221566695e+01 1.909999999999999920e+00
-1.213951279239122627e+01 1.618361005471906644e-01 -1.078499999999999659e+01 4.000000000000000000e+02 -5.086274599436139354e+00 -2.186398888612745139e+01 1.245000000000000107e+00
-1.213945299245681753e+01 1.618251291952573778e-01 -1.078749999999999609e+01 4.000000000000000000e+02 -5.086146939079400298e+00 -2.186636122577071006e+01 1.280000000000000027e+00
-1.213939333778313845e+01 1.618751148279320706e-01 -1.078999999999999559e+01 4.000000000000000000e+02 -5.086066142203446994e+00 -2.186878042889475537e+01 5.000000000000000000e-01
-1.213933383079738881e+01 1.618750099949026189e-01 -1.079249999999999510e+01 4.000000000000000000e+02 -5.086009310914143988e+00 -2.187122359760545010e+01 7.950000000000000400e-01
-1.213927447254770975e+01 1.618436177916672269e-01 -1.079499999999999460e+01 4.000000000000000000e+02 -5.085418277393881858e+00 -2.187313256408518924e+01 1.610000000000000098e+00
-1.213921523101597444e+01 1.618265381533008640e-01 -1.079749999999999410e+01 4.000000000000000000e+02 -5.084764431077437585e+00 -2.187497871776874447e+01 6.999999999999999556e-01
-1.213915610225196495e+01 1.618536178725964725e-01 -1.079999999999999361e+01 4.000000000000000000e+02 -5.084379005072324098e+00 -2.187709329176363227e+01 1.199999999999999956e-01
-1.213909710187293456e+01 1.618671804406894843e-01 -1.080249999999999311e+01 4.000000000000000000e+02 -5.084140577160797037e+00 -2.187935486385210027e+01 6.650000000000000355e-01
-1.213903823824579753e+01 1.619273211601317264e-01 -1.080499999999999261e+01 4.000000000000000000e+02 -5.083879615005886698e+00 -2.188159390169719387e+01 1.300000000000000044e+00
-1.213897950972221729e+01 1.619272202446279951e-01 -1.080749999999999211e+01 4.000000000000000000e+02 -5.082961657331020788e+00 -2.188317594402232658e+01 1.419999999999999929e+00
-1.213892087747685444e+01 1.619058862456533854e-01 -1.080999999999999162e+01 4.000000000000000000e+02 -5.082532980734449701e+00 -2.188524726742575410e+01 1.304999999999999938e+00
-1.213886236997902124e+01 1.619568931939672773e-01 -1.081249999999999112e+01 4.000000000000000000e+02 -5.082494409547202885e+00 -2.188770869623850501e+01 1.939999999999999947e+00
-1.213880400972645113e+01 1.619259379102730434e-01 -1.081499999999999062e+01 4.000000000000000000e+02 -5.082259929226422557e+00 -2.188997421591772508e+01 5.000000000000000278e-02
-1.213874578493469514e+01 1.619039383621762307e-01 -1.081749999999999012e+01 4.000000000000000000e+02 -5.082012419192150965e+00 -2.189222670588345210e+01 3.649999999999999911e-01
-1.213868769452459695e+01 1.619191445404689900e-01 -1.081999999999998963e+01 4.000000000000000000e+02 -5.081967972740981665e+00 -2.189468225943228674e+01 1.979999999999999982e+00
-1.213862974994551713e+01 1.619207608125905196e-01 -1.082249999999998913e+01 4.000000000000000000e+02 -5.081857354984106401e+00 -2.189707164167540654e+01 1.925000000000000044e+00
-1.213857194699828135e+01 1.619320064466041043e-01 -1.082499999999998863e+01 4.000000000000000000e+02 -5.081738598399836881e+00 -2.189945288509114008e+01 1.949999999999999956e+00
-1.213851428485926043e+01 1.620058401538067017e-01 -1.082749999999998813e+01 4.000000000000000000e+02 -5.081433405506796674e+00 -2.190164769219809671e+01 1.645000000000000018e+00
-1.213845675245253375e+01 1.619871172192301201e-01 -1.082999999999998764e+01 4.000000000000000000e+02 -5.080978183049567498e+00 -2.190369246974086792e+01 1.354999999999999982e+00
-1.213839934086624162e+01 1.619822617809423826e-01 -1.083249999999998714e+01 4.000000000000000000e+02 -5.080667871200094332e+00 -2.190588215789139426e+01 1.360000000000000098e+00
-1.213834205814097800e+01 1.619849465398725263e-01 -1.083499999999998664e+01 4.000000000000000000e+02 -5.080581492469606886e+00 -2.190829577916090898e+01 1.524999999999999911e+00
-1.213828491677706900e+01 1.619968930586307421e-01 -1.083749999999998614e+01 4.000000000000000000e+02 -5.080312171948073718e+00 -2.191052645863937087e+01 1.044999999999999929e+00
-1.213822790598921308e+01 1.620378735084294919e-01 -1.083999999999998565e+01 4.000000000000000000e+02 -5.079939677141917187e+00 -2.191265396383321473e+01 1.639999999999999902e+00
-1.213817101960286315e+01 1.620288393173424379e-01 -1.084249999999998515e+01 4.000000000000000000e+02 -5.079574637298598816e+00 -2.191478892398989586e+01 1.560000000000000053e+00
-1.213811425776266084e+01 1.620333237717190011e-01 -1.084499999999998465e+01 4.000000000000000000e+02 -5.077686227602791647e+00 -2.191540051429409175e+01 1.310000000000000053e+00
-1.213805753384560582e+01 1.620331438013034586e-01 -1.084749999999998415e+01 4.000000000000000000e+02 -5.077617981142023673e+00 -2.191783226783331884e+01 5.350000000000000311e-01
-1.213800095090526554e+01 1.620433939523937550e-01 -1.084999999999998366e+01 4.000000000000000000e+02 -5.077352475341012195e+00 -2.192006676203230953e+01 8.950000000000000178e-01
-1.213794449744876047e+01 1.620575093995909322e-01 -1.085249999999998316e+01 4.000000000000000000e+02 -5.077196222169003903e+00 -2.192241050886029896e+01 1.425000000000000044e+00
-1.213788817932556441e+01 1.620645452495576289e-01 -1.085499999999998266e+01 4.000000000000000000e+02 -5.077139425303018427e+00 -2.192485371199431654e+01 7.500000000000000000e-01
-1.213783200179098465e+01 1.620577670767764100e-01 -1.085749999999998217e+01 4.000000000000000000e+02 -5.077090181466929586e+00 -2.192730446815822276e+01 5.649999999999999467e-01
-1.213777596490943722e+01 1.620481748135100819e-01 -1.085999999999998167e+01 4.000000000000000000e+02 -5.077074381974306050e+00 -2.192978866866560139e+01 2.999999999999999889e-01
-1.213772007019025345e+01 1.620494816423390938e-01 -1.086249999999998117e+01 4.000000000000000000e+02 -5.077002824465889574e+00 -2.193221711115718264e+01 6.800000000000000488e-01
-1.213766431415618818e+01 1.620438778943800728e-01 -1.086499999999998067e+01 4.000000000000000000e+02 -5.076839778712501250e+00 -2.193455406540379471e+01 6.400000000000000133e-01
-1.213760869136697629e+01 1.620405828819009852e-01 -1.086749999999998018e+01 4.000000000000000000e+02 -5.076039511722656883e+00 -2.193625379841395073e+01 1.150000000000000050e-01
-1.213755316612719781e+01 1.620279593599121271e-01 -1.086999999999997968e+01 4.000000000000000000e+02 -5.075897227703871195e+00 -2.193861151439516277e+01 2.750000000000000222e-01
-1.213749777471795710e+01 1.620320494180781667e-01 -1.087249999999997918e+01 4.000000000000000000e+02 -5.075867437389858239e+00 -2.194108172408115109e+01 5.749999999999999556e-01
-1.213744252302494786e+01 1.619873652351174198e-01 -1.087499999999997868e+01 4.000000000000000000e+02 -5.075551892391853670e+00 -2.194326617908314603e+01 2.200000000000000011e-01
-1.213738739493764207e+01 1.619674752470687817e-01 -1.087749999999997819e+01 4.000000000000000000e+02 -5.075247337018260474e+00 -2.194546162370955145e+01 1.520000000000000018e+00
-1.213733239077718906e+01 1.619406598515251705e-01 -1.087999999999997769e+01 4.000000000000000000e+02 -5.074772357399022660e+00 -2.194748664409031491e+01 6.750000000000000444e-01
-1.213727750090469648e+01 1.619436994123050477e-01 -1.088249999999997719e+01 4.000000000000000000e+02 -5.074608556273724425e+00 -2.194982284296501263e+01 1.064999999999999947e+00
-1.213722274211838581e+01 1.619270823180974650e-01 -1.088499999999997669e+01 4.000000000000000000e+02 -5.074418467245350506e+00 -2.195213275393664176e+01 1.004999999999999893e+00
-1.213716811266201212e+01 1.619235495046027484e-01 -1.088749999999997620e+01 4.000000000000000000e+02 -5.074233953588749735e+00 -2.195444824028003694e+01 5.600000000000000533e-01
-1.213711361252693521e+01 1.619415808089610109e-01 -1.088999999999997570e+01 4.000000000000000000e+02 -5.073965624098268457e+00 -2.195667991078955694e+01 1.915000000000000036e+00
-1.213705923684276655e+01 1.619011056326938591e-01 -1.089249999999997520e+01 4.000000000000000000e+02 -5.073820308567552395e+00 -2.195903459525883861e+01 6.400000000000000133e-01
-1.213700499199168448e+01 1.618937811553003703e-01 -1.089499999999997470e+01 4.000000000000000000e+02 -5.073427825616249720e+00 -2.196114211230753810e+01 1.590000000000000080e+00
-1.213695086427522618e+01 1.618853233003713643e-01 -1.089749999999997421e+01 4.000000000000000000e+02 -5.073027204575556226e+00 -2.196324149126684233e+01 7.449999999999999956e-01
-1.213689685299460130e+01 1.618524018378077745e-01 -1.089999999999997371e+01 4.000000000000000000e+02 -5.072915396744595462e+00 -2.196562968343588196e+01 1.604999999999999982e+00
-1.213684297345602303e+01 1.618596615030922503e-01 -1.090249999999997321e+01 4.000000000000000000e+02 -5.072716904531622717e+00 -2.196793119122290960e+01 1.415000000000000036e+00
-1.213678922067187926e+01 1.618842911796042339e-01 -1.090499999999997272e+01 4.000000000000000000e+02 -5.072711334625724433e+00 -2.197042562131701260e+01 8.000000000000000167e-02
-1.213673560468162549e+01 1.619065981444182123e-01 -1.090749999999997222e+01 4.000000000000000000e+02 -5.072362118142524245e+00 -2.197257640483380925e+01 2.800000000000000266e-01
-1.213668210674910242e+01 1.618839527862268590e-01 -1.090999999999997172e+01 4.000000000000000000e+02 -5.071574435838167361e+00 -2.197428872252945098e+01 1.849999999999999978e-01
-1.213662870319818765e+01 1.618845739720668475e-01 -1.091249999999997122e+01 4.000000000000000000e+02 -5.071327022519899863e+00 -2.197654130921118210e+01 1.629999999999999893e+00
-1.213657542265018208e+01 1.618668554803782411e-01 -1.091499999999997073e+01 4.000000000000000000e+02 -5.071270888776451713e+00 -2.197898517546773434e+01 5.600000000000000533e-01
-1.213652227498201164e+01 1.618740081348436499e-01 -1.091749999999997023e+01 4.000000000000000000e+02 -5.071201915953897021e+00 -2.198141620264517826e+01 1.189999999999999947e+00
-1.213646925917459285e+01 1.618810334995594569e-01 -1.091999999999996973e+01 4.000000000000000000e+02 -5.071000180346191044e+00 -2.198371446703747267e+01 1.729999999999999982e+00
-1.213641636787246370e+01 1.619294760904526342e-01 -1.092249999999996923e+01 4.000000000000000000e+02 -5.070810488635698832e+00 -2.198602477532698174e+01 8.199999999999999512e-01
-1.213636360141216919e+01 1.619227258761704591e-01 -1.092499999999996874e+01 4.000000000000000000e+02 -5.070745239909724589e+00 -2.198845952660100522e+01 3.049999999999999933e-01
-1.213631096604281367e+01 1.619277169391170335e-01 -1.092749999999996824e+01 4.000000000000000000e+02 -5.070192108252209451e+00 -2.199040639494349136e+01 1.250000000000000000e+00
-1.213625843581016461e+01 1.619168927979124928e-01 -1.092999999999996774e+01 4.000000000000000000e+02 -5.069383735538772306e+00 -2.199209802223005283e+01 3.750000000000000000e-01
-1.213620599711626191e+01 1.619019749585251244e-01 -1.093249999999996724e+01 4.000000000000000000e+02 -5.068496508740078177e+00 -2.199371079543135821e+01 1.389999999999999902e+00
-1.213615364566894783e+01 1.618858016779692044e-01 -1.093499999999996675e+01 4.000000000000000000e+02 -5.068351064753715995e+00 -2.199606535144499730e+01 6.300000000000000044e-01
-1.213610142007191683e+01 1.618729217356706940e-01 -1.093749999999996625e+01 4.000000000000000000e+02 -5.068281406042778769e+00 -2.199849569273405692e+01 5.050000000000000044e-01
-1.213604932396424729e+01 1.618867203892782880e-01 -1.093999999999996575e+01 4.000000000000000000e+02 -5.068075847445533633e+00 -2.200079013413681395e+01 1.810000000000000053e+00
-1.213599734995556112e+01 1.618944101078905184e-01 -1.094249999999996525e+01 4.000000000000000000e+02 -5.067917113817252961e+00 -2.200313140050852923e+01 1.360000000000000098e+00
-1.213594550018122575e+01 1.618594691983153144e-01 -1.094499999999996476e+01 4.000000000000000000e+02 -5.067446436755767891e+00 -2.200516072344704810e+01 9.549999999999999600e-01
-1.213589375820022731e+01 1.619038945322192058e-01 -1.094749999999996426e+01 4.000000000000000000e+02 -5.067069352744804078e+00 -2.200728363943608201e+01 9.000000000000000222e-01
-1.213584212861517919e+01 1.619340355452144609e-01 -1.094999999999996376e+01 4.000000000000000000e+02 -5.067054089887014889e+00 -2.200976837657829321e+01 9.200000000000000400e-01
-1.213579062981239431e+01 1.619305973073710547e-01 -1.095249999999996326e+01 4.000000000000000000e+02 -5.067014377294109195e+00 -2.201222866398538258e+01 1.950000000000000067e-01
-1.213573926019795657e+01 1.619548704669618311e-01 -1.095499999999996277e+01 4.000000000000000000e+02 -5.065985409571044151e+00 -2.201369969626232148e+01 7.249999999999999778e-01
-1.213568796872721300e+01 1.619581294869850419e-01 -1.095749999999996227e+01 4.000000000000000000e+02 -5.065944508028357163e+00 -2.201615879471962955e+01 1.120000000000000107e+00
-1.213563680585328441e+01 1.619777737938186413e-01 -1.095999999999996177e+01 4.000000000000000000e+02 -5.065766514486704786e+00 -2.201848080117797934e+01 1.300000000000000044e-01
-1.213558576425046631e+01 1.619947501539584223e-01 -1.096249999999996128e+01 4.000000000000000000e+02 -5.065714415306985074e+00 -2.202092870199825825e+01 2.000000000000000111e-01
-1.213553485003519405e+01 1.619946727096744088e-01 -1.096499999999996078e+01 4.000000000000000000e+02 -5.065605059907784202e+00 -2.202331934659905954e+01 1.120000000000000107e+00
-1.213548405997518742e+01 1.619802436381432564e-01 -1.096749999999996028e+01 4.000000000000000000e+02 -5.064430866777102302e+00 -2.202464515346837359e+01 1.205000000000000071e+00
-1.213543333978274852e+01 1.619856991885943731e-01 -1.096999999999995978e+01 4.000000000000000000e+02 -5.064196194354393832e+00 -2.202691048104566818e+01 1.754999999999999893e+00
-1.213538273692179992e+01 1.619824489465444273e-01 -1.097249999999995929e+01 4.000000000000000000e+02 -5.063634628225641698e+00 -2.202884891491691377e+01 1.314999999999999947e+00
-1.213533223460922983e+01 1.619758374255930722e-01 -1.097499999999995879e+01 4.000000000000000000e+02 -5.063351924528171288e+00 -2.203106621121944286e+01 1.899999999999999911e+00
-1.213528184669308629e+01 1.620063401921436330e-01 -1.097749999999995829e+01 4.000000000000000000e+02 -5.063107310605952982e+00 -2.203332159729722406e+01 5.749999999999999556e-01
-1.213523157482332770e+01 1.620022426074720079e-01 -1.097999999999995779e+01 4.000000000000000000e+02 -5.063000643536301304e+00 -2.203571493022757366e+01 1.429999999999999938e+00
-1.213518142564510605e+01 1.620122280870624765e-01 -1.098249999999995730e+01 4.000000000000000000e+02 -5.062694472776167132e+00 -2.203790875946743455e+01 9.749999999999999778e-01
-1.213513138887157794e+01 1.620649550304570086e-01 -1.098499999999995680e+01 4.000000000000000000e+02 -5.062603925350648737e+00 -2.204031821204191743e+01 8.900000000000000133e-01
-1.213508147500868084e+01 1.620682514971862331e-01 -1.098749999999995630e+01 4.000000000000000000e+02 -5.062486246725642403e+00 -2.204270053341691238e+01 4.899999999999999911e-01
-1.213503168239749996e+01 1.620601317143806896e-01 -1.098999999999995580e+01 4.000000000000000000e+02 -5.062438986116916340e+00 -2.204515327280818582e+01 4.650000000000000244e-01
-1.213498201423504419e+01 1.620399307822594503e-01 -1.099249999999995531e+01 4.000000000000000000e+02 -5.062053341673569129e+00 -2.204726762836483545e+01 1.314999999999999947e+00
-1.213493245343679661e+01 1.620332498186740078e-01 -1.099499999999995481e+01 4.000000000000000000e+02 -5.061557071328211421e+00 -2.204927135801948168e+01 1.725000000000000089e+00
-1.213488299429434569e+01 1.619988204435814372e-01 -1.099749999999995431e+01 4.000000000000000000e+02 -5.061423025865362746e+00 -2.205163731255662896e+01 1.389999999999999902e+00
-1.213483365446907847e+01 1.620010592505724822e-01 -1.099999999999995381e+01 4.000000000000000000e+02 -5.061397694131618330e+00 -2.205411198082288493e+01 1.225000000000000089e+00
-1.213478443901783876e+01 1.620099162213793631e-01 -1.100249999999995332e+01 4.000000000000000000e+02 -5.061306803435975610e+00 -2.205652109012724083e+01 1.799999999999999933e-01
-1.213473534440260337e+01 1.620357731760767306e-01 -1.100499999999995282e+01 4.000000000000000000e+02 -5.060825217015167965e+00 -2.205853950370643446e+01 1.120000000000000107e+00
-1.213468635118354655e+01 1.620153420228868935e-01 -1.100749999999995232e+01 4.000000000000000000e+02 -5.060441789425781600e+00 -2.206065607611704493e+01 1.925000000000000044e+00
-1.213463746394513088e+01 1.620025135002133854e-01 -1.100999999999995183e+01 4.000000000000000000e+02 -5.060399600614382543e+00 -2.206311388730564715e+01 6.500000000000000222e-02
-1.213458869909583093e+01 1.619984660978475710e-01 -1.101249999999995133e+01 4.000000000000000000e+02 -5.060311151806643259e+00 -2.206552543849790737e+01 5.250000000000000222e-01
-1.213454005407308856e+01 1.620316257599712095e-01 -1.101499999999995083e+01 4.000000000000000000e+02 -5.060225529686128709e+00 -2.206793981637739321e+01 1.600000000000000089e+00
-1.213449152871381642e+01 1.620383522064508808e-01 -1.101749999999995033e+01 4.000000000000000000e+02 -5.059479721757742965e+00 -2.206969400844900520e+01 1.879999999999999893e+00
-1.213444309075113736e+01 1.620083027742796888e-01 -1.101999999999994984e+01 4.000000000000000000e+02 -5.059469010201977035e+00 -2.207218329689323966e+01 6.500000000000000222e-01
-1.213439477555195012e+01 1.619956463196352836e-01 -1.102249999999994934e+01 4.000000000000000000e+02 -5.059366115904208705e+00 -2.207458040259546905e+01 2.399999999999999911e-01
-1.213434657835657049e+01 1.620212697283431313e-01 -1.102499999999994884e+01 4.000000000000000000e+02 -5.059327675989701234e+00 -2.207704196268096553e+01 6.600000000000000311e-01
-1.213429850196988191e+01 1.620172893978070461e-01 -1.102749999999994834e+01 4.000000000000000000e+02 -5.058491722676714097e+00 -2.207870600936797345e+01 1.594999999999999973e+00
-1.213425050782348613e+01 1.620463610157963918e-01 -1.102999999999994785e+01 4.000000000000000000e+02 -5.058236010169522068e+00 -2.208095029686078448e+01 5.200000000000000178e-01
-1.213420262356456192e+01 1.620347633539323262e-01 -1.103249999999994735e+01 4.000000000000000000e+02 -5.058234988742036364e+00 -2.208344927543329561e+01 1.915000000000000036e+00
-1.213415486110219810e+01 1.620297224659260904e-01 -1.103499999999994685e+01 4.000000000000000000e+02 -5.057315357527064847e+00 -2.208502964421832360e+01 9.849999999999999867e-01
-1.213410717633827041e+01 1.620115619216985769e-01 -1.103749999999994635e+01 4.000000000000000000e+02 -5.057135009854660801e+00 -2.208734929654591994e+01 3.900000000000000133e-01
-1.213405960432405628e+01 1.620176395283840498e-01 -1.103999999999994586e+01 4.000000000000000000e+02 -5.056922334660814755e+00 -2.208963662135207429e+01 5.999999999999999778e-02
-1.213401214325337918e+01 1.620341206902282394e-01 -1.104249999999994536e+01 4.000000000000000000e+02 -5.056884370875244450e+00 -2.209209865756650260e+01 3.400000000000000244e-01
-1.213396480113399534e+01 1.620329441368497381e-01 -1.104499999999994486e+01 4.000000000000000000e+02 -5.056604466359330807e+00 -2.209431875305059023e+01 4.149999999999999800e-01
-1.213391756623577322e+01 1.620136374088808062e-01 -1.104749999999994436e+01 4.000000000000000000e+02 -5.056294433888326445e+00 -2.209650872057958182e+01 7.499999999999999722e-02
-1.213387043689097311e+01 1.620033899206426986e-01 -1.104999999999994387e+01 4.000000000000000000e+02 -5.056060752408400916e+00 -2.209877503909965668e+01 8.499999999999999778e-01
-1.213382341644887319e+01 1.620163082933987753e-01 -1.105249999999994337e+01 4.000000000000000000e+02 -5.055479910317903780e+00 -2.210069419700915816e+01 1.725000000000000089e+00
-1.213377648836435441e+01 1.620130840946287232e-01 -1.105499999999994287e+01 4.000000000000000000e+02 -5.055367116891408052e+00 -2.210308140358266371e+01 2.250000000000000056e-01
-1.213372967436752958e+01 1.620116054419913909e-01 -1.105749999999994237e+01 4.000000000000000000e+02 -5.055205989241076558e+00 -2.210542027593233172e+01 6.550000000000000266e-01
-1.213368297191849798e+01 1.620508026255001455e-01 -1.105999999999994188e+01 4.000000000000000000e+02 -5.054424387263738438e+00 -2.210713867395499221e+01 8.249999999999999556e-01
-1.213363635182935241e+01 1.620763363308476146e-01 -1.106249999999994138e+01 4.000000000000000000e+02 -5.054251665817374395e+00 -2.210946595250862856e+01 7.449999999999999956e-01
-1.213358984227774506e+01 1.620734615476724094e-01 -1.106499999999994088e+01 4.000000000000000000e+02 -5.054200438658572381e+00 -2.211191472534982694e+01 1.400000000000000133e-01
-1.213354344863324030e+01 1.620622608792458286e-01 -1.106749999999994039e+01 4.000000000000000000e+02 -5.053703790701262299e+00 -2.211391807739251547e+01 1.995000000000000107e+00
-1.213349714998431494e+01 1.620390378627186434e-01 -1.106999999999993989e+01 4.000000000000000000e+02 -5.053618588332617456e+00 -2.211633287502387191e+01 1.014999999999999902e+00
-1.213345096513809374e+01 1.620199716490377806e-01 -1.107249999999993939e+01 4.000000000000000000e+02 -5.053519616126732394e+00 -2.211873390281798279e+01 1.975000000000000089e+00
-1.213340489317522675e+01 1.620266835305255448e-01 -1.107499999999993889e+01 4.000000000000000000e+02 -5.053466860427762164e+00 -2.212118114711901384e+01 1.000000000000000021e-02
-1.213335893593861137e+01 1.620452682623380880e-01 -1.107749999999993840e+01 4.000000000000000000e+02 -5.052969956392073136e+00 -2.212318424308332254e+01 1.225000000000000089e+00
-1.213331307277224802e+01 1.620357002482435416e-01 -1.107999999999993790e+01 4.000000000000000000e+02 -5.052956736505787028e+00 -2.212567102319703949e+01 2.999999999999999889e-01
-1.213326732561130683e+01 1.620445316660847068e-01 -1.108249999999993740e+01 4.000000000000000000e+02 -5.052660682559063865e+00 -2.212787496925031405e+01 1.635000000000000009e+00
-1.213322168124941847e+01 1.620516526310062932e-01 -1.108499999999993690e+01 4.000000000000000000e+02 -5.052304157070967250e+00 -2.213001844376221783e+01 3.049999999999999933e-01
-1.213317613669690154e+01 1.620644286663374956e-01 -1.108749999999993641e+01 4.000000000000000000e+02 -5.052009980495165919e+00 -2.213222426718641600e+01 1.189999999999999947e+00
-1.213313069456426518e+01 1.620769458721881273e-01 -1.108999999999993591e+01 4.000000000000000000e+02 -5.051560743441245727e+00 -2.213427503013249620e+01 8.349999999999999645e-01
-1.213308534758573209e+01 1.620890510441484744e-01 -1.109249999999993541e+01 4.000000000000000000e+02 -5.051478536865001701e+00 -2.213669282355624901e+01 8.999999999999999667e-02
-1.213304011216320255e+01 1.620898302863864882e-01 -1.109499999999993491e+01 4.000000000000000000e+02 -5.050919533539953044e+00 -2.213863382023120252e+01 5.100000000000000089e-01
-1.213299496649752385e+01 1.620756959398006458e-01 -1.109749999999993442e+01 4.000000000000000000e+02 -5.050627912701096456e+00 -2.214084219939234188e+01 8.249999999999999556e-01
-1.213294992245188908e+01 1.620907802866181080e-01 -1.109999999999993392e+01 4.000000000000000000e+02 -5.050473806145436839e+00 -2.214318809283668443e+01 1.199999999999999956e+00
-1.213290498597268829e+01 1.620875264887030043e-01 -1.110249999999993342e+01 4.000000000000000000e+02 -5.049798363926780276e+00 -2.214501265061802471e+01 7.650000000000000133e-01
-1.213286013342161773e+01 1.620857635124160201e-01 -1.110499999999993292e+01 4.000000000000000000e+02 -5.049714285388666291e+00 -2.214742857207991378e+01 1.479999999999999982e+00
-1.213281539110438345e+01 1.620844460401844600e-01 -1.110749999999993243e+01 4.000000000000000000e+02 -5.049610347932279808e+00 -2.214982463462352413e+01 6.400000000000000133e-01
-1.213277075785881287e+01 1.620801134236965479e-01 -1.110999999999993193e+01 4.000000000000000000e+02 -5.049467316394741445e+00 -2.215218160308598527e+01 2.399999999999999911e-01
-1.213272623167352471e+01 1.620781051450672916e-01 -1.111249999999993143e+01 4.000000000000000000e+02 -5.049448022149287674e+00 -2.215466230884053189e+01 1.379999999999999893e+00
-1.213268181778284038e+01 1.620691679307129374e-01 -1.111499999999993094e+01 4.000000000000000000e+02 -5.049045581266783600e+00 -2.215675986795802999e+01 1.950000000000000067e-01
-1.213263749892159105e+01 1.620792779064328393e-01 -1.111749999999993044e+01 4.000000000000000000e+02 -5.048869055888955515e+00 -2.215908334258019607e+01 2.399999999999999911e-01
-1.213259328487179722e+01 1.621314339081617317e-01 -1.111999999999992994e+01 4.000000000000000000e+02 -5.048406240166015913e+00 -2.216112052685726042e+01 5.949999999999999734e-01
-1.213254916275131912e+01 1.621274817976533500e-01 -1.112249999999992944e+01 4.000000000000000000e+02 -5.048163921673545218e+00 -2.216337820836478656e+01 4.550000000000000155e-01
-1.213250514207226871e+01 1.620994107628535574e-01 -1.112499999999992895e+01 4.000000000000000000e+02 -5.047908386178703743e+00 -2.216562267286994725e+01 1.320000000000000062e+00
-1.213246122201649690e+01 1.621276226885262350e-01 -1.112749999999992845e+01 4.000000000000000000e+02 -5.047861870766478631e+00 -2.216807615745771898e+01 1.435000000000000053e+00
-1.213241741150762465e+01 1.621239554698795660e-01 -1.112999999999992795e+01 4.000000000000000000e+02 -5.047734126737149829e+00 -2.217044841342839234e+01 4.249999999999999889e-01
-1.213237370671777882e+01 1.621104343844225470e-01 -1.113249999999992745e+01 4.000000000000000000e+02 -5.047639489421981374e+00 -2.217285377611322161e+01 7.049999999999999600e-01
-1.213233010883061880e+01 1.621216767574639728e-01 -1.113499999999992696e+01 4.000000000000000000e+02 -5.047576230201725522e+00 -2.217529051689296438e+01 1.900000000000000022e-01
-1.213228661894463833e+01 1.621287563501452034e-01 -1.113749999999992646e+01 4.000000000000000000e+02 -5.047565859837756186e+00 -2.217778014652899543e+01 1.235000000000000098e+00
-1.213224323908193725e+01 1.621402999137592227e-01 -1.113999999999992596e+01 4.000000000000000000e+02 -5.047506591725906766e+00 -2.218022087841714551e+01 1.435000000000000053e+00
-1.213219996684360069e+01 1.621457275320664360e-01 -1.114249999999992546e+01 4.000000000000000000e+02 -5.047216273543704723e+00 -2.218243056023494120e+01 1.955000000000000071e+00
-1.213215679198378893e+01 1.621465290495115452e-01 -1.114499999999992497e+01 4.000000000000000000e+02 -5.047070957465157548e+00 -2.218478524415639441e+01 1.739999999999999991e+00
-1.213211372052494319e+01 1.621381105086259766e-01 -1.114749999999992447e+01 4.000000000000000000e+02 -5.046907778285028456e+00 -2.218712206497626482e+01 1.875000000000000000e+00
-1.213207075144745062e+01 1.621708422669352334e-01 -1.114999999999992397e+01 4.000000000000000000e+02 -5.046851155986626480e+00 -2.218956544267786413e+01 1.830000000000000071e+00
-1.213202788907099361e+01 1.621504522280186045e-01 -1.115249999999992347e+01 4.000000000000000000e+02 -5.046810628576628766e+00 -2.219202491526786503e+01 4.050000000000000266e-01
-1.213198513381418664e+01 1.621606830719480308e-01 -1.115499999999992298e+01 4.000000000000000000e+02 -5.045863154953294405e+00 -2.219357744164453194e+01 1.879999999999999893e+00
-1.213194244670822641e+01 1.621541361415800575e-01 -1.115749999999992248e+01 4.000000000000000000e+02 -5.045844573910265751e+00 -2.219605886060150013e+01 8.900000000000000133e-01
-1.213189986721089042e+01 1.621494037785243814e-01 -1.115999999999992198e+01 4.000000000000000000e+02 -5.045507462930927112e+00 -2.219822174962216366e+01 4.249999999999999889e-01
-1.213185738151582349e+01 1.621668157718830494e-01 -1.116249999999992149e+01 4.000000000000000000e+02 -5.045004668125796066e+00 -2.220021895481702856e+01 7.650000000000000133e-01
-1.213181498238828837e+01 1.621902723936351765e-01 -1.116499999999992099e+01 4.000000000000000000e+02 -5.044980292577426084e+00 -2.220269457926865897e+01 1.084999999999999964e+00
-1.213177268988619950e+01 1.621853528677743850e-01 -1.116749999999992049e+01 4.000000000000000000e+02 -5.044653720565169586e+00 -2.220486800725640109e+01 1.455000000000000071e+00
-1.213173049098675982e+01 1.622012081065588307e-01 -1.116999999999991999e+01 4.000000000000000000e+02 -5.044322572073419053e+00 -2.220703685876465272e+01 2.750000000000000222e-01
-1.213168838528617854e+01 1.621961727767483319e-01 -1.117249999999991950e+01 4.000000000000000000e+02 -5.044274111434472019e+00 -2.220948839812570341e+01 1.814999999999999947e+00
-1.213164638444926346e+01 1.622164184395396003e-01 -1.117499999999991900e+01 4.000000000000000000e+02 -5.043906476047912868e+00 -2.221162076273914465e+01 1.715000000000000080e+00
-1.213160447483639004e+01 1.622259720310110231e-01 -1.117749999999991850e+01 4.000000000000000000e+02 -5.043743740143423970e+00 -2.221395802683465348e+01 4.699999999999999734e-01
-1.213156266481316337e+01 1.622313769191258415e-01 -1.117999999999991800e+01 4.000000000000000000e+02 -5.043669658133715039e+00 -2.221638394482494760e+01 1.499999999999999944e-02
-1.213152095783635431e+01 1.622080827648316737e-01 -1.118249999999991751e+01 4.000000000000000000e+02 -5.043261265841809227e+00 -2.221847555253303952e+01 8.100000000000000533e-01
-1.213147933973696446e+01 1.622192839629369443e-01 -1.118499999999991701e+01 4.000000000000000000e+02 -5.043026882241998798e+00 -2.222074116893323037e+01 1.969999999999999973e+00
-1.213143781754761008e+01 1.622307973263974745e-01 -1.118749999999991651e+01 4.000000000000000000e+02 -5.042885223805348538e+00 -2.222309951049657784e+01 1.770000000000000018e+00
-1.213139639488431598e+01 1.622306470651807830e-01 -1.118999999999991601e+01 4.000000000000000000e+02 -5.042725881470189186e+00 -2.222544016816141976e+01 1.540000000000000036e+00
-1.213135507077366704e+01 1.622279966352548064e-01 -1.119249999999991552e+01 4.000000000000000000e+02 -5.042493010133121345e+00 -2.222770729682434876e+01 8.549999999999999822e-01
-1.213131384194578999e+01 1.622101352400145136e-01 -1.119499999999991502e+01 4.000000000000000000e+02 -5.042189077924802199e+00 -2.222990336461603178e+01 8.599999999999999867e-01
-1.213127270525402679e+01 1.621564691657021162e-01 -1.119749999999991452e+01 4.000000000000000000e+02 -5.042152564252249114e+00 -2.223236685094347465e+01 1.534999999999999920e+00
-1.213123167146313719e+01 1.621688814447924676e-01 -1.119999999999991402e+01 4.000000000000000000e+02 -5.042002011667742423e+00 -2.223471629835896834e+01 1.965000000000000080e+00
-1.213119073564359951e+01 1.621474661532899264e-01 -1.120249999999991353e+01 4.000000000000000000e+02 -5.041734571948071064e+00 -2.223694885863929471e+01 7.750000000000000222e-01
-1.213114989278387590e+01 1.621854854598804851e-01 -1.120499999999991303e+01 4.000000000000000000e+02 -5.041648388790546775e+00 -2.223936267548177170e+01 1.929999999999999938e+00
-1.213110915005448831e+01 1.621894006437004099e-01 -1.120749999999991253e+01 4.000000000000000000e+02 -5.041495658952704240e+00 -2.224170994564392956e+01 1.814999999999999947e+00
-1.213106850450121144e+01 1.621864656723771836e-01 -1.120999999999991203e+01 4.000000000000000000e+02 -5.041404303798672437e+00 -2.224411859048989726e+01 1.554999999999999938e+00
-1.213102795837686543e+01 1.621861048858854182e-01 -1.121249999999991154e+01 4.000000000000000000e+02 -5.041048391984532806e+00 -2.224626267867575535e+01 1.510000000000000009e+00
-1.213098750073249832e+01 1.621433920966074138e-01 -1.121499999999991104e+01 4.000000000000000000e+02 -5.040822243645822986e+00 -2.224853653033704859e+01 1.324999999999999956e+00
-1.213094713660948365e+01 1.621548120390088610e-01 -1.121749999999991054e+01 4.000000000000000000e+02 -5.040550177864153270e+00 -2.225076446455537393e+01 1.614999999999999991e+00
-1.213090686393873874e+01 1.621256161967715159e-01 -1.121999999999991005e+01 4.000000000000000000e+02 -5.040154527196597734e+00 -2.225286881388782234e+01 8.249999999999999556e-01
-1.213086667754336645e+01 1.621178904370682849e-01 -1.122249999999990955e+01 4.000000000000000000e+02 -5.040044621779772527e+00 -2.225525890847099220e+01 2.750000000000000222e-01
-1.213082658869169173e+01 1.621052559891069389e-01 -1.122499999999990905e+01 4.000000000000000000e+02 -5.039946305955060879e+00 -2.225766059264628183e+01 6.850000000000000533e-01
-1.213078659760652656e+01 1.621206125205986170e-01 -1.122749999999990855e+01 4.000000000000000000e+02 -5.039752779774594238e+00 -2.225996706646581558e+01 1.629999999999999893e+00
-1.213074670024716184e+01 1.621201581408819592e-01 -1.122999999999990806e+01 4.000000000000000000e+02 -5.039672716368465366e+00 -2.226238700305968621e+01 1.479999999999999982e+00
-1.213070690090611947e+01 1.621314726408433493e-01 -1.123249999999990756e+01 4.000000000000000000e+02 -5.039664302069678747e+00 -2.226487858876089732e+01 1.919999999999999929e+00
-1.213066720218312966e+01 1.621496689562970939e-01 -1.123499999999990706e+01 4.000000000000000000e+02 -5.039651547556442956e+00 -2.226736583424766280e+01 1.665000000000000036e+00
-1.213062760364797299e+01 1.621818630695285868e-01 -1.123749999999990656e+01 4.000000000000000000e+02 -5.039631943070810749e+00 -2.226984622976203099e+01 1.449999999999999900e-01
-1.213058810477329530e+01 1.621642909696135726e-01 -1.123999999999990607e+01 4.000000000000000000e+02 -5.039608989472879053e+00 -2.227232327616409790e+01 5.999999999999999778e-02
-1.213054870517239969e+01 1.621524273148959583e-01 -1.124249999999990557e+01 4.000000000000000000e+02 -5.039460517662001315e+00 -2.227467480435321789e+01 1.084999999999999964e+00
-1.213050939965873098e+01 1.621509535849793571e-01 -1.124499999999990507e+01 4.000000000000000000e+02 -5.039362997662195198e+00 -2.227707728435341394e+01 1.549999999999999989e-01
-1.213047019000173599e+01 1.621420331912090396e-01 -1.124749999999990457e+01 4.000000000000000000e+02 -5.039280847591832035e+00 -2.227949513428304940e+01 2.399999999999999911e-01
-1.213043107656506159e+01 1.621366444638830673e-01 -1.124999999999990408e+01 4.000000000000000000e+02 -5.039258496229177986e+00 -2.228197278292039485e+01 1.870000000000000107e+00
-1.213039206144191340e+01 1.621499245942293055e-01 -1.125249999999990358e+01 4.000000000000000000e+02 -5.038902117488946786e+00 -2.228411640418016049e+01 8.050000000000000488e-01
-1.213035313138007254e+01 1.621247473283581875e-01 -1.125499999999990308e+01 4.000000000000000000e+02 -5.038871937716630889e+00 -2.228658622440784853e+01 1.514999999999999902e+00
-1.213031429885973544e+01 1.621021711880897553e-01 -1.125749999999990258e+01 4.000000000000000000e+02 -5.038867259489633099e+00 -2.228908154618084581e+01 5.849999999999999645e-01
-1.213027556462050782e+01 1.620916379424564568e-01 -1.125999999999990209e+01 4.000000000000000000e+02 -5.038491553077259155e+00 -2.229120583976847314e+01 4.500000000000000111e-01
-1.213023691407235205e+01 1.621286193535658449e-01 -1.126249999999990159e+01 4.000000000000000000e+02 -5.038452945166242536e+00 -2.229366723185745514e+01 1.114999999999999991e+00
-1.213019836002966834e+01 1.621061678423337538e-01 -1.126499999999990109e+01 4.000000000000000000e+02 -5.038283139637688812e+00 -2.229599742632890269e+01 1.625000000000000000e+00
-1.213015989720198462e+01 1.620986493370072390e-01 -1.126749999999990060e+01 4.000000000000000000e+02 -5.038152331621202684e+00 -2.229836661831241429e+01 1.185000000000000053e+00
-1.213012152686634693e+01 1.620901112302649549e-01 -1.126999999999990010e+01 4.000000000000000000e+02 -5.037522945805813279e+00 -2.230023723249702527e+01 2.700000000000000178e-01
-1.213008322970781450e+01 1.620640652664498971e-01 -1.127249999999989960e+01 4.000000000000000000e+02 -5.037506160819583911e+00 -2.230272044751079363e+01 1.064999999999999947e+00
-1.213004502899254611e+01 1.620608149454669800e-01 -1.127499999999989910e+01 4.000000000000000000e+02 -5.037301859822022720e+00 -2.230501614651323550e+01 1.254999999999999893e+00
-1.213000691732825942e+01 1.620683811865406554e-01 -1.127749999999989861e+01 4.000000000000000000e+02 -5.037068897205766227e+00 -2.230728318389697762e+01 9.599999999999999645e-01
-1.212996889341419049e+01 1.620414551238864020e-01 -1.127999999999989811e+01 4.000000000000000000e+02 -5.036935145493315780e+00 -2.230964943218452845e+01 1.330000000000000071e+00
-1.212993096080841937e+01 1.620433306643523919e-01 -1.128249999999989761e+01 4.000000000000000000e+02 -5.035710670849789850e+00 -2.231092495754099758e+01 1.459999999999999964e+00
-1.212989307799188232e+01 1.620407991960930993e-01 -1.128499999999989711e+01 4.000000000000000000e+02 -5.035655129781811290e+00 -2.231336941647302297e+01 1.650000000000000078e-01
-1.212985528909504573e+01 1.620337719497701445e-01 -1.128749999999989662e+01 4.000000000000000000e+02 -5.035123231047274217e+00 -2.231533751773848451e+01 1.254999999999999893e+00
-1.212981757592118548e+01 1.620401276985298789e-01 -1.128999999999989612e+01 4.000000000000000000e+02 -5.034998462656888663e+00 -2.231771274934809668e+01 1.784999999999999920e+00
-1.212977995363572070e+01 1.620549454518260823e-01 -1.129249999999989562e+01 4.000000000000000000e+02 -5.034529987332034828e+00 -2.231974427402324324e+01 1.620000000000000107e+00
-1.212974240911435153e+01 1.620495822336892044e-01 -1.129499999999989512e+01 4.000000000000000000e+02 -5.034042624194909443e+00 -2.232175691088611913e+01 5.699999999999999512e-01
-1.212970494148577139e+01 1.620477628098740130e-01 -1.129749999999989463e+01 4.000000000000000000e+02 -5.033336285141905897e+00 -2.232355057183311331e+01 3.649999999999999911e-01
-1.212966754240117773e+01 1.620487692144308434e-01 -1.129999999999989413e+01 4.000000000000000000e+02 -5.033057805348766678e+00 -2.232577209203997626e+01 9.899999999999999911e-01
-1.212963022770117583e+01 1.620404535697595461e-01 -1.130249999999989363e+01 4.000000000000000000e+02 -5.032698592459456499e+00 -2.232791287915066292e+01 1.939999999999999947e+00
-1.212959299418642978e+01 1.620443141573906509e-01 -1.130499999999989313e+01 4.000000000000000000e+02 -5.032575162121173840e+00 -2.233028944881237976e+01 5.000000000000000000e-01
-1.212955585043601126e+01 1.620763796614144991e-01 -1.130749999999989264e+01 4.000000000000000000e+02 -5.032370081043469945e+00 -2.233258436773467537e+01 7.199999999999999734e-01
-1.212951879320461757e+01 1.620743700370227691e-01 -1.130999999999989214e+01 4.000000000000000000e+02 -5.032337370228783691e+00 -2.233505165691999039e+01 2.099999999999999922e-01
-1.212948182865954649e+01 1.620770615050197705e-01 -1.131249999999989164e+01 4.000000000000000000e+02 -5.032191361339201308e+00 -2.233740564803040485e+01 7.600000000000000089e-01
-1.212944495238786224e+01 1.620828567469944081e-01 -1.131499999999989114e+01 4.000000000000000000e+02 -5.030848371217391701e+00 -2.233856265790859652e+01 1.165000000000000036e+00
-1.212940812011516734e+01 1.620764121654345302e-01 -1.131749999999989065e+01 4.000000000000000000e+02 -5.030722092509498644e+00 -2.234093637920070208e+01 5.250000000000000222e-01
-1.212937137652008346e+01 1.620828838817536255e-01 -1.131999999999989015e+01 4.000000000000000000e+02 -5.030476618942908651e+00 -2.234319090563411336e+01 1.314999999999999947e+00
-1.212933471701657950e+01 1.620915503718149964e-01 -1.132249999999988965e+01 4.000000000000000000e+02 -5.029776116967214605e+00 -2.234499040365841438e+01 1.475000000000000089e+00
-1.212929812476270897e+01 1.620820067357116590e-01 -1.132499999999988916e+01 4.000000000000000000e+02 -5.029650762797519548e+00 -2.234736504948872238e+01 3.449999999999999734e-01
-1.212926162063357616e+01 1.620812616400666428e-01 -1.132749999999988866e+01 4.000000000000000000e+02 -5.029233273363058032e+00 -2.234944756005425859e+01 1.705000000000000071e+00
-1.212922519377392483e+01 1.621128181669755919e-01 -1.132999999999988816e+01 4.000000000000000000e+02 -5.029209249578766361e+00 -2.235192353626996820e+01 9.350000000000000533e-01
-1.212918885831669691e+01 1.620756909122214595e-01 -1.133249999999988766e+01 4.000000000000000000e+02 -5.028491626216369248e+00 -2.235370591290756792e+01 6.999999999999999556e-01
-1.212915258888194892e+01 1.620674783147882381e-01 -1.133499999999988717e+01 4.000000000000000000e+02 -5.028369041260336125e+00 -2.235608332795153785e+01 1.580000000000000071e+00
-1.212911640688302484e+01 1.620628919014924230e-01 -1.133749999999988667e+01 4.000000000000000000e+02 -5.028247200905918923e+00 -2.235846148759711838e+01 2.700000000000000178e-01
-1.212908031213286542e+01 1.620720984542640686e-01 -1.133999999999988617e+01 4.000000000000000000e+02 -5.028170699707911417e+00 -2.236088498639911037e+01 1.280000000000000027e+00
-1.212904430605043515e+01 1.620793970850047117e-01 -1.134249999999988567e+01 4.000000000000000000e+02 -5.027941593133448350e+00 -2.236315587982464592e+01 7.700000000000000178e-01
-1.212900838293319339e+01 1.620831284801154404e-01 -1.134499999999988518e+01 4.000000000000000000e+02 -5.027837748478840574e+00 -2.236555203517004031e+01 1.590000000000000080e+00
-1.212897254707607075e+01 1.620847039520609545e-01 -1.134749999999988468e+01 4.000000000000000000e+02 -5.027829831237403901e+00 -2.236804411792860137e+01 1.544999999999999929e+00
-1.212893680169305632e+01 1.620833733078797245e-01 -1.134999999999988418e+01 4.000000000000000000e+02 -5.027794253968426830e+00 -2.237050854065962469e+01 5.000000000000000104e-03
-1.212890114556629051e+01 1.620837911971399758e-01 -1.135249999999988368e+01 4.000000000000000000e+02 -5.027540880508065690e+00 -2.237275516719926216e+01 1.510000000000000009e+00
-1.212886557072264715e+01 1.621033356529468228e-01 -1.135499999999988319e+01 4.000000000000000000e+02 -5.027435903208917090e+00 -2.237515018990011484e+01 2.300000000000000100e-01
-1.212883008224059900e+01 1.621048160933787896e-01 -1.135749999999988269e+01 4.000000000000000000e+02 -5.027059491206412822e+00 -2.237727377789760652e+01 1.185000000000000053e+00
-1.212879467029688563e+01 1.621074482060269883e-01 -1.135999999999988219e+01 4.000000000000000000e+02 -5.026607001916938877e+00 -2.237932128860813563e+01 2.999999999999999889e-02
-1.212875933203544498e+01 1.620813966366973224e-01 -1.136249999999988169e+01 4.000000000000000000e+02 -5.026563278346807273e+00 -2.238177756503799998e+01 1.264999999999999902e+00
-1.212872408171218375e+01 1.621097447041941753e-01 -1.136499999999988120e+01 4.000000000000000000e+02 -5.026535838496479336e+00 -2.238425012518767332e+01 5.999999999999999778e-02
-1.212868891967774587e+01 1.621046291554819885e-01 -1.136749999999988070e+01 4.000000000000000000e+02 -5.025998040512271281e+00 -2.238621232720346299e+01 5.100000000000000089e-01
-1.212865382780336887e+01 1.620982118666094707e-01 -1.136999999999988020e+01 4.000000000000000000e+02 -5.025636849038980891e+00 -2.238835113573017566e+01 7.750000000000000222e-01
-1.212861881213103743e+01 1.621168185331051115e-01 -1.137249999999987971e+01 4.000000000000000000e+02 -5.025520532412499186e+00 -2.239073481910369168e+01 6.149999999999999911e-01
-1.212858388104726259e+01 1.621523469281570817e-01 -1.137499999999987921e+01 4.000000000000000000e+02 -5.025449211492870383e+00 -2.239316349818406238e+01 1.969999999999999973e+00
-1.212854903591264488e+01 1.621452934531220358e-01 -1.137749999999987871e+01 4.000000000000000000e+02 -5.025330819639903801e+00 -2.239554510633109530e+01 1.900000000000000022e-01
-1.212851427487655265e+01 1.621531184430907713e-01 -1.137999999999987821e+01 4.000000000000000000e+02 -5.024924810955017307e+00 -2.239763909764620919e+01 5.000000000000000104e-03
-1.212847958775811108e+01 1.621487631931371187e-01 -1.138249999999987772e+01 4.000000000000000000e+02 -5.024821551637533190e+00 -2.240003583832872280e+01 8.649999999999999911e-01
-1.212844498487498690e+01 1.621455409073317144e-01 -1.138499999999987722e+01 4.000000000000000000e+02 -5.024218220066462237e+00 -2.240193250675765313e+01 1.875000000000000000e+00
-1.212841044875377428e+01 1.621396549462398584e-01 -1.138749999999987672e+01 4.000000000000000000e+02 -5.023843067154949438e+00 -2.240405735384613806e+01 1.675000000000000044e+00
-1.212837598712753717e+01 1.621406347470410458e-01 -1.138999999999987622e+01 4.000000000000000000e+02 -5.023417858265214697e+00 -2.240613214495640548e+01 1.364999999999999991e+00
-1.212834159811172619e+01 1.621382071714618511e-01 -1.139249999999987573e+01 4.000000000000000000e+02 -5.022633130010032865e+00 -2.240784741670121960e+01 1.584999999999999964e+00
-1.212830726921138691e+01 1.621648861974858413e-01 -1.139499999999987523e+01 4.000000000000000000e+02 -5.022260244185336120e+00 -2.240997453087652502e+01 8.950000000000000178e-01
-1.212827301442961137e+01 1.621648786209444193e-01 -1.139749999999987473e+01 4.000000000000000000e+02 -5.021372758616220011e+00 -2.241158704530740664e+01 7.700000000000000178e-01
-1.212823881601017106e+01 1.621747876954414691e-01 -1.139999999999987423e+01 4.000000000000000000e+02 -5.021082565273254694e+00 -2.241379685196444171e+01 1.770000000000000018e+00
-1.212820469424480940e+01 1.621698426172449581e-01 -1.140249999999987374e+01 4.000000000000000000e+02 -5.021070401951402751e+00 -2.241628468864258750e+01 1.900000000000000022e-01
-1.212817065842323849e+01 1.621715395352290034e-01 -1.140499999999987324e+01 4.000000000000000000e+02 -5.020805206025518608e+00 -2.241851949271670463e+01 5.849999999999999645e-01
-1.212813669973465203e+01 1.621705094187319007e-01 -1.140749999999987274e+01 4.000000000000000000e+02 -5.019724458935684197e+00 -2.241993874562686884e+01 1.049999999999999961e-01
-1.212810279035855032e+01 1.621633608197479703e-01 -1.140999999999987224e+01 4.000000000000000000e+02 -5.019224877791420347e+00 -2.242193916448260538e+01 6.550000000000000266e-01
-1.212806894989396334e+01 1.621369993672591436e-01 -1.141249999999987175e+01 4.000000000000000000e+02 -5.019020649994852867e+00 -2.242423493668603740e+01 1.649999999999999911e+00
-1.212803518817146653e+01 1.621332348468537687e-01 -1.141499999999987125e+01 4.000000000000000000e+02 -5.018824579042476586e+00 -2.242653886573366151e+01 1.300000000000000044e-01
-1.212800150527992926e+01 1.621338183813488543e-01 -1.141749999999987075e+01 4.000000000000000000e+02 -5.018455259981451810e+00 -2.242866954667263357e+01 7.800000000000000266e-01
-1.212796789521036445e+01 1.621540828889959374e-01 -1.141999999999987025e+01 4.000000000000000000e+02 -5.017909965655729998e+00 -2.243062425234691304e+01 1.885000000000000009e+00
-1.212793435190071811e+01 1.621651271121667681e-01 -1.142249999999986976e+01 4.000000000000000000e+02 -5.017849017864453920e+00 -2.243306330455563469e+01 7.499999999999999722e-02
-1.212790089142627004e+01 1.621674672010020024e-01 -1.142499999999986926e+01 4.000000000000000000e+02 -5.017312612862689924e+00 -2.243502689955387197e+01 1.209999999999999964e+00
-1.212786749770645045e+01 1.621801913512158355e-01 -1.142749999999986876e+01 4.000000000000000000e+02 -5.017222372047278611e+00 -2.243743665873845927e+01 2.399999999999999911e-01
-1.212783418547165581e+01 1.621813849767084759e-01 -1.142999999999986827e+01 4.000000000000000000e+02 -5.016623736899572528e+00 -2.243933802359075358e+01 1.849999999999999978e-01
-1.212780093762190425e+01 1.621545559918649848e-01 -1.143249999999986777e+01 4.000000000000000000e+02 -5.016335417237332450e+00 -2.244154970392851212e+01 1.040000000000000036e+00
-1.212776776432623471e+01 1.621580463528833893e-01 -1.143499999999986727e+01 4.000000000000000000e+02 -5.016274308086134504e+00 -2.244398859477731634e+01 1.969999999999999973e+00
-1.212773467293444618e+01 1.621553852493473613e-01 -1.143749999999986677e+01 4.000000000000000000e+02 -5.016030006129908791e+00 -2.244624429282108835e+01 1.219999999999999973e+00
-1.212770165719402726e+01 1.621310131012160816e-01 -1.143999999999986628e+01 4.000000000000000000e+02 -5.015967286754097643e+00 -2.244868157344527759e+01 1.650000000000000078e-01
-1.212766872291027553e+01 1.621097494709344555e-01 -1.144249999999986578e+01 4.000000000000000000e+02 -5.015884099806009466e+00 -2.245109838649718625e+01 3.699999999999999956e-01
-1.212763586920713088e+01 1.621193132705740780e-01 -1.144499999999986528e+01 4.000000000000000000e+02 -5.015791975825350413e+00 -2.245350626251653026e+01 1.695000000000000062e+00
-1.212760309559190652e+01 1.621280461169379017e-01 -1.144749999999986478e+01 4.000000000000000000e+02 -5.015281957152473602e+00 -2.245549624384365117e+01 4.749999999999999778e-01
-1.212757038820158861e+01 1.621331506442335590e-01 -1.144999999999986429e+01 4.000000000000000000e+02 -5.015121854178357985e+00 -2.245783614086953506e+01 2.750000000000000222e-01
-1.212753775831971836e+01 1.621275032396246318e-01 -1.145249999999986379e+01 4.000000000000000000e+02 -5.014156398690689187e+00 -2.245937068538186310e+01 5.699999999999999512e-01
-1.212750517953368146e+01 1.621396015122833212e-01 -1.145499999999986329e+01 4.000000000000000000e+02 -5.013826256906902756e+00 -2.246154054359807972e+01 5.749999999999999556e-01
-1.212747267242024662e+01 1.621440111469839573e-01 -1.145749999999986279e+01 4.000000000000000000e+02 -5.013691549360005162e+00 -2.246390583605117897e+01 1.909999999999999920e+00
-1.212744024315771796e+01 1.621680866958795098e-01 -1.145999999999986230e+01 4.000000000000000000e+02 -5.013101981852511990e+00 -2.246581626854368707e+01 1.459999999999999964e+00
-1.212740787683857846e+01 1.621319419699611408e-01 -1.146249999999986180e+01 4.000000000000000000e+02 -5.012939765703608330e+00 -2.246815405239478025e+01 3.400000000000000244e-01
-1.212737558714039920e+01 1.621319150378579821e-01 -1.146499999999986130e+01 4.000000000000000000e+02 -5.012646396577107311e+00 -2.247036068326828229e+01 3.950000000000000178e-01
-1.212734336965425719e+01 1.621407319689283366e-01 -1.146749999999986080e+01 4.000000000000000000e+02 -5.011888950657631625e+00 -2.247210323734880433e+01 1.834999999999999964e+00
-1.212731120929516493e+01 1.621609051167559323e-01 -1.146999999999986031e+01 4.000000000000000000e+02 -5.011864359747590036e+00 -2.247457864643876491e+01 1.735000000000000098e+00
-1.212727912947808839e+01 1.621649352086019236e-01 -1.147249999999985981e+01 4.000000000000000000e+02 -5.011489751997912023e+00 -2.247670403868908551e+01 2.949999999999999845e-01
-1.212724711879660866e+01 1.621638250243311041e-01 -1.147499999999985931e+01 4.000000000000000000e+02 -5.011413368724578987e+00 -2.247912765541575197e+01 1.250000000000000000e-01
-1.212721518662374720e+01 1.621947588552016817e-01 -1.147749999999985882e+01 4.000000000000000000e+02 -5.011187702839738911e+00 -2.248140198953090874e+01 5.649999999999999467e-01
-1.212718332800895027e+01 1.622065608655574032e-01 -1.147999999999985832e+01 4.000000000000000000e+02 -5.011054950278730935e+00 -2.248376923696990204e+01 4.699999999999999734e-01
-1.212715154573352550e+01 1.621904728620333358e-01 -1.148249999999985782e+01 4.000000000000000000e+02 -5.010313633784892140e+00 -2.248552792047606275e+01 5.899999999999999689e-01
-1.212711982031136237e+01 1.621958149351452605e-01 -1.148499999999985732e+01 4.000000000000000000e+02 -5.010258611250732130e+00 -2.248797289794190135e+01 1.185000000000000053e+00
-1.212708817336517875e+01 1.621983950632479854e-01 -1.148749999999985683e+01 4.000000000000000000e+02 -5.010198675916054611e+00 -2.249041296260722333e+01 1.665000000000000036e+00
-1.212705660454329504e+01 1.622035437885845921e-01 -1.148999999999985633e+01 4.000000000000000000e+02 -5.009819441547096019e+00 -2.249253372823826425e+01 3.500000000000000333e-02
-1.212702510359393671e+01 1.621913556342634288e-01 -1.149249999999985583e+01 4.000000000000000000e+02 -5.009796251312018001e+00 -2.249501053800318573e+01 1.350000000000000089e+00
-1.212699368155849378e+01 1.621902312342566876e-01 -1.149499999999985533e+01 4.000000000000000000e+02 -5.009444546289830491e+00 -2.249715883298100039e+01 9.200000000000000400e-01
-1.212696232793853213e+01 1.622230267441228668e-01 -1.149749999999985484e+01 4.000000000000000000e+02 -5.009434903369988312e+00 -2.249964919006115593e+01 5.999999999999999778e-01
-1.212693105328248855e+01 1.622275924627502586e-01 -1.149999999999985434e+01 4.000000000000000000e+02 -5.009344328029568416e+00 -2.250205861472073821e+01 1.989999999999999991e+00
-1.212689985486421129e+01 1.622168971534415360e-01 -1.150249999999985384e+01 4.000000000000000000e+02 -5.009226966878006060e+00 -2.250444125356917269e+01 1.270000000000000018e+00
-1.212686873166185109e+01 1.622734678172729483e-01 -1.150499999999985334e+01 4.000000000000000000e+02 -5.009181762430494622e+00 -2.250689604912166075e+01 3.900000000000000133e-01
-1.212683768573195664e+01 1.622779400462877053e-01 -1.150749999999985285e+01 4.000000000000000000e+02 -5.009096974337404085e+00 -2.250931126102856794e+01 1.350000000000000089e+00
-1.212680671565441948e+01 1.623023634850926378e-01 -1.150999999999985235e+01 4.000000000000000000e+02 -5.009092501831348798e+00 -2.251180678852251305e+01 3.699999999999999956e-01
-1.212677582372274010e+01 1.622945597407955409e-01 -1.151249999999985185e+01 4.000000000000000000e+02 -5.008721504369221478e+00 -2.251393579106038345e+01 4.749999999999999778e-01
-1.212674499844134068e+01 1.623086710606859717e-01 -1.151499999999985135e+01 4.000000000000000000e+02 -5.008508665411335770e+00 -2.251622295210250257e+01 8.900000000000000133e-01
-1.212671424452867619e+01 1.622762569915932040e-01 -1.151749999999985086e+01 4.000000000000000000e+02 -5.007849489117794484e+00 -2.251806377580895813e+01 1.635000000000000009e+00
-1.212668354811963489e+01 1.622867808835029568e-01 -1.151999999999985036e+01 4.000000000000000000e+02 -5.007805749051788879e+00 -2.252052003574295469e+01 5.749999999999999556e-01
-1.212665292795520600e+01 1.622787658799738353e-01 -1.152249999999984986e+01 4.000000000000000000e+02 -5.007569851190260657e+00 -2.252278413788142331e+01 4.499999999999999833e-02
-1.212662237797392173e+01 1.622811632979573038e-01 -1.152499999999984936e+01 4.000000000000000000e+02 -5.007524740572204536e+00 -2.252523902726336757e+01 5.250000000000000222e-01
-1.212659190382732532e+01 1.622813373240629686e-01 -1.152749999999984887e+01 4.000000000000000000e+02 -5.007080391956806764e+00 -2.252729467864796931e+01 1.659999999999999920e+00
-1.212656149318639365e+01 1.622823633413312816e-01 -1.152999999999984837e+01 4.000000000000000000e+02 -5.006900167453982142e+00 -2.252961445414514330e+01 4.199999999999999845e-01
-1.212653115393112735e+01 1.622435618408347713e-01 -1.153249999999984787e+01 4.000000000000000000e+02 -5.006578571855420101e+00 -2.253179285854658076e+01 1.469999999999999973e+00
-1.212650088161253414e+01 1.622671440080116212e-01 -1.153499999999984738e+01 4.000000000000000000e+02 -5.005950205764916561e+00 -2.253366449245607583e+01 2.849999999999999756e-01
-1.212647066681346786e+01 1.622344323277773448e-01 -1.153749999999984688e+01 4.000000000000000000e+02 -5.005779748955490938e+00 -2.253599403564664883e+01 1.225000000000000089e+00
-1.212644052322888299e+01 1.622368577398151379e-01 -1.153999999999984638e+01 4.000000000000000000e+02 -5.005738084547204814e+00 -2.253845237123836398e+01 1.604999999999999982e+00
-1.212641045456159894e+01 1.622502761952334394e-01 -1.154249999999984588e+01 4.000000000000000000e+02 -5.005711535404017809e+00 -2.254092582209517559e+01 1.909999999999999920e+00
-1.212638046107653089e+01 1.622493197347759375e-01 -1.154499999999984539e+01 4.000000000000000000e+02 -5.005471187579927594e+00 -2.254318547427108754e+01 2.049999999999999878e-01
-1.212635053618632952e+01 1.622519209697300402e-01 -1.154749999999984489e+01 4.000000000000000000e+02 -5.005412293174976490e+00 -2.254562657986613416e+01 1.139999999999999902e+00
-1.212632068514905725e+01 1.622501632704790031e-01 -1.154999999999984439e+01 4.000000000000000000e+02 -5.004990685875890577e+00 -2.254770497256704687e+01 1.254999999999999893e+00
-1.212629089697781737e+01 1.622566711965851005e-01 -1.155249999999984389e+01 4.000000000000000000e+02 -5.004808798169102957e+00 -2.255002308486025697e+01 1.150000000000000050e-01
-1.212626117866316022e+01 1.622617961858859870e-01 -1.155499999999984340e+01 4.000000000000000000e+02 -5.004807753156997663e+00 -2.255252203984815651e+01 3.500000000000000333e-02
-1.212623153540036647e+01 1.622812129048176177e-01 -1.155749999999984290e+01 4.000000000000000000e+02 -5.004632032519294782e+00 -2.255484631921044780e+01 3.400000000000000244e-01
-1.212620196183242882e+01 1.622676695843751904e-01 -1.155999999999984240e+01 4.000000000000000000e+02 -5.004591407151768756e+00 -2.255730569384292394e+01 9.500000000000000111e-02
-1.212617246177895858e+01 1.622688508382207073e-01 -1.156249999999984190e+01 4.000000000000000000e+02 -5.004082462617031268e+00 -2.255929674930818507e+01 6.199999999999999956e-01
-1.212614302127092891e+01 1.622849033560942178e-01 -1.156499999999984141e+01 4.000000000000000000e+02 -5.003310649498060592e+00 -2.256102493618921656e+01 3.800000000000000044e-01
-1.212611363246213436e+01 1.622958688832634722e-01 -1.156749999999984091e+01 4.000000000000000000e+02 -5.001874066201602353e+00 -2.256208835289275427e+01 1.475000000000000089e+00
-1.212608427575158032e+01 1.622785682836853649e-01 -1.156999999999984041e+01 4.000000000000000000e+02 -5.001729570964887017e+00 -2.256444385765604110e+01 4.899999999999999911e-01
-1.212605498896827250e+01 1.622889977329790845e-01 -1.157249999999983991e+01 4.000000000000000000e+02 -5.001625231185328424e+00 -2.256683951787648112e+01 1.100000000000000089e+00
-1.212602577311678687e+01 1.622872227856953509e-01 -1.157499999999983942e+01 4.000000000000000000e+02 -5.001426131925853724e+00 -2.256914041861700682e+01 1.334999999999999964e+00
-1.212599662526139888e+01 1.622923844695528250e-01 -1.157749999999983892e+01 4.000000000000000000e+02 -5.001409066218830191e+00 -2.257162335290998101e+01 1.070000000000000062e+00
-1.212596755053486142e+01 1.622919454317371113e-01 -1.157999999999983842e+01 4.000000000000000000e+02 -5.001397925500000952e+00 -2.257411221219115305e+01 1.100000000000000006e-01
-1.212593854892341838e+01 1.622918469218570525e-01 -1.158249999999983793e+01 4.000000000000000000e+02 -5.001310301746525688e+00 -2.257652458843767462e+01 1.499999999999999944e-02
-1.212590961802848533e+01 1.622891822158591124e-01 -1.158499999999983743e+01 4.000000000000000000e+02 -5.000981326863440657e+00 -2.257869561355459354e+01 1.405000000000000027e+00
-1.212588075070937066e+01 1.622835080422061760e-01 -1.158749999999983693e+01 4.000000000000000000e+02 -5.000976768622027890e+00 -2.258119105531317672e+01 1.965000000000000080e+00
-1.212585195616734879e+01 1.622839123489688840e-01 -1.158999999999983643e+01 4.000000000000000000e+02 -5.000890004497971830e+00 -2.258360429118912194e+01 1.264999999999999902e+00
-1.212582323185567645e+01 1.622942733534188942e-01 -1.159249999999983594e+01 4.000000000000000000e+02 -5.000712168307585692e+00 -2.258592645499873441e+01 4.899999999999999911e-01
-1.212579457499136915e+01 1.622853356570488625e-01 -1.159499999999983544e+01 4.000000000000000000e+02 -5.000507958806412745e+00 -2.258822224549756186e+01 3.699999999999999956e-01
-1.212576598466012534e+01 1.623049822461170577e-01 -1.159749999999983494e+01 4.000000000000000000e+02 -5.000422600619109481e+00 -2.259063688731025721e+01 1.389999999999999902e+00
-1.212573746409543851e+01 1.623066754861473837e-01 -1.159999999999983444e+01 4.000000000000000000e+02 -5.000332776674495605e+00 -2.259304706336564550e+01 5.000000000000000278e-02
-1.212570901299802806e+01 1.623139510516126427e-01 -1.160249999999983395e+01 4.000000000000000000e+02 -5.000258774662940553e+00 -2.259547306135408462e+01 1.735000000000000098e+00
-1.212568063164576948e+01 1.623083517144490451e-01 -1.160499999999983345e+01 4.000000000000000000e+02 -5.000148587074138895e+00 -2.259786287376528691e+01 8.249999999999999556e-01
-1.212565231884123307e+01 1.623503620129567726e-01 -1.160749999999983295e+01 4.000000000000000000e+02 -5.000138261134221551e+00 -2.260035254782536640e+01 9.499999999999999556e-01
-1.212562407723728164e+01 1.623646937002784785e-01 -1.160999999999983245e+01 4.000000000000000000e+02 -4.999970843859725456e+00 -2.260268513055087070e+01 5.500000000000000028e-02
-1.212559590222721795e+01 1.623641894497023508e-01 -1.161249999999983196e+01 4.000000000000000000e+02 -4.999894946795337525e+00 -2.260510923348648049e+01 8.399999999999999689e-01
-1.212556779622449277e+01 1.623670840201366095e-01 -1.161499999999983146e+01 4.000000000000000000e+02 -4.999781752780903865e+00 -2.260749603947204989e+01 2.000000000000000042e-02
-1.212553975801245087e+01 1.623733084400205418e-01 -1.161749999999983096e+01 4.000000000000000000e+02 -4.999184632930208316e+00 -2.260939891962135206e+01 1.149999999999999911e+00
-1.212551177388691492e+01 1.623964859014292716e-01 -1.161999999999983046e+01 4.000000000000000000e+02 -4.999125138664564538e+00 -2.261183942535570779e+01 1.370000000000000107e+00
-1.212548385875375700e+01 1.623857579418193642e-01 -1.162249999999982997e+01 4.000000000000000000e+02 -4.998923544328453872e+00 -2.261413783101959751e+01 7.399999999999999911e-01
-1.212545600848377347e+01 1.623896815347550537e-01 -1.162499999999982947e+01 4.000000000000000000e+02 -4.998549678147921504e+00 -2.261626396483906376e+01 1.749999999999999889e-01
-1.212542821813743465e+01 1.623848342591473204e-01 -1.162749999999982897e+01 4.000000000000000000e+02 -4.998429473036195780e+00 -2.261864375972733754e+01 4.249999999999999889e-01
-1.212540049461731861e+01 1.623802435749206186e-01 -1.162999999999982847e+01 4.000000000000000000e+02 -4.998098239904252615e+00 -2.262081252659539388e+01 2.049999999999999878e-01
-1.212537283192397908e+01 1.623910210011422495e-01 -1.163249999999982798e+01 4.000000000000000000e+02 -4.997831231417265485e+00 -2.262304551810840536e+01 1.679999999999999938e+00
-1.212534523169492751e+01 1.623868611007715512e-01 -1.163499999999982748e+01 4.000000000000000000e+02 -4.997710234140776642e+00 -2.262542452083191691e+01 8.649999999999999911e-01
-1.212531769780789404e+01 1.623847694015318477e-01 -1.163749999999982698e+01 4.000000000000000000e+02 -4.997479654876523014e+00 -2.262769394156766367e+01 1.245000000000000107e+00
-1.212529022709150262e+01 1.623729797532929287e-01 -1.163999999999982649e+01 4.000000000000000000e+02 -4.997008272850687938e+00 -2.262972255954182899e+01 1.649999999999999911e+00
-1.212526281279854068e+01 1.623803340424614661e-01 -1.164249999999982599e+01 4.000000000000000000e+02 -4.996884478838112820e+00 -2.263209876552924982e+01 1.834999999999999964e+00
-1.212523546431910049e+01 1.624125369923351825e-01 -1.164499999999982549e+01 4.000000000000000000e+02 -4.996506282307677793e+00 -2.263422056899881696e+01 8.299999999999999600e-01
-1.212520817455178346e+01 1.624397788510247853e-01 -1.164749999999982499e+01 4.000000000000000000e+02 -4.996432840734732928e+00 -2.263664712742587071e+01 9.150000000000000355e-01
-1.212518095166640819e+01 1.624725184991766824e-01 -1.164999999999982450e+01 4.000000000000000000e+02 -4.996321943829166834e+00 -2.263903623052030412e+01 1.020000000000000018e+00
-1.212515379448009867e+01 1.624711570865095545e-01 -1.165249999999982400e+01 4.000000000000000000e+02 -4.996044572032652731e+00 -2.264125885872378774e+01 5.000000000000000104e-03
-1.212512669832212531e+01 1.624666219078746976e-01 -1.165499999999982350e+01 4.000000000000000000e+02 -4.996007789586917269e+00 -2.264372207627805267e+01 1.179999999999999938e+00
-1.212509966955722440e+01 1.624541162326977040e-01 -1.165749999999982300e+01 4.000000000000000000e+02 -4.995863907097351841e+00 -2.264607819378848674e+01 4.199999999999999845e-01
-1.212507270512826452e+01 1.624495962393215920e-01 -1.165999999999982251e+01 4.000000000000000000e+02 -4.995785852652547376e+00 -2.264850013934368178e+01 1.885000000000000009e+00
-1.212504580665108733e+01 1.624477252686434281e-01 -1.166249999999982201e+01 4.000000000000000000e+02 -4.995157343569933239e+00 -2.265037163026106626e+01 1.000000000000000021e-02
-1.212501895918857109e+01 1.624361621849205184e-01 -1.166499999999982151e+01 4.000000000000000000e+02 -4.995113573150581132e+00 -2.265282785984171454e+01 1.594999999999999973e+00
-1.212499217830678333e+01 1.624540756458920654e-01 -1.166749999999982101e+01 4.000000000000000000e+02 -4.995043549656861259e+00 -2.265525783634799240e+01 1.000000000000000021e-02
-1.212496546313749235e+01 1.624428451009749530e-01 -1.166999999999982052e+01 4.000000000000000000e+02 -4.994964276851462159e+00 -2.265767856354259635e+01 1.485000000000000098e+00
-1.212493881327122125e+01 1.624456815313411462e-01 -1.167249999999982002e+01 4.000000000000000000e+02 -4.994838261237863897e+00 -2.266005254792899493e+01 1.770000000000000018e+00
-1.212491222730395179e+01 1.624621029488937940e-01 -1.167499999999981952e+01 4.000000000000000000e+02 -4.994635869285628083e+00 -2.266235015597676039e+01 1.699999999999999956e+00
-1.212488570305505853e+01 1.624774086844301413e-01 -1.167749999999981902e+01 4.000000000000000000e+02 -4.994607562962402270e+00 -2.266482184965353497e+01 1.125000000000000000e+00
-1.212485924498594336e+01 1.624871025916788669e-01 -1.167999999999981853e+01 4.000000000000000000e+02 -4.994524968267903375e+00 -2.266723925495903558e+01 1.399999999999999911e+00
-1.212483285149693657e+01 1.624752848105916747e-01 -1.168249999999981803e+01 4.000000000000000000e+02 -4.994259606252071215e+00 -2.266947389294320203e+01 7.650000000000000133e-01
-1.212480651761623918e+01 1.624873353621993088e-01 -1.168499999999981753e+01 4.000000000000000000e+02 -4.994123106630036446e+00 -2.267183739332116943e+01 1.425000000000000044e+00
-1.212478024659318621e+01 1.624953523601335714e-01 -1.168749999999981704e+01 4.000000000000000000e+02 -4.993934653435076143e+00 -2.267414894012620508e+01 1.985000000000000098e+00
-1.212475403691446019e+01 1.625121812615452910e-01 -1.168999999999981654e+01 4.000000000000000000e+02 -4.993740865500210013e+00 -2.267645515219134111e+01 1.669999999999999929e+00
-1.212472788829572323e+01 1.624972431901569869e-01 -1.169249999999981604e+01 4.000000000000000000e+02 -4.993737978376989517e+00 -2.267895226506811923e+01 1.114999999999999991e+00
-1.212470180557275690e+01 1.624966043497283741e-01 -1.169499999999981554e+01 4.000000000000000000e+02 -4.993623989335241653e+00 -2.268133827602636998e+01 1.520000000000000018e+00
-1.212467578568712945e+01 1.625218365128460185e-01 -1.169749999999981505e+01 4.000000000000000000e+02 -4.993357298414768053e+00 -2.268357158510589500e+01 5.749999999999999556e-01
-1.212464982452186035e+01 1.625242878907777189e-01 -1.169999999999981455e+01 4.000000000000000000e+02 -4.993235453748271269e+00 -2.268594974043939771e+01 1.709999999999999964e+00
-1.212462392569448433e+01 1.625202265397080181e-01 -1.170249999999981405e+01 4.000000000000000000e+02 -4.993019867151471836e+00 -2.268823415384259690e+01 1.729999999999999982e+00
-1.212459808663165006e+01 1.625366371197143056e-01 -1.170499999999981355e+01 4.000000000000000000e+02 -4.992485721422082356e+00 -2.269020000811320870e+01 1.064999999999999947e+00
-1.212457229898042499e+01 1.625382526395512672e-01 -1.170749999999981306e+01 4.000000000000000000e+02 -4.992356940996584669e+00 -2.269257122768770785e+01 5.500000000000000028e-02
-1.212454657306756900e+01 1.625382492450114236e-01 -1.170999999999981256e+01 4.000000000000000000e+02 -4.992193212526612633e+00 -2.269490749921773798e+01 1.245000000000000107e+00
-1.212452090784676706e+01 1.625385348582593648e-01 -1.171249999999981206e+01 4.000000000000000000e+02 -4.992172750649361390e+00 -2.269738703734048357e+01 1.449999999999999900e-01
-1.212449530684127019e+01 1.625498465502583645e-01 -1.171499999999981156e+01 4.000000000000000000e+02 -4.992151943058952490e+00 -2.269986622975007862e+01 1.774999999999999911e+00
-1.212446976987994240e+01 1.625436859825871161e-01 -1.171749999999981107e+01 4.000000000000000000e+02 -4.992112762542761928e+00 -2.270232704923388667e+01 1.340000000000000080e+00
-1.212444429633292664e+01 1.625550860371855200e-01 -1.171999999999981057e+01 4.000000000000000000e+02 -4.992076189093419991e+00 -2.270479047578454512e+01 5.699999999999999512e-01
-1.212441888610738516e+01 1.625386751521565587e-01 -1.172249999999981007e+01 4.000000000000000000e+02 -4.992048875821110343e+00 -2.270726316251223409e+01 4.099999999999999756e-01
-1.212439353927902808e+01 1.625366452925754435e-01 -1.172499999999980957e+01 4.000000000000000000e+02 -4.991727794194015466e+00 -2.270944208088513960e+01 2.449999999999999956e-01
-1.212436824825956450e+01 1.625467556687427428e-01 -1.172749999999980908e+01 4.000000000000000000e+02 -4.991662081174493615e+00 -2.271187636786561370e+01 9.000000000000000222e-01
-1.212434301936811565e+01 1.625656268591730291e-01 -1.172999999999980858e+01 4.000000000000000000e+02 -4.991607684608961648e+00 -2.271432197130008390e+01 8.649999999999999911e-01
-1.212431785273529528e+01 1.625796417229878610e-01 -1.173249999999980808e+01 4.000000000000000000e+02 -4.991535303222852882e+00 -2.271674958991397375e+01 1.849999999999999978e-01
-1.212429274775440646e+01 1.625806814258606292e-01 -1.173499999999980759e+01 4.000000000000000000e+02 -4.991334496442304314e+00 -2.271904878313342380e+01 1.590000000000000080e+00
-1.212426770105648899e+01 1.625787270389594807e-01 -1.173749999999980709e+01 4.000000000000000000e+02 -4.990766757760069616e+00 -2.272098104445118949e+01 2.449999999999999956e-01
-1.212424270333411513e+01 1.625766857365816831e-01 -1.173999999999980659e+01 4.000000000000000000e+02 -4.990025139435538826e+00 -2.272273942612665820e+01 4.949999999999999956e-01
-1.212421775015187997e+01 1.625804997756551684e-01 -1.174249999999980609e+01 4.000000000000000000e+02 -4.989807571674848674e+00 -2.272502185836596666e+01 1.070000000000000062e+00
-1.212419285447916373e+01 1.625797937172402396e-01 -1.174499999999980560e+01 4.000000000000000000e+02 -4.989432269535646114e+00 -2.272714655622676361e+01 1.945000000000000062e+00
-1.212416801226388330e+01 1.625749945413008657e-01 -1.174749999999980510e+01 4.000000000000000000e+02 -4.989403527200134469e+00 -2.272961781389125235e+01 1.245000000000000107e+00
-1.212414323197915955e+01 1.625678825760798196e-01 -1.174999999999980460e+01 4.000000000000000000e+02 -4.989270504633893211e+00 -2.273198479132501149e+01 1.604999999999999982e+00
-1.212411851089132142e+01 1.625720876092916489e-01 -1.175249999999980410e+01 4.000000000000000000e+02 -4.989210371460328197e+00 -2.273442465815144331e+01 8.199999999999999512e-01
-1.212409385065500800e+01 1.625787901449041173e-01 -1.175499999999980361e+01 4.000000000000000000e+02 -4.988976136773911385e+00 -2.273669042346502778e+01 1.375000000000000000e+00
-1.212406924683580023e+01 1.625885749492389787e-01 -1.175749999999980311e+01 4.000000000000000000e+02 -4.988395122229102974e+00 -2.273860940892021887e+01 1.524999999999999911e+00
-1.212404469078928493e+01 1.625922007425835147e-01 -1.175999999999980261e+01 4.000000000000000000e+02 -4.988055974638411882e+00 -2.274077026132952994e+01 1.909999999999999920e+00
-1.212402018834850637e+01 1.625958424197808116e-01 -1.176249999999980211e+01 4.000000000000000000e+02 -4.987649846317768976e+00 -2.274286413300888299e+01 1.760000000000000009e+00
-1.212399573775749317e+01 1.625942012121323055e-01 -1.176499999999980162e+01 4.000000000000000000e+02 -4.987373195296716410e+00 -2.274508748198783081e+01 1.935000000000000053e+00
-1.212397134206411486e+01 1.626005943479399696e-01 -1.176749999999980112e+01 4.000000000000000000e+02 -4.986752713348102439e+00 -2.274696700003921634e+01 1.155000000000000027e+00
-1.212394699277327881e+01 1.626111512687670457e-01 -1.176999999999980062e+01 4.000000000000000000e+02 -4.986378245512483431e+00 -2.274909253220359773e+01 3.200000000000000067e-01
-1.212392269577366655e+01 1.626294636305050112e-01 -1.177249999999980012e+01 4.000000000000000000e+02 -4.986217556480343482e+00 -2.275143184317145639e+01 2.149999999999999967e-01
-1.212389845613412476e+01 1.626126818314701239e-01 -1.177499999999979963e+01 4.000000000000000000e+02 -4.985888592429386534e+00 -2.275360287912049984e+01 1.905000000000000027e+00
-1.212387426964826354e+01 1.626082727434793873e-01 -1.177749999999979913e+01 4.000000000000000000e+02 -4.985859234215745062e+00 -2.275607352090685609e+01 5.899999999999999689e-01
-1.212385014342759604e+01 1.626073740304226356e-01 -1.177999999999979863e+01 4.000000000000000000e+02 -4.985234173081183329e+00 -2.275794845977229386e+01 6.350000000000000089e-01
-1.212382606298016263e+01 1.626085452915478902e-01 -1.178249999999979813e+01 4.000000000000000000e+02 -4.985003057067786791e+00 -2.276021734375889594e+01 1.695000000000000062e+00
-1.212380203768442044e+01 1.626357802439836742e-01 -1.178499999999979764e+01 4.000000000000000000e+02 -4.984916988394100024e+00 -2.276263127508521222e+01 4.849999999999999867e-01
-1.212377807088926573e+01 1.626355811638741378e-01 -1.178749999999979714e+01 4.000000000000000000e+02 -4.984906596371695642e+00 -2.276512088306280646e+01 1.100000000000000006e-01
-1.212375416426007568e+01 1.626301937149428889e-01 -1.178999999999979664e+01 4.000000000000000000e+02 -4.984890574372431438e+00 -2.276635512148020979e+01 nan
-1.212373028768961980e+01 1.626271820800704593e-01 -1.179250313021791463e+01 3.990000000000000000e+02 -4.984751767150774171e+00 -2.276621631425854986e+01 nan
-1.212370640837488978e+01 1.626230834032798833e-01 -1.179501254182333980e+01 3.980000000000000000e+02 -4.984594794051909084e+00 -2.276605934115968566e+01 nan
-1.212368252588179729e+01 1.626346139547221736e-01 -1.179752826642058672e+01 3.970000000000000000e+02 -4.984420402464362354e+00 -2.276588494957213982e+01 nan
-1.212365863979394476e+01 1.626357731773868109e-01 -1.180005033585329599e+01 3.960000000000000000e+02 -4.984382054249312688e+00 -2.276584660135709015e+01 nan
-1.212363475336065122e+01 1.626307606805375006e-01 -1.180257878220665546e+01 3.950000000000000000e+02 -4.983759138759274343e+00 -2.276522368586705269e+01 nan
-1.212361085261457383e+01 1.626343529002626798e-01 -1.180511363780984269e+01 3.940000000000000000e+02 -4.983439233494940446e+00 -2.276490378060271880e+01 nan
-1.212358694479280530e+01 1.626323822011483400e-01 -1.180765493523851539e+01 3.930000000000000000e+02 -4.983036146074627304e+00 -2.276450069318240566e+01 nan
-1.212356302790406737e+01 1.626350324292518412e-01 -1.181020270731731436e+01 3.920000000000000000e+02 -4.982943304362183135e+00 -2.276440785146996149e+01 nan
-1.212353910936682588e+01 1.626358616619132114e-01 -1.181275698712241073e+01 3.910000000000000000e+02 -4.982900547929649093e+00 -2.276436509503742656e+01 nan
-1.212351519037900971e+01 1.626378677975516829e-01 -1.181531780798408526e+01 3.900000000000000000e+02 -4.982899267063169546e+00 -2.276436381417094879e+01 nan
-1.212349127193266263e+01 1.626511684727876272e-01 -1.181788520348933069e+01 3.890000000000000000e+02 -4.982666781045166360e+00 -2.276413132815294205e+01 nan
-1.212346734849724328e+01 1.626450267954349937e-01 -1.182045920748450385e+01 3.880000000000000000e+02 -4.982076615562483823e+00 -2.276354116267026129e+01 nan
-1.212344341151169402e+01 1.626368109174423926e-01 -1.182303985407799551e+01 3.870000000000000000e+02 -4.982072675149207264e+00 -2.276353722225698561e+01 nan
-1.212341947500479300e+01 1.626336448199631191e-01 -1.182562717764294646e+01 3.860000000000000000e+02 -4.981995499277183548e+00 -2.276346004638496012e+01 nan
-1.212339553722350871e+01 1.626335108689190567e-01 -1.182822121281999372e+01 3.850000000000000000e+02 -4.981865618312739663e+00 -2.276333016542051624e+01 nan
-1.212337159690607535e+01 1.626327754649334323e-01 -1.183082199452005057e+01 3.840000000000000000e+02 -4.981716180942330929e+00 -2.276318072805010928e+01 nan
-1.212334765358404987e+01 1.626247963970137711e-01 -1.183342955792713092e+01 3.830000000000000000e+02 -4.981357649395552478e+00 -2.276282219650332905e+01 nan
-1.212332370224962652e+01 1.626349301877634546e-01 -1.183604393850120218e+01 3.820000000000000000e+02 -4.981332198760761720e+00 -2.276279674586853830e+01 nan
-1.212329975087929412e+01 1.626379180841675542e-01 -1.183866517198107715e+01 3.810000000000000000e+02 -4.981240643067305740e+00 -2.276270519017508320e+01 nan
-1.212327579788970944e+01 1.626366644993531008e-01 -1.184129329438734679e+01 3.800000000000000000e+02 -4.981109548654375274e+00 -2.276257409576215451e+01 nan
-1.212325184233366038e+01 1.626406438368573348e-01 -1.184392834202535205e+01 3.790000000000000000e+02 -4.980914926941840903e+00 -2.276237947404961659e+01 nan
-1.212322788268890861e+01 1.626494589031160509e-01 -1.184657035148819126e+01 3.780000000000000000e+02 -4.980902092414205562e+00 -2.276236663952198569e+01 nan
-1.212320392331070629e+01 1.626484091400508536e-01 -1.184921935965976836e+01 3.770000000000000000e+02 -4.980870388441370977e+00 -2.276233493554915199e+01 nan
-1.212317996374694928e+01 1.626487900213920701e-01 -1.185187540371788373e+01 3.760000000000000000e+02 -4.980860964523757595e+00 -2.276232551163153417e+01 nan
-1.212315600453145414e+01 1.626472174576268359e-01 -1.185453852113736772e+01 3.750000000000000000e+02 -4.980523321060686293e+00 -2.276198786816846464e+01 nan
-1.212313203779924109e+01 1.626562229415418337e-01 -1.185720874969324612e+01 3.740000000000000000e+02 -4.980457865771334092e+00 -2.276192241287911244e+01 nan
-1.212310807007267499e+01 1.626594780096255188e-01 -1.185988612746396242e+01 3.730000000000000000e+02 -4.980321236068427027e+00 -2.276178578317620449e+01 nan
-1.212308409964573741e+01 1.626610958371348115e-01 -1.186257069283463217e+01 3.720000000000000000e+02 -4.980088450436589653e+00 -2.276155299754436712e+01 nan
-1.212306012421294810e+01 1.626707940281681697e-01 -1.186526248450034338e+01 3.710000000000000000e+02 -4.980067269710581890e+00 -2.276153181681835846e+01 nan
-1.212303614884716119e+01 1.626627525772751381e-01 -1.186796154146950855e+01 3.700000000000000000e+02 -4.979611464496499273e+00 -2.276107601160427762e+01 nan
-1.212301216312598484e+01 1.626724426061234019e-01 -1.187066790306725217e+01 3.690000000000000000e+02 -4.979545988892296826e+00 -2.276101053600007873e+01 nan
-1.212298817640963478e+01 1.626774467011024017e-01 -1.187338160893884798e+01 3.680000000000000000e+02 -4.979403224880194934e+00 -2.276086777198797506e+01 nan
-1.212296418684407229e+01 1.626785060183741360e-01 -1.187610269905320948e+01 3.670000000000000000e+02 -4.979258563644920699e+00 -2.276072311075269994e+01 nan
-1.212294019438350823e+01 1.626766276208867212e-01 -1.187883121370641426e+01 3.660000000000000000e+02 -4.979251258727842355e+00 -2.276071580583562337e+01 nan
-1.212291620232331191e+01 1.626693009023782444e-01 -1.188156719352528867e+01 3.650000000000000000e+02 -4.978823669541274199e+00 -2.276028821664905522e+01 nan
-1.212289220057815164e+01 1.626692877897789602e-01 -1.188431067947103870e+01 3.640000000000000000e+02 -4.978649048658486009e+00 -2.276011359576626703e+01 nan
-1.212286819521763981e+01 1.626690708150013709e-01 -1.188706171284292878e+01 3.630000000000000000e+02 -4.978521641453300006e+00 -2.275998618856107925e+01 nan
-1.212284418737483094e+01 1.626817875809037917e-01 -1.188982033528200866e+01 3.620000000000000000e+02 -4.978514765373576623e+00 -2.275997931248135586e+01 nan
-1.212282017994331085e+01 1.626756146423893878e-01 -1.189258658877489871e+01 3.610000000000000000e+02 -4.978376623449457306e+00 -2.275984117055723743e+01 nan
-1.212279616977158980e+01 1.626805120192867937e-01 -1.189536051565762342e+01 3.600000000000000000e+02 -4.978200231991126046e+00 -2.275966477909890529e+01 nan
-1.212277215594093427e+01 1.626852833811590349e-01 -1.189814215861949975e+01 3.590000000000000000e+02 -4.977907594102343403e+00 -2.275937214121012175e+01 nan
-1.212274813565879583e+01 1.626822589550625253e-01 -1.190093156070707892e+01 3.580000000000000000e+02 -4.977786419863966749e+00 -2.275925096697174865e+01 nan
-1.212272411304290820e+01 1.626844092975172906e-01 -1.190372876532813962e+01 3.570000000000000000e+02 -4.977622121421975798e+00 -2.275908666852975415e+01 nan
-1.212270008705703184e+01 1.626815626275884830e-01 -1.190653381625574880e+01 3.560000000000000000e+02 -4.977528877360032133e+00 -2.275899342446781404e+01 nan
-1.212267605940808579e+01 1.626942928924330067e-01 -1.190934675763236328e+01 3.550000000000000000e+02 -4.977320716874189976e+00 -2.275878526398197010e+01 nan
-1.212265202733450664e+01 1.626919703599804812e-01 -1.191216763397400413e+01 3.540000000000000000e+02 -4.977200563582845128e+00 -2.275866511069062170e+01 nan
-1.212262799295085181e+01 1.626943654904881298e-01 -1.191499649017448270e+01 3.530000000000000000e+02 -4.976917498200603696e+00 -2.275838204530838382e+01 nan
-1.212260395234081400e+01 1.627061817607368677e-01 -1.191783337150968158e+01 3.520000000000000000e+02 -4.976510551018574979e+00 -2.275797509812635155e+01 nan
-1.212257990252381745e+01 1.627091782956568977e-01 -1.192067832364191204e+01 3.510000000000000000e+02 -4.976338290958319810e+00 -2.275780283806609816e+01 nan
-1.212255584914217010e+01 1.627191182272953451e-01 -1.192353139262431760e+01 3.500000000000000000e+02 -4.976129594215819019e+00 -2.275759414132359737e+01 nan
-1.212253179131886860e+01 1.627165010927455469e-01 -1.192639262490535046e+01 3.490000000000000000e+02 -4.976042218272668016e+00 -2.275750676538044459e+01 nan
-1.212250773197224163e+01 1.627174945007796303e-01 -1.192926206733330297e+01 3.480000000000000000e+02 -4.975489799310197192e+00 -2.275695434641797377e+01 nan
-1.212248365991042220e+01 1.627233011900522386e-01 -1.193213976716091729e+01 3.470000000000000000e+02 -4.975484219535742270e+00 -2.275694876664351796e+01 nan
-1.212245958829374004e+01 1.627113513156145386e-01 -1.193502577205005188e+01 3.460000000000000000e+02 -4.975323153891558547e+00 -2.275678770099933601e+01 nan
-1.212243551337920344e+01 1.627153573096411510e-01 -1.193792013007641550e+01 3.450000000000000000e+02 -4.975184498074969319e+00 -2.275664904518274412e+01 nan
-1.212241143570601665e+01 1.627240173203988449e-01 -1.194082288973437755e+01 3.440000000000000000e+02 -4.975166912002708663e+00 -2.275663145911048346e+01 nan
-1.212238735818912971e+01 1.627261543658408416e-01 -1.194373409994183532e+01 3.430000000000000000e+02 -4.974993353326742529e+00 -2.275645790043451555e+01 nan
-1.212236327707288197e+01 1.627307255561859511e-01 -1.194665381004517002e+01 3.420000000000000000e+02 -4.974951740933514444e+00 -2.275641628804128658e+01 nan
-1.212233919553446349e+01 1.627387284864652561e-01 -1.194958206982425786e+01 3.410000000000000000e+02 -4.974926038483957313e+00 -2.275639058559173122e+01 nan
-1.212231511395701133e+01 1.627381728263759542e-01 -1.195251892949756822e+01 3.400000000000000000e+02 -4.974739812777216663e+00 -2.275620435988498969e+01 nan
-1.212229102847460283e+01 1.627390719553303555e-01 -1.195546443972732575e+01 3.390000000000000000e+02 -4.974506504207384161e+00 -2.275597105131515718e+01 nan
-1.212226693795248877e+01 1.627374045211854858e-01 -1.195841865162475770e+01 3.380000000000000000e+02 -4.974349740904393968e+00 -2.275581428801217143e+01 nan
-1.212224284423404619e+01 1.627371045039911479e-01 -1.196138161675541411e+01 3.370000000000000000e+02 -4.974181335441659968e+00 -2.275564588254943388e+01 nan
-1.212221874703838687e+01 1.627331245741993893e-01 -1.196435338714457153e+01 3.360000000000000000e+02 -4.974126334676661543e+00 -2.275559088178443545e+01 nan
-1.212219464909803612e+01 1.627416166634108041e-01 -1.196733401528270946e+01 3.350000000000000000e+02 -4.973816442063710319e+00 -2.275528098917148512e+01 nan
-1.212217054426972140e+01 1.627343829785377893e-01 -1.197032355413107574e+01 3.340000000000000000e+02 -4.973794724151026081e+00 -2.275525927125880443e+01 nan
-1.212214643949894111e+01 1.627452870972798671e-01 -1.197332205712733177e+01 3.330000000000000000e+02 -4.973744567717846898e+00 -2.275520911482562170e+01 nan
-1.212212233410019202e+01 1.627456902835183739e-01 -1.197632957819128663e+01 3.320000000000000000e+02 -4.973717412005958849e+00 -2.275518195911373454e+01 nan
-1.212209822862791420e+01 1.627398945826516730e-01 -1.197934617173071281e+01 3.310000000000000000e+02 -4.973609159567300431e+00 -2.275507370667507345e+01 nan
-1.212207412112717364e+01 1.627428107465405394e-01 -1.198237189264724911e+01 3.300000000000000000e+02 -4.973220891942636612e+00 -2.275468543905041230e+01 nan
-1.212205000484594919e+01 1.627448202486423690e-01 -1.198540679634240291e+01 3.290000000000000000e+02 -4.973053762657852594e+00 -2.275451830976562562e+01 nan
-1.212202588511557799e+01 1.627384839631164926e-01 -1.198845093872363066e+01 3.280000000000000000e+02 -4.972806683583589127e+00 -2.275427123069136215e+01 nan
-1.212200176000695251e+01 1.627334593877318714e-01 -1.199150437621052134e+01 3.270000000000000000e+02 -4.972743842879999043e+00 -2.275420838998777384e+01 nan
-1.212197763396430261e+01 1.627321345372113315e-01 -1.199456716574106707e+01 3.260000000000000000e+02 -4.972060831903864830e+00 -2.275352537901163785e+01 nan
-1.212195349202032091e+01 1.627289206746328765e-01 -1.199763936477803661e+01 3.250000000000000000e+02 -4.972027795148227902e+00 -2.275349234225600270e+01 nan
-1.212192934986160253e+01 1.627299936941530856e-01 -1.200072103131544488e+01 3.240000000000000000e+02 -4.971825754165976718e+00 -2.275329030127375063e+01 nan
-1.212190520340769240e+01 1.627357005036849380e-01 -1.200381222388511837e+01 3.230000000000000000e+02 -4.971747084569262398e+00 -2.275321163167703631e+01 nan
-1.212188105563722118e+01 1.627335364873008783e-01 -1.200691300156336716e+01 3.220000000000000000e+02 -4.971595739842041617e+00 -2.275306028694981464e+01 nan
-1.212185690479506839e+01 1.627309548220970126e-01 -1.201002342397775990e+01 3.210000000000000000e+02 -4.971299941198579653e+00 -2.275276448830635445e+01 nan
-1.212183274739158101e+01 1.627355192576586396e-01 -1.201314355131400369e+01 3.200000000000000000e+02 -4.971200894892101374e+00 -2.275266544199987351e+01 nan
-1.212180858817892748e+01 1.627319871072432644e-01 -1.201627344432293221e+01 3.190000000000000000e+02 -4.970713473371977109e+00 -2.275217802047975368e+01 nan
-1.212178441777176374e+01 1.627310042195081186e-01 -1.201941316432760054e+01 3.180000000000000000e+02 -4.970635210218029343e+00 -2.275209975732580858e+01 nan
-1.212176024605713565e+01 1.627291086055438207e-01 -1.202256277323049716e+01 3.170000000000000000e+02 -4.970614278862132807e+00 -2.275207882596991027e+01 nan
-1.212173607442083245e+01 1.627311268761870711e-01 -1.202572233352086606e+01 3.160000000000000000e+02 -4.970564781475284022e+00 -2.275202932858306326e+01 nan
-1.212171190217236294e+01 1.627286934368047389e-01 -1.202889190828214439e+01 3.150000000000000000e+02 -4.970458582403153969e+00 -2.275192312951093143e+01 nan
-1.212168772794106353e+01 1.627271111851974761e-01 -1.203207156119952437e+01 3.140000000000000000e+02 -4.969871015958148952e+00 -2.275133556306592553e+01 nan
-1.212166354008651759e+01 1.627304733434197792e-01 -1.203526135656762364e+01 3.130000000000000000e+02 -4.969676551645821228e+00 -2.275114109875359958e+01 nan
-1.212163934811304955e+01 1.627330816105283795e-01 -1.203846135929829408e+01 3.120000000000000000e+02 -4.969532334408133245e+00 -2.275099688151590982e+01 nan
-1.212161515323579408e+01 1.627378095498952792e-01 -1.204167163492854264e+01 3.110000000000000000e+02 -4.969328707764367969e+00 -2.275079325487214632e+01 nan
-1.212159095401687203e+01 1.627386931932803538e-01 -1.204489224962858529e+01 3.100000000000000000e+02 -4.969235556303961410e+00 -2.275070010341173798e+01 nan
-1.212156675312932208e+01 1.627241333183286620e-01 -1.204812327021003249e+01 3.090000000000000000e+02 -4.969216945143992703e+00 -2.275068149225177194e+01 nan
-1.212154255237704703e+01 1.627230745226504183e-01 -1.205136476413420432e+01 3.080000000000000000e+02 -4.968807509413180945e+00 -2.275027205652095930e+01 nan
-1.212151834230011183e+01 1.627103485391451776e-01 -1.205461679952058240e+01 3.070000000000000000e+02 -4.968455507542220317e+00 -2.274992005465000133e+01 nan
-1.212149412428610695e+01 1.627025174380560546e-01 -1.205787944515539856e+01 3.060000000000000000e+02 -4.967666650081680402e+00 -2.274913119718946319e+01 nan
-1.212146988774719780e+01 1.627069915091401142e-01 -1.206115277050036738e+01 3.050000000000000000e+02 -4.967116842211108718e+00 -2.274858138931888973e+01 nan
-1.212144563846706369e+01 1.626977195699639001e-01 -1.206443684570155739e+01 3.040000000000000000e+02 -4.967021702147352613e+00 -2.274848624925513363e+01 nan
-1.212142138746783893e+01 1.626995043698842014e-01 -1.206773174159840956e+01 3.030000000000000000e+02 -4.966995673217567742e+00 -2.274846022032534520e+01 nan
-1.212139713642549843e+01 1.626875192902195177e-01 -1.207103752973290867e+01 3.020000000000000000e+02 -4.966795641925063620e+00 -2.274826018903284108e+01 nan
-1.212137288111998146e+01 1.626820203232647866e-01 -1.207435428235890207e+01 3.010000000000000000e+02 -4.966376590302255423e+00 -2.274784113741003466e+01 nan
-1.212134861623678361e+01 1.626739130992727878e-01 -1.207768207245157654e+01 3.000000000000000000e+02 -4.966216766960100060e+00 -2.274768131406787575e+01 nan
-1.212132434806409265e+01 1.626764966416456015e-01 -1.208102097371709149e+01 2.990000000000000000e+02 -4.966152434053599407e+00 -2.274761698116137865e+01 nan
-1.212130007891909678e+01 1.626719176483283347e-01 -1.208437106060237376e+01 2.980000000000000000e+02 -4.966151628175941468e+00 -2.274761617528371715e+01 nan
-1.212127581034352097e+01 1.626659338091964169e-01 -1.208773240830507945e+01 2.970000000000000000e+02 -4.966130713951145914e+00 -2.274759526105892604e+01 nan
-1.212125154184934850e+01 1.626630738181473468e-01 -1.209110509278371914e+01 2.960000000000000000e+02 -4.965996365545231050e+00 -2.274746091265301118e+01 nan
-1.212122727068358863e+01 1.626693035609870774e-01 -1.209448919076795903e+01 2.950000000000000000e+02 -4.965837368446941014e+00 -2.274730191555472203e+01 nan
-1.212120299624769260e+01 1.626743499921627645e-01 -1.209788477976909782e+01 2.940000000000000000e+02 -4.965508130061472514e+00 -2.274697267716925353e+01 nan
-1.212117871440792882e+01 1.626671109262545767e-01 -1.210129193809071246e+01 2.930000000000000000e+02 -4.965374816918436629e+00 -2.274683936402621853e+01 nan
-1.212115442992057268e+01 1.626655697777423804e-01 -1.210471074483949749e+01 2.920000000000000000e+02 -4.965132117773539910e+00 -2.274659666488132004e+01 nan
-1.212113014012861356e+01 1.626596028742393063e-01 -1.210814127993628730e+01 2.910000000000000000e+02 -4.964011263463541823e+00 -2.274547581057132106e+01 nan
-1.212110582368704570e+01 1.626567352833928615e-01 -1.211158362412725964e+01 2.900000000000000000e+02 -4.963990868375812049e+00 -2.274545541548359395e+01 nan
-1.212108150734082912e+01 1.626684893529795339e-01 -1.211503785899534691e+01 2.890000000000000000e+02 -4.963965097393812975e+00 -2.274542964450159488e+01 nan
-1.212105719095924172e+01 1.626658619088827140e-01 -1.211850406697183402e+01 2.880000000000000000e+02 -4.963861666560821284e+00 -2.274532621366860141e+01 nan
-1.212103287265382434e+01 1.626740828150361196e-01 -1.212198233134815872e+01 2.870000000000000000e+02 -4.963610797744292036e+00 -2.274507534485207216e+01 nan
-1.212100854883852641e+01 1.626723985006841011e-01 -1.212547273628792688e+01 2.860000000000000000e+02 -4.963450771015647689e+00 -2.274491531812342870e+01 nan
-1.212098422172223167e+01 1.626813272566109969e-01 -1.212897536683912847e+01 2.850000000000000000e+02 -4.962565420820215678e+00 -2.274402996792799669e+01 nan
-1.212095987365096406e+01 1.626910522278339488e-01 -1.213249030894657210e+01 2.840000000000000000e+02 -4.962374935312626079e+00 -2.274383948242040532e+01 nan
-1.212093552153428355e+01 1.626882895373312488e-01 -1.213601764946453976e+01 2.830000000000000000e+02 -4.961740891676716281e+00 -2.274320543878449286e+01 nan
-1.212091115456597734e+01 1.626871670163200223e-01 -1.213955747616966363e+01 2.820000000000000000e+02 -4.961602526383988021e+00 -2.274306707349176548e+01 nan
-1.212088678481975279e+01 1.626941579707210650e-01 -1.214310987777403206e+01 2.810000000000000000e+02 -4.961579649740784248e+00 -2.274304419684856171e+01 nan
-1.212086241510991513e+01 1.626879822725900704e-01 -1.214667494393852820e+01 2.800000000000000000e+02 -4.960992081835603251e+00 -2.274245662894337983e+01 nan
-1.212083803167140239e+01 1.626895429512227320e-01 -1.215025276528641207e+01 2.790000000000000000e+02 -4.960763841158367882e+00 -2.274222838826614534e+01 nan
-1.212081364326170352e+01 1.627015037832587052e-01 -1.215384343341714057e+01 2.780000000000000000e+02 -4.960621077825194014e+00 -2.274208562493297237e+01 nan
-1.212078925196489187e+01 1.627067549364501209e-01 -1.215744704092043982e+01 2.770000000000000000e+02 -4.960433732493249259e+00 -2.274189827960102761e+01 nan
-1.212076485669314430e+01 1.627080675440918667e-01 -1.216106368139062788e+01 2.760000000000000000e+02 -4.960351069829112447e+00 -2.274181561693688991e+01 nan
-1.212074045999992400e+01 1.627041606878917024e-01 -1.216469344944120579e+01 2.750000000000000000e+02 -4.960220634122661565e+00 -2.274168518123043725e+01 nan
-1.212071606071959629e+01 1.627075750238432539e-01 -1.216833644071970610e+01 2.740000000000000000e+02 -4.960109521383762932e+00 -2.274157406849154128e+01 nan
-1.212069165932345705e+01 1.627038033087739588e-01 -1.217199275192281682e+01 2.730000000000000000e+02 -4.959735298779067492e+00 -2.274119984588684673e+01 nan
-1.212066724938980400e+01 1.627072734897075934e-01 -1.217566248081177882e+01 2.720000000000000000e+02 -4.959708644322954108e+00 -2.274117319143073246e+01 nan
-1.212064283940136278e+01 1.627185377808161859e-01 -1.217934572622807465e+01 2.710000000000000000e+02 -4.959594948508863510e+00 -2.274105949561663920e+01 nan
-1.212061842723338501e+01 1.627236533493295334e-01 -1.218304258810940155e+01 2.700000000000000000e+02 -4.958909817869306735e+00 -2.274037436497708597e+01 nan
-1.212059399893070299e+01 1.627252882376377108e-01 -1.218675316750593751e+01 2.690000000000000000e+02 -4.958350858930357319e+00 -2.273981540603813301e+01 nan
-1.212056955756701448e+01 1.627233863500555655e-01 -1.219047756659692006e+01 2.680000000000000000e+02 -4.958302050957302143e+00 -2.273976659806508138e+01 nan
-1.212054511560777215e+01 1.627232150282634238e-01 -1.219421588870752693e+01 2.670000000000000000e+02 -4.958231862259853351e+00 -2.273969640936763170e+01 nan
-1.212052067253037890e+01 1.627180336699821650e-01 -1.219796823832607657e+01 2.660000000000000000e+02 -4.958097161409767750e+00 -2.273956170851754166e+01 nan
-1.212049622675783134e+01 1.627207824526105406e-01 -1.220173472112155366e+01 2.650000000000000000e+02 -4.958052879834699667e+00 -2.273951742694247358e+01 nan
-1.212047178050038276e+01 1.627187272388965489e-01 -1.220551544396145971e+01 2.640000000000000000e+02 -4.957279026611347561e+00 -2.273874357371911969e+01 nan
-1.212044731591609548e+01 1.627130162431026372e-01 -1.220931051493001185e+01 2.630000000000000000e+02 -4.957259032493244177e+00 -2.273872357960102164e+01 nan
-1.212042285144117493e+01 1.627149914563921218e-01 -1.221312004334667911e+01 2.620000000000000000e+02 -4.956901538360895643e+00 -2.273836608546866955e+01 nan
-1.212039837881760285e+01 1.627214866459280596e-01 -1.221694413978508287e+01 2.610000000000000000e+02 -4.956795162230768881e+00 -2.273825970933854634e+01 nan
-1.212037390418957905e+01 1.627234631596469749e-01 -1.222078291609224898e+01 2.600000000000000000e+02 -4.956748672178966864e+00 -2.273821321928674521e+01 nan
-1.212034942902273649e+01 1.627217167618919547e-01 -1.222463648540823833e+01 2.590000000000000000e+02 -4.956649981250174974e+00 -2.273811452835794711e+01 nan
-1.212032495203940563e+01 1.627242834610107824e-01 -1.222850496218615923e+01 2.580000000000000000e+02 -4.956418426280785994e+00 -2.273788297338856523e+01 nan
-1.212030046998696697e+01 1.627247436344600451e-01 -1.223238846221255649e+01 2.570000000000000000e+02 -4.956289983948551026e+00 -2.273775453105632849e+01 nan
-1.212027598538926654e+01 1.627200916212080961e-01 -1.223628710262821429e+01 2.560000000000000000e+02 -4.955886614438369975e+00 -2.273735116154614744e+01 nan
-1.212025149151307701e+01 1.627281580893411295e-01 -1.224020100194934990e+01 2.550000000000000000e+02 -4.955715111119002536e+00 -2.273717965822677556e+01 nan
-1.212022699403583559e+01 1.627217857348709495e-01 -1.224413028008923909e+01 2.540000000000000000e+02 -4.955535228206788823e+00 -2.273699977531456184e+01 nan
-1.212020249275179395e+01 1.627270869916376539e-01 -1.224807505838025534e+01 2.530000000000000000e+02 -4.955399333650666982e+00 -2.273686388075844178e+01 nan
-1.212017798873835694e+01 1.627250274497496207e-01 -1.225203545959635143e+01 2.520000000000000000e+02 -4.955118287761083984e+00 -2.273658283486885878e+01 nan
-1.212015347843788327e+01 1.627282050831641291e-01 -1.225601160797599043e+01 2.510000000000000000e+02 -4.954825711826132739e+00 -2.273629025893390576e+01 nan
-1.212012896156624109e+01 1.627260699598058469e-01 -1.226000362924552789e+01 2.500000000000000000e+02 -4.954805782880140619e+00 -2.273627032998791364e+01 nan
-1.212010444480707960e+01 1.627371685181222827e-01 -1.226401165064306653e+01 2.490000000000000000e+02 -4.954753941254601557e+00 -2.273621848836237547e+01 nan
-1.212007992737799889e+01 1.627353474188953930e-01 -1.226803580094279233e+01 2.480000000000000000e+02 -4.954448747555168175e+00 -2.273591329466294297e+01 nan
-1.212005540306657636e+01 1.627381361746025601e-01 -1.227207621047979735e+01 2.470000000000000000e+02 -4.954219725419473974e+00 -2.273568427252724788e+01 nan
-1.212003087373953392e+01 1.627450282547770188e-01 -1.227613301117541234e+01 2.460000000000000000e+02 -4.954076200406645647e+00 -2.273554074751442045e+01 nan
-1.212000634149347000e+01 1.627481914945866637e-01 -1.228020633656304739e+01 2.450000000000000000e+02 -4.954035727327257277e+00 -2.273550027443503296e+01 nan
-1.211998180885634291e+01 1.627551691869475181e-01 -1.228429632181457265e+01 2.440000000000000000e+02 -4.953911689977434918e+00 -2.273537623708520883e+01 nan
-1.211995727377801124e+01 1.627548830695176030e-01 -1.228840310376722655e+01 2.430000000000000000e+02 -4.953622072365475582e+00 -2.273508661947325038e+01 nan
-1.211993273219507650e+01 1.627556432378812756e-01 -1.229252682095108895e+01 2.420000000000000000e+02 -4.953217163883524954e+00 -2.273468171099129975e+01 nan
-1.211990818127567593e+01 1.627593375105076401e-01 -1.229666761361712091e+01 2.410000000000000000e+02 -4.953174353354299342e+00 -2.273463890046207325e+01 nan
-1.211988362990798684e+01 1.627602492792336597e-01 -1.230082562376578537e+01 2.400000000000000000e+02 -4.952845560961645077e+00 -2.273431010806942254e+01 nan
-1.211985907106971894e+01 1.627704931281192258e-01 -1.230500099517626644e+01 2.390000000000000000e+02 -4.952599552636312907e+00 -2.273406409974408859e+01 nan
-1.211983450679237428e+01 1.627704767393060858e-01 -1.230919387343630156e+01 2.380000000000000000e+02 -4.951951939604372299e+00 -2.273341648671215154e+01 nan
-1.211980992720570605e+01 1.627702053006115090e-01 -1.231340440597264418e+01 2.370000000000000000e+02 -4.951894779803292401e+00 -2.273335932691106720e+01 nan
-1.211978534681822595e+01 1.627768113554936558e-01 -1.231763274208216608e+01 2.360000000000000000e+02 -4.951837504234345211e+00 -2.273330205134212179e+01 nan
-1.211976076562708293e+01 1.627832382070570627e-01 -1.232187903296361675e+01 2.350000000000000000e+02 -4.951676719005833505e+00 -2.273314126611360564e+01 nan
-1.211973618108769557e+01 1.627864577560442227e-01 -1.232614343175007399e+01 2.340000000000000000e+02 -4.951506001400000301e+00 -2.273297054850777243e+01 nan
-1.211971159295547551e+01 1.627894681476630134e-01 -1.233042609354207464e+01 2.330000000000000000e+02 -4.951210394911992552e+00 -2.273267494201976646e+01 nan
-1.211968699815859907e+01 1.627947575688203086e-01 -1.233472717544146491e+01 2.320000000000000000e+02 -4.951135514028476514e+00 -2.273260006113624954e+01 nan
-1.211966240212493062e+01 1.627934398145348127e-01 -1.233904683658598067e+01 2.310000000000000000e+02 -4.950852692230552243e+00 -2.273231723933832527e+01 nan
-1.211963779973919131e+01 1.627905949338564195e-01 -1.234338523818457922e+01 2.300000000000000000e+02 -4.950682259649753725e+00 -2.273214680675752675e+01 nan
-1.211961319376546342e+01 1.627957028400825734e-01 -1.234774254355353484e+01 2.290000000000000000e+02 -4.950530602691744164e+00 -2.273199514979951630e+01 nan
-1.211958858466536171e+01 1.628041919780977842e-01 -1.235211891815333374e+01 2.280000000000000000e+02 -4.950522611958676933e+00 -2.273198715906644907e+01 nan
-1.211956397597421464e+01 1.627984536312952202e-01 -1.235651452962637187e+01 2.270000000000000000e+02 -4.949955943834792649e+00 -2.273142049094256834e+01 nan
-1.211953935394024207e+01 1.628029978119152066e-01 -1.236092954783548947e+01 2.260000000000000000e+02 -4.949732079226071058e+00 -2.273119662633384408e+01 nan
-1.211951472700008381e+01 1.628034555909028958e-01 -1.236536414490335467e+01 2.250000000000000000e+02 -4.949268359121259842e+00 -2.273073290622903286e+01 nan
-1.211949008924416482e+01 1.628058050478279339e-01 -1.236981849525273525e+01 2.240000000000000000e+02 -4.949220871976647729e+00 -2.273068541908442342e+01 nan
-1.211946545092528815e+01 1.628160413571358434e-01 -1.237429277564765684e+01 2.230000000000000000e+02 -4.948450322470719698e+00 -2.272991486957849361e+01 nan
-1.211944079422178433e+01 1.628185996353639364e-01 -1.237878716523549549e+01 2.220000000000000000e+02 -4.948149578199033449e+00 -2.272961412530680647e+01 nan
-1.211941613071001456e+01 1.628085132659564116e-01 -1.238330184559002234e+01 2.210000000000000000e+02 -4.947450680787669697e+00 -2.272891522789544183e+01 nan
-1.211939145056386735e+01 1.628021822197201485e-01 -1.238783700075541283e+01 2.200000000000000000e+02 -4.947436547747610547e+00 -2.272890109485538446e+01 nan
-1.211936677067802037e+01 1.628065593050438964e-01 -1.239239281729127384e+01 2.190000000000000000e+02 -4.946990831565719837e+00 -2.272845537867349464e+01 nan
-1.211934208039898664e+01 1.628069521090380889e-01 -1.239696948431868506e+01 2.180000000000000000e+02 -4.946173241526747866e+00 -2.272763778863452089e+01 nan
-1.211931737053551394e+01 1.628094362700495956e-01 -1.240156719356731507e+01 2.170000000000000000e+02 -4.945949306112590094e+00 -2.272741385322036223e+01 nan
-1.211929265574877590e+01 1.628006306235366962e-01 -1.240618613942361037e+01 2.160000000000000000e+02 -4.945624151268542157e+00 -2.272708869837631696e+01 nan
-1.211926793353570275e+01 1.627923261259411891e-01 -1.241082651898011235e+01 2.150000000000000000e+02 -4.945589766986625335e+00 -2.272705431409439925e+01 nan
-1.211924321108376290e+01 1.627895527411689636e-01 -1.241548853208592362e+01 2.140000000000000000e+02 -4.945009384815961972e+00 -2.272647393192373499e+01 nan
-1.211921847489090531e+01 1.627827290847090602e-01 -1.242017238139835023e+01 2.130000000000000000e+02 -4.944631312504186305e+00 -2.272609585961195933e+01 nan
-1.211919372995642163e+01 1.627758066163471906e-01 -1.242487827243576248e+01 2.120000000000000000e+02 -4.943709198444447672e+00 -2.272517374555222247e+01 nan
-1.211916896280690636e+01 1.627705370242732708e-01 -1.242960641363170815e+01 2.110000000000000000e+02 -4.943704583115249740e+00 -2.272516913022302276e+01 nan
-1.211914419615648342e+01 1.627719573367318040e-01 -1.243435701639030633e+01 2.100000000000000000e+02 -4.943546160576615556e+00 -2.272501070768439035e+01 nan
-1.211911942619567206e+01 1.627808259128079860e-01 -1.243913029514296475e+01 2.090000000000000000e+02 -4.943300600825398128e+00 -2.272476514793317293e+01 nan
-1.211909465076536918e+01 1.627808325405093182e-01 -1.244392646740645780e+01 2.080000000000000000e+02 -4.943298351222106035e+00 -2.272476289832987817e+01 nan
-1.211906987589314078e+01 1.627918032456749931e-01 -1.244874575384240600e+01 2.070000000000000000e+02 -4.942985046527032189e+00 -2.272444959363480521e+01 nan
-1.211904509387168005e+01 1.627953289436562812e-01 -1.245358837831819443e+01 2.060000000000000000e+02 -4.941958287635467073e+00 -2.272342283474323921e+01 nan
-1.211902028700707135e+01 1.627961957743303267e-01 -1.245845456796936723e+01 2.050000000000000000e+02 -4.941737279370735259e+00 -2.272320182647850828e+01 nan
-1.211899547527490384e+01 1.627904134904858691e-01 -1.246334455326355872e+01 2.040000000000000000e+02 -4.941523923348608349e+00 -2.272298847045638226e+01 nan
-1.211897065886424230e+01 1.627885573847968337e-01 -1.246825856806598765e+01 2.030000000000000000e+02 -4.940985437132182412e+00 -2.272244998423995810e+01 nan
-1.211894582970302459e+01 1.627857247938785945e-01 -1.247319684970656972e+01 2.020000000000000000e+02 -4.940815552376872866e+00 -2.272228009948464589e+01 nan
-1.211892099693998048e+01 1.627881056514812463e-01 -1.247815963904869818e+01 2.010000000000000000e+02 -4.940198093560254300e+00 -2.272166264066802910e+01 nan
-1.211889614945621574e+01 1.627911389352872107e-01 -1.248314718055973671e+01 2.000000000000000000e+02 -4.939928049268447197e+00 -2.272139259637621933e+01 nan
-1.211887129587925571e+01 1.627923842220213857e-01 -1.248815972238328165e+01 1.990000000000000000e+02 -4.939700644526239692e+00 -2.272116519163401449e+01 nan
-1.211884643726772737e+01 1.627882885606799224e-01 -1.249319751641323961e+01 1.980000000000000000e+02 -4.939634095967208260e+00 -2.272109864307498128e+01 nan
-1.211882157761983692e+01 1.627833040623867522e-01 -1.249826081836978631e+01 1.970000000000000000e+02 -4.939614622950156075e+00 -2.272107917005792999e+01 nan
-1.211879671810585357e+01 1.627800975323441257e-01 -1.250334988787725798e+01 1.960000000000000000e+02 -4.939311420459278068e+00 -2.272077596756705020e+01 nan
-1.211877185167152149e+01 1.627770509785410880e-01 -1.250846498854402888e+01 1.950000000000000000e+02 -4.939073182078140611e+00 -2.272053772918591363e+01 nan
-1.211874697993089001e+01 1.627793767403953318e-01 -1.251360638804444747e+01 1.940000000000000000e+02 -4.938648985735635044e+00 -2.272011353284340984e+01 nan
-1.211872209825650160e+01 1.627765087989063164e-01 -1.251877435820289008e+01 1.930000000000000000e+02 -4.938604221294522034e+00 -2.272006876840229594e+01 nan
-1.211869721608739781e+01 1.627793486606334827e-01 -1.252396917507999419e+01 1.920000000000000000e+02 -4.938087542275535924e+00 -2.271955208938330983e+01 nan
-1.211867232167846353e+01 1.627759403547170414e-01 -1.252919111906114580e+01 1.910000000000000000e+02 -4.937546336895871413e+00 -2.271901088400364443e+01 nan
-1.211864741441311466e+01 1.627743152115521119e-01 -1.253444047494729041e+01 1.900000000000000000e+02 -4.937409786360339226e+00 -2.271887433346811491e+01 nan
-1.211862250436691646e+01 1.627700930050629269e-01 -1.253971753204813488e+01 1.890000000000000000e+02 -4.937268668220351486e+00 -2.271873321532812895e+01 nan
-1.211859759142583748e+01 1.627771656690738256e-01 -1.254502258427782735e+01 1.880000000000000000e+02 -4.936900304243787119e+00 -2.271836485135156636e+01 nan
-1.211857266992702087e+01 1.627859784505012175e-01 -1.255035593025318974e+01 1.870000000000000000e+02 -4.935384021793015386e+00 -2.271684856890079374e+01 nan
-1.211854771123398855e+01 1.627974932187069290e-01 -1.255571787339457579e+01 1.860000000000000000e+02 -4.935076816726417626e+00 -2.271654136383419598e+01 nan
-1.211852274549555020e+01 1.628019228088335713e-01 -1.256110872202945217e+01 1.850000000000000000e+02 -4.934814695900236359e+00 -2.271627924300801382e+01 nan
-1.211849777383573112e+01 1.628066884998684294e-01 -1.256652878949879160e+01 1.840000000000000000e+02 -4.934637698200688760e+00 -2.271610224530846622e+01 nan
-1.211847279837932945e+01 1.628107922871354363e-01 -1.257197839426635610e+01 1.830000000000000000e+02 -4.934452496149303258e+00 -2.271591704325707894e+01 nan
-1.211844781892092371e+01 1.628168812051041525e-01 -1.257745786003098232e+01 1.820000000000000000e+02 -4.934448354753487642e+00 -2.271591290186126599e+01 nan
-1.211842283998302960e+01 1.628147956701204158e-01 -1.258296751584195228e+01 1.810000000000000000e+02 -4.934351860149548408e+00 -2.271581640725732498e+01 nan
-1.211839785925870849e+01 1.628258250220440684e-01 -1.258850769621756704e+01 1.800000000000000000e+02 -4.934322836572469839e+00 -2.271578738368024730e+01 nan
-1.211837287843339617e+01 1.628278478706148835e-01 -1.259407874126702254e+01 1.790000000000000000e+02 -4.934315160136915956e+00 -2.271577970724469253e+01 nan
-1.211834789804035140e+01 1.628247178698269959e-01 -1.259968099681569242e+01 1.780000000000000000e+02 -4.934146024316237167e+00 -2.271561057142401552e+01 nan
-1.211832291404603268e+01 1.628251966056119826e-01 -1.260531481453394775e+01 1.770000000000000000e+02 -4.933951280287366181e+00 -2.271541582739514453e+01 nan
-1.211829792581012377e+01 1.628173287450328244e-01 -1.261098055206962520e+01 1.760000000000000000e+02 -4.933799143887309668e+00 -2.271526369099508713e+01 nan
-1.211827293439684361e+01 1.628138043385568556e-01 -1.261667857318426300e+01 1.750000000000000000e+02 -4.933125991513263031e+00 -2.271459053862103872e+01 nan
-1.211824792678005736e+01 1.628175896310194715e-01 -1.262240924789324836e+01 1.740000000000000000e+02 -4.933001309402571977e+00 -2.271446585651035122e+01 nan
-1.211822291667055751e+01 1.628227616285572166e-01 -1.262817295260999906e+01 1.730000000000000000e+02 -4.932533531837095531e+00 -2.271399807894487211e+01 nan
-1.211819789548508020e+01 1.628112671394821298e-01 -1.263397007029432473e+01 1.720000000000000000e+02 -4.932288332594525038e+00 -2.271375287970230161e+01 nan
-1.211817286878994970e+01 1.628179802166128121e-01 -1.263980099060511719e+01 1.710000000000000000e+02 -4.931568923822873707e+00 -2.271303347093065028e+01 nan
-1.211814782471091334e+01 1.628167255928496815e-01 -1.264566611005751540e+01 1.700000000000000000e+02 -4.931519200195705110e+00 -2.271298374730348257e+01 nan
-1.211812278001380072e+01 1.628195884759209011e-01 -1.265156583218470310e+01 1.690000000000000000e+02 -4.931327209600222083e+00 -2.271279175670800043e+01 nan
-1.211809773113528266e+01 1.628262170602589043e-01 -1.265750056770451693e+01 1.680000000000000000e+02 -4.930757173255471137e+00 -2.271222172036324594e+01 nan
-1.211807266860189003e+01 1.628296824361152029e-01 -1.266347073469102114e+01 1.670000000000000000e+02 -4.930010220623821660e+00 -2.271147476773159823e+01 nan
-1.211804758796979797e+01 1.628298900249034176e-01 -1.266947675875123380e+01 1.660000000000000000e+02 -4.929920654864854868e+00 -2.271138520197263233e+01 nan
-1.211802250572034545e+01 1.628402685668005057e-01 -1.267551907320719629e+01 1.650000000000000000e+02 -4.929818841602823909e+00 -2.271128338871060137e+01 nan
-1.211799742154625825e+01 1.628453399207261676e-01 -1.268159811928357783e+01 1.640000000000000000e+02 -4.929415167356440364e+00 -2.271087971446421960e+01 nan
-1.211797232787387202e+01 1.628453252951489183e-01 -1.268771434630101425e+01 1.630000000000000000e+02 -4.929213234779727060e+00 -2.271067778188750452e+01 nan
-1.211794722976361172e+01 1.628430987508571182e-01 -1.269386821187539205e+01 1.620000000000000000e+02 -4.929013649074685866e+00 -2.271047819618246066e+01 nan
-1.211792212727371520e+01 1.628490762188813668e-01 -1.270006018212331256e+01 1.610000000000000000e+02 -4.928222962559287268e+00 -2.270968750966706295e+01 nan
-1.211789700555863725e+01 1.628501776484190255e-01 -1.270629073187394908e+01 1.600000000000000000e+02 -4.927928338572240108e+00 -2.270939288568001402e+01 nan
-1.211787187707237301e+01 1.628510605939774147e-01 -1.271256034488754416e+01 1.590000000000000000e+02 -4.927500081790034514e+00 -2.270896462889781020e+01 nan
-1.211784673845418858e+01 1.628442594329632953e-01 -1.271886951408080968e+01 1.580000000000000000e+02 -4.925168476068888523e+00 -2.270663302317666421e+01 nan
-1.211782154178842319e+01 1.628481222387375416e-01 -1.272521874175946799e+01 1.570000000000000000e+02 -4.925108059770717084e+00 -2.270657260687849188e+01 nan
-1.211779634423523611e+01 1.628539793856796647e-01 -1.273160853985823948e+01 1.560000000000000000e+02 -4.924042464625444815e+00 -2.270550701173322139e+01 nan
-1.211777112045326454e+01 1.628571925148885324e-01 -1.273803943018853069e+01 1.550000000000000000e+02 -4.923445757566244474e+00 -2.270491030467402283e+01 nan
-1.211774588225238425e+01 1.628606889344113295e-01 -1.274451194469414794e+01 1.540000000000000000e+02 -4.923265291369636643e+00 -2.270472983847741233e+01 nan
-1.211772064013357486e+01 1.628601390106497182e-01 -1.275102662571534218e+01 1.530000000000000000e+02 -4.922830879481094435e+00 -2.270429542658887101e+01 nan
-1.211769538768447063e+01 1.628629654204254151e-01 -1.275758402626150101e+01 1.520000000000000000e+02 -4.922581135482079873e+00 -2.270404568258985734e+01 nan
-1.211767012956583933e+01 1.628673345998419841e-01 -1.276418471029285229e+01 1.510000000000000000e+02 -4.922448209420647203e+00 -2.270391275652842467e+01 nan
-1.211764486872760749e+01 1.628654130304527381e-01 -1.277082925301152017e+01 1.500000000000000000e+02 -4.922309961141952961e+00 -2.270377450824972598e+01 nan
-1.211761960503509172e+01 1.628754699588506882e-01 -1.277751824116231738e+01 1.490000000000000000e+02 -4.922113889969427447e+00 -2.270357843707720491e+01 nan
-1.211759433702703426e+01 1.628713575259103929e-01 -1.278425227334366099e+01 1.480000000000000000e+02 -4.921706318951604153e+00 -2.270317086605937718e+01 nan
-1.211756905935721740e+01 1.628597634556084306e-01 -1.279103196032903966e+01 1.470000000000000000e+02 -4.920440971456190304e+00 -2.270190551856396510e+01 nan
-1.211754375032227848e+01 1.628558930819195560e-01 -1.279785792539943934e+01 1.460000000000000000e+02 -4.920417715541110404e+00 -2.270188226264888343e+01 nan
-1.211751844133930156e+01 1.628510628551369521e-01 -1.280473080468720148e+01 1.450000000000000000e+02 -4.920026041654670834e+00 -2.270149058876244652e+01 nan
-1.211749312308242033e+01 1.628531351355971823e-01 -1.281165124753177587e+01 1.440000000000000000e+02 -4.919646178723833252e+00 -2.270111072583161160e+01 nan
-1.211746779584760780e+01 1.628613199009113777e-01 -1.281861991684786872e+01 1.430000000000000000e+02 -4.919411808271476616e+00 -2.270087635537925053e+01 nan
-1.211744246331782193e+01 1.628624893035041099e-01 -1.282563748950651572e+01 1.420000000000000000e+02 -4.919125636814123403e+00 -2.270059018392189998e+01 nan
-1.211741712417954808e+01 1.628690184658250217e-01 -1.283270465672960903e+01 1.410000000000000000e+02 -4.919019775286938234e+00 -2.270048432239471481e+01 nan
-1.211739178300084951e+01 1.628670710901478913e-01 -1.283982212449847360e+01 1.400000000000000000e+02 -4.918923696646650079e+00 -2.270038824375442843e+01 nan
-1.211736644002954044e+01 1.628762001559148354e-01 -1.284699061397708597e+01 1.390000000000000000e+02 -4.918733138884506140e+00 -2.270019768599228271e+01 nan
-1.211734109287090355e+01 1.628783728653721563e-01 -1.285421086195057327e+01 1.380000000000000000e+02 -4.918317144355146553e+00 -2.269978169146292402e+01 nan
-1.211731573580865806e+01 1.628698543406405519e-01 -1.286148362127965328e+01 1.370000000000000000e+02 -4.916992492807927384e+00 -2.269845703991570574e+01 nan
-1.211729034577912678e+01 1.628759057800036048e-01 -1.286880966137172599e+01 1.360000000000000000e+02 -4.916942134760675209e+00 -2.269840668186845178e+01 nan
-1.211726495511565638e+01 1.628689954507457904e-01 -1.287618976866934872e+01 1.350000000000000000e+02 -4.916729090259057244e+00 -2.269819363736683471e+01 nan
-1.211723955968714428e+01 1.628645432509636948e-01 -1.288362474715686723e+01 1.340000000000000000e+02 -4.916534153065482471e+00 -2.269799870017325816e+01 nan
-1.211721415995273610e+01 1.628680696437286024e-01 -1.289111541888602552e+01 1.330000000000000000e+02 -4.915997312422733856e+00 -2.269746185953051310e+01 nan
-1.211718874722470751e+01 1.628681198000883623e-01 -1.289866262452140866e+01 1.320000000000000000e+02 -4.915381566297305049e+00 -2.269684611340508695e+01 nan
-1.211716331949045866e+01 1.628840691128269347e-01 -1.290626722390662806e+01 1.310000000000000000e+02 -4.914957784337095958e+00 -2.269642233144487875e+01 nan
-1.211713788162507655e+01 1.628849123541443178e-01 -1.291393009665219793e+01 1.300000000000000000e+02 -4.914866300022541878e+00 -2.269633084713032289e+01 nan
-1.211711244207957883e+01 1.628937877103323884e-01 -1.292165214274610818e+01 1.290000000000000000e+02 -4.914465955978400302e+00 -2.269593050308618132e+01 nan
-1.211708699299501468e+01 1.628935746595581435e-01 -1.292943428318816323e+01 1.280000000000000000e+02 -4.914258439400832401e+00 -2.269572298650861342e+01 nan
-1.211706153927663721e+01 1.628991016229164313e-01 -1.293727746064918982e+01 1.270000000000000000e+02 -4.914030146774704733e+00 -2.269549469388248752e+01 nan
-1.211703608039479718e+01 1.629069362353066652e-01 -1.294518264015630393e+01 1.260000000000000000e+02 -4.914003075701550927e+00 -2.269546762280933194e+01 nan
-1.211701062147191266e+01 1.629074200429826980e-01 -1.295315080980548039e+01 1.250000000000000000e+02 -4.913980499008860470e+00 -2.269544504611664237e+01 nan
-1.211698516262240588e+01 1.629025349131631162e-01 -1.296118298150274484e+01 1.240000000000000000e+02 -4.913316966583937351e+00 -2.269478151369171925e+01 nan
-1.211695968752330188e+01 1.628937427527662463e-01 -1.296928019173536484e+01 1.230000000000000000e+02 -4.912987353254219869e+00 -2.269445190036200088e+01 nan
-1.211693420467516802e+01 1.628927490277930212e-01 -1.297744350237452515e+01 1.220000000000000000e+02 -4.912724009730646380e+00 -2.269418855683842651e+01 nan
-1.211690871576502282e+01 1.629030641053946238e-01 -1.298567400151104145e+01 1.210000000000000000e+02 -4.912684403376333719e+00 -2.269414895048411296e+01 nan
-1.211688322649504101e+01 1.628961720702322702e-01 -1.299397280432573609e+01 1.200000000000000000e+02 -4.912586208416338529e+00 -2.269405075552412043e+01 nan
-1.211685773537180033e+01 1.628916404753677771e-01 -1.300234105399625228e+01 1.190000000000000000e+02 -4.911886765461619397e+00 -2.269335131256940130e+01 nan
-1.211683222706319896e+01 1.628876840717172481e-01 -1.301077992264211680e+01 1.180000000000000000e+02 -4.911228453473735378e+00 -2.269269300058151728e+01 nan
-1.211680670260794379e+01 1.628786741930630111e-01 -1.301929061231002471e+01 1.170000000000000000e+02 -4.911045409002994688e+00 -2.269250995611077570e+01 nan
-1.211678117413181077e+01 1.628824647731295094e-01 -1.302787435600141563e+01 1.160000000000000000e+02 -4.910799286969496968e+00 -2.269226383407727710e+01 nan
-1.211675564002371175e+01 1.628908212431873781e-01 -1.303653241874452995e+01 1.150000000000000000e+02 -4.910686080811318632e+00 -2.269215062791909787e+01 nan
-1.211673010367691461e+01 1.628905389010127103e-01 -1.304526609871328446e+01 1.140000000000000000e+02 -4.910456807301228466e+00 -2.269192135440901126e+01 nan
-1.211670456212695157e+01 1.628888720060497619e-01 -1.305407672839544020e+01 1.130000000000000000e+02 -4.910393372847351223e+00 -2.269185791995513313e+01 nan
-1.211667901960913873e+01 1.628966165883370121e-01 -1.306296567581268597e+01 1.120000000000000000e+02 -4.910230558182969496e+00 -2.269169510529075140e+01 nan
-1.211665347358485434e+01 1.628937760332947737e-01 -1.307193434579544622e+01 1.110000000000000000e+02 -4.910177125039641766e+00 -2.269164167214742278e+01 nan
-1.211662792684816381e+01 1.628946695545697709e-01 -1.308098418131536356e+01 1.100000000000000000e+02 -4.909602436099484990e+00 -2.269106698320726423e+01 nan
-1.211660236607900920e+01 1.628890019974726933e-01 -1.309011666487863579e+01 1.090000000000000000e+02 -4.909520146957402353e+00 -2.269098469406518248e+01 nan
-1.211657680385981095e+01 1.629016490854273413e-01 -1.309933331998355932e+01 1.080000000000000000e+02 -4.909100455943665509e+00 -2.269056500305144652e+01 nan
-1.211655123156394964e+01 1.628972557982771574e-01 -1.310863571264587257e+01 1.070000000000000000e+02 -4.908697402965716883e+00 -2.269016195007349523e+01 nan
-1.211652564961334200e+01 1.628996386508738126e-01 -1.311802545299571143e+01 1.060000000000000000e+02 -4.906494065268473648e+00 -2.268795861237624933e+01 nan
-1.211650001189150139e+01 1.628993698776103893e-01 -1.312750419695025528e+01 1.050000000000000000e+02 -4.906320373575039362e+00 -2.268778492068281594e+01 nan
-1.211647437037366259e+01 1.628990585829623028e-01 -1.313707364796640675e+01 1.040000000000000000e+02 -4.905948049735664007e+00 -2.268741259684344413e+01 nan
-1.211644871996493578e+01 1.629014504815972653e-01 -1.314673555887814338e+01 1.030000000000000000e+02 -4.905920902595810595e+00 -2.268738544970359072e+01 nan
-1.211642306951781833e+01 1.629039350236628769e-01 -1.315649173382350767e+01 1.020000000000000000e+02 -4.905785524693112798e+00 -2.268725007180088937e+01 nan
-1.211639741625602262e+01 1.629026082036719725e-01 -1.316634403026651867e+01 1.010000000000000000e+02 -4.905671201854467256e+00 -2.268713574896224472e+01 nan
-1.211637176071949185e+01 1.629031803755334462e-01 -1.317629436111968744e+01 1.000000000000000000e+02 -4.904845268544399950e+00 -2.268630981565218008e+01 nan
-1.211634608464345142e+01 1.629060767994266745e-01 -1.318634469697318856e+01 9.900000000000000000e+01 -4.904546511061577796e+00 -2.268601105816935615e+01 nan
-1.211632040155488532e+01 1.629184225047086432e-01 -1.319649706843720693e+01 9.800000000000000000e+01 -4.904071346610766824e+00 -2.268553589371854784e+01 nan
-1.211629470691980259e+01 1.629234337629838769e-01 -1.320675356860439642e+01 9.700000000000000000e+01 -4.903936345609408498e+00 -2.268540089271719040e+01 nan
-1.211626900947601548e+01 1.629331697017368796e-01 -1.321711635563994314e+01 9.600000000000000000e+01 -4.903816427240268006e+00 -2.268528097434804991e+01 nan
-1.211624330961090834e+01 1.629404027392423737e-01 -1.322758765550723936e+01 9.500000000000000000e+01 -4.903565973966546920e+00 -2.268503052107432794e+01 nan
-1.211621760396909409e+01 1.629373585274546676e-01 -1.323816976483777630e+01 9.400000000000000000e+01 -4.903508390631318825e+00 -2.268497293773910073e+01 nan
-1.211619189750784109e+01 1.629301931229189537e-01 -1.324886505395452474e+01 9.300000000000000000e+01 -4.903106576009556683e+00 -2.268457112311733681e+01 nan
-1.211616618137648338e+01 1.629383805266272078e-01 -1.325967597005874055e+01 9.200000000000000000e+01 -4.902918497758883554e+00 -2.268438304486666368e+01 nan
-1.211614046106951470e+01 1.629400801288059530e-01 -1.327060504059093127e+01 9.100000000000000000e+01 -4.902016503053578056e+00 -2.268348105016135818e+01 nan
-1.211611471821491293e+01 1.629472674430467172e-01 -1.328165487677751599e+01 9.000000000000000000e+01 -4.901377175557189325e+00 -2.268284172266497123e+01 nan
-1.211608895956024767e+01 1.629458261734874625e-01 -1.329282817737564137e+01 8.900000000000000000e+01 -4.899678272013719749e+00 -2.268114281912150076e+01 nan
-1.211606315777210163e+01 1.629424037810255910e-01 -1.330412773262957415e+01 8.800000000000000000e+01 -4.899338223622577537e+00 -2.268080277073035944e+01 nan
-1.211603734787466280e+01 1.629382461543752991e-01 -1.331555642845319731e+01 8.700000000000000000e+01 -4.899254288920070977e+00 -2.268071883602785022e+01 nan
-1.211601153647700357e+01 1.629326427479984019e-01 -1.332711725085427368e+01 8.600000000000000000e+01 -4.897816924712174114e+00 -2.267928147181995513e+01 nan
-1.211598568861993819e+01 1.629329616401284098e-01 -1.333881329061746435e+01 8.500000000000000000e+01 -4.896825610562070885e+00 -2.267829015766985279e+01 nan
-1.211595981579591097e+01 1.629298456788152716e-01 -1.335064774826446765e+01 8.400000000000000000e+01 -4.896708724229004162e+00 -2.267817327133678518e+01 nan
-1.211593394061703144e+01 1.629418830442786459e-01 -1.336262393931118275e+01 8.300000000000000000e+01 -4.895928144130443194e+00 -2.267739269123822510e+01 nan
-1.211590804590290915e+01 1.629531189665448798e-01 -1.337474529984352678e+01 8.200000000000000000e+01 -4.895696443184481161e+00 -2.267716099029226129e+01 nan
-1.211588214585901291e+01 1.629466120720587385e-01 -1.338701539243534100e+01 8.100000000000000000e+01 -4.895686612768142432e+00 -2.267715115987592256e+01 nan
-1.211585624623131174e+01 1.629433924271540268e-01 -1.339943791243389803e+01 8.000000000000000000e+01 -4.895282624878800171e+00 -2.267674717198658030e+01 nan
-1.211583033680954102e+01 1.629523365760593145e-01 -1.341201669464075863e+01 7.900000000000000000e+01 -4.894471981404731054e+00 -2.267593652851251207e+01 nan
-1.211580440704804928e+01 1.629476623053623396e-01 -1.342475572041818843e+01 7.800000000000000000e+01 -4.894265833380873509e+00 -2.267573038048865541e+01 nan
-1.211577847261318119e+01 1.629387556613077215e-01 -1.343765912525409689e+01 7.700000000000000000e+01 -4.894254107889409511e+00 -2.267571865499719053e+01 nan
-1.211575253854680589e+01 1.629388155536843630e-01 -1.345073120682144996e+01 7.600000000000000000e+01 -4.893503476256753082e+00 -2.267496802336453499e+01 nan
-1.211572658567950711e+01 1.629354044803849322e-01 -1.346397643357147089e+01 7.500000000000000000e+01 -4.892578327970668717e+00 -2.267404287507844884e+01 nan
-1.211570060946531768e+01 1.629289876003442994e-01 -1.347739945390361171e+01 7.400000000000000000e+01 -4.890709385584316671e+00 -2.267217393269209680e+01 nan
-1.211567458533432706e+01 1.629301779271957740e-01 -1.349100510595939006e+01 7.300000000000000000e+01 -4.890273586100952308e+00 -2.267173813320873421e+01 nan
-1.211564855053724266e+01 1.629376873564051809e-01 -1.350479842809172659e+01 7.200000000000000000e+01 -4.889366034228359581e+00 -2.267083058133614060e+01 nan
-1.211562249278022030e+01 1.629370965948213623e-01 -1.351878467006646645e+01 7.100000000000000000e+01 -4.889045826200828948e+00 -2.267051037330860908e+01 nan
-1.211559642735727316e+01 1.629334368935546062e-01 -1.353296930505842255e+01 7.000000000000000000e+01 -4.887811314463487378e+00 -2.266927586157126839e+01 nan
-1.211557033041703413e+01 1.629358200644356047e-01 -1.354735804251052222e+01 6.900000000000000000e+01 -4.887607844912678523e+00 -2.266907239202046043e+01 nan
-1.211554422884756299e+01 1.629446604190918912e-01 -1.356195684193167494e+01 6.800000000000000000e+01 -4.887597606587281263e+00 -2.266906215369506228e+01 nan
-1.211551812769213754e+01 1.629455939980960222e-01 -1.357677192771681618e+01 6.700000000000000000e+01 -4.887574242847534833e+00 -2.266903878995531585e+01 nan
-1.211549202660816071e+01 1.629376590105388323e-01 -1.359180980508135583e+01 6.600000000000000000e+01 -4.887522837537670917e+00 -2.266898738464545104e+01 nan
-1.211546592486371665e+01 1.629374360341779571e-01 -1.360707727721214511e+01 6.500000000000000000e+01 -4.885880912954515765e+00 -2.266734546006229678e+01 nan
-1.211543978090993789e+01 1.629337098715290255e-01 -1.362258146374811041e+01 6.400000000000000000e+01 -4.885232863040277707e+00 -2.266669741014806050e+01 nan
-1.211541362069223382e+01 1.629320835011339730e-01 -1.363832982071624933e+01 6.300000000000000000e+01 -4.884873112030818199e+00 -2.266633765913859833e+01 nan
-1.211538745174638088e+01 1.629241387031249433e-01 -1.365433016206269023e+01 6.200000000000000000e+01 -4.883717947294663020e+00 -2.266518249440244404e+01 nan
-1.211536125323960000e+01 1.629221592139726837e-01 -1.367059068293447055e+01 6.100000000000000000e+01 -4.883308972990043628e+00 -2.266477352009782464e+01 nan
-1.211533504470287781e+01 1.629183675261365871e-01 -1.368711998488568149e+01 6.000000000000000000e+01 -4.882980671689964858e+00 -2.266444521879774499e+01 nan
-1.211530882824765420e+01 1.629198931767418812e-01 -1.370392710320206220e+01 5.900000000000000000e+01 -4.881640642144290609e+00 -2.266310518925207163e+01 nan
-1.211528257732672387e+01 1.629171921693007841e-01 -1.372102153656136281e+01 5.800000000000000000e+01 -4.879539678127765789e+00 -2.266100422523554769e+01 nan
-1.211525627188684417e+01 1.629098945255959829e-01 -1.373841327927323164e+01 5.700000000000000000e+01 -4.879522861204400819e+00 -2.266098740831218095e+01 nan
-1.211522996669656038e+01 1.629133706630604417e-01 -1.375611285637263315e+01 5.600000000000000000e+01 -4.879216027873453321e+00 -2.266068057498123522e+01 nan
-1.211520365412599176e+01 1.629076327374704702e-01 -1.377413136187531073e+01 5.500000000000000000e+01 -4.879134610261553817e+00 -2.266059915736933306e+01 nan
-1.211517734010544700e+01 1.629121088710276666e-01 -1.379248050054350649e+01 5.400000000000000000e+01 -4.878763782217439449e+00 -2.266022832932522135e+01 nan
-1.211515101701791153e+01 1.629184870920357131e-01 -1.381117263355565861e+01 5.300000000000000000e+01 -4.878184240059773025e+00 -2.265964878716755493e+01 nan
-1.211512467936410431e+01 1.629221287121487283e-01 -1.383022082852635393e+01 5.200000000000000000e+01 -4.877264288435551265e+00 -2.265872883554333228e+01 nan
-1.211509831816439409e+01 1.629361089340778668e-01 -1.384963891438345485e+01 5.100000000000000000e+01 -4.876867168398503871e+00 -2.265833171550628578e+01 nan
-1.211507194718935132e+01 1.629325454466971357e-01 -1.386944154167963461e+01 5.000000000000000000e+01 -4.876176115342437889e+00 -2.265764066245021979e+01 nan
-1.211504555868040001e+01 1.629281439132664600e-01 -1.388964424899715411e+01 4.900000000000000000e+01 -4.875487810949171497e+00 -2.265695235805695162e+01 nan
-1.211501915269892393e+01 1.629347555809244619e-01 -1.391026353619989031e+01 4.800000000000000000e+01 -4.875474288778059773e+00 -2.265693883588583901e+01 nan
-1.211499274705765039e+01 1.629284942591615604e-01 -1.393131694539772347e+01 4.700000000000000000e+01 -4.873843374202686540e+00 -2.265530792131046667e+01 nan
-1.211496629901484212e+01 1.629364547613789960e-01 -1.395282315061868772e+01 4.600000000000000000e+01 -4.872928671527517963e+00 -2.265439321863529898e+01 nan
-1.211493982746931231e+01 1.629440966648718625e-01 -1.397480205733746317e+01 4.500000000000000000e+01 -4.872501096644429097e+00 -2.265396564375220834e+01 nan
-1.211491334530396813e+01 1.629494364577339371e-01 -1.399727491318952133e+01 4.400000000000000000e+01 -4.872260653498651450e+00 -2.265372520060643069e+01 nan
-1.211488685747194261e+01 1.629470667524585969e-01 -1.402026443141422085e+01 4.300000000000000000e+01 -4.872056345213782613e+00 -2.265352089232156629e+01 nan
-1.211486036492948237e+01 1.629501981341716088e-01 -1.404379492882441482e+01 4.200000000000000000e+01 -4.870369248688801278e+00 -2.265183379579658407e+01 nan
-1.211483382835743683e+01 1.629513068747716342e-01 -1.406789248040347573e+01 4.100000000000000000e+01 -4.869638681008481740e+00 -2.265110322811626631e+01 nan
-1.211480727309648842e+01 1.629468000745142309e-01 -1.409258509299384698e+01 4.000000000000000000e+01 -4.867275029904129191e+00 -2.264873957701191287e+01 nan
-1.211478065570159757e+01 1.629427899496045662e-01 -1.411790290097813738e+01 3.900000000000000000e+01 -4.865240999310638692e+00 -2.264670554641842415e+01 nan
-1.211475398482164501e+01 1.629439091615871860e-01 -1.414387838738139891e+01 3.800000000000000000e+01 -4.864493857979256930e+00 -2.264595840508704327e+01 nan
-1.211472729471944376e+01 1.629398050707170365e-01 -1.417054663446356066e+01 3.700000000000000000e+01 -4.863969726226378576e+00 -2.264543427333416403e+01 nan
-1.211470059133734800e+01 1.629434030039839387e-01 -1.419794560865167554e+01 3.600000000000000000e+01 -4.863255525414940550e+00 -2.264472007252272334e+01 nan
-1.211467386959067838e+01 1.629390569646699261e-01 -1.422611648561837150e+01 3.500000000000000000e+01 -4.862914655448340007e+00 -2.264437920255612369e+01 nan
-1.211464713944821447e+01 1.629417218412483881e-01 -1.425510402249162389e+01 3.400000000000000000e+01 -4.861718860977107148e+00 -2.264318340808489083e+01 nan
-1.211462037803863900e+01 1.629360766613558165e-01 -1.428495698564130478e+01 3.300000000000000000e+01 -4.861037529867616058e+00 -2.264250207697540063e+01 nan
-1.211459359910635669e+01 1.629387747915647666e-01 -1.431572864430805936e+01 3.200000000000000000e+01 -4.860579991174930115e+00 -2.264204453828271468e+01 nan
-1.211456680863645730e+01 1.629457013598961945e-01 -1.434747734262263918e+01 3.100000000000000000e+01 -4.859757112934977918e+00 -2.264122166004276338e+01 nan
-1.211453999683078564e+01 1.629475171080745355e-01 -1.438026716544563044e+01 3.000000000000000000e+01 -4.858616768298065658e+00 -2.264008131540585111e+01 nan
-1.211451315515306071e+01 1.629548980865200281e-01 -1.441416871712131176e+01 2.900000000000000000e+01 -4.857989890582917525e+00 -2.263945443769070209e+01 nan
-1.211448629736474558e+01 1.629515578036074830e-01 -1.444926003693258210e+01 2.800000000000000000e+01 -4.857854149049753545e+00 -2.263931869615753811e+01 nan
-1.211445943665193425e+01 1.629529942294198619e-01 -1.448562768110345722e+01 2.700000000000000000e+01 -4.857489587654772123e+00 -2.263895413476256024e+01 nan
-1.211443256686683156e+01 1.629593368554326238e-01 -1.452336800908630465e+01 2.600000000000000000e+01 -4.856295761277563905e+00 -2.263776030838535291e+01 nan
-1.211440566570797550e+01 1.629581543659929244e-01 -1.456258872223958534e+01 2.500000000000000000e+01 -4.855670827342462914e+00 -2.263713537445024571e+01 nan
-1.211437874845674934e+01 1.629565787188874126e-01 -1.460341071675984104e+01 2.400000000000000000e+01 -4.853807083111873588e+00 -2.263527163021966260e+01 nan
-1.211435178171842075e+01 1.629588549639942041e-01 -1.464597033117863667e+01 2.300000000000000000e+01 -4.851244365099258715e+00 -2.263270891220704684e+01 nan
-1.211432474651330438e+01 1.629623833058478077e-01 -1.469042209374947028e+01 2.200000000000000000e+01 -4.849522203668224840e+00 -2.263098675077601385e+01 nan
-1.211429766544186037e+01 1.629577054690290183e-01 -1.473694210938436377e+01 2.100000000000000000e+01 -4.849194022912919344e+00 -2.263065857002070658e+01 nan
-1.211427057621519765e+01 1.629684815861627001e-01 -1.478573227355379593e+01 2.000000000000000000e+01 -4.849160420465200794e+00 -2.263062496757298803e+01 nan
-1.211424348681209828e+01 1.629684936135304962e-01 -1.483702556794134608e+01 1.900000000000000000e+01 -4.848461205588388445e+00 -2.262992575269617745e+01 nan
-1.211421637919564809e+01 1.629590452526466504e-01 -1.489109278921162272e+01 1.800000000000000000e+01 -4.846127409495258220e+00 -2.262759195660304812e+01 nan
-1.211418920897904883e+01 1.629682054383282397e-01 -1.494825120305157107e+01 1.700000000000000000e+01 -4.843051442858825162e+00 -2.262451598996661417e+01 nan
-1.211416195580071609e+01 1.629685132831701633e-01 -1.500887582486800653e+01 1.600000000000000000e+01 -4.841796787212127917e+00 -2.262326133431991693e+01 nan
-1.211413466915168513e+01 1.629770286210318886e-01 -1.507341434600557761e+01 1.500000000000000000e+01 -4.839060013112234770e+00 -2.262052456022002289e+01 nan
-1.211410730847058304e+01 1.629759624631051118e-01 -1.514240721749252927e+01 1.400000000000000000e+01 -4.838826779881561180e+00 -2.262029132698934930e+01 nan
-1.211407994215616490e+01 1.629754004201909023e-01 -1.521651518964625183e+01 1.300000000000000000e+01 -4.838464590684185218e+00 -2.261992913779197423e+01 nan
-1.211405256667747032e+01 1.629747880358111967e-01 -1.529655789731978821e+01 1.200000000000000000e+01 -4.836336490752284334e+00 -2.261780103786007246e+01 nan
-1.211402513363078093e+01 1.629716609606002564e-01 -1.538356927430941745e+01 1.100000000000000000e+01 -4.834740091457566002e+00 -2.261620463856535324e+01 nan
-1.211399765750937618e+01 1.629751899113981994e-01 -1.547887945411374311e+01 1.000000000000000000e+01 -4.832847245325265995e+00 -2.261431179243305323e+01 nan
-1.211397013008771140e+01 1.629691257077725552e-01 -1.558423996977156989e+01 9.000000000000000000e+00 -4.831690634662418660e+00 -2.261315518177020678e+01 nan
-1.211394257156817211e+01 1.629802393772575853e-01 -1.570202300542795371e+01 8.000000000000000000e+00 -4.829464435127240662e+00 -2.261092898223503056e+01 nan
-1.211391495239151972e+01 1.629709526287489996e-01 -1.583555439805247644e+01 7.000000000000000000e+00 -4.823057168103397352e+00 -2.260452171521118458e+01 nan
-1.211388715645345826e+01 1.629764802693245140e-01 -1.598970507787973538e+01 6.000000000000000000e+00 -4.822756689251780138e+00 -2.260422123635957092e+01 nan
-1.211385935293499116e+01 1.629768213146058076e-01 -1.617202663467368851e+01 5.000000000000000000e+00 -4.819512448179363417e+00 -2.260097699528715154e+01 nan
-1.211383145984551746e+01 1.629800476312610880e-01 -1.639517018598789733e+01 4.000000000000000000e+00 -4.812623764241060087e+00 -2.259408831134884821e+01 nan
-1.211380337473211277e+01 1.629783200060555548e-01 -1.668285225843967723e+01 3.000000000000000000e+00 -4.812460952468030406e+00 -2.259392549957581764e+01 nan
-1.211377528583469321e+01 1.629636382543216133e-01 -1.708831736654784095e+01 2.000000000000000000e+00 -4.810601818872142665e+00 -2.259206636597992812e+01 nan
-1.211374714545885567e+01 1.629562157869523520e-01 -1.708831736654784095e+01 1.000000000000000000e+00 -4.804537355087779460e+00 -2.258600190219556225e+01 nan
