12:16:26 [ultranest] [DEBUG] ReactiveNestedSampler: dims=9+0, resume=False, log_dir=cpl_output/cpl_real_run/run1, backend=hdf5, vectorized=False, nbootstraps=30, ndraw=128..65536
12:16:27 [ultranest] [INFO] Sampling 400 live points from prior ...
12:16:38 [ultranest] [DEBUG] Found plateau of 52/400 initial points at L=-inf. Avoid this by a continuously increasing loglikelihood towards good regions.
12:16:38 [ultranest] [INFO] Widening roots to 451 live points (have 400 already) ...
12:16:38 [ultranest] [INFO] Sampling 51 live points from prior ...
12:16:39 [ultranest] [DEBUG] Found plateau of 60/451 initial points at L=-inf. Avoid this by a continuously increasing loglikelihood towards good regions.
12:16:39 [ultranest] [INFO] Widening roots to 510 live points (have 451 already) ...
12:16:39 [ultranest] [INFO] Sampling 59 live points from prior ...
12:16:41 [ultranest] [DEBUG] run_iter dlogz=0.5, dKL=0.5, frac_remain=0.01, Lepsilon=0.0010, min_ess=400
12:16:41 [ultranest] [DEBUG] max_iters=-1, max_ncalls=1000000, max_num_improvement_loops=-1, min_num_live_points=400, cluster_num_live_points=40
12:16:41 [ultranest] [DEBUG] minimal_widths_sequence: [(-inf, 400.0), (inf, 400.0)]
12:16:41 [ultranest] [DEBUG] Plateau detected at L=-inf, not replacing live point.
12:16:41 [ultranest] [DEBUG] Plateau detected at L=-inf, not replacing live point.
12:16:41 [ultranest] [DEBUG] Plateau detected at L=-inf, not replacing live point.
12:16:41 [ultranest] [DEBUG] Plateau detected at L=-inf, not replacing live point.
12:16:41 [ultranest] [DEBUG] Plateau detected at L=-inf, not replacing live point.
12:16:41 [ultranest] [DEBUG] Plateau detected at L=-inf, not replacing live point.
12:16:41 [ultranest] [DEBUG] Plateau detected at L=-inf, not replacing live point.
12:16:41 [ultranest] [DEBUG] Plateau detected at L=-inf, not replacing live point.
12:16:41 [ultranest] [DEBUG] Plateau detected at L=-inf, not replacing live point.
12:16:41 [ultranest] [DEBUG] Plateau detected at L=-inf, not replacing live point.
12:16:41 [ultranest] [DEBUG] Plateau detected at L=-inf, not replacing live point.
12:16:41 [ultranest] [DEBUG] Plateau detected at L=-inf, not replacing live point.
12:16:41 [ultranest] [DEBUG] Plateau detected at L=-inf, not replacing live point.
12:16:41 [ultranest] [DEBUG] Plateau detected at L=-inf, not replacing live point.
12:16:41 [ultranest] [DEBUG] Plateau detected at L=-inf, not replacing live point.
12:16:41 [ultranest] [DEBUG] Plateau detected at L=-inf, not replacing live point.
12:16:41 [ultranest] [DEBUG] Plateau detected at L=-inf, not replacing live point.
12:16:41 [ultranest] [DEBUG] Plateau detected at L=-inf, not replacing live point.
12:16:41 [ultranest] [DEBUG] Plateau detected at L=-inf, not replacing live point.
12:16:41 [ultranest] [DEBUG] Plateau detected at L=-inf, not replacing live point.
12:16:41 [ultranest] [DEBUG] Plateau detected at L=-inf, not replacing live point.
12:16:41 [ultranest] [DEBUG] Plateau detected at L=-inf, not replacing live point.
12:16:41 [ultranest] [DEBUG] Plateau detected at L=-inf, not replacing live point.
12:16:41 [ultranest] [DEBUG] Plateau detected at L=-inf, not replacing live point.
12:16:41 [ultranest] [DEBUG] Plateau detected at L=-inf, not replacing live point.
12:16:41 [ultranest] [DEBUG] Plateau detected at L=-inf, not replacing live point.
12:16:41 [ultranest] [DEBUG] Plateau detected at L=-inf, not replacing live point.
12:16:41 [ultranest] [DEBUG] Plateau detected at L=-inf, not replacing live point.
12:16:41 [ultranest] [DEBUG] Plateau detected at L=-inf, not replacing live point.
12:16:41 [ultranest] [DEBUG] Plateau detected at L=-inf, not replacing live point.
12:16:41 [ultranest] [DEBUG] Plateau detected at L=-inf, not replacing live point.
12:16:41 [ultranest] [DEBUG] Plateau detected at L=-inf, not replacing live point.
12:16:41 [ultranest] [DEBUG] Plateau detected at L=-inf, not replacing live point.
12:16:41 [ultranest] [DEBUG] Plateau detected at L=-inf, not replacing live point.
12:16:41 [ultranest] [DEBUG] Plateau detected at L=-inf, not replacing live point.
12:16:41 [ultranest] [DEBUG] Plateau detected at L=-inf, not replacing live point.
12:16:41 [ultranest] [DEBUG] Plateau detected at L=-inf, not replacing live point.
12:16:41 [ultranest] [DEBUG] Plateau detected at L=-inf, not replacing live point.
12:16:41 [ultranest] [DEBUG] Plateau detected at L=-inf, not replacing live point.
12:16:41 [ultranest] [DEBUG] Plateau detected at L=-inf, not replacing live point.
12:16:41 [ultranest] [DEBUG] Plateau detected at L=-inf, not replacing live point.
12:16:41 [ultranest] [DEBUG] Plateau detected at L=-inf, not replacing live point.
12:16:41 [ultranest] [DEBUG] Plateau detected at L=-inf, not replacing live point.
12:16:41 [ultranest] [DEBUG] Plateau detected at L=-inf, not replacing live point.
12:16:41 [ultranest] [DEBUG] Plateau detected at L=-inf, not replacing live point.
12:16:41 [ultranest] [DEBUG] Plateau detected at L=-inf, not replacing live point.
12:16:41 [ultranest] [DEBUG] Plateau detected at L=-inf, not replacing live point.
12:16:41 [ultranest] [DEBUG] Plateau detected at L=-inf, not replacing live point.
12:16:41 [ultranest] [DEBUG] Plateau detected at L=-inf, not replacing live point.
12:16:41 [ultranest] [DEBUG] Plateau detected at L=-inf, not replacing live point.
12:16:41 [ultranest] [DEBUG] Plateau detected at L=-inf, not replacing live point.
12:16:41 [ultranest] [DEBUG] Plateau detected at L=-inf, not replacing live point.
12:16:41 [ultranest] [DEBUG] Plateau detected at L=-inf, not replacing live point.
12:16:41 [ultranest] [DEBUG] Plateau detected at L=-inf, not replacing live point.
12:16:41 [ultranest] [DEBUG] Plateau detected at L=-inf, not replacing live point.
12:16:41 [ultranest] [DEBUG] Plateau detected at L=-inf, not replacing live point.
12:16:41 [ultranest] [DEBUG] Plateau detected at L=-inf, not replacing live point.
12:16:41 [ultranest] [DEBUG] Plateau detected at L=-inf, not replacing live point.
12:16:41 [ultranest] [DEBUG] Plateau detected at L=-inf, not replacing live point.
12:16:41 [ultranest] [DEBUG] Plateau detected at L=-inf, not replacing live point.
12:16:41 [ultranest] [DEBUG] Plateau detected at L=-inf, not replacing live point.
12:16:41 [ultranest] [DEBUG] Plateau detected at L=-inf, not replacing live point.
12:16:41 [ultranest] [DEBUG] Plateau detected at L=-inf, not replacing live point.
12:16:41 [ultranest] [DEBUG] Plateau detected at L=-inf, not replacing live point.
12:16:41 [ultranest] [DEBUG] Plateau detected at L=-inf, not replacing live point.
12:16:41 [ultranest] [DEBUG] Plateau detected at L=-inf, not replacing live point.
12:16:41 [ultranest] [DEBUG] iteration=110, ncalls=511, regioncalls=40, ndraw=40, logz=-2991.20, remainder_fraction=100.0000%, Lmin=-2947.86, Lmax=-8.31
12:16:41 [ultranest] [DEBUG] iteration=111, ncalls=514, regioncalls=160, ndraw=40, logz=-2954.09, remainder_fraction=100.0000%, Lmin=-2942.28, Lmax=-8.31
12:16:41 [ultranest] [DEBUG] iteration=113, ncalls=517, regioncalls=280, ndraw=40, logz=-2925.73, remainder_fraction=100.0000%, Lmin=-2916.65, Lmax=-8.31
12:16:41 [ultranest] [DEBUG] iteration=116, ncalls=521, regioncalls=440, ndraw=40, logz=-2873.01, remainder_fraction=100.0000%, Lmin=-2865.56, Lmax=-8.31
12:16:41 [ultranest] [DEBUG] iteration=120, ncalls=525, regioncalls=600, ndraw=40, logz=-2840.52, remainder_fraction=100.0000%, Lmin=-2813.23, Lmax=-8.31
12:16:41 [ultranest] [DEBUG] iteration=124, ncalls=529, regioncalls=760, ndraw=40, logz=-2789.18, remainder_fraction=100.0000%, Lmin=-2771.21, Lmax=-8.31
12:16:41 [ultranest] [DEBUG] iteration=128, ncalls=534, regioncalls=960, ndraw=40, logz=-2714.12, remainder_fraction=100.0000%, Lmin=-2676.18, Lmax=-8.31
12:16:41 [ultranest] [DEBUG] iteration=131, ncalls=538, regioncalls=1120, ndraw=40, logz=-2667.93, remainder_fraction=100.0000%, Lmin=-2657.33, Lmax=-8.31
12:16:42 [ultranest] [DEBUG] iteration=135, ncalls=543, regioncalls=1320, ndraw=40, logz=-2634.12, remainder_fraction=100.0000%, Lmin=-2621.57, Lmax=-8.31
12:16:42 [ultranest] [DEBUG] iteration=139, ncalls=547, regioncalls=1480, ndraw=40, logz=-2599.32, remainder_fraction=100.0000%, Lmin=-2585.17, Lmax=-8.31
12:16:42 [ultranest] [DEBUG] iteration=142, ncalls=551, regioncalls=1640, ndraw=40, logz=-2572.79, remainder_fraction=100.0000%, Lmin=-2557.71, Lmax=-8.31
12:16:42 [ultranest] [DEBUG] iteration=145, ncalls=557, regioncalls=1880, ndraw=40, logz=-2552.07, remainder_fraction=100.0000%, Lmin=-2538.11, Lmax=-8.31
12:16:42 [ultranest] [DEBUG] iteration=148, ncalls=561, regioncalls=2040, ndraw=40, logz=-2527.89, remainder_fraction=100.0000%, Lmin=-2505.65, Lmax=-8.31
12:16:42 [ultranest] [DEBUG] iteration=151, ncalls=566, regioncalls=2240, ndraw=40, logz=-2492.92, remainder_fraction=100.0000%, Lmin=-2472.10, Lmax=-8.31
12:16:42 [ultranest] [DEBUG] iteration=153, ncalls=568, regioncalls=2320, ndraw=40, logz=-2463.28, remainder_fraction=100.0000%, Lmin=-2441.24, Lmax=-8.31
12:16:42 [ultranest] [DEBUG] iteration=157, ncalls=572, regioncalls=2480, ndraw=40, logz=-2403.69, remainder_fraction=100.0000%, Lmin=-2390.00, Lmax=-8.31
12:16:43 [ultranest] [DEBUG] iteration=161, ncalls=577, regioncalls=2680, ndraw=40, logz=-2315.18, remainder_fraction=100.0000%, Lmin=-2290.54, Lmax=-8.31
12:16:43 [ultranest] [DEBUG] iteration=163, ncalls=582, regioncalls=2880, ndraw=40, logz=-2286.23, remainder_fraction=100.0000%, Lmin=-2266.55, Lmax=-8.31
12:16:43 [ultranest] [DEBUG] iteration=167, ncalls=586, regioncalls=3040, ndraw=40, logz=-2207.75, remainder_fraction=100.0000%, Lmin=-2194.87, Lmax=-8.31
12:16:43 [ultranest] [DEBUG] iteration=169, ncalls=591, regioncalls=3240, ndraw=40, logz=-2192.11, remainder_fraction=100.0000%, Lmin=-2185.39, Lmax=-8.31
12:16:43 [ultranest] [DEBUG] iteration=171, ncalls=597, regioncalls=3480, ndraw=40, logz=-2188.63, remainder_fraction=100.0000%, Lmin=-2176.41, Lmax=-8.31
12:16:43 [ultranest] [DEBUG] iteration=174, ncalls=603, regioncalls=3720, ndraw=40, logz=-2163.59, remainder_fraction=100.0000%, Lmin=-2153.66, Lmax=-8.31
12:16:43 [ultranest] [DEBUG] iteration=178, ncalls=607, regioncalls=3880, ndraw=40, logz=-2120.37, remainder_fraction=100.0000%, Lmin=-2104.50, Lmax=-8.31
12:16:44 [ultranest] [DEBUG] iteration=181, ncalls=612, regioncalls=4080, ndraw=40, logz=-2078.05, remainder_fraction=100.0000%, Lmin=-2040.51, Lmax=-8.31
12:16:44 [ultranest] [DEBUG] iteration=184, ncalls=616, regioncalls=4240, ndraw=40, logz=-2024.66, remainder_fraction=100.0000%, Lmin=-2002.74, Lmax=-8.31
12:16:44 [ultranest] [DEBUG] iteration=187, ncalls=621, regioncalls=4440, ndraw=40, logz=-1999.82, remainder_fraction=100.0000%, Lmin=-1962.85, Lmax=-8.31
12:16:44 [ultranest] [DEBUG] iteration=191, ncalls=627, regioncalls=4680, ndraw=40, logz=-1957.69, remainder_fraction=100.0000%, Lmin=-1919.05, Lmax=-8.31
12:16:44 [ultranest] [DEBUG] iteration=194, ncalls=631, regioncalls=4840, ndraw=40, logz=-1917.95, remainder_fraction=100.0000%, Lmin=-1898.30, Lmax=-8.31
12:16:44 [ultranest] [DEBUG] iteration=197, ncalls=635, regioncalls=5000, ndraw=40, logz=-1895.56, remainder_fraction=100.0000%, Lmin=-1886.84, Lmax=-8.31
12:16:44 [ultranest] [DEBUG] iteration=200, ncalls=638, regioncalls=5120, ndraw=40, logz=-1881.15, remainder_fraction=100.0000%, Lmin=-1849.91, Lmax=-8.31
12:16:44 [ultranest] [DEBUG] iteration=202, ncalls=641, regioncalls=5240, ndraw=40, logz=-1836.12, remainder_fraction=100.0000%, Lmin=-1828.91, Lmax=-8.31
12:16:45 [ultranest] [DEBUG] iteration=203, ncalls=644, regioncalls=5360, ndraw=40, logz=-1834.99, remainder_fraction=100.0000%, Lmin=-1812.82, Lmax=-8.31
12:16:45 [ultranest] [DEBUG] iteration=204, ncalls=645, regioncalls=5400, ndraw=40, logz=-1819.29, remainder_fraction=100.0000%, Lmin=-1811.14, Lmax=-8.31
12:16:45 [ultranest] [DEBUG] iteration=207, ncalls=650, regioncalls=5600, ndraw=40, logz=-1816.20, remainder_fraction=100.0000%, Lmin=-1804.51, Lmax=-8.31
12:16:45 [ultranest] [DEBUG] iteration=211, ncalls=654, regioncalls=5760, ndraw=40, logz=-1804.63, remainder_fraction=100.0000%, Lmin=-1796.47, Lmax=-8.31
12:16:45 [ultranest] [DEBUG] iteration=215, ncalls=659, regioncalls=5960, ndraw=40, logz=-1777.49, remainder_fraction=100.0000%, Lmin=-1770.04, Lmax=-8.31
12:16:45 [ultranest] [DEBUG] iteration=219, ncalls=664, regioncalls=6160, ndraw=40, logz=-1755.54, remainder_fraction=100.0000%, Lmin=-1739.29, Lmax=-8.31
12:16:45 [ultranest] [DEBUG] iteration=223, ncalls=670, regioncalls=6400, ndraw=40, logz=-1726.84, remainder_fraction=100.0000%, Lmin=-1712.40, Lmax=-8.31
12:16:45 [ultranest] [DEBUG] iteration=225, ncalls=676, regioncalls=6640, ndraw=40, logz=-1712.88, remainder_fraction=100.0000%, Lmin=-1701.63, Lmax=-8.31
12:16:45 [ultranest] [DEBUG] iteration=227, ncalls=680, regioncalls=6800, ndraw=40, logz=-1702.51, remainder_fraction=100.0000%, Lmin=-1687.61, Lmax=-8.31
12:16:46 [ultranest] [DEBUG] iteration=230, ncalls=684, regioncalls=6960, ndraw=40, logz=-1688.15, remainder_fraction=100.0000%, Lmin=-1678.91, Lmax=-8.31
12:16:46 [ultranest] [DEBUG] iteration=232, ncalls=689, regioncalls=7160, ndraw=40, logz=-1675.12, remainder_fraction=100.0000%, Lmin=-1668.11, Lmax=-8.31
12:16:46 [ultranest] [DEBUG] iteration=235, ncalls=694, regioncalls=7360, ndraw=40, logz=-1663.10, remainder_fraction=100.0000%, Lmin=-1648.94, Lmax=-8.31
12:16:46 [ultranest] [DEBUG] iteration=238, ncalls=704, regioncalls=7760, ndraw=40, logz=-1639.05, remainder_fraction=100.0000%, Lmin=-1629.63, Lmax=-8.31
12:16:46 [ultranest] [DEBUG] iteration=242, ncalls=708, regioncalls=7920, ndraw=40, logz=-1614.55, remainder_fraction=100.0000%, Lmin=-1593.31, Lmax=-8.31
12:16:46 [ultranest] [DEBUG] iteration=245, ncalls=714, regioncalls=8160, ndraw=40, logz=-1591.79, remainder_fraction=100.0000%, Lmin=-1583.87, Lmax=-8.31
12:16:46 [ultranest] [DEBUG] iteration=248, ncalls=718, regioncalls=8320, ndraw=40, logz=-1584.20, remainder_fraction=100.0000%, Lmin=-1574.16, Lmax=-8.31
12:16:47 [ultranest] [DEBUG] iteration=251, ncalls=722, regioncalls=8480, ndraw=40, logz=-1577.01, remainder_fraction=100.0000%, Lmin=-1569.83, Lmax=-8.31
12:16:47 [ultranest] [DEBUG] iteration=254, ncalls=726, regioncalls=8640, ndraw=40, logz=-1567.87, remainder_fraction=100.0000%, Lmin=-1555.45, Lmax=-8.31
12:16:47 [ultranest] [DEBUG] iteration=255, ncalls=727, regioncalls=8680, ndraw=40, logz=-1562.04, remainder_fraction=100.0000%, Lmin=-1553.81, Lmax=-8.31
12:16:47 [ultranest] [DEBUG] iteration=259, ncalls=731, regioncalls=8840, ndraw=40, logz=-1553.41, remainder_fraction=100.0000%, Lmin=-1535.94, Lmax=-8.31
12:16:47 [ultranest] [DEBUG] iteration=263, ncalls=735, regioncalls=9000, ndraw=40, logz=-1504.31, remainder_fraction=100.0000%, Lmin=-1482.69, Lmax=-8.31
12:16:47 [ultranest] [DEBUG] iteration=265, ncalls=739, regioncalls=9160, ndraw=40, logz=-1476.56, remainder_fraction=100.0000%, Lmin=-1469.15, Lmax=-8.31
12:16:47 [ultranest] [DEBUG] iteration=268, ncalls=745, regioncalls=9400, ndraw=40, logz=-1463.21, remainder_fraction=100.0000%, Lmin=-1456.39, Lmax=-8.31
12:16:47 [ultranest] [DEBUG] iteration=271, ncalls=751, regioncalls=9640, ndraw=40, logz=-1452.32, remainder_fraction=100.0000%, Lmin=-1444.86, Lmax=-8.31
12:16:47 [ultranest] [DEBUG] iteration=275, ncalls=757, regioncalls=9880, ndraw=40, logz=-1443.09, remainder_fraction=100.0000%, Lmin=-1435.49, Lmax=-8.31
12:16:48 [ultranest] [DEBUG] iteration=278, ncalls=761, regioncalls=10040, ndraw=40, logz=-1438.51, remainder_fraction=100.0000%, Lmin=-1431.86, Lmax=-8.31
12:16:48 [ultranest] [DEBUG] iteration=282, ncalls=765, regioncalls=10200, ndraw=40, logz=-1421.47, remainder_fraction=100.0000%, Lmin=-1410.23, Lmax=-8.31
12:16:48 [ultranest] [DEBUG] iteration=285, ncalls=771, regioncalls=10440, ndraw=40, logz=-1412.03, remainder_fraction=100.0000%, Lmin=-1403.82, Lmax=-8.31
12:16:48 [ultranest] [DEBUG] iteration=288, ncalls=776, regioncalls=10640, ndraw=40, logz=-1400.88, remainder_fraction=100.0000%, Lmin=-1386.87, Lmax=-8.31
12:16:48 [ultranest] [DEBUG] iteration=290, ncalls=778, regioncalls=10720, ndraw=40, logz=-1390.33, remainder_fraction=100.0000%, Lmin=-1380.22, Lmax=-8.31
12:16:48 [ultranest] [DEBUG] iteration=291, ncalls=781, regioncalls=10840, ndraw=40, logz=-1386.88, remainder_fraction=100.0000%, Lmin=-1376.79, Lmax=-8.31
12:16:48 [ultranest] [DEBUG] iteration=293, ncalls=784, regioncalls=10960, ndraw=40, logz=-1378.47, remainder_fraction=100.0000%, Lmin=-1371.71, Lmax=-8.31
12:16:49 [ultranest] [DEBUG] iteration=297, ncalls=789, regioncalls=11160, ndraw=40, logz=-1355.96, remainder_fraction=100.0000%, Lmin=-1345.90, Lmax=-8.31
12:16:49 [ultranest] [DEBUG] iteration=301, ncalls=793, regioncalls=11320, ndraw=40, logz=-1341.38, remainder_fraction=100.0000%, Lmin=-1327.29, Lmax=-8.31
12:16:49 [ultranest] [DEBUG] iteration=304, ncalls=797, regioncalls=11480, ndraw=40, logz=-1325.44, remainder_fraction=100.0000%, Lmin=-1313.58, Lmax=-8.31
12:16:49 [ultranest] [DEBUG] iteration=305, ncalls=801, regioncalls=11640, ndraw=40, logz=-1320.29, remainder_fraction=100.0000%, Lmin=-1311.58, Lmax=-8.31
12:16:49 [ultranest] [DEBUG] iteration=306, ncalls=802, regioncalls=11680, ndraw=40, logz=-1318.17, remainder_fraction=100.0000%, Lmin=-1309.28, Lmax=-8.31
12:16:49 [ultranest] [DEBUG] iteration=309, ncalls=807, regioncalls=11880, ndraw=40, logz=-1294.56, remainder_fraction=100.0000%, Lmin=-1286.54, Lmax=-8.31
12:16:49 [ultranest] [DEBUG] iteration=311, ncalls=813, regioncalls=12120, ndraw=40, logz=-1291.08, remainder_fraction=100.0000%, Lmin=-1277.10, Lmax=-8.31
12:16:49 [ultranest] [DEBUG] iteration=315, ncalls=817, regioncalls=12280, ndraw=40, logz=-1271.20, remainder_fraction=100.0000%, Lmin=-1263.20, Lmax=-8.31
12:16:49 [ultranest] [DEBUG] iteration=316, ncalls=821, regioncalls=12440, ndraw=40, logz=-1269.70, remainder_fraction=100.0000%, Lmin=-1258.71, Lmax=-8.31
12:16:50 [ultranest] [DEBUG] iteration=319, ncalls=828, regioncalls=12720, ndraw=40, logz=-1261.37, remainder_fraction=100.0000%, Lmin=-1246.04, Lmax=-8.31
12:16:50 [ultranest] [DEBUG] iteration=322, ncalls=833, regioncalls=12920, ndraw=40, logz=-1248.36, remainder_fraction=100.0000%, Lmin=-1240.55, Lmax=-8.31
12:16:50 [ultranest] [DEBUG] iteration=325, ncalls=837, regioncalls=13080, ndraw=40, logz=-1244.18, remainder_fraction=100.0000%, Lmin=-1237.88, Lmax=-6.05
12:16:50 [ultranest] [DEBUG] iteration=327, ncalls=842, regioncalls=13280, ndraw=40, logz=-1228.05, remainder_fraction=100.0000%, Lmin=-1208.64, Lmax=-6.05
12:16:50 [ultranest] [DEBUG] iteration=329, ncalls=846, regioncalls=13440, ndraw=40, logz=-1204.11, remainder_fraction=100.0000%, Lmin=-1185.40, Lmax=-6.05
12:16:50 [ultranest] [DEBUG] iteration=331, ncalls=851, regioncalls=13640, ndraw=40, logz=-1191.41, remainder_fraction=100.0000%, Lmin=-1181.49, Lmax=-6.05
12:16:50 [ultranest] [DEBUG] iteration=333, ncalls=855, regioncalls=13800, ndraw=40, logz=-1185.59, remainder_fraction=100.0000%, Lmin=-1178.03, Lmax=-6.05
12:16:51 [ultranest] [DEBUG] iteration=336, ncalls=859, regioncalls=13960, ndraw=40, logz=-1180.19, remainder_fraction=100.0000%, Lmin=-1166.50, Lmax=-6.05
12:16:51 [ultranest] [DEBUG] iteration=338, ncalls=863, regioncalls=14120, ndraw=40, logz=-1169.89, remainder_fraction=100.0000%, Lmin=-1147.68, Lmax=-6.05
12:16:51 [ultranest] [DEBUG] iteration=342, ncalls=874, regioncalls=14560, ndraw=40, logz=-1148.43, remainder_fraction=100.0000%, Lmin=-1131.09, Lmax=-6.05
12:16:51 [ultranest] [DEBUG] iteration=344, ncalls=877, regioncalls=14680, ndraw=40, logz=-1136.50, remainder_fraction=100.0000%, Lmin=-1128.94, Lmax=-6.05
12:16:51 [ultranest] [DEBUG] iteration=346, ncalls=882, regioncalls=14880, ndraw=40, logz=-1132.93, remainder_fraction=100.0000%, Lmin=-1117.25, Lmax=-6.05
12:16:51 [ultranest] [DEBUG] iteration=349, ncalls=888, regioncalls=15120, ndraw=40, logz=-1122.40, remainder_fraction=100.0000%, Lmin=-1115.80, Lmax=-6.05
12:16:52 [ultranest] [DEBUG] iteration=352, ncalls=893, regioncalls=15320, ndraw=40, logz=-1104.94, remainder_fraction=100.0000%, Lmin=-1096.65, Lmax=-6.05
12:16:52 [ultranest] [DEBUG] iteration=356, ncalls=897, regioncalls=15480, ndraw=40, logz=-1080.78, remainder_fraction=100.0000%, Lmin=-1061.32, Lmax=-6.05
12:16:52 [ultranest] [DEBUG] iteration=357, ncalls=900, regioncalls=15600, ndraw=40, logz=-1068.17, remainder_fraction=100.0000%, Lmin=-1059.07, Lmax=-6.05
12:16:52 [ultranest] [DEBUG] iteration=360, ncalls=904, regioncalls=15760, ndraw=40, logz=-1058.79, remainder_fraction=100.0000%, Lmin=-1039.56, Lmax=-6.05
12:16:52 [ultranest] [DEBUG] iteration=363, ncalls=908, regioncalls=15920, ndraw=40, logz=-1040.78, remainder_fraction=100.0000%, Lmin=-1032.75, Lmax=-6.05
12:16:52 [ultranest] [DEBUG] iteration=365, ncalls=912, regioncalls=16080, ndraw=40, logz=-1037.08, remainder_fraction=100.0000%, Lmin=-1025.73, Lmax=-6.05
12:16:52 [ultranest] [DEBUG] iteration=369, ncalls=918, regioncalls=16320, ndraw=40, logz=-1000.08, remainder_fraction=100.0000%, Lmin=-993.22, Lmax=-6.05
12:16:52 [ultranest] [DEBUG] iteration=371, ncalls=923, regioncalls=16520, ndraw=40, logz=-998.88, remainder_fraction=100.0000%, Lmin=-989.99, Lmax=-6.05
12:16:53 [ultranest] [DEBUG] iteration=373, ncalls=932, regioncalls=16880, ndraw=40, logz=-991.42, remainder_fraction=100.0000%, Lmin=-981.90, Lmax=-6.05
12:16:53 [ultranest] [DEBUG] iteration=375, ncalls=937, regioncalls=17080, ndraw=40, logz=-987.97, remainder_fraction=100.0000%, Lmin=-979.56, Lmax=-6.05
12:16:53 [ultranest] [DEBUG] iteration=378, ncalls=947, regioncalls=17480, ndraw=40, logz=-978.49, remainder_fraction=100.0000%, Lmin=-970.88, Lmax=-6.05
12:16:53 [ultranest] [DEBUG] iteration=380, ncalls=952, regioncalls=17680, ndraw=40, logz=-972.29, remainder_fraction=100.0000%, Lmin=-961.86, Lmax=-6.05
12:16:53 [ultranest] [DEBUG] iteration=382, ncalls=956, regioncalls=17840, ndraw=40, logz=-943.26, remainder_fraction=100.0000%, Lmin=-931.46, Lmax=-6.05
12:16:54 [ultranest] [DEBUG] iteration=383, ncalls=960, regioncalls=18000, ndraw=40, logz=-938.37, remainder_fraction=100.0000%, Lmin=-930.56, Lmax=-6.05
12:16:54 [ultranest] [DEBUG] iteration=385, ncalls=965, regioncalls=18200, ndraw=40, logz=-936.36, remainder_fraction=100.0000%, Lmin=-927.28, Lmax=-6.05
12:16:54 [ultranest] [DEBUG] iteration=386, ncalls=969, regioncalls=18360, ndraw=40, logz=-934.09, remainder_fraction=100.0000%, Lmin=-922.99, Lmax=-6.05
12:16:54 [ultranest] [DEBUG] iteration=389, ncalls=973, regioncalls=18520, ndraw=40, logz=-907.64, remainder_fraction=100.0000%, Lmin=-894.95, Lmax=-6.05
12:16:54 [ultranest] [DEBUG] iteration=392, ncalls=977, regioncalls=18680, ndraw=40, logz=-891.56, remainder_fraction=100.0000%, Lmin=-884.42, Lmax=-6.05
12:16:54 [ultranest] [DEBUG] iteration=394, ncalls=981, regioncalls=18840, ndraw=40, logz=-887.88, remainder_fraction=100.0000%, Lmin=-869.11, Lmax=-6.05
12:16:54 [ultranest] [DEBUG] iteration=397, ncalls=990, regioncalls=19200, ndraw=40, logz=-872.21, remainder_fraction=100.0000%, Lmin=-861.44, Lmax=-6.05
12:16:55 [ultranest] [DEBUG] iteration=401, ncalls=998, regioncalls=19520, ndraw=40, logz=-858.79, remainder_fraction=100.0000%, Lmin=-846.34, Lmax=-6.05
12:16:55 [ultranest] [DEBUG] iteration=404, ncalls=1009, regioncalls=19960, ndraw=40, logz=-851.34, remainder_fraction=100.0000%, Lmin=-841.88, Lmax=-6.05
12:16:55 [ultranest] [DEBUG] iteration=407, ncalls=1013, regioncalls=20120, ndraw=40, logz=-817.78, remainder_fraction=100.0000%, Lmin=-808.52, Lmax=-6.05
12:16:55 [ultranest] [DEBUG] iteration=408, ncalls=1014, regioncalls=20160, ndraw=40, logz=-815.40, remainder_fraction=100.0000%, Lmin=-804.38, Lmax=-6.05
12:16:55 [ultranest] [DEBUG] iteration=410, ncalls=1022, regioncalls=20480, ndraw=40, logz=-810.52, remainder_fraction=100.0000%, Lmin=-798.83, Lmax=-6.05
12:16:55 [ultranest] [DEBUG] iteration=411, ncalls=1032, regioncalls=20880, ndraw=40, logz=-805.80, remainder_fraction=100.0000%, Lmin=-793.94, Lmax=-6.05
12:16:56 [ultranest] [DEBUG] iteration=413, ncalls=1036, regioncalls=21040, ndraw=40, logz=-797.29, remainder_fraction=100.0000%, Lmin=-789.95, Lmax=-6.05
12:16:56 [ultranest] [DEBUG] iteration=416, ncalls=1044, regioncalls=21360, ndraw=40, logz=-793.42, remainder_fraction=100.0000%, Lmin=-786.30, Lmax=-6.05
12:16:56 [ultranest] [DEBUG] iteration=418, ncalls=1051, regioncalls=21640, ndraw=40, logz=-791.52, remainder_fraction=100.0000%, Lmin=-782.22, Lmax=-6.05
12:16:56 [ultranest] [DEBUG] iteration=422, ncalls=1055, regioncalls=21800, ndraw=40, logz=-783.40, remainder_fraction=100.0000%, Lmin=-775.47, Lmax=-6.05
12:16:56 [ultranest] [DEBUG] iteration=424, ncalls=1064, regioncalls=22160, ndraw=40, logz=-777.57, remainder_fraction=100.0000%, Lmin=-769.23, Lmax=-6.05
12:16:56 [ultranest] [DEBUG] iteration=427, ncalls=1068, regioncalls=22320, ndraw=40, logz=-770.48, remainder_fraction=100.0000%, Lmin=-760.18, Lmax=-6.05
12:16:57 [ultranest] [DEBUG] iteration=430, ncalls=1072, regioncalls=22480, ndraw=40, logz=-765.29, remainder_fraction=100.0000%, Lmin=-757.08, Lmax=-6.05
12:16:57 [ultranest] [DEBUG] iteration=432, ncalls=1077, regioncalls=22680, ndraw=40, logz=-757.88, remainder_fraction=100.0000%, Lmin=-750.43, Lmax=-6.05
12:16:57 [ultranest] [DEBUG] iteration=436, ncalls=1084, regioncalls=22960, ndraw=40, logz=-744.33, remainder_fraction=100.0000%, Lmin=-735.10, Lmax=-6.05
12:16:57 [ultranest] [DEBUG] iteration=438, ncalls=1092, regioncalls=23280, ndraw=40, logz=-739.74, remainder_fraction=100.0000%, Lmin=-724.52, Lmax=-6.05
12:16:57 [ultranest] [DEBUG] iteration=440, ncalls=1097, regioncalls=23480, ndraw=40, logz=-730.14, remainder_fraction=100.0000%, Lmin=-722.72, Lmax=-6.05
12:16:57 [ultranest] [DEBUG] iteration=442, ncalls=1101, regioncalls=23640, ndraw=40, logz=-728.25, remainder_fraction=100.0000%, Lmin=-719.96, Lmax=-6.05
12:16:58 [ultranest] [DEBUG] iteration=445, ncalls=1107, regioncalls=23880, ndraw=40, logz=-724.77, remainder_fraction=100.0000%, Lmin=-717.19, Lmax=-6.05
12:16:58 [ultranest] [DEBUG] iteration=447, ncalls=1112, regioncalls=24080, ndraw=40, logz=-720.01, remainder_fraction=100.0000%, Lmin=-712.04, Lmax=-6.05
12:16:58 [ultranest] [DEBUG] iteration=451, ncalls=1116, regioncalls=24240, ndraw=40, logz=-715.29, remainder_fraction=100.0000%, Lmin=-703.46, Lmax=-6.05
12:16:58 [ultranest] [DEBUG] iteration=453, ncalls=1123, regioncalls=24520, ndraw=40, logz=-707.03, remainder_fraction=100.0000%, Lmin=-698.79, Lmax=-6.05
12:16:58 [ultranest] [DEBUG] iteration=456, ncalls=1129, regioncalls=24760, ndraw=40, logz=-693.61, remainder_fraction=100.0000%, Lmin=-682.80, Lmax=-6.05
12:16:58 [ultranest] [DEBUG] iteration=458, ncalls=1136, regioncalls=25040, ndraw=40, logz=-683.53, remainder_fraction=100.0000%, Lmin=-675.47, Lmax=-6.05
12:16:58 [ultranest] [DEBUG] iteration=459, ncalls=1137, regioncalls=25080, ndraw=40, logz=-682.25, remainder_fraction=100.0000%, Lmin=-674.51, Lmax=-6.05
12:16:59 [ultranest] [DEBUG] iteration=461, ncalls=1143, regioncalls=25320, ndraw=40, logz=-672.24, remainder_fraction=100.0000%, Lmin=-657.56, Lmax=-6.05
12:16:59 [ultranest] [DEBUG] iteration=464, ncalls=1155, regioncalls=25800, ndraw=40, logz=-662.18, remainder_fraction=100.0000%, Lmin=-653.24, Lmax=-6.05
12:16:59 [ultranest] [DEBUG] iteration=466, ncalls=1160, regioncalls=26000, ndraw=40, logz=-658.03, remainder_fraction=100.0000%, Lmin=-649.76, Lmax=-6.05
12:16:59 [ultranest] [DEBUG] iteration=469, ncalls=1165, regioncalls=26200, ndraw=40, logz=-650.30, remainder_fraction=100.0000%, Lmin=-640.33, Lmax=-6.05
12:16:59 [ultranest] [DEBUG] iteration=470, ncalls=1166, regioncalls=26240, ndraw=40, logz=-647.40, remainder_fraction=100.0000%, Lmin=-637.65, Lmax=-6.05
12:16:59 [ultranest] [DEBUG] iteration=473, ncalls=1171, regioncalls=26440, ndraw=40, logz=-637.41, remainder_fraction=100.0000%, Lmin=-624.30, Lmax=-6.05
12:17:00 [ultranest] [DEBUG] iteration=475, ncalls=1180, regioncalls=26800, ndraw=40, logz=-629.03, remainder_fraction=100.0000%, Lmin=-618.56, Lmax=-6.05
12:17:00 [ultranest] [DEBUG] iteration=476, ncalls=1184, regioncalls=26960, ndraw=40, logz=-625.68, remainder_fraction=100.0000%, Lmin=-612.45, Lmax=-6.05
12:17:00 [ultranest] [DEBUG] iteration=478, ncalls=1188, regioncalls=27120, ndraw=40, logz=-618.36, remainder_fraction=100.0000%, Lmin=-610.17, Lmax=-6.05
12:17:00 [ultranest] [DEBUG] iteration=481, ncalls=1193, regioncalls=27320, ndraw=40, logz=-609.88, remainder_fraction=100.0000%, Lmin=-602.11, Lmax=-6.05
12:17:00 [ultranest] [DEBUG] iteration=484, ncalls=1201, regioncalls=27640, ndraw=40, logz=-601.67, remainder_fraction=100.0000%, Lmin=-593.40, Lmax=-6.05
12:17:00 [ultranest] [DEBUG] iteration=487, ncalls=1207, regioncalls=27880, ndraw=40, logz=-597.87, remainder_fraction=100.0000%, Lmin=-590.42, Lmax=-6.05
12:17:00 [ultranest] [DEBUG] iteration=489, ncalls=1216, regioncalls=28240, ndraw=40, logz=-595.54, remainder_fraction=100.0000%, Lmin=-587.91, Lmax=-6.05
12:17:01 [ultranest] [DEBUG] iteration=491, ncalls=1225, regioncalls=28600, ndraw=40, logz=-593.82, remainder_fraction=100.0000%, Lmin=-585.54, Lmax=-6.05
12:17:01 [ultranest] [DEBUG] iteration=492, ncalls=1229, regioncalls=28760, ndraw=40, logz=-592.44, remainder_fraction=100.0000%, Lmin=-576.58, Lmax=-6.05
12:17:01 [ultranest] [DEBUG] iteration=494, ncalls=1233, regioncalls=28920, ndraw=40, logz=-578.20, remainder_fraction=100.0000%, Lmin=-570.74, Lmax=-6.05
12:17:01 [ultranest] [DEBUG] iteration=496, ncalls=1240, regioncalls=29200, ndraw=40, logz=-574.37, remainder_fraction=100.0000%, Lmin=-567.12, Lmax=-6.05
12:17:01 [ultranest] [DEBUG] iteration=499, ncalls=1245, regioncalls=29400, ndraw=40, logz=-564.58, remainder_fraction=100.0000%, Lmin=-550.14, Lmax=-6.05
12:17:01 [ultranest] [DEBUG] iteration=500, ncalls=1249, regioncalls=29560, ndraw=40, logz=-557.35, remainder_fraction=100.0000%, Lmin=-547.27, Lmax=-6.05
12:17:02 [ultranest] [DEBUG] iteration=503, ncalls=1258, regioncalls=29920, ndraw=40, logz=-552.91, remainder_fraction=100.0000%, Lmin=-543.74, Lmax=-6.05
12:17:02 [ultranest] [DEBUG] iteration=506, ncalls=1262, regioncalls=30080, ndraw=40, logz=-545.34, remainder_fraction=100.0000%, Lmin=-532.36, Lmax=-6.05
12:17:02 [ultranest] [DEBUG] iteration=508, ncalls=1267, regioncalls=30280, ndraw=40, logz=-538.89, remainder_fraction=100.0000%, Lmin=-527.23, Lmax=-6.05
12:17:02 [ultranest] [DEBUG] iteration=510, ncalls=1272, regioncalls=30480, ndraw=40, logz=-530.89, remainder_fraction=100.0000%, Lmin=-522.78, Lmax=-6.05
12:17:02 [ultranest] [DEBUG] iteration=513, ncalls=1276, regioncalls=30640, ndraw=40, logz=-527.51, remainder_fraction=100.0000%, Lmin=-516.97, Lmax=-6.05
12:17:02 [ultranest] [DEBUG] iteration=516, ncalls=1281, regioncalls=30840, ndraw=40, logz=-521.45, remainder_fraction=100.0000%, Lmin=-513.50, Lmax=-6.05
12:17:02 [ultranest] [DEBUG] iteration=518, ncalls=1285, regioncalls=31000, ndraw=40, logz=-518.98, remainder_fraction=100.0000%, Lmin=-509.68, Lmax=-6.05
12:17:03 [ultranest] [DEBUG] iteration=521, ncalls=1289, regioncalls=31160, ndraw=40, logz=-511.75, remainder_fraction=100.0000%, Lmin=-502.12, Lmax=-6.05
12:17:03 [ultranest] [DEBUG] iteration=525, ncalls=1295, regioncalls=31400, ndraw=40, logz=-504.21, remainder_fraction=100.0000%, Lmin=-493.93, Lmax=-6.05
12:17:03 [ultranest] [DEBUG] iteration=527, ncalls=1304, regioncalls=31760, ndraw=40, logz=-492.33, remainder_fraction=100.0000%, Lmin=-484.30, Lmax=-6.05
12:17:03 [ultranest] [DEBUG] iteration=529, ncalls=1308, regioncalls=31920, ndraw=40, logz=-489.61, remainder_fraction=100.0000%, Lmin=-481.74, Lmax=-6.05
12:17:03 [ultranest] [DEBUG] iteration=533, ncalls=1315, regioncalls=32200, ndraw=40, logz=-484.08, remainder_fraction=100.0000%, Lmin=-473.89, Lmax=-6.05
12:17:03 [ultranest] [DEBUG] iteration=536, ncalls=1320, regioncalls=32400, ndraw=40, logz=-479.28, remainder_fraction=100.0000%, Lmin=-469.64, Lmax=-6.05
12:17:04 [ultranest] [DEBUG] iteration=540, ncalls=1325, regioncalls=32600, ndraw=40, logz=-465.80, remainder_fraction=100.0000%, Lmin=-457.11, Lmax=-6.05
12:17:04 [ultranest] [DEBUG] iteration=543, ncalls=1329, regioncalls=32760, ndraw=40, logz=-460.39, remainder_fraction=100.0000%, Lmin=-451.23, Lmax=-6.05
12:17:04 [ultranest] [DEBUG] iteration=544, ncalls=1334, regioncalls=32960, ndraw=40, logz=-458.40, remainder_fraction=100.0000%, Lmin=-450.36, Lmax=-6.05
12:17:04 [ultranest] [DEBUG] iteration=545, ncalls=1346, regioncalls=33440, ndraw=40, logz=-457.29, remainder_fraction=100.0000%, Lmin=-449.24, Lmax=-6.05
12:17:04 [ultranest] [DEBUG] iteration=547, ncalls=1351, regioncalls=33640, ndraw=40, logz=-450.34, remainder_fraction=100.0000%, Lmin=-442.33, Lmax=-6.05
12:17:04 [ultranest] [DEBUG] iteration=550, ncalls=1356, regioncalls=33840, ndraw=40, logz=-443.13, remainder_fraction=100.0000%, Lmin=-435.53, Lmax=-6.05
12:17:05 [ultranest] [DEBUG] iteration=553, ncalls=1363, regioncalls=34120, ndraw=40, logz=-441.12, remainder_fraction=100.0000%, Lmin=-431.00, Lmax=-6.05
12:17:05 [ultranest] [DEBUG] iteration=555, ncalls=1376, regioncalls=34640, ndraw=40, logz=-436.71, remainder_fraction=100.0000%, Lmin=-425.85, Lmax=-6.05
12:17:05 [ultranest] [DEBUG] iteration=559, ncalls=1384, regioncalls=34960, ndraw=40, logz=-428.13, remainder_fraction=100.0000%, Lmin=-421.24, Lmax=-6.05
12:17:05 [ultranest] [DEBUG] iteration=560, ncalls=1386, regioncalls=35040, ndraw=40, logz=-427.64, remainder_fraction=100.0000%, Lmin=-420.93, Lmax=-6.05
12:17:05 [ultranest] [DEBUG] iteration=561, ncalls=1388, regioncalls=35120, ndraw=40, logz=-427.22, remainder_fraction=100.0000%, Lmin=-419.41, Lmax=-6.05
12:17:05 [ultranest] [DEBUG] iteration=563, ncalls=1392, regioncalls=35280, ndraw=40, logz=-424.73, remainder_fraction=100.0000%, Lmin=-416.49, Lmax=-6.05
12:17:06 [ultranest] [DEBUG] iteration=565, ncalls=1397, regioncalls=35480, ndraw=40, logz=-422.91, remainder_fraction=100.0000%, Lmin=-416.21, Lmax=-6.05
12:17:06 [ultranest] [DEBUG] iteration=568, ncalls=1402, regioncalls=35680, ndraw=40, logz=-420.79, remainder_fraction=100.0000%, Lmin=-413.79, Lmax=-6.05
12:17:06 [ultranest] [DEBUG] iteration=571, ncalls=1406, regioncalls=35840, ndraw=40, logz=-418.75, remainder_fraction=100.0000%, Lmin=-407.63, Lmax=-6.05
12:17:06 [ultranest] [DEBUG] iteration=574, ncalls=1410, regioncalls=36000, ndraw=40, logz=-412.31, remainder_fraction=100.0000%, Lmin=-405.21, Lmax=-6.05
12:17:06 [ultranest] [DEBUG] iteration=575, ncalls=1414, regioncalls=36160, ndraw=40, logz=-411.76, remainder_fraction=100.0000%, Lmin=-403.36, Lmax=-6.05
12:17:06 [ultranest] [DEBUG] iteration=579, ncalls=1424, regioncalls=36560, ndraw=40, logz=-406.32, remainder_fraction=100.0000%, Lmin=-399.32, Lmax=-6.05
12:17:07 [ultranest] [DEBUG] iteration=583, ncalls=1428, regioncalls=36720, ndraw=40, logz=-402.40, remainder_fraction=100.0000%, Lmin=-395.10, Lmax=-6.05
12:17:07 [ultranest] [DEBUG] iteration=584, ncalls=1435, regioncalls=37000, ndraw=40, logz=-401.77, remainder_fraction=100.0000%, Lmin=-394.71, Lmax=-6.05
12:17:07 [ultranest] [DEBUG] iteration=586, ncalls=1446, regioncalls=37440, ndraw=40, logz=-400.59, remainder_fraction=100.0000%, Lmin=-393.10, Lmax=-6.05
12:17:07 [ultranest] [DEBUG] iteration=588, ncalls=1451, regioncalls=37640, ndraw=40, logz=-399.43, remainder_fraction=100.0000%, Lmin=-390.93, Lmax=-6.05
12:17:07 [ultranest] [DEBUG] iteration=591, ncalls=1455, regioncalls=37800, ndraw=40, logz=-396.91, remainder_fraction=100.0000%, Lmin=-390.23, Lmax=-6.05
12:17:08 [ultranest] [DEBUG] iteration=594, ncalls=1464, regioncalls=38160, ndraw=40, logz=-394.80, remainder_fraction=100.0000%, Lmin=-387.60, Lmax=-6.05
12:17:08 [ultranest] [DEBUG] iteration=597, ncalls=1473, regioncalls=38520, ndraw=40, logz=-393.55, remainder_fraction=100.0000%, Lmin=-384.19, Lmax=-6.05
12:17:08 [ultranest] [DEBUG] iteration=598, ncalls=1484, regioncalls=38960, ndraw=40, logz=-391.51, remainder_fraction=100.0000%, Lmin=-383.66, Lmax=-6.05
12:17:08 [ultranest] [DEBUG] iteration=600, ncalls=1489, regioncalls=39160, ndraw=40, logz=-387.97, remainder_fraction=100.0000%, Lmin=-380.22, Lmax=-6.05
12:17:08 [ultranest] [DEBUG] iteration=603, ncalls=1500, regioncalls=39600, ndraw=40, logz=-377.43, remainder_fraction=100.0000%, Lmin=-366.19, Lmax=-6.05
12:17:09 [ultranest] [DEBUG] iteration=605, ncalls=1506, regioncalls=39840, ndraw=40, logz=-372.93, remainder_fraction=100.0000%, Lmin=-365.43, Lmax=-6.05
12:17:09 [ultranest] [DEBUG] iteration=606, ncalls=1514, regioncalls=40160, ndraw=40, logz=-372.22, remainder_fraction=100.0000%, Lmin=-360.76, Lmax=-6.05
12:17:09 [ultranest] [DEBUG] iteration=610, ncalls=1521, regioncalls=40440, ndraw=40, logz=-363.34, remainder_fraction=100.0000%, Lmin=-355.84, Lmax=-6.05
12:17:09 [ultranest] [DEBUG] iteration=611, ncalls=1528, regioncalls=40720, ndraw=40, logz=-362.64, remainder_fraction=100.0000%, Lmin=-355.51, Lmax=-6.05
12:17:09 [ultranest] [DEBUG] iteration=612, ncalls=1529, regioncalls=40760, ndraw=40, logz=-362.11, remainder_fraction=100.0000%, Lmin=-354.68, Lmax=-6.05
12:17:09 [ultranest] [DEBUG] iteration=615, ncalls=1535, regioncalls=41000, ndraw=40, logz=-360.75, remainder_fraction=100.0000%, Lmin=-352.56, Lmax=-6.05
12:17:10 [ultranest] [DEBUG] iteration=617, ncalls=1538, regioncalls=41120, ndraw=40, logz=-358.86, remainder_fraction=100.0000%, Lmin=-351.59, Lmax=-6.05
12:17:10 [ultranest] [DEBUG] iteration=618, ncalls=1548, regioncalls=41520, ndraw=40, logz=-358.28, remainder_fraction=100.0000%, Lmin=-351.10, Lmax=-6.05
12:17:10 [ultranest] [DEBUG] iteration=621, ncalls=1558, regioncalls=41920, ndraw=40, logz=-351.73, remainder_fraction=100.0000%, Lmin=-343.72, Lmax=-6.05
12:17:10 [ultranest] [DEBUG] iteration=624, ncalls=1569, regioncalls=42360, ndraw=40, logz=-349.81, remainder_fraction=100.0000%, Lmin=-342.68, Lmax=-6.05
12:17:11 [ultranest] [DEBUG] iteration=627, ncalls=1575, regioncalls=42600, ndraw=40, logz=-348.46, remainder_fraction=100.0000%, Lmin=-340.03, Lmax=-6.05
12:17:11 [ultranest] [DEBUG] iteration=629, ncalls=1584, regioncalls=42960, ndraw=40, logz=-345.99, remainder_fraction=100.0000%, Lmin=-338.73, Lmax=-6.05
12:17:11 [ultranest] [DEBUG] iteration=632, ncalls=1589, regioncalls=43160, ndraw=40, logz=-344.12, remainder_fraction=100.0000%, Lmin=-331.98, Lmax=-6.05
12:17:11 [ultranest] [DEBUG] iteration=634, ncalls=1596, regioncalls=43440, ndraw=40, logz=-336.41, remainder_fraction=100.0000%, Lmin=-326.26, Lmax=-6.05
12:17:11 [ultranest] [DEBUG] iteration=637, ncalls=1600, regioncalls=43600, ndraw=40, logz=-327.54, remainder_fraction=100.0000%, Lmin=-319.94, Lmax=-6.05
12:17:11 [ultranest] [DEBUG] iteration=639, ncalls=1609, regioncalls=43960, ndraw=40, logz=-326.26, remainder_fraction=100.0000%, Lmin=-316.08, Lmax=-6.05
12:17:12 [ultranest] [DEBUG] iteration=641, ncalls=1615, regioncalls=44200, ndraw=40, logz=-319.99, remainder_fraction=100.0000%, Lmin=-311.17, Lmax=-6.05
12:17:12 [ultranest] [DEBUG] iteration=644, ncalls=1621, regioncalls=44440, ndraw=40, logz=-316.83, remainder_fraction=100.0000%, Lmin=-308.39, Lmax=-6.05
12:17:12 [ultranest] [DEBUG] iteration=646, ncalls=1626, regioncalls=44640, ndraw=40, logz=-315.00, remainder_fraction=100.0000%, Lmin=-306.81, Lmax=-6.05
12:17:12 [ultranest] [DEBUG] iteration=649, ncalls=1632, regioncalls=44880, ndraw=40, logz=-312.42, remainder_fraction=100.0000%, Lmin=-305.31, Lmax=-6.05
12:17:12 [ultranest] [DEBUG] iteration=650, ncalls=1640, regioncalls=45200, ndraw=40, logz=-311.93, remainder_fraction=100.0000%, Lmin=-305.06, Lmax=-6.05
12:17:12 [ultranest] [DEBUG] iteration=652, ncalls=1646, regioncalls=45440, ndraw=40, logz=-311.13, remainder_fraction=100.0000%, Lmin=-303.95, Lmax=-6.05
12:17:13 [ultranest] [DEBUG] iteration=655, ncalls=1651, regioncalls=45640, ndraw=40, logz=-309.41, remainder_fraction=100.0000%, Lmin=-301.89, Lmax=-5.87
12:17:13 [ultranest] [DEBUG] iteration=658, ncalls=1657, regioncalls=45880, ndraw=40, logz=-307.65, remainder_fraction=100.0000%, Lmin=-299.62, Lmax=-5.87
12:17:13 [ultranest] [DEBUG] iteration=661, ncalls=1665, regioncalls=46200, ndraw=40, logz=-302.25, remainder_fraction=100.0000%, Lmin=-293.53, Lmax=-5.65
12:17:13 [ultranest] [DEBUG] iteration=663, ncalls=1671, regioncalls=46440, ndraw=40, logz=-300.22, remainder_fraction=100.0000%, Lmin=-292.79, Lmax=-5.65
12:17:13 [ultranest] [DEBUG] iteration=665, ncalls=1684, regioncalls=46960, ndraw=40, logz=-299.24, remainder_fraction=100.0000%, Lmin=-292.04, Lmax=-5.65
12:17:14 [ultranest] [DEBUG] iteration=667, ncalls=1689, regioncalls=47160, ndraw=40, logz=-298.12, remainder_fraction=100.0000%, Lmin=-288.03, Lmax=-5.65
12:17:14 [ultranest] [DEBUG] iteration=669, ncalls=1695, regioncalls=47400, ndraw=40, logz=-292.98, remainder_fraction=100.0000%, Lmin=-284.85, Lmax=-5.65
12:17:14 [ultranest] [DEBUG] iteration=671, ncalls=1699, regioncalls=47560, ndraw=40, logz=-291.31, remainder_fraction=100.0000%, Lmin=-284.26, Lmax=-5.65
12:17:14 [ultranest] [DEBUG] iteration=672, ncalls=1714, regioncalls=48160, ndraw=40, logz=-290.87, remainder_fraction=100.0000%, Lmin=-283.79, Lmax=-5.65
12:17:14 [ultranest] [DEBUG] iteration=674, ncalls=1718, regioncalls=48320, ndraw=40, logz=-289.66, remainder_fraction=100.0000%, Lmin=-279.85, Lmax=-5.65
12:17:14 [ultranest] [DEBUG] iteration=677, ncalls=1722, regioncalls=48480, ndraw=40, logz=-285.77, remainder_fraction=100.0000%, Lmin=-278.17, Lmax=-5.65
12:17:15 [ultranest] [DEBUG] iteration=679, ncalls=1727, regioncalls=48680, ndraw=40, logz=-284.61, remainder_fraction=100.0000%, Lmin=-276.85, Lmax=-5.65
12:17:15 [ultranest] [DEBUG] iteration=681, ncalls=1731, regioncalls=48840, ndraw=40, logz=-283.35, remainder_fraction=100.0000%, Lmin=-275.50, Lmax=-5.65
12:17:15 [ultranest] [DEBUG] iteration=684, ncalls=1744, regioncalls=49360, ndraw=40, logz=-281.46, remainder_fraction=100.0000%, Lmin=-274.06, Lmax=-5.65
12:17:15 [ultranest] [DEBUG] iteration=686, ncalls=1748, regioncalls=49520, ndraw=40, logz=-280.52, remainder_fraction=100.0000%, Lmin=-273.66, Lmax=-5.65
12:17:15 [ultranest] [DEBUG] iteration=688, ncalls=1753, regioncalls=49720, ndraw=40, logz=-279.64, remainder_fraction=100.0000%, Lmin=-271.47, Lmax=-5.65
12:17:15 [ultranest] [DEBUG] iteration=690, ncalls=1760, regioncalls=50000, ndraw=40, logz=-278.11, remainder_fraction=100.0000%, Lmin=-270.35, Lmax=-5.65
12:17:16 [ultranest] [DEBUG] iteration=693, ncalls=1768, regioncalls=50320, ndraw=40, logz=-275.80, remainder_fraction=100.0000%, Lmin=-267.35, Lmax=-5.65
12:17:16 [ultranest] [DEBUG] iteration=695, ncalls=1772, regioncalls=50480, ndraw=40, logz=-273.29, remainder_fraction=100.0000%, Lmin=-265.45, Lmax=-5.65
12:17:16 [ultranest] [DEBUG] iteration=698, ncalls=1776, regioncalls=50640, ndraw=40, logz=-271.15, remainder_fraction=100.0000%, Lmin=-263.60, Lmax=-5.65
12:17:16 [ultranest] [DEBUG] iteration=701, ncalls=1785, regioncalls=51000, ndraw=40, logz=-268.32, remainder_fraction=100.0000%, Lmin=-260.85, Lmax=-5.65
12:17:16 [ultranest] [DEBUG] iteration=704, ncalls=1790, regioncalls=51200, ndraw=40, logz=-265.53, remainder_fraction=100.0000%, Lmin=-257.73, Lmax=-5.65
12:17:16 [ultranest] [DEBUG] iteration=706, ncalls=1795, regioncalls=51400, ndraw=40, logz=-263.78, remainder_fraction=100.0000%, Lmin=-256.05, Lmax=-5.65
12:17:17 [ultranest] [DEBUG] iteration=707, ncalls=1799, regioncalls=51560, ndraw=40, logz=-263.08, remainder_fraction=100.0000%, Lmin=-254.63, Lmax=-5.65
12:17:17 [ultranest] [DEBUG] iteration=709, ncalls=1805, regioncalls=51800, ndraw=40, logz=-260.84, remainder_fraction=100.0000%, Lmin=-251.87, Lmax=-5.65
12:17:17 [ultranest] [DEBUG] iteration=712, ncalls=1817, regioncalls=52280, ndraw=40, logz=-257.98, remainder_fraction=100.0000%, Lmin=-250.39, Lmax=-5.65
12:17:17 [ultranest] [DEBUG] iteration=714, ncalls=1821, regioncalls=52440, ndraw=40, logz=-256.97, remainder_fraction=100.0000%, Lmin=-247.64, Lmax=-5.65
12:17:17 [ultranest] [DEBUG] iteration=716, ncalls=1827, regioncalls=52680, ndraw=40, logz=-254.53, remainder_fraction=100.0000%, Lmin=-247.20, Lmax=-5.65
12:17:17 [ultranest] [DEBUG] iteration=717, ncalls=1832, regioncalls=52880, ndraw=40, logz=-254.03, remainder_fraction=100.0000%, Lmin=-246.35, Lmax=-5.65
12:17:18 [ultranest] [DEBUG] iteration=718, ncalls=1836, regioncalls=53040, ndraw=40, logz=-253.37, remainder_fraction=100.0000%, Lmin=-245.66, Lmax=-5.65
12:17:18 [ultranest] [DEBUG] iteration=720, ncalls=1840, regioncalls=53200, ndraw=40, logz=-252.08, remainder_fraction=100.0000%, Lmin=-244.37, Lmax=-5.65
12:17:18 [ultranest] [DEBUG] iteration=722, ncalls=1849, regioncalls=53560, ndraw=40, logz=-250.67, remainder_fraction=100.0000%, Lmin=-242.73, Lmax=-5.65
12:17:18 [ultranest] [DEBUG] iteration=726, ncalls=1855, regioncalls=53800, ndraw=40, logz=-247.71, remainder_fraction=100.0000%, Lmin=-239.80, Lmax=-5.65
12:17:18 [ultranest] [DEBUG] iteration=728, ncalls=1862, regioncalls=54080, ndraw=40, logz=-245.45, remainder_fraction=100.0000%, Lmin=-237.73, Lmax=-5.65
12:17:19 [ultranest] [DEBUG] iteration=732, ncalls=1873, regioncalls=54520, ndraw=40, logz=-243.49, remainder_fraction=100.0000%, Lmin=-236.02, Lmax=-5.65
12:17:19 [ultranest] [DEBUG] iteration=734, ncalls=1882, regioncalls=54880, ndraw=40, logz=-242.58, remainder_fraction=100.0000%, Lmin=-235.51, Lmax=-5.65
12:17:19 [ultranest] [DEBUG] iteration=735, ncalls=1887, regioncalls=55080, ndraw=40, logz=-242.19, remainder_fraction=100.0000%, Lmin=-233.28, Lmax=-5.65
12:17:19 [ultranest] [DEBUG] iteration=738, ncalls=1892, regioncalls=55280, ndraw=40, logz=-239.82, remainder_fraction=100.0000%, Lmin=-232.19, Lmax=-5.65
12:17:19 [ultranest] [DEBUG] iteration=741, ncalls=1899, regioncalls=55560, ndraw=40, logz=-237.57, remainder_fraction=100.0000%, Lmin=-228.35, Lmax=-5.65
12:17:20 [ultranest] [DEBUG] iteration=742, ncalls=1910, regioncalls=56000, ndraw=40, logz=-235.95, remainder_fraction=100.0000%, Lmin=-227.90, Lmax=-5.65
12:17:20 [ultranest] [DEBUG] iteration=744, ncalls=1915, regioncalls=56200, ndraw=40, logz=-234.47, remainder_fraction=100.0000%, Lmin=-226.52, Lmax=-5.65
12:17:20 [ultranest] [DEBUG] iteration=747, ncalls=1919, regioncalls=56360, ndraw=40, logz=-232.22, remainder_fraction=100.0000%, Lmin=-224.30, Lmax=-5.65
12:17:20 [ultranest] [DEBUG] iteration=750, ncalls=1924, regioncalls=56560, ndraw=40, logz=-230.42, remainder_fraction=100.0000%, Lmin=-222.36, Lmax=-5.65
12:17:20 [ultranest] [DEBUG] iteration=753, ncalls=1929, regioncalls=56760, ndraw=40, logz=-228.26, remainder_fraction=100.0000%, Lmin=-221.18, Lmax=-5.65
12:17:20 [ultranest] [DEBUG] iteration=754, ncalls=1936, regioncalls=57040, ndraw=40, logz=-227.88, remainder_fraction=100.0000%, Lmin=-221.13, Lmax=-5.65
12:17:20 [ultranest] [DEBUG] iteration=756, ncalls=1940, regioncalls=57200, ndraw=40, logz=-227.35, remainder_fraction=100.0000%, Lmin=-221.01, Lmax=-5.65
12:17:21 [ultranest] [DEBUG] iteration=758, ncalls=1945, regioncalls=57400, ndraw=40, logz=-226.90, remainder_fraction=100.0000%, Lmin=-219.36, Lmax=-5.65
12:17:21 [ultranest] [DEBUG] iteration=759, ncalls=1958, regioncalls=57920, ndraw=40, logz=-226.35, remainder_fraction=100.0000%, Lmin=-219.28, Lmax=-5.65
12:17:21 [ultranest] [DEBUG] iteration=762, ncalls=1964, regioncalls=58160, ndraw=40, logz=-223.40, remainder_fraction=100.0000%, Lmin=-215.50, Lmax=-5.65
12:17:21 [ultranest] [DEBUG] iteration=764, ncalls=1968, regioncalls=58320, ndraw=40, logz=-222.24, remainder_fraction=100.0000%, Lmin=-214.60, Lmax=-5.65
12:17:21 [ultranest] [DEBUG] iteration=765, ncalls=1974, regioncalls=58560, ndraw=40, logz=-221.66, remainder_fraction=100.0000%, Lmin=-213.77, Lmax=-5.65
12:17:21 [ultranest] [DEBUG] iteration=766, ncalls=1979, regioncalls=58760, ndraw=40, logz=-220.96, remainder_fraction=100.0000%, Lmin=-213.34, Lmax=-5.65
12:17:22 [ultranest] [DEBUG] iteration=769, ncalls=1984, regioncalls=58960, ndraw=40, logz=-218.80, remainder_fraction=100.0000%, Lmin=-210.95, Lmax=-5.65
12:17:22 [ultranest] [DEBUG] iteration=771, ncalls=1991, regioncalls=59240, ndraw=40, logz=-216.96, remainder_fraction=100.0000%, Lmin=-208.92, Lmax=-5.65
12:17:22 [ultranest] [DEBUG] iteration=774, ncalls=1996, regioncalls=59440, ndraw=40, logz=-215.11, remainder_fraction=100.0000%, Lmin=-208.17, Lmax=-5.65
12:17:22 [ultranest] [DEBUG] iteration=777, ncalls=2003, regioncalls=59720, ndraw=40, logz=-213.90, remainder_fraction=100.0000%, Lmin=-206.46, Lmax=-5.65
12:17:22 [ultranest] [DEBUG] iteration=779, ncalls=2013, regioncalls=60120, ndraw=40, logz=-213.08, remainder_fraction=100.0000%, Lmin=-205.57, Lmax=-5.65
12:17:23 [ultranest] [DEBUG] iteration=780, ncalls=2026, regioncalls=60640, ndraw=40, logz=-212.57, remainder_fraction=100.0000%, Lmin=-204.34, Lmax=-5.65
12:17:23 [ultranest] [DEBUG] iteration=782, ncalls=2036, regioncalls=61040, ndraw=40, logz=-211.23, remainder_fraction=100.0000%, Lmin=-202.40, Lmax=-5.65
12:17:23 [ultranest] [DEBUG] iteration=784, ncalls=2044, regioncalls=61360, ndraw=40, logz=-209.34, remainder_fraction=100.0000%, Lmin=-200.87, Lmax=-5.65
12:17:23 [ultranest] [DEBUG] iteration=787, ncalls=2049, regioncalls=61560, ndraw=40, logz=-206.86, remainder_fraction=100.0000%, Lmin=-199.09, Lmax=-5.65
12:17:24 [ultranest] [DEBUG] iteration=789, ncalls=2064, regioncalls=62160, ndraw=40, logz=-203.93, remainder_fraction=100.0000%, Lmin=-196.02, Lmax=-5.65
12:17:24 [ultranest] [DEBUG] iteration=792, ncalls=2074, regioncalls=62560, ndraw=40, logz=-202.44, remainder_fraction=100.0000%, Lmin=-195.57, Lmax=-5.65
12:17:24 [ultranest] [DEBUG] iteration=794, ncalls=2081, regioncalls=62840, ndraw=40, logz=-201.79, remainder_fraction=100.0000%, Lmin=-194.67, Lmax=-5.65
12:17:24 [ultranest] [DEBUG] iteration=797, ncalls=2086, regioncalls=63040, ndraw=40, logz=-200.43, remainder_fraction=100.0000%, Lmin=-191.97, Lmax=-5.65
12:17:24 [ultranest] [DEBUG] iteration=799, ncalls=2092, regioncalls=63280, ndraw=40, logz=-198.45, remainder_fraction=100.0000%, Lmin=-190.64, Lmax=-5.65
12:17:24 [ultranest] [DEBUG] iteration=801, ncalls=2097, regioncalls=63480, ndraw=40, logz=-196.74, remainder_fraction=100.0000%, Lmin=-187.77, Lmax=-5.65
12:17:25 [ultranest] [DEBUG] iteration=803, ncalls=2103, regioncalls=63720, ndraw=40, logz=-193.60, remainder_fraction=100.0000%, Lmin=-185.78, Lmax=-5.65
12:17:25 [ultranest] [DEBUG] iteration=804, ncalls=2107, regioncalls=63880, ndraw=40, logz=-192.98, remainder_fraction=100.0000%, Lmin=-185.05, Lmax=-5.65
12:17:25 [ultranest] [DEBUG] iteration=806, ncalls=2113, regioncalls=64120, ndraw=40, logz=-191.43, remainder_fraction=100.0000%, Lmin=-182.81, Lmax=-5.65
12:17:25 [ultranest] [DEBUG] iteration=808, ncalls=2120, regioncalls=64400, ndraw=40, logz=-189.47, remainder_fraction=100.0000%, Lmin=-181.08, Lmax=-5.65
12:17:25 [ultranest] [DEBUG] iteration=811, ncalls=2124, regioncalls=64560, ndraw=40, logz=-187.60, remainder_fraction=100.0000%, Lmin=-180.70, Lmax=-5.65
12:17:25 [ultranest] [DEBUG] iteration=812, ncalls=2131, regioncalls=64840, ndraw=40, logz=-187.31, remainder_fraction=100.0000%, Lmin=-180.24, Lmax=-5.65
12:17:26 [ultranest] [DEBUG] iteration=814, ncalls=2142, regioncalls=65280, ndraw=40, logz=-186.70, remainder_fraction=100.0000%, Lmin=-179.86, Lmax=-5.65
12:17:26 [ultranest] [DEBUG] iteration=816, ncalls=2148, regioncalls=65520, ndraw=40, logz=-185.88, remainder_fraction=100.0000%, Lmin=-178.22, Lmax=-5.65
12:17:26 [ultranest] [DEBUG] iteration=817, ncalls=2152, regioncalls=65680, ndraw=40, logz=-185.34, remainder_fraction=100.0000%, Lmin=-178.02, Lmax=-5.65
12:17:26 [ultranest] [DEBUG] iteration=819, ncalls=2156, regioncalls=65840, ndraw=40, logz=-184.44, remainder_fraction=100.0000%, Lmin=-176.78, Lmax=-5.65
12:17:26 [ultranest] [DEBUG] iteration=821, ncalls=2165, regioncalls=66200, ndraw=40, logz=-183.50, remainder_fraction=100.0000%, Lmin=-176.01, Lmax=-5.65
12:17:26 [ultranest] [DEBUG] iteration=823, ncalls=2171, regioncalls=66440, ndraw=40, logz=-182.62, remainder_fraction=100.0000%, Lmin=-174.65, Lmax=-5.65
12:17:27 [ultranest] [DEBUG] iteration=824, ncalls=2177, regioncalls=66680, ndraw=40, logz=-181.95, remainder_fraction=100.0000%, Lmin=-174.57, Lmax=-5.65
12:17:27 [ultranest] [DEBUG] iteration=827, ncalls=2181, regioncalls=66840, ndraw=40, logz=-180.68, remainder_fraction=100.0000%, Lmin=-172.91, Lmax=-5.65
12:17:27 [ultranest] [DEBUG] iteration=829, ncalls=2186, regioncalls=67040, ndraw=40, logz=-179.31, remainder_fraction=100.0000%, Lmin=-171.70, Lmax=-5.65
12:17:27 [ultranest] [DEBUG] iteration=830, ncalls=2190, regioncalls=67200, ndraw=40, logz=-178.81, remainder_fraction=100.0000%, Lmin=-171.64, Lmax=-5.65
12:17:27 [ultranest] [DEBUG] iteration=832, ncalls=2194, regioncalls=67360, ndraw=40, logz=-178.16, remainder_fraction=100.0000%, Lmin=-170.19, Lmax=-5.65
12:17:27 [ultranest] [DEBUG] iteration=834, ncalls=2197, regioncalls=67480, ndraw=40, logz=-177.10, remainder_fraction=100.0000%, Lmin=-169.13, Lmax=-5.65
12:17:27 [ultranest] [DEBUG] iteration=835, ncalls=2207, regioncalls=67880, ndraw=40, logz=-176.44, remainder_fraction=100.0000%, Lmin=-167.92, Lmax=-5.65
12:17:28 [ultranest] [DEBUG] iteration=837, ncalls=2218, regioncalls=68320, ndraw=40, logz=-174.96, remainder_fraction=100.0000%, Lmin=-167.24, Lmax=-5.65
12:17:28 [ultranest] [DEBUG] iteration=840, ncalls=2222, regioncalls=68480, ndraw=40, logz=-173.65, remainder_fraction=100.0000%, Lmin=-166.11, Lmax=-5.65
12:17:28 [ultranest] [DEBUG] iteration=844, ncalls=2227, regioncalls=68680, ndraw=40, logz=-172.09, remainder_fraction=100.0000%, Lmin=-165.32, Lmax=-5.65
12:17:28 [ultranest] [DEBUG] iteration=845, ncalls=2237, regioncalls=69080, ndraw=40, logz=-171.85, remainder_fraction=100.0000%, Lmin=-165.26, Lmax=-5.65
12:17:28 [ultranest] [DEBUG] iteration=846, ncalls=2241, regioncalls=69240, ndraw=40, logz=-171.64, remainder_fraction=100.0000%, Lmin=-165.22, Lmax=-5.65
12:17:28 [ultranest] [DEBUG] iteration=848, ncalls=2246, regioncalls=69440, ndraw=40, logz=-171.30, remainder_fraction=100.0000%, Lmin=-164.32, Lmax=-5.65
12:17:29 [ultranest] [DEBUG] iteration=850, ncalls=2254, regioncalls=69760, ndraw=40, logz=-170.74, remainder_fraction=100.0000%, Lmin=-163.54, Lmax=-5.65
12:17:29 [ultranest] [DEBUG] iteration=853, ncalls=2261, regioncalls=70040, ndraw=40, logz=-169.66, remainder_fraction=100.0000%, Lmin=-162.37, Lmax=-5.65
12:17:29 [ultranest] [DEBUG] iteration=856, ncalls=2267, regioncalls=70280, ndraw=40, logz=-168.14, remainder_fraction=100.0000%, Lmin=-159.71, Lmax=-5.65
12:17:29 [ultranest] [DEBUG] iteration=858, ncalls=2280, regioncalls=70800, ndraw=40, logz=-166.42, remainder_fraction=100.0000%, Lmin=-158.20, Lmax=-5.65
12:17:30 [ultranest] [DEBUG] iteration=860, ncalls=2287, regioncalls=71080, ndraw=40, logz=-165.08, remainder_fraction=100.0000%, Lmin=-156.96, Lmax=-5.65
12:17:30 [ultranest] [DEBUG] iteration=862, ncalls=2292, regioncalls=71280, ndraw=40, logz=-163.06, remainder_fraction=100.0000%, Lmin=-154.44, Lmax=-5.65
12:17:30 [ultranest] [DEBUG] iteration=865, ncalls=2298, regioncalls=71520, ndraw=40, logz=-161.14, remainder_fraction=100.0000%, Lmin=-153.40, Lmax=-5.65
12:17:30 [ultranest] [DEBUG] iteration=867, ncalls=2302, regioncalls=71680, ndraw=40, logz=-160.27, remainder_fraction=100.0000%, Lmin=-153.34, Lmax=-5.65
12:17:30 [ultranest] [DEBUG] iteration=868, ncalls=2306, regioncalls=71840, ndraw=40, logz=-160.01, remainder_fraction=100.0000%, Lmin=-153.03, Lmax=-5.65
12:17:30 [ultranest] [DEBUG] iteration=869, ncalls=2312, regioncalls=72080, ndraw=40, logz=-159.73, remainder_fraction=100.0000%, Lmin=-152.79, Lmax=-5.65
12:17:30 [ultranest] [DEBUG] iteration=872, ncalls=2317, regioncalls=72280, ndraw=40, logz=-158.39, remainder_fraction=100.0000%, Lmin=-150.32, Lmax=-5.65
12:17:30 [ultranest] [DEBUG] iteration=875, ncalls=2324, regioncalls=72560, ndraw=40, logz=-156.64, remainder_fraction=100.0000%, Lmin=-147.80, Lmax=-5.65
12:17:31 [ultranest] [DEBUG] iteration=877, ncalls=2329, regioncalls=72760, ndraw=40, logz=-154.82, remainder_fraction=100.0000%, Lmin=-146.80, Lmax=-5.65
12:17:31 [ultranest] [DEBUG] iteration=878, ncalls=2337, regioncalls=73080, ndraw=40, logz=-154.19, remainder_fraction=100.0000%, Lmin=-146.65, Lmax=-5.65
12:17:31 [ultranest] [DEBUG] iteration=879, ncalls=2346, regioncalls=73440, ndraw=40, logz=-153.76, remainder_fraction=100.0000%, Lmin=-146.65, Lmax=-5.65
12:17:31 [ultranest] [DEBUG] iteration=882, ncalls=2364, regioncalls=74160, ndraw=40, logz=-152.48, remainder_fraction=100.0000%, Lmin=-145.05, Lmax=-5.65
12:17:32 [ultranest] [DEBUG] iteration=885, ncalls=2375, regioncalls=74600, ndraw=40, logz=-151.26, remainder_fraction=100.0000%, Lmin=-144.09, Lmax=-5.65
12:17:32 [ultranest] [DEBUG] iteration=887, ncalls=2380, regioncalls=74800, ndraw=40, logz=-149.52, remainder_fraction=100.0000%, Lmin=-141.11, Lmax=-5.65
12:17:32 [ultranest] [DEBUG] iteration=889, ncalls=2389, regioncalls=75160, ndraw=40, logz=-148.24, remainder_fraction=100.0000%, Lmin=-140.66, Lmax=-5.65
12:17:32 [ultranest] [DEBUG] iteration=890, ncalls=2395, regioncalls=75400, ndraw=40, logz=-147.80, remainder_fraction=100.0000%, Lmin=-140.54, Lmax=-5.65
12:17:32 [ultranest] [DEBUG] iteration=892, ncalls=2400, regioncalls=75600, ndraw=40, logz=-146.99, remainder_fraction=100.0000%, Lmin=-136.41, Lmax=-5.65
12:17:32 [ultranest] [DEBUG] iteration=894, ncalls=2406, regioncalls=75840, ndraw=40, logz=-143.64, remainder_fraction=100.0000%, Lmin=-135.70, Lmax=-5.65
12:17:32 [ultranest] [DEBUG] iteration=896, ncalls=2410, regioncalls=76000, ndraw=40, logz=-142.67, remainder_fraction=100.0000%, Lmin=-134.79, Lmax=-5.65
12:17:33 [ultranest] [DEBUG] iteration=898, ncalls=2415, regioncalls=76200, ndraw=40, logz=-141.70, remainder_fraction=100.0000%, Lmin=-134.35, Lmax=-5.65
12:17:33 [ultranest] [DEBUG] iteration=900, ncalls=2424, regioncalls=76560, ndraw=40, logz=-141.00, remainder_fraction=100.0000%, Lmin=-133.82, Lmax=-5.65
12:17:33 [ultranest] [DEBUG] iteration=903, ncalls=2434, regioncalls=76960, ndraw=40, logz=-139.93, remainder_fraction=100.0000%, Lmin=-132.61, Lmax=-5.65
12:17:33 [ultranest] [DEBUG] iteration=906, ncalls=2457, regioncalls=77880, ndraw=40, logz=-138.64, remainder_fraction=100.0000%, Lmin=-130.62, Lmax=-5.65
12:17:34 [ultranest] [DEBUG] iteration=908, ncalls=2468, regioncalls=78320, ndraw=40, logz=-137.01, remainder_fraction=100.0000%, Lmin=-128.38, Lmax=-5.65
12:17:34 [ultranest] [DEBUG] iteration=911, ncalls=2483, regioncalls=78920, ndraw=40, logz=-134.53, remainder_fraction=100.0000%, Lmin=-126.42, Lmax=-5.65
12:17:34 [ultranest] [DEBUG] iteration=913, ncalls=2488, regioncalls=79120, ndraw=40, logz=-133.07, remainder_fraction=100.0000%, Lmin=-124.76, Lmax=-5.65
12:17:34 [ultranest] [DEBUG] iteration=915, ncalls=2493, regioncalls=79320, ndraw=40, logz=-131.92, remainder_fraction=100.0000%, Lmin=-124.56, Lmax=-5.65
12:17:35 [ultranest] [DEBUG] iteration=917, ncalls=2513, regioncalls=80120, ndraw=40, logz=-130.94, remainder_fraction=100.0000%, Lmin=-123.40, Lmax=-5.65
12:17:35 [ultranest] [DEBUG] iteration=918, ncalls=2526, regioncalls=80640, ndraw=40, logz=-130.54, remainder_fraction=100.0000%, Lmin=-123.23, Lmax=-5.65
12:17:36 [ultranest] [DEBUG] iteration=919, ncalls=2533, regioncalls=80920, ndraw=40, logz=-130.21, remainder_fraction=100.0000%, Lmin=-122.86, Lmax=-5.65
12:17:36 [ultranest] [DEBUG] iteration=920, ncalls=2538, regioncalls=81120, ndraw=40, logz=-129.87, remainder_fraction=100.0000%, Lmin=-122.45, Lmax=-5.65
12:17:36 [ultranest] [DEBUG] iteration=922, ncalls=2545, regioncalls=81400, ndraw=40, logz=-129.10, remainder_fraction=100.0000%, Lmin=-121.64, Lmax=-5.65
12:17:36 [ultranest] [DEBUG] iteration=924, ncalls=2552, regioncalls=81680, ndraw=40, logz=-128.46, remainder_fraction=100.0000%, Lmin=-121.05, Lmax=-5.65
12:17:36 [ultranest] [DEBUG] iteration=926, ncalls=2556, regioncalls=81840, ndraw=40, logz=-127.71, remainder_fraction=100.0000%, Lmin=-120.12, Lmax=-5.65
12:17:36 [ultranest] [DEBUG] iteration=927, ncalls=2560, regioncalls=82000, ndraw=40, logz=-127.30, remainder_fraction=100.0000%, Lmin=-119.95, Lmax=-5.65
12:17:37 [ultranest] [DEBUG] iteration=929, ncalls=2567, regioncalls=82280, ndraw=40, logz=-126.63, remainder_fraction=100.0000%, Lmin=-119.23, Lmax=-5.65
12:17:37 [ultranest] [DEBUG] iteration=930, ncalls=2576, regioncalls=82640, ndraw=40, logz=-126.28, remainder_fraction=100.0000%, Lmin=-118.96, Lmax=-5.65
12:17:37 [ultranest] [DEBUG] iteration=932, ncalls=2582, regioncalls=82880, ndraw=40, logz=-125.60, remainder_fraction=100.0000%, Lmin=-118.35, Lmax=-5.65
12:17:37 [ultranest] [DEBUG] iteration=934, ncalls=2588, regioncalls=83120, ndraw=40, logz=-124.99, remainder_fraction=100.0000%, Lmin=-117.75, Lmax=-5.65
12:17:37 [ultranest] [DEBUG] iteration=935, ncalls=2594, regioncalls=83360, ndraw=40, logz=-124.69, remainder_fraction=100.0000%, Lmin=-117.65, Lmax=-5.65
12:17:37 [ultranest] [DEBUG] iteration=936, ncalls=2598, regioncalls=83520, ndraw=40, logz=-124.44, remainder_fraction=100.0000%, Lmin=-117.60, Lmax=-5.65
12:17:38 [ultranest] [DEBUG] iteration=938, ncalls=2605, regioncalls=83800, ndraw=40, logz=-124.03, remainder_fraction=100.0000%, Lmin=-117.38, Lmax=-5.65
12:17:38 [ultranest] [DEBUG] iteration=940, ncalls=2612, regioncalls=84080, ndraw=40, logz=-123.59, remainder_fraction=100.0000%, Lmin=-116.47, Lmax=-5.65
12:17:38 [ultranest] [DEBUG] iteration=942, ncalls=2618, regioncalls=84320, ndraw=40, logz=-123.05, remainder_fraction=100.0000%, Lmin=-115.98, Lmax=-5.65
12:17:38 [ultranest] [DEBUG] iteration=944, ncalls=2626, regioncalls=84640, ndraw=40, logz=-122.30, remainder_fraction=100.0000%, Lmin=-113.68, Lmax=-5.65
12:17:38 [ultranest] [DEBUG] iteration=945, ncalls=2636, regioncalls=85040, ndraw=40, logz=-121.45, remainder_fraction=100.0000%, Lmin=-113.58, Lmax=-5.65
12:17:39 [ultranest] [DEBUG] iteration=948, ncalls=2646, regioncalls=85440, ndraw=40, logz=-120.14, remainder_fraction=100.0000%, Lmin=-112.68, Lmax=-5.65
12:17:39 [ultranest] [DEBUG] iteration=951, ncalls=2652, regioncalls=85680, ndraw=40, logz=-119.24, remainder_fraction=100.0000%, Lmin=-111.46, Lmax=-5.65
12:17:39 [ultranest] [DEBUG] iteration=953, ncalls=2662, regioncalls=86080, ndraw=40, logz=-118.40, remainder_fraction=100.0000%, Lmin=-111.17, Lmax=-5.65
12:17:39 [ultranest] [DEBUG] iteration=955, ncalls=2674, regioncalls=86560, ndraw=40, logz=-117.81, remainder_fraction=100.0000%, Lmin=-109.75, Lmax=-5.65
12:17:40 [ultranest] [DEBUG] iteration=956, ncalls=2678, regioncalls=86720, ndraw=40, logz=-117.25, remainder_fraction=100.0000%, Lmin=-109.70, Lmax=-5.65
12:17:40 [ultranest] [DEBUG] iteration=958, ncalls=2687, regioncalls=87080, ndraw=40, logz=-116.60, remainder_fraction=100.0000%, Lmin=-109.40, Lmax=-5.65
12:17:40 [ultranest] [DEBUG] iteration=959, ncalls=2695, regioncalls=87400, ndraw=40, logz=-116.32, remainder_fraction=100.0000%, Lmin=-108.78, Lmax=-5.65
12:17:40 [ultranest] [DEBUG] iteration=961, ncalls=2701, regioncalls=87640, ndraw=40, logz=-115.67, remainder_fraction=100.0000%, Lmin=-108.38, Lmax=-5.65
12:17:40 [ultranest] [DEBUG] iteration=962, ncalls=2714, regioncalls=88160, ndraw=40, logz=-115.38, remainder_fraction=100.0000%, Lmin=-108.38, Lmax=-5.65
12:17:41 [ultranest] [DEBUG] iteration=963, ncalls=2721, regioncalls=88440, ndraw=40, logz=-115.15, remainder_fraction=100.0000%, Lmin=-107.83, Lmax=-5.65
12:17:41 [ultranest] [DEBUG] iteration=964, ncalls=2726, regioncalls=88640, ndraw=40, logz=-114.85, remainder_fraction=100.0000%, Lmin=-107.54, Lmax=-5.65
12:17:41 [ultranest] [DEBUG] iteration=966, ncalls=2734, regioncalls=88960, ndraw=40, logz=-114.31, remainder_fraction=100.0000%, Lmin=-106.48, Lmax=-5.65
12:17:41 [ultranest] [DEBUG] iteration=968, ncalls=2744, regioncalls=89360, ndraw=40, logz=-113.52, remainder_fraction=100.0000%, Lmin=-106.04, Lmax=-5.65
12:17:41 [ultranest] [DEBUG] iteration=969, ncalls=2747, regioncalls=89480, ndraw=40, logz=-113.18, remainder_fraction=100.0000%, Lmin=-105.18, Lmax=-5.65
12:17:41 [ultranest] [DEBUG] iteration=972, ncalls=2755, regioncalls=89800, ndraw=40, logz=-111.29, remainder_fraction=100.0000%, Lmin=-103.20, Lmax=-5.65
12:17:42 [ultranest] [DEBUG] iteration=975, ncalls=2765, regioncalls=90200, ndraw=40, logz=-109.90, remainder_fraction=100.0000%, Lmin=-102.30, Lmax=-5.65
12:17:42 [ultranest] [DEBUG] iteration=976, ncalls=2772, regioncalls=90480, ndraw=40, logz=-109.53, remainder_fraction=100.0000%, Lmin=-102.19, Lmax=-5.65
12:17:42 [ultranest] [DEBUG] iteration=978, ncalls=2777, regioncalls=90680, ndraw=40, logz=-108.95, remainder_fraction=100.0000%, Lmin=-101.91, Lmax=-5.65
12:17:42 [ultranest] [DEBUG] iteration=981, ncalls=2787, regioncalls=91080, ndraw=40, logz=-108.30, remainder_fraction=100.0000%, Lmin=-101.48, Lmax=-5.65
12:17:42 [ultranest] [DEBUG] iteration=983, ncalls=2791, regioncalls=91240, ndraw=40, logz=-107.91, remainder_fraction=100.0000%, Lmin=-101.04, Lmax=-5.65
12:17:43 [ultranest] [DEBUG] iteration=984, ncalls=2812, regioncalls=92080, ndraw=40, logz=-107.72, remainder_fraction=100.0000%, Lmin=-101.01, Lmax=-5.65
12:17:43 [ultranest] [DEBUG] iteration=987, ncalls=2819, regioncalls=92360, ndraw=40, logz=-107.23, remainder_fraction=100.0000%, Lmin=-100.54, Lmax=-5.65
12:17:43 [ultranest] [DEBUG] iteration=989, ncalls=2827, regioncalls=92680, ndraw=40, logz=-106.92, remainder_fraction=100.0000%, Lmin=-100.32, Lmax=-5.65
12:17:43 [ultranest] [DEBUG] iteration=991, ncalls=2832, regioncalls=92880, ndraw=40, logz=-106.56, remainder_fraction=100.0000%, Lmin=-99.46, Lmax=-5.65
12:17:44 [ultranest] [DEBUG] iteration=992, ncalls=2840, regioncalls=93200, ndraw=40, logz=-106.33, remainder_fraction=100.0000%, Lmin=-99.27, Lmax=-5.65
12:17:44 [ultranest] [DEBUG] iteration=994, ncalls=2845, regioncalls=93400, ndraw=40, logz=-105.72, remainder_fraction=100.0000%, Lmin=-98.20, Lmax=-5.65
12:17:44 [ultranest] [DEBUG] iteration=995, ncalls=2855, regioncalls=93800, ndraw=40, logz=-105.38, remainder_fraction=100.0000%, Lmin=-97.37, Lmax=-5.65
12:17:44 [ultranest] [DEBUG] iteration=998, ncalls=2860, regioncalls=94000, ndraw=40, logz=-104.20, remainder_fraction=100.0000%, Lmin=-96.97, Lmax=-5.65
12:17:44 [ultranest] [DEBUG] iteration=999, ncalls=2864, regioncalls=94160, ndraw=40, logz=-103.94, remainder_fraction=100.0000%, Lmin=-96.84, Lmax=-5.65
12:17:45 [ultranest] [DEBUG] iteration=1001, ncalls=2871, regioncalls=94440, ndraw=40, logz=-103.53, remainder_fraction=100.0000%, Lmin=-96.80, Lmax=-5.65
12:17:45 [ultranest] [DEBUG] iteration=1002, ncalls=2876, regioncalls=94640, ndraw=40, logz=-103.36, remainder_fraction=100.0000%, Lmin=-96.66, Lmax=-5.65
12:17:45 [ultranest] [DEBUG] iteration=1004, ncalls=2885, regioncalls=95000, ndraw=40, logz=-103.00, remainder_fraction=100.0000%, Lmin=-96.19, Lmax=-5.65
12:17:45 [ultranest] [DEBUG] iteration=1005, ncalls=2892, regioncalls=95280, ndraw=40, logz=-102.82, remainder_fraction=100.0000%, Lmin=-95.46, Lmax=-5.65
12:17:45 [ultranest] [DEBUG] iteration=1007, ncalls=2898, regioncalls=95520, ndraw=40, logz=-102.25, remainder_fraction=100.0000%, Lmin=-94.92, Lmax=-5.65
12:17:46 [ultranest] [DEBUG] iteration=1008, ncalls=2925, regioncalls=96600, ndraw=40, logz=-101.97, remainder_fraction=100.0000%, Lmin=-94.89, Lmax=-5.65
12:17:46 [ultranest] [DEBUG] iteration=1010, ncalls=2934, regioncalls=96960, ndraw=40, logz=-101.52, remainder_fraction=100.0000%, Lmin=-94.48, Lmax=-5.65
12:17:46 [ultranest] [DEBUG] iteration=1011, ncalls=2938, regioncalls=97120, ndraw=40, logz=-101.31, remainder_fraction=100.0000%, Lmin=-94.27, Lmax=-5.65
12:17:46 [ultranest] [DEBUG] iteration=1012, ncalls=2945, regioncalls=97400, ndraw=40, logz=-101.10, remainder_fraction=100.0000%, Lmin=-94.11, Lmax=-5.65
12:17:47 [ultranest] [DEBUG] iteration=1013, ncalls=2959, regioncalls=97960, ndraw=40, logz=-100.90, remainder_fraction=100.0000%, Lmin=-93.72, Lmax=-5.65
12:17:47 [ultranest] [DEBUG] iteration=1015, ncalls=2966, regioncalls=98240, ndraw=40, logz=-100.45, remainder_fraction=100.0000%, Lmin=-93.52, Lmax=-5.65
12:17:47 [ultranest] [DEBUG] iteration=1016, ncalls=2975, regioncalls=98600, ndraw=40, logz=-100.26, remainder_fraction=100.0000%, Lmin=-92.65, Lmax=-5.65
12:17:47 [ultranest] [DEBUG] iteration=1017, ncalls=2982, regioncalls=98880, ndraw=40, logz=-99.92, remainder_fraction=100.0000%, Lmin=-92.13, Lmax=-5.65
12:17:48 [ultranest] [DEBUG] iteration=1018, ncalls=2989, regioncalls=99160, ndraw=40, logz=-99.52, remainder_fraction=100.0000%, Lmin=-92.09, Lmax=-5.65
12:17:48 [ultranest] [DEBUG] iteration=1019, ncalls=3004, regioncalls=99760, ndraw=40, logz=-99.23, remainder_fraction=100.0000%, Lmin=-91.77, Lmax=-5.65
12:17:48 [ultranest] [DEBUG] iteration=1020, ncalls=3022, regioncalls=100480, ndraw=40, logz=-98.93, remainder_fraction=100.0000%, Lmin=-91.76, Lmax=-5.65
12:17:49 [ultranest] [DEBUG] iteration=1022, ncalls=3027, regioncalls=100680, ndraw=40, logz=-98.46, remainder_fraction=100.0000%, Lmin=-91.28, Lmax=-5.65
12:17:49 [ultranest] [DEBUG] iteration=1023, ncalls=3032, regioncalls=100880, ndraw=40, logz=-98.22, remainder_fraction=100.0000%, Lmin=-91.28, Lmax=-5.65
12:17:49 [ultranest] [DEBUG] iteration=1024, ncalls=3044, regioncalls=101360, ndraw=40, logz=-98.03, remainder_fraction=100.0000%, Lmin=-91.20, Lmax=-5.65
12:17:50 [ultranest] [DEBUG] iteration=1026, ncalls=3062, regioncalls=102080, ndraw=40, logz=-97.63, remainder_fraction=100.0000%, Lmin=-90.48, Lmax=-5.65
12:17:50 [ultranest] [DEBUG] iteration=1028, ncalls=3068, regioncalls=102320, ndraw=40, logz=-97.09, remainder_fraction=100.0000%, Lmin=-89.57, Lmax=-5.65
12:17:50 [ultranest] [DEBUG] iteration=1030, ncalls=3081, regioncalls=102840, ndraw=40, logz=-96.45, remainder_fraction=100.0000%, Lmin=-89.16, Lmax=-5.65
12:17:50 [ultranest] [DEBUG] iteration=1031, ncalls=3089, regioncalls=103160, ndraw=40, logz=-96.20, remainder_fraction=100.0000%, Lmin=-88.93, Lmax=-5.65
12:17:50 [ultranest] [DEBUG] iteration=1034, ncalls=3094, regioncalls=103360, ndraw=40, logz=-95.39, remainder_fraction=100.0000%, Lmin=-87.67, Lmax=-5.65
12:17:50 [ultranest] [DEBUG] iteration=1035, ncalls=3098, regioncalls=103520, ndraw=40, logz=-95.03, remainder_fraction=100.0000%, Lmin=-87.48, Lmax=-5.65
12:17:51 [ultranest] [DEBUG] iteration=1036, ncalls=3102, regioncalls=103680, ndraw=40, logz=-94.71, remainder_fraction=100.0000%, Lmin=-87.47, Lmax=-5.65
12:17:51 [ultranest] [DEBUG] iteration=1038, ncalls=3110, regioncalls=104000, ndraw=40, logz=-94.27, remainder_fraction=100.0000%, Lmin=-87.30, Lmax=-5.65
12:17:51 [ultranest] [DEBUG] iteration=1041, ncalls=3114, regioncalls=104160, ndraw=40, logz=-93.77, remainder_fraction=100.0000%, Lmin=-87.10, Lmax=-5.65
12:17:51 [ultranest] [DEBUG] iteration=1043, ncalls=3121, regioncalls=104440, ndraw=40, logz=-93.49, remainder_fraction=100.0000%, Lmin=-86.82, Lmax=-5.65
12:17:51 [ultranest] [DEBUG] iteration=1045, ncalls=3127, regioncalls=104680, ndraw=40, logz=-93.16, remainder_fraction=100.0000%, Lmin=-86.34, Lmax=-5.65
12:17:51 [ultranest] [DEBUG] iteration=1046, ncalls=3132, regioncalls=104880, ndraw=40, logz=-93.00, remainder_fraction=100.0000%, Lmin=-86.30, Lmax=-5.65
12:17:52 [ultranest] [DEBUG] iteration=1047, ncalls=3137, regioncalls=105080, ndraw=40, logz=-92.86, remainder_fraction=100.0000%, Lmin=-86.24, Lmax=-5.65
12:17:52 [ultranest] [DEBUG] iteration=1049, ncalls=3147, regioncalls=105480, ndraw=40, logz=-92.61, remainder_fraction=100.0000%, Lmin=-86.16, Lmax=-5.65
12:17:52 [ultranest] [DEBUG] iteration=1051, ncalls=3152, regioncalls=105680, ndraw=40, logz=-92.36, remainder_fraction=100.0000%, Lmin=-85.55, Lmax=-5.65
12:17:52 [ultranest] [DEBUG] iteration=1053, ncalls=3164, regioncalls=106160, ndraw=40, logz=-92.02, remainder_fraction=100.0000%, Lmin=-85.03, Lmax=-5.65
12:17:53 [ultranest] [DEBUG] iteration=1054, ncalls=3181, regioncalls=106840, ndraw=40, logz=-91.84, remainder_fraction=100.0000%, Lmin=-84.83, Lmax=-5.65
12:17:53 [ultranest] [DEBUG] iteration=1057, ncalls=3192, regioncalls=107280, ndraw=40, logz=-91.23, remainder_fraction=100.0000%, Lmin=-83.70, Lmax=-5.65
12:17:53 [ultranest] [DEBUG] iteration=1059, ncalls=3200, regioncalls=107600, ndraw=40, logz=-90.71, remainder_fraction=100.0000%, Lmin=-83.56, Lmax=-5.65
12:17:53 [ultranest] [DEBUG] iteration=1061, ncalls=3206, regioncalls=107840, ndraw=40, logz=-90.29, remainder_fraction=100.0000%, Lmin=-83.17, Lmax=-5.65
12:17:54 [ultranest] [DEBUG] iteration=1063, ncalls=3226, regioncalls=108640, ndraw=40, logz=-89.90, remainder_fraction=100.0000%, Lmin=-82.85, Lmax=-5.65
12:17:54 [ultranest] [DEBUG] iteration=1064, ncalls=3234, regioncalls=108960, ndraw=40, logz=-89.71, remainder_fraction=100.0000%, Lmin=-82.74, Lmax=-5.65
12:17:54 [ultranest] [DEBUG] iteration=1065, ncalls=3241, regioncalls=109240, ndraw=40, logz=-89.53, remainder_fraction=100.0000%, Lmin=-82.67, Lmax=-5.65
12:17:54 [ultranest] [DEBUG] iteration=1067, ncalls=3248, regioncalls=109520, ndraw=40, logz=-89.21, remainder_fraction=100.0000%, Lmin=-82.32, Lmax=-5.65
12:17:55 [ultranest] [DEBUG] iteration=1069, ncalls=3266, regioncalls=110240, ndraw=40, logz=-88.65, remainder_fraction=100.0000%, Lmin=-80.92, Lmax=-5.65
12:17:55 [ultranest] [DEBUG] iteration=1071, ncalls=3269, regioncalls=110360, ndraw=40, logz=-88.02, remainder_fraction=100.0000%, Lmin=-80.67, Lmax=-5.65
12:17:55 [ultranest] [DEBUG] iteration=1073, ncalls=3276, regioncalls=110640, ndraw=40, logz=-87.57, remainder_fraction=100.0000%, Lmin=-80.24, Lmax=-5.65
12:17:55 [ultranest] [DEBUG] iteration=1076, ncalls=3280, regioncalls=110800, ndraw=40, logz=-86.94, remainder_fraction=100.0000%, Lmin=-79.71, Lmax=-5.65
12:17:55 [ultranest] [DEBUG] iteration=1077, ncalls=3289, regioncalls=111160, ndraw=40, logz=-86.72, remainder_fraction=100.0000%, Lmin=-79.71, Lmax=-5.65
12:17:56 [ultranest] [DEBUG] iteration=1078, ncalls=3296, regioncalls=111440, ndraw=40, logz=-86.55, remainder_fraction=100.0000%, Lmin=-79.66, Lmax=-5.65
12:17:56 [ultranest] [DEBUG] iteration=1080, ncalls=3304, regioncalls=111760, ndraw=40, logz=-86.17, remainder_fraction=100.0000%, Lmin=-79.10, Lmax=-5.65
12:17:56 [ultranest] [DEBUG] iteration=1081, ncalls=3312, regioncalls=112080, ndraw=40, logz=-85.99, remainder_fraction=100.0000%, Lmin=-79.07, Lmax=-5.65
12:17:56 [ultranest] [DEBUG] iteration=1083, ncalls=3319, regioncalls=112360, ndraw=40, logz=-85.68, remainder_fraction=100.0000%, Lmin=-78.99, Lmax=-5.65
12:17:57 [ultranest] [DEBUG] iteration=1085, ncalls=3339, regioncalls=113160, ndraw=40, logz=-85.41, remainder_fraction=100.0000%, Lmin=-78.52, Lmax=-5.65
12:17:57 [ultranest] [DEBUG] iteration=1086, ncalls=3352, regioncalls=113680, ndraw=40, logz=-85.25, remainder_fraction=100.0000%, Lmin=-78.12, Lmax=-5.65
12:17:57 [ultranest] [DEBUG] iteration=1087, ncalls=3362, regioncalls=114080, ndraw=40, logz=-85.06, remainder_fraction=100.0000%, Lmin=-77.90, Lmax=-5.65
12:17:58 [ultranest] [DEBUG] iteration=1088, ncalls=3372, regioncalls=114480, ndraw=40, logz=-84.86, remainder_fraction=100.0000%, Lmin=-77.17, Lmax=-5.65
12:17:58 [ultranest] [DEBUG] iteration=1091, ncalls=3383, regioncalls=114920, ndraw=40, logz=-83.86, remainder_fraction=100.0000%, Lmin=-75.20, Lmax=-5.65
12:17:58 [ultranest] [DEBUG] iteration=1092, ncalls=3389, regioncalls=115160, ndraw=40, logz=-83.18, remainder_fraction=100.0000%, Lmin=-75.10, Lmax=-5.65
12:17:58 [ultranest] [DEBUG] iteration=1094, ncalls=3398, regioncalls=115520, ndraw=40, logz=-82.41, remainder_fraction=100.0000%, Lmin=-74.91, Lmax=-5.65
12:17:59 [ultranest] [DEBUG] iteration=1095, ncalls=3411, regioncalls=116040, ndraw=40, logz=-82.14, remainder_fraction=100.0000%, Lmin=-74.77, Lmax=-5.65
12:17:59 [ultranest] [DEBUG] iteration=1097, ncalls=3417, regioncalls=116280, ndraw=40, logz=-81.65, remainder_fraction=100.0000%, Lmin=-74.26, Lmax=-5.65
12:17:59 [ultranest] [DEBUG] iteration=1099, ncalls=3422, regioncalls=116480, ndraw=40, logz=-81.20, remainder_fraction=100.0000%, Lmin=-74.05, Lmax=-5.65
12:17:59 [ultranest] [DEBUG] iteration=1101, ncalls=3438, regioncalls=117120, ndraw=40, logz=-80.84, remainder_fraction=100.0000%, Lmin=-74.01, Lmax=-5.65
12:17:59 [ultranest] [DEBUG] iteration=1102, ncalls=3446, regioncalls=117440, ndraw=40, logz=-80.70, remainder_fraction=100.0000%, Lmin=-73.93, Lmax=-5.65
12:18:00 [ultranest] [DEBUG] iteration=1103, ncalls=3455, regioncalls=117800, ndraw=40, logz=-80.57, remainder_fraction=100.0000%, Lmin=-73.69, Lmax=-5.65
12:18:00 [ultranest] [DEBUG] iteration=1104, ncalls=3464, regioncalls=118160, ndraw=40, logz=-80.42, remainder_fraction=100.0000%, Lmin=-73.48, Lmax=-5.65
12:18:00 [ultranest] [DEBUG] iteration=1106, ncalls=3469, regioncalls=118360, ndraw=40, logz=-80.01, remainder_fraction=100.0000%, Lmin=-72.01, Lmax=-5.65
12:18:00 [ultranest] [DEBUG] iteration=1107, ncalls=3479, regioncalls=118760, ndraw=40, logz=-79.62, remainder_fraction=100.0000%, Lmin=-71.84, Lmax=-5.65
12:18:00 [ultranest] [DEBUG] iteration=1109, ncalls=3483, regioncalls=118920, ndraw=40, logz=-79.03, remainder_fraction=100.0000%, Lmin=-71.77, Lmax=-5.65
12:18:00 [ultranest] [DEBUG] iteration=1110, ncalls=3488, regioncalls=119120, ndraw=40, logz=-78.83, remainder_fraction=100.0000%, Lmin=-71.64, Lmax=-5.65
12:18:01 [ultranest] [DEBUG] iteration=1112, ncalls=3496, regioncalls=119440, ndraw=40, logz=-78.43, remainder_fraction=100.0000%, Lmin=-71.30, Lmax=-5.65
12:18:01 [ultranest] [DEBUG] iteration=1113, ncalls=3500, regioncalls=119600, ndraw=40, logz=-78.24, remainder_fraction=100.0000%, Lmin=-71.08, Lmax=-5.65
12:18:01 [ultranest] [DEBUG] iteration=1116, ncalls=3507, regioncalls=119880, ndraw=40, logz=-77.71, remainder_fraction=100.0000%, Lmin=-70.81, Lmax=-5.65
12:18:01 [ultranest] [DEBUG] iteration=1117, ncalls=3512, regioncalls=120080, ndraw=40, logz=-77.56, remainder_fraction=100.0000%, Lmin=-70.77, Lmax=-5.65
12:18:01 [ultranest] [DEBUG] iteration=1120, ncalls=3520, regioncalls=120400, ndraw=40, logz=-76.77, remainder_fraction=100.0000%, Lmin=-69.11, Lmax=-5.65
12:18:02 [ultranest] [DEBUG] iteration=1121, ncalls=3532, regioncalls=120880, ndraw=40, logz=-76.49, remainder_fraction=100.0000%, Lmin=-69.06, Lmax=-5.65
12:18:02 [ultranest] [DEBUG] iteration=1122, ncalls=3536, regioncalls=121040, ndraw=40, logz=-76.25, remainder_fraction=100.0000%, Lmin=-68.86, Lmax=-5.65
12:18:02 [ultranest] [DEBUG] iteration=1123, ncalls=3549, regioncalls=121560, ndraw=40, logz=-76.03, remainder_fraction=100.0000%, Lmin=-68.85, Lmax=-5.65
12:18:02 [ultranest] [DEBUG] iteration=1124, ncalls=3553, regioncalls=121720, ndraw=40, logz=-75.84, remainder_fraction=100.0000%, Lmin=-68.74, Lmax=-5.65
12:18:02 [ultranest] [DEBUG] iteration=1125, ncalls=3561, regioncalls=122040, ndraw=40, logz=-75.67, remainder_fraction=100.0000%, Lmin=-68.72, Lmax=-5.65
12:18:03 [ultranest] [DEBUG] iteration=1127, ncalls=3579, regioncalls=122760, ndraw=40, logz=-75.38, remainder_fraction=100.0000%, Lmin=-68.56, Lmax=-5.65
12:18:03 [ultranest] [DEBUG] iteration=1128, ncalls=3586, regioncalls=123040, ndraw=40, logz=-75.25, remainder_fraction=100.0000%, Lmin=-68.50, Lmax=-5.65
12:18:03 [ultranest] [DEBUG] iteration=1131, ncalls=3591, regioncalls=123240, ndraw=40, logz=-74.89, remainder_fraction=100.0000%, Lmin=-68.16, Lmax=-5.65
12:18:03 [ultranest] [DEBUG] iteration=1132, ncalls=3599, regioncalls=123560, ndraw=40, logz=-74.77, remainder_fraction=100.0000%, Lmin=-68.12, Lmax=-5.65
12:18:04 [ultranest] [DEBUG] iteration=1134, ncalls=3613, regioncalls=124120, ndraw=40, logz=-74.54, remainder_fraction=100.0000%, Lmin=-67.89, Lmax=-5.65
12:18:04 [ultranest] [DEBUG] iteration=1137, ncalls=3621, regioncalls=124440, ndraw=40, logz=-74.22, remainder_fraction=100.0000%, Lmin=-67.69, Lmax=-5.26
12:18:04 [ultranest] [DEBUG] iteration=1139, ncalls=3625, regioncalls=124600, ndraw=40, logz=-73.99, remainder_fraction=100.0000%, Lmin=-67.24, Lmax=-5.26
12:18:04 [ultranest] [DEBUG] iteration=1141, ncalls=3635, regioncalls=125000, ndraw=40, logz=-73.76, remainder_fraction=100.0000%, Lmin=-67.14, Lmax=-5.26
12:18:05 [ultranest] [DEBUG] iteration=1142, ncalls=3651, regioncalls=125640, ndraw=40, logz=-73.65, remainder_fraction=100.0000%, Lmin=-67.07, Lmax=-5.26
12:18:05 [ultranest] [DEBUG] iteration=1144, ncalls=3663, regioncalls=126120, ndraw=40, logz=-73.44, remainder_fraction=100.0000%, Lmin=-66.89, Lmax=-5.26
12:18:05 [ultranest] [DEBUG] iteration=1145, ncalls=3671, regioncalls=126440, ndraw=40, logz=-73.35, remainder_fraction=100.0000%, Lmin=-66.53, Lmax=-5.26
12:18:05 [ultranest] [DEBUG] iteration=1147, ncalls=3682, regioncalls=126880, ndraw=40, logz=-73.09, remainder_fraction=100.0000%, Lmin=-66.07, Lmax=-5.26
12:18:06 [ultranest] [DEBUG] iteration=1148, ncalls=3694, regioncalls=127360, ndraw=40, logz=-72.93, remainder_fraction=100.0000%, Lmin=-65.75, Lmax=-5.26
12:18:06 [ultranest] [DEBUG] iteration=1149, ncalls=3706, regioncalls=127840, ndraw=40, logz=-72.76, remainder_fraction=100.0000%, Lmin=-65.44, Lmax=-5.26
12:18:06 [ultranest] [DEBUG] iteration=1151, ncalls=3723, regioncalls=128520, ndraw=40, logz=-72.34, remainder_fraction=100.0000%, Lmin=-65.03, Lmax=-5.26
12:18:07 [ultranest] [DEBUG] iteration=1152, ncalls=3738, regioncalls=129120, ndraw=40, logz=-72.14, remainder_fraction=100.0000%, Lmin=-64.78, Lmax=-5.26
12:18:07 [ultranest] [DEBUG] iteration=1154, ncalls=3750, regioncalls=129600, ndraw=40, logz=-71.76, remainder_fraction=100.0000%, Lmin=-64.49, Lmax=-5.26
12:18:07 [ultranest] [DEBUG] iteration=1157, ncalls=3757, regioncalls=129880, ndraw=40, logz=-71.22, remainder_fraction=100.0000%, Lmin=-64.08, Lmax=-5.26
12:18:08 [ultranest] [DEBUG] iteration=1158, ncalls=3772, regioncalls=130480, ndraw=40, logz=-71.06, remainder_fraction=100.0000%, Lmin=-64.08, Lmax=-5.26
12:18:08 [ultranest] [DEBUG] iteration=1159, ncalls=3779, regioncalls=130760, ndraw=40, logz=-70.91, remainder_fraction=100.0000%, Lmin=-63.94, Lmax=-5.26
12:18:08 [ultranest] [DEBUG] iteration=1160, ncalls=3793, regioncalls=131320, ndraw=40, logz=-70.77, remainder_fraction=100.0000%, Lmin=-63.72, Lmax=-5.26
12:18:08 [ultranest] [DEBUG] iteration=1162, ncalls=3798, regioncalls=131520, ndraw=40, logz=-70.48, remainder_fraction=100.0000%, Lmin=-63.63, Lmax=-5.26
12:18:09 [ultranest] [DEBUG] iteration=1163, ncalls=3811, regioncalls=132040, ndraw=40, logz=-70.36, remainder_fraction=100.0000%, Lmin=-63.49, Lmax=-5.26
12:18:09 [ultranest] [DEBUG] iteration=1164, ncalls=3819, regioncalls=132360, ndraw=40, logz=-70.23, remainder_fraction=100.0000%, Lmin=-63.49, Lmax=-5.26
12:18:09 [ultranest] [DEBUG] iteration=1165, ncalls=3823, regioncalls=132520, ndraw=40, logz=-70.12, remainder_fraction=100.0000%, Lmin=-63.38, Lmax=-5.26
12:18:09 [ultranest] [DEBUG] iteration=1168, ncalls=3829, regioncalls=132760, ndraw=40, logz=-69.80, remainder_fraction=100.0000%, Lmin=-63.14, Lmax=-5.26
12:18:09 [ultranest] [DEBUG] iteration=1169, ncalls=3833, regioncalls=132920, ndraw=40, logz=-69.69, remainder_fraction=100.0000%, Lmin=-63.07, Lmax=-5.26
12:18:10 [ultranest] [DEBUG] iteration=1170, ncalls=3848, regioncalls=133520, ndraw=40, logz=-69.59, remainder_fraction=100.0000%, Lmin=-63.03, Lmax=-5.26
12:18:10 [ultranest] [DEBUG] iteration=1171, ncalls=3859, regioncalls=133960, ndraw=40, logz=-69.50, remainder_fraction=100.0000%, Lmin=-62.91, Lmax=-5.26
12:18:11 [ultranest] [DEBUG] iteration=1173, ncalls=3873, regioncalls=134520, ndraw=40, logz=-69.32, remainder_fraction=100.0000%, Lmin=-62.83, Lmax=-5.26
12:18:11 [ultranest] [DEBUG] iteration=1174, ncalls=3878, regioncalls=134720, ndraw=40, logz=-69.23, remainder_fraction=100.0000%, Lmin=-62.77, Lmax=-5.26
12:18:11 [ultranest] [DEBUG] iteration=1175, ncalls=3896, regioncalls=135440, ndraw=40, logz=-69.15, remainder_fraction=100.0000%, Lmin=-62.60, Lmax=-5.26
12:18:12 [ultranest] [DEBUG] iteration=1176, ncalls=3920, regioncalls=136400, ndraw=40, logz=-69.06, remainder_fraction=100.0000%, Lmin=-62.49, Lmax=-5.26
12:18:12 [ultranest] [DEBUG] iteration=1178, ncalls=3925, regioncalls=136600, ndraw=40, logz=-68.86, remainder_fraction=100.0000%, Lmin=-62.30, Lmax=-5.26
12:18:12 [ultranest] [DEBUG] iteration=1179, ncalls=3933, regioncalls=136920, ndraw=40, logz=-68.77, remainder_fraction=100.0000%, Lmin=-62.22, Lmax=-5.26
12:18:13 [ultranest] [DEBUG] iteration=1181, ncalls=3951, regioncalls=137640, ndraw=40, logz=-68.59, remainder_fraction=100.0000%, Lmin=-61.94, Lmax=-5.26
12:18:13 [ultranest] [DEBUG] iteration=1182, ncalls=3971, regioncalls=138440, ndraw=40, logz=-68.49, remainder_fraction=100.0000%, Lmin=-61.67, Lmax=-5.26
12:18:14 [ultranest] [DEBUG] iteration=1184, ncalls=3988, regioncalls=139120, ndraw=40, logz=-68.27, remainder_fraction=100.0000%, Lmin=-61.49, Lmax=-5.26
12:18:14 [ultranest] [DEBUG] iteration=1187, ncalls=3999, regioncalls=139560, ndraw=40, logz=-67.93, remainder_fraction=100.0000%, Lmin=-61.12, Lmax=-5.26
12:18:14 [ultranest] [DEBUG] iteration=1188, ncalls=4010, regioncalls=140000, ndraw=40, logz=-67.82, remainder_fraction=100.0000%, Lmin=-60.86, Lmax=-5.26
12:18:14 [ultranest] [DEBUG] iteration=1189, ncalls=4019, regioncalls=140360, ndraw=40, logz=-67.69, remainder_fraction=100.0000%, Lmin=-60.59, Lmax=-5.26
12:18:15 [ultranest] [DEBUG] iteration=1190, ncalls=4026, regioncalls=140640, ndraw=40, logz=-67.54, remainder_fraction=100.0000%, Lmin=-60.43, Lmax=-5.26
12:18:15 [ultranest] [DEBUG] iteration=1191, ncalls=4037, regioncalls=141080, ndraw=40, logz=-67.39, remainder_fraction=100.0000%, Lmin=-60.21, Lmax=-5.26
12:18:15 [ultranest] [DEBUG] iteration=1192, ncalls=4049, regioncalls=141560, ndraw=40, logz=-67.23, remainder_fraction=100.0000%, Lmin=-60.20, Lmax=-5.26
12:18:15 [ultranest] [DEBUG] iteration=1194, ncalls=4056, regioncalls=141840, ndraw=40, logz=-66.95, remainder_fraction=100.0000%, Lmin=-60.04, Lmax=-5.26
12:18:16 [ultranest] [DEBUG] iteration=1196, ncalls=4065, regioncalls=142200, ndraw=40, logz=-66.69, remainder_fraction=100.0000%, Lmin=-59.73, Lmax=-5.26
12:18:16 [ultranest] [DEBUG] iteration=1197, ncalls=4088, regioncalls=143120, ndraw=40, logz=-66.56, remainder_fraction=100.0000%, Lmin=-59.22, Lmax=-5.26
12:18:16 [ultranest] [DEBUG] iteration=1198, ncalls=4092, regioncalls=143280, ndraw=40, logz=-66.38, remainder_fraction=100.0000%, Lmin=-59.17, Lmax=-5.26
12:18:17 [ultranest] [DEBUG] iteration=1200, ncalls=4109, regioncalls=143960, ndraw=40, logz=-66.08, remainder_fraction=100.0000%, Lmin=-58.67, Lmax=-5.26
12:18:17 [ultranest] [DEBUG] iteration=1201, ncalls=4113, regioncalls=144120, ndraw=40, logz=-65.89, remainder_fraction=100.0000%, Lmin=-58.64, Lmax=-5.26
12:18:17 [ultranest] [DEBUG] iteration=1203, ncalls=4119, regioncalls=144360, ndraw=40, logz=-65.54, remainder_fraction=100.0000%, Lmin=-57.92, Lmax=-5.26
12:18:17 [ultranest] [DEBUG] iteration=1205, ncalls=4126, regioncalls=144640, ndraw=40, logz=-65.09, remainder_fraction=100.0000%, Lmin=-57.56, Lmax=-5.26
12:18:18 [ultranest] [DEBUG] iteration=1207, ncalls=4131, regioncalls=144840, ndraw=40, logz=-64.67, remainder_fraction=100.0000%, Lmin=-57.35, Lmax=-5.26
12:18:18 [ultranest] [DEBUG] iteration=1208, ncalls=4143, regioncalls=145320, ndraw=40, logz=-64.49, remainder_fraction=100.0000%, Lmin=-57.27, Lmax=-5.26
12:18:18 [ultranest] [DEBUG] iteration=1209, ncalls=4151, regioncalls=145640, ndraw=40, logz=-64.33, remainder_fraction=100.0000%, Lmin=-57.26, Lmax=-5.26
12:18:18 [ultranest] [DEBUG] iteration=1211, ncalls=4161, regioncalls=146040, ndraw=40, logz=-64.07, remainder_fraction=100.0000%, Lmin=-57.01, Lmax=-5.26
12:18:18 [ultranest] [DEBUG] iteration=1212, ncalls=4168, regioncalls=146320, ndraw=40, logz=-63.93, remainder_fraction=100.0000%, Lmin=-56.97, Lmax=-5.26
12:18:19 [ultranest] [DEBUG] iteration=1213, ncalls=4192, regioncalls=147280, ndraw=40, logz=-63.81, remainder_fraction=100.0000%, Lmin=-56.81, Lmax=-5.26
12:18:19 [ultranest] [DEBUG] iteration=1214, ncalls=4206, regioncalls=147840, ndraw=40, logz=-63.68, remainder_fraction=100.0000%, Lmin=-56.73, Lmax=-5.26
12:18:20 [ultranest] [DEBUG] iteration=1216, ncalls=4214, regioncalls=148160, ndraw=40, logz=-63.45, remainder_fraction=100.0000%, Lmin=-56.54, Lmax=-5.26
12:18:20 [ultranest] [DEBUG] iteration=1217, ncalls=4225, regioncalls=148600, ndraw=40, logz=-63.33, remainder_fraction=100.0000%, Lmin=-56.38, Lmax=-5.26
12:18:20 [ultranest] [DEBUG] iteration=1219, ncalls=4241, regioncalls=149240, ndraw=40, logz=-63.10, remainder_fraction=100.0000%, Lmin=-56.24, Lmax=-5.26
12:18:21 [ultranest] [DEBUG] iteration=1220, ncalls=4254, regioncalls=149760, ndraw=40, logz=-62.99, remainder_fraction=100.0000%, Lmin=-56.07, Lmax=-5.26
12:18:21 [ultranest] [DEBUG] iteration=1222, ncalls=4261, regioncalls=150040, ndraw=40, logz=-62.74, remainder_fraction=100.0000%, Lmin=-55.68, Lmax=-5.26
12:18:21 [ultranest] [DEBUG] iteration=1224, ncalls=4275, regioncalls=150600, ndraw=40, logz=-62.47, remainder_fraction=100.0000%, Lmin=-55.43, Lmax=-5.26
12:18:21 [ultranest] [DEBUG] iteration=1227, ncalls=4279, regioncalls=150760, ndraw=40, logz=-62.07, remainder_fraction=100.0000%, Lmin=-55.02, Lmax=-5.26
12:18:22 [ultranest] [DEBUG] iteration=1228, ncalls=4292, regioncalls=151280, ndraw=40, logz=-61.94, remainder_fraction=100.0000%, Lmin=-54.98, Lmax=-5.26
12:18:22 [ultranest] [DEBUG] iteration=1229, ncalls=4302, regioncalls=151680, ndraw=40, logz=-61.82, remainder_fraction=100.0000%, Lmin=-54.93, Lmax=-5.26
12:18:23 [ultranest] [DEBUG] iteration=1230, ncalls=4341, regioncalls=153240, ndraw=40, logz=-61.71, remainder_fraction=100.0000%, Lmin=-54.75, Lmax=-5.26
12:18:23 [ultranest] [DEBUG] iteration=1233, ncalls=4345, regioncalls=153400, ndraw=40, logz=-61.36, remainder_fraction=100.0000%, Lmin=-54.58, Lmax=-5.26
12:18:23 [ultranest] [DEBUG] iteration=1234, ncalls=4350, regioncalls=153600, ndraw=40, logz=-61.26, remainder_fraction=100.0000%, Lmin=-54.30, Lmax=-5.26
12:18:23 [ultranest] [DEBUG] iteration=1235, ncalls=4355, regioncalls=153800, ndraw=40, logz=-61.15, remainder_fraction=100.0000%, Lmin=-54.23, Lmax=-5.26
12:18:24 [ultranest] [DEBUG] iteration=1236, ncalls=4371, regioncalls=154440, ndraw=40, logz=-61.03, remainder_fraction=100.0000%, Lmin=-54.09, Lmax=-5.26
12:18:24 [ultranest] [DEBUG] iteration=1237, ncalls=4386, regioncalls=155040, ndraw=40, logz=-60.92, remainder_fraction=100.0000%, Lmin=-54.08, Lmax=-5.26
12:18:24 [ultranest] [DEBUG] iteration=1238, ncalls=4396, regioncalls=155440, ndraw=40, logz=-60.82, remainder_fraction=100.0000%, Lmin=-54.07, Lmax=-5.26
12:18:25 [ultranest] [DEBUG] iteration=1240, ncalls=4415, regioncalls=156200, ndraw=40, logz=-60.63, remainder_fraction=100.0000%, Lmin=-54.05, Lmax=-5.26
12:18:26 [ultranest] [DEBUG] iteration=1241, ncalls=4436, regioncalls=157040, ndraw=40, logz=-60.55, remainder_fraction=100.0000%, Lmin=-53.98, Lmax=-5.26
12:18:26 [ultranest] [DEBUG] iteration=1242, ncalls=4455, regioncalls=157800, ndraw=40, logz=-60.47, remainder_fraction=100.0000%, Lmin=-53.98, Lmax=-5.26
12:18:26 [ultranest] [DEBUG] iteration=1244, ncalls=4463, regioncalls=158120, ndraw=40, logz=-60.33, remainder_fraction=100.0000%, Lmin=-53.85, Lmax=-5.26
12:18:27 [ultranest] [DEBUG] iteration=1247, ncalls=4479, regioncalls=158760, ndraw=40, logz=-60.12, remainder_fraction=100.0000%, Lmin=-53.48, Lmax=-5.26
12:18:27 [ultranest] [DEBUG] iteration=1248, ncalls=4498, regioncalls=159520, ndraw=40, logz=-60.03, remainder_fraction=100.0000%, Lmin=-53.37, Lmax=-5.26
12:18:27 [ultranest] [DEBUG] iteration=1250, ncalls=4508, regioncalls=159920, ndraw=40, logz=-59.84, remainder_fraction=100.0000%, Lmin=-53.00, Lmax=-5.26
12:18:28 [ultranest] [DEBUG] iteration=1252, ncalls=4513, regioncalls=160120, ndraw=40, logz=-59.63, remainder_fraction=100.0000%, Lmin=-52.55, Lmax=-5.26
12:18:28 [ultranest] [DEBUG] iteration=1253, ncalls=4522, regioncalls=160480, ndraw=40, logz=-59.51, remainder_fraction=100.0000%, Lmin=-52.52, Lmax=-5.26
12:18:28 [ultranest] [DEBUG] iteration=1255, ncalls=4527, regioncalls=160680, ndraw=40, logz=-59.26, remainder_fraction=100.0000%, Lmin=-52.17, Lmax=-5.26
12:18:28 [ultranest] [DEBUG] iteration=1256, ncalls=4542, regioncalls=161280, ndraw=40, logz=-59.14, remainder_fraction=100.0000%, Lmin=-51.79, Lmax=-5.26
12:18:28 [ultranest] [DEBUG] iteration=1257, ncalls=4547, regioncalls=161480, ndraw=40, logz=-58.98, remainder_fraction=100.0000%, Lmin=-51.64, Lmax=-5.26
12:18:29 [ultranest] [DEBUG] iteration=1259, ncalls=4564, regioncalls=162160, ndraw=40, logz=-58.67, remainder_fraction=100.0000%, Lmin=-51.43, Lmax=-5.26
12:18:29 [ultranest] [DEBUG] iteration=1260, ncalls=4576, regioncalls=162640, ndraw=40, logz=-58.53, remainder_fraction=100.0000%, Lmin=-50.97, Lmax=-5.26
12:18:30 [ultranest] [DEBUG] iteration=1262, ncalls=4591, regioncalls=163240, ndraw=40, logz=-58.17, remainder_fraction=100.0000%, Lmin=-50.92, Lmax=-5.26
12:18:30 [ultranest] [DEBUG] iteration=1264, ncalls=4612, regioncalls=164080, ndraw=40, logz=-57.89, remainder_fraction=100.0000%, Lmin=-50.77, Lmax=-5.26
12:18:30 [ultranest] [DEBUG] iteration=1266, ncalls=4617, regioncalls=164280, ndraw=40, logz=-57.65, remainder_fraction=100.0000%, Lmin=-50.56, Lmax=-5.26
12:18:31 [ultranest] [DEBUG] iteration=1267, ncalls=4627, regioncalls=164680, ndraw=40, logz=-57.52, remainder_fraction=100.0000%, Lmin=-50.42, Lmax=-5.26
12:18:31 [ultranest] [DEBUG] iteration=1269, ncalls=4641, regioncalls=165240, ndraw=40, logz=-57.25, remainder_fraction=100.0000%, Lmin=-49.71, Lmax=-5.26
12:18:31 [ultranest] [DEBUG] iteration=1270, ncalls=4645, regioncalls=165400, ndraw=40, logz=-57.07, remainder_fraction=100.0000%, Lmin=-49.69, Lmax=-5.26
12:18:31 [ultranest] [DEBUG] iteration=1271, ncalls=4657, regioncalls=165880, ndraw=40, logz=-56.91, remainder_fraction=100.0000%, Lmin=-49.62, Lmax=-5.26
12:18:32 [ultranest] [DEBUG] iteration=1274, ncalls=4673, regioncalls=166520, ndraw=40, logz=-56.43, remainder_fraction=100.0000%, Lmin=-48.81, Lmax=-5.26
12:18:32 [ultranest] [DEBUG] iteration=1275, ncalls=4677, regioncalls=166680, ndraw=40, logz=-56.23, remainder_fraction=100.0000%, Lmin=-48.80, Lmax=-5.26
12:18:32 [ultranest] [DEBUG] iteration=1276, ncalls=4687, regioncalls=167080, ndraw=40, logz=-56.06, remainder_fraction=100.0000%, Lmin=-48.74, Lmax=-5.26
12:18:32 [ultranest] [DEBUG] iteration=1277, ncalls=4693, regioncalls=167320, ndraw=40, logz=-55.92, remainder_fraction=100.0000%, Lmin=-48.63, Lmax=-5.26
12:18:33 [ultranest] [DEBUG] iteration=1278, ncalls=4700, regioncalls=167600, ndraw=40, logz=-55.77, remainder_fraction=100.0000%, Lmin=-48.50, Lmax=-5.26
12:18:33 [ultranest] [DEBUG] iteration=1281, ncalls=4703, regioncalls=167720, ndraw=40, logz=-55.39, remainder_fraction=100.0000%, Lmin=-48.14, Lmax=-5.26
12:18:33 [ultranest] [DEBUG] iteration=1283, ncalls=4713, regioncalls=168120, ndraw=40, logz=-55.12, remainder_fraction=100.0000%, Lmin=-48.02, Lmax=-5.26
12:18:33 [ultranest] [DEBUG] iteration=1284, ncalls=4720, regioncalls=168400, ndraw=40, logz=-55.00, remainder_fraction=100.0000%, Lmin=-47.96, Lmax=-5.26
12:18:33 [ultranest] [DEBUG] iteration=1285, ncalls=4736, regioncalls=169040, ndraw=40, logz=-54.89, remainder_fraction=100.0000%, Lmin=-47.84, Lmax=-5.26
12:18:34 [ultranest] [DEBUG] iteration=1287, ncalls=4747, regioncalls=169480, ndraw=40, logz=-54.64, remainder_fraction=100.0000%, Lmin=-47.40, Lmax=-5.26
12:18:34 [ultranest] [DEBUG] iteration=1288, ncalls=4762, regioncalls=170080, ndraw=40, logz=-54.50, remainder_fraction=100.0000%, Lmin=-47.37, Lmax=-5.26
12:18:34 [ultranest] [DEBUG] iteration=1289, ncalls=4768, regioncalls=170320, ndraw=40, logz=-54.38, remainder_fraction=100.0000%, Lmin=-47.34, Lmax=-5.26
12:18:34 [ultranest] [DEBUG] iteration=1290, ncalls=4775, regioncalls=170600, ndraw=40, logz=-54.27, remainder_fraction=100.0000%, Lmin=-47.25, Lmax=-5.26
12:18:35 [ultranest] [DEBUG] iteration=1291, ncalls=4785, regioncalls=171000, ndraw=40, logz=-54.16, remainder_fraction=100.0000%, Lmin=-47.23, Lmax=-5.26
12:18:35 [ultranest] [DEBUG] iteration=1292, ncalls=4801, regioncalls=171640, ndraw=40, logz=-54.06, remainder_fraction=100.0000%, Lmin=-46.94, Lmax=-5.26
12:18:35 [ultranest] [DEBUG] iteration=1294, ncalls=4806, regioncalls=171840, ndraw=40, logz=-53.78, remainder_fraction=100.0000%, Lmin=-46.30, Lmax=-5.26
12:18:35 [ultranest] [DEBUG] iteration=1295, ncalls=4812, regioncalls=172080, ndraw=40, logz=-53.61, remainder_fraction=100.0000%, Lmin=-46.19, Lmax=-5.26
12:18:36 [ultranest] [DEBUG] iteration=1296, ncalls=4820, regioncalls=172400, ndraw=40, logz=-53.46, remainder_fraction=100.0000%, Lmin=-45.94, Lmax=-5.26
12:18:36 [ultranest] [DEBUG] iteration=1297, ncalls=4824, regioncalls=172560, ndraw=40, logz=-53.29, remainder_fraction=100.0000%, Lmin=-45.78, Lmax=-5.26
12:18:36 [ultranest] [DEBUG] iteration=1298, ncalls=4834, regioncalls=172960, ndraw=40, logz=-53.12, remainder_fraction=100.0000%, Lmin=-45.76, Lmax=-5.26
12:18:36 [ultranest] [DEBUG] iteration=1299, ncalls=4852, regioncalls=173680, ndraw=40, logz=-52.97, remainder_fraction=100.0000%, Lmin=-45.70, Lmax=-5.26
12:18:37 [ultranest] [DEBUG] iteration=1300, ncalls=4858, regioncalls=173920, ndraw=40, logz=-52.84, remainder_fraction=100.0000%, Lmin=-45.45, Lmax=-5.26
12:18:37 [ultranest] [DEBUG] iteration=1303, ncalls=4864, regioncalls=174160, ndraw=40, logz=-52.34, remainder_fraction=100.0000%, Lmin=-44.63, Lmax=-5.26
12:18:37 [ultranest] [DEBUG] iteration=1304, ncalls=4876, regioncalls=174640, ndraw=40, logz=-52.14, remainder_fraction=100.0000%, Lmin=-44.52, Lmax=-5.26
12:18:37 [ultranest] [DEBUG] iteration=1305, ncalls=4883, regioncalls=174920, ndraw=40, logz=-51.96, remainder_fraction=100.0000%, Lmin=-44.46, Lmax=-5.26
12:18:38 [ultranest] [DEBUG] iteration=1307, ncalls=4906, regioncalls=175840, ndraw=40, logz=-51.65, remainder_fraction=100.0000%, Lmin=-44.39, Lmax=-5.26
12:18:38 [ultranest] [DEBUG] iteration=1309, ncalls=4914, regioncalls=176160, ndraw=40, logz=-51.38, remainder_fraction=100.0000%, Lmin=-44.14, Lmax=-5.26
12:18:38 [ultranest] [DEBUG] iteration=1310, ncalls=4922, regioncalls=176480, ndraw=40, logz=-51.26, remainder_fraction=100.0000%, Lmin=-44.05, Lmax=-5.26
12:18:39 [ultranest] [DEBUG] iteration=1311, ncalls=4935, regioncalls=177000, ndraw=40, logz=-51.13, remainder_fraction=100.0000%, Lmin=-44.02, Lmax=-5.26
12:18:39 [ultranest] [DEBUG] iteration=1312, ncalls=4942, regioncalls=177280, ndraw=40, logz=-51.02, remainder_fraction=100.0000%, Lmin=-43.96, Lmax=-5.26
12:18:39 [ultranest] [DEBUG] iteration=1314, ncalls=4947, regioncalls=177480, ndraw=40, logz=-50.82, remainder_fraction=100.0000%, Lmin=-43.91, Lmax=-5.26
12:18:39 [ultranest] [DEBUG] iteration=1315, ncalls=4957, regioncalls=177880, ndraw=40, logz=-50.72, remainder_fraction=100.0000%, Lmin=-43.90, Lmax=-5.26
12:18:39 [ultranest] [DEBUG] iteration=1316, ncalls=4968, regioncalls=178320, ndraw=40, logz=-50.64, remainder_fraction=100.0000%, Lmin=-43.73, Lmax=-5.26
12:18:40 [ultranest] [DEBUG] iteration=1317, ncalls=4976, regioncalls=178640, ndraw=40, logz=-50.55, remainder_fraction=100.0000%, Lmin=-43.69, Lmax=-5.26
12:18:40 [ultranest] [DEBUG] iteration=1318, ncalls=4984, regioncalls=178960, ndraw=40, logz=-50.46, remainder_fraction=100.0000%, Lmin=-43.62, Lmax=-5.26
12:18:40 [ultranest] [DEBUG] iteration=1319, ncalls=4997, regioncalls=179480, ndraw=40, logz=-50.37, remainder_fraction=100.0000%, Lmin=-43.60, Lmax=-5.26
12:18:40 [ultranest] [DEBUG] iteration=1320, ncalls=5002, regioncalls=179680, ndraw=40, logz=-50.29, remainder_fraction=100.0000%, Lmin=-43.55, Lmax=-5.26
12:18:41 [ultranest] [DEBUG] iteration=1321, ncalls=5010, regioncalls=180000, ndraw=40, logz=-50.22, remainder_fraction=100.0000%, Lmin=-43.50, Lmax=-5.26
12:18:41 [ultranest] [DEBUG] iteration=1322, ncalls=5016, regioncalls=180240, ndraw=40, logz=-50.14, remainder_fraction=100.0000%, Lmin=-43.35, Lmax=-5.26
12:18:41 [ultranest] [DEBUG] iteration=1324, ncalls=5039, regioncalls=181160, ndraw=40, logz=-49.98, remainder_fraction=100.0000%, Lmin=-43.26, Lmax=-5.26
12:18:42 [ultranest] [DEBUG] iteration=1326, ncalls=5042, regioncalls=181280, ndraw=40, logz=-49.80, remainder_fraction=100.0000%, Lmin=-42.78, Lmax=-5.26
12:18:42 [ultranest] [DEBUG] iteration=1328, ncalls=5046, regioncalls=181440, ndraw=40, logz=-49.61, remainder_fraction=100.0000%, Lmin=-42.67, Lmax=-5.26
12:18:42 [ultranest] [DEBUG] iteration=1329, ncalls=5050, regioncalls=181600, ndraw=40, logz=-49.52, remainder_fraction=100.0000%, Lmin=-42.56, Lmax=-5.26
12:18:42 [ultranest] [DEBUG] iteration=1330, ncalls=5060, regioncalls=182000, ndraw=40, logz=-49.42, remainder_fraction=100.0000%, Lmin=-42.27, Lmax=-5.26
12:18:42 [ultranest] [DEBUG] iteration=1332, ncalls=5067, regioncalls=182280, ndraw=40, logz=-49.18, remainder_fraction=100.0000%, Lmin=-41.88, Lmax=-5.26
12:18:43 [ultranest] [DEBUG] iteration=1333, ncalls=5081, regioncalls=182840, ndraw=40, logz=-49.05, remainder_fraction=100.0000%, Lmin=-41.75, Lmax=-5.26
12:18:43 [ultranest] [DEBUG] iteration=1334, ncalls=5095, regioncalls=183400, ndraw=40, logz=-48.92, remainder_fraction=100.0000%, Lmin=-41.73, Lmax=-5.26
12:18:44 [ultranest] [DEBUG] iteration=1335, ncalls=5144, regioncalls=185360, ndraw=40, logz=-48.81, remainder_fraction=100.0000%, Lmin=-41.42, Lmax=-5.26
12:18:44 [ultranest] [DEBUG] iteration=1337, ncalls=5157, regioncalls=185880, ndraw=40, logz=-48.54, remainder_fraction=100.0000%, Lmin=-41.20, Lmax=-5.26
12:18:45 [ultranest] [DEBUG] iteration=1338, ncalls=5161, regioncalls=186040, ndraw=40, logz=-48.41, remainder_fraction=100.0000%, Lmin=-41.16, Lmax=-5.26
12:18:45 [ultranest] [DEBUG] iteration=1339, ncalls=5175, regioncalls=186600, ndraw=40, logz=-48.29, remainder_fraction=100.0000%, Lmin=-41.13, Lmax=-5.26
12:18:45 [ultranest] [DEBUG] iteration=1341, ncalls=5185, regioncalls=187000, ndraw=40, logz=-48.07, remainder_fraction=100.0000%, Lmin=-41.01, Lmax=-5.26
12:18:45 [ultranest] [DEBUG] iteration=1343, ncalls=5190, regioncalls=187200, ndraw=40, logz=-47.88, remainder_fraction=100.0000%, Lmin=-40.77, Lmax=-5.26
12:18:46 [ultranest] [DEBUG] iteration=1345, ncalls=5197, regioncalls=187480, ndraw=40, logz=-47.68, remainder_fraction=100.0000%, Lmin=-40.68, Lmax=-5.26
12:18:46 [ultranest] [DEBUG] iteration=1346, ncalls=5214, regioncalls=188160, ndraw=40, logz=-47.59, remainder_fraction=100.0000%, Lmin=-40.48, Lmax=-5.26
12:18:47 [ultranest] [DEBUG] iteration=1347, ncalls=5230, regioncalls=188800, ndraw=40, logz=-47.48, remainder_fraction=100.0000%, Lmin=-40.44, Lmax=-5.26
12:18:47 [ultranest] [DEBUG] iteration=1348, ncalls=5242, regioncalls=189280, ndraw=40, logz=-47.39, remainder_fraction=100.0000%, Lmin=-40.39, Lmax=-5.26
12:18:47 [ultranest] [DEBUG] iteration=1351, ncalls=5253, regioncalls=189720, ndraw=40, logz=-47.11, remainder_fraction=100.0000%, Lmin=-40.13, Lmax=-5.26
12:18:47 [ultranest] [DEBUG] iteration=1352, ncalls=5261, regioncalls=190040, ndraw=40, logz=-47.02, remainder_fraction=100.0000%, Lmin=-40.02, Lmax=-5.26
12:18:48 [ultranest] [DEBUG] iteration=1354, ncalls=5294, regioncalls=191360, ndraw=40, logz=-46.84, remainder_fraction=100.0000%, Lmin=-39.98, Lmax=-5.26
12:18:49 [ultranest] [DEBUG] iteration=1355, ncalls=5332, regioncalls=192880, ndraw=40, logz=-46.76, remainder_fraction=100.0000%, Lmin=-39.94, Lmax=-5.26
12:18:50 [ultranest] [DEBUG] iteration=1357, ncalls=5340, regioncalls=193200, ndraw=40, logz=-46.61, remainder_fraction=100.0000%, Lmin=-39.80, Lmax=-5.26
12:18:50 [ultranest] [DEBUG] iteration=1359, ncalls=5361, regioncalls=194040, ndraw=40, logz=-46.45, remainder_fraction=100.0000%, Lmin=-39.51, Lmax=-5.26
12:18:50 [ultranest] [DEBUG] iteration=1360, ncalls=5370, regioncalls=194400, ndraw=40, logz=-46.37, remainder_fraction=100.0000%, Lmin=-39.50, Lmax=-5.26
12:18:51 [ultranest] [DEBUG] iteration=1361, ncalls=5385, regioncalls=195000, ndraw=40, logz=-46.29, remainder_fraction=100.0000%, Lmin=-39.36, Lmax=-5.26
12:18:51 [ultranest] [DEBUG] iteration=1362, ncalls=5400, regioncalls=195600, ndraw=40, logz=-46.20, remainder_fraction=100.0000%, Lmin=-39.35, Lmax=-5.26
12:18:51 [ultranest] [DEBUG] iteration=1363, ncalls=5410, regioncalls=196000, ndraw=40, logz=-46.13, remainder_fraction=100.0000%, Lmin=-39.07, Lmax=-5.26
12:18:51 [ultranest] [DEBUG] iteration=1364, ncalls=5418, regioncalls=196320, ndraw=40, logz=-46.03, remainder_fraction=100.0000%, Lmin=-39.06, Lmax=-5.26
12:18:52 [ultranest] [DEBUG] iteration=1366, ncalls=5443, regioncalls=197320, ndraw=40, logz=-45.86, remainder_fraction=100.0000%, Lmin=-38.82, Lmax=-5.26
12:18:53 [ultranest] [DEBUG] iteration=1367, ncalls=5468, regioncalls=198320, ndraw=40, logz=-45.77, remainder_fraction=100.0000%, Lmin=-38.78, Lmax=-5.26
12:18:53 [ultranest] [DEBUG] iteration=1368, ncalls=5480, regioncalls=198800, ndraw=40, logz=-45.68, remainder_fraction=100.0000%, Lmin=-38.76, Lmax=-5.26
12:18:53 [ultranest] [DEBUG] iteration=1369, ncalls=5485, regioncalls=199000, ndraw=40, logz=-45.60, remainder_fraction=100.0000%, Lmin=-38.19, Lmax=-5.26
12:18:54 [ultranest] [DEBUG] iteration=1370, ncalls=5509, regioncalls=199960, ndraw=40, logz=-45.47, remainder_fraction=100.0000%, Lmin=-38.17, Lmax=-5.26
12:18:54 [ultranest] [DEBUG] iteration=1372, ncalls=5523, regioncalls=200520, ndraw=40, logz=-45.24, remainder_fraction=100.0000%, Lmin=-38.09, Lmax=-5.26
12:18:54 [ultranest] [DEBUG] iteration=1373, ncalls=5536, regioncalls=201040, ndraw=40, logz=-45.14, remainder_fraction=100.0000%, Lmin=-37.98, Lmax=-5.26
12:18:55 [ultranest] [DEBUG] iteration=1375, ncalls=5540, regioncalls=201200, ndraw=40, logz=-44.94, remainder_fraction=100.0000%, Lmin=-37.84, Lmax=-5.26
12:18:55 [ultranest] [DEBUG] iteration=1377, ncalls=5545, regioncalls=201400, ndraw=40, logz=-44.75, remainder_fraction=100.0000%, Lmin=-37.76, Lmax=-5.26
12:18:55 [ultranest] [DEBUG] iteration=1379, ncalls=5560, regioncalls=202000, ndraw=40, logz=-44.59, remainder_fraction=100.0000%, Lmin=-37.69, Lmax=-5.26
12:18:56 [ultranest] [DEBUG] iteration=1380, ncalls=5574, regioncalls=202560, ndraw=40, logz=-44.51, remainder_fraction=100.0000%, Lmin=-37.64, Lmax=-5.26
12:18:56 [ultranest] [DEBUG] iteration=1382, ncalls=5583, regioncalls=202920, ndraw=40, logz=-44.36, remainder_fraction=100.0000%, Lmin=-37.61, Lmax=-5.26
12:18:57 [ultranest] [DEBUG] iteration=1383, ncalls=5619, regioncalls=204360, ndraw=40, logz=-44.30, remainder_fraction=100.0000%, Lmin=-37.57, Lmax=-5.26
12:18:58 [ultranest] [DEBUG] iteration=1385, ncalls=5664, regioncalls=206160, ndraw=40, logz=-44.16, remainder_fraction=100.0000%, Lmin=-37.28, Lmax=-5.26
12:18:58 [ultranest] [DEBUG] iteration=1386, ncalls=5679, regioncalls=206760, ndraw=40, logz=-44.08, remainder_fraction=100.0000%, Lmin=-37.27, Lmax=-5.26
12:18:58 [ultranest] [DEBUG] iteration=1387, ncalls=5689, regioncalls=207160, ndraw=40, logz=-44.01, remainder_fraction=100.0000%, Lmin=-37.16, Lmax=-5.26
12:18:58 [ultranest] [DEBUG] iteration=1388, ncalls=5695, regioncalls=207400, ndraw=40, logz=-43.94, remainder_fraction=100.0000%, Lmin=-37.05, Lmax=-5.26
12:18:59 [ultranest] [DEBUG] iteration=1390, ncalls=5713, regioncalls=208120, ndraw=40, logz=-43.79, remainder_fraction=100.0000%, Lmin=-36.94, Lmax=-5.26
12:19:00 [ultranest] [DEBUG] iteration=1391, ncalls=5742, regioncalls=209280, ndraw=40, logz=-43.72, remainder_fraction=100.0000%, Lmin=-36.81, Lmax=-5.26
12:19:00 [ultranest] [DEBUG] iteration=1392, ncalls=5746, regioncalls=209440, ndraw=40, logz=-43.64, remainder_fraction=100.0000%, Lmin=-36.74, Lmax=-5.26
12:19:00 [ultranest] [DEBUG] iteration=1393, ncalls=5764, regioncalls=210160, ndraw=40, logz=-43.56, remainder_fraction=100.0000%, Lmin=-36.70, Lmax=-5.26
12:19:00 [ultranest] [DEBUG] iteration=1395, ncalls=5768, regioncalls=210320, ndraw=40, logz=-43.42, remainder_fraction=100.0000%, Lmin=-36.70, Lmax=-5.26
12:19:01 [ultranest] [DEBUG] iteration=1396, ncalls=5790, regioncalls=211200, ndraw=40, logz=-43.36, remainder_fraction=100.0000%, Lmin=-36.67, Lmax=-5.26
12:19:01 [ultranest] [DEBUG] iteration=1397, ncalls=5803, regioncalls=211720, ndraw=40, logz=-43.30, remainder_fraction=100.0000%, Lmin=-36.66, Lmax=-5.26
12:19:01 [ultranest] [DEBUG] iteration=1398, ncalls=5808, regioncalls=211920, ndraw=40, logz=-43.24, remainder_fraction=100.0000%, Lmin=-36.64, Lmax=-5.26
12:19:02 [ultranest] [DEBUG] iteration=1400, ncalls=5828, regioncalls=212720, ndraw=40, logz=-43.12, remainder_fraction=100.0000%, Lmin=-36.34, Lmax=-5.26
12:19:02 [ultranest] [DEBUG] iteration=1401, ncalls=5852, regioncalls=213680, ndraw=40, logz=-43.05, remainder_fraction=100.0000%, Lmin=-36.13, Lmax=-5.26
12:19:03 [ultranest] [DEBUG] iteration=1403, ncalls=5860, regioncalls=214000, ndraw=40, logz=-42.90, remainder_fraction=100.0000%, Lmin=-36.03, Lmax=-5.26
12:19:03 [ultranest] [DEBUG] iteration=1404, ncalls=5877, regioncalls=214680, ndraw=40, logz=-42.83, remainder_fraction=100.0000%, Lmin=-35.84, Lmax=-5.26
12:19:03 [ultranest] [DEBUG] iteration=1405, ncalls=5890, regioncalls=215200, ndraw=40, logz=-42.75, remainder_fraction=100.0000%, Lmin=-35.83, Lmax=-5.26
12:19:04 [ultranest] [DEBUG] iteration=1406, ncalls=5909, regioncalls=215960, ndraw=40, logz=-42.68, remainder_fraction=100.0000%, Lmin=-35.69, Lmax=-5.26
12:19:04 [ultranest] [DEBUG] iteration=1407, ncalls=5919, regioncalls=216360, ndraw=40, logz=-42.60, remainder_fraction=100.0000%, Lmin=-35.60, Lmax=-5.26
12:19:05 [ultranest] [DEBUG] iteration=1409, ncalls=5929, regioncalls=216760, ndraw=40, logz=-42.44, remainder_fraction=100.0000%, Lmin=-35.47, Lmax=-5.26
12:19:05 [ultranest] [DEBUG] iteration=1410, ncalls=5936, regioncalls=217040, ndraw=40, logz=-42.36, remainder_fraction=100.0000%, Lmin=-35.37, Lmax=-5.26
12:19:05 [ultranest] [DEBUG] iteration=1412, ncalls=5939, regioncalls=217160, ndraw=40, logz=-42.21, remainder_fraction=100.0000%, Lmin=-35.36, Lmax=-5.26
12:19:05 [ultranest] [DEBUG] iteration=1413, ncalls=5959, regioncalls=217960, ndraw=40, logz=-42.14, remainder_fraction=100.0000%, Lmin=-35.21, Lmax=-5.26
12:19:05 [ultranest] [DEBUG] iteration=1414, ncalls=5963, regioncalls=218120, ndraw=40, logz=-42.06, remainder_fraction=100.0000%, Lmin=-35.14, Lmax=-5.26
12:19:06 [ultranest] [DEBUG] iteration=1416, ncalls=5971, regioncalls=218440, ndraw=40, logz=-41.92, remainder_fraction=100.0000%, Lmin=-35.08, Lmax=-5.26
12:19:07 [ultranest] [DEBUG] iteration=1417, ncalls=6012, regioncalls=220080, ndraw=40, logz=-41.85, remainder_fraction=100.0000%, Lmin=-34.90, Lmax=-5.26
12:19:08 [ultranest] [DEBUG] iteration=1418, ncalls=6074, regioncalls=222560, ndraw=40, logz=-41.78, remainder_fraction=100.0000%, Lmin=-34.79, Lmax=-5.26
12:19:09 [ultranest] [DEBUG] iteration=1419, ncalls=6092, regioncalls=223280, ndraw=40, logz=-41.70, remainder_fraction=100.0000%, Lmin=-34.76, Lmax=-5.26
12:19:10 [ultranest] [DEBUG] iteration=1420, ncalls=6114, regioncalls=224160, ndraw=40, logz=-41.63, remainder_fraction=100.0000%, Lmin=-34.70, Lmax=-5.26
12:19:10 [ultranest] [DEBUG] iteration=1422, ncalls=6125, regioncalls=224600, ndraw=40, logz=-41.49, remainder_fraction=100.0000%, Lmin=-34.61, Lmax=-5.26
12:19:10 [ultranest] [DEBUG] iteration=1423, ncalls=6132, regioncalls=224880, ndraw=40, logz=-41.42, remainder_fraction=100.0000%, Lmin=-34.40, Lmax=-5.26
12:19:11 [ultranest] [DEBUG] iteration=1424, ncalls=6156, regioncalls=225840, ndraw=40, logz=-41.34, remainder_fraction=100.0000%, Lmin=-34.33, Lmax=-5.26
12:19:11 [ultranest] [DEBUG] iteration=1425, ncalls=6173, regioncalls=226520, ndraw=40, logz=-41.26, remainder_fraction=100.0000%, Lmin=-34.31, Lmax=-5.26
12:19:12 [ultranest] [DEBUG] iteration=1426, ncalls=6191, regioncalls=227240, ndraw=40, logz=-41.19, remainder_fraction=100.0000%, Lmin=-34.30, Lmax=-5.26
12:19:12 [ultranest] [DEBUG] iteration=1428, ncalls=6197, regioncalls=227480, ndraw=40, logz=-41.05, remainder_fraction=100.0000%, Lmin=-34.23, Lmax=-5.26
12:19:12 [ultranest] [DEBUG] iteration=1429, ncalls=6203, regioncalls=227720, ndraw=40, logz=-40.98, remainder_fraction=100.0000%, Lmin=-34.14, Lmax=-5.26
12:19:13 [ultranest] [DEBUG] iteration=1430, ncalls=6243, regioncalls=229320, ndraw=40, logz=-40.92, remainder_fraction=100.0000%, Lmin=-34.14, Lmax=-5.26
12:19:14 [ultranest] [DEBUG] iteration=1431, ncalls=6274, regioncalls=230560, ndraw=40, logz=-40.86, remainder_fraction=100.0000%, Lmin=-33.95, Lmax=-5.26
12:19:14 [ultranest] [DEBUG] iteration=1433, ncalls=6290, regioncalls=231200, ndraw=40, logz=-40.72, remainder_fraction=100.0000%, Lmin=-33.89, Lmax=-5.26
12:19:15 [ultranest] [DEBUG] iteration=1434, ncalls=6328, regioncalls=232720, ndraw=40, logz=-40.66, remainder_fraction=100.0000%, Lmin=-33.86, Lmax=-5.26
12:19:16 [ultranest] [DEBUG] iteration=1435, ncalls=6343, regioncalls=233320, ndraw=40, logz=-40.60, remainder_fraction=100.0000%, Lmin=-33.74, Lmax=-5.26
12:19:16 [ultranest] [DEBUG] iteration=1437, ncalls=6370, regioncalls=234400, ndraw=40, logz=-40.47, remainder_fraction=100.0000%, Lmin=-33.54, Lmax=-5.26
12:19:17 [ultranest] [DEBUG] iteration=1439, ncalls=6381, regioncalls=234840, ndraw=40, logz=-40.32, remainder_fraction=100.0000%, Lmin=-33.35, Lmax=-5.26
12:19:17 [ultranest] [DEBUG] iteration=1440, ncalls=6391, regioncalls=235240, ndraw=40, logz=-40.25, remainder_fraction=100.0000%, Lmin=-33.28, Lmax=-5.26
12:19:18 [ultranest] [DEBUG] iteration=1441, ncalls=6428, regioncalls=236720, ndraw=40, logz=-40.18, remainder_fraction=100.0000%, Lmin=-33.27, Lmax=-5.26
12:19:19 [ultranest] [DEBUG] iteration=1442, ncalls=6467, regioncalls=238280, ndraw=40, logz=-40.11, remainder_fraction=100.0000%, Lmin=-33.11, Lmax=-5.26
12:19:20 [ultranest] [DEBUG] iteration=1443, ncalls=6490, regioncalls=239200, ndraw=40, logz=-40.03, remainder_fraction=100.0000%, Lmin=-33.07, Lmax=-5.26
12:19:20 [ultranest] [DEBUG] iteration=1444, ncalls=6510, regioncalls=240000, ndraw=40, logz=-39.96, remainder_fraction=100.0000%, Lmin=-33.03, Lmax=-5.26
12:19:20 [ultranest] [DEBUG] iteration=1445, ncalls=6516, regioncalls=240240, ndraw=40, logz=-39.89, remainder_fraction=100.0000%, Lmin=-33.02, Lmax=-5.26
12:19:21 [ultranest] [DEBUG] iteration=1447, ncalls=6535, regioncalls=241000, ndraw=40, logz=-39.76, remainder_fraction=100.0000%, Lmin=-32.90, Lmax=-5.26
12:19:22 [ultranest] [DEBUG] iteration=1448, ncalls=6584, regioncalls=242960, ndraw=40, logz=-39.70, remainder_fraction=100.0000%, Lmin=-32.76, Lmax=-5.26
12:19:23 [ultranest] [DEBUG] iteration=1449, ncalls=6609, regioncalls=243960, ndraw=40, logz=-39.63, remainder_fraction=100.0000%, Lmin=-32.76, Lmax=-5.26
12:19:23 [ultranest] [DEBUG] iteration=1450, ncalls=6617, regioncalls=244280, ndraw=40, logz=-39.56, remainder_fraction=100.0000%, Lmin=-32.72, Lmax=-5.26
12:19:24 [ultranest] [DEBUG] iteration=1451, ncalls=6653, regioncalls=245720, ndraw=40, logz=-39.50, remainder_fraction=100.0000%, Lmin=-32.72, Lmax=-5.26
12:19:25 [ultranest] [DEBUG] iteration=1452, ncalls=6677, regioncalls=246680, ndraw=40, logz=-39.44, remainder_fraction=100.0000%, Lmin=-32.61, Lmax=-5.26
12:19:25 [ultranest] [DEBUG] iteration=1454, ncalls=6697, regioncalls=247480, ndraw=40, logz=-39.32, remainder_fraction=100.0000%, Lmin=-32.56, Lmax=-5.26
12:19:26 [ultranest] [DEBUG] iteration=1456, ncalls=6729, regioncalls=248760, ndraw=40, logz=-39.21, remainder_fraction=100.0000%, Lmin=-32.54, Lmax=-5.26
12:19:26 [ultranest] [DEBUG] iteration=1458, ncalls=6738, regioncalls=249120, ndraw=40, logz=-39.10, remainder_fraction=100.0000%, Lmin=-32.27, Lmax=-5.26
12:19:26 [ultranest] [DEBUG] iteration=1459, ncalls=6744, regioncalls=249360, ndraw=40, logz=-39.04, remainder_fraction=100.0000%, Lmin=-32.20, Lmax=-5.26
12:19:27 [ultranest] [DEBUG] iteration=1461, ncalls=6749, regioncalls=249560, ndraw=40, logz=-38.91, remainder_fraction=100.0000%, Lmin=-31.99, Lmax=-5.26
12:19:28 [ultranest] [DEBUG] iteration=1462, ncalls=6816, regioncalls=252240, ndraw=40, logz=-38.85, remainder_fraction=100.0000%, Lmin=-31.98, Lmax=-5.26
12:19:28 [ultranest] [DEBUG] iteration=1463, ncalls=6820, regioncalls=252400, ndraw=40, logz=-38.79, remainder_fraction=100.0000%, Lmin=-31.89, Lmax=-5.26
12:19:29 [ultranest] [DEBUG] iteration=1464, ncalls=6829, regioncalls=252760, ndraw=40, logz=-38.72, remainder_fraction=100.0000%, Lmin=-31.88, Lmax=-5.26
12:19:29 [ultranest] [DEBUG] iteration=1465, ncalls=6838, regioncalls=253120, ndraw=40, logz=-38.66, remainder_fraction=100.0000%, Lmin=-31.80, Lmax=-5.26
12:19:29 [ultranest] [DEBUG] iteration=1466, ncalls=6852, regioncalls=253680, ndraw=40, logz=-38.60, remainder_fraction=100.0000%, Lmin=-31.79, Lmax=-5.26
12:19:30 [ultranest] [DEBUG] iteration=1467, ncalls=6903, regioncalls=255720, ndraw=40, logz=-38.54, remainder_fraction=100.0000%, Lmin=-31.73, Lmax=-5.26
12:19:31 [ultranest] [DEBUG] iteration=1469, ncalls=6909, regioncalls=255960, ndraw=40, logz=-38.43, remainder_fraction=100.0000%, Lmin=-31.70, Lmax=-5.26
12:19:31 [ultranest] [DEBUG] iteration=1470, ncalls=6922, regioncalls=256480, ndraw=40, logz=-38.38, remainder_fraction=100.0000%, Lmin=-31.46, Lmax=-5.26
12:19:32 [ultranest] [DEBUG] iteration=1473, ncalls=6951, regioncalls=257640, ndraw=40, logz=-38.19, remainder_fraction=100.0000%, Lmin=-31.21, Lmax=-5.26
12:19:33 [ultranest] [DEBUG] iteration=1474, ncalls=6977, regioncalls=258680, ndraw=40, logz=-38.12, remainder_fraction=100.0000%, Lmin=-31.10, Lmax=-5.26
12:19:33 [ultranest] [DEBUG] iteration=1476, ncalls=6994, regioncalls=259360, ndraw=40, logz=-37.98, remainder_fraction=100.0000%, Lmin=-31.01, Lmax=-5.26
12:19:34 [ultranest] [DEBUG] iteration=1477, ncalls=7031, regioncalls=260840, ndraw=40, logz=-37.91, remainder_fraction=100.0000%, Lmin=-30.79, Lmax=-5.26
12:19:34 [ultranest] [DEBUG] iteration=1478, ncalls=7042, regioncalls=261280, ndraw=40, logz=-37.84, remainder_fraction=100.0000%, Lmin=-30.78, Lmax=-5.26
12:19:36 [ultranest] [DEBUG] iteration=1479, ncalls=7096, regioncalls=263440, ndraw=40, logz=-37.77, remainder_fraction=100.0000%, Lmin=-30.66, Lmax=-5.26
12:19:36 [ultranest] [DEBUG] iteration=1480, ncalls=7112, regioncalls=264080, ndraw=40, logz=-37.69, remainder_fraction=100.0000%, Lmin=-30.60, Lmax=-5.26
12:19:37 [ultranest] [DEBUG] iteration=1481, ncalls=7170, regioncalls=266400, ndraw=40, logz=-37.62, remainder_fraction=100.0000%, Lmin=-30.60, Lmax=-5.26
12:19:38 [ultranest] [DEBUG] iteration=1482, ncalls=7178, regioncalls=266720, ndraw=40, logz=-37.55, remainder_fraction=100.0000%, Lmin=-30.23, Lmax=-5.26
12:19:39 [ultranest] [DEBUG] iteration=1483, ncalls=7218, regioncalls=268320, ndraw=40, logz=-37.46, remainder_fraction=100.0000%, Lmin=-30.12, Lmax=-5.26
12:19:39 [ultranest] [DEBUG] iteration=1484, ncalls=7228, regioncalls=268720, ndraw=40, logz=-37.36, remainder_fraction=100.0000%, Lmin=-30.09, Lmax=-5.26
12:19:39 [ultranest] [DEBUG] iteration=1485, ncalls=7240, regioncalls=269200, ndraw=40, logz=-37.28, remainder_fraction=100.0000%, Lmin=-30.07, Lmax=-5.26
12:19:40 [ultranest] [DEBUG] iteration=1486, ncalls=7250, regioncalls=269600, ndraw=40, logz=-37.20, remainder_fraction=100.0000%, Lmin=-30.07, Lmax=-5.26
12:19:40 [ultranest] [DEBUG] iteration=1487, ncalls=7260, regioncalls=270000, ndraw=40, logz=-37.12, remainder_fraction=100.0000%, Lmin=-29.94, Lmax=-5.26
12:19:40 [ultranest] [DEBUG] iteration=1488, ncalls=7272, regioncalls=270480, ndraw=40, logz=-37.04, remainder_fraction=100.0000%, Lmin=-29.92, Lmax=-5.26
12:19:42 [ultranest] [DEBUG] iteration=1489, ncalls=7332, regioncalls=272880, ndraw=40, logz=-36.97, remainder_fraction=100.0000%, Lmin=-29.87, Lmax=-5.26
12:19:42 [ultranest] [DEBUG] iteration=1490, ncalls=7337, regioncalls=273080, ndraw=40, logz=-36.89, remainder_fraction=100.0000%, Lmin=-29.86, Lmax=-5.26
12:19:43 [ultranest] [DEBUG] iteration=1491, ncalls=7350, regioncalls=273600, ndraw=40, logz=-36.83, remainder_fraction=100.0000%, Lmin=-29.81, Lmax=-5.26
12:19:43 [ultranest] [DEBUG] iteration=1492, ncalls=7370, regioncalls=274400, ndraw=40, logz=-36.76, remainder_fraction=100.0000%, Lmin=-29.79, Lmax=-5.26
12:19:44 [ultranest] [DEBUG] iteration=1493, ncalls=7416, regioncalls=276240, ndraw=40, logz=-36.69, remainder_fraction=100.0000%, Lmin=-29.74, Lmax=-5.26
12:19:45 [ultranest] [DEBUG] iteration=1494, ncalls=7442, regioncalls=277280, ndraw=40, logz=-36.63, remainder_fraction=100.0000%, Lmin=-29.64, Lmax=-5.26
12:19:45 [ultranest] [DEBUG] iteration=1495, ncalls=7453, regioncalls=277720, ndraw=40, logz=-36.57, remainder_fraction=100.0000%, Lmin=-29.52, Lmax=-5.26
12:19:46 [ultranest] [DEBUG] iteration=1496, ncalls=7460, regioncalls=278000, ndraw=40, logz=-36.50, remainder_fraction=100.0000%, Lmin=-29.43, Lmax=-5.26
12:19:47 [ultranest] [DEBUG] iteration=1498, ncalls=7501, regioncalls=279640, ndraw=40, logz=-36.36, remainder_fraction=100.0000%, Lmin=-29.37, Lmax=-5.26
12:19:47 [ultranest] [DEBUG] iteration=1499, ncalls=7506, regioncalls=279840, ndraw=40, logz=-36.30, remainder_fraction=100.0000%, Lmin=-29.35, Lmax=-5.26
12:19:47 [ultranest] [DEBUG] iteration=1500, ncalls=7522, regioncalls=280480, ndraw=40, logz=-36.24, remainder_fraction=100.0000%, Lmin=-29.34, Lmax=-5.26
12:19:48 [ultranest] [DEBUG] iteration=1501, ncalls=7545, regioncalls=281400, ndraw=40, logz=-36.18, remainder_fraction=100.0000%, Lmin=-29.28, Lmax=-5.26
12:19:48 [ultranest] [DEBUG] iteration=1503, ncalls=7553, regioncalls=281720, ndraw=40, logz=-36.06, remainder_fraction=100.0000%, Lmin=-29.07, Lmax=-5.26
12:19:48 [ultranest] [DEBUG] iteration=1504, ncalls=7558, regioncalls=281920, ndraw=40, logz=-36.00, remainder_fraction=100.0000%, Lmin=-29.03, Lmax=-5.26
12:19:48 [ultranest] [DEBUG] iteration=1506, ncalls=7567, regioncalls=282280, ndraw=40, logz=-35.88, remainder_fraction=100.0000%, Lmin=-28.95, Lmax=-5.26
12:19:48 [ultranest] [DEBUG] iteration=1507, ncalls=7571, regioncalls=282440, ndraw=40, logz=-35.82, remainder_fraction=100.0000%, Lmin=-28.93, Lmax=-5.26
12:19:49 [ultranest] [DEBUG] iteration=1508, ncalls=7577, regioncalls=282680, ndraw=40, logz=-35.76, remainder_fraction=100.0000%, Lmin=-28.86, Lmax=-5.26
12:19:50 [ultranest] [DEBUG] iteration=1509, ncalls=7629, regioncalls=284760, ndraw=40, logz=-35.70, remainder_fraction=100.0000%, Lmin=-28.84, Lmax=-5.26
12:19:50 [ultranest] [DEBUG] iteration=1510, ncalls=7643, regioncalls=285320, ndraw=40, logz=-35.65, remainder_fraction=100.0000%, Lmin=-28.69, Lmax=-5.26
12:19:51 [ultranest] [DEBUG] iteration=1513, ncalls=7650, regioncalls=285600, ndraw=40, logz=-35.46, remainder_fraction=100.0000%, Lmin=-28.37, Lmax=-5.26
12:19:51 [ultranest] [DEBUG] iteration=1515, ncalls=7668, regioncalls=286320, ndraw=40, logz=-35.33, remainder_fraction=100.0000%, Lmin=-28.26, Lmax=-5.26
12:19:52 [ultranest] [DEBUG] iteration=1516, ncalls=7689, regioncalls=287160, ndraw=40, logz=-35.26, remainder_fraction=100.0000%, Lmin=-28.26, Lmax=-5.26
12:19:52 [ultranest] [DEBUG] iteration=1517, ncalls=7719, regioncalls=288360, ndraw=40, logz=-35.20, remainder_fraction=100.0000%, Lmin=-28.14, Lmax=-5.26
12:19:53 [ultranest] [DEBUG] iteration=1518, ncalls=7738, regioncalls=289120, ndraw=40, logz=-35.14, remainder_fraction=100.0000%, Lmin=-28.06, Lmax=-5.26
12:19:54 [ultranest] [DEBUG] iteration=1519, ncalls=7766, regioncalls=290240, ndraw=40, logz=-35.07, remainder_fraction=100.0000%, Lmin=-27.98, Lmax=-5.26
12:19:54 [ultranest] [DEBUG] iteration=1520, ncalls=7797, regioncalls=291480, ndraw=40, logz=-35.00, remainder_fraction=100.0000%, Lmin=-27.97, Lmax=-5.26
12:19:55 [ultranest] [DEBUG] iteration=1521, ncalls=7802, regioncalls=291680, ndraw=40, logz=-34.94, remainder_fraction=100.0000%, Lmin=-27.81, Lmax=-5.26
12:19:55 [ultranest] [DEBUG] iteration=1522, ncalls=7830, regioncalls=292800, ndraw=40, logz=-34.87, remainder_fraction=100.0000%, Lmin=-27.77, Lmax=-5.26
12:19:55 [ultranest] [DEBUG] iteration=1523, ncalls=7838, regioncalls=293120, ndraw=40, logz=-34.80, remainder_fraction=100.0000%, Lmin=-27.73, Lmax=-5.26
12:19:56 [ultranest] [DEBUG] iteration=1524, ncalls=7843, regioncalls=293320, ndraw=40, logz=-34.74, remainder_fraction=100.0000%, Lmin=-27.69, Lmax=-5.26
12:19:56 [ultranest] [DEBUG] iteration=1526, ncalls=7865, regioncalls=294200, ndraw=40, logz=-34.61, remainder_fraction=100.0000%, Lmin=-27.54, Lmax=-5.26
12:19:58 [ultranest] [DEBUG] iteration=1527, ncalls=7931, regioncalls=296840, ndraw=40, logz=-34.54, remainder_fraction=100.0000%, Lmin=-27.41, Lmax=-5.26
12:19:59 [ultranest] [DEBUG] iteration=1528, ncalls=7967, regioncalls=298280, ndraw=40, logz=-34.48, remainder_fraction=100.0000%, Lmin=-27.41, Lmax=-5.26
12:19:59 [ultranest] [DEBUG] iteration=1529, ncalls=7986, regioncalls=299040, ndraw=40, logz=-34.41, remainder_fraction=100.0000%, Lmin=-27.39, Lmax=-5.26
12:20:00 [ultranest] [DEBUG] iteration=1530, ncalls=8011, regioncalls=300040, ndraw=40, logz=-34.35, remainder_fraction=100.0000%, Lmin=-27.33, Lmax=-5.26
12:20:00 [ultranest] [DEBUG] iteration=1531, ncalls=8021, regioncalls=300440, ndraw=40, logz=-34.29, remainder_fraction=100.0000%, Lmin=-27.25, Lmax=-5.26
12:20:00 [ultranest] [DEBUG] iteration=1532, ncalls=8028, regioncalls=300720, ndraw=40, logz=-34.23, remainder_fraction=100.0000%, Lmin=-27.23, Lmax=-5.26
12:20:02 [ultranest] [DEBUG] iteration=1533, ncalls=8079, regioncalls=302760, ndraw=40, logz=-34.17, remainder_fraction=100.0000%, Lmin=-27.15, Lmax=-5.26
12:20:03 [ultranest] [DEBUG] iteration=1534, ncalls=8117, regioncalls=304280, ndraw=40, logz=-34.11, remainder_fraction=100.0000%, Lmin=-27.07, Lmax=-5.26
12:20:04 [ultranest] [DEBUG] iteration=1535, ncalls=8164, regioncalls=306160, ndraw=40, logz=-34.05, remainder_fraction=100.0000%, Lmin=-26.95, Lmax=-5.26
12:20:04 [ultranest] [DEBUG] iteration=1536, ncalls=8172, regioncalls=306480, ndraw=40, logz=-33.98, remainder_fraction=100.0000%, Lmin=-26.94, Lmax=-5.26
12:20:05 [ultranest] [DEBUG] iteration=1538, ncalls=8183, regioncalls=306920, ndraw=40, logz=-33.86, remainder_fraction=100.0000%, Lmin=-26.87, Lmax=-5.26
12:20:05 [ultranest] [DEBUG] iteration=1539, ncalls=8205, regioncalls=307800, ndraw=40, logz=-33.80, remainder_fraction=100.0000%, Lmin=-26.82, Lmax=-5.26
12:20:06 [ultranest] [DEBUG] iteration=1541, ncalls=8230, regioncalls=308800, ndraw=40, logz=-33.69, remainder_fraction=100.0000%, Lmin=-26.75, Lmax=-5.26
12:20:06 [ultranest] [DEBUG] iteration=1543, ncalls=8243, regioncalls=309320, ndraw=40, logz=-33.58, remainder_fraction=100.0000%, Lmin=-26.58, Lmax=-5.26
12:20:07 [ultranest] [DEBUG] iteration=1545, ncalls=8264, regioncalls=310160, ndraw=40, logz=-33.47, remainder_fraction=100.0000%, Lmin=-26.56, Lmax=-5.26
12:20:07 [ultranest] [DEBUG] iteration=1546, ncalls=8273, regioncalls=310520, ndraw=40, logz=-33.41, remainder_fraction=100.0000%, Lmin=-26.54, Lmax=-5.26
12:20:08 [ultranest] [DEBUG] iteration=1547, ncalls=8310, regioncalls=312000, ndraw=40, logz=-33.36, remainder_fraction=100.0000%, Lmin=-26.17, Lmax=-5.26
12:20:08 [ultranest] [DEBUG] iteration=1548, ncalls=8324, regioncalls=312560, ndraw=40, logz=-33.29, remainder_fraction=100.0000%, Lmin=-26.09, Lmax=-5.26
12:20:08 [ultranest] [DEBUG] iteration=1549, ncalls=8328, regioncalls=312720, ndraw=40, logz=-33.22, remainder_fraction=100.0000%, Lmin=-26.00, Lmax=-5.26
12:20:09 [ultranest] [DEBUG] iteration=1550, ncalls=8353, regioncalls=313720, ndraw=40, logz=-33.15, remainder_fraction=100.0000%, Lmin=-25.95, Lmax=-5.26
12:20:10 [ultranest] [DEBUG] iteration=1551, ncalls=8393, regioncalls=315320, ndraw=40, logz=-33.08, remainder_fraction=100.0000%, Lmin=-25.79, Lmax=-5.26
12:20:10 [ultranest] [DEBUG] iteration=1553, ncalls=8398, regioncalls=315520, ndraw=40, logz=-32.93, remainder_fraction=100.0000%, Lmin=-25.57, Lmax=-5.26
12:20:10 [ultranest] [DEBUG] iteration=1554, ncalls=8402, regioncalls=315680, ndraw=40, logz=-32.85, remainder_fraction=100.0000%, Lmin=-25.57, Lmax=-5.26
12:20:11 [ultranest] [DEBUG] iteration=1555, ncalls=8420, regioncalls=316400, ndraw=40, logz=-32.78, remainder_fraction=100.0000%, Lmin=-25.53, Lmax=-5.26
12:20:11 [ultranest] [DEBUG] iteration=1556, ncalls=8427, regioncalls=316680, ndraw=40, logz=-32.71, remainder_fraction=100.0000%, Lmin=-25.51, Lmax=-5.26
12:20:12 [ultranest] [DEBUG] iteration=1557, ncalls=8457, regioncalls=317880, ndraw=40, logz=-32.64, remainder_fraction=100.0000%, Lmin=-25.36, Lmax=-5.26
12:20:12 [ultranest] [DEBUG] iteration=1558, ncalls=8483, regioncalls=318920, ndraw=40, logz=-32.57, remainder_fraction=100.0000%, Lmin=-25.31, Lmax=-5.26
12:20:12 [ultranest] [DEBUG] iteration=1559, ncalls=8487, regioncalls=319080, ndraw=40, logz=-32.49, remainder_fraction=100.0000%, Lmin=-25.30, Lmax=-5.26
12:20:12 [ultranest] [DEBUG] iteration=1560, ncalls=8494, regioncalls=319360, ndraw=40, logz=-32.43, remainder_fraction=100.0000%, Lmin=-25.12, Lmax=-5.26
12:20:13 [ultranest] [DEBUG] iteration=1561, ncalls=8501, regioncalls=319640, ndraw=40, logz=-32.35, remainder_fraction=100.0000%, Lmin=-24.96, Lmax=-5.26
12:20:13 [ultranest] [DEBUG] iteration=1562, ncalls=8516, regioncalls=320240, ndraw=40, logz=-32.27, remainder_fraction=100.0000%, Lmin=-24.95, Lmax=-5.26
12:20:14 [ultranest] [DEBUG] iteration=1563, ncalls=8537, regioncalls=321080, ndraw=40, logz=-32.20, remainder_fraction=100.0000%, Lmin=-24.89, Lmax=-5.26
12:20:14 [ultranest] [DEBUG] iteration=1565, ncalls=8560, regioncalls=322000, ndraw=40, logz=-32.04, remainder_fraction=100.0000%, Lmin=-24.73, Lmax=-5.26
12:20:15 [ultranest] [DEBUG] iteration=1566, ncalls=8569, regioncalls=322360, ndraw=40, logz=-31.97, remainder_fraction=100.0000%, Lmin=-24.70, Lmax=-5.26
12:20:16 [ultranest] [DEBUG] iteration=1567, ncalls=8600, regioncalls=323600, ndraw=40, logz=-31.90, remainder_fraction=100.0000%, Lmin=-24.61, Lmax=-5.26
12:20:16 [ultranest] [DEBUG] iteration=1568, ncalls=8612, regioncalls=324080, ndraw=40, logz=-31.83, remainder_fraction=100.0000%, Lmin=-24.49, Lmax=-5.26
12:20:16 [ultranest] [DEBUG] iteration=1569, ncalls=8620, regioncalls=324400, ndraw=40, logz=-31.75, remainder_fraction=100.0000%, Lmin=-24.42, Lmax=-5.26
12:20:16 [ultranest] [DEBUG] iteration=1570, ncalls=8625, regioncalls=324600, ndraw=40, logz=-31.67, remainder_fraction=100.0000%, Lmin=-24.37, Lmax=-5.26
12:20:17 [ultranest] [DEBUG] iteration=1571, ncalls=8648, regioncalls=325520, ndraw=40, logz=-31.60, remainder_fraction=100.0000%, Lmin=-24.35, Lmax=-5.26
12:20:18 [ultranest] [DEBUG] iteration=1572, ncalls=8685, regioncalls=327000, ndraw=40, logz=-31.53, remainder_fraction=100.0000%, Lmin=-24.21, Lmax=-5.26
12:20:18 [ultranest] [DEBUG] iteration=1573, ncalls=8696, regioncalls=327440, ndraw=40, logz=-31.46, remainder_fraction=100.0000%, Lmin=-24.19, Lmax=-5.26
12:20:18 [ultranest] [DEBUG] iteration=1574, ncalls=8701, regioncalls=327640, ndraw=40, logz=-31.39, remainder_fraction=100.0000%, Lmin=-24.16, Lmax=-5.26
12:20:18 [ultranest] [DEBUG] iteration=1575, ncalls=8707, regioncalls=327880, ndraw=40, logz=-31.32, remainder_fraction=100.0000%, Lmin=-24.13, Lmax=-5.26
12:20:19 [ultranest] [DEBUG] iteration=1576, ncalls=8721, regioncalls=328440, ndraw=40, logz=-31.26, remainder_fraction=100.0000%, Lmin=-24.11, Lmax=-5.26
12:20:19 [ultranest] [DEBUG] iteration=1577, ncalls=8740, regioncalls=329200, ndraw=40, logz=-31.20, remainder_fraction=100.0000%, Lmin=-24.04, Lmax=-5.26
12:20:20 [ultranest] [DEBUG] iteration=1579, ncalls=8767, regioncalls=330280, ndraw=40, logz=-31.07, remainder_fraction=100.0000%, Lmin=-23.88, Lmax=-5.26
12:20:20 [ultranest] [DEBUG] iteration=1580, ncalls=8778, regioncalls=330720, ndraw=40, logz=-31.01, remainder_fraction=100.0000%, Lmin=-23.88, Lmax=-5.26
12:20:20 [ultranest] [DEBUG] iteration=1581, ncalls=8789, regioncalls=331160, ndraw=40, logz=-30.95, remainder_fraction=100.0000%, Lmin=-23.86, Lmax=-5.26
12:20:21 [ultranest] [DEBUG] iteration=1582, ncalls=8813, regioncalls=332120, ndraw=40, logz=-30.89, remainder_fraction=100.0000%, Lmin=-23.80, Lmax=-5.26
12:20:22 [ultranest] [DEBUG] iteration=1583, ncalls=8834, regioncalls=332960, ndraw=40, logz=-30.83, remainder_fraction=100.0000%, Lmin=-23.80, Lmax=-5.26
12:20:22 [ultranest] [DEBUG] iteration=1585, ncalls=8839, regioncalls=333160, ndraw=40, logz=-30.73, remainder_fraction=100.0000%, Lmin=-23.71, Lmax=-5.26
12:20:23 [ultranest] [DEBUG] iteration=1586, ncalls=8878, regioncalls=334720, ndraw=40, logz=-30.67, remainder_fraction=100.0000%, Lmin=-23.47, Lmax=-5.26
12:20:23 [ultranest] [DEBUG] iteration=1587, ncalls=8890, regioncalls=335200, ndraw=40, logz=-30.61, remainder_fraction=100.0000%, Lmin=-23.43, Lmax=-5.26
12:20:23 [ultranest] [DEBUG] iteration=1588, ncalls=8905, regioncalls=335800, ndraw=40, logz=-30.55, remainder_fraction=100.0000%, Lmin=-23.41, Lmax=-5.26
12:20:23 [ultranest] [DEBUG] iteration=1590, ncalls=8910, regioncalls=336000, ndraw=40, logz=-30.43, remainder_fraction=100.0000%, Lmin=-23.36, Lmax=-5.26
12:20:24 [ultranest] [DEBUG] iteration=1591, ncalls=8918, regioncalls=336320, ndraw=40, logz=-30.38, remainder_fraction=100.0000%, Lmin=-23.17, Lmax=-5.26
12:20:24 [ultranest] [DEBUG] iteration=1592, ncalls=8933, regioncalls=336920, ndraw=40, logz=-30.31, remainder_fraction=100.0000%, Lmin=-23.06, Lmax=-5.26
12:20:24 [ultranest] [DEBUG] iteration=1593, ncalls=8940, regioncalls=337200, ndraw=40, logz=-30.25, remainder_fraction=100.0000%, Lmin=-22.99, Lmax=-5.26
12:20:24 [ultranest] [DEBUG] iteration=1594, ncalls=8947, regioncalls=337480, ndraw=40, logz=-30.18, remainder_fraction=100.0000%, Lmin=-22.89, Lmax=-5.26
12:20:25 [ultranest] [DEBUG] iteration=1595, ncalls=8964, regioncalls=338160, ndraw=40, logz=-30.11, remainder_fraction=100.0000%, Lmin=-22.88, Lmax=-5.26
12:20:25 [ultranest] [DEBUG] iteration=1596, ncalls=8970, regioncalls=338400, ndraw=40, logz=-30.05, remainder_fraction=100.0000%, Lmin=-22.84, Lmax=-5.26
12:20:26 [ultranest] [DEBUG] iteration=1597, ncalls=8993, regioncalls=339320, ndraw=40, logz=-29.99, remainder_fraction=100.0000%, Lmin=-22.82, Lmax=-5.26
12:20:26 [ultranest] [DEBUG] iteration=1598, ncalls=8999, regioncalls=339560, ndraw=40, logz=-29.93, remainder_fraction=100.0000%, Lmin=-22.77, Lmax=-5.26
12:20:26 [ultranest] [DEBUG] iteration=1599, ncalls=9010, regioncalls=340000, ndraw=40, logz=-29.87, remainder_fraction=100.0000%, Lmin=-22.73, Lmax=-5.26
12:20:27 [ultranest] [DEBUG] iteration=1600, ncalls=9032, regioncalls=340880, ndraw=40, logz=-29.81, remainder_fraction=100.0000%, Lmin=-22.68, Lmax=-5.26
12:20:27 [ultranest] [DEBUG] iteration=1602, ncalls=9038, regioncalls=341120, ndraw=40, logz=-29.70, remainder_fraction=100.0000%, Lmin=-22.61, Lmax=-5.26
12:20:28 [ultranest] [DEBUG] iteration=1603, ncalls=9076, regioncalls=342640, ndraw=40, logz=-29.64, remainder_fraction=100.0000%, Lmin=-22.60, Lmax=-5.26
12:20:28 [ultranest] [DEBUG] iteration=1604, ncalls=9096, regioncalls=343440, ndraw=40, logz=-29.59, remainder_fraction=100.0000%, Lmin=-22.59, Lmax=-5.26
12:20:29 [ultranest] [DEBUG] iteration=1605, ncalls=9115, regioncalls=344200, ndraw=40, logz=-29.54, remainder_fraction=100.0000%, Lmin=-22.58, Lmax=-5.26
12:20:29 [ultranest] [DEBUG] iteration=1606, ncalls=9121, regioncalls=344440, ndraw=40, logz=-29.49, remainder_fraction=100.0000%, Lmin=-22.44, Lmax=-5.26
12:20:30 [ultranest] [DEBUG] iteration=1607, ncalls=9142, regioncalls=345280, ndraw=40, logz=-29.44, remainder_fraction=100.0000%, Lmin=-22.43, Lmax=-5.26
12:20:31 [ultranest] [DEBUG] iteration=1608, ncalls=9182, regioncalls=346880, ndraw=40, logz=-29.39, remainder_fraction=100.0000%, Lmin=-22.42, Lmax=-5.26
12:20:32 [ultranest] [DEBUG] iteration=1609, ncalls=9231, regioncalls=348840, ndraw=40, logz=-29.34, remainder_fraction=100.0000%, Lmin=-22.33, Lmax=-5.26
12:20:33 [ultranest] [DEBUG] iteration=1612, ncalls=9259, regioncalls=349960, ndraw=40, logz=-29.19, remainder_fraction=100.0000%, Lmin=-22.26, Lmax=-5.26
12:20:34 [ultranest] [DEBUG] iteration=1613, ncalls=9301, regioncalls=351640, ndraw=40, logz=-29.15, remainder_fraction=100.0000%, Lmin=-22.25, Lmax=-5.26
12:20:34 [ultranest] [DEBUG] iteration=1615, ncalls=9312, regioncalls=352080, ndraw=40, logz=-29.06, remainder_fraction=100.0000%, Lmin=-22.19, Lmax=-5.26
12:20:34 [ultranest] [DEBUG] iteration=1616, ncalls=9318, regioncalls=352320, ndraw=40, logz=-29.02, remainder_fraction=100.0000%, Lmin=-22.17, Lmax=-5.26
12:20:34 [ultranest] [DEBUG] iteration=1617, ncalls=9328, regioncalls=352720, ndraw=40, logz=-28.98, remainder_fraction=100.0000%, Lmin=-22.17, Lmax=-5.26
12:20:35 [ultranest] [DEBUG] iteration=1618, ncalls=9337, regioncalls=353080, ndraw=40, logz=-28.94, remainder_fraction=100.0000%, Lmin=-22.09, Lmax=-5.26
12:20:35 [ultranest] [DEBUG] iteration=1619, ncalls=9344, regioncalls=353360, ndraw=40, logz=-28.89, remainder_fraction=100.0000%, Lmin=-22.07, Lmax=-5.26
12:20:36 [ultranest] [DEBUG] iteration=1620, ncalls=9370, regioncalls=354400, ndraw=40, logz=-28.85, remainder_fraction=100.0000%, Lmin=-22.01, Lmax=-5.26
12:20:37 [ultranest] [DEBUG] iteration=1621, ncalls=9414, regioncalls=356160, ndraw=40, logz=-28.81, remainder_fraction=100.0000%, Lmin=-21.99, Lmax=-5.26
12:20:37 [ultranest] [DEBUG] iteration=1623, ncalls=9421, regioncalls=356440, ndraw=40, logz=-28.73, remainder_fraction=100.0000%, Lmin=-21.93, Lmax=-5.26
12:20:37 [ultranest] [DEBUG] iteration=1624, ncalls=9433, regioncalls=356920, ndraw=40, logz=-28.69, remainder_fraction=100.0000%, Lmin=-21.91, Lmax=-5.26
12:20:38 [ultranest] [DEBUG] iteration=1625, ncalls=9457, regioncalls=357880, ndraw=40, logz=-28.65, remainder_fraction=100.0000%, Lmin=-21.83, Lmax=-5.26
12:20:39 [ultranest] [DEBUG] iteration=1626, ncalls=9500, regioncalls=359600, ndraw=40, logz=-28.61, remainder_fraction=100.0000%, Lmin=-21.74, Lmax=-5.26
12:20:40 [ultranest] [DEBUG] iteration=1627, ncalls=9544, regioncalls=361360, ndraw=40, logz=-28.57, remainder_fraction=100.0000%, Lmin=-21.73, Lmax=-5.26
12:20:40 [ultranest] [DEBUG] iteration=1628, ncalls=9557, regioncalls=361880, ndraw=40, logz=-28.53, remainder_fraction=100.0000%, Lmin=-21.72, Lmax=-5.26
12:20:41 [ultranest] [DEBUG] iteration=1630, ncalls=9579, regioncalls=362760, ndraw=40, logz=-28.45, remainder_fraction=100.0000%, Lmin=-21.67, Lmax=-5.26
12:20:42 [ultranest] [DEBUG] iteration=1631, ncalls=9611, regioncalls=364040, ndraw=40, logz=-28.42, remainder_fraction=100.0000%, Lmin=-21.66, Lmax=-5.26
12:20:42 [ultranest] [DEBUG] iteration=1632, ncalls=9613, regioncalls=364120, ndraw=40, logz=-28.38, remainder_fraction=100.0000%, Lmin=-21.61, Lmax=-5.26
12:20:43 [ultranest] [DEBUG] iteration=1633, ncalls=9646, regioncalls=365440, ndraw=40, logz=-28.34, remainder_fraction=100.0000%, Lmin=-21.59, Lmax=-5.26
12:20:44 [ultranest] [DEBUG] iteration=1634, ncalls=9683, regioncalls=366920, ndraw=40, logz=-28.31, remainder_fraction=100.0000%, Lmin=-21.52, Lmax=-5.26
12:20:45 [ultranest] [DEBUG] iteration=1635, ncalls=9697, regioncalls=367480, ndraw=40, logz=-28.27, remainder_fraction=100.0000%, Lmin=-21.49, Lmax=-5.26
12:20:48 [ultranest] [DEBUG] iteration=1636, ncalls=9819, regioncalls=372360, ndraw=40, logz=-28.23, remainder_fraction=100.0000%, Lmin=-21.47, Lmax=-5.26
12:20:48 [ultranest] [DEBUG] iteration=1637, ncalls=9824, regioncalls=372560, ndraw=40, logz=-28.19, remainder_fraction=100.0000%, Lmin=-21.46, Lmax=-5.26
12:20:49 [ultranest] [DEBUG] iteration=1639, ncalls=9848, regioncalls=373520, ndraw=40, logz=-28.12, remainder_fraction=100.0000%, Lmin=-21.33, Lmax=-5.26
12:20:49 [ultranest] [DEBUG] iteration=1640, ncalls=9873, regioncalls=374520, ndraw=40, logz=-28.09, remainder_fraction=100.0000%, Lmin=-21.32, Lmax=-5.26
12:20:50 [ultranest] [DEBUG] iteration=1641, ncalls=9887, regioncalls=375080, ndraw=40, logz=-28.05, remainder_fraction=100.0000%, Lmin=-21.32, Lmax=-5.26
12:20:50 [ultranest] [DEBUG] iteration=1642, ncalls=9894, regioncalls=375360, ndraw=40, logz=-28.01, remainder_fraction=100.0000%, Lmin=-21.24, Lmax=-5.26
12:20:50 [ultranest] [DEBUG] iteration=1643, ncalls=9902, regioncalls=375680, ndraw=40, logz=-27.98, remainder_fraction=100.0000%, Lmin=-21.23, Lmax=-5.26
12:20:50 [ultranest] [DEBUG] iteration=1644, ncalls=9911, regioncalls=376040, ndraw=40, logz=-27.94, remainder_fraction=100.0000%, Lmin=-21.13, Lmax=-5.26
12:20:50 [ultranest] [DEBUG] iteration=1645, ncalls=9918, regioncalls=376320, ndraw=40, logz=-27.90, remainder_fraction=100.0000%, Lmin=-21.07, Lmax=-5.26
12:20:51 [ultranest] [DEBUG] iteration=1646, ncalls=9926, regioncalls=376640, ndraw=40, logz=-27.87, remainder_fraction=100.0000%, Lmin=-21.04, Lmax=-5.26
12:20:51 [ultranest] [DEBUG] iteration=1647, ncalls=9931, regioncalls=376840, ndraw=40, logz=-27.83, remainder_fraction=100.0000%, Lmin=-20.88, Lmax=-5.26
12:20:51 [ultranest] [DEBUG] iteration=1648, ncalls=9949, regioncalls=377560, ndraw=40, logz=-27.79, remainder_fraction=100.0000%, Lmin=-20.88, Lmax=-5.26
12:20:53 [ultranest] [DEBUG] iteration=1649, ncalls=10028, regioncalls=380720, ndraw=40, logz=-27.74, remainder_fraction=100.0000%, Lmin=-20.87, Lmax=-5.26
12:20:54 [ultranest] [DEBUG] iteration=1650, ncalls=10060, regioncalls=382000, ndraw=40, logz=-27.70, remainder_fraction=100.0000%, Lmin=-20.85, Lmax=-5.26
12:20:55 [ultranest] [DEBUG] iteration=1651, ncalls=10096, regioncalls=383440, ndraw=40, logz=-27.67, remainder_fraction=100.0000%, Lmin=-20.80, Lmax=-5.26
12:20:55 [ultranest] [DEBUG] iteration=1652, ncalls=10105, regioncalls=383800, ndraw=40, logz=-27.63, remainder_fraction=100.0000%, Lmin=-20.80, Lmax=-5.26
12:20:56 [ultranest] [DEBUG] iteration=1653, ncalls=10148, regioncalls=385520, ndraw=40, logz=-27.59, remainder_fraction=100.0000%, Lmin=-20.77, Lmax=-5.26
12:20:56 [ultranest] [DEBUG] iteration=1654, ncalls=10162, regioncalls=386080, ndraw=40, logz=-27.55, remainder_fraction=100.0000%, Lmin=-20.74, Lmax=-5.26
12:20:57 [ultranest] [DEBUG] iteration=1655, ncalls=10174, regioncalls=386560, ndraw=40, logz=-27.52, remainder_fraction=100.0000%, Lmin=-20.54, Lmax=-5.26
12:20:58 [ultranest] [DEBUG] iteration=1656, ncalls=10201, regioncalls=387640, ndraw=40, logz=-27.47, remainder_fraction=100.0000%, Lmin=-20.50, Lmax=-5.26
12:20:59 [ultranest] [DEBUG] iteration=1657, ncalls=10238, regioncalls=389120, ndraw=40, logz=-27.43, remainder_fraction=100.0000%, Lmin=-20.49, Lmax=-5.26
12:20:59 [ultranest] [DEBUG] iteration=1658, ncalls=10248, regioncalls=389520, ndraw=40, logz=-27.39, remainder_fraction=100.0000%, Lmin=-20.49, Lmax=-5.26
12:20:59 [ultranest] [DEBUG] iteration=1659, ncalls=10266, regioncalls=390240, ndraw=40, logz=-27.35, remainder_fraction=100.0000%, Lmin=-20.49, Lmax=-5.26
12:21:00 [ultranest] [DEBUG] iteration=1661, ncalls=10277, regioncalls=390680, ndraw=40, logz=-27.27, remainder_fraction=100.0000%, Lmin=-20.45, Lmax=-5.26
12:21:00 [ultranest] [DEBUG] iteration=1662, ncalls=10296, regioncalls=391440, ndraw=40, logz=-27.24, remainder_fraction=100.0000%, Lmin=-20.40, Lmax=-5.26
12:21:00 [ultranest] [DEBUG] iteration=1663, ncalls=10303, regioncalls=391720, ndraw=40, logz=-27.20, remainder_fraction=100.0000%, Lmin=-20.40, Lmax=-5.26
12:21:01 [ultranest] [DEBUG] iteration=1664, ncalls=10327, regioncalls=392680, ndraw=40, logz=-27.16, remainder_fraction=100.0000%, Lmin=-20.22, Lmax=-5.26
12:21:02 [ultranest] [DEBUG] iteration=1665, ncalls=10344, regioncalls=393360, ndraw=40, logz=-27.12, remainder_fraction=99.9999%, Lmin=-20.21, Lmax=-5.26
12:21:02 [ultranest] [DEBUG] iteration=1667, ncalls=10377, regioncalls=394680, ndraw=40, logz=-27.05, remainder_fraction=99.9999%, Lmin=-20.20, Lmax=-5.26
12:21:03 [ultranest] [DEBUG] iteration=1668, ncalls=10388, regioncalls=395120, ndraw=40, logz=-27.01, remainder_fraction=99.9999%, Lmin=-20.19, Lmax=-5.26
12:21:03 [ultranest] [DEBUG] iteration=1669, ncalls=10417, regioncalls=396280, ndraw=40, logz=-26.97, remainder_fraction=99.9999%, Lmin=-20.19, Lmax=-5.26
12:21:04 [ultranest] [DEBUG] iteration=1671, ncalls=10425, regioncalls=396600, ndraw=40, logz=-26.90, remainder_fraction=99.9999%, Lmin=-20.11, Lmax=-5.26
12:21:04 [ultranest] [DEBUG] iteration=1672, ncalls=10450, regioncalls=397600, ndraw=40, logz=-26.87, remainder_fraction=99.9999%, Lmin=-20.09, Lmax=-5.26
12:21:04 [ultranest] [DEBUG] iteration=1674, ncalls=10455, regioncalls=397800, ndraw=40, logz=-26.80, remainder_fraction=99.9999%, Lmin=-19.90, Lmax=-5.26
12:21:07 [ultranest] [DEBUG] iteration=1675, ncalls=10572, regioncalls=402480, ndraw=40, logz=-26.76, remainder_fraction=99.9999%, Lmin=-19.88, Lmax=-5.26
12:21:08 [ultranest] [DEBUG] iteration=1676, ncalls=10582, regioncalls=402880, ndraw=40, logz=-26.72, remainder_fraction=99.9999%, Lmin=-19.86, Lmax=-5.26
12:21:09 [ultranest] [DEBUG] iteration=1677, ncalls=10615, regioncalls=404200, ndraw=40, logz=-26.69, remainder_fraction=99.9999%, Lmin=-19.86, Lmax=-5.26
12:21:09 [ultranest] [DEBUG] iteration=1678, ncalls=10634, regioncalls=404960, ndraw=40, logz=-26.65, remainder_fraction=99.9999%, Lmin=-19.85, Lmax=-5.26
12:21:09 [ultranest] [DEBUG] iteration=1679, ncalls=10652, regioncalls=405680, ndraw=40, logz=-26.62, remainder_fraction=99.9999%, Lmin=-19.84, Lmax=-5.26
12:21:10 [ultranest] [DEBUG] iteration=1680, ncalls=10671, regioncalls=406440, ndraw=40, logz=-26.58, remainder_fraction=99.9999%, Lmin=-19.83, Lmax=-5.26
12:21:10 [ultranest] [DEBUG] iteration=1681, ncalls=10682, regioncalls=406880, ndraw=40, logz=-26.55, remainder_fraction=99.9999%, Lmin=-19.80, Lmax=-5.26
12:21:11 [ultranest] [DEBUG] iteration=1682, ncalls=10705, regioncalls=407800, ndraw=40, logz=-26.52, remainder_fraction=99.9999%, Lmin=-19.77, Lmax=-5.26
12:21:12 [ultranest] [DEBUG] iteration=1683, ncalls=10742, regioncalls=409280, ndraw=40, logz=-26.49, remainder_fraction=99.9999%, Lmin=-19.75, Lmax=-5.26
12:21:14 [ultranest] [DEBUG] iteration=1684, ncalls=10816, regioncalls=412240, ndraw=40, logz=-26.45, remainder_fraction=99.9999%, Lmin=-19.74, Lmax=-5.26
12:21:14 [ultranest] [DEBUG] iteration=1685, ncalls=10837, regioncalls=413080, ndraw=40, logz=-26.42, remainder_fraction=99.9999%, Lmin=-19.72, Lmax=-5.26
12:21:15 [ultranest] [DEBUG] iteration=1686, ncalls=10847, regioncalls=413480, ndraw=40, logz=-26.39, remainder_fraction=99.9999%, Lmin=-19.71, Lmax=-5.26
12:21:15 [ultranest] [DEBUG] iteration=1687, ncalls=10869, regioncalls=414360, ndraw=40, logz=-26.36, remainder_fraction=99.9999%, Lmin=-19.61, Lmax=-5.26
12:21:16 [ultranest] [DEBUG] iteration=1688, ncalls=10901, regioncalls=415640, ndraw=40, logz=-26.33, remainder_fraction=99.9999%, Lmin=-19.57, Lmax=-5.26
12:21:16 [ultranest] [DEBUG] iteration=1689, ncalls=10908, regioncalls=415920, ndraw=40, logz=-26.30, remainder_fraction=99.9999%, Lmin=-19.52, Lmax=-5.26
12:21:17 [ultranest] [DEBUG] iteration=1690, ncalls=10926, regioncalls=416640, ndraw=40, logz=-26.27, remainder_fraction=99.9999%, Lmin=-19.48, Lmax=-5.26
12:21:17 [ultranest] [DEBUG] iteration=1691, ncalls=10935, regioncalls=417000, ndraw=40, logz=-26.23, remainder_fraction=99.9999%, Lmin=-19.45, Lmax=-5.26
12:21:18 [ultranest] [DEBUG] iteration=1692, ncalls=10970, regioncalls=418400, ndraw=40, logz=-26.20, remainder_fraction=99.9999%, Lmin=-19.44, Lmax=-5.26
12:21:18 [ultranest] [DEBUG] iteration=1693, ncalls=10988, regioncalls=419120, ndraw=40, logz=-26.17, remainder_fraction=99.9999%, Lmin=-19.43, Lmax=-5.26
12:21:20 [ultranest] [DEBUG] iteration=1694, ncalls=11053, regioncalls=421720, ndraw=40, logz=-26.14, remainder_fraction=99.9999%, Lmin=-19.34, Lmax=-5.26
12:21:21 [ultranest] [DEBUG] iteration=1696, ncalls=11088, regioncalls=423120, ndraw=40, logz=-26.07, remainder_fraction=99.9998%, Lmin=-19.27, Lmax=-5.26
12:21:21 [ultranest] [DEBUG] iteration=1697, ncalls=11093, regioncalls=423320, ndraw=40, logz=-26.04, remainder_fraction=99.9998%, Lmin=-19.24, Lmax=-5.26
12:21:22 [ultranest] [DEBUG] iteration=1698, ncalls=11125, regioncalls=424600, ndraw=40, logz=-26.01, remainder_fraction=99.9998%, Lmin=-19.23, Lmax=-5.26
12:21:23 [ultranest] [DEBUG] iteration=1699, ncalls=11185, regioncalls=427000, ndraw=40, logz=-25.97, remainder_fraction=99.9998%, Lmin=-19.23, Lmax=-5.26
12:21:24 [ultranest] [DEBUG] iteration=1700, ncalls=11212, regioncalls=428080, ndraw=40, logz=-25.94, remainder_fraction=99.9998%, Lmin=-19.21, Lmax=-5.26
12:21:25 [ultranest] [DEBUG] iteration=1701, ncalls=11246, regioncalls=429440, ndraw=40, logz=-25.91, remainder_fraction=99.9998%, Lmin=-19.21, Lmax=-5.26
12:21:25 [ultranest] [DEBUG] iteration=1702, ncalls=11261, regioncalls=430040, ndraw=40, logz=-25.88, remainder_fraction=99.9998%, Lmin=-19.17, Lmax=-5.26
12:21:26 [ultranest] [DEBUG] iteration=1703, ncalls=11287, regioncalls=431080, ndraw=40, logz=-25.85, remainder_fraction=99.9998%, Lmin=-19.13, Lmax=-5.26
12:21:27 [ultranest] [DEBUG] iteration=1704, ncalls=11315, regioncalls=432200, ndraw=40, logz=-25.82, remainder_fraction=99.9998%, Lmin=-19.13, Lmax=-5.26
12:21:28 [ultranest] [DEBUG] iteration=1705, ncalls=11348, regioncalls=433520, ndraw=40, logz=-25.80, remainder_fraction=99.9998%, Lmin=-19.05, Lmax=-5.26
12:21:28 [ultranest] [DEBUG] iteration=1706, ncalls=11369, regioncalls=434360, ndraw=40, logz=-25.76, remainder_fraction=99.9998%, Lmin=-19.05, Lmax=-5.26
12:21:28 [ultranest] [DEBUG] iteration=1707, ncalls=11380, regioncalls=434800, ndraw=40, logz=-25.74, remainder_fraction=99.9998%, Lmin=-19.01, Lmax=-5.26
12:21:29 [ultranest] [DEBUG] iteration=1708, ncalls=11411, regioncalls=436040, ndraw=40, logz=-25.71, remainder_fraction=99.9998%, Lmin=-18.94, Lmax=-5.26
12:21:33 [ultranest] [DEBUG] iteration=1709, ncalls=11528, regioncalls=440720, ndraw=40, logz=-25.67, remainder_fraction=99.9998%, Lmin=-18.91, Lmax=-5.26
12:21:33 [ultranest] [DEBUG] iteration=1710, ncalls=11538, regioncalls=441120, ndraw=40, logz=-25.64, remainder_fraction=99.9998%, Lmin=-18.90, Lmax=-5.26
12:21:34 [ultranest] [DEBUG] iteration=1711, ncalls=11579, regioncalls=442760, ndraw=40, logz=-25.61, remainder_fraction=99.9997%, Lmin=-18.84, Lmax=-5.26
12:21:34 [ultranest] [DEBUG] iteration=1712, ncalls=11586, regioncalls=443040, ndraw=40, logz=-25.58, remainder_fraction=99.9997%, Lmin=-18.79, Lmax=-5.26
12:21:37 [ultranest] [DEBUG] iteration=1713, ncalls=11729, regioncalls=448760, ndraw=40, logz=-25.55, remainder_fraction=99.9997%, Lmin=-18.78, Lmax=-5.26
12:21:38 [ultranest] [DEBUG] iteration=1715, ncalls=11739, regioncalls=449160, ndraw=40, logz=-25.49, remainder_fraction=99.9997%, Lmin=-18.73, Lmax=-5.26
12:21:39 [ultranest] [DEBUG] iteration=1716, ncalls=11796, regioncalls=451440, ndraw=40, logz=-25.46, remainder_fraction=99.9997%, Lmin=-18.73, Lmax=-5.26
12:21:39 [ultranest] [DEBUG] iteration=1717, ncalls=11805, regioncalls=451800, ndraw=40, logz=-25.43, remainder_fraction=99.9997%, Lmin=-18.70, Lmax=-5.26
12:21:40 [ultranest] [DEBUG] iteration=1718, ncalls=11827, regioncalls=452680, ndraw=40, logz=-25.40, remainder_fraction=99.9997%, Lmin=-18.65, Lmax=-5.26
12:21:42 [ultranest] [DEBUG] iteration=1719, ncalls=11893, regioncalls=455320, ndraw=40, logz=-25.37, remainder_fraction=99.9997%, Lmin=-18.64, Lmax=-5.26
12:21:42 [ultranest] [DEBUG] iteration=1720, ncalls=11901, regioncalls=455640, ndraw=40, logz=-25.34, remainder_fraction=99.9997%, Lmin=-18.58, Lmax=-5.26
12:21:43 [ultranest] [DEBUG] iteration=1721, ncalls=11952, regioncalls=457680, ndraw=40, logz=-25.31, remainder_fraction=99.9997%, Lmin=-18.56, Lmax=-5.26
12:21:45 [ultranest] [DEBUG] iteration=1722, ncalls=12008, regioncalls=459920, ndraw=40, logz=-25.28, remainder_fraction=99.9997%, Lmin=-18.55, Lmax=-5.26
12:21:45 [ultranest] [DEBUG] iteration=1723, ncalls=12020, regioncalls=460400, ndraw=40, logz=-25.26, remainder_fraction=99.9996%, Lmin=-18.49, Lmax=-5.26
12:21:45 [ultranest] [DEBUG] iteration=1724, ncalls=12026, regioncalls=460640, ndraw=40, logz=-25.23, remainder_fraction=99.9996%, Lmin=-18.47, Lmax=-5.26
12:21:46 [ultranest] [DEBUG] iteration=1725, ncalls=12055, regioncalls=461800, ndraw=40, logz=-25.20, remainder_fraction=99.9996%, Lmin=-18.39, Lmax=-5.26
12:21:48 [ultranest] [DEBUG] iteration=1727, ncalls=12116, regioncalls=464240, ndraw=40, logz=-25.14, remainder_fraction=99.9996%, Lmin=-18.36, Lmax=-5.26
12:21:49 [ultranest] [DEBUG] iteration=1728, ncalls=12154, regioncalls=465760, ndraw=40, logz=-25.11, remainder_fraction=99.9996%, Lmin=-18.34, Lmax=-5.26
12:21:50 [ultranest] [DEBUG] iteration=1729, ncalls=12215, regioncalls=468200, ndraw=40, logz=-25.08, remainder_fraction=99.9996%, Lmin=-18.31, Lmax=-5.26
12:21:51 [ultranest] [DEBUG] iteration=1730, ncalls=12244, regioncalls=469360, ndraw=40, logz=-25.05, remainder_fraction=99.9996%, Lmin=-18.31, Lmax=-5.26
12:21:51 [ultranest] [DEBUG] iteration=1732, ncalls=12258, regioncalls=469920, ndraw=40, logz=-24.99, remainder_fraction=99.9995%, Lmin=-18.26, Lmax=-5.26
12:21:52 [ultranest] [DEBUG] iteration=1733, ncalls=12300, regioncalls=471600, ndraw=40, logz=-24.96, remainder_fraction=99.9995%, Lmin=-18.26, Lmax=-5.26
12:21:54 [ultranest] [DEBUG] iteration=1734, ncalls=12369, regioncalls=474360, ndraw=40, logz=-24.94, remainder_fraction=99.9995%, Lmin=-18.23, Lmax=-5.26
12:21:56 [ultranest] [DEBUG] iteration=1735, ncalls=12449, regioncalls=477560, ndraw=40, logz=-24.91, remainder_fraction=99.9995%, Lmin=-18.21, Lmax=-5.26
12:21:56 [ultranest] [DEBUG] iteration=1736, ncalls=12467, regioncalls=478280, ndraw=40, logz=-24.88, remainder_fraction=99.9995%, Lmin=-18.12, Lmax=-5.26
12:21:57 [ultranest] [DEBUG] iteration=1738, ncalls=12492, regioncalls=479280, ndraw=40, logz=-24.82, remainder_fraction=99.9995%, Lmin=-18.08, Lmax=-5.26
12:21:58 [ultranest] [DEBUG] iteration=1739, ncalls=12518, regioncalls=480320, ndraw=40, logz=-24.80, remainder_fraction=99.9995%, Lmin=-18.03, Lmax=-5.26
12:22:01 [ultranest] [DEBUG] iteration=1740, ncalls=12655, regioncalls=485800, ndraw=40, logz=-24.77, remainder_fraction=99.9994%, Lmin=-18.02, Lmax=-5.26
12:22:04 [ultranest] [DEBUG] iteration=1741, ncalls=12763, regioncalls=490120, ndraw=40, logz=-24.74, remainder_fraction=99.9994%, Lmin=-17.99, Lmax=-5.26
12:22:05 [ultranest] [DEBUG] iteration=1742, ncalls=12828, regioncalls=492720, ndraw=40, logz=-24.71, remainder_fraction=99.9994%, Lmin=-17.96, Lmax=-5.26
12:22:06 [ultranest] [DEBUG] iteration=1743, ncalls=12837, regioncalls=493080, ndraw=40, logz=-24.68, remainder_fraction=99.9994%, Lmin=-17.96, Lmax=-5.26
12:22:06 [ultranest] [DEBUG] iteration=1744, ncalls=12847, regioncalls=493480, ndraw=40, logz=-24.66, remainder_fraction=99.9994%, Lmin=-17.90, Lmax=-5.26
12:22:06 [ultranest] [DEBUG] iteration=1745, ncalls=12864, regioncalls=494160, ndraw=40, logz=-24.63, remainder_fraction=99.9993%, Lmin=-17.90, Lmax=-5.26
12:22:06 [ultranest] [DEBUG] iteration=1746, ncalls=12868, regioncalls=494320, ndraw=40, logz=-24.60, remainder_fraction=99.9993%, Lmin=-17.89, Lmax=-5.26
12:22:07 [ultranest] [DEBUG] iteration=1747, ncalls=12905, regioncalls=495800, ndraw=40, logz=-24.58, remainder_fraction=99.9993%, Lmin=-17.86, Lmax=-5.26
12:22:08 [ultranest] [DEBUG] iteration=1748, ncalls=12929, regioncalls=496760, ndraw=40, logz=-24.55, remainder_fraction=99.9993%, Lmin=-17.82, Lmax=-5.26
12:22:09 [ultranest] [DEBUG] iteration=1749, ncalls=12985, regioncalls=499000, ndraw=40, logz=-24.52, remainder_fraction=99.9993%, Lmin=-17.80, Lmax=-5.26
12:22:10 [ultranest] [DEBUG] iteration=1750, ncalls=12993, regioncalls=499320, ndraw=40, logz=-24.50, remainder_fraction=99.9992%, Lmin=-17.78, Lmax=-5.26
12:22:11 [ultranest] [DEBUG] iteration=1752, ncalls=13037, regioncalls=501080, ndraw=40, logz=-24.44, remainder_fraction=99.9992%, Lmin=-17.71, Lmax=-5.26
12:22:11 [ultranest] [DEBUG] iteration=1753, ncalls=13056, regioncalls=501840, ndraw=40, logz=-24.42, remainder_fraction=99.9992%, Lmin=-17.68, Lmax=-5.26
12:22:13 [ultranest] [DEBUG] iteration=1754, ncalls=13138, regioncalls=505120, ndraw=40, logz=-24.39, remainder_fraction=99.9992%, Lmin=-17.66, Lmax=-5.26
12:22:14 [ultranest] [DEBUG] iteration=1755, ncalls=13171, regioncalls=506440, ndraw=40, logz=-24.36, remainder_fraction=99.9991%, Lmin=-17.65, Lmax=-5.26
12:22:17 [ultranest] [DEBUG] iteration=1756, ncalls=13268, regioncalls=510320, ndraw=40, logz=-24.34, remainder_fraction=99.9991%, Lmin=-17.58, Lmax=-5.26
12:22:17 [ultranest] [DEBUG] iteration=1757, ncalls=13285, regioncalls=511000, ndraw=40, logz=-24.31, remainder_fraction=99.9991%, Lmin=-17.56, Lmax=-5.26
12:22:20 [ultranest] [DEBUG] iteration=1758, ncalls=13371, regioncalls=514440, ndraw=40, logz=-24.28, remainder_fraction=99.9991%, Lmin=-17.51, Lmax=-5.26
12:22:22 [ultranest] [DEBUG] iteration=1759, ncalls=13444, regioncalls=517360, ndraw=40, logz=-24.26, remainder_fraction=99.9990%, Lmin=-17.50, Lmax=-5.26
12:22:22 [ultranest] [DEBUG] iteration=1760, ncalls=13449, regioncalls=517560, ndraw=40, logz=-24.23, remainder_fraction=99.9990%, Lmin=-17.44, Lmax=-5.26
12:22:22 [ultranest] [DEBUG] iteration=1761, ncalls=13453, regioncalls=517720, ndraw=40, logz=-24.20, remainder_fraction=99.9990%, Lmin=-17.42, Lmax=-5.26
12:22:22 [ultranest] [DEBUG] iteration=1762, ncalls=13460, regioncalls=518000, ndraw=40, logz=-24.17, remainder_fraction=99.9990%, Lmin=-17.41, Lmax=-5.26
12:22:22 [ultranest] [DEBUG] iteration=1763, ncalls=13469, regioncalls=518360, ndraw=40, logz=-24.15, remainder_fraction=99.9989%, Lmin=-17.35, Lmax=-5.26
12:22:23 [ultranest] [DEBUG] iteration=1764, ncalls=13490, regioncalls=519200, ndraw=40, logz=-24.12, remainder_fraction=99.9989%, Lmin=-17.31, Lmax=-5.26
12:22:24 [ultranest] [DEBUG] iteration=1765, ncalls=13517, regioncalls=520280, ndraw=40, logz=-24.09, remainder_fraction=99.9989%, Lmin=-17.28, Lmax=-5.26
12:22:24 [ultranest] [DEBUG] iteration=1766, ncalls=13535, regioncalls=521000, ndraw=40, logz=-24.06, remainder_fraction=99.9988%, Lmin=-17.23, Lmax=-5.26
12:22:25 [ultranest] [DEBUG] iteration=1767, ncalls=13584, regioncalls=522960, ndraw=40, logz=-24.03, remainder_fraction=99.9988%, Lmin=-17.23, Lmax=-5.26
12:22:26 [ultranest] [DEBUG] iteration=1768, ncalls=13590, regioncalls=523200, ndraw=40, logz=-24.01, remainder_fraction=99.9988%, Lmin=-17.21, Lmax=-5.26
12:22:26 [ultranest] [DEBUG] iteration=1769, ncalls=13596, regioncalls=523440, ndraw=40, logz=-23.98, remainder_fraction=99.9987%, Lmin=-17.21, Lmax=-5.26
12:22:27 [ultranest] [DEBUG] iteration=1770, ncalls=13625, regioncalls=524600, ndraw=40, logz=-23.95, remainder_fraction=99.9987%, Lmin=-17.19, Lmax=-5.26
12:22:28 [ultranest] [DEBUG] iteration=1772, ncalls=13677, regioncalls=526680, ndraw=40, logz=-23.90, remainder_fraction=99.9986%, Lmin=-17.14, Lmax=-5.26
12:22:35 [ultranest] [DEBUG] iteration=1773, ncalls=13975, regioncalls=538600, ndraw=40, logz=-23.87, remainder_fraction=99.9986%, Lmin=-17.14, Lmax=-5.26
12:22:36 [ultranest] [DEBUG] iteration=1774, ncalls=14007, regioncalls=539880, ndraw=40, logz=-23.85, remainder_fraction=99.9986%, Lmin=-17.12, Lmax=-5.26
12:22:37 [ultranest] [DEBUG] iteration=1775, ncalls=14023, regioncalls=540520, ndraw=40, logz=-23.82, remainder_fraction=99.9985%, Lmin=-17.08, Lmax=-5.26
12:22:38 [ultranest] [DEBUG] iteration=1776, ncalls=14074, regioncalls=542560, ndraw=40, logz=-23.80, remainder_fraction=99.9985%, Lmin=-17.07, Lmax=-5.26
12:22:39 [ultranest] [DEBUG] iteration=1777, ncalls=14106, regioncalls=543840, ndraw=40, logz=-23.77, remainder_fraction=99.9985%, Lmin=-17.05, Lmax=-5.26
12:22:40 [ultranest] [DEBUG] iteration=1778, ncalls=14150, regioncalls=545600, ndraw=40, logz=-23.75, remainder_fraction=99.9984%, Lmin=-17.02, Lmax=-5.26
12:22:42 [ultranest] [DEBUG] iteration=1779, ncalls=14208, regioncalls=547920, ndraw=40, logz=-23.72, remainder_fraction=99.9984%, Lmin=-17.01, Lmax=-5.26
12:22:42 [ultranest] [DEBUG] iteration=1780, ncalls=14225, regioncalls=548600, ndraw=40, logz=-23.70, remainder_fraction=99.9983%, Lmin=-16.97, Lmax=-5.26
12:22:42 [ultranest] [DEBUG] iteration=1781, ncalls=14239, regioncalls=549160, ndraw=40, logz=-23.67, remainder_fraction=99.9983%, Lmin=-16.93, Lmax=-5.26
12:22:42 [ultranest] [DEBUG] iteration=1783, ncalls=14247, regioncalls=549480, ndraw=40, logz=-23.62, remainder_fraction=99.9982%, Lmin=-16.88, Lmax=-5.26
12:22:43 [ultranest] [DEBUG] iteration=1784, ncalls=14255, regioncalls=549800, ndraw=40, logz=-23.60, remainder_fraction=99.9981%, Lmin=-16.86, Lmax=-5.26
12:22:43 [ultranest] [DEBUG] iteration=1785, ncalls=14284, regioncalls=550960, ndraw=40, logz=-23.57, remainder_fraction=99.9981%, Lmin=-16.84, Lmax=-5.26
12:22:44 [ultranest] [DEBUG] iteration=1786, ncalls=14294, regioncalls=551360, ndraw=40, logz=-23.55, remainder_fraction=99.9980%, Lmin=-16.83, Lmax=-5.26
12:22:44 [ultranest] [DEBUG] iteration=1787, ncalls=14328, regioncalls=552720, ndraw=40, logz=-23.52, remainder_fraction=99.9980%, Lmin=-16.82, Lmax=-5.26
12:22:45 [ultranest] [DEBUG] iteration=1788, ncalls=14361, regioncalls=554040, ndraw=40, logz=-23.50, remainder_fraction=99.9979%, Lmin=-16.78, Lmax=-5.26
12:22:48 [ultranest] [DEBUG] iteration=1789, ncalls=14458, regioncalls=557920, ndraw=40, logz=-23.48, remainder_fraction=99.9979%, Lmin=-16.77, Lmax=-5.26
12:22:51 [ultranest] [DEBUG] iteration=1790, ncalls=14593, regioncalls=563320, ndraw=40, logz=-23.45, remainder_fraction=99.9979%, Lmin=-16.75, Lmax=-5.26
12:22:52 [ultranest] [DEBUG] iteration=1791, ncalls=14603, regioncalls=563720, ndraw=40, logz=-23.43, remainder_fraction=99.9978%, Lmin=-16.66, Lmax=-5.26
12:22:53 [ultranest] [DEBUG] iteration=1792, ncalls=14659, regioncalls=565960, ndraw=40, logz=-23.40, remainder_fraction=99.9977%, Lmin=-16.63, Lmax=-5.26
12:22:54 [ultranest] [DEBUG] iteration=1793, ncalls=14680, regioncalls=566800, ndraw=40, logz=-23.38, remainder_fraction=99.9977%, Lmin=-16.59, Lmax=-5.26
12:22:54 [ultranest] [DEBUG] iteration=1794, ncalls=14699, regioncalls=567560, ndraw=40, logz=-23.35, remainder_fraction=99.9976%, Lmin=-16.58, Lmax=-5.26
12:22:55 [ultranest] [DEBUG] iteration=1795, ncalls=14743, regioncalls=569320, ndraw=40, logz=-23.33, remainder_fraction=99.9976%, Lmin=-16.56, Lmax=-5.26
12:22:56 [ultranest] [DEBUG] iteration=1796, ncalls=14751, regioncalls=569640, ndraw=40, logz=-23.30, remainder_fraction=99.9975%, Lmin=-16.56, Lmax=-5.26
12:22:57 [ultranest] [DEBUG] iteration=1797, ncalls=14793, regioncalls=571320, ndraw=40, logz=-23.28, remainder_fraction=99.9974%, Lmin=-16.52, Lmax=-5.26
12:22:58 [ultranest] [DEBUG] iteration=1798, ncalls=14831, regioncalls=572840, ndraw=40, logz=-23.25, remainder_fraction=99.9974%, Lmin=-16.50, Lmax=-5.26
12:23:00 [ultranest] [DEBUG] iteration=1799, ncalls=14901, regioncalls=575640, ndraw=40, logz=-23.23, remainder_fraction=99.9973%, Lmin=-16.42, Lmax=-5.26
12:23:00 [ultranest] [DEBUG] iteration=1801, ncalls=14925, regioncalls=576600, ndraw=40, logz=-23.18, remainder_fraction=99.9971%, Lmin=-16.36, Lmax=-5.26
12:23:01 [ultranest] [DEBUG] iteration=1802, ncalls=14959, regioncalls=577960, ndraw=40, logz=-23.15, remainder_fraction=99.9971%, Lmin=-16.32, Lmax=-5.26
12:23:02 [ultranest] [DEBUG] iteration=1803, ncalls=14980, regioncalls=578800, ndraw=40, logz=-23.13, remainder_fraction=99.9970%, Lmin=-16.26, Lmax=-5.26
12:23:02 [ultranest] [DEBUG] iteration=1804, ncalls=15002, regioncalls=579680, ndraw=40, logz=-23.10, remainder_fraction=99.9969%, Lmin=-16.25, Lmax=-5.26
12:23:03 [ultranest] [DEBUG] iteration=1806, ncalls=15040, regioncalls=581200, ndraw=40, logz=-23.05, remainder_fraction=99.9967%, Lmin=-16.24, Lmax=-5.26
12:23:04 [ultranest] [DEBUG] iteration=1807, ncalls=15051, regioncalls=581640, ndraw=40, logz=-23.02, remainder_fraction=99.9966%, Lmin=-16.23, Lmax=-5.26
12:23:05 [ultranest] [DEBUG] iteration=1808, ncalls=15094, regioncalls=583360, ndraw=40, logz=-23.00, remainder_fraction=99.9965%, Lmin=-16.14, Lmax=-5.26
12:23:05 [ultranest] [DEBUG] iteration=1809, ncalls=15099, regioncalls=583560, ndraw=40, logz=-22.97, remainder_fraction=99.9964%, Lmin=-16.11, Lmax=-5.26
12:23:05 [ultranest] [DEBUG] iteration=1810, ncalls=15124, regioncalls=584560, ndraw=40, logz=-22.94, remainder_fraction=99.9963%, Lmin=-16.09, Lmax=-5.26
12:23:07 [ultranest] [DEBUG] iteration=1811, ncalls=15185, regioncalls=587000, ndraw=40, logz=-22.92, remainder_fraction=99.9962%, Lmin=-16.08, Lmax=-5.26
12:23:09 [ultranest] [DEBUG] iteration=1812, ncalls=15255, regioncalls=589800, ndraw=40, logz=-22.89, remainder_fraction=99.9961%, Lmin=-16.08, Lmax=-5.26
12:23:10 [ultranest] [DEBUG] iteration=1813, ncalls=15282, regioncalls=590880, ndraw=40, logz=-22.87, remainder_fraction=99.9960%, Lmin=-16.07, Lmax=-5.26
12:23:16 [ultranest] [DEBUG] iteration=1814, ncalls=15497, regioncalls=599480, ndraw=40, logz=-22.84, remainder_fraction=99.9960%, Lmin=-16.06, Lmax=-5.26
12:23:16 [ultranest] [DEBUG] iteration=1815, ncalls=15517, regioncalls=600280, ndraw=40, logz=-22.82, remainder_fraction=99.9959%, Lmin=-16.05, Lmax=-5.26
12:23:17 [ultranest] [DEBUG] iteration=1816, ncalls=15550, regioncalls=601600, ndraw=40, logz=-22.80, remainder_fraction=99.9958%, Lmin=-16.00, Lmax=-5.26
12:23:18 [ultranest] [DEBUG] iteration=1818, ncalls=15576, regioncalls=602640, ndraw=40, logz=-22.75, remainder_fraction=99.9955%, Lmin=-15.99, Lmax=-5.26
12:23:19 [ultranest] [DEBUG] iteration=1819, ncalls=15618, regioncalls=604320, ndraw=40, logz=-22.72, remainder_fraction=99.9954%, Lmin=-15.95, Lmax=-5.26
12:23:19 [ultranest] [DEBUG] iteration=1820, ncalls=15627, regioncalls=604680, ndraw=40, logz=-22.70, remainder_fraction=99.9953%, Lmin=-15.91, Lmax=-5.26
12:23:20 [ultranest] [DEBUG] iteration=1821, ncalls=15666, regioncalls=606240, ndraw=40, logz=-22.68, remainder_fraction=99.9952%, Lmin=-15.87, Lmax=-5.26
12:23:22 [ultranest] [DEBUG] iteration=1822, ncalls=15723, regioncalls=608520, ndraw=40, logz=-22.65, remainder_fraction=99.9951%, Lmin=-15.86, Lmax=-5.26
12:23:25 [ultranest] [DEBUG] iteration=1823, ncalls=15824, regioncalls=612560, ndraw=40, logz=-22.63, remainder_fraction=99.9949%, Lmin=-15.86, Lmax=-5.26
12:23:25 [ultranest] [DEBUG] iteration=1824, ncalls=15832, regioncalls=612880, ndraw=40, logz=-22.60, remainder_fraction=99.9948%, Lmin=-15.85, Lmax=-5.26
12:23:27 [ultranest] [DEBUG] iteration=1825, ncalls=15895, regioncalls=615400, ndraw=40, logz=-22.58, remainder_fraction=99.9947%, Lmin=-15.84, Lmax=-5.26
12:23:27 [ultranest] [DEBUG] iteration=1826, ncalls=15904, regioncalls=615760, ndraw=40, logz=-22.56, remainder_fraction=99.9946%, Lmin=-15.82, Lmax=-5.26
12:23:27 [ultranest] [DEBUG] iteration=1827, ncalls=15919, regioncalls=616360, ndraw=40, logz=-22.54, remainder_fraction=99.9944%, Lmin=-15.78, Lmax=-5.26
12:23:28 [ultranest] [DEBUG] iteration=1828, ncalls=15928, regioncalls=616720, ndraw=40, logz=-22.51, remainder_fraction=99.9943%, Lmin=-15.74, Lmax=-5.26
12:23:29 [ultranest] [DEBUG] iteration=1829, ncalls=15975, regioncalls=618600, ndraw=40, logz=-22.49, remainder_fraction=99.9942%, Lmin=-15.69, Lmax=-5.26
12:23:29 [ultranest] [DEBUG] iteration=1831, ncalls=15980, regioncalls=618800, ndraw=40, logz=-22.44, remainder_fraction=99.9940%, Lmin=-15.61, Lmax=-5.26
12:23:29 [ultranest] [DEBUG] iteration=1832, ncalls=15999, regioncalls=619560, ndraw=40, logz=-22.42, remainder_fraction=99.9938%, Lmin=-15.58, Lmax=-5.26
12:23:31 [ultranest] [DEBUG] iteration=1833, ncalls=16048, regioncalls=621520, ndraw=40, logz=-22.40, remainder_fraction=99.9937%, Lmin=-15.57, Lmax=-5.26
12:23:33 [ultranest] [DEBUG] iteration=1835, ncalls=16132, regioncalls=624880, ndraw=40, logz=-22.35, remainder_fraction=99.9934%, Lmin=-15.56, Lmax=-5.26
12:23:35 [ultranest] [DEBUG] iteration=1836, ncalls=16196, regioncalls=627440, ndraw=40, logz=-22.32, remainder_fraction=99.9932%, Lmin=-15.56, Lmax=-5.26
12:23:35 [ultranest] [DEBUG] iteration=1838, ncalls=16222, regioncalls=628480, ndraw=40, logz=-22.28, remainder_fraction=99.9929%, Lmin=-15.34, Lmax=-5.26
12:23:37 [ultranest] [DEBUG] iteration=1839, ncalls=16293, regioncalls=631320, ndraw=40, logz=-22.25, remainder_fraction=99.9927%, Lmin=-15.31, Lmax=-5.26
12:23:38 [ultranest] [DEBUG] iteration=1840, ncalls=16317, regioncalls=632280, ndraw=40, logz=-22.22, remainder_fraction=99.9925%, Lmin=-15.27, Lmax=-5.26
12:23:39 [ultranest] [DEBUG] iteration=1841, ncalls=16372, regioncalls=634480, ndraw=40, logz=-22.20, remainder_fraction=99.9923%, Lmin=-15.24, Lmax=-5.26
12:23:40 [ultranest] [DEBUG] iteration=1842, ncalls=16376, regioncalls=634640, ndraw=40, logz=-22.17, remainder_fraction=99.9921%, Lmin=-15.20, Lmax=-5.26
12:23:40 [ultranest] [DEBUG] iteration=1843, ncalls=16382, regioncalls=634880, ndraw=40, logz=-22.14, remainder_fraction=99.9918%, Lmin=-15.20, Lmax=-5.26
12:23:42 [ultranest] [DEBUG] iteration=1844, ncalls=16484, regioncalls=638960, ndraw=40, logz=-22.12, remainder_fraction=99.9916%, Lmin=-15.20, Lmax=-5.26
12:23:44 [ultranest] [DEBUG] iteration=1845, ncalls=16538, regioncalls=641120, ndraw=40, logz=-22.09, remainder_fraction=99.9914%, Lmin=-15.16, Lmax=-5.26
12:23:46 [ultranest] [DEBUG] iteration=1847, ncalls=16628, regioncalls=644720, ndraw=40, logz=-22.04, remainder_fraction=99.9909%, Lmin=-15.16, Lmax=-5.26
12:23:47 [ultranest] [DEBUG] iteration=1848, ncalls=16675, regioncalls=646600, ndraw=40, logz=-22.02, remainder_fraction=99.9907%, Lmin=-15.15, Lmax=-5.26
12:23:48 [ultranest] [DEBUG] iteration=1850, ncalls=16717, regioncalls=648280, ndraw=40, logz=-21.97, remainder_fraction=99.9903%, Lmin=-15.10, Lmax=-5.26
12:23:49 [ultranest] [DEBUG] iteration=1852, ncalls=16729, regioncalls=648760, ndraw=40, logz=-21.92, remainder_fraction=99.9898%, Lmin=-15.06, Lmax=-5.26
12:23:49 [ultranest] [DEBUG] iteration=1853, ncalls=16742, regioncalls=649280, ndraw=40, logz=-21.90, remainder_fraction=99.9895%, Lmin=-15.05, Lmax=-5.26
12:23:51 [ultranest] [DEBUG] iteration=1854, ncalls=16826, regioncalls=652640, ndraw=40, logz=-21.87, remainder_fraction=99.9892%, Lmin=-15.05, Lmax=-5.26
12:23:52 [ultranest] [DEBUG] iteration=1855, ncalls=16839, regioncalls=653160, ndraw=40, logz=-21.85, remainder_fraction=99.9890%, Lmin=-15.04, Lmax=-5.26
12:23:52 [ultranest] [DEBUG] iteration=1856, ncalls=16855, regioncalls=653800, ndraw=40, logz=-21.83, remainder_fraction=99.9888%, Lmin=-15.03, Lmax=-5.26
12:23:55 [ultranest] [DEBUG] iteration=1857, ncalls=16948, regioncalls=657520, ndraw=40, logz=-21.81, remainder_fraction=99.9885%, Lmin=-15.02, Lmax=-5.26
12:23:57 [ultranest] [DEBUG] iteration=1858, ncalls=17041, regioncalls=661240, ndraw=40, logz=-21.78, remainder_fraction=99.9887%, Lmin=-15.02, Lmax=-5.26
12:23:58 [ultranest] [DEBUG] iteration=1859, ncalls=17071, regioncalls=662440, ndraw=40, logz=-21.76, remainder_fraction=99.9885%, Lmin=-15.02, Lmax=-5.26
12:23:59 [ultranest] [DEBUG] iteration=1860, ncalls=17109, regioncalls=663960, ndraw=40, logz=-21.74, remainder_fraction=99.9883%, Lmin=-15.01, Lmax=-5.26
12:23:59 [ultranest] [DEBUG] iteration=1861, ncalls=17128, regioncalls=664720, ndraw=40, logz=-21.72, remainder_fraction=99.9883%, Lmin=-14.98, Lmax=-5.26
12:24:00 [ultranest] [DEBUG] iteration=1862, ncalls=17138, regioncalls=665120, ndraw=40, logz=-21.70, remainder_fraction=99.9881%, Lmin=-14.97, Lmax=-5.26
12:24:00 [ultranest] [DEBUG] iteration=1863, ncalls=17145, regioncalls=665400, ndraw=40, logz=-21.68, remainder_fraction=99.9878%, Lmin=-14.96, Lmax=-5.26
12:24:01 [ultranest] [DEBUG] iteration=1864, ncalls=17186, regioncalls=667040, ndraw=40, logz=-21.66, remainder_fraction=99.9875%, Lmin=-14.96, Lmax=-5.26
12:24:01 [ultranest] [DEBUG] iteration=1865, ncalls=17198, regioncalls=667520, ndraw=40, logz=-21.64, remainder_fraction=99.9872%, Lmin=-14.96, Lmax=-5.26
12:24:03 [ultranest] [DEBUG] iteration=1866, ncalls=17261, regioncalls=670040, ndraw=40, logz=-21.62, remainder_fraction=99.9869%, Lmin=-14.92, Lmax=-5.26
12:24:05 [ultranest] [DEBUG] iteration=1867, ncalls=17334, regioncalls=672960, ndraw=40, logz=-21.60, remainder_fraction=99.9867%, Lmin=-14.91, Lmax=-5.26
12:24:05 [ultranest] [DEBUG] iteration=1868, ncalls=17345, regioncalls=673400, ndraw=40, logz=-21.58, remainder_fraction=99.9864%, Lmin=-14.89, Lmax=-5.26
12:24:09 [ultranest] [DEBUG] iteration=1871, ncalls=17491, regioncalls=679240, ndraw=40, logz=-21.52, remainder_fraction=99.9855%, Lmin=-14.82, Lmax=-5.26
12:24:09 [ultranest] [DEBUG] iteration=1872, ncalls=17506, regioncalls=679840, ndraw=40, logz=-21.50, remainder_fraction=99.9852%, Lmin=-14.78, Lmax=-5.26
12:24:10 [ultranest] [DEBUG] iteration=1873, ncalls=17516, regioncalls=680240, ndraw=40, logz=-21.49, remainder_fraction=99.9848%, Lmin=-14.77, Lmax=-5.26
12:24:10 [ultranest] [DEBUG] iteration=1875, ncalls=17519, regioncalls=680360, ndraw=40, logz=-21.45, remainder_fraction=99.9842%, Lmin=-14.72, Lmax=-5.26
12:24:11 [ultranest] [DEBUG] iteration=1876, ncalls=17571, regioncalls=682440, ndraw=40, logz=-21.43, remainder_fraction=99.9838%, Lmin=-14.71, Lmax=-5.26
12:24:13 [ultranest] [DEBUG] iteration=1877, ncalls=17633, regioncalls=684920, ndraw=40, logz=-21.41, remainder_fraction=99.9835%, Lmin=-14.71, Lmax=-5.26
12:24:17 [ultranest] [DEBUG] iteration=1878, ncalls=17798, regioncalls=691520, ndraw=40, logz=-21.39, remainder_fraction=99.9831%, Lmin=-14.70, Lmax=-5.26
12:24:17 [ultranest] [DEBUG] iteration=1879, ncalls=17811, regioncalls=692040, ndraw=40, logz=-21.37, remainder_fraction=99.9828%, Lmin=-14.70, Lmax=-5.26
12:24:20 [ultranest] [DEBUG] iteration=1880, ncalls=17896, regioncalls=695440, ndraw=40, logz=-21.35, remainder_fraction=99.9825%, Lmin=-14.69, Lmax=-5.26
12:24:20 [ultranest] [DEBUG] iteration=1881, ncalls=17915, regioncalls=696200, ndraw=40, logz=-21.33, remainder_fraction=99.9822%, Lmin=-14.66, Lmax=-5.26
12:24:21 [ultranest] [DEBUG] iteration=1882, ncalls=17965, regioncalls=698200, ndraw=40, logz=-21.31, remainder_fraction=99.9818%, Lmin=-14.66, Lmax=-5.26
12:24:22 [ultranest] [DEBUG] iteration=1883, ncalls=18000, regioncalls=699600, ndraw=40, logz=-21.30, remainder_fraction=99.9814%, Lmin=-14.57, Lmax=-5.26
12:24:23 [ultranest] [DEBUG] iteration=1884, ncalls=18027, regioncalls=700680, ndraw=40, logz=-21.28, remainder_fraction=99.9810%, Lmin=-14.53, Lmax=-5.26
12:24:24 [ultranest] [DEBUG] iteration=1885, ncalls=18053, regioncalls=701720, ndraw=40, logz=-21.26, remainder_fraction=99.9807%, Lmin=-14.52, Lmax=-5.26
12:24:27 [ultranest] [DEBUG] iteration=1886, ncalls=18157, regioncalls=705880, ndraw=40, logz=-21.24, remainder_fraction=99.9804%, Lmin=-14.51, Lmax=-5.26
12:24:28 [ultranest] [DEBUG] iteration=1887, ncalls=18199, regioncalls=707560, ndraw=40, logz=-21.22, remainder_fraction=99.9801%, Lmin=-14.48, Lmax=-5.26
12:24:28 [ultranest] [DEBUG] iteration=1888, ncalls=18223, regioncalls=708520, ndraw=40, logz=-21.20, remainder_fraction=99.9797%, Lmin=-14.42, Lmax=-5.26
12:24:30 [ultranest] [DEBUG] iteration=1889, ncalls=18305, regioncalls=711800, ndraw=40, logz=-21.18, remainder_fraction=99.9792%, Lmin=-14.41, Lmax=-5.26
12:24:32 [ultranest] [DEBUG] iteration=1890, ncalls=18393, regioncalls=715320, ndraw=40, logz=-21.16, remainder_fraction=99.9787%, Lmin=-14.38, Lmax=-5.26
12:24:36 [ultranest] [DEBUG] iteration=1891, ncalls=18511, regioncalls=720040, ndraw=40, logz=-21.14, remainder_fraction=99.9784%, Lmin=-14.34, Lmax=-5.26
12:24:36 [ultranest] [DEBUG] iteration=1892, ncalls=18520, regioncalls=720400, ndraw=40, logz=-21.12, remainder_fraction=99.9779%, Lmin=-14.32, Lmax=-5.26
12:24:36 [ultranest] [DEBUG] iteration=1893, ncalls=18530, regioncalls=720800, ndraw=40, logz=-21.10, remainder_fraction=99.9774%, Lmin=-14.28, Lmax=-5.26
12:24:38 [ultranest] [DEBUG] iteration=1894, ncalls=18597, regioncalls=723480, ndraw=40, logz=-21.08, remainder_fraction=99.9769%, Lmin=-14.26, Lmax=-5.26
12:24:39 [ultranest] [DEBUG] iteration=1895, ncalls=18631, regioncalls=724840, ndraw=40, logz=-21.06, remainder_fraction=99.9764%, Lmin=-14.23, Lmax=-5.26
12:24:39 [ultranest] [DEBUG] iteration=1896, ncalls=18640, regioncalls=725200, ndraw=40, logz=-21.04, remainder_fraction=99.9758%, Lmin=-14.22, Lmax=-5.26
12:24:40 [ultranest] [DEBUG] iteration=1897, ncalls=18653, regioncalls=725720, ndraw=40, logz=-21.02, remainder_fraction=99.9753%, Lmin=-14.21, Lmax=-5.26
12:24:46 [ultranest] [DEBUG] iteration=1898, ncalls=18888, regioncalls=735120, ndraw=40, logz=-21.00, remainder_fraction=99.9749%, Lmin=-14.20, Lmax=-5.26
12:24:46 [ultranest] [DEBUG] iteration=1899, ncalls=18896, regioncalls=735440, ndraw=40, logz=-20.98, remainder_fraction=99.9743%, Lmin=-14.19, Lmax=-5.26
12:24:47 [ultranest] [DEBUG] iteration=1900, ncalls=18930, regioncalls=736800, ndraw=40, logz=-20.96, remainder_fraction=99.9738%, Lmin=-14.18, Lmax=-5.26
12:24:47 [ultranest] [DEBUG] iteration=1901, ncalls=18939, regioncalls=737160, ndraw=40, logz=-20.94, remainder_fraction=99.9732%, Lmin=-14.17, Lmax=-5.26
12:24:48 [ultranest] [DEBUG] iteration=1903, ncalls=18974, regioncalls=738560, ndraw=40, logz=-20.90, remainder_fraction=99.9725%, Lmin=-14.15, Lmax=-5.26
12:24:50 [ultranest] [DEBUG] iteration=1904, ncalls=19058, regioncalls=741920, ndraw=40, logz=-20.88, remainder_fraction=99.9719%, Lmin=-14.15, Lmax=-5.26
12:24:52 [ultranest] [DEBUG] iteration=1905, ncalls=19145, regioncalls=745400, ndraw=40, logz=-20.86, remainder_fraction=99.9713%, Lmin=-14.13, Lmax=-5.26
12:24:55 [ultranest] [DEBUG] iteration=1906, ncalls=19267, regioncalls=750280, ndraw=40, logz=-20.85, remainder_fraction=99.9709%, Lmin=-14.10, Lmax=-5.26
12:24:56 [ultranest] [DEBUG] iteration=1907, ncalls=19287, regioncalls=751080, ndraw=40, logz=-20.83, remainder_fraction=99.9703%, Lmin=-14.09, Lmax=-5.26
12:24:57 [ultranest] [DEBUG] iteration=1908, ncalls=19315, regioncalls=752200, ndraw=40, logz=-20.81, remainder_fraction=99.9697%, Lmin=-14.03, Lmax=-5.26
12:24:57 [ultranest] [DEBUG] iteration=1909, ncalls=19348, regioncalls=753520, ndraw=40, logz=-20.79, remainder_fraction=99.9692%, Lmin=-14.02, Lmax=-5.26
12:24:59 [ultranest] [DEBUG] iteration=1910, ncalls=19424, regioncalls=756560, ndraw=40, logz=-20.77, remainder_fraction=99.9686%, Lmin=-14.00, Lmax=-5.26
12:25:01 [ultranest] [DEBUG] iteration=1911, ncalls=19475, regioncalls=758600, ndraw=40, logz=-20.75, remainder_fraction=99.9679%, Lmin=-13.98, Lmax=-5.26
12:25:03 [ultranest] [DEBUG] iteration=1912, ncalls=19573, regioncalls=762520, ndraw=40, logz=-20.73, remainder_fraction=99.9682%, Lmin=-13.96, Lmax=-5.26
12:25:04 [ultranest] [DEBUG] iteration=1913, ncalls=19581, regioncalls=762840, ndraw=40, logz=-20.71, remainder_fraction=99.9675%, Lmin=-13.95, Lmax=-5.26
12:25:05 [ultranest] [DEBUG] iteration=1914, ncalls=19624, regioncalls=764560, ndraw=40, logz=-20.70, remainder_fraction=99.9669%, Lmin=-13.94, Lmax=-5.26
12:25:06 [ultranest] [DEBUG] iteration=1915, ncalls=19664, regioncalls=766160, ndraw=40, logz=-20.68, remainder_fraction=99.9662%, Lmin=-13.93, Lmax=-5.26
12:25:06 [ultranest] [DEBUG] iteration=1916, ncalls=19689, regioncalls=767160, ndraw=40, logz=-20.66, remainder_fraction=99.9655%, Lmin=-13.92, Lmax=-5.26
12:25:10 [ultranest] [DEBUG] iteration=1917, ncalls=19846, regioncalls=773440, ndraw=40, logz=-20.64, remainder_fraction=99.9647%, Lmin=-13.91, Lmax=-5.26
12:25:11 [ultranest] [DEBUG] iteration=1918, ncalls=19861, regioncalls=774040, ndraw=40, logz=-20.62, remainder_fraction=99.9640%, Lmin=-13.91, Lmax=-5.26
12:25:12 [ultranest] [DEBUG] iteration=1919, ncalls=19924, regioncalls=776560, ndraw=40, logz=-20.61, remainder_fraction=99.9633%, Lmin=-13.90, Lmax=-5.26
12:25:13 [ultranest] [DEBUG] iteration=1920, ncalls=19948, regioncalls=777520, ndraw=40, logz=-20.59, remainder_fraction=99.9626%, Lmin=-13.90, Lmax=-5.26
12:25:14 [ultranest] [DEBUG] iteration=1921, ncalls=20002, regioncalls=779680, ndraw=40, logz=-20.57, remainder_fraction=99.9619%, Lmin=-13.89, Lmax=-5.26
12:25:16 [ultranest] [DEBUG] iteration=1922, ncalls=20073, regioncalls=782520, ndraw=40, logz=-20.56, remainder_fraction=99.9612%, Lmin=-13.87, Lmax=-5.26
12:25:18 [ultranest] [DEBUG] iteration=1923, ncalls=20144, regioncalls=785360, ndraw=40, logz=-20.54, remainder_fraction=99.9611%, Lmin=-13.85, Lmax=-5.26
12:25:18 [ultranest] [DEBUG] iteration=1924, ncalls=20148, regioncalls=785520, ndraw=40, logz=-20.52, remainder_fraction=99.9604%, Lmin=-13.85, Lmax=-5.26
12:25:19 [ultranest] [DEBUG] iteration=1925, ncalls=20164, regioncalls=786160, ndraw=40, logz=-20.51, remainder_fraction=99.9597%, Lmin=-13.82, Lmax=-5.26
12:25:19 [ultranest] [DEBUG] iteration=1926, ncalls=20194, regioncalls=787360, ndraw=40, logz=-20.49, remainder_fraction=99.9589%, Lmin=-13.79, Lmax=-5.26
12:25:22 [ultranest] [DEBUG] iteration=1927, ncalls=20293, regioncalls=791320, ndraw=40, logz=-20.47, remainder_fraction=99.9582%, Lmin=-13.79, Lmax=-5.26
12:25:23 [ultranest] [DEBUG] iteration=1928, ncalls=20314, regioncalls=792160, ndraw=40, logz=-20.46, remainder_fraction=99.9574%, Lmin=-13.79, Lmax=-5.26
12:25:24 [ultranest] [DEBUG] iteration=1929, ncalls=20358, regioncalls=793920, ndraw=40, logz=-20.44, remainder_fraction=99.9566%, Lmin=-13.78, Lmax=-5.26
12:25:24 [ultranest] [DEBUG] iteration=1930, ncalls=20366, regioncalls=794240, ndraw=40, logz=-20.42, remainder_fraction=99.9558%, Lmin=-13.76, Lmax=-5.26
12:25:25 [ultranest] [DEBUG] iteration=1933, ncalls=20396, regioncalls=795440, ndraw=40, logz=-20.38, remainder_fraction=99.9534%, Lmin=-13.73, Lmax=-5.26
12:25:25 [ultranest] [DEBUG] iteration=1934, ncalls=20420, regioncalls=796400, ndraw=40, logz=-20.36, remainder_fraction=99.9526%, Lmin=-13.72, Lmax=-5.26
12:25:26 [ultranest] [DEBUG] iteration=1935, ncalls=20460, regioncalls=798000, ndraw=40, logz=-20.34, remainder_fraction=99.9517%, Lmin=-13.71, Lmax=-5.26
12:25:26 [ultranest] [DEBUG] iteration=1936, ncalls=20473, regioncalls=798520, ndraw=40, logz=-20.33, remainder_fraction=99.9508%, Lmin=-13.70, Lmax=-5.26
12:25:27 [ultranest] [DEBUG] iteration=1937, ncalls=20504, regioncalls=799760, ndraw=40, logz=-20.31, remainder_fraction=99.9501%, Lmin=-13.70, Lmax=-5.26
12:25:29 [ultranest] [DEBUG] iteration=1938, ncalls=20544, regioncalls=801360, ndraw=40, logz=-20.30, remainder_fraction=99.9492%, Lmin=-13.69, Lmax=-5.26
12:25:29 [ultranest] [DEBUG] iteration=1939, ncalls=20572, regioncalls=802480, ndraw=40, logz=-20.28, remainder_fraction=99.9483%, Lmin=-13.69, Lmax=-5.26
12:25:30 [ultranest] [DEBUG] iteration=1940, ncalls=20584, regioncalls=802960, ndraw=40, logz=-20.27, remainder_fraction=99.9479%, Lmin=-13.63, Lmax=-5.26
12:25:30 [ultranest] [DEBUG] iteration=1941, ncalls=20603, regioncalls=803720, ndraw=40, logz=-20.25, remainder_fraction=99.9469%, Lmin=-13.59, Lmax=-5.26
12:25:32 [ultranest] [DEBUG] iteration=1943, ncalls=20662, regioncalls=806080, ndraw=40, logz=-20.22, remainder_fraction=99.9450%, Lmin=-13.54, Lmax=-5.26
12:25:33 [ultranest] [DEBUG] iteration=1944, ncalls=20696, regioncalls=807440, ndraw=40, logz=-20.21, remainder_fraction=99.9440%, Lmin=-13.54, Lmax=-5.26
12:25:36 [ultranest] [DEBUG] iteration=1945, ncalls=20819, regioncalls=812360, ndraw=40, logz=-20.19, remainder_fraction=99.9429%, Lmin=-13.51, Lmax=-5.26
12:25:38 [ultranest] [DEBUG] iteration=1946, ncalls=20908, regioncalls=815920, ndraw=40, logz=-20.17, remainder_fraction=99.9419%, Lmin=-13.51, Lmax=-5.26
12:25:38 [ultranest] [DEBUG] iteration=1947, ncalls=20911, regioncalls=816040, ndraw=40, logz=-20.16, remainder_fraction=99.9408%, Lmin=-13.49, Lmax=-5.26
12:25:41 [ultranest] [DEBUG] iteration=1948, ncalls=21010, regioncalls=820000, ndraw=40, logz=-20.14, remainder_fraction=99.9398%, Lmin=-13.47, Lmax=-5.26
12:25:41 [ultranest] [DEBUG] iteration=1949, ncalls=21018, regioncalls=820320, ndraw=40, logz=-20.13, remainder_fraction=99.9402%, Lmin=-13.46, Lmax=-5.26
12:25:43 [ultranest] [DEBUG] iteration=1950, ncalls=21069, regioncalls=822360, ndraw=40, logz=-20.11, remainder_fraction=99.9391%, Lmin=-13.44, Lmax=-5.26
12:25:45 [ultranest] [DEBUG] iteration=1951, ncalls=21177, regioncalls=826680, ndraw=40, logz=-20.10, remainder_fraction=99.9381%, Lmin=-13.44, Lmax=-5.26
12:25:46 [ultranest] [DEBUG] iteration=1952, ncalls=21192, regioncalls=827280, ndraw=40, logz=-20.08, remainder_fraction=99.9372%, Lmin=-13.43, Lmax=-5.26
12:25:47 [ultranest] [DEBUG] iteration=1953, ncalls=21233, regioncalls=828920, ndraw=40, logz=-20.07, remainder_fraction=99.9362%, Lmin=-13.42, Lmax=-5.26
12:25:48 [ultranest] [DEBUG] iteration=1954, ncalls=21281, regioncalls=830840, ndraw=40, logz=-20.05, remainder_fraction=99.9357%, Lmin=-13.40, Lmax=-5.26
12:25:49 [ultranest] [DEBUG] iteration=1956, ncalls=21322, regioncalls=832480, ndraw=40, logz=-20.02, remainder_fraction=99.9334%, Lmin=-13.37, Lmax=-5.26
12:25:49 [ultranest] [DEBUG] iteration=1957, ncalls=21331, regioncalls=832840, ndraw=40, logz=-20.01, remainder_fraction=99.9323%, Lmin=-13.34, Lmax=-5.26
12:25:50 [ultranest] [DEBUG] iteration=1958, ncalls=21366, regioncalls=834240, ndraw=40, logz=-19.99, remainder_fraction=99.9311%, Lmin=-13.31, Lmax=-5.26
12:25:50 [ultranest] [DEBUG] iteration=1959, ncalls=21385, regioncalls=835000, ndraw=40, logz=-19.98, remainder_fraction=99.9299%, Lmin=-13.29, Lmax=-5.26
12:25:53 [ultranest] [DEBUG] iteration=1960, ncalls=21478, regioncalls=838720, ndraw=40, logz=-19.96, remainder_fraction=99.9286%, Lmin=-13.26, Lmax=-5.26
12:25:58 [ultranest] [DEBUG] iteration=1961, ncalls=21683, regioncalls=846920, ndraw=40, logz=-19.95, remainder_fraction=99.9274%, Lmin=-13.25, Lmax=-5.26
12:26:01 [ultranest] [DEBUG] iteration=1962, ncalls=21799, regioncalls=851560, ndraw=40, logz=-19.93, remainder_fraction=99.9262%, Lmin=-13.25, Lmax=-5.26
12:26:03 [ultranest] [DEBUG] iteration=1963, ncalls=21880, regioncalls=854800, ndraw=40, logz=-19.92, remainder_fraction=99.9249%, Lmin=-13.25, Lmax=-5.26
12:26:05 [ultranest] [DEBUG] iteration=1964, ncalls=21960, regioncalls=858000, ndraw=40, logz=-19.90, remainder_fraction=99.9237%, Lmin=-13.25, Lmax=-5.26
12:26:09 [ultranest] [DEBUG] iteration=1965, ncalls=22102, regioncalls=863680, ndraw=40, logz=-19.89, remainder_fraction=99.9225%, Lmin=-13.24, Lmax=-5.26
12:26:11 [ultranest] [DEBUG] iteration=1966, ncalls=22206, regioncalls=867840, ndraw=40, logz=-19.87, remainder_fraction=99.9212%, Lmin=-13.22, Lmax=-5.26
12:26:17 [ultranest] [DEBUG] iteration=1967, ncalls=22402, regioncalls=875680, ndraw=40, logz=-19.86, remainder_fraction=99.9199%, Lmin=-13.21, Lmax=-5.26
12:26:18 [ultranest] [DEBUG] iteration=1968, ncalls=22456, regioncalls=877840, ndraw=40, logz=-19.84, remainder_fraction=99.9185%, Lmin=-13.20, Lmax=-5.26
12:26:20 [ultranest] [DEBUG] iteration=1969, ncalls=22526, regioncalls=880640, ndraw=40, logz=-19.83, remainder_fraction=99.9173%, Lmin=-13.18, Lmax=-5.26
12:26:21 [ultranest] [DEBUG] iteration=1970, ncalls=22567, regioncalls=882280, ndraw=40, logz=-19.81, remainder_fraction=99.9159%, Lmin=-13.18, Lmax=-5.26
12:26:22 [ultranest] [DEBUG] iteration=1971, ncalls=22606, regioncalls=883840, ndraw=40, logz=-19.80, remainder_fraction=99.9145%, Lmin=-13.17, Lmax=-5.26
12:26:24 [ultranest] [DEBUG] iteration=1972, ncalls=22688, regioncalls=887120, ndraw=40, logz=-19.79, remainder_fraction=99.9133%, Lmin=-13.12, Lmax=-5.26
12:26:24 [ultranest] [DEBUG] iteration=1973, ncalls=22709, regioncalls=887960, ndraw=40, logz=-19.77, remainder_fraction=99.9143%, Lmin=-13.09, Lmax=-5.26
12:26:25 [ultranest] [DEBUG] iteration=1974, ncalls=22722, regioncalls=888480, ndraw=40, logz=-19.76, remainder_fraction=99.9128%, Lmin=-13.04, Lmax=-5.26
12:26:25 [ultranest] [DEBUG] iteration=1975, ncalls=22738, regioncalls=889120, ndraw=40, logz=-19.74, remainder_fraction=99.9113%, Lmin=-13.04, Lmax=-5.26
12:26:26 [ultranest] [DEBUG] iteration=1976, ncalls=22768, regioncalls=890320, ndraw=40, logz=-19.73, remainder_fraction=99.9097%, Lmin=-13.02, Lmax=-5.26
12:26:28 [ultranest] [DEBUG] iteration=1977, ncalls=22838, regioncalls=893120, ndraw=40, logz=-19.71, remainder_fraction=99.9082%, Lmin=-12.99, Lmax=-5.26
12:26:28 [ultranest] [DEBUG] iteration=1978, ncalls=22845, regioncalls=893400, ndraw=40, logz=-19.70, remainder_fraction=99.9083%, Lmin=-12.99, Lmax=-5.26
12:26:28 [ultranest] [DEBUG] iteration=1979, ncalls=22862, regioncalls=894080, ndraw=40, logz=-19.68, remainder_fraction=99.9069%, Lmin=-12.98, Lmax=-5.26
12:26:31 [ultranest] [DEBUG] iteration=1980, ncalls=22972, regioncalls=898480, ndraw=40, logz=-19.67, remainder_fraction=99.9053%, Lmin=-12.96, Lmax=-5.26
12:26:32 [ultranest] [DEBUG] iteration=1981, ncalls=23001, regioncalls=899640, ndraw=40, logz=-19.65, remainder_fraction=99.9044%, Lmin=-12.93, Lmax=-5.26
12:26:34 [ultranest] [DEBUG] iteration=1982, ncalls=23063, regioncalls=902120, ndraw=40, logz=-19.64, remainder_fraction=99.9027%, Lmin=-12.93, Lmax=-5.26
12:26:35 [ultranest] [DEBUG] iteration=1983, ncalls=23127, regioncalls=904680, ndraw=40, logz=-19.62, remainder_fraction=99.9012%, Lmin=-12.92, Lmax=-5.26
12:26:40 [ultranest] [DEBUG] iteration=1984, ncalls=23327, regioncalls=912680, ndraw=40, logz=-19.61, remainder_fraction=99.8998%, Lmin=-12.91, Lmax=-5.26
12:26:41 [ultranest] [DEBUG] iteration=1985, ncalls=23358, regioncalls=913920, ndraw=40, logz=-19.59, remainder_fraction=99.8981%, Lmin=-12.89, Lmax=-5.26
12:26:46 [ultranest] [DEBUG] iteration=1986, ncalls=23520, regioncalls=920400, ndraw=40, logz=-19.58, remainder_fraction=99.8964%, Lmin=-12.87, Lmax=-5.26
12:26:47 [ultranest] [DEBUG] iteration=1987, ncalls=23558, regioncalls=921920, ndraw=40, logz=-19.56, remainder_fraction=99.8948%, Lmin=-12.86, Lmax=-5.26
12:26:48 [ultranest] [DEBUG] iteration=1988, ncalls=23596, regioncalls=923440, ndraw=40, logz=-19.55, remainder_fraction=99.8930%, Lmin=-12.84, Lmax=-5.26
12:26:48 [ultranest] [DEBUG] iteration=1989, ncalls=23599, regioncalls=923560, ndraw=40, logz=-19.53, remainder_fraction=99.8920%, Lmin=-12.84, Lmax=-5.26
12:26:49 [ultranest] [DEBUG] iteration=1990, ncalls=23642, regioncalls=925280, ndraw=40, logz=-19.52, remainder_fraction=99.8905%, Lmin=-12.84, Lmax=-5.26
12:26:50 [ultranest] [DEBUG] iteration=1991, ncalls=23699, regioncalls=927560, ndraw=40, logz=-19.51, remainder_fraction=99.8886%, Lmin=-12.84, Lmax=-5.26
12:26:52 [ultranest] [DEBUG] iteration=1992, ncalls=23779, regioncalls=930760, ndraw=40, logz=-19.49, remainder_fraction=99.8868%, Lmin=-12.79, Lmax=-5.26
12:26:54 [ultranest] [DEBUG] iteration=1993, ncalls=23846, regioncalls=933440, ndraw=40, logz=-19.48, remainder_fraction=99.8849%, Lmin=-12.76, Lmax=-5.26
12:26:56 [ultranest] [DEBUG] iteration=1994, ncalls=23935, regioncalls=937000, ndraw=40, logz=-19.46, remainder_fraction=99.8830%, Lmin=-12.75, Lmax=-5.26
12:26:57 [ultranest] [DEBUG] iteration=1995, ncalls=23948, regioncalls=937520, ndraw=40, logz=-19.45, remainder_fraction=99.8813%, Lmin=-12.73, Lmax=-5.26
12:26:59 [ultranest] [DEBUG] iteration=1996, ncalls=24024, regioncalls=940560, ndraw=40, logz=-19.43, remainder_fraction=99.8793%, Lmin=-12.68, Lmax=-5.26
12:27:00 [ultranest] [DEBUG] iteration=1997, ncalls=24060, regioncalls=942000, ndraw=40, logz=-19.42, remainder_fraction=99.8772%, Lmin=-12.68, Lmax=-5.26
12:27:00 [ultranest] [DEBUG] iteration=1998, ncalls=24077, regioncalls=942680, ndraw=40, logz=-19.41, remainder_fraction=99.8750%, Lmin=-12.68, Lmax=-5.26
12:27:01 [ultranest] [DEBUG] iteration=1999, ncalls=24127, regioncalls=944680, ndraw=40, logz=-19.39, remainder_fraction=99.8729%, Lmin=-12.68, Lmax=-5.26
12:27:02 [ultranest] [DEBUG] iteration=2000, ncalls=24163, regioncalls=946120, ndraw=40, logz=-19.38, remainder_fraction=99.8722%, Lmin=-12.65, Lmax=-5.26
12:27:03 [ultranest] [DEBUG] iteration=2001, ncalls=24184, regioncalls=946960, ndraw=40, logz=-19.36, remainder_fraction=99.8701%, Lmin=-12.65, Lmax=-5.26
12:27:04 [ultranest] [DEBUG] iteration=2002, ncalls=24219, regioncalls=948360, ndraw=40, logz=-19.35, remainder_fraction=99.8679%, Lmin=-12.63, Lmax=-5.26
12:27:06 [ultranest] [DEBUG] iteration=2003, ncalls=24307, regioncalls=951880, ndraw=40, logz=-19.33, remainder_fraction=99.8660%, Lmin=-12.60, Lmax=-5.26
12:27:06 [ultranest] [DEBUG] iteration=2004, ncalls=24320, regioncalls=952400, ndraw=40, logz=-19.32, remainder_fraction=99.8639%, Lmin=-12.56, Lmax=-5.26
12:27:07 [ultranest] [DEBUG] iteration=2005, ncalls=24339, regioncalls=953160, ndraw=40, logz=-19.30, remainder_fraction=99.8616%, Lmin=-12.54, Lmax=-5.26
12:27:07 [ultranest] [DEBUG] iteration=2006, ncalls=24353, regioncalls=953720, ndraw=40, logz=-19.29, remainder_fraction=99.8592%, Lmin=-12.51, Lmax=-5.26
12:27:09 [ultranest] [DEBUG] iteration=2007, ncalls=24420, regioncalls=956400, ndraw=40, logz=-19.27, remainder_fraction=99.8567%, Lmin=-12.50, Lmax=-5.26
12:27:13 [ultranest] [DEBUG] iteration=2008, ncalls=24577, regioncalls=962680, ndraw=40, logz=-19.26, remainder_fraction=99.8544%, Lmin=-12.50, Lmax=-5.26
12:27:17 [ultranest] [DEBUG] iteration=2010, ncalls=24727, regioncalls=968680, ndraw=40, logz=-19.23, remainder_fraction=99.8501%, Lmin=-12.47, Lmax=-5.26
12:27:17 [ultranest] [DEBUG] iteration=2011, ncalls=24731, regioncalls=968840, ndraw=40, logz=-19.22, remainder_fraction=99.8475%, Lmin=-12.43, Lmax=-5.26
12:27:17 [ultranest] [DEBUG] iteration=2012, ncalls=24743, regioncalls=969320, ndraw=40, logz=-19.20, remainder_fraction=99.8449%, Lmin=-12.43, Lmax=-5.26
12:27:18 [ultranest] [DEBUG] iteration=2013, ncalls=24749, regioncalls=969560, ndraw=40, logz=-19.19, remainder_fraction=99.8422%, Lmin=-12.42, Lmax=-5.26
12:27:19 [ultranest] [DEBUG] iteration=2014, ncalls=24803, regioncalls=971720, ndraw=40, logz=-19.17, remainder_fraction=99.8397%, Lmin=-12.40, Lmax=-5.26
12:27:21 [ultranest] [DEBUG] iteration=2015, ncalls=24879, regioncalls=974760, ndraw=40, logz=-19.16, remainder_fraction=99.8374%, Lmin=-12.38, Lmax=-5.26
12:27:26 [ultranest] [DEBUG] iteration=2016, ncalls=25059, regioncalls=981960, ndraw=40, logz=-19.14, remainder_fraction=99.8353%, Lmin=-12.37, Lmax=-5.26
12:27:26 [ultranest] [DEBUG] iteration=2017, ncalls=25089, regioncalls=983160, ndraw=40, logz=-19.13, remainder_fraction=99.8326%, Lmin=-12.34, Lmax=-5.26
12:27:27 [ultranest] [DEBUG] iteration=2018, ncalls=25096, regioncalls=983440, ndraw=40, logz=-19.11, remainder_fraction=99.8304%, Lmin=-12.32, Lmax=-5.26
12:27:27 [ultranest] [DEBUG] iteration=2019, ncalls=25105, regioncalls=983800, ndraw=40, logz=-19.10, remainder_fraction=99.8275%, Lmin=-12.30, Lmax=-5.26
12:27:30 [ultranest] [DEBUG] iteration=2020, ncalls=25208, regioncalls=987920, ndraw=40, logz=-19.08, remainder_fraction=99.8245%, Lmin=-12.30, Lmax=-5.26
12:27:32 [ultranest] [DEBUG] iteration=2021, ncalls=25270, regioncalls=990400, ndraw=40, logz=-19.07, remainder_fraction=99.8217%, Lmin=-12.29, Lmax=-5.26
12:27:33 [ultranest] [DEBUG] iteration=2022, ncalls=25311, regioncalls=992040, ndraw=40, logz=-19.06, remainder_fraction=99.8187%, Lmin=-12.29, Lmax=-5.26
12:27:34 [ultranest] [DEBUG] iteration=2023, ncalls=25357, regioncalls=993880, ndraw=40, logz=-19.04, remainder_fraction=99.8167%, Lmin=-12.27, Lmax=-5.26
12:27:36 [ultranest] [DEBUG] iteration=2024, ncalls=25438, regioncalls=997120, ndraw=40, logz=-19.03, remainder_fraction=99.8137%, Lmin=-12.26, Lmax=-5.26
12:27:38 [ultranest] [DEBUG] iteration=2025, ncalls=25522, regioncalls=1000480, ndraw=40, logz=-19.01, remainder_fraction=99.8106%, Lmin=-12.26, Lmax=-5.26
12:27:40 [ultranest] [DEBUG] iteration=2027, ncalls=25566, regioncalls=1002240, ndraw=40, logz=-18.99, remainder_fraction=99.8055%, Lmin=-12.26, Lmax=-5.26
12:27:41 [ultranest] [DEBUG] iteration=2028, ncalls=25602, regioncalls=1003680, ndraw=40, logz=-18.97, remainder_fraction=99.8024%, Lmin=-12.24, Lmax=-5.26
12:27:45 [ultranest] [DEBUG] iteration=2029, ncalls=25756, regioncalls=1009840, ndraw=40, logz=-18.96, remainder_fraction=99.7994%, Lmin=-12.22, Lmax=-5.26
12:27:46 [ultranest] [DEBUG] iteration=2030, ncalls=25771, regioncalls=1010440, ndraw=40, logz=-18.95, remainder_fraction=99.7962%, Lmin=-12.22, Lmax=-5.26
12:27:46 [ultranest] [DEBUG] iteration=2031, ncalls=25777, regioncalls=1010680, ndraw=40, logz=-18.93, remainder_fraction=99.7939%, Lmin=-12.21, Lmax=-5.26
12:27:47 [ultranest] [DEBUG] iteration=2032, ncalls=25810, regioncalls=1012000, ndraw=40, logz=-18.92, remainder_fraction=99.7907%, Lmin=-12.21, Lmax=-5.26
12:27:48 [ultranest] [DEBUG] iteration=2033, ncalls=25845, regioncalls=1013400, ndraw=40, logz=-18.91, remainder_fraction=99.7874%, Lmin=-12.16, Lmax=-5.26
12:27:48 [ultranest] [DEBUG] iteration=2034, ncalls=25879, regioncalls=1014760, ndraw=40, logz=-18.89, remainder_fraction=99.7844%, Lmin=-12.15, Lmax=-5.26
12:27:49 [ultranest] [DEBUG] iteration=2035, ncalls=25916, regioncalls=1016240, ndraw=40, logz=-18.88, remainder_fraction=99.7858%, Lmin=-12.14, Lmax=-5.26
12:27:50 [ultranest] [DEBUG] iteration=2036, ncalls=25933, regioncalls=1016920, ndraw=40, logz=-18.87, remainder_fraction=99.7847%, Lmin=-12.13, Lmax=-5.26
12:27:50 [ultranest] [DEBUG] iteration=2037, ncalls=25939, regioncalls=1017160, ndraw=40, logz=-18.85, remainder_fraction=99.7815%, Lmin=-12.11, Lmax=-5.26
12:27:50 [ultranest] [DEBUG] iteration=2038, ncalls=25950, regioncalls=1017600, ndraw=40, logz=-18.84, remainder_fraction=99.7781%, Lmin=-12.11, Lmax=-5.26
12:27:52 [ultranest] [DEBUG] iteration=2039, ncalls=26000, regioncalls=1019600, ndraw=40, logz=-18.83, remainder_fraction=99.7747%, Lmin=-12.11, Lmax=-5.26
12:27:52 [ultranest] [DEBUG] iteration=2040, ncalls=26024, regioncalls=1020560, ndraw=40, logz=-18.81, remainder_fraction=99.7716%, Lmin=-12.10, Lmax=-5.26
12:27:55 [ultranest] [DEBUG] iteration=2041, ncalls=26124, regioncalls=1024560, ndraw=40, logz=-18.80, remainder_fraction=99.7685%, Lmin=-12.09, Lmax=-5.26
12:27:55 [ultranest] [DEBUG] iteration=2042, ncalls=26144, regioncalls=1025360, ndraw=40, logz=-18.79, remainder_fraction=99.7651%, Lmin=-12.07, Lmax=-5.26
12:27:59 [ultranest] [DEBUG] iteration=2043, ncalls=26255, regioncalls=1029800, ndraw=40, logz=-18.77, remainder_fraction=99.7616%, Lmin=-12.00, Lmax=-5.26
12:28:03 [ultranest] [DEBUG] iteration=2044, ncalls=26411, regioncalls=1036040, ndraw=40, logz=-18.76, remainder_fraction=99.7583%, Lmin=-11.94, Lmax=-5.26
12:28:05 [ultranest] [DEBUG] iteration=2045, ncalls=26479, regioncalls=1038760, ndraw=40, logz=-18.75, remainder_fraction=99.7545%, Lmin=-11.93, Lmax=-5.26
12:28:07 [ultranest] [DEBUG] iteration=2046, ncalls=26539, regioncalls=1041160, ndraw=40, logz=-18.73, remainder_fraction=99.7510%, Lmin=-11.92, Lmax=-5.26
12:28:08 [ultranest] [DEBUG] iteration=2047, ncalls=26599, regioncalls=1043560, ndraw=40, logz=-18.72, remainder_fraction=99.7469%, Lmin=-11.87, Lmax=-5.26
12:28:10 [ultranest] [DEBUG] iteration=2048, ncalls=26656, regioncalls=1045840, ndraw=40, logz=-18.70, remainder_fraction=99.7434%, Lmin=-11.86, Lmax=-5.26
12:28:13 [ultranest] [DEBUG] iteration=2049, ncalls=26752, regioncalls=1049680, ndraw=40, logz=-18.69, remainder_fraction=99.7390%, Lmin=-11.86, Lmax=-5.26
12:28:13 [ultranest] [DEBUG] iteration=2050, ncalls=26774, regioncalls=1050560, ndraw=40, logz=-18.68, remainder_fraction=99.7348%, Lmin=-11.86, Lmax=-5.23
12:28:17 [ultranest] [DEBUG] iteration=2051, ncalls=26930, regioncalls=1056800, ndraw=40, logz=-18.66, remainder_fraction=99.7305%, Lmin=-11.83, Lmax=-5.23
12:28:19 [ultranest] [DEBUG] iteration=2052, ncalls=26989, regioncalls=1059160, ndraw=40, logz=-18.65, remainder_fraction=99.7335%, Lmin=-11.83, Lmax=-5.23
12:28:19 [ultranest] [DEBUG] iteration=2053, ncalls=26992, regioncalls=1059280, ndraw=40, logz=-18.63, remainder_fraction=99.7291%, Lmin=-11.83, Lmax=-5.23
12:28:20 [ultranest] [DEBUG] iteration=2054, ncalls=27013, regioncalls=1060120, ndraw=40, logz=-18.62, remainder_fraction=99.7247%, Lmin=-11.81, Lmax=-5.23
12:28:21 [ultranest] [DEBUG] iteration=2055, ncalls=27073, regioncalls=1062520, ndraw=40, logz=-18.61, remainder_fraction=99.7205%, Lmin=-11.79, Lmax=-5.23
12:28:26 [ultranest] [DEBUG] iteration=2056, ncalls=27258, regioncalls=1069920, ndraw=40, logz=-18.59, remainder_fraction=99.7165%, Lmin=-11.77, Lmax=-5.23
12:28:29 [ultranest] [DEBUG] iteration=2057, ncalls=27382, regioncalls=1074880, ndraw=40, logz=-18.58, remainder_fraction=99.7121%, Lmin=-11.76, Lmax=-5.23
12:28:33 [ultranest] [DEBUG] iteration=2058, ncalls=27517, regioncalls=1080280, ndraw=40, logz=-18.57, remainder_fraction=99.7075%, Lmin=-11.73, Lmax=-5.23
12:28:35 [ultranest] [DEBUG] iteration=2059, ncalls=27601, regioncalls=1083640, ndraw=40, logz=-18.55, remainder_fraction=99.7062%, Lmin=-11.72, Lmax=-5.23
12:28:37 [ultranest] [DEBUG] iteration=2060, ncalls=27682, regioncalls=1086880, ndraw=40, logz=-18.54, remainder_fraction=99.7014%, Lmin=-11.71, Lmax=-5.23
12:28:41 [ultranest] [DEBUG] iteration=2061, ncalls=27802, regioncalls=1091680, ndraw=40, logz=-18.52, remainder_fraction=99.6967%, Lmin=-11.71, Lmax=-5.23
12:28:41 [ultranest] [DEBUG] iteration=2062, ncalls=27824, regioncalls=1092560, ndraw=40, logz=-18.51, remainder_fraction=99.6929%, Lmin=-11.65, Lmax=-5.23
12:28:43 [ultranest] [DEBUG] iteration=2063, ncalls=27871, regioncalls=1094440, ndraw=40, logz=-18.50, remainder_fraction=99.6884%, Lmin=-11.65, Lmax=-5.23
12:28:46 [ultranest] [DEBUG] iteration=2064, ncalls=27989, regioncalls=1099160, ndraw=40, logz=-18.48, remainder_fraction=99.6836%, Lmin=-11.65, Lmax=-5.23
12:28:49 [ultranest] [DEBUG] iteration=2065, ncalls=28123, regioncalls=1104520, ndraw=40, logz=-18.47, remainder_fraction=99.6785%, Lmin=-11.64, Lmax=-5.23
12:28:51 [ultranest] [DEBUG] iteration=2066, ncalls=28181, regioncalls=1106840, ndraw=40, logz=-18.46, remainder_fraction=99.6783%, Lmin=-11.63, Lmax=-5.23
12:28:53 [ultranest] [DEBUG] iteration=2067, ncalls=28265, regioncalls=1110200, ndraw=40, logz=-18.44, remainder_fraction=99.6736%, Lmin=-11.62, Lmax=-5.23
12:28:55 [ultranest] [DEBUG] iteration=2068, ncalls=28344, regioncalls=1113360, ndraw=40, logz=-18.43, remainder_fraction=99.6692%, Lmin=-11.60, Lmax=-5.23
12:28:56 [ultranest] [DEBUG] iteration=2069, ncalls=28356, regioncalls=1113840, ndraw=40, logz=-18.41, remainder_fraction=99.6639%, Lmin=-11.57, Lmax=-5.23
12:28:57 [ultranest] [DEBUG] iteration=2070, ncalls=28406, regioncalls=1115840, ndraw=40, logz=-18.40, remainder_fraction=99.6584%, Lmin=-11.57, Lmax=-5.23
12:28:58 [ultranest] [DEBUG] iteration=2071, ncalls=28449, regioncalls=1117560, ndraw=40, logz=-18.39, remainder_fraction=99.6532%, Lmin=-11.57, Lmax=-5.23
12:29:00 [ultranest] [DEBUG] iteration=2072, ncalls=28520, regioncalls=1120400, ndraw=40, logz=-18.37, remainder_fraction=99.6477%, Lmin=-11.55, Lmax=-5.23
12:29:01 [ultranest] [DEBUG] iteration=2073, ncalls=28567, regioncalls=1122280, ndraw=40, logz=-18.36, remainder_fraction=99.6441%, Lmin=-11.53, Lmax=-5.23
12:29:02 [ultranest] [DEBUG] iteration=2074, ncalls=28615, regioncalls=1124200, ndraw=40, logz=-18.35, remainder_fraction=99.6393%, Lmin=-11.53, Lmax=-5.23
12:29:06 [ultranest] [DEBUG] iteration=2075, ncalls=28727, regioncalls=1128680, ndraw=40, logz=-18.34, remainder_fraction=99.6337%, Lmin=-11.53, Lmax=-5.23
12:29:07 [ultranest] [DEBUG] iteration=2076, ncalls=28771, regioncalls=1130440, ndraw=40, logz=-18.32, remainder_fraction=99.6284%, Lmin=-11.50, Lmax=-5.23
12:29:07 [ultranest] [DEBUG] iteration=2077, ncalls=28777, regioncalls=1130680, ndraw=40, logz=-18.31, remainder_fraction=99.6227%, Lmin=-11.50, Lmax=-5.23
12:29:08 [ultranest] [DEBUG] iteration=2078, ncalls=28822, regioncalls=1132480, ndraw=40, logz=-18.30, remainder_fraction=99.6170%, Lmin=-11.47, Lmax=-5.23
12:29:10 [ultranest] [DEBUG] iteration=2079, ncalls=28865, regioncalls=1134200, ndraw=40, logz=-18.28, remainder_fraction=99.6120%, Lmin=-11.45, Lmax=-5.23
12:29:14 [ultranest] [DEBUG] iteration=2080, ncalls=29031, regioncalls=1140840, ndraw=40, logz=-18.27, remainder_fraction=99.6062%, Lmin=-11.44, Lmax=-5.23
12:29:18 [ultranest] [DEBUG] iteration=2081, ncalls=29152, regioncalls=1145680, ndraw=40, logz=-18.26, remainder_fraction=99.6006%, Lmin=-11.43, Lmax=-5.23
12:29:19 [ultranest] [DEBUG] iteration=2082, ncalls=29184, regioncalls=1146960, ndraw=40, logz=-18.24, remainder_fraction=99.5974%, Lmin=-11.42, Lmax=-5.23
12:29:20 [ultranest] [DEBUG] iteration=2083, ncalls=29218, regioncalls=1148320, ndraw=40, logz=-18.23, remainder_fraction=99.5912%, Lmin=-11.42, Lmax=-5.23
12:29:22 [ultranest] [DEBUG] iteration=2084, ncalls=29318, regioncalls=1152320, ndraw=40, logz=-18.22, remainder_fraction=99.5850%, Lmin=-11.41, Lmax=-5.23
12:29:23 [ultranest] [DEBUG] iteration=2085, ncalls=29322, regioncalls=1152480, ndraw=40, logz=-18.21, remainder_fraction=99.5818%, Lmin=-11.37, Lmax=-5.23
12:29:24 [ultranest] [DEBUG] iteration=2086, ncalls=29380, regioncalls=1154800, ndraw=40, logz=-18.19, remainder_fraction=99.5757%, Lmin=-11.35, Lmax=-5.23
12:29:30 [ultranest] [DEBUG] iteration=2087, ncalls=29607, regioncalls=1163880, ndraw=40, logz=-18.18, remainder_fraction=99.5696%, Lmin=-11.33, Lmax=-5.23
12:29:37 [ultranest] [DEBUG] iteration=2088, ncalls=29860, regioncalls=1174000, ndraw=40, logz=-18.17, remainder_fraction=99.5629%, Lmin=-11.31, Lmax=-5.23
12:29:38 [ultranest] [DEBUG] iteration=2089, ncalls=29887, regioncalls=1175080, ndraw=40, logz=-18.15, remainder_fraction=99.5563%, Lmin=-11.31, Lmax=-5.23
12:29:38 [ultranest] [DEBUG] iteration=2090, ncalls=29890, regioncalls=1175200, ndraw=40, logz=-18.14, remainder_fraction=99.5494%, Lmin=-11.30, Lmax=-5.23
12:29:38 [ultranest] [DEBUG] iteration=2091, ncalls=29892, regioncalls=1175280, ndraw=40, logz=-18.13, remainder_fraction=99.5427%, Lmin=-11.26, Lmax=-5.23
12:29:39 [ultranest] [DEBUG] iteration=2092, ncalls=29921, regioncalls=1176640, ndraw=40, logz=-18.11, remainder_fraction=99.5356%, Lmin=-11.26, Lmax=-5.23
12:29:40 [ultranest] [DEBUG] iteration=2093, ncalls=29948, regioncalls=1177800, ndraw=40, logz=-18.10, remainder_fraction=99.5285%, Lmin=-11.25, Lmax=-5.23
12:29:40 [ultranest] [DEBUG] iteration=2095, ncalls=29960, regioncalls=1178280, ndraw=40, logz=-18.08, remainder_fraction=99.5208%, Lmin=-11.24, Lmax=-5.23
12:29:41 [ultranest] [DEBUG] iteration=2097, ncalls=29987, regioncalls=1179360, ndraw=40, logz=-18.05, remainder_fraction=99.5069%, Lmin=-11.22, Lmax=-5.23
12:29:41 [ultranest] [DEBUG] iteration=2098, ncalls=29992, regioncalls=1179760, ndraw=40, logz=-18.04, remainder_fraction=99.4995%, Lmin=-11.19, Lmax=-5.23
12:29:41 [ultranest] [DEBUG] iteration=2100, ncalls=29997, regioncalls=1179960, ndraw=40, logz=-18.01, remainder_fraction=99.4842%, Lmin=-11.17, Lmax=-5.23
12:29:41 [ultranest] [DEBUG] iteration=2102, ncalls=30005, regioncalls=1180400, ndraw=40, logz=-17.99, remainder_fraction=99.4714%, Lmin=-11.12, Lmax=-5.23
12:29:42 [ultranest] [DEBUG] iteration=2103, ncalls=30021, regioncalls=1181040, ndraw=40, logz=-17.97, remainder_fraction=99.4636%, Lmin=-11.12, Lmax=-5.23
12:29:43 [ultranest] [DEBUG] iteration=2105, ncalls=30045, regioncalls=1182000, ndraw=40, logz=-17.95, remainder_fraction=99.4513%, Lmin=-11.11, Lmax=-5.23
12:29:43 [ultranest] [DEBUG] iteration=2106, ncalls=30054, regioncalls=1182360, ndraw=40, logz=-17.94, remainder_fraction=99.4492%, Lmin=-11.10, Lmax=-5.23
12:29:43 [ultranest] [DEBUG] iteration=2107, ncalls=30061, regioncalls=1182640, ndraw=40, logz=-17.92, remainder_fraction=99.4414%, Lmin=-11.10, Lmax=-5.23
12:29:43 [ultranest] [DEBUG] iteration=2108, ncalls=30071, regioncalls=1183040, ndraw=40, logz=-17.91, remainder_fraction=99.4332%, Lmin=-11.10, Lmax=-5.23
12:29:43 [ultranest] [DEBUG] iteration=2109, ncalls=30075, regioncalls=1183200, ndraw=40, logz=-17.90, remainder_fraction=99.4250%, Lmin=-11.08, Lmax=-5.23
12:29:44 [ultranest] [DEBUG] iteration=2110, ncalls=30078, regioncalls=1183320, ndraw=40, logz=-17.89, remainder_fraction=99.4168%, Lmin=-11.06, Lmax=-5.23
12:29:44 [ultranest] [DEBUG] iteration=2111, ncalls=30082, regioncalls=1183760, ndraw=40, logz=-17.88, remainder_fraction=99.4086%, Lmin=-11.04, Lmax=-5.23
12:29:44 [ultranest] [DEBUG] iteration=2113, ncalls=30090, regioncalls=1184120, ndraw=40, logz=-17.85, remainder_fraction=99.3913%, Lmin=-11.03, Lmax=-5.23
12:29:44 [ultranest] [DEBUG] iteration=2114, ncalls=30095, regioncalls=1184320, ndraw=40, logz=-17.84, remainder_fraction=99.3826%, Lmin=-11.00, Lmax=-5.23
12:29:45 [ultranest] [DEBUG] iteration=2115, ncalls=30115, regioncalls=1185280, ndraw=40, logz=-17.83, remainder_fraction=99.3742%, Lmin=-11.00, Lmax=-5.23
12:29:45 [ultranest] [DEBUG] iteration=2116, ncalls=30123, regioncalls=1185600, ndraw=40, logz=-17.82, remainder_fraction=99.3665%, Lmin=-11.00, Lmax=-5.23
12:29:45 [ultranest] [DEBUG] iteration=2118, ncalls=30130, regioncalls=1186240, ndraw=40, logz=-17.79, remainder_fraction=99.3497%, Lmin=-10.98, Lmax=-5.23
12:29:45 [ultranest] [DEBUG] iteration=2120, ncalls=30137, regioncalls=1186520, ndraw=40, logz=-17.77, remainder_fraction=99.3338%, Lmin=-10.97, Lmax=-5.23
12:29:46 [ultranest] [DEBUG] iteration=2121, ncalls=30144, regioncalls=1186800, ndraw=40, logz=-17.76, remainder_fraction=99.3252%, Lmin=-10.96, Lmax=-5.23
12:29:46 [ultranest] [DEBUG] iteration=2122, ncalls=30159, regioncalls=1187800, ndraw=40, logz=-17.75, remainder_fraction=99.3158%, Lmin=-10.92, Lmax=-5.23
12:29:46 [ultranest] [DEBUG] iteration=2123, ncalls=30168, regioncalls=1188160, ndraw=40, logz=-17.73, remainder_fraction=99.3061%, Lmin=-10.92, Lmax=-5.23
12:29:47 [ultranest] [DEBUG] iteration=2124, ncalls=30204, regioncalls=1189600, ndraw=40, logz=-17.72, remainder_fraction=99.3001%, Lmin=-10.91, Lmax=-5.23
12:29:48 [ultranest] [DEBUG] iteration=2125, ncalls=30216, regioncalls=1190160, ndraw=40, logz=-17.71, remainder_fraction=99.2904%, Lmin=-10.89, Lmax=-5.23
12:29:48 [ultranest] [DEBUG] iteration=2126, ncalls=30230, regioncalls=1190880, ndraw=40, logz=-17.70, remainder_fraction=99.2819%, Lmin=-10.88, Lmax=-5.23
12:29:49 [ultranest] [DEBUG] iteration=2127, ncalls=30266, regioncalls=1192680, ndraw=40, logz=-17.69, remainder_fraction=99.2844%, Lmin=-10.86, Lmax=-5.23
12:29:49 [ultranest] [DEBUG] iteration=2128, ncalls=30270, regioncalls=1192840, ndraw=40, logz=-17.68, remainder_fraction=99.2839%, Lmin=-10.86, Lmax=-5.23
12:29:50 [ultranest] [DEBUG] iteration=2129, ncalls=30284, regioncalls=1193400, ndraw=40, logz=-17.67, remainder_fraction=99.2740%, Lmin=-10.85, Lmax=-5.23
12:29:50 [ultranest] [DEBUG] iteration=2130, ncalls=30301, regioncalls=1194160, ndraw=40, logz=-17.65, remainder_fraction=99.2643%, Lmin=-10.84, Lmax=-5.23
12:29:51 [ultranest] [DEBUG] iteration=2131, ncalls=30323, regioncalls=1195040, ndraw=40, logz=-17.64, remainder_fraction=99.2594%, Lmin=-10.84, Lmax=-5.23
12:29:51 [ultranest] [DEBUG] iteration=2132, ncalls=30334, regioncalls=1195480, ndraw=40, logz=-17.63, remainder_fraction=99.2495%, Lmin=-10.83, Lmax=-5.23
12:29:52 [ultranest] [DEBUG] iteration=2133, ncalls=30366, regioncalls=1197000, ndraw=40, logz=-17.62, remainder_fraction=99.2394%, Lmin=-10.82, Lmax=-5.23
12:29:53 [ultranest] [DEBUG] iteration=2134, ncalls=30379, regioncalls=1197680, ndraw=40, logz=-17.61, remainder_fraction=99.2300%, Lmin=-10.82, Lmax=-5.23
12:29:53 [ultranest] [DEBUG] iteration=2135, ncalls=30388, regioncalls=1198040, ndraw=40, logz=-17.60, remainder_fraction=99.2197%, Lmin=-10.82, Lmax=-5.23
12:29:53 [ultranest] [DEBUG] iteration=2136, ncalls=30395, regioncalls=1198320, ndraw=40, logz=-17.59, remainder_fraction=99.2095%, Lmin=-10.79, Lmax=-5.23
12:29:54 [ultranest] [DEBUG] iteration=2137, ncalls=30421, regioncalls=1199360, ndraw=40, logz=-17.58, remainder_fraction=99.1998%, Lmin=-10.78, Lmax=-5.23
12:29:57 [ultranest] [DEBUG] iteration=2138, ncalls=30524, regioncalls=1203800, ndraw=40, logz=-17.57, remainder_fraction=99.1894%, Lmin=-10.75, Lmax=-5.23
12:29:58 [ultranest] [DEBUG] iteration=2140, ncalls=30538, regioncalls=1204360, ndraw=40, logz=-17.54, remainder_fraction=99.1685%, Lmin=-10.74, Lmax=-5.23
12:29:58 [ultranest] [DEBUG] iteration=2141, ncalls=30552, regioncalls=1205840, ndraw=40, logz=-17.53, remainder_fraction=99.1577%, Lmin=-10.74, Lmax=-5.23
12:29:59 [ultranest] [DEBUG] iteration=2142, ncalls=30569, regioncalls=1206520, ndraw=40, logz=-17.52, remainder_fraction=99.1467%, Lmin=-10.73, Lmax=-5.23
12:29:59 [ultranest] [DEBUG] iteration=2143, ncalls=30578, regioncalls=1207120, ndraw=40, logz=-17.51, remainder_fraction=99.1363%, Lmin=-10.73, Lmax=-5.23
12:29:59 [ultranest] [DEBUG] iteration=2144, ncalls=30583, regioncalls=1207680, ndraw=40, logz=-17.50, remainder_fraction=99.1252%, Lmin=-10.72, Lmax=-5.23
12:30:00 [ultranest] [DEBUG] iteration=2145, ncalls=30588, regioncalls=1207880, ndraw=40, logz=-17.49, remainder_fraction=99.1193%, Lmin=-10.72, Lmax=-5.23
12:30:00 [ultranest] [DEBUG] iteration=2146, ncalls=30592, regioncalls=1208040, ndraw=40, logz=-17.48, remainder_fraction=99.1175%, Lmin=-10.72, Lmax=-5.23
12:30:00 [ultranest] [DEBUG] iteration=2147, ncalls=30614, regioncalls=1208920, ndraw=40, logz=-17.47, remainder_fraction=99.1064%, Lmin=-10.70, Lmax=-5.23
12:30:01 [ultranest] [DEBUG] iteration=2148, ncalls=30650, regioncalls=1210600, ndraw=40, logz=-17.46, remainder_fraction=99.0958%, Lmin=-10.69, Lmax=-5.23
12:30:02 [ultranest] [DEBUG] iteration=2150, ncalls=30670, regioncalls=1211480, ndraw=40, logz=-17.44, remainder_fraction=99.0729%, Lmin=-10.67, Lmax=-5.23
12:30:02 [ultranest] [DEBUG] iteration=2151, ncalls=30681, regioncalls=1212240, ndraw=40, logz=-17.43, remainder_fraction=99.0683%, Lmin=-10.67, Lmax=-5.23
12:30:02 [ultranest] [DEBUG] iteration=2152, ncalls=30685, regioncalls=1212400, ndraw=40, logz=-17.42, remainder_fraction=99.0584%, Lmin=-10.66, Lmax=-5.23
12:30:03 [ultranest] [DEBUG] iteration=2154, ncalls=30689, regioncalls=1212560, ndraw=40, logz=-17.40, remainder_fraction=99.0359%, Lmin=-10.65, Lmax=-5.23
12:30:03 [ultranest] [DEBUG] iteration=2155, ncalls=30700, regioncalls=1213200, ndraw=40, logz=-17.39, remainder_fraction=99.0244%, Lmin=-10.65, Lmax=-5.23
12:30:03 [ultranest] [DEBUG] iteration=2156, ncalls=30709, regioncalls=1213560, ndraw=40, logz=-17.38, remainder_fraction=99.0126%, Lmin=-10.63, Lmax=-5.23
12:30:04 [ultranest] [DEBUG] iteration=2157, ncalls=30731, regioncalls=1214440, ndraw=40, logz=-17.37, remainder_fraction=99.0006%, Lmin=-10.62, Lmax=-5.23
12:30:06 [ultranest] [DEBUG] iteration=2158, ncalls=30798, regioncalls=1217600, ndraw=40, logz=-17.36, remainder_fraction=98.9975%, Lmin=-10.62, Lmax=-5.23
12:30:06 [ultranest] [DEBUG] iteration=2159, ncalls=30805, regioncalls=1217880, ndraw=40, logz=-17.35, remainder_fraction=98.9918%, Lmin=-10.61, Lmax=-5.23
12:30:07 [ultranest] [DEBUG] iteration=2160, ncalls=30821, regioncalls=1218520, ndraw=40, logz=-17.34, remainder_fraction=98.9810%, Lmin=-10.59, Lmax=-5.23
12:30:07 [ultranest] [DEBUG] iteration=2161, ncalls=30834, regioncalls=1219040, ndraw=40, logz=-17.33, remainder_fraction=98.9693%, Lmin=-10.57, Lmax=-5.23
12:30:07 [ultranest] [DEBUG] iteration=2162, ncalls=30841, regioncalls=1219320, ndraw=40, logz=-17.32, remainder_fraction=98.9616%, Lmin=-10.56, Lmax=-5.09
12:30:08 [ultranest] [DEBUG] iteration=2163, ncalls=30853, regioncalls=1219800, ndraw=40, logz=-17.31, remainder_fraction=98.9490%, Lmin=-10.53, Lmax=-5.09
12:30:09 [ultranest] [DEBUG] iteration=2164, ncalls=30882, regioncalls=1221120, ndraw=40, logz=-17.30, remainder_fraction=98.9612%, Lmin=-10.50, Lmax=-5.09
12:30:09 [ultranest] [DEBUG] iteration=2166, ncalls=30892, regioncalls=1221520, ndraw=40, logz=-17.28, remainder_fraction=98.9355%, Lmin=-10.49, Lmax=-5.09
12:30:10 [ultranest] [DEBUG] iteration=2167, ncalls=30944, regioncalls=1224040, ndraw=40, logz=-17.27, remainder_fraction=98.9222%, Lmin=-10.49, Lmax=-5.09
12:30:11 [ultranest] [DEBUG] iteration=2168, ncalls=30964, regioncalls=1224920, ndraw=40, logz=-17.26, remainder_fraction=98.9114%, Lmin=-10.47, Lmax=-5.09
12:30:12 [ultranest] [DEBUG] iteration=2169, ncalls=30984, regioncalls=1225720, ndraw=40, logz=-17.25, remainder_fraction=98.8986%, Lmin=-10.46, Lmax=-5.09
12:30:13 [ultranest] [DEBUG] iteration=2171, ncalls=31013, regioncalls=1226880, ndraw=40, logz=-17.23, remainder_fraction=98.8727%, Lmin=-10.45, Lmax=-5.09
12:30:15 [ultranest] [DEBUG] iteration=2172, ncalls=31086, regioncalls=1230080, ndraw=40, logz=-17.22, remainder_fraction=98.8610%, Lmin=-10.44, Lmax=-5.09
12:30:15 [ultranest] [DEBUG] iteration=2173, ncalls=31099, regioncalls=1230600, ndraw=40, logz=-17.21, remainder_fraction=98.8477%, Lmin=-10.44, Lmax=-5.09
12:30:15 [ultranest] [DEBUG] iteration=2174, ncalls=31105, regioncalls=1230840, ndraw=40, logz=-17.20, remainder_fraction=98.8337%, Lmin=-10.44, Lmax=-5.09
12:30:16 [ultranest] [DEBUG] iteration=2175, ncalls=31120, regioncalls=1231560, ndraw=40, logz=-17.19, remainder_fraction=98.8197%, Lmin=-10.41, Lmax=-5.09
12:30:16 [ultranest] [DEBUG] iteration=2176, ncalls=31128, regioncalls=1232000, ndraw=40, logz=-17.18, remainder_fraction=98.8054%, Lmin=-10.41, Lmax=-5.09
12:30:17 [ultranest] [DEBUG] iteration=2177, ncalls=31146, regioncalls=1232840, ndraw=40, logz=-17.17, remainder_fraction=98.7912%, Lmin=-10.41, Lmax=-5.09
12:30:17 [ultranest] [DEBUG] iteration=2179, ncalls=31161, regioncalls=1233520, ndraw=40, logz=-17.15, remainder_fraction=98.7843%, Lmin=-10.36, Lmax=-5.09
12:30:18 [ultranest] [DEBUG] iteration=2180, ncalls=31193, regioncalls=1234840, ndraw=40, logz=-17.14, remainder_fraction=98.7696%, Lmin=-10.35, Lmax=-5.09
12:30:19 [ultranest] [DEBUG] iteration=2181, ncalls=31206, regioncalls=1235520, ndraw=40, logz=-17.13, remainder_fraction=98.7547%, Lmin=-10.34, Lmax=-5.09
12:30:19 [ultranest] [DEBUG] iteration=2182, ncalls=31215, regioncalls=1235880, ndraw=40, logz=-17.12, remainder_fraction=98.7418%, Lmin=-10.34, Lmax=-5.09
12:30:20 [ultranest] [DEBUG] iteration=2183, ncalls=31235, regioncalls=1236680, ndraw=40, logz=-17.11, remainder_fraction=98.7336%, Lmin=-10.33, Lmax=-5.09
12:30:21 [ultranest] [DEBUG] iteration=2184, ncalls=31280, regioncalls=1238800, ndraw=40, logz=-17.10, remainder_fraction=98.7226%, Lmin=-10.33, Lmax=-5.09
12:30:22 [ultranest] [DEBUG] iteration=2186, ncalls=31318, regioncalls=1240560, ndraw=40, logz=-17.08, remainder_fraction=98.7032%, Lmin=-10.33, Lmax=-5.09
12:30:23 [ultranest] [DEBUG] iteration=2187, ncalls=31329, regioncalls=1241000, ndraw=40, logz=-17.07, remainder_fraction=98.6978%, Lmin=-10.31, Lmax=-5.09
12:30:24 [ultranest] [DEBUG] iteration=2188, ncalls=31358, regioncalls=1242680, ndraw=40, logz=-17.06, remainder_fraction=98.6829%, Lmin=-10.30, Lmax=-5.09
12:30:24 [ultranest] [DEBUG] iteration=2189, ncalls=31366, regioncalls=1243000, ndraw=40, logz=-17.05, remainder_fraction=98.6679%, Lmin=-10.30, Lmax=-5.09
12:30:24 [ultranest] [DEBUG] iteration=2190, ncalls=31376, regioncalls=1243400, ndraw=40, logz=-17.04, remainder_fraction=98.6539%, Lmin=-10.29, Lmax=-5.09
12:30:25 [ultranest] [DEBUG] iteration=2191, ncalls=31389, regioncalls=1243920, ndraw=40, logz=-17.03, remainder_fraction=98.6420%, Lmin=-10.29, Lmax=-5.09
12:30:28 [ultranest] [DEBUG] iteration=2192, ncalls=31514, regioncalls=1249720, ndraw=40, logz=-17.03, remainder_fraction=98.6281%, Lmin=-10.29, Lmax=-5.09
12:30:29 [ultranest] [DEBUG] iteration=2193, ncalls=31529, regioncalls=1250320, ndraw=40, logz=-17.02, remainder_fraction=98.6134%, Lmin=-10.28, Lmax=-5.09
12:30:29 [ultranest] [DEBUG] iteration=2194, ncalls=31532, regioncalls=1250440, ndraw=40, logz=-17.01, remainder_fraction=98.5989%, Lmin=-10.24, Lmax=-5.09
12:30:29 [ultranest] [DEBUG] iteration=2195, ncalls=31541, regioncalls=1250840, ndraw=40, logz=-17.00, remainder_fraction=98.5838%, Lmin=-10.24, Lmax=-5.09
12:30:30 [ultranest] [DEBUG] iteration=2196, ncalls=31565, regioncalls=1251800, ndraw=40, logz=-16.99, remainder_fraction=98.5682%, Lmin=-10.22, Lmax=-5.09
12:30:30 [ultranest] [DEBUG] iteration=2197, ncalls=31575, regioncalls=1252200, ndraw=40, logz=-16.98, remainder_fraction=98.5521%, Lmin=-10.20, Lmax=-5.09
12:30:31 [ultranest] [DEBUG] iteration=2198, ncalls=31601, regioncalls=1253240, ndraw=40, logz=-16.97, remainder_fraction=98.5364%, Lmin=-10.19, Lmax=-5.09
12:30:33 [ultranest] [DEBUG] iteration=2199, ncalls=31659, regioncalls=1255680, ndraw=40, logz=-16.96, remainder_fraction=98.5275%, Lmin=-10.15, Lmax=-5.09
12:30:34 [ultranest] [DEBUG] iteration=2200, ncalls=31685, regioncalls=1257120, ndraw=40, logz=-16.95, remainder_fraction=98.5203%, Lmin=-10.15, Lmax=-5.09
12:30:34 [ultranest] [DEBUG] iteration=2201, ncalls=31693, regioncalls=1257440, ndraw=40, logz=-16.94, remainder_fraction=98.5029%, Lmin=-10.14, Lmax=-5.09
12:30:35 [ultranest] [DEBUG] iteration=2202, ncalls=31713, regioncalls=1258320, ndraw=40, logz=-16.93, remainder_fraction=98.4873%, Lmin=-10.13, Lmax=-5.09
12:30:35 [ultranest] [DEBUG] iteration=2203, ncalls=31717, regioncalls=1258480, ndraw=40, logz=-16.92, remainder_fraction=98.4697%, Lmin=-10.12, Lmax=-5.09
12:30:35 [ultranest] [DEBUG] iteration=2204, ncalls=31727, regioncalls=1259240, ndraw=40, logz=-16.91, remainder_fraction=98.4516%, Lmin=-10.10, Lmax=-5.09
12:30:35 [ultranest] [DEBUG] iteration=2205, ncalls=31732, regioncalls=1259640, ndraw=40, logz=-16.91, remainder_fraction=98.4338%, Lmin=-10.08, Lmax=-5.09
12:30:36 [ultranest] [DEBUG] iteration=2206, ncalls=31776, regioncalls=1261720, ndraw=40, logz=-16.90, remainder_fraction=98.4182%, Lmin=-10.07, Lmax=-5.09
12:30:37 [ultranest] [DEBUG] iteration=2207, ncalls=31801, regioncalls=1263000, ndraw=40, logz=-16.89, remainder_fraction=98.4006%, Lmin=-10.06, Lmax=-5.09
12:30:37 [ultranest] [DEBUG] iteration=2208, ncalls=31805, regioncalls=1263160, ndraw=40, logz=-16.88, remainder_fraction=98.3883%, Lmin=-10.06, Lmax=-5.09
12:30:38 [ultranest] [DEBUG] iteration=2209, ncalls=31811, regioncalls=1263520, ndraw=40, logz=-16.87, remainder_fraction=98.3694%, Lmin=-10.04, Lmax=-5.09
12:30:38 [ultranest] [DEBUG] iteration=2210, ncalls=31837, regioncalls=1264840, ndraw=40, logz=-16.86, remainder_fraction=98.3544%, Lmin=-10.04, Lmax=-5.09
12:30:39 [ultranest] [DEBUG] iteration=2211, ncalls=31846, regioncalls=1265200, ndraw=40, logz=-16.85, remainder_fraction=98.3365%, Lmin=-10.03, Lmax=-5.09
12:30:39 [ultranest] [DEBUG] iteration=2212, ncalls=31855, regioncalls=1265680, ndraw=40, logz=-16.84, remainder_fraction=98.3177%, Lmin=-10.03, Lmax=-5.09
12:30:39 [ultranest] [DEBUG] iteration=2213, ncalls=31859, regioncalls=1266000, ndraw=40, logz=-16.83, remainder_fraction=98.2984%, Lmin=-10.01, Lmax=-5.09
12:30:39 [ultranest] [DEBUG] iteration=2214, ncalls=31866, regioncalls=1266280, ndraw=40, logz=-16.82, remainder_fraction=98.2808%, Lmin=-10.01, Lmax=-5.09
12:30:40 [ultranest] [DEBUG] iteration=2215, ncalls=31877, regioncalls=1267160, ndraw=40, logz=-16.81, remainder_fraction=98.2700%, Lmin=-10.00, Lmax=-5.09
12:30:40 [ultranest] [DEBUG] iteration=2216, ncalls=31897, regioncalls=1267960, ndraw=40, logz=-16.80, remainder_fraction=98.2530%, Lmin=-10.00, Lmax=-5.09
12:30:41 [ultranest] [DEBUG] iteration=2217, ncalls=31937, regioncalls=1269600, ndraw=40, logz=-16.79, remainder_fraction=98.2387%, Lmin=-9.98, Lmax=-5.09
12:30:42 [ultranest] [DEBUG] iteration=2218, ncalls=31941, regioncalls=1269960, ndraw=40, logz=-16.78, remainder_fraction=98.2241%, Lmin=-9.97, Lmax=-5.09
12:30:42 [ultranest] [DEBUG] iteration=2219, ncalls=31969, regioncalls=1271160, ndraw=40, logz=-16.77, remainder_fraction=98.2283%, Lmin=-9.96, Lmax=-5.09
12:30:43 [ultranest] [DEBUG] iteration=2220, ncalls=31974, regioncalls=1271360, ndraw=40, logz=-16.77, remainder_fraction=98.2093%, Lmin=-9.96, Lmax=-5.09
12:30:44 [ultranest] [DEBUG] iteration=2221, ncalls=32020, regioncalls=1274000, ndraw=40, logz=-16.76, remainder_fraction=98.1980%, Lmin=-9.95, Lmax=-5.09
12:30:46 [ultranest] [DEBUG] iteration=2222, ncalls=32064, regioncalls=1275760, ndraw=40, logz=-16.75, remainder_fraction=98.2124%, Lmin=-9.93, Lmax=-5.09
12:30:46 [ultranest] [DEBUG] iteration=2223, ncalls=32094, regioncalls=1276960, ndraw=40, logz=-16.74, remainder_fraction=98.1924%, Lmin=-9.93, Lmax=-5.09
12:30:47 [ultranest] [DEBUG] iteration=2224, ncalls=32108, regioncalls=1277640, ndraw=40, logz=-16.73, remainder_fraction=98.1809%, Lmin=-9.91, Lmax=-5.09
12:30:48 [ultranest] [DEBUG] iteration=2225, ncalls=32135, regioncalls=1279400, ndraw=40, logz=-16.72, remainder_fraction=98.1615%, Lmin=-9.91, Lmax=-5.09
12:30:48 [ultranest] [DEBUG] iteration=2226, ncalls=32147, regioncalls=1279880, ndraw=40, logz=-16.71, remainder_fraction=98.1431%, Lmin=-9.90, Lmax=-5.09
12:30:49 [ultranest] [DEBUG] iteration=2227, ncalls=32163, regioncalls=1280520, ndraw=40, logz=-16.70, remainder_fraction=98.1229%, Lmin=-9.89, Lmax=-5.09
12:30:49 [ultranest] [DEBUG] iteration=2228, ncalls=32185, regioncalls=1281400, ndraw=40, logz=-16.69, remainder_fraction=98.1023%, Lmin=-9.87, Lmax=-5.09
12:30:50 [ultranest] [DEBUG] iteration=2229, ncalls=32198, regioncalls=1281920, ndraw=40, logz=-16.68, remainder_fraction=98.0816%, Lmin=-9.87, Lmax=-5.09
12:30:50 [ultranest] [DEBUG] iteration=2230, ncalls=32210, regioncalls=1282640, ndraw=40, logz=-16.68, remainder_fraction=98.0605%, Lmin=-9.86, Lmax=-5.09
12:30:52 [ultranest] [DEBUG] iteration=2231, ncalls=32252, regioncalls=1285360, ndraw=40, logz=-16.67, remainder_fraction=98.0394%, Lmin=-9.85, Lmax=-5.09
12:30:52 [ultranest] [DEBUG] iteration=2232, ncalls=32258, regioncalls=1285600, ndraw=40, logz=-16.66, remainder_fraction=98.0238%, Lmin=-9.83, Lmax=-5.09
12:30:52 [ultranest] [DEBUG] iteration=2234, ncalls=32269, regioncalls=1286280, ndraw=40, logz=-16.64, remainder_fraction=97.9853%, Lmin=-9.83, Lmax=-5.09
12:30:53 [ultranest] [DEBUG] iteration=2235, ncalls=32304, regioncalls=1287960, ndraw=40, logz=-16.63, remainder_fraction=97.9631%, Lmin=-9.82, Lmax=-5.09
12:30:54 [ultranest] [DEBUG] iteration=2236, ncalls=32310, regioncalls=1288200, ndraw=40, logz=-16.62, remainder_fraction=97.9678%, Lmin=-9.80, Lmax=-5.09
12:30:54 [ultranest] [DEBUG] iteration=2237, ncalls=32326, regioncalls=1288840, ndraw=40, logz=-16.61, remainder_fraction=97.9459%, Lmin=-9.80, Lmax=-5.09
12:30:55 [ultranest] [DEBUG] iteration=2238, ncalls=32365, regioncalls=1290800, ndraw=40, logz=-16.61, remainder_fraction=97.9311%, Lmin=-9.78, Lmax=-5.09
12:30:58 [ultranest] [DEBUG] iteration=2239, ncalls=32451, regioncalls=1295000, ndraw=40, logz=-16.60, remainder_fraction=97.9095%, Lmin=-9.78, Lmax=-5.09
12:30:59 [ultranest] [DEBUG] iteration=2241, ncalls=32497, regioncalls=1297120, ndraw=40, logz=-16.58, remainder_fraction=97.8640%, Lmin=-9.74, Lmax=-5.09
12:31:00 [ultranest] [DEBUG] iteration=2242, ncalls=32505, regioncalls=1297440, ndraw=40, logz=-16.57, remainder_fraction=97.8429%, Lmin=-9.74, Lmax=-5.09
12:31:01 [ultranest] [DEBUG] iteration=2243, ncalls=32541, regioncalls=1299200, ndraw=40, logz=-16.56, remainder_fraction=97.8277%, Lmin=-9.72, Lmax=-5.09
12:31:01 [ultranest] [DEBUG] iteration=2244, ncalls=32542, regioncalls=1299240, ndraw=40, logz=-16.55, remainder_fraction=97.8036%, Lmin=-9.72, Lmax=-5.09
12:31:01 [ultranest] [DEBUG] iteration=2245, ncalls=32563, regioncalls=1300080, ndraw=40, logz=-16.54, remainder_fraction=97.7812%, Lmin=-9.71, Lmax=-5.09
12:31:03 [ultranest] [DEBUG] iteration=2246, ncalls=32632, regioncalls=1303000, ndraw=40, logz=-16.54, remainder_fraction=97.7575%, Lmin=-9.71, Lmax=-5.09
12:31:04 [ultranest] [DEBUG] iteration=2247, ncalls=32664, regioncalls=1304360, ndraw=40, logz=-16.53, remainder_fraction=97.7352%, Lmin=-9.70, Lmax=-5.09
12:31:04 [ultranest] [DEBUG] iteration=2248, ncalls=32669, regioncalls=1304560, ndraw=40, logz=-16.52, remainder_fraction=97.7211%, Lmin=-9.70, Lmax=-5.09
12:31:06 [ultranest] [DEBUG] iteration=2249, ncalls=32705, regioncalls=1306000, ndraw=40, logz=-16.51, remainder_fraction=97.7195%, Lmin=-9.68, Lmax=-5.09
12:31:06 [ultranest] [DEBUG] iteration=2250, ncalls=32735, regioncalls=1307320, ndraw=40, logz=-16.50, remainder_fraction=97.6955%, Lmin=-9.67, Lmax=-5.09
12:31:07 [ultranest] [DEBUG] iteration=2252, ncalls=32766, regioncalls=1308640, ndraw=40, logz=-16.48, remainder_fraction=97.6581%, Lmin=-9.66, Lmax=-5.09
12:31:08 [ultranest] [DEBUG] iteration=2253, ncalls=32782, regioncalls=1309920, ndraw=40, logz=-16.48, remainder_fraction=97.6334%, Lmin=-9.64, Lmax=-5.09
12:31:08 [ultranest] [DEBUG] iteration=2254, ncalls=32797, regioncalls=1310520, ndraw=40, logz=-16.47, remainder_fraction=97.6080%, Lmin=-9.63, Lmax=-5.09
12:31:09 [ultranest] [DEBUG] iteration=2255, ncalls=32828, regioncalls=1311840, ndraw=40, logz=-16.46, remainder_fraction=97.5893%, Lmin=-9.62, Lmax=-5.09
12:31:11 [ultranest] [DEBUG] iteration=2256, ncalls=32890, regioncalls=1315000, ndraw=40, logz=-16.45, remainder_fraction=97.5636%, Lmin=-9.61, Lmax=-5.09
12:31:12 [ultranest] [DEBUG] iteration=2257, ncalls=32908, regioncalls=1315720, ndraw=40, logz=-16.44, remainder_fraction=97.5817%, Lmin=-9.60, Lmax=-5.09
12:31:12 [ultranest] [DEBUG] iteration=2258, ncalls=32929, regioncalls=1316680, ndraw=40, logz=-16.43, remainder_fraction=97.5692%, Lmin=-9.59, Lmax=-5.09
12:31:12 [ultranest] [DEBUG] iteration=2259, ncalls=32942, regioncalls=1317280, ndraw=40, logz=-16.42, remainder_fraction=97.5435%, Lmin=-9.58, Lmax=-5.09
12:31:13 [ultranest] [DEBUG] iteration=2260, ncalls=32947, regioncalls=1317480, ndraw=40, logz=-16.42, remainder_fraction=97.5174%, Lmin=-9.58, Lmax=-4.90
12:31:13 [ultranest] [DEBUG] iteration=2261, ncalls=32976, regioncalls=1318640, ndraw=40, logz=-16.41, remainder_fraction=97.4925%, Lmin=-9.56, Lmax=-4.90
12:31:15 [ultranest] [DEBUG] iteration=2262, ncalls=33024, regioncalls=1320600, ndraw=40, logz=-16.40, remainder_fraction=97.5212%, Lmin=-9.56, Lmax=-4.90
12:31:17 [ultranest] [DEBUG] iteration=2263, ncalls=33089, regioncalls=1323640, ndraw=40, logz=-16.39, remainder_fraction=97.5239%, Lmin=-9.54, Lmax=-4.90
12:31:17 [ultranest] [DEBUG] iteration=2265, ncalls=33106, regioncalls=1324320, ndraw=40, logz=-16.37, remainder_fraction=97.4727%, Lmin=-9.52, Lmax=-4.90
12:31:19 [ultranest] [DEBUG] iteration=2266, ncalls=33145, regioncalls=1325880, ndraw=40, logz=-16.37, remainder_fraction=97.4493%, Lmin=-9.52, Lmax=-4.90
12:31:19 [ultranest] [DEBUG] iteration=2267, ncalls=33171, regioncalls=1327120, ndraw=40, logz=-16.36, remainder_fraction=97.4258%, Lmin=-9.50, Lmax=-4.90
12:31:21 [ultranest] [DEBUG] iteration=2268, ncalls=33213, regioncalls=1329160, ndraw=40, logz=-16.35, remainder_fraction=97.4008%, Lmin=-9.50, Lmax=-4.90
12:31:21 [ultranest] [DEBUG] clustering found some stray points [need_accept=False] (array([1, 2]), array([399,   1]))
12:31:21 [ultranest] [DEBUG] iteration=2270, ncalls=33227, regioncalls=1330000, ndraw=40, logz=-16.33, remainder_fraction=97.3632%, Lmin=-9.50, Lmax=-4.90
12:31:22 [ultranest] [DEBUG] iteration=2271, ncalls=33258, regioncalls=1332240, ndraw=40, logz=-16.32, remainder_fraction=97.3376%, Lmin=-9.50, Lmax=-4.90
12:31:22 [ultranest] [DEBUG] iteration=2272, ncalls=33269, regioncalls=1332680, ndraw=40, logz=-16.32, remainder_fraction=97.3222%, Lmin=-9.48, Lmax=-4.90
12:31:23 [ultranest] [DEBUG] iteration=2273, ncalls=33291, regioncalls=1334000, ndraw=40, logz=-16.31, remainder_fraction=97.3004%, Lmin=-9.48, Lmax=-4.90
12:31:24 [ultranest] [DEBUG] iteration=2274, ncalls=33322, regioncalls=1335520, ndraw=40, logz=-16.30, remainder_fraction=97.2729%, Lmin=-9.48, Lmax=-4.90
12:31:24 [ultranest] [DEBUG] iteration=2275, ncalls=33338, regioncalls=1336280, ndraw=40, logz=-16.29, remainder_fraction=97.2496%, Lmin=-9.47, Lmax=-4.90
12:31:27 [ultranest] [DEBUG] iteration=2276, ncalls=33417, regioncalls=1340200, ndraw=40, logz=-16.28, remainder_fraction=97.2220%, Lmin=-9.47, Lmax=-4.90
12:31:30 [ultranest] [DEBUG] iteration=2277, ncalls=33517, regioncalls=1344800, ndraw=40, logz=-16.28, remainder_fraction=97.2114%, Lmin=-9.46, Lmax=-4.90
12:31:30 [ultranest] [DEBUG] iteration=2279, ncalls=33526, regioncalls=1345480, ndraw=40, logz=-16.26, remainder_fraction=97.1565%, Lmin=-9.45, Lmax=-4.90
12:31:30 [ultranest] [DEBUG] iteration=2280, ncalls=33538, regioncalls=1346360, ndraw=40, logz=-16.25, remainder_fraction=97.1438%, Lmin=-9.44, Lmax=-4.90
12:31:30 [ultranest] [DEBUG] iteration=2281, ncalls=33543, regioncalls=1346600, ndraw=40, logz=-16.24, remainder_fraction=97.1154%, Lmin=-9.42, Lmax=-4.90
12:31:31 [ultranest] [DEBUG] iteration=2282, ncalls=33561, regioncalls=1347440, ndraw=40, logz=-16.24, remainder_fraction=97.0872%, Lmin=-9.41, Lmax=-4.90
12:31:32 [ultranest] [DEBUG] iteration=2283, ncalls=33607, regioncalls=1349600, ndraw=40, logz=-16.23, remainder_fraction=97.0578%, Lmin=-9.41, Lmax=-4.90
12:31:33 [ultranest] [DEBUG] iteration=2284, ncalls=33628, regioncalls=1350480, ndraw=40, logz=-16.22, remainder_fraction=97.0459%, Lmin=-9.40, Lmax=-4.90
12:31:34 [ultranest] [DEBUG] iteration=2285, ncalls=33663, regioncalls=1352320, ndraw=40, logz=-16.21, remainder_fraction=97.0168%, Lmin=-9.37, Lmax=-4.90
12:31:34 [ultranest] [DEBUG] iteration=2286, ncalls=33675, regioncalls=1352800, ndraw=40, logz=-16.20, remainder_fraction=96.9874%, Lmin=-9.37, Lmax=-4.90
12:31:35 [ultranest] [DEBUG] iteration=2287, ncalls=33715, regioncalls=1354680, ndraw=40, logz=-16.20, remainder_fraction=96.9689%, Lmin=-9.36, Lmax=-4.90
12:31:37 [ultranest] [DEBUG] iteration=2288, ncalls=33750, regioncalls=1356080, ndraw=40, logz=-16.19, remainder_fraction=96.9566%, Lmin=-9.36, Lmax=-4.90
12:31:37 [ultranest] [DEBUG] iteration=2289, ncalls=33772, regioncalls=1357200, ndraw=40, logz=-16.18, remainder_fraction=96.9287%, Lmin=-9.34, Lmax=-4.90
12:31:38 [ultranest] [DEBUG] iteration=2290, ncalls=33795, regioncalls=1358160, ndraw=40, logz=-16.17, remainder_fraction=96.9253%, Lmin=-9.34, Lmax=-4.90
12:31:39 [ultranest] [DEBUG] iteration=2291, ncalls=33820, regioncalls=1359160, ndraw=40, logz=-16.17, remainder_fraction=96.8945%, Lmin=-9.32, Lmax=-4.90
12:31:39 [ultranest] [DEBUG] iteration=2292, ncalls=33846, regioncalls=1360560, ndraw=40, logz=-16.16, remainder_fraction=96.8756%, Lmin=-9.32, Lmax=-4.90
12:31:42 [ultranest] [DEBUG] iteration=2293, ncalls=33928, regioncalls=1365680, ndraw=40, logz=-16.15, remainder_fraction=96.8508%, Lmin=-9.32, Lmax=-4.90
12:31:45 [ultranest] [DEBUG] iteration=2294, ncalls=34038, regioncalls=1371600, ndraw=40, logz=-16.14, remainder_fraction=96.8300%, Lmin=-9.31, Lmax=-4.90
12:31:46 [ultranest] [DEBUG] iteration=2295, ncalls=34069, regioncalls=1372840, ndraw=40, logz=-16.13, remainder_fraction=96.8178%, Lmin=-9.30, Lmax=-4.90
12:31:47 [ultranest] [DEBUG] iteration=2296, ncalls=34079, regioncalls=1373240, ndraw=40, logz=-16.13, remainder_fraction=96.8052%, Lmin=-9.30, Lmax=-4.90
12:31:47 [ultranest] [DEBUG] iteration=2297, ncalls=34092, regioncalls=1374240, ndraw=40, logz=-16.12, remainder_fraction=96.7779%, Lmin=-9.29, Lmax=-4.90
12:31:48 [ultranest] [DEBUG] iteration=2298, ncalls=34111, regioncalls=1375080, ndraw=40, logz=-16.11, remainder_fraction=96.7469%, Lmin=-9.29, Lmax=-4.90
12:31:50 [ultranest] [DEBUG] iteration=2299, ncalls=34172, regioncalls=1377680, ndraw=40, logz=-16.10, remainder_fraction=96.7154%, Lmin=-9.29, Lmax=-4.90
12:31:52 [ultranest] [DEBUG] iteration=2300, ncalls=34250, regioncalls=1381240, ndraw=40, logz=-16.10, remainder_fraction=96.6916%, Lmin=-9.28, Lmax=-4.90
12:31:52 [ultranest] [DEBUG] iteration=2301, ncalls=34258, regioncalls=1381560, ndraw=40, logz=-16.09, remainder_fraction=96.6596%, Lmin=-9.27, Lmax=-4.90
12:31:53 [ultranest] [DEBUG] iteration=2302, ncalls=34288, regioncalls=1382760, ndraw=40, logz=-16.08, remainder_fraction=96.6280%, Lmin=-9.27, Lmax=-4.90
12:31:54 [ultranest] [DEBUG] iteration=2303, ncalls=34313, regioncalls=1384080, ndraw=40, logz=-16.07, remainder_fraction=96.5971%, Lmin=-9.27, Lmax=-4.90
12:31:55 [ultranest] [DEBUG] iteration=2304, ncalls=34335, regioncalls=1385080, ndraw=40, logz=-16.07, remainder_fraction=96.5659%, Lmin=-9.25, Lmax=-4.90
12:31:56 [ultranest] [DEBUG] iteration=2305, ncalls=34358, regioncalls=1386000, ndraw=40, logz=-16.06, remainder_fraction=96.5367%, Lmin=-9.25, Lmax=-4.90
12:31:57 [ultranest] [DEBUG] iteration=2306, ncalls=34393, regioncalls=1387640, ndraw=40, logz=-16.05, remainder_fraction=96.5054%, Lmin=-9.22, Lmax=-4.90
12:31:57 [ultranest] [DEBUG] iteration=2307, ncalls=34409, regioncalls=1388560, ndraw=40, logz=-16.04, remainder_fraction=96.4735%, Lmin=-9.22, Lmax=-4.90
12:31:57 [ultranest] [DEBUG] iteration=2308, ncalls=34414, regioncalls=1388960, ndraw=40, logz=-16.04, remainder_fraction=96.4468%, Lmin=-9.20, Lmax=-4.90
12:31:58 [ultranest] [DEBUG] iteration=2309, ncalls=34432, regioncalls=1389680, ndraw=40, logz=-16.03, remainder_fraction=96.4140%, Lmin=-9.20, Lmax=-4.90
12:31:59 [ultranest] [DEBUG] iteration=2310, ncalls=34454, regioncalls=1390760, ndraw=40, logz=-16.02, remainder_fraction=96.3798%, Lmin=-9.19, Lmax=-4.90
12:32:00 [ultranest] [DEBUG] iteration=2311, ncalls=34500, regioncalls=1392920, ndraw=40, logz=-16.02, remainder_fraction=96.3488%, Lmin=-9.19, Lmax=-4.90
12:32:02 [ultranest] [DEBUG] iteration=2312, ncalls=34550, regioncalls=1395240, ndraw=40, logz=-16.01, remainder_fraction=96.3234%, Lmin=-9.18, Lmax=-4.90
12:32:03 [ultranest] [DEBUG] iteration=2313, ncalls=34579, regioncalls=1396680, ndraw=40, logz=-16.00, remainder_fraction=96.3015%, Lmin=-9.17, Lmax=-4.90
12:32:03 [ultranest] [DEBUG] iteration=2314, ncalls=34583, regioncalls=1396840, ndraw=40, logz=-15.99, remainder_fraction=96.2724%, Lmin=-9.17, Lmax=-4.90
12:32:03 [ultranest] [DEBUG] iteration=2315, ncalls=34599, regioncalls=1397480, ndraw=40, logz=-15.99, remainder_fraction=96.2493%, Lmin=-9.16, Lmax=-4.90
12:32:04 [ultranest] [DEBUG] iteration=2316, ncalls=34630, regioncalls=1398880, ndraw=40, logz=-15.98, remainder_fraction=96.2531%, Lmin=-9.15, Lmax=-4.90
12:32:05 [ultranest] [DEBUG] iteration=2317, ncalls=34663, regioncalls=1400880, ndraw=40, logz=-15.97, remainder_fraction=96.2207%, Lmin=-9.15, Lmax=-4.90
12:32:05 [ultranest] [DEBUG] iteration=2318, ncalls=34666, regioncalls=1401000, ndraw=40, logz=-15.96, remainder_fraction=96.1862%, Lmin=-9.14, Lmax=-4.90
12:32:06 [ultranest] [DEBUG] iteration=2319, ncalls=34674, regioncalls=1401320, ndraw=40, logz=-15.96, remainder_fraction=96.1534%, Lmin=-9.14, Lmax=-4.90
12:32:06 [ultranest] [DEBUG] iteration=2320, ncalls=34685, regioncalls=1401800, ndraw=40, logz=-15.95, remainder_fraction=96.1199%, Lmin=-9.14, Lmax=-4.90
12:32:06 [ultranest] [DEBUG] iteration=2321, ncalls=34691, regioncalls=1402040, ndraw=40, logz=-15.94, remainder_fraction=96.0850%, Lmin=-9.13, Lmax=-4.90
12:32:06 [ultranest] [DEBUG] iteration=2322, ncalls=34702, regioncalls=1403000, ndraw=40, logz=-15.94, remainder_fraction=96.0512%, Lmin=-9.11, Lmax=-4.90
12:32:07 [ultranest] [DEBUG] iteration=2323, ncalls=34712, regioncalls=1403400, ndraw=40, logz=-15.93, remainder_fraction=96.0172%, Lmin=-9.11, Lmax=-4.90
12:32:07 [ultranest] [DEBUG] iteration=2324, ncalls=34736, regioncalls=1404800, ndraw=40, logz=-15.92, remainder_fraction=95.9899%, Lmin=-9.10, Lmax=-4.90
12:32:09 [ultranest] [DEBUG] iteration=2325, ncalls=34799, regioncalls=1407920, ndraw=40, logz=-15.91, remainder_fraction=95.9529%, Lmin=-9.09, Lmax=-4.90
12:32:10 [ultranest] [DEBUG] iteration=2326, ncalls=34812, regioncalls=1408480, ndraw=40, logz=-15.91, remainder_fraction=95.9269%, Lmin=-9.09, Lmax=-4.90
12:32:11 [ultranest] [DEBUG] iteration=2327, ncalls=34834, regioncalls=1409400, ndraw=40, logz=-15.90, remainder_fraction=95.9032%, Lmin=-9.09, Lmax=-4.90
12:32:12 [ultranest] [DEBUG] iteration=2329, ncalls=34883, regioncalls=1412200, ndraw=40, logz=-15.89, remainder_fraction=95.8323%, Lmin=-9.07, Lmax=-4.90
12:32:13 [ultranest] [DEBUG] iteration=2330, ncalls=34923, regioncalls=1415040, ndraw=40, logz=-15.88, remainder_fraction=95.7952%, Lmin=-9.07, Lmax=-4.90
12:32:16 [ultranest] [DEBUG] iteration=2331, ncalls=35024, regioncalls=1419560, ndraw=40, logz=-15.87, remainder_fraction=95.7988%, Lmin=-9.06, Lmax=-4.90
12:32:17 [ultranest] [DEBUG] iteration=2332, ncalls=35046, regioncalls=1421120, ndraw=40, logz=-15.87, remainder_fraction=95.7657%, Lmin=-9.06, Lmax=-4.90
12:32:17 [ultranest] [DEBUG] iteration=2333, ncalls=35055, regioncalls=1421480, ndraw=40, logz=-15.86, remainder_fraction=95.7331%, Lmin=-9.04, Lmax=-4.90
12:32:18 [ultranest] [DEBUG] iteration=2334, ncalls=35077, regioncalls=1422480, ndraw=40, logz=-15.85, remainder_fraction=95.6968%, Lmin=-9.04, Lmax=-4.90
12:32:19 [ultranest] [DEBUG] iteration=2335, ncalls=35104, regioncalls=1424600, ndraw=40, logz=-15.85, remainder_fraction=95.6648%, Lmin=-9.04, Lmax=-4.90
12:32:19 [ultranest] [DEBUG] iteration=2337, ncalls=35117, regioncalls=1425320, ndraw=40, logz=-15.83, remainder_fraction=95.5947%, Lmin=-9.02, Lmax=-4.90
12:32:20 [ultranest] [DEBUG] iteration=2338, ncalls=35137, regioncalls=1426120, ndraw=40, logz=-15.83, remainder_fraction=95.5659%, Lmin=-9.02, Lmax=-4.90
12:32:21 [ultranest] [DEBUG] iteration=2339, ncalls=35161, regioncalls=1427080, ndraw=40, logz=-15.82, remainder_fraction=95.5345%, Lmin=-8.98, Lmax=-4.90
12:32:21 [ultranest] [DEBUG] iteration=2340, ncalls=35171, regioncalls=1427480, ndraw=40, logz=-15.81, remainder_fraction=95.4947%, Lmin=-8.98, Lmax=-4.90
12:32:22 [ultranest] [DEBUG] iteration=2341, ncalls=35196, regioncalls=1428480, ndraw=40, logz=-15.80, remainder_fraction=95.4591%, Lmin=-8.97, Lmax=-4.90
12:32:23 [ultranest] [DEBUG] iteration=2343, ncalls=35253, regioncalls=1430920, ndraw=40, logz=-15.79, remainder_fraction=95.3801%, Lmin=-8.97, Lmax=-4.90
12:32:24 [ultranest] [DEBUG] iteration=2344, ncalls=35291, regioncalls=1433000, ndraw=40, logz=-15.78, remainder_fraction=95.3443%, Lmin=-8.95, Lmax=-4.90
12:32:25 [ultranest] [DEBUG] iteration=2345, ncalls=35303, regioncalls=1433600, ndraw=40, logz=-15.78, remainder_fraction=95.3170%, Lmin=-8.94, Lmax=-4.90
12:32:25 [ultranest] [DEBUG] iteration=2346, ncalls=35317, regioncalls=1434840, ndraw=40, logz=-15.77, remainder_fraction=95.2790%, Lmin=-8.93, Lmax=-4.90
12:32:26 [ultranest] [DEBUG] iteration=2347, ncalls=35329, regioncalls=1435600, ndraw=40, logz=-15.76, remainder_fraction=95.2548%, Lmin=-8.93, Lmax=-4.90
12:32:26 [ultranest] [DEBUG] iteration=2348, ncalls=35335, regioncalls=1435840, ndraw=40, logz=-15.76, remainder_fraction=95.2226%, Lmin=-8.92, Lmax=-4.90
12:32:26 [ultranest] [DEBUG] iteration=2349, ncalls=35355, regioncalls=1436640, ndraw=40, logz=-15.75, remainder_fraction=95.1853%, Lmin=-8.91, Lmax=-4.90
12:32:27 [ultranest] [DEBUG] iteration=2350, ncalls=35362, regioncalls=1437240, ndraw=40, logz=-15.74, remainder_fraction=95.1472%, Lmin=-8.89, Lmax=-4.90
12:32:27 [ultranest] [DEBUG] iteration=2351, ncalls=35388, regioncalls=1438360, ndraw=40, logz=-15.74, remainder_fraction=95.1042%, Lmin=-8.89, Lmax=-4.90
12:32:28 [ultranest] [DEBUG] iteration=2352, ncalls=35400, regioncalls=1438840, ndraw=40, logz=-15.73, remainder_fraction=95.1003%, Lmin=-8.89, Lmax=-4.90
12:32:29 [ultranest] [DEBUG] iteration=2353, ncalls=35447, regioncalls=1441360, ndraw=40, logz=-15.72, remainder_fraction=95.0681%, Lmin=-8.88, Lmax=-4.90
12:32:32 [ultranest] [DEBUG] iteration=2354, ncalls=35540, regioncalls=1445760, ndraw=40, logz=-15.72, remainder_fraction=95.0280%, Lmin=-8.88, Lmax=-4.90
12:32:32 [ultranest] [DEBUG] iteration=2355, ncalls=35547, regioncalls=1446040, ndraw=40, logz=-15.71, remainder_fraction=94.9871%, Lmin=-8.88, Lmax=-4.90
12:32:33 [ultranest] [DEBUG] iteration=2357, ncalls=35573, regioncalls=1447120, ndraw=40, logz=-15.70, remainder_fraction=94.9222%, Lmin=-8.86, Lmax=-4.90
12:32:33 [ultranest] [DEBUG] iteration=2358, ncalls=35587, regioncalls=1447680, ndraw=40, logz=-15.69, remainder_fraction=94.8803%, Lmin=-8.85, Lmax=-4.90
12:32:34 [ultranest] [DEBUG] iteration=2359, ncalls=35623, regioncalls=1449280, ndraw=40, logz=-15.68, remainder_fraction=94.8376%, Lmin=-8.85, Lmax=-4.90
12:32:35 [ultranest] [DEBUG] iteration=2360, ncalls=35627, regioncalls=1449440, ndraw=40, logz=-15.68, remainder_fraction=94.7982%, Lmin=-8.85, Lmax=-4.90
12:32:35 [ultranest] [DEBUG] iteration=2361, ncalls=35637, regioncalls=1449840, ndraw=40, logz=-15.67, remainder_fraction=94.7616%, Lmin=-8.85, Lmax=-4.90
12:32:35 [ultranest] [DEBUG] iteration=2362, ncalls=35654, regioncalls=1450560, ndraw=40, logz=-15.66, remainder_fraction=94.7175%, Lmin=-8.84, Lmax=-4.90
12:32:36 [ultranest] [DEBUG] iteration=2363, ncalls=35683, regioncalls=1452360, ndraw=40, logz=-15.66, remainder_fraction=94.6867%, Lmin=-8.84, Lmax=-4.90
12:32:37 [ultranest] [DEBUG] iteration=2364, ncalls=35704, regioncalls=1453440, ndraw=40, logz=-15.65, remainder_fraction=94.6421%, Lmin=-8.83, Lmax=-4.90
12:32:37 [ultranest] [DEBUG] iteration=2365, ncalls=35716, regioncalls=1453920, ndraw=40, logz=-15.64, remainder_fraction=94.6323%, Lmin=-8.82, Lmax=-4.90
12:32:37 [ultranest] [DEBUG] iteration=2366, ncalls=35726, regioncalls=1454320, ndraw=40, logz=-15.64, remainder_fraction=94.5876%, Lmin=-8.81, Lmax=-4.90
12:32:41 [ultranest] [DEBUG] iteration=2367, ncalls=35831, regioncalls=1459960, ndraw=40, logz=-15.63, remainder_fraction=94.5478%, Lmin=-8.81, Lmax=-4.90
12:32:41 [ultranest] [DEBUG] iteration=2368, ncalls=35846, regioncalls=1460560, ndraw=40, logz=-15.63, remainder_fraction=94.5087%, Lmin=-8.80, Lmax=-4.90
12:32:43 [ultranest] [DEBUG] iteration=2369, ncalls=35895, regioncalls=1463200, ndraw=40, logz=-15.62, remainder_fraction=94.4990%, Lmin=-8.80, Lmax=-4.90
12:32:43 [ultranest] [DEBUG] iteration=2370, ncalls=35903, regioncalls=1463720, ndraw=40, logz=-15.61, remainder_fraction=94.4677%, Lmin=-8.80, Lmax=-4.90
12:32:47 [ultranest] [DEBUG] iteration=2371, ncalls=36029, regioncalls=1469960, ndraw=40, logz=-15.61, remainder_fraction=94.4339%, Lmin=-8.80, Lmax=-4.90
12:32:47 [ultranest] [DEBUG] iteration=2372, ncalls=36059, regioncalls=1471720, ndraw=40, logz=-15.60, remainder_fraction=94.3923%, Lmin=-8.80, Lmax=-4.90
12:32:48 [ultranest] [DEBUG] iteration=2373, ncalls=36064, regioncalls=1471920, ndraw=40, logz=-15.59, remainder_fraction=94.3615%, Lmin=-8.78, Lmax=-4.90
12:32:48 [ultranest] [DEBUG] iteration=2374, ncalls=36070, regioncalls=1472160, ndraw=40, logz=-15.59, remainder_fraction=94.3173%, Lmin=-8.78, Lmax=-4.90
12:32:49 [ultranest] [DEBUG] iteration=2375, ncalls=36107, regioncalls=1473720, ndraw=40, logz=-15.58, remainder_fraction=94.2773%, Lmin=-8.78, Lmax=-4.90
12:32:50 [ultranest] [DEBUG] iteration=2376, ncalls=36135, regioncalls=1474880, ndraw=40, logz=-15.58, remainder_fraction=94.2341%, Lmin=-8.78, Lmax=-4.90
12:32:50 [ultranest] [DEBUG] iteration=2377, ncalls=36143, regioncalls=1475240, ndraw=40, logz=-15.57, remainder_fraction=94.1935%, Lmin=-8.77, Lmax=-4.90
12:32:51 [ultranest] [DEBUG] iteration=2378, ncalls=36167, regioncalls=1476400, ndraw=40, logz=-15.56, remainder_fraction=94.1554%, Lmin=-8.77, Lmax=-4.90
12:32:51 [ultranest] [DEBUG] iteration=2379, ncalls=36170, regioncalls=1476520, ndraw=40, logz=-15.56, remainder_fraction=94.1147%, Lmin=-8.77, Lmax=-4.90
12:32:52 [ultranest] [DEBUG] iteration=2380, ncalls=36210, regioncalls=1478480, ndraw=40, logz=-15.55, remainder_fraction=94.0891%, Lmin=-8.76, Lmax=-4.90
12:32:54 [ultranest] [DEBUG] iteration=2381, ncalls=36279, regioncalls=1481880, ndraw=40, logz=-15.55, remainder_fraction=94.0500%, Lmin=-8.75, Lmax=-4.90
12:32:54 [ultranest] [DEBUG] iteration=2382, ncalls=36283, regioncalls=1482040, ndraw=40, logz=-15.54, remainder_fraction=94.0469%, Lmin=-8.75, Lmax=-4.90
12:32:56 [ultranest] [DEBUG] iteration=2383, ncalls=36331, regioncalls=1484000, ndraw=40, logz=-15.53, remainder_fraction=94.0052%, Lmin=-8.75, Lmax=-4.90
12:32:56 [ultranest] [DEBUG] iteration=2384, ncalls=36352, regioncalls=1484920, ndraw=40, logz=-15.53, remainder_fraction=94.0245%, Lmin=-8.74, Lmax=-4.90
12:32:57 [ultranest] [DEBUG] iteration=2385, ncalls=36391, regioncalls=1487000, ndraw=40, logz=-15.52, remainder_fraction=93.9879%, Lmin=-8.74, Lmax=-4.90
12:32:58 [ultranest] [DEBUG] iteration=2386, ncalls=36399, regioncalls=1487320, ndraw=40, logz=-15.52, remainder_fraction=93.9417%, Lmin=-8.73, Lmax=-4.90
12:32:58 [ultranest] [DEBUG] iteration=2387, ncalls=36417, regioncalls=1488160, ndraw=40, logz=-15.51, remainder_fraction=93.9396%, Lmin=-8.72, Lmax=-4.90
12:32:59 [ultranest] [DEBUG] iteration=2388, ncalls=36429, regioncalls=1488680, ndraw=40, logz=-15.50, remainder_fraction=93.9258%, Lmin=-8.72, Lmax=-4.90
12:32:59 [ultranest] [DEBUG] iteration=2389, ncalls=36445, regioncalls=1489320, ndraw=40, logz=-15.50, remainder_fraction=93.8783%, Lmin=-8.72, Lmax=-4.90
12:33:00 [ultranest] [DEBUG] iteration=2390, ncalls=36481, regioncalls=1491800, ndraw=40, logz=-15.49, remainder_fraction=93.8330%, Lmin=-8.70, Lmax=-4.90
12:33:01 [ultranest] [DEBUG] iteration=2391, ncalls=36521, regioncalls=1493560, ndraw=40, logz=-15.49, remainder_fraction=93.7857%, Lmin=-8.69, Lmax=-4.90
12:33:02 [ultranest] [DEBUG] iteration=2393, ncalls=36530, regioncalls=1494000, ndraw=40, logz=-15.48, remainder_fraction=93.7516%, Lmin=-8.66, Lmax=-4.90
12:33:02 [ultranest] [DEBUG] iteration=2394, ncalls=36533, regioncalls=1494120, ndraw=40, logz=-15.47, remainder_fraction=93.7216%, Lmin=-8.66, Lmax=-4.90
12:33:03 [ultranest] [DEBUG] iteration=2395, ncalls=36567, regioncalls=1495480, ndraw=40, logz=-15.46, remainder_fraction=93.6744%, Lmin=-8.66, Lmax=-4.90
12:33:03 [ultranest] [DEBUG] iteration=2396, ncalls=36574, regioncalls=1496000, ndraw=40, logz=-15.46, remainder_fraction=93.6260%, Lmin=-8.66, Lmax=-4.90
12:33:03 [ultranest] [DEBUG] iteration=2397, ncalls=36586, regioncalls=1496480, ndraw=40, logz=-15.45, remainder_fraction=93.5833%, Lmin=-8.66, Lmax=-4.90
12:33:05 [ultranest] [DEBUG] iteration=2399, ncalls=36646, regioncalls=1499480, ndraw=40, logz=-15.44, remainder_fraction=93.5667%, Lmin=-8.65, Lmax=-4.90
12:33:06 [ultranest] [DEBUG] iteration=2400, ncalls=36666, regioncalls=1500720, ndraw=40, logz=-15.44, remainder_fraction=93.5260%, Lmin=-8.65, Lmax=-4.90
12:33:07 [ultranest] [DEBUG] iteration=2401, ncalls=36730, regioncalls=1504160, ndraw=40, logz=-15.43, remainder_fraction=93.4866%, Lmin=-8.64, Lmax=-4.90
12:33:09 [ultranest] [DEBUG] iteration=2402, ncalls=36774, regioncalls=1506800, ndraw=40, logz=-15.42, remainder_fraction=93.4374%, Lmin=-8.64, Lmax=-4.90
12:33:10 [ultranest] [DEBUG] iteration=2403, ncalls=36798, regioncalls=1508240, ndraw=40, logz=-15.42, remainder_fraction=93.3914%, Lmin=-8.63, Lmax=-4.90
12:33:11 [ultranest] [DEBUG] iteration=2404, ncalls=36841, regioncalls=1511480, ndraw=40, logz=-15.41, remainder_fraction=93.3684%, Lmin=-8.63, Lmax=-4.90
12:33:11 [ultranest] [DEBUG] iteration=2405, ncalls=36857, regioncalls=1512200, ndraw=40, logz=-15.41, remainder_fraction=93.3817%, Lmin=-8.61, Lmax=-4.90
12:33:12 [ultranest] [DEBUG] iteration=2406, ncalls=36863, regioncalls=1512440, ndraw=40, logz=-15.40, remainder_fraction=93.3329%, Lmin=-8.61, Lmax=-4.90
12:33:14 [ultranest] [DEBUG] iteration=2407, ncalls=36947, regioncalls=1516360, ndraw=40, logz=-15.40, remainder_fraction=93.2922%, Lmin=-8.60, Lmax=-4.90
12:33:15 [ultranest] [DEBUG] iteration=2408, ncalls=36982, regioncalls=1518320, ndraw=40, logz=-15.39, remainder_fraction=93.2531%, Lmin=-8.60, Lmax=-4.90
12:33:18 [ultranest] [DEBUG] iteration=2409, ncalls=37060, regioncalls=1521920, ndraw=40, logz=-15.38, remainder_fraction=93.2068%, Lmin=-8.60, Lmax=-4.90
12:33:18 [ultranest] [DEBUG] iteration=2410, ncalls=37074, regioncalls=1522720, ndraw=40, logz=-15.38, remainder_fraction=93.1629%, Lmin=-8.56, Lmax=-4.90
12:33:19 [ultranest] [DEBUG] iteration=2411, ncalls=37113, regioncalls=1524280, ndraw=40, logz=-15.37, remainder_fraction=93.1165%, Lmin=-8.56, Lmax=-4.90
12:33:20 [ultranest] [DEBUG] iteration=2412, ncalls=37145, regioncalls=1525880, ndraw=40, logz=-15.37, remainder_fraction=93.0884%, Lmin=-8.56, Lmax=-4.90
12:33:21 [ultranest] [DEBUG] iteration=2413, ncalls=37161, regioncalls=1526600, ndraw=40, logz=-15.36, remainder_fraction=93.0758%, Lmin=-8.55, Lmax=-4.90
12:33:23 [ultranest] [DEBUG] iteration=2414, ncalls=37243, regioncalls=1531040, ndraw=40, logz=-15.36, remainder_fraction=93.0664%, Lmin=-8.54, Lmax=-4.90
12:33:24 [ultranest] [DEBUG] iteration=2415, ncalls=37273, regioncalls=1532880, ndraw=40, logz=-15.35, remainder_fraction=93.0407%, Lmin=-8.54, Lmax=-4.90
12:33:24 [ultranest] [DEBUG] iteration=2416, ncalls=37282, regioncalls=1533280, ndraw=40, logz=-15.35, remainder_fraction=92.9891%, Lmin=-8.54, Lmax=-4.90
12:33:25 [ultranest] [DEBUG] iteration=2417, ncalls=37309, regioncalls=1535000, ndraw=40, logz=-15.34, remainder_fraction=92.9379%, Lmin=-8.54, Lmax=-4.90
12:33:26 [ultranest] [DEBUG] iteration=2418, ncalls=37335, regioncalls=1536360, ndraw=40, logz=-15.33, remainder_fraction=92.9309%, Lmin=-8.53, Lmax=-4.90
12:33:26 [ultranest] [DEBUG] iteration=2419, ncalls=37338, regioncalls=1536480, ndraw=40, logz=-15.33, remainder_fraction=92.8819%, Lmin=-8.53, Lmax=-4.90
12:33:28 [ultranest] [DEBUG] iteration=2420, ncalls=37380, regioncalls=1539080, ndraw=40, logz=-15.32, remainder_fraction=92.8344%, Lmin=-8.53, Lmax=-4.90
12:33:29 [ultranest] [DEBUG] iteration=2421, ncalls=37413, regioncalls=1540480, ndraw=40, logz=-15.32, remainder_fraction=92.7828%, Lmin=-8.52, Lmax=-4.90
12:33:30 [ultranest] [DEBUG] iteration=2422, ncalls=37455, regioncalls=1542960, ndraw=40, logz=-15.31, remainder_fraction=92.7416%, Lmin=-8.51, Lmax=-4.90
12:33:30 [ultranest] [DEBUG] iteration=2423, ncalls=37467, regioncalls=1543440, ndraw=40, logz=-15.31, remainder_fraction=92.7623%, Lmin=-8.50, Lmax=-4.90
12:33:31 [ultranest] [DEBUG] iteration=2424, ncalls=37484, regioncalls=1544360, ndraw=40, logz=-15.30, remainder_fraction=92.7590%, Lmin=-8.49, Lmax=-4.90
12:33:35 [ultranest] [DEBUG] iteration=2425, ncalls=37604, regioncalls=1549920, ndraw=40, logz=-15.30, remainder_fraction=92.7059%, Lmin=-8.49, Lmax=-4.90
12:33:37 [ultranest] [DEBUG] iteration=2426, ncalls=37680, regioncalls=1554840, ndraw=40, logz=-15.29, remainder_fraction=92.6584%, Lmin=-8.48, Lmax=-4.90
12:33:37 [ultranest] [DEBUG] iteration=2427, ncalls=37700, regioncalls=1555920, ndraw=40, logz=-15.29, remainder_fraction=92.6202%, Lmin=-8.48, Lmax=-4.90
12:33:39 [ultranest] [DEBUG] iteration=2428, ncalls=37748, regioncalls=1558400, ndraw=40, logz=-15.28, remainder_fraction=92.5662%, Lmin=-8.47, Lmax=-4.90
12:33:41 [ultranest] [DEBUG] iteration=2429, ncalls=37801, regioncalls=1560800, ndraw=40, logz=-15.27, remainder_fraction=92.5152%, Lmin=-8.46, Lmax=-4.90
12:33:41 [ultranest] [DEBUG] iteration=2430, ncalls=37814, regioncalls=1561320, ndraw=40, logz=-15.27, remainder_fraction=92.4614%, Lmin=-8.46, Lmax=-4.90
12:33:41 [ultranest] [DEBUG] iteration=2431, ncalls=37831, regioncalls=1562120, ndraw=40, logz=-15.26, remainder_fraction=92.4092%, Lmin=-8.46, Lmax=-4.90
12:33:43 [ultranest] [DEBUG] iteration=2432, ncalls=37886, regioncalls=1564360, ndraw=40, logz=-15.26, remainder_fraction=92.3549%, Lmin=-8.46, Lmax=-4.90
12:33:44 [ultranest] [DEBUG] iteration=2433, ncalls=37923, regioncalls=1566120, ndraw=40, logz=-15.25, remainder_fraction=92.3064%, Lmin=-8.45, Lmax=-4.90
12:33:45 [ultranest] [DEBUG] iteration=2434, ncalls=37966, regioncalls=1568200, ndraw=40, logz=-15.25, remainder_fraction=92.2522%, Lmin=-8.45, Lmax=-4.90
12:33:47 [ultranest] [DEBUG] iteration=2435, ncalls=38021, regioncalls=1570680, ndraw=40, logz=-15.24, remainder_fraction=92.2074%, Lmin=-8.45, Lmax=-4.90
12:33:47 [ultranest] [DEBUG] iteration=2436, ncalls=38031, regioncalls=1571200, ndraw=40, logz=-15.24, remainder_fraction=92.1696%, Lmin=-8.44, Lmax=-4.90
12:33:50 [ultranest] [DEBUG] iteration=2437, ncalls=38099, regioncalls=1574440, ndraw=40, logz=-15.23, remainder_fraction=92.1807%, Lmin=-8.43, Lmax=-4.90
12:33:50 [ultranest] [DEBUG] iteration=2438, ncalls=38105, regioncalls=1574680, ndraw=40, logz=-15.23, remainder_fraction=92.1757%, Lmin=-8.41, Lmax=-4.90
12:33:50 [ultranest] [DEBUG] iteration=2439, ncalls=38109, regioncalls=1574840, ndraw=40, logz=-15.22, remainder_fraction=92.1651%, Lmin=-8.41, Lmax=-4.90
12:33:51 [ultranest] [DEBUG] iteration=2440, ncalls=38155, regioncalls=1577560, ndraw=40, logz=-15.22, remainder_fraction=92.1736%, Lmin=-8.40, Lmax=-4.90
12:33:52 [ultranest] [DEBUG] iteration=2441, ncalls=38163, regioncalls=1578000, ndraw=40, logz=-15.21, remainder_fraction=92.1196%, Lmin=-8.40, Lmax=-4.90
12:33:52 [ultranest] [DEBUG] iteration=2442, ncalls=38178, regioncalls=1578760, ndraw=40, logz=-15.21, remainder_fraction=92.0711%, Lmin=-8.39, Lmax=-4.90
12:33:54 [ultranest] [DEBUG] iteration=2443, ncalls=38240, regioncalls=1581760, ndraw=40, logz=-15.20, remainder_fraction=92.0202%, Lmin=-8.38, Lmax=-4.90
12:33:55 [ultranest] [DEBUG] iteration=2444, ncalls=38271, regioncalls=1583400, ndraw=40, logz=-15.20, remainder_fraction=91.9802%, Lmin=-8.37, Lmax=-4.90
12:33:56 [ultranest] [DEBUG] iteration=2445, ncalls=38293, regioncalls=1584480, ndraw=40, logz=-15.19, remainder_fraction=91.9235%, Lmin=-8.36, Lmax=-4.90
12:33:57 [ultranest] [DEBUG] iteration=2446, ncalls=38331, regioncalls=1586600, ndraw=40, logz=-15.19, remainder_fraction=91.9173%, Lmin=-8.36, Lmax=-4.90
12:33:58 [ultranest] [DEBUG] iteration=2447, ncalls=38352, regioncalls=1587440, ndraw=40, logz=-15.18, remainder_fraction=91.8636%, Lmin=-8.35, Lmax=-4.90
12:33:58 [ultranest] [DEBUG] iteration=2448, ncalls=38356, regioncalls=1587600, ndraw=40, logz=-15.17, remainder_fraction=91.8176%, Lmin=-8.35, Lmax=-4.90
12:33:58 [ultranest] [DEBUG] iteration=2449, ncalls=38371, regioncalls=1588360, ndraw=40, logz=-15.17, remainder_fraction=91.7727%, Lmin=-8.34, Lmax=-4.90
12:33:59 [ultranest] [DEBUG] iteration=2450, ncalls=38399, regioncalls=1590400, ndraw=40, logz=-15.16, remainder_fraction=91.7148%, Lmin=-8.32, Lmax=-4.90
12:34:00 [ultranest] [DEBUG] iteration=2451, ncalls=38424, regioncalls=1591720, ndraw=40, logz=-15.16, remainder_fraction=91.6689%, Lmin=-8.31, Lmax=-4.90
12:34:01 [ultranest] [DEBUG] iteration=2453, ncalls=38471, regioncalls=1593760, ndraw=40, logz=-15.15, remainder_fraction=91.5564%, Lmin=-8.31, Lmax=-4.90
12:34:03 [ultranest] [DEBUG] iteration=2454, ncalls=38524, regioncalls=1595880, ndraw=40, logz=-15.14, remainder_fraction=91.5049%, Lmin=-8.30, Lmax=-4.90
12:34:03 [ultranest] [DEBUG] iteration=2455, ncalls=38534, regioncalls=1596840, ndraw=40, logz=-15.14, remainder_fraction=91.4483%, Lmin=-8.30, Lmax=-4.90
12:34:04 [ultranest] [DEBUG] iteration=2456, ncalls=38546, regioncalls=1597320, ndraw=40, logz=-15.13, remainder_fraction=91.3897%, Lmin=-8.30, Lmax=-4.90
12:34:05 [ultranest] [DEBUG] iteration=2457, ncalls=38591, regioncalls=1599120, ndraw=40, logz=-15.13, remainder_fraction=91.3317%, Lmin=-8.30, Lmax=-4.90
12:34:07 [ultranest] [DEBUG] iteration=2458, ncalls=38662, regioncalls=1602560, ndraw=40, logz=-15.12, remainder_fraction=91.2732%, Lmin=-8.29, Lmax=-4.90
12:34:08 [ultranest] [DEBUG] iteration=2459, ncalls=38690, regioncalls=1604320, ndraw=40, logz=-15.12, remainder_fraction=91.2483%, Lmin=-8.29, Lmax=-4.90
12:34:08 [ultranest] [DEBUG] iteration=2460, ncalls=38700, regioncalls=1604720, ndraw=40, logz=-15.11, remainder_fraction=91.2454%, Lmin=-8.29, Lmax=-4.90
12:34:12 [ultranest] [DEBUG] iteration=2461, ncalls=38834, regioncalls=1610880, ndraw=40, logz=-15.11, remainder_fraction=91.1898%, Lmin=-8.28, Lmax=-4.90
12:34:14 [ultranest] [DEBUG] iteration=2462, ncalls=38895, regioncalls=1613880, ndraw=40, logz=-15.10, remainder_fraction=91.1406%, Lmin=-8.27, Lmax=-4.90
12:34:15 [ultranest] [DEBUG] iteration=2463, ncalls=38910, regioncalls=1614480, ndraw=40, logz=-15.10, remainder_fraction=91.0838%, Lmin=-8.27, Lmax=-4.90
12:34:15 [ultranest] [DEBUG] iteration=2464, ncalls=38931, regioncalls=1615440, ndraw=40, logz=-15.09, remainder_fraction=91.0426%, Lmin=-8.27, Lmax=-4.90
12:34:15 [ultranest] [DEBUG] iteration=2466, ncalls=38938, regioncalls=1615720, ndraw=40, logz=-15.08, remainder_fraction=90.9403%, Lmin=-8.26, Lmax=-4.90
12:34:16 [ultranest] [DEBUG] iteration=2467, ncalls=38957, regioncalls=1616800, ndraw=40, logz=-15.08, remainder_fraction=90.9063%, Lmin=-8.26, Lmax=-4.90
12:34:18 [ultranest] [DEBUG] iteration=2468, ncalls=39008, regioncalls=1619040, ndraw=40, logz=-15.07, remainder_fraction=90.8447%, Lmin=-8.26, Lmax=-4.90
12:34:20 [ultranest] [DEBUG] iteration=2469, ncalls=39075, regioncalls=1622320, ndraw=40, logz=-15.07, remainder_fraction=90.7864%, Lmin=-8.25, Lmax=-4.90
12:34:21 [ultranest] [DEBUG] iteration=2471, ncalls=39126, regioncalls=1625520, ndraw=40, logz=-15.06, remainder_fraction=90.6876%, Lmin=-8.25, Lmax=-4.90
12:34:22 [ultranest] [DEBUG] iteration=2472, ncalls=39137, regioncalls=1626160, ndraw=40, logz=-15.05, remainder_fraction=90.6375%, Lmin=-8.25, Lmax=-4.90
12:34:22 [ultranest] [DEBUG] iteration=2473, ncalls=39152, regioncalls=1626760, ndraw=40, logz=-15.05, remainder_fraction=90.5756%, Lmin=-8.25, Lmax=-4.90
12:34:22 [ultranest] [DEBUG] iteration=2474, ncalls=39163, regioncalls=1627240, ndraw=40, logz=-15.04, remainder_fraction=90.5204%, Lmin=-8.25, Lmax=-4.90
12:34:23 [ultranest] [DEBUG] iteration=2475, ncalls=39179, regioncalls=1628080, ndraw=40, logz=-15.04, remainder_fraction=90.4625%, Lmin=-8.24, Lmax=-4.90
12:34:24 [ultranest] [DEBUG] iteration=2476, ncalls=39218, regioncalls=1629880, ndraw=40, logz=-15.03, remainder_fraction=90.4302%, Lmin=-8.23, Lmax=-4.90
12:34:25 [ultranest] [DEBUG] iteration=2477, ncalls=39237, regioncalls=1630640, ndraw=40, logz=-15.03, remainder_fraction=90.4077%, Lmin=-8.23, Lmax=-4.90
12:34:25 [ultranest] [DEBUG] iteration=2478, ncalls=39250, regioncalls=1631160, ndraw=40, logz=-15.02, remainder_fraction=90.3471%, Lmin=-8.23, Lmax=-4.90
12:34:25 [ultranest] [DEBUG] iteration=2479, ncalls=39261, regioncalls=1632120, ndraw=40, logz=-15.02, remainder_fraction=90.2881%, Lmin=-8.22, Lmax=-4.90
12:34:27 [ultranest] [DEBUG] iteration=2480, ncalls=39310, regioncalls=1634800, ndraw=40, logz=-15.02, remainder_fraction=90.2424%, Lmin=-8.21, Lmax=-4.90
12:34:29 [ultranest] [DEBUG] iteration=2481, ncalls=39398, regioncalls=1639240, ndraw=40, logz=-15.01, remainder_fraction=90.1866%, Lmin=-8.21, Lmax=-4.90
12:34:30 [ultranest] [DEBUG] iteration=2482, ncalls=39423, regioncalls=1640280, ndraw=40, logz=-15.01, remainder_fraction=90.1313%, Lmin=-8.20, Lmax=-4.90
12:34:31 [ultranest] [DEBUG] iteration=2483, ncalls=39446, regioncalls=1642240, ndraw=40, logz=-15.00, remainder_fraction=90.0815%, Lmin=-8.20, Lmax=-4.90
12:34:31 [ultranest] [DEBUG] iteration=2484, ncalls=39461, regioncalls=1642880, ndraw=40, logz=-15.00, remainder_fraction=90.0184%, Lmin=-8.20, Lmax=-4.90
12:34:32 [ultranest] [DEBUG] iteration=2485, ncalls=39473, regioncalls=1644040, ndraw=40, logz=-14.99, remainder_fraction=90.0030%, Lmin=-8.18, Lmax=-4.90
12:34:34 [ultranest] [DEBUG] iteration=2486, ncalls=39558, regioncalls=1648520, ndraw=40, logz=-14.99, remainder_fraction=89.9404%, Lmin=-8.18, Lmax=-4.90
12:34:35 [ultranest] [DEBUG] iteration=2487, ncalls=39591, regioncalls=1649840, ndraw=40, logz=-14.98, remainder_fraction=89.9305%, Lmin=-8.18, Lmax=-4.90
12:34:36 [ultranest] [DEBUG] iteration=2488, ncalls=39605, regioncalls=1650520, ndraw=40, logz=-14.98, remainder_fraction=89.8725%, Lmin=-8.18, Lmax=-4.90
12:34:36 [ultranest] [DEBUG] iteration=2489, ncalls=39625, regioncalls=1652200, ndraw=40, logz=-14.97, remainder_fraction=89.8738%, Lmin=-8.17, Lmax=-4.90
12:34:39 [ultranest] [DEBUG] iteration=2490, ncalls=39720, regioncalls=1658360, ndraw=40, logz=-14.97, remainder_fraction=89.8105%, Lmin=-8.17, Lmax=-4.90
12:34:40 [ultranest] [DEBUG] iteration=2491, ncalls=39736, regioncalls=1659040, ndraw=40, logz=-14.96, remainder_fraction=89.7511%, Lmin=-8.17, Lmax=-4.90
12:34:40 [ultranest] [DEBUG] iteration=2492, ncalls=39748, regioncalls=1659640, ndraw=40, logz=-14.96, remainder_fraction=89.6866%, Lmin=-8.16, Lmax=-4.90
12:34:40 [ultranest] [DEBUG] iteration=2493, ncalls=39754, regioncalls=1659880, ndraw=40, logz=-14.95, remainder_fraction=89.6334%, Lmin=-8.16, Lmax=-4.90
12:34:40 [ultranest] [DEBUG] iteration=2494, ncalls=39767, regioncalls=1660560, ndraw=40, logz=-14.95, remainder_fraction=89.6048%, Lmin=-8.16, Lmax=-4.90
12:34:41 [ultranest] [DEBUG] iteration=2495, ncalls=39792, regioncalls=1662120, ndraw=40, logz=-14.95, remainder_fraction=89.5426%, Lmin=-8.16, Lmax=-4.90
12:34:41 [ultranest] [DEBUG] iteration=2496, ncalls=39804, regioncalls=1662640, ndraw=40, logz=-14.94, remainder_fraction=89.4779%, Lmin=-8.16, Lmax=-4.90
12:34:42 [ultranest] [DEBUG] iteration=2498, ncalls=39833, regioncalls=1664000, ndraw=40, logz=-14.93, remainder_fraction=89.3918%, Lmin=-8.14, Lmax=-4.90
12:34:43 [ultranest] [DEBUG] iteration=2499, ncalls=39854, regioncalls=1664840, ndraw=40, logz=-14.93, remainder_fraction=89.3708%, Lmin=-8.13, Lmax=-4.90
12:34:46 [ultranest] [DEBUG] iteration=2500, ncalls=39957, regioncalls=1670520, ndraw=40, logz=-14.92, remainder_fraction=89.3069%, Lmin=-8.13, Lmax=-4.90
12:34:50 [ultranest] [DEBUG] iteration=2501, ncalls=40096, regioncalls=1678360, ndraw=40, logz=-14.92, remainder_fraction=89.2877%, Lmin=-8.13, Lmax=-4.90
12:34:51 [ultranest] [DEBUG] iteration=2502, ncalls=40118, regioncalls=1680040, ndraw=40, logz=-14.91, remainder_fraction=89.3255%, Lmin=-8.12, Lmax=-4.90
12:34:55 [ultranest] [DEBUG] iteration=2503, ncalls=40248, regioncalls=1686160, ndraw=40, logz=-14.91, remainder_fraction=89.2607%, Lmin=-8.12, Lmax=-4.90
12:34:58 [ultranest] [DEBUG] iteration=2504, ncalls=40331, regioncalls=1689720, ndraw=40, logz=-14.91, remainder_fraction=89.1972%, Lmin=-8.09, Lmax=-4.90
12:34:58 [ultranest] [DEBUG] iteration=2505, ncalls=40350, regioncalls=1691280, ndraw=40, logz=-14.90, remainder_fraction=89.1627%, Lmin=-8.09, Lmax=-4.90
12:35:01 [ultranest] [DEBUG] iteration=2506, ncalls=40442, regioncalls=1695880, ndraw=40, logz=-14.90, remainder_fraction=89.0963%, Lmin=-8.08, Lmax=-4.90
12:35:01 [ultranest] [DEBUG] iteration=2507, ncalls=40446, regioncalls=1696040, ndraw=40, logz=-14.89, remainder_fraction=89.0811%, Lmin=-8.07, Lmax=-4.90
12:35:04 [ultranest] [DEBUG] iteration=2508, ncalls=40564, regioncalls=1703120, ndraw=40, logz=-14.89, remainder_fraction=89.0427%, Lmin=-8.07, Lmax=-4.90
12:35:06 [ultranest] [DEBUG] iteration=2509, ncalls=40598, regioncalls=1705080, ndraw=40, logz=-14.88, remainder_fraction=88.9772%, Lmin=-8.06, Lmax=-4.90
12:35:07 [ultranest] [DEBUG] iteration=2510, ncalls=40648, regioncalls=1708080, ndraw=40, logz=-14.88, remainder_fraction=88.9342%, Lmin=-8.06, Lmax=-4.90
12:35:09 [ultranest] [DEBUG] iteration=2511, ncalls=40695, regioncalls=1710280, ndraw=40, logz=-14.87, remainder_fraction=88.9403%, Lmin=-8.06, Lmax=-4.90
12:35:13 [ultranest] [DEBUG] iteration=2512, ncalls=40844, regioncalls=1717800, ndraw=40, logz=-14.87, remainder_fraction=88.8754%, Lmin=-8.05, Lmax=-4.90
12:35:14 [ultranest] [DEBUG] iteration=2513, ncalls=40880, regioncalls=1719640, ndraw=40, logz=-14.87, remainder_fraction=88.8100%, Lmin=-8.05, Lmax=-4.90
12:35:15 [ultranest] [DEBUG] iteration=2514, ncalls=40892, regioncalls=1720120, ndraw=40, logz=-14.86, remainder_fraction=88.8203%, Lmin=-8.04, Lmax=-4.90
12:35:18 [ultranest] [DEBUG] iteration=2515, ncalls=41006, regioncalls=1725760, ndraw=40, logz=-14.86, remainder_fraction=88.7657%, Lmin=-8.02, Lmax=-4.90
12:35:21 [ultranest] [DEBUG] iteration=2516, ncalls=41102, regioncalls=1730760, ndraw=40, logz=-14.85, remainder_fraction=88.7154%, Lmin=-8.02, Lmax=-4.90
12:35:21 [ultranest] [DEBUG] iteration=2517, ncalls=41106, regioncalls=1730960, ndraw=40, logz=-14.85, remainder_fraction=88.6545%, Lmin=-8.02, Lmax=-4.90
12:35:21 [ultranest] [DEBUG] iteration=2518, ncalls=41114, regioncalls=1731360, ndraw=40, logz=-14.84, remainder_fraction=88.6436%, Lmin=-8.01, Lmax=-4.90
12:35:25 [ultranest] [DEBUG] iteration=2519, ncalls=41220, regioncalls=1736160, ndraw=40, logz=-14.84, remainder_fraction=88.5774%, Lmin=-8.00, Lmax=-4.90
12:35:25 [ultranest] [DEBUG] iteration=2520, ncalls=41225, regioncalls=1736360, ndraw=40, logz=-14.84, remainder_fraction=88.5585%, Lmin=-8.00, Lmax=-4.90
12:35:25 [ultranest] [DEBUG] iteration=2522, ncalls=41243, regioncalls=1737080, ndraw=40, logz=-14.83, remainder_fraction=88.4722%, Lmin=-7.99, Lmax=-4.90
12:35:26 [ultranest] [DEBUG] iteration=2523, ncalls=41252, regioncalls=1737440, ndraw=40, logz=-14.82, remainder_fraction=88.4074%, Lmin=-7.99, Lmax=-4.90
12:35:26 [ultranest] [DEBUG] iteration=2524, ncalls=41261, regioncalls=1737840, ndraw=40, logz=-14.82, remainder_fraction=88.3523%, Lmin=-7.99, Lmax=-4.90
12:35:27 [ultranest] [DEBUG] iteration=2525, ncalls=41291, regioncalls=1739240, ndraw=40, logz=-14.81, remainder_fraction=88.3212%, Lmin=-7.99, Lmax=-4.90
12:35:28 [ultranest] [DEBUG] iteration=2526, ncalls=41332, regioncalls=1741360, ndraw=40, logz=-14.81, remainder_fraction=88.2721%, Lmin=-7.98, Lmax=-4.90
12:35:29 [ultranest] [DEBUG] iteration=2527, ncalls=41355, regioncalls=1742280, ndraw=40, logz=-14.80, remainder_fraction=88.2057%, Lmin=-7.98, Lmax=-4.90
12:35:33 [ultranest] [DEBUG] iteration=2528, ncalls=41472, regioncalls=1748200, ndraw=40, logz=-14.80, remainder_fraction=88.1558%, Lmin=-7.98, Lmax=-4.90
12:35:33 [ultranest] [DEBUG] iteration=2529, ncalls=41487, regioncalls=1748800, ndraw=40, logz=-14.80, remainder_fraction=88.1072%, Lmin=-7.97, Lmax=-4.90
12:35:36 [ultranest] [DEBUG] iteration=2530, ncalls=41590, regioncalls=1753400, ndraw=40, logz=-14.79, remainder_fraction=88.0661%, Lmin=-7.97, Lmax=-4.90
12:35:37 [ultranest] [DEBUG] iteration=2531, ncalls=41619, regioncalls=1754760, ndraw=40, logz=-14.79, remainder_fraction=88.0121%, Lmin=-7.97, Lmax=-4.90
12:35:38 [ultranest] [DEBUG] iteration=2532, ncalls=41644, regioncalls=1755880, ndraw=40, logz=-14.78, remainder_fraction=87.9479%, Lmin=-7.96, Lmax=-4.90
12:35:40 [ultranest] [DEBUG] iteration=2533, ncalls=41691, regioncalls=1758200, ndraw=40, logz=-14.78, remainder_fraction=87.8815%, Lmin=-7.95, Lmax=-4.90
12:35:41 [ultranest] [DEBUG] iteration=2534, ncalls=41718, regioncalls=1759560, ndraw=40, logz=-14.78, remainder_fraction=87.8157%, Lmin=-7.94, Lmax=-4.90
12:35:41 [ultranest] [DEBUG] iteration=2535, ncalls=41728, regioncalls=1759960, ndraw=40, logz=-14.77, remainder_fraction=87.8113%, Lmin=-7.94, Lmax=-4.90
12:35:42 [ultranest] [DEBUG] iteration=2536, ncalls=41768, regioncalls=1761720, ndraw=40, logz=-14.77, remainder_fraction=87.7455%, Lmin=-7.94, Lmax=-4.90
12:35:43 [ultranest] [DEBUG] iteration=2537, ncalls=41778, regioncalls=1762680, ndraw=40, logz=-14.76, remainder_fraction=87.6767%, Lmin=-7.93, Lmax=-4.90
12:35:43 [ultranest] [DEBUG] iteration=2538, ncalls=41810, regioncalls=1764480, ndraw=40, logz=-14.76, remainder_fraction=87.6109%, Lmin=-7.93, Lmax=-4.90
12:35:46 [ultranest] [DEBUG] iteration=2539, ncalls=41877, regioncalls=1768200, ndraw=40, logz=-14.75, remainder_fraction=87.5492%, Lmin=-7.91, Lmax=-4.90
12:35:46 [ultranest] [DEBUG] iteration=2540, ncalls=41891, regioncalls=1768800, ndraw=40, logz=-14.75, remainder_fraction=87.4834%, Lmin=-7.91, Lmax=-4.90
12:35:47 [ultranest] [DEBUG] iteration=2541, ncalls=41916, regioncalls=1770240, ndraw=40, logz=-14.75, remainder_fraction=87.4217%, Lmin=-7.91, Lmax=-4.90
12:35:49 [ultranest] [DEBUG] iteration=2543, ncalls=41980, regioncalls=1774480, ndraw=40, logz=-14.74, remainder_fraction=87.3046%, Lmin=-7.91, Lmax=-4.90
12:35:49 [ultranest] [DEBUG] iteration=2544, ncalls=41990, regioncalls=1774880, ndraw=40, logz=-14.73, remainder_fraction=87.2338%, Lmin=-7.90, Lmax=-4.90
12:35:53 [ultranest] [DEBUG] iteration=2545, ncalls=42129, regioncalls=1783280, ndraw=40, logz=-14.73, remainder_fraction=87.2202%, Lmin=-7.89, Lmax=-4.90
12:35:54 [ultranest] [DEBUG] iteration=2547, ncalls=42165, regioncalls=1785800, ndraw=40, logz=-14.72, remainder_fraction=87.1449%, Lmin=-7.87, Lmax=-4.90
12:35:55 [ultranest] [DEBUG] iteration=2548, ncalls=42194, regioncalls=1787160, ndraw=40, logz=-14.72, remainder_fraction=87.0987%, Lmin=-7.87, Lmax=-4.90
12:35:57 [ultranest] [DEBUG] iteration=2549, ncalls=42239, regioncalls=1789760, ndraw=40, logz=-14.71, remainder_fraction=87.0256%, Lmin=-7.87, Lmax=-4.90
12:35:57 [ultranest] [DEBUG] iteration=2550, ncalls=42257, regioncalls=1791160, ndraw=40, logz=-14.71, remainder_fraction=86.9509%, Lmin=-7.86, Lmax=-4.90
12:35:58 [ultranest] [DEBUG] iteration=2551, ncalls=42272, regioncalls=1792600, ndraw=40, logz=-14.70, remainder_fraction=86.8944%, Lmin=-7.85, Lmax=-4.90
12:35:58 [ultranest] [DEBUG] iteration=2552, ncalls=42283, regioncalls=1793040, ndraw=40, logz=-14.70, remainder_fraction=86.8248%, Lmin=-7.85, Lmax=-4.90
12:35:59 [ultranest] [DEBUG] iteration=2553, ncalls=42304, regioncalls=1794000, ndraw=40, logz=-14.70, remainder_fraction=86.7537%, Lmin=-7.84, Lmax=-4.90
12:35:59 [ultranest] [DEBUG] iteration=2554, ncalls=42320, regioncalls=1794840, ndraw=40, logz=-14.69, remainder_fraction=86.6905%, Lmin=-7.84, Lmax=-4.90
12:36:00 [ultranest] [DEBUG] iteration=2555, ncalls=42357, regioncalls=1796840, ndraw=40, logz=-14.69, remainder_fraction=86.6265%, Lmin=-7.84, Lmax=-4.90
12:36:03 [ultranest] [DEBUG] iteration=2556, ncalls=42432, regioncalls=1801520, ndraw=40, logz=-14.68, remainder_fraction=86.5555%, Lmin=-7.84, Lmax=-4.90
12:36:03 [ultranest] [DEBUG] iteration=2557, ncalls=42452, regioncalls=1803000, ndraw=40, logz=-14.68, remainder_fraction=86.4813%, Lmin=-7.83, Lmax=-4.90
12:36:03 [ultranest] [DEBUG] iteration=2558, ncalls=42460, regioncalls=1803480, ndraw=40, logz=-14.68, remainder_fraction=86.4471%, Lmin=-7.83, Lmax=-4.90
12:36:04 [ultranest] [DEBUG] iteration=2559, ncalls=42468, regioncalls=1804000, ndraw=40, logz=-14.67, remainder_fraction=86.3776%, Lmin=-7.82, Lmax=-4.90
12:36:04 [ultranest] [DEBUG] iteration=2560, ncalls=42489, regioncalls=1805120, ndraw=40, logz=-14.67, remainder_fraction=86.3304%, Lmin=-7.82, Lmax=-4.90
12:36:05 [ultranest] [DEBUG] iteration=2561, ncalls=42515, regioncalls=1806600, ndraw=40, logz=-14.66, remainder_fraction=86.2531%, Lmin=-7.82, Lmax=-4.90
12:36:05 [ultranest] [DEBUG] iteration=2562, ncalls=42518, regioncalls=1806720, ndraw=40, logz=-14.66, remainder_fraction=86.1776%, Lmin=-7.82, Lmax=-4.90
12:36:06 [ultranest] [DEBUG] iteration=2563, ncalls=42531, regioncalls=1807240, ndraw=40, logz=-14.66, remainder_fraction=86.1062%, Lmin=-7.81, Lmax=-4.90
12:36:06 [ultranest] [DEBUG] iteration=2564, ncalls=42534, regioncalls=1807360, ndraw=40, logz=-14.65, remainder_fraction=86.0958%, Lmin=-7.81, Lmax=-4.90
12:36:07 [ultranest] [DEBUG] iteration=2565, ncalls=42558, regioncalls=1808440, ndraw=40, logz=-14.65, remainder_fraction=86.0306%, Lmin=-7.81, Lmax=-4.90
12:36:08 [ultranest] [DEBUG] iteration=2566, ncalls=42604, regioncalls=1810720, ndraw=40, logz=-14.64, remainder_fraction=85.9766%, Lmin=-7.80, Lmax=-4.90
12:36:09 [ultranest] [DEBUG] iteration=2567, ncalls=42616, regioncalls=1811880, ndraw=40, logz=-14.64, remainder_fraction=85.9109%, Lmin=-7.80, Lmax=-4.90
12:36:09 [ultranest] [DEBUG] iteration=2568, ncalls=42619, regioncalls=1812000, ndraw=40, logz=-14.64, remainder_fraction=85.8501%, Lmin=-7.80, Lmax=-4.90
12:36:12 [ultranest] [DEBUG] iteration=2569, ncalls=42741, regioncalls=1818800, ndraw=40, logz=-14.63, remainder_fraction=85.8051%, Lmin=-7.80, Lmax=-4.90
12:36:14 [ultranest] [DEBUG] iteration=2570, ncalls=42777, regioncalls=1821040, ndraw=40, logz=-14.63, remainder_fraction=85.7333%, Lmin=-7.79, Lmax=-4.90
12:36:14 [ultranest] [DEBUG] iteration=2571, ncalls=42782, regioncalls=1821240, ndraw=40, logz=-14.62, remainder_fraction=85.6744%, Lmin=-7.78, Lmax=-4.90
12:36:14 [ultranest] [DEBUG] iteration=2572, ncalls=42805, regioncalls=1822240, ndraw=40, logz=-14.62, remainder_fraction=85.6405%, Lmin=-7.77, Lmax=-4.90
12:36:15 [ultranest] [DEBUG] iteration=2573, ncalls=42830, regioncalls=1823400, ndraw=40, logz=-14.62, remainder_fraction=85.5675%, Lmin=-7.76, Lmax=-4.90
12:36:18 [ultranest] [DEBUG] iteration=2574, ncalls=42927, regioncalls=1828440, ndraw=40, logz=-14.61, remainder_fraction=85.5046%, Lmin=-7.76, Lmax=-4.90
12:36:19 [ultranest] [DEBUG] iteration=2575, ncalls=42972, regioncalls=1831480, ndraw=40, logz=-14.61, remainder_fraction=85.4339%, Lmin=-7.74, Lmax=-4.90
12:36:20 [ultranest] [DEBUG] iteration=2576, ncalls=43003, regioncalls=1832920, ndraw=40, logz=-14.60, remainder_fraction=85.3785%, Lmin=-7.74, Lmax=-4.90
12:36:22 [ultranest] [DEBUG] iteration=2577, ncalls=43047, regioncalls=1835360, ndraw=40, logz=-14.60, remainder_fraction=85.2988%, Lmin=-7.74, Lmax=-4.90
12:36:23 [ultranest] [DEBUG] iteration=2578, ncalls=43085, regioncalls=1838920, ndraw=40, logz=-14.60, remainder_fraction=85.2898%, Lmin=-7.73, Lmax=-4.90
12:36:24 [ultranest] [DEBUG] iteration=2579, ncalls=43108, regioncalls=1840160, ndraw=40, logz=-14.59, remainder_fraction=85.2119%, Lmin=-7.73, Lmax=-4.90
12:36:24 [ultranest] [DEBUG] iteration=2580, ncalls=43121, regioncalls=1840720, ndraw=40, logz=-14.59, remainder_fraction=85.1465%, Lmin=-7.72, Lmax=-4.90
12:36:25 [ultranest] [DEBUG] iteration=2581, ncalls=43144, regioncalls=1841680, ndraw=40, logz=-14.59, remainder_fraction=85.1209%, Lmin=-7.71, Lmax=-4.90
12:36:27 [ultranest] [DEBUG] iteration=2582, ncalls=43204, regioncalls=1845040, ndraw=40, logz=-14.58, remainder_fraction=85.0410%, Lmin=-7.71, Lmax=-4.90
12:36:28 [ultranest] [DEBUG] iteration=2583, ncalls=43241, regioncalls=1848000, ndraw=40, logz=-14.58, remainder_fraction=84.9963%, Lmin=-7.70, Lmax=-4.90
12:36:28 [ultranest] [DEBUG] iteration=2584, ncalls=43254, regioncalls=1849080, ndraw=40, logz=-14.57, remainder_fraction=84.9164%, Lmin=-7.70, Lmax=-4.90
12:36:30 [ultranest] [DEBUG] iteration=2585, ncalls=43321, regioncalls=1853000, ndraw=40, logz=-14.57, remainder_fraction=84.8771%, Lmin=-7.70, Lmax=-4.90
12:36:31 [ultranest] [DEBUG] iteration=2586, ncalls=43327, regioncalls=1853320, ndraw=40, logz=-14.57, remainder_fraction=84.7977%, Lmin=-7.70, Lmax=-4.90
12:36:32 [ultranest] [DEBUG] iteration=2587, ncalls=43382, regioncalls=1856480, ndraw=40, logz=-14.56, remainder_fraction=84.7301%, Lmin=-7.70, Lmax=-4.90
12:36:33 [ultranest] [DEBUG] iteration=2588, ncalls=43392, regioncalls=1856960, ndraw=40, logz=-14.56, remainder_fraction=84.6531%, Lmin=-7.70, Lmax=-4.90
12:36:35 [ultranest] [DEBUG] iteration=2589, ncalls=43476, regioncalls=1862440, ndraw=40, logz=-14.55, remainder_fraction=84.5752%, Lmin=-7.69, Lmax=-4.90
12:36:36 [ultranest] [DEBUG] iteration=2590, ncalls=43492, regioncalls=1863400, ndraw=40, logz=-14.55, remainder_fraction=84.4956%, Lmin=-7.68, Lmax=-4.90
12:36:36 [ultranest] [DEBUG] iteration=2591, ncalls=43502, regioncalls=1863800, ndraw=40, logz=-14.55, remainder_fraction=84.4644%, Lmin=-7.67, Lmax=-4.90
12:36:37 [ultranest] [DEBUG] iteration=2592, ncalls=43525, regioncalls=1865120, ndraw=40, logz=-14.54, remainder_fraction=84.3830%, Lmin=-7.67, Lmax=-4.90
12:36:37 [ultranest] [DEBUG] iteration=2593, ncalls=43534, regioncalls=1865640, ndraw=40, logz=-14.54, remainder_fraction=84.3077%, Lmin=-7.67, Lmax=-4.90
12:36:37 [ultranest] [DEBUG] iteration=2594, ncalls=43542, regioncalls=1866040, ndraw=40, logz=-14.54, remainder_fraction=84.2331%, Lmin=-7.66, Lmax=-4.90
12:36:39 [ultranest] [DEBUG] iteration=2595, ncalls=43601, regioncalls=1868840, ndraw=40, logz=-14.53, remainder_fraction=84.1790%, Lmin=-7.66, Lmax=-4.90
12:36:42 [ultranest] [DEBUG] iteration=2596, ncalls=43675, regioncalls=1873960, ndraw=40, logz=-14.53, remainder_fraction=84.0955%, Lmin=-7.65, Lmax=-4.90
12:36:43 [ultranest] [DEBUG] iteration=2597, ncalls=43711, regioncalls=1875520, ndraw=40, logz=-14.52, remainder_fraction=84.0449%, Lmin=-7.65, Lmax=-4.90
12:36:44 [ultranest] [DEBUG] iteration=2598, ncalls=43770, regioncalls=1878440, ndraw=40, logz=-14.52, remainder_fraction=84.0015%, Lmin=-7.65, Lmax=-4.90
12:36:45 [ultranest] [DEBUG] iteration=2599, ncalls=43799, regioncalls=1879680, ndraw=40, logz=-14.52, remainder_fraction=83.9208%, Lmin=-7.64, Lmax=-4.90
12:36:48 [ultranest] [DEBUG] iteration=2600, ncalls=43865, regioncalls=1884160, ndraw=40, logz=-14.51, remainder_fraction=83.8565%, Lmin=-7.63, Lmax=-4.90
12:36:48 [ultranest] [DEBUG] iteration=2601, ncalls=43874, regioncalls=1884760, ndraw=40, logz=-14.51, remainder_fraction=83.7892%, Lmin=-7.62, Lmax=-4.90
12:36:49 [ultranest] [DEBUG] iteration=2602, ncalls=43900, regioncalls=1886800, ndraw=40, logz=-14.50, remainder_fraction=83.7390%, Lmin=-7.62, Lmax=-4.90
12:36:50 [ultranest] [DEBUG] iteration=2603, ncalls=43937, regioncalls=1889080, ndraw=40, logz=-14.50, remainder_fraction=83.6733%, Lmin=-7.62, Lmax=-4.90
12:36:51 [ultranest] [DEBUG] iteration=2604, ncalls=43966, regioncalls=1891200, ndraw=40, logz=-14.50, remainder_fraction=83.5957%, Lmin=-7.61, Lmax=-4.90
12:36:51 [ultranest] [DEBUG] iteration=2605, ncalls=43972, regioncalls=1891680, ndraw=40, logz=-14.49, remainder_fraction=83.5198%, Lmin=-7.61, Lmax=-4.90
12:36:52 [ultranest] [DEBUG] iteration=2606, ncalls=43993, regioncalls=1893040, ndraw=40, logz=-14.49, remainder_fraction=83.4346%, Lmin=-7.60, Lmax=-4.90
12:36:52 [ultranest] [DEBUG] iteration=2607, ncalls=44016, regioncalls=1894280, ndraw=40, logz=-14.49, remainder_fraction=83.3603%, Lmin=-7.60, Lmax=-4.90
12:36:53 [ultranest] [DEBUG] iteration=2609, ncalls=44025, regioncalls=1894920, ndraw=40, logz=-14.48, remainder_fraction=83.2600%, Lmin=-7.59, Lmax=-4.90
12:36:54 [ultranest] [DEBUG] iteration=2610, ncalls=44052, regioncalls=1896520, ndraw=40, logz=-14.47, remainder_fraction=83.1846%, Lmin=-7.59, Lmax=-4.90
12:36:59 [ultranest] [DEBUG] iteration=2611, ncalls=44225, regioncalls=1909080, ndraw=40, logz=-14.47, remainder_fraction=83.0980%, Lmin=-7.58, Lmax=-4.90
12:37:00 [ultranest] [DEBUG] iteration=2613, ncalls=44254, regioncalls=1911200, ndraw=40, logz=-14.46, remainder_fraction=82.9887%, Lmin=-7.58, Lmax=-4.90
12:37:08 [ultranest] [DEBUG] iteration=2614, ncalls=44489, regioncalls=1926600, ndraw=40, logz=-14.46, remainder_fraction=82.9029%, Lmin=-7.58, Lmax=-4.90
12:37:09 [ultranest] [DEBUG] iteration=2616, ncalls=44546, regioncalls=1931640, ndraw=40, logz=-14.45, remainder_fraction=82.7730%, Lmin=-7.57, Lmax=-4.90
12:37:09 [ultranest] [DEBUG] iteration=2617, ncalls=44549, regioncalls=1931760, ndraw=40, logz=-14.45, remainder_fraction=82.7242%, Lmin=-7.57, Lmax=-4.90
12:37:10 [ultranest] [DEBUG] iteration=2618, ncalls=44571, regioncalls=1933160, ndraw=40, logz=-14.45, remainder_fraction=82.6955%, Lmin=-7.56, Lmax=-4.90
12:37:11 [ultranest] [DEBUG] iteration=2619, ncalls=44610, regioncalls=1935480, ndraw=40, logz=-14.44, remainder_fraction=82.6360%, Lmin=-7.56, Lmax=-4.90
12:37:14 [ultranest] [DEBUG] iteration=2620, ncalls=44681, regioncalls=1940760, ndraw=40, logz=-14.44, remainder_fraction=82.5786%, Lmin=-7.56, Lmax=-4.90
12:37:14 [ultranest] [DEBUG] iteration=2621, ncalls=44702, regioncalls=1941680, ndraw=40, logz=-14.43, remainder_fraction=82.5240%, Lmin=-7.56, Lmax=-4.90
12:37:15 [ultranest] [DEBUG] iteration=2622, ncalls=44738, regioncalls=1943280, ndraw=40, logz=-14.43, remainder_fraction=82.4636%, Lmin=-7.56, Lmax=-4.90
12:37:15 [ultranest] [DEBUG] iteration=2624, ncalls=44748, regioncalls=1943680, ndraw=40, logz=-14.42, remainder_fraction=82.3386%, Lmin=-7.55, Lmax=-4.90
12:37:16 [ultranest] [DEBUG] iteration=2625, ncalls=44757, regioncalls=1944080, ndraw=40, logz=-14.42, remainder_fraction=82.2889%, Lmin=-7.54, Lmax=-4.90
12:37:18 [ultranest] [DEBUG] iteration=2626, ncalls=44827, regioncalls=1948560, ndraw=40, logz=-14.42, remainder_fraction=82.2067%, Lmin=-7.54, Lmax=-4.90
12:37:19 [ultranest] [DEBUG] iteration=2627, ncalls=44846, regioncalls=1950120, ndraw=40, logz=-14.41, remainder_fraction=82.1395%, Lmin=-7.53, Lmax=-4.90
12:37:20 [ultranest] [DEBUG] iteration=2629, ncalls=44886, regioncalls=1952480, ndraw=40, logz=-14.41, remainder_fraction=81.9987%, Lmin=-7.52, Lmax=-4.90
12:37:20 [ultranest] [DEBUG] iteration=2630, ncalls=44898, regioncalls=1953320, ndraw=40, logz=-14.40, remainder_fraction=81.9378%, Lmin=-7.51, Lmax=-4.90
12:37:23 [ultranest] [DEBUG] iteration=2631, ncalls=44966, regioncalls=1956520, ndraw=40, logz=-14.40, remainder_fraction=81.9217%, Lmin=-7.51, Lmax=-4.90
12:37:23 [ultranest] [DEBUG] iteration=2632, ncalls=44985, regioncalls=1958240, ndraw=40, logz=-14.40, remainder_fraction=81.8764%, Lmin=-7.51, Lmax=-4.90
12:37:24 [ultranest] [DEBUG] iteration=2633, ncalls=45009, regioncalls=1959600, ndraw=40, logz=-14.39, remainder_fraction=81.8991%, Lmin=-7.50, Lmax=-4.90
12:37:24 [ultranest] [DEBUG] iteration=2634, ncalls=45017, regioncalls=1960680, ndraw=40, logz=-14.39, remainder_fraction=81.8454%, Lmin=-7.50, Lmax=-4.90
12:37:25 [ultranest] [DEBUG] iteration=2635, ncalls=45030, regioncalls=1961960, ndraw=40, logz=-14.39, remainder_fraction=81.7604%, Lmin=-7.50, Lmax=-4.90
12:37:26 [ultranest] [DEBUG] iteration=2636, ncalls=45079, regioncalls=1965560, ndraw=40, logz=-14.38, remainder_fraction=81.6749%, Lmin=-7.49, Lmax=-4.90
12:37:26 [ultranest] [DEBUG] iteration=2637, ncalls=45091, regioncalls=1966600, ndraw=40, logz=-14.38, remainder_fraction=81.6161%, Lmin=-7.49, Lmax=-4.90
12:37:27 [ultranest] [DEBUG] iteration=2638, ncalls=45119, regioncalls=1968920, ndraw=40, logz=-14.38, remainder_fraction=81.5496%, Lmin=-7.49, Lmax=-4.90
12:37:30 [ultranest] [DEBUG] iteration=2639, ncalls=45184, regioncalls=1974240, ndraw=40, logz=-14.37, remainder_fraction=81.4701%, Lmin=-7.49, Lmax=-4.90
12:37:33 [ultranest] [DEBUG] iteration=2640, ncalls=45285, regioncalls=1981200, ndraw=40, logz=-14.37, remainder_fraction=81.4533%, Lmin=-7.49, Lmax=-4.90
12:37:34 [ultranest] [DEBUG] iteration=2641, ncalls=45311, regioncalls=1982520, ndraw=40, logz=-14.36, remainder_fraction=81.3643%, Lmin=-7.49, Lmax=-4.90
12:37:34 [ultranest] [DEBUG] iteration=2642, ncalls=45336, regioncalls=1983520, ndraw=40, logz=-14.36, remainder_fraction=81.2792%, Lmin=-7.48, Lmax=-4.90
12:37:35 [ultranest] [DEBUG] iteration=2643, ncalls=45342, regioncalls=1983760, ndraw=40, logz=-14.36, remainder_fraction=81.2164%, Lmin=-7.48, Lmax=-4.90
12:37:35 [ultranest] [DEBUG] iteration=2644, ncalls=45358, regioncalls=1984520, ndraw=40, logz=-14.35, remainder_fraction=81.2204%, Lmin=-7.48, Lmax=-4.90
12:37:37 [ultranest] [DEBUG] iteration=2645, ncalls=45418, regioncalls=1988720, ndraw=40, logz=-14.35, remainder_fraction=81.1351%, Lmin=-7.48, Lmax=-4.90
12:37:41 [ultranest] [DEBUG] iteration=2646, ncalls=45555, regioncalls=1997400, ndraw=40, logz=-14.35, remainder_fraction=81.0467%, Lmin=-7.47, Lmax=-4.90
12:37:42 [ultranest] [DEBUG] iteration=2647, ncalls=45566, regioncalls=1997840, ndraw=40, logz=-14.34, remainder_fraction=80.9846%, Lmin=-7.47, Lmax=-4.90
12:37:42 [ultranest] [DEBUG] iteration=2648, ncalls=45580, regioncalls=1998600, ndraw=40, logz=-14.34, remainder_fraction=80.9019%, Lmin=-7.47, Lmax=-4.90
12:37:44 [ultranest] [DEBUG] iteration=2649, ncalls=45634, regioncalls=2003640, ndraw=40, logz=-14.34, remainder_fraction=80.8126%, Lmin=-7.47, Lmax=-4.90
12:37:44 [ultranest] [DEBUG] iteration=2650, ncalls=45665, regioncalls=2005600, ndraw=40, logz=-14.33, remainder_fraction=80.7477%, Lmin=-7.47, Lmax=-4.90
12:37:45 [ultranest] [DEBUG] iteration=2651, ncalls=45691, regioncalls=2007360, ndraw=40, logz=-14.33, remainder_fraction=80.6722%, Lmin=-7.46, Lmax=-4.90
12:37:46 [ultranest] [DEBUG] iteration=2652, ncalls=45729, regioncalls=2010320, ndraw=40, logz=-14.33, remainder_fraction=80.6477%, Lmin=-7.46, Lmax=-4.90
12:37:47 [ultranest] [DEBUG] iteration=2653, ncalls=45734, regioncalls=2011040, ndraw=40, logz=-14.32, remainder_fraction=80.5876%, Lmin=-7.46, Lmax=-4.90
12:37:48 [ultranest] [DEBUG] iteration=2654, ncalls=45768, regioncalls=2013160, ndraw=40, logz=-14.32, remainder_fraction=80.5151%, Lmin=-7.46, Lmax=-4.90
12:37:49 [ultranest] [DEBUG] iteration=2655, ncalls=45812, regioncalls=2017000, ndraw=40, logz=-14.32, remainder_fraction=80.4775%, Lmin=-7.46, Lmax=-4.90
12:37:50 [ultranest] [DEBUG] iteration=2656, ncalls=45855, regioncalls=2019240, ndraw=40, logz=-14.32, remainder_fraction=80.4031%, Lmin=-7.45, Lmax=-4.90
12:37:50 [ultranest] [DEBUG] iteration=2657, ncalls=45859, regioncalls=2019480, ndraw=40, logz=-14.31, remainder_fraction=80.3827%, Lmin=-7.45, Lmax=-4.90
12:37:52 [ultranest] [DEBUG] iteration=2658, ncalls=45905, regioncalls=2022520, ndraw=40, logz=-14.31, remainder_fraction=80.3738%, Lmin=-7.44, Lmax=-4.90
12:37:53 [ultranest] [DEBUG] iteration=2659, ncalls=45958, regioncalls=2025680, ndraw=40, logz=-14.31, remainder_fraction=80.3501%, Lmin=-7.44, Lmax=-4.90
12:37:56 [ultranest] [DEBUG] iteration=2660, ncalls=46027, regioncalls=2029880, ndraw=40, logz=-14.30, remainder_fraction=80.2709%, Lmin=-7.44, Lmax=-4.90
12:37:56 [ultranest] [DEBUG] iteration=2661, ncalls=46039, regioncalls=2030360, ndraw=40, logz=-14.30, remainder_fraction=80.2138%, Lmin=-7.44, Lmax=-4.90
12:37:57 [ultranest] [DEBUG] iteration=2662, ncalls=46056, regioncalls=2031400, ndraw=40, logz=-14.30, remainder_fraction=80.1602%, Lmin=-7.42, Lmax=-4.90
12:37:58 [ultranest] [DEBUG] iteration=2663, ncalls=46110, regioncalls=2034040, ndraw=40, logz=-14.29, remainder_fraction=80.0926%, Lmin=-7.42, Lmax=-4.90
12:37:59 [ultranest] [DEBUG] iteration=2664, ncalls=46124, regioncalls=2034880, ndraw=40, logz=-14.29, remainder_fraction=80.0536%, Lmin=-7.42, Lmax=-4.90
12:38:00 [ultranest] [DEBUG] iteration=2665, ncalls=46162, regioncalls=2038240, ndraw=40, logz=-14.29, remainder_fraction=80.0021%, Lmin=-7.42, Lmax=-4.90
12:38:00 [ultranest] [DEBUG] iteration=2666, ncalls=46174, regioncalls=2038960, ndraw=40, logz=-14.28, remainder_fraction=79.9921%, Lmin=-7.42, Lmax=-4.90
12:38:03 [ultranest] [DEBUG] iteration=2667, ncalls=46267, regioncalls=2046120, ndraw=40, logz=-14.28, remainder_fraction=79.9564%, Lmin=-7.42, Lmax=-4.90
12:38:03 [ultranest] [DEBUG] iteration=2668, ncalls=46274, regioncalls=2046840, ndraw=40, logz=-14.28, remainder_fraction=79.8741%, Lmin=-7.42, Lmax=-4.90
12:38:03 [ultranest] [DEBUG] iteration=2669, ncalls=46280, regioncalls=2047360, ndraw=40, logz=-14.27, remainder_fraction=79.8562%, Lmin=-7.41, Lmax=-4.90
12:38:04 [ultranest] [DEBUG] iteration=2670, ncalls=46292, regioncalls=2047880, ndraw=40, logz=-14.27, remainder_fraction=79.8237%, Lmin=-7.40, Lmax=-4.90
12:38:04 [ultranest] [DEBUG] iteration=2671, ncalls=46317, regioncalls=2049560, ndraw=40, logz=-14.27, remainder_fraction=79.7721%, Lmin=-7.40, Lmax=-4.90
12:38:08 [ultranest] [DEBUG] iteration=2672, ncalls=46415, regioncalls=2056880, ndraw=40, logz=-14.26, remainder_fraction=79.7054%, Lmin=-7.40, Lmax=-4.90
12:38:09 [ultranest] [DEBUG] iteration=2673, ncalls=46454, regioncalls=2059440, ndraw=40, logz=-14.26, remainder_fraction=79.6308%, Lmin=-7.40, Lmax=-4.90
12:38:12 [ultranest] [DEBUG] iteration=2674, ncalls=46540, regioncalls=2065480, ndraw=40, logz=-14.26, remainder_fraction=79.5401%, Lmin=-7.39, Lmax=-4.90
12:38:12 [ultranest] [DEBUG] iteration=2675, ncalls=46554, regioncalls=2066080, ndraw=40, logz=-14.26, remainder_fraction=79.4846%, Lmin=-7.39, Lmax=-4.90
12:38:14 [ultranest] [DEBUG] iteration=2676, ncalls=46605, regioncalls=2069480, ndraw=40, logz=-14.25, remainder_fraction=79.4230%, Lmin=-7.38, Lmax=-4.90
12:38:15 [ultranest] [DEBUG] iteration=2677, ncalls=46660, regioncalls=2073160, ndraw=40, logz=-14.25, remainder_fraction=79.3707%, Lmin=-7.38, Lmax=-4.90
12:38:16 [ultranest] [DEBUG] iteration=2678, ncalls=46674, regioncalls=2074160, ndraw=40, logz=-14.25, remainder_fraction=79.3280%, Lmin=-7.38, Lmax=-4.90
12:38:16 [ultranest] [DEBUG] iteration=2679, ncalls=46678, regioncalls=2074560, ndraw=40, logz=-14.24, remainder_fraction=79.2846%, Lmin=-7.38, Lmax=-4.90
12:38:17 [ultranest] [DEBUG] iteration=2680, ncalls=46712, regioncalls=2076360, ndraw=40, logz=-14.24, remainder_fraction=79.2055%, Lmin=-7.37, Lmax=-4.90
12:38:19 [ultranest] [DEBUG] iteration=2681, ncalls=46787, regioncalls=2081760, ndraw=40, logz=-14.24, remainder_fraction=79.1149%, Lmin=-7.37, Lmax=-4.90
12:38:20 [ultranest] [DEBUG] iteration=2683, ncalls=46811, regioncalls=2083120, ndraw=40, logz=-14.23, remainder_fraction=78.9697%, Lmin=-7.35, Lmax=-4.90
12:38:21 [ultranest] [DEBUG] iteration=2684, ncalls=46842, regioncalls=2084640, ndraw=40, logz=-14.23, remainder_fraction=78.8796%, Lmin=-7.35, Lmax=-4.90
12:38:22 [ultranest] [DEBUG] iteration=2685, ncalls=46862, regioncalls=2085880, ndraw=40, logz=-14.22, remainder_fraction=78.8178%, Lmin=-7.35, Lmax=-4.90
12:38:24 [ultranest] [DEBUG] iteration=2686, ncalls=46919, regioncalls=2088920, ndraw=40, logz=-14.22, remainder_fraction=78.8026%, Lmin=-7.33, Lmax=-4.90
12:38:25 [ultranest] [DEBUG] iteration=2687, ncalls=46959, regioncalls=2093400, ndraw=40, logz=-14.22, remainder_fraction=78.7424%, Lmin=-7.33, Lmax=-4.90
12:38:26 [ultranest] [DEBUG] iteration=2688, ncalls=46983, regioncalls=2094760, ndraw=40, logz=-14.22, remainder_fraction=78.6670%, Lmin=-7.33, Lmax=-4.90
12:38:26 [ultranest] [DEBUG] iteration=2689, ncalls=46989, regioncalls=2095040, ndraw=40, logz=-14.21, remainder_fraction=78.5956%, Lmin=-7.32, Lmax=-4.90
12:38:26 [ultranest] [DEBUG] iteration=2691, ncalls=47005, regioncalls=2096200, ndraw=40, logz=-14.21, remainder_fraction=78.4594%, Lmin=-7.32, Lmax=-4.90
12:38:30 [ultranest] [DEBUG] iteration=2692, ncalls=47116, regioncalls=2103880, ndraw=40, logz=-14.20, remainder_fraction=78.3924%, Lmin=-7.31, Lmax=-4.90
12:38:30 [ultranest] [DEBUG] iteration=2693, ncalls=47133, regioncalls=2105240, ndraw=40, logz=-14.20, remainder_fraction=78.3043%, Lmin=-7.31, Lmax=-4.90
12:38:30 [ultranest] [DEBUG] iteration=2694, ncalls=47139, regioncalls=2105480, ndraw=40, logz=-14.20, remainder_fraction=78.2254%, Lmin=-7.31, Lmax=-4.90
12:38:32 [ultranest] [DEBUG] iteration=2695, ncalls=47205, regioncalls=2110440, ndraw=40, logz=-14.19, remainder_fraction=78.1425%, Lmin=-7.30, Lmax=-4.90
12:38:34 [ultranest] [DEBUG] iteration=2696, ncalls=47263, regioncalls=2114640, ndraw=40, logz=-14.19, remainder_fraction=78.0784%, Lmin=-7.30, Lmax=-4.90
12:38:36 [ultranest] [DEBUG] iteration=2697, ncalls=47322, regioncalls=2119480, ndraw=40, logz=-14.19, remainder_fraction=77.9899%, Lmin=-7.29, Lmax=-4.90
12:38:37 [ultranest] [DEBUG] iteration=2698, ncalls=47354, regioncalls=2121840, ndraw=40, logz=-14.19, remainder_fraction=77.9693%, Lmin=-7.28, Lmax=-4.90
12:38:38 [ultranest] [DEBUG] iteration=2699, ncalls=47378, regioncalls=2123480, ndraw=40, logz=-14.18, remainder_fraction=77.8814%, Lmin=-7.28, Lmax=-4.90
12:38:39 [ultranest] [DEBUG] iteration=2700, ncalls=47408, regioncalls=2126880, ndraw=40, logz=-14.18, remainder_fraction=77.7927%, Lmin=-7.28, Lmax=-4.90
12:38:39 [ultranest] [DEBUG] iteration=2701, ncalls=47412, regioncalls=2127200, ndraw=40, logz=-14.18, remainder_fraction=77.8094%, Lmin=-7.28, Lmax=-4.90
12:38:40 [ultranest] [DEBUG] iteration=2702, ncalls=47439, regioncalls=2128840, ndraw=40, logz=-14.17, remainder_fraction=77.7585%, Lmin=-7.28, Lmax=-4.90
12:38:41 [ultranest] [DEBUG] iteration=2703, ncalls=47485, regioncalls=2131320, ndraw=40, logz=-14.17, remainder_fraction=77.6694%, Lmin=-7.27, Lmax=-4.90
12:38:42 [ultranest] [DEBUG] iteration=2704, ncalls=47505, regioncalls=2132760, ndraw=40, logz=-14.17, remainder_fraction=77.6091%, Lmin=-7.26, Lmax=-4.90
12:38:43 [ultranest] [DEBUG] iteration=2705, ncalls=47547, regioncalls=2136520, ndraw=40, logz=-14.16, remainder_fraction=77.5214%, Lmin=-7.26, Lmax=-4.90
12:38:44 [ultranest] [DEBUG] iteration=2706, ncalls=47584, regioncalls=2139320, ndraw=40, logz=-14.16, remainder_fraction=77.4295%, Lmin=-7.26, Lmax=-4.90
12:38:46 [ultranest] [DEBUG] iteration=2707, ncalls=47639, regioncalls=2142480, ndraw=40, logz=-14.16, remainder_fraction=77.3382%, Lmin=-7.26, Lmax=-4.90
12:38:46 [ultranest] [DEBUG] iteration=2708, ncalls=47657, regioncalls=2143640, ndraw=40, logz=-14.16, remainder_fraction=77.2444%, Lmin=-7.25, Lmax=-4.90
12:38:51 [ultranest] [DEBUG] iteration=2709, ncalls=47818, regioncalls=2153560, ndraw=40, logz=-14.15, remainder_fraction=77.1549%, Lmin=-7.25, Lmax=-4.90
12:38:52 [ultranest] [DEBUG] iteration=2710, ncalls=47828, regioncalls=2154040, ndraw=40, logz=-14.15, remainder_fraction=77.0788%, Lmin=-7.24, Lmax=-4.90
12:38:53 [ultranest] [DEBUG] iteration=2711, ncalls=47866, regioncalls=2156880, ndraw=40, logz=-14.15, remainder_fraction=77.0318%, Lmin=-7.24, Lmax=-4.90
12:38:55 [ultranest] [DEBUG] iteration=2712, ncalls=47939, regioncalls=2161560, ndraw=40, logz=-14.14, remainder_fraction=76.9396%, Lmin=-7.24, Lmax=-4.90
12:38:56 [ultranest] [DEBUG] iteration=2713, ncalls=47953, regioncalls=2162920, ndraw=40, logz=-14.14, remainder_fraction=76.8615%, Lmin=-7.23, Lmax=-4.90
12:38:57 [ultranest] [DEBUG] iteration=2714, ncalls=48007, regioncalls=2167360, ndraw=40, logz=-14.14, remainder_fraction=76.7953%, Lmin=-7.23, Lmax=-4.90
12:38:58 [ultranest] [DEBUG] iteration=2715, ncalls=48026, regioncalls=2168560, ndraw=40, logz=-14.14, remainder_fraction=76.7439%, Lmin=-7.23, Lmax=-4.90
12:39:01 [ultranest] [DEBUG] iteration=2716, ncalls=48128, regioncalls=2176280, ndraw=40, logz=-14.13, remainder_fraction=76.6679%, Lmin=-7.23, Lmax=-4.90
12:39:01 [ultranest] [DEBUG] iteration=2717, ncalls=48136, regioncalls=2177280, ndraw=40, logz=-14.13, remainder_fraction=76.5862%, Lmin=-7.22, Lmax=-4.90
12:39:03 [ultranest] [DEBUG] iteration=2718, ncalls=48186, regioncalls=2180200, ndraw=40, logz=-14.13, remainder_fraction=76.4941%, Lmin=-7.22, Lmax=-4.90
12:39:03 [ultranest] [DEBUG] iteration=2719, ncalls=48193, regioncalls=2180640, ndraw=40, logz=-14.12, remainder_fraction=76.4143%, Lmin=-7.22, Lmax=-4.90
12:39:03 [ultranest] [DEBUG] iteration=2720, ncalls=48203, regioncalls=2181840, ndraw=40, logz=-14.12, remainder_fraction=76.3334%, Lmin=-7.22, Lmax=-4.90
12:39:10 [ultranest] [DEBUG] iteration=2722, ncalls=48405, regioncalls=2198440, ndraw=40, logz=-14.12, remainder_fraction=76.1460%, Lmin=-7.21, Lmax=-4.90
12:39:12 [ultranest] [DEBUG] iteration=2723, ncalls=48475, regioncalls=2204760, ndraw=40, logz=-14.11, remainder_fraction=76.1553%, Lmin=-7.20, Lmax=-4.90
12:39:12 [ultranest] [DEBUG] iteration=2724, ncalls=48479, regioncalls=2205320, ndraw=40, logz=-14.11, remainder_fraction=76.1004%, Lmin=-7.20, Lmax=-4.90
12:39:16 [ultranest] [DEBUG] iteration=2725, ncalls=48604, regioncalls=2214040, ndraw=40, logz=-14.11, remainder_fraction=76.0704%, Lmin=-7.19, Lmax=-4.90
12:39:17 [ultranest] [DEBUG] iteration=2726, ncalls=48625, regioncalls=2215640, ndraw=40, logz=-14.10, remainder_fraction=76.0218%, Lmin=-7.19, Lmax=-4.90
12:39:18 [ultranest] [DEBUG] iteration=2727, ncalls=48654, regioncalls=2218000, ndraw=40, logz=-14.10, remainder_fraction=75.9458%, Lmin=-7.19, Lmax=-4.90
12:39:18 [ultranest] [DEBUG] iteration=2728, ncalls=48671, regioncalls=2219240, ndraw=40, logz=-14.10, remainder_fraction=75.8621%, Lmin=-7.18, Lmax=-4.90
12:39:19 [ultranest] [DEBUG] iteration=2729, ncalls=48682, regioncalls=2220480, ndraw=40, logz=-14.10, remainder_fraction=75.7831%, Lmin=-7.17, Lmax=-4.90
12:39:19 [ultranest] [DEBUG] iteration=2730, ncalls=48688, regioncalls=2220920, ndraw=40, logz=-14.09, remainder_fraction=75.6909%, Lmin=-7.17, Lmax=-4.90
12:39:19 [ultranest] [DEBUG] iteration=2731, ncalls=48693, regioncalls=2221640, ndraw=40, logz=-14.09, remainder_fraction=75.5999%, Lmin=-7.17, Lmax=-4.90
12:39:20 [ultranest] [DEBUG] iteration=2732, ncalls=48716, regioncalls=2222800, ndraw=40, logz=-14.09, remainder_fraction=75.5846%, Lmin=-7.16, Lmax=-4.90
12:39:21 [ultranest] [DEBUG] iteration=2734, ncalls=48750, regioncalls=2225920, ndraw=40, logz=-14.08, remainder_fraction=75.4334%, Lmin=-7.16, Lmax=-4.90
12:39:21 [ultranest] [DEBUG] iteration=2735, ncalls=48759, regioncalls=2226840, ndraw=40, logz=-14.08, remainder_fraction=75.3382%, Lmin=-7.16, Lmax=-4.90
12:39:23 [ultranest] [DEBUG] iteration=2736, ncalls=48799, regioncalls=2229680, ndraw=40, logz=-14.08, remainder_fraction=75.2432%, Lmin=-7.15, Lmax=-4.90
12:39:23 [ultranest] [DEBUG] iteration=2737, ncalls=48808, regioncalls=2230040, ndraw=40, logz=-14.07, remainder_fraction=75.2161%, Lmin=-7.15, Lmax=-4.90
12:39:24 [ultranest] [DEBUG] iteration=2738, ncalls=48834, regioncalls=2232920, ndraw=40, logz=-14.07, remainder_fraction=75.1288%, Lmin=-7.15, Lmax=-4.90
12:39:25 [ultranest] [DEBUG] iteration=2739, ncalls=48870, regioncalls=2234840, ndraw=40, logz=-14.07, remainder_fraction=75.0618%, Lmin=-7.14, Lmax=-4.90
12:39:27 [ultranest] [DEBUG] iteration=2740, ncalls=48932, regioncalls=2240320, ndraw=40, logz=-14.06, remainder_fraction=74.9660%, Lmin=-7.14, Lmax=-4.90
12:39:31 [ultranest] [DEBUG] iteration=2741, ncalls=49077, regioncalls=2251480, ndraw=40, logz=-14.06, remainder_fraction=74.8884%, Lmin=-7.14, Lmax=-4.90
12:39:32 [ultranest] [DEBUG] iteration=2742, ncalls=49091, regioncalls=2252880, ndraw=40, logz=-14.06, remainder_fraction=74.8564%, Lmin=-7.14, Lmax=-4.90
12:39:32 [ultranest] [DEBUG] iteration=2743, ncalls=49096, regioncalls=2253840, ndraw=40, logz=-14.06, remainder_fraction=74.8115%, Lmin=-7.13, Lmax=-4.90
12:39:32 [ultranest] [DEBUG] iteration=2744, ncalls=49108, regioncalls=2254560, ndraw=40, logz=-14.05, remainder_fraction=74.7160%, Lmin=-7.13, Lmax=-4.90
12:39:34 [ultranest] [DEBUG] iteration=2745, ncalls=49182, regioncalls=2261160, ndraw=40, logz=-14.05, remainder_fraction=74.6345%, Lmin=-7.12, Lmax=-4.90
12:39:35 [ultranest] [DEBUG] iteration=2746, ncalls=49187, regioncalls=2261560, ndraw=40, logz=-14.05, remainder_fraction=74.5432%, Lmin=-7.11, Lmax=-4.90
12:39:35 [ultranest] [DEBUG] iteration=2747, ncalls=49194, regioncalls=2262000, ndraw=40, logz=-14.04, remainder_fraction=74.4904%, Lmin=-7.11, Lmax=-4.90
12:39:37 [ultranest] [DEBUG] iteration=2748, ncalls=49250, regioncalls=2265200, ndraw=40, logz=-14.04, remainder_fraction=74.4788%, Lmin=-7.10, Lmax=-4.90
12:39:39 [ultranest] [DEBUG] iteration=2749, ncalls=49324, regioncalls=2270840, ndraw=40, logz=-14.04, remainder_fraction=74.3826%, Lmin=-7.10, Lmax=-4.90
12:39:40 [ultranest] [DEBUG] iteration=2750, ncalls=49349, regioncalls=2273440, ndraw=40, logz=-14.04, remainder_fraction=74.2863%, Lmin=-7.09, Lmax=-4.90
12:39:41 [ultranest] [DEBUG] iteration=2751, ncalls=49402, regioncalls=2278080, ndraw=40, logz=-14.03, remainder_fraction=74.2402%, Lmin=-7.08, Lmax=-4.90
12:39:43 [ultranest] [DEBUG] iteration=2752, ncalls=49450, regioncalls=2283400, ndraw=40, logz=-14.03, remainder_fraction=74.1429%, Lmin=-7.07, Lmax=-4.90
12:39:43 [ultranest] [DEBUG] iteration=2753, ncalls=49462, regioncalls=2284720, ndraw=40, logz=-14.03, remainder_fraction=74.0783%, Lmin=-7.06, Lmax=-4.90
12:39:46 [ultranest] [DEBUG] iteration=2754, ncalls=49536, regioncalls=2291440, ndraw=40, logz=-14.03, remainder_fraction=73.9847%, Lmin=-7.06, Lmax=-4.90
12:39:46 [ultranest] [DEBUG] iteration=2755, ncalls=49554, regioncalls=2292960, ndraw=40, logz=-14.02, remainder_fraction=73.8912%, Lmin=-7.05, Lmax=-4.90
12:39:48 [ultranest] [DEBUG] iteration=2756, ncalls=49622, regioncalls=2299880, ndraw=40, logz=-14.02, remainder_fraction=73.7962%, Lmin=-7.05, Lmax=-4.90
12:39:50 [ultranest] [DEBUG] iteration=2758, ncalls=49674, regioncalls=2304120, ndraw=40, logz=-14.01, remainder_fraction=73.6585%, Lmin=-7.04, Lmax=-4.90
12:39:52 [ultranest] [DEBUG] iteration=2759, ncalls=49753, regioncalls=2310280, ndraw=40, logz=-14.01, remainder_fraction=73.5858%, Lmin=-7.04, Lmax=-4.90
12:39:54 [ultranest] [DEBUG] iteration=2761, ncalls=49798, regioncalls=2314160, ndraw=40, logz=-14.01, remainder_fraction=73.4378%, Lmin=-7.03, Lmax=-4.90
12:39:55 [ultranest] [DEBUG] iteration=2762, ncalls=49823, regioncalls=2315920, ndraw=40, logz=-14.00, remainder_fraction=73.4126%, Lmin=-7.02, Lmax=-4.90
12:39:57 [ultranest] [DEBUG] iteration=2763, ncalls=49887, regioncalls=2321400, ndraw=40, logz=-14.00, remainder_fraction=73.3181%, Lmin=-7.02, Lmax=-4.90
12:39:58 [ultranest] [DEBUG] iteration=2765, ncalls=49928, regioncalls=2323720, ndraw=40, logz=-14.00, remainder_fraction=73.1505%, Lmin=-7.01, Lmax=-4.90
12:39:58 [ultranest] [DEBUG] iteration=2766, ncalls=49939, regioncalls=2324280, ndraw=40, logz=-13.99, remainder_fraction=73.0931%, Lmin=-7.01, Lmax=-4.90
12:39:59 [ultranest] [DEBUG] iteration=2767, ncalls=49961, regioncalls=2325720, ndraw=40, logz=-13.99, remainder_fraction=72.9904%, Lmin=-7.01, Lmax=-4.90
12:40:00 [ultranest] [DEBUG] iteration=2768, ncalls=49992, regioncalls=2328480, ndraw=40, logz=-13.99, remainder_fraction=72.9064%, Lmin=-7.01, Lmax=-4.90
12:40:01 [ultranest] [DEBUG] iteration=2769, ncalls=50040, regioncalls=2332640, ndraw=40, logz=-13.98, remainder_fraction=72.8428%, Lmin=-7.00, Lmax=-4.90
12:40:03 [ultranest] [DEBUG] iteration=2770, ncalls=50075, regioncalls=2335760, ndraw=40, logz=-13.98, remainder_fraction=72.8087%, Lmin=-6.99, Lmax=-4.90
12:40:06 [ultranest] [DEBUG] iteration=2771, ncalls=50188, regioncalls=2348320, ndraw=40, logz=-13.98, remainder_fraction=72.7064%, Lmin=-6.99, Lmax=-4.90
12:40:07 [ultranest] [DEBUG] iteration=2772, ncalls=50224, regioncalls=2351920, ndraw=40, logz=-13.98, remainder_fraction=72.6214%, Lmin=-6.98, Lmax=-4.90
12:40:08 [ultranest] [DEBUG] iteration=2773, ncalls=50241, regioncalls=2353680, ndraw=40, logz=-13.97, remainder_fraction=72.5602%, Lmin=-6.98, Lmax=-4.90
12:40:09 [ultranest] [DEBUG] iteration=2774, ncalls=50294, regioncalls=2357960, ndraw=40, logz=-13.97, remainder_fraction=72.4585%, Lmin=-6.98, Lmax=-4.90
12:40:10 [ultranest] [DEBUG] iteration=2775, ncalls=50300, regioncalls=2359000, ndraw=40, logz=-13.97, remainder_fraction=72.3619%, Lmin=-6.98, Lmax=-4.90
12:40:10 [ultranest] [DEBUG] iteration=2776, ncalls=50304, regioncalls=2359480, ndraw=40, logz=-13.96, remainder_fraction=72.2613%, Lmin=-6.98, Lmax=-4.90
12:40:12 [ultranest] [DEBUG] iteration=2778, ncalls=50367, regioncalls=2364880, ndraw=40, logz=-13.96, remainder_fraction=72.1586%, Lmin=-6.97, Lmax=-4.90
12:40:15 [ultranest] [DEBUG] iteration=2779, ncalls=50459, regioncalls=2373320, ndraw=40, logz=-13.96, remainder_fraction=72.0567%, Lmin=-6.97, Lmax=-4.90
12:40:16 [ultranest] [DEBUG] iteration=2780, ncalls=50490, regioncalls=2375960, ndraw=40, logz=-13.95, remainder_fraction=71.9626%, Lmin=-6.97, Lmax=-4.90
12:40:20 [ultranest] [DEBUG] iteration=2781, ncalls=50633, regioncalls=2391040, ndraw=40, logz=-13.95, remainder_fraction=71.9313%, Lmin=-6.96, Lmax=-4.90
12:40:24 [ultranest] [DEBUG] iteration=2782, ncalls=50736, regioncalls=2401560, ndraw=40, logz=-13.95, remainder_fraction=71.8690%, Lmin=-6.95, Lmax=-4.90
12:40:26 [ultranest] [DEBUG] iteration=2783, ncalls=50815, regioncalls=2410680, ndraw=40, logz=-13.95, remainder_fraction=71.8282%, Lmin=-6.95, Lmax=-4.90
12:40:27 [ultranest] [DEBUG] iteration=2784, ncalls=50830, regioncalls=2411920, ndraw=40, logz=-13.94, remainder_fraction=71.7373%, Lmin=-6.95, Lmax=-4.90
12:40:29 [ultranest] [DEBUG] iteration=2785, ncalls=50882, regioncalls=2417720, ndraw=40, logz=-13.94, remainder_fraction=71.6414%, Lmin=-6.95, Lmax=-4.90
12:40:29 [ultranest] [DEBUG] iteration=2786, ncalls=50910, regioncalls=2420160, ndraw=40, logz=-13.94, remainder_fraction=71.5390%, Lmin=-6.95, Lmax=-4.90
12:40:31 [ultranest] [DEBUG] iteration=2787, ncalls=50970, regioncalls=2425640, ndraw=40, logz=-13.94, remainder_fraction=71.4954%, Lmin=-6.94, Lmax=-4.90
12:40:36 [ultranest] [DEBUG] iteration=2788, ncalls=51100, regioncalls=2441320, ndraw=40, logz=-13.93, remainder_fraction=71.4113%, Lmin=-6.94, Lmax=-4.90
12:40:36 [ultranest] [DEBUG] iteration=2789, ncalls=51127, regioncalls=2444080, ndraw=40, logz=-13.93, remainder_fraction=71.3995%, Lmin=-6.94, Lmax=-4.90
12:40:37 [ultranest] [DEBUG] iteration=2790, ncalls=51132, regioncalls=2444560, ndraw=40, logz=-13.93, remainder_fraction=71.3091%, Lmin=-6.94, Lmax=-4.90
12:40:37 [ultranest] [DEBUG] iteration=2791, ncalls=51152, regioncalls=2446120, ndraw=40, logz=-13.92, remainder_fraction=71.2346%, Lmin=-6.93, Lmax=-4.90
12:40:38 [ultranest] [DEBUG] iteration=2792, ncalls=51164, regioncalls=2447240, ndraw=40, logz=-13.92, remainder_fraction=71.1599%, Lmin=-6.93, Lmax=-4.90
12:40:38 [ultranest] [DEBUG] iteration=2794, ncalls=51181, regioncalls=2448800, ndraw=40, logz=-13.92, remainder_fraction=70.9674%, Lmin=-6.93, Lmax=-4.90
12:40:38 [ultranest] [DEBUG] iteration=2795, ncalls=51186, regioncalls=2449000, ndraw=40, logz=-13.91, remainder_fraction=70.9237%, Lmin=-6.92, Lmax=-4.90
12:40:39 [ultranest] [DEBUG] iteration=2796, ncalls=51201, regioncalls=2450680, ndraw=40, logz=-13.91, remainder_fraction=70.8189%, Lmin=-6.92, Lmax=-4.90
12:40:40 [ultranest] [DEBUG] iteration=2797, ncalls=51254, regioncalls=2455480, ndraw=40, logz=-13.91, remainder_fraction=70.7171%, Lmin=-6.91, Lmax=-4.90
12:40:41 [ultranest] [DEBUG] iteration=2798, ncalls=51263, regioncalls=2456160, ndraw=40, logz=-13.91, remainder_fraction=70.6717%, Lmin=-6.91, Lmax=-4.90
12:40:42 [ultranest] [DEBUG] iteration=2799, ncalls=51292, regioncalls=2458400, ndraw=40, logz=-13.90, remainder_fraction=70.6061%, Lmin=-6.91, Lmax=-4.90
12:40:42 [ultranest] [DEBUG] iteration=2800, ncalls=51298, regioncalls=2459800, ndraw=40, logz=-13.90, remainder_fraction=70.5201%, Lmin=-6.91, Lmax=-4.90
12:40:42 [ultranest] [DEBUG] iteration=2801, ncalls=51312, regioncalls=2461200, ndraw=40, logz=-13.90, remainder_fraction=70.4199%, Lmin=-6.91, Lmax=-4.90
12:40:43 [ultranest] [DEBUG] iteration=2802, ncalls=51328, regioncalls=2463200, ndraw=40, logz=-13.90, remainder_fraction=70.3244%, Lmin=-6.91, Lmax=-4.90
12:40:44 [ultranest] [DEBUG] iteration=2803, ncalls=51364, regioncalls=2466720, ndraw=40, logz=-13.89, remainder_fraction=70.3082%, Lmin=-6.90, Lmax=-4.90
12:40:44 [ultranest] [DEBUG] iteration=2804, ncalls=51382, regioncalls=2468520, ndraw=40, logz=-13.89, remainder_fraction=70.2049%, Lmin=-6.90, Lmax=-4.90
12:40:45 [ultranest] [DEBUG] iteration=2805, ncalls=51391, regioncalls=2470880, ndraw=40, logz=-13.89, remainder_fraction=70.1147%, Lmin=-6.90, Lmax=-4.90
12:40:46 [ultranest] [DEBUG] iteration=2806, ncalls=51413, regioncalls=2473080, ndraw=40, logz=-13.89, remainder_fraction=70.0420%, Lmin=-6.90, Lmax=-4.90
12:40:48 [ultranest] [DEBUG] iteration=2807, ncalls=51502, regioncalls=2478920, ndraw=40, logz=-13.88, remainder_fraction=69.9427%, Lmin=-6.89, Lmax=-4.90
12:40:52 [ultranest] [DEBUG] iteration=2808, ncalls=51612, regioncalls=2486600, ndraw=40, logz=-13.88, remainder_fraction=69.8974%, Lmin=-6.89, Lmax=-4.90
12:40:52 [ultranest] [DEBUG] iteration=2809, ncalls=51616, regioncalls=2487840, ndraw=40, logz=-13.88, remainder_fraction=69.8114%, Lmin=-6.89, Lmax=-4.90
12:40:52 [ultranest] [DEBUG] iteration=2810, ncalls=51622, regioncalls=2488280, ndraw=40, logz=-13.88, remainder_fraction=69.7196%, Lmin=-6.88, Lmax=-4.90
12:40:53 [ultranest] [DEBUG] iteration=2811, ncalls=51637, regioncalls=2489400, ndraw=40, logz=-13.87, remainder_fraction=69.6202%, Lmin=-6.88, Lmax=-4.90
12:40:55 [ultranest] [DEBUG] iteration=2813, ncalls=51698, regioncalls=2496040, ndraw=40, logz=-13.87, remainder_fraction=69.4824%, Lmin=-6.88, Lmax=-4.90
12:40:57 [ultranest] [DEBUG] iteration=2814, ncalls=51771, regioncalls=2501280, ndraw=40, logz=-13.87, remainder_fraction=69.3906%, Lmin=-6.88, Lmax=-4.90
12:40:58 [ultranest] [DEBUG] iteration=2815, ncalls=51801, regioncalls=2504600, ndraw=40, logz=-13.86, remainder_fraction=69.2929%, Lmin=-6.88, Lmax=-4.90
12:40:58 [ultranest] [DEBUG] iteration=2816, ncalls=51804, regioncalls=2504960, ndraw=40, logz=-13.86, remainder_fraction=69.2548%, Lmin=-6.87, Lmax=-4.90
12:41:01 [ultranest] [DEBUG] iteration=2817, ncalls=51895, regioncalls=2512480, ndraw=40, logz=-13.86, remainder_fraction=69.2530%, Lmin=-6.87, Lmax=-4.90
12:41:01 [ultranest] [DEBUG] iteration=2818, ncalls=51916, regioncalls=2514360, ndraw=40, logz=-13.86, remainder_fraction=69.1520%, Lmin=-6.87, Lmax=-4.90
12:41:06 [ultranest] [DEBUG] iteration=2819, ncalls=52058, regioncalls=2528120, ndraw=40, logz=-13.85, remainder_fraction=69.1112%, Lmin=-6.87, Lmax=-4.90
12:41:10 [ultranest] [DEBUG] iteration=2820, ncalls=52184, regioncalls=2539560, ndraw=40, logz=-13.85, remainder_fraction=69.0154%, Lmin=-6.87, Lmax=-4.90
12:41:11 [ultranest] [DEBUG] iteration=2821, ncalls=52213, regioncalls=2541600, ndraw=40, logz=-13.85, remainder_fraction=68.9132%, Lmin=-6.86, Lmax=-4.90
12:41:13 [ultranest] [DEBUG] iteration=2822, ncalls=52305, regioncalls=2550080, ndraw=40, logz=-13.85, remainder_fraction=68.8423%, Lmin=-6.86, Lmax=-4.90
12:41:16 [ultranest] [DEBUG] iteration=2824, ncalls=52376, regioncalls=2557400, ndraw=40, logz=-13.84, remainder_fraction=68.6887%, Lmin=-6.86, Lmax=-4.90
12:41:16 [ultranest] [DEBUG] iteration=2825, ncalls=52380, regioncalls=2558280, ndraw=40, logz=-13.84, remainder_fraction=68.6010%, Lmin=-6.86, Lmax=-4.90
12:41:16 [ultranest] [DEBUG] iteration=2826, ncalls=52395, regioncalls=2559760, ndraw=40, logz=-13.84, remainder_fraction=68.5066%, Lmin=-6.85, Lmax=-4.90
12:41:17 [ultranest] [DEBUG] iteration=2827, ncalls=52408, regioncalls=2560720, ndraw=40, logz=-13.84, remainder_fraction=68.4079%, Lmin=-6.85, Lmax=-4.90
12:41:18 [ultranest] [DEBUG] iteration=2828, ncalls=52457, regioncalls=2564080, ndraw=40, logz=-13.83, remainder_fraction=68.3141%, Lmin=-6.85, Lmax=-4.90
12:41:22 [ultranest] [DEBUG] iteration=2829, ncalls=52597, regioncalls=2575560, ndraw=40, logz=-13.83, remainder_fraction=68.2247%, Lmin=-6.84, Lmax=-4.90
12:41:25 [ultranest] [DEBUG] iteration=2830, ncalls=52692, regioncalls=2582160, ndraw=40, logz=-13.83, remainder_fraction=68.1252%, Lmin=-6.84, Lmax=-4.90
12:41:27 [ultranest] [DEBUG] iteration=2831, ncalls=52733, regioncalls=2586760, ndraw=40, logz=-13.83, remainder_fraction=68.0519%, Lmin=-6.84, Lmax=-4.90
12:41:27 [ultranest] [DEBUG] iteration=2832, ncalls=52748, regioncalls=2587520, ndraw=40, logz=-13.82, remainder_fraction=67.9910%, Lmin=-6.84, Lmax=-4.90
12:41:29 [ultranest] [DEBUG] iteration=2833, ncalls=52828, regioncalls=2594960, ndraw=40, logz=-13.82, remainder_fraction=67.8975%, Lmin=-6.84, Lmax=-4.90
12:41:31 [ultranest] [DEBUG] iteration=2834, ncalls=52868, regioncalls=2599120, ndraw=40, logz=-13.82, remainder_fraction=67.8137%, Lmin=-6.84, Lmax=-4.90
12:41:34 [ultranest] [DEBUG] iteration=2835, ncalls=52959, regioncalls=2607800, ndraw=40, logz=-13.82, remainder_fraction=67.7205%, Lmin=-6.83, Lmax=-4.90
12:41:35 [ultranest] [DEBUG] iteration=2836, ncalls=52992, regioncalls=2612280, ndraw=40, logz=-13.81, remainder_fraction=67.6928%, Lmin=-6.83, Lmax=-4.90
12:41:36 [ultranest] [DEBUG] iteration=2837, ncalls=53010, regioncalls=2615000, ndraw=40, logz=-13.81, remainder_fraction=67.6130%, Lmin=-6.83, Lmax=-4.90
12:41:36 [ultranest] [DEBUG] iteration=2838, ncalls=53034, regioncalls=2617360, ndraw=40, logz=-13.81, remainder_fraction=67.5205%, Lmin=-6.82, Lmax=-4.90
12:41:38 [ultranest] [DEBUG] iteration=2839, ncalls=53093, regioncalls=2623640, ndraw=40, logz=-13.81, remainder_fraction=67.4201%, Lmin=-6.82, Lmax=-4.90
12:41:42 [ultranest] [DEBUG] iteration=2840, ncalls=53210, regioncalls=2636440, ndraw=40, logz=-13.80, remainder_fraction=67.3244%, Lmin=-6.82, Lmax=-4.90
12:41:43 [ultranest] [DEBUG] iteration=2841, ncalls=53228, regioncalls=2637800, ndraw=40, logz=-13.80, remainder_fraction=67.2223%, Lmin=-6.82, Lmax=-4.90
12:41:44 [ultranest] [DEBUG] iteration=2842, ncalls=53249, regioncalls=2639040, ndraw=40, logz=-13.80, remainder_fraction=67.1178%, Lmin=-6.81, Lmax=-4.90
12:41:45 [ultranest] [DEBUG] iteration=2843, ncalls=53295, regioncalls=2642120, ndraw=40, logz=-13.80, remainder_fraction=67.0392%, Lmin=-6.81, Lmax=-4.90
12:41:47 [ultranest] [DEBUG] iteration=2844, ncalls=53343, regioncalls=2647040, ndraw=40, logz=-13.80, remainder_fraction=66.9589%, Lmin=-6.80, Lmax=-4.90
12:41:47 [ultranest] [DEBUG] iteration=2845, ncalls=53355, regioncalls=2649480, ndraw=40, logz=-13.79, remainder_fraction=66.9213%, Lmin=-6.80, Lmax=-4.90
12:41:48 [ultranest] [DEBUG] iteration=2846, ncalls=53379, regioncalls=2651680, ndraw=40, logz=-13.79, remainder_fraction=66.8351%, Lmin=-6.80, Lmax=-4.90
12:41:50 [ultranest] [DEBUG] iteration=2847, ncalls=53443, regioncalls=2657920, ndraw=40, logz=-13.79, remainder_fraction=66.7574%, Lmin=-6.80, Lmax=-4.90
12:41:50 [ultranest] [DEBUG] iteration=2848, ncalls=53459, regioncalls=2660120, ndraw=40, logz=-13.79, remainder_fraction=66.6782%, Lmin=-6.79, Lmax=-4.90
12:41:52 [ultranest] [DEBUG] iteration=2849, ncalls=53508, regioncalls=2664720, ndraw=40, logz=-13.78, remainder_fraction=66.5825%, Lmin=-6.79, Lmax=-4.90
12:41:52 [ultranest] [DEBUG] iteration=2850, ncalls=53520, regioncalls=2666120, ndraw=40, logz=-13.78, remainder_fraction=66.5662%, Lmin=-6.79, Lmax=-4.90
12:41:55 [ultranest] [DEBUG] iteration=2852, ncalls=53600, regioncalls=2672320, ndraw=40, logz=-13.78, remainder_fraction=66.4616%, Lmin=-6.78, Lmax=-4.90
12:41:55 [ultranest] [DEBUG] iteration=2853, ncalls=53620, regioncalls=2674720, ndraw=40, logz=-13.78, remainder_fraction=66.3727%, Lmin=-6.78, Lmax=-4.90
12:41:56 [ultranest] [DEBUG] iteration=2854, ncalls=53630, regioncalls=2675720, ndraw=40, logz=-13.77, remainder_fraction=66.2742%, Lmin=-6.78, Lmax=-4.90
12:41:56 [ultranest] [DEBUG] iteration=2855, ncalls=53634, regioncalls=2676920, ndraw=40, logz=-13.77, remainder_fraction=66.1977%, Lmin=-6.77, Lmax=-4.90
12:41:56 [ultranest] [DEBUG] iteration=2856, ncalls=53636, regioncalls=2677080, ndraw=40, logz=-13.77, remainder_fraction=66.1669%, Lmin=-6.76, Lmax=-4.90
12:41:58 [ultranest] [DEBUG] iteration=2857, ncalls=53707, regioncalls=2683240, ndraw=40, logz=-13.77, remainder_fraction=66.0618%, Lmin=-6.76, Lmax=-4.90
12:42:01 [ultranest] [DEBUG] iteration=2858, ncalls=53804, regioncalls=2692000, ndraw=40, logz=-13.76, remainder_fraction=65.9749%, Lmin=-6.75, Lmax=-4.90
12:42:06 [ultranest] [DEBUG] iteration=2859, ncalls=53958, regioncalls=2703760, ndraw=40, logz=-13.76, remainder_fraction=65.9199%, Lmin=-6.75, Lmax=-4.90
12:42:07 [ultranest] [DEBUG] iteration=2860, ncalls=53989, regioncalls=2706640, ndraw=40, logz=-13.76, remainder_fraction=65.8815%, Lmin=-6.74, Lmax=-4.90
12:42:07 [ultranest] [DEBUG] iteration=2861, ncalls=53994, regioncalls=2706840, ndraw=40, logz=-13.76, remainder_fraction=65.8772%, Lmin=-6.74, Lmax=-4.90
12:42:08 [ultranest] [DEBUG] iteration=2862, ncalls=54035, regioncalls=2710480, ndraw=40, logz=-13.75, remainder_fraction=65.8126%, Lmin=-6.74, Lmax=-4.90
12:42:09 [ultranest] [DEBUG] iteration=2863, ncalls=54067, regioncalls=2713400, ndraw=40, logz=-13.75, remainder_fraction=65.7848%, Lmin=-6.74, Lmax=-4.90
12:42:10 [ultranest] [DEBUG] iteration=2864, ncalls=54082, regioncalls=2715080, ndraw=40, logz=-13.75, remainder_fraction=65.7313%, Lmin=-6.73, Lmax=-4.90
12:42:15 [ultranest] [DEBUG] iteration=2865, ncalls=54239, regioncalls=2733120, ndraw=40, logz=-13.75, remainder_fraction=65.6590%, Lmin=-6.73, Lmax=-4.90
12:42:16 [ultranest] [DEBUG] iteration=2866, ncalls=54293, regioncalls=2738200, ndraw=40, logz=-13.75, remainder_fraction=65.6306%, Lmin=-6.72, Lmax=-4.90
12:42:17 [ultranest] [DEBUG] iteration=2867, ncalls=54303, regioncalls=2739040, ndraw=40, logz=-13.74, remainder_fraction=65.5421%, Lmin=-6.72, Lmax=-4.90
12:42:18 [ultranest] [DEBUG] iteration=2868, ncalls=54337, regioncalls=2743600, ndraw=40, logz=-13.74, remainder_fraction=65.5291%, Lmin=-6.71, Lmax=-4.90
12:42:20 [ultranest] [DEBUG] iteration=2869, ncalls=54412, regioncalls=2751400, ndraw=40, logz=-13.74, remainder_fraction=65.4421%, Lmin=-6.71, Lmax=-4.90
12:42:22 [ultranest] [DEBUG] iteration=2870, ncalls=54471, regioncalls=2758400, ndraw=40, logz=-13.74, remainder_fraction=65.3555%, Lmin=-6.71, Lmax=-4.90
12:42:23 [ultranest] [DEBUG] iteration=2871, ncalls=54501, regioncalls=2761080, ndraw=40, logz=-13.73, remainder_fraction=65.3235%, Lmin=-6.71, Lmax=-4.90
12:42:24 [ultranest] [DEBUG] iteration=2872, ncalls=54544, regioncalls=2764240, ndraw=40, logz=-13.73, remainder_fraction=65.2454%, Lmin=-6.70, Lmax=-4.90
12:42:26 [ultranest] [DEBUG] iteration=2873, ncalls=54582, regioncalls=2767400, ndraw=40, logz=-13.73, remainder_fraction=65.1505%, Lmin=-6.70, Lmax=-4.90
12:42:27 [ultranest] [DEBUG] iteration=2874, ncalls=54620, regioncalls=2770920, ndraw=40, logz=-13.73, remainder_fraction=65.0960%, Lmin=-6.70, Lmax=-4.90
12:42:27 [ultranest] [DEBUG] iteration=2875, ncalls=54644, regioncalls=2773280, ndraw=40, logz=-13.73, remainder_fraction=64.9936%, Lmin=-6.70, Lmax=-4.90
12:42:28 [ultranest] [DEBUG] iteration=2876, ncalls=54664, regioncalls=2774960, ndraw=40, logz=-13.72, remainder_fraction=64.8938%, Lmin=-6.69, Lmax=-4.90
12:42:29 [ultranest] [DEBUG] iteration=2877, ncalls=54687, regioncalls=2777160, ndraw=40, logz=-13.72, remainder_fraction=64.8611%, Lmin=-6.69, Lmax=-4.90
12:42:29 [ultranest] [DEBUG] iteration=2878, ncalls=54693, regioncalls=2777720, ndraw=40, logz=-13.72, remainder_fraction=64.7570%, Lmin=-6.69, Lmax=-4.90
12:42:29 [ultranest] [DEBUG] iteration=2879, ncalls=54700, regioncalls=2778480, ndraw=40, logz=-13.72, remainder_fraction=64.7500%, Lmin=-6.69, Lmax=-4.90
12:42:30 [ultranest] [DEBUG] iteration=2880, ncalls=54710, regioncalls=2780240, ndraw=40, logz=-13.72, remainder_fraction=64.6785%, Lmin=-6.68, Lmax=-4.90
12:42:30 [ultranest] [DEBUG] iteration=2881, ncalls=54732, regioncalls=2782280, ndraw=40, logz=-13.71, remainder_fraction=64.6092%, Lmin=-6.68, Lmax=-4.90
12:42:31 [ultranest] [DEBUG] iteration=2882, ncalls=54753, regioncalls=2784520, ndraw=40, logz=-13.71, remainder_fraction=64.5150%, Lmin=-6.68, Lmax=-4.90
12:42:33 [ultranest] [DEBUG] iteration=2883, ncalls=54799, regioncalls=2789040, ndraw=40, logz=-13.71, remainder_fraction=64.4121%, Lmin=-6.68, Lmax=-4.90
12:42:35 [ultranest] [DEBUG] iteration=2884, ncalls=54870, regioncalls=2796920, ndraw=40, logz=-13.71, remainder_fraction=64.3156%, Lmin=-6.67, Lmax=-4.90
12:42:35 [ultranest] [DEBUG] iteration=2885, ncalls=54888, regioncalls=2798520, ndraw=40, logz=-13.70, remainder_fraction=64.2446%, Lmin=-6.67, Lmax=-4.90
12:42:39 [ultranest] [DEBUG] iteration=2886, ncalls=55011, regioncalls=2810960, ndraw=40, logz=-13.70, remainder_fraction=64.1859%, Lmin=-6.67, Lmax=-4.90
12:42:41 [ultranest] [DEBUG] iteration=2887, ncalls=55061, regioncalls=2814920, ndraw=40, logz=-13.70, remainder_fraction=64.1242%, Lmin=-6.66, Lmax=-4.90
12:42:46 [ultranest] [DEBUG] iteration=2888, ncalls=55225, regioncalls=2831240, ndraw=40, logz=-13.70, remainder_fraction=64.0330%, Lmin=-6.66, Lmax=-4.90
12:42:48 [ultranest] [DEBUG] iteration=2890, ncalls=55287, regioncalls=2839680, ndraw=40, logz=-13.69, remainder_fraction=63.8356%, Lmin=-6.65, Lmax=-4.90
12:42:48 [ultranest] [DEBUG] iteration=2891, ncalls=55302, regioncalls=2841520, ndraw=40, logz=-13.69, remainder_fraction=63.7352%, Lmin=-6.64, Lmax=-4.90
12:42:54 [ultranest] [DEBUG] iteration=2892, ncalls=55480, regioncalls=2863360, ndraw=40, logz=-13.69, remainder_fraction=63.6936%, Lmin=-6.64, Lmax=-4.90
12:42:59 [ultranest] [DEBUG] iteration=2893, ncalls=55640, regioncalls=2877640, ndraw=40, logz=-13.69, remainder_fraction=63.5970%, Lmin=-6.64, Lmax=-4.90
12:43:00 [ultranest] [DEBUG] iteration=2894, ncalls=55691, regioncalls=2883160, ndraw=40, logz=-13.68, remainder_fraction=63.5008%, Lmin=-6.64, Lmax=-4.90
12:43:03 [ultranest] [DEBUG] iteration=2896, ncalls=55766, regioncalls=2890600, ndraw=40, logz=-13.68, remainder_fraction=63.3292%, Lmin=-6.64, Lmax=-4.90
12:43:04 [ultranest] [DEBUG] iteration=2898, ncalls=55811, regioncalls=2894680, ndraw=40, logz=-13.68, remainder_fraction=63.1831%, Lmin=-6.63, Lmax=-4.90
12:43:08 [ultranest] [DEBUG] iteration=2899, ncalls=55932, regioncalls=2906880, ndraw=40, logz=-13.67, remainder_fraction=63.1157%, Lmin=-6.63, Lmax=-4.90
12:43:09 [ultranest] [DEBUG] iteration=2900, ncalls=55958, regioncalls=2909240, ndraw=40, logz=-13.67, remainder_fraction=63.0097%, Lmin=-6.63, Lmax=-4.90
12:43:10 [ultranest] [DEBUG] iteration=2901, ncalls=55977, regioncalls=2911760, ndraw=40, logz=-13.67, remainder_fraction=62.9033%, Lmin=-6.63, Lmax=-4.90
12:43:11 [ultranest] [DEBUG] iteration=2903, ncalls=56020, regioncalls=2917080, ndraw=40, logz=-13.67, remainder_fraction=62.7225%, Lmin=-6.62, Lmax=-4.90
12:43:13 [ultranest] [DEBUG] iteration=2904, ncalls=56077, regioncalls=2921640, ndraw=40, logz=-13.66, remainder_fraction=62.6834%, Lmin=-6.62, Lmax=-4.90
12:43:13 [ultranest] [DEBUG] iteration=2905, ncalls=56083, regioncalls=2921920, ndraw=40, logz=-13.66, remainder_fraction=62.5811%, Lmin=-6.61, Lmax=-4.90
12:43:14 [ultranest] [DEBUG] iteration=2906, ncalls=56108, regioncalls=2924840, ndraw=40, logz=-13.66, remainder_fraction=62.4776%, Lmin=-6.61, Lmax=-4.90
12:43:15 [ultranest] [DEBUG] iteration=2907, ncalls=56128, regioncalls=2926400, ndraw=40, logz=-13.66, remainder_fraction=62.3764%, Lmin=-6.61, Lmax=-4.90
12:43:15 [ultranest] [DEBUG] iteration=2908, ncalls=56149, regioncalls=2928000, ndraw=40, logz=-13.66, remainder_fraction=62.2867%, Lmin=-6.61, Lmax=-4.90
12:43:16 [ultranest] [DEBUG] iteration=2909, ncalls=56161, regioncalls=2928680, ndraw=40, logz=-13.65, remainder_fraction=62.1816%, Lmin=-6.61, Lmax=-4.90
12:43:16 [ultranest] [DEBUG] iteration=2910, ncalls=56177, regioncalls=2929760, ndraw=40, logz=-13.65, remainder_fraction=62.0776%, Lmin=-6.61, Lmax=-4.90
12:43:16 [ultranest] [DEBUG] iteration=2911, ncalls=56185, regioncalls=2930200, ndraw=40, logz=-13.65, remainder_fraction=62.0811%, Lmin=-6.60, Lmax=-4.90
12:43:19 [ultranest] [DEBUG] iteration=2912, ncalls=56252, regioncalls=2938600, ndraw=40, logz=-13.65, remainder_fraction=62.0019%, Lmin=-6.60, Lmax=-4.90
12:43:19 [ultranest] [DEBUG] iteration=2913, ncalls=56257, regioncalls=2938840, ndraw=40, logz=-13.65, remainder_fraction=61.8992%, Lmin=-6.60, Lmax=-4.90
12:43:21 [ultranest] [DEBUG] iteration=2914, ncalls=56330, regioncalls=2945000, ndraw=40, logz=-13.64, remainder_fraction=61.8141%, Lmin=-6.60, Lmax=-4.90
12:43:21 [ultranest] [DEBUG] iteration=2915, ncalls=56342, regioncalls=2946240, ndraw=40, logz=-13.64, remainder_fraction=61.7132%, Lmin=-6.60, Lmax=-4.90
12:43:22 [ultranest] [DEBUG] iteration=2916, ncalls=56377, regioncalls=2949360, ndraw=40, logz=-13.64, remainder_fraction=61.6405%, Lmin=-6.59, Lmax=-4.90
12:43:33 [ultranest] [DEBUG] iteration=2917, ncalls=56699, regioncalls=2983320, ndraw=40, logz=-13.64, remainder_fraction=61.5392%, Lmin=-6.59, Lmax=-4.90
12:43:33 [ultranest] [DEBUG] iteration=2918, ncalls=56716, regioncalls=2985440, ndraw=40, logz=-13.64, remainder_fraction=61.5102%, Lmin=-6.58, Lmax=-4.90
12:43:33 [ultranest] [DEBUG] iteration=2919, ncalls=56723, regioncalls=2985960, ndraw=40, logz=-13.63, remainder_fraction=61.4071%, Lmin=-6.58, Lmax=-4.90
12:43:33 [ultranest] [DEBUG] iteration=2920, ncalls=56728, regioncalls=2986440, ndraw=40, logz=-13.63, remainder_fraction=61.3250%, Lmin=-6.58, Lmax=-4.90
12:43:35 [ultranest] [DEBUG] iteration=2921, ncalls=56764, regioncalls=2991040, ndraw=40, logz=-13.63, remainder_fraction=61.3075%, Lmin=-6.57, Lmax=-4.90
12:43:35 [ultranest] [DEBUG] iteration=2922, ncalls=56788, regioncalls=2994080, ndraw=40, logz=-13.63, remainder_fraction=61.2196%, Lmin=-6.57, Lmax=-4.90
12:43:36 [ultranest] [DEBUG] iteration=2923, ncalls=56805, regioncalls=2996520, ndraw=40, logz=-13.63, remainder_fraction=61.1252%, Lmin=-6.57, Lmax=-4.90
12:43:37 [ultranest] [DEBUG] iteration=2924, ncalls=56852, regioncalls=3002800, ndraw=40, logz=-13.62, remainder_fraction=61.0199%, Lmin=-6.57, Lmax=-4.90
12:43:38 [ultranest] [DEBUG] iteration=2925, ncalls=56877, regioncalls=3005160, ndraw=40, logz=-13.62, remainder_fraction=60.9417%, Lmin=-6.56, Lmax=-4.90
12:43:42 [ultranest] [DEBUG] iteration=2926, ncalls=56999, regioncalls=3018480, ndraw=40, logz=-13.62, remainder_fraction=60.8526%, Lmin=-6.56, Lmax=-4.90
12:43:45 [ultranest] [DEBUG] iteration=2927, ncalls=57090, regioncalls=3027080, ndraw=40, logz=-13.62, remainder_fraction=60.7636%, Lmin=-6.56, Lmax=-4.90
12:43:48 [ultranest] [DEBUG] iteration=2928, ncalls=57177, regioncalls=3034400, ndraw=40, logz=-13.62, remainder_fraction=60.7220%, Lmin=-6.55, Lmax=-4.90
12:43:55 [ultranest] [DEBUG] iteration=2929, ncalls=57406, regioncalls=3056280, ndraw=40, logz=-13.61, remainder_fraction=60.6308%, Lmin=-6.55, Lmax=-4.90
12:43:56 [ultranest] [DEBUG] iteration=2930, ncalls=57441, regioncalls=3060160, ndraw=40, logz=-13.61, remainder_fraction=60.5768%, Lmin=-6.55, Lmax=-4.90
12:43:58 [ultranest] [DEBUG] iteration=2931, ncalls=57520, regioncalls=3067400, ndraw=40, logz=-13.61, remainder_fraction=60.5035%, Lmin=-6.55, Lmax=-4.90
12:44:01 [ultranest] [DEBUG] iteration=2932, ncalls=57600, regioncalls=3073960, ndraw=40, logz=-13.61, remainder_fraction=60.4557%, Lmin=-6.54, Lmax=-4.90
12:44:06 [ultranest] [DEBUG] iteration=2933, ncalls=57775, regioncalls=3091680, ndraw=40, logz=-13.61, remainder_fraction=60.3576%, Lmin=-6.54, Lmax=-4.90
12:44:08 [ultranest] [DEBUG] iteration=2935, ncalls=57846, regioncalls=3096920, ndraw=40, logz=-13.60, remainder_fraction=60.1912%, Lmin=-6.54, Lmax=-4.90
12:44:09 [ultranest] [DEBUG] iteration=2936, ncalls=57858, regioncalls=3098280, ndraw=40, logz=-13.60, remainder_fraction=60.0889%, Lmin=-6.53, Lmax=-4.90
12:44:09 [ultranest] [DEBUG] iteration=2937, ncalls=57865, regioncalls=3098760, ndraw=40, logz=-13.60, remainder_fraction=60.0117%, Lmin=-6.53, Lmax=-4.90
12:44:10 [ultranest] [DEBUG] iteration=2938, ncalls=57881, regioncalls=3100320, ndraw=40, logz=-13.60, remainder_fraction=59.9069%, Lmin=-6.53, Lmax=-4.90
12:44:11 [ultranest] [DEBUG] iteration=2939, ncalls=57936, regioncalls=3105080, ndraw=40, logz=-13.59, remainder_fraction=59.8187%, Lmin=-6.53, Lmax=-4.90
12:44:12 [ultranest] [DEBUG] iteration=2940, ncalls=57949, regioncalls=3105880, ndraw=40, logz=-13.59, remainder_fraction=59.7761%, Lmin=-6.52, Lmax=-4.90
12:44:14 [ultranest] [DEBUG] iteration=2941, ncalls=58013, regioncalls=3112080, ndraw=40, logz=-13.59, remainder_fraction=59.6726%, Lmin=-6.52, Lmax=-4.90
12:44:17 [ultranest] [DEBUG] iteration=2942, ncalls=58099, regioncalls=3121400, ndraw=40, logz=-13.59, remainder_fraction=59.5788%, Lmin=-6.52, Lmax=-4.90
12:44:17 [ultranest] [DEBUG] iteration=2943, ncalls=58124, regioncalls=3124160, ndraw=40, logz=-13.59, remainder_fraction=59.5077%, Lmin=-6.52, Lmax=-4.90
12:44:19 [ultranest] [DEBUG] iteration=2944, ncalls=58185, regioncalls=3129640, ndraw=40, logz=-13.58, remainder_fraction=59.4407%, Lmin=-6.51, Lmax=-4.90
12:44:22 [ultranest] [DEBUG] iteration=2945, ncalls=58278, regioncalls=3140120, ndraw=40, logz=-13.58, remainder_fraction=59.3716%, Lmin=-6.51, Lmax=-4.90
12:44:25 [ultranest] [DEBUG] iteration=2946, ncalls=58373, regioncalls=3150160, ndraw=40, logz=-13.58, remainder_fraction=59.3520%, Lmin=-6.51, Lmax=-4.90
12:44:28 [ultranest] [DEBUG] iteration=2947, ncalls=58457, regioncalls=3158320, ndraw=40, logz=-13.58, remainder_fraction=59.2719%, Lmin=-6.51, Lmax=-4.90
12:44:29 [ultranest] [DEBUG] iteration=2949, ncalls=58484, regioncalls=3160680, ndraw=40, logz=-13.57, remainder_fraction=59.0872%, Lmin=-6.50, Lmax=-4.90
12:44:31 [ultranest] [DEBUG] iteration=2950, ncalls=58576, regioncalls=3170360, ndraw=40, logz=-13.57, remainder_fraction=58.9829%, Lmin=-6.50, Lmax=-4.90
12:44:38 [ultranest] [DEBUG] iteration=2951, ncalls=58777, regioncalls=3189520, ndraw=40, logz=-13.57, remainder_fraction=58.9306%, Lmin=-6.50, Lmax=-4.90
12:44:38 [ultranest] [DEBUG] iteration=2952, ncalls=58791, regioncalls=3190160, ndraw=40, logz=-13.57, remainder_fraction=58.8860%, Lmin=-6.50, Lmax=-4.90
12:44:41 [ultranest] [DEBUG] iteration=2953, ncalls=58867, regioncalls=3196880, ndraw=40, logz=-13.57, remainder_fraction=58.8225%, Lmin=-6.49, Lmax=-4.90
12:44:41 [ultranest] [DEBUG] iteration=2954, ncalls=58873, regioncalls=3197360, ndraw=40, logz=-13.56, remainder_fraction=58.7542%, Lmin=-6.49, Lmax=-4.90
12:44:41 [ultranest] [DEBUG] iteration=2955, ncalls=58883, regioncalls=3197800, ndraw=40, logz=-13.56, remainder_fraction=58.6600%, Lmin=-6.49, Lmax=-4.90
12:44:47 [ultranest] [DEBUG] iteration=2956, ncalls=59069, regioncalls=3215000, ndraw=40, logz=-13.56, remainder_fraction=58.5922%, Lmin=-6.49, Lmax=-4.90
12:44:47 [ultranest] [DEBUG] iteration=2957, ncalls=59073, regioncalls=3215240, ndraw=40, logz=-13.56, remainder_fraction=58.5147%, Lmin=-6.49, Lmax=-4.90
12:44:50 [ultranest] [DEBUG] iteration=2958, ncalls=59159, regioncalls=3222480, ndraw=40, logz=-13.56, remainder_fraction=58.4098%, Lmin=-6.48, Lmax=-4.90
12:44:51 [ultranest] [DEBUG] iteration=2959, ncalls=59210, regioncalls=3227680, ndraw=40, logz=-13.56, remainder_fraction=58.3158%, Lmin=-6.48, Lmax=-4.90
12:44:56 [ultranest] [DEBUG] iteration=2960, ncalls=59366, regioncalls=3244280, ndraw=40, logz=-13.55, remainder_fraction=58.2131%, Lmin=-6.48, Lmax=-4.90
12:44:59 [ultranest] [DEBUG] iteration=2961, ncalls=59469, regioncalls=3254040, ndraw=40, logz=-13.55, remainder_fraction=58.1163%, Lmin=-6.48, Lmax=-4.90
12:45:03 [ultranest] [DEBUG] iteration=2962, ncalls=59575, regioncalls=3265880, ndraw=40, logz=-13.55, remainder_fraction=58.0452%, Lmin=-6.48, Lmax=-4.90
12:45:03 [ultranest] [DEBUG] iteration=2963, ncalls=59581, regioncalls=3266240, ndraw=40, logz=-13.55, remainder_fraction=57.9397%, Lmin=-6.48, Lmax=-4.90
12:45:05 [ultranest] [DEBUG] iteration=2964, ncalls=59661, regioncalls=3272040, ndraw=40, logz=-13.55, remainder_fraction=57.8949%, Lmin=-6.48, Lmax=-4.90
12:45:07 [ultranest] [DEBUG] iteration=2965, ncalls=59714, regioncalls=3278600, ndraw=40, logz=-13.54, remainder_fraction=57.8116%, Lmin=-6.47, Lmax=-4.90
12:45:08 [ultranest] [DEBUG] iteration=2966, ncalls=59745, regioncalls=3282360, ndraw=40, logz=-13.54, remainder_fraction=57.7646%, Lmin=-6.47, Lmax=-4.90
12:45:09 [ultranest] [DEBUG] iteration=2968, ncalls=59766, regioncalls=3284640, ndraw=40, logz=-13.54, remainder_fraction=57.6382%, Lmin=-6.47, Lmax=-4.90
12:45:11 [ultranest] [DEBUG] iteration=2969, ncalls=59842, regioncalls=3291320, ndraw=40, logz=-13.54, remainder_fraction=57.5569%, Lmin=-6.47, Lmax=-4.90
12:45:12 [ultranest] [DEBUG] iteration=2970, ncalls=59870, regioncalls=3294280, ndraw=40, logz=-13.54, remainder_fraction=57.4670%, Lmin=-6.46, Lmax=-4.90
12:45:12 [ultranest] [DEBUG] iteration=2971, ncalls=59887, regioncalls=3296240, ndraw=40, logz=-13.53, remainder_fraction=57.4202%, Lmin=-6.46, Lmax=-4.90
12:45:13 [ultranest] [DEBUG] iteration=2972, ncalls=59921, regioncalls=3299600, ndraw=40, logz=-13.53, remainder_fraction=57.3227%, Lmin=-6.46, Lmax=-4.90
12:45:15 [ultranest] [DEBUG] iteration=2973, ncalls=59961, regioncalls=3303880, ndraw=40, logz=-13.53, remainder_fraction=57.2699%, Lmin=-6.46, Lmax=-4.90
12:45:18 [ultranest] [DEBUG] iteration=2974, ncalls=60052, regioncalls=3314360, ndraw=40, logz=-13.53, remainder_fraction=57.1817%, Lmin=-6.46, Lmax=-4.90
12:45:20 [ultranest] [DEBUG] iteration=2975, ncalls=60121, regioncalls=3321880, ndraw=40, logz=-13.53, remainder_fraction=57.0909%, Lmin=-6.46, Lmax=-4.90
12:45:20 [ultranest] [DEBUG] iteration=2977, ncalls=60134, regioncalls=3322840, ndraw=40, logz=-13.52, remainder_fraction=56.9092%, Lmin=-6.46, Lmax=-4.90
12:45:22 [ultranest] [DEBUG] iteration=2978, ncalls=60187, regioncalls=3328240, ndraw=40, logz=-13.52, remainder_fraction=56.8089%, Lmin=-6.45, Lmax=-4.90
12:45:30 [ultranest] [DEBUG] iteration=2979, ncalls=60435, regioncalls=3356240, ndraw=40, logz=-13.52, remainder_fraction=56.7561%, Lmin=-6.45, Lmax=-4.90
12:45:32 [ultranest] [DEBUG] iteration=2980, ncalls=60510, regioncalls=3364920, ndraw=40, logz=-13.52, remainder_fraction=56.6664%, Lmin=-6.45, Lmax=-4.90
12:45:34 [ultranest] [DEBUG] iteration=2981, ncalls=60563, regioncalls=3370800, ndraw=40, logz=-13.52, remainder_fraction=56.6530%, Lmin=-6.45, Lmax=-4.90
12:45:34 [ultranest] [DEBUG] iteration=2982, ncalls=60568, regioncalls=3371600, ndraw=40, logz=-13.51, remainder_fraction=56.6230%, Lmin=-6.45, Lmax=-4.90
12:45:34 [ultranest] [DEBUG] iteration=2983, ncalls=60574, regioncalls=3373200, ndraw=40, logz=-13.51, remainder_fraction=56.5440%, Lmin=-6.45, Lmax=-4.90
12:45:35 [ultranest] [DEBUG] iteration=2984, ncalls=60599, regioncalls=3374680, ndraw=40, logz=-13.51, remainder_fraction=56.4448%, Lmin=-6.45, Lmax=-4.90
12:45:35 [ultranest] [DEBUG] iteration=2985, ncalls=60617, regioncalls=3376720, ndraw=40, logz=-13.51, remainder_fraction=56.3651%, Lmin=-6.45, Lmax=-4.90
12:45:42 [ultranest] [DEBUG] iteration=2986, ncalls=60836, regioncalls=3398600, ndraw=40, logz=-13.51, remainder_fraction=56.3253%, Lmin=-6.44, Lmax=-4.90
12:45:45 [ultranest] [DEBUG] iteration=2987, ncalls=60905, regioncalls=3406560, ndraw=40, logz=-13.51, remainder_fraction=56.2244%, Lmin=-6.44, Lmax=-4.90
12:45:49 [ultranest] [DEBUG] iteration=2988, ncalls=61037, regioncalls=3420400, ndraw=40, logz=-13.50, remainder_fraction=56.1490%, Lmin=-6.44, Lmax=-4.90
12:45:50 [ultranest] [DEBUG] iteration=2989, ncalls=61065, regioncalls=3423560, ndraw=40, logz=-13.50, remainder_fraction=56.1375%, Lmin=-6.44, Lmax=-4.90
12:45:52 [ultranest] [DEBUG] iteration=2990, ncalls=61119, regioncalls=3434320, ndraw=40, logz=-13.50, remainder_fraction=56.0384%, Lmin=-6.43, Lmax=-4.90
12:45:52 [ultranest] [DEBUG] iteration=2991, ncalls=61138, regioncalls=3436160, ndraw=40, logz=-13.50, remainder_fraction=55.9594%, Lmin=-6.43, Lmax=-4.90
12:45:56 [ultranest] [DEBUG] iteration=2992, ncalls=61263, regioncalls=3452920, ndraw=40, logz=-13.50, remainder_fraction=55.8632%, Lmin=-6.43, Lmax=-4.90
12:45:58 [ultranest] [DEBUG] iteration=2993, ncalls=61300, regioncalls=3456320, ndraw=40, logz=-13.49, remainder_fraction=55.7807%, Lmin=-6.43, Lmax=-4.90
12:46:01 [ultranest] [DEBUG] iteration=2994, ncalls=61401, regioncalls=3470400, ndraw=40, logz=-13.49, remainder_fraction=55.6911%, Lmin=-6.43, Lmax=-4.90
12:46:01 [ultranest] [DEBUG] iteration=2995, ncalls=61413, regioncalls=3471520, ndraw=40, logz=-13.49, remainder_fraction=55.6484%, Lmin=-6.42, Lmax=-4.90
12:46:02 [ultranest] [DEBUG] iteration=2996, ncalls=61443, regioncalls=3475800, ndraw=40, logz=-13.49, remainder_fraction=55.6007%, Lmin=-6.42, Lmax=-4.90
12:46:04 [ultranest] [DEBUG] iteration=2997, ncalls=61482, regioncalls=3480800, ndraw=40, logz=-13.49, remainder_fraction=55.5081%, Lmin=-6.42, Lmax=-4.90
12:46:04 [ultranest] [DEBUG] iteration=2998, ncalls=61500, regioncalls=3483960, ndraw=40, logz=-13.49, remainder_fraction=55.4250%, Lmin=-6.42, Lmax=-4.90
12:46:04 [ultranest] [DEBUG] iteration=2999, ncalls=61506, regioncalls=3484640, ndraw=40, logz=-13.48, remainder_fraction=55.3547%, Lmin=-6.42, Lmax=-4.90
12:46:08 [ultranest] [DEBUG] iteration=3000, ncalls=61622, regioncalls=3502720, ndraw=40, logz=-13.48, remainder_fraction=55.3068%, Lmin=-6.41, Lmax=-4.90
12:46:10 [ultranest] [DEBUG] iteration=3001, ncalls=61673, regioncalls=3513160, ndraw=40, logz=-13.48, remainder_fraction=55.2310%, Lmin=-6.41, Lmax=-4.90
12:46:12 [ultranest] [DEBUG] iteration=3002, ncalls=61755, regioncalls=3526920, ndraw=40, logz=-13.48, remainder_fraction=55.1571%, Lmin=-6.41, Lmax=-4.90
12:46:14 [ultranest] [DEBUG] iteration=3003, ncalls=61809, regioncalls=3535840, ndraw=40, logz=-13.48, remainder_fraction=55.0718%, Lmin=-6.41, Lmax=-4.90
12:46:15 [ultranest] [DEBUG] iteration=3004, ncalls=61837, regioncalls=3541080, ndraw=40, logz=-13.48, remainder_fraction=54.9847%, Lmin=-6.41, Lmax=-4.90
12:46:15 [ultranest] [DEBUG] iteration=3005, ncalls=61843, regioncalls=3542640, ndraw=40, logz=-13.47, remainder_fraction=54.9084%, Lmin=-6.41, Lmax=-4.90
12:46:18 [ultranest] [DEBUG] iteration=3006, ncalls=61933, regioncalls=3557880, ndraw=40, logz=-13.47, remainder_fraction=54.8604%, Lmin=-6.41, Lmax=-4.90
12:46:20 [ultranest] [DEBUG] iteration=3007, ncalls=62006, regioncalls=3569800, ndraw=40, logz=-13.47, remainder_fraction=54.7710%, Lmin=-6.40, Lmax=-4.90
12:46:25 [ultranest] [DEBUG] iteration=3008, ncalls=62139, regioncalls=3589160, ndraw=40, logz=-13.47, remainder_fraction=54.7001%, Lmin=-6.40, Lmax=-4.90
12:46:25 [ultranest] [DEBUG] iteration=3009, ncalls=62161, regioncalls=3592520, ndraw=40, logz=-13.47, remainder_fraction=54.6289%, Lmin=-6.40, Lmax=-4.90
12:46:27 [ultranest] [DEBUG] iteration=3010, ncalls=62221, regioncalls=3599640, ndraw=40, logz=-13.47, remainder_fraction=54.5279%, Lmin=-6.39, Lmax=-4.90
12:46:30 [ultranest] [DEBUG] iteration=3011, ncalls=62315, regioncalls=3611880, ndraw=40, logz=-13.46, remainder_fraction=54.4622%, Lmin=-6.39, Lmax=-4.90
12:46:32 [ultranest] [DEBUG] iteration=3012, ncalls=62349, regioncalls=3619320, ndraw=40, logz=-13.46, remainder_fraction=54.4189%, Lmin=-6.39, Lmax=-4.90
12:46:32 [ultranest] [DEBUG] iteration=3013, ncalls=62354, regioncalls=3619720, ndraw=40, logz=-13.46, remainder_fraction=54.3319%, Lmin=-6.39, Lmax=-4.90
12:46:33 [ultranest] [DEBUG] iteration=3014, ncalls=62382, regioncalls=3623920, ndraw=40, logz=-13.46, remainder_fraction=54.2360%, Lmin=-6.38, Lmax=-4.90
12:46:34 [ultranest] [DEBUG] iteration=3015, ncalls=62420, regioncalls=3629560, ndraw=40, logz=-13.46, remainder_fraction=54.1465%, Lmin=-6.38, Lmax=-4.90
12:46:37 [ultranest] [DEBUG] iteration=3016, ncalls=62529, regioncalls=3645080, ndraw=40, logz=-13.46, remainder_fraction=54.0493%, Lmin=-6.38, Lmax=-4.90
12:46:39 [ultranest] [DEBUG] iteration=3017, ncalls=62571, regioncalls=3652720, ndraw=40, logz=-13.46, remainder_fraction=53.9666%, Lmin=-6.38, Lmax=-4.90
12:46:40 [ultranest] [DEBUG] iteration=3018, ncalls=62591, regioncalls=3655480, ndraw=40, logz=-13.45, remainder_fraction=53.8871%, Lmin=-6.37, Lmax=-4.90
12:46:40 [ultranest] [DEBUG] iteration=3019, ncalls=62598, regioncalls=3656560, ndraw=40, logz=-13.45, remainder_fraction=53.7930%, Lmin=-6.36, Lmax=-4.90
12:46:42 [ultranest] [DEBUG] iteration=3020, ncalls=62660, regioncalls=3667600, ndraw=40, logz=-13.45, remainder_fraction=53.7002%, Lmin=-6.36, Lmax=-4.90
12:46:42 [ultranest] [DEBUG] iteration=3021, ncalls=62673, regioncalls=3668520, ndraw=40, logz=-13.45, remainder_fraction=53.6041%, Lmin=-6.36, Lmax=-4.90
12:46:43 [ultranest] [DEBUG] iteration=3022, ncalls=62703, regioncalls=3673080, ndraw=40, logz=-13.45, remainder_fraction=53.5258%, Lmin=-6.36, Lmax=-4.90
12:46:44 [ultranest] [DEBUG] iteration=3023, ncalls=62728, regioncalls=3677440, ndraw=40, logz=-13.45, remainder_fraction=53.4502%, Lmin=-6.35, Lmax=-4.90
12:46:45 [ultranest] [DEBUG] iteration=3024, ncalls=62758, regioncalls=3680160, ndraw=40, logz=-13.44, remainder_fraction=53.3513%, Lmin=-6.35, Lmax=-4.90
12:46:46 [ultranest] [DEBUG] iteration=3025, ncalls=62792, regioncalls=3686880, ndraw=40, logz=-13.44, remainder_fraction=53.2780%, Lmin=-6.35, Lmax=-4.90
12:46:47 [ultranest] [DEBUG] iteration=3026, ncalls=62805, regioncalls=3688280, ndraw=40, logz=-13.44, remainder_fraction=53.2202%, Lmin=-6.35, Lmax=-4.90
12:46:47 [ultranest] [DEBUG] iteration=3027, ncalls=62817, regioncalls=3689680, ndraw=40, logz=-13.44, remainder_fraction=53.1268%, Lmin=-6.34, Lmax=-4.90
12:46:48 [ultranest] [DEBUG] iteration=3028, ncalls=62841, regioncalls=3692360, ndraw=40, logz=-13.44, remainder_fraction=53.0736%, Lmin=-6.34, Lmax=-4.90
12:46:49 [ultranest] [DEBUG] iteration=3029, ncalls=62867, regioncalls=3698000, ndraw=40, logz=-13.44, remainder_fraction=52.9895%, Lmin=-6.34, Lmax=-4.90
12:46:50 [ultranest] [DEBUG] iteration=3030, ncalls=62907, regioncalls=3704240, ndraw=40, logz=-13.43, remainder_fraction=52.8917%, Lmin=-6.34, Lmax=-4.90
12:46:55 [ultranest] [DEBUG] iteration=3031, ncalls=63040, regioncalls=3727600, ndraw=40, logz=-13.43, remainder_fraction=52.8118%, Lmin=-6.34, Lmax=-4.90
12:46:56 [ultranest] [DEBUG] iteration=3032, ncalls=63086, regioncalls=3735320, ndraw=40, logz=-13.43, remainder_fraction=52.7329%, Lmin=-6.34, Lmax=-4.90
12:46:56 [ultranest] [DEBUG] iteration=3033, ncalls=63089, regioncalls=3735440, ndraw=40, logz=-13.43, remainder_fraction=52.6317%, Lmin=-6.33, Lmax=-4.90
12:46:57 [ultranest] [DEBUG] iteration=3034, ncalls=63121, regioncalls=3739280, ndraw=40, logz=-13.43, remainder_fraction=52.5881%, Lmin=-6.33, Lmax=-4.90
12:47:00 [ultranest] [DEBUG] iteration=3035, ncalls=63195, regioncalls=3751880, ndraw=40, logz=-13.43, remainder_fraction=52.5188%, Lmin=-6.33, Lmax=-4.90
12:47:02 [ultranest] [DEBUG] iteration=3036, ncalls=63274, regioncalls=3766280, ndraw=40, logz=-13.42, remainder_fraction=52.4204%, Lmin=-6.33, Lmax=-4.90
12:47:03 [ultranest] [DEBUG] iteration=3037, ncalls=63291, regioncalls=3768400, ndraw=40, logz=-13.42, remainder_fraction=52.3407%, Lmin=-6.32, Lmax=-4.90
12:47:05 [ultranest] [DEBUG] iteration=3038, ncalls=63343, regioncalls=3777640, ndraw=40, logz=-13.42, remainder_fraction=52.2851%, Lmin=-6.32, Lmax=-4.90
12:47:05 [ultranest] [DEBUG] iteration=3039, ncalls=63353, regioncalls=3778600, ndraw=40, logz=-13.42, remainder_fraction=52.1881%, Lmin=-6.32, Lmax=-4.90
12:47:07 [ultranest] [DEBUG] iteration=3040, ncalls=63402, regioncalls=3785920, ndraw=40, logz=-13.42, remainder_fraction=52.1128%, Lmin=-6.32, Lmax=-4.90
12:47:10 [ultranest] [DEBUG] iteration=3041, ncalls=63498, regioncalls=3799520, ndraw=40, logz=-13.42, remainder_fraction=52.0188%, Lmin=-6.31, Lmax=-4.90
12:47:13 [ultranest] [DEBUG] iteration=3042, ncalls=63590, regioncalls=3813920, ndraw=40, logz=-13.42, remainder_fraction=51.9494%, Lmin=-6.31, Lmax=-4.90
12:47:13 [ultranest] [DEBUG] iteration=3043, ncalls=63608, regioncalls=3815800, ndraw=40, logz=-13.41, remainder_fraction=51.8693%, Lmin=-6.31, Lmax=-4.90
12:47:14 [ultranest] [DEBUG] iteration=3044, ncalls=63616, regioncalls=3816880, ndraw=40, logz=-13.41, remainder_fraction=51.7735%, Lmin=-6.31, Lmax=-4.90
12:47:17 [ultranest] [DEBUG] iteration=3045, ncalls=63722, regioncalls=3836800, ndraw=40, logz=-13.41, remainder_fraction=51.6761%, Lmin=-6.30, Lmax=-4.90
12:47:18 [ultranest] [DEBUG] iteration=3046, ncalls=63758, regioncalls=3844520, ndraw=40, logz=-13.41, remainder_fraction=51.5867%, Lmin=-6.30, Lmax=-4.90
12:47:18 [ultranest] [DEBUG] iteration=3047, ncalls=63763, regioncalls=3844960, ndraw=40, logz=-13.41, remainder_fraction=51.5205%, Lmin=-6.30, Lmax=-4.90
12:47:25 [ultranest] [DEBUG] iteration=3048, ncalls=63959, regioncalls=3879680, ndraw=40, logz=-13.41, remainder_fraction=51.4402%, Lmin=-6.30, Lmax=-4.90
12:47:27 [ultranest] [DEBUG] iteration=3049, ncalls=64038, regioncalls=3892560, ndraw=40, logz=-13.40, remainder_fraction=51.3666%, Lmin=-6.30, Lmax=-4.90
12:47:28 [ultranest] [DEBUG] iteration=3050, ncalls=64066, regioncalls=3897720, ndraw=40, logz=-13.40, remainder_fraction=51.2677%, Lmin=-6.30, Lmax=-4.90
12:47:32 [ultranest] [DEBUG] iteration=3052, ncalls=64177, regioncalls=3913800, ndraw=40, logz=-13.40, remainder_fraction=51.1161%, Lmin=-6.29, Lmax=-4.90
12:47:33 [ultranest] [DEBUG] iteration=3053, ncalls=64219, regioncalls=3918080, ndraw=40, logz=-13.40, remainder_fraction=51.0422%, Lmin=-6.29, Lmax=-4.90
12:47:38 [ultranest] [DEBUG] iteration=3054, ncalls=64361, regioncalls=3936840, ndraw=40, logz=-13.40, remainder_fraction=51.0282%, Lmin=-6.29, Lmax=-4.90
12:47:38 [ultranest] [DEBUG] iteration=3055, ncalls=64373, regioncalls=3939120, ndraw=40, logz=-13.40, remainder_fraction=50.9532%, Lmin=-6.28, Lmax=-4.90
12:47:41 [ultranest] [DEBUG] iteration=3056, ncalls=64464, regioncalls=3955360, ndraw=40, logz=-13.39, remainder_fraction=50.8898%, Lmin=-6.28, Lmax=-4.90
12:47:41 [ultranest] [DEBUG] iteration=3057, ncalls=64481, regioncalls=3957480, ndraw=40, logz=-13.39, remainder_fraction=50.7990%, Lmin=-6.28, Lmax=-4.90
12:47:42 [ultranest] [DEBUG] iteration=3058, ncalls=64492, regioncalls=3959840, ndraw=40, logz=-13.39, remainder_fraction=50.7437%, Lmin=-6.27, Lmax=-4.90
12:47:43 [ultranest] [DEBUG] iteration=3059, ncalls=64521, regioncalls=3964040, ndraw=40, logz=-13.39, remainder_fraction=50.6581%, Lmin=-6.27, Lmax=-4.90
12:47:43 [ultranest] [DEBUG] iteration=3060, ncalls=64522, regioncalls=3964840, ndraw=40, logz=-13.39, remainder_fraction=50.5698%, Lmin=-6.26, Lmax=-4.90
12:47:46 [ultranest] [DEBUG] iteration=3061, ncalls=64620, regioncalls=3977680, ndraw=40, logz=-13.39, remainder_fraction=50.4887%, Lmin=-6.26, Lmax=-4.90
12:47:47 [ultranest] [DEBUG] iteration=3062, ncalls=64641, regioncalls=3980800, ndraw=40, logz=-13.38, remainder_fraction=50.3901%, Lmin=-6.26, Lmax=-4.90
12:47:47 [ultranest] [DEBUG] iteration=3063, ncalls=64646, regioncalls=3981760, ndraw=40, logz=-13.38, remainder_fraction=50.3672%, Lmin=-6.26, Lmax=-4.90
12:47:51 [ultranest] [DEBUG] iteration=3064, ncalls=64775, regioncalls=4003640, ndraw=40, logz=-13.38, remainder_fraction=50.3252%, Lmin=-6.26, Lmax=-4.90
12:47:51 [ultranest] [DEBUG] iteration=3065, ncalls=64779, regioncalls=4003960, ndraw=40, logz=-13.38, remainder_fraction=50.2347%, Lmin=-6.25, Lmax=-4.90
12:47:51 [ultranest] [DEBUG] iteration=3066, ncalls=64787, regioncalls=4005120, ndraw=40, logz=-13.38, remainder_fraction=50.1426%, Lmin=-6.25, Lmax=-4.90
12:47:55 [ultranest] [DEBUG] iteration=3067, ncalls=64898, regioncalls=4020360, ndraw=40, logz=-13.38, remainder_fraction=50.0717%, Lmin=-6.24, Lmax=-4.90
12:47:58 [ultranest] [DEBUG] iteration=3068, ncalls=65005, regioncalls=4038160, ndraw=40, logz=-13.38, remainder_fraction=50.0247%, Lmin=-6.24, Lmax=-4.90
12:47:59 [ultranest] [DEBUG] iteration=3069, ncalls=65023, regioncalls=4041520, ndraw=40, logz=-13.37, remainder_fraction=49.9833%, Lmin=-6.24, Lmax=-4.90
12:48:00 [ultranest] [DEBUG] iteration=3070, ncalls=65063, regioncalls=4047240, ndraw=40, logz=-13.37, remainder_fraction=49.9054%, Lmin=-6.24, Lmax=-4.90
12:48:02 [ultranest] [DEBUG] iteration=3071, ncalls=65114, regioncalls=4058600, ndraw=40, logz=-13.37, remainder_fraction=49.8073%, Lmin=-6.24, Lmax=-4.90
12:48:03 [ultranest] [DEBUG] iteration=3072, ncalls=65130, regioncalls=4060120, ndraw=40, logz=-13.37, remainder_fraction=49.7152%, Lmin=-6.24, Lmax=-4.90
12:48:03 [ultranest] [DEBUG] iteration=3073, ncalls=65155, regioncalls=4063440, ndraw=40, logz=-13.37, remainder_fraction=49.6665%, Lmin=-6.23, Lmax=-4.90
12:48:10 [ultranest] [DEBUG] iteration=3074, ncalls=65349, regioncalls=4094080, ndraw=40, logz=-13.37, remainder_fraction=49.6018%, Lmin=-6.23, Lmax=-4.90
12:48:12 [ultranest] [DEBUG] iteration=3076, ncalls=65405, regioncalls=4104920, ndraw=40, logz=-13.36, remainder_fraction=49.4352%, Lmin=-6.23, Lmax=-4.90
12:48:16 [ultranest] [DEBUG] iteration=3077, ncalls=65537, regioncalls=4128200, ndraw=40, logz=-13.36, remainder_fraction=49.3370%, Lmin=-6.23, Lmax=-4.90
12:48:23 [ultranest] [DEBUG] iteration=3078, ncalls=65752, regioncalls=4164440, ndraw=40, logz=-13.36, remainder_fraction=49.2396%, Lmin=-6.23, Lmax=-4.90
12:48:24 [ultranest] [DEBUG] iteration=3079, ncalls=65796, regioncalls=4169800, ndraw=40, logz=-13.36, remainder_fraction=49.1429%, Lmin=-6.23, Lmax=-4.90
12:48:25 [ultranest] [DEBUG] iteration=3080, ncalls=65824, regioncalls=4175320, ndraw=40, logz=-13.36, remainder_fraction=49.0512%, Lmin=-6.23, Lmax=-4.90
12:48:27 [ultranest] [DEBUG] iteration=3081, ncalls=65892, regioncalls=4187080, ndraw=40, logz=-13.36, remainder_fraction=48.9744%, Lmin=-6.22, Lmax=-4.90
12:48:28 [ultranest] [DEBUG] iteration=3082, ncalls=65917, regioncalls=4190160, ndraw=40, logz=-13.35, remainder_fraction=48.8829%, Lmin=-6.22, Lmax=-4.90
12:48:30 [ultranest] [DEBUG] iteration=3083, ncalls=65991, regioncalls=4199800, ndraw=40, logz=-13.35, remainder_fraction=48.7842%, Lmin=-6.22, Lmax=-4.90
12:48:31 [ultranest] [DEBUG] iteration=3084, ncalls=66007, regioncalls=4201520, ndraw=40, logz=-13.35, remainder_fraction=48.6860%, Lmin=-6.22, Lmax=-4.90
12:48:32 [ultranest] [DEBUG] iteration=3085, ncalls=66036, regioncalls=4205680, ndraw=40, logz=-13.35, remainder_fraction=48.5899%, Lmin=-6.22, Lmax=-4.90
12:48:32 [ultranest] [DEBUG] iteration=3086, ncalls=66040, regioncalls=4206440, ndraw=40, logz=-13.35, remainder_fraction=48.5353%, Lmin=-6.21, Lmax=-4.90
12:48:32 [ultranest] [DEBUG] iteration=3087, ncalls=66048, regioncalls=4207000, ndraw=40, logz=-13.35, remainder_fraction=48.4451%, Lmin=-6.21, Lmax=-4.90
12:48:34 [ultranest] [DEBUG] iteration=3088, ncalls=66104, regioncalls=4216680, ndraw=40, logz=-13.35, remainder_fraction=48.3934%, Lmin=-6.21, Lmax=-4.90
12:48:35 [ultranest] [DEBUG] iteration=3089, ncalls=66124, regioncalls=4219640, ndraw=40, logz=-13.34, remainder_fraction=48.3108%, Lmin=-6.21, Lmax=-4.90
12:48:36 [ultranest] [DEBUG] iteration=3090, ncalls=66178, regioncalls=4225800, ndraw=40, logz=-13.34, remainder_fraction=48.2704%, Lmin=-6.21, Lmax=-4.90
12:48:39 [ultranest] [DEBUG] iteration=3091, ncalls=66251, regioncalls=4235560, ndraw=40, logz=-13.34, remainder_fraction=48.1966%, Lmin=-6.21, Lmax=-4.90
12:48:39 [ultranest] [DEBUG] iteration=3092, ncalls=66269, regioncalls=4238040, ndraw=40, logz=-13.34, remainder_fraction=48.1211%, Lmin=-6.21, Lmax=-4.90
12:48:40 [ultranest] [DEBUG] iteration=3093, ncalls=66298, regioncalls=4241720, ndraw=40, logz=-13.34, remainder_fraction=48.0304%, Lmin=-6.21, Lmax=-4.90
12:48:49 [ultranest] [DEBUG] iteration=3094, ncalls=66565, regioncalls=4284520, ndraw=40, logz=-13.34, remainder_fraction=47.9735%, Lmin=-6.20, Lmax=-4.90
12:48:50 [ultranest] [DEBUG] iteration=3095, ncalls=66578, regioncalls=4287000, ndraw=40, logz=-13.34, remainder_fraction=47.8976%, Lmin=-6.20, Lmax=-4.90
12:48:51 [ultranest] [DEBUG] iteration=3096, ncalls=66626, regioncalls=4296360, ndraw=40, logz=-13.33, remainder_fraction=47.8370%, Lmin=-6.20, Lmax=-4.90
12:48:52 [ultranest] [DEBUG] iteration=3097, ncalls=66666, regioncalls=4304840, ndraw=40, logz=-13.33, remainder_fraction=47.7487%, Lmin=-6.20, Lmax=-4.90
12:48:53 [ultranest] [DEBUG] iteration=3098, ncalls=66689, regioncalls=4308640, ndraw=40, logz=-13.33, remainder_fraction=47.7120%, Lmin=-6.20, Lmax=-4.90
12:48:53 [ultranest] [DEBUG] iteration=3099, ncalls=66699, regioncalls=4310160, ndraw=40, logz=-13.33, remainder_fraction=47.6238%, Lmin=-6.20, Lmax=-4.90
12:48:57 [ultranest] [DEBUG] iteration=3100, ncalls=66810, regioncalls=4326160, ndraw=40, logz=-13.33, remainder_fraction=47.5705%, Lmin=-6.20, Lmax=-4.90
12:48:59 [ultranest] [DEBUG] iteration=3101, ncalls=66878, regioncalls=4339240, ndraw=40, logz=-13.33, remainder_fraction=47.4915%, Lmin=-6.20, Lmax=-4.90
12:49:02 [ultranest] [DEBUG] iteration=3102, ncalls=66963, regioncalls=4352480, ndraw=40, logz=-13.33, remainder_fraction=47.4131%, Lmin=-6.19, Lmax=-4.90
12:49:02 [ultranest] [DEBUG] iteration=3103, ncalls=66975, regioncalls=4355640, ndraw=40, logz=-13.32, remainder_fraction=47.3921%, Lmin=-6.19, Lmax=-4.90
12:49:03 [ultranest] [DEBUG] iteration=3104, ncalls=66996, regioncalls=4358760, ndraw=40, logz=-13.32, remainder_fraction=47.2976%, Lmin=-6.19, Lmax=-4.90
12:49:07 [ultranest] [DEBUG] iteration=3105, ncalls=67137, regioncalls=4383240, ndraw=40, logz=-13.32, remainder_fraction=47.2300%, Lmin=-6.19, Lmax=-4.90
12:49:10 [ultranest] [DEBUG] iteration=3106, ncalls=67218, regioncalls=4394440, ndraw=40, logz=-13.32, remainder_fraction=47.1873%, Lmin=-6.19, Lmax=-4.90
12:49:12 [ultranest] [DEBUG] iteration=3107, ncalls=67296, regioncalls=4404440, ndraw=40, logz=-13.32, remainder_fraction=47.1430%, Lmin=-6.18, Lmax=-4.90
12:49:16 [ultranest] [DEBUG] iteration=3108, ncalls=67407, regioncalls=4421760, ndraw=40, logz=-13.32, remainder_fraction=47.0654%, Lmin=-6.18, Lmax=-4.90
12:49:16 [ultranest] [DEBUG] iteration=3109, ncalls=67414, regioncalls=4422640, ndraw=40, logz=-13.32, remainder_fraction=46.9866%, Lmin=-6.18, Lmax=-4.90
12:49:17 [ultranest] [DEBUG] iteration=3110, ncalls=67423, regioncalls=4423560, ndraw=40, logz=-13.32, remainder_fraction=46.8921%, Lmin=-6.18, Lmax=-4.90
12:49:18 [ultranest] [DEBUG] iteration=3111, ncalls=67476, regioncalls=4431400, ndraw=40, logz=-13.31, remainder_fraction=46.8080%, Lmin=-6.17, Lmax=-4.90
12:49:20 [ultranest] [DEBUG] iteration=3112, ncalls=67516, regioncalls=4438560, ndraw=40, logz=-13.31, remainder_fraction=46.7340%, Lmin=-6.17, Lmax=-4.90
12:49:20 [ultranest] [DEBUG] iteration=3113, ncalls=67544, regioncalls=4443600, ndraw=40, logz=-13.31, remainder_fraction=46.6526%, Lmin=-6.17, Lmax=-4.90
12:49:26 [ultranest] [DEBUG] iteration=3114, ncalls=67716, regioncalls=4472880, ndraw=40, logz=-13.31, remainder_fraction=46.5591%, Lmin=-6.17, Lmax=-4.90
12:49:29 [ultranest] [DEBUG] iteration=3115, ncalls=67824, regioncalls=4489120, ndraw=40, logz=-13.31, remainder_fraction=46.4745%, Lmin=-6.17, Lmax=-4.90
12:49:30 [ultranest] [DEBUG] iteration=3116, ncalls=67849, regioncalls=4492000, ndraw=40, logz=-13.31, remainder_fraction=46.3971%, Lmin=-6.17, Lmax=-4.90
12:49:31 [ultranest] [DEBUG] iteration=3117, ncalls=67869, regioncalls=4494960, ndraw=40, logz=-13.31, remainder_fraction=46.3108%, Lmin=-6.16, Lmax=-4.90
12:49:32 [ultranest] [DEBUG] iteration=3119, ncalls=67916, regioncalls=4502600, ndraw=40, logz=-13.30, remainder_fraction=46.1665%, Lmin=-6.16, Lmax=-4.90
12:49:33 [ultranest] [DEBUG] iteration=3120, ncalls=67926, regioncalls=4505280, ndraw=40, logz=-13.30, remainder_fraction=46.0767%, Lmin=-6.16, Lmax=-4.90
12:49:33 [ultranest] [DEBUG] iteration=3121, ncalls=67934, regioncalls=4506280, ndraw=40, logz=-13.30, remainder_fraction=46.0179%, Lmin=-6.16, Lmax=-4.90
12:49:38 [ultranest] [DEBUG] iteration=3122, ncalls=68083, regioncalls=4532560, ndraw=40, logz=-13.30, remainder_fraction=45.9447%, Lmin=-6.15, Lmax=-4.90
12:49:39 [ultranest] [DEBUG] iteration=3123, ncalls=68115, regioncalls=4539120, ndraw=40, logz=-13.30, remainder_fraction=45.9081%, Lmin=-6.15, Lmax=-4.90
12:49:41 [ultranest] [DEBUG] iteration=3124, ncalls=68185, regioncalls=4549600, ndraw=40, logz=-13.30, remainder_fraction=45.8645%, Lmin=-6.15, Lmax=-4.90
12:49:46 [ultranest] [DEBUG] iteration=3125, ncalls=68354, regioncalls=4574240, ndraw=40, logz=-13.30, remainder_fraction=45.8016%, Lmin=-6.15, Lmax=-4.90
12:49:49 [ultranest] [DEBUG] iteration=3126, ncalls=68429, regioncalls=4587720, ndraw=40, logz=-13.29, remainder_fraction=45.7110%, Lmin=-6.15, Lmax=-4.90
12:49:51 [ultranest] [DEBUG] iteration=3127, ncalls=68497, regioncalls=4602680, ndraw=40, logz=-13.29, remainder_fraction=45.6385%, Lmin=-6.15, Lmax=-4.90
12:49:53 [ultranest] [DEBUG] iteration=3128, ncalls=68561, regioncalls=4615000, ndraw=40, logz=-13.29, remainder_fraction=45.5448%, Lmin=-6.14, Lmax=-4.90
12:49:55 [ultranest] [DEBUG] iteration=3129, ncalls=68623, regioncalls=4625040, ndraw=40, logz=-13.29, remainder_fraction=45.4591%, Lmin=-6.14, Lmax=-4.90
12:49:55 [ultranest] [DEBUG] iteration=3130, ncalls=68627, regioncalls=4625480, ndraw=40, logz=-13.29, remainder_fraction=45.3653%, Lmin=-6.14, Lmax=-4.90
12:49:56 [ultranest] [DEBUG] iteration=3131, ncalls=68639, regioncalls=4628080, ndraw=40, logz=-13.29, remainder_fraction=45.2784%, Lmin=-6.14, Lmax=-4.90
12:49:56 [ultranest] [DEBUG] iteration=3132, ncalls=68650, regioncalls=4630840, ndraw=40, logz=-13.29, remainder_fraction=45.1981%, Lmin=-6.14, Lmax=-4.90
12:49:56 [ultranest] [DEBUG] iteration=3133, ncalls=68658, regioncalls=4632040, ndraw=40, logz=-13.28, remainder_fraction=45.1333%, Lmin=-6.14, Lmax=-4.90
12:50:01 [ultranest] [DEBUG] iteration=3134, ncalls=68807, regioncalls=4655640, ndraw=40, logz=-13.28, remainder_fraction=45.0394%, Lmin=-6.14, Lmax=-4.90
12:50:02 [ultranest] [DEBUG] iteration=3135, ncalls=68832, regioncalls=4659320, ndraw=40, logz=-13.28, remainder_fraction=44.9637%, Lmin=-6.13, Lmax=-4.90
12:50:03 [ultranest] [DEBUG] iteration=3136, ncalls=68869, regioncalls=4664400, ndraw=40, logz=-13.28, remainder_fraction=44.9401%, Lmin=-6.13, Lmax=-4.90
12:50:04 [ultranest] [DEBUG] iteration=3137, ncalls=68913, regioncalls=4672600, ndraw=40, logz=-13.28, remainder_fraction=44.9297%, Lmin=-6.13, Lmax=-4.90
12:50:07 [ultranest] [DEBUG] iteration=3138, ncalls=68994, regioncalls=4684400, ndraw=40, logz=-13.28, remainder_fraction=44.9157%, Lmin=-6.13, Lmax=-4.90
12:50:11 [ultranest] [DEBUG] iteration=3139, ncalls=69130, regioncalls=4708280, ndraw=40, logz=-13.28, remainder_fraction=44.8772%, Lmin=-6.12, Lmax=-4.90
12:50:15 [ultranest] [DEBUG] iteration=3140, ncalls=69233, regioncalls=4723240, ndraw=40, logz=-13.28, remainder_fraction=44.7987%, Lmin=-6.12, Lmax=-4.90
12:50:17 [ultranest] [DEBUG] iteration=3141, ncalls=69301, regioncalls=4738920, ndraw=40, logz=-13.27, remainder_fraction=44.7697%, Lmin=-6.12, Lmax=-4.90
12:50:18 [ultranest] [DEBUG] iteration=3142, ncalls=69329, regioncalls=4743040, ndraw=40, logz=-13.27, remainder_fraction=44.6879%, Lmin=-6.12, Lmax=-4.90
12:50:22 [ultranest] [DEBUG] iteration=3143, ncalls=69477, regioncalls=4765880, ndraw=40, logz=-13.27, remainder_fraction=44.6226%, Lmin=-6.12, Lmax=-4.90
12:50:23 [ultranest] [DEBUG] iteration=3144, ncalls=69501, regioncalls=4770000, ndraw=40, logz=-13.27, remainder_fraction=44.5432%, Lmin=-6.12, Lmax=-4.90
12:50:31 [ultranest] [DEBUG] iteration=3145, ncalls=69746, regioncalls=4810840, ndraw=40, logz=-13.27, remainder_fraction=44.4549%, Lmin=-6.12, Lmax=-4.90
12:50:33 [ultranest] [DEBUG] iteration=3146, ncalls=69797, regioncalls=4818840, ndraw=40, logz=-13.27, remainder_fraction=44.3620%, Lmin=-6.12, Lmax=-4.90
12:50:34 [ultranest] [DEBUG] iteration=3147, ncalls=69848, regioncalls=4828000, ndraw=40, logz=-13.27, remainder_fraction=44.2789%, Lmin=-6.12, Lmax=-4.90
12:50:44 [ultranest] [DEBUG] iteration=3148, ncalls=70154, regioncalls=4877920, ndraw=40, logz=-13.27, remainder_fraction=44.1930%, Lmin=-6.12, Lmax=-4.90
12:50:44 [ultranest] [DEBUG] iteration=3149, ncalls=70158, regioncalls=4878640, ndraw=40, logz=-13.26, remainder_fraction=44.1380%, Lmin=-6.12, Lmax=-4.90
12:50:46 [ultranest] [DEBUG] iteration=3150, ncalls=70206, regioncalls=4886520, ndraw=40, logz=-13.26, remainder_fraction=44.0487%, Lmin=-6.12, Lmax=-4.90
12:50:47 [ultranest] [DEBUG] iteration=3151, ncalls=70250, regioncalls=4895160, ndraw=40, logz=-13.26, remainder_fraction=43.9961%, Lmin=-6.11, Lmax=-4.90
12:50:48 [ultranest] [DEBUG] iteration=3152, ncalls=70272, regioncalls=4899080, ndraw=40, logz=-13.26, remainder_fraction=43.9210%, Lmin=-6.11, Lmax=-4.90
12:50:51 [ultranest] [DEBUG] iteration=3153, ncalls=70358, regioncalls=4912280, ndraw=40, logz=-13.26, remainder_fraction=43.8422%, Lmin=-6.11, Lmax=-4.90
12:50:53 [ultranest] [DEBUG] iteration=3154, ncalls=70421, regioncalls=4919680, ndraw=40, logz=-13.26, remainder_fraction=43.8045%, Lmin=-6.11, Lmax=-4.90
12:50:54 [ultranest] [DEBUG] iteration=3155, ncalls=70466, regioncalls=4925560, ndraw=40, logz=-13.26, remainder_fraction=43.7317%, Lmin=-6.11, Lmax=-4.90
12:50:56 [ultranest] [DEBUG] iteration=3156, ncalls=70535, regioncalls=4938920, ndraw=40, logz=-13.26, remainder_fraction=43.6603%, Lmin=-6.11, Lmax=-4.90
12:50:58 [ultranest] [DEBUG] iteration=3157, ncalls=70586, regioncalls=4949520, ndraw=40, logz=-13.25, remainder_fraction=43.6091%, Lmin=-6.10, Lmax=-4.90
12:51:04 [ultranest] [DEBUG] iteration=3158, ncalls=70766, regioncalls=4978120, ndraw=40, logz=-13.25, remainder_fraction=43.5214%, Lmin=-6.10, Lmax=-4.90
12:51:07 [ultranest] [DEBUG] iteration=3159, ncalls=70877, regioncalls=4997240, ndraw=40, logz=-13.25, remainder_fraction=43.4568%, Lmin=-6.10, Lmax=-4.90
12:51:08 [ultranest] [DEBUG] iteration=3160, ncalls=70900, regioncalls=5002720, ndraw=40, logz=-13.25, remainder_fraction=43.4452%, Lmin=-6.10, Lmax=-4.90
12:51:10 [ultranest] [DEBUG] iteration=3161, ncalls=70951, regioncalls=5009880, ndraw=40, logz=-13.25, remainder_fraction=43.3778%, Lmin=-6.10, Lmax=-4.90
12:51:12 [ultranest] [DEBUG] iteration=3162, ncalls=71032, regioncalls=5023280, ndraw=40, logz=-13.25, remainder_fraction=43.3103%, Lmin=-6.10, Lmax=-4.90
12:51:14 [ultranest] [DEBUG] iteration=3163, ncalls=71092, regioncalls=5033160, ndraw=40, logz=-13.25, remainder_fraction=43.2510%, Lmin=-6.09, Lmax=-4.90
12:51:14 [ultranest] [DEBUG] iteration=3164, ncalls=71095, regioncalls=5034440, ndraw=40, logz=-13.25, remainder_fraction=43.1727%, Lmin=-6.09, Lmax=-4.90
12:51:17 [ultranest] [DEBUG] iteration=3165, ncalls=71172, regioncalls=5047560, ndraw=40, logz=-13.24, remainder_fraction=43.0845%, Lmin=-6.09, Lmax=-4.90
12:51:20 [ultranest] [DEBUG] iteration=3166, ncalls=71279, regioncalls=5068520, ndraw=40, logz=-13.24, remainder_fraction=43.0087%, Lmin=-6.09, Lmax=-4.90
12:51:27 [ultranest] [DEBUG] iteration=3167, ncalls=71479, regioncalls=5098960, ndraw=40, logz=-13.24, remainder_fraction=42.9515%, Lmin=-6.08, Lmax=-4.90
12:51:32 [ultranest] [DEBUG] iteration=3168, ncalls=71654, regioncalls=5126480, ndraw=40, logz=-13.24, remainder_fraction=42.8632%, Lmin=-6.08, Lmax=-4.90
12:51:38 [ultranest] [DEBUG] iteration=3169, ncalls=71840, regioncalls=5162440, ndraw=40, logz=-13.24, remainder_fraction=42.7735%, Lmin=-6.08, Lmax=-4.90
12:51:38 [ultranest] [DEBUG] clustering found some stray points [need_accept=False] (array([1, 2]), array([399,   1]))
12:51:46 [ultranest] [DEBUG] iteration=3170, ncalls=72095, regioncalls=5213960, ndraw=40, logz=-13.24, remainder_fraction=42.6853%, Lmin=-6.08, Lmax=-4.90
12:51:47 [ultranest] [DEBUG] iteration=3171, ncalls=72105, regioncalls=5215520, ndraw=40, logz=-13.24, remainder_fraction=42.6516%, Lmin=-6.08, Lmax=-4.90
12:51:47 [ultranest] [DEBUG] iteration=3172, ncalls=72110, regioncalls=5216560, ndraw=40, logz=-13.24, remainder_fraction=42.5618%, Lmin=-6.08, Lmax=-4.90
12:51:51 [ultranest] [DEBUG] iteration=3173, ncalls=72250, regioncalls=5234680, ndraw=40, logz=-13.23, remainder_fraction=42.4797%, Lmin=-6.08, Lmax=-4.90
12:51:53 [ultranest] [DEBUG] iteration=3174, ncalls=72305, regioncalls=5244280, ndraw=40, logz=-13.23, remainder_fraction=42.4043%, Lmin=-6.08, Lmax=-4.90
12:51:57 [ultranest] [DEBUG] iteration=3176, ncalls=72431, regioncalls=5265680, ndraw=40, logz=-13.23, remainder_fraction=42.2441%, Lmin=-6.07, Lmax=-4.90
12:52:02 [ultranest] [DEBUG] iteration=3177, ncalls=72584, regioncalls=5292240, ndraw=40, logz=-13.23, remainder_fraction=42.1586%, Lmin=-6.07, Lmax=-4.90
12:52:02 [ultranest] [DEBUG] iteration=3178, ncalls=72589, regioncalls=5292680, ndraw=40, logz=-13.23, remainder_fraction=42.0703%, Lmin=-6.07, Lmax=-4.90
12:52:05 [ultranest] [DEBUG] iteration=3179, ncalls=72665, regioncalls=5303600, ndraw=40, logz=-13.23, remainder_fraction=42.0100%, Lmin=-6.07, Lmax=-4.90
12:52:09 [ultranest] [DEBUG] iteration=3180, ncalls=72782, regioncalls=5322360, ndraw=40, logz=-13.23, remainder_fraction=41.9827%, Lmin=-6.07, Lmax=-4.90
12:52:14 [ultranest] [DEBUG] iteration=3181, ncalls=72936, regioncalls=5343320, ndraw=40, logz=-13.23, remainder_fraction=41.9100%, Lmin=-6.07, Lmax=-4.90
12:52:15 [ultranest] [DEBUG] iteration=3182, ncalls=72969, regioncalls=5348600, ndraw=40, logz=-13.22, remainder_fraction=41.8209%, Lmin=-6.07, Lmax=-4.90
12:52:19 [ultranest] [DEBUG] iteration=3183, ncalls=73107, regioncalls=5370680, ndraw=40, logz=-13.22, remainder_fraction=41.7682%, Lmin=-6.07, Lmax=-4.90
12:52:20 [ultranest] [DEBUG] iteration=3184, ncalls=73138, regioncalls=5376920, ndraw=40, logz=-13.22, remainder_fraction=41.6885%, Lmin=-6.06, Lmax=-4.90
12:52:23 [ultranest] [DEBUG] iteration=3185, ncalls=73228, regioncalls=5392520, ndraw=40, logz=-13.22, remainder_fraction=41.6261%, Lmin=-6.06, Lmax=-4.90
12:52:26 [ultranest] [DEBUG] iteration=3186, ncalls=73324, regioncalls=5407280, ndraw=40, logz=-13.22, remainder_fraction=41.5553%, Lmin=-6.06, Lmax=-4.90
12:52:31 [ultranest] [DEBUG] iteration=3187, ncalls=73475, regioncalls=5435000, ndraw=40, logz=-13.22, remainder_fraction=41.4691%, Lmin=-6.06, Lmax=-4.90
12:52:32 [ultranest] [DEBUG] iteration=3188, ncalls=73511, regioncalls=5441520, ndraw=40, logz=-13.22, remainder_fraction=41.3844%, Lmin=-6.06, Lmax=-4.90
12:52:36 [ultranest] [DEBUG] iteration=3189, ncalls=73625, regioncalls=5461440, ndraw=40, logz=-13.22, remainder_fraction=41.3207%, Lmin=-6.06, Lmax=-4.90
12:52:36 [ultranest] [DEBUG] iteration=3190, ncalls=73646, regioncalls=5465840, ndraw=40, logz=-13.22, remainder_fraction=41.2457%, Lmin=-6.06, Lmax=-4.90
12:52:45 [ultranest] [DEBUG] iteration=3191, ncalls=73904, regioncalls=5511480, ndraw=40, logz=-13.21, remainder_fraction=41.1604%, Lmin=-6.06, Lmax=-4.90
12:52:45 [ultranest] [DEBUG] iteration=3192, ncalls=73913, regioncalls=5513160, ndraw=40, logz=-13.21, remainder_fraction=41.0829%, Lmin=-6.06, Lmax=-4.90
12:52:48 [ultranest] [DEBUG] iteration=3194, ncalls=73994, regioncalls=5526680, ndraw=40, logz=-13.21, remainder_fraction=40.9239%, Lmin=-6.05, Lmax=-4.90
12:52:50 [ultranest] [DEBUG] iteration=3195, ncalls=74066, regioncalls=5538280, ndraw=40, logz=-13.21, remainder_fraction=40.8880%, Lmin=-6.05, Lmax=-4.90
12:52:50 [ultranest] [DEBUG] iteration=3196, ncalls=74077, regioncalls=5540920, ndraw=40, logz=-13.21, remainder_fraction=40.8260%, Lmin=-6.05, Lmax=-4.90
12:52:55 [ultranest] [DEBUG] iteration=3197, ncalls=74216, regioncalls=5572360, ndraw=40, logz=-13.21, remainder_fraction=40.7459%, Lmin=-6.05, Lmax=-4.90
12:52:56 [ultranest] [DEBUG] iteration=3198, ncalls=74241, regioncalls=5577800, ndraw=40, logz=-13.21, remainder_fraction=40.6710%, Lmin=-6.05, Lmax=-4.90
12:52:57 [ultranest] [DEBUG] iteration=3199, ncalls=74271, regioncalls=5583120, ndraw=40, logz=-13.21, remainder_fraction=40.6015%, Lmin=-6.05, Lmax=-4.90
12:52:58 [ultranest] [DEBUG] iteration=3200, ncalls=74324, regioncalls=5589920, ndraw=40, logz=-13.20, remainder_fraction=40.5254%, Lmin=-6.05, Lmax=-4.90
12:52:59 [ultranest] [DEBUG] iteration=3201, ncalls=74336, regioncalls=5593160, ndraw=40, logz=-13.20, remainder_fraction=40.4403%, Lmin=-6.05, Lmax=-4.90
12:53:02 [ultranest] [DEBUG] iteration=3202, ncalls=74426, regioncalls=5609240, ndraw=40, logz=-13.20, remainder_fraction=40.3782%, Lmin=-6.05, Lmax=-4.90
12:53:03 [ultranest] [DEBUG] iteration=3203, ncalls=74461, regioncalls=5614960, ndraw=40, logz=-13.20, remainder_fraction=40.3213%, Lmin=-6.04, Lmax=-4.90
12:53:05 [ultranest] [DEBUG] iteration=3204, ncalls=74543, regioncalls=5630560, ndraw=40, logz=-13.20, remainder_fraction=40.2418%, Lmin=-6.04, Lmax=-4.90
12:53:06 [ultranest] [DEBUG] iteration=3205, ncalls=74571, regioncalls=5635000, ndraw=40, logz=-13.20, remainder_fraction=40.1617%, Lmin=-6.04, Lmax=-4.90
12:53:08 [ultranest] [DEBUG] iteration=3206, ncalls=74628, regioncalls=5647000, ndraw=40, logz=-13.20, remainder_fraction=40.0962%, Lmin=-6.04, Lmax=-4.90
12:53:10 [ultranest] [DEBUG] iteration=3207, ncalls=74694, regioncalls=5658920, ndraw=40, logz=-13.20, remainder_fraction=40.0159%, Lmin=-6.04, Lmax=-4.90
12:53:16 [ultranest] [DEBUG] iteration=3208, ncalls=74879, regioncalls=5692040, ndraw=40, logz=-13.20, remainder_fraction=39.9608%, Lmin=-6.04, Lmax=-4.90
12:53:18 [ultranest] [DEBUG] iteration=3209, ncalls=74945, regioncalls=5703560, ndraw=40, logz=-13.19, remainder_fraction=39.9024%, Lmin=-6.04, Lmax=-4.90
12:53:20 [ultranest] [DEBUG] iteration=3210, ncalls=75001, regioncalls=5715200, ndraw=40, logz=-13.19, remainder_fraction=39.8250%, Lmin=-6.03, Lmax=-4.90
12:53:21 [ultranest] [DEBUG] iteration=3211, ncalls=75021, regioncalls=5719120, ndraw=40, logz=-13.19, remainder_fraction=39.7426%, Lmin=-6.03, Lmax=-4.90
12:53:21 [ultranest] [DEBUG] iteration=3213, ncalls=75034, regioncalls=5721800, ndraw=40, logz=-13.19, remainder_fraction=39.6092%, Lmin=-6.03, Lmax=-4.90
12:53:22 [ultranest] [DEBUG] iteration=3214, ncalls=75056, regioncalls=5726520, ndraw=40, logz=-13.19, remainder_fraction=39.5355%, Lmin=-6.02, Lmax=-4.90
12:53:24 [ultranest] [DEBUG] iteration=3215, ncalls=75107, regioncalls=5739360, ndraw=40, logz=-13.19, remainder_fraction=39.4625%, Lmin=-6.02, Lmax=-4.90
12:53:24 [ultranest] [DEBUG] iteration=3216, ncalls=75112, regioncalls=5740120, ndraw=40, logz=-13.19, remainder_fraction=39.4349%, Lmin=-6.02, Lmax=-4.90
12:53:27 [ultranest] [DEBUG] iteration=3217, ncalls=75208, regioncalls=5759840, ndraw=40, logz=-13.19, remainder_fraction=39.3778%, Lmin=-6.02, Lmax=-4.90
12:53:28 [ultranest] [DEBUG] iteration=3218, ncalls=75252, regioncalls=5766040, ndraw=40, logz=-13.18, remainder_fraction=39.3146%, Lmin=-6.02, Lmax=-4.90
12:53:31 [ultranest] [DEBUG] iteration=3219, ncalls=75334, regioncalls=5781040, ndraw=40, logz=-13.18, remainder_fraction=39.2513%, Lmin=-6.02, Lmax=-4.90
12:53:33 [ultranest] [DEBUG] iteration=3220, ncalls=75410, regioncalls=5795720, ndraw=40, logz=-13.18, remainder_fraction=39.1672%, Lmin=-6.02, Lmax=-4.90
12:53:34 [ultranest] [DEBUG] iteration=3221, ncalls=75421, regioncalls=5798200, ndraw=40, logz=-13.18, remainder_fraction=39.0851%, Lmin=-6.01, Lmax=-4.90
12:53:34 [ultranest] [DEBUG] iteration=3222, ncalls=75434, regioncalls=5801640, ndraw=40, logz=-13.18, remainder_fraction=39.0159%, Lmin=-6.01, Lmax=-4.90
12:53:35 [ultranest] [DEBUG] iteration=3223, ncalls=75445, regioncalls=5804680, ndraw=40, logz=-13.18, remainder_fraction=38.9489%, Lmin=-6.01, Lmax=-4.90
12:53:37 [ultranest] [DEBUG] iteration=3224, ncalls=75506, regioncalls=5813200, ndraw=40, logz=-13.18, remainder_fraction=38.8818%, Lmin=-6.01, Lmax=-4.90
12:53:38 [ultranest] [DEBUG] iteration=3225, ncalls=75546, regioncalls=5822720, ndraw=40, logz=-13.18, remainder_fraction=38.8046%, Lmin=-6.01, Lmax=-4.90
12:53:38 [ultranest] [DEBUG] iteration=3226, ncalls=75557, regioncalls=5823760, ndraw=40, logz=-13.18, remainder_fraction=38.7261%, Lmin=-6.01, Lmax=-4.90
12:53:38 [ultranest] [DEBUG] iteration=3227, ncalls=75567, regioncalls=5824440, ndraw=40, logz=-13.17, remainder_fraction=38.6455%, Lmin=-6.01, Lmax=-4.90
12:53:42 [ultranest] [DEBUG] iteration=3228, ncalls=75660, regioncalls=5843960, ndraw=40, logz=-13.17, remainder_fraction=38.5978%, Lmin=-6.01, Lmax=-4.90
12:53:44 [ultranest] [DEBUG] iteration=3229, ncalls=75723, regioncalls=5858400, ndraw=40, logz=-13.17, remainder_fraction=38.5460%, Lmin=-6.01, Lmax=-4.90
12:53:44 [ultranest] [DEBUG] iteration=3230, ncalls=75729, regioncalls=5859080, ndraw=40, logz=-13.17, remainder_fraction=38.4746%, Lmin=-6.01, Lmax=-4.90
12:53:45 [ultranest] [DEBUG] iteration=3231, ncalls=75777, regioncalls=5868120, ndraw=40, logz=-13.17, remainder_fraction=38.4065%, Lmin=-6.01, Lmax=-4.90
12:53:48 [ultranest] [DEBUG] iteration=3233, ncalls=75843, regioncalls=5880000, ndraw=40, logz=-13.17, remainder_fraction=38.2486%, Lmin=-6.00, Lmax=-4.90
12:53:52 [ultranest] [DEBUG] iteration=3234, ncalls=75966, regioncalls=5903760, ndraw=40, logz=-13.17, remainder_fraction=38.1813%, Lmin=-6.00, Lmax=-4.90
12:53:57 [ultranest] [DEBUG] iteration=3235, ncalls=76145, regioncalls=5935320, ndraw=40, logz=-13.17, remainder_fraction=38.0982%, Lmin=-6.00, Lmax=-4.90
12:53:58 [ultranest] [DEBUG] iteration=3236, ncalls=76170, regioncalls=5941160, ndraw=40, logz=-13.17, remainder_fraction=38.0446%, Lmin=-6.00, Lmax=-4.90
12:54:00 [ultranest] [DEBUG] iteration=3237, ncalls=76218, regioncalls=5951080, ndraw=40, logz=-13.16, remainder_fraction=37.9857%, Lmin=-6.00, Lmax=-4.90
12:54:04 [ultranest] [DEBUG] iteration=3238, ncalls=76357, regioncalls=5977200, ndraw=40, logz=-13.16, remainder_fraction=37.9176%, Lmin=-5.99, Lmax=-4.90
12:54:10 [ultranest] [DEBUG] iteration=3239, ncalls=76529, regioncalls=6004360, ndraw=40, logz=-13.16, remainder_fraction=37.8453%, Lmin=-5.99, Lmax=-4.90
12:54:12 [ultranest] [DEBUG] iteration=3240, ncalls=76616, regioncalls=6024200, ndraw=40, logz=-13.16, remainder_fraction=37.8071%, Lmin=-5.99, Lmax=-4.90
12:54:17 [ultranest] [DEBUG] iteration=3241, ncalls=76763, regioncalls=6047760, ndraw=40, logz=-13.16, remainder_fraction=37.7589%, Lmin=-5.99, Lmax=-4.90
12:54:21 [ultranest] [DEBUG] iteration=3242, ncalls=76877, regioncalls=6068840, ndraw=40, logz=-13.16, remainder_fraction=37.6835%, Lmin=-5.99, Lmax=-4.90
12:54:23 [ultranest] [DEBUG] iteration=3243, ncalls=76953, regioncalls=6083320, ndraw=40, logz=-13.16, remainder_fraction=37.6046%, Lmin=-5.99, Lmax=-4.90
12:54:26 [ultranest] [DEBUG] iteration=3244, ncalls=77034, regioncalls=6100840, ndraw=40, logz=-13.16, remainder_fraction=37.5295%, Lmin=-5.98, Lmax=-4.90
12:54:32 [ultranest] [DEBUG] iteration=3245, ncalls=77209, regioncalls=6134720, ndraw=40, logz=-13.16, remainder_fraction=37.4618%, Lmin=-5.98, Lmax=-4.90
12:54:33 [ultranest] [DEBUG] iteration=3246, ncalls=77242, regioncalls=6141880, ndraw=40, logz=-13.16, remainder_fraction=37.4019%, Lmin=-5.98, Lmax=-4.90
12:54:34 [ultranest] [DEBUG] iteration=3247, ncalls=77284, regioncalls=6150680, ndraw=40, logz=-13.15, remainder_fraction=37.3351%, Lmin=-5.97, Lmax=-4.90
12:54:36 [ultranest] [DEBUG] iteration=3248, ncalls=77348, regioncalls=6162240, ndraw=40, logz=-13.15, remainder_fraction=37.2614%, Lmin=-5.97, Lmax=-4.90
12:54:39 [ultranest] [DEBUG] iteration=3249, ncalls=77442, regioncalls=6182360, ndraw=40, logz=-13.15, remainder_fraction=37.1851%, Lmin=-5.97, Lmax=-4.90
12:54:42 [ultranest] [DEBUG] iteration=3250, ncalls=77519, regioncalls=6197840, ndraw=40, logz=-13.15, remainder_fraction=37.1071%, Lmin=-5.97, Lmax=-4.90
12:54:42 [ultranest] [DEBUG] iteration=3251, ncalls=77540, regioncalls=6200320, ndraw=40, logz=-13.15, remainder_fraction=37.0452%, Lmin=-5.97, Lmax=-4.90
12:54:47 [ultranest] [DEBUG] iteration=3252, ncalls=77696, regioncalls=6229360, ndraw=40, logz=-13.15, remainder_fraction=36.9881%, Lmin=-5.96, Lmax=-4.90
12:54:49 [ultranest] [DEBUG] iteration=3253, ncalls=77752, regioncalls=6239800, ndraw=40, logz=-13.15, remainder_fraction=36.9433%, Lmin=-5.96, Lmax=-4.90
12:54:51 [ultranest] [DEBUG] iteration=3254, ncalls=77799, regioncalls=6247120, ndraw=40, logz=-13.15, remainder_fraction=36.8765%, Lmin=-5.95, Lmax=-4.90
12:54:53 [ultranest] [DEBUG] iteration=3255, ncalls=77866, regioncalls=6255960, ndraw=40, logz=-13.15, remainder_fraction=36.8036%, Lmin=-5.95, Lmax=-4.90
12:54:58 [ultranest] [DEBUG] iteration=3256, ncalls=78027, regioncalls=6283760, ndraw=40, logz=-13.15, remainder_fraction=36.7279%, Lmin=-5.95, Lmax=-4.90
12:54:59 [ultranest] [DEBUG] iteration=3257, ncalls=78071, regioncalls=6295000, ndraw=40, logz=-13.14, remainder_fraction=36.6642%, Lmin=-5.95, Lmax=-4.90
12:55:03 [ultranest] [DEBUG] iteration=3258, ncalls=78172, regioncalls=6320080, ndraw=40, logz=-13.14, remainder_fraction=36.6275%, Lmin=-5.95, Lmax=-4.90
12:55:04 [ultranest] [DEBUG] iteration=3259, ncalls=78202, regioncalls=6324120, ndraw=40, logz=-13.14, remainder_fraction=36.5613%, Lmin=-5.95, Lmax=-4.90
12:55:04 [ultranest] [DEBUG] iteration=3260, ncalls=78207, regioncalls=6324440, ndraw=40, logz=-13.14, remainder_fraction=36.5258%, Lmin=-5.95, Lmax=-4.90
12:55:04 [ultranest] [DEBUG] iteration=3262, ncalls=78217, regioncalls=6324840, ndraw=40, logz=-13.14, remainder_fraction=36.3961%, Lmin=-5.94, Lmax=-4.90
12:55:05 [ultranest] [DEBUG] iteration=3263, ncalls=78231, regioncalls=6325400, ndraw=40, logz=-13.14, remainder_fraction=36.3430%, Lmin=-5.94, Lmax=-4.90
12:55:05 [ultranest] [DEBUG] iteration=3264, ncalls=78236, regioncalls=6325600, ndraw=40, logz=-13.14, remainder_fraction=36.3061%, Lmin=-5.94, Lmax=-4.90
12:55:05 [ultranest] [DEBUG] iteration=3267, ncalls=78240, regioncalls=6325760, ndraw=40, logz=-13.13, remainder_fraction=36.1030%, Lmin=-5.94, Lmax=-4.90
12:55:05 [ultranest] [DEBUG] iteration=3269, ncalls=78248, regioncalls=6326080, ndraw=40, logz=-13.13, remainder_fraction=35.9763%, Lmin=-5.93, Lmax=-4.90
12:55:05 [ultranest] [DEBUG] iteration=3271, ncalls=78252, regioncalls=6326240, ndraw=40, logz=-13.13, remainder_fraction=35.8332%, Lmin=-5.93, Lmax=-4.90
12:55:06 [ultranest] [DEBUG] iteration=3273, ncalls=78264, regioncalls=6326720, ndraw=40, logz=-13.13, remainder_fraction=35.6961%, Lmin=-5.92, Lmax=-4.90
12:55:06 [ultranest] [DEBUG] iteration=3274, ncalls=78271, regioncalls=6327000, ndraw=40, logz=-13.13, remainder_fraction=35.6312%, Lmin=-5.92, Lmax=-4.90
12:55:07 [ultranest] [DEBUG] iteration=3275, ncalls=78285, regioncalls=6327560, ndraw=40, logz=-13.13, remainder_fraction=35.5905%, Lmin=-5.92, Lmax=-4.90
12:55:07 [ultranest] [DEBUG] iteration=3277, ncalls=78295, regioncalls=6327960, ndraw=40, logz=-13.12, remainder_fraction=35.4720%, Lmin=-5.92, Lmax=-4.90
12:55:07 [ultranest] [DEBUG] iteration=3279, ncalls=78298, regioncalls=6328080, ndraw=40, logz=-13.12, remainder_fraction=35.3388%, Lmin=-5.92, Lmax=-4.90
12:55:08 [ultranest] [DEBUG] iteration=3280, ncalls=78316, regioncalls=6328840, ndraw=40, logz=-13.12, remainder_fraction=35.2791%, Lmin=-5.91, Lmax=-4.90
12:55:08 [ultranest] [DEBUG] iteration=3281, ncalls=78320, regioncalls=6329000, ndraw=40, logz=-13.12, remainder_fraction=35.2196%, Lmin=-5.91, Lmax=-4.90
12:55:08 [ultranest] [DEBUG] iteration=3283, ncalls=78326, regioncalls=6329240, ndraw=40, logz=-13.12, remainder_fraction=35.0693%, Lmin=-5.90, Lmax=-4.90
12:55:08 [ultranest] [DEBUG] iteration=3284, ncalls=78331, regioncalls=6329440, ndraw=40, logz=-13.12, remainder_fraction=35.0325%, Lmin=-5.90, Lmax=-4.90
12:55:08 [ultranest] [DEBUG] iteration=3285, ncalls=78340, regioncalls=6329800, ndraw=40, logz=-13.12, remainder_fraction=34.9674%, Lmin=-5.90, Lmax=-4.90
12:55:09 [ultranest] [DEBUG] iteration=3286, ncalls=78346, regioncalls=6330040, ndraw=40, logz=-13.12, remainder_fraction=34.9092%, Lmin=-5.90, Lmax=-4.90
12:55:09 [ultranest] [DEBUG] iteration=3288, ncalls=78365, regioncalls=6330800, ndraw=40, logz=-13.11, remainder_fraction=34.7972%, Lmin=-5.90, Lmax=-4.90
12:55:10 [ultranest] [DEBUG] iteration=3290, ncalls=78371, regioncalls=6331040, ndraw=40, logz=-13.11, remainder_fraction=34.6762%, Lmin=-5.90, Lmax=-4.90
12:55:10 [ultranest] [DEBUG] iteration=3291, ncalls=78392, regioncalls=6331880, ndraw=40, logz=-13.11, remainder_fraction=34.6271%, Lmin=-5.90, Lmax=-4.90
12:55:11 [ultranest] [DEBUG] iteration=3294, ncalls=78400, regioncalls=6332200, ndraw=40, logz=-13.11, remainder_fraction=34.4462%, Lmin=-5.89, Lmax=-4.90
12:55:11 [ultranest] [DEBUG] iteration=3296, ncalls=78406, regioncalls=6332440, ndraw=40, logz=-13.11, remainder_fraction=34.3318%, Lmin=-5.89, Lmax=-4.90
12:55:11 [ultranest] [DEBUG] iteration=3298, ncalls=78410, regioncalls=6332600, ndraw=40, logz=-13.10, remainder_fraction=34.2109%, Lmin=-5.88, Lmax=-4.90
12:55:12 [ultranest] [DEBUG] iteration=3299, ncalls=78429, regioncalls=6333360, ndraw=40, logz=-13.10, remainder_fraction=34.1502%, Lmin=-5.88, Lmax=-4.90
12:55:12 [ultranest] [DEBUG] iteration=3300, ncalls=78433, regioncalls=6333520, ndraw=40, logz=-13.10, remainder_fraction=34.1135%, Lmin=-5.88, Lmax=-4.90
12:55:12 [ultranest] [DEBUG] iteration=3302, ncalls=78452, regioncalls=6334280, ndraw=40, logz=-13.10, remainder_fraction=33.9792%, Lmin=-5.88, Lmax=-4.90
12:55:13 [ultranest] [DEBUG] iteration=3303, ncalls=78461, regioncalls=6334640, ndraw=40, logz=-13.10, remainder_fraction=33.9499%, Lmin=-5.88, Lmax=-4.90
12:55:13 [ultranest] [DEBUG] iteration=3306, ncalls=78477, regioncalls=6335280, ndraw=40, logz=-13.10, remainder_fraction=33.7977%, Lmin=-5.87, Lmax=-4.90
12:55:14 [ultranest] [DEBUG] iteration=3308, ncalls=78488, regioncalls=6335720, ndraw=40, logz=-13.10, remainder_fraction=33.7100%, Lmin=-5.87, Lmax=-4.90
12:55:14 [ultranest] [DEBUG] iteration=3310, ncalls=78500, regioncalls=6336200, ndraw=40, logz=-13.09, remainder_fraction=33.5906%, Lmin=-5.87, Lmax=-4.90
12:55:14 [ultranest] [DEBUG] iteration=3312, ncalls=78503, regioncalls=6336320, ndraw=40, logz=-13.09, remainder_fraction=33.4589%, Lmin=-5.86, Lmax=-4.90
12:55:15 [ultranest] [DEBUG] iteration=3314, ncalls=78538, regioncalls=6337920, ndraw=40, logz=-13.09, remainder_fraction=33.3247%, Lmin=-5.86, Lmax=-4.90
12:55:15 [ultranest] [DEBUG] iteration=3315, ncalls=78539, regioncalls=6337960, ndraw=40, logz=-13.09, remainder_fraction=33.2562%, Lmin=-5.86, Lmax=-4.90
12:55:16 [ultranest] [DEBUG] iteration=3317, ncalls=78544, regioncalls=6338160, ndraw=40, logz=-13.09, remainder_fraction=33.1372%, Lmin=-5.85, Lmax=-4.90
12:55:16 [ultranest] [DEBUG] iteration=3318, ncalls=78547, regioncalls=6338280, ndraw=40, logz=-13.09, remainder_fraction=33.0916%, Lmin=-5.85, Lmax=-4.90
12:55:16 [ultranest] [DEBUG] iteration=3319, ncalls=78560, regioncalls=6338800, ndraw=40, logz=-13.09, remainder_fraction=33.0177%, Lmin=-5.85, Lmax=-4.90
12:55:16 [ultranest] [DEBUG] iteration=3320, ncalls=78563, regioncalls=6338920, ndraw=40, logz=-13.08, remainder_fraction=32.9438%, Lmin=-5.85, Lmax=-4.90
12:55:16 [ultranest] [DEBUG] iteration=3321, ncalls=78566, regioncalls=6339040, ndraw=40, logz=-13.08, remainder_fraction=32.8726%, Lmin=-5.85, Lmax=-4.90
12:55:17 [ultranest] [DEBUG] iteration=3323, ncalls=78585, regioncalls=6339800, ndraw=40, logz=-13.08, remainder_fraction=32.7611%, Lmin=-5.85, Lmax=-4.90
12:55:17 [ultranest] [DEBUG] iteration=3325, ncalls=78591, regioncalls=6340040, ndraw=40, logz=-13.08, remainder_fraction=32.6254%, Lmin=-5.84, Lmax=-4.90
12:55:17 [ultranest] [DEBUG] iteration=3326, ncalls=78599, regioncalls=6340360, ndraw=40, logz=-13.08, remainder_fraction=32.5738%, Lmin=-5.84, Lmax=-4.90
12:55:18 [ultranest] [DEBUG] iteration=3327, ncalls=78604, regioncalls=6340560, ndraw=40, logz=-13.08, remainder_fraction=32.5078%, Lmin=-5.84, Lmax=-4.90
12:55:18 [ultranest] [DEBUG] iteration=3328, ncalls=78613, regioncalls=6340920, ndraw=40, logz=-13.08, remainder_fraction=32.4415%, Lmin=-5.84, Lmax=-4.90
12:55:18 [ultranest] [DEBUG] iteration=3329, ncalls=78616, regioncalls=6341040, ndraw=40, logz=-13.08, remainder_fraction=32.3842%, Lmin=-5.84, Lmax=-4.90
12:55:18 [ultranest] [DEBUG] iteration=3331, ncalls=78620, regioncalls=6341200, ndraw=40, logz=-13.08, remainder_fraction=32.2430%, Lmin=-5.84, Lmax=-4.90
12:55:18 [ultranest] [DEBUG] iteration=3333, ncalls=78626, regioncalls=6341440, ndraw=40, logz=-13.07, remainder_fraction=32.1174%, Lmin=-5.84, Lmax=-4.90
12:55:19 [ultranest] [DEBUG] iteration=3335, ncalls=78631, regioncalls=6341640, ndraw=40, logz=-13.07, remainder_fraction=32.0204%, Lmin=-5.84, Lmax=-4.90
12:55:19 [ultranest] [DEBUG] iteration=3336, ncalls=78639, regioncalls=6341960, ndraw=40, logz=-13.07, remainder_fraction=31.9475%, Lmin=-5.84, Lmax=-4.90
12:55:19 [ultranest] [DEBUG] iteration=3338, ncalls=78651, regioncalls=6342440, ndraw=40, logz=-13.07, remainder_fraction=31.8229%, Lmin=-5.83, Lmax=-4.90
12:55:19 [ultranest] [DEBUG] iteration=3339, ncalls=78659, regioncalls=6342760, ndraw=40, logz=-13.07, remainder_fraction=31.7513%, Lmin=-5.83, Lmax=-4.90
12:55:20 [ultranest] [DEBUG] iteration=3340, ncalls=78673, regioncalls=6343320, ndraw=40, logz=-13.07, remainder_fraction=31.7105%, Lmin=-5.83, Lmax=-4.90
12:55:20 [ultranest] [DEBUG] iteration=3341, ncalls=78679, regioncalls=6343560, ndraw=40, logz=-13.07, remainder_fraction=31.6617%, Lmin=-5.83, Lmax=-4.90
12:55:20 [ultranest] [DEBUG] iteration=3342, ncalls=78682, regioncalls=6343680, ndraw=40, logz=-13.07, remainder_fraction=31.5917%, Lmin=-5.83, Lmax=-4.90
12:55:20 [ultranest] [DEBUG] iteration=3344, ncalls=78686, regioncalls=6343840, ndraw=40, logz=-13.06, remainder_fraction=31.4594%, Lmin=-5.83, Lmax=-4.90
12:55:21 [ultranest] [DEBUG] iteration=3345, ncalls=78691, regioncalls=6344040, ndraw=40, logz=-13.06, remainder_fraction=31.4030%, Lmin=-5.82, Lmax=-4.90
12:55:21 [ultranest] [DEBUG] iteration=3347, ncalls=78694, regioncalls=6344160, ndraw=40, logz=-13.06, remainder_fraction=31.2841%, Lmin=-5.82, Lmax=-4.90
12:55:22 [ultranest] [DEBUG] iteration=3348, ncalls=78722, regioncalls=6345280, ndraw=40, logz=-13.06, remainder_fraction=31.2187%, Lmin=-5.82, Lmax=-4.90
12:55:22 [ultranest] [DEBUG] iteration=3349, ncalls=78729, regioncalls=6345560, ndraw=40, logz=-13.06, remainder_fraction=31.1629%, Lmin=-5.82, Lmax=-4.90
12:55:22 [ultranest] [DEBUG] iteration=3350, ncalls=78730, regioncalls=6345640, ndraw=40, logz=-13.06, remainder_fraction=31.1154%, Lmin=-5.82, Lmax=-4.90
12:55:22 [ultranest] [DEBUG] iteration=3351, ncalls=78737, regioncalls=6345920, ndraw=40, logz=-13.06, remainder_fraction=31.0655%, Lmin=-5.82, Lmax=-4.90
12:55:22 [ultranest] [DEBUG] iteration=3352, ncalls=78742, regioncalls=6346120, ndraw=40, logz=-13.06, remainder_fraction=31.0042%, Lmin=-5.82, Lmax=-4.90
12:55:23 [ultranest] [DEBUG] iteration=3354, ncalls=78753, regioncalls=6346560, ndraw=40, logz=-13.06, remainder_fraction=30.8881%, Lmin=-5.82, Lmax=-4.90
12:55:23 [ultranest] [DEBUG] iteration=3355, ncalls=78766, regioncalls=6347080, ndraw=40, logz=-13.06, remainder_fraction=30.8349%, Lmin=-5.82, Lmax=-4.90
12:55:23 [ultranest] [DEBUG] iteration=3357, ncalls=78771, regioncalls=6347280, ndraw=40, logz=-13.05, remainder_fraction=30.7292%, Lmin=-5.82, Lmax=-4.90
12:55:23 [ultranest] [DEBUG] iteration=3358, ncalls=78775, regioncalls=6347440, ndraw=40, logz=-13.05, remainder_fraction=30.6599%, Lmin=-5.82, Lmax=-4.90
12:55:24 [ultranest] [DEBUG] iteration=3359, ncalls=78794, regioncalls=6348200, ndraw=40, logz=-13.05, remainder_fraction=30.6091%, Lmin=-5.82, Lmax=-4.90
12:55:24 [ultranest] [DEBUG] iteration=3360, ncalls=78799, regioncalls=6348400, ndraw=40, logz=-13.05, remainder_fraction=30.5666%, Lmin=-5.82, Lmax=-4.90
12:55:24 [ultranest] [DEBUG] iteration=3362, ncalls=78808, regioncalls=6348760, ndraw=40, logz=-13.05, remainder_fraction=30.4314%, Lmin=-5.81, Lmax=-4.90
12:55:25 [ultranest] [DEBUG] iteration=3363, ncalls=78811, regioncalls=6348880, ndraw=40, logz=-13.05, remainder_fraction=30.3618%, Lmin=-5.81, Lmax=-4.90
12:55:25 [ultranest] [DEBUG] iteration=3364, ncalls=78816, regioncalls=6349080, ndraw=40, logz=-13.05, remainder_fraction=30.2937%, Lmin=-5.81, Lmax=-4.90
12:55:25 [ultranest] [DEBUG] iteration=3365, ncalls=78828, regioncalls=6349560, ndraw=40, logz=-13.05, remainder_fraction=30.2252%, Lmin=-5.81, Lmax=-4.90
12:55:25 [ultranest] [DEBUG] iteration=3366, ncalls=78829, regioncalls=6349600, ndraw=40, logz=-13.05, remainder_fraction=30.1630%, Lmin=-5.81, Lmax=-4.90
12:55:25 [ultranest] [DEBUG] iteration=3367, ncalls=78834, regioncalls=6349800, ndraw=40, logz=-13.05, remainder_fraction=30.1122%, Lmin=-5.81, Lmax=-4.90
12:55:26 [ultranest] [DEBUG] iteration=3368, ncalls=78840, regioncalls=6350040, ndraw=40, logz=-13.04, remainder_fraction=30.0611%, Lmin=-5.81, Lmax=-4.90
12:55:26 [ultranest] [DEBUG] iteration=3369, ncalls=78847, regioncalls=6350320, ndraw=40, logz=-13.04, remainder_fraction=29.9982%, Lmin=-5.81, Lmax=-4.90
12:55:26 [ultranest] [DEBUG] iteration=3370, ncalls=78855, regioncalls=6350640, ndraw=40, logz=-13.04, remainder_fraction=29.9432%, Lmin=-5.81, Lmax=-4.90
12:55:27 [ultranest] [DEBUG] iteration=3371, ncalls=78876, regioncalls=6351480, ndraw=40, logz=-13.04, remainder_fraction=29.8753%, Lmin=-5.81, Lmax=-4.90
12:55:27 [ultranest] [DEBUG] iteration=3372, ncalls=78881, regioncalls=6351680, ndraw=40, logz=-13.04, remainder_fraction=29.8141%, Lmin=-5.81, Lmax=-4.90
12:55:27 [ultranest] [DEBUG] iteration=3374, ncalls=78885, regioncalls=6351840, ndraw=40, logz=-13.04, remainder_fraction=29.7106%, Lmin=-5.81, Lmax=-4.90
12:55:27 [ultranest] [DEBUG] iteration=3375, ncalls=78890, regioncalls=6352040, ndraw=40, logz=-13.04, remainder_fraction=29.6523%, Lmin=-5.80, Lmax=-4.90
12:55:28 [ultranest] [DEBUG] iteration=3376, ncalls=78900, regioncalls=6352440, ndraw=40, logz=-13.04, remainder_fraction=29.5874%, Lmin=-5.80, Lmax=-4.90
12:55:28 [ultranest] [DEBUG] iteration=3378, ncalls=78905, regioncalls=6352640, ndraw=40, logz=-13.04, remainder_fraction=29.4801%, Lmin=-5.80, Lmax=-4.90
12:55:28 [ultranest] [DEBUG] iteration=3381, ncalls=78911, regioncalls=6352880, ndraw=40, logz=-13.03, remainder_fraction=29.3246%, Lmin=-5.80, Lmax=-4.90
12:55:28 [ultranest] [DEBUG] iteration=3384, ncalls=78927, regioncalls=6353520, ndraw=40, logz=-13.03, remainder_fraction=29.1562%, Lmin=-5.79, Lmax=-4.90
12:55:29 [ultranest] [DEBUG] iteration=3385, ncalls=78932, regioncalls=6353720, ndraw=40, logz=-13.03, remainder_fraction=29.0913%, Lmin=-5.79, Lmax=-4.90
12:55:29 [ultranest] [DEBUG] iteration=3386, ncalls=78936, regioncalls=6353880, ndraw=40, logz=-13.03, remainder_fraction=29.0319%, Lmin=-5.79, Lmax=-4.90
12:55:29 [ultranest] [DEBUG] iteration=3388, ncalls=78941, regioncalls=6354080, ndraw=40, logz=-13.03, remainder_fraction=28.9099%, Lmin=-5.79, Lmax=-4.90
12:55:29 [ultranest] [DEBUG] iteration=3389, ncalls=78948, regioncalls=6354360, ndraw=40, logz=-13.03, remainder_fraction=28.8553%, Lmin=-5.79, Lmax=-4.90
12:55:29 [ultranest] [DEBUG] iteration=3392, ncalls=78952, regioncalls=6354520, ndraw=40, logz=-13.03, remainder_fraction=28.6897%, Lmin=-5.78, Lmax=-4.90
12:55:30 [ultranest] [DEBUG] iteration=3393, ncalls=78963, regioncalls=6354960, ndraw=40, logz=-13.03, remainder_fraction=28.6264%, Lmin=-5.78, Lmax=-4.90
12:55:30 [ultranest] [DEBUG] iteration=3394, ncalls=78976, regioncalls=6355480, ndraw=40, logz=-13.02, remainder_fraction=28.5698%, Lmin=-5.78, Lmax=-4.90
12:55:30 [ultranest] [DEBUG] iteration=3395, ncalls=78983, regioncalls=6355760, ndraw=40, logz=-13.02, remainder_fraction=28.5127%, Lmin=-5.78, Lmax=-4.90
12:55:30 [ultranest] [DEBUG] iteration=3398, ncalls=78986, regioncalls=6355880, ndraw=40, logz=-13.02, remainder_fraction=28.3445%, Lmin=-5.78, Lmax=-4.90
12:55:30 [ultranest] [DEBUG] iteration=3400, ncalls=78989, regioncalls=6356000, ndraw=40, logz=-13.02, remainder_fraction=28.2607%, Lmin=-5.78, Lmax=-4.90
12:55:31 [ultranest] [DEBUG] iteration=3402, ncalls=78996, regioncalls=6356280, ndraw=40, logz=-13.02, remainder_fraction=28.1633%, Lmin=-5.77, Lmax=-4.90
12:55:31 [ultranest] [DEBUG] iteration=3404, ncalls=79001, regioncalls=6356480, ndraw=40, logz=-13.02, remainder_fraction=28.0512%, Lmin=-5.77, Lmax=-4.90
12:55:31 [ultranest] [DEBUG] iteration=3406, ncalls=79010, regioncalls=6356840, ndraw=40, logz=-13.02, remainder_fraction=27.9441%, Lmin=-5.77, Lmax=-4.90
12:55:32 [ultranest] [DEBUG] iteration=3407, ncalls=79021, regioncalls=6357280, ndraw=40, logz=-13.02, remainder_fraction=27.8953%, Lmin=-5.77, Lmax=-4.90
12:55:32 [ultranest] [DEBUG] iteration=3409, ncalls=79025, regioncalls=6357440, ndraw=40, logz=-13.01, remainder_fraction=27.7904%, Lmin=-5.76, Lmax=-4.90
12:55:32 [ultranest] [DEBUG] iteration=3410, ncalls=79034, regioncalls=6357800, ndraw=40, logz=-13.01, remainder_fraction=27.7403%, Lmin=-5.76, Lmax=-4.90
12:55:32 [ultranest] [DEBUG] iteration=3411, ncalls=79042, regioncalls=6358120, ndraw=40, logz=-13.01, remainder_fraction=27.6825%, Lmin=-5.76, Lmax=-4.90
12:55:33 [ultranest] [DEBUG] iteration=3412, ncalls=79056, regioncalls=6358680, ndraw=40, logz=-13.01, remainder_fraction=27.6332%, Lmin=-5.76, Lmax=-4.90
12:55:33 [ultranest] [DEBUG] iteration=3414, ncalls=79060, regioncalls=6358840, ndraw=40, logz=-13.01, remainder_fraction=27.5727%, Lmin=-5.76, Lmax=-4.90
12:55:33 [ultranest] [DEBUG] iteration=3415, ncalls=79066, regioncalls=6359080, ndraw=40, logz=-13.01, remainder_fraction=27.5172%, Lmin=-5.76, Lmax=-4.90
12:55:33 [ultranest] [DEBUG] iteration=3416, ncalls=79071, regioncalls=6359280, ndraw=40, logz=-13.01, remainder_fraction=27.4599%, Lmin=-5.76, Lmax=-4.90
12:55:33 [ultranest] [DEBUG] iteration=3417, ncalls=79077, regioncalls=6359520, ndraw=40, logz=-13.01, remainder_fraction=27.4106%, Lmin=-5.76, Lmax=-4.90
12:55:34 [ultranest] [DEBUG] iteration=3418, ncalls=79081, regioncalls=6359680, ndraw=40, logz=-13.01, remainder_fraction=27.3844%, Lmin=-5.76, Lmax=-4.90
12:55:34 [ultranest] [DEBUG] iteration=3419, ncalls=79088, regioncalls=6359960, ndraw=40, logz=-13.01, remainder_fraction=27.3288%, Lmin=-5.76, Lmax=-4.90
12:55:34 [ultranest] [DEBUG] iteration=3420, ncalls=79094, regioncalls=6360200, ndraw=40, logz=-13.01, remainder_fraction=27.2683%, Lmin=-5.76, Lmax=-4.90
12:55:34 [ultranest] [DEBUG] iteration=3422, ncalls=79104, regioncalls=6360600, ndraw=40, logz=-13.00, remainder_fraction=27.1472%, Lmin=-5.75, Lmax=-4.90
12:55:34 [ultranest] [DEBUG] iteration=3423, ncalls=79110, regioncalls=6360840, ndraw=40, logz=-13.00, remainder_fraction=27.1002%, Lmin=-5.75, Lmax=-4.90
12:55:35 [ultranest] [DEBUG] iteration=3425, ncalls=79113, regioncalls=6360960, ndraw=40, logz=-13.00, remainder_fraction=26.9948%, Lmin=-5.75, Lmax=-4.90
12:55:35 [ultranest] [DEBUG] iteration=3427, ncalls=79124, regioncalls=6361400, ndraw=40, logz=-13.00, remainder_fraction=26.8966%, Lmin=-5.75, Lmax=-4.90
12:55:35 [ultranest] [DEBUG] iteration=3428, ncalls=79140, regioncalls=6362040, ndraw=40, logz=-13.00, remainder_fraction=26.8487%, Lmin=-5.75, Lmax=-4.90
12:55:36 [ultranest] [DEBUG] iteration=3429, ncalls=79167, regioncalls=6363120, ndraw=40, logz=-13.00, remainder_fraction=26.7994%, Lmin=-5.75, Lmax=-4.90
12:55:37 [ultranest] [DEBUG] iteration=3431, ncalls=79171, regioncalls=6363280, ndraw=40, logz=-13.00, remainder_fraction=26.7108%, Lmin=-5.74, Lmax=-4.90
12:55:37 [ultranest] [DEBUG] iteration=3433, ncalls=79176, regioncalls=6363480, ndraw=40, logz=-13.00, remainder_fraction=26.5931%, Lmin=-5.74, Lmax=-4.90
12:55:37 [ultranest] [DEBUG] iteration=3434, ncalls=79182, regioncalls=6363720, ndraw=40, logz=-13.00, remainder_fraction=26.5469%, Lmin=-5.74, Lmax=-4.90
12:55:37 [ultranest] [DEBUG] iteration=3435, ncalls=79192, regioncalls=6364120, ndraw=40, logz=-13.00, remainder_fraction=26.4975%, Lmin=-5.74, Lmax=-4.90
12:55:37 [ultranest] [DEBUG] iteration=3437, ncalls=79197, regioncalls=6364320, ndraw=40, logz=-12.99, remainder_fraction=26.4053%, Lmin=-5.74, Lmax=-4.90
12:55:38 [ultranest] [DEBUG] iteration=3438, ncalls=79206, regioncalls=6364680, ndraw=40, logz=-12.99, remainder_fraction=26.3715%, Lmin=-5.73, Lmax=-4.90
12:55:38 [ultranest] [DEBUG] iteration=3439, ncalls=79222, regioncalls=6365320, ndraw=40, logz=-12.99, remainder_fraction=26.3107%, Lmin=-5.73, Lmax=-4.90
12:55:38 [ultranest] [DEBUG] iteration=3440, ncalls=79227, regioncalls=6365640, ndraw=40, logz=-12.99, remainder_fraction=26.2556%, Lmin=-5.73, Lmax=-4.90
12:55:38 [ultranest] [DEBUG] iteration=3442, ncalls=79230, regioncalls=6365760, ndraw=40, logz=-12.99, remainder_fraction=26.1597%, Lmin=-5.73, Lmax=-4.90
12:55:39 [ultranest] [DEBUG] iteration=3444, ncalls=79235, regioncalls=6365960, ndraw=40, logz=-12.99, remainder_fraction=26.0604%, Lmin=-5.73, Lmax=-4.90
12:55:39 [ultranest] [DEBUG] iteration=3446, ncalls=79240, regioncalls=6366160, ndraw=40, logz=-12.99, remainder_fraction=25.9463%, Lmin=-5.72, Lmax=-4.90
12:55:39 [ultranest] [DEBUG] iteration=3447, ncalls=79247, regioncalls=6366440, ndraw=40, logz=-12.99, remainder_fraction=25.8998%, Lmin=-5.72, Lmax=-4.90
12:55:39 [ultranest] [DEBUG] iteration=3448, ncalls=79252, regioncalls=6366640, ndraw=40, logz=-12.99, remainder_fraction=25.8588%, Lmin=-5.72, Lmax=-4.90
12:55:39 [ultranest] [DEBUG] iteration=3449, ncalls=79255, regioncalls=6366760, ndraw=40, logz=-12.99, remainder_fraction=25.7988%, Lmin=-5.72, Lmax=-4.90
12:55:39 [ultranest] [DEBUG] iteration=3452, ncalls=79260, regioncalls=6366960, ndraw=40, logz=-12.98, remainder_fraction=25.6403%, Lmin=-5.72, Lmax=-4.90
12:55:40 [ultranest] [DEBUG] iteration=3454, ncalls=79264, regioncalls=6367120, ndraw=40, logz=-12.98, remainder_fraction=25.5376%, Lmin=-5.72, Lmax=-4.90
12:55:40 [ultranest] [DEBUG] iteration=3455, ncalls=79273, regioncalls=6367480, ndraw=40, logz=-12.98, remainder_fraction=25.4946%, Lmin=-5.72, Lmax=-4.90
12:55:40 [ultranest] [DEBUG] iteration=3456, ncalls=79277, regioncalls=6367640, ndraw=40, logz=-12.98, remainder_fraction=25.4515%, Lmin=-5.72, Lmax=-4.90
12:55:40 [ultranest] [DEBUG] iteration=3457, ncalls=79281, regioncalls=6367800, ndraw=40, logz=-12.98, remainder_fraction=25.4014%, Lmin=-5.71, Lmax=-4.90
12:55:40 [ultranest] [DEBUG] iteration=3458, ncalls=79288, regioncalls=6368080, ndraw=40, logz=-12.98, remainder_fraction=25.3546%, Lmin=-5.71, Lmax=-4.90
12:55:41 [ultranest] [DEBUG] iteration=3460, ncalls=79291, regioncalls=6368200, ndraw=40, logz=-12.98, remainder_fraction=25.2541%, Lmin=-5.71, Lmax=-4.90
12:55:41 [ultranest] [DEBUG] iteration=3462, ncalls=79300, regioncalls=6368560, ndraw=40, logz=-12.98, remainder_fraction=25.1788%, Lmin=-5.71, Lmax=-4.90
12:55:41 [ultranest] [DEBUG] iteration=3463, ncalls=79305, regioncalls=6368760, ndraw=40, logz=-12.98, remainder_fraction=25.1260%, Lmin=-5.71, Lmax=-4.90
12:55:41 [ultranest] [DEBUG] iteration=3464, ncalls=79308, regioncalls=6368880, ndraw=40, logz=-12.98, remainder_fraction=25.0695%, Lmin=-5.71, Lmax=-4.90
12:55:41 [ultranest] [DEBUG] iteration=3466, ncalls=79317, regioncalls=6369240, ndraw=40, logz=-12.98, remainder_fraction=24.9706%, Lmin=-5.71, Lmax=-4.90
12:55:42 [ultranest] [DEBUG] iteration=3468, ncalls=79328, regioncalls=6369680, ndraw=40, logz=-12.97, remainder_fraction=24.8586%, Lmin=-5.70, Lmax=-4.90
12:55:43 [ultranest] [DEBUG] iteration=3469, ncalls=79352, regioncalls=6370640, ndraw=40, logz=-12.97, remainder_fraction=24.8329%, Lmin=-5.70, Lmax=-4.90
12:55:43 [ultranest] [DEBUG] iteration=3470, ncalls=79358, regioncalls=6370880, ndraw=40, logz=-12.97, remainder_fraction=24.7800%, Lmin=-5.70, Lmax=-4.90
12:55:43 [ultranest] [DEBUG] iteration=3472, ncalls=79366, regioncalls=6371200, ndraw=40, logz=-12.97, remainder_fraction=24.6867%, Lmin=-5.70, Lmax=-4.90
12:55:43 [ultranest] [DEBUG] iteration=3474, ncalls=79369, regioncalls=6371320, ndraw=40, logz=-12.97, remainder_fraction=24.6068%, Lmin=-5.70, Lmax=-4.90
12:55:43 [ultranest] [DEBUG] iteration=3476, ncalls=79373, regioncalls=6371480, ndraw=40, logz=-12.97, remainder_fraction=24.5200%, Lmin=-5.70, Lmax=-4.90
12:55:43 [ultranest] [DEBUG] iteration=3477, ncalls=79378, regioncalls=6371680, ndraw=40, logz=-12.97, remainder_fraction=24.4863%, Lmin=-5.70, Lmax=-4.90
12:55:44 [ultranest] [DEBUG] iteration=3478, ncalls=79384, regioncalls=6371920, ndraw=40, logz=-12.97, remainder_fraction=24.4484%, Lmin=-5.69, Lmax=-4.90
12:55:44 [ultranest] [DEBUG] iteration=3481, ncalls=79396, regioncalls=6372400, ndraw=40, logz=-12.97, remainder_fraction=24.3134%, Lmin=-5.69, Lmax=-4.90
12:55:44 [ultranest] [DEBUG] iteration=3482, ncalls=79400, regioncalls=6372560, ndraw=40, logz=-12.96, remainder_fraction=24.2620%, Lmin=-5.69, Lmax=-4.90
12:55:44 [ultranest] [DEBUG] iteration=3483, ncalls=79411, regioncalls=6373000, ndraw=40, logz=-12.96, remainder_fraction=24.2060%, Lmin=-5.69, Lmax=-4.90
12:55:45 [ultranest] [DEBUG] iteration=3485, ncalls=79421, regioncalls=6373400, ndraw=40, logz=-12.96, remainder_fraction=24.1035%, Lmin=-5.69, Lmax=-4.90
12:55:45 [ultranest] [DEBUG] iteration=3486, ncalls=79425, regioncalls=6373560, ndraw=40, logz=-12.96, remainder_fraction=24.0482%, Lmin=-5.69, Lmax=-4.90
12:55:45 [ultranest] [DEBUG] iteration=3489, ncalls=79432, regioncalls=6373840, ndraw=40, logz=-12.96, remainder_fraction=23.9037%, Lmin=-5.68, Lmax=-4.90
12:55:46 [ultranest] [DEBUG] iteration=3490, ncalls=79470, regioncalls=6375360, ndraw=40, logz=-12.96, remainder_fraction=23.8646%, Lmin=-5.68, Lmax=-4.90
12:55:47 [ultranest] [DEBUG] iteration=3491, ncalls=79477, regioncalls=6375640, ndraw=40, logz=-12.96, remainder_fraction=23.8151%, Lmin=-5.68, Lmax=-4.90
12:55:47 [ultranest] [DEBUG] iteration=3493, ncalls=79489, regioncalls=6376120, ndraw=40, logz=-12.96, remainder_fraction=23.7426%, Lmin=-5.68, Lmax=-4.90
12:55:48 [ultranest] [DEBUG] iteration=3495, ncalls=79502, regioncalls=6376640, ndraw=40, logz=-12.96, remainder_fraction=23.6880%, Lmin=-5.68, Lmax=-4.90
12:55:48 [ultranest] [DEBUG] iteration=3496, ncalls=79522, regioncalls=6377440, ndraw=40, logz=-12.96, remainder_fraction=23.6408%, Lmin=-5.68, Lmax=-4.90
12:55:48 [ultranest] [DEBUG] iteration=3497, ncalls=79528, regioncalls=6377680, ndraw=40, logz=-12.96, remainder_fraction=23.5932%, Lmin=-5.68, Lmax=-4.90
12:55:48 [ultranest] [DEBUG] iteration=3499, ncalls=79531, regioncalls=6377800, ndraw=40, logz=-12.95, remainder_fraction=23.4857%, Lmin=-5.68, Lmax=-4.90
12:55:49 [ultranest] [DEBUG] iteration=3500, ncalls=79535, regioncalls=6377960, ndraw=40, logz=-12.95, remainder_fraction=23.4343%, Lmin=-5.68, Lmax=-4.90
12:55:49 [ultranest] [DEBUG] iteration=3503, ncalls=79546, regioncalls=6378400, ndraw=40, logz=-12.95, remainder_fraction=23.3316%, Lmin=-5.67, Lmax=-4.90
12:55:49 [ultranest] [DEBUG] iteration=3504, ncalls=79553, regioncalls=6378680, ndraw=40, logz=-12.95, remainder_fraction=23.2793%, Lmin=-5.67, Lmax=-4.90
12:55:49 [ultranest] [DEBUG] iteration=3505, ncalls=79558, regioncalls=6378880, ndraw=40, logz=-12.95, remainder_fraction=23.2243%, Lmin=-5.67, Lmax=-4.90
12:55:50 [ultranest] [DEBUG] iteration=3508, ncalls=79572, regioncalls=6379440, ndraw=40, logz=-12.95, remainder_fraction=23.0826%, Lmin=-5.67, Lmax=-4.90
12:55:51 [ultranest] [DEBUG] iteration=3509, ncalls=79605, regioncalls=6380760, ndraw=40, logz=-12.95, remainder_fraction=23.0337%, Lmin=-5.67, Lmax=-4.90
12:55:51 [ultranest] [DEBUG] iteration=3510, ncalls=79609, regioncalls=6380920, ndraw=40, logz=-12.95, remainder_fraction=22.9861%, Lmin=-5.67, Lmax=-4.90
12:55:51 [ultranest] [DEBUG] iteration=3512, ncalls=79616, regioncalls=6381200, ndraw=40, logz=-12.95, remainder_fraction=22.8962%, Lmin=-5.67, Lmax=-4.90
12:55:52 [ultranest] [DEBUG] iteration=3514, ncalls=79623, regioncalls=6381480, ndraw=40, logz=-12.95, remainder_fraction=22.8169%, Lmin=-5.67, Lmax=-4.90
12:55:52 [ultranest] [DEBUG] iteration=3515, ncalls=79627, regioncalls=6381640, ndraw=40, logz=-12.95, remainder_fraction=22.7732%, Lmin=-5.66, Lmax=-4.90
12:55:52 [ultranest] [DEBUG] iteration=3516, ncalls=79631, regioncalls=6381800, ndraw=40, logz=-12.94, remainder_fraction=22.7312%, Lmin=-5.66, Lmax=-4.90
12:55:52 [ultranest] [DEBUG] iteration=3517, ncalls=79647, regioncalls=6382440, ndraw=40, logz=-12.94, remainder_fraction=22.6884%, Lmin=-5.66, Lmax=-4.90
12:55:52 [ultranest] [DEBUG] iteration=3519, ncalls=79652, regioncalls=6382640, ndraw=40, logz=-12.94, remainder_fraction=22.5904%, Lmin=-5.66, Lmax=-4.90
12:55:53 [ultranest] [DEBUG] iteration=3520, ncalls=79661, regioncalls=6383000, ndraw=40, logz=-12.94, remainder_fraction=22.5462%, Lmin=-5.66, Lmax=-4.90
12:55:53 [ultranest] [DEBUG] iteration=3521, ncalls=79671, regioncalls=6383400, ndraw=40, logz=-12.94, remainder_fraction=22.4936%, Lmin=-5.66, Lmax=-4.90
12:55:53 [ultranest] [DEBUG] iteration=3522, ncalls=79676, regioncalls=6383600, ndraw=40, logz=-12.94, remainder_fraction=22.4478%, Lmin=-5.66, Lmax=-4.90
12:55:53 [ultranest] [DEBUG] iteration=3524, ncalls=79680, regioncalls=6383760, ndraw=40, logz=-12.94, remainder_fraction=22.3542%, Lmin=-5.66, Lmax=-4.90
12:55:54 [ultranest] [DEBUG] iteration=3525, ncalls=79690, regioncalls=6384160, ndraw=40, logz=-12.94, remainder_fraction=22.3085%, Lmin=-5.65, Lmax=-4.90
12:55:54 [ultranest] [DEBUG] iteration=3526, ncalls=79694, regioncalls=6384320, ndraw=40, logz=-12.94, remainder_fraction=22.2644%, Lmin=-5.65, Lmax=-4.90
12:55:54 [ultranest] [DEBUG] iteration=3528, ncalls=79701, regioncalls=6384600, ndraw=40, logz=-12.94, remainder_fraction=22.1770%, Lmin=-5.65, Lmax=-4.90
12:55:54 [ultranest] [DEBUG] iteration=3530, ncalls=79704, regioncalls=6384720, ndraw=40, logz=-12.94, remainder_fraction=22.0752%, Lmin=-5.65, Lmax=-4.90
12:55:55 [ultranest] [DEBUG] iteration=3531, ncalls=79719, regioncalls=6385320, ndraw=40, logz=-12.94, remainder_fraction=22.0418%, Lmin=-5.65, Lmax=-4.90
12:55:55 [ultranest] [DEBUG] iteration=3532, ncalls=79725, regioncalls=6385560, ndraw=40, logz=-12.94, remainder_fraction=21.9914%, Lmin=-5.64, Lmax=-4.90
12:55:55 [ultranest] [DEBUG] iteration=3533, ncalls=79738, regioncalls=6386080, ndraw=40, logz=-12.94, remainder_fraction=21.9394%, Lmin=-5.64, Lmax=-4.90
12:55:56 [ultranest] [DEBUG] iteration=3534, ncalls=79753, regioncalls=6386680, ndraw=40, logz=-12.93, remainder_fraction=21.9117%, Lmin=-5.64, Lmax=-4.90
12:55:56 [ultranest] [DEBUG] iteration=3535, ncalls=79762, regioncalls=6387040, ndraw=40, logz=-12.93, remainder_fraction=21.8630%, Lmin=-5.64, Lmax=-4.90
12:55:57 [ultranest] [DEBUG] iteration=3536, ncalls=79776, regioncalls=6387600, ndraw=40, logz=-12.93, remainder_fraction=21.8196%, Lmin=-5.64, Lmax=-4.90
12:55:57 [ultranest] [DEBUG] iteration=3537, ncalls=79780, regioncalls=6387760, ndraw=40, logz=-12.93, remainder_fraction=21.7720%, Lmin=-5.64, Lmax=-4.90
12:55:57 [ultranest] [DEBUG] iteration=3538, ncalls=79787, regioncalls=6388040, ndraw=40, logz=-12.93, remainder_fraction=21.7357%, Lmin=-5.64, Lmax=-4.90
12:55:57 [ultranest] [DEBUG] iteration=3539, ncalls=79791, regioncalls=6388200, ndraw=40, logz=-12.93, remainder_fraction=21.6857%, Lmin=-5.64, Lmax=-4.90
12:55:57 [ultranest] [DEBUG] iteration=3541, ncalls=79800, regioncalls=6388560, ndraw=40, logz=-12.93, remainder_fraction=21.5971%, Lmin=-5.64, Lmax=-4.90
12:55:58 [ultranest] [DEBUG] iteration=3543, ncalls=79804, regioncalls=6388720, ndraw=40, logz=-12.93, remainder_fraction=21.5004%, Lmin=-5.64, Lmax=-4.90
12:55:59 [ultranest] [DEBUG] iteration=3544, ncalls=79851, regioncalls=6390600, ndraw=40, logz=-12.93, remainder_fraction=21.4638%, Lmin=-5.64, Lmax=-4.90
12:55:59 [ultranest] [DEBUG] iteration=3545, ncalls=79857, regioncalls=6390840, ndraw=40, logz=-12.93, remainder_fraction=21.4166%, Lmin=-5.64, Lmax=-4.90
12:55:59 [ultranest] [DEBUG] iteration=3546, ncalls=79862, regioncalls=6391040, ndraw=40, logz=-12.93, remainder_fraction=21.3658%, Lmin=-5.64, Lmax=-4.90
12:56:00 [ultranest] [DEBUG] iteration=3547, ncalls=79870, regioncalls=6391360, ndraw=40, logz=-12.93, remainder_fraction=21.3216%, Lmin=-5.63, Lmax=-4.90
12:56:00 [ultranest] [DEBUG] iteration=3548, ncalls=79880, regioncalls=6391760, ndraw=40, logz=-12.93, remainder_fraction=21.2843%, Lmin=-5.63, Lmax=-4.90
12:56:01 [ultranest] [DEBUG] iteration=3549, ncalls=79901, regioncalls=6392600, ndraw=40, logz=-12.93, remainder_fraction=21.2420%, Lmin=-5.63, Lmax=-4.90
12:56:01 [ultranest] [DEBUG] iteration=3550, ncalls=79923, regioncalls=6393480, ndraw=40, logz=-12.93, remainder_fraction=21.2119%, Lmin=-5.63, Lmax=-4.90
12:56:02 [ultranest] [DEBUG] iteration=3552, ncalls=79937, regioncalls=6394040, ndraw=40, logz=-12.93, remainder_fraction=21.1186%, Lmin=-5.63, Lmax=-4.90
12:56:02 [ultranest] [DEBUG] iteration=3554, ncalls=79951, regioncalls=6394600, ndraw=40, logz=-12.92, remainder_fraction=21.0508%, Lmin=-5.63, Lmax=-4.90
12:56:03 [ultranest] [DEBUG] iteration=3556, ncalls=79956, regioncalls=6394800, ndraw=40, logz=-12.92, remainder_fraction=20.9756%, Lmin=-5.63, Lmax=-4.90
12:56:03 [ultranest] [DEBUG] iteration=3558, ncalls=79961, regioncalls=6395000, ndraw=40, logz=-12.92, remainder_fraction=20.8911%, Lmin=-5.62, Lmax=-4.90
12:56:03 [ultranest] [DEBUG] iteration=3559, ncalls=79975, regioncalls=6395560, ndraw=40, logz=-12.92, remainder_fraction=20.8648%, Lmin=-5.62, Lmax=-4.90
12:56:03 [ultranest] [DEBUG] iteration=3562, ncalls=79979, regioncalls=6395720, ndraw=40, logz=-12.92, remainder_fraction=20.7372%, Lmin=-5.62, Lmax=-4.90
12:56:04 [ultranest] [DEBUG] iteration=3563, ncalls=79992, regioncalls=6396240, ndraw=40, logz=-12.92, remainder_fraction=20.6918%, Lmin=-5.62, Lmax=-4.90
12:56:04 [ultranest] [DEBUG] iteration=3565, ncalls=79999, regioncalls=6396520, ndraw=40, logz=-12.92, remainder_fraction=20.6214%, Lmin=-5.62, Lmax=-4.90
12:56:04 [ultranest] [DEBUG] iteration=3566, ncalls=80007, regioncalls=6396840, ndraw=40, logz=-12.92, remainder_fraction=20.5797%, Lmin=-5.61, Lmax=-4.90
12:56:05 [ultranest] [DEBUG] iteration=3567, ncalls=80018, regioncalls=6397280, ndraw=40, logz=-12.92, remainder_fraction=20.5368%, Lmin=-5.61, Lmax=-4.90
12:56:05 [ultranest] [DEBUG] iteration=3568, ncalls=80027, regioncalls=6397640, ndraw=40, logz=-12.92, remainder_fraction=20.4923%, Lmin=-5.61, Lmax=-4.90
12:56:05 [ultranest] [DEBUG] iteration=3569, ncalls=80031, regioncalls=6397800, ndraw=40, logz=-12.92, remainder_fraction=20.4453%, Lmin=-5.61, Lmax=-4.90
12:56:06 [ultranest] [DEBUG] iteration=3570, ncalls=80047, regioncalls=6398440, ndraw=40, logz=-12.92, remainder_fraction=20.4152%, Lmin=-5.61, Lmax=-4.90
12:56:06 [ultranest] [DEBUG] iteration=3572, ncalls=80066, regioncalls=6399200, ndraw=40, logz=-12.91, remainder_fraction=20.3653%, Lmin=-5.60, Lmax=-4.90
12:56:06 [ultranest] [DEBUG] iteration=3573, ncalls=80070, regioncalls=6399360, ndraw=40, logz=-12.91, remainder_fraction=20.3167%, Lmin=-5.60, Lmax=-4.90
12:56:06 [ultranest] [DEBUG] iteration=3575, ncalls=80076, regioncalls=6399600, ndraw=40, logz=-12.91, remainder_fraction=20.2437%, Lmin=-5.60, Lmax=-4.90
12:56:07 [ultranest] [DEBUG] iteration=3577, ncalls=80085, regioncalls=6399960, ndraw=40, logz=-12.91, remainder_fraction=20.1638%, Lmin=-5.60, Lmax=-4.90
12:56:07 [ultranest] [DEBUG] iteration=3578, ncalls=80089, regioncalls=6400120, ndraw=40, logz=-12.91, remainder_fraction=20.1307%, Lmin=-5.60, Lmax=-4.90
12:56:07 [ultranest] [DEBUG] iteration=3580, ncalls=80095, regioncalls=6400360, ndraw=40, logz=-12.91, remainder_fraction=20.0524%, Lmin=-5.60, Lmax=-4.90
12:56:07 [ultranest] [DEBUG] iteration=3581, ncalls=80104, regioncalls=6400720, ndraw=40, logz=-12.91, remainder_fraction=20.0089%, Lmin=-5.60, Lmax=-4.90
12:56:08 [ultranest] [DEBUG] iteration=3582, ncalls=80108, regioncalls=6400880, ndraw=40, logz=-12.91, remainder_fraction=19.9753%, Lmin=-5.60, Lmax=-4.88
12:56:08 [ultranest] [DEBUG] iteration=3583, ncalls=80114, regioncalls=6401120, ndraw=40, logz=-12.91, remainder_fraction=19.9302%, Lmin=-5.60, Lmax=-4.88
12:56:08 [ultranest] [DEBUG] iteration=3584, ncalls=80118, regioncalls=6401280, ndraw=40, logz=-12.91, remainder_fraction=19.9158%, Lmin=-5.59, Lmax=-4.88
12:56:08 [ultranest] [DEBUG] iteration=3585, ncalls=80124, regioncalls=6401520, ndraw=40, logz=-12.91, remainder_fraction=19.8682%, Lmin=-5.59, Lmax=-4.88
12:56:08 [ultranest] [DEBUG] iteration=3587, ncalls=80128, regioncalls=6401680, ndraw=40, logz=-12.91, remainder_fraction=19.7905%, Lmin=-5.59, Lmax=-4.88
12:56:08 [ultranest] [DEBUG] iteration=3588, ncalls=80134, regioncalls=6401920, ndraw=40, logz=-12.91, remainder_fraction=19.7594%, Lmin=-5.59, Lmax=-4.88
12:56:09 [ultranest] [DEBUG] iteration=3589, ncalls=80142, regioncalls=6402240, ndraw=40, logz=-12.91, remainder_fraction=19.7257%, Lmin=-5.59, Lmax=-4.88
12:56:09 [ultranest] [DEBUG] iteration=3590, ncalls=80146, regioncalls=6402400, ndraw=40, logz=-12.91, remainder_fraction=19.6814%, Lmin=-5.59, Lmax=-4.88
12:56:09 [ultranest] [DEBUG] iteration=3591, ncalls=80150, regioncalls=6402560, ndraw=40, logz=-12.91, remainder_fraction=19.6421%, Lmin=-5.59, Lmax=-4.88
12:56:09 [ultranest] [DEBUG] iteration=3593, ncalls=80156, regioncalls=6402800, ndraw=40, logz=-12.90, remainder_fraction=19.5523%, Lmin=-5.59, Lmax=-4.88
12:56:10 [ultranest] [DEBUG] iteration=3594, ncalls=80175, regioncalls=6403560, ndraw=40, logz=-12.90, remainder_fraction=19.5270%, Lmin=-5.59, Lmax=-4.88
12:56:10 [ultranest] [DEBUG] iteration=3595, ncalls=80181, regioncalls=6403800, ndraw=40, logz=-12.90, remainder_fraction=19.4873%, Lmin=-5.59, Lmax=-4.88
12:56:10 [ultranest] [DEBUG] iteration=3596, ncalls=80197, regioncalls=6404440, ndraw=40, logz=-12.90, remainder_fraction=19.4441%, Lmin=-5.59, Lmax=-4.88
12:56:11 [ultranest] [DEBUG] iteration=3597, ncalls=80208, regioncalls=6404880, ndraw=40, logz=-12.90, remainder_fraction=19.4153%, Lmin=-5.59, Lmax=-4.88
12:56:11 [ultranest] [DEBUG] iteration=3598, ncalls=80214, regioncalls=6405120, ndraw=40, logz=-12.90, remainder_fraction=19.3953%, Lmin=-5.59, Lmax=-4.88
12:56:12 [ultranest] [DEBUG] iteration=3599, ncalls=80231, regioncalls=6405800, ndraw=40, logz=-12.90, remainder_fraction=19.3541%, Lmin=-5.58, Lmax=-4.88
12:56:12 [ultranest] [DEBUG] iteration=3601, ncalls=80238, regioncalls=6406080, ndraw=40, logz=-12.90, remainder_fraction=19.2620%, Lmin=-5.58, Lmax=-4.88
12:56:12 [ultranest] [DEBUG] iteration=3602, ncalls=80245, regioncalls=6406360, ndraw=40, logz=-12.90, remainder_fraction=19.2205%, Lmin=-5.58, Lmax=-4.88
12:56:12 [ultranest] [DEBUG] iteration=3603, ncalls=80252, regioncalls=6406640, ndraw=40, logz=-12.90, remainder_fraction=19.1834%, Lmin=-5.58, Lmax=-4.88
12:56:13 [ultranest] [DEBUG] iteration=3604, ncalls=80272, regioncalls=6407440, ndraw=40, logz=-12.90, remainder_fraction=19.1621%, Lmin=-5.58, Lmax=-4.88
12:56:13 [ultranest] [DEBUG] iteration=3605, ncalls=80282, regioncalls=6407840, ndraw=40, logz=-12.90, remainder_fraction=19.1279%, Lmin=-5.58, Lmax=-4.88
12:56:13 [ultranest] [DEBUG] iteration=3606, ncalls=80288, regioncalls=6408080, ndraw=40, logz=-12.90, remainder_fraction=19.0904%, Lmin=-5.58, Lmax=-4.88
12:56:14 [ultranest] [DEBUG] iteration=3607, ncalls=80294, regioncalls=6408320, ndraw=40, logz=-12.90, remainder_fraction=19.0509%, Lmin=-5.58, Lmax=-4.88
12:56:14 [ultranest] [DEBUG] iteration=3608, ncalls=80306, regioncalls=6408800, ndraw=40, logz=-12.90, remainder_fraction=19.0065%, Lmin=-5.58, Lmax=-4.88
12:56:14 [ultranest] [DEBUG] iteration=3609, ncalls=80311, regioncalls=6409000, ndraw=40, logz=-12.90, remainder_fraction=18.9666%, Lmin=-5.58, Lmax=-4.88
12:56:14 [ultranest] [DEBUG] iteration=3611, ncalls=80316, regioncalls=6409200, ndraw=40, logz=-12.90, remainder_fraction=18.9021%, Lmin=-5.57, Lmax=-4.88
12:56:15 [ultranest] [DEBUG] iteration=3613, ncalls=80324, regioncalls=6409520, ndraw=40, logz=-12.89, remainder_fraction=18.8199%, Lmin=-5.57, Lmax=-4.88
12:56:15 [ultranest] [DEBUG] iteration=3614, ncalls=80330, regioncalls=6409760, ndraw=40, logz=-12.89, remainder_fraction=18.7940%, Lmin=-5.57, Lmax=-4.88
12:56:16 [ultranest] [DEBUG] iteration=3616, ncalls=80351, regioncalls=6410600, ndraw=40, logz=-12.89, remainder_fraction=18.7257%, Lmin=-5.57, Lmax=-4.88
12:56:16 [ultranest] [DEBUG] iteration=3618, ncalls=80365, regioncalls=6411160, ndraw=40, logz=-12.89, remainder_fraction=18.6488%, Lmin=-5.57, Lmax=-4.88
12:56:16 [ultranest] [DEBUG] iteration=3620, ncalls=80376, regioncalls=6411640, ndraw=40, logz=-12.89, remainder_fraction=18.5766%, Lmin=-5.57, Lmax=-4.88
12:56:16 [ultranest] [DEBUG] iteration=3621, ncalls=80378, regioncalls=6411720, ndraw=40, logz=-12.89, remainder_fraction=18.5404%, Lmin=-5.57, Lmax=-4.88
12:56:17 [ultranest] [DEBUG] iteration=3622, ncalls=80381, regioncalls=6411840, ndraw=40, logz=-12.89, remainder_fraction=18.4982%, Lmin=-5.57, Lmax=-4.88
12:56:18 [ultranest] [DEBUG] iteration=3623, ncalls=80412, regioncalls=6413080, ndraw=40, logz=-12.89, remainder_fraction=18.4697%, Lmin=-5.56, Lmax=-4.88
12:56:18 [ultranest] [DEBUG] iteration=3624, ncalls=80418, regioncalls=6413320, ndraw=40, logz=-12.89, remainder_fraction=18.4447%, Lmin=-5.56, Lmax=-4.88
12:56:18 [ultranest] [DEBUG] iteration=3625, ncalls=80425, regioncalls=6413600, ndraw=40, logz=-12.89, remainder_fraction=18.4031%, Lmin=-5.56, Lmax=-4.88
12:56:18 [ultranest] [DEBUG] iteration=3626, ncalls=80431, regioncalls=6413840, ndraw=40, logz=-12.89, remainder_fraction=18.3699%, Lmin=-5.56, Lmax=-4.88
12:56:19 [ultranest] [DEBUG] iteration=3628, ncalls=80439, regioncalls=6414160, ndraw=40, logz=-12.89, remainder_fraction=18.2866%, Lmin=-5.56, Lmax=-4.88
12:56:19 [ultranest] [DEBUG] iteration=3629, ncalls=80454, regioncalls=6414760, ndraw=40, logz=-12.89, remainder_fraction=18.2701%, Lmin=-5.56, Lmax=-4.88
12:56:19 [ultranest] [DEBUG] iteration=3630, ncalls=80458, regioncalls=6414920, ndraw=40, logz=-12.89, remainder_fraction=18.2325%, Lmin=-5.56, Lmax=-4.88
12:56:20 [ultranest] [DEBUG] iteration=3632, ncalls=80478, regioncalls=6415720, ndraw=40, logz=-12.89, remainder_fraction=18.1779%, Lmin=-5.55, Lmax=-4.88
12:56:20 [ultranest] [DEBUG] iteration=3633, ncalls=80483, regioncalls=6415920, ndraw=40, logz=-12.89, remainder_fraction=18.1451%, Lmin=-5.55, Lmax=-4.88
12:56:21 [ultranest] [DEBUG] iteration=3634, ncalls=80500, regioncalls=6416600, ndraw=40, logz=-12.89, remainder_fraction=18.1083%, Lmin=-5.55, Lmax=-4.88
12:56:21 [ultranest] [DEBUG] iteration=3635, ncalls=80505, regioncalls=6416800, ndraw=40, logz=-12.88, remainder_fraction=18.0787%, Lmin=-5.55, Lmax=-4.88
12:56:21 [ultranest] [DEBUG] iteration=3637, ncalls=80508, regioncalls=6416920, ndraw=40, logz=-12.88, remainder_fraction=17.9979%, Lmin=-5.55, Lmax=-4.88
12:56:22 [ultranest] [DEBUG] iteration=3638, ncalls=80530, regioncalls=6417800, ndraw=40, logz=-12.88, remainder_fraction=17.9573%, Lmin=-5.55, Lmax=-4.88
12:56:22 [ultranest] [DEBUG] iteration=3639, ncalls=80536, regioncalls=6418040, ndraw=40, logz=-12.88, remainder_fraction=17.9198%, Lmin=-5.55, Lmax=-4.88
12:56:22 [ultranest] [DEBUG] iteration=3641, ncalls=80541, regioncalls=6418240, ndraw=40, logz=-12.88, remainder_fraction=17.8472%, Lmin=-5.55, Lmax=-4.88
12:56:22 [ultranest] [DEBUG] iteration=3642, ncalls=80545, regioncalls=6418400, ndraw=40, logz=-12.88, remainder_fraction=17.8069%, Lmin=-5.55, Lmax=-4.88
12:56:22 [ultranest] [DEBUG] iteration=3643, ncalls=80554, regioncalls=6418760, ndraw=40, logz=-12.88, remainder_fraction=17.7670%, Lmin=-5.55, Lmax=-4.88
12:56:23 [ultranest] [DEBUG] iteration=3644, ncalls=80561, regioncalls=6419040, ndraw=40, logz=-12.88, remainder_fraction=17.7296%, Lmin=-5.55, Lmax=-4.88
12:56:23 [ultranest] [DEBUG] iteration=3646, ncalls=80568, regioncalls=6419320, ndraw=40, logz=-12.88, remainder_fraction=17.6615%, Lmin=-5.55, Lmax=-4.88
12:56:23 [ultranest] [DEBUG] iteration=3648, ncalls=80578, regioncalls=6419720, ndraw=40, logz=-12.88, remainder_fraction=17.5828%, Lmin=-5.54, Lmax=-4.88
12:56:23 [ultranest] [DEBUG] iteration=3649, ncalls=80590, regioncalls=6420200, ndraw=40, logz=-12.88, remainder_fraction=17.5453%, Lmin=-5.54, Lmax=-4.88
12:56:24 [ultranest] [DEBUG] iteration=3650, ncalls=80612, regioncalls=6421080, ndraw=40, logz=-12.88, remainder_fraction=17.5083%, Lmin=-5.54, Lmax=-4.88
12:56:25 [ultranest] [DEBUG] iteration=3651, ncalls=80629, regioncalls=6421760, ndraw=40, logz=-12.88, remainder_fraction=17.4723%, Lmin=-5.54, Lmax=-4.88
12:56:25 [ultranest] [DEBUG] iteration=3653, ncalls=80635, regioncalls=6422000, ndraw=40, logz=-12.88, remainder_fraction=17.3984%, Lmin=-5.54, Lmax=-4.88
12:56:25 [ultranest] [DEBUG] iteration=3654, ncalls=80640, regioncalls=6422200, ndraw=40, logz=-12.88, remainder_fraction=17.3642%, Lmin=-5.54, Lmax=-4.88
12:56:25 [ultranest] [DEBUG] iteration=3655, ncalls=80644, regioncalls=6422360, ndraw=40, logz=-12.88, remainder_fraction=17.3291%, Lmin=-5.54, Lmax=-4.88
12:56:25 [ultranest] [DEBUG] iteration=3656, ncalls=80650, regioncalls=6422600, ndraw=40, logz=-12.88, remainder_fraction=17.2941%, Lmin=-5.54, Lmax=-4.88
12:56:26 [ultranest] [DEBUG] iteration=3657, ncalls=80660, regioncalls=6423000, ndraw=40, logz=-12.88, remainder_fraction=17.2566%, Lmin=-5.54, Lmax=-4.88
12:56:26 [ultranest] [DEBUG] iteration=3658, ncalls=80668, regioncalls=6423320, ndraw=40, logz=-12.87, remainder_fraction=17.2283%, Lmin=-5.54, Lmax=-4.88
12:56:26 [ultranest] [DEBUG] iteration=3659, ncalls=80679, regioncalls=6423760, ndraw=40, logz=-12.87, remainder_fraction=17.1899%, Lmin=-5.54, Lmax=-4.88
12:56:27 [ultranest] [DEBUG] iteration=3661, ncalls=80690, regioncalls=6424200, ndraw=40, logz=-12.87, remainder_fraction=17.1195%, Lmin=-5.53, Lmax=-4.88
12:56:27 [ultranest] [DEBUG] iteration=3662, ncalls=80703, regioncalls=6424720, ndraw=40, logz=-12.87, remainder_fraction=17.0783%, Lmin=-5.53, Lmax=-4.88
12:56:27 [ultranest] [DEBUG] iteration=3664, ncalls=80707, regioncalls=6424880, ndraw=40, logz=-12.87, remainder_fraction=17.0044%, Lmin=-5.53, Lmax=-4.88
12:56:28 [ultranest] [DEBUG] iteration=3666, ncalls=80714, regioncalls=6425160, ndraw=40, logz=-12.87, remainder_fraction=16.9433%, Lmin=-5.53, Lmax=-4.88
12:56:28 [ultranest] [DEBUG] iteration=3668, ncalls=80720, regioncalls=6425400, ndraw=40, logz=-12.87, remainder_fraction=16.8774%, Lmin=-5.52, Lmax=-4.88
12:56:28 [ultranest] [DEBUG] iteration=3669, ncalls=80733, regioncalls=6425920, ndraw=40, logz=-12.87, remainder_fraction=16.8431%, Lmin=-5.52, Lmax=-4.88
12:56:29 [ultranest] [DEBUG] iteration=3670, ncalls=80747, regioncalls=6426480, ndraw=40, logz=-12.87, remainder_fraction=16.8128%, Lmin=-5.52, Lmax=-4.86
12:56:29 [ultranest] [DEBUG] iteration=3672, ncalls=80767, regioncalls=6427280, ndraw=40, logz=-12.87, remainder_fraction=16.7585%, Lmin=-5.52, Lmax=-4.86
12:56:30 [ultranest] [DEBUG] iteration=3673, ncalls=80773, regioncalls=6427520, ndraw=40, logz=-12.87, remainder_fraction=16.7182%, Lmin=-5.52, Lmax=-4.86
12:56:30 [ultranest] [DEBUG] iteration=3674, ncalls=80782, regioncalls=6427880, ndraw=40, logz=-12.87, remainder_fraction=16.6790%, Lmin=-5.52, Lmax=-4.86
12:56:30 [ultranest] [DEBUG] iteration=3676, ncalls=80787, regioncalls=6428080, ndraw=40, logz=-12.87, remainder_fraction=16.6110%, Lmin=-5.52, Lmax=-4.86
12:56:31 [ultranest] [DEBUG] iteration=3677, ncalls=80807, regioncalls=6428880, ndraw=40, logz=-12.87, remainder_fraction=16.5708%, Lmin=-5.52, Lmax=-4.86
12:56:31 [ultranest] [DEBUG] iteration=3678, ncalls=80814, regioncalls=6429160, ndraw=40, logz=-12.87, remainder_fraction=16.5351%, Lmin=-5.52, Lmax=-4.86
12:56:32 [ultranest] [DEBUG] iteration=3679, ncalls=80841, regioncalls=6430240, ndraw=40, logz=-12.87, remainder_fraction=16.5085%, Lmin=-5.52, Lmax=-4.86
12:56:32 [ultranest] [DEBUG] iteration=3680, ncalls=80850, regioncalls=6430600, ndraw=40, logz=-12.87, remainder_fraction=16.4837%, Lmin=-5.52, Lmax=-4.86
12:56:32 [ultranest] [DEBUG] iteration=3681, ncalls=80863, regioncalls=6431120, ndraw=40, logz=-12.87, remainder_fraction=16.4487%, Lmin=-5.51, Lmax=-4.86
12:56:33 [ultranest] [DEBUG] iteration=3683, ncalls=80873, regioncalls=6431520, ndraw=40, logz=-12.86, remainder_fraction=16.3857%, Lmin=-5.51, Lmax=-4.86
12:56:33 [ultranest] [DEBUG] iteration=3684, ncalls=80880, regioncalls=6431800, ndraw=40, logz=-12.86, remainder_fraction=16.3486%, Lmin=-5.51, Lmax=-4.86
12:56:33 [ultranest] [DEBUG] iteration=3687, ncalls=80884, regioncalls=6431960, ndraw=40, logz=-12.86, remainder_fraction=16.2545%, Lmin=-5.51, Lmax=-4.86
12:56:34 [ultranest] [DEBUG] iteration=3688, ncalls=80897, regioncalls=6432600, ndraw=40, logz=-12.86, remainder_fraction=16.2173%, Lmin=-5.51, Lmax=-4.86
12:56:34 [ultranest] [DEBUG] iteration=3689, ncalls=80908, regioncalls=6433040, ndraw=40, logz=-12.86, remainder_fraction=16.1861%, Lmin=-5.51, Lmax=-4.86
12:56:34 [ultranest] [DEBUG] iteration=3690, ncalls=80914, regioncalls=6433280, ndraw=40, logz=-12.86, remainder_fraction=16.1501%, Lmin=-5.51, Lmax=-4.86
12:56:35 [ultranest] [DEBUG] iteration=3691, ncalls=80930, regioncalls=6433920, ndraw=40, logz=-12.86, remainder_fraction=16.1128%, Lmin=-5.51, Lmax=-4.86
12:56:35 [ultranest] [DEBUG] iteration=3692, ncalls=80934, regioncalls=6434080, ndraw=40, logz=-12.86, remainder_fraction=16.0810%, Lmin=-5.51, Lmax=-4.86
12:56:35 [ultranest] [DEBUG] iteration=3693, ncalls=80946, regioncalls=6434560, ndraw=40, logz=-12.86, remainder_fraction=16.0427%, Lmin=-5.51, Lmax=-4.86
12:56:35 [ultranest] [DEBUG] iteration=3694, ncalls=80954, regioncalls=6434880, ndraw=40, logz=-12.86, remainder_fraction=16.0058%, Lmin=-5.51, Lmax=-4.86
12:56:36 [ultranest] [DEBUG] iteration=3696, ncalls=80972, regioncalls=6435600, ndraw=40, logz=-12.86, remainder_fraction=15.9342%, Lmin=-5.51, Lmax=-4.86
12:56:36 [ultranest] [DEBUG] iteration=3698, ncalls=80976, regioncalls=6435760, ndraw=40, logz=-12.86, remainder_fraction=15.8598%, Lmin=-5.51, Lmax=-4.86
12:56:36 [ultranest] [DEBUG] iteration=3700, ncalls=80981, regioncalls=6435960, ndraw=40, logz=-12.86, remainder_fraction=15.7892%, Lmin=-5.50, Lmax=-4.86
12:56:37 [ultranest] [DEBUG] iteration=3702, ncalls=81010, regioncalls=6437120, ndraw=40, logz=-12.86, remainder_fraction=15.7274%, Lmin=-5.50, Lmax=-4.86
12:56:38 [ultranest] [DEBUG] iteration=3703, ncalls=81027, regioncalls=6437800, ndraw=40, logz=-12.86, remainder_fraction=15.6908%, Lmin=-5.50, Lmax=-4.86
12:56:38 [ultranest] [DEBUG] iteration=3704, ncalls=81034, regioncalls=6438080, ndraw=40, logz=-12.86, remainder_fraction=15.6558%, Lmin=-5.50, Lmax=-4.86
12:56:38 [ultranest] [DEBUG] iteration=3706, ncalls=81038, regioncalls=6438240, ndraw=40, logz=-12.86, remainder_fraction=15.5929%, Lmin=-5.50, Lmax=-4.86
12:56:40 [ultranest] [DEBUG] iteration=3708, ncalls=81081, regioncalls=6439960, ndraw=40, logz=-12.85, remainder_fraction=15.5307%, Lmin=-5.50, Lmax=-4.86
12:56:40 [ultranest] [DEBUG] iteration=3710, ncalls=81094, regioncalls=6440480, ndraw=40, logz=-12.85, remainder_fraction=15.4566%, Lmin=-5.50, Lmax=-4.86
12:56:40 [ultranest] [DEBUG] iteration=3711, ncalls=81100, regioncalls=6440720, ndraw=40, logz=-12.85, remainder_fraction=15.4285%, Lmin=-5.49, Lmax=-4.86
12:56:40 [ultranest] [DEBUG] iteration=3712, ncalls=81104, regioncalls=6440880, ndraw=40, logz=-12.85, remainder_fraction=15.3974%, Lmin=-5.49, Lmax=-4.86
12:56:41 [ultranest] [DEBUG] iteration=3714, ncalls=81118, regioncalls=6441440, ndraw=40, logz=-12.85, remainder_fraction=15.3377%, Lmin=-5.49, Lmax=-4.86
12:56:41 [ultranest] [DEBUG] iteration=3715, ncalls=81124, regioncalls=6441680, ndraw=40, logz=-12.85, remainder_fraction=15.3109%, Lmin=-5.49, Lmax=-4.86
12:56:41 [ultranest] [DEBUG] iteration=3716, ncalls=81129, regioncalls=6441880, ndraw=40, logz=-12.85, remainder_fraction=15.2741%, Lmin=-5.49, Lmax=-4.86
12:56:41 [ultranest] [DEBUG] iteration=3719, ncalls=81133, regioncalls=6442040, ndraw=40, logz=-12.85, remainder_fraction=15.2015%, Lmin=-5.49, Lmax=-4.86
12:56:42 [ultranest] [DEBUG] iteration=3721, ncalls=81142, regioncalls=6442400, ndraw=40, logz=-12.85, remainder_fraction=15.1398%, Lmin=-5.49, Lmax=-4.86
12:56:42 [ultranest] [DEBUG] iteration=3723, ncalls=81157, regioncalls=6443000, ndraw=40, logz=-12.85, remainder_fraction=15.0704%, Lmin=-5.49, Lmax=-4.86
12:56:43 [ultranest] [DEBUG] iteration=3724, ncalls=81166, regioncalls=6443360, ndraw=40, logz=-12.85, remainder_fraction=15.0342%, Lmin=-5.49, Lmax=-4.86
12:56:43 [ultranest] [DEBUG] iteration=3725, ncalls=81172, regioncalls=6443600, ndraw=40, logz=-12.85, remainder_fraction=15.0011%, Lmin=-5.49, Lmax=-4.86
12:56:43 [ultranest] [DEBUG] iteration=3726, ncalls=81177, regioncalls=6443800, ndraw=40, logz=-12.85, remainder_fraction=14.9659%, Lmin=-5.49, Lmax=-4.86
12:56:43 [ultranest] [DEBUG] iteration=3727, ncalls=81183, regioncalls=6444040, ndraw=40, logz=-12.85, remainder_fraction=14.9341%, Lmin=-5.49, Lmax=-4.86
12:56:44 [ultranest] [DEBUG] iteration=3728, ncalls=81222, regioncalls=6445600, ndraw=40, logz=-12.85, remainder_fraction=14.8999%, Lmin=-5.49, Lmax=-4.86
12:56:44 [ultranest] [DEBUG] iteration=3729, ncalls=81226, regioncalls=6445760, ndraw=40, logz=-12.85, remainder_fraction=14.8824%, Lmin=-5.49, Lmax=-4.86
12:56:45 [ultranest] [DEBUG] iteration=3731, ncalls=81230, regioncalls=6445920, ndraw=40, logz=-12.85, remainder_fraction=14.8204%, Lmin=-5.48, Lmax=-4.86
12:56:45 [ultranest] [DEBUG] iteration=3733, ncalls=81234, regioncalls=6446080, ndraw=40, logz=-12.85, remainder_fraction=14.7594%, Lmin=-5.48, Lmax=-4.86
12:56:45 [ultranest] [DEBUG] iteration=3735, ncalls=81242, regioncalls=6446400, ndraw=40, logz=-12.84, remainder_fraction=14.7115%, Lmin=-5.48, Lmax=-4.86
12:56:46 [ultranest] [DEBUG] iteration=3736, ncalls=81267, regioncalls=6447400, ndraw=40, logz=-12.84, remainder_fraction=14.6791%, Lmin=-5.48, Lmax=-4.86
12:56:46 [ultranest] [DEBUG] iteration=3737, ncalls=81279, regioncalls=6447880, ndraw=40, logz=-12.84, remainder_fraction=14.6552%, Lmin=-5.48, Lmax=-4.86
12:56:47 [ultranest] [DEBUG] iteration=3739, ncalls=81302, regioncalls=6448800, ndraw=40, logz=-12.84, remainder_fraction=14.6050%, Lmin=-5.48, Lmax=-4.86
12:56:47 [ultranest] [DEBUG] iteration=3740, ncalls=81314, regioncalls=6449280, ndraw=40, logz=-12.84, remainder_fraction=14.5778%, Lmin=-5.48, Lmax=-4.86
12:56:48 [ultranest] [DEBUG] iteration=3741, ncalls=81328, regioncalls=6449840, ndraw=40, logz=-12.84, remainder_fraction=14.5522%, Lmin=-5.48, Lmax=-4.86
12:56:48 [ultranest] [DEBUG] iteration=3743, ncalls=81336, regioncalls=6450160, ndraw=40, logz=-12.84, remainder_fraction=14.4951%, Lmin=-5.48, Lmax=-4.86
12:56:48 [ultranest] [DEBUG] iteration=3745, ncalls=81340, regioncalls=6450320, ndraw=40, logz=-12.84, remainder_fraction=14.4269%, Lmin=-5.47, Lmax=-4.86
12:56:49 [ultranest] [DEBUG] iteration=3747, ncalls=81365, regioncalls=6451480, ndraw=40, logz=-12.84, remainder_fraction=14.3693%, Lmin=-5.47, Lmax=-4.86
12:56:49 [ultranest] [DEBUG] iteration=3749, ncalls=81375, regioncalls=6451880, ndraw=40, logz=-12.84, remainder_fraction=14.3126%, Lmin=-5.47, Lmax=-4.86
12:56:50 [ultranest] [DEBUG] iteration=3750, ncalls=81383, regioncalls=6452320, ndraw=40, logz=-12.84, remainder_fraction=14.2865%, Lmin=-5.47, Lmax=-4.86
12:56:50 [ultranest] [DEBUG] iteration=3751, ncalls=81399, regioncalls=6452960, ndraw=40, logz=-12.84, remainder_fraction=14.2605%, Lmin=-5.47, Lmax=-4.86
12:56:50 [ultranest] [DEBUG] iteration=3752, ncalls=81408, regioncalls=6453320, ndraw=40, logz=-12.84, remainder_fraction=14.2269%, Lmin=-5.47, Lmax=-4.86
12:56:51 [ultranest] [DEBUG] iteration=3753, ncalls=81419, regioncalls=6453760, ndraw=40, logz=-12.84, remainder_fraction=14.1992%, Lmin=-5.47, Lmax=-4.86
12:56:51 [ultranest] [DEBUG] iteration=3754, ncalls=81426, regioncalls=6454040, ndraw=40, logz=-12.84, remainder_fraction=14.1673%, Lmin=-5.47, Lmax=-4.86
12:56:51 [ultranest] [DEBUG] iteration=3755, ncalls=81430, regioncalls=6454200, ndraw=40, logz=-12.84, remainder_fraction=14.1335%, Lmin=-5.47, Lmax=-4.86
12:56:52 [ultranest] [DEBUG] iteration=3756, ncalls=81448, regioncalls=6454920, ndraw=40, logz=-12.84, remainder_fraction=14.1001%, Lmin=-5.47, Lmax=-4.86
12:56:53 [ultranest] [DEBUG] iteration=3758, ncalls=81469, regioncalls=6455760, ndraw=40, logz=-12.84, remainder_fraction=14.0405%, Lmin=-5.47, Lmax=-4.86
12:56:53 [ultranest] [DEBUG] iteration=3759, ncalls=81484, regioncalls=6456360, ndraw=40, logz=-12.84, remainder_fraction=14.0120%, Lmin=-5.47, Lmax=-4.86
12:56:53 [ultranest] [DEBUG] iteration=3760, ncalls=81488, regioncalls=6456520, ndraw=40, logz=-12.84, remainder_fraction=13.9827%, Lmin=-5.47, Lmax=-4.86
12:56:53 [ultranest] [DEBUG] iteration=3762, ncalls=81491, regioncalls=6456640, ndraw=40, logz=-12.84, remainder_fraction=13.9261%, Lmin=-5.46, Lmax=-4.86
12:56:53 [ultranest] [DEBUG] iteration=3764, ncalls=81496, regioncalls=6456840, ndraw=40, logz=-12.83, remainder_fraction=13.8667%, Lmin=-5.46, Lmax=-4.86
12:56:54 [ultranest] [DEBUG] iteration=3765, ncalls=81506, regioncalls=6457240, ndraw=40, logz=-12.83, remainder_fraction=13.8356%, Lmin=-5.46, Lmax=-4.86
12:56:54 [ultranest] [DEBUG] iteration=3766, ncalls=81512, regioncalls=6457480, ndraw=40, logz=-12.83, remainder_fraction=13.8034%, Lmin=-5.46, Lmax=-4.86
12:56:54 [ultranest] [DEBUG] iteration=3767, ncalls=81518, regioncalls=6457720, ndraw=40, logz=-12.83, remainder_fraction=13.7697%, Lmin=-5.46, Lmax=-4.86
12:56:54 [ultranest] [DEBUG] iteration=3768, ncalls=81528, regioncalls=6458120, ndraw=40, logz=-12.83, remainder_fraction=13.7459%, Lmin=-5.46, Lmax=-4.86
12:56:55 [ultranest] [DEBUG] iteration=3770, ncalls=81539, regioncalls=6458560, ndraw=40, logz=-12.83, remainder_fraction=13.6814%, Lmin=-5.46, Lmax=-4.86
12:56:55 [ultranest] [DEBUG] iteration=3771, ncalls=81546, regioncalls=6458840, ndraw=40, logz=-12.83, remainder_fraction=13.6492%, Lmin=-5.46, Lmax=-4.86
12:56:55 [ultranest] [DEBUG] iteration=3773, ncalls=81550, regioncalls=6459000, ndraw=40, logz=-12.83, remainder_fraction=13.5964%, Lmin=-5.46, Lmax=-4.86
12:56:56 [ultranest] [DEBUG] iteration=3774, ncalls=81577, regioncalls=6460080, ndraw=40, logz=-12.83, remainder_fraction=13.5772%, Lmin=-5.46, Lmax=-4.86
12:56:56 [ultranest] [DEBUG] iteration=3775, ncalls=81586, regioncalls=6460440, ndraw=40, logz=-12.83, remainder_fraction=13.5462%, Lmin=-5.46, Lmax=-4.86
12:56:57 [ultranest] [DEBUG] iteration=3776, ncalls=81591, regioncalls=6460640, ndraw=40, logz=-12.83, remainder_fraction=13.5142%, Lmin=-5.46, Lmax=-4.86
12:56:58 [ultranest] [DEBUG] iteration=3777, ncalls=81623, regioncalls=6461920, ndraw=40, logz=-12.83, remainder_fraction=13.4833%, Lmin=-5.45, Lmax=-4.86
12:56:58 [ultranest] [DEBUG] iteration=3778, ncalls=81628, regioncalls=6462120, ndraw=40, logz=-12.83, remainder_fraction=13.4553%, Lmin=-5.45, Lmax=-4.86
12:56:59 [ultranest] [DEBUG] iteration=3779, ncalls=81665, regioncalls=6463600, ndraw=40, logz=-12.83, remainder_fraction=13.4289%, Lmin=-5.45, Lmax=-4.86
12:56:59 [ultranest] [DEBUG] iteration=3781, ncalls=81669, regioncalls=6463760, ndraw=40, logz=-12.83, remainder_fraction=13.3772%, Lmin=-5.45, Lmax=-4.86
12:56:59 [ultranest] [DEBUG] iteration=3783, ncalls=81674, regioncalls=6463960, ndraw=40, logz=-12.83, remainder_fraction=13.3314%, Lmin=-5.45, Lmax=-4.86
12:57:00 [ultranest] [DEBUG] iteration=3785, ncalls=81687, regioncalls=6464480, ndraw=40, logz=-12.83, remainder_fraction=13.2707%, Lmin=-5.45, Lmax=-4.86
12:57:00 [ultranest] [DEBUG] iteration=3786, ncalls=81694, regioncalls=6464760, ndraw=40, logz=-12.83, remainder_fraction=13.2393%, Lmin=-5.45, Lmax=-4.86
12:57:00 [ultranest] [DEBUG] iteration=3787, ncalls=81708, regioncalls=6465320, ndraw=40, logz=-12.83, remainder_fraction=13.2091%, Lmin=-5.45, Lmax=-4.86
12:57:01 [ultranest] [DEBUG] iteration=3788, ncalls=81712, regioncalls=6465480, ndraw=40, logz=-12.83, remainder_fraction=13.1846%, Lmin=-5.45, Lmax=-4.86
12:57:01 [ultranest] [DEBUG] iteration=3789, ncalls=81717, regioncalls=6465680, ndraw=40, logz=-12.83, remainder_fraction=13.1575%, Lmin=-5.45, Lmax=-4.86
12:57:01 [ultranest] [DEBUG] iteration=3790, ncalls=81725, regioncalls=6466000, ndraw=40, logz=-12.83, remainder_fraction=13.1260%, Lmin=-5.45, Lmax=-4.86
12:57:01 [ultranest] [DEBUG] iteration=3791, ncalls=81737, regioncalls=6466480, ndraw=40, logz=-12.83, remainder_fraction=13.1060%, Lmin=-5.45, Lmax=-4.86
12:57:02 [ultranest] [DEBUG] iteration=3792, ncalls=81745, regioncalls=6466800, ndraw=40, logz=-12.83, remainder_fraction=13.0767%, Lmin=-5.45, Lmax=-4.86
12:57:02 [ultranest] [DEBUG] iteration=3793, ncalls=81768, regioncalls=6467720, ndraw=40, logz=-12.82, remainder_fraction=13.0502%, Lmin=-5.44, Lmax=-4.86
12:57:03 [ultranest] [DEBUG] iteration=3794, ncalls=81776, regioncalls=6468040, ndraw=40, logz=-12.82, remainder_fraction=13.0202%, Lmin=-5.44, Lmax=-4.86
12:57:03 [ultranest] [DEBUG] iteration=3795, ncalls=81787, regioncalls=6468480, ndraw=40, logz=-12.82, remainder_fraction=12.9886%, Lmin=-5.44, Lmax=-4.86
12:57:04 [ultranest] [DEBUG] iteration=3797, ncalls=81815, regioncalls=6469600, ndraw=40, logz=-12.82, remainder_fraction=12.9289%, Lmin=-5.44, Lmax=-4.86
12:57:04 [ultranest] [DEBUG] iteration=3798, ncalls=81824, regioncalls=6469960, ndraw=40, logz=-12.82, remainder_fraction=12.8987%, Lmin=-5.44, Lmax=-4.86
12:57:05 [ultranest] [DEBUG] iteration=3800, ncalls=81836, regioncalls=6470480, ndraw=40, logz=-12.82, remainder_fraction=12.8411%, Lmin=-5.44, Lmax=-4.86
12:57:05 [ultranest] [DEBUG] iteration=3801, ncalls=81841, regioncalls=6470680, ndraw=40, logz=-12.82, remainder_fraction=12.8114%, Lmin=-5.44, Lmax=-4.86
12:57:05 [ultranest] [DEBUG] iteration=3803, ncalls=81859, regioncalls=6471400, ndraw=40, logz=-12.82, remainder_fraction=12.7590%, Lmin=-5.44, Lmax=-4.86
12:57:06 [ultranest] [DEBUG] iteration=3804, ncalls=81864, regioncalls=6471600, ndraw=40, logz=-12.82, remainder_fraction=12.7299%, Lmin=-5.44, Lmax=-4.86
12:57:06 [ultranest] [DEBUG] iteration=3805, ncalls=81875, regioncalls=6472040, ndraw=40, logz=-12.82, remainder_fraction=12.7022%, Lmin=-5.44, Lmax=-4.86
12:57:06 [ultranest] [DEBUG] iteration=3807, ncalls=81882, regioncalls=6472320, ndraw=40, logz=-12.82, remainder_fraction=12.6485%, Lmin=-5.44, Lmax=-4.86
12:57:07 [ultranest] [DEBUG] iteration=3809, ncalls=81891, regioncalls=6472680, ndraw=40, logz=-12.82, remainder_fraction=12.5936%, Lmin=-5.44, Lmax=-4.86
12:57:07 [ultranest] [DEBUG] iteration=3810, ncalls=81901, regioncalls=6473080, ndraw=40, logz=-12.82, remainder_fraction=12.5679%, Lmin=-5.44, Lmax=-4.86
12:57:07 [ultranest] [DEBUG] iteration=3812, ncalls=81908, regioncalls=6473360, ndraw=40, logz=-12.82, remainder_fraction=12.5140%, Lmin=-5.44, Lmax=-4.86
12:57:07 [ultranest] [DEBUG] iteration=3813, ncalls=81917, regioncalls=6473720, ndraw=40, logz=-12.82, remainder_fraction=12.4857%, Lmin=-5.44, Lmax=-4.86
12:57:08 [ultranest] [DEBUG] iteration=3814, ncalls=81922, regioncalls=6473920, ndraw=40, logz=-12.82, remainder_fraction=12.4553%, Lmin=-5.44, Lmax=-4.86
12:57:08 [ultranest] [DEBUG] iteration=3815, ncalls=81929, regioncalls=6474200, ndraw=40, logz=-12.82, remainder_fraction=12.4249%, Lmin=-5.43, Lmax=-4.86
12:57:08 [ultranest] [DEBUG] iteration=3816, ncalls=81940, regioncalls=6474840, ndraw=40, logz=-12.82, remainder_fraction=12.3969%, Lmin=-5.43, Lmax=-4.86
12:57:08 [ultranest] [DEBUG] iteration=3817, ncalls=81947, regioncalls=6475120, ndraw=40, logz=-12.82, remainder_fraction=12.3691%, Lmin=-5.43, Lmax=-4.86
12:57:09 [ultranest] [DEBUG] iteration=3819, ncalls=81960, regioncalls=6475640, ndraw=40, logz=-12.82, remainder_fraction=12.3147%, Lmin=-5.43, Lmax=-4.86
12:57:09 [ultranest] [DEBUG] iteration=3821, ncalls=81966, regioncalls=6475880, ndraw=40, logz=-12.82, remainder_fraction=12.2637%, Lmin=-5.43, Lmax=-4.86
12:57:09 [ultranest] [DEBUG] iteration=3822, ncalls=81969, regioncalls=6476000, ndraw=40, logz=-12.82, remainder_fraction=12.2373%, Lmin=-5.43, Lmax=-4.86
12:57:09 [ultranest] [DEBUG] iteration=3823, ncalls=81975, regioncalls=6476240, ndraw=40, logz=-12.82, remainder_fraction=12.2088%, Lmin=-5.43, Lmax=-4.86
12:57:10 [ultranest] [DEBUG] iteration=3824, ncalls=81984, regioncalls=6476600, ndraw=40, logz=-12.82, remainder_fraction=12.1821%, Lmin=-5.43, Lmax=-4.86
12:57:10 [ultranest] [DEBUG] iteration=3825, ncalls=81986, regioncalls=6476680, ndraw=40, logz=-12.82, remainder_fraction=12.1572%, Lmin=-5.43, Lmax=-4.86
12:57:11 [ultranest] [DEBUG] iteration=3826, ncalls=82017, regioncalls=6477920, ndraw=40, logz=-12.81, remainder_fraction=12.1313%, Lmin=-5.43, Lmax=-4.86
12:57:11 [ultranest] [DEBUG] iteration=3827, ncalls=82021, regioncalls=6478080, ndraw=40, logz=-12.81, remainder_fraction=12.1026%, Lmin=-5.43, Lmax=-4.86
12:57:11 [ultranest] [DEBUG] iteration=3828, ncalls=82029, regioncalls=6478400, ndraw=40, logz=-12.81, remainder_fraction=12.0790%, Lmin=-5.43, Lmax=-4.86
12:57:12 [ultranest] [DEBUG] iteration=3829, ncalls=82041, regioncalls=6478880, ndraw=40, logz=-12.81, remainder_fraction=12.0542%, Lmin=-5.43, Lmax=-4.86
12:57:12 [ultranest] [DEBUG] iteration=3830, ncalls=82046, regioncalls=6479080, ndraw=40, logz=-12.81, remainder_fraction=12.0265%, Lmin=-5.43, Lmax=-4.86
12:57:12 [ultranest] [DEBUG] iteration=3831, ncalls=82067, regioncalls=6479920, ndraw=40, logz=-12.81, remainder_fraction=12.0000%, Lmin=-5.43, Lmax=-4.86
12:57:13 [ultranest] [DEBUG] iteration=3833, ncalls=82075, regioncalls=6480240, ndraw=40, logz=-12.81, remainder_fraction=11.9524%, Lmin=-5.43, Lmax=-4.86
12:57:13 [ultranest] [DEBUG] iteration=3835, ncalls=82080, regioncalls=6480440, ndraw=40, logz=-12.81, remainder_fraction=11.9011%, Lmin=-5.43, Lmax=-4.86
12:57:13 [ultranest] [DEBUG] iteration=3838, ncalls=82097, regioncalls=6481120, ndraw=40, logz=-12.81, remainder_fraction=11.8250%, Lmin=-5.43, Lmax=-4.86
12:57:14 [ultranest] [DEBUG] iteration=3839, ncalls=82105, regioncalls=6481440, ndraw=40, logz=-12.81, remainder_fraction=11.7971%, Lmin=-5.43, Lmax=-4.86
12:57:14 [ultranest] [DEBUG] iteration=3840, ncalls=82112, regioncalls=6481720, ndraw=40, logz=-12.81, remainder_fraction=11.7731%, Lmin=-5.43, Lmax=-4.86
12:57:14 [ultranest] [DEBUG] iteration=3841, ncalls=82116, regioncalls=6481880, ndraw=40, logz=-12.81, remainder_fraction=11.7451%, Lmin=-5.42, Lmax=-4.86
12:57:14 [ultranest] [DEBUG] iteration=3842, ncalls=82125, regioncalls=6482240, ndraw=40, logz=-12.81, remainder_fraction=11.7231%, Lmin=-5.42, Lmax=-4.86
12:57:15 [ultranest] [DEBUG] iteration=3843, ncalls=82135, regioncalls=6482640, ndraw=40, logz=-12.81, remainder_fraction=11.6948%, Lmin=-5.42, Lmax=-4.86
12:57:15 [ultranest] [DEBUG] iteration=3844, ncalls=82146, regioncalls=6483080, ndraw=40, logz=-12.81, remainder_fraction=11.6686%, Lmin=-5.42, Lmax=-4.86
12:57:15 [ultranest] [DEBUG] iteration=3845, ncalls=82157, regioncalls=6483520, ndraw=40, logz=-12.81, remainder_fraction=11.6412%, Lmin=-5.42, Lmax=-4.86
12:57:16 [ultranest] [DEBUG] iteration=3846, ncalls=82164, regioncalls=6483800, ndraw=40, logz=-12.81, remainder_fraction=11.6198%, Lmin=-5.42, Lmax=-4.86
12:57:16 [ultranest] [DEBUG] iteration=3847, ncalls=82175, regioncalls=6484240, ndraw=40, logz=-12.81, remainder_fraction=11.5936%, Lmin=-5.42, Lmax=-4.86
12:57:16 [ultranest] [DEBUG] iteration=3849, ncalls=82178, regioncalls=6484360, ndraw=40, logz=-12.81, remainder_fraction=11.5377%, Lmin=-5.42, Lmax=-4.86
12:57:16 [ultranest] [DEBUG] iteration=3851, ncalls=82182, regioncalls=6484520, ndraw=40, logz=-12.81, remainder_fraction=11.4947%, Lmin=-5.42, Lmax=-4.86
12:57:17 [ultranest] [DEBUG] iteration=3852, ncalls=82191, regioncalls=6484880, ndraw=40, logz=-12.81, remainder_fraction=11.4691%, Lmin=-5.42, Lmax=-4.86
12:57:17 [ultranest] [DEBUG] iteration=3853, ncalls=82196, regioncalls=6485080, ndraw=40, logz=-12.81, remainder_fraction=11.4447%, Lmin=-5.42, Lmax=-4.86
12:57:18 [ultranest] [DEBUG] iteration=3854, ncalls=82232, regioncalls=6486520, ndraw=40, logz=-12.81, remainder_fraction=11.4212%, Lmin=-5.42, Lmax=-4.86
12:57:19 [ultranest] [DEBUG] iteration=3855, ncalls=82253, regioncalls=6487360, ndraw=40, logz=-12.81, remainder_fraction=11.3959%, Lmin=-5.42, Lmax=-4.86
12:57:19 [ultranest] [DEBUG] iteration=3857, ncalls=82269, regioncalls=6488160, ndraw=40, logz=-12.81, remainder_fraction=11.3518%, Lmin=-5.41, Lmax=-4.86
12:57:19 [ultranest] [DEBUG] iteration=3859, ncalls=82278, regioncalls=6488520, ndraw=40, logz=-12.81, remainder_fraction=11.3019%, Lmin=-5.41, Lmax=-4.86
12:57:20 [ultranest] [DEBUG] iteration=3860, ncalls=82304, regioncalls=6489560, ndraw=40, logz=-12.81, remainder_fraction=11.2758%, Lmin=-5.41, Lmax=-4.86
12:57:21 [ultranest] [DEBUG] iteration=3861, ncalls=82321, regioncalls=6490240, ndraw=40, logz=-12.81, remainder_fraction=11.2496%, Lmin=-5.41, Lmax=-4.86
12:57:21 [ultranest] [DEBUG] iteration=3862, ncalls=82326, regioncalls=6490440, ndraw=40, logz=-12.80, remainder_fraction=11.2238%, Lmin=-5.41, Lmax=-4.86
12:57:21 [ultranest] [DEBUG] iteration=3864, ncalls=82340, regioncalls=6491000, ndraw=40, logz=-12.80, remainder_fraction=11.1887%, Lmin=-5.41, Lmax=-4.86
12:57:22 [ultranest] [DEBUG] iteration=3866, ncalls=82351, regioncalls=6491440, ndraw=40, logz=-12.80, remainder_fraction=11.1374%, Lmin=-5.41, Lmax=-4.86
12:57:22 [ultranest] [DEBUG] iteration=3867, ncalls=82361, regioncalls=6491840, ndraw=40, logz=-12.80, remainder_fraction=11.1110%, Lmin=-5.41, Lmax=-4.86
12:57:23 [ultranest] [DEBUG] iteration=3869, ncalls=82387, regioncalls=6492880, ndraw=40, logz=-12.80, remainder_fraction=11.0704%, Lmin=-5.41, Lmax=-4.86
12:57:24 [ultranest] [DEBUG] iteration=3870, ncalls=82401, regioncalls=6493440, ndraw=40, logz=-12.80, remainder_fraction=11.0460%, Lmin=-5.41, Lmax=-4.86
12:57:24 [ultranest] [DEBUG] iteration=3871, ncalls=82412, regioncalls=6493880, ndraw=40, logz=-12.80, remainder_fraction=11.0197%, Lmin=-5.41, Lmax=-4.86
12:57:25 [ultranest] [DEBUG] iteration=3872, ncalls=82436, regioncalls=6494840, ndraw=40, logz=-12.80, remainder_fraction=10.9970%, Lmin=-5.41, Lmax=-4.86
12:57:25 [ultranest] [DEBUG] iteration=3873, ncalls=82439, regioncalls=6494960, ndraw=40, logz=-12.80, remainder_fraction=10.9798%, Lmin=-5.41, Lmax=-4.86
12:57:25 [ultranest] [DEBUG] iteration=3875, ncalls=82444, regioncalls=6495160, ndraw=40, logz=-12.80, remainder_fraction=10.9293%, Lmin=-5.41, Lmax=-4.86
12:57:25 [ultranest] [DEBUG] iteration=3876, ncalls=82445, regioncalls=6495200, ndraw=40, logz=-12.80, remainder_fraction=10.9068%, Lmin=-5.41, Lmax=-4.86
12:57:26 [ultranest] [DEBUG] iteration=3877, ncalls=82475, regioncalls=6496400, ndraw=40, logz=-12.80, remainder_fraction=10.8821%, Lmin=-5.41, Lmax=-4.86
12:57:26 [ultranest] [DEBUG] iteration=3878, ncalls=82478, regioncalls=6496520, ndraw=40, logz=-12.80, remainder_fraction=10.8568%, Lmin=-5.41, Lmax=-4.86
12:57:26 [ultranest] [DEBUG] iteration=3879, ncalls=82481, regioncalls=6496640, ndraw=40, logz=-12.80, remainder_fraction=10.8304%, Lmin=-5.40, Lmax=-4.86
12:57:26 [ultranest] [DEBUG] iteration=3881, ncalls=82488, regioncalls=6496920, ndraw=40, logz=-12.80, remainder_fraction=10.7891%, Lmin=-5.40, Lmax=-4.86
12:57:27 [ultranest] [DEBUG] iteration=3882, ncalls=82492, regioncalls=6497080, ndraw=40, logz=-12.80, remainder_fraction=10.7627%, Lmin=-5.40, Lmax=-4.86
12:57:27 [ultranest] [DEBUG] iteration=3884, ncalls=82506, regioncalls=6497640, ndraw=40, logz=-12.80, remainder_fraction=10.7184%, Lmin=-5.40, Lmax=-4.86
12:57:27 [ultranest] [DEBUG] iteration=3885, ncalls=82513, regioncalls=6497920, ndraw=40, logz=-12.80, remainder_fraction=10.6954%, Lmin=-5.40, Lmax=-4.86
12:57:28 [ultranest] [DEBUG] iteration=3888, ncalls=82526, regioncalls=6498440, ndraw=40, logz=-12.80, remainder_fraction=10.6227%, Lmin=-5.40, Lmax=-4.86
12:57:28 [ultranest] [DEBUG] iteration=3889, ncalls=82538, regioncalls=6498920, ndraw=40, logz=-12.80, remainder_fraction=10.5998%, Lmin=-5.40, Lmax=-4.86
12:57:28 [ultranest] [DEBUG] iteration=3890, ncalls=82545, regioncalls=6499200, ndraw=40, logz=-12.80, remainder_fraction=10.5864%, Lmin=-5.40, Lmax=-4.86
12:57:29 [ultranest] [DEBUG] iteration=3891, ncalls=82552, regioncalls=6499480, ndraw=40, logz=-12.80, remainder_fraction=10.5631%, Lmin=-5.40, Lmax=-4.86
12:57:29 [ultranest] [DEBUG] iteration=3892, ncalls=82560, regioncalls=6499800, ndraw=40, logz=-12.80, remainder_fraction=10.5410%, Lmin=-5.40, Lmax=-4.86
12:57:29 [ultranest] [DEBUG] iteration=3894, ncalls=82567, regioncalls=6500080, ndraw=40, logz=-12.80, remainder_fraction=10.4942%, Lmin=-5.40, Lmax=-4.86
12:57:30 [ultranest] [DEBUG] iteration=3895, ncalls=82584, regioncalls=6500760, ndraw=40, logz=-12.80, remainder_fraction=10.4715%, Lmin=-5.39, Lmax=-4.86
12:57:30 [ultranest] [DEBUG] iteration=3897, ncalls=82599, regioncalls=6501360, ndraw=40, logz=-12.80, remainder_fraction=10.4241%, Lmin=-5.39, Lmax=-4.86
12:57:31 [ultranest] [DEBUG] iteration=3898, ncalls=82618, regioncalls=6502120, ndraw=40, logz=-12.80, remainder_fraction=10.3985%, Lmin=-5.39, Lmax=-4.86
12:57:31 [ultranest] [DEBUG] iteration=3899, ncalls=82624, regioncalls=6502360, ndraw=40, logz=-12.80, remainder_fraction=10.3764%, Lmin=-5.39, Lmax=-4.86
12:57:31 [ultranest] [DEBUG] iteration=3901, ncalls=82628, regioncalls=6502520, ndraw=40, logz=-12.79, remainder_fraction=10.3331%, Lmin=-5.39, Lmax=-4.86
12:57:31 [ultranest] [DEBUG] iteration=3902, ncalls=82632, regioncalls=6502680, ndraw=40, logz=-12.79, remainder_fraction=10.3094%, Lmin=-5.39, Lmax=-4.86
12:57:31 [ultranest] [DEBUG] iteration=3903, ncalls=82636, regioncalls=6502840, ndraw=40, logz=-12.79, remainder_fraction=10.2867%, Lmin=-5.39, Lmax=-4.86
12:57:31 [ultranest] [DEBUG] iteration=3904, ncalls=82640, regioncalls=6503000, ndraw=40, logz=-12.79, remainder_fraction=10.2616%, Lmin=-5.39, Lmax=-4.86
12:57:32 [ultranest] [DEBUG] iteration=3905, ncalls=82652, regioncalls=6503480, ndraw=40, logz=-12.79, remainder_fraction=10.2391%, Lmin=-5.39, Lmax=-4.86
12:57:32 [ultranest] [DEBUG] iteration=3906, ncalls=82667, regioncalls=6504080, ndraw=40, logz=-12.79, remainder_fraction=10.2205%, Lmin=-5.39, Lmax=-4.86
12:57:33 [ultranest] [DEBUG] iteration=3907, ncalls=82678, regioncalls=6504520, ndraw=40, logz=-12.79, remainder_fraction=10.1991%, Lmin=-5.39, Lmax=-4.86
12:57:33 [ultranest] [DEBUG] iteration=3908, ncalls=82687, regioncalls=6504880, ndraw=40, logz=-12.79, remainder_fraction=10.1781%, Lmin=-5.39, Lmax=-4.86
12:57:33 [ultranest] [DEBUG] iteration=3909, ncalls=82693, regioncalls=6505120, ndraw=40, logz=-12.79, remainder_fraction=10.1578%, Lmin=-5.39, Lmax=-4.86
12:57:33 [ultranest] [DEBUG] iteration=3911, ncalls=82700, regioncalls=6505400, ndraw=40, logz=-12.79, remainder_fraction=10.1167%, Lmin=-5.39, Lmax=-4.86
12:57:34 [ultranest] [DEBUG] iteration=3912, ncalls=82706, regioncalls=6505640, ndraw=40, logz=-12.79, remainder_fraction=10.0931%, Lmin=-5.39, Lmax=-4.86
12:57:34 [ultranest] [DEBUG] iteration=3914, ncalls=82710, regioncalls=6505800, ndraw=40, logz=-12.79, remainder_fraction=10.0506%, Lmin=-5.39, Lmax=-4.86
12:57:34 [ultranest] [DEBUG] iteration=3916, ncalls=82730, regioncalls=6506600, ndraw=40, logz=-12.79, remainder_fraction=10.0045%, Lmin=-5.39, Lmax=-4.86
12:57:35 [ultranest] [DEBUG] iteration=3917, ncalls=82740, regioncalls=6507000, ndraw=40, logz=-12.79, remainder_fraction=9.9837%, Lmin=-5.38, Lmax=-4.86
12:57:35 [ultranest] [DEBUG] iteration=3918, ncalls=82750, regioncalls=6507400, ndraw=40, logz=-12.79, remainder_fraction=9.9637%, Lmin=-5.38, Lmax=-4.86
12:57:35 [ultranest] [DEBUG] iteration=3919, ncalls=82757, regioncalls=6507800, ndraw=40, logz=-12.79, remainder_fraction=9.9401%, Lmin=-5.38, Lmax=-4.86
12:57:35 [ultranest] [DEBUG] iteration=3920, ncalls=82761, regioncalls=6507960, ndraw=40, logz=-12.79, remainder_fraction=9.9209%, Lmin=-5.38, Lmax=-4.86
12:57:36 [ultranest] [DEBUG] iteration=3921, ncalls=82771, regioncalls=6508360, ndraw=40, logz=-12.79, remainder_fraction=9.8983%, Lmin=-5.38, Lmax=-4.86
12:57:36 [ultranest] [DEBUG] iteration=3922, ncalls=82778, regioncalls=6508640, ndraw=40, logz=-12.79, remainder_fraction=9.8780%, Lmin=-5.38, Lmax=-4.86
12:57:36 [ultranest] [DEBUG] iteration=3923, ncalls=82791, regioncalls=6509160, ndraw=40, logz=-12.79, remainder_fraction=9.8579%, Lmin=-5.38, Lmax=-4.86
12:57:37 [ultranest] [DEBUG] iteration=3924, ncalls=82806, regioncalls=6509760, ndraw=40, logz=-12.79, remainder_fraction=9.8411%, Lmin=-5.38, Lmax=-4.86
12:57:38 [ultranest] [DEBUG] iteration=3925, ncalls=82850, regioncalls=6511520, ndraw=40, logz=-12.79, remainder_fraction=9.8182%, Lmin=-5.38, Lmax=-4.86
12:57:39 [ultranest] [DEBUG] iteration=3926, ncalls=82876, regioncalls=6512560, ndraw=40, logz=-12.79, remainder_fraction=9.8043%, Lmin=-5.38, Lmax=-4.86
12:57:39 [ultranest] [DEBUG] iteration=3927, ncalls=82881, regioncalls=6512760, ndraw=40, logz=-12.79, remainder_fraction=9.7850%, Lmin=-5.38, Lmax=-4.86
12:57:40 [ultranest] [DEBUG] iteration=3928, ncalls=82907, regioncalls=6513800, ndraw=40, logz=-12.79, remainder_fraction=9.7670%, Lmin=-5.38, Lmax=-4.86
12:57:40 [ultranest] [DEBUG] iteration=3929, ncalls=82914, regioncalls=6514080, ndraw=40, logz=-12.79, remainder_fraction=9.7441%, Lmin=-5.38, Lmax=-4.86
12:57:41 [ultranest] [DEBUG] iteration=3930, ncalls=82921, regioncalls=6514360, ndraw=40, logz=-12.79, remainder_fraction=9.7222%, Lmin=-5.38, Lmax=-4.86
12:57:41 [ultranest] [DEBUG] iteration=3931, ncalls=82942, regioncalls=6515200, ndraw=40, logz=-12.79, remainder_fraction=9.7033%, Lmin=-5.38, Lmax=-4.86
12:57:42 [ultranest] [DEBUG] iteration=3932, ncalls=82947, regioncalls=6515400, ndraw=40, logz=-12.79, remainder_fraction=9.6844%, Lmin=-5.38, Lmax=-4.86
12:57:42 [ultranest] [DEBUG] iteration=3933, ncalls=82956, regioncalls=6515760, ndraw=40, logz=-12.79, remainder_fraction=9.6615%, Lmin=-5.38, Lmax=-4.86
12:57:42 [ultranest] [DEBUG] iteration=3934, ncalls=82974, regioncalls=6516480, ndraw=40, logz=-12.79, remainder_fraction=9.6401%, Lmin=-5.37, Lmax=-4.86
12:57:43 [ultranest] [DEBUG] iteration=3935, ncalls=82984, regioncalls=6516880, ndraw=40, logz=-12.79, remainder_fraction=9.6173%, Lmin=-5.37, Lmax=-4.86
12:57:43 [ultranest] [DEBUG] iteration=3937, ncalls=82992, regioncalls=6517200, ndraw=40, logz=-12.79, remainder_fraction=9.5765%, Lmin=-5.37, Lmax=-4.86
12:57:43 [ultranest] [DEBUG] iteration=3938, ncalls=82997, regioncalls=6517400, ndraw=40, logz=-12.79, remainder_fraction=9.5590%, Lmin=-5.37, Lmax=-4.86
12:57:44 [ultranest] [DEBUG] iteration=3939, ncalls=83027, regioncalls=6518600, ndraw=40, logz=-12.79, remainder_fraction=9.5360%, Lmin=-5.37, Lmax=-4.86
12:57:44 [ultranest] [DEBUG] iteration=3940, ncalls=83032, regioncalls=6518800, ndraw=40, logz=-12.79, remainder_fraction=9.5154%, Lmin=-5.37, Lmax=-4.86
12:57:45 [ultranest] [DEBUG] iteration=3941, ncalls=83051, regioncalls=6519560, ndraw=40, logz=-12.79, remainder_fraction=9.4938%, Lmin=-5.37, Lmax=-4.86
12:57:46 [ultranest] [DEBUG] iteration=3942, ncalls=83079, regioncalls=6520680, ndraw=40, logz=-12.79, remainder_fraction=9.4761%, Lmin=-5.37, Lmax=-4.86
12:57:46 [ultranest] [DEBUG] iteration=3943, ncalls=83092, regioncalls=6521200, ndraw=40, logz=-12.78, remainder_fraction=9.4579%, Lmin=-5.37, Lmax=-4.86
12:57:47 [ultranest] [DEBUG] iteration=3944, ncalls=83106, regioncalls=6521880, ndraw=40, logz=-12.78, remainder_fraction=9.4361%, Lmin=-5.37, Lmax=-4.86
12:57:47 [ultranest] [DEBUG] iteration=3946, ncalls=83113, regioncalls=6522160, ndraw=40, logz=-12.78, remainder_fraction=9.3925%, Lmin=-5.37, Lmax=-4.86
12:57:47 [ultranest] [DEBUG] iteration=3947, ncalls=83118, regioncalls=6522360, ndraw=40, logz=-12.78, remainder_fraction=9.3758%, Lmin=-5.37, Lmax=-4.86
12:57:47 [ultranest] [DEBUG] iteration=3948, ncalls=83123, regioncalls=6522560, ndraw=40, logz=-12.78, remainder_fraction=9.3562%, Lmin=-5.37, Lmax=-4.86
12:57:48 [ultranest] [DEBUG] iteration=3949, ncalls=83129, regioncalls=6522800, ndraw=40, logz=-12.78, remainder_fraction=9.3344%, Lmin=-5.37, Lmax=-4.86
12:57:49 [ultranest] [DEBUG] iteration=3950, ncalls=83160, regioncalls=6524040, ndraw=40, logz=-12.78, remainder_fraction=9.3118%, Lmin=-5.37, Lmax=-4.86
12:57:50 [ultranest] [DEBUG] iteration=3951, ncalls=83203, regioncalls=6525760, ndraw=40, logz=-12.78, remainder_fraction=9.2913%, Lmin=-5.37, Lmax=-4.86
12:57:51 [ultranest] [DEBUG] iteration=3952, ncalls=83229, regioncalls=6526800, ndraw=40, logz=-12.78, remainder_fraction=9.2692%, Lmin=-5.37, Lmax=-4.86
12:57:52 [ultranest] [DEBUG] iteration=3953, ncalls=83255, regioncalls=6527840, ndraw=40, logz=-12.78, remainder_fraction=9.2486%, Lmin=-5.37, Lmax=-4.86
12:57:53 [ultranest] [DEBUG] iteration=3954, ncalls=83280, regioncalls=6528840, ndraw=40, logz=-12.78, remainder_fraction=9.2276%, Lmin=-5.37, Lmax=-4.86
12:57:54 [ultranest] [DEBUG] iteration=3955, ncalls=83336, regioncalls=6531080, ndraw=40, logz=-12.78, remainder_fraction=9.2049%, Lmin=-5.37, Lmax=-4.86
12:57:55 [ultranest] [DEBUG] iteration=3956, ncalls=83365, regioncalls=6532240, ndraw=40, logz=-12.78, remainder_fraction=9.1845%, Lmin=-5.37, Lmax=-4.86
12:57:55 [ultranest] [DEBUG] iteration=3957, ncalls=83369, regioncalls=6532400, ndraw=40, logz=-12.78, remainder_fraction=9.1628%, Lmin=-5.37, Lmax=-4.86
12:57:56 [ultranest] [DEBUG] iteration=3958, ncalls=83381, regioncalls=6532880, ndraw=40, logz=-12.78, remainder_fraction=9.1438%, Lmin=-5.37, Lmax=-4.86
12:57:56 [ultranest] [DEBUG] iteration=3959, ncalls=83386, regioncalls=6533080, ndraw=40, logz=-12.78, remainder_fraction=9.1251%, Lmin=-5.36, Lmax=-4.86
12:57:57 [ultranest] [DEBUG] iteration=3960, ncalls=83411, regioncalls=6534080, ndraw=40, logz=-12.78, remainder_fraction=9.1027%, Lmin=-5.36, Lmax=-4.86
12:57:57 [ultranest] [DEBUG] iteration=3962, ncalls=83414, regioncalls=6534200, ndraw=40, logz=-12.78, remainder_fraction=9.0665%, Lmin=-5.36, Lmax=-4.86
12:57:57 [ultranest] [DEBUG] iteration=3964, ncalls=83427, regioncalls=6534720, ndraw=40, logz=-12.78, remainder_fraction=9.0309%, Lmin=-5.36, Lmax=-4.86
12:57:58 [ultranest] [DEBUG] iteration=3966, ncalls=83435, regioncalls=6535040, ndraw=40, logz=-12.78, remainder_fraction=8.9903%, Lmin=-5.36, Lmax=-4.86
12:57:58 [ultranest] [DEBUG] iteration=3967, ncalls=83439, regioncalls=6535200, ndraw=40, logz=-12.78, remainder_fraction=8.9706%, Lmin=-5.36, Lmax=-4.86
12:57:58 [ultranest] [DEBUG] iteration=3968, ncalls=83453, regioncalls=6535760, ndraw=40, logz=-12.78, remainder_fraction=8.9520%, Lmin=-5.36, Lmax=-4.86
12:57:59 [ultranest] [DEBUG] iteration=3969, ncalls=83472, regioncalls=6536520, ndraw=40, logz=-12.78, remainder_fraction=8.9362%, Lmin=-5.36, Lmax=-4.86
12:57:59 [ultranest] [DEBUG] iteration=3971, ncalls=83479, regioncalls=6536800, ndraw=40, logz=-12.78, remainder_fraction=8.8936%, Lmin=-5.36, Lmax=-4.86
12:57:59 [ultranest] [DEBUG] iteration=3972, ncalls=83483, regioncalls=6536960, ndraw=40, logz=-12.78, remainder_fraction=8.8718%, Lmin=-5.36, Lmax=-4.86
12:58:00 [ultranest] [DEBUG] iteration=3973, ncalls=83500, regioncalls=6537640, ndraw=40, logz=-12.78, remainder_fraction=8.8504%, Lmin=-5.36, Lmax=-4.86
12:58:00 [ultranest] [DEBUG] iteration=3975, ncalls=83508, regioncalls=6537960, ndraw=40, logz=-12.78, remainder_fraction=8.8129%, Lmin=-5.36, Lmax=-4.86
12:58:01 [ultranest] [DEBUG] iteration=3976, ncalls=83527, regioncalls=6538720, ndraw=40, logz=-12.78, remainder_fraction=8.7955%, Lmin=-5.36, Lmax=-4.86
12:58:01 [ultranest] [DEBUG] iteration=3977, ncalls=83543, regioncalls=6539360, ndraw=40, logz=-12.78, remainder_fraction=8.7756%, Lmin=-5.36, Lmax=-4.86
12:58:02 [ultranest] [DEBUG] iteration=3978, ncalls=83550, regioncalls=6539640, ndraw=40, logz=-12.78, remainder_fraction=8.7541%, Lmin=-5.36, Lmax=-4.86
12:58:02 [ultranest] [DEBUG] iteration=3979, ncalls=83558, regioncalls=6539960, ndraw=40, logz=-12.78, remainder_fraction=8.7370%, Lmin=-5.35, Lmax=-4.86
12:58:02 [ultranest] [DEBUG] iteration=3980, ncalls=83560, regioncalls=6540320, ndraw=40, logz=-12.78, remainder_fraction=8.7233%, Lmin=-5.35, Lmax=-4.86
12:58:03 [ultranest] [DEBUG] iteration=3981, ncalls=83594, regioncalls=6541760, ndraw=40, logz=-12.78, remainder_fraction=8.7022%, Lmin=-5.35, Lmax=-4.86
12:58:03 [ultranest] [DEBUG] iteration=3982, ncalls=83600, regioncalls=6542000, ndraw=40, logz=-12.78, remainder_fraction=8.6886%, Lmin=-5.35, Lmax=-4.86
12:58:04 [ultranest] [DEBUG] iteration=3983, ncalls=83614, regioncalls=6542560, ndraw=40, logz=-12.78, remainder_fraction=8.6696%, Lmin=-5.35, Lmax=-4.86
12:58:04 [ultranest] [DEBUG] iteration=3984, ncalls=83618, regioncalls=6542720, ndraw=40, logz=-12.78, remainder_fraction=8.6492%, Lmin=-5.35, Lmax=-4.86
12:58:04 [ultranest] [DEBUG] iteration=3985, ncalls=83636, regioncalls=6543440, ndraw=40, logz=-12.78, remainder_fraction=8.6286%, Lmin=-5.35, Lmax=-4.86
12:58:05 [ultranest] [DEBUG] iteration=3987, ncalls=83651, regioncalls=6544040, ndraw=40, logz=-12.78, remainder_fraction=8.5939%, Lmin=-5.35, Lmax=-4.86
12:58:05 [ultranest] [DEBUG] iteration=3988, ncalls=83659, regioncalls=6544360, ndraw=40, logz=-12.78, remainder_fraction=8.5755%, Lmin=-5.35, Lmax=-4.86
12:58:06 [ultranest] [DEBUG] iteration=3990, ncalls=83680, regioncalls=6545200, ndraw=40, logz=-12.77, remainder_fraction=8.5363%, Lmin=-5.35, Lmax=-4.86
12:58:06 [ultranest] [DEBUG] iteration=3991, ncalls=83684, regioncalls=6545360, ndraw=40, logz=-12.77, remainder_fraction=8.5212%, Lmin=-5.35, Lmax=-4.86
12:58:06 [ultranest] [DEBUG] iteration=3992, ncalls=83690, regioncalls=6545600, ndraw=40, logz=-12.77, remainder_fraction=8.5002%, Lmin=-5.35, Lmax=-4.86
12:58:06 [ultranest] [DEBUG] iteration=3994, ncalls=83694, regioncalls=6545760, ndraw=40, logz=-12.77, remainder_fraction=8.4692%, Lmin=-5.35, Lmax=-4.86
12:58:07 [ultranest] [DEBUG] iteration=3996, ncalls=83713, regioncalls=6546520, ndraw=40, logz=-12.77, remainder_fraction=8.4347%, Lmin=-5.35, Lmax=-4.86
12:58:08 [ultranest] [DEBUG] iteration=3998, ncalls=83734, regioncalls=6547360, ndraw=40, logz=-12.77, remainder_fraction=8.3956%, Lmin=-5.35, Lmax=-4.86
12:58:09 [ultranest] [DEBUG] iteration=3999, ncalls=83760, regioncalls=6548400, ndraw=40, logz=-12.77, remainder_fraction=8.3764%, Lmin=-5.35, Lmax=-4.86
12:58:09 [ultranest] [DEBUG] iteration=4001, ncalls=83779, regioncalls=6549160, ndraw=40, logz=-12.77, remainder_fraction=8.3417%, Lmin=-5.34, Lmax=-4.86
12:58:10 [ultranest] [DEBUG] iteration=4002, ncalls=83787, regioncalls=6549480, ndraw=40, logz=-12.77, remainder_fraction=8.3234%, Lmin=-5.34, Lmax=-4.86
12:58:10 [ultranest] [DEBUG] iteration=4003, ncalls=83799, regioncalls=6549960, ndraw=40, logz=-12.77, remainder_fraction=8.3046%, Lmin=-5.34, Lmax=-4.86
12:58:10 [ultranest] [DEBUG] iteration=4004, ncalls=83805, regioncalls=6550200, ndraw=40, logz=-12.77, remainder_fraction=8.2852%, Lmin=-5.34, Lmax=-4.86
12:58:11 [ultranest] [DEBUG] iteration=4006, ncalls=83830, regioncalls=6551200, ndraw=40, logz=-12.77, remainder_fraction=8.2485%, Lmin=-5.34, Lmax=-4.86
12:58:11 [ultranest] [DEBUG] iteration=4008, ncalls=83838, regioncalls=6551520, ndraw=40, logz=-12.77, remainder_fraction=8.2115%, Lmin=-5.34, Lmax=-4.86
12:58:12 [ultranest] [DEBUG] iteration=4010, ncalls=83849, regioncalls=6551960, ndraw=40, logz=-12.77, remainder_fraction=8.1776%, Lmin=-5.34, Lmax=-4.86
12:58:12 [ultranest] [DEBUG] iteration=4011, ncalls=83866, regioncalls=6552640, ndraw=40, logz=-12.77, remainder_fraction=8.1580%, Lmin=-5.34, Lmax=-4.86
12:58:13 [ultranest] [DEBUG] iteration=4012, ncalls=83886, regioncalls=6553440, ndraw=40, logz=-12.77, remainder_fraction=8.1389%, Lmin=-5.34, Lmax=-4.86
12:58:13 [ultranest] [DEBUG] iteration=4013, ncalls=83895, regioncalls=6553800, ndraw=40, logz=-12.77, remainder_fraction=8.1196%, Lmin=-5.34, Lmax=-4.86
12:58:13 [ultranest] [DEBUG] iteration=4014, ncalls=83900, regioncalls=6554120, ndraw=40, logz=-12.77, remainder_fraction=8.1015%, Lmin=-5.34, Lmax=-4.86
12:58:13 [ultranest] [DEBUG] iteration=4015, ncalls=83905, regioncalls=6554320, ndraw=40, logz=-12.77, remainder_fraction=8.0877%, Lmin=-5.34, Lmax=-4.86
12:58:14 [ultranest] [DEBUG] iteration=4016, ncalls=83917, regioncalls=6554800, ndraw=40, logz=-12.77, remainder_fraction=8.0730%, Lmin=-5.34, Lmax=-4.86
12:58:14 [ultranest] [DEBUG] iteration=4017, ncalls=83925, regioncalls=6555120, ndraw=40, logz=-12.77, remainder_fraction=8.0550%, Lmin=-5.34, Lmax=-4.86
12:58:15 [ultranest] [DEBUG] iteration=4019, ncalls=83949, regioncalls=6556080, ndraw=40, logz=-12.77, remainder_fraction=8.0180%, Lmin=-5.33, Lmax=-4.86
12:58:15 [ultranest] [DEBUG] iteration=4020, ncalls=83959, regioncalls=6556480, ndraw=40, logz=-12.77, remainder_fraction=8.0002%, Lmin=-5.33, Lmax=-4.86
12:58:15 [ultranest] [DEBUG] iteration=4021, ncalls=83965, regioncalls=6556720, ndraw=40, logz=-12.77, remainder_fraction=7.9845%, Lmin=-5.33, Lmax=-4.86
12:58:16 [ultranest] [DEBUG] iteration=4023, ncalls=83971, regioncalls=6556960, ndraw=40, logz=-12.77, remainder_fraction=7.9478%, Lmin=-5.33, Lmax=-4.86
12:58:16 [ultranest] [DEBUG] iteration=4024, ncalls=83984, regioncalls=6557480, ndraw=40, logz=-12.77, remainder_fraction=7.9293%, Lmin=-5.33, Lmax=-4.86
12:58:16 [ultranest] [DEBUG] iteration=4025, ncalls=83992, regioncalls=6557800, ndraw=40, logz=-12.77, remainder_fraction=7.9112%, Lmin=-5.33, Lmax=-4.86
12:58:16 [ultranest] [DEBUG] iteration=4026, ncalls=83997, regioncalls=6558000, ndraw=40, logz=-12.77, remainder_fraction=7.8942%, Lmin=-5.33, Lmax=-4.86
12:58:17 [ultranest] [DEBUG] iteration=4027, ncalls=84004, regioncalls=6558280, ndraw=40, logz=-12.77, remainder_fraction=7.8753%, Lmin=-5.33, Lmax=-4.86
12:58:17 [ultranest] [DEBUG] iteration=4028, ncalls=84012, regioncalls=6558600, ndraw=40, logz=-12.77, remainder_fraction=7.8570%, Lmin=-5.33, Lmax=-4.86
12:58:18 [ultranest] [DEBUG] iteration=4029, ncalls=84029, regioncalls=6559280, ndraw=40, logz=-12.77, remainder_fraction=7.8398%, Lmin=-5.33, Lmax=-4.86
12:58:18 [ultranest] [DEBUG] iteration=4031, ncalls=84043, regioncalls=6559840, ndraw=40, logz=-12.77, remainder_fraction=7.8094%, Lmin=-5.33, Lmax=-4.86
12:58:18 [ultranest] [DEBUG] iteration=4032, ncalls=84048, regioncalls=6560040, ndraw=40, logz=-12.77, remainder_fraction=7.7906%, Lmin=-5.33, Lmax=-4.86
12:58:19 [ultranest] [DEBUG] iteration=4033, ncalls=84065, regioncalls=6560880, ndraw=40, logz=-12.77, remainder_fraction=7.7713%, Lmin=-5.33, Lmax=-4.86
12:58:19 [ultranest] [DEBUG] iteration=4034, ncalls=84084, regioncalls=6561640, ndraw=40, logz=-12.77, remainder_fraction=7.7535%, Lmin=-5.33, Lmax=-4.86
12:58:20 [ultranest] [DEBUG] iteration=4036, ncalls=84100, regioncalls=6562280, ndraw=40, logz=-12.77, remainder_fraction=7.7188%, Lmin=-5.32, Lmax=-4.86
12:58:21 [ultranest] [DEBUG] iteration=4038, ncalls=84138, regioncalls=6563800, ndraw=40, logz=-12.77, remainder_fraction=7.6871%, Lmin=-5.32, Lmax=-4.86
12:58:21 [ultranest] [DEBUG] iteration=4039, ncalls=84150, regioncalls=6564280, ndraw=40, logz=-12.77, remainder_fraction=7.6689%, Lmin=-5.32, Lmax=-4.86
12:58:22 [ultranest] [DEBUG] iteration=4041, ncalls=84162, regioncalls=6564760, ndraw=40, logz=-12.77, remainder_fraction=7.6325%, Lmin=-5.32, Lmax=-4.86
12:58:23 [ultranest] [DEBUG] iteration=4042, ncalls=84189, regioncalls=6565840, ndraw=40, logz=-12.77, remainder_fraction=7.6209%, Lmin=-5.32, Lmax=-4.86
12:58:24 [ultranest] [DEBUG] iteration=4043, ncalls=84215, regioncalls=6566880, ndraw=40, logz=-12.76, remainder_fraction=7.6039%, Lmin=-5.32, Lmax=-4.86
12:58:24 [ultranest] [DEBUG] iteration=4044, ncalls=84229, regioncalls=6567440, ndraw=40, logz=-12.76, remainder_fraction=7.5875%, Lmin=-5.32, Lmax=-4.86
12:58:24 [ultranest] [DEBUG] iteration=4045, ncalls=84234, regioncalls=6567640, ndraw=40, logz=-12.76, remainder_fraction=7.5716%, Lmin=-5.32, Lmax=-4.86
12:58:24 [ultranest] [DEBUG] iteration=4047, ncalls=84239, regioncalls=6567840, ndraw=40, logz=-12.76, remainder_fraction=7.5374%, Lmin=-5.32, Lmax=-4.86
12:58:25 [ultranest] [DEBUG] iteration=4050, ncalls=84258, regioncalls=6568600, ndraw=40, logz=-12.76, remainder_fraction=7.4857%, Lmin=-5.32, Lmax=-4.86
12:58:26 [ultranest] [DEBUG] iteration=4051, ncalls=84275, regioncalls=6569280, ndraw=40, logz=-12.76, remainder_fraction=7.4705%, Lmin=-5.32, Lmax=-4.86
12:58:26 [ultranest] [DEBUG] iteration=4053, ncalls=84284, regioncalls=6569640, ndraw=40, logz=-12.76, remainder_fraction=7.4390%, Lmin=-5.32, Lmax=-4.86
12:58:27 [ultranest] [DEBUG] iteration=4054, ncalls=84308, regioncalls=6570600, ndraw=40, logz=-12.76, remainder_fraction=7.4216%, Lmin=-5.32, Lmax=-4.86
12:58:28 [ultranest] [DEBUG] iteration=4055, ncalls=84341, regioncalls=6572040, ndraw=40, logz=-12.76, remainder_fraction=7.4065%, Lmin=-5.32, Lmax=-4.86
12:58:28 [ultranest] [DEBUG] iteration=4058, ncalls=84349, regioncalls=6572360, ndraw=40, logz=-12.76, remainder_fraction=7.3549%, Lmin=-5.32, Lmax=-4.86
12:58:28 [ultranest] [DEBUG] iteration=4059, ncalls=84356, regioncalls=6572640, ndraw=40, logz=-12.76, remainder_fraction=7.3383%, Lmin=-5.31, Lmax=-4.86
12:58:28 [ultranest] [DEBUG] iteration=4060, ncalls=84361, regioncalls=6572840, ndraw=40, logz=-12.76, remainder_fraction=7.3209%, Lmin=-5.31, Lmax=-4.86
12:58:29 [ultranest] [DEBUG] iteration=4061, ncalls=84366, regioncalls=6573040, ndraw=40, logz=-12.76, remainder_fraction=7.3033%, Lmin=-5.31, Lmax=-4.86
12:58:29 [ultranest] [DEBUG] iteration=4063, ncalls=84386, regioncalls=6573840, ndraw=40, logz=-12.76, remainder_fraction=7.2724%, Lmin=-5.31, Lmax=-4.86
12:58:30 [ultranest] [DEBUG] iteration=4064, ncalls=84408, regioncalls=6574720, ndraw=40, logz=-12.76, remainder_fraction=7.2564%, Lmin=-5.31, Lmax=-4.86
12:58:30 [ultranest] [DEBUG] iteration=4065, ncalls=84413, regioncalls=6574920, ndraw=40, logz=-12.76, remainder_fraction=7.2385%, Lmin=-5.31, Lmax=-4.86
12:58:31 [ultranest] [DEBUG] iteration=4067, ncalls=84433, regioncalls=6575720, ndraw=40, logz=-12.76, remainder_fraction=7.2037%, Lmin=-5.31, Lmax=-4.86
12:58:31 [ultranest] [DEBUG] iteration=4068, ncalls=84450, regioncalls=6576400, ndraw=40, logz=-12.76, remainder_fraction=7.1867%, Lmin=-5.31, Lmax=-4.86
12:58:32 [ultranest] [DEBUG] iteration=4069, ncalls=84478, regioncalls=6577520, ndraw=40, logz=-12.76, remainder_fraction=7.1706%, Lmin=-5.31, Lmax=-4.86
12:58:32 [ultranest] [DEBUG] iteration=4070, ncalls=84481, regioncalls=6577680, ndraw=40, logz=-12.76, remainder_fraction=7.1547%, Lmin=-5.31, Lmax=-4.86
12:58:33 [ultranest] [DEBUG] iteration=4071, ncalls=84493, regioncalls=6578160, ndraw=40, logz=-12.76, remainder_fraction=7.1392%, Lmin=-5.31, Lmax=-4.86
12:58:33 [ultranest] [DEBUG] iteration=4072, ncalls=84499, regioncalls=6578400, ndraw=40, logz=-12.76, remainder_fraction=7.1222%, Lmin=-5.31, Lmax=-4.86
12:58:34 [ultranest] [DEBUG] iteration=4073, ncalls=84518, regioncalls=6579160, ndraw=40, logz=-12.76, remainder_fraction=7.1087%, Lmin=-5.31, Lmax=-4.86
12:58:34 [ultranest] [DEBUG] iteration=4076, ncalls=84525, regioncalls=6579440, ndraw=40, logz=-12.76, remainder_fraction=7.0698%, Lmin=-5.30, Lmax=-4.86
12:58:34 [ultranest] [DEBUG] iteration=4077, ncalls=84534, regioncalls=6579800, ndraw=40, logz=-12.76, remainder_fraction=7.0587%, Lmin=-5.30, Lmax=-4.86
12:58:34 [ultranest] [DEBUG] iteration=4078, ncalls=84544, regioncalls=6580200, ndraw=40, logz=-12.76, remainder_fraction=7.0450%, Lmin=-5.30, Lmax=-4.86
12:58:35 [ultranest] [DEBUG] iteration=4079, ncalls=84574, regioncalls=6581400, ndraw=40, logz=-12.76, remainder_fraction=7.0295%, Lmin=-5.30, Lmax=-4.86
12:58:36 [ultranest] [DEBUG] iteration=4080, ncalls=84577, regioncalls=6581520, ndraw=40, logz=-12.76, remainder_fraction=7.0155%, Lmin=-5.30, Lmax=-4.86
12:58:36 [ultranest] [DEBUG] iteration=4082, ncalls=84586, regioncalls=6581880, ndraw=40, logz=-12.76, remainder_fraction=6.9835%, Lmin=-5.30, Lmax=-4.86
12:58:36 [ultranest] [DEBUG] iteration=4083, ncalls=84593, regioncalls=6582160, ndraw=40, logz=-12.76, remainder_fraction=6.9663%, Lmin=-5.30, Lmax=-4.86
12:58:37 [ultranest] [DEBUG] iteration=4084, ncalls=84614, regioncalls=6583000, ndraw=40, logz=-12.76, remainder_fraction=6.9500%, Lmin=-5.30, Lmax=-4.86
12:58:37 [ultranest] [DEBUG] iteration=4085, ncalls=84627, regioncalls=6583520, ndraw=40, logz=-12.76, remainder_fraction=6.9336%, Lmin=-5.30, Lmax=-4.86
12:58:38 [ultranest] [DEBUG] iteration=4086, ncalls=84640, regioncalls=6584040, ndraw=40, logz=-12.76, remainder_fraction=6.9178%, Lmin=-5.30, Lmax=-4.86
12:58:39 [ultranest] [DEBUG] iteration=4088, ncalls=84675, regioncalls=6585440, ndraw=40, logz=-12.76, remainder_fraction=6.8865%, Lmin=-5.30, Lmax=-4.86
12:58:39 [ultranest] [DEBUG] iteration=4090, ncalls=84679, regioncalls=6585600, ndraw=40, logz=-12.76, remainder_fraction=6.8534%, Lmin=-5.30, Lmax=-4.86
12:58:39 [ultranest] [DEBUG] iteration=4091, ncalls=84689, regioncalls=6586000, ndraw=40, logz=-12.76, remainder_fraction=6.8366%, Lmin=-5.30, Lmax=-4.86
12:58:39 [ultranest] [DEBUG] iteration=4092, ncalls=84693, regioncalls=6586160, ndraw=40, logz=-12.76, remainder_fraction=6.8203%, Lmin=-5.30, Lmax=-4.86
12:58:40 [ultranest] [DEBUG] iteration=4093, ncalls=84704, regioncalls=6586600, ndraw=40, logz=-12.76, remainder_fraction=6.8053%, Lmin=-5.30, Lmax=-4.86
12:58:40 [ultranest] [DEBUG] iteration=4095, ncalls=84719, regioncalls=6587200, ndraw=40, logz=-12.76, remainder_fraction=6.7744%, Lmin=-5.30, Lmax=-4.86
12:58:41 [ultranest] [DEBUG] iteration=4096, ncalls=84737, regioncalls=6587920, ndraw=40, logz=-12.76, remainder_fraction=6.7594%, Lmin=-5.30, Lmax=-4.86
12:58:41 [ultranest] [DEBUG] iteration=4097, ncalls=84741, regioncalls=6588080, ndraw=40, logz=-12.76, remainder_fraction=6.7433%, Lmin=-5.30, Lmax=-4.86
12:58:42 [ultranest] [DEBUG] iteration=4100, ncalls=84765, regioncalls=6589040, ndraw=40, logz=-12.76, remainder_fraction=6.7016%, Lmin=-5.30, Lmax=-4.86
12:58:42 [ultranest] [DEBUG] iteration=4101, ncalls=84772, regioncalls=6589320, ndraw=40, logz=-12.76, remainder_fraction=6.6856%, Lmin=-5.30, Lmax=-4.86
12:58:42 [ultranest] [DEBUG] iteration=4103, ncalls=84785, regioncalls=6589840, ndraw=40, logz=-12.75, remainder_fraction=6.6572%, Lmin=-5.29, Lmax=-4.86
12:58:43 [ultranest] [DEBUG] iteration=4105, ncalls=84807, regioncalls=6590720, ndraw=40, logz=-12.75, remainder_fraction=6.6265%, Lmin=-5.29, Lmax=-4.86
12:58:44 [ultranest] [DEBUG] iteration=4106, ncalls=84833, regioncalls=6591760, ndraw=40, logz=-12.75, remainder_fraction=6.6133%, Lmin=-5.29, Lmax=-4.86
12:58:44 [ultranest] [DEBUG] iteration=4109, ncalls=84839, regioncalls=6592000, ndraw=40, logz=-12.75, remainder_fraction=6.5653%, Lmin=-5.29, Lmax=-4.86
12:58:45 [ultranest] [DEBUG] iteration=4110, ncalls=84857, regioncalls=6592720, ndraw=40, logz=-12.75, remainder_fraction=6.5531%, Lmin=-5.29, Lmax=-4.86
12:58:45 [ultranest] [DEBUG] iteration=4111, ncalls=84878, regioncalls=6593560, ndraw=40, logz=-12.75, remainder_fraction=6.5386%, Lmin=-5.29, Lmax=-4.86
12:58:46 [ultranest] [DEBUG] iteration=4112, ncalls=84907, regioncalls=6594800, ndraw=40, logz=-12.75, remainder_fraction=6.5249%, Lmin=-5.29, Lmax=-4.86
12:58:47 [ultranest] [DEBUG] iteration=4113, ncalls=84929, regioncalls=6595680, ndraw=40, logz=-12.75, remainder_fraction=6.5095%, Lmin=-5.29, Lmax=-4.86
12:58:47 [ultranest] [DEBUG] iteration=4114, ncalls=84933, regioncalls=6595840, ndraw=40, logz=-12.75, remainder_fraction=6.4980%, Lmin=-5.29, Lmax=-4.86
12:58:48 [ultranest] [DEBUG] iteration=4115, ncalls=84948, regioncalls=6596440, ndraw=40, logz=-12.75, remainder_fraction=6.4822%, Lmin=-5.29, Lmax=-4.86
12:58:48 [ultranest] [DEBUG] iteration=4116, ncalls=84957, regioncalls=6596800, ndraw=40, logz=-12.75, remainder_fraction=6.4662%, Lmin=-5.29, Lmax=-4.86
12:58:49 [ultranest] [DEBUG] iteration=4117, ncalls=84978, regioncalls=6597640, ndraw=40, logz=-12.75, remainder_fraction=6.4522%, Lmin=-5.29, Lmax=-4.86
12:58:49 [ultranest] [DEBUG] iteration=4119, ncalls=84984, regioncalls=6597880, ndraw=40, logz=-12.75, remainder_fraction=6.4234%, Lmin=-5.29, Lmax=-4.86
12:58:49 [ultranest] [DEBUG] iteration=4120, ncalls=84988, regioncalls=6598040, ndraw=40, logz=-12.75, remainder_fraction=6.4111%, Lmin=-5.29, Lmax=-4.86
12:58:49 [ultranest] [DEBUG] iteration=4121, ncalls=84996, regioncalls=6598360, ndraw=40, logz=-12.75, remainder_fraction=6.3952%, Lmin=-5.29, Lmax=-4.86
12:58:49 [ultranest] [DEBUG] iteration=4122, ncalls=85000, regioncalls=6598520, ndraw=40, logz=-12.75, remainder_fraction=6.3807%, Lmin=-5.29, Lmax=-4.86
12:58:50 [ultranest] [DEBUG] iteration=4124, ncalls=85019, regioncalls=6599280, ndraw=40, logz=-12.75, remainder_fraction=6.3539%, Lmin=-5.29, Lmax=-4.86
12:58:50 [ultranest] [DEBUG] iteration=4125, ncalls=85024, regioncalls=6599480, ndraw=40, logz=-12.75, remainder_fraction=6.3407%, Lmin=-5.29, Lmax=-4.86
12:58:51 [ultranest] [DEBUG] iteration=4126, ncalls=85054, regioncalls=6600680, ndraw=40, logz=-12.75, remainder_fraction=6.3252%, Lmin=-5.28, Lmax=-4.86
12:58:52 [ultranest] [DEBUG] iteration=4127, ncalls=85071, regioncalls=6601360, ndraw=40, logz=-12.75, remainder_fraction=6.3098%, Lmin=-5.28, Lmax=-4.86
12:58:53 [ultranest] [DEBUG] iteration=4129, ncalls=85101, regioncalls=6602560, ndraw=40, logz=-12.75, remainder_fraction=6.2806%, Lmin=-5.28, Lmax=-4.86
12:58:53 [ultranest] [DEBUG] iteration=4130, ncalls=85106, regioncalls=6602760, ndraw=40, logz=-12.75, remainder_fraction=6.2698%, Lmin=-5.28, Lmax=-4.86
12:58:53 [ultranest] [DEBUG] iteration=4131, ncalls=85116, regioncalls=6603160, ndraw=40, logz=-12.75, remainder_fraction=6.2554%, Lmin=-5.28, Lmax=-4.86
12:58:54 [ultranest] [DEBUG] iteration=4133, ncalls=85129, regioncalls=6603680, ndraw=40, logz=-12.75, remainder_fraction=6.2284%, Lmin=-5.28, Lmax=-4.86
12:58:54 [ultranest] [DEBUG] iteration=4135, ncalls=85134, regioncalls=6603880, ndraw=40, logz=-12.75, remainder_fraction=6.1989%, Lmin=-5.28, Lmax=-4.86
12:58:54 [ultranest] [DEBUG] iteration=4136, ncalls=85151, regioncalls=6604560, ndraw=40, logz=-12.75, remainder_fraction=6.1837%, Lmin=-5.28, Lmax=-4.86
12:58:55 [ultranest] [DEBUG] iteration=4137, ncalls=85161, regioncalls=6604960, ndraw=40, logz=-12.75, remainder_fraction=6.1704%, Lmin=-5.28, Lmax=-4.86
12:58:55 [ultranest] [DEBUG] iteration=4139, ncalls=85182, regioncalls=6605800, ndraw=40, logz=-12.75, remainder_fraction=6.1409%, Lmin=-5.28, Lmax=-4.86
12:58:56 [ultranest] [DEBUG] iteration=4140, ncalls=85210, regioncalls=6606920, ndraw=40, logz=-12.75, remainder_fraction=6.1307%, Lmin=-5.28, Lmax=-4.86
12:58:57 [ultranest] [DEBUG] iteration=4141, ncalls=85231, regioncalls=6607760, ndraw=40, logz=-12.75, remainder_fraction=6.1162%, Lmin=-5.28, Lmax=-4.86
12:58:57 [ultranest] [DEBUG] iteration=4142, ncalls=85246, regioncalls=6608480, ndraw=40, logz=-12.75, remainder_fraction=6.1035%, Lmin=-5.28, Lmax=-4.86
12:58:58 [ultranest] [DEBUG] iteration=4144, ncalls=85272, regioncalls=6609520, ndraw=40, logz=-12.75, remainder_fraction=6.0785%, Lmin=-5.28, Lmax=-4.86
12:58:59 [ultranest] [DEBUG] iteration=4145, ncalls=85290, regioncalls=6610240, ndraw=40, logz=-12.75, remainder_fraction=6.0639%, Lmin=-5.28, Lmax=-4.86
12:58:59 [ultranest] [DEBUG] iteration=4146, ncalls=85296, regioncalls=6610480, ndraw=40, logz=-12.75, remainder_fraction=6.0501%, Lmin=-5.28, Lmax=-4.86
12:58:59 [ultranest] [DEBUG] iteration=4147, ncalls=85305, regioncalls=6610840, ndraw=40, logz=-12.75, remainder_fraction=6.0366%, Lmin=-5.28, Lmax=-4.86
12:59:00 [ultranest] [DEBUG] iteration=4148, ncalls=85309, regioncalls=6611000, ndraw=40, logz=-12.75, remainder_fraction=6.0231%, Lmin=-5.28, Lmax=-4.86
12:59:00 [ultranest] [DEBUG] iteration=4149, ncalls=85314, regioncalls=6611200, ndraw=40, logz=-12.75, remainder_fraction=6.0116%, Lmin=-5.28, Lmax=-4.86
12:59:00 [ultranest] [DEBUG] iteration=4150, ncalls=85321, regioncalls=6611480, ndraw=40, logz=-12.75, remainder_fraction=6.0004%, Lmin=-5.27, Lmax=-4.86
12:59:00 [ultranest] [DEBUG] iteration=4151, ncalls=85337, regioncalls=6612120, ndraw=40, logz=-12.75, remainder_fraction=5.9866%, Lmin=-5.27, Lmax=-4.86
12:59:01 [ultranest] [DEBUG] iteration=4152, ncalls=85352, regioncalls=6612720, ndraw=40, logz=-12.75, remainder_fraction=5.9733%, Lmin=-5.27, Lmax=-4.86
12:59:01 [ultranest] [DEBUG] iteration=4154, ncalls=85365, regioncalls=6613240, ndraw=40, logz=-12.75, remainder_fraction=5.9495%, Lmin=-5.27, Lmax=-4.86
12:59:02 [ultranest] [DEBUG] iteration=4155, ncalls=85368, regioncalls=6613360, ndraw=40, logz=-12.75, remainder_fraction=5.9362%, Lmin=-5.27, Lmax=-4.86
12:59:03 [ultranest] [DEBUG] iteration=4156, ncalls=85402, regioncalls=6614840, ndraw=40, logz=-12.75, remainder_fraction=5.9246%, Lmin=-5.27, Lmax=-4.86
12:59:03 [ultranest] [DEBUG] iteration=4158, ncalls=85418, regioncalls=6615480, ndraw=40, logz=-12.75, remainder_fraction=5.8997%, Lmin=-5.27, Lmax=-4.86
12:59:03 [ultranest] [DEBUG] iteration=4159, ncalls=85425, regioncalls=6615760, ndraw=40, logz=-12.75, remainder_fraction=5.8871%, Lmin=-5.27, Lmax=-4.86
12:59:04 [ultranest] [DEBUG] iteration=4160, ncalls=85434, regioncalls=6616240, ndraw=40, logz=-12.75, remainder_fraction=5.8729%, Lmin=-5.27, Lmax=-4.86
12:59:04 [ultranest] [DEBUG] iteration=4162, ncalls=85441, regioncalls=6616520, ndraw=40, logz=-12.75, remainder_fraction=5.8438%, Lmin=-5.27, Lmax=-4.86
12:59:04 [ultranest] [DEBUG] iteration=4163, ncalls=85446, regioncalls=6616720, ndraw=40, logz=-12.75, remainder_fraction=5.8310%, Lmin=-5.27, Lmax=-4.86
12:59:05 [ultranest] [DEBUG] iteration=4165, ncalls=85461, regioncalls=6617320, ndraw=40, logz=-12.75, remainder_fraction=5.8083%, Lmin=-5.27, Lmax=-4.86
12:59:05 [ultranest] [DEBUG] iteration=4167, ncalls=85477, regioncalls=6617960, ndraw=40, logz=-12.75, remainder_fraction=5.7803%, Lmin=-5.27, Lmax=-4.86
12:59:06 [ultranest] [DEBUG] iteration=4168, ncalls=85485, regioncalls=6618280, ndraw=40, logz=-12.75, remainder_fraction=5.7693%, Lmin=-5.27, Lmax=-4.86
12:59:06 [ultranest] [DEBUG] iteration=4169, ncalls=85495, regioncalls=6618680, ndraw=40, logz=-12.75, remainder_fraction=5.7561%, Lmin=-5.27, Lmax=-4.86
12:59:07 [ultranest] [DEBUG] iteration=4171, ncalls=85520, regioncalls=6619680, ndraw=40, logz=-12.74, remainder_fraction=5.7316%, Lmin=-5.27, Lmax=-4.86
12:59:07 [ultranest] [DEBUG] iteration=4172, ncalls=85524, regioncalls=6619840, ndraw=40, logz=-12.74, remainder_fraction=5.7232%, Lmin=-5.27, Lmax=-4.86
12:59:07 [ultranest] [DEBUG] iteration=4173, ncalls=85537, regioncalls=6620360, ndraw=40, logz=-12.74, remainder_fraction=5.7130%, Lmin=-5.27, Lmax=-4.86
12:59:07 [ultranest] [DEBUG] iteration=4175, ncalls=85543, regioncalls=6620600, ndraw=40, logz=-12.74, remainder_fraction=5.6883%, Lmin=-5.27, Lmax=-4.86
12:59:08 [ultranest] [DEBUG] iteration=4176, ncalls=85546, regioncalls=6620720, ndraw=40, logz=-12.74, remainder_fraction=5.6773%, Lmin=-5.27, Lmax=-4.86
12:59:08 [ultranest] [DEBUG] iteration=4177, ncalls=85551, regioncalls=6620920, ndraw=40, logz=-12.74, remainder_fraction=5.6648%, Lmin=-5.27, Lmax=-4.86
12:59:08 [ultranest] [DEBUG] iteration=4178, ncalls=85554, regioncalls=6621040, ndraw=40, logz=-12.74, remainder_fraction=5.6542%, Lmin=-5.26, Lmax=-4.86
12:59:08 [ultranest] [DEBUG] iteration=4180, ncalls=85560, regioncalls=6621280, ndraw=40, logz=-12.74, remainder_fraction=5.6277%, Lmin=-5.26, Lmax=-4.86
12:59:08 [ultranest] [DEBUG] iteration=4181, ncalls=85569, regioncalls=6621640, ndraw=40, logz=-12.74, remainder_fraction=5.6158%, Lmin=-5.26, Lmax=-4.86
12:59:08 [ultranest] [DEBUG] iteration=4182, ncalls=85571, regioncalls=6621720, ndraw=40, logz=-12.74, remainder_fraction=5.6042%, Lmin=-5.26, Lmax=-4.86
12:59:09 [ultranest] [DEBUG] iteration=4183, ncalls=85579, regioncalls=6622040, ndraw=40, logz=-12.74, remainder_fraction=5.5930%, Lmin=-5.26, Lmax=-4.86
12:59:09 [ultranest] [DEBUG] iteration=4184, ncalls=85591, regioncalls=6622520, ndraw=40, logz=-12.74, remainder_fraction=5.5795%, Lmin=-5.26, Lmax=-4.86
12:59:09 [ultranest] [DEBUG] iteration=4185, ncalls=85597, regioncalls=6622760, ndraw=40, logz=-12.74, remainder_fraction=5.5678%, Lmin=-5.26, Lmax=-4.86
12:59:10 [ultranest] [DEBUG] iteration=4187, ncalls=85616, regioncalls=6623520, ndraw=40, logz=-12.74, remainder_fraction=5.5441%, Lmin=-5.26, Lmax=-4.86
12:59:10 [ultranest] [DEBUG] iteration=4188, ncalls=85623, regioncalls=6623800, ndraw=40, logz=-12.74, remainder_fraction=5.5312%, Lmin=-5.26, Lmax=-4.86
12:59:10 [ultranest] [DEBUG] iteration=4189, ncalls=85628, regioncalls=6624000, ndraw=40, logz=-12.74, remainder_fraction=5.5179%, Lmin=-5.26, Lmax=-4.86
12:59:11 [ultranest] [DEBUG] iteration=4190, ncalls=85642, regioncalls=6624560, ndraw=40, logz=-12.74, remainder_fraction=5.5042%, Lmin=-5.26, Lmax=-4.86
12:59:11 [ultranest] [DEBUG] iteration=4191, ncalls=85646, regioncalls=6624720, ndraw=40, logz=-12.74, remainder_fraction=5.4906%, Lmin=-5.26, Lmax=-4.86
12:59:11 [ultranest] [DEBUG] iteration=4192, ncalls=85659, regioncalls=6625240, ndraw=40, logz=-12.74, remainder_fraction=5.4789%, Lmin=-5.26, Lmax=-4.86
12:59:12 [ultranest] [DEBUG] iteration=4194, ncalls=85666, regioncalls=6625520, ndraw=40, logz=-12.74, remainder_fraction=5.4537%, Lmin=-5.26, Lmax=-4.86
12:59:12 [ultranest] [DEBUG] iteration=4196, ncalls=85671, regioncalls=6625720, ndraw=40, logz=-12.74, remainder_fraction=5.4308%, Lmin=-5.26, Lmax=-4.86
12:59:12 [ultranest] [DEBUG] iteration=4198, ncalls=85677, regioncalls=6625960, ndraw=40, logz=-12.74, remainder_fraction=5.4069%, Lmin=-5.26, Lmax=-4.86
12:59:13 [ultranest] [DEBUG] iteration=4199, ncalls=85694, regioncalls=6626640, ndraw=40, logz=-12.74, remainder_fraction=5.3965%, Lmin=-5.26, Lmax=-4.86
12:59:13 [ultranest] [DEBUG] iteration=4201, ncalls=85702, regioncalls=6626960, ndraw=40, logz=-12.74, remainder_fraction=5.3704%, Lmin=-5.26, Lmax=-4.86
12:59:13 [ultranest] [DEBUG] iteration=4202, ncalls=85716, regioncalls=6627520, ndraw=40, logz=-12.74, remainder_fraction=5.3615%, Lmin=-5.26, Lmax=-4.86
12:59:13 [ultranest] [DEBUG] iteration=4203, ncalls=85720, regioncalls=6627680, ndraw=40, logz=-12.74, remainder_fraction=5.3486%, Lmin=-5.25, Lmax=-4.86
12:59:14 [ultranest] [DEBUG] iteration=4206, ncalls=85728, regioncalls=6628000, ndraw=40, logz=-12.74, remainder_fraction=5.3119%, Lmin=-5.25, Lmax=-4.86
12:59:14 [ultranest] [DEBUG] iteration=4207, ncalls=85742, regioncalls=6628560, ndraw=40, logz=-12.74, remainder_fraction=5.2999%, Lmin=-5.25, Lmax=-4.86
12:59:14 [ultranest] [DEBUG] iteration=4208, ncalls=85745, regioncalls=6628680, ndraw=40, logz=-12.74, remainder_fraction=5.2890%, Lmin=-5.25, Lmax=-4.86
12:59:14 [ultranest] [DEBUG] iteration=4209, ncalls=85748, regioncalls=6628800, ndraw=40, logz=-12.74, remainder_fraction=5.2773%, Lmin=-5.25, Lmax=-4.86
12:59:15 [ultranest] [DEBUG] iteration=4210, ncalls=85752, regioncalls=6628960, ndraw=40, logz=-12.74, remainder_fraction=5.2647%, Lmin=-5.25, Lmax=-4.86
12:59:15 [ultranest] [DEBUG] iteration=4211, ncalls=85762, regioncalls=6629360, ndraw=40, logz=-12.74, remainder_fraction=5.2526%, Lmin=-5.25, Lmax=-4.86
12:59:15 [ultranest] [DEBUG] iteration=4212, ncalls=85765, regioncalls=6629480, ndraw=40, logz=-12.74, remainder_fraction=5.2421%, Lmin=-5.25, Lmax=-4.86
12:59:15 [ultranest] [DEBUG] iteration=4214, ncalls=85775, regioncalls=6629880, ndraw=40, logz=-12.74, remainder_fraction=5.2170%, Lmin=-5.25, Lmax=-4.86
12:59:16 [ultranest] [DEBUG] iteration=4215, ncalls=85806, regioncalls=6631120, ndraw=40, logz=-12.74, remainder_fraction=5.2043%, Lmin=-5.25, Lmax=-4.86
12:59:17 [ultranest] [DEBUG] iteration=4216, ncalls=85823, regioncalls=6631800, ndraw=40, logz=-12.74, remainder_fraction=5.1916%, Lmin=-5.25, Lmax=-4.86
12:59:17 [ultranest] [DEBUG] iteration=4217, ncalls=85831, regioncalls=6632120, ndraw=40, logz=-12.74, remainder_fraction=5.1795%, Lmin=-5.25, Lmax=-4.86
12:59:17 [ultranest] [DEBUG] iteration=4218, ncalls=85838, regioncalls=6632400, ndraw=40, logz=-12.74, remainder_fraction=5.1671%, Lmin=-5.25, Lmax=-4.86
12:59:18 [ultranest] [DEBUG] iteration=4219, ncalls=85845, regioncalls=6632680, ndraw=40, logz=-12.74, remainder_fraction=5.1544%, Lmin=-5.25, Lmax=-4.86
12:59:18 [ultranest] [DEBUG] iteration=4220, ncalls=85850, regioncalls=6632880, ndraw=40, logz=-12.74, remainder_fraction=5.1436%, Lmin=-5.25, Lmax=-4.86
12:59:18 [ultranest] [DEBUG] iteration=4222, ncalls=85856, regioncalls=6633120, ndraw=40, logz=-12.74, remainder_fraction=5.1200%, Lmin=-5.25, Lmax=-4.86
12:59:18 [ultranest] [DEBUG] iteration=4223, ncalls=85867, regioncalls=6633560, ndraw=40, logz=-12.74, remainder_fraction=5.1086%, Lmin=-5.25, Lmax=-4.86
12:59:19 [ultranest] [DEBUG] iteration=4224, ncalls=85889, regioncalls=6634440, ndraw=40, logz=-12.74, remainder_fraction=5.0963%, Lmin=-5.25, Lmax=-4.86
12:59:19 [ultranest] [DEBUG] iteration=4225, ncalls=85894, regioncalls=6634640, ndraw=40, logz=-12.74, remainder_fraction=5.0854%, Lmin=-5.25, Lmax=-4.86
12:59:20 [ultranest] [DEBUG] iteration=4226, ncalls=85916, regioncalls=6635520, ndraw=40, logz=-12.74, remainder_fraction=5.0739%, Lmin=-5.24, Lmax=-4.86
12:59:20 [ultranest] [DEBUG] iteration=4227, ncalls=85920, regioncalls=6635680, ndraw=40, logz=-12.74, remainder_fraction=5.0628%, Lmin=-5.24, Lmax=-4.86
12:59:21 [ultranest] [DEBUG] iteration=4228, ncalls=85936, regioncalls=6636320, ndraw=40, logz=-12.74, remainder_fraction=5.0514%, Lmin=-5.24, Lmax=-4.86
12:59:21 [ultranest] [DEBUG] iteration=4229, ncalls=85953, regioncalls=6637000, ndraw=40, logz=-12.74, remainder_fraction=5.0398%, Lmin=-5.24, Lmax=-4.86
12:59:21 [ultranest] [DEBUG] iteration=4230, ncalls=85960, regioncalls=6637280, ndraw=40, logz=-12.74, remainder_fraction=5.0290%, Lmin=-5.24, Lmax=-4.86
12:59:22 [ultranest] [DEBUG] iteration=4231, ncalls=85965, regioncalls=6637480, ndraw=40, logz=-12.74, remainder_fraction=5.0176%, Lmin=-5.24, Lmax=-4.86
12:59:22 [ultranest] [DEBUG] iteration=4233, ncalls=85985, regioncalls=6638280, ndraw=40, logz=-12.74, remainder_fraction=4.9935%, Lmin=-5.24, Lmax=-4.86
12:59:23 [ultranest] [DEBUG] iteration=4234, ncalls=85994, regioncalls=6638640, ndraw=40, logz=-12.74, remainder_fraction=4.9833%, Lmin=-5.24, Lmax=-4.86
12:59:23 [ultranest] [DEBUG] iteration=4235, ncalls=86011, regioncalls=6639320, ndraw=40, logz=-12.74, remainder_fraction=4.9738%, Lmin=-5.24, Lmax=-4.86
12:59:25 [ultranest] [DEBUG] iteration=4237, ncalls=86062, regioncalls=6641360, ndraw=40, logz=-12.74, remainder_fraction=4.9517%, Lmin=-5.24, Lmax=-4.86
12:59:25 [ultranest] [DEBUG] iteration=4240, ncalls=86068, regioncalls=6641600, ndraw=40, logz=-12.74, remainder_fraction=4.9179%, Lmin=-5.24, Lmax=-4.86
12:59:25 [ultranest] [DEBUG] iteration=4241, ncalls=86077, regioncalls=6641960, ndraw=40, logz=-12.74, remainder_fraction=4.9083%, Lmin=-5.24, Lmax=-4.86
12:59:25 [ultranest] [DEBUG] iteration=4242, ncalls=86083, regioncalls=6642200, ndraw=40, logz=-12.74, remainder_fraction=4.8968%, Lmin=-5.24, Lmax=-4.86
12:59:26 [ultranest] [DEBUG] iteration=4243, ncalls=86086, regioncalls=6642320, ndraw=40, logz=-12.74, remainder_fraction=4.8847%, Lmin=-5.24, Lmax=-4.86
12:59:26 [ultranest] [DEBUG] iteration=4245, ncalls=86094, regioncalls=6642640, ndraw=40, logz=-12.74, remainder_fraction=4.8646%, Lmin=-5.24, Lmax=-4.86
12:59:26 [ultranest] [DEBUG] iteration=4246, ncalls=86102, regioncalls=6642960, ndraw=40, logz=-12.74, remainder_fraction=4.8528%, Lmin=-5.24, Lmax=-4.86
12:59:27 [ultranest] [DEBUG] iteration=4248, ncalls=86121, regioncalls=6643720, ndraw=40, logz=-12.74, remainder_fraction=4.8311%, Lmin=-5.24, Lmax=-4.86
12:59:27 [ultranest] [DEBUG] iteration=4249, ncalls=86131, regioncalls=6644120, ndraw=40, logz=-12.74, remainder_fraction=4.8198%, Lmin=-5.24, Lmax=-4.86
12:59:27 [ultranest] [DEBUG] iteration=4250, ncalls=86139, regioncalls=6644840, ndraw=40, logz=-12.74, remainder_fraction=4.8109%, Lmin=-5.24, Lmax=-4.86
12:59:28 [ultranest] [DEBUG] iteration=4251, ncalls=86153, regioncalls=6645400, ndraw=40, logz=-12.73, remainder_fraction=4.7991%, Lmin=-5.24, Lmax=-4.86
12:59:29 [ultranest] [DEBUG] iteration=4252, ncalls=86186, regioncalls=6646720, ndraw=40, logz=-12.73, remainder_fraction=4.7892%, Lmin=-5.24, Lmax=-4.86
12:59:29 [ultranest] [DEBUG] iteration=4253, ncalls=86189, regioncalls=6646960, ndraw=40, logz=-12.73, remainder_fraction=4.7794%, Lmin=-5.24, Lmax=-4.86
12:59:30 [ultranest] [DEBUG] iteration=4255, ncalls=86201, regioncalls=6647800, ndraw=40, logz=-12.73, remainder_fraction=4.7569%, Lmin=-5.24, Lmax=-4.86
12:59:30 [ultranest] [DEBUG] iteration=4256, ncalls=86212, regioncalls=6648760, ndraw=40, logz=-12.73, remainder_fraction=4.7461%, Lmin=-5.24, Lmax=-4.86
12:59:30 [ultranest] [DEBUG] iteration=4257, ncalls=86215, regioncalls=6648880, ndraw=40, logz=-12.73, remainder_fraction=4.7346%, Lmin=-5.24, Lmax=-4.86
12:59:30 [ultranest] [DEBUG] iteration=4258, ncalls=86218, regioncalls=6649000, ndraw=40, logz=-12.73, remainder_fraction=4.7233%, Lmin=-5.24, Lmax=-4.86
12:59:30 [ultranest] [DEBUG] iteration=4259, ncalls=86222, regioncalls=6649160, ndraw=40, logz=-12.73, remainder_fraction=4.7124%, Lmin=-5.23, Lmax=-4.86
12:59:31 [ultranest] [DEBUG] iteration=4261, ncalls=86236, regioncalls=6649720, ndraw=40, logz=-12.73, remainder_fraction=4.6939%, Lmin=-5.23, Lmax=-4.86
12:59:32 [ultranest] [DEBUG] iteration=4262, ncalls=86278, regioncalls=6651600, ndraw=40, logz=-12.73, remainder_fraction=4.6832%, Lmin=-5.23, Lmax=-4.86
12:59:34 [ultranest] [DEBUG] iteration=4263, ncalls=86316, regioncalls=6653200, ndraw=40, logz=-12.73, remainder_fraction=4.6736%, Lmin=-5.23, Lmax=-4.86
12:59:34 [ultranest] [DEBUG] iteration=4264, ncalls=86326, regioncalls=6653600, ndraw=40, logz=-12.73, remainder_fraction=4.6647%, Lmin=-5.23, Lmax=-4.86
12:59:35 [ultranest] [DEBUG] iteration=4266, ncalls=86344, regioncalls=6654720, ndraw=40, logz=-12.73, remainder_fraction=4.6438%, Lmin=-5.23, Lmax=-4.86
12:59:35 [ultranest] [DEBUG] iteration=4267, ncalls=86352, regioncalls=6655040, ndraw=40, logz=-12.73, remainder_fraction=4.6325%, Lmin=-5.23, Lmax=-4.86
12:59:35 [ultranest] [DEBUG] iteration=4268, ncalls=86355, regioncalls=6655160, ndraw=40, logz=-12.73, remainder_fraction=4.6223%, Lmin=-5.23, Lmax=-4.86
12:59:35 [ultranest] [DEBUG] iteration=4270, ncalls=86366, regioncalls=6655600, ndraw=40, logz=-12.73, remainder_fraction=4.5999%, Lmin=-5.23, Lmax=-4.86
12:59:36 [ultranest] [DEBUG] iteration=4271, ncalls=86373, regioncalls=6656080, ndraw=40, logz=-12.73, remainder_fraction=4.5897%, Lmin=-5.23, Lmax=-4.86
12:59:36 [ultranest] [DEBUG] iteration=4273, ncalls=86391, regioncalls=6657040, ndraw=40, logz=-12.73, remainder_fraction=4.5674%, Lmin=-5.23, Lmax=-4.86
12:59:37 [ultranest] [DEBUG] iteration=4275, ncalls=86407, regioncalls=6657680, ndraw=40, logz=-12.73, remainder_fraction=4.5480%, Lmin=-5.23, Lmax=-4.86
12:59:37 [ultranest] [DEBUG] iteration=4276, ncalls=86413, regioncalls=6657920, ndraw=40, logz=-12.73, remainder_fraction=4.5394%, Lmin=-5.22, Lmax=-4.86
12:59:38 [ultranest] [DEBUG] iteration=4278, ncalls=86442, regioncalls=6659320, ndraw=40, logz=-12.73, remainder_fraction=4.5197%, Lmin=-5.22, Lmax=-4.86
12:59:39 [ultranest] [DEBUG] iteration=4279, ncalls=86466, regioncalls=6660440, ndraw=40, logz=-12.73, remainder_fraction=4.5103%, Lmin=-5.22, Lmax=-4.86
12:59:39 [ultranest] [DEBUG] iteration=4280, ncalls=86469, regioncalls=6660560, ndraw=40, logz=-12.73, remainder_fraction=4.5005%, Lmin=-5.22, Lmax=-4.86
12:59:40 [ultranest] [DEBUG] iteration=4281, ncalls=86491, regioncalls=6661440, ndraw=40, logz=-12.73, remainder_fraction=4.4898%, Lmin=-5.22, Lmax=-4.86
12:59:40 [ultranest] [DEBUG] iteration=4283, ncalls=86495, regioncalls=6661600, ndraw=40, logz=-12.73, remainder_fraction=4.4697%, Lmin=-5.22, Lmax=-4.86
12:59:40 [ultranest] [DEBUG] iteration=4284, ncalls=86510, regioncalls=6662320, ndraw=40, logz=-12.73, remainder_fraction=4.4590%, Lmin=-5.22, Lmax=-4.86
12:59:41 [ultranest] [DEBUG] iteration=4285, ncalls=86533, regioncalls=6663360, ndraw=40, logz=-12.73, remainder_fraction=4.4505%, Lmin=-5.22, Lmax=-4.86
12:59:42 [ultranest] [DEBUG] iteration=4286, ncalls=86549, regioncalls=6664240, ndraw=40, logz=-12.73, remainder_fraction=4.4407%, Lmin=-5.22, Lmax=-4.86
12:59:42 [ultranest] [DEBUG] iteration=4288, ncalls=86559, regioncalls=6664640, ndraw=40, logz=-12.73, remainder_fraction=4.4191%, Lmin=-5.22, Lmax=-4.86
12:59:43 [ultranest] [DEBUG] iteration=4289, ncalls=86581, regioncalls=6665640, ndraw=40, logz=-12.73, remainder_fraction=4.4102%, Lmin=-5.22, Lmax=-4.86
12:59:43 [ultranest] [DEBUG] iteration=4290, ncalls=86584, regioncalls=6665760, ndraw=40, logz=-12.73, remainder_fraction=4.4016%, Lmin=-5.22, Lmax=-4.86
12:59:43 [ultranest] [DEBUG] iteration=4292, ncalls=86594, regioncalls=6666160, ndraw=40, logz=-12.73, remainder_fraction=4.3813%, Lmin=-5.22, Lmax=-4.86
12:59:44 [ultranest] [DEBUG] iteration=4294, ncalls=86609, regioncalls=6666760, ndraw=40, logz=-12.73, remainder_fraction=4.3602%, Lmin=-5.22, Lmax=-4.86
12:59:44 [ultranest] [DEBUG] iteration=4295, ncalls=86627, regioncalls=6667480, ndraw=40, logz=-12.73, remainder_fraction=4.3494%, Lmin=-5.22, Lmax=-4.86
12:59:45 [ultranest] [DEBUG] iteration=4296, ncalls=86661, regioncalls=6668840, ndraw=40, logz=-12.73, remainder_fraction=4.3391%, Lmin=-5.22, Lmax=-4.86
12:59:46 [ultranest] [DEBUG] iteration=4297, ncalls=86679, regioncalls=6669800, ndraw=40, logz=-12.73, remainder_fraction=4.3287%, Lmin=-5.22, Lmax=-4.86
12:59:46 [ultranest] [DEBUG] iteration=4298, ncalls=86682, regioncalls=6669920, ndraw=40, logz=-12.73, remainder_fraction=4.3188%, Lmin=-5.22, Lmax=-4.86
12:59:47 [ultranest] [DEBUG] iteration=4299, ncalls=86698, regioncalls=6670720, ndraw=40, logz=-12.73, remainder_fraction=4.3094%, Lmin=-5.22, Lmax=-4.86
12:59:47 [ultranest] [DEBUG] iteration=4300, ncalls=86715, regioncalls=6671400, ndraw=40, logz=-12.73, remainder_fraction=4.2995%, Lmin=-5.22, Lmax=-4.86
12:59:48 [ultranest] [DEBUG] iteration=4302, ncalls=86730, regioncalls=6672000, ndraw=40, logz=-12.73, remainder_fraction=4.2791%, Lmin=-5.22, Lmax=-4.86
12:59:48 [ultranest] [DEBUG] iteration=4303, ncalls=86739, regioncalls=6672360, ndraw=40, logz=-12.73, remainder_fraction=4.2694%, Lmin=-5.22, Lmax=-4.86
12:59:48 [ultranest] [DEBUG] iteration=4304, ncalls=86747, regioncalls=6672680, ndraw=40, logz=-12.73, remainder_fraction=4.2596%, Lmin=-5.22, Lmax=-4.86
12:59:49 [ultranest] [DEBUG] iteration=4305, ncalls=86772, regioncalls=6673920, ndraw=40, logz=-12.73, remainder_fraction=4.2495%, Lmin=-5.22, Lmax=-4.86
12:59:51 [ultranest] [DEBUG] iteration=4306, ncalls=86827, regioncalls=6676800, ndraw=40, logz=-12.73, remainder_fraction=4.2397%, Lmin=-5.22, Lmax=-4.86
12:59:51 [ultranest] [DEBUG] iteration=4308, ncalls=86841, regioncalls=6677360, ndraw=40, logz=-12.73, remainder_fraction=4.2215%, Lmin=-5.22, Lmax=-4.86
12:59:52 [ultranest] [DEBUG] iteration=4309, ncalls=86844, regioncalls=6677480, ndraw=40, logz=-12.73, remainder_fraction=4.2119%, Lmin=-5.22, Lmax=-4.86
12:59:53 [ultranest] [DEBUG] iteration=4311, ncalls=86895, regioncalls=6679840, ndraw=40, logz=-12.73, remainder_fraction=4.1936%, Lmin=-5.22, Lmax=-4.86
12:59:55 [ultranest] [DEBUG] iteration=4312, ncalls=86932, regioncalls=6681880, ndraw=40, logz=-12.73, remainder_fraction=4.1841%, Lmin=-5.21, Lmax=-4.86
12:59:55 [ultranest] [DEBUG] iteration=4313, ncalls=86935, regioncalls=6682000, ndraw=40, logz=-12.73, remainder_fraction=4.1742%, Lmin=-5.21, Lmax=-4.86
12:59:56 [ultranest] [DEBUG] iteration=4314, ncalls=86971, regioncalls=6683480, ndraw=40, logz=-12.73, remainder_fraction=4.1660%, Lmin=-5.21, Lmax=-4.86
12:59:56 [ultranest] [DEBUG] iteration=4315, ncalls=86978, regioncalls=6683760, ndraw=40, logz=-12.73, remainder_fraction=4.1563%, Lmin=-5.21, Lmax=-4.86
12:59:56 [ultranest] [DEBUG] iteration=4316, ncalls=86981, regioncalls=6683880, ndraw=40, logz=-12.73, remainder_fraction=4.1470%, Lmin=-5.21, Lmax=-4.86
12:59:57 [ultranest] [DEBUG] iteration=4317, ncalls=86998, regioncalls=6684560, ndraw=40, logz=-12.73, remainder_fraction=4.1369%, Lmin=-5.21, Lmax=-4.86
12:59:57 [ultranest] [DEBUG] iteration=4318, ncalls=87014, regioncalls=6685200, ndraw=40, logz=-12.73, remainder_fraction=4.1268%, Lmin=-5.21, Lmax=-4.86
12:59:57 [ultranest] [DEBUG] iteration=4319, ncalls=87018, regioncalls=6685360, ndraw=40, logz=-12.73, remainder_fraction=4.1171%, Lmin=-5.21, Lmax=-4.86
12:59:58 [ultranest] [DEBUG] iteration=4320, ncalls=87025, regioncalls=6685640, ndraw=40, logz=-12.73, remainder_fraction=4.1080%, Lmin=-5.21, Lmax=-4.86
12:59:58 [ultranest] [DEBUG] iteration=4321, ncalls=87033, regioncalls=6685960, ndraw=40, logz=-12.73, remainder_fraction=4.0979%, Lmin=-5.21, Lmax=-4.86
12:59:58 [ultranest] [DEBUG] iteration=4323, ncalls=87048, regioncalls=6686560, ndraw=40, logz=-12.73, remainder_fraction=4.0787%, Lmin=-5.21, Lmax=-4.86
12:59:59 [ultranest] [DEBUG] iteration=4324, ncalls=87052, regioncalls=6686720, ndraw=40, logz=-12.73, remainder_fraction=4.0716%, Lmin=-5.21, Lmax=-4.86
12:59:59 [ultranest] [DEBUG] iteration=4325, ncalls=87071, regioncalls=6687600, ndraw=40, logz=-12.73, remainder_fraction=4.0622%, Lmin=-5.21, Lmax=-4.86
13:00:00 [ultranest] [DEBUG] iteration=4326, ncalls=87092, regioncalls=6688720, ndraw=40, logz=-12.73, remainder_fraction=4.0524%, Lmin=-5.21, Lmax=-4.86
13:00:01 [ultranest] [DEBUG] iteration=4327, ncalls=87118, regioncalls=6689760, ndraw=40, logz=-12.73, remainder_fraction=4.0426%, Lmin=-5.21, Lmax=-4.86
13:00:01 [ultranest] [DEBUG] iteration=4328, ncalls=87122, regioncalls=6689920, ndraw=40, logz=-12.73, remainder_fraction=4.0352%, Lmin=-5.21, Lmax=-4.86
13:00:03 [ultranest] [DEBUG] iteration=4329, ncalls=87171, regioncalls=6691920, ndraw=40, logz=-12.73, remainder_fraction=4.0255%, Lmin=-5.21, Lmax=-4.86
13:00:03 [ultranest] [DEBUG] iteration=4330, ncalls=87181, regioncalls=6692320, ndraw=40, logz=-12.73, remainder_fraction=4.0158%, Lmin=-5.21, Lmax=-4.86
13:00:03 [ultranest] [DEBUG] iteration=4331, ncalls=87194, regioncalls=6692880, ndraw=40, logz=-12.73, remainder_fraction=4.0072%, Lmin=-5.21, Lmax=-4.86
13:00:03 [ultranest] [DEBUG] iteration=4333, ncalls=87199, regioncalls=6693080, ndraw=40, logz=-12.73, remainder_fraction=3.9883%, Lmin=-5.21, Lmax=-4.86
13:00:04 [ultranest] [DEBUG] iteration=4334, ncalls=87213, regioncalls=6693640, ndraw=40, logz=-12.73, remainder_fraction=3.9785%, Lmin=-5.21, Lmax=-4.86
13:00:04 [ultranest] [DEBUG] iteration=4335, ncalls=87214, regioncalls=6693680, ndraw=40, logz=-12.73, remainder_fraction=3.9690%, Lmin=-5.21, Lmax=-4.86
13:00:04 [ultranest] [DEBUG] iteration=4337, ncalls=87219, regioncalls=6693880, ndraw=40, logz=-12.73, remainder_fraction=3.9528%, Lmin=-5.20, Lmax=-4.86
13:00:05 [ultranest] [DEBUG] iteration=4338, ncalls=87234, regioncalls=6694720, ndraw=40, logz=-12.73, remainder_fraction=3.9456%, Lmin=-5.20, Lmax=-4.86
13:00:05 [ultranest] [DEBUG] iteration=4339, ncalls=87239, regioncalls=6694920, ndraw=40, logz=-12.73, remainder_fraction=3.9360%, Lmin=-5.20, Lmax=-4.86
13:00:05 [ultranest] [DEBUG] iteration=4340, ncalls=87249, regioncalls=6695400, ndraw=40, logz=-12.73, remainder_fraction=3.9272%, Lmin=-5.20, Lmax=-4.86
13:00:05 [ultranest] [DEBUG] iteration=4342, ncalls=87257, regioncalls=6695720, ndraw=40, logz=-12.73, remainder_fraction=3.9090%, Lmin=-5.20, Lmax=-4.86
13:00:06 [ultranest] [DEBUG] iteration=4344, ncalls=87261, regioncalls=6695880, ndraw=40, logz=-12.73, remainder_fraction=3.8909%, Lmin=-5.20, Lmax=-4.86
13:00:06 [ultranest] [DEBUG] iteration=4345, ncalls=87275, regioncalls=6696440, ndraw=40, logz=-12.73, remainder_fraction=3.8817%, Lmin=-5.20, Lmax=-4.86
13:00:06 [ultranest] [DEBUG] iteration=4346, ncalls=87281, regioncalls=6696680, ndraw=40, logz=-12.73, remainder_fraction=3.8723%, Lmin=-5.20, Lmax=-4.86
13:00:07 [ultranest] [DEBUG] iteration=4347, ncalls=87288, regioncalls=6696960, ndraw=40, logz=-12.73, remainder_fraction=3.8629%, Lmin=-5.20, Lmax=-4.86
13:00:07 [ultranest] [DEBUG] iteration=4348, ncalls=87291, regioncalls=6697080, ndraw=40, logz=-12.73, remainder_fraction=3.8555%, Lmin=-5.20, Lmax=-4.86
13:00:07 [ultranest] [DEBUG] iteration=4350, ncalls=87296, regioncalls=6697280, ndraw=40, logz=-12.72, remainder_fraction=3.8372%, Lmin=-5.20, Lmax=-4.86
13:00:07 [ultranest] [DEBUG] iteration=4351, ncalls=87305, regioncalls=6697640, ndraw=40, logz=-12.72, remainder_fraction=3.8277%, Lmin=-5.20, Lmax=-4.86
13:00:07 [ultranest] [DEBUG] iteration=4352, ncalls=87312, regioncalls=6697920, ndraw=40, logz=-12.72, remainder_fraction=3.8191%, Lmin=-5.20, Lmax=-4.86
13:00:08 [ultranest] [DEBUG] iteration=4353, ncalls=87323, regioncalls=6698360, ndraw=40, logz=-12.72, remainder_fraction=3.8104%, Lmin=-5.20, Lmax=-4.86
13:00:08 [ultranest] [DEBUG] iteration=4354, ncalls=87331, regioncalls=6698680, ndraw=40, logz=-12.72, remainder_fraction=3.8018%, Lmin=-5.20, Lmax=-4.86
13:00:08 [ultranest] [DEBUG] iteration=4356, ncalls=87334, regioncalls=6698800, ndraw=40, logz=-12.72, remainder_fraction=3.7855%, Lmin=-5.20, Lmax=-4.86
13:00:08 [ultranest] [DEBUG] iteration=4357, ncalls=87339, regioncalls=6699000, ndraw=40, logz=-12.72, remainder_fraction=3.7762%, Lmin=-5.20, Lmax=-4.86
13:00:08 [ultranest] [DEBUG] iteration=4358, ncalls=87345, regioncalls=6699240, ndraw=40, logz=-12.72, remainder_fraction=3.7676%, Lmin=-5.20, Lmax=-4.86
13:00:09 [ultranest] [DEBUG] iteration=4359, ncalls=87354, regioncalls=6699600, ndraw=40, logz=-12.72, remainder_fraction=3.7582%, Lmin=-5.20, Lmax=-4.86
13:00:10 [ultranest] [DEBUG] iteration=4360, ncalls=87378, regioncalls=6700560, ndraw=40, logz=-12.72, remainder_fraction=3.7494%, Lmin=-5.20, Lmax=-4.86
13:00:10 [ultranest] [DEBUG] iteration=4361, ncalls=87386, regioncalls=6700880, ndraw=40, logz=-12.72, remainder_fraction=3.7416%, Lmin=-5.20, Lmax=-4.86
13:00:12 [ultranest] [DEBUG] iteration=4362, ncalls=87436, regioncalls=6702880, ndraw=40, logz=-12.72, remainder_fraction=3.7329%, Lmin=-5.20, Lmax=-4.86
13:00:12 [ultranest] [DEBUG] iteration=4363, ncalls=87440, regioncalls=6703040, ndraw=40, logz=-12.72, remainder_fraction=3.7239%, Lmin=-5.20, Lmax=-4.86
13:00:12 [ultranest] [DEBUG] iteration=4365, ncalls=87447, regioncalls=6703320, ndraw=40, logz=-12.72, remainder_fraction=3.7075%, Lmin=-5.19, Lmax=-4.86
13:00:12 [ultranest] [DEBUG] iteration=4366, ncalls=87454, regioncalls=6703600, ndraw=40, logz=-12.72, remainder_fraction=3.6988%, Lmin=-5.19, Lmax=-4.86
13:00:13 [ultranest] [DEBUG] iteration=4368, ncalls=87462, regioncalls=6703920, ndraw=40, logz=-12.72, remainder_fraction=3.6821%, Lmin=-5.19, Lmax=-4.86
13:00:13 [ultranest] [DEBUG] iteration=4370, ncalls=87469, regioncalls=6704200, ndraw=40, logz=-12.72, remainder_fraction=3.6647%, Lmin=-5.19, Lmax=-4.86
13:00:13 [ultranest] [DEBUG] iteration=4371, ncalls=87482, regioncalls=6704720, ndraw=40, logz=-12.72, remainder_fraction=3.6565%, Lmin=-5.19, Lmax=-4.86
13:00:13 [ultranest] [DEBUG] iteration=4373, ncalls=87486, regioncalls=6704880, ndraw=40, logz=-12.72, remainder_fraction=3.6413%, Lmin=-5.19, Lmax=-4.86
13:00:14 [ultranest] [DEBUG] iteration=4375, ncalls=87505, regioncalls=6705640, ndraw=40, logz=-12.72, remainder_fraction=3.6249%, Lmin=-5.19, Lmax=-4.86
13:00:14 [ultranest] [DEBUG] iteration=4376, ncalls=87515, regioncalls=6706040, ndraw=40, logz=-12.72, remainder_fraction=3.6180%, Lmin=-5.19, Lmax=-4.86
13:00:15 [ultranest] [DEBUG] iteration=4377, ncalls=87533, regioncalls=6706760, ndraw=40, logz=-12.72, remainder_fraction=3.6105%, Lmin=-5.19, Lmax=-4.86
13:00:16 [ultranest] [DEBUG] iteration=4380, ncalls=87550, regioncalls=6707440, ndraw=40, logz=-12.72, remainder_fraction=3.5864%, Lmin=-5.19, Lmax=-4.86
13:00:16 [ultranest] [DEBUG] iteration=4382, ncalls=87553, regioncalls=6707560, ndraw=40, logz=-12.72, remainder_fraction=3.5688%, Lmin=-5.19, Lmax=-4.86
13:00:16 [ultranest] [DEBUG] iteration=4383, ncalls=87562, regioncalls=6707920, ndraw=40, logz=-12.72, remainder_fraction=3.5612%, Lmin=-5.19, Lmax=-4.86
13:00:16 [ultranest] [DEBUG] iteration=4384, ncalls=87566, regioncalls=6708080, ndraw=40, logz=-12.72, remainder_fraction=3.5533%, Lmin=-5.19, Lmax=-4.86
13:00:16 [ultranest] [DEBUG] iteration=4386, ncalls=87576, regioncalls=6708480, ndraw=40, logz=-12.72, remainder_fraction=3.5388%, Lmin=-5.19, Lmax=-4.86
13:00:17 [ultranest] [DEBUG] iteration=4387, ncalls=87591, regioncalls=6709080, ndraw=40, logz=-12.72, remainder_fraction=3.5304%, Lmin=-5.19, Lmax=-4.86
13:00:17 [ultranest] [DEBUG] iteration=4388, ncalls=87604, regioncalls=6709600, ndraw=40, logz=-12.72, remainder_fraction=3.5220%, Lmin=-5.19, Lmax=-4.86
13:00:18 [ultranest] [DEBUG] iteration=4389, ncalls=87620, regioncalls=6710240, ndraw=40, logz=-12.72, remainder_fraction=3.5135%, Lmin=-5.19, Lmax=-4.86
13:00:18 [ultranest] [DEBUG] iteration=4391, ncalls=87623, regioncalls=6710360, ndraw=40, logz=-12.72, remainder_fraction=3.4968%, Lmin=-5.19, Lmax=-4.86
13:00:18 [ultranest] [DEBUG] iteration=4393, ncalls=87630, regioncalls=6710640, ndraw=40, logz=-12.72, remainder_fraction=3.4809%, Lmin=-5.19, Lmax=-4.86
13:00:18 [ultranest] [DEBUG] iteration=4394, ncalls=87633, regioncalls=6710760, ndraw=40, logz=-12.72, remainder_fraction=3.4729%, Lmin=-5.19, Lmax=-4.86
13:00:19 [ultranest] [DEBUG] iteration=4396, ncalls=87643, regioncalls=6711160, ndraw=40, logz=-12.72, remainder_fraction=3.4575%, Lmin=-5.19, Lmax=-4.86
13:00:19 [ultranest] [DEBUG] iteration=4397, ncalls=87649, regioncalls=6711400, ndraw=40, logz=-12.72, remainder_fraction=3.4499%, Lmin=-5.19, Lmax=-4.86
13:00:19 [ultranest] [DEBUG] iteration=4398, ncalls=87652, regioncalls=6711520, ndraw=40, logz=-12.72, remainder_fraction=3.4427%, Lmin=-5.18, Lmax=-4.86
13:00:20 [ultranest] [DEBUG] iteration=4399, ncalls=87669, regioncalls=6712200, ndraw=40, logz=-12.72, remainder_fraction=3.4348%, Lmin=-5.18, Lmax=-4.86
13:00:20 [ultranest] [DEBUG] iteration=4401, ncalls=87675, regioncalls=6712440, ndraw=40, logz=-12.72, remainder_fraction=3.4196%, Lmin=-5.18, Lmax=-4.86
13:00:21 [ultranest] [DEBUG] iteration=4402, ncalls=87718, regioncalls=6714160, ndraw=40, logz=-12.72, remainder_fraction=3.4132%, Lmin=-5.18, Lmax=-4.86
13:00:21 [ultranest] [DEBUG] iteration=4404, ncalls=87723, regioncalls=6714360, ndraw=40, logz=-12.72, remainder_fraction=3.3973%, Lmin=-5.18, Lmax=-4.86
13:00:22 [ultranest] [DEBUG] iteration=4405, ncalls=87729, regioncalls=6714600, ndraw=40, logz=-12.72, remainder_fraction=3.3890%, Lmin=-5.18, Lmax=-4.86
13:00:22 [ultranest] [DEBUG] iteration=4406, ncalls=87732, regioncalls=6714720, ndraw=40, logz=-12.72, remainder_fraction=3.3827%, Lmin=-5.18, Lmax=-4.86
13:00:22 [ultranest] [DEBUG] iteration=4407, ncalls=87735, regioncalls=6714840, ndraw=40, logz=-12.72, remainder_fraction=3.3749%, Lmin=-5.18, Lmax=-4.86
13:00:22 [ultranest] [DEBUG] iteration=4408, ncalls=87743, regioncalls=6715160, ndraw=40, logz=-12.72, remainder_fraction=3.3665%, Lmin=-5.18, Lmax=-4.86
13:00:23 [ultranest] [DEBUG] iteration=4409, ncalls=87757, regioncalls=6715720, ndraw=40, logz=-12.72, remainder_fraction=3.3583%, Lmin=-5.18, Lmax=-4.86
13:00:23 [ultranest] [DEBUG] iteration=4410, ncalls=87762, regioncalls=6715920, ndraw=40, logz=-12.72, remainder_fraction=3.3501%, Lmin=-5.18, Lmax=-4.86
13:00:23 [ultranest] [DEBUG] iteration=4412, ncalls=87778, regioncalls=6716560, ndraw=40, logz=-12.72, remainder_fraction=3.3343%, Lmin=-5.18, Lmax=-4.86
13:00:23 [ultranest] [DEBUG] iteration=4413, ncalls=87782, regioncalls=6716720, ndraw=40, logz=-12.72, remainder_fraction=3.3273%, Lmin=-5.18, Lmax=-4.86
13:00:24 [ultranest] [DEBUG] iteration=4414, ncalls=87787, regioncalls=6716920, ndraw=40, logz=-12.72, remainder_fraction=3.3195%, Lmin=-5.18, Lmax=-4.86
13:00:24 [ultranest] [DEBUG] iteration=4415, ncalls=87805, regioncalls=6717640, ndraw=40, logz=-12.72, remainder_fraction=3.3125%, Lmin=-5.18, Lmax=-4.86
13:00:24 [ultranest] [DEBUG] iteration=4417, ncalls=87810, regioncalls=6717840, ndraw=40, logz=-12.72, remainder_fraction=3.2974%, Lmin=-5.18, Lmax=-4.86
13:00:25 [ultranest] [DEBUG] iteration=4419, ncalls=87827, regioncalls=6718520, ndraw=40, logz=-12.72, remainder_fraction=3.2821%, Lmin=-5.18, Lmax=-4.86
13:00:25 [ultranest] [DEBUG] iteration=4420, ncalls=87830, regioncalls=6718640, ndraw=40, logz=-12.72, remainder_fraction=3.2747%, Lmin=-5.18, Lmax=-4.86
13:00:25 [ultranest] [DEBUG] iteration=4421, ncalls=87837, regioncalls=6718920, ndraw=40, logz=-12.72, remainder_fraction=3.2672%, Lmin=-5.18, Lmax=-4.86
13:00:26 [ultranest] [DEBUG] iteration=4423, ncalls=87845, regioncalls=6719240, ndraw=40, logz=-12.72, remainder_fraction=3.2536%, Lmin=-5.18, Lmax=-4.86
13:00:26 [ultranest] [DEBUG] iteration=4424, ncalls=87852, regioncalls=6719520, ndraw=40, logz=-12.72, remainder_fraction=3.2460%, Lmin=-5.18, Lmax=-4.86
13:00:26 [ultranest] [DEBUG] iteration=4425, ncalls=87857, regioncalls=6719720, ndraw=40, logz=-12.72, remainder_fraction=3.2380%, Lmin=-5.18, Lmax=-4.86
13:00:26 [ultranest] [DEBUG] iteration=4426, ncalls=87867, regioncalls=6720120, ndraw=40, logz=-12.72, remainder_fraction=3.2305%, Lmin=-5.18, Lmax=-4.86
13:00:27 [ultranest] [DEBUG] iteration=4427, ncalls=87880, regioncalls=6720640, ndraw=40, logz=-12.72, remainder_fraction=3.2230%, Lmin=-5.18, Lmax=-4.86
13:00:27 [ultranest] [DEBUG] iteration=4428, ncalls=87889, regioncalls=6721000, ndraw=40, logz=-12.72, remainder_fraction=3.2153%, Lmin=-5.18, Lmax=-4.86
13:00:28 [ultranest] [DEBUG] iteration=4429, ncalls=87915, regioncalls=6722040, ndraw=40, logz=-12.72, remainder_fraction=3.2079%, Lmin=-5.18, Lmax=-4.86
13:00:28 [ultranest] [DEBUG] iteration=4430, ncalls=87916, regioncalls=6722120, ndraw=40, logz=-12.72, remainder_fraction=3.1999%, Lmin=-5.18, Lmax=-4.86
13:00:28 [ultranest] [DEBUG] iteration=4431, ncalls=87919, regioncalls=6722240, ndraw=40, logz=-12.72, remainder_fraction=3.1936%, Lmin=-5.18, Lmax=-4.86
13:00:28 [ultranest] [DEBUG] iteration=4432, ncalls=87928, regioncalls=6722600, ndraw=40, logz=-12.72, remainder_fraction=3.1864%, Lmin=-5.18, Lmax=-4.86
13:00:29 [ultranest] [DEBUG] iteration=4433, ncalls=87937, regioncalls=6722960, ndraw=40, logz=-12.72, remainder_fraction=3.1794%, Lmin=-5.17, Lmax=-4.86
13:00:29 [ultranest] [DEBUG] iteration=4434, ncalls=87942, regioncalls=6723160, ndraw=40, logz=-12.72, remainder_fraction=3.1726%, Lmin=-5.17, Lmax=-4.86
13:00:29 [ultranest] [DEBUG] iteration=4435, ncalls=87952, regioncalls=6723560, ndraw=40, logz=-12.72, remainder_fraction=3.1649%, Lmin=-5.17, Lmax=-4.86
13:00:30 [ultranest] [DEBUG] iteration=4436, ncalls=87974, regioncalls=6724440, ndraw=40, logz=-12.72, remainder_fraction=3.1576%, Lmin=-5.17, Lmax=-4.86
13:00:30 [ultranest] [DEBUG] iteration=4437, ncalls=87978, regioncalls=6724600, ndraw=40, logz=-12.72, remainder_fraction=3.1515%, Lmin=-5.17, Lmax=-4.86
13:00:30 [ultranest] [DEBUG] iteration=4439, ncalls=87984, regioncalls=6724840, ndraw=40, logz=-12.72, remainder_fraction=3.1389%, Lmin=-5.17, Lmax=-4.86
13:00:30 [ultranest] [DEBUG] iteration=4440, ncalls=87988, regioncalls=6725000, ndraw=40, logz=-12.72, remainder_fraction=3.1312%, Lmin=-5.17, Lmax=-4.86
13:00:31 [ultranest] [DEBUG] iteration=4442, ncalls=88007, regioncalls=6725760, ndraw=40, logz=-12.72, remainder_fraction=3.1163%, Lmin=-5.17, Lmax=-4.86
13:00:32 [ultranest] [DEBUG] iteration=4444, ncalls=88022, regioncalls=6726360, ndraw=40, logz=-12.72, remainder_fraction=3.1026%, Lmin=-5.17, Lmax=-4.86
13:00:32 [ultranest] [DEBUG] iteration=4445, ncalls=88028, regioncalls=6726600, ndraw=40, logz=-12.72, remainder_fraction=3.0954%, Lmin=-5.17, Lmax=-4.86
13:00:32 [ultranest] [DEBUG] iteration=4446, ncalls=88036, regioncalls=6726920, ndraw=40, logz=-12.72, remainder_fraction=3.0884%, Lmin=-5.17, Lmax=-4.86
13:00:32 [ultranest] [DEBUG] iteration=4448, ncalls=88048, regioncalls=6727400, ndraw=40, logz=-12.72, remainder_fraction=3.0752%, Lmin=-5.17, Lmax=-4.86
13:00:33 [ultranest] [DEBUG] iteration=4449, ncalls=88053, regioncalls=6727600, ndraw=40, logz=-12.72, remainder_fraction=3.0698%, Lmin=-5.17, Lmax=-4.86
13:00:33 [ultranest] [DEBUG] iteration=4451, ncalls=88062, regioncalls=6727960, ndraw=40, logz=-12.72, remainder_fraction=3.0552%, Lmin=-5.17, Lmax=-4.86
13:00:33 [ultranest] [DEBUG] iteration=4452, ncalls=88068, regioncalls=6728200, ndraw=40, logz=-12.72, remainder_fraction=3.0489%, Lmin=-5.17, Lmax=-4.86
13:00:33 [ultranest] [DEBUG] iteration=4453, ncalls=88073, regioncalls=6728400, ndraw=40, logz=-12.72, remainder_fraction=3.0423%, Lmin=-5.17, Lmax=-4.86
13:00:34 [ultranest] [DEBUG] iteration=4456, ncalls=88081, regioncalls=6728720, ndraw=40, logz=-12.72, remainder_fraction=3.0223%, Lmin=-5.17, Lmax=-4.86
13:00:34 [ultranest] [DEBUG] iteration=4457, ncalls=88084, regioncalls=6728840, ndraw=40, logz=-12.72, remainder_fraction=3.0164%, Lmin=-5.17, Lmax=-4.86
13:00:34 [ultranest] [DEBUG] iteration=4458, ncalls=88092, regioncalls=6729160, ndraw=40, logz=-12.72, remainder_fraction=3.0099%, Lmin=-5.17, Lmax=-4.86
13:00:34 [ultranest] [DEBUG] iteration=4461, ncalls=88098, regioncalls=6729400, ndraw=40, logz=-12.72, remainder_fraction=2.9907%, Lmin=-5.17, Lmax=-4.86
13:00:35 [ultranest] [DEBUG] iteration=4462, ncalls=88111, regioncalls=6729920, ndraw=40, logz=-12.72, remainder_fraction=2.9839%, Lmin=-5.17, Lmax=-4.86
13:00:35 [ultranest] [DEBUG] iteration=4463, ncalls=88125, regioncalls=6730480, ndraw=40, logz=-12.72, remainder_fraction=2.9769%, Lmin=-5.17, Lmax=-4.86
13:00:36 [ultranest] [DEBUG] iteration=4465, ncalls=88149, regioncalls=6731440, ndraw=40, logz=-12.72, remainder_fraction=2.9638%, Lmin=-5.17, Lmax=-4.86
13:00:36 [ultranest] [DEBUG] iteration=4466, ncalls=88169, regioncalls=6732240, ndraw=40, logz=-12.72, remainder_fraction=2.9567%, Lmin=-5.17, Lmax=-4.86
13:00:37 [ultranest] [DEBUG] iteration=4468, ncalls=88176, regioncalls=6732520, ndraw=40, logz=-12.72, remainder_fraction=2.9425%, Lmin=-5.17, Lmax=-4.86
13:00:37 [ultranest] [DEBUG] iteration=4470, ncalls=88187, regioncalls=6732960, ndraw=40, logz=-12.72, remainder_fraction=2.9292%, Lmin=-5.17, Lmax=-4.86
13:00:37 [ultranest] [DEBUG] iteration=4471, ncalls=88193, regioncalls=6733200, ndraw=40, logz=-12.72, remainder_fraction=2.9226%, Lmin=-5.17, Lmax=-4.86
13:00:37 [ultranest] [DEBUG] iteration=4472, ncalls=88200, regioncalls=6733480, ndraw=40, logz=-12.72, remainder_fraction=2.9158%, Lmin=-5.17, Lmax=-4.86
13:00:38 [ultranest] [DEBUG] iteration=4474, ncalls=88215, regioncalls=6734080, ndraw=40, logz=-12.72, remainder_fraction=2.9014%, Lmin=-5.16, Lmax=-4.86
13:00:39 [ultranest] [DEBUG] iteration=4476, ncalls=88235, regioncalls=6734880, ndraw=40, logz=-12.72, remainder_fraction=2.8880%, Lmin=-5.16, Lmax=-4.86
13:00:39 [ultranest] [DEBUG] iteration=4477, ncalls=88239, regioncalls=6735040, ndraw=40, logz=-12.71, remainder_fraction=2.8811%, Lmin=-5.16, Lmax=-4.86
13:00:39 [ultranest] [DEBUG] iteration=4478, ncalls=88243, regioncalls=6735200, ndraw=40, logz=-12.71, remainder_fraction=2.8740%, Lmin=-5.16, Lmax=-4.86
13:00:39 [ultranest] [DEBUG] iteration=4479, ncalls=88258, regioncalls=6735800, ndraw=40, logz=-12.71, remainder_fraction=2.8672%, Lmin=-5.16, Lmax=-4.86
13:00:40 [ultranest] [DEBUG] iteration=4480, ncalls=88262, regioncalls=6735960, ndraw=40, logz=-12.71, remainder_fraction=2.8606%, Lmin=-5.16, Lmax=-4.86
13:00:40 [ultranest] [DEBUG] iteration=4481, ncalls=88272, regioncalls=6736360, ndraw=40, logz=-12.71, remainder_fraction=2.8541%, Lmin=-5.16, Lmax=-4.86
13:00:40 [ultranest] [DEBUG] iteration=4483, ncalls=88291, regioncalls=6737120, ndraw=40, logz=-12.71, remainder_fraction=2.8406%, Lmin=-5.16, Lmax=-4.86
13:00:41 [ultranest] [DEBUG] iteration=4484, ncalls=88295, regioncalls=6737280, ndraw=40, logz=-12.71, remainder_fraction=2.8338%, Lmin=-5.16, Lmax=-4.86
13:00:41 [ultranest] [DEBUG] iteration=4485, ncalls=88319, regioncalls=6738240, ndraw=40, logz=-12.71, remainder_fraction=2.8272%, Lmin=-5.16, Lmax=-4.86
13:00:42 [ultranest] [DEBUG] iteration=4487, ncalls=88323, regioncalls=6738400, ndraw=40, logz=-12.71, remainder_fraction=2.8135%, Lmin=-5.16, Lmax=-4.86
13:00:42 [ultranest] [DEBUG] iteration=4488, ncalls=88331, regioncalls=6738720, ndraw=40, logz=-12.71, remainder_fraction=2.8065%, Lmin=-5.16, Lmax=-4.86
13:00:42 [ultranest] [DEBUG] iteration=4489, ncalls=88338, regioncalls=6739000, ndraw=40, logz=-12.71, remainder_fraction=2.7999%, Lmin=-5.16, Lmax=-4.86
13:00:42 [ultranest] [DEBUG] iteration=4490, ncalls=88343, regioncalls=6739200, ndraw=40, logz=-12.71, remainder_fraction=2.7930%, Lmin=-5.16, Lmax=-4.86
13:00:42 [ultranest] [DEBUG] iteration=4491, ncalls=88348, regioncalls=6739400, ndraw=40, logz=-12.71, remainder_fraction=2.7875%, Lmin=-5.16, Lmax=-4.86
13:00:42 [ultranest] [DEBUG] iteration=4492, ncalls=88353, regioncalls=6739600, ndraw=40, logz=-12.71, remainder_fraction=2.7807%, Lmin=-5.16, Lmax=-4.86
13:00:43 [ultranest] [DEBUG] iteration=4493, ncalls=88357, regioncalls=6739760, ndraw=40, logz=-12.71, remainder_fraction=2.7738%, Lmin=-5.16, Lmax=-4.86
13:00:43 [ultranest] [DEBUG] iteration=4496, ncalls=88363, regioncalls=6740000, ndraw=40, logz=-12.71, remainder_fraction=2.7545%, Lmin=-5.16, Lmax=-4.86
13:00:43 [ultranest] [DEBUG] iteration=4497, ncalls=88368, regioncalls=6740200, ndraw=40, logz=-12.71, remainder_fraction=2.7480%, Lmin=-5.16, Lmax=-4.86
13:00:43 [ultranest] [DEBUG] iteration=4499, ncalls=88381, regioncalls=6740720, ndraw=40, logz=-12.71, remainder_fraction=2.7356%, Lmin=-5.16, Lmax=-4.86
13:00:44 [ultranest] [DEBUG] iteration=4500, ncalls=88386, regioncalls=6740920, ndraw=40, logz=-12.71, remainder_fraction=2.7293%, Lmin=-5.16, Lmax=-4.86
13:00:44 [ultranest] [DEBUG] iteration=4502, ncalls=88389, regioncalls=6741040, ndraw=40, logz=-12.71, remainder_fraction=2.7161%, Lmin=-5.16, Lmax=-4.86
13:00:44 [ultranest] [DEBUG] iteration=4503, ncalls=88401, regioncalls=6741520, ndraw=40, logz=-12.71, remainder_fraction=2.7094%, Lmin=-5.16, Lmax=-4.86
13:00:44 [ultranest] [DEBUG] iteration=4504, ncalls=88410, regioncalls=6741880, ndraw=40, logz=-12.71, remainder_fraction=2.7032%, Lmin=-5.16, Lmax=-4.86
13:00:45 [ultranest] [DEBUG] iteration=4506, ncalls=88431, regioncalls=6742720, ndraw=40, logz=-12.71, remainder_fraction=2.6916%, Lmin=-5.16, Lmax=-4.86
13:00:45 [ultranest] [DEBUG] iteration=4507, ncalls=88438, regioncalls=6743000, ndraw=40, logz=-12.71, remainder_fraction=2.6851%, Lmin=-5.16, Lmax=-4.86
13:00:46 [ultranest] [DEBUG] iteration=4509, ncalls=88445, regioncalls=6743280, ndraw=40, logz=-12.71, remainder_fraction=2.6722%, Lmin=-5.15, Lmax=-4.86
13:00:46 [ultranest] [DEBUG] iteration=4511, ncalls=88450, regioncalls=6743480, ndraw=40, logz=-12.71, remainder_fraction=2.6595%, Lmin=-5.15, Lmax=-4.86
13:00:46 [ultranest] [DEBUG] iteration=4513, ncalls=88459, regioncalls=6743840, ndraw=40, logz=-12.71, remainder_fraction=2.6467%, Lmin=-5.15, Lmax=-4.86
13:00:47 [ultranest] [DEBUG] iteration=4514, ncalls=88475, regioncalls=6744480, ndraw=40, logz=-12.71, remainder_fraction=2.6403%, Lmin=-5.15, Lmax=-4.86
13:00:47 [ultranest] [DEBUG] iteration=4515, ncalls=88496, regioncalls=6745320, ndraw=40, logz=-12.71, remainder_fraction=2.6346%, Lmin=-5.15, Lmax=-4.86
13:00:48 [ultranest] [DEBUG] iteration=4516, ncalls=88507, regioncalls=6745760, ndraw=40, logz=-12.71, remainder_fraction=2.6281%, Lmin=-5.15, Lmax=-4.86
13:00:48 [ultranest] [DEBUG] iteration=4517, ncalls=88533, regioncalls=6746800, ndraw=40, logz=-12.71, remainder_fraction=2.6230%, Lmin=-5.15, Lmax=-4.86
13:00:50 [ultranest] [DEBUG] iteration=4518, ncalls=88578, regioncalls=6748600, ndraw=40, logz=-12.71, remainder_fraction=2.6168%, Lmin=-5.15, Lmax=-4.86
13:00:50 [ultranest] [DEBUG] iteration=4519, ncalls=88584, regioncalls=6748840, ndraw=40, logz=-12.71, remainder_fraction=2.6103%, Lmin=-5.15, Lmax=-4.86
13:00:50 [ultranest] [DEBUG] iteration=4520, ncalls=88589, regioncalls=6749120, ndraw=40, logz=-12.71, remainder_fraction=2.6049%, Lmin=-5.15, Lmax=-4.86
13:00:51 [ultranest] [DEBUG] iteration=4521, ncalls=88594, regioncalls=6749320, ndraw=40, logz=-12.71, remainder_fraction=2.5985%, Lmin=-5.15, Lmax=-4.86
13:00:51 [ultranest] [DEBUG] iteration=4522, ncalls=88601, regioncalls=6749600, ndraw=40, logz=-12.71, remainder_fraction=2.5923%, Lmin=-5.15, Lmax=-4.86
13:00:51 [ultranest] [DEBUG] iteration=4524, ncalls=88605, regioncalls=6749800, ndraw=40, logz=-12.71, remainder_fraction=2.5803%, Lmin=-5.15, Lmax=-4.86
13:00:51 [ultranest] [DEBUG] iteration=4525, ncalls=88608, regioncalls=6749920, ndraw=40, logz=-12.71, remainder_fraction=2.5746%, Lmin=-5.15, Lmax=-4.86
13:00:51 [ultranest] [DEBUG] iteration=4526, ncalls=88612, regioncalls=6750240, ndraw=40, logz=-12.71, remainder_fraction=2.5689%, Lmin=-5.15, Lmax=-4.86
13:00:52 [ultranest] [DEBUG] iteration=4528, ncalls=88630, regioncalls=6750960, ndraw=40, logz=-12.71, remainder_fraction=2.5571%, Lmin=-5.15, Lmax=-4.86
13:00:52 [ultranest] [DEBUG] iteration=4529, ncalls=88635, regioncalls=6751160, ndraw=40, logz=-12.71, remainder_fraction=2.5511%, Lmin=-5.15, Lmax=-4.86
13:00:53 [ultranest] [DEBUG] iteration=4530, ncalls=88664, regioncalls=6752320, ndraw=40, logz=-12.71, remainder_fraction=2.5448%, Lmin=-5.15, Lmax=-4.86
13:00:53 [ultranest] [DEBUG] iteration=4531, ncalls=88672, regioncalls=6752640, ndraw=40, logz=-12.71, remainder_fraction=2.5388%, Lmin=-5.15, Lmax=-4.86
13:00:53 [ultranest] [DEBUG] iteration=4532, ncalls=88677, regioncalls=6752840, ndraw=40, logz=-12.71, remainder_fraction=2.5328%, Lmin=-5.15, Lmax=-4.86
13:00:53 [ultranest] [DEBUG] iteration=4533, ncalls=88683, regioncalls=6753080, ndraw=40, logz=-12.71, remainder_fraction=2.5274%, Lmin=-5.15, Lmax=-4.86
13:00:54 [ultranest] [DEBUG] iteration=4534, ncalls=88689, regioncalls=6753320, ndraw=40, logz=-12.71, remainder_fraction=2.5220%, Lmin=-5.15, Lmax=-4.86
13:00:54 [ultranest] [DEBUG] iteration=4535, ncalls=88705, regioncalls=6753960, ndraw=40, logz=-12.71, remainder_fraction=2.5161%, Lmin=-5.15, Lmax=-4.86
13:00:54 [ultranest] [DEBUG] iteration=4536, ncalls=88712, regioncalls=6754280, ndraw=40, logz=-12.71, remainder_fraction=2.5103%, Lmin=-5.15, Lmax=-4.86
13:00:55 [ultranest] [DEBUG] iteration=4537, ncalls=88732, regioncalls=6755240, ndraw=40, logz=-12.71, remainder_fraction=2.5044%, Lmin=-5.15, Lmax=-4.86
13:00:55 [ultranest] [DEBUG] iteration=4538, ncalls=88736, regioncalls=6755400, ndraw=40, logz=-12.71, remainder_fraction=2.4989%, Lmin=-5.15, Lmax=-4.86
13:00:55 [ultranest] [DEBUG] iteration=4539, ncalls=88742, regioncalls=6755640, ndraw=40, logz=-12.71, remainder_fraction=2.4932%, Lmin=-5.15, Lmax=-4.86
13:00:56 [ultranest] [DEBUG] iteration=4540, ncalls=88751, regioncalls=6756000, ndraw=40, logz=-12.71, remainder_fraction=2.4870%, Lmin=-5.15, Lmax=-4.86
13:00:56 [ultranest] [DEBUG] iteration=4541, ncalls=88757, regioncalls=6756240, ndraw=40, logz=-12.71, remainder_fraction=2.4814%, Lmin=-5.15, Lmax=-4.86
13:00:56 [ultranest] [DEBUG] iteration=4543, ncalls=88767, regioncalls=6756640, ndraw=40, logz=-12.71, remainder_fraction=2.4701%, Lmin=-5.14, Lmax=-4.86
13:00:56 [ultranest] [DEBUG] iteration=4544, ncalls=88772, regioncalls=6756840, ndraw=40, logz=-12.71, remainder_fraction=2.4639%, Lmin=-5.14, Lmax=-4.86
13:00:57 [ultranest] [DEBUG] iteration=4545, ncalls=88793, regioncalls=6757680, ndraw=40, logz=-12.71, remainder_fraction=2.4578%, Lmin=-5.14, Lmax=-4.86
13:00:58 [ultranest] [DEBUG] iteration=4546, ncalls=88813, regioncalls=6758480, ndraw=40, logz=-12.71, remainder_fraction=2.4528%, Lmin=-5.14, Lmax=-4.86
13:00:59 [ultranest] [DEBUG] iteration=4547, ncalls=88844, regioncalls=6759760, ndraw=40, logz=-12.71, remainder_fraction=2.4471%, Lmin=-5.14, Lmax=-4.86
13:00:59 [ultranest] [DEBUG] iteration=4548, ncalls=88852, regioncalls=6760120, ndraw=40, logz=-12.71, remainder_fraction=2.4420%, Lmin=-5.14, Lmax=-4.86
13:00:59 [ultranest] [DEBUG] iteration=4549, ncalls=88857, regioncalls=6760320, ndraw=40, logz=-12.71, remainder_fraction=2.4372%, Lmin=-5.14, Lmax=-4.86
13:01:00 [ultranest] [DEBUG] iteration=4550, ncalls=88870, regioncalls=6760840, ndraw=40, logz=-12.71, remainder_fraction=2.4311%, Lmin=-5.14, Lmax=-4.86
13:01:00 [ultranest] [DEBUG] iteration=4551, ncalls=88886, regioncalls=6761480, ndraw=40, logz=-12.71, remainder_fraction=2.4253%, Lmin=-5.14, Lmax=-4.86
13:01:00 [ultranest] [DEBUG] iteration=4552, ncalls=88892, regioncalls=6761720, ndraw=40, logz=-12.71, remainder_fraction=2.4201%, Lmin=-5.14, Lmax=-4.86
13:01:01 [ultranest] [DEBUG] iteration=4553, ncalls=88904, regioncalls=6762200, ndraw=40, logz=-12.71, remainder_fraction=2.4141%, Lmin=-5.14, Lmax=-4.86
13:01:02 [ultranest] [DEBUG] iteration=4556, ncalls=88929, regioncalls=6763200, ndraw=40, logz=-12.71, remainder_fraction=2.3967%, Lmin=-5.14, Lmax=-4.86
13:01:02 [ultranest] [DEBUG] iteration=4557, ncalls=88933, regioncalls=6763360, ndraw=40, logz=-12.71, remainder_fraction=2.3913%, Lmin=-5.14, Lmax=-4.86
13:01:02 [ultranest] [DEBUG] iteration=4558, ncalls=88936, regioncalls=6763480, ndraw=40, logz=-12.71, remainder_fraction=2.3854%, Lmin=-5.14, Lmax=-4.86
13:01:02 [ultranest] [DEBUG] iteration=4559, ncalls=88948, regioncalls=6763960, ndraw=40, logz=-12.71, remainder_fraction=2.3803%, Lmin=-5.14, Lmax=-4.86
13:01:02 [ultranest] [DEBUG] iteration=4560, ncalls=88954, regioncalls=6764200, ndraw=40, logz=-12.71, remainder_fraction=2.3745%, Lmin=-5.14, Lmax=-4.86
13:01:03 [ultranest] [DEBUG] iteration=4561, ncalls=88958, regioncalls=6764360, ndraw=40, logz=-12.71, remainder_fraction=2.3686%, Lmin=-5.14, Lmax=-4.86
13:01:03 [ultranest] [DEBUG] iteration=4562, ncalls=88973, regioncalls=6764960, ndraw=40, logz=-12.71, remainder_fraction=2.3628%, Lmin=-5.14, Lmax=-4.86
13:01:03 [ultranest] [DEBUG] iteration=4563, ncalls=88977, regioncalls=6765120, ndraw=40, logz=-12.71, remainder_fraction=2.3578%, Lmin=-5.14, Lmax=-4.86
13:01:04 [ultranest] [DEBUG] iteration=4565, ncalls=88986, regioncalls=6765520, ndraw=40, logz=-12.71, remainder_fraction=2.3469%, Lmin=-5.14, Lmax=-4.86
13:01:04 [ultranest] [DEBUG] iteration=4566, ncalls=89005, regioncalls=6766360, ndraw=40, logz=-12.71, remainder_fraction=2.3416%, Lmin=-5.14, Lmax=-4.86
13:01:05 [ultranest] [DEBUG] iteration=4568, ncalls=89019, regioncalls=6766920, ndraw=40, logz=-12.71, remainder_fraction=2.3313%, Lmin=-5.14, Lmax=-4.86
13:01:05 [ultranest] [DEBUG] iteration=4569, ncalls=89037, regioncalls=6767640, ndraw=40, logz=-12.71, remainder_fraction=2.3266%, Lmin=-5.14, Lmax=-4.86
13:01:06 [ultranest] [DEBUG] iteration=4570, ncalls=89057, regioncalls=6768440, ndraw=40, logz=-12.71, remainder_fraction=2.3209%, Lmin=-5.14, Lmax=-4.86
13:01:07 [ultranest] [DEBUG] iteration=4571, ncalls=89076, regioncalls=6769200, ndraw=40, logz=-12.71, remainder_fraction=2.3156%, Lmin=-5.14, Lmax=-4.86
13:01:07 [ultranest] [DEBUG] iteration=4572, ncalls=89089, regioncalls=6769720, ndraw=40, logz=-12.71, remainder_fraction=2.3108%, Lmin=-5.14, Lmax=-4.86
13:01:07 [ultranest] [DEBUG] iteration=4573, ncalls=89095, regioncalls=6769960, ndraw=40, logz=-12.71, remainder_fraction=2.3051%, Lmin=-5.14, Lmax=-4.86
13:01:07 [ultranest] [DEBUG] iteration=4574, ncalls=89099, regioncalls=6770120, ndraw=40, logz=-12.71, remainder_fraction=2.2998%, Lmin=-5.14, Lmax=-4.86
13:01:08 [ultranest] [DEBUG] iteration=4575, ncalls=89125, regioncalls=6771160, ndraw=40, logz=-12.71, remainder_fraction=2.2945%, Lmin=-5.14, Lmax=-4.86
13:01:08 [ultranest] [DEBUG] iteration=4576, ncalls=89131, regioncalls=6771400, ndraw=40, logz=-12.71, remainder_fraction=2.2898%, Lmin=-5.14, Lmax=-4.86
13:01:09 [ultranest] [DEBUG] iteration=4577, ncalls=89142, regioncalls=6771840, ndraw=40, logz=-12.71, remainder_fraction=2.2844%, Lmin=-5.14, Lmax=-4.86
13:01:09 [ultranest] [DEBUG] iteration=4579, ncalls=89155, regioncalls=6772360, ndraw=40, logz=-12.71, remainder_fraction=2.2733%, Lmin=-5.14, Lmax=-4.86
13:01:10 [ultranest] [DEBUG] iteration=4580, ncalls=89172, regioncalls=6773040, ndraw=40, logz=-12.71, remainder_fraction=2.2678%, Lmin=-5.14, Lmax=-4.86
13:01:11 [ultranest] [DEBUG] iteration=4581, ncalls=89213, regioncalls=6774680, ndraw=40, logz=-12.71, remainder_fraction=2.2631%, Lmin=-5.14, Lmax=-4.86
13:01:11 [ultranest] [DEBUG] iteration=4582, ncalls=89217, regioncalls=6774840, ndraw=40, logz=-12.71, remainder_fraction=2.2576%, Lmin=-5.14, Lmax=-4.86
13:01:12 [ultranest] [DEBUG] iteration=4583, ncalls=89251, regioncalls=6776200, ndraw=40, logz=-12.71, remainder_fraction=2.2522%, Lmin=-5.14, Lmax=-4.86
13:01:13 [ultranest] [DEBUG] iteration=4584, ncalls=89255, regioncalls=6776360, ndraw=40, logz=-12.71, remainder_fraction=2.2472%, Lmin=-5.14, Lmax=-4.86
13:01:13 [ultranest] [DEBUG] iteration=4585, ncalls=89268, regioncalls=6776880, ndraw=40, logz=-12.71, remainder_fraction=2.2417%, Lmin=-5.14, Lmax=-4.86
13:01:13 [ultranest] [DEBUG] iteration=4586, ncalls=89277, regioncalls=6777240, ndraw=40, logz=-12.71, remainder_fraction=2.2368%, Lmin=-5.14, Lmax=-4.86
13:01:13 [ultranest] [DEBUG] iteration=4587, ncalls=89281, regioncalls=6777400, ndraw=40, logz=-12.71, remainder_fraction=2.2318%, Lmin=-5.14, Lmax=-4.86
13:01:14 [ultranest] [DEBUG] iteration=4588, ncalls=89289, regioncalls=6777720, ndraw=40, logz=-12.71, remainder_fraction=2.2263%, Lmin=-5.14, Lmax=-4.86
13:01:14 [ultranest] [DEBUG] iteration=4590, ncalls=89291, regioncalls=6777800, ndraw=40, logz=-12.71, remainder_fraction=2.2155%, Lmin=-5.13, Lmax=-4.86
13:01:14 [ultranest] [DEBUG] iteration=4591, ncalls=89309, regioncalls=6778520, ndraw=40, logz=-12.71, remainder_fraction=2.2103%, Lmin=-5.13, Lmax=-4.86
13:01:15 [ultranest] [DEBUG] iteration=4592, ncalls=89318, regioncalls=6778960, ndraw=40, logz=-12.71, remainder_fraction=2.2055%, Lmin=-5.13, Lmax=-4.86
13:01:15 [ultranest] [DEBUG] iteration=4595, ncalls=89327, regioncalls=6779480, ndraw=40, logz=-12.71, remainder_fraction=2.1902%, Lmin=-5.13, Lmax=-4.86
13:01:15 [ultranest] [DEBUG] iteration=4596, ncalls=89334, regioncalls=6779760, ndraw=40, logz=-12.71, remainder_fraction=2.1853%, Lmin=-5.13, Lmax=-4.86
13:01:15 [ultranest] [DEBUG] iteration=4597, ncalls=89340, regioncalls=6780000, ndraw=40, logz=-12.71, remainder_fraction=2.1804%, Lmin=-5.13, Lmax=-4.86
13:01:16 [ultranest] [DEBUG] iteration=4598, ncalls=89353, regioncalls=6780520, ndraw=40, logz=-12.71, remainder_fraction=2.1760%, Lmin=-5.13, Lmax=-4.86
13:01:17 [ultranest] [DEBUG] iteration=4600, ncalls=89380, regioncalls=6781600, ndraw=40, logz=-12.71, remainder_fraction=2.1656%, Lmin=-5.13, Lmax=-4.86
13:01:17 [ultranest] [DEBUG] iteration=4602, ncalls=89393, regioncalls=6782120, ndraw=40, logz=-12.71, remainder_fraction=2.1554%, Lmin=-5.13, Lmax=-4.86
13:01:18 [ultranest] [DEBUG] iteration=4603, ncalls=89419, regioncalls=6783160, ndraw=40, logz=-12.71, remainder_fraction=2.1501%, Lmin=-5.13, Lmax=-4.86
13:01:18 [ultranest] [DEBUG] iteration=4604, ncalls=89424, regioncalls=6783360, ndraw=40, logz=-12.71, remainder_fraction=2.1449%, Lmin=-5.13, Lmax=-4.86
13:01:19 [ultranest] [DEBUG] iteration=4605, ncalls=89438, regioncalls=6783920, ndraw=40, logz=-12.71, remainder_fraction=2.1400%, Lmin=-5.13, Lmax=-4.86
13:01:19 [ultranest] [DEBUG] iteration=4607, ncalls=89449, regioncalls=6784360, ndraw=40, logz=-12.71, remainder_fraction=2.1299%, Lmin=-5.13, Lmax=-4.86
13:01:20 [ultranest] [DEBUG] iteration=4609, ncalls=89475, regioncalls=6785400, ndraw=40, logz=-12.71, remainder_fraction=2.1201%, Lmin=-5.13, Lmax=-4.86
13:01:20 [ultranest] [DEBUG] iteration=4610, ncalls=89478, regioncalls=6785640, ndraw=40, logz=-12.71, remainder_fraction=2.1149%, Lmin=-5.13, Lmax=-4.86
13:01:20 [ultranest] [DEBUG] iteration=4611, ncalls=89482, regioncalls=6785800, ndraw=40, logz=-12.71, remainder_fraction=2.1099%, Lmin=-5.13, Lmax=-4.86
13:01:21 [ultranest] [DEBUG] iteration=4612, ncalls=89494, regioncalls=6786280, ndraw=40, logz=-12.71, remainder_fraction=2.1053%, Lmin=-5.13, Lmax=-4.86
13:01:21 [ultranest] [DEBUG] iteration=4613, ncalls=89499, regioncalls=6786480, ndraw=40, logz=-12.71, remainder_fraction=2.1004%, Lmin=-5.13, Lmax=-4.86
13:01:21 [ultranest] [DEBUG] iteration=4615, ncalls=89512, regioncalls=6787000, ndraw=40, logz=-12.71, remainder_fraction=2.0910%, Lmin=-5.13, Lmax=-4.86
13:01:22 [ultranest] [DEBUG] iteration=4616, ncalls=89543, regioncalls=6788240, ndraw=40, logz=-12.71, remainder_fraction=2.0859%, Lmin=-5.13, Lmax=-4.86
13:01:22 [ultranest] [DEBUG] iteration=4617, ncalls=89549, regioncalls=6788480, ndraw=40, logz=-12.71, remainder_fraction=2.0812%, Lmin=-5.13, Lmax=-4.86
13:01:23 [ultranest] [DEBUG] iteration=4618, ncalls=89565, regioncalls=6789120, ndraw=40, logz=-12.71, remainder_fraction=2.0764%, Lmin=-5.13, Lmax=-4.86
13:01:23 [ultranest] [DEBUG] iteration=4619, ncalls=89568, regioncalls=6789240, ndraw=40, logz=-12.71, remainder_fraction=2.0713%, Lmin=-5.13, Lmax=-4.86
13:01:23 [ultranest] [DEBUG] iteration=4621, ncalls=89574, regioncalls=6789480, ndraw=40, logz=-12.71, remainder_fraction=2.0619%, Lmin=-5.13, Lmax=-4.86
13:01:24 [ultranest] [DEBUG] iteration=4623, ncalls=89592, regioncalls=6790200, ndraw=40, logz=-12.71, remainder_fraction=2.0518%, Lmin=-5.13, Lmax=-4.86
13:01:24 [ultranest] [DEBUG] iteration=4624, ncalls=89608, regioncalls=6790840, ndraw=40, logz=-12.71, remainder_fraction=2.0473%, Lmin=-5.13, Lmax=-4.86
13:01:25 [ultranest] [DEBUG] iteration=4625, ncalls=89615, regioncalls=6791120, ndraw=40, logz=-12.71, remainder_fraction=2.0425%, Lmin=-5.13, Lmax=-4.86
13:01:25 [ultranest] [DEBUG] iteration=4626, ncalls=89620, regioncalls=6791320, ndraw=40, logz=-12.71, remainder_fraction=2.0378%, Lmin=-5.13, Lmax=-4.86
13:01:25 [ultranest] [DEBUG] iteration=4627, ncalls=89628, regioncalls=6791640, ndraw=40, logz=-12.71, remainder_fraction=2.0331%, Lmin=-5.13, Lmax=-4.86
13:01:25 [ultranest] [DEBUG] iteration=4629, ncalls=89638, regioncalls=6792040, ndraw=40, logz=-12.71, remainder_fraction=2.0238%, Lmin=-5.12, Lmax=-4.86
13:01:26 [ultranest] [DEBUG] iteration=4631, ncalls=89642, regioncalls=6792200, ndraw=40, logz=-12.71, remainder_fraction=2.0141%, Lmin=-5.12, Lmax=-4.86
13:01:26 [ultranest] [DEBUG] iteration=4633, ncalls=89655, regioncalls=6792720, ndraw=40, logz=-12.71, remainder_fraction=2.0047%, Lmin=-5.12, Lmax=-4.86
13:01:26 [ultranest] [DEBUG] iteration=4634, ncalls=89668, regioncalls=6793240, ndraw=40, logz=-12.71, remainder_fraction=2.0001%, Lmin=-5.12, Lmax=-4.86
13:01:27 [ultranest] [DEBUG] iteration=4636, ncalls=89673, regioncalls=6793440, ndraw=40, logz=-12.71, remainder_fraction=1.9913%, Lmin=-5.12, Lmax=-4.86
13:01:27 [ultranest] [DEBUG] iteration=4637, ncalls=89689, regioncalls=6794080, ndraw=40, logz=-12.71, remainder_fraction=1.9871%, Lmin=-5.12, Lmax=-4.86
13:01:28 [ultranest] [DEBUG] iteration=4638, ncalls=89704, regioncalls=6794680, ndraw=40, logz=-12.71, remainder_fraction=1.9822%, Lmin=-5.12, Lmax=-4.86
13:01:28 [ultranest] [DEBUG] iteration=4639, ncalls=89718, regioncalls=6795240, ndraw=40, logz=-12.71, remainder_fraction=1.9775%, Lmin=-5.12, Lmax=-4.86
13:01:28 [ultranest] [DEBUG] iteration=4641, ncalls=89724, regioncalls=6795480, ndraw=40, logz=-12.71, remainder_fraction=1.9678%, Lmin=-5.12, Lmax=-4.86
13:01:29 [ultranest] [DEBUG] iteration=4643, ncalls=89734, regioncalls=6795880, ndraw=40, logz=-12.71, remainder_fraction=1.9590%, Lmin=-5.12, Lmax=-4.86
13:01:29 [ultranest] [DEBUG] iteration=4644, ncalls=89742, regioncalls=6796200, ndraw=40, logz=-12.71, remainder_fraction=1.9551%, Lmin=-5.12, Lmax=-4.86
13:01:29 [ultranest] [DEBUG] iteration=4646, ncalls=89746, regioncalls=6796360, ndraw=40, logz=-12.71, remainder_fraction=1.9454%, Lmin=-5.12, Lmax=-4.86
13:01:30 [ultranest] [DEBUG] iteration=4647, ncalls=89756, regioncalls=6796760, ndraw=40, logz=-12.71, remainder_fraction=1.9406%, Lmin=-5.12, Lmax=-4.86
13:01:30 [ultranest] [DEBUG] iteration=4648, ncalls=89761, regioncalls=6796960, ndraw=40, logz=-12.71, remainder_fraction=1.9364%, Lmin=-5.12, Lmax=-4.86
13:01:30 [ultranest] [DEBUG] iteration=4649, ncalls=89770, regioncalls=6797320, ndraw=40, logz=-12.71, remainder_fraction=1.9316%, Lmin=-5.12, Lmax=-4.86
13:01:31 [ultranest] [DEBUG] iteration=4650, ncalls=89810, regioncalls=6798920, ndraw=40, logz=-12.71, remainder_fraction=1.9278%, Lmin=-5.12, Lmax=-4.86
13:01:32 [ultranest] [DEBUG] iteration=4652, ncalls=89820, regioncalls=6799320, ndraw=40, logz=-12.71, remainder_fraction=1.9192%, Lmin=-5.12, Lmax=-4.86
13:01:32 [ultranest] [DEBUG] iteration=4653, ncalls=89826, regioncalls=6799560, ndraw=40, logz=-12.71, remainder_fraction=1.9153%, Lmin=-5.12, Lmax=-4.86
13:01:32 [ultranest] [DEBUG] iteration=4655, ncalls=89839, regioncalls=6800080, ndraw=40, logz=-12.71, remainder_fraction=1.9064%, Lmin=-5.12, Lmax=-4.86
13:01:33 [ultranest] [DEBUG] iteration=4656, ncalls=89854, regioncalls=6800680, ndraw=40, logz=-12.71, remainder_fraction=1.9025%, Lmin=-5.12, Lmax=-4.86
13:01:33 [ultranest] [DEBUG] iteration=4658, ncalls=89869, regioncalls=6801280, ndraw=40, logz=-12.70, remainder_fraction=1.8938%, Lmin=-5.12, Lmax=-4.86
13:01:34 [ultranest] [DEBUG] iteration=4659, ncalls=89882, regioncalls=6801800, ndraw=40, logz=-12.70, remainder_fraction=1.8895%, Lmin=-5.12, Lmax=-4.86
13:01:34 [ultranest] [DEBUG] iteration=4660, ncalls=89886, regioncalls=6801960, ndraw=40, logz=-12.70, remainder_fraction=1.8854%, Lmin=-5.12, Lmax=-4.86
13:01:34 [ultranest] [DEBUG] iteration=4662, ncalls=89892, regioncalls=6802200, ndraw=40, logz=-12.70, remainder_fraction=1.8772%, Lmin=-5.12, Lmax=-4.86
13:01:34 [ultranest] [DEBUG] iteration=4663, ncalls=89896, regioncalls=6802360, ndraw=40, logz=-12.70, remainder_fraction=1.8733%, Lmin=-5.12, Lmax=-4.86
13:01:34 [ultranest] [DEBUG] iteration=4664, ncalls=89899, regioncalls=6802480, ndraw=40, logz=-12.70, remainder_fraction=1.8690%, Lmin=-5.12, Lmax=-4.86
13:01:35 [ultranest] [DEBUG] iteration=4665, ncalls=89924, regioncalls=6803480, ndraw=40, logz=-12.70, remainder_fraction=1.8644%, Lmin=-5.12, Lmax=-4.86
13:01:35 [ultranest] [DEBUG] iteration=4667, ncalls=89930, regioncalls=6803720, ndraw=40, logz=-12.70, remainder_fraction=1.8554%, Lmin=-5.12, Lmax=-4.86
13:01:36 [ultranest] [DEBUG] iteration=4669, ncalls=89939, regioncalls=6804080, ndraw=40, logz=-12.70, remainder_fraction=1.8470%, Lmin=-5.12, Lmax=-4.86
13:01:36 [ultranest] [DEBUG] iteration=4671, ncalls=89945, regioncalls=6804320, ndraw=40, logz=-12.70, remainder_fraction=1.8386%, Lmin=-5.11, Lmax=-4.86
13:01:36 [ultranest] [DEBUG] iteration=4672, ncalls=89954, regioncalls=6804680, ndraw=40, logz=-12.70, remainder_fraction=1.8342%, Lmin=-5.11, Lmax=-4.86
13:01:37 [ultranest] [DEBUG] iteration=4673, ncalls=89965, regioncalls=6805120, ndraw=40, logz=-12.70, remainder_fraction=1.8301%, Lmin=-5.11, Lmax=-4.86
13:01:37 [ultranest] [DEBUG] iteration=4674, ncalls=89968, regioncalls=6805240, ndraw=40, logz=-12.70, remainder_fraction=1.8257%, Lmin=-5.11, Lmax=-4.86
13:01:37 [ultranest] [DEBUG] iteration=4675, ncalls=89974, regioncalls=6805480, ndraw=40, logz=-12.70, remainder_fraction=1.8212%, Lmin=-5.11, Lmax=-4.86
13:01:37 [ultranest] [DEBUG] iteration=4676, ncalls=89977, regioncalls=6805600, ndraw=40, logz=-12.70, remainder_fraction=1.8177%, Lmin=-5.11, Lmax=-4.86
13:01:37 [ultranest] [DEBUG] iteration=4678, ncalls=89992, regioncalls=6806200, ndraw=40, logz=-12.70, remainder_fraction=1.8090%, Lmin=-5.11, Lmax=-4.86
13:01:38 [ultranest] [DEBUG] iteration=4679, ncalls=90007, regioncalls=6806800, ndraw=40, logz=-12.70, remainder_fraction=1.8050%, Lmin=-5.11, Lmax=-4.86
13:01:38 [ultranest] [DEBUG] iteration=4681, ncalls=90016, regioncalls=6807160, ndraw=40, logz=-12.70, remainder_fraction=1.7971%, Lmin=-5.11, Lmax=-4.86
13:01:38 [ultranest] [DEBUG] iteration=4682, ncalls=90020, regioncalls=6807320, ndraw=40, logz=-12.70, remainder_fraction=1.7928%, Lmin=-5.11, Lmax=-4.86
13:01:39 [ultranest] [DEBUG] iteration=4683, ncalls=90024, regioncalls=6807480, ndraw=40, logz=-12.70, remainder_fraction=1.7885%, Lmin=-5.11, Lmax=-4.86
13:01:39 [ultranest] [DEBUG] iteration=4685, ncalls=90029, regioncalls=6807680, ndraw=40, logz=-12.70, remainder_fraction=1.7806%, Lmin=-5.11, Lmax=-4.86
13:01:39 [ultranest] [DEBUG] iteration=4686, ncalls=90034, regioncalls=6807880, ndraw=40, logz=-12.70, remainder_fraction=1.7764%, Lmin=-5.11, Lmax=-4.86
13:01:39 [ultranest] [DEBUG] iteration=4687, ncalls=90038, regioncalls=6808040, ndraw=40, logz=-12.70, remainder_fraction=1.7724%, Lmin=-5.11, Lmax=-4.86
13:01:39 [ultranest] [DEBUG] iteration=4689, ncalls=90043, regioncalls=6808240, ndraw=40, logz=-12.70, remainder_fraction=1.7641%, Lmin=-5.11, Lmax=-4.86
13:01:40 [ultranest] [DEBUG] iteration=4690, ncalls=90056, regioncalls=6808760, ndraw=40, logz=-12.70, remainder_fraction=1.7599%, Lmin=-5.11, Lmax=-4.86
13:01:40 [ultranest] [DEBUG] iteration=4691, ncalls=90067, regioncalls=6809200, ndraw=40, logz=-12.70, remainder_fraction=1.7563%, Lmin=-5.11, Lmax=-4.86
13:01:40 [ultranest] [DEBUG] iteration=4692, ncalls=90068, regioncalls=6809240, ndraw=40, logz=-12.70, remainder_fraction=1.7521%, Lmin=-5.11, Lmax=-4.86
13:01:40 [ultranest] [DEBUG] iteration=4693, ncalls=90074, regioncalls=6809480, ndraw=40, logz=-12.70, remainder_fraction=1.7479%, Lmin=-5.11, Lmax=-4.86
13:01:41 [ultranest] [DEBUG] iteration=4694, ncalls=90087, regioncalls=6810000, ndraw=40, logz=-12.70, remainder_fraction=1.7439%, Lmin=-5.11, Lmax=-4.86
13:01:41 [ultranest] [DEBUG] iteration=4695, ncalls=90091, regioncalls=6810160, ndraw=40, logz=-12.70, remainder_fraction=1.7400%, Lmin=-5.11, Lmax=-4.86
13:01:43 [ultranest] [DEBUG] iteration=4696, ncalls=90145, regioncalls=6812320, ndraw=40, logz=-12.70, remainder_fraction=1.7358%, Lmin=-5.11, Lmax=-4.86
13:01:43 [ultranest] [DEBUG] iteration=4697, ncalls=90153, regioncalls=6812640, ndraw=40, logz=-12.70, remainder_fraction=1.7315%, Lmin=-5.11, Lmax=-4.86
13:01:44 [ultranest] [DEBUG] iteration=4698, ncalls=90187, regioncalls=6814000, ndraw=40, logz=-12.70, remainder_fraction=1.7274%, Lmin=-5.11, Lmax=-4.86
13:01:44 [ultranest] [DEBUG] iteration=4699, ncalls=90193, regioncalls=6814240, ndraw=40, logz=-12.70, remainder_fraction=1.7232%, Lmin=-5.11, Lmax=-4.86
13:01:45 [ultranest] [DEBUG] iteration=4700, ncalls=90199, regioncalls=6814480, ndraw=40, logz=-12.70, remainder_fraction=1.7193%, Lmin=-5.11, Lmax=-4.86
13:01:45 [ultranest] [DEBUG] iteration=4701, ncalls=90205, regioncalls=6814720, ndraw=40, logz=-12.70, remainder_fraction=1.7153%, Lmin=-5.11, Lmax=-4.86
13:01:45 [ultranest] [DEBUG] iteration=4702, ncalls=90212, regioncalls=6815000, ndraw=40, logz=-12.70, remainder_fraction=1.7112%, Lmin=-5.11, Lmax=-4.86
13:01:45 [ultranest] [DEBUG] iteration=4703, ncalls=90218, regioncalls=6815240, ndraw=40, logz=-12.70, remainder_fraction=1.7071%, Lmin=-5.11, Lmax=-4.86
13:01:46 [ultranest] [DEBUG] iteration=4704, ncalls=90233, regioncalls=6815840, ndraw=40, logz=-12.70, remainder_fraction=1.7031%, Lmin=-5.11, Lmax=-4.86
13:01:46 [ultranest] [DEBUG] iteration=4705, ncalls=90255, regioncalls=6816720, ndraw=40, logz=-12.70, remainder_fraction=1.6990%, Lmin=-5.10, Lmax=-4.86
13:01:47 [ultranest] [DEBUG] iteration=4707, ncalls=90267, regioncalls=6817200, ndraw=40, logz=-12.70, remainder_fraction=1.6914%, Lmin=-5.10, Lmax=-4.86
13:01:47 [ultranest] [DEBUG] iteration=4708, ncalls=90271, regioncalls=6817360, ndraw=40, logz=-12.70, remainder_fraction=1.6872%, Lmin=-5.10, Lmax=-4.86
13:01:47 [ultranest] [DEBUG] iteration=4709, ncalls=90274, regioncalls=6817480, ndraw=40, logz=-12.70, remainder_fraction=1.6834%, Lmin=-5.10, Lmax=-4.86
13:01:47 [ultranest] [DEBUG] iteration=4710, ncalls=90280, regioncalls=6817720, ndraw=40, logz=-12.70, remainder_fraction=1.6793%, Lmin=-5.10, Lmax=-4.86
13:01:47 [ultranest] [DEBUG] iteration=4711, ncalls=90285, regioncalls=6817920, ndraw=40, logz=-12.70, remainder_fraction=1.6751%, Lmin=-5.10, Lmax=-4.86
13:01:48 [ultranest] [DEBUG] iteration=4712, ncalls=90300, regioncalls=6818520, ndraw=40, logz=-12.70, remainder_fraction=1.6711%, Lmin=-5.10, Lmax=-4.86
13:01:48 [ultranest] [DEBUG] iteration=4714, ncalls=90304, regioncalls=6818680, ndraw=40, logz=-12.70, remainder_fraction=1.6634%, Lmin=-5.10, Lmax=-4.86
13:01:49 [ultranest] [DEBUG] iteration=4715, ncalls=90326, regioncalls=6819560, ndraw=40, logz=-12.70, remainder_fraction=1.6597%, Lmin=-5.10, Lmax=-4.86
13:01:49 [ultranest] [DEBUG] iteration=4716, ncalls=90335, regioncalls=6819920, ndraw=40, logz=-12.70, remainder_fraction=1.6560%, Lmin=-5.10, Lmax=-4.86
13:01:49 [ultranest] [DEBUG] iteration=4717, ncalls=90340, regioncalls=6820120, ndraw=40, logz=-12.70, remainder_fraction=1.6519%, Lmin=-5.10, Lmax=-4.86
13:01:50 [ultranest] [DEBUG] iteration=4718, ncalls=90356, regioncalls=6820760, ndraw=40, logz=-12.70, remainder_fraction=1.6483%, Lmin=-5.10, Lmax=-4.86
13:01:50 [ultranest] [DEBUG] iteration=4720, ncalls=90362, regioncalls=6821000, ndraw=40, logz=-12.70, remainder_fraction=1.6404%, Lmin=-5.10, Lmax=-4.86
13:01:50 [ultranest] [DEBUG] iteration=4722, ncalls=90366, regioncalls=6821160, ndraw=40, logz=-12.70, remainder_fraction=1.6325%, Lmin=-5.10, Lmax=-4.86
13:01:51 [ultranest] [DEBUG] iteration=4723, ncalls=90380, regioncalls=6821720, ndraw=40, logz=-12.70, remainder_fraction=1.6287%, Lmin=-5.10, Lmax=-4.86
13:01:51 [ultranest] [DEBUG] iteration=4724, ncalls=90405, regioncalls=6822720, ndraw=40, logz=-12.70, remainder_fraction=1.6248%, Lmin=-5.10, Lmax=-4.86
13:01:52 [ultranest] [DEBUG] iteration=4725, ncalls=90430, regioncalls=6823720, ndraw=40, logz=-12.70, remainder_fraction=1.6208%, Lmin=-5.10, Lmax=-4.86
13:01:53 [ultranest] [DEBUG] iteration=4727, ncalls=90441, regioncalls=6824160, ndraw=40, logz=-12.70, remainder_fraction=1.6135%, Lmin=-5.10, Lmax=-4.86
13:01:53 [ultranest] [DEBUG] iteration=4728, ncalls=90446, regioncalls=6824360, ndraw=40, logz=-12.70, remainder_fraction=1.6097%, Lmin=-5.10, Lmax=-4.86
13:01:53 [ultranest] [DEBUG] iteration=4729, ncalls=90451, regioncalls=6824560, ndraw=40, logz=-12.70, remainder_fraction=1.6059%, Lmin=-5.10, Lmax=-4.86
13:01:53 [ultranest] [DEBUG] iteration=4732, ncalls=90455, regioncalls=6824720, ndraw=40, logz=-12.70, remainder_fraction=1.5949%, Lmin=-5.10, Lmax=-4.86
13:01:53 [ultranest] [DEBUG] iteration=4733, ncalls=90462, regioncalls=6825000, ndraw=40, logz=-12.70, remainder_fraction=1.5912%, Lmin=-5.10, Lmax=-4.86
13:01:53 [ultranest] [DEBUG] iteration=4735, ncalls=90467, regioncalls=6825200, ndraw=40, logz=-12.70, remainder_fraction=1.5838%, Lmin=-5.10, Lmax=-4.86
13:01:54 [ultranest] [DEBUG] iteration=4736, ncalls=90471, regioncalls=6825360, ndraw=40, logz=-12.70, remainder_fraction=1.5801%, Lmin=-5.10, Lmax=-4.86
13:01:54 [ultranest] [DEBUG] iteration=4737, ncalls=90476, regioncalls=6825560, ndraw=40, logz=-12.70, remainder_fraction=1.5763%, Lmin=-5.10, Lmax=-4.86
13:01:54 [ultranest] [DEBUG] iteration=4739, ncalls=90480, regioncalls=6825720, ndraw=40, logz=-12.70, remainder_fraction=1.5687%, Lmin=-5.10, Lmax=-4.86
13:01:54 [ultranest] [DEBUG] iteration=4743, ncalls=90486, regioncalls=6825960, ndraw=40, logz=-12.70, remainder_fraction=1.5539%, Lmin=-5.10, Lmax=-4.86
13:01:55 [ultranest] [DEBUG] iteration=4744, ncalls=90501, regioncalls=6826560, ndraw=40, logz=-12.70, remainder_fraction=1.5504%, Lmin=-5.10, Lmax=-4.86
13:01:55 [ultranest] [DEBUG] iteration=4746, ncalls=90504, regioncalls=6826680, ndraw=40, logz=-12.70, remainder_fraction=1.5435%, Lmin=-5.10, Lmax=-4.86
13:01:55 [ultranest] [DEBUG] iteration=4747, ncalls=90511, regioncalls=6826960, ndraw=40, logz=-12.70, remainder_fraction=1.5396%, Lmin=-5.10, Lmax=-4.86
13:01:55 [ultranest] [DEBUG] iteration=4748, ncalls=90520, regioncalls=6827320, ndraw=40, logz=-12.70, remainder_fraction=1.5359%, Lmin=-5.09, Lmax=-4.86
13:01:55 [ultranest] [DEBUG] iteration=4749, ncalls=90527, regioncalls=6827600, ndraw=40, logz=-12.70, remainder_fraction=1.5324%, Lmin=-5.09, Lmax=-4.86
13:01:56 [ultranest] [DEBUG] iteration=4750, ncalls=90541, regioncalls=6828160, ndraw=40, logz=-12.70, remainder_fraction=1.5287%, Lmin=-5.09, Lmax=-4.86
13:01:56 [ultranest] [DEBUG] iteration=4751, ncalls=90552, regioncalls=6828600, ndraw=40, logz=-12.70, remainder_fraction=1.5250%, Lmin=-5.09, Lmax=-4.86
13:01:56 [ultranest] [DEBUG] iteration=4752, ncalls=90555, regioncalls=6828720, ndraw=40, logz=-12.70, remainder_fraction=1.5219%, Lmin=-5.09, Lmax=-4.86
13:01:57 [ultranest] [DEBUG] iteration=4753, ncalls=90566, regioncalls=6829160, ndraw=40, logz=-12.70, remainder_fraction=1.5187%, Lmin=-5.09, Lmax=-4.86
13:01:57 [ultranest] [DEBUG] iteration=4754, ncalls=90576, regioncalls=6829560, ndraw=40, logz=-12.70, remainder_fraction=1.5150%, Lmin=-5.09, Lmax=-4.86
13:01:57 [ultranest] [DEBUG] iteration=4756, ncalls=90582, regioncalls=6829800, ndraw=40, logz=-12.70, remainder_fraction=1.5078%, Lmin=-5.09, Lmax=-4.86
13:01:58 [ultranest] [DEBUG] iteration=4757, ncalls=90607, regioncalls=6830800, ndraw=40, logz=-12.70, remainder_fraction=1.5040%, Lmin=-5.09, Lmax=-4.86
13:01:59 [ultranest] [DEBUG] iteration=4758, ncalls=90625, regioncalls=6831520, ndraw=40, logz=-12.70, remainder_fraction=1.5006%, Lmin=-5.09, Lmax=-4.86
13:01:59 [ultranest] [DEBUG] iteration=4759, ncalls=90632, regioncalls=6831800, ndraw=40, logz=-12.70, remainder_fraction=1.4971%, Lmin=-5.09, Lmax=-4.86
13:01:59 [ultranest] [DEBUG] iteration=4760, ncalls=90650, regioncalls=6832520, ndraw=40, logz=-12.70, remainder_fraction=1.4935%, Lmin=-5.09, Lmax=-4.86
13:02:00 [ultranest] [DEBUG] iteration=4761, ncalls=90669, regioncalls=6833280, ndraw=40, logz=-12.70, remainder_fraction=1.4899%, Lmin=-5.09, Lmax=-4.86
13:02:00 [ultranest] [DEBUG] iteration=4762, ncalls=90679, regioncalls=6833680, ndraw=40, logz=-12.70, remainder_fraction=1.4864%, Lmin=-5.09, Lmax=-4.86
13:02:01 [ultranest] [DEBUG] iteration=4764, ncalls=90689, regioncalls=6834080, ndraw=40, logz=-12.70, remainder_fraction=1.4801%, Lmin=-5.09, Lmax=-4.86
13:02:01 [ultranest] [DEBUG] iteration=4766, ncalls=90693, regioncalls=6834240, ndraw=40, logz=-12.70, remainder_fraction=1.4733%, Lmin=-5.09, Lmax=-4.86
13:02:02 [ultranest] [DEBUG] iteration=4767, ncalls=90716, regioncalls=6835160, ndraw=40, logz=-12.70, remainder_fraction=1.4704%, Lmin=-5.09, Lmax=-4.86
13:02:02 [ultranest] [DEBUG] iteration=4769, ncalls=90726, regioncalls=6835560, ndraw=40, logz=-12.70, remainder_fraction=1.4634%, Lmin=-5.09, Lmax=-4.86
13:02:02 [ultranest] [DEBUG] iteration=4771, ncalls=90731, regioncalls=6835760, ndraw=40, logz=-12.70, remainder_fraction=1.4566%, Lmin=-5.09, Lmax=-4.86
13:02:03 [ultranest] [DEBUG] iteration=4772, ncalls=90745, regioncalls=6836320, ndraw=40, logz=-12.70, remainder_fraction=1.4530%, Lmin=-5.09, Lmax=-4.86
13:02:03 [ultranest] [DEBUG] iteration=4773, ncalls=90751, regioncalls=6836560, ndraw=40, logz=-12.70, remainder_fraction=1.4500%, Lmin=-5.09, Lmax=-4.86
13:02:03 [ultranest] [DEBUG] iteration=4774, ncalls=90754, regioncalls=6836680, ndraw=40, logz=-12.70, remainder_fraction=1.4467%, Lmin=-5.09, Lmax=-4.86
13:02:03 [ultranest] [DEBUG] iteration=4775, ncalls=90757, regioncalls=6836800, ndraw=40, logz=-12.70, remainder_fraction=1.4433%, Lmin=-5.09, Lmax=-4.86
13:02:03 [ultranest] [DEBUG] iteration=4776, ncalls=90767, regioncalls=6837200, ndraw=40, logz=-12.70, remainder_fraction=1.4399%, Lmin=-5.09, Lmax=-4.86
13:02:04 [ultranest] [DEBUG] iteration=4777, ncalls=90774, regioncalls=6837480, ndraw=40, logz=-12.70, remainder_fraction=1.4366%, Lmin=-5.09, Lmax=-4.86
13:02:04 [ultranest] [DEBUG] iteration=4778, ncalls=90783, regioncalls=6837840, ndraw=40, logz=-12.70, remainder_fraction=1.4332%, Lmin=-5.09, Lmax=-4.86
13:02:05 [ultranest] [DEBUG] iteration=4779, ncalls=90801, regioncalls=6838560, ndraw=40, logz=-12.70, remainder_fraction=1.4298%, Lmin=-5.09, Lmax=-4.86
13:02:05 [ultranest] [DEBUG] iteration=4780, ncalls=90828, regioncalls=6839640, ndraw=40, logz=-12.70, remainder_fraction=1.4266%, Lmin=-5.09, Lmax=-4.86
13:02:06 [ultranest] [DEBUG] iteration=4781, ncalls=90835, regioncalls=6839920, ndraw=40, logz=-12.70, remainder_fraction=1.4233%, Lmin=-5.09, Lmax=-4.86
13:02:06 [ultranest] [DEBUG] iteration=4782, ncalls=90845, regioncalls=6840320, ndraw=40, logz=-12.70, remainder_fraction=1.4199%, Lmin=-5.09, Lmax=-4.86
13:02:07 [ultranest] [DEBUG] iteration=4783, ncalls=90875, regioncalls=6841520, ndraw=40, logz=-12.70, remainder_fraction=1.4169%, Lmin=-5.09, Lmax=-4.86
13:02:10 [ultranest] [DEBUG] iteration=4784, ncalls=90958, regioncalls=6844840, ndraw=40, logz=-12.70, remainder_fraction=1.4142%, Lmin=-5.09, Lmax=-4.86
13:02:10 [ultranest] [DEBUG] iteration=4785, ncalls=90966, regioncalls=6845160, ndraw=40, logz=-12.70, remainder_fraction=1.4109%, Lmin=-5.09, Lmax=-4.86
13:02:10 [ultranest] [DEBUG] iteration=4786, ncalls=90975, regioncalls=6845520, ndraw=40, logz=-12.70, remainder_fraction=1.4075%, Lmin=-5.09, Lmax=-4.86
13:02:11 [ultranest] [DEBUG] iteration=4788, ncalls=90981, regioncalls=6845760, ndraw=40, logz=-12.70, remainder_fraction=1.4011%, Lmin=-5.09, Lmax=-4.86
13:02:11 [ultranest] [DEBUG] iteration=4790, ncalls=90989, regioncalls=6846080, ndraw=40, logz=-12.70, remainder_fraction=1.3945%, Lmin=-5.09, Lmax=-4.86
13:02:11 [ultranest] [DEBUG] iteration=4792, ncalls=90999, regioncalls=6846480, ndraw=40, logz=-12.70, remainder_fraction=1.3880%, Lmin=-5.09, Lmax=-4.86
13:02:11 [ultranest] [DEBUG] iteration=4794, ncalls=91004, regioncalls=6846680, ndraw=40, logz=-12.70, remainder_fraction=1.3815%, Lmin=-5.09, Lmax=-4.86
13:02:12 [ultranest] [DEBUG] iteration=4795, ncalls=91032, regioncalls=6847800, ndraw=40, logz=-12.70, remainder_fraction=1.3781%, Lmin=-5.08, Lmax=-4.86
13:02:13 [ultranest] [DEBUG] iteration=4797, ncalls=91040, regioncalls=6848120, ndraw=40, logz=-12.70, remainder_fraction=1.3719%, Lmin=-5.08, Lmax=-4.86
13:02:13 [ultranest] [DEBUG] iteration=4798, ncalls=91048, regioncalls=6848440, ndraw=40, logz=-12.70, remainder_fraction=1.3685%, Lmin=-5.08, Lmax=-4.86
13:02:15 [ultranest] [DEBUG] iteration=4799, ncalls=91128, regioncalls=6851800, ndraw=40, logz=-12.70, remainder_fraction=1.3653%, Lmin=-5.08, Lmax=-4.86
13:02:16 [ultranest] [DEBUG] iteration=4801, ncalls=91143, regioncalls=6852400, ndraw=40, logz=-12.70, remainder_fraction=1.3591%, Lmin=-5.08, Lmax=-4.86
13:02:16 [ultranest] [DEBUG] iteration=4803, ncalls=91155, regioncalls=6852880, ndraw=40, logz=-12.70, remainder_fraction=1.3528%, Lmin=-5.08, Lmax=-4.86
13:02:17 [ultranest] [DEBUG] iteration=4804, ncalls=91171, regioncalls=6853520, ndraw=40, logz=-12.70, remainder_fraction=1.3500%, Lmin=-5.08, Lmax=-4.86
13:02:17 [ultranest] [DEBUG] iteration=4805, ncalls=91175, regioncalls=6853680, ndraw=40, logz=-12.70, remainder_fraction=1.3467%, Lmin=-5.08, Lmax=-4.86
13:02:17 [ultranest] [DEBUG] iteration=4806, ncalls=91182, regioncalls=6853960, ndraw=40, logz=-12.70, remainder_fraction=1.3436%, Lmin=-5.08, Lmax=-4.86
13:02:17 [ultranest] [DEBUG] iteration=4807, ncalls=91187, regioncalls=6854160, ndraw=40, logz=-12.70, remainder_fraction=1.3407%, Lmin=-5.08, Lmax=-4.86
13:02:18 [ultranest] [DEBUG] iteration=4808, ncalls=91192, regioncalls=6854360, ndraw=40, logz=-12.70, remainder_fraction=1.3375%, Lmin=-5.08, Lmax=-4.86
13:02:19 [ultranest] [DEBUG] iteration=4810, ncalls=91229, regioncalls=6855840, ndraw=40, logz=-12.70, remainder_fraction=1.3313%, Lmin=-5.08, Lmax=-4.86
13:02:19 [ultranest] [DEBUG] iteration=4811, ncalls=91234, regioncalls=6856040, ndraw=40, logz=-12.70, remainder_fraction=1.3285%, Lmin=-5.08, Lmax=-4.86
13:02:21 [ultranest] [DEBUG] iteration=4812, ncalls=91293, regioncalls=6858400, ndraw=40, logz=-12.70, remainder_fraction=1.3259%, Lmin=-5.08, Lmax=-4.86
13:02:21 [ultranest] [DEBUG] iteration=4813, ncalls=91299, regioncalls=6858640, ndraw=40, logz=-12.70, remainder_fraction=1.3226%, Lmin=-5.08, Lmax=-4.86
13:02:22 [ultranest] [DEBUG] iteration=4815, ncalls=91317, regioncalls=6859360, ndraw=40, logz=-12.70, remainder_fraction=1.3162%, Lmin=-5.08, Lmax=-4.86
13:02:22 [ultranest] [DEBUG] iteration=4816, ncalls=91328, regioncalls=6859800, ndraw=40, logz=-12.70, remainder_fraction=1.3130%, Lmin=-5.08, Lmax=-4.86
13:02:22 [ultranest] [DEBUG] iteration=4818, ncalls=91332, regioncalls=6859960, ndraw=40, logz=-12.70, remainder_fraction=1.3072%, Lmin=-5.08, Lmax=-4.86
13:02:24 [ultranest] [DEBUG] iteration=4819, ncalls=91375, regioncalls=6861680, ndraw=40, logz=-12.70, remainder_fraction=1.3041%, Lmin=-5.08, Lmax=-4.86
13:02:24 [ultranest] [DEBUG] iteration=4821, ncalls=91389, regioncalls=6862240, ndraw=40, logz=-12.70, remainder_fraction=1.2986%, Lmin=-5.08, Lmax=-4.86
13:02:24 [ultranest] [DEBUG] iteration=4822, ncalls=91402, regioncalls=6862760, ndraw=40, logz=-12.70, remainder_fraction=1.2954%, Lmin=-5.08, Lmax=-4.86
13:02:25 [ultranest] [DEBUG] iteration=4823, ncalls=91418, regioncalls=6863400, ndraw=40, logz=-12.70, remainder_fraction=1.2922%, Lmin=-5.08, Lmax=-4.86
13:02:25 [ultranest] [DEBUG] iteration=4824, ncalls=91432, regioncalls=6863960, ndraw=40, logz=-12.70, remainder_fraction=1.2890%, Lmin=-5.08, Lmax=-4.86
13:02:26 [ultranest] [DEBUG] iteration=4825, ncalls=91443, regioncalls=6864600, ndraw=40, logz=-12.70, remainder_fraction=1.2859%, Lmin=-5.08, Lmax=-4.86
13:02:26 [ultranest] [DEBUG] iteration=4826, ncalls=91448, regioncalls=6864800, ndraw=40, logz=-12.70, remainder_fraction=1.2829%, Lmin=-5.08, Lmax=-4.86
13:02:26 [ultranest] [DEBUG] iteration=4827, ncalls=91456, regioncalls=6865120, ndraw=40, logz=-12.70, remainder_fraction=1.2804%, Lmin=-5.08, Lmax=-4.86
13:02:26 [ultranest] [DEBUG] iteration=4828, ncalls=91460, regioncalls=6865280, ndraw=40, logz=-12.70, remainder_fraction=1.2773%, Lmin=-5.08, Lmax=-4.86
13:02:28 [ultranest] [DEBUG] iteration=4829, ncalls=91499, regioncalls=6866840, ndraw=40, logz=-12.70, remainder_fraction=1.2742%, Lmin=-5.08, Lmax=-4.86
13:02:28 [ultranest] [DEBUG] iteration=4830, ncalls=91504, regioncalls=6867040, ndraw=40, logz=-12.70, remainder_fraction=1.2711%, Lmin=-5.07, Lmax=-4.86
13:02:28 [ultranest] [DEBUG] iteration=4831, ncalls=91510, regioncalls=6867280, ndraw=40, logz=-12.70, remainder_fraction=1.2681%, Lmin=-5.07, Lmax=-4.86
13:02:28 [ultranest] [DEBUG] iteration=4832, ncalls=91519, regioncalls=6867640, ndraw=40, logz=-12.70, remainder_fraction=1.2655%, Lmin=-5.07, Lmax=-4.86
13:02:29 [ultranest] [DEBUG] iteration=4833, ncalls=91526, regioncalls=6867920, ndraw=40, logz=-12.70, remainder_fraction=1.2624%, Lmin=-5.07, Lmax=-4.86
13:02:29 [ultranest] [DEBUG] iteration=4834, ncalls=91533, regioncalls=6868200, ndraw=40, logz=-12.70, remainder_fraction=1.2594%, Lmin=-5.07, Lmax=-4.86
13:02:29 [ultranest] [DEBUG] iteration=4835, ncalls=91536, regioncalls=6868320, ndraw=40, logz=-12.70, remainder_fraction=1.2566%, Lmin=-5.07, Lmax=-4.86
13:02:29 [ultranest] [DEBUG] iteration=4836, ncalls=91544, regioncalls=6868640, ndraw=40, logz=-12.70, remainder_fraction=1.2535%, Lmin=-5.07, Lmax=-4.86
13:02:31 [ultranest] [DEBUG] iteration=4837, ncalls=91586, regioncalls=6870320, ndraw=40, logz=-12.70, remainder_fraction=1.2504%, Lmin=-5.07, Lmax=-4.86
13:02:31 [ultranest] [DEBUG] iteration=4838, ncalls=91601, regioncalls=6870920, ndraw=40, logz=-12.70, remainder_fraction=1.2474%, Lmin=-5.07, Lmax=-4.86
13:02:32 [ultranest] [DEBUG] iteration=4839, ncalls=91619, regioncalls=6871640, ndraw=40, logz=-12.70, remainder_fraction=1.2445%, Lmin=-5.07, Lmax=-4.86
13:02:32 [ultranest] [DEBUG] iteration=4840, ncalls=91630, regioncalls=6872080, ndraw=40, logz=-12.70, remainder_fraction=1.2415%, Lmin=-5.07, Lmax=-4.86
13:02:32 [ultranest] [DEBUG] iteration=4842, ncalls=91635, regioncalls=6872280, ndraw=40, logz=-12.70, remainder_fraction=1.2354%, Lmin=-5.07, Lmax=-4.86
13:02:34 [ultranest] [DEBUG] iteration=4843, ncalls=91678, regioncalls=6874000, ndraw=40, logz=-12.70, remainder_fraction=1.2324%, Lmin=-5.07, Lmax=-4.86
13:02:35 [ultranest] [DEBUG] iteration=4845, ncalls=91709, regioncalls=6875280, ndraw=40, logz=-12.70, remainder_fraction=1.2264%, Lmin=-5.07, Lmax=-4.86
13:02:35 [ultranest] [DEBUG] iteration=4846, ncalls=91720, regioncalls=6875720, ndraw=40, logz=-12.70, remainder_fraction=1.2238%, Lmin=-5.07, Lmax=-4.86
13:02:36 [ultranest] [DEBUG] iteration=4847, ncalls=91745, regioncalls=6876720, ndraw=40, logz=-12.70, remainder_fraction=1.2209%, Lmin=-5.07, Lmax=-4.86
13:02:37 [ultranest] [DEBUG] iteration=4848, ncalls=91761, regioncalls=6877360, ndraw=40, logz=-12.70, remainder_fraction=1.2181%, Lmin=-5.07, Lmax=-4.86
13:02:37 [ultranest] [DEBUG] iteration=4849, ncalls=91765, regioncalls=6877520, ndraw=40, logz=-12.70, remainder_fraction=1.2155%, Lmin=-5.07, Lmax=-4.86
13:02:37 [ultranest] [DEBUG] iteration=4850, ncalls=91768, regioncalls=6877640, ndraw=40, logz=-12.70, remainder_fraction=1.2129%, Lmin=-5.07, Lmax=-4.86
13:02:37 [ultranest] [DEBUG] iteration=4851, ncalls=91772, regioncalls=6877800, ndraw=40, logz=-12.70, remainder_fraction=1.2101%, Lmin=-5.07, Lmax=-4.86
13:02:38 [ultranest] [DEBUG] iteration=4853, ncalls=91789, regioncalls=6878480, ndraw=40, logz=-12.70, remainder_fraction=1.2045%, Lmin=-5.07, Lmax=-4.86
13:02:38 [ultranest] [DEBUG] iteration=4854, ncalls=91793, regioncalls=6878640, ndraw=40, logz=-12.70, remainder_fraction=1.2016%, Lmin=-5.07, Lmax=-4.86
13:02:38 [ultranest] [DEBUG] iteration=4856, ncalls=91804, regioncalls=6879080, ndraw=40, logz=-12.70, remainder_fraction=1.1965%, Lmin=-5.07, Lmax=-4.86
13:02:39 [ultranest] [DEBUG] iteration=4857, ncalls=91823, regioncalls=6879840, ndraw=40, logz=-12.70, remainder_fraction=1.1935%, Lmin=-5.07, Lmax=-4.86
13:02:39 [ultranest] [DEBUG] iteration=4858, ncalls=91827, regioncalls=6880000, ndraw=40, logz=-12.70, remainder_fraction=1.1908%, Lmin=-5.07, Lmax=-4.86
13:02:39 [ultranest] [DEBUG] iteration=4860, ncalls=91838, regioncalls=6880440, ndraw=40, logz=-12.70, remainder_fraction=1.1850%, Lmin=-5.07, Lmax=-4.86
13:02:39 [ultranest] [DEBUG] iteration=4862, ncalls=91842, regioncalls=6880600, ndraw=40, logz=-12.70, remainder_fraction=1.1794%, Lmin=-5.07, Lmax=-4.86
13:02:40 [ultranest] [DEBUG] iteration=4863, ncalls=91858, regioncalls=6881240, ndraw=40, logz=-12.70, remainder_fraction=1.1766%, Lmin=-5.07, Lmax=-4.86
13:02:42 [ultranest] [DEBUG] iteration=4864, ncalls=91911, regioncalls=6883360, ndraw=40, logz=-12.70, remainder_fraction=1.1738%, Lmin=-5.07, Lmax=-4.86
13:02:42 [ultranest] [DEBUG] iteration=4865, ncalls=91920, regioncalls=6883720, ndraw=40, logz=-12.70, remainder_fraction=1.1710%, Lmin=-5.07, Lmax=-4.86
13:02:42 [ultranest] [DEBUG] iteration=4866, ncalls=91927, regioncalls=6884000, ndraw=40, logz=-12.70, remainder_fraction=1.1681%, Lmin=-5.07, Lmax=-4.86
13:02:43 [ultranest] [DEBUG] iteration=4867, ncalls=91942, regioncalls=6884600, ndraw=40, logz=-12.70, remainder_fraction=1.1654%, Lmin=-5.07, Lmax=-4.86
13:02:43 [ultranest] [DEBUG] iteration=4868, ncalls=91946, regioncalls=6884760, ndraw=40, logz=-12.70, remainder_fraction=1.1628%, Lmin=-5.07, Lmax=-4.86
13:02:43 [ultranest] [DEBUG] iteration=4869, ncalls=91960, regioncalls=6885320, ndraw=40, logz=-12.70, remainder_fraction=1.1599%, Lmin=-5.07, Lmax=-4.86
13:02:43 [ultranest] [DEBUG] iteration=4870, ncalls=91971, regioncalls=6885760, ndraw=40, logz=-12.70, remainder_fraction=1.1571%, Lmin=-5.07, Lmax=-4.86
13:02:44 [ultranest] [DEBUG] iteration=4871, ncalls=91979, regioncalls=6886080, ndraw=40, logz=-12.70, remainder_fraction=1.1544%, Lmin=-5.07, Lmax=-4.86
13:02:45 [ultranest] [DEBUG] iteration=4872, ncalls=92024, regioncalls=6887880, ndraw=40, logz=-12.70, remainder_fraction=1.1515%, Lmin=-5.07, Lmax=-4.86
13:02:46 [ultranest] [DEBUG] iteration=4873, ncalls=92045, regioncalls=6888720, ndraw=40, logz=-12.70, remainder_fraction=1.1487%, Lmin=-5.07, Lmax=-4.86
13:02:46 [ultranest] [DEBUG] iteration=4874, ncalls=92049, regioncalls=6888880, ndraw=40, logz=-12.70, remainder_fraction=1.1459%, Lmin=-5.07, Lmax=-4.86
13:02:46 [ultranest] [DEBUG] iteration=4875, ncalls=92063, regioncalls=6889440, ndraw=40, logz=-12.70, remainder_fraction=1.1433%, Lmin=-5.07, Lmax=-4.86
13:02:48 [ultranest] [DEBUG] iteration=4876, ncalls=92097, regioncalls=6890800, ndraw=40, logz=-12.70, remainder_fraction=1.1405%, Lmin=-5.06, Lmax=-4.86
13:02:48 [ultranest] [DEBUG] iteration=4877, ncalls=92102, regioncalls=6891000, ndraw=40, logz=-12.70, remainder_fraction=1.1377%, Lmin=-5.06, Lmax=-4.86
13:02:48 [ultranest] [DEBUG] iteration=4878, ncalls=92109, regioncalls=6891280, ndraw=40, logz=-12.70, remainder_fraction=1.1350%, Lmin=-5.06, Lmax=-4.86
13:02:48 [ultranest] [DEBUG] iteration=4879, ncalls=92113, regioncalls=6891440, ndraw=40, logz=-12.70, remainder_fraction=1.1323%, Lmin=-5.06, Lmax=-4.86
13:02:48 [ultranest] [DEBUG] iteration=4880, ncalls=92120, regioncalls=6891720, ndraw=40, logz=-12.70, remainder_fraction=1.1296%, Lmin=-5.06, Lmax=-4.86
13:02:49 [ultranest] [DEBUG] iteration=4881, ncalls=92123, regioncalls=6891840, ndraw=40, logz=-12.70, remainder_fraction=1.1269%, Lmin=-5.06, Lmax=-4.86
13:02:49 [ultranest] [DEBUG] iteration=4882, ncalls=92134, regioncalls=6892280, ndraw=40, logz=-12.70, remainder_fraction=1.1243%, Lmin=-5.06, Lmax=-4.86
13:02:49 [ultranest] [DEBUG] iteration=4883, ncalls=92143, regioncalls=6892640, ndraw=40, logz=-12.70, remainder_fraction=1.1215%, Lmin=-5.06, Lmax=-4.86
13:02:49 [ultranest] [DEBUG] iteration=4884, ncalls=92151, regioncalls=6892960, ndraw=40, logz=-12.70, remainder_fraction=1.1189%, Lmin=-5.06, Lmax=-4.86
13:02:50 [ultranest] [DEBUG] iteration=4886, ncalls=92180, regioncalls=6894120, ndraw=40, logz=-12.70, remainder_fraction=1.1133%, Lmin=-5.06, Lmax=-4.86
13:02:51 [ultranest] [DEBUG] iteration=4888, ncalls=92188, regioncalls=6894440, ndraw=40, logz=-12.70, remainder_fraction=1.1082%, Lmin=-5.06, Lmax=-4.86
13:02:51 [ultranest] [DEBUG] iteration=4889, ncalls=92194, regioncalls=6894680, ndraw=40, logz=-12.70, remainder_fraction=1.1060%, Lmin=-5.06, Lmax=-4.86
13:02:52 [ultranest] [DEBUG] iteration=4890, ncalls=92229, regioncalls=6896080, ndraw=40, logz=-12.70, remainder_fraction=1.1034%, Lmin=-5.06, Lmax=-4.86
13:02:52 [ultranest] [DEBUG] iteration=4891, ncalls=92241, regioncalls=6896560, ndraw=40, logz=-12.70, remainder_fraction=1.1009%, Lmin=-5.06, Lmax=-4.85
13:02:53 [ultranest] [DEBUG] iteration=4893, ncalls=92245, regioncalls=6896720, ndraw=40, logz=-12.70, remainder_fraction=1.0964%, Lmin=-5.06, Lmax=-4.85
13:02:54 [ultranest] [DEBUG] iteration=4896, ncalls=92276, regioncalls=6897960, ndraw=40, logz=-12.70, remainder_fraction=1.0886%, Lmin=-5.06, Lmax=-4.85
13:02:54 [ultranest] [DEBUG] iteration=4897, ncalls=92295, regioncalls=6898720, ndraw=40, logz=-12.70, remainder_fraction=1.0859%, Lmin=-5.06, Lmax=-4.85
13:02:54 [ultranest] [DEBUG] iteration=4898, ncalls=92301, regioncalls=6898960, ndraw=40, logz=-12.70, remainder_fraction=1.0834%, Lmin=-5.06, Lmax=-4.85
13:02:56 [ultranest] [DEBUG] iteration=4900, ncalls=92344, regioncalls=6900680, ndraw=40, logz=-12.70, remainder_fraction=1.0785%, Lmin=-5.06, Lmax=-4.85
13:02:56 [ultranest] [DEBUG] iteration=4901, ncalls=92354, regioncalls=6901080, ndraw=40, logz=-12.70, remainder_fraction=1.0760%, Lmin=-5.06, Lmax=-4.85
13:02:57 [ultranest] [DEBUG] iteration=4903, ncalls=92368, regioncalls=6901640, ndraw=40, logz=-12.70, remainder_fraction=1.0707%, Lmin=-5.06, Lmax=-4.85
13:02:57 [ultranest] [DEBUG] iteration=4905, ncalls=92373, regioncalls=6901840, ndraw=40, logz=-12.70, remainder_fraction=1.0658%, Lmin=-5.06, Lmax=-4.85
13:02:57 [ultranest] [DEBUG] iteration=4906, ncalls=92381, regioncalls=6902160, ndraw=40, logz=-12.70, remainder_fraction=1.0632%, Lmin=-5.06, Lmax=-4.85
13:02:57 [ultranest] [DEBUG] iteration=4907, ncalls=92392, regioncalls=6902600, ndraw=40, logz=-12.70, remainder_fraction=1.0608%, Lmin=-5.06, Lmax=-4.85
13:02:58 [ultranest] [DEBUG] iteration=4909, ncalls=92400, regioncalls=6902920, ndraw=40, logz=-12.70, remainder_fraction=1.0558%, Lmin=-5.06, Lmax=-4.85
13:02:58 [ultranest] [DEBUG] iteration=4910, ncalls=92409, regioncalls=6903280, ndraw=40, logz=-12.70, remainder_fraction=1.0534%, Lmin=-5.06, Lmax=-4.85
13:02:59 [ultranest] [DEBUG] iteration=4911, ncalls=92434, regioncalls=6904280, ndraw=40, logz=-12.70, remainder_fraction=1.0511%, Lmin=-5.06, Lmax=-4.85
13:02:59 [ultranest] [DEBUG] iteration=4912, ncalls=92445, regioncalls=6904720, ndraw=40, logz=-12.70, remainder_fraction=1.0485%, Lmin=-5.06, Lmax=-4.85
13:03:00 [ultranest] [DEBUG] iteration=4915, ncalls=92467, regioncalls=6905600, ndraw=40, logz=-12.70, remainder_fraction=1.0410%, Lmin=-5.06, Lmax=-4.85
13:03:00 [ultranest] [DEBUG] iteration=4916, ncalls=92473, regioncalls=6905840, ndraw=40, logz=-12.70, remainder_fraction=1.0386%, Lmin=-5.06, Lmax=-4.85
13:03:00 [ultranest] [DEBUG] iteration=4917, ncalls=92482, regioncalls=6906200, ndraw=40, logz=-12.70, remainder_fraction=1.0361%, Lmin=-5.06, Lmax=-4.85
13:03:01 [ultranest] [DEBUG] iteration=4918, ncalls=92487, regioncalls=6906400, ndraw=40, logz=-12.70, remainder_fraction=1.0336%, Lmin=-5.06, Lmax=-4.85
13:03:01 [ultranest] [DEBUG] iteration=4919, ncalls=92497, regioncalls=6906800, ndraw=40, logz=-12.70, remainder_fraction=1.0310%, Lmin=-5.06, Lmax=-4.85
13:03:04 [ultranest] [DEBUG] iteration=4920, ncalls=92578, regioncalls=6910040, ndraw=40, logz=-12.70, remainder_fraction=1.0284%, Lmin=-5.06, Lmax=-4.85
13:03:04 [ultranest] [DEBUG] iteration=4921, ncalls=92590, regioncalls=6910520, ndraw=40, logz=-12.70, remainder_fraction=1.0260%, Lmin=-5.06, Lmax=-4.85
13:03:05 [ultranest] [DEBUG] iteration=4922, ncalls=92605, regioncalls=6911120, ndraw=40, logz=-12.70, remainder_fraction=1.0235%, Lmin=-5.06, Lmax=-4.85
13:03:05 [ultranest] [DEBUG] iteration=4923, ncalls=92618, regioncalls=6911640, ndraw=40, logz=-12.70, remainder_fraction=1.0212%, Lmin=-5.06, Lmax=-4.85
13:03:06 [ultranest] [DEBUG] iteration=4924, ncalls=92635, regioncalls=6912320, ndraw=40, logz=-12.70, remainder_fraction=1.0191%, Lmin=-5.06, Lmax=-4.85
13:03:06 [ultranest] [DEBUG] iteration=4925, ncalls=92642, regioncalls=6912680, ndraw=40, logz=-12.70, remainder_fraction=1.0166%, Lmin=-5.06, Lmax=-4.85
13:03:06 [ultranest] [DEBUG] iteration=4926, ncalls=92648, regioncalls=6912920, ndraw=40, logz=-12.70, remainder_fraction=1.0142%, Lmin=-5.05, Lmax=-4.85
13:03:06 [ultranest] [DEBUG] iteration=4927, ncalls=92659, regioncalls=6913360, ndraw=40, logz=-12.70, remainder_fraction=1.0118%, Lmin=-5.05, Lmax=-4.85
13:03:07 [ultranest] [DEBUG] iteration=4929, ncalls=92664, regioncalls=6913560, ndraw=40, logz=-12.70, remainder_fraction=1.0069%, Lmin=-5.05, Lmax=-4.85
13:03:07 [ultranest] [DEBUG] iteration=4931, ncalls=92673, regioncalls=6913920, ndraw=40, logz=-12.70, remainder_fraction=1.0025%, Lmin=-5.05, Lmax=-4.85
13:03:07 [ultranest] [DEBUG] iteration=4932, ncalls=92684, regioncalls=6914360, ndraw=40, logz=-12.70, remainder_fraction=1.0004%, Lmin=-5.05, Lmax=-4.85
13:03:07 [ultranest] [INFO] Explored until L=-5  
13:03:07 [ultranest] [INFO] Likelihood function evaluations: 92684
13:03:08 [ultranest] [INFO] Writing samples and results to disk ...
13:03:08 [ultranest] [INFO] Writing samples and results to disk ... done
13:03:08 [ultranest] [DEBUG] did a run_iter pass!
13:03:08 [ultranest] [INFO]   logZ = -12.69 +- 0.1197
13:03:08 [ultranest] [INFO] Effective samples strategy satisfied (ESS = 1878.4, need >400)
13:03:08 [ultranest] [INFO] Posterior uncertainty strategy is satisfied (KL: 0.46+-0.05 nat, need <0.50 nat)
13:03:08 [ultranest] [INFO] Evidency uncertainty strategy is satisfied (dlogz=0.12, need <0.5)
13:03:08 [ultranest] [INFO]   logZ error budget: single: 0.12 bs:0.12 tail:0.01 total:0.12 required:<0.50
13:03:08 [ultranest] [INFO] done iterating.
