# dimensionless [l(l+1)/2pi] C_l's for scalar mode
# for l=2 to 3000, i.e. number of multipoles equal to 2999
#
# -> if you prefer output in CAMB/HealPix/LensPix units/order, set 'format' to 'camb' in input file
# -> if you don't want to see such a header, set 'headers' to 'no' in input file
# -> for CMB lensing (phi), these are C_l^phi-phi for the lensing potential.
#    Remember the conversion factors:
#    C_l^dd (deflection) = l(l+1) C_l^phi-phi
#    C_l^gg (shear/convergence) = 1/4 (l(l+1))^2 C_l^phi-phi
#
# 1:l     2:TT                     3:EE                     4:TE                     5:BB                     6:phiphi                 7:TPhi                   8:Ephi               
    2       1.401332395423e-10       4.144651553668e-15       3.458172966852e-13       0.000000000000e+00       8.016544318464e-09       4.581124013630e-10      -1.820055339766e-12 
    3       1.326711194387e-10       5.296557706696e-15       3.872169485474e-13       0.000000000000e+00       4.889655134373e-09       3.262969142844e-10      -1.372898971418e-12 
    4       1.254276274782e-10       4.560128315811e-15       3.621971701434e-13       0.000000000000e+00       3.379326447250e-09       2.479321772752e-10      -8.911813262092e-13 
    5       1.199405172282e-10       3.027191375160e-15       3.095351481781e-13       0.000000000000e+00       2.511758117003e-09       1.963255164398e-10      -4.865864088675e-13 
    6       1.161071410821e-10       1.690796348124e-15       2.510033058483e-13       0.000000000000e+00       1.955518897667e-09       1.600373955770e-10      -1.897730362152e-13 
    7       1.135863558483e-10       9.246506204585e-16       1.990699443497e-13       0.000000000000e+00       1.573121480394e-09       1.334132344671e-10      -1.846657905307e-15 
    8       1.121094670545e-10       6.117895145220e-16       1.590243959068e-13       0.000000000000e+00       1.296877580137e-09       1.132257673026e-10       9.257091144453e-14 
    9       1.113389450656e-10       4.984985702481e-16       1.319619407977e-13       0.000000000000e+00       1.089686012865e-09       9.748239420353e-11       1.172157538797e-13 
   10       1.111460605828e-10       4.233984786522e-16       1.165580445003e-13       0.000000000000e+00       9.296166419263e-10       8.495274968484e-11       9.820605594252e-14 
   11       1.114112235014e-10       3.502530046611e-16       1.103290923732e-13       0.000000000000e+00       7.957703913372e-10       7.556117781075e-11       5.966653203119e-14 
   12       1.119556055580e-10       2.985238525374e-16       1.106289438642e-13       0.000000000000e+00       6.951400990069e-10       6.702860371460e-11       1.921974186604e-14 
   13       1.128071973756e-10       2.811071308799e-16       1.150813051837e-13       0.000000000000e+00       6.125540037465e-10       5.989420774148e-11      -1.162729014719e-14 
   14       1.138443245470e-10       2.907368814610e-16       1.218075541314e-13       0.000000000000e+00       5.438621434978e-10       5.393565845015e-11      -2.821905373152e-14 
   15       1.150575913738e-10       3.156342661663e-16       1.296340599333e-13       0.000000000000e+00       4.860600600115e-10       4.870449190483e-11      -3.161803192234e-14 
   16       1.164192525869e-10       3.525942796344e-16       1.378807558307e-13       0.000000000000e+00       4.369259149143e-10       4.422264188044e-11      -2.555614889466e-14 
   17       1.178759000955e-10       4.059476474379e-16       1.462989455277e-13       0.000000000000e+00       3.947856413506e-10       4.033408245970e-11      -1.518298241903e-14 
   18       1.194440084433e-10       4.799097350810e-16       1.550117206046e-13       0.000000000000e+00       3.582211483017e-10       3.691300780873e-11      -5.373551651879e-15 
   19       1.211287331270e-10       5.743218978052e-16       1.641259327200e-13       0.000000000000e+00       3.266381566256e-10       3.393562743923e-11       1.316924118870e-15 
   20       1.228697278673e-10       6.869966988712e-16       1.736851781443e-13       0.000000000000e+00       2.988292173425e-10       3.131794442605e-11       3.227037813904e-15 
   21       1.246788689470e-10       8.174986245798e-16       1.836701611947e-13       0.000000000000e+00       2.743546009996e-10       2.899908568084e-11       9.819439644093e-16 
   22       1.265587048389e-10       9.657691869328e-16       1.939563666120e-13       0.000000000000e+00       2.526228497475e-10       2.689284927505e-11      -3.609637432587e-15 
   23       1.285029047873e-10       1.132397128276e-15       2.041702462549e-13       0.000000000000e+00       2.333415922885e-10       2.499897725709e-11      -8.761655980790e-15 
   24       1.304825321318e-10       1.318042264922e-15       2.138308616945e-13       0.000000000000e+00       2.160691809546e-10       2.331784480472e-11      -1.260782205674e-14 
   25       1.325032931989e-10       1.523138449023e-15       2.227068911861e-13       0.000000000000e+00       2.005703223252e-10       2.181703055147e-11      -1.442715304851e-14 
   26       1.345679647685e-10       1.748139400468e-15       2.306538788940e-13       0.000000000000e+00       1.865407197475e-10       2.044149325947e-11      -1.401774991744e-14 
   27       1.366856557435e-10       1.994420707952e-15       2.376145289904e-13       0.000000000000e+00       1.739070519706e-10       1.918228772947e-11      -1.193734554407e-14 
   28       1.388501530610e-10       2.263785423224e-15       2.435758876196e-13       0.000000000000e+00       1.625156232864e-10       1.803117087829e-11      -9.214526013352e-15 
   29       1.410412237071e-10       2.558082466915e-15       2.485472819885e-13       0.000000000000e+00       1.520890807299e-10       1.696873634146e-11      -6.986530199771e-15 
   30       1.432655986151e-10       2.878575770904e-15       2.525436872758e-13       0.000000000000e+00       1.425695638399e-10       1.599314584198e-11      -5.612102836560e-15 
   31       1.455286097770e-10       3.226323749291e-15       2.555990031184e-13       0.000000000000e+00       1.338860798319e-10       1.510037327733e-11      -5.216633890349e-15 
   32       1.478256222519e-10       3.602308957972e-15       2.577444220594e-13       0.000000000000e+00       1.259008436176e-10       1.427938123193e-11      -5.828189560689e-15 
   33       1.501549030344e-10       4.007351897989e-15       2.589116261571e-13       0.000000000000e+00       1.185701323573e-10       1.352501571987e-11      -7.070124105756e-15 
   34       1.525070164305e-10       4.442151742743e-15       2.589930928890e-13       0.000000000000e+00       1.118288029050e-10       1.282840254548e-11      -8.339990557965e-15 
   35       1.548679397127e-10       4.907380773661e-15       2.578744433999e-13       0.000000000000e+00       1.055762552064e-10       1.217719223099e-11      -9.037361710300e-15 
   36       1.572460775109e-10       5.403963850320e-15       2.554637800733e-13       0.000000000000e+00       9.979613007852e-11       1.157059801076e-11      -9.115145626192e-15 
   37       1.596531446841e-10       5.932889276746e-15       2.516711841358e-13       0.000000000000e+00       9.447020167220e-11       1.100875567099e-11      -8.716191959556e-15 
   38       1.620962397047e-10       6.495133340905e-15       2.464003033648e-13       0.000000000000e+00       8.954219387088e-11       1.048831235657e-11      -8.031787018091e-15 
   39       1.645777504785e-10       7.091600137916e-15       2.395702654321e-13       0.000000000000e+00       8.493804896139e-11       1.000381970690e-11      -7.271976604368e-15 
   40       1.670965027989e-10       7.722919089168e-15       2.311916305716e-13       0.000000000000e+00       8.064358378339e-11       9.553300454121e-12      -6.555739820675e-15 
   41       1.696459919142e-10       8.389576497589e-15       2.213154955581e-13       0.000000000000e+00       7.664743793052e-11       9.134018484435e-12      -5.989299946721e-15 
   42       1.722133477777e-10       9.091963082951e-15       2.100145038830e-13       0.000000000000e+00       7.291790498407e-11       8.740713018159e-12      -5.697113279988e-15 
   43       1.747848622482e-10       9.830451700833e-15       1.973545526502e-13       0.000000000000e+00       6.941464119607e-11       8.367350099915e-12      -5.782511439451e-15 
   44       1.773659796146e-10       1.060567288543e-14       1.832964977355e-13       0.000000000000e+00       6.613220338001e-11       8.013515567078e-12      -6.192568247885e-15 
   45       1.799665790096e-10       1.141831566805e-14       1.677658443983e-13       0.000000000000e+00       6.306720521358e-11       7.679669711454e-12      -6.812802017182e-15 
   46       1.825952416158e-10       1.226905128618e-14       1.506789519661e-13       0.000000000000e+00       6.020524623100e-11       7.365285283509e-12      -7.502380980976e-15 
   47       1.852590673022e-10       1.315853279558e-14       1.319423795631e-13       0.000000000000e+00       5.752005335899e-11       7.068766384643e-12      -8.092580671180e-15 
   48       1.879627186878e-10       1.408730763268e-14       1.114682259654e-13       0.000000000000e+00       5.498155982226e-11       6.788065533770e-12      -8.431786726719e-15 
   49       1.907056625365e-10       1.505552706142e-14       8.922678908428e-14       0.000000000000e+00       5.258483791123e-11       6.522929807292e-12      -8.539103710736e-15 
   50       1.934838357062e-10       1.606315415651e-14       6.520762643517e-14       0.000000000000e+00       5.032784706970e-11       6.273148506302e-12      -8.491396337769e-15 
   51       1.962901325309e-10       1.711003899175e-14       3.940501480898e-14       0.000000000000e+00       4.820281603084e-11       6.037865895826e-12      -8.381336232713e-15 
   52       1.991141820404e-10       1.819591381073e-14       1.181811202790e-14       0.000000000000e+00       4.619584034146e-11       5.815535718237e-12      -8.318234074300e-15 
   53       2.019459848607e-10       1.932052232308e-14      -1.755383118951e-14       0.000000000000e+00       4.429124297078e-11       5.604394079330e-12      -8.400997136702e-15 
   54       2.047884346616e-10       2.048405774239e-14      -4.872765345072e-14       0.000000000000e+00       4.248689900070e-11       5.404125569579e-12      -8.626922653198e-15 
   55       2.076476282356e-10       2.168682896986e-14      -8.172397969287e-14       0.000000000000e+00       4.078215011238e-11       5.214546297440e-12      -8.960901624669e-15 
   56       2.105292280731e-10       2.292913710487e-14      -1.165626802788e-13       0.000000000000e+00       3.917318822844e-11       5.035099800530e-12      -9.360911512341e-15 
   57       2.134384014137e-10       2.421127623942e-14      -1.532629167840e-13       0.000000000000e+00       3.765285274723e-11       4.864833293741e-12      -9.777679634858e-15 
   58       2.163797592971e-10       2.553353425256e-14      -1.918431877838e-13       0.000000000000e+00       3.621042777706e-11       4.702373917360e-12      -1.015434656536e-14 
   59       2.193568481660e-10       2.689603957065e-14      -2.323143930445e-13       0.000000000000e+00       3.483458876444e-11       4.546323076991e-12      -1.043920341246e-14 
   60       2.223706252311e-10       2.829825808696e-14      -2.746570412099e-13       0.000000000000e+00       3.352350198323e-11       4.396600347917e-12      -1.062812232896e-14 
   61       2.254205206927e-10       2.973938060830e-14      -3.188388205765e-13       0.000000000000e+00       3.227671625614e-11       4.253370241922e-12      -1.073140224452e-14 
   62       2.285047794951e-10       3.121846228027e-14      -3.648209283163e-13       0.000000000000e+00       3.109212573448e-11       4.116642172776e-12      -1.076166576721e-14 
   63       2.316203852099e-10       3.273441816026e-14      -4.125578795996e-13       0.000000000000e+00       2.996587389147e-11       3.986260876957e-12      -1.073396576310e-14 
   64       2.347629839192e-10       3.428601879043e-14      -4.619973167178e-13       0.000000000000e+00       2.889225751561e-11       3.861896834365e-12      -1.066589193581e-14 
   65       2.379284047549e-10       3.587204444657e-14      -5.130915902714e-13       0.000000000000e+00       2.786529858341e-11       3.743151025552e-12      -1.057432955429e-14 
   66       2.411177667719e-10       3.749179579779e-14      -5.658357822279e-13       0.000000000000e+00       2.688406244568e-11       3.629916506314e-12      -1.046469839014e-14 
   67       2.443333207520e-10       3.914468380152e-14      -6.202374180720e-13       0.000000000000e+00       2.594829764826e-11       3.522076510750e-12      -1.033961856046e-14 
   68       2.475769171163e-10       4.083008058181e-14      -6.763055411219e-13       0.000000000000e+00       2.505681900605e-11       3.419390609885e-12      -1.020206997370e-14 
   69       2.508499744701e-10       4.254731944071e-14      -7.340508509403e-13       0.000000000000e+00       2.420745825035e-11       3.321488330612e-12      -1.005540526308e-14 
   70       2.541534481477e-10       4.429569486978e-14      -7.934858417462e-13       0.000000000000e+00       2.339701467614e-11       3.227862774638e-12      -9.903362719920e-15 
   71       2.574877987578e-10       4.607446256150e-14      -8.546249408257e-13       0.000000000000e+00       2.262120578949e-11       3.137864237420e-12      -9.750079227042e-15 
   72       2.608532876269e-10       4.788278219987e-14      -9.174748968099e-13       0.000000000000e+00       2.187576786893e-11       3.050865835809e-12      -9.599335990750e-15 
   73       2.642509986844e-10       4.971953309344e-14      -9.820035009900e-13       0.000000000000e+00       2.116011189144e-11       2.966811377208e-12      -9.452099380842e-15 
   74       2.676819567976e-10       5.158346300896e-14      -1.048165084237e-12       0.000000000000e+00       2.047428344062e-11       2.885761611932e-12      -9.308529229845e-15 
   75       2.711467946692e-10       5.347324098371e-14      -1.115909652398e-12       0.000000000000e+00       1.981785226504e-11       2.807729130278e-12      -9.168699705266e-15 
   76       2.746457288462e-10       5.538745603049e-14      -1.185182802100e-12       0.000000000000e+00       1.918988917941e-11       2.732675908606e-12      -9.032594726957e-15 
   77       2.781785357278e-10       5.732461584272e-14      -1.255925636558e-12       0.000000000000e+00       1.858894296559e-11       2.660510855422e-12      -8.900103384470e-15 
   78       2.817445275743e-10       5.928314549941e-14      -1.328074681376e-12       0.000000000000e+00       1.801301727370e-11       2.591087357461e-12      -8.771015354419e-15 
   79       2.853425285154e-10       6.126138617028e-14      -1.401561800357e-12       0.000000000000e+00       1.745954752318e-11       2.524200825766e-12      -8.645016317844e-15 
   80       2.889713746674e-10       6.325765585043e-14      -1.476320309790e-12       0.000000000000e+00       1.692603734643e-11       2.459644488055e-12      -8.521862700266e-15 
   81       2.926315672904e-10       6.527044656059e-14      -1.552304729395e-12       0.000000000000e+00       1.641214602594e-11       2.397393322897e-12      -8.401950921671e-15 
   82       2.963238642754e-10       6.729825919025e-14      -1.629474323810e-12       0.000000000000e+00       1.591792310387e-11       2.337447738541e-12      -8.285839103088e-15 
   83       3.000487674700e-10       6.933954436573e-14      -1.707787238881e-12       0.000000000000e+00       1.544317032079e-11       2.279776809727e-12      -8.174075282136e-15 
   84       3.038065083927e-10       7.139270230392e-14      -1.787200532257e-12       0.000000000000e+00       1.498743073055e-11       2.224316902412e-12      -8.067196151180e-15 
   85       3.075970339468e-10       7.345608266603e-14      -1.867670203980e-12       0.000000000000e+00       1.454997781503e-11       2.170970298480e-12      -7.965725795476e-15 
   86       3.114199921350e-10       7.552798441131e-14      -1.949151227081e-12       0.000000000000e+00       1.412980459906e-11       2.119603820461e-12      -7.870174431328e-15 
   87       3.152747177730e-10       7.760665565079e-14      -2.031597578168e-12       0.000000000000e+00       1.372561276519e-11       2.070047456248e-12      -7.781037144240e-15 
   88       3.191602182043e-10       7.969029350101e-14      -2.114962268020e-12       0.000000000000e+00       1.333580176853e-11       2.022092983816e-12      -7.698792627061e-15 
   89       3.230755331919e-10       8.177706641131e-14      -2.199195906900e-12       0.000000000000e+00       1.295884972070e-11       1.975544642851e-12      -7.623747486285e-15 
   90       3.270209104339e-10       8.386518547829e-14      -2.284242075885e-12       0.000000000000e+00       1.259454824235e-11       1.930383256965e-12      -7.555543921586e-15 
   91       3.309967889857e-10       8.595284410080e-14      -2.370041282432e-12       0.000000000000e+00       1.224294216500e-11       1.886625442855e-12      -7.493572133138e-15 
   92       3.350034329386e-10       8.803819669009e-14      -2.456532369544e-12       0.000000000000e+00       1.190395006016e-11       1.844273268032e-12      -7.437114352953e-15 
   93       3.390409227398e-10       9.011935886018e-14      -2.543652524407e-12       0.000000000000e+00       1.157735922334e-11       1.803313655271e-12      -7.385341269454e-15 
   94       3.431091465122e-10       9.219440761833e-14      -2.631337287030e-12       0.000000000000e+00       1.126282065808e-11       1.763717787050e-12      -7.337308452036e-15 
   95       3.472077913739e-10       9.426138155541e-14      -2.719520558892e-12       0.000000000000e+00       1.095984405995e-11       1.725440510003e-12      -7.291952775633e-15 
   96       3.513363347588e-10       9.631828103635e-14      -2.808134611573e-12       0.000000000000e+00       1.066779280064e-11       1.688419739361e-12      -7.248088845284e-15 
   97       3.554940357357e-10       9.836306839056e-14      -2.897110095401e-12       0.000000000000e+00       1.038587891193e-11       1.652575863400e-12      -7.204405420699e-15 
   98       3.596799263285e-10       1.003936681023e-13      -2.986376048091e-12       0.000000000000e+00       1.011315806977e-11       1.617811147890e-12      -7.159461840821e-15 
   99       3.638930530560e-10       1.024080151655e-13      -3.075860984910e-12       0.000000000000e+00       9.848745865366e-12       1.584032978892e-12      -7.111995481628e-15 
  100       3.681332593509e-10       1.044042075504e-13      -3.165496326686e-12       0.000000000000e+00       9.592512414055e-12       1.551228634949e-12      -7.061901548374e-15 
  101       3.724004983545e-10       1.063803757868e-13      -3.255213475657e-12       0.000000000000e+00       9.344477271342e-12       1.519400048643e-12      -7.009386066013e-15 
  102       3.766945870072e-10       1.083346374909e-13      -3.344942798740e-12       0.000000000000e+00       9.104594618883e-12       1.488540610355e-12      -6.954667419125e-15 
  103       3.810152004015e-10       1.102650981390e-13      -3.434613649277e-12       0.000000000000e+00       8.872750930785e-12       1.458634861655e-12      -6.897976546584e-15 
  104       3.853618661351e-10       1.121698518423e-13      -3.524154388789e-12       0.000000000000e+00       8.648762639899e-12       1.429658188703e-12      -6.839557136222e-15 
  105       3.897339586633e-10       1.140469821210e-13      -3.613492408723e-12       0.000000000000e+00       8.432373804126e-12       1.401576515642e-12      -6.779665819495e-15 
  106       3.941306936521e-10       1.158945626783e-13      -3.702554152203e-12       0.000000000000e+00       8.223253772706e-12       1.374345997994e-12      -6.718572366148e-15 
  107       3.985511223309e-10       1.177106581747e-13      -3.791265135780e-12       0.000000000000e+00       8.020994852522e-12       1.347912716058e-12      -6.656559878880e-15 
  108       4.029941258452e-10       1.194933250025e-13      -3.879549971181e-12       0.000000000000e+00       7.825109974395e-12       1.322212368301e-12      -6.593924988012e-15 
  109       4.074584096099e-10       1.212406120598e-13      -3.967332387058e-12       0.000000000000e+00       7.635030359382e-12       1.297169964760e-12      -6.530978046146e-15 
  110       4.119427247820e-10       1.229506104063e-13      -4.054536081273e-12       0.000000000000e+00       7.450233654180e-12       1.272717301513e-12      -6.467995892356e-15 
  111       4.164465770122e-10       1.246216077931e-13      -4.141087355039e-12       0.000000000000e+00       7.270651982069e-12       1.248848583661e-12      -6.405072856418e-15 
  112       4.209695982519e-10       1.262519554499e-13      -4.226912858161e-12       0.000000000000e+00       7.096311989222e-12       1.225571380213e-12      -6.342250961948e-15 
  113       4.255113243651e-10       1.278400222125e-13      -4.311938818211e-12       0.000000000000e+00       6.927208004363e-12       1.202889348994e-12      -6.279565383963e-15 
  114       4.300711917133e-10       1.293841957764e-13      -4.396091070440e-12       0.000000000000e+00       6.763300987320e-12       1.180802104804e-12      -6.217044177403e-15 
  115       4.346485337404e-10       1.308828839520e-13      -4.479295087689e-12       0.000000000000e+00       6.604517477573e-12       1.159305087555e-12      -6.154708005644e-15 
  116       4.392425775579e-10       1.323345159192e-13      -4.561476010303e-12       0.000000000000e+00       6.450748542803e-12       1.138389430430e-12      -6.092569869020e-15 
  117       4.438524405295e-10       1.337375434819e-13      -4.642558676045e-12       0.000000000000e+00       6.301848727443e-12       1.118041828022e-12      -6.030634833339e-15 
  118       4.484771268561e-10       1.350904423228e-13      -4.722467650001e-12       0.000000000000e+00       6.157635001226e-12       1.098244404491e-12      -5.968899758403e-15 
  119       4.531155241612e-10       1.363917132576e-13      -4.801127254502e-12       0.000000000000e+00       6.017885707735e-12       1.078974581704e-12      -5.907353026523e-15 
  120       4.577664000753e-10       1.376398834905e-13      -4.878461599029e-12       0.000000000000e+00       5.882339512950e-12       1.060204947390e-12      -5.845974271040e-15 
  121       4.624283988211e-10       1.388335078678e-13      -4.954394610128e-12       0.000000000000e+00       5.750694353802e-12       1.041903123287e-12      -5.784734104843e-15 
  122       4.671000377987e-10       1.399711701334e-13      -5.028850061325e-12       0.000000000000e+00       5.622606386720e-12       1.024031633287e-12      -5.723593848885e-15 
  123       4.717798786295e-10       1.410515320026e-13      -5.101752397930e-12       0.000000000000e+00       5.497764144768e-12       1.006556284866e-12      -5.662513616317e-15 
  124       4.764670698136e-10       1.420734840971e-13      -5.173029255057e-12       0.000000000000e+00       5.376122895197e-12       9.894726844812e-13      -5.601478194762e-15 
  125       4.811608602683e-10       1.430360147951e-13      -5.242609286597e-12       0.000000000000e+00       5.257695349157e-12       9.727825340096e-13      -5.540473639658e-15 
  126       4.858604284316e-10       1.439381655787e-13      -5.310421432032e-12       0.000000000000e+00       5.142478409603e-12       9.564853261073e-13      -5.479478981349e-15 
  127       4.905648802191e-10       1.447790326647e-13      -5.376394952594e-12       0.000000000000e+00       5.030452711578e-12       9.405782793373e-13      -5.418466019335e-15 
  128       4.952732469822e-10       1.455577686357e-13      -5.440459467436e-12       0.000000000000e+00       4.921582162485e-12       9.250562732994e-13      -5.357399116540e-15 
  129       4.999844834652e-10       1.462735840707e-13      -5.502544989797e-12       0.000000000000e+00       4.815813482368e-12       9.099117837595e-13      -5.296234993562e-15 
  130       5.046974657633e-10       1.469257491763e-13      -5.562581963168e-12       0.000000000000e+00       4.713075744184e-12       8.951348177788e-13      -5.234922522937e-15 
  131       5.094109892798e-10       1.475135954171e-13      -5.620501297458e-12       0.000000000000e+00       4.613279914088e-12       8.807128488437e-13      -5.173402523394e-15 
  132       5.141237666837e-10       1.480365171472e-13      -5.676234405163e-12       0.000000000000e+00       4.516318391701e-12       8.666307519942e-13      -5.111607554118e-15 
  133       5.188344258678e-10       1.484939732405e-13      -5.729713237529e-12       0.000000000000e+00       4.422064550393e-12       8.528707389542e-13      -5.049461709005e-15 
  134       5.235415079054e-10       1.488854887219e-13      -5.780870320722e-12       0.000000000000e+00       4.330372277560e-12       8.394122932601e-13      -4.986880410920e-15 
  135       5.282434650088e-10       1.492106563981e-13      -5.829638791990e-12       0.000000000000e+00       4.241075514897e-12       8.262321053909e-13      -4.923770205959e-15 
  136       5.329386584861e-10       1.494691384885e-13      -5.875952435833e-12       0.000000000000e+00       4.153987798681e-12       8.133040078967e-13      -4.860028557706e-15 
  137       5.376255023058e-10       1.496606954227e-13      -5.919746394177e-12       0.000000000000e+00       4.068941801847e-12       8.006049629399e-13      -4.795576606500e-15 
  138       5.423029148792e-10       1.497852721446e-13      -5.960959303274e-12       0.000000000000e+00       3.985913551431e-12       7.881338615082e-13      -4.730461708663e-15 
  139       5.469699103731e-10       1.498429238731e-13      -5.999531447528e-12       0.000000000000e+00       3.904910253234e-12       7.758945555874e-13      -4.664765167252e-15 
  140       5.516254561901e-10       1.498337915227e-13      -6.035404145398e-12       0.000000000000e+00       3.825931239432e-12       7.638899540869e-13      -4.598570222558e-15 
  141       5.562684718501e-10       1.497581035072e-13      -6.068519789841e-12       0.000000000000e+00       3.748967762759e-12       7.521219963853e-13      -4.531962055604e-15 
  142       5.608978278726e-10       1.496161775428e-13      -6.098821888759e-12       0.000000000000e+00       3.674002790673e-12       7.405916258752e-13      -4.465027791635e-15 
  143       5.655123446578e-10       1.494084224515e-13      -6.126255105439e-12       0.000000000000e+00       3.601010799540e-12       7.292987635089e-13      -4.397856503617e-15 
  144       5.701107913690e-10       1.491353399644e-13      -6.150765299004e-12       0.000000000000e+00       3.529957568810e-12       7.182422813429e-13      -4.330539215725e-15 
  145       5.746918848139e-10       1.487975265251e-13      -6.172299564849e-12       0.000000000000e+00       3.460799975188e-12       7.074199760834e-13      -4.263168906841e-15 
  146       5.792542883267e-10       1.483956750927e-13      -6.190806275094e-12       0.000000000000e+00       3.393485786815e-12       6.968285426317e-13      -4.195840514046e-15 
  147       5.837966106495e-10       1.479305769455e-13      -6.206235119024e-12       0.000000000000e+00       3.327953457441e-12       6.864635476286e-13      -4.128650936112e-15 
  148       5.883174048144e-10       1.474031234841e-13      -6.218537143533e-12       0.000000000000e+00       3.264131920605e-12       6.763194030007e-13      -4.061699037002e-15 
  149       5.928151670253e-10       1.468143080345e-13      -6.227664793570e-12       0.000000000000e+00       3.201940383808e-12       6.663893395043e-13      -3.995085649357e-15 
  150       5.972883355393e-10       1.461652276520e-13      -6.233571952584e-12       0.000000000000e+00       3.141288122688e-12       6.566653802717e-13      -3.928913577992e-15 
  151       6.017352895488e-10       1.454570849238e-13      -6.236213982966e-12       0.000000000000e+00       3.082074275202e-12       6.471383143554e-13      -3.863287603392e-15 
  152       6.061543480630e-10       1.446911897729e-13      -6.235547766497e-12       0.000000000000e+00       3.024187635797e-12       6.377976702741e-13      -3.798314485204e-15 
  153       6.105438912431e-10       1.438689434909e-13      -6.231531947826e-12       0.000000000000e+00       2.967529633947e-12       6.286338470467e-13      -3.734080569763e-15 
  154       6.149027394480e-10       1.429917853721e-13      -6.224127605259e-12       0.000000000000e+00       2.912086105920e-12       6.196447858266e-13      -3.670582263628e-15 
  155       6.192298074479e-10       1.420612445352e-13      -6.213297719719e-12       0.000000000000e+00       2.857861831896e-12       6.108298707570e-13      -3.607789075035e-15 
  156       6.235239846467e-10       1.410789589458e-13      -6.199007018436e-12       0.000000000000e+00       2.804857864082e-12       6.021878118704e-13      -3.545665319488e-15 
  157       6.277841345875e-10       1.400466771296e-13      -6.181222016434e-12       0.000000000000e+00       2.753071438969e-12       5.937166296212e-13      -3.484170009187e-15 
  158       6.320090944580e-10       1.389662598848e-13      -6.159911058003e-12       0.000000000000e+00       2.702495889580e-12       5.854136394196e-13      -3.423256742465e-15 
  159       6.361976745958e-10       1.378396819953e-13      -6.135044358181e-12       0.000000000000e+00       2.653120557728e-12       5.772754361639e-13      -3.362873593216e-15 
  160       6.403486579940e-10       1.366690339432e-13      -6.106594044232e-12       0.000000000000e+00       2.604930706263e-12       5.692978787745e-13      -3.302963000329e-15 
  161       6.444607998065e-10       1.354565236218e-13      -6.074534197123e-12       0.000000000000e+00       2.557907431332e-12       5.614760747261e-13      -3.243461657122e-15 
  162       6.485328268535e-10       1.342044780483e-13      -6.038840893006e-12       0.000000000000e+00       2.512027574623e-12       5.538043645817e-13      -3.184300400772e-15 
  163       6.525634371266e-10       1.329153450767e-13      -5.999492244692e-12       0.000000000000e+00       2.467263635628e-12       5.462763065253e-13      -3.125404101748e-15 
  164       6.565512992948e-10       1.315916951105e-13      -5.956468443132e-12       0.000000000000e+00       2.423583683887e-12       5.388846608950e-13      -3.066691553244e-15 
  165       6.604950522094e-10       1.302362228155e-13      -5.909751798897e-12       0.000000000000e+00       2.380951271248e-12       5.316213747164e-13      -3.008075360611e-15 
  166       6.643933044095e-10       1.288517488328e-13      -5.859326783653e-12       0.000000000000e+00       2.339325344114e-12       5.244775662356e-13      -2.949461830789e-15 
  167       6.682446336279e-10       1.274412214913e-13      -5.805180071642e-12       0.000000000000e+00       2.298660155701e-12       5.174435094522e-13      -2.890750861740e-15 
  168       6.720475862956e-10       1.260077185207e-13      -5.747300581161e-12       0.000000000000e+00       2.258905178285e-12       5.105086186527e-13      -2.831835831880e-15 
  169       6.758006770481e-10       1.245544487644e-13      -5.685679516038e-12       0.000000000000e+00       2.220005015462e-12       5.036614329434e-13      -2.772603489512e-15 
  170       6.795023882303e-10       1.230847538921e-13      -5.620310407112e-12       0.000000000000e+00       2.181899314396e-12       4.968896007839e-13      -2.712933842256e-15 
  171       6.831512693911e-10       1.216020083742e-13      -5.551188377285e-12       0.000000000000e+00       2.144534969429e-12       4.901827462916e-13      -2.652732300177e-15 
  172       6.867462461113e-10       1.201093064601e-13      -5.478307781064e-12       0.000000000000e+00       2.107904058474e-12       4.835413687310e-13      -2.592029344185e-15 
  173       6.902863360982e-10       1.186097522607e-13      -5.401664446769e-12       0.000000000000e+00       2.072008916381e-12       4.769686588903e-13      -2.530888994909e-15 
  174       6.937705514285e-10       1.171065604251e-13      -5.321256473263e-12       0.000000000000e+00       2.036850090995e-12       4.704676804223e-13      -2.469377327928e-15 
  175       6.971978984616e-10       1.156030574384e-13      -5.237084268266e-12       0.000000000000e+00       2.002426305559e-12       4.640413661352e-13      -2.407562494795e-15 
  176       7.005673777532e-10       1.141026829195e-13      -5.149150586666e-12       0.000000000000e+00       1.968734421107e-12       4.576925142831e-13      -2.345514744064e-15 
  177       7.038779839684e-10       1.126089909188e-13      -5.057460568827e-12       0.000000000000e+00       1.935769398876e-12       4.514237848568e-13      -2.283306442314e-15 
  178       7.071287057953e-10       1.111256512158e-13      -4.962021778903e-12       0.000000000000e+00       1.903524262698e-12       4.452376958744e-13      -2.221012095180e-15 
  179       7.103185258581e-10       1.096564506170e-13      -4.862844243146e-12       0.000000000000e+00       1.871990061408e-12       4.391366196720e-13      -2.158708368375e-15 
  180       7.134464206307e-10       1.082052942534e-13      -4.759940488218e-12       0.000000000000e+00       1.841155831241e-12       4.331227791943e-13      -2.096474108718e-15 
  181       7.165113603500e-10       1.067762068785e-13      -4.653325579502e-12       0.000000000000e+00       1.811008558234e-12       4.271982442854e-13      -2.034390365162e-15 
  182       7.195123089291e-10       1.053733341657e-13      -4.543017159411e-12       0.000000000000e+00       1.781533140629e-12       4.213649279795e-13      -1.972540409818e-15 
  183       7.224482238710e-10       1.040009440062e-13      -4.429035485702e-12       0.000000000000e+00       1.752712351274e-12       4.156245827915e-13      -1.911009758983e-15 
  184       7.253180561816e-10       1.026634278068e-13      -4.311403469784e-12       0.000000000000e+00       1.724526800022e-12       4.099787970075e-13      -1.849886194163e-15 
  185       7.281207502833e-10       1.013653017872e-13      -4.190146715029e-12       0.000000000000e+00       1.696954896134e-12       4.044289909757e-13      -1.789259783105e-15 
  186       7.308552439285e-10       1.001112082784e-13      -4.065293555084e-12       0.000000000000e+00       1.669972810680e-12       3.989764133973e-13      -1.729222900819e-15 
  187       7.335204681124e-10       9.890591701976e-14      -3.936875092180e-12       0.000000000000e+00       1.643554438941e-12       3.936221376165e-13      -1.669870250606e-15 
  188       7.361153469870e-10       9.775432645705e-14      -3.804925235444e-12       0.000000000000e+00       1.617671362807e-12       3.883670579119e-13      -1.611298885084e-15 
  189       7.386387977742e-10       9.666146504011e-14      -3.669480739210e-12       0.000000000000e+00       1.592292813183e-12       3.832118857866e-13      -1.553608227214e-15 
  190       7.410897306790e-10       9.563249252054e-14      -3.530581241330e-12       0.000000000000e+00       1.567385632388e-12       3.781571462594e-13      -1.496900091327e-15 
  191       7.434671224583e-10       9.467248609155e-14      -3.388267012859e-12       0.000000000000e+00       1.542920824981e-12       3.732030355646e-13      -1.441257865900e-15 
  192       7.457702434696e-10       9.378577818824e-14      -3.242571938792e-12       0.000000000000e+00       1.518893837361e-12       3.683489900623e-13      -1.386682274221e-15 
  193       7.479984475248e-10       9.297657140074e-14      -3.093530083355e-12       0.000000000000e+00       1.495305730425e-12       3.635940777789e-13      -1.333150824656e-15 
  194       7.501510999203e-10       9.224914975507e-14      -2.941177961904e-12       0.000000000000e+00       1.472156712002e-12       3.589371299551e-13      -1.280638168745e-15 
  195       7.522275775913e-10       9.160787930676e-14      -2.785554571737e-12       0.000000000000e+00       1.449446120813e-12       3.543767368831e-13      -1.229116054043e-15 
  196       7.542272692659e-10       9.105720873456e-14      -2.626701422923e-12       0.000000000000e+00       1.427172410432e-12       3.499112437435e-13      -1.178553276955e-15 
  197       7.561495756199e-10       9.060166993406e-14      -2.464662569119e-12       0.000000000000e+00       1.405333133245e-12       3.455387464428e-13      -1.128915635574e-15 
  198       7.579939094309e-10       9.024587861141e-14      -2.299484638395e-12       0.000000000000e+00       1.383924924413e-12       3.412570874504e-13      -1.080165882522e-15 
  199       7.597596957327e-10       8.999453487694e-14      -2.131216864055e-12       0.000000000000e+00       1.362943485827e-12       3.370638516358e-13      -1.032263677789e-15 
  200       7.614463719698e-10       8.985242383884e-14      -1.959911115455e-12       0.000000000000e+00       1.342383570073e-12       3.329563621057e-13      -9.851655415671e-16 
  201       7.630533881517e-10       8.982441619683e-14      -1.785621928833e-12       0.000000000000e+00       1.322238964390e-12       3.289316760413e-13      -9.388248070922e-16 
  202       7.645802070075e-10       8.991546883582e-14      -1.608406538123e-12       0.000000000000e+00       1.302502474633e-12       3.249865805355e-13      -8.931915734819e-16 
  203       7.660263041399e-10       9.013062541956e-14      -1.428324905779e-12       0.000000000000e+00       1.283165909227e-12       3.211175884299e-13      -8.482126585735e-16 
  204       7.673911681797e-10       9.047501698433e-14      -1.245439753599e-12       0.000000000000e+00       1.264220063135e-12       3.173209341521e-13      -8.038315517622e-16 
  205       7.686743009406e-10       9.095386253262e-14      -1.059816593546e-12       0.000000000000e+00       1.245654701813e-12       3.135925695529e-13      -7.599883668400e-16 
  206       7.698752175729e-10       9.157246962672e-14      -8.715237585665e-13       0.000000000000e+00       1.227458545173e-12       3.099281597432e-13      -7.166197948335e-16 
  207       7.709934467184e-10       9.233623498247e-14      -6.806324334169e-13       0.000000000000e+00       1.209619251539e-12       3.063230789318e-13      -6.736590568428e-16 
  208       7.720285306647e-10       9.325064506289e-14      -4.872166854824e-13       0.000000000000e+00       1.192123401613e-12       3.027724062616e-13      -6.310358568796e-16 
  209       7.729800254993e-10       9.432127667182e-14      -2.913534955997e-13       0.000000000000e+00       1.174956482432e-12       2.992709216479e-13      -5.886763347054e-16 
  210       7.738475012643e-10       9.555379754763e-14      -9.312278887871e-14       0.000000000000e+00       1.158102871329e-12       2.958131016147e-13      -5.465030186705e-16 
  211       7.746305421107e-10       9.695396695686e-14       1.073925344757e-13       0.000000000000e+00       1.141545819891e-12       2.923931151321e-13      -5.044347785515e-16 
  212       7.753287464527e-10       9.852763628789e-14       3.101065683418e-13       0.000000000000e+00       1.125267437924e-12       2.890048194539e-13      -4.623867783906e-16 
  213       7.759417654266e-10       1.002804118187e-13       5.149347920933e-13       0.000000000000e+00       1.109252183679e-12       2.856429829582e-13      -4.202889414253e-16 
  214       7.764694208361e-10       1.022166164566e-13       7.218076386645e-13       0.000000000000e+00       1.093497630014e-12       2.823070541673e-13      -3.781428297827e-16 
  215       7.769115954736e-10       1.043402589997e-13       9.306577835936e-13       0.000000000000e+00       1.078004394605e-12       2.789976393215e-13      -3.359685164871e-16 
  216       7.772681957856e-10       1.066553653681e-13       1.141415786073e-12       0.000000000000e+00       1.062772692256e-12       2.757152973236e-13      -2.937864201502e-16 
  217       7.775391521278e-10       1.091659783075e-13       1.354010069772e-12       0.000000000000e+00       1.047802328089e-12       2.724605388061e-13      -2.516173065441e-16 
  218       7.777244190204e-10       1.118761570940e-13       1.568366903651e-12       0.000000000000e+00       1.033092690730e-12       2.692338251989e-13      -2.094822901753e-16 
  219       7.778239754029e-10       1.147899772382e-13       1.784410382790e-12       0.000000000000e+00       1.018642745506e-12       2.660355677961e-13      -1.674028358585e-16 
  220       7.778378248900e-10       1.179115301894e-13       2.002062409203e-12       0.000000000000e+00       1.004451027634e-12       2.628661268242e-13      -1.254007602899e-16 
  221       7.777659960264e-10       1.212449230402e-13       2.221242672660e-12       0.000000000000e+00       9.905156354086e-13       2.597258105087e-13      -8.349823362105e-17 
  222       7.776085425421e-10       1.247942782303e-13       2.441868631507e-12       0.000000000000e+00       9.768342233975e-13       2.566148741423e-13      -4.171778103254e-17 
  223       7.773655436074e-10       1.285637332513e-13       2.663855493488e-12       0.000000000000e+00       9.634039956299e-13       2.535335191516e-13      -8.228430746013e-20 
  224       7.770371040888e-10       1.325574403510e-13       2.887116196561e-12       0.000000000000e+00       9.502216987883e-13       2.504818921648e-13       4.138501659483e-17 
  225       7.766233548035e-10       1.367795662371e-13       3.111561389725e-12       0.000000000000e+00       9.372836153987e-13       2.474600840795e-13       8.266052196507e-17 
  226       7.761244527750e-10       1.412342917821e-13       3.337099413832e-12       0.000000000000e+00       9.245855570223e-13       2.444681291293e-13       1.237202707705e-16 
  227       7.755405814880e-10       1.459258117274e-13       3.563636282416e-12       0.000000000000e+00       9.121228574458e-13       2.415060039518e-13       1.645399390810e-16 
  228       7.748719511444e-10       1.508583343877e-13       3.791075662504e-12       0.000000000000e+00       8.998903658727e-13       2.385736266559e-13       2.050948384959e-16 
  229       7.741187989173e-10       1.560360813549e-13       4.019318855446e-12       0.000000000000e+00       8.878824401138e-13       2.356708558892e-13       2.453599145699e-16 
  230       7.732813892075e-10       1.614632872030e-13       4.248264777728e-12       0.000000000000e+00       8.760929397787e-13       2.327974899051e-13       2.853097452396e-16 
  231       7.723600138978e-10       1.671441991919e-13       4.477809941793e-12       0.000000000000e+00       8.645152194661e-13       2.299532656307e-13       3.249185392497e-16 
  232       7.713549926087e-10       1.730830769720e-13       4.707848436867e-12       0.000000000000e+00       8.531421219552e-13       2.271378577338e-13       3.641601345797e-16 
  233       7.702666729534e-10       1.792841922883e-13       4.938271909771e-12       0.000000000000e+00       8.419659713960e-13       2.243508776907e-13       4.030079968699e-16 
  234       7.690954307932e-10       1.857518286848e-13       5.168969545749e-12       0.000000000000e+00       8.309785665011e-13       2.215918728532e-13       4.414352178480e-16 
  235       7.678416704925e-10       1.924902812089e-13       5.399828049283e-12       0.000000000000e+00       8.201711737358e-13       2.188603255162e-13       4.794145137553e-16 
  236       7.665058251743e-10       1.995038561155e-13       5.630731624914e-12       0.000000000000e+00       8.095345205094e-13       2.161556519852e-13       5.169182237731e-16 
  237       7.650883569751e-10       2.067968705713e-13       5.861561958065e-12       0.000000000000e+00       7.990587883659e-13       2.134772016434e-13       5.539183084489e-16 
  238       7.635897507501e-10       2.143732546730e-13       6.092204978069e-12       0.000000000000e+00       7.887355016156e-13       2.108244574233e-13       5.903912655933e-16 
  239       7.620104942356e-10       2.222353313571e-13       6.322571641561e-12       0.000000000000e+00       7.785633342710e-13       2.081976526237e-13       6.263332117024e-16 
  240       7.603510971798e-10       2.303849619993e-13       6.552578371021e-12       0.000000000000e+00       7.685426417095e-13       2.055971896531e-13       6.617457111682e-16 
  241       7.586120980247e-10       2.388239363240e-13       6.782140380960e-12       0.000000000000e+00       7.586735940788e-13       2.030234414814e-13       6.966309497371e-16 
  242       7.567940641482e-10       2.475539712700e-13       7.011171673053e-12       0.000000000000e+00       7.489561734865e-13       2.004767511322e-13       7.309917433097e-16 
  243       7.548975921048e-10       2.565767098555e-13       7.239585031261e-12       0.000000000000e+00       7.393901711895e-13       1.979574311755e-13       7.648315467416e-16 
  244       7.529233078674e-10       2.658937200434e-13       7.467292016964e-12       0.000000000000e+00       7.299751847840e-13       1.954657632198e-13       7.981544626438e-16 
  245       7.508718670688e-10       2.755064936072e-13       7.694202964090e-12       0.000000000000e+00       7.207106153946e-13       1.930019974041e-13       8.309652501829e-16 
  246       7.487439552428e-10       2.854164449955e-13       7.920226974237e-12       0.000000000000e+00       7.115956648644e-13       1.905663518907e-13       8.632693338816e-16 
  247       7.465402880657e-10       2.956249101978e-13       8.145271911809e-12       0.000000000000e+00       7.026293329440e-13       1.881590123572e-13       8.950728124192e-16 
  248       7.442616115980e-10       3.061331456101e-13       8.369244399138e-12       0.000000000000e+00       6.938104144818e-13       1.857801314888e-13       9.263824674319e-16 
  249       7.419087025252e-10       3.169423268994e-13       8.592049811616e-12       0.000000000000e+00       6.851374966128e-13       1.834298284705e-13       9.572057723130e-16 
  250       7.394823683999e-10       3.280535478699e-13       8.813592272822e-12       0.000000000000e+00       6.766089559489e-13       1.811081884799e-13       9.875509010137e-16 
  251       7.369834478828e-10       3.394678193277e-13       9.033774649650e-12       0.000000000000e+00       6.682229557680e-13       1.788152621788e-13       1.017426736843e-15 
  252       7.344128109839e-10       3.511860679465e-13       9.252498547436e-12       0.000000000000e+00       6.599774432038e-13       1.765510652058e-13       1.046842881269e-15 
  253       7.317713593046e-10       3.632091351327e-13       9.469664305090e-12       0.000000000000e+00       6.518701464353e-13       1.743155776690e-13       1.075809662719e-15 
  254       7.290600262783e-10       3.755377758910e-13       9.685170990221e-12       0.000000000000e+00       6.438985718765e-13       1.721087436374e-13       1.104338145377e-15 
  255       7.262797774125e-10       3.881726576893e-13       9.898916394264e-12       0.000000000000e+00       6.360600013660e-13       1.699304706340e-13       1.132440137991e-15 
  256       7.234316105298e-10       4.011143593245e-13       1.011079702761e-11       0.000000000000e+00       6.283514893564e-13       1.677806291278e-13       1.160128202664e-15 
  257       7.205165560094e-10       4.143633697874e-13       1.032070811475e-11       0.000000000000e+00       6.207698601040e-13       1.656590520259e-13       1.187415663665e-15 
  258       7.175356770283e-10       4.279200871285e-13       1.052854358936e-11       0.000000000000e+00       6.133117048585e-13       1.635655341663e-13       1.214316616219e-15 
  259       7.144900698033e-10       4.417848173229e-13       1.073419608947e-11       0.000000000000e+00       6.059733790524e-13       1.614998318095e-13       1.240845935316e-15 
  260       7.113808638318e-10       4.559577731357e-13       1.093755695259e-11       0.000000000000e+00       5.987509994906e-13       1.594616621314e-13       1.267019284504e-15 
  261       7.082092221335e-10       4.704390729875e-13       1.113851621081e-11       0.000000000000e+00       5.916404415402e-13       1.574507027153e-13       1.292853124697e-15 
  262       7.049763414916e-10       4.852287398197e-13       1.133696258596e-11       0.000000000000e+00       5.846373363198e-13       1.554665910443e-13       1.318364722969e-15 
  263       7.016834526944e-10       5.003266999598e-13       1.153278348472e-11       0.000000000000e+00       5.777370678895e-13       1.535089239935e-13       1.343572161358e-15 
  264       6.983318207769e-10       5.157327819865e-13       1.172586499374e-11       0.000000000000e+00       5.709347704398e-13       1.515772573224e-13       1.368494345663e-15 
  265       6.949227452615e-10       5.314467155954e-13       1.191609187479e-11       0.000000000000e+00       5.642253254820e-13       1.496711051671e-13       1.393151014251e-15 
  266       6.914574999560e-10       5.474678751312e-13       1.210335559294e-11       0.000000000000e+00       5.576043321316e-13       1.477900245081e-13       1.417558083064e-15 
  267       6.879371482263e-10       5.637944970963e-13       1.228757889401e-11       0.000000000000e+00       5.510710821137e-13       1.459338747003e-13       1.441713382544e-15 
  268       6.843627181617e-10       5.804244179433e-13       1.246869255228e-11       0.000000000000e+00       5.446257408397e-13       1.441025710483e-13       1.465610163311e-15 
  269       6.807352622551e-10       5.973553240238e-13       1.264662746620e-11       0.000000000000e+00       5.382683876977e-13       1.422960007375e-13       1.489241691136e-15 
  270       6.770558575416e-10       6.145847500221e-13       1.282131466714e-11       0.000000000000e+00       5.319990148861e-13       1.405140224698e-13       1.512601247857e-15 
  271       6.733256057386e-10       6.321100773894e-13       1.299268532807e-11       0.000000000000e+00       5.258175262472e-13       1.387564660998e-13       1.535682132300e-15 
  272       6.695456333840e-10       6.499285327776e-13       1.316067077224e-11       0.000000000000e+00       5.197237361015e-13       1.370231322700e-13       1.558477661202e-15 
  273       6.657170919766e-10       6.680371864732e-13       1.332520248192e-11       0.000000000000e+00       5.137173680807e-13       1.353137920477e-13       1.580981170128e-15 
  274       6.618411581146e-10       6.864329508311e-13       1.348621210709e-11       0.000000000000e+00       5.077980539619e-13       1.336281865599e-13       1.603186014394e-15 
  275       6.579190336353e-10       7.051125787088e-13       1.364363147412e-11       0.000000000000e+00       5.019653325012e-13       1.319660266296e-13       1.625085569986e-15 
  276       6.539519457540e-10       7.240726619000e-13       1.379739259450e-11       0.000000000000e+00       4.962186482677e-13       1.303269924118e-13       1.646673234481e-15 
  277       6.499411472036e-10       7.433096295687e-13       1.394742767351e-11       0.000000000000e+00       4.905573504768e-13       1.287107330290e-13       1.667942427967e-15 
  278       6.458879163739e-10       7.628197466831e-13       1.409366911894e-11       0.000000000000e+00       4.849806918244e-13       1.271168662075e-13       1.688886593962e-15 
  279       6.417935574506e-10       7.825991124495e-13       1.423604954981e-11       0.000000000000e+00       4.794878273201e-13       1.255449779127e-13       1.709499200339e-15 
  280       6.376594005548e-10       8.026436587460e-13       1.437450180503e-11       0.000000000000e+00       4.740778131217e-13       1.239946219857e-13       1.729773740241e-15 
  281       6.334868018822e-10       8.229491485568e-13       1.450895895211e-11       0.000000000000e+00       4.687496053681e-13       1.224653197786e-13       1.749703733005e-15 
  282       6.292771438423e-10       8.435111744059e-13       1.463935429591e-11       0.000000000000e+00       4.635020590139e-13       1.209565597904e-13       1.769282725078e-15 
  283       6.250318351978e-10       8.643251567909e-13       1.476562138726e-11       0.000000000000e+00       4.583339266623e-13       1.194677973032e-13       1.788504290946e-15 
  284       6.207523112040e-10       8.853863426171e-13       1.488769403174e-11       0.000000000000e+00       4.532438573995e-13       1.179984540179e-13       1.807362034043e-15 
  285       6.164400337478e-10       9.066898036314e-13       1.500550629831e-11       0.000000000000e+00       4.482303956281e-13       1.165479176900e-13       1.825849587682e-15 
  286       6.120964914870e-10       9.282304348562e-13       1.511899252808e-11       0.000000000000e+00       4.432919799011e-13       1.151155417656e-13       1.843960615967e-15 
  287       6.077231999898e-10       9.500029530231e-13       1.522808734295e-11       0.000000000000e+00       4.384269417552e-13       1.137006450171e-13       1.861688814719e-15 
  288       6.033217018739e-10       9.720018950071e-13       1.533272565435e-11       0.000000000000e+00       4.336335045452e-13       1.123025111792e-13       1.879027912394e-15 
  289       5.988935669460e-10       9.942216162605e-13       1.543284267192e-11       0.000000000000e+00       4.289097822772e-13       1.109203885847e-13       1.895971671003e-15 
  290       5.944403923406e-10       1.016656289247e-12       1.552837391225e-11       0.000000000000e+00       4.242537784423e-13       1.095534898006e-13       1.912513887035e-15 
  291       5.899638026599e-10       1.039299901873e-12       1.561925520750e-11       0.000000000000e+00       4.196633848511e-13       1.082009912635e-13       1.928648392374e-15 
  292       5.854654501125e-10       1.062146255929e-12       1.570542271419e-11       0.000000000000e+00       4.151363804665e-13       1.068620329160e-13       1.944369055222e-15 
  293       5.809470146532e-10       1.085188965512e-12       1.578681292186e-11       0.000000000000e+00       4.106704302380e-13       1.055357178421e-13       1.959669781016e-15 
  294       5.764102041218e-10       1.108421455471e-12       1.586336266175e-11       0.000000000000e+00       4.062630839352e-13       1.042211119036e-13       1.974544513353e-15 
  295       5.718567543828e-10       1.131836959833e-12       1.593500911555e-11       0.000000000000e+00       4.019117749820e-13       1.029172433752e-13       1.988987234909e-15 
  296       5.672884294643e-10       1.155428520239e-12       1.600168982407e-11       0.000000000000e+00       3.976138192896e-13       1.016231025812e-13       2.002991968355e-15 
  297       5.627069136479e-10       1.179189180619e-12       1.606334918797e-11       0.000000000000e+00       3.933669198933e-13       1.003378526447e-13       2.016554318867e-15 
  298       5.581134816384e-10       1.203112584902e-12       1.611995830237e-11       0.000000000000e+00       3.891707104419e-13       9.906147383797e-14       2.029676182842e-15 
  299       5.535093125992e-10       1.227192405365e-12       1.617149610539e-11       0.000000000000e+00       3.850252846179e-13       9.779414990879e-14       2.042361270341e-15 
  300       5.488955967471e-10       1.251422147722e-12       1.621794299062e-11       0.000000000000e+00       3.809306966323e-13       9.653605971783e-14       2.054613587178e-15 
  301       5.442735353447e-10       1.275795149826e-12       1.625928082463e-11       0.000000000000e+00       3.768869607444e-13       9.528737716070e-14       2.066437437929e-15 
  302       5.396443406936e-10       1.300304580365e-12       1.629549296447e-11       0.000000000000e+00       3.728940507813e-13       9.404827109005e-14       2.077837428940e-15 
  303       5.350092361268e-10       1.324943437569e-12       1.632656427517e-11       0.000000000000e+00       3.689518996570e-13       9.281890523769e-14       2.088818471341e-15 
  304       5.303694560018e-10       1.349704547900e-12       1.635248114723e-11       0.000000000000e+00       3.650603988927e-13       9.159943813670e-14       2.099385784055e-15 
  305       5.257262456931e-10       1.374580564764e-12       1.637323151416e-11       0.000000000000e+00       3.612193981355e-13       9.039002304351e-14       2.109544896808e-15 
  306       5.210808615851e-10       1.399563967200e-12       1.638880486996e-11       0.000000000000e+00       3.574287046786e-13       8.919080786007e-14       2.119301653142e-15 
  307       5.164345710652e-10       1.424647058588e-12       1.639919228659e-11       0.000000000000e+00       3.536880829803e-13       8.800193505586e-14       2.128662213422e-15 
  308       5.117886525159e-10       1.449821965342e-12       1.640438643156e-11       0.000000000000e+00       3.499972541842e-13       8.682354159010e-14       2.137633057847e-15 
  309       5.071443953081e-10       1.475080635617e-12       1.640438158533e-11       0.000000000000e+00       3.463558956379e-13       8.565575883378e-14       2.146220989466e-15 
  310       5.025030997937e-10       1.500414838005e-12       1.639917365889e-11       0.000000000000e+00       3.427636404133e-13       8.449871249179e-14       2.154433137180e-15 
  311       4.978660772986e-10       1.525816160234e-12       1.638876021124e-11       0.000000000000e+00       3.392200768255e-13       8.335252252505e-14       2.162276958759e-15 
  312       4.932346501150e-10       1.551276007870e-12       1.637314046688e-11       0.000000000000e+00       3.357247479530e-13       8.221730307257e-14       2.169760243851e-15 
  313       4.886101514946e-10       1.576785603019e-12       1.635231533332e-11       0.000000000000e+00       3.322771511564e-13       8.109316237362e-14       2.176891116989e-15 
  314       4.839939256413e-10       1.602335983021e-12       1.632628741859e-11       0.000000000000e+00       3.288767375987e-13       7.998020268975e-14       2.183678040607e-15 
  315       4.793873277040e-10       1.627917999155e-12       1.629506104875e-11       0.000000000000e+00       3.255229117646e-13       7.887852022700e-14       2.190129818048e-15 
  316       4.747917237691e-10       1.653522315340e-12       1.625864228536e-11       0.000000000000e+00       3.222150309797e-13       7.778820505791e-14       2.196255596573e-15 
  317       4.702084908537e-10       1.679139406827e-12       1.621703894303e-11       0.000000000000e+00       3.189524049305e-13       7.670934104369e-14       2.202064870374e-15 
  318       4.656390168980e-10       1.704759558910e-12       1.617026060689e-11       0.000000000000e+00       3.157342951835e-13       7.564200575630e-14       2.207567483583e-15 
  319       4.610847007583e-10       1.730372865617e-12       1.611831865008e-11       0.000000000000e+00       3.125599147053e-13       7.458627040056e-14       2.212773633283e-15 
  320       4.565469521999e-10       1.755969228415e-12       1.606122625132e-11       0.000000000000e+00       3.094284273814e-13       7.354219973627e-14       2.217693872519e-15 
  321       4.520271918896e-10       1.781538354907e-12       1.599899841232e-11       0.000000000000e+00       3.063389475364e-13       7.250985200028e-14       2.222339113308e-15 
  322       4.475268513885e-10       1.807069757536e-12       1.593165197538e-11       0.000000000000e+00       3.032905394531e-13       7.148927882865e-14       2.226720629649e-15 
  323       4.430473731449e-10       1.832552752278e-12       1.585920564079e-11       0.000000000000e+00       3.002822168924e-13       7.048052517870e-14       2.230850060536e-15 
  324       4.385902104872e-10       1.857976457351e-12       1.578167998445e-11       0.000000000000e+00       2.973129426124e-13       6.948362925118e-14       2.234739412965e-15 
  325       4.341568276165e-10       1.883329791907e-12       1.569909747525e-11       0.000000000000e+00       2.943816278882e-13       6.849862241231e-14       2.238401064946e-15 
  326       4.297486995993e-10       1.908601474737e-12       1.561148249268e-11       0.000000000000e+00       2.914871320315e-13       6.752552911592e-14       2.241847768515e-15 
  327       4.253673123604e-10       1.933780022968e-12       1.551886134426e-11       0.000000000000e+00       2.886282619099e-13       6.656436682558e-14       2.245092652743e-15 
  328       4.210141626758e-10       1.958853750767e-12       1.542126228309e-11       0.000000000000e+00       2.858037714666e-13       6.561514593664e-14       2.248149226746e-15 
  329       4.166907581653e-10       1.983810768034e-12       1.531871552532e-11       0.000000000000e+00       2.830123612400e-13       6.467786969842e-14       2.251031382698e-15 
  330       4.123986172853e-10       2.008638979109e-12       1.521125326768e-11       0.000000000000e+00       2.802526778828e-13       6.375253413624e-14       2.253753398837e-15 
  331       4.081392693216e-10       2.033326081470e-12       1.509890970495e-11       0.000000000000e+00       2.775233136822e-13       6.283912797358e-14       2.256329942481e-15 
  332       4.039141361866e-10       2.057860473273e-12       1.498172123412e-11       0.000000000000e+00       2.748230692182e-13       6.193763378507e-14       2.258773048466e-15 
  333       3.997241721285e-10       2.082234022387e-12       1.485972704063e-11       0.000000000000e+00       2.721517549830e-13       6.104803167063e-14       2.261082902689e-15 
  334       3.955702082853e-10       2.106439415655e-12       1.473296857199e-11       0.000000000000e+00       2.695094238031e-13       6.017029558931e-14       2.263256662264e-15 
  335       3.914530693275e-10       2.130469260638e-12       1.460148937101e-11       0.000000000000e+00       2.668961106616e-13       5.930439206655e-14       2.265291443540e-15 
  336       3.873735733224e-10       2.154316085299e-12       1.446533509356e-11       0.000000000000e+00       2.643118325029e-13       5.845028011762e-14       2.267184321831e-15 
  337       3.833325315988e-10       2.177972337692e-12       1.432455352629e-11       0.000000000000e+00       2.617565880384e-13       5.760791117108e-14       2.268932331142e-15 
  338       3.793307486110e-10       2.201430385648e-12       1.417919460428e-11       0.000000000000e+00       2.592303575510e-13       5.677722899223e-14       2.270532463897e-15 
  339       3.753690218041e-10       2.224682516461e-12       1.402931042880e-11       0.000000000000e+00       2.567331027009e-13       5.595816960653e-14       2.271981670668e-15 
  340       3.714481414777e-10       2.247720936574e-12       1.387495528499e-11       0.000000000000e+00       2.542647663302e-13       5.515066122303e-14       2.273276859900e-15 
  341       3.675688906508e-10       2.270537771267e-12       1.371618565957e-11       0.000000000000e+00       2.518252722685e-13       5.435462415788e-14       2.274414897640e-15 
  342       3.637320449262e-10       2.293125064340e-12       1.355306025855e-11       0.000000000000e+00       2.494145251376e-13       5.356997075768e-14       2.275392607264e-15 
  343       3.599383723551e-10       2.315474777805e-12       1.338564002492e-11       0.000000000000e+00       2.470324101571e-13       5.279660532301e-14       2.276206769206e-15 
  344       3.561886333014e-10       2.337578791567e-12       1.321398815637e-11       0.000000000000e+00       2.446787929493e-13       5.203442403181e-14       2.276854120686e-15 
  345       3.524835803062e-10       2.359428903116e-12       1.303817012300e-11       0.000000000000e+00       2.423535193443e-13       5.128331486283e-14       2.277331355432e-15 
  346       3.488239579524e-10       2.381016827206e-12       1.285825368502e-11       0.000000000000e+00       2.400564151853e-13       5.054315751913e-14       2.277635123417e-15 
  347       3.452105027291e-10       2.402334195549e-12       1.267430891045e-11       0.000000000000e+00       2.377872861338e-13       4.981382335145e-14       2.277762030577e-15 
  348       3.416439428964e-10       2.423372556496e-12       1.248640819283e-11       0.000000000000e+00       2.355459174744e-13       4.909517528167e-14       2.277708638546e-15 
  349       3.381249983492e-10       2.444123374729e-12       1.229462626893e-11       0.000000000000e+00       2.333320739205e-13       4.838706772631e-14       2.277471464380e-15 
  350       3.346543804823e-10       2.464578030940e-12       1.209904023643e-11       0.000000000000e+00       2.311454994188e-13       4.768934651988e-14       2.277046980284e-15 
  351       3.312327920548e-10       2.484727821525e-12       1.189972957169e-11       0.000000000000e+00       2.289859169550e-13       4.700184883839e-14       2.276431613342e-15 
  352       3.278609270543e-10       2.504563958264e-12       1.169677614738e-11       0.000000000000e+00       2.268530283589e-13       4.632440312279e-14       2.275621745244e-15 
  353       3.245394705617e-10       2.524077568013e-12       1.149026425022e-11       0.000000000000e+00       2.247465141090e-13       4.565682900236e-14       2.274613712010e-15 
  354       3.212690986155e-10       2.543259692388e-12       1.128028059870e-11       0.000000000000e+00       2.226660331383e-13       4.499893721822e-14       2.273403803724e-15 
  355       3.180504780764e-10       2.562101287448e-12       1.106691436075e-11       0.000000000000e+00       2.206112226392e-13       4.435052954671e-14       2.271988264257e-15 
  356       3.148842664915e-10       2.580593223390e-12       1.085025717150e-11       0.000000000000e+00       2.185816978686e-13       4.371139872289e-14       2.270363290995e-15 
  357       3.117711119594e-10       2.598726284226e-12       1.063040315092e-11       0.000000000000e+00       2.165770519531e-13       4.308132836395e-14       2.268525034568e-15 
  358       3.087116529939e-10       2.616491167476e-12       1.040744892156e-11       0.000000000000e+00       2.145968556941e-13       4.246009289263e-14       2.266469598578e-15 
  359       3.057065183893e-10       2.633878483852e-12       1.018149362627e-11       0.000000000000e+00       2.126406573730e-13       4.184745746074e-14       2.264193039323e-15 
  360       3.027563270841e-10       2.650878756944e-12       9.952638945880e-12       0.000000000000e+00       2.107079825564e-13       4.124317787250e-14       2.261691365529e-15 
  361       2.998616880262e-10       2.667482422908e-12       9.720989116909e-12       0.000000000000e+00       2.087983339013e-13       4.064700050808e-14       2.258960538076e-15 
  362       2.970232000368e-10       2.683679830151e-12       9.486650949285e-12       0.000000000000e+00       2.069111909598e-13       4.005866224697e-14       2.255996469724e-15 
  363       2.942414516754e-10       2.699461239018e-12       9.249733844039e-12       0.000000000000e+00       2.050460099850e-13       3.947789039146e-14       2.252795024843e-15 
  364       2.915170211037e-10       2.714816821480e-12       9.010349811013e-12       0.000000000000e+00       2.032022237355e-13       3.890440259007e-14       2.249352019139e-15 
  365       2.888504759508e-10       2.729736660817e-12       8.768613486569e-12       0.000000000000e+00       2.013792412808e-13       3.833790676101e-14       2.245663219383e-15 
  366       2.862423731769e-10       2.744210751308e-12       8.524642151288e-12       0.000000000000e+00       1.995764478066e-13       3.777810101560e-14       2.241724343135e-15 
  367       2.836932589386e-10       2.758228997914e-12       8.278555747685e-12       0.000000000000e+00       1.977932044197e-13       3.722467358170e-14       2.237531058478e-15 
  368       2.812036684528e-10       2.771781215970e-12       8.030476897907e-12       0.000000000000e+00       1.960288479533e-13       3.667730272720e-14       2.233078983739e-15 
  369       2.787741258612e-10       2.784857130863e-12       7.780530921440e-12       0.000000000000e+00       1.942826907719e-13       3.613565668343e-14       2.228363687222e-15 
  370       2.764051440953e-10       2.797446377727e-12       7.528845852821e-12       0.000000000000e+00       1.925540205769e-13       3.559939356861e-14       2.223380686930e-15 
  371       2.740971664334e-10       2.809539819438e-12       7.275543003581e-12       0.000000000000e+00       1.908422302952e-13       3.506822657237e-14       2.218126728733e-15 
  372       2.718503889297e-10       2.821133558095e-12       7.020708204907e-12       0.000000000000e+00       1.891472137456e-13       3.454212247693e-14       2.212603676533e-15 
  373       2.696649307767e-10       2.832225079777e-12       6.764419475258e-12       0.000000000000e+00       1.874689850615e-13       3.402111074823e-14       2.206814773674e-15 
  374       2.675408917994e-10       2.842811951224e-12       6.506756384066e-12       0.000000000000e+00       1.858075499220e-13       3.350521895576e-14       2.200763379070e-15 
  375       2.654783522692e-10       2.852891820663e-12       6.247800061223e-12       0.000000000000e+00       1.841629054704e-13       3.299447275280e-14       2.194452968050e-15 
  376       2.634773727180e-10       2.862462418643e-12       5.987633206558e-12       0.000000000000e+00       1.825350402323e-13       3.248889585659e-14       2.187887133191e-15 
  377       2.615379937516e-10       2.871521558873e-12       5.726340099327e-12       0.000000000000e+00       1.809239340340e-13       3.198851002849e-14       2.181069585162e-15 
  378       2.596602358635e-10       2.880067139045e-12       5.464006607695e-12       0.000000000000e+00       1.793295579205e-13       3.149333505421e-14       2.174004153561e-15 
  379       2.578440992492e-10       2.888097141675e-12       5.200720198220e-12       0.000000000000e+00       1.777518740741e-13       3.100338872396e-14       2.166694787754e-15 
  380       2.560895636192e-10       2.895609634931e-12       4.936569945339e-12       0.000000000000e+00       1.761908357324e-13       3.051868681266e-14       2.159145557717e-15 
  381       2.543965880135e-10       2.902602773470e-12       4.671646540847e-12       0.000000000000e+00       1.746463871067e-13       3.003924306011e-14       2.151360654869e-15 
  382       2.527651106149e-10       2.909074799264e-12       4.406042303387e-12       0.000000000000e+00       1.731184633000e-13       2.956506915119e-14       2.143344392919e-15 
  383       2.511950485633e-10       2.915024042441e-12       4.139851187930e-12       0.000000000000e+00       1.716069902258e-13       2.909617469604e-14       2.135101208698e-15 
  384       2.496862977689e-10       2.920448922110e-12       3.873168795262e-12       0.000000000000e+00       1.701118845256e-13       2.863256721023e-14       2.126635663005e-15 
  385       2.482387327262e-10       2.925347947200e-12       3.606092381463e-12       0.000000000000e+00       1.686330534879e-13       2.817425209499e-14       2.117952441439e-15 
  386       2.468522063282e-10       2.929719717287e-12       3.338720867400e-12       0.000000000000e+00       1.671703949659e-13       2.772123261736e-14       2.109056355244e-15 
  387       2.455265496797e-10       2.933562923433e-12       3.071154848200e-12       0.000000000000e+00       1.657237972961e-13       2.727350989037e-14       2.099952342145e-15 
  388       2.442615719110e-10       2.936876349013e-12       2.803496602744e-12       0.000000000000e+00       1.642931392165e-13       2.683108285326e-14       2.090645467190e-15 
  389       2.430570599923e-10       2.939658870551e-12       2.535850103143e-12       0.000000000000e+00       1.628782897845e-13       2.639394825165e-14       2.081140923585e-15 
  390       2.419127785469e-10       2.941909458551e-12       2.268321024230e-12       0.000000000000e+00       1.614791082957e-13       2.596210061770e-14       2.071444033536e-15 
  391       2.408284696653e-10       2.943627178331e-12       2.001016753034e-12       0.000000000000e+00       1.600954442020e-13       2.553553225035e-14       2.061560249089e-15 
  392       2.398038527189e-10       2.944811190857e-12       1.734046398276e-12       0.000000000000e+00       1.587271370294e-13       2.511423319547e-14       2.051495152967e-15 
  393       2.388386241739e-10       2.945460753570e-12       1.467520799843e-12       0.000000000000e+00       1.573740162969e-13       2.469819122604e-14       2.041254459410e-15 
  394       2.379324574046e-10       2.945575221227e-12       1.201552538276e-12       0.000000000000e+00       1.560359014344e-13       2.428739182236e-14       2.030844015014e-15 
  395       2.370850025081e-10       2.945154046726e-12       9.362559442563e-13       0.000000000000e+00       1.547126017011e-13       2.388181815224e-14       2.020269799572e-15 
  396       2.362958861172e-10       2.944196781945e-12       6.717471080848e-13       0.000000000000e+00       1.534039161036e-13       2.348145105116e-14       2.009537926909e-15 
  397       2.355647112146e-10       2.942703078569e-12       4.081438891696e-13       0.000000000000e+00       1.521096333141e-13       2.308626900246e-14       1.998654645725e-15 
  398       2.348910569469e-10       2.940672688928e-12       1.455659255087e-13       0.000000000000e+00       1.508295315892e-13       2.269624811755e-14       1.987626340434e-15 
  399       2.342744784378e-10       2.938105466825e-12      -1.158653568257e-13       0.000000000000e+00       1.495633786874e-13       2.231136211609e-14       1.976459532002e-15 
  400       2.337145066025e-10       2.935001368373e-12      -3.760267342035e-13       0.000000000000e+00       1.483109317878e-13       2.193158230614e-14       1.965160878783e-15 
  401       2.332106479610e-10       2.931360452825e-12      -6.347931759519e-13       0.000000000000e+00       1.470719374084e-13       2.155687756440e-14       1.953737177367e-15 
  402       2.327623844523e-10       2.927182883407e-12      -8.920378348722e-13       0.000000000000e+00       1.458461313241e-13       2.118721431637e-14       1.942195363408e-15 
  403       2.323691732479e-10       2.922468928151e-12      -1.147632037755e-12       0.000000000000e+00       1.446332384852e-13       2.082255651653e-14       1.930542512474e-15 
  404       2.320304465656e-10       2.917218960729e-12      -1.401445275897e-12       0.000000000000e+00       1.434329729354e-13       2.046286562853e-14       1.918785840876e-15 
  405       2.317456114836e-10       2.911433461284e-12      -1.653345195617e-12       0.000000000000e+00       1.422450377302e-13       2.010810060540e-14       1.906932706517e-15 
  406       2.315140497539e-10       2.905113017263e-12      -1.903197588769e-12       0.000000000000e+00       1.410691248554e-13       1.975821786969e-14       1.894990609723e-15 
  407       2.313351176164e-10       2.898258324250e-12      -2.150866383263e-12       0.000000000000e+00       1.399049151448e-13       1.941317129371e-14       1.882967194087e-15 
  408       2.312081456124e-10       2.890870186799e-12      -2.396213633577e-12       0.000000000000e+00       1.387520781989e-13       1.907291217967e-14       1.870870247306e-15 
  409       2.311324383986e-10       2.882949519267e-12      -2.639099511275e-12       0.000000000000e+00       1.376102723031e-13       1.873738923990e-14       1.858707702022e-15 
  410       2.311072745609e-10       2.874497346645e-12      -2.879382295523e-12       0.000000000000e+00       1.364791443458e-13       1.840654857701e-14       1.846487636659e-15 
  411       2.311319565706e-10       2.865515492667e-12      -3.116933352461e-12       0.000000000000e+00       1.353583921588e-13       1.808034242530e-14       1.834216994768e-15 
  412       2.312059629786e-10       2.856008669224e-12      -3.351682675807e-12       0.000000000000e+00       1.342479541319e-13       1.775875575562e-14       1.821897691490e-15 
  413       2.313288012327e-10       2.845982462411e-12      -3.583574936713e-12       0.000000000000e+00       1.331478261372e-13       1.744178057157e-14       1.809530371172e-15 
  414       2.314999578709e-10       2.835442653235e-12      -3.812554641390e-12       0.000000000000e+00       1.320579996753e-13       1.712940721972e-14       1.797115676362e-15 
  415       2.317188983708e-10       2.824395218939e-12      -4.038566132247e-12       0.000000000000e+00       1.309784618373e-13       1.682162437595e-14       1.784654247749e-15 
  416       2.319850669986e-10       2.812846334317e-12      -4.261553589031e-12       0.000000000000e+00       1.299091952676e-13       1.651841903189e-14       1.772146724083e-15 
  417       2.322978866586e-10       2.800802373038e-12      -4.481461029960e-12       0.000000000000e+00       1.288501781261e-13       1.621977648127e-14       1.759593742117e-15 
  418       2.326567587425e-10       2.788269908960e-12      -4.698232312865e-12       0.000000000000e+00       1.278013840512e-13       1.592568030635e-14       1.746995936528e-15 
  419       2.330610629790e-10       2.775255717458e-12      -4.911811136328e-12       0.000000000000e+00       1.267627821216e-13       1.563611236429e-14       1.734353939856e-15 
  420       2.335101572825e-10       2.761766776736e-12      -5.122141040818e-12       0.000000000000e+00       1.257343368195e-13       1.535105277358e-14       1.721668382431e-15 
  421       2.340033776030e-10       2.747810269151e-12      -5.329165409830e-12       0.000000000000e+00       1.247160079925e-13       1.507047990038e-14       1.708939892305e-15 
  422       2.345400377752e-10       2.733393582532e-12      -5.532827471026e-12       0.000000000000e+00       1.237077508166e-13       1.479437034497e-14       1.696169095181e-15 
  423       2.351194293678e-10       2.718524311499e-12      -5.733070297366e-12       0.000000000000e+00       1.227095157582e-13       1.452269892813e-14       1.683356614349e-15 
  424       2.357408215329e-10       2.703210258784e-12      -5.929836808253e-12       0.000000000000e+00       1.217212485370e-13       1.425543867751e-14       1.670503070611e-15 
  425       2.364034608553e-10       2.687459436549e-12      -6.123069770669e-12       0.000000000000e+00       1.207428900884e-13       1.399256081406e-14       1.657609082216e-15 
  426       2.371065712017e-10       2.671280067708e-12      -6.312711800311e-12       0.000000000000e+00       1.197743765258e-13       1.373403473838e-14       1.644675264791e-15 
  427       2.378493535704e-10       2.654680587244e-12      -6.498705362730e-12       0.000000000000e+00       1.188156391031e-13       1.347982801717e-14       1.631702231270e-15 
  428       2.386309859400e-10       2.637669643533e-12      -6.680992774472e-12       0.000000000000e+00       1.178666041775e-13       1.322990636959e-14       1.618690591826e-15 
  429       2.394506231195e-10       2.620256099657e-12      -6.859516204211e-12       0.000000000000e+00       1.169271931719e-13       1.298423365368e-14       1.605640953802e-15 
  430       2.403073965969e-10       2.602449034732e-12      -7.034217673893e-12       0.000000000000e+00       1.159973225371e-13       1.274277185270e-14       1.592553921641e-15 
  431       2.412004143889e-10       2.584257745222e-12      -7.205039059868e-12       0.000000000000e+00       1.150769037145e-13       1.250548106161e-14       1.579430096821e-15 
  432       2.421287608903e-10       2.565691746259e-12      -7.371922094031e-12       0.000000000000e+00       1.141658430987e-13       1.227231947339e-14       1.566270077780e-15 
  433       2.430914967231e-10       2.546760772967e-12      -7.534808364962e-12       0.000000000000e+00       1.132640419997e-13       1.204324336547e-14       1.553074459852e-15 
  434       2.440876585860e-10       2.527474781777e-12      -7.693639319060e-12       0.000000000000e+00       1.123713966059e-13       1.181820708612e-14       1.539843835195e-15 
  435       2.451162591034e-10       2.507843951749e-12      -7.848356261684e-12       0.000000000000e+00       1.114877979460e-13       1.159716304085e-14       1.526578792724e-15 
  436       2.461762866752e-10       2.487878685891e-12      -7.998900358289e-12       0.000000000000e+00       1.106131318517e-13       1.138006167881e-14       1.513279918041e-15 
  437       2.472667053259e-10       2.467589612481e-12      -8.145212635568e-12       0.000000000000e+00       1.097472789204e-13       1.116685147914e-14       1.499947793366e-15 
  438       2.483864545537e-10       2.446987586383e-12      -8.287233982584e-12       0.000000000000e+00       1.088901144777e-13       1.095747893744e-14       1.486582997468e-15 
  439       2.495344491803e-10       2.426083690371e-12      -8.424905151913e-12       0.000000000000e+00       1.080415085393e-13       1.075188855211e-14       1.473186105597e-15 
  440       2.507095791997e-10       2.404889236444e-12      -8.558166760781e-12       0.000000000000e+00       1.072013257744e-13       1.055002281074e-14       1.459757689414e-15 
  441       2.519107096281e-10       2.383415767150e-12      -8.686959292199e-12       0.000000000000e+00       1.063694254674e-13       1.035182217657e-14       1.446298316922e-15 
  442       2.531366803527e-10       2.361675056904e-12      -8.811223096105e-12       0.000000000000e+00       1.055456614808e-13       1.015722507480e-14       1.432808552397e-15 
  443       2.543863059812e-10       2.339679113306e-12      -8.930898390501e-12       0.000000000000e+00       1.047298822177e-13       9.966167879056e-15       1.419288956321e-15 
  444       2.556583756913e-10       2.317440178467e-12      -9.045925262591e-12       0.000000000000e+00       1.039219305842e-13       9.778584897730e-15       1.405740085309e-15 
  445       2.569516530798e-10       2.294970730319e-12      -9.156243669917e-12       0.000000000000e+00       1.031216439518e-13       9.594408360419e-15       1.392162492045e-15 
  446       2.582648760122e-10       2.272283483943e-12      -9.261793441499e-12       0.000000000000e+00       1.023288541199e-13       9.413568404294e-15       1.378556725208e-15 
  447       2.595967564716e-10       2.249391392887e-12      -9.362514278975e-12       0.000000000000e+00       1.015433872787e-13       9.235993060506e-15       1.364923329407e-15 
  448       2.609459804083e-10       2.226307650482e-12      -9.458345757734e-12       0.000000000000e+00       1.007650639711e-13       9.061608240575e-15       1.351262845111e-15 
  449       2.623112075892e-10       2.203045691166e-12      -9.549227328058e-12       0.000000000000e+00       9.999369905557e-14       8.890337722791e-15       1.337575808577e-15 
  450       2.636910714470e-10       2.179619191802e-12      -9.635098316260e-12       0.000000000000e+00       9.922910166856e-14       8.722103138605e-15       1.323862751786e-15 
  451       2.650843121360e-10       2.156041448053e-12      -9.715909565704e-12       0.000000000000e+00       9.847110785502e-14       8.556835541770e-15       1.310124259442e-15 
  452       2.664901807273e-10       2.132323478693e-12      -9.791658770539e-12       0.000000000000e+00       9.771967969409e-14       8.394510553884e-15       1.296361142146e-15 
  453       2.679080477434e-10       2.108475862800e-12      -9.862356282921e-12       0.000000000000e+00       9.697480929424e-14       8.235114324728e-15       1.282574268667e-15 
  454       2.693372710567e-10       2.084509360128e-12      -9.928013584020e-12       0.000000000000e+00       9.623648639564e-14       8.078632045124e-15       1.268764509342e-15 
  455       2.707771958177e-10       2.060434912061e-12      -9.988643292002e-12       0.000000000000e+00       9.550469835192e-14       7.925047940153e-15       1.254932736038e-15 
  456       2.722271543823e-10       2.036263642560e-12      -1.004425917002e-11       0.000000000000e+00       9.477943011188e-14       7.774345262361e-15       1.241079822121e-15 
  457       2.736864662398e-10       2.012006859119e-12      -1.009487613422e-11       0.000000000000e+00       9.406066420122e-14       7.626506284979e-15       1.227206642415e-15 
  458       2.751544379404e-10       1.987676053716e-12      -1.014051026171e-11       0.000000000000e+00       9.334838070426e-14       7.481512295132e-15       1.213314073169e-15 
  459       2.766303630233e-10       1.963282903766e-12      -1.018117879854e-11       0.000000000000e+00       9.264255724567e-14       7.339343587056e-15       1.199402992025e-15 
  460       2.781135219440e-10       1.938839273069e-12      -1.021690016774e-11       0.000000000000e+00       9.194316897218e-14       7.199979455309e-15       1.185474277976e-15 
  461       2.796031820025e-10       1.914357212765e-12      -1.024769397725e-11       0.000000000000e+00       9.125018853433e-14       7.063398187986e-15       1.171528811337e-15 
  462       2.810985972705e-10       1.889848962287e-12      -1.027358102798e-11       0.000000000000e+00       9.056358606814e-14       6.929577059931e-15       1.157567473704e-15 
  463       2.825990085198e-10       1.865326950310e-12      -1.029458332171e-11       0.000000000000e+00       8.988332917692e-14       6.798492325951e-15       1.143591147925e-15 
  464       2.841036431493e-10       1.840803795704e-12      -1.031072406918e-11       0.000000000000e+00       8.920938291289e-14       6.670119214032e-15       1.129600718057e-15 
  465       2.856117151135e-10       1.816292308485e-12      -1.032202769798e-11       0.000000000000e+00       8.854170975899e-14       6.544431918548e-15       1.115597069339e-15 
  466       2.871224248496e-10       1.791805490771e-12      -1.032851986063e-11       0.000000000000e+00       8.788026961057e-14       6.421403593478e-15       1.101581088148e-15 
  467       2.886349592055e-10       1.767356537727e-12      -1.033022744251e-11       0.000000000000e+00       8.722501975709e-14       6.301006345618e-15       1.087553661970e-15 
  468       2.901484913676e-10       1.742958838522e-12      -1.032717856987e-11       0.000000000000e+00       8.657591486390e-14       6.183211227794e-15       1.073515679364e-15 
  469       2.916621807885e-10       1.718625977282e-12      -1.031940261784e-11       0.000000000000e+00       8.593290695390e-14       6.067988232078e-15       1.059468029922e-15 
  470       2.931751731147e-10       1.694371734035e-12      -1.030693021836e-11       0.000000000000e+00       8.529594538932e-14       5.955306282998e-15       1.045411604239e-15 
  471       2.946866001142e-10       1.670210085670e-12      -1.028979326826e-11       0.000000000000e+00       8.466497685341e-14       5.845133230755e-15       1.031347293874e-15 
  472       2.961955796046e-10       1.646155206885e-12      -1.026802493716e-11       0.000000000000e+00       8.403994533216e-14       5.737435844433e-15       1.017275991317e-15 
  473       2.977012153805e-10       1.622221471143e-12      -1.024165967552e-11       0.000000000000e+00       8.342079209604e-14       5.632179805216e-15       1.003198589953e-15 
  474       2.992025971414e-10       1.598423451615e-12      -1.021073322260e-11       0.000000000000e+00       8.280745568174e-14       5.529329699598e-15       9.891159840256e-16 
  475       3.006988004194e-10       1.574775922145e-12      -1.017528261447e-11       0.000000000000e+00       8.219987187386e-14       5.428849012599e-15       9.750290686012e-16 
  476       3.021888865070e-10       1.551293858188e-12      -1.013534619198e-11       0.000000000000e+00       8.159797368663e-14       5.330700120978e-15       9.609387395362e-16 
  477       3.036719023846e-10       1.527992437774e-12      -1.009096360877e-11       0.000000000000e+00       8.100169134567e-14       5.234844286446e-15       9.468458934395e-16 
  478       3.051468806485e-10       1.504887042450e-12      -1.004217583924e-11       0.000000000000e+00       8.041095226969e-14       5.141241648879e-15       9.327514276381e-16 
  479       3.066128394388e-10       1.481993258240e-12      -9.989025186553e-12       0.000000000000e+00       7.982568105222e-14       5.049851219533e-15       9.186562401408e-16 
  480       3.080687823666e-10       1.459326876591e-12      -9.931555290634e-12       0.000000000000e+00       7.924579944332e-14       4.960630874257e-15       9.045612296039e-16 
  481       3.095136984421e-10       1.436903895328e-12      -9.869811136134e-12       0.000000000000e+00       7.867122633133e-14       4.873537346704e-15       8.904672952948e-16 
  482       3.109465620022e-10       1.414740519605e-12      -9.803839060439e-12       0.000000000000e+00       7.810187772457e-14       4.788526221550e-15       8.763753370576e-16 
  483       3.123663326386e-10       1.392853162856e-12      -9.733686761657e-12       0.000000000000e+00       7.753766673307e-14       4.705551927702e-15       8.622862552768e-16 
  484       3.137719551250e-10       1.371258447749e-12      -9.659403306602e-12       0.000000000000e+00       7.697850355029e-14       4.624567731513e-15       8.482009508427e-16 
  485       3.151623593450e-10       1.349973207137e-12      -9.581039138793e-12       0.000000000000e+00       7.642429543488e-14       4.545525729997e-15       8.341203251153e-16 
  486       3.165364602203e-10       1.329014485007e-12      -9.498646086437e-12       0.000000000000e+00       7.587494669233e-14       4.468376844043e-15       8.200452798897e-16 
  487       3.178931576377e-10       1.308399537438e-12      -9.412277370422e-12       0.000000000000e+00       7.533035865677e-14       4.393070811625e-15       8.059767173600e-16 
  488       3.192313363773e-10       1.288145833545e-12      -9.321987612305e-12       0.000000000000e+00       7.479042967264e-14       4.319556181018e-15       7.919155400844e-16 
  489       3.205498660404e-10       1.268271056440e-12      -9.227832842306e-12       0.000000000000e+00       7.425505507645e-14       4.247780304012e-15       7.778626509495e-16 
  490       3.218476009765e-10       1.248793104176e-12      -9.129870507294e-12       0.000000000000e+00       7.372412717847e-14       4.177689329123e-15       7.638189531353e-16 
  491       3.231235280304e-10       1.229728297192e-12      -9.028160534398e-12       0.000000000000e+00       7.319755301300e-14       4.109237097521e-15       7.497854442437e-16 
  492       3.243772147409e-10       1.211085940289e-12      -8.922768540259e-12       0.000000000000e+00       7.267530820462e-14       4.042412134480e-15       7.357635018245e-16 
  493       3.256083742767e-10       1.192873601435e-12      -8.813762732594e-12       0.000000000000e+00       7.215738466162e-14       3.977211444143e-15       7.217546062381e-16 
  494       3.268167188197e-10       1.175098890768e-12      -8.701212871659e-12       0.000000000000e+00       7.164377294239e-14       3.913631676752e-15       7.077602472677e-16 
  495       3.280019595661e-10       1.157769460661e-12      -8.585190278767e-12       0.000000000000e+00       7.113446224592e-14       3.851669126284e-15       6.937819241304e-16 
  496       3.291638067272e-10       1.140893005778e-12      -8.465767844803e-12       0.000000000000e+00       7.062944040237e-14       3.791319728084e-15       6.798211454887e-16 
  497       3.303019695313e-10       1.124477263137e-12      -8.343020038736e-12       0.000000000000e+00       7.012869386366e-14       3.732579056508e-15       6.658794294619e-16 
  498       3.314161562243e-10       1.108530012172e-12      -8.217022916133e-12       0.000000000000e+00       6.963220769393e-14       3.675442322552e-15       6.519583036375e-16 
  499       3.325060740710e-10       1.093059074795e-12      -8.087854127677e-12       0.000000000000e+00       6.913996556019e-14       3.619904371490e-15       6.380593050825e-16 
  500       3.335714293565e-10       1.078072315451e-12      -7.955592927678e-12       0.000000000000e+00       6.865194972280e-14       3.565959680512e-15       6.241839803552e-16 
  501       3.346119273870e-10       1.063577641187e-12      -7.820320182589e-12       0.000000000000e+00       6.816814102605e-14       3.513602356355e-15       6.103338855159e-16 
  502       3.356272724912e-10       1.049583001706e-12      -7.682118379519e-12       0.000000000000e+00       6.768851888869e-14       3.462826132946e-15       5.965105861389e-16 
  503       3.366171680213e-10       1.036096389434e-12      -7.541071634751e-12       0.000000000000e+00       6.721306129452e-14       3.413624369031e-15       5.827156573236e-16 
  504       3.375813163546e-10       1.023125839577e-12      -7.397265702250e-12       0.000000000000e+00       6.674174478289e-14       3.365990045815e-15       5.689506837060e-16 
  505       3.385194188940e-10       1.010679430180e-12      -7.250787982184e-12       0.000000000000e+00       6.627454443928e-14       3.319915764595e-15       5.552172594701e-16 
  506       3.394311760697e-10       9.987652821961e-13      -7.101727529435e-12       0.000000000000e+00       6.581143388586e-14       3.275393744401e-15       5.415169883592e-16 
  507       3.403162873400e-10       9.873915595384e-13      -6.950175062113e-12       0.000000000000e+00       6.535238527201e-14       3.232415819624e-15       5.278514836874e-16 
  508       3.411744511929e-10       9.765664691463e-13      -6.796222970072e-12       0.000000000000e+00       6.489736926487e-14       3.190973437659e-15       5.142223683510e-16 
  509       3.420053651467e-10       9.662982610449e-13      -6.639965323425e-12       0.000000000000e+00       6.444635503993e-14       3.151057656538e-15       5.006312748397e-16 
  510       3.428087257519e-10       9.565952284061e-13      -6.481497881054e-12       0.000000000000e+00       6.399931027155e-14       3.112659142565e-15       4.870798452483e-16 
  511       3.435842285915e-10       9.474657076094e-13      -6.320918099132e-12       0.000000000000e+00       6.355620112350e-14       3.075768167954e-15       4.735697312880e-16 
  512       3.443315682829e-10       9.389180783033e-13      -6.158325139628e-12       0.000000000000e+00       6.311699223953e-14       3.040374608462e-15       4.601025942976e-16 
  513       3.450504384787e-10       9.309607634658e-13      -5.993819878831e-12       0.000000000000e+00       6.268164673392e-14       3.006467941029e-15       4.466801052550e-16 
  514       3.457405318679e-10       9.236022294657e-13      -5.827504915856e-12       0.000000000000e+00       6.225012618203e-14       2.974037241410e-15       4.333039447888e-16 
  515       3.464015401771e-10       9.168509861231e-13      -5.659484581165e-12       0.000000000000e+00       6.182239061083e-14       2.943071181813e-15       4.199758031895e-16 
  516       3.470331541718e-10       9.107155867711e-13      -5.489864945076e-12       0.000000000000e+00       6.139839848947e-14       2.913558028533e-15       4.066973804209e-16 
  517       3.476350636573e-10       9.052046283162e-13      -5.318753826283e-12       0.000000000000e+00       6.097810671983e-14       2.885485639592e-15       3.934703861314e-16 
  518       3.482069574802e-10       9.003267512993e-13      -5.146260800365e-12       0.000000000000e+00       6.056147062706e-14       2.858841462368e-15       3.802965396658e-16 
  519       3.487485235291e-10       8.960906399570e-13      -4.972497208303e-12       0.000000000000e+00       6.014844395013e-14       2.833612531239e-15       3.671775700761e-16 
  520       3.492594487364e-10       8.925050222822e-13      -4.797576164996e-12       0.000000000000e+00       5.973897883240e-14       2.809785465213e-15       3.541152161335e-16 
  521       3.497394190787e-10       8.895786700853e-13      -4.621612567770e-12       0.000000000000e+00       5.933302581214e-14       2.787346465564e-15       3.411112263393e-16 
  522       3.501881195788e-10       8.873203990549e-13      -4.444723104900e-12       0.000000000000e+00       5.893053381311e-14       2.766281313473e-15       3.281673589367e-16 
  523       3.506052343061e-10       8.857390688194e-13      -4.267026264118e-12       0.000000000000e+00       5.853145013507e-14       2.746575367657e-15       3.152853819218e-16 
  524       3.509904463784e-10       8.848435830069e-13      -4.088642341130e-12       0.000000000000e+00       5.813572044439e-14       2.728213562011e-15       3.024670730554e-16 
  525       3.513434379625e-10       8.846428893074e-13      -3.909693448131e-12       0.000000000000e+00       5.774328876455e-14       2.711180403240e-15       2.897142198740e-16 
  526       3.516638902759e-10       8.851459795326e-13      -3.730303522317e-12       0.000000000000e+00       5.735409746669e-14       2.695459968496e-15       2.770286197015e-16 
  527       3.519514835876e-10       8.863618896779e-13      -3.550598334403e-12       0.000000000000e+00       5.696808726019e-14       2.681035903014e-15       2.644120796605e-16 
  528       3.522058972193e-10       8.882996999824e-13      -3.370705497133e-12       0.000000000000e+00       5.658519718321e-14       2.667891417748e-15       2.518664166837e-16 
  529       3.524268095468e-10       8.909685349908e-13      -3.190754473800e-12       0.000000000000e+00       5.620536459323e-14       2.656009287007e-15       2.393934575253e-16 
  530       3.526138980009e-10       8.943775636135e-13      -3.010876586754e-12       0.000000000000e+00       5.582852515761e-14       2.645371846091e-15       2.269950387722e-16 
  531       3.527669280854e-10       8.985341400657e-13      -2.831194772399e-12       0.000000000000e+00       5.545462309230e-14       2.635960918744e-15       2.146727649767e-16 
  532       3.528860231101e-10       9.034381705406e-13      -2.651792520185e-12       0.000000000000e+00       5.508364220570e-14       2.627757602143e-15       2.024272757422e-16 
  533       3.529714018534e-10       9.090875922510e-13      -2.472744099051e-12       0.000000000000e+00       5.471557568708e-14       2.620742471353e-15       1.902589585714e-16 
  534       3.530232902529e-10       9.154802178577e-13      -2.294124738083e-12       0.000000000000e+00       5.435041593024e-14       2.614895646587e-15       1.781681888366e-16 
  535       3.530419214447e-10       9.226137347406e-13      -2.116010630677e-12       0.000000000000e+00       5.398815452846e-14       2.610196790815e-15       1.661553296886e-16 
  536       3.530275358022e-10       9.304857042704e-13      -1.938478938689e-12       0.000000000000e+00       5.362878226938e-14       2.606625107364e-15       1.542207319655e-16 
  537       3.529803809754e-10       9.390935610793e-13      -1.761607796604e-12       0.000000000000e+00       5.327228912992e-14       2.604159337531e-15       1.423647341011e-16 
  538       3.529007119293e-10       9.484346123326e-13      -1.585476315688e-12       0.000000000000e+00       5.291866427114e-14       2.602777758183e-15       1.305876620336e-16 
  539       3.527887909835e-10       9.585060369996e-13      -1.410164588149e-12       0.000000000000e+00       5.256789603323e-14       2.602458179368e-15       1.188898291143e-16 
  540       3.526448878508e-10       9.693048851253e-13      -1.235753691296e-12       0.000000000000e+00       5.221997193031e-14       2.603177941918e-15       1.072715360163e-16 
  541       3.524692796762e-10       9.808280771010e-13      -1.062325691698e-12       0.000000000000e+00       5.187487864540e-14       2.604913915054e-15       9.573307064305e-17 
  542       3.522622510761e-10       9.930724029361e-13      -8.899636493411e-13       0.000000000000e+00       5.153260202533e-14       2.607642493998e-15       8.427470803701e-17 
  543       3.520240941770e-10       1.006034521529e-12      -7.187516217898e-13       0.000000000000e+00       5.119312707557e-14       2.611339597571e-15       7.289671028834e-17 
  544       3.517551086548e-10       1.019710959939e-12      -5.487746683435e-13       0.000000000000e+00       5.085643795524e-14       2.615980665805e-15       6.159932644353e-17 
  545       3.514556017735e-10       1.034098112655e-12      -3.801188541966e-13       0.000000000000e+00       5.052251797191e-14       2.621540657548e-15       5.038279241403e-17 
  546       3.511258884243e-10       1.049192240872e-12      -2.128712545971e-13       0.000000000000e+00       5.019134957657e-14       2.627994048068e-15       3.924733088493e-17 
  547       3.507662911644e-10       1.064989471755e-12      -4.711995900514e-14       0.000000000000e+00       4.986291435852e-14       2.635314826660e-15       2.819315122358e-17 
  548       3.503771402565e-10       1.081485797718e-12       1.170459247481e-13       0.000000000000e+00       4.953719304026e-14       2.643476494253e-15       1.722044938827e-17 
  549       3.499587737072e-10       1.098677075690e-12       2.795362663014e-13       0.000000000000e+00       4.921416547239e-14       2.652452061015e-15       6.329407836848e-18 
  550       3.495115373060e-10       1.116559026386e-12       4.402599086050e-13       0.000000000000e+00       4.889381062853e-14       2.662214043962e-15      -4.479804564619e-18 
  551       3.490357846650e-10       1.135127233582e-12       5.991246637617e-13       0.000000000000e+00       4.857610660024e-14       2.672734464557e-15      -1.520703263319e-17 
  552       3.485318772569e-10       1.154377143383e-12       7.560373088678e-13       0.000000000000e+00       4.826103059186e-14       2.683984846324e-15      -2.585213496043e-17 
  553       3.480001844547e-10       1.174304063497e-12       9.109035818549e-13       0.000000000000e+00       4.794855891549e-14       2.695936212449e-15      -3.641498400370e-17 
  554       3.474410835704e-10       1.194903162503e-12       1.063628177330e-12       0.000000000000e+00       4.763866698583e-14       2.708559083391e-15      -4.689546617759e-17 
  555       3.468549598938e-10       1.216169469125e-12       1.214114742419e-12       0.000000000000e+00       4.733132931513e-14       2.721823474480e-15      -5.729348194521e-17 
  556       3.462422067319e-10       1.238097871500e-12       1.362265872605e-12       0.000000000000e+00       4.702651950806e-14       2.735698893530e-15      -6.760894590956e-17 
  557       3.456032254476e-10       1.260683116453e-12       1.507983107571e-12       0.000000000000e+00       4.672421025664e-14       2.750154338446e-15      -7.784178690488e-17 
  558       3.449384254988e-10       1.283919808767e-12       1.651166927040e-12       0.000000000000e+00       4.642437333512e-14       2.765158294822e-15      -8.799194808803e-17 
  559       3.442482244772e-10       1.307802410452e-12       1.791716746620e-12       0.000000000000e+00       4.612697959491e-14       2.780678733555e-15      -9.805938702978e-17 
  560       3.435330481475e-10       1.332325240020e-12       1.929530913640e-12       0.000000000000e+00       4.583199895944e-14       2.796683108447e-15      -1.080440758062e-16 
  561       3.427933304864e-10       1.357482471751e-12       2.064506702994e-12       0.000000000000e+00       4.553940041913e-14       2.813138353814e-15      -1.179460010901e-16 
  562       3.420295137211e-10       1.383268134971e-12       2.196540312982e-12       0.000000000000e+00       4.524915202622e-14       2.830010882089e-15      -1.277651642421e-16 
  563       3.412420483691e-10       1.409676113319e-12       2.325526861151e-12       0.000000000000e+00       4.496122088972e-14       2.847266581429e-15      -1.375015814024e-16 
  564       3.404313932764e-10       1.436700144015e-12       2.451360380136e-12       0.000000000000e+00       4.467557317030e-14       2.864870813321e-15      -1.471552835817e-16 
  565       3.395980156570e-10       1.464333817141e-12       2.573933813501e-12       0.000000000000e+00       4.439217407521e-14       2.882788410192e-15      -1.567263167528e-16 
  566       3.387423911315e-10       1.492570574902e-12       2.693139011581e-12       0.000000000000e+00       4.411098785315e-14       2.900983673007e-15      -1.662147419421e-16 
  567       3.378650037665e-10       1.521403710903e-12       2.808866727324e-12       0.000000000000e+00       4.383197778919e-14       2.919420368882e-15      -1.756206353206e-16 
  568       3.369663461131e-10       1.550826369419e-12       2.921006612128e-12       0.000000000000e+00       4.355510619969e-14       2.938061728687e-15      -1.849440882953e-16 
  569       3.360469192464e-10       1.580831544665e-12       3.029447211688e-12       0.000000000000e+00       4.328033442718e-14       2.956870444654e-15      -1.941852076009e-16 
  570       3.351072328040e-10       1.611412080070e-12       3.134075961833e-12       0.000000000000e+00       4.300762283526e-14       2.975808667981e-15      -2.033441153908e-16 
  571       3.341478009554e-10       1.642560054008e-12       3.234794238091e-12       0.000000000000e+00       4.273693689195e-14       2.994844874463e-15      -2.124208456664e-16 
  572       3.331691301178e-10       1.674264921266e-12       3.331562934517e-12       0.000000000000e+00       4.246826560029e-14       3.013974658620e-15      -2.214150304778e-16 
  573       3.321717310041e-10       1.706515322741e-12       3.424358039044e-12       0.000000000000e+00       4.220160352773e-14       3.033200465152e-15      -2.303262059010e-16 
  574       3.311561227013e-10       1.739299693735e-12       3.513155686308e-12       0.000000000000e+00       4.193694475732e-14       3.052524769031e-15      -2.391539150285e-16 
  575       3.301228327085e-10       1.772606263004e-12       3.597932159025e-12       0.000000000000e+00       4.167428288489e-14       3.071950075628e-15      -2.478977080228e-16 
  576       3.290723969742e-10       1.806423051798e-12       3.678663889357e-12       0.000000000000e+00       4.141361101621e-14       3.091478920843e-15      -2.565571421698e-16 
  577       3.280053599338e-10       1.840737872911e-12       3.755327460290e-12       0.000000000000e+00       4.115492176408e-14       3.111113871237e-15      -2.651317819320e-16 
  578       3.269222745469e-10       1.875538329729e-12       3.827899607003e-12       0.000000000000e+00       4.089820724551e-14       3.130857524160e-15      -2.736211990015e-16 
  579       3.258237023351e-10       1.910811815268e-12       3.896357218240e-12       0.000000000000e+00       4.064345907886e-14       3.150712507877e-15      -2.820249723537e-16 
  580       3.247102134192e-10       1.946545511229e-12       3.960677337681e-12       0.000000000000e+00       4.039066838094e-14       3.170681481703e-15      -2.903426883003e-16 
  581       3.235823865571e-10       1.982726387036e-12       4.020837165319e-12       0.000000000000e+00       4.013982576419e-14       3.190767136130e-15      -2.985739405424e-16 
  582       3.224408091805e-10       2.019341198887e-12       4.076814058826e-12       0.000000000000e+00       3.989092133383e-14       3.210972192956e-15      -3.067183302243e-16 
  583       3.212860774335e-10       2.056376488799e-12       4.128585534929e-12       0.000000000000e+00       3.964394468496e-14       3.231299405413e-15      -3.147754659862e-16 
  584       3.201187962088e-10       2.093818583649e-12       4.176129270781e-12       0.000000000000e+00       3.939888489971e-14       3.251751558301e-15      -3.227449640177e-16 
  585       3.189395791865e-10       2.131653594228e-12       4.219423105331e-12       0.000000000000e+00       3.915573054442e-14       3.272331468113e-15      -3.306264481113e-16 
  586       3.177490488705e-10       2.169867414280e-12       4.258445040700e-12       0.000000000000e+00       3.891446966671e-14       3.293041983167e-15      -3.384195497152e-16 
  587       3.165478366266e-10       2.208445719551e-12       4.293173243550e-12       0.000000000000e+00       3.867508979270e-14       3.313885983733e-15      -3.461239079868e-16 
  588       3.153365827197e-10       2.247373966834e-12       4.323586046459e-12       0.000000000000e+00       3.843757792410e-14       3.334866382166e-15      -3.537391698462e-16 
  589       3.141159363516e-10       2.286637393014e-12       4.349661949288e-12       0.000000000000e+00       3.820192053533e-14       3.355986123033e-15      -3.612649900290e-16 
  590       3.128865556981e-10       2.326221014116e-12       4.371379620558e-12       0.000000000000e+00       3.796810357075e-14       3.377248183242e-15      -3.687010311399e-16 
  591       3.116491079466e-10       2.366109624349e-12       4.388717898820e-12       0.000000000000e+00       3.773611244168e-14       3.398655572172e-15      -3.760469637059e-16 
  592       3.104042693340e-10       2.406287795152e-12       4.401655794028e-12       0.000000000000e+00       3.750593202365e-14       3.420211331804e-15      -3.833024662293e-16 
  593       3.091527251834e-10       2.446739874240e-12       4.410172488910e-12       0.000000000000e+00       3.727754665346e-14       3.441918536849e-15      -3.904672252414e-16 
  594       3.078951699423e-10       2.487449984651e-12       4.414247340340e-12       0.000000000000e+00       3.705094012638e-14       3.463780294876e-15      -3.975409353557e-16 
  595       3.066323072197e-10       2.528402023789e-12       4.413859880711e-12       0.000000000000e+00       3.682609569325e-14       3.485799746446e-15      -4.045232993206e-16 
  596       3.053648498237e-10       2.569579662473e-12       4.408989819306e-12       0.000000000000e+00       3.660299605763e-14       3.507980065235e-15      -4.114140280734e-16 
  597       3.040935197991e-10       2.610966343981e-12       4.399617043672e-12       0.000000000000e+00       3.638162337295e-14       3.530324458169e-15      -4.182128407933e-16 
  598       3.028190484646e-10       2.652545283096e-12       4.385721620990e-12       0.000000000000e+00       3.616195923965e-14       3.552836165552e-15      -4.249194649544e-16 
  599       3.015421764504e-10       2.694299465152e-12       4.367283799447e-12       0.000000000000e+00       3.594398470229e-14       3.575518461193e-15      -4.315336363792e-16 
  600       3.002636537359e-10       2.736211645079e-12       4.344284009610e-12       0.000000000000e+00       3.572768024675e-14       3.598374652539e-15      -4.380550992920e-16 
  601       2.989842396869e-10       2.778264346450e-12       4.316702865798e-12       0.000000000000e+00       3.551302579730e-14       3.621408080800e-15      -4.444836063720e-16 
  602       2.977047030933e-10       2.820439860528e-12       4.284521167449e-12       0.000000000000e+00       3.530000071381e-14       3.644622121084e-15      -4.508189188065e-16 
  603       2.964258222064e-10       2.862720245308e-12       4.247719900502e-12       0.000000000000e+00       3.508858378884e-14       3.668020182522e-15      -4.570608063442e-16 
  604       2.951483847764e-10       2.905087324566e-12       4.206280238757e-12       0.000000000000e+00       3.487875324479e-14       3.691605708399e-15      -4.632090473487e-16 
  605       2.938731880902e-10       2.947522686904e-12       4.160183545258e-12       0.000000000000e+00       3.467048673105e-14       3.715382176284e-15      -4.692634288514e-16 
  606       2.926010390085e-10       2.990007684794e-12       4.109411373657e-12       0.000000000000e+00       3.446376132114e-14       3.739353098159e-15      -4.752237466049e-16 
  607       2.913327540032e-10       3.032523433628e-12       4.053945469593e-12       0.000000000000e+00       3.425855350986e-14       3.763522020548e-15      -4.810898051365e-16 
  608       2.900691591955e-10       3.075050810759e-12       3.993767772056e-12       0.000000000000e+00       3.405483921039e-14       3.787892524645e-15      -4.868614178012e-16 
  609       2.888110903928e-10       3.117570454551e-12       3.928860414766e-12       0.000000000000e+00       3.385259375148e-14       3.812468226448e-15      -4.925384068350e-16 
  610       2.875593931263e-10       3.160062763421e-12       3.859205727543e-12       0.000000000000e+00       3.365179187456e-14       3.837252776885e-15      -4.981206034082e-16 
  611       2.863148464876e-10       3.202509089826e-12       3.784796490354e-12       0.000000000000e+00       3.345241146757e-14       3.862247494836e-15      -5.036078718920e-16 
  612       2.850779325667e-10       3.244895355414e-12       3.705666961197e-12       0.000000000000e+00       3.325444486996e-14       3.887444203967e-15      -5.090001831859e-16 
  613       2.838490615904e-10       3.287208520189e-12       3.621862590768e-12       0.000000000000e+00       3.305788783161e-14       3.912832225352e-15      -5.142975432439e-16 
  614       2.826286476386e-10       3.329435394800e-12       3.533429841407e-12       0.000000000000e+00       3.286273579887e-14       3.938400728489e-15      -5.194999690805e-16 
  615       2.814171086577e-10       3.371562639979e-12       3.440416191757e-12       0.000000000000e+00       3.266898391292e-14       3.964138730673e-15      -5.246074888317e-16 
  616       2.802148664733e-10       3.413576765962e-12       3.342870141427e-12       0.000000000000e+00       3.247662700808e-14       3.990035096365e-15      -5.296201418160e-16 
  617       2.790223468030e-10       3.455464131924e-12       3.240841215655e-12       0.000000000000e+00       3.228565961020e-14       4.016078536560e-15      -5.345379785954e-16 
  618       2.778399792704e-10       3.497210945406e-12       3.134379969970e-12       0.000000000000e+00       3.209607593494e-14       4.042257608158e-15      -5.393610610365e-16 
  619       2.766681974169e-10       3.538803261743e-12       3.023537994852e-12       0.000000000000e+00       3.190786988615e-14       4.068560713333e-15      -5.440894623715e-16 
  620       2.755074387157e-10       3.580226983495e-12       2.908367920401e-12       0.000000000000e+00       3.172103505420e-14       4.094976098905e-15      -5.487232672592e-16 
  621       2.743581445843e-10       3.621467859876e-12       2.788923420990e-12       0.000000000000e+00       3.153556471432e-14       4.121491855708e-15      -5.532625718463e-16 
  622       2.732207603977e-10       3.662511486186e-12       2.665259219935e-12       0.000000000000e+00       3.135145182493e-14       4.148095917958e-15      -5.577074838279e-16 
  623       2.720957355015e-10       3.703343303233e-12       2.537431094153e-12       0.000000000000e+00       3.116868902598e-14       4.174776062628e-15      -5.620581225091e-16 
  624       2.709835232246e-10       3.743948596770e-12       2.405495878826e-12       0.000000000000e+00       3.098726863730e-14       4.201519908813e-15      -5.663146188657e-16 
  625       2.698845808928e-10       3.784312496919e-12       2.269511472064e-12       0.000000000000e+00       3.080718265696e-14       4.228314917101e-15      -5.704771156054e-16 
  626       2.687993698414e-10       3.824419977604e-12       2.129536839563e-12       0.000000000000e+00       3.062842275954e-14       4.255148388944e-15      -5.745457672286e-16 
  627       2.677283554282e-10       3.864255855979e-12       1.985632019275e-12       0.000000000000e+00       3.045098029456e-14       4.282007466027e-15      -5.785207400898e-16 
  628       2.666720070468e-10       3.903804791854e-12       1.837858126063e-12       0.000000000000e+00       3.027484628473e-14       4.308879129639e-15      -5.824022124583e-16 
  629       2.656307981395e-10       3.943051287131e-12       1.686277356365e-12       0.000000000000e+00       3.010001142436e-14       4.335750200039e-15      -5.861903745794e-16 
  630       2.646052062103e-10       3.981979685227e-12       1.530952992861e-12       0.000000000000e+00       2.992646607767e-14       4.362607335831e-15      -5.898854287355e-16 
  631       2.635957128380e-10       4.020574170507e-12       1.371949409128e-12       0.000000000000e+00       2.975420027713e-14       4.389437033329e-15      -5.934875893068e-16 
  632       2.626028036892e-10       4.058818767710e-12       1.209332074309e-12       0.000000000000e+00       2.958320372180e-14       4.416225625933e-15      -5.969970828329e-16 
  633       2.616269685312e-10       4.096697341383e-12       1.043167557769e-12       0.000000000000e+00       2.941346577567e-14       4.442959283489e-15      -6.004141480733e-16 
  634       2.606687012454e-10       4.134193595306e-12       8.735235337651e-13       0.000000000000e+00       2.924497546600e-14       4.469624011670e-15      -6.037390360687e-16 
  635       2.597284998399e-10       4.171291071924e-12       7.004687860998e-13       0.000000000000e+00       2.907772148167e-14       4.496205651338e-15      -6.069720102020e-16 
  636       2.588068664626e-10       4.207973151774e-12       5.240732127900e-13       0.000000000000e+00       2.891169217149e-14       4.522689877917e-15      -6.101133462592e-16 
  637       2.579043074148e-10       4.244223052916e-12       3.444078307266e-13       0.000000000000e+00       2.874687554258e-14       4.549062200761e-15      -6.131633324909e-16 
  638       2.570213331633e-10       4.280023830362e-12       1.615447803374e-13       0.000000000000e+00       2.858325925868e-14       4.575307962526e-15      -6.161222696725e-16 
  639       2.561584583541e-10       4.315358375504e-12      -2.444266975113e-14       0.000000000000e+00       2.842083063848e-14       4.601412338538e-15      -6.189904711662e-16 
  640       2.553162018254e-10       4.350209415546e-12      -2.134801180509e-13       0.000000000000e+00       2.825957665402e-14       4.627360336164e-15      -6.217682629812e-16 
  641       2.544950866202e-10       4.384559512930e-12      -4.054920255502e-13       0.000000000000e+00       2.809948392894e-14       4.653136794181e-15      -6.244559838353e-16 
  642       2.536956399999e-10       4.418391064767e-12      -6.004017110516e-13       0.000000000000e+00       2.794053873690e-14       4.678726382146e-15      -6.270539852157e-16 
  643       2.529183934566e-10       4.451686302268e-12      -7.981313465093e-13       0.000000000000e+00       2.778272699987e-14       4.704113599766e-15      -6.295626314400e-16 
  644       2.521638827271e-10       4.484427290168e-12      -9.986019523671e-13       0.000000000000e+00       2.762603428649e-14       4.729282776268e-15      -6.319822997174e-16 
  645       2.514326478049e-10       4.516595926163e-12      -1.201733392896e-12       0.000000000000e+00       2.747044581041e-14       4.754218069768e-15      -6.343133802097e-16 
  646       2.507252329542e-10       4.548173940331e-12      -1.407444371532e-12       0.000000000000e+00       2.731594642861e-14       4.778903466641e-15      -6.365562760920e-16 
  647       2.500421867220e-10       4.579142894569e-12      -1.615652426213e-12       0.000000000000e+00       2.716252063976e-14       4.803322780892e-15      -6.387114036143e-16 
  648       2.493840619520e-10       4.609484182014e-12      -1.826273924718e-12       0.000000000000e+00       2.701015258256e-14       4.827459653523e-15      -6.407791921621e-16 
  649       2.487514157969e-10       4.639179026481e-12      -2.039224060005e-12       0.000000000000e+00       2.685882603408e-14       4.851297551908e-15      -6.427600843177e-16 
  650       2.481448097320e-10       4.668208481885e-12      -2.254416845545e-12       0.000000000000e+00       2.670852440807e-14       4.874819769156e-15      -6.446545359209e-16 
  651       2.475647192577e-10       4.696555765983e-12      -2.471766017385e-12       0.000000000000e+00       2.655923313873e-14       4.898012791596e-15      -6.464629731156e-16 
  652       2.470112607630e-10       4.724213320082e-12      -2.691187771928e-12       0.000000000000e+00       2.641094689391e-14       4.920876485258e-15      -6.481856623083e-16 
  653       2.464844585727e-10       4.751175906259e-12      -2.912598080225e-12       0.000000000000e+00       2.626366252007e-14       4.943414136200e-15      -6.498228374184e-16 
  654       2.459843346917e-10       4.777438287447e-12      -3.135911782407e-12       0.000000000000e+00       2.611737667059e-14       4.965629103375e-15      -6.513747426789e-16 
  655       2.455109087921e-10       4.802995227527e-12      -3.361042583280e-12       0.000000000000e+00       2.597208580475e-14       4.987524818946e-15      -6.528416326845e-16 
  656       2.450641982012e-10       4.827841491421e-12      -3.587903047917e-12       0.000000000000e+00       2.582778618671e-14       5.009104788611e-15      -6.542237724412e-16 
  657       2.446442178885e-10       4.851971845172e-12      -3.816404597257e-12       0.000000000000e+00       2.568447388461e-14       5.030372591926e-15      -6.555214374147e-16 
  658       2.442509804534e-10       4.875381056044e-12      -4.046457503691e-12       0.000000000000e+00       2.554214476949e-14       5.051331882624e-15      -6.567349135795e-16 
  659       2.438844961129e-10       4.898063892602e-12      -4.277970886666e-12       0.000000000000e+00       2.540079451436e-14       5.071986388941e-15      -6.578644974676e-16 
  660       2.435447726889e-10       4.920015124807e-12      -4.510852708268e-12       0.000000000000e+00       2.526041859321e-14       5.092339913934e-15      -6.589104962175e-16 
  661       2.432318155954e-10       4.941229524104e-12      -4.745009768826e-12       0.000000000000e+00       2.512101227999e-14       5.112396335806e-15      -6.598732276231e-16 
  662       2.429456278268e-10       4.961701863509e-12      -4.980347702499e-12       0.000000000000e+00       2.498257064769e-14       5.132159608227e-15      -6.607530201826e-16 
  663       2.426862099445e-10       4.981426917702e-12      -5.216770972876e-12       0.000000000000e+00       2.484508856726e-14       5.151633760654e-15      -6.615502131471e-16 
  664       2.424535600649e-10       5.000399463113e-12      -5.454182868564e-12       0.000000000000e+00       2.470856070671e-14       5.170822898657e-15      -6.622651565698e-16 
  665       2.422476738471e-10       5.018614278012e-12      -5.692485498786e-12       0.000000000000e+00       2.457298153008e-14       5.189731204238e-15      -6.628982113547e-16 
  666       2.420685444798e-10       5.036066142600e-12      -5.931579788975e-12       0.000000000000e+00       2.443834529647e-14       5.208362936155e-15      -6.634497493057e-16 
  667       2.419161626690e-10       5.052749839095e-12      -6.171365476365e-12       0.000000000000e+00       2.430464605902e-14       5.226722430242e-15      -6.639201531750e-16 
  668       2.417905166261e-10       5.068660151824e-12      -6.411741105589e-12       0.000000000000e+00       2.417187766399e-14       5.244814099733e-15      -6.643098167124e-16 
  669       2.416915920544e-10       5.083791867311e-12      -6.652604024270e-12       0.000000000000e+00       2.404003374971e-14       5.262642435581e-15      -6.646191447142e-16 
  670       2.416193721373e-10       5.098139774368e-12      -6.893850378617e-12       0.000000000000e+00       2.390910774563e-14       5.280212006785e-15      -6.648485530717e-16 
  671       2.415738375257e-10       5.111698664182e-12      -7.135375109017e-12       0.000000000000e+00       2.377909287131e-14       5.297527460707e-15      -6.649984688204e-16 
  672       2.415549663252e-10       5.124463330403e-12      -7.377071945633e-12       0.000000000000e+00       2.364998213546e-14       5.314593523396e-15      -6.650693301888e-16 
  673       2.415627340840e-10       5.136428569237e-12      -7.618833403992e-12       0.000000000000e+00       2.352176833493e-14       5.331414999912e-15      -6.650615866472e-16 
  674       2.415971137801e-10       5.147589179535e-12      -7.860550780585e-12       0.000000000000e+00       2.339444405375e-14       5.347996774644e-15      -6.649756989565e-16 
  675       2.416580758088e-10       5.157939962877e-12      -8.102114148458e-12       0.000000000000e+00       2.326800166211e-14       5.364343811637e-15      -6.648121392175e-16 
  676       2.417455879705e-10       5.167475723668e-12      -8.343412352804e-12       0.000000000000e+00       2.314243331539e-14       5.380461154908e-15      -6.645713909192e-16 
  677       2.418596154577e-10       5.176191269223e-12      -8.584333006564e-12       0.000000000000e+00       2.301773095321e-14       5.396353928773e-15      -6.642539489880e-16 
  678       2.420001208432e-10       5.184081409857e-12      -8.824762486014e-12       0.000000000000e+00       2.289388629837e-14       5.412027338167e-15      -6.638603198366e-16 
  679       2.421670640668e-10       5.191140958976e-12      -9.064585926361e-12       0.000000000000e+00       2.277089085591e-14       5.427486668967e-15      -6.633910214127e-16 
  680       2.423604024235e-10       5.197364733163e-12      -9.303687217339e-12       0.000000000000e+00       2.264873591215e-14       5.442737288312e-15      -6.628465832481e-16 
  681       2.425800905504e-10       5.202747552270e-12      -9.541948998802e-12       0.000000000000e+00       2.252741253364e-14       5.457784644927e-15      -6.622275465073e-16 
  682       2.428260804148e-10       5.207284239506e-12      -9.779252656317e-12       0.000000000000e+00       2.240691156621e-14       5.472634269444e-15      -6.615344640365e-16 
  683       2.430983213010e-10       5.210969621528e-12      -1.001547831676e-11       0.000000000000e+00       2.228722363399e-14       5.487291774725e-15      -6.607679004127e-16 
  684       2.433967597986e-10       5.213798528526e-12      -1.025050484391e-11       0.000000000000e+00       2.216833913840e-14       5.501762856184e-15      -6.599284319922e-16 
  685       2.437213397893e-10       5.215765794317e-12      -1.048420983403e-11       0.000000000000e+00       2.205024825718e-14       5.516053292106e-15      -6.590166469596e-16 
  686       2.440720024347e-10       5.216866256432e-12      -1.071646961150e-11       0.000000000000e+00       2.193294094342e-14       5.530168943974e-15      -6.580331453768e-16 
  687       2.444486861640e-10       5.217094756205e-12      -1.094715922436e-11       0.000000000000e+00       2.181640692453e-14       5.544115756787e-15      -6.569785392318e-16 
  688       2.448513266610e-10       5.216446138863e-12      -1.117615243993e-11       0.000000000000e+00       2.170063570129e-14       5.557899759385e-15      -6.558534524876e-16 
  689       2.452798568521e-10       5.214915253615e-12      -1.140332174041e-11       0.000000000000e+00       2.158561654685e-14       5.571527064767e-15      -6.546585211309e-16 
  690       2.457342068935e-10       5.212496953740e-12      -1.162853831847e-11       0.000000000000e+00       2.147133850575e-14       5.585003870418e-15      -6.533943932212e-16 
  691       2.462142582863e-10       5.209188066635e-12      -1.185168324706e-11       0.000000000000e+00       2.135779190908e-14       5.598334085396e-15      -6.520616857699e-16 
  692       2.467197051851e-10       5.204993349387e-12      -1.207268125647e-11       0.000000000000e+00       2.124497295700e-14       5.611512156010e-15      -6.506608542805e-16 
  693       2.472501901384e-10       5.199919659039e-12      -1.229146766127e-11       0.000000000000e+00       2.113287923100e-14       5.624530089403e-15      -6.491923205521e-16 
  694       2.478053496719e-10       5.193973994597e-12      -1.250797724897e-11       0.000000000000e+00       2.102150818583e-14       5.637379812799e-15      -6.476565156383e-16 
  695       2.483848142645e-10       5.187163497611e-12      -1.272214427852e-11       0.000000000000e+00       2.091085714894e-14       5.650053173231e-15      -6.460538798851e-16 
  696       2.489882083243e-10       5.179495452762e-12      -1.293390247859e-11       0.000000000000e+00       2.080092331987e-14       5.662541937268e-15      -6.443848629686e-16 
  697       2.496151501649e-10       5.170977288444e-12      -1.314318504607e-11       0.000000000000e+00       2.069170376961e-14       5.674837790741e-15      -6.426499239336e-16 
  698       2.502652519807e-10       5.161616577349e-12      -1.334992464441e-11       0.000000000000e+00       2.058319544005e-14       5.686932338468e-15      -6.408495312311e-16 
  699       2.509381198235e-10       5.151421037046e-12      -1.355405340202e-11       0.000000000000e+00       2.047539514333e-14       5.698817103982e-15      -6.389841627567e-16 
  700       2.516333535783e-10       5.140398530571e-12      -1.375550291070e-11       0.000000000000e+00       2.036829956125e-14       5.710483529258e-15      -6.370543058885e-16 
  701       2.523505469392e-10       5.128557067006e-12      -1.395420422400e-11       0.000000000000e+00       2.026190524465e-14       5.721922974438e-15      -6.350604575253e-16 
  702       2.530892873855e-10       5.115904802064e-12      -1.415008785566e-11       0.000000000000e+00       2.015620861286e-14       5.733126717558e-15      -6.330031241242e-16 
  703       2.538491561575e-10       5.102450038675e-12      -1.434308377798e-11       0.000000000000e+00       2.005120595300e-14       5.744085954274e-15      -6.308828217392e-16 
  704       2.546297282327e-10       5.088201227563e-12      -1.453312142021e-11       0.000000000000e+00       1.994689341947e-14       5.754791797588e-15      -6.287000760590e-16 
  705       2.554305723019e-10       5.073166967839e-12      -1.472012966697e-11       0.000000000000e+00       1.984326703327e-14       5.765235277579e-15      -6.264554224448e-16 
  706       2.562512507446e-10       5.057356007575e-12      -1.490403685666e-11       0.000000000000e+00       1.974032268145e-14       5.775407341121e-15      -6.241494059689e-16 
  707       2.570913196058e-10       5.040777244395e-12      -1.508477077980e-11       0.000000000000e+00       1.963805611646e-14       5.785298851618e-15      -6.217825814522e-16 
  708       2.579503285712e-10       5.023439726056e-12      -1.526225867751e-11       0.000000000000e+00       1.953646295557e-14       5.794900588724e-15      -6.193555135024e-16 
  709       2.588278209438e-10       5.005352651028e-12      -1.543642723983e-11       0.000000000000e+00       1.943553868026e-14       5.804203248075e-15      -6.168687765523e-16 
  710       2.597233336196e-10       4.986525369085e-12      -1.560720260418e-11       0.000000000000e+00       1.933527863562e-14       5.813197441010e-15      -6.143229548975e-16 
  711       2.606363970636e-10       4.966967381882e-12      -1.577451035372e-11       0.000000000000e+00       1.923567802972e-14       5.821873694300e-15      -6.117186427345e-16 
  712       2.615665352857e-10       4.946688343541e-12      -1.593827551577e-11       0.000000000000e+00       1.913673193305e-14       5.830222449877e-15      -6.090564441991e-16 
  713       2.625132658170e-10       4.925698061237e-12      -1.609842256018e-11       0.000000000000e+00       1.903843527785e-14       5.838234064555e-15      -6.063369734039e-16 
  714       2.634760996856e-10       4.904006495778e-12      -1.625487539776e-11       0.000000000000e+00       1.894078285757e-14       5.845898809761e-15      -6.035608544767e-16 
  715       2.644545413923e-10       4.881623762189e-12      -1.640755737867e-11       0.000000000000e+00       1.884376932622e-14       5.853206871260e-15      -6.007287215983e-16 
  716       2.654480888871e-10       4.858560130298e-12      -1.655639129081e-11       0.000000000000e+00       1.874738919778e-14       5.860148348880e-15      -5.978412190410e-16 
  717       2.664562335450e-10       4.834826025317e-12      -1.670129935822e-11       0.000000000000e+00       1.865163684561e-14       5.866713256240e-15      -5.948990012060e-16 
  718       2.674784601418e-10       4.810432028427e-12      -1.684220323948e-11       0.000000000000e+00       1.855650650179e-14       5.872891520477e-15      -5.919027326619e-16 
  719       2.685142468302e-10       4.785388877363e-12      -1.697902402610e-11       0.000000000000e+00       1.846199225659e-14       5.878672981972e-15      -5.888530881826e-16 
  720       2.695630651158e-10       4.759707466995e-12      -1.711168224096e-11       0.000000000000e+00       1.836808805781e-14       5.884047394073e-15      -5.857507527854e-16 
  721       2.706243798334e-10       4.733398849910e-12      -1.724009783663e-11       0.000000000000e+00       1.827478771020e-14       5.889004422828e-15      -5.825964217688e-16 
  722       2.716976491222e-10       4.706474237003e-12      -1.736419019385e-11       0.000000000000e+00       1.818208487483e-14       5.893533646707e-15      -5.793908007510e-16 
  723       2.727823244026e-10       4.678944998051e-12      -1.748387811987e-11       0.000000000000e+00       1.808997306850e-14       5.897624556328e-15      -5.761346057075e-16 
  724       2.738778503519e-10       4.650822662304e-12      -1.759907984688e-11       0.000000000000e+00       1.799844566317e-14       5.901266554186e-15      -5.728285630092e-16 
  725       2.749836648800e-10       4.622118919067e-12      -1.770971303040e-11       0.000000000000e+00       1.790749588527e-14       5.904448954377e-15      -5.694734094608e-16 
  726       2.760991991057e-10       4.592845618279e-12      -1.781569474767e-11       0.000000000000e+00       1.781711681516e-14       5.907160982329e-15      -5.660698923384e-16 
  727       2.772238773329e-10       4.563014771103e-12      -1.791694149606e-11       0.000000000000e+00       1.772730138653e-14       5.909391774521e-15      -5.626187694278e-16 
  728       2.783571170258e-10       4.532638550507e-12      -1.801336919145e-11       0.000000000000e+00       1.763804238573e-14       5.911130378216e-15      -5.591208090626e-16 
  729       2.794983287858e-10       4.501729291845e-12      -1.810489316667e-11       0.000000000000e+00       1.754933245125e-14       5.912365751185e-15      -5.555767901619e-16 
  730       2.806469163270e-10       4.470299493445e-12      -1.819142816984e-11       0.000000000000e+00       1.746116407303e-14       5.913086761433e-15      -5.519875022686e-16 
  731       2.818022988094e-10       4.438362104452e-12      -1.827290245447e-11       0.000000000000e+00       1.737353060907e-14       5.913285396393e-15      -5.483537151250e-16 
  732       2.829639783765e-10       4.405931393487e-12      -1.834930036121e-11       0.000000000000e+00       1.728642935848e-14       5.912966461307e-15      -5.446760866563e-16 
  733       2.841314739176e-10       4.373022098477e-12      -1.842062058248e-11       0.000000000000e+00       1.719985854851e-14       5.912138073803e-15      -5.409552532264e-16 
  734       2.853042988139e-10       4.339649141606e-12      -1.848686214936e-11       0.000000000000e+00       1.711381632260e-14       5.910808472405e-15      -5.371918599653e-16 
  735       2.864819609195e-10       4.305827629967e-12      -1.854802443314e-11       0.000000000000e+00       1.702830073997e-14       5.908986016973e-15      -5.333865608004e-16 
  736       2.876639625421e-10       4.271572856207e-12      -1.860410714685e-11       0.000000000000e+00       1.694330977528e-14       5.906679189153e-15      -5.295400184874e-16 
  737       2.888498004245e-10       4.236900299179e-12      -1.865511034686e-11       0.000000000000e+00       1.685884131823e-14       5.903896592823e-15      -5.256529046418e-16 
  738       2.900389657249e-10       4.201825624583e-12      -1.870103443440e-11       0.000000000000e+00       1.677489317318e-14       5.900646954537e-15      -5.217258997700e-16 
  739       2.912309439986e-10       4.166364685622e-12      -1.874188015715e-11       0.000000000000e+00       1.669146305877e-14       5.896939123976e-15      -5.177596933007e-16 
  740       2.924252151786e-10       4.130533523645e-12      -1.877764861077e-11       0.000000000000e+00       1.660854860758e-14       5.892782074388e-15      -5.137549836156e-16 
  741       2.936212535569e-10       4.094348368795e-12      -1.880834124049e-11       0.000000000000e+00       1.652614736570e-14       5.888184903038e-15      -5.097124780812e-16 
  742       2.948185277649e-10       4.057825640662e-12      -1.883395984264e-11       0.000000000000e+00       1.644425679237e-14       5.883156831653e-15      -5.056328930797e-16 
  743       2.960165007553e-10       4.020981948924e-12      -1.885450656622e-11       0.000000000000e+00       1.636287425964e-14       5.877707206870e-15      -5.015169540402e-16 
  744       2.972146297822e-10       3.983834093999e-12      -1.886998391448e-11       0.000000000000e+00       1.628199705193e-14       5.871845500680e-15      -4.973653954700e-16 
  745       2.984123663828e-10       3.946399067694e-12      -1.888039474643e-11       0.000000000000e+00       1.620162236570e-14       5.865581310875e-15      -4.931789609859e-16 
  746       2.996091563578e-10       3.908694053851e-12      -1.888574227844e-11       0.000000000000e+00       1.612174730904e-14       5.858924361494e-15      -4.889584033452e-16 
  747       3.008044397531e-10       3.870736428994e-12      -1.888603008578e-11       0.000000000000e+00       1.604236890134e-14       5.851884503269e-15      -4.847044844768e-16 
  748       3.019976508401e-10       3.832543762981e-12      -1.888126210419e-11       0.000000000000e+00       1.596348407285e-14       5.844471714074e-15      -4.804179755130e-16 
  749       3.031882180971e-10       3.794133819648e-12      -1.887144263141e-11       0.000000000000e+00       1.588508966434e-14       5.836696099365e-15      -4.760996568201e-16 
  750       3.043755641903e-10       3.755524557458e-12      -1.885657632879e-11       0.000000000000e+00       1.580718242672e-14       5.828567892633e-15      -4.717503180298e-16 
  751       3.055591059546e-10       3.716734130151e-12      -1.883666822280e-11       0.000000000000e+00       1.572975902068e-14       5.820097455846e-15      -4.673707580705e-16 
  752       3.067382543748e-10       3.677780887390e-12      -1.881172370661e-11       0.000000000000e+00       1.565281601624e-14       5.811295279898e-15      -4.629617851985e-16 
  753       3.079124145664e-10       3.638683375410e-12      -1.878174854165e-11       0.000000000000e+00       1.557634989247e-14       5.802171985052e-15      -4.585242170290e-16 
  754       3.090809857570e-10       3.599460337665e-12      -1.874674885915e-11       0.000000000000e+00       1.550035703704e-14       5.792738321387e-15      -4.540588805677e-16 
  755       3.102433612665e-10       3.560130715477e-12      -1.870673116173e-11       0.000000000000e+00       1.542483374589e-14       5.783005169248e-15      -4.495666122415e-16 
  756       3.113989284892e-10       3.520713648686e-12      -1.866170232493e-11       0.000000000000e+00       1.534977622281e-14       5.772983539686e-15      -4.450482579303e-16 
  757       3.125470688738e-10       3.481228476291e-12      -1.861166959878e-11       0.000000000000e+00       1.527518057908e-14       5.762684574910e-15      -4.405046729976e-16 
  758       3.136871579049e-10       3.441694737106e-12      -1.855664060937e-11       0.000000000000e+00       1.520104283312e-14       5.752119548731e-15      -4.359367223221e-16 
  759       3.148185650842e-10       3.402132170406e-12      -1.849662336037e-11       0.000000000000e+00       1.512735891008e-14       5.741299867004e-15      -4.313452803290e-16 
  760       3.159406539108e-10       3.362560716570e-12      -1.843162623464e-11       0.000000000000e+00       1.505412464145e-14       5.730237068082e-15      -4.267312310208e-16 
  761       3.170527818629e-10       3.323000517735e-12      -1.836165799576e-11       0.000000000000e+00       1.498133576473e-14       5.718942823257e-15      -4.220954680088e-16 
  762       3.181543003785e-10       3.283471918444e-12      -1.828672778957e-11       0.000000000000e+00       1.490898792301e-14       5.707428937208e-15      -4.174388945442e-16 
  763       3.192445548363e-10       3.243995466287e-12      -1.820684514578e-11       0.000000000000e+00       1.483707666461e-14       5.695707348445e-15      -4.127624235495e-16 
  764       3.203228845368e-10       3.204591912558e-12      -1.812201997948e-11       0.000000000000e+00       1.476559744270e-14       5.683790129759e-15      -4.080669776493e-16 
  765       3.213886226836e-10       3.165282212897e-12      -1.803226259271e-11       0.000000000000e+00       1.469454561494e-14       5.671689488664e-15      -4.033534892021e-16 
  766       3.224410963638e-10       3.126087527941e-12      -1.793758367606e-11       0.000000000000e+00       1.462391644305e-14       5.659417767847e-15      -3.986229003309e-16 
  767       3.234796265295e-10       3.087029223970e-12      -1.783799431016e-11       0.000000000000e+00       1.455370509251e-14       5.646987445612e-15      -3.938761629549e-16 
  768       3.245035279785e-10       3.048128873557e-12      -1.773350596728e-11       0.000000000000e+00       1.448390663211e-14       5.634411136327e-15      -3.891142388203e-16 
  769       3.255121093356e-10       3.009408256215e-12      -1.762413051289e-11       0.000000000000e+00       1.441451603361e-14       5.621701590869e-15      -3.843380995319e-16 
  770       3.265046730334e-10       2.970889359043e-12      -1.750988020720e-11       0.000000000000e+00       1.434552817137e-14       5.608871697071e-15      -3.795487265839e-16 
  771       3.274805862662e-10       2.932592742914e-12      -1.739077577403e-11       0.000000000000e+00       1.427693849482e-14       5.595932072112e-15      -3.747470415061e-16 
  772       3.284394953636e-10       2.894532605812e-12      -1.726687077155e-11       0.000000000000e+00       1.420874506080e-14       5.582883788809e-15      -3.699336947881e-16 
  773       3.293811154360e-10       2.856721627360e-12      -1.713822768578e-11       0.000000000000e+00       1.414094653894e-14       5.569725512573e-15      -3.651092730228e-16 
  774       3.303051597640e-10       2.819172595145e-12      -1.700490990826e-11       0.000000000000e+00       1.407354154202e-14       5.556455896958e-15      -3.602743684469e-16 
  775       3.312113397940e-10       2.781898405037e-12      -1.686698173918e-11       0.000000000000e+00       1.400652862576e-14       5.543073583622e-15      -3.554295789582e-16 
  776       3.320993651334e-10       2.744912061503e-12      -1.672450839063e-11       0.000000000000e+00       1.393990628854e-14       5.529577202289e-15      -3.505755081324e-16 
  777       3.329689435463e-10       2.708226677927e-12      -1.657755598976e-11       0.000000000000e+00       1.387367297115e-14       5.515965370705e-15      -3.457127652407e-16 
  778       3.338197809478e-10       2.671855476932e-12      -1.642619158194e-11       0.000000000000e+00       1.380782705662e-14       5.502236694605e-15      -3.408419652666e-16 
  779       3.346515814007e-10       2.635811790693e-12      -1.627048313399e-11       0.000000000000e+00       1.374236686988e-14       5.488389767670e-15      -3.359637289230e-16 
  780       3.354640471094e-10       2.600109061261e-12      -1.611049953734e-11       0.000000000000e+00       1.367729067759e-14       5.474423171489e-15      -3.310786826694e-16 
  781       3.362568784164e-10       2.564760840877e-12      -1.594631061120e-11       0.000000000000e+00       1.361259668788e-14       5.460335475517e-15      -3.261874587292e-16 
  782       3.370297737968e-10       2.529780792293e-12      -1.577798710579e-11       0.000000000000e+00       1.354828305008e-14       5.446125237040e-15      -3.212906951064e-16 
  783       3.377824298541e-10       2.495182689090e-12      -1.560560070548e-11       0.000000000000e+00       1.348434785452e-14       5.431791001134e-15      -3.163890356031e-16 
  784       3.385145413151e-10       2.460980415995e-12      -1.542922403200e-11       0.000000000000e+00       1.342078913226e-14       5.417331300624e-15      -3.114831298365e-16 
  785       3.392258010256e-10       2.427187969202e-12      -1.524893064762e-11       0.000000000000e+00       1.335760485487e-14       5.402744656047e-15      -3.065736332560e-16 
  786       3.399158999455e-10       2.393819456690e-12      -1.506479505832e-11       0.000000000000e+00       1.329479293414e-14       5.388029575612e-15      -3.016612071603e-16 
  787       3.405845271441e-10       2.360889098539e-12      -1.487689271699e-11       0.000000000000e+00       1.323235122192e-14       5.373184555158e-15      -2.967465187145e-16 
  788       3.412313697954e-10       2.328411227252e-12      -1.468530002664e-11       0.000000000000e+00       1.317027750981e-14       5.358208078122e-15      -2.918302409673e-16 
  789       3.418561131736e-10       2.296400288071e-12      -1.449009434351e-11       0.000000000000e+00       1.310856952892e-14       5.343098615490e-15      -2.869130528680e-16 
  790       3.424584406483e-10       2.264870839296e-12      -1.429135398035e-11       0.000000000000e+00       1.304722494968e-14       5.327854625767e-15      -2.819956392840e-16 
  791       3.430380336795e-10       2.233837552605e-12      -1.408915820953e-11       0.000000000000e+00       1.298624138155e-14       5.312474554929e-15      -2.770786910172e-16 
  792       3.435945718135e-10       2.203315213370e-12      -1.388358726625e-11       0.000000000000e+00       1.292561637279e-14       5.296956836393e-15      -2.721629048218e-16 
  793       3.441277326777e-10       2.173318720977e-12      -1.367472235173e-11       0.000000000000e+00       1.286534741023e-14       5.281299890969e-15      -2.672489834212e-16 
  794       3.446371919762e-10       2.143863089146e-12      -1.346264563642e-11       0.000000000000e+00       1.280543191903e-14       5.265502126825e-15      -2.623376355249e-16 
  795       3.451226234851e-10       2.114963446245e-12      -1.324744026311e-11       0.000000000000e+00       1.274586726239e-14       5.249561939450e-15      -2.574295758459e-16 
  796       3.455836990475e-10       2.086635035615e-12      -1.302919035020e-11       0.000000000000e+00       1.268665074140e-14       5.233477711609e-15      -2.525255251178e-16 
  797       3.460200885692e-10       2.058893215880e-12      -1.280798099483e-11       0.000000000000e+00       1.262777959470e-14       5.217247813309e-15      -2.476262101118e-16 
  798       3.464314600139e-10       2.031753461275e-12      -1.258389827609e-11       0.000000000000e+00       1.256925099831e-14       5.200870601756e-15      -2.427323636536e-16 
  799       3.468174793983e-10       2.005231361958e-12      -1.235702925818e-11       0.000000000000e+00       1.251106206534e-14       5.184344421316e-15      -2.378447246412e-16 
  800       3.471778107876e-10       1.979342624330e-12      -1.212746199362e-11       0.000000000000e+00       1.245320984579e-14       5.167667603480e-15      -2.329640380613e-16 
  801       3.475121162909e-10       1.954103071353e-12      -1.189528552645e-11       0.000000000000e+00       1.239569132627e-14       5.150838466820e-15      -2.280910550069e-16 
  802       3.478200560563e-10       1.929528642872e-12      -1.166058989535e-11       0.000000000000e+00       1.233850342978e-14       5.133855316950e-15      -2.232265326942e-16 
  803       3.481012882662e-10       1.905635395928e-12      -1.142346613690e-11       0.000000000000e+00       1.228164301548e-14       5.116716446490e-15      -2.183712344796e-16 
  804       3.483554691329e-10       1.882439505081e-12      -1.118400628871e-11       0.000000000000e+00       1.222510687840e-14       5.099420135025e-15      -2.135259298772e-16 
  805       3.485822528936e-10       1.859957262727e-12      -1.094230339264e-11       0.000000000000e+00       1.216889174925e-14       5.081964649063e-15      -2.086913945755e-16 
  806       3.487812918057e-10       1.838205079415e-12      -1.069845149797e-11       0.000000000000e+00       1.211299429416e-14       5.064348242000e-15      -2.038684104550e-16 
  807       3.489522361425e-10       1.817199484168e-12      -1.045254566458e-11       0.000000000000e+00       1.205741111442e-14       5.046569154080e-15      -1.990577656048e-16 
  808       3.490947341881e-10       1.796957124800e-12      -1.020468196613e-11       0.000000000000e+00       1.200213874628e-14       5.028625612351e-15      -1.942602543400e-16 
  809       3.492084322328e-10       1.777494768235e-12      -9.954957493292e-12       0.000000000000e+00       1.194717366065e-14       5.010515830633e-15      -1.894766772188e-16 
  810       3.492929745686e-10       1.758829300825e-12      -9.703470356860e-12       0.000000000000e+00       1.189251226292e-14       4.992238009473e-15      -1.847078410597e-16 
  811       3.493480757287e-10       1.740975208822e-12      -9.450317020120e-12       0.000000000000e+00       1.183815135344e-14       4.973790728327e-15      -1.799544235634e-16 
  812       3.493737386417e-10       1.723936969440e-12      -9.195584236693e-12       0.000000000000e+00       1.178408951875e-14       4.955174129909e-15      -1.752165644743e-16 
  813       3.493700403937e-10       1.707716523512e-12      -8.939356973919e-12       0.000000000000e+00       1.173032576493e-14       4.936388757075e-15      -1.704942670963e-16 
  814       3.493370603478e-10       1.692315782791e-12      -8.681721073274e-12       0.000000000000e+00       1.167685905891e-14       4.917435162566e-15      -1.657875330143e-16 
  815       3.492748801528e-10       1.677736629807e-12      -8.422763253077e-12       0.000000000000e+00       1.162368832834e-14       4.898313909043e-15      -1.610963620860e-16 
  816       3.491835837515e-10       1.663980917729e-12      -8.162571111180e-12       0.000000000000e+00       1.157081246146e-14       4.879025569114e-15      -1.564207524346e-16 
  817       3.490632573892e-10       1.651050470223e-12      -7.901233127673e-12       0.000000000000e+00       1.151823030687e-14       4.859570725372e-15      -1.517607004416e-16 
  818       3.489139896223e-10       1.638947081312e-12      -7.638838667578e-12       0.000000000000e+00       1.146594067341e-14       4.839949970423e-15      -1.471162007386e-16 
  819       3.487358713264e-10       1.627672515234e-12      -7.375477983548e-12       0.000000000000e+00       1.141394233004e-14       4.820163906922e-15      -1.424872462001e-16 
  820       3.485289957054e-10       1.617228506304e-12      -7.111242218567e-12       0.000000000000e+00       1.136223400560e-14       4.800213147601e-15      -1.378738279360e-16 
  821       3.482934582994e-10       1.607616758771e-12      -6.846223408645e-12       0.000000000000e+00       1.131081438873e-14       4.780098315303e-15      -1.332759352840e-16 
  822       3.480293569934e-10       1.598838946677e-12      -6.580514485520e-12       0.000000000000e+00       1.125968212766e-14       4.759820043017e-15      -1.286935558020e-16 
  823       3.477367920260e-10       1.590896713717e-12      -6.314209279353e-12       0.000000000000e+00       1.120883583007e-14       4.739378973904e-15      -1.241266752604e-16 
  824       3.474158659973e-10       1.583791673101e-12      -6.047402521429e-12       0.000000000000e+00       1.115827406296e-14       4.718775761335e-15      -1.195752776348e-16 
  825       3.470666838781e-10       1.577525407409e-12      -5.780189846853e-12       0.000000000000e+00       1.110799535242e-14       4.698011068921e-15      -1.150393450984e-16 
  826       3.466893530175e-10       1.572099468453e-12      -5.512667797249e-12       0.000000000000e+00       1.105799818357e-14       4.677085570544e-15      -1.105188580144e-16 
  827       3.462839831524e-10       1.567515377135e-12      -5.244933823459e-12       0.000000000000e+00       1.100828100030e-14       4.655999950391e-15      -1.060137949285e-16 
  828       3.458506864152e-10       1.563774623307e-12      -4.977086288239e-12       0.000000000000e+00       1.095884220519e-14       4.634754902986e-15      -1.015241325610e-16 
  829       3.453895773423e-10       1.560878665630e-12      -4.709224468960e-12       0.000000000000e+00       1.090968015932e-14       4.613351133221e-15      -9.704984579986e-17 
  830       3.449007728832e-10       1.558828931436e-12      -4.441448560305e-12       0.000000000000e+00       1.086079318211e-14       4.591789356389e-15      -9.259090769275e-17 
  831       3.443843924083e-10       1.557626816580e-12      -4.173859676968e-12       0.000000000000e+00       1.081217955117e-14       4.570070298216e-15      -8.814728943953e-17 
  832       3.438405577176e-10       1.557273685309e-12      -3.906559856348e-12       0.000000000000e+00       1.076383750214e-14       4.548194694894e-15      -8.371896038478e-17 
  833       3.432693930495e-10       1.557770870115e-12      -3.639652061255e-12       0.000000000000e+00       1.071576522853e-14       4.526163293111e-15      -7.930588801020e-17 
  834       3.426710250887e-10       1.559119671594e-12      -3.373240182602e-12       0.000000000000e+00       1.066796088158e-14       4.503976850086e-15      -7.490803792708e-17 
  835       3.420455829751e-10       1.561321358309e-12      -3.107429042104e-12       0.000000000000e+00       1.062042257005e-14       4.481636133600e-15      -7.052537386874e-17 
  836       3.413931983120e-10       1.564377166648e-12      -2.842324394979e-12       0.000000000000e+00       1.057314836014e-14       4.459141922026e-15      -6.615785768297e-17 
  837       3.407140051749e-10       1.568288300682e-12      -2.578032932644e-12       0.000000000000e+00       1.052613627526e-14       4.436495004366e-15      -6.180544932451e-17 
  838       3.400081401197e-10       1.573055932024e-12      -2.314662285414e-12       0.000000000000e+00       1.047938429592e-14       4.413696180278e-15      -5.746810684744e-17 
  839       3.392757421912e-10       1.578681199692e-12      -2.052321025199e-12       0.000000000000e+00       1.043289035954e-14       4.390746260113e-15      -5.314578639768e-17 
  840       3.385169529316e-10       1.585165209963e-12      -1.791118668206e-12       0.000000000000e+00       1.038665236032e-14       4.367646064943e-15      -4.883844220543e-17 
  841       3.377319163892e-10       1.592509036238e-12      -1.531165677631e-12       0.000000000000e+00       1.034066814906e-14       4.344396426595e-15      -4.454602657757e-17 
  842       3.369207791265e-10       1.600713718897e-12      -1.272573466363e-12       0.000000000000e+00       1.029493553303e-14       4.320998187683e-15      -4.026848989018e-17 
  843       3.360836902289e-10       1.609780265159e-12      -1.015454399679e-12       0.000000000000e+00       1.024945227575e-14       4.297452201643e-15      -3.600578058094e-17 
  844       3.352208013132e-10       1.619709648944e-12      -7.599217979447e-13       0.000000000000e+00       1.020421609693e-14       4.273759332758e-15      -3.175784514158e-17 
  845       3.343322665358e-10       1.630502810729e-12      -5.060899393090e-13       0.000000000000e+00       1.015922467221e-14       4.249920456200e-15      -2.752462811036e-17 
  846       3.334182426016e-10       1.642160657410e-12      -2.540740624057e-13       0.000000000000e+00       1.011447563307e-14       4.225936458052e-15      -2.330607206446e-17 
  847       3.324788887722e-10       1.654684062157e-12      -3.990369050370e-15       0.000000000000e+00       1.006996656666e-14       4.201808235349e-15      -1.910211761250e-17 
  848       3.315143668743e-10       1.668073864281e-12       2.440439730614e-13       0.000000000000e+00       1.002569501562e-14       4.177536696103e-15      -1.491270338693e-17 
  849       3.305248413085e-10       1.682330869086e-12       4.899108276557e-13       0.000000000000e+00       9.981658477943e-15       4.153122759342e-15      -1.073776603649e-17 
  850       3.295104790573e-10       1.697455847732e-12       7.334910871821e-13       0.000000000000e+00       9.937854406796e-15       4.128567355135e-15      -6.577240218702e-18 
  851       3.284714812798e-10       1.713447741487e-12       9.746759703392e-13       0.000000000000e+00       9.894280528258e-15       4.103872089374e-15      -2.431185765792e-18 
  852       3.274081786709e-10       1.730298241021e-12       1.213401132508e-12       0.000000000000e+00       9.850935800722e-15       4.079041250532e-15       1.699828411111e-18 
  853       3.263209377543e-10       1.747997113855e-12       1.449613135030e-12       0.000000000000e+00       9.807819471621e-15       4.054079837386e-15       5.815101656402e-18 
  854       3.252101294588e-10       1.766533991110e-12       1.683258197175e-12       0.000000000000e+00       9.764930760947e-15       4.028992897536e-15       9.913928133350e-18 
  855       3.240761291315e-10       1.785898367063e-12       1.914282195314e-12       0.000000000000e+00       9.722268861144e-15       4.003785527543e-15       1.399559681060e-17 
  856       3.229193165522e-10       1.806079598716e-12       2.142630662093e-12       0.000000000000e+00       9.679832937008e-15       3.978462873077e-15       1.805939144866e-17 
  857       3.217400759467e-10       1.827066905349e-12       2.368248785601e-12       0.000000000000e+00       9.637622125574e-15       3.953030129056e-15       2.210459058645e-17 
  858       3.205387960003e-10       1.848849368092e-12       2.591081408546e-12       0.000000000000e+00       9.595635536016e-15       3.927492539788e-15       2.613046752774e-17 
  859       3.193158698721e-10       1.871415929478e-12       2.811073027426e-12       0.000000000000e+00       9.553872249541e-15       3.901855399114e-15       3.013629032773e-17 
  860       3.180716952082e-10       1.894755393013e-12       3.028167791698e-12       0.000000000000e+00       9.512331319282e-15       3.876124050550e-15       3.412132177949e-17 
  861       3.168066741556e-10       1.918856422733e-12       3.242309502954e-12       0.000000000000e+00       9.471011770194e-15       3.850303887430e-15       3.808481940049e-17 
  862       3.155212133759e-10       1.943707542768e-12       3.453441614092e-12       0.000000000000e+00       9.429912598948e-15       3.824400353047e-15       4.202603541913e-17 
  863       3.142157240588e-10       1.969297136904e-12       3.661507228486e-12       0.000000000000e+00       9.389032773829e-15       3.798418940795e-15       4.594421676118e-17 
  864       3.128906219362e-10       1.995613448146e-12       3.866449099161e-12       0.000000000000e+00       9.348371234623e-15       3.772365194314e-15       4.983860503636e-17 
  865       3.115463272957e-10       2.022644578277e-12       4.068209627962e-12       0.000000000000e+00       9.307926892521e-15       3.746244707627e-15       5.370843652479e-17 
  866       3.101832649939e-10       2.050378487425e-12       4.266730864729e-12       0.000000000000e+00       9.267698630006e-15       3.720063125288e-15       5.755294216352e-17 
  867       3.088018644709e-10       2.078802993621e-12       4.461954506466e-12       0.000000000000e+00       9.227685300754e-15       3.693826142520e-15       6.137134753300e-17 
  868       3.074025597634e-10       2.107905772363e-12       4.653821896517e-12       0.000000000000e+00       9.187885729522e-15       3.667539505360e-15       6.516287284366e-17 
  869       3.059857895185e-10       2.137674356177e-12       4.842274023732e-12       0.000000000000e+00       9.148298712050e-15       3.641209010798e-15       6.892673292231e-17 
  870       3.045519970077e-10       2.168096134182e-12       5.027251521645e-12       0.000000000000e+00       9.108923014951e-15       3.614840506924e-15       7.266213719875e-17 
  871       3.031016301402e-10       2.199158351648e-12       5.208694667645e-12       0.000000000000e+00       9.069757375605e-15       3.588439893064e-15       7.636828969219e-17 
  872       3.016351414768e-10       2.230848109561e-12       5.386543382143e-12       0.000000000000e+00       9.030800502058e-15       3.562013119929e-15       8.004438899779e-17 
  873       3.001529882438e-10       2.263152364185e-12       5.560737227750e-12       0.000000000000e+00       8.992051072912e-15       3.535566189751e-15       8.368962827319e-17 
  874       2.986556323461e-10       2.296057926623e-12       5.731215408447e-12       0.000000000000e+00       8.953507737225e-15       3.509105156430e-15       8.730319522496e-17 
  875       2.971435403817e-10       2.329551462379e-12       5.897916768755e-12       0.000000000000e+00       8.915169114398e-15       3.482636125672e-15       9.088427209514e-17 
  876       2.956171836546e-10       2.363619490921e-12       6.060779792910e-12       0.000000000000e+00       8.877033794080e-15       3.456165255135e-15       9.443203564773e-17 
  877       2.940770381894e-10       2.398248385245e-12       6.219742604033e-12       0.000000000000e+00       8.839100336052e-15       3.429698754570e-15       9.794565715522e-17 
  878       2.925235847439e-10       2.433424371433e-12       6.374742963303e-12       0.000000000000e+00       8.801367270130e-15       3.403242885961e-15       1.014243023850e-16 
  879       2.909573088239e-10       2.469133528217e-12       6.525718269130e-12       0.000000000000e+00       8.763833096055e-15       3.376803963671e-15       1.048671315861e-16 
  880       2.893787006961e-10       2.505361786543e-12       6.672605556324e-12       0.000000000000e+00       8.726496283389e-15       3.350388354582e-15       1.082732994754e-16 
  881       2.877882554022e-10       2.542094929130e-12       6.815341495270e-12       0.000000000000e+00       8.689355271412e-15       3.324002478235e-15       1.116419552243e-16 
  882       2.861864727725e-10       2.579318590036e-12       6.953862391097e-12       0.000000000000e+00       8.652408469011e-15       3.297652806977e-15       1.149722424451e-16 
  883       2.845738574396e-10       2.617018254214e-12       7.088104182854e-12       0.000000000000e+00       8.615654254582e-15       3.271345866102e-15       1.182632991779e-16 
  884       2.829509188522e-10       2.655179257081e-12       7.218002442680e-12       0.000000000000e+00       8.579090975919e-15       3.245088233988e-15       1.215142578763e-16 
  885       2.813181712885e-10       2.693786784076e-12       7.343492374974e-12       0.000000000000e+00       8.542716950111e-15       3.218886542247e-15       1.247242453949e-16 
  886       2.796761338703e-10       2.732825870225e-12       7.464508815570e-12       0.000000000000e+00       8.506530463436e-15       3.192747475861e-15       1.278923829751e-16 
  887       2.780253305764e-10       2.772281399698e-12       7.580986230908e-12       0.000000000000e+00       8.470529771257e-15       3.166677773329e-15       1.310177862317e-16 
  888       2.763662902565e-10       2.812138105377e-12       7.692858717206e-12       0.000000000000e+00       8.434713097915e-15       3.140684226806e-15       1.340995651398e-16 
  889       2.746995466447e-10       2.852380568416e-12       7.800059999631e-12       0.000000000000e+00       8.399078636626e-15       3.114773682245e-15       1.371368240207e-16 
  890       2.730256383735e-10       2.892993217801e-12       7.902523431473e-12       0.000000000000e+00       8.363624549373e-15       3.088953039540e-15       1.401286615289e-16 
  891       2.713450859065e-10       2.933960388140e-12       8.000194625734e-12       0.000000000000e+00       8.328349191533e-15       3.063227948803e-15       1.430743731674e-16 
  892       2.696583218965e-10       2.975266494947e-12       8.093069578405e-12       0.000000000000e+00       8.293251790002e-15       3.037598875475e-15       1.459740624976e-16 
  893       2.679657597137e-10       3.016895861358e-12       8.181157168214e-12       0.000000000000e+00       8.258331775969e-15       3.012064971021e-15       1.488280399175e-16 
  894       2.662678164329e-10       3.058832659744e-12       8.264466581902e-12       0.000000000000e+00       8.223588561130e-15       2.986625370897e-15       1.516366210576e-16 
  895       2.645649128439e-10       3.101060911275e-12       8.343007315307e-12       0.000000000000e+00       8.189021537605e-15       2.961279194498e-15       1.544001267980e-16 
  896       2.628574734618e-10       3.143564485495e-12       8.416789174438e-12       0.000000000000e+00       8.154630077877e-15       2.936025545103e-15       1.571188832857e-16 
  897       2.611459265371e-10       3.186327099894e-12       8.485822276559e-12       0.000000000000e+00       8.120413534714e-15       2.910863509816e-15       1.597932219510e-16 
  898       2.594307040657e-10       3.229332319477e-12       8.550117051264e-12       0.000000000000e+00       8.086371241100e-15       2.885792159517e-15       1.624234795254e-16 
  899       2.577122417996e-10       3.272563556332e-12       8.609684241560e-12       0.000000000000e+00       8.052502510165e-15       2.860810548806e-15       1.650099980582e-16 
  900       2.559909792567e-10       3.316004069207e-12       8.664534904943e-12       0.000000000000e+00       8.018806635111e-15       2.835917715945e-15       1.675531249337e-16 
  901       2.542673597311e-10       3.359636963078e-12       8.714680414481e-12       0.000000000000e+00       7.985282889141e-15       2.811112682808e-15       1.700532128883e-16 
  902       2.525418303036e-10       3.403445188718e-12       8.760132459889e-12       0.000000000000e+00       7.951930525390e-15       2.786394454824e-15       1.725106200276e-16 
  903       2.508148418515e-10       3.447411542271e-12       8.800903048614e-12       0.000000000000e+00       7.918748776851e-15       2.761762020920e-15       1.749257098433e-16 
  904       2.490868490591e-10       3.491518664822e-12       8.837004506910e-12       0.000000000000e+00       7.885736856306e-15       2.737214353473e-15       1.772988512307e-16 
  905       2.473583104279e-10       3.535749041968e-12       8.868449480915e-12       0.000000000000e+00       7.852893956251e-15       2.712750408246e-15       1.796304185053e-16 
  906       2.456296882866e-10       3.580085003386e-12       8.895250937740e-12       0.000000000000e+00       7.820219248830e-15       2.688369124343e-15       1.819207914202e-16 
  907       2.439014488015e-10       3.624508722410e-12       8.917422166537e-12       0.000000000000e+00       7.787711885759e-15       2.664069424147e-15       1.841703551830e-16 
  908       2.421740619868e-10       3.669002215597e-12       8.934976779586e-12       0.000000000000e+00       7.755370998256e-15       2.639850213271e-15       1.863795004732e-16 
  909       2.404480017147e-10       3.713547342299e-12       8.947928713372e-12       0.000000000000e+00       7.723195696970e-15       2.615710380497e-15       1.885486234588e-16 
  910       2.387237457254e-10       3.758125804235e-12       8.956292229663e-12       0.000000000000e+00       7.691185071910e-15       2.591648797728e-15       1.906781258138e-16 
  911       2.370017756378e-10       3.802719145062e-12       8.960081916590e-12       0.000000000000e+00       7.659338192373e-15       2.567664319928e-15       1.927684147349e-16 
  912       2.352825769592e-10       3.847308749943e-12       8.959312689730e-12       0.000000000000e+00       7.627654106874e-15       2.543755785070e-15       1.948199029592e-16 
  913       2.335666390960e-10       3.891875845123e-12       8.953999793180e-12       0.000000000000e+00       7.596131843070e-15       2.519922014083e-15       1.968330087806e-16 
  914       2.318544553636e-10       3.936401497495e-12       8.944158800637e-12       0.000000000000e+00       7.564770407696e-15       2.496161810793e-15       1.988081560671e-16 
  915       2.301465229966e-10       3.980866614174e-12       8.929805616483e-12       0.000000000000e+00       7.533568786489e-15       2.472473961870e-15       2.007457742782e-16 
  916       2.284433431593e-10       4.025251942067e-12       8.910956476857e-12       0.000000000000e+00       7.502525944114e-15       2.448857236776e-15       2.026462984816e-16 
  917       2.267454209556e-10       4.069538067443e-12       8.887627950740e-12       0.000000000000e+00       7.471640824101e-15       2.425310387707e-15       2.045101693705e-16 
  918       2.250532654394e-10       4.113705415506e-12       8.859836941029e-12       0.000000000000e+00       7.440912348765e-15       2.401832149540e-15       2.063378332805e-16 
  919       2.233673896247e-10       4.157734249964e-12       8.827600685622e-12       0.000000000000e+00       7.410339419139e-15       2.378421239778e-15       2.081297422069e-16 
  920       2.216883104961e-10       4.201604672601e-12       8.790936758494e-12       0.000000000000e+00       7.379920914905e-15       2.355076358494e-15       2.098863538216e-16 
  921       2.200165490185e-10       4.245296622849e-12       8.749863070776e-12       0.000000000000e+00       7.349655694314e-15       2.331796188281e-15       2.116081314903e-16 
  922       2.183526301478e-10       4.288789877355e-12       8.704397871838e-12       0.000000000000e+00       7.319542594125e-15       2.308579394190e-15       2.132955442895e-16 
  923       2.166970828410e-10       4.332064049557e-12       8.654559750361e-12       0.000000000000e+00       7.289580429527e-15       2.285424623681e-15       2.149490670237e-16 
  924       2.150504400662e-10       4.375098589249e-12       8.600367635426e-12       0.000000000000e+00       7.259767994069e-15       2.262330506568e-15       2.165691802423e-16 
  925       2.134132388130e-10       4.417872782161e-12       8.541840797587e-12       0.000000000000e+00       7.230104059590e-15       2.239295654960e-15       2.181563702570e-16 
  926       2.117860201028e-10       4.460365749518e-12       8.478998849949e-12       0.000000000000e+00       7.200587376147e-15       2.216318663211e-15       2.197111291583e-16 
  927       2.101693289988e-10       4.502556447623e-12       8.411861749253e-12       0.000000000000e+00       7.171216671943e-15       2.193398107865e-15       2.212339548333e-16 
  928       2.085637146163e-10       4.544423667417e-12       8.340449796952e-12       0.000000000000e+00       7.141990653255e-15       2.170532547598e-15       2.227253509824e-16 
  929       2.069697301330e-10       4.585946034060e-12       8.264783640290e-12       0.000000000000e+00       7.112908004365e-15       2.147720523165e-15       2.241858271363e-16 
  930       2.053879327992e-10       4.627102006493e-12       8.184884273384e-12       0.000000000000e+00       7.083967387488e-15       2.124960557348e-15       2.256158986732e-16 
  931       2.038188260337e-10       4.667871721261e-12       8.100779435195e-12       0.000000000000e+00       7.055167600428e-15       2.102251933014e-15       2.270159949292e-16 
  932       2.022626846966e-10       4.708242556512e-12       8.012522911240e-12       0.000000000000e+00       7.026508052402e-15       2.079597040784e-15       2.283861819145e-16 
  933       2.007197270965e-10       4.748203654413e-12       7.920175536765e-12       0.000000000000e+00       6.997988295542e-15       2.056999068079e-15       2.297264352822e-16 
  934       1.991901726580e-10       4.787744084642e-12       7.823798829246e-12       0.000000000000e+00       6.969607867787e-15       2.034461224395e-15       2.310367318448e-16 
  935       1.976742419246e-10       4.826852844213e-12       7.723454990364e-12       0.000000000000e+00       6.941366292838e-15       2.011986741355e-15       2.323170495785e-16 
  936       1.961721565601e-10       4.865518857304e-12       7.619206907959e-12       0.000000000000e+00       6.913263080104e-15       1.989578872763e-15       2.335673676282e-16 
  937       1.946841393516e-10       4.903730975078e-12       7.511118157999e-12       0.000000000000e+00       6.885297724657e-15       1.967240894656e-15       2.347876663113e-16 
  938       1.932104142111e-10       4.941477975515e-12       7.399253006542e-12       0.000000000000e+00       6.857469707179e-15       1.944976105356e-15       2.359779271222e-16 
  939       1.917512061780e-10       4.978748563237e-12       7.283676411704e-12       0.000000000000e+00       6.829778493914e-15       1.922787825526e-15       2.371381327368e-16 
  940       1.903067414214e-10       5.015531369329e-12       7.164454025615e-12       0.000000000000e+00       6.802223536619e-15       1.900679398220e-15       2.382682670168e-16 
  941       1.888772472418e-10       5.051814951171e-12       7.041652196394e-12       0.000000000000e+00       6.774804272513e-15       1.878654188938e-15       2.393683150140e-16 
  942       1.874629520741e-10       5.087587792259e-12       6.915337970101e-12       0.000000000000e+00       6.747520124229e-15       1.856715585677e-15       2.404382629748e-16 
  943       1.860640854890e-10       5.122838302036e-12       6.785579092713e-12       0.000000000000e+00       6.720370499761e-15       1.834866998986e-15       2.414780983446e-16 
  944       1.846808781958e-10       5.157554815715e-12       6.652444012077e-12       0.000000000000e+00       6.693354792421e-15       1.813111862017e-15       2.424878097719e-16 
  945       1.833135620443e-10       5.191725594103e-12       6.516001879882e-12       0.000000000000e+00       6.666472380783e-15       1.791453630580e-15       2.434673871131e-16 
  946       1.819623700271e-10       5.225338823432e-12       6.376322553619e-12       0.000000000000e+00       6.639722628636e-15       1.769895783193e-15       2.444168214364e-16 
  947       1.806275362818e-10       5.258382615181e-12       6.233476598548e-12       0.000000000000e+00       6.613104884935e-15       1.748441821140e-15       2.453361050266e-16 
  948       1.793092960932e-10       5.290845005905e-12       6.087535289657e-12       0.000000000000e+00       6.586618483751e-15       1.727095268518e-15       2.462252313891e-16 
  949       1.780078858956e-10       5.322713957058e-12       5.938570613632e-12       0.000000000000e+00       6.560262744221e-15       1.705859672292e-15       2.470841952547e-16 
  950       1.767235432749e-10       5.353977354819e-12       5.786655270817e-12       0.000000000000e+00       6.534036970498e-15       1.684738602353e-15       2.479129925834e-16 
  951       1.754565069706e-10       5.384623009923e-12       5.631862677180e-12       0.000000000000e+00       6.507940451704e-15       1.663735651562e-15       2.487116205695e-16 
  952       1.742070168786e-10       5.414638657480e-12       5.474266966275e-12       0.000000000000e+00       6.481972461877e-15       1.642854435810e-15       2.494800776452e-16 
  953       1.729753140527e-10       5.444011956806e-12       5.313942991208e-12       0.000000000000e+00       6.456132259924e-15       1.622098594068e-15       2.502183634856e-16 
  954       1.717616407075e-10       5.472730491247e-12       5.150966326602e-12       0.000000000000e+00       6.430419089571e-15       1.601471788441e-15       2.509264790127e-16 
  955       1.705662402200e-10       5.500781768005e-12       4.985413270556e-12       0.000000000000e+00       6.404832179311e-15       1.580977704219e-15       2.516044264000e-16 
  956       1.693893571322e-10       5.528153217964e-12       4.817360846615e-12       0.000000000000e+00       6.379370742360e-15       1.560620049932e-15       2.522522090766e-16 
  957       1.682312371530e-10       5.554832195519e-12       4.646886805731e-12       0.000000000000e+00       6.354033976600e-15       1.540402557404e-15       2.528698317318e-16 
  958       1.670921271608e-10       5.580805978394e-12       4.474069628226e-12       0.000000000000e+00       6.328821064536e-15       1.520328981803e-15       2.534573003196e-16 
  959       1.659722752053e-10       5.606061767479e-12       4.298988525760e-12       0.000000000000e+00       6.303731173244e-15       1.500403101694e-15       2.540146220627e-16 
  960       1.648719305101e-10       5.630586686646e-12       4.121723443290e-12       0.000000000000e+00       6.278763454318e-15       1.480628719095e-15       2.545418054570e-16 
  961       1.637913434746e-10       5.654367782582e-12       3.942355061038e-12       0.000000000000e+00       6.253917043828e-15       1.461009659527e-15       2.550388602762e-16 
  962       1.627307656763e-10       5.677392024610e-12       3.760964796452e-12       0.000000000000e+00       6.229191062264e-15       1.441549772070e-15       2.555057975759e-16 
  963       1.616904498729e-10       5.699646304519e-12       3.577634806173e-12       0.000000000000e+00       6.204584614489e-15       1.422252929412e-15       2.559426296982e-16 
  964       1.606706500049e-10       5.721117436387e-12       3.392447987998e-12       0.000000000000e+00       6.180096789688e-15       1.403123027904e-15       2.563493702757e-16 
  965       1.596716211974e-10       5.741792156409e-12       3.205487982842e-12       0.000000000000e+00       6.155726661323e-15       1.384163987616e-15       2.567260342364e-16 
  966       1.586936197623e-10       5.761657122723e-12       3.016839176705e-12       0.000000000000e+00       6.131473287075e-15       1.365379752382e-15       2.570726378076e-16 
  967       1.577369032009e-10       5.780698915233e-12       2.826586702633e-12       0.000000000000e+00       6.107335708804e-15       1.346774289863e-15       2.573891985207e-16 
  968       1.568017302056e-10       5.798904035439e-12       2.634816442685e-12       0.000000000000e+00       6.083312952492e-15       1.328351591590e-15       2.576757352150e-16 
  969       1.558883606627e-10       5.816258906259e-12       2.441615029896e-12       0.000000000000e+00       6.059404028198e-15       1.310115673026e-15       2.579322680428e-16 
  970       1.549970556539e-10       5.832749871861e-12       2.247069850239e-12       0.000000000000e+00       6.035607930005e-15       1.292070573612e-15       2.581588184731e-16 
  971       1.541280218624e-10       5.848365614044e-12       2.051266019096e-12       0.000000000000e+00       6.011923751442e-15       1.274219277352e-15       2.583554526289e-16 
  972       1.532812438677e-10       5.863104441582e-12       1.854277256874e-12       0.000000000000e+00       5.988351033730e-15       1.256560456657e-15       2.585224120028e-16 
  973       1.524566493327e-10       5.876967110176e-12       1.656174880041e-12       0.000000000000e+00       5.964889422673e-15       1.239091679628e-15       2.586599847163e-16 
  974       1.516541643664e-10       5.889954415970e-12       1.457030815766e-12       0.000000000000e+00       5.941538553631e-15       1.221810485007e-15       2.587684623751e-16 
  975       1.508737135195e-10       5.902067195678e-12       1.256917603490e-12       0.000000000000e+00       5.918298051487e-15       1.204714382086e-15       2.588481400788e-16 
  976       1.501152197793e-10       5.913306326721e-12       1.055908396510e-12       0.000000000000e+00       5.895167530609e-15       1.187800850629e-15       2.588993164313e-16 
  977       1.493786045647e-10       5.923672727361e-12       8.540769635570e-13       0.000000000000e+00       5.872146594815e-15       1.171067340785e-15       2.589222935505e-16 
  978       1.486637877217e-10       5.933167356829e-12       6.514976903762e-13       0.000000000000e+00       5.849234837343e-15       1.154511273003e-15       2.589173770778e-16 
  979       1.479706875183e-10       5.941791215466e-12       4.482455813048e-13       0.000000000000e+00       5.826431840810e-15       1.138130037951e-15       2.588848761885e-16 
  980       1.472992206395e-10       5.949545344849e-12       2.443962608526e-13       0.000000000000e+00       5.803737177182e-15       1.121920996427e-15       2.588251036015e-16 
  981       1.466493021830e-10       5.956430827929e-12       4.002597528106e-14       0.000000000000e+00       5.781150407734e-15       1.105881479278e-15       2.587383755890e-16 
  982       1.460208456535e-10       5.962448789161e-12      -1.647884058176e-13       0.000000000000e+00       5.758671083022e-15       1.090008787316e-15       2.586250119866e-16 
  983       1.454137629588e-10       5.967600394641e-12      -3.699693879407e-13       0.000000000000e+00       5.736298742842e-15       1.074300191231e-15       2.584853362031e-16 
  984       1.448279644040e-10       5.971886852235e-12      -5.754388500961e-13       0.000000000000e+00       5.714032916197e-15       1.058752931509e-15       2.583196752305e-16 
  985       1.442633586874e-10       5.975309411715e-12      -7.811180432226e-13       0.000000000000e+00       5.691873121265e-15       1.043364218346e-15       2.581283596537e-16 
  986       1.437198528951e-10       5.977869364893e-12      -9.869275886105e-13       0.000000000000e+00       5.669818865358e-15       1.028131231566e-15       2.579117236605e-16 
  987       1.431973524964e-10       5.979568045750e-12      -1.192787476323e-12       0.000000000000e+00       5.647869644895e-15       1.013051120535e-15       2.576701050513e-16 
  988       1.426957613391e-10       5.980406830574e-12      -1.398617063615e-12       0.000000000000e+00       5.626024945360e-15       9.981210040767e-16       2.574038452493e-16 
  989       1.422149816442e-10       5.980387138090e-12      -1.604335073356e-12       0.000000000000e+00       5.604284241272e-15       9.833379703888e-16       2.571132893102e-16 
  990       1.417549140013e-10       5.979510429597e-12      -1.809859592450e-12       0.000000000000e+00       5.582646996146e-15       9.686990769584e-16       2.567987859320e-16 
  991       1.413154573638e-10       5.977778209095e-12      -2.015108070255e-12       0.000000000000e+00       5.561112662463e-15       9.542013504780e-16       2.564606874650e-16 
  992       1.408965090439e-10       5.975192023425e-12      -2.219997317006e-12       0.000000000000e+00       5.539680681630e-15       9.398417867608e-16       2.560993499217e-16 
  993       1.404979647079e-10       5.971753462398e-12      -2.424443502232e-12       0.000000000000e+00       5.518350483949e-15       9.256173506566e-16       2.557151329867e-16 
  994       1.401197183709e-10       5.967464158930e-12      -2.628362153182e-12       0.000000000000e+00       5.497121488582e-15       9.115249759676e-16       2.553084000264e-16 
  995       1.397616623927e-10       5.962325789174e-12      -2.831668153238e-12       0.000000000000e+00       5.475993103512e-15       8.975615653641e-16       2.548795180991e-16 
  996       1.394236874722e-10       5.956340072653e-12      -3.034275740345e-12       0.000000000000e+00       5.454964725514e-15       8.837239902998e-16       2.544288579647e-16 
  997       1.391056826429e-10       5.949508772398e-12      -3.236098505423e-12       0.000000000000e+00       5.434035740114e-15       8.700090909282e-16       2.539567940947e-16 
  998       1.388075352681e-10       5.941833695073e-12      -3.437049390794e-12       0.000000000000e+00       5.413205521561e-15       8.564136760175e-16       2.534637046821e-16 
  999       1.385291310359e-10       5.933316691115e-12      -3.637040688600e-12       0.000000000000e+00       5.392473432785e-15       8.429345228673e-16       2.529499716512e-16 
 1000       1.382703539542e-10       5.923959654865e-12      -3.835984039221e-12       0.000000000000e+00       5.371838825368e-15       8.295683772231e-16       2.524159806675e-16 
 1001       1.380310863461e-10       5.913764524699e-12      -4.033790429702e-12       0.000000000000e+00       5.351301039506e-15       8.163119531931e-16       2.518621211477e-16 
 1002       1.378112088449e-10       5.902733283168e-12      -4.230370192167e-12       0.000000000000e+00       5.330859403974e-15       8.031619331632e-16       2.512887862693e-16 
 1003       1.376106003894e-10       5.890867957121e-12      -4.425633002245e-12       0.000000000000e+00       5.310513236093e-15       7.901149677132e-16       2.506963729809e-16 
 1004       1.374291382189e-10       5.878170617848e-12      -4.619487877487e-12       0.000000000000e+00       5.290261841693e-15       7.771676755319e-16       2.500852820116e-16 
 1005       1.372666978681e-10       5.864643381207e-12      -4.811843175790e-12       0.000000000000e+00       5.270104515081e-15       7.643166433334e-16       2.494559178813e-16 
 1006       1.371231531627e-10       5.850288407760e-12      -5.002606593812e-12       0.000000000000e+00       5.250040539004e-15       7.515584257725e-16       2.488086889105e-16 
 1007       1.369983762144e-10       5.835107902907e-12      -5.191685165399e-12       0.000000000000e+00       5.230069184612e-15       7.388895453606e-16       2.481440072298e-16 
 1008       1.368922374158e-10       5.819104117014e-12      -5.378985260004e-12       0.000000000000e+00       5.210189711429e-15       7.263064923810e-16       2.474622887902e-16 
 1009       1.368046054358e-10       5.802279345555e-12      -5.564412581103e-12       0.000000000000e+00       5.190401367313e-15       7.138057248050e-16       2.467639533731e-16 
 1010       1.367353472145e-10       5.784635929237e-12      -5.747872164622e-12       0.000000000000e+00       5.170703388424e-15       7.013836682076e-16       2.460494245996e-16 
 1011       1.366843055162e-10       5.766177733829e-12      -5.929278163908e-12       0.000000000000e+00       5.151095086380e-15       6.890376094929e-16       2.453190233175e-16 
 1012       1.366512312407e-10       5.746914612783e-12      -6.108583362692e-12       0.000000000000e+00       5.131576111196e-15       6.767683923855e-16       2.445726460532e-16 
 1013       1.366358501242e-10       5.726858009355e-12      -6.285750085405e-12       0.000000000000e+00       5.112146192072e-15       6.645777607174e-16       2.438100819334e-16 
 1014       1.366378850856e-10       5.706019483067e-12      -6.460740448862e-12       0.000000000000e+00       5.092805050527e-15       6.524674681700e-16       2.430311188846e-16 
 1015       1.366570562189e-10       5.684410710010e-12      -6.633516361824e-12       0.000000000000e+00       5.073552400370e-15       6.404392782944e-16       2.422355436305e-16 
 1016       1.366930807860e-10       5.662043483155e-12      -6.804039524571e-12       0.000000000000e+00       5.054387947677e-15       6.284949645320e-16       2.414231416893e-16 
 1017       1.367456732087e-10       5.638929712657e-12      -6.972271428467e-12       0.000000000000e+00       5.035311390765e-15       6.166363102351e-16       2.405936973714e-16 
 1018       1.368145450619e-10       5.615081426163e-12      -7.138173355532e-12       0.000000000000e+00       5.016322420168e-15       6.048651086875e-16       2.397469937763e-16 
 1019       1.368994050653e-10       5.590510769120e-12      -7.301706378008e-12       0.000000000000e+00       4.997420718612e-15       5.931831631248e-16       2.388828127902e-16 
 1020       1.369999590767e-10       5.565230005078e-12      -7.462831357929e-12       0.000000000000e+00       4.978605960991e-15       5.815922867551e-16       2.380009350836e-16 
 1021       1.371159100838e-10       5.539251516002e-12      -7.621508946686e-12       0.000000000000e+00       4.959877814344e-15       5.700943027794e-16       2.371011401082e-16 
 1022       1.372469581974e-10       5.512587802573e-12      -7.777699584602e-12       0.000000000000e+00       4.941235937826e-15       5.586910444125e-16       2.361832060948e-16 
 1023       1.373928006433e-10       5.485251484500e-12      -7.931363500495e-12       0.000000000000e+00       4.922679982687e-15       5.473843549030e-16       2.352469100503e-16 
 1024       1.375531317551e-10       5.457255300823e-12      -8.082460711246e-12       0.000000000000e+00       4.904209592245e-15       5.361760875543e-16       2.342920277550e-16 
 1025       1.377276429666e-10       5.428612110223e-12      -8.230951021374e-12       0.000000000000e+00       4.885824401865e-15       5.250681057448e-16       2.333183337606e-16 
 1026       1.379160228045e-10       5.399334891325e-12      -8.376794022596e-12       0.000000000000e+00       4.867524038929e-15       5.140622829489e-16       2.323256013867e-16 
 1027       1.381179568808e-10       5.369436743010e-12      -8.519949093402e-12       0.000000000000e+00       4.849308122816e-15       5.031605027568e-16       2.313136027190e-16 
 1028       1.383331278851e-10       5.338930884715e-12      -8.660375398622e-12       0.000000000000e+00       4.831176264876e-15       4.923646588958e-16       2.302821086060e-16 
 1029       1.385612155774e-10       5.307830656747e-12      -8.798031888990e-12       0.000000000000e+00       4.813128068404e-15       4.816766552503e-16       2.292308886569e-16 
 1030       1.388018967804e-10       5.276149520583e-12      -8.932877300718e-12       0.000000000000e+00       4.795163128617e-15       4.710984058826e-16       2.281597112387e-16 
 1031       1.390548453723e-10       5.243901059184e-12      -9.064870155065e-12       0.000000000000e+00       4.777281032627e-15       4.606318350534e-16       2.270683434734e-16 
 1032       1.393197322789e-10       5.211098977293e-12      -9.193968757899e-12       0.000000000000e+00       4.759481359421e-15       4.502788772423e-16       2.259565512361e-16 
 1033       1.395962254664e-10       5.177757101751e-12      -9.320131199272e-12       0.000000000000e+00       4.741763679831e-15       4.400414771684e-16       2.248240991514e-16 
 1034       1.398839899338e-10       5.143889381798e-12      -9.443315352985e-12       0.000000000000e+00       4.724127556514e-15       4.299215898107e-16       2.236707505915e-16 
 1035       1.401826877055e-10       5.109509889380e-12      -9.563478876158e-12       0.000000000000e+00       4.706572543922e-15       4.199211804286e-16       2.224962676734e-16 
 1036       1.404919778235e-10       5.074632819459e-12      -9.680579208798e-12       0.000000000000e+00       4.689098188284e-15       4.100422245829e-16       2.213004112560e-16 
 1037       1.408115163404e-10       5.039272490316e-12      -9.794573573367e-12       0.000000000000e+00       4.671704027576e-15       4.002867081557e-16       2.200829409378e-16 
 1038       1.411409563116e-10       5.003443343861e-12      -9.905418974350e-12       0.000000000000e+00       4.654389591498e-15       3.906566273714e-16       2.188436150544e-16 
 1039       1.414799477876e-10       4.967159945938e-12      -1.001307219783e-11       0.000000000000e+00       4.637154401450e-15       3.811539888169e-16       2.175821906752e-16 
 1040       1.418281378071e-10       4.930436986632e-12      -1.011748981104e-11       0.000000000000e+00       4.619997970508e-15       3.717808094624e-16       2.162984236016e-16 
 1041       1.421851703890e-10       4.893289280576e-12      -1.021862816195e-11       0.000000000000e+00       4.602919803398e-15       3.625391166820e-16       2.149920683638e-16 
 1042       1.425506865250e-10       4.855731767258e-12      -1.031644337884e-11       0.000000000000e+00       4.585919396469e-15       3.534309482738e-16       2.136628782185e-16 
 1043       1.429243241723e-10       4.817779511328e-12      -1.041089136982e-11       0.000000000000e+00       4.568996237675e-15       3.444583524809e-16       2.123106051461e-16 
 1044       1.433057182460e-10       4.779447702903e-12      -1.050192782248e-11       0.000000000000e+00       4.552149806543e-15       3.356233880117e-16       2.109349998480e-16 
 1045       1.436945006113e-10       4.740751657875e-12      -1.058950820337e-11       0.000000000000e+00       4.535379574155e-15       3.269281240604e-16       2.095358117445e-16 
 1046       1.440903000768e-10       4.701706818221e-12      -1.067358775765e-11       0.000000000000e+00       4.518685003118e-15       3.183746403278e-16       2.081127889713e-16 
 1047       1.444927423861e-10       4.662328752304e-12      -1.075412150861e-11       0.000000000000e+00       4.502065547542e-15       3.099650270416e-16       2.066656783777e-16 
 1048       1.449014502107e-10       4.622633155182e-12      -1.083106425722e-11       0.000000000000e+00       4.485520653014e-15       3.017013849768e-16       2.051942255235e-16 
 1049       1.453160431428e-10       4.582635848918e-12      -1.090437058176e-11       0.000000000000e+00       4.469049756576e-15       2.935858254769e-16       2.036981746766e-16 
 1050       1.457361376873e-10       4.542352782882e-12      -1.097399483735e-11       0.000000000000e+00       4.452652286698e-15       2.856204704735e-16       2.021772688102e-16 
 1051       1.461613655565e-10       4.501799728848e-12      -1.103990125657e-11       0.000000000000e+00       4.436327722997e-15       2.778067597485e-16       2.006314192774e-16 
 1052       1.465914288463e-10       4.460991361024e-12      -1.110209440599e-11       0.000000000000e+00       4.420075776365e-15       2.701433621310e-16       1.990612174221e-16 
 1053       1.470260456122e-10       4.419942163841e-12      -1.116058915215e-11       0.000000000000e+00       4.403896211295e-15       2.626282353055e-16       1.974674300747e-16 
 1054       1.474649316312e-10       4.378666736283e-12      -1.121540059958e-11       0.000000000000e+00       4.387788786349e-15       2.552593158825e-16       1.958508305356e-16 
 1055       1.479078003963e-10       4.337179792156e-12      -1.126654409144e-11       0.000000000000e+00       4.371753254138e-15       2.480345193451e-16       1.942121985908e-16 
 1056       1.483543631113e-10       4.295496160365e-12      -1.131403521021e-11       0.000000000000e+00       4.355789361306e-15       2.409517399932e-16       1.925523205279e-16 
 1057       1.488043286847e-10       4.253630785188e-12      -1.135788977834e-11       0.000000000000e+00       4.339896848508e-15       2.340088508896e-16       1.908719891519e-16 
 1058       1.492574037249e-10       4.211598726546e-12      -1.139812385890e-11       0.000000000000e+00       4.324075450395e-15       2.272037038051e-16       1.891720038009e-16 
 1059       1.497132925343e-10       4.169415160279e-12      -1.143475375628e-11       0.000000000000e+00       4.308324895596e-15       2.205341291638e-16       1.874531703619e-16 
 1060       1.501716971035e-10       4.127095378422e-12      -1.146779601683e-11       0.000000000000e+00       4.292644906697e-15       2.139979359885e-16       1.857163012867e-16 
 1061       1.506323171067e-10       4.084654789475e-12      -1.149726742953e-11       0.000000000000e+00       4.277035200226e-15       2.075929118461e-16       1.839622156076e-16 
 1062       1.510948498950e-10       4.042108918676e-12      -1.152318502667e-11       0.000000000000e+00       4.261495486633e-15       2.013168227929e-16       1.821917389530e-16 
 1063       1.515589904921e-10       3.999473408281e-12      -1.154556608447e-11       0.000000000000e+00       4.246025470271e-15       1.951674133199e-16       1.804057035637e-16 
 1064       1.520244315879e-10       3.956764017829e-12      -1.156442812381e-11       0.000000000000e+00       4.230624849382e-15       1.891424062983e-16       1.786049483082e-16 
 1065       1.524908635333e-10       3.913996624422e-12      -1.157978891084e-11       0.000000000000e+00       4.215293316074e-15       1.832395029246e-16       1.767903186988e-16 
 1066       1.529579743347e-10       3.871187222996e-12      -1.159166645766e-11       0.000000000000e+00       4.200030556306e-15       1.774563826663e-16       1.749626669071e-16 
 1067       1.534254496487e-10       3.828351926596e-12      -1.160007902301e-11       0.000000000000e+00       4.184836249866e-15       1.717907032069e-16       1.731228517802e-16 
 1068       1.538929727762e-10       3.785506966649e-12      -1.160504511291e-11       0.000000000000e+00       4.169710070360e-15       1.662401003913e-16       1.712717388560e-16 
 1069       1.543602246571e-10       3.742668693236e-12      -1.160658348131e-11       0.000000000000e+00       4.154651685184e-15       1.608021881716e-16       1.694102003796e-16 
 1070       1.548268838647e-10       3.699853575370e-12      -1.160471313079e-11       0.000000000000e+00       4.139660755517e-15       1.554745585519e-16       1.675391153183e-16 
 1071       1.552926266004e-10       3.657078201264e-12      -1.159945331321e-11       0.000000000000e+00       4.124736936293e-15       1.502547815336e-16       1.656593693782e-16 
 1072       1.557571266881e-10       3.614359278609e-12      -1.159082353038e-11       0.000000000000e+00       4.109879876188e-15       1.451404050615e-16       1.637718550196e-16 
 1073       1.562200555684e-10       3.571713634846e-12      -1.157884353470e-11       0.000000000000e+00       4.095089217601e-15       1.401289549683e-16       1.618774714726e-16 
 1074       1.566810822936e-10       3.529158217442e-12      -1.156353332985e-11       0.000000000000e+00       4.080364596636e-15       1.352179349203e-16       1.599771247532e-16 
 1075       1.571398735218e-10       3.486710094157e-12      -1.154491317147e-11       0.000000000000e+00       4.065705643083e-15       1.304048263630e-16       1.580717276792e-16 
 1076       1.575960935115e-10       3.444386453327e-12      -1.152300356776e-11       0.000000000000e+00       4.051111980399e-15       1.256870884659e-16       1.561621998856e-16 
 1077       1.580494041163e-10       3.402204604131e-12      -1.149782528022e-11       0.000000000000e+00       4.036583225694e-15       1.210621580684e-16       1.542494678406e-16 
 1078       1.584994647789e-10       3.360181976865e-12      -1.146939932429e-11       0.000000000000e+00       4.022118989708e-15       1.165274496246e-16       1.523344648615e-16 
 1079       1.589459325262e-10       3.318336123220e-12      -1.143774696997e-11       0.000000000000e+00       4.007718876795e-15       1.120803551493e-16       1.504181311302e-16 
 1080       1.593884619634e-10       3.276684716551e-12      -1.140288974256e-11       0.000000000000e+00       3.993382484905e-15       1.077182441627e-16       1.485014137095e-16 
 1081       1.598267052685e-10       3.235245552154e-12      -1.136484942326e-11       0.000000000000e+00       3.979109405565e-15       1.034384636361e-16       1.465852665581e-16 
 1082       1.602603121870e-10       3.194036547537e-12      -1.132364804988e-11       0.000000000000e+00       3.964899223863e-15       9.923833793746e-17       1.446706505473e-16 
 1083       1.606889300263e-10       3.153075742695e-12      -1.127930791747e-11       0.000000000000e+00       3.950751518427e-15       9.511516877611e-17       1.427585334760e-16 
 1084       1.611122036500e-10       3.112381300385e-12      -1.123185157903e-11       0.000000000000e+00       3.936665861407e-15       9.106623514868e-17       1.408498900870e-16 
 1085       1.615297754727e-10       3.071971506396e-12      -1.118130184611e-11       0.000000000000e+00       3.922641818459e-15       8.708879328419e-17       1.389457020828e-16 
 1086       1.619412854544e-10       3.031864769827e-12      -1.112768178953e-11       0.000000000000e+00       3.908678948727e-15       8.318007658947e-17       1.370469581408e-16 
 1087       1.623463710947e-10       2.992079623358e-12      -1.107101474002e-11       0.000000000000e+00       3.894776804821e-15       7.933729559448e-17       1.351546539300e-16 
 1088       1.627446674279e-10       2.952634723524e-12      -1.101132428891e-11       0.000000000000e+00       3.880934932805e-15       7.555763789766e-17       1.332697921259e-16 
 1089       1.631358070168e-10       2.913548850988e-12      -1.094863428874e-11       0.000000000000e+00       3.867152872170e-15       7.183826811131e-17       1.313933824270e-16 
 1090       1.635194199477e-10       2.874840910816e-12      -1.088296885398e-11       0.000000000000e+00       3.853430155827e-15       6.817632780691e-17       1.295264415701e-16 
 1091       1.638951759356e-10       2.836528136078e-12      -1.081435685981e-11       0.000000000000e+00       3.839766361627e-15       6.456975597814e-17       1.276697709521e-16 
 1092       1.642629112681e-10       2.798620671741e-12      -1.074284550305e-11       0.000000000000e+00       3.826161267751e-15       6.101976257250e-17       1.258232862011e-16 
 1093       1.646225035511e-10       2.761126918784e-12      -1.066848692417e-11       0.000000000000e+00       3.812614699368e-15       5.752838797905e-17       1.239866786577e-16 
 1094       1.649738297501e-10       2.724055324379e-12      -1.059133372677e-11       0.000000000000e+00       3.799126477265e-15       5.409768554290e-17       1.221596369480e-16 
 1095       1.653167661895e-10       2.687414381991e-12      -1.051143897862e-11       0.000000000000e+00       3.785696417832e-15       5.072972159321e-17       1.203418469775e-16 
 1096       1.656511885511e-10       2.651212631465e-12      -1.042885621289e-11       0.000000000000e+00       3.772324333049e-15       4.742657547120e-17       1.185329919242e-16 
 1097       1.659769718726e-10       2.615458659120e-12      -1.034363942915e-11       0.000000000000e+00       3.759010030476e-15       4.419033955816e-17       1.167327522319e-16 
 1098       1.662939905471e-10       2.580161097846e-12      -1.025584309459e-11       0.000000000000e+00       3.745753313235e-15       4.102311930337e-17       1.149408056039e-16 
 1099       1.666021183207e-10       2.545328627189e-12      -1.016552214507e-11       0.000000000000e+00       3.732553980003e-15       3.792703325219e-17       1.131568269963e-16 
 1100       1.669012282925e-10       2.510969973451e-12      -1.007273198626e-11       0.000000000000e+00       3.719411824994e-15       3.490421307401e-17       1.113804886110e-16 
 1101       1.671911929121e-10       2.477093909779e-12      -9.977528494782e-12       0.000000000000e+00       3.706326637948e-15       3.195680359023e-17       1.096114598898e-16 
 1102       1.674718839794e-10       2.443709256257e-12      -9.879968019276e-12       0.000000000000e+00       3.693298204119e-15       2.908696280228e-17       1.078494075071e-16 
 1103       1.677431726426e-10       2.410824880001e-12      -9.780107381563e-12       0.000000000000e+00       3.680326304260e-15       2.629686191963e-17       1.060939953638e-16 
 1104       1.680049293972e-10       2.378449695251e-12      -9.678003877745e-12       0.000000000000e+00       3.667410714611e-15       2.358868538775e-17       1.043448845804e-16 
 1105       1.682570240849e-10       2.346592663463e-12      -9.573715279321e-12       0.000000000000e+00       3.654551206889e-15       2.096463091610e-17       1.026017334905e-16 
 1106       1.684993258921e-10       2.315262793403e-12      -9.467299834313e-12       0.000000000000e+00       3.641747548267e-15       1.842690950620e-17       1.008641976342e-16 
 1107       1.687317033486e-10       2.284469141237e-12      -9.358816268374e-12       0.000000000000e+00       3.628999501371e-15       1.597774547951e-17       9.913192975141e-17 
 1108       1.689540243266e-10       2.254220810626e-12      -9.248323785916e-12       0.000000000000e+00       3.616306824259e-15       1.361937650553e-17       9.740457977535e-17 
 1109       1.691661560390e-10       2.224526952821e-12      -9.135882071219e-12       0.000000000000e+00       3.603669270414e-15       1.135405362975e-17       9.568179482588e-17 
 1110       1.693679650387e-10       2.195396766748e-12      -9.021551289554e-12       0.000000000000e+00       3.591086588725e-15       9.184041301624e-18       9.396321920289e-17 
 1111       1.695593172170e-10       2.166839499110e-12      -8.905392088301e-12       0.000000000000e+00       3.578558523482e-15       7.111617402610e-18       9.224849437971e-17 
 1112       1.697400778021e-10       2.138864444472e-12      -8.787465598065e-12       0.000000000000e+00       3.566084814353e-15       5.139073274139e-18       9.053725899651e-17 
 1113       1.699101113584e-10       2.111480945360e-12      -8.667833433792e-12       0.000000000000e+00       3.553665196380e-15       3.268713745617e-18       8.882914885366e-17 
 1114       1.700692817849e-10       2.084698392348e-12      -8.546557695892e-12       0.000000000000e+00       3.541299399962e-15       1.502857162422e-18       8.712379690516e-17 
 1115       1.702174523138e-10       2.058526224155e-12      -8.423700971354e-12       0.000000000000e+00       3.528987150841e-15      -1.561645861055e-19       8.542083325200e-17 
 1116       1.703544855096e-10       2.032973927735e-12      -8.299326334861e-12       0.000000000000e+00       3.516728170093e-15      -1.706006038661e-18       8.371988513556e-17 
 1117       1.704802432675e-10       2.008051038372e-12      -8.173497349914e-12       0.000000000000e+00       3.504522174110e-15      -3.144308133984e-18       8.202057693104e-17 
 1118       1.705945868125e-10       1.983767139771e-12      -8.046278069945e-12       0.000000000000e+00       3.492368874590e-15      -4.468698182863e-18       8.032253014077e-17 
 1119       1.706973766976e-10       1.960131864150e-12      -7.917733039437e-12       0.000000000000e+00       3.480267978527e-15      -5.676789840137e-18       7.862536338770e-17 
 1120       1.707884728031e-10       1.937154892335e-12      -7.787927295040e-12       0.000000000000e+00       3.468219188189e-15      -6.766183076705e-18       7.692869240871e-17 
 1121       1.708677343350e-10       1.914845953852e-12      -7.656926366693e-12       0.000000000000e+00       3.456222201116e-15      -7.734464151523e-18       7.523213004806e-17 
 1122       1.709350198238e-10       1.893214827018e-12      -7.524796278736e-12       0.000000000000e+00       3.444276710099e-15      -8.579205583618e-18       7.353528625073e-17 
 1123       1.709901871232e-10       1.872271339036e-12      -7.391603551033e-12       0.000000000000e+00       3.432382403170e-15      -9.297966124083e-18       7.183776805586e-17 
 1124       1.710330934090e-10       1.852025366086e-12      -7.257415200086e-12       0.000000000000e+00       3.420538963589e-15      -9.888290728088e-18       7.013917959011e-17 
 1125       1.710635951777e-10       1.832486833418e-12      -7.122298740157e-12       0.000000000000e+00       3.408746069831e-15      -1.034771052688e-17       6.843912206109e-17 
 1126       1.710815482452e-10       1.813665715446e-12      -6.986322184380e-12       0.000000000000e+00       3.397003395573e-15      -1.067374279980e-17       6.673719375068e-17 
 1127       1.710868077455e-10       1.795572035839e-12      -6.849554045886e-12       0.000000000000e+00       3.385310609682e-15      -1.086389094627e-17       6.503299000851e-17 
 1128       1.710792281297e-10       1.778215867615e-12      -6.712063338915e-12       0.000000000000e+00       3.373667376199e-15      -1.091564445780e-17       6.332610324529e-17 
 1129       1.710586631646e-10       1.761607333232e-12      -6.573919579935e-12       0.000000000000e+00       3.362073354328e-15      -1.082647889000e-17       6.161612292622e-17 
 1130       1.710249659311e-10       1.745756604684e-12      -6.435192788765e-12       0.000000000000e+00       3.350528198426e-15      -1.059385583459e-17       5.990263556439e-17 
 1131       1.709780271403e-10       1.730671808829e-12      -6.295950457721e-12       0.000000000000e+00       3.339031591493e-15      -1.021618096907e-17       5.818535901332e-17 
 1132       1.709178906241e-10       1.716352713573e-12      -6.156248413967e-12       0.000000000000e+00       3.327583346176e-15      -9.695691815505e-18       5.646454725762e-17 
 1133       1.708446393343e-10       1.702796960293e-12      -6.016139841318e-12       0.000000000000e+00       3.316183305045e-15      -9.035607238850e-18       5.474059083955e-17 
 1134       1.707583571629e-10       1.690002151092e-12      -5.875678302334e-12       0.000000000000e+00       3.304831307197e-15      -8.239172815026e-18       5.301388304009e-17 
 1135       1.706591289451e-10       1.677965848698e-12      -5.734917739154e-12       0.000000000000e+00       3.293527188241e-15      -7.309660892720e-18       5.128481988499e-17 
 1136       1.705470404611e-10       1.666685576358e-12      -5.593912474323e-12       0.000000000000e+00       3.282270780296e-15      -6.250370655186e-18       4.955380015076e-17 
 1137       1.704221784385e-10       1.656158817735e-12      -5.452717211633e-12       0.000000000000e+00       3.271061911972e-15      -5.064628182051e-18       4.782122537058e-17 
 1138       1.702846305550e-10       1.646383016808e-12      -5.311387036953e-12       0.000000000000e+00       3.259900408366e-15      -3.755786511120e-18       4.608749984034e-17 
 1139       1.701344854403e-10       1.637355577763e-12      -5.169977419064e-12       0.000000000000e+00       3.248786091052e-15      -2.327225700176e-18       4.435303062460e-17 
 1140       1.699718326786e-10       1.629073864890e-12      -5.028544210490e-12       0.000000000000e+00       3.237718778068e-15      -7.823528887866e-19       4.261822756259e-17 
 1141       1.697967628110e-10       1.621535202484e-12      -4.887143648335e-12       0.000000000000e+00       3.226698283909e-15       8.753976398913e-19       4.088350327413e-17 
 1142       1.696093673376e-10       1.614736874737e-12      -4.745832355116e-12       0.000000000000e+00       3.215724419515e-15       2.642564397310e-18       3.914927316569e-17 
 1143       1.694097387201e-10       1.608676125635e-12      -4.604667339595e-12       0.000000000000e+00       3.204796992265e-15       4.515658627727e-18       3.741595543632e-17 
 1144       1.691979703839e-10       1.603350158856e-12      -4.463705997615e-12       0.000000000000e+00       3.193915805962e-15       6.491164246400e-18       3.568397108361e-17 
 1145       1.689741567204e-10       1.598756137666e-12      -4.323006112930e-12       0.000000000000e+00       3.183080660827e-15       8.565537777782e-18       3.395374390975e-17 
 1146       1.687383930898e-10       1.594891184812e-12      -4.182625858043e-12       0.000000000000e+00       3.172291353488e-15       1.073520829372e-17       3.222570052741e-17 
 1147       1.684907758227e-10       1.591752382425e-12      -4.042623795039e-12       0.000000000000e+00       3.161547676970e-15       1.299657735165e-17       3.050027036581e-17 
 1148       1.682314022231e-10       1.589336771909e-12      -3.903058876413e-12       0.000000000000e+00       3.150849420684e-15       1.534601893280e-17       2.877788567664e-17 
 1149       1.679603705701e-10       1.587641353843e-12      -3.763990445913e-12       0.000000000000e+00       3.140196370421e-15       1.777987938037e-17       2.705898154006e-17 
 1150       1.676777801207e-10       1.586663087873e-12      -3.625478239366e-12       0.000000000000e+00       3.129588308337e-15       2.029447733774e-17       2.534399587067e-17 
 1151       1.673837311121e-10       1.586398892613e-12      -3.487582385515e-12       0.000000000000e+00       3.119025012949e-15       2.288610368666e-17       2.363336942351e-17 
 1152       1.670783247636e-10       1.586845645537e-12      -3.350363406851e-12       0.000000000000e+00       3.108506259118e-15       2.555102148546e-17       2.192754580003e-17 
 1153       1.667616632796e-10       1.588000182878e-12      -3.213882220451e-12       0.000000000000e+00       3.098031818046e-15       2.828546590723e-17       2.022697145405e-17 
 1154       1.664338498512e-10       1.589859299525e-12      -3.078200138804e-12       0.000000000000e+00       3.087601457263e-15       3.108564417803e-17       1.853209569777e-17 
 1155       1.660949886591e-10       1.592419748914e-12      -2.943378870653e-12       0.000000000000e+00       3.077214940617e-15       3.394773551506e-17       1.684337070775e-17 
 1156       1.657451848755e-10       1.595678242933e-12      -2.809480521823e-12       0.000000000000e+00       3.066872028265e-15       3.686789106490e-17       1.516125153085e-17 
 1157       1.653845446668e-10       1.599631451810e-12      -2.676567596056e-12       0.000000000000e+00       3.056572476663e-15       3.984223384165e-17       1.348619609024e-17 
 1158       1.650131751956e-10       1.604276004015e-12      -2.544702995847e-12       0.000000000000e+00       3.046316038555e-15       4.286685866520e-17       1.181866519140e-17 
 1159       1.646311846234e-10       1.609608486154e-12      -2.413950023274e-12       0.000000000000e+00       3.036102462967e-15       4.593783209934e-17       1.015912252804e-17 
 1160       1.642386821125e-10       1.615625442865e-12      -2.284372380834e-12       0.000000000000e+00       3.025931495191e-15       4.905119239002e-17       8.508034688153e-18 
 1161       1.638357778286e-10       1.622323376716e-12      -2.156034172276e-12       0.000000000000e+00       3.015802876781e-15       5.220294940353e-17       6.865871159926e-18 
 1162       1.634225829430e-10       1.629698748100e-12      -2.028999903436e-12       0.000000000000e+00       3.005716345540e-15       5.538908456469e-17       5.233104337767e-18 
 1163       1.629992096350e-10       1.637747975132e-12      -1.903334483069e-12       0.000000000000e+00       2.995671635511e-15       5.860555079502e-17       3.610209528262e-18 
 1164       1.625657710943e-10       1.646467433545e-12      -1.779103223681e-12       0.000000000000e+00       2.985668476967e-15       6.184827245101e-17       1.997664956164e-18 
 1165       1.621223815232e-10       1.655853456587e-12      -1.656371842368e-12       0.000000000000e+00       2.975706596401e-15       6.511314526224e-17       3.959517703693e-19 
 1166       1.616691561388e-10       1.665902334915e-12      -1.535206461646e-12       0.000000000000e+00       2.965785716517e-15       6.839603626962e-17      -1.194445950103e-18 
 1167       1.612062111755e-10       1.676610316496e-12      -1.415673610282e-12       0.000000000000e+00       2.955905556221e-15       7.169278376356e-17      -2.773041190132e-18 
 1168       1.607336638877e-10       1.687973606498e-12      -1.297840224135e-12       0.000000000000e+00       2.946065830607e-15       7.499919722219e-17      -4.339343992510e-18 
 1169       1.602516325512e-10       1.699988367192e-12      -1.181773646984e-12       0.000000000000e+00       2.936266250952e-15       7.831105724953e-17      -5.892861451971e-18 
 1170       1.597602364663e-10       1.712650717842e-12      -1.067541631362e-12       0.000000000000e+00       2.926506524704e-15       8.162411551373e-17      -7.433097709204e-18 
 1171       1.592596094002e-10       1.725955614661e-12      -9.552045075186e-13       0.000000000000e+00       2.916786385866e-15       8.493477245805e-17      -8.959646872444e-18 
 1172       1.587499400932e-10       1.739893475568e-12      -8.447915816210e-13       0.000000000000e+00       2.907105686583e-15       8.824211981839e-17      -1.047247306391e-17 
 1173       1.582314322630e-10       1.754453513094e-12      -7.363244446299e-13       0.000000000000e+00       2.897464306681e-15       9.154592347595e-17      -1.197163385679e-17 
 1174       1.577042912131e-10       1.769624850310e-12      -6.298247776044e-13       0.000000000000e+00       2.887862123365e-15       9.484594799413e-17      -1.345718766684e-17 
 1175       1.571687238366e-10       1.785396520621e-12      -5.253143518502e-13       0.000000000000e+00       2.878299011215e-15       9.814195661594e-17      -1.492919375455e-17 
 1176       1.566249386200e-10       1.801757467567e-12      -4.228150290687e-13       0.000000000000e+00       2.868774842180e-15       1.014337112615e-16      -1.638771222724e-17 
 1177       1.560731456462e-10       1.818696544621e-12      -3.223487615059e-13       0.000000000000e+00       2.859289485567e-15       1.047209725255e-16      -1.783280404127e-17 
 1178       1.555135565985e-10       1.836202514987e-12      -2.239375921014e-13       0.000000000000e+00       2.849842808036e-15       1.080034996745e-16      -1.926453100415e-17 
 1179       1.549463847634e-10       1.854264051397e-12      -1.276036546367e-13       0.000000000000e+00       2.840434673593e-15       1.112810506448e-16      -2.068295577667e-17 
 1180       1.543718450349e-10       1.872869735914e-12      -3.336917388498e-14       0.000000000000e+00       2.831064943584e-15       1.145533820394e-16      -2.208814187508e-17 
 1181       1.537901539176e-10       1.892008059724e-12       5.874353424085e-14       0.000000000000e+00       2.821733476685e-15       1.178202491257e-16      -2.348015367323e-17 
 1182       1.532015295301e-10       1.911667422941e-12       1.487120625388e-13       0.000000000000e+00       2.812440128895e-15       1.210814058330e-16      -2.485905640469e-17 
 1183       1.526061916087e-10       1.931836134399e-12       2.365139123691e-13       0.000000000000e+00       2.803184753531e-15       1.243366047499e-16      -2.622491616491e-17 
 1184       1.520043615108e-10       1.952502411458e-12       3.221264935052e-13       0.000000000000e+00       2.793967201222e-15       1.275855971218e-16      -2.757779991339e-17 
 1185       1.513962622185e-10       1.973654379793e-12       4.055271239852e-13       0.000000000000e+00       2.784787319897e-15       1.308281328482e-16      -2.891777547578e-17 
 1186       1.507821183421e-10       1.995280073202e-12       4.866930299624e-13       0.000000000000e+00       2.775644954781e-15       1.340639604804e-16      -3.024491154606e-17 
 1187       1.501621561233e-10       2.017367433398e-12       5.656013455573e-13       0.000000000000e+00       2.766539948388e-15       1.372928272189e-16      -3.155927768868e-17 
 1188       1.495366034392e-10       2.039904309809e-12       6.422291127076e-13       0.000000000000e+00       2.757472140513e-15       1.405144789105e-16      -3.286094434070e-17 
 1189       1.489056898055e-10       2.062878459379e-12       7.165532810205e-13       0.000000000000e+00       2.748441368226e-15       1.437286600463e-16      -3.414998281392e-17 
 1190       1.482696463799e-10       2.086277546361e-12       7.885507076229e-13       0.000000000000e+00       2.739447465861e-15       1.469351137589e-16      -3.542646529706e-17 
 1191       1.476287059658e-10       2.110089142121e-12       8.581981570129e-13       0.000000000000e+00       2.730490265016e-15       1.501335818199e-16      -3.669046485788e-17 
 1192       1.469831030158e-10       2.134300724935e-12       9.254723009111e-13       0.000000000000e+00       2.721569594537e-15       1.533238046371e-16      -3.794205544533e-17 
 1193       1.463330736352e-10       2.158899679784e-12       9.903497181114e-13       0.000000000000e+00       2.712685280518e-15       1.565055212524e-16      -3.918131189171e-17 
 1194       1.456788555853e-10       2.183873298157e-12       1.052806894332e-12       0.000000000000e+00       2.703837146292e-15       1.596784693391e-16      -4.040830991479e-17 
 1195       1.450206882871e-10       2.209208777847e-12       1.112820222068e-12       0.000000000000e+00       2.695025012421e-15       1.628423851991e-16      -4.162312611997e-17 
 1196       1.443588128248e-10       2.234893222749e-12       1.170366000439e-12       0.000000000000e+00       2.686248696692e-15       1.659970037608e-16      -4.282583800245e-17 
 1197       1.436934719492e-10       2.260913642661e-12       1.225420435046e-12       0.000000000000e+00       2.677508014108e-15       1.691420585760e-16      -4.401652394932e-17 
 1198       1.430249100813e-10       2.287256953079e-12       1.277959637814e-12       0.000000000000e+00       2.668802776882e-15       1.722772818181e-16      -4.519526324176e-17 
 1199       1.423533733158e-10       2.313909974998e-12       1.327959626854e-12       0.000000000000e+00       2.660132794431e-15       1.754024042789e-16      -4.636213605715e-17 
 1200       1.416791094243e-10       2.340859434710e-12       1.375396326304e-12       0.000000000000e+00       2.651497873364e-15       1.785171553662e-16      -4.751722347123e-17 
 1201       1.410023678592e-10       2.368091963602e-12       1.420245566186e-12       0.000000000000e+00       2.642897817480e-15       1.816212631015e-16      -4.866060746024e-17 
 1202       1.403233997573e-10       2.395594097954e-12       1.462483082256e-12       0.000000000000e+00       2.634332427759e-15       1.847144541175e-16      -4.979237090308e-17 
 1203       1.396424579427e-10       2.423352278738e-12       1.502084515853e-12       0.000000000000e+00       2.625801502354e-15       1.877964536551e-16      -5.091259758344e-17 
 1204       1.389597969308e-10       2.451352851415e-12       1.539025413754e-12       0.000000000000e+00       2.617304836586e-15       1.908669855611e-16      -5.202137219196e-17 
 1205       1.382756729317e-10       2.479582065739e-12       1.573281228022e-12       0.000000000000e+00       2.608842222933e-15       1.939257722860e-16      -5.311878032834e-17 
 1206       1.375903438535e-10       2.508026075546e-12       1.604827315858e-12       0.000000000000e+00       2.600413451028e-15       1.969725348810e-16      -5.420490850353e-17 
 1207       1.369040693062e-10       2.536670938561e-12       1.633638939452e-12       0.000000000000e+00       2.592018307647e-15       2.000069929954e-16      -5.527984414187e-17 
 1208       1.362171106047e-10       2.565502616192e-12       1.659691265833e-12       0.000000000000e+00       2.583656576705e-15       2.030288648746e-16      -5.634367558320e-17 
 1209       1.355297307727e-10       2.594506973330e-12       1.682959366725e-12       0.000000000000e+00       2.575328039247e-15       2.060378673571e-16      -5.739649208505e-17 
 1210       1.348421945462e-10       2.623669778146e-12       1.703418218392e-12       0.000000000000e+00       2.567032473442e-15       2.090337158721e-16      -5.843838382473e-17 
 1211       1.341547535608e-10       2.652977135149e-12       1.721050109837e-12       0.000000000000e+00       2.558769676031e-15       2.120164615697e-16      -5.946940023267e-17 
 1212       1.334676017123e-10       2.682416790473e-12       1.735866965570e-12       0.000000000000e+00       2.550539526969e-15       2.149875071713e-16      -6.048942443730e-17 
 1213       1.327809192647e-10       2.711976841948e-12       1.747888291989e-12       0.000000000000e+00       2.542341925549e-15       2.179486033756e-16      -6.149829730893e-17 
 1214       1.320948876190e-10       2.741645307097e-12       1.757133793927e-12       0.000000000000e+00       2.534176769012e-15       2.209015128636e-16      -6.249585898986e-17 
 1215       1.314096893158e-10       2.771410122975e-12       1.763623375112e-12       0.000000000000e+00       2.526043952540e-15       2.238480103229e-16      -6.348194889315e-17 
 1216       1.307255080376e-10       2.801259146003e-12       1.767377138621e-12       0.000000000000e+00       2.517943369254e-15       2.267898824732e-16      -6.445640570136e-17 
 1217       1.300425286108e-10       2.831180151800e-12       1.768415387342e-12       0.000000000000e+00       2.509874910205e-15       2.297289280913e-16      -6.541906736525e-17 
 1218       1.293609370083e-10       2.861160835016e-12       1.766758624424e-12       0.000000000000e+00       2.501838464371e-15       2.326669580360e-16      -6.636977110258e-17 
 1219       1.286809203516e-10       2.891188809170e-12       1.762427553739e-12       0.000000000000e+00       2.493833918651e-15       2.356057952730e-16      -6.730835339680e-17 
 1220       1.280026669133e-10       2.921251606480e-12       1.755443080337e-12       0.000000000000e+00       2.485861157859e-15       2.385472749002e-16      -6.823464999580e-17 
 1221       1.273263661190e-10       2.951336677697e-12       1.745826310902e-12       0.000000000000e+00       2.477920064717e-15       2.414932441726e-16      -6.914849591066e-17 
 1222       1.266522085500e-10       2.981431391942e-12       1.733598554211e-12       0.000000000000e+00       2.470010519856e-15       2.444455625273e-16      -7.004972541439e-17 
 1223       1.259803859455e-10       3.011523036536e-12       1.718781321589e-12       0.000000000000e+00       2.462132401802e-15       2.474061016084e-16      -7.093817204066e-17 
 1224       1.253110912046e-10       3.041598816838e-12       1.701396327366e-12       0.000000000000e+00       2.454285586976e-15       2.503767452923e-16      -7.181366858252e-17 
 1225       1.246445183890e-10       3.071645856073e-12       1.681465489334e-12       0.000000000000e+00       2.446469949689e-15       2.533593897125e-16      -7.267604709118e-17 
 1226       1.239808627250e-10       3.101651195172e-12       1.659010929205e-12       0.000000000000e+00       2.438685362131e-15       2.563559432849e-16      -7.352513887473e-17 
 1227       1.233203206059e-10       3.131601792603e-12       1.634054973066e-12       0.000000000000e+00       2.430931694374e-15       2.593683267324e-16      -7.436077449685e-17 
 1228       1.226630895944e-10       3.161484524205e-12       1.606620151837e-12       0.000000000000e+00       2.423208814359e-15       2.623984731102e-16      -7.518278377562e-17 
 1229       1.220093684244e-10       3.191286183020e-12       1.576729201727e-12       0.000000000000e+00       2.415516587894e-15       2.654483278308e-16      -7.599099578217e-17 
 1230       1.213593570041e-10       3.220993479132e-12       1.544405064692e-12       0.000000000000e+00       2.407854878650e-15       2.685198486890e-16      -7.678523883949e-17 
 1231       1.207132564175e-10       3.250593039495e-12       1.509670888891e-12       0.000000000000e+00       2.400223548152e-15       2.716150058869e-16      -7.756534052114e-17 
 1232       1.200712689273e-10       3.280071407770e-12       1.472550029143e-12       0.000000000000e+00       2.392622455776e-15       2.747357820590e-16      -7.833112764997e-17 
 1233       1.194335979767e-10       3.309415044159e-12       1.433066047382e-12       0.000000000000e+00       2.385051458743e-15       2.778841722970e-16      -7.908242629692e-17 
 1234       1.188004481920e-10       3.338610325239e-12       1.391242713119e-12       0.000000000000e+00       2.377510412114e-15       2.810621841751e-16      -7.981906177967e-17 
 1235       1.181720253849e-10       3.367643543794e-12       1.347104003892e-12       0.000000000000e+00       2.369999168784e-15       2.842718377750e-16      -8.054085866146e-17 
 1236       1.175485365545e-10       3.396500908648e-12       1.300674105729e-12       0.000000000000e+00       2.362517579477e-15       2.875151657106e-16      -8.124764074980e-17 
 1237       1.169301898899e-10       3.425168544505e-12       1.251977413600e-12       0.000000000000e+00       2.355065492739e-15       2.907942131533e-16      -8.193923109518e-17 
 1238       1.163171947725e-10       3.453632491775e-12       1.201038531877e-12       0.000000000000e+00       2.347642754935e-15       2.941110378572e-16      -8.261545198986e-17 
 1239       1.157097617777e-10       3.481878706413e-12       1.147882274789e-12       0.000000000000e+00       2.340249210243e-15       2.974677101837e-16      -8.327612496656e-17 
 1240       1.151081026783e-10       3.509893059751e-12       1.092533666880e-12       0.000000000000e+00       2.332884700648e-15       3.008663131266e-16      -8.392107079723e-17 
 1241       1.145124304455e-10       3.537661338333e-12       1.035017943465e-12       0.000000000000e+00       2.325549065936e-15       3.043089423376e-16      -8.455010949180e-17 
 1242       1.139229592523e-10       3.565169243746e-12       9.753605510876e-13       0.000000000000e+00       2.318242143690e-15       3.077977061505e-16      -8.516306029686e-17 
 1243       1.133399044752e-10       3.592402392458e-12       9.135871479765e-13       0.000000000000e+00       2.310963769284e-15       3.113347256072e-16      -8.575974169448e-17 
 1244       1.127634826963e-10       3.619346315650e-12       8.497236045015e-13       0.000000000000e+00       2.303713775876e-15       3.149221344817e-16      -8.633997140088e-17 
 1245       1.121939117064e-10       3.645986459046e-12       7.837960036316e-13       0.000000000000e+00       2.296491994405e-15       3.185620793060e-16      -8.690356636520e-17 
 1246       1.116314105064e-10       3.672308182755e-12       7.158306413910e-13       0.000000000000e+00       2.289298253587e-15       3.222567193945e-16      -8.745034276824e-17 
 1247       1.110761993101e-10       3.698296761098e-12       6.458540273162e-13       0.000000000000e+00       2.282132379903e-15       3.260082268696e-16      -8.798011602119e-17 
 1248       1.105284995464e-10       3.723937382444e-12       5.738928849130e-13       0.000000000000e+00       2.274994197602e-15       3.298187866859e-16      -8.849270076439e-17 
 1249       1.099885338616e-10       3.749215149044e-12       4.999741521129e-13       0.000000000000e+00       2.267883528688e-15       3.336905966562e-16      -8.898791086601e-17 
 1250       1.094565261216e-10       3.774115076866e-12       4.241249817302e-13       0.000000000000e+00       2.260800192920e-15       3.376258674758e-16      -8.946555942088e-17 
 1251       1.089326719672e-10       3.798623675504e-12       3.463754230466e-13       0.000000000000e+00       2.253744024575e-15       3.416257565012e-16      -8.992554396895e-17 
 1252       1.084170500997e-10       3.822733708445e-12       2.667664999425e-13       0.000000000000e+00       2.246714922973e-15       3.456871553983e-16      -9.036810324343e-17 
 1253       1.079097099632e-10       3.846439488100e-12       1.853422280720e-13       0.000000000000e+00       2.239712802532e-15       3.498058650054e-16      -9.079356342047e-17 
 1254       1.074107010977e-10       3.869735300729e-12       1.021469429596e-13       0.000000000000e+00       2.232737576046e-15       3.539776581184e-16      -9.120225317671e-17 
 1255       1.069200731389e-10       3.892615406391e-12       1.722530066303e-14       0.000000000000e+00       2.225789154683e-15       3.581982794337e-16      -9.159450369463e-17 
 1256       1.064378758185e-10       3.915074038903e-12      -6.937772156514e-14       0.000000000000e+00       2.218867447979e-15       3.624634454915e-16      -9.197064866775e-17 
 1257       1.059641589639e-10       3.937105405795e-12      -1.576168246149e-13       0.000000000000e+00       2.211972363833e-15       3.667688446197e-16      -9.233102430592e-17 
 1258       1.054989724986e-10       3.958703688262e-12      -2.474463868566e-13       0.000000000000e+00       2.205103808505e-15       3.711101368766e-16      -9.267596934063e-17 
 1259       1.050423664420e-10       3.979863041122e-12      -3.388204634788e-13       0.000000000000e+00       2.198261686613e-15       3.754829539945e-16      -9.300582503019e-17 
 1260       1.045943909094e-10       4.000577592771e-12      -4.316927858260e-13       0.000000000000e+00       2.191445901123e-15       3.798828993231e-16      -9.332093516510e-17 
 1261       1.041550961122e-10       4.020841445132e-12      -5.260167607365e-13       0.000000000000e+00       2.184656353353e-15       3.843055477725e-16      -9.362164607322e-17 
 1262       1.037245323580e-10       4.040648673620e-12      -6.217454698798e-13       0.000000000000e+00       2.177892942961e-15       3.887464457571e-16      -9.390830662513e-17 
 1263       1.033027500503e-10       4.059993327088e-12      -7.188316690948e-13       0.000000000000e+00       2.171155567948e-15       3.932011111384e-16      -9.418126823932e-17 
 1264       1.028897996887e-10       4.078869427786e-12      -8.172277877273e-13       0.000000000000e+00       2.164444124648e-15       3.976650331684e-16      -9.444088488751e-17 
 1265       1.024857318690e-10       4.097270971316e-12      -9.168859279679e-13       0.000000000000e+00       2.157758507727e-15       4.021336724335e-16      -9.468751309989e-17 
 1266       1.020905972834e-10       4.115191926585e-12      -1.017757864190e-12       0.000000000000e+00       2.151098610178e-15       4.066024607968e-16      -9.492151197040e-17 
 1267       1.017044467200e-10       4.132626235762e-12      -1.119795042286e-12       0.000000000000e+00       2.144464323318e-15       4.110668013426e-16      -9.514324316199e-17 
 1268       1.013273310634e-10       4.149567814231e-12      -1.222948579008e-12       0.000000000000e+00       2.137855536782e-15       4.155220683187e-16      -9.535307091192e-17 
 1269       1.009593012943e-10       4.166010550549e-12      -1.327169261302e-12       0.000000000000e+00       2.131272138520e-15       4.199636070805e-16      -9.555136203696e-17 
 1270       1.006004084899e-10       4.181948306395e-12      -1.432407545650e-12       0.000000000000e+00       2.124714014792e-15       4.243867340338e-16      -9.573848593872e-17 
 1271       1.002507038237e-10       4.197374916533e-12      -1.538613557404e-12       0.000000000000e+00       2.118181050167e-15       4.287867365784e-16      -9.591481460892e-17 
 1272       9.991023856558e-11       4.212284188759e-12      -1.645737090123e-12       0.000000000000e+00       2.111673127514e-15       4.331588730515e-16      -9.608072263460e-17 
 1273       9.957906408179e-11       4.226669903862e-12      -1.753727604917e-12       0.000000000000e+00       2.105190128002e-15       4.374983726708e-16      -9.623658720344e-17 
 1274       9.925723183512e-11       4.240525815576e-12      -1.862534229777e-12       0.000000000000e+00       2.098731931092e-15       4.418004354779e-16      -9.638278810901e-17 
 1275       9.894479338483e-11       4.253845650535e-12      -1.972105758918e-12       0.000000000000e+00       2.092298414536e-15       4.460602322817e-16      -9.651970775604e-17 
 1276       9.864180038671e-11       4.266623108227e-12      -2.082390652115e-12       0.000000000000e+00       2.085889454374e-15       4.502729046017e-16      -9.664773116568e-17 
 1277       9.834830459308e-11       4.278851860952e-12      -2.193337034040e-12       0.000000000000e+00       2.079504924925e-15       4.544335646114e-16      -9.676724598080e-17 
 1278       9.806435785290e-11       4.290525553775e-12      -2.304892693602e-12       0.000000000000e+00       2.073144698787e-15       4.585372950815e-16      -9.687864247121e-17 
 1279       9.779001211171e-11       4.301637804481e-12      -2.417005083282e-12       0.000000000000e+00       2.066808646832e-15       4.625791493232e-16      -9.698231353895e-17 
 1280       9.752531941176e-11       4.312182203528e-12      -2.529621318473e-12       0.000000000000e+00       2.060496638201e-15       4.665541511319e-16      -9.707865472359e-17 
 1281       9.727033189194e-11       4.322152314007e-12      -2.642688176816e-12       0.000000000000e+00       2.054208540298e-15       4.704572947299e-16      -9.716806420743e-17 
 1282       9.702510178792e-11       4.331541671590e-12      -2.756152097541e-12       0.000000000000e+00       2.047944218793e-15       4.742835447103e-16      -9.725094282083e-17 
 1283       9.678968143208e-11       4.340343784493e-12      -2.869959180799e-12       0.000000000000e+00       2.041703537609e-15       4.780278359802e-16      -9.732769404745e-17 
 1284       9.656412325363e-11       4.348552133423e-12      -2.984055187006e-12       0.000000000000e+00       2.035486358923e-15       4.816850737036e-16      -9.739872402952e-17 
 1285       9.634847977861e-11       4.356160171539e-12      -3.098385536175e-12       0.000000000000e+00       2.029292543163e-15       4.852501332454e-16      -9.746444157311e-17 
 1286       9.614280362988e-11       4.363161324402e-12      -3.212895307261e-12       0.000000000000e+00       2.023121948997e-15       4.887178601142e-16      -9.752525815339e-17 
 1287       9.594714752724e-11       4.369548989934e-12      -3.327529237490e-12       0.000000000000e+00       2.016974433339e-15       4.920830699061e-16      -9.758158791993e-17 
 1288       9.576156428740e-11       4.375316538372e-12      -3.442231721704e-12       0.000000000000e+00       2.010849851336e-15       4.953405482475e-16      -9.763384770192e-17 
 1289       9.558610682403e-11       4.380457312219e-12      -3.556946811695e-12       0.000000000000e+00       2.004748056367e-15       4.984850507389e-16      -9.768245701348e-17 
 1290       9.542082814780e-11       4.384964626206e-12      -3.671618215544e-12       0.000000000000e+00       1.998668900042e-15       5.015113028977e-16      -9.772783805889e-17 
 1291       9.526575698903e-11       4.388833444906e-12      -3.786192319141e-12       0.000000000000e+00       1.992612246509e-15       5.044155205528e-16      -9.777029309914e-17 
 1292       9.512082436349e-11       4.392065436488e-12      -3.900627289524e-12       0.000000000000e+00       1.986578015575e-15       5.071999899819e-16      -9.780963502091e-17 
 1293       9.498593617506e-11       4.394663976105e-12      -4.014884073317e-12       0.000000000000e+00       1.980566140070e-15       5.098685395299e-16      -9.784555259439e-17 
 1294       9.486099751592e-11       4.396632473502e-12      -4.128923383454e-12       0.000000000000e+00       1.974576551567e-15       5.124250239166e-16      -9.787773272885e-17 
 1295       9.474591266486e-11       4.397974373089e-12      -4.242705698735e-12       0.000000000000e+00       1.968609180384e-15       5.148733242892e-16      -9.790586046918e-17 
 1296       9.464058508553e-11       4.398693154014e-12      -4.356191263379e-12       0.000000000000e+00       1.962663955574e-15       5.172173482749e-16      -9.792961899227e-17 
 1297       9.454491742471e-11       4.398792330243e-12      -4.469340086584e-12       0.000000000000e+00       1.956740804930e-15       5.194610300342e-16      -9.794868960347e-17 
 1298       9.445881151065e-11       4.398275450634e-12      -4.582111942076e-12       0.000000000000e+00       1.950839654977e-15       5.216083303129e-16      -9.796275173307e-17 
 1299       9.438216835127e-11       4.397146099009e-12      -4.694466367668e-12       0.000000000000e+00       1.944960430968e-15       5.236632364954e-16      -9.797148293268e-17 
 1300       9.431488813251e-11       4.395407894237e-12      -4.806362664816e-12       0.000000000000e+00       1.939103056885e-15       5.256297626570e-16      -9.797455887175e-17 
 1301       9.425687021656e-11       4.393064490302e-12      -4.917759898171e-12       0.000000000000e+00       1.933267455434e-15       5.275119496170e-16      -9.797165333394e-17 
 1302       9.420801314017e-11       4.390119576385e-12      -5.028616895138e-12       0.000000000000e+00       1.927453548039e-15       5.293138649910e-16      -9.796243821363e-17 
 1303       9.416821461291e-11       4.386576876934e-12      -5.138892245426e-12       0.000000000000e+00       1.921661254844e-15       5.310396032440e-16      -9.794658351233e-17 
 1304       9.413737151547e-11       4.382440151743e-12      -5.248544300609e-12       0.000000000000e+00       1.915890494706e-15       5.326932857427e-16      -9.792375733512e-17 
 1305       9.411537989791e-11       4.377713196028e-12      -5.357531173677e-12       0.000000000000e+00       1.910141185195e-15       5.342790608089e-16      -9.789362588712e-17 
 1306       9.410213497796e-11       4.372399840501e-12      -5.465810738592e-12       0.000000000000e+00       1.904413242588e-15       5.358011037712e-16      -9.785585346991e-17 
 1307       9.409753113933e-11       4.366503951445e-12      -5.573340629846e-12       0.000000000000e+00       1.898706581867e-15       5.372636170189e-16      -9.781010247799e-17 
 1308       9.410146192990e-11       4.360029430792e-12      -5.680078242011e-12       0.000000000000e+00       1.893021116716e-15       5.386708300536e-16      -9.775603339524e-17 
 1309       9.411382006011e-11       4.352980216197e-12      -5.785980729301e-12       0.000000000000e+00       1.887356759519e-15       5.400269995429e-16      -9.769330479131e-17 
 1310       9.413449740115e-11       4.345360281113e-12      -5.891005005120e-12       0.000000000000e+00       1.881713421356e-15       5.413364093722e-16      -9.762157331814e-17 
 1311       9.416338498330e-11       4.337173634868e-12      -5.995107741621e-12       0.000000000000e+00       1.876091011997e-15       5.426033706982e-16      -9.754049370634e-17 
 1312       9.420037299416e-11       4.328424322742e-12      -6.098245369263e-12       0.000000000000e+00       1.870489439906e-15       5.438322220012e-16      -9.744971876167e-17 
 1313       9.424535077698e-11       4.319116426039e-12      -6.200374076361e-12       0.000000000000e+00       1.864908612229e-15       5.450273291378e-16      -9.734889936147e-17 
 1314       9.429820682891e-11       4.309254062163e-12      -6.301449808647e-12       0.000000000000e+00       1.859348434799e-15       5.461930853939e-16      -9.723768445112e-17 
 1315       9.435882879926e-11       4.298841384697e-12      -6.401428268819e-12       0.000000000000e+00       1.853808812129e-15       5.473339115371e-16      -9.711572104048e-17 
 1316       9.442710348785e-11       4.287882583478e-12      -6.500264916103e-12       0.000000000000e+00       1.848289647407e-15       5.484542558696e-16      -9.698265420032e-17 
 1317       9.450291684319e-11       4.276381884667e-12      -6.597914965802e-12       0.000000000000e+00       1.842790842497e-15       5.495585942809e-16      -9.683812705877e-17 
 1318       9.458615396086e-11       4.264343550832e-12      -6.694333388855e-12       0.000000000000e+00       1.837312297934e-15       5.506514303005e-16      -9.668178079780e-17 
 1319       9.467669908171e-11       4.251771881019e-12      -6.789474911390e-12       0.000000000000e+00       1.831853912920e-15       5.517372951505e-16      -9.651325464960e-17 
 1320       9.477443559020e-11       4.238671210831e-12      -6.883294014282e-12       0.000000000000e+00       1.826415585324e-15       5.528207477986e-16      -9.633218589309e-17 
 1321       9.487924601264e-11       4.225045912500e-12      -6.975744932705e-12       0.000000000000e+00       1.820997211675e-15       5.539063750105e-16      -9.613820985031e-17 
 1322       9.499101201547e-11       4.210900394963e-12      -7.066781655690e-12       0.000000000000e+00       1.815598687160e-15       5.549987914029e-16      -9.593095988292e-17 
 1323       9.510961440357e-11       4.196239103941e-12      -7.156357925677e-12       0.000000000000e+00       1.810219905625e-15       5.561026394959e-16      -9.571006738859e-17 
 1324       9.523493311851e-11       4.181066522013e-12      -7.244427238072e-12       0.000000000000e+00       1.804860759564e-15       5.572225897661e-16      -9.547516179749e-17 
 1325       9.536684723686e-11       4.165387168689e-12      -7.330942840805e-12       0.000000000000e+00       1.799521140125e-15       5.583633406989e-16      -9.522587056871e-17 
 1326       9.550523496843e-11       4.149205600488e-12      -7.415857733878e-12       0.000000000000e+00       1.794200937098e-15       5.595296188417e-16      -9.496181918669e-17 
 1327       9.564997365457e-11       4.132526411016e-12      -7.499124668929e-12       0.000000000000e+00       1.788900038921e-15       5.607261788561e-16      -9.468263115771e-17 
 1328       9.580093976648e-11       4.115354231034e-12      -7.580696148779e-12       0.000000000000e+00       1.783618332667e-15       5.619578035709e-16      -9.438792800632e-17 
 1329       9.595800890342e-11       4.097693728544e-12      -7.660524426994e-12       0.000000000000e+00       1.778355704049e-15       5.632293040351e-16      -9.407732927174e-17 
 1330       9.612105579106e-11       4.079549608855e-12      -7.738561507434e-12       0.000000000000e+00       1.773112037415e-15       5.645455195698e-16      -9.375045250437e-17 
 1331       9.628994864419e-11       4.060927387346e-12      -7.814765355135e-12       0.000000000000e+00       1.767887226301e-15       5.659099404342e-16      -9.340704005388e-17 
 1332       9.646453219071e-11       4.041835716868e-12      -7.889118604494e-12       0.000000000000e+00       1.762681205237e-15       5.673205591573e-16      -9.304734096492e-17 
 1333       9.664464445772e-11       4.022284086058e-12      -7.961610055710e-12       0.000000000000e+00       1.757493918287e-15       5.687739737357e-16      -9.267173326961e-17 
 1334       9.683012238808e-11       4.002282049107e-12      -8.032228482094e-12       0.000000000000e+00       1.752325308518e-15       5.702667608461e-16      -9.228059758155e-17 
 1335       9.702080183827e-11       3.981839225883e-12      -8.100962630034e-12       0.000000000000e+00       1.747175317998e-15       5.717954758048e-16      -9.187431710080e-17 
 1336       9.721651757629e-11       3.960965302064e-12      -8.167801218978e-12       0.000000000000e+00       1.742043887795e-15       5.733566525273e-16      -9.145327761891e-17 
 1337       9.741710327955e-11       3.939670029263e-12      -8.232732941404e-12       0.000000000000e+00       1.736930957970e-15       5.749468034872e-16      -9.101786752399e-17 
 1338       9.762239153283e-11       3.917963225156e-12      -8.295746462801e-12       0.000000000000e+00       1.731836467582e-15       5.765624196767e-16      -9.056847780567e-17 
 1339       9.783221382607e-11       3.895854773612e-12      -8.356830421642e-12       0.000000000000e+00       1.726760354678e-15       5.781999705649e-16      -9.010550206019e-17 
 1340       9.804640055238e-11       3.873354624819e-12      -8.415973429357e-12       0.000000000000e+00       1.721702556296e-15       5.798559040584e-16      -8.962933649538e-17 
 1341       9.826478100586e-11       3.850472795412e-12      -8.473164070315e-12       0.000000000000e+00       1.716663008460e-15       5.815266464601e-16      -8.914037993572e-17 
 1342       9.848718337954e-11       3.827219368602e-12      -8.528390901792e-12       0.000000000000e+00       1.711641646179e-15       5.832086024287e-16      -8.863903382736e-17 
 1343       9.871343476324e-11       3.803604494303e-12      -8.581642453954e-12       0.000000000000e+00       1.706638403442e-15       5.848981549386e-16      -8.812570224312e-17 
 1344       9.894336114154e-11       3.779638389261e-12      -8.632907229826e-12       0.000000000000e+00       1.701653213222e-15       5.865916652391e-16      -8.760079188754e-17 
 1345       9.917678739157e-11       3.755331337180e-12      -8.682173705274e-12       0.000000000000e+00       1.696686007463e-15       5.882854728138e-16      -8.706471210193e-17 
 1346       9.941353728101e-11       3.730693688850e-12      -8.729430328973e-12       0.000000000000e+00       1.691736717090e-15       5.899758953404e-16      -8.651787486935e-17 
 1347       9.965343346595e-11       3.705735862279e-12      -8.774665522391e-12       0.000000000000e+00       1.686805271996e-15       5.916592286499e-16      -8.596069481966e-17 
 1348       9.989629748875e-11       3.680468342816e-12      -8.817867679758e-12       0.000000000000e+00       1.681891601045e-15       5.933317466863e-16      -8.539358923455e-17 
 1349       1.001419497760e-10       3.654901683279e-12      -8.859025168045e-12       0.000000000000e+00       1.676995632071e-15       5.949897014657e-16      -8.481697805256e-17 
 1350       1.003902096364e-10       3.629046504089e-12      -8.898126326939e-12       0.000000000000e+00       1.672117291871e-15       5.966293230365e-16      -8.423128387411e-17 
 1351       1.006408952586e-10       3.602913493389e-12      -8.935159468818e-12       0.000000000000e+00       1.667256506205e-15       5.982468194382e-16      -8.363693196654e-17 
 1352       1.008938237093e-10       3.576513407180e-12      -8.970112878727e-12       0.000000000000e+00       1.662413199794e-15       5.998383766611e-16      -8.303435026909e-17 
 1353       1.011488109307e-10       3.549857069442e-12      -9.002974814352e-12       0.000000000000e+00       1.657587296318e-15       6.014001586060e-16      -8.242396939800e-17 
 1354       1.014056717390e-10       3.522955372270e-12      -9.033733506000e-12       0.000000000000e+00       1.652778718411e-15       6.029283070435e-16      -8.180622265147e-17 
 1355       1.016642198218e-10       3.495819275992e-12      -9.062377156570e-12       0.000000000000e+00       1.647987387662e-15       6.044189415734e-16      -8.118154601473e-17 
 1356       1.019242677363e-10       3.468459809305e-12      -9.088893941530e-12       0.000000000000e+00       1.643213224611e-15       6.058681595843e-16      -8.055037816504e-17 
 1357       1.021856269071e-10       3.440888069400e-12      -9.113272008894e-12       0.000000000000e+00       1.638456148745e-15       6.072720362133e-16      -7.991316047673e-17 
 1358       1.024481076240e-10       3.413115222090e-12      -9.135499479196e-12       0.000000000000e+00       1.633716078498e-15       6.086266243050e-16      -7.927033702624e-17 
 1359       1.027115190399e-10       3.385152501936e-12      -9.155564445466e-12       0.000000000000e+00       1.628992931250e-15       6.099279543714e-16      -7.862235459711e-17 
 1360       1.029756691691e-10       3.357011212379e-12      -9.173454973207e-12       0.000000000000e+00       1.624286623318e-15       6.111720345514e-16      -7.796966268505e-17 
 1361       1.032403648845e-10       3.328702725864e-12      -9.189159100368e-12       0.000000000000e+00       1.619597069963e-15       6.123548505697e-16      -7.731271350294e-17 
 1362       1.035054119163e-10       3.300238483971e-12      -9.202664837322e-12       0.000000000000e+00       1.614924185379e-15       6.134723656973e-16      -7.665196198585e-17 
 1363       1.037706148490e-10       3.271629997541e-12      -9.213960166839e-12       0.000000000000e+00       1.610267882697e-15       6.145205207099e-16      -7.598786579610e-17 
 1364       1.040357771202e-10       3.242888846804e-12      -9.223033044064e-12       0.000000000000e+00       1.605628073977e-15       6.154952338481e-16      -7.532088532825e-17 
 1365       1.043007010178e-10       3.214026681507e-12      -9.229871396494e-12       0.000000000000e+00       1.601004670213e-15       6.163924007769e-16      -7.465148371416e-17 
 1366       1.045651876784e-10       3.185055221043e-12      -9.234463123947e-12       0.000000000000e+00       1.596397581321e-15       6.172078945446e-16      -7.398012682799e-17 
 1367       1.048290370847e-10       3.155986254578e-12      -9.236796098547e-12       0.000000000000e+00       1.591806716146e-15       6.179375655429e-16      -7.330728329125e-17 
 1368       1.050920480638e-10       3.126831641178e-12      -9.236858164690e-12       0.000000000000e+00       1.587231982454e-15       6.185772414661e-16      -7.263342447780e-17 
 1369       1.053540182851e-10       3.097603309941e-12      -9.234637139028e-12       0.000000000000e+00       1.582673286929e-15       6.191227272706e-16      -7.195902451890e-17 
 1370       1.056147442580e-10       3.068313260118e-12      -9.230120810439e-12       0.000000000000e+00       1.578130535177e-15       6.195698051346e-16      -7.128456030823e-17 
 1371       1.058740349166e-10       3.038973077790e-12      -9.223302301543e-12       0.000000000000e+00       1.573603640268e-15       6.199153761035e-16      -7.061040759409e-17 
 1372       1.061317525378e-10       3.009592479985e-12      -9.214196215871e-12       0.000000000000e+00       1.569092548501e-15       6.201608984337e-16      -6.993652803329e-17 
 1373       1.063877722554e-10       2.980180755283e-12      -9.202822662870e-12       0.000000000000e+00       1.564597213909e-15       6.203089858412e-16      -6.926277880941e-17 
 1374       1.066419685119e-10       2.950747245965e-12      -9.189201912310e-12       0.000000000000e+00       1.560117589739e-15       6.203622691752e-16      -6.858901624118e-17 
 1375       1.068942150572e-10       2.921301348107e-12      -9.173354394598e-12       0.000000000000e+00       1.555653628438e-15       6.203233964501e-16      -6.791509578092e-17 
 1376       1.071443849470e-10       2.891852511678e-12      -9.155300701100e-12       0.000000000000e+00       1.551205281664e-15       6.201950328783e-16      -6.724087201287e-17 
 1377       1.073923505423e-10       2.862410240638e-12      -9.135061584458e-12       0.000000000000e+00       1.546772500273e-15       6.199798609020e-16      -6.656619865165e-17 
 1378       1.076379835074e-10       2.832984093035e-12      -9.112657958902e-12       0.000000000000e+00       1.542355234325e-15       6.196805802259e-16      -6.589092854062e-17 
 1379       1.078811548090e-10       2.803583681100e-12      -9.088110900576e-12       0.000000000000e+00       1.537953433078e-15       6.192999078492e-16      -6.521491365030e-17 
 1380       1.081217347151e-10       2.774218671346e-12      -9.061441647849e-12       0.000000000000e+00       1.533567044988e-15       6.188405780982e-16      -6.453800507674e-17 
 1381       1.083595927936e-10       2.744898784665e-12      -9.032671601636e-12       0.000000000000e+00       1.529196017705e-15       6.183053426586e-16      -6.386005303996e-17 
 1382       1.085945979110e-10       2.715633796424e-12      -9.001822325716e-12       0.000000000000e+00       1.524840298074e-15       6.176969706077e-16      -6.318090688230e-17 
 1383       1.088266182314e-10       2.686433536563e-12      -8.968915547047e-12       0.000000000000e+00       1.520499832133e-15       6.170182484466e-16      -6.250041506686e-17 
 1384       1.090555212149e-10       2.657307889692e-12      -8.933973156086e-12       0.000000000000e+00       1.516174565107e-15       6.162719801329e-16      -6.181842517586e-17 
 1385       1.092811736167e-10       2.628266795187e-12      -8.897017207104e-12       0.000000000000e+00       1.511864441412e-15       6.154609871126e-16      -6.113478390907e-17 
 1386       1.095034414857e-10       2.599320247288e-12      -8.858069918509e-12       0.000000000000e+00       1.507569404649e-15       6.145881083529e-16      -6.044933708219e-17 
 1387       1.097221901636e-10       2.570478295197e-12      -8.817153673157e-12       0.000000000000e+00       1.503289397604e-15       6.136562003740e-16      -5.976192962526e-17 
 1388       1.099372842828e-10       2.541751043173e-12      -8.774291018674e-12       0.000000000000e+00       1.499024362244e-15       6.126681372819e-16      -5.907240558103e-17 
 1389       1.101485877664e-10       2.513148650631e-12      -8.729504667772e-12       0.000000000000e+00       1.494774239720e-15       6.116268108001e-16      -5.838060810340e-17 
 1390       1.103559638257e-10       2.484681332236e-12      -8.682817498567e-12       0.000000000000e+00       1.490538970360e-15       6.105351303029e-16      -5.768637945579e-17 
 1391       1.105592749600e-10       2.456359358006e-12      -8.634252554897e-12       0.000000000000e+00       1.486318493668e-15       6.093960228466e-16      -5.698956100954e-17 
 1392       1.107583829548e-10       2.428193053402e-12      -8.583833046640e-12       0.000000000000e+00       1.482112748327e-15       6.082124332026e-16      -5.628999324230e-17 
 1393       1.109531488806e-10       2.400192799430e-12      -8.531582350030e-12       0.000000000000e+00       1.477921672190e-15       6.069873238896e-16      -5.558751573646e-17 
 1394       1.111434330920e-10       2.372369032735e-12      -8.477524007975e-12       0.000000000000e+00       1.473745202283e-15       6.057236752056e-16      -5.488196717752e-17 
 1395       1.113290952259e-10       2.344732245701e-12      -8.421681730377e-12       0.000000000000e+00       1.469583274802e-15       6.044244852605e-16      -5.417318535250e-17 
 1396       1.115099942009e-10       2.317292986546e-12      -8.364079394448e-12       0.000000000000e+00       1.465435825111e-15       6.030927700083e-16      -5.346100714831e-17 
 1397       1.116859882157e-10       2.290061859420e-12      -8.304741045025e-12       0.000000000000e+00       1.461302787741e-15       6.017315632797e-16      -5.274526855019e-17 
 1398       1.118569347477e-10       2.263049524500e-12      -8.243690894893e-12       0.000000000000e+00       1.457184096384e-15       6.003439168138e-16      -5.202580464009e-17 
 1399       1.120226905523e-10       2.236266698092e-12      -8.180953325098e-12       0.000000000000e+00       1.453079683899e-15       5.989329002912e-16      -5.130244959506e-17 
 1400       1.121831116613e-10       2.209724152722e-12      -8.116552885269e-12       0.000000000000e+00       1.448989482303e-15       5.975016013657e-16      -5.057503668565e-17 
 1401       1.123380533814e-10       2.183432717237e-12      -8.050514293930e-12       0.000000000000e+00       1.444913422772e-15       5.960531256970e-16      -4.984339827432e-17 
 1402       1.124873702938e-10       2.157403276900e-12      -7.982862438823e-12       0.000000000000e+00       1.440851435639e-15       5.945905969827e-16      -4.910736581383e-17 
 1403       1.126309162520e-10       2.131646773490e-12      -7.913622377223e-12       0.000000000000e+00       1.436803450394e-15       5.931171569910e-16      -4.836676984563e-17 
 1404       1.127685443813e-10       2.106174205396e-12      -7.842819336256e-12       0.000000000000e+00       1.432769395677e-15       5.916359655928e-16      -4.762143999826e-17 
 1405       1.129001070771e-10       2.080996627715e-12      -7.770478713216e-12       0.000000000000e+00       1.428749199282e-15       5.901502007939e-16      -4.687120498578e-17 
 1406       1.130254560040e-10       2.056125152350e-12      -7.696626075885e-12       0.000000000000e+00       1.424742788153e-15       5.886630587676e-16      -4.611589260610e-17 
 1407       1.131444420943e-10       2.031570948104e-12      -7.621287162849e-12       0.000000000000e+00       1.420750088379e-15       5.871777538869e-16      -4.535532973946e-17 
 1408       1.132569155470e-10       2.007345240783e-12      -7.544487883813e-12       0.000000000000e+00       1.416771025199e-15       5.856975187568e-16      -4.458934234677e-17 
 1409       1.133627258262e-10       1.983459313287e-12      -7.466254319925e-12       0.000000000000e+00       1.412805522992e-15       5.842256042465e-16      -4.381775546800e-17 
 1410       1.134617216604e-10       1.959924505710e-12      -7.386612724088e-12       0.000000000000e+00       1.408853505282e-15       5.827652795220e-16      -4.304039322064e-17 
 1411       1.135537732166e-10       1.936750902002e-12      -7.305591034832e-12       0.000000000000e+00       1.404914901521e-15       5.813190136767e-16      -4.225716449699e-17 
 1412       1.136388388781e-10       1.913943374863e-12      -7.223223434448e-12       0.000000000000e+00       1.400989667533e-15       5.798860112784e-16      -4.146832103117e-17 
 1413       1.137168991563e-10       1.891505500052e-12      -7.139545838731e-12       0.000000000000e+00       1.397077765279e-15       5.784646513439e-16      -4.067420200367e-17 
 1414       1.137879345784e-10       1.869440866115e-12      -7.054594388116e-12       0.000000000000e+00       1.393179156086e-15       5.770533034064e-16      -3.987514858861e-17 
 1415       1.138519256867e-10       1.847753074407e-12      -6.968405448093e-12       0.000000000000e+00       1.389293800646e-15       5.756503274983e-16      -3.907150395729e-17 
 1416       1.139088530394e-10       1.826445739111e-12      -6.881015609614e-12       0.000000000000e+00       1.385421659016e-15       5.742540741341e-16      -3.826361328181e-17 
 1417       1.139586972104e-10       1.805522487251e-12      -6.792461689500e-12       0.000000000000e+00       1.381562690614e-15       5.728628842938e-16      -3.745182373857e-17 
 1418       1.140014387893e-10       1.784986958715e-12      -6.702780730850e-12       0.000000000000e+00       1.377716854218e-15       5.714750894056e-16      -3.663648451186e-17 
 1419       1.140370583818e-10       1.764842806269e-12      -6.612010003454e-12       0.000000000000e+00       1.373884107968e-15       5.700890113290e-16      -3.581794679739e-17 
 1420       1.140655366094e-10       1.745093695578e-12      -6.520187004197e-12       0.000000000000e+00       1.370064409359e-15       5.687029623379e-16      -3.499656380591e-17 
 1421       1.140868541099e-10       1.725743305223e-12      -6.427349457470e-12       0.000000000000e+00       1.366257715245e-15       5.673152451038e-16      -3.417269076669e-17 
 1422       1.141009915374e-10       1.706795326717e-12      -6.333535315577e-12       0.000000000000e+00       1.362463981833e-15       5.659241526784e-16      -3.334668493114e-17 
 1423       1.141079295620e-10       1.688253464527e-12      -6.238782759147e-12       0.000000000000e+00       1.358683164685e-15       5.645279684769e-16      -3.251890557634e-17 
 1424       1.141076488707e-10       1.670121436088e-12      -6.143130197541e-12       0.000000000000e+00       1.354915218714e-15       5.631249662611e-16      -3.168971400862e-17 
 1425       1.141001301665e-10       1.652402971824e-12      -6.046616269259e-12       0.000000000000e+00       1.351160098186e-15       5.617134101222e-16      -3.085947356710e-17 
 1426       1.140853541695e-10       1.635101815162e-12      -5.949279842352e-12       0.000000000000e+00       1.347417756714e-15       5.602915544640e-16      -3.002854962726e-17 
 1427       1.140633016162e-10       1.618221722555e-12      -5.851160014830e-12       0.000000000000e+00       1.343688147261e-15       5.588576439858e-16      -2.919730960450e-17 
 1428       1.140339532602e-10       1.601766463497e-12      -5.752296115069e-12       0.000000000000e+00       1.339971222135e-15       5.574099136657e-16      -2.836612295768e-17 
 1429       1.139972898718e-10       1.585739820540e-12      -5.652727702221e-12       0.000000000000e+00       1.336266932988e-15       5.559465887433e-16      -2.753536119272e-17 
 1430       1.139532922385e-10       1.570145589315e-12      -5.552494566624e-12       0.000000000000e+00       1.332575230820e-15       5.544658847028e-16      -2.670539786612e-17 
 1431       1.139019411648e-10       1.554987578548e-12      -5.451636730209e-12       0.000000000000e+00       1.328896065968e-15       5.529660072563e-16      -2.587660858854e-17 
 1432       1.138432174725e-10       1.540269610078e-12      -5.350194446909e-12       0.000000000000e+00       1.325229388114e-15       5.514451523264e-16      -2.504937102835e-17 
 1433       1.137771020008e-10       1.525995518875e-12      -5.248208203069e-12       0.000000000000e+00       1.321575146277e-15       5.499015060295e-16      -2.422406491521e-17 
 1434       1.137035756062e-10       1.512169153058e-12      -5.145718717854e-12       0.000000000000e+00       1.317933288815e-15       5.483332446590e-16      -2.340107204360e-17 
 1435       1.136226191628e-10       1.498794373915e-12      -5.042766943659e-12       0.000000000000e+00       1.314303763422e-15       5.467385346678e-16      -2.258077627640e-17 
 1436       1.135342135625e-10       1.485875055917e-12      -4.939394066513e-12       0.000000000000e+00       1.310686517127e-15       5.451155326518e-16      -2.176356354843e-17 
 1437       1.134383397146e-10       1.473415086739e-12      -4.835641506497e-12       0.000000000000e+00       1.307081496294e-15       5.434623853328e-16      -2.094982187004e-17 
 1438       1.133349785465e-10       1.461418367277e-12      -4.731550918142e-12       0.000000000000e+00       1.303488646617e-15       5.417772295414e-16      -2.013994133063e-17 
 1439       1.132241110035e-10       1.449888811665e-12      -4.627164190847e-12       0.000000000000e+00       1.299907913123e-15       5.400581922002e-16      -1.933431410227e-17 
 1440       1.131057180489e-10       1.438830347297e-12      -4.522523449283e-12       0.000000000000e+00       1.296339240168e-15       5.383033903067e-16      -1.853333444318e-17 
 1441       1.129797806640e-10       1.428246914839e-12      -4.417671053801e-12       0.000000000000e+00       1.292782571434e-15       5.365109309164e-16      -1.773739870135e-17 
 1442       1.128462798487e-10       1.418142468250e-12      -4.312649600846e-12       0.000000000000e+00       1.289237849932e-15       5.346789111259e-16      -1.694690531809e-17 
 1443       1.127051966209e-10       1.408520974802e-12      -4.207501923358e-12       0.000000000000e+00       1.285705017997e-15       5.328054180556e-16      -1.616225483155e-17 
 1444       1.125565120171e-10       1.399386415093e-12      -4.102271091189e-12       0.000000000000e+00       1.282184017289e-15       5.308885288333e-16      -1.538384988034e-17 
 1445       1.124002070923e-10       1.390742783071e-12      -3.997000411507e-12       0.000000000000e+00       1.278674788787e-15       5.289263105766e-16      -1.461209520704e-17 
 1446       1.122362629202e-10       1.382594086045e-12      -3.891733429205e-12       0.000000000000e+00       1.275177272795e-15       5.269168203764e-16      -1.384739766179e-17 
 1447       1.120646605932e-10       1.374944344709e-12      -3.786513927311e-12       0.000000000000e+00       1.271691408933e-15       5.248581052798e-16      -1.309016620584e-17 
 1448       1.118853812225e-10       1.367797593159e-12      -3.681385927396e-12       0.000000000000e+00       1.268217136142e-15       5.227482022729e-16      -1.234081191508e-17 
 1449       1.116984059383e-10       1.361157878906e-12      -3.576393689986e-12       0.000000000000e+00       1.264754392677e-15       5.205851382641e-16      -1.159974798366e-17 
 1450       1.115037158900e-10       1.355029262900e-12      -3.471581714964e-12       0.000000000000e+00       1.261303116110e-15       5.183669300672e-16      -1.086738972751e-17 
 1451       1.113013089620e-10       1.349414541640e-12      -3.366992037974e-12       0.000000000000e+00       1.257863248763e-15       5.160922618641e-16      -1.014405090286e-17 
 1452       1.110912501072e-10       1.344311399386e-12      -3.262656088977e-12       0.000000000000e+00       1.254434754085e-15       5.137625250984e-16      -9.429631511477e-18 
 1453       1.108736215215e-10       1.339716217199e-12      -3.158602752443e-12       0.000000000000e+00       1.251017600438e-15       5.113797991095e-16      -8.723926855746e-18 
 1454       1.106485059743e-10       1.335625347275e-12      -3.054861064173e-12       0.000000000000e+00       1.247611755675e-15       5.089461755396e-16      -8.026730935856e-18 
 1455       1.104159868101e-10       1.332035112884e-12      -2.951460211554e-12       0.000000000000e+00       1.244217187135e-15       5.064637583551e-16      -7.337836447439e-18 
 1456       1.101761479490e-10       1.328941808322e-12      -2.848429533811e-12       0.000000000000e+00       1.240833861647e-15       5.039346638689e-16      -6.657034779226e-18 
 1457       1.099290738882e-10       1.326341698851e-12      -2.745798522265e-12       0.000000000000e+00       1.237461745527e-15       5.013610207612e-16      -5.984116010700e-18 
 1458       1.096748497028e-10       1.324231020649e-12      -2.643596820588e-12       0.000000000000e+00       1.234100804573e-15       4.987449701018e-16      -5.318868909750e-18 
 1459       1.094135610469e-10       1.322605980749e-12      -2.541854225052e-12       0.000000000000e+00       1.230751004070e-15       4.960886653713e-16      -4.661080930326e-18 
 1460       1.091452941549e-10       1.321462756991e-12      -2.440600684792e-12       0.000000000000e+00       1.227412308785e-15       4.933942724829e-16      -4.010538210094e-18 
 1461       1.088701358419e-10       1.320797497961e-12      -2.339866302056e-12       0.000000000000e+00       1.224084682969e-15       4.906639698039e-16      -3.367025568086e-18 
 1462       1.085881735057e-10       1.320606322941e-12      -2.239681332460e-12       0.000000000000e+00       1.220768090349e-15       4.878999481774e-16      -2.730326502357e-18 
 1463       1.082994951270e-10       1.320885321850e-12      -2.140076185243e-12       0.000000000000e+00       1.217462494138e-15       4.851044109440e-16      -2.100223187640e-18 
 1464       1.080041892709e-10       1.321630555194e-12      -2.041081423524e-12       0.000000000000e+00       1.214167857022e-15       4.822795739631e-16      -1.476496472996e-18 
 1465       1.077023450878e-10       1.322838054007e-12      -1.942727764554e-12       0.000000000000e+00       1.210884141169e-15       4.794276656350e-16      -8.589258794724e-19 
 1466       1.073940523146e-10       1.324503819797e-12      -1.845046079972e-12       0.000000000000e+00       1.207611308219e-15       4.765509269221e-16      -2.472895977525e-19 
 1467       1.070794012755e-10       1.326623824493e-12      -1.748067396059e-12       0.000000000000e+00       1.204349319291e-15       4.736516113705e-16       3.586355141865e-19 
 1468       1.067584828834e-10       1.329194010389e-12      -1.651822893995e-12       0.000000000000e+00       1.201098134977e-15       4.707319851321e-16       9.590739334220e-19 
 1469       1.064313886405e-10       1.332210290088e-12      -1.556343910111e-12       0.000000000000e+00       1.197857715341e-15       4.677943269858e-16       1.554251474431e-18 
 1470       1.060982106398e-10       1.335668546450e-12      -1.461661936146e-12       0.000000000000e+00       1.194628019920e-15       4.648409283589e-16       2.144395291437e-18 
 1471       1.057590415659e-10       1.339564632534e-12      -1.367808619500e-12       0.000000000000e+00       1.191409007722e-15       4.618740933495e-16       2.729733880755e-18 
 1472       1.054139746963e-10       1.343894371547e-12      -1.274815763491e-12       0.000000000000e+00       1.188200637223e-15       4.588961387474e-16       3.310497083139e-18 
 1473       1.050631039019e-10       1.348653556783e-12      -1.182715327606e-12       0.000000000000e+00       1.185002866369e-15       4.559093940558e-16       3.886916086125e-18 
 1474       1.047065236487e-10       1.353837951576e-12      -1.091539427761e-12       0.000000000000e+00       1.181815652574e-15       4.529162015135e-16       4.459223426382e-18 
 1475       1.043443289985e-10       1.359443289240e-12      -1.001320336553e-12       0.000000000000e+00       1.178638952717e-15       4.499189161156e-16       5.027652992052e-18 
 1476       1.039766156100e-10       1.365465273014e-12      -9.120904835114e-13       0.000000000000e+00       1.175472723143e-15       4.469199056360e-16       5.592440025103e-18 
 1477       1.036034797399e-10       1.371899576009e-12      -8.238824553603e-13       0.000000000000e+00       1.172316919660e-15       4.439215506485e-16       6.153821123669e-18 
 1478       1.032250182440e-10       1.378741841155e-12      -7.367289962673e-13       0.000000000000e+00       1.169171497540e-15       4.409262445484e-16       6.712034244397e-18 
 1479       1.028413285780e-10       1.385987681141e-12      -6.506630081006e-13       0.000000000000e+00       1.166036411518e-15       4.379363935745e-16       7.267318704798e-18 
 1480       1.024525087989e-10       1.393632678364e-12      -5.657175506836e-13       0.000000000000e+00       1.162911615787e-15       4.349544168302e-16       7.819915185587e-18 
 1481       1.020586575659e-10       1.401672384875e-12      -4.819258420494e-13       0.000000000000e+00       1.159797064001e-15       4.319827463057e-16       8.370065733031e-18 
 1482       1.016598741414e-10       1.410102322321e-12      -3.993212586958e-13       0.000000000000e+00       1.156692709273e-15       4.290238268990e-16       8.918013761298e-18 
 1483       1.012562583919e-10       1.418917981890e-12      -3.179373358401e-13       0.000000000000e+00       1.153598504174e-15       4.260801164380e-16       9.464004054798e-18 
 1484       1.008479107897e-10       1.428114824261e-12      -2.378077676740e-13       0.000000000000e+00       1.150514400728e-15       4.231540857020e-16       1.000828277053e-17 
 1485       1.004349324130e-10       1.437688279544e-12      -1.589664076180e-13       0.000000000000e+00       1.147440350419e-15       4.202482184430e-16       1.055109744044e-17 
 1486       1.000174249479e-10       1.447633747228e-12      -8.144726857651e-14       0.000000000000e+00       1.144376304180e-15       4.173650114077e-16       1.109269697375e-17 
 1487       9.959549068866e-11       1.457946596123e-12      -5.284523192797e-15       0.000000000000e+00       1.141322212402e-15       4.145069743592e-16       1.163333165929e-17 
 1488       9.916923253926e-11       1.468622164312e-12       6.948749589659e-14       0.000000000000e+00       1.138278024923e-15       4.116766300981e-16       1.217325316791e-17 
 1489       9.873875401429e-11       1.479655759086e-12       1.428342958068e-13       0.000000000000e+00       1.135243691035e-15       4.088765144845e-16       1.271271455474e-17 
 1490       9.830415923997e-11       1.491042656901e-12       2.147212231499e-13       0.000000000000e+00       1.132219159478e-15       4.061091764596e-16       1.325197026160e-17 
 1491       9.786555572242e-11       1.502777598150e-12       2.851182399153e-13       0.000000000000e+00       1.129204382816e-15       4.033765721347e-16       1.379119921909e-17 
 1492       9.742306267977e-11       1.514853266211e-12       3.540143028723e-13       0.000000000000e+00       1.126199330605e-15       4.006782405131e-16       1.433027332305e-17 
 1493       9.697680279385e-11       1.527261793376e-12       4.214031247198e-13       0.000000000000e+00       1.123203976352e-15       3.980131099152e-16       1.486898669159e-17 
 1494       9.652689945168e-11       1.539995264572e-12       4.872784107536e-13       0.000000000000e+00       1.120218293148e-15       3.953801022766e-16       1.540713235740e-17 
 1495       9.607347674664e-11       1.553045717287e-12       5.516338588701e-13       0.000000000000e+00       1.117242253672e-15       3.927781331365e-16       1.594450226594e-17 
 1496       9.561665947967e-11       1.566405141480e-12       6.144631595683e-13       0.000000000000e+00       1.114275830187e-15       3.902061116268e-16       1.648088727367e-17 
 1497       9.515657316051e-11       1.580065479504e-12       6.757599959532e-13       0.000000000000e+00       1.111318994538e-15       3.876629404611e-16       1.701607714620e-17 
 1498       9.469334400885e-11       1.594018626022e-12       7.355180437385e-13       0.000000000000e+00       1.108371718154e-15       3.851475159236e-16       1.754986055653e-17 
 1499       9.422709895558e-11       1.608256427925e-12       7.937309712494e-13       0.000000000000e+00       1.105433972047e-15       3.826587278580e-16       1.808202508323e-17 
 1500       9.375796564396e-11       1.622770684251e-12       8.503924394256e-13       0.000000000000e+00       1.102505726807e-15       3.801954596565e-16       1.861235720863e-17 
 1501       9.328607243084e-11       1.637553146101e-12       9.054961018236e-13       0.000000000000e+00       1.099586952606e-15       3.777565882484e-16       1.914064231703e-17 
 1502       9.281154838785e-11       1.652595516559e-12       9.590356046205e-13       0.000000000000e+00       1.096677619196e-15       3.753409840897e-16       1.966666469291e-17 
 1503       9.233452330261e-11       1.667889450608e-12       1.011004586616e-12       0.000000000000e+00       1.093777695907e-15       3.729475111514e-16       2.019020751909e-17 
 1504       9.185512767994e-11       1.683426555049e-12       1.061396679235e-12       0.000000000000e+00       1.090887151644e-15       3.705750269085e-16       2.071105287498e-17 
 1505       9.137349274303e-11       1.699198388420e-12       1.110205506532e-12       0.000000000000e+00       1.088005954892e-15       3.682223823296e-16       2.122898173471e-17 
 1506       9.088975043467e-11       1.715196460911e-12       1.157424685192e-12       0.000000000000e+00       1.085134073710e-15       3.658884218647e-16       2.174377396540e-17 
 1507       9.040403341847e-11       1.731412234285e-12       1.203047824535e-12       0.000000000000e+00       1.082271475732e-15       3.635719834353e-16       2.225520832530e-17 
 1508       8.991647508001e-11       1.747837121794e-12       1.247068526517e-12       0.000000000000e+00       1.079418128166e-15       3.612718984224e-16       2.276306246203e-17 
 1509       8.942720952808e-11       1.764462488097e-12       1.289480385736e-12       0.000000000000e+00       1.076573997793e-15       3.589869916561e-16       2.326711291076e-17 
 1510       8.893637159586e-11       1.781279649178e-12       1.330276989430e-12       0.000000000000e+00       1.073739050967e-15       3.567160814040e-16       2.376713509238e-17 
 1511       8.844409684216e-11       1.798279872267e-12       1.369451917485e-12       0.000000000000e+00       1.070913253612e-15       3.544579793605e-16       2.426290331176e-17 
 1512       8.795052155257e-11       1.815454375753e-12       1.406998742434e-12       0.000000000000e+00       1.068096571223e-15       3.522114906356e-16       2.475419075590e-17 
 1513       8.745578274071e-11       1.832794329104e-12       1.442911029461e-12       0.000000000000e+00       1.065288968864e-15       3.499754137439e-16       2.524076949213e-17 
 1514       8.696001814939e-11       1.850290852785e-12       1.477182336406e-12       0.000000000000e+00       1.062490411170e-15       3.477485405932e-16       2.572241046634e-17 
 1515       8.646336625184e-11       1.867935018179e-12       1.509806213764e-12       0.000000000000e+00       1.059700862341e-15       3.455296564741e-16       2.619888350113e-17 
 1516       8.596596625292e-11       1.885717847497e-12       1.540776204692e-12       0.000000000000e+00       1.056920286146e-15       3.433175400483e-16       2.666995729406e-17 
 1517       8.546795809027e-11       1.903630313705e-12       1.570085845006e-12       0.000000000000e+00       1.054148645917e-15       3.411109633376e-16       2.713539941581e-17 
 1518       8.496948243559e-11       1.921663340437e-12       1.597728663191e-12       0.000000000000e+00       1.051385904555e-15       3.389086917133e-16       2.759497630840e-17 
 1519       8.447068069578e-11       1.939807801911e-12       1.623698180400e-12       0.000000000000e+00       1.048632024523e-15       3.367094838846e-16       2.804845328335e-17 
 1520       8.397169501415e-11       1.958054522853e-12       1.647987910455e-12       0.000000000000e+00       1.045886967848e-15       3.345120918880e-16       2.849559451994e-17 
 1521       8.347266827165e-11       1.976394278410e-12       1.670591359853e-12       0.000000000000e+00       1.043150696119e-15       3.323152610756e-16       2.893616306336e-17 
 1522       8.297374408807e-11       1.994817794069e-12       1.691502027769e-12       0.000000000000e+00       1.040423170487e-15       3.301177301048e-16       2.936992082291e-17 
 1523       8.247506682321e-11       2.013315745577e-12       1.710713406056e-12       0.000000000000e+00       1.037704351664e-15       3.279182309266e-16       2.979662857022e-17 
 1524       8.197678157810e-11       2.031878758856e-12       1.728218979251e-12       0.000000000000e+00       1.034994199922e-15       3.257154887748e-16       3.021604593745e-17 
 1525       8.147903419620e-11       2.050497409923e-12       1.744012224576e-12       0.000000000000e+00       1.032292675091e-15       3.235082221549e-16       3.062793141546e-17 
 1526       8.098197126463e-11       2.069162224806e-12       1.758086611939e-12       0.000000000000e+00       1.029599736560e-15       3.212951428331e-16       3.103204235201e-17 
 1527       8.048574011532e-11       2.087863679465e-12       1.770435603943e-12       0.000000000000e+00       1.026915343274e-15       3.190749558252e-16       3.142813494999e-17 
 1528       7.999048882624e-11       2.106592199706e-12       1.781052655882e-12       0.000000000000e+00       1.024239453737e-15       3.168463593854e-16       3.181596426561e-17 
 1529       7.949636622263e-11       2.125338161102e-12       1.789931215748e-12       0.000000000000e+00       1.021572026006e-15       3.146080449953e-16       3.219528420654e-17 
 1530       7.900352187814e-11       2.144091888910e-12       1.797064724231e-12       0.000000000000e+00       1.018913017693e-15       3.123586973529e-16       3.256584753020e-17 
 1531       7.851209551243e-11       2.162844127944e-12       1.802450464976e-12       0.000000000000e+00       1.016262389532e-15       3.100972244922e-16       3.292747031729e-17 
 1532       7.802218507053e-11       2.181587457269e-12       1.806101155576e-12       0.000000000000e+00       1.013620116117e-15       3.078234505689e-16       3.328022606995e-17 
 1533       7.753387834090e-11       2.200314888859e-12       1.808033467325e-12       0.000000000000e+00       1.010986175266e-15       3.055374296716e-16       3.362425346450e-17 
 1534       7.704726353202e-11       2.219019398813e-12       1.808264185216e-12       0.000000000000e+00       1.008360544459e-15       3.032392162926e-16       3.395969204580e-17 
 1535       7.656242927311e-11       2.237693927295e-12       1.806810208144e-12       0.000000000000e+00       1.005743200837e-15       3.009288653285e-16       3.428668222875e-17 
 1536       7.607946461472e-11       2.256331378476e-12       1.803688549103e-12       0.000000000000e+00       1.003134121206e-15       2.986064320810e-16       3.460536529980e-17 
 1537       7.559845902944e-11       2.274924620474e-12       1.798916335384e-12       0.000000000000e+00       1.000533282029e-15       2.962719722574e-16       3.491588341844e-17 
 1538       7.511950241255e-11       2.293466485302e-12       1.792510808781e-12       0.000000000000e+00       9.979406594341e-16       2.939255419715e-16       3.521837961870e-17 
 1539       7.464268508265e-11       2.311949768803e-12       1.784489325784e-12       0.000000000000e+00       9.953562292054e-16       2.915671977445e-16       3.551299781062e-17 
 1540       7.416809778236e-11       2.330367230596e-12       1.774869357785e-12       0.000000000000e+00       9.927799667876e-16       2.891969965050e-16       3.579988278179e-17 
 1541       7.369583167897e-11       2.348711594018e-12       1.763668491273e-12       0.000000000000e+00       9.902118472833e-16       2.868149955904e-16       3.607918019882e-17 
 1542       7.322597836507e-11       2.366975546065e-12       1.750904428035e-12       0.000000000000e+00       9.876518454528e-16       2.844212527475e-16       3.635103660883e-17 
 1543       7.275862985925e-11       2.385151737332e-12       1.736594985358e-12       0.000000000000e+00       9.850999357132e-16       2.820158261329e-16       3.661559944098e-17 
 1544       7.229387860673e-11       2.403232781959e-12       1.720758096226e-12       0.000000000000e+00       9.825560921378e-16       2.795987743137e-16       3.687301700793e-17 
 1545       7.183181748005e-11       2.421211257570e-12       1.703411809522e-12       0.000000000000e+00       9.800202884557e-16       2.771701562688e-16       3.712343850735e-17 
 1546       7.137253977967e-11       2.439079705216e-12       1.684574290226e-12       0.000000000000e+00       9.774924980503e-16       2.747300313889e-16       3.736701402342e-17 
 1547       7.091613923471e-11       2.456830629317e-12       1.664263819617e-12       0.000000000000e+00       9.749726939594e-16       2.722784594774e-16       3.760389452832e-17 
 1548       7.046271000355e-11       2.474456497603e-12       1.642498795472e-12       0.000000000000e+00       9.724608488742e-16       2.698155007515e-16       3.783423188375e-17 
 1549       7.001234667452e-11       2.491949741059e-12       1.619297732262e-12       0.000000000000e+00       9.699569351386e-16       2.673412158423e-16       3.805817884238e-17 
 1550       6.956514426653e-11       2.509302753862e-12       1.594679261359e-12       0.000000000000e+00       9.674609247483e-16       2.648556657960e-16       3.827588904939e-17 
 1551       6.912119822977e-11       2.526507893328e-12       1.568662131231e-12       0.000000000000e+00       9.649727893507e-16       2.623589120742e-16       3.848751704395e-17 
 1552       6.868060444633e-11       2.543557479850e-12       1.541265207641e-12       0.000000000000e+00       9.624925002435e-16       2.598510165551e-16       3.869321826071e-17 
 1553       6.824345923088e-11       2.560443796843e-12       1.512507473851e-12       0.000000000000e+00       9.600200283744e-16       2.573320415336e-16       3.889314903130e-17 
 1554       6.780985933133e-11       2.577159090683e-12       1.482408030819e-12       0.000000000000e+00       9.575553443403e-16       2.548020497224e-16       3.908746658584e-17 
 1555       6.737990192950e-11       2.593695570652e-12       1.450986097400e-12       0.000000000000e+00       9.550984183867e-16       2.522611042529e-16       3.927632905442e-17 
 1556       6.695368464175e-11       2.610045408879e-12       1.418261010542e-12       0.000000000000e+00       9.526492204069e-16       2.497092686752e-16       3.945989546861e-17 
 1557       6.653130551964e-11       2.626200740280e-12       1.384252225493e-12       0.000000000000e+00       9.502077199412e-16       2.471466069595e-16       3.963832576294e-17 
 1558       6.611286305064e-11       2.642153662502e-12       1.348979315995e-12       0.000000000000e+00       9.477738861765e-16       2.445731834965e-16       3.981178077640e-17 
 1559       6.569845615872e-11       2.657896235864e-12       1.312461974486e-12       0.000000000000e+00       9.453476879454e-16       2.419890630980e-16       3.998042225397e-17 
 1560       6.528818420508e-11       2.673420483302e-12       1.274720012298e-12       0.000000000000e+00       9.429290937253e-16       2.393943109979e-16       4.014441284805e-17 
 1561       6.488214698875e-11       2.688718390305e-12       1.235773359862e-12       0.000000000000e+00       9.405180716382e-16       2.367889928526e-16       4.030391612003e-17 
 1562       6.448044474727e-11       2.703781904862e-12       1.195642066900e-12       0.000000000000e+00       9.381145894497e-16       2.341731747421e-16       4.045909654172e-17 
 1563       6.408317815736e-11       2.718602937402e-12       1.154346302631e-12       0.000000000000e+00       9.357186145682e-16       2.315469231702e-16       4.061011949691e-17 
 1564       6.369044833558e-11       2.733173360738e-12       1.111906355970e-12       0.000000000000e+00       9.333301140445e-16       2.289103050655e-16       4.075715128281e-17 
 1565       6.330235683897e-11       2.747485010003e-12       1.068342635724e-12       0.000000000000e+00       9.309490545708e-16       2.262633877821e-16       4.090035911159e-17 
 1566       6.291900566573e-11       2.761529682601e-12       1.023675670796e-12       0.000000000000e+00       9.285754024802e-16       2.236062391004e-16       4.103991111184e-17 
 1567       6.254049725585e-11       2.775299138142e-12       9.779261103829e-13       0.000000000000e+00       9.262091237459e-16       2.209389272275e-16       4.117597633009e-17 
 1568       6.216693449183e-11       2.788785098385e-12       9.311147241761e-13       0.000000000000e+00       9.238501839807e-16       2.182615207981e-16       4.130872473232e-17 
 1569       6.179842069926e-11       2.801979247183e-12       8.832624025606e-13       0.000000000000e+00       9.214985484360e-16       2.155740888753e-16       4.143832720540e-17 
 1570       6.143505964755e-11       2.814873230424e-12       8.343901568152e-13       0.000000000000e+00       9.191541820013e-16       2.128767009510e-16       4.156495555865e-17 
 1571       6.107693987488e-11       2.827459695885e-12       7.845199957558e-13       0.000000000000e+00       9.168170520654e-16       2.101696543512e-16       4.168874453135e-17 
 1572       6.072408750231e-11       2.839735423518e-12       7.336775641916e-13       0.000000000000e+00       9.144871371305e-16       2.074541587659e-16       4.180967742539e-17 
 1573       6.037651298162e-11       2.851698224201e-12       6.818895294349e-13       0.000000000000e+00       9.121644182770e-16       2.047316580944e-16       4.192769941068e-17 
 1574       6.003422673100e-11       2.863345902455e-12       6.291827073291e-13       0.000000000000e+00       9.098488763082e-16       2.020036036315e-16       4.204275542208e-17 
 1575       5.969723913497e-11       2.874676256442e-12       5.755840624918e-13       0.000000000000e+00       9.075404917496e-16       1.992714540788e-16       4.215479015906e-17 
 1576       5.936556054424e-11       2.885687077954e-12       5.211207085564e-13       0.000000000000e+00       9.052392448487e-16       1.965366755572e-16       4.226374808539e-17 
 1577       5.903920127561e-11       2.896376152406e-12       4.658199084150e-13       0.000000000000e+00       9.029451155741e-16       1.938007416177e-16       4.236957342871e-17 
 1578       5.871817161192e-11       2.906741258831e-12       4.097090744609e-13       0.000000000000e+00       9.006580836150e-16       1.910651332540e-16       4.247221018028e-17 
 1579       5.840248180187e-11       2.916780169869e-12       3.528157688307e-13       0.000000000000e+00       8.983781283808e-16       1.883313389138e-16       4.257160209452e-17 
 1580       5.809214205999e-11       2.926490651762e-12       2.951677036467e-13       0.000000000000e+00       8.961052290004e-16       1.856008545106e-16       4.266769268876e-17 
 1581       5.778716256648e-11       2.935870464344e-12       2.367927412596e-13       0.000000000000e+00       8.938393643217e-16       1.828751834357e-16       4.276042524284e-17 
 1582       5.748755346716e-11       2.944917361037e-12       1.777188944909e-13       0.000000000000e+00       8.915805129110e-16       1.801558365696e-16       4.284974279876e-17 
 1583       5.719332487333e-11       2.953629088841e-12       1.179743268750e-13       0.000000000000e+00       8.893286530526e-16       1.774443322939e-16       4.293558816035e-17 
 1584       5.690448686167e-11       2.962003388326e-12       5.758735290176e-14       0.000000000000e+00       8.870837627479e-16       1.747421965032e-16       4.301790389289e-17 
 1585       5.662104947416e-11       2.970037993626e-12      -3.413561740852e-15       0.000000000000e+00       8.848458197151e-16       1.720509626166e-16       4.309663232279e-17 
 1586       5.634302271796e-11       2.977730632432e-12      -6.499979992468e-14       0.000000000000e+00       8.826148013887e-16       1.693721715898e-16       4.317171553725e-17 
 1587       5.607041656531e-11       2.985079025983e-12      -1.271425928388e-13       0.000000000000e+00       8.803906849188e-16       1.667073719265e-16       4.324309538386e-17 
 1588       5.580324095345e-11       2.992080889059e-12      -1.898130197471e-13       0.000000000000e+00       8.781734471705e-16       1.640581196902e-16       4.331071347029e-17 
 1589       5.554150578447e-11       2.998733929973e-12      -2.529820077460e-13       0.000000000000e+00       8.759630647235e-16       1.614259785162e-16       4.337451116395e-17 
 1590       5.528522092526e-11       3.005035850566e-12      -3.166203315218e-13       0.000000000000e+00       8.737595138714e-16       1.588125196231e-16       4.343442959159e-17 
 1591       5.503439620737e-11       3.010984346194e-12      -3.806986131086e-13       0.000000000000e+00       8.715627706212e-16       1.562193218249e-16       4.349040963900e-17 
 1592       5.478904142693e-11       3.016577105728e-12      -4.451873216454e-13       0.000000000000e+00       8.693728106927e-16       1.536479715420e-16       4.354239195065e-17 
 1593       5.454916634454e-11       3.021811811539e-12      -5.100567731343e-13       0.000000000000e+00       8.671896095180e-16       1.511000628141e-16       4.359031692931e-17 
 1594       5.431478068518e-11       3.026686139497e-12      -5.752771301975e-13       0.000000000000e+00       8.650131422411e-16       1.485771973108e-16       4.363412473575e-17 
 1595       5.408589413806e-11       3.031197758959e-12      -6.408184018353e-13       0.000000000000e+00       8.628433837169e-16       1.460809843442e-16       4.367375528833e-17 
 1596       5.386251635660e-11       3.035344332764e-12      -7.066504431836e-13       0.000000000000e+00       8.606803085110e-16       1.436130408801e-16       4.370914826272e-17 
 1597       5.364465695824e-11       3.039123517222e-12      -7.727429552712e-13       0.000000000000e+00       8.585238908990e-16       1.411749915501e-16       4.374024309148e-17 
 1598       5.343232552442e-11       3.042532962112e-12      -8.390654847778e-13       0.000000000000e+00       8.563741048662e-16       1.387684686633e-16       4.376697896378e-17 
 1599       5.322553160040e-11       3.045570310670e-12      -9.055874237914e-13       0.000000000000e+00       8.542309241066e-16       1.363951122178e-16       4.378929482498e-17 
 1600       5.302428469523e-11       3.048233199584e-12      -9.722780095657e-13       0.000000000000e+00       8.520943220225e-16       1.340565699128e-16       4.380712937634e-17 
 1601       5.282859428158e-11       3.050519258984e-12      -1.039106324278e-12       0.000000000000e+00       8.499642717243e-16       1.317544971602e-16       4.382042107462e-17 
 1602       5.263846979569e-11       3.052426112437e-12      -1.106041294787e-12       0.000000000000e+00       8.478407460294e-16       1.294905570962e-16       4.382910813179e-17 
 1603       5.245392063726e-11       3.053951376940e-12      -1.173051692389e-12       0.000000000000e+00       8.457237174621e-16       1.272664205935e-16       4.383312851462e-17 
 1604       5.227495616931e-11       3.055092662907e-12      -1.240106132578e-12       0.000000000000e+00       8.436131582525e-16       1.250837662723e-16       4.383241994436e-17 
 1605       5.210158571812e-11       3.055847574170e-12      -1.307173074800e-12       0.000000000000e+00       8.415090403366e-16       1.229442805129e-16       4.382691989640e-17 
 1606       5.193381857312e-11       3.056213707963e-12      -1.374220822214e-12       0.000000000000e+00       8.394113353553e-16       1.208496574670e-16       4.381656559990e-17 
 1607       5.177166398677e-11       3.056188654923e-12      -1.441217521448e-12       0.000000000000e+00       8.373200146539e-16       1.188015990694e-16       4.380129403743e-17 
 1608       5.161513117446e-11       3.055769999073e-12      -1.508131162356e-12       0.000000000000e+00       8.352350492817e-16       1.168018150500e-16       4.378104194466e-17 
 1609       5.146422931443e-11       3.054955317822e-12      -1.574929577775e-12       0.000000000000e+00       8.331564099912e-16       1.148520229454e-16       4.375574580999e-17 
 1610       5.131896754766e-11       3.053742181957e-12      -1.641580443285e-12       0.000000000000e+00       8.310840672379e-16       1.129539481105e-16       4.372534187418e-17 
 1611       5.117934375509e-11       3.052129104229e-12      -1.708053402676e-12       0.000000000000e+00       8.290179935366e-16       1.111088166849e-16       4.368978063573e-17 
 1612       5.104531077807e-11       3.050118394571e-12      -1.774326465943e-12       0.000000000000e+00       8.269581705567e-16       1.093158294308e-16       4.364907051159e-17 
 1613       5.091680989099e-11       3.047713330797e-12      -1.840379668908e-12       0.000000000000e+00       8.249045820902e-16       1.075736740591e-16       4.360323457223e-17 
 1614       5.079378199544e-11       3.044917212391e-12      -1.906192952638e-12       0.000000000000e+00       8.228572117005e-16       1.058810310060e-16       4.355229607223e-17 
 1615       5.067616761962e-11       3.041733360545e-12      -1.971746163302e-12       0.000000000000e+00       8.208160427209e-16       1.042365734211e-16       4.349627845061e-17 
 1616       5.056390691769e-11       3.038165118195e-12      -2.037019052026e-12       0.000000000000e+00       8.187810582552e-16       1.026389671561e-16       4.343520533115e-17 
 1617       5.045693966919e-11       3.034215850056e-12      -2.101991274748e-12       0.000000000000e+00       8.167522411766e-16       1.010868707526e-16       4.336910052271e-17 
 1618       5.035520527837e-11       3.029888942661e-12      -2.166642392076e-12       0.000000000000e+00       8.147295741274e-16       9.957893543081e-17       4.329798801955e-17 
 1619       5.025864277363e-11       3.025187804394e-12      -2.230951869141e-12       0.000000000000e+00       8.127130395187e-16       9.811380507761e-17       4.322189200165e-17 
 1620       5.016719080683e-11       3.020115865528e-12      -2.294899075456e-12       0.000000000000e+00       8.107026195297e-16       9.669011623517e-17       4.314083683503e-17 
 1621       5.008078765272e-11       3.014676578263e-12      -2.358463284769e-12       0.000000000000e+00       8.086982961074e-16       9.530649808905e-17       4.305484707207e-17 
 1622       4.999937120830e-11       3.008873416759e-12      -2.421623674920e-12       0.000000000000e+00       8.067000509663e-16       9.396157245661e-17       4.296394745184e-17 
 1623       4.992287899220e-11       3.002709877175e-12      -2.484359327697e-12       0.000000000000e+00       8.047078655876e-16       9.265395377530e-17       4.286816290041e-17 
 1624       4.985124814407e-11       2.996189477703e-12      -2.546649228691e-12       0.000000000000e+00       8.027217212189e-16       9.138224909100e-17       4.276751853117e-17 
 1625       4.978441542394e-11       2.989315758608e-12      -2.608472267155e-12       0.000000000000e+00       8.007415988740e-16       9.014505804637e-17       4.266203964515e-17 
 1626       4.972231721162e-11       2.982092282260e-12      -2.669807235854e-12       0.000000000000e+00       7.987674793321e-16       8.894097286913e-17       4.255175173137e-17 
 1627       4.966488950606e-11       2.974522633172e-12      -2.730632830925e-12       0.000000000000e+00       7.967993431375e-16       8.776857836040e-17       4.243668046711e-17 
 1628       4.961206792475e-11       2.966610418039e-12      -2.790927651732e-12       0.000000000000e+00       7.948371705991e-16       8.662645188303e-17       4.231685171827e-17 
 1629       4.956378770308e-11       2.958359265770e-12      -2.850670200722e-12       0.000000000000e+00       7.928809417900e-16       8.551316334995e-17       4.219229153966e-17 
 1630       4.951998369372e-11       2.949772827526e-12      -2.909838883280e-12       0.000000000000e+00       7.909306365471e-16       8.442727521242e-17       4.206302617537e-17 
 1631       4.948059036602e-11       2.940854776758e-12      -2.968412007586e-12       0.000000000000e+00       7.889862344705e-16       8.336734244844e-17       4.192908205903e-17 
 1632       4.944554180538e-11       2.931608809242e-12      -3.026367784468e-12       0.000000000000e+00       7.870477149231e-16       8.233191255102e-17       4.179048581417e-17 
 1633       4.941477171261e-11       2.922038643114e-12      -3.083684327264e-12       0.000000000000e+00       7.851150570304e-16       8.131952551651e-17       4.164726425453e-17 
 1634       4.938821340332e-11       2.912148018909e-12      -3.140339651668e-12       0.000000000000e+00       7.831882396796e-16       8.032871383296e-17       4.149944438437e-17 
 1635       4.936579980734e-11       2.901940699595e-12      -3.196311675597e-12       0.000000000000e+00       7.812672415194e-16       7.935800246840e-17       4.134705339881e-17 
 1636       4.934746346801e-11       2.891420470610e-12      -3.251578219037e-12       0.000000000000e+00       7.793520409597e-16       7.840590885918e-17       4.119011868416e-17 
 1637       4.933313654167e-11       2.880591139900e-12      -3.306117003906e-12       0.000000000000e+00       7.774426161709e-16       7.747094289831e-17       4.102866781819e-17 
 1638       4.932275079692e-11       2.869456537953e-12      -3.359905653907e-12       0.000000000000e+00       7.755389450835e-16       7.655160692377e-17       4.086272857049e-17 
 1639       4.931623761412e-11       2.858020517836e-12      -3.412921694381e-12       0.000000000000e+00       7.736410053877e-16       7.564639570681e-17       4.069232890280e-17 
 1640       4.931352798466e-11       2.846286955233e-12      -3.465142552168e-12       0.000000000000e+00       7.717487745330e-16       7.475379644035e-17       4.051749696931e-17 
 1641       4.931455251043e-11       2.834259748478e-12      -3.516545555459e-12       0.000000000000e+00       7.698622297275e-16       7.387228872721e-17       4.033826111697e-17 
 1642       4.931924140313e-11       2.821942818595e-12      -3.567107933655e-12       0.000000000000e+00       7.679813479379e-16       7.300034456849e-17       4.015464988584e-17 
 1643       4.932752448370e-11       2.809340109331e-12      -3.616806817220e-12       0.000000000000e+00       7.661061058885e-16       7.213642835190e-17       3.996669200939e-17 
 1644       4.933933118166e-11       2.796455587197e-12      -3.665619237537e-12       0.000000000000e+00       7.642364800614e-16       7.127899684004e-17       3.977441641483e-17 
 1645       4.935459053451e-11       2.783293241496e-12      -3.713522126765e-12       0.000000000000e+00       7.623724466952e-16       7.042649915879e-17       3.957785222342e-17 
 1646       4.937323118712e-11       2.769857084370e-12      -3.760492317696e-12       0.000000000000e+00       7.605139817856e-16       6.957737678555e-17       3.937702875082e-17 
 1647       4.939518139107e-11       2.756151150828e-12      -3.806506543607e-12       0.000000000000e+00       7.586610610838e-16       6.873006353765e-17       3.917197550735e-17 
 1648       4.942036900408e-11       2.742179498786e-12      -3.851541438119e-12       0.000000000000e+00       7.568136600972e-16       6.788298556061e-17       3.896272219838e-17 
 1649       4.944872148935e-11       2.727946209102e-12      -3.895573535053e-12       0.000000000000e+00       7.549717540879e-16       6.703456131650e-17       3.874929872463e-17 
 1650       4.948016591495e-11       2.713455385614e-12      -3.938579268283e-12       0.000000000000e+00       7.531353180731e-16       6.618320157225e-17       3.853173518244e-17 
 1651       4.951462766882e-11       2.698711479035e-12      -3.980538422765e-12       0.000000000000e+00       7.513043287703e-16       6.532767249530e-17       3.831007689687e-17 
 1652       4.955202659245e-11       2.683720261717e-12      -4.021444521347e-12       0.000000000000e+00       7.494787704554e-16       6.446818848282e-17       3.808442966578e-17 
 1653       4.959228081172e-11       2.668487861597e-12      -4.061294529714e-12       0.000000000000e+00       7.476586291556e-16       6.360532899330e-17       3.785491491730e-17 
 1654       4.963530801744e-11       2.653020439172e-12      -4.100085413580e-12       0.000000000000e+00       7.458438907079e-16       6.273967632250e-17       3.762165471447e-17 
 1655       4.968102546474e-11       2.637324187550e-12      -4.137814138690e-12       0.000000000000e+00       7.440345407586e-16       6.187181560773e-17       3.738477175623e-17 
 1656       4.972934997235e-11       2.621405332500e-12      -4.174477670836e-12       0.000000000000e+00       7.422305647628e-16       6.100233483215e-17       3.714438937841e-17 
 1657       4.978019792196e-11       2.605270132503e-12      -4.210072975858e-12       0.000000000000e+00       7.404319479843e-16       6.013182482906e-17       3.690063155469e-17 
 1658       4.983348525749e-11       2.588924878801e-12      -4.244597019655e-12       0.000000000000e+00       7.386386754949e-16       5.926087928622e-17       3.665362289762e-17 
 1659       4.988912748446e-11       2.572375895450e-12      -4.278046768190e-12       0.000000000000e+00       7.368507321744e-16       5.839009475014e-17       3.640348865957e-17 
 1660       4.994703966930e-11       2.555629539369e-12      -4.310419187501e-12       0.000000000000e+00       7.350681027099e-16       5.752007063039e-17       3.615035473372e-17 
 1661       5.000713643866e-11       2.538692200391e-12      -4.341711243706e-12       0.000000000000e+00       7.332907715958e-16       5.665140920386e-17       3.589434765504e-17 
 1662       5.006933197874e-11       2.521570301313e-12      -4.371919903013e-12       0.000000000000e+00       7.315187231330e-16       5.578471561914e-17       3.563559460128e-17 
 1663       5.013354003462e-11       2.504270297949e-12      -4.401042131725e-12       0.000000000000e+00       7.297519414289e-16       5.492059790072e-17       3.537422339396e-17 
 1664       5.019967390959e-11       2.486798679176e-12      -4.429074896248e-12       0.000000000000e+00       7.279904103968e-16       5.405966695338e-17       3.511036249931e-17 
 1665       5.026764646442e-11       2.469161966989e-12      -4.456015163103e-12       0.000000000000e+00       7.262341137558e-16       5.320253656643e-17       3.484414102931e-17 
 1666       5.033737011677e-11       2.451366716551e-12      -4.481859898926e-12       0.000000000000e+00       7.244830350301e-16       5.234982341803e-17       3.457568874263e-17 
 1667       5.040875684044e-11       2.433419516238e-12      -4.506606070484e-12       0.000000000000e+00       7.227371575489e-16       5.150214707950e-17       3.430513604563e-17 
 1668       5.048171816472e-11       2.415326987700e-12      -4.530250644674e-12       0.000000000000e+00       7.209964644459e-16       5.066013001961e-17       3.403261399334e-17 
 1669       5.055616517370e-11       2.397095785900e-12      -4.552790588540e-12       0.000000000000e+00       7.192609386590e-16       4.982439760887e-17       3.375825429043e-17 
 1670       5.063200850564e-11       2.378732599174e-12      -4.574222869271e-12       0.000000000000e+00       7.175305629300e-16       4.899557812386e-17       3.348218929222e-17 
 1671       5.070915835222e-11       2.360244149277e-12      -4.594544454218e-12       0.000000000000e+00       7.158053198039e-16       4.817430275150e-17       3.320455200563e-17 
 1672       5.078752445791e-11       2.341637191434e-12      -4.613752310895e-12       0.000000000000e+00       7.140851916291e-16       4.736120559336e-17       3.292547609017e-17 
 1673       5.086701611930e-11       2.322918514389e-12      -4.631843406988e-12       0.000000000000e+00       7.123701605565e-16       4.655692366995e-17       3.264509585895e-17 
 1674       5.094754218438e-11       2.304094940461e-12      -4.648814710365e-12       0.000000000000e+00       7.106602085394e-16       4.576209692506e-17       3.236354627962e-17 
 1675       5.102901105190e-11       2.285173325589e-12      -4.664663189082e-12       0.000000000000e+00       7.089553173331e-16       4.497736823001e-17       3.208096297539e-17 
 1676       5.111133067067e-11       2.266160559384e-12      -4.679385811389e-12       0.000000000000e+00       7.072554684947e-16       4.420338338796e-17       3.179748222598e-17 
 1677       5.119440853892e-11       2.247063565183e-12      -4.692979545741e-12       0.000000000000e+00       7.055606433823e-16       4.344079113826e-17       3.151324096861e-17 
 1678       5.127815170356e-11       2.227889300094e-12      -4.705441360804e-12       0.000000000000e+00       7.038708231549e-16       4.269024316066e-17       3.122837679901e-17 
 1679       5.136246675956e-11       2.208644755051e-12      -4.716768225463e-12       0.000000000000e+00       7.021859887724e-16       4.195239407971e-17       3.094302797237e-17 
 1680       5.144725984926e-11       2.189336954862e-12      -4.726957108829e-12       0.000000000000e+00       7.005061209944e-16       4.122790146897e-17       3.065733340433e-17 
 1681       5.153243666165e-11       2.169972958261e-12      -4.736004980245e-12       0.000000000000e+00       6.988312003806e-16       4.051742585538e-17       3.037143267196e-17 
 1682       5.161790243178e-11       2.150559857959e-12      -4.743908809300e-12       0.000000000000e+00       6.971612072900e-16       3.982163072353e-17       3.008546601476e-17 
 1683       5.170356193997e-11       2.131104780692e-12      -4.750665565829e-12       0.000000000000e+00       6.954961218809e-16       3.914118251993e-17       2.979957433562e-17 
 1684       5.178931951124e-11       2.111614887275e-12      -4.756272219924e-12       0.000000000000e+00       6.938359241100e-16       3.847675065737e-17       2.951389920181e-17 
 1685       5.187507901457e-11       2.092097372650e-12      -4.760725741943e-12       0.000000000000e+00       6.921805937326e-16       3.782900751918e-17       2.922858284597e-17 
 1686       5.196074386222e-11       2.072559465936e-12      -4.764023102517e-12       0.000000000000e+00       6.905301103019e-16       3.719862846356e-17       2.894376816707e-17 
 1687       5.204621700910e-11       2.053008430485e-12      -4.766161272555e-12       0.000000000000e+00       6.888844531687e-16       3.658629182782e-17       2.865959873142e-17 
 1688       5.213140095204e-11       2.033451563924e-12      -4.767137223254e-12       0.000000000000e+00       6.872436014810e-16       3.599267893276e-17       2.837621877363e-17 
 1689       5.221619772916e-11       2.013896198214e-12      -4.766947926108e-12       0.000000000000e+00       6.856075341838e-16       3.541847408692e-17       2.809377319761e-17 
 1690       5.230050891915e-11       1.994349699694e-12      -4.765590352910e-12       0.000000000000e+00       6.839762300187e-16       3.486436459088e-17       2.781240757754e-17 
 1691       5.238424316248e-11       1.974819082029e-12      -4.763064096203e-12       0.000000000000e+00       6.823496691424e-16       3.433084107649e-17       2.753223299395e-17 
 1692       5.246733879746e-11       1.955309841269e-12      -4.759379255374e-12       0.000000000000e+00       6.807278379995e-16       3.381759662669e-17       2.725322020728e-17 
 1693       5.254974141867e-11       1.935827110812e-12      -4.754548618805e-12       0.000000000000e+00       6.791107244913e-16       3.332412246521e-17       2.697530457063e-17 
 1694       5.263139637252e-11       1.916376047625e-12      -4.748585049748e-12       0.000000000000e+00       6.774983163604e-16       3.284990714568e-17       2.669842111107e-17 
 1695       5.271224875693e-11       1.896961832284e-12      -4.741501486441e-12       0.000000000000e+00       6.758906011900e-16       3.239443654760e-17       2.642250452912e-17 
 1696       5.279224342087e-11       1.877589669004e-12      -4.733310942229e-12       0.000000000000e+00       6.742875664039e-16       3.195719387222e-17       2.614748919829e-17 
 1697       5.287132496412e-11       1.858264785677e-12      -4.724026505678e-12       0.000000000000e+00       6.726891992662e-16       3.153765963852e-17       2.587330916457e-17 
 1698       5.294943773681e-11       1.838992433902e-12      -4.713661340696e-12       0.000000000000e+00       6.710954868810e-16       3.113531167906e-17       2.559989814593e-17 
 1699       5.302652583910e-11       1.819777889023e-12      -4.702228686647e-12       0.000000000000e+00       6.695064161919e-16       3.074962513598e-17       2.532718953184e-17 
 1700       5.310253312082e-11       1.800626450163e-12      -4.689741858470e-12       0.000000000000e+00       6.679219739818e-16       3.038007245688e-17       2.505511638278e-17 
 1701       5.317740318111e-11       1.781543440257e-12      -4.676214246799e-12       0.000000000000e+00       6.663421468729e-16       3.002612339077e-17       2.478361142973e-17 
 1702       5.325107936803e-11       1.762534206086e-12      -4.661659318075e-12       0.000000000000e+00       6.647669213259e-16       2.968724498399e-17       2.451260707370e-17 
 1703       5.332350477824e-11       1.743604118312e-12      -4.646090614670e-12       0.000000000000e+00       6.631962836402e-16       2.936290157612e-17       2.424203538523e-17 
 1704       5.339462225661e-11       1.724758571515e-12      -4.629521755001e-12       0.000000000000e+00       6.616302199532e-16       2.905255479591e-17       2.397182810386e-17 
 1705       5.346437439585e-11       1.706002984222e-12      -4.611966433646e-12       0.000000000000e+00       6.600687162401e-16       2.875566355725e-17       2.370191663770e-17 
 1706       5.353270353619e-11       1.687342798946e-12      -4.593438421465e-12       0.000000000000e+00       6.585117583139e-16       2.847168405502e-17       2.343223206289e-17 
 1707       5.359955176496e-11       1.668783482217e-12      -4.573951565717e-12       0.000000000000e+00       6.569593318247e-16       2.820006976109e-17       2.316270512315e-17 
 1708       5.366486091630e-11       1.650330524620e-12      -4.553519790175e-12       0.000000000000e+00       6.554114222596e-16       2.794027142019e-17       2.289326622923e-17 
 1709       5.372857257072e-11       1.631989440826e-12      -4.532157095246e-12       0.000000000000e+00       6.538680149425e-16       2.769173704586e-17       2.262384545846e-17 
 1710       5.379062805480e-11       1.613765769626e-12      -4.509877558089e-12       0.000000000000e+00       6.523290950335e-16       2.745391191638e-17       2.235437255425e-17 
 1711       5.385096844079e-11       1.595665073970e-12      -4.486695332728e-12       0.000000000000e+00       6.507946475289e-16       2.722623857069e-17       2.208477692558e-17 
 1712       5.390953454628e-11       1.577692940998e-12      -4.462624650177e-12       0.000000000000e+00       6.492646572608e-16       2.700815680431e-17       2.181498764654e-17 
 1713       5.396626693380e-11       1.559854982071e-12      -4.437679818551e-12       0.000000000000e+00       6.477391088967e-16       2.679910366527e-17       2.154493345580e-17 
 1714       5.402110591050e-11       1.542156832813e-12      -4.411875223187e-12       0.000000000000e+00       6.462179869395e-16       2.659851345005e-17       2.127454275615e-17 
 1715       5.407399152776e-11       1.524604153140e-12      -4.385225326759e-12       0.000000000000e+00       6.447012757269e-16       2.640581769948e-17       2.100374361396e-17 
 1716       5.412486358082e-11       1.507202627294e-12      -4.357744669400e-12       0.000000000000e+00       6.431889594310e-16       2.622044519468e-17       2.073246375875e-17 
 1717       5.417366160846e-11       1.489957963882e-12      -4.329447868814e-12       0.000000000000e+00       6.416810220585e-16       2.604182195300e-17       2.046063058266e-17 
 1718       5.422032489260e-11       1.472875895905e-12      -4.300349620397e-12       0.000000000000e+00       6.401774474500e-16       2.586937122390e-17       2.018817113995e-17 
 1719       5.426479245794e-11       1.455962180796e-12      -4.270464697356e-12       0.000000000000e+00       6.386782192798e-16       2.570251348494e-17       1.991501214654e-17 
 1720       5.430700307164e-11       1.439222600452e-12      -4.239807950821e-12       0.000000000000e+00       6.371833210557e-16       2.554066643766e-17       1.964107997948e-17 
 1721       5.434689524290e-11       1.422662961270e-12      -4.208394309967e-12       0.000000000000e+00       6.356927361186e-16       2.538324500350e-17       1.936630067647e-17 
 1722       5.438440722263e-11       1.406289094180e-12      -4.176238782133e-12       0.000000000000e+00       6.342064476421e-16       2.522966131978e-17       1.909059993539e-17 
 1723       5.441947700308e-11       1.390106854682e-12      -4.143356452934e-12       0.000000000000e+00       6.327244386324e-16       2.507932473555e-17       1.881390311379e-17 
 1724       5.445204231751e-11       1.374122122877e-12      -4.109762486382e-12       0.000000000000e+00       6.312466919281e-16       2.493164180759e-17       1.853613522837e-17 
 1725       5.448204063976e-11       1.358340803501e-12      -4.075472125005e-12       0.000000000000e+00       6.297731901996e-16       2.478601629629e-17       1.825722095455e-17 
 1726       5.450940918395e-11       1.342768825965e-12      -4.040500689960e-12       0.000000000000e+00       6.283039159489e-16       2.464184916158e-17       1.797708462590e-17 
 1727       5.453408490410e-11       1.327412144382e-12      -4.004863581156e-12       0.000000000000e+00       6.268388515093e-16       2.449853855887e-17       1.769565023372e-17 
 1728       5.455600449376e-11       1.312276737607e-12      -3.968576277368e-12       0.000000000000e+00       6.253779790455e-16       2.435547983497e-17       1.741284142650e-17 
 1729       5.457510438565e-11       1.297368609267e-12      -3.931654336354e-12       0.000000000000e+00       6.239212805525e-16       2.421206552401e-17       1.712858150945e-17 
 1730       5.459132075131e-11       1.282693787801e-12      -3.894113394976e-12       0.000000000000e+00       6.224687378560e-16       2.406768534339e-17       1.684279344399e-17 
 1731       5.460459997640e-11       1.268257540475e-12      -3.855969628023e-12       0.000000000000e+00       6.210203339828e-16       2.392196493035e-17       1.655542629760e-17 
 1732       5.461493018433e-11       1.254062008127e-12      -3.817241128705e-12       0.000000000000e+00       6.195760572855e-16       2.377548426675e-17       1.626653483880e-17 
 1733       5.462230997835e-11       1.240108550499e-12      -3.777946540063e-12       0.000000000000e+00       6.181358973523e-16       2.362906531900e-17       1.597620061400e-17 
 1734       5.462673799018e-11       1.226398530442e-12      -3.738104597456e-12       0.000000000000e+00       6.166998436387e-16       2.348353385401e-17       1.568450555879e-17 
 1735       5.462821288002e-11       1.212933313913e-12      -3.697734128697e-12       0.000000000000e+00       6.152678854670e-16       2.333971944471e-17       1.539153199851e-17 
 1736       5.462673333664e-11       1.199714269982e-12      -3.656854054188e-12       0.000000000000e+00       6.138400120270e-16       2.319845547551e-17       1.509736264883e-17 
 1737       5.462229807741e-11       1.186742770834e-12      -3.615483387058e-12       0.000000000000e+00       6.124162123745e-16       2.306057914779e-17       1.480208061631e-17 
 1738       5.461490584837e-11       1.174020191771e-12      -3.573641233295e-12       0.000000000000e+00       6.109964754321e-16       2.292693148540e-17       1.450576939894e-17 
 1739       5.460455542428e-11       1.161547911215e-12      -3.531346791886e-12       0.000000000000e+00       6.095807899884e-16       2.279835734010e-17       1.420851288675e-17 
 1740       5.459124560871e-11       1.149327310713e-12      -3.488619354951e-12       0.000000000000e+00       6.081691446980e-16       2.267570539707e-17       1.391039536234e-17 
 1741       5.457497523403e-11       1.137359774936e-12      -3.445478307880e-12       0.000000000000e+00       6.067615280810e-16       2.255982818040e-17       1.361150150147e-17 
 1742       5.455574316155e-11       1.125646691685e-12      -3.401943129466e-12       0.000000000000e+00       6.053579285232e-16       2.245158205854e-17       1.331191637361e-17 
 1743       5.453354828152e-11       1.114189451893e-12      -3.358033392044e-12       0.000000000000e+00       6.039583342754e-16       2.235182724982e-17       1.301172544250e-17 
 1744       5.450838951319e-11       1.102989449629e-12      -3.313768761627e-12       0.000000000000e+00       6.025627334534e-16       2.226142782788e-17       1.271101456674e-17 
 1745       5.448026580490e-11       1.092048082098e-12      -3.269168998038e-12       0.000000000000e+00       6.011711140376e-16       2.218125172722e-17       1.240987000035e-17 
 1746       5.444917613412e-11       1.081366749645e-12      -3.224253955053e-12       0.000000000000e+00       5.997834638731e-16       2.211217074861e-17       1.210837839331e-17 
 1747       5.441511950750e-11       1.070946855762e-12      -3.179043580529e-12       0.000000000000e+00       5.983997706690e-16       2.205506056463e-17       1.180662679215e-17 
 1748       5.437809496093e-11       1.060789807083e-12      -3.133557916545e-12       0.000000000000e+00       5.970200219985e-16       2.201080072512e-17       1.150470264053e-17 
 1749       5.433810155961e-11       1.050897013395e-12      -3.087817099536e-12       0.000000000000e+00       5.956442052985e-16       2.198027466267e-17       1.120269377975e-17 
 1750       5.429513839809e-11       1.041269887635e-12      -3.041841360431e-12       0.000000000000e+00       5.942723078695e-16       2.196436969809e-17       1.090068844939e-17 
 1751       5.424920460036e-11       1.031909845894e-12      -2.995651024784e-12       0.000000000000e+00       5.929043168750e-16       2.196397704592e-17       1.059877528781e-17 
 1752       5.420029931986e-11       1.022818307424e-12      -2.949266512917e-12       0.000000000000e+00       5.915402193418e-16       2.197999181987e-17       1.029704333276e-17 
 1753       5.414842173956e-11       1.013996694636e-12      -2.902708340050e-12       0.000000000000e+00       5.901800021593e-16       2.201331303835e-17       9.995582021918e-18 
 1754       5.409357107205e-11       1.005446433105e-12      -2.855997116440e-12       0.000000000000e+00       5.888236520795e-16       2.206484362993e-17       9.694481193480e-18 
 1755       5.403574655953e-11       9.971689515713e-13      -2.809153547515e-12       0.000000000000e+00       5.874711557167e-16       2.213549043878e-17       9.393831086705e-18 
 1756       5.397494747393e-11       9.891656819467e-13      -2.762198434011e-12       0.000000000000e+00       5.861224995473e-16       2.222616423022e-17       9.093722342494e-18 
 1757       5.391117311693e-11       9.814380593141e-13      -2.715152672109e-12       0.000000000000e+00       5.847776699093e-16       2.233777969619e-17       8.794246003948e-18 
 1758       5.384442282005e-11       9.739875219319e-13      -2.668037253569e-12       0.000000000000e+00       5.834366530025e-16       2.247125546066e-17       8.495493516939e-18 
 1759       5.377469594465e-11       9.668155112366e-13      -2.620873265867e-12       0.000000000000e+00       5.820994348880e-16       2.262751408522e-17       8.197556730674e-18 
 1760       5.370199188206e-11       9.599234718457e-13      -2.573681892330e-12       0.000000000000e+00       5.807660014877e-16       2.280748207446e-17       7.900527898262e-18 
 1761       5.362631005358e-11       9.533128515603e-13      -2.526484412273e-12       0.000000000000e+00       5.794363385848e-16       2.301208988153e-17       7.604499677277e-18 
 1762       5.354764991058e-11       9.469851013686e-13      -2.479302201134e-12       0.000000000000e+00       5.781104318228e-16       2.324227191358e-17       7.309565130326e-18 
 1763       5.346601093452e-11       9.409416754483e-13      -2.432156730610e-12       0.000000000000e+00       5.767882667055e-16       2.349896653725e-17       7.015817725616e-18 
 1764       5.338139263703e-11       9.351840311694e-13      -2.385069568795e-12       0.000000000000e+00       5.754698285970e-16       2.378311608415e-17       6.723351337517e-18 
 1765       5.329379455997e-11       9.297136290976e-13      -2.338062380312e-12       0.000000000000e+00       5.741551027214e-16       2.409566685635e-17       6.432260247131e-18 
 1766       5.320321627547e-11       9.245319329967e-13      -2.291156926452e-12       0.000000000000e+00       5.728440741620e-16       2.443756913185e-17       6.142639142855e-18 
 1767       5.310965738601e-11       9.196404098317e-13      -2.244375065310e-12       0.000000000000e+00       5.715367278618e-16       2.480977717007e-17       5.854583120948e-18 
 1768       5.301311752444e-11       9.150405297717e-13      -2.197738751918e-12       0.000000000000e+00       5.702330486230e-16       2.521324921734e-17       5.568187686098e-18 
 1769       5.291359635410e-11       9.107337661925e-13      -2.151270038384e-12       0.000000000000e+00       5.689330211066e-16       2.564894751234e-17       5.283548751986e-18 
 1770       5.281109356882e-11       9.067215956800e-13      -2.104991074026e-12       0.000000000000e+00       5.676366298322e-16       2.611783829165e-17       5.000762641853e-18 
 1771       5.270561588426e-11       9.030048163750e-13      -2.058922498807e-12       0.000000000000e+00       5.663438603026e-16       2.662051011101e-17       4.719903413966e-18 
 1772       5.259719807502e-11       8.995814968452e-13      -2.013078608839e-12       0.000000000000e+00       5.650547023875e-16       2.715602535003e-17       4.440954632028e-18 
 1773       5.248588211145e-11       8.964490102719e-13      -1.967472151205e-12       0.000000000000e+00       5.637691469674e-16       2.772305922908e-17       4.163877032151e-18 
 1774       5.237171018450e-11       8.936047145460e-13      -1.922115927108e-12       0.000000000000e+00       5.624871848108e-16       2.832028062295e-17       3.888631146486e-18 
 1775       5.225472470608e-11       8.910459522448e-13      -1.877022791949e-12       0.000000000000e+00       5.612088065743e-16       2.894635205179e-17       3.615177302924e-18 
 1776       5.213496830931e-11       8.887700506090e-13      -1.832205655396e-12       0.000000000000e+00       5.599340028024e-16       2.959992967193e-17       3.343475624788e-18 
 1777       5.201248384892e-11       8.867743215193e-13      -1.787677481466e-12       0.000000000000e+00       5.586627639272e-16       3.027966326682e-17       3.073486030540e-18 
 1778       5.188731440152e-11       8.850560614736e-13      -1.743451288591e-12       0.000000000000e+00       5.573950802683e-16       3.098419623792e-17       2.805168233475e-18 
 1779       5.175950326595e-11       8.836125515633e-13      -1.699540149700e-12       0.000000000000e+00       5.561309420325e-16       3.171216559553e-17       2.538481741418e-18 
 1780       5.162909396361e-11       8.824410574503e-13      -1.655957192289e-12       0.000000000000e+00       5.548703393138e-16       3.246220194974e-17       2.273385856428e-18 
 1781       5.149613023876e-11       8.815388293441e-13      -1.612715598496e-12       0.000000000000e+00       5.536132620928e-16       3.323292950128e-17       2.009839674496e-18 
 1782       5.136065605888e-11       8.809031019784e-13      -1.569828605178e-12       0.000000000000e+00       5.523597002370e-16       3.402296603241e-17       1.747802085239e-18 
 1783       5.122271561496e-11       8.805310945878e-13      -1.527309503982e-12       0.000000000000e+00       5.511096435002e-16       3.483092289782e-17       1.487231771603e-18 
 1784       5.108235332186e-11       8.804200108847e-13      -1.485171641422e-12       0.000000000000e+00       5.498630815226e-16       3.565540501551e-17       1.228087209561e-18 
 1785       5.093961381858e-11       8.805670390363e-13      -1.443428418953e-12       0.000000000000e+00       5.486200038303e-16       3.649501085768e-17       9.703266678130e-19 
 1786       5.079454196867e-11       8.809693516412e-13      -1.402093293044e-12       0.000000000000e+00       5.473803998353e-16       3.734833244159e-17       7.139082074814e-19 
 1787       5.064718286046e-11       8.816241057063e-13      -1.361179775255e-12       0.000000000000e+00       5.461442588355e-16       3.821395532050e-17       4.587896818128e-19 
 1788       5.049758180745e-11       8.825284426237e-13      -1.320701432309e-12       0.000000000000e+00       5.449115700139e-16       3.909045857452e-17       2.049287358761e-19 
 1789       5.034578434862e-11       8.836794881473e-13      -1.280671886168e-12       0.000000000000e+00       5.436823224390e-16       3.997641480147e-17      -4.771719373922e-20 
 1790       5.019183624874e-11       8.850743523698e-13      -1.241104814106e-12       0.000000000000e+00       5.424565050643e-16       4.087039010785e-17      -2.991908792236e-19 
 1791       5.003578349870e-11       8.867101296995e-13      -1.202013948787e-12       0.000000000000e+00       5.412341067282e-16       4.177094409963e-17      -5.495353018492e-19 
 1792       4.987767231586e-11       8.885838988370e-13      -1.163413078334e-12       0.000000000000e+00       5.400151161538e-16       4.267662987321e-17      -7.987936522706e-19 
 1793       4.971754914434e-11       8.906927227522e-13      -1.125316046410e-12       0.000000000000e+00       5.387995219486e-16       4.358599400628e-17      -1.047009330826e-18 
 1794       4.955546065536e-11       8.930336486609e-13      -1.087736752285e-12       0.000000000000e+00       5.375873126044e-16       4.449757654867e-17      -1.294225947839e-18 
 1795       4.939145374756e-11       8.956037080019e-13      -1.050689150916e-12       0.000000000000e+00       5.363784764971e-16       4.540991101333e-17      -1.540487323920e-18 
 1796       4.922557554734e-11       8.983999164135e-13      -1.014187253023e-12       0.000000000000e+00       5.351730018865e-16       4.632152436710e-17      -1.785837490264e-18 
 1797       4.905787340917e-11       9.014192737106e-13      -9.782451251547e-13       0.000000000000e+00       5.339708769160e-16       4.723093702170e-17      -2.030320688958e-18 
 1798       4.888839491592e-11       9.046587638612e-13      -9.428768897733e-13       0.000000000000e+00       5.327720896124e-16       4.813666282455e-17      -2.273981373275e-18 
 1799       4.871718787918e-11       9.081153549638e-13      -9.080967253223e-13       0.000000000000e+00       5.315766278862e-16       4.903720904968e-17      -2.516864207984e-18 
 1800       4.854430033959e-11       9.117859992234e-13      -8.739188663034e-13       0.000000000000e+00       5.303844795304e-16       4.993107638863e-17      -2.759014069640e-18 
 1801       4.836978056716e-11       9.156676329289e-13      -8.403576033508e-13       0.000000000000e+00       5.291956322214e-16       5.081675894130e-17      -3.000476046896e-18 
 1802       4.819367706161e-11       9.197571764299e-13      -8.074272833052e-13       0.000000000000e+00       5.280100735180e-16       5.169274420686e-17      -3.241295440796e-18 
 1803       4.801603855268e-11       9.240515341132e-13      -7.751423092888e-13       0.000000000000e+00       5.268277908615e-16       5.255751307467e-17      -3.481517765083e-18 
 1804       4.783691400044e-11       9.285475943799e-13      -7.435171407794e-13       0.000000000000e+00       5.256487715756e-16       5.340953981509e-17      -3.721188746494e-18 
 1805       4.765635259565e-11       9.332422296220e-13      -7.125662936852e-13       0.000000000000e+00       5.244730028660e-16       5.424729207042e-17      -3.960354325065e-18 
 1806       4.747440376008e-11       9.381322961996e-13      -6.823043404190e-13       0.000000000000e+00       5.233004718204e-16       5.506923084579e-17      -4.199060654431e-18 
 1807       4.729111714679e-11       9.432146344171e-13      -6.527459099727e-13       0.000000000000e+00       5.221311654081e-16       5.587381050001e-17      -4.437354102128e-18 
 1808       4.710654264052e-11       9.484860685007e-13      -6.239056879921e-13       0.000000000000e+00       5.209650704799e-16       5.665947873650e-17      -4.675281249892e-18 
 1809       4.692073035796e-11       9.539434065746e-13      -5.957984168509e-13       0.000000000000e+00       5.198021737680e-16       5.742467659414e-17      -4.912888893962e-18 
 1810       4.673373064810e-11       9.595834406384e-13      -5.684388957256e-13       0.000000000000e+00       5.186424618855e-16       5.816783843817e-17      -5.150224045383e-18 
 1811       4.654559431965e-11       9.654027393917e-13      -5.418395787655e-13       0.000000000000e+00       5.174859222928e-16       5.888780702340e-17      -5.387310152495e-18 
 1812       4.635637332450e-11       9.713970249259e-13      -5.160033482339e-13       0.000000000000e+00       5.163325462038e-16       5.958508236910e-17      -5.624075557740e-18 
 1813       4.616612008044e-11       9.775617909497e-13      -4.909306831198e-13       0.000000000000e+00       5.151823257029e-16       6.026058295731e-17      -5.860424463367e-18 
 1814       4.597488724486e-11       9.838925094534e-13      -4.666220557281e-13       0.000000000000e+00       5.140352527800e-16       6.091523158255e-17      -6.096260656188e-18 
 1815       4.578272771514e-11       9.903846306775e-13      -4.430779316660e-13       0.000000000000e+00       5.128913193312e-16       6.154995535798e-17      -6.331487507018e-18 
 1816       4.558969462891e-11       9.970335830825e-13      -4.202987698299e-13       0.000000000000e+00       5.117505171581e-16       6.216568572137e-17      -6.566007970102e-18 
 1817       4.539584136447e-11       1.003834773318e-12      -3.982850223922e-13       0.000000000000e+00       5.106128379677e-16       6.276335844122e-17      -6.799724582547e-18 
 1818       4.520122154106e-11       1.010783586191e-12      -3.770371347875e-13       0.000000000000e+00       5.094782733724e-16       6.334391362282e-17      -7.032539463755e-18 
 1819       4.500588901921e-11       1.017875384637e-12      -3.565555456995e-13       0.000000000000e+00       5.083468148897e-16       6.390829571431e-17      -7.264354314855e-18 
 1820       4.480989790109e-11       1.025105509689e-12      -3.368406870475e-13       0.000000000000e+00       5.072184539420e-16       6.445745351272e-17      -7.495070418133e-18 
 1821       4.461330253080e-11       1.032469280443e-12      -3.178929839735e-13       0.000000000000e+00       5.060931818568e-16       6.499234017008e-17      -7.724588636464e-18 
 1822       4.441615749477e-11       1.039961994034e-12      -2.997128548282e-13       0.000000000000e+00       5.049709898660e-16       6.551391319945e-17      -7.952809412744e-18 
 1823       4.421851762204e-11       1.047578925598e-12      -2.823007111580e-13       0.000000000000e+00       5.038518691060e-16       6.602313448102e-17      -8.179632769323e-18 
 1824       4.402043798460e-11       1.055315328247e-12      -2.656569576917e-13       0.000000000000e+00       5.027358106177e-16       6.652097026811e-17      -8.404958307435e-18 
 1825       4.382197389774e-11       1.063166433035e-12      -2.497819923270e-13       0.000000000000e+00       5.016228053460e-16       6.700839119333e-17      -8.628685206628e-18 
 1826       4.362318092037e-11       1.071127448930e-12      -2.346762061170e-13       0.000000000000e+00       5.005128441399e-16       6.748637227456e-17      -8.850712224202e-18 
 1827       4.342411485538e-11       1.079193562777e-12      -2.203399832574e-13       0.000000000000e+00       4.994059177522e-16       6.795589292105e-17      -9.070937694632e-18 
 1828       4.322483174992e-11       1.087359939277e-12      -2.067737010725e-13       0.000000000000e+00       4.983020168394e-16       6.841793693949e-17      -9.289259529006e-18 
 1829       4.302538789578e-11       1.095621720948e-12      -1.939777300021e-13       0.000000000000e+00       4.972011319615e-16       6.887349254007e-17      -9.505575214456e-18 
 1830       4.282583982971e-11       1.103974028097e-12      -1.819524335884e-13       0.000000000000e+00       4.961032535818e-16       6.932355234255e-17      -9.719781813587e-18 
 1831       4.262624433375e-11       1.112411958791e-12      -1.706981684622e-13       0.000000000000e+00       4.950083720670e-16       6.976911338230e-17      -9.931775963910e-18 
 1832       4.242665843557e-11       1.120930588823e-12      -1.602152843299e-13       0.000000000000e+00       4.939164776865e-16       7.021117711639e-17      -1.014145387727e-17 
 1833       4.222713940878e-11       1.129524971684e-12      -1.505041239599e-13       0.000000000000e+00       4.928275606129e-16       7.065074942967e-17      -1.034871133930e-17 
 1834       4.202774477329e-11       1.138190138530e-12      -1.415650231694e-13       0.000000000000e+00       4.917416109212e-16       7.108884064079e-17      -1.055344370880e-17 
 1835       4.182853229564e-11       1.146921098154e-12      -1.333983108110e-13       0.000000000000e+00       4.906586185891e-16       7.152646550829e-17      -1.075554591724e-17 
 1836       4.162955998933e-11       1.155712836953e-12      -1.260043087594e-13       0.000000000000e+00       4.895785734967e-16       7.196464323667e-17      -1.095491246812e-17 
 1837       4.143088611513e-11       1.164560318897e-12      -1.193833318978e-13       0.000000000000e+00       4.885014654262e-16       7.240439748246e-17      -1.115143743647e-17 
 1838       4.123256918145e-11       1.173458485501e-12      -1.135356881049e-13       0.000000000000e+00       4.874272840619e-16       7.284675636026e-17      -1.134501446821e-17 
 1839       4.103466794465e-11       1.182402255789e-12      -1.084616782414e-13       0.000000000000e+00       4.863560189900e-16       7.329275244882e-17      -1.153553677966e-17 
 1840       4.083724140939e-11       1.191386526271e-12      -1.041615961366e-13       0.000000000000e+00       4.852876596984e-16       7.374342279712e-17      -1.172289715691e-17 
 1841       4.064034882895e-11       1.200406170904e-12      -1.006357285748e-13       0.000000000000e+00       4.842221955766e-16       7.419980893039e-17      -1.190698795526e-17 
 1842       4.044404970555e-11       1.209456041067e-12      -9.788435528266e-14       0.000000000000e+00       4.831596159153e-16       7.466295685623e-17      -1.208770109869e-17 
 1843       4.024840379071e-11       1.218530965528e-12      -9.590774891511e-14       0.000000000000e+00       4.820999099068e-16       7.513391707065e-17      -1.226492807925e-17 
 1844       4.005347108558e-11       1.227625750414e-12      -9.470617504238e-14       0.000000000000e+00       4.810430666441e-16       7.561374456413e-17      -1.243855995651e-17 
 1845       3.985931184126e-11       1.236735179179e-12      -9.427989213654e-14       0.000000000000e+00       4.799890751212e-16       7.610349882767e-17      -1.260848735700e-17 
 1846       3.966598655914e-11       1.245854012575e-12      -9.462915155815e-14       0.000000000000e+00       4.789379242331e-16       7.660424385892e-17      -1.277460047361e-17 
 1847       3.947355599123e-11       1.254976988619e-12      -9.575419754292e-14       0.000000000000e+00       4.778896027751e-16       7.711704816814e-17      -1.293678906507e-17 
 1848       3.928208114049e-11       1.264098822564e-12      -9.765526718834e-14       0.000000000000e+00       4.768440994429e-16       7.764298478439e-17      -1.309494245533e-17 
 1849       3.909162326118e-11       1.273214206869e-12      -1.003325904404e-13       0.000000000000e+00       4.758014028326e-16       7.818313126148e-17      -1.324894953303e-17 
 1850       3.890224385918e-11       1.282317811165e-12      -1.037863900800e-13       0.000000000000e+00       4.747615014403e-16       7.873856968411e-17      -1.339869875092e-17 
 1851       3.871399933792e-11       1.291404590162e-12      -1.080151794734e-13       0.000000000000e+00       4.737243844776e-16       7.931004737205e-17      -1.354410924508e-17 
 1852       3.852692488925e-11       1.300470710076e-12      -1.130106411348e-13       0.000000000000e+00       4.726900443250e-16       7.989695604770e-17      -1.368522446281e-17 
 1853       3.834105047589e-11       1.309512629465e-12      -1.187627076463e-13       0.000000000000e+00       4.716584740975e-16       8.049834460981e-17      -1.382211927386e-17 
 1854       3.815640617440e-11       1.318526791936e-12      -1.252612601459e-13       0.000000000000e+00       4.706296668307e-16       8.111325769686e-17      -1.395486891833e-17 
 1855       3.797302217532e-11       1.327509626129e-12      -1.324961282547e-13       0.000000000000e+00       4.696036154806e-16       8.174073568128e-17      -1.408354900720e-17 
 1856       3.779092878334e-11       1.336457545697e-12      -1.404570900038e-13       0.000000000000e+00       4.685803129238e-16       8.237981466359e-17      -1.420823552284e-17 
 1857       3.761015641742e-11       1.345366949280e-12      -1.491338717616e-13       0.000000000000e+00       4.675597519569e-16       8.302952646667e-17      -1.432900481955e-17 
 1858       3.743073561094e-11       1.354234220494e-12      -1.585161481605e-13       0.000000000000e+00       4.665419252967e-16       8.368889862985e-17      -1.444593362407e-17 
 1859       3.725269701185e-11       1.363055727904e-12      -1.685935420243e-13       0.000000000000e+00       4.655268255798e-16       8.435695440316e-17      -1.455909903610e-17 
 1860       3.707607138283e-11       1.371827825007e-12      -1.793556242950e-13       0.000000000000e+00       4.645144453629e-16       8.503271274153e-17      -1.466857852881e-17 
 1861       3.690088960142e-11       1.380546850212e-12      -1.907919139601e-13       0.000000000000e+00       4.635047771222e-16       8.571518829890e-17      -1.477444994939e-17 
 1862       3.672718266015e-11       1.389209126820e-12      -2.028918779794e-13       0.000000000000e+00       4.624978132533e-16       8.640339142249e-17      -1.487679151955e-17 
 1863       3.655498166673e-11       1.397810963001e-12      -2.156449312122e-13       0.000000000000e+00       4.614935460716e-16       8.709632814696e-17      -1.497568183604e-17 
 1864       3.638431784414e-11       1.406348651781e-12      -2.290404363444e-13       0.000000000000e+00       4.604919678113e-16       8.779300018857e-17      -1.507119987118e-17 
 1865       3.621522253084e-11       1.414818471014e-12      -2.430677038156e-13       0.000000000000e+00       4.594930706262e-16       8.849240493942e-17      -1.516342497337e-17 
 1866       3.604772718086e-11       1.423216683366e-12      -2.577159917459e-13       0.000000000000e+00       4.584968465887e-16       8.919353546158e-17      -1.525243686764e-17 
 1867       3.588186336396e-11       1.431539536297e-12      -2.729745058632e-13       0.000000000000e+00       4.575032876905e-16       8.989538048132e-17      -1.533831565613e-17 
 1868       3.571766276580e-11       1.439783262036e-12      -2.888323994301e-13       0.000000000000e+00       4.565123858416e-16       9.059692438328e-17      -1.542114181863e-17 
 1869       3.555515718806e-11       1.447944077566e-12      -3.052787731711e-13       0.000000000000e+00       4.555241328710e-16       9.129714720468e-17      -1.550099621312e-17 
 1870       3.539437854861e-11       1.456018184600e-12      -3.223026751996e-13       0.000000000000e+00       4.545385205259e-16       9.199502462947e-17      -1.557796007625e-17 
 1871       3.523535888160e-11       1.464001769564e-12      -3.398931009450e-13       0.000000000000e+00       4.535555404719e-16       9.268952798254e-17      -1.565211502389e-17 
 1872       3.507813033769e-11       1.471891003574e-12      -3.580389930797e-13       0.000000000000e+00       4.525751842928e-16       9.337962422391e-17      -1.572354305166e-17 
 1873       3.492272518414e-11       1.479682042422e-12      -3.767292414460e-13       0.000000000000e+00       4.515974434906e-16       9.406427594291e-17      -1.579232653542e-17 
 1874       3.476917580494e-11       1.487371026546e-12      -3.959526829834e-13       0.000000000000e+00       4.506223094851e-16       9.474244135237e-17      -1.585854823180e-17 
 1875       3.461751470101e-11       1.494954081020e-12      -4.156981016559e-13       0.000000000000e+00       4.496497736139e-16       9.541307428282e-17      -1.592229127876e-17 
 1876       3.446777449032e-11       1.502427315528e-12      -4.359542283783e-13       0.000000000000e+00       4.486798271322e-16       9.607512417665e-17      -1.598363919604e-17 
 1877       3.431998790801e-11       1.509786824348e-12      -4.567097409439e-13       0.000000000000e+00       4.477124612129e-16       9.672753608233e-17      -1.604267588574e-17 
 1878       3.417418780660e-11       1.517028686328e-12      -4.779532639514e-13       0.000000000000e+00       4.467476669462e-16       9.736925064856e-17      -1.609948563283e-17 
 1879       3.403040715606e-11       1.524148964868e-12      -4.996733687320e-13       0.000000000000e+00       4.457854353395e-16       9.799920411849e-17      -1.615415310563e-17 
 1880       3.388867904401e-11       1.531143707901e-12      -5.218585732760e-13       0.000000000000e+00       4.448257573174e-16       9.861632832392e-17      -1.620676335640e-17 
 1881       3.374903667583e-11       1.538008947871e-12      -5.444973421606e-13       0.000000000000e+00       4.438686237216e-16       9.921955067942e-17      -1.625740182179e-17 
 1882       3.361151337485e-11       1.544740701715e-12      -5.675780864766e-13       0.000000000000e+00       4.429140253104e-16       9.980779417660e-17      -1.630615432343e-17 
 1883       3.347614258244e-11       1.551334970840e-12      -5.910891637552e-13       0.000000000000e+00       4.419619527589e-16       1.003799773782e-16      -1.635310706838e-17 
 1884       3.334295785822e-11       1.557787741109e-12      -6.150188778956e-13       0.000000000000e+00       4.410123966590e-16       1.009350144125e-16      -1.639834664972e-17 
 1885       3.321199288013e-11       1.564094982813e-12      -6.393554790914e-13       0.000000000000e+00       4.400653475187e-16       1.014718149672e-16      -1.644196004701e-17 
 1886       3.308328144465e-11       1.570252650658e-12      -6.640871637585e-13       0.000000000000e+00       4.391207957627e-16       1.019892842836e-16      -1.648403462685e-17 
 1887       3.295685746688e-11       1.576256683739e-12      -6.892020744613e-13       0.000000000000e+00       4.381787317315e-16       1.024863231514e-16      -1.652465814341e-17 
 1888       3.283275498076e-11       1.582103005527e-12      -7.146882998402e-13       0.000000000000e+00       4.372391456819e-16       1.029618279020e-16      -1.656391873889e-17 
 1889       3.271100813913e-11       1.587787523843e-12      -7.405338745389e-13       0.000000000000e+00       4.363020277866e-16       1.034146904032e-16      -1.660190494411e-17 
 1890       3.259165121394e-11       1.593306130839e-12      -7.667267791308e-13       0.000000000000e+00       4.353673681339e-16       1.038437980536e-16      -1.663870567901e-17 
 1891       3.247471179907e-11       1.598655271500e-12      -7.932547875562e-13       0.000000000000e+00       4.344351574221e-16       1.042483754756e-16      -1.667439135369e-17 
 1892       3.236019036096e-11       1.603833653986e-12      -8.201050082880e-13       0.000000000000e+00       4.335053890469e-16       1.046290125004e-16      -1.670895701065e-17 
 1893       3.224808052999e-11       1.608840552484e-12      -8.472643394692e-13       0.000000000000e+00       4.325780570299e-16       1.049866441274e-16      -1.674237874361e-17 
 1894       3.213837588339e-11       1.613675239891e-12      -8.747196210035e-13       0.000000000000e+00       4.316531553253e-16       1.053222095530e-16      -1.677463255683e-17 
 1895       3.203106994508e-11       1.618336987813e-12      -9.024576344767e-13       0.000000000000e+00       4.307306778205e-16       1.056366521759e-16      -1.680569436505e-17 
 1896       3.192615618566e-11       1.622825066564e-12      -9.304651030792e-13       0.000000000000e+00       4.298106183351e-16       1.059309196028e-16      -1.683553999336e-17 
 1897       3.182362802229e-11       1.627138745167e-12      -9.587286915274e-13       0.000000000000e+00       4.288929706215e-16       1.062059636545e-16      -1.686414517709e-17 
 1898       3.172347881859e-11       1.631277291348e-12      -9.872350059859e-13       0.000000000000e+00       4.279777283646e-16       1.064627403709e-16      -1.689148556170e-17 
 1899       3.162570188462e-11       1.635239971541e-12      -1.015970593990e-12       0.000000000000e+00       4.270648851815e-16       1.067022100170e-16      -1.691753670265e-17 
 1900       3.153029047674e-11       1.639026050884e-12      -1.044921944365e-12       0.000000000000e+00       4.261544346216e-16       1.069253370885e-16      -1.694227406531e-17 
 1901       3.143723779756e-11       1.642634793216e-12      -1.074075487154e-12       0.000000000000e+00       4.252463701663e-16       1.071330903175e-16      -1.696567302484e-17 
 1902       3.134653699583e-11       1.646065461083e-12      -1.103417593532e-12       0.000000000000e+00       4.243406852292e-16       1.073264426778e-16      -1.698770886605e-17 
 1903       3.125818116638e-11       1.649317315729e-12      -1.132934575735e-12       0.000000000000e+00       4.234373731555e-16       1.075063713913e-16      -1.700835678336e-17 
 1904       3.117216335004e-11       1.652389617101e-12      -1.162612686977e-12       0.000000000000e+00       4.225364272225e-16       1.076738579329e-16      -1.702759188058e-17 
 1905       3.108847653355e-11       1.655281623844e-12      -1.192438121374e-12       0.000000000000e+00       4.216378406389e-16       1.078298880363e-16      -1.704538917091e-17 
 1906       3.100711364946e-11       1.657992593304e-12      -1.222397013867e-12       0.000000000000e+00       4.207416065451e-16       1.079754517001e-16      -1.706172357674e-17 
 1907       3.092806757608e-11       1.660521781525e-12      -1.252475440141e-12       0.000000000000e+00       4.198477180129e-16       1.081115431929e-16      -1.707656992957e-17 
 1908       3.085133113739e-11       1.662868443245e-12      -1.282659416550e-12       0.000000000000e+00       4.189561680455e-16       1.082391610592e-16      -1.708990296991e-17 
 1909       3.077689710292e-11       1.665031831903e-12      -1.312934900037e-12       0.000000000000e+00       4.180669495772e-16       1.083593081251e-16      -1.710169734715e-17 
 1910       3.070475818774e-11       1.667011199630e-12      -1.343287788056e-12       0.000000000000e+00       4.171800554734e-16       1.084729915039e-16      -1.711192761946e-17 
 1911       3.063490705230e-11       1.668805797252e-12      -1.373703918495e-12       0.000000000000e+00       4.162954785307e-16       1.085812226015e-16      -1.712056825365e-17 
 1912       3.056733630239e-11       1.670414874290e-12      -1.404169069598e-12       0.000000000000e+00       4.154132114763e-16       1.086850171226e-16      -1.712759362508e-17 
 1913       3.050203848908e-11       1.671837678955e-12      -1.434668959885e-12       0.000000000000e+00       4.145332469685e-16       1.087853950757e-16      -1.713297801756e-17 
 1914       3.043900610858e-11       1.673073458153e-12      -1.465189248076e-12       0.000000000000e+00       4.136555775959e-16       1.088833807792e-16      -1.713669562321e-17 
 1915       3.037823160220e-11       1.674121457478e-12      -1.495715533012e-12       0.000000000000e+00       4.127801958780e-16       1.089800028671e-16      -1.713872054234e-17 
 1916       3.031970735624e-11       1.674980921216e-12      -1.526233353579e-12       0.000000000000e+00       4.119070942645e-16       1.090762942941e-16      -1.713902678338e-17 
 1917       3.026342570194e-11       1.675651092340e-12      -1.556728188624e-12       0.000000000000e+00       4.110362651354e-16       1.091732923418e-16      -1.713758826274e-17 
 1918       3.020937891537e-11       1.676131212512e-12      -1.587185456886e-12       0.000000000000e+00       4.101677008013e-16       1.092720386242e-16      -1.713437880467e-17 
 1919       3.015755921738e-11       1.676420522082e-12      -1.617590516909e-12       0.000000000000e+00       4.093013935023e-16       1.093735790933e-16      -1.712937214120e-17 
 1920       3.010795877346e-11       1.676518260086e-12      -1.647928666970e-12       0.000000000000e+00       4.084373354091e-16       1.094789640447e-16      -1.712254191201e-17 
 1921       3.006056969372e-11       1.676423664243e-12      -1.678185144998e-12       0.000000000000e+00       4.075755186219e-16       1.095892481233e-16      -1.711386166428e-17 
 1922       3.001538403277e-11       1.676135970960e-12      -1.708345128497e-12       0.000000000000e+00       4.067159351707e-16       1.097054903289e-16      -1.710330485264e-17 
 1923       2.997239378965e-11       1.675654415325e-12      -1.738393734469e-12       0.000000000000e+00       4.058585770154e-16       1.098287540221e-16      -1.709084483900e-17 
 1924       2.993159090776e-11       1.674978231109e-12      -1.768316019333e-12       0.000000000000e+00       4.050034360453e-16       1.099601069295e-16      -1.707645489247e-17 
 1925       2.989296727475e-11       1.674106650766e-12      -1.798096978850e-12       0.000000000000e+00       4.041505040790e-16       1.101006211499e-16      -1.706010818924e-17 
 1926       2.985651472246e-11       1.673038905430e-12      -1.827721548042e-12       0.000000000000e+00       4.032997728646e-16       1.102513731593e-16      -1.704177781246e-17 
 1927       2.982222502683e-11       1.671774224915e-12      -1.857174601118e-12       0.000000000000e+00       4.024512340794e-16       1.104134438172e-16      -1.702143675214e-17 
 1928       2.979008990780e-11       1.670311837713e-12      -1.886440951391e-12       0.000000000000e+00       4.016048793298e-16       1.105879183717e-16      -1.699905790503e-17 
 1929       2.976010102929e-11       1.668650970995e-12      -1.915505351203e-12       0.000000000000e+00       4.007607001511e-16       1.107758864655e-16      -1.697461407450e-17 
 1930       2.973224999902e-11       1.666790850610e-12      -1.944352491848e-12       0.000000000000e+00       3.999186880077e-16       1.109784421416e-16      -1.694807797043e-17 
 1931       2.970652427951e-11       1.664731169468e-12      -1.972968224514e-12       0.000000000000e+00       3.990788348837e-16       1.111963499965e-16      -1.691943026159e-17 
 1932       2.968289488710e-11       1.662473496588e-12      -2.001343233395e-12       0.000000000000e+00       3.982411350620e-16       1.114290408638e-16      -1.688868379965e-17 
 1933       2.966132859948e-11       1.660019878729e-12      -2.029469390266e-12       0.000000000000e+00       3.974055833588e-16       1.116756085304e-16      -1.685585957853e-17 
 1934       2.964179203605e-11       1.657372372985e-12      -2.057338535946e-12       0.000000000000e+00       3.965721745332e-16       1.119351428917e-16      -1.682097869873e-17 
 1935       2.962425165769e-11       1.654533046807e-12      -2.084942480258e-12       0.000000000000e+00       3.957409032876e-16       1.122067299474e-16      -1.678406236751e-17 
 1936       2.960867376655e-11       1.651503978007e-12      -2.112273001996e-12       0.000000000000e+00       3.949117642672e-16       1.124894517957e-16      -1.674513189899e-17 
 1937       2.959502450585e-11       1.648287254779e-12      -2.139321848880e-12       0.000000000000e+00       3.940847520603e-16       1.127823866285e-16      -1.670420871433e-17 
 1938       2.958326985963e-11       1.644884975713e-12      -2.166080737521e-12       0.000000000000e+00       3.932598611979e-16       1.130846087263e-16      -1.666131434186e-17 
 1939       2.957337565258e-11       1.641299249803e-12      -2.192541353380e-12       0.000000000000e+00       3.924370861536e-16       1.133951884532e-16      -1.661647041724e-17 
 1940       2.956530754979e-11       1.637532196471e-12      -2.218695350730e-12       0.000000000000e+00       3.916164213436e-16       1.137131922517e-16      -1.656969868359e-17 
 1941       2.955903105656e-11       1.633585945571e-12      -2.244534352618e-12       0.000000000000e+00       3.907978611268e-16       1.140376826373e-16      -1.652102099163e-17 
 1942       2.955451151818e-11       1.629462637411e-12      -2.270049950826e-12       0.000000000000e+00       3.899813998044e-16       1.143677181942e-16      -1.647045929987e-17 
 1943       2.955171411971e-11       1.625164422761e-12      -2.295233705831e-12       0.000000000000e+00       3.891670316200e-16       1.147023535694e-16      -1.641803567471e-17 
 1944       2.955060388576e-11       1.620693462874e-12      -2.320077146768e-12       0.000000000000e+00       3.883547507592e-16       1.150406394680e-16      -1.636377229058e-17 
 1945       2.955114568031e-11       1.616051929493e-12      -2.344571771388e-12       0.000000000000e+00       3.875445513501e-16       1.153816226482e-16      -1.630769143015e-17 
 1946       2.955330420645e-11       1.611242004869e-12      -2.368709046024e-12       0.000000000000e+00       3.867364274626e-16       1.157243459158e-16      -1.624981548440e-17 
 1947       2.955704400621e-11       1.606265881777e-12      -2.392480405548e-12       0.000000000000e+00       3.859303731087e-16       1.160678481198e-16      -1.619016695282e-17 
 1948       2.956232946030e-11       1.601125763526e-12      -2.415877253336e-12       0.000000000000e+00       3.851263822421e-16       1.164111641464e-16      -1.612876844352e-17 
 1949       2.956912478795e-11       1.595823863973e-12      -2.438890961225e-12       0.000000000000e+00       3.843244487585e-16       1.167533249147e-16      -1.606564267340e-17 
 1950       2.957739404665e-11       1.590362407543e-12      -2.461512869476e-12       0.000000000000e+00       3.835245664950e-16       1.170933573712e-16      -1.600081246829e-17 
 1951       2.958710113195e-11       1.584743629238e-12      -2.483734286738e-12       0.000000000000e+00       3.827267292306e-16       1.174302844849e-16      -1.593430076311e-17 
 1952       2.959820977726e-11       1.578969774650e-12      -2.505546490005e-12       0.000000000000e+00       3.819309306856e-16       1.177631252419e-16      -1.586613060196e-17 
 1953       2.961068355364e-11       1.573043099980e-12      -2.526940724579e-12       0.000000000000e+00       3.811371645217e-16       1.180908946409e-16      -1.579632513835e-17 
 1954       2.962448586954e-11       1.566965872050e-12      -2.547908204032e-12       0.000000000000e+00       3.803454243421e-16       1.184126036874e-16      -1.572490763528e-17 
 1955       2.963957997064e-11       1.560740368315e-12      -2.568440110166e-12       0.000000000000e+00       3.795557036910e-16       1.187272593892e-16      -1.565190146541e-17 
 1956       2.965592893961e-11       1.554368876881e-12      -2.588527592974e-12       0.000000000000e+00       3.787679960539e-16       1.190338647508e-16      -1.557733011121e-17 
 1957       2.967349569591e-11       1.547853696515e-12      -2.608161770604e-12       0.000000000000e+00       3.779822948571e-16       1.193314187688e-16      -1.550121716510e-17 
 1958       2.969224299556e-11       1.541197136664e-12      -2.627333729315e-12       0.000000000000e+00       3.771985934682e-16       1.196189164266e-16      -1.542358632961e-17 
 1959       2.971213343092e-11       1.534401517464e-12      -2.646034523444e-12       0.000000000000e+00       3.764168851953e-16       1.198953486891e-16      -1.534446141748e-17 
 1960       2.973312943053e-11       1.527469169759e-12      -2.664255175363e-12       0.000000000000e+00       3.756371632875e-16       1.201597024980e-16      -1.526386635189e-17 
 1961       2.975519325881e-11       1.520402435110e-12      -2.681986675443e-12       0.000000000000e+00       3.748594209345e-16       1.204109607663e-16      -1.518182516650e-17 
 1962       2.977828701593e-11       1.513203665815e-12      -2.699219982012e-12       0.000000000000e+00       3.740836512665e-16       1.206481023736e-16      -1.509836200570e-17 
 1963       2.980237263754e-11       1.505875224919e-12      -2.715946021321e-12       0.000000000000e+00       3.733098473542e-16       1.208701021609e-16      -1.501350112469e-17 
 1964       2.982741189456e-11       1.498419486227e-12      -2.732155687499e-12       0.000000000000e+00       3.725380022088e-16       1.210759309251e-16      -1.492726688962e-17 
 1965       2.985336639302e-11       1.490838834324e-12      -2.747839842520e-12       0.000000000000e+00       3.717681087818e-16       1.212645554146e-16      -1.483968377781e-17 
 1966       2.988019757379e-11       1.483135664584e-12      -2.762989316162e-12       0.000000000000e+00       3.710001599647e-16       1.214349383238e-16      -1.475077637781e-17 
 1967       2.990786671236e-11       1.475312383186e-12      -2.777594905966e-12       0.000000000000e+00       3.702341485893e-16       1.215860382880e-16      -1.466056938960e-17 
 1968       2.993633491869e-11       1.467371407127e-12      -2.791647377201e-12       0.000000000000e+00       3.694700674274e-16       1.217168098782e-16      -1.456908762470e-17 
 1969       2.996556313693e-11       1.459315164239e-12      -2.805137462824e-12       0.000000000000e+00       3.687079091906e-16       1.218262035966e-16      -1.447635600635e-17 
 1970       2.999551214525e-11       1.451146093198e-12      -2.818055863438e-12       0.000000000000e+00       3.679476665306e-16       1.219131658708e-16      -1.438239956966e-17 
 1971       3.002614309734e-11       1.442866766194e-12      -2.830394921738e-12       0.000000000000e+00       3.671893325375e-16       1.219769286627e-16      -1.428724237094e-17 
 1972       3.005741915188e-11       1.434480257874e-12      -2.842153659494e-12       0.000000000000e+00       3.664329022407e-16       1.220178806545e-16      -1.419090420685e-17 
 1973       3.008930385475e-11       1.425989779167e-12      -2.853332777892e-12       0.000000000000e+00       3.656783711193e-16       1.220367025218e-16      -1.409340387119e-17 
 1974       3.012176059822e-11       1.417398554895e-12      -2.863932986463e-12       0.000000000000e+00       3.649257346040e-16       1.220340779110e-16      -1.399476024360e-17 
 1975       3.015475262070e-11       1.408709823796e-12      -2.873955003095e-12       0.000000000000e+00       3.641749880770e-16       1.220106934431e-16      -1.389499228968e-17 
 1976       3.018824300659e-11       1.399926838537e-12      -2.883399554046e-12       0.000000000000e+00       3.634261268721e-16       1.219672387178e-16      -1.379411906103e-17 
 1977       3.022219468604e-11       1.391052865738e-12      -2.892267373959e-12       0.000000000000e+00       3.626791462745e-16       1.219044063171e-16      -1.369215969546e-17 
 1978       3.025657043480e-11       1.382091185984e-12      -2.900559205872e-12       0.000000000000e+00       3.619340415206e-16       1.218228918094e-16      -1.358913341703e-17 
 1979       3.029133287400e-11       1.373045093849e-12      -2.908275801234e-12       0.000000000000e+00       3.611908077981e-16       1.217233937530e-16      -1.348505953620e-17 
 1980       3.032644446992e-11       1.363917897908e-12      -2.915417919914e-12       0.000000000000e+00       3.604494402460e-16       1.216066137004e-16      -1.337995744993e-17 
 1981       3.036186753386e-11       1.354712920758e-12      -2.921986330218e-12       0.000000000000e+00       3.597099339543e-16       1.214732562018e-16      -1.327384664178e-17 
 1982       3.039756422190e-11       1.345433499037e-12      -2.927981808900e-12       0.000000000000e+00       3.589722839639e-16       1.213240288089e-16      -1.316674668205e-17 
 1983       3.043349653470e-11       1.336082983439e-12      -2.933405141173e-12       0.000000000000e+00       3.582364852670e-16       1.211596420791e-16      -1.305867722786e-17 
 1984       3.046962631732e-11       1.326664738733e-12      -2.938257120726e-12       0.000000000000e+00       3.575025328063e-16       1.209808095793e-16      -1.294965802332e-17 
 1985       3.050591525902e-11       1.317182143784e-12      -2.942538549734e-12       0.000000000000e+00       3.567704214754e-16       1.207882478892e-16      -1.283970889954e-17 
 1986       3.054232489305e-11       1.307638591566e-12      -2.946250238872e-12       0.000000000000e+00       3.560401461188e-16       1.205826766061e-16      -1.272884977487e-17 
 1987       3.057881659648e-11       1.298037489183e-12      -2.949393007328e-12       0.000000000000e+00       3.553117015315e-16       1.203648183477e-16      -1.261710065491e-17 
 1988       3.061535158997e-11       1.288382257887e-12      -2.951967682814e-12       0.000000000000e+00       3.545850824589e-16       1.201353987569e-16      -1.250448163266e-17 
 1989       3.065189093760e-11       1.278676333092e-12      -2.953975101581e-12       0.000000000000e+00       3.538602835972e-16       1.198951465049e-16      -1.239101288865e-17 
 1990       3.068839554665e-11       1.268923164400e-12      -2.955416108434e-12       0.000000000000e+00       3.531372995927e-16       1.196447932956e-16      -1.227671469102e-17 
 1991       3.072482616743e-11       1.259126215610e-12      -2.956291556739e-12       0.000000000000e+00       3.524161250423e-16       1.193850738690e-16      -1.216160739566e-17 
 1992       3.076114339305e-11       1.249288964742e-12      -2.956602308440e-12       0.000000000000e+00       3.516967544930e-16       1.191167260056e-16      -1.204571144630e-17 
 1993       3.079730765926e-11       1.239414904052e-12      -2.956349234072e-12       0.000000000000e+00       3.509791824420e-16       1.188404905297e-16      -1.192904737465e-17 
 1994       3.083327924422e-11       1.229507540052e-12      -2.955533212773e-12       0.000000000000e+00       3.502634033367e-16       1.185571113134e-16      -1.181163580046e-17 
 1995       3.086901826832e-11       1.219570393526e-12      -2.954155132297e-12       0.000000000000e+00       3.495494115743e-16       1.182673352808e-16      -1.169349743170e-17 
 1996       3.090448469398e-11       1.209606999549e-12      -2.952215889025e-12       0.000000000000e+00       3.488372015021e-16       1.179719124113e-16      -1.157465306463e-17 
 1997       3.093963832545e-11       1.199620907504e-12      -2.949716387982e-12       0.000000000000e+00       3.481267674174e-16       1.176715957440e-16      -1.145512358392e-17 
 1998       3.097443880863e-11       1.189615681101e-12      -2.946657542848e-12       0.000000000000e+00       3.474181035670e-16       1.173671413811e-16      -1.133492996277e-17 
 1999       3.100884563083e-11       1.179594898396e-12      -2.943040275968e-12       0.000000000000e+00       3.467112041476e-16       1.170593084919e-16      -1.121409326301e-17 
 2000       3.104281812063e-11       1.169562151806e-12      -2.938865518371e-12       0.000000000000e+00       3.460060633055e-16       1.167488593170e-16      -1.109263463522e-17 
 2001       3.107631544764e-11       1.159521048128e-12      -2.934134209776e-12       0.000000000000e+00       3.453026751366e-16       1.164365591714e-16      -1.097057531885e-17 
 2002       3.110929662232e-11       1.149475208559e-12      -2.928847298611e-12       0.000000000000e+00       3.446010336862e-16       1.161231764492e-16      -1.084793664232e-17 
 2003       3.114172049578e-11       1.139428268711e-12      -2.923005742022e-12       0.000000000000e+00       3.439011329490e-16       1.158094826267e-16      -1.072474002314e-17 
 2004       3.117354575959e-11       1.129383878632e-12      -2.916610505888e-12       0.000000000000e+00       3.432029668693e-16       1.154962522668e-16      -1.060100696802e-17 
 2005       3.120473094556e-11       1.119345702821e-12      -2.909662564832e-12       0.000000000000e+00       3.425065293402e-16       1.151842630226e-16      -1.047675907297e-17 
 2006       3.123523442558e-11       1.109317420247e-12      -2.902162902236e-12       0.000000000000e+00       3.418118142043e-16       1.148742956413e-16      -1.035201802344e-17 
 2007       3.126501441139e-11       1.099302724367e-12      -2.894112510254e-12       0.000000000000e+00       3.411188152532e-16       1.145671339680e-16      -1.022680559441e-17 
 2008       3.129402895439e-11       1.089305323146e-12      -2.885512389821e-12       0.000000000000e+00       3.404275262277e-16       1.142635649496e-16      -1.010114365051e-17 
 2009       3.132223594547e-11       1.079328939071e-12      -2.876363550671e-12       0.000000000000e+00       3.397379408171e-16       1.139643786388e-16      -9.975054146136e-18 
 2010       3.134959311476e-11       1.069377309171e-12      -2.866667011347e-12       0.000000000000e+00       3.390500526601e-16       1.136703681976e-16      -9.848559125553e-18 
 2011       3.137606205851e-11       1.059453951718e-12      -2.856424906302e-12       0.000000000000e+00       3.383638558197e-16       1.133821634209e-16      -9.721677461302e-18 
 2012       3.140162035191e-11       1.049561464440e-12      -2.845643815981e-12       0.000000000000e+00       3.376793462152e-16       1.130997299737e-16      -9.594415043210e-18 
 2013       3.142624952403e-11       1.039702221232e-12      -2.834331461001e-12       0.000000000000e+00       3.369965202007e-16       1.128228665168e-16      -9.466774518195e-18 
 2014       3.144993103870e-11       1.029878605026e-12      -2.822495597312e-12       0.000000000000e+00       3.363153740903e-16       1.125513708554e-16      -9.338758545510e-18 
 2015       3.147264629443e-11       1.020093007799e-12      -2.810144016242e-12       0.000000000000e+00       3.356359041579e-16       1.122850399377e-16      -9.210369796759e-18 
 2016       3.149437662436e-11       1.010347830587e-12      -2.797284544543e-12       0.000000000000e+00       3.349581066373e-16       1.120236698543e-16      -9.081610955915e-18 
 2017       3.151510329618e-11       1.000645483493e-12      -2.783925044435e-12       0.000000000000e+00       3.342819777221e-16       1.117670558366e-16      -8.952484719333e-18 
 2018       3.153480751200e-11       9.909883856975e-13      -2.770073413653e-12       0.000000000000e+00       3.336075135655e-16       1.115149922562e-16      -8.822993795767e-18 
 2019       3.155347040836e-11       9.813789654744e-13      -2.755737585496e-12       0.000000000000e+00       3.329347102803e-16       1.112672726235e-16      -8.693140906387e-18 
 2020       3.157107305606e-11       9.718196601967e-13      -2.740925528864e-12       0.000000000000e+00       3.322635639389e-16       1.110236895866e-16      -8.562928784790e-18 
 2021       3.158759646016e-11       9.623129163502e-13      -2.725645248315e-12       0.000000000000e+00       3.315940705733e-16       1.107840349304e-16      -8.432360177022e-18 
 2022       3.160302155984e-11       9.528611895440e-13      -2.709904784101e-12       0.000000000000e+00       3.309262261748e-16       1.105480995756e-16      -8.301437841591e-18 
 2023       3.161732922838e-11       9.434669445214e-13      -2.693712212221e-12       0.000000000000e+00       3.302600266941e-16       1.103156735770e-16      -8.170164549480e-18 
 2024       3.163050027304e-11       9.341326551709e-13      -2.677075644461e-12       0.000000000000e+00       3.295954680413e-16       1.100865461233e-16      -8.038543084168e-18 
 2025       3.164251543500e-11       9.248608045377e-13      -2.660003228444e-12       0.000000000000e+00       3.289325460856e-16       1.098605055353e-16      -7.906576241641e-18 
 2026       3.165335538927e-11       9.156538848339e-13      -2.642503147673e-12       0.000000000000e+00       3.282712566556e-16       1.096373392652e-16      -7.774266830410e-18 
 2027       3.166300074462e-11       9.065143974502e-13      -2.624583621579e-12       0.000000000000e+00       3.276115955388e-16       1.094168338954e-16      -7.641617671529e-18 
 2028       3.167143204353e-11       8.974448529668e-13      -2.606252905564e-12       0.000000000000e+00       3.269535584818e-16       1.091987751373e-16      -7.508631598604e-18 
 2029       3.167862976205e-11       8.884477711641e-13      -2.587519291050e-12       0.000000000000e+00       3.262971411904e-16       1.089829478304e-16      -7.375311457816e-18 
 2030       3.168457430979e-11       8.795256810341e-13      -2.568391105523e-12       0.000000000000e+00       3.256423393292e-16       1.087691359412e-16      -7.241660107932e-18 
 2031       3.168924602978e-11       8.706811207911e-13      -2.548876712576e-12       0.000000000000e+00       3.249891485216e-16       1.085571225619e-16      -7.107680420325e-18 
 2032       3.169262519846e-11       8.619166378831e-13      -2.528984511962e-12       0.000000000000e+00       3.243375643498e-16       1.083466899096e-16      -6.973375278983e-18 
 2033       3.169469202552e-11       8.532347890026e-13      -2.508722939633e-12       0.000000000000e+00       3.236875823550e-16       1.081376193250e-16      -6.838747580532e-18 
 2034       3.169542665390e-11       8.446381400974e-13      -2.488100467787e-12       0.000000000000e+00       3.230391980367e-16       1.079296912715e-16      -6.703800234248e-18 
 2035       3.169480915969e-11       8.361292663821e-13      -2.467125604917e-12       0.000000000000e+00       3.223924068534e-16       1.077226853339e-16      -6.568536162072e-18 
 2036       3.169281955201e-11       8.277107523489e-13      -2.445806895853e-12       0.000000000000e+00       3.217472042220e-16       1.075163802174e-16      -6.432958298629e-18 
 2037       3.168943777298e-11       8.193851917783e-13      -2.424152921811e-12       0.000000000000e+00       3.211035855178e-16       1.073105537465e-16      -6.297069591240e-18 
 2038       3.168464369763e-11       8.111551877509e-13      -2.402172300435e-12       0.000000000000e+00       3.204615460746e-16       1.071049828642e-16      -6.160872999940e-18 
 2039       3.167841713382e-11       8.030233526575e-13      -2.379873685847e-12       0.000000000000e+00       3.198210811847e-16       1.068994436305e-16      -6.024371497494e-18 
 2040       3.167073782216e-11       7.949923082109e-13      -2.357265768689e-12       0.000000000000e+00       3.191821860985e-16       1.066937112213e-16      -5.887568069411e-18 
 2041       3.166158543594e-11       7.870646854565e-13      -2.334357276171e-12       0.000000000000e+00       3.185448560248e-16       1.064875599277e-16      -5.750465713962e-18 
 2042       3.165093958104e-11       7.792431247833e-13      -2.311156972116e-12       0.000000000000e+00       3.179090861304e-16       1.062807631548e-16      -5.613067442193e-18 
 2043       3.163877979586e-11       7.715302759353e-13      -2.287673657006e-12       0.000000000000e+00       3.172748715406e-16       1.060730934203e-16      -5.475376277942e-18 
 2044       3.162508555125e-11       7.639287980220e-13      -2.263916168027e-12       0.000000000000e+00       3.166422073382e-16       1.058643223537e-16      -5.337395257857e-18 
 2045       3.160983625041e-11       7.564413595300e-13      -2.239893379115e-12       0.000000000000e+00       3.160110885645e-16       1.056542206951e-16      -5.199127431407e-18 
 2046       3.159301122884e-11       7.490706383335e-13      -2.215614201005e-12       0.000000000000e+00       3.153815102185e-16       1.054425582944e-16      -5.060575860902e-18 
 2047       3.157458975424e-11       7.418193217055e-13      -2.191087581270e-12       0.000000000000e+00       3.147534672570e-16       1.052291041096e-16      -4.921743621507e-18 
 2048       3.155455102644e-11       7.346901063290e-13      -2.166322504373e-12       0.000000000000e+00       3.141269545948e-16       1.050136262063e-16      -4.782633801257e-18 
 2049       3.153287417735e-11       7.276856983079e-13      -2.141327991709e-12       0.000000000000e+00       3.135019671043e-16       1.047958917565e-16      -4.643249501074e-18 
 2050       3.150953827083e-11       7.208088131780e-13      -2.116113101653e-12       0.000000000000e+00       3.128784996156e-16       1.045756670372e-16      -4.503593834782e-18 
 2051       3.148452698874e-11       7.140617767550e-13      -2.090686946930e-12       0.000000000000e+00       3.122565472049e-16       1.043527294627e-16      -4.363678735724e-18 
 2052       3.145784272582e-11       7.074453245433e-13      -2.065058746773e-12       0.000000000000e+00       3.116361060623e-16       1.041269037765e-16      -4.223551445277e-18 
 2053       3.142949259521e-11       7.009597937812e-13      -2.039237775229e-12       0.000000000000e+00       3.110171726299e-16       1.038980261156e-16      -4.083268213409e-18 
 2054       3.139948375161e-11       6.946055218251e-13      -2.013233343913e-12       0.000000000000e+00       3.103997433140e-16       1.036659319996e-16      -3.942885509506e-18 
 2055       3.136782339127e-11       6.883828461495e-13      -1.987054802054e-12       0.000000000000e+00       3.097838144853e-16       1.034304563308e-16      -3.802460022643e-18 
 2056       3.133451875210e-11       6.822921043468e-13      -1.960711536542e-12       0.000000000000e+00       3.091693824782e-16       1.031914333926e-16      -3.662048661846e-18 
 2057       3.129957711369e-11       6.763336341264e-13      -1.934212971975e-12       0.000000000000e+00       3.085564435914e-16       1.029486968492e-16      -3.521708556361e-18 
 2058       3.126300579738e-11       6.705077733147e-13      -1.907568570704e-12       0.000000000000e+00       3.079449940874e-16       1.027020797449e-16      -3.381497055922e-18 
 2059       3.122481216630e-11       6.648148598549e-13      -1.880787832877e-12       0.000000000000e+00       3.073350301928e-16       1.024514145033e-16      -3.241471731016e-18 
 2060       3.118500362546e-11       6.592552318061e-13      -1.853880296492e-12       0.000000000000e+00       3.067265480980e-16       1.021965329262e-16      -3.101690373151e-18 
 2061       3.114358762177e-11       6.538292273436e-13      -1.826855537434e-12       0.000000000000e+00       3.061195439570e-16       1.019372661935e-16      -2.962210995122e-18 
 2062       3.110057164412e-11       6.485371847580e-13      -1.799723169531e-12       0.000000000000e+00       3.055140138879e-16       1.016734448620e-16      -2.823091831278e-18 
 2063       3.105596322342e-11       6.433794424551e-13      -1.772492844592e-12       0.000000000000e+00       3.049099539722e-16       1.014048988647e-16      -2.684391337788e-18 
 2064       3.100976993268e-11       6.383563389556e-13      -1.745174252459e-12       0.000000000000e+00       3.043073602553e-16       1.011314575103e-16      -2.546168192912e-18 
 2065       3.096199938702e-11       6.334682128945e-13      -1.717777121049e-12       0.000000000000e+00       3.037062287460e-16       1.008529494820e-16      -2.408481297262e-18 
 2066       3.091265924378e-11       6.287154030209e-13      -1.690311216402e-12       0.000000000000e+00       3.031065554168e-16       1.005692028373e-16      -2.271389774072e-18 
 2067       3.086175720254e-11       6.240982481977e-13      -1.662786342731e-12       0.000000000000e+00       3.025083362034e-16       1.002800450070e-16      -2.134952969464e-18 
 2068       3.080930100520e-11       6.196170874011e-13      -1.635212342461e-12       0.000000000000e+00       3.019115670053e-16       9.998530279440e-17      -1.999230452716e-18 
 2069       3.075529843600e-11       6.152722597204e-13      -1.607599096279e-12       0.000000000000e+00       3.013162436851e-16       9.968480237453e-17      -1.864282016528e-18 
 2070       3.069975732163e-11       6.110641043575e-13      -1.579956523183e-12       0.000000000000e+00       3.007223620688e-16       9.937836929362e-17      -1.730167677287e-18 
 2071       3.064268553123e-11       6.069929606266e-13      -1.552294580523e-12       0.000000000000e+00       3.001299179458e-16       9.906582846819e-17      -1.596947675339e-18 
 2072       3.058409097648e-11       6.030591679537e-13      -1.524623264049e-12       0.000000000000e+00       2.995389070684e-16       9.874700418435e-17      -1.464682475249e-18 
 2073       3.052398161165e-11       5.992630658767e-13      -1.496952607961e-12       0.000000000000e+00       2.989493251523e-16       9.842172009705e-17      -1.333432766074e-18 
 2074       3.046236543364e-11       5.956049940443e-13      -1.469292684949e-12       0.000000000000e+00       2.983611678762e-16       9.808979922934e-17      -1.203259461625e-18 
 2075       3.039925048209e-11       5.920852922165e-13      -1.441653606244e-12       0.000000000000e+00       2.977744308820e-16       9.775106397165e-17      -1.074223700738e-18 
 2076       3.033464483933e-11       5.887043002634e-13      -1.414045521662e-12       0.000000000000e+00       2.971891097743e-16       9.740533608101e-17      -9.463868475365e-19 
 2077       3.026855663057e-11       5.854623581655e-13      -1.386478619652e-12       0.000000000000e+00       2.966052001210e-16       9.705243668032e-17      -8.198104917029e-19 
 2078       3.020099402383e-11       5.823598060131e-13      -1.358963127340e-12       0.000000000000e+00       2.960226974526e-16       9.669218625763e-17      -6.945564487417e-19 
 2079       3.013196523010e-11       5.793969840058e-13      -1.331509310575e-12       0.000000000000e+00       2.954415972625e-16       9.632440466535e-17      -5.706867602481e-19 
 2080       3.006147850332e-11       5.765742324522e-13      -1.304127473981e-12       0.000000000000e+00       2.948618950068e-16       9.594891111957e-17      -4.482636941744e-19 
 2081       2.998954214046e-11       5.738918917700e-13      -1.276827960993e-12       0.000000000000e+00       2.942835861046e-16       9.556552419924e-17      -3.273497450967e-19 
 2082       2.991616448162e-11       5.713503024848e-13      -1.249621153914e-12       0.000000000000e+00       2.937066659374e-16       9.517406184551e-17      -2.080076344822e-19 
 2083       2.984135391001e-11       5.689498052304e-13      -1.222517473954e-12       0.000000000000e+00       2.931311298493e-16       9.477434136092e-17      -9.030031095544e-20 
 2084       2.976511885205e-11       5.666907407484e-13      -1.195527381279e-12       0.000000000000e+00       2.925569731471e-16       9.436617940868e-17       2.570904943447e-20 
 2085       2.968746777744e-11       5.645734498874e-13      -1.168661375056e-12       0.000000000000e+00       2.919841911000e-16       9.394939201194e-17       1.399570429471e-19 
 2086       2.960840919918e-11       5.625982736030e-13      -1.141929993502e-12       0.000000000000e+00       2.914127789398e-16       9.352379455304e-17       2.523800378841e-19 
 2087       2.952795167364e-11       5.607655529575e-13      -1.115343813927e-12       0.000000000000e+00       2.908427318604e-16       9.308920177276e-17       3.629141743220e-19 
 2088       2.944610380062e-11       5.590756291194e-13      -1.088913452780e-12       0.000000000000e+00       2.902740450183e-16       9.264542776957e-17       4.714953638455e-19 
 2089       2.936287422341e-11       5.575288433629e-13      -1.062649565701e-12       0.000000000000e+00       2.897067135321e-16       9.219228599890e-17       5.780592892808e-19 
 2090       2.927827162883e-11       5.561255370677e-13      -1.036562847559e-12       0.000000000000e+00       2.891407324828e-16       9.172958927242e-17       6.825414044288e-19 
 2091       2.919230730764e-11       5.548657371917e-13      -1.010663136881e-12       0.000000000000e+00       2.885760972494e-16       9.125724960060e-17       7.848962762047e-19 
 2092       2.910500285522e-11       5.537482102825e-13      -9.849567221774e-13       0.000000000000e+00       2.880128045192e-16       9.077557848616e-17       8.851557595972e-19 
 2093       2.901638252487e-11       5.527714018426e-13      -9.594490168487e-13       0.000000000000e+00       2.874508512844e-16       9.028498873135e-17       9.833712294283e-19 
 2094       2.892647067256e-11       5.519337502465e-13      -9.341454531207e-13       0.000000000000e+00       2.868902345073e-16       8.978589478748e-17       1.079594275185e-18 
 2095       2.883529175701e-11       5.512336867313e-13      -9.090514820644e-13       0.000000000000e+00       2.863309511194e-16       8.927871275684e-17       1.173876701284e-18 
 2096       2.874287033983e-11       5.506696353883e-13      -8.841725736186e-13       0.000000000000e+00       2.857729980223e-16       8.876386039481e-17       1.266270527334e-18 
 2097       2.864923108564e-11       5.502400131535e-13      -8.595142166111e-13       0.000000000000e+00       2.852163720870e-16       8.824175711173e-17       1.356827988401e-18 
 2098       2.855439876221e-11       5.499432297988e-13      -8.350819187806e-13       0.000000000000e+00       2.846610701539e-16       8.771282397500e-17       1.445601535269e-18 
 2099       2.845839824056e-11       5.497776879232e-13      -8.108812067983e-13       0.000000000000e+00       2.841070890331e-16       8.717748371101e-17       1.532643834710e-18 
 2100       2.836125449512e-11       5.497417829433e-13      -7.869176262894e-13       0.000000000000e+00       2.835544255042e-16       8.663616070718e-17       1.618007769741e-18 
 2101       2.826299260385e-11       5.498339030850e-13      -7.631967418553e-13       0.000000000000e+00       2.830030763160e-16       8.608928101392e-17       1.701746439890e-18 
 2102       2.816363774832e-11       5.500524293740e-13      -7.397241370945e-13       0.000000000000e+00       2.824530381868e-16       8.553727234663e-17       1.783913161463e-18 
 2103       2.806321521390e-11       5.503957356269e-13      -7.165054146251e-13       0.000000000000e+00       2.819043078044e-16       8.498056408774e-17       1.864561467804e-18 
 2104       2.796175038986e-11       5.508621884424e-13      -6.935461961057e-13       0.000000000000e+00       2.813568818255e-16       8.441958728863e-17       1.943745109559e-18 
 2105       2.785926876948e-11       5.514501471921e-13      -6.708521222577e-13       0.000000000000e+00       2.808107568764e-16       8.385477467172e-17       2.021518054943e-18 
 2106       2.775579595020e-11       5.521579640119e-13      -6.484288528866e-13       0.000000000000e+00       2.802659295522e-16       8.328656063237e-17       2.097934489998e-18 
 2107       2.765135763373e-11       5.529839837923e-13      -6.262820669039e-13       0.000000000000e+00       2.797223964176e-16       8.271538124094e-17       2.173048818864e-18 
 2108       2.754597962620e-11       5.539265441702e-13      -6.044174623485e-13       0.000000000000e+00       2.791801540060e-16       8.214167424476e-17       2.246915664038e-18 
 2109       2.743968783824e-11       5.549839755193e-13      -5.828407564088e-13       0.000000000000e+00       2.786391988201e-16       8.156587907015e-17       2.319589866637e-18 
 2110       2.733250828518e-11       5.561546009416e-13      -5.615576854438e-13       0.000000000000e+00       2.780995273314e-16       8.098843682438e-17       2.391126486666e-18 
 2111       2.722446708709e-11       5.574367362581e-13      -5.405740050054e-13       0.000000000000e+00       2.775611359807e-16       8.040979029769e-17       2.461580803279e-18 
 2112       2.711559046897e-11       5.588286899998e-13      -5.198954898596e-13       0.000000000000e+00       2.770240211772e-16       7.983038396527e-17       2.531008315041e-18 
 2113       2.700590476084e-11       5.603287633989e-13      -4.995279340083e-13       0.000000000000e+00       2.764881792995e-16       7.925066398929e-17       2.599464740197e-18 
 2114       2.689543639791e-11       5.619352503797e-13      -4.794771507111e-13       0.000000000000e+00       2.759536066947e-16       7.867107822085e-17       2.667006016931e-18 
 2115       2.678421192065e-11       5.636464375497e-13      -4.597489725070e-13       0.000000000000e+00       2.754202996788e-16       7.809207620201e-17       2.733688303632e-18 
 2116       2.667225797495e-11       5.654606041905e-13      -4.403492512357e-13       0.000000000000e+00       2.748882545365e-16       7.751410916776e-17       2.799567979158e-18 
 2117       2.655960131224e-11       5.673760222490e-13      -4.212838580598e-13       0.000000000000e+00       2.743574675211e-16       7.693763004806e-17       2.864701643098e-18 
 2118       2.644626878963e-11       5.693909563280e-13      -4.025586834861e-13       0.000000000000e+00       2.738279348548e-16       7.636309346978e-17       2.929146116036e-18 
 2119       2.633228737000e-11       5.715036636777e-13      -3.841796373873e-13       0.000000000000e+00       2.732996527281e-16       7.579095575871e-17       2.992958439819e-18 
 2120       2.621768412216e-11       5.737123941865e-13      -3.661526490240e-13       0.000000000000e+00       2.727726173003e-16       7.522167494161e-17       3.056195877815e-18 
 2121       2.610248622097e-11       5.760153903721e-13      -3.484836670659e-13       0.000000000000e+00       2.722468246990e-16       7.465571074812e-17       3.118915915179e-18 
 2122       2.598672094745e-11       5.784108873722e-13      -3.311786596138e-13       0.000000000000e+00       2.717222710204e-16       7.409352461283e-17       3.181176259119e-18 
 2123       2.587041568892e-11       5.808971129359e-13      -3.142436142213e-13       0.000000000000e+00       2.711989523290e-16       7.353557967723e-17       3.243034839154e-18 
 2124       2.575359793913e-11       5.834722874147e-13      -2.976845379162e-13       0.000000000000e+00       2.706768646579e-16       7.298234079173e-17       3.304549807386e-18 
 2125       2.563629529837e-11       5.861346237531e-13      -2.815074572225e-13       0.000000000000e+00       2.701560040083e-16       7.243427451763e-17       3.365779538757e-18 
 2126       2.551853547363e-11       5.888823274800e-13      -2.657184181817e-13       0.000000000000e+00       2.696363663497e-16       7.189184912916e-17       3.426782631316e-18 
 2127       2.540034627866e-11       5.917135966998e-13      -2.503234863749e-13       0.000000000000e+00       2.691179476199e-16       7.135553461543e-17       3.487617906480e-18 
 2128       2.528175563418e-11       5.946266220830e-13      -2.353287469442e-13       0.000000000000e+00       2.686007437250e-16       7.082580268245e-17       3.548344409302e-18 
 2129       2.516279156793e-11       5.976195868574e-13      -2.207403046143e-13       0.000000000000e+00       2.680847505389e-16       7.030312675512e-17       3.609021408732e-18 
 2130       2.504348221487e-11       6.006906667994e-13      -2.065642837145e-13       0.000000000000e+00       2.675699639041e-16       6.978798197922e-17       3.669708397879e-18 
 2131       2.492385526827e-11       6.038379608393e-13      -1.928056751064e-13       0.000000000000e+00       2.670563798809e-16       6.928073517265e-17       3.730450989900e-18 
 2132       2.480393632883e-11       6.070592823761e-13      -1.794648682671e-13       0.000000000000e+00       2.665439955010e-16       6.878131384871e-17       3.791238499211e-18 
 2133       2.468375054453e-11       6.103523665115e-13      -1.665410954271e-13       0.000000000000e+00       2.660328080193e-16       6.828953492321e-17       3.852046069414e-18 
 2134       2.456332315863e-11       6.137149392941e-13      -1.540335824924e-13       0.000000000000e+00       2.655228146642e-16       6.780521455791e-17       3.912848751108e-18 
 2135       2.444267950980e-11       6.171447177087e-13      -1.419415490357e-13       0.000000000000e+00       2.650140126379e-16       6.732816815959e-17       3.973621501783e-18 
 2136       2.432184503225e-11       6.206394096654e-13      -1.302642082875e-13       0.000000000000e+00       2.645063991159e-16       6.685821037918e-17       4.034339185708e-18 
 2137       2.420084525581e-11       6.241967139889e-13      -1.190007671275e-13       0.000000000000e+00       2.639999712470e-16       6.639515511081e-17       4.094976573828e-18 
 2138       2.407970580607e-11       6.278143204075e-13      -1.081504260756e-13       0.000000000000e+00       2.634947261538e-16       6.593881549091e-17       4.155508343649e-18 
 2139       2.395845240446e-11       6.314899095423e-13      -9.771237928351e-14       0.000000000000e+00       2.629906609319e-16       6.548900389731e-17       4.215909079132e-18 
 2140       2.383711086840e-11       6.352211528965e-13      -8.768581452541e-14       0.000000000000e+00       2.624877726504e-16       6.504553194832e-17       4.276153270587e-18 
 2141       2.371570711138e-11       6.390057128447e-13      -7.806991318965e-14       0.000000000000e+00       2.619860583518e-16       6.460821050183e-17       4.336215314558e-18 
 2142       2.359426714311e-11       6.428412426217e-13      -6.886385026972e-14       0.000000000000e+00       2.614855150515e-16       6.417684965437e-17       4.396069513719e-18 
 2143       2.347281706957e-11       6.467253863120e-13      -6.006679435555e-14       0.000000000000e+00       2.609861397386e-16       6.375125874025e-17       4.455690076766e-18 
 2144       2.335138309318e-11       6.506557788388e-13      -5.167790762470e-14       0.000000000000e+00       2.604879293749e-16       6.333124633060e-17       4.515051118303e-18 
 2145       2.322999151288e-11       6.546300459533e-13      -4.369634583360e-14       0.000000000000e+00       2.599908808957e-16       6.291662023247e-17       4.574126658738e-18 
 2146       2.310866872426e-11       6.586458042238e-13      -3.612125830876e-14       0.000000000000e+00       2.594949912092e-16       6.250718748794e-17       4.632890624173e-18 
 2147       2.298744121967e-11       6.627006610251e-13      -2.895178793796e-14       0.000000000000e+00       2.590002571967e-16       6.210275437321e-17       4.691316846295e-18 
 2148       2.286633558830e-11       6.667922145273e-13      -2.218707116154e-14       0.000000000000e+00       2.585066757127e-16       6.170312639764e-17       4.749379062267e-18 
 2149       2.274537851633e-11       6.709180536851e-13      -1.582623796354e-14       0.000000000000e+00       2.580142435843e-16       6.130810830292e-17       4.807050914618e-18 
 2150       2.262459678704e-11       6.750757582274e-13      -9.868411862960e-15       0.000000000000e+00       2.575229576119e-16       6.091750406208e-17       4.864305951138e-18 
 2151       2.250401728090e-11       6.792628986458e-13      -4.312709904976e-15       0.000000000000e+00       2.570328145686e-16       6.053111687862e-17       4.921117624765e-18 
 2152       2.238366697568e-11       6.834770361844e-13       8.417573478515e-16       0.000000000000e+00       2.565438112005e-16       6.014874918560e-17       4.977459293480e-18 
 2153       2.226357294659e-11       6.877157228284e-13       5.595885824352e-15       0.000000000000e+00       2.560559442265e-16       5.977020264472e-17       5.033304220196e-18 
 2154       2.214376236638e-11       6.919765012940e-13       9.950577953530e-15       0.000000000000e+00       2.555692103381e-16       5.939527814541e-17       5.088625572648e-18 
 2155       2.202426250544e-11       6.962569050168e-13       1.390674267335e-14       0.000000000000e+00       2.550836062000e-16       5.902377580393e-17       5.143396423289e-18 
 2156       2.190510073190e-11       7.005544581414e-13       1.746529543949e-14       0.000000000000e+00       2.545991284490e-16       5.865549496243e-17       5.197589749174e-18 
 2157       2.178630451179e-11       7.048666755108e-13       2.062715823419e-14       0.000000000000e+00       2.541157736951e-16       5.829023418807e-17       5.251178431859e-18 
 2158       2.166790140911e-11       7.091910626550e-13       2.339325957495e-14       0.000000000000e+00       2.536335385206e-16       5.792779127211e-17       5.304135257288e-18 
 2159       2.154991908596e-11       7.135251157807e-13       2.576453452337e-14       0.000000000000e+00       2.531524194807e-16       5.756796322895e-17       5.356432915684e-18 
 2160       2.143238530263e-11       7.178663217602e-13       2.774192469391e-14       0.000000000000e+00       2.526724131028e-16       5.721054629530e-17       5.408044001441e-18 
 2161       2.131532791774e-11       7.222121581206e-13       2.932637826266e-14       0.000000000000e+00       2.521935158871e-16       5.685533592920e-17       5.458941013017e-18 
 2162       2.119877488834e-11       7.265600930332e-13       3.051884997617e-14       0.000000000000e+00       2.517157243062e-16       5.650212680915e-17       5.509096352822e-18 
 2163       2.108275427003e-11       7.309075853023e-13       3.132030116017e-14       0.000000000000e+00       2.512390348050e-16       5.615071283316e-17       5.558482327111e-18 
 2164       2.096729421704e-11       7.352520843547e-13       3.173169972837e-14       0.000000000000e+00       2.507634438010e-16       5.580088711789e-17       5.607071145877e-18 
 2165       2.085242298238e-11       7.395910302289e-13       3.175402019129e-14       0.000000000000e+00       2.502889476840e-16       5.545244199770e-17       5.654834922739e-18 
 2166       2.073816891794e-11       7.439218535640e-13       3.138824366497e-14       0.000000000000e+00       2.498155428161e-16       5.510516902374e-17       5.701745674834e-18 
 2167       2.062456047458e-11       7.482419755892e-13       3.063535787978e-14       0.000000000000e+00       2.493432255317e-16       5.475885896308e-17       5.747775322710e-18 
 2168       2.051162620228e-11       7.525488081126e-13       2.949635718923e-14       0.000000000000e+00       2.488719921374e-16       5.441330179775e-17       5.792895690216e-18 
 2169       2.039939475023e-11       7.568397535107e-13       2.797224257871e-14       0.000000000000e+00       2.484018389121e-16       5.406828672384e-17       5.837078504393e-18 
 2170       2.028789486693e-11       7.611122047177e-13       2.606402167429e-14       0.000000000000e+00       2.479327621068e-16       5.372360215062e-17       5.880295395366e-18 
 2171       2.017715257562e-11       7.653637171826e-13       2.377343617322e-14       0.000000000000e+00       2.474647582405e-16       5.337907633875e-17       5.922524902199e-18 
 2172       2.006718267954e-11       7.695925260313e-13       2.110514947887e-14       0.000000000000e+00       2.469978249898e-16       5.303469961633e-17       5.963773542308e-18 
 2173       1.995799719956e-11       7.737970323707e-13       1.806457383447e-14       0.000000000000e+00       2.465319603053e-16       5.269050298516e-17       6.004054883905e-18 
 2174       1.984960819382e-11       7.779756316298e-13       1.465714426798e-14       0.000000000000e+00       2.460671621161e-16       5.234651755650e-17       6.043382552997e-18 
 2175       1.974202775769e-11       7.821267135540e-13       1.088831861941e-14       0.000000000000e+00       2.456034283299e-16       5.200277455123e-17       6.081770233457e-18 
 2176       1.963526802383e-11       7.862486621982e-13       6.763577568065e-15       0.000000000000e+00       2.451407568328e-16       5.165930529995e-17       6.119231667097e-18 
 2177       1.952934116226e-11       7.903398559202e-13       2.288424659916e-15       0.000000000000e+00       2.446791454895e-16       5.131614124310e-17       6.155780653735e-18 
 2178       1.942425938036e-11       7.943986673750e-13      -2.531613665172e-15       0.000000000000e+00       2.442185921429e-16       5.097331393110e-17       6.191431051262e-18 
 2179       1.932003492292e-11       7.984234635075e-13      -7.690988046120e-15       0.000000000000e+00       2.437590946147e-16       5.063085502448e-17       6.226196775717e-18 
 2180       1.921668007221e-11       8.024126055467e-13      -1.318412617335e-14       0.000000000000e+00       2.433006507047e-16       5.028879629397e-17       6.260091801353e-18 
 2181       1.911420714797e-11       8.063644489988e-13      -1.900543276147e-14       0.000000000000e+00       2.428432581910e-16       4.994716962065e-17       6.293130160705e-18 
 2182       1.901262850750e-11       8.102773436411e-13      -2.514928952203e-14       0.000000000000e+00       2.423869148302e-16       4.960600699607e-17       6.325325944666e-18 
 2183       1.891195654566e-11       8.141496335154e-13      -3.161005513617e-14       0.000000000000e+00       2.419316183571e-16       4.926534052237e-17       6.356693302548e-18 
 2184       1.881220369492e-11       8.179796569215e-13      -3.838206522736e-14       0.000000000000e+00       2.414773664847e-16       4.892520241240e-17       6.387246442159e-18 
 2185       1.871338242544e-11       8.217657464108e-13      -4.545963233411e-14       0.000000000000e+00       2.410241569044e-16       4.858562498985e-17       6.416999629868e-18 
 2186       1.861550524502e-11       8.255062287801e-13      -5.283704588265e-14       0.000000000000e+00       2.405719872856e-16       4.824664068937e-17       6.445967190676e-18 
 2187       1.851858469925e-11       8.291994250647e-13      -6.050857215968e-14       0.000000000000e+00       2.401208552759e-16       4.790828205669e-17       6.474163508285e-18 
 2188       1.842263337146e-11       8.328436505323e-13      -6.846845428502e-14       0.000000000000e+00       2.396707585011e-16       4.757058174876e-17       6.501603025169e-18 
 2189       1.832766388282e-11       8.364372146766e-13      -7.671091218438e-14       0.000000000000e+00       2.392216945651e-16       4.723357253384e-17       6.528300242643e-18 
 2190       1.823368889232e-11       8.399784212104e-13      -8.523014256200e-14       0.000000000000e+00       2.387736610498e-16       4.689728729166e-17       6.554269720930e-18 
 2191       1.814072109687e-11       8.434655680597e-13      -9.402031887342e-14       0.000000000000e+00       2.383266555152e-16       4.656175901352e-17       6.579526079235e-18 
 2192       1.804877323133e-11       8.468969473571e-13      -1.030755912981e-13       0.000000000000e+00       2.378806754991e-16       4.622702080242e-17       6.604083995810e-18 
 2193       1.795785806850e-11       8.502708454351e-13      -1.123900867123e-13       0.000000000000e+00       2.374357185177e-16       4.589310587320e-17       6.627958208028e-18 
 2194       1.786798841920e-11       8.535855428200e-13      -1.219579086616e-13       0.000000000000e+00       2.369917820647e-16       4.556004755263e-17       6.651163512447e-18 
 2195       1.777917713234e-11       8.568393142252e-13      -1.317731373337e-13       0.000000000000e+00       2.365488636119e-16       4.522787927955e-17       6.673714764887e-18 
 2196       1.769143709487e-11       8.600304285449e-13      -1.418298295309e-13       0.000000000000e+00       2.361069606090e-16       4.489663460501e-17       6.695626880491e-18 
 2197       1.760478123193e-11       8.631571488476e-13      -1.521220186434e-13       0.000000000000e+00       2.356660704835e-16       4.456634719236e-17       6.716914833802e-18 
 2198       1.751922250678e-11       8.662177323698e-13      -1.626437146213e-13       0.000000000000e+00       2.352261906408e-16       4.423705081740e-17       6.737593658828e-18 
 2199       1.743477392093e-11       8.692104305092e-13      -1.733889039479e-13       0.000000000000e+00       2.347873184640e-16       4.390877936850e-17       6.757678449113e-18 
 2200       1.735144851413e-11       8.721334888188e-13      -1.843515496117e-13       0.000000000000e+00       2.343494513139e-16       4.358156684671e-17       6.777184357807e-18 
 2201       1.726925936444e-11       8.749851469999e-13      -1.955255910800e-13       0.000000000000e+00       2.339125865291e-16       4.325544736589e-17       6.796126597735e-18 
 2202       1.718821958822e-11       8.777636388960e-13      -2.069049442709e-13       0.000000000000e+00       2.334767214260e-16       4.293045515285e-17       6.814520441466e-18 
 2203       1.710834234023e-11       8.804671924863e-13      -2.184835015263e-13       0.000000000000e+00       2.330418532985e-16       4.260662454743e-17       6.832381221382e-18 
 2204       1.702964081364e-11       8.830940298791e-13      -2.302551315846e-13       0.000000000000e+00       2.326079794181e-16       4.228399000269e-17       6.849724329752e-18 
 2205       1.695212824006e-11       8.856423673056e-13      -2.422136795533e-13       0.000000000000e+00       2.321750970340e-16       4.196258608496e-17       6.866565218794e-18 
 2206       1.687581788961e-11       8.881104151135e-13      -2.543529668817e-13       0.000000000000e+00       2.317432033731e-16       4.164244747402e-17       6.882919400752e-18 
 2207       1.680072307093e-11       8.904963777599e-13      -2.666667913339e-13       0.000000000000e+00       2.313122956395e-16       4.132360896318e-17       6.898802447961e-18 
 2208       1.672685713124e-11       8.927984538059e-13      -2.791489269612e-13       0.000000000000e+00       2.308823710150e-16       4.100610545945e-17       6.914229992917e-18 
 2209       1.665423345637e-11       8.950148359093e-13      -2.917931240747e-13       0.000000000000e+00       2.304534266589e-16       4.068997198364e-17       6.929217728348e-18 
 2210       1.658286547079e-11       8.971437108185e-13      -3.045931092184e-13       0.000000000000e+00       2.300254597079e-16       4.037524367045e-17       6.943781407284e-18 
 2211       1.651276354082e-11       8.991835357869e-13      -3.175426039587e-13       0.000000000000e+00       2.295984674027e-16       4.006194478593e-17       6.957932242479e-18 
 2212       1.644392566162e-11       9.011338698291e-13      -3.306353814438e-13       0.000000000000e+00       2.291724474687e-16       3.975005569993e-17       6.971663071257e-18 
 2213       1.637634670860e-11       9.029945479554e-13      -3.438652101646e-13       0.000000000000e+00       2.287473977379e-16       3.943954569518e-17       6.984962099201e-18 
 2214       1.631002152863e-11       9.047654052518e-13      -3.572258351443e-13       0.000000000000e+00       2.283233160220e-16       3.913038393002e-17       6.997817492437e-18 
 2215       1.624494494004e-11       9.064462768796e-13      -3.707109779125e-13       0.000000000000e+00       2.279002001132e-16       3.882253943825e-17       7.010217377591e-18 
 2216       1.618111173254e-11       9.080369980762e-13      -3.843143364772e-13       0.000000000000e+00       2.274780477833e-16       3.851598112900e-17       7.022149841744e-18 
 2217       1.611851666722e-11       9.095374041554e-13      -3.980295852991e-13       0.000000000000e+00       2.270568567845e-16       3.821067778654e-17       7.033602932388e-18 
 2218       1.605715447649e-11       9.109473305074e-13      -4.118503752640e-13       0.000000000000e+00       2.266366248487e-16       3.790659807019e-17       7.044564657388e-18 
 2219       1.599701986406e-11       9.122666125996e-13      -4.257703336562e-13       0.000000000000e+00       2.262173496876e-16       3.760371051413e-17       7.055022984932e-18 
 2220       1.593810750490e-11       9.134950859767e-13      -4.397830641318e-13       0.000000000000e+00       2.257990289932e-16       3.730198352729e-17       7.064965843491e-18 
 2221       1.588041204517e-11       9.146325862610e-13      -4.538821466918e-13       0.000000000000e+00       2.253816604371e-16       3.700138539316e-17       7.074381121777e-18 
 2222       1.582392810226e-11       9.156789491529e-13      -4.680611376550e-13       0.000000000000e+00       2.249652416706e-16       3.670188426970e-17       7.083256668697e-18 
 2223       1.576865026468e-11       9.166340104310e-13      -4.823135696317e-13       0.000000000000e+00       2.245497703253e-16       3.640344818912e-17       7.091580293308e-18 
 2224       1.571457309206e-11       9.174976059527e-13      -4.966329514962e-13       0.000000000000e+00       2.241352440121e-16       3.610604505783e-17       7.099339764781e-18 
 2225       1.566169111510e-11       9.182695716545e-13      -5.110127683607e-13       0.000000000000e+00       2.237216603218e-16       3.580964265620e-17       7.106522812348e-18 
 2226       1.560999883555e-11       9.189497435522e-13      -5.254464815480e-13       0.000000000000e+00       2.233090168252e-16       3.551420863846e-17       7.113117125267e-18 
 2227       1.555949072617e-11       9.195379577411e-13      -5.399275285645e-13       0.000000000000e+00       2.228973110726e-16       3.521971053257e-17       7.119110352774e-18 
 2228       1.551016123065e-11       9.200340503969e-13      -5.544493230741e-13       0.000000000000e+00       2.224865405937e-16       3.492611574004e-17       7.124490104041e-18 
 2229       1.546200476367e-11       9.204378577755e-13      -5.690052548704e-13       0.000000000000e+00       2.220767028984e-16       3.463339153579e-17       7.129243948132e-18 
 2230       1.541501571075e-11       9.207492162135e-13      -5.835886898509e-13       0.000000000000e+00       2.216677954758e-16       3.434150506801e-17       7.133359413960e-18 
 2231       1.536918842830e-11       9.209679621286e-13      -5.981929699892e-13       0.000000000000e+00       2.212598157948e-16       3.405042335804e-17       7.136823990244e-18 
 2232       1.532451724356e-11       9.210939320200e-13      -6.128114133088e-13       0.000000000000e+00       2.208527613037e-16       3.376011330016e-17       7.139625125467e-18 
 2233       1.528099645453e-11       9.211269624686e-13      -6.274373138561e-13       0.000000000000e+00       2.204466294305e-16       3.347054166151e-17       7.141750227828e-18 
 2234       1.523862032998e-11       9.210668901372e-13      -6.420639416735e-13       0.000000000000e+00       2.200414175827e-16       3.318167508190e-17       7.143186665205e-18 
 2235       1.519738310940e-11       9.209135517714e-13      -6.566845427727e-13       0.000000000000e+00       2.196371231471e-16       3.289348007370e-17       7.143921765107e-18 
 2236       1.515727900294e-11       9.206667841992e-13      -6.712923391077e-13       0.000000000000e+00       2.192337434901e-16       3.260592302165e-17       7.143942814631e-18 
 2237       1.511830219140e-11       9.203264243320e-13      -6.858805285480e-13       0.000000000000e+00       2.188312759575e-16       3.231897018276e-17       7.143237060421e-18 
 2238       1.508044682620e-11       9.198923091644e-13      -7.004422848520e-13       0.000000000000e+00       2.184297178745e-16       3.203258768613e-17       7.141791708624e-18 
 2239       1.504370702931e-11       9.193642757749e-13      -7.149707576399e-13       0.000000000000e+00       2.180290665457e-16       3.174674153281e-17       7.139593924844e-18 
 2240       1.500807689325e-11       9.187421613262e-13      -7.294590723668e-13       0.000000000000e+00       2.176293192550e-16       3.146139759567e-17       7.136630834103e-18 
 2241       1.497355048102e-11       9.180258030654e-13      -7.439003302964e-13       0.000000000000e+00       2.172304732654e-16       3.117652161925e-17       7.132889520793e-18 
 2242       1.494012182612e-11       9.172150383243e-13      -7.582876084733e-13       0.000000000000e+00       2.168325258197e-16       3.089207921958e-17       7.128357028637e-18 
 2243       1.490778493243e-11       9.163097045200e-13      -7.726139596972e-13       0.000000000000e+00       2.164354741394e-16       3.060803588410e-17       7.123020360643e-18 
 2244       1.487653377424e-11       9.153096391551e-13      -7.868724124951e-13       0.000000000000e+00       2.160393154255e-16       3.032435697145e-17       7.116866479060e-18 
 2245       1.484636229621e-11       9.142146798178e-13      -8.010559710952e-13       0.000000000000e+00       2.156440468583e-16       3.004100771134e-17       7.109882305339e-18 
 2246       1.481726441329e-11       9.130246641828e-13      -8.151576153996e-13       0.000000000000e+00       2.152496655970e-16       2.975795320445e-17       7.102054720083e-18 
 2247       1.478923401073e-11       9.117394300111e-13      -8.291703009576e-13       0.000000000000e+00       2.148561687802e-16       2.947515842221e-17       7.093370563011e-18 
 2248       1.476226494402e-11       9.103588151504e-13      -8.430869589391e-13       0.000000000000e+00       2.144635535254e-16       2.919258820672e-17       7.083816632907e-18 
 2249       1.473635103885e-11       9.088826575360e-13      -8.569004961074e-13       0.000000000000e+00       2.140718169292e-16       2.891020727055e-17       7.073379687584e-18 
 2250       1.471148609110e-11       9.073107951904e-13      -8.706037947926e-13       0.000000000000e+00       2.136809560675e-16       2.862798019663e-17       7.062046443836e-18 
 2251       1.468766224443e-11       9.056432773624e-13      -8.841903300183e-13       0.000000000000e+00       2.132909681680e-16       2.834590245964e-17       7.049805931256e-18 
 2252       1.466486511168e-11       9.038809994435e-13      -8.976560253221e-13       0.000000000000e+00       2.129018511303e-16       2.806409371087e-17       7.036656570508e-18 
 2253       1.464307862166e-11       9.020250721812e-13      -9.109974089514e-13       0.000000000000e+00       2.125136030095e-16       2.778270509978e-17       7.022599141005e-18 
 2254       1.462228663860e-11       9.000766109216e-13      -9.242109977936e-13       0.000000000000e+00       2.121262218433e-16       2.750188830812e-17       7.007634431242e-18 
 2255       1.460247296198e-11       8.980367356138e-13      -9.372932973637e-13       0.000000000000e+00       2.117397056520e-16       2.722179555052e-17       6.991763238803e-18 
 2256       1.458362132657e-11       8.959065708162e-13      -9.502408017924e-13       0.000000000000e+00       2.113540524384e-16       2.694257957506e-17       6.974986370380e-18 
 2257       1.456571540225e-11       8.936872457011e-13      -9.630499938136e-13       0.000000000000e+00       2.109692601879e-16       2.666439366390e-17       6.957304641781e-18 
 2258       1.454873879401e-11       8.913798940604e-13      -9.757173447523e-13       0.000000000000e+00       2.105853268686e-16       2.638739163383e-17       6.938718877946e-18 
 2259       1.453267504183e-11       8.889856543108e-13      -9.882393145124e-13       0.000000000000e+00       2.102022504310e-16       2.611172783688e-17       6.919229912952e-18 
 2260       1.451750762064e-11       8.865056694993e-13      -1.000612351564e-12       0.000000000000e+00       2.098200288080e-16       2.583755716089e-17       6.898838590037e-18 
 2261       1.450321994021e-11       8.839410873085e-13      -1.012832892933e-12       0.000000000000e+00       2.094386599151e-16       2.556503503012e-17       6.877545761602e-18 
 2262       1.448979534511e-11       8.812930600615e-13      -1.024897364185e-12       0.000000000000e+00       2.090581416502e-16       2.529431740582e-17       6.855352289227e-18 
 2263       1.447721711462e-11       8.785627447281e-13      -1.036802179418e-12       0.000000000000e+00       2.086784718937e-16       2.502556078684e-17       6.832259043686e-18 
 2264       1.446546846264e-11       8.757513029293e-13      -1.048543741247e-12       0.000000000000e+00       2.082996485084e-16       2.475892221019e-17       6.808266904954e-18 
 2265       1.445453253765e-11       8.728599009432e-13      -1.060118440792e-12       0.000000000000e+00       2.079216693392e-16       2.449455925165e-17       6.783376762227e-18 
 2266       1.444439242259e-11       8.698897097099e-13      -1.071522657666e-12       0.000000000000e+00       2.075445322137e-16       2.423263002635e-17       6.757589513925e-18 
 2267       1.443503113484e-11       8.668419048372e-13      -1.082752759964e-12       0.000000000000e+00       2.071682349416e-16       2.397329318934e-17       6.730906067711e-18 
 2268       1.442643162610e-11       8.637176666059e-13      -1.093805104250e-12       0.000000000000e+00       2.067927753152e-16       2.371670793624e-17       6.703327340503e-18 
 2269       1.441857678233e-11       8.605181799748e-13      -1.104676035544e-12       0.000000000000e+00       2.064181511086e-16       2.346303400373e-17       6.674854258483e-18 
 2270       1.441144942369e-11       8.572446345864e-13      -1.115361887310e-12       0.000000000000e+00       2.060443600785e-16       2.321243167025e-17       6.645487757112e-18 
 2271       1.440503230445e-11       8.538982247722e-13      -1.125858981445e-12       0.000000000000e+00       2.056713999639e-16       2.296506175650e-17       6.615228781141e-18 
 2272       1.439930811292e-11       8.504801495578e-13      -1.136163628267e-12       0.000000000000e+00       2.052992684857e-16       2.272108562605e-17       6.584078284625e-18 
 2273       1.439425947136e-11       8.469916126684e-13      -1.146272126498e-12       0.000000000000e+00       2.049279633472e-16       2.248066518597e-17       6.552037230935e-18 
 2274       1.438986893594e-11       8.434338225343e-13      -1.156180763260e-12       0.000000000000e+00       2.045574822338e-16       2.224396288736e-17       6.519106592768e-18 
 2275       1.438611899663e-11       8.398079922959e-13      -1.165885814055e-12       0.000000000000e+00       2.041878228130e-16       2.201114172599e-17       6.485287352161e-18 
 2276       1.438299207715e-11       8.361153398092e-13      -1.175383542758e-12       0.000000000000e+00       2.038189827345e-16       2.178236524284e-17       6.450580500507e-18 
 2277       1.438047053489e-11       8.323570876513e-13      -1.184670201602e-12       0.000000000000e+00       2.034509596299e-16       2.155779752473e-17       6.414987038559e-18 
 2278       1.437853666081e-11       8.285344631254e-13      -1.193742031167e-12       0.000000000000e+00       2.030837511132e-16       2.133760320487e-17       6.378507976452e-18 
 2279       1.437717267941e-11       8.246486982663e-13      -1.202595260368e-12       0.000000000000e+00       2.027173547801e-16       2.112194746350e-17       6.341144333707e-18 
 2280       1.437636074864e-11       8.207010298460e-13      -1.211226106439e-12       0.000000000000e+00       2.023517682084e-16       2.091099602840e-17       6.302897139249e-18 
 2281       1.437608295978e-11       8.166926993785e-13      -1.219630774929e-12       0.000000000000e+00       2.019869889581e-16       2.070491517557e-17       6.263767431417e-18 
 2282       1.437632133743e-11       8.126249531256e-13      -1.227805459681e-12       0.000000000000e+00       2.016230145709e-16       2.050387172976e-17       6.223756257977e-18 
 2283       1.437705783942e-11       8.084990421022e-13      -1.235746342825e-12       0.000000000000e+00       2.012598425705e-16       2.030803306505e-17       6.182864676134e-18 
 2284       1.437827435670e-11       8.043162220811e-13      -1.243449594763e-12       0.000000000000e+00       2.008974704626e-16       2.011756710548e-17       6.141093752545e-18 
 2285       1.437995271331e-11       8.000777535991e-13      -1.250911374159e-12       0.000000000000e+00       2.005358957348e-16       1.993264232562e-17       6.098444563330e-18 
 2286       1.438207466626e-11       7.957849019619e-13      -1.258127827928e-12       0.000000000000e+00       2.001751158565e-16       1.975342775115e-17       6.054918194085e-18 
 2287       1.438462190552e-11       7.914389372495e-13      -1.265095091217e-12       0.000000000000e+00       1.998151282789e-16       1.958009295945e-17       6.010515739897e-18 
 2288       1.438757605386e-11       7.870411343215e-13      -1.271809287401e-12       0.000000000000e+00       1.994559304352e-16       1.941280808019e-17       5.965238305352e-18 
 2289       1.439091866687e-11       7.825927728226e-13      -1.278266528067e-12       0.000000000000e+00       1.990975197403e-16       1.925174379595e-17       5.919087004550e-18 
 2290       1.439463123279e-11       7.780951371877e-13      -1.284462912999e-12       0.000000000000e+00       1.987398935907e-16       1.909707134274e-17       5.872062961117e-18 
 2291       1.439869562604e-11       7.735495585220e-13      -1.290395293594e-12       0.000000000000e+00       1.983830495366e-16       1.894891894822e-17       5.824170911897e-18 
 2292       1.440309547079e-11       7.689575405220e-13      -1.296063568441e-12       0.000000000000e+00       1.980269857970e-16       1.880724084075e-17       5.775430043175e-18 
 2293       1.440781478593e-11       7.643206343695e-13      -1.301468402384e-12       0.000000000000e+00       1.976717007476e-16       1.867194740441e-17       5.725863223725e-18 
 2294       1.441283753225e-11       7.596403969368e-13      -1.306610464439e-12       0.000000000000e+00       1.973171927494e-16       1.854294866499e-17       5.675493407516e-18 
 2295       1.441814761241e-11       7.549183907928e-13      -1.311490427794e-12       0.000000000000e+00       1.969634601486e-16       1.842015428963e-17       5.624343633805e-18 
 2296       1.442372887084e-11       7.501561842095e-13      -1.316108969822e-12       0.000000000000e+00       1.966105012766e-16       1.830347358634e-17       5.572437027230e-18 
 2297       1.442956509370e-11       7.453553511680e-13      -1.320466772079e-12       0.000000000000e+00       1.962583144503e-16       1.819281550369e-17       5.519796797909e-18 
 2298       1.443564000882e-11       7.405174713648e-13      -1.324564520315e-12       0.000000000000e+00       1.959068979713e-16       1.808808863032e-17       5.466446241531e-18 
 2299       1.444193728560e-11       7.356441302186e-13      -1.328402904473e-12       0.000000000000e+00       1.955562501269e-16       1.798920119455e-17       5.412408739451e-18 
 2300       1.444844053500e-11       7.307369188760e-13      -1.331982618700e-12       0.000000000000e+00       1.952063691891e-16       1.789606106401e-17       5.357707758788e-18 
 2301       1.445513330943e-11       7.257974342180e-13      -1.335304361350e-12       0.000000000000e+00       1.948572534154e-16       1.780857574519e-17       5.302366852516e-18 
 2302       1.446199910271e-11       7.208272788665e-13      -1.338368834988e-12       0.000000000000e+00       1.945089010482e-16       1.772665238307e-17       5.246409659560e-18 
 2303       1.446902134998e-11       7.158280611902e-13      -1.341176746398e-12       0.000000000000e+00       1.941613103151e-16       1.765019776067e-17       5.189859904890e-18 
 2304       1.447618342767e-11       7.108013953113e-13      -1.343728806585e-12       0.000000000000e+00       1.938144794287e-16       1.757911829869e-17       5.132741399620e-18 
 2305       1.448346865343e-11       7.057489011114e-13      -1.346025730782e-12       0.000000000000e+00       1.934684065867e-16       1.751332005505e-17       5.075078041096e-18 
 2306       1.449086028603e-11       7.006722042383e-13      -1.348068238457e-12       0.000000000000e+00       1.931230899719e-16       1.745270872453e-17       5.016893812995e-18 
 2307       1.449834152534e-11       6.955729361117e-13      -1.349857053314e-12       0.000000000000e+00       1.927785277520e-16       1.739718963834e-17       4.958212785419e-18 
 2308       1.450589551225e-11       6.904527339299e-13      -1.351392903302e-12       0.000000000000e+00       1.924347180797e-16       1.734666776373e-17       4.899059114991e-18 
 2309       1.451350532859e-11       6.853132406760e-13      -1.352676520616e-12       0.000000000000e+00       1.920916590929e-16       1.730104770354e-17       4.839457044946e-18 
 2310       1.452115399708e-11       6.801561051243e-13      -1.353708641710e-12       0.000000000000e+00       1.917493489140e-16       1.726023369585e-17       4.779430905228e-18 
 2311       1.452882448128e-11       6.749829818463e-13      -1.354490007292e-12       0.000000000000e+00       1.914077856509e-16       1.722412961353e-17       4.719005112588e-18 
 2312       1.453649968550e-11       6.697955312171e-13      -1.355021362337e-12       0.000000000000e+00       1.910669673959e-16       1.719263896386e-17       4.658204170671e-18 
 2313       1.454416245475e-11       6.645954194220e-13      -1.355303456089e-12       0.000000000000e+00       1.907268922266e-16       1.716566488809e-17       4.597052670118e-18 
 2314       1.455179557466e-11       6.593843184625e-13      -1.355337042069e-12       0.000000000000e+00       1.903875582051e-16       1.714311016107e-17       4.535575288657e-18 
 2315       1.455938177145e-11       6.541639061626e-13      -1.355122878074e-12       0.000000000000e+00       1.900489633788e-16       1.712487719082e-17       4.473796791199e-18 
 2316       1.456690371183e-11       6.489358661750e-13      -1.354661726189e-12       0.000000000000e+00       1.897111057796e-16       1.711086801814e-17       4.411742029933e-18 
 2317       1.457434400295e-11       6.437018879879e-13      -1.353954352790e-12       0.000000000000e+00       1.893739834242e-16       1.710098431617e-17       4.349435944419e-18 
 2318       1.458168519235e-11       6.384636669307e-13      -1.353001528546e-12       0.000000000000e+00       1.890375943144e-16       1.709512739003e-17       4.286903561685e-18 
 2319       1.458890976786e-11       6.332229041805e-13      -1.351804028430e-12       0.000000000000e+00       1.887019364364e-16       1.709319817636e-17       4.224169996318e-18 
 2320       1.459600015758e-11       6.279813067686e-13      -1.350362631719e-12       0.000000000000e+00       1.883670077615e-16       1.709509724296e-17       4.161260450565e-18 
 2321       1.460293872977e-11       6.227405875865e-13      -1.348678122004e-12       0.000000000000e+00       1.880328062454e-16       1.710072478835e-17       4.098200214421e-18 
 2322       1.460970779284e-11       6.175024653924e-13      -1.346751287189e-12       0.000000000000e+00       1.876993298288e-16       1.710998064140e-17       4.035014665730e-18 
 2323       1.461628959522e-11       6.122686648173e-13      -1.344582919502e-12       0.000000000000e+00       1.873665764369e-16       1.712276426085e-17       3.971729270272e-18 
 2324       1.462266632535e-11       6.070409163716e-13      -1.342173815499e-12       0.000000000000e+00       1.870345439798e-16       1.713897473500e-17       3.908369581866e-18 
 2325       1.462882011160e-11       6.018209564510e-13      -1.339524776067e-12       0.000000000000e+00       1.867032303519e-16       1.715851078123e-17       3.844961242461e-18 
 2326       1.463473302220e-11       5.966105273431e-13      -1.336636606430e-12       0.000000000000e+00       1.863726334326e-16       1.718127074562e-17       3.781529982227e-18 
 2327       1.464038706517e-11       5.914113772336e-13      -1.333510116157e-12       0.000000000000e+00       1.860427510858e-16       1.720715260253e-17       3.718101619658e-18 
 2328       1.464576418828e-11       5.862252602126e-13      -1.330146119162e-12       0.000000000000e+00       1.857135811598e-16       1.723605395422e-17       3.654702061659e-18 
 2329       1.465084627895e-11       5.810539362809e-13      -1.326545433714e-12       0.000000000000e+00       1.853851214877e-16       1.726787203041e-17       3.591357303645e-18 
 2330       1.465561516423e-11       5.758991713561e-13      -1.322708882440e-12       0.000000000000e+00       1.850573698871e-16       1.730250368790e-17       3.528093429635e-18 
 2331       1.466005447270e-11       5.707626178971e-13      -1.318637756235e-12       0.000000000000e+00       1.847303243193e-16       1.733983577113e-17       3.464936350758e-18 
 2332       1.466415523329e-11       5.656454559433e-13      -1.314335209157e-12       0.000000000000e+00       1.844039833686e-16       1.737971612868e-17       3.401911018783e-18 
 2333       1.466791031151e-11       5.605487498334e-13      -1.309804872304e-12       0.000000000000e+00       1.840783457657e-16       1.742198241391e-17       3.339042207842e-18 
 2334       1.467131255062e-11       5.554735673859e-13      -1.305050390719e-12       0.000000000000e+00       1.837534102293e-16       1.746647170686e-17       3.276354775653e-18 
 2335       1.467435477163e-11       5.504209799034e-13      -1.300075423407e-12       0.000000000000e+00       1.834291754659e-16       1.751302051358e-17       3.213873663609e-18 
 2336       1.467702977323e-11       5.453920621758e-13      -1.294883643352e-12       0.000000000000e+00       1.831056401694e-16       1.756146476554e-17       3.151623896872e-18 
 2337       1.467933033178e-11       5.403878924841e-13      -1.289478737529e-12       0.000000000000e+00       1.827828030218e-16       1.761163981903e-17       3.089630584456e-18 
 2338       1.468124920133e-11       5.354095526041e-13      -1.283864406921e-12       0.000000000000e+00       1.824606626926e-16       1.766338045447e-17       3.027918919320e-18 
 2339       1.468277911354e-11       5.304581278103e-13      -1.278044366537e-12       0.000000000000e+00       1.821392178390e-16       1.771652087586e-17       2.966514178456e-18 
 2340       1.468391277770e-11       5.255347068789e-13      -1.272022345422e-12       0.000000000000e+00       1.818184671057e-16       1.777089471013e-17       2.905441722977e-18 
 2341       1.468464288066e-11       5.206403820922e-13      -1.265802086679e-12       0.000000000000e+00       1.814984091254e-16       1.782633500653e-17       2.844726998205e-18 
 2342       1.468496208686e-11       5.157762492416e-13      -1.259387347478e-12       0.000000000000e+00       1.811790425181e-16       1.788267423599e-17       2.784395533764e-18 
 2343       1.468486303828e-11       5.109434076319e-13      -1.252781899077e-12       0.000000000000e+00       1.808603658915e-16       1.793974429052e-17       2.724472943666e-18 
 2344       1.468433835442e-11       5.061429600845e-13      -1.245989526833e-12       0.000000000000e+00       1.805423778410e-16       1.799737648258e-17       2.664984926399e-18 
 2345       1.468338063225e-11       5.013760129412e-13      -1.239014030221e-12       0.000000000000e+00       1.802250769495e-16       1.805540154448e-17       2.605957265017e-18 
 2346       1.468198244625e-11       4.966436760679e-13      -1.231859222847e-12       0.000000000000e+00       1.799084617874e-16       1.811364962772e-17       2.547415827233e-18 
 2347       1.468013634832e-11       4.919470628581e-13      -1.224528932464e-12       0.000000000000e+00       1.795925309127e-16       1.817195030240e-17       2.489386565499e-18 
 2348       1.467783486782e-11       4.872872902368e-13      -1.217027000991e-12       0.000000000000e+00       1.792772828710e-16       1.823013255661e-17       2.431895517105e-18 
 2349       1.467507051147e-11       4.826654786641e-13      -1.209357284521e-12       0.000000000000e+00       1.789627161952e-16       1.828802479578e-17       2.374968804260e-18 
 2350       1.467183576341e-11       4.780827521386e-13      -1.201523653344e-12       0.000000000000e+00       1.786488294060e-16       1.834545484206e-17       2.318632634185e-18 
 2351       1.466812308511e-11       4.735402382014e-13      -1.193529991957e-12       0.000000000000e+00       1.783356210113e-16       1.840224993374e-17       2.262913299202e-18 
 2352       1.466392491541e-11       4.690390679397e-13      -1.185380199083e-12       0.000000000000e+00       1.780230895066e-16       1.845823672459e-17       2.207837176821e-18 
 2353       1.465923367041e-11       4.645803759902e-13      -1.177078187686e-12       0.000000000000e+00       1.777112333747e-16       1.851324128325e-17       2.153430729830e-18 
 2354       1.465404174355e-11       4.601653005429e-13      -1.168627884984e-12       0.000000000000e+00       1.774000510861e-16       1.856708909262e-17       2.099720506385e-18 
 2355       1.464834150551e-11       4.557949833451e-13      -1.160033232468e-12       0.000000000000e+00       1.770895410985e-16       1.861960504923e-17       2.046733140097e-18 
 2356       1.464212530420e-11       4.514705697044e-13      -1.151298185913e-12       0.000000000000e+00       1.767797018570e-16       1.867061346262e-17       1.994495350122e-18 
 2357       1.463538546478e-11       4.471932084929e-13      -1.142426715398e-12       0.000000000000e+00       1.764705317941e-16       1.871993805473e-17       1.943033941249e-18 
 2358       1.462811428958e-11       4.429640521508e-13      -1.133422805319e-12       0.000000000000e+00       1.761620293297e-16       1.876740195926e-17       1.892375803992e-18 
 2359       1.462030405813e-11       4.387842566897e-13      -1.124290454405e-12       0.000000000000e+00       1.758541928711e-16       1.881282772109e-17       1.842547914675e-18 
 2360       1.461194702708e-11       4.346549816965e-13      -1.115033675734e-12       0.000000000000e+00       1.755470208127e-16       1.885603729560e-17       1.793577335522e-18 
 2361       1.460303543023e-11       4.305773903372e-13      -1.105656496747e-12       0.000000000000e+00       1.752405115365e-16       1.889685204811e-17       1.745491214750e-18 
 2362       1.459356147847e-11       4.265526493605e-13      -1.096162959265e-12       0.000000000000e+00       1.749346634115e-16       1.893509275321e-17       1.698316786650e-18 
 2363       1.458351735979e-11       4.225819291010e-13      -1.086557119505e-12       0.000000000000e+00       1.746294747943e-16       1.897057959419e-17       1.652081371684e-18 
 2364       1.457289523921e-11       4.186664034835e-13      -1.076843048090e-12       0.000000000000e+00       1.743249440284e-16       1.900313216236e-17       1.606812376570e-18 
 2365       1.456168725881e-11       4.148072500265e-13      -1.067024830075e-12       0.000000000000e+00       1.740210694449e-16       1.903256945648e-17       1.562537294370e-18 
 2366       1.454988553767e-11       4.110056498455e-13      -1.057106564951e-12       0.000000000000e+00       1.737178493619e-16       1.905870988213e-17       1.519283704582e-18 
 2367       1.453748217186e-11       4.072627876571e-13      -1.047092366668e-12       0.000000000000e+00       1.734152820848e-16       1.908137125108e-17       1.477079273226e-18 
 2368       1.452446923442e-11       4.035798517822e-13      -1.036986363649e-12       0.000000000000e+00       1.731133659062e-16       1.910037078065e-17       1.435951752935e-18 
 2369       1.451083877533e-11       3.999580341503e-13      -1.026792698803e-12       0.000000000000e+00       1.728120991057e-16       1.911552509315e-17       1.395928983044e-18 
 2370       1.449658282149e-11       3.963985303026e-13      -1.016515529543e-12       0.000000000000e+00       1.725114799504e-16       1.912665021519e-17       1.357038889678e-18 
 2371       1.448169533251e-11       3.929023535129e-13      -1.006158992325e-12       0.000000000000e+00       1.722115067325e-16       1.913363339301e-17       1.319295190637e-18 
 2372       1.446617808136e-11       3.894697758884e-13      -9.957270960009e-13       0.000000000000e+00       1.719121778851e-16       1.913664902411e-17       1.282654413413e-18 
 2373       1.445003480997e-11       3.861008838249e-13      -9.852238278376e-13       0.000000000000e+00       1.716134918673e-16       1.913594405783e-17       1.247058611931e-18 
 2374       1.443326927679e-11       3.827957635763e-13      -9.746531889485e-13       0.000000000000e+00       1.713154471262e-16       1.913176630133e-17       1.212449637433e-18 
 2375       1.441588525672e-11       3.795545012536e-13      -9.640191943072e-13       0.000000000000e+00       1.710180420966e-16       1.912436442061e-17       1.178769138264e-18 
 2376       1.439788654121e-11       3.763771828254e-13      -9.533258727625e-13       0.000000000000e+00       1.707212752013e-16       1.911398794137e-17       1.145958559654e-18 
 2377       1.437927693824e-11       3.732638941171e-13      -9.425772670530e-13       0.000000000000e+00       1.704251448507e-16       1.910088724992e-17       1.113959143504e-18 
 2378       1.436006027236e-11       3.702147208107e-13      -9.317774338219e-13       0.000000000000e+00       1.701296494433e-16       1.908531359410e-17       1.082711928168e-18 
 2379       1.434024038466e-11       3.672297484446e-13      -9.209304436315e-13       0.000000000000e+00       1.698347873652e-16       1.906751908421e-17       1.052157748238e-18 
 2380       1.431982113284e-11       3.643090624130e-13      -9.100403809785e-13       0.000000000000e+00       1.695405569903e-16       1.904775669389e-17       1.022237234327e-18 
 2381       1.429880639123e-11       3.614527479660e-13      -8.991113443078e-13       0.000000000000e+00       1.692469566803e-16       1.902628026107e-17       9.928908128560e-19 
 2382       1.427720005077e-11       3.586608902091e-13      -8.881474460282e-13       0.000000000000e+00       1.689539847846e-16       1.900334448884e-17       9.640587058329e-19 
 2383       1.425500601905e-11       3.559335741027e-13      -8.771528125261e-13       0.000000000000e+00       1.686616396404e-16       1.897920494640e-17       9.356809306403e-19 
 2384       1.423222822032e-11       3.532708844622e-13      -8.661315841811e-13       0.000000000000e+00       1.683699195726e-16       1.895411806996e-17       9.076972998182e-19 
 2385       1.420887059555e-11       3.506729059574e-13      -8.550879153803e-13       0.000000000000e+00       1.680788228937e-16       1.892834116362e-17       8.800474208479e-19 
 2386       1.418493710237e-11       3.481397231121e-13      -8.440259745327e-13       0.000000000000e+00       1.677883479039e-16       1.890213240034e-17       8.526706959360e-19 
 2387       1.416043171516e-11       3.456714203043e-13      -8.329499440846e-13       0.000000000000e+00       1.674984928913e-16       1.887575082281e-17       8.255063217985e-19 
 2388       1.413535842504e-11       3.432680817651e-13      -8.218640205339e-13       0.000000000000e+00       1.672092561313e-16       1.884945634439e-17       7.984932894445e-19 
 2389       1.410972123989e-11       3.409297915794e-13      -8.107724144447e-13       0.000000000000e+00       1.669206358873e-16       1.882350974998e-17       7.715703839603e-19 
 2390       1.408352418436e-11       3.386566336845e-13      -7.996793504623e-13       0.000000000000e+00       1.666326304099e-16       1.879817269699e-17       7.446761842933e-19 
 2391       1.405677129992e-11       3.364486918707e-13      -7.885890673277e-13       0.000000000000e+00       1.663452379377e-16       1.877370771621e-17       7.177490630359e-19 
 2392       1.402946664484e-11       3.343060497804e-13      -7.775058178924e-13       0.000000000000e+00       1.660584566966e-16       1.875037821273e-17       6.907271862095e-19 
 2393       1.400161429421e-11       3.322287909083e-13      -7.664338691332e-13       0.000000000000e+00       1.657722849003e-16       1.872844846686e-17       6.635485130484e-19 
 2394       1.397321834002e-11       3.302169986005e-13      -7.553775021666e-13       0.000000000000e+00       1.654867207498e-16       1.870818363505e-17       6.361507957836e-19 
 2395       1.394428289108e-11       3.282707560546e-13      -7.443410122638e-13       0.000000000000e+00       1.652017624340e-16       1.868984975077e-17       6.084715794270e-19 
 2396       1.391481207314e-11       3.263901463195e-13      -7.333287088655e-13       0.000000000000e+00       1.649174081289e-16       1.867371372547e-17       5.804482015554e-19 
 2397       1.388481002883e-11       3.245752522946e-13      -7.223449155961e-13       0.000000000000e+00       1.646336559984e-16       1.866004334945e-17       5.520177920939e-19 
 2398       1.385428091771e-11       3.228261567300e-13      -7.113939702789e-13       0.000000000000e+00       1.643505041936e-16       1.864910729278e-17       5.231172731004e-19 
 2399       1.382322891631e-11       3.211429422258e-13      -7.004802249507e-13       0.000000000000e+00       1.640679508533e-16       1.864117510625e-17       4.936833585494e-19 
 2400       1.379165821809e-11       3.195256912323e-13      -6.896080458764e-13       0.000000000000e+00       1.637859941035e-16       1.863651722222e-17       4.636525541156e-19 
 2401       1.375957303354e-11       3.179744860489e-13      -6.787818135636e-13       0.000000000000e+00       1.635046320580e-16       1.863540495560e-17       4.329611569585e-19 
 2402       1.372697759011e-11       3.164894088246e-13      -6.680059227777e-13       0.000000000000e+00       1.632238628176e-16       1.863811050469e-17       4.015452555055e-19 
 2403       1.369387613231e-11       3.150705415573e-13      -6.572847825563e-13       0.000000000000e+00       1.629436844710e-16       1.864490695217e-17       3.693407292367e-19 
 2404       1.366027292166e-11       3.137179660934e-13      -6.466228162239e-13       0.000000000000e+00       1.626640950938e-16       1.865606826593e-17       3.362832484682e-19 
 2405       1.362617223677e-11       3.124317641279e-13      -6.360244614067e-13       0.000000000000e+00       1.623850927494e-16       1.867186930006e-17       3.023082741364e-19 
 2406       1.359157837329e-11       3.112120172035e-13      -6.254941700474e-13       0.000000000000e+00       1.621066754883e-16       1.869258579571e-17       2.673510575815e-19 
 2407       1.355649564400e-11       3.100588067109e-13      -6.150364084198e-13       0.000000000000e+00       1.618288413485e-16       1.871849438203e-17       2.313466403321e-19 
 2408       1.352092837879e-11       3.089722138881e-13      -6.046556571434e-13       0.000000000000e+00       1.615515883553e-16       1.874987257706e-17       1.942298538887e-19 
 2409       1.348488092467e-11       3.079523198203e-13      -5.943564111982e-13       0.000000000000e+00       1.612749145213e-16       1.878699878865e-17       1.559353195075e-19 
 2410       1.344835764582e-11       3.069992054394e-13      -5.841431799397e-13       0.000000000000e+00       1.609988178463e-16       1.883015231540e-17       1.163974479848e-19 
 2411       1.341136388073e-11       3.061128128454e-13      -5.740200716421e-13       0.000000000000e+00       1.607232964601e-16       1.887953406666e-17       7.557032648557e-20 
 2412       1.337390882000e-11       3.052925283512e-13      -5.639895443440e-13       0.000000000000e+00       1.604483490500e-16       1.893502819478e-17       3.348751143803e-20 
 2413       1.333600264610e-11       3.045375969047e-13      -5.540536474464e-13       0.000000000000e+00       1.601739744359e-16       1.899643901712e-17      -9.797401675944e-21 
 2414       1.329765557776e-11       3.038472605347e-13      -5.442144365006e-13       0.000000000000e+00       1.599001714275e-16       1.906357016472e-17      -5.423063219806e-20 
 2415       1.325887787010e-11       3.032207583475e-13      -5.344739732149e-13       0.000000000000e+00       1.596269388249e-16       1.913622458164e-17      -9.975821409938e-20 
 2416       1.321967981461e-11       3.026573265236e-13      -5.248343254603e-13       0.000000000000e+00       1.593542754178e-16       1.921420452415e-17      -1.463259957860e-19 
 2417       1.318007173921e-11       3.021561983148e-13      -5.152975672766e-13       0.000000000000e+00       1.590821799865e-16       1.929731156009e-17      -1.938796399046e-19 
 2418       1.314006400828e-11       3.017166040408e-13      -5.058657788790e-13       0.000000000000e+00       1.588106513008e-16       1.938534656808e-17      -2.423646231483e-19 
 2419       1.309966702271e-11       3.013377710861e-13      -4.965410466637e-13       0.000000000000e+00       1.585396881209e-16       1.947810973684e-17      -2.917262360625e-19 
 2420       1.305889121994e-11       3.010189238969e-13      -4.873254632143e-13       0.000000000000e+00       1.582692891967e-16       1.957540056444e-17      -3.419095828502e-19 
 2421       1.301774707397e-11       3.007592839780e-13      -4.782211273080e-13       0.000000000000e+00       1.579994532684e-16       1.967701785759e-17      -3.928595811777e-19 
 2422       1.297624509542e-11       3.005580698891e-13      -4.692301439215e-13       0.000000000000e+00       1.577301790659e-16       1.978275973092e-17      -4.445209619808e-19 
 2423       1.293439583159e-11       3.004144972426e-13      -4.603546242374e-13       0.000000000000e+00       1.574614653093e-16       1.989242360624e-17      -4.968382692700e-19 
 2424       1.289220986645e-11       3.003277786995e-13      -4.515966856501e-13       0.000000000000e+00       1.571933107084e-16       2.000580621182e-17      -5.497558599361e-19 
 2425       1.284969782073e-11       3.002971239668e-13      -4.429584517721e-13       0.000000000000e+00       1.569257139632e-16       2.012270358170e-17      -6.032179035566e-19 
 2426       1.280687035189e-11       3.003217397939e-13      -4.344420524400e-13       0.000000000000e+00       1.566586737635e-16       2.024291105489e-17      -6.571683822005e-19 
 2427       1.276373815426e-11       3.004008299700e-13      -4.260496237207e-13       0.000000000000e+00       1.563921887890e-16       2.036622327475e-17      -7.115510902345e-19 
 2428       1.272031195896e-11       3.005335953203e-13      -4.177833079177e-13       0.000000000000e+00       1.561262577092e-16       2.049243418817e-17      -7.663096341288e-19 
 2429       1.267660253403e-11       3.007192337034e-13      -4.096452535769e-13       0.000000000000e+00       1.558608791838e-16       2.062133704490e-17      -8.213874322624e-19 
 2430       1.263262068444e-11       3.009569400077e-13      -4.016376154930e-13       0.000000000000e+00       1.555960518621e-16       2.075272439682e-17      -8.767277147291e-19 
 2431       1.258837725210e-11       3.012459061484e-13      -3.937625547155e-13       0.000000000000e+00       1.553317743833e-16       2.088638809720e-17      -9.322735231428e-19 
 2432       1.254388311595e-11       3.015853210644e-13      -3.860222385550e-13       0.000000000000e+00       1.550680453766e-16       2.102211929999e-17      -9.879677104437e-19 
 2433       1.249914919196e-11       3.019743707151e-13      -3.784188405890e-13       0.000000000000e+00       1.548048634608e-16       2.115970845910e-17      -1.043752940704e-18 
 2434       1.245418643316e-11       3.024122380771e-13      -3.709545406685e-13       0.000000000000e+00       1.545422272448e-16       2.129894532765e-17      -1.099571688932e-18 
 2435       1.240900582973e-11       3.028981031411e-13      -3.636315249236e-13       0.000000000000e+00       1.542801353270e-16       2.143961895729e-17      -1.155366240882e-18 
 2436       1.236361840900e-11       3.034311429088e-13      -3.564519857702e-13       0.000000000000e+00       1.540185862959e-16       2.158151769743e-17      -1.211078692853e-18 
 2437       1.231803523547e-11       3.040105313898e-13      -3.494181219157e-13       0.000000000000e+00       1.537575787296e-16       2.172442919454e-17      -1.266650951503e-18 
 2438       1.227226741090e-11       3.046354395983e-13      -3.425321383653e-13       0.000000000000e+00       1.534971111961e-16       2.186814039145e-17      -1.322024733647e-18 
 2439       1.222632607432e-11       3.053050355497e-13      -3.357962464282e-13       0.000000000000e+00       1.532371822530e-16       2.201243752657e-17      -1.377141566066e-18 
 2440       1.218022240205e-11       3.060184842579e-13      -3.292126637235e-13       0.000000000000e+00       1.529777904477e-16       2.215710613320e-17      -1.431942785315e-18 
 2441       1.213396760778e-11       3.067749477320e-13      -3.227836141868e-13       0.000000000000e+00       1.527189343174e-16       2.230193103882e-17      -1.486369537523e-18 
 2442       1.208757294257e-11       3.075735849729e-13      -3.165113280756e-13       0.000000000000e+00       1.524606123891e-16       2.244669636434e-17      -1.540362778206e-18 
 2443       1.204104969493e-11       3.084135519702e-13      -3.103980419763e-13       0.000000000000e+00       1.522028231792e-16       2.259118552339e-17      -1.593863272064e-18 
 2444       1.199440919081e-11       3.092940016993e-13      -3.044459988095e-13       0.000000000000e+00       1.519455651942e-16       2.273518122158e-17      -1.646811592795e-18 
 2445       1.194766279367e-11       3.102140841180e-13      -2.986574478369e-13       0.000000000000e+00       1.516888369299e-16       2.287846545580e-17      -1.699148122896e-18 
 2446       1.190082190452e-11       3.111729461633e-13      -2.930346446668e-13       0.000000000000e+00       1.514326368720e-16       2.302081951348e-17      -1.750813053468e-18 
 2447       1.185389796193e-11       3.121697317484e-13      -2.875798512607e-13       0.000000000000e+00       1.511769634958e-16       2.316202397188e-17      -1.801746384026e-18 
 2448       1.180690244211e-11       3.132035817594e-13      -2.822953359390e-13       0.000000000000e+00       1.509218152662e-16       2.330185869735e-17      -1.851887922301e-18 
 2449       1.175984685890e-11       3.142736340520e-13      -2.771833733877e-13       0.000000000000e+00       1.506671906379e-16       2.344010284461e-17      -1.901177284046e-18 
 2450       1.171274276387e-11       3.153790234488e-13      -2.722462446638e-13       0.000000000000e+00       1.504130880550e-16       2.357653485604e-17      -1.949553892844e-18 
 2451       1.166560136847e-11       3.165188565543e-13      -2.674857437152e-13       0.000000000000e+00       1.501595060771e-16       2.371097699851e-17      -1.996966412687e-18 
 2452       1.161843240825e-11       3.176921360429e-13      -2.629016937037e-13       0.000000000000e+00       1.499064437569e-16       2.384342926613e-17      -2.043401107696e-18 
 2453       1.157124527193e-11       3.188978359127e-13      -2.584934218306e-13       0.000000000000e+00       1.496539002650e-16       2.397393627601e-17      -2.088853651431e-18 
 2454       1.152404937869e-11       3.201349266216e-13      -2.542602520148e-13       0.000000000000e+00       1.494018747637e-16       2.410254280345e-17      -2.133319709500e-18 
 2455       1.147685417820e-11       3.214023750840e-13      -2.502015048894e-13       0.000000000000e+00       1.491503664076e-16       2.422929378216e-17      -2.176794939549e-18 
 2456       1.142966915058e-11       3.226991446671e-13      -2.463164977978e-13       0.000000000000e+00       1.488993743431e-16       2.435423430438e-17      -2.219274991257e-18 
 2457       1.138250380654e-11       3.240241951872e-13      -2.426045447900e-13       0.000000000000e+00       1.486488977087e-16       2.447740962107e-17      -2.260755506330e-18 
 2458       1.133536768730e-11       3.253764829058e-13      -2.390649566189e-13       0.000000000000e+00       1.483989356348e-16       2.459886514208e-17      -2.301232118495e-18 
 2459       1.128827036470e-11       3.267549605262e-13      -2.356970407368e-13       0.000000000000e+00       1.481494872440e-16       2.471864643629e-17      -2.340700453495e-18 
 2460       1.124122144120e-11       3.281585771898e-13      -2.325001012910e-13       0.000000000000e+00       1.479005516507e-16       2.483679923179e-17      -2.379156129080e-18 
 2461       1.119423054993e-11       3.295862784724e-13      -2.294734391211e-13       0.000000000000e+00       1.476521279612e-16       2.495336941607e-17      -2.416594755006e-18 
 2462       1.114730735467e-11       3.310370063804e-13      -2.266163517543e-13       0.000000000000e+00       1.474042152740e-16       2.506840303614e-17      -2.453011933025e-18 
 2463       1.110046154994e-11       3.325096993473e-13      -2.239281334023e-13       0.000000000000e+00       1.471568126792e-16       2.518194629873e-17      -2.488403256880e-18 
 2464       1.105370286102e-11       3.340032922300e-13      -2.214080749575e-13       0.000000000000e+00       1.469099192591e-16       2.529404557043e-17      -2.522764312299e-18 
 2465       1.100704104393e-11       3.355167163049e-13      -2.190554639888e-13       0.000000000000e+00       1.466635340878e-16       2.540474737789e-17      -2.556090676991e-18 
 2466       1.096048588554e-11       3.370488992648e-13      -2.168695847387e-13       0.000000000000e+00       1.464176562314e-16       2.551409840793e-17      -2.588377920637e-18 
 2467       1.091404720354e-11       3.385987652144e-13      -2.148497181188e-13       0.000000000000e+00       1.461722847478e-16       2.562214550779e-17      -2.619621604886e-18 
 2468       1.086773484649e-11       3.401652346674e-13      -2.129951417066e-13       0.000000000000e+00       1.459274186868e-16       2.572893568520e-17      -2.649817283347e-18 
 2469       1.082155869386e-11       3.417472245424e-13      -2.113051297416e-13       0.000000000000e+00       1.456830570901e-16       2.583451610863e-17      -2.678960501587e-18 
 2470       1.077552865605e-11       3.433436481593e-13      -2.097789531215e-13       0.000000000000e+00       1.454391989914e-16       2.593893410738e-17      -2.707046797121e-18 
 2471       1.072965467441e-11       3.449534152358e-13      -2.084158793986e-13       0.000000000000e+00       1.451958434160e-16       2.604223717182e-17      -2.734071699408e-18 
 2472       1.068394672130e-11       3.465754318834e-13      -2.072151727759e-13       0.000000000000e+00       1.449529893812e-16       2.614447295348e-17      -2.760030729844e-18 
 2473       1.063841480011e-11       3.482086006041e-13      -2.061760941039e-13       0.000000000000e+00       1.447106358962e-16       2.624568926529e-17      -2.784919401758e-18 
 2474       1.059306894528e-11       3.498518202865e-13      -2.052979008761e-13       0.000000000000e+00       1.444687819619e-16       2.634593408169e-17      -2.808733220403e-18 
 2475       1.054791922233e-11       3.515039862020e-13      -2.045798472258e-13       0.000000000000e+00       1.442274265710e-16       2.644525553882e-17      -2.831467682953e-18 
 2476       1.050297572791e-11       3.531639900017e-13      -2.040211839225e-13       0.000000000000e+00       1.439865687081e-16       2.654370193469e-17      -2.853118278495e-18 
 2477       1.045824858981e-11       3.548307197120e-13      -2.036211583676e-13       0.000000000000e+00       1.437462073495e-16       2.664132172931e-17      -2.873680488025e-18 
 2478       1.041374796700e-11       3.565030597314e-13      -2.033790145913e-13       0.000000000000e+00       1.435063414635e-16       2.673816354492e-17      -2.893149784439e-18 
 2479       1.036948404967e-11       3.581798908267e-13      -2.032939932485e-13       0.000000000000e+00       1.432669700100e-16       2.683427616609e-17      -2.911521632530e-18 
 2480       1.032546705924e-11       3.598600901292e-13      -2.033653316151e-13       0.000000000000e+00       1.430280919405e-16       2.692970853992e-17      -2.928791488982e-18 
 2481       1.028170724841e-11       3.615425311314e-13      -2.035922635846e-13       0.000000000000e+00       1.427897061986e-16       2.702450977620e-17      -2.944954802359e-18 
 2482       1.023821490119e-11       3.632260836829e-13      -2.039740196641e-13       0.000000000000e+00       1.425518117195e-16       2.711872914759e-17      -2.960007013109e-18 
 2483       1.019500033291e-11       3.649096139869e-13      -2.045098269703e-13       0.000000000000e+00       1.423144074301e-16       2.721241608975e-17      -2.973943553546e-18 
 2484       1.015207389027e-11       3.665919845966e-13      -2.051989092267e-13       0.000000000000e+00       1.420774922489e-16       2.730562020152e-17      -2.986759847854e-18 
 2485       1.010944595137e-11       3.682720544116e-13      -2.060404867587e-13       0.000000000000e+00       1.418410650864e-16       2.739839124513e-17      -2.998451312076e-18 
 2486       1.006712692573e-11       3.699486786738e-13      -2.070337764910e-13       0.000000000000e+00       1.416051248447e-16       2.749077914628e-17      -3.009013354108e-18 
 2487       1.002512725434e-11       3.716207089642e-13      -2.081779919431e-13       0.000000000000e+00       1.413696704175e-16       2.758283399440e-17      -3.018441373697e-18 
 2488       9.983457409669e-12       3.732869931992e-13      -2.094723432257e-13       0.000000000000e+00       1.411347006901e-16       2.767460604272e-17      -3.026730762428e-18 
 2489       9.942127895708e-12       3.749463756266e-13      -2.109160370375e-13       0.000000000000e+00       1.409002145398e-16       2.776614570852e-17      -3.033876903726e-18 
 2490       9.901149247999e-12       3.765976968221e-13      -2.125082766607e-13       0.000000000000e+00       1.406662108353e-16       2.785750357325e-17      -3.039875172845e-18 
 2491       9.860530815152e-12       3.782398740133e-13      -2.142479800574e-13       0.000000000000e+00       1.404326884281e-16       2.794871900430e-17      -3.044729696854e-18 
 2492       9.820277095513e-12       3.798721425749e-13      -2.161329323527e-13       0.000000000000e+00       1.401996461259e-16       2.803978594685e-17      -3.048479690879e-18 
 2493       9.780391379024e-12       3.814938159458e-13      -2.181606283618e-13       0.000000000000e+00       1.399670827191e-16       2.813068693131e-17      -3.051173276657e-18 
 2494       9.740876963788e-12       3.831042054280e-13      -2.203285540294e-13       0.000000000000e+00       1.397349969893e-16       2.822140443333e-17      -3.052858736770e-18 
 2495       9.701737156078e-12       3.847026201846e-13      -2.226341864203e-13       0.000000000000e+00       1.395033877098e-16       2.831192087380e-17      -3.053584514805e-18 
 2496       9.662975270342e-12       3.862883672380e-13      -2.250749937106e-13       0.000000000000e+00       1.392722536451e-16       2.840221861878e-17      -3.053399215519e-18 
 2497       9.624594629211e-12       3.878607514673e-13      -2.276484351778e-13       0.000000000000e+00       1.390415935513e-16       2.849227997945e-17      -3.052351605003e-18 
 2498       9.586598563505e-12       3.894190756064e-13      -2.303519611925e-13       0.000000000000e+00       1.388114061757e-16       2.858208721205e-17      -3.050490610843e-18 
 2499       9.548990412245e-12       3.909626402419e-13      -2.331830132085e-13       0.000000000000e+00       1.385816902574e-16       2.867162251783e-17      -3.047865322287e-18 
 2500       9.511773522654e-12       3.924907438111e-13      -2.361390237541e-13       0.000000000000e+00       1.383524445263e-16       2.876086804299e-17      -3.044524990405e-18 
 2501       9.474951250169e-12       3.940026825995e-13      -2.392174164227e-13       0.000000000000e+00       1.381236677042e-16       2.884980587863e-17      -3.040519028254e-18 
 2502       9.438526958448e-12       3.954977507392e-13      -2.424156058639e-13       0.000000000000e+00       1.378953585040e-16       2.893841806070e-17      -3.035897011040e-18 
 2503       9.402504019374e-12       3.969752402061e-13      -2.457309977738e-13       0.000000000000e+00       1.376675156301e-16       2.902668656994e-17      -3.030708676285e-18 
 2504       9.366885813065e-12       3.984344408187e-13      -2.491609888865e-13       0.000000000000e+00       1.374401377780e-16       2.911459333182e-17      -3.025003923984e-18 
 2505       9.331675727881e-12       3.998746402349e-13      -2.527029669644e-13       0.000000000000e+00       1.372132236347e-16       2.920212021649e-17      -3.018832816776e-18 
 2506       9.296877160432e-12       4.012951239510e-13      -2.563543107893e-13       0.000000000000e+00       1.369867718786e-16       2.928924903875e-17      -3.012245580102e-18 
 2507       9.262493515583e-12       4.026951752986e-13      -2.601123901533e-13       0.000000000000e+00       1.367607811794e-16       2.937596155795e-17      -3.005292602369e-18 
 2508       9.228528206463e-12       4.040740754432e-13      -2.639745658492e-13       0.000000000000e+00       1.365352501978e-16       2.946223947796e-17      -2.998024435116e-18 
 2509       9.194984654473e-12       4.054311033816e-13      -2.679381896618e-13       0.000000000000e+00       1.363101775862e-16       2.954806444713e-17      -2.990491793174e-18 
 2510       9.161866289292e-12       4.067655359401e-13      -2.720006043587e-13       0.000000000000e+00       1.360855619881e-16       2.963341805820e-17      -2.982745554832e-18 
 2511       9.129176548885e-12       4.080766477721e-13      -2.761591436807e-13       0.000000000000e+00       1.358614020382e-16       2.971828184830e-17      -2.974836762001e-18 
 2512       9.096918879510e-12       4.093637113564e-13      -2.804111323332e-13       0.000000000000e+00       1.356376963626e-16       2.980263729882e-17      -2.966816620372e-18 
 2513       9.065096735724e-12       4.106259969945e-13      -2.847538859766e-13       0.000000000000e+00       1.354144435785e-16       2.988646583542e-17      -2.958736499587e-18 
 2514       9.033713580394e-12       4.118627728091e-13      -2.891847112173e-13       0.000000000000e+00       1.351916422945e-16       2.996974882796e-17      -2.950647933397e-18 
 2515       9.002772884700e-12       4.130733047415e-13      -2.937009055986e-13       0.000000000000e+00       1.349692911103e-16       3.005246759042e-17      -2.942602619826e-18 
 2516       8.972278128147e-12       4.142568565496e-13      -2.982997575913e-13       0.000000000000e+00       1.347473886169e-16       3.013460338088e-17      -2.934652421337e-18 
 2517       8.942232798568e-12       4.154126898062e-13      -3.029785465850e-13       0.000000000000e+00       1.345259333964e-16       3.021613740145e-17      -2.926849364994e-18 
 2518       8.912640392132e-12       4.165400638961e-13      -3.077345428781e-13       0.000000000000e+00       1.343049240224e-16       3.029705079819e-17      -2.919245642622e-18 
 2519       8.883504413356e-12       4.176382360146e-13      -3.125650076697e-13       0.000000000000e+00       1.340843590592e-16       3.037732466111e-17      -2.911893610978e-18 
 2520       8.854828375104e-12       4.187064611652e-13      -3.174671930495e-13       0.000000000000e+00       1.338642370627e-16       3.045694002409e-17      -2.904845791906e-18 
 2521       8.826615798603e-12       4.197439921576e-13      -3.224383419892e-13       0.000000000000e+00       1.336445565798e-16       3.053587786480e-17      -2.898154872507e-18 
 2522       8.798870213445e-12       4.207500796052e-13      -3.274756883331e-13       0.000000000000e+00       1.334253161485e-16       3.061411910468e-17      -2.891873705297e-18 
 2523       8.771595157595e-12       4.217239719233e-13      -3.325764567890e-13       0.000000000000e+00       1.332065142980e-16       3.069164460888e-17      -2.886055308375e-18 
 2524       8.744794177400e-12       4.226649153271e-13      -3.377378629188e-13       0.000000000000e+00       1.329881495487e-16       3.076843518618e-17      -2.880752865584e-18 
 2525       8.718470827595e-12       4.235721538292e-13      -3.429571131298e-13       0.000000000000e+00       1.327702204121e-16       3.084447158898e-17      -2.876019726674e-18 
 2526       8.692628671311e-12       4.244449292378e-13      -3.482314046653e-13       0.000000000000e+00       1.325527253906e-16       3.091973451322e-17      -2.871909407467e-18 
 2527       8.667271280082e-12       4.252824811544e-13      -3.535579255951e-13       0.000000000000e+00       1.323356629781e-16       3.099420459829e-17      -2.868475590019e-18 
 2528       8.642402233852e-12       4.260840469717e-13      -3.589338548069e-13       0.000000000000e+00       1.321190316593e-16       3.106786242707e-17      -2.865772122784e-18 
 2529       8.618025120984e-12       4.268488618716e-13      -3.643563619968e-13       0.000000000000e+00       1.319028299100e-16       3.114068852576e-17      -2.863853020777e-18 
 2530       8.594143538263e-12       4.275761588232e-13      -3.698226076602e-13       0.000000000000e+00       1.316870561971e-16       3.121266336393e-17      -2.862772465738e-18 
 2531       8.570759886371e-12       4.282652905013e-13      -3.753297865555e-13       0.000000000000e+00       1.314717091144e-16       3.128376805930e-17      -2.862568330593e-18 
 2532       8.547871748659e-12       4.289160958199e-13      -3.808752583886e-13       0.000000000000e+00       1.312567877898e-16       3.135398649684e-17      -2.863212648356e-18 
 2533       8.525475491437e-12       4.295285355153e-13      -3.864564178663e-13       0.000000000000e+00       1.310422914804e-16       3.142330322186e-17      -2.864660856995e-18 
 2534       8.503567466592e-12       4.301025704178e-13      -3.920706512836e-13       0.000000000000e+00       1.308282194370e-16       3.149170273615e-17      -2.866868248966e-18 
 2535       8.482144011578e-12       4.306381614518e-13      -3.977153365154e-13       0.000000000000e+00       1.306145709037e-16       3.155916949797e-17      -2.869789971065e-18 
 2536       8.461201449394e-12       4.311352696359e-13      -4.033878430080e-13       0.000000000000e+00       1.304013451186e-16       3.162568792196e-17      -2.873381024286e-18 
 2537       8.440736088574e-12       4.315938560832e-13      -4.090855317710e-13       0.000000000000e+00       1.301885413130e-16       3.169124237917e-17      -2.877596263675e-18 
 2538       8.420744223170e-12       4.320138820016e-13      -4.148057553686e-13       0.000000000000e+00       1.299761587120e-16       3.175581719694e-17      -2.882390398185e-18 
 2539       8.401222132736e-12       4.323953086934e-13      -4.205458579118e-13       0.000000000000e+00       1.297641965342e-16       3.181939665892e-17      -2.887717990530e-18 
 2540       8.382166082315e-12       4.327380975562e-13      -4.263031750494e-13       0.000000000000e+00       1.295526539918e-16       3.188196500501e-17      -2.893533457040e-18 
 2541       8.363572322420e-12       4.330422100824e-13      -4.320750339600e-13       0.000000000000e+00       1.293415302904e-16       3.194350643129e-17      -2.899791067518e-18 
 2542       8.345437089022e-12       4.333076078600e-13      -4.378587533436e-13       0.000000000000e+00       1.291308246293e-16       3.200400509003e-17      -2.906444945092e-18 
 2543       8.327756603537e-12       4.335342525720e-13      -4.436516434133e-13       0.000000000000e+00       1.289205362013e-16       3.206344508962e-17      -2.913449066071e-18 
 2544       8.310527072802e-12       4.337221059974e-13      -4.494510058868e-13       0.000000000000e+00       1.287106641927e-16       3.212181049451e-17      -2.920757259799e-18 
 2545       8.293744689070e-12       4.338711300108e-13      -4.552541339782e-13       0.000000000000e+00       1.285012077833e-16       3.217908532522e-17      -2.928323208514e-18 
 2546       8.277405629989e-12       4.339812865826e-13      -4.610583123895e-13       0.000000000000e+00       1.282921661465e-16       3.223525355825e-17      -2.936100447195e-18 
 2547       8.261506058585e-12       4.340525377795e-13      -4.668608173023e-13       0.000000000000e+00       1.280835384491e-16       3.229029912607e-17      -2.944042363427e-18 
 2548       8.246042123255e-12       4.340848457644e-13      -4.726589163696e-13       0.000000000000e+00       1.278753238515e-16       3.234420591705e-17      -2.952102197245e-18 
 2549       8.231009957743e-12       4.340781727965e-13      -4.784498687072e-13       0.000000000000e+00       1.276675215074e-16       3.239695777545e-17      -2.960233040998e-18 
 2550       8.216405681128e-12       4.340324812317e-13      -4.842309248855e-13       0.000000000000e+00       1.274601305641e-16       3.244853850138e-17      -2.968387839199e-18 
 2551       8.202225397812e-12       4.339477335227e-13      -4.899993269210e-13       0.000000000000e+00       1.272531501625e-16       3.249893185071e-17      -2.976519388380e-18 
 2552       8.188465197498e-12       4.338238922189e-13      -4.957523082681e-13       0.000000000000e+00       1.270465794368e-16       3.254812153508e-17      -2.984580336950e-18 
 2553       8.175121155182e-12       4.336609199671e-13      -5.014870938108e-13       0.000000000000e+00       1.268404175146e-16       3.259609122186e-17      -2.992523185045e-18 
 2554       8.162189331132e-12       4.334587795110e-13      -5.072008998542e-13       0.000000000000e+00       1.266346635171e-16       3.264282453405e-17      -3.000300284388e-18 
 2555       8.149665770877e-12       4.332174336919e-13      -5.128909341160e-13       0.000000000000e+00       1.264293165588e-16       3.268830505032e-17      -3.007863838140e-18 
 2556       8.137546505189e-12       4.329368454487e-13      -5.185543957185e-13       0.000000000000e+00       1.262243757478e-16       3.273251630489e-17      -3.015165900757e-18 
 2557       8.125827550069e-12       4.326169778179e-13      -5.241884751802e-13       0.000000000000e+00       1.260198401854e-16       3.277544178757e-17      -3.022158377844e-18 
 2558       8.114504906731e-12       4.322577939341e-13      -5.297903544069e-13       0.000000000000e+00       1.258157089666e-16       3.281706494363e-17      -3.028793026011e-18 
 2559       8.103574561587e-12       4.318592570297e-13      -5.353572066843e-13       0.000000000000e+00       1.256119811795e-16       3.285736917385e-17      -3.035021452725e-18 
 2560       8.093032486233e-12       4.314213304356e-13      -5.408861966686e-13       0.000000000000e+00       1.254086559059e-16       3.289633783440e-17      -3.040795116168e-18 
 2561       8.082874637434e-12       4.309439775809e-13      -5.463744803791e-13       0.000000000000e+00       1.252057322206e-16       3.293395423684e-17      -3.046065325092e-18 
 2562       8.073096957103e-12       4.304271619933e-13      -5.518192051892e-13       0.000000000000e+00       1.250032091922e-16       3.297020164809e-17      -3.050783238669e-18 
 2563       8.063695372296e-12       4.298708472994e-13      -5.572175098181e-13       0.000000000000e+00       1.248010858825e-16       3.300506329034e-17      -3.054899866353e-18 
 2564       8.054665795188e-12       4.292749972245e-13      -5.625665243229e-13       0.000000000000e+00       1.245993613466e-16       3.303852234107e-17      -3.058366067729e-18 
 2565       8.046004123060e-12       4.286395755930e-13      -5.678633700898e-13       0.000000000000e+00       1.243980346330e-16       3.307056193296e-17      -3.061132552372e-18 
 2566       8.037706238288e-12       4.279645463285e-13      -5.731051598258e-13       0.000000000000e+00       1.241971047836e-16       3.310116515387e-17      -3.063149879698e-18 
 2567       8.029768008321e-12       4.272498734540e-13      -5.782889975505e-13       0.000000000000e+00       1.239965708337e-16       3.313031504679e-17      -3.064368458822e-18 
 2568       8.022185285673e-12       4.264955210922e-13      -5.834119785879e-13       0.000000000000e+00       1.237964318116e-16       3.315799460982e-17      -3.064738548411e-18 
 2569       8.014953907899e-12       4.257014534652e-13      -5.884711895574e-13       0.000000000000e+00       1.235966867395e-16       3.318418679611e-17      -3.064210256542e-18 
 2570       8.008069697590e-12       4.248676348952e-13      -5.934637083663e-13       0.000000000000e+00       1.233973346323e-16       3.320887451380e-17      -3.062733540551e-18 
 2571       8.001527954606e-12       4.239941192323e-13      -5.983868908500e-13       0.000000000000e+00       1.231983745562e-16       3.323204350673e-17      -3.060268510530e-18 
 2572       7.995321929684e-12       4.230813186942e-13      -6.032392324960e-13       0.000000000000e+00       1.229998058010e-16       3.325369101439e-17      -3.056816404212e-18 
 2573       7.989444342106e-12       4.221297365580e-13      -6.080195116116e-13       0.000000000000e+00       1.228016277084e-16       3.327381716120e-17      -3.052388788210e-18 
 2574       7.983887886634e-12       4.211398778733e-13      -6.127265031170e-13       0.000000000000e+00       1.226038396143e-16       3.329242208025e-17      -3.046997270452e-18 
 2575       7.978645233483e-12       4.201122494638e-13      -6.173589785424e-13       0.000000000000e+00       1.224064408491e-16       3.330950591338e-17      -3.040653500215e-18 
 2576       7.973709028296e-12       4.190473599292e-13      -6.219157060246e-13       0.000000000000e+00       1.222094307376e-16       3.332506881113e-17      -3.033369168172e-18 
 2577       7.969071892121e-12       4.179457196471e-13      -6.263954503040e-13       0.000000000000e+00       1.220128085987e-16       3.333911093280e-17      -3.025156006429e-18 
 2578       7.964726421385e-12       4.168078407744e-13      -6.307969727215e-13       0.000000000000e+00       1.218165737460e-16       3.335163244641e-17      -3.016025788573e-18 
 2579       7.960665187870e-12       4.156342372495e-13      -6.351190312151e-13       0.000000000000e+00       1.216207254870e-16       3.336263352876e-17      -3.005990329710e-18 
 2580       7.956880738691e-12       4.144254247941e-13      -6.393603803169e-13       0.000000000000e+00       1.214252631239e-16       3.337211436541e-17      -2.995061486505e-18 
 2581       7.953365596266e-12       4.131819209144e-13      -6.435197711502e-13       0.000000000000e+00       1.212301859530e-16       3.338007515072e-17      -2.983251157229e-18 
 2582       7.950112258299e-12       4.119042449036e-13      -6.475959514258e-13       0.000000000000e+00       1.210354932649e-16       3.338651608781e-17      -2.970571281797e-18 
 2583       7.947113197750e-12       4.105929178435e-13      -6.515876654392e-13       0.000000000000e+00       1.208411843447e-16       3.339143738862e-17      -2.957033841811e-18 
 2584       7.944360862810e-12       4.092484626059e-13      -6.554936540676e-13       0.000000000000e+00       1.206472584716e-16       3.339483927391e-17      -2.942650860602e-18 
 2585       7.941847676882e-12       4.078714038547e-13      -6.593126547663e-13       0.000000000000e+00       1.204537149191e-16       3.339672197327e-17      -2.927434403272e-18 
 2586       7.939566038551e-12       4.064622680479e-13      -6.630434015660e-13       0.000000000000e+00       1.202605529551e-16       3.339708572510e-17      -2.911396576734e-18 
 2587       7.937508321563e-12       4.050215834390e-13      -6.666846250693e-13       0.000000000000e+00       1.200677718416e-16       3.339593077667e-17      -2.894549529758e-18 
 2588       7.935666874799e-12       4.035498800788e-13      -6.702350524476e-13       0.000000000000e+00       1.198753708351e-16       3.339325738412e-17      -2.876905453008e-18 
 2589       7.934034022252e-12       4.020476898175e-13      -6.736934074382e-13       0.000000000000e+00       1.196833491861e-16       3.338906581242e-17      -2.858476579087e-18 
 2590       7.932602063000e-12       4.005155463062e-13      -6.770584103410e-13       0.000000000000e+00       1.194917061396e-16       3.338335633547e-17      -2.839275182578e-18 
 2591       7.931363271183e-12       3.989539849990e-13      -6.803287780152e-13       0.000000000000e+00       1.193004409346e-16       3.337612923602e-17      -2.819313580085e-18 
 2592       7.930309895980e-12       3.973635431543e-13      -6.835032238763e-13       0.000000000000e+00       1.191095528045e-16       3.336738480575e-17      -2.798604130277e-18 
 2593       7.929434161583e-12       3.957447598370e-13      -6.865804578929e-13       0.000000000000e+00       1.189190409770e-16       3.335712334525e-17      -2.777159233927e-18 
 2594       7.928728267171e-12       3.940981759203e-13      -6.895591865838e-13       0.000000000000e+00       1.187289046737e-16       3.334534516404e-17      -2.754991333957e-18 
 2595       7.928184386890e-12       3.924243340870e-13      -6.924381130143e-13       0.000000000000e+00       1.185391431109e-16       3.333205058055e-17      -2.732112915476e-18 
 2596       7.927794669824e-12       3.907237788320e-13      -6.952159367935e-13       0.000000000000e+00       1.183497554987e-16       3.331723992220e-17      -2.708536505826e-18 
 2597       7.927551239972e-12       3.889970564634e-13      -6.978913540711e-13       0.000000000000e+00       1.181607410415e-16       3.330091352533e-17      -2.684274674621e-18 
 2598       7.927446196226e-12       3.872447151049e-13      -7.004630575340e-13       0.000000000000e+00       1.179720989381e-16       3.328307173528e-17      -2.659340033790e-18 
 2599       7.927471612344e-12       3.854673046971e-13      -7.029297364034e-13       0.000000000000e+00       1.177838283812e-16       3.326371490636e-17      -2.633745237618e-18 
 2600       7.927619536924e-12       3.836653769996e-13      -7.052900764316e-13       0.000000000000e+00       1.175959285579e-16       3.324284340187e-17      -2.607502982790e-18 
 2601       7.927881993385e-12       3.818394855925e-13      -7.075427598988e-13       0.000000000000e+00       1.174083986495e-16       3.322045759412e-17      -2.580626008428e-18 
 2602       7.928250979937e-12       3.799901858785e-13      -7.096864656097e-13       0.000000000000e+00       1.172212378311e-16       3.319655786443e-17      -2.553127096140e-18 
 2603       7.928718469559e-12       3.781180350846e-13      -7.117198688910e-13       0.000000000000e+00       1.170344452725e-16       3.317114460316e-17      -2.525019070055e-18 
 2604       7.929276409975e-12       3.762235922638e-13      -7.136416415875e-13       0.000000000000e+00       1.168480201372e-16       3.314421820968e-17      -2.496314796871e-18 
 2605       7.929916723628e-12       3.743074182967e-13      -7.154504520596e-13       0.000000000000e+00       1.166619615832e-16       3.311577909243e-17      -2.467027185890e-18 
 2606       7.930631307659e-12       3.723700758937e-13      -7.171449651796e-13       0.000000000000e+00       1.164762687623e-16       3.308582766891e-17      -2.437169189066e-18 
 2607       7.931412033877e-12       3.704121295967e-13      -7.187238423288e-13       0.000000000000e+00       1.162909408208e-16       3.305436436568e-17      -2.406753801043e-18 
 2608       7.932250748739e-12       3.684341457806e-13      -7.201857413946e-13       0.000000000000e+00       1.161059768988e-16       3.302138961839e-17      -2.375794059199e-18 
 2609       7.933139273324e-12       3.664366926553e-13      -7.215293167668e-13       0.000000000000e+00       1.159213761307e-16       3.298690387178e-17      -2.344303043688e-18 
 2610       7.934069403309e-12       3.644203402675e-13      -7.227532193348e-13       0.000000000000e+00       1.157371376450e-16       3.295090757969e-17      -2.312293877479e-18 
 2611       7.935033254013e-12       3.623856748191e-13      -7.238564168977e-13       0.000000000000e+00       1.155532605568e-16       3.291340793980e-17      -2.279782882347e-18 
 2612       7.936024297696e-12       3.603333417065e-13      -7.248391573640e-13       0.000000000000e+00       1.153697439449e-16       3.287443913898e-17      -2.246799066099e-18 
 2613       7.937036332029e-12       3.582640027264e-13      -7.257020109477e-13       0.000000000000e+00       1.151865868748e-16       3.283404222151e-17      -2.213374688636e-18 
 2614       7.938063135535e-12       3.561783217827e-13      -7.264455502479e-13       0.000000000000e+00       1.150037884057e-16       3.279225836478e-17      -2.179542110942e-18 
 2615       7.939098467571e-12       3.540769648890e-13      -7.270703502516e-13       0.000000000000e+00       1.148213475909e-16       3.274912887944e-17      -2.145333795178e-18 
 2616       7.940136068310e-12       3.519606001703e-13      -7.275769883356e-13       0.000000000000e+00       1.146392634776e-16       3.270469520953e-17      -2.110782304779e-18 
 2617       7.941169658721e-12       3.498298978653e-13      -7.279660442697e-13       0.000000000000e+00       1.144575351069e-16       3.265899893259e-17      -2.075920304554e-18 
 2618       7.942192940552e-12       3.476855303282e-13      -7.282381002189e-13       0.000000000000e+00       1.142761615138e-16       3.261208175981e-17      -2.040780560780e-18 
 2619       7.943199596311e-12       3.455281720310e-13      -7.283937407456e-13       0.000000000000e+00       1.140951417272e-16       3.256398553615e-17      -2.005395941302e-18 
 2620       7.944183289250e-12       3.433584995652e-13      -7.284335528124e-13       0.000000000000e+00       1.139144747700e-16       3.251475224047e-17      -1.969799415631e-18 
 2621       7.945137663341e-12       3.411771916441e-13      -7.283581257847e-13       0.000000000000e+00       1.137341596590e-16       3.246442398567e-17      -1.934024055037e-18 
 2622       7.946056343265e-12       3.389849291049e-13      -7.281680514328e-13       0.000000000000e+00       1.135541954048e-16       3.241304301881e-17      -1.898103032651e-18 
 2623       7.946932934387e-12       3.367823949105e-13      -7.278639239346e-13       0.000000000000e+00       1.133745810119e-16       3.236065172122e-17      -1.862069623561e-18 
 2624       7.947761022741e-12       3.345702741516e-13      -7.274463398782e-13       0.000000000000e+00       1.131953154787e-16       3.230729260868e-17      -1.825957204908e-18 
 2625       7.948534175012e-12       3.323492540488e-13      -7.269158982641e-13       0.000000000000e+00       1.130163977974e-16       3.225300833150e-17      -1.789799255986e-18 
 2626       7.949245938517e-12       3.301200239548e-13      -7.262732005081e-13       0.000000000000e+00       1.128378269543e-16       3.219784167467e-17      -1.753629358335e-18 
 2627       7.949889841184e-12       3.278832753561e-13      -7.255188504432e-13       0.000000000000e+00       1.126596019293e-16       3.214183555801e-17      -1.717481195843e-18 
 2628       7.950459391540e-12       3.256397018752e-13      -7.246534543226e-13       0.000000000000e+00       1.124817216962e-16       3.208503303625e-17      -1.681388554843e-18 
 2629       7.950948078685e-12       3.233899992728e-13      -7.236776208219e-13       0.000000000000e+00       1.123041852228e-16       3.202747729922e-17      -1.645385324206e-18 
 2630       7.951349372278e-12       3.211348654495e-13      -7.225919610419e-13       0.000000000000e+00       1.121269914705e-16       3.196921167192e-17      -1.609505495443e-18 
 2631       7.951656722519e-12       3.188750004481e-13      -7.213970885107e-13       0.000000000000e+00       1.119501393947e-16       3.191027961468e-17      -1.573783162800e-18 
 2632       7.951863560129e-12       3.166111064557e-13      -7.200936191864e-13       0.000000000000e+00       1.117736279445e-16       3.185072472332e-17      -1.538252523358e-18 
 2633       7.951963296333e-12       3.143438878053e-13      -7.186821714594e-13       0.000000000000e+00       1.115974560630e-16       3.179059072920e-17      -1.502947877125e-18 
 2634       7.951949322838e-12       3.120740509785e-13      -7.171633661552e-13       0.000000000000e+00       1.114216226869e-16       3.172992149944e-17      -1.467903627140e-18 
 2635       7.951815011821e-12       3.098023046069e-13      -7.155378265367e-13       0.000000000000e+00       1.112461267468e-16       3.166876103697e-17      -1.433154279566e-18 
 2636       7.951553715905e-12       3.075293594747e-13      -7.138061783067e-13       0.000000000000e+00       1.110709671671e-16       3.160715348073e-17      -1.398734443787e-18 
 2637       7.951158768143e-12       3.052559285201e-13      -7.119690496104e-13       0.000000000000e+00       1.108961428660e-16       3.154514310574e-17      -1.364678832511e-18 
 2638       7.950623481999e-12       3.029827268379e-13      -7.100270710376e-13       0.000000000000e+00       1.107216527554e-16       3.148277432327e-17      -1.331022261859e-18 
 2639       7.949941151330e-12       3.007104716816e-13      -7.079808756259e-13       0.000000000000e+00       1.105474957411e-16       3.142009168094e-17      -1.297799651470e-18 
 2640       7.949105050370e-12       2.984398824646e-13      -7.058310988624e-13       0.000000000000e+00       1.103736707224e-16       3.135713986288e-17      -1.265046024593e-18 
 2641       7.948108433705e-12       2.961716807634e-13      -7.035783786866e-13       0.000000000000e+00       1.102001765927e-16       3.129396368985e-17      -1.232796508187e-18 
 2642       7.946944536263e-12       2.939065903187e-13      -7.012233554930e-13       0.000000000000e+00       1.100270122389e-16       3.123060811933e-17      -1.201086333019e-18 
 2643       7.945606573287e-12       2.916453370378e-13      -6.987666721332e-13       0.000000000000e+00       1.098541765419e-16       3.116711824572e-17      -1.169950833759e-18 
 2644       7.944087740326e-12       2.893886489970e-13      -6.962089739186e-13       0.000000000000e+00       1.096816683760e-16       3.110353930042e-17      -1.139425449079e-18 
 2645       7.942381213208e-12       2.871372564428e-13      -6.935509086229e-13       0.000000000000e+00       1.095094866094e-16       3.103991665197e-17      -1.109545721750e-18 
 2646       7.940480148027e-12       2.848918917948e-13      -6.907931264846e-13       0.000000000000e+00       1.093376301042e-16       3.097629580618e-17      -1.080347298740e-18 
 2647       7.938377681122e-12       2.826532896471e-13      -6.879362802094e-13       0.000000000000e+00       1.091660977158e-16       3.091272240628e-17      -1.051865931311e-18 
 2648       7.936066929062e-12       2.804221867707e-13      -6.849810249726e-13       0.000000000000e+00       1.089948882938e-16       3.084924223300e-17      -1.024137475113e-18 
 2649       7.933540988623e-12       2.781993221155e-13      -6.819280184220e-13       0.000000000000e+00       1.088240006811e-16       3.078590120477e-17      -9.971978902887e-19 
 2650       7.930792936773e-12       2.759854368122e-13      -6.787779206798e-13       0.000000000000e+00       1.086534337144e-16       3.072274537779e-17      -9.710832415647e-19 
 2651       7.927816683490e-12       2.737812211321e-13      -6.755315723807e-13       0.000000000000e+00       1.084831863657e-16       3.065980322199e-17      -9.458184051218e-19 
 2652       7.924609535411e-12       2.715871550424e-13      -6.721905298537e-13       0.000000000000e+00       1.083132581669e-16       3.059703234172e-17      -9.213831208438e-19 
 2653       7.921169646311e-12       2.694036667741e-13      -6.687565329013e-13       0.000000000000e+00       1.081436487875e-16       3.053437246100e-17      -8.977457527371e-19 
 2654       7.917495165543e-12       2.672311857856e-13      -6.652313270386e-13       0.000000000000e+00       1.079743578933e-16       3.047176312082e-17      -8.748745650343e-19 
 2655       7.913584238035e-12       2.650701427639e-13      -6.616166634986e-13       0.000000000000e+00       1.078053851460e-16       3.040914367897e-17      -8.527377220985e-19 
 2656       7.909435004288e-12       2.629209696254e-13      -6.579142992378e-13       0.000000000000e+00       1.076367302040e-16       3.034645330983e-17      -8.313032883284e-19 
 2657       7.905045600372e-12       2.607840995176e-13      -6.541259969419e-13       0.000000000000e+00       1.074683927214e-16       3.028363100428e-17      -8.105392280626e-19 
 2658       7.900414157920e-12       2.586599668196e-13      -6.502535250309e-13       0.000000000000e+00       1.073003723489e-16       3.022061556942e-17      -7.904134054843e-19 
 2659       7.895538804126e-12       2.565490071436e-13      -6.462986576650e-13       0.000000000000e+00       1.071326687333e-16       3.015734562849e-17      -7.708935845259e-19 
 2660       7.890417661742e-12       2.544516573362e-13      -6.422631747502e-13       0.000000000000e+00       1.069652815175e-16       3.009375962064e-17      -7.519474287737e-19 
 2661       7.885048849071e-12       2.523683554790e-13      -6.381488619432e-13       0.000000000000e+00       1.067982103407e-16       3.002979580077e-17      -7.335425013725e-19 
 2662       7.879430479967e-12       2.502995408901e-13      -6.339575106578e-13       0.000000000000e+00       1.066314548383e-16       2.996539223939e-17      -7.156462649302e-19 
 2663       7.873560663828e-12       2.482456541254e-13      -6.296909180697e-13       0.000000000000e+00       1.064650146418e-16       2.990048682238e-17      -6.982260814222e-19 
 2664       7.867437505593e-12       2.462071369792e-13      -6.253508871224e-13       0.000000000000e+00       1.062988893790e-16       2.983501725090e-17      -6.812492120965e-19 
 2665       7.861059105741e-12       2.441844324858e-13      -6.209392265327e-13       0.000000000000e+00       1.061330786738e-16       2.976892104113e-17      -6.646828173779e-19 
 2666       7.854423560283e-12       2.421779849205e-13      -6.164577507960e-13       0.000000000000e+00       1.059675821462e-16       2.970213552419e-17      -6.484939567729e-19 
 2667       7.847528960761e-12       2.401882398006e-13      -6.119082801920e-13       0.000000000000e+00       1.058023994126e-16       2.963459784586e-17      -6.326495887740e-19 
 2668       7.840373394242e-12       2.382156438866e-13      -6.072926407904e-13       0.000000000000e+00       1.056375300854e-16       2.956624496652e-17      -6.171165707647e-19 
 2669       7.832954943318e-12       2.362606451837e-13      -6.026126644560e-13       0.000000000000e+00       1.054729737732e-16       2.949701366089e-17      -6.018616589238e-19 
 2670       7.825271686097e-12       2.343236929421e-13      -5.978701888546e-13       0.000000000000e+00       1.053087300806e-16       2.942684051790e-17      -5.868515081302e-19 
 2671       7.817321696203e-12       2.324052376591e-13      -5.930670574583e-13       0.000000000000e+00       1.051447986087e-16       2.935566194051e-17      -5.720526718675e-19 
 2672       7.809103042771e-12       2.305057310796e-13      -5.882051195510e-13       0.000000000000e+00       1.049811789544e-16       2.928341414552e-17      -5.574316021285e-19 
 2673       7.800613790444e-12       2.286256261974e-13      -5.832862302343e-13       0.000000000000e+00       1.048178707110e-16       2.921003316342e-17      -5.429546493200e-19 
 2674       7.791851999367e-12       2.267653772562e-13      -5.783122504325e-13       0.000000000000e+00       1.046548734678e-16       2.913545483821e-17      -5.285880621673e-19 
 2675       7.782815725185e-12       2.249254397513e-13      -5.732850468985e-13       0.000000000000e+00       1.044921868102e-16       2.905961482723e-17      -5.142979876190e-19 
 2676       7.773503019039e-12       2.231062704298e-13      -5.682064922191e-13       0.000000000000e+00       1.043298103198e-16       2.898244860096e-17      -5.000504707512e-19 
 2677       7.763911927563e-12       2.213083272926e-13      -5.630784648208e-13       0.000000000000e+00       1.041677435743e-16       2.890389144290e-17      -4.858114546725e-19 
 2678       7.754040492878e-12       2.195320695951e-13      -5.579028489749e-13       0.000000000000e+00       1.040059861476e-16       2.882387844934e-17      -4.715467804286e-19 
 2679       7.743886752589e-12       2.177779578484e-13      -5.526815348034e-13       0.000000000000e+00       1.038445376096e-16       2.874234452923e-17      -4.572221869069e-19 
 2680       7.733448739782e-12       2.160464538204e-13      -5.474164182844e-13       0.000000000000e+00       1.036833975263e-16       2.865922440398e-17      -4.428033107407e-19 
 2681       7.722724483021e-12       2.143380205371e-13      -5.421094012577e-13       0.000000000000e+00       1.035225654600e-16       2.857445260731e-17      -4.282556862146e-19 
 2682       7.711712006341e-12       2.126531222835e-13      -5.367623914301e-13       0.000000000000e+00       1.033620409688e-16       2.848796348504e-17      -4.135447451683e-19 
 2683       7.700409329246e-12       2.109922246049e-13      -5.313773023811e-13       0.000000000000e+00       1.032018236072e-16       2.839969119498e-17      -3.986358169021e-19 
 2684       7.688814466708e-12       2.093557943080e-13      -5.259560535684e-13       0.000000000000e+00       1.030419129255e-16       2.830956970669e-17      -3.834941280805e-19 
 2685       7.676925429158e-12       2.077442994620e-13      -5.205005703335e-13       0.000000000000e+00       1.028823084704e-16       2.821753280135e-17      -3.680848026377e-19 
 2686       7.664740222485e-12       2.061582093997e-13      -5.150127839070e-13       0.000000000000e+00       1.027230097844e-16       2.812351407156e-17      -3.523728616819e-19 
 2687       7.652256848033e-12       2.045979947189e-13      -5.094946314144e-13       0.000000000000e+00       1.025640164062e-16       2.802744692120e-17      -3.363232233995e-19 
 2688       7.639473302595e-12       2.030641272832e-13      -5.039480558813e-13       0.000000000000e+00       1.024053278706e-16       2.792926456521e-17      -3.199007029607e-19 
 2689       7.626387578411e-12       2.015570802230e-13      -4.983750062394e-13       0.000000000000e+00       1.022469437085e-16       2.782890002947e-17      -3.030700124230e-19 
 2690       7.612997663162e-12       2.000773279373e-13      -4.927774373315e-13       0.000000000000e+00       1.020888634467e-16       2.772628615060e-17      -2.857957606367e-19 
 2691       7.599302329852e-12       1.986252670415e-13      -4.871572687264e-13       0.000000000000e+00       1.019310865651e-16       2.762138063393e-17      -2.680511770861e-19 
 2692       7.585303511139e-12       1.972009787399e-13      -4.815162609073e-13       0.000000000000e+00       1.017736123670e-16       2.751424137683e-17      -2.498443354757e-19 
 2693       7.571003937919e-12       1.958044651626e-13      -4.758561384204e-13       0.000000000000e+00       1.016164401080e-16       2.740495155495e-17      -2.311920726615e-19 
 2694       7.556406350619e-12       1.944357283005e-13      -4.701786310098e-13       0.000000000000e+00       1.014595690389e-16       2.729359460155e-17      -2.121112777240e-19 
 2695       7.541513499213e-12       1.930947700052e-13      -4.644854736221e-13       0.000000000000e+00       1.013029984058e-16       2.718025420773e-17      -1.926188920167e-19 
 2696       7.526328143227e-12       1.917815919886e-13      -4.587784064113e-13       0.000000000000e+00       1.011467274501e-16       2.706501432267e-17      -1.727319092159e-19 
 2697       7.510853051748e-12       1.904961958229e-13      -4.530591747438e-13       0.000000000000e+00       1.009907554084e-16       2.694795915387e-17      -1.524673753691e-19 
 2698       7.495091003439e-12       1.892385829406e-13      -4.473295292030e-13       0.000000000000e+00       1.008350815126e-16       2.682917316742e-17      -1.318423889446e-19 
 2699       7.479044786541e-12       1.880087546339e-13      -4.415912255945e-13       0.000000000000e+00       1.006797049899e-16       2.670874108819e-17      -1.108741008808e-19 
 2700       7.462717198886e-12       1.868067120549e-13      -4.358460249503e-13       0.000000000000e+00       1.005246250627e-16       2.658674790012e-17      -8.957971463464e-20 
 2701       7.446111047907e-12       1.856324562153e-13      -4.300956935343e-13       0.000000000000e+00       1.003698409485e-16       2.646327884646e-17      -6.797648623151e-20 
 2702       7.429229150643e-12       1.844859879861e-13      -4.243420028470e-13       0.000000000000e+00       1.002153518602e-16       2.633841942997e-17      -4.608172431387e-20 
 2703       7.412074333756e-12       1.833673080975e-13      -4.185867296299e-13       0.000000000000e+00       1.000611570058e-16       2.621225541321e-17      -2.391279019057e-20 
 2704       7.394649433531e-12       1.822764171390e-13      -4.128316558709e-13       0.000000000000e+00       9.990725558879e-17       2.608487281874e-17      -1.487097885967e-21 
 2705       7.376957295893e-12       1.812133155587e-13      -4.070785688090e-13       0.000000000000e+00       9.975364680755e-17       2.595635792941e-17       2.117788581096e-20 
 2706       7.359000776411e-12       1.801780036636e-13      -4.013292609386e-13       0.000000000000e+00       9.960032985585e-17       2.582679728856e-17       4.406464129745e-20 
 2707       7.340782740311e-12       1.791704816191e-13      -3.955855300154e-13       0.000000000000e+00       9.944730392261e-17       2.569627770028e-17       6.715559610787e-20 
 2708       7.322306062482e-12       1.781907494491e-13      -3.898491790602e-13       0.000000000000e+00       9.929456819198e-17       2.556488622965e-17       9.043312486455e-20 
 2709       7.303573627489e-12       1.772388070356e-13      -3.841220163643e-13       0.000000000000e+00       9.914212184329e-17       2.543271020299e-17       1.138795492287e-19 
 2710       7.284588329578e-12       1.763146541185e-13      -3.784058554943e-13       0.000000000000e+00       9.898996405105e-17       2.529983720809e-17       1.374771378511e-19 
 2711       7.265353072688e-12       1.754182902957e-13      -3.727025152968e-13       0.000000000000e+00       9.883809398498e-17       2.516635509446e-17       1.612081063232e-19 
 2712       7.245870770462e-12       1.745497150227e-13      -3.670138199033e-13       0.000000000000e+00       9.868651080997e-17       2.503235197356e-17       1.850546171280e-19 
 2713       7.226144346250e-12       1.737089276124e-13      -3.613415987351e-13       0.000000000000e+00       9.853521368607e-17       2.489791621906e-17       2.089987795906e-19 
 2714       7.206176733127e-12       1.728959272351e-13      -3.556876865080e-13       0.000000000000e+00       9.838420176852e-17       2.476313646707e-17       2.330226498295e-19 
 2715       7.185970873893e-12       1.721107129182e-13      -3.500539232373e-13       0.000000000000e+00       9.823347420771e-17       2.462810161640e-17       2.571082307070e-19 
 2716       7.165529721090e-12       1.713532835460e-13      -3.444421542425e-13       0.000000000000e+00       9.808303014918e-17       2.449290082876e-17       2.812374717804e-19 
 2717       7.144856237007e-12       1.706236378597e-13      -3.388542301523e-13       0.000000000000e+00       9.793286873365e-17       2.435762352906e-17       3.053922692529e-19 
 2718       7.123953393690e-12       1.699217744570e-13      -3.332920069093e-13       0.000000000000e+00       9.778298909696e-17       2.422235940561e-17       3.295544659242e-19 
 2719       7.102824172952e-12       1.692476917920e-13      -3.277573457750e-13       0.000000000000e+00       9.763339037011e-17       2.408719841037e-17       3.537058511417e-19 
 2720       7.081471566383e-12       1.686013881752e-13      -3.222521133344e-13       0.000000000000e+00       9.748407167923e-17       2.395223075919e-17       3.778281607508e-19 
 2721       7.059898575356e-12       1.679828617730e-13      -3.167781815011e-13       0.000000000000e+00       9.733503214559e-17       2.381754693209e-17       4.019030770466e-19 
 2722       7.038108211040e-12       1.673921106077e-13      -3.113374275220e-13       0.000000000000e+00       9.718627088556e-17       2.368323767345e-17       4.259122287241e-19 
 2723       7.016103494408e-12       1.668291325576e-13      -3.059317339820e-13       0.000000000000e+00       9.703778701066e-17       2.354939399226e-17       4.498371908292e-19 
 2724       6.993887456245e-12       1.662939253562e-13      -3.005629888093e-13       0.000000000000e+00       9.688957962751e-17       2.341610716241e-17       4.736594847098e-19 
 2725       6.971463137159e-12       1.657864865925e-13      -2.952330852797e-13       0.000000000000e+00       9.674164783785e-17       2.328346872287e-17       4.973605779665e-19 
 2726       6.948833587589e-12       1.653068137109e-13      -2.899439220218e-13       0.000000000000e+00       9.659399073852e-17       2.315157047797e-17       5.209218844033e-19 
 2727       6.926001867815e-12       1.648549040105e-13      -2.846974030218e-13       0.000000000000e+00       9.644660742145e-17       2.302050449764e-17       5.443247639790e-19 
 2728       6.902971047968e-12       1.644307546454e-13      -2.794954376282e-13       0.000000000000e+00       9.629949697368e-17       2.289036311762e-17       5.675505227574e-19 
 2729       6.879744208038e-12       1.640343626244e-13      -2.743399405568e-13       0.000000000000e+00       9.615265847733e-17       2.276123893977e-17       5.905804128586e-19 
 2730       6.856324437882e-12       1.636657248107e-13      -2.692328318952e-13       0.000000000000e+00       9.600609100960e-17       2.263322483223e-17       6.133956324098e-19 
 2731       6.832715148465e-12       1.633247816584e-13      -2.641758473093e-13       0.000000000000e+00       9.585979371994e-17       2.250639288675e-17       6.359782036149e-19 
 2732       6.808921007368e-12       1.630112480913e-13      -2.591699675391e-13       0.000000000000e+00       9.571376606196e-17       2.238073116678e-17       6.583136122061e-19 
 2733       6.784947008315e-12       1.627247817169e-13      -2.542159858531e-13       0.000000000000e+00       9.556800756274e-17       2.225620662067e-17       6.803881820481e-19 
 2734       6.760798160412e-12       1.624650390063e-13      -2.493146975710e-13       0.000000000000e+00       9.542251774580e-17       2.213278609374e-17       7.021881982699e-19 
 2735       6.736479488161e-12       1.622316752931e-13      -2.444669000654e-13       0.000000000000e+00       9.527729613105e-17       2.201043632816e-17       7.236999072292e-19 
 2736       6.711996031477e-12       1.620243447724e-13      -2.396733927641e-13       0.000000000000e+00       9.513234223482e-17       2.188912396288e-17       7.449095164780e-19 
 2737       6.687352845701e-12       1.618427004997e-13      -2.349349771511e-13       0.000000000000e+00       9.498765556986e-17       2.176881553353e-17       7.658031947275e-19 
 2738       6.662555001611e-12       1.616863943899e-13      -2.302524567690e-13       0.000000000000e+00       9.484323564531e-17       2.164947747232e-17       7.863670718126e-19 
 2739       6.637607585442e-12       1.615550772159e-13      -2.256266372208e-13       0.000000000000e+00       9.469908196672e-17       2.153107610792e-17       8.065872386575e-19 
 2740       6.612515698898e-12       1.614483986081e-13      -2.210583261711e-13       0.000000000000e+00       9.455519403602e-17       2.141357766542e-17       8.264497472405e-19 
 2741       6.587284459164e-12       1.613660070526e-13      -2.165483333486e-13       0.000000000000e+00       9.441157135154e-17       2.129694826618e-17       8.459406105586e-19 
 2742       6.561918998924e-12       1.613075498909e-13      -2.120974705473e-13       0.000000000000e+00       9.426821340801e-17       2.118115392775e-17       8.650458025932e-19 
 2743       6.536424466371e-12       1.612726733181e-13      -2.077065516289e-13       0.000000000000e+00       9.412511969651e-17       2.106616056379e-17       8.837512582745e-19 
 2744       6.510806025225e-12       1.612610223823e-13      -2.033763925239e-13       0.000000000000e+00       9.398228970454e-17       2.095193398395e-17       9.020428734467e-19 
 2745       6.485068854746e-12       1.612722409833e-13      -1.991078112340e-13       0.000000000000e+00       9.383972291594e-17       2.083843989379e-17       9.199065048330e-19 
 2746       6.459218149750e-12       1.613059718715e-13      -1.949016278334e-13       0.000000000000e+00       9.369741881095e-17       2.072564389468e-17       9.373279700007e-19 
 2747       6.433259120617e-12       1.613618566471e-13      -1.907586644711e-13       0.000000000000e+00       9.355537686615e-17       2.061351148370e-17       9.542930473259e-19 
 2748       6.407196993315e-12       1.614395357586e-13      -1.866797453720e-13       0.000000000000e+00       9.341359655449e-17       2.050200805355e-17       9.707874759588e-19 
 2749       6.381037009404e-12       1.615386485021e-13      -1.826656968396e-13       0.000000000000e+00       9.327207734530e-17       2.039109889244e-17       9.867969557885e-19 
 2750       6.354784426060e-12       1.616588330199e-13      -1.787173472568e-13       0.000000000000e+00       9.313081870423e-17       2.028074918402e-17       1.002307147408e-18 
 2751       6.328444516082e-12       1.617997262997e-13      -1.748355270886e-13       0.000000000000e+00       9.298982009331e-17       2.017092400726e-17       1.017303672079e-18 
 2752       6.302022567910e-12       1.619609641734e-13      -1.710210688830e-13       0.000000000000e+00       9.284908097090e-17       2.006158833635e-17       1.031772111698e-18 
 2753       6.275523885636e-12       1.621421813160e-13      -1.672748072738e-13       0.000000000000e+00       9.270860079170e-17       1.995270704062e-17       1.045698008760e-18 
 2754       6.248953789024e-12       1.623430112443e-13      -1.635975789813e-13       0.000000000000e+00       9.256837900676e-17       1.984424488446e-17       1.059066866322e-18 
 2755       6.222317613517e-12       1.625630863164e-13      -1.599902228150e-13       0.000000000000e+00       9.242841506346e-17       1.973616652718e-17       1.071864147974e-18 
 2756       6.195620710259e-12       1.628020377302e-13      -1.564535796749e-13       0.000000000000e+00       9.228870840550e-17       1.962843652293e-17       1.084075277795e-18 
 2757       6.168868446101e-12       1.630594955222e-13      -1.529884925535e-13       0.000000000000e+00       9.214925847292e-17       1.952101932064e-17       1.095685640328e-18 
 2758       6.142066203624e-12       1.633350885667e-13      -1.495958065372e-13       0.000000000000e+00       9.201006470207e-17       1.941387926386e-17       1.106680580535e-18 
 2759       6.115219381145e-12       1.636284445748e-13      -1.462763688088e-13       0.000000000000e+00       9.187112652562e-17       1.930698059073e-17       1.117045403771e-18 
 2760       6.088333392738e-12       1.639391900929e-13      -1.430310286485e-13       0.000000000000e+00       9.173244337256e-17       1.920028743382e-17       1.126765375741e-18 
 2761       6.061413668243e-12       1.642669505020e-13      -1.398606374364e-13       0.000000000000e+00       9.159401466819e-17       1.909376382009e-17       1.135825722473e-18 
 2762       6.034465653285e-12       1.646113500166e-13      -1.367660486538e-13       0.000000000000e+00       9.145583983410e-17       1.898737367075e-17       1.144211630275e-18 
 2763       6.007494809285e-12       1.649720116833e-13      -1.337481178851e-13       0.000000000000e+00       9.131791828820e-17       1.888108080120e-17       1.151908245705e-18 
 2764       5.980506613474e-12       1.653485573800e-13      -1.308077028196e-13       0.000000000000e+00       9.118024944468e-17       1.877484892090e-17       1.158900675537e-18 
 2765       5.953506558910e-12       1.657406078148e-13      -1.279456632536e-13       0.000000000000e+00       9.104283271404e-17       1.866864163331e-17       1.165173986721e-18 
 2766       5.926500154492e-12       1.661477825248e-13      -1.251628610916e-13       0.000000000000e+00       9.090566750305e-17       1.856242243575e-17       1.170713206352e-18 
 2767       5.899492924970e-12       1.665696998753e-13      -1.224601603485e-13       0.000000000000e+00       9.076875321478e-17       1.845615471935e-17       1.175503321634e-18 
 2768       5.872490410964e-12       1.670059770581e-13      -1.198384271514e-13       0.000000000000e+00       9.063208924858e-17       1.834980176891e-17       1.179529279843e-18 
 2769       5.845498168978e-12       1.674562300912e-13      -1.172985297412e-13       0.000000000000e+00       9.049567500007e-17       1.824332676285e-17       1.182775988297e-18 
 2770       5.818521771411e-12       1.679200738172e-13      -1.148413384745e-13       0.000000000000e+00       9.035950986113e-17       1.813669277306e-17       1.185228314315e-18 
 2771       5.791566556991e-12       1.683971140945e-13      -1.124675144111e-13       0.000000000000e+00       9.022359326694e-17       1.802987205712e-17       1.186880996920e-18 
 2772       5.764636880605e-12       1.688869243273e-13      -1.101768738521e-13       0.000000000000e+00       9.008792483719e-17       1.792287398859e-17       1.187768439230e-18 
 2773       5.737736859533e-12       1.693890688093e-13      -1.079690204472e-13       0.000000000000e+00       8.995250423557e-17       1.781571727413e-17       1.187935073455e-18 
 2774       5.710870622679e-12       1.699031105194e-13      -1.058435563019e-13       0.000000000000e+00       8.981733112285e-17       1.770842067467e-17       1.187425463575e-18 
 2775       5.684042310583e-12       1.704286111201e-13      -1.038000819764e-13       0.000000000000e+00       8.968240515688e-17       1.760100300547e-17       1.186284305466e-18 
 2776       5.657256075431e-12       1.709651309567e-13      -1.018381964836e-13       0.000000000000e+00       8.954772599256e-17       1.749348313618e-17       1.184556427019e-18 
 2777       5.630516081067e-12       1.715122290557e-13      -9.995749728833e-14       0.000000000000e+00       8.941329328185e-17       1.738587999086e-17       1.182286788257e-18 
 2778       5.603826503000e-12       1.720694631238e-13      -9.815758030502e-14       0.000000000000e+00       8.927910667376e-17       1.727821254806e-17       1.179520481456e-18 
 2779       5.577191528416e-12       1.726363895469e-13      -9.643803989675e-14       0.000000000000e+00       8.914516581439e-17       1.717049984084e-17       1.176302731266e-18 
 2780       5.550615356189e-12       1.732125633886e-13      -9.479846887350e-14       0.000000000000e+00       8.901147034685e-17       1.706276095685e-17       1.172678894833e-18 
 2781       5.524102196893e-12       1.737975383890e-13      -9.323845849069e-14       0.000000000000e+00       8.887801991132e-17       1.695501503836e-17       1.168694461911e-18 
 2782       5.497656272807e-12       1.743908669636e-13      -9.175759844768e-14       0.000000000000e+00       8.874481414502e-17       1.684728128230e-17       1.164395054991e-18 
 2783       5.471281817931e-12       1.749921002022e-13      -9.035547688622e-14       0.000000000000e+00       8.861185268220e-17       1.673957894032e-17       1.159826429414e-18 
 2784       5.444983077992e-12       1.756007878675e-13      -8.903168038897e-14       0.000000000000e+00       8.847913515417e-17       1.663192731887e-17       1.155034473495e-18 
 2785       5.418764310459e-12       1.762164783940e-13      -8.778579397797e-14       0.000000000000e+00       8.834666118926e-17       1.652434577917e-17       1.150065208642e-18 
 2786       5.392629784548e-12       1.768387188867e-13      -8.661740111313e-14       0.000000000000e+00       8.821443041282e-17       1.641685373736e-17       1.144964789474e-18 
 2787       5.366583781238e-12       1.774670551202e-13      -8.552608369072e-14       0.000000000000e+00       8.808244244725e-17       1.630947066445e-17       1.139779503942e-18 
 2788       5.340630593277e-12       1.781010315370e-13      -8.451142204184e-14       0.000000000000e+00       8.795069691196e-17       1.620221608643e-17       1.134555773449e-18 
 2789       5.314774525194e-12       1.787401912468e-13      -8.357299493094e-14       0.000000000000e+00       8.781919342338e-17       1.609510958433e-17       1.129340152970e-18 
 2790       5.289019893310e-12       1.793840760248e-13      -8.271037955426e-14       0.000000000000e+00       8.768793159497e-17       1.598817079422e-17       1.124179331173e-18 
 2791       5.263371025747e-12       1.800322263112e-13      -8.192315153838e-14       0.000000000000e+00       8.755691103720e-17       1.588141940727e-17       1.119120130535e-18 
 2792       5.237832262439e-12       1.806841812090e-13      -8.121088493864e-14       0.000000000000e+00       8.742613135753e-17       1.577487516983e-17       1.114209507466e-18 
 2793       5.212407955143e-12       1.813394784839e-13      -8.057315223766e-14       0.000000000000e+00       8.729559216046e-17       1.566855788346e-17       1.109494552425e-18 
 2794       5.187102467450e-12       1.819976545622e-13      -8.000952434383e-14       0.000000000000e+00       8.716529304746e-17       1.556248740498e-17       1.105022490044e-18 
 2795       5.161920174792e-12       1.826582445301e-13      -7.951957058979e-14       0.000000000000e+00       8.703523361703e-17       1.545668364650e-17       1.100840679246e-18 
 2796       5.136865464456e-12       1.833207821323e-13      -7.910285873091e-14       0.000000000000e+00       8.690541346466e-17       1.535116657551e-17       1.096996613362e-18 
 2797       5.111942735592e-12       1.839847997710e-13      -7.875895494378e-14       0.000000000000e+00       8.677583218282e-17       1.524595621488e-17       1.093537920256e-18 
 2798       5.087156399226e-12       1.846498285044e-13      -7.848742382471e-14       0.000000000000e+00       8.664648936098e-17       1.514107264296e-17       1.090512362442e-18 
 2799       5.062510878268e-12       1.853153980456e-13      -7.828782838820e-14       0.000000000000e+00       8.651738458559e-17       1.503653599360e-17       1.087967837203e-18 
 2800       5.038010607521e-12       1.859810367615e-13      -7.815973006541e-14       0.000000000000e+00       8.638851744011e-17       1.493236645618e-17       1.085952376712e-18 
 2801       5.013660033698e-12       1.866462716718e-13      -7.810268870272e-14       0.000000000000e+00       8.625988750494e-17       1.482858427571e-17       1.084514148152e-18 
 2802       4.989463615424e-12       1.873106284471e-13      -7.811626256011e-14       0.000000000000e+00       8.613149435749e-17       1.472520975283e-17       1.083701453837e-18 
 2803       4.965425823252e-12       1.879736314085e-13      -7.820000830974e-14       0.000000000000e+00       8.600333757212e-17       1.462226324388e-17       1.083562731328e-18 
 2804       4.941551139671e-12       1.886348035259e-13      -7.835348103437e-14       0.000000000000e+00       8.587541672019e-17       1.451976516097e-17       1.084146553558e-18 
 2805       4.917844059118e-12       1.892936664168e-13      -7.857623422590e-14       0.000000000000e+00       8.574773136999e-17       1.441773597198e-17       1.085501628946e-18 
 2806       4.894309087986e-12       1.899497403455e-13      -7.886781978381e-14       0.000000000000e+00       8.562028108680e-17       1.431619620065e-17       1.087676801523e-18 
 2807       4.870950744638e-12       1.906025442214e-13      -7.922778801369e-14       0.000000000000e+00       8.549306543285e-17       1.421516642662e-17       1.090721051048e-18 
 2808       4.847773559412e-12       1.912515955982e-13      -7.965568762568e-14       0.000000000000e+00       8.536608396732e-17       1.411466728546e-17       1.094683493126e-18 
 2809       4.824782074638e-12       1.918964106725e-13      -8.015106573301e-14       0.000000000000e+00       8.523933624637e-17       1.401471946873e-17       1.099613379335e-18 
 2810       4.801980844642e-12       1.925365042824e-13      -8.071346785042e-14       0.000000000000e+00       8.511282182309e-17       1.391534372407e-17       1.105560097337e-18 
 2811       4.779373875361e-12       1.931714252144e-13      -8.134232641934e-14       0.000000000000e+00       8.498654022019e-17       1.381656567175e-17       1.112554957716e-18 
 2812       4.756962939957e-12       1.938008623262e-13      -8.203662575173e-14       0.000000000000e+00       8.486049084796e-17       1.371843028203e-17       1.120556450559e-18 
 2813       4.734749254444e-12       1.944245389740e-13      -8.279523533755e-14       0.000000000000e+00       8.473467308587e-17       1.362098747337e-17       1.129504703898e-18 
 2814       4.712734037298e-12       1.950421777545e-13      -8.361702115641e-14       0.000000000000e+00       8.460908630986e-17       1.352428730281e-17       1.139339670940e-18 
 2815       4.690918509455e-12       1.956535005045e-13      -8.450084567431e-14       0.000000000000e+00       8.448372989235e-17       1.342837996611e-17       1.150001129910e-18 
 2816       4.669303894314e-12       1.962582282999e-13      -8.544556784049e-14       0.000000000000e+00       8.435860320220e-17       1.333331579786e-17       1.161428683893e-18 
 2817       4.647891417738e-12       1.968560814553e-13      -8.645004308421e-14       0.000000000000e+00       8.423370560475e-17       1.323914527158e-17       1.173561760681e-18 
 2818       4.626682308059e-12       1.974467795232e-13      -8.751312331153e-14       0.000000000000e+00       8.410903646178e-17       1.314591899991e-17       1.186339612612e-18 
 2819       4.605677796075e-12       1.980300412930e-13      -8.863365690210e-14       0.000000000000e+00       8.398459513153e-17       1.305368773464e-17       1.199701316415e-18 
 2820       4.584879115057e-12       1.986055847913e-13      -8.981048870598e-14       0.000000000000e+00       8.386038096869e-17       1.296250236691e-17       1.213585773056e-18 
 2821       4.564287500746e-12       1.991731272800e-13      -9.104246004042e-14       0.000000000000e+00       8.373639332437e-17       1.287241392730e-17       1.227931707576e-18 
 2822       4.543904191359e-12       1.997323852566e-13      -9.232840868665e-14       0.000000000000e+00       8.361263154614e-17       1.278347358593e-17       1.242677668940e-18 
 2823       4.523730427589e-12       2.002830744530e-13      -9.366716888667e-14       0.000000000000e+00       8.348909497801e-17       1.269573265264e-17       1.257762029874e-18 
 2824       4.503767452606e-12       2.008249098352e-13      -9.505757134008e-14       0.000000000000e+00       8.336578296041e-17       1.260924257704e-17       1.273122986716e-18 
 2825       4.484016512060e-12       2.013576056022e-13      -9.649844320081e-14       0.000000000000e+00       8.324269483020e-17       1.252405494870e-17       1.288698559253e-18 
 2826       4.464478854084e-12       2.018808751857e-13      -9.798860807399e-14       0.000000000000e+00       8.311982992067e-17       1.244022149723e-17       1.304426590567e-18 
 2827       4.445155729294e-12       2.023944312494e-13      -9.952688601268e-14       0.000000000000e+00       8.299718756152e-17       1.235779409241e-17       1.320244746877e-18 
 2828       4.426048390790e-12       2.028979856881e-13      -1.011120935147e-13       0.000000000000e+00       8.287476707887e-17       1.227682474432e-17       1.336090517386e-18 
 2829       4.407158094162e-12       2.033912496273e-13      -1.027430435194e-13       0.000000000000e+00       8.275256779527e-17       1.219736560346e-17       1.351901214119e-18 
 2830       4.388486097487e-12       2.038739334222e-13      -1.044185454045e-13       0.000000000000e+00       8.263058902965e-17       1.211946896086e-17       1.367613971770e-18 
 2831       4.370033661335e-12       2.043457466574e-13      -1.061374049828e-13       0.000000000000e+00       8.250883009737e-17       1.204318724823e-17       1.383165747544e-18 
 2832       4.351802048766e-12       2.048063981461e-13      -1.078984244991e-13       0.000000000000e+00       8.238729031018e-17       1.196857303805e-17       1.398493321002e-18 
 2833       4.333792525339e-12       2.052555959294e-13      -1.097004026269e-13       0.000000000000e+00       8.226596897623e-17       1.189567904370e-17       1.413533293900e-18 
 2834       4.316006359106e-12       2.056930472756e-13      -1.115421344651e-13       0.000000000000e+00       8.214486540007e-17       1.182455811961e-17       1.428222090039e-18 
 2835       4.298444820620e-12       2.061184586796e-13      -1.134224115351e-13       0.000000000000e+00       8.202397888262e-17       1.175526326134e-17       1.442495955102e-18 
 2836       4.281109182933e-12       2.065315358621e-13      -1.153400217772e-13       0.000000000000e+00       8.190330872122e-17       1.168784760574e-17       1.456290956501e-18 
 2837       4.264000721600e-12       2.069319837693e-13      -1.172937495479e-13       0.000000000000e+00       8.178285420956e-17       1.162236443103e-17       1.469542983218e-18 
 2838       4.247120714681e-12       2.073195065718e-13      -1.192823756161e-13       0.000000000000e+00       8.166261463773e-17       1.155886715697e-17       1.482187745653e-18 
 2839       4.230470442740e-12       2.076938076641e-13      -1.213046771602e-13       0.000000000000e+00       8.154258929219e-17       1.149740934494e-17       1.494160775461e-18 
 2840       4.214051188851e-12       2.080545896640e-13      -1.233594277651e-13       0.000000000000e+00       8.142277745576e-17       1.143804469809e-17       1.505397425399e-18 
 2841       4.197864238597e-12       2.084015544120e-13      -1.254453974185e-13       0.000000000000e+00       8.130317840765e-17       1.138082706146e-17       1.515832869169e-18 
 2842       4.181910880072e-12       2.087344029702e-13      -1.275613525083e-13       0.000000000000e+00       8.118379142341e-17       1.132581042208e-17       1.525402101261e-18 
 2843       4.166192403885e-12       2.090528356222e-13      -1.297060558188e-13       0.000000000000e+00       8.106461577497e-17       1.127304890912e-17       1.534039936797e-18 
 2844       4.150710103160e-12       2.093565518722e-13      -1.318782665278e-13       0.000000000000e+00       8.094565073060e-17       1.122259679398e-17       1.541681011372e-18 
 2845       4.135465273537e-12       2.096452504443e-13      -1.340767402035e-13       0.000000000000e+00       8.082689555494e-17       1.117450849045e-17       1.548259780900e-18 
 2846       4.120459213177e-12       2.099186292816e-13      -1.363002288009e-13       0.000000000000e+00       8.070834950896e-17       1.112883855479e-17       1.553710521457e-18 
 2847       4.105693222761e-12       2.101763855460e-13      -1.385474806590e-13       0.000000000000e+00       8.059001184999e-17       1.108564168591e-17       1.557967329124e-18 
 2848       4.091168605494e-12       2.104182156175e-13      -1.408172404975e-13       0.000000000000e+00       8.047188183169e-17       1.104497272542e-17       1.560964119828e-18 
 2849       4.076886667104e-12       2.106438150929e-13      -1.431082494133e-13       0.000000000000e+00       8.035395870406e-17       1.100688665782e-17       1.562634629189e-18 
 2850       4.062848715847e-12       2.108528787860e-13      -1.454192448778e-13       0.000000000000e+00       8.023624171345e-17       1.097143861056e-17       1.562912412361e-18 
 2851       4.049055546814e-12       2.110451526163e-13      -1.477489897511e-13       0.000000000000e+00       8.011873020744e-17       1.093865712584e-17       1.561751772125e-18 
 2852       4.035505891954e-12       2.112205895694e-13      -1.500963594953e-13       0.000000000000e+00       8.000142395024e-17       1.090846382555e-17       1.559190660925e-18 
 2853       4.022197962093e-12       2.113791945371e-13      -1.524602554029e-13       0.000000000000e+00       7.988432280893e-17       1.088075333389e-17       1.555288101646e-18 
 2854       4.009129961899e-12       2.115209724995e-13      -1.548395756170e-13       0.000000000000e+00       7.976742664868e-17       1.085541996794e-17       1.550103288866e-18 
 2855       3.996300089873e-12       2.116459285254e-13      -1.572332151285e-13       0.000000000000e+00       7.965073533273e-17       1.083235773745e-17       1.543695589007e-18 
 2856       3.983706538348e-12       2.117540677726e-13      -1.596400657732e-13       0.000000000000e+00       7.953424872242e-17       1.081146034452e-17       1.536124540489e-18 
 2857       3.971347493481e-12       2.118453954876e-13      -1.620590162294e-13       0.000000000000e+00       7.941796667717e-17       1.079262118336e-17       1.527449853881e-18 
 2858       3.959221135246e-12       2.119199170061e-13      -1.644889520144e-13       0.000000000000e+00       7.930188905445e-17       1.077573333998e-17       1.517731412053e-18 
 2859       3.947325637429e-12       2.119776377529e-13      -1.669287554826e-13       0.000000000000e+00       7.918601570985e-17       1.076068959197e-17       1.507029270330e-18 
 2860       3.935659167625e-12       2.120185632420e-13      -1.693773058219e-13       0.000000000000e+00       7.907034649700e-17       1.074738240817e-17       1.495403656640e-18 
 2861       3.924219887229e-12       2.120426990765e-13      -1.718334790516e-13       0.000000000000e+00       7.895488126762e-17       1.073570394844e-17       1.482914971671e-18 
 2862       3.913005951429e-12       2.120500509494e-13      -1.742961480192e-13       0.000000000000e+00       7.883961987148e-17       1.072554606339e-17       1.469623789023e-18 
 2863       3.902015509206e-12       2.120406246428e-13      -1.767641823977e-13       0.000000000000e+00       7.872456215645e-17       1.071680029405e-17       1.455590855354e-18 
 2864       3.891246703323e-12       2.120144260285e-13      -1.792364486831e-13       0.000000000000e+00       7.860970796843e-17       1.070935787167e-17       1.440877090540e-18 
 2865       3.880697670322e-12       2.119714610681e-13      -1.817118101911e-13       0.000000000000e+00       7.849505715140e-17       1.070310971741e-17       1.425543587824e-18 
 2866       3.870366540516e-12       2.119117358131e-13      -1.841891270548e-13       0.000000000000e+00       7.838060954740e-17       1.069794644207e-17       1.409651613965e-18 
 2867       3.860251437986e-12       2.118352564046e-13      -1.866672562218e-13       0.000000000000e+00       7.826636499652e-17       1.069375834582e-17       1.393262609397e-18 
 2868       3.850350480573e-12       2.117420290741e-13      -1.891450514511e-13       0.000000000000e+00       7.815232333693e-17       1.069043541794e-17       1.376438188374e-18 
 2869       3.840661779873e-12       2.116320601429e-13      -1.916213633109e-13       0.000000000000e+00       7.803848440481e-17       1.068786733651e-17       1.359240139129e-18 
 2870       3.831183441231e-12       2.115053560226e-13      -1.940950391754e-13       0.000000000000e+00       7.792484803444e-17       1.068594346820e-17       1.341730424020e-18 
 2871       3.821913563738e-12       2.113619232154e-13      -1.965649232220e-13       0.000000000000e+00       7.781141405812e-17       1.068455286794e-17       1.323971179687e-18 
 2872       3.812850240220e-12       2.112017683134e-13      -1.990298564288e-13       0.000000000000e+00       7.769818230620e-17       1.068358427866e-17       1.306024717200e-18 
 2873       3.803991557236e-12       2.110248979997e-13      -2.014886765716e-13       0.000000000000e+00       7.758515260709e-17       1.068292613106e-17       1.287953522217e-18 
 2874       3.795335595073e-12       2.108313190476e-13      -2.039402182213e-13       0.000000000000e+00       7.747232478721e-17       1.068246654326e-17       1.269820255129e-18 
 2875       3.786880427737e-12       2.106210383214e-13      -2.063833127410e-13       0.000000000000e+00       7.735969867107e-17       1.068209332062e-17       1.251687751217e-18 
 2876       3.778624122950e-12       2.103940627762e-13      -2.088167882831e-13       0.000000000000e+00       7.724727408117e-17       1.068169395538e-17       1.233619020806e-18 
 2877       3.770564742141e-12       2.101503994577e-13      -2.112394697869e-13       0.000000000000e+00       7.713505083807e-17       1.068115562644e-17       1.215677249410e-18 
 2878       3.762700340445e-12       2.098900555031e-13      -2.136501789753e-13       0.000000000000e+00       7.702302876036e-17       1.068036519909e-17       1.197925797890e-18 
 2879       3.755028966694e-12       2.096130381403e-13      -2.160477343526e-13       0.000000000000e+00       7.691120766467e-17       1.067920922471e-17       1.180428202605e-18 
 2880       3.747548663412e-12       2.093193546886e-13      -2.184309512013e-13       0.000000000000e+00       7.679958736565e-17       1.067757394049e-17       1.163248175565e-18 
 2881       3.740257466809e-12       2.090090125586e-13      -2.207986415795e-13       0.000000000000e+00       7.668816767596e-17       1.067534526922e-17       1.146449604580e-18 
 2882       3.733153406774e-12       2.086820192522e-13      -2.231496143180e-13       0.000000000000e+00       7.657694840632e-17       1.067240881895e-17       1.130096553415e-18 
 2883       3.726234506874e-12       2.083383823629e-13      -2.254826750176e-13       0.000000000000e+00       7.646592936545e-17       1.066864988273e-17       1.114253261942e-18 
 2884       3.719498784344e-12       2.079781095758e-13      -2.277966260465e-13       0.000000000000e+00       7.635511036010e-17       1.066395343837e-17       1.098984146290e-18 
 2885       3.712944250079e-12       2.076012086677e-13      -2.300902665372e-13       0.000000000000e+00       7.624449119502e-17       1.065820414816e-17       1.084353799003e-18 
 2886       3.706568908637e-12       2.072076875073e-13      -2.323623923839e-13       0.000000000000e+00       7.613407167301e-17       1.065128635855e-17       1.070426989183e-18 
 2887       3.700370758223e-12       2.067975540550e-13      -2.346117962397e-13       0.000000000000e+00       7.602385159484e-17       1.064308409993e-17       1.057268662649e-18 
 2888       3.694347790692e-12       2.063708163633e-13      -2.368372675138e-13       0.000000000000e+00       7.591383075933e-17       1.063348108636e-17       1.044943942090e-18 
 2889       3.688497991536e-12       2.059274825769e-13      -2.390375923687e-13       0.000000000000e+00       7.580400896329e-17       1.062236071525e-17       1.033518127212e-18 
 2890       3.682819339883e-12       2.054675609325e-13      -2.412115537176e-13       0.000000000000e+00       7.569438600154e-17       1.060960606712e-17       1.023056694894e-18 
 2891       3.677309636272e-12       2.049910926449e-13      -2.433580447059e-13       0.000000000000e+00       7.558496161271e-17       1.059513019859e-17       1.013607682623e-18 
 2892       3.671965985031e-12       2.044982507450e-13      -2.454764097910e-13       0.000000000000e+00       7.547573531629e-17       1.057896718947e-17       1.005148741003e-18 
 2893       3.666785309265e-12       2.039892417426e-13      -2.475661053847e-13       0.000000000000e+00       7.536670657475e-17       1.056118155634e-17       9.976398133208e-19 
 2894       3.661764522829e-12       2.034642727866e-13      -2.496265865250e-13       0.000000000000e+00       7.525787484767e-17       1.054183800140e-17       9.910407277914e-19 
 2895       3.656900530316e-12       2.029235516659e-13      -2.516573068747e-13       0.000000000000e+00       7.514923959172e-17       1.052100141259e-17       9.853111974628e-19 
 2896       3.652190227054e-12       2.023672868097e-13      -2.536577187200e-13       0.000000000000e+00       7.504080026064e-17       1.049873686375e-17       9.804108201134e-19 
 2897       3.647630499093e-12       2.017956872883e-13      -2.556272729700e-13       0.000000000000e+00       7.493255630529e-17       1.047510961484e-17       9.762990781518e-19 
 2898       3.643218223201e-12       2.012089628134e-13      -2.575654191548e-13       0.000000000000e+00       7.482450717358e-17       1.045018511201e-17       9.729353385157e-19 
 2899       3.638950266852e-12       2.006073237390e-13      -2.594716054249e-13       0.000000000000e+00       7.471665231053e-17       1.042402898785e-17       9.702788525717e-19 
 2900       3.634823488220e-12       1.999909810616e-13      -2.613452785498e-13       0.000000000000e+00       7.460899115822e-17       1.039670706151e-17       9.682887560144e-19 
 2901       3.630834736170e-12       1.993601464212e-13      -2.631858839167e-13       0.000000000000e+00       7.450152315583e-17       1.036828533884e-17       9.669240687659e-19 
 2902       3.626980850252e-12       1.987150321016e-13      -2.649928655300e-13       0.000000000000e+00       7.439424773959e-17       1.033883001263e-17       9.661436948751e-19 
 2903       3.623258660689e-12       1.980558510307e-13      -2.667656660093e-13       0.000000000000e+00       7.428716434280e-17       1.030840746267e-17       9.659064224170e-19 
 2904       3.619664988370e-12       1.973828167818e-13      -2.685037265889e-13       0.000000000000e+00       7.418027239585e-17       1.027708425601e-17       9.661709233922e-19 
 2905       3.616196644844e-12       1.966961435735e-13      -2.702064871162e-13       0.000000000000e+00       7.407357132617e-17       1.024492714704e-17       9.668957536259e-19 
 2906       3.612850432312e-12       1.959960462707e-13      -2.718733860510e-13       0.000000000000e+00       7.396706055826e-17       1.021200307772e-17       9.680393526679e-19 
 2907       3.609623143612e-12       1.952827403848e-13      -2.735038604639e-13       0.000000000000e+00       7.386073951367e-17       1.017837917769e-17       9.695600436913e-19 
 2908       3.606511562221e-12       1.945564420746e-13      -2.750973460356e-13       0.000000000000e+00       7.375460761102e-17       1.014412276447e-17       9.714160333922e-19 
 2909       3.603512462238e-12       1.938173681468e-13      -2.766532770552e-13       0.000000000000e+00       7.364866426598e-17       1.010930134360e-17       9.735654118888e-19 
 2910       3.600622608381e-12       1.930657360564e-13      -2.781710864196e-13       0.000000000000e+00       7.354290889125e-17       1.007398260881e-17       9.759661526212e-19 
 2911       3.597838755979e-12       1.923017639075e-13      -2.796502056322e-13       0.000000000000e+00       7.343734089659e-17       1.003823444218e-17       9.785761122504e-19 
 2912       3.595157650958e-12       1.915256704535e-13      -2.810900648013e-13       0.000000000000e+00       7.333195968881e-17       1.000212491430e-17       9.813530305575e-19 
 2913       3.592576029839e-12       1.907376750982e-13      -2.824900926397e-13       0.000000000000e+00       7.322676467175e-17       9.965722284462e-18       9.842545303437e-19 
 2914       3.590090619728e-12       1.899379978961e-13      -2.838497164629e-13       0.000000000000e+00       7.312175524627e-17       9.929095000763e-18       9.872381173289e-19 
 2915       3.587698138308e-12       1.891268595527e-13      -2.851683621885e-13       0.000000000000e+00       7.301693081031e-17       9.892311700319e-18       9.902611800515e-19 
 2916       3.585395293827e-12       1.883044814256e-13      -2.864454543345e-13       0.000000000000e+00       7.291229075879e-17       9.855441209407e-18       9.932809897676e-19 
 2917       3.583178785096e-12       1.874710855249e-13      -2.876804160186e-13       0.000000000000e+00       7.280783448370e-17       9.818552543630e-18       9.962547003507e-19 
 2918       3.581045301476e-12       1.866268945132e-13      -2.888726689568e-13       0.000000000000e+00       7.270356137402e-17       9.781714908078e-18       9.991393481903e-19 
 2919       3.578991522873e-12       1.857721317073e-13      -2.900216334623e-13       0.000000000000e+00       7.259947081576e-17       9.744997697493e-18       1.001891852092e-18 
 2920       3.577014119728e-12       1.849070210776e-13      -2.911267284445e-13       0.000000000000e+00       7.249556219198e-17       9.708470496431e-18       1.004469013176e-18 
 2921       3.575109753008e-12       1.840317872496e-13      -2.921873714076e-13       0.000000000000e+00       7.239183488271e-17       9.672203079421e-18       1.006827514779e-18 
 2922       3.573275074199e-12       1.831466555037e-13      -2.932029784497e-13       0.000000000000e+00       7.228828826503e-17       9.636265411133e-18       1.008923922349e-18 
 2923       3.571506725299e-12       1.822518517764e-13      -2.941729642614e-13       0.000000000000e+00       7.218492171300e-17       9.600727646536e-18       1.010714683348e-18 
 2924       3.569801338808e-12       1.813476026606e-13      -2.950967421249e-13       0.000000000000e+00       7.208173459771e-17       9.565660131060e-18       1.012156127151e-18 
 2925       3.568155537719e-12       1.804341354060e-13      -2.959737239127e-13       0.000000000000e+00       7.197872628724e-17       9.531133400762e-18       1.013204464946e-18 
 2926       3.566565935513e-12       1.795116779201e-13      -2.968033200865e-13       0.000000000000e+00       7.187589614668e-17       9.497218182488e-18       1.013815789630e-18 
 2927       3.565029136148e-12       1.785804587685e-13      -2.975849396960e-13       0.000000000000e+00       7.177324353811e-17       9.463985394029e-18       1.013946075711e-18 
 2928       3.563541734051e-12       1.776407071752e-13      -2.983179903778e-13       0.000000000000e+00       7.167076782060e-17       9.431506144293e-18       1.013551179210e-18 
 2929       3.562100314112e-12       1.766926530238e-13      -2.990018783543e-13       0.000000000000e+00       7.156846835023e-17       9.399851733461e-18       1.012586837554e-18 
 2930       3.560701451672e-12       1.757365268578e-13      -2.996360084324e-13       0.000000000000e+00       7.146634448005e-17       9.369093653150e-18       1.011008669479e-18 
 2931       3.559341796567e-12       1.747725769764e-13      -3.002199551497e-13       0.000000000000e+00       7.136439561533e-17       9.339289446587e-18       1.008783078967e-18 
 2932       3.558018325721e-12       1.738011208166e-13      -3.007539771489e-13       0.000000000000e+00       7.126262137945e-17       9.310440211617e-18       1.005920026773e-18 
 2933       3.556728091799e-12       1.728224938291e-13      -3.012385053717e-13       0.000000000000e+00       7.116102144884e-17       9.282532885660e-18       1.002440422455e-18 
 2934       3.555468139261e-12       1.718370324072e-13      -3.016739721454e-13       0.000000000000e+00       7.105959549779e-17       9.255554366381e-18       9.983652352619e-19 
 2935       3.554235504362e-12       1.708450738874e-13      -3.020608111853e-13       0.000000000000e+00       7.095834319849e-17       9.229491511655e-18       9.937154941842e-19 
 2936       3.553027215139e-12       1.698469565502e-13      -3.023994575949e-13       0.000000000000e+00       7.085726422100e-17       9.204331139529e-18       9.885122880078e-19 
 2937       3.551840291407e-12       1.688430196210e-13      -3.026903478678e-13       0.000000000000e+00       7.075635823324e-17       9.180060028191e-18       9.827767653640e-19 
 2938       3.550671744752e-12       1.678336032711e-13      -3.029339198887e-13       0.000000000000e+00       7.065562490103e-17       9.156664915932e-18       9.765301347816e-19 
 2939       3.549518578522e-12       1.668190486178e-13      -3.031306129347e-13       0.000000000000e+00       7.055506388803e-17       9.134132501113e-18       9.697936647386e-19 
 2940       3.548377787823e-12       1.657996977262e-13      -3.032808676764e-13       0.000000000000e+00       7.045467485581e-17       9.112449442127e-18       9.625886837136e-19 
 2941       3.547246359508e-12       1.647758936093e-13      -3.033851261793e-13       0.000000000000e+00       7.035445746376e-17       9.091602357367e-18       9.549365802376e-19 
 2942       3.546121272173e-12       1.637479802288e-13      -3.034438319051e-13       0.000000000000e+00       7.025441136916e-17       9.071577825189e-18       9.468588029453e-19 
 2943       3.544999496151e-12       1.627163024965e-13      -3.034574297126e-13       0.000000000000e+00       7.015453622715e-17       9.052362383880e-18       9.383768606272e-19 
 2944       3.543877993500e-12       1.616812062746e-13      -3.034263658595e-13       0.000000000000e+00       7.005483169073e-17       9.033942531617e-18       9.295123222808e-19 
 2945       3.542753718001e-12       1.606430383765e-13      -3.033510880030e-13       0.000000000000e+00       6.995529741075e-17       9.016304726437e-18       9.202868171625e-19 
 2946       3.541623615149e-12       1.596021465680e-13      -3.032320452016e-13       0.000000000000e+00       6.985593303592e-17       8.999435386202e-18       9.107220348390e-19 
 2947       3.540484622146e-12       1.585588795677e-13      -3.030696879159e-13       0.000000000000e+00       6.975673821280e-17       8.983320888560e-18       9.008397252391e-19 
 2948       3.539333667892e-12       1.575135870480e-13      -3.028644680101e-13       0.000000000000e+00       6.965771258581e-17       8.967947570913e-18       8.906616987051e-19 
 2949       3.538167672983e-12       1.564666196360e-13      -3.026168387534e-13       0.000000000000e+00       6.955885579721e-17       8.953301730382e-18       8.802098260445e-19 
 2950       3.536983549697e-12       1.554183289141e-13      -3.023272548207e-13       0.000000000000e+00       6.946016748710e-17       8.939369623771e-18       8.695060385818e-19 
 2951       3.535778201996e-12       1.543690674209e-13      -3.019961722942e-13       0.000000000000e+00       6.936164729344e-17       8.926137467532e-18       8.585723282099e-19 
 2952       3.534548525509e-12       1.533191886521e-13      -3.016240486650e-13       0.000000000000e+00       6.926329485201e-17       8.913591437728e-18       8.474307474418e-19 
 2953       3.533291407532e-12       1.522690470611e-13      -3.012113428334e-13       0.000000000000e+00       6.916510979646e-17       8.901717670004e-18       8.361034094621e-19 
 2954       3.532003727019e-12       1.512189980601e-13      -3.007585151110e-13       0.000000000000e+00       6.906709175825e-17       8.890502259544e-18       8.246124881789e-19 
 2955       3.530682354573e-12       1.501693980207e-13      -3.002660272216e-13       0.000000000000e+00       6.896924036668e-17       8.879931261043e-18       8.129802182750e-19 
 2956       3.529324152443e-12       1.491206042747e-13      -2.997343423024e-13       0.000000000000e+00       6.887155524890e-17       8.869990688666e-18       8.012288952598e-19 
 2957       3.527925974513e-12       1.480729751149e-13      -2.991639249054e-13       0.000000000000e+00       6.877403602987e-17       8.860666516018e-18       7.893808755211e-19 
 2958       3.526484666296e-12       1.470268697963e-13      -2.985552409985e-13       0.000000000000e+00       6.867668233238e-17       8.851944676104e-18       7.774585763760e-19 
 2959       3.524997064929e-12       1.459826485363e-13      -2.979087579668e-13       0.000000000000e+00       6.857949377707e-17       8.843811061300e-18       7.654844761234e-19 
 2960       3.523459999164e-12       1.449406725158e-13      -2.972249446137e-13       0.000000000000e+00       6.848246998237e-17       8.836251523312e-18       7.534811140951e-19 
 2961       3.521870289362e-12       1.439013038802e-13      -2.965042711626e-13       0.000000000000e+00       6.838561056455e-17       8.829251873144e-18       7.414710907073e-19 
 2962       3.520224747484e-12       1.428649057399e-13      -2.957472092575e-13       0.000000000000e+00       6.828891513770e-17       8.822797881063e-18       7.294770675128e-19 
 2963       3.518520177086e-12       1.418318421712e-13      -2.949542319646e-13       0.000000000000e+00       6.819238331372e-17       8.816875276562e-18       7.175217672518e-19 
 2964       3.516753373313e-12       1.408024782173e-13      -2.941258137738e-13       0.000000000000e+00       6.809601470233e-17       8.811469748327e-18       7.056279739043e-19 
 2965       3.514921122889e-12       1.397771798888e-13      -2.932624305992e-13       0.000000000000e+00       6.799980891107e-17       8.806566944202e-18       6.938185327413e-19 
 2966       3.513020204109e-12       1.387563141647e-13      -2.923645597812e-13       0.000000000000e+00       6.790376554527e-17       8.802152471151e-18       6.821163503764e-19 
 2967       3.511047386838e-12       1.377402489932e-13      -2.914326800869e-13       0.000000000000e+00       6.780788420808e-17       8.798211895228e-18       6.705443948175e-19 
 2968       3.508999432499e-12       1.367293532925e-13      -2.904672717122e-13       0.000000000000e+00       6.771216450047e-17       8.794730741536e-18       6.591256955187e-19 
 2969       3.506873094067e-12       1.357239969516e-13      -2.894688162822e-13       0.000000000000e+00       6.761660602118e-17       8.791694494197e-18       6.478833434311e-19 
 2970       3.504665116061e-12       1.347245508310e-13      -2.884377968532e-13       0.000000000000e+00       6.752120836678e-17       8.789088596313e-18       6.368404910555e-19 
 2971       3.502373003337e-12       1.337312982381e-13      -2.873745623046e-13       0.000000000000e+00       6.742597137606e-17       8.786902281241e-18       6.260147131578e-19 
 2972       3.499997331616e-12       1.327441688747e-13      -2.862789197847e-13       0.000000000000e+00       6.733089586464e-17       8.785140087109e-18       6.154010584451e-19 
 2973       3.497539448329e-12       1.317630035792e-13      -2.851505402583e-13       0.000000000000e+00       6.723598289398e-17       8.783810398990e-18       6.049889144412e-19 
 2974       3.495000704863e-12       1.307876427331e-13      -2.839890939325e-13       0.000000000000e+00       6.714123352731e-17       8.782921622773e-18       5.947676392079e-19 
 2975       3.492382456556e-12       1.298179262605e-13      -2.827942502562e-13       0.000000000000e+00       6.704664882959e-17       8.782482185178e-18       5.847265613203e-19 
 2976       3.489686062710e-12       1.288536936275e-13      -2.815656779194e-13       0.000000000000e+00       6.695222986751e-17       8.782500533771e-18       5.748549798418e-19 
 2977       3.486912886586e-12       1.278947838419e-13      -2.803030448526e-13       0.000000000000e+00       6.685797770955e-17       8.782985136983e-18       5.651421642988e-19 
 2978       3.484064295414e-12       1.269410354530e-13      -2.790060182262e-13       0.000000000000e+00       6.676389342591e-17       8.783944484129e-18       5.555773546557e-19 
 2979       3.481141660392e-12       1.259922865511e-13      -2.776742644500e-13       0.000000000000e+00       6.666997808855e-17       8.785387085421e-18       5.461497612902e-19 
 2980       3.478146356691e-12       1.250483747669e-13      -2.763074491723e-13       0.000000000000e+00       6.657623277119e-17       8.787321471985e-18       5.368485649681e-19 
 2981       3.475079763459e-12       1.241091372714e-13      -2.749052372797e-13       0.000000000000e+00       6.648265854928e-17       8.789756195884e-18       5.276629168179e-19 
 2982       3.471943263823e-12       1.231744107752e-13      -2.734672928962e-13       0.000000000000e+00       6.638925650007e-17       8.792699830126e-18       5.185819383064e-19 
 2983       3.468738244893e-12       1.222440315286e-13      -2.719932793826e-13       0.000000000000e+00       6.629602770252e-17       8.796160968690e-18       5.095947212134e-19 
 2984       3.465466097767e-12       1.213178353207e-13      -2.704828593363e-13       0.000000000000e+00       6.620297323736e-17       8.800148226536e-18       5.006903276065e-19 
 2985       3.462128217531e-12       1.203956574792e-13      -2.689356945901e-13       0.000000000000e+00       6.611009418710e-17       8.804670239625e-18       4.918577898164e-19 
 2986       3.458726003266e-12       1.194773328701e-13      -2.673514462119e-13       0.000000000000e+00       6.601739163598e-17       8.809735664937e-18       4.830861104115e-19 
 2987       3.455260858049e-12       1.185626958971e-13      -2.657297745044e-13       0.000000000000e+00       6.592486667002e-17       8.815353180486e-18       4.743642621733e-19 
 2988       3.451734188957e-12       1.176515805015e-13      -2.640703390039e-13       0.000000000000e+00       6.583252037699e-17       8.821531485338e-18       4.656811880710e-19 
 2989       3.448147407073e-12       1.167438201614e-13      -2.623727984799e-13       0.000000000000e+00       6.574035384643e-17       8.828279299627e-18       4.570258012368e-19 
 2990       3.444501927483e-12       1.158392478918e-13      -2.606368109350e-13       0.000000000000e+00       6.564836816963e-17       8.835605364573e-18       4.483869849406e-19 
 2991       3.440799169286e-12       1.149376962438e-13      -2.588620336034e-13       0.000000000000e+00       6.555656443967e-17       8.843518442501e-18       4.397535925650e-19 
 2992       3.437040555595e-12       1.140389973043e-13      -2.570481229512e-13       0.000000000000e+00       6.546494375137e-17       8.852027316852e-18       4.311144475805e-19 
 2993       3.433227513539e-12       1.131429826957e-13      -2.551947346751e-13       0.000000000000e+00       6.537350720132e-17       8.861140792207e-18       4.224583435203e-19 
 2994       3.429361474270e-12       1.122494835757e-13      -2.533015237022e-13       0.000000000000e+00       6.528225588790e-17       8.870867694298e-18       4.137740439554e-19 
 2995       3.425443872961e-12       1.113583306364e-13      -2.513681441892e-13       0.000000000000e+00       6.519119091124e-17       8.881216870030e-18       4.050502824691e-19 
 2996       3.421476148814e-12       1.104693541042e-13      -2.493942495220e-13       0.000000000000e+00       6.510031337324e-17       8.892197187495e-18       3.962757626329e-19 
 2997       3.417459745063e-12       1.095823837396e-13      -2.473794923148e-13       0.000000000000e+00       6.500962437758e-17       8.903817535989e-18       3.874391579805e-19 
 2998       3.413396108974e-12       1.086972488363e-13      -2.453235244099e-13       0.000000000000e+00       6.491912502970e-17       8.916086826031e-18       3.785291119835e-19 
 2999       3.409286691853e-12       1.078137782214e-13      -2.432259968766e-13       0.000000000000e+00       6.482881643682e-17       8.929013989379e-18       3.695342380258e-19 
 3000       3.405132949046e-12       1.069318002546e-13      -2.410865600110e-13       0.000000000000e+00       6.473869970794e-17       8.942607979044e-18       3.604431193791e-19 
