11:09:35 [ultranest] [DEBUG] ReactiveNestedSampler: dims=9+0, resume=False, log_dir=ede_output/ede_real_run/run1, backend=hdf5, vectorized=False, nbootstraps=30, ndraw=128..65536
11:09:36 [ultranest] [INFO] Sampling 400 live points from prior ...
11:09:48 [ultranest] [DEBUG] run_iter dlogz=0.5, dKL=0.5, frac_remain=0.01, Lepsilon=0.0010, min_ess=400
11:09:48 [ultranest] [DEBUG] max_iters=-1, max_ncalls=1000000, max_num_improvement_loops=-1, min_num_live_points=400, cluster_num_live_points=40
11:09:48 [ultranest] [DEBUG] minimal_widths_sequence: [(-inf, 400.0), (inf, 400.0)]
11:09:48 [ultranest] [DEBUG] iteration=0, ncalls=401, regioncalls=40, ndraw=40, logz=-inf, remainder_fraction=100.0000%, Lmin=-3980.81, Lmax=-8.12
11:09:49 [ultranest] [DEBUG] iteration=3, ncalls=404, regioncalls=160, ndraw=40, logz=-3767.90, remainder_fraction=100.0000%, Lmin=-3708.49, Lmax=-8.12
11:09:49 [ultranest] [DEBUG] iteration=6, ncalls=407, regioncalls=280, ndraw=40, logz=-3674.22, remainder_fraction=100.0000%, Lmin=-3654.37, Lmax=-8.12
11:09:49 [ultranest] [DEBUG] iteration=10, ncalls=411, regioncalls=440, ndraw=40, logz=-3628.92, remainder_fraction=100.0000%, Lmin=-3619.13, Lmax=-8.12
11:09:49 [ultranest] [DEBUG] iteration=14, ncalls=415, regioncalls=600, ndraw=40, logz=-3573.36, remainder_fraction=100.0000%, Lmin=-3561.74, Lmax=-8.12
11:09:49 [ultranest] [DEBUG] iteration=18, ncalls=419, regioncalls=760, ndraw=40, logz=-3378.65, remainder_fraction=100.0000%, Lmin=-3295.77, Lmax=-8.12
11:09:49 [ultranest] [DEBUG] iteration=22, ncalls=423, regioncalls=920, ndraw=40, logz=-3185.38, remainder_fraction=100.0000%, Lmin=-3160.72, Lmax=-8.12
11:09:49 [ultranest] [DEBUG] iteration=25, ncalls=427, regioncalls=1080, ndraw=40, logz=-3103.14, remainder_fraction=100.0000%, Lmin=-3037.65, Lmax=-8.12
11:09:49 [ultranest] [DEBUG] iteration=29, ncalls=431, regioncalls=1240, ndraw=40, logz=-3008.87, remainder_fraction=100.0000%, Lmin=-2972.61, Lmax=-8.12
11:09:50 [ultranest] [DEBUG] iteration=33, ncalls=436, regioncalls=1440, ndraw=40, logz=-2947.48, remainder_fraction=100.0000%, Lmin=-2860.37, Lmax=-8.12
11:09:50 [ultranest] [DEBUG] iteration=36, ncalls=440, regioncalls=1600, ndraw=40, logz=-2737.73, remainder_fraction=100.0000%, Lmin=-2728.33, Lmax=-8.12
11:09:50 [ultranest] [DEBUG] iteration=39, ncalls=444, regioncalls=1760, ndraw=40, logz=-2669.49, remainder_fraction=100.0000%, Lmin=-2620.65, Lmax=-8.12
11:09:50 [ultranest] [DEBUG] iteration=40, ncalls=445, regioncalls=1800, ndraw=40, logz=-2626.74, remainder_fraction=100.0000%, Lmin=-2573.54, Lmax=-8.12
11:09:50 [ultranest] [DEBUG] iteration=44, ncalls=449, regioncalls=1960, ndraw=40, logz=-2546.06, remainder_fraction=100.0000%, Lmin=-2530.28, Lmax=-8.12
11:09:50 [ultranest] [DEBUG] iteration=46, ncalls=453, regioncalls=2120, ndraw=40, logz=-2525.12, remainder_fraction=100.0000%, Lmin=-2516.81, Lmax=-8.12
11:09:50 [ultranest] [DEBUG] iteration=50, ncalls=457, regioncalls=2280, ndraw=40, logz=-2466.12, remainder_fraction=100.0000%, Lmin=-2453.53, Lmax=-8.12
11:09:50 [ultranest] [DEBUG] iteration=54, ncalls=461, regioncalls=2440, ndraw=40, logz=-2412.97, remainder_fraction=100.0000%, Lmin=-2401.90, Lmax=-8.12
11:09:50 [ultranest] [DEBUG] iteration=56, ncalls=465, regioncalls=2600, ndraw=40, logz=-2397.49, remainder_fraction=100.0000%, Lmin=-2359.11, Lmax=-8.12
11:09:51 [ultranest] [DEBUG] iteration=58, ncalls=469, regioncalls=2760, ndraw=40, logz=-2362.61, remainder_fraction=100.0000%, Lmin=-2317.90, Lmax=-8.12
11:09:51 [ultranest] [DEBUG] iteration=61, ncalls=473, regioncalls=2920, ndraw=40, logz=-2317.89, remainder_fraction=100.0000%, Lmin=-2235.10, Lmax=-8.12
11:09:51 [ultranest] [DEBUG] iteration=64, ncalls=477, regioncalls=3080, ndraw=40, logz=-2170.82, remainder_fraction=100.0000%, Lmin=-2161.42, Lmax=-8.12
11:09:51 [ultranest] [DEBUG] iteration=68, ncalls=481, regioncalls=3240, ndraw=40, logz=-2122.64, remainder_fraction=100.0000%, Lmin=-2108.23, Lmax=-8.12
11:09:51 [ultranest] [DEBUG] iteration=71, ncalls=485, regioncalls=3400, ndraw=40, logz=-2097.34, remainder_fraction=100.0000%, Lmin=-2090.66, Lmax=-8.12
11:09:51 [ultranest] [DEBUG] iteration=75, ncalls=489, regioncalls=3560, ndraw=40, logz=-2066.85, remainder_fraction=100.0000%, Lmin=-2054.46, Lmax=-8.12
11:09:51 [ultranest] [DEBUG] iteration=78, ncalls=495, regioncalls=3800, ndraw=40, logz=-2044.31, remainder_fraction=100.0000%, Lmin=-2024.59, Lmax=-8.12
11:09:52 [ultranest] [DEBUG] iteration=80, ncalls=497, regioncalls=3880, ndraw=40, logz=-2017.73, remainder_fraction=100.0000%, Lmin=-2004.20, Lmax=-8.12
11:09:52 [ultranest] [DEBUG] iteration=83, ncalls=501, regioncalls=4040, ndraw=40, logz=-1957.95, remainder_fraction=100.0000%, Lmin=-1949.95, Lmax=-8.12
11:09:52 [ultranest] [DEBUG] iteration=85, ncalls=506, regioncalls=4240, ndraw=40, logz=-1946.55, remainder_fraction=100.0000%, Lmin=-1933.59, Lmax=-8.12
11:09:52 [ultranest] [DEBUG] iteration=88, ncalls=510, regioncalls=4400, ndraw=40, logz=-1914.36, remainder_fraction=100.0000%, Lmin=-1897.49, Lmax=-8.12
11:09:52 [ultranest] [DEBUG] iteration=91, ncalls=513, regioncalls=4520, ndraw=40, logz=-1902.30, remainder_fraction=100.0000%, Lmin=-1885.45, Lmax=-8.12
11:09:52 [ultranest] [DEBUG] iteration=93, ncalls=516, regioncalls=4640, ndraw=40, logz=-1888.42, remainder_fraction=100.0000%, Lmin=-1854.02, Lmax=-8.12
11:09:52 [ultranest] [DEBUG] iteration=96, ncalls=519, regioncalls=4760, ndraw=40, logz=-1852.27, remainder_fraction=100.0000%, Lmin=-1845.81, Lmax=-8.12
11:09:52 [ultranest] [DEBUG] iteration=99, ncalls=524, regioncalls=4960, ndraw=40, logz=-1787.51, remainder_fraction=100.0000%, Lmin=-1771.30, Lmax=-8.12
11:09:53 [ultranest] [DEBUG] iteration=101, ncalls=528, regioncalls=5120, ndraw=40, logz=-1773.77, remainder_fraction=100.0000%, Lmin=-1764.05, Lmax=-8.12
11:09:53 [ultranest] [DEBUG] iteration=105, ncalls=532, regioncalls=5280, ndraw=40, logz=-1762.07, remainder_fraction=100.0000%, Lmin=-1744.33, Lmax=-6.78
11:09:53 [ultranest] [DEBUG] iteration=108, ncalls=536, regioncalls=5440, ndraw=40, logz=-1719.65, remainder_fraction=100.0000%, Lmin=-1706.23, Lmax=-6.78
11:09:53 [ultranest] [DEBUG] iteration=111, ncalls=541, regioncalls=5640, ndraw=40, logz=-1690.97, remainder_fraction=100.0000%, Lmin=-1656.64, Lmax=-6.78
11:09:53 [ultranest] [DEBUG] iteration=114, ncalls=546, regioncalls=5840, ndraw=40, logz=-1659.13, remainder_fraction=100.0000%, Lmin=-1652.08, Lmax=-6.78
11:09:53 [ultranest] [DEBUG] iteration=117, ncalls=550, regioncalls=6000, ndraw=40, logz=-1652.96, remainder_fraction=100.0000%, Lmin=-1644.13, Lmax=-6.78
11:09:53 [ultranest] [DEBUG] iteration=120, ncalls=554, regioncalls=6160, ndraw=40, logz=-1628.47, remainder_fraction=100.0000%, Lmin=-1617.16, Lmax=-6.78
11:09:54 [ultranest] [DEBUG] iteration=124, ncalls=560, regioncalls=6400, ndraw=40, logz=-1586.53, remainder_fraction=100.0000%, Lmin=-1569.02, Lmax=-6.78
11:09:54 [ultranest] [DEBUG] iteration=126, ncalls=564, regioncalls=6560, ndraw=40, logz=-1568.91, remainder_fraction=100.0000%, Lmin=-1551.73, Lmax=-6.78
11:09:54 [ultranest] [DEBUG] iteration=128, ncalls=568, regioncalls=6720, ndraw=40, logz=-1551.08, remainder_fraction=100.0000%, Lmin=-1533.26, Lmax=-6.78
11:09:54 [ultranest] [DEBUG] iteration=131, ncalls=572, regioncalls=6880, ndraw=40, logz=-1538.13, remainder_fraction=100.0000%, Lmin=-1532.34, Lmax=-6.78
11:09:54 [ultranest] [DEBUG] iteration=134, ncalls=576, regioncalls=7040, ndraw=40, logz=-1533.44, remainder_fraction=100.0000%, Lmin=-1524.79, Lmax=-6.78
11:09:54 [ultranest] [DEBUG] iteration=138, ncalls=580, regioncalls=7200, ndraw=40, logz=-1511.39, remainder_fraction=100.0000%, Lmin=-1493.58, Lmax=-6.78
11:09:54 [ultranest] [DEBUG] iteration=141, ncalls=584, regioncalls=7360, ndraw=40, logz=-1482.88, remainder_fraction=100.0000%, Lmin=-1476.17, Lmax=-6.78
11:09:55 [ultranest] [DEBUG] iteration=144, ncalls=588, regioncalls=7520, ndraw=40, logz=-1472.54, remainder_fraction=100.0000%, Lmin=-1465.91, Lmax=-6.78
11:09:55 [ultranest] [DEBUG] iteration=146, ncalls=593, regioncalls=7720, ndraw=40, logz=-1462.96, remainder_fraction=100.0000%, Lmin=-1455.63, Lmax=-6.78
11:09:55 [ultranest] [DEBUG] iteration=150, ncalls=597, regioncalls=7880, ndraw=40, logz=-1441.87, remainder_fraction=100.0000%, Lmin=-1433.05, Lmax=-6.78
11:09:55 [ultranest] [DEBUG] iteration=152, ncalls=603, regioncalls=8120, ndraw=40, logz=-1438.41, remainder_fraction=100.0000%, Lmin=-1431.82, Lmax=-6.78
11:09:55 [ultranest] [DEBUG] iteration=154, ncalls=607, regioncalls=8280, ndraw=40, logz=-1414.68, remainder_fraction=100.0000%, Lmin=-1401.54, Lmax=-6.78
11:09:55 [ultranest] [DEBUG] iteration=158, ncalls=611, regioncalls=8440, ndraw=40, logz=-1390.18, remainder_fraction=100.0000%, Lmin=-1380.99, Lmax=-6.78
11:09:55 [ultranest] [DEBUG] iteration=160, ncalls=614, regioncalls=8560, ndraw=40, logz=-1383.76, remainder_fraction=100.0000%, Lmin=-1365.96, Lmax=-6.78
11:09:55 [ultranest] [DEBUG] iteration=163, ncalls=619, regioncalls=8760, ndraw=40, logz=-1347.50, remainder_fraction=100.0000%, Lmin=-1340.42, Lmax=-6.78
11:09:56 [ultranest] [DEBUG] iteration=165, ncalls=625, regioncalls=9000, ndraw=40, logz=-1345.82, remainder_fraction=100.0000%, Lmin=-1331.30, Lmax=-6.78
11:09:56 [ultranest] [DEBUG] iteration=169, ncalls=630, regioncalls=9200, ndraw=40, logz=-1317.94, remainder_fraction=100.0000%, Lmin=-1311.26, Lmax=-6.78
11:09:56 [ultranest] [DEBUG] iteration=172, ncalls=634, regioncalls=9360, ndraw=40, logz=-1311.96, remainder_fraction=100.0000%, Lmin=-1305.02, Lmax=-6.78
11:09:56 [ultranest] [DEBUG] iteration=175, ncalls=638, regioncalls=9520, ndraw=40, logz=-1295.93, remainder_fraction=100.0000%, Lmin=-1273.12, Lmax=-6.78
11:09:56 [ultranest] [DEBUG] iteration=179, ncalls=644, regioncalls=9760, ndraw=40, logz=-1262.59, remainder_fraction=100.0000%, Lmin=-1242.50, Lmax=-6.78
11:09:56 [ultranest] [DEBUG] iteration=181, ncalls=647, regioncalls=9880, ndraw=40, logz=-1238.31, remainder_fraction=100.0000%, Lmin=-1214.43, Lmax=-6.78
11:09:57 [ultranest] [DEBUG] iteration=182, ncalls=650, regioncalls=10000, ndraw=40, logz=-1220.87, remainder_fraction=100.0000%, Lmin=-1211.99, Lmax=-6.78
11:09:57 [ultranest] [DEBUG] iteration=185, ncalls=653, regioncalls=10120, ndraw=40, logz=-1215.14, remainder_fraction=100.0000%, Lmin=-1202.40, Lmax=-6.78
11:09:57 [ultranest] [DEBUG] iteration=187, ncalls=657, regioncalls=10280, ndraw=40, logz=-1205.20, remainder_fraction=100.0000%, Lmin=-1197.74, Lmax=-6.78
11:09:57 [ultranest] [DEBUG] iteration=190, ncalls=661, regioncalls=10440, ndraw=40, logz=-1194.98, remainder_fraction=100.0000%, Lmin=-1184.25, Lmax=-6.78
11:09:57 [ultranest] [DEBUG] iteration=194, ncalls=665, regioncalls=10600, ndraw=40, logz=-1181.68, remainder_fraction=100.0000%, Lmin=-1164.59, Lmax=-6.78
11:09:57 [ultranest] [DEBUG] iteration=196, ncalls=669, regioncalls=10760, ndraw=40, logz=-1162.85, remainder_fraction=100.0000%, Lmin=-1155.47, Lmax=-6.78
11:09:57 [ultranest] [DEBUG] iteration=199, ncalls=675, regioncalls=11000, ndraw=40, logz=-1149.32, remainder_fraction=100.0000%, Lmin=-1141.18, Lmax=-6.78
11:09:57 [ultranest] [DEBUG] iteration=200, ncalls=678, regioncalls=11120, ndraw=40, logz=-1147.49, remainder_fraction=100.0000%, Lmin=-1133.26, Lmax=-5.24
11:09:58 [ultranest] [DEBUG] iteration=203, ncalls=682, regioncalls=11280, ndraw=40, logz=-1128.92, remainder_fraction=100.0000%, Lmin=-1117.37, Lmax=-5.24
11:09:58 [ultranest] [DEBUG] iteration=207, ncalls=686, regioncalls=11440, ndraw=40, logz=-1114.78, remainder_fraction=100.0000%, Lmin=-1096.57, Lmax=-5.24
11:09:58 [ultranest] [DEBUG] iteration=210, ncalls=690, regioncalls=11600, ndraw=40, logz=-1093.93, remainder_fraction=100.0000%, Lmin=-1076.00, Lmax=-5.24
11:09:58 [ultranest] [DEBUG] iteration=213, ncalls=694, regioncalls=11760, ndraw=40, logz=-1074.99, remainder_fraction=100.0000%, Lmin=-1061.42, Lmax=-5.24
11:09:58 [ultranest] [DEBUG] iteration=216, ncalls=699, regioncalls=11960, ndraw=40, logz=-1061.99, remainder_fraction=100.0000%, Lmin=-1054.39, Lmax=-5.24
11:09:58 [ultranest] [DEBUG] iteration=219, ncalls=703, regioncalls=12120, ndraw=40, logz=-1044.83, remainder_fraction=100.0000%, Lmin=-1032.08, Lmax=-5.24
11:09:58 [ultranest] [DEBUG] iteration=222, ncalls=708, regioncalls=12320, ndraw=40, logz=-1036.89, remainder_fraction=100.0000%, Lmin=-1030.28, Lmax=-5.24
11:09:59 [ultranest] [DEBUG] iteration=223, ncalls=712, regioncalls=12480, ndraw=40, logz=-1036.17, remainder_fraction=100.0000%, Lmin=-1019.06, Lmax=-5.24
11:09:59 [ultranest] [DEBUG] iteration=225, ncalls=717, regioncalls=12680, ndraw=40, logz=-1021.43, remainder_fraction=100.0000%, Lmin=-1012.89, Lmax=-5.24
11:09:59 [ultranest] [DEBUG] iteration=226, ncalls=721, regioncalls=12840, ndraw=40, logz=-1019.31, remainder_fraction=100.0000%, Lmin=-1008.35, Lmax=-5.24
11:09:59 [ultranest] [DEBUG] iteration=229, ncalls=726, regioncalls=13040, ndraw=40, logz=-1005.13, remainder_fraction=100.0000%, Lmin=-996.39, Lmax=-5.24
11:09:59 [ultranest] [DEBUG] iteration=231, ncalls=731, regioncalls=13240, ndraw=40, logz=-997.66, remainder_fraction=100.0000%, Lmin=-989.25, Lmax=-5.24
11:09:59 [ultranest] [DEBUG] iteration=235, ncalls=735, regioncalls=13400, ndraw=40, logz=-971.22, remainder_fraction=100.0000%, Lmin=-960.01, Lmax=-5.24
11:09:59 [ultranest] [DEBUG] iteration=238, ncalls=740, regioncalls=13600, ndraw=40, logz=-964.67, remainder_fraction=100.0000%, Lmin=-958.49, Lmax=-5.24
11:10:00 [ultranest] [DEBUG] iteration=240, ncalls=743, regioncalls=13720, ndraw=40, logz=-963.60, remainder_fraction=100.0000%, Lmin=-940.97, Lmax=-5.24
11:10:00 [ultranest] [DEBUG] iteration=243, ncalls=748, regioncalls=13920, ndraw=40, logz=-932.32, remainder_fraction=100.0000%, Lmin=-920.23, Lmax=-5.24
11:10:00 [ultranest] [DEBUG] iteration=246, ncalls=753, regioncalls=14120, ndraw=40, logz=-914.13, remainder_fraction=100.0000%, Lmin=-906.85, Lmax=-5.24
11:10:00 [ultranest] [DEBUG] iteration=249, ncalls=757, regioncalls=14280, ndraw=40, logz=-905.08, remainder_fraction=100.0000%, Lmin=-895.94, Lmax=-5.24
11:10:00 [ultranest] [DEBUG] iteration=252, ncalls=762, regioncalls=14480, ndraw=40, logz=-900.38, remainder_fraction=100.0000%, Lmin=-892.29, Lmax=-5.24
11:10:00 [ultranest] [DEBUG] iteration=254, ncalls=766, regioncalls=14640, ndraw=40, logz=-895.92, remainder_fraction=100.0000%, Lmin=-888.64, Lmax=-5.24
11:10:00 [ultranest] [DEBUG] iteration=256, ncalls=770, regioncalls=14800, ndraw=40, logz=-893.22, remainder_fraction=100.0000%, Lmin=-883.29, Lmax=-5.24
11:10:01 [ultranest] [DEBUG] iteration=259, ncalls=775, regioncalls=15000, ndraw=40, logz=-887.91, remainder_fraction=100.0000%, Lmin=-879.23, Lmax=-5.24
11:10:01 [ultranest] [DEBUG] iteration=261, ncalls=780, regioncalls=15200, ndraw=40, logz=-884.75, remainder_fraction=100.0000%, Lmin=-876.40, Lmax=-5.24
11:10:01 [ultranest] [DEBUG] iteration=262, ncalls=788, regioncalls=15520, ndraw=40, logz=-882.88, remainder_fraction=100.0000%, Lmin=-875.94, Lmax=-5.24
11:10:01 [ultranest] [DEBUG] iteration=264, ncalls=792, regioncalls=15680, ndraw=40, logz=-881.40, remainder_fraction=100.0000%, Lmin=-874.00, Lmax=-5.24
11:10:01 [ultranest] [DEBUG] iteration=268, ncalls=796, regioncalls=15840, ndraw=40, logz=-873.46, remainder_fraction=100.0000%, Lmin=-866.41, Lmax=-5.24
11:10:01 [ultranest] [DEBUG] iteration=269, ncalls=801, regioncalls=16040, ndraw=40, logz=-872.56, remainder_fraction=100.0000%, Lmin=-862.04, Lmax=-5.24
11:10:02 [ultranest] [DEBUG] iteration=271, ncalls=804, regioncalls=16160, ndraw=40, logz=-867.22, remainder_fraction=100.0000%, Lmin=-850.68, Lmax=-5.24
11:10:02 [ultranest] [DEBUG] iteration=273, ncalls=807, regioncalls=16280, ndraw=40, logz=-856.64, remainder_fraction=100.0000%, Lmin=-846.42, Lmax=-5.24
11:10:02 [ultranest] [DEBUG] iteration=275, ncalls=814, regioncalls=16560, ndraw=40, logz=-850.27, remainder_fraction=100.0000%, Lmin=-841.92, Lmax=-5.24
11:10:02 [ultranest] [DEBUG] iteration=278, ncalls=818, regioncalls=16720, ndraw=40, logz=-843.79, remainder_fraction=100.0000%, Lmin=-828.45, Lmax=-5.24
11:10:02 [ultranest] [DEBUG] iteration=280, ncalls=820, regioncalls=16800, ndraw=40, logz=-833.81, remainder_fraction=100.0000%, Lmin=-822.79, Lmax=-5.24
11:10:02 [ultranest] [DEBUG] iteration=283, ncalls=824, regioncalls=16960, ndraw=40, logz=-819.08, remainder_fraction=100.0000%, Lmin=-807.79, Lmax=-5.24
11:10:02 [ultranest] [DEBUG] iteration=287, ncalls=830, regioncalls=17200, ndraw=40, logz=-801.38, remainder_fraction=100.0000%, Lmin=-795.25, Lmax=-5.24
11:10:03 [ultranest] [DEBUG] iteration=289, ncalls=835, regioncalls=17400, ndraw=40, logz=-799.67, remainder_fraction=100.0000%, Lmin=-792.13, Lmax=-5.24
11:10:03 [ultranest] [DEBUG] iteration=292, ncalls=839, regioncalls=17560, ndraw=40, logz=-791.38, remainder_fraction=100.0000%, Lmin=-784.52, Lmax=-5.24
11:10:03 [ultranest] [DEBUG] iteration=296, ncalls=843, regioncalls=17720, ndraw=40, logz=-784.62, remainder_fraction=100.0000%, Lmin=-773.24, Lmax=-5.24
11:10:03 [ultranest] [DEBUG] iteration=298, ncalls=847, regioncalls=17880, ndraw=40, logz=-779.16, remainder_fraction=100.0000%, Lmin=-769.02, Lmax=-5.24
11:10:03 [ultranest] [DEBUG] iteration=301, ncalls=851, regioncalls=18040, ndraw=40, logz=-767.34, remainder_fraction=100.0000%, Lmin=-750.74, Lmax=-5.24
11:10:03 [ultranest] [DEBUG] iteration=302, ncalls=856, regioncalls=18240, ndraw=40, logz=-757.48, remainder_fraction=100.0000%, Lmin=-739.60, Lmax=-5.24
11:10:03 [ultranest] [DEBUG] iteration=304, ncalls=861, regioncalls=18440, ndraw=40, logz=-743.91, remainder_fraction=100.0000%, Lmin=-728.79, Lmax=-5.24
11:10:04 [ultranest] [DEBUG] iteration=307, ncalls=866, regioncalls=18640, ndraw=40, logz=-715.92, remainder_fraction=100.0000%, Lmin=-706.89, Lmax=-5.24
11:10:04 [ultranest] [DEBUG] iteration=309, ncalls=870, regioncalls=18800, ndraw=40, logz=-708.97, remainder_fraction=100.0000%, Lmin=-701.30, Lmax=-5.24
11:10:04 [ultranest] [DEBUG] iteration=312, ncalls=875, regioncalls=19000, ndraw=40, logz=-700.44, remainder_fraction=100.0000%, Lmin=-687.38, Lmax=-5.24
11:10:04 [ultranest] [DEBUG] iteration=315, ncalls=879, regioncalls=19160, ndraw=40, logz=-688.82, remainder_fraction=100.0000%, Lmin=-671.98, Lmax=-5.24
11:10:04 [ultranest] [DEBUG] iteration=319, ncalls=885, regioncalls=19400, ndraw=40, logz=-672.78, remainder_fraction=100.0000%, Lmin=-662.98, Lmax=-5.24
11:10:04 [ultranest] [DEBUG] iteration=320, ncalls=886, regioncalls=19440, ndraw=40, logz=-669.72, remainder_fraction=100.0000%, Lmin=-654.13, Lmax=-5.24
11:10:04 [ultranest] [DEBUG] iteration=323, ncalls=891, regioncalls=19640, ndraw=40, logz=-657.42, remainder_fraction=100.0000%, Lmin=-648.16, Lmax=-5.24
11:10:04 [ultranest] [DEBUG] iteration=324, ncalls=895, regioncalls=19800, ndraw=40, logz=-654.88, remainder_fraction=100.0000%, Lmin=-645.69, Lmax=-5.24
11:10:05 [ultranest] [DEBUG] iteration=327, ncalls=899, regioncalls=19960, ndraw=40, logz=-642.95, remainder_fraction=100.0000%, Lmin=-632.95, Lmax=-5.24
11:10:05 [ultranest] [DEBUG] iteration=329, ncalls=904, regioncalls=20160, ndraw=40, logz=-635.29, remainder_fraction=100.0000%, Lmin=-627.63, Lmax=-5.24
11:10:05 [ultranest] [DEBUG] iteration=330, ncalls=908, regioncalls=20320, ndraw=40, logz=-634.09, remainder_fraction=100.0000%, Lmin=-625.54, Lmax=-5.24
11:10:05 [ultranest] [DEBUG] iteration=332, ncalls=918, regioncalls=20720, ndraw=40, logz=-631.28, remainder_fraction=100.0000%, Lmin=-624.91, Lmax=-5.24
11:10:05 [ultranest] [DEBUG] iteration=334, ncalls=923, regioncalls=20920, ndraw=40, logz=-630.40, remainder_fraction=100.0000%, Lmin=-624.48, Lmax=-5.24
11:10:06 [ultranest] [DEBUG] iteration=336, ncalls=929, regioncalls=21160, ndraw=40, logz=-629.40, remainder_fraction=100.0000%, Lmin=-619.63, Lmax=-5.24
11:10:06 [ultranest] [DEBUG] iteration=340, ncalls=933, regioncalls=21320, ndraw=40, logz=-623.61, remainder_fraction=100.0000%, Lmin=-617.23, Lmax=-5.24
11:10:06 [ultranest] [DEBUG] iteration=342, ncalls=938, regioncalls=21520, ndraw=40, logz=-622.16, remainder_fraction=100.0000%, Lmin=-613.91, Lmax=-5.24
11:10:06 [ultranest] [DEBUG] iteration=346, ncalls=943, regioncalls=21720, ndraw=40, logz=-602.80, remainder_fraction=100.0000%, Lmin=-594.58, Lmax=-5.24
11:10:06 [ultranest] [DEBUG] iteration=348, ncalls=948, regioncalls=21920, ndraw=40, logz=-599.55, remainder_fraction=100.0000%, Lmin=-592.70, Lmax=-5.24
11:10:06 [ultranest] [DEBUG] iteration=349, ncalls=952, regioncalls=22080, ndraw=40, logz=-598.86, remainder_fraction=100.0000%, Lmin=-592.58, Lmax=-5.24
11:10:06 [ultranest] [DEBUG] iteration=351, ncalls=956, regioncalls=22240, ndraw=40, logz=-597.91, remainder_fraction=100.0000%, Lmin=-591.35, Lmax=-5.24
11:10:07 [ultranest] [DEBUG] iteration=353, ncalls=961, regioncalls=22440, ndraw=40, logz=-589.75, remainder_fraction=100.0000%, Lmin=-581.36, Lmax=-5.24
11:10:07 [ultranest] [DEBUG] iteration=355, ncalls=966, regioncalls=22640, ndraw=40, logz=-586.54, remainder_fraction=100.0000%, Lmin=-578.88, Lmax=-5.24
11:10:07 [ultranest] [DEBUG] iteration=358, ncalls=977, regioncalls=23080, ndraw=40, logz=-580.64, remainder_fraction=100.0000%, Lmin=-572.15, Lmax=-5.24
11:10:07 [ultranest] [DEBUG] iteration=360, ncalls=980, regioncalls=23200, ndraw=40, logz=-571.93, remainder_fraction=100.0000%, Lmin=-563.93, Lmax=-5.24
11:10:07 [ultranest] [DEBUG] iteration=361, ncalls=983, regioncalls=23320, ndraw=40, logz=-570.54, remainder_fraction=100.0000%, Lmin=-557.54, Lmax=-5.24
11:10:08 [ultranest] [DEBUG] iteration=363, ncalls=990, regioncalls=23600, ndraw=40, logz=-563.44, remainder_fraction=100.0000%, Lmin=-554.06, Lmax=-5.24
11:10:08 [ultranest] [DEBUG] iteration=366, ncalls=995, regioncalls=23800, ndraw=40, logz=-559.33, remainder_fraction=100.0000%, Lmin=-552.41, Lmax=-5.24
11:10:08 [ultranest] [DEBUG] iteration=368, ncalls=999, regioncalls=23960, ndraw=40, logz=-553.68, remainder_fraction=100.0000%, Lmin=-540.75, Lmax=-5.24
11:10:08 [ultranest] [DEBUG] iteration=371, ncalls=1006, regioncalls=24240, ndraw=40, logz=-539.56, remainder_fraction=100.0000%, Lmin=-530.09, Lmax=-5.24
11:10:08 [ultranest] [DEBUG] iteration=374, ncalls=1010, regioncalls=24400, ndraw=40, logz=-533.90, remainder_fraction=100.0000%, Lmin=-522.32, Lmax=-5.24
11:10:08 [ultranest] [DEBUG] iteration=377, ncalls=1015, regioncalls=24600, ndraw=40, logz=-525.73, remainder_fraction=100.0000%, Lmin=-518.44, Lmax=-5.24
11:10:09 [ultranest] [DEBUG] iteration=380, ncalls=1019, regioncalls=24760, ndraw=40, logz=-516.30, remainder_fraction=100.0000%, Lmin=-507.90, Lmax=-5.24
11:10:09 [ultranest] [DEBUG] iteration=382, ncalls=1023, regioncalls=24920, ndraw=40, logz=-512.44, remainder_fraction=100.0000%, Lmin=-499.32, Lmax=-5.24
11:10:09 [ultranest] [DEBUG] iteration=385, ncalls=1033, regioncalls=25320, ndraw=40, logz=-502.90, remainder_fraction=100.0000%, Lmin=-495.26, Lmax=-5.24
11:10:09 [ultranest] [DEBUG] iteration=386, ncalls=1041, regioncalls=25640, ndraw=40, logz=-501.81, remainder_fraction=100.0000%, Lmin=-494.50, Lmax=-5.24
11:10:09 [ultranest] [DEBUG] iteration=388, ncalls=1045, regioncalls=25800, ndraw=40, logz=-500.17, remainder_fraction=100.0000%, Lmin=-492.89, Lmax=-5.24
11:10:10 [ultranest] [DEBUG] iteration=390, ncalls=1049, regioncalls=25960, ndraw=40, logz=-498.32, remainder_fraction=100.0000%, Lmin=-490.63, Lmax=-5.24
11:10:10 [ultranest] [DEBUG] iteration=393, ncalls=1053, regioncalls=26120, ndraw=40, logz=-486.46, remainder_fraction=100.0000%, Lmin=-477.30, Lmax=-5.24
11:10:10 [ultranest] [DEBUG] iteration=395, ncalls=1057, regioncalls=26280, ndraw=40, logz=-481.88, remainder_fraction=100.0000%, Lmin=-474.56, Lmax=-5.24
11:10:10 [ultranest] [DEBUG] iteration=397, ncalls=1062, regioncalls=26480, ndraw=40, logz=-480.52, remainder_fraction=100.0000%, Lmin=-472.56, Lmax=-5.24
11:10:10 [ultranest] [DEBUG] iteration=398, ncalls=1066, regioncalls=26640, ndraw=40, logz=-479.22, remainder_fraction=100.0000%, Lmin=-472.27, Lmax=-5.24
11:10:10 [ultranest] [DEBUG] iteration=400, ncalls=1070, regioncalls=26800, ndraw=40, logz=-477.57, remainder_fraction=100.0000%, Lmin=-470.81, Lmax=-5.24
11:10:11 [ultranest] [DEBUG] iteration=402, ncalls=1083, regioncalls=27320, ndraw=40, logz=-472.86, remainder_fraction=100.0000%, Lmin=-465.44, Lmax=-5.24
11:10:11 [ultranest] [DEBUG] iteration=404, ncalls=1088, regioncalls=27520, ndraw=40, logz=-471.28, remainder_fraction=100.0000%, Lmin=-456.41, Lmax=-5.24
11:10:11 [ultranest] [DEBUG] iteration=405, ncalls=1094, regioncalls=27760, ndraw=40, logz=-463.42, remainder_fraction=100.0000%, Lmin=-450.85, Lmax=-5.24
11:10:11 [ultranest] [DEBUG] iteration=406, ncalls=1099, regioncalls=27960, ndraw=40, logz=-457.85, remainder_fraction=100.0000%, Lmin=-448.50, Lmax=-5.24
11:10:11 [ultranest] [DEBUG] iteration=408, ncalls=1106, regioncalls=28240, ndraw=40, logz=-453.91, remainder_fraction=100.0000%, Lmin=-445.36, Lmax=-5.24
11:10:12 [ultranest] [DEBUG] iteration=411, ncalls=1110, regioncalls=28400, ndraw=40, logz=-449.79, remainder_fraction=100.0000%, Lmin=-441.43, Lmax=-5.24
11:10:12 [ultranest] [DEBUG] iteration=414, ncalls=1115, regioncalls=28600, ndraw=40, logz=-446.19, remainder_fraction=100.0000%, Lmin=-436.05, Lmax=-5.24
11:10:12 [ultranest] [DEBUG] iteration=415, ncalls=1119, regioncalls=28760, ndraw=40, logz=-443.03, remainder_fraction=100.0000%, Lmin=-434.15, Lmax=-5.24
11:10:12 [ultranest] [DEBUG] iteration=416, ncalls=1124, regioncalls=28960, ndraw=40, logz=-441.03, remainder_fraction=100.0000%, Lmin=-434.14, Lmax=-5.24
11:10:12 [ultranest] [DEBUG] iteration=417, ncalls=1129, regioncalls=29160, ndraw=40, logz=-440.41, remainder_fraction=100.0000%, Lmin=-430.80, Lmax=-5.24
11:10:12 [ultranest] [DEBUG] iteration=418, ncalls=1133, regioncalls=29320, ndraw=40, logz=-437.76, remainder_fraction=100.0000%, Lmin=-430.59, Lmax=-5.24
11:10:12 [ultranest] [DEBUG] iteration=421, ncalls=1137, regioncalls=29480, ndraw=40, logz=-436.02, remainder_fraction=100.0000%, Lmin=-426.87, Lmax=-5.24
11:10:13 [ultranest] [DEBUG] iteration=422, ncalls=1142, regioncalls=29680, ndraw=40, logz=-433.80, remainder_fraction=100.0000%, Lmin=-422.80, Lmax=-5.24
11:10:13 [ultranest] [DEBUG] iteration=424, ncalls=1149, regioncalls=29960, ndraw=40, logz=-427.72, remainder_fraction=100.0000%, Lmin=-420.72, Lmax=-5.24
11:10:13 [ultranest] [DEBUG] iteration=425, ncalls=1153, regioncalls=30120, ndraw=40, logz=-427.05, remainder_fraction=100.0000%, Lmin=-420.46, Lmax=-5.24
11:10:13 [ultranest] [DEBUG] iteration=427, ncalls=1158, regioncalls=30320, ndraw=40, logz=-425.87, remainder_fraction=100.0000%, Lmin=-418.64, Lmax=-5.24
11:10:13 [ultranest] [DEBUG] iteration=429, ncalls=1164, regioncalls=30560, ndraw=40, logz=-420.04, remainder_fraction=100.0000%, Lmin=-411.38, Lmax=-5.24
11:10:13 [ultranest] [DEBUG] iteration=430, ncalls=1168, regioncalls=30720, ndraw=40, logz=-418.26, remainder_fraction=100.0000%, Lmin=-406.85, Lmax=-5.24
11:10:14 [ultranest] [DEBUG] iteration=433, ncalls=1172, regioncalls=30880, ndraw=40, logz=-410.55, remainder_fraction=100.0000%, Lmin=-400.37, Lmax=-5.24
11:10:14 [ultranest] [DEBUG] iteration=435, ncalls=1176, regioncalls=31040, ndraw=40, logz=-403.96, remainder_fraction=100.0000%, Lmin=-396.11, Lmax=-5.24
11:10:14 [ultranest] [DEBUG] iteration=437, ncalls=1182, regioncalls=31280, ndraw=40, logz=-401.81, remainder_fraction=100.0000%, Lmin=-394.29, Lmax=-5.24
11:10:14 [ultranest] [DEBUG] iteration=439, ncalls=1186, regioncalls=31440, ndraw=40, logz=-400.25, remainder_fraction=100.0000%, Lmin=-386.79, Lmax=-5.24
11:10:14 [ultranest] [DEBUG] iteration=440, ncalls=1192, regioncalls=31680, ndraw=40, logz=-393.88, remainder_fraction=100.0000%, Lmin=-385.29, Lmax=-5.24
11:10:14 [ultranest] [DEBUG] iteration=443, ncalls=1196, regioncalls=31840, ndraw=40, logz=-391.10, remainder_fraction=100.0000%, Lmin=-384.15, Lmax=-5.24
11:10:14 [ultranest] [DEBUG] iteration=444, ncalls=1200, regioncalls=32000, ndraw=40, logz=-390.48, remainder_fraction=100.0000%, Lmin=-383.66, Lmax=-5.24
11:10:15 [ultranest] [DEBUG] iteration=447, ncalls=1206, regioncalls=32240, ndraw=40, logz=-386.61, remainder_fraction=100.0000%, Lmin=-379.83, Lmax=-5.24
11:10:15 [ultranest] [DEBUG] iteration=448, ncalls=1210, regioncalls=32400, ndraw=40, logz=-386.07, remainder_fraction=100.0000%, Lmin=-376.31, Lmax=-5.24
11:10:15 [ultranest] [DEBUG] iteration=450, ncalls=1214, regioncalls=32560, ndraw=40, logz=-381.73, remainder_fraction=100.0000%, Lmin=-374.81, Lmax=-5.24
11:10:15 [ultranest] [DEBUG] iteration=453, ncalls=1218, regioncalls=32720, ndraw=40, logz=-379.99, remainder_fraction=100.0000%, Lmin=-371.95, Lmax=-5.24
11:10:15 [ultranest] [DEBUG] iteration=456, ncalls=1223, regioncalls=32920, ndraw=40, logz=-377.29, remainder_fraction=100.0000%, Lmin=-369.68, Lmax=-5.24
11:10:15 [ultranest] [DEBUG] iteration=458, ncalls=1227, regioncalls=33080, ndraw=40, logz=-375.37, remainder_fraction=100.0000%, Lmin=-367.64, Lmax=-5.24
11:10:15 [ultranest] [DEBUG] iteration=461, ncalls=1231, regioncalls=33240, ndraw=40, logz=-372.37, remainder_fraction=100.0000%, Lmin=-363.83, Lmax=-5.24
11:10:16 [ultranest] [DEBUG] iteration=462, ncalls=1235, regioncalls=33400, ndraw=40, logz=-370.76, remainder_fraction=100.0000%, Lmin=-362.76, Lmax=-5.24
11:10:16 [ultranest] [DEBUG] iteration=465, ncalls=1239, regioncalls=33560, ndraw=40, logz=-365.65, remainder_fraction=100.0000%, Lmin=-356.69, Lmax=-5.24
11:10:16 [ultranest] [DEBUG] iteration=467, ncalls=1243, regioncalls=33720, ndraw=40, logz=-359.55, remainder_fraction=100.0000%, Lmin=-351.86, Lmax=-5.24
11:10:16 [ultranest] [DEBUG] iteration=470, ncalls=1247, regioncalls=33880, ndraw=40, logz=-355.15, remainder_fraction=100.0000%, Lmin=-338.63, Lmax=-5.24
11:10:16 [ultranest] [DEBUG] iteration=473, ncalls=1251, regioncalls=34040, ndraw=40, logz=-344.10, remainder_fraction=100.0000%, Lmin=-336.45, Lmax=-5.24
11:10:16 [ultranest] [DEBUG] iteration=475, ncalls=1255, regioncalls=34200, ndraw=40, logz=-341.23, remainder_fraction=100.0000%, Lmin=-332.02, Lmax=-5.24
11:10:16 [ultranest] [DEBUG] iteration=477, ncalls=1261, regioncalls=34440, ndraw=40, logz=-337.70, remainder_fraction=100.0000%, Lmin=-328.73, Lmax=-5.24
11:10:17 [ultranest] [DEBUG] iteration=480, ncalls=1264, regioncalls=34560, ndraw=40, logz=-334.38, remainder_fraction=100.0000%, Lmin=-326.49, Lmax=-5.24
11:10:17 [ultranest] [DEBUG] iteration=482, ncalls=1268, regioncalls=34720, ndraw=40, logz=-331.68, remainder_fraction=100.0000%, Lmin=-324.13, Lmax=-5.24
11:10:17 [ultranest] [DEBUG] iteration=484, ncalls=1272, regioncalls=34880, ndraw=40, logz=-329.34, remainder_fraction=100.0000%, Lmin=-318.90, Lmax=-5.24
11:10:17 [ultranest] [DEBUG] iteration=485, ncalls=1278, regioncalls=35120, ndraw=40, logz=-326.06, remainder_fraction=100.0000%, Lmin=-318.77, Lmax=-5.24
11:10:17 [ultranest] [DEBUG] iteration=486, ncalls=1282, regioncalls=35280, ndraw=40, logz=-325.32, remainder_fraction=100.0000%, Lmin=-318.50, Lmax=-5.24
11:10:17 [ultranest] [DEBUG] iteration=488, ncalls=1286, regioncalls=35440, ndraw=40, logz=-323.88, remainder_fraction=100.0000%, Lmin=-317.03, Lmax=-5.24
11:10:17 [ultranest] [DEBUG] iteration=490, ncalls=1290, regioncalls=35600, ndraw=40, logz=-322.99, remainder_fraction=100.0000%, Lmin=-316.26, Lmax=-5.24
11:10:18 [ultranest] [DEBUG] iteration=493, ncalls=1295, regioncalls=35800, ndraw=40, logz=-318.73, remainder_fraction=100.0000%, Lmin=-309.92, Lmax=-5.24
11:10:18 [ultranest] [DEBUG] iteration=494, ncalls=1300, regioncalls=36000, ndraw=40, logz=-316.96, remainder_fraction=100.0000%, Lmin=-309.72, Lmax=-5.24
11:10:18 [ultranest] [DEBUG] iteration=495, ncalls=1304, regioncalls=36160, ndraw=40, logz=-316.26, remainder_fraction=100.0000%, Lmin=-308.90, Lmax=-5.24
11:10:18 [ultranest] [DEBUG] iteration=498, ncalls=1308, regioncalls=36320, ndraw=40, logz=-314.47, remainder_fraction=100.0000%, Lmin=-305.78, Lmax=-5.24
11:10:18 [ultranest] [DEBUG] iteration=501, ncalls=1313, regioncalls=36520, ndraw=40, logz=-311.25, remainder_fraction=100.0000%, Lmin=-304.26, Lmax=-5.24
11:10:18 [ultranest] [DEBUG] iteration=504, ncalls=1318, regioncalls=36720, ndraw=40, logz=-308.46, remainder_fraction=100.0000%, Lmin=-299.56, Lmax=-5.24
11:10:19 [ultranest] [DEBUG] iteration=506, ncalls=1326, regioncalls=37040, ndraw=40, logz=-305.97, remainder_fraction=100.0000%, Lmin=-293.62, Lmax=-5.24
11:10:19 [ultranest] [DEBUG] iteration=507, ncalls=1330, regioncalls=37200, ndraw=40, logz=-300.87, remainder_fraction=100.0000%, Lmin=-292.97, Lmax=-5.24
11:10:19 [ultranest] [DEBUG] iteration=509, ncalls=1334, regioncalls=37360, ndraw=40, logz=-299.17, remainder_fraction=100.0000%, Lmin=-292.48, Lmax=-5.24
11:10:19 [ultranest] [DEBUG] iteration=513, ncalls=1338, regioncalls=37520, ndraw=40, logz=-297.07, remainder_fraction=100.0000%, Lmin=-286.01, Lmax=-5.24
11:10:19 [ultranest] [DEBUG] iteration=515, ncalls=1342, regioncalls=37680, ndraw=40, logz=-292.27, remainder_fraction=100.0000%, Lmin=-283.85, Lmax=-5.24
11:10:19 [ultranest] [DEBUG] iteration=517, ncalls=1346, regioncalls=37840, ndraw=40, logz=-290.03, remainder_fraction=100.0000%, Lmin=-282.17, Lmax=-5.24
11:10:19 [ultranest] [DEBUG] iteration=518, ncalls=1351, regioncalls=38040, ndraw=40, logz=-289.01, remainder_fraction=100.0000%, Lmin=-282.04, Lmax=-5.24
11:10:20 [ultranest] [DEBUG] iteration=519, ncalls=1356, regioncalls=38240, ndraw=40, logz=-288.46, remainder_fraction=100.0000%, Lmin=-280.82, Lmax=-5.24
11:10:20 [ultranest] [DEBUG] iteration=520, ncalls=1361, regioncalls=38440, ndraw=40, logz=-287.58, remainder_fraction=100.0000%, Lmin=-278.80, Lmax=-5.24
11:10:20 [ultranest] [DEBUG] iteration=521, ncalls=1366, regioncalls=38640, ndraw=40, logz=-285.89, remainder_fraction=100.0000%, Lmin=-277.87, Lmax=-5.24
11:10:20 [ultranest] [DEBUG] iteration=522, ncalls=1370, regioncalls=38800, ndraw=40, logz=-284.77, remainder_fraction=100.0000%, Lmin=-277.33, Lmax=-5.24
11:10:20 [ultranest] [DEBUG] iteration=525, ncalls=1376, regioncalls=39040, ndraw=40, logz=-281.77, remainder_fraction=100.0000%, Lmin=-271.81, Lmax=-5.24
11:10:20 [ultranest] [DEBUG] iteration=526, ncalls=1380, regioncalls=39200, ndraw=40, logz=-279.05, remainder_fraction=100.0000%, Lmin=-271.26, Lmax=-5.24
11:10:21 [ultranest] [DEBUG] iteration=529, ncalls=1387, regioncalls=39480, ndraw=40, logz=-276.30, remainder_fraction=100.0000%, Lmin=-269.20, Lmax=-5.24
11:10:21 [ultranest] [DEBUG] iteration=532, ncalls=1392, regioncalls=39680, ndraw=40, logz=-269.58, remainder_fraction=100.0000%, Lmin=-261.91, Lmax=-5.24
11:10:21 [ultranest] [DEBUG] iteration=535, ncalls=1396, regioncalls=39840, ndraw=40, logz=-266.65, remainder_fraction=100.0000%, Lmin=-259.97, Lmax=-5.24
11:10:21 [ultranest] [DEBUG] iteration=537, ncalls=1403, regioncalls=40120, ndraw=40, logz=-265.86, remainder_fraction=100.0000%, Lmin=-257.51, Lmax=-5.24
11:10:21 [ultranest] [DEBUG] iteration=538, ncalls=1410, regioncalls=40400, ndraw=40, logz=-264.54, remainder_fraction=100.0000%, Lmin=-257.46, Lmax=-5.24
11:10:21 [ultranest] [DEBUG] iteration=539, ncalls=1415, regioncalls=40600, ndraw=40, logz=-263.97, remainder_fraction=100.0000%, Lmin=-256.97, Lmax=-5.24
11:10:22 [ultranest] [DEBUG] iteration=540, ncalls=1417, regioncalls=40680, ndraw=40, logz=-263.43, remainder_fraction=100.0000%, Lmin=-256.62, Lmax=-5.24
11:10:22 [ultranest] [DEBUG] iteration=542, ncalls=1421, regioncalls=40840, ndraw=40, logz=-262.28, remainder_fraction=100.0000%, Lmin=-254.56, Lmax=-5.24
11:10:22 [ultranest] [DEBUG] iteration=545, ncalls=1424, regioncalls=40960, ndraw=40, logz=-259.69, remainder_fraction=100.0000%, Lmin=-250.99, Lmax=-5.24
11:10:22 [ultranest] [DEBUG] iteration=546, ncalls=1429, regioncalls=41160, ndraw=40, logz=-258.12, remainder_fraction=100.0000%, Lmin=-250.89, Lmax=-5.24
11:10:22 [ultranest] [DEBUG] iteration=549, ncalls=1433, regioncalls=41320, ndraw=40, logz=-254.83, remainder_fraction=100.0000%, Lmin=-247.80, Lmax=-5.24
11:10:22 [ultranest] [DEBUG] iteration=551, ncalls=1437, regioncalls=41480, ndraw=40, logz=-253.88, remainder_fraction=100.0000%, Lmin=-247.45, Lmax=-5.24
11:10:22 [ultranest] [DEBUG] iteration=553, ncalls=1441, regioncalls=41640, ndraw=40, logz=-252.91, remainder_fraction=100.0000%, Lmin=-244.75, Lmax=-5.24
11:10:22 [ultranest] [DEBUG] iteration=555, ncalls=1445, regioncalls=41800, ndraw=40, logz=-249.31, remainder_fraction=100.0000%, Lmin=-241.98, Lmax=-5.24
11:10:23 [ultranest] [DEBUG] iteration=557, ncalls=1454, regioncalls=42160, ndraw=40, logz=-248.12, remainder_fraction=100.0000%, Lmin=-240.33, Lmax=-5.24
11:10:23 [ultranest] [DEBUG] iteration=558, ncalls=1459, regioncalls=42360, ndraw=40, logz=-247.20, remainder_fraction=100.0000%, Lmin=-239.12, Lmax=-5.24
11:10:23 [ultranest] [DEBUG] iteration=560, ncalls=1462, regioncalls=42480, ndraw=40, logz=-244.76, remainder_fraction=100.0000%, Lmin=-236.84, Lmax=-5.24
11:10:23 [ultranest] [DEBUG] iteration=564, ncalls=1466, regioncalls=42640, ndraw=40, logz=-241.57, remainder_fraction=100.0000%, Lmin=-234.57, Lmax=-5.24
11:10:23 [ultranest] [DEBUG] iteration=565, ncalls=1470, regioncalls=42800, ndraw=40, logz=-241.06, remainder_fraction=100.0000%, Lmin=-234.14, Lmax=-5.24
11:10:23 [ultranest] [DEBUG] iteration=568, ncalls=1474, regioncalls=42960, ndraw=40, logz=-239.39, remainder_fraction=100.0000%, Lmin=-232.63, Lmax=-5.24
11:10:24 [ultranest] [DEBUG] iteration=571, ncalls=1480, regioncalls=43200, ndraw=40, logz=-238.00, remainder_fraction=100.0000%, Lmin=-231.01, Lmax=-5.24
11:10:24 [ultranest] [DEBUG] iteration=574, ncalls=1490, regioncalls=43600, ndraw=40, logz=-235.54, remainder_fraction=100.0000%, Lmin=-228.25, Lmax=-5.24
11:10:24 [ultranest] [DEBUG] iteration=578, ncalls=1494, regioncalls=43760, ndraw=40, logz=-232.65, remainder_fraction=100.0000%, Lmin=-224.80, Lmax=-5.24
11:10:24 [ultranest] [DEBUG] iteration=580, ncalls=1498, regioncalls=43920, ndraw=40, logz=-230.89, remainder_fraction=100.0000%, Lmin=-223.72, Lmax=-5.24
11:10:24 [ultranest] [DEBUG] iteration=582, ncalls=1503, regioncalls=44120, ndraw=40, logz=-229.80, remainder_fraction=100.0000%, Lmin=-222.15, Lmax=-5.24
11:10:24 [ultranest] [DEBUG] iteration=585, ncalls=1507, regioncalls=44280, ndraw=40, logz=-224.91, remainder_fraction=100.0000%, Lmin=-216.47, Lmax=-5.24
11:10:25 [ultranest] [DEBUG] iteration=587, ncalls=1510, regioncalls=44400, ndraw=40, logz=-221.99, remainder_fraction=100.0000%, Lmin=-213.64, Lmax=-5.24
11:10:25 [ultranest] [DEBUG] iteration=589, ncalls=1514, regioncalls=44560, ndraw=40, logz=-220.14, remainder_fraction=100.0000%, Lmin=-213.24, Lmax=-5.24
11:10:25 [ultranest] [DEBUG] iteration=590, ncalls=1518, regioncalls=44720, ndraw=40, logz=-219.69, remainder_fraction=100.0000%, Lmin=-212.93, Lmax=-5.24
11:10:25 [ultranest] [DEBUG] iteration=592, ncalls=1522, regioncalls=44880, ndraw=40, logz=-218.17, remainder_fraction=100.0000%, Lmin=-210.13, Lmax=-5.24
11:10:25 [ultranest] [DEBUG] iteration=593, ncalls=1526, regioncalls=45040, ndraw=40, logz=-217.15, remainder_fraction=100.0000%, Lmin=-209.56, Lmax=-5.24
11:10:25 [ultranest] [DEBUG] iteration=596, ncalls=1531, regioncalls=45240, ndraw=40, logz=-214.52, remainder_fraction=100.0000%, Lmin=-205.21, Lmax=-5.24
11:10:25 [ultranest] [DEBUG] iteration=599, ncalls=1535, regioncalls=45400, ndraw=40, logz=-210.89, remainder_fraction=100.0000%, Lmin=-203.70, Lmax=-5.24
11:10:25 [ultranest] [DEBUG] iteration=600, ncalls=1536, regioncalls=45440, ndraw=40, logz=-210.34, remainder_fraction=100.0000%, Lmin=-201.68, Lmax=-5.24
11:10:26 [ultranest] [DEBUG] iteration=603, ncalls=1540, regioncalls=45600, ndraw=40, logz=-205.09, remainder_fraction=100.0000%, Lmin=-196.55, Lmax=-5.24
11:10:26 [ultranest] [DEBUG] iteration=604, ncalls=1544, regioncalls=45760, ndraw=40, logz=-203.75, remainder_fraction=100.0000%, Lmin=-195.13, Lmax=-5.24
11:10:26 [ultranest] [DEBUG] iteration=607, ncalls=1548, regioncalls=45920, ndraw=40, logz=-200.45, remainder_fraction=100.0000%, Lmin=-193.48, Lmax=-5.24
11:10:26 [ultranest] [DEBUG] iteration=609, ncalls=1552, regioncalls=46080, ndraw=40, logz=-199.23, remainder_fraction=100.0000%, Lmin=-191.22, Lmax=-5.24
11:10:26 [ultranest] [DEBUG] iteration=611, ncalls=1556, regioncalls=46240, ndraw=40, logz=-197.76, remainder_fraction=100.0000%, Lmin=-190.51, Lmax=-5.24
11:10:26 [ultranest] [DEBUG] iteration=612, ncalls=1560, regioncalls=46400, ndraw=40, logz=-197.19, remainder_fraction=100.0000%, Lmin=-188.40, Lmax=-5.24
11:10:26 [ultranest] [DEBUG] iteration=616, ncalls=1565, regioncalls=46600, ndraw=40, logz=-191.87, remainder_fraction=100.0000%, Lmin=-184.51, Lmax=-5.24
11:10:27 [ultranest] [DEBUG] iteration=618, ncalls=1569, regioncalls=46760, ndraw=40, logz=-190.49, remainder_fraction=100.0000%, Lmin=-183.21, Lmax=-5.24
11:10:27 [ultranest] [DEBUG] iteration=620, ncalls=1573, regioncalls=46920, ndraw=40, logz=-188.85, remainder_fraction=100.0000%, Lmin=-180.50, Lmax=-5.24
11:10:27 [ultranest] [DEBUG] iteration=622, ncalls=1576, regioncalls=47040, ndraw=40, logz=-186.76, remainder_fraction=100.0000%, Lmin=-179.07, Lmax=-5.24
11:10:27 [ultranest] [DEBUG] iteration=624, ncalls=1579, regioncalls=47160, ndraw=40, logz=-185.10, remainder_fraction=100.0000%, Lmin=-177.68, Lmax=-5.24
11:10:27 [ultranest] [DEBUG] iteration=627, ncalls=1585, regioncalls=47400, ndraw=40, logz=-183.69, remainder_fraction=100.0000%, Lmin=-176.21, Lmax=-5.24
11:10:27 [ultranest] [DEBUG] iteration=630, ncalls=1589, regioncalls=47560, ndraw=40, logz=-181.42, remainder_fraction=100.0000%, Lmin=-174.31, Lmax=-5.24
11:10:27 [ultranest] [DEBUG] iteration=633, ncalls=1592, regioncalls=47680, ndraw=40, logz=-179.27, remainder_fraction=100.0000%, Lmin=-172.27, Lmax=-5.24
11:10:27 [ultranest] [DEBUG] iteration=635, ncalls=1595, regioncalls=47800, ndraw=40, logz=-178.50, remainder_fraction=100.0000%, Lmin=-171.58, Lmax=-5.24
11:10:28 [ultranest] [DEBUG] iteration=637, ncalls=1598, regioncalls=47920, ndraw=40, logz=-177.70, remainder_fraction=100.0000%, Lmin=-170.92, Lmax=-5.24
11:10:28 [ultranest] [DEBUG] iteration=640, ncalls=1601, regioncalls=48040, ndraw=40, logz=-174.39, remainder_fraction=100.0000%, Lmin=-166.83, Lmax=-5.24
11:10:28 [ultranest] [DEBUG] iteration=643, ncalls=1605, regioncalls=48200, ndraw=40, logz=-172.99, remainder_fraction=100.0000%, Lmin=-166.67, Lmax=-5.24
11:10:28 [ultranest] [DEBUG] iteration=646, ncalls=1609, regioncalls=48360, ndraw=40, logz=-171.74, remainder_fraction=100.0000%, Lmin=-164.50, Lmax=-5.24
11:10:28 [ultranest] [DEBUG] iteration=647, ncalls=1614, regioncalls=48560, ndraw=40, logz=-171.22, remainder_fraction=100.0000%, Lmin=-163.76, Lmax=-5.24
11:10:28 [ultranest] [DEBUG] iteration=649, ncalls=1618, regioncalls=48720, ndraw=40, logz=-170.07, remainder_fraction=100.0000%, Lmin=-162.99, Lmax=-5.24
11:10:28 [ultranest] [DEBUG] iteration=650, ncalls=1624, regioncalls=48960, ndraw=40, logz=-169.61, remainder_fraction=100.0000%, Lmin=-162.77, Lmax=-5.24
11:10:29 [ultranest] [DEBUG] iteration=653, ncalls=1628, regioncalls=49120, ndraw=40, logz=-167.96, remainder_fraction=100.0000%, Lmin=-160.33, Lmax=-5.24
11:10:29 [ultranest] [DEBUG] iteration=657, ncalls=1632, regioncalls=49280, ndraw=40, logz=-165.19, remainder_fraction=100.0000%, Lmin=-158.50, Lmax=-5.24
11:10:29 [ultranest] [DEBUG] iteration=660, ncalls=1637, regioncalls=49480, ndraw=40, logz=-164.24, remainder_fraction=100.0000%, Lmin=-157.89, Lmax=-5.24
11:10:29 [ultranest] [DEBUG] iteration=662, ncalls=1641, regioncalls=49640, ndraw=40, logz=-163.80, remainder_fraction=100.0000%, Lmin=-157.37, Lmax=-5.24
11:10:29 [ultranest] [DEBUG] iteration=664, ncalls=1646, regioncalls=49840, ndraw=40, logz=-163.28, remainder_fraction=100.0000%, Lmin=-154.70, Lmax=-5.24
11:10:29 [ultranest] [DEBUG] iteration=667, ncalls=1652, regioncalls=50080, ndraw=40, logz=-160.51, remainder_fraction=100.0000%, Lmin=-153.29, Lmax=-5.24
11:10:29 [ultranest] [DEBUG] iteration=669, ncalls=1657, regioncalls=50280, ndraw=40, logz=-159.59, remainder_fraction=100.0000%, Lmin=-152.88, Lmax=-5.24
11:10:30 [ultranest] [DEBUG] iteration=671, ncalls=1661, regioncalls=50440, ndraw=40, logz=-158.80, remainder_fraction=100.0000%, Lmin=-151.98, Lmax=-5.24
11:10:30 [ultranest] [DEBUG] iteration=675, ncalls=1666, regioncalls=50640, ndraw=40, logz=-156.69, remainder_fraction=100.0000%, Lmin=-149.54, Lmax=-5.24
11:10:30 [ultranest] [DEBUG] iteration=678, ncalls=1670, regioncalls=50800, ndraw=40, logz=-155.53, remainder_fraction=100.0000%, Lmin=-148.47, Lmax=-5.24
11:10:30 [ultranest] [DEBUG] iteration=680, ncalls=1672, regioncalls=50880, ndraw=40, logz=-153.93, remainder_fraction=100.0000%, Lmin=-146.02, Lmax=-5.24
11:10:30 [ultranest] [DEBUG] iteration=684, ncalls=1677, regioncalls=51080, ndraw=40, logz=-151.61, remainder_fraction=100.0000%, Lmin=-144.76, Lmax=-5.24
11:10:30 [ultranest] [DEBUG] iteration=685, ncalls=1681, regioncalls=51240, ndraw=40, logz=-151.25, remainder_fraction=100.0000%, Lmin=-143.20, Lmax=-5.24
11:10:30 [ultranest] [DEBUG] iteration=686, ncalls=1688, regioncalls=51520, ndraw=40, logz=-150.37, remainder_fraction=100.0000%, Lmin=-142.30, Lmax=-5.24
11:10:31 [ultranest] [DEBUG] iteration=687, ncalls=1698, regioncalls=51920, ndraw=40, logz=-149.48, remainder_fraction=100.0000%, Lmin=-140.65, Lmax=-5.24
11:10:31 [ultranest] [DEBUG] iteration=690, ncalls=1711, regioncalls=52440, ndraw=40, logz=-146.05, remainder_fraction=100.0000%, Lmin=-137.61, Lmax=-5.24
11:10:31 [ultranest] [DEBUG] iteration=693, ncalls=1718, regioncalls=52720, ndraw=40, logz=-143.34, remainder_fraction=100.0000%, Lmin=-134.61, Lmax=-5.24
11:10:32 [ultranest] [DEBUG] iteration=696, ncalls=1724, regioncalls=52960, ndraw=40, logz=-140.94, remainder_fraction=100.0000%, Lmin=-133.14, Lmax=-5.24
11:10:32 [ultranest] [DEBUG] iteration=699, ncalls=1728, regioncalls=53120, ndraw=40, logz=-139.02, remainder_fraction=100.0000%, Lmin=-131.01, Lmax=-5.24
11:10:32 [ultranest] [DEBUG] iteration=702, ncalls=1734, regioncalls=53360, ndraw=40, logz=-136.49, remainder_fraction=100.0000%, Lmin=-128.28, Lmax=-5.24
11:10:32 [ultranest] [DEBUG] iteration=704, ncalls=1738, regioncalls=53520, ndraw=40, logz=-134.81, remainder_fraction=100.0000%, Lmin=-127.18, Lmax=-5.24
11:10:32 [ultranest] [DEBUG] iteration=706, ncalls=1741, regioncalls=53640, ndraw=40, logz=-133.72, remainder_fraction=100.0000%, Lmin=-126.93, Lmax=-5.24
11:10:32 [ultranest] [DEBUG] iteration=707, ncalls=1745, regioncalls=53800, ndraw=40, logz=-133.40, remainder_fraction=100.0000%, Lmin=-126.50, Lmax=-5.24
11:10:33 [ultranest] [DEBUG] iteration=709, ncalls=1752, regioncalls=54080, ndraw=40, logz=-132.30, remainder_fraction=100.0000%, Lmin=-123.95, Lmax=-5.24
11:10:33 [ultranest] [DEBUG] iteration=711, ncalls=1759, regioncalls=54360, ndraw=40, logz=-130.74, remainder_fraction=100.0000%, Lmin=-123.64, Lmax=-5.24
11:10:33 [ultranest] [DEBUG] iteration=714, ncalls=1763, regioncalls=54520, ndraw=40, logz=-129.77, remainder_fraction=100.0000%, Lmin=-122.67, Lmax=-5.24
11:10:33 [ultranest] [DEBUG] iteration=716, ncalls=1769, regioncalls=54760, ndraw=40, logz=-129.01, remainder_fraction=100.0000%, Lmin=-122.10, Lmax=-5.24
11:10:33 [ultranest] [DEBUG] iteration=717, ncalls=1773, regioncalls=54920, ndraw=40, logz=-128.66, remainder_fraction=100.0000%, Lmin=-121.86, Lmax=-5.24
11:10:33 [ultranest] [DEBUG] iteration=719, ncalls=1779, regioncalls=55160, ndraw=40, logz=-127.97, remainder_fraction=100.0000%, Lmin=-121.33, Lmax=-5.24
11:10:33 [ultranest] [DEBUG] iteration=720, ncalls=1780, regioncalls=55200, ndraw=40, logz=-127.70, remainder_fraction=100.0000%, Lmin=-121.08, Lmax=-5.24
11:10:34 [ultranest] [DEBUG] iteration=721, ncalls=1785, regioncalls=55400, ndraw=40, logz=-127.43, remainder_fraction=100.0000%, Lmin=-120.56, Lmax=-5.24
11:10:34 [ultranest] [DEBUG] iteration=724, ncalls=1789, regioncalls=55560, ndraw=40, logz=-126.52, remainder_fraction=100.0000%, Lmin=-118.09, Lmax=-5.24
11:10:34 [ultranest] [DEBUG] iteration=728, ncalls=1794, regioncalls=55760, ndraw=40, logz=-123.84, remainder_fraction=100.0000%, Lmin=-116.30, Lmax=-5.24
11:10:34 [ultranest] [DEBUG] iteration=731, ncalls=1798, regioncalls=55920, ndraw=40, logz=-122.34, remainder_fraction=100.0000%, Lmin=-115.35, Lmax=-5.24
11:10:34 [ultranest] [DEBUG] iteration=734, ncalls=1803, regioncalls=56120, ndraw=40, logz=-121.14, remainder_fraction=100.0000%, Lmin=-113.59, Lmax=-5.24
11:10:34 [ultranest] [DEBUG] iteration=737, ncalls=1808, regioncalls=56320, ndraw=40, logz=-119.72, remainder_fraction=100.0000%, Lmin=-112.53, Lmax=-5.24
11:10:35 [ultranest] [DEBUG] iteration=738, ncalls=1814, regioncalls=56560, ndraw=40, logz=-119.29, remainder_fraction=100.0000%, Lmin=-112.02, Lmax=-5.24
11:10:35 [ultranest] [DEBUG] iteration=741, ncalls=1819, regioncalls=56760, ndraw=40, logz=-117.96, remainder_fraction=100.0000%, Lmin=-110.13, Lmax=-5.24
11:10:35 [ultranest] [DEBUG] iteration=744, ncalls=1824, regioncalls=56960, ndraw=40, logz=-115.73, remainder_fraction=100.0000%, Lmin=-108.19, Lmax=-5.24
11:10:35 [ultranest] [DEBUG] iteration=746, ncalls=1830, regioncalls=57200, ndraw=40, logz=-114.75, remainder_fraction=100.0000%, Lmin=-107.33, Lmax=-5.24
11:10:35 [ultranest] [DEBUG] iteration=749, ncalls=1837, regioncalls=57480, ndraw=40, logz=-113.24, remainder_fraction=100.0000%, Lmin=-105.83, Lmax=-5.24
11:10:36 [ultranest] [DEBUG] iteration=752, ncalls=1846, regioncalls=57840, ndraw=40, logz=-111.80, remainder_fraction=100.0000%, Lmin=-104.96, Lmax=-5.24
11:10:36 [ultranest] [DEBUG] iteration=755, ncalls=1851, regioncalls=58040, ndraw=40, logz=-110.86, remainder_fraction=100.0000%, Lmin=-104.24, Lmax=-5.24
11:10:36 [ultranest] [DEBUG] iteration=757, ncalls=1860, regioncalls=58400, ndraw=40, logz=-110.02, remainder_fraction=100.0000%, Lmin=-102.40, Lmax=-5.24
11:10:36 [ultranest] [DEBUG] iteration=760, ncalls=1869, regioncalls=58760, ndraw=40, logz=-108.32, remainder_fraction=100.0000%, Lmin=-101.41, Lmax=-5.24
11:10:37 [ultranest] [DEBUG] iteration=763, ncalls=1873, regioncalls=58920, ndraw=40, logz=-107.10, remainder_fraction=100.0000%, Lmin=-100.05, Lmax=-5.24
11:10:37 [ultranest] [DEBUG] iteration=764, ncalls=1877, regioncalls=59080, ndraw=40, logz=-106.75, remainder_fraction=100.0000%, Lmin=-99.99, Lmax=-5.24
11:10:37 [ultranest] [DEBUG] iteration=765, ncalls=1884, regioncalls=59360, ndraw=40, logz=-106.47, remainder_fraction=100.0000%, Lmin=-99.93, Lmax=-5.24
11:10:37 [ultranest] [DEBUG] iteration=766, ncalls=1888, regioncalls=59520, ndraw=40, logz=-106.24, remainder_fraction=100.0000%, Lmin=-99.63, Lmax=-5.24
11:10:37 [ultranest] [DEBUG] iteration=769, ncalls=1892, regioncalls=59680, ndraw=40, logz=-105.45, remainder_fraction=100.0000%, Lmin=-98.17, Lmax=-5.24
11:10:37 [ultranest] [DEBUG] iteration=771, ncalls=1896, regioncalls=59840, ndraw=40, logz=-104.64, remainder_fraction=100.0000%, Lmin=-97.64, Lmax=-5.24
11:10:37 [ultranest] [DEBUG] iteration=774, ncalls=1900, regioncalls=60000, ndraw=40, logz=-103.64, remainder_fraction=100.0000%, Lmin=-96.76, Lmax=-5.24
11:10:38 [ultranest] [DEBUG] iteration=777, ncalls=1906, regioncalls=60240, ndraw=40, logz=-102.86, remainder_fraction=100.0000%, Lmin=-95.87, Lmax=-5.24
11:10:38 [ultranest] [DEBUG] iteration=779, ncalls=1912, regioncalls=60480, ndraw=40, logz=-102.28, remainder_fraction=100.0000%, Lmin=-93.57, Lmax=-5.24
11:10:38 [ultranest] [DEBUG] iteration=781, ncalls=1916, regioncalls=60640, ndraw=40, logz=-100.50, remainder_fraction=100.0000%, Lmin=-93.20, Lmax=-5.24
11:10:38 [ultranest] [DEBUG] iteration=782, ncalls=1922, regioncalls=60880, ndraw=40, logz=-100.08, remainder_fraction=100.0000%, Lmin=-92.84, Lmax=-5.24
11:10:38 [ultranest] [DEBUG] iteration=783, ncalls=1928, regioncalls=61120, ndraw=40, logz=-99.68, remainder_fraction=100.0000%, Lmin=-92.56, Lmax=-5.24
11:10:38 [ultranest] [DEBUG] iteration=785, ncalls=1932, regioncalls=61280, ndraw=40, logz=-98.63, remainder_fraction=100.0000%, Lmin=-91.00, Lmax=-5.24
11:10:39 [ultranest] [DEBUG] iteration=788, ncalls=1936, regioncalls=61440, ndraw=40, logz=-96.87, remainder_fraction=100.0000%, Lmin=-88.93, Lmax=-5.24
11:10:39 [ultranest] [DEBUG] iteration=789, ncalls=1940, regioncalls=61600, ndraw=40, logz=-96.19, remainder_fraction=100.0000%, Lmin=-88.86, Lmax=-5.24
11:10:39 [ultranest] [DEBUG] iteration=790, ncalls=1945, regioncalls=61800, ndraw=40, logz=-95.77, remainder_fraction=100.0000%, Lmin=-88.00, Lmax=-5.24
11:10:39 [ultranest] [DEBUG] iteration=794, ncalls=1950, regioncalls=62000, ndraw=40, logz=-94.21, remainder_fraction=100.0000%, Lmin=-87.62, Lmax=-5.24
11:10:39 [ultranest] [DEBUG] iteration=796, ncalls=1954, regioncalls=62160, ndraw=40, logz=-93.80, remainder_fraction=100.0000%, Lmin=-87.41, Lmax=-5.24
11:10:39 [ultranest] [DEBUG] iteration=798, ncalls=1962, regioncalls=62480, ndraw=40, logz=-93.44, remainder_fraction=100.0000%, Lmin=-87.03, Lmax=-5.24
11:10:40 [ultranest] [DEBUG] iteration=800, ncalls=1967, regioncalls=62680, ndraw=40, logz=-93.04, remainder_fraction=100.0000%, Lmin=-86.37, Lmax=-5.24
11:10:40 [ultranest] [DEBUG] iteration=803, ncalls=1971, regioncalls=62840, ndraw=40, logz=-92.43, remainder_fraction=100.0000%, Lmin=-85.94, Lmax=-5.24
11:10:40 [ultranest] [DEBUG] iteration=804, ncalls=1980, regioncalls=63200, ndraw=40, logz=-92.23, remainder_fraction=100.0000%, Lmin=-85.78, Lmax=-5.24
11:10:40 [ultranest] [DEBUG] iteration=806, ncalls=1985, regioncalls=63400, ndraw=40, logz=-91.82, remainder_fraction=100.0000%, Lmin=-85.23, Lmax=-5.24
11:10:40 [ultranest] [DEBUG] iteration=808, ncalls=1989, regioncalls=63560, ndraw=40, logz=-91.02, remainder_fraction=100.0000%, Lmin=-83.53, Lmax=-5.24
11:10:40 [ultranest] [DEBUG] iteration=810, ncalls=1992, regioncalls=63680, ndraw=40, logz=-90.20, remainder_fraction=100.0000%, Lmin=-83.37, Lmax=-5.24
11:10:41 [ultranest] [DEBUG] iteration=811, ncalls=1995, regioncalls=63800, ndraw=40, logz=-89.93, remainder_fraction=100.0000%, Lmin=-83.10, Lmax=-5.24
11:10:41 [ultranest] [DEBUG] iteration=814, ncalls=1998, regioncalls=63920, ndraw=40, logz=-88.97, remainder_fraction=100.0000%, Lmin=-82.08, Lmax=-5.24
11:10:41 [ultranest] [DEBUG] iteration=815, ncalls=2002, regioncalls=64080, ndraw=40, logz=-88.69, remainder_fraction=100.0000%, Lmin=-82.02, Lmax=-5.24
11:10:41 [ultranest] [DEBUG] iteration=817, ncalls=2008, regioncalls=64320, ndraw=40, logz=-88.24, remainder_fraction=100.0000%, Lmin=-81.63, Lmax=-5.24
11:10:41 [ultranest] [DEBUG] iteration=819, ncalls=2012, regioncalls=64480, ndraw=40, logz=-87.84, remainder_fraction=100.0000%, Lmin=-81.57, Lmax=-5.24
11:10:41 [ultranest] [DEBUG] iteration=820, ncalls=2016, regioncalls=64640, ndraw=40, logz=-87.68, remainder_fraction=100.0000%, Lmin=-81.50, Lmax=-5.24
11:10:41 [ultranest] [DEBUG] iteration=822, ncalls=2020, regioncalls=64800, ndraw=40, logz=-87.41, remainder_fraction=100.0000%, Lmin=-81.22, Lmax=-5.24
11:10:42 [ultranest] [DEBUG] iteration=823, ncalls=2024, regioncalls=64960, ndraw=40, logz=-87.26, remainder_fraction=100.0000%, Lmin=-81.15, Lmax=-5.24
11:10:42 [ultranest] [DEBUG] iteration=824, ncalls=2028, regioncalls=65120, ndraw=40, logz=-87.13, remainder_fraction=100.0000%, Lmin=-81.14, Lmax=-5.24
11:10:42 [ultranest] [DEBUG] iteration=828, ncalls=2032, regioncalls=65280, ndraw=40, logz=-86.56, remainder_fraction=100.0000%, Lmin=-80.18, Lmax=-5.24
11:10:42 [ultranest] [DEBUG] iteration=831, ncalls=2036, regioncalls=65440, ndraw=40, logz=-86.07, remainder_fraction=100.0000%, Lmin=-79.48, Lmax=-5.24
11:10:42 [ultranest] [DEBUG] iteration=833, ncalls=2040, regioncalls=65600, ndraw=40, logz=-85.59, remainder_fraction=100.0000%, Lmin=-78.81, Lmax=-5.24
11:10:42 [ultranest] [DEBUG] iteration=836, ncalls=2047, regioncalls=65880, ndraw=40, logz=-84.96, remainder_fraction=100.0000%, Lmin=-78.48, Lmax=-5.24
11:10:43 [ultranest] [DEBUG] iteration=837, ncalls=2057, regioncalls=66280, ndraw=40, logz=-84.78, remainder_fraction=100.0000%, Lmin=-78.38, Lmax=-5.24
11:10:43 [ultranest] [DEBUG] iteration=839, ncalls=2062, regioncalls=66480, ndraw=40, logz=-84.44, remainder_fraction=100.0000%, Lmin=-77.68, Lmax=-5.24
11:10:43 [ultranest] [DEBUG] iteration=840, ncalls=2066, regioncalls=66640, ndraw=40, logz=-84.21, remainder_fraction=100.0000%, Lmin=-77.24, Lmax=-5.24
11:10:43 [ultranest] [DEBUG] iteration=841, ncalls=2073, regioncalls=66920, ndraw=40, logz=-83.93, remainder_fraction=100.0000%, Lmin=-77.23, Lmax=-5.24
11:10:43 [ultranest] [DEBUG] iteration=843, ncalls=2076, regioncalls=67040, ndraw=40, logz=-83.48, remainder_fraction=100.0000%, Lmin=-76.48, Lmax=-5.24
11:10:43 [ultranest] [DEBUG] iteration=845, ncalls=2082, regioncalls=67280, ndraw=40, logz=-82.86, remainder_fraction=100.0000%, Lmin=-75.90, Lmax=-5.24
11:10:44 [ultranest] [DEBUG] iteration=847, ncalls=2086, regioncalls=67440, ndraw=40, logz=-82.36, remainder_fraction=100.0000%, Lmin=-75.80, Lmax=-5.24
11:10:44 [ultranest] [DEBUG] iteration=850, ncalls=2093, regioncalls=67720, ndraw=40, logz=-81.72, remainder_fraction=100.0000%, Lmin=-75.06, Lmax=-5.24
11:10:44 [ultranest] [DEBUG] iteration=852, ncalls=2096, regioncalls=67840, ndraw=40, logz=-81.33, remainder_fraction=100.0000%, Lmin=-74.98, Lmax=-5.24
11:10:44 [ultranest] [DEBUG] iteration=855, ncalls=2100, regioncalls=68000, ndraw=40, logz=-80.82, remainder_fraction=100.0000%, Lmin=-74.35, Lmax=-5.24
11:10:44 [ultranest] [DEBUG] iteration=858, ncalls=2105, regioncalls=68200, ndraw=40, logz=-80.28, remainder_fraction=100.0000%, Lmin=-73.97, Lmax=-5.24
11:10:44 [ultranest] [DEBUG] iteration=860, ncalls=2111, regioncalls=68440, ndraw=40, logz=-79.98, remainder_fraction=100.0000%, Lmin=-73.53, Lmax=-5.24
11:10:45 [ultranest] [DEBUG] iteration=863, ncalls=2120, regioncalls=68800, ndraw=40, logz=-79.51, remainder_fraction=100.0000%, Lmin=-73.27, Lmax=-5.24
11:10:45 [ultranest] [DEBUG] iteration=865, ncalls=2124, regioncalls=68960, ndraw=40, logz=-79.24, remainder_fraction=100.0000%, Lmin=-72.95, Lmax=-5.24
11:10:45 [ultranest] [DEBUG] iteration=866, ncalls=2130, regioncalls=69200, ndraw=40, logz=-79.09, remainder_fraction=100.0000%, Lmin=-72.73, Lmax=-5.24
11:10:45 [ultranest] [DEBUG] iteration=868, ncalls=2134, regioncalls=69360, ndraw=40, logz=-78.77, remainder_fraction=100.0000%, Lmin=-72.29, Lmax=-5.24
11:10:45 [ultranest] [DEBUG] iteration=870, ncalls=2138, regioncalls=69520, ndraw=40, logz=-78.35, remainder_fraction=100.0000%, Lmin=-71.36, Lmax=-5.24
11:10:46 [ultranest] [DEBUG] iteration=873, ncalls=2145, regioncalls=69800, ndraw=40, logz=-77.65, remainder_fraction=100.0000%, Lmin=-70.53, Lmax=-5.24
11:10:46 [ultranest] [DEBUG] iteration=875, ncalls=2148, regioncalls=69920, ndraw=40, logz=-77.11, remainder_fraction=100.0000%, Lmin=-70.11, Lmax=-5.24
11:10:46 [ultranest] [DEBUG] iteration=877, ncalls=2153, regioncalls=70120, ndraw=40, logz=-76.61, remainder_fraction=100.0000%, Lmin=-69.97, Lmax=-5.24
11:10:46 [ultranest] [DEBUG] iteration=879, ncalls=2158, regioncalls=70320, ndraw=40, logz=-76.25, remainder_fraction=100.0000%, Lmin=-69.87, Lmax=-5.24
11:10:46 [ultranest] [DEBUG] iteration=880, ncalls=2161, regioncalls=70440, ndraw=40, logz=-76.10, remainder_fraction=100.0000%, Lmin=-69.54, Lmax=-5.24
11:10:46 [ultranest] [DEBUG] iteration=883, ncalls=2168, regioncalls=70720, ndraw=40, logz=-75.59, remainder_fraction=100.0000%, Lmin=-68.83, Lmax=-5.24
11:10:46 [ultranest] [DEBUG] iteration=884, ncalls=2172, regioncalls=70880, ndraw=40, logz=-75.37, remainder_fraction=100.0000%, Lmin=-68.75, Lmax=-5.24
11:10:47 [ultranest] [DEBUG] iteration=886, ncalls=2176, regioncalls=71040, ndraw=40, logz=-75.00, remainder_fraction=100.0000%, Lmin=-67.90, Lmax=-5.24
11:10:47 [ultranest] [DEBUG] iteration=887, ncalls=2180, regioncalls=71200, ndraw=40, logz=-74.72, remainder_fraction=100.0000%, Lmin=-67.69, Lmax=-5.24
11:10:47 [ultranest] [DEBUG] iteration=888, ncalls=2185, regioncalls=71400, ndraw=40, logz=-74.45, remainder_fraction=100.0000%, Lmin=-67.31, Lmax=-5.24
11:10:47 [ultranest] [DEBUG] iteration=890, ncalls=2189, regioncalls=71560, ndraw=40, logz=-73.91, remainder_fraction=100.0000%, Lmin=-66.02, Lmax=-5.24
11:10:47 [ultranest] [DEBUG] iteration=892, ncalls=2201, regioncalls=72040, ndraw=40, logz=-72.88, remainder_fraction=100.0000%, Lmin=-65.40, Lmax=-5.24
11:10:48 [ultranest] [DEBUG] iteration=893, ncalls=2209, regioncalls=72360, ndraw=40, logz=-72.49, remainder_fraction=100.0000%, Lmin=-65.35, Lmax=-5.24
11:10:48 [ultranest] [DEBUG] iteration=896, ncalls=2217, regioncalls=72680, ndraw=40, logz=-71.73, remainder_fraction=100.0000%, Lmin=-64.89, Lmax=-5.24
11:10:48 [ultranest] [DEBUG] iteration=900, ncalls=2222, regioncalls=72880, ndraw=40, logz=-70.73, remainder_fraction=100.0000%, Lmin=-63.70, Lmax=-5.24
11:10:48 [ultranest] [DEBUG] iteration=901, ncalls=2228, regioncalls=73120, ndraw=40, logz=-70.47, remainder_fraction=100.0000%, Lmin=-63.50, Lmax=-5.24
11:10:48 [ultranest] [DEBUG] iteration=904, ncalls=2231, regioncalls=73240, ndraw=40, logz=-69.66, remainder_fraction=100.0000%, Lmin=-62.72, Lmax=-5.24
11:10:49 [ultranest] [DEBUG] iteration=906, ncalls=2240, regioncalls=73600, ndraw=40, logz=-69.11, remainder_fraction=100.0000%, Lmin=-62.17, Lmax=-5.24
11:10:49 [ultranest] [DEBUG] iteration=908, ncalls=2244, regioncalls=73760, ndraw=40, logz=-68.66, remainder_fraction=100.0000%, Lmin=-62.05, Lmax=-5.24
11:10:49 [ultranest] [DEBUG] iteration=910, ncalls=2248, regioncalls=73920, ndraw=40, logz=-68.34, remainder_fraction=100.0000%, Lmin=-61.89, Lmax=-5.24
11:10:49 [ultranest] [DEBUG] iteration=913, ncalls=2255, regioncalls=74200, ndraw=40, logz=-67.89, remainder_fraction=100.0000%, Lmin=-61.45, Lmax=-5.24
11:10:49 [ultranest] [DEBUG] iteration=914, ncalls=2260, regioncalls=74400, ndraw=40, logz=-67.74, remainder_fraction=100.0000%, Lmin=-61.15, Lmax=-5.24
11:10:50 [ultranest] [DEBUG] iteration=917, ncalls=2266, regioncalls=74640, ndraw=40, logz=-67.22, remainder_fraction=100.0000%, Lmin=-60.78, Lmax=-5.24
11:10:50 [ultranest] [DEBUG] iteration=919, ncalls=2275, regioncalls=75000, ndraw=40, logz=-66.95, remainder_fraction=100.0000%, Lmin=-60.50, Lmax=-5.24
11:10:50 [ultranest] [DEBUG] iteration=920, ncalls=2276, regioncalls=75040, ndraw=40, logz=-66.80, remainder_fraction=100.0000%, Lmin=-60.41, Lmax=-5.24
11:10:50 [ultranest] [DEBUG] iteration=922, ncalls=2280, regioncalls=75200, ndraw=40, logz=-66.53, remainder_fraction=100.0000%, Lmin=-60.29, Lmax=-5.24
11:10:50 [ultranest] [DEBUG] iteration=925, ncalls=2284, regioncalls=75360, ndraw=40, logz=-66.14, remainder_fraction=100.0000%, Lmin=-59.96, Lmax=-5.24
11:10:50 [ultranest] [DEBUG] iteration=928, ncalls=2288, regioncalls=75520, ndraw=40, logz=-65.83, remainder_fraction=100.0000%, Lmin=-59.87, Lmax=-5.24
11:10:50 [ultranest] [DEBUG] iteration=931, ncalls=2293, regioncalls=75720, ndraw=40, logz=-65.53, remainder_fraction=100.0000%, Lmin=-59.21, Lmax=-5.24
11:10:51 [ultranest] [DEBUG] iteration=933, ncalls=2298, regioncalls=75920, ndraw=40, logz=-65.29, remainder_fraction=100.0000%, Lmin=-58.70, Lmax=-5.24
11:10:51 [ultranest] [DEBUG] iteration=935, ncalls=2305, regioncalls=76200, ndraw=40, logz=-64.98, remainder_fraction=100.0000%, Lmin=-58.36, Lmax=-5.24
11:10:51 [ultranest] [DEBUG] iteration=937, ncalls=2312, regioncalls=76480, ndraw=40, logz=-64.61, remainder_fraction=100.0000%, Lmin=-57.93, Lmax=-5.24
11:10:51 [ultranest] [DEBUG] iteration=939, ncalls=2316, regioncalls=76640, ndraw=40, logz=-64.24, remainder_fraction=100.0000%, Lmin=-57.56, Lmax=-5.24
11:10:51 [ultranest] [DEBUG] iteration=941, ncalls=2321, regioncalls=76840, ndraw=40, logz=-63.91, remainder_fraction=100.0000%, Lmin=-57.49, Lmax=-5.24
11:10:52 [ultranest] [DEBUG] iteration=945, ncalls=2326, regioncalls=77040, ndraw=40, logz=-63.39, remainder_fraction=100.0000%, Lmin=-56.91, Lmax=-5.24
11:10:52 [ultranest] [DEBUG] iteration=947, ncalls=2329, regioncalls=77160, ndraw=40, logz=-63.11, remainder_fraction=100.0000%, Lmin=-56.65, Lmax=-5.24
11:10:52 [ultranest] [DEBUG] iteration=950, ncalls=2336, regioncalls=77440, ndraw=40, logz=-62.69, remainder_fraction=100.0000%, Lmin=-56.21, Lmax=-5.24
11:10:52 [ultranest] [DEBUG] iteration=952, ncalls=2340, regioncalls=77600, ndraw=40, logz=-62.42, remainder_fraction=100.0000%, Lmin=-56.16, Lmax=-5.24
11:10:52 [ultranest] [DEBUG] iteration=954, ncalls=2349, regioncalls=77960, ndraw=40, logz=-62.18, remainder_fraction=100.0000%, Lmin=-55.91, Lmax=-5.24
11:10:52 [ultranest] [DEBUG] iteration=956, ncalls=2355, regioncalls=78200, ndraw=40, logz=-61.95, remainder_fraction=100.0000%, Lmin=-55.56, Lmax=-5.24
11:10:53 [ultranest] [DEBUG] iteration=958, ncalls=2358, regioncalls=78320, ndraw=40, logz=-61.70, remainder_fraction=100.0000%, Lmin=-55.06, Lmax=-5.24
11:10:53 [ultranest] [DEBUG] iteration=960, ncalls=2362, regioncalls=78480, ndraw=40, logz=-61.39, remainder_fraction=100.0000%, Lmin=-54.73, Lmax=-5.24
11:10:53 [ultranest] [DEBUG] iteration=961, ncalls=2366, regioncalls=78640, ndraw=40, logz=-61.23, remainder_fraction=100.0000%, Lmin=-54.70, Lmax=-5.24
11:10:53 [ultranest] [DEBUG] iteration=964, ncalls=2370, regioncalls=78800, ndraw=40, logz=-60.78, remainder_fraction=100.0000%, Lmin=-54.19, Lmax=-5.24
11:10:53 [ultranest] [DEBUG] iteration=966, ncalls=2374, regioncalls=78960, ndraw=40, logz=-60.50, remainder_fraction=100.0000%, Lmin=-54.08, Lmax=-5.24
11:10:53 [ultranest] [DEBUG] iteration=968, ncalls=2379, regioncalls=79160, ndraw=40, logz=-60.25, remainder_fraction=100.0000%, Lmin=-54.00, Lmax=-5.24
11:10:53 [ultranest] [DEBUG] iteration=970, ncalls=2383, regioncalls=79320, ndraw=40, logz=-60.04, remainder_fraction=100.0000%, Lmin=-53.91, Lmax=-5.24
11:10:54 [ultranest] [DEBUG] iteration=972, ncalls=2387, regioncalls=79480, ndraw=40, logz=-59.85, remainder_fraction=100.0000%, Lmin=-53.57, Lmax=-5.24
11:10:54 [ultranest] [DEBUG] iteration=974, ncalls=2391, regioncalls=79640, ndraw=40, logz=-59.62, remainder_fraction=100.0000%, Lmin=-53.35, Lmax=-5.24
11:10:54 [ultranest] [DEBUG] iteration=976, ncalls=2400, regioncalls=80000, ndraw=40, logz=-59.41, remainder_fraction=100.0000%, Lmin=-53.28, Lmax=-5.24
11:10:54 [ultranest] [DEBUG] iteration=978, ncalls=2404, regioncalls=80160, ndraw=40, logz=-59.23, remainder_fraction=100.0000%, Lmin=-53.25, Lmax=-5.24
11:10:54 [ultranest] [DEBUG] iteration=980, ncalls=2409, regioncalls=80360, ndraw=40, logz=-59.07, remainder_fraction=100.0000%, Lmin=-53.17, Lmax=-5.24
11:10:54 [ultranest] [DEBUG] iteration=981, ncalls=2415, regioncalls=80600, ndraw=40, logz=-58.99, remainder_fraction=100.0000%, Lmin=-53.04, Lmax=-5.24
11:10:55 [ultranest] [DEBUG] iteration=982, ncalls=2420, regioncalls=80800, ndraw=40, logz=-58.91, remainder_fraction=100.0000%, Lmin=-52.80, Lmax=-5.24
11:10:55 [ultranest] [DEBUG] iteration=984, ncalls=2427, regioncalls=81080, ndraw=40, logz=-58.73, remainder_fraction=100.0000%, Lmin=-52.64, Lmax=-5.24
11:10:55 [ultranest] [DEBUG] iteration=986, ncalls=2430, regioncalls=81200, ndraw=40, logz=-58.55, remainder_fraction=100.0000%, Lmin=-52.39, Lmax=-5.24
11:10:55 [ultranest] [DEBUG] iteration=987, ncalls=2434, regioncalls=81360, ndraw=40, logz=-58.46, remainder_fraction=100.0000%, Lmin=-52.09, Lmax=-5.24
11:10:55 [ultranest] [DEBUG] iteration=988, ncalls=2440, regioncalls=81600, ndraw=40, logz=-58.34, remainder_fraction=100.0000%, Lmin=-51.78, Lmax=-5.24
11:10:55 [ultranest] [DEBUG] iteration=990, ncalls=2445, regioncalls=81800, ndraw=40, logz=-58.06, remainder_fraction=100.0000%, Lmin=-51.53, Lmax=-5.24
11:10:56 [ultranest] [DEBUG] iteration=992, ncalls=2449, regioncalls=81960, ndraw=40, logz=-57.80, remainder_fraction=100.0000%, Lmin=-51.46, Lmax=-5.24
11:10:56 [ultranest] [DEBUG] iteration=995, ncalls=2459, regioncalls=82360, ndraw=40, logz=-57.42, remainder_fraction=100.0000%, Lmin=-50.89, Lmax=-5.24
11:10:56 [ultranest] [DEBUG] iteration=997, ncalls=2463, regioncalls=82520, ndraw=40, logz=-57.15, remainder_fraction=100.0000%, Lmin=-50.43, Lmax=-5.24
11:10:56 [ultranest] [DEBUG] iteration=999, ncalls=2469, regioncalls=82760, ndraw=40, logz=-56.84, remainder_fraction=100.0000%, Lmin=-50.30, Lmax=-5.24
11:10:56 [ultranest] [DEBUG] iteration=1000, ncalls=2473, regioncalls=82920, ndraw=40, logz=-56.71, remainder_fraction=100.0000%, Lmin=-49.77, Lmax=-5.24
11:10:57 [ultranest] [DEBUG] iteration=1002, ncalls=2476, regioncalls=83040, ndraw=40, logz=-56.32, remainder_fraction=100.0000%, Lmin=-49.54, Lmax=-5.24
11:10:57 [ultranest] [DEBUG] iteration=1005, ncalls=2480, regioncalls=83200, ndraw=40, logz=-55.66, remainder_fraction=100.0000%, Lmin=-48.54, Lmax=-5.24
11:10:57 [ultranest] [DEBUG] iteration=1007, ncalls=2485, regioncalls=83400, ndraw=40, logz=-55.23, remainder_fraction=100.0000%, Lmin=-48.32, Lmax=-5.24
11:10:57 [ultranest] [DEBUG] iteration=1009, ncalls=2491, regioncalls=83640, ndraw=40, logz=-54.89, remainder_fraction=100.0000%, Lmin=-48.22, Lmax=-5.24
11:10:57 [ultranest] [DEBUG] iteration=1011, ncalls=2494, regioncalls=83760, ndraw=40, logz=-54.60, remainder_fraction=100.0000%, Lmin=-48.07, Lmax=-5.24
11:10:57 [ultranest] [DEBUG] iteration=1012, ncalls=2500, regioncalls=84000, ndraw=40, logz=-54.47, remainder_fraction=100.0000%, Lmin=-47.80, Lmax=-5.24
11:10:57 [ultranest] [DEBUG] iteration=1014, ncalls=2503, regioncalls=84120, ndraw=40, logz=-54.19, remainder_fraction=100.0000%, Lmin=-47.68, Lmax=-5.24
11:10:58 [ultranest] [DEBUG] iteration=1016, ncalls=2514, regioncalls=84560, ndraw=40, logz=-53.95, remainder_fraction=100.0000%, Lmin=-47.28, Lmax=-5.24
11:10:58 [ultranest] [DEBUG] iteration=1019, ncalls=2518, regioncalls=84720, ndraw=40, logz=-53.48, remainder_fraction=100.0000%, Lmin=-46.63, Lmax=-5.24
11:10:58 [ultranest] [DEBUG] iteration=1020, ncalls=2523, regioncalls=84920, ndraw=40, logz=-53.31, remainder_fraction=100.0000%, Lmin=-46.23, Lmax=-5.24
11:10:58 [ultranest] [DEBUG] iteration=1022, ncalls=2531, regioncalls=85240, ndraw=40, logz=-52.92, remainder_fraction=100.0000%, Lmin=-46.13, Lmax=-5.24
11:10:58 [ultranest] [DEBUG] iteration=1024, ncalls=2534, regioncalls=85360, ndraw=40, logz=-52.62, remainder_fraction=100.0000%, Lmin=-45.93, Lmax=-5.24
11:10:59 [ultranest] [DEBUG] iteration=1026, ncalls=2541, regioncalls=85640, ndraw=40, logz=-52.34, remainder_fraction=100.0000%, Lmin=-45.64, Lmax=-5.24
11:10:59 [ultranest] [DEBUG] iteration=1029, ncalls=2549, regioncalls=85960, ndraw=40, logz=-51.94, remainder_fraction=100.0000%, Lmin=-45.37, Lmax=-5.24
11:10:59 [ultranest] [DEBUG] iteration=1031, ncalls=2553, regioncalls=86120, ndraw=40, logz=-51.68, remainder_fraction=100.0000%, Lmin=-45.02, Lmax=-5.24
11:10:59 [ultranest] [DEBUG] iteration=1033, ncalls=2557, regioncalls=86280, ndraw=40, logz=-51.41, remainder_fraction=100.0000%, Lmin=-44.86, Lmax=-5.24
11:11:00 [ultranest] [DEBUG] iteration=1034, ncalls=2577, regioncalls=87080, ndraw=40, logz=-51.29, remainder_fraction=100.0000%, Lmin=-44.81, Lmax=-5.24
11:11:00 [ultranest] [DEBUG] iteration=1035, ncalls=2583, regioncalls=87320, ndraw=40, logz=-51.17, remainder_fraction=100.0000%, Lmin=-44.80, Lmax=-5.24
11:11:00 [ultranest] [DEBUG] iteration=1036, ncalls=2592, regioncalls=87680, ndraw=40, logz=-51.07, remainder_fraction=100.0000%, Lmin=-44.78, Lmax=-5.24
11:11:01 [ultranest] [DEBUG] iteration=1038, ncalls=2599, regioncalls=87960, ndraw=40, logz=-50.88, remainder_fraction=100.0000%, Lmin=-44.67, Lmax=-5.24
11:11:01 [ultranest] [DEBUG] iteration=1040, ncalls=2605, regioncalls=88200, ndraw=40, logz=-50.71, remainder_fraction=100.0000%, Lmin=-44.51, Lmax=-5.24
11:11:01 [ultranest] [DEBUG] iteration=1043, ncalls=2609, regioncalls=88360, ndraw=40, logz=-50.46, remainder_fraction=100.0000%, Lmin=-44.34, Lmax=-5.24
11:11:01 [ultranest] [DEBUG] iteration=1044, ncalls=2613, regioncalls=88520, ndraw=40, logz=-50.38, remainder_fraction=100.0000%, Lmin=-44.27, Lmax=-5.24
11:11:01 [ultranest] [DEBUG] iteration=1045, ncalls=2622, regioncalls=88880, ndraw=40, logz=-50.30, remainder_fraction=100.0000%, Lmin=-44.24, Lmax=-5.24
11:11:02 [ultranest] [DEBUG] iteration=1047, ncalls=2632, regioncalls=89280, ndraw=40, logz=-50.15, remainder_fraction=100.0000%, Lmin=-44.13, Lmax=-5.24
11:11:02 [ultranest] [DEBUG] iteration=1049, ncalls=2636, regioncalls=89440, ndraw=40, logz=-50.00, remainder_fraction=100.0000%, Lmin=-44.02, Lmax=-5.24
11:11:02 [ultranest] [DEBUG] iteration=1052, ncalls=2640, regioncalls=89600, ndraw=40, logz=-49.80, remainder_fraction=100.0000%, Lmin=-43.87, Lmax=-5.24
11:11:02 [ultranest] [DEBUG] iteration=1054, ncalls=2645, regioncalls=89800, ndraw=40, logz=-49.67, remainder_fraction=100.0000%, Lmin=-43.68, Lmax=-5.24
11:11:02 [ultranest] [DEBUG] iteration=1055, ncalls=2651, regioncalls=90040, ndraw=40, logz=-49.60, remainder_fraction=100.0000%, Lmin=-43.59, Lmax=-5.24
11:11:02 [ultranest] [DEBUG] iteration=1056, ncalls=2655, regioncalls=90200, ndraw=40, logz=-49.53, remainder_fraction=100.0000%, Lmin=-43.36, Lmax=-5.24
11:11:03 [ultranest] [DEBUG] iteration=1057, ncalls=2659, regioncalls=90360, ndraw=40, logz=-49.45, remainder_fraction=100.0000%, Lmin=-42.86, Lmax=-5.24
11:11:03 [ultranest] [DEBUG] iteration=1059, ncalls=2663, regioncalls=90520, ndraw=40, logz=-49.22, remainder_fraction=100.0000%, Lmin=-42.74, Lmax=-5.24
11:11:03 [ultranest] [DEBUG] iteration=1062, ncalls=2668, regioncalls=90720, ndraw=40, logz=-48.90, remainder_fraction=100.0000%, Lmin=-42.57, Lmax=-5.24
11:11:03 [ultranest] [DEBUG] iteration=1063, ncalls=2674, regioncalls=90960, ndraw=40, logz=-48.81, remainder_fraction=100.0000%, Lmin=-42.57, Lmax=-5.24
11:11:03 [ultranest] [DEBUG] iteration=1066, ncalls=2678, regioncalls=91120, ndraw=40, logz=-48.56, remainder_fraction=100.0000%, Lmin=-42.46, Lmax=-5.24
11:11:03 [ultranest] [DEBUG] iteration=1068, ncalls=2683, regioncalls=91320, ndraw=40, logz=-48.41, remainder_fraction=100.0000%, Lmin=-42.39, Lmax=-5.24
11:11:04 [ultranest] [DEBUG] iteration=1070, ncalls=2688, regioncalls=91520, ndraw=40, logz=-48.27, remainder_fraction=100.0000%, Lmin=-42.21, Lmax=-5.24
11:11:04 [ultranest] [DEBUG] iteration=1072, ncalls=2692, regioncalls=91680, ndraw=40, logz=-48.14, remainder_fraction=100.0000%, Lmin=-42.15, Lmax=-5.24
11:11:04 [ultranest] [DEBUG] iteration=1075, ncalls=2696, regioncalls=91840, ndraw=40, logz=-47.94, remainder_fraction=100.0000%, Lmin=-42.00, Lmax=-5.24
11:11:04 [ultranest] [DEBUG] iteration=1078, ncalls=2700, regioncalls=92000, ndraw=40, logz=-47.76, remainder_fraction=100.0000%, Lmin=-41.94, Lmax=-5.24
11:11:04 [ultranest] [DEBUG] iteration=1080, ncalls=2705, regioncalls=92200, ndraw=40, logz=-47.64, remainder_fraction=100.0000%, Lmin=-41.67, Lmax=-5.24
11:11:04 [ultranest] [DEBUG] iteration=1082, ncalls=2708, regioncalls=92320, ndraw=40, logz=-47.51, remainder_fraction=100.0000%, Lmin=-41.53, Lmax=-5.24
11:11:05 [ultranest] [DEBUG] iteration=1083, ncalls=2721, regioncalls=92840, ndraw=40, logz=-47.45, remainder_fraction=100.0000%, Lmin=-41.24, Lmax=-5.24
11:11:05 [ultranest] [DEBUG] iteration=1084, ncalls=2727, regioncalls=93080, ndraw=40, logz=-47.37, remainder_fraction=100.0000%, Lmin=-41.23, Lmax=-5.24
11:11:05 [ultranest] [DEBUG] iteration=1086, ncalls=2734, regioncalls=93360, ndraw=40, logz=-47.22, remainder_fraction=100.0000%, Lmin=-41.16, Lmax=-5.24
11:11:05 [ultranest] [DEBUG] iteration=1087, ncalls=2743, regioncalls=93720, ndraw=40, logz=-47.15, remainder_fraction=100.0000%, Lmin=-40.98, Lmax=-5.24
11:11:06 [ultranest] [DEBUG] iteration=1090, ncalls=2750, regioncalls=94000, ndraw=40, logz=-46.94, remainder_fraction=100.0000%, Lmin=-40.91, Lmax=-5.24
11:11:06 [ultranest] [DEBUG] iteration=1091, ncalls=2756, regioncalls=94240, ndraw=40, logz=-46.87, remainder_fraction=100.0000%, Lmin=-40.82, Lmax=-5.24
11:11:06 [ultranest] [DEBUG] iteration=1094, ncalls=2767, regioncalls=94680, ndraw=40, logz=-46.68, remainder_fraction=100.0000%, Lmin=-40.70, Lmax=-5.24
11:11:06 [ultranest] [DEBUG] iteration=1097, ncalls=2771, regioncalls=94840, ndraw=40, logz=-46.47, remainder_fraction=100.0000%, Lmin=-40.13, Lmax=-5.24
11:11:06 [ultranest] [DEBUG] iteration=1100, ncalls=2775, regioncalls=95000, ndraw=40, logz=-46.21, remainder_fraction=100.0000%, Lmin=-40.02, Lmax=-5.24
11:11:07 [ultranest] [DEBUG] iteration=1103, ncalls=2782, regioncalls=95280, ndraw=40, logz=-46.00, remainder_fraction=100.0000%, Lmin=-39.88, Lmax=-5.24
11:11:07 [ultranest] [DEBUG] iteration=1105, ncalls=2785, regioncalls=95400, ndraw=40, logz=-45.86, remainder_fraction=100.0000%, Lmin=-39.80, Lmax=-5.24
11:11:07 [ultranest] [DEBUG] iteration=1106, ncalls=2788, regioncalls=95520, ndraw=40, logz=-45.80, remainder_fraction=100.0000%, Lmin=-39.60, Lmax=-5.24
11:11:07 [ultranest] [DEBUG] iteration=1107, ncalls=2792, regioncalls=95680, ndraw=40, logz=-45.72, remainder_fraction=100.0000%, Lmin=-39.57, Lmax=-5.24
11:11:07 [ultranest] [DEBUG] iteration=1110, ncalls=2797, regioncalls=95880, ndraw=40, logz=-45.51, remainder_fraction=100.0000%, Lmin=-39.45, Lmax=-5.24
11:11:08 [ultranest] [DEBUG] iteration=1112, ncalls=2809, regioncalls=96360, ndraw=40, logz=-45.38, remainder_fraction=100.0000%, Lmin=-39.24, Lmax=-5.24
11:11:08 [ultranest] [DEBUG] iteration=1115, ncalls=2822, regioncalls=96880, ndraw=40, logz=-45.12, remainder_fraction=100.0000%, Lmin=-38.73, Lmax=-5.24
11:11:08 [ultranest] [DEBUG] iteration=1117, ncalls=2825, regioncalls=97000, ndraw=40, logz=-44.94, remainder_fraction=100.0000%, Lmin=-38.62, Lmax=-5.24
11:11:08 [ultranest] [DEBUG] iteration=1118, ncalls=2829, regioncalls=97160, ndraw=40, logz=-44.86, remainder_fraction=100.0000%, Lmin=-38.35, Lmax=-5.24
11:11:08 [ultranest] [DEBUG] iteration=1120, ncalls=2832, regioncalls=97280, ndraw=40, logz=-44.67, remainder_fraction=100.0000%, Lmin=-37.94, Lmax=-5.24
11:11:09 [ultranest] [DEBUG] iteration=1122, ncalls=2836, regioncalls=97440, ndraw=40, logz=-44.44, remainder_fraction=100.0000%, Lmin=-37.89, Lmax=-5.24
11:11:09 [ultranest] [DEBUG] iteration=1124, ncalls=2841, regioncalls=97640, ndraw=40, logz=-44.25, remainder_fraction=100.0000%, Lmin=-37.81, Lmax=-5.24
11:11:09 [ultranest] [DEBUG] iteration=1127, ncalls=2847, regioncalls=97880, ndraw=40, logz=-43.82, remainder_fraction=100.0000%, Lmin=-36.87, Lmax=-5.24
11:11:09 [ultranest] [DEBUG] iteration=1129, ncalls=2854, regioncalls=98160, ndraw=40, logz=-43.55, remainder_fraction=100.0000%, Lmin=-36.73, Lmax=-5.24
11:11:09 [ultranest] [DEBUG] iteration=1131, ncalls=2857, regioncalls=98280, ndraw=40, logz=-43.30, remainder_fraction=100.0000%, Lmin=-36.64, Lmax=-5.24
11:11:09 [ultranest] [DEBUG] iteration=1133, ncalls=2860, regioncalls=98400, ndraw=40, logz=-43.09, remainder_fraction=100.0000%, Lmin=-36.62, Lmax=-5.24
11:11:10 [ultranest] [DEBUG] iteration=1134, ncalls=2866, regioncalls=98640, ndraw=40, logz=-43.00, remainder_fraction=100.0000%, Lmin=-36.46, Lmax=-5.24
11:11:10 [ultranest] [DEBUG] iteration=1136, ncalls=2869, regioncalls=98760, ndraw=40, logz=-42.82, remainder_fraction=100.0000%, Lmin=-36.37, Lmax=-5.24
11:11:10 [ultranest] [DEBUG] iteration=1138, ncalls=2875, regioncalls=99000, ndraw=40, logz=-42.64, remainder_fraction=100.0000%, Lmin=-36.24, Lmax=-5.24
11:11:10 [ultranest] [DEBUG] iteration=1139, ncalls=2879, regioncalls=99160, ndraw=40, logz=-42.56, remainder_fraction=100.0000%, Lmin=-36.23, Lmax=-5.24
11:11:10 [ultranest] [DEBUG] iteration=1141, ncalls=2889, regioncalls=99560, ndraw=40, logz=-42.40, remainder_fraction=100.0000%, Lmin=-36.13, Lmax=-5.24
11:11:11 [ultranest] [DEBUG] iteration=1143, ncalls=2898, regioncalls=99920, ndraw=40, logz=-42.25, remainder_fraction=100.0000%, Lmin=-35.88, Lmax=-5.24
11:11:11 [ultranest] [DEBUG] iteration=1145, ncalls=2912, regioncalls=100480, ndraw=40, logz=-42.10, remainder_fraction=100.0000%, Lmin=-35.82, Lmax=-5.24
11:11:11 [ultranest] [DEBUG] iteration=1147, ncalls=2923, regioncalls=100920, ndraw=40, logz=-41.95, remainder_fraction=100.0000%, Lmin=-35.54, Lmax=-5.24
11:11:12 [ultranest] [DEBUG] iteration=1148, ncalls=2927, regioncalls=101080, ndraw=40, logz=-41.87, remainder_fraction=100.0000%, Lmin=-35.37, Lmax=-5.24
11:11:12 [ultranest] [DEBUG] iteration=1150, ncalls=2933, regioncalls=101320, ndraw=40, logz=-41.68, remainder_fraction=100.0000%, Lmin=-35.10, Lmax=-5.24
11:11:12 [ultranest] [DEBUG] iteration=1151, ncalls=2941, regioncalls=101640, ndraw=40, logz=-41.58, remainder_fraction=100.0000%, Lmin=-35.07, Lmax=-5.24
11:11:12 [ultranest] [DEBUG] iteration=1152, ncalls=2950, regioncalls=102000, ndraw=40, logz=-41.49, remainder_fraction=100.0000%, Lmin=-35.04, Lmax=-5.24
11:11:13 [ultranest] [DEBUG] iteration=1153, ncalls=2956, regioncalls=102240, ndraw=40, logz=-41.41, remainder_fraction=100.0000%, Lmin=-34.95, Lmax=-5.24
11:11:13 [ultranest] [DEBUG] iteration=1154, ncalls=2960, regioncalls=102400, ndraw=40, logz=-41.32, remainder_fraction=100.0000%, Lmin=-34.77, Lmax=-5.24
11:11:13 [ultranest] [DEBUG] iteration=1156, ncalls=2968, regioncalls=102720, ndraw=40, logz=-41.14, remainder_fraction=100.0000%, Lmin=-34.63, Lmax=-5.24
11:11:13 [ultranest] [DEBUG] iteration=1158, ncalls=2975, regioncalls=103000, ndraw=40, logz=-40.97, remainder_fraction=100.0000%, Lmin=-34.56, Lmax=-5.24
11:11:14 [ultranest] [DEBUG] iteration=1160, ncalls=2987, regioncalls=103480, ndraw=40, logz=-40.80, remainder_fraction=100.0000%, Lmin=-34.42, Lmax=-5.24
11:11:14 [ultranest] [DEBUG] iteration=1161, ncalls=2993, regioncalls=103720, ndraw=40, logz=-40.73, remainder_fraction=100.0000%, Lmin=-34.32, Lmax=-5.24
11:11:14 [ultranest] [DEBUG] iteration=1164, ncalls=3001, regioncalls=104040, ndraw=40, logz=-40.50, remainder_fraction=100.0000%, Lmin=-34.22, Lmax=-5.24
11:11:14 [ultranest] [DEBUG] iteration=1165, ncalls=3006, regioncalls=104240, ndraw=40, logz=-40.43, remainder_fraction=100.0000%, Lmin=-34.21, Lmax=-5.24
11:11:14 [ultranest] [DEBUG] iteration=1166, ncalls=3010, regioncalls=104400, ndraw=40, logz=-40.37, remainder_fraction=100.0000%, Lmin=-34.20, Lmax=-5.24
11:11:15 [ultranest] [DEBUG] iteration=1167, ncalls=3027, regioncalls=105080, ndraw=40, logz=-40.30, remainder_fraction=100.0000%, Lmin=-34.19, Lmax=-5.24
11:11:15 [ultranest] [DEBUG] iteration=1168, ncalls=3038, regioncalls=105520, ndraw=40, logz=-40.24, remainder_fraction=100.0000%, Lmin=-34.18, Lmax=-5.24
11:11:15 [ultranest] [DEBUG] iteration=1170, ncalls=3043, regioncalls=105720, ndraw=40, logz=-40.13, remainder_fraction=100.0000%, Lmin=-34.02, Lmax=-5.24
11:11:16 [ultranest] [DEBUG] iteration=1172, ncalls=3051, regioncalls=106040, ndraw=40, logz=-40.02, remainder_fraction=100.0000%, Lmin=-33.99, Lmax=-5.24
11:11:16 [ultranest] [DEBUG] iteration=1174, ncalls=3056, regioncalls=106240, ndraw=40, logz=-39.91, remainder_fraction=100.0000%, Lmin=-33.84, Lmax=-5.24
11:11:16 [ultranest] [DEBUG] iteration=1175, ncalls=3059, regioncalls=106360, ndraw=40, logz=-39.85, remainder_fraction=100.0000%, Lmin=-33.82, Lmax=-5.24
11:11:16 [ultranest] [DEBUG] iteration=1177, ncalls=3063, regioncalls=106520, ndraw=40, logz=-39.74, remainder_fraction=100.0000%, Lmin=-33.76, Lmax=-5.24
11:11:16 [ultranest] [DEBUG] iteration=1180, ncalls=3066, regioncalls=106640, ndraw=40, logz=-39.59, remainder_fraction=100.0000%, Lmin=-33.57, Lmax=-5.24
11:11:16 [ultranest] [DEBUG] iteration=1181, ncalls=3070, regioncalls=106800, ndraw=40, logz=-39.54, remainder_fraction=100.0000%, Lmin=-33.51, Lmax=-5.24
11:11:17 [ultranest] [DEBUG] iteration=1182, ncalls=3078, regioncalls=107120, ndraw=40, logz=-39.48, remainder_fraction=100.0000%, Lmin=-33.42, Lmax=-5.24
11:11:17 [ultranest] [DEBUG] iteration=1183, ncalls=3085, regioncalls=107400, ndraw=40, logz=-39.43, remainder_fraction=100.0000%, Lmin=-33.25, Lmax=-5.24
11:11:17 [ultranest] [DEBUG] iteration=1185, ncalls=3097, regioncalls=107880, ndraw=40, logz=-39.30, remainder_fraction=100.0000%, Lmin=-33.03, Lmax=-5.24
11:11:18 [ultranest] [DEBUG] iteration=1188, ncalls=3111, regioncalls=108440, ndraw=40, logz=-39.09, remainder_fraction=100.0000%, Lmin=-32.72, Lmax=-5.24
11:11:18 [ultranest] [DEBUG] iteration=1189, ncalls=3115, regioncalls=108600, ndraw=40, logz=-39.01, remainder_fraction=100.0000%, Lmin=-32.61, Lmax=-5.24
11:11:18 [ultranest] [DEBUG] iteration=1191, ncalls=3119, regioncalls=108760, ndraw=40, logz=-38.87, remainder_fraction=100.0000%, Lmin=-32.15, Lmax=-5.24
11:11:18 [ultranest] [DEBUG] iteration=1192, ncalls=3127, regioncalls=109080, ndraw=40, logz=-38.77, remainder_fraction=100.0000%, Lmin=-32.05, Lmax=-5.24
11:11:19 [ultranest] [DEBUG] iteration=1194, ncalls=3139, regioncalls=109560, ndraw=40, logz=-38.56, remainder_fraction=100.0000%, Lmin=-31.89, Lmax=-5.24
11:11:19 [ultranest] [DEBUG] iteration=1195, ncalls=3151, regioncalls=110040, ndraw=40, logz=-38.47, remainder_fraction=100.0000%, Lmin=-31.88, Lmax=-5.24
11:11:19 [ultranest] [DEBUG] iteration=1196, ncalls=3155, regioncalls=110200, ndraw=40, logz=-38.38, remainder_fraction=100.0000%, Lmin=-31.87, Lmax=-5.24
11:11:19 [ultranest] [DEBUG] iteration=1198, ncalls=3161, regioncalls=110440, ndraw=40, logz=-38.21, remainder_fraction=100.0000%, Lmin=-31.70, Lmax=-5.24
11:11:20 [ultranest] [DEBUG] iteration=1199, ncalls=3164, regioncalls=110560, ndraw=40, logz=-38.13, remainder_fraction=100.0000%, Lmin=-31.63, Lmax=-5.24
11:11:20 [ultranest] [DEBUG] iteration=1200, ncalls=3165, regioncalls=110600, ndraw=40, logz=-38.05, remainder_fraction=100.0000%, Lmin=-31.54, Lmax=-5.24
11:11:20 [ultranest] [DEBUG] iteration=1201, ncalls=3179, regioncalls=111160, ndraw=40, logz=-37.97, remainder_fraction=100.0000%, Lmin=-31.37, Lmax=-5.24
11:11:20 [ultranest] [DEBUG] iteration=1202, ncalls=3183, regioncalls=111320, ndraw=40, logz=-37.89, remainder_fraction=100.0000%, Lmin=-31.37, Lmax=-5.24
11:11:20 [ultranest] [DEBUG] iteration=1204, ncalls=3186, regioncalls=111440, ndraw=40, logz=-37.73, remainder_fraction=100.0000%, Lmin=-31.33, Lmax=-5.24
11:11:20 [ultranest] [DEBUG] iteration=1205, ncalls=3192, regioncalls=111680, ndraw=40, logz=-37.66, remainder_fraction=100.0000%, Lmin=-31.23, Lmax=-5.24
11:11:21 [ultranest] [DEBUG] iteration=1208, ncalls=3200, regioncalls=112000, ndraw=40, logz=-37.44, remainder_fraction=100.0000%, Lmin=-31.08, Lmax=-5.24
11:11:21 [ultranest] [DEBUG] iteration=1209, ncalls=3204, regioncalls=112160, ndraw=40, logz=-37.37, remainder_fraction=100.0000%, Lmin=-31.03, Lmax=-5.24
11:11:21 [ultranest] [DEBUG] iteration=1211, ncalls=3207, regioncalls=112280, ndraw=40, logz=-37.24, remainder_fraction=100.0000%, Lmin=-30.95, Lmax=-5.24
11:11:21 [ultranest] [DEBUG] iteration=1213, ncalls=3212, regioncalls=112480, ndraw=40, logz=-37.12, remainder_fraction=100.0000%, Lmin=-30.89, Lmax=-5.24
11:11:21 [ultranest] [DEBUG] iteration=1214, ncalls=3218, regioncalls=112720, ndraw=40, logz=-37.06, remainder_fraction=100.0000%, Lmin=-30.89, Lmax=-5.24
11:11:21 [ultranest] [DEBUG] iteration=1217, ncalls=3221, regioncalls=112840, ndraw=40, logz=-36.89, remainder_fraction=100.0000%, Lmin=-30.74, Lmax=-5.24
11:11:22 [ultranest] [DEBUG] iteration=1218, ncalls=3230, regioncalls=113200, ndraw=40, logz=-36.84, remainder_fraction=100.0000%, Lmin=-30.62, Lmax=-5.24
11:11:22 [ultranest] [DEBUG] iteration=1221, ncalls=3234, regioncalls=113360, ndraw=40, logz=-36.66, remainder_fraction=100.0000%, Lmin=-30.31, Lmax=-5.24
11:11:22 [ultranest] [DEBUG] iteration=1222, ncalls=3237, regioncalls=113480, ndraw=40, logz=-36.59, remainder_fraction=100.0000%, Lmin=-30.31, Lmax=-5.24
11:11:22 [ultranest] [DEBUG] iteration=1224, ncalls=3247, regioncalls=113880, ndraw=40, logz=-36.47, remainder_fraction=100.0000%, Lmin=-30.25, Lmax=-5.24
11:11:22 [ultranest] [DEBUG] iteration=1226, ncalls=3251, regioncalls=114040, ndraw=40, logz=-36.36, remainder_fraction=100.0000%, Lmin=-30.13, Lmax=-5.24
11:11:23 [ultranest] [DEBUG] iteration=1228, ncalls=3257, regioncalls=114280, ndraw=40, logz=-36.24, remainder_fraction=100.0000%, Lmin=-29.98, Lmax=-5.24
11:11:23 [ultranest] [DEBUG] iteration=1229, ncalls=3261, regioncalls=114440, ndraw=40, logz=-36.19, remainder_fraction=100.0000%, Lmin=-29.91, Lmax=-5.24
11:11:23 [ultranest] [DEBUG] iteration=1231, ncalls=3277, regioncalls=115080, ndraw=40, logz=-36.06, remainder_fraction=100.0000%, Lmin=-29.69, Lmax=-5.24
11:11:24 [ultranest] [DEBUG] iteration=1233, ncalls=3291, regioncalls=115640, ndraw=40, logz=-35.93, remainder_fraction=100.0000%, Lmin=-29.51, Lmax=-5.24
11:11:24 [ultranest] [DEBUG] iteration=1234, ncalls=3306, regioncalls=116240, ndraw=40, logz=-35.86, remainder_fraction=100.0000%, Lmin=-29.50, Lmax=-5.24
11:11:24 [ultranest] [DEBUG] iteration=1235, ncalls=3312, regioncalls=116480, ndraw=40, logz=-35.79, remainder_fraction=100.0000%, Lmin=-29.45, Lmax=-5.24
11:11:25 [ultranest] [DEBUG] iteration=1236, ncalls=3316, regioncalls=116640, ndraw=40, logz=-35.73, remainder_fraction=100.0000%, Lmin=-29.36, Lmax=-5.24
11:11:25 [ultranest] [DEBUG] iteration=1238, ncalls=3332, regioncalls=117280, ndraw=40, logz=-35.61, remainder_fraction=100.0000%, Lmin=-29.10, Lmax=-5.24
11:11:25 [ultranest] [DEBUG] iteration=1240, ncalls=3337, regioncalls=117480, ndraw=40, logz=-35.46, remainder_fraction=100.0000%, Lmin=-29.06, Lmax=-5.24
11:11:26 [ultranest] [DEBUG] iteration=1242, ncalls=3348, regioncalls=117920, ndraw=40, logz=-35.33, remainder_fraction=100.0000%, Lmin=-29.01, Lmax=-5.24
11:11:26 [ultranest] [DEBUG] iteration=1243, ncalls=3354, regioncalls=118160, ndraw=40, logz=-35.27, remainder_fraction=100.0000%, Lmin=-28.93, Lmax=-5.24
11:11:26 [ultranest] [DEBUG] iteration=1244, ncalls=3364, regioncalls=118560, ndraw=40, logz=-35.21, remainder_fraction=100.0000%, Lmin=-28.89, Lmax=-5.24
11:11:27 [ultranest] [DEBUG] iteration=1245, ncalls=3373, regioncalls=118920, ndraw=40, logz=-35.15, remainder_fraction=100.0000%, Lmin=-28.80, Lmax=-5.24
11:11:27 [ultranest] [DEBUG] iteration=1248, ncalls=3376, regioncalls=119040, ndraw=40, logz=-34.96, remainder_fraction=100.0000%, Lmin=-28.51, Lmax=-5.24
11:11:27 [ultranest] [DEBUG] iteration=1249, ncalls=3380, regioncalls=119200, ndraw=40, logz=-34.90, remainder_fraction=100.0000%, Lmin=-28.46, Lmax=-5.24
11:11:27 [ultranest] [DEBUG] iteration=1251, ncalls=3390, regioncalls=119600, ndraw=40, logz=-34.77, remainder_fraction=100.0000%, Lmin=-28.42, Lmax=-5.24
11:11:27 [ultranest] [DEBUG] iteration=1253, ncalls=3398, regioncalls=119920, ndraw=40, logz=-34.65, remainder_fraction=100.0000%, Lmin=-28.37, Lmax=-5.24
11:11:28 [ultranest] [DEBUG] iteration=1254, ncalls=3423, regioncalls=120920, ndraw=40, logz=-34.59, remainder_fraction=100.0000%, Lmin=-28.36, Lmax=-5.24
11:11:28 [ultranest] [DEBUG] iteration=1257, ncalls=3426, regioncalls=121040, ndraw=40, logz=-34.42, remainder_fraction=100.0000%, Lmin=-28.18, Lmax=-5.24
11:11:28 [ultranest] [DEBUG] iteration=1259, ncalls=3430, regioncalls=121200, ndraw=40, logz=-34.31, remainder_fraction=100.0000%, Lmin=-27.97, Lmax=-5.24
11:11:28 [ultranest] [DEBUG] iteration=1260, ncalls=3432, regioncalls=121280, ndraw=40, logz=-34.26, remainder_fraction=100.0000%, Lmin=-27.89, Lmax=-5.24
11:11:29 [ultranest] [DEBUG] iteration=1262, ncalls=3436, regioncalls=121440, ndraw=40, logz=-34.14, remainder_fraction=100.0000%, Lmin=-27.84, Lmax=-5.24
11:11:29 [ultranest] [DEBUG] iteration=1263, ncalls=3440, regioncalls=121600, ndraw=40, logz=-34.08, remainder_fraction=100.0000%, Lmin=-27.82, Lmax=-5.24
11:11:29 [ultranest] [DEBUG] iteration=1265, ncalls=3447, regioncalls=121880, ndraw=40, logz=-33.97, remainder_fraction=100.0000%, Lmin=-27.52, Lmax=-5.24
11:11:29 [ultranest] [DEBUG] iteration=1267, ncalls=3451, regioncalls=122040, ndraw=40, logz=-33.84, remainder_fraction=100.0000%, Lmin=-27.48, Lmax=-5.24
11:11:29 [ultranest] [DEBUG] iteration=1268, ncalls=3456, regioncalls=122240, ndraw=40, logz=-33.79, remainder_fraction=100.0000%, Lmin=-27.41, Lmax=-5.24
11:11:30 [ultranest] [DEBUG] iteration=1269, ncalls=3462, regioncalls=122480, ndraw=40, logz=-33.73, remainder_fraction=100.0000%, Lmin=-27.27, Lmax=-5.24
11:11:30 [ultranest] [DEBUG] iteration=1271, ncalls=3466, regioncalls=122640, ndraw=40, logz=-33.60, remainder_fraction=100.0000%, Lmin=-27.18, Lmax=-5.24
11:11:30 [ultranest] [DEBUG] iteration=1273, ncalls=3470, regioncalls=122800, ndraw=40, logz=-33.47, remainder_fraction=100.0000%, Lmin=-27.11, Lmax=-5.24
11:11:30 [ultranest] [DEBUG] iteration=1275, ncalls=3479, regioncalls=123160, ndraw=40, logz=-33.36, remainder_fraction=100.0000%, Lmin=-26.97, Lmax=-5.24
11:11:30 [ultranest] [DEBUG] iteration=1276, ncalls=3485, regioncalls=123400, ndraw=40, logz=-33.30, remainder_fraction=100.0000%, Lmin=-26.96, Lmax=-5.24
11:11:30 [ultranest] [DEBUG] iteration=1277, ncalls=3488, regioncalls=123520, ndraw=40, logz=-33.24, remainder_fraction=100.0000%, Lmin=-26.92, Lmax=-5.24
11:11:31 [ultranest] [DEBUG] iteration=1278, ncalls=3502, regioncalls=124080, ndraw=40, logz=-33.19, remainder_fraction=100.0000%, Lmin=-26.84, Lmax=-5.24
11:11:31 [ultranest] [DEBUG] iteration=1280, ncalls=3510, regioncalls=124400, ndraw=40, logz=-33.08, remainder_fraction=100.0000%, Lmin=-26.83, Lmax=-5.24
11:11:31 [ultranest] [DEBUG] iteration=1281, ncalls=3514, regioncalls=124560, ndraw=40, logz=-33.03, remainder_fraction=100.0000%, Lmin=-26.80, Lmax=-5.24
11:11:31 [ultranest] [DEBUG] iteration=1282, ncalls=3519, regioncalls=124760, ndraw=40, logz=-32.98, remainder_fraction=100.0000%, Lmin=-26.80, Lmax=-5.24
11:11:32 [ultranest] [DEBUG] iteration=1284, ncalls=3526, regioncalls=125040, ndraw=40, logz=-32.88, remainder_fraction=100.0000%, Lmin=-26.79, Lmax=-5.24
11:11:32 [ultranest] [DEBUG] iteration=1285, ncalls=3533, regioncalls=125320, ndraw=40, logz=-32.84, remainder_fraction=100.0000%, Lmin=-26.72, Lmax=-5.24
11:11:32 [ultranest] [DEBUG] iteration=1287, ncalls=3548, regioncalls=125920, ndraw=40, logz=-32.75, remainder_fraction=100.0000%, Lmin=-26.61, Lmax=-5.24
11:11:33 [ultranest] [DEBUG] iteration=1290, ncalls=3554, regioncalls=126160, ndraw=40, logz=-32.61, remainder_fraction=100.0000%, Lmin=-26.47, Lmax=-5.24
11:11:33 [ultranest] [DEBUG] iteration=1291, ncalls=3564, regioncalls=126600, ndraw=40, logz=-32.57, remainder_fraction=100.0000%, Lmin=-26.46, Lmax=-5.24
11:11:33 [ultranest] [DEBUG] iteration=1292, ncalls=3578, regioncalls=127160, ndraw=40, logz=-32.53, remainder_fraction=100.0000%, Lmin=-26.34, Lmax=-5.24
11:11:34 [ultranest] [DEBUG] iteration=1295, ncalls=3585, regioncalls=127440, ndraw=40, logz=-32.38, remainder_fraction=100.0000%, Lmin=-26.13, Lmax=-5.24
11:11:34 [ultranest] [DEBUG] iteration=1297, ncalls=3590, regioncalls=127640, ndraw=40, logz=-32.28, remainder_fraction=100.0000%, Lmin=-26.04, Lmax=-5.24
11:11:34 [ultranest] [DEBUG] iteration=1299, ncalls=3595, regioncalls=127840, ndraw=40, logz=-32.19, remainder_fraction=100.0000%, Lmin=-25.90, Lmax=-5.24
11:11:34 [ultranest] [DEBUG] iteration=1300, ncalls=3598, regioncalls=127960, ndraw=40, logz=-32.14, remainder_fraction=100.0000%, Lmin=-25.87, Lmax=-5.24
11:11:34 [ultranest] [DEBUG] iteration=1301, ncalls=3604, regioncalls=128200, ndraw=40, logz=-32.09, remainder_fraction=100.0000%, Lmin=-25.84, Lmax=-5.24
11:11:34 [ultranest] [DEBUG] iteration=1302, ncalls=3610, regioncalls=128440, ndraw=40, logz=-32.04, remainder_fraction=100.0000%, Lmin=-25.80, Lmax=-5.24
11:11:35 [ultranest] [DEBUG] iteration=1304, ncalls=3615, regioncalls=128640, ndraw=40, logz=-31.94, remainder_fraction=100.0000%, Lmin=-25.71, Lmax=-5.24
11:11:35 [ultranest] [DEBUG] iteration=1305, ncalls=3634, regioncalls=129400, ndraw=40, logz=-31.89, remainder_fraction=100.0000%, Lmin=-25.67, Lmax=-5.24
11:11:35 [ultranest] [DEBUG] iteration=1307, ncalls=3638, regioncalls=129560, ndraw=40, logz=-31.80, remainder_fraction=100.0000%, Lmin=-25.63, Lmax=-5.24
11:11:35 [ultranest] [DEBUG] iteration=1311, ncalls=3642, regioncalls=129720, ndraw=40, logz=-31.63, remainder_fraction=100.0000%, Lmin=-25.45, Lmax=-5.24
11:11:36 [ultranest] [DEBUG] iteration=1312, ncalls=3646, regioncalls=129880, ndraw=40, logz=-31.58, remainder_fraction=100.0000%, Lmin=-25.44, Lmax=-5.24
11:11:36 [ultranest] [DEBUG] iteration=1313, ncalls=3652, regioncalls=130120, ndraw=40, logz=-31.54, remainder_fraction=100.0000%, Lmin=-25.29, Lmax=-5.24
11:11:36 [ultranest] [DEBUG] iteration=1315, ncalls=3657, regioncalls=130320, ndraw=40, logz=-31.45, remainder_fraction=100.0000%, Lmin=-25.26, Lmax=-5.24
11:11:36 [ultranest] [DEBUG] iteration=1318, ncalls=3660, regioncalls=130440, ndraw=40, logz=-31.31, remainder_fraction=100.0000%, Lmin=-25.07, Lmax=-5.24
11:11:36 [ultranest] [DEBUG] iteration=1319, ncalls=3665, regioncalls=130640, ndraw=40, logz=-31.27, remainder_fraction=100.0000%, Lmin=-25.02, Lmax=-5.24
11:11:36 [ultranest] [DEBUG] iteration=1320, ncalls=3671, regioncalls=130880, ndraw=40, logz=-31.22, remainder_fraction=100.0000%, Lmin=-25.02, Lmax=-5.24
11:11:37 [ultranest] [DEBUG] iteration=1322, ncalls=3678, regioncalls=131160, ndraw=40, logz=-31.13, remainder_fraction=100.0000%, Lmin=-24.89, Lmax=-5.24
11:11:37 [ultranest] [DEBUG] iteration=1323, ncalls=3682, regioncalls=131320, ndraw=40, logz=-31.08, remainder_fraction=100.0000%, Lmin=-24.84, Lmax=-5.24
11:11:37 [ultranest] [DEBUG] iteration=1325, ncalls=3686, regioncalls=131480, ndraw=40, logz=-30.99, remainder_fraction=100.0000%, Lmin=-24.72, Lmax=-5.24
11:11:37 [ultranest] [DEBUG] iteration=1326, ncalls=3694, regioncalls=131800, ndraw=40, logz=-30.95, remainder_fraction=100.0000%, Lmin=-24.57, Lmax=-5.24
11:11:37 [ultranest] [DEBUG] iteration=1328, ncalls=3698, regioncalls=131960, ndraw=40, logz=-30.84, remainder_fraction=100.0000%, Lmin=-24.50, Lmax=-5.24
11:11:37 [ultranest] [DEBUG] iteration=1329, ncalls=3703, regioncalls=132160, ndraw=40, logz=-30.79, remainder_fraction=100.0000%, Lmin=-24.46, Lmax=-5.24
11:11:38 [ultranest] [DEBUG] iteration=1332, ncalls=3707, regioncalls=132320, ndraw=40, logz=-30.65, remainder_fraction=100.0000%, Lmin=-24.39, Lmax=-5.24
11:11:38 [ultranest] [DEBUG] iteration=1333, ncalls=3723, regioncalls=132960, ndraw=40, logz=-30.60, remainder_fraction=100.0000%, Lmin=-24.37, Lmax=-5.24
11:11:38 [ultranest] [DEBUG] iteration=1335, ncalls=3731, regioncalls=133280, ndraw=40, logz=-30.51, remainder_fraction=100.0000%, Lmin=-24.30, Lmax=-5.24
11:11:39 [ultranest] [DEBUG] iteration=1338, ncalls=3735, regioncalls=133440, ndraw=40, logz=-30.39, remainder_fraction=100.0000%, Lmin=-24.24, Lmax=-5.24
11:11:39 [ultranest] [DEBUG] iteration=1339, ncalls=3742, regioncalls=133720, ndraw=40, logz=-30.35, remainder_fraction=100.0000%, Lmin=-24.22, Lmax=-5.24
11:11:39 [ultranest] [DEBUG] iteration=1340, ncalls=3747, regioncalls=133920, ndraw=40, logz=-30.31, remainder_fraction=100.0000%, Lmin=-24.07, Lmax=-5.24
11:11:39 [ultranest] [DEBUG] iteration=1342, ncalls=3751, regioncalls=134080, ndraw=40, logz=-30.22, remainder_fraction=100.0000%, Lmin=-24.01, Lmax=-5.24
11:11:39 [ultranest] [DEBUG] iteration=1344, ncalls=3754, regioncalls=134200, ndraw=40, logz=-30.14, remainder_fraction=100.0000%, Lmin=-23.89, Lmax=-5.24
11:11:40 [ultranest] [DEBUG] iteration=1345, ncalls=3767, regioncalls=134720, ndraw=40, logz=-30.09, remainder_fraction=100.0000%, Lmin=-23.87, Lmax=-5.24
11:11:40 [ultranest] [DEBUG] iteration=1346, ncalls=3774, regioncalls=135000, ndraw=40, logz=-30.05, remainder_fraction=100.0000%, Lmin=-23.85, Lmax=-5.24
11:11:40 [ultranest] [DEBUG] iteration=1348, ncalls=3785, regioncalls=135440, ndraw=40, logz=-29.97, remainder_fraction=100.0000%, Lmin=-23.78, Lmax=-5.24
11:11:40 [ultranest] [DEBUG] iteration=1350, ncalls=3788, regioncalls=135560, ndraw=40, logz=-29.89, remainder_fraction=100.0000%, Lmin=-23.70, Lmax=-5.24
11:11:40 [ultranest] [DEBUG] iteration=1351, ncalls=3793, regioncalls=135760, ndraw=40, logz=-29.85, remainder_fraction=100.0000%, Lmin=-23.61, Lmax=-5.24
11:11:41 [ultranest] [DEBUG] iteration=1352, ncalls=3801, regioncalls=136080, ndraw=40, logz=-29.80, remainder_fraction=100.0000%, Lmin=-23.59, Lmax=-5.24
11:11:42 [ultranest] [DEBUG] iteration=1353, ncalls=3831, regioncalls=137320, ndraw=40, logz=-29.76, remainder_fraction=100.0000%, Lmin=-23.54, Lmax=-5.24
11:11:42 [ultranest] [DEBUG] iteration=1355, ncalls=3839, regioncalls=137640, ndraw=40, logz=-29.67, remainder_fraction=100.0000%, Lmin=-23.32, Lmax=-5.24
11:11:42 [ultranest] [DEBUG] iteration=1358, ncalls=3843, regioncalls=137800, ndraw=40, logz=-29.53, remainder_fraction=100.0000%, Lmin=-23.13, Lmax=-5.24
11:11:42 [ultranest] [DEBUG] iteration=1360, ncalls=3846, regioncalls=137920, ndraw=40, logz=-29.43, remainder_fraction=100.0000%, Lmin=-23.08, Lmax=-5.24
11:11:42 [ultranest] [DEBUG] iteration=1361, ncalls=3850, regioncalls=138080, ndraw=40, logz=-29.39, remainder_fraction=100.0000%, Lmin=-23.08, Lmax=-5.24
11:11:43 [ultranest] [DEBUG] iteration=1363, ncalls=3854, regioncalls=138240, ndraw=40, logz=-29.30, remainder_fraction=100.0000%, Lmin=-23.06, Lmax=-5.24
11:11:43 [ultranest] [DEBUG] iteration=1365, ncalls=3860, regioncalls=138480, ndraw=40, logz=-29.21, remainder_fraction=100.0000%, Lmin=-22.98, Lmax=-5.24
11:11:43 [ultranest] [DEBUG] iteration=1367, ncalls=3864, regioncalls=138640, ndraw=40, logz=-29.13, remainder_fraction=100.0000%, Lmin=-22.96, Lmax=-5.24
11:11:43 [ultranest] [DEBUG] iteration=1368, ncalls=3869, regioncalls=138840, ndraw=40, logz=-29.10, remainder_fraction=100.0000%, Lmin=-22.92, Lmax=-5.24
11:11:43 [ultranest] [DEBUG] iteration=1369, ncalls=3875, regioncalls=139080, ndraw=40, logz=-29.06, remainder_fraction=100.0000%, Lmin=-22.89, Lmax=-5.24
11:11:43 [ultranest] [DEBUG] iteration=1371, ncalls=3879, regioncalls=139240, ndraw=40, logz=-28.98, remainder_fraction=100.0000%, Lmin=-22.85, Lmax=-5.24
11:11:44 [ultranest] [DEBUG] iteration=1372, ncalls=3884, regioncalls=139440, ndraw=40, logz=-28.94, remainder_fraction=100.0000%, Lmin=-22.83, Lmax=-5.24
11:11:44 [ultranest] [DEBUG] iteration=1374, ncalls=3897, regioncalls=139960, ndraw=40, logz=-28.87, remainder_fraction=100.0000%, Lmin=-22.61, Lmax=-5.24
11:11:44 [ultranest] [DEBUG] iteration=1375, ncalls=3906, regioncalls=140320, ndraw=40, logz=-28.83, remainder_fraction=100.0000%, Lmin=-22.58, Lmax=-5.24
11:11:44 [ultranest] [DEBUG] iteration=1376, ncalls=3913, regioncalls=140600, ndraw=40, logz=-28.79, remainder_fraction=100.0000%, Lmin=-22.57, Lmax=-5.24
11:11:45 [ultranest] [DEBUG] iteration=1377, ncalls=3918, regioncalls=140800, ndraw=40, logz=-28.75, remainder_fraction=100.0000%, Lmin=-22.38, Lmax=-5.24
11:11:45 [ultranest] [DEBUG] iteration=1378, ncalls=3923, regioncalls=141000, ndraw=40, logz=-28.71, remainder_fraction=100.0000%, Lmin=-22.35, Lmax=-5.24
11:11:45 [ultranest] [DEBUG] iteration=1380, ncalls=3933, regioncalls=141400, ndraw=40, logz=-28.61, remainder_fraction=100.0000%, Lmin=-22.16, Lmax=-5.24
11:11:45 [ultranest] [DEBUG] iteration=1382, ncalls=3936, regioncalls=141520, ndraw=40, logz=-28.52, remainder_fraction=100.0000%, Lmin=-22.15, Lmax=-5.24
11:11:45 [ultranest] [DEBUG] iteration=1384, ncalls=3943, regioncalls=141800, ndraw=40, logz=-28.43, remainder_fraction=100.0000%, Lmin=-21.98, Lmax=-5.24
11:11:46 [ultranest] [DEBUG] iteration=1386, ncalls=3957, regioncalls=142400, ndraw=40, logz=-28.33, remainder_fraction=100.0000%, Lmin=-21.96, Lmax=-5.24
11:11:46 [ultranest] [DEBUG] iteration=1388, ncalls=3961, regioncalls=142560, ndraw=40, logz=-28.24, remainder_fraction=100.0000%, Lmin=-21.93, Lmax=-5.24
11:11:46 [ultranest] [DEBUG] iteration=1390, ncalls=3965, regioncalls=142760, ndraw=40, logz=-28.16, remainder_fraction=100.0000%, Lmin=-21.87, Lmax=-5.24
11:11:46 [ultranest] [DEBUG] iteration=1393, ncalls=3971, regioncalls=143000, ndraw=40, logz=-28.03, remainder_fraction=100.0000%, Lmin=-21.66, Lmax=-5.24
11:11:47 [ultranest] [DEBUG] iteration=1396, ncalls=3975, regioncalls=143160, ndraw=40, logz=-27.90, remainder_fraction=100.0000%, Lmin=-21.60, Lmax=-5.24
11:11:47 [ultranest] [DEBUG] iteration=1399, ncalls=3978, regioncalls=143280, ndraw=40, logz=-27.79, remainder_fraction=100.0000%, Lmin=-21.41, Lmax=-5.24
11:11:47 [ultranest] [DEBUG] iteration=1400, ncalls=3979, regioncalls=143320, ndraw=40, logz=-27.74, remainder_fraction=100.0000%, Lmin=-21.36, Lmax=-5.24
11:11:47 [ultranest] [DEBUG] iteration=1402, ncalls=3985, regioncalls=143560, ndraw=40, logz=-27.65, remainder_fraction=100.0000%, Lmin=-21.22, Lmax=-5.24
11:11:47 [ultranest] [DEBUG] iteration=1403, ncalls=3989, regioncalls=143720, ndraw=40, logz=-27.61, remainder_fraction=100.0000%, Lmin=-21.20, Lmax=-5.24
11:11:47 [ultranest] [DEBUG] iteration=1405, ncalls=3994, regioncalls=143920, ndraw=40, logz=-27.52, remainder_fraction=100.0000%, Lmin=-21.14, Lmax=-5.24
11:11:48 [ultranest] [DEBUG] iteration=1407, ncalls=4005, regioncalls=144360, ndraw=40, logz=-27.44, remainder_fraction=100.0000%, Lmin=-21.12, Lmax=-5.24
11:11:48 [ultranest] [DEBUG] iteration=1409, ncalls=4009, regioncalls=144520, ndraw=40, logz=-27.36, remainder_fraction=100.0000%, Lmin=-21.04, Lmax=-5.24
11:11:48 [ultranest] [DEBUG] iteration=1410, ncalls=4014, regioncalls=144720, ndraw=40, logz=-27.32, remainder_fraction=100.0000%, Lmin=-21.03, Lmax=-5.24
11:11:48 [ultranest] [DEBUG] iteration=1412, ncalls=4018, regioncalls=144880, ndraw=40, logz=-27.24, remainder_fraction=100.0000%, Lmin=-20.94, Lmax=-5.24
11:11:48 [ultranest] [DEBUG] iteration=1413, ncalls=4029, regioncalls=145320, ndraw=40, logz=-27.20, remainder_fraction=100.0000%, Lmin=-20.93, Lmax=-5.24
11:11:48 [ultranest] [DEBUG] iteration=1415, ncalls=4033, regioncalls=145480, ndraw=40, logz=-27.13, remainder_fraction=100.0000%, Lmin=-20.88, Lmax=-5.24
11:11:49 [ultranest] [DEBUG] iteration=1416, ncalls=4038, regioncalls=145680, ndraw=40, logz=-27.09, remainder_fraction=100.0000%, Lmin=-20.85, Lmax=-5.24
11:11:49 [ultranest] [DEBUG] iteration=1417, ncalls=4043, regioncalls=145880, ndraw=40, logz=-27.05, remainder_fraction=100.0000%, Lmin=-20.85, Lmax=-5.24
11:11:49 [ultranest] [DEBUG] iteration=1418, ncalls=4048, regioncalls=146080, ndraw=40, logz=-27.02, remainder_fraction=100.0000%, Lmin=-20.84, Lmax=-5.24
11:11:49 [ultranest] [DEBUG] iteration=1420, ncalls=4051, regioncalls=146200, ndraw=40, logz=-26.95, remainder_fraction=100.0000%, Lmin=-20.78, Lmax=-5.24
11:11:49 [ultranest] [DEBUG] iteration=1421, ncalls=4055, regioncalls=146360, ndraw=40, logz=-26.92, remainder_fraction=100.0000%, Lmin=-20.78, Lmax=-5.24
11:11:49 [ultranest] [DEBUG] iteration=1422, ncalls=4060, regioncalls=146560, ndraw=40, logz=-26.88, remainder_fraction=100.0000%, Lmin=-20.73, Lmax=-5.24
11:11:50 [ultranest] [DEBUG] iteration=1423, ncalls=4069, regioncalls=146920, ndraw=40, logz=-26.85, remainder_fraction=100.0000%, Lmin=-20.73, Lmax=-5.24
11:11:50 [ultranest] [DEBUG] iteration=1424, ncalls=4079, regioncalls=147320, ndraw=40, logz=-26.82, remainder_fraction=100.0000%, Lmin=-20.72, Lmax=-5.24
11:11:50 [ultranest] [DEBUG] iteration=1426, ncalls=4090, regioncalls=147760, ndraw=40, logz=-26.76, remainder_fraction=100.0000%, Lmin=-20.67, Lmax=-5.24
11:11:51 [ultranest] [DEBUG] iteration=1427, ncalls=4099, regioncalls=148120, ndraw=40, logz=-26.73, remainder_fraction=100.0000%, Lmin=-20.66, Lmax=-5.24
11:11:51 [ultranest] [DEBUG] iteration=1429, ncalls=4104, regioncalls=148320, ndraw=40, logz=-26.67, remainder_fraction=100.0000%, Lmin=-20.61, Lmax=-5.24
11:11:51 [ultranest] [DEBUG] iteration=1431, ncalls=4107, regioncalls=148480, ndraw=40, logz=-26.61, remainder_fraction=99.9999%, Lmin=-20.51, Lmax=-5.24
11:11:51 [ultranest] [DEBUG] iteration=1432, ncalls=4111, regioncalls=148640, ndraw=40, logz=-26.58, remainder_fraction=99.9999%, Lmin=-20.46, Lmax=-5.24
11:11:51 [ultranest] [DEBUG] iteration=1433, ncalls=4123, regioncalls=149120, ndraw=40, logz=-26.55, remainder_fraction=99.9999%, Lmin=-20.44, Lmax=-5.24
11:11:52 [ultranest] [DEBUG] iteration=1434, ncalls=4129, regioncalls=149360, ndraw=40, logz=-26.52, remainder_fraction=99.9999%, Lmin=-20.37, Lmax=-5.24
11:11:52 [ultranest] [DEBUG] iteration=1435, ncalls=4132, regioncalls=149480, ndraw=40, logz=-26.48, remainder_fraction=99.9999%, Lmin=-20.37, Lmax=-5.24
11:11:52 [ultranest] [DEBUG] iteration=1436, ncalls=4141, regioncalls=149840, ndraw=40, logz=-26.45, remainder_fraction=99.9999%, Lmin=-20.34, Lmax=-5.24
11:11:53 [ultranest] [DEBUG] iteration=1439, ncalls=4159, regioncalls=150560, ndraw=40, logz=-26.36, remainder_fraction=99.9999%, Lmin=-20.24, Lmax=-5.24
11:11:53 [ultranest] [DEBUG] iteration=1440, ncalls=4165, regioncalls=150800, ndraw=40, logz=-26.33, remainder_fraction=99.9999%, Lmin=-20.22, Lmax=-5.24
11:11:53 [ultranest] [DEBUG] iteration=1442, ncalls=4170, regioncalls=151000, ndraw=40, logz=-26.27, remainder_fraction=99.9999%, Lmin=-20.14, Lmax=-5.24
11:11:53 [ultranest] [DEBUG] iteration=1445, ncalls=4177, regioncalls=151320, ndraw=40, logz=-26.18, remainder_fraction=99.9999%, Lmin=-20.03, Lmax=-5.24
11:11:54 [ultranest] [DEBUG] iteration=1446, ncalls=4184, regioncalls=151600, ndraw=40, logz=-26.15, remainder_fraction=99.9999%, Lmin=-19.85, Lmax=-5.24
11:11:54 [ultranest] [DEBUG] iteration=1448, ncalls=4191, regioncalls=151880, ndraw=40, logz=-26.08, remainder_fraction=99.9999%, Lmin=-19.83, Lmax=-5.24
11:11:54 [ultranest] [DEBUG] iteration=1450, ncalls=4196, regioncalls=152080, ndraw=40, logz=-26.01, remainder_fraction=99.9999%, Lmin=-19.73, Lmax=-5.24
11:11:54 [ultranest] [DEBUG] iteration=1451, ncalls=4203, regioncalls=152360, ndraw=40, logz=-25.97, remainder_fraction=99.9999%, Lmin=-19.71, Lmax=-5.24
11:11:54 [ultranest] [DEBUG] iteration=1452, ncalls=4207, regioncalls=152520, ndraw=40, logz=-25.94, remainder_fraction=99.9999%, Lmin=-19.67, Lmax=-5.24
11:11:54 [ultranest] [DEBUG] iteration=1454, ncalls=4211, regioncalls=152680, ndraw=40, logz=-25.87, remainder_fraction=99.9999%, Lmin=-19.64, Lmax=-5.24
11:11:55 [ultranest] [DEBUG] iteration=1455, ncalls=4217, regioncalls=152920, ndraw=40, logz=-25.84, remainder_fraction=99.9999%, Lmin=-19.64, Lmax=-5.24
11:11:55 [ultranest] [DEBUG] iteration=1458, ncalls=4223, regioncalls=153160, ndraw=40, logz=-25.75, remainder_fraction=99.9999%, Lmin=-19.62, Lmax=-5.24
11:11:55 [ultranest] [DEBUG] iteration=1459, ncalls=4229, regioncalls=153400, ndraw=40, logz=-25.72, remainder_fraction=99.9999%, Lmin=-19.61, Lmax=-5.24
11:11:55 [ultranest] [DEBUG] iteration=1461, ncalls=4233, regioncalls=153560, ndraw=40, logz=-25.66, remainder_fraction=99.9999%, Lmin=-19.43, Lmax=-5.24
11:11:56 [ultranest] [DEBUG] iteration=1462, ncalls=4244, regioncalls=154040, ndraw=40, logz=-25.63, remainder_fraction=99.9999%, Lmin=-19.43, Lmax=-5.24
11:11:56 [ultranest] [DEBUG] iteration=1464, ncalls=4252, regioncalls=154360, ndraw=40, logz=-25.56, remainder_fraction=99.9998%, Lmin=-19.35, Lmax=-5.24
11:11:56 [ultranest] [DEBUG] iteration=1465, ncalls=4266, regioncalls=154920, ndraw=40, logz=-25.53, remainder_fraction=99.9998%, Lmin=-19.33, Lmax=-5.24
11:11:56 [ultranest] [DEBUG] iteration=1467, ncalls=4271, regioncalls=155120, ndraw=40, logz=-25.47, remainder_fraction=99.9998%, Lmin=-19.28, Lmax=-5.24
11:11:57 [ultranest] [DEBUG] iteration=1470, ncalls=4274, regioncalls=155240, ndraw=40, logz=-25.38, remainder_fraction=99.9998%, Lmin=-19.18, Lmax=-5.24
11:11:57 [ultranest] [DEBUG] iteration=1471, ncalls=4285, regioncalls=155680, ndraw=40, logz=-25.35, remainder_fraction=99.9998%, Lmin=-19.16, Lmax=-5.24
11:11:57 [ultranest] [DEBUG] iteration=1473, ncalls=4289, regioncalls=155840, ndraw=40, logz=-25.28, remainder_fraction=99.9998%, Lmin=-19.06, Lmax=-5.24
11:11:57 [ultranest] [DEBUG] iteration=1476, ncalls=4293, regioncalls=156000, ndraw=40, logz=-25.19, remainder_fraction=99.9998%, Lmin=-19.00, Lmax=-5.24
11:11:57 [ultranest] [DEBUG] iteration=1477, ncalls=4297, regioncalls=156160, ndraw=40, logz=-25.16, remainder_fraction=99.9998%, Lmin=-18.94, Lmax=-5.24
11:11:58 [ultranest] [DEBUG] iteration=1478, ncalls=4310, regioncalls=156680, ndraw=40, logz=-25.13, remainder_fraction=99.9998%, Lmin=-18.92, Lmax=-5.24
11:11:58 [ultranest] [DEBUG] iteration=1479, ncalls=4313, regioncalls=156800, ndraw=40, logz=-25.10, remainder_fraction=99.9998%, Lmin=-18.89, Lmax=-5.24
11:11:58 [ultranest] [DEBUG] iteration=1480, ncalls=4315, regioncalls=156880, ndraw=40, logz=-25.07, remainder_fraction=99.9998%, Lmin=-18.83, Lmax=-5.24
11:11:58 [ultranest] [DEBUG] iteration=1481, ncalls=4321, regioncalls=157120, ndraw=40, logz=-25.04, remainder_fraction=99.9997%, Lmin=-18.83, Lmax=-5.24
11:11:58 [ultranest] [DEBUG] iteration=1482, ncalls=4326, regioncalls=157320, ndraw=40, logz=-25.01, remainder_fraction=99.9997%, Lmin=-18.83, Lmax=-5.24
11:11:58 [ultranest] [DEBUG] iteration=1483, ncalls=4331, regioncalls=157520, ndraw=40, logz=-24.98, remainder_fraction=99.9997%, Lmin=-18.83, Lmax=-5.24
11:11:59 [ultranest] [DEBUG] iteration=1484, ncalls=4335, regioncalls=157680, ndraw=40, logz=-24.95, remainder_fraction=99.9997%, Lmin=-18.82, Lmax=-5.24
11:11:59 [ultranest] [DEBUG] iteration=1485, ncalls=4339, regioncalls=157840, ndraw=40, logz=-24.92, remainder_fraction=99.9997%, Lmin=-18.76, Lmax=-5.24
11:11:59 [ultranest] [DEBUG] iteration=1487, ncalls=4344, regioncalls=158040, ndraw=40, logz=-24.87, remainder_fraction=99.9997%, Lmin=-18.71, Lmax=-5.24
11:11:59 [ultranest] [DEBUG] iteration=1489, ncalls=4348, regioncalls=158200, ndraw=40, logz=-24.81, remainder_fraction=99.9997%, Lmin=-18.59, Lmax=-5.24
11:11:59 [ultranest] [DEBUG] iteration=1491, ncalls=4356, regioncalls=158520, ndraw=40, logz=-24.75, remainder_fraction=99.9997%, Lmin=-18.57, Lmax=-5.24
11:12:00 [ultranest] [DEBUG] iteration=1492, ncalls=4362, regioncalls=158760, ndraw=40, logz=-24.72, remainder_fraction=99.9996%, Lmin=-18.56, Lmax=-5.24
11:12:00 [ultranest] [DEBUG] iteration=1494, ncalls=4365, regioncalls=158880, ndraw=40, logz=-24.66, remainder_fraction=99.9996%, Lmin=-18.50, Lmax=-5.24
11:12:00 [ultranest] [DEBUG] iteration=1495, ncalls=4372, regioncalls=159160, ndraw=40, logz=-24.64, remainder_fraction=99.9996%, Lmin=-18.50, Lmax=-5.24
11:12:00 [ultranest] [DEBUG] iteration=1497, ncalls=4376, regioncalls=159320, ndraw=40, logz=-24.58, remainder_fraction=99.9996%, Lmin=-18.48, Lmax=-5.24
11:12:00 [ultranest] [DEBUG] iteration=1499, ncalls=4379, regioncalls=159440, ndraw=40, logz=-24.53, remainder_fraction=99.9996%, Lmin=-18.44, Lmax=-5.24
11:12:00 [ultranest] [DEBUG] iteration=1501, ncalls=4383, regioncalls=159600, ndraw=40, logz=-24.48, remainder_fraction=99.9995%, Lmin=-18.42, Lmax=-5.24
11:12:00 [ultranest] [DEBUG] iteration=1502, ncalls=4386, regioncalls=159720, ndraw=40, logz=-24.45, remainder_fraction=99.9995%, Lmin=-18.39, Lmax=-5.24
11:12:01 [ultranest] [DEBUG] iteration=1503, ncalls=4391, regioncalls=159920, ndraw=40, logz=-24.43, remainder_fraction=99.9995%, Lmin=-18.29, Lmax=-5.24
11:12:01 [ultranest] [DEBUG] iteration=1505, ncalls=4411, regioncalls=160840, ndraw=40, logz=-24.38, remainder_fraction=99.9995%, Lmin=-18.25, Lmax=-5.24
11:12:01 [ultranest] [DEBUG] iteration=1507, ncalls=4414, regioncalls=160960, ndraw=40, logz=-24.32, remainder_fraction=99.9995%, Lmin=-18.18, Lmax=-5.24
11:12:01 [ultranest] [DEBUG] iteration=1508, ncalls=4418, regioncalls=161120, ndraw=40, logz=-24.30, remainder_fraction=99.9994%, Lmin=-18.18, Lmax=-5.24
11:12:02 [ultranest] [DEBUG] iteration=1509, ncalls=4421, regioncalls=161240, ndraw=40, logz=-24.27, remainder_fraction=99.9994%, Lmin=-18.18, Lmax=-5.24
11:12:02 [ultranest] [DEBUG] iteration=1510, ncalls=4425, regioncalls=161400, ndraw=40, logz=-24.25, remainder_fraction=99.9994%, Lmin=-18.17, Lmax=-5.24
11:12:02 [ultranest] [DEBUG] iteration=1511, ncalls=4438, regioncalls=161920, ndraw=40, logz=-24.22, remainder_fraction=99.9994%, Lmin=-18.15, Lmax=-5.24
11:12:02 [ultranest] [DEBUG] iteration=1513, ncalls=4442, regioncalls=162080, ndraw=40, logz=-24.17, remainder_fraction=99.9994%, Lmin=-18.10, Lmax=-5.24
11:12:02 [ultranest] [DEBUG] iteration=1516, ncalls=4445, regioncalls=162200, ndraw=40, logz=-24.10, remainder_fraction=99.9993%, Lmin=-18.02, Lmax=-5.24
11:12:02 [ultranest] [DEBUG] iteration=1517, ncalls=4448, regioncalls=162400, ndraw=40, logz=-24.08, remainder_fraction=99.9993%, Lmin=-17.99, Lmax=-5.24
11:12:03 [ultranest] [DEBUG] iteration=1518, ncalls=4451, regioncalls=162520, ndraw=40, logz=-24.05, remainder_fraction=99.9993%, Lmin=-17.96, Lmax=-5.24
11:12:03 [ultranest] [DEBUG] iteration=1520, ncalls=4456, regioncalls=162720, ndraw=40, logz=-24.00, remainder_fraction=99.9993%, Lmin=-17.91, Lmax=-5.24
11:12:03 [ultranest] [DEBUG] iteration=1521, ncalls=4462, regioncalls=162960, ndraw=40, logz=-23.98, remainder_fraction=99.9992%, Lmin=-17.89, Lmax=-5.24
11:12:03 [ultranest] [DEBUG] iteration=1522, ncalls=4478, regioncalls=163600, ndraw=40, logz=-23.95, remainder_fraction=99.9992%, Lmin=-17.87, Lmax=-5.24
11:12:04 [ultranest] [DEBUG] iteration=1523, ncalls=4487, regioncalls=163960, ndraw=40, logz=-23.93, remainder_fraction=99.9992%, Lmin=-17.87, Lmax=-5.24
11:12:04 [ultranest] [DEBUG] iteration=1524, ncalls=4493, regioncalls=164200, ndraw=40, logz=-23.91, remainder_fraction=99.9992%, Lmin=-17.83, Lmax=-5.24
11:12:04 [ultranest] [DEBUG] iteration=1525, ncalls=4500, regioncalls=164480, ndraw=40, logz=-23.88, remainder_fraction=99.9992%, Lmin=-17.81, Lmax=-5.24
11:12:04 [ultranest] [DEBUG] iteration=1526, ncalls=4508, regioncalls=164800, ndraw=40, logz=-23.86, remainder_fraction=99.9992%, Lmin=-17.81, Lmax=-5.24
11:12:05 [ultranest] [DEBUG] iteration=1527, ncalls=4514, regioncalls=165240, ndraw=40, logz=-23.84, remainder_fraction=99.9991%, Lmin=-17.80, Lmax=-5.24
11:12:05 [ultranest] [DEBUG] iteration=1528, ncalls=4517, regioncalls=165360, ndraw=40, logz=-23.81, remainder_fraction=99.9991%, Lmin=-17.79, Lmax=-5.24
11:12:05 [ultranest] [DEBUG] iteration=1529, ncalls=4525, regioncalls=165680, ndraw=40, logz=-23.79, remainder_fraction=99.9991%, Lmin=-17.77, Lmax=-5.24
11:12:05 [ultranest] [DEBUG] iteration=1530, ncalls=4529, regioncalls=165840, ndraw=40, logz=-23.77, remainder_fraction=99.9991%, Lmin=-17.74, Lmax=-5.24
11:12:05 [ultranest] [DEBUG] iteration=1532, ncalls=4537, regioncalls=166200, ndraw=40, logz=-23.72, remainder_fraction=99.9990%, Lmin=-17.67, Lmax=-5.24
11:12:06 [ultranest] [DEBUG] iteration=1534, ncalls=4540, regioncalls=166320, ndraw=40, logz=-23.68, remainder_fraction=99.9990%, Lmin=-17.61, Lmax=-5.24
11:12:06 [ultranest] [DEBUG] iteration=1535, ncalls=4550, regioncalls=166720, ndraw=40, logz=-23.65, remainder_fraction=99.9990%, Lmin=-17.59, Lmax=-5.24
11:12:06 [ultranest] [DEBUG] iteration=1537, ncalls=4555, regioncalls=167200, ndraw=40, logz=-23.61, remainder_fraction=99.9989%, Lmin=-17.53, Lmax=-5.24
11:12:06 [ultranest] [DEBUG] iteration=1540, ncalls=4561, regioncalls=167440, ndraw=40, logz=-23.54, remainder_fraction=99.9989%, Lmin=-17.48, Lmax=-5.24
11:12:06 [ultranest] [DEBUG] iteration=1541, ncalls=4564, regioncalls=167560, ndraw=40, logz=-23.52, remainder_fraction=99.9989%, Lmin=-17.44, Lmax=-5.24
11:12:07 [ultranest] [DEBUG] iteration=1544, ncalls=4568, regioncalls=167880, ndraw=40, logz=-23.45, remainder_fraction=99.9988%, Lmin=-17.36, Lmax=-5.24
11:12:07 [ultranest] [DEBUG] iteration=1546, ncalls=4573, regioncalls=168080, ndraw=40, logz=-23.40, remainder_fraction=99.9988%, Lmin=-17.34, Lmax=-5.24
11:12:07 [ultranest] [DEBUG] iteration=1548, ncalls=4576, regioncalls=168200, ndraw=40, logz=-23.36, remainder_fraction=99.9987%, Lmin=-17.31, Lmax=-5.24
11:12:07 [ultranest] [DEBUG] iteration=1550, ncalls=4581, regioncalls=168400, ndraw=40, logz=-23.32, remainder_fraction=99.9986%, Lmin=-17.29, Lmax=-5.24
11:12:07 [ultranest] [DEBUG] iteration=1552, ncalls=4585, regioncalls=168560, ndraw=40, logz=-23.27, remainder_fraction=99.9986%, Lmin=-17.27, Lmax=-5.24
11:12:07 [ultranest] [DEBUG] iteration=1554, ncalls=4588, regioncalls=168680, ndraw=40, logz=-23.23, remainder_fraction=99.9985%, Lmin=-17.17, Lmax=-5.24
11:12:07 [ultranest] [DEBUG] iteration=1556, ncalls=4596, regioncalls=169000, ndraw=40, logz=-23.19, remainder_fraction=99.9984%, Lmin=-17.10, Lmax=-5.24
11:12:08 [ultranest] [DEBUG] iteration=1557, ncalls=4599, regioncalls=169120, ndraw=40, logz=-23.17, remainder_fraction=99.9984%, Lmin=-17.09, Lmax=-5.24
11:12:08 [ultranest] [DEBUG] iteration=1559, ncalls=4603, regioncalls=169280, ndraw=40, logz=-23.12, remainder_fraction=99.9983%, Lmin=-17.04, Lmax=-5.24
11:12:08 [ultranest] [DEBUG] iteration=1560, ncalls=4605, regioncalls=169360, ndraw=40, logz=-23.10, remainder_fraction=99.9983%, Lmin=-17.03, Lmax=-5.24
11:12:08 [ultranest] [DEBUG] iteration=1561, ncalls=4608, regioncalls=169480, ndraw=40, logz=-23.08, remainder_fraction=99.9982%, Lmin=-16.95, Lmax=-5.24
11:12:08 [ultranest] [DEBUG] iteration=1562, ncalls=4611, regioncalls=169600, ndraw=40, logz=-23.06, remainder_fraction=99.9982%, Lmin=-16.92, Lmax=-5.24
11:12:08 [ultranest] [DEBUG] iteration=1563, ncalls=4614, regioncalls=169720, ndraw=40, logz=-23.03, remainder_fraction=99.9982%, Lmin=-16.86, Lmax=-5.24
11:12:08 [ultranest] [DEBUG] iteration=1564, ncalls=4620, regioncalls=169960, ndraw=40, logz=-23.01, remainder_fraction=99.9981%, Lmin=-16.81, Lmax=-5.24
11:12:08 [ultranest] [DEBUG] iteration=1566, ncalls=4623, regioncalls=170080, ndraw=40, logz=-22.96, remainder_fraction=99.9980%, Lmin=-16.74, Lmax=-5.24
11:12:09 [ultranest] [DEBUG] iteration=1567, ncalls=4631, regioncalls=170400, ndraw=40, logz=-22.94, remainder_fraction=99.9980%, Lmin=-16.71, Lmax=-5.24
11:12:09 [ultranest] [DEBUG] iteration=1568, ncalls=4634, regioncalls=170520, ndraw=40, logz=-22.91, remainder_fraction=99.9979%, Lmin=-16.68, Lmax=-5.24
11:12:09 [ultranest] [DEBUG] iteration=1571, ncalls=4638, regioncalls=170680, ndraw=40, logz=-22.84, remainder_fraction=99.9977%, Lmin=-16.58, Lmax=-5.24
11:12:09 [ultranest] [DEBUG] iteration=1572, ncalls=4644, regioncalls=170920, ndraw=40, logz=-22.81, remainder_fraction=99.9977%, Lmin=-16.57, Lmax=-5.24
11:12:09 [ultranest] [DEBUG] iteration=1573, ncalls=4647, regioncalls=171040, ndraw=40, logz=-22.78, remainder_fraction=99.9976%, Lmin=-16.54, Lmax=-5.24
11:12:09 [ultranest] [DEBUG] iteration=1574, ncalls=4654, regioncalls=171320, ndraw=40, logz=-22.76, remainder_fraction=99.9975%, Lmin=-16.50, Lmax=-5.24
11:12:10 [ultranest] [DEBUG] iteration=1575, ncalls=4659, regioncalls=171520, ndraw=40, logz=-22.73, remainder_fraction=99.9975%, Lmin=-16.45, Lmax=-5.24
11:12:10 [ultranest] [DEBUG] iteration=1577, ncalls=4668, regioncalls=171880, ndraw=40, logz=-22.68, remainder_fraction=99.9973%, Lmin=-16.42, Lmax=-5.24
11:12:10 [ultranest] [DEBUG] iteration=1579, ncalls=4672, regioncalls=172040, ndraw=40, logz=-22.63, remainder_fraction=99.9972%, Lmin=-16.27, Lmax=-5.24
11:12:10 [ultranest] [DEBUG] iteration=1581, ncalls=4676, regioncalls=172200, ndraw=40, logz=-22.58, remainder_fraction=99.9970%, Lmin=-16.24, Lmax=-5.24
11:12:10 [ultranest] [DEBUG] iteration=1582, ncalls=4680, regioncalls=172360, ndraw=40, logz=-22.55, remainder_fraction=99.9969%, Lmin=-16.22, Lmax=-5.24
11:12:10 [ultranest] [DEBUG] iteration=1584, ncalls=4683, regioncalls=172480, ndraw=40, logz=-22.50, remainder_fraction=99.9968%, Lmin=-16.21, Lmax=-5.24
11:12:11 [ultranest] [DEBUG] iteration=1587, ncalls=4690, regioncalls=172760, ndraw=40, logz=-22.42, remainder_fraction=99.9965%, Lmin=-16.10, Lmax=-5.24
11:12:11 [ultranest] [DEBUG] iteration=1589, ncalls=4703, regioncalls=173320, ndraw=40, logz=-22.37, remainder_fraction=99.9963%, Lmin=-16.01, Lmax=-5.24
11:12:11 [ultranest] [DEBUG] iteration=1590, ncalls=4706, regioncalls=173440, ndraw=40, logz=-22.34, remainder_fraction=99.9963%, Lmin=-15.99, Lmax=-5.24
11:12:11 [ultranest] [DEBUG] iteration=1591, ncalls=4709, regioncalls=173560, ndraw=40, logz=-22.32, remainder_fraction=99.9961%, Lmin=-15.98, Lmax=-5.24
11:12:12 [ultranest] [DEBUG] iteration=1593, ncalls=4717, regioncalls=174000, ndraw=40, logz=-22.27, remainder_fraction=99.9959%, Lmin=-15.90, Lmax=-5.24
11:12:12 [ultranest] [DEBUG] iteration=1594, ncalls=4720, regioncalls=174160, ndraw=40, logz=-22.24, remainder_fraction=99.9958%, Lmin=-15.89, Lmax=-5.24
11:12:12 [ultranest] [DEBUG] iteration=1595, ncalls=4724, regioncalls=174320, ndraw=40, logz=-22.21, remainder_fraction=99.9957%, Lmin=-15.89, Lmax=-5.24
11:12:12 [ultranest] [DEBUG] iteration=1596, ncalls=4729, regioncalls=174520, ndraw=40, logz=-22.19, remainder_fraction=99.9956%, Lmin=-15.85, Lmax=-5.24
11:12:12 [ultranest] [DEBUG] iteration=1598, ncalls=4732, regioncalls=174640, ndraw=40, logz=-22.13, remainder_fraction=99.9953%, Lmin=-15.81, Lmax=-5.24
11:12:12 [ultranest] [DEBUG] iteration=1599, ncalls=4736, regioncalls=174800, ndraw=40, logz=-22.11, remainder_fraction=99.9952%, Lmin=-15.78, Lmax=-5.24
11:12:12 [ultranest] [DEBUG] iteration=1600, ncalls=4737, regioncalls=174840, ndraw=40, logz=-22.08, remainder_fraction=99.9950%, Lmin=-15.78, Lmax=-5.24
11:12:12 [ultranest] [DEBUG] iteration=1602, ncalls=4744, regioncalls=175120, ndraw=40, logz=-22.04, remainder_fraction=99.9948%, Lmin=-15.76, Lmax=-5.24
11:12:13 [ultranest] [DEBUG] iteration=1604, ncalls=4748, regioncalls=175280, ndraw=40, logz=-21.99, remainder_fraction=99.9945%, Lmin=-15.71, Lmax=-5.24
11:12:13 [ultranest] [DEBUG] iteration=1605, ncalls=4755, regioncalls=175560, ndraw=40, logz=-21.96, remainder_fraction=99.9944%, Lmin=-15.69, Lmax=-5.24
11:12:13 [ultranest] [DEBUG] iteration=1607, ncalls=4759, regioncalls=175720, ndraw=40, logz=-21.92, remainder_fraction=99.9941%, Lmin=-15.65, Lmax=-5.24
11:12:13 [ultranest] [DEBUG] iteration=1609, ncalls=4766, regioncalls=176000, ndraw=40, logz=-21.87, remainder_fraction=99.9937%, Lmin=-15.53, Lmax=-5.24
11:12:13 [ultranest] [DEBUG] iteration=1611, ncalls=4775, regioncalls=176360, ndraw=40, logz=-21.82, remainder_fraction=99.9934%, Lmin=-15.49, Lmax=-5.24
11:12:14 [ultranest] [DEBUG] iteration=1612, ncalls=4781, regioncalls=176600, ndraw=40, logz=-21.79, remainder_fraction=99.9932%, Lmin=-15.46, Lmax=-5.24
11:12:14 [ultranest] [DEBUG] iteration=1614, ncalls=4787, regioncalls=176840, ndraw=40, logz=-21.75, remainder_fraction=99.9929%, Lmin=-15.42, Lmax=-5.24
11:12:14 [ultranest] [DEBUG] iteration=1615, ncalls=4790, regioncalls=176960, ndraw=40, logz=-21.72, remainder_fraction=99.9927%, Lmin=-15.40, Lmax=-5.24
11:12:14 [ultranest] [DEBUG] iteration=1618, ncalls=4793, regioncalls=177080, ndraw=40, logz=-21.65, remainder_fraction=99.9921%, Lmin=-15.35, Lmax=-5.24
11:12:14 [ultranest] [DEBUG] iteration=1620, ncalls=4795, regioncalls=177160, ndraw=40, logz=-21.60, remainder_fraction=99.9917%, Lmin=-15.32, Lmax=-5.24
11:12:14 [ultranest] [DEBUG] iteration=1621, ncalls=4798, regioncalls=177320, ndraw=40, logz=-21.58, remainder_fraction=99.9915%, Lmin=-15.32, Lmax=-5.24
11:12:14 [ultranest] [DEBUG] iteration=1623, ncalls=4802, regioncalls=177480, ndraw=40, logz=-21.54, remainder_fraction=99.9911%, Lmin=-15.28, Lmax=-5.24
11:12:15 [ultranest] [DEBUG] iteration=1625, ncalls=4805, regioncalls=177600, ndraw=40, logz=-21.49, remainder_fraction=99.9907%, Lmin=-15.26, Lmax=-5.24
11:12:15 [ultranest] [DEBUG] iteration=1627, ncalls=4808, regioncalls=177720, ndraw=40, logz=-21.45, remainder_fraction=99.9903%, Lmin=-15.17, Lmax=-5.24
11:12:15 [ultranest] [DEBUG] iteration=1629, ncalls=4811, regioncalls=177840, ndraw=40, logz=-21.40, remainder_fraction=99.9898%, Lmin=-15.15, Lmax=-5.24
11:12:15 [ultranest] [DEBUG] iteration=1630, ncalls=4815, regioncalls=178000, ndraw=40, logz=-21.38, remainder_fraction=99.9895%, Lmin=-15.13, Lmax=-5.24
11:12:15 [ultranest] [DEBUG] iteration=1631, ncalls=4824, regioncalls=178360, ndraw=40, logz=-21.36, remainder_fraction=99.9893%, Lmin=-15.13, Lmax=-5.24
11:12:15 [ultranest] [DEBUG] iteration=1633, ncalls=4827, regioncalls=178480, ndraw=40, logz=-21.32, remainder_fraction=99.9888%, Lmin=-15.09, Lmax=-5.24
11:12:15 [ultranest] [DEBUG] iteration=1634, ncalls=4831, regioncalls=178720, ndraw=40, logz=-21.30, remainder_fraction=99.9886%, Lmin=-15.05, Lmax=-5.24
11:12:16 [ultranest] [DEBUG] iteration=1635, ncalls=4841, regioncalls=179280, ndraw=40, logz=-21.27, remainder_fraction=99.9883%, Lmin=-15.04, Lmax=-5.24
11:12:16 [ultranest] [DEBUG] iteration=1637, ncalls=4846, regioncalls=179480, ndraw=40, logz=-21.23, remainder_fraction=99.9878%, Lmin=-14.99, Lmax=-5.24
11:12:16 [ultranest] [DEBUG] iteration=1639, ncalls=4853, regioncalls=179800, ndraw=40, logz=-21.19, remainder_fraction=99.9872%, Lmin=-14.90, Lmax=-5.24
11:12:16 [ultranest] [DEBUG] iteration=1640, ncalls=4856, regioncalls=179920, ndraw=40, logz=-21.17, remainder_fraction=99.9869%, Lmin=-14.87, Lmax=-5.24
11:12:16 [ultranest] [DEBUG] iteration=1641, ncalls=4861, regioncalls=180120, ndraw=40, logz=-21.15, remainder_fraction=99.9869%, Lmin=-14.83, Lmax=-5.24
11:12:17 [ultranest] [DEBUG] iteration=1643, ncalls=4867, regioncalls=180360, ndraw=40, logz=-21.10, remainder_fraction=99.9867%, Lmin=-14.78, Lmax=-5.24
11:12:17 [ultranest] [DEBUG] iteration=1645, ncalls=4871, regioncalls=180520, ndraw=40, logz=-21.06, remainder_fraction=99.9861%, Lmin=-14.77, Lmax=-5.24
11:12:17 [ultranest] [DEBUG] iteration=1647, ncalls=4876, regioncalls=180720, ndraw=40, logz=-21.01, remainder_fraction=99.9854%, Lmin=-14.74, Lmax=-5.24
11:12:17 [ultranest] [DEBUG] iteration=1648, ncalls=4884, regioncalls=181080, ndraw=40, logz=-20.99, remainder_fraction=99.9851%, Lmin=-14.74, Lmax=-5.24
11:12:17 [ultranest] [DEBUG] iteration=1650, ncalls=4887, regioncalls=181240, ndraw=40, logz=-20.95, remainder_fraction=99.9846%, Lmin=-14.74, Lmax=-5.24
11:12:17 [ultranest] [DEBUG] iteration=1651, ncalls=4891, regioncalls=181400, ndraw=40, logz=-20.93, remainder_fraction=99.9843%, Lmin=-14.74, Lmax=-5.24
11:12:18 [ultranest] [DEBUG] iteration=1653, ncalls=4894, regioncalls=181520, ndraw=40, logz=-20.89, remainder_fraction=99.9836%, Lmin=-14.69, Lmax=-5.24
11:12:18 [ultranest] [DEBUG] iteration=1654, ncalls=4898, regioncalls=181680, ndraw=40, logz=-20.87, remainder_fraction=99.9832%, Lmin=-14.69, Lmax=-5.24
11:12:18 [ultranest] [DEBUG] iteration=1655, ncalls=4906, regioncalls=182120, ndraw=40, logz=-20.85, remainder_fraction=99.9829%, Lmin=-14.67, Lmax=-5.24
11:12:18 [ultranest] [DEBUG] iteration=1656, ncalls=4914, regioncalls=182440, ndraw=40, logz=-20.83, remainder_fraction=99.9825%, Lmin=-14.67, Lmax=-5.24
11:12:18 [ultranest] [DEBUG] iteration=1658, ncalls=4919, regioncalls=182760, ndraw=40, logz=-20.80, remainder_fraction=99.9817%, Lmin=-14.62, Lmax=-5.24
11:12:19 [ultranest] [DEBUG] iteration=1659, ncalls=4926, regioncalls=183040, ndraw=40, logz=-20.78, remainder_fraction=99.9813%, Lmin=-14.62, Lmax=-5.24
11:12:19 [ultranest] [DEBUG] iteration=1660, ncalls=4939, regioncalls=183560, ndraw=40, logz=-20.76, remainder_fraction=99.9809%, Lmin=-14.62, Lmax=-5.24
11:12:19 [ultranest] [DEBUG] iteration=1661, ncalls=4948, regioncalls=183920, ndraw=40, logz=-20.74, remainder_fraction=99.9806%, Lmin=-14.61, Lmax=-5.24
11:12:20 [ultranest] [DEBUG] iteration=1662, ncalls=4956, regioncalls=184240, ndraw=40, logz=-20.72, remainder_fraction=99.9802%, Lmin=-14.60, Lmax=-5.24
11:12:20 [ultranest] [DEBUG] iteration=1663, ncalls=4962, regioncalls=184480, ndraw=40, logz=-20.70, remainder_fraction=99.9798%, Lmin=-14.58, Lmax=-5.24
11:12:20 [ultranest] [DEBUG] iteration=1664, ncalls=4965, regioncalls=184760, ndraw=40, logz=-20.69, remainder_fraction=99.9794%, Lmin=-14.57, Lmax=-5.24
11:12:20 [ultranest] [DEBUG] iteration=1667, ncalls=4970, regioncalls=185040, ndraw=40, logz=-20.63, remainder_fraction=99.9782%, Lmin=-14.53, Lmax=-5.24
11:12:20 [ultranest] [DEBUG] iteration=1668, ncalls=4974, regioncalls=185200, ndraw=40, logz=-20.62, remainder_fraction=99.9778%, Lmin=-14.49, Lmax=-5.24
11:12:20 [ultranest] [DEBUG] iteration=1670, ncalls=4977, regioncalls=185320, ndraw=40, logz=-20.58, remainder_fraction=99.9772%, Lmin=-14.47, Lmax=-5.24
11:12:20 [ultranest] [DEBUG] iteration=1671, ncalls=4980, regioncalls=185440, ndraw=40, logz=-20.57, remainder_fraction=99.9767%, Lmin=-14.45, Lmax=-5.24
11:12:21 [ultranest] [DEBUG] iteration=1672, ncalls=4983, regioncalls=185560, ndraw=40, logz=-20.55, remainder_fraction=99.9763%, Lmin=-14.43, Lmax=-5.24
11:12:21 [ultranest] [DEBUG] iteration=1673, ncalls=4991, regioncalls=185880, ndraw=40, logz=-20.53, remainder_fraction=99.9758%, Lmin=-14.41, Lmax=-5.24
11:12:21 [ultranest] [DEBUG] iteration=1675, ncalls=5009, regioncalls=187000, ndraw=40, logz=-20.50, remainder_fraction=99.9748%, Lmin=-14.35, Lmax=-5.24
11:12:22 [ultranest] [DEBUG] iteration=1677, ncalls=5013, regioncalls=187280, ndraw=40, logz=-20.46, remainder_fraction=99.9739%, Lmin=-14.24, Lmax=-5.24
11:12:22 [ultranest] [DEBUG] iteration=1679, ncalls=5017, regioncalls=187440, ndraw=40, logz=-20.42, remainder_fraction=99.9735%, Lmin=-14.19, Lmax=-5.24
11:12:22 [ultranest] [DEBUG] iteration=1680, ncalls=5019, regioncalls=187560, ndraw=40, logz=-20.40, remainder_fraction=99.9729%, Lmin=-14.18, Lmax=-5.24
11:12:22 [ultranest] [DEBUG] iteration=1681, ncalls=5027, regioncalls=187920, ndraw=40, logz=-20.39, remainder_fraction=99.9724%, Lmin=-14.18, Lmax=-5.24
11:12:22 [ultranest] [DEBUG] iteration=1682, ncalls=5032, regioncalls=188120, ndraw=40, logz=-20.37, remainder_fraction=99.9718%, Lmin=-14.17, Lmax=-5.24
11:12:23 [ultranest] [DEBUG] iteration=1685, ncalls=5043, regioncalls=188640, ndraw=40, logz=-20.31, remainder_fraction=99.9701%, Lmin=-14.12, Lmax=-5.24
11:12:23 [ultranest] [DEBUG] iteration=1686, ncalls=5048, regioncalls=188840, ndraw=40, logz=-20.30, remainder_fraction=99.9700%, Lmin=-14.12, Lmax=-5.24
11:12:23 [ultranest] [DEBUG] iteration=1688, ncalls=5052, regioncalls=189000, ndraw=40, logz=-20.26, remainder_fraction=99.9688%, Lmin=-14.04, Lmax=-5.24
11:12:23 [ultranest] [DEBUG] iteration=1690, ncalls=5060, regioncalls=189320, ndraw=40, logz=-20.22, remainder_fraction=99.9675%, Lmin=-13.96, Lmax=-5.24
11:12:23 [ultranest] [DEBUG] iteration=1692, ncalls=5067, regioncalls=189600, ndraw=40, logz=-20.19, remainder_fraction=99.9661%, Lmin=-13.94, Lmax=-5.24
11:12:24 [ultranest] [DEBUG] iteration=1694, ncalls=5071, regioncalls=189760, ndraw=40, logz=-20.15, remainder_fraction=99.9651%, Lmin=-13.90, Lmax=-5.24
11:12:24 [ultranest] [DEBUG] iteration=1695, ncalls=5076, regioncalls=189960, ndraw=40, logz=-20.13, remainder_fraction=99.9644%, Lmin=-13.87, Lmax=-5.24
11:12:24 [ultranest] [DEBUG] iteration=1697, ncalls=5080, regioncalls=190120, ndraw=40, logz=-20.09, remainder_fraction=99.9628%, Lmin=-13.81, Lmax=-5.24
11:12:24 [ultranest] [DEBUG] iteration=1698, ncalls=5089, regioncalls=190560, ndraw=40, logz=-20.07, remainder_fraction=99.9620%, Lmin=-13.74, Lmax=-5.24
11:12:24 [ultranest] [DEBUG] iteration=1699, ncalls=5094, regioncalls=190840, ndraw=40, logz=-20.05, remainder_fraction=99.9613%, Lmin=-13.73, Lmax=-5.24
11:12:24 [ultranest] [DEBUG] iteration=1701, ncalls=5098, regioncalls=191040, ndraw=40, logz=-20.01, remainder_fraction=99.9596%, Lmin=-13.69, Lmax=-5.24
11:12:25 [ultranest] [DEBUG] iteration=1704, ncalls=5102, regioncalls=191240, ndraw=40, logz=-19.96, remainder_fraction=99.9571%, Lmin=-13.68, Lmax=-5.24
11:12:25 [ultranest] [DEBUG] iteration=1705, ncalls=5108, regioncalls=191480, ndraw=40, logz=-19.94, remainder_fraction=99.9562%, Lmin=-13.68, Lmax=-5.24
11:12:25 [ultranest] [DEBUG] iteration=1706, ncalls=5114, regioncalls=191720, ndraw=40, logz=-19.92, remainder_fraction=99.9553%, Lmin=-13.65, Lmax=-5.24
11:12:25 [ultranest] [DEBUG] iteration=1708, ncalls=5117, regioncalls=191840, ndraw=40, logz=-19.88, remainder_fraction=99.9535%, Lmin=-13.57, Lmax=-5.24
11:12:25 [ultranest] [DEBUG] iteration=1709, ncalls=5121, regioncalls=192080, ndraw=40, logz=-19.86, remainder_fraction=99.9524%, Lmin=-13.56, Lmax=-5.24
11:12:25 [ultranest] [DEBUG] iteration=1710, ncalls=5122, regioncalls=192120, ndraw=40, logz=-19.85, remainder_fraction=99.9515%, Lmin=-13.55, Lmax=-5.24
11:12:25 [ultranest] [DEBUG] iteration=1712, ncalls=5125, regioncalls=192240, ndraw=40, logz=-19.81, remainder_fraction=99.9503%, Lmin=-13.54, Lmax=-5.24
11:12:26 [ultranest] [DEBUG] iteration=1713, ncalls=5130, regioncalls=192440, ndraw=40, logz=-19.79, remainder_fraction=99.9493%, Lmin=-13.54, Lmax=-5.24
11:12:26 [ultranest] [DEBUG] iteration=1715, ncalls=5138, regioncalls=192920, ndraw=40, logz=-19.76, remainder_fraction=99.9477%, Lmin=-13.50, Lmax=-5.24
11:12:26 [ultranest] [DEBUG] iteration=1716, ncalls=5142, regioncalls=193120, ndraw=40, logz=-19.74, remainder_fraction=99.9467%, Lmin=-13.50, Lmax=-5.24
11:12:26 [ultranest] [DEBUG] iteration=1717, ncalls=5151, regioncalls=193480, ndraw=40, logz=-19.72, remainder_fraction=99.9457%, Lmin=-13.50, Lmax=-5.24
11:12:27 [ultranest] [DEBUG] iteration=1720, ncalls=5160, regioncalls=193840, ndraw=40, logz=-19.67, remainder_fraction=99.9424%, Lmin=-13.43, Lmax=-5.24
11:12:27 [ultranest] [DEBUG] iteration=1722, ncalls=5164, regioncalls=194000, ndraw=40, logz=-19.63, remainder_fraction=99.9403%, Lmin=-13.39, Lmax=-5.24
11:12:27 [ultranest] [DEBUG] iteration=1724, ncalls=5170, regioncalls=194280, ndraw=40, logz=-19.60, remainder_fraction=99.9379%, Lmin=-13.30, Lmax=-5.24
11:12:27 [ultranest] [DEBUG] iteration=1725, ncalls=5175, regioncalls=194480, ndraw=40, logz=-19.58, remainder_fraction=99.9367%, Lmin=-13.30, Lmax=-5.24
11:12:27 [ultranest] [DEBUG] iteration=1726, ncalls=5179, regioncalls=194640, ndraw=40, logz=-19.56, remainder_fraction=99.9363%, Lmin=-13.28, Lmax=-5.24
11:12:27 [ultranest] [DEBUG] iteration=1727, ncalls=5183, regioncalls=194800, ndraw=40, logz=-19.54, remainder_fraction=99.9350%, Lmin=-13.28, Lmax=-5.24
11:12:28 [ultranest] [DEBUG] iteration=1729, ncalls=5188, regioncalls=195000, ndraw=40, logz=-19.51, remainder_fraction=99.9328%, Lmin=-13.27, Lmax=-5.24
11:12:28 [ultranest] [DEBUG] iteration=1730, ncalls=5191, regioncalls=195120, ndraw=40, logz=-19.49, remainder_fraction=99.9316%, Lmin=-13.25, Lmax=-5.24
11:12:28 [ultranest] [DEBUG] iteration=1731, ncalls=5194, regioncalls=195240, ndraw=40, logz=-19.48, remainder_fraction=99.9303%, Lmin=-13.25, Lmax=-5.24
11:12:28 [ultranest] [DEBUG] iteration=1733, ncalls=5199, regioncalls=195480, ndraw=40, logz=-19.44, remainder_fraction=99.9294%, Lmin=-13.21, Lmax=-5.24
11:12:28 [ultranest] [DEBUG] iteration=1736, ncalls=5203, regioncalls=195640, ndraw=40, logz=-19.39, remainder_fraction=99.9253%, Lmin=-13.15, Lmax=-5.24
11:12:29 [ultranest] [DEBUG] iteration=1738, ncalls=5218, regioncalls=196240, ndraw=40, logz=-19.36, remainder_fraction=99.9224%, Lmin=-13.09, Lmax=-5.24
11:12:29 [ultranest] [DEBUG] iteration=1739, ncalls=5222, regioncalls=196440, ndraw=40, logz=-19.34, remainder_fraction=99.9210%, Lmin=-13.04, Lmax=-5.24
11:12:29 [ultranest] [DEBUG] iteration=1741, ncalls=5228, regioncalls=196680, ndraw=40, logz=-19.31, remainder_fraction=99.9194%, Lmin=-13.01, Lmax=-5.24
11:12:29 [ultranest] [DEBUG] iteration=1742, ncalls=5234, regioncalls=196920, ndraw=40, logz=-19.29, remainder_fraction=99.9178%, Lmin=-13.00, Lmax=-5.24
11:12:29 [ultranest] [DEBUG] iteration=1744, ncalls=5238, regioncalls=197080, ndraw=40, logz=-19.26, remainder_fraction=99.9146%, Lmin=-12.98, Lmax=-5.24
11:12:29 [ultranest] [DEBUG] iteration=1745, ncalls=5243, regioncalls=197280, ndraw=40, logz=-19.24, remainder_fraction=99.9130%, Lmin=-12.94, Lmax=-5.24
11:12:30 [ultranest] [DEBUG] iteration=1747, ncalls=5247, regioncalls=197440, ndraw=40, logz=-19.21, remainder_fraction=99.9121%, Lmin=-12.93, Lmax=-5.24
11:12:30 [ultranest] [DEBUG] iteration=1749, ncalls=5250, regioncalls=197560, ndraw=40, logz=-19.17, remainder_fraction=99.9088%, Lmin=-12.88, Lmax=-5.24
11:12:30 [ultranest] [DEBUG] iteration=1752, ncalls=5258, regioncalls=197880, ndraw=40, logz=-19.12, remainder_fraction=99.9055%, Lmin=-12.81, Lmax=-5.24
11:12:30 [ultranest] [DEBUG] iteration=1754, ncalls=5261, regioncalls=198000, ndraw=40, logz=-19.09, remainder_fraction=99.9018%, Lmin=-12.79, Lmax=-5.24
11:12:30 [ultranest] [DEBUG] iteration=1755, ncalls=5265, regioncalls=198160, ndraw=40, logz=-19.07, remainder_fraction=99.9003%, Lmin=-12.78, Lmax=-5.24
11:12:30 [ultranest] [DEBUG] iteration=1756, ncalls=5269, regioncalls=198320, ndraw=40, logz=-19.05, remainder_fraction=99.8983%, Lmin=-12.75, Lmax=-5.24
11:12:31 [ultranest] [DEBUG] iteration=1758, ncalls=5277, regioncalls=198680, ndraw=40, logz=-19.02, remainder_fraction=99.8943%, Lmin=-12.67, Lmax=-5.15
11:12:31 [ultranest] [DEBUG] iteration=1759, ncalls=5281, regioncalls=198960, ndraw=40, logz=-19.00, remainder_fraction=99.8958%, Lmin=-12.67, Lmax=-5.15
11:12:31 [ultranest] [DEBUG] iteration=1760, ncalls=5285, regioncalls=199280, ndraw=40, logz=-18.99, remainder_fraction=99.8938%, Lmin=-12.66, Lmax=-5.15
11:12:31 [ultranest] [DEBUG] iteration=1761, ncalls=5288, regioncalls=199400, ndraw=40, logz=-18.97, remainder_fraction=99.8917%, Lmin=-12.64, Lmax=-5.15
11:12:31 [ultranest] [DEBUG] iteration=1762, ncalls=5292, regioncalls=199560, ndraw=40, logz=-18.95, remainder_fraction=99.8895%, Lmin=-12.63, Lmax=-5.15
11:12:31 [ultranest] [DEBUG] iteration=1764, ncalls=5297, regioncalls=199760, ndraw=40, logz=-18.92, remainder_fraction=99.8857%, Lmin=-12.62, Lmax=-5.15
11:12:31 [ultranest] [DEBUG] iteration=1765, ncalls=5303, regioncalls=200000, ndraw=40, logz=-18.90, remainder_fraction=99.8836%, Lmin=-12.61, Lmax=-5.15
11:12:32 [ultranest] [DEBUG] iteration=1768, ncalls=5307, regioncalls=200160, ndraw=40, logz=-18.85, remainder_fraction=99.8772%, Lmin=-12.59, Lmax=-5.15
11:12:32 [ultranest] [DEBUG] iteration=1769, ncalls=5313, regioncalls=200400, ndraw=40, logz=-18.84, remainder_fraction=99.8750%, Lmin=-12.57, Lmax=-5.15
11:12:32 [ultranest] [DEBUG] iteration=1770, ncalls=5324, regioncalls=200840, ndraw=40, logz=-18.82, remainder_fraction=99.8733%, Lmin=-12.57, Lmax=-5.15
11:12:32 [ultranest] [DEBUG] iteration=1771, ncalls=5329, regioncalls=201040, ndraw=40, logz=-18.81, remainder_fraction=99.8711%, Lmin=-12.57, Lmax=-5.15
11:12:32 [ultranest] [DEBUG] iteration=1772, ncalls=5332, regioncalls=201160, ndraw=40, logz=-18.79, remainder_fraction=99.8689%, Lmin=-12.55, Lmax=-5.15
11:12:33 [ultranest] [DEBUG] iteration=1774, ncalls=5341, regioncalls=201520, ndraw=40, logz=-18.76, remainder_fraction=99.8665%, Lmin=-12.52, Lmax=-5.15
11:12:33 [ultranest] [DEBUG] iteration=1775, ncalls=5344, regioncalls=201640, ndraw=40, logz=-18.75, remainder_fraction=99.8642%, Lmin=-12.50, Lmax=-5.15
11:12:33 [ultranest] [DEBUG] iteration=1778, ncalls=5353, regioncalls=202000, ndraw=40, logz=-18.70, remainder_fraction=99.8591%, Lmin=-12.47, Lmax=-5.15
11:12:33 [ultranest] [DEBUG] iteration=1779, ncalls=5359, regioncalls=202240, ndraw=40, logz=-18.69, remainder_fraction=99.8567%, Lmin=-12.46, Lmax=-5.15
11:12:34 [ultranest] [DEBUG] iteration=1780, ncalls=5380, regioncalls=203080, ndraw=40, logz=-18.67, remainder_fraction=99.8557%, Lmin=-12.46, Lmax=-5.15
11:12:34 [ultranest] [DEBUG] iteration=1782, ncalls=5385, regioncalls=203280, ndraw=40, logz=-18.64, remainder_fraction=99.8508%, Lmin=-12.43, Lmax=-5.15
11:12:34 [ultranest] [DEBUG] iteration=1784, ncalls=5390, regioncalls=203480, ndraw=40, logz=-18.61, remainder_fraction=99.8461%, Lmin=-12.40, Lmax=-5.15
11:12:35 [ultranest] [DEBUG] iteration=1786, ncalls=5393, regioncalls=203600, ndraw=40, logz=-18.59, remainder_fraction=99.8420%, Lmin=-12.38, Lmax=-5.15
11:12:35 [ultranest] [DEBUG] iteration=1788, ncalls=5396, regioncalls=203720, ndraw=40, logz=-18.56, remainder_fraction=99.8366%, Lmin=-12.31, Lmax=-5.15
11:12:35 [ultranest] [DEBUG] iteration=1789, ncalls=5407, regioncalls=204160, ndraw=40, logz=-18.54, remainder_fraction=99.8338%, Lmin=-12.30, Lmax=-5.15
11:12:35 [ultranest] [DEBUG] iteration=1791, ncalls=5412, regioncalls=204400, ndraw=40, logz=-18.51, remainder_fraction=99.8285%, Lmin=-12.29, Lmax=-5.15
11:12:36 [ultranest] [DEBUG] iteration=1792, ncalls=5432, regioncalls=205240, ndraw=40, logz=-18.50, remainder_fraction=99.8257%, Lmin=-12.28, Lmax=-5.15
11:12:36 [ultranest] [DEBUG] iteration=1794, ncalls=5438, regioncalls=205480, ndraw=40, logz=-18.47, remainder_fraction=99.8215%, Lmin=-12.26, Lmax=-5.15
11:12:36 [ultranest] [DEBUG] iteration=1795, ncalls=5442, regioncalls=205640, ndraw=40, logz=-18.46, remainder_fraction=99.8186%, Lmin=-12.23, Lmax=-5.15
11:12:36 [ultranest] [DEBUG] iteration=1796, ncalls=5445, regioncalls=206320, ndraw=40, logz=-18.44, remainder_fraction=99.8155%, Lmin=-12.21, Lmax=-5.15
11:12:36 [ultranest] [DEBUG] iteration=1797, ncalls=5448, regioncalls=206440, ndraw=40, logz=-18.43, remainder_fraction=99.8130%, Lmin=-12.20, Lmax=-5.15
11:12:37 [ultranest] [DEBUG] iteration=1799, ncalls=5454, regioncalls=206680, ndraw=40, logz=-18.40, remainder_fraction=99.8116%, Lmin=-12.17, Lmax=-5.15
11:12:37 [ultranest] [DEBUG] iteration=1800, ncalls=5455, regioncalls=206720, ndraw=40, logz=-18.39, remainder_fraction=99.8085%, Lmin=-12.16, Lmax=-5.15
11:12:37 [ultranest] [DEBUG] iteration=1802, ncalls=5459, regioncalls=206880, ndraw=40, logz=-18.36, remainder_fraction=99.8033%, Lmin=-12.12, Lmax=-5.15
11:12:37 [ultranest] [DEBUG] iteration=1803, ncalls=5466, regioncalls=207160, ndraw=40, logz=-18.34, remainder_fraction=99.8001%, Lmin=-12.10, Lmax=-5.15
11:12:37 [ultranest] [DEBUG] iteration=1804, ncalls=5473, regioncalls=207440, ndraw=40, logz=-18.33, remainder_fraction=99.7974%, Lmin=-12.10, Lmax=-5.15
11:12:38 [ultranest] [DEBUG] iteration=1805, ncalls=5480, regioncalls=207720, ndraw=40, logz=-18.32, remainder_fraction=99.7941%, Lmin=-12.09, Lmax=-5.15
11:12:38 [ultranest] [DEBUG] iteration=1807, ncalls=5483, regioncalls=207840, ndraw=40, logz=-18.29, remainder_fraction=99.7890%, Lmin=-12.07, Lmax=-5.15
11:12:38 [ultranest] [DEBUG] iteration=1809, ncalls=5486, regioncalls=207960, ndraw=40, logz=-18.26, remainder_fraction=99.7861%, Lmin=-12.03, Lmax=-5.15
11:12:38 [ultranest] [DEBUG] iteration=1810, ncalls=5494, regioncalls=208280, ndraw=40, logz=-18.25, remainder_fraction=99.7827%, Lmin=-11.97, Lmax=-5.15
11:12:38 [ultranest] [DEBUG] iteration=1811, ncalls=5507, regioncalls=208840, ndraw=40, logz=-18.23, remainder_fraction=99.7806%, Lmin=-11.97, Lmax=-5.15
11:12:39 [ultranest] [DEBUG] iteration=1812, ncalls=5512, regioncalls=209040, ndraw=40, logz=-18.22, remainder_fraction=99.7769%, Lmin=-11.96, Lmax=-5.15
11:12:39 [ultranest] [DEBUG] iteration=1813, ncalls=5517, regioncalls=209280, ndraw=40, logz=-18.21, remainder_fraction=99.7737%, Lmin=-11.96, Lmax=-5.15
11:12:39 [ultranest] [DEBUG] iteration=1814, ncalls=5524, regioncalls=209560, ndraw=40, logz=-18.19, remainder_fraction=99.7701%, Lmin=-11.90, Lmax=-5.15
11:12:39 [ultranest] [DEBUG] iteration=1815, ncalls=5527, regioncalls=209680, ndraw=40, logz=-18.18, remainder_fraction=99.7679%, Lmin=-11.90, Lmax=-5.15
11:12:39 [ultranest] [DEBUG] iteration=1817, ncalls=5538, regioncalls=210200, ndraw=40, logz=-18.15, remainder_fraction=99.7603%, Lmin=-11.83, Lmax=-5.15
11:12:40 [ultranest] [DEBUG] iteration=1818, ncalls=5547, regioncalls=210560, ndraw=40, logz=-18.13, remainder_fraction=99.7579%, Lmin=-11.80, Lmax=-5.15
11:12:40 [ultranest] [DEBUG] iteration=1819, ncalls=5554, regioncalls=210840, ndraw=40, logz=-18.12, remainder_fraction=99.7541%, Lmin=-11.80, Lmax=-5.15
11:12:40 [ultranest] [DEBUG] iteration=1821, ncalls=5560, regioncalls=211160, ndraw=40, logz=-18.09, remainder_fraction=99.7457%, Lmin=-11.77, Lmax=-5.15
11:12:40 [ultranest] [DEBUG] iteration=1823, ncalls=5566, regioncalls=211400, ndraw=40, logz=-18.06, remainder_fraction=99.7392%, Lmin=-11.73, Lmax=-5.15
11:12:41 [ultranest] [DEBUG] iteration=1825, ncalls=5569, regioncalls=211520, ndraw=40, logz=-18.03, remainder_fraction=99.7303%, Lmin=-11.69, Lmax=-5.15
11:12:41 [ultranest] [DEBUG] iteration=1826, ncalls=5575, regioncalls=211840, ndraw=40, logz=-18.02, remainder_fraction=99.7256%, Lmin=-11.69, Lmax=-5.15
11:12:41 [ultranest] [DEBUG] iteration=1827, ncalls=5578, regioncalls=211960, ndraw=40, logz=-18.00, remainder_fraction=99.7217%, Lmin=-11.68, Lmax=-5.15
11:12:41 [ultranest] [DEBUG] iteration=1829, ncalls=5587, regioncalls=212320, ndraw=40, logz=-17.97, remainder_fraction=99.7123%, Lmin=-11.66, Lmax=-5.15
11:12:41 [ultranest] [DEBUG] iteration=1830, ncalls=5594, regioncalls=212600, ndraw=40, logz=-17.96, remainder_fraction=99.7075%, Lmin=-11.65, Lmax=-5.15
11:12:41 [ultranest] [DEBUG] iteration=1832, ncalls=5598, regioncalls=212760, ndraw=40, logz=-17.93, remainder_fraction=99.6989%, Lmin=-11.60, Lmax=-5.15
11:12:42 [ultranest] [DEBUG] iteration=1834, ncalls=5602, regioncalls=212920, ndraw=40, logz=-17.90, remainder_fraction=99.6914%, Lmin=-11.60, Lmax=-5.15
11:12:42 [ultranest] [DEBUG] iteration=1836, ncalls=5607, regioncalls=213120, ndraw=40, logz=-17.88, remainder_fraction=99.6826%, Lmin=-11.59, Lmax=-5.15
11:12:42 [ultranest] [DEBUG] iteration=1837, ncalls=5610, regioncalls=213240, ndraw=40, logz=-17.86, remainder_fraction=99.6794%, Lmin=-11.58, Lmax=-5.15
11:12:42 [ultranest] [DEBUG] iteration=1838, ncalls=5618, regioncalls=213560, ndraw=40, logz=-17.85, remainder_fraction=99.6802%, Lmin=-11.57, Lmax=-5.15
11:12:42 [ultranest] [DEBUG] iteration=1839, ncalls=5622, regioncalls=213880, ndraw=40, logz=-17.84, remainder_fraction=99.6771%, Lmin=-11.54, Lmax=-5.15
11:12:42 [ultranest] [DEBUG] iteration=1840, ncalls=5623, regioncalls=213920, ndraw=40, logz=-17.82, remainder_fraction=99.6727%, Lmin=-11.51, Lmax=-5.15
11:12:43 [ultranest] [DEBUG] iteration=1842, ncalls=5633, regioncalls=214320, ndraw=40, logz=-17.79, remainder_fraction=99.6674%, Lmin=-11.48, Lmax=-5.15
11:12:43 [ultranest] [DEBUG] iteration=1844, ncalls=5641, regioncalls=214640, ndraw=40, logz=-17.77, remainder_fraction=99.6603%, Lmin=-11.48, Lmax=-5.15
11:12:43 [ultranest] [DEBUG] iteration=1846, ncalls=5646, regioncalls=214840, ndraw=40, logz=-17.74, remainder_fraction=99.6508%, Lmin=-11.44, Lmax=-5.15
11:12:43 [ultranest] [DEBUG] iteration=1847, ncalls=5652, regioncalls=215080, ndraw=40, logz=-17.73, remainder_fraction=99.6453%, Lmin=-11.42, Lmax=-5.15
11:12:43 [ultranest] [DEBUG] iteration=1849, ncalls=5655, regioncalls=215200, ndraw=40, logz=-17.70, remainder_fraction=99.6341%, Lmin=-11.41, Lmax=-5.15
11:12:44 [ultranest] [DEBUG] iteration=1850, ncalls=5660, regioncalls=215400, ndraw=40, logz=-17.69, remainder_fraction=99.6294%, Lmin=-11.41, Lmax=-5.15
11:12:44 [ultranest] [DEBUG] iteration=1851, ncalls=5663, regioncalls=215520, ndraw=40, logz=-17.67, remainder_fraction=99.6240%, Lmin=-11.38, Lmax=-5.15
11:12:44 [ultranest] [DEBUG] iteration=1852, ncalls=5666, regioncalls=215640, ndraw=40, logz=-17.66, remainder_fraction=99.6181%, Lmin=-11.37, Lmax=-5.15
11:12:44 [ultranest] [DEBUG] iteration=1854, ncalls=5671, regioncalls=215840, ndraw=40, logz=-17.64, remainder_fraction=99.6069%, Lmin=-11.36, Lmax=-5.15
11:12:44 [ultranest] [DEBUG] iteration=1856, ncalls=5678, regioncalls=216120, ndraw=40, logz=-17.61, remainder_fraction=99.5959%, Lmin=-11.33, Lmax=-5.15
11:12:44 [ultranest] [DEBUG] iteration=1857, ncalls=5682, regioncalls=216280, ndraw=40, logz=-17.60, remainder_fraction=99.5926%, Lmin=-11.32, Lmax=-5.15
11:12:45 [ultranest] [DEBUG] iteration=1858, ncalls=5689, regioncalls=216560, ndraw=40, logz=-17.58, remainder_fraction=99.5868%, Lmin=-11.30, Lmax=-5.15
11:12:45 [ultranest] [DEBUG] iteration=1859, ncalls=5692, regioncalls=216680, ndraw=40, logz=-17.57, remainder_fraction=99.5805%, Lmin=-11.30, Lmax=-5.15
11:12:45 [ultranest] [DEBUG] iteration=1860, ncalls=5695, regioncalls=216800, ndraw=40, logz=-17.56, remainder_fraction=99.5749%, Lmin=-11.25, Lmax=-5.15
11:12:45 [ultranest] [DEBUG] iteration=1862, ncalls=5707, regioncalls=217280, ndraw=40, logz=-17.53, remainder_fraction=99.5657%, Lmin=-11.22, Lmax=-5.15
11:12:45 [ultranest] [DEBUG] iteration=1863, ncalls=5710, regioncalls=217400, ndraw=40, logz=-17.52, remainder_fraction=99.5590%, Lmin=-11.20, Lmax=-5.15
11:12:45 [ultranest] [DEBUG] iteration=1864, ncalls=5716, regioncalls=217640, ndraw=40, logz=-17.51, remainder_fraction=99.5564%, Lmin=-11.17, Lmax=-5.15
11:12:46 [ultranest] [DEBUG] iteration=1865, ncalls=5719, regioncalls=217760, ndraw=40, logz=-17.49, remainder_fraction=99.5494%, Lmin=-11.17, Lmax=-5.15
11:12:46 [ultranest] [DEBUG] iteration=1866, ncalls=5742, regioncalls=218680, ndraw=40, logz=-17.48, remainder_fraction=99.5424%, Lmin=-11.17, Lmax=-5.15
11:12:46 [ultranest] [DEBUG] iteration=1867, ncalls=5746, regioncalls=218840, ndraw=40, logz=-17.47, remainder_fraction=99.5438%, Lmin=-11.17, Lmax=-5.15
11:12:47 [ultranest] [DEBUG] iteration=1868, ncalls=5753, regioncalls=219120, ndraw=40, logz=-17.46, remainder_fraction=99.5377%, Lmin=-11.16, Lmax=-5.15
11:12:47 [ultranest] [DEBUG] iteration=1870, ncalls=5757, regioncalls=219280, ndraw=40, logz=-17.43, remainder_fraction=99.5341%, Lmin=-11.14, Lmax=-5.15
11:12:47 [ultranest] [DEBUG] iteration=1872, ncalls=5760, regioncalls=219400, ndraw=40, logz=-17.40, remainder_fraction=99.5202%, Lmin=-11.12, Lmax=-5.15
11:12:47 [ultranest] [DEBUG] iteration=1873, ncalls=5767, regioncalls=219960, ndraw=40, logz=-17.39, remainder_fraction=99.5132%, Lmin=-11.07, Lmax=-5.15
11:12:47 [ultranest] [DEBUG] iteration=1874, ncalls=5773, regioncalls=220320, ndraw=40, logz=-17.38, remainder_fraction=99.5058%, Lmin=-11.07, Lmax=-5.15
11:12:48 [ultranest] [DEBUG] iteration=1875, ncalls=5783, regioncalls=220760, ndraw=40, logz=-17.37, remainder_fraction=99.4984%, Lmin=-11.05, Lmax=-5.15
11:12:48 [ultranest] [DEBUG] iteration=1876, ncalls=5793, regioncalls=221240, ndraw=40, logz=-17.35, remainder_fraction=99.4913%, Lmin=-11.04, Lmax=-5.15
11:12:48 [ultranest] [DEBUG] iteration=1878, ncalls=5800, regioncalls=221560, ndraw=40, logz=-17.33, remainder_fraction=99.4760%, Lmin=-11.02, Lmax=-5.15
11:12:49 [ultranest] [DEBUG] iteration=1879, ncalls=5807, regioncalls=221960, ndraw=40, logz=-17.32, remainder_fraction=99.4683%, Lmin=-11.01, Lmax=-5.15
11:12:49 [ultranest] [DEBUG] iteration=1880, ncalls=5811, regioncalls=222120, ndraw=40, logz=-17.30, remainder_fraction=99.4645%, Lmin=-11.00, Lmax=-5.15
11:12:49 [ultranest] [DEBUG] iteration=1881, ncalls=5820, regioncalls=222480, ndraw=40, logz=-17.29, remainder_fraction=99.4566%, Lmin=-11.00, Lmax=-5.15
11:12:49 [ultranest] [DEBUG] iteration=1882, ncalls=5823, regioncalls=222600, ndraw=40, logz=-17.28, remainder_fraction=99.4486%, Lmin=-10.99, Lmax=-5.15
11:12:49 [ultranest] [DEBUG] iteration=1884, ncalls=5826, regioncalls=222720, ndraw=40, logz=-17.26, remainder_fraction=99.4343%, Lmin=-10.98, Lmax=-5.15
11:12:49 [ultranest] [DEBUG] iteration=1885, ncalls=5833, regioncalls=223000, ndraw=40, logz=-17.24, remainder_fraction=99.4263%, Lmin=-10.97, Lmax=-5.15
11:12:50 [ultranest] [DEBUG] iteration=1886, ncalls=5853, regioncalls=223800, ndraw=40, logz=-17.23, remainder_fraction=99.4182%, Lmin=-10.97, Lmax=-5.15
11:12:50 [ultranest] [DEBUG] iteration=1887, ncalls=5857, regioncalls=223960, ndraw=40, logz=-17.22, remainder_fraction=99.4102%, Lmin=-10.92, Lmax=-5.15
11:12:50 [ultranest] [DEBUG] iteration=1888, ncalls=5862, regioncalls=224160, ndraw=40, logz=-17.21, remainder_fraction=99.4019%, Lmin=-10.92, Lmax=-5.15
11:12:51 [ultranest] [DEBUG] iteration=1889, ncalls=5868, regioncalls=224440, ndraw=40, logz=-17.20, remainder_fraction=99.3938%, Lmin=-10.90, Lmax=-5.15
11:12:52 [ultranest] [DEBUG] iteration=1890, ncalls=5897, regioncalls=225800, ndraw=40, logz=-17.18, remainder_fraction=99.3854%, Lmin=-10.89, Lmax=-5.15
11:12:52 [ultranest] [DEBUG] iteration=1891, ncalls=5903, regioncalls=226040, ndraw=40, logz=-17.17, remainder_fraction=99.3772%, Lmin=-10.88, Lmax=-5.15
11:12:52 [ultranest] [DEBUG] iteration=1892, ncalls=5906, regioncalls=226160, ndraw=40, logz=-17.16, remainder_fraction=99.3683%, Lmin=-10.88, Lmax=-5.15
11:12:53 [ultranest] [DEBUG] iteration=1894, ncalls=5924, regioncalls=227000, ndraw=40, logz=-17.14, remainder_fraction=99.3508%, Lmin=-10.86, Lmax=-5.15
11:12:53 [ultranest] [DEBUG] iteration=1897, ncalls=5936, regioncalls=227480, ndraw=40, logz=-17.10, remainder_fraction=99.3316%, Lmin=-10.81, Lmax=-5.15
11:12:53 [ultranest] [DEBUG] iteration=1899, ncalls=5945, regioncalls=227840, ndraw=40, logz=-17.08, remainder_fraction=99.3136%, Lmin=-10.79, Lmax=-5.15
11:12:53 [ultranest] [DEBUG] iteration=1900, ncalls=5950, regioncalls=228040, ndraw=40, logz=-17.07, remainder_fraction=99.3070%, Lmin=-10.78, Lmax=-5.15
11:12:54 [ultranest] [DEBUG] iteration=1902, ncalls=5959, regioncalls=228400, ndraw=40, logz=-17.04, remainder_fraction=99.2887%, Lmin=-10.77, Lmax=-5.15
11:12:54 [ultranest] [DEBUG] iteration=1903, ncalls=5973, regioncalls=228960, ndraw=40, logz=-17.03, remainder_fraction=99.2793%, Lmin=-10.76, Lmax=-5.15
11:12:55 [ultranest] [DEBUG] iteration=1904, ncalls=5991, regioncalls=230000, ndraw=40, logz=-17.02, remainder_fraction=99.2694%, Lmin=-10.75, Lmax=-5.15
11:12:55 [ultranest] [DEBUG] iteration=1905, ncalls=6001, regioncalls=230680, ndraw=40, logz=-17.01, remainder_fraction=99.2594%, Lmin=-10.75, Lmax=-5.15
11:12:55 [ultranest] [DEBUG] iteration=1907, ncalls=6004, regioncalls=230800, ndraw=40, logz=-16.99, remainder_fraction=99.2466%, Lmin=-10.73, Lmax=-5.15
11:12:55 [ultranest] [DEBUG] iteration=1908, ncalls=6007, regioncalls=230920, ndraw=40, logz=-16.98, remainder_fraction=99.2371%, Lmin=-10.71, Lmax=-5.15
11:12:56 [ultranest] [DEBUG] iteration=1910, ncalls=6011, regioncalls=231080, ndraw=40, logz=-16.96, remainder_fraction=99.2200%, Lmin=-10.70, Lmax=-5.15
11:12:56 [ultranest] [DEBUG] iteration=1911, ncalls=6015, regioncalls=231240, ndraw=40, logz=-16.94, remainder_fraction=99.2096%, Lmin=-10.70, Lmax=-5.15
11:12:56 [ultranest] [DEBUG] iteration=1913, ncalls=6031, regioncalls=231880, ndraw=40, logz=-16.92, remainder_fraction=99.1908%, Lmin=-10.70, Lmax=-5.15
11:12:56 [ultranest] [DEBUG] iteration=1914, ncalls=6038, regioncalls=232160, ndraw=40, logz=-16.91, remainder_fraction=99.1805%, Lmin=-10.68, Lmax=-5.15
11:12:57 [ultranest] [DEBUG] iteration=1915, ncalls=6044, regioncalls=232400, ndraw=40, logz=-16.90, remainder_fraction=99.1700%, Lmin=-10.68, Lmax=-5.15
11:12:57 [ultranest] [DEBUG] iteration=1916, ncalls=6049, regioncalls=232600, ndraw=40, logz=-16.89, remainder_fraction=99.1664%, Lmin=-10.67, Lmax=-5.15
11:12:57 [ultranest] [DEBUG] iteration=1917, ncalls=6055, regioncalls=232840, ndraw=40, logz=-16.88, remainder_fraction=99.1557%, Lmin=-10.66, Lmax=-5.15
11:12:57 [ultranest] [DEBUG] iteration=1918, ncalls=6058, regioncalls=232960, ndraw=40, logz=-16.87, remainder_fraction=99.1452%, Lmin=-10.66, Lmax=-5.15
11:12:58 [ultranest] [DEBUG] iteration=1919, ncalls=6074, regioncalls=233600, ndraw=40, logz=-16.86, remainder_fraction=99.1344%, Lmin=-10.65, Lmax=-5.15
11:12:58 [ultranest] [DEBUG] iteration=1920, ncalls=6081, regioncalls=233880, ndraw=40, logz=-16.85, remainder_fraction=99.1235%, Lmin=-10.64, Lmax=-5.15
11:12:58 [ultranest] [DEBUG] iteration=1921, ncalls=6085, regioncalls=234040, ndraw=40, logz=-16.84, remainder_fraction=99.1146%, Lmin=-10.61, Lmax=-5.15
11:12:58 [ultranest] [DEBUG] iteration=1922, ncalls=6092, regioncalls=234320, ndraw=40, logz=-16.83, remainder_fraction=99.1033%, Lmin=-10.60, Lmax=-5.15
11:12:58 [ultranest] [DEBUG] iteration=1923, ncalls=6095, regioncalls=234440, ndraw=40, logz=-16.82, remainder_fraction=99.0942%, Lmin=-10.58, Lmax=-5.15
11:12:58 [ultranest] [DEBUG] iteration=1924, ncalls=6098, regioncalls=234560, ndraw=40, logz=-16.81, remainder_fraction=99.0828%, Lmin=-10.56, Lmax=-5.15
11:12:59 [ultranest] [DEBUG] iteration=1925, ncalls=6101, regioncalls=234680, ndraw=40, logz=-16.80, remainder_fraction=99.0722%, Lmin=-10.56, Lmax=-5.15
11:12:59 [ultranest] [DEBUG] iteration=1927, ncalls=6107, regioncalls=234920, ndraw=40, logz=-16.78, remainder_fraction=99.0558%, Lmin=-10.52, Lmax=-5.15
11:12:59 [ultranest] [DEBUG] iteration=1928, ncalls=6113, regioncalls=235160, ndraw=40, logz=-16.77, remainder_fraction=99.0436%, Lmin=-10.52, Lmax=-5.15
11:12:59 [ultranest] [DEBUG] iteration=1929, ncalls=6121, regioncalls=235480, ndraw=40, logz=-16.76, remainder_fraction=99.0353%, Lmin=-10.52, Lmax=-5.15
11:12:59 [ultranest] [DEBUG] iteration=1930, ncalls=6125, regioncalls=235640, ndraw=40, logz=-16.75, remainder_fraction=99.0267%, Lmin=-10.52, Lmax=-5.15
11:13:00 [ultranest] [DEBUG] iteration=1931, ncalls=6136, regioncalls=236160, ndraw=40, logz=-16.74, remainder_fraction=99.0149%, Lmin=-10.51, Lmax=-5.15
11:13:00 [ultranest] [DEBUG] iteration=1932, ncalls=6146, regioncalls=236560, ndraw=40, logz=-16.73, remainder_fraction=99.0026%, Lmin=-10.50, Lmax=-5.15
11:13:00 [ultranest] [DEBUG] iteration=1933, ncalls=6152, regioncalls=236800, ndraw=40, logz=-16.72, remainder_fraction=98.9902%, Lmin=-10.46, Lmax=-5.15
11:13:01 [ultranest] [DEBUG] iteration=1936, ncalls=6159, regioncalls=237280, ndraw=40, logz=-16.69, remainder_fraction=98.9570%, Lmin=-10.44, Lmax=-5.15
11:13:01 [ultranest] [DEBUG] iteration=1937, ncalls=6166, regioncalls=237600, ndraw=40, logz=-16.68, remainder_fraction=98.9439%, Lmin=-10.44, Lmax=-5.15
11:13:01 [ultranest] [DEBUG] iteration=1939, ncalls=6173, regioncalls=238000, ndraw=40, logz=-16.66, remainder_fraction=98.9195%, Lmin=-10.42, Lmax=-5.15
11:13:01 [ultranest] [DEBUG] iteration=1941, ncalls=6176, regioncalls=238120, ndraw=40, logz=-16.64, remainder_fraction=98.8989%, Lmin=-10.42, Lmax=-5.15
11:13:01 [ultranest] [DEBUG] iteration=1943, ncalls=6182, regioncalls=238360, ndraw=40, logz=-16.62, remainder_fraction=98.8720%, Lmin=-10.40, Lmax=-5.15
11:13:02 [ultranest] [DEBUG] iteration=1945, ncalls=6197, regioncalls=238960, ndraw=40, logz=-16.60, remainder_fraction=98.8495%, Lmin=-10.39, Lmax=-5.15
11:13:02 [ultranest] [DEBUG] iteration=1947, ncalls=6203, regioncalls=239240, ndraw=40, logz=-16.58, remainder_fraction=98.8242%, Lmin=-10.37, Lmax=-5.15
11:13:02 [ultranest] [DEBUG] iteration=1948, ncalls=6210, regioncalls=239520, ndraw=40, logz=-16.57, remainder_fraction=98.8131%, Lmin=-10.36, Lmax=-5.15
11:13:03 [ultranest] [DEBUG] iteration=1950, ncalls=6221, regioncalls=239960, ndraw=40, logz=-16.55, remainder_fraction=98.7953%, Lmin=-10.36, Lmax=-5.15
11:13:03 [ultranest] [DEBUG] iteration=1952, ncalls=6226, regioncalls=240160, ndraw=40, logz=-16.53, remainder_fraction=98.7791%, Lmin=-10.35, Lmax=-5.15
11:13:04 [ultranest] [DEBUG] iteration=1953, ncalls=6247, regioncalls=241080, ndraw=40, logz=-16.52, remainder_fraction=98.7800%, Lmin=-10.33, Lmax=-5.15
11:13:04 [ultranest] [DEBUG] iteration=1954, ncalls=6268, regioncalls=241960, ndraw=40, logz=-16.51, remainder_fraction=98.7675%, Lmin=-10.33, Lmax=-5.15
11:13:04 [ultranest] [DEBUG] iteration=1956, ncalls=6272, regioncalls=242120, ndraw=40, logz=-16.49, remainder_fraction=98.7397%, Lmin=-10.31, Lmax=-5.15
11:13:05 [ultranest] [DEBUG] iteration=1957, ncalls=6276, regioncalls=242320, ndraw=40, logz=-16.49, remainder_fraction=98.7267%, Lmin=-10.28, Lmax=-5.15
11:13:05 [ultranest] [DEBUG] iteration=1959, ncalls=6286, regioncalls=242840, ndraw=40, logz=-16.47, remainder_fraction=98.7062%, Lmin=-10.27, Lmax=-5.15
11:13:05 [ultranest] [DEBUG] iteration=1960, ncalls=6288, regioncalls=242920, ndraw=40, logz=-16.46, remainder_fraction=98.6915%, Lmin=-10.27, Lmax=-5.15
11:13:05 [ultranest] [DEBUG] iteration=1961, ncalls=6292, regioncalls=243080, ndraw=40, logz=-16.45, remainder_fraction=98.6785%, Lmin=-10.25, Lmax=-5.15
11:13:05 [ultranest] [DEBUG] iteration=1962, ncalls=6302, regioncalls=243480, ndraw=40, logz=-16.44, remainder_fraction=98.6640%, Lmin=-10.23, Lmax=-5.15
11:13:06 [ultranest] [DEBUG] iteration=1964, ncalls=6308, regioncalls=243800, ndraw=40, logz=-16.42, remainder_fraction=98.6430%, Lmin=-10.18, Lmax=-5.15
11:13:06 [ultranest] [DEBUG] iteration=1965, ncalls=6313, regioncalls=244040, ndraw=40, logz=-16.41, remainder_fraction=98.6319%, Lmin=-10.18, Lmax=-5.15
11:13:06 [ultranest] [DEBUG] iteration=1966, ncalls=6316, regioncalls=244160, ndraw=40, logz=-16.40, remainder_fraction=98.6163%, Lmin=-10.16, Lmax=-5.15
11:13:06 [ultranest] [DEBUG] iteration=1967, ncalls=6320, regioncalls=244400, ndraw=40, logz=-16.39, remainder_fraction=98.6017%, Lmin=-10.16, Lmax=-5.15
11:13:06 [ultranest] [DEBUG] iteration=1968, ncalls=6326, regioncalls=244720, ndraw=40, logz=-16.38, remainder_fraction=98.5856%, Lmin=-10.15, Lmax=-5.15
11:13:06 [ultranest] [DEBUG] iteration=1969, ncalls=6334, regioncalls=245040, ndraw=40, logz=-16.37, remainder_fraction=98.5695%, Lmin=-10.14, Lmax=-5.15
11:13:07 [ultranest] [DEBUG] iteration=1971, ncalls=6349, regioncalls=245640, ndraw=40, logz=-16.36, remainder_fraction=98.5633%, Lmin=-10.12, Lmax=-5.15
11:13:07 [ultranest] [DEBUG] iteration=1972, ncalls=6359, regioncalls=246040, ndraw=40, logz=-16.35, remainder_fraction=98.5467%, Lmin=-10.11, Lmax=-5.15
11:13:07 [ultranest] [DEBUG] iteration=1974, ncalls=6363, regioncalls=246200, ndraw=40, logz=-16.33, remainder_fraction=98.5234%, Lmin=-10.09, Lmax=-5.15
11:13:08 [ultranest] [DEBUG] iteration=1976, ncalls=6370, regioncalls=246480, ndraw=40, logz=-16.31, remainder_fraction=98.4930%, Lmin=-10.08, Lmax=-5.15
11:13:08 [ultranest] [DEBUG] iteration=1978, ncalls=6380, regioncalls=246960, ndraw=40, logz=-16.29, remainder_fraction=98.4780%, Lmin=-10.08, Lmax=-5.15
11:13:08 [ultranest] [DEBUG] iteration=1979, ncalls=6383, regioncalls=247080, ndraw=40, logz=-16.28, remainder_fraction=98.4684%, Lmin=-10.08, Lmax=-5.15
11:13:08 [ultranest] [DEBUG] iteration=1980, ncalls=6385, regioncalls=247240, ndraw=40, logz=-16.28, remainder_fraction=98.4513%, Lmin=-10.07, Lmax=-5.15
11:13:08 [ultranest] [DEBUG] iteration=1981, ncalls=6390, regioncalls=247440, ndraw=40, logz=-16.27, remainder_fraction=98.4343%, Lmin=-10.06, Lmax=-5.15
11:13:09 [ultranest] [DEBUG] iteration=1983, ncalls=6394, regioncalls=247600, ndraw=40, logz=-16.25, remainder_fraction=98.4158%, Lmin=-10.05, Lmax=-5.15
11:13:09 [ultranest] [DEBUG] iteration=1985, ncalls=6398, regioncalls=247880, ndraw=40, logz=-16.23, remainder_fraction=98.3852%, Lmin=-10.04, Lmax=-5.15
11:13:09 [ultranest] [DEBUG] iteration=1986, ncalls=6401, regioncalls=248000, ndraw=40, logz=-16.22, remainder_fraction=98.3799%, Lmin=-10.04, Lmax=-5.15
11:13:09 [ultranest] [DEBUG] iteration=1987, ncalls=6407, regioncalls=248240, ndraw=40, logz=-16.22, remainder_fraction=98.3625%, Lmin=-10.00, Lmax=-5.15
11:13:09 [ultranest] [DEBUG] iteration=1988, ncalls=6415, regioncalls=248560, ndraw=40, logz=-16.21, remainder_fraction=98.3467%, Lmin=-10.00, Lmax=-5.15
11:13:09 [ultranest] [DEBUG] iteration=1989, ncalls=6418, regioncalls=248680, ndraw=40, logz=-16.20, remainder_fraction=98.3296%, Lmin=-9.99, Lmax=-5.15
11:13:10 [ultranest] [DEBUG] iteration=1991, ncalls=6423, regioncalls=248880, ndraw=40, logz=-16.18, remainder_fraction=98.2945%, Lmin=-9.98, Lmax=-5.15
11:13:10 [ultranest] [DEBUG] iteration=1992, ncalls=6428, regioncalls=249080, ndraw=40, logz=-16.17, remainder_fraction=98.2765%, Lmin=-9.98, Lmax=-5.15
11:13:10 [ultranest] [DEBUG] iteration=1994, ncalls=6432, regioncalls=249240, ndraw=40, logz=-16.16, remainder_fraction=98.2487%, Lmin=-9.94, Lmax=-5.15
11:13:10 [ultranest] [DEBUG] iteration=1996, ncalls=6438, regioncalls=249480, ndraw=40, logz=-16.14, remainder_fraction=98.2110%, Lmin=-9.93, Lmax=-5.15
11:13:10 [ultranest] [DEBUG] iteration=1998, ncalls=6441, regioncalls=249600, ndraw=40, logz=-16.12, remainder_fraction=98.1800%, Lmin=-9.92, Lmax=-5.15
11:13:10 [ultranest] [DEBUG] iteration=2000, ncalls=6448, regioncalls=249880, ndraw=40, logz=-16.10, remainder_fraction=98.1452%, Lmin=-9.86, Lmax=-5.15
11:13:10 [ultranest] [DEBUG] iteration=2002, ncalls=6451, regioncalls=250000, ndraw=40, logz=-16.09, remainder_fraction=98.1115%, Lmin=-9.82, Lmax=-5.15
11:13:11 [ultranest] [DEBUG] iteration=2003, ncalls=6455, regioncalls=250160, ndraw=40, logz=-16.08, remainder_fraction=98.0906%, Lmin=-9.82, Lmax=-5.15
11:13:11 [ultranest] [DEBUG] iteration=2004, ncalls=6458, regioncalls=250280, ndraw=40, logz=-16.07, remainder_fraction=98.0697%, Lmin=-9.78, Lmax=-5.15
11:13:11 [ultranest] [DEBUG] iteration=2006, ncalls=6463, regioncalls=250480, ndraw=40, logz=-16.05, remainder_fraction=98.0277%, Lmin=-9.75, Lmax=-5.15
11:13:11 [ultranest] [DEBUG] iteration=2007, ncalls=6469, regioncalls=250720, ndraw=40, logz=-16.04, remainder_fraction=98.0072%, Lmin=-9.73, Lmax=-5.15
11:13:11 [ultranest] [DEBUG] iteration=2008, ncalls=6476, regioncalls=251000, ndraw=40, logz=-16.03, remainder_fraction=97.9873%, Lmin=-9.71, Lmax=-5.15
11:13:11 [ultranest] [DEBUG] iteration=2009, ncalls=6479, regioncalls=251120, ndraw=40, logz=-16.03, remainder_fraction=97.9721%, Lmin=-9.70, Lmax=-5.15
11:13:12 [ultranest] [DEBUG] iteration=2011, ncalls=6487, regioncalls=251440, ndraw=40, logz=-16.01, remainder_fraction=97.9272%, Lmin=-9.67, Lmax=-5.15
11:13:12 [ultranest] [DEBUG] iteration=2013, ncalls=6491, regioncalls=251600, ndraw=40, logz=-15.99, remainder_fraction=97.8873%, Lmin=-9.65, Lmax=-5.15
11:13:12 [ultranest] [DEBUG] iteration=2014, ncalls=6498, regioncalls=251880, ndraw=40, logz=-15.98, remainder_fraction=97.8631%, Lmin=-9.65, Lmax=-5.15
11:13:12 [ultranest] [DEBUG] iteration=2016, ncalls=6503, regioncalls=252080, ndraw=40, logz=-15.96, remainder_fraction=97.8196%, Lmin=-9.60, Lmax=-5.15
11:13:12 [ultranest] [DEBUG] iteration=2018, ncalls=6507, regioncalls=252240, ndraw=40, logz=-15.94, remainder_fraction=97.7716%, Lmin=-9.59, Lmax=-5.15
11:13:13 [ultranest] [DEBUG] iteration=2020, ncalls=6515, regioncalls=252560, ndraw=40, logz=-15.92, remainder_fraction=97.7290%, Lmin=-9.59, Lmax=-5.15
11:13:13 [ultranest] [DEBUG] iteration=2021, ncalls=6524, regioncalls=252920, ndraw=40, logz=-15.92, remainder_fraction=97.7059%, Lmin=-9.57, Lmax=-5.15
11:13:13 [ultranest] [DEBUG] iteration=2023, ncalls=6528, regioncalls=253080, ndraw=40, logz=-15.90, remainder_fraction=97.6571%, Lmin=-9.54, Lmax=-5.15
11:13:13 [ultranest] [DEBUG] iteration=2024, ncalls=6531, regioncalls=253200, ndraw=40, logz=-15.89, remainder_fraction=97.6371%, Lmin=-9.54, Lmax=-5.15
11:13:13 [ultranest] [DEBUG] iteration=2025, ncalls=6536, regioncalls=253400, ndraw=40, logz=-15.88, remainder_fraction=97.6109%, Lmin=-9.53, Lmax=-5.15
11:13:14 [ultranest] [DEBUG] iteration=2027, ncalls=6546, regioncalls=253800, ndraw=40, logz=-15.86, remainder_fraction=97.5576%, Lmin=-9.51, Lmax=-5.15
11:13:14 [ultranest] [DEBUG] iteration=2028, ncalls=6549, regioncalls=253920, ndraw=40, logz=-15.85, remainder_fraction=97.5316%, Lmin=-9.51, Lmax=-5.15
11:13:14 [ultranest] [DEBUG] iteration=2029, ncalls=6553, regioncalls=254080, ndraw=40, logz=-15.84, remainder_fraction=97.5244%, Lmin=-9.48, Lmax=-5.15
11:13:14 [ultranest] [DEBUG] iteration=2030, ncalls=6566, regioncalls=254600, ndraw=40, logz=-15.83, remainder_fraction=97.4989%, Lmin=-9.48, Lmax=-5.15
11:13:14 [ultranest] [DEBUG] iteration=2032, ncalls=6569, regioncalls=254720, ndraw=40, logz=-15.82, remainder_fraction=97.4563%, Lmin=-9.46, Lmax=-5.15
11:13:15 [ultranest] [DEBUG] iteration=2035, ncalls=6572, regioncalls=254880, ndraw=40, logz=-15.79, remainder_fraction=97.3770%, Lmin=-9.42, Lmax=-5.15
11:13:15 [ultranest] [DEBUG] iteration=2036, ncalls=6578, regioncalls=255120, ndraw=40, logz=-15.78, remainder_fraction=97.3514%, Lmin=-9.41, Lmax=-5.15
11:13:15 [ultranest] [DEBUG] iteration=2037, ncalls=6584, regioncalls=255360, ndraw=40, logz=-15.77, remainder_fraction=97.3275%, Lmin=-9.41, Lmax=-5.15
11:13:15 [ultranest] [DEBUG] iteration=2038, ncalls=6594, regioncalls=255760, ndraw=40, logz=-15.76, remainder_fraction=97.2993%, Lmin=-9.41, Lmax=-5.15
11:13:15 [ultranest] [DEBUG] iteration=2040, ncalls=6597, regioncalls=255880, ndraw=40, logz=-15.74, remainder_fraction=97.2631%, Lmin=-9.40, Lmax=-5.15
11:13:16 [ultranest] [DEBUG] iteration=2041, ncalls=6605, regioncalls=256200, ndraw=40, logz=-15.74, remainder_fraction=97.2339%, Lmin=-9.40, Lmax=-5.15
11:13:16 [ultranest] [DEBUG] iteration=2044, ncalls=6609, regioncalls=256360, ndraw=40, logz=-15.71, remainder_fraction=97.1558%, Lmin=-9.38, Lmax=-5.15
11:13:16 [ultranest] [DEBUG] iteration=2045, ncalls=6612, regioncalls=256480, ndraw=40, logz=-15.70, remainder_fraction=97.1258%, Lmin=-9.37, Lmax=-5.15
11:13:16 [ultranest] [DEBUG] iteration=2046, ncalls=6616, regioncalls=256640, ndraw=40, logz=-15.69, remainder_fraction=97.1026%, Lmin=-9.37, Lmax=-5.15
11:13:16 [ultranest] [DEBUG] iteration=2047, ncalls=6620, regioncalls=256800, ndraw=40, logz=-15.69, remainder_fraction=97.0742%, Lmin=-9.35, Lmax=-5.15
11:13:16 [ultranest] [DEBUG] iteration=2050, ncalls=6623, regioncalls=256920, ndraw=40, logz=-15.66, remainder_fraction=97.0037%, Lmin=-9.30, Lmax=-5.15
11:13:17 [ultranest] [DEBUG] iteration=2052, ncalls=6629, regioncalls=257160, ndraw=40, logz=-15.64, remainder_fraction=96.9409%, Lmin=-9.29, Lmax=-5.15
11:13:17 [ultranest] [DEBUG] iteration=2053, ncalls=6636, regioncalls=257440, ndraw=40, logz=-15.63, remainder_fraction=96.9092%, Lmin=-9.29, Lmax=-5.15
11:13:17 [ultranest] [DEBUG] iteration=2056, ncalls=6642, regioncalls=257680, ndraw=40, logz=-15.61, remainder_fraction=96.8268%, Lmin=-9.26, Lmax=-5.15
11:13:17 [ultranest] [DEBUG] iteration=2057, ncalls=6656, regioncalls=258240, ndraw=40, logz=-15.60, remainder_fraction=96.7942%, Lmin=-9.25, Lmax=-5.15
11:13:18 [ultranest] [DEBUG] iteration=2058, ncalls=6670, regioncalls=258800, ndraw=40, logz=-15.59, remainder_fraction=96.7752%, Lmin=-9.23, Lmax=-5.15
11:13:18 [ultranest] [DEBUG] iteration=2060, ncalls=6680, regioncalls=259200, ndraw=40, logz=-15.58, remainder_fraction=96.7121%, Lmin=-9.23, Lmax=-5.15
11:13:19 [ultranest] [DEBUG] iteration=2062, ncalls=6690, regioncalls=259720, ndraw=40, logz=-15.56, remainder_fraction=96.6454%, Lmin=-9.22, Lmax=-5.15
11:13:19 [ultranest] [DEBUG] iteration=2064, ncalls=6703, regioncalls=260240, ndraw=40, logz=-15.54, remainder_fraction=96.5849%, Lmin=-9.21, Lmax=-5.15
11:13:19 [ultranest] [DEBUG] iteration=2065, ncalls=6713, regioncalls=260640, ndraw=40, logz=-15.54, remainder_fraction=96.5676%, Lmin=-9.21, Lmax=-5.15
11:13:19 [ultranest] [DEBUG] iteration=2067, ncalls=6717, regioncalls=260800, ndraw=40, logz=-15.52, remainder_fraction=96.5145%, Lmin=-9.20, Lmax=-5.15
11:13:20 [ultranest] [DEBUG] iteration=2069, ncalls=6721, regioncalls=260960, ndraw=40, logz=-15.50, remainder_fraction=96.4557%, Lmin=-9.17, Lmax=-5.15
11:13:20 [ultranest] [DEBUG] iteration=2070, ncalls=6727, regioncalls=261240, ndraw=40, logz=-15.50, remainder_fraction=96.4201%, Lmin=-9.16, Lmax=-5.15
11:13:20 [ultranest] [DEBUG] iteration=2071, ncalls=6730, regioncalls=261360, ndraw=40, logz=-15.49, remainder_fraction=96.3851%, Lmin=-9.14, Lmax=-5.15
11:13:20 [ultranest] [DEBUG] iteration=2073, ncalls=6733, regioncalls=261480, ndraw=40, logz=-15.47, remainder_fraction=96.3148%, Lmin=-9.12, Lmax=-5.15
11:13:20 [ultranest] [DEBUG] iteration=2074, ncalls=6737, regioncalls=261640, ndraw=40, logz=-15.46, remainder_fraction=96.2784%, Lmin=-9.11, Lmax=-5.15
11:13:20 [ultranest] [DEBUG] iteration=2076, ncalls=6741, regioncalls=261800, ndraw=40, logz=-15.45, remainder_fraction=96.2217%, Lmin=-9.09, Lmax=-5.15
11:13:21 [ultranest] [DEBUG] iteration=2078, ncalls=6750, regioncalls=262160, ndraw=40, logz=-15.43, remainder_fraction=96.1732%, Lmin=-9.07, Lmax=-5.15
11:13:21 [ultranest] [DEBUG] iteration=2079, ncalls=6754, regioncalls=262320, ndraw=40, logz=-15.42, remainder_fraction=96.1441%, Lmin=-9.06, Lmax=-5.15
11:13:21 [ultranest] [DEBUG] iteration=2080, ncalls=6759, regioncalls=262520, ndraw=40, logz=-15.42, remainder_fraction=96.1091%, Lmin=-9.05, Lmax=-5.15
11:13:21 [ultranest] [DEBUG] iteration=2081, ncalls=6763, regioncalls=262680, ndraw=40, logz=-15.41, remainder_fraction=96.0697%, Lmin=-9.04, Lmax=-5.15
11:13:21 [ultranest] [DEBUG] iteration=2083, ncalls=6769, regioncalls=262920, ndraw=40, logz=-15.39, remainder_fraction=96.0468%, Lmin=-9.04, Lmax=-5.15
11:13:22 [ultranest] [DEBUG] iteration=2086, ncalls=6776, regioncalls=263200, ndraw=40, logz=-15.37, remainder_fraction=95.9550%, Lmin=-9.02, Lmax=-5.15
11:13:22 [ultranest] [DEBUG] iteration=2087, ncalls=6781, regioncalls=263400, ndraw=40, logz=-15.36, remainder_fraction=95.9336%, Lmin=-9.00, Lmax=-5.15
11:13:22 [ultranest] [DEBUG] iteration=2089, ncalls=6786, regioncalls=263600, ndraw=40, logz=-15.35, remainder_fraction=95.8821%, Lmin=-8.99, Lmax=-5.15
11:13:22 [ultranest] [DEBUG] iteration=2090, ncalls=6794, regioncalls=263920, ndraw=40, logz=-15.34, remainder_fraction=95.8567%, Lmin=-8.98, Lmax=-5.15
11:13:22 [ultranest] [DEBUG] iteration=2091, ncalls=6801, regioncalls=264200, ndraw=40, logz=-15.33, remainder_fraction=95.8160%, Lmin=-8.98, Lmax=-5.15
11:13:23 [ultranest] [DEBUG] iteration=2093, ncalls=6810, regioncalls=264560, ndraw=40, logz=-15.31, remainder_fraction=95.7445%, Lmin=-8.97, Lmax=-5.15
11:13:23 [ultranest] [DEBUG] iteration=2095, ncalls=6815, regioncalls=264880, ndraw=40, logz=-15.30, remainder_fraction=95.6704%, Lmin=-8.97, Lmax=-5.15
11:13:23 [ultranest] [DEBUG] iteration=2096, ncalls=6823, regioncalls=265360, ndraw=40, logz=-15.29, remainder_fraction=95.6707%, Lmin=-8.96, Lmax=-5.15
11:13:23 [ultranest] [DEBUG] iteration=2097, ncalls=6831, regioncalls=265680, ndraw=40, logz=-15.28, remainder_fraction=95.6829%, Lmin=-8.94, Lmax=-5.15
11:13:24 [ultranest] [DEBUG] iteration=2099, ncalls=6834, regioncalls=265800, ndraw=40, logz=-15.27, remainder_fraction=95.6068%, Lmin=-8.93, Lmax=-5.15
11:13:24 [ultranest] [DEBUG] iteration=2100, ncalls=6837, regioncalls=265920, ndraw=40, logz=-15.26, remainder_fraction=95.5695%, Lmin=-8.92, Lmax=-5.15
11:13:24 [ultranest] [DEBUG] iteration=2102, ncalls=6840, regioncalls=266040, ndraw=40, logz=-15.25, remainder_fraction=95.4873%, Lmin=-8.91, Lmax=-5.15
11:13:24 [ultranest] [DEBUG] iteration=2103, ncalls=6845, regioncalls=266240, ndraw=40, logz=-15.24, remainder_fraction=95.4474%, Lmin=-8.90, Lmax=-5.15
11:13:24 [ultranest] [DEBUG] iteration=2104, ncalls=6853, regioncalls=266560, ndraw=40, logz=-15.23, remainder_fraction=95.4080%, Lmin=-8.89, Lmax=-5.15
11:13:24 [ultranest] [DEBUG] iteration=2105, ncalls=6856, regioncalls=266680, ndraw=40, logz=-15.23, remainder_fraction=95.3667%, Lmin=-8.88, Lmax=-5.15
11:13:24 [ultranest] [DEBUG] iteration=2106, ncalls=6859, regioncalls=266800, ndraw=40, logz=-15.22, remainder_fraction=95.3493%, Lmin=-8.88, Lmax=-5.15
11:13:25 [ultranest] [DEBUG] iteration=2108, ncalls=6869, regioncalls=267200, ndraw=40, logz=-15.20, remainder_fraction=95.2691%, Lmin=-8.87, Lmax=-5.15
11:13:25 [ultranest] [DEBUG] iteration=2109, ncalls=6879, regioncalls=267920, ndraw=40, logz=-15.20, remainder_fraction=95.2259%, Lmin=-8.87, Lmax=-5.15
11:13:25 [ultranest] [DEBUG] iteration=2111, ncalls=6882, regioncalls=268040, ndraw=40, logz=-15.18, remainder_fraction=95.1513%, Lmin=-8.85, Lmax=-5.15
11:13:25 [ultranest] [DEBUG] iteration=2112, ncalls=6892, regioncalls=268440, ndraw=40, logz=-15.17, remainder_fraction=95.1165%, Lmin=-8.84, Lmax=-5.15
11:13:26 [ultranest] [DEBUG] iteration=2113, ncalls=6895, regioncalls=268560, ndraw=40, logz=-15.17, remainder_fraction=95.1241%, Lmin=-8.83, Lmax=-5.15
11:13:26 [ultranest] [DEBUG] iteration=2116, ncalls=6900, regioncalls=268760, ndraw=40, logz=-15.15, remainder_fraction=95.0053%, Lmin=-8.82, Lmax=-5.15
11:13:26 [ultranest] [DEBUG] iteration=2118, ncalls=6904, regioncalls=268920, ndraw=40, logz=-15.13, remainder_fraction=94.9297%, Lmin=-8.79, Lmax=-5.15
11:13:26 [ultranest] [DEBUG] iteration=2119, ncalls=6910, regioncalls=269160, ndraw=40, logz=-15.13, remainder_fraction=94.8904%, Lmin=-8.79, Lmax=-5.15
11:13:26 [ultranest] [DEBUG] iteration=2120, ncalls=6911, regioncalls=269200, ndraw=40, logz=-15.12, remainder_fraction=94.8650%, Lmin=-8.79, Lmax=-5.15
11:13:26 [ultranest] [DEBUG] iteration=2121, ncalls=6917, regioncalls=269440, ndraw=40, logz=-15.11, remainder_fraction=94.8228%, Lmin=-8.78, Lmax=-5.15
11:13:27 [ultranest] [DEBUG] iteration=2122, ncalls=6929, regioncalls=269920, ndraw=40, logz=-15.10, remainder_fraction=94.7765%, Lmin=-8.78, Lmax=-5.15
11:13:27 [ultranest] [DEBUG] iteration=2123, ncalls=6936, regioncalls=270200, ndraw=40, logz=-15.10, remainder_fraction=94.7390%, Lmin=-8.76, Lmax=-5.15
11:13:27 [ultranest] [DEBUG] iteration=2125, ncalls=6940, regioncalls=270360, ndraw=40, logz=-15.08, remainder_fraction=94.6568%, Lmin=-8.75, Lmax=-5.15
11:13:27 [ultranest] [DEBUG] iteration=2127, ncalls=6949, regioncalls=270720, ndraw=40, logz=-15.07, remainder_fraction=94.6437%, Lmin=-8.75, Lmax=-5.15
11:13:28 [ultranest] [DEBUG] iteration=2129, ncalls=6956, regioncalls=271000, ndraw=40, logz=-15.06, remainder_fraction=94.5715%, Lmin=-8.73, Lmax=-5.15
11:13:28 [ultranest] [DEBUG] iteration=2130, ncalls=6961, regioncalls=271200, ndraw=40, logz=-15.05, remainder_fraction=94.5254%, Lmin=-8.72, Lmax=-5.15
11:13:28 [ultranest] [DEBUG] iteration=2131, ncalls=6973, regioncalls=271680, ndraw=40, logz=-15.04, remainder_fraction=94.4987%, Lmin=-8.71, Lmax=-5.15
11:13:28 [ultranest] [DEBUG] iteration=2132, ncalls=6976, regioncalls=271800, ndraw=40, logz=-15.04, remainder_fraction=94.5134%, Lmin=-8.71, Lmax=-5.15
11:13:28 [ultranest] [DEBUG] iteration=2133, ncalls=6981, regioncalls=272000, ndraw=40, logz=-15.03, remainder_fraction=94.5096%, Lmin=-8.71, Lmax=-5.15
11:13:29 [ultranest] [DEBUG] iteration=2134, ncalls=6985, regioncalls=272160, ndraw=40, logz=-15.02, remainder_fraction=94.4709%, Lmin=-8.69, Lmax=-5.15
11:13:29 [ultranest] [DEBUG] iteration=2136, ncalls=6990, regioncalls=272360, ndraw=40, logz=-15.01, remainder_fraction=94.3762%, Lmin=-8.66, Lmax=-5.15
11:13:29 [ultranest] [DEBUG] iteration=2137, ncalls=6994, regioncalls=272520, ndraw=40, logz=-15.00, remainder_fraction=94.3301%, Lmin=-8.65, Lmax=-5.15
11:13:29 [ultranest] [DEBUG] iteration=2138, ncalls=6999, regioncalls=272720, ndraw=40, logz=-15.00, remainder_fraction=94.3270%, Lmin=-8.64, Lmax=-5.15
11:13:29 [ultranest] [DEBUG] iteration=2139, ncalls=7004, regioncalls=272920, ndraw=40, logz=-14.99, remainder_fraction=94.2796%, Lmin=-8.64, Lmax=-5.15
11:13:29 [ultranest] [DEBUG] iteration=2140, ncalls=7009, regioncalls=273120, ndraw=40, logz=-14.98, remainder_fraction=94.2319%, Lmin=-8.63, Lmax=-5.15
11:13:30 [ultranest] [DEBUG] iteration=2142, ncalls=7012, regioncalls=273240, ndraw=40, logz=-14.97, remainder_fraction=94.1923%, Lmin=-8.61, Lmax=-5.15
11:13:30 [ultranest] [DEBUG] iteration=2143, ncalls=7017, regioncalls=273440, ndraw=40, logz=-14.96, remainder_fraction=94.1458%, Lmin=-8.60, Lmax=-5.15
11:13:30 [ultranest] [DEBUG] iteration=2145, ncalls=7020, regioncalls=273560, ndraw=40, logz=-14.95, remainder_fraction=94.0506%, Lmin=-8.59, Lmax=-5.15
11:13:31 [ultranest] [DEBUG] iteration=2148, ncalls=7041, regioncalls=274400, ndraw=40, logz=-14.93, remainder_fraction=93.9104%, Lmin=-8.58, Lmax=-5.15
11:13:31 [ultranest] [DEBUG] iteration=2150, ncalls=7045, regioncalls=274560, ndraw=40, logz=-14.91, remainder_fraction=93.8121%, Lmin=-8.53, Lmax=-5.15
11:13:31 [ultranest] [DEBUG] iteration=2152, ncalls=7055, regioncalls=274960, ndraw=40, logz=-14.90, remainder_fraction=93.7180%, Lmin=-8.52, Lmax=-5.15
11:13:31 [ultranest] [DEBUG] iteration=2153, ncalls=7058, regioncalls=275080, ndraw=40, logz=-14.89, remainder_fraction=93.6656%, Lmin=-8.52, Lmax=-5.15
11:13:31 [ultranest] [DEBUG] iteration=2154, ncalls=7062, regioncalls=275240, ndraw=40, logz=-14.89, remainder_fraction=93.6132%, Lmin=-8.51, Lmax=-5.15
11:13:31 [ultranest] [DEBUG] iteration=2156, ncalls=7067, regioncalls=275440, ndraw=40, logz=-14.87, remainder_fraction=93.5076%, Lmin=-8.51, Lmax=-5.15
11:13:32 [ultranest] [DEBUG] iteration=2157, ncalls=7073, regioncalls=275680, ndraw=40, logz=-14.87, remainder_fraction=93.4635%, Lmin=-8.51, Lmax=-5.15
11:13:32 [ultranest] [DEBUG] iteration=2158, ncalls=7091, regioncalls=276400, ndraw=40, logz=-14.86, remainder_fraction=93.4083%, Lmin=-8.50, Lmax=-5.15
11:13:32 [ultranest] [DEBUG] iteration=2159, ncalls=7099, regioncalls=276720, ndraw=40, logz=-14.85, remainder_fraction=93.3538%, Lmin=-8.50, Lmax=-5.15
11:13:33 [ultranest] [DEBUG] iteration=2160, ncalls=7100, regioncalls=276760, ndraw=40, logz=-14.85, remainder_fraction=93.3037%, Lmin=-8.50, Lmax=-5.15
11:13:33 [ultranest] [DEBUG] iteration=2161, ncalls=7106, regioncalls=277320, ndraw=40, logz=-14.84, remainder_fraction=93.2673%, Lmin=-8.49, Lmax=-5.15
11:13:33 [ultranest] [DEBUG] iteration=2162, ncalls=7110, regioncalls=277480, ndraw=40, logz=-14.83, remainder_fraction=93.2139%, Lmin=-8.49, Lmax=-5.15
11:13:33 [ultranest] [DEBUG] iteration=2163, ncalls=7114, regioncalls=277640, ndraw=40, logz=-14.83, remainder_fraction=93.1835%, Lmin=-8.49, Lmax=-5.15
11:13:33 [ultranest] [DEBUG] iteration=2164, ncalls=7117, regioncalls=277760, ndraw=40, logz=-14.82, remainder_fraction=93.1367%, Lmin=-8.48, Lmax=-5.15
11:13:33 [ultranest] [DEBUG] iteration=2166, ncalls=7122, regioncalls=277960, ndraw=40, logz=-14.81, remainder_fraction=93.0665%, Lmin=-8.48, Lmax=-5.15
11:13:33 [ultranest] [DEBUG] iteration=2168, ncalls=7125, regioncalls=278080, ndraw=40, logz=-14.80, remainder_fraction=92.9773%, Lmin=-8.47, Lmax=-5.15
11:13:34 [ultranest] [DEBUG] iteration=2169, ncalls=7133, regioncalls=278400, ndraw=40, logz=-14.79, remainder_fraction=92.9608%, Lmin=-8.46, Lmax=-5.15
11:13:34 [ultranest] [DEBUG] iteration=2172, ncalls=7138, regioncalls=278600, ndraw=40, logz=-14.77, remainder_fraction=92.8276%, Lmin=-8.43, Lmax=-5.15
11:13:34 [ultranest] [DEBUG] iteration=2175, ncalls=7143, regioncalls=278800, ndraw=40, logz=-14.75, remainder_fraction=92.6741%, Lmin=-8.40, Lmax=-5.15
11:13:34 [ultranest] [DEBUG] iteration=2176, ncalls=7150, regioncalls=279080, ndraw=40, logz=-14.75, remainder_fraction=92.6147%, Lmin=-8.40, Lmax=-5.15
11:13:34 [ultranest] [DEBUG] iteration=2178, ncalls=7154, regioncalls=279240, ndraw=40, logz=-14.74, remainder_fraction=92.5292%, Lmin=-8.39, Lmax=-5.15
11:13:35 [ultranest] [DEBUG] iteration=2180, ncalls=7157, regioncalls=279360, ndraw=40, logz=-14.72, remainder_fraction=92.4506%, Lmin=-8.36, Lmax=-5.15
11:13:35 [ultranest] [DEBUG] iteration=2181, ncalls=7163, regioncalls=279600, ndraw=40, logz=-14.72, remainder_fraction=92.3907%, Lmin=-8.36, Lmax=-5.15
11:13:35 [ultranest] [DEBUG] iteration=2182, ncalls=7168, regioncalls=279800, ndraw=40, logz=-14.71, remainder_fraction=92.3872%, Lmin=-8.36, Lmax=-5.15
11:13:35 [ultranest] [DEBUG] iteration=2183, ncalls=7175, regioncalls=280080, ndraw=40, logz=-14.70, remainder_fraction=92.3322%, Lmin=-8.36, Lmax=-5.15
11:13:35 [ultranest] [DEBUG] iteration=2184, ncalls=7179, regioncalls=280240, ndraw=40, logz=-14.70, remainder_fraction=92.2760%, Lmin=-8.35, Lmax=-5.15
11:13:35 [ultranest] [DEBUG] iteration=2185, ncalls=7182, regioncalls=280360, ndraw=40, logz=-14.69, remainder_fraction=92.2175%, Lmin=-8.35, Lmax=-5.15
11:13:35 [ultranest] [DEBUG] iteration=2186, ncalls=7185, regioncalls=280480, ndraw=40, logz=-14.69, remainder_fraction=92.1676%, Lmin=-8.34, Lmax=-5.15
11:13:36 [ultranest] [DEBUG] iteration=2189, ncalls=7190, regioncalls=280680, ndraw=40, logz=-14.67, remainder_fraction=92.0063%, Lmin=-8.33, Lmax=-5.15
11:13:36 [ultranest] [DEBUG] iteration=2190, ncalls=7197, regioncalls=280960, ndraw=40, logz=-14.66, remainder_fraction=91.9952%, Lmin=-8.32, Lmax=-5.15
11:13:36 [ultranest] [DEBUG] iteration=2191, ncalls=7201, regioncalls=281120, ndraw=40, logz=-14.66, remainder_fraction=91.9760%, Lmin=-8.32, Lmax=-5.15
11:13:36 [ultranest] [DEBUG] iteration=2192, ncalls=7207, regioncalls=281360, ndraw=40, logz=-14.65, remainder_fraction=91.9209%, Lmin=-8.30, Lmax=-5.15
11:13:37 [ultranest] [DEBUG] iteration=2194, ncalls=7215, regioncalls=281680, ndraw=40, logz=-14.64, remainder_fraction=91.8178%, Lmin=-8.30, Lmax=-5.15
11:13:37 [ultranest] [DEBUG] iteration=2196, ncalls=7218, regioncalls=281800, ndraw=40, logz=-14.63, remainder_fraction=91.7164%, Lmin=-8.28, Lmax=-5.15
11:13:37 [ultranest] [DEBUG] iteration=2198, ncalls=7221, regioncalls=281920, ndraw=40, logz=-14.62, remainder_fraction=91.5940%, Lmin=-8.27, Lmax=-5.15
11:13:37 [ultranest] [DEBUG] iteration=2199, ncalls=7237, regioncalls=282560, ndraw=40, logz=-14.61, remainder_fraction=91.5369%, Lmin=-8.26, Lmax=-5.15
11:13:38 [ultranest] [DEBUG] iteration=2200, ncalls=7248, regioncalls=283000, ndraw=40, logz=-14.60, remainder_fraction=91.4751%, Lmin=-8.26, Lmax=-5.15
11:13:38 [ultranest] [DEBUG] iteration=2201, ncalls=7251, regioncalls=283120, ndraw=40, logz=-14.60, remainder_fraction=91.4196%, Lmin=-8.26, Lmax=-5.15
11:13:38 [ultranest] [DEBUG] iteration=2202, ncalls=7260, regioncalls=283480, ndraw=40, logz=-14.59, remainder_fraction=91.4070%, Lmin=-8.26, Lmax=-5.15
11:13:38 [ultranest] [DEBUG] iteration=2204, ncalls=7264, regioncalls=283640, ndraw=40, logz=-14.58, remainder_fraction=91.2841%, Lmin=-8.24, Lmax=-5.15
11:13:38 [ultranest] [DEBUG] iteration=2206, ncalls=7269, regioncalls=283840, ndraw=40, logz=-14.57, remainder_fraction=91.1621%, Lmin=-8.22, Lmax=-5.15
11:13:39 [ultranest] [DEBUG] iteration=2207, ncalls=7274, regioncalls=284040, ndraw=40, logz=-14.56, remainder_fraction=91.0963%, Lmin=-8.22, Lmax=-5.15
11:13:39 [ultranest] [DEBUG] iteration=2208, ncalls=7277, regioncalls=284160, ndraw=40, logz=-14.56, remainder_fraction=91.0391%, Lmin=-8.21, Lmax=-5.15
11:13:39 [ultranest] [DEBUG] iteration=2209, ncalls=7282, regioncalls=284360, ndraw=40, logz=-14.55, remainder_fraction=90.9892%, Lmin=-8.21, Lmax=-5.15
11:13:39 [ultranest] [DEBUG] iteration=2211, ncalls=7285, regioncalls=284480, ndraw=40, logz=-14.54, remainder_fraction=90.8582%, Lmin=-8.20, Lmax=-5.15
11:13:39 [ultranest] [DEBUG] iteration=2213, ncalls=7291, regioncalls=284720, ndraw=40, logz=-14.53, remainder_fraction=90.7580%, Lmin=-8.20, Lmax=-5.15
11:13:39 [ultranest] [DEBUG] iteration=2215, ncalls=7298, regioncalls=285000, ndraw=40, logz=-14.52, remainder_fraction=90.6298%, Lmin=-8.18, Lmax=-5.15
11:13:40 [ultranest] [DEBUG] iteration=2216, ncalls=7307, regioncalls=285360, ndraw=40, logz=-14.51, remainder_fraction=90.5621%, Lmin=-8.18, Lmax=-5.15
11:13:40 [ultranest] [DEBUG] iteration=2217, ncalls=7311, regioncalls=285520, ndraw=40, logz=-14.51, remainder_fraction=90.4965%, Lmin=-8.18, Lmax=-5.15
11:13:40 [ultranest] [DEBUG] iteration=2218, ncalls=7325, regioncalls=286080, ndraw=40, logz=-14.50, remainder_fraction=90.4359%, Lmin=-8.18, Lmax=-5.15
11:13:40 [ultranest] [DEBUG] iteration=2219, ncalls=7329, regioncalls=286240, ndraw=40, logz=-14.50, remainder_fraction=90.3727%, Lmin=-8.17, Lmax=-5.15
11:13:41 [ultranest] [DEBUG] iteration=2220, ncalls=7334, regioncalls=286440, ndraw=40, logz=-14.49, remainder_fraction=90.3516%, Lmin=-8.17, Lmax=-5.15
11:13:41 [ultranest] [DEBUG] iteration=2221, ncalls=7337, regioncalls=286560, ndraw=40, logz=-14.49, remainder_fraction=90.2836%, Lmin=-8.17, Lmax=-5.15
11:13:41 [ultranest] [DEBUG] iteration=2222, ncalls=7342, regioncalls=286760, ndraw=40, logz=-14.48, remainder_fraction=90.2147%, Lmin=-8.15, Lmax=-5.15
11:13:41 [ultranest] [DEBUG] iteration=2223, ncalls=7349, regioncalls=287040, ndraw=40, logz=-14.48, remainder_fraction=90.1840%, Lmin=-8.15, Lmax=-5.15
11:13:41 [ultranest] [DEBUG] iteration=2225, ncalls=7357, regioncalls=287360, ndraw=40, logz=-14.46, remainder_fraction=90.1341%, Lmin=-8.14, Lmax=-5.15
11:13:42 [ultranest] [DEBUG] iteration=2226, ncalls=7362, regioncalls=287560, ndraw=40, logz=-14.46, remainder_fraction=90.0839%, Lmin=-8.13, Lmax=-5.15
11:13:42 [ultranest] [DEBUG] iteration=2227, ncalls=7374, regioncalls=288040, ndraw=40, logz=-14.45, remainder_fraction=90.0478%, Lmin=-8.12, Lmax=-5.15
11:13:42 [ultranest] [DEBUG] iteration=2229, ncalls=7379, regioncalls=288240, ndraw=40, logz=-14.44, remainder_fraction=90.0001%, Lmin=-8.11, Lmax=-5.15
11:13:42 [ultranest] [DEBUG] iteration=2230, ncalls=7387, regioncalls=288560, ndraw=40, logz=-14.44, remainder_fraction=89.9786%, Lmin=-8.11, Lmax=-5.15
11:13:43 [ultranest] [DEBUG] iteration=2232, ncalls=7392, regioncalls=288760, ndraw=40, logz=-14.43, remainder_fraction=89.9049%, Lmin=-8.10, Lmax=-5.15
11:13:43 [ultranest] [DEBUG] iteration=2233, ncalls=7398, regioncalls=289000, ndraw=40, logz=-14.42, remainder_fraction=89.8448%, Lmin=-8.10, Lmax=-5.15
11:13:43 [ultranest] [DEBUG] iteration=2235, ncalls=7408, regioncalls=289480, ndraw=40, logz=-14.41, remainder_fraction=89.7088%, Lmin=-8.09, Lmax=-5.15
11:13:43 [ultranest] [DEBUG] iteration=2237, ncalls=7411, regioncalls=289600, ndraw=40, logz=-14.40, remainder_fraction=89.6034%, Lmin=-8.08, Lmax=-5.15
11:13:43 [ultranest] [DEBUG] iteration=2238, ncalls=7419, regioncalls=289920, ndraw=40, logz=-14.40, remainder_fraction=89.5353%, Lmin=-8.08, Lmax=-5.15
11:13:44 [ultranest] [DEBUG] iteration=2240, ncalls=7421, regioncalls=290000, ndraw=40, logz=-14.39, remainder_fraction=89.4223%, Lmin=-8.07, Lmax=-5.15
11:13:44 [ultranest] [DEBUG] iteration=2241, ncalls=7427, regioncalls=290240, ndraw=40, logz=-14.38, remainder_fraction=89.3504%, Lmin=-8.05, Lmax=-5.15
11:13:44 [ultranest] [DEBUG] iteration=2242, ncalls=7434, regioncalls=290520, ndraw=40, logz=-14.38, remainder_fraction=89.2830%, Lmin=-8.05, Lmax=-5.15
11:13:44 [ultranest] [DEBUG] iteration=2244, ncalls=7437, regioncalls=290640, ndraw=40, logz=-14.37, remainder_fraction=89.1538%, Lmin=-8.04, Lmax=-5.15
11:13:44 [ultranest] [DEBUG] iteration=2246, ncalls=7440, regioncalls=290760, ndraw=40, logz=-14.36, remainder_fraction=89.0315%, Lmin=-8.02, Lmax=-5.15
11:13:44 [ultranest] [DEBUG] iteration=2248, ncalls=7447, regioncalls=291040, ndraw=40, logz=-14.35, remainder_fraction=88.9244%, Lmin=-7.99, Lmax=-5.15
11:13:44 [ultranest] [DEBUG] iteration=2249, ncalls=7450, regioncalls=291160, ndraw=40, logz=-14.34, remainder_fraction=88.8590%, Lmin=-7.99, Lmax=-5.15
11:13:45 [ultranest] [DEBUG] iteration=2250, ncalls=7455, regioncalls=291480, ndraw=40, logz=-14.33, remainder_fraction=88.7864%, Lmin=-7.97, Lmax=-5.15
11:13:45 [ultranest] [DEBUG] iteration=2252, ncalls=7458, regioncalls=291600, ndraw=40, logz=-14.32, remainder_fraction=88.6763%, Lmin=-7.97, Lmax=-5.15
11:13:45 [ultranest] [DEBUG] iteration=2253, ncalls=7470, regioncalls=292080, ndraw=40, logz=-14.32, remainder_fraction=88.6008%, Lmin=-7.96, Lmax=-5.15
11:13:46 [ultranest] [DEBUG] iteration=2256, ncalls=7482, regioncalls=292560, ndraw=40, logz=-14.30, remainder_fraction=88.4401%, Lmin=-7.93, Lmax=-5.15
11:13:46 [ultranest] [DEBUG] iteration=2257, ncalls=7487, regioncalls=292760, ndraw=40, logz=-14.30, remainder_fraction=88.3705%, Lmin=-7.93, Lmax=-5.15
11:13:46 [ultranest] [DEBUG] iteration=2259, ncalls=7490, regioncalls=292880, ndraw=40, logz=-14.29, remainder_fraction=88.2571%, Lmin=-7.93, Lmax=-5.15
11:13:46 [ultranest] [DEBUG] iteration=2261, ncalls=7498, regioncalls=293200, ndraw=40, logz=-14.28, remainder_fraction=88.1082%, Lmin=-7.93, Lmax=-5.15
11:13:46 [ultranest] [DEBUG] iteration=2263, ncalls=7505, regioncalls=293480, ndraw=40, logz=-14.27, remainder_fraction=87.9562%, Lmin=-7.92, Lmax=-5.15
11:13:47 [ultranest] [DEBUG] iteration=2265, ncalls=7511, regioncalls=293720, ndraw=40, logz=-14.26, remainder_fraction=87.8905%, Lmin=-7.92, Lmax=-5.15
11:13:47 [ultranest] [DEBUG] iteration=2268, ncalls=7521, regioncalls=294120, ndraw=40, logz=-14.24, remainder_fraction=87.6752%, Lmin=-7.92, Lmax=-5.15
11:13:47 [ultranest] [DEBUG] iteration=2269, ncalls=7526, regioncalls=294320, ndraw=40, logz=-14.24, remainder_fraction=87.5994%, Lmin=-7.92, Lmax=-5.15
11:13:47 [ultranest] [DEBUG] iteration=2270, ncalls=7530, regioncalls=294480, ndraw=40, logz=-14.23, remainder_fraction=87.5250%, Lmin=-7.91, Lmax=-5.15
11:13:47 [ultranest] [DEBUG] iteration=2273, ncalls=7534, regioncalls=294640, ndraw=40, logz=-14.22, remainder_fraction=87.3803%, Lmin=-7.88, Lmax=-5.10
11:13:48 [ultranest] [DEBUG] iteration=2274, ncalls=7539, regioncalls=294840, ndraw=40, logz=-14.22, remainder_fraction=87.3049%, Lmin=-7.88, Lmax=-5.10
11:13:48 [ultranest] [DEBUG] iteration=2276, ncalls=7546, regioncalls=295120, ndraw=40, logz=-14.21, remainder_fraction=87.2886%, Lmin=-7.88, Lmax=-5.10
11:13:48 [ultranest] [DEBUG] iteration=2277, ncalls=7552, regioncalls=295360, ndraw=40, logz=-14.20, remainder_fraction=87.2112%, Lmin=-7.87, Lmax=-5.10
11:13:48 [ultranest] [DEBUG] iteration=2279, ncalls=7561, regioncalls=295720, ndraw=40, logz=-14.19, remainder_fraction=87.1068%, Lmin=-7.86, Lmax=-5.10
11:13:48 [ultranest] [DEBUG] iteration=2280, ncalls=7562, regioncalls=295760, ndraw=40, logz=-14.19, remainder_fraction=87.0343%, Lmin=-7.86, Lmax=-5.10
11:13:48 [ultranest] [DEBUG] iteration=2281, ncalls=7566, regioncalls=295920, ndraw=40, logz=-14.18, remainder_fraction=86.9721%, Lmin=-7.86, Lmax=-5.10
11:13:49 [ultranest] [DEBUG] iteration=2284, ncalls=7570, regioncalls=296080, ndraw=40, logz=-14.17, remainder_fraction=86.7595%, Lmin=-7.84, Lmax=-5.10
11:13:49 [ultranest] [DEBUG] iteration=2286, ncalls=7579, regioncalls=296440, ndraw=40, logz=-14.16, remainder_fraction=86.6205%, Lmin=-7.83, Lmax=-5.10
11:13:49 [ultranest] [DEBUG] iteration=2288, ncalls=7583, regioncalls=296600, ndraw=40, logz=-14.15, remainder_fraction=86.4739%, Lmin=-7.83, Lmax=-5.10
11:13:49 [ultranest] [DEBUG] iteration=2289, ncalls=7590, regioncalls=296880, ndraw=40, logz=-14.15, remainder_fraction=86.3985%, Lmin=-7.82, Lmax=-5.10
11:13:50 [ultranest] [DEBUG] iteration=2290, ncalls=7602, regioncalls=297360, ndraw=40, logz=-14.14, remainder_fraction=86.3370%, Lmin=-7.82, Lmax=-5.10
11:13:50 [ultranest] [DEBUG] iteration=2291, ncalls=7609, regioncalls=297640, ndraw=40, logz=-14.14, remainder_fraction=86.2567%, Lmin=-7.82, Lmax=-5.10
11:13:50 [ultranest] [DEBUG] iteration=2292, ncalls=7612, regioncalls=297760, ndraw=40, logz=-14.13, remainder_fraction=86.1749%, Lmin=-7.82, Lmax=-5.04
11:13:50 [ultranest] [DEBUG] iteration=2294, ncalls=7617, regioncalls=297960, ndraw=40, logz=-14.12, remainder_fraction=86.1404%, Lmin=-7.81, Lmax=-5.04
11:13:50 [ultranest] [DEBUG] iteration=2295, ncalls=7625, regioncalls=298280, ndraw=40, logz=-14.12, remainder_fraction=86.1262%, Lmin=-7.80, Lmax=-5.04
11:13:51 [ultranest] [DEBUG] iteration=2297, ncalls=7631, regioncalls=298520, ndraw=40, logz=-14.11, remainder_fraction=86.0350%, Lmin=-7.80, Lmax=-5.04
11:13:51 [ultranest] [DEBUG] iteration=2299, ncalls=7634, regioncalls=298640, ndraw=40, logz=-14.10, remainder_fraction=85.9607%, Lmin=-7.79, Lmax=-5.04
11:13:51 [ultranest] [DEBUG] iteration=2301, ncalls=7646, regioncalls=299120, ndraw=40, logz=-14.09, remainder_fraction=85.8295%, Lmin=-7.79, Lmax=-5.04
11:13:51 [ultranest] [DEBUG] iteration=2302, ncalls=7653, regioncalls=299400, ndraw=40, logz=-14.09, remainder_fraction=85.7467%, Lmin=-7.78, Lmax=-5.04
11:13:52 [ultranest] [DEBUG] iteration=2303, ncalls=7658, regioncalls=299600, ndraw=40, logz=-14.08, remainder_fraction=85.6679%, Lmin=-7.78, Lmax=-5.04
11:13:52 [ultranest] [DEBUG] iteration=2304, ncalls=7665, regioncalls=299880, ndraw=40, logz=-14.08, remainder_fraction=85.5922%, Lmin=-7.78, Lmax=-5.04
11:13:52 [ultranest] [DEBUG] iteration=2305, ncalls=7669, regioncalls=300040, ndraw=40, logz=-14.07, remainder_fraction=85.5096%, Lmin=-7.77, Lmax=-5.04
11:13:52 [ultranest] [DEBUG] iteration=2306, ncalls=7675, regioncalls=300280, ndraw=40, logz=-14.07, remainder_fraction=85.4360%, Lmin=-7.77, Lmax=-5.04
11:13:52 [ultranest] [DEBUG] iteration=2308, ncalls=7679, regioncalls=300440, ndraw=40, logz=-14.06, remainder_fraction=85.3041%, Lmin=-7.76, Lmax=-5.04
11:13:52 [ultranest] [DEBUG] iteration=2310, ncalls=7685, regioncalls=300680, ndraw=40, logz=-14.05, remainder_fraction=85.1719%, Lmin=-7.76, Lmax=-5.04
11:13:53 [ultranest] [DEBUG] iteration=2311, ncalls=7689, regioncalls=300880, ndraw=40, logz=-14.05, remainder_fraction=85.1085%, Lmin=-7.75, Lmax=-5.04
11:13:53 [ultranest] [DEBUG] iteration=2313, ncalls=7692, regioncalls=301080, ndraw=40, logz=-14.04, remainder_fraction=84.9979%, Lmin=-7.75, Lmax=-5.04
11:13:53 [ultranest] [DEBUG] iteration=2314, ncalls=7696, regioncalls=301240, ndraw=40, logz=-14.04, remainder_fraction=84.9349%, Lmin=-7.74, Lmax=-5.04
11:13:53 [ultranest] [DEBUG] iteration=2316, ncalls=7708, regioncalls=301720, ndraw=40, logz=-14.03, remainder_fraction=84.7986%, Lmin=-7.74, Lmax=-5.04
11:13:53 [ultranest] [DEBUG] iteration=2317, ncalls=7711, regioncalls=301840, ndraw=40, logz=-14.02, remainder_fraction=84.7134%, Lmin=-7.74, Lmax=-5.04
11:13:54 [ultranest] [DEBUG] iteration=2318, ncalls=7719, regioncalls=302160, ndraw=40, logz=-14.02, remainder_fraction=84.6456%, Lmin=-7.74, Lmax=-5.04
11:13:54 [ultranest] [DEBUG] iteration=2319, ncalls=7726, regioncalls=302440, ndraw=40, logz=-14.02, remainder_fraction=84.6161%, Lmin=-7.74, Lmax=-5.04
11:13:54 [ultranest] [DEBUG] iteration=2320, ncalls=7729, regioncalls=302560, ndraw=40, logz=-14.01, remainder_fraction=84.5426%, Lmin=-7.74, Lmax=-5.04
11:13:54 [ultranest] [DEBUG] iteration=2323, ncalls=7734, regioncalls=302760, ndraw=40, logz=-14.00, remainder_fraction=84.3150%, Lmin=-7.71, Lmax=-5.04
11:13:54 [ultranest] [DEBUG] iteration=2324, ncalls=7739, regioncalls=302960, ndraw=40, logz=-14.00, remainder_fraction=84.2555%, Lmin=-7.69, Lmax=-5.04
11:13:55 [ultranest] [DEBUG] iteration=2325, ncalls=7748, regioncalls=303320, ndraw=40, logz=-13.99, remainder_fraction=84.1701%, Lmin=-7.68, Lmax=-5.04
11:13:55 [ultranest] [DEBUG] iteration=2326, ncalls=7757, regioncalls=303680, ndraw=40, logz=-13.99, remainder_fraction=84.0882%, Lmin=-7.67, Lmax=-5.04
11:13:55 [ultranest] [DEBUG] iteration=2328, ncalls=7760, regioncalls=303800, ndraw=40, logz=-13.98, remainder_fraction=84.0393%, Lmin=-7.67, Lmax=-5.04
11:13:55 [ultranest] [DEBUG] iteration=2329, ncalls=7765, regioncalls=304000, ndraw=40, logz=-13.98, remainder_fraction=84.0008%, Lmin=-7.67, Lmax=-5.04
11:13:55 [ultranest] [DEBUG] iteration=2331, ncalls=7768, regioncalls=304120, ndraw=40, logz=-13.97, remainder_fraction=83.9403%, Lmin=-7.67, Lmax=-5.04
11:13:55 [ultranest] [DEBUG] iteration=2333, ncalls=7773, regioncalls=304320, ndraw=40, logz=-13.96, remainder_fraction=83.7722%, Lmin=-7.66, Lmax=-5.04
11:13:56 [ultranest] [DEBUG] iteration=2334, ncalls=7779, regioncalls=304560, ndraw=40, logz=-13.96, remainder_fraction=83.7085%, Lmin=-7.66, Lmax=-5.04
11:13:56 [ultranest] [DEBUG] iteration=2335, ncalls=7782, regioncalls=304680, ndraw=40, logz=-13.95, remainder_fraction=83.6352%, Lmin=-7.66, Lmax=-5.04
11:13:56 [ultranest] [DEBUG] iteration=2336, ncalls=7794, regioncalls=305160, ndraw=40, logz=-13.95, remainder_fraction=83.5583%, Lmin=-7.64, Lmax=-5.04
11:13:56 [ultranest] [DEBUG] iteration=2338, ncalls=7802, regioncalls=305520, ndraw=40, logz=-13.94, remainder_fraction=83.3956%, Lmin=-7.63, Lmax=-5.04
11:13:57 [ultranest] [DEBUG] iteration=2340, ncalls=7805, regioncalls=305680, ndraw=40, logz=-13.93, remainder_fraction=83.2399%, Lmin=-7.62, Lmax=-5.04
11:13:57 [ultranest] [DEBUG] iteration=2342, ncalls=7809, regioncalls=305840, ndraw=40, logz=-13.92, remainder_fraction=83.1476%, Lmin=-7.62, Lmax=-5.04
11:13:57 [ultranest] [DEBUG] iteration=2344, ncalls=7812, regioncalls=305960, ndraw=40, logz=-13.92, remainder_fraction=83.0096%, Lmin=-7.60, Lmax=-5.04
11:13:57 [ultranest] [DEBUG] iteration=2347, ncalls=7818, regioncalls=306200, ndraw=40, logz=-13.90, remainder_fraction=82.8128%, Lmin=-7.60, Lmax=-5.04
11:13:57 [ultranest] [DEBUG] iteration=2349, ncalls=7826, regioncalls=306520, ndraw=40, logz=-13.90, remainder_fraction=82.6857%, Lmin=-7.59, Lmax=-5.04
11:13:57 [ultranest] [DEBUG] iteration=2351, ncalls=7831, regioncalls=306720, ndraw=40, logz=-13.89, remainder_fraction=82.5525%, Lmin=-7.59, Lmax=-5.04
11:13:58 [ultranest] [DEBUG] iteration=2352, ncalls=7835, regioncalls=306920, ndraw=40, logz=-13.89, remainder_fraction=82.4721%, Lmin=-7.58, Lmax=-5.04
11:13:58 [ultranest] [DEBUG] iteration=2354, ncalls=7839, regioncalls=307080, ndraw=40, logz=-13.88, remainder_fraction=82.3178%, Lmin=-7.58, Lmax=-5.04
11:13:58 [ultranest] [DEBUG] iteration=2355, ncalls=7845, regioncalls=307320, ndraw=40, logz=-13.87, remainder_fraction=82.2696%, Lmin=-7.57, Lmax=-5.04
11:13:58 [ultranest] [DEBUG] iteration=2357, ncalls=7855, regioncalls=307720, ndraw=40, logz=-13.87, remainder_fraction=82.0926%, Lmin=-7.56, Lmax=-5.04
11:13:59 [ultranest] [DEBUG] iteration=2360, ncalls=7862, regioncalls=308000, ndraw=40, logz=-13.86, remainder_fraction=81.8575%, Lmin=-7.55, Lmax=-5.04
11:13:59 [ultranest] [DEBUG] iteration=2362, ncalls=7869, regioncalls=308280, ndraw=40, logz=-13.85, remainder_fraction=81.7244%, Lmin=-7.55, Lmax=-5.04
11:13:59 [ultranest] [DEBUG] iteration=2363, ncalls=7874, regioncalls=308480, ndraw=40, logz=-13.84, remainder_fraction=81.6699%, Lmin=-7.54, Lmax=-5.04
11:13:59 [ultranest] [DEBUG] iteration=2364, ncalls=7885, regioncalls=309000, ndraw=40, logz=-13.84, remainder_fraction=81.5836%, Lmin=-7.54, Lmax=-5.04
11:13:59 [ultranest] [DEBUG] iteration=2365, ncalls=7891, regioncalls=309280, ndraw=40, logz=-13.84, remainder_fraction=81.5157%, Lmin=-7.53, Lmax=-5.04
11:14:00 [ultranest] [DEBUG] iteration=2366, ncalls=7897, regioncalls=309560, ndraw=40, logz=-13.83, remainder_fraction=81.4588%, Lmin=-7.53, Lmax=-5.04
11:14:00 [ultranest] [DEBUG] iteration=2367, ncalls=7907, regioncalls=310000, ndraw=40, logz=-13.83, remainder_fraction=81.3762%, Lmin=-7.53, Lmax=-5.04
11:14:00 [ultranest] [DEBUG] iteration=2369, ncalls=7919, regioncalls=310480, ndraw=40, logz=-13.82, remainder_fraction=81.2304%, Lmin=-7.53, Lmax=-5.04
11:14:01 [ultranest] [DEBUG] iteration=2370, ncalls=7922, regioncalls=310600, ndraw=40, logz=-13.82, remainder_fraction=81.1944%, Lmin=-7.53, Lmax=-5.04
11:14:01 [ultranest] [DEBUG] iteration=2372, ncalls=7927, regioncalls=310800, ndraw=40, logz=-13.81, remainder_fraction=81.0151%, Lmin=-7.52, Lmax=-5.04
11:14:01 [ultranest] [DEBUG] iteration=2373, ncalls=7930, regioncalls=310920, ndraw=40, logz=-13.81, remainder_fraction=80.9315%, Lmin=-7.51, Lmax=-5.04
11:14:01 [ultranest] [DEBUG] iteration=2374, ncalls=7941, regioncalls=311360, ndraw=40, logz=-13.80, remainder_fraction=80.8540%, Lmin=-7.50, Lmax=-5.04
11:14:01 [ultranest] [DEBUG] iteration=2375, ncalls=7947, regioncalls=311800, ndraw=40, logz=-13.80, remainder_fraction=80.7685%, Lmin=-7.50, Lmax=-5.04
11:14:02 [ultranest] [DEBUG] iteration=2377, ncalls=7955, regioncalls=312640, ndraw=40, logz=-13.79, remainder_fraction=80.7581%, Lmin=-7.50, Lmax=-5.04
11:14:02 [ultranest] [DEBUG] iteration=2378, ncalls=7961, regioncalls=312880, ndraw=40, logz=-13.79, remainder_fraction=80.7581%, Lmin=-7.50, Lmax=-5.04
11:14:02 [ultranest] [DEBUG] iteration=2380, ncalls=7964, regioncalls=313000, ndraw=40, logz=-13.78, remainder_fraction=80.6047%, Lmin=-7.48, Lmax=-5.04
11:14:02 [ultranest] [DEBUG] iteration=2381, ncalls=7971, regioncalls=313280, ndraw=40, logz=-13.78, remainder_fraction=80.5779%, Lmin=-7.48, Lmax=-5.04
11:14:02 [ultranest] [DEBUG] iteration=2382, ncalls=7977, regioncalls=313520, ndraw=40, logz=-13.78, remainder_fraction=80.4959%, Lmin=-7.47, Lmax=-5.04
11:14:03 [ultranest] [DEBUG] iteration=2383, ncalls=7986, regioncalls=313960, ndraw=40, logz=-13.77, remainder_fraction=80.4584%, Lmin=-7.47, Lmax=-5.04
11:14:03 [ultranest] [DEBUG] iteration=2384, ncalls=7992, regioncalls=314200, ndraw=40, logz=-13.77, remainder_fraction=80.4134%, Lmin=-7.47, Lmax=-5.04
11:14:03 [ultranest] [DEBUG] iteration=2385, ncalls=7995, regioncalls=314320, ndraw=40, logz=-13.77, remainder_fraction=80.3213%, Lmin=-7.47, Lmax=-5.04
11:14:03 [ultranest] [DEBUG] iteration=2388, ncalls=7999, regioncalls=314480, ndraw=40, logz=-13.75, remainder_fraction=80.1136%, Lmin=-7.46, Lmax=-5.04
11:14:03 [ultranest] [DEBUG] iteration=2390, ncalls=8007, regioncalls=314800, ndraw=40, logz=-13.75, remainder_fraction=79.9439%, Lmin=-7.46, Lmax=-5.04
11:14:04 [ultranest] [DEBUG] iteration=2391, ncalls=8013, regioncalls=315040, ndraw=40, logz=-13.74, remainder_fraction=79.8635%, Lmin=-7.45, Lmax=-5.04
11:14:04 [ultranest] [DEBUG] iteration=2393, ncalls=8019, regioncalls=315280, ndraw=40, logz=-13.74, remainder_fraction=79.7563%, Lmin=-7.45, Lmax=-5.04
11:14:04 [ultranest] [DEBUG] iteration=2395, ncalls=8023, regioncalls=315440, ndraw=40, logz=-13.73, remainder_fraction=79.6566%, Lmin=-7.45, Lmax=-5.04
11:14:04 [ultranest] [DEBUG] iteration=2397, ncalls=8026, regioncalls=315560, ndraw=40, logz=-13.72, remainder_fraction=79.5447%, Lmin=-7.44, Lmax=-5.04
11:14:04 [ultranest] [DEBUG] iteration=2398, ncalls=8031, regioncalls=315840, ndraw=40, logz=-13.72, remainder_fraction=79.4583%, Lmin=-7.44, Lmax=-5.04
11:14:04 [ultranest] [DEBUG] iteration=2399, ncalls=8035, regioncalls=316000, ndraw=40, logz=-13.72, remainder_fraction=79.3891%, Lmin=-7.44, Lmax=-5.04
11:14:04 [ultranest] [DEBUG] iteration=2400, ncalls=8036, regioncalls=316040, ndraw=40, logz=-13.71, remainder_fraction=79.3106%, Lmin=-7.43, Lmax=-5.04
11:14:05 [ultranest] [DEBUG] iteration=2401, ncalls=8042, regioncalls=316280, ndraw=40, logz=-13.71, remainder_fraction=79.2169%, Lmin=-7.43, Lmax=-5.04
11:14:05 [ultranest] [DEBUG] iteration=2402, ncalls=8049, regioncalls=316560, ndraw=40, logz=-13.71, remainder_fraction=79.1604%, Lmin=-7.42, Lmax=-5.04
11:14:05 [ultranest] [DEBUG] iteration=2405, ncalls=8052, regioncalls=316680, ndraw=40, logz=-13.70, remainder_fraction=79.0256%, Lmin=-7.42, Lmax=-5.04
11:14:05 [ultranest] [DEBUG] iteration=2408, ncalls=8061, regioncalls=317040, ndraw=40, logz=-13.69, remainder_fraction=78.8264%, Lmin=-7.42, Lmax=-5.04
11:14:05 [ultranest] [DEBUG] iteration=2409, ncalls=8065, regioncalls=317200, ndraw=40, logz=-13.68, remainder_fraction=78.7570%, Lmin=-7.41, Lmax=-5.04
11:14:06 [ultranest] [DEBUG] iteration=2410, ncalls=8069, regioncalls=317360, ndraw=40, logz=-13.68, remainder_fraction=78.7038%, Lmin=-7.40, Lmax=-5.04
11:14:06 [ultranest] [DEBUG] iteration=2411, ncalls=8075, regioncalls=317600, ndraw=40, logz=-13.68, remainder_fraction=78.6806%, Lmin=-7.40, Lmax=-5.04
11:14:06 [ultranest] [DEBUG] iteration=2412, ncalls=8083, regioncalls=317920, ndraw=40, logz=-13.68, remainder_fraction=78.6276%, Lmin=-7.40, Lmax=-5.04
11:14:06 [ultranest] [DEBUG] iteration=2413, ncalls=8091, regioncalls=318240, ndraw=40, logz=-13.67, remainder_fraction=78.5674%, Lmin=-7.40, Lmax=-5.04
11:14:07 [ultranest] [DEBUG] iteration=2414, ncalls=8099, regioncalls=318560, ndraw=40, logz=-13.67, remainder_fraction=78.5292%, Lmin=-7.39, Lmax=-5.04
11:14:07 [ultranest] [DEBUG] iteration=2416, ncalls=8103, regioncalls=318720, ndraw=40, logz=-13.66, remainder_fraction=78.3774%, Lmin=-7.39, Lmax=-5.04
11:14:07 [ultranest] [DEBUG] iteration=2417, ncalls=8107, regioncalls=318880, ndraw=40, logz=-13.66, remainder_fraction=78.2841%, Lmin=-7.39, Lmax=-5.04
11:14:07 [ultranest] [DEBUG] iteration=2418, ncalls=8113, regioncalls=319160, ndraw=40, logz=-13.66, remainder_fraction=78.2092%, Lmin=-7.39, Lmax=-5.04
11:14:07 [ultranest] [DEBUG] iteration=2420, ncalls=8122, regioncalls=320040, ndraw=40, logz=-13.65, remainder_fraction=78.0655%, Lmin=-7.38, Lmax=-5.04
11:14:08 [ultranest] [DEBUG] iteration=2422, ncalls=8128, regioncalls=320280, ndraw=40, logz=-13.64, remainder_fraction=77.9250%, Lmin=-7.37, Lmax=-5.04
11:14:08 [ultranest] [DEBUG] iteration=2424, ncalls=8138, regioncalls=320680, ndraw=40, logz=-13.64, remainder_fraction=77.8562%, Lmin=-7.37, Lmax=-5.04
11:14:08 [ultranest] [DEBUG] iteration=2426, ncalls=8144, regioncalls=321120, ndraw=40, logz=-13.63, remainder_fraction=77.7547%, Lmin=-7.36, Lmax=-5.04
11:14:08 [ultranest] [DEBUG] iteration=2427, ncalls=8149, regioncalls=321320, ndraw=40, logz=-13.63, remainder_fraction=77.6754%, Lmin=-7.36, Lmax=-5.04
11:14:08 [ultranest] [DEBUG] iteration=2429, ncalls=8152, regioncalls=321440, ndraw=40, logz=-13.62, remainder_fraction=77.4907%, Lmin=-7.36, Lmax=-5.04
11:14:09 [ultranest] [DEBUG] iteration=2430, ncalls=8162, regioncalls=321920, ndraw=40, logz=-13.62, remainder_fraction=77.3961%, Lmin=-7.35, Lmax=-5.04
11:14:09 [ultranest] [DEBUG] iteration=2431, ncalls=8165, regioncalls=322040, ndraw=40, logz=-13.62, remainder_fraction=77.3164%, Lmin=-7.35, Lmax=-5.04
11:14:09 [ultranest] [DEBUG] iteration=2432, ncalls=8174, regioncalls=322400, ndraw=40, logz=-13.61, remainder_fraction=77.2318%, Lmin=-7.35, Lmax=-5.04
11:14:09 [ultranest] [DEBUG] iteration=2433, ncalls=8180, regioncalls=322640, ndraw=40, logz=-13.61, remainder_fraction=77.1650%, Lmin=-7.34, Lmax=-5.04
11:14:10 [ultranest] [DEBUG] iteration=2435, ncalls=8194, regioncalls=323400, ndraw=40, logz=-13.60, remainder_fraction=76.9710%, Lmin=-7.33, Lmax=-5.04
11:14:10 [ultranest] [DEBUG] iteration=2437, ncalls=8201, regioncalls=323680, ndraw=40, logz=-13.60, remainder_fraction=77.0046%, Lmin=-7.33, Lmax=-5.04
11:14:10 [ultranest] [DEBUG] iteration=2438, ncalls=8209, regioncalls=324000, ndraw=40, logz=-13.60, remainder_fraction=76.9296%, Lmin=-7.33, Lmax=-5.04
11:14:11 [ultranest] [DEBUG] iteration=2440, ncalls=8219, regioncalls=324400, ndraw=40, logz=-13.59, remainder_fraction=76.7764%, Lmin=-7.33, Lmax=-5.04
11:14:11 [ultranest] [DEBUG] iteration=2441, ncalls=8224, regioncalls=324600, ndraw=40, logz=-13.59, remainder_fraction=76.6923%, Lmin=-7.33, Lmax=-5.04
11:14:11 [ultranest] [DEBUG] iteration=2444, ncalls=8229, regioncalls=324800, ndraw=40, logz=-13.58, remainder_fraction=76.5162%, Lmin=-7.31, Lmax=-5.04
11:14:11 [ultranest] [DEBUG] iteration=2446, ncalls=8235, regioncalls=325040, ndraw=40, logz=-13.57, remainder_fraction=76.3933%, Lmin=-7.31, Lmax=-5.04
11:14:11 [ultranest] [DEBUG] iteration=2448, ncalls=8243, regioncalls=325360, ndraw=40, logz=-13.57, remainder_fraction=76.2215%, Lmin=-7.30, Lmax=-5.04
11:14:12 [ultranest] [DEBUG] iteration=2449, ncalls=8247, regioncalls=325520, ndraw=40, logz=-13.56, remainder_fraction=76.1311%, Lmin=-7.30, Lmax=-5.04
11:14:12 [ultranest] [DEBUG] iteration=2450, ncalls=8251, regioncalls=325800, ndraw=40, logz=-13.56, remainder_fraction=76.0925%, Lmin=-7.29, Lmax=-5.04
11:14:12 [ultranest] [DEBUG] iteration=2452, ncalls=8257, regioncalls=326040, ndraw=40, logz=-13.55, remainder_fraction=75.9490%, Lmin=-7.29, Lmax=-5.04
11:14:12 [ultranest] [DEBUG] iteration=2454, ncalls=8261, regioncalls=326200, ndraw=40, logz=-13.55, remainder_fraction=75.8305%, Lmin=-7.28, Lmax=-5.04
11:14:12 [ultranest] [DEBUG] iteration=2455, ncalls=8268, regioncalls=326480, ndraw=40, logz=-13.55, remainder_fraction=75.7575%, Lmin=-7.27, Lmax=-5.04
11:14:12 [ultranest] [DEBUG] iteration=2456, ncalls=8271, regioncalls=326600, ndraw=40, logz=-13.54, remainder_fraction=75.7135%, Lmin=-7.27, Lmax=-5.04
11:14:13 [ultranest] [DEBUG] iteration=2457, ncalls=8274, regioncalls=326720, ndraw=40, logz=-13.54, remainder_fraction=75.6600%, Lmin=-7.26, Lmax=-5.04
11:14:13 [ultranest] [DEBUG] iteration=2459, ncalls=8278, regioncalls=326880, ndraw=40, logz=-13.53, remainder_fraction=75.4957%, Lmin=-7.26, Lmax=-5.04
11:14:13 [ultranest] [DEBUG] iteration=2461, ncalls=8281, regioncalls=327000, ndraw=40, logz=-13.53, remainder_fraction=75.3066%, Lmin=-7.26, Lmax=-5.04
11:14:13 [ultranest] [DEBUG] iteration=2463, ncalls=8293, regioncalls=327480, ndraw=40, logz=-13.52, remainder_fraction=75.1248%, Lmin=-7.26, Lmax=-5.04
11:14:13 [ultranest] [DEBUG] iteration=2465, ncalls=8296, regioncalls=327600, ndraw=40, logz=-13.52, remainder_fraction=74.9374%, Lmin=-7.25, Lmax=-5.04
11:14:14 [ultranest] [DEBUG] iteration=2466, ncalls=8309, regioncalls=328120, ndraw=40, logz=-13.52, remainder_fraction=74.8642%, Lmin=-7.25, Lmax=-5.04
11:14:14 [ultranest] [DEBUG] iteration=2467, ncalls=8314, regioncalls=328320, ndraw=40, logz=-13.51, remainder_fraction=74.7696%, Lmin=-7.24, Lmax=-5.04
11:14:14 [ultranest] [DEBUG] iteration=2468, ncalls=8327, regioncalls=328840, ndraw=40, logz=-13.51, remainder_fraction=74.6976%, Lmin=-7.24, Lmax=-5.04
11:14:14 [ultranest] [DEBUG] iteration=2469, ncalls=8330, regioncalls=328960, ndraw=40, logz=-13.51, remainder_fraction=74.6065%, Lmin=-7.23, Lmax=-5.04
11:14:15 [ultranest] [DEBUG] iteration=2470, ncalls=8333, regioncalls=329080, ndraw=40, logz=-13.50, remainder_fraction=74.5671%, Lmin=-7.23, Lmax=-5.04
11:14:15 [ultranest] [DEBUG] iteration=2471, ncalls=8336, regioncalls=329200, ndraw=40, logz=-13.50, remainder_fraction=74.5534%, Lmin=-7.23, Lmax=-5.04
11:14:15 [ultranest] [DEBUG] iteration=2473, ncalls=8342, regioncalls=329440, ndraw=40, logz=-13.50, remainder_fraction=74.3729%, Lmin=-7.22, Lmax=-5.04
11:14:15 [ultranest] [DEBUG] iteration=2475, ncalls=8346, regioncalls=329600, ndraw=40, logz=-13.49, remainder_fraction=74.1852%, Lmin=-7.22, Lmax=-5.04
11:14:16 [ultranest] [DEBUG] iteration=2477, ncalls=8365, regioncalls=330360, ndraw=40, logz=-13.48, remainder_fraction=73.9915%, Lmin=-7.21, Lmax=-5.00
11:14:16 [ultranest] [DEBUG] iteration=2478, ncalls=8370, regioncalls=330560, ndraw=40, logz=-13.48, remainder_fraction=73.9588%, Lmin=-7.21, Lmax=-5.00
11:14:16 [ultranest] [DEBUG] iteration=2479, ncalls=8376, regioncalls=330800, ndraw=40, logz=-13.48, remainder_fraction=74.0065%, Lmin=-7.20, Lmax=-5.00
11:14:16 [ultranest] [DEBUG] iteration=2480, ncalls=8378, regioncalls=330880, ndraw=40, logz=-13.48, remainder_fraction=73.9081%, Lmin=-7.20, Lmax=-5.00
11:14:17 [ultranest] [DEBUG] iteration=2481, ncalls=8393, regioncalls=331480, ndraw=40, logz=-13.47, remainder_fraction=73.8696%, Lmin=-7.20, Lmax=-5.00
11:14:18 [ultranest] [DEBUG] iteration=2482, ncalls=8423, regioncalls=332800, ndraw=40, logz=-13.47, remainder_fraction=73.7765%, Lmin=-7.20, Lmax=-5.00
11:14:18 [ultranest] [DEBUG] iteration=2483, ncalls=8433, regioncalls=333200, ndraw=40, logz=-13.47, remainder_fraction=73.7939%, Lmin=-7.20, Lmax=-5.00
11:14:18 [ultranest] [DEBUG] iteration=2486, ncalls=8446, regioncalls=334000, ndraw=40, logz=-13.46, remainder_fraction=73.5770%, Lmin=-7.16, Lmax=-5.00
11:14:19 [ultranest] [DEBUG] iteration=2487, ncalls=8460, regioncalls=334560, ndraw=40, logz=-13.46, remainder_fraction=73.4758%, Lmin=-7.15, Lmax=-5.00
11:14:19 [ultranest] [DEBUG] iteration=2488, ncalls=8463, regioncalls=334800, ndraw=40, logz=-13.46, remainder_fraction=73.3945%, Lmin=-7.15, Lmax=-5.00
11:14:19 [ultranest] [DEBUG] iteration=2489, ncalls=8466, regioncalls=334920, ndraw=40, logz=-13.45, remainder_fraction=73.2991%, Lmin=-7.15, Lmax=-5.00
11:14:19 [ultranest] [DEBUG] iteration=2492, ncalls=8475, regioncalls=335280, ndraw=40, logz=-13.44, remainder_fraction=73.0726%, Lmin=-7.14, Lmax=-5.00
11:14:20 [ultranest] [DEBUG] iteration=2493, ncalls=8482, regioncalls=335560, ndraw=40, logz=-13.44, remainder_fraction=73.0226%, Lmin=-7.13, Lmax=-5.00
11:14:20 [ultranest] [DEBUG] iteration=2494, ncalls=8487, regioncalls=335760, ndraw=40, logz=-13.44, remainder_fraction=72.9833%, Lmin=-7.12, Lmax=-5.00
11:14:20 [ultranest] [DEBUG] iteration=2495, ncalls=8491, regioncalls=335920, ndraw=40, logz=-13.44, remainder_fraction=72.8812%, Lmin=-7.12, Lmax=-5.00
11:14:20 [ultranest] [DEBUG] iteration=2497, ncalls=8507, regioncalls=336560, ndraw=40, logz=-13.43, remainder_fraction=72.8184%, Lmin=-7.11, Lmax=-5.00
11:14:21 [ultranest] [DEBUG] iteration=2499, ncalls=8511, regioncalls=336720, ndraw=40, logz=-13.43, remainder_fraction=72.8403%, Lmin=-7.11, Lmax=-5.00
11:14:21 [ultranest] [DEBUG] iteration=2502, ncalls=8524, regioncalls=337240, ndraw=40, logz=-13.42, remainder_fraction=72.5869%, Lmin=-7.10, Lmax=-5.00
11:14:21 [ultranest] [DEBUG] iteration=2503, ncalls=8527, regioncalls=337600, ndraw=40, logz=-13.42, remainder_fraction=72.5116%, Lmin=-7.09, Lmax=-5.00
11:14:21 [ultranest] [DEBUG] iteration=2504, ncalls=8531, regioncalls=337800, ndraw=40, logz=-13.41, remainder_fraction=72.4130%, Lmin=-7.09, Lmax=-5.00
11:14:21 [ultranest] [DEBUG] iteration=2505, ncalls=8535, regioncalls=337960, ndraw=40, logz=-13.41, remainder_fraction=72.3550%, Lmin=-7.09, Lmax=-5.00
11:14:21 [ultranest] [DEBUG] iteration=2506, ncalls=8539, regioncalls=338160, ndraw=40, logz=-13.41, remainder_fraction=72.2971%, Lmin=-7.09, Lmax=-5.00
11:14:22 [ultranest] [DEBUG] iteration=2507, ncalls=8546, regioncalls=338480, ndraw=40, logz=-13.40, remainder_fraction=72.2091%, Lmin=-7.09, Lmax=-5.00
11:14:22 [ultranest] [DEBUG] iteration=2508, ncalls=8551, regioncalls=338680, ndraw=40, logz=-13.40, remainder_fraction=72.1653%, Lmin=-7.08, Lmax=-5.00
11:14:22 [ultranest] [DEBUG] iteration=2510, ncalls=8554, regioncalls=338800, ndraw=40, logz=-13.40, remainder_fraction=72.0641%, Lmin=-7.07, Lmax=-5.00
11:14:22 [ultranest] [DEBUG] iteration=2511, ncalls=8558, regioncalls=338960, ndraw=40, logz=-13.39, remainder_fraction=71.9794%, Lmin=-7.07, Lmax=-5.00
11:14:22 [ultranest] [DEBUG] iteration=2512, ncalls=8569, regioncalls=339400, ndraw=40, logz=-13.39, remainder_fraction=71.8764%, Lmin=-7.07, Lmax=-5.00
11:14:23 [ultranest] [DEBUG] iteration=2513, ncalls=8577, regioncalls=339720, ndraw=40, logz=-13.39, remainder_fraction=71.8363%, Lmin=-7.07, Lmax=-5.00
11:14:23 [ultranest] [DEBUG] iteration=2515, ncalls=8581, regioncalls=339880, ndraw=40, logz=-13.38, remainder_fraction=71.8000%, Lmin=-7.07, Lmax=-5.00
11:14:23 [ultranest] [DEBUG] iteration=2516, ncalls=8598, regioncalls=340560, ndraw=40, logz=-13.38, remainder_fraction=71.7452%, Lmin=-7.07, Lmax=-5.00
11:14:24 [ultranest] [DEBUG] iteration=2518, ncalls=8601, regioncalls=340680, ndraw=40, logz=-13.38, remainder_fraction=71.6942%, Lmin=-7.07, Lmax=-5.00
11:14:24 [ultranest] [DEBUG] iteration=2520, ncalls=8610, regioncalls=341040, ndraw=40, logz=-13.37, remainder_fraction=71.5187%, Lmin=-7.04, Lmax=-5.00
11:14:24 [ultranest] [DEBUG] iteration=2521, ncalls=8613, regioncalls=341160, ndraw=40, logz=-13.37, remainder_fraction=71.4197%, Lmin=-7.04, Lmax=-5.00
11:14:25 [ultranest] [DEBUG] iteration=2522, ncalls=8630, regioncalls=341840, ndraw=40, logz=-13.37, remainder_fraction=71.3332%, Lmin=-7.04, Lmax=-5.00
11:14:25 [ultranest] [DEBUG] iteration=2523, ncalls=8635, regioncalls=342040, ndraw=40, logz=-13.36, remainder_fraction=71.2391%, Lmin=-7.04, Lmax=-5.00
11:14:25 [ultranest] [DEBUG] iteration=2524, ncalls=8640, regioncalls=342240, ndraw=40, logz=-13.36, remainder_fraction=71.1404%, Lmin=-7.04, Lmax=-5.00
11:14:25 [ultranest] [DEBUG] iteration=2525, ncalls=8645, regioncalls=342440, ndraw=40, logz=-13.36, remainder_fraction=71.0372%, Lmin=-7.04, Lmax=-5.00
11:14:25 [ultranest] [DEBUG] iteration=2527, ncalls=8652, regioncalls=342720, ndraw=40, logz=-13.35, remainder_fraction=70.8847%, Lmin=-7.03, Lmax=-5.00
11:14:26 [ultranest] [DEBUG] iteration=2529, ncalls=8665, regioncalls=343240, ndraw=40, logz=-13.35, remainder_fraction=70.7799%, Lmin=-7.03, Lmax=-5.00
11:14:26 [ultranest] [DEBUG] iteration=2530, ncalls=8668, regioncalls=343360, ndraw=40, logz=-13.35, remainder_fraction=70.6776%, Lmin=-7.02, Lmax=-5.00
11:14:26 [ultranest] [DEBUG] iteration=2531, ncalls=8684, regioncalls=344000, ndraw=40, logz=-13.34, remainder_fraction=70.5823%, Lmin=-7.02, Lmax=-5.00
11:14:27 [ultranest] [DEBUG] iteration=2532, ncalls=8687, regioncalls=344120, ndraw=40, logz=-13.34, remainder_fraction=70.4868%, Lmin=-7.02, Lmax=-5.00
11:14:27 [ultranest] [DEBUG] iteration=2533, ncalls=8701, regioncalls=344680, ndraw=40, logz=-13.34, remainder_fraction=70.4883%, Lmin=-7.02, Lmax=-5.00
11:14:27 [ultranest] [DEBUG] iteration=2534, ncalls=8714, regioncalls=345240, ndraw=40, logz=-13.34, remainder_fraction=70.4669%, Lmin=-7.02, Lmax=-5.00
11:14:28 [ultranest] [DEBUG] iteration=2535, ncalls=8728, regioncalls=345800, ndraw=40, logz=-13.33, remainder_fraction=70.3650%, Lmin=-7.01, Lmax=-5.00
11:14:29 [ultranest] [DEBUG] iteration=2536, ncalls=8748, regioncalls=346600, ndraw=40, logz=-13.33, remainder_fraction=70.3036%, Lmin=-7.01, Lmax=-5.00
11:14:29 [ultranest] [DEBUG] iteration=2537, ncalls=8754, regioncalls=346840, ndraw=40, logz=-13.33, remainder_fraction=70.2113%, Lmin=-7.01, Lmax=-5.00
11:14:29 [ultranest] [DEBUG] iteration=2538, ncalls=8757, regioncalls=346960, ndraw=40, logz=-13.33, remainder_fraction=70.1142%, Lmin=-7.00, Lmax=-5.00
11:14:29 [ultranest] [DEBUG] iteration=2539, ncalls=8764, regioncalls=347240, ndraw=40, logz=-13.32, remainder_fraction=70.0131%, Lmin=-7.00, Lmax=-5.00
11:14:29 [ultranest] [DEBUG] iteration=2540, ncalls=8772, regioncalls=347560, ndraw=40, logz=-13.32, remainder_fraction=69.9167%, Lmin=-7.00, Lmax=-5.00
11:14:30 [ultranest] [DEBUG] iteration=2541, ncalls=8786, regioncalls=348280, ndraw=40, logz=-13.32, remainder_fraction=69.8254%, Lmin=-6.99, Lmax=-5.00
11:14:30 [ultranest] [DEBUG] iteration=2542, ncalls=8790, regioncalls=348440, ndraw=40, logz=-13.32, remainder_fraction=69.7476%, Lmin=-6.99, Lmax=-5.00
11:14:30 [ultranest] [DEBUG] iteration=2543, ncalls=8800, regioncalls=348840, ndraw=40, logz=-13.31, remainder_fraction=69.6846%, Lmin=-6.99, Lmax=-5.00
11:14:31 [ultranest] [DEBUG] iteration=2544, ncalls=8810, regioncalls=349240, ndraw=40, logz=-13.31, remainder_fraction=69.5838%, Lmin=-6.99, Lmax=-5.00
11:14:31 [ultranest] [DEBUG] iteration=2545, ncalls=8830, regioncalls=350040, ndraw=40, logz=-13.31, remainder_fraction=69.5953%, Lmin=-6.98, Lmax=-5.00
11:14:32 [ultranest] [DEBUG] iteration=2546, ncalls=8838, regioncalls=350360, ndraw=40, logz=-13.31, remainder_fraction=69.4954%, Lmin=-6.98, Lmax=-5.00
11:14:32 [ultranest] [DEBUG] iteration=2547, ncalls=8846, regioncalls=350680, ndraw=40, logz=-13.30, remainder_fraction=69.4101%, Lmin=-6.98, Lmax=-5.00
11:14:32 [ultranest] [DEBUG] iteration=2548, ncalls=8849, regioncalls=350800, ndraw=40, logz=-13.30, remainder_fraction=69.3709%, Lmin=-6.98, Lmax=-5.00
11:14:32 [ultranest] [DEBUG] iteration=2550, ncalls=8858, regioncalls=351320, ndraw=40, logz=-13.30, remainder_fraction=69.2565%, Lmin=-6.97, Lmax=-5.00
11:14:33 [ultranest] [DEBUG] iteration=2551, ncalls=8869, regioncalls=351760, ndraw=40, logz=-13.29, remainder_fraction=69.1866%, Lmin=-6.97, Lmax=-5.00
11:14:33 [ultranest] [DEBUG] iteration=2552, ncalls=8875, regioncalls=352000, ndraw=40, logz=-13.29, remainder_fraction=69.0928%, Lmin=-6.96, Lmax=-5.00
11:14:33 [ultranest] [DEBUG] iteration=2553, ncalls=8881, regioncalls=352240, ndraw=40, logz=-13.29, remainder_fraction=69.0286%, Lmin=-6.95, Lmax=-5.00
11:14:33 [ultranest] [DEBUG] iteration=2554, ncalls=8888, regioncalls=352520, ndraw=40, logz=-13.29, remainder_fraction=68.9787%, Lmin=-6.95, Lmax=-5.00
11:14:34 [ultranest] [DEBUG] iteration=2555, ncalls=8895, regioncalls=352840, ndraw=40, logz=-13.29, remainder_fraction=68.9171%, Lmin=-6.95, Lmax=-5.00
11:14:34 [ultranest] [DEBUG] iteration=2557, ncalls=8902, regioncalls=353200, ndraw=40, logz=-13.28, remainder_fraction=68.7361%, Lmin=-6.95, Lmax=-5.00
11:14:34 [ultranest] [DEBUG] iteration=2558, ncalls=8909, regioncalls=353480, ndraw=40, logz=-13.28, remainder_fraction=68.6697%, Lmin=-6.94, Lmax=-5.00
11:14:34 [ultranest] [DEBUG] iteration=2559, ncalls=8912, regioncalls=353600, ndraw=40, logz=-13.28, remainder_fraction=68.6283%, Lmin=-6.94, Lmax=-5.00
11:14:35 [ultranest] [DEBUG] iteration=2560, ncalls=8930, regioncalls=354320, ndraw=40, logz=-13.27, remainder_fraction=68.5327%, Lmin=-6.93, Lmax=-5.00
11:14:35 [ultranest] [DEBUG] iteration=2561, ncalls=8938, regioncalls=354640, ndraw=40, logz=-13.27, remainder_fraction=68.5224%, Lmin=-6.93, Lmax=-5.00
11:14:35 [ultranest] [DEBUG] iteration=2563, ncalls=8941, regioncalls=354760, ndraw=40, logz=-13.27, remainder_fraction=68.4438%, Lmin=-6.93, Lmax=-5.00
11:14:35 [ultranest] [DEBUG] iteration=2564, ncalls=8951, regioncalls=355160, ndraw=40, logz=-13.26, remainder_fraction=68.3768%, Lmin=-6.93, Lmax=-5.00
11:14:36 [ultranest] [DEBUG] iteration=2565, ncalls=8954, regioncalls=355280, ndraw=40, logz=-13.26, remainder_fraction=68.2766%, Lmin=-6.92, Lmax=-5.00
11:14:36 [ultranest] [DEBUG] iteration=2566, ncalls=8960, regioncalls=355720, ndraw=40, logz=-13.26, remainder_fraction=68.2179%, Lmin=-6.92, Lmax=-5.00
11:14:36 [ultranest] [DEBUG] iteration=2567, ncalls=8963, regioncalls=355840, ndraw=40, logz=-13.26, remainder_fraction=68.1883%, Lmin=-6.92, Lmax=-5.00
11:14:36 [ultranest] [DEBUG] iteration=2569, ncalls=8971, regioncalls=356160, ndraw=40, logz=-13.25, remainder_fraction=68.0021%, Lmin=-6.92, Lmax=-5.00
11:14:37 [ultranest] [DEBUG] iteration=2570, ncalls=8986, regioncalls=356760, ndraw=40, logz=-13.25, remainder_fraction=67.9463%, Lmin=-6.92, Lmax=-5.00
11:14:37 [ultranest] [DEBUG] iteration=2572, ncalls=8997, regioncalls=357200, ndraw=40, logz=-13.25, remainder_fraction=67.7523%, Lmin=-6.90, Lmax=-5.00
11:14:37 [ultranest] [DEBUG] iteration=2573, ncalls=9000, regioncalls=357320, ndraw=40, logz=-13.24, remainder_fraction=67.6484%, Lmin=-6.89, Lmax=-5.00
11:14:37 [ultranest] [DEBUG] iteration=2574, ncalls=9003, regioncalls=357440, ndraw=40, logz=-13.24, remainder_fraction=67.5694%, Lmin=-6.89, Lmax=-5.00
11:14:37 [ultranest] [DEBUG] iteration=2575, ncalls=9007, regioncalls=357600, ndraw=40, logz=-13.24, remainder_fraction=67.5255%, Lmin=-6.89, Lmax=-5.00
11:14:38 [ultranest] [DEBUG] iteration=2576, ncalls=9026, regioncalls=358520, ndraw=40, logz=-13.24, remainder_fraction=67.4230%, Lmin=-6.89, Lmax=-5.00
11:14:38 [ultranest] [DEBUG] iteration=2577, ncalls=9034, regioncalls=358840, ndraw=40, logz=-13.23, remainder_fraction=67.3200%, Lmin=-6.89, Lmax=-5.00
11:14:38 [ultranest] [DEBUG] iteration=2578, ncalls=9041, regioncalls=359120, ndraw=40, logz=-13.23, remainder_fraction=67.2265%, Lmin=-6.89, Lmax=-5.00
11:14:39 [ultranest] [DEBUG] iteration=2579, ncalls=9044, regioncalls=359240, ndraw=40, logz=-13.23, remainder_fraction=67.1671%, Lmin=-6.89, Lmax=-5.00
11:14:39 [ultranest] [DEBUG] iteration=2580, ncalls=9052, regioncalls=359560, ndraw=40, logz=-13.23, remainder_fraction=67.0803%, Lmin=-6.88, Lmax=-5.00
11:14:39 [ultranest] [DEBUG] iteration=2581, ncalls=9061, regioncalls=359920, ndraw=40, logz=-13.23, remainder_fraction=66.9893%, Lmin=-6.88, Lmax=-5.00
11:14:39 [ultranest] [DEBUG] iteration=2583, ncalls=9069, regioncalls=360240, ndraw=40, logz=-13.22, remainder_fraction=66.8323%, Lmin=-6.88, Lmax=-5.00
11:14:40 [ultranest] [DEBUG] iteration=2584, ncalls=9073, regioncalls=360400, ndraw=40, logz=-13.22, remainder_fraction=66.7960%, Lmin=-6.88, Lmax=-5.00
11:14:40 [ultranest] [DEBUG] iteration=2585, ncalls=9077, regioncalls=360560, ndraw=40, logz=-13.22, remainder_fraction=66.6955%, Lmin=-6.88, Lmax=-5.00
11:14:40 [ultranest] [DEBUG] iteration=2586, ncalls=9089, regioncalls=361040, ndraw=40, logz=-13.21, remainder_fraction=66.6057%, Lmin=-6.87, Lmax=-5.00
11:14:41 [ultranest] [DEBUG] iteration=2588, ncalls=9108, regioncalls=361800, ndraw=40, logz=-13.21, remainder_fraction=66.4740%, Lmin=-6.87, Lmax=-5.00
11:14:41 [ultranest] [DEBUG] iteration=2589, ncalls=9112, regioncalls=361960, ndraw=40, logz=-13.21, remainder_fraction=66.3706%, Lmin=-6.87, Lmax=-5.00
11:14:41 [ultranest] [DEBUG] iteration=2590, ncalls=9120, regioncalls=362280, ndraw=40, logz=-13.21, remainder_fraction=66.2849%, Lmin=-6.87, Lmax=-5.00
11:14:42 [ultranest] [DEBUG] iteration=2591, ncalls=9132, regioncalls=362760, ndraw=40, logz=-13.20, remainder_fraction=66.2030%, Lmin=-6.87, Lmax=-5.00
11:14:42 [ultranest] [DEBUG] iteration=2593, ncalls=9152, regioncalls=363560, ndraw=40, logz=-13.20, remainder_fraction=66.1136%, Lmin=-6.86, Lmax=-5.00
11:14:42 [ultranest] [DEBUG] iteration=2594, ncalls=9157, regioncalls=363760, ndraw=40, logz=-13.20, remainder_fraction=66.0326%, Lmin=-6.86, Lmax=-5.00
11:14:43 [ultranest] [DEBUG] iteration=2595, ncalls=9170, regioncalls=364280, ndraw=40, logz=-13.19, remainder_fraction=65.9303%, Lmin=-6.86, Lmax=-5.00
11:14:43 [ultranest] [DEBUG] iteration=2597, ncalls=9180, regioncalls=364680, ndraw=40, logz=-13.19, remainder_fraction=65.7984%, Lmin=-6.85, Lmax=-5.00
11:14:43 [ultranest] [DEBUG] iteration=2598, ncalls=9185, regioncalls=365200, ndraw=40, logz=-13.19, remainder_fraction=65.7104%, Lmin=-6.85, Lmax=-5.00
11:14:44 [ultranest] [DEBUG] iteration=2599, ncalls=9196, regioncalls=365640, ndraw=40, logz=-13.19, remainder_fraction=65.6263%, Lmin=-6.85, Lmax=-5.00
11:14:44 [ultranest] [DEBUG] iteration=2600, ncalls=9198, regioncalls=365720, ndraw=40, logz=-13.18, remainder_fraction=65.5779%, Lmin=-6.84, Lmax=-5.00
11:14:44 [ultranest] [DEBUG] iteration=2601, ncalls=9215, regioncalls=366680, ndraw=40, logz=-13.18, remainder_fraction=65.4742%, Lmin=-6.84, Lmax=-5.00
11:14:45 [ultranest] [DEBUG] iteration=2602, ncalls=9224, regioncalls=367280, ndraw=40, logz=-13.18, remainder_fraction=65.4472%, Lmin=-6.84, Lmax=-5.00
11:14:45 [ultranest] [DEBUG] iteration=2603, ncalls=9230, regioncalls=367520, ndraw=40, logz=-13.18, remainder_fraction=65.3500%, Lmin=-6.84, Lmax=-5.00
11:14:45 [ultranest] [DEBUG] iteration=2604, ncalls=9239, regioncalls=367880, ndraw=40, logz=-13.18, remainder_fraction=65.2576%, Lmin=-6.83, Lmax=-5.00
11:14:45 [ultranest] [DEBUG] iteration=2605, ncalls=9242, regioncalls=368000, ndraw=40, logz=-13.17, remainder_fraction=65.1663%, Lmin=-6.83, Lmax=-5.00
11:14:46 [ultranest] [DEBUG] iteration=2607, ncalls=9266, regioncalls=368960, ndraw=40, logz=-13.17, remainder_fraction=64.9873%, Lmin=-6.83, Lmax=-5.00
11:14:46 [ultranest] [DEBUG] iteration=2608, ncalls=9270, regioncalls=369120, ndraw=40, logz=-13.17, remainder_fraction=64.9221%, Lmin=-6.82, Lmax=-5.00
11:14:46 [ultranest] [DEBUG] iteration=2609, ncalls=9273, regioncalls=369240, ndraw=40, logz=-13.16, remainder_fraction=64.9119%, Lmin=-6.82, Lmax=-5.00
11:14:47 [ultranest] [DEBUG] iteration=2610, ncalls=9279, regioncalls=369480, ndraw=40, logz=-13.16, remainder_fraction=64.8252%, Lmin=-6.82, Lmax=-5.00
11:14:47 [ultranest] [DEBUG] iteration=2611, ncalls=9282, regioncalls=369600, ndraw=40, logz=-13.16, remainder_fraction=64.7238%, Lmin=-6.82, Lmax=-5.00
11:14:47 [ultranest] [DEBUG] iteration=2612, ncalls=9286, regioncalls=369760, ndraw=40, logz=-13.16, remainder_fraction=64.6276%, Lmin=-6.82, Lmax=-5.00
11:14:47 [ultranest] [DEBUG] iteration=2613, ncalls=9289, regioncalls=369880, ndraw=40, logz=-13.16, remainder_fraction=64.5533%, Lmin=-6.82, Lmax=-5.00
11:14:47 [ultranest] [DEBUG] iteration=2614, ncalls=9293, regioncalls=370040, ndraw=40, logz=-13.15, remainder_fraction=64.4663%, Lmin=-6.82, Lmax=-5.00
11:14:48 [ultranest] [DEBUG] iteration=2615, ncalls=9308, regioncalls=370640, ndraw=40, logz=-13.15, remainder_fraction=64.3692%, Lmin=-6.82, Lmax=-5.00
11:14:48 [ultranest] [DEBUG] iteration=2617, ncalls=9312, regioncalls=370840, ndraw=40, logz=-13.15, remainder_fraction=64.1953%, Lmin=-6.82, Lmax=-5.00
11:14:48 [ultranest] [DEBUG] iteration=2619, ncalls=9320, regioncalls=371200, ndraw=40, logz=-13.14, remainder_fraction=64.0229%, Lmin=-6.81, Lmax=-5.00
11:14:49 [ultranest] [DEBUG] iteration=2620, ncalls=9340, regioncalls=372000, ndraw=40, logz=-13.14, remainder_fraction=63.9501%, Lmin=-6.80, Lmax=-5.00
11:14:49 [ultranest] [DEBUG] iteration=2621, ncalls=9343, regioncalls=372120, ndraw=40, logz=-13.14, remainder_fraction=63.8573%, Lmin=-6.79, Lmax=-5.00
11:14:49 [ultranest] [DEBUG] iteration=2622, ncalls=9351, regioncalls=372440, ndraw=40, logz=-13.14, remainder_fraction=63.7728%, Lmin=-6.79, Lmax=-5.00
11:14:49 [ultranest] [DEBUG] iteration=2623, ncalls=9363, regioncalls=372920, ndraw=40, logz=-13.14, remainder_fraction=63.6924%, Lmin=-6.79, Lmax=-5.00
11:14:50 [ultranest] [DEBUG] iteration=2624, ncalls=9368, regioncalls=373160, ndraw=40, logz=-13.13, remainder_fraction=63.6152%, Lmin=-6.79, Lmax=-5.00
11:14:50 [ultranest] [DEBUG] iteration=2625, ncalls=9394, regioncalls=374720, ndraw=40, logz=-13.13, remainder_fraction=63.5379%, Lmin=-6.79, Lmax=-5.00
11:14:51 [ultranest] [DEBUG] iteration=2626, ncalls=9404, regioncalls=375120, ndraw=40, logz=-13.13, remainder_fraction=63.4514%, Lmin=-6.78, Lmax=-5.00
11:14:51 [ultranest] [DEBUG] iteration=2628, ncalls=9411, regioncalls=375400, ndraw=40, logz=-13.13, remainder_fraction=63.2550%, Lmin=-6.78, Lmax=-5.00
11:14:51 [ultranest] [DEBUG] iteration=2630, ncalls=9414, regioncalls=375520, ndraw=40, logz=-13.12, remainder_fraction=63.0589%, Lmin=-6.78, Lmax=-5.00
11:14:52 [ultranest] [DEBUG] iteration=2631, ncalls=9428, regioncalls=376080, ndraw=40, logz=-13.12, remainder_fraction=62.9829%, Lmin=-6.78, Lmax=-5.00
11:14:52 [ultranest] [DEBUG] iteration=2632, ncalls=9437, regioncalls=376440, ndraw=40, logz=-13.12, remainder_fraction=62.8928%, Lmin=-6.78, Lmax=-5.00
11:14:52 [ultranest] [DEBUG] iteration=2633, ncalls=9444, regioncalls=376720, ndraw=40, logz=-13.12, remainder_fraction=62.7915%, Lmin=-6.78, Lmax=-5.00
11:14:52 [ultranest] [DEBUG] iteration=2634, ncalls=9449, regioncalls=377000, ndraw=40, logz=-13.11, remainder_fraction=62.7704%, Lmin=-6.77, Lmax=-5.00
11:14:53 [ultranest] [DEBUG] iteration=2635, ncalls=9454, regioncalls=377200, ndraw=40, logz=-13.11, remainder_fraction=62.6756%, Lmin=-6.76, Lmax=-5.00
11:14:53 [ultranest] [DEBUG] iteration=2636, ncalls=9458, regioncalls=377360, ndraw=40, logz=-13.11, remainder_fraction=62.5808%, Lmin=-6.75, Lmax=-5.00
11:14:53 [ultranest] [DEBUG] iteration=2637, ncalls=9463, regioncalls=377560, ndraw=40, logz=-13.11, remainder_fraction=62.5289%, Lmin=-6.75, Lmax=-5.00
11:14:53 [ultranest] [DEBUG] iteration=2638, ncalls=9466, regioncalls=377680, ndraw=40, logz=-13.11, remainder_fraction=62.4373%, Lmin=-6.75, Lmax=-5.00
11:14:53 [ultranest] [DEBUG] iteration=2639, ncalls=9476, regioncalls=378080, ndraw=40, logz=-13.10, remainder_fraction=62.3594%, Lmin=-6.75, Lmax=-5.00
11:14:53 [ultranest] [DEBUG] iteration=2640, ncalls=9480, regioncalls=378280, ndraw=40, logz=-13.10, remainder_fraction=62.3104%, Lmin=-6.74, Lmax=-5.00
11:14:54 [ultranest] [DEBUG] iteration=2641, ncalls=9504, regioncalls=379320, ndraw=40, logz=-13.10, remainder_fraction=62.2541%, Lmin=-6.74, Lmax=-5.00
11:14:56 [ultranest] [DEBUG] iteration=2642, ncalls=9545, regioncalls=381160, ndraw=40, logz=-13.10, remainder_fraction=62.1574%, Lmin=-6.74, Lmax=-5.00
11:14:56 [ultranest] [DEBUG] iteration=2644, ncalls=9551, regioncalls=381400, ndraw=40, logz=-13.09, remainder_fraction=61.9838%, Lmin=-6.73, Lmax=-5.00
11:14:56 [ultranest] [DEBUG] iteration=2645, ncalls=9554, regioncalls=381520, ndraw=40, logz=-13.09, remainder_fraction=61.9332%, Lmin=-6.73, Lmax=-5.00
11:14:56 [ultranest] [DEBUG] iteration=2646, ncalls=9560, regioncalls=381760, ndraw=40, logz=-13.09, remainder_fraction=61.8362%, Lmin=-6.73, Lmax=-5.00
11:14:57 [ultranest] [DEBUG] iteration=2648, ncalls=9578, regioncalls=382480, ndraw=40, logz=-13.09, remainder_fraction=61.7253%, Lmin=-6.72, Lmax=-5.00
11:14:57 [ultranest] [DEBUG] iteration=2649, ncalls=9589, regioncalls=383000, ndraw=40, logz=-13.09, remainder_fraction=61.6231%, Lmin=-6.72, Lmax=-5.00
11:14:58 [ultranest] [DEBUG] iteration=2650, ncalls=9601, regioncalls=383720, ndraw=40, logz=-13.08, remainder_fraction=61.5560%, Lmin=-6.72, Lmax=-5.00
11:14:58 [ultranest] [DEBUG] iteration=2651, ncalls=9613, regioncalls=384200, ndraw=40, logz=-13.08, remainder_fraction=61.4832%, Lmin=-6.72, Lmax=-5.00
11:14:58 [ultranest] [DEBUG] iteration=2653, ncalls=9618, regioncalls=384400, ndraw=40, logz=-13.08, remainder_fraction=61.2953%, Lmin=-6.72, Lmax=-5.00
11:14:58 [ultranest] [DEBUG] iteration=2654, ncalls=9623, regioncalls=384600, ndraw=40, logz=-13.08, remainder_fraction=61.2170%, Lmin=-6.71, Lmax=-5.00
11:14:58 [ultranest] [DEBUG] iteration=2656, ncalls=9627, regioncalls=384760, ndraw=40, logz=-13.07, remainder_fraction=61.1609%, Lmin=-6.71, Lmax=-5.00
11:14:59 [ultranest] [DEBUG] iteration=2657, ncalls=9637, regioncalls=385240, ndraw=40, logz=-13.07, remainder_fraction=61.0601%, Lmin=-6.71, Lmax=-5.00
11:15:00 [ultranest] [DEBUG] iteration=2658, ncalls=9684, regioncalls=387600, ndraw=40, logz=-13.07, remainder_fraction=61.0157%, Lmin=-6.71, Lmax=-5.00
11:15:01 [ultranest] [DEBUG] iteration=2659, ncalls=9690, regioncalls=387840, ndraw=40, logz=-13.07, remainder_fraction=60.9196%, Lmin=-6.71, Lmax=-5.00
11:15:01 [ultranest] [DEBUG] iteration=2660, ncalls=9701, regioncalls=388280, ndraw=40, logz=-13.06, remainder_fraction=60.8523%, Lmin=-6.70, Lmax=-5.00
11:15:01 [ultranest] [DEBUG] iteration=2662, ncalls=9705, regioncalls=388440, ndraw=40, logz=-13.06, remainder_fraction=60.7803%, Lmin=-6.70, Lmax=-5.00
11:15:01 [ultranest] [DEBUG] iteration=2663, ncalls=9717, regioncalls=388920, ndraw=40, logz=-13.06, remainder_fraction=60.7010%, Lmin=-6.69, Lmax=-5.00
11:15:02 [ultranest] [DEBUG] iteration=2665, ncalls=9727, regioncalls=389320, ndraw=40, logz=-13.05, remainder_fraction=60.5613%, Lmin=-6.68, Lmax=-4.98
11:15:02 [ultranest] [DEBUG] iteration=2667, ncalls=9731, regioncalls=389480, ndraw=40, logz=-13.05, remainder_fraction=60.4924%, Lmin=-6.67, Lmax=-4.98
11:15:02 [ultranest] [DEBUG] iteration=2669, ncalls=9739, regioncalls=389800, ndraw=40, logz=-13.05, remainder_fraction=60.3203%, Lmin=-6.67, Lmax=-4.98
11:15:03 [ultranest] [DEBUG] iteration=2671, ncalls=9749, regioncalls=390200, ndraw=40, logz=-13.04, remainder_fraction=60.1390%, Lmin=-6.66, Lmax=-4.98
11:15:03 [ultranest] [DEBUG] iteration=2672, ncalls=9756, regioncalls=390480, ndraw=40, logz=-13.04, remainder_fraction=60.0514%, Lmin=-6.66, Lmax=-4.98
11:15:03 [ultranest] [DEBUG] iteration=2673, ncalls=9761, regioncalls=390680, ndraw=40, logz=-13.04, remainder_fraction=59.9913%, Lmin=-6.66, Lmax=-4.98
11:15:03 [ultranest] [DEBUG] iteration=2674, ncalls=9772, regioncalls=391120, ndraw=40, logz=-13.04, remainder_fraction=59.9300%, Lmin=-6.66, Lmax=-4.98
11:15:03 [ultranest] [DEBUG] iteration=2675, ncalls=9775, regioncalls=391240, ndraw=40, logz=-13.04, remainder_fraction=59.8475%, Lmin=-6.66, Lmax=-4.98
11:15:04 [ultranest] [DEBUG] iteration=2676, ncalls=9789, regioncalls=391800, ndraw=40, logz=-13.03, remainder_fraction=59.7548%, Lmin=-6.65, Lmax=-4.98
11:15:05 [ultranest] [DEBUG] iteration=2677, ncalls=9816, regioncalls=392880, ndraw=40, logz=-13.03, remainder_fraction=59.6674%, Lmin=-6.64, Lmax=-4.98
11:15:05 [ultranest] [DEBUG] iteration=2678, ncalls=9819, regioncalls=393000, ndraw=40, logz=-13.03, remainder_fraction=59.6373%, Lmin=-6.64, Lmax=-4.98
11:15:05 [ultranest] [DEBUG] iteration=2679, ncalls=9828, regioncalls=393560, ndraw=40, logz=-13.03, remainder_fraction=59.5720%, Lmin=-6.64, Lmax=-4.98
11:15:06 [ultranest] [DEBUG] iteration=2680, ncalls=9856, regioncalls=394960, ndraw=40, logz=-13.03, remainder_fraction=59.4855%, Lmin=-6.64, Lmax=-4.98
11:15:06 [ultranest] [DEBUG] iteration=2681, ncalls=9863, regioncalls=395480, ndraw=40, logz=-13.03, remainder_fraction=59.4025%, Lmin=-6.64, Lmax=-4.98
11:15:07 [ultranest] [DEBUG] iteration=2682, ncalls=9875, regioncalls=395960, ndraw=40, logz=-13.02, remainder_fraction=59.3497%, Lmin=-6.64, Lmax=-4.98
11:15:07 [ultranest] [DEBUG] iteration=2684, ncalls=9891, regioncalls=396800, ndraw=40, logz=-13.02, remainder_fraction=59.1758%, Lmin=-6.64, Lmax=-4.98
11:15:08 [ultranest] [DEBUG] iteration=2685, ncalls=9920, regioncalls=398480, ndraw=40, logz=-13.02, remainder_fraction=59.0846%, Lmin=-6.63, Lmax=-4.98
11:15:09 [ultranest] [DEBUG] iteration=2686, ncalls=9931, regioncalls=398920, ndraw=40, logz=-13.02, remainder_fraction=58.9809%, Lmin=-6.63, Lmax=-4.98
11:15:09 [ultranest] [DEBUG] iteration=2688, ncalls=9940, regioncalls=399280, ndraw=40, logz=-13.01, remainder_fraction=58.7862%, Lmin=-6.63, Lmax=-4.98
11:15:09 [ultranest] [DEBUG] iteration=2689, ncalls=9945, regioncalls=399480, ndraw=40, logz=-13.01, remainder_fraction=58.7410%, Lmin=-6.63, Lmax=-4.98
11:15:09 [ultranest] [DEBUG] iteration=2690, ncalls=9949, regioncalls=399640, ndraw=40, logz=-13.01, remainder_fraction=58.6764%, Lmin=-6.63, Lmax=-4.98
11:15:10 [ultranest] [DEBUG] iteration=2691, ncalls=9969, regioncalls=400440, ndraw=40, logz=-13.01, remainder_fraction=58.5814%, Lmin=-6.62, Lmax=-4.98
11:15:10 [ultranest] [DEBUG] iteration=2692, ncalls=9972, regioncalls=400560, ndraw=40, logz=-13.01, remainder_fraction=58.5073%, Lmin=-6.62, Lmax=-4.98
11:15:11 [ultranest] [DEBUG] iteration=2694, ncalls=9998, regioncalls=401680, ndraw=40, logz=-13.00, remainder_fraction=58.3945%, Lmin=-6.61, Lmax=-4.98
11:15:11 [ultranest] [DEBUG] iteration=2695, ncalls=10005, regioncalls=401960, ndraw=40, logz=-13.00, remainder_fraction=58.3136%, Lmin=-6.61, Lmax=-4.98
11:15:12 [ultranest] [DEBUG] iteration=2697, ncalls=10014, regioncalls=402320, ndraw=40, logz=-13.00, remainder_fraction=58.1940%, Lmin=-6.61, Lmax=-4.98
11:15:12 [ultranest] [DEBUG] iteration=2698, ncalls=10019, regioncalls=402640, ndraw=40, logz=-12.99, remainder_fraction=58.1504%, Lmin=-6.61, Lmax=-4.98
11:15:12 [ultranest] [DEBUG] iteration=2699, ncalls=10030, regioncalls=403080, ndraw=40, logz=-12.99, remainder_fraction=58.0640%, Lmin=-6.60, Lmax=-4.98
11:15:12 [ultranest] [DEBUG] iteration=2700, ncalls=10031, regioncalls=403160, ndraw=40, logz=-12.99, remainder_fraction=57.9677%, Lmin=-6.60, Lmax=-4.98
11:15:12 [ultranest] [DEBUG] iteration=2701, ncalls=10038, regioncalls=403560, ndraw=40, logz=-12.99, remainder_fraction=57.8918%, Lmin=-6.60, Lmax=-4.98
11:15:13 [ultranest] [DEBUG] iteration=2702, ncalls=10042, regioncalls=403720, ndraw=40, logz=-12.99, remainder_fraction=57.8019%, Lmin=-6.60, Lmax=-4.98
11:15:13 [ultranest] [DEBUG] iteration=2703, ncalls=10046, regioncalls=403880, ndraw=40, logz=-12.99, remainder_fraction=57.7270%, Lmin=-6.60, Lmax=-4.98
11:15:13 [ultranest] [DEBUG] iteration=2704, ncalls=10058, regioncalls=404360, ndraw=40, logz=-12.98, remainder_fraction=57.6648%, Lmin=-6.59, Lmax=-4.98
11:15:13 [ultranest] [DEBUG] iteration=2706, ncalls=10064, regioncalls=404600, ndraw=40, logz=-12.98, remainder_fraction=57.4895%, Lmin=-6.59, Lmax=-4.98
11:15:14 [ultranest] [DEBUG] iteration=2708, ncalls=10082, regioncalls=405320, ndraw=40, logz=-12.98, remainder_fraction=57.3524%, Lmin=-6.58, Lmax=-4.98
11:15:14 [ultranest] [DEBUG] iteration=2709, ncalls=10085, regioncalls=405440, ndraw=40, logz=-12.98, remainder_fraction=57.2736%, Lmin=-6.58, Lmax=-4.98
11:15:14 [ultranest] [DEBUG] iteration=2710, ncalls=10097, regioncalls=406000, ndraw=40, logz=-12.97, remainder_fraction=57.2117%, Lmin=-6.58, Lmax=-4.98
11:15:15 [ultranest] [DEBUG] iteration=2711, ncalls=10105, regioncalls=406320, ndraw=40, logz=-12.97, remainder_fraction=57.1632%, Lmin=-6.58, Lmax=-4.98
11:15:15 [ultranest] [DEBUG] iteration=2712, ncalls=10112, regioncalls=406600, ndraw=40, logz=-12.97, remainder_fraction=57.1146%, Lmin=-6.57, Lmax=-4.98
11:15:15 [ultranest] [DEBUG] iteration=2713, ncalls=10120, regioncalls=406960, ndraw=40, logz=-12.97, remainder_fraction=57.0344%, Lmin=-6.57, Lmax=-4.98
11:15:16 [ultranest] [DEBUG] iteration=2714, ncalls=10129, regioncalls=407320, ndraw=40, logz=-12.97, remainder_fraction=56.9570%, Lmin=-6.57, Lmax=-4.98
11:15:16 [ultranest] [DEBUG] iteration=2715, ncalls=10139, regioncalls=407720, ndraw=40, logz=-12.97, remainder_fraction=56.8600%, Lmin=-6.57, Lmax=-4.98
11:15:16 [ultranest] [DEBUG] iteration=2716, ncalls=10143, regioncalls=407880, ndraw=40, logz=-12.96, remainder_fraction=56.7790%, Lmin=-6.57, Lmax=-4.98
11:15:16 [ultranest] [DEBUG] iteration=2717, ncalls=10152, regioncalls=408240, ndraw=40, logz=-12.96, remainder_fraction=56.7646%, Lmin=-6.56, Lmax=-4.98
11:15:16 [ultranest] [DEBUG] iteration=2718, ncalls=10155, regioncalls=408360, ndraw=40, logz=-12.96, remainder_fraction=56.7033%, Lmin=-6.56, Lmax=-4.98
11:15:17 [ultranest] [DEBUG] iteration=2720, ncalls=10166, regioncalls=409000, ndraw=40, logz=-12.96, remainder_fraction=56.5508%, Lmin=-6.56, Lmax=-4.98
11:15:17 [ultranest] [DEBUG] iteration=2721, ncalls=10175, regioncalls=409560, ndraw=40, logz=-12.96, remainder_fraction=56.4486%, Lmin=-6.55, Lmax=-4.98
11:15:17 [ultranest] [DEBUG] iteration=2722, ncalls=10179, regioncalls=409720, ndraw=40, logz=-12.95, remainder_fraction=56.3571%, Lmin=-6.55, Lmax=-4.98
11:15:18 [ultranest] [DEBUG] iteration=2723, ncalls=10187, regioncalls=410080, ndraw=40, logz=-12.95, remainder_fraction=56.2978%, Lmin=-6.55, Lmax=-4.98
11:15:18 [ultranest] [DEBUG] iteration=2724, ncalls=10201, regioncalls=410640, ndraw=40, logz=-12.95, remainder_fraction=56.2095%, Lmin=-6.54, Lmax=-4.98
11:15:18 [ultranest] [DEBUG] iteration=2725, ncalls=10206, regioncalls=410960, ndraw=40, logz=-12.95, remainder_fraction=56.2074%, Lmin=-6.54, Lmax=-4.98
11:15:18 [ultranest] [DEBUG] iteration=2727, ncalls=10212, regioncalls=411400, ndraw=40, logz=-12.95, remainder_fraction=56.0393%, Lmin=-6.54, Lmax=-4.98
11:15:19 [ultranest] [DEBUG] iteration=2728, ncalls=10216, regioncalls=411560, ndraw=40, logz=-12.94, remainder_fraction=55.9400%, Lmin=-6.54, Lmax=-4.98
11:15:19 [ultranest] [DEBUG] iteration=2729, ncalls=10227, regioncalls=412000, ndraw=40, logz=-12.94, remainder_fraction=55.8413%, Lmin=-6.53, Lmax=-4.98
11:15:19 [ultranest] [DEBUG] iteration=2731, ncalls=10231, regioncalls=412160, ndraw=40, logz=-12.94, remainder_fraction=55.6484%, Lmin=-6.53, Lmax=-4.96
11:15:19 [ultranest] [DEBUG] iteration=2732, ncalls=10237, regioncalls=412440, ndraw=40, logz=-12.94, remainder_fraction=55.5844%, Lmin=-6.52, Lmax=-4.96
11:15:19 [ultranest] [DEBUG] iteration=2733, ncalls=10241, regioncalls=412680, ndraw=40, logz=-12.94, remainder_fraction=55.6044%, Lmin=-6.52, Lmax=-4.96
11:15:19 [ultranest] [DEBUG] iteration=2734, ncalls=10244, regioncalls=412960, ndraw=40, logz=-12.93, remainder_fraction=55.5227%, Lmin=-6.51, Lmax=-4.96
11:15:20 [ultranest] [DEBUG] iteration=2736, ncalls=10253, regioncalls=413320, ndraw=40, logz=-12.93, remainder_fraction=55.4111%, Lmin=-6.51, Lmax=-4.96
11:15:20 [ultranest] [DEBUG] iteration=2737, ncalls=10261, regioncalls=413640, ndraw=40, logz=-12.93, remainder_fraction=55.3092%, Lmin=-6.51, Lmax=-4.96
11:15:20 [ultranest] [DEBUG] iteration=2739, ncalls=10270, regioncalls=414040, ndraw=40, logz=-12.93, remainder_fraction=55.1413%, Lmin=-6.51, Lmax=-4.96
11:15:20 [ultranest] [DEBUG] iteration=2740, ncalls=10273, regioncalls=414200, ndraw=40, logz=-12.92, remainder_fraction=55.0591%, Lmin=-6.50, Lmax=-4.96
11:15:21 [ultranest] [DEBUG] iteration=2741, ncalls=10278, regioncalls=414400, ndraw=40, logz=-12.92, remainder_fraction=54.9577%, Lmin=-6.50, Lmax=-4.96
11:15:21 [ultranest] [DEBUG] iteration=2743, ncalls=10282, regioncalls=414560, ndraw=40, logz=-12.92, remainder_fraction=54.7606%, Lmin=-6.49, Lmax=-4.96
11:15:21 [ultranest] [DEBUG] iteration=2744, ncalls=10285, regioncalls=414680, ndraw=40, logz=-12.92, remainder_fraction=54.6711%, Lmin=-6.49, Lmax=-4.96
11:15:21 [ultranest] [DEBUG] iteration=2746, ncalls=10289, regioncalls=414840, ndraw=40, logz=-12.91, remainder_fraction=54.4964%, Lmin=-6.48, Lmax=-4.96
11:15:21 [ultranest] [DEBUG] iteration=2747, ncalls=10293, regioncalls=415080, ndraw=40, logz=-12.91, remainder_fraction=54.4147%, Lmin=-6.48, Lmax=-4.96
11:15:21 [ultranest] [DEBUG] iteration=2748, ncalls=10298, regioncalls=415280, ndraw=40, logz=-12.91, remainder_fraction=54.3178%, Lmin=-6.48, Lmax=-4.96
11:15:22 [ultranest] [DEBUG] iteration=2749, ncalls=10305, regioncalls=415560, ndraw=40, logz=-12.91, remainder_fraction=54.2654%, Lmin=-6.47, Lmax=-4.96
11:15:22 [ultranest] [DEBUG] iteration=2750, ncalls=10308, regioncalls=415680, ndraw=40, logz=-12.91, remainder_fraction=54.2522%, Lmin=-6.47, Lmax=-4.96
11:15:22 [ultranest] [DEBUG] iteration=2752, ncalls=10326, regioncalls=416680, ndraw=40, logz=-12.90, remainder_fraction=54.0836%, Lmin=-6.47, Lmax=-4.96
11:15:22 [ultranest] [DEBUG] iteration=2753, ncalls=10332, regioncalls=416920, ndraw=40, logz=-12.90, remainder_fraction=54.0321%, Lmin=-6.46, Lmax=-4.96
11:15:23 [ultranest] [DEBUG] iteration=2755, ncalls=10343, regioncalls=417360, ndraw=40, logz=-12.90, remainder_fraction=53.9080%, Lmin=-6.46, Lmax=-4.96
11:15:23 [ultranest] [DEBUG] iteration=2757, ncalls=10349, regioncalls=417600, ndraw=40, logz=-12.90, remainder_fraction=53.7667%, Lmin=-6.46, Lmax=-4.96
11:15:23 [ultranest] [DEBUG] iteration=2758, ncalls=10359, regioncalls=418040, ndraw=40, logz=-12.90, remainder_fraction=53.7551%, Lmin=-6.46, Lmax=-4.96
11:15:24 [ultranest] [DEBUG] iteration=2759, ncalls=10364, regioncalls=418240, ndraw=40, logz=-12.89, remainder_fraction=53.6594%, Lmin=-6.46, Lmax=-4.96
11:15:24 [ultranest] [DEBUG] iteration=2760, ncalls=10366, regioncalls=418320, ndraw=40, logz=-12.89, remainder_fraction=53.5741%, Lmin=-6.46, Lmax=-4.96
11:15:24 [ultranest] [DEBUG] iteration=2762, ncalls=10375, regioncalls=418680, ndraw=40, logz=-12.89, remainder_fraction=53.3967%, Lmin=-6.45, Lmax=-4.96
11:15:24 [ultranest] [DEBUG] iteration=2764, ncalls=10387, regioncalls=419160, ndraw=40, logz=-12.89, remainder_fraction=53.2617%, Lmin=-6.45, Lmax=-4.96
11:15:25 [ultranest] [DEBUG] iteration=2766, ncalls=10401, regioncalls=419720, ndraw=40, logz=-12.88, remainder_fraction=53.0809%, Lmin=-6.45, Lmax=-4.96
11:15:25 [ultranest] [DEBUG] iteration=2767, ncalls=10404, regioncalls=419840, ndraw=40, logz=-12.88, remainder_fraction=52.9920%, Lmin=-6.45, Lmax=-4.96
11:15:25 [ultranest] [DEBUG] iteration=2768, ncalls=10410, regioncalls=420080, ndraw=40, logz=-12.88, remainder_fraction=52.9050%, Lmin=-6.45, Lmax=-4.96
11:15:25 [ultranest] [DEBUG] iteration=2769, ncalls=10416, regioncalls=420360, ndraw=40, logz=-12.88, remainder_fraction=52.8053%, Lmin=-6.45, Lmax=-4.96
11:15:26 [ultranest] [DEBUG] iteration=2770, ncalls=10429, regioncalls=420880, ndraw=40, logz=-12.88, remainder_fraction=52.7557%, Lmin=-6.44, Lmax=-4.96
11:15:26 [ultranest] [DEBUG] iteration=2771, ncalls=10432, regioncalls=421000, ndraw=40, logz=-12.88, remainder_fraction=52.6689%, Lmin=-6.44, Lmax=-4.96
11:15:26 [ultranest] [DEBUG] iteration=2772, ncalls=10435, regioncalls=421120, ndraw=40, logz=-12.87, remainder_fraction=52.5860%, Lmin=-6.44, Lmax=-4.96
11:15:26 [ultranest] [DEBUG] iteration=2774, ncalls=10439, regioncalls=421280, ndraw=40, logz=-12.87, remainder_fraction=52.4375%, Lmin=-6.44, Lmax=-4.96
11:15:27 [ultranest] [DEBUG] iteration=2775, ncalls=10452, regioncalls=421800, ndraw=40, logz=-12.87, remainder_fraction=52.3432%, Lmin=-6.43, Lmax=-4.96
11:15:27 [ultranest] [DEBUG] iteration=2776, ncalls=10458, regioncalls=422040, ndraw=40, logz=-12.87, remainder_fraction=52.2757%, Lmin=-6.43, Lmax=-4.96
11:15:27 [ultranest] [DEBUG] iteration=2777, ncalls=10464, regioncalls=422280, ndraw=40, logz=-12.87, remainder_fraction=52.2133%, Lmin=-6.43, Lmax=-4.96
11:15:27 [ultranest] [DEBUG] iteration=2778, ncalls=10469, regioncalls=422480, ndraw=40, logz=-12.86, remainder_fraction=52.1543%, Lmin=-6.43, Lmax=-4.96
11:15:27 [ultranest] [DEBUG] iteration=2780, ncalls=10474, regioncalls=422680, ndraw=40, logz=-12.86, remainder_fraction=51.9762%, Lmin=-6.43, Lmax=-4.96
11:15:27 [ultranest] [DEBUG] iteration=2781, ncalls=10480, regioncalls=422920, ndraw=40, logz=-12.86, remainder_fraction=51.8869%, Lmin=-6.43, Lmax=-4.96
11:15:28 [ultranest] [DEBUG] iteration=2782, ncalls=10497, regioncalls=423600, ndraw=40, logz=-12.86, remainder_fraction=51.7925%, Lmin=-6.43, Lmax=-4.96
11:15:28 [ultranest] [DEBUG] iteration=2783, ncalls=10502, regioncalls=423800, ndraw=40, logz=-12.86, remainder_fraction=51.6953%, Lmin=-6.43, Lmax=-4.96
11:15:28 [ultranest] [DEBUG] iteration=2785, ncalls=10509, regioncalls=424080, ndraw=40, logz=-12.85, remainder_fraction=51.6826%, Lmin=-6.43, Lmax=-4.96
11:15:29 [ultranest] [DEBUG] iteration=2786, ncalls=10517, regioncalls=424400, ndraw=40, logz=-12.85, remainder_fraction=51.5838%, Lmin=-6.43, Lmax=-4.96
11:15:29 [ultranest] [DEBUG] iteration=2788, ncalls=10520, regioncalls=424520, ndraw=40, logz=-12.85, remainder_fraction=51.4045%, Lmin=-6.42, Lmax=-4.96
11:15:29 [ultranest] [DEBUG] iteration=2789, ncalls=10524, regioncalls=424680, ndraw=40, logz=-12.85, remainder_fraction=51.3344%, Lmin=-6.42, Lmax=-4.96
11:15:29 [ultranest] [DEBUG] iteration=2790, ncalls=10530, regioncalls=424920, ndraw=40, logz=-12.85, remainder_fraction=51.3377%, Lmin=-6.42, Lmax=-4.96
11:15:29 [ultranest] [DEBUG] iteration=2792, ncalls=10534, regioncalls=425080, ndraw=40, logz=-12.84, remainder_fraction=51.1761%, Lmin=-6.41, Lmax=-4.96
11:15:30 [ultranest] [DEBUG] iteration=2793, ncalls=10553, regioncalls=426240, ndraw=40, logz=-12.84, remainder_fraction=51.1056%, Lmin=-6.40, Lmax=-4.96
11:15:30 [ultranest] [DEBUG] iteration=2794, ncalls=10567, regioncalls=426800, ndraw=40, logz=-12.84, remainder_fraction=51.0081%, Lmin=-6.40, Lmax=-4.96
11:15:31 [ultranest] [DEBUG] iteration=2795, ncalls=10579, regioncalls=427600, ndraw=40, logz=-12.84, remainder_fraction=50.9714%, Lmin=-6.40, Lmax=-4.96
11:15:31 [ultranest] [DEBUG] iteration=2796, ncalls=10591, regioncalls=428080, ndraw=40, logz=-12.84, remainder_fraction=50.9640%, Lmin=-6.40, Lmax=-4.96
11:15:32 [ultranest] [DEBUG] iteration=2798, ncalls=10615, regioncalls=429320, ndraw=40, logz=-12.84, remainder_fraction=50.8553%, Lmin=-6.40, Lmax=-4.96
11:15:32 [ultranest] [DEBUG] iteration=2800, ncalls=10624, regioncalls=429680, ndraw=40, logz=-12.83, remainder_fraction=50.7022%, Lmin=-6.38, Lmax=-4.96
11:15:33 [ultranest] [DEBUG] iteration=2802, ncalls=10633, regioncalls=430040, ndraw=40, logz=-12.83, remainder_fraction=50.6852%, Lmin=-6.38, Lmax=-4.96
11:15:33 [ultranest] [DEBUG] iteration=2804, ncalls=10642, regioncalls=430400, ndraw=40, logz=-12.83, remainder_fraction=50.6208%, Lmin=-6.38, Lmax=-4.96
11:15:33 [ultranest] [DEBUG] iteration=2805, ncalls=10646, regioncalls=430560, ndraw=40, logz=-12.83, remainder_fraction=50.5241%, Lmin=-6.38, Lmax=-4.96
11:15:33 [ultranest] [DEBUG] iteration=2806, ncalls=10650, regioncalls=430720, ndraw=40, logz=-12.82, remainder_fraction=50.4440%, Lmin=-6.37, Lmax=-4.96
11:15:34 [ultranest] [DEBUG] iteration=2807, ncalls=10665, regioncalls=431320, ndraw=40, logz=-12.82, remainder_fraction=50.3815%, Lmin=-6.37, Lmax=-4.96
11:15:34 [ultranest] [DEBUG] iteration=2808, ncalls=10668, regioncalls=431440, ndraw=40, logz=-12.82, remainder_fraction=50.3107%, Lmin=-6.37, Lmax=-4.96
11:15:34 [ultranest] [DEBUG] iteration=2809, ncalls=10675, regioncalls=431720, ndraw=40, logz=-12.82, remainder_fraction=50.2366%, Lmin=-6.37, Lmax=-4.96
11:15:34 [ultranest] [DEBUG] iteration=2810, ncalls=10683, regioncalls=432040, ndraw=40, logz=-12.82, remainder_fraction=50.1942%, Lmin=-6.37, Lmax=-4.96
11:15:35 [ultranest] [DEBUG] iteration=2811, ncalls=10708, regioncalls=433360, ndraw=40, logz=-12.82, remainder_fraction=50.1526%, Lmin=-6.37, Lmax=-4.96
11:15:36 [ultranest] [DEBUG] iteration=2812, ncalls=10734, regioncalls=435000, ndraw=40, logz=-12.82, remainder_fraction=50.0817%, Lmin=-6.37, Lmax=-4.96
11:15:36 [ultranest] [DEBUG] iteration=2813, ncalls=10737, regioncalls=435120, ndraw=40, logz=-12.81, remainder_fraction=50.0037%, Lmin=-6.36, Lmax=-4.96
11:15:36 [ultranest] [DEBUG] iteration=2815, ncalls=10741, regioncalls=435280, ndraw=40, logz=-12.81, remainder_fraction=49.8287%, Lmin=-6.36, Lmax=-4.93
11:15:36 [ultranest] [DEBUG] iteration=2816, ncalls=10744, regioncalls=435400, ndraw=40, logz=-12.81, remainder_fraction=49.7584%, Lmin=-6.36, Lmax=-4.93
11:15:37 [ultranest] [DEBUG] iteration=2817, ncalls=10747, regioncalls=435520, ndraw=40, logz=-12.81, remainder_fraction=49.7728%, Lmin=-6.35, Lmax=-4.93
11:15:37 [ultranest] [DEBUG] iteration=2818, ncalls=10765, regioncalls=436360, ndraw=40, logz=-12.81, remainder_fraction=49.7003%, Lmin=-6.35, Lmax=-4.93
11:15:37 [ultranest] [DEBUG] iteration=2820, ncalls=10769, regioncalls=436640, ndraw=40, logz=-12.80, remainder_fraction=49.5495%, Lmin=-6.35, Lmax=-4.93
11:15:37 [ultranest] [DEBUG] iteration=2821, ncalls=10772, regioncalls=436760, ndraw=40, logz=-12.80, remainder_fraction=49.4715%, Lmin=-6.35, Lmax=-4.93
11:15:38 [ultranest] [DEBUG] iteration=2823, ncalls=10776, regioncalls=437040, ndraw=40, logz=-12.80, remainder_fraction=49.3545%, Lmin=-6.35, Lmax=-4.93
11:15:38 [ultranest] [DEBUG] iteration=2825, ncalls=10791, regioncalls=438160, ndraw=40, logz=-12.80, remainder_fraction=49.1977%, Lmin=-6.34, Lmax=-4.93
11:15:38 [ultranest] [DEBUG] iteration=2826, ncalls=10797, regioncalls=438400, ndraw=40, logz=-12.80, remainder_fraction=49.1015%, Lmin=-6.34, Lmax=-4.93
11:15:38 [ultranest] [DEBUG] iteration=2828, ncalls=10801, regioncalls=438560, ndraw=40, logz=-12.79, remainder_fraction=48.9873%, Lmin=-6.33, Lmax=-4.93
11:15:39 [ultranest] [DEBUG] iteration=2829, ncalls=10806, regioncalls=439000, ndraw=40, logz=-12.79, remainder_fraction=48.8950%, Lmin=-6.33, Lmax=-4.93
11:15:39 [ultranest] [DEBUG] iteration=2830, ncalls=10816, regioncalls=439400, ndraw=40, logz=-12.79, remainder_fraction=48.7994%, Lmin=-6.33, Lmax=-4.93
11:15:39 [ultranest] [DEBUG] iteration=2831, ncalls=10823, regioncalls=439680, ndraw=40, logz=-12.79, remainder_fraction=48.7297%, Lmin=-6.32, Lmax=-4.93
11:15:40 [ultranest] [DEBUG] iteration=2832, ncalls=10833, regioncalls=440080, ndraw=40, logz=-12.79, remainder_fraction=48.6409%, Lmin=-6.32, Lmax=-4.93
11:15:40 [ultranest] [DEBUG] iteration=2833, ncalls=10843, regioncalls=440920, ndraw=40, logz=-12.79, remainder_fraction=48.5600%, Lmin=-6.32, Lmax=-4.93
11:15:40 [ultranest] [DEBUG] iteration=2834, ncalls=10861, regioncalls=441640, ndraw=40, logz=-12.79, remainder_fraction=48.4970%, Lmin=-6.32, Lmax=-4.93
11:15:41 [ultranest] [DEBUG] iteration=2835, ncalls=10870, regioncalls=442000, ndraw=40, logz=-12.78, remainder_fraction=48.4262%, Lmin=-6.32, Lmax=-4.93
11:15:41 [ultranest] [DEBUG] iteration=2836, ncalls=10879, regioncalls=442360, ndraw=40, logz=-12.78, remainder_fraction=48.3587%, Lmin=-6.31, Lmax=-4.93
11:15:42 [ultranest] [DEBUG] iteration=2837, ncalls=10895, regioncalls=443000, ndraw=40, logz=-12.78, remainder_fraction=48.2863%, Lmin=-6.31, Lmax=-4.93
11:15:42 [ultranest] [DEBUG] iteration=2838, ncalls=10898, regioncalls=443120, ndraw=40, logz=-12.78, remainder_fraction=48.2719%, Lmin=-6.31, Lmax=-4.93
11:15:43 [ultranest] [DEBUG] iteration=2839, ncalls=10926, regioncalls=444320, ndraw=40, logz=-12.78, remainder_fraction=48.1864%, Lmin=-6.31, Lmax=-4.93
11:15:43 [ultranest] [DEBUG] iteration=2840, ncalls=10936, regioncalls=444720, ndraw=40, logz=-12.78, remainder_fraction=48.1287%, Lmin=-6.31, Lmax=-4.93
11:15:43 [ultranest] [DEBUG] iteration=2841, ncalls=10950, regioncalls=445280, ndraw=40, logz=-12.78, remainder_fraction=48.1102%, Lmin=-6.31, Lmax=-4.93
11:15:44 [ultranest] [DEBUG] iteration=2842, ncalls=10953, regioncalls=445400, ndraw=40, logz=-12.77, remainder_fraction=48.0759%, Lmin=-6.30, Lmax=-4.93
11:15:44 [ultranest] [DEBUG] iteration=2843, ncalls=10956, regioncalls=445520, ndraw=40, logz=-12.77, remainder_fraction=48.0179%, Lmin=-6.30, Lmax=-4.93
11:15:44 [ultranest] [DEBUG] iteration=2844, ncalls=10959, regioncalls=445640, ndraw=40, logz=-12.77, remainder_fraction=47.9245%, Lmin=-6.30, Lmax=-4.93
11:15:44 [ultranest] [DEBUG] iteration=2845, ncalls=10964, regioncalls=445840, ndraw=40, logz=-12.77, remainder_fraction=47.8365%, Lmin=-6.30, Lmax=-4.93
11:15:44 [ultranest] [DEBUG] iteration=2847, ncalls=10977, regioncalls=446360, ndraw=40, logz=-12.77, remainder_fraction=47.7246%, Lmin=-6.29, Lmax=-4.93
11:15:45 [ultranest] [DEBUG] iteration=2848, ncalls=10986, regioncalls=446720, ndraw=40, logz=-12.77, remainder_fraction=47.6601%, Lmin=-6.29, Lmax=-4.93
11:15:45 [ultranest] [DEBUG] iteration=2849, ncalls=10989, regioncalls=446880, ndraw=40, logz=-12.77, remainder_fraction=47.5865%, Lmin=-6.29, Lmax=-4.93
11:15:45 [ultranest] [DEBUG] iteration=2850, ncalls=11009, regioncalls=448000, ndraw=40, logz=-12.76, remainder_fraction=47.4938%, Lmin=-6.28, Lmax=-4.93
11:15:46 [ultranest] [DEBUG] iteration=2852, ncalls=11018, regioncalls=448480, ndraw=40, logz=-12.76, remainder_fraction=47.3784%, Lmin=-6.28, Lmax=-4.93
11:15:46 [ultranest] [DEBUG] iteration=2853, ncalls=11025, regioncalls=448760, ndraw=40, logz=-12.76, remainder_fraction=47.2991%, Lmin=-6.28, Lmax=-4.93
11:15:47 [ultranest] [DEBUG] iteration=2854, ncalls=11052, regioncalls=450120, ndraw=40, logz=-12.76, remainder_fraction=47.2299%, Lmin=-6.28, Lmax=-4.93
11:15:47 [ultranest] [DEBUG] iteration=2855, ncalls=11062, regioncalls=450520, ndraw=40, logz=-12.76, remainder_fraction=47.2057%, Lmin=-6.28, Lmax=-4.93
11:15:47 [ultranest] [DEBUG] iteration=2856, ncalls=11065, regioncalls=450640, ndraw=40, logz=-12.76, remainder_fraction=47.1191%, Lmin=-6.27, Lmax=-4.93
11:15:48 [ultranest] [DEBUG] iteration=2858, ncalls=11069, regioncalls=450960, ndraw=40, logz=-12.75, remainder_fraction=46.9354%, Lmin=-6.27, Lmax=-4.93
11:15:48 [ultranest] [DEBUG] iteration=2860, ncalls=11074, regioncalls=451680, ndraw=40, logz=-12.75, remainder_fraction=46.7938%, Lmin=-6.26, Lmax=-4.93
11:15:48 [ultranest] [DEBUG] iteration=2862, ncalls=11081, regioncalls=451960, ndraw=40, logz=-12.75, remainder_fraction=46.6495%, Lmin=-6.26, Lmax=-4.93
11:15:48 [ultranest] [DEBUG] iteration=2863, ncalls=11090, regioncalls=452320, ndraw=40, logz=-12.75, remainder_fraction=46.5833%, Lmin=-6.26, Lmax=-4.93
11:15:49 [ultranest] [DEBUG] iteration=2865, ncalls=11117, regioncalls=453400, ndraw=40, logz=-12.74, remainder_fraction=46.4123%, Lmin=-6.25, Lmax=-4.93
11:15:49 [ultranest] [DEBUG] iteration=2867, ncalls=11125, regioncalls=453720, ndraw=40, logz=-12.74, remainder_fraction=46.2536%, Lmin=-6.24, Lmax=-4.93
11:15:50 [ultranest] [DEBUG] iteration=2868, ncalls=11130, regioncalls=453920, ndraw=40, logz=-12.74, remainder_fraction=46.1796%, Lmin=-6.24, Lmax=-4.93
11:15:50 [ultranest] [DEBUG] iteration=2869, ncalls=11135, regioncalls=454120, ndraw=40, logz=-12.74, remainder_fraction=46.1042%, Lmin=-6.24, Lmax=-4.93
11:15:50 [ultranest] [DEBUG] iteration=2872, ncalls=11140, regioncalls=454320, ndraw=40, logz=-12.74, remainder_fraction=45.9295%, Lmin=-6.24, Lmax=-4.93
11:15:50 [ultranest] [DEBUG] iteration=2873, ncalls=11147, regioncalls=454600, ndraw=40, logz=-12.73, remainder_fraction=45.8925%, Lmin=-6.24, Lmax=-4.93
11:15:51 [ultranest] [DEBUG] iteration=2875, ncalls=11178, regioncalls=455840, ndraw=40, logz=-12.73, remainder_fraction=45.8173%, Lmin=-6.23, Lmax=-4.93
11:15:52 [ultranest] [DEBUG] iteration=2876, ncalls=11215, regioncalls=457560, ndraw=40, logz=-12.73, remainder_fraction=45.7333%, Lmin=-6.23, Lmax=-4.93
11:15:53 [ultranest] [DEBUG] iteration=2877, ncalls=11218, regioncalls=457680, ndraw=40, logz=-12.73, remainder_fraction=45.6767%, Lmin=-6.23, Lmax=-4.93
11:15:53 [ultranest] [DEBUG] iteration=2878, ncalls=11226, regioncalls=458000, ndraw=40, logz=-12.73, remainder_fraction=45.6016%, Lmin=-6.23, Lmax=-4.93
11:15:53 [ultranest] [DEBUG] iteration=2879, ncalls=11232, regioncalls=458240, ndraw=40, logz=-12.73, remainder_fraction=45.5342%, Lmin=-6.23, Lmax=-4.93
11:15:53 [ultranest] [DEBUG] iteration=2880, ncalls=11239, regioncalls=458640, ndraw=40, logz=-12.73, remainder_fraction=45.4713%, Lmin=-6.22, Lmax=-4.93
11:15:53 [ultranest] [DEBUG] iteration=2882, ncalls=11242, regioncalls=458760, ndraw=40, logz=-12.72, remainder_fraction=45.3168%, Lmin=-6.22, Lmax=-4.93
11:15:54 [ultranest] [DEBUG] iteration=2883, ncalls=11248, regioncalls=459000, ndraw=40, logz=-12.72, remainder_fraction=45.2724%, Lmin=-6.22, Lmax=-4.93
11:15:54 [ultranest] [DEBUG] iteration=2885, ncalls=11257, regioncalls=459360, ndraw=40, logz=-12.72, remainder_fraction=45.1902%, Lmin=-6.22, Lmax=-4.93
11:15:54 [ultranest] [DEBUG] iteration=2887, ncalls=11262, regioncalls=459640, ndraw=40, logz=-12.72, remainder_fraction=45.0714%, Lmin=-6.22, Lmax=-4.93
11:15:54 [ultranest] [DEBUG] iteration=2888, ncalls=11267, regioncalls=459840, ndraw=40, logz=-12.72, remainder_fraction=45.0392%, Lmin=-6.21, Lmax=-4.93
11:15:54 [ultranest] [DEBUG] iteration=2890, ncalls=11272, regioncalls=460040, ndraw=40, logz=-12.71, remainder_fraction=44.8854%, Lmin=-6.21, Lmax=-4.93
11:15:55 [ultranest] [DEBUG] iteration=2891, ncalls=11276, regioncalls=460200, ndraw=40, logz=-12.71, remainder_fraction=44.8097%, Lmin=-6.21, Lmax=-4.93
11:15:55 [ultranest] [DEBUG] iteration=2892, ncalls=11280, regioncalls=460360, ndraw=40, logz=-12.71, remainder_fraction=44.7749%, Lmin=-6.21, Lmax=-4.93
11:15:55 [ultranest] [DEBUG] iteration=2894, ncalls=11284, regioncalls=460520, ndraw=40, logz=-12.71, remainder_fraction=44.6297%, Lmin=-6.21, Lmax=-4.93
11:15:55 [ultranest] [DEBUG] iteration=2895, ncalls=11293, regioncalls=460880, ndraw=40, logz=-12.71, remainder_fraction=44.5771%, Lmin=-6.20, Lmax=-4.93
11:15:55 [ultranest] [DEBUG] iteration=2896, ncalls=11299, regioncalls=461120, ndraw=40, logz=-12.71, remainder_fraction=44.4867%, Lmin=-6.19, Lmax=-4.93
11:15:55 [ultranest] [DEBUG] iteration=2898, ncalls=11302, regioncalls=461240, ndraw=40, logz=-12.70, remainder_fraction=44.3578%, Lmin=-6.19, Lmax=-4.93
11:15:56 [ultranest] [DEBUG] iteration=2900, ncalls=11309, regioncalls=461520, ndraw=40, logz=-12.70, remainder_fraction=44.2551%, Lmin=-6.18, Lmax=-4.93
11:15:56 [ultranest] [DEBUG] iteration=2901, ncalls=11316, regioncalls=461800, ndraw=40, logz=-12.70, remainder_fraction=44.1882%, Lmin=-6.18, Lmax=-4.93
11:15:56 [ultranest] [DEBUG] iteration=2902, ncalls=11322, regioncalls=462040, ndraw=40, logz=-12.70, remainder_fraction=44.1187%, Lmin=-6.18, Lmax=-4.93
11:15:56 [ultranest] [DEBUG] iteration=2903, ncalls=11330, regioncalls=462440, ndraw=40, logz=-12.70, remainder_fraction=44.0406%, Lmin=-6.18, Lmax=-4.93
11:15:57 [ultranest] [DEBUG] iteration=2905, ncalls=11334, regioncalls=462680, ndraw=40, logz=-12.70, remainder_fraction=43.9300%, Lmin=-6.17, Lmax=-4.93
11:15:57 [ultranest] [DEBUG] iteration=2907, ncalls=11344, regioncalls=463080, ndraw=40, logz=-12.69, remainder_fraction=43.7652%, Lmin=-6.17, Lmax=-4.93
11:15:57 [ultranest] [DEBUG] iteration=2909, ncalls=11349, regioncalls=463280, ndraw=40, logz=-12.69, remainder_fraction=43.5898%, Lmin=-6.17, Lmax=-4.93
11:15:57 [ultranest] [DEBUG] iteration=2910, ncalls=11352, regioncalls=463400, ndraw=40, logz=-12.69, remainder_fraction=43.5123%, Lmin=-6.17, Lmax=-4.93
11:15:58 [ultranest] [DEBUG] iteration=2911, ncalls=11368, regioncalls=464040, ndraw=40, logz=-12.69, remainder_fraction=43.4653%, Lmin=-6.17, Lmax=-4.93
11:15:58 [ultranest] [DEBUG] iteration=2913, ncalls=11371, regioncalls=464160, ndraw=40, logz=-12.69, remainder_fraction=43.3356%, Lmin=-6.16, Lmax=-4.93
11:15:58 [ultranest] [DEBUG] iteration=2916, ncalls=11374, regioncalls=464280, ndraw=40, logz=-12.68, remainder_fraction=43.1038%, Lmin=-6.15, Lmax=-4.93
11:15:59 [ultranest] [DEBUG] iteration=2917, ncalls=11391, regioncalls=464960, ndraw=40, logz=-12.68, remainder_fraction=43.0174%, Lmin=-6.15, Lmax=-4.93
11:15:59 [ultranest] [DEBUG] iteration=2919, ncalls=11394, regioncalls=465080, ndraw=40, logz=-12.68, remainder_fraction=42.8723%, Lmin=-6.14, Lmax=-4.93
11:15:59 [ultranest] [DEBUG] iteration=2920, ncalls=11396, regioncalls=465160, ndraw=40, logz=-12.68, remainder_fraction=42.7865%, Lmin=-6.14, Lmax=-4.93
11:15:59 [ultranest] [DEBUG] iteration=2922, ncalls=11405, regioncalls=465520, ndraw=40, logz=-12.68, remainder_fraction=42.6149%, Lmin=-6.14, Lmax=-4.93
11:15:59 [ultranest] [DEBUG] iteration=2923, ncalls=11408, regioncalls=465640, ndraw=40, logz=-12.67, remainder_fraction=42.5702%, Lmin=-6.13, Lmax=-4.93
11:15:59 [ultranest] [DEBUG] iteration=2924, ncalls=11415, regioncalls=465920, ndraw=40, logz=-12.67, remainder_fraction=42.4847%, Lmin=-6.13, Lmax=-4.93
11:16:00 [ultranest] [DEBUG] iteration=2925, ncalls=11421, regioncalls=466160, ndraw=40, logz=-12.67, remainder_fraction=42.4117%, Lmin=-6.13, Lmax=-4.93
11:16:00 [ultranest] [DEBUG] iteration=2926, ncalls=11425, regioncalls=466320, ndraw=40, logz=-12.67, remainder_fraction=42.3829%, Lmin=-6.13, Lmax=-4.93
11:16:00 [ultranest] [DEBUG] iteration=2927, ncalls=11429, regioncalls=466480, ndraw=40, logz=-12.67, remainder_fraction=42.3003%, Lmin=-6.13, Lmax=-4.93
11:16:00 [ultranest] [DEBUG] iteration=2928, ncalls=11440, regioncalls=466920, ndraw=40, logz=-12.67, remainder_fraction=42.2478%, Lmin=-6.13, Lmax=-4.93
11:16:00 [ultranest] [DEBUG] iteration=2929, ncalls=11445, regioncalls=467120, ndraw=40, logz=-12.67, remainder_fraction=42.1809%, Lmin=-6.12, Lmax=-4.93
11:16:01 [ultranest] [DEBUG] iteration=2931, ncalls=11449, regioncalls=467280, ndraw=40, logz=-12.67, remainder_fraction=42.0783%, Lmin=-6.11, Lmax=-4.93
11:16:01 [ultranest] [DEBUG] iteration=2932, ncalls=11455, regioncalls=467520, ndraw=40, logz=-12.66, remainder_fraction=42.0169%, Lmin=-6.11, Lmax=-4.93
11:16:01 [ultranest] [DEBUG] iteration=2934, ncalls=11462, regioncalls=467800, ndraw=40, logz=-12.66, remainder_fraction=41.8624%, Lmin=-6.11, Lmax=-4.93
11:16:01 [ultranest] [DEBUG] iteration=2936, ncalls=11466, regioncalls=467960, ndraw=40, logz=-12.66, remainder_fraction=41.7223%, Lmin=-6.11, Lmax=-4.93
11:16:01 [ultranest] [DEBUG] iteration=2937, ncalls=11471, regioncalls=468160, ndraw=40, logz=-12.66, remainder_fraction=41.6625%, Lmin=-6.11, Lmax=-4.93
11:16:01 [ultranest] [DEBUG] iteration=2938, ncalls=11476, regioncalls=468360, ndraw=40, logz=-12.66, remainder_fraction=41.5827%, Lmin=-6.11, Lmax=-4.93
11:16:02 [ultranest] [DEBUG] iteration=2939, ncalls=11479, regioncalls=468480, ndraw=40, logz=-12.66, remainder_fraction=41.5018%, Lmin=-6.11, Lmax=-4.93
11:16:02 [ultranest] [DEBUG] iteration=2940, ncalls=11484, regioncalls=468680, ndraw=40, logz=-12.66, remainder_fraction=41.4175%, Lmin=-6.11, Lmax=-4.93
11:16:02 [ultranest] [DEBUG] iteration=2941, ncalls=11493, regioncalls=469040, ndraw=40, logz=-12.65, remainder_fraction=41.3911%, Lmin=-6.10, Lmax=-4.93
11:16:02 [ultranest] [DEBUG] iteration=2942, ncalls=11497, regioncalls=469200, ndraw=40, logz=-12.65, remainder_fraction=41.3089%, Lmin=-6.10, Lmax=-4.93
11:16:02 [ultranest] [DEBUG] iteration=2943, ncalls=11501, regioncalls=469360, ndraw=40, logz=-12.65, remainder_fraction=41.2275%, Lmin=-6.09, Lmax=-4.93
11:16:03 [ultranest] [DEBUG] iteration=2944, ncalls=11509, regioncalls=469680, ndraw=40, logz=-12.65, remainder_fraction=41.1515%, Lmin=-6.09, Lmax=-4.93
11:16:03 [ultranest] [DEBUG] iteration=2946, ncalls=11522, regioncalls=470200, ndraw=40, logz=-12.65, remainder_fraction=40.9823%, Lmin=-6.09, Lmax=-4.93
11:16:03 [ultranest] [DEBUG] iteration=2947, ncalls=11528, regioncalls=470440, ndraw=40, logz=-12.65, remainder_fraction=40.9202%, Lmin=-6.09, Lmax=-4.93
11:16:04 [ultranest] [DEBUG] iteration=2949, ncalls=11538, regioncalls=470840, ndraw=40, logz=-12.64, remainder_fraction=40.7796%, Lmin=-6.09, Lmax=-4.93
11:16:04 [ultranest] [DEBUG] iteration=2950, ncalls=11545, regioncalls=471120, ndraw=40, logz=-12.64, remainder_fraction=40.7299%, Lmin=-6.08, Lmax=-4.93
11:16:04 [ultranest] [DEBUG] iteration=2953, ncalls=11548, regioncalls=471240, ndraw=40, logz=-12.64, remainder_fraction=40.5513%, Lmin=-6.08, Lmax=-4.93
11:16:04 [ultranest] [DEBUG] iteration=2954, ncalls=11557, regioncalls=471600, ndraw=40, logz=-12.64, remainder_fraction=40.4692%, Lmin=-6.08, Lmax=-4.93
11:16:04 [ultranest] [DEBUG] iteration=2955, ncalls=11562, regioncalls=471800, ndraw=40, logz=-12.64, remainder_fraction=40.3951%, Lmin=-6.08, Lmax=-4.93
11:16:05 [ultranest] [DEBUG] iteration=2956, ncalls=11578, regioncalls=472440, ndraw=40, logz=-12.64, remainder_fraction=40.3112%, Lmin=-6.08, Lmax=-4.93
11:16:05 [ultranest] [DEBUG] iteration=2958, ncalls=11586, regioncalls=472760, ndraw=40, logz=-12.64, remainder_fraction=40.1845%, Lmin=-6.08, Lmax=-4.93
11:16:05 [ultranest] [DEBUG] iteration=2960, ncalls=11589, regioncalls=472880, ndraw=40, logz=-12.63, remainder_fraction=40.0471%, Lmin=-6.07, Lmax=-4.93
11:16:05 [ultranest] [DEBUG] iteration=2961, ncalls=11593, regioncalls=473040, ndraw=40, logz=-12.63, remainder_fraction=40.0170%, Lmin=-6.07, Lmax=-4.93
11:16:06 [ultranest] [DEBUG] iteration=2963, ncalls=11601, regioncalls=473360, ndraw=40, logz=-12.63, remainder_fraction=39.9041%, Lmin=-6.07, Lmax=-4.93
11:16:06 [ultranest] [DEBUG] iteration=2965, ncalls=11604, regioncalls=473480, ndraw=40, logz=-12.63, remainder_fraction=39.7782%, Lmin=-6.07, Lmax=-4.93
11:16:06 [ultranest] [DEBUG] iteration=2967, ncalls=11612, regioncalls=473800, ndraw=40, logz=-12.63, remainder_fraction=39.6618%, Lmin=-6.07, Lmax=-4.93
11:16:06 [ultranest] [DEBUG] iteration=2968, ncalls=11619, regioncalls=474080, ndraw=40, logz=-12.62, remainder_fraction=39.6132%, Lmin=-6.06, Lmax=-4.93
11:16:07 [ultranest] [DEBUG] iteration=2969, ncalls=11636, regioncalls=474760, ndraw=40, logz=-12.62, remainder_fraction=39.5425%, Lmin=-6.06, Lmax=-4.93
11:16:07 [ultranest] [DEBUG] iteration=2970, ncalls=11644, regioncalls=475080, ndraw=40, logz=-12.62, remainder_fraction=39.4620%, Lmin=-6.06, Lmax=-4.93
11:16:07 [ultranest] [DEBUG] iteration=2971, ncalls=11649, regioncalls=475280, ndraw=40, logz=-12.62, remainder_fraction=39.4145%, Lmin=-6.06, Lmax=-4.93
11:16:08 [ultranest] [DEBUG] iteration=2972, ncalls=11655, regioncalls=475520, ndraw=40, logz=-12.62, remainder_fraction=39.3418%, Lmin=-6.06, Lmax=-4.93
11:16:08 [ultranest] [DEBUG] iteration=2973, ncalls=11664, regioncalls=475880, ndraw=40, logz=-12.62, remainder_fraction=39.2770%, Lmin=-6.06, Lmax=-4.93
11:16:08 [ultranest] [DEBUG] iteration=2975, ncalls=11682, regioncalls=476600, ndraw=40, logz=-12.62, remainder_fraction=39.1843%, Lmin=-6.06, Lmax=-4.93
11:16:09 [ultranest] [DEBUG] iteration=2976, ncalls=11690, regioncalls=476920, ndraw=40, logz=-12.62, remainder_fraction=39.1083%, Lmin=-6.06, Lmax=-4.93
11:16:09 [ultranest] [DEBUG] iteration=2978, ncalls=11696, regioncalls=477160, ndraw=40, logz=-12.61, remainder_fraction=38.9885%, Lmin=-6.05, Lmax=-4.93
11:16:09 [ultranest] [DEBUG] iteration=2979, ncalls=11699, regioncalls=477280, ndraw=40, logz=-12.61, remainder_fraction=38.9835%, Lmin=-6.05, Lmax=-4.93
11:16:09 [ultranest] [DEBUG] iteration=2981, ncalls=11702, regioncalls=477400, ndraw=40, logz=-12.61, remainder_fraction=38.8746%, Lmin=-6.05, Lmax=-4.93
11:16:09 [ultranest] [DEBUG] iteration=2982, ncalls=11709, regioncalls=477680, ndraw=40, logz=-12.61, remainder_fraction=38.7996%, Lmin=-6.05, Lmax=-4.93
11:16:10 [ultranest] [DEBUG] iteration=2983, ncalls=11716, regioncalls=477960, ndraw=40, logz=-12.61, remainder_fraction=38.7530%, Lmin=-6.05, Lmax=-4.93
11:16:10 [ultranest] [DEBUG] iteration=2985, ncalls=11725, regioncalls=478320, ndraw=40, logz=-12.61, remainder_fraction=38.6443%, Lmin=-6.04, Lmax=-4.93
11:16:10 [ultranest] [DEBUG] iteration=2986, ncalls=11731, regioncalls=478560, ndraw=40, logz=-12.61, remainder_fraction=38.5626%, Lmin=-6.04, Lmax=-4.93
11:16:10 [ultranest] [DEBUG] iteration=2987, ncalls=11740, regioncalls=478920, ndraw=40, logz=-12.60, remainder_fraction=38.5030%, Lmin=-6.04, Lmax=-4.93
11:16:11 [ultranest] [DEBUG] iteration=2989, ncalls=11745, regioncalls=479120, ndraw=40, logz=-12.60, remainder_fraction=38.3553%, Lmin=-6.04, Lmax=-4.93
11:16:11 [ultranest] [DEBUG] iteration=2990, ncalls=11749, regioncalls=479280, ndraw=40, logz=-12.60, remainder_fraction=38.3396%, Lmin=-6.04, Lmax=-4.93
11:16:11 [ultranest] [DEBUG] iteration=2991, ncalls=11753, regioncalls=479440, ndraw=40, logz=-12.60, remainder_fraction=38.2789%, Lmin=-6.04, Lmax=-4.93
11:16:11 [ultranest] [DEBUG] iteration=2992, ncalls=11759, regioncalls=479680, ndraw=40, logz=-12.60, remainder_fraction=38.2030%, Lmin=-6.04, Lmax=-4.93
11:16:11 [ultranest] [DEBUG] iteration=2994, ncalls=11767, regioncalls=480000, ndraw=40, logz=-12.60, remainder_fraction=38.0677%, Lmin=-6.03, Lmax=-4.93
11:16:12 [ultranest] [DEBUG] iteration=2995, ncalls=11773, regioncalls=480240, ndraw=40, logz=-12.60, remainder_fraction=38.0092%, Lmin=-6.03, Lmax=-4.93
11:16:12 [ultranest] [DEBUG] iteration=2996, ncalls=11778, regioncalls=480440, ndraw=40, logz=-12.60, remainder_fraction=37.9483%, Lmin=-6.03, Lmax=-4.93
11:16:12 [ultranest] [DEBUG] iteration=2998, ncalls=11783, regioncalls=480640, ndraw=40, logz=-12.59, remainder_fraction=37.8699%, Lmin=-6.03, Lmax=-4.93
11:16:12 [ultranest] [DEBUG] iteration=2999, ncalls=11788, regioncalls=480840, ndraw=40, logz=-12.59, remainder_fraction=37.7945%, Lmin=-6.03, Lmax=-4.93
11:16:12 [ultranest] [DEBUG] iteration=3000, ncalls=11790, regioncalls=480920, ndraw=40, logz=-12.59, remainder_fraction=37.7330%, Lmin=-6.03, Lmax=-4.93
11:16:14 [ultranest] [DEBUG] iteration=3001, ncalls=11837, regioncalls=482800, ndraw=40, logz=-12.59, remainder_fraction=37.6748%, Lmin=-6.03, Lmax=-4.93
11:16:14 [ultranest] [DEBUG] iteration=3003, ncalls=11842, regioncalls=483000, ndraw=40, logz=-12.59, remainder_fraction=37.5907%, Lmin=-6.03, Lmax=-4.93
11:16:14 [ultranest] [DEBUG] iteration=3004, ncalls=11846, regioncalls=483160, ndraw=40, logz=-12.59, remainder_fraction=37.5354%, Lmin=-6.02, Lmax=-4.93
11:16:15 [ultranest] [DEBUG] iteration=3005, ncalls=11862, regioncalls=483800, ndraw=40, logz=-12.59, remainder_fraction=37.4616%, Lmin=-6.02, Lmax=-4.93
11:16:15 [ultranest] [DEBUG] iteration=3006, ncalls=11870, regioncalls=484120, ndraw=40, logz=-12.59, remainder_fraction=37.3926%, Lmin=-6.02, Lmax=-4.93
11:16:15 [ultranest] [DEBUG] iteration=3009, ncalls=11873, regioncalls=484240, ndraw=40, logz=-12.58, remainder_fraction=37.2204%, Lmin=-6.02, Lmax=-4.93
11:16:16 [ultranest] [DEBUG] iteration=3010, ncalls=11889, regioncalls=484880, ndraw=40, logz=-12.58, remainder_fraction=37.1615%, Lmin=-6.02, Lmax=-4.93
11:16:16 [ultranest] [DEBUG] iteration=3011, ncalls=11893, regioncalls=485040, ndraw=40, logz=-12.58, remainder_fraction=37.0903%, Lmin=-6.02, Lmax=-4.93
11:16:16 [ultranest] [DEBUG] iteration=3013, ncalls=11902, regioncalls=485400, ndraw=40, logz=-12.58, remainder_fraction=37.0073%, Lmin=-6.01, Lmax=-4.93
11:16:16 [ultranest] [DEBUG] iteration=3014, ncalls=11906, regioncalls=485560, ndraw=40, logz=-12.58, remainder_fraction=36.9666%, Lmin=-6.01, Lmax=-4.93
11:16:16 [ultranest] [DEBUG] iteration=3016, ncalls=11909, regioncalls=485680, ndraw=40, logz=-12.58, remainder_fraction=36.8481%, Lmin=-6.01, Lmax=-4.93
11:16:17 [ultranest] [DEBUG] iteration=3017, ncalls=11921, regioncalls=486160, ndraw=40, logz=-12.58, remainder_fraction=36.7796%, Lmin=-6.01, Lmax=-4.93
11:16:17 [ultranest] [DEBUG] iteration=3018, ncalls=11924, regioncalls=486280, ndraw=40, logz=-12.57, remainder_fraction=36.7111%, Lmin=-6.01, Lmax=-4.93
11:16:17 [ultranest] [DEBUG] iteration=3020, ncalls=11928, regioncalls=486440, ndraw=40, logz=-12.57, remainder_fraction=36.5873%, Lmin=-6.00, Lmax=-4.93
11:16:17 [ultranest] [DEBUG] iteration=3021, ncalls=11945, regioncalls=487120, ndraw=40, logz=-12.57, remainder_fraction=36.5531%, Lmin=-6.00, Lmax=-4.93
11:16:18 [ultranest] [DEBUG] iteration=3022, ncalls=11953, regioncalls=487440, ndraw=40, logz=-12.57, remainder_fraction=36.4981%, Lmin=-6.00, Lmax=-4.93
11:16:18 [ultranest] [DEBUG] iteration=3023, ncalls=11956, regioncalls=487560, ndraw=40, logz=-12.57, remainder_fraction=36.4337%, Lmin=-6.00, Lmax=-4.93
11:16:18 [ultranest] [DEBUG] iteration=3024, ncalls=11960, regioncalls=487720, ndraw=40, logz=-12.57, remainder_fraction=36.3617%, Lmin=-5.99, Lmax=-4.93
11:16:18 [ultranest] [DEBUG] iteration=3025, ncalls=11964, regioncalls=487880, ndraw=40, logz=-12.57, remainder_fraction=36.2880%, Lmin=-5.99, Lmax=-4.93
11:16:18 [ultranest] [DEBUG] iteration=3027, ncalls=11975, regioncalls=488440, ndraw=40, logz=-12.57, remainder_fraction=36.2077%, Lmin=-5.98, Lmax=-4.93
11:16:19 [ultranest] [DEBUG] iteration=3029, ncalls=11978, regioncalls=488560, ndraw=40, logz=-12.56, remainder_fraction=36.0677%, Lmin=-5.97, Lmax=-4.88
11:16:19 [ultranest] [DEBUG] iteration=3030, ncalls=11985, regioncalls=488840, ndraw=40, logz=-12.56, remainder_fraction=36.0646%, Lmin=-5.97, Lmax=-4.88
11:16:19 [ultranest] [DEBUG] iteration=3032, ncalls=11989, regioncalls=489000, ndraw=40, logz=-12.56, remainder_fraction=35.9532%, Lmin=-5.97, Lmax=-4.88
11:16:19 [ultranest] [DEBUG] iteration=3034, ncalls=11997, regioncalls=489320, ndraw=40, logz=-12.56, remainder_fraction=35.8204%, Lmin=-5.97, Lmax=-4.88
11:16:20 [ultranest] [DEBUG] iteration=3035, ncalls=12012, regioncalls=489920, ndraw=40, logz=-12.56, remainder_fraction=35.7545%, Lmin=-5.97, Lmax=-4.88
11:16:20 [ultranest] [DEBUG] iteration=3036, ncalls=12022, regioncalls=490320, ndraw=40, logz=-12.56, remainder_fraction=35.6788%, Lmin=-5.97, Lmax=-4.88
11:16:20 [ultranest] [DEBUG] iteration=3037, ncalls=12026, regioncalls=490480, ndraw=40, logz=-12.56, remainder_fraction=35.6317%, Lmin=-5.97, Lmax=-4.88
11:16:21 [ultranest] [DEBUG] iteration=3038, ncalls=12041, regioncalls=491080, ndraw=40, logz=-12.56, remainder_fraction=35.5564%, Lmin=-5.97, Lmax=-4.88
11:16:21 [ultranest] [DEBUG] iteration=3039, ncalls=12052, regioncalls=491520, ndraw=40, logz=-12.56, remainder_fraction=35.4865%, Lmin=-5.96, Lmax=-4.88
11:16:21 [ultranest] [DEBUG] iteration=3040, ncalls=12060, regioncalls=491840, ndraw=40, logz=-12.55, remainder_fraction=35.4245%, Lmin=-5.96, Lmax=-4.88
11:16:22 [ultranest] [DEBUG] iteration=3041, ncalls=12065, regioncalls=492040, ndraw=40, logz=-12.55, remainder_fraction=35.3685%, Lmin=-5.96, Lmax=-4.88
11:16:22 [ultranest] [DEBUG] iteration=3042, ncalls=12073, regioncalls=492360, ndraw=40, logz=-12.55, remainder_fraction=35.3047%, Lmin=-5.95, Lmax=-4.88
11:16:22 [ultranest] [DEBUG] iteration=3045, ncalls=12079, regioncalls=492600, ndraw=40, logz=-12.55, remainder_fraction=35.1619%, Lmin=-5.95, Lmax=-4.88
11:16:22 [ultranest] [DEBUG] iteration=3046, ncalls=12086, regioncalls=492880, ndraw=40, logz=-12.55, remainder_fraction=35.1112%, Lmin=-5.95, Lmax=-4.88
11:16:22 [ultranest] [DEBUG] iteration=3048, ncalls=12090, regioncalls=493040, ndraw=40, logz=-12.55, remainder_fraction=35.0113%, Lmin=-5.95, Lmax=-4.88
11:16:23 [ultranest] [DEBUG] iteration=3049, ncalls=12110, regioncalls=494120, ndraw=40, logz=-12.55, remainder_fraction=34.9711%, Lmin=-5.95, Lmax=-4.88
11:16:23 [ultranest] [DEBUG] iteration=3050, ncalls=12116, regioncalls=494640, ndraw=40, logz=-12.55, remainder_fraction=34.9127%, Lmin=-5.94, Lmax=-4.88
11:16:23 [ultranest] [DEBUG] iteration=3052, ncalls=12119, regioncalls=494760, ndraw=40, logz=-12.54, remainder_fraction=34.7657%, Lmin=-5.94, Lmax=-4.88
11:16:24 [ultranest] [DEBUG] iteration=3053, ncalls=12124, regioncalls=494960, ndraw=40, logz=-12.54, remainder_fraction=34.7224%, Lmin=-5.94, Lmax=-4.88
11:16:24 [ultranest] [DEBUG] iteration=3054, ncalls=12127, regioncalls=495080, ndraw=40, logz=-12.54, remainder_fraction=34.6602%, Lmin=-5.94, Lmax=-4.88
11:16:24 [ultranest] [DEBUG] iteration=3055, ncalls=12130, regioncalls=495200, ndraw=40, logz=-12.54, remainder_fraction=34.6506%, Lmin=-5.93, Lmax=-4.88
11:16:24 [ultranest] [DEBUG] iteration=3056, ncalls=12134, regioncalls=495360, ndraw=40, logz=-12.54, remainder_fraction=34.5820%, Lmin=-5.92, Lmax=-4.88
11:16:24 [ultranest] [DEBUG] iteration=3057, ncalls=12145, regioncalls=495960, ndraw=40, logz=-12.54, remainder_fraction=34.5056%, Lmin=-5.92, Lmax=-4.88
11:16:25 [ultranest] [DEBUG] iteration=3058, ncalls=12157, regioncalls=496640, ndraw=40, logz=-12.54, remainder_fraction=34.4417%, Lmin=-5.92, Lmax=-4.88
11:16:25 [ultranest] [DEBUG] iteration=3059, ncalls=12160, regioncalls=496760, ndraw=40, logz=-12.54, remainder_fraction=34.4042%, Lmin=-5.92, Lmax=-4.88
11:16:25 [ultranest] [DEBUG] iteration=3060, ncalls=12163, regioncalls=496880, ndraw=40, logz=-12.54, remainder_fraction=34.3468%, Lmin=-5.92, Lmax=-4.88
11:16:25 [ultranest] [DEBUG] iteration=3062, ncalls=12174, regioncalls=497320, ndraw=40, logz=-12.53, remainder_fraction=34.2266%, Lmin=-5.92, Lmax=-4.88
11:16:26 [ultranest] [DEBUG] iteration=3063, ncalls=12182, regioncalls=497640, ndraw=40, logz=-12.53, remainder_fraction=34.1753%, Lmin=-5.92, Lmax=-4.88
11:16:26 [ultranest] [DEBUG] iteration=3065, ncalls=12187, regioncalls=497840, ndraw=40, logz=-12.53, remainder_fraction=34.0684%, Lmin=-5.92, Lmax=-4.88
11:16:26 [ultranest] [DEBUG] iteration=3067, ncalls=12193, regioncalls=498120, ndraw=40, logz=-12.53, remainder_fraction=33.9226%, Lmin=-5.92, Lmax=-4.88
11:16:26 [ultranest] [DEBUG] iteration=3068, ncalls=12199, regioncalls=498360, ndraw=40, logz=-12.53, remainder_fraction=33.8916%, Lmin=-5.92, Lmax=-4.88
11:16:26 [ultranest] [DEBUG] iteration=3069, ncalls=12209, regioncalls=498760, ndraw=40, logz=-12.53, remainder_fraction=33.8196%, Lmin=-5.91, Lmax=-4.88
11:16:27 [ultranest] [DEBUG] iteration=3071, ncalls=12212, regioncalls=498880, ndraw=40, logz=-12.53, remainder_fraction=33.6988%, Lmin=-5.91, Lmax=-4.88
11:16:27 [ultranest] [DEBUG] iteration=3072, ncalls=12217, regioncalls=499080, ndraw=40, logz=-12.53, remainder_fraction=33.6304%, Lmin=-5.91, Lmax=-4.88
11:16:27 [ultranest] [DEBUG] iteration=3073, ncalls=12224, regioncalls=499360, ndraw=40, logz=-12.52, remainder_fraction=33.5942%, Lmin=-5.90, Lmax=-4.88
11:16:27 [ultranest] [DEBUG] iteration=3074, ncalls=12229, regioncalls=499560, ndraw=40, logz=-12.52, remainder_fraction=33.5232%, Lmin=-5.90, Lmax=-4.88
11:16:27 [ultranest] [DEBUG] iteration=3075, ncalls=12233, regioncalls=500000, ndraw=40, logz=-12.52, remainder_fraction=33.4525%, Lmin=-5.90, Lmax=-4.88
11:16:28 [ultranest] [DEBUG] iteration=3076, ncalls=12248, regioncalls=500680, ndraw=40, logz=-12.52, remainder_fraction=33.3873%, Lmin=-5.90, Lmax=-4.88
11:16:28 [ultranest] [DEBUG] iteration=3077, ncalls=12257, regioncalls=501040, ndraw=40, logz=-12.52, remainder_fraction=33.3214%, Lmin=-5.90, Lmax=-4.88
11:16:28 [ultranest] [DEBUG] iteration=3078, ncalls=12263, regioncalls=501280, ndraw=40, logz=-12.52, remainder_fraction=33.2548%, Lmin=-5.90, Lmax=-4.88
11:16:28 [ultranest] [DEBUG] iteration=3079, ncalls=12266, regioncalls=501400, ndraw=40, logz=-12.52, remainder_fraction=33.1943%, Lmin=-5.89, Lmax=-4.88
11:16:29 [ultranest] [DEBUG] iteration=3080, ncalls=12281, regioncalls=502080, ndraw=40, logz=-12.52, remainder_fraction=33.1532%, Lmin=-5.89, Lmax=-4.88
11:16:29 [ultranest] [DEBUG] iteration=3082, ncalls=12290, regioncalls=502880, ndraw=40, logz=-12.52, remainder_fraction=33.0433%, Lmin=-5.89, Lmax=-4.88
11:16:29 [ultranest] [DEBUG] iteration=3083, ncalls=12294, regioncalls=503040, ndraw=40, logz=-12.52, remainder_fraction=33.0100%, Lmin=-5.88, Lmax=-4.88
11:16:30 [ultranest] [DEBUG] iteration=3084, ncalls=12302, regioncalls=503360, ndraw=40, logz=-12.52, remainder_fraction=32.9468%, Lmin=-5.88, Lmax=-4.88
11:16:30 [ultranest] [DEBUG] iteration=3086, ncalls=12309, regioncalls=503640, ndraw=40, logz=-12.51, remainder_fraction=32.8409%, Lmin=-5.88, Lmax=-4.88
11:16:30 [ultranest] [DEBUG] iteration=3087, ncalls=12325, regioncalls=504280, ndraw=40, logz=-12.51, remainder_fraction=32.7794%, Lmin=-5.88, Lmax=-4.88
11:16:31 [ultranest] [DEBUG] iteration=3088, ncalls=12337, regioncalls=504760, ndraw=40, logz=-12.51, remainder_fraction=32.7120%, Lmin=-5.88, Lmax=-4.88
11:16:31 [ultranest] [DEBUG] iteration=3090, ncalls=12346, regioncalls=505120, ndraw=40, logz=-12.51, remainder_fraction=32.5931%, Lmin=-5.88, Lmax=-4.88
11:16:32 [ultranest] [DEBUG] iteration=3092, ncalls=12372, regioncalls=506160, ndraw=40, logz=-12.51, remainder_fraction=32.4805%, Lmin=-5.87, Lmax=-4.88
11:16:32 [ultranest] [DEBUG] iteration=3093, ncalls=12380, regioncalls=506480, ndraw=40, logz=-12.51, remainder_fraction=32.4149%, Lmin=-5.87, Lmax=-4.88
11:16:33 [ultranest] [DEBUG] iteration=3094, ncalls=12392, regioncalls=506960, ndraw=40, logz=-12.51, remainder_fraction=32.3936%, Lmin=-5.87, Lmax=-4.88
11:16:33 [ultranest] [DEBUG] iteration=3095, ncalls=12402, regioncalls=507360, ndraw=40, logz=-12.51, remainder_fraction=32.3292%, Lmin=-5.87, Lmax=-4.88
11:16:33 [ultranest] [DEBUG] iteration=3096, ncalls=12412, regioncalls=507760, ndraw=40, logz=-12.51, remainder_fraction=32.2858%, Lmin=-5.87, Lmax=-4.88
11:16:34 [ultranest] [DEBUG] iteration=3097, ncalls=12423, regioncalls=508200, ndraw=40, logz=-12.50, remainder_fraction=32.2205%, Lmin=-5.86, Lmax=-4.88
11:16:34 [ultranest] [DEBUG] iteration=3099, ncalls=12441, regioncalls=508920, ndraw=40, logz=-12.50, remainder_fraction=32.1029%, Lmin=-5.86, Lmax=-4.88
11:16:34 [ultranest] [DEBUG] iteration=3100, ncalls=12444, regioncalls=509040, ndraw=40, logz=-12.50, remainder_fraction=32.0373%, Lmin=-5.86, Lmax=-4.88
11:16:35 [ultranest] [DEBUG] iteration=3101, ncalls=12450, regioncalls=509280, ndraw=40, logz=-12.50, remainder_fraction=31.9656%, Lmin=-5.86, Lmax=-4.88
11:16:35 [ultranest] [DEBUG] iteration=3102, ncalls=12469, regioncalls=510040, ndraw=40, logz=-12.50, remainder_fraction=31.9399%, Lmin=-5.85, Lmax=-4.88
11:16:36 [ultranest] [DEBUG] iteration=3103, ncalls=12486, regioncalls=510720, ndraw=40, logz=-12.50, remainder_fraction=31.8971%, Lmin=-5.85, Lmax=-4.88
11:16:37 [ultranest] [DEBUG] iteration=3105, ncalls=12508, regioncalls=511600, ndraw=40, logz=-12.50, remainder_fraction=31.8574%, Lmin=-5.85, Lmax=-4.88
11:16:37 [ultranest] [DEBUG] iteration=3107, ncalls=12531, regioncalls=512520, ndraw=40, logz=-12.50, remainder_fraction=31.7672%, Lmin=-5.85, Lmax=-4.88
11:16:38 [ultranest] [DEBUG] iteration=3108, ncalls=12540, regioncalls=512880, ndraw=40, logz=-12.50, remainder_fraction=31.7436%, Lmin=-5.85, Lmax=-4.88
11:16:38 [ultranest] [DEBUG] iteration=3109, ncalls=12555, regioncalls=513680, ndraw=40, logz=-12.49, remainder_fraction=31.6824%, Lmin=-5.85, Lmax=-4.88
11:16:39 [ultranest] [DEBUG] iteration=3110, ncalls=12564, regioncalls=514160, ndraw=40, logz=-12.49, remainder_fraction=31.6348%, Lmin=-5.85, Lmax=-4.88
11:16:39 [ultranest] [DEBUG] iteration=3111, ncalls=12574, regioncalls=514560, ndraw=40, logz=-12.49, remainder_fraction=31.5655%, Lmin=-5.85, Lmax=-4.88
11:16:40 [ultranest] [DEBUG] iteration=3112, ncalls=12592, regioncalls=515280, ndraw=40, logz=-12.49, remainder_fraction=31.5327%, Lmin=-5.85, Lmax=-4.88
11:16:40 [ultranest] [DEBUG] iteration=3113, ncalls=12598, regioncalls=515520, ndraw=40, logz=-12.49, remainder_fraction=31.4757%, Lmin=-5.85, Lmax=-4.88
11:16:40 [ultranest] [DEBUG] iteration=3115, ncalls=12609, regioncalls=515960, ndraw=40, logz=-12.49, remainder_fraction=31.3864%, Lmin=-5.84, Lmax=-4.88
11:16:40 [ultranest] [DEBUG] iteration=3118, ncalls=12614, regioncalls=516160, ndraw=40, logz=-12.49, remainder_fraction=31.2212%, Lmin=-5.84, Lmax=-4.88
11:16:40 [ultranest] [DEBUG] iteration=3119, ncalls=12617, regioncalls=516280, ndraw=40, logz=-12.49, remainder_fraction=31.1758%, Lmin=-5.84, Lmax=-4.88
11:16:40 [ultranest] [DEBUG] iteration=3120, ncalls=12621, regioncalls=516440, ndraw=40, logz=-12.49, remainder_fraction=31.1215%, Lmin=-5.84, Lmax=-4.88
11:16:41 [ultranest] [DEBUG] iteration=3121, ncalls=12636, regioncalls=517040, ndraw=40, logz=-12.49, remainder_fraction=31.0584%, Lmin=-5.83, Lmax=-4.88
11:16:41 [ultranest] [DEBUG] iteration=3124, ncalls=12643, regioncalls=517320, ndraw=40, logz=-12.48, remainder_fraction=30.8822%, Lmin=-5.83, Lmax=-4.88
11:16:42 [ultranest] [DEBUG] iteration=3126, ncalls=12653, regioncalls=517720, ndraw=40, logz=-12.48, remainder_fraction=30.7641%, Lmin=-5.83, Lmax=-4.88
11:16:42 [ultranest] [DEBUG] iteration=3127, ncalls=12679, regioncalls=518760, ndraw=40, logz=-12.48, remainder_fraction=30.7108%, Lmin=-5.83, Lmax=-4.88
11:16:43 [ultranest] [DEBUG] iteration=3128, ncalls=12691, regioncalls=519240, ndraw=40, logz=-12.48, remainder_fraction=30.6707%, Lmin=-5.83, Lmax=-4.88
11:16:43 [ultranest] [DEBUG] iteration=3129, ncalls=12703, regioncalls=519760, ndraw=40, logz=-12.48, remainder_fraction=30.6411%, Lmin=-5.83, Lmax=-4.88
11:16:44 [ultranest] [DEBUG] iteration=3130, ncalls=12712, regioncalls=520120, ndraw=40, logz=-12.48, remainder_fraction=30.5736%, Lmin=-5.82, Lmax=-4.88
11:16:44 [ultranest] [DEBUG] iteration=3131, ncalls=12735, regioncalls=521440, ndraw=40, logz=-12.48, remainder_fraction=30.5145%, Lmin=-5.82, Lmax=-4.88
11:16:46 [ultranest] [DEBUG] iteration=3132, ncalls=12778, regioncalls=523720, ndraw=40, logz=-12.48, remainder_fraction=30.4513%, Lmin=-5.82, Lmax=-4.88
11:16:46 [ultranest] [DEBUG] iteration=3133, ncalls=12782, regioncalls=523880, ndraw=40, logz=-12.48, remainder_fraction=30.4255%, Lmin=-5.82, Lmax=-4.88
11:16:46 [ultranest] [DEBUG] iteration=3134, ncalls=12796, regioncalls=524440, ndraw=40, logz=-12.47, remainder_fraction=30.3622%, Lmin=-5.82, Lmax=-4.88
11:16:47 [ultranest] [DEBUG] iteration=3135, ncalls=12799, regioncalls=524560, ndraw=40, logz=-12.47, remainder_fraction=30.3052%, Lmin=-5.82, Lmax=-4.88
11:16:47 [ultranest] [DEBUG] iteration=3136, ncalls=12816, regioncalls=525240, ndraw=40, logz=-12.47, remainder_fraction=30.2397%, Lmin=-5.82, Lmax=-4.88
11:16:47 [ultranest] [DEBUG] iteration=3137, ncalls=12826, regioncalls=525640, ndraw=40, logz=-12.47, remainder_fraction=30.2069%, Lmin=-5.82, Lmax=-4.88
11:16:49 [ultranest] [DEBUG] iteration=3138, ncalls=12858, regioncalls=526920, ndraw=40, logz=-12.47, remainder_fraction=30.1697%, Lmin=-5.81, Lmax=-4.88
11:16:49 [ultranest] [DEBUG] iteration=3139, ncalls=12870, regioncalls=527400, ndraw=40, logz=-12.47, remainder_fraction=30.1084%, Lmin=-5.81, Lmax=-4.88
11:16:50 [ultranest] [DEBUG] iteration=3140, ncalls=12890, regioncalls=528200, ndraw=40, logz=-12.47, remainder_fraction=30.0472%, Lmin=-5.81, Lmax=-4.88
11:16:50 [ultranest] [DEBUG] iteration=3141, ncalls=12910, regioncalls=529000, ndraw=40, logz=-12.47, remainder_fraction=29.9829%, Lmin=-5.81, Lmax=-4.88
11:16:51 [ultranest] [DEBUG] iteration=3143, ncalls=12930, regioncalls=529800, ndraw=40, logz=-12.47, remainder_fraction=29.8875%, Lmin=-5.81, Lmax=-4.88
11:16:51 [ultranest] [DEBUG] iteration=3144, ncalls=12938, regioncalls=530120, ndraw=40, logz=-12.47, remainder_fraction=29.8355%, Lmin=-5.81, Lmax=-4.88
11:16:53 [ultranest] [DEBUG] iteration=3147, ncalls=12977, regioncalls=532080, ndraw=40, logz=-12.47, remainder_fraction=29.7510%, Lmin=-5.80, Lmax=-4.88
11:16:53 [ultranest] [DEBUG] iteration=3148, ncalls=12998, regioncalls=532920, ndraw=40, logz=-12.46, remainder_fraction=29.6986%, Lmin=-5.80, Lmax=-4.88
11:16:54 [ultranest] [DEBUG] iteration=3149, ncalls=13005, regioncalls=533200, ndraw=40, logz=-12.46, remainder_fraction=29.6409%, Lmin=-5.80, Lmax=-4.88
11:16:54 [ultranest] [DEBUG] iteration=3150, ncalls=13011, regioncalls=533520, ndraw=40, logz=-12.46, remainder_fraction=29.5797%, Lmin=-5.80, Lmax=-4.88
11:16:54 [ultranest] [DEBUG] iteration=3153, ncalls=13018, regioncalls=533800, ndraw=40, logz=-12.46, remainder_fraction=29.4254%, Lmin=-5.80, Lmax=-4.88
11:16:54 [ultranest] [DEBUG] iteration=3155, ncalls=13022, regioncalls=533960, ndraw=40, logz=-12.46, remainder_fraction=29.3194%, Lmin=-5.80, Lmax=-4.88
11:16:54 [ultranest] [DEBUG] iteration=3156, ncalls=13025, regioncalls=534080, ndraw=40, logz=-12.46, remainder_fraction=29.2796%, Lmin=-5.80, Lmax=-4.88
11:16:55 [ultranest] [DEBUG] iteration=3158, ncalls=13032, regioncalls=534360, ndraw=40, logz=-12.46, remainder_fraction=29.1931%, Lmin=-5.80, Lmax=-4.88
11:16:55 [ultranest] [DEBUG] iteration=3160, ncalls=13038, regioncalls=534600, ndraw=40, logz=-12.46, remainder_fraction=29.0903%, Lmin=-5.80, Lmax=-4.88
11:16:55 [ultranest] [DEBUG] iteration=3161, ncalls=13053, regioncalls=535200, ndraw=40, logz=-12.45, remainder_fraction=29.0255%, Lmin=-5.79, Lmax=-4.88
11:16:56 [ultranest] [DEBUG] iteration=3163, ncalls=13059, regioncalls=535440, ndraw=40, logz=-12.45, remainder_fraction=28.9086%, Lmin=-5.79, Lmax=-4.88
11:16:56 [ultranest] [DEBUG] iteration=3164, ncalls=13062, regioncalls=535560, ndraw=40, logz=-12.45, remainder_fraction=28.8586%, Lmin=-5.79, Lmax=-4.88
11:16:56 [ultranest] [DEBUG] iteration=3167, ncalls=13067, regioncalls=535760, ndraw=40, logz=-12.45, remainder_fraction=28.7040%, Lmin=-5.79, Lmax=-4.88
11:16:56 [ultranest] [DEBUG] iteration=3168, ncalls=13070, regioncalls=535880, ndraw=40, logz=-12.45, remainder_fraction=28.6416%, Lmin=-5.78, Lmax=-4.88
11:16:56 [ultranest] [DEBUG] iteration=3170, ncalls=13073, regioncalls=536000, ndraw=40, logz=-12.45, remainder_fraction=28.5342%, Lmin=-5.78, Lmax=-4.88
11:16:56 [ultranest] [DEBUG] iteration=3171, ncalls=13080, regioncalls=536280, ndraw=40, logz=-12.45, remainder_fraction=28.4744%, Lmin=-5.78, Lmax=-4.88
11:16:56 [ultranest] [DEBUG] iteration=3173, ncalls=13083, regioncalls=536400, ndraw=40, logz=-12.45, remainder_fraction=28.3678%, Lmin=-5.78, Lmax=-4.88
11:16:56 [ultranest] [DEBUG] iteration=3174, ncalls=13086, regioncalls=536520, ndraw=40, logz=-12.45, remainder_fraction=28.3238%, Lmin=-5.78, Lmax=-4.88
11:16:57 [ultranest] [DEBUG] iteration=3175, ncalls=13091, regioncalls=536720, ndraw=40, logz=-12.44, remainder_fraction=28.3053%, Lmin=-5.78, Lmax=-4.88
11:16:57 [ultranest] [DEBUG] iteration=3177, ncalls=13094, regioncalls=536840, ndraw=40, logz=-12.44, remainder_fraction=28.1927%, Lmin=-5.77, Lmax=-4.88
11:16:57 [ultranest] [DEBUG] iteration=3179, ncalls=13098, regioncalls=537000, ndraw=40, logz=-12.44, remainder_fraction=28.0812%, Lmin=-5.77, Lmax=-4.88
11:16:57 [ultranest] [DEBUG] iteration=3181, ncalls=13102, regioncalls=537160, ndraw=40, logz=-12.44, remainder_fraction=27.9742%, Lmin=-5.77, Lmax=-4.88
11:16:57 [ultranest] [DEBUG] iteration=3183, ncalls=13105, regioncalls=537280, ndraw=40, logz=-12.44, remainder_fraction=27.8709%, Lmin=-5.76, Lmax=-4.88
11:16:57 [ultranest] [DEBUG] iteration=3185, ncalls=13110, regioncalls=537480, ndraw=40, logz=-12.44, remainder_fraction=27.7795%, Lmin=-5.76, Lmax=-4.88
11:16:57 [ultranest] [DEBUG] iteration=3186, ncalls=13114, regioncalls=537640, ndraw=40, logz=-12.44, remainder_fraction=27.7428%, Lmin=-5.76, Lmax=-4.88
11:16:58 [ultranest] [DEBUG] iteration=3187, ncalls=13121, regioncalls=537920, ndraw=40, logz=-12.44, remainder_fraction=27.6863%, Lmin=-5.76, Lmax=-4.88
11:16:58 [ultranest] [DEBUG] iteration=3188, ncalls=13131, regioncalls=538320, ndraw=40, logz=-12.44, remainder_fraction=27.6433%, Lmin=-5.76, Lmax=-4.88
11:16:58 [ultranest] [DEBUG] iteration=3189, ncalls=13141, regioncalls=538720, ndraw=40, logz=-12.44, remainder_fraction=27.5898%, Lmin=-5.75, Lmax=-4.88
11:16:59 [ultranest] [DEBUG] iteration=3191, ncalls=13148, regioncalls=539000, ndraw=40, logz=-12.43, remainder_fraction=27.4776%, Lmin=-5.75, Lmax=-4.88
11:16:59 [ultranest] [DEBUG] iteration=3192, ncalls=13161, regioncalls=539520, ndraw=40, logz=-12.43, remainder_fraction=27.4335%, Lmin=-5.75, Lmax=-4.88
11:16:59 [ultranest] [DEBUG] iteration=3194, ncalls=13164, regioncalls=539640, ndraw=40, logz=-12.43, remainder_fraction=27.3319%, Lmin=-5.75, Lmax=-4.88
11:16:59 [ultranest] [DEBUG] iteration=3195, ncalls=13169, regioncalls=539840, ndraw=40, logz=-12.43, remainder_fraction=27.3006%, Lmin=-5.75, Lmax=-4.88
11:17:00 [ultranest] [DEBUG] iteration=3198, ncalls=13181, regioncalls=540320, ndraw=40, logz=-12.43, remainder_fraction=27.1662%, Lmin=-5.75, Lmax=-4.88
11:17:00 [ultranest] [DEBUG] iteration=3199, ncalls=13185, regioncalls=540480, ndraw=40, logz=-12.43, remainder_fraction=27.1432%, Lmin=-5.75, Lmax=-4.88
11:17:00 [ultranest] [DEBUG] iteration=3200, ncalls=13186, regioncalls=540520, ndraw=40, logz=-12.43, remainder_fraction=27.0917%, Lmin=-5.75, Lmax=-4.88
11:17:00 [ultranest] [DEBUG] iteration=3201, ncalls=13189, regioncalls=540640, ndraw=40, logz=-12.43, remainder_fraction=27.0299%, Lmin=-5.75, Lmax=-4.88
11:17:00 [ultranest] [DEBUG] iteration=3202, ncalls=13195, regioncalls=540880, ndraw=40, logz=-12.43, remainder_fraction=26.9756%, Lmin=-5.74, Lmax=-4.88
11:17:00 [ultranest] [DEBUG] iteration=3204, ncalls=13200, regioncalls=541080, ndraw=40, logz=-12.42, remainder_fraction=26.8900%, Lmin=-5.74, Lmax=-4.88
11:17:01 [ultranest] [DEBUG] iteration=3205, ncalls=13206, regioncalls=541320, ndraw=40, logz=-12.42, remainder_fraction=26.8361%, Lmin=-5.74, Lmax=-4.88
11:17:01 [ultranest] [DEBUG] iteration=3207, ncalls=13211, regioncalls=541520, ndraw=40, logz=-12.42, remainder_fraction=26.7498%, Lmin=-5.74, Lmax=-4.88
11:17:01 [ultranest] [DEBUG] iteration=3208, ncalls=13215, regioncalls=541680, ndraw=40, logz=-12.42, remainder_fraction=26.6896%, Lmin=-5.74, Lmax=-4.88
11:17:01 [ultranest] [DEBUG] iteration=3209, ncalls=13224, regioncalls=542040, ndraw=40, logz=-12.42, remainder_fraction=26.6411%, Lmin=-5.74, Lmax=-4.88
11:17:01 [ultranest] [DEBUG] iteration=3210, ncalls=13229, regioncalls=542240, ndraw=40, logz=-12.42, remainder_fraction=26.6007%, Lmin=-5.74, Lmax=-4.88
11:17:01 [ultranest] [DEBUG] iteration=3213, ncalls=13233, regioncalls=542400, ndraw=40, logz=-12.42, remainder_fraction=26.4298%, Lmin=-5.74, Lmax=-4.88
11:17:02 [ultranest] [DEBUG] iteration=3214, ncalls=13237, regioncalls=542560, ndraw=40, logz=-12.42, remainder_fraction=26.3943%, Lmin=-5.74, Lmax=-4.88
11:17:02 [ultranest] [DEBUG] iteration=3216, ncalls=13243, regioncalls=542800, ndraw=40, logz=-12.42, remainder_fraction=26.2986%, Lmin=-5.73, Lmax=-4.88
11:17:02 [ultranest] [DEBUG] iteration=3217, ncalls=13246, regioncalls=542920, ndraw=40, logz=-12.42, remainder_fraction=26.2381%, Lmin=-5.73, Lmax=-4.88
11:17:02 [ultranest] [DEBUG] iteration=3218, ncalls=13251, regioncalls=543120, ndraw=40, logz=-12.42, remainder_fraction=26.1798%, Lmin=-5.73, Lmax=-4.88
11:17:02 [ultranest] [DEBUG] iteration=3219, ncalls=13262, regioncalls=543560, ndraw=40, logz=-12.42, remainder_fraction=26.1467%, Lmin=-5.73, Lmax=-4.88
11:17:03 [ultranest] [DEBUG] iteration=3220, ncalls=13268, regioncalls=543800, ndraw=40, logz=-12.41, remainder_fraction=26.0891%, Lmin=-5.73, Lmax=-4.88
11:17:03 [ultranest] [DEBUG] iteration=3221, ncalls=13285, regioncalls=544480, ndraw=40, logz=-12.41, remainder_fraction=26.0302%, Lmin=-5.73, Lmax=-4.88
11:17:04 [ultranest] [DEBUG] iteration=3223, ncalls=13293, regioncalls=544800, ndraw=40, logz=-12.41, remainder_fraction=25.9252%, Lmin=-5.73, Lmax=-4.88
11:17:04 [ultranest] [DEBUG] iteration=3225, ncalls=13303, regioncalls=545200, ndraw=40, logz=-12.41, remainder_fraction=25.8377%, Lmin=-5.72, Lmax=-4.88
11:17:04 [ultranest] [DEBUG] iteration=3226, ncalls=13313, regioncalls=545600, ndraw=40, logz=-12.41, remainder_fraction=25.7964%, Lmin=-5.72, Lmax=-4.88
11:17:04 [ultranest] [DEBUG] iteration=3227, ncalls=13319, regioncalls=545840, ndraw=40, logz=-12.41, remainder_fraction=25.7421%, Lmin=-5.72, Lmax=-4.88
11:17:05 [ultranest] [DEBUG] iteration=3228, ncalls=13322, regioncalls=545960, ndraw=40, logz=-12.41, remainder_fraction=25.6841%, Lmin=-5.71, Lmax=-4.88
11:17:05 [ultranest] [DEBUG] iteration=3230, ncalls=13326, regioncalls=546120, ndraw=40, logz=-12.41, remainder_fraction=25.5892%, Lmin=-5.71, Lmax=-4.88
11:17:05 [ultranest] [DEBUG] iteration=3231, ncalls=13330, regioncalls=546280, ndraw=40, logz=-12.41, remainder_fraction=25.5523%, Lmin=-5.71, Lmax=-4.88
11:17:05 [ultranest] [DEBUG] iteration=3233, ncalls=13336, regioncalls=546520, ndraw=40, logz=-12.41, remainder_fraction=25.4580%, Lmin=-5.71, Lmax=-4.88
11:17:05 [ultranest] [DEBUG] iteration=3234, ncalls=13339, regioncalls=546640, ndraw=40, logz=-12.41, remainder_fraction=25.3994%, Lmin=-5.70, Lmax=-4.88
11:17:05 [ultranest] [DEBUG] iteration=3235, ncalls=13343, regioncalls=546800, ndraw=40, logz=-12.41, remainder_fraction=25.3442%, Lmin=-5.70, Lmax=-4.88
11:17:05 [ultranest] [DEBUG] iteration=3236, ncalls=13346, regioncalls=546920, ndraw=40, logz=-12.40, remainder_fraction=25.2963%, Lmin=-5.70, Lmax=-4.88
11:17:06 [ultranest] [DEBUG] iteration=3237, ncalls=13351, regioncalls=547120, ndraw=40, logz=-12.40, remainder_fraction=25.2502%, Lmin=-5.70, Lmax=-4.88
11:17:06 [ultranest] [DEBUG] iteration=3238, ncalls=13358, regioncalls=547400, ndraw=40, logz=-12.40, remainder_fraction=25.2059%, Lmin=-5.70, Lmax=-4.88
11:17:06 [ultranest] [DEBUG] iteration=3240, ncalls=13360, regioncalls=547560, ndraw=40, logz=-12.40, remainder_fraction=25.1251%, Lmin=-5.70, Lmax=-4.88
11:17:06 [ultranest] [DEBUG] iteration=3241, ncalls=13363, regioncalls=547680, ndraw=40, logz=-12.40, remainder_fraction=25.0791%, Lmin=-5.70, Lmax=-4.88
11:17:06 [ultranest] [DEBUG] iteration=3244, ncalls=13377, regioncalls=548240, ndraw=40, logz=-12.40, remainder_fraction=24.9329%, Lmin=-5.70, Lmax=-4.88
11:17:07 [ultranest] [DEBUG] iteration=3245, ncalls=13390, regioncalls=548760, ndraw=40, logz=-12.40, remainder_fraction=24.8973%, Lmin=-5.70, Lmax=-4.88
11:17:07 [ultranest] [DEBUG] iteration=3246, ncalls=13402, regioncalls=549240, ndraw=40, logz=-12.40, remainder_fraction=24.8416%, Lmin=-5.69, Lmax=-4.88
11:17:07 [ultranest] [DEBUG] iteration=3247, ncalls=13406, regioncalls=549640, ndraw=40, logz=-12.40, remainder_fraction=24.8102%, Lmin=-5.69, Lmax=-4.88
11:17:08 [ultranest] [DEBUG] iteration=3248, ncalls=13412, regioncalls=549880, ndraw=40, logz=-12.40, remainder_fraction=24.7583%, Lmin=-5.69, Lmax=-4.88
11:17:08 [ultranest] [DEBUG] iteration=3250, ncalls=13419, regioncalls=550160, ndraw=40, logz=-12.40, remainder_fraction=24.6576%, Lmin=-5.69, Lmax=-4.88
11:17:08 [ultranest] [DEBUG] iteration=3251, ncalls=13423, regioncalls=550320, ndraw=40, logz=-12.40, remainder_fraction=24.6031%, Lmin=-5.69, Lmax=-4.88
11:17:08 [ultranest] [DEBUG] iteration=3252, ncalls=13430, regioncalls=550600, ndraw=40, logz=-12.39, remainder_fraction=24.5725%, Lmin=-5.69, Lmax=-4.88
11:17:09 [ultranest] [DEBUG] iteration=3253, ncalls=13437, regioncalls=550880, ndraw=40, logz=-12.39, remainder_fraction=24.5388%, Lmin=-5.69, Lmax=-4.88
11:17:09 [ultranest] [DEBUG] iteration=3254, ncalls=13441, regioncalls=551040, ndraw=40, logz=-12.39, remainder_fraction=24.4959%, Lmin=-5.68, Lmax=-4.88
11:17:09 [ultranest] [DEBUG] iteration=3255, ncalls=13450, regioncalls=551400, ndraw=40, logz=-12.39, remainder_fraction=24.4535%, Lmin=-5.68, Lmax=-4.88
11:17:09 [ultranest] [DEBUG] iteration=3256, ncalls=13462, regioncalls=551880, ndraw=40, logz=-12.39, remainder_fraction=24.4192%, Lmin=-5.68, Lmax=-4.88
11:17:10 [ultranest] [DEBUG] iteration=3257, ncalls=13470, regioncalls=552200, ndraw=40, logz=-12.39, remainder_fraction=24.3803%, Lmin=-5.68, Lmax=-4.88
11:17:10 [ultranest] [DEBUG] iteration=3258, ncalls=13475, regioncalls=552400, ndraw=40, logz=-12.39, remainder_fraction=24.3537%, Lmin=-5.68, Lmax=-4.88
11:17:10 [ultranest] [DEBUG] iteration=3260, ncalls=13480, regioncalls=552600, ndraw=40, logz=-12.39, remainder_fraction=24.2738%, Lmin=-5.68, Lmax=-4.88
11:17:10 [ultranest] [DEBUG] iteration=3262, ncalls=13487, regioncalls=552880, ndraw=40, logz=-12.39, remainder_fraction=24.1643%, Lmin=-5.68, Lmax=-4.88
11:17:10 [ultranest] [DEBUG] iteration=3263, ncalls=13491, regioncalls=553080, ndraw=40, logz=-12.39, remainder_fraction=24.1132%, Lmin=-5.67, Lmax=-4.88
11:17:11 [ultranest] [DEBUG] iteration=3266, ncalls=13496, regioncalls=553280, ndraw=40, logz=-12.39, remainder_fraction=23.9767%, Lmin=-5.67, Lmax=-4.88
11:17:11 [ultranest] [DEBUG] iteration=3267, ncalls=13503, regioncalls=553560, ndraw=40, logz=-12.39, remainder_fraction=23.9222%, Lmin=-5.67, Lmax=-4.88
11:17:11 [ultranest] [DEBUG] iteration=3268, ncalls=13509, regioncalls=553800, ndraw=40, logz=-12.39, remainder_fraction=23.8721%, Lmin=-5.67, Lmax=-4.88
11:17:12 [ultranest] [DEBUG] iteration=3269, ncalls=13526, regioncalls=554480, ndraw=40, logz=-12.38, remainder_fraction=23.8169%, Lmin=-5.67, Lmax=-4.88
11:17:12 [ultranest] [DEBUG] iteration=3271, ncalls=13532, regioncalls=554720, ndraw=40, logz=-12.38, remainder_fraction=23.7505%, Lmin=-5.67, Lmax=-4.88
11:17:12 [ultranest] [DEBUG] iteration=3272, ncalls=13538, regioncalls=554960, ndraw=40, logz=-12.38, remainder_fraction=23.6971%, Lmin=-5.67, Lmax=-4.88
11:17:12 [ultranest] [DEBUG] iteration=3273, ncalls=13543, regioncalls=555160, ndraw=40, logz=-12.38, remainder_fraction=23.6551%, Lmin=-5.67, Lmax=-4.88
11:17:13 [ultranest] [DEBUG] iteration=3274, ncalls=13550, regioncalls=555440, ndraw=40, logz=-12.38, remainder_fraction=23.6050%, Lmin=-5.67, Lmax=-4.88
11:17:13 [ultranest] [DEBUG] iteration=3275, ncalls=13555, regioncalls=555640, ndraw=40, logz=-12.38, remainder_fraction=23.5578%, Lmin=-5.66, Lmax=-4.88
11:17:14 [ultranest] [DEBUG] iteration=3277, ncalls=13562, regioncalls=555920, ndraw=40, logz=-12.38, remainder_fraction=23.4796%, Lmin=-5.66, Lmax=-4.88
11:17:14 [ultranest] [DEBUG] iteration=3278, ncalls=13565, regioncalls=556040, ndraw=40, logz=-12.38, remainder_fraction=23.4446%, Lmin=-5.66, Lmax=-4.88
11:17:14 [ultranest] [DEBUG] iteration=3279, ncalls=13569, regioncalls=556200, ndraw=40, logz=-12.38, remainder_fraction=23.3951%, Lmin=-5.66, Lmax=-4.88
11:17:14 [ultranest] [DEBUG] iteration=3280, ncalls=13570, regioncalls=556240, ndraw=40, logz=-12.38, remainder_fraction=23.3438%, Lmin=-5.66, Lmax=-4.88
11:17:14 [ultranest] [DEBUG] iteration=3281, ncalls=13576, regioncalls=556480, ndraw=40, logz=-12.38, remainder_fraction=23.2957%, Lmin=-5.66, Lmax=-4.88
11:17:14 [ultranest] [DEBUG] iteration=3282, ncalls=13580, regioncalls=556640, ndraw=40, logz=-12.38, remainder_fraction=23.2585%, Lmin=-5.66, Lmax=-4.88
11:17:15 [ultranest] [DEBUG] iteration=3283, ncalls=13588, regioncalls=556960, ndraw=40, logz=-12.38, remainder_fraction=23.2379%, Lmin=-5.66, Lmax=-4.88
11:17:15 [ultranest] [DEBUG] iteration=3285, ncalls=13600, regioncalls=557440, ndraw=40, logz=-12.38, remainder_fraction=23.1727%, Lmin=-5.66, Lmax=-4.88
11:17:16 [ultranest] [DEBUG] iteration=3286, ncalls=13609, regioncalls=557800, ndraw=40, logz=-12.37, remainder_fraction=23.1191%, Lmin=-5.66, Lmax=-4.88
11:17:16 [ultranest] [DEBUG] iteration=3287, ncalls=13616, regioncalls=558080, ndraw=40, logz=-12.37, remainder_fraction=23.0868%, Lmin=-5.65, Lmax=-4.88
11:17:16 [ultranest] [DEBUG] iteration=3288, ncalls=13619, regioncalls=558200, ndraw=40, logz=-12.37, remainder_fraction=23.0327%, Lmin=-5.65, Lmax=-4.88
11:17:17 [ultranest] [DEBUG] iteration=3290, ncalls=13632, regioncalls=558720, ndraw=40, logz=-12.37, remainder_fraction=22.9389%, Lmin=-5.65, Lmax=-4.88
11:17:17 [ultranest] [DEBUG] iteration=3291, ncalls=13638, regioncalls=558960, ndraw=40, logz=-12.37, remainder_fraction=22.8917%, Lmin=-5.65, Lmax=-4.88
11:17:17 [ultranest] [DEBUG] iteration=3292, ncalls=13641, regioncalls=559080, ndraw=40, logz=-12.37, remainder_fraction=22.8428%, Lmin=-5.65, Lmax=-4.88
11:17:18 [ultranest] [DEBUG] iteration=3293, ncalls=13645, regioncalls=559440, ndraw=40, logz=-12.37, remainder_fraction=22.8031%, Lmin=-5.65, Lmax=-4.88
11:17:18 [ultranest] [DEBUG] iteration=3294, ncalls=13649, regioncalls=559600, ndraw=40, logz=-12.37, remainder_fraction=22.7642%, Lmin=-5.65, Lmax=-4.88
11:17:18 [ultranest] [DEBUG] iteration=3295, ncalls=13656, regioncalls=559880, ndraw=40, logz=-12.37, remainder_fraction=22.7209%, Lmin=-5.65, Lmax=-4.88
11:17:19 [ultranest] [DEBUG] iteration=3296, ncalls=13673, regioncalls=560560, ndraw=40, logz=-12.37, remainder_fraction=22.6706%, Lmin=-5.65, Lmax=-4.88
11:17:19 [ultranest] [DEBUG] iteration=3297, ncalls=13679, regioncalls=560800, ndraw=40, logz=-12.37, remainder_fraction=22.6195%, Lmin=-5.65, Lmax=-4.88
11:17:21 [ultranest] [DEBUG] iteration=3298, ncalls=13704, regioncalls=561800, ndraw=40, logz=-12.37, remainder_fraction=22.5694%, Lmin=-5.64, Lmax=-4.88
11:17:21 [ultranest] [DEBUG] iteration=3299, ncalls=13723, regioncalls=562720, ndraw=40, logz=-12.37, remainder_fraction=22.5271%, Lmin=-5.64, Lmax=-4.88
11:17:22 [ultranest] [DEBUG] iteration=3300, ncalls=13727, regioncalls=562880, ndraw=40, logz=-12.37, remainder_fraction=22.4834%, Lmin=-5.64, Lmax=-4.88
11:17:22 [ultranest] [DEBUG] iteration=3301, ncalls=13730, regioncalls=563000, ndraw=40, logz=-12.37, remainder_fraction=22.4471%, Lmin=-5.64, Lmax=-4.88
11:17:22 [ultranest] [DEBUG] iteration=3302, ncalls=13733, regioncalls=563120, ndraw=40, logz=-12.37, remainder_fraction=22.4025%, Lmin=-5.64, Lmax=-4.88
11:17:22 [ultranest] [DEBUG] iteration=3304, ncalls=13740, regioncalls=563400, ndraw=40, logz=-12.37, remainder_fraction=22.3393%, Lmin=-5.63, Lmax=-4.88
11:17:23 [ultranest] [DEBUG] iteration=3305, ncalls=13748, regioncalls=563720, ndraw=40, logz=-12.36, remainder_fraction=22.2986%, Lmin=-5.63, Lmax=-4.88
11:17:23 [ultranest] [DEBUG] iteration=3306, ncalls=13759, regioncalls=564200, ndraw=40, logz=-12.36, remainder_fraction=22.2511%, Lmin=-5.63, Lmax=-4.88
11:17:24 [ultranest] [DEBUG] iteration=3308, ncalls=13766, regioncalls=564480, ndraw=40, logz=-12.36, remainder_fraction=22.1577%, Lmin=-5.63, Lmax=-4.88
11:17:24 [ultranest] [DEBUG] iteration=3309, ncalls=13771, regioncalls=564680, ndraw=40, logz=-12.36, remainder_fraction=22.1113%, Lmin=-5.63, Lmax=-4.88
11:17:24 [ultranest] [DEBUG] iteration=3310, ncalls=13774, regioncalls=564800, ndraw=40, logz=-12.36, remainder_fraction=22.0716%, Lmin=-5.63, Lmax=-4.88
11:17:24 [ultranest] [DEBUG] iteration=3311, ncalls=13777, regioncalls=564920, ndraw=40, logz=-12.36, remainder_fraction=22.0292%, Lmin=-5.63, Lmax=-4.88
11:17:24 [ultranest] [DEBUG] iteration=3312, ncalls=13780, regioncalls=565040, ndraw=40, logz=-12.36, remainder_fraction=21.9860%, Lmin=-5.63, Lmax=-4.88
11:17:24 [ultranest] [DEBUG] iteration=3314, ncalls=13782, regioncalls=565120, ndraw=40, logz=-12.36, remainder_fraction=21.8919%, Lmin=-5.63, Lmax=-4.88
11:17:25 [ultranest] [DEBUG] iteration=3316, ncalls=13787, regioncalls=565440, ndraw=40, logz=-12.36, remainder_fraction=21.8261%, Lmin=-5.62, Lmax=-4.88
11:17:25 [ultranest] [DEBUG] iteration=3317, ncalls=13798, regioncalls=566080, ndraw=40, logz=-12.36, remainder_fraction=21.7769%, Lmin=-5.62, Lmax=-4.88
11:17:26 [ultranest] [DEBUG] iteration=3318, ncalls=13805, regioncalls=566360, ndraw=40, logz=-12.36, remainder_fraction=21.7303%, Lmin=-5.62, Lmax=-4.88
11:17:26 [ultranest] [DEBUG] iteration=3319, ncalls=13817, regioncalls=567000, ndraw=40, logz=-12.36, remainder_fraction=21.6914%, Lmin=-5.62, Lmax=-4.88
11:17:27 [ultranest] [DEBUG] iteration=3320, ncalls=13827, regioncalls=567400, ndraw=40, logz=-12.36, remainder_fraction=21.6469%, Lmin=-5.62, Lmax=-4.88
11:17:27 [ultranest] [DEBUG] iteration=3321, ncalls=13829, regioncalls=567480, ndraw=40, logz=-12.36, remainder_fraction=21.6020%, Lmin=-5.61, Lmax=-4.88
11:17:27 [ultranest] [DEBUG] iteration=3323, ncalls=13832, regioncalls=567600, ndraw=40, logz=-12.35, remainder_fraction=21.5017%, Lmin=-5.61, Lmax=-4.88
11:17:28 [ultranest] [DEBUG] iteration=3324, ncalls=13853, regioncalls=568440, ndraw=40, logz=-12.35, remainder_fraction=21.4656%, Lmin=-5.61, Lmax=-4.88
11:17:28 [ultranest] [DEBUG] iteration=3325, ncalls=13858, regioncalls=568640, ndraw=40, logz=-12.35, remainder_fraction=21.4160%, Lmin=-5.61, Lmax=-4.88
11:17:29 [ultranest] [DEBUG] iteration=3326, ncalls=13862, regioncalls=568800, ndraw=40, logz=-12.35, remainder_fraction=21.3710%, Lmin=-5.61, Lmax=-4.88
11:17:29 [ultranest] [DEBUG] iteration=3327, ncalls=13873, regioncalls=569240, ndraw=40, logz=-12.35, remainder_fraction=21.3220%, Lmin=-5.61, Lmax=-4.88
11:17:29 [ultranest] [DEBUG] iteration=3328, ncalls=13880, regioncalls=569520, ndraw=40, logz=-12.35, remainder_fraction=21.2722%, Lmin=-5.61, Lmax=-4.88
11:17:30 [ultranest] [DEBUG] iteration=3329, ncalls=13898, regioncalls=570240, ndraw=40, logz=-12.35, remainder_fraction=21.2233%, Lmin=-5.61, Lmax=-4.88
11:17:31 [ultranest] [DEBUG] iteration=3330, ncalls=13904, regioncalls=570720, ndraw=40, logz=-12.35, remainder_fraction=21.1950%, Lmin=-5.60, Lmax=-4.88
11:17:31 [ultranest] [DEBUG] iteration=3331, ncalls=13909, regioncalls=570920, ndraw=40, logz=-12.35, remainder_fraction=21.1591%, Lmin=-5.60, Lmax=-4.88
11:17:32 [ultranest] [DEBUG] iteration=3332, ncalls=13929, regioncalls=571880, ndraw=40, logz=-12.35, remainder_fraction=21.1132%, Lmin=-5.60, Lmax=-4.88
11:17:32 [ultranest] [DEBUG] iteration=3333, ncalls=13933, regioncalls=572320, ndraw=40, logz=-12.35, remainder_fraction=21.0746%, Lmin=-5.60, Lmax=-4.88
11:17:33 [ultranest] [DEBUG] iteration=3334, ncalls=13940, regioncalls=572600, ndraw=40, logz=-12.35, remainder_fraction=21.0319%, Lmin=-5.60, Lmax=-4.88
11:17:33 [ultranest] [DEBUG] iteration=3336, ncalls=13942, regioncalls=572680, ndraw=40, logz=-12.35, remainder_fraction=20.9357%, Lmin=-5.60, Lmax=-4.88
11:17:34 [ultranest] [DEBUG] iteration=3338, ncalls=13959, regioncalls=573360, ndraw=40, logz=-12.35, remainder_fraction=20.8509%, Lmin=-5.60, Lmax=-4.88
11:17:34 [ultranest] [DEBUG] iteration=3340, ncalls=13966, regioncalls=573640, ndraw=40, logz=-12.35, remainder_fraction=20.7878%, Lmin=-5.59, Lmax=-4.88
11:17:35 [ultranest] [DEBUG] iteration=3341, ncalls=13977, regioncalls=574080, ndraw=40, logz=-12.35, remainder_fraction=20.7447%, Lmin=-5.59, Lmax=-4.88
11:17:35 [ultranest] [DEBUG] iteration=3342, ncalls=13982, regioncalls=574280, ndraw=40, logz=-12.35, remainder_fraction=20.7002%, Lmin=-5.59, Lmax=-4.88
11:17:35 [ultranest] [DEBUG] iteration=3343, ncalls=13992, regioncalls=574680, ndraw=40, logz=-12.34, remainder_fraction=20.6516%, Lmin=-5.59, Lmax=-4.88
11:17:36 [ultranest] [DEBUG] iteration=3345, ncalls=13996, regioncalls=574840, ndraw=40, logz=-12.34, remainder_fraction=20.5804%, Lmin=-5.59, Lmax=-4.88
11:17:36 [ultranest] [DEBUG] iteration=3346, ncalls=14003, regioncalls=575120, ndraw=40, logz=-12.34, remainder_fraction=20.5344%, Lmin=-5.59, Lmax=-4.88
11:17:36 [ultranest] [DEBUG] iteration=3347, ncalls=14008, regioncalls=575320, ndraw=40, logz=-12.34, remainder_fraction=20.5136%, Lmin=-5.59, Lmax=-4.88
11:17:36 [ultranest] [DEBUG] iteration=3349, ncalls=14014, regioncalls=575640, ndraw=40, logz=-12.34, remainder_fraction=20.4411%, Lmin=-5.59, Lmax=-4.88
11:17:36 [ultranest] [DEBUG] iteration=3350, ncalls=14016, regioncalls=575720, ndraw=40, logz=-12.34, remainder_fraction=20.3966%, Lmin=-5.59, Lmax=-4.88
11:17:37 [ultranest] [DEBUG] iteration=3352, ncalls=14026, regioncalls=576120, ndraw=40, logz=-12.34, remainder_fraction=20.3132%, Lmin=-5.59, Lmax=-4.88
11:17:37 [ultranest] [DEBUG] iteration=3353, ncalls=14030, regioncalls=576280, ndraw=40, logz=-12.34, remainder_fraction=20.2807%, Lmin=-5.59, Lmax=-4.88
11:17:37 [ultranest] [DEBUG] iteration=3354, ncalls=14033, regioncalls=576400, ndraw=40, logz=-12.34, remainder_fraction=20.2411%, Lmin=-5.58, Lmax=-4.88
11:17:38 [ultranest] [DEBUG] iteration=3355, ncalls=14044, regioncalls=577120, ndraw=40, logz=-12.34, remainder_fraction=20.2046%, Lmin=-5.58, Lmax=-4.88
11:17:38 [ultranest] [DEBUG] iteration=3356, ncalls=14048, regioncalls=577280, ndraw=40, logz=-12.34, remainder_fraction=20.1616%, Lmin=-5.58, Lmax=-4.88
11:17:39 [ultranest] [DEBUG] iteration=3357, ncalls=14058, regioncalls=577800, ndraw=40, logz=-12.34, remainder_fraction=20.1305%, Lmin=-5.58, Lmax=-4.88
11:17:39 [ultranest] [DEBUG] iteration=3358, ncalls=14062, regioncalls=577960, ndraw=40, logz=-12.34, remainder_fraction=20.0847%, Lmin=-5.58, Lmax=-4.88
11:17:39 [ultranest] [DEBUG] iteration=3359, ncalls=14068, regioncalls=578200, ndraw=40, logz=-12.34, remainder_fraction=20.0401%, Lmin=-5.58, Lmax=-4.88
11:17:40 [ultranest] [DEBUG] iteration=3360, ncalls=14076, regioncalls=578520, ndraw=40, logz=-12.34, remainder_fraction=20.0019%, Lmin=-5.58, Lmax=-4.88
11:17:40 [ultranest] [DEBUG] iteration=3361, ncalls=14081, regioncalls=578720, ndraw=40, logz=-12.34, remainder_fraction=19.9621%, Lmin=-5.58, Lmax=-4.88
11:17:41 [ultranest] [DEBUG] iteration=3364, ncalls=14101, regioncalls=580160, ndraw=40, logz=-12.33, remainder_fraction=19.8539%, Lmin=-5.58, Lmax=-4.88
11:17:41 [ultranest] [DEBUG] iteration=3365, ncalls=14103, regioncalls=580240, ndraw=40, logz=-12.33, remainder_fraction=19.8221%, Lmin=-5.58, Lmax=-4.88
11:17:41 [ultranest] [DEBUG] iteration=3367, ncalls=14112, regioncalls=580600, ndraw=40, logz=-12.33, remainder_fraction=19.7416%, Lmin=-5.57, Lmax=-4.88
11:17:41 [ultranest] [DEBUG] iteration=3368, ncalls=14114, regioncalls=580680, ndraw=40, logz=-12.33, remainder_fraction=19.6962%, Lmin=-5.57, Lmax=-4.88
11:17:42 [ultranest] [DEBUG] iteration=3369, ncalls=14120, regioncalls=580920, ndraw=40, logz=-12.33, remainder_fraction=19.6525%, Lmin=-5.57, Lmax=-4.88
11:17:42 [ultranest] [DEBUG] iteration=3370, ncalls=14123, regioncalls=581040, ndraw=40, logz=-12.33, remainder_fraction=19.6232%, Lmin=-5.57, Lmax=-4.88
11:17:42 [ultranest] [DEBUG] iteration=3371, ncalls=14126, regioncalls=581160, ndraw=40, logz=-12.33, remainder_fraction=19.5830%, Lmin=-5.57, Lmax=-4.88
11:17:43 [ultranest] [DEBUG] iteration=3372, ncalls=14140, regioncalls=581760, ndraw=40, logz=-12.33, remainder_fraction=19.5414%, Lmin=-5.57, Lmax=-4.88
11:17:43 [ultranest] [DEBUG] iteration=3374, ncalls=14143, regioncalls=581880, ndraw=40, logz=-12.33, remainder_fraction=19.4802%, Lmin=-5.57, Lmax=-4.88
11:17:43 [ultranest] [DEBUG] iteration=3375, ncalls=14146, regioncalls=582000, ndraw=40, logz=-12.33, remainder_fraction=19.4430%, Lmin=-5.57, Lmax=-4.88
11:17:43 [ultranest] [DEBUG] iteration=3376, ncalls=14152, regioncalls=582240, ndraw=40, logz=-12.33, remainder_fraction=19.4068%, Lmin=-5.57, Lmax=-4.88
11:17:43 [ultranest] [DEBUG] iteration=3378, ncalls=14156, regioncalls=582400, ndraw=40, logz=-12.33, remainder_fraction=19.3390%, Lmin=-5.56, Lmax=-4.88
11:17:44 [ultranest] [DEBUG] iteration=3379, ncalls=14164, regioncalls=582720, ndraw=40, logz=-12.33, remainder_fraction=19.2938%, Lmin=-5.56, Lmax=-4.88
11:17:44 [ultranest] [DEBUG] iteration=3380, ncalls=14167, regioncalls=582840, ndraw=40, logz=-12.33, remainder_fraction=19.2477%, Lmin=-5.56, Lmax=-4.88
11:17:44 [ultranest] [DEBUG] iteration=3381, ncalls=14170, regioncalls=582960, ndraw=40, logz=-12.33, remainder_fraction=19.2027%, Lmin=-5.56, Lmax=-4.88
11:17:44 [ultranest] [DEBUG] iteration=3382, ncalls=14175, regioncalls=583160, ndraw=40, logz=-12.33, remainder_fraction=19.1673%, Lmin=-5.56, Lmax=-4.88
11:17:45 [ultranest] [DEBUG] iteration=3383, ncalls=14185, regioncalls=583560, ndraw=40, logz=-12.33, remainder_fraction=19.1318%, Lmin=-5.56, Lmax=-4.88
11:17:45 [ultranest] [DEBUG] iteration=3384, ncalls=14194, regioncalls=583920, ndraw=40, logz=-12.33, remainder_fraction=19.0955%, Lmin=-5.56, Lmax=-4.88
11:17:46 [ultranest] [DEBUG] iteration=3385, ncalls=14201, regioncalls=584200, ndraw=40, logz=-12.32, remainder_fraction=19.0627%, Lmin=-5.56, Lmax=-4.88
11:17:46 [ultranest] [DEBUG] iteration=3387, ncalls=14210, regioncalls=584560, ndraw=40, logz=-12.32, remainder_fraction=18.9760%, Lmin=-5.56, Lmax=-4.88
11:17:46 [ultranest] [DEBUG] iteration=3388, ncalls=14214, regioncalls=584720, ndraw=40, logz=-12.32, remainder_fraction=18.9337%, Lmin=-5.56, Lmax=-4.88
11:17:46 [ultranest] [DEBUG] iteration=3389, ncalls=14216, regioncalls=584800, ndraw=40, logz=-12.32, remainder_fraction=18.8999%, Lmin=-5.56, Lmax=-4.88
11:17:47 [ultranest] [DEBUG] iteration=3390, ncalls=14225, regioncalls=585160, ndraw=40, logz=-12.32, remainder_fraction=18.8555%, Lmin=-5.56, Lmax=-4.88
11:17:48 [ultranest] [DEBUG] iteration=3391, ncalls=14241, regioncalls=585800, ndraw=40, logz=-12.32, remainder_fraction=18.8187%, Lmin=-5.56, Lmax=-4.88
11:17:48 [ultranest] [DEBUG] iteration=3392, ncalls=14245, regioncalls=585960, ndraw=40, logz=-12.32, remainder_fraction=18.7740%, Lmin=-5.55, Lmax=-4.88
11:17:48 [ultranest] [DEBUG] iteration=3393, ncalls=14252, regioncalls=586240, ndraw=40, logz=-12.32, remainder_fraction=18.7519%, Lmin=-5.55, Lmax=-4.88
11:17:49 [ultranest] [DEBUG] iteration=3394, ncalls=14259, regioncalls=586720, ndraw=40, logz=-12.32, remainder_fraction=18.7080%, Lmin=-5.55, Lmax=-4.88
11:17:49 [ultranest] [DEBUG] iteration=3395, ncalls=14262, regioncalls=586840, ndraw=40, logz=-12.32, remainder_fraction=18.6665%, Lmin=-5.55, Lmax=-4.88
11:17:49 [ultranest] [DEBUG] iteration=3396, ncalls=14266, regioncalls=587000, ndraw=40, logz=-12.32, remainder_fraction=18.6222%, Lmin=-5.55, Lmax=-4.88
11:17:49 [ultranest] [DEBUG] iteration=3397, ncalls=14272, regioncalls=587240, ndraw=40, logz=-12.32, remainder_fraction=18.6006%, Lmin=-5.55, Lmax=-4.88
11:17:50 [ultranest] [DEBUG] iteration=3398, ncalls=14285, regioncalls=587760, ndraw=40, logz=-12.32, remainder_fraction=18.5637%, Lmin=-5.55, Lmax=-4.88
11:17:50 [ultranest] [DEBUG] iteration=3399, ncalls=14288, regioncalls=587880, ndraw=40, logz=-12.32, remainder_fraction=18.5259%, Lmin=-5.55, Lmax=-4.88
11:17:50 [ultranest] [DEBUG] iteration=3400, ncalls=14289, regioncalls=587920, ndraw=40, logz=-12.32, remainder_fraction=18.4869%, Lmin=-5.55, Lmax=-4.88
11:17:50 [ultranest] [DEBUG] iteration=3401, ncalls=14294, regioncalls=588120, ndraw=40, logz=-12.32, remainder_fraction=18.4608%, Lmin=-5.55, Lmax=-4.88
11:17:51 [ultranest] [DEBUG] iteration=3402, ncalls=14297, regioncalls=588240, ndraw=40, logz=-12.32, remainder_fraction=18.4415%, Lmin=-5.55, Lmax=-4.88
11:17:51 [ultranest] [DEBUG] iteration=3403, ncalls=14305, regioncalls=588560, ndraw=40, logz=-12.32, remainder_fraction=18.4072%, Lmin=-5.55, Lmax=-4.88
11:17:51 [ultranest] [DEBUG] iteration=3404, ncalls=14308, regioncalls=588680, ndraw=40, logz=-12.32, remainder_fraction=18.3804%, Lmin=-5.55, Lmax=-4.88
11:17:52 [ultranest] [DEBUG] iteration=3405, ncalls=14317, regioncalls=589040, ndraw=40, logz=-12.32, remainder_fraction=18.3408%, Lmin=-5.55, Lmax=-4.88
11:17:52 [ultranest] [DEBUG] iteration=3407, ncalls=14321, regioncalls=589200, ndraw=40, logz=-12.31, remainder_fraction=18.2613%, Lmin=-5.54, Lmax=-4.88
11:17:52 [ultranest] [DEBUG] iteration=3409, ncalls=14327, regioncalls=589440, ndraw=40, logz=-12.31, remainder_fraction=18.1825%, Lmin=-5.54, Lmax=-4.88
11:17:52 [ultranest] [DEBUG] iteration=3410, ncalls=14334, regioncalls=589720, ndraw=40, logz=-12.31, remainder_fraction=18.1478%, Lmin=-5.54, Lmax=-4.88
11:17:53 [ultranest] [DEBUG] iteration=3411, ncalls=14336, regioncalls=589800, ndraw=40, logz=-12.31, remainder_fraction=18.1069%, Lmin=-5.54, Lmax=-4.88
11:17:53 [ultranest] [DEBUG] iteration=3412, ncalls=14344, regioncalls=590120, ndraw=40, logz=-12.31, remainder_fraction=18.0817%, Lmin=-5.54, Lmax=-4.88
11:17:53 [ultranest] [DEBUG] iteration=3413, ncalls=14348, regioncalls=590280, ndraw=40, logz=-12.31, remainder_fraction=18.0503%, Lmin=-5.54, Lmax=-4.88
11:17:54 [ultranest] [DEBUG] iteration=3414, ncalls=14357, regioncalls=590640, ndraw=40, logz=-12.31, remainder_fraction=18.0079%, Lmin=-5.54, Lmax=-4.88
11:17:54 [ultranest] [DEBUG] iteration=3415, ncalls=14368, regioncalls=591760, ndraw=40, logz=-12.31, remainder_fraction=17.9705%, Lmin=-5.54, Lmax=-4.88
11:17:55 [ultranest] [DEBUG] iteration=3416, ncalls=14377, regioncalls=592120, ndraw=40, logz=-12.31, remainder_fraction=17.9352%, Lmin=-5.53, Lmax=-4.88
11:17:55 [ultranest] [DEBUG] iteration=3417, ncalls=14389, regioncalls=592600, ndraw=40, logz=-12.31, remainder_fraction=17.8972%, Lmin=-5.53, Lmax=-4.88
11:17:56 [ultranest] [DEBUG] iteration=3418, ncalls=14413, regioncalls=594160, ndraw=40, logz=-12.31, remainder_fraction=17.8642%, Lmin=-5.53, Lmax=-4.88
11:17:57 [ultranest] [DEBUG] iteration=3419, ncalls=14417, regioncalls=594400, ndraw=40, logz=-12.31, remainder_fraction=17.8217%, Lmin=-5.53, Lmax=-4.88
11:17:57 [ultranest] [DEBUG] iteration=3420, ncalls=14419, regioncalls=594520, ndraw=40, logz=-12.31, remainder_fraction=17.7799%, Lmin=-5.53, Lmax=-4.88
11:17:57 [ultranest] [DEBUG] iteration=3422, ncalls=14424, regioncalls=594720, ndraw=40, logz=-12.31, remainder_fraction=17.7121%, Lmin=-5.53, Lmax=-4.88
11:17:58 [ultranest] [DEBUG] iteration=3423, ncalls=14432, regioncalls=595040, ndraw=40, logz=-12.31, remainder_fraction=17.6698%, Lmin=-5.53, Lmax=-4.88
11:17:58 [ultranest] [DEBUG] iteration=3425, ncalls=14435, regioncalls=595160, ndraw=40, logz=-12.31, remainder_fraction=17.6030%, Lmin=-5.53, Lmax=-4.88
11:17:58 [ultranest] [DEBUG] iteration=3426, ncalls=14438, regioncalls=595280, ndraw=40, logz=-12.31, remainder_fraction=17.5651%, Lmin=-5.53, Lmax=-4.88
11:17:58 [ultranest] [DEBUG] iteration=3428, ncalls=14441, regioncalls=595400, ndraw=40, logz=-12.31, remainder_fraction=17.4863%, Lmin=-5.52, Lmax=-4.88
11:17:58 [ultranest] [DEBUG] iteration=3431, ncalls=14445, regioncalls=595560, ndraw=40, logz=-12.30, remainder_fraction=17.3943%, Lmin=-5.52, Lmax=-4.88
11:17:58 [ultranest] [DEBUG] iteration=3433, ncalls=14449, regioncalls=595720, ndraw=40, logz=-12.30, remainder_fraction=17.3265%, Lmin=-5.52, Lmax=-4.88
11:17:59 [ultranest] [DEBUG] iteration=3434, ncalls=14452, regioncalls=595840, ndraw=40, logz=-12.30, remainder_fraction=17.2899%, Lmin=-5.52, Lmax=-4.88
11:17:59 [ultranest] [DEBUG] iteration=3435, ncalls=14454, regioncalls=595920, ndraw=40, logz=-12.30, remainder_fraction=17.2565%, Lmin=-5.52, Lmax=-4.88
11:17:59 [ultranest] [DEBUG] iteration=3436, ncalls=14458, regioncalls=596080, ndraw=40, logz=-12.30, remainder_fraction=17.2334%, Lmin=-5.52, Lmax=-4.88
11:17:59 [ultranest] [DEBUG] iteration=3437, ncalls=14467, regioncalls=596440, ndraw=40, logz=-12.30, remainder_fraction=17.1982%, Lmin=-5.52, Lmax=-4.88
11:18:00 [ultranest] [DEBUG] iteration=3439, ncalls=14486, regioncalls=597200, ndraw=40, logz=-12.30, remainder_fraction=17.1227%, Lmin=-5.52, Lmax=-4.88
11:18:01 [ultranest] [DEBUG] iteration=3440, ncalls=14497, regioncalls=597640, ndraw=40, logz=-12.30, remainder_fraction=17.0865%, Lmin=-5.52, Lmax=-4.88
11:18:01 [ultranest] [DEBUG] iteration=3442, ncalls=14500, regioncalls=597760, ndraw=40, logz=-12.30, remainder_fraction=17.0141%, Lmin=-5.52, Lmax=-4.88
11:18:01 [ultranest] [DEBUG] iteration=3443, ncalls=14507, regioncalls=598040, ndraw=40, logz=-12.30, remainder_fraction=16.9899%, Lmin=-5.52, Lmax=-4.88
11:18:02 [ultranest] [DEBUG] iteration=3444, ncalls=14515, regioncalls=598360, ndraw=40, logz=-12.30, remainder_fraction=16.9496%, Lmin=-5.52, Lmax=-4.88
11:18:02 [ultranest] [DEBUG] iteration=3445, ncalls=14518, regioncalls=598480, ndraw=40, logz=-12.30, remainder_fraction=16.9116%, Lmin=-5.52, Lmax=-4.88
11:18:02 [ultranest] [DEBUG] iteration=3446, ncalls=14523, regioncalls=598680, ndraw=40, logz=-12.30, remainder_fraction=16.8869%, Lmin=-5.52, Lmax=-4.88
11:18:02 [ultranest] [DEBUG] iteration=3448, ncalls=14527, regioncalls=598840, ndraw=40, logz=-12.30, remainder_fraction=16.8223%, Lmin=-5.51, Lmax=-4.88
11:18:03 [ultranest] [DEBUG] iteration=3450, ncalls=14531, regioncalls=599000, ndraw=40, logz=-12.30, remainder_fraction=16.7522%, Lmin=-5.51, Lmax=-4.88
11:18:03 [ultranest] [DEBUG] iteration=3452, ncalls=14534, regioncalls=599120, ndraw=40, logz=-12.30, remainder_fraction=16.6853%, Lmin=-5.51, Lmax=-4.88
11:18:03 [ultranest] [DEBUG] iteration=3453, ncalls=14536, regioncalls=599200, ndraw=40, logz=-12.30, remainder_fraction=16.6514%, Lmin=-5.51, Lmax=-4.88
11:18:03 [ultranest] [DEBUG] iteration=3454, ncalls=14541, regioncalls=599400, ndraw=40, logz=-12.30, remainder_fraction=16.6182%, Lmin=-5.51, Lmax=-4.88
11:18:04 [ultranest] [DEBUG] iteration=3455, ncalls=14549, regioncalls=599720, ndraw=40, logz=-12.29, remainder_fraction=16.5845%, Lmin=-5.51, Lmax=-4.88
11:18:04 [ultranest] [DEBUG] iteration=3456, ncalls=14552, regioncalls=599840, ndraw=40, logz=-12.29, remainder_fraction=16.5453%, Lmin=-5.51, Lmax=-4.88
11:18:04 [ultranest] [DEBUG] iteration=3457, ncalls=14557, regioncalls=600040, ndraw=40, logz=-12.29, remainder_fraction=16.5202%, Lmin=-5.51, Lmax=-4.88
11:18:04 [ultranest] [DEBUG] iteration=3458, ncalls=14564, regioncalls=600320, ndraw=40, logz=-12.29, remainder_fraction=16.4807%, Lmin=-5.51, Lmax=-4.88
11:18:05 [ultranest] [DEBUG] iteration=3460, ncalls=14572, regioncalls=600640, ndraw=40, logz=-12.29, remainder_fraction=16.4105%, Lmin=-5.50, Lmax=-4.88
11:18:05 [ultranest] [DEBUG] iteration=3461, ncalls=14580, regioncalls=600960, ndraw=40, logz=-12.29, remainder_fraction=16.3842%, Lmin=-5.50, Lmax=-4.88
11:18:05 [ultranest] [DEBUG] iteration=3462, ncalls=14585, regioncalls=601160, ndraw=40, logz=-12.29, remainder_fraction=16.3518%, Lmin=-5.50, Lmax=-4.88
11:18:06 [ultranest] [DEBUG] iteration=3464, ncalls=14588, regioncalls=601280, ndraw=40, logz=-12.29, remainder_fraction=16.2818%, Lmin=-5.50, Lmax=-4.88
11:18:06 [ultranest] [DEBUG] iteration=3466, ncalls=14599, regioncalls=601720, ndraw=40, logz=-12.29, remainder_fraction=16.2167%, Lmin=-5.50, Lmax=-4.88
11:18:06 [ultranest] [DEBUG] iteration=3467, ncalls=14605, regioncalls=601960, ndraw=40, logz=-12.29, remainder_fraction=16.1843%, Lmin=-5.50, Lmax=-4.88
11:18:07 [ultranest] [DEBUG] iteration=3468, ncalls=14609, regioncalls=602120, ndraw=40, logz=-12.29, remainder_fraction=16.1493%, Lmin=-5.50, Lmax=-4.88
11:18:07 [ultranest] [DEBUG] iteration=3469, ncalls=14615, regioncalls=602360, ndraw=40, logz=-12.29, remainder_fraction=16.1299%, Lmin=-5.50, Lmax=-4.88
11:18:07 [ultranest] [DEBUG] iteration=3470, ncalls=14626, regioncalls=602800, ndraw=40, logz=-12.29, remainder_fraction=16.0949%, Lmin=-5.50, Lmax=-4.88
11:18:08 [ultranest] [DEBUG] iteration=3472, ncalls=14633, regioncalls=603080, ndraw=40, logz=-12.29, remainder_fraction=16.0259%, Lmin=-5.50, Lmax=-4.88
11:18:08 [ultranest] [DEBUG] iteration=3474, ncalls=14640, regioncalls=603360, ndraw=40, logz=-12.29, remainder_fraction=15.9646%, Lmin=-5.49, Lmax=-4.88
11:18:08 [ultranest] [DEBUG] iteration=3475, ncalls=14642, regioncalls=603440, ndraw=40, logz=-12.29, remainder_fraction=15.9276%, Lmin=-5.49, Lmax=-4.88
11:18:08 [ultranest] [DEBUG] iteration=3476, ncalls=14645, regioncalls=603560, ndraw=40, logz=-12.29, remainder_fraction=15.9045%, Lmin=-5.49, Lmax=-4.88
11:18:09 [ultranest] [DEBUG] iteration=3477, ncalls=14653, regioncalls=603880, ndraw=40, logz=-12.29, remainder_fraction=15.8690%, Lmin=-5.49, Lmax=-4.88
11:18:09 [ultranest] [DEBUG] iteration=3479, ncalls=14659, regioncalls=604120, ndraw=40, logz=-12.29, remainder_fraction=15.8045%, Lmin=-5.48, Lmax=-4.88
11:18:09 [ultranest] [DEBUG] iteration=3480, ncalls=14661, regioncalls=604200, ndraw=40, logz=-12.29, remainder_fraction=15.7826%, Lmin=-5.48, Lmax=-4.88
11:18:10 [ultranest] [DEBUG] iteration=3481, ncalls=14670, regioncalls=604560, ndraw=40, logz=-12.28, remainder_fraction=15.7456%, Lmin=-5.48, Lmax=-4.88
11:18:10 [ultranest] [DEBUG] iteration=3483, ncalls=14675, regioncalls=604760, ndraw=40, logz=-12.28, remainder_fraction=15.6889%, Lmin=-5.48, Lmax=-4.88
11:18:10 [ultranest] [DEBUG] iteration=3484, ncalls=14677, regioncalls=604840, ndraw=40, logz=-12.28, remainder_fraction=15.6554%, Lmin=-5.48, Lmax=-4.88
11:18:10 [ultranest] [DEBUG] iteration=3485, ncalls=14680, regioncalls=604960, ndraw=40, logz=-12.28, remainder_fraction=15.6339%, Lmin=-5.48, Lmax=-4.88
11:18:11 [ultranest] [DEBUG] iteration=3487, ncalls=14694, regioncalls=605520, ndraw=40, logz=-12.28, remainder_fraction=15.5704%, Lmin=-5.47, Lmax=-4.88
11:18:11 [ultranest] [DEBUG] iteration=3488, ncalls=14697, regioncalls=605640, ndraw=40, logz=-12.28, remainder_fraction=15.5343%, Lmin=-5.47, Lmax=-4.88
11:18:11 [ultranest] [DEBUG] iteration=3489, ncalls=14699, regioncalls=605720, ndraw=40, logz=-12.28, remainder_fraction=15.5128%, Lmin=-5.47, Lmax=-4.88
11:18:11 [ultranest] [DEBUG] iteration=3490, ncalls=14706, regioncalls=606000, ndraw=40, logz=-12.28, remainder_fraction=15.4849%, Lmin=-5.47, Lmax=-4.88
11:18:12 [ultranest] [DEBUG] iteration=3491, ncalls=14719, regioncalls=606520, ndraw=40, logz=-12.28, remainder_fraction=15.4482%, Lmin=-5.47, Lmax=-4.88
11:18:12 [ultranest] [DEBUG] iteration=3492, ncalls=14723, regioncalls=606680, ndraw=40, logz=-12.28, remainder_fraction=15.4120%, Lmin=-5.47, Lmax=-4.88
11:18:13 [ultranest] [DEBUG] iteration=3494, ncalls=14730, regioncalls=606960, ndraw=40, logz=-12.28, remainder_fraction=15.3612%, Lmin=-5.46, Lmax=-4.88
11:18:13 [ultranest] [DEBUG] iteration=3495, ncalls=14734, regioncalls=607120, ndraw=40, logz=-12.28, remainder_fraction=15.3244%, Lmin=-5.46, Lmax=-4.88
11:18:13 [ultranest] [DEBUG] iteration=3496, ncalls=14745, regioncalls=607560, ndraw=40, logz=-12.28, remainder_fraction=15.2915%, Lmin=-5.46, Lmax=-4.88
11:18:13 [ultranest] [DEBUG] iteration=3497, ncalls=14747, regioncalls=607640, ndraw=40, logz=-12.28, remainder_fraction=15.2579%, Lmin=-5.46, Lmax=-4.88
11:18:14 [ultranest] [DEBUG] iteration=3498, ncalls=14762, regioncalls=608240, ndraw=40, logz=-12.28, remainder_fraction=15.2218%, Lmin=-5.46, Lmax=-4.88
11:18:14 [ultranest] [DEBUG] iteration=3499, ncalls=14766, regioncalls=608400, ndraw=40, logz=-12.28, remainder_fraction=15.1906%, Lmin=-5.46, Lmax=-4.88
11:18:15 [ultranest] [DEBUG] iteration=3500, ncalls=14777, regioncalls=609160, ndraw=40, logz=-12.28, remainder_fraction=15.1586%, Lmin=-5.46, Lmax=-4.88
11:18:15 [ultranest] [DEBUG] iteration=3501, ncalls=14781, regioncalls=609360, ndraw=40, logz=-12.28, remainder_fraction=15.1263%, Lmin=-5.46, Lmax=-4.88
11:18:15 [ultranest] [DEBUG] iteration=3502, ncalls=14785, regioncalls=609520, ndraw=40, logz=-12.28, remainder_fraction=15.0964%, Lmin=-5.46, Lmax=-4.88
11:18:15 [ultranest] [DEBUG] iteration=3503, ncalls=14788, regioncalls=609640, ndraw=40, logz=-12.28, remainder_fraction=15.0691%, Lmin=-5.46, Lmax=-4.88
11:18:16 [ultranest] [DEBUG] iteration=3504, ncalls=14795, regioncalls=609920, ndraw=40, logz=-12.28, remainder_fraction=15.0393%, Lmin=-5.46, Lmax=-4.88
11:18:16 [ultranest] [DEBUG] iteration=3505, ncalls=14797, regioncalls=610000, ndraw=40, logz=-12.28, remainder_fraction=15.0081%, Lmin=-5.46, Lmax=-4.88
11:18:16 [ultranest] [DEBUG] iteration=3506, ncalls=14804, regioncalls=610280, ndraw=40, logz=-12.28, remainder_fraction=14.9778%, Lmin=-5.45, Lmax=-4.88
11:18:16 [ultranest] [DEBUG] iteration=3507, ncalls=14806, regioncalls=610360, ndraw=40, logz=-12.28, remainder_fraction=14.9550%, Lmin=-5.45, Lmax=-4.88
11:18:17 [ultranest] [DEBUG] iteration=3508, ncalls=14815, regioncalls=610840, ndraw=40, logz=-12.28, remainder_fraction=14.9231%, Lmin=-5.45, Lmax=-4.88
11:18:17 [ultranest] [DEBUG] iteration=3509, ncalls=14818, regioncalls=610960, ndraw=40, logz=-12.27, remainder_fraction=14.8870%, Lmin=-5.45, Lmax=-4.88
11:18:17 [ultranest] [DEBUG] iteration=3510, ncalls=14822, regioncalls=611120, ndraw=40, logz=-12.27, remainder_fraction=14.8574%, Lmin=-5.45, Lmax=-4.88
11:18:18 [ultranest] [DEBUG] iteration=3511, ncalls=14843, regioncalls=611960, ndraw=40, logz=-12.27, remainder_fraction=14.8230%, Lmin=-5.45, Lmax=-4.88
11:18:19 [ultranest] [DEBUG] iteration=3512, ncalls=14847, regioncalls=612120, ndraw=40, logz=-12.27, remainder_fraction=14.7991%, Lmin=-5.45, Lmax=-4.88
11:18:19 [ultranest] [DEBUG] iteration=3513, ncalls=14856, regioncalls=612480, ndraw=40, logz=-12.27, remainder_fraction=14.7642%, Lmin=-5.45, Lmax=-4.88
11:18:19 [ultranest] [DEBUG] iteration=3514, ncalls=14858, regioncalls=612560, ndraw=40, logz=-12.27, remainder_fraction=14.7367%, Lmin=-5.45, Lmax=-4.88
11:18:20 [ultranest] [DEBUG] iteration=3515, ncalls=14865, regioncalls=612840, ndraw=40, logz=-12.27, remainder_fraction=14.7071%, Lmin=-5.45, Lmax=-4.88
11:18:20 [ultranest] [DEBUG] iteration=3517, ncalls=14870, regioncalls=613040, ndraw=40, logz=-12.27, remainder_fraction=14.6370%, Lmin=-5.45, Lmax=-4.88
11:18:20 [ultranest] [DEBUG] iteration=3518, ncalls=14873, regioncalls=613160, ndraw=40, logz=-12.27, remainder_fraction=14.6024%, Lmin=-5.45, Lmax=-4.88
11:18:20 [ultranest] [DEBUG] iteration=3519, ncalls=14880, regioncalls=613440, ndraw=40, logz=-12.27, remainder_fraction=14.5776%, Lmin=-5.45, Lmax=-4.88
11:18:20 [ultranest] [DEBUG] iteration=3520, ncalls=14884, regioncalls=613600, ndraw=40, logz=-12.27, remainder_fraction=14.5486%, Lmin=-5.45, Lmax=-4.88
11:18:21 [ultranest] [DEBUG] iteration=3521, ncalls=14892, regioncalls=613920, ndraw=40, logz=-12.27, remainder_fraction=14.5155%, Lmin=-5.44, Lmax=-4.88
11:18:21 [ultranest] [DEBUG] iteration=3522, ncalls=14900, regioncalls=614240, ndraw=40, logz=-12.27, remainder_fraction=14.4855%, Lmin=-5.44, Lmax=-4.88
11:18:22 [ultranest] [DEBUG] iteration=3525, ncalls=14907, regioncalls=614520, ndraw=40, logz=-12.27, remainder_fraction=14.4034%, Lmin=-5.44, Lmax=-4.88
11:18:22 [ultranest] [DEBUG] iteration=3526, ncalls=14910, regioncalls=614640, ndraw=40, logz=-12.27, remainder_fraction=14.3725%, Lmin=-5.44, Lmax=-4.88
11:18:22 [ultranest] [DEBUG] iteration=3527, ncalls=14919, regioncalls=615000, ndraw=40, logz=-12.27, remainder_fraction=14.3397%, Lmin=-5.44, Lmax=-4.88
11:18:23 [ultranest] [DEBUG] iteration=3528, ncalls=14935, regioncalls=615640, ndraw=40, logz=-12.27, remainder_fraction=14.3070%, Lmin=-5.44, Lmax=-4.88
11:18:23 [ultranest] [DEBUG] iteration=3529, ncalls=14939, regioncalls=615800, ndraw=40, logz=-12.27, remainder_fraction=14.2863%, Lmin=-5.44, Lmax=-4.88
11:18:24 [ultranest] [DEBUG] iteration=3531, ncalls=14944, regioncalls=616000, ndraw=40, logz=-12.27, remainder_fraction=14.2295%, Lmin=-5.43, Lmax=-4.88
11:18:24 [ultranest] [DEBUG] iteration=3532, ncalls=14948, regioncalls=616160, ndraw=40, logz=-12.27, remainder_fraction=14.1969%, Lmin=-5.43, Lmax=-4.88
11:18:24 [ultranest] [DEBUG] iteration=3533, ncalls=14955, regioncalls=616440, ndraw=40, logz=-12.27, remainder_fraction=14.1724%, Lmin=-5.43, Lmax=-4.88
11:18:24 [ultranest] [DEBUG] iteration=3534, ncalls=14958, regioncalls=616600, ndraw=40, logz=-12.27, remainder_fraction=14.1510%, Lmin=-5.43, Lmax=-4.88
11:18:25 [ultranest] [DEBUG] iteration=3535, ncalls=14972, regioncalls=617160, ndraw=40, logz=-12.27, remainder_fraction=14.1278%, Lmin=-5.43, Lmax=-4.88
11:18:26 [ultranest] [DEBUG] iteration=3536, ncalls=14984, regioncalls=617640, ndraw=40, logz=-12.27, remainder_fraction=14.0941%, Lmin=-5.43, Lmax=-4.88
11:18:26 [ultranest] [DEBUG] iteration=3537, ncalls=14992, regioncalls=617960, ndraw=40, logz=-12.26, remainder_fraction=14.0690%, Lmin=-5.43, Lmax=-4.88
11:18:26 [ultranest] [DEBUG] iteration=3538, ncalls=14998, regioncalls=618200, ndraw=40, logz=-12.26, remainder_fraction=14.0438%, Lmin=-5.43, Lmax=-4.88
11:18:26 [ultranest] [DEBUG] iteration=3540, ncalls=15000, regioncalls=618280, ndraw=40, logz=-12.26, remainder_fraction=13.9864%, Lmin=-5.43, Lmax=-4.88
11:18:27 [ultranest] [DEBUG] iteration=3542, ncalls=15005, regioncalls=618480, ndraw=40, logz=-12.26, remainder_fraction=13.9298%, Lmin=-5.42, Lmax=-4.88
11:18:27 [ultranest] [DEBUG] iteration=3544, ncalls=15010, regioncalls=618680, ndraw=40, logz=-12.26, remainder_fraction=13.8689%, Lmin=-5.42, Lmax=-4.88
11:18:27 [ultranest] [DEBUG] iteration=3545, ncalls=15012, regioncalls=618760, ndraw=40, logz=-12.26, remainder_fraction=13.8381%, Lmin=-5.42, Lmax=-4.88
11:18:27 [ultranest] [DEBUG] iteration=3546, ncalls=15014, regioncalls=618840, ndraw=40, logz=-12.26, remainder_fraction=13.8213%, Lmin=-5.42, Lmax=-4.88
11:18:27 [ultranest] [DEBUG] iteration=3547, ncalls=15019, regioncalls=619040, ndraw=40, logz=-12.26, remainder_fraction=13.7923%, Lmin=-5.42, Lmax=-4.88
11:18:28 [ultranest] [DEBUG] iteration=3548, ncalls=15026, regioncalls=619320, ndraw=40, logz=-12.26, remainder_fraction=13.7668%, Lmin=-5.42, Lmax=-4.88
11:18:28 [ultranest] [DEBUG] iteration=3549, ncalls=15032, regioncalls=619560, ndraw=40, logz=-12.26, remainder_fraction=13.7354%, Lmin=-5.42, Lmax=-4.88
11:18:28 [ultranest] [DEBUG] iteration=3550, ncalls=15036, regioncalls=619720, ndraw=40, logz=-12.26, remainder_fraction=13.7047%, Lmin=-5.42, Lmax=-4.88
11:18:28 [ultranest] [DEBUG] iteration=3551, ncalls=15040, regioncalls=619880, ndraw=40, logz=-12.26, remainder_fraction=13.6772%, Lmin=-5.42, Lmax=-4.88
11:18:29 [ultranest] [DEBUG] iteration=3552, ncalls=15055, regioncalls=620480, ndraw=40, logz=-12.26, remainder_fraction=13.6522%, Lmin=-5.42, Lmax=-4.88
11:18:30 [ultranest] [DEBUG] iteration=3553, ncalls=15066, regioncalls=620920, ndraw=40, logz=-12.26, remainder_fraction=13.6218%, Lmin=-5.42, Lmax=-4.88
11:18:30 [ultranest] [DEBUG] iteration=3554, ncalls=15071, regioncalls=621120, ndraw=40, logz=-12.26, remainder_fraction=13.5946%, Lmin=-5.42, Lmax=-4.88
11:18:30 [ultranest] [DEBUG] iteration=3555, ncalls=15075, regioncalls=621280, ndraw=40, logz=-12.26, remainder_fraction=13.5639%, Lmin=-5.41, Lmax=-4.88
11:18:30 [ultranest] [DEBUG] iteration=3556, ncalls=15080, regioncalls=621480, ndraw=40, logz=-12.26, remainder_fraction=13.5346%, Lmin=-5.41, Lmax=-4.88
11:18:31 [ultranest] [DEBUG] iteration=3557, ncalls=15083, regioncalls=621600, ndraw=40, logz=-12.26, remainder_fraction=13.5110%, Lmin=-5.41, Lmax=-4.88
11:18:31 [ultranest] [DEBUG] iteration=3558, ncalls=15093, regioncalls=622000, ndraw=40, logz=-12.26, remainder_fraction=13.4798%, Lmin=-5.41, Lmax=-4.88
11:18:31 [ultranest] [DEBUG] iteration=3559, ncalls=15100, regioncalls=622280, ndraw=40, logz=-12.26, remainder_fraction=13.4520%, Lmin=-5.41, Lmax=-4.88
11:18:32 [ultranest] [DEBUG] iteration=3560, ncalls=15108, regioncalls=622600, ndraw=40, logz=-12.26, remainder_fraction=13.4204%, Lmin=-5.41, Lmax=-4.88
11:18:32 [ultranest] [DEBUG] iteration=3561, ncalls=15112, regioncalls=622760, ndraw=40, logz=-12.26, remainder_fraction=13.4013%, Lmin=-5.41, Lmax=-4.88
11:18:32 [ultranest] [DEBUG] iteration=3562, ncalls=15115, regioncalls=622880, ndraw=40, logz=-12.26, remainder_fraction=13.3724%, Lmin=-5.41, Lmax=-4.88
11:18:33 [ultranest] [DEBUG] iteration=3563, ncalls=15133, regioncalls=623600, ndraw=40, logz=-12.26, remainder_fraction=13.3398%, Lmin=-5.41, Lmax=-4.88
11:18:34 [ultranest] [DEBUG] iteration=3564, ncalls=15158, regioncalls=624600, ndraw=40, logz=-12.26, remainder_fraction=13.3196%, Lmin=-5.41, Lmax=-4.88
11:18:35 [ultranest] [DEBUG] iteration=3565, ncalls=15163, regioncalls=624800, ndraw=40, logz=-12.26, remainder_fraction=13.3001%, Lmin=-5.41, Lmax=-4.88
11:18:35 [ultranest] [DEBUG] iteration=3567, ncalls=15177, regioncalls=625360, ndraw=40, logz=-12.26, remainder_fraction=13.2389%, Lmin=-5.41, Lmax=-4.88
11:18:36 [ultranest] [DEBUG] iteration=3568, ncalls=15187, regioncalls=625760, ndraw=40, logz=-12.25, remainder_fraction=13.2074%, Lmin=-5.40, Lmax=-4.88
11:18:36 [ultranest] [DEBUG] iteration=3569, ncalls=15189, regioncalls=625840, ndraw=40, logz=-12.25, remainder_fraction=13.1842%, Lmin=-5.40, Lmax=-4.88
11:18:36 [ultranest] [DEBUG] iteration=3570, ncalls=15191, regioncalls=625920, ndraw=40, logz=-12.25, remainder_fraction=13.1600%, Lmin=-5.40, Lmax=-4.88
11:18:36 [ultranest] [DEBUG] iteration=3571, ncalls=15201, regioncalls=626320, ndraw=40, logz=-12.25, remainder_fraction=13.1351%, Lmin=-5.40, Lmax=-4.88
11:18:37 [ultranest] [DEBUG] iteration=3572, ncalls=15206, regioncalls=626520, ndraw=40, logz=-12.25, remainder_fraction=13.1081%, Lmin=-5.40, Lmax=-4.88
11:18:37 [ultranest] [DEBUG] iteration=3573, ncalls=15209, regioncalls=626640, ndraw=40, logz=-12.25, remainder_fraction=13.0763%, Lmin=-5.40, Lmax=-4.88
11:18:37 [ultranest] [DEBUG] iteration=3574, ncalls=15213, regioncalls=626800, ndraw=40, logz=-12.25, remainder_fraction=13.0550%, Lmin=-5.40, Lmax=-4.88
11:18:37 [ultranest] [DEBUG] iteration=3575, ncalls=15216, regioncalls=626920, ndraw=40, logz=-12.25, remainder_fraction=13.0303%, Lmin=-5.40, Lmax=-4.88
11:18:39 [ultranest] [DEBUG] iteration=3576, ncalls=15249, regioncalls=628240, ndraw=40, logz=-12.25, remainder_fraction=12.9994%, Lmin=-5.40, Lmax=-4.88
11:18:39 [ultranest] [DEBUG] iteration=3577, ncalls=15261, regioncalls=628720, ndraw=40, logz=-12.25, remainder_fraction=12.9730%, Lmin=-5.40, Lmax=-4.88
11:18:40 [ultranest] [DEBUG] iteration=3578, ncalls=15281, regioncalls=629520, ndraw=40, logz=-12.25, remainder_fraction=12.9468%, Lmin=-5.40, Lmax=-4.88
11:18:41 [ultranest] [DEBUG] iteration=3579, ncalls=15285, regioncalls=629680, ndraw=40, logz=-12.25, remainder_fraction=12.9229%, Lmin=-5.40, Lmax=-4.88
11:18:41 [ultranest] [DEBUG] iteration=3580, ncalls=15293, regioncalls=630000, ndraw=40, logz=-12.25, remainder_fraction=12.8971%, Lmin=-5.40, Lmax=-4.88
11:18:42 [ultranest] [DEBUG] iteration=3582, ncalls=15316, regioncalls=630920, ndraw=40, logz=-12.25, remainder_fraction=12.8439%, Lmin=-5.39, Lmax=-4.88
11:18:43 [ultranest] [DEBUG] iteration=3584, ncalls=15333, regioncalls=631600, ndraw=40, logz=-12.25, remainder_fraction=12.7857%, Lmin=-5.39, Lmax=-4.88
11:18:43 [ultranest] [DEBUG] iteration=3585, ncalls=15335, regioncalls=631680, ndraw=40, logz=-12.25, remainder_fraction=12.7547%, Lmin=-5.39, Lmax=-4.88
11:18:43 [ultranest] [DEBUG] iteration=3586, ncalls=15338, regioncalls=631800, ndraw=40, logz=-12.25, remainder_fraction=12.7263%, Lmin=-5.39, Lmax=-4.88
11:18:43 [ultranest] [DEBUG] iteration=3587, ncalls=15340, regioncalls=631880, ndraw=40, logz=-12.25, remainder_fraction=12.6953%, Lmin=-5.39, Lmax=-4.88
11:18:44 [ultranest] [DEBUG] iteration=3588, ncalls=15343, regioncalls=632000, ndraw=40, logz=-12.25, remainder_fraction=12.6673%, Lmin=-5.39, Lmax=-4.88
11:18:44 [ultranest] [DEBUG] iteration=3590, ncalls=15345, regioncalls=632080, ndraw=40, logz=-12.25, remainder_fraction=12.6068%, Lmin=-5.39, Lmax=-4.88
11:18:44 [ultranest] [DEBUG] iteration=3591, ncalls=15347, regioncalls=632160, ndraw=40, logz=-12.25, remainder_fraction=12.5769%, Lmin=-5.39, Lmax=-4.88
11:18:44 [ultranest] [DEBUG] iteration=3592, ncalls=15351, regioncalls=632320, ndraw=40, logz=-12.25, remainder_fraction=12.5488%, Lmin=-5.39, Lmax=-4.88
11:18:45 [ultranest] [DEBUG] iteration=3593, ncalls=15370, regioncalls=633080, ndraw=40, logz=-12.25, remainder_fraction=12.5196%, Lmin=-5.38, Lmax=-4.88
11:18:45 [ultranest] [DEBUG] iteration=3594, ncalls=15377, regioncalls=633360, ndraw=40, logz=-12.25, remainder_fraction=12.4894%, Lmin=-5.38, Lmax=-4.88
11:18:46 [ultranest] [DEBUG] iteration=3595, ncalls=15398, regioncalls=634200, ndraw=40, logz=-12.25, remainder_fraction=12.4611%, Lmin=-5.38, Lmax=-4.88
11:18:47 [ultranest] [DEBUG] iteration=3596, ncalls=15406, regioncalls=634680, ndraw=40, logz=-12.25, remainder_fraction=12.4315%, Lmin=-5.38, Lmax=-4.88
11:18:47 [ultranest] [DEBUG] iteration=3597, ncalls=15409, regioncalls=634800, ndraw=40, logz=-12.25, remainder_fraction=12.4017%, Lmin=-5.38, Lmax=-4.88
11:18:48 [ultranest] [DEBUG] iteration=3598, ncalls=15434, regioncalls=635800, ndraw=40, logz=-12.25, remainder_fraction=12.3714%, Lmin=-5.38, Lmax=-4.88
11:18:48 [ultranest] [DEBUG] iteration=3599, ncalls=15439, regioncalls=636000, ndraw=40, logz=-12.25, remainder_fraction=12.3430%, Lmin=-5.38, Lmax=-4.88
11:18:49 [ultranest] [DEBUG] iteration=3600, ncalls=15441, regioncalls=636120, ndraw=40, logz=-12.25, remainder_fraction=12.3163%, Lmin=-5.38, Lmax=-4.88
11:18:49 [ultranest] [DEBUG] iteration=3602, ncalls=15446, regioncalls=636320, ndraw=40, logz=-12.24, remainder_fraction=12.2619%, Lmin=-5.38, Lmax=-4.88
11:18:49 [ultranest] [DEBUG] iteration=3604, ncalls=15453, regioncalls=636600, ndraw=40, logz=-12.24, remainder_fraction=12.2153%, Lmin=-5.38, Lmax=-4.88
11:18:50 [ultranest] [DEBUG] iteration=3606, ncalls=15467, regioncalls=637160, ndraw=40, logz=-12.24, remainder_fraction=12.1558%, Lmin=-5.38, Lmax=-4.88
11:18:50 [ultranest] [DEBUG] iteration=3607, ncalls=15472, regioncalls=637360, ndraw=40, logz=-12.24, remainder_fraction=12.1317%, Lmin=-5.38, Lmax=-4.88
11:18:51 [ultranest] [DEBUG] iteration=3608, ncalls=15483, regioncalls=637800, ndraw=40, logz=-12.24, remainder_fraction=12.1024%, Lmin=-5.38, Lmax=-4.88
11:18:51 [ultranest] [DEBUG] iteration=3609, ncalls=15491, regioncalls=638120, ndraw=40, logz=-12.24, remainder_fraction=12.0756%, Lmin=-5.38, Lmax=-4.88
11:18:51 [ultranest] [DEBUG] iteration=3610, ncalls=15495, regioncalls=638280, ndraw=40, logz=-12.24, remainder_fraction=12.0501%, Lmin=-5.38, Lmax=-4.88
11:18:52 [ultranest] [DEBUG] iteration=3611, ncalls=15507, regioncalls=638760, ndraw=40, logz=-12.24, remainder_fraction=12.0292%, Lmin=-5.37, Lmax=-4.88
11:18:52 [ultranest] [DEBUG] iteration=3612, ncalls=15512, regioncalls=638960, ndraw=40, logz=-12.24, remainder_fraction=12.0039%, Lmin=-5.37, Lmax=-4.88
11:18:52 [ultranest] [DEBUG] iteration=3613, ncalls=15515, regioncalls=639080, ndraw=40, logz=-12.24, remainder_fraction=11.9753%, Lmin=-5.37, Lmax=-4.88
11:18:53 [ultranest] [DEBUG] iteration=3614, ncalls=15523, regioncalls=639400, ndraw=40, logz=-12.24, remainder_fraction=11.9491%, Lmin=-5.37, Lmax=-4.88
11:18:53 [ultranest] [DEBUG] iteration=3615, ncalls=15527, regioncalls=639560, ndraw=40, logz=-12.24, remainder_fraction=11.9300%, Lmin=-5.37, Lmax=-4.88
11:18:53 [ultranest] [DEBUG] iteration=3616, ncalls=15536, regioncalls=639920, ndraw=40, logz=-12.24, remainder_fraction=11.9062%, Lmin=-5.37, Lmax=-4.88
11:18:54 [ultranest] [DEBUG] iteration=3617, ncalls=15545, regioncalls=640280, ndraw=40, logz=-12.24, remainder_fraction=11.8843%, Lmin=-5.37, Lmax=-4.88
11:18:54 [ultranest] [DEBUG] iteration=3619, ncalls=15557, regioncalls=640760, ndraw=40, logz=-12.24, remainder_fraction=11.8350%, Lmin=-5.37, Lmax=-4.88
11:18:55 [ultranest] [DEBUG] iteration=3620, ncalls=15561, regioncalls=640920, ndraw=40, logz=-12.24, remainder_fraction=11.8073%, Lmin=-5.37, Lmax=-4.88
11:18:55 [ultranest] [DEBUG] iteration=3622, ncalls=15567, regioncalls=641160, ndraw=40, logz=-12.24, remainder_fraction=11.7614%, Lmin=-5.37, Lmax=-4.88
11:18:55 [ultranest] [DEBUG] iteration=3624, ncalls=15574, regioncalls=641440, ndraw=40, logz=-12.24, remainder_fraction=11.7110%, Lmin=-5.37, Lmax=-4.88
11:18:55 [ultranest] [DEBUG] iteration=3625, ncalls=15577, regioncalls=641560, ndraw=40, logz=-12.24, remainder_fraction=11.6886%, Lmin=-5.37, Lmax=-4.88
11:18:56 [ultranest] [DEBUG] iteration=3626, ncalls=15580, regioncalls=641680, ndraw=40, logz=-12.24, remainder_fraction=11.6639%, Lmin=-5.37, Lmax=-4.88
11:18:56 [ultranest] [DEBUG] iteration=3628, ncalls=15582, regioncalls=641760, ndraw=40, logz=-12.24, remainder_fraction=11.6144%, Lmin=-5.37, Lmax=-4.88
11:18:56 [ultranest] [DEBUG] iteration=3630, ncalls=15586, regioncalls=641920, ndraw=40, logz=-12.24, remainder_fraction=11.5668%, Lmin=-5.37, Lmax=-4.88
11:18:56 [ultranest] [DEBUG] iteration=3632, ncalls=15590, regioncalls=642080, ndraw=40, logz=-12.24, remainder_fraction=11.5188%, Lmin=-5.36, Lmax=-4.88
11:18:56 [ultranest] [DEBUG] iteration=3633, ncalls=15597, regioncalls=642360, ndraw=40, logz=-12.24, remainder_fraction=11.4949%, Lmin=-5.36, Lmax=-4.88
11:18:57 [ultranest] [DEBUG] iteration=3634, ncalls=15604, regioncalls=642640, ndraw=40, logz=-12.24, remainder_fraction=11.4673%, Lmin=-5.36, Lmax=-4.88
11:18:57 [ultranest] [DEBUG] iteration=3635, ncalls=15610, regioncalls=642880, ndraw=40, logz=-12.24, remainder_fraction=11.4405%, Lmin=-5.36, Lmax=-4.88
11:18:58 [ultranest] [DEBUG] iteration=3636, ncalls=15625, regioncalls=643480, ndraw=40, logz=-12.23, remainder_fraction=11.4128%, Lmin=-5.36, Lmax=-4.88
11:18:58 [ultranest] [DEBUG] iteration=3637, ncalls=15634, regioncalls=643840, ndraw=40, logz=-12.23, remainder_fraction=11.3964%, Lmin=-5.36, Lmax=-4.88
11:18:59 [ultranest] [DEBUG] iteration=3639, ncalls=15649, regioncalls=644440, ndraw=40, logz=-12.23, remainder_fraction=11.3474%, Lmin=-5.36, Lmax=-4.88
11:18:59 [ultranest] [DEBUG] iteration=3640, ncalls=15652, regioncalls=644560, ndraw=40, logz=-12.23, remainder_fraction=11.3198%, Lmin=-5.36, Lmax=-4.88
11:18:59 [ultranest] [DEBUG] iteration=3641, ncalls=15654, regioncalls=644640, ndraw=40, logz=-12.23, remainder_fraction=11.2928%, Lmin=-5.36, Lmax=-4.88
11:18:59 [ultranest] [DEBUG] iteration=3642, ncalls=15656, regioncalls=644720, ndraw=40, logz=-12.23, remainder_fraction=11.2654%, Lmin=-5.36, Lmax=-4.83
11:19:00 [ultranest] [DEBUG] iteration=3643, ncalls=15659, regioncalls=644840, ndraw=40, logz=-12.23, remainder_fraction=11.2384%, Lmin=-5.36, Lmax=-4.83
11:19:00 [ultranest] [DEBUG] iteration=3645, ncalls=15668, regioncalls=645200, ndraw=40, logz=-12.23, remainder_fraction=11.2009%, Lmin=-5.36, Lmax=-4.83
11:19:00 [ultranest] [DEBUG] iteration=3646, ncalls=15673, regioncalls=645400, ndraw=40, logz=-12.23, remainder_fraction=11.1854%, Lmin=-5.36, Lmax=-4.83
11:19:01 [ultranest] [DEBUG] iteration=3647, ncalls=15692, regioncalls=646160, ndraw=40, logz=-12.23, remainder_fraction=11.1645%, Lmin=-5.36, Lmax=-4.83
11:19:01 [ultranest] [DEBUG] iteration=3650, ncalls=15698, regioncalls=646400, ndraw=40, logz=-12.23, remainder_fraction=11.0940%, Lmin=-5.35, Lmax=-4.83
11:19:02 [ultranest] [DEBUG] iteration=3651, ncalls=15705, regioncalls=646680, ndraw=40, logz=-12.23, remainder_fraction=11.0673%, Lmin=-5.35, Lmax=-4.83
11:19:02 [ultranest] [DEBUG] iteration=3652, ncalls=15713, regioncalls=647000, ndraw=40, logz=-12.23, remainder_fraction=11.0456%, Lmin=-5.35, Lmax=-4.83
11:19:03 [ultranest] [DEBUG] iteration=3653, ncalls=15720, regioncalls=647280, ndraw=40, logz=-12.23, remainder_fraction=11.0217%, Lmin=-5.35, Lmax=-4.83
11:19:03 [ultranest] [DEBUG] iteration=3655, ncalls=15728, regioncalls=647600, ndraw=40, logz=-12.23, remainder_fraction=10.9798%, Lmin=-5.35, Lmax=-4.83
11:19:04 [ultranest] [DEBUG] iteration=3656, ncalls=15740, regioncalls=648080, ndraw=40, logz=-12.23, remainder_fraction=10.9549%, Lmin=-5.35, Lmax=-4.83
11:19:04 [ultranest] [DEBUG] iteration=3657, ncalls=15745, regioncalls=648280, ndraw=40, logz=-12.23, remainder_fraction=10.9288%, Lmin=-5.35, Lmax=-4.83
11:19:04 [ultranest] [DEBUG] iteration=3659, ncalls=15753, regioncalls=648600, ndraw=40, logz=-12.23, remainder_fraction=10.8818%, Lmin=-5.35, Lmax=-4.83
11:19:04 [ultranest] [DEBUG] iteration=3660, ncalls=15757, regioncalls=648760, ndraw=40, logz=-12.23, remainder_fraction=10.8642%, Lmin=-5.35, Lmax=-4.83
11:19:05 [ultranest] [DEBUG] iteration=3661, ncalls=15762, regioncalls=648960, ndraw=40, logz=-12.23, remainder_fraction=10.8386%, Lmin=-5.35, Lmax=-4.83
11:19:05 [ultranest] [DEBUG] iteration=3663, ncalls=15768, regioncalls=649200, ndraw=40, logz=-12.23, remainder_fraction=10.7952%, Lmin=-5.35, Lmax=-4.83
11:19:05 [ultranest] [DEBUG] iteration=3664, ncalls=15776, regioncalls=649520, ndraw=40, logz=-12.23, remainder_fraction=10.7695%, Lmin=-5.35, Lmax=-4.83
11:19:06 [ultranest] [DEBUG] iteration=3666, ncalls=15781, regioncalls=649720, ndraw=40, logz=-12.23, remainder_fraction=10.7254%, Lmin=-5.35, Lmax=-4.83
11:19:06 [ultranest] [DEBUG] iteration=3667, ncalls=15784, regioncalls=649840, ndraw=40, logz=-12.23, remainder_fraction=10.7009%, Lmin=-5.35, Lmax=-4.83
11:19:06 [ultranest] [DEBUG] iteration=3669, ncalls=15800, regioncalls=650480, ndraw=40, logz=-12.23, remainder_fraction=10.6696%, Lmin=-5.34, Lmax=-4.83
11:19:07 [ultranest] [DEBUG] iteration=3670, ncalls=15804, regioncalls=650640, ndraw=40, logz=-12.23, remainder_fraction=10.6479%, Lmin=-5.34, Lmax=-4.83
11:19:07 [ultranest] [DEBUG] iteration=3671, ncalls=15814, regioncalls=651040, ndraw=40, logz=-12.23, remainder_fraction=10.6273%, Lmin=-5.34, Lmax=-4.83
11:19:08 [ultranest] [DEBUG] iteration=3672, ncalls=15823, regioncalls=651400, ndraw=40, logz=-12.23, remainder_fraction=10.6042%, Lmin=-5.34, Lmax=-4.83
11:19:08 [ultranest] [DEBUG] iteration=3673, ncalls=15827, regioncalls=651560, ndraw=40, logz=-12.23, remainder_fraction=10.5908%, Lmin=-5.34, Lmax=-4.83
11:19:08 [ultranest] [DEBUG] iteration=3674, ncalls=15832, regioncalls=651760, ndraw=40, logz=-12.22, remainder_fraction=10.5666%, Lmin=-5.34, Lmax=-4.83
11:19:09 [ultranest] [DEBUG] iteration=3675, ncalls=15849, regioncalls=652440, ndraw=40, logz=-12.22, remainder_fraction=10.5418%, Lmin=-5.34, Lmax=-4.83
11:19:09 [ultranest] [DEBUG] iteration=3676, ncalls=15852, regioncalls=652560, ndraw=40, logz=-12.22, remainder_fraction=10.5164%, Lmin=-5.34, Lmax=-4.83
11:19:09 [ultranest] [DEBUG] iteration=3677, ncalls=15857, regioncalls=652760, ndraw=40, logz=-12.22, remainder_fraction=10.4913%, Lmin=-5.34, Lmax=-4.83
11:19:10 [ultranest] [DEBUG] iteration=3679, ncalls=15872, regioncalls=653360, ndraw=40, logz=-12.22, remainder_fraction=10.4436%, Lmin=-5.34, Lmax=-4.83
11:19:11 [ultranest] [DEBUG] iteration=3680, ncalls=15879, regioncalls=653640, ndraw=40, logz=-12.22, remainder_fraction=10.4295%, Lmin=-5.34, Lmax=-4.83
11:19:11 [ultranest] [DEBUG] iteration=3682, ncalls=15884, regioncalls=653840, ndraw=40, logz=-12.22, remainder_fraction=10.3801%, Lmin=-5.33, Lmax=-4.83
11:19:11 [ultranest] [DEBUG] iteration=3683, ncalls=15897, regioncalls=654360, ndraw=40, logz=-12.22, remainder_fraction=10.3578%, Lmin=-5.33, Lmax=-4.83
11:19:11 [ultranest] [DEBUG] iteration=3685, ncalls=15899, regioncalls=654440, ndraw=40, logz=-12.22, remainder_fraction=10.3086%, Lmin=-5.33, Lmax=-4.83
11:19:12 [ultranest] [DEBUG] iteration=3687, ncalls=15906, regioncalls=654720, ndraw=40, logz=-12.22, remainder_fraction=10.2636%, Lmin=-5.33, Lmax=-4.83
11:19:12 [ultranest] [DEBUG] iteration=3688, ncalls=15910, regioncalls=654880, ndraw=40, logz=-12.22, remainder_fraction=10.2407%, Lmin=-5.33, Lmax=-4.83
11:19:12 [ultranest] [DEBUG] iteration=3689, ncalls=15916, regioncalls=655120, ndraw=40, logz=-12.22, remainder_fraction=10.2162%, Lmin=-5.33, Lmax=-4.83
11:19:14 [ultranest] [DEBUG] iteration=3690, ncalls=15943, regioncalls=656520, ndraw=40, logz=-12.22, remainder_fraction=10.1968%, Lmin=-5.33, Lmax=-4.83
11:19:15 [ultranest] [DEBUG] iteration=3691, ncalls=15957, regioncalls=657080, ndraw=40, logz=-12.22, remainder_fraction=10.1771%, Lmin=-5.33, Lmax=-4.83
11:19:15 [ultranest] [DEBUG] iteration=3692, ncalls=15963, regioncalls=657320, ndraw=40, logz=-12.22, remainder_fraction=10.1525%, Lmin=-5.33, Lmax=-4.83
11:19:15 [ultranest] [DEBUG] iteration=3693, ncalls=15973, regioncalls=658120, ndraw=40, logz=-12.22, remainder_fraction=10.1282%, Lmin=-5.33, Lmax=-4.83
11:19:16 [ultranest] [DEBUG] iteration=3694, ncalls=15981, regioncalls=658440, ndraw=40, logz=-12.22, remainder_fraction=10.1063%, Lmin=-5.33, Lmax=-4.83
11:19:16 [ultranest] [DEBUG] iteration=3696, ncalls=15988, regioncalls=658720, ndraw=40, logz=-12.22, remainder_fraction=10.0674%, Lmin=-5.33, Lmax=-4.83
11:19:17 [ultranest] [DEBUG] iteration=3697, ncalls=15996, regioncalls=659040, ndraw=40, logz=-12.22, remainder_fraction=10.0429%, Lmin=-5.33, Lmax=-4.83
11:19:17 [ultranest] [DEBUG] iteration=3698, ncalls=16002, regioncalls=659280, ndraw=40, logz=-12.22, remainder_fraction=10.0192%, Lmin=-5.33, Lmax=-4.83
11:19:17 [ultranest] [DEBUG] iteration=3699, ncalls=16006, regioncalls=659440, ndraw=40, logz=-12.22, remainder_fraction=9.9963%, Lmin=-5.32, Lmax=-4.83
11:19:17 [ultranest] [DEBUG] iteration=3701, ncalls=16012, regioncalls=659680, ndraw=40, logz=-12.22, remainder_fraction=9.9517%, Lmin=-5.32, Lmax=-4.83
11:19:18 [ultranest] [DEBUG] iteration=3702, ncalls=16027, regioncalls=660280, ndraw=40, logz=-12.22, remainder_fraction=9.9275%, Lmin=-5.32, Lmax=-4.83
11:19:18 [ultranest] [DEBUG] iteration=3704, ncalls=16033, regioncalls=660520, ndraw=40, logz=-12.22, remainder_fraction=9.8806%, Lmin=-5.32, Lmax=-4.83
11:19:19 [ultranest] [DEBUG] iteration=3705, ncalls=16038, regioncalls=660720, ndraw=40, logz=-12.22, remainder_fraction=9.8608%, Lmin=-5.32, Lmax=-4.83
11:19:19 [ultranest] [DEBUG] iteration=3706, ncalls=16041, regioncalls=660840, ndraw=40, logz=-12.22, remainder_fraction=9.8453%, Lmin=-5.32, Lmax=-4.83
11:19:19 [ultranest] [DEBUG] iteration=3707, ncalls=16045, regioncalls=661000, ndraw=40, logz=-12.22, remainder_fraction=9.8219%, Lmin=-5.32, Lmax=-4.83
11:19:19 [ultranest] [DEBUG] iteration=3708, ncalls=16052, regioncalls=661280, ndraw=40, logz=-12.22, remainder_fraction=9.7983%, Lmin=-5.32, Lmax=-4.83
11:19:20 [ultranest] [DEBUG] iteration=3709, ncalls=16059, regioncalls=661560, ndraw=40, logz=-12.22, remainder_fraction=9.7778%, Lmin=-5.32, Lmax=-4.83
11:19:20 [ultranest] [DEBUG] iteration=3710, ncalls=16070, regioncalls=662000, ndraw=40, logz=-12.22, remainder_fraction=9.7602%, Lmin=-5.32, Lmax=-4.83
11:19:20 [ultranest] [DEBUG] iteration=3711, ncalls=16075, regioncalls=662640, ndraw=40, logz=-12.22, remainder_fraction=9.7455%, Lmin=-5.32, Lmax=-4.83
11:19:21 [ultranest] [DEBUG] iteration=3713, ncalls=16091, regioncalls=663320, ndraw=40, logz=-12.22, remainder_fraction=9.6980%, Lmin=-5.32, Lmax=-4.83
11:19:21 [ultranest] [DEBUG] iteration=3714, ncalls=16093, regioncalls=663400, ndraw=40, logz=-12.22, remainder_fraction=9.6761%, Lmin=-5.31, Lmax=-4.83
11:19:21 [ultranest] [DEBUG] iteration=3716, ncalls=16096, regioncalls=663520, ndraw=40, logz=-12.21, remainder_fraction=9.6385%, Lmin=-5.31, Lmax=-4.83
11:19:22 [ultranest] [DEBUG] iteration=3717, ncalls=16104, regioncalls=663840, ndraw=40, logz=-12.21, remainder_fraction=9.6159%, Lmin=-5.31, Lmax=-4.83
11:19:22 [ultranest] [DEBUG] iteration=3718, ncalls=16107, regioncalls=663960, ndraw=40, logz=-12.21, remainder_fraction=9.5926%, Lmin=-5.31, Lmax=-4.83
11:19:22 [ultranest] [DEBUG] iteration=3720, ncalls=16112, regioncalls=664160, ndraw=40, logz=-12.21, remainder_fraction=9.5517%, Lmin=-5.31, Lmax=-4.83
11:19:23 [ultranest] [DEBUG] iteration=3721, ncalls=16118, regioncalls=664400, ndraw=40, logz=-12.21, remainder_fraction=9.5365%, Lmin=-5.31, Lmax=-4.83
11:19:24 [ultranest] [DEBUG] iteration=3722, ncalls=16141, regioncalls=665320, ndraw=40, logz=-12.21, remainder_fraction=9.5145%, Lmin=-5.31, Lmax=-4.83
11:19:25 [ultranest] [DEBUG] iteration=3723, ncalls=16160, regioncalls=666080, ndraw=40, logz=-12.21, remainder_fraction=9.4911%, Lmin=-5.31, Lmax=-4.83
11:19:25 [ultranest] [DEBUG] iteration=3724, ncalls=16164, regioncalls=666240, ndraw=40, logz=-12.21, remainder_fraction=9.4710%, Lmin=-5.31, Lmax=-4.83
11:19:25 [ultranest] [DEBUG] iteration=3725, ncalls=16168, regioncalls=666400, ndraw=40, logz=-12.21, remainder_fraction=9.4523%, Lmin=-5.31, Lmax=-4.83
11:19:25 [ultranest] [DEBUG] iteration=3727, ncalls=16171, regioncalls=666520, ndraw=40, logz=-12.21, remainder_fraction=9.4170%, Lmin=-5.31, Lmax=-4.83
11:19:26 [ultranest] [DEBUG] iteration=3728, ncalls=16179, regioncalls=667040, ndraw=40, logz=-12.21, remainder_fraction=9.3955%, Lmin=-5.31, Lmax=-4.83
11:19:26 [ultranest] [DEBUG] iteration=3729, ncalls=16181, regioncalls=667120, ndraw=40, logz=-12.21, remainder_fraction=9.3745%, Lmin=-5.31, Lmax=-4.83
11:19:26 [ultranest] [DEBUG] iteration=3730, ncalls=16185, regioncalls=667280, ndraw=40, logz=-12.21, remainder_fraction=9.3526%, Lmin=-5.31, Lmax=-4.83
11:19:27 [ultranest] [DEBUG] iteration=3731, ncalls=16198, regioncalls=667800, ndraw=40, logz=-12.21, remainder_fraction=9.3313%, Lmin=-5.31, Lmax=-4.83
11:19:27 [ultranest] [DEBUG] iteration=3732, ncalls=16200, regioncalls=667880, ndraw=40, logz=-12.21, remainder_fraction=9.3121%, Lmin=-5.31, Lmax=-4.83
11:19:27 [ultranest] [DEBUG] iteration=3733, ncalls=16204, regioncalls=668040, ndraw=40, logz=-12.21, remainder_fraction=9.2906%, Lmin=-5.31, Lmax=-4.83
11:19:28 [ultranest] [DEBUG] iteration=3735, ncalls=16222, regioncalls=668920, ndraw=40, logz=-12.21, remainder_fraction=9.2525%, Lmin=-5.31, Lmax=-4.83
11:19:28 [ultranest] [DEBUG] iteration=3736, ncalls=16228, regioncalls=669160, ndraw=40, logz=-12.21, remainder_fraction=9.2297%, Lmin=-5.31, Lmax=-4.83
11:19:28 [ultranest] [DEBUG] iteration=3737, ncalls=16233, regioncalls=669360, ndraw=40, logz=-12.21, remainder_fraction=9.2081%, Lmin=-5.31, Lmax=-4.83
11:19:29 [ultranest] [DEBUG] iteration=3738, ncalls=16236, regioncalls=669480, ndraw=40, logz=-12.21, remainder_fraction=9.1918%, Lmin=-5.31, Lmax=-4.83
11:19:30 [ultranest] [DEBUG] iteration=3739, ncalls=16255, regioncalls=670240, ndraw=40, logz=-12.21, remainder_fraction=9.1722%, Lmin=-5.31, Lmax=-4.83
11:19:30 [ultranest] [DEBUG] iteration=3740, ncalls=16262, regioncalls=670520, ndraw=40, logz=-12.21, remainder_fraction=9.1497%, Lmin=-5.30, Lmax=-4.83
11:19:30 [ultranest] [DEBUG] iteration=3741, ncalls=16265, regioncalls=670640, ndraw=40, logz=-12.21, remainder_fraction=9.1350%, Lmin=-5.30, Lmax=-4.83
11:19:30 [ultranest] [DEBUG] iteration=3742, ncalls=16276, regioncalls=671080, ndraw=40, logz=-12.21, remainder_fraction=9.1153%, Lmin=-5.30, Lmax=-4.83
11:19:31 [ultranest] [DEBUG] iteration=3743, ncalls=16278, regioncalls=671160, ndraw=40, logz=-12.21, remainder_fraction=9.0948%, Lmin=-5.30, Lmax=-4.83
11:19:31 [ultranest] [DEBUG] iteration=3744, ncalls=16281, regioncalls=671280, ndraw=40, logz=-12.21, remainder_fraction=9.0726%, Lmin=-5.30, Lmax=-4.83
11:19:31 [ultranest] [DEBUG] iteration=3745, ncalls=16296, regioncalls=672040, ndraw=40, logz=-12.21, remainder_fraction=9.0517%, Lmin=-5.30, Lmax=-4.83
11:19:32 [ultranest] [DEBUG] iteration=3746, ncalls=16306, regioncalls=672440, ndraw=40, logz=-12.21, remainder_fraction=9.0316%, Lmin=-5.30, Lmax=-4.83
11:19:33 [ultranest] [DEBUG] iteration=3747, ncalls=16320, regioncalls=673000, ndraw=40, logz=-12.21, remainder_fraction=9.0127%, Lmin=-5.30, Lmax=-4.83
11:19:33 [ultranest] [DEBUG] iteration=3748, ncalls=16322, regioncalls=673080, ndraw=40, logz=-12.21, remainder_fraction=8.9943%, Lmin=-5.30, Lmax=-4.83
11:19:33 [ultranest] [DEBUG] iteration=3749, ncalls=16330, regioncalls=673400, ndraw=40, logz=-12.21, remainder_fraction=8.9725%, Lmin=-5.30, Lmax=-4.83
11:19:33 [ultranest] [DEBUG] iteration=3750, ncalls=16332, regioncalls=673480, ndraw=40, logz=-12.21, remainder_fraction=8.9568%, Lmin=-5.30, Lmax=-4.83
11:19:34 [ultranest] [DEBUG] iteration=3751, ncalls=16337, regioncalls=673680, ndraw=40, logz=-12.21, remainder_fraction=8.9369%, Lmin=-5.30, Lmax=-4.83
11:19:34 [ultranest] [DEBUG] iteration=3752, ncalls=16340, regioncalls=673800, ndraw=40, logz=-12.21, remainder_fraction=8.9171%, Lmin=-5.30, Lmax=-4.83
11:19:34 [ultranest] [DEBUG] iteration=3754, ncalls=16353, regioncalls=674320, ndraw=40, logz=-12.21, remainder_fraction=8.8820%, Lmin=-5.30, Lmax=-4.83
11:19:34 [ultranest] [DEBUG] iteration=3755, ncalls=16356, regioncalls=674440, ndraw=40, logz=-12.21, remainder_fraction=8.8620%, Lmin=-5.30, Lmax=-4.83
11:19:35 [ultranest] [DEBUG] iteration=3756, ncalls=16361, regioncalls=674640, ndraw=40, logz=-12.21, remainder_fraction=8.8404%, Lmin=-5.30, Lmax=-4.83
11:19:35 [ultranest] [DEBUG] iteration=3758, ncalls=16367, regioncalls=674880, ndraw=40, logz=-12.21, remainder_fraction=8.8103%, Lmin=-5.30, Lmax=-4.83
11:19:35 [ultranest] [DEBUG] iteration=3760, ncalls=16373, regioncalls=675160, ndraw=40, logz=-12.21, remainder_fraction=8.7746%, Lmin=-5.30, Lmax=-4.83
11:19:35 [ultranest] [DEBUG] iteration=3761, ncalls=16376, regioncalls=675280, ndraw=40, logz=-12.21, remainder_fraction=8.7537%, Lmin=-5.30, Lmax=-4.83
11:19:36 [ultranest] [DEBUG] iteration=3762, ncalls=16382, regioncalls=675520, ndraw=40, logz=-12.20, remainder_fraction=8.7379%, Lmin=-5.30, Lmax=-4.83
11:19:37 [ultranest] [DEBUG] iteration=3763, ncalls=16397, regioncalls=676120, ndraw=40, logz=-12.20, remainder_fraction=8.7171%, Lmin=-5.30, Lmax=-4.83
11:19:37 [ultranest] [DEBUG] iteration=3765, ncalls=16410, regioncalls=676640, ndraw=40, logz=-12.20, remainder_fraction=8.6903%, Lmin=-5.30, Lmax=-4.83
11:19:38 [ultranest] [DEBUG] iteration=3766, ncalls=16434, regioncalls=677600, ndraw=40, logz=-12.20, remainder_fraction=8.6734%, Lmin=-5.30, Lmax=-4.83
11:19:39 [ultranest] [DEBUG] iteration=3769, ncalls=16439, regioncalls=677800, ndraw=40, logz=-12.20, remainder_fraction=8.6175%, Lmin=-5.30, Lmax=-4.83
11:19:39 [ultranest] [DEBUG] iteration=3770, ncalls=16454, regioncalls=678400, ndraw=40, logz=-12.20, remainder_fraction=8.6046%, Lmin=-5.30, Lmax=-4.83
11:19:40 [ultranest] [DEBUG] iteration=3771, ncalls=16464, regioncalls=678800, ndraw=40, logz=-12.20, remainder_fraction=8.5844%, Lmin=-5.29, Lmax=-4.83
11:19:41 [ultranest] [DEBUG] iteration=3772, ncalls=16489, regioncalls=679920, ndraw=40, logz=-12.20, remainder_fraction=8.5650%, Lmin=-5.29, Lmax=-4.83
11:19:41 [ultranest] [DEBUG] iteration=3774, ncalls=16497, regioncalls=680240, ndraw=40, logz=-12.20, remainder_fraction=8.5279%, Lmin=-5.29, Lmax=-4.83
11:19:42 [ultranest] [DEBUG] iteration=3775, ncalls=16513, regioncalls=680880, ndraw=40, logz=-12.20, remainder_fraction=8.5085%, Lmin=-5.29, Lmax=-4.83
11:19:43 [ultranest] [DEBUG] iteration=3776, ncalls=16520, regioncalls=681160, ndraw=40, logz=-12.20, remainder_fraction=8.4908%, Lmin=-5.29, Lmax=-4.83
11:19:43 [ultranest] [DEBUG] iteration=3777, ncalls=16526, regioncalls=681400, ndraw=40, logz=-12.20, remainder_fraction=8.4703%, Lmin=-5.29, Lmax=-4.83
11:19:43 [ultranest] [DEBUG] iteration=3779, ncalls=16529, regioncalls=681520, ndraw=40, logz=-12.20, remainder_fraction=8.4348%, Lmin=-5.29, Lmax=-4.83
11:19:44 [ultranest] [DEBUG] iteration=3780, ncalls=16536, regioncalls=682360, ndraw=40, logz=-12.20, remainder_fraction=8.4142%, Lmin=-5.29, Lmax=-4.83
11:19:44 [ultranest] [DEBUG] iteration=3782, ncalls=16547, regioncalls=683000, ndraw=40, logz=-12.20, remainder_fraction=8.3811%, Lmin=-5.29, Lmax=-4.83
11:19:44 [ultranest] [DEBUG] iteration=3783, ncalls=16554, regioncalls=683280, ndraw=40, logz=-12.20, remainder_fraction=8.3634%, Lmin=-5.29, Lmax=-4.83
11:19:45 [ultranest] [DEBUG] iteration=3784, ncalls=16570, regioncalls=684040, ndraw=40, logz=-12.20, remainder_fraction=8.3497%, Lmin=-5.29, Lmax=-4.83
11:19:46 [ultranest] [DEBUG] iteration=3785, ncalls=16578, regioncalls=684480, ndraw=40, logz=-12.20, remainder_fraction=8.3303%, Lmin=-5.29, Lmax=-4.83
11:19:46 [ultranest] [DEBUG] iteration=3786, ncalls=16588, regioncalls=685040, ndraw=40, logz=-12.20, remainder_fraction=8.3152%, Lmin=-5.29, Lmax=-4.83
11:19:46 [ultranest] [DEBUG] iteration=3788, ncalls=16594, regioncalls=685480, ndraw=40, logz=-12.20, remainder_fraction=8.2779%, Lmin=-5.29, Lmax=-4.83
11:19:47 [ultranest] [DEBUG] iteration=3790, ncalls=16605, regioncalls=686320, ndraw=40, logz=-12.20, remainder_fraction=8.2391%, Lmin=-5.29, Lmax=-4.83
11:19:48 [ultranest] [DEBUG] iteration=3791, ncalls=16621, regioncalls=687280, ndraw=40, logz=-12.20, remainder_fraction=8.2252%, Lmin=-5.29, Lmax=-4.83
11:19:50 [ultranest] [DEBUG] iteration=3792, ncalls=16660, regioncalls=689520, ndraw=40, logz=-12.20, remainder_fraction=8.2098%, Lmin=-5.29, Lmax=-4.83
11:19:50 [ultranest] [DEBUG] iteration=3793, ncalls=16663, regioncalls=689800, ndraw=40, logz=-12.20, remainder_fraction=8.1919%, Lmin=-5.28, Lmax=-4.83
11:19:50 [ultranest] [DEBUG] iteration=3794, ncalls=16669, regioncalls=690360, ndraw=40, logz=-12.20, remainder_fraction=8.1723%, Lmin=-5.28, Lmax=-4.83
11:19:51 [ultranest] [DEBUG] iteration=3795, ncalls=16680, regioncalls=691160, ndraw=40, logz=-12.20, remainder_fraction=8.1528%, Lmin=-5.28, Lmax=-4.83
11:19:51 [ultranest] [DEBUG] iteration=3797, ncalls=16685, regioncalls=691360, ndraw=40, logz=-12.20, remainder_fraction=8.1222%, Lmin=-5.28, Lmax=-4.83
11:19:51 [ultranest] [DEBUG] iteration=3799, ncalls=16690, regioncalls=691960, ndraw=40, logz=-12.20, remainder_fraction=8.0847%, Lmin=-5.28, Lmax=-4.83
11:19:51 [ultranest] [DEBUG] iteration=3800, ncalls=16693, regioncalls=692080, ndraw=40, logz=-12.20, remainder_fraction=8.0722%, Lmin=-5.28, Lmax=-4.83
11:19:52 [ultranest] [DEBUG] iteration=3801, ncalls=16709, regioncalls=693040, ndraw=40, logz=-12.20, remainder_fraction=8.0525%, Lmin=-5.28, Lmax=-4.83
11:19:54 [ultranest] [DEBUG] iteration=3802, ncalls=16737, regioncalls=695440, ndraw=40, logz=-12.20, remainder_fraction=8.0332%, Lmin=-5.28, Lmax=-4.83
11:19:54 [ultranest] [DEBUG] iteration=3803, ncalls=16746, regioncalls=695800, ndraw=40, logz=-12.20, remainder_fraction=8.0173%, Lmin=-5.28, Lmax=-4.83
11:19:54 [ultranest] [DEBUG] iteration=3804, ncalls=16748, regioncalls=695880, ndraw=40, logz=-12.20, remainder_fraction=7.9988%, Lmin=-5.28, Lmax=-4.83
11:19:55 [ultranest] [DEBUG] iteration=3806, ncalls=16767, regioncalls=696880, ndraw=40, logz=-12.20, remainder_fraction=7.9632%, Lmin=-5.28, Lmax=-4.83
11:19:56 [ultranest] [DEBUG] iteration=3808, ncalls=16788, regioncalls=698320, ndraw=40, logz=-12.20, remainder_fraction=7.9251%, Lmin=-5.28, Lmax=-4.83
11:19:56 [ultranest] [DEBUG] iteration=3809, ncalls=16793, regioncalls=698520, ndraw=40, logz=-12.20, remainder_fraction=7.9057%, Lmin=-5.28, Lmax=-4.83
11:19:57 [ultranest] [DEBUG] iteration=3810, ncalls=16798, regioncalls=698720, ndraw=40, logz=-12.20, remainder_fraction=7.8903%, Lmin=-5.28, Lmax=-4.83
11:19:57 [ultranest] [DEBUG] iteration=3811, ncalls=16800, regioncalls=698800, ndraw=40, logz=-12.20, remainder_fraction=7.8732%, Lmin=-5.28, Lmax=-4.83
11:19:57 [ultranest] [DEBUG] iteration=3812, ncalls=16805, regioncalls=699040, ndraw=40, logz=-12.20, remainder_fraction=7.8543%, Lmin=-5.28, Lmax=-4.83
11:19:57 [ultranest] [DEBUG] iteration=3813, ncalls=16816, regioncalls=699800, ndraw=40, logz=-12.19, remainder_fraction=7.8391%, Lmin=-5.27, Lmax=-4.83
11:19:58 [ultranest] [DEBUG] iteration=3814, ncalls=16825, regioncalls=700280, ndraw=40, logz=-12.19, remainder_fraction=7.8205%, Lmin=-5.27, Lmax=-4.83
11:19:58 [ultranest] [DEBUG] iteration=3815, ncalls=16832, regioncalls=700560, ndraw=40, logz=-12.19, remainder_fraction=7.8019%, Lmin=-5.27, Lmax=-4.83
11:19:59 [ultranest] [DEBUG] iteration=3817, ncalls=16839, regioncalls=700840, ndraw=40, logz=-12.19, remainder_fraction=7.7659%, Lmin=-5.27, Lmax=-4.83
11:19:59 [ultranest] [DEBUG] iteration=3818, ncalls=16849, regioncalls=701440, ndraw=40, logz=-12.19, remainder_fraction=7.7476%, Lmin=-5.27, Lmax=-4.83
11:20:00 [ultranest] [DEBUG] iteration=3819, ncalls=16868, regioncalls=702200, ndraw=40, logz=-12.19, remainder_fraction=7.7346%, Lmin=-5.27, Lmax=-4.83
11:20:00 [ultranest] [DEBUG] iteration=3821, ncalls=16874, regioncalls=702640, ndraw=40, logz=-12.19, remainder_fraction=7.6982%, Lmin=-5.27, Lmax=-4.83
11:20:02 [ultranest] [DEBUG] iteration=3822, ncalls=16897, regioncalls=703880, ndraw=40, logz=-12.19, remainder_fraction=7.6792%, Lmin=-5.27, Lmax=-4.83
11:20:02 [ultranest] [DEBUG] iteration=3824, ncalls=16900, regioncalls=704000, ndraw=40, logz=-12.19, remainder_fraction=7.6441%, Lmin=-5.27, Lmax=-4.83
11:20:02 [ultranest] [DEBUG] iteration=3825, ncalls=16909, regioncalls=704480, ndraw=40, logz=-12.19, remainder_fraction=7.6256%, Lmin=-5.27, Lmax=-4.83
11:20:03 [ultranest] [DEBUG] iteration=3826, ncalls=16915, regioncalls=704720, ndraw=40, logz=-12.19, remainder_fraction=7.6118%, Lmin=-5.27, Lmax=-4.83
11:20:03 [ultranest] [DEBUG] iteration=3827, ncalls=16918, regioncalls=704920, ndraw=40, logz=-12.19, remainder_fraction=7.5959%, Lmin=-5.27, Lmax=-4.83
11:20:03 [ultranest] [DEBUG] iteration=3828, ncalls=16921, regioncalls=705040, ndraw=40, logz=-12.19, remainder_fraction=7.5823%, Lmin=-5.27, Lmax=-4.83
11:20:03 [ultranest] [DEBUG] iteration=3829, ncalls=16933, regioncalls=705520, ndraw=40, logz=-12.19, remainder_fraction=7.5652%, Lmin=-5.27, Lmax=-4.83
11:20:04 [ultranest] [DEBUG] iteration=3830, ncalls=16946, regioncalls=706040, ndraw=40, logz=-12.19, remainder_fraction=7.5486%, Lmin=-5.27, Lmax=-4.83
11:20:04 [ultranest] [DEBUG] iteration=3832, ncalls=16953, regioncalls=706480, ndraw=40, logz=-12.19, remainder_fraction=7.5142%, Lmin=-5.27, Lmax=-4.83
11:20:05 [ultranest] [DEBUG] iteration=3834, ncalls=16958, regioncalls=706680, ndraw=40, logz=-12.19, remainder_fraction=7.4782%, Lmin=-5.26, Lmax=-4.83
11:20:05 [ultranest] [DEBUG] iteration=3835, ncalls=16963, regioncalls=707120, ndraw=40, logz=-12.19, remainder_fraction=7.4614%, Lmin=-5.26, Lmax=-4.83
11:20:05 [ultranest] [DEBUG] iteration=3836, ncalls=16968, regioncalls=707320, ndraw=40, logz=-12.19, remainder_fraction=7.4438%, Lmin=-5.26, Lmax=-4.83
11:20:06 [ultranest] [DEBUG] iteration=3837, ncalls=16975, regioncalls=707760, ndraw=40, logz=-12.19, remainder_fraction=7.4265%, Lmin=-5.26, Lmax=-4.83
11:20:06 [ultranest] [DEBUG] iteration=3838, ncalls=16980, regioncalls=707960, ndraw=40, logz=-12.19, remainder_fraction=7.4106%, Lmin=-5.26, Lmax=-4.83
11:20:07 [ultranest] [DEBUG] iteration=3839, ncalls=17003, regioncalls=709520, ndraw=40, logz=-12.19, remainder_fraction=7.3928%, Lmin=-5.26, Lmax=-4.83
11:20:07 [ultranest] [DEBUG] iteration=3840, ncalls=17013, regioncalls=709960, ndraw=40, logz=-12.19, remainder_fraction=7.3768%, Lmin=-5.26, Lmax=-4.83
11:20:08 [ultranest] [DEBUG] iteration=3842, ncalls=17024, regioncalls=710840, ndraw=40, logz=-12.19, remainder_fraction=7.3458%, Lmin=-5.26, Lmax=-4.83
11:20:08 [ultranest] [DEBUG] iteration=3843, ncalls=17033, regioncalls=711440, ndraw=40, logz=-12.19, remainder_fraction=7.3283%, Lmin=-5.26, Lmax=-4.83
11:20:09 [ultranest] [DEBUG] iteration=3844, ncalls=17036, regioncalls=711560, ndraw=40, logz=-12.19, remainder_fraction=7.3109%, Lmin=-5.26, Lmax=-4.83
11:20:09 [ultranest] [DEBUG] iteration=3845, ncalls=17051, regioncalls=712680, ndraw=40, logz=-12.19, remainder_fraction=7.2972%, Lmin=-5.26, Lmax=-4.83
11:20:10 [ultranest] [DEBUG] iteration=3846, ncalls=17055, regioncalls=712840, ndraw=40, logz=-12.19, remainder_fraction=7.2823%, Lmin=-5.26, Lmax=-4.83
11:20:10 [ultranest] [DEBUG] iteration=3847, ncalls=17059, regioncalls=713000, ndraw=40, logz=-12.19, remainder_fraction=7.2660%, Lmin=-5.26, Lmax=-4.83
11:20:10 [ultranest] [DEBUG] iteration=3848, ncalls=17065, regioncalls=713240, ndraw=40, logz=-12.19, remainder_fraction=7.2487%, Lmin=-5.26, Lmax=-4.83
11:20:11 [ultranest] [DEBUG] iteration=3849, ncalls=17089, regioncalls=715040, ndraw=40, logz=-12.19, remainder_fraction=7.2310%, Lmin=-5.25, Lmax=-4.83
11:20:12 [ultranest] [DEBUG] iteration=3850, ncalls=17106, regioncalls=716120, ndraw=40, logz=-12.19, remainder_fraction=7.2158%, Lmin=-5.25, Lmax=-4.83
11:20:12 [ultranest] [DEBUG] iteration=3851, ncalls=17109, regioncalls=716400, ndraw=40, logz=-12.19, remainder_fraction=7.2006%, Lmin=-5.25, Lmax=-4.83
11:20:12 [ultranest] [DEBUG] iteration=3852, ncalls=17111, regioncalls=716560, ndraw=40, logz=-12.19, remainder_fraction=7.1863%, Lmin=-5.25, Lmax=-4.83
11:20:13 [ultranest] [DEBUG] iteration=3853, ncalls=17123, regioncalls=717360, ndraw=40, logz=-12.19, remainder_fraction=7.1699%, Lmin=-5.25, Lmax=-4.83
11:20:16 [ultranest] [DEBUG] iteration=3854, ncalls=17180, regioncalls=721200, ndraw=40, logz=-12.19, remainder_fraction=7.1575%, Lmin=-5.25, Lmax=-4.83
11:20:16 [ultranest] [DEBUG] iteration=3855, ncalls=17183, regioncalls=721360, ndraw=40, logz=-12.19, remainder_fraction=7.1457%, Lmin=-5.25, Lmax=-4.83
11:20:17 [ultranest] [DEBUG] iteration=3856, ncalls=17193, regioncalls=721760, ndraw=40, logz=-12.19, remainder_fraction=7.1283%, Lmin=-5.25, Lmax=-4.83
11:20:17 [ultranest] [DEBUG] iteration=3857, ncalls=17197, regioncalls=721920, ndraw=40, logz=-12.19, remainder_fraction=7.1114%, Lmin=-5.25, Lmax=-4.83
11:20:17 [ultranest] [DEBUG] iteration=3858, ncalls=17207, regioncalls=722360, ndraw=40, logz=-12.19, remainder_fraction=7.0967%, Lmin=-5.25, Lmax=-4.83
11:20:17 [ultranest] [DEBUG] iteration=3860, ncalls=17211, regioncalls=722520, ndraw=40, logz=-12.19, remainder_fraction=7.0631%, Lmin=-5.25, Lmax=-4.83
11:20:18 [ultranest] [DEBUG] iteration=3861, ncalls=17223, regioncalls=723160, ndraw=40, logz=-12.19, remainder_fraction=7.0521%, Lmin=-5.25, Lmax=-4.83
11:20:18 [ultranest] [DEBUG] iteration=3862, ncalls=17231, regioncalls=723480, ndraw=40, logz=-12.19, remainder_fraction=7.0354%, Lmin=-5.25, Lmax=-4.83
11:20:18 [ultranest] [DEBUG] iteration=3863, ncalls=17233, regioncalls=723840, ndraw=40, logz=-12.19, remainder_fraction=7.0188%, Lmin=-5.25, Lmax=-4.83
11:20:19 [ultranest] [DEBUG] iteration=3864, ncalls=17251, regioncalls=725040, ndraw=40, logz=-12.19, remainder_fraction=7.0022%, Lmin=-5.25, Lmax=-4.83
11:20:20 [ultranest] [DEBUG] iteration=3865, ncalls=17258, regioncalls=725320, ndraw=40, logz=-12.19, remainder_fraction=6.9869%, Lmin=-5.25, Lmax=-4.83
11:20:20 [ultranest] [DEBUG] iteration=3866, ncalls=17269, regioncalls=725760, ndraw=40, logz=-12.19, remainder_fraction=6.9701%, Lmin=-5.25, Lmax=-4.83
11:20:21 [ultranest] [DEBUG] iteration=3867, ncalls=17281, regioncalls=726520, ndraw=40, logz=-12.19, remainder_fraction=6.9531%, Lmin=-5.25, Lmax=-4.83
11:20:21 [ultranest] [DEBUG] iteration=3868, ncalls=17284, regioncalls=726640, ndraw=40, logz=-12.19, remainder_fraction=6.9368%, Lmin=-5.25, Lmax=-4.83
11:20:22 [ultranest] [DEBUG] iteration=3869, ncalls=17296, regioncalls=727160, ndraw=40, logz=-12.19, remainder_fraction=6.9217%, Lmin=-5.25, Lmax=-4.83
11:20:22 [ultranest] [DEBUG] iteration=3870, ncalls=17298, regioncalls=727240, ndraw=40, logz=-12.19, remainder_fraction=6.9089%, Lmin=-5.25, Lmax=-4.83
11:20:23 [ultranest] [DEBUG] iteration=3871, ncalls=17314, regioncalls=728480, ndraw=40, logz=-12.18, remainder_fraction=6.8938%, Lmin=-5.25, Lmax=-4.83
11:20:23 [ultranest] [DEBUG] iteration=3873, ncalls=17318, regioncalls=728840, ndraw=40, logz=-12.18, remainder_fraction=6.8636%, Lmin=-5.25, Lmax=-4.83
11:20:23 [ultranest] [DEBUG] iteration=3874, ncalls=17326, regioncalls=729440, ndraw=40, logz=-12.18, remainder_fraction=6.8484%, Lmin=-5.24, Lmax=-4.83
11:20:25 [ultranest] [DEBUG] iteration=3875, ncalls=17352, regioncalls=731240, ndraw=40, logz=-12.18, remainder_fraction=6.8323%, Lmin=-5.24, Lmax=-4.83
11:20:25 [ultranest] [DEBUG] iteration=3876, ncalls=17355, regioncalls=731360, ndraw=40, logz=-12.18, remainder_fraction=6.8186%, Lmin=-5.24, Lmax=-4.83
11:20:25 [ultranest] [DEBUG] iteration=3877, ncalls=17364, regioncalls=731720, ndraw=40, logz=-12.18, remainder_fraction=6.8022%, Lmin=-5.24, Lmax=-4.83
11:20:25 [ultranest] [DEBUG] iteration=3879, ncalls=17367, regioncalls=731840, ndraw=40, logz=-12.18, remainder_fraction=6.7726%, Lmin=-5.24, Lmax=-4.83
11:20:25 [ultranest] [DEBUG] iteration=3880, ncalls=17368, regioncalls=731880, ndraw=40, logz=-12.18, remainder_fraction=6.7573%, Lmin=-5.24, Lmax=-4.83
11:20:26 [ultranest] [DEBUG] iteration=3881, ncalls=17382, regioncalls=732720, ndraw=40, logz=-12.18, remainder_fraction=6.7449%, Lmin=-5.24, Lmax=-4.83
11:20:27 [ultranest] [DEBUG] iteration=3882, ncalls=17398, regioncalls=733720, ndraw=40, logz=-12.18, remainder_fraction=6.7316%, Lmin=-5.24, Lmax=-4.83
11:20:27 [ultranest] [DEBUG] iteration=3884, ncalls=17402, regioncalls=734120, ndraw=40, logz=-12.18, remainder_fraction=6.7045%, Lmin=-5.24, Lmax=-4.83
11:20:28 [ultranest] [DEBUG] iteration=3885, ncalls=17411, regioncalls=734640, ndraw=40, logz=-12.18, remainder_fraction=6.6894%, Lmin=-5.24, Lmax=-4.83
11:20:28 [ultranest] [DEBUG] iteration=3887, ncalls=17421, regioncalls=735080, ndraw=40, logz=-12.18, remainder_fraction=6.6615%, Lmin=-5.24, Lmax=-4.83
11:20:28 [ultranest] [DEBUG] iteration=3888, ncalls=17425, regioncalls=735240, ndraw=40, logz=-12.18, remainder_fraction=6.6456%, Lmin=-5.24, Lmax=-4.83
11:20:28 [ultranest] [DEBUG] iteration=3890, ncalls=17427, regioncalls=735600, ndraw=40, logz=-12.18, remainder_fraction=6.6140%, Lmin=-5.24, Lmax=-4.83
11:20:30 [ultranest] [DEBUG] iteration=3891, ncalls=17466, regioncalls=738360, ndraw=40, logz=-12.18, remainder_fraction=6.5989%, Lmin=-5.24, Lmax=-4.83
11:20:31 [ultranest] [DEBUG] iteration=3893, ncalls=17482, regioncalls=739840, ndraw=40, logz=-12.18, remainder_fraction=6.5696%, Lmin=-5.24, Lmax=-4.83
11:20:31 [ultranest] [DEBUG] iteration=3894, ncalls=17487, regioncalls=740200, ndraw=40, logz=-12.18, remainder_fraction=6.5542%, Lmin=-5.24, Lmax=-4.83
11:20:32 [ultranest] [DEBUG] iteration=3895, ncalls=17498, regioncalls=740840, ndraw=40, logz=-12.18, remainder_fraction=6.5394%, Lmin=-5.24, Lmax=-4.83
11:20:33 [ultranest] [DEBUG] iteration=3896, ncalls=17514, regioncalls=741960, ndraw=40, logz=-12.18, remainder_fraction=6.5272%, Lmin=-5.24, Lmax=-4.83
11:20:33 [ultranest] [DEBUG] iteration=3897, ncalls=17519, regioncalls=742360, ndraw=40, logz=-12.18, remainder_fraction=6.5113%, Lmin=-5.24, Lmax=-4.83
11:20:34 [ultranest] [DEBUG] iteration=3898, ncalls=17534, regioncalls=743440, ndraw=40, logz=-12.18, remainder_fraction=6.4953%, Lmin=-5.23, Lmax=-4.83
11:20:34 [ultranest] [DEBUG] iteration=3900, ncalls=17537, regioncalls=743560, ndraw=40, logz=-12.18, remainder_fraction=6.4652%, Lmin=-5.23, Lmax=-4.83
11:20:35 [ultranest] [DEBUG] iteration=3902, ncalls=17569, regioncalls=745080, ndraw=40, logz=-12.18, remainder_fraction=6.4363%, Lmin=-5.23, Lmax=-4.83
11:20:37 [ultranest] [DEBUG] iteration=3903, ncalls=17595, regioncalls=746360, ndraw=40, logz=-12.18, remainder_fraction=6.4232%, Lmin=-5.23, Lmax=-4.83
11:20:37 [ultranest] [DEBUG] iteration=3904, ncalls=17604, regioncalls=746840, ndraw=40, logz=-12.18, remainder_fraction=6.4102%, Lmin=-5.23, Lmax=-4.83
11:20:38 [ultranest] [DEBUG] iteration=3905, ncalls=17623, regioncalls=748080, ndraw=40, logz=-12.18, remainder_fraction=6.3991%, Lmin=-5.23, Lmax=-4.83
11:20:39 [ultranest] [DEBUG] iteration=3907, ncalls=17640, regioncalls=749160, ndraw=40, logz=-12.18, remainder_fraction=6.3715%, Lmin=-5.23, Lmax=-4.83
11:20:39 [ultranest] [DEBUG] iteration=3908, ncalls=17645, regioncalls=749680, ndraw=40, logz=-12.18, remainder_fraction=6.3566%, Lmin=-5.23, Lmax=-4.83
11:20:40 [ultranest] [DEBUG] iteration=3909, ncalls=17668, regioncalls=751080, ndraw=40, logz=-12.18, remainder_fraction=6.3425%, Lmin=-5.23, Lmax=-4.83
11:20:41 [ultranest] [DEBUG] iteration=3911, ncalls=17672, regioncalls=751240, ndraw=40, logz=-12.18, remainder_fraction=6.3132%, Lmin=-5.23, Lmax=-4.83
11:20:44 [ultranest] [DEBUG] iteration=3912, ncalls=17731, regioncalls=755520, ndraw=40, logz=-12.18, remainder_fraction=6.2984%, Lmin=-5.23, Lmax=-4.83
11:20:44 [ultranest] [DEBUG] iteration=3913, ncalls=17742, regioncalls=756240, ndraw=40, logz=-12.18, remainder_fraction=6.2832%, Lmin=-5.23, Lmax=-4.83
11:20:44 [ultranest] [DEBUG] iteration=3914, ncalls=17746, regioncalls=756440, ndraw=40, logz=-12.18, remainder_fraction=6.2699%, Lmin=-5.23, Lmax=-4.83
11:20:45 [ultranest] [DEBUG] iteration=3915, ncalls=17755, regioncalls=757520, ndraw=40, logz=-12.18, remainder_fraction=6.2548%, Lmin=-5.23, Lmax=-4.83
11:20:45 [ultranest] [DEBUG] iteration=3916, ncalls=17771, regioncalls=758440, ndraw=40, logz=-12.18, remainder_fraction=6.2417%, Lmin=-5.23, Lmax=-4.83
11:20:46 [ultranest] [DEBUG] iteration=3917, ncalls=17774, regioncalls=758600, ndraw=40, logz=-12.18, remainder_fraction=6.2287%, Lmin=-5.23, Lmax=-4.83
11:20:46 [ultranest] [DEBUG] iteration=3918, ncalls=17781, regioncalls=758920, ndraw=40, logz=-12.18, remainder_fraction=6.2147%, Lmin=-5.23, Lmax=-4.83
11:20:46 [ultranest] [DEBUG] iteration=3919, ncalls=17785, regioncalls=759240, ndraw=40, logz=-12.18, remainder_fraction=6.2026%, Lmin=-5.23, Lmax=-4.83
11:20:47 [ultranest] [DEBUG] iteration=3920, ncalls=17794, regioncalls=760000, ndraw=40, logz=-12.18, remainder_fraction=6.1880%, Lmin=-5.23, Lmax=-4.83
11:20:48 [ultranest] [DEBUG] iteration=3921, ncalls=17822, regioncalls=761960, ndraw=40, logz=-12.18, remainder_fraction=6.1727%, Lmin=-5.23, Lmax=-4.83
11:20:48 [ultranest] [DEBUG] iteration=3922, ncalls=17825, regioncalls=762080, ndraw=40, logz=-12.18, remainder_fraction=6.1607%, Lmin=-5.22, Lmax=-4.83
11:20:49 [ultranest] [DEBUG] iteration=3923, ncalls=17833, regioncalls=762800, ndraw=40, logz=-12.18, remainder_fraction=6.1456%, Lmin=-5.22, Lmax=-4.83
11:20:49 [ultranest] [DEBUG] iteration=3924, ncalls=17843, regioncalls=763280, ndraw=40, logz=-12.18, remainder_fraction=6.1324%, Lmin=-5.22, Lmax=-4.83
11:20:49 [ultranest] [DEBUG] iteration=3925, ncalls=17850, regioncalls=764280, ndraw=40, logz=-12.18, remainder_fraction=6.1193%, Lmin=-5.22, Lmax=-4.83
11:20:50 [ultranest] [DEBUG] iteration=3926, ncalls=17859, regioncalls=764720, ndraw=40, logz=-12.18, remainder_fraction=6.1047%, Lmin=-5.22, Lmax=-4.83
11:20:50 [ultranest] [DEBUG] iteration=3927, ncalls=17866, regioncalls=765000, ndraw=40, logz=-12.18, remainder_fraction=6.0929%, Lmin=-5.22, Lmax=-4.83
11:20:50 [ultranest] [DEBUG] iteration=3928, ncalls=17868, regioncalls=765120, ndraw=40, logz=-12.18, remainder_fraction=6.0801%, Lmin=-5.22, Lmax=-4.83
11:20:51 [ultranest] [DEBUG] iteration=3930, ncalls=17874, regioncalls=765640, ndraw=40, logz=-12.18, remainder_fraction=6.0531%, Lmin=-5.22, Lmax=-4.83
11:20:52 [ultranest] [DEBUG] iteration=3932, ncalls=17892, regioncalls=766840, ndraw=40, logz=-12.18, remainder_fraction=6.0262%, Lmin=-5.22, Lmax=-4.83
11:20:52 [ultranest] [DEBUG] iteration=3934, ncalls=17896, regioncalls=767160, ndraw=40, logz=-12.18, remainder_fraction=6.0019%, Lmin=-5.22, Lmax=-4.83
11:20:53 [ultranest] [DEBUG] iteration=3935, ncalls=17919, regioncalls=769160, ndraw=40, logz=-12.18, remainder_fraction=5.9904%, Lmin=-5.22, Lmax=-4.83
11:20:54 [ultranest] [DEBUG] iteration=3936, ncalls=17929, regioncalls=769880, ndraw=40, logz=-12.18, remainder_fraction=5.9764%, Lmin=-5.22, Lmax=-4.83
11:20:54 [ultranest] [DEBUG] iteration=3937, ncalls=17932, regioncalls=770120, ndraw=40, logz=-12.18, remainder_fraction=5.9630%, Lmin=-5.22, Lmax=-4.83
11:20:55 [ultranest] [DEBUG] iteration=3938, ncalls=17955, regioncalls=771480, ndraw=40, logz=-12.17, remainder_fraction=5.9503%, Lmin=-5.22, Lmax=-4.83
11:20:55 [ultranest] [DEBUG] iteration=3939, ncalls=17960, regioncalls=771760, ndraw=40, logz=-12.17, remainder_fraction=5.9361%, Lmin=-5.22, Lmax=-4.83
11:20:55 [ultranest] [DEBUG] iteration=3940, ncalls=17966, regioncalls=772200, ndraw=40, logz=-12.17, remainder_fraction=5.9215%, Lmin=-5.22, Lmax=-4.83
11:20:56 [ultranest] [DEBUG] iteration=3941, ncalls=17986, regioncalls=773720, ndraw=40, logz=-12.17, remainder_fraction=5.9069%, Lmin=-5.22, Lmax=-4.83
11:20:57 [ultranest] [DEBUG] iteration=3942, ncalls=17989, regioncalls=773840, ndraw=40, logz=-12.17, remainder_fraction=5.8945%, Lmin=-5.22, Lmax=-4.83
11:20:57 [ultranest] [DEBUG] iteration=3943, ncalls=17999, regioncalls=774280, ndraw=40, logz=-12.17, remainder_fraction=5.8816%, Lmin=-5.22, Lmax=-4.83
11:20:58 [ultranest] [DEBUG] iteration=3944, ncalls=18014, regioncalls=775440, ndraw=40, logz=-12.17, remainder_fraction=5.8682%, Lmin=-5.22, Lmax=-4.83
11:20:58 [ultranest] [DEBUG] iteration=3945, ncalls=18016, regioncalls=775520, ndraw=40, logz=-12.17, remainder_fraction=5.8543%, Lmin=-5.21, Lmax=-4.83
11:20:58 [ultranest] [DEBUG] iteration=3946, ncalls=18019, regioncalls=775640, ndraw=40, logz=-12.17, remainder_fraction=5.8436%, Lmin=-5.21, Lmax=-4.83
11:20:59 [ultranest] [DEBUG] iteration=3948, ncalls=18032, regioncalls=776360, ndraw=40, logz=-12.17, remainder_fraction=5.8212%, Lmin=-5.21, Lmax=-4.83
11:21:00 [ultranest] [DEBUG] iteration=3949, ncalls=18053, regioncalls=777880, ndraw=40, logz=-12.17, remainder_fraction=5.8073%, Lmin=-5.21, Lmax=-4.83
11:21:00 [ultranest] [DEBUG] iteration=3950, ncalls=18061, regioncalls=778360, ndraw=40, logz=-12.17, remainder_fraction=5.7938%, Lmin=-5.21, Lmax=-4.83
11:21:01 [ultranest] [DEBUG] iteration=3951, ncalls=18071, regioncalls=779720, ndraw=40, logz=-12.17, remainder_fraction=5.7810%, Lmin=-5.21, Lmax=-4.83
11:21:02 [ultranest] [DEBUG] iteration=3953, ncalls=18105, regioncalls=781840, ndraw=40, logz=-12.17, remainder_fraction=5.7542%, Lmin=-5.21, Lmax=-4.83
11:21:05 [ultranest] [DEBUG] iteration=3955, ncalls=18149, regioncalls=784240, ndraw=40, logz=-12.17, remainder_fraction=5.7284%, Lmin=-5.21, Lmax=-4.83
11:21:05 [ultranest] [DEBUG] iteration=3956, ncalls=18158, regioncalls=784760, ndraw=40, logz=-12.17, remainder_fraction=5.7152%, Lmin=-5.21, Lmax=-4.83
11:21:05 [ultranest] [DEBUG] iteration=3957, ncalls=18164, regioncalls=785440, ndraw=40, logz=-12.17, remainder_fraction=5.7032%, Lmin=-5.21, Lmax=-4.83
11:21:05 [ultranest] [DEBUG] iteration=3959, ncalls=18166, regioncalls=785520, ndraw=40, logz=-12.17, remainder_fraction=5.6791%, Lmin=-5.21, Lmax=-4.83
11:21:06 [ultranest] [DEBUG] iteration=3960, ncalls=18171, regioncalls=785840, ndraw=40, logz=-12.17, remainder_fraction=5.6681%, Lmin=-5.21, Lmax=-4.83
11:21:06 [ultranest] [DEBUG] iteration=3961, ncalls=18178, regioncalls=786200, ndraw=40, logz=-12.17, remainder_fraction=5.6561%, Lmin=-5.21, Lmax=-4.83
11:21:06 [ultranest] [DEBUG] iteration=3962, ncalls=18182, regioncalls=786520, ndraw=40, logz=-12.17, remainder_fraction=5.6433%, Lmin=-5.21, Lmax=-4.83
11:21:07 [ultranest] [DEBUG] iteration=3963, ncalls=18187, regioncalls=786880, ndraw=40, logz=-12.17, remainder_fraction=5.6296%, Lmin=-5.21, Lmax=-4.83
11:21:07 [ultranest] [DEBUG] iteration=3964, ncalls=18201, regioncalls=787560, ndraw=40, logz=-12.17, remainder_fraction=5.6174%, Lmin=-5.21, Lmax=-4.83
11:21:08 [ultranest] [DEBUG] iteration=3965, ncalls=18212, regioncalls=788160, ndraw=40, logz=-12.17, remainder_fraction=5.6043%, Lmin=-5.21, Lmax=-4.83
11:21:08 [ultranest] [DEBUG] iteration=3966, ncalls=18215, regioncalls=788320, ndraw=40, logz=-12.17, remainder_fraction=5.5911%, Lmin=-5.21, Lmax=-4.83
11:21:08 [ultranest] [DEBUG] iteration=3967, ncalls=18218, regioncalls=788440, ndraw=40, logz=-12.17, remainder_fraction=5.5791%, Lmin=-5.20, Lmax=-4.83
11:21:09 [ultranest] [DEBUG] iteration=3968, ncalls=18230, regioncalls=789040, ndraw=40, logz=-12.17, remainder_fraction=5.5680%, Lmin=-5.20, Lmax=-4.83
11:21:09 [ultranest] [DEBUG] iteration=3970, ncalls=18235, regioncalls=789320, ndraw=40, logz=-12.17, remainder_fraction=5.5417%, Lmin=-5.20, Lmax=-4.83
11:21:10 [ultranest] [DEBUG] iteration=3971, ncalls=18245, regioncalls=789880, ndraw=40, logz=-12.17, remainder_fraction=5.5317%, Lmin=-5.20, Lmax=-4.83
11:21:10 [ultranest] [DEBUG] iteration=3972, ncalls=18262, regioncalls=790760, ndraw=40, logz=-12.17, remainder_fraction=5.5183%, Lmin=-5.20, Lmax=-4.83
11:21:11 [ultranest] [DEBUG] iteration=3973, ncalls=18264, regioncalls=791120, ndraw=40, logz=-12.17, remainder_fraction=5.5053%, Lmin=-5.20, Lmax=-4.83
11:21:11 [ultranest] [DEBUG] iteration=3974, ncalls=18277, regioncalls=792000, ndraw=40, logz=-12.17, remainder_fraction=5.4945%, Lmin=-5.20, Lmax=-4.83
11:21:11 [ultranest] [DEBUG] iteration=3975, ncalls=18281, regioncalls=792200, ndraw=40, logz=-12.17, remainder_fraction=5.4825%, Lmin=-5.20, Lmax=-4.83
11:21:12 [ultranest] [DEBUG] iteration=3977, ncalls=18292, regioncalls=792800, ndraw=40, logz=-12.17, remainder_fraction=5.4565%, Lmin=-5.20, Lmax=-4.83
11:21:12 [ultranest] [DEBUG] iteration=3978, ncalls=18301, regioncalls=793360, ndraw=40, logz=-12.17, remainder_fraction=5.4455%, Lmin=-5.20, Lmax=-4.83
11:21:13 [ultranest] [DEBUG] iteration=3979, ncalls=18308, regioncalls=793640, ndraw=40, logz=-12.17, remainder_fraction=5.4331%, Lmin=-5.20, Lmax=-4.83
11:21:13 [ultranest] [DEBUG] iteration=3980, ncalls=18315, regioncalls=793920, ndraw=40, logz=-12.17, remainder_fraction=5.4197%, Lmin=-5.20, Lmax=-4.83
11:21:13 [ultranest] [DEBUG] iteration=3981, ncalls=18319, regioncalls=794320, ndraw=40, logz=-12.17, remainder_fraction=5.4066%, Lmin=-5.20, Lmax=-4.83
11:21:14 [ultranest] [DEBUG] iteration=3982, ncalls=18326, regioncalls=794960, ndraw=40, logz=-12.17, remainder_fraction=5.3960%, Lmin=-5.20, Lmax=-4.83
11:21:14 [ultranest] [DEBUG] iteration=3983, ncalls=18332, regioncalls=795200, ndraw=40, logz=-12.17, remainder_fraction=5.3861%, Lmin=-5.20, Lmax=-4.83
11:21:15 [ultranest] [DEBUG] iteration=3984, ncalls=18345, regioncalls=796320, ndraw=40, logz=-12.17, remainder_fraction=5.3734%, Lmin=-5.20, Lmax=-4.83
11:21:16 [ultranest] [DEBUG] iteration=3985, ncalls=18373, regioncalls=798400, ndraw=40, logz=-12.17, remainder_fraction=5.3613%, Lmin=-5.20, Lmax=-4.83
11:21:17 [ultranest] [DEBUG] iteration=3986, ncalls=18385, regioncalls=799360, ndraw=40, logz=-12.17, remainder_fraction=5.3506%, Lmin=-5.20, Lmax=-4.83
11:21:18 [ultranest] [DEBUG] iteration=3987, ncalls=18404, regioncalls=800880, ndraw=40, logz=-12.17, remainder_fraction=5.3381%, Lmin=-5.20, Lmax=-4.83
11:21:18 [ultranest] [DEBUG] iteration=3988, ncalls=18409, regioncalls=801160, ndraw=40, logz=-12.17, remainder_fraction=5.3279%, Lmin=-5.20, Lmax=-4.83
11:21:19 [ultranest] [DEBUG] iteration=3990, ncalls=18438, regioncalls=802960, ndraw=40, logz=-12.17, remainder_fraction=5.3075%, Lmin=-5.20, Lmax=-4.83
11:21:20 [ultranest] [DEBUG] iteration=3991, ncalls=18444, regioncalls=803240, ndraw=40, logz=-12.17, remainder_fraction=5.2968%, Lmin=-5.20, Lmax=-4.83
11:21:20 [ultranest] [DEBUG] iteration=3993, ncalls=18461, regioncalls=804200, ndraw=40, logz=-12.17, remainder_fraction=5.2747%, Lmin=-5.20, Lmax=-4.83
11:21:21 [ultranest] [DEBUG] iteration=3994, ncalls=18466, regioncalls=804560, ndraw=40, logz=-12.17, remainder_fraction=5.2641%, Lmin=-5.20, Lmax=-4.83
11:21:21 [ultranest] [DEBUG] iteration=3995, ncalls=18478, regioncalls=805160, ndraw=40, logz=-12.17, remainder_fraction=5.2541%, Lmin=-5.20, Lmax=-4.83
11:21:21 [ultranest] [DEBUG] iteration=3996, ncalls=18481, regioncalls=805280, ndraw=40, logz=-12.17, remainder_fraction=5.2442%, Lmin=-5.20, Lmax=-4.83
11:21:23 [ultranest] [DEBUG] iteration=3997, ncalls=18505, regioncalls=807240, ndraw=40, logz=-12.17, remainder_fraction=5.2314%, Lmin=-5.19, Lmax=-4.83
11:21:23 [ultranest] [DEBUG] iteration=3998, ncalls=18524, regioncalls=808240, ndraw=40, logz=-12.17, remainder_fraction=5.2189%, Lmin=-5.19, Lmax=-4.83
11:21:24 [ultranest] [DEBUG] iteration=3999, ncalls=18528, regioncalls=808560, ndraw=40, logz=-12.17, remainder_fraction=5.2060%, Lmin=-5.19, Lmax=-4.83
11:21:24 [ultranest] [DEBUG] iteration=4000, ncalls=18539, regioncalls=809240, ndraw=40, logz=-12.17, remainder_fraction=5.1934%, Lmin=-5.19, Lmax=-4.83
11:21:24 [ultranest] [DEBUG] iteration=4001, ncalls=18543, regioncalls=810360, ndraw=40, logz=-12.17, remainder_fraction=5.1810%, Lmin=-5.19, Lmax=-4.83
11:21:25 [ultranest] [DEBUG] iteration=4002, ncalls=18548, regioncalls=810560, ndraw=40, logz=-12.17, remainder_fraction=5.1686%, Lmin=-5.19, Lmax=-4.83
11:21:26 [ultranest] [DEBUG] iteration=4003, ncalls=18571, regioncalls=812080, ndraw=40, logz=-12.17, remainder_fraction=5.1562%, Lmin=-5.19, Lmax=-4.83
11:21:26 [ultranest] [DEBUG] iteration=4005, ncalls=18580, regioncalls=812560, ndraw=40, logz=-12.17, remainder_fraction=5.1343%, Lmin=-5.19, Lmax=-4.83
11:21:27 [ultranest] [DEBUG] iteration=4006, ncalls=18592, regioncalls=813120, ndraw=40, logz=-12.17, remainder_fraction=5.1233%, Lmin=-5.19, Lmax=-4.83
11:21:27 [ultranest] [DEBUG] iteration=4007, ncalls=18594, regioncalls=813200, ndraw=40, logz=-12.17, remainder_fraction=5.1128%, Lmin=-5.19, Lmax=-4.83
11:21:27 [ultranest] [DEBUG] iteration=4008, ncalls=18600, regioncalls=813560, ndraw=40, logz=-12.17, remainder_fraction=5.1006%, Lmin=-5.19, Lmax=-4.83
11:21:27 [ultranest] [DEBUG] iteration=4009, ncalls=18605, regioncalls=813960, ndraw=40, logz=-12.17, remainder_fraction=5.0890%, Lmin=-5.19, Lmax=-4.83
11:21:28 [ultranest] [DEBUG] iteration=4010, ncalls=18612, regioncalls=814240, ndraw=40, logz=-12.17, remainder_fraction=5.0801%, Lmin=-5.19, Lmax=-4.83
11:21:28 [ultranest] [DEBUG] iteration=4011, ncalls=18619, regioncalls=814680, ndraw=40, logz=-12.17, remainder_fraction=5.0682%, Lmin=-5.19, Lmax=-4.83
11:21:29 [ultranest] [DEBUG] iteration=4012, ncalls=18626, regioncalls=815040, ndraw=40, logz=-12.17, remainder_fraction=5.0567%, Lmin=-5.19, Lmax=-4.83
11:21:29 [ultranest] [DEBUG] iteration=4014, ncalls=18636, regioncalls=815480, ndraw=40, logz=-12.17, remainder_fraction=5.0335%, Lmin=-5.19, Lmax=-4.83
11:21:30 [ultranest] [DEBUG] iteration=4015, ncalls=18646, regioncalls=816400, ndraw=40, logz=-12.17, remainder_fraction=5.0229%, Lmin=-5.19, Lmax=-4.83
11:21:31 [ultranest] [DEBUG] iteration=4016, ncalls=18686, regioncalls=818720, ndraw=40, logz=-12.16, remainder_fraction=5.0110%, Lmin=-5.19, Lmax=-4.83
11:21:32 [ultranest] [DEBUG] iteration=4017, ncalls=18690, regioncalls=818880, ndraw=40, logz=-12.16, remainder_fraction=4.9989%, Lmin=-5.19, Lmax=-4.83
11:21:32 [ultranest] [DEBUG] iteration=4018, ncalls=18697, regioncalls=819880, ndraw=40, logz=-12.16, remainder_fraction=4.9894%, Lmin=-5.19, Lmax=-4.83
11:21:33 [ultranest] [DEBUG] iteration=4019, ncalls=18709, regioncalls=820840, ndraw=40, logz=-12.16, remainder_fraction=4.9774%, Lmin=-5.19, Lmax=-4.83
11:21:33 [ultranest] [DEBUG] iteration=4020, ncalls=18723, regioncalls=821720, ndraw=40, logz=-12.16, remainder_fraction=4.9665%, Lmin=-5.19, Lmax=-4.83
11:21:34 [ultranest] [DEBUG] iteration=4021, ncalls=18740, regioncalls=823440, ndraw=40, logz=-12.16, remainder_fraction=4.9546%, Lmin=-5.19, Lmax=-4.83
11:21:35 [ultranest] [DEBUG] iteration=4022, ncalls=18763, regioncalls=824480, ndraw=40, logz=-12.16, remainder_fraction=4.9429%, Lmin=-5.18, Lmax=-4.83
11:21:36 [ultranest] [DEBUG] iteration=4023, ncalls=18767, regioncalls=825120, ndraw=40, logz=-12.16, remainder_fraction=4.9319%, Lmin=-5.18, Lmax=-4.83
11:21:36 [ultranest] [DEBUG] iteration=4025, ncalls=18776, regioncalls=825800, ndraw=40, logz=-12.16, remainder_fraction=4.9102%, Lmin=-5.18, Lmax=-4.83
11:21:39 [ultranest] [DEBUG] iteration=4026, ncalls=18832, regioncalls=829600, ndraw=40, logz=-12.16, remainder_fraction=4.8986%, Lmin=-5.18, Lmax=-4.83
11:21:39 [ultranest] [DEBUG] iteration=4027, ncalls=18843, regioncalls=830720, ndraw=40, logz=-12.16, remainder_fraction=4.8875%, Lmin=-5.18, Lmax=-4.83
11:21:40 [ultranest] [DEBUG] iteration=4029, ncalls=18850, regioncalls=831320, ndraw=40, logz=-12.16, remainder_fraction=4.8642%, Lmin=-5.18, Lmax=-4.83
11:21:40 [ultranest] [DEBUG] iteration=4030, ncalls=18854, regioncalls=831840, ndraw=40, logz=-12.16, remainder_fraction=4.8521%, Lmin=-5.18, Lmax=-4.83
11:21:40 [ultranest] [DEBUG] iteration=4031, ncalls=18861, regioncalls=832120, ndraw=40, logz=-12.16, remainder_fraction=4.8414%, Lmin=-5.18, Lmax=-4.83
11:21:40 [ultranest] [DEBUG] iteration=4032, ncalls=18864, regioncalls=832240, ndraw=40, logz=-12.16, remainder_fraction=4.8302%, Lmin=-5.18, Lmax=-4.83
11:21:42 [ultranest] [DEBUG] iteration=4033, ncalls=18900, regioncalls=834960, ndraw=40, logz=-12.16, remainder_fraction=4.8206%, Lmin=-5.18, Lmax=-4.83
11:21:43 [ultranest] [DEBUG] iteration=4034, ncalls=18906, regioncalls=835520, ndraw=40, logz=-12.16, remainder_fraction=4.8091%, Lmin=-5.18, Lmax=-4.83
11:21:43 [ultranest] [DEBUG] iteration=4035, ncalls=18910, regioncalls=835680, ndraw=40, logz=-12.16, remainder_fraction=4.7980%, Lmin=-5.18, Lmax=-4.83
11:21:43 [ultranest] [DEBUG] iteration=4036, ncalls=18913, regioncalls=835840, ndraw=40, logz=-12.16, remainder_fraction=4.7865%, Lmin=-5.18, Lmax=-4.83
11:21:43 [ultranest] [DEBUG] iteration=4037, ncalls=18916, regioncalls=835960, ndraw=40, logz=-12.16, remainder_fraction=4.7748%, Lmin=-5.18, Lmax=-4.83
11:21:43 [ultranest] [DEBUG] iteration=4038, ncalls=18919, regioncalls=836080, ndraw=40, logz=-12.16, remainder_fraction=4.7636%, Lmin=-5.18, Lmax=-4.83
11:21:44 [ultranest] [DEBUG] iteration=4039, ncalls=18928, regioncalls=836560, ndraw=40, logz=-12.16, remainder_fraction=4.7522%, Lmin=-5.18, Lmax=-4.83
11:21:44 [ultranest] [DEBUG] iteration=4040, ncalls=18929, regioncalls=836600, ndraw=40, logz=-12.16, remainder_fraction=4.7412%, Lmin=-5.18, Lmax=-4.83
11:21:44 [ultranest] [DEBUG] iteration=4041, ncalls=18933, regioncalls=837440, ndraw=40, logz=-12.16, remainder_fraction=4.7317%, Lmin=-5.18, Lmax=-4.83
11:21:44 [ultranest] [DEBUG] iteration=4042, ncalls=18944, regioncalls=838520, ndraw=40, logz=-12.16, remainder_fraction=4.7223%, Lmin=-5.18, Lmax=-4.83
11:21:45 [ultranest] [DEBUG] iteration=4043, ncalls=18947, regioncalls=838640, ndraw=40, logz=-12.16, remainder_fraction=4.7112%, Lmin=-5.18, Lmax=-4.83
11:21:46 [ultranest] [DEBUG] iteration=4044, ncalls=18965, regioncalls=839520, ndraw=40, logz=-12.16, remainder_fraction=4.7003%, Lmin=-5.18, Lmax=-4.83
11:21:46 [ultranest] [DEBUG] iteration=4045, ncalls=18972, regioncalls=840200, ndraw=40, logz=-12.16, remainder_fraction=4.6907%, Lmin=-5.18, Lmax=-4.83
11:21:46 [ultranest] [DEBUG] iteration=4046, ncalls=18976, regioncalls=840360, ndraw=40, logz=-12.16, remainder_fraction=4.6806%, Lmin=-5.18, Lmax=-4.83
11:21:46 [ultranest] [DEBUG] iteration=4047, ncalls=18980, regioncalls=840520, ndraw=40, logz=-12.16, remainder_fraction=4.6696%, Lmin=-5.18, Lmax=-4.83
11:21:47 [ultranest] [DEBUG] iteration=4048, ncalls=18987, regioncalls=841160, ndraw=40, logz=-12.16, remainder_fraction=4.6584%, Lmin=-5.17, Lmax=-4.83
11:21:47 [ultranest] [DEBUG] iteration=4049, ncalls=18995, regioncalls=841720, ndraw=40, logz=-12.16, remainder_fraction=4.6487%, Lmin=-5.17, Lmax=-4.83
11:21:48 [ultranest] [DEBUG] iteration=4050, ncalls=19002, regioncalls=842400, ndraw=40, logz=-12.16, remainder_fraction=4.6379%, Lmin=-5.17, Lmax=-4.83
11:21:48 [ultranest] [DEBUG] iteration=4051, ncalls=19004, regioncalls=842600, ndraw=40, logz=-12.16, remainder_fraction=4.6265%, Lmin=-5.17, Lmax=-4.83
11:21:48 [ultranest] [DEBUG] iteration=4052, ncalls=19008, regioncalls=842800, ndraw=40, logz=-12.16, remainder_fraction=4.6164%, Lmin=-5.17, Lmax=-4.83
11:21:48 [ultranest] [DEBUG] iteration=4055, ncalls=19011, regioncalls=842920, ndraw=40, logz=-12.16, remainder_fraction=4.5868%, Lmin=-5.17, Lmax=-4.83
11:21:48 [ultranest] [DEBUG] iteration=4056, ncalls=19013, regioncalls=843000, ndraw=40, logz=-12.16, remainder_fraction=4.5761%, Lmin=-5.17, Lmax=-4.83
11:21:49 [ultranest] [DEBUG] iteration=4057, ncalls=19026, regioncalls=843880, ndraw=40, logz=-12.16, remainder_fraction=4.5648%, Lmin=-5.17, Lmax=-4.83
11:21:49 [ultranest] [DEBUG] iteration=4058, ncalls=19028, regioncalls=843960, ndraw=40, logz=-12.16, remainder_fraction=4.5538%, Lmin=-5.17, Lmax=-4.83
11:21:50 [ultranest] [DEBUG] iteration=4059, ncalls=19043, regioncalls=844560, ndraw=40, logz=-12.16, remainder_fraction=4.5432%, Lmin=-5.17, Lmax=-4.83
11:21:50 [ultranest] [DEBUG] iteration=4060, ncalls=19046, regioncalls=844680, ndraw=40, logz=-12.16, remainder_fraction=4.5323%, Lmin=-5.17, Lmax=-4.83
11:21:50 [ultranest] [DEBUG] iteration=4061, ncalls=19049, regioncalls=845160, ndraw=40, logz=-12.16, remainder_fraction=4.5219%, Lmin=-5.17, Lmax=-4.83
11:21:51 [ultranest] [DEBUG] iteration=4062, ncalls=19065, regioncalls=845800, ndraw=40, logz=-12.16, remainder_fraction=4.5107%, Lmin=-5.17, Lmax=-4.83
11:21:51 [ultranest] [DEBUG] iteration=4063, ncalls=19070, regioncalls=846080, ndraw=40, logz=-12.16, remainder_fraction=4.5001%, Lmin=-5.17, Lmax=-4.83
11:21:52 [ultranest] [DEBUG] iteration=4064, ncalls=19082, regioncalls=846560, ndraw=40, logz=-12.16, remainder_fraction=4.4889%, Lmin=-5.17, Lmax=-4.83
11:21:52 [ultranest] [DEBUG] iteration=4066, ncalls=19087, regioncalls=846760, ndraw=40, logz=-12.16, remainder_fraction=4.4678%, Lmin=-5.17, Lmax=-4.83
11:21:53 [ultranest] [DEBUG] iteration=4067, ncalls=19111, regioncalls=847720, ndraw=40, logz=-12.16, remainder_fraction=4.4574%, Lmin=-5.17, Lmax=-4.83
11:21:53 [ultranest] [DEBUG] iteration=4068, ncalls=19113, regioncalls=847800, ndraw=40, logz=-12.16, remainder_fraction=4.4474%, Lmin=-5.17, Lmax=-4.83
11:21:54 [ultranest] [DEBUG] iteration=4069, ncalls=19120, regioncalls=848080, ndraw=40, logz=-12.16, remainder_fraction=4.4368%, Lmin=-5.17, Lmax=-4.83
11:21:54 [ultranest] [DEBUG] iteration=4070, ncalls=19130, regioncalls=848480, ndraw=40, logz=-12.16, remainder_fraction=4.4267%, Lmin=-5.16, Lmax=-4.83
11:21:54 [ultranest] [DEBUG] iteration=4072, ncalls=19134, regioncalls=848640, ndraw=40, logz=-12.16, remainder_fraction=4.4059%, Lmin=-5.16, Lmax=-4.83
11:21:55 [ultranest] [DEBUG] iteration=4073, ncalls=19138, regioncalls=848800, ndraw=40, logz=-12.16, remainder_fraction=4.3953%, Lmin=-5.16, Lmax=-4.83
11:21:55 [ultranest] [DEBUG] iteration=4074, ncalls=19150, regioncalls=849280, ndraw=40, logz=-12.16, remainder_fraction=4.3857%, Lmin=-5.16, Lmax=-4.83
11:21:55 [ultranest] [DEBUG] iteration=4076, ncalls=19154, regioncalls=849440, ndraw=40, logz=-12.16, remainder_fraction=4.3679%, Lmin=-5.16, Lmax=-4.83
11:21:56 [ultranest] [DEBUG] iteration=4077, ncalls=19166, regioncalls=849920, ndraw=40, logz=-12.16, remainder_fraction=4.3604%, Lmin=-5.16, Lmax=-4.83
11:21:56 [ultranest] [DEBUG] iteration=4078, ncalls=19169, regioncalls=850040, ndraw=40, logz=-12.16, remainder_fraction=4.3506%, Lmin=-5.16, Lmax=-4.83
11:21:58 [ultranest] [DEBUG] iteration=4080, ncalls=19199, regioncalls=851240, ndraw=40, logz=-12.16, remainder_fraction=4.3312%, Lmin=-5.16, Lmax=-4.83
11:21:59 [ultranest] [DEBUG] iteration=4081, ncalls=19224, regioncalls=852360, ndraw=40, logz=-12.16, remainder_fraction=4.3208%, Lmin=-5.16, Lmax=-4.83
11:22:00 [ultranest] [DEBUG] iteration=4082, ncalls=19239, regioncalls=852960, ndraw=40, logz=-12.16, remainder_fraction=4.3121%, Lmin=-5.16, Lmax=-4.83
11:22:00 [ultranest] [DEBUG] iteration=4083, ncalls=19243, regioncalls=853120, ndraw=40, logz=-12.16, remainder_fraction=4.3019%, Lmin=-5.16, Lmax=-4.83
11:22:00 [ultranest] [DEBUG] iteration=4084, ncalls=19250, regioncalls=853400, ndraw=40, logz=-12.16, remainder_fraction=4.2922%, Lmin=-5.16, Lmax=-4.83
11:22:00 [ultranest] [DEBUG] iteration=4085, ncalls=19254, regioncalls=853560, ndraw=40, logz=-12.16, remainder_fraction=4.2837%, Lmin=-5.16, Lmax=-4.83
11:22:01 [ultranest] [DEBUG] iteration=4086, ncalls=19258, regioncalls=853720, ndraw=40, logz=-12.16, remainder_fraction=4.2744%, Lmin=-5.16, Lmax=-4.83
11:22:01 [ultranest] [DEBUG] iteration=4088, ncalls=19271, regioncalls=854240, ndraw=40, logz=-12.16, remainder_fraction=4.2536%, Lmin=-5.16, Lmax=-4.83
11:22:01 [ultranest] [DEBUG] iteration=4089, ncalls=19274, regioncalls=854360, ndraw=40, logz=-12.16, remainder_fraction=4.2449%, Lmin=-5.16, Lmax=-4.83
11:22:02 [ultranest] [DEBUG] iteration=4090, ncalls=19283, regioncalls=854720, ndraw=40, logz=-12.16, remainder_fraction=4.2352%, Lmin=-5.16, Lmax=-4.83
11:22:02 [ultranest] [DEBUG] iteration=4091, ncalls=19287, regioncalls=854880, ndraw=40, logz=-12.16, remainder_fraction=4.2249%, Lmin=-5.16, Lmax=-4.83
11:22:02 [ultranest] [DEBUG] iteration=4093, ncalls=19291, regioncalls=855040, ndraw=40, logz=-12.16, remainder_fraction=4.2059%, Lmin=-5.16, Lmax=-4.83
11:22:03 [ultranest] [DEBUG] iteration=4094, ncalls=19296, regioncalls=855240, ndraw=40, logz=-12.16, remainder_fraction=4.1958%, Lmin=-5.15, Lmax=-4.83
11:22:03 [ultranest] [DEBUG] iteration=4096, ncalls=19299, regioncalls=855440, ndraw=40, logz=-12.16, remainder_fraction=4.1764%, Lmin=-5.15, Lmax=-4.83
11:22:03 [ultranest] [DEBUG] iteration=4097, ncalls=19311, regioncalls=855920, ndraw=40, logz=-12.16, remainder_fraction=4.1672%, Lmin=-5.15, Lmax=-4.83
11:22:04 [ultranest] [DEBUG] iteration=4098, ncalls=19324, regioncalls=856440, ndraw=40, logz=-12.16, remainder_fraction=4.1570%, Lmin=-5.15, Lmax=-4.83
11:22:04 [ultranest] [DEBUG] iteration=4099, ncalls=19329, regioncalls=856680, ndraw=40, logz=-12.16, remainder_fraction=4.1493%, Lmin=-5.15, Lmax=-4.83
11:22:05 [ultranest] [DEBUG] iteration=4100, ncalls=19337, regioncalls=857040, ndraw=40, logz=-12.16, remainder_fraction=4.1406%, Lmin=-5.15, Lmax=-4.83
11:22:05 [ultranest] [DEBUG] iteration=4101, ncalls=19344, regioncalls=857320, ndraw=40, logz=-12.16, remainder_fraction=4.1305%, Lmin=-5.15, Lmax=-4.83
11:22:05 [ultranest] [DEBUG] iteration=4102, ncalls=19348, regioncalls=857480, ndraw=40, logz=-12.16, remainder_fraction=4.1219%, Lmin=-5.15, Lmax=-4.83
11:22:05 [ultranest] [DEBUG] iteration=4103, ncalls=19353, regioncalls=857680, ndraw=40, logz=-12.16, remainder_fraction=4.1122%, Lmin=-5.15, Lmax=-4.83
11:22:05 [ultranest] [DEBUG] iteration=4104, ncalls=19356, regioncalls=857800, ndraw=40, logz=-12.16, remainder_fraction=4.1023%, Lmin=-5.15, Lmax=-4.83
11:22:06 [ultranest] [DEBUG] iteration=4105, ncalls=19371, regioncalls=858400, ndraw=40, logz=-12.16, remainder_fraction=4.0929%, Lmin=-5.15, Lmax=-4.83
11:22:06 [ultranest] [DEBUG] iteration=4106, ncalls=19374, regioncalls=858520, ndraw=40, logz=-12.16, remainder_fraction=4.0841%, Lmin=-5.15, Lmax=-4.83
11:22:07 [ultranest] [DEBUG] iteration=4107, ncalls=19379, regioncalls=858720, ndraw=40, logz=-12.16, remainder_fraction=4.0758%, Lmin=-5.15, Lmax=-4.83
11:22:07 [ultranest] [DEBUG] iteration=4108, ncalls=19387, regioncalls=859040, ndraw=40, logz=-12.16, remainder_fraction=4.0662%, Lmin=-5.15, Lmax=-4.83
11:22:08 [ultranest] [DEBUG] iteration=4110, ncalls=19400, regioncalls=859720, ndraw=40, logz=-12.16, remainder_fraction=4.0475%, Lmin=-5.15, Lmax=-4.83
11:22:08 [ultranest] [DEBUG] iteration=4111, ncalls=19410, regioncalls=860120, ndraw=40, logz=-12.15, remainder_fraction=4.0378%, Lmin=-5.15, Lmax=-4.83
11:22:09 [ultranest] [DEBUG] iteration=4112, ncalls=19427, regioncalls=860800, ndraw=40, logz=-12.15, remainder_fraction=4.0284%, Lmin=-5.15, Lmax=-4.83
11:22:09 [ultranest] [DEBUG] iteration=4113, ncalls=19431, regioncalls=860960, ndraw=40, logz=-12.15, remainder_fraction=4.0187%, Lmin=-5.15, Lmax=-4.83
11:22:09 [ultranest] [DEBUG] iteration=4115, ncalls=19434, regioncalls=861080, ndraw=40, logz=-12.15, remainder_fraction=4.0009%, Lmin=-5.15, Lmax=-4.83
11:22:10 [ultranest] [DEBUG] iteration=4117, ncalls=19454, regioncalls=861880, ndraw=40, logz=-12.15, remainder_fraction=3.9852%, Lmin=-5.15, Lmax=-4.83
11:22:12 [ultranest] [DEBUG] iteration=4118, ncalls=19480, regioncalls=862920, ndraw=40, logz=-12.15, remainder_fraction=3.9771%, Lmin=-5.15, Lmax=-4.83
11:22:12 [ultranest] [DEBUG] iteration=4119, ncalls=19486, regioncalls=863160, ndraw=40, logz=-12.15, remainder_fraction=3.9684%, Lmin=-5.15, Lmax=-4.83
11:22:12 [ultranest] [DEBUG] iteration=4120, ncalls=19492, regioncalls=863400, ndraw=40, logz=-12.15, remainder_fraction=3.9586%, Lmin=-5.15, Lmax=-4.83
11:22:13 [ultranest] [DEBUG] iteration=4122, ncalls=19496, regioncalls=863560, ndraw=40, logz=-12.15, remainder_fraction=3.9396%, Lmin=-5.14, Lmax=-4.83
11:22:13 [ultranest] [DEBUG] iteration=4123, ncalls=19503, regioncalls=863840, ndraw=40, logz=-12.15, remainder_fraction=3.9311%, Lmin=-5.14, Lmax=-4.83
11:22:13 [ultranest] [DEBUG] iteration=4124, ncalls=19515, regioncalls=864320, ndraw=40, logz=-12.15, remainder_fraction=3.9231%, Lmin=-5.14, Lmax=-4.83
11:22:14 [ultranest] [DEBUG] iteration=4125, ncalls=19522, regioncalls=864600, ndraw=40, logz=-12.15, remainder_fraction=3.9139%, Lmin=-5.14, Lmax=-4.83
11:22:14 [ultranest] [DEBUG] iteration=4126, ncalls=19524, regioncalls=864680, ndraw=40, logz=-12.15, remainder_fraction=3.9055%, Lmin=-5.14, Lmax=-4.83
11:22:15 [ultranest] [DEBUG] iteration=4127, ncalls=19546, regioncalls=865920, ndraw=40, logz=-12.15, remainder_fraction=3.8959%, Lmin=-5.14, Lmax=-4.83
11:22:15 [ultranest] [DEBUG] iteration=4128, ncalls=19551, regioncalls=866120, ndraw=40, logz=-12.15, remainder_fraction=3.8881%, Lmin=-5.14, Lmax=-4.83
11:22:16 [ultranest] [DEBUG] iteration=4129, ncalls=19564, regioncalls=866640, ndraw=40, logz=-12.15, remainder_fraction=3.8789%, Lmin=-5.14, Lmax=-4.83
11:22:16 [ultranest] [DEBUG] iteration=4130, ncalls=19569, regioncalls=866840, ndraw=40, logz=-12.15, remainder_fraction=3.8708%, Lmin=-5.14, Lmax=-4.83
11:22:16 [ultranest] [DEBUG] iteration=4131, ncalls=19572, regioncalls=866960, ndraw=40, logz=-12.15, remainder_fraction=3.8618%, Lmin=-5.14, Lmax=-4.83
11:22:17 [ultranest] [DEBUG] iteration=4132, ncalls=19577, regioncalls=867160, ndraw=40, logz=-12.15, remainder_fraction=3.8530%, Lmin=-5.14, Lmax=-4.83
11:22:17 [ultranest] [DEBUG] iteration=4134, ncalls=19585, regioncalls=867480, ndraw=40, logz=-12.15, remainder_fraction=3.8349%, Lmin=-5.14, Lmax=-4.83
11:22:17 [ultranest] [DEBUG] iteration=4135, ncalls=19587, regioncalls=867560, ndraw=40, logz=-12.15, remainder_fraction=3.8256%, Lmin=-5.14, Lmax=-4.83
11:22:17 [ultranest] [DEBUG] iteration=4136, ncalls=19590, regioncalls=867680, ndraw=40, logz=-12.15, remainder_fraction=3.8171%, Lmin=-5.14, Lmax=-4.83
11:22:18 [ultranest] [DEBUG] iteration=4137, ncalls=19604, regioncalls=868240, ndraw=40, logz=-12.15, remainder_fraction=3.8079%, Lmin=-5.14, Lmax=-4.83
11:22:19 [ultranest] [DEBUG] iteration=4138, ncalls=19617, regioncalls=868760, ndraw=40, logz=-12.15, remainder_fraction=3.7996%, Lmin=-5.14, Lmax=-4.83
11:22:20 [ultranest] [DEBUG] iteration=4140, ncalls=19646, regioncalls=869920, ndraw=40, logz=-12.15, remainder_fraction=3.7838%, Lmin=-5.14, Lmax=-4.83
11:22:21 [ultranest] [DEBUG] iteration=4141, ncalls=19653, regioncalls=870200, ndraw=40, logz=-12.15, remainder_fraction=3.7754%, Lmin=-5.14, Lmax=-4.83
11:22:21 [ultranest] [DEBUG] iteration=4142, ncalls=19665, regioncalls=870680, ndraw=40, logz=-12.15, remainder_fraction=3.7676%, Lmin=-5.14, Lmax=-4.83
11:22:22 [ultranest] [DEBUG] iteration=4143, ncalls=19676, regioncalls=871120, ndraw=40, logz=-12.15, remainder_fraction=3.7583%, Lmin=-5.14, Lmax=-4.83
11:22:22 [ultranest] [DEBUG] iteration=4144, ncalls=19679, regioncalls=871240, ndraw=40, logz=-12.15, remainder_fraction=3.7491%, Lmin=-5.14, Lmax=-4.83
11:22:22 [ultranest] [DEBUG] iteration=4147, ncalls=19687, regioncalls=871560, ndraw=40, logz=-12.15, remainder_fraction=3.7226%, Lmin=-5.14, Lmax=-4.83
11:22:23 [ultranest] [DEBUG] iteration=4148, ncalls=19690, regioncalls=871680, ndraw=40, logz=-12.15, remainder_fraction=3.7137%, Lmin=-5.14, Lmax=-4.83
11:22:24 [ultranest] [DEBUG] iteration=4149, ncalls=19719, regioncalls=872840, ndraw=40, logz=-12.15, remainder_fraction=3.7047%, Lmin=-5.14, Lmax=-4.83
11:22:24 [ultranest] [DEBUG] iteration=4150, ncalls=19721, regioncalls=872920, ndraw=40, logz=-12.15, remainder_fraction=3.6965%, Lmin=-5.13, Lmax=-4.83
11:22:25 [ultranest] [DEBUG] iteration=4151, ncalls=19734, regioncalls=873440, ndraw=40, logz=-12.15, remainder_fraction=3.6875%, Lmin=-5.13, Lmax=-4.83
11:22:25 [ultranest] [DEBUG] iteration=4153, ncalls=19743, regioncalls=873800, ndraw=40, logz=-12.15, remainder_fraction=3.6725%, Lmin=-5.13, Lmax=-4.83
11:22:26 [ultranest] [DEBUG] iteration=4154, ncalls=19761, regioncalls=874520, ndraw=40, logz=-12.15, remainder_fraction=3.6635%, Lmin=-5.13, Lmax=-4.83
11:22:26 [ultranest] [DEBUG] iteration=4156, ncalls=19770, regioncalls=874880, ndraw=40, logz=-12.15, remainder_fraction=3.6472%, Lmin=-5.13, Lmax=-4.83
11:22:27 [ultranest] [DEBUG] iteration=4157, ncalls=19777, regioncalls=875160, ndraw=40, logz=-12.15, remainder_fraction=3.6388%, Lmin=-5.13, Lmax=-4.83
11:22:27 [ultranest] [DEBUG] iteration=4158, ncalls=19789, regioncalls=875640, ndraw=40, logz=-12.15, remainder_fraction=3.6307%, Lmin=-5.13, Lmax=-4.83
11:22:28 [ultranest] [DEBUG] iteration=4159, ncalls=19798, regioncalls=876000, ndraw=40, logz=-12.15, remainder_fraction=3.6220%, Lmin=-5.13, Lmax=-4.83
11:22:28 [ultranest] [DEBUG] iteration=4160, ncalls=19800, regioncalls=876080, ndraw=40, logz=-12.15, remainder_fraction=3.6150%, Lmin=-5.13, Lmax=-4.83
11:22:29 [ultranest] [DEBUG] iteration=4161, ncalls=19829, regioncalls=877280, ndraw=40, logz=-12.15, remainder_fraction=3.6065%, Lmin=-5.13, Lmax=-4.83
11:22:30 [ultranest] [DEBUG] iteration=4162, ncalls=19837, regioncalls=877600, ndraw=40, logz=-12.15, remainder_fraction=3.5976%, Lmin=-5.13, Lmax=-4.83
11:22:30 [ultranest] [DEBUG] iteration=4163, ncalls=19849, regioncalls=878080, ndraw=40, logz=-12.15, remainder_fraction=3.5896%, Lmin=-5.13, Lmax=-4.83
11:22:31 [ultranest] [DEBUG] iteration=4164, ncalls=19859, regioncalls=878480, ndraw=40, logz=-12.15, remainder_fraction=3.5807%, Lmin=-5.13, Lmax=-4.83
11:22:31 [ultranest] [DEBUG] iteration=4166, ncalls=19866, regioncalls=878760, ndraw=40, logz=-12.15, remainder_fraction=3.5651%, Lmin=-5.13, Lmax=-4.83
11:22:32 [ultranest] [DEBUG] iteration=4168, ncalls=19875, regioncalls=879120, ndraw=40, logz=-12.15, remainder_fraction=3.5491%, Lmin=-5.13, Lmax=-4.83
11:22:32 [ultranest] [DEBUG] iteration=4169, ncalls=19885, regioncalls=879520, ndraw=40, logz=-12.15, remainder_fraction=3.5414%, Lmin=-5.13, Lmax=-4.83
11:22:32 [ultranest] [DEBUG] iteration=4170, ncalls=19889, regioncalls=879680, ndraw=40, logz=-12.15, remainder_fraction=3.5329%, Lmin=-5.13, Lmax=-4.83
11:22:33 [ultranest] [DEBUG] iteration=4171, ncalls=19900, regioncalls=880120, ndraw=40, logz=-12.15, remainder_fraction=3.5242%, Lmin=-5.13, Lmax=-4.83
11:22:34 [ultranest] [DEBUG] iteration=4173, ncalls=19918, regioncalls=881280, ndraw=40, logz=-12.15, remainder_fraction=3.5075%, Lmin=-5.13, Lmax=-4.83
11:22:34 [ultranest] [DEBUG] iteration=4174, ncalls=19921, regioncalls=881400, ndraw=40, logz=-12.15, remainder_fraction=3.5010%, Lmin=-5.13, Lmax=-4.83
11:22:34 [ultranest] [DEBUG] iteration=4175, ncalls=19927, regioncalls=881800, ndraw=40, logz=-12.15, remainder_fraction=3.4927%, Lmin=-5.13, Lmax=-4.83
11:22:35 [ultranest] [DEBUG] iteration=4176, ncalls=19937, regioncalls=882600, ndraw=40, logz=-12.15, remainder_fraction=3.4840%, Lmin=-5.13, Lmax=-4.83
11:22:35 [ultranest] [DEBUG] iteration=4177, ncalls=19951, regioncalls=883160, ndraw=40, logz=-12.15, remainder_fraction=3.4763%, Lmin=-5.13, Lmax=-4.83
11:22:35 [ultranest] [DEBUG] iteration=4178, ncalls=19954, regioncalls=883280, ndraw=40, logz=-12.15, remainder_fraction=3.4683%, Lmin=-5.13, Lmax=-4.83
11:22:36 [ultranest] [DEBUG] iteration=4179, ncalls=19965, regioncalls=883720, ndraw=40, logz=-12.15, remainder_fraction=3.4602%, Lmin=-5.13, Lmax=-4.83
11:22:37 [ultranest] [DEBUG] iteration=4180, ncalls=19983, regioncalls=884440, ndraw=40, logz=-12.15, remainder_fraction=3.4521%, Lmin=-5.13, Lmax=-4.83
11:22:38 [ultranest] [DEBUG] iteration=4181, ncalls=19997, regioncalls=885000, ndraw=40, logz=-12.15, remainder_fraction=3.4436%, Lmin=-5.13, Lmax=-4.83
11:22:38 [ultranest] [DEBUG] iteration=4182, ncalls=20011, regioncalls=885560, ndraw=40, logz=-12.15, remainder_fraction=3.4360%, Lmin=-5.13, Lmax=-4.83
11:22:39 [ultranest] [DEBUG] iteration=4184, ncalls=20028, regioncalls=886440, ndraw=40, logz=-12.15, remainder_fraction=3.4192%, Lmin=-5.13, Lmax=-4.83
11:22:40 [ultranest] [DEBUG] iteration=4186, ncalls=20045, regioncalls=887120, ndraw=40, logz=-12.15, remainder_fraction=3.4024%, Lmin=-5.12, Lmax=-4.83
11:22:40 [ultranest] [DEBUG] iteration=4189, ncalls=20054, regioncalls=887480, ndraw=40, logz=-12.15, remainder_fraction=3.3796%, Lmin=-5.12, Lmax=-4.83
11:22:41 [ultranest] [DEBUG] iteration=4190, ncalls=20058, regioncalls=887640, ndraw=40, logz=-12.15, remainder_fraction=3.3725%, Lmin=-5.12, Lmax=-4.83
11:22:41 [ultranest] [DEBUG] iteration=4191, ncalls=20066, regioncalls=888000, ndraw=40, logz=-12.15, remainder_fraction=3.3645%, Lmin=-5.12, Lmax=-4.83
11:22:41 [ultranest] [DEBUG] iteration=4193, ncalls=20074, regioncalls=888520, ndraw=40, logz=-12.15, remainder_fraction=3.3493%, Lmin=-5.12, Lmax=-4.83
11:22:42 [ultranest] [DEBUG] iteration=4194, ncalls=20081, regioncalls=888800, ndraw=40, logz=-12.15, remainder_fraction=3.3429%, Lmin=-5.12, Lmax=-4.83
11:22:42 [ultranest] [DEBUG] iteration=4195, ncalls=20091, regioncalls=889200, ndraw=40, logz=-12.15, remainder_fraction=3.3352%, Lmin=-5.12, Lmax=-4.83
11:22:43 [ultranest] [DEBUG] iteration=4196, ncalls=20102, regioncalls=889680, ndraw=40, logz=-12.15, remainder_fraction=3.3270%, Lmin=-5.12, Lmax=-4.83
11:22:43 [ultranest] [DEBUG] iteration=4197, ncalls=20110, regioncalls=890000, ndraw=40, logz=-12.15, remainder_fraction=3.3198%, Lmin=-5.12, Lmax=-4.83
11:22:43 [ultranest] [DEBUG] iteration=4199, ncalls=20115, regioncalls=890200, ndraw=40, logz=-12.15, remainder_fraction=3.3039%, Lmin=-5.12, Lmax=-4.83
11:22:44 [ultranest] [DEBUG] iteration=4200, ncalls=20118, regioncalls=890320, ndraw=40, logz=-12.15, remainder_fraction=3.2960%, Lmin=-5.12, Lmax=-4.83
11:22:44 [ultranest] [DEBUG] iteration=4201, ncalls=20126, regioncalls=890640, ndraw=40, logz=-12.15, remainder_fraction=3.2884%, Lmin=-5.12, Lmax=-4.83
11:22:44 [ultranest] [DEBUG] iteration=4202, ncalls=20131, regioncalls=890840, ndraw=40, logz=-12.15, remainder_fraction=3.2805%, Lmin=-5.12, Lmax=-4.83
11:22:45 [ultranest] [DEBUG] iteration=4203, ncalls=20135, regioncalls=891000, ndraw=40, logz=-12.15, remainder_fraction=3.2736%, Lmin=-5.12, Lmax=-4.83
11:22:45 [ultranest] [DEBUG] iteration=4204, ncalls=20139, regioncalls=891160, ndraw=40, logz=-12.15, remainder_fraction=3.2659%, Lmin=-5.12, Lmax=-4.83
11:22:45 [ultranest] [DEBUG] iteration=4205, ncalls=20141, regioncalls=891240, ndraw=40, logz=-12.15, remainder_fraction=3.2600%, Lmin=-5.12, Lmax=-4.83
11:22:45 [ultranest] [DEBUG] iteration=4206, ncalls=20148, regioncalls=891520, ndraw=40, logz=-12.15, remainder_fraction=3.2528%, Lmin=-5.12, Lmax=-4.83
11:22:46 [ultranest] [DEBUG] iteration=4207, ncalls=20156, regioncalls=892240, ndraw=40, logz=-12.15, remainder_fraction=3.2455%, Lmin=-5.12, Lmax=-4.83
11:22:46 [ultranest] [DEBUG] iteration=4208, ncalls=20159, regioncalls=892360, ndraw=40, logz=-12.15, remainder_fraction=3.2387%, Lmin=-5.12, Lmax=-4.83
11:22:46 [ultranest] [DEBUG] iteration=4210, ncalls=20163, regioncalls=892520, ndraw=40, logz=-12.15, remainder_fraction=3.2261%, Lmin=-5.12, Lmax=-4.83
11:22:46 [ultranest] [DEBUG] iteration=4211, ncalls=20171, regioncalls=892920, ndraw=40, logz=-12.15, remainder_fraction=3.2183%, Lmin=-5.12, Lmax=-4.83
11:22:48 [ultranest] [DEBUG] iteration=4212, ncalls=20198, regioncalls=894120, ndraw=40, logz=-12.15, remainder_fraction=3.2104%, Lmin=-5.12, Lmax=-4.83
11:22:48 [ultranest] [DEBUG] iteration=4213, ncalls=20203, regioncalls=894320, ndraw=40, logz=-12.15, remainder_fraction=3.2028%, Lmin=-5.12, Lmax=-4.83
11:22:48 [ultranest] [DEBUG] iteration=4214, ncalls=20208, regioncalls=894520, ndraw=40, logz=-12.15, remainder_fraction=3.1952%, Lmin=-5.12, Lmax=-4.83
11:22:48 [ultranest] [DEBUG] iteration=4215, ncalls=20213, regioncalls=894720, ndraw=40, logz=-12.15, remainder_fraction=3.1873%, Lmin=-5.12, Lmax=-4.83
11:22:50 [ultranest] [DEBUG] iteration=4216, ncalls=20236, regioncalls=895800, ndraw=40, logz=-12.15, remainder_fraction=3.1812%, Lmin=-5.12, Lmax=-4.83
11:22:50 [ultranest] [DEBUG] iteration=4217, ncalls=20239, regioncalls=895920, ndraw=40, logz=-12.15, remainder_fraction=3.1744%, Lmin=-5.11, Lmax=-4.83
11:22:50 [ultranest] [DEBUG] iteration=4218, ncalls=20245, regioncalls=896160, ndraw=40, logz=-12.15, remainder_fraction=3.1670%, Lmin=-5.11, Lmax=-4.83
11:22:50 [ultranest] [DEBUG] iteration=4219, ncalls=20249, regioncalls=896320, ndraw=40, logz=-12.15, remainder_fraction=3.1595%, Lmin=-5.11, Lmax=-4.83
11:22:52 [ultranest] [DEBUG] iteration=4221, ncalls=20275, regioncalls=897360, ndraw=40, logz=-12.15, remainder_fraction=3.1446%, Lmin=-5.11, Lmax=-4.83
11:22:52 [ultranest] [DEBUG] iteration=4222, ncalls=20281, regioncalls=897600, ndraw=40, logz=-12.15, remainder_fraction=3.1371%, Lmin=-5.11, Lmax=-4.83
11:22:52 [ultranest] [DEBUG] iteration=4223, ncalls=20288, regioncalls=897880, ndraw=40, logz=-12.15, remainder_fraction=3.1293%, Lmin=-5.11, Lmax=-4.83
11:22:53 [ultranest] [DEBUG] iteration=4224, ncalls=20295, regioncalls=898160, ndraw=40, logz=-12.15, remainder_fraction=3.1220%, Lmin=-5.11, Lmax=-4.83
11:22:53 [ultranest] [DEBUG] iteration=4226, ncalls=20306, regioncalls=898600, ndraw=40, logz=-12.15, remainder_fraction=3.1070%, Lmin=-5.11, Lmax=-4.83
11:22:54 [ultranest] [DEBUG] iteration=4227, ncalls=20320, regioncalls=899160, ndraw=40, logz=-12.15, remainder_fraction=3.0994%, Lmin=-5.11, Lmax=-4.83
11:22:55 [ultranest] [DEBUG] iteration=4229, ncalls=20341, regioncalls=900000, ndraw=40, logz=-12.15, remainder_fraction=3.0854%, Lmin=-5.11, Lmax=-4.83
11:22:55 [ultranest] [DEBUG] iteration=4230, ncalls=20342, regioncalls=900120, ndraw=40, logz=-12.15, remainder_fraction=3.0782%, Lmin=-5.11, Lmax=-4.83
11:22:56 [ultranest] [DEBUG] iteration=4231, ncalls=20352, regioncalls=900800, ndraw=40, logz=-12.14, remainder_fraction=3.0713%, Lmin=-5.11, Lmax=-4.83
11:22:56 [ultranest] [DEBUG] iteration=4232, ncalls=20360, regioncalls=901440, ndraw=40, logz=-12.14, remainder_fraction=3.0641%, Lmin=-5.11, Lmax=-4.83
11:22:57 [ultranest] [DEBUG] iteration=4233, ncalls=20369, regioncalls=902280, ndraw=40, logz=-12.14, remainder_fraction=3.0565%, Lmin=-5.11, Lmax=-4.83
11:22:57 [ultranest] [DEBUG] iteration=4235, ncalls=20386, regioncalls=903640, ndraw=40, logz=-12.14, remainder_fraction=3.0439%, Lmin=-5.11, Lmax=-4.83
11:22:58 [ultranest] [DEBUG] iteration=4236, ncalls=20388, regioncalls=903720, ndraw=40, logz=-12.14, remainder_fraction=3.0364%, Lmin=-5.11, Lmax=-4.83
11:22:58 [ultranest] [DEBUG] iteration=4237, ncalls=20393, regioncalls=904040, ndraw=40, logz=-12.14, remainder_fraction=3.0290%, Lmin=-5.11, Lmax=-4.83
11:22:59 [ultranest] [DEBUG] iteration=4239, ncalls=20413, regioncalls=905280, ndraw=40, logz=-12.14, remainder_fraction=3.0152%, Lmin=-5.11, Lmax=-4.83
11:22:59 [ultranest] [DEBUG] iteration=4240, ncalls=20417, regioncalls=905960, ndraw=40, logz=-12.14, remainder_fraction=3.0079%, Lmin=-5.11, Lmax=-4.83
11:23:00 [ultranest] [DEBUG] iteration=4241, ncalls=20433, regioncalls=907000, ndraw=40, logz=-12.14, remainder_fraction=3.0010%, Lmin=-5.11, Lmax=-4.83
11:23:02 [ultranest] [DEBUG] iteration=4242, ncalls=20477, regioncalls=910960, ndraw=40, logz=-12.14, remainder_fraction=2.9952%, Lmin=-5.11, Lmax=-4.83
11:23:02 [ultranest] [DEBUG] iteration=4243, ncalls=20482, regioncalls=911560, ndraw=40, logz=-12.14, remainder_fraction=2.9897%, Lmin=-5.11, Lmax=-4.83
11:23:03 [ultranest] [DEBUG] iteration=4244, ncalls=20493, regioncalls=912720, ndraw=40, logz=-12.14, remainder_fraction=2.9824%, Lmin=-5.11, Lmax=-4.83
11:23:03 [ultranest] [DEBUG] iteration=4245, ncalls=20499, regioncalls=913320, ndraw=40, logz=-12.14, remainder_fraction=2.9753%, Lmin=-5.11, Lmax=-4.83
11:23:05 [ultranest] [DEBUG] iteration=4246, ncalls=20531, regioncalls=915160, ndraw=40, logz=-12.14, remainder_fraction=2.9681%, Lmin=-5.11, Lmax=-4.83
11:23:06 [ultranest] [DEBUG] iteration=4247, ncalls=20546, regioncalls=915760, ndraw=40, logz=-12.14, remainder_fraction=2.9610%, Lmin=-5.11, Lmax=-4.83
11:23:06 [ultranest] [DEBUG] iteration=4249, ncalls=20557, regioncalls=916320, ndraw=40, logz=-12.14, remainder_fraction=2.9465%, Lmin=-5.11, Lmax=-4.83
11:23:07 [ultranest] [DEBUG] iteration=4250, ncalls=20568, regioncalls=917240, ndraw=40, logz=-12.14, remainder_fraction=2.9401%, Lmin=-5.11, Lmax=-4.83
11:23:07 [ultranest] [DEBUG] iteration=4252, ncalls=20570, regioncalls=917320, ndraw=40, logz=-12.14, remainder_fraction=2.9261%, Lmin=-5.11, Lmax=-4.83
11:23:07 [ultranest] [DEBUG] iteration=4253, ncalls=20573, regioncalls=917520, ndraw=40, logz=-12.14, remainder_fraction=2.9190%, Lmin=-5.11, Lmax=-4.83
11:23:07 [ultranest] [DEBUG] iteration=4254, ncalls=20579, regioncalls=917880, ndraw=40, logz=-12.14, remainder_fraction=2.9120%, Lmin=-5.11, Lmax=-4.83
11:23:09 [ultranest] [DEBUG] iteration=4256, ncalls=20602, regioncalls=920000, ndraw=40, logz=-12.14, remainder_fraction=2.8976%, Lmin=-5.10, Lmax=-4.83
11:23:09 [ultranest] [DEBUG] iteration=4257, ncalls=20608, regioncalls=920520, ndraw=40, logz=-12.14, remainder_fraction=2.8913%, Lmin=-5.10, Lmax=-4.83
11:23:09 [ultranest] [DEBUG] iteration=4258, ncalls=20611, regioncalls=920640, ndraw=40, logz=-12.14, remainder_fraction=2.8845%, Lmin=-5.10, Lmax=-4.83
11:23:09 [ultranest] [DEBUG] iteration=4259, ncalls=20617, regioncalls=921040, ndraw=40, logz=-12.14, remainder_fraction=2.8785%, Lmin=-5.10, Lmax=-4.83
11:23:09 [ultranest] [DEBUG] iteration=4260, ncalls=20619, regioncalls=921160, ndraw=40, logz=-12.14, remainder_fraction=2.8730%, Lmin=-5.10, Lmax=-4.83
11:23:10 [ultranest] [DEBUG] iteration=4261, ncalls=20622, regioncalls=921600, ndraw=40, logz=-12.14, remainder_fraction=2.8660%, Lmin=-5.10, Lmax=-4.83
11:23:10 [ultranest] [DEBUG] iteration=4262, ncalls=20625, regioncalls=921960, ndraw=40, logz=-12.14, remainder_fraction=2.8605%, Lmin=-5.10, Lmax=-4.83
11:23:10 [ultranest] [DEBUG] iteration=4263, ncalls=20634, regioncalls=922640, ndraw=40, logz=-12.14, remainder_fraction=2.8550%, Lmin=-5.10, Lmax=-4.83
11:23:10 [ultranest] [DEBUG] iteration=4264, ncalls=20636, regioncalls=922720, ndraw=40, logz=-12.14, remainder_fraction=2.8487%, Lmin=-5.10, Lmax=-4.83
11:23:11 [ultranest] [DEBUG] iteration=4265, ncalls=20642, regioncalls=922960, ndraw=40, logz=-12.14, remainder_fraction=2.8425%, Lmin=-5.10, Lmax=-4.83
11:23:11 [ultranest] [DEBUG] iteration=4266, ncalls=20647, regioncalls=923160, ndraw=40, logz=-12.14, remainder_fraction=2.8362%, Lmin=-5.10, Lmax=-4.83
11:23:11 [ultranest] [DEBUG] iteration=4267, ncalls=20655, regioncalls=923560, ndraw=40, logz=-12.14, remainder_fraction=2.8304%, Lmin=-5.10, Lmax=-4.83
11:23:11 [ultranest] [DEBUG] iteration=4268, ncalls=20658, regioncalls=923880, ndraw=40, logz=-12.14, remainder_fraction=2.8242%, Lmin=-5.10, Lmax=-4.83
11:23:11 [ultranest] [DEBUG] iteration=4269, ncalls=20660, regioncalls=924040, ndraw=40, logz=-12.14, remainder_fraction=2.8174%, Lmin=-5.10, Lmax=-4.83
11:23:12 [ultranest] [DEBUG] iteration=4270, ncalls=20679, regioncalls=925560, ndraw=40, logz=-12.14, remainder_fraction=2.8105%, Lmin=-5.10, Lmax=-4.83
11:23:13 [ultranest] [DEBUG] iteration=4271, ncalls=20699, regioncalls=926560, ndraw=40, logz=-12.14, remainder_fraction=2.8039%, Lmin=-5.10, Lmax=-4.83
11:23:15 [ultranest] [DEBUG] iteration=4272, ncalls=20723, regioncalls=927720, ndraw=40, logz=-12.14, remainder_fraction=2.7974%, Lmin=-5.10, Lmax=-4.83
11:23:15 [ultranest] [DEBUG] iteration=4273, ncalls=20727, regioncalls=927920, ndraw=40, logz=-12.14, remainder_fraction=2.7907%, Lmin=-5.10, Lmax=-4.83
11:23:15 [ultranest] [DEBUG] iteration=4274, ncalls=20735, regioncalls=928280, ndraw=40, logz=-12.14, remainder_fraction=2.7838%, Lmin=-5.10, Lmax=-4.83
11:23:16 [ultranest] [DEBUG] iteration=4275, ncalls=20750, regioncalls=929400, ndraw=40, logz=-12.14, remainder_fraction=2.7774%, Lmin=-5.10, Lmax=-4.83
11:23:17 [ultranest] [DEBUG] iteration=4276, ncalls=20769, regioncalls=930600, ndraw=40, logz=-12.14, remainder_fraction=2.7706%, Lmin=-5.10, Lmax=-4.83
11:23:17 [ultranest] [DEBUG] iteration=4278, ncalls=20775, regioncalls=931000, ndraw=40, logz=-12.14, remainder_fraction=2.7572%, Lmin=-5.10, Lmax=-4.83
11:23:18 [ultranest] [DEBUG] iteration=4279, ncalls=20784, regioncalls=931520, ndraw=40, logz=-12.14, remainder_fraction=2.7515%, Lmin=-5.10, Lmax=-4.83
11:23:18 [ultranest] [DEBUG] iteration=4280, ncalls=20791, regioncalls=932000, ndraw=40, logz=-12.14, remainder_fraction=2.7453%, Lmin=-5.10, Lmax=-4.83
11:23:18 [ultranest] [DEBUG] iteration=4281, ncalls=20794, regioncalls=932160, ndraw=40, logz=-12.14, remainder_fraction=2.7394%, Lmin=-5.10, Lmax=-4.83
11:23:18 [ultranest] [DEBUG] iteration=4282, ncalls=20798, regioncalls=932320, ndraw=40, logz=-12.14, remainder_fraction=2.7339%, Lmin=-5.10, Lmax=-4.83
11:23:19 [ultranest] [DEBUG] iteration=4283, ncalls=20805, regioncalls=932600, ndraw=40, logz=-12.14, remainder_fraction=2.7272%, Lmin=-5.10, Lmax=-4.83
11:23:19 [ultranest] [DEBUG] iteration=4284, ncalls=20815, regioncalls=933360, ndraw=40, logz=-12.14, remainder_fraction=2.7209%, Lmin=-5.10, Lmax=-4.83
11:23:19 [ultranest] [DEBUG] iteration=4285, ncalls=20818, regioncalls=933680, ndraw=40, logz=-12.14, remainder_fraction=2.7148%, Lmin=-5.10, Lmax=-4.83
11:23:20 [ultranest] [DEBUG] iteration=4286, ncalls=20820, regioncalls=933760, ndraw=40, logz=-12.14, remainder_fraction=2.7081%, Lmin=-5.10, Lmax=-4.83
11:23:20 [ultranest] [DEBUG] iteration=4287, ncalls=20822, regioncalls=934360, ndraw=40, logz=-12.14, remainder_fraction=2.7018%, Lmin=-5.09, Lmax=-4.83
11:23:20 [ultranest] [DEBUG] iteration=4288, ncalls=20829, regioncalls=934880, ndraw=40, logz=-12.14, remainder_fraction=2.6957%, Lmin=-5.09, Lmax=-4.83
11:23:22 [ultranest] [DEBUG] iteration=4289, ncalls=20861, regioncalls=936600, ndraw=40, logz=-12.14, remainder_fraction=2.6894%, Lmin=-5.09, Lmax=-4.83
11:23:22 [ultranest] [DEBUG] iteration=4290, ncalls=20868, regioncalls=937040, ndraw=40, logz=-12.14, remainder_fraction=2.6833%, Lmin=-5.09, Lmax=-4.83
11:23:23 [ultranest] [DEBUG] iteration=4291, ncalls=20875, regioncalls=937320, ndraw=40, logz=-12.14, remainder_fraction=2.6772%, Lmin=-5.09, Lmax=-4.83
11:23:24 [ultranest] [DEBUG] iteration=4292, ncalls=20902, regioncalls=939160, ndraw=40, logz=-12.14, remainder_fraction=2.6708%, Lmin=-5.09, Lmax=-4.83
11:23:25 [ultranest] [DEBUG] iteration=4293, ncalls=20916, regioncalls=940000, ndraw=40, logz=-12.14, remainder_fraction=2.6643%, Lmin=-5.09, Lmax=-4.83
11:23:25 [ultranest] [DEBUG] iteration=4294, ncalls=20930, regioncalls=940840, ndraw=40, logz=-12.14, remainder_fraction=2.6583%, Lmin=-5.09, Lmax=-4.83
11:23:26 [ultranest] [DEBUG] iteration=4295, ncalls=20941, regioncalls=941640, ndraw=40, logz=-12.14, remainder_fraction=2.6525%, Lmin=-5.09, Lmax=-4.83
11:23:27 [ultranest] [DEBUG] iteration=4296, ncalls=20967, regioncalls=943120, ndraw=40, logz=-12.14, remainder_fraction=2.6470%, Lmin=-5.09, Lmax=-4.83
11:23:28 [ultranest] [DEBUG] iteration=4297, ncalls=20982, regioncalls=944000, ndraw=40, logz=-12.14, remainder_fraction=2.6413%, Lmin=-5.09, Lmax=-4.83
11:23:29 [ultranest] [DEBUG] iteration=4298, ncalls=21012, regioncalls=945680, ndraw=40, logz=-12.14, remainder_fraction=2.6347%, Lmin=-5.09, Lmax=-4.83
11:23:30 [ultranest] [DEBUG] iteration=4299, ncalls=21021, regioncalls=946360, ndraw=40, logz=-12.14, remainder_fraction=2.6290%, Lmin=-5.09, Lmax=-4.83
11:23:30 [ultranest] [DEBUG] iteration=4300, ncalls=21028, regioncalls=946680, ndraw=40, logz=-12.14, remainder_fraction=2.6225%, Lmin=-5.09, Lmax=-4.83
11:23:31 [ultranest] [DEBUG] iteration=4301, ncalls=21051, regioncalls=948120, ndraw=40, logz=-12.14, remainder_fraction=2.6165%, Lmin=-5.09, Lmax=-4.83
11:23:32 [ultranest] [DEBUG] iteration=4303, ncalls=21054, regioncalls=948440, ndraw=40, logz=-12.14, remainder_fraction=2.6051%, Lmin=-5.09, Lmax=-4.83
11:23:32 [ultranest] [DEBUG] iteration=4304, ncalls=21063, regioncalls=948920, ndraw=40, logz=-12.14, remainder_fraction=2.5996%, Lmin=-5.09, Lmax=-4.83
11:23:33 [ultranest] [DEBUG] iteration=4306, ncalls=21073, regioncalls=949320, ndraw=40, logz=-12.14, remainder_fraction=2.5885%, Lmin=-5.09, Lmax=-4.83
11:23:33 [ultranest] [DEBUG] iteration=4307, ncalls=21083, regioncalls=950160, ndraw=40, logz=-12.14, remainder_fraction=2.5821%, Lmin=-5.09, Lmax=-4.83
11:23:34 [ultranest] [DEBUG] iteration=4308, ncalls=21095, regioncalls=951280, ndraw=40, logz=-12.14, remainder_fraction=2.5765%, Lmin=-5.09, Lmax=-4.83
11:23:34 [ultranest] [DEBUG] iteration=4309, ncalls=21097, regioncalls=951360, ndraw=40, logz=-12.14, remainder_fraction=2.5702%, Lmin=-5.09, Lmax=-4.83
11:23:34 [ultranest] [DEBUG] iteration=4310, ncalls=21100, regioncalls=951480, ndraw=40, logz=-12.14, remainder_fraction=2.5650%, Lmin=-5.09, Lmax=-4.83
11:23:34 [ultranest] [DEBUG] iteration=4312, ncalls=21104, regioncalls=951720, ndraw=40, logz=-12.14, remainder_fraction=2.5526%, Lmin=-5.09, Lmax=-4.83
11:23:34 [ultranest] [DEBUG] iteration=4314, ncalls=21107, regioncalls=951920, ndraw=40, logz=-12.14, remainder_fraction=2.5402%, Lmin=-5.09, Lmax=-4.83
11:23:35 [ultranest] [DEBUG] iteration=4315, ncalls=21117, regioncalls=952480, ndraw=40, logz=-12.14, remainder_fraction=2.5339%, Lmin=-5.09, Lmax=-4.83
11:23:35 [ultranest] [DEBUG] iteration=4316, ncalls=21122, regioncalls=952680, ndraw=40, logz=-12.14, remainder_fraction=2.5278%, Lmin=-5.09, Lmax=-4.83
11:23:35 [ultranest] [DEBUG] iteration=4317, ncalls=21124, regioncalls=952800, ndraw=40, logz=-12.14, remainder_fraction=2.5218%, Lmin=-5.09, Lmax=-4.83
11:23:36 [ultranest] [DEBUG] iteration=4318, ncalls=21131, regioncalls=953760, ndraw=40, logz=-12.14, remainder_fraction=2.5163%, Lmin=-5.09, Lmax=-4.83
11:23:36 [ultranest] [DEBUG] iteration=4319, ncalls=21139, regioncalls=954200, ndraw=40, logz=-12.14, remainder_fraction=2.5106%, Lmin=-5.08, Lmax=-4.83
11:23:36 [ultranest] [DEBUG] iteration=4320, ncalls=21142, regioncalls=954400, ndraw=40, logz=-12.14, remainder_fraction=2.5044%, Lmin=-5.08, Lmax=-4.83
11:23:37 [ultranest] [DEBUG] iteration=4321, ncalls=21158, regioncalls=955040, ndraw=40, logz=-12.14, remainder_fraction=2.4988%, Lmin=-5.08, Lmax=-4.83
11:23:37 [ultranest] [DEBUG] iteration=4322, ncalls=21162, regioncalls=955200, ndraw=40, logz=-12.14, remainder_fraction=2.4937%, Lmin=-5.08, Lmax=-4.83
11:23:38 [ultranest] [DEBUG] iteration=4324, ncalls=21172, regioncalls=955800, ndraw=40, logz=-12.14, remainder_fraction=2.4822%, Lmin=-5.08, Lmax=-4.83
11:23:39 [ultranest] [DEBUG] iteration=4325, ncalls=21191, regioncalls=957080, ndraw=40, logz=-12.14, remainder_fraction=2.4762%, Lmin=-5.08, Lmax=-4.83
11:23:39 [ultranest] [DEBUG] iteration=4326, ncalls=21194, regioncalls=957200, ndraw=40, logz=-12.14, remainder_fraction=2.4703%, Lmin=-5.08, Lmax=-4.83
11:23:39 [ultranest] [DEBUG] iteration=4327, ncalls=21205, regioncalls=957640, ndraw=40, logz=-12.14, remainder_fraction=2.4642%, Lmin=-5.08, Lmax=-4.83
11:23:40 [ultranest] [DEBUG] iteration=4328, ncalls=21212, regioncalls=957920, ndraw=40, logz=-12.14, remainder_fraction=2.4594%, Lmin=-5.08, Lmax=-4.83
11:23:40 [ultranest] [DEBUG] iteration=4330, ncalls=21215, regioncalls=958040, ndraw=40, logz=-12.14, remainder_fraction=2.4480%, Lmin=-5.08, Lmax=-4.83
11:23:41 [ultranest] [DEBUG] iteration=4332, ncalls=21227, regioncalls=958520, ndraw=40, logz=-12.14, remainder_fraction=2.4358%, Lmin=-5.08, Lmax=-4.83
11:23:42 [ultranest] [DEBUG] iteration=4333, ncalls=21246, regioncalls=959280, ndraw=40, logz=-12.14, remainder_fraction=2.4299%, Lmin=-5.08, Lmax=-4.83
11:23:42 [ultranest] [DEBUG] iteration=4334, ncalls=21257, regioncalls=959840, ndraw=40, logz=-12.14, remainder_fraction=2.4241%, Lmin=-5.08, Lmax=-4.83
11:23:42 [ultranest] [DEBUG] iteration=4335, ncalls=21260, regioncalls=959960, ndraw=40, logz=-12.14, remainder_fraction=2.4182%, Lmin=-5.08, Lmax=-4.83
11:23:42 [ultranest] [DEBUG] iteration=4337, ncalls=21262, regioncalls=960040, ndraw=40, logz=-12.14, remainder_fraction=2.4067%, Lmin=-5.08, Lmax=-4.83
11:23:43 [ultranest] [DEBUG] iteration=4338, ncalls=21272, regioncalls=960760, ndraw=40, logz=-12.14, remainder_fraction=2.4008%, Lmin=-5.08, Lmax=-4.83
11:23:43 [ultranest] [DEBUG] iteration=4339, ncalls=21280, regioncalls=961080, ndraw=40, logz=-12.14, remainder_fraction=2.3950%, Lmin=-5.08, Lmax=-4.83
11:23:44 [ultranest] [DEBUG] iteration=4340, ncalls=21286, regioncalls=961320, ndraw=40, logz=-12.14, remainder_fraction=2.3893%, Lmin=-5.08, Lmax=-4.83
11:23:44 [ultranest] [DEBUG] iteration=4342, ncalls=21293, regioncalls=961600, ndraw=40, logz=-12.14, remainder_fraction=2.3785%, Lmin=-5.08, Lmax=-4.83
11:23:46 [ultranest] [DEBUG] iteration=4344, ncalls=21330, regioncalls=963120, ndraw=40, logz=-12.14, remainder_fraction=2.3673%, Lmin=-5.08, Lmax=-4.83
11:23:46 [ultranest] [DEBUG] iteration=4345, ncalls=21337, regioncalls=963400, ndraw=40, logz=-12.14, remainder_fraction=2.3620%, Lmin=-5.08, Lmax=-4.83
11:23:46 [ultranest] [DEBUG] iteration=4346, ncalls=21339, regioncalls=963480, ndraw=40, logz=-12.14, remainder_fraction=2.3570%, Lmin=-5.08, Lmax=-4.83
11:23:47 [ultranest] [DEBUG] iteration=4348, ncalls=21357, regioncalls=964240, ndraw=40, logz=-12.14, remainder_fraction=2.3463%, Lmin=-5.08, Lmax=-4.83
11:23:48 [ultranest] [DEBUG] iteration=4350, ncalls=21366, regioncalls=964600, ndraw=40, logz=-12.14, remainder_fraction=2.3366%, Lmin=-5.08, Lmax=-4.83
11:23:48 [ultranest] [DEBUG] iteration=4351, ncalls=21372, regioncalls=964840, ndraw=40, logz=-12.14, remainder_fraction=2.3314%, Lmin=-5.08, Lmax=-4.83
11:23:48 [ultranest] [DEBUG] iteration=4352, ncalls=21379, regioncalls=965120, ndraw=40, logz=-12.14, remainder_fraction=2.3265%, Lmin=-5.07, Lmax=-4.83
11:23:49 [ultranest] [DEBUG] iteration=4354, ncalls=21391, regioncalls=965640, ndraw=40, logz=-12.14, remainder_fraction=2.3156%, Lmin=-5.07, Lmax=-4.83
11:23:49 [ultranest] [DEBUG] iteration=4356, ncalls=21394, regioncalls=965760, ndraw=40, logz=-12.14, remainder_fraction=2.3048%, Lmin=-5.07, Lmax=-4.83
11:23:50 [ultranest] [DEBUG] iteration=4357, ncalls=21399, regioncalls=965960, ndraw=40, logz=-12.14, remainder_fraction=2.2997%, Lmin=-5.07, Lmax=-4.83
11:23:50 [ultranest] [DEBUG] iteration=4358, ncalls=21412, regioncalls=966640, ndraw=40, logz=-12.14, remainder_fraction=2.2939%, Lmin=-5.07, Lmax=-4.83
11:23:50 [ultranest] [DEBUG] iteration=4359, ncalls=21417, regioncalls=966840, ndraw=40, logz=-12.14, remainder_fraction=2.2888%, Lmin=-5.07, Lmax=-4.83
11:23:51 [ultranest] [DEBUG] iteration=4360, ncalls=21424, regioncalls=967120, ndraw=40, logz=-12.14, remainder_fraction=2.2832%, Lmin=-5.07, Lmax=-4.83
11:23:51 [ultranest] [DEBUG] iteration=4363, ncalls=21427, regioncalls=967480, ndraw=40, logz=-12.14, remainder_fraction=2.2670%, Lmin=-5.07, Lmax=-4.83
11:23:51 [ultranest] [DEBUG] iteration=4364, ncalls=21431, regioncalls=967640, ndraw=40, logz=-12.14, remainder_fraction=2.2624%, Lmin=-5.07, Lmax=-4.83
11:23:51 [ultranest] [DEBUG] iteration=4365, ncalls=21434, regioncalls=967760, ndraw=40, logz=-12.14, remainder_fraction=2.2576%, Lmin=-5.07, Lmax=-4.83
11:23:52 [ultranest] [DEBUG] iteration=4366, ncalls=21442, regioncalls=968080, ndraw=40, logz=-12.14, remainder_fraction=2.2529%, Lmin=-5.07, Lmax=-4.83
11:23:52 [ultranest] [DEBUG] iteration=4367, ncalls=21449, regioncalls=968360, ndraw=40, logz=-12.14, remainder_fraction=2.2474%, Lmin=-5.07, Lmax=-4.83
11:23:53 [ultranest] [DEBUG] iteration=4368, ncalls=21466, regioncalls=969040, ndraw=40, logz=-12.14, remainder_fraction=2.2424%, Lmin=-5.07, Lmax=-4.83
11:23:53 [ultranest] [DEBUG] iteration=4369, ncalls=21474, regioncalls=969360, ndraw=40, logz=-12.14, remainder_fraction=2.2371%, Lmin=-5.07, Lmax=-4.83
11:23:54 [ultranest] [DEBUG] iteration=4370, ncalls=21489, regioncalls=970000, ndraw=40, logz=-12.14, remainder_fraction=2.2316%, Lmin=-5.07, Lmax=-4.83
11:23:55 [ultranest] [DEBUG] iteration=4371, ncalls=21503, regioncalls=970560, ndraw=40, logz=-12.14, remainder_fraction=2.2265%, Lmin=-5.07, Lmax=-4.83
11:23:55 [ultranest] [DEBUG] iteration=4372, ncalls=21510, regioncalls=970840, ndraw=40, logz=-12.14, remainder_fraction=2.2217%, Lmin=-5.07, Lmax=-4.83
11:23:56 [ultranest] [DEBUG] iteration=4373, ncalls=21522, regioncalls=971320, ndraw=40, logz=-12.14, remainder_fraction=2.2164%, Lmin=-5.07, Lmax=-4.83
11:23:56 [ultranest] [DEBUG] iteration=4374, ncalls=21525, regioncalls=971440, ndraw=40, logz=-12.14, remainder_fraction=2.2115%, Lmin=-5.07, Lmax=-4.83
11:23:56 [ultranest] [DEBUG] iteration=4375, ncalls=21529, regioncalls=971600, ndraw=40, logz=-12.14, remainder_fraction=2.2062%, Lmin=-5.07, Lmax=-4.83
11:23:57 [ultranest] [DEBUG] iteration=4376, ncalls=21543, regioncalls=972480, ndraw=40, logz=-12.14, remainder_fraction=2.2012%, Lmin=-5.07, Lmax=-4.83
11:23:57 [ultranest] [DEBUG] iteration=4379, ncalls=21547, regioncalls=972640, ndraw=40, logz=-12.14, remainder_fraction=2.1857%, Lmin=-5.07, Lmax=-4.83
11:23:57 [ultranest] [DEBUG] iteration=4380, ncalls=21554, regioncalls=972920, ndraw=40, logz=-12.14, remainder_fraction=2.1806%, Lmin=-5.07, Lmax=-4.83
11:23:58 [ultranest] [DEBUG] iteration=4382, ncalls=21562, regioncalls=973240, ndraw=40, logz=-12.14, remainder_fraction=2.1705%, Lmin=-5.07, Lmax=-4.83
11:23:58 [ultranest] [DEBUG] iteration=4383, ncalls=21566, regioncalls=973400, ndraw=40, logz=-12.14, remainder_fraction=2.1659%, Lmin=-5.07, Lmax=-4.83
11:23:58 [ultranest] [DEBUG] iteration=4384, ncalls=21571, regioncalls=973760, ndraw=40, logz=-12.14, remainder_fraction=2.1610%, Lmin=-5.07, Lmax=-4.83
11:23:58 [ultranest] [DEBUG] iteration=4385, ncalls=21575, regioncalls=973920, ndraw=40, logz=-12.14, remainder_fraction=2.1559%, Lmin=-5.07, Lmax=-4.83
11:24:00 [ultranest] [DEBUG] iteration=4386, ncalls=21603, regioncalls=975040, ndraw=40, logz=-12.14, remainder_fraction=2.1514%, Lmin=-5.07, Lmax=-4.83
11:24:01 [ultranest] [DEBUG] iteration=4388, ncalls=21629, regioncalls=976120, ndraw=40, logz=-12.14, remainder_fraction=2.1419%, Lmin=-5.06, Lmax=-4.83
11:24:02 [ultranest] [DEBUG] iteration=4389, ncalls=21638, regioncalls=976520, ndraw=40, logz=-12.14, remainder_fraction=2.1368%, Lmin=-5.06, Lmax=-4.83
11:24:02 [ultranest] [DEBUG] iteration=4390, ncalls=21640, regioncalls=976600, ndraw=40, logz=-12.14, remainder_fraction=2.1315%, Lmin=-5.06, Lmax=-4.83
11:24:03 [ultranest] [DEBUG] iteration=4391, ncalls=21658, regioncalls=977320, ndraw=40, logz=-12.14, remainder_fraction=2.1264%, Lmin=-5.06, Lmax=-4.83
11:24:03 [ultranest] [DEBUG] iteration=4393, ncalls=21661, regioncalls=977480, ndraw=40, logz=-12.14, remainder_fraction=2.1164%, Lmin=-5.06, Lmax=-4.83
11:24:03 [ultranest] [DEBUG] iteration=4394, ncalls=21666, regioncalls=977720, ndraw=40, logz=-12.14, remainder_fraction=2.1112%, Lmin=-5.06, Lmax=-4.83
11:24:04 [ultranest] [DEBUG] iteration=4395, ncalls=21684, regioncalls=978440, ndraw=40, logz=-12.14, remainder_fraction=2.1063%, Lmin=-5.06, Lmax=-4.83
11:24:04 [ultranest] [DEBUG] iteration=4396, ncalls=21694, regioncalls=978920, ndraw=40, logz=-12.14, remainder_fraction=2.1014%, Lmin=-5.06, Lmax=-4.83
11:24:05 [ultranest] [DEBUG] iteration=4397, ncalls=21706, regioncalls=979400, ndraw=40, logz=-12.13, remainder_fraction=2.0968%, Lmin=-5.06, Lmax=-4.83
11:24:05 [ultranest] [DEBUG] iteration=4398, ncalls=21712, regioncalls=979640, ndraw=40, logz=-12.13, remainder_fraction=2.0921%, Lmin=-5.06, Lmax=-4.83
11:24:06 [ultranest] [DEBUG] iteration=4399, ncalls=21723, regioncalls=980080, ndraw=40, logz=-12.13, remainder_fraction=2.0871%, Lmin=-5.06, Lmax=-4.83
11:24:06 [ultranest] [DEBUG] iteration=4400, ncalls=21730, regioncalls=980360, ndraw=40, logz=-12.13, remainder_fraction=2.0820%, Lmin=-5.06, Lmax=-4.83
11:24:06 [ultranest] [DEBUG] iteration=4401, ncalls=21732, regioncalls=980440, ndraw=40, logz=-12.13, remainder_fraction=2.0769%, Lmin=-5.06, Lmax=-4.83
11:24:08 [ultranest] [DEBUG] iteration=4402, ncalls=21763, regioncalls=981880, ndraw=40, logz=-12.13, remainder_fraction=2.0720%, Lmin=-5.06, Lmax=-4.83
11:24:09 [ultranest] [DEBUG] iteration=4403, ncalls=21775, regioncalls=982480, ndraw=40, logz=-12.13, remainder_fraction=2.0676%, Lmin=-5.06, Lmax=-4.83
11:24:09 [ultranest] [DEBUG] iteration=4404, ncalls=21778, regioncalls=982600, ndraw=40, logz=-12.13, remainder_fraction=2.0628%, Lmin=-5.06, Lmax=-4.83
11:24:09 [ultranest] [DEBUG] iteration=4406, ncalls=21787, regioncalls=983200, ndraw=40, logz=-12.13, remainder_fraction=2.0535%, Lmin=-5.06, Lmax=-4.83
11:24:09 [ultranest] [DEBUG] iteration=4407, ncalls=21792, regioncalls=983400, ndraw=40, logz=-12.13, remainder_fraction=2.0489%, Lmin=-5.06, Lmax=-4.83
11:24:10 [ultranest] [DEBUG] iteration=4408, ncalls=21796, regioncalls=983560, ndraw=40, logz=-12.13, remainder_fraction=2.0439%, Lmin=-5.06, Lmax=-4.83
11:24:11 [ultranest] [DEBUG] iteration=4410, ncalls=21814, regioncalls=984840, ndraw=40, logz=-12.13, remainder_fraction=2.0342%, Lmin=-5.06, Lmax=-4.83
11:24:12 [ultranest] [DEBUG] iteration=4412, ncalls=21830, regioncalls=985480, ndraw=40, logz=-12.13, remainder_fraction=2.0253%, Lmin=-5.06, Lmax=-4.83
11:24:12 [ultranest] [DEBUG] iteration=4413, ncalls=21834, regioncalls=985640, ndraw=40, logz=-12.13, remainder_fraction=2.0203%, Lmin=-5.06, Lmax=-4.83
11:24:12 [ultranest] [DEBUG] iteration=4415, ncalls=21840, regioncalls=985880, ndraw=40, logz=-12.13, remainder_fraction=2.0108%, Lmin=-5.06, Lmax=-4.83
11:24:12 [ultranest] [DEBUG] iteration=4416, ncalls=21845, regioncalls=986480, ndraw=40, logz=-12.13, remainder_fraction=2.0061%, Lmin=-5.06, Lmax=-4.83
11:24:13 [ultranest] [DEBUG] iteration=4417, ncalls=21848, regioncalls=986600, ndraw=40, logz=-12.13, remainder_fraction=2.0017%, Lmin=-5.06, Lmax=-4.83
11:24:13 [ultranest] [DEBUG] iteration=4418, ncalls=21851, regioncalls=986720, ndraw=40, logz=-12.13, remainder_fraction=1.9976%, Lmin=-5.06, Lmax=-4.83
11:24:13 [ultranest] [DEBUG] iteration=4420, ncalls=21862, regioncalls=987160, ndraw=40, logz=-12.13, remainder_fraction=1.9889%, Lmin=-5.06, Lmax=-4.83
11:24:13 [ultranest] [DEBUG] iteration=4421, ncalls=21866, regioncalls=987320, ndraw=40, logz=-12.13, remainder_fraction=1.9848%, Lmin=-5.06, Lmax=-4.83
11:24:14 [ultranest] [DEBUG] iteration=4423, ncalls=21868, regioncalls=987400, ndraw=40, logz=-12.13, remainder_fraction=1.9754%, Lmin=-5.06, Lmax=-4.83
11:24:14 [ultranest] [DEBUG] iteration=4424, ncalls=21873, regioncalls=987600, ndraw=40, logz=-12.13, remainder_fraction=1.9711%, Lmin=-5.05, Lmax=-4.83
11:24:14 [ultranest] [DEBUG] iteration=4425, ncalls=21878, regioncalls=987800, ndraw=40, logz=-12.13, remainder_fraction=1.9667%, Lmin=-5.05, Lmax=-4.83
11:24:15 [ultranest] [DEBUG] iteration=4426, ncalls=21889, regioncalls=988240, ndraw=40, logz=-12.13, remainder_fraction=1.9621%, Lmin=-5.05, Lmax=-4.83
11:24:15 [ultranest] [DEBUG] iteration=4427, ncalls=21892, regioncalls=988760, ndraw=40, logz=-12.13, remainder_fraction=1.9576%, Lmin=-5.05, Lmax=-4.83
11:24:15 [ultranest] [DEBUG] iteration=4428, ncalls=21903, regioncalls=989280, ndraw=40, logz=-12.13, remainder_fraction=1.9536%, Lmin=-5.05, Lmax=-4.83
11:24:16 [ultranest] [DEBUG] iteration=4429, ncalls=21914, regioncalls=989840, ndraw=40, logz=-12.13, remainder_fraction=1.9487%, Lmin=-5.05, Lmax=-4.83
11:24:16 [ultranest] [DEBUG] iteration=4430, ncalls=21917, regioncalls=989960, ndraw=40, logz=-12.13, remainder_fraction=1.9441%, Lmin=-5.05, Lmax=-4.83
11:24:17 [ultranest] [DEBUG] iteration=4432, ncalls=21926, regioncalls=990360, ndraw=40, logz=-12.13, remainder_fraction=1.9355%, Lmin=-5.05, Lmax=-4.83
11:24:17 [ultranest] [DEBUG] iteration=4433, ncalls=21929, regioncalls=990520, ndraw=40, logz=-12.13, remainder_fraction=1.9309%, Lmin=-5.05, Lmax=-4.83
11:24:17 [ultranest] [DEBUG] iteration=4434, ncalls=21943, regioncalls=991120, ndraw=40, logz=-12.13, remainder_fraction=1.9268%, Lmin=-5.05, Lmax=-4.83
11:24:19 [ultranest] [DEBUG] iteration=4435, ncalls=21965, regioncalls=992000, ndraw=40, logz=-12.13, remainder_fraction=1.9220%, Lmin=-5.05, Lmax=-4.83
11:24:19 [ultranest] [DEBUG] iteration=4436, ncalls=21974, regioncalls=992360, ndraw=40, logz=-12.13, remainder_fraction=1.9179%, Lmin=-5.05, Lmax=-4.83
11:24:20 [ultranest] [DEBUG] iteration=4437, ncalls=21986, regioncalls=992840, ndraw=40, logz=-12.13, remainder_fraction=1.9133%, Lmin=-5.05, Lmax=-4.83
11:24:20 [ultranest] [DEBUG] iteration=4438, ncalls=21996, regioncalls=993240, ndraw=40, logz=-12.13, remainder_fraction=1.9089%, Lmin=-5.05, Lmax=-4.83
11:24:20 [ultranest] [DEBUG] iteration=4440, ncalls=21999, regioncalls=993360, ndraw=40, logz=-12.13, remainder_fraction=1.9007%, Lmin=-5.05, Lmax=-4.83
11:24:21 [ultranest] [DEBUG] iteration=4442, ncalls=22018, regioncalls=994440, ndraw=40, logz=-12.13, remainder_fraction=1.8918%, Lmin=-5.05, Lmax=-4.83
11:24:22 [ultranest] [DEBUG] iteration=4443, ncalls=22034, regioncalls=995200, ndraw=40, logz=-12.13, remainder_fraction=1.8875%, Lmin=-5.05, Lmax=-4.83
11:24:22 [ultranest] [DEBUG] iteration=4444, ncalls=22039, regioncalls=995400, ndraw=40, logz=-12.13, remainder_fraction=1.8829%, Lmin=-5.05, Lmax=-4.83
11:24:23 [ultranest] [DEBUG] iteration=4445, ncalls=22051, regioncalls=996560, ndraw=40, logz=-12.13, remainder_fraction=1.8786%, Lmin=-5.05, Lmax=-4.83
11:24:24 [ultranest] [DEBUG] iteration=4446, ncalls=22076, regioncalls=997560, ndraw=40, logz=-12.13, remainder_fraction=1.8746%, Lmin=-5.05, Lmax=-4.83
11:24:24 [ultranest] [DEBUG] iteration=4447, ncalls=22081, regioncalls=997760, ndraw=40, logz=-12.13, remainder_fraction=1.8701%, Lmin=-5.05, Lmax=-4.83
11:24:25 [ultranest] [DEBUG] iteration=4448, ncalls=22090, regioncalls=998120, ndraw=40, logz=-12.13, remainder_fraction=1.8661%, Lmin=-5.05, Lmax=-4.83
11:24:25 [ultranest] [DEBUG] iteration=4449, ncalls=22094, regioncalls=998280, ndraw=40, logz=-12.13, remainder_fraction=1.8621%, Lmin=-5.05, Lmax=-4.83
11:24:25 [ultranest] [DEBUG] iteration=4451, ncalls=22099, regioncalls=998480, ndraw=40, logz=-12.13, remainder_fraction=1.8537%, Lmin=-5.05, Lmax=-4.83
11:24:25 [ultranest] [DEBUG] iteration=4452, ncalls=22102, regioncalls=998600, ndraw=40, logz=-12.13, remainder_fraction=1.8493%, Lmin=-5.05, Lmax=-4.83
11:24:26 [ultranest] [DEBUG] iteration=4454, ncalls=22114, regioncalls=999320, ndraw=40, logz=-12.13, remainder_fraction=1.8407%, Lmin=-5.05, Lmax=-4.83
11:24:26 [ultranest] [DEBUG] iteration=4455, ncalls=22120, regioncalls=999560, ndraw=40, logz=-12.13, remainder_fraction=1.8365%, Lmin=-5.05, Lmax=-4.83
11:24:26 [ultranest] [DEBUG] iteration=4456, ncalls=22122, regioncalls=999640, ndraw=40, logz=-12.13, remainder_fraction=1.8326%, Lmin=-5.05, Lmax=-4.83
11:24:27 [ultranest] [DEBUG] iteration=4457, ncalls=22141, regioncalls=1000400, ndraw=40, logz=-12.13, remainder_fraction=1.8283%, Lmin=-5.05, Lmax=-4.83
11:24:28 [ultranest] [DEBUG] iteration=4458, ncalls=22154, regioncalls=1000920, ndraw=40, logz=-12.13, remainder_fraction=1.8239%, Lmin=-5.05, Lmax=-4.83
11:24:29 [ultranest] [DEBUG] iteration=4459, ncalls=22162, regioncalls=1001240, ndraw=40, logz=-12.13, remainder_fraction=1.8194%, Lmin=-5.05, Lmax=-4.83
11:24:30 [ultranest] [DEBUG] iteration=4460, ncalls=22186, regioncalls=1002200, ndraw=40, logz=-12.13, remainder_fraction=1.8149%, Lmin=-5.05, Lmax=-4.83
11:24:30 [ultranest] [DEBUG] iteration=4461, ncalls=22191, regioncalls=1002400, ndraw=40, logz=-12.13, remainder_fraction=1.8104%, Lmin=-5.05, Lmax=-4.83
11:24:30 [ultranest] [DEBUG] iteration=4462, ncalls=22198, regioncalls=1002880, ndraw=40, logz=-12.13, remainder_fraction=1.8059%, Lmin=-5.05, Lmax=-4.83
11:24:31 [ultranest] [DEBUG] iteration=4463, ncalls=22203, regioncalls=1003080, ndraw=40, logz=-12.13, remainder_fraction=1.8019%, Lmin=-5.05, Lmax=-4.83
11:24:31 [ultranest] [DEBUG] iteration=4464, ncalls=22205, regioncalls=1003200, ndraw=40, logz=-12.13, remainder_fraction=1.7974%, Lmin=-5.05, Lmax=-4.83
11:24:31 [ultranest] [DEBUG] iteration=4465, ncalls=22214, regioncalls=1003560, ndraw=40, logz=-12.13, remainder_fraction=1.7933%, Lmin=-5.05, Lmax=-4.83
11:24:32 [ultranest] [DEBUG] iteration=4468, ncalls=22226, regioncalls=1004040, ndraw=40, logz=-12.13, remainder_fraction=1.7809%, Lmin=-5.04, Lmax=-4.83
11:24:32 [ultranest] [DEBUG] iteration=4469, ncalls=22240, regioncalls=1004600, ndraw=40, logz=-12.13, remainder_fraction=1.7767%, Lmin=-5.04, Lmax=-4.83
11:24:33 [ultranest] [DEBUG] iteration=4472, ncalls=22251, regioncalls=1005040, ndraw=40, logz=-12.13, remainder_fraction=1.7641%, Lmin=-5.04, Lmax=-4.83
11:24:34 [ultranest] [DEBUG] iteration=4473, ncalls=22262, regioncalls=1005520, ndraw=40, logz=-12.13, remainder_fraction=1.7601%, Lmin=-5.04, Lmax=-4.83
11:24:35 [ultranest] [DEBUG] iteration=4474, ncalls=22280, regioncalls=1006280, ndraw=40, logz=-12.13, remainder_fraction=1.7567%, Lmin=-5.04, Lmax=-4.83
11:24:35 [ultranest] [DEBUG] iteration=4475, ncalls=22288, regioncalls=1006600, ndraw=40, logz=-12.13, remainder_fraction=1.7526%, Lmin=-5.04, Lmax=-4.83
11:24:35 [ultranest] [DEBUG] iteration=4476, ncalls=22297, regioncalls=1006960, ndraw=40, logz=-12.13, remainder_fraction=1.7482%, Lmin=-5.04, Lmax=-4.83
11:24:36 [ultranest] [DEBUG] iteration=4477, ncalls=22301, regioncalls=1007120, ndraw=40, logz=-12.13, remainder_fraction=1.7439%, Lmin=-5.04, Lmax=-4.83
11:24:36 [ultranest] [DEBUG] iteration=4478, ncalls=22319, regioncalls=1007880, ndraw=40, logz=-12.13, remainder_fraction=1.7397%, Lmin=-5.04, Lmax=-4.83
11:24:37 [ultranest] [DEBUG] iteration=4479, ncalls=22326, regioncalls=1008160, ndraw=40, logz=-12.13, remainder_fraction=1.7357%, Lmin=-5.04, Lmax=-4.83
11:24:37 [ultranest] [DEBUG] iteration=4480, ncalls=22336, regioncalls=1008560, ndraw=40, logz=-12.13, remainder_fraction=1.7316%, Lmin=-5.04, Lmax=-4.83
11:24:37 [ultranest] [DEBUG] iteration=4481, ncalls=22338, regioncalls=1008640, ndraw=40, logz=-12.13, remainder_fraction=1.7274%, Lmin=-5.04, Lmax=-4.83
11:24:38 [ultranest] [DEBUG] iteration=4482, ncalls=22341, regioncalls=1008760, ndraw=40, logz=-12.13, remainder_fraction=1.7231%, Lmin=-5.04, Lmax=-4.83
11:24:38 [ultranest] [DEBUG] iteration=4483, ncalls=22347, regioncalls=1009000, ndraw=40, logz=-12.13, remainder_fraction=1.7192%, Lmin=-5.04, Lmax=-4.83
11:24:39 [ultranest] [DEBUG] iteration=4484, ncalls=22360, regioncalls=1009760, ndraw=40, logz=-12.13, remainder_fraction=1.7149%, Lmin=-5.04, Lmax=-4.83
11:24:39 [ultranest] [DEBUG] iteration=4486, ncalls=22363, regioncalls=1009880, ndraw=40, logz=-12.13, remainder_fraction=1.7065%, Lmin=-5.04, Lmax=-4.83
11:24:39 [ultranest] [DEBUG] iteration=4487, ncalls=22373, regioncalls=1010280, ndraw=40, logz=-12.13, remainder_fraction=1.7024%, Lmin=-5.04, Lmax=-4.83
11:24:39 [ultranest] [DEBUG] iteration=4489, ncalls=22376, regioncalls=1010400, ndraw=40, logz=-12.13, remainder_fraction=1.6941%, Lmin=-5.04, Lmax=-4.83
11:24:40 [ultranest] [DEBUG] iteration=4490, ncalls=22384, regioncalls=1010720, ndraw=40, logz=-12.13, remainder_fraction=1.6902%, Lmin=-5.04, Lmax=-4.83
11:24:40 [ultranest] [DEBUG] iteration=4491, ncalls=22398, regioncalls=1011280, ndraw=40, logz=-12.13, remainder_fraction=1.6865%, Lmin=-5.04, Lmax=-4.83
11:24:41 [ultranest] [DEBUG] iteration=4492, ncalls=22410, regioncalls=1011760, ndraw=40, logz=-12.13, remainder_fraction=1.6827%, Lmin=-5.04, Lmax=-4.83
11:24:41 [ultranest] [DEBUG] iteration=4493, ncalls=22413, regioncalls=1011880, ndraw=40, logz=-12.13, remainder_fraction=1.6785%, Lmin=-5.04, Lmax=-4.83
11:24:42 [ultranest] [DEBUG] iteration=4494, ncalls=22425, regioncalls=1012360, ndraw=40, logz=-12.13, remainder_fraction=1.6745%, Lmin=-5.04, Lmax=-4.83
11:24:42 [ultranest] [DEBUG] iteration=4495, ncalls=22437, regioncalls=1013000, ndraw=40, logz=-12.13, remainder_fraction=1.6703%, Lmin=-5.04, Lmax=-4.83
11:24:43 [ultranest] [DEBUG] iteration=4497, ncalls=22444, regioncalls=1013280, ndraw=40, logz=-12.13, remainder_fraction=1.6627%, Lmin=-5.04, Lmax=-4.83
11:24:44 [ultranest] [DEBUG] iteration=4498, ncalls=22458, regioncalls=1014040, ndraw=40, logz=-12.13, remainder_fraction=1.6593%, Lmin=-5.04, Lmax=-4.83
11:24:44 [ultranest] [DEBUG] iteration=4500, ncalls=22470, regioncalls=1014800, ndraw=40, logz=-12.13, remainder_fraction=1.6519%, Lmin=-5.04, Lmax=-4.83
11:24:45 [ultranest] [DEBUG] iteration=4501, ncalls=22474, regioncalls=1014960, ndraw=40, logz=-12.13, remainder_fraction=1.6483%, Lmin=-5.04, Lmax=-4.83
11:24:45 [ultranest] [DEBUG] iteration=4502, ncalls=22479, regioncalls=1015160, ndraw=40, logz=-12.13, remainder_fraction=1.6443%, Lmin=-5.04, Lmax=-4.83
11:24:45 [ultranest] [DEBUG] iteration=4503, ncalls=22486, regioncalls=1015480, ndraw=40, logz=-12.13, remainder_fraction=1.6405%, Lmin=-5.04, Lmax=-4.83
11:24:45 [ultranest] [DEBUG] iteration=4505, ncalls=22489, regioncalls=1015600, ndraw=40, logz=-12.13, remainder_fraction=1.6328%, Lmin=-5.04, Lmax=-4.83
11:24:46 [ultranest] [DEBUG] iteration=4506, ncalls=22495, regioncalls=1015840, ndraw=40, logz=-12.13, remainder_fraction=1.6291%, Lmin=-5.04, Lmax=-4.83
11:24:46 [ultranest] [DEBUG] iteration=4508, ncalls=22504, regioncalls=1016200, ndraw=40, logz=-12.13, remainder_fraction=1.6213%, Lmin=-5.04, Lmax=-4.83
11:24:46 [ultranest] [DEBUG] iteration=4511, ncalls=22507, regioncalls=1016320, ndraw=40, logz=-12.13, remainder_fraction=1.6102%, Lmin=-5.04, Lmax=-4.83
11:24:47 [ultranest] [DEBUG] iteration=4512, ncalls=22514, regioncalls=1016600, ndraw=40, logz=-12.13, remainder_fraction=1.6063%, Lmin=-5.04, Lmax=-4.83
11:24:47 [ultranest] [DEBUG] iteration=4513, ncalls=22517, regioncalls=1016720, ndraw=40, logz=-12.13, remainder_fraction=1.6026%, Lmin=-5.04, Lmax=-4.83
11:24:47 [ultranest] [DEBUG] iteration=4514, ncalls=22523, regioncalls=1016960, ndraw=40, logz=-12.13, remainder_fraction=1.5987%, Lmin=-5.04, Lmax=-4.83
11:24:47 [ultranest] [DEBUG] iteration=4515, ncalls=22530, regioncalls=1017240, ndraw=40, logz=-12.13, remainder_fraction=1.5949%, Lmin=-5.04, Lmax=-4.83
11:24:48 [ultranest] [DEBUG] iteration=4516, ncalls=22535, regioncalls=1017440, ndraw=40, logz=-12.13, remainder_fraction=1.5915%, Lmin=-5.03, Lmax=-4.83
11:24:48 [ultranest] [DEBUG] iteration=4517, ncalls=22543, regioncalls=1017760, ndraw=40, logz=-12.13, remainder_fraction=1.5877%, Lmin=-5.03, Lmax=-4.83
11:24:48 [ultranest] [DEBUG] iteration=4518, ncalls=22547, regioncalls=1017920, ndraw=40, logz=-12.13, remainder_fraction=1.5838%, Lmin=-5.03, Lmax=-4.83
11:24:49 [ultranest] [DEBUG] iteration=4519, ncalls=22551, regioncalls=1018080, ndraw=40, logz=-12.13, remainder_fraction=1.5799%, Lmin=-5.03, Lmax=-4.83
11:24:49 [ultranest] [DEBUG] iteration=4520, ncalls=22552, regioncalls=1018120, ndraw=40, logz=-12.13, remainder_fraction=1.5763%, Lmin=-5.03, Lmax=-4.83
11:24:49 [ultranest] [DEBUG] iteration=4521, ncalls=22562, regioncalls=1018520, ndraw=40, logz=-12.13, remainder_fraction=1.5728%, Lmin=-5.03, Lmax=-4.83
11:24:50 [ultranest] [DEBUG] iteration=4522, ncalls=22573, regioncalls=1018960, ndraw=40, logz=-12.13, remainder_fraction=1.5691%, Lmin=-5.03, Lmax=-4.83
11:24:50 [ultranest] [DEBUG] iteration=4524, ncalls=22587, regioncalls=1019520, ndraw=40, logz=-12.13, remainder_fraction=1.5617%, Lmin=-5.03, Lmax=-4.83
11:24:51 [ultranest] [DEBUG] iteration=4526, ncalls=22594, regioncalls=1019800, ndraw=40, logz=-12.13, remainder_fraction=1.5547%, Lmin=-5.03, Lmax=-4.83
11:24:51 [ultranest] [DEBUG] iteration=4528, ncalls=22603, regioncalls=1020440, ndraw=40, logz=-12.13, remainder_fraction=1.5474%, Lmin=-5.03, Lmax=-4.83
11:24:52 [ultranest] [DEBUG] iteration=4529, ncalls=22612, regioncalls=1020840, ndraw=40, logz=-12.13, remainder_fraction=1.5439%, Lmin=-5.03, Lmax=-4.83
11:24:52 [ultranest] [DEBUG] iteration=4530, ncalls=22620, regioncalls=1021160, ndraw=40, logz=-12.13, remainder_fraction=1.5402%, Lmin=-5.03, Lmax=-4.83
11:24:52 [ultranest] [DEBUG] iteration=4531, ncalls=22623, regioncalls=1021280, ndraw=40, logz=-12.13, remainder_fraction=1.5365%, Lmin=-5.03, Lmax=-4.83
11:24:53 [ultranest] [DEBUG] iteration=4532, ncalls=22632, regioncalls=1021640, ndraw=40, logz=-12.13, remainder_fraction=1.5331%, Lmin=-5.03, Lmax=-4.83
11:24:53 [ultranest] [DEBUG] iteration=4533, ncalls=22634, regioncalls=1021720, ndraw=40, logz=-12.13, remainder_fraction=1.5293%, Lmin=-5.03, Lmax=-4.83
11:24:53 [ultranest] [DEBUG] iteration=4534, ncalls=22637, regioncalls=1021840, ndraw=40, logz=-12.13, remainder_fraction=1.5257%, Lmin=-5.03, Lmax=-4.83
11:24:53 [ultranest] [DEBUG] iteration=4535, ncalls=22641, regioncalls=1022080, ndraw=40, logz=-12.13, remainder_fraction=1.5222%, Lmin=-5.03, Lmax=-4.83
11:24:54 [ultranest] [DEBUG] iteration=4536, ncalls=22649, regioncalls=1022400, ndraw=40, logz=-12.13, remainder_fraction=1.5185%, Lmin=-5.03, Lmax=-4.83
11:24:54 [ultranest] [DEBUG] iteration=4538, ncalls=22662, regioncalls=1022920, ndraw=40, logz=-12.13, remainder_fraction=1.5116%, Lmin=-5.03, Lmax=-4.83
11:24:55 [ultranest] [DEBUG] iteration=4539, ncalls=22670, regioncalls=1023240, ndraw=40, logz=-12.13, remainder_fraction=1.5081%, Lmin=-5.03, Lmax=-4.83
11:24:56 [ultranest] [DEBUG] iteration=4540, ncalls=22682, regioncalls=1023720, ndraw=40, logz=-12.13, remainder_fraction=1.5044%, Lmin=-5.03, Lmax=-4.82
11:24:56 [ultranest] [DEBUG] iteration=4542, ncalls=22694, regioncalls=1024200, ndraw=40, logz=-12.13, remainder_fraction=1.4978%, Lmin=-5.03, Lmax=-4.82
11:24:57 [ultranest] [DEBUG] iteration=4543, ncalls=22703, regioncalls=1024560, ndraw=40, logz=-12.13, remainder_fraction=1.4941%, Lmin=-5.03, Lmax=-4.82
11:24:57 [ultranest] [DEBUG] iteration=4544, ncalls=22706, regioncalls=1024680, ndraw=40, logz=-12.13, remainder_fraction=1.4909%, Lmin=-5.03, Lmax=-4.82
11:24:57 [ultranest] [DEBUG] iteration=4545, ncalls=22710, regioncalls=1024840, ndraw=40, logz=-12.13, remainder_fraction=1.4873%, Lmin=-5.03, Lmax=-4.82
11:24:57 [ultranest] [DEBUG] iteration=4547, ncalls=22713, regioncalls=1024960, ndraw=40, logz=-12.13, remainder_fraction=1.4808%, Lmin=-5.03, Lmax=-4.82
11:24:57 [ultranest] [DEBUG] iteration=4548, ncalls=22716, regioncalls=1025080, ndraw=40, logz=-12.13, remainder_fraction=1.4777%, Lmin=-5.03, Lmax=-4.82
11:24:58 [ultranest] [DEBUG] iteration=4550, ncalls=22727, regioncalls=1025560, ndraw=40, logz=-12.13, remainder_fraction=1.4709%, Lmin=-5.03, Lmax=-4.82
11:24:58 [ultranest] [DEBUG] iteration=4551, ncalls=22730, regioncalls=1025680, ndraw=40, logz=-12.13, remainder_fraction=1.4676%, Lmin=-5.03, Lmax=-4.82
11:24:59 [ultranest] [DEBUG] iteration=4552, ncalls=22743, regioncalls=1026200, ndraw=40, logz=-12.13, remainder_fraction=1.4639%, Lmin=-5.02, Lmax=-4.81
11:24:59 [ultranest] [DEBUG] iteration=4553, ncalls=22746, regioncalls=1026320, ndraw=40, logz=-12.13, remainder_fraction=1.4608%, Lmin=-5.02, Lmax=-4.81
11:24:59 [ultranest] [DEBUG] iteration=4554, ncalls=22751, regioncalls=1026520, ndraw=40, logz=-12.13, remainder_fraction=1.4579%, Lmin=-5.02, Lmax=-4.81
11:25:00 [ultranest] [DEBUG] iteration=4555, ncalls=22762, regioncalls=1026960, ndraw=40, logz=-12.13, remainder_fraction=1.4545%, Lmin=-5.02, Lmax=-4.81
11:25:01 [ultranest] [DEBUG] iteration=4557, ncalls=22774, regioncalls=1027440, ndraw=40, logz=-12.13, remainder_fraction=1.4474%, Lmin=-5.02, Lmax=-4.81
11:25:01 [ultranest] [DEBUG] iteration=4558, ncalls=22777, regioncalls=1027560, ndraw=40, logz=-12.13, remainder_fraction=1.4439%, Lmin=-5.02, Lmax=-4.81
11:25:01 [ultranest] [DEBUG] iteration=4560, ncalls=22784, regioncalls=1027840, ndraw=40, logz=-12.13, remainder_fraction=1.4370%, Lmin=-5.02, Lmax=-4.81
11:25:01 [ultranest] [DEBUG] iteration=4561, ncalls=22788, regioncalls=1028000, ndraw=40, logz=-12.13, remainder_fraction=1.4336%, Lmin=-5.02, Lmax=-4.81
11:25:02 [ultranest] [DEBUG] iteration=4563, ncalls=22799, regioncalls=1028520, ndraw=40, logz=-12.13, remainder_fraction=1.4270%, Lmin=-5.02, Lmax=-4.81
11:25:02 [ultranest] [DEBUG] iteration=4564, ncalls=22802, regioncalls=1028640, ndraw=40, logz=-12.13, remainder_fraction=1.4237%, Lmin=-5.02, Lmax=-4.81
11:25:02 [ultranest] [DEBUG] iteration=4565, ncalls=22804, regioncalls=1028720, ndraw=40, logz=-12.13, remainder_fraction=1.4207%, Lmin=-5.02, Lmax=-4.81
11:25:02 [ultranest] [DEBUG] iteration=4566, ncalls=22809, regioncalls=1028920, ndraw=40, logz=-12.13, remainder_fraction=1.4174%, Lmin=-5.02, Lmax=-4.81
11:25:03 [ultranest] [DEBUG] iteration=4567, ncalls=22817, regioncalls=1029240, ndraw=40, logz=-12.13, remainder_fraction=1.4140%, Lmin=-5.02, Lmax=-4.81
11:25:03 [ultranest] [DEBUG] iteration=4568, ncalls=22820, regioncalls=1029360, ndraw=40, logz=-12.13, remainder_fraction=1.4109%, Lmin=-5.02, Lmax=-4.81
11:25:05 [ultranest] [DEBUG] iteration=4569, ncalls=22866, regioncalls=1031240, ndraw=40, logz=-12.13, remainder_fraction=1.4077%, Lmin=-5.02, Lmax=-4.81
11:25:05 [ultranest] [DEBUG] iteration=4570, ncalls=22871, regioncalls=1031440, ndraw=40, logz=-12.13, remainder_fraction=1.4042%, Lmin=-5.02, Lmax=-4.81
11:25:06 [ultranest] [DEBUG] iteration=4571, ncalls=22883, regioncalls=1031920, ndraw=40, logz=-12.13, remainder_fraction=1.4012%, Lmin=-5.02, Lmax=-4.81
11:25:07 [ultranest] [DEBUG] iteration=4572, ncalls=22893, regioncalls=1032320, ndraw=40, logz=-12.13, remainder_fraction=1.3979%, Lmin=-5.02, Lmax=-4.81
11:25:07 [ultranest] [DEBUG] iteration=4574, ncalls=22901, regioncalls=1032640, ndraw=40, logz=-12.13, remainder_fraction=1.3918%, Lmin=-5.02, Lmax=-4.81
11:25:07 [ultranest] [DEBUG] iteration=4575, ncalls=22909, regioncalls=1032960, ndraw=40, logz=-12.13, remainder_fraction=1.3885%, Lmin=-5.02, Lmax=-4.81
11:25:08 [ultranest] [DEBUG] iteration=4577, ncalls=22913, regioncalls=1033120, ndraw=40, logz=-12.13, remainder_fraction=1.3817%, Lmin=-5.02, Lmax=-4.81
11:25:08 [ultranest] [DEBUG] iteration=4579, ncalls=22922, regioncalls=1033480, ndraw=40, logz=-12.13, remainder_fraction=1.3756%, Lmin=-5.02, Lmax=-4.81
11:25:08 [ultranest] [DEBUG] iteration=4580, ncalls=22932, regioncalls=1033880, ndraw=40, logz=-12.13, remainder_fraction=1.3723%, Lmin=-5.02, Lmax=-4.81
11:25:09 [ultranest] [DEBUG] iteration=4582, ncalls=22937, regioncalls=1034080, ndraw=40, logz=-12.13, remainder_fraction=1.3661%, Lmin=-5.01, Lmax=-4.81
11:25:09 [ultranest] [DEBUG] iteration=4583, ncalls=22948, regioncalls=1034520, ndraw=40, logz=-12.13, remainder_fraction=1.3630%, Lmin=-5.01, Lmax=-4.81
11:25:10 [ultranest] [DEBUG] iteration=4585, ncalls=22954, regioncalls=1034920, ndraw=40, logz=-12.13, remainder_fraction=1.3565%, Lmin=-5.01, Lmax=-4.81
11:25:10 [ultranest] [DEBUG] iteration=4587, ncalls=22958, regioncalls=1035080, ndraw=40, logz=-12.13, remainder_fraction=1.3502%, Lmin=-5.01, Lmax=-4.81
11:25:11 [ultranest] [DEBUG] iteration=4588, ncalls=22982, regioncalls=1036080, ndraw=40, logz=-12.13, remainder_fraction=1.3471%, Lmin=-5.01, Lmax=-4.81
11:25:12 [ultranest] [DEBUG] iteration=4590, ncalls=22991, regioncalls=1036440, ndraw=40, logz=-12.13, remainder_fraction=1.3405%, Lmin=-5.01, Lmax=-4.81
11:25:12 [ultranest] [DEBUG] iteration=4591, ncalls=22994, regioncalls=1036560, ndraw=40, logz=-12.13, remainder_fraction=1.3375%, Lmin=-5.01, Lmax=-4.81
11:25:13 [ultranest] [DEBUG] iteration=4592, ncalls=23015, regioncalls=1037760, ndraw=40, logz=-12.13, remainder_fraction=1.3346%, Lmin=-5.01, Lmax=-4.81
11:25:13 [ultranest] [DEBUG] iteration=4594, ncalls=23018, regioncalls=1037880, ndraw=40, logz=-12.13, remainder_fraction=1.3286%, Lmin=-5.01, Lmax=-4.81
11:25:13 [ultranest] [DEBUG] iteration=4595, ncalls=23022, regioncalls=1038120, ndraw=40, logz=-12.13, remainder_fraction=1.3255%, Lmin=-5.01, Lmax=-4.81
11:25:13 [ultranest] [DEBUG] iteration=4596, ncalls=23026, regioncalls=1038280, ndraw=40, logz=-12.13, remainder_fraction=1.3223%, Lmin=-5.01, Lmax=-4.81
11:25:14 [ultranest] [DEBUG] iteration=4597, ncalls=23029, regioncalls=1038400, ndraw=40, logz=-12.13, remainder_fraction=1.3191%, Lmin=-5.01, Lmax=-4.81
11:25:14 [ultranest] [DEBUG] iteration=4598, ncalls=23031, regioncalls=1038480, ndraw=40, logz=-12.13, remainder_fraction=1.3163%, Lmin=-5.01, Lmax=-4.81
11:25:14 [ultranest] [DEBUG] iteration=4599, ncalls=23033, regioncalls=1038560, ndraw=40, logz=-12.13, remainder_fraction=1.3132%, Lmin=-5.01, Lmax=-4.81
11:25:15 [ultranest] [DEBUG] iteration=4600, ncalls=23056, regioncalls=1039920, ndraw=40, logz=-12.13, remainder_fraction=1.3100%, Lmin=-5.01, Lmax=-4.81
11:25:15 [ultranest] [DEBUG] iteration=4601, ncalls=23058, regioncalls=1040280, ndraw=40, logz=-12.13, remainder_fraction=1.3070%, Lmin=-5.01, Lmax=-4.81
11:25:15 [ultranest] [DEBUG] iteration=4602, ncalls=23061, regioncalls=1040480, ndraw=40, logz=-12.13, remainder_fraction=1.3038%, Lmin=-5.01, Lmax=-4.81
11:25:16 [ultranest] [DEBUG] iteration=4603, ncalls=23076, regioncalls=1041280, ndraw=40, logz=-12.13, remainder_fraction=1.3006%, Lmin=-5.01, Lmax=-4.81
11:25:16 [ultranest] [DEBUG] iteration=4604, ncalls=23082, regioncalls=1041520, ndraw=40, logz=-12.13, remainder_fraction=1.2977%, Lmin=-5.01, Lmax=-4.81
11:25:17 [ultranest] [DEBUG] iteration=4605, ncalls=23088, regioncalls=1041760, ndraw=40, logz=-12.13, remainder_fraction=1.2946%, Lmin=-5.01, Lmax=-4.81
11:25:17 [ultranest] [DEBUG] iteration=4606, ncalls=23100, regioncalls=1042240, ndraw=40, logz=-12.13, remainder_fraction=1.2916%, Lmin=-5.01, Lmax=-4.81
11:25:19 [ultranest] [DEBUG] iteration=4607, ncalls=23132, regioncalls=1043520, ndraw=40, logz=-12.13, remainder_fraction=1.2887%, Lmin=-5.01, Lmax=-4.81
11:25:20 [ultranest] [DEBUG] iteration=4608, ncalls=23149, regioncalls=1044200, ndraw=40, logz=-12.13, remainder_fraction=1.2857%, Lmin=-5.01, Lmax=-4.81
11:25:20 [ultranest] [DEBUG] iteration=4609, ncalls=23153, regioncalls=1044360, ndraw=40, logz=-12.13, remainder_fraction=1.2825%, Lmin=-5.01, Lmax=-4.81
11:25:20 [ultranest] [DEBUG] iteration=4610, ncalls=23161, regioncalls=1044800, ndraw=40, logz=-12.13, remainder_fraction=1.2796%, Lmin=-5.01, Lmax=-4.81
11:25:21 [ultranest] [DEBUG] iteration=4611, ncalls=23167, regioncalls=1045040, ndraw=40, logz=-12.13, remainder_fraction=1.2769%, Lmin=-5.01, Lmax=-4.81
11:25:21 [ultranest] [DEBUG] iteration=4612, ncalls=23174, regioncalls=1045320, ndraw=40, logz=-12.13, remainder_fraction=1.2740%, Lmin=-5.01, Lmax=-4.81
11:25:23 [ultranest] [DEBUG] iteration=4613, ncalls=23217, regioncalls=1047280, ndraw=40, logz=-12.13, remainder_fraction=1.2708%, Lmin=-5.01, Lmax=-4.81
11:25:23 [ultranest] [DEBUG] iteration=4614, ncalls=23225, regioncalls=1047600, ndraw=40, logz=-12.13, remainder_fraction=1.2680%, Lmin=-5.01, Lmax=-4.81
11:25:24 [ultranest] [DEBUG] iteration=4615, ncalls=23229, regioncalls=1047760, ndraw=40, logz=-12.13, remainder_fraction=1.2649%, Lmin=-5.01, Lmax=-4.81
11:25:24 [ultranest] [DEBUG] iteration=4617, ncalls=23234, regioncalls=1047960, ndraw=40, logz=-12.13, remainder_fraction=1.2590%, Lmin=-5.01, Lmax=-4.81
11:25:24 [ultranest] [DEBUG] iteration=4619, ncalls=23242, regioncalls=1048320, ndraw=40, logz=-12.13, remainder_fraction=1.2528%, Lmin=-5.01, Lmax=-4.81
11:25:26 [ultranest] [DEBUG] iteration=4620, ncalls=23267, regioncalls=1049640, ndraw=40, logz=-12.13, remainder_fraction=1.2501%, Lmin=-5.00, Lmax=-4.81
11:25:26 [ultranest] [DEBUG] iteration=4621, ncalls=23272, regioncalls=1049840, ndraw=40, logz=-12.13, remainder_fraction=1.2471%, Lmin=-5.00, Lmax=-4.81
11:25:27 [ultranest] [DEBUG] iteration=4622, ncalls=23289, regioncalls=1050520, ndraw=40, logz=-12.13, remainder_fraction=1.2441%, Lmin=-5.00, Lmax=-4.81
11:25:27 [ultranest] [DEBUG] iteration=4623, ncalls=23304, regioncalls=1051160, ndraw=40, logz=-12.13, remainder_fraction=1.2414%, Lmin=-5.00, Lmax=-4.81
11:25:28 [ultranest] [DEBUG] iteration=4624, ncalls=23309, regioncalls=1051360, ndraw=40, logz=-12.13, remainder_fraction=1.2388%, Lmin=-5.00, Lmax=-4.81
11:25:28 [ultranest] [DEBUG] iteration=4625, ncalls=23315, regioncalls=1051760, ndraw=40, logz=-12.13, remainder_fraction=1.2361%, Lmin=-5.00, Lmax=-4.81
11:25:28 [ultranest] [DEBUG] iteration=4626, ncalls=23319, regioncalls=1051960, ndraw=40, logz=-12.13, remainder_fraction=1.2334%, Lmin=-5.00, Lmax=-4.81
11:25:29 [ultranest] [DEBUG] iteration=4627, ncalls=23342, regioncalls=1052880, ndraw=40, logz=-12.13, remainder_fraction=1.2306%, Lmin=-5.00, Lmax=-4.81
11:25:30 [ultranest] [DEBUG] iteration=4628, ncalls=23348, regioncalls=1053120, ndraw=40, logz=-12.13, remainder_fraction=1.2278%, Lmin=-5.00, Lmax=-4.81
11:25:31 [ultranest] [DEBUG] iteration=4629, ncalls=23370, regioncalls=1054000, ndraw=40, logz=-12.13, remainder_fraction=1.2248%, Lmin=-5.00, Lmax=-4.81
11:25:31 [ultranest] [DEBUG] iteration=4630, ncalls=23380, regioncalls=1054440, ndraw=40, logz=-12.13, remainder_fraction=1.2220%, Lmin=-5.00, Lmax=-4.81
11:25:31 [ultranest] [DEBUG] iteration=4632, ncalls=23386, regioncalls=1054680, ndraw=40, logz=-12.13, remainder_fraction=1.2161%, Lmin=-5.00, Lmax=-4.81
11:25:32 [ultranest] [DEBUG] iteration=4633, ncalls=23391, regioncalls=1054880, ndraw=40, logz=-12.13, remainder_fraction=1.2132%, Lmin=-5.00, Lmax=-4.81
11:25:32 [ultranest] [DEBUG] iteration=4634, ncalls=23397, regioncalls=1055120, ndraw=40, logz=-12.13, remainder_fraction=1.2106%, Lmin=-5.00, Lmax=-4.81
11:25:32 [ultranest] [DEBUG] iteration=4635, ncalls=23406, regioncalls=1055480, ndraw=40, logz=-12.13, remainder_fraction=1.2082%, Lmin=-5.00, Lmax=-4.81
11:25:33 [ultranest] [DEBUG] iteration=4636, ncalls=23408, regioncalls=1055560, ndraw=40, logz=-12.13, remainder_fraction=1.2052%, Lmin=-5.00, Lmax=-4.81
11:25:33 [ultranest] [DEBUG] iteration=4637, ncalls=23417, regioncalls=1055920, ndraw=40, logz=-12.13, remainder_fraction=1.2022%, Lmin=-5.00, Lmax=-4.81
11:25:33 [ultranest] [DEBUG] iteration=4638, ncalls=23424, regioncalls=1056200, ndraw=40, logz=-12.13, remainder_fraction=1.1993%, Lmin=-5.00, Lmax=-4.81
11:25:34 [ultranest] [DEBUG] iteration=4640, ncalls=23428, regioncalls=1056360, ndraw=40, logz=-12.13, remainder_fraction=1.1939%, Lmin=-5.00, Lmax=-4.81
11:25:34 [ultranest] [DEBUG] iteration=4642, ncalls=23431, regioncalls=1056600, ndraw=40, logz=-12.13, remainder_fraction=1.1885%, Lmin=-5.00, Lmax=-4.81
11:25:34 [ultranest] [DEBUG] iteration=4643, ncalls=23437, regioncalls=1056840, ndraw=40, logz=-12.13, remainder_fraction=1.1856%, Lmin=-5.00, Lmax=-4.81
11:25:35 [ultranest] [DEBUG] iteration=4644, ncalls=23450, regioncalls=1057360, ndraw=40, logz=-12.13, remainder_fraction=1.1828%, Lmin=-5.00, Lmax=-4.81
11:25:35 [ultranest] [DEBUG] iteration=4646, ncalls=23466, regioncalls=1058000, ndraw=40, logz=-12.13, remainder_fraction=1.1775%, Lmin=-5.00, Lmax=-4.81
11:25:36 [ultranest] [DEBUG] iteration=4647, ncalls=23474, regioncalls=1058320, ndraw=40, logz=-12.13, remainder_fraction=1.1747%, Lmin=-5.00, Lmax=-4.81
11:25:36 [ultranest] [DEBUG] iteration=4648, ncalls=23480, regioncalls=1058560, ndraw=40, logz=-12.13, remainder_fraction=1.1723%, Lmin=-5.00, Lmax=-4.81
11:25:37 [ultranest] [DEBUG] iteration=4649, ncalls=23494, regioncalls=1059200, ndraw=40, logz=-12.13, remainder_fraction=1.1695%, Lmin=-5.00, Lmax=-4.81
11:25:37 [ultranest] [DEBUG] iteration=4651, ncalls=23504, regioncalls=1059600, ndraw=40, logz=-12.13, remainder_fraction=1.1639%, Lmin=-5.00, Lmax=-4.81
11:25:38 [ultranest] [DEBUG] iteration=4652, ncalls=23510, regioncalls=1059840, ndraw=40, logz=-12.13, remainder_fraction=1.1614%, Lmin=-5.00, Lmax=-4.81
11:25:38 [ultranest] [DEBUG] iteration=4653, ncalls=23515, regioncalls=1060040, ndraw=40, logz=-12.13, remainder_fraction=1.1588%, Lmin=-5.00, Lmax=-4.81
11:25:38 [ultranest] [DEBUG] iteration=4654, ncalls=23522, regioncalls=1060320, ndraw=40, logz=-12.13, remainder_fraction=1.1562%, Lmin=-5.00, Lmax=-4.81
11:25:38 [ultranest] [DEBUG] iteration=4655, ncalls=23525, regioncalls=1060600, ndraw=40, logz=-12.13, remainder_fraction=1.1534%, Lmin=-5.00, Lmax=-4.81
11:25:39 [ultranest] [DEBUG] iteration=4656, ncalls=23535, regioncalls=1061000, ndraw=40, logz=-12.13, remainder_fraction=1.1507%, Lmin=-5.00, Lmax=-4.81
11:25:39 [ultranest] [DEBUG] iteration=4657, ncalls=23545, regioncalls=1061400, ndraw=40, logz=-12.13, remainder_fraction=1.1479%, Lmin=-5.00, Lmax=-4.81
11:25:40 [ultranest] [DEBUG] iteration=4658, ncalls=23565, regioncalls=1062680, ndraw=40, logz=-12.13, remainder_fraction=1.1451%, Lmin=-5.00, Lmax=-4.81
11:25:41 [ultranest] [DEBUG] iteration=4659, ncalls=23569, regioncalls=1062840, ndraw=40, logz=-12.13, remainder_fraction=1.1422%, Lmin=-5.00, Lmax=-4.81
11:25:41 [ultranest] [DEBUG] iteration=4660, ncalls=23572, regioncalls=1062960, ndraw=40, logz=-12.13, remainder_fraction=1.1395%, Lmin=-5.00, Lmax=-4.81
11:25:41 [ultranest] [DEBUG] iteration=4661, ncalls=23582, regioncalls=1063560, ndraw=40, logz=-12.13, remainder_fraction=1.1368%, Lmin=-5.00, Lmax=-4.80
11:25:42 [ultranest] [DEBUG] iteration=4662, ncalls=23590, regioncalls=1063880, ndraw=40, logz=-12.13, remainder_fraction=1.1341%, Lmin=-5.00, Lmax=-4.80
11:25:42 [ultranest] [DEBUG] iteration=4663, ncalls=23594, regioncalls=1064040, ndraw=40, logz=-12.13, remainder_fraction=1.1319%, Lmin=-5.00, Lmax=-4.80
11:25:43 [ultranest] [DEBUG] iteration=4664, ncalls=23627, regioncalls=1065360, ndraw=40, logz=-12.13, remainder_fraction=1.1291%, Lmin=-5.00, Lmax=-4.80
11:25:44 [ultranest] [DEBUG] iteration=4665, ncalls=23649, regioncalls=1066240, ndraw=40, logz=-12.13, remainder_fraction=1.1266%, Lmin=-5.00, Lmax=-4.80
11:25:45 [ultranest] [DEBUG] iteration=4666, ncalls=23653, regioncalls=1066400, ndraw=40, logz=-12.13, remainder_fraction=1.1238%, Lmin=-5.00, Lmax=-4.80
11:25:45 [ultranest] [DEBUG] iteration=4667, ncalls=23666, regioncalls=1067040, ndraw=40, logz=-12.12, remainder_fraction=1.1215%, Lmin=-5.00, Lmax=-4.80
11:25:46 [ultranest] [DEBUG] iteration=4668, ncalls=23677, regioncalls=1067480, ndraw=40, logz=-12.12, remainder_fraction=1.1187%, Lmin=-4.99, Lmax=-4.80
11:25:46 [ultranest] [DEBUG] iteration=4669, ncalls=23682, regioncalls=1067680, ndraw=40, logz=-12.12, remainder_fraction=1.1165%, Lmin=-4.99, Lmax=-4.80
11:25:47 [ultranest] [DEBUG] iteration=4670, ncalls=23695, regioncalls=1068200, ndraw=40, logz=-12.12, remainder_fraction=1.1137%, Lmin=-4.99, Lmax=-4.80
11:25:47 [ultranest] [DEBUG] iteration=4671, ncalls=23703, regioncalls=1068520, ndraw=40, logz=-12.12, remainder_fraction=1.1110%, Lmin=-4.99, Lmax=-4.80
11:25:47 [ultranest] [DEBUG] iteration=4673, ncalls=23709, regioncalls=1068920, ndraw=40, logz=-12.12, remainder_fraction=1.1056%, Lmin=-4.99, Lmax=-4.80
11:25:48 [ultranest] [DEBUG] iteration=4675, ncalls=23711, regioncalls=1069000, ndraw=40, logz=-12.12, remainder_fraction=1.1003%, Lmin=-4.99, Lmax=-4.80
11:25:48 [ultranest] [DEBUG] iteration=4676, ncalls=23725, regioncalls=1069680, ndraw=40, logz=-12.12, remainder_fraction=1.0976%, Lmin=-4.99, Lmax=-4.80
11:25:48 [ultranest] [DEBUG] iteration=4677, ncalls=23730, regioncalls=1070000, ndraw=40, logz=-12.12, remainder_fraction=1.0949%, Lmin=-4.99, Lmax=-4.80
11:25:50 [ultranest] [DEBUG] iteration=4678, ncalls=23752, regioncalls=1070920, ndraw=40, logz=-12.12, remainder_fraction=1.0922%, Lmin=-4.99, Lmax=-4.80
11:25:50 [ultranest] [DEBUG] iteration=4679, ncalls=23759, regioncalls=1071240, ndraw=40, logz=-12.12, remainder_fraction=1.0896%, Lmin=-4.99, Lmax=-4.80
11:25:50 [ultranest] [DEBUG] iteration=4680, ncalls=23766, regioncalls=1071640, ndraw=40, logz=-12.12, remainder_fraction=1.0869%, Lmin=-4.99, Lmax=-4.80
11:25:51 [ultranest] [DEBUG] iteration=4681, ncalls=23779, regioncalls=1072160, ndraw=40, logz=-12.12, remainder_fraction=1.0844%, Lmin=-4.99, Lmax=-4.80
11:25:51 [ultranest] [DEBUG] iteration=4682, ncalls=23783, regioncalls=1072320, ndraw=40, logz=-12.12, remainder_fraction=1.0817%, Lmin=-4.99, Lmax=-4.80
11:25:51 [ultranest] [DEBUG] iteration=4683, ncalls=23785, regioncalls=1072400, ndraw=40, logz=-12.12, remainder_fraction=1.0791%, Lmin=-4.99, Lmax=-4.80
11:25:52 [ultranest] [DEBUG] iteration=4685, ncalls=23789, regioncalls=1072560, ndraw=40, logz=-12.12, remainder_fraction=1.0742%, Lmin=-4.99, Lmax=-4.80
11:25:52 [ultranest] [DEBUG] iteration=4686, ncalls=23795, regioncalls=1072800, ndraw=40, logz=-12.12, remainder_fraction=1.0716%, Lmin=-4.99, Lmax=-4.80
11:25:53 [ultranest] [DEBUG] iteration=4687, ncalls=23815, regioncalls=1073600, ndraw=40, logz=-12.12, remainder_fraction=1.0693%, Lmin=-4.99, Lmax=-4.80
11:25:54 [ultranest] [DEBUG] iteration=4688, ncalls=23836, regioncalls=1074760, ndraw=40, logz=-12.12, remainder_fraction=1.0667%, Lmin=-4.99, Lmax=-4.80
11:25:54 [ultranest] [DEBUG] iteration=4690, ncalls=23844, regioncalls=1075080, ndraw=40, logz=-12.12, remainder_fraction=1.0616%, Lmin=-4.99, Lmax=-4.80
11:25:55 [ultranest] [DEBUG] iteration=4692, ncalls=23860, regioncalls=1075720, ndraw=40, logz=-12.12, remainder_fraction=1.0569%, Lmin=-4.99, Lmax=-4.80
11:25:55 [ultranest] [DEBUG] iteration=4693, ncalls=23862, regioncalls=1075800, ndraw=40, logz=-12.12, remainder_fraction=1.0544%, Lmin=-4.99, Lmax=-4.80
11:25:56 [ultranest] [DEBUG] iteration=4694, ncalls=23877, regioncalls=1076480, ndraw=40, logz=-12.12, remainder_fraction=1.0519%, Lmin=-4.99, Lmax=-4.80
11:25:56 [ultranest] [DEBUG] iteration=4695, ncalls=23881, regioncalls=1076920, ndraw=40, logz=-12.12, remainder_fraction=1.0496%, Lmin=-4.99, Lmax=-4.80
11:25:57 [ultranest] [DEBUG] iteration=4696, ncalls=23890, regioncalls=1077520, ndraw=40, logz=-12.12, remainder_fraction=1.0470%, Lmin=-4.99, Lmax=-4.80
11:25:57 [ultranest] [DEBUG] iteration=4697, ncalls=23894, regioncalls=1077680, ndraw=40, logz=-12.12, remainder_fraction=1.0447%, Lmin=-4.99, Lmax=-4.80
11:25:58 [ultranest] [DEBUG] iteration=4698, ncalls=23918, regioncalls=1079120, ndraw=40, logz=-12.12, remainder_fraction=1.0423%, Lmin=-4.99, Lmax=-4.80
11:26:00 [ultranest] [DEBUG] iteration=4699, ncalls=23958, regioncalls=1080720, ndraw=40, logz=-12.12, remainder_fraction=1.0398%, Lmin=-4.99, Lmax=-4.80
11:26:00 [ultranest] [DEBUG] iteration=4700, ncalls=23962, regioncalls=1080880, ndraw=40, logz=-12.12, remainder_fraction=1.0372%, Lmin=-4.99, Lmax=-4.80
11:26:01 [ultranest] [DEBUG] iteration=4701, ncalls=23973, regioncalls=1081360, ndraw=40, logz=-12.12, remainder_fraction=1.0347%, Lmin=-4.99, Lmax=-4.80
11:26:01 [ultranest] [DEBUG] iteration=4702, ncalls=23979, regioncalls=1081600, ndraw=40, logz=-12.12, remainder_fraction=1.0322%, Lmin=-4.99, Lmax=-4.80
11:26:01 [ultranest] [DEBUG] iteration=4703, ncalls=23984, regioncalls=1082040, ndraw=40, logz=-12.12, remainder_fraction=1.0297%, Lmin=-4.99, Lmax=-4.80
11:26:02 [ultranest] [DEBUG] iteration=4704, ncalls=23987, regioncalls=1082160, ndraw=40, logz=-12.12, remainder_fraction=1.0272%, Lmin=-4.99, Lmax=-4.80
11:26:03 [ultranest] [DEBUG] iteration=4705, ncalls=24010, regioncalls=1083120, ndraw=40, logz=-12.12, remainder_fraction=1.0247%, Lmin=-4.99, Lmax=-4.80
11:26:03 [ultranest] [DEBUG] iteration=4706, ncalls=24012, regioncalls=1083440, ndraw=40, logz=-12.12, remainder_fraction=1.0222%, Lmin=-4.99, Lmax=-4.80
11:26:03 [ultranest] [DEBUG] iteration=4707, ncalls=24018, regioncalls=1083680, ndraw=40, logz=-12.12, remainder_fraction=1.0197%, Lmin=-4.99, Lmax=-4.80
11:26:04 [ultranest] [DEBUG] iteration=4709, ncalls=24036, regioncalls=1084400, ndraw=40, logz=-12.12, remainder_fraction=1.0147%, Lmin=-4.99, Lmax=-4.80
11:26:05 [ultranest] [DEBUG] iteration=4710, ncalls=24052, regioncalls=1085320, ndraw=40, logz=-12.12, remainder_fraction=1.0124%, Lmin=-4.99, Lmax=-4.80
11:26:06 [ultranest] [DEBUG] iteration=4711, ncalls=24068, regioncalls=1085960, ndraw=40, logz=-12.12, remainder_fraction=1.0101%, Lmin=-4.99, Lmax=-4.80
11:26:06 [ultranest] [DEBUG] iteration=4712, ncalls=24078, regioncalls=1086360, ndraw=40, logz=-12.12, remainder_fraction=1.0076%, Lmin=-4.99, Lmax=-4.80
11:26:06 [ultranest] [DEBUG] iteration=4713, ncalls=24080, regioncalls=1086440, ndraw=40, logz=-12.12, remainder_fraction=1.0053%, Lmin=-4.99, Lmax=-4.80
11:26:07 [ultranest] [DEBUG] iteration=4714, ncalls=24084, regioncalls=1086600, ndraw=40, logz=-12.12, remainder_fraction=1.0030%, Lmin=-4.98, Lmax=-4.80
11:26:07 [ultranest] [INFO] Explored until L=-5  
11:26:07 [ultranest] [INFO] Likelihood function evaluations: 24086
11:26:07 [ultranest] [INFO] Writing samples and results to disk ...
11:26:07 [ultranest] [INFO] Writing samples and results to disk ... done
11:26:07 [ultranest] [DEBUG] did a run_iter pass!
11:26:07 [ultranest] [INFO]   logZ = -12.12 +- 0.08098
11:26:07 [ultranest] [INFO] Effective samples strategy satisfied (ESS = 1920.3, need >400)
11:26:07 [ultranest] [INFO] Posterior uncertainty strategy is satisfied (KL: 0.46+-0.08 nat, need <0.50 nat)
11:26:07 [ultranest] [INFO] Evidency uncertainty strategy is satisfied (dlogz=0.08, need <0.5)
11:26:07 [ultranest] [INFO]   logZ error budget: single: 0.12 bs:0.08 tail:0.01 total:0.08 required:<0.50
11:26:07 [ultranest] [INFO] done iterating.
