18:59:53 [ultranest] [DEBUG] ReactiveNestedSampler: dims=9+0, resume=False, log_dir=cpl_real_run/run2, backend=hdf5, vectorized=False, nbootstraps=30, ndraw=128..65536
18:59:53 [ultranest] [INFO] Sampling 400 live points from prior ...
19:00:04 [ultranest] [DEBUG] Found plateau of 50/400 initial points at L=-inf. Avoid this by a continuously increasing loglikelihood towards good regions.
19:00:04 [ultranest] [INFO] Widening roots to 449 live points (have 400 already) ...
19:00:04 [ultranest] [INFO] Sampling 49 live points from prior ...
19:00:05 [ultranest] [DEBUG] Found plateau of 56/449 initial points at L=-inf. Avoid this by a continuously increasing loglikelihood towards good regions.
19:00:05 [ultranest] [INFO] Widening roots to 504 live points (have 449 already) ...
19:00:05 [ultranest] [INFO] Sampling 55 live points from prior ...
19:00:07 [ultranest] [DEBUG] run_iter dlogz=0.5, dKL=0.5, frac_remain=0.01, Lepsilon=0.0010, min_ess=1000
19:00:07 [ultranest] [DEBUG] max_iters=-1, max_ncalls=1000000, max_num_improvement_loops=5, min_num_live_points=400, cluster_num_live_points=40
19:00:07 [ultranest] [DEBUG] minimal_widths_sequence: [(-inf, 400.0), (inf, 400.0)]
19:00:07 [ultranest] [DEBUG] Plateau detected at L=-inf, not replacing live point.
19:00:07 [ultranest] [DEBUG] Plateau detected at L=-inf, not replacing live point.
19:00:07 [ultranest] [DEBUG] Plateau detected at L=-inf, not replacing live point.
19:00:07 [ultranest] [DEBUG] Plateau detected at L=-inf, not replacing live point.
19:00:07 [ultranest] [DEBUG] Plateau detected at L=-inf, not replacing live point.
19:00:07 [ultranest] [DEBUG] Plateau detected at L=-inf, not replacing live point.
19:00:07 [ultranest] [DEBUG] Plateau detected at L=-inf, not replacing live point.
19:00:07 [ultranest] [DEBUG] Plateau detected at L=-inf, not replacing live point.
19:00:07 [ultranest] [DEBUG] Plateau detected at L=-inf, not replacing live point.
19:00:07 [ultranest] [DEBUG] Plateau detected at L=-inf, not replacing live point.
19:00:07 [ultranest] [DEBUG] Plateau detected at L=-inf, not replacing live point.
19:00:07 [ultranest] [DEBUG] Plateau detected at L=-inf, not replacing live point.
19:00:07 [ultranest] [DEBUG] Plateau detected at L=-inf, not replacing live point.
19:00:07 [ultranest] [DEBUG] Plateau detected at L=-inf, not replacing live point.
19:00:07 [ultranest] [DEBUG] Plateau detected at L=-inf, not replacing live point.
19:00:07 [ultranest] [DEBUG] Plateau detected at L=-inf, not replacing live point.
19:00:07 [ultranest] [DEBUG] Plateau detected at L=-inf, not replacing live point.
19:00:07 [ultranest] [DEBUG] Plateau detected at L=-inf, not replacing live point.
19:00:07 [ultranest] [DEBUG] Plateau detected at L=-inf, not replacing live point.
19:00:07 [ultranest] [DEBUG] Plateau detected at L=-inf, not replacing live point.
19:00:07 [ultranest] [DEBUG] Plateau detected at L=-inf, not replacing live point.
19:00:07 [ultranest] [DEBUG] Plateau detected at L=-inf, not replacing live point.
19:00:07 [ultranest] [DEBUG] Plateau detected at L=-inf, not replacing live point.
19:00:07 [ultranest] [DEBUG] Plateau detected at L=-inf, not replacing live point.
19:00:07 [ultranest] [DEBUG] Plateau detected at L=-inf, not replacing live point.
19:00:07 [ultranest] [DEBUG] Plateau detected at L=-inf, not replacing live point.
19:00:07 [ultranest] [DEBUG] Plateau detected at L=-inf, not replacing live point.
19:00:07 [ultranest] [DEBUG] Plateau detected at L=-inf, not replacing live point.
19:00:07 [ultranest] [DEBUG] Plateau detected at L=-inf, not replacing live point.
19:00:07 [ultranest] [DEBUG] Plateau detected at L=-inf, not replacing live point.
19:00:07 [ultranest] [DEBUG] Plateau detected at L=-inf, not replacing live point.
19:00:07 [ultranest] [DEBUG] Plateau detected at L=-inf, not replacing live point.
19:00:07 [ultranest] [DEBUG] Plateau detected at L=-inf, not replacing live point.
19:00:07 [ultranest] [DEBUG] Plateau detected at L=-inf, not replacing live point.
19:00:07 [ultranest] [DEBUG] Plateau detected at L=-inf, not replacing live point.
19:00:07 [ultranest] [DEBUG] Plateau detected at L=-inf, not replacing live point.
19:00:07 [ultranest] [DEBUG] Plateau detected at L=-inf, not replacing live point.
19:00:07 [ultranest] [DEBUG] Plateau detected at L=-inf, not replacing live point.
19:00:07 [ultranest] [DEBUG] Plateau detected at L=-inf, not replacing live point.
19:00:07 [ultranest] [DEBUG] Plateau detected at L=-inf, not replacing live point.
19:00:07 [ultranest] [DEBUG] Plateau detected at L=-inf, not replacing live point.
19:00:07 [ultranest] [DEBUG] Plateau detected at L=-inf, not replacing live point.
19:00:07 [ultranest] [DEBUG] Plateau detected at L=-inf, not replacing live point.
19:00:07 [ultranest] [DEBUG] Plateau detected at L=-inf, not replacing live point.
19:00:07 [ultranest] [DEBUG] Plateau detected at L=-inf, not replacing live point.
19:00:07 [ultranest] [DEBUG] Plateau detected at L=-inf, not replacing live point.
19:00:07 [ultranest] [DEBUG] Plateau detected at L=-inf, not replacing live point.
19:00:07 [ultranest] [DEBUG] Plateau detected at L=-inf, not replacing live point.
19:00:07 [ultranest] [DEBUG] Plateau detected at L=-inf, not replacing live point.
19:00:07 [ultranest] [DEBUG] Plateau detected at L=-inf, not replacing live point.
19:00:07 [ultranest] [DEBUG] Plateau detected at L=-inf, not replacing live point.
19:00:07 [ultranest] [DEBUG] Plateau detected at L=-inf, not replacing live point.
19:00:07 [ultranest] [DEBUG] Plateau detected at L=-inf, not replacing live point.
19:00:07 [ultranest] [DEBUG] Plateau detected at L=-inf, not replacing live point.
19:00:07 [ultranest] [DEBUG] Plateau detected at L=-inf, not replacing live point.
19:00:07 [ultranest] [DEBUG] Plateau detected at L=-inf, not replacing live point.
19:00:07 [ultranest] [DEBUG] Plateau detected at L=-inf, not replacing live point.
19:00:07 [ultranest] [DEBUG] Plateau detected at L=-inf, not replacing live point.
19:00:07 [ultranest] [DEBUG] Plateau detected at L=-inf, not replacing live point.
19:00:07 [ultranest] [DEBUG] Plateau detected at L=-inf, not replacing live point.
19:00:07 [ultranest] [DEBUG] Plateau detected at L=-inf, not replacing live point.
19:00:07 [ultranest] [DEBUG] Plateau detected at L=-inf, not replacing live point.
19:00:07 [ultranest] [DEBUG] Plateau detected at L=-inf, not replacing live point.
19:00:07 [ultranest] [DEBUG] Plateau detected at L=-inf, not replacing live point.
19:00:07 [ultranest] [DEBUG] Plateau detected at L=-inf, not replacing live point.
19:00:07 [ultranest] [DEBUG] iteration=104, ncalls=505, regioncalls=40, ndraw=40, logz=-3145.69, remainder_fraction=100.0000%, Lmin=-3104.06, Lmax=-10.27
19:00:07 [ultranest] [DEBUG] iteration=107, ncalls=508, regioncalls=160, ndraw=40, logz=-3068.21, remainder_fraction=100.0000%, Lmin=-3053.84, Lmax=-10.27
19:00:07 [ultranest] [DEBUG] iteration=110, ncalls=511, regioncalls=280, ndraw=40, logz=-3009.07, remainder_fraction=100.0000%, Lmin=-2967.56, Lmax=-10.27
19:00:07 [ultranest] [DEBUG] iteration=114, ncalls=517, regioncalls=520, ndraw=40, logz=-2900.76, remainder_fraction=100.0000%, Lmin=-2890.13, Lmax=-10.27
19:00:07 [ultranest] [DEBUG] iteration=117, ncalls=521, regioncalls=680, ndraw=40, logz=-2850.30, remainder_fraction=100.0000%, Lmin=-2798.45, Lmax=-10.27
19:00:07 [ultranest] [DEBUG] iteration=120, ncalls=525, regioncalls=840, ndraw=40, logz=-2759.66, remainder_fraction=100.0000%, Lmin=-2743.12, Lmax=-10.27
19:00:08 [ultranest] [DEBUG] iteration=124, ncalls=529, regioncalls=1000, ndraw=40, logz=-2718.18, remainder_fraction=100.0000%, Lmin=-2704.21, Lmax=-10.27
19:00:08 [ultranest] [DEBUG] iteration=127, ncalls=534, regioncalls=1200, ndraw=40, logz=-2692.37, remainder_fraction=100.0000%, Lmin=-2680.57, Lmax=-10.27
19:00:08 [ultranest] [DEBUG] iteration=131, ncalls=538, regioncalls=1360, ndraw=40, logz=-2653.21, remainder_fraction=100.0000%, Lmin=-2612.93, Lmax=-10.27
19:00:08 [ultranest] [DEBUG] iteration=134, ncalls=543, regioncalls=1560, ndraw=40, logz=-2589.31, remainder_fraction=100.0000%, Lmin=-2558.07, Lmax=-10.27
19:00:08 [ultranest] [DEBUG] iteration=138, ncalls=548, regioncalls=1760, ndraw=40, logz=-2500.58, remainder_fraction=100.0000%, Lmin=-2484.87, Lmax=-10.27
19:00:08 [ultranest] [DEBUG] iteration=142, ncalls=552, regioncalls=1920, ndraw=40, logz=-2433.59, remainder_fraction=100.0000%, Lmin=-2415.47, Lmax=-10.27
19:00:08 [ultranest] [DEBUG] iteration=146, ncalls=556, regioncalls=2080, ndraw=40, logz=-2387.31, remainder_fraction=100.0000%, Lmin=-2379.80, Lmax=-10.27
19:00:08 [ultranest] [DEBUG] iteration=149, ncalls=560, regioncalls=2240, ndraw=40, logz=-2374.46, remainder_fraction=100.0000%, Lmin=-2368.12, Lmax=-10.27
19:00:09 [ultranest] [DEBUG] iteration=150, ncalls=561, regioncalls=2280, ndraw=40, logz=-2373.76, remainder_fraction=100.0000%, Lmin=-2354.30, Lmax=-10.27
19:00:09 [ultranest] [DEBUG] iteration=154, ncalls=566, regioncalls=2480, ndraw=40, logz=-2350.27, remainder_fraction=100.0000%, Lmin=-2337.44, Lmax=-10.27
19:00:09 [ultranest] [DEBUG] iteration=157, ncalls=571, regioncalls=2680, ndraw=40, logz=-2300.39, remainder_fraction=100.0000%, Lmin=-2293.36, Lmax=-10.27
19:00:09 [ultranest] [DEBUG] iteration=160, ncalls=574, regioncalls=2800, ndraw=40, logz=-2281.94, remainder_fraction=100.0000%, Lmin=-2268.90, Lmax=-10.27
19:00:09 [ultranest] [DEBUG] iteration=162, ncalls=578, regioncalls=2960, ndraw=40, logz=-2269.82, remainder_fraction=100.0000%, Lmin=-2259.19, Lmax=-10.27
19:00:09 [ultranest] [DEBUG] iteration=166, ncalls=583, regioncalls=3160, ndraw=40, logz=-2200.14, remainder_fraction=100.0000%, Lmin=-2175.58, Lmax=-10.27
19:00:09 [ultranest] [DEBUG] iteration=170, ncalls=588, regioncalls=3360, ndraw=40, logz=-2158.37, remainder_fraction=100.0000%, Lmin=-2145.69, Lmax=-10.27
19:00:09 [ultranest] [DEBUG] iteration=174, ncalls=592, regioncalls=3520, ndraw=40, logz=-2118.22, remainder_fraction=100.0000%, Lmin=-2108.97, Lmax=-10.27
19:00:09 [ultranest] [DEBUG] iteration=176, ncalls=596, regioncalls=3680, ndraw=40, logz=-2111.89, remainder_fraction=100.0000%, Lmin=-2098.38, Lmax=-10.27
19:00:10 [ultranest] [DEBUG] iteration=179, ncalls=601, regioncalls=3880, ndraw=40, logz=-2096.29, remainder_fraction=100.0000%, Lmin=-2048.60, Lmax=-10.27
19:00:10 [ultranest] [DEBUG] iteration=183, ncalls=608, regioncalls=4160, ndraw=40, logz=-2035.94, remainder_fraction=100.0000%, Lmin=-2015.87, Lmax=-10.27
19:00:10 [ultranest] [DEBUG] iteration=186, ncalls=612, regioncalls=4320, ndraw=40, logz=-2014.78, remainder_fraction=100.0000%, Lmin=-2005.14, Lmax=-10.27
19:00:10 [ultranest] [DEBUG] iteration=189, ncalls=619, regioncalls=4600, ndraw=40, logz=-1996.31, remainder_fraction=100.0000%, Lmin=-1979.67, Lmax=-10.27
19:00:10 [ultranest] [DEBUG] iteration=191, ncalls=623, regioncalls=4760, ndraw=40, logz=-1984.87, remainder_fraction=100.0000%, Lmin=-1967.53, Lmax=-10.27
19:00:10 [ultranest] [DEBUG] iteration=194, ncalls=626, regioncalls=4880, ndraw=40, logz=-1970.95, remainder_fraction=100.0000%, Lmin=-1955.73, Lmax=-10.27
19:00:10 [ultranest] [DEBUG] iteration=196, ncalls=630, regioncalls=5040, ndraw=40, logz=-1956.29, remainder_fraction=100.0000%, Lmin=-1939.72, Lmax=-10.27
19:00:11 [ultranest] [DEBUG] iteration=199, ncalls=635, regioncalls=5240, ndraw=40, logz=-1939.16, remainder_fraction=100.0000%, Lmin=-1923.54, Lmax=-10.27
19:00:11 [ultranest] [DEBUG] iteration=200, ncalls=637, regioncalls=5320, ndraw=40, logz=-1930.00, remainder_fraction=100.0000%, Lmin=-1918.06, Lmax=-10.27
19:00:11 [ultranest] [DEBUG] iteration=203, ncalls=641, regioncalls=5480, ndraw=40, logz=-1917.41, remainder_fraction=100.0000%, Lmin=-1908.35, Lmax=-10.27
19:00:11 [ultranest] [DEBUG] iteration=207, ncalls=645, regioncalls=5640, ndraw=40, logz=-1885.93, remainder_fraction=100.0000%, Lmin=-1871.44, Lmax=-10.27
19:00:11 [ultranest] [DEBUG] iteration=211, ncalls=652, regioncalls=5920, ndraw=40, logz=-1864.67, remainder_fraction=100.0000%, Lmin=-1849.77, Lmax=-10.27
19:00:11 [ultranest] [DEBUG] iteration=215, ncalls=657, regioncalls=6120, ndraw=40, logz=-1832.85, remainder_fraction=100.0000%, Lmin=-1822.71, Lmax=-10.27
19:00:11 [ultranest] [DEBUG] iteration=219, ncalls=663, regioncalls=6360, ndraw=40, logz=-1819.17, remainder_fraction=100.0000%, Lmin=-1811.00, Lmax=-10.27
19:00:11 [ultranest] [DEBUG] iteration=222, ncalls=666, regioncalls=6480, ndraw=40, logz=-1794.93, remainder_fraction=100.0000%, Lmin=-1783.30, Lmax=-10.27
19:00:12 [ultranest] [DEBUG] iteration=224, ncalls=670, regioncalls=6640, ndraw=40, logz=-1788.44, remainder_fraction=100.0000%, Lmin=-1778.32, Lmax=-10.27
19:00:12 [ultranest] [DEBUG] iteration=226, ncalls=674, regioncalls=6800, ndraw=40, logz=-1783.14, remainder_fraction=100.0000%, Lmin=-1771.60, Lmax=-10.27
19:00:12 [ultranest] [DEBUG] iteration=229, ncalls=678, regioncalls=6960, ndraw=40, logz=-1766.31, remainder_fraction=100.0000%, Lmin=-1756.93, Lmax=-10.27
19:00:12 [ultranest] [DEBUG] iteration=233, ncalls=683, regioncalls=7160, ndraw=40, logz=-1716.64, remainder_fraction=100.0000%, Lmin=-1703.25, Lmax=-10.27
19:00:12 [ultranest] [DEBUG] iteration=237, ncalls=687, regioncalls=7320, ndraw=40, logz=-1690.76, remainder_fraction=100.0000%, Lmin=-1677.37, Lmax=-10.27
19:00:12 [ultranest] [DEBUG] iteration=240, ncalls=692, regioncalls=7520, ndraw=40, logz=-1675.63, remainder_fraction=100.0000%, Lmin=-1667.04, Lmax=-10.27
19:00:13 [ultranest] [DEBUG] iteration=242, ncalls=702, regioncalls=7920, ndraw=40, logz=-1663.48, remainder_fraction=100.0000%, Lmin=-1635.89, Lmax=-10.27
19:00:13 [ultranest] [DEBUG] iteration=245, ncalls=708, regioncalls=8160, ndraw=40, logz=-1632.31, remainder_fraction=100.0000%, Lmin=-1625.66, Lmax=-10.27
19:00:13 [ultranest] [DEBUG] iteration=249, ncalls=712, regioncalls=8320, ndraw=40, logz=-1610.87, remainder_fraction=100.0000%, Lmin=-1598.25, Lmax=-10.27
19:00:13 [ultranest] [DEBUG] iteration=250, ncalls=715, regioncalls=8440, ndraw=40, logz=-1604.84, remainder_fraction=100.0000%, Lmin=-1594.71, Lmax=-10.27
19:00:13 [ultranest] [DEBUG] iteration=253, ncalls=719, regioncalls=8600, ndraw=40, logz=-1591.63, remainder_fraction=100.0000%, Lmin=-1573.27, Lmax=-10.27
19:00:13 [ultranest] [DEBUG] iteration=255, ncalls=724, regioncalls=8800, ndraw=40, logz=-1577.05, remainder_fraction=100.0000%, Lmin=-1560.19, Lmax=-10.27
19:00:13 [ultranest] [DEBUG] iteration=259, ncalls=730, regioncalls=9040, ndraw=40, logz=-1554.65, remainder_fraction=100.0000%, Lmin=-1536.32, Lmax=-10.27
19:00:13 [ultranest] [DEBUG] iteration=262, ncalls=734, regioncalls=9200, ndraw=40, logz=-1534.72, remainder_fraction=100.0000%, Lmin=-1522.35, Lmax=-10.27
19:00:14 [ultranest] [DEBUG] iteration=265, ncalls=741, regioncalls=9480, ndraw=40, logz=-1524.23, remainder_fraction=100.0000%, Lmin=-1503.50, Lmax=-10.27
19:00:14 [ultranest] [DEBUG] iteration=268, ncalls=745, regioncalls=9640, ndraw=40, logz=-1508.90, remainder_fraction=100.0000%, Lmin=-1489.78, Lmax=-10.27
19:00:14 [ultranest] [DEBUG] iteration=271, ncalls=752, regioncalls=9920, ndraw=40, logz=-1478.26, remainder_fraction=100.0000%, Lmin=-1463.01, Lmax=-10.27
19:00:14 [ultranest] [DEBUG] iteration=274, ncalls=756, regioncalls=10080, ndraw=40, logz=-1462.85, remainder_fraction=100.0000%, Lmin=-1454.50, Lmax=-10.27
19:00:14 [ultranest] [DEBUG] iteration=278, ncalls=760, regioncalls=10240, ndraw=40, logz=-1448.91, remainder_fraction=100.0000%, Lmin=-1434.73, Lmax=-10.27
19:00:14 [ultranest] [DEBUG] iteration=281, ncalls=766, regioncalls=10480, ndraw=40, logz=-1431.76, remainder_fraction=100.0000%, Lmin=-1420.61, Lmax=-10.27
19:00:14 [ultranest] [DEBUG] iteration=283, ncalls=771, regioncalls=10680, ndraw=40, logz=-1417.71, remainder_fraction=100.0000%, Lmin=-1403.16, Lmax=-10.27
19:00:14 [ultranest] [DEBUG] iteration=284, ncalls=772, regioncalls=10720, ndraw=40, logz=-1409.83, remainder_fraction=100.0000%, Lmin=-1399.23, Lmax=-10.27
19:00:15 [ultranest] [DEBUG] iteration=286, ncalls=776, regioncalls=10880, ndraw=40, logz=-1405.19, remainder_fraction=100.0000%, Lmin=-1391.72, Lmax=-10.27
19:00:15 [ultranest] [DEBUG] iteration=288, ncalls=779, regioncalls=11000, ndraw=40, logz=-1384.89, remainder_fraction=100.0000%, Lmin=-1371.00, Lmax=-10.27
19:00:15 [ultranest] [DEBUG] iteration=291, ncalls=785, regioncalls=11240, ndraw=40, logz=-1373.14, remainder_fraction=100.0000%, Lmin=-1364.11, Lmax=-10.27
19:00:15 [ultranest] [DEBUG] iteration=294, ncalls=790, regioncalls=11440, ndraw=40, logz=-1364.06, remainder_fraction=100.0000%, Lmin=-1350.78, Lmax=-10.27
19:00:15 [ultranest] [DEBUG] iteration=296, ncalls=795, regioncalls=11640, ndraw=40, logz=-1350.13, remainder_fraction=100.0000%, Lmin=-1338.58, Lmax=-10.27
19:00:15 [ultranest] [DEBUG] iteration=300, ncalls=799, regioncalls=11800, ndraw=40, logz=-1319.39, remainder_fraction=100.0000%, Lmin=-1311.13, Lmax=-10.27
19:00:15 [ultranest] [DEBUG] iteration=304, ncalls=804, regioncalls=12000, ndraw=40, logz=-1277.77, remainder_fraction=100.0000%, Lmin=-1266.33, Lmax=-10.27
19:00:16 [ultranest] [DEBUG] iteration=308, ncalls=811, regioncalls=12280, ndraw=40, logz=-1264.40, remainder_fraction=100.0000%, Lmin=-1256.18, Lmax=-10.27
19:00:16 [ultranest] [DEBUG] iteration=311, ncalls=815, regioncalls=12440, ndraw=40, logz=-1259.35, remainder_fraction=100.0000%, Lmin=-1239.90, Lmax=-10.27
19:00:16 [ultranest] [DEBUG] iteration=314, ncalls=819, regioncalls=12600, ndraw=40, logz=-1234.66, remainder_fraction=100.0000%, Lmin=-1219.30, Lmax=-10.27
19:00:16 [ultranest] [DEBUG] iteration=317, ncalls=825, regioncalls=12840, ndraw=40, logz=-1214.19, remainder_fraction=100.0000%, Lmin=-1202.44, Lmax=-10.27
19:00:16 [ultranest] [DEBUG] iteration=319, ncalls=829, regioncalls=13000, ndraw=40, logz=-1185.15, remainder_fraction=100.0000%, Lmin=-1175.60, Lmax=-10.27
19:00:16 [ultranest] [DEBUG] iteration=321, ncalls=834, regioncalls=13200, ndraw=40, logz=-1181.31, remainder_fraction=100.0000%, Lmin=-1174.12, Lmax=-10.27
19:00:16 [ultranest] [DEBUG] iteration=324, ncalls=842, regioncalls=13520, ndraw=40, logz=-1171.45, remainder_fraction=100.0000%, Lmin=-1164.07, Lmax=-10.27
19:00:16 [ultranest] [DEBUG] iteration=326, ncalls=848, regioncalls=13760, ndraw=40, logz=-1158.49, remainder_fraction=100.0000%, Lmin=-1145.10, Lmax=-10.27
19:00:17 [ultranest] [DEBUG] iteration=328, ncalls=855, regioncalls=14040, ndraw=40, logz=-1148.96, remainder_fraction=100.0000%, Lmin=-1134.14, Lmax=-10.27
19:00:17 [ultranest] [DEBUG] iteration=331, ncalls=867, regioncalls=14520, ndraw=40, logz=-1138.24, remainder_fraction=100.0000%, Lmin=-1129.71, Lmax=-10.27
19:00:17 [ultranest] [DEBUG] iteration=334, ncalls=875, regioncalls=14840, ndraw=40, logz=-1126.01, remainder_fraction=100.0000%, Lmin=-1118.76, Lmax=-10.27
19:00:17 [ultranest] [DEBUG] iteration=337, ncalls=880, regioncalls=15040, ndraw=40, logz=-1120.50, remainder_fraction=100.0000%, Lmin=-1113.49, Lmax=-10.27
19:00:17 [ultranest] [DEBUG] iteration=339, ncalls=883, regioncalls=15160, ndraw=40, logz=-1118.85, remainder_fraction=100.0000%, Lmin=-1109.86, Lmax=-10.27
19:00:18 [ultranest] [DEBUG] iteration=341, ncalls=886, regioncalls=15280, ndraw=40, logz=-1114.90, remainder_fraction=100.0000%, Lmin=-1090.60, Lmax=-10.27
19:00:18 [ultranest] [DEBUG] iteration=344, ncalls=890, regioncalls=15440, ndraw=40, logz=-1090.89, remainder_fraction=100.0000%, Lmin=-1079.17, Lmax=-10.27
19:00:18 [ultranest] [DEBUG] iteration=347, ncalls=896, regioncalls=15680, ndraw=40, logz=-1074.10, remainder_fraction=100.0000%, Lmin=-1066.81, Lmax=-10.27
19:00:18 [ultranest] [DEBUG] iteration=350, ncalls=900, regioncalls=15840, ndraw=40, logz=-1071.20, remainder_fraction=100.0000%, Lmin=-1062.84, Lmax=-10.27
19:00:18 [ultranest] [DEBUG] iteration=353, ncalls=904, regioncalls=16000, ndraw=40, logz=-1066.17, remainder_fraction=100.0000%, Lmin=-1057.04, Lmax=-10.27
19:00:18 [ultranest] [DEBUG] iteration=355, ncalls=909, regioncalls=16200, ndraw=40, logz=-1062.95, remainder_fraction=100.0000%, Lmin=-1056.11, Lmax=-10.27
19:00:18 [ultranest] [DEBUG] iteration=356, ncalls=914, regioncalls=16400, ndraw=40, logz=-1062.26, remainder_fraction=100.0000%, Lmin=-1051.12, Lmax=-10.27
19:00:18 [ultranest] [DEBUG] iteration=359, ncalls=918, regioncalls=16560, ndraw=40, logz=-1052.16, remainder_fraction=100.0000%, Lmin=-1045.18, Lmax=-10.27
19:00:19 [ultranest] [DEBUG] iteration=362, ncalls=923, regioncalls=16760, ndraw=40, logz=-1045.33, remainder_fraction=100.0000%, Lmin=-1034.10, Lmax=-10.27
19:00:19 [ultranest] [DEBUG] iteration=365, ncalls=927, regioncalls=16920, ndraw=40, logz=-1033.32, remainder_fraction=100.0000%, Lmin=-1025.23, Lmax=-10.27
19:00:19 [ultranest] [DEBUG] iteration=369, ncalls=932, regioncalls=17120, ndraw=40, logz=-1020.56, remainder_fraction=100.0000%, Lmin=-1005.97, Lmax=-10.27
19:00:19 [ultranest] [DEBUG] iteration=372, ncalls=939, regioncalls=17400, ndraw=40, logz=-1008.16, remainder_fraction=100.0000%, Lmin=-998.04, Lmax=-10.27
19:00:19 [ultranest] [DEBUG] iteration=375, ncalls=942, regioncalls=17520, ndraw=40, logz=-1002.86, remainder_fraction=100.0000%, Lmin=-991.67, Lmax=-10.27
19:00:19 [ultranest] [DEBUG] iteration=376, ncalls=948, regioncalls=17760, ndraw=40, logz=-998.56, remainder_fraction=100.0000%, Lmin=-987.86, Lmax=-10.27
19:00:20 [ultranest] [DEBUG] iteration=379, ncalls=951, regioncalls=17880, ndraw=40, logz=-990.61, remainder_fraction=100.0000%, Lmin=-982.90, Lmax=-8.28
19:00:20 [ultranest] [DEBUG] iteration=383, ncalls=957, regioncalls=18120, ndraw=40, logz=-980.56, remainder_fraction=100.0000%, Lmin=-970.09, Lmax=-8.28
19:00:20 [ultranest] [DEBUG] iteration=385, ncalls=963, regioncalls=18360, ndraw=40, logz=-973.91, remainder_fraction=100.0000%, Lmin=-965.65, Lmax=-8.28
19:00:20 [ultranest] [DEBUG] iteration=387, ncalls=967, regioncalls=18520, ndraw=40, logz=-970.10, remainder_fraction=100.0000%, Lmin=-957.01, Lmax=-8.28
19:00:20 [ultranest] [DEBUG] iteration=390, ncalls=972, regioncalls=18720, ndraw=40, logz=-959.03, remainder_fraction=100.0000%, Lmin=-944.88, Lmax=-8.28
19:00:20 [ultranest] [DEBUG] iteration=393, ncalls=977, regioncalls=18920, ndraw=40, logz=-941.09, remainder_fraction=100.0000%, Lmin=-930.28, Lmax=-8.28
19:00:20 [ultranest] [DEBUG] iteration=395, ncalls=982, regioncalls=19120, ndraw=40, logz=-936.24, remainder_fraction=100.0000%, Lmin=-924.70, Lmax=-8.28
19:00:21 [ultranest] [DEBUG] iteration=397, ncalls=986, regioncalls=19280, ndraw=40, logz=-924.40, remainder_fraction=100.0000%, Lmin=-916.99, Lmax=-8.28
19:00:21 [ultranest] [DEBUG] iteration=400, ncalls=991, regioncalls=19480, ndraw=40, logz=-916.63, remainder_fraction=100.0000%, Lmin=-905.20, Lmax=-8.28
19:00:21 [ultranest] [DEBUG] iteration=403, ncalls=995, regioncalls=19640, ndraw=40, logz=-905.38, remainder_fraction=100.0000%, Lmin=-895.18, Lmax=-8.28
19:00:21 [ultranest] [DEBUG] iteration=405, ncalls=1000, regioncalls=19840, ndraw=40, logz=-901.10, remainder_fraction=100.0000%, Lmin=-893.86, Lmax=-8.28
19:00:21 [ultranest] [DEBUG] iteration=407, ncalls=1006, regioncalls=20080, ndraw=40, logz=-894.29, remainder_fraction=100.0000%, Lmin=-887.24, Lmax=-8.28
19:00:21 [ultranest] [DEBUG] iteration=410, ncalls=1011, regioncalls=20280, ndraw=40, logz=-878.05, remainder_fraction=100.0000%, Lmin=-866.27, Lmax=-8.28
19:00:21 [ultranest] [DEBUG] iteration=414, ncalls=1016, regioncalls=20480, ndraw=40, logz=-863.14, remainder_fraction=100.0000%, Lmin=-847.19, Lmax=-8.28
19:00:22 [ultranest] [DEBUG] iteration=418, ncalls=1027, regioncalls=20920, ndraw=40, logz=-849.86, remainder_fraction=100.0000%, Lmin=-842.03, Lmax=-8.28
19:00:22 [ultranest] [DEBUG] iteration=422, ncalls=1033, regioncalls=21160, ndraw=40, logz=-836.58, remainder_fraction=100.0000%, Lmin=-822.31, Lmax=-8.28
19:00:22 [ultranest] [DEBUG] iteration=425, ncalls=1037, regioncalls=21320, ndraw=40, logz=-820.24, remainder_fraction=100.0000%, Lmin=-813.01, Lmax=-8.28
19:00:22 [ultranest] [DEBUG] iteration=428, ncalls=1042, regioncalls=21520, ndraw=40, logz=-815.65, remainder_fraction=100.0000%, Lmin=-801.50, Lmax=-8.28
19:00:22 [ultranest] [DEBUG] iteration=432, ncalls=1048, regioncalls=21760, ndraw=40, logz=-801.52, remainder_fraction=100.0000%, Lmin=-794.88, Lmax=-8.28
19:00:22 [ultranest] [DEBUG] iteration=435, ncalls=1053, regioncalls=21960, ndraw=40, logz=-798.24, remainder_fraction=100.0000%, Lmin=-790.32, Lmax=-8.28
19:00:23 [ultranest] [DEBUG] iteration=438, ncalls=1061, regioncalls=22280, ndraw=40, logz=-790.12, remainder_fraction=100.0000%, Lmin=-782.62, Lmax=-8.28
19:00:23 [ultranest] [DEBUG] iteration=439, ncalls=1065, regioncalls=22440, ndraw=40, logz=-789.18, remainder_fraction=100.0000%, Lmin=-778.79, Lmax=-8.28
19:00:23 [ultranest] [DEBUG] iteration=443, ncalls=1069, regioncalls=22600, ndraw=40, logz=-759.38, remainder_fraction=100.0000%, Lmin=-749.75, Lmax=-8.28
19:00:23 [ultranest] [DEBUG] iteration=445, ncalls=1076, regioncalls=22880, ndraw=40, logz=-753.53, remainder_fraction=100.0000%, Lmin=-743.25, Lmax=-8.28
19:00:23 [ultranest] [DEBUG] iteration=448, ncalls=1080, regioncalls=23040, ndraw=40, logz=-736.24, remainder_fraction=100.0000%, Lmin=-727.60, Lmax=-8.28
19:00:24 [ultranest] [DEBUG] iteration=450, ncalls=1091, regioncalls=23480, ndraw=40, logz=-731.22, remainder_fraction=100.0000%, Lmin=-722.95, Lmax=-8.28
19:00:24 [ultranest] [DEBUG] iteration=452, ncalls=1095, regioncalls=23640, ndraw=40, logz=-728.93, remainder_fraction=100.0000%, Lmin=-710.53, Lmax=-8.28
19:00:24 [ultranest] [DEBUG] iteration=454, ncalls=1099, regioncalls=23800, ndraw=40, logz=-715.78, remainder_fraction=100.0000%, Lmin=-707.88, Lmax=-8.28
19:00:24 [ultranest] [DEBUG] iteration=455, ncalls=1104, regioncalls=24000, ndraw=40, logz=-714.61, remainder_fraction=100.0000%, Lmin=-700.21, Lmax=-8.28
19:00:24 [ultranest] [DEBUG] iteration=459, ncalls=1111, regioncalls=24280, ndraw=40, logz=-701.72, remainder_fraction=100.0000%, Lmin=-690.55, Lmax=-8.28
19:00:24 [ultranest] [DEBUG] iteration=461, ncalls=1115, regioncalls=24440, ndraw=40, logz=-695.98, remainder_fraction=100.0000%, Lmin=-683.56, Lmax=-8.28
19:00:24 [ultranest] [DEBUG] iteration=463, ncalls=1120, regioncalls=24640, ndraw=40, logz=-689.32, remainder_fraction=100.0000%, Lmin=-679.52, Lmax=-8.28
19:00:25 [ultranest] [DEBUG] iteration=465, ncalls=1123, regioncalls=24760, ndraw=40, logz=-685.82, remainder_fraction=100.0000%, Lmin=-678.46, Lmax=-8.28
19:00:25 [ultranest] [DEBUG] iteration=468, ncalls=1127, regioncalls=24920, ndraw=40, logz=-675.75, remainder_fraction=100.0000%, Lmin=-663.58, Lmax=-8.28
19:00:25 [ultranest] [DEBUG] iteration=470, ncalls=1133, regioncalls=25160, ndraw=40, logz=-662.93, remainder_fraction=100.0000%, Lmin=-651.03, Lmax=-8.28
19:00:25 [ultranest] [DEBUG] iteration=472, ncalls=1142, regioncalls=25520, ndraw=40, logz=-654.88, remainder_fraction=100.0000%, Lmin=-646.13, Lmax=-8.28
19:00:25 [ultranest] [DEBUG] iteration=473, ncalls=1147, regioncalls=25720, ndraw=40, logz=-653.09, remainder_fraction=100.0000%, Lmin=-645.06, Lmax=-8.28
19:00:26 [ultranest] [DEBUG] iteration=475, ncalls=1152, regioncalls=25920, ndraw=40, logz=-647.27, remainder_fraction=100.0000%, Lmin=-639.57, Lmax=-8.28
19:00:26 [ultranest] [DEBUG] iteration=476, ncalls=1155, regioncalls=26040, ndraw=40, logz=-646.27, remainder_fraction=100.0000%, Lmin=-637.76, Lmax=-8.28
19:00:26 [ultranest] [DEBUG] iteration=477, ncalls=1164, regioncalls=26400, ndraw=40, logz=-644.68, remainder_fraction=100.0000%, Lmin=-629.80, Lmax=-8.28
19:00:26 [ultranest] [DEBUG] iteration=480, ncalls=1170, regioncalls=26640, ndraw=40, logz=-626.01, remainder_fraction=100.0000%, Lmin=-612.05, Lmax=-8.28
19:00:26 [ultranest] [DEBUG] iteration=483, ncalls=1180, regioncalls=27040, ndraw=40, logz=-617.43, remainder_fraction=100.0000%, Lmin=-609.90, Lmax=-8.28
19:00:26 [ultranest] [DEBUG] iteration=486, ncalls=1186, regioncalls=27280, ndraw=40, logz=-611.72, remainder_fraction=100.0000%, Lmin=-600.67, Lmax=-8.28
19:00:27 [ultranest] [DEBUG] iteration=489, ncalls=1190, regioncalls=27440, ndraw=40, logz=-604.22, remainder_fraction=100.0000%, Lmin=-594.74, Lmax=-8.28
19:00:27 [ultranest] [DEBUG] iteration=491, ncalls=1197, regioncalls=27720, ndraw=40, logz=-601.06, remainder_fraction=100.0000%, Lmin=-591.54, Lmax=-8.28
19:00:27 [ultranest] [DEBUG] iteration=494, ncalls=1202, regioncalls=27920, ndraw=40, logz=-595.13, remainder_fraction=100.0000%, Lmin=-586.58, Lmax=-8.28
19:00:27 [ultranest] [DEBUG] iteration=496, ncalls=1207, regioncalls=28120, ndraw=40, logz=-592.52, remainder_fraction=100.0000%, Lmin=-584.51, Lmax=-8.28
19:00:27 [ultranest] [DEBUG] iteration=499, ncalls=1212, regioncalls=28320, ndraw=40, logz=-585.81, remainder_fraction=100.0000%, Lmin=-577.77, Lmax=-8.28
19:00:27 [ultranest] [DEBUG] iteration=500, ncalls=1213, regioncalls=28360, ndraw=40, logz=-584.62, remainder_fraction=100.0000%, Lmin=-575.15, Lmax=-8.28
19:00:27 [ultranest] [DEBUG] iteration=501, ncalls=1219, regioncalls=28600, ndraw=40, logz=-582.26, remainder_fraction=100.0000%, Lmin=-574.21, Lmax=-8.28
19:00:28 [ultranest] [DEBUG] iteration=504, ncalls=1223, regioncalls=28760, ndraw=40, logz=-577.35, remainder_fraction=100.0000%, Lmin=-567.79, Lmax=-8.28
19:00:28 [ultranest] [DEBUG] iteration=507, ncalls=1232, regioncalls=29120, ndraw=40, logz=-568.41, remainder_fraction=100.0000%, Lmin=-557.66, Lmax=-8.28
19:00:28 [ultranest] [DEBUG] iteration=509, ncalls=1242, regioncalls=29520, ndraw=40, logz=-563.58, remainder_fraction=100.0000%, Lmin=-553.81, Lmax=-8.28
19:00:28 [ultranest] [DEBUG] iteration=511, ncalls=1248, regioncalls=29760, ndraw=40, logz=-555.69, remainder_fraction=100.0000%, Lmin=-547.70, Lmax=-8.28
19:00:28 [ultranest] [DEBUG] iteration=513, ncalls=1253, regioncalls=29960, ndraw=40, logz=-553.36, remainder_fraction=100.0000%, Lmin=-545.42, Lmax=-8.28
19:00:28 [ultranest] [DEBUG] iteration=515, ncalls=1258, regioncalls=30160, ndraw=40, logz=-551.35, remainder_fraction=100.0000%, Lmin=-542.70, Lmax=-8.28
19:00:29 [ultranest] [DEBUG] iteration=518, ncalls=1262, regioncalls=30320, ndraw=40, logz=-544.89, remainder_fraction=100.0000%, Lmin=-536.95, Lmax=-8.28
19:00:29 [ultranest] [DEBUG] iteration=520, ncalls=1272, regioncalls=30720, ndraw=40, logz=-539.57, remainder_fraction=100.0000%, Lmin=-528.89, Lmax=-8.28
19:00:29 [ultranest] [DEBUG] iteration=523, ncalls=1275, regioncalls=30840, ndraw=40, logz=-530.00, remainder_fraction=100.0000%, Lmin=-515.33, Lmax=-8.28
19:00:29 [ultranest] [DEBUG] iteration=524, ncalls=1289, regioncalls=31400, ndraw=40, logz=-522.60, remainder_fraction=100.0000%, Lmin=-513.37, Lmax=-8.28
19:00:29 [ultranest] [DEBUG] iteration=526, ncalls=1295, regioncalls=31640, ndraw=40, logz=-518.80, remainder_fraction=100.0000%, Lmin=-511.69, Lmax=-8.28
19:00:30 [ultranest] [DEBUG] iteration=529, ncalls=1300, regioncalls=31840, ndraw=40, logz=-516.02, remainder_fraction=100.0000%, Lmin=-508.95, Lmax=-8.28
19:00:30 [ultranest] [DEBUG] iteration=532, ncalls=1303, regioncalls=31960, ndraw=40, logz=-512.85, remainder_fraction=100.0000%, Lmin=-503.55, Lmax=-8.28
19:00:30 [ultranest] [DEBUG] iteration=534, ncalls=1306, regioncalls=32080, ndraw=40, logz=-507.77, remainder_fraction=100.0000%, Lmin=-497.75, Lmax=-8.28
19:00:30 [ultranest] [DEBUG] iteration=536, ncalls=1312, regioncalls=32320, ndraw=40, logz=-503.43, remainder_fraction=100.0000%, Lmin=-493.78, Lmax=-8.28
19:00:30 [ultranest] [DEBUG] iteration=538, ncalls=1315, regioncalls=32440, ndraw=40, logz=-499.96, remainder_fraction=100.0000%, Lmin=-488.45, Lmax=-8.28
19:00:30 [ultranest] [DEBUG] iteration=541, ncalls=1323, regioncalls=32760, ndraw=40, logz=-490.87, remainder_fraction=100.0000%, Lmin=-476.05, Lmax=-8.28
19:00:30 [ultranest] [DEBUG] iteration=543, ncalls=1327, regioncalls=32920, ndraw=40, logz=-482.56, remainder_fraction=100.0000%, Lmin=-475.05, Lmax=-8.28
19:00:31 [ultranest] [DEBUG] iteration=544, ncalls=1337, regioncalls=33320, ndraw=40, logz=-481.77, remainder_fraction=100.0000%, Lmin=-474.50, Lmax=-8.28
19:00:31 [ultranest] [DEBUG] iteration=546, ncalls=1340, regioncalls=33440, ndraw=40, logz=-480.26, remainder_fraction=100.0000%, Lmin=-472.69, Lmax=-8.28
19:00:31 [ultranest] [DEBUG] iteration=549, ncalls=1350, regioncalls=33840, ndraw=40, logz=-478.36, remainder_fraction=100.0000%, Lmin=-469.42, Lmax=-8.28
19:00:31 [ultranest] [DEBUG] iteration=550, ncalls=1355, regioncalls=34040, ndraw=40, logz=-476.57, remainder_fraction=100.0000%, Lmin=-469.05, Lmax=-8.28
19:00:31 [ultranest] [DEBUG] iteration=554, ncalls=1360, regioncalls=34240, ndraw=40, logz=-471.23, remainder_fraction=100.0000%, Lmin=-463.07, Lmax=-8.28
19:00:32 [ultranest] [DEBUG] iteration=556, ncalls=1366, regioncalls=34480, ndraw=40, logz=-468.83, remainder_fraction=100.0000%, Lmin=-460.21, Lmax=-8.28
19:00:32 [ultranest] [DEBUG] iteration=558, ncalls=1372, regioncalls=34720, ndraw=40, logz=-466.24, remainder_fraction=100.0000%, Lmin=-459.13, Lmax=-8.28
19:00:32 [ultranest] [DEBUG] iteration=561, ncalls=1377, regioncalls=34920, ndraw=40, logz=-454.68, remainder_fraction=100.0000%, Lmin=-447.21, Lmax=-8.28
19:00:32 [ultranest] [DEBUG] iteration=564, ncalls=1383, regioncalls=35160, ndraw=40, logz=-448.61, remainder_fraction=100.0000%, Lmin=-440.19, Lmax=-8.28
19:00:32 [ultranest] [DEBUG] iteration=566, ncalls=1389, regioncalls=35400, ndraw=40, logz=-446.51, remainder_fraction=100.0000%, Lmin=-439.07, Lmax=-8.28
19:00:32 [ultranest] [DEBUG] iteration=569, ncalls=1394, regioncalls=35600, ndraw=40, logz=-441.08, remainder_fraction=100.0000%, Lmin=-432.75, Lmax=-8.28
19:00:32 [ultranest] [DEBUG] iteration=572, ncalls=1402, regioncalls=35920, ndraw=40, logz=-437.13, remainder_fraction=100.0000%, Lmin=-427.46, Lmax=-8.28
19:00:33 [ultranest] [DEBUG] iteration=574, ncalls=1407, regioncalls=36120, ndraw=40, logz=-434.04, remainder_fraction=100.0000%, Lmin=-427.08, Lmax=-8.28
19:00:33 [ultranest] [DEBUG] iteration=577, ncalls=1418, regioncalls=36560, ndraw=40, logz=-432.34, remainder_fraction=100.0000%, Lmin=-423.77, Lmax=-8.28
19:00:33 [ultranest] [DEBUG] iteration=579, ncalls=1423, regioncalls=36760, ndraw=40, logz=-428.48, remainder_fraction=100.0000%, Lmin=-420.80, Lmax=-8.28
19:00:33 [ultranest] [DEBUG] iteration=581, ncalls=1428, regioncalls=36960, ndraw=40, logz=-420.39, remainder_fraction=100.0000%, Lmin=-410.96, Lmax=-8.28
19:00:33 [ultranest] [DEBUG] iteration=583, ncalls=1433, regioncalls=37160, ndraw=40, logz=-417.60, remainder_fraction=100.0000%, Lmin=-409.61, Lmax=-8.28
19:00:34 [ultranest] [DEBUG] iteration=584, ncalls=1437, regioncalls=37320, ndraw=40, logz=-416.58, remainder_fraction=100.0000%, Lmin=-409.39, Lmax=-8.28
19:00:34 [ultranest] [DEBUG] iteration=586, ncalls=1444, regioncalls=37600, ndraw=40, logz=-411.62, remainder_fraction=100.0000%, Lmin=-404.07, Lmax=-8.28
19:00:34 [ultranest] [DEBUG] iteration=589, ncalls=1450, regioncalls=37840, ndraw=40, logz=-398.07, remainder_fraction=100.0000%, Lmin=-389.10, Lmax=-8.28
19:00:34 [ultranest] [DEBUG] iteration=592, ncalls=1455, regioncalls=38040, ndraw=40, logz=-394.66, remainder_fraction=100.0000%, Lmin=-387.21, Lmax=-8.28
19:00:34 [ultranest] [DEBUG] iteration=594, ncalls=1461, regioncalls=38280, ndraw=40, logz=-392.08, remainder_fraction=100.0000%, Lmin=-383.83, Lmax=-8.28
19:00:34 [ultranest] [DEBUG] iteration=597, ncalls=1467, regioncalls=38520, ndraw=40, logz=-389.04, remainder_fraction=100.0000%, Lmin=-380.57, Lmax=-8.28
19:00:34 [ultranest] [DEBUG] iteration=600, ncalls=1472, regioncalls=38720, ndraw=40, logz=-385.46, remainder_fraction=100.0000%, Lmin=-376.69, Lmax=-8.28
19:00:35 [ultranest] [DEBUG] iteration=602, ncalls=1480, regioncalls=39040, ndraw=40, logz=-382.87, remainder_fraction=100.0000%, Lmin=-373.80, Lmax=-8.28
19:00:35 [ultranest] [DEBUG] iteration=604, ncalls=1485, regioncalls=39240, ndraw=40, logz=-379.56, remainder_fraction=100.0000%, Lmin=-371.14, Lmax=-8.28
19:00:35 [ultranest] [DEBUG] iteration=607, ncalls=1498, regioncalls=39760, ndraw=40, logz=-376.64, remainder_fraction=100.0000%, Lmin=-368.42, Lmax=-8.28
19:00:35 [ultranest] [DEBUG] iteration=610, ncalls=1504, regioncalls=40000, ndraw=40, logz=-372.20, remainder_fraction=100.0000%, Lmin=-364.56, Lmax=-8.28
19:00:35 [ultranest] [DEBUG] iteration=612, ncalls=1511, regioncalls=40280, ndraw=40, logz=-370.79, remainder_fraction=100.0000%, Lmin=-363.98, Lmax=-8.28
19:00:36 [ultranest] [DEBUG] iteration=614, ncalls=1516, regioncalls=40480, ndraw=40, logz=-369.98, remainder_fraction=100.0000%, Lmin=-361.57, Lmax=-8.28
19:00:36 [ultranest] [DEBUG] iteration=617, ncalls=1521, regioncalls=40680, ndraw=40, logz=-363.16, remainder_fraction=100.0000%, Lmin=-353.14, Lmax=-8.28
19:00:36 [ultranest] [DEBUG] iteration=620, ncalls=1527, regioncalls=40920, ndraw=40, logz=-358.22, remainder_fraction=100.0000%, Lmin=-350.94, Lmax=-8.28
19:00:36 [ultranest] [DEBUG] iteration=621, ncalls=1531, regioncalls=41080, ndraw=40, logz=-357.64, remainder_fraction=100.0000%, Lmin=-349.67, Lmax=-8.28
19:00:36 [ultranest] [DEBUG] iteration=622, ncalls=1536, regioncalls=41280, ndraw=40, logz=-356.69, remainder_fraction=100.0000%, Lmin=-349.62, Lmax=-8.28
19:00:36 [ultranest] [DEBUG] iteration=624, ncalls=1542, regioncalls=41520, ndraw=40, logz=-355.25, remainder_fraction=100.0000%, Lmin=-347.51, Lmax=-8.28
19:00:36 [ultranest] [DEBUG] iteration=626, ncalls=1546, regioncalls=41680, ndraw=40, logz=-347.80, remainder_fraction=100.0000%, Lmin=-338.66, Lmax=-8.28
19:00:37 [ultranest] [DEBUG] iteration=629, ncalls=1552, regioncalls=41920, ndraw=40, logz=-343.67, remainder_fraction=100.0000%, Lmin=-335.40, Lmax=-8.28
19:00:37 [ultranest] [DEBUG] iteration=632, ncalls=1562, regioncalls=42320, ndraw=40, logz=-340.77, remainder_fraction=100.0000%, Lmin=-333.54, Lmax=-8.28
19:00:37 [ultranest] [DEBUG] iteration=633, ncalls=1567, regioncalls=42520, ndraw=40, logz=-340.22, remainder_fraction=100.0000%, Lmin=-332.58, Lmax=-8.28
19:00:37 [ultranest] [DEBUG] iteration=636, ncalls=1571, regioncalls=42680, ndraw=40, logz=-335.71, remainder_fraction=100.0000%, Lmin=-327.11, Lmax=-8.28
19:00:37 [ultranest] [DEBUG] iteration=638, ncalls=1577, regioncalls=42920, ndraw=40, logz=-332.88, remainder_fraction=100.0000%, Lmin=-323.67, Lmax=-8.28
19:00:38 [ultranest] [DEBUG] iteration=642, ncalls=1581, regioncalls=43080, ndraw=40, logz=-328.96, remainder_fraction=100.0000%, Lmin=-320.54, Lmax=-8.28
19:00:38 [ultranest] [DEBUG] iteration=644, ncalls=1584, regioncalls=43200, ndraw=40, logz=-327.05, remainder_fraction=100.0000%, Lmin=-317.47, Lmax=-8.28
19:00:38 [ultranest] [DEBUG] iteration=646, ncalls=1587, regioncalls=43320, ndraw=40, logz=-322.82, remainder_fraction=100.0000%, Lmin=-313.80, Lmax=-8.28
19:00:38 [ultranest] [DEBUG] iteration=649, ncalls=1590, regioncalls=43440, ndraw=40, logz=-319.41, remainder_fraction=100.0000%, Lmin=-311.41, Lmax=-8.28
19:00:38 [ultranest] [DEBUG] iteration=650, ncalls=1592, regioncalls=43520, ndraw=40, logz=-318.49, remainder_fraction=100.0000%, Lmin=-311.25, Lmax=-8.28
19:00:38 [ultranest] [DEBUG] iteration=651, ncalls=1597, regioncalls=43720, ndraw=40, logz=-317.96, remainder_fraction=100.0000%, Lmin=-308.43, Lmax=-8.28
19:00:38 [ultranest] [DEBUG] iteration=653, ncalls=1602, regioncalls=43920, ndraw=40, logz=-315.13, remainder_fraction=100.0000%, Lmin=-307.55, Lmax=-8.28
19:00:38 [ultranest] [DEBUG] iteration=657, ncalls=1607, regioncalls=44120, ndraw=40, logz=-311.57, remainder_fraction=100.0000%, Lmin=-297.75, Lmax=-8.28
19:00:38 [ultranest] [DEBUG] iteration=659, ncalls=1611, regioncalls=44280, ndraw=40, logz=-304.56, remainder_fraction=100.0000%, Lmin=-297.20, Lmax=-8.28
19:00:39 [ultranest] [DEBUG] iteration=662, ncalls=1617, regioncalls=44520, ndraw=40, logz=-299.49, remainder_fraction=100.0000%, Lmin=-290.46, Lmax=-8.28
19:00:39 [ultranest] [DEBUG] iteration=664, ncalls=1626, regioncalls=44880, ndraw=40, logz=-296.99, remainder_fraction=100.0000%, Lmin=-288.68, Lmax=-8.28
19:00:39 [ultranest] [DEBUG] iteration=667, ncalls=1632, regioncalls=45120, ndraw=40, logz=-294.67, remainder_fraction=100.0000%, Lmin=-286.73, Lmax=-8.28
19:00:39 [ultranest] [DEBUG] iteration=670, ncalls=1637, regioncalls=45320, ndraw=40, logz=-291.98, remainder_fraction=100.0000%, Lmin=-284.60, Lmax=-8.28
19:00:39 [ultranest] [DEBUG] iteration=671, ncalls=1642, regioncalls=45520, ndraw=40, logz=-291.40, remainder_fraction=100.0000%, Lmin=-284.11, Lmax=-8.28
19:00:39 [ultranest] [DEBUG] iteration=673, ncalls=1646, regioncalls=45680, ndraw=40, logz=-289.15, remainder_fraction=100.0000%, Lmin=-281.23, Lmax=-8.28
19:00:40 [ultranest] [DEBUG] iteration=674, ncalls=1653, regioncalls=45960, ndraw=40, logz=-288.31, remainder_fraction=100.0000%, Lmin=-280.67, Lmax=-8.28
19:00:40 [ultranest] [DEBUG] iteration=676, ncalls=1659, regioncalls=46200, ndraw=40, logz=-286.37, remainder_fraction=100.0000%, Lmin=-279.05, Lmax=-8.28
19:00:40 [ultranest] [DEBUG] iteration=678, ncalls=1666, regioncalls=46480, ndraw=40, logz=-285.47, remainder_fraction=100.0000%, Lmin=-278.92, Lmax=-8.28
19:00:40 [ultranest] [DEBUG] iteration=681, ncalls=1672, regioncalls=46720, ndraw=40, logz=-282.61, remainder_fraction=100.0000%, Lmin=-273.71, Lmax=-8.28
19:00:40 [ultranest] [DEBUG] iteration=683, ncalls=1677, regioncalls=46920, ndraw=40, logz=-280.47, remainder_fraction=100.0000%, Lmin=-272.95, Lmax=-8.28
19:00:40 [ultranest] [DEBUG] iteration=684, ncalls=1682, regioncalls=47120, ndraw=40, logz=-279.85, remainder_fraction=100.0000%, Lmin=-271.07, Lmax=-8.28
19:00:41 [ultranest] [DEBUG] iteration=685, ncalls=1687, regioncalls=47320, ndraw=40, logz=-278.46, remainder_fraction=100.0000%, Lmin=-268.93, Lmax=-8.28
19:00:41 [ultranest] [DEBUG] iteration=687, ncalls=1691, regioncalls=47480, ndraw=40, logz=-275.82, remainder_fraction=100.0000%, Lmin=-267.33, Lmax=-8.28
19:00:41 [ultranest] [DEBUG] iteration=689, ncalls=1695, regioncalls=47640, ndraw=40, logz=-274.06, remainder_fraction=100.0000%, Lmin=-266.97, Lmax=-8.28
19:00:41 [ultranest] [DEBUG] iteration=691, ncalls=1698, regioncalls=47760, ndraw=40, logz=-273.15, remainder_fraction=100.0000%, Lmin=-265.99, Lmax=-8.28
19:00:41 [ultranest] [DEBUG] iteration=692, ncalls=1705, regioncalls=48040, ndraw=40, logz=-272.69, remainder_fraction=100.0000%, Lmin=-261.97, Lmax=-7.46
19:00:41 [ultranest] [DEBUG] iteration=694, ncalls=1710, regioncalls=48240, ndraw=40, logz=-268.83, remainder_fraction=100.0000%, Lmin=-259.27, Lmax=-7.46
19:00:41 [ultranest] [DEBUG] iteration=697, ncalls=1715, regioncalls=48440, ndraw=40, logz=-265.26, remainder_fraction=100.0000%, Lmin=-257.09, Lmax=-7.46
19:00:42 [ultranest] [DEBUG] iteration=699, ncalls=1722, regioncalls=48720, ndraw=40, logz=-263.77, remainder_fraction=100.0000%, Lmin=-255.79, Lmax=-7.46
19:00:42 [ultranest] [DEBUG] iteration=700, ncalls=1723, regioncalls=48760, ndraw=40, logz=-262.93, remainder_fraction=100.0000%, Lmin=-254.13, Lmax=-7.46
19:00:42 [ultranest] [DEBUG] iteration=701, ncalls=1727, regioncalls=48920, ndraw=40, logz=-261.56, remainder_fraction=100.0000%, Lmin=-253.14, Lmax=-7.46
19:00:42 [ultranest] [DEBUG] iteration=702, ncalls=1734, regioncalls=49200, ndraw=40, logz=-260.45, remainder_fraction=100.0000%, Lmin=-252.56, Lmax=-7.46
19:00:42 [ultranest] [DEBUG] iteration=705, ncalls=1743, regioncalls=49560, ndraw=40, logz=-258.72, remainder_fraction=100.0000%, Lmin=-251.77, Lmax=-7.46
19:00:42 [ultranest] [DEBUG] iteration=709, ncalls=1751, regioncalls=49880, ndraw=40, logz=-256.74, remainder_fraction=100.0000%, Lmin=-249.05, Lmax=-7.46
19:00:42 [ultranest] [DEBUG] iteration=711, ncalls=1757, regioncalls=50120, ndraw=40, logz=-255.53, remainder_fraction=100.0000%, Lmin=-248.34, Lmax=-7.46
19:00:43 [ultranest] [DEBUG] iteration=714, ncalls=1764, regioncalls=50400, ndraw=40, logz=-253.90, remainder_fraction=100.0000%, Lmin=-246.78, Lmax=-7.46
19:00:43 [ultranest] [DEBUG] iteration=715, ncalls=1772, regioncalls=50720, ndraw=40, logz=-253.48, remainder_fraction=100.0000%, Lmin=-245.06, Lmax=-7.46
19:00:43 [ultranest] [DEBUG] iteration=718, ncalls=1778, regioncalls=50960, ndraw=40, logz=-249.40, remainder_fraction=100.0000%, Lmin=-241.61, Lmax=-7.46
19:00:43 [ultranest] [DEBUG] iteration=720, ncalls=1784, regioncalls=51200, ndraw=40, logz=-248.24, remainder_fraction=100.0000%, Lmin=-239.97, Lmax=-7.46
19:00:43 [ultranest] [DEBUG] iteration=723, ncalls=1789, regioncalls=51400, ndraw=40, logz=-246.25, remainder_fraction=100.0000%, Lmin=-239.36, Lmax=-7.46
19:00:43 [ultranest] [DEBUG] iteration=724, ncalls=1797, regioncalls=51720, ndraw=40, logz=-245.90, remainder_fraction=100.0000%, Lmin=-239.01, Lmax=-7.46
19:00:43 [ultranest] [DEBUG] iteration=726, ncalls=1804, regioncalls=52000, ndraw=40, logz=-244.96, remainder_fraction=100.0000%, Lmin=-237.31, Lmax=-7.46
19:00:44 [ultranest] [DEBUG] iteration=727, ncalls=1807, regioncalls=52120, ndraw=40, logz=-244.33, remainder_fraction=100.0000%, Lmin=-237.14, Lmax=-7.46
19:00:44 [ultranest] [DEBUG] iteration=728, ncalls=1815, regioncalls=52440, ndraw=40, logz=-243.89, remainder_fraction=100.0000%, Lmin=-234.98, Lmax=-7.46
19:00:44 [ultranest] [DEBUG] iteration=729, ncalls=1818, regioncalls=52560, ndraw=40, logz=-242.49, remainder_fraction=100.0000%, Lmin=-232.77, Lmax=-7.46
19:00:44 [ultranest] [DEBUG] iteration=731, ncalls=1823, regioncalls=52760, ndraw=40, logz=-238.30, remainder_fraction=100.0000%, Lmin=-229.81, Lmax=-7.46
19:00:44 [ultranest] [DEBUG] iteration=734, ncalls=1827, regioncalls=52920, ndraw=40, logz=-234.82, remainder_fraction=100.0000%, Lmin=-226.61, Lmax=-7.46
19:00:44 [ultranest] [DEBUG] iteration=737, ncalls=1839, regioncalls=53400, ndraw=40, logz=-231.28, remainder_fraction=100.0000%, Lmin=-221.43, Lmax=-7.46
19:00:45 [ultranest] [DEBUG] iteration=739, ncalls=1846, regioncalls=53680, ndraw=40, logz=-227.28, remainder_fraction=100.0000%, Lmin=-219.39, Lmax=-7.46
19:00:45 [ultranest] [DEBUG] iteration=741, ncalls=1851, regioncalls=53880, ndraw=40, logz=-226.11, remainder_fraction=100.0000%, Lmin=-219.13, Lmax=-7.46
19:00:45 [ultranest] [DEBUG] iteration=744, ncalls=1857, regioncalls=54120, ndraw=40, logz=-223.32, remainder_fraction=100.0000%, Lmin=-215.39, Lmax=-6.61
19:00:45 [ultranest] [DEBUG] iteration=746, ncalls=1863, regioncalls=54360, ndraw=40, logz=-222.08, remainder_fraction=100.0000%, Lmin=-214.79, Lmax=-6.61
19:00:45 [ultranest] [DEBUG] iteration=747, ncalls=1868, regioncalls=54560, ndraw=40, logz=-221.62, remainder_fraction=100.0000%, Lmin=-214.69, Lmax=-6.61
19:00:45 [ultranest] [DEBUG] iteration=748, ncalls=1872, regioncalls=54720, ndraw=40, logz=-221.28, remainder_fraction=100.0000%, Lmin=-214.42, Lmax=-6.61
19:00:45 [ultranest] [DEBUG] iteration=749, ncalls=1877, regioncalls=54920, ndraw=40, logz=-220.96, remainder_fraction=100.0000%, Lmin=-213.26, Lmax=-6.61
19:00:46 [ultranest] [DEBUG] iteration=750, ncalls=1882, regioncalls=55120, ndraw=40, logz=-220.33, remainder_fraction=100.0000%, Lmin=-211.40, Lmax=-6.61
19:00:46 [ultranest] [DEBUG] iteration=751, ncalls=1887, regioncalls=55320, ndraw=40, logz=-218.95, remainder_fraction=100.0000%, Lmin=-210.21, Lmax=-6.61
19:00:46 [ultranest] [DEBUG] iteration=753, ncalls=1892, regioncalls=55520, ndraw=40, logz=-217.16, remainder_fraction=100.0000%, Lmin=-210.15, Lmax=-6.61
19:00:46 [ultranest] [DEBUG] iteration=756, ncalls=1895, regioncalls=55640, ndraw=40, logz=-215.37, remainder_fraction=100.0000%, Lmin=-207.09, Lmax=-6.61
19:00:46 [ultranest] [DEBUG] iteration=758, ncalls=1898, regioncalls=55760, ndraw=40, logz=-213.91, remainder_fraction=100.0000%, Lmin=-206.55, Lmax=-6.61
19:00:46 [ultranest] [DEBUG] iteration=760, ncalls=1904, regioncalls=56000, ndraw=40, logz=-213.03, remainder_fraction=100.0000%, Lmin=-204.96, Lmax=-6.61
19:00:46 [ultranest] [DEBUG] iteration=761, ncalls=1909, regioncalls=56200, ndraw=40, logz=-212.23, remainder_fraction=100.0000%, Lmin=-204.72, Lmax=-6.61
19:00:47 [ultranest] [DEBUG] iteration=762, ncalls=1920, regioncalls=56640, ndraw=40, logz=-211.70, remainder_fraction=100.0000%, Lmin=-204.45, Lmax=-6.61
19:00:47 [ultranest] [DEBUG] iteration=764, ncalls=1926, regioncalls=56880, ndraw=40, logz=-210.86, remainder_fraction=100.0000%, Lmin=-203.71, Lmax=-6.61
19:00:47 [ultranest] [DEBUG] iteration=766, ncalls=1929, regioncalls=57000, ndraw=40, logz=-210.14, remainder_fraction=100.0000%, Lmin=-202.33, Lmax=-6.61
19:00:47 [ultranest] [DEBUG] iteration=768, ncalls=1935, regioncalls=57240, ndraw=40, logz=-208.74, remainder_fraction=100.0000%, Lmin=-201.20, Lmax=-6.61
19:00:47 [ultranest] [DEBUG] iteration=770, ncalls=1947, regioncalls=57720, ndraw=40, logz=-207.82, remainder_fraction=100.0000%, Lmin=-201.01, Lmax=-6.61
19:00:48 [ultranest] [DEBUG] iteration=771, ncalls=1955, regioncalls=58040, ndraw=40, logz=-207.53, remainder_fraction=100.0000%, Lmin=-200.89, Lmax=-6.61
19:00:48 [ultranest] [DEBUG] iteration=772, ncalls=1960, regioncalls=58240, ndraw=40, logz=-207.28, remainder_fraction=100.0000%, Lmin=-200.20, Lmax=-6.61
19:00:48 [ultranest] [DEBUG] iteration=774, ncalls=1967, regioncalls=58520, ndraw=40, logz=-206.61, remainder_fraction=100.0000%, Lmin=-200.04, Lmax=-6.61
19:00:48 [ultranest] [DEBUG] iteration=775, ncalls=1976, regioncalls=58880, ndraw=40, logz=-206.38, remainder_fraction=100.0000%, Lmin=-199.68, Lmax=-6.61
19:00:48 [ultranest] [DEBUG] iteration=777, ncalls=1990, regioncalls=59440, ndraw=40, logz=-205.86, remainder_fraction=100.0000%, Lmin=-199.42, Lmax=-6.61
19:00:49 [ultranest] [DEBUG] iteration=778, ncalls=1996, regioncalls=59680, ndraw=40, logz=-205.65, remainder_fraction=100.0000%, Lmin=-198.98, Lmax=-6.61
19:00:49 [ultranest] [DEBUG] iteration=780, ncalls=2011, regioncalls=60280, ndraw=40, logz=-204.26, remainder_fraction=100.0000%, Lmin=-196.12, Lmax=-6.61
19:00:49 [ultranest] [DEBUG] iteration=781, ncalls=2014, regioncalls=60400, ndraw=40, logz=-203.45, remainder_fraction=100.0000%, Lmin=-195.93, Lmax=-6.61
19:00:49 [ultranest] [DEBUG] iteration=782, ncalls=2024, regioncalls=60800, ndraw=40, logz=-202.93, remainder_fraction=100.0000%, Lmin=-194.24, Lmax=-6.61
19:00:49 [ultranest] [DEBUG] iteration=783, ncalls=2028, regioncalls=60960, ndraw=40, logz=-201.78, remainder_fraction=100.0000%, Lmin=-194.16, Lmax=-6.61
19:00:50 [ultranest] [DEBUG] iteration=785, ncalls=2032, regioncalls=61120, ndraw=40, logz=-200.73, remainder_fraction=100.0000%, Lmin=-192.55, Lmax=-6.61
19:00:50 [ultranest] [DEBUG] iteration=786, ncalls=2036, regioncalls=61280, ndraw=40, logz=-199.90, remainder_fraction=100.0000%, Lmin=-190.80, Lmax=-6.61
19:00:50 [ultranest] [DEBUG] iteration=787, ncalls=2042, regioncalls=61520, ndraw=40, logz=-198.46, remainder_fraction=100.0000%, Lmin=-190.20, Lmax=-6.61
19:00:50 [ultranest] [DEBUG] iteration=789, ncalls=2046, regioncalls=61680, ndraw=40, logz=-196.29, remainder_fraction=100.0000%, Lmin=-188.58, Lmax=-6.61
19:00:50 [ultranest] [DEBUG] iteration=791, ncalls=2051, regioncalls=61880, ndraw=40, logz=-195.30, remainder_fraction=100.0000%, Lmin=-187.40, Lmax=-6.61
19:00:50 [ultranest] [DEBUG] iteration=793, ncalls=2059, regioncalls=62200, ndraw=40, logz=-193.40, remainder_fraction=100.0000%, Lmin=-184.99, Lmax=-6.61
19:00:50 [ultranest] [DEBUG] iteration=794, ncalls=2064, regioncalls=62400, ndraw=40, logz=-192.45, remainder_fraction=100.0000%, Lmin=-184.88, Lmax=-6.61
19:00:51 [ultranest] [DEBUG] iteration=796, ncalls=2069, regioncalls=62600, ndraw=40, logz=-191.54, remainder_fraction=100.0000%, Lmin=-184.58, Lmax=-6.61
19:00:51 [ultranest] [DEBUG] iteration=798, ncalls=2072, regioncalls=62720, ndraw=40, logz=-190.81, remainder_fraction=100.0000%, Lmin=-182.33, Lmax=-6.61
19:00:51 [ultranest] [DEBUG] iteration=800, ncalls=2080, regioncalls=63040, ndraw=40, logz=-189.30, remainder_fraction=100.0000%, Lmin=-181.22, Lmax=-6.61
19:00:51 [ultranest] [DEBUG] iteration=803, ncalls=2084, regioncalls=63200, ndraw=40, logz=-187.50, remainder_fraction=100.0000%, Lmin=-180.51, Lmax=-6.61
19:00:51 [ultranest] [DEBUG] iteration=804, ncalls=2094, regioncalls=63600, ndraw=40, logz=-187.18, remainder_fraction=100.0000%, Lmin=-180.18, Lmax=-6.61
19:00:51 [ultranest] [DEBUG] iteration=805, ncalls=2102, regioncalls=63920, ndraw=40, logz=-186.86, remainder_fraction=100.0000%, Lmin=-180.01, Lmax=-6.61
19:00:52 [ultranest] [DEBUG] iteration=807, ncalls=2109, regioncalls=64200, ndraw=40, logz=-186.30, remainder_fraction=100.0000%, Lmin=-178.78, Lmax=-6.61
19:00:52 [ultranest] [DEBUG] iteration=810, ncalls=2115, regioncalls=64440, ndraw=40, logz=-185.00, remainder_fraction=100.0000%, Lmin=-178.17, Lmax=-6.61
19:00:52 [ultranest] [DEBUG] iteration=812, ncalls=2123, regioncalls=64760, ndraw=40, logz=-184.40, remainder_fraction=100.0000%, Lmin=-177.20, Lmax=-6.61
19:00:52 [ultranest] [DEBUG] iteration=813, ncalls=2137, regioncalls=65320, ndraw=40, logz=-184.02, remainder_fraction=100.0000%, Lmin=-176.46, Lmax=-6.61
19:00:53 [ultranest] [DEBUG] iteration=814, ncalls=2142, regioncalls=65520, ndraw=40, logz=-183.52, remainder_fraction=100.0000%, Lmin=-176.17, Lmax=-6.61
19:00:53 [ultranest] [DEBUG] iteration=816, ncalls=2146, regioncalls=65680, ndraw=40, logz=-182.36, remainder_fraction=100.0000%, Lmin=-174.65, Lmax=-6.61
19:00:53 [ultranest] [DEBUG] iteration=817, ncalls=2149, regioncalls=65800, ndraw=40, logz=-181.81, remainder_fraction=100.0000%, Lmin=-173.66, Lmax=-6.61
19:00:53 [ultranest] [DEBUG] iteration=819, ncalls=2153, regioncalls=65960, ndraw=40, logz=-179.19, remainder_fraction=100.0000%, Lmin=-170.72, Lmax=-6.61
19:00:53 [ultranest] [DEBUG] iteration=821, ncalls=2157, regioncalls=66120, ndraw=40, logz=-177.32, remainder_fraction=100.0000%, Lmin=-169.25, Lmax=-6.61
19:00:53 [ultranest] [DEBUG] iteration=822, ncalls=2160, regioncalls=66240, ndraw=40, logz=-176.60, remainder_fraction=100.0000%, Lmin=-169.17, Lmax=-6.61
19:00:54 [ultranest] [DEBUG] iteration=823, ncalls=2176, regioncalls=66880, ndraw=40, logz=-176.16, remainder_fraction=100.0000%, Lmin=-168.46, Lmax=-6.61
19:00:54 [ultranest] [DEBUG] iteration=824, ncalls=2182, regioncalls=67120, ndraw=40, logz=-175.61, remainder_fraction=100.0000%, Lmin=-168.32, Lmax=-6.61
19:00:54 [ultranest] [DEBUG] iteration=826, ncalls=2185, regioncalls=67240, ndraw=40, logz=-174.92, remainder_fraction=100.0000%, Lmin=-168.00, Lmax=-6.61
19:00:54 [ultranest] [DEBUG] iteration=828, ncalls=2189, regioncalls=67400, ndraw=40, logz=-174.12, remainder_fraction=100.0000%, Lmin=-166.95, Lmax=-6.61
19:00:54 [ultranest] [DEBUG] iteration=829, ncalls=2197, regioncalls=67720, ndraw=40, logz=-173.77, remainder_fraction=100.0000%, Lmin=-165.04, Lmax=-6.61
19:00:54 [ultranest] [DEBUG] iteration=831, ncalls=2210, regioncalls=68240, ndraw=40, logz=-172.15, remainder_fraction=100.0000%, Lmin=-164.79, Lmax=-6.61
19:00:55 [ultranest] [DEBUG] iteration=834, ncalls=2216, regioncalls=68480, ndraw=40, logz=-170.96, remainder_fraction=100.0000%, Lmin=-163.59, Lmax=-6.61
19:00:55 [ultranest] [DEBUG] iteration=836, ncalls=2220, regioncalls=68640, ndraw=40, logz=-169.92, remainder_fraction=100.0000%, Lmin=-161.77, Lmax=-6.61
19:00:55 [ultranest] [DEBUG] iteration=837, ncalls=2226, regioncalls=68880, ndraw=40, logz=-169.17, remainder_fraction=100.0000%, Lmin=-161.46, Lmax=-6.61
19:00:55 [ultranest] [DEBUG] iteration=838, ncalls=2230, regioncalls=69040, ndraw=40, logz=-168.64, remainder_fraction=100.0000%, Lmin=-161.17, Lmax=-6.61
19:00:55 [ultranest] [DEBUG] iteration=839, ncalls=2234, regioncalls=69200, ndraw=40, logz=-168.20, remainder_fraction=100.0000%, Lmin=-161.17, Lmax=-6.61
19:00:55 [ultranest] [DEBUG] iteration=841, ncalls=2239, regioncalls=69400, ndraw=40, logz=-167.37, remainder_fraction=100.0000%, Lmin=-159.80, Lmax=-6.61
19:00:55 [ultranest] [DEBUG] iteration=844, ncalls=2246, regioncalls=69680, ndraw=40, logz=-166.09, remainder_fraction=100.0000%, Lmin=-158.71, Lmax=-6.61
19:00:56 [ultranest] [DEBUG] iteration=847, ncalls=2250, regioncalls=69840, ndraw=40, logz=-165.02, remainder_fraction=100.0000%, Lmin=-158.24, Lmax=-6.61
19:00:56 [ultranest] [DEBUG] iteration=848, ncalls=2253, regioncalls=69960, ndraw=40, logz=-164.78, remainder_fraction=100.0000%, Lmin=-157.92, Lmax=-6.61
19:00:56 [ultranest] [DEBUG] iteration=849, ncalls=2263, regioncalls=70360, ndraw=40, logz=-164.52, remainder_fraction=100.0000%, Lmin=-157.44, Lmax=-6.61
19:00:56 [ultranest] [DEBUG] iteration=850, ncalls=2268, regioncalls=70560, ndraw=40, logz=-164.21, remainder_fraction=100.0000%, Lmin=-157.35, Lmax=-6.61
19:00:56 [ultranest] [DEBUG] iteration=852, ncalls=2273, regioncalls=70760, ndraw=40, logz=-163.75, remainder_fraction=100.0000%, Lmin=-156.96, Lmax=-6.61
19:00:56 [ultranest] [DEBUG] iteration=854, ncalls=2280, regioncalls=71040, ndraw=40, logz=-163.18, remainder_fraction=100.0000%, Lmin=-155.97, Lmax=-6.61
19:00:57 [ultranest] [DEBUG] iteration=855, ncalls=2288, regioncalls=71360, ndraw=40, logz=-162.84, remainder_fraction=100.0000%, Lmin=-155.77, Lmax=-6.61
19:00:57 [ultranest] [DEBUG] iteration=856, ncalls=2303, regioncalls=71960, ndraw=40, logz=-162.53, remainder_fraction=100.0000%, Lmin=-155.40, Lmax=-6.61
19:00:57 [ultranest] [DEBUG] iteration=858, ncalls=2306, regioncalls=72080, ndraw=40, logz=-161.86, remainder_fraction=100.0000%, Lmin=-154.97, Lmax=-6.61
19:00:57 [ultranest] [DEBUG] iteration=860, ncalls=2311, regioncalls=72280, ndraw=40, logz=-161.29, remainder_fraction=100.0000%, Lmin=-153.41, Lmax=-6.61
19:00:57 [ultranest] [DEBUG] iteration=862, ncalls=2321, regioncalls=72680, ndraw=40, logz=-159.91, remainder_fraction=100.0000%, Lmin=-151.40, Lmax=-6.61
19:00:58 [ultranest] [DEBUG] iteration=863, ncalls=2330, regioncalls=73040, ndraw=40, logz=-159.00, remainder_fraction=100.0000%, Lmin=-151.06, Lmax=-6.61
19:00:58 [ultranest] [DEBUG] iteration=864, ncalls=2334, regioncalls=73200, ndraw=40, logz=-158.39, remainder_fraction=100.0000%, Lmin=-151.02, Lmax=-6.61
19:00:58 [ultranest] [DEBUG] iteration=866, ncalls=2338, regioncalls=73360, ndraw=40, logz=-157.38, remainder_fraction=100.0000%, Lmin=-149.32, Lmax=-6.61
19:00:58 [ultranest] [DEBUG] iteration=868, ncalls=2350, regioncalls=73840, ndraw=40, logz=-155.96, remainder_fraction=100.0000%, Lmin=-146.70, Lmax=-6.61
19:00:58 [ultranest] [DEBUG] iteration=869, ncalls=2362, regioncalls=74320, ndraw=40, logz=-154.55, remainder_fraction=100.0000%, Lmin=-146.39, Lmax=-6.61
19:00:59 [ultranest] [DEBUG] iteration=871, ncalls=2367, regioncalls=74520, ndraw=40, logz=-153.36, remainder_fraction=100.0000%, Lmin=-145.97, Lmax=-6.61
19:00:59 [ultranest] [DEBUG] iteration=872, ncalls=2371, regioncalls=74680, ndraw=40, logz=-152.97, remainder_fraction=100.0000%, Lmin=-145.30, Lmax=-6.61
19:00:59 [ultranest] [DEBUG] iteration=874, ncalls=2376, regioncalls=74880, ndraw=40, logz=-152.00, remainder_fraction=100.0000%, Lmin=-144.53, Lmax=-6.61
19:00:59 [ultranest] [DEBUG] iteration=876, ncalls=2387, regioncalls=75320, ndraw=40, logz=-150.73, remainder_fraction=100.0000%, Lmin=-142.98, Lmax=-6.61
19:00:59 [ultranest] [DEBUG] iteration=878, ncalls=2394, regioncalls=75600, ndraw=40, logz=-149.76, remainder_fraction=100.0000%, Lmin=-141.75, Lmax=-6.61
19:00:59 [ultranest] [DEBUG] iteration=880, ncalls=2397, regioncalls=75720, ndraw=40, logz=-148.68, remainder_fraction=100.0000%, Lmin=-141.00, Lmax=-6.61
19:01:00 [ultranest] [DEBUG] iteration=883, ncalls=2408, regioncalls=76160, ndraw=40, logz=-147.53, remainder_fraction=100.0000%, Lmin=-139.79, Lmax=-6.61
19:01:00 [ultranest] [DEBUG] iteration=885, ncalls=2412, regioncalls=76320, ndraw=40, logz=-146.67, remainder_fraction=100.0000%, Lmin=-139.19, Lmax=-6.61
19:01:00 [ultranest] [DEBUG] iteration=887, ncalls=2418, regioncalls=76560, ndraw=40, logz=-145.88, remainder_fraction=100.0000%, Lmin=-138.56, Lmax=-6.61
19:01:00 [ultranest] [DEBUG] iteration=890, ncalls=2423, regioncalls=76760, ndraw=40, logz=-144.28, remainder_fraction=100.0000%, Lmin=-136.35, Lmax=-6.61
19:01:00 [ultranest] [DEBUG] iteration=892, ncalls=2429, regioncalls=77000, ndraw=40, logz=-143.16, remainder_fraction=100.0000%, Lmin=-134.93, Lmax=-6.61
19:01:00 [ultranest] [DEBUG] iteration=893, ncalls=2432, regioncalls=77120, ndraw=40, logz=-142.45, remainder_fraction=100.0000%, Lmin=-134.28, Lmax=-6.61
19:01:01 [ultranest] [DEBUG] iteration=894, ncalls=2442, regioncalls=77520, ndraw=40, logz=-141.77, remainder_fraction=100.0000%, Lmin=-133.46, Lmax=-6.61
19:01:01 [ultranest] [DEBUG] iteration=895, ncalls=2454, regioncalls=78000, ndraw=40, logz=-141.02, remainder_fraction=100.0000%, Lmin=-133.31, Lmax=-6.61
19:01:01 [ultranest] [DEBUG] iteration=896, ncalls=2460, regioncalls=78240, ndraw=40, logz=-140.54, remainder_fraction=100.0000%, Lmin=-133.14, Lmax=-6.61
19:01:01 [ultranest] [DEBUG] iteration=897, ncalls=2463, regioncalls=78360, ndraw=40, logz=-140.17, remainder_fraction=100.0000%, Lmin=-132.84, Lmax=-6.61
19:01:01 [ultranest] [DEBUG] iteration=898, ncalls=2473, regioncalls=78760, ndraw=40, logz=-139.82, remainder_fraction=100.0000%, Lmin=-131.89, Lmax=-6.61
19:01:02 [ultranest] [DEBUG] iteration=900, ncalls=2479, regioncalls=79000, ndraw=40, logz=-138.85, remainder_fraction=100.0000%, Lmin=-131.47, Lmax=-6.61
19:01:02 [ultranest] [DEBUG] iteration=903, ncalls=2485, regioncalls=79240, ndraw=40, logz=-137.92, remainder_fraction=100.0000%, Lmin=-130.54, Lmax=-6.61
19:01:02 [ultranest] [DEBUG] iteration=905, ncalls=2492, regioncalls=79520, ndraw=40, logz=-137.23, remainder_fraction=100.0000%, Lmin=-130.22, Lmax=-6.61
19:01:02 [ultranest] [DEBUG] iteration=907, ncalls=2495, regioncalls=79640, ndraw=40, logz=-136.68, remainder_fraction=100.0000%, Lmin=-129.65, Lmax=-6.61
19:01:02 [ultranest] [DEBUG] iteration=909, ncalls=2501, regioncalls=79880, ndraw=40, logz=-136.15, remainder_fraction=100.0000%, Lmin=-129.22, Lmax=-6.61
19:01:02 [ultranest] [DEBUG] iteration=910, ncalls=2510, regioncalls=80240, ndraw=40, logz=-135.91, remainder_fraction=100.0000%, Lmin=-128.56, Lmax=-6.61
19:01:03 [ultranest] [DEBUG] iteration=911, ncalls=2517, regioncalls=80520, ndraw=40, logz=-135.57, remainder_fraction=100.0000%, Lmin=-127.29, Lmax=-6.61
19:01:03 [ultranest] [DEBUG] iteration=913, ncalls=2522, regioncalls=80720, ndraw=40, logz=-134.41, remainder_fraction=100.0000%, Lmin=-126.90, Lmax=-6.61
19:01:03 [ultranest] [DEBUG] iteration=914, ncalls=2527, regioncalls=80920, ndraw=40, logz=-134.02, remainder_fraction=100.0000%, Lmin=-126.86, Lmax=-6.61
19:01:03 [ultranest] [DEBUG] iteration=916, ncalls=2534, regioncalls=81200, ndraw=40, logz=-133.45, remainder_fraction=100.0000%, Lmin=-125.49, Lmax=-6.61
19:01:04 [ultranest] [DEBUG] iteration=918, ncalls=2546, regioncalls=81680, ndraw=40, logz=-132.37, remainder_fraction=100.0000%, Lmin=-124.56, Lmax=-6.61
19:01:04 [ultranest] [DEBUG] iteration=919, ncalls=2549, regioncalls=81800, ndraw=40, logz=-131.88, remainder_fraction=100.0000%, Lmin=-123.90, Lmax=-6.61
19:01:04 [ultranest] [DEBUG] iteration=920, ncalls=2554, regioncalls=82000, ndraw=40, logz=-131.32, remainder_fraction=100.0000%, Lmin=-122.58, Lmax=-6.61
19:01:05 [ultranest] [DEBUG] iteration=923, ncalls=2583, regioncalls=83160, ndraw=40, logz=-129.23, remainder_fraction=100.0000%, Lmin=-121.39, Lmax=-6.61
19:01:05 [ultranest] [DEBUG] iteration=925, ncalls=2588, regioncalls=83360, ndraw=40, logz=-128.31, remainder_fraction=100.0000%, Lmin=-120.84, Lmax=-6.61
19:01:05 [ultranest] [DEBUG] iteration=927, ncalls=2592, regioncalls=83520, ndraw=40, logz=-127.60, remainder_fraction=100.0000%, Lmin=-120.56, Lmax=-6.61
19:01:05 [ultranest] [DEBUG] iteration=928, ncalls=2599, regioncalls=83800, ndraw=40, logz=-127.35, remainder_fraction=100.0000%, Lmin=-120.45, Lmax=-6.61
19:01:05 [ultranest] [DEBUG] iteration=929, ncalls=2608, regioncalls=84160, ndraw=40, logz=-127.12, remainder_fraction=100.0000%, Lmin=-120.35, Lmax=-6.61
19:01:05 [ultranest] [DEBUG] iteration=931, ncalls=2611, regioncalls=84280, ndraw=40, logz=-126.71, remainder_fraction=100.0000%, Lmin=-119.79, Lmax=-6.61
19:01:06 [ultranest] [DEBUG] iteration=932, ncalls=2623, regioncalls=84760, ndraw=40, logz=-126.48, remainder_fraction=100.0000%, Lmin=-119.73, Lmax=-6.61
19:01:06 [ultranest] [DEBUG] iteration=933, ncalls=2628, regioncalls=84960, ndraw=40, logz=-126.29, remainder_fraction=100.0000%, Lmin=-119.07, Lmax=-6.61
19:01:06 [ultranest] [DEBUG] iteration=935, ncalls=2636, regioncalls=85280, ndraw=40, logz=-125.64, remainder_fraction=100.0000%, Lmin=-118.42, Lmax=-5.51
19:01:06 [ultranest] [DEBUG] iteration=938, ncalls=2652, regioncalls=85920, ndraw=40, logz=-124.87, remainder_fraction=100.0000%, Lmin=-118.10, Lmax=-5.51
19:01:07 [ultranest] [DEBUG] iteration=939, ncalls=2663, regioncalls=86360, ndraw=40, logz=-124.68, remainder_fraction=100.0000%, Lmin=-118.07, Lmax=-5.51
19:01:07 [ultranest] [DEBUG] iteration=940, ncalls=2667, regioncalls=86520, ndraw=40, logz=-124.51, remainder_fraction=100.0000%, Lmin=-118.01, Lmax=-5.51
19:01:07 [ultranest] [DEBUG] iteration=941, ncalls=2676, regioncalls=86880, ndraw=40, logz=-124.36, remainder_fraction=100.0000%, Lmin=-116.50, Lmax=-5.51
19:01:07 [ultranest] [DEBUG] iteration=942, ncalls=2681, regioncalls=87080, ndraw=40, logz=-123.87, remainder_fraction=100.0000%, Lmin=-116.18, Lmax=-5.51
19:01:08 [ultranest] [DEBUG] iteration=943, ncalls=2692, regioncalls=87520, ndraw=40, logz=-123.44, remainder_fraction=100.0000%, Lmin=-115.90, Lmax=-5.51
19:01:08 [ultranest] [DEBUG] iteration=945, ncalls=2699, regioncalls=87800, ndraw=40, logz=-122.76, remainder_fraction=100.0000%, Lmin=-114.83, Lmax=-5.51
19:01:08 [ultranest] [DEBUG] iteration=947, ncalls=2704, regioncalls=88000, ndraw=40, logz=-121.91, remainder_fraction=100.0000%, Lmin=-114.20, Lmax=-5.51
19:01:08 [ultranest] [DEBUG] iteration=949, ncalls=2708, regioncalls=88160, ndraw=40, logz=-120.94, remainder_fraction=100.0000%, Lmin=-113.38, Lmax=-5.51
19:01:08 [ultranest] [DEBUG] iteration=950, ncalls=2711, regioncalls=88280, ndraw=40, logz=-120.56, remainder_fraction=100.0000%, Lmin=-113.13, Lmax=-5.51
19:01:08 [ultranest] [DEBUG] iteration=951, ncalls=2716, regioncalls=88480, ndraw=40, logz=-120.22, remainder_fraction=100.0000%, Lmin=-112.93, Lmax=-5.51
19:01:09 [ultranest] [DEBUG] iteration=952, ncalls=2724, regioncalls=88800, ndraw=40, logz=-119.92, remainder_fraction=100.0000%, Lmin=-112.84, Lmax=-5.51
19:01:09 [ultranest] [DEBUG] iteration=953, ncalls=2731, regioncalls=89080, ndraw=40, logz=-119.67, remainder_fraction=100.0000%, Lmin=-112.52, Lmax=-5.51
19:01:09 [ultranest] [DEBUG] iteration=954, ncalls=2738, regioncalls=89360, ndraw=40, logz=-119.41, remainder_fraction=100.0000%, Lmin=-112.37, Lmax=-5.51
19:01:09 [ultranest] [DEBUG] iteration=956, ncalls=2744, regioncalls=89600, ndraw=40, logz=-118.80, remainder_fraction=100.0000%, Lmin=-111.42, Lmax=-5.51
19:01:09 [ultranest] [DEBUG] iteration=958, ncalls=2750, regioncalls=89840, ndraw=40, logz=-118.19, remainder_fraction=100.0000%, Lmin=-110.94, Lmax=-5.51
19:01:09 [ultranest] [DEBUG] iteration=959, ncalls=2757, regioncalls=90120, ndraw=40, logz=-117.90, remainder_fraction=100.0000%, Lmin=-110.90, Lmax=-5.51
19:01:10 [ultranest] [DEBUG] iteration=960, ncalls=2767, regioncalls=90520, ndraw=40, logz=-117.67, remainder_fraction=100.0000%, Lmin=-110.66, Lmax=-5.51
19:01:10 [ultranest] [DEBUG] iteration=961, ncalls=2773, regioncalls=90760, ndraw=40, logz=-117.44, remainder_fraction=100.0000%, Lmin=-110.55, Lmax=-5.51
19:01:10 [ultranest] [DEBUG] iteration=963, ncalls=2783, regioncalls=91160, ndraw=40, logz=-117.01, remainder_fraction=100.0000%, Lmin=-110.21, Lmax=-5.51
19:01:10 [ultranest] [DEBUG] iteration=964, ncalls=2790, regioncalls=91440, ndraw=40, logz=-116.82, remainder_fraction=100.0000%, Lmin=-109.96, Lmax=-5.51
19:01:10 [ultranest] [DEBUG] iteration=966, ncalls=2796, regioncalls=91680, ndraw=40, logz=-116.02, remainder_fraction=100.0000%, Lmin=-108.40, Lmax=-5.51
19:01:11 [ultranest] [DEBUG] iteration=967, ncalls=2802, regioncalls=91920, ndraw=40, logz=-115.64, remainder_fraction=100.0000%, Lmin=-108.14, Lmax=-5.51
19:01:11 [ultranest] [DEBUG] iteration=969, ncalls=2806, regioncalls=92080, ndraw=40, logz=-115.03, remainder_fraction=100.0000%, Lmin=-107.82, Lmax=-5.51
19:01:11 [ultranest] [DEBUG] iteration=970, ncalls=2811, regioncalls=92280, ndraw=40, logz=-114.76, remainder_fraction=100.0000%, Lmin=-107.32, Lmax=-5.51
19:01:11 [ultranest] [DEBUG] iteration=972, ncalls=2817, regioncalls=92520, ndraw=40, logz=-114.15, remainder_fraction=100.0000%, Lmin=-106.24, Lmax=-5.51
19:01:11 [ultranest] [DEBUG] iteration=973, ncalls=2828, regioncalls=92960, ndraw=40, logz=-113.67, remainder_fraction=100.0000%, Lmin=-106.23, Lmax=-5.51
19:01:12 [ultranest] [DEBUG] iteration=974, ncalls=2856, regioncalls=94080, ndraw=40, logz=-113.34, remainder_fraction=100.0000%, Lmin=-106.23, Lmax=-5.51
19:01:12 [ultranest] [DEBUG] iteration=975, ncalls=2860, regioncalls=94240, ndraw=40, logz=-113.10, remainder_fraction=100.0000%, Lmin=-105.90, Lmax=-5.51
19:01:12 [ultranest] [DEBUG] iteration=976, ncalls=2877, regioncalls=94920, ndraw=40, logz=-112.84, remainder_fraction=100.0000%, Lmin=-105.81, Lmax=-5.51
19:01:13 [ultranest] [DEBUG] iteration=978, ncalls=2883, regioncalls=95160, ndraw=40, logz=-112.34, remainder_fraction=100.0000%, Lmin=-104.52, Lmax=-5.51
19:01:13 [ultranest] [DEBUG] iteration=979, ncalls=2887, regioncalls=95320, ndraw=40, logz=-111.90, remainder_fraction=100.0000%, Lmin=-104.12, Lmax=-5.51
19:01:13 [ultranest] [DEBUG] iteration=980, ncalls=2893, regioncalls=95560, ndraw=40, logz=-111.47, remainder_fraction=100.0000%, Lmin=-104.05, Lmax=-5.51
19:01:13 [ultranest] [DEBUG] iteration=981, ncalls=2900, regioncalls=95840, ndraw=40, logz=-111.16, remainder_fraction=100.0000%, Lmin=-104.00, Lmax=-5.51
19:01:13 [ultranest] [DEBUG] iteration=982, ncalls=2904, regioncalls=96000, ndraw=40, logz=-110.91, remainder_fraction=100.0000%, Lmin=-103.62, Lmax=-5.51
19:01:13 [ultranest] [DEBUG] iteration=983, ncalls=2909, regioncalls=96200, ndraw=40, logz=-110.63, remainder_fraction=100.0000%, Lmin=-103.17, Lmax=-5.51
19:01:14 [ultranest] [DEBUG] iteration=984, ncalls=2922, regioncalls=96720, ndraw=40, logz=-110.31, remainder_fraction=100.0000%, Lmin=-103.14, Lmax=-5.51
19:01:14 [ultranest] [DEBUG] iteration=986, ncalls=2926, regioncalls=96880, ndraw=40, logz=-109.81, remainder_fraction=100.0000%, Lmin=-102.65, Lmax=-5.51
19:01:14 [ultranest] [DEBUG] iteration=988, ncalls=2938, regioncalls=97360, ndraw=40, logz=-109.35, remainder_fraction=100.0000%, Lmin=-102.52, Lmax=-5.51
19:01:14 [ultranest] [DEBUG] iteration=990, ncalls=2944, regioncalls=97600, ndraw=40, logz=-109.00, remainder_fraction=100.0000%, Lmin=-102.32, Lmax=-5.51
19:01:14 [ultranest] [DEBUG] iteration=992, ncalls=2949, regioncalls=97800, ndraw=40, logz=-108.46, remainder_fraction=100.0000%, Lmin=-100.92, Lmax=-5.51
19:01:15 [ultranest] [DEBUG] iteration=993, ncalls=2960, regioncalls=98240, ndraw=40, logz=-108.12, remainder_fraction=100.0000%, Lmin=-100.74, Lmax=-5.51
19:01:15 [ultranest] [DEBUG] iteration=994, ncalls=2965, regioncalls=98440, ndraw=40, logz=-107.82, remainder_fraction=100.0000%, Lmin=-100.49, Lmax=-5.51
19:01:15 [ultranest] [DEBUG] iteration=997, ncalls=2969, regioncalls=98600, ndraw=40, logz=-106.90, remainder_fraction=100.0000%, Lmin=-99.74, Lmax=-5.51
19:01:15 [ultranest] [DEBUG] iteration=998, ncalls=2975, regioncalls=98840, ndraw=40, logz=-106.66, remainder_fraction=100.0000%, Lmin=-99.39, Lmax=-5.51
19:01:15 [ultranest] [DEBUG] iteration=999, ncalls=2990, regioncalls=99440, ndraw=40, logz=-106.39, remainder_fraction=100.0000%, Lmin=-99.37, Lmax=-5.51
19:01:15 [ultranest] [DEBUG] iteration=1000, ncalls=2992, regioncalls=99520, ndraw=40, logz=-106.18, remainder_fraction=100.0000%, Lmin=-99.28, Lmax=-5.51
19:01:16 [ultranest] [DEBUG] iteration=1002, ncalls=2995, regioncalls=99640, ndraw=40, logz=-105.78, remainder_fraction=100.0000%, Lmin=-98.93, Lmax=-5.51
19:01:16 [ultranest] [DEBUG] iteration=1003, ncalls=3001, regioncalls=99880, ndraw=40, logz=-105.60, remainder_fraction=100.0000%, Lmin=-98.89, Lmax=-5.51
19:01:16 [ultranest] [DEBUG] iteration=1004, ncalls=3006, regioncalls=100080, ndraw=40, logz=-105.44, remainder_fraction=100.0000%, Lmin=-97.80, Lmax=-5.51
19:01:16 [ultranest] [DEBUG] iteration=1006, ncalls=3012, regioncalls=100320, ndraw=40, logz=-104.64, remainder_fraction=100.0000%, Lmin=-97.00, Lmax=-5.51
19:01:16 [ultranest] [DEBUG] iteration=1008, ncalls=3022, regioncalls=100720, ndraw=40, logz=-103.98, remainder_fraction=100.0000%, Lmin=-96.65, Lmax=-5.51
19:01:17 [ultranest] [DEBUG] iteration=1009, ncalls=3029, regioncalls=101000, ndraw=40, logz=-103.71, remainder_fraction=100.0000%, Lmin=-96.03, Lmax=-5.51
19:01:17 [ultranest] [DEBUG] iteration=1011, ncalls=3032, regioncalls=101120, ndraw=40, logz=-103.02, remainder_fraction=100.0000%, Lmin=-95.75, Lmax=-5.51
19:01:17 [ultranest] [DEBUG] iteration=1012, ncalls=3038, regioncalls=101360, ndraw=40, logz=-102.76, remainder_fraction=100.0000%, Lmin=-95.63, Lmax=-5.51
19:01:17 [ultranest] [DEBUG] iteration=1013, ncalls=3048, regioncalls=101760, ndraw=40, logz=-102.53, remainder_fraction=100.0000%, Lmin=-95.61, Lmax=-5.51
19:01:17 [ultranest] [DEBUG] iteration=1014, ncalls=3060, regioncalls=102240, ndraw=40, logz=-102.34, remainder_fraction=100.0000%, Lmin=-95.59, Lmax=-5.51
19:01:18 [ultranest] [DEBUG] iteration=1016, ncalls=3067, regioncalls=102520, ndraw=40, logz=-101.98, remainder_fraction=100.0000%, Lmin=-95.14, Lmax=-5.51
19:01:18 [ultranest] [DEBUG] iteration=1018, ncalls=3071, regioncalls=102680, ndraw=40, logz=-101.63, remainder_fraction=100.0000%, Lmin=-94.42, Lmax=-5.51
19:01:18 [ultranest] [DEBUG] iteration=1019, ncalls=3075, regioncalls=102840, ndraw=40, logz=-101.39, remainder_fraction=100.0000%, Lmin=-94.33, Lmax=-5.51
19:01:18 [ultranest] [DEBUG] iteration=1020, ncalls=3090, regioncalls=103440, ndraw=40, logz=-101.18, remainder_fraction=100.0000%, Lmin=-94.28, Lmax=-5.51
19:01:18 [ultranest] [DEBUG] iteration=1021, ncalls=3095, regioncalls=103640, ndraw=40, logz=-101.00, remainder_fraction=100.0000%, Lmin=-94.21, Lmax=-5.51
19:01:18 [ultranest] [DEBUG] iteration=1023, ncalls=3099, regioncalls=103800, ndraw=40, logz=-100.59, remainder_fraction=100.0000%, Lmin=-93.50, Lmax=-5.51
19:01:19 [ultranest] [DEBUG] iteration=1026, ncalls=3103, regioncalls=103960, ndraw=40, logz=-100.05, remainder_fraction=100.0000%, Lmin=-92.98, Lmax=-5.51
19:01:19 [ultranest] [DEBUG] iteration=1028, ncalls=3112, regioncalls=104320, ndraw=40, logz=-99.64, remainder_fraction=100.0000%, Lmin=-92.57, Lmax=-5.51
19:01:19 [ultranest] [DEBUG] iteration=1030, ncalls=3118, regioncalls=104560, ndraw=40, logz=-99.24, remainder_fraction=100.0000%, Lmin=-91.78, Lmax=-5.51
19:01:19 [ultranest] [DEBUG] iteration=1031, ncalls=3135, regioncalls=105240, ndraw=40, logz=-98.95, remainder_fraction=100.0000%, Lmin=-91.56, Lmax=-5.51
19:01:20 [ultranest] [DEBUG] iteration=1032, ncalls=3142, regioncalls=105520, ndraw=40, logz=-98.67, remainder_fraction=100.0000%, Lmin=-91.51, Lmax=-5.51
19:01:21 [ultranest] [DEBUG] iteration=1035, ncalls=3171, regioncalls=106680, ndraw=40, logz=-97.97, remainder_fraction=100.0000%, Lmin=-90.49, Lmax=-5.51
19:01:21 [ultranest] [DEBUG] iteration=1037, ncalls=3177, regioncalls=106920, ndraw=40, logz=-97.40, remainder_fraction=100.0000%, Lmin=-89.95, Lmax=-5.51
19:01:21 [ultranest] [DEBUG] iteration=1039, ncalls=3181, regioncalls=107080, ndraw=40, logz=-96.88, remainder_fraction=100.0000%, Lmin=-89.86, Lmax=-5.51
19:01:21 [ultranest] [DEBUG] iteration=1041, ncalls=3186, regioncalls=107280, ndraw=40, logz=-96.49, remainder_fraction=100.0000%, Lmin=-89.29, Lmax=-5.51
19:01:21 [ultranest] [DEBUG] iteration=1042, ncalls=3190, regioncalls=107440, ndraw=40, logz=-96.26, remainder_fraction=100.0000%, Lmin=-89.23, Lmax=-5.51
19:01:21 [ultranest] [DEBUG] iteration=1044, ncalls=3198, regioncalls=107760, ndraw=40, logz=-95.85, remainder_fraction=100.0000%, Lmin=-88.64, Lmax=-5.51
19:01:21 [ultranest] [DEBUG] iteration=1045, ncalls=3205, regioncalls=108040, ndraw=40, logz=-95.62, remainder_fraction=100.0000%, Lmin=-87.75, Lmax=-5.51
19:01:21 [ultranest] [DEBUG] iteration=1046, ncalls=3209, regioncalls=108200, ndraw=40, logz=-95.22, remainder_fraction=100.0000%, Lmin=-87.74, Lmax=-5.51
19:01:22 [ultranest] [DEBUG] iteration=1048, ncalls=3219, regioncalls=108600, ndraw=40, logz=-94.67, remainder_fraction=100.0000%, Lmin=-87.38, Lmax=-5.51
19:01:22 [ultranest] [DEBUG] iteration=1049, ncalls=3224, regioncalls=108800, ndraw=40, logz=-94.43, remainder_fraction=100.0000%, Lmin=-87.33, Lmax=-5.51
19:01:22 [ultranest] [DEBUG] iteration=1050, ncalls=3227, regioncalls=108920, ndraw=40, logz=-94.23, remainder_fraction=100.0000%, Lmin=-87.14, Lmax=-5.51
19:01:22 [ultranest] [DEBUG] iteration=1051, ncalls=3234, regioncalls=109200, ndraw=40, logz=-94.02, remainder_fraction=100.0000%, Lmin=-87.12, Lmax=-5.51
19:01:22 [ultranest] [DEBUG] iteration=1052, ncalls=3237, regioncalls=109320, ndraw=40, logz=-93.85, remainder_fraction=100.0000%, Lmin=-87.11, Lmax=-5.51
19:01:22 [ultranest] [DEBUG] iteration=1053, ncalls=3247, regioncalls=109720, ndraw=40, logz=-93.71, remainder_fraction=100.0000%, Lmin=-85.98, Lmax=-5.51
19:01:23 [ultranest] [DEBUG] iteration=1054, ncalls=3251, regioncalls=109880, ndraw=40, logz=-93.36, remainder_fraction=100.0000%, Lmin=-85.84, Lmax=-5.51
19:01:23 [ultranest] [DEBUG] iteration=1055, ncalls=3264, regioncalls=110400, ndraw=40, logz=-93.07, remainder_fraction=100.0000%, Lmin=-85.79, Lmax=-5.51
19:01:23 [ultranest] [DEBUG] iteration=1056, ncalls=3273, regioncalls=110760, ndraw=40, logz=-92.83, remainder_fraction=100.0000%, Lmin=-85.62, Lmax=-5.51
19:01:23 [ultranest] [DEBUG] iteration=1057, ncalls=3280, regioncalls=111040, ndraw=40, logz=-92.61, remainder_fraction=100.0000%, Lmin=-85.58, Lmax=-5.51
19:01:24 [ultranest] [DEBUG] iteration=1060, ncalls=3290, regioncalls=111440, ndraw=40, logz=-92.12, remainder_fraction=100.0000%, Lmin=-85.20, Lmax=-5.51
19:01:24 [ultranest] [DEBUG] iteration=1061, ncalls=3294, regioncalls=111600, ndraw=40, logz=-91.95, remainder_fraction=100.0000%, Lmin=-84.90, Lmax=-5.51
19:01:24 [ultranest] [DEBUG] iteration=1062, ncalls=3301, regioncalls=111880, ndraw=40, logz=-91.76, remainder_fraction=100.0000%, Lmin=-84.88, Lmax=-5.51
19:01:24 [ultranest] [DEBUG] iteration=1064, ncalls=3304, regioncalls=112000, ndraw=40, logz=-91.43, remainder_fraction=100.0000%, Lmin=-84.27, Lmax=-5.51
19:01:24 [ultranest] [DEBUG] iteration=1065, ncalls=3313, regioncalls=112360, ndraw=40, logz=-91.23, remainder_fraction=100.0000%, Lmin=-84.24, Lmax=-5.51
19:01:25 [ultranest] [DEBUG] iteration=1067, ncalls=3318, regioncalls=112560, ndraw=40, logz=-90.83, remainder_fraction=100.0000%, Lmin=-83.78, Lmax=-5.51
19:01:25 [ultranest] [DEBUG] iteration=1069, ncalls=3327, regioncalls=112920, ndraw=40, logz=-90.48, remainder_fraction=100.0000%, Lmin=-83.74, Lmax=-5.51
19:01:25 [ultranest] [DEBUG] iteration=1070, ncalls=3341, regioncalls=113480, ndraw=40, logz=-90.34, remainder_fraction=100.0000%, Lmin=-83.54, Lmax=-5.51
19:01:26 [ultranest] [DEBUG] iteration=1072, ncalls=3359, regioncalls=114200, ndraw=40, logz=-90.05, remainder_fraction=100.0000%, Lmin=-83.17, Lmax=-5.51
19:01:26 [ultranest] [DEBUG] iteration=1073, ncalls=3371, regioncalls=114680, ndraw=40, logz=-89.89, remainder_fraction=100.0000%, Lmin=-82.91, Lmax=-5.51
19:01:26 [ultranest] [DEBUG] iteration=1075, ncalls=3376, regioncalls=114880, ndraw=40, logz=-89.55, remainder_fraction=100.0000%, Lmin=-82.65, Lmax=-5.51
19:01:27 [ultranest] [DEBUG] iteration=1077, ncalls=3394, regioncalls=115600, ndraw=40, logz=-89.23, remainder_fraction=100.0000%, Lmin=-82.49, Lmax=-5.51
19:01:27 [ultranest] [DEBUG] iteration=1079, ncalls=3406, regioncalls=116080, ndraw=40, logz=-88.95, remainder_fraction=100.0000%, Lmin=-82.06, Lmax=-5.51
19:01:27 [ultranest] [DEBUG] iteration=1081, ncalls=3418, regioncalls=116560, ndraw=40, logz=-88.62, remainder_fraction=100.0000%, Lmin=-81.73, Lmax=-5.51
19:01:28 [ultranest] [DEBUG] iteration=1082, ncalls=3429, regioncalls=117000, ndraw=40, logz=-88.47, remainder_fraction=100.0000%, Lmin=-81.48, Lmax=-5.51
19:01:28 [ultranest] [DEBUG] iteration=1084, ncalls=3439, regioncalls=117400, ndraw=40, logz=-88.15, remainder_fraction=100.0000%, Lmin=-81.36, Lmax=-5.51
19:01:28 [ultranest] [DEBUG] iteration=1085, ncalls=3445, regioncalls=117640, ndraw=40, logz=-88.01, remainder_fraction=100.0000%, Lmin=-81.22, Lmax=-5.51
19:01:28 [ultranest] [DEBUG] iteration=1087, ncalls=3450, regioncalls=117840, ndraw=40, logz=-87.69, remainder_fraction=100.0000%, Lmin=-80.80, Lmax=-5.51
19:01:28 [ultranest] [DEBUG] iteration=1089, ncalls=3454, regioncalls=118000, ndraw=40, logz=-87.39, remainder_fraction=100.0000%, Lmin=-80.69, Lmax=-5.51
19:01:28 [ultranest] [DEBUG] iteration=1090, ncalls=3460, regioncalls=118240, ndraw=40, logz=-87.26, remainder_fraction=100.0000%, Lmin=-80.22, Lmax=-5.51
19:01:29 [ultranest] [DEBUG] iteration=1091, ncalls=3471, regioncalls=118680, ndraw=40, logz=-87.08, remainder_fraction=100.0000%, Lmin=-80.22, Lmax=-5.51
19:01:29 [ultranest] [DEBUG] iteration=1094, ncalls=3478, regioncalls=118960, ndraw=40, logz=-86.68, remainder_fraction=100.0000%, Lmin=-79.78, Lmax=-5.51
19:01:29 [ultranest] [DEBUG] iteration=1095, ncalls=3482, regioncalls=119120, ndraw=40, logz=-86.52, remainder_fraction=100.0000%, Lmin=-79.72, Lmax=-5.51
19:01:30 [ultranest] [DEBUG] iteration=1097, ncalls=3515, regioncalls=120440, ndraw=40, logz=-86.24, remainder_fraction=100.0000%, Lmin=-79.31, Lmax=-5.51
19:01:30 [ultranest] [DEBUG] iteration=1099, ncalls=3518, regioncalls=120560, ndraw=40, logz=-85.90, remainder_fraction=100.0000%, Lmin=-78.36, Lmax=-5.51
19:01:30 [ultranest] [DEBUG] iteration=1100, ncalls=3526, regioncalls=120880, ndraw=40, logz=-85.63, remainder_fraction=100.0000%, Lmin=-78.27, Lmax=-5.51
19:01:31 [ultranest] [DEBUG] iteration=1101, ncalls=3535, regioncalls=121240, ndraw=40, logz=-85.40, remainder_fraction=100.0000%, Lmin=-78.19, Lmax=-5.51
19:01:31 [ultranest] [DEBUG] iteration=1102, ncalls=3548, regioncalls=121760, ndraw=40, logz=-85.20, remainder_fraction=100.0000%, Lmin=-78.13, Lmax=-5.51
19:01:31 [ultranest] [DEBUG] iteration=1104, ncalls=3556, regioncalls=122080, ndraw=40, logz=-84.86, remainder_fraction=100.0000%, Lmin=-77.98, Lmax=-5.51
19:01:31 [ultranest] [DEBUG] iteration=1105, ncalls=3559, regioncalls=122200, ndraw=40, logz=-84.71, remainder_fraction=100.0000%, Lmin=-77.67, Lmax=-5.51
19:01:31 [ultranest] [DEBUG] iteration=1106, ncalls=3562, regioncalls=122320, ndraw=40, logz=-84.54, remainder_fraction=100.0000%, Lmin=-77.61, Lmax=-5.51
19:01:32 [ultranest] [DEBUG] iteration=1107, ncalls=3569, regioncalls=122600, ndraw=40, logz=-84.39, remainder_fraction=100.0000%, Lmin=-77.49, Lmax=-5.51
19:01:32 [ultranest] [DEBUG] iteration=1108, ncalls=3584, regioncalls=123200, ndraw=40, logz=-84.24, remainder_fraction=100.0000%, Lmin=-77.14, Lmax=-5.51
19:01:32 [ultranest] [DEBUG] iteration=1109, ncalls=3588, regioncalls=123360, ndraw=40, logz=-84.06, remainder_fraction=100.0000%, Lmin=-77.12, Lmax=-5.51
19:01:32 [ultranest] [DEBUG] iteration=1110, ncalls=3596, regioncalls=123680, ndraw=40, logz=-83.91, remainder_fraction=100.0000%, Lmin=-76.97, Lmax=-5.51
19:01:33 [ultranest] [DEBUG] iteration=1111, ncalls=3607, regioncalls=124120, ndraw=40, logz=-83.75, remainder_fraction=100.0000%, Lmin=-76.81, Lmax=-5.51
19:01:33 [ultranest] [DEBUG] iteration=1112, ncalls=3612, regioncalls=124320, ndraw=40, logz=-83.60, remainder_fraction=100.0000%, Lmin=-76.67, Lmax=-5.51
19:01:33 [ultranest] [DEBUG] iteration=1113, ncalls=3616, regioncalls=124480, ndraw=40, logz=-83.45, remainder_fraction=100.0000%, Lmin=-76.65, Lmax=-5.51
19:01:33 [ultranest] [DEBUG] iteration=1114, ncalls=3622, regioncalls=124720, ndraw=40, logz=-83.32, remainder_fraction=100.0000%, Lmin=-76.31, Lmax=-5.51
19:01:33 [ultranest] [DEBUG] iteration=1115, ncalls=3629, regioncalls=125000, ndraw=40, logz=-83.15, remainder_fraction=100.0000%, Lmin=-76.13, Lmax=-5.51
19:01:33 [ultranest] [DEBUG] iteration=1117, ncalls=3639, regioncalls=125400, ndraw=40, logz=-82.84, remainder_fraction=100.0000%, Lmin=-76.00, Lmax=-5.51
19:01:34 [ultranest] [DEBUG] iteration=1118, ncalls=3648, regioncalls=125760, ndraw=40, logz=-82.70, remainder_fraction=100.0000%, Lmin=-75.25, Lmax=-5.51
19:01:34 [ultranest] [DEBUG] iteration=1119, ncalls=3654, regioncalls=126000, ndraw=40, logz=-82.46, remainder_fraction=100.0000%, Lmin=-75.22, Lmax=-5.51
19:01:34 [ultranest] [DEBUG] iteration=1121, ncalls=3660, regioncalls=126240, ndraw=40, logz=-82.09, remainder_fraction=100.0000%, Lmin=-75.14, Lmax=-5.51
19:01:34 [ultranest] [DEBUG] iteration=1122, ncalls=3666, regioncalls=126480, ndraw=40, logz=-81.94, remainder_fraction=100.0000%, Lmin=-74.91, Lmax=-5.51
19:01:34 [ultranest] [DEBUG] iteration=1125, ncalls=3674, regioncalls=126800, ndraw=40, logz=-81.47, remainder_fraction=100.0000%, Lmin=-74.49, Lmax=-5.51
19:01:35 [ultranest] [DEBUG] iteration=1126, ncalls=3687, regioncalls=127320, ndraw=40, logz=-81.32, remainder_fraction=100.0000%, Lmin=-74.47, Lmax=-5.51
19:01:35 [ultranest] [DEBUG] iteration=1127, ncalls=3690, regioncalls=127440, ndraw=40, logz=-81.18, remainder_fraction=100.0000%, Lmin=-74.25, Lmax=-5.51
19:01:35 [ultranest] [DEBUG] iteration=1128, ncalls=3694, regioncalls=127600, ndraw=40, logz=-81.03, remainder_fraction=100.0000%, Lmin=-74.00, Lmax=-5.51
19:01:35 [ultranest] [DEBUG] iteration=1129, ncalls=3716, regioncalls=128480, ndraw=40, logz=-80.87, remainder_fraction=100.0000%, Lmin=-73.76, Lmax=-5.51
19:01:35 [ultranest] [DEBUG] iteration=1131, ncalls=3719, regioncalls=128600, ndraw=40, logz=-80.51, remainder_fraction=100.0000%, Lmin=-73.34, Lmax=-5.51
19:01:36 [ultranest] [DEBUG] iteration=1133, ncalls=3725, regioncalls=128840, ndraw=40, logz=-80.17, remainder_fraction=100.0000%, Lmin=-73.30, Lmax=-5.51
19:01:36 [ultranest] [DEBUG] iteration=1134, ncalls=3732, regioncalls=129120, ndraw=40, logz=-80.04, remainder_fraction=100.0000%, Lmin=-73.16, Lmax=-5.51
19:01:36 [ultranest] [DEBUG] iteration=1136, ncalls=3741, regioncalls=129480, ndraw=40, logz=-79.77, remainder_fraction=100.0000%, Lmin=-73.00, Lmax=-5.51
19:01:36 [ultranest] [DEBUG] iteration=1137, ncalls=3745, regioncalls=129640, ndraw=40, logz=-79.65, remainder_fraction=100.0000%, Lmin=-72.79, Lmax=-5.51
19:01:36 [ultranest] [DEBUG] iteration=1138, ncalls=3751, regioncalls=129880, ndraw=40, logz=-79.52, remainder_fraction=100.0000%, Lmin=-72.76, Lmax=-5.51
19:01:37 [ultranest] [DEBUG] iteration=1139, ncalls=3759, regioncalls=130200, ndraw=40, logz=-79.40, remainder_fraction=100.0000%, Lmin=-72.72, Lmax=-5.51
19:01:38 [ultranest] [DEBUG] iteration=1140, ncalls=3794, regioncalls=131600, ndraw=40, logz=-79.29, remainder_fraction=100.0000%, Lmin=-72.71, Lmax=-5.51
19:01:38 [ultranest] [DEBUG] iteration=1143, ncalls=3801, regioncalls=131880, ndraw=40, logz=-79.00, remainder_fraction=100.0000%, Lmin=-72.42, Lmax=-5.51
19:01:38 [ultranest] [DEBUG] iteration=1145, ncalls=3804, regioncalls=132000, ndraw=40, logz=-78.79, remainder_fraction=100.0000%, Lmin=-71.88, Lmax=-5.51
19:01:38 [ultranest] [DEBUG] iteration=1148, ncalls=3814, regioncalls=132400, ndraw=40, logz=-78.38, remainder_fraction=100.0000%, Lmin=-71.49, Lmax=-5.51
19:01:38 [ultranest] [DEBUG] iteration=1149, ncalls=3817, regioncalls=132520, ndraw=40, logz=-78.24, remainder_fraction=100.0000%, Lmin=-71.35, Lmax=-5.51
19:01:38 [ultranest] [DEBUG] iteration=1150, ncalls=3820, regioncalls=132640, ndraw=40, logz=-78.11, remainder_fraction=100.0000%, Lmin=-71.12, Lmax=-5.51
19:01:38 [ultranest] [DEBUG] iteration=1151, ncalls=3823, regioncalls=132760, ndraw=40, logz=-77.96, remainder_fraction=100.0000%, Lmin=-71.07, Lmax=-5.51
19:01:39 [ultranest] [DEBUG] iteration=1152, ncalls=3827, regioncalls=132920, ndraw=40, logz=-77.83, remainder_fraction=100.0000%, Lmin=-71.05, Lmax=-5.51
19:01:39 [ultranest] [DEBUG] iteration=1153, ncalls=3832, regioncalls=133120, ndraw=40, logz=-77.71, remainder_fraction=100.0000%, Lmin=-71.02, Lmax=-5.51
19:01:39 [ultranest] [DEBUG] iteration=1155, ncalls=3838, regioncalls=133360, ndraw=40, logz=-77.44, remainder_fraction=100.0000%, Lmin=-70.39, Lmax=-5.51
19:01:39 [ultranest] [DEBUG] iteration=1156, ncalls=3846, regioncalls=133680, ndraw=40, logz=-77.28, remainder_fraction=100.0000%, Lmin=-70.36, Lmax=-5.51
19:01:39 [ultranest] [DEBUG] iteration=1158, ncalls=3851, regioncalls=133880, ndraw=40, logz=-76.99, remainder_fraction=100.0000%, Lmin=-70.01, Lmax=-5.51
19:01:40 [ultranest] [DEBUG] iteration=1159, ncalls=3867, regioncalls=134520, ndraw=40, logz=-76.85, remainder_fraction=100.0000%, Lmin=-69.84, Lmax=-5.51
19:01:40 [ultranest] [DEBUG] iteration=1160, ncalls=3897, regioncalls=135720, ndraw=40, logz=-76.71, remainder_fraction=100.0000%, Lmin=-69.64, Lmax=-5.51
19:01:41 [ultranest] [DEBUG] iteration=1161, ncalls=3902, regioncalls=135920, ndraw=40, logz=-76.55, remainder_fraction=100.0000%, Lmin=-69.58, Lmax=-5.51
19:01:41 [ultranest] [DEBUG] iteration=1163, ncalls=3915, regioncalls=136440, ndraw=40, logz=-76.26, remainder_fraction=100.0000%, Lmin=-69.32, Lmax=-5.51
19:01:41 [ultranest] [DEBUG] iteration=1164, ncalls=3924, regioncalls=136800, ndraw=40, logz=-76.12, remainder_fraction=100.0000%, Lmin=-69.20, Lmax=-5.51
19:01:41 [ultranest] [DEBUG] iteration=1165, ncalls=3934, regioncalls=137200, ndraw=40, logz=-75.99, remainder_fraction=100.0000%, Lmin=-69.12, Lmax=-5.51
19:01:42 [ultranest] [DEBUG] iteration=1166, ncalls=3937, regioncalls=137320, ndraw=40, logz=-75.87, remainder_fraction=100.0000%, Lmin=-69.08, Lmax=-5.51
19:01:42 [ultranest] [DEBUG] iteration=1167, ncalls=3956, regioncalls=138080, ndraw=40, logz=-75.75, remainder_fraction=100.0000%, Lmin=-69.00, Lmax=-5.51
19:01:42 [ultranest] [DEBUG] iteration=1170, ncalls=3960, regioncalls=138240, ndraw=40, logz=-75.20, remainder_fraction=100.0000%, Lmin=-67.91, Lmax=-5.51
19:01:42 [ultranest] [DEBUG] iteration=1171, ncalls=3967, regioncalls=138520, ndraw=40, logz=-75.01, remainder_fraction=100.0000%, Lmin=-67.82, Lmax=-5.51
19:01:43 [ultranest] [DEBUG] iteration=1173, ncalls=3976, regioncalls=138880, ndraw=40, logz=-74.70, remainder_fraction=100.0000%, Lmin=-67.75, Lmax=-5.51
19:01:43 [ultranest] [DEBUG] iteration=1176, ncalls=3985, regioncalls=139240, ndraw=40, logz=-74.29, remainder_fraction=100.0000%, Lmin=-67.21, Lmax=-5.51
19:01:43 [ultranest] [DEBUG] iteration=1178, ncalls=3998, regioncalls=139760, ndraw=40, logz=-74.01, remainder_fraction=100.0000%, Lmin=-67.14, Lmax=-5.51
19:01:43 [ultranest] [DEBUG] iteration=1179, ncalls=4004, regioncalls=140000, ndraw=40, logz=-73.88, remainder_fraction=100.0000%, Lmin=-67.00, Lmax=-5.51
19:01:44 [ultranest] [DEBUG] iteration=1180, ncalls=4016, regioncalls=140480, ndraw=40, logz=-73.76, remainder_fraction=100.0000%, Lmin=-66.70, Lmax=-5.51
19:01:44 [ultranest] [DEBUG] iteration=1181, ncalls=4021, regioncalls=140680, ndraw=40, logz=-73.61, remainder_fraction=100.0000%, Lmin=-66.62, Lmax=-5.51
19:01:44 [ultranest] [DEBUG] iteration=1183, ncalls=4028, regioncalls=140960, ndraw=40, logz=-73.34, remainder_fraction=100.0000%, Lmin=-66.44, Lmax=-5.51
19:01:44 [ultranest] [DEBUG] iteration=1184, ncalls=4042, regioncalls=141520, ndraw=40, logz=-73.22, remainder_fraction=100.0000%, Lmin=-66.38, Lmax=-5.51
19:01:45 [ultranest] [DEBUG] iteration=1185, ncalls=4057, regioncalls=142120, ndraw=40, logz=-73.10, remainder_fraction=100.0000%, Lmin=-66.36, Lmax=-5.51
19:01:45 [ultranest] [DEBUG] iteration=1186, ncalls=4062, regioncalls=142320, ndraw=40, logz=-72.99, remainder_fraction=100.0000%, Lmin=-66.25, Lmax=-5.51
19:01:45 [ultranest] [DEBUG] iteration=1187, ncalls=4077, regioncalls=142920, ndraw=40, logz=-72.89, remainder_fraction=100.0000%, Lmin=-66.25, Lmax=-5.51
19:01:45 [ultranest] [DEBUG] iteration=1188, ncalls=4089, regioncalls=143400, ndraw=40, logz=-72.79, remainder_fraction=100.0000%, Lmin=-66.20, Lmax=-5.51
19:01:45 [ultranest] [DEBUG] iteration=1189, ncalls=4093, regioncalls=143560, ndraw=40, logz=-72.70, remainder_fraction=100.0000%, Lmin=-66.04, Lmax=-5.51
19:01:46 [ultranest] [DEBUG] iteration=1191, ncalls=4099, regioncalls=143800, ndraw=40, logz=-72.49, remainder_fraction=100.0000%, Lmin=-65.76, Lmax=-5.51
19:01:46 [ultranest] [DEBUG] iteration=1193, ncalls=4106, regioncalls=144080, ndraw=40, logz=-72.17, remainder_fraction=100.0000%, Lmin=-64.65, Lmax=-5.51
19:01:46 [ultranest] [DEBUG] iteration=1194, ncalls=4116, regioncalls=144480, ndraw=40, logz=-71.95, remainder_fraction=100.0000%, Lmin=-64.64, Lmax=-5.51
19:01:46 [ultranest] [DEBUG] iteration=1195, ncalls=4124, regioncalls=144800, ndraw=40, logz=-71.78, remainder_fraction=100.0000%, Lmin=-64.33, Lmax=-5.51
19:01:47 [ultranest] [DEBUG] iteration=1196, ncalls=4152, regioncalls=145920, ndraw=40, logz=-71.57, remainder_fraction=100.0000%, Lmin=-63.92, Lmax=-5.51
19:01:48 [ultranest] [DEBUG] iteration=1197, ncalls=4166, regioncalls=146480, ndraw=40, logz=-71.33, remainder_fraction=100.0000%, Lmin=-63.87, Lmax=-5.51
19:01:48 [ultranest] [DEBUG] iteration=1198, ncalls=4171, regioncalls=146680, ndraw=40, logz=-71.13, remainder_fraction=100.0000%, Lmin=-63.70, Lmax=-5.51
19:01:48 [ultranest] [DEBUG] iteration=1200, ncalls=4182, regioncalls=147120, ndraw=40, logz=-70.76, remainder_fraction=100.0000%, Lmin=-63.46, Lmax=-5.51
19:01:48 [ultranest] [DEBUG] iteration=1201, ncalls=4186, regioncalls=147280, ndraw=40, logz=-70.59, remainder_fraction=100.0000%, Lmin=-63.33, Lmax=-5.51
19:01:48 [ultranest] [DEBUG] iteration=1202, ncalls=4194, regioncalls=147600, ndraw=40, logz=-70.42, remainder_fraction=100.0000%, Lmin=-63.28, Lmax=-5.51
19:01:48 [ultranest] [DEBUG] iteration=1203, ncalls=4197, regioncalls=147720, ndraw=40, logz=-70.27, remainder_fraction=100.0000%, Lmin=-63.20, Lmax=-5.51
19:01:49 [ultranest] [DEBUG] iteration=1204, ncalls=4203, regioncalls=147960, ndraw=40, logz=-70.13, remainder_fraction=100.0000%, Lmin=-63.16, Lmax=-5.51
19:01:49 [ultranest] [DEBUG] iteration=1205, ncalls=4207, regioncalls=148120, ndraw=40, logz=-70.01, remainder_fraction=100.0000%, Lmin=-63.09, Lmax=-5.51
19:01:49 [ultranest] [DEBUG] iteration=1206, ncalls=4210, regioncalls=148240, ndraw=40, logz=-69.89, remainder_fraction=100.0000%, Lmin=-63.02, Lmax=-5.51
19:01:49 [ultranest] [DEBUG] iteration=1208, ncalls=4213, regioncalls=148360, ndraw=40, logz=-69.67, remainder_fraction=100.0000%, Lmin=-62.85, Lmax=-5.51
19:01:49 [ultranest] [DEBUG] iteration=1209, ncalls=4219, regioncalls=148600, ndraw=40, logz=-69.56, remainder_fraction=100.0000%, Lmin=-62.82, Lmax=-5.51
19:01:49 [ultranest] [DEBUG] iteration=1210, ncalls=4227, regioncalls=148920, ndraw=40, logz=-69.46, remainder_fraction=100.0000%, Lmin=-62.64, Lmax=-5.51
19:01:49 [ultranest] [DEBUG] iteration=1211, ncalls=4238, regioncalls=149360, ndraw=40, logz=-69.35, remainder_fraction=100.0000%, Lmin=-62.59, Lmax=-5.51
19:01:50 [ultranest] [DEBUG] iteration=1212, ncalls=4244, regioncalls=149600, ndraw=40, logz=-69.25, remainder_fraction=100.0000%, Lmin=-62.53, Lmax=-5.51
19:01:50 [ultranest] [DEBUG] iteration=1213, ncalls=4248, regioncalls=149760, ndraw=40, logz=-69.15, remainder_fraction=100.0000%, Lmin=-62.20, Lmax=-5.51
19:01:50 [ultranest] [DEBUG] iteration=1215, ncalls=4264, regioncalls=150400, ndraw=40, logz=-68.91, remainder_fraction=100.0000%, Lmin=-62.05, Lmax=-5.51
19:01:51 [ultranest] [DEBUG] iteration=1216, ncalls=4281, regioncalls=151080, ndraw=40, logz=-68.80, remainder_fraction=100.0000%, Lmin=-62.00, Lmax=-5.51
19:01:51 [ultranest] [DEBUG] iteration=1217, ncalls=4284, regioncalls=151200, ndraw=40, logz=-68.70, remainder_fraction=100.0000%, Lmin=-61.73, Lmax=-5.51
19:01:51 [ultranest] [DEBUG] iteration=1219, ncalls=4287, regioncalls=151320, ndraw=40, logz=-68.45, remainder_fraction=100.0000%, Lmin=-61.39, Lmax=-5.51
19:01:51 [ultranest] [DEBUG] iteration=1221, ncalls=4295, regioncalls=151640, ndraw=40, logz=-68.17, remainder_fraction=100.0000%, Lmin=-60.93, Lmax=-5.47
19:01:51 [ultranest] [DEBUG] iteration=1222, ncalls=4313, regioncalls=152360, ndraw=40, logz=-68.01, remainder_fraction=100.0000%, Lmin=-60.91, Lmax=-5.47
19:01:52 [ultranest] [DEBUG] iteration=1224, ncalls=4322, regioncalls=152720, ndraw=40, logz=-67.66, remainder_fraction=100.0000%, Lmin=-60.22, Lmax=-5.47
19:01:52 [ultranest] [DEBUG] iteration=1225, ncalls=4330, regioncalls=153040, ndraw=40, logz=-67.47, remainder_fraction=100.0000%, Lmin=-60.06, Lmax=-5.47
19:01:52 [ultranest] [DEBUG] iteration=1226, ncalls=4336, regioncalls=153280, ndraw=40, logz=-67.29, remainder_fraction=100.0000%, Lmin=-60.00, Lmax=-5.47
19:01:52 [ultranest] [DEBUG] iteration=1227, ncalls=4345, regioncalls=153640, ndraw=40, logz=-67.13, remainder_fraction=100.0000%, Lmin=-59.96, Lmax=-5.47
19:01:52 [ultranest] [DEBUG] iteration=1228, ncalls=4351, regioncalls=153880, ndraw=40, logz=-66.99, remainder_fraction=100.0000%, Lmin=-59.90, Lmax=-5.47
19:01:53 [ultranest] [DEBUG] iteration=1229, ncalls=4360, regioncalls=154240, ndraw=40, logz=-66.85, remainder_fraction=100.0000%, Lmin=-59.84, Lmax=-5.47
19:01:53 [ultranest] [DEBUG] iteration=1230, ncalls=4366, regioncalls=154480, ndraw=40, logz=-66.73, remainder_fraction=100.0000%, Lmin=-59.69, Lmax=-5.47
19:01:53 [ultranest] [DEBUG] iteration=1231, ncalls=4379, regioncalls=155000, ndraw=40, logz=-66.60, remainder_fraction=100.0000%, Lmin=-59.46, Lmax=-5.47
19:01:54 [ultranest] [DEBUG] iteration=1232, ncalls=4398, regioncalls=155760, ndraw=40, logz=-66.46, remainder_fraction=100.0000%, Lmin=-59.16, Lmax=-5.47
19:01:54 [ultranest] [DEBUG] iteration=1233, ncalls=4426, regioncalls=156880, ndraw=40, logz=-66.30, remainder_fraction=100.0000%, Lmin=-59.13, Lmax=-5.47
19:01:55 [ultranest] [DEBUG] iteration=1234, ncalls=4431, regioncalls=157080, ndraw=40, logz=-66.16, remainder_fraction=100.0000%, Lmin=-58.93, Lmax=-5.47
19:01:55 [ultranest] [DEBUG] iteration=1237, ncalls=4438, regioncalls=157360, ndraw=40, logz=-65.74, remainder_fraction=100.0000%, Lmin=-58.71, Lmax=-5.47
19:01:55 [ultranest] [DEBUG] iteration=1238, ncalls=4446, regioncalls=157680, ndraw=40, logz=-65.62, remainder_fraction=100.0000%, Lmin=-58.60, Lmax=-5.47
19:01:55 [ultranest] [DEBUG] iteration=1240, ncalls=4452, regioncalls=157920, ndraw=40, logz=-65.34, remainder_fraction=100.0000%, Lmin=-58.17, Lmax=-5.47
19:01:55 [ultranest] [DEBUG] iteration=1241, ncalls=4456, regioncalls=158080, ndraw=40, logz=-65.20, remainder_fraction=100.0000%, Lmin=-58.07, Lmax=-5.47
19:01:56 [ultranest] [DEBUG] iteration=1242, ncalls=4462, regioncalls=158320, ndraw=40, logz=-65.06, remainder_fraction=100.0000%, Lmin=-57.82, Lmax=-5.47
19:01:56 [ultranest] [DEBUG] iteration=1244, ncalls=4466, regioncalls=158480, ndraw=40, logz=-64.75, remainder_fraction=100.0000%, Lmin=-57.39, Lmax=-5.47
19:01:56 [ultranest] [DEBUG] iteration=1245, ncalls=4481, regioncalls=159080, ndraw=40, logz=-64.59, remainder_fraction=100.0000%, Lmin=-57.32, Lmax=-5.47
19:01:56 [ultranest] [DEBUG] iteration=1247, ncalls=4487, regioncalls=159320, ndraw=40, logz=-64.29, remainder_fraction=100.0000%, Lmin=-56.85, Lmax=-5.47
19:01:57 [ultranest] [DEBUG] iteration=1248, ncalls=4504, regioncalls=160000, ndraw=40, logz=-64.11, remainder_fraction=100.0000%, Lmin=-56.71, Lmax=-5.47
19:01:57 [ultranest] [DEBUG] iteration=1249, ncalls=4515, regioncalls=160440, ndraw=40, logz=-63.94, remainder_fraction=100.0000%, Lmin=-56.59, Lmax=-5.47
19:01:58 [ultranest] [DEBUG] iteration=1250, ncalls=4557, regioncalls=162120, ndraw=40, logz=-63.78, remainder_fraction=100.0000%, Lmin=-56.28, Lmax=-5.47
19:01:59 [ultranest] [DEBUG] iteration=1251, ncalls=4584, regioncalls=163200, ndraw=40, logz=-63.59, remainder_fraction=100.0000%, Lmin=-55.71, Lmax=-5.47
19:01:59 [ultranest] [DEBUG] iteration=1252, ncalls=4596, regioncalls=163680, ndraw=40, logz=-63.33, remainder_fraction=100.0000%, Lmin=-55.64, Lmax=-5.47
19:01:59 [ultranest] [DEBUG] iteration=1254, ncalls=4612, regioncalls=164320, ndraw=40, logz=-62.81, remainder_fraction=100.0000%, Lmin=-55.02, Lmax=-5.47
19:02:00 [ultranest] [DEBUG] iteration=1255, ncalls=4616, regioncalls=164480, ndraw=40, logz=-62.57, remainder_fraction=100.0000%, Lmin=-54.90, Lmax=-5.47
19:02:00 [ultranest] [DEBUG] iteration=1256, ncalls=4635, regioncalls=165240, ndraw=40, logz=-62.36, remainder_fraction=100.0000%, Lmin=-54.84, Lmax=-5.47
19:02:00 [ultranest] [DEBUG] iteration=1257, ncalls=4640, regioncalls=165440, ndraw=40, logz=-62.17, remainder_fraction=100.0000%, Lmin=-54.83, Lmax=-5.47
19:02:01 [ultranest] [DEBUG] iteration=1259, ncalls=4648, regioncalls=165760, ndraw=40, logz=-61.86, remainder_fraction=100.0000%, Lmin=-54.66, Lmax=-5.47
19:02:01 [ultranest] [DEBUG] iteration=1260, ncalls=4668, regioncalls=166560, ndraw=40, logz=-61.72, remainder_fraction=100.0000%, Lmin=-54.54, Lmax=-5.47
19:02:01 [ultranest] [DEBUG] iteration=1261, ncalls=4671, regioncalls=166680, ndraw=40, logz=-61.59, remainder_fraction=100.0000%, Lmin=-54.53, Lmax=-5.47
19:02:01 [ultranest] [DEBUG] iteration=1262, ncalls=4676, regioncalls=166880, ndraw=40, logz=-61.47, remainder_fraction=100.0000%, Lmin=-54.42, Lmax=-5.47
19:02:02 [ultranest] [DEBUG] iteration=1264, ncalls=4686, regioncalls=167280, ndraw=40, logz=-61.24, remainder_fraction=100.0000%, Lmin=-54.32, Lmax=-5.47
19:02:02 [ultranest] [DEBUG] iteration=1265, ncalls=4698, regioncalls=167760, ndraw=40, logz=-61.14, remainder_fraction=100.0000%, Lmin=-54.06, Lmax=-5.47
19:02:02 [ultranest] [DEBUG] iteration=1267, ncalls=4714, regioncalls=168400, ndraw=40, logz=-60.90, remainder_fraction=100.0000%, Lmin=-53.97, Lmax=-5.47
19:02:03 [ultranest] [DEBUG] iteration=1269, ncalls=4734, regioncalls=169200, ndraw=40, logz=-60.67, remainder_fraction=100.0000%, Lmin=-53.47, Lmax=-5.47
19:02:03 [ultranest] [DEBUG] iteration=1270, ncalls=4746, regioncalls=169680, ndraw=40, logz=-60.53, remainder_fraction=100.0000%, Lmin=-53.24, Lmax=-5.47
19:02:03 [ultranest] [DEBUG] iteration=1271, ncalls=4754, regioncalls=170000, ndraw=40, logz=-60.39, remainder_fraction=100.0000%, Lmin=-53.14, Lmax=-5.47
19:02:04 [ultranest] [DEBUG] iteration=1272, ncalls=4760, regioncalls=170240, ndraw=40, logz=-60.25, remainder_fraction=100.0000%, Lmin=-52.96, Lmax=-5.47
19:02:04 [ultranest] [DEBUG] iteration=1273, ncalls=4773, regioncalls=170760, ndraw=40, logz=-60.10, remainder_fraction=100.0000%, Lmin=-52.87, Lmax=-5.47
19:02:04 [ultranest] [DEBUG] iteration=1274, ncalls=4779, regioncalls=171000, ndraw=40, logz=-59.96, remainder_fraction=100.0000%, Lmin=-52.78, Lmax=-5.47
19:02:05 [ultranest] [DEBUG] iteration=1275, ncalls=4796, regioncalls=171680, ndraw=40, logz=-59.83, remainder_fraction=100.0000%, Lmin=-52.69, Lmax=-5.47
19:02:05 [ultranest] [DEBUG] iteration=1277, ncalls=4806, regioncalls=172080, ndraw=40, logz=-59.59, remainder_fraction=100.0000%, Lmin=-52.58, Lmax=-5.47
19:02:05 [ultranest] [DEBUG] iteration=1279, ncalls=4811, regioncalls=172280, ndraw=40, logz=-59.37, remainder_fraction=100.0000%, Lmin=-52.42, Lmax=-5.47
19:02:06 [ultranest] [DEBUG] iteration=1280, ncalls=4836, regioncalls=173280, ndraw=40, logz=-59.27, remainder_fraction=100.0000%, Lmin=-52.20, Lmax=-5.47
19:02:06 [ultranest] [DEBUG] iteration=1281, ncalls=4847, regioncalls=173720, ndraw=40, logz=-59.15, remainder_fraction=100.0000%, Lmin=-52.11, Lmax=-5.47
19:02:06 [ultranest] [DEBUG] iteration=1282, ncalls=4850, regioncalls=173840, ndraw=40, logz=-59.04, remainder_fraction=100.0000%, Lmin=-52.00, Lmax=-5.47
19:02:06 [ultranest] [DEBUG] iteration=1284, ncalls=4858, regioncalls=174160, ndraw=40, logz=-58.81, remainder_fraction=100.0000%, Lmin=-51.83, Lmax=-5.47
19:02:06 [ultranest] [DEBUG] iteration=1286, ncalls=4863, regioncalls=174360, ndraw=40, logz=-58.60, remainder_fraction=100.0000%, Lmin=-51.52, Lmax=-5.47
19:02:06 [ultranest] [DEBUG] iteration=1287, ncalls=4867, regioncalls=174520, ndraw=40, logz=-58.49, remainder_fraction=100.0000%, Lmin=-51.33, Lmax=-5.47
19:02:07 [ultranest] [DEBUG] iteration=1288, ncalls=4887, regioncalls=175320, ndraw=40, logz=-58.36, remainder_fraction=100.0000%, Lmin=-50.95, Lmax=-5.47
19:02:08 [ultranest] [DEBUG] iteration=1290, ncalls=4912, regioncalls=176320, ndraw=40, logz=-58.06, remainder_fraction=100.0000%, Lmin=-50.83, Lmax=-5.47
19:02:08 [ultranest] [DEBUG] iteration=1292, ncalls=4917, regioncalls=176520, ndraw=40, logz=-57.80, remainder_fraction=100.0000%, Lmin=-50.67, Lmax=-5.47
19:02:08 [ultranest] [DEBUG] iteration=1294, ncalls=4922, regioncalls=176720, ndraw=40, logz=-57.54, remainder_fraction=100.0000%, Lmin=-50.07, Lmax=-5.47
19:02:08 [ultranest] [DEBUG] iteration=1296, ncalls=4931, regioncalls=177080, ndraw=40, logz=-57.23, remainder_fraction=100.0000%, Lmin=-50.06, Lmax=-5.47
19:02:08 [ultranest] [DEBUG] iteration=1297, ncalls=4936, regioncalls=177280, ndraw=40, logz=-57.11, remainder_fraction=100.0000%, Lmin=-50.02, Lmax=-5.47
19:02:08 [ultranest] [DEBUG] iteration=1299, ncalls=4943, regioncalls=177560, ndraw=40, logz=-56.89, remainder_fraction=100.0000%, Lmin=-49.94, Lmax=-5.47
19:02:09 [ultranest] [DEBUG] iteration=1300, ncalls=4947, regioncalls=177720, ndraw=40, logz=-56.79, remainder_fraction=100.0000%, Lmin=-49.93, Lmax=-5.47
19:02:09 [ultranest] [DEBUG] iteration=1301, ncalls=4953, regioncalls=177960, ndraw=40, logz=-56.70, remainder_fraction=100.0000%, Lmin=-49.91, Lmax=-5.47
19:02:10 [ultranest] [DEBUG] iteration=1302, ncalls=4996, regioncalls=179680, ndraw=40, logz=-56.62, remainder_fraction=100.0000%, Lmin=-49.59, Lmax=-5.47
19:02:10 [ultranest] [DEBUG] iteration=1304, ncalls=5002, regioncalls=179920, ndraw=40, logz=-56.42, remainder_fraction=100.0000%, Lmin=-49.51, Lmax=-5.47
19:02:11 [ultranest] [DEBUG] iteration=1305, ncalls=5008, regioncalls=180160, ndraw=40, logz=-56.32, remainder_fraction=100.0000%, Lmin=-49.28, Lmax=-5.47
19:02:11 [ultranest] [DEBUG] iteration=1306, ncalls=5012, regioncalls=180320, ndraw=40, logz=-56.21, remainder_fraction=100.0000%, Lmin=-49.00, Lmax=-5.47
19:02:12 [ultranest] [DEBUG] iteration=1307, ncalls=5065, regioncalls=182440, ndraw=40, logz=-56.09, remainder_fraction=100.0000%, Lmin=-48.88, Lmax=-5.47
19:02:12 [ultranest] [DEBUG] iteration=1308, ncalls=5073, regioncalls=182760, ndraw=40, logz=-55.96, remainder_fraction=100.0000%, Lmin=-48.84, Lmax=-5.47
19:02:12 [ultranest] [DEBUG] iteration=1309, ncalls=5077, regioncalls=182920, ndraw=40, logz=-55.85, remainder_fraction=100.0000%, Lmin=-48.83, Lmax=-5.47
19:02:13 [ultranest] [DEBUG] iteration=1312, ncalls=5081, regioncalls=183080, ndraw=40, logz=-55.55, remainder_fraction=100.0000%, Lmin=-48.56, Lmax=-5.47
19:02:13 [ultranest] [DEBUG] iteration=1314, ncalls=5084, regioncalls=183200, ndraw=40, logz=-55.31, remainder_fraction=100.0000%, Lmin=-47.99, Lmax=-5.47
19:02:13 [ultranest] [DEBUG] iteration=1315, ncalls=5108, regioncalls=184160, ndraw=40, logz=-55.18, remainder_fraction=100.0000%, Lmin=-47.88, Lmax=-5.47
19:02:14 [ultranest] [DEBUG] iteration=1316, ncalls=5116, regioncalls=184480, ndraw=40, logz=-55.04, remainder_fraction=100.0000%, Lmin=-47.84, Lmax=-5.47
19:02:14 [ultranest] [DEBUG] iteration=1317, ncalls=5140, regioncalls=185440, ndraw=40, logz=-54.92, remainder_fraction=100.0000%, Lmin=-47.69, Lmax=-5.47
19:02:15 [ultranest] [DEBUG] iteration=1318, ncalls=5156, regioncalls=186080, ndraw=40, logz=-54.80, remainder_fraction=100.0000%, Lmin=-47.61, Lmax=-5.47
19:02:16 [ultranest] [DEBUG] iteration=1319, ncalls=5200, regioncalls=187840, ndraw=40, logz=-54.68, remainder_fraction=100.0000%, Lmin=-47.53, Lmax=-5.47
19:02:17 [ultranest] [DEBUG] iteration=1320, ncalls=5227, regioncalls=188920, ndraw=40, logz=-54.57, remainder_fraction=100.0000%, Lmin=-47.44, Lmax=-5.47
19:02:18 [ultranest] [DEBUG] iteration=1321, ncalls=5256, regioncalls=190080, ndraw=40, logz=-54.45, remainder_fraction=100.0000%, Lmin=-47.10, Lmax=-5.47
19:02:18 [ultranest] [DEBUG] iteration=1322, ncalls=5266, regioncalls=190480, ndraw=40, logz=-54.32, remainder_fraction=100.0000%, Lmin=-47.01, Lmax=-5.47
19:02:18 [ultranest] [DEBUG] iteration=1324, ncalls=5271, regioncalls=190680, ndraw=40, logz=-54.07, remainder_fraction=100.0000%, Lmin=-46.90, Lmax=-5.47
19:02:18 [ultranest] [DEBUG] iteration=1325, ncalls=5278, regioncalls=190960, ndraw=40, logz=-53.95, remainder_fraction=100.0000%, Lmin=-46.87, Lmax=-5.47
19:02:18 [ultranest] [DEBUG] iteration=1326, ncalls=5282, regioncalls=191120, ndraw=40, logz=-53.85, remainder_fraction=100.0000%, Lmin=-46.85, Lmax=-5.47
19:02:19 [ultranest] [DEBUG] iteration=1327, ncalls=5311, regioncalls=192280, ndraw=40, logz=-53.75, remainder_fraction=100.0000%, Lmin=-46.82, Lmax=-5.47
19:02:20 [ultranest] [DEBUG] iteration=1328, ncalls=5338, regioncalls=193360, ndraw=40, logz=-53.66, remainder_fraction=100.0000%, Lmin=-46.71, Lmax=-5.47
19:02:20 [ultranest] [DEBUG] iteration=1329, ncalls=5350, regioncalls=193840, ndraw=40, logz=-53.57, remainder_fraction=100.0000%, Lmin=-46.64, Lmax=-5.47
19:02:20 [ultranest] [DEBUG] iteration=1330, ncalls=5369, regioncalls=194600, ndraw=40, logz=-53.48, remainder_fraction=100.0000%, Lmin=-46.55, Lmax=-5.47
19:02:21 [ultranest] [DEBUG] iteration=1331, ncalls=5385, regioncalls=195240, ndraw=40, logz=-53.39, remainder_fraction=100.0000%, Lmin=-46.30, Lmax=-5.47
19:02:21 [ultranest] [DEBUG] iteration=1333, ncalls=5397, regioncalls=195720, ndraw=40, logz=-53.18, remainder_fraction=100.0000%, Lmin=-46.02, Lmax=-5.47
19:02:21 [ultranest] [DEBUG] iteration=1335, ncalls=5404, regioncalls=196000, ndraw=40, logz=-52.96, remainder_fraction=100.0000%, Lmin=-45.80, Lmax=-5.47
19:02:22 [ultranest] [DEBUG] iteration=1336, ncalls=5422, regioncalls=196720, ndraw=40, logz=-52.85, remainder_fraction=100.0000%, Lmin=-45.62, Lmax=-5.47
19:02:22 [ultranest] [DEBUG] iteration=1337, ncalls=5427, regioncalls=196920, ndraw=40, logz=-52.73, remainder_fraction=100.0000%, Lmin=-45.60, Lmax=-5.47
19:02:22 [ultranest] [DEBUG] iteration=1340, ncalls=5433, regioncalls=197160, ndraw=40, logz=-52.33, remainder_fraction=100.0000%, Lmin=-45.02, Lmax=-5.47
19:02:23 [ultranest] [DEBUG] iteration=1341, ncalls=5444, regioncalls=197600, ndraw=40, logz=-52.20, remainder_fraction=100.0000%, Lmin=-44.84, Lmax=-5.47
19:02:23 [ultranest] [DEBUG] iteration=1343, ncalls=5469, regioncalls=198600, ndraw=40, logz=-51.95, remainder_fraction=100.0000%, Lmin=-44.79, Lmax=-5.47
19:02:24 [ultranest] [DEBUG] iteration=1344, ncalls=5497, regioncalls=199720, ndraw=40, logz=-51.84, remainder_fraction=100.0000%, Lmin=-44.68, Lmax=-5.47
19:02:24 [ultranest] [DEBUG] iteration=1345, ncalls=5506, regioncalls=200080, ndraw=40, logz=-51.73, remainder_fraction=100.0000%, Lmin=-44.66, Lmax=-5.47
19:02:24 [ultranest] [DEBUG] iteration=1346, ncalls=5516, regioncalls=200480, ndraw=40, logz=-51.63, remainder_fraction=100.0000%, Lmin=-44.56, Lmax=-5.47
19:02:25 [ultranest] [DEBUG] iteration=1347, ncalls=5528, regioncalls=200960, ndraw=40, logz=-51.53, remainder_fraction=100.0000%, Lmin=-44.39, Lmax=-5.47
19:02:27 [ultranest] [DEBUG] iteration=1348, ncalls=5599, regioncalls=203800, ndraw=40, logz=-51.43, remainder_fraction=100.0000%, Lmin=-44.35, Lmax=-5.47
19:02:27 [ultranest] [DEBUG] iteration=1350, ncalls=5611, regioncalls=204280, ndraw=40, logz=-51.23, remainder_fraction=100.0000%, Lmin=-44.11, Lmax=-5.47
19:02:27 [ultranest] [DEBUG] iteration=1352, ncalls=5617, regioncalls=204520, ndraw=40, logz=-51.03, remainder_fraction=100.0000%, Lmin=-44.08, Lmax=-5.47
19:02:28 [ultranest] [DEBUG] iteration=1354, ncalls=5632, regioncalls=205120, ndraw=40, logz=-50.86, remainder_fraction=100.0000%, Lmin=-44.01, Lmax=-5.47
19:02:28 [ultranest] [DEBUG] iteration=1355, ncalls=5652, regioncalls=205920, ndraw=40, logz=-50.78, remainder_fraction=100.0000%, Lmin=-43.99, Lmax=-5.47
19:02:28 [ultranest] [DEBUG] iteration=1356, ncalls=5660, regioncalls=206240, ndraw=40, logz=-50.71, remainder_fraction=100.0000%, Lmin=-43.98, Lmax=-5.47
19:02:29 [ultranest] [DEBUG] iteration=1357, ncalls=5672, regioncalls=206720, ndraw=40, logz=-50.64, remainder_fraction=100.0000%, Lmin=-43.97, Lmax=-5.47
19:02:29 [ultranest] [DEBUG] iteration=1358, ncalls=5689, regioncalls=207400, ndraw=40, logz=-50.57, remainder_fraction=100.0000%, Lmin=-43.85, Lmax=-5.47
19:02:29 [ultranest] [DEBUG] iteration=1359, ncalls=5702, regioncalls=207920, ndraw=40, logz=-50.50, remainder_fraction=100.0000%, Lmin=-43.68, Lmax=-5.47
19:02:30 [ultranest] [DEBUG] iteration=1360, ncalls=5720, regioncalls=208640, ndraw=40, logz=-50.43, remainder_fraction=100.0000%, Lmin=-43.59, Lmax=-5.47
19:02:30 [ultranest] [DEBUG] iteration=1361, ncalls=5734, regioncalls=209200, ndraw=40, logz=-50.35, remainder_fraction=100.0000%, Lmin=-43.58, Lmax=-5.47
19:02:32 [ultranest] [DEBUG] iteration=1363, ncalls=5783, regioncalls=211160, ndraw=40, logz=-50.21, remainder_fraction=100.0000%, Lmin=-43.49, Lmax=-5.47
19:02:32 [ultranest] [DEBUG] iteration=1364, ncalls=5798, regioncalls=211760, ndraw=40, logz=-50.14, remainder_fraction=100.0000%, Lmin=-43.44, Lmax=-5.47
19:02:32 [ultranest] [DEBUG] iteration=1366, ncalls=5809, regioncalls=212200, ndraw=40, logz=-50.00, remainder_fraction=100.0000%, Lmin=-43.33, Lmax=-5.47
19:02:33 [ultranest] [DEBUG] iteration=1367, ncalls=5830, regioncalls=213040, ndraw=40, logz=-49.94, remainder_fraction=100.0000%, Lmin=-43.13, Lmax=-5.47
19:02:33 [ultranest] [DEBUG] iteration=1368, ncalls=5848, regioncalls=213760, ndraw=40, logz=-49.86, remainder_fraction=100.0000%, Lmin=-43.10, Lmax=-5.47
19:02:35 [ultranest] [DEBUG] iteration=1369, ncalls=5905, regioncalls=216040, ndraw=40, logz=-49.79, remainder_fraction=100.0000%, Lmin=-42.74, Lmax=-5.47
19:02:36 [ultranest] [DEBUG] iteration=1370, ncalls=5938, regioncalls=217360, ndraw=40, logz=-49.70, remainder_fraction=100.0000%, Lmin=-42.45, Lmax=-5.47
19:02:37 [ultranest] [DEBUG] iteration=1371, ncalls=5960, regioncalls=218240, ndraw=40, logz=-49.59, remainder_fraction=100.0000%, Lmin=-42.36, Lmax=-5.47
19:02:37 [ultranest] [DEBUG] iteration=1372, ncalls=5972, regioncalls=218720, ndraw=40, logz=-49.48, remainder_fraction=100.0000%, Lmin=-42.32, Lmax=-5.47
19:02:38 [ultranest] [DEBUG] iteration=1373, ncalls=6014, regioncalls=220400, ndraw=40, logz=-49.38, remainder_fraction=100.0000%, Lmin=-42.17, Lmax=-5.47
19:02:38 [ultranest] [DEBUG] iteration=1374, ncalls=6017, regioncalls=220520, ndraw=40, logz=-49.27, remainder_fraction=100.0000%, Lmin=-42.03, Lmax=-5.47
19:02:39 [ultranest] [DEBUG] iteration=1375, ncalls=6033, regioncalls=221160, ndraw=40, logz=-49.16, remainder_fraction=100.0000%, Lmin=-42.02, Lmax=-5.47
19:02:39 [ultranest] [DEBUG] iteration=1376, ncalls=6056, regioncalls=222080, ndraw=40, logz=-49.06, remainder_fraction=100.0000%, Lmin=-41.94, Lmax=-5.47
19:02:39 [ultranest] [DEBUG] iteration=1377, ncalls=6064, regioncalls=222400, ndraw=40, logz=-48.97, remainder_fraction=100.0000%, Lmin=-41.77, Lmax=-5.47
19:02:40 [ultranest] [DEBUG] iteration=1378, ncalls=6082, regioncalls=223120, ndraw=40, logz=-48.86, remainder_fraction=100.0000%, Lmin=-41.75, Lmax=-5.47
19:02:40 [ultranest] [DEBUG] iteration=1379, ncalls=6092, regioncalls=223520, ndraw=40, logz=-48.77, remainder_fraction=100.0000%, Lmin=-41.69, Lmax=-5.47
19:02:41 [ultranest] [DEBUG] iteration=1381, ncalls=6115, regioncalls=224440, ndraw=40, logz=-48.59, remainder_fraction=100.0000%, Lmin=-41.61, Lmax=-5.47
19:02:41 [ultranest] [DEBUG] iteration=1382, ncalls=6119, regioncalls=224600, ndraw=40, logz=-48.50, remainder_fraction=100.0000%, Lmin=-41.58, Lmax=-5.47
19:02:42 [ultranest] [DEBUG] iteration=1383, ncalls=6155, regioncalls=226040, ndraw=40, logz=-48.43, remainder_fraction=100.0000%, Lmin=-41.57, Lmax=-5.47
19:02:43 [ultranest] [DEBUG] iteration=1385, ncalls=6185, regioncalls=227240, ndraw=40, logz=-48.27, remainder_fraction=100.0000%, Lmin=-41.34, Lmax=-5.47
19:02:43 [ultranest] [DEBUG] iteration=1386, ncalls=6201, regioncalls=227880, ndraw=40, logz=-48.19, remainder_fraction=100.0000%, Lmin=-41.05, Lmax=-5.47
19:02:44 [ultranest] [DEBUG] iteration=1387, ncalls=6206, regioncalls=228080, ndraw=40, logz=-48.09, remainder_fraction=100.0000%, Lmin=-41.02, Lmax=-5.47
19:02:44 [ultranest] [DEBUG] iteration=1388, ncalls=6211, regioncalls=228280, ndraw=40, logz=-48.00, remainder_fraction=100.0000%, Lmin=-41.00, Lmax=-5.47
19:02:45 [ultranest] [DEBUG] iteration=1389, ncalls=6245, regioncalls=229640, ndraw=40, logz=-47.92, remainder_fraction=100.0000%, Lmin=-40.81, Lmax=-5.47
19:02:45 [ultranest] [DEBUG] iteration=1391, ncalls=6248, regioncalls=229760, ndraw=40, logz=-47.73, remainder_fraction=100.0000%, Lmin=-40.69, Lmax=-5.47
19:02:46 [ultranest] [DEBUG] iteration=1393, ncalls=6286, regioncalls=231280, ndraw=40, logz=-47.57, remainder_fraction=100.0000%, Lmin=-40.59, Lmax=-5.47
19:02:46 [ultranest] [DEBUG] iteration=1394, ncalls=6293, regioncalls=231560, ndraw=40, logz=-47.48, remainder_fraction=100.0000%, Lmin=-40.54, Lmax=-5.47
19:02:48 [ultranest] [DEBUG] iteration=1395, ncalls=6352, regioncalls=233920, ndraw=40, logz=-47.41, remainder_fraction=100.0000%, Lmin=-40.54, Lmax=-5.47
19:02:48 [ultranest] [DEBUG] iteration=1396, ncalls=6368, regioncalls=234560, ndraw=40, logz=-47.33, remainder_fraction=100.0000%, Lmin=-40.45, Lmax=-5.47
19:02:48 [ultranest] [DEBUG] iteration=1397, ncalls=6372, regioncalls=234720, ndraw=40, logz=-47.26, remainder_fraction=100.0000%, Lmin=-40.29, Lmax=-5.47
19:02:48 [ultranest] [DEBUG] iteration=1398, ncalls=6375, regioncalls=234840, ndraw=40, logz=-47.18, remainder_fraction=100.0000%, Lmin=-39.97, Lmax=-5.47
19:02:49 [ultranest] [DEBUG] iteration=1399, ncalls=6386, regioncalls=235280, ndraw=40, logz=-47.08, remainder_fraction=100.0000%, Lmin=-39.96, Lmax=-5.47
19:02:49 [ultranest] [DEBUG] iteration=1400, ncalls=6388, regioncalls=235360, ndraw=40, logz=-46.99, remainder_fraction=100.0000%, Lmin=-39.93, Lmax=-5.47
19:02:49 [ultranest] [DEBUG] iteration=1401, ncalls=6404, regioncalls=236000, ndraw=40, logz=-46.90, remainder_fraction=100.0000%, Lmin=-39.86, Lmax=-5.47
19:02:50 [ultranest] [DEBUG] iteration=1402, ncalls=6441, regioncalls=237480, ndraw=40, logz=-46.82, remainder_fraction=100.0000%, Lmin=-39.69, Lmax=-5.47
19:02:51 [ultranest] [DEBUG] iteration=1403, ncalls=6473, regioncalls=238760, ndraw=40, logz=-46.73, remainder_fraction=100.0000%, Lmin=-39.66, Lmax=-5.47
19:02:52 [ultranest] [DEBUG] iteration=1404, ncalls=6537, regioncalls=241320, ndraw=40, logz=-46.64, remainder_fraction=100.0000%, Lmin=-39.48, Lmax=-5.47
19:02:53 [ultranest] [DEBUG] iteration=1405, ncalls=6541, regioncalls=241480, ndraw=40, logz=-46.54, remainder_fraction=100.0000%, Lmin=-39.16, Lmax=-5.47
19:02:53 [ultranest] [DEBUG] iteration=1407, ncalls=6544, regioncalls=241600, ndraw=40, logz=-46.32, remainder_fraction=100.0000%, Lmin=-39.13, Lmax=-5.47
19:02:53 [ultranest] [DEBUG] iteration=1408, ncalls=6559, regioncalls=242200, ndraw=40, logz=-46.23, remainder_fraction=100.0000%, Lmin=-39.02, Lmax=-5.47
19:02:53 [ultranest] [DEBUG] iteration=1409, ncalls=6563, regioncalls=242360, ndraw=40, logz=-46.13, remainder_fraction=100.0000%, Lmin=-38.97, Lmax=-5.47
19:02:54 [ultranest] [DEBUG] iteration=1410, ncalls=6577, regioncalls=242920, ndraw=40, logz=-46.04, remainder_fraction=100.0000%, Lmin=-38.94, Lmax=-5.47
19:02:56 [ultranest] [DEBUG] iteration=1411, ncalls=6652, regioncalls=245920, ndraw=40, logz=-45.95, remainder_fraction=100.0000%, Lmin=-38.82, Lmax=-5.47
19:02:57 [ultranest] [DEBUG] iteration=1412, ncalls=6712, regioncalls=248320, ndraw=40, logz=-45.86, remainder_fraction=100.0000%, Lmin=-38.79, Lmax=-5.47
19:02:58 [ultranest] [DEBUG] iteration=1413, ncalls=6751, regioncalls=249880, ndraw=40, logz=-45.77, remainder_fraction=100.0000%, Lmin=-38.77, Lmax=-5.47
19:02:59 [ultranest] [DEBUG] iteration=1414, ncalls=6782, regioncalls=251120, ndraw=40, logz=-45.69, remainder_fraction=100.0000%, Lmin=-38.74, Lmax=-5.47
19:03:00 [ultranest] [DEBUG] iteration=1415, ncalls=6828, regioncalls=252960, ndraw=40, logz=-45.62, remainder_fraction=100.0000%, Lmin=-38.53, Lmax=-5.47
19:03:00 [ultranest] [DEBUG] iteration=1417, ncalls=6833, regioncalls=253160, ndraw=40, logz=-45.45, remainder_fraction=100.0000%, Lmin=-38.14, Lmax=-5.47
19:03:02 [ultranest] [DEBUG] iteration=1418, ncalls=6871, regioncalls=254680, ndraw=40, logz=-45.34, remainder_fraction=100.0000%, Lmin=-38.11, Lmax=-5.47
19:03:02 [ultranest] [DEBUG] iteration=1419, ncalls=6888, regioncalls=255360, ndraw=40, logz=-45.24, remainder_fraction=100.0000%, Lmin=-37.99, Lmax=-5.47
19:03:02 [ultranest] [DEBUG] iteration=1420, ncalls=6903, regioncalls=255960, ndraw=40, logz=-45.14, remainder_fraction=100.0000%, Lmin=-37.95, Lmax=-5.47
19:03:03 [ultranest] [DEBUG] iteration=1421, ncalls=6924, regioncalls=256800, ndraw=40, logz=-45.05, remainder_fraction=100.0000%, Lmin=-37.76, Lmax=-5.47
19:03:04 [ultranest] [DEBUG] iteration=1422, ncalls=6946, regioncalls=257680, ndraw=40, logz=-44.95, remainder_fraction=100.0000%, Lmin=-37.74, Lmax=-5.47
19:03:04 [ultranest] [DEBUG] iteration=1424, ncalls=6954, regioncalls=258000, ndraw=40, logz=-44.76, remainder_fraction=100.0000%, Lmin=-37.38, Lmax=-5.47
19:03:05 [ultranest] [DEBUG] iteration=1425, ncalls=6982, regioncalls=259120, ndraw=40, logz=-44.65, remainder_fraction=100.0000%, Lmin=-37.36, Lmax=-5.47
19:03:06 [ultranest] [DEBUG] iteration=1426, ncalls=7011, regioncalls=260280, ndraw=40, logz=-44.55, remainder_fraction=100.0000%, Lmin=-37.34, Lmax=-5.47
19:03:06 [ultranest] [DEBUG] iteration=1427, ncalls=7016, regioncalls=260480, ndraw=40, logz=-44.46, remainder_fraction=100.0000%, Lmin=-37.23, Lmax=-5.47
19:03:06 [ultranest] [DEBUG] iteration=1428, ncalls=7044, regioncalls=261600, ndraw=40, logz=-44.36, remainder_fraction=100.0000%, Lmin=-37.15, Lmax=-5.47
19:03:06 [ultranest] [DEBUG] iteration=1429, ncalls=7050, regioncalls=261840, ndraw=40, logz=-44.27, remainder_fraction=100.0000%, Lmin=-37.10, Lmax=-5.47
19:03:07 [ultranest] [DEBUG] iteration=1430, ncalls=7078, regioncalls=262960, ndraw=40, logz=-44.18, remainder_fraction=100.0000%, Lmin=-37.05, Lmax=-5.47
19:03:08 [ultranest] [DEBUG] iteration=1431, ncalls=7092, regioncalls=263520, ndraw=40, logz=-44.09, remainder_fraction=100.0000%, Lmin=-37.01, Lmax=-5.47
19:03:08 [ultranest] [DEBUG] iteration=1432, ncalls=7111, regioncalls=264280, ndraw=40, logz=-44.01, remainder_fraction=100.0000%, Lmin=-36.96, Lmax=-5.47
19:03:08 [ultranest] [DEBUG] iteration=1433, ncalls=7123, regioncalls=264760, ndraw=40, logz=-43.93, remainder_fraction=100.0000%, Lmin=-36.79, Lmax=-5.47
19:03:09 [ultranest] [DEBUG] iteration=1434, ncalls=7132, regioncalls=265120, ndraw=40, logz=-43.84, remainder_fraction=100.0000%, Lmin=-36.75, Lmax=-5.47
19:03:09 [ultranest] [DEBUG] iteration=1435, ncalls=7143, regioncalls=265560, ndraw=40, logz=-43.76, remainder_fraction=100.0000%, Lmin=-36.71, Lmax=-5.47
19:03:10 [ultranest] [DEBUG] iteration=1437, ncalls=7176, regioncalls=266880, ndraw=40, logz=-43.61, remainder_fraction=100.0000%, Lmin=-36.33, Lmax=-5.47
19:03:10 [ultranest] [DEBUG] iteration=1438, ncalls=7181, regioncalls=267080, ndraw=40, logz=-43.51, remainder_fraction=100.0000%, Lmin=-36.27, Lmax=-5.47
19:03:10 [ultranest] [DEBUG] iteration=1439, ncalls=7192, regioncalls=267520, ndraw=40, logz=-43.41, remainder_fraction=100.0000%, Lmin=-36.10, Lmax=-5.47
19:03:11 [ultranest] [DEBUG] iteration=1441, ncalls=7215, regioncalls=268440, ndraw=40, logz=-43.21, remainder_fraction=100.0000%, Lmin=-35.92, Lmax=-5.47
19:03:11 [ultranest] [DEBUG] iteration=1442, ncalls=7224, regioncalls=268800, ndraw=40, logz=-43.11, remainder_fraction=100.0000%, Lmin=-35.92, Lmax=-5.47
19:03:12 [ultranest] [DEBUG] iteration=1444, ncalls=7242, regioncalls=269520, ndraw=40, logz=-42.94, remainder_fraction=100.0000%, Lmin=-35.87, Lmax=-5.47
19:03:12 [ultranest] [DEBUG] iteration=1445, ncalls=7262, regioncalls=270320, ndraw=40, logz=-42.86, remainder_fraction=100.0000%, Lmin=-35.82, Lmax=-5.47
19:03:13 [ultranest] [DEBUG] iteration=1446, ncalls=7266, regioncalls=270480, ndraw=40, logz=-42.79, remainder_fraction=100.0000%, Lmin=-35.79, Lmax=-5.47
19:03:13 [ultranest] [DEBUG] iteration=1448, ncalls=7275, regioncalls=270840, ndraw=40, logz=-42.64, remainder_fraction=100.0000%, Lmin=-35.72, Lmax=-5.47
19:03:13 [ultranest] [DEBUG] iteration=1449, ncalls=7285, regioncalls=271240, ndraw=40, logz=-42.57, remainder_fraction=100.0000%, Lmin=-35.70, Lmax=-5.47
19:03:14 [ultranest] [DEBUG] iteration=1450, ncalls=7317, regioncalls=272520, ndraw=40, logz=-42.51, remainder_fraction=100.0000%, Lmin=-35.67, Lmax=-5.47
19:03:14 [ultranest] [DEBUG] iteration=1451, ncalls=7321, regioncalls=272680, ndraw=40, logz=-42.45, remainder_fraction=100.0000%, Lmin=-35.67, Lmax=-5.47
19:03:14 [ultranest] [DEBUG] iteration=1452, ncalls=7325, regioncalls=272840, ndraw=40, logz=-42.39, remainder_fraction=100.0000%, Lmin=-35.67, Lmax=-5.47
19:03:14 [ultranest] [DEBUG] iteration=1454, ncalls=7329, regioncalls=273000, ndraw=40, logz=-42.27, remainder_fraction=100.0000%, Lmin=-35.38, Lmax=-5.47
19:03:15 [ultranest] [DEBUG] iteration=1455, ncalls=7337, regioncalls=273320, ndraw=40, logz=-42.21, remainder_fraction=100.0000%, Lmin=-35.24, Lmax=-5.47
19:03:15 [ultranest] [DEBUG] iteration=1456, ncalls=7352, regioncalls=273920, ndraw=40, logz=-42.14, remainder_fraction=100.0000%, Lmin=-35.15, Lmax=-5.47
19:03:15 [ultranest] [DEBUG] iteration=1458, ncalls=7362, regioncalls=274320, ndraw=40, logz=-42.00, remainder_fraction=100.0000%, Lmin=-35.11, Lmax=-5.47
19:03:16 [ultranest] [DEBUG] iteration=1459, ncalls=7400, regioncalls=275840, ndraw=40, logz=-41.94, remainder_fraction=100.0000%, Lmin=-35.10, Lmax=-5.47
19:03:17 [ultranest] [DEBUG] iteration=1460, ncalls=7406, regioncalls=276080, ndraw=40, logz=-41.88, remainder_fraction=100.0000%, Lmin=-35.09, Lmax=-5.47
19:03:17 [ultranest] [DEBUG] iteration=1462, ncalls=7425, regioncalls=276840, ndraw=40, logz=-41.76, remainder_fraction=100.0000%, Lmin=-35.06, Lmax=-5.47
19:03:17 [ultranest] [DEBUG] iteration=1464, ncalls=7439, regioncalls=277400, ndraw=40, logz=-41.66, remainder_fraction=100.0000%, Lmin=-34.75, Lmax=-5.47
19:03:18 [ultranest] [DEBUG] iteration=1465, ncalls=7456, regioncalls=278080, ndraw=40, logz=-41.59, remainder_fraction=100.0000%, Lmin=-34.61, Lmax=-5.47
19:03:18 [ultranest] [DEBUG] iteration=1466, ncalls=7461, regioncalls=278280, ndraw=40, logz=-41.52, remainder_fraction=100.0000%, Lmin=-34.54, Lmax=-5.47
19:03:18 [ultranest] [DEBUG] iteration=1467, ncalls=7468, regioncalls=278560, ndraw=40, logz=-41.46, remainder_fraction=100.0000%, Lmin=-34.43, Lmax=-5.47
19:03:19 [ultranest] [DEBUG] iteration=1469, ncalls=7498, regioncalls=279760, ndraw=40, logz=-41.32, remainder_fraction=100.0000%, Lmin=-34.38, Lmax=-5.47
19:03:19 [ultranest] [DEBUG] iteration=1470, ncalls=7511, regioncalls=280280, ndraw=40, logz=-41.25, remainder_fraction=100.0000%, Lmin=-34.26, Lmax=-5.47
19:03:20 [ultranest] [DEBUG] iteration=1471, ncalls=7532, regioncalls=281120, ndraw=40, logz=-41.18, remainder_fraction=100.0000%, Lmin=-34.04, Lmax=-5.47
19:03:20 [ultranest] [DEBUG] iteration=1472, ncalls=7551, regioncalls=281880, ndraw=40, logz=-41.10, remainder_fraction=100.0000%, Lmin=-34.04, Lmax=-5.47
19:03:21 [ultranest] [DEBUG] iteration=1474, ncalls=7563, regioncalls=282360, ndraw=40, logz=-40.96, remainder_fraction=100.0000%, Lmin=-33.90, Lmax=-5.47
19:03:21 [ultranest] [DEBUG] iteration=1475, ncalls=7568, regioncalls=282560, ndraw=40, logz=-40.89, remainder_fraction=100.0000%, Lmin=-33.85, Lmax=-5.47
19:03:22 [ultranest] [DEBUG] iteration=1476, ncalls=7615, regioncalls=284440, ndraw=40, logz=-40.81, remainder_fraction=100.0000%, Lmin=-33.80, Lmax=-5.47
19:03:23 [ultranest] [DEBUG] iteration=1477, ncalls=7631, regioncalls=285080, ndraw=40, logz=-40.75, remainder_fraction=100.0000%, Lmin=-33.72, Lmax=-5.47
19:03:24 [ultranest] [DEBUG] iteration=1478, ncalls=7665, regioncalls=286440, ndraw=40, logz=-40.68, remainder_fraction=100.0000%, Lmin=-33.71, Lmax=-5.47
19:03:24 [ultranest] [DEBUG] iteration=1480, ncalls=7670, regioncalls=286640, ndraw=40, logz=-40.55, remainder_fraction=100.0000%, Lmin=-33.68, Lmax=-5.47
19:03:25 [ultranest] [DEBUG] iteration=1481, ncalls=7714, regioncalls=288400, ndraw=40, logz=-40.49, remainder_fraction=100.0000%, Lmin=-33.68, Lmax=-5.47
19:03:25 [ultranest] [DEBUG] iteration=1482, ncalls=7723, regioncalls=288760, ndraw=40, logz=-40.43, remainder_fraction=100.0000%, Lmin=-33.54, Lmax=-5.47
19:03:26 [ultranest] [DEBUG] iteration=1483, ncalls=7754, regioncalls=290000, ndraw=40, logz=-40.37, remainder_fraction=100.0000%, Lmin=-33.51, Lmax=-5.47
19:03:26 [ultranest] [DEBUG] iteration=1484, ncalls=7776, regioncalls=290880, ndraw=40, logz=-40.31, remainder_fraction=100.0000%, Lmin=-33.39, Lmax=-5.47
19:03:27 [ultranest] [DEBUG] iteration=1485, ncalls=7788, regioncalls=291360, ndraw=40, logz=-40.25, remainder_fraction=100.0000%, Lmin=-33.34, Lmax=-5.47
19:03:27 [ultranest] [DEBUG] iteration=1486, ncalls=7791, regioncalls=291480, ndraw=40, logz=-40.19, remainder_fraction=100.0000%, Lmin=-33.25, Lmax=-5.47
19:03:27 [ultranest] [DEBUG] iteration=1487, ncalls=7808, regioncalls=292160, ndraw=40, logz=-40.13, remainder_fraction=100.0000%, Lmin=-33.13, Lmax=-5.47
19:03:28 [ultranest] [DEBUG] iteration=1488, ncalls=7815, regioncalls=292440, ndraw=40, logz=-40.06, remainder_fraction=100.0000%, Lmin=-32.98, Lmax=-5.47
19:03:28 [ultranest] [DEBUG] iteration=1489, ncalls=7821, regioncalls=292680, ndraw=40, logz=-39.99, remainder_fraction=100.0000%, Lmin=-32.96, Lmax=-5.47
19:03:29 [ultranest] [DEBUG] iteration=1490, ncalls=7859, regioncalls=294200, ndraw=40, logz=-39.92, remainder_fraction=100.0000%, Lmin=-32.90, Lmax=-5.47
19:03:29 [ultranest] [DEBUG] iteration=1491, ncalls=7862, regioncalls=294320, ndraw=40, logz=-39.86, remainder_fraction=100.0000%, Lmin=-32.88, Lmax=-5.47
19:03:29 [ultranest] [DEBUG] iteration=1492, ncalls=7874, regioncalls=294800, ndraw=40, logz=-39.79, remainder_fraction=100.0000%, Lmin=-32.78, Lmax=-5.47
19:03:30 [ultranest] [DEBUG] iteration=1493, ncalls=7906, regioncalls=296080, ndraw=40, logz=-39.72, remainder_fraction=100.0000%, Lmin=-32.74, Lmax=-5.47
19:03:31 [ultranest] [DEBUG] iteration=1494, ncalls=7924, regioncalls=296800, ndraw=40, logz=-39.66, remainder_fraction=100.0000%, Lmin=-32.70, Lmax=-5.47
19:03:31 [ultranest] [DEBUG] iteration=1495, ncalls=7948, regioncalls=297760, ndraw=40, logz=-39.60, remainder_fraction=100.0000%, Lmin=-32.68, Lmax=-5.47
19:03:31 [ultranest] [DEBUG] iteration=1497, ncalls=7952, regioncalls=297920, ndraw=40, logz=-39.48, remainder_fraction=100.0000%, Lmin=-32.44, Lmax=-5.47
19:03:32 [ultranest] [DEBUG] iteration=1498, ncalls=7959, regioncalls=298200, ndraw=40, logz=-39.41, remainder_fraction=100.0000%, Lmin=-32.38, Lmax=-5.47
19:03:32 [ultranest] [DEBUG] iteration=1499, ncalls=7966, regioncalls=298480, ndraw=40, logz=-39.35, remainder_fraction=100.0000%, Lmin=-32.32, Lmax=-5.47
19:03:32 [ultranest] [DEBUG] iteration=1500, ncalls=7984, regioncalls=299200, ndraw=40, logz=-39.28, remainder_fraction=100.0000%, Lmin=-32.24, Lmax=-5.47
19:03:33 [ultranest] [DEBUG] iteration=1501, ncalls=7989, regioncalls=299400, ndraw=40, logz=-39.21, remainder_fraction=100.0000%, Lmin=-32.22, Lmax=-5.47
19:03:33 [ultranest] [DEBUG] iteration=1502, ncalls=7993, regioncalls=299560, ndraw=40, logz=-39.15, remainder_fraction=100.0000%, Lmin=-31.99, Lmax=-5.47
19:03:33 [ultranest] [DEBUG] iteration=1503, ncalls=7996, regioncalls=299680, ndraw=40, logz=-39.08, remainder_fraction=100.0000%, Lmin=-31.99, Lmax=-5.47
19:03:33 [ultranest] [DEBUG] iteration=1504, ncalls=8004, regioncalls=300000, ndraw=40, logz=-39.01, remainder_fraction=100.0000%, Lmin=-31.87, Lmax=-5.47
19:03:33 [ultranest] [DEBUG] iteration=1505, ncalls=8020, regioncalls=300640, ndraw=40, logz=-38.93, remainder_fraction=100.0000%, Lmin=-31.81, Lmax=-5.47
19:03:34 [ultranest] [DEBUG] iteration=1506, ncalls=8042, regioncalls=301520, ndraw=40, logz=-38.86, remainder_fraction=100.0000%, Lmin=-31.73, Lmax=-5.47
19:03:34 [ultranest] [DEBUG] iteration=1507, ncalls=8056, regioncalls=302080, ndraw=40, logz=-38.79, remainder_fraction=100.0000%, Lmin=-31.72, Lmax=-5.47
19:03:35 [ultranest] [DEBUG] iteration=1508, ncalls=8077, regioncalls=302920, ndraw=40, logz=-38.72, remainder_fraction=100.0000%, Lmin=-31.61, Lmax=-5.47
19:03:36 [ultranest] [DEBUG] iteration=1510, ncalls=8113, regioncalls=304360, ndraw=40, logz=-38.59, remainder_fraction=100.0000%, Lmin=-31.57, Lmax=-5.47
19:03:36 [ultranest] [DEBUG] iteration=1511, ncalls=8118, regioncalls=304560, ndraw=40, logz=-38.52, remainder_fraction=100.0000%, Lmin=-31.52, Lmax=-5.47
19:03:37 [ultranest] [DEBUG] iteration=1512, ncalls=8151, regioncalls=305880, ndraw=40, logz=-38.46, remainder_fraction=100.0000%, Lmin=-31.47, Lmax=-5.47
19:03:37 [ultranest] [DEBUG] iteration=1513, ncalls=8176, regioncalls=306880, ndraw=40, logz=-38.40, remainder_fraction=100.0000%, Lmin=-31.43, Lmax=-5.47
19:03:38 [ultranest] [DEBUG] iteration=1515, ncalls=8207, regioncalls=308120, ndraw=40, logz=-38.28, remainder_fraction=100.0000%, Lmin=-31.38, Lmax=-5.47
19:03:39 [ultranest] [DEBUG] iteration=1516, ncalls=8217, regioncalls=308520, ndraw=40, logz=-38.22, remainder_fraction=100.0000%, Lmin=-31.35, Lmax=-5.47
19:03:39 [ultranest] [DEBUG] iteration=1517, ncalls=8225, regioncalls=308840, ndraw=40, logz=-38.17, remainder_fraction=100.0000%, Lmin=-31.31, Lmax=-5.47
19:03:39 [ultranest] [DEBUG] iteration=1518, ncalls=8228, regioncalls=308960, ndraw=40, logz=-38.11, remainder_fraction=100.0000%, Lmin=-31.25, Lmax=-5.47
19:03:39 [ultranest] [DEBUG] iteration=1519, ncalls=8232, regioncalls=309120, ndraw=40, logz=-38.06, remainder_fraction=100.0000%, Lmin=-31.21, Lmax=-5.47
19:03:39 [ultranest] [DEBUG] iteration=1520, ncalls=8240, regioncalls=309440, ndraw=40, logz=-38.01, remainder_fraction=100.0000%, Lmin=-31.11, Lmax=-5.47
19:03:40 [ultranest] [DEBUG] iteration=1521, ncalls=8249, regioncalls=309800, ndraw=40, logz=-37.95, remainder_fraction=100.0000%, Lmin=-31.10, Lmax=-5.47
19:03:41 [ultranest] [DEBUG] iteration=1522, ncalls=8298, regioncalls=311760, ndraw=40, logz=-37.90, remainder_fraction=100.0000%, Lmin=-31.07, Lmax=-5.47
19:03:41 [ultranest] [DEBUG] iteration=1523, ncalls=8318, regioncalls=312560, ndraw=40, logz=-37.85, remainder_fraction=100.0000%, Lmin=-31.05, Lmax=-5.47
19:03:42 [ultranest] [DEBUG] iteration=1524, ncalls=8337, regioncalls=313320, ndraw=40, logz=-37.80, remainder_fraction=100.0000%, Lmin=-31.02, Lmax=-5.47
19:03:44 [ultranest] [DEBUG] iteration=1525, ncalls=8408, regioncalls=316160, ndraw=40, logz=-37.75, remainder_fraction=100.0000%, Lmin=-30.96, Lmax=-5.47
19:03:44 [ultranest] [DEBUG] iteration=1526, ncalls=8425, regioncalls=316840, ndraw=40, logz=-37.70, remainder_fraction=100.0000%, Lmin=-30.90, Lmax=-5.47
19:03:46 [ultranest] [DEBUG] iteration=1528, ncalls=8486, regioncalls=319280, ndraw=40, logz=-37.60, remainder_fraction=100.0000%, Lmin=-30.85, Lmax=-5.47
19:03:46 [ultranest] [DEBUG] iteration=1530, ncalls=8494, regioncalls=319600, ndraw=40, logz=-37.51, remainder_fraction=100.0000%, Lmin=-30.77, Lmax=-5.47
19:03:47 [ultranest] [DEBUG] iteration=1532, ncalls=8530, regioncalls=321040, ndraw=40, logz=-37.42, remainder_fraction=100.0000%, Lmin=-30.65, Lmax=-5.47
19:03:47 [ultranest] [DEBUG] iteration=1533, ncalls=8552, regioncalls=321920, ndraw=40, logz=-37.37, remainder_fraction=100.0000%, Lmin=-30.64, Lmax=-5.47
19:03:48 [ultranest] [DEBUG] iteration=1534, ncalls=8583, regioncalls=323160, ndraw=40, logz=-37.32, remainder_fraction=100.0000%, Lmin=-30.59, Lmax=-5.47
19:03:48 [ultranest] [DEBUG] iteration=1536, ncalls=8587, regioncalls=323320, ndraw=40, logz=-37.23, remainder_fraction=100.0000%, Lmin=-30.48, Lmax=-5.47
19:03:49 [ultranest] [DEBUG] iteration=1537, ncalls=8593, regioncalls=323560, ndraw=40, logz=-37.18, remainder_fraction=100.0000%, Lmin=-30.47, Lmax=-5.47
19:03:49 [ultranest] [DEBUG] iteration=1538, ncalls=8600, regioncalls=323840, ndraw=40, logz=-37.14, remainder_fraction=100.0000%, Lmin=-30.46, Lmax=-5.47
19:03:49 [ultranest] [DEBUG] iteration=1539, ncalls=8616, regioncalls=324480, ndraw=40, logz=-37.10, remainder_fraction=100.0000%, Lmin=-30.46, Lmax=-5.47
19:03:49 [ultranest] [DEBUG] iteration=1540, ncalls=8627, regioncalls=324920, ndraw=40, logz=-37.06, remainder_fraction=100.0000%, Lmin=-30.42, Lmax=-5.47
19:03:50 [ultranest] [DEBUG] iteration=1541, ncalls=8647, regioncalls=325720, ndraw=40, logz=-37.01, remainder_fraction=100.0000%, Lmin=-30.39, Lmax=-5.47
19:03:50 [ultranest] [DEBUG] iteration=1542, ncalls=8670, regioncalls=326640, ndraw=40, logz=-36.97, remainder_fraction=100.0000%, Lmin=-30.33, Lmax=-5.47
19:03:51 [ultranest] [DEBUG] iteration=1543, ncalls=8683, regioncalls=327160, ndraw=40, logz=-36.93, remainder_fraction=100.0000%, Lmin=-30.24, Lmax=-5.47
19:03:51 [ultranest] [DEBUG] iteration=1544, ncalls=8705, regioncalls=328040, ndraw=40, logz=-36.89, remainder_fraction=100.0000%, Lmin=-30.22, Lmax=-5.47
19:03:52 [ultranest] [DEBUG] iteration=1545, ncalls=8732, regioncalls=329120, ndraw=40, logz=-36.85, remainder_fraction=100.0000%, Lmin=-30.19, Lmax=-5.47
19:03:53 [ultranest] [DEBUG] iteration=1546, ncalls=8755, regioncalls=330040, ndraw=40, logz=-36.81, remainder_fraction=100.0000%, Lmin=-30.08, Lmax=-5.47
19:03:54 [ultranest] [DEBUG] iteration=1547, ncalls=8782, regioncalls=331120, ndraw=40, logz=-36.76, remainder_fraction=100.0000%, Lmin=-30.05, Lmax=-5.47
19:03:54 [ultranest] [DEBUG] iteration=1549, ncalls=8819, regioncalls=332600, ndraw=40, logz=-36.68, remainder_fraction=100.0000%, Lmin=-29.82, Lmax=-5.47
19:03:56 [ultranest] [DEBUG] iteration=1550, ncalls=8874, regioncalls=334800, ndraw=40, logz=-36.63, remainder_fraction=100.0000%, Lmin=-29.78, Lmax=-5.47
19:03:56 [ultranest] [DEBUG] iteration=1551, ncalls=8887, regioncalls=335320, ndraw=40, logz=-36.58, remainder_fraction=100.0000%, Lmin=-29.71, Lmax=-5.47
19:03:57 [ultranest] [DEBUG] iteration=1552, ncalls=8915, regioncalls=336440, ndraw=40, logz=-36.53, remainder_fraction=100.0000%, Lmin=-29.62, Lmax=-5.47
19:03:57 [ultranest] [DEBUG] iteration=1553, ncalls=8921, regioncalls=336680, ndraw=40, logz=-36.48, remainder_fraction=100.0000%, Lmin=-29.60, Lmax=-5.47
19:03:57 [ultranest] [DEBUG] iteration=1554, ncalls=8928, regioncalls=336960, ndraw=40, logz=-36.43, remainder_fraction=100.0000%, Lmin=-29.48, Lmax=-5.47
19:03:58 [ultranest] [DEBUG] iteration=1555, ncalls=8960, regioncalls=338240, ndraw=40, logz=-36.37, remainder_fraction=100.0000%, Lmin=-29.45, Lmax=-5.47
19:04:02 [ultranest] [DEBUG] iteration=1556, ncalls=9087, regioncalls=343320, ndraw=40, logz=-36.32, remainder_fraction=100.0000%, Lmin=-29.33, Lmax=-5.47
19:04:02 [ultranest] [DEBUG] iteration=1557, ncalls=9096, regioncalls=343680, ndraw=40, logz=-36.27, remainder_fraction=100.0000%, Lmin=-29.21, Lmax=-5.47
19:04:02 [ultranest] [DEBUG] iteration=1558, ncalls=9110, regioncalls=344240, ndraw=40, logz=-36.21, remainder_fraction=100.0000%, Lmin=-29.16, Lmax=-5.47
19:04:02 [ultranest] [DEBUG] iteration=1559, ncalls=9118, regioncalls=344560, ndraw=40, logz=-36.15, remainder_fraction=100.0000%, Lmin=-28.96, Lmax=-5.47
19:04:03 [ultranest] [DEBUG] iteration=1560, ncalls=9159, regioncalls=346200, ndraw=40, logz=-36.08, remainder_fraction=100.0000%, Lmin=-28.93, Lmax=-5.47
19:04:05 [ultranest] [DEBUG] iteration=1561, ncalls=9201, regioncalls=347880, ndraw=40, logz=-36.02, remainder_fraction=100.0000%, Lmin=-28.92, Lmax=-5.47
19:04:05 [ultranest] [DEBUG] iteration=1562, ncalls=9214, regioncalls=348400, ndraw=40, logz=-35.96, remainder_fraction=100.0000%, Lmin=-28.92, Lmax=-5.47
19:04:06 [ultranest] [DEBUG] iteration=1563, ncalls=9252, regioncalls=349920, ndraw=40, logz=-35.90, remainder_fraction=100.0000%, Lmin=-28.91, Lmax=-5.47
19:04:07 [ultranest] [DEBUG] iteration=1564, ncalls=9267, regioncalls=350520, ndraw=40, logz=-35.84, remainder_fraction=100.0000%, Lmin=-28.84, Lmax=-5.47
19:04:07 [ultranest] [DEBUG] iteration=1565, ncalls=9296, regioncalls=351680, ndraw=40, logz=-35.79, remainder_fraction=100.0000%, Lmin=-28.84, Lmax=-5.47
19:04:09 [ultranest] [DEBUG] iteration=1566, ncalls=9344, regioncalls=353600, ndraw=40, logz=-35.74, remainder_fraction=100.0000%, Lmin=-28.77, Lmax=-5.47
19:04:09 [ultranest] [DEBUG] iteration=1567, ncalls=9368, regioncalls=354560, ndraw=40, logz=-35.68, remainder_fraction=100.0000%, Lmin=-28.75, Lmax=-5.47
19:04:09 [ultranest] [DEBUG] iteration=1568, ncalls=9373, regioncalls=354760, ndraw=40, logz=-35.63, remainder_fraction=100.0000%, Lmin=-28.74, Lmax=-5.47
19:04:11 [ultranest] [DEBUG] iteration=1569, ncalls=9417, regioncalls=356520, ndraw=40, logz=-35.58, remainder_fraction=100.0000%, Lmin=-28.73, Lmax=-5.47
19:04:11 [ultranest] [DEBUG] iteration=1571, ncalls=9441, regioncalls=357480, ndraw=40, logz=-35.49, remainder_fraction=100.0000%, Lmin=-28.66, Lmax=-5.47
19:04:12 [ultranest] [DEBUG] iteration=1572, ncalls=9453, regioncalls=357960, ndraw=40, logz=-35.44, remainder_fraction=100.0000%, Lmin=-28.63, Lmax=-5.47
19:04:12 [ultranest] [DEBUG] iteration=1573, ncalls=9468, regioncalls=358560, ndraw=40, logz=-35.40, remainder_fraction=100.0000%, Lmin=-28.52, Lmax=-5.47
19:04:13 [ultranest] [DEBUG] iteration=1574, ncalls=9501, regioncalls=359880, ndraw=40, logz=-35.35, remainder_fraction=100.0000%, Lmin=-28.47, Lmax=-5.47
19:04:13 [ultranest] [DEBUG] iteration=1576, ncalls=9521, regioncalls=360680, ndraw=40, logz=-35.26, remainder_fraction=100.0000%, Lmin=-28.34, Lmax=-5.47
19:04:14 [ultranest] [DEBUG] iteration=1577, ncalls=9534, regioncalls=361200, ndraw=40, logz=-35.21, remainder_fraction=100.0000%, Lmin=-28.26, Lmax=-5.47
19:04:14 [ultranest] [DEBUG] iteration=1578, ncalls=9555, regioncalls=362040, ndraw=40, logz=-35.16, remainder_fraction=100.0000%, Lmin=-28.22, Lmax=-5.47
19:04:15 [ultranest] [DEBUG] iteration=1579, ncalls=9583, regioncalls=363160, ndraw=40, logz=-35.11, remainder_fraction=100.0000%, Lmin=-28.19, Lmax=-5.47
19:04:15 [ultranest] [DEBUG] iteration=1580, ncalls=9590, regioncalls=363440, ndraw=40, logz=-35.06, remainder_fraction=100.0000%, Lmin=-28.16, Lmax=-5.47
19:04:15 [ultranest] [DEBUG] iteration=1582, ncalls=9599, regioncalls=363800, ndraw=40, logz=-34.96, remainder_fraction=100.0000%, Lmin=-28.00, Lmax=-5.47
19:04:16 [ultranest] [DEBUG] iteration=1583, ncalls=9611, regioncalls=364280, ndraw=40, logz=-34.91, remainder_fraction=100.0000%, Lmin=-27.95, Lmax=-5.47
19:04:16 [ultranest] [DEBUG] iteration=1584, ncalls=9614, regioncalls=364400, ndraw=40, logz=-34.86, remainder_fraction=100.0000%, Lmin=-27.74, Lmax=-5.47
19:04:16 [ultranest] [DEBUG] iteration=1585, ncalls=9621, regioncalls=364680, ndraw=40, logz=-34.80, remainder_fraction=100.0000%, Lmin=-27.64, Lmax=-5.47
19:04:16 [ultranest] [DEBUG] iteration=1586, ncalls=9625, regioncalls=364840, ndraw=40, logz=-34.74, remainder_fraction=100.0000%, Lmin=-27.63, Lmax=-5.47
19:04:17 [ultranest] [DEBUG] iteration=1587, ncalls=9637, regioncalls=365320, ndraw=40, logz=-34.68, remainder_fraction=100.0000%, Lmin=-27.62, Lmax=-5.47
19:04:18 [ultranest] [DEBUG] iteration=1589, ncalls=9698, regioncalls=367760, ndraw=40, logz=-34.57, remainder_fraction=100.0000%, Lmin=-27.60, Lmax=-5.47
19:04:22 [ultranest] [DEBUG] iteration=1590, ncalls=9813, regioncalls=372360, ndraw=40, logz=-34.52, remainder_fraction=100.0000%, Lmin=-27.57, Lmax=-5.47
19:04:23 [ultranest] [DEBUG] iteration=1592, ncalls=9845, regioncalls=373640, ndraw=40, logz=-34.42, remainder_fraction=100.0000%, Lmin=-27.38, Lmax=-5.47
19:04:23 [ultranest] [DEBUG] iteration=1593, ncalls=9848, regioncalls=373760, ndraw=40, logz=-34.37, remainder_fraction=100.0000%, Lmin=-27.33, Lmax=-5.47
19:04:24 [ultranest] [DEBUG] iteration=1595, ncalls=9898, regioncalls=375760, ndraw=40, logz=-34.25, remainder_fraction=100.0000%, Lmin=-27.10, Lmax=-5.47
19:04:24 [ultranest] [DEBUG] iteration=1596, ncalls=9918, regioncalls=376560, ndraw=40, logz=-34.20, remainder_fraction=100.0000%, Lmin=-27.10, Lmax=-5.47
19:04:25 [ultranest] [DEBUG] iteration=1597, ncalls=9949, regioncalls=377800, ndraw=40, logz=-34.14, remainder_fraction=100.0000%, Lmin=-27.09, Lmax=-5.47
19:04:26 [ultranest] [DEBUG] iteration=1599, ncalls=9964, regioncalls=378400, ndraw=40, logz=-34.04, remainder_fraction=100.0000%, Lmin=-27.07, Lmax=-5.47
19:04:28 [ultranest] [DEBUG] iteration=1600, ncalls=10032, regioncalls=381120, ndraw=40, logz=-33.99, remainder_fraction=100.0000%, Lmin=-27.00, Lmax=-5.47
19:04:29 [ultranest] [DEBUG] iteration=1601, ncalls=10071, regioncalls=382680, ndraw=40, logz=-33.94, remainder_fraction=100.0000%, Lmin=-27.00, Lmax=-5.47
19:04:29 [ultranest] [DEBUG] iteration=1602, ncalls=10074, regioncalls=382800, ndraw=40, logz=-33.89, remainder_fraction=100.0000%, Lmin=-26.93, Lmax=-5.47
19:04:31 [ultranest] [DEBUG] iteration=1603, ncalls=10145, regioncalls=385640, ndraw=40, logz=-33.84, remainder_fraction=100.0000%, Lmin=-26.85, Lmax=-5.47
19:04:31 [ultranest] [DEBUG] iteration=1604, ncalls=10168, regioncalls=386560, ndraw=40, logz=-33.79, remainder_fraction=100.0000%, Lmin=-26.80, Lmax=-5.47
19:04:32 [ultranest] [DEBUG] iteration=1605, ncalls=10201, regioncalls=387880, ndraw=40, logz=-33.74, remainder_fraction=100.0000%, Lmin=-26.78, Lmax=-5.47
19:04:33 [ultranest] [DEBUG] iteration=1606, ncalls=10215, regioncalls=388440, ndraw=40, logz=-33.69, remainder_fraction=100.0000%, Lmin=-26.74, Lmax=-5.47
19:04:33 [ultranest] [DEBUG] iteration=1608, ncalls=10227, regioncalls=388920, ndraw=40, logz=-33.60, remainder_fraction=100.0000%, Lmin=-26.55, Lmax=-5.47
19:04:34 [ultranest] [DEBUG] iteration=1609, ncalls=10252, regioncalls=389920, ndraw=40, logz=-33.55, remainder_fraction=100.0000%, Lmin=-26.55, Lmax=-5.47
19:04:34 [ultranest] [DEBUG] iteration=1610, ncalls=10259, regioncalls=390200, ndraw=40, logz=-33.50, remainder_fraction=100.0000%, Lmin=-26.50, Lmax=-5.47
19:04:34 [ultranest] [DEBUG] iteration=1611, ncalls=10262, regioncalls=390320, ndraw=40, logz=-33.45, remainder_fraction=100.0000%, Lmin=-26.47, Lmax=-5.47
19:04:35 [ultranest] [DEBUG] iteration=1613, ncalls=10293, regioncalls=391560, ndraw=40, logz=-33.36, remainder_fraction=100.0000%, Lmin=-26.44, Lmax=-5.47
19:04:36 [ultranest] [DEBUG] iteration=1614, ncalls=10307, regioncalls=392120, ndraw=40, logz=-33.31, remainder_fraction=100.0000%, Lmin=-26.29, Lmax=-5.47
19:04:36 [ultranest] [DEBUG] iteration=1615, ncalls=10342, regioncalls=393520, ndraw=40, logz=-33.26, remainder_fraction=100.0000%, Lmin=-26.14, Lmax=-5.47
19:04:37 [ultranest] [DEBUG] iteration=1616, ncalls=10367, regioncalls=394520, ndraw=40, logz=-33.21, remainder_fraction=100.0000%, Lmin=-26.09, Lmax=-5.47
19:04:38 [ultranest] [DEBUG] iteration=1617, ncalls=10379, regioncalls=395000, ndraw=40, logz=-33.15, remainder_fraction=100.0000%, Lmin=-26.04, Lmax=-5.47
19:04:38 [ultranest] [DEBUG] iteration=1618, ncalls=10398, regioncalls=395760, ndraw=40, logz=-33.10, remainder_fraction=100.0000%, Lmin=-26.03, Lmax=-5.47
19:04:39 [ultranest] [DEBUG] iteration=1619, ncalls=10434, regioncalls=397200, ndraw=40, logz=-33.05, remainder_fraction=100.0000%, Lmin=-26.01, Lmax=-5.47
19:04:39 [ultranest] [DEBUG] iteration=1620, ncalls=10439, regioncalls=397400, ndraw=40, logz=-33.00, remainder_fraction=100.0000%, Lmin=-26.00, Lmax=-5.47
19:04:40 [ultranest] [DEBUG] iteration=1621, ncalls=10450, regioncalls=397840, ndraw=40, logz=-32.95, remainder_fraction=100.0000%, Lmin=-25.95, Lmax=-5.47
19:04:41 [ultranest] [DEBUG] iteration=1622, ncalls=10485, regioncalls=399240, ndraw=40, logz=-32.90, remainder_fraction=100.0000%, Lmin=-25.95, Lmax=-5.47
19:04:41 [ultranest] [DEBUG] iteration=1623, ncalls=10492, regioncalls=399520, ndraw=40, logz=-32.86, remainder_fraction=100.0000%, Lmin=-25.95, Lmax=-5.47
19:04:42 [ultranest] [DEBUG] iteration=1624, ncalls=10524, regioncalls=400800, ndraw=40, logz=-32.81, remainder_fraction=100.0000%, Lmin=-25.85, Lmax=-5.47
19:04:43 [ultranest] [DEBUG] iteration=1625, ncalls=10546, regioncalls=401680, ndraw=40, logz=-32.77, remainder_fraction=100.0000%, Lmin=-25.84, Lmax=-5.47
19:04:44 [ultranest] [DEBUG] iteration=1626, ncalls=10595, regioncalls=403640, ndraw=40, logz=-32.72, remainder_fraction=100.0000%, Lmin=-25.80, Lmax=-5.47
19:04:44 [ultranest] [DEBUG] iteration=1627, ncalls=10619, regioncalls=404600, ndraw=40, logz=-32.68, remainder_fraction=100.0000%, Lmin=-25.79, Lmax=-5.47
19:04:45 [ultranest] [DEBUG] iteration=1628, ncalls=10630, regioncalls=405040, ndraw=40, logz=-32.64, remainder_fraction=100.0000%, Lmin=-25.75, Lmax=-5.47
19:04:45 [ultranest] [DEBUG] iteration=1629, ncalls=10644, regioncalls=405600, ndraw=40, logz=-32.60, remainder_fraction=100.0000%, Lmin=-25.70, Lmax=-5.47
19:04:45 [ultranest] [DEBUG] iteration=1630, ncalls=10661, regioncalls=406280, ndraw=40, logz=-32.55, remainder_fraction=100.0000%, Lmin=-25.61, Lmax=-5.47
19:04:47 [ultranest] [DEBUG] iteration=1631, ncalls=10708, regioncalls=408160, ndraw=40, logz=-32.51, remainder_fraction=100.0000%, Lmin=-25.61, Lmax=-5.47
19:04:47 [ultranest] [DEBUG] iteration=1633, ncalls=10713, regioncalls=408360, ndraw=40, logz=-32.42, remainder_fraction=100.0000%, Lmin=-25.57, Lmax=-5.47
19:04:48 [ultranest] [DEBUG] iteration=1634, ncalls=10739, regioncalls=409400, ndraw=40, logz=-32.38, remainder_fraction=100.0000%, Lmin=-25.53, Lmax=-5.47
19:04:48 [ultranest] [DEBUG] iteration=1635, ncalls=10778, regioncalls=410960, ndraw=40, logz=-32.34, remainder_fraction=100.0000%, Lmin=-25.50, Lmax=-5.47
19:04:50 [ultranest] [DEBUG] iteration=1637, ncalls=10834, regioncalls=413200, ndraw=40, logz=-32.26, remainder_fraction=100.0000%, Lmin=-25.33, Lmax=-5.47
19:04:51 [ultranest] [DEBUG] iteration=1638, ncalls=10868, regioncalls=414560, ndraw=40, logz=-32.22, remainder_fraction=100.0000%, Lmin=-25.26, Lmax=-5.47
19:04:52 [ultranest] [DEBUG] iteration=1639, ncalls=10899, regioncalls=415800, ndraw=40, logz=-32.17, remainder_fraction=100.0000%, Lmin=-25.25, Lmax=-5.47
19:04:53 [ultranest] [DEBUG] iteration=1640, ncalls=10944, regioncalls=417600, ndraw=40, logz=-32.13, remainder_fraction=100.0000%, Lmin=-25.21, Lmax=-5.47
19:04:55 [ultranest] [DEBUG] iteration=1641, ncalls=11033, regioncalls=421160, ndraw=40, logz=-32.09, remainder_fraction=100.0000%, Lmin=-25.13, Lmax=-5.47
19:04:56 [ultranest] [DEBUG] iteration=1642, ncalls=11043, regioncalls=421560, ndraw=40, logz=-32.05, remainder_fraction=100.0000%, Lmin=-25.11, Lmax=-5.47
19:04:58 [ultranest] [DEBUG] iteration=1643, ncalls=11118, regioncalls=424560, ndraw=40, logz=-32.00, remainder_fraction=100.0000%, Lmin=-25.11, Lmax=-5.47
19:04:58 [ultranest] [DEBUG] iteration=1644, ncalls=11122, regioncalls=424720, ndraw=40, logz=-31.96, remainder_fraction=100.0000%, Lmin=-25.09, Lmax=-5.47
19:04:59 [ultranest] [DEBUG] iteration=1645, ncalls=11160, regioncalls=426240, ndraw=40, logz=-31.92, remainder_fraction=100.0000%, Lmin=-25.00, Lmax=-5.47
19:04:59 [ultranest] [DEBUG] iteration=1646, ncalls=11166, regioncalls=426480, ndraw=40, logz=-31.88, remainder_fraction=100.0000%, Lmin=-24.92, Lmax=-5.47
19:04:59 [ultranest] [DEBUG] iteration=1647, ncalls=11175, regioncalls=426840, ndraw=40, logz=-31.84, remainder_fraction=100.0000%, Lmin=-24.88, Lmax=-5.47
19:05:00 [ultranest] [DEBUG] iteration=1648, ncalls=11184, regioncalls=427200, ndraw=40, logz=-31.79, remainder_fraction=100.0000%, Lmin=-24.83, Lmax=-5.47
19:05:01 [ultranest] [DEBUG] iteration=1649, ncalls=11220, regioncalls=428640, ndraw=40, logz=-31.75, remainder_fraction=100.0000%, Lmin=-24.79, Lmax=-5.47
19:05:01 [ultranest] [DEBUG] iteration=1650, ncalls=11234, regioncalls=429200, ndraw=40, logz=-31.71, remainder_fraction=100.0000%, Lmin=-24.70, Lmax=-5.47
19:05:01 [ultranest] [DEBUG] iteration=1651, ncalls=11246, regioncalls=429680, ndraw=40, logz=-31.66, remainder_fraction=100.0000%, Lmin=-24.66, Lmax=-5.47
19:05:02 [ultranest] [DEBUG] iteration=1652, ncalls=11271, regioncalls=430680, ndraw=40, logz=-31.62, remainder_fraction=100.0000%, Lmin=-24.57, Lmax=-5.47
19:05:02 [ultranest] [DEBUG] iteration=1654, ncalls=11278, regioncalls=430960, ndraw=40, logz=-31.53, remainder_fraction=100.0000%, Lmin=-24.50, Lmax=-5.47
19:05:02 [ultranest] [DEBUG] iteration=1655, ncalls=11283, regioncalls=431160, ndraw=40, logz=-31.48, remainder_fraction=100.0000%, Lmin=-24.46, Lmax=-5.47
19:05:03 [ultranest] [DEBUG] iteration=1656, ncalls=11332, regioncalls=433120, ndraw=40, logz=-31.44, remainder_fraction=100.0000%, Lmin=-24.46, Lmax=-5.47
19:05:04 [ultranest] [DEBUG] iteration=1658, ncalls=11370, regioncalls=434640, ndraw=40, logz=-31.35, remainder_fraction=100.0000%, Lmin=-24.22, Lmax=-5.47
19:05:05 [ultranest] [DEBUG] iteration=1659, ncalls=11401, regioncalls=435880, ndraw=40, logz=-31.30, remainder_fraction=100.0000%, Lmin=-24.12, Lmax=-5.47
19:05:05 [ultranest] [DEBUG] iteration=1660, ncalls=11407, regioncalls=436120, ndraw=40, logz=-31.25, remainder_fraction=100.0000%, Lmin=-24.07, Lmax=-5.47
19:05:06 [ultranest] [DEBUG] iteration=1661, ncalls=11425, regioncalls=436840, ndraw=40, logz=-31.20, remainder_fraction=100.0000%, Lmin=-24.01, Lmax=-5.47
19:05:06 [ultranest] [DEBUG] iteration=1662, ncalls=11438, regioncalls=437360, ndraw=40, logz=-31.14, remainder_fraction=100.0000%, Lmin=-23.97, Lmax=-5.47
19:05:06 [ultranest] [DEBUG] iteration=1663, ncalls=11450, regioncalls=437840, ndraw=40, logz=-31.09, remainder_fraction=100.0000%, Lmin=-23.88, Lmax=-5.47
19:05:07 [ultranest] [DEBUG] iteration=1665, ncalls=11467, regioncalls=438520, ndraw=40, logz=-30.98, remainder_fraction=100.0000%, Lmin=-23.62, Lmax=-5.47
19:05:08 [ultranest] [DEBUG] iteration=1666, ncalls=11492, regioncalls=439520, ndraw=40, logz=-30.92, remainder_fraction=100.0000%, Lmin=-23.57, Lmax=-5.47
19:05:08 [ultranest] [DEBUG] iteration=1667, ncalls=11498, regioncalls=439760, ndraw=40, logz=-30.86, remainder_fraction=100.0000%, Lmin=-23.57, Lmax=-5.47
19:05:08 [ultranest] [DEBUG] iteration=1668, ncalls=11508, regioncalls=440160, ndraw=40, logz=-30.81, remainder_fraction=100.0000%, Lmin=-23.53, Lmax=-5.47
19:05:08 [ultranest] [DEBUG] iteration=1670, ncalls=11518, regioncalls=440560, ndraw=40, logz=-30.69, remainder_fraction=100.0000%, Lmin=-23.45, Lmax=-5.47
19:05:10 [ultranest] [DEBUG] iteration=1671, ncalls=11582, regioncalls=443120, ndraw=40, logz=-30.64, remainder_fraction=100.0000%, Lmin=-23.45, Lmax=-5.47
19:05:13 [ultranest] [DEBUG] iteration=1672, ncalls=11703, regioncalls=447960, ndraw=40, logz=-30.59, remainder_fraction=100.0000%, Lmin=-23.41, Lmax=-5.47
19:05:14 [ultranest] [DEBUG] iteration=1673, ncalls=11740, regioncalls=449440, ndraw=40, logz=-30.54, remainder_fraction=100.0000%, Lmin=-23.40, Lmax=-5.47
19:05:15 [ultranest] [DEBUG] iteration=1674, ncalls=11747, regioncalls=449720, ndraw=40, logz=-30.49, remainder_fraction=100.0000%, Lmin=-23.39, Lmax=-5.47
19:05:15 [ultranest] [DEBUG] iteration=1675, ncalls=11751, regioncalls=449880, ndraw=40, logz=-30.44, remainder_fraction=100.0000%, Lmin=-23.34, Lmax=-5.47
19:05:16 [ultranest] [DEBUG] iteration=1676, ncalls=11784, regioncalls=451200, ndraw=40, logz=-30.40, remainder_fraction=100.0000%, Lmin=-23.30, Lmax=-5.47
19:05:16 [ultranest] [DEBUG] iteration=1677, ncalls=11796, regioncalls=451680, ndraw=40, logz=-30.35, remainder_fraction=100.0000%, Lmin=-23.28, Lmax=-5.47
19:05:16 [ultranest] [DEBUG] iteration=1678, ncalls=11803, regioncalls=451960, ndraw=40, logz=-30.31, remainder_fraction=100.0000%, Lmin=-23.20, Lmax=-5.47
19:05:17 [ultranest] [DEBUG] iteration=1680, ncalls=11831, regioncalls=453080, ndraw=40, logz=-30.21, remainder_fraction=100.0000%, Lmin=-23.11, Lmax=-5.47
19:05:17 [ultranest] [DEBUG] iteration=1681, ncalls=11844, regioncalls=453600, ndraw=40, logz=-30.17, remainder_fraction=100.0000%, Lmin=-23.10, Lmax=-5.47
19:05:18 [ultranest] [DEBUG] iteration=1682, ncalls=11879, regioncalls=455000, ndraw=40, logz=-30.12, remainder_fraction=100.0000%, Lmin=-23.10, Lmax=-5.47
19:05:18 [ultranest] [DEBUG] iteration=1683, ncalls=11886, regioncalls=455280, ndraw=40, logz=-30.08, remainder_fraction=100.0000%, Lmin=-23.04, Lmax=-5.47
19:05:18 [ultranest] [DEBUG] iteration=1684, ncalls=11891, regioncalls=455480, ndraw=40, logz=-30.04, remainder_fraction=100.0000%, Lmin=-22.96, Lmax=-5.47
19:05:21 [ultranest] [DEBUG] iteration=1685, ncalls=11998, regioncalls=459760, ndraw=40, logz=-30.00, remainder_fraction=100.0000%, Lmin=-22.96, Lmax=-5.47
19:05:21 [ultranest] [DEBUG] iteration=1686, ncalls=12005, regioncalls=460040, ndraw=40, logz=-29.95, remainder_fraction=100.0000%, Lmin=-22.89, Lmax=-5.47
19:05:22 [ultranest] [DEBUG] iteration=1687, ncalls=12019, regioncalls=460600, ndraw=40, logz=-29.91, remainder_fraction=100.0000%, Lmin=-22.79, Lmax=-5.47
19:05:22 [ultranest] [DEBUG] iteration=1688, ncalls=12029, regioncalls=461000, ndraw=40, logz=-29.86, remainder_fraction=100.0000%, Lmin=-22.76, Lmax=-5.47
19:05:22 [ultranest] [DEBUG] iteration=1690, ncalls=12034, regioncalls=461200, ndraw=40, logz=-29.77, remainder_fraction=100.0000%, Lmin=-22.51, Lmax=-5.47
19:05:22 [ultranest] [DEBUG] iteration=1691, ncalls=12038, regioncalls=461360, ndraw=40, logz=-29.72, remainder_fraction=100.0000%, Lmin=-22.48, Lmax=-5.47
19:05:22 [ultranest] [DEBUG] iteration=1692, ncalls=12050, regioncalls=461840, ndraw=40, logz=-29.66, remainder_fraction=100.0000%, Lmin=-22.46, Lmax=-5.47
19:05:23 [ultranest] [DEBUG] iteration=1693, ncalls=12076, regioncalls=462880, ndraw=40, logz=-29.62, remainder_fraction=100.0000%, Lmin=-22.41, Lmax=-5.47
19:05:24 [ultranest] [DEBUG] iteration=1694, ncalls=12094, regioncalls=463600, ndraw=40, logz=-29.57, remainder_fraction=100.0000%, Lmin=-22.41, Lmax=-5.47
19:05:24 [ultranest] [DEBUG] iteration=1695, ncalls=12099, regioncalls=463800, ndraw=40, logz=-29.52, remainder_fraction=100.0000%, Lmin=-22.37, Lmax=-5.47
19:05:25 [ultranest] [DEBUG] iteration=1696, ncalls=12158, regioncalls=466160, ndraw=40, logz=-29.47, remainder_fraction=100.0000%, Lmin=-22.36, Lmax=-5.47
19:05:26 [ultranest] [DEBUG] iteration=1698, ncalls=12164, regioncalls=466400, ndraw=40, logz=-29.39, remainder_fraction=100.0000%, Lmin=-22.33, Lmax=-5.47
19:05:26 [ultranest] [DEBUG] iteration=1699, ncalls=12173, regioncalls=466760, ndraw=40, logz=-29.34, remainder_fraction=100.0000%, Lmin=-22.29, Lmax=-5.47
19:05:26 [ultranest] [DEBUG] iteration=1700, ncalls=12187, regioncalls=467320, ndraw=40, logz=-29.30, remainder_fraction=100.0000%, Lmin=-22.28, Lmax=-5.47
19:05:26 [ultranest] [DEBUG] iteration=1701, ncalls=12195, regioncalls=467640, ndraw=40, logz=-29.26, remainder_fraction=100.0000%, Lmin=-22.23, Lmax=-5.47
19:05:27 [ultranest] [DEBUG] iteration=1702, ncalls=12235, regioncalls=469240, ndraw=40, logz=-29.22, remainder_fraction=100.0000%, Lmin=-22.18, Lmax=-5.47
19:05:28 [ultranest] [DEBUG] iteration=1703, ncalls=12251, regioncalls=469880, ndraw=40, logz=-29.18, remainder_fraction=100.0000%, Lmin=-22.15, Lmax=-5.47
19:05:28 [ultranest] [DEBUG] iteration=1705, ncalls=12268, regioncalls=470560, ndraw=40, logz=-29.10, remainder_fraction=100.0000%, Lmin=-22.07, Lmax=-5.47
19:05:29 [ultranest] [DEBUG] iteration=1706, ncalls=12284, regioncalls=471200, ndraw=40, logz=-29.06, remainder_fraction=100.0000%, Lmin=-22.05, Lmax=-5.47
19:05:29 [ultranest] [DEBUG] iteration=1707, ncalls=12295, regioncalls=471640, ndraw=40, logz=-29.02, remainder_fraction=100.0000%, Lmin=-22.02, Lmax=-5.47
19:05:30 [ultranest] [DEBUG] iteration=1708, ncalls=12314, regioncalls=472400, ndraw=40, logz=-28.98, remainder_fraction=100.0000%, Lmin=-22.02, Lmax=-5.47
19:05:30 [ultranest] [DEBUG] iteration=1709, ncalls=12327, regioncalls=472920, ndraw=40, logz=-28.94, remainder_fraction=100.0000%, Lmin=-22.02, Lmax=-5.47
19:05:31 [ultranest] [DEBUG] iteration=1710, ncalls=12365, regioncalls=474440, ndraw=40, logz=-28.91, remainder_fraction=100.0000%, Lmin=-22.00, Lmax=-5.47
19:05:31 [ultranest] [DEBUG] iteration=1711, ncalls=12379, regioncalls=475000, ndraw=40, logz=-28.87, remainder_fraction=100.0000%, Lmin=-22.00, Lmax=-5.47
19:05:32 [ultranest] [DEBUG] iteration=1712, ncalls=12389, regioncalls=475400, ndraw=40, logz=-28.84, remainder_fraction=100.0000%, Lmin=-21.99, Lmax=-5.47
19:05:32 [ultranest] [DEBUG] iteration=1713, ncalls=12394, regioncalls=475600, ndraw=40, logz=-28.81, remainder_fraction=100.0000%, Lmin=-21.96, Lmax=-5.47
19:05:32 [ultranest] [DEBUG] iteration=1715, ncalls=12415, regioncalls=476440, ndraw=40, logz=-28.74, remainder_fraction=100.0000%, Lmin=-21.87, Lmax=-5.47
19:05:33 [ultranest] [DEBUG] iteration=1716, ncalls=12435, regioncalls=477240, ndraw=40, logz=-28.71, remainder_fraction=100.0000%, Lmin=-21.83, Lmax=-5.47
19:05:33 [ultranest] [DEBUG] iteration=1717, ncalls=12439, regioncalls=477400, ndraw=40, logz=-28.67, remainder_fraction=100.0000%, Lmin=-21.78, Lmax=-5.47
19:05:34 [ultranest] [DEBUG] iteration=1718, ncalls=12456, regioncalls=478080, ndraw=40, logz=-28.64, remainder_fraction=100.0000%, Lmin=-21.78, Lmax=-5.47
19:05:37 [ultranest] [DEBUG] iteration=1719, ncalls=12575, regioncalls=482840, ndraw=40, logz=-28.61, remainder_fraction=100.0000%, Lmin=-21.69, Lmax=-5.47
19:05:37 [ultranest] [DEBUG] iteration=1720, ncalls=12590, regioncalls=483440, ndraw=40, logz=-28.57, remainder_fraction=100.0000%, Lmin=-21.54, Lmax=-5.47
19:05:38 [ultranest] [DEBUG] iteration=1721, ncalls=12605, regioncalls=484040, ndraw=40, logz=-28.53, remainder_fraction=100.0000%, Lmin=-21.54, Lmax=-5.47
19:05:38 [ultranest] [DEBUG] iteration=1722, ncalls=12620, regioncalls=484640, ndraw=40, logz=-28.49, remainder_fraction=100.0000%, Lmin=-21.52, Lmax=-5.47
19:05:39 [ultranest] [DEBUG] iteration=1723, ncalls=12634, regioncalls=485200, ndraw=40, logz=-28.46, remainder_fraction=100.0000%, Lmin=-21.29, Lmax=-5.47
19:05:41 [ultranest] [DEBUG] iteration=1725, ncalls=12727, regioncalls=488920, ndraw=40, logz=-28.37, remainder_fraction=100.0000%, Lmin=-21.27, Lmax=-5.47
19:05:43 [ultranest] [DEBUG] iteration=1727, ncalls=12780, regioncalls=491040, ndraw=40, logz=-28.29, remainder_fraction=100.0000%, Lmin=-21.23, Lmax=-5.47
19:05:43 [ultranest] [DEBUG] iteration=1728, ncalls=12803, regioncalls=491960, ndraw=40, logz=-28.25, remainder_fraction=100.0000%, Lmin=-21.23, Lmax=-5.47
19:05:43 [ultranest] [DEBUG] iteration=1729, ncalls=12807, regioncalls=492120, ndraw=40, logz=-28.21, remainder_fraction=100.0000%, Lmin=-21.22, Lmax=-5.47
19:05:44 [ultranest] [DEBUG] iteration=1730, ncalls=12833, regioncalls=493160, ndraw=40, logz=-28.18, remainder_fraction=100.0000%, Lmin=-21.19, Lmax=-5.47
19:05:45 [ultranest] [DEBUG] iteration=1731, ncalls=12855, regioncalls=494040, ndraw=40, logz=-28.14, remainder_fraction=100.0000%, Lmin=-21.17, Lmax=-5.47
19:05:47 [ultranest] [DEBUG] iteration=1732, ncalls=12939, regioncalls=497400, ndraw=40, logz=-28.11, remainder_fraction=100.0000%, Lmin=-21.14, Lmax=-5.47
19:05:50 [ultranest] [DEBUG] iteration=1733, ncalls=13057, regioncalls=502120, ndraw=40, logz=-28.07, remainder_fraction=100.0000%, Lmin=-21.13, Lmax=-5.47
19:05:50 [ultranest] [DEBUG] iteration=1734, ncalls=13068, regioncalls=502560, ndraw=40, logz=-28.04, remainder_fraction=100.0000%, Lmin=-21.02, Lmax=-5.47
19:05:51 [ultranest] [DEBUG] iteration=1736, ncalls=13106, regioncalls=504080, ndraw=40, logz=-27.96, remainder_fraction=100.0000%, Lmin=-21.01, Lmax=-5.47
19:05:51 [ultranest] [DEBUG] iteration=1738, ncalls=13112, regioncalls=504320, ndraw=40, logz=-27.89, remainder_fraction=100.0000%, Lmin=-20.96, Lmax=-5.47
19:05:53 [ultranest] [DEBUG] iteration=1739, ncalls=13163, regioncalls=506360, ndraw=40, logz=-27.86, remainder_fraction=100.0000%, Lmin=-20.92, Lmax=-5.47
19:05:53 [ultranest] [DEBUG] iteration=1740, ncalls=13172, regioncalls=506720, ndraw=40, logz=-27.83, remainder_fraction=100.0000%, Lmin=-20.86, Lmax=-5.47
19:05:54 [ultranest] [DEBUG] iteration=1741, ncalls=13202, regioncalls=507920, ndraw=40, logz=-27.79, remainder_fraction=100.0000%, Lmin=-20.81, Lmax=-5.47
19:05:54 [ultranest] [DEBUG] iteration=1742, ncalls=13215, regioncalls=508440, ndraw=40, logz=-27.76, remainder_fraction=100.0000%, Lmin=-20.81, Lmax=-5.47
19:05:56 [ultranest] [DEBUG] iteration=1743, ncalls=13291, regioncalls=511480, ndraw=40, logz=-27.72, remainder_fraction=100.0000%, Lmin=-20.75, Lmax=-5.47
19:05:57 [ultranest] [DEBUG] iteration=1744, ncalls=13327, regioncalls=512920, ndraw=40, logz=-27.69, remainder_fraction=100.0000%, Lmin=-20.74, Lmax=-5.47
19:05:58 [ultranest] [DEBUG] iteration=1745, ncalls=13333, regioncalls=513160, ndraw=40, logz=-27.66, remainder_fraction=100.0000%, Lmin=-20.74, Lmax=-5.47
19:05:58 [ultranest] [DEBUG] iteration=1746, ncalls=13338, regioncalls=513360, ndraw=40, logz=-27.62, remainder_fraction=100.0000%, Lmin=-20.73, Lmax=-5.47
19:05:58 [ultranest] [DEBUG] iteration=1747, ncalls=13348, regioncalls=513760, ndraw=40, logz=-27.59, remainder_fraction=100.0000%, Lmin=-20.70, Lmax=-5.47
19:05:58 [ultranest] [DEBUG] iteration=1748, ncalls=13356, regioncalls=514080, ndraw=40, logz=-27.56, remainder_fraction=100.0000%, Lmin=-20.70, Lmax=-5.47
19:05:59 [ultranest] [DEBUG] iteration=1749, ncalls=13370, regioncalls=514640, ndraw=40, logz=-27.53, remainder_fraction=100.0000%, Lmin=-20.69, Lmax=-5.47
19:05:59 [ultranest] [DEBUG] iteration=1750, ncalls=13372, regioncalls=514720, ndraw=40, logz=-27.50, remainder_fraction=100.0000%, Lmin=-20.67, Lmax=-5.47
19:06:01 [ultranest] [DEBUG] iteration=1751, ncalls=13478, regioncalls=518960, ndraw=40, logz=-27.47, remainder_fraction=100.0000%, Lmin=-20.59, Lmax=-5.47
19:06:02 [ultranest] [DEBUG] iteration=1752, ncalls=13516, regioncalls=520480, ndraw=40, logz=-27.44, remainder_fraction=100.0000%, Lmin=-20.55, Lmax=-5.47
19:06:03 [ultranest] [DEBUG] iteration=1753, ncalls=13538, regioncalls=521360, ndraw=40, logz=-27.41, remainder_fraction=100.0000%, Lmin=-20.52, Lmax=-5.47
19:06:03 [ultranest] [DEBUG] iteration=1755, ncalls=13556, regioncalls=522080, ndraw=40, logz=-27.34, remainder_fraction=99.9999%, Lmin=-20.31, Lmax=-5.47
19:06:05 [ultranest] [DEBUG] iteration=1756, ncalls=13605, regioncalls=524040, ndraw=40, logz=-27.31, remainder_fraction=99.9999%, Lmin=-20.25, Lmax=-5.47
19:06:05 [ultranest] [DEBUG] iteration=1757, ncalls=13617, regioncalls=524520, ndraw=40, logz=-27.27, remainder_fraction=99.9999%, Lmin=-20.18, Lmax=-5.47
19:06:05 [ultranest] [DEBUG] iteration=1758, ncalls=13626, regioncalls=524880, ndraw=40, logz=-27.23, remainder_fraction=99.9999%, Lmin=-20.10, Lmax=-5.47
19:06:06 [ultranest] [DEBUG] iteration=1759, ncalls=13666, regioncalls=526480, ndraw=40, logz=-27.20, remainder_fraction=99.9999%, Lmin=-20.08, Lmax=-5.47
19:06:06 [ultranest] [DEBUG] iteration=1760, ncalls=13670, regioncalls=526640, ndraw=40, logz=-27.16, remainder_fraction=99.9999%, Lmin=-20.05, Lmax=-5.47
19:06:07 [ultranest] [DEBUG] iteration=1761, ncalls=13676, regioncalls=526880, ndraw=40, logz=-27.12, remainder_fraction=99.9999%, Lmin=-19.97, Lmax=-5.47
19:06:07 [ultranest] [DEBUG] iteration=1762, ncalls=13693, regioncalls=527560, ndraw=40, logz=-27.08, remainder_fraction=99.9999%, Lmin=-19.96, Lmax=-5.47
19:06:08 [ultranest] [DEBUG] iteration=1763, ncalls=13717, regioncalls=528520, ndraw=40, logz=-27.04, remainder_fraction=99.9999%, Lmin=-19.95, Lmax=-5.47
19:06:09 [ultranest] [DEBUG] iteration=1764, ncalls=13779, regioncalls=531000, ndraw=40, logz=-27.01, remainder_fraction=99.9999%, Lmin=-19.93, Lmax=-5.47
19:06:10 [ultranest] [DEBUG] iteration=1765, ncalls=13796, regioncalls=531680, ndraw=40, logz=-26.97, remainder_fraction=99.9999%, Lmin=-19.90, Lmax=-5.47
19:06:10 [ultranest] [DEBUG] iteration=1766, ncalls=13810, regioncalls=532240, ndraw=40, logz=-26.93, remainder_fraction=99.9999%, Lmin=-19.88, Lmax=-5.47
19:06:10 [ultranest] [DEBUG] iteration=1767, ncalls=13816, regioncalls=532480, ndraw=40, logz=-26.90, remainder_fraction=99.9999%, Lmin=-19.76, Lmax=-5.47
19:06:11 [ultranest] [DEBUG] iteration=1768, ncalls=13827, regioncalls=532920, ndraw=40, logz=-26.86, remainder_fraction=99.9999%, Lmin=-19.75, Lmax=-5.47
19:06:11 [ultranest] [DEBUG] iteration=1769, ncalls=13835, regioncalls=533240, ndraw=40, logz=-26.82, remainder_fraction=99.9999%, Lmin=-19.70, Lmax=-5.47
19:06:11 [ultranest] [DEBUG] iteration=1771, ncalls=13850, regioncalls=533840, ndraw=40, logz=-26.75, remainder_fraction=99.9999%, Lmin=-19.67, Lmax=-5.47
19:06:12 [ultranest] [DEBUG] iteration=1772, ncalls=13856, regioncalls=534080, ndraw=40, logz=-26.71, remainder_fraction=99.9999%, Lmin=-19.66, Lmax=-5.47
19:06:12 [ultranest] [DEBUG] iteration=1773, ncalls=13871, regioncalls=534680, ndraw=40, logz=-26.68, remainder_fraction=99.9999%, Lmin=-19.59, Lmax=-5.47
19:06:15 [ultranest] [DEBUG] iteration=1774, ncalls=13977, regioncalls=538920, ndraw=40, logz=-26.64, remainder_fraction=99.9999%, Lmin=-19.58, Lmax=-5.47
19:06:17 [ultranest] [DEBUG] iteration=1775, ncalls=14048, regioncalls=541760, ndraw=40, logz=-26.61, remainder_fraction=99.9999%, Lmin=-19.56, Lmax=-5.47
19:06:20 [ultranest] [DEBUG] iteration=1776, ncalls=14171, regioncalls=546680, ndraw=40, logz=-26.57, remainder_fraction=99.9999%, Lmin=-19.47, Lmax=-5.47
19:06:22 [ultranest] [DEBUG] iteration=1777, ncalls=14240, regioncalls=549440, ndraw=40, logz=-26.54, remainder_fraction=99.9999%, Lmin=-19.47, Lmax=-5.47
19:06:23 [ultranest] [DEBUG] iteration=1778, ncalls=14289, regioncalls=551400, ndraw=40, logz=-26.50, remainder_fraction=99.9999%, Lmin=-19.43, Lmax=-5.47
19:06:23 [ultranest] [DEBUG] iteration=1779, ncalls=14295, regioncalls=551640, ndraw=40, logz=-26.47, remainder_fraction=99.9999%, Lmin=-19.41, Lmax=-5.47
19:06:24 [ultranest] [DEBUG] iteration=1780, ncalls=14314, regioncalls=552400, ndraw=40, logz=-26.43, remainder_fraction=99.9999%, Lmin=-19.38, Lmax=-5.47
19:06:24 [ultranest] [DEBUG] iteration=1781, ncalls=14325, regioncalls=552840, ndraw=40, logz=-26.40, remainder_fraction=99.9999%, Lmin=-19.33, Lmax=-5.47
19:06:28 [ultranest] [DEBUG] iteration=1783, ncalls=14465, regioncalls=558440, ndraw=40, logz=-26.33, remainder_fraction=99.9999%, Lmin=-19.28, Lmax=-5.47
19:06:29 [ultranest] [DEBUG] iteration=1784, ncalls=14517, regioncalls=560520, ndraw=40, logz=-26.30, remainder_fraction=99.9998%, Lmin=-19.25, Lmax=-5.47
19:06:31 [ultranest] [DEBUG] iteration=1785, ncalls=14574, regioncalls=562800, ndraw=40, logz=-26.26, remainder_fraction=99.9998%, Lmin=-19.21, Lmax=-5.47
19:06:31 [ultranest] [DEBUG] iteration=1786, ncalls=14579, regioncalls=563000, ndraw=40, logz=-26.23, remainder_fraction=99.9998%, Lmin=-19.17, Lmax=-5.47
19:06:32 [ultranest] [DEBUG] iteration=1788, ncalls=14637, regioncalls=565320, ndraw=40, logz=-26.16, remainder_fraction=99.9998%, Lmin=-19.10, Lmax=-5.47
19:06:33 [ultranest] [DEBUG] iteration=1789, ncalls=14659, regioncalls=566200, ndraw=40, logz=-26.13, remainder_fraction=99.9998%, Lmin=-19.08, Lmax=-5.47
19:06:33 [ultranest] [DEBUG] iteration=1790, ncalls=14676, regioncalls=566880, ndraw=40, logz=-26.09, remainder_fraction=99.9998%, Lmin=-19.08, Lmax=-5.47
19:06:34 [ultranest] [DEBUG] iteration=1791, ncalls=14707, regioncalls=568120, ndraw=40, logz=-26.06, remainder_fraction=99.9998%, Lmin=-19.06, Lmax=-5.47
19:06:35 [ultranest] [DEBUG] iteration=1792, ncalls=14713, regioncalls=568360, ndraw=40, logz=-26.03, remainder_fraction=99.9998%, Lmin=-19.04, Lmax=-5.47
19:06:35 [ultranest] [DEBUG] iteration=1794, ncalls=14724, regioncalls=568800, ndraw=40, logz=-25.97, remainder_fraction=99.9998%, Lmin=-18.94, Lmax=-5.47
19:06:36 [ultranest] [DEBUG] iteration=1795, ncalls=14772, regioncalls=570720, ndraw=40, logz=-25.94, remainder_fraction=99.9998%, Lmin=-18.92, Lmax=-5.47
19:06:38 [ultranest] [DEBUG] iteration=1796, ncalls=14833, regioncalls=573160, ndraw=40, logz=-25.90, remainder_fraction=99.9998%, Lmin=-18.89, Lmax=-5.47
19:06:39 [ultranest] [DEBUG] iteration=1797, ncalls=14853, regioncalls=573960, ndraw=40, logz=-25.87, remainder_fraction=99.9998%, Lmin=-18.85, Lmax=-5.47
19:06:39 [ultranest] [DEBUG] iteration=1798, ncalls=14875, regioncalls=574840, ndraw=40, logz=-25.84, remainder_fraction=99.9998%, Lmin=-18.81, Lmax=-5.47
19:06:40 [ultranest] [DEBUG] iteration=1800, ncalls=14891, regioncalls=575480, ndraw=40, logz=-25.78, remainder_fraction=99.9997%, Lmin=-18.76, Lmax=-5.47
19:06:40 [ultranest] [DEBUG] iteration=1801, ncalls=14917, regioncalls=576520, ndraw=40, logz=-25.75, remainder_fraction=99.9997%, Lmin=-18.75, Lmax=-5.47
19:06:41 [ultranest] [DEBUG] iteration=1802, ncalls=14949, regioncalls=577800, ndraw=40, logz=-25.72, remainder_fraction=99.9997%, Lmin=-18.74, Lmax=-5.47
19:06:42 [ultranest] [DEBUG] iteration=1803, ncalls=14969, regioncalls=578600, ndraw=40, logz=-25.69, remainder_fraction=99.9997%, Lmin=-18.73, Lmax=-5.47
19:06:42 [ultranest] [DEBUG] iteration=1804, ncalls=14979, regioncalls=579000, ndraw=40, logz=-25.66, remainder_fraction=99.9997%, Lmin=-18.69, Lmax=-5.47
19:06:43 [ultranest] [DEBUG] iteration=1805, ncalls=14990, regioncalls=579440, ndraw=40, logz=-25.63, remainder_fraction=99.9997%, Lmin=-18.66, Lmax=-5.47
19:06:43 [ultranest] [DEBUG] iteration=1806, ncalls=15009, regioncalls=580200, ndraw=40, logz=-25.60, remainder_fraction=99.9997%, Lmin=-18.64, Lmax=-5.47
19:06:43 [ultranest] [DEBUG] iteration=1807, ncalls=15013, regioncalls=580360, ndraw=40, logz=-25.57, remainder_fraction=99.9997%, Lmin=-18.62, Lmax=-5.47
19:06:44 [ultranest] [DEBUG] iteration=1808, ncalls=15037, regioncalls=581320, ndraw=40, logz=-25.54, remainder_fraction=99.9997%, Lmin=-18.55, Lmax=-5.47
19:06:45 [ultranest] [DEBUG] iteration=1809, ncalls=15074, regioncalls=582800, ndraw=40, logz=-25.51, remainder_fraction=99.9997%, Lmin=-18.54, Lmax=-5.47
19:06:45 [ultranest] [DEBUG] iteration=1810, ncalls=15089, regioncalls=583400, ndraw=40, logz=-25.48, remainder_fraction=99.9997%, Lmin=-18.53, Lmax=-5.47
19:06:46 [ultranest] [DEBUG] iteration=1811, ncalls=15125, regioncalls=584840, ndraw=40, logz=-25.45, remainder_fraction=99.9997%, Lmin=-18.45, Lmax=-5.47
19:06:48 [ultranest] [DEBUG] iteration=1812, ncalls=15189, regioncalls=587400, ndraw=40, logz=-25.42, remainder_fraction=99.9996%, Lmin=-18.42, Lmax=-5.47
19:06:48 [ultranest] [DEBUG] iteration=1813, ncalls=15212, regioncalls=588320, ndraw=40, logz=-25.39, remainder_fraction=99.9996%, Lmin=-18.37, Lmax=-5.47
19:06:50 [ultranest] [DEBUG] iteration=1814, ncalls=15273, regioncalls=590760, ndraw=40, logz=-25.36, remainder_fraction=99.9996%, Lmin=-18.37, Lmax=-5.47
19:06:51 [ultranest] [DEBUG] iteration=1815, ncalls=15285, regioncalls=591240, ndraw=40, logz=-25.33, remainder_fraction=99.9996%, Lmin=-18.35, Lmax=-5.47
19:06:52 [ultranest] [DEBUG] iteration=1816, ncalls=15326, regioncalls=592880, ndraw=40, logz=-25.30, remainder_fraction=99.9996%, Lmin=-18.30, Lmax=-5.47
19:06:52 [ultranest] [DEBUG] iteration=1817, ncalls=15338, regioncalls=593360, ndraw=40, logz=-25.27, remainder_fraction=99.9996%, Lmin=-18.29, Lmax=-5.47
19:06:53 [ultranest] [DEBUG] iteration=1818, ncalls=15379, regioncalls=595000, ndraw=40, logz=-25.24, remainder_fraction=99.9996%, Lmin=-18.24, Lmax=-5.47
19:06:54 [ultranest] [DEBUG] iteration=1819, ncalls=15414, regioncalls=596400, ndraw=40, logz=-25.21, remainder_fraction=99.9996%, Lmin=-18.20, Lmax=-5.47
19:06:56 [ultranest] [DEBUG] iteration=1820, ncalls=15470, regioncalls=598640, ndraw=40, logz=-25.18, remainder_fraction=99.9995%, Lmin=-18.19, Lmax=-5.47
19:06:56 [ultranest] [DEBUG] iteration=1821, ncalls=15487, regioncalls=599320, ndraw=40, logz=-25.15, remainder_fraction=99.9995%, Lmin=-18.15, Lmax=-5.47
19:06:57 [ultranest] [DEBUG] iteration=1822, ncalls=15508, regioncalls=600160, ndraw=40, logz=-25.13, remainder_fraction=99.9995%, Lmin=-18.13, Lmax=-5.47
19:06:58 [ultranest] [DEBUG] iteration=1823, ncalls=15555, regioncalls=602040, ndraw=40, logz=-25.10, remainder_fraction=99.9995%, Lmin=-18.00, Lmax=-5.47
19:07:00 [ultranest] [DEBUG] iteration=1824, ncalls=15634, regioncalls=605200, ndraw=40, logz=-25.06, remainder_fraction=99.9995%, Lmin=-17.98, Lmax=-5.47
19:07:01 [ultranest] [DEBUG] iteration=1825, ncalls=15658, regioncalls=606160, ndraw=40, logz=-25.03, remainder_fraction=99.9995%, Lmin=-17.91, Lmax=-5.47
19:07:02 [ultranest] [DEBUG] iteration=1827, ncalls=15689, regioncalls=607400, ndraw=40, logz=-24.97, remainder_fraction=99.9994%, Lmin=-17.78, Lmax=-5.47
19:07:04 [ultranest] [DEBUG] iteration=1829, ncalls=15770, regioncalls=610640, ndraw=40, logz=-24.90, remainder_fraction=99.9994%, Lmin=-17.75, Lmax=-5.47
19:07:05 [ultranest] [DEBUG] iteration=1830, ncalls=15809, regioncalls=612200, ndraw=40, logz=-24.87, remainder_fraction=99.9994%, Lmin=-17.72, Lmax=-5.47
19:07:05 [ultranest] [DEBUG] iteration=1831, ncalls=15824, regioncalls=612800, ndraw=40, logz=-24.83, remainder_fraction=99.9993%, Lmin=-17.71, Lmax=-5.47
19:07:07 [ultranest] [DEBUG] iteration=1832, ncalls=15883, regioncalls=615160, ndraw=40, logz=-24.80, remainder_fraction=99.9993%, Lmin=-17.71, Lmax=-5.47
19:07:09 [ultranest] [DEBUG] iteration=1833, ncalls=15942, regioncalls=617520, ndraw=40, logz=-24.77, remainder_fraction=99.9993%, Lmin=-17.70, Lmax=-5.47
19:07:09 [ultranest] [DEBUG] iteration=1834, ncalls=15956, regioncalls=618080, ndraw=40, logz=-24.74, remainder_fraction=99.9993%, Lmin=-17.65, Lmax=-5.47
19:07:10 [ultranest] [DEBUG] iteration=1835, ncalls=16013, regioncalls=620360, ndraw=40, logz=-24.71, remainder_fraction=99.9993%, Lmin=-17.65, Lmax=-5.47
19:07:11 [ultranest] [DEBUG] iteration=1836, ncalls=16036, regioncalls=621280, ndraw=40, logz=-24.68, remainder_fraction=99.9992%, Lmin=-17.59, Lmax=-5.47
19:07:15 [ultranest] [DEBUG] iteration=1837, ncalls=16195, regioncalls=627640, ndraw=40, logz=-24.65, remainder_fraction=99.9992%, Lmin=-17.53, Lmax=-5.47
19:07:16 [ultranest] [DEBUG] iteration=1838, ncalls=16231, regioncalls=629080, ndraw=40, logz=-24.62, remainder_fraction=99.9992%, Lmin=-17.47, Lmax=-4.92
19:07:19 [ultranest] [DEBUG] iteration=1839, ncalls=16330, regioncalls=633040, ndraw=40, logz=-24.58, remainder_fraction=99.9991%, Lmin=-17.47, Lmax=-4.92
19:07:20 [ultranest] [DEBUG] iteration=1840, ncalls=16363, regioncalls=634360, ndraw=40, logz=-24.55, remainder_fraction=99.9992%, Lmin=-17.45, Lmax=-4.92
19:07:21 [ultranest] [DEBUG] iteration=1841, ncalls=16387, regioncalls=635320, ndraw=40, logz=-24.52, remainder_fraction=99.9992%, Lmin=-17.34, Lmax=-4.92
19:07:21 [ultranest] [DEBUG] iteration=1842, ncalls=16394, regioncalls=635600, ndraw=40, logz=-24.49, remainder_fraction=99.9991%, Lmin=-17.32, Lmax=-4.92
19:07:21 [ultranest] [DEBUG] iteration=1843, ncalls=16416, regioncalls=636480, ndraw=40, logz=-24.46, remainder_fraction=99.9991%, Lmin=-17.31, Lmax=-4.92
19:07:22 [ultranest] [DEBUG] iteration=1845, ncalls=16429, regioncalls=637000, ndraw=40, logz=-24.39, remainder_fraction=99.9990%, Lmin=-17.29, Lmax=-4.92
19:07:22 [ultranest] [DEBUG] iteration=1846, ncalls=16465, regioncalls=638440, ndraw=40, logz=-24.36, remainder_fraction=99.9990%, Lmin=-17.28, Lmax=-4.92
19:07:25 [ultranest] [DEBUG] iteration=1848, ncalls=16544, regioncalls=641600, ndraw=40, logz=-24.30, remainder_fraction=99.9989%, Lmin=-17.27, Lmax=-4.92
19:07:25 [ultranest] [DEBUG] iteration=1849, ncalls=16547, regioncalls=641720, ndraw=40, logz=-24.27, remainder_fraction=99.9989%, Lmin=-17.24, Lmax=-4.92
19:07:25 [ultranest] [DEBUG] iteration=1850, ncalls=16550, regioncalls=641840, ndraw=40, logz=-24.25, remainder_fraction=99.9989%, Lmin=-17.22, Lmax=-4.92
19:07:29 [ultranest] [DEBUG] iteration=1851, ncalls=16716, regioncalls=648480, ndraw=40, logz=-24.22, remainder_fraction=99.9988%, Lmin=-17.22, Lmax=-4.92
19:07:30 [ultranest] [DEBUG] iteration=1852, ncalls=16751, regioncalls=649880, ndraw=40, logz=-24.19, remainder_fraction=99.9988%, Lmin=-17.21, Lmax=-4.92
19:07:30 [ultranest] [DEBUG] iteration=1853, ncalls=16758, regioncalls=650160, ndraw=40, logz=-24.16, remainder_fraction=99.9988%, Lmin=-17.18, Lmax=-4.92
19:07:33 [ultranest] [DEBUG] iteration=1854, ncalls=16837, regioncalls=653320, ndraw=40, logz=-24.14, remainder_fraction=99.9987%, Lmin=-17.15, Lmax=-4.92
19:07:37 [ultranest] [DEBUG] iteration=1855, ncalls=17010, regioncalls=660240, ndraw=40, logz=-24.11, remainder_fraction=99.9987%, Lmin=-17.12, Lmax=-4.92
19:07:39 [ultranest] [DEBUG] iteration=1856, ncalls=17050, regioncalls=661840, ndraw=40, logz=-24.08, remainder_fraction=99.9987%, Lmin=-17.08, Lmax=-4.92
19:07:40 [ultranest] [DEBUG] iteration=1857, ncalls=17082, regioncalls=663120, ndraw=40, logz=-24.06, remainder_fraction=99.9986%, Lmin=-17.08, Lmax=-4.92
19:07:40 [ultranest] [DEBUG] iteration=1858, ncalls=17115, regioncalls=664440, ndraw=40, logz=-24.03, remainder_fraction=99.9986%, Lmin=-17.08, Lmax=-4.92
19:07:41 [ultranest] [DEBUG] iteration=1859, ncalls=17129, regioncalls=665000, ndraw=40, logz=-24.01, remainder_fraction=99.9985%, Lmin=-17.07, Lmax=-4.92
19:07:41 [ultranest] [DEBUG] iteration=1860, ncalls=17132, regioncalls=665120, ndraw=40, logz=-23.98, remainder_fraction=99.9985%, Lmin=-17.04, Lmax=-4.92
19:07:44 [ultranest] [DEBUG] iteration=1861, ncalls=17250, regioncalls=669840, ndraw=40, logz=-23.96, remainder_fraction=99.9985%, Lmin=-17.01, Lmax=-4.92
19:07:45 [ultranest] [DEBUG] iteration=1862, ncalls=17282, regioncalls=671120, ndraw=40, logz=-23.93, remainder_fraction=99.9985%, Lmin=-16.98, Lmax=-4.92
19:07:46 [ultranest] [DEBUG] iteration=1863, ncalls=17311, regioncalls=672280, ndraw=40, logz=-23.91, remainder_fraction=99.9984%, Lmin=-16.94, Lmax=-4.92
19:07:47 [ultranest] [DEBUG] iteration=1864, ncalls=17345, regioncalls=673640, ndraw=40, logz=-23.88, remainder_fraction=99.9984%, Lmin=-16.92, Lmax=-4.92
19:07:47 [ultranest] [DEBUG] iteration=1865, ncalls=17355, regioncalls=674040, ndraw=40, logz=-23.85, remainder_fraction=99.9984%, Lmin=-16.76, Lmax=-4.92
19:07:47 [ultranest] [DEBUG] iteration=1866, ncalls=17370, regioncalls=674640, ndraw=40, logz=-23.83, remainder_fraction=99.9983%, Lmin=-16.69, Lmax=-4.92
19:07:48 [ultranest] [DEBUG] iteration=1867, ncalls=17377, regioncalls=674920, ndraw=40, logz=-23.80, remainder_fraction=99.9983%, Lmin=-16.66, Lmax=-4.92
19:07:48 [ultranest] [DEBUG] iteration=1868, ncalls=17382, regioncalls=675120, ndraw=40, logz=-23.77, remainder_fraction=99.9982%, Lmin=-16.62, Lmax=-4.92
19:07:49 [ultranest] [DEBUG] iteration=1870, ncalls=17419, regioncalls=676600, ndraw=40, logz=-23.71, remainder_fraction=99.9981%, Lmin=-16.53, Lmax=-4.92
19:07:49 [ultranest] [DEBUG] iteration=1871, ncalls=17442, regioncalls=677520, ndraw=40, logz=-23.68, remainder_fraction=99.9980%, Lmin=-16.51, Lmax=-4.92
19:07:50 [ultranest] [DEBUG] iteration=1872, ncalls=17454, regioncalls=678000, ndraw=40, logz=-23.64, remainder_fraction=99.9980%, Lmin=-16.49, Lmax=-4.92
19:07:52 [ultranest] [DEBUG] iteration=1873, ncalls=17529, regioncalls=681000, ndraw=40, logz=-23.61, remainder_fraction=99.9979%, Lmin=-16.48, Lmax=-4.92
19:07:52 [ultranest] [DEBUG] iteration=1874, ncalls=17540, regioncalls=681440, ndraw=40, logz=-23.59, remainder_fraction=99.9978%, Lmin=-16.46, Lmax=-4.92
19:07:53 [ultranest] [DEBUG] iteration=1875, ncalls=17559, regioncalls=682200, ndraw=40, logz=-23.56, remainder_fraction=99.9978%, Lmin=-16.44, Lmax=-4.92
19:07:53 [ultranest] [DEBUG] iteration=1876, ncalls=17585, regioncalls=683240, ndraw=40, logz=-23.53, remainder_fraction=99.9977%, Lmin=-16.38, Lmax=-4.92
19:07:56 [ultranest] [DEBUG] iteration=1877, ncalls=17683, regioncalls=687160, ndraw=40, logz=-23.50, remainder_fraction=99.9977%, Lmin=-16.37, Lmax=-4.92
19:07:57 [ultranest] [DEBUG] iteration=1878, ncalls=17717, regioncalls=688520, ndraw=40, logz=-23.47, remainder_fraction=99.9976%, Lmin=-16.36, Lmax=-4.92
19:07:57 [ultranest] [DEBUG] iteration=1879, ncalls=17737, regioncalls=689320, ndraw=40, logz=-23.44, remainder_fraction=99.9975%, Lmin=-16.34, Lmax=-4.92
19:08:00 [ultranest] [DEBUG] iteration=1880, ncalls=17841, regioncalls=693480, ndraw=40, logz=-23.41, remainder_fraction=99.9974%, Lmin=-16.34, Lmax=-4.92
19:08:02 [ultranest] [DEBUG] iteration=1881, ncalls=17892, regioncalls=695520, ndraw=40, logz=-23.39, remainder_fraction=99.9973%, Lmin=-16.33, Lmax=-4.92
19:08:03 [ultranest] [DEBUG] iteration=1882, ncalls=17920, regioncalls=696640, ndraw=40, logz=-23.36, remainder_fraction=99.9973%, Lmin=-16.32, Lmax=-4.92
19:08:03 [ultranest] [DEBUG] iteration=1883, ncalls=17952, regioncalls=697920, ndraw=40, logz=-23.33, remainder_fraction=99.9972%, Lmin=-16.28, Lmax=-4.92
19:08:04 [ultranest] [DEBUG] iteration=1884, ncalls=17964, regioncalls=698400, ndraw=40, logz=-23.31, remainder_fraction=99.9971%, Lmin=-16.27, Lmax=-4.92
19:08:05 [ultranest] [DEBUG] iteration=1885, ncalls=18000, regioncalls=699840, ndraw=40, logz=-23.28, remainder_fraction=99.9970%, Lmin=-16.26, Lmax=-4.92
19:08:05 [ultranest] [DEBUG] iteration=1886, ncalls=18003, regioncalls=699960, ndraw=40, logz=-23.25, remainder_fraction=99.9969%, Lmin=-16.25, Lmax=-4.92
19:08:05 [ultranest] [DEBUG] iteration=1887, ncalls=18020, regioncalls=700640, ndraw=40, logz=-23.23, remainder_fraction=99.9969%, Lmin=-16.24, Lmax=-4.92
19:08:09 [ultranest] [DEBUG] iteration=1888, ncalls=18137, regioncalls=705320, ndraw=40, logz=-23.20, remainder_fraction=99.9968%, Lmin=-16.14, Lmax=-4.92
19:08:09 [ultranest] [DEBUG] iteration=1889, ncalls=18146, regioncalls=705680, ndraw=40, logz=-23.18, remainder_fraction=99.9967%, Lmin=-16.12, Lmax=-4.92
19:08:09 [ultranest] [DEBUG] iteration=1890, ncalls=18164, regioncalls=706400, ndraw=40, logz=-23.15, remainder_fraction=99.9966%, Lmin=-16.09, Lmax=-4.92
19:08:10 [ultranest] [DEBUG] iteration=1891, ncalls=18194, regioncalls=707600, ndraw=40, logz=-23.13, remainder_fraction=99.9965%, Lmin=-16.04, Lmax=-4.92
19:08:11 [ultranest] [DEBUG] iteration=1892, ncalls=18227, regioncalls=708920, ndraw=40, logz=-23.10, remainder_fraction=99.9964%, Lmin=-16.00, Lmax=-4.92
19:08:12 [ultranest] [DEBUG] iteration=1893, ncalls=18241, regioncalls=709480, ndraw=40, logz=-23.07, remainder_fraction=99.9963%, Lmin=-15.95, Lmax=-4.92
19:08:13 [ultranest] [DEBUG] iteration=1894, ncalls=18285, regioncalls=711240, ndraw=40, logz=-23.04, remainder_fraction=99.9962%, Lmin=-15.95, Lmax=-4.92
19:08:16 [ultranest] [DEBUG] iteration=1895, ncalls=18390, regioncalls=715440, ndraw=40, logz=-23.02, remainder_fraction=99.9961%, Lmin=-15.93, Lmax=-4.92
19:08:16 [ultranest] [DEBUG] iteration=1896, ncalls=18414, regioncalls=716400, ndraw=40, logz=-22.99, remainder_fraction=99.9960%, Lmin=-15.84, Lmax=-4.92
19:08:21 [ultranest] [DEBUG] iteration=1897, ncalls=18600, regioncalls=723840, ndraw=40, logz=-22.96, remainder_fraction=99.9959%, Lmin=-15.82, Lmax=-4.92
19:08:22 [ultranest] [DEBUG] iteration=1899, ncalls=18638, regioncalls=725360, ndraw=40, logz=-22.91, remainder_fraction=99.9956%, Lmin=-15.79, Lmax=-4.92
19:08:23 [ultranest] [DEBUG] iteration=1900, ncalls=18664, regioncalls=726400, ndraw=40, logz=-22.88, remainder_fraction=99.9955%, Lmin=-15.78, Lmax=-4.92
19:08:25 [ultranest] [DEBUG] iteration=1901, ncalls=18744, regioncalls=729600, ndraw=40, logz=-22.85, remainder_fraction=99.9954%, Lmin=-15.75, Lmax=-4.92
19:08:26 [ultranest] [DEBUG] iteration=1902, ncalls=18776, regioncalls=730880, ndraw=40, logz=-22.83, remainder_fraction=99.9952%, Lmin=-15.74, Lmax=-4.92
19:08:26 [ultranest] [DEBUG] iteration=1903, ncalls=18784, regioncalls=731200, ndraw=40, logz=-22.80, remainder_fraction=99.9951%, Lmin=-15.70, Lmax=-4.92
19:08:27 [ultranest] [DEBUG] iteration=1904, ncalls=18792, regioncalls=731600, ndraw=40, logz=-22.77, remainder_fraction=99.9951%, Lmin=-15.70, Lmax=-4.92
19:08:27 [ultranest] [DEBUG] iteration=1905, ncalls=18795, regioncalls=731720, ndraw=40, logz=-22.75, remainder_fraction=99.9949%, Lmin=-15.66, Lmax=-4.92
19:08:27 [ultranest] [DEBUG] iteration=1906, ncalls=18809, regioncalls=732280, ndraw=40, logz=-22.72, remainder_fraction=99.9948%, Lmin=-15.62, Lmax=-4.92
19:08:29 [ultranest] [DEBUG] iteration=1908, ncalls=18854, regioncalls=734080, ndraw=40, logz=-22.67, remainder_fraction=99.9945%, Lmin=-15.53, Lmax=-4.92
19:08:29 [ultranest] [DEBUG] iteration=1909, ncalls=18859, regioncalls=734280, ndraw=40, logz=-22.64, remainder_fraction=99.9943%, Lmin=-15.52, Lmax=-4.92
19:08:29 [ultranest] [DEBUG] iteration=1910, ncalls=18865, regioncalls=734840, ndraw=40, logz=-22.62, remainder_fraction=99.9942%, Lmin=-15.52, Lmax=-4.92
19:08:29 [ultranest] [DEBUG] iteration=1911, ncalls=18874, regioncalls=735200, ndraw=40, logz=-22.59, remainder_fraction=99.9941%, Lmin=-15.49, Lmax=-4.92
19:08:30 [ultranest] [DEBUG] iteration=1912, ncalls=18887, regioncalls=735720, ndraw=40, logz=-22.56, remainder_fraction=99.9939%, Lmin=-15.48, Lmax=-4.92
19:08:30 [ultranest] [DEBUG] iteration=1913, ncalls=18902, regioncalls=736320, ndraw=40, logz=-22.54, remainder_fraction=99.9937%, Lmin=-15.47, Lmax=-4.92
19:08:31 [ultranest] [DEBUG] iteration=1914, ncalls=18931, regioncalls=737480, ndraw=40, logz=-22.51, remainder_fraction=99.9936%, Lmin=-15.46, Lmax=-4.92
19:08:31 [ultranest] [DEBUG] iteration=1916, ncalls=18941, regioncalls=737880, ndraw=40, logz=-22.47, remainder_fraction=99.9934%, Lmin=-15.44, Lmax=-4.92
19:08:32 [ultranest] [DEBUG] iteration=1917, ncalls=18949, regioncalls=738200, ndraw=40, logz=-22.44, remainder_fraction=99.9932%, Lmin=-15.40, Lmax=-4.92
19:08:32 [ultranest] [DEBUG] iteration=1918, ncalls=18964, regioncalls=738800, ndraw=40, logz=-22.42, remainder_fraction=99.9930%, Lmin=-15.40, Lmax=-4.92
19:08:32 [ultranest] [DEBUG] iteration=1919, ncalls=18971, regioncalls=739080, ndraw=40, logz=-22.39, remainder_fraction=99.9928%, Lmin=-15.39, Lmax=-4.92
19:08:32 [ultranest] [DEBUG] iteration=1920, ncalls=18981, regioncalls=739480, ndraw=40, logz=-22.37, remainder_fraction=99.9926%, Lmin=-15.38, Lmax=-4.92
19:08:33 [ultranest] [DEBUG] iteration=1921, ncalls=18992, regioncalls=739960, ndraw=40, logz=-22.35, remainder_fraction=99.9925%, Lmin=-15.38, Lmax=-4.92
19:08:33 [ultranest] [DEBUG] iteration=1922, ncalls=18995, regioncalls=740080, ndraw=40, logz=-22.33, remainder_fraction=99.9923%, Lmin=-15.33, Lmax=-4.92
19:08:33 [ultranest] [DEBUG] iteration=1923, ncalls=19003, regioncalls=740400, ndraw=40, logz=-22.30, remainder_fraction=99.9921%, Lmin=-15.30, Lmax=-4.92
19:08:33 [ultranest] [DEBUG] iteration=1924, ncalls=19010, regioncalls=740680, ndraw=40, logz=-22.28, remainder_fraction=99.9919%, Lmin=-15.29, Lmax=-4.92
19:08:34 [ultranest] [DEBUG] iteration=1925, ncalls=19028, regioncalls=741560, ndraw=40, logz=-22.26, remainder_fraction=99.9917%, Lmin=-15.29, Lmax=-4.92
19:08:34 [ultranest] [DEBUG] iteration=1926, ncalls=19041, regioncalls=742080, ndraw=40, logz=-22.24, remainder_fraction=99.9915%, Lmin=-15.26, Lmax=-4.92
19:08:36 [ultranest] [DEBUG] iteration=1927, ncalls=19082, regioncalls=743720, ndraw=40, logz=-22.21, remainder_fraction=99.9913%, Lmin=-15.25, Lmax=-4.92
19:08:36 [ultranest] [DEBUG] iteration=1928, ncalls=19086, regioncalls=743880, ndraw=40, logz=-22.19, remainder_fraction=99.9911%, Lmin=-15.24, Lmax=-4.92
19:08:36 [ultranest] [DEBUG] iteration=1929, ncalls=19098, regioncalls=744360, ndraw=40, logz=-22.17, remainder_fraction=99.9909%, Lmin=-15.24, Lmax=-4.92
19:08:37 [ultranest] [DEBUG] iteration=1930, ncalls=19120, regioncalls=745240, ndraw=40, logz=-22.15, remainder_fraction=99.9907%, Lmin=-15.20, Lmax=-4.92
19:08:37 [ultranest] [DEBUG] iteration=1932, ncalls=19131, regioncalls=745680, ndraw=40, logz=-22.11, remainder_fraction=99.9902%, Lmin=-15.17, Lmax=-4.92
19:08:38 [ultranest] [DEBUG] iteration=1933, ncalls=19145, regioncalls=746240, ndraw=40, logz=-22.09, remainder_fraction=99.9900%, Lmin=-15.15, Lmax=-4.92
19:08:38 [ultranest] [DEBUG] iteration=1934, ncalls=19165, regioncalls=747040, ndraw=40, logz=-22.07, remainder_fraction=99.9898%, Lmin=-15.14, Lmax=-4.92
19:08:39 [ultranest] [DEBUG] iteration=1936, ncalls=19179, regioncalls=747680, ndraw=40, logz=-22.02, remainder_fraction=99.9893%, Lmin=-15.11, Lmax=-4.92
19:08:40 [ultranest] [DEBUG] iteration=1937, ncalls=19213, regioncalls=749040, ndraw=40, logz=-22.00, remainder_fraction=99.9891%, Lmin=-15.11, Lmax=-4.92
19:08:40 [ultranest] [DEBUG] iteration=1938, ncalls=19219, regioncalls=749280, ndraw=40, logz=-21.98, remainder_fraction=99.9888%, Lmin=-15.05, Lmax=-4.92
19:08:40 [ultranest] [DEBUG] iteration=1939, ncalls=19222, regioncalls=749400, ndraw=40, logz=-21.96, remainder_fraction=99.9888%, Lmin=-15.05, Lmax=-4.92
19:08:40 [ultranest] [DEBUG] iteration=1940, ncalls=19234, regioncalls=749880, ndraw=40, logz=-21.94, remainder_fraction=99.9886%, Lmin=-15.03, Lmax=-4.92
19:08:41 [ultranest] [DEBUG] iteration=1941, ncalls=19255, regioncalls=750720, ndraw=40, logz=-21.92, remainder_fraction=99.9883%, Lmin=-15.03, Lmax=-4.92
19:08:41 [ultranest] [DEBUG] iteration=1943, ncalls=19270, regioncalls=751320, ndraw=40, logz=-21.88, remainder_fraction=99.9878%, Lmin=-15.00, Lmax=-4.92
19:08:42 [ultranest] [DEBUG] iteration=1945, ncalls=19295, regioncalls=752360, ndraw=40, logz=-21.85, remainder_fraction=99.9873%, Lmin=-14.99, Lmax=-4.92
19:08:43 [ultranest] [DEBUG] iteration=1946, ncalls=19314, regioncalls=753120, ndraw=40, logz=-21.83, remainder_fraction=99.9870%, Lmin=-14.97, Lmax=-4.92
19:08:43 [ultranest] [DEBUG] iteration=1947, ncalls=19321, regioncalls=753400, ndraw=40, logz=-21.81, remainder_fraction=99.9869%, Lmin=-14.97, Lmax=-4.92
19:08:44 [ultranest] [DEBUG] iteration=1948, ncalls=19350, regioncalls=754640, ndraw=40, logz=-21.79, remainder_fraction=99.9866%, Lmin=-14.97, Lmax=-4.92
19:08:44 [ultranest] [DEBUG] iteration=1949, ncalls=19358, regioncalls=754960, ndraw=40, logz=-21.77, remainder_fraction=99.9863%, Lmin=-14.95, Lmax=-4.92
19:08:44 [ultranest] [DEBUG] iteration=1950, ncalls=19365, regioncalls=755240, ndraw=40, logz=-21.76, remainder_fraction=99.9861%, Lmin=-14.95, Lmax=-4.92
19:08:45 [ultranest] [DEBUG] iteration=1951, ncalls=19394, regioncalls=756400, ndraw=40, logz=-21.74, remainder_fraction=99.9858%, Lmin=-14.95, Lmax=-4.92
19:08:45 [ultranest] [DEBUG] iteration=1952, ncalls=19406, regioncalls=756880, ndraw=40, logz=-21.72, remainder_fraction=99.9860%, Lmin=-14.93, Lmax=-4.92
19:08:46 [ultranest] [DEBUG] iteration=1953, ncalls=19412, regioncalls=757120, ndraw=40, logz=-21.70, remainder_fraction=99.9858%, Lmin=-14.91, Lmax=-4.92
19:08:46 [ultranest] [DEBUG] iteration=1954, ncalls=19422, regioncalls=757520, ndraw=40, logz=-21.69, remainder_fraction=99.9855%, Lmin=-14.89, Lmax=-4.92
19:08:47 [ultranest] [DEBUG] iteration=1956, ncalls=19441, regioncalls=758360, ndraw=40, logz=-21.65, remainder_fraction=99.9850%, Lmin=-14.84, Lmax=-4.92
19:08:47 [ultranest] [DEBUG] iteration=1957, ncalls=19456, regioncalls=758960, ndraw=40, logz=-21.63, remainder_fraction=99.9847%, Lmin=-14.79, Lmax=-4.92
19:08:47 [ultranest] [DEBUG] iteration=1958, ncalls=19460, regioncalls=759120, ndraw=40, logz=-21.62, remainder_fraction=99.9843%, Lmin=-14.76, Lmax=-4.92
19:08:48 [ultranest] [DEBUG] iteration=1959, ncalls=19495, regioncalls=760520, ndraw=40, logz=-21.60, remainder_fraction=99.9840%, Lmin=-14.75, Lmax=-4.92
19:08:48 [ultranest] [DEBUG] iteration=1960, ncalls=19503, regioncalls=760840, ndraw=40, logz=-21.58, remainder_fraction=99.9837%, Lmin=-14.74, Lmax=-4.92
19:08:49 [ultranest] [DEBUG] iteration=1961, ncalls=19511, regioncalls=761160, ndraw=40, logz=-21.56, remainder_fraction=99.9834%, Lmin=-14.73, Lmax=-4.92
19:08:49 [ultranest] [DEBUG] iteration=1962, ncalls=19520, regioncalls=761520, ndraw=40, logz=-21.54, remainder_fraction=99.9830%, Lmin=-14.73, Lmax=-4.92
19:08:49 [ultranest] [DEBUG] iteration=1963, ncalls=19538, regioncalls=762240, ndraw=40, logz=-21.53, remainder_fraction=99.9827%, Lmin=-14.66, Lmax=-4.92
19:08:50 [ultranest] [DEBUG] iteration=1965, ncalls=19552, regioncalls=762800, ndraw=40, logz=-21.49, remainder_fraction=99.9820%, Lmin=-14.61, Lmax=-4.92
19:08:50 [ultranest] [DEBUG] iteration=1968, ncalls=19562, regioncalls=763240, ndraw=40, logz=-21.44, remainder_fraction=99.9808%, Lmin=-14.58, Lmax=-4.92
19:08:51 [ultranest] [DEBUG] iteration=1969, ncalls=19598, regioncalls=764680, ndraw=40, logz=-21.42, remainder_fraction=99.9808%, Lmin=-14.58, Lmax=-4.92
19:08:52 [ultranest] [DEBUG] iteration=1971, ncalls=19613, regioncalls=765280, ndraw=40, logz=-21.38, remainder_fraction=99.9801%, Lmin=-14.50, Lmax=-4.92
19:08:52 [ultranest] [DEBUG] iteration=1972, ncalls=19620, regioncalls=765800, ndraw=40, logz=-21.37, remainder_fraction=99.9797%, Lmin=-14.49, Lmax=-4.92
19:08:52 [ultranest] [DEBUG] iteration=1973, ncalls=19632, regioncalls=766280, ndraw=40, logz=-21.35, remainder_fraction=99.9793%, Lmin=-14.46, Lmax=-4.92
19:08:53 [ultranest] [DEBUG] iteration=1974, ncalls=19659, regioncalls=767360, ndraw=40, logz=-21.33, remainder_fraction=99.9789%, Lmin=-14.43, Lmax=-4.92
19:08:53 [ultranest] [DEBUG] iteration=1975, ncalls=19663, regioncalls=767520, ndraw=40, logz=-21.31, remainder_fraction=99.9785%, Lmin=-14.42, Lmax=-4.92
19:08:55 [ultranest] [DEBUG] iteration=1976, ncalls=19718, regioncalls=770040, ndraw=40, logz=-21.29, remainder_fraction=99.9780%, Lmin=-14.40, Lmax=-4.92
19:08:55 [ultranest] [DEBUG] iteration=1977, ncalls=19721, regioncalls=770160, ndraw=40, logz=-21.28, remainder_fraction=99.9776%, Lmin=-14.38, Lmax=-4.92
19:08:55 [ultranest] [DEBUG] iteration=1978, ncalls=19725, regioncalls=770320, ndraw=40, logz=-21.26, remainder_fraction=99.9773%, Lmin=-14.33, Lmax=-4.92
19:08:56 [ultranest] [DEBUG] iteration=1979, ncalls=19754, regioncalls=771480, ndraw=40, logz=-21.24, remainder_fraction=99.9769%, Lmin=-14.33, Lmax=-4.92
19:08:56 [ultranest] [DEBUG] iteration=1980, ncalls=19759, regioncalls=771680, ndraw=40, logz=-21.22, remainder_fraction=99.9764%, Lmin=-14.32, Lmax=-4.92
19:08:56 [ultranest] [DEBUG] iteration=1981, ncalls=19762, regioncalls=771800, ndraw=40, logz=-21.20, remainder_fraction=99.9760%, Lmin=-14.29, Lmax=-4.92
19:08:57 [ultranest] [DEBUG] iteration=1982, ncalls=19773, regioncalls=772240, ndraw=40, logz=-21.19, remainder_fraction=99.9755%, Lmin=-14.26, Lmax=-4.92
19:08:57 [ultranest] [DEBUG] iteration=1983, ncalls=19795, regioncalls=773200, ndraw=40, logz=-21.17, remainder_fraction=99.9750%, Lmin=-14.21, Lmax=-4.92
19:08:59 [ultranest] [DEBUG] iteration=1985, ncalls=19846, regioncalls=775240, ndraw=40, logz=-21.13, remainder_fraction=99.9739%, Lmin=-14.19, Lmax=-4.92
19:09:00 [ultranest] [DEBUG] iteration=1986, ncalls=19872, regioncalls=776320, ndraw=40, logz=-21.11, remainder_fraction=99.9735%, Lmin=-14.18, Lmax=-4.92
19:09:01 [ultranest] [DEBUG] iteration=1987, ncalls=19886, regioncalls=777120, ndraw=40, logz=-21.09, remainder_fraction=99.9736%, Lmin=-14.18, Lmax=-4.92
19:09:01 [ultranest] [DEBUG] iteration=1988, ncalls=19911, regioncalls=778240, ndraw=40, logz=-21.08, remainder_fraction=99.9731%, Lmin=-14.17, Lmax=-4.92
19:09:02 [ultranest] [DEBUG] iteration=1990, ncalls=19928, regioncalls=778920, ndraw=40, logz=-21.04, remainder_fraction=99.9721%, Lmin=-14.10, Lmax=-4.92
19:09:02 [ultranest] [DEBUG] iteration=1991, ncalls=19932, regioncalls=779080, ndraw=40, logz=-21.02, remainder_fraction=99.9715%, Lmin=-14.06, Lmax=-4.92
19:09:04 [ultranest] [DEBUG] iteration=1992, ncalls=20002, regioncalls=781880, ndraw=40, logz=-21.00, remainder_fraction=99.9710%, Lmin=-14.04, Lmax=-4.92
19:09:05 [ultranest] [DEBUG] iteration=1993, ncalls=20021, regioncalls=782640, ndraw=40, logz=-20.99, remainder_fraction=99.9704%, Lmin=-14.03, Lmax=-4.92
19:09:05 [ultranest] [DEBUG] iteration=1995, ncalls=20038, regioncalls=783560, ndraw=40, logz=-20.95, remainder_fraction=99.9692%, Lmin=-14.01, Lmax=-4.92
19:09:06 [ultranest] [DEBUG] iteration=1996, ncalls=20053, regioncalls=784160, ndraw=40, logz=-20.93, remainder_fraction=99.9686%, Lmin=-13.98, Lmax=-4.92
19:09:06 [ultranest] [DEBUG] iteration=1997, ncalls=20057, regioncalls=784320, ndraw=40, logz=-20.91, remainder_fraction=99.9680%, Lmin=-13.92, Lmax=-4.92
19:09:06 [ultranest] [DEBUG] iteration=1998, ncalls=20075, regioncalls=785040, ndraw=40, logz=-20.89, remainder_fraction=99.9673%, Lmin=-13.90, Lmax=-4.92
19:09:07 [ultranest] [DEBUG] iteration=1999, ncalls=20084, regioncalls=785400, ndraw=40, logz=-20.88, remainder_fraction=99.9675%, Lmin=-13.89, Lmax=-4.92
19:09:07 [ultranest] [DEBUG] iteration=2000, ncalls=20096, regioncalls=785880, ndraw=40, logz=-20.86, remainder_fraction=99.9668%, Lmin=-13.87, Lmax=-4.92
19:09:07 [ultranest] [DEBUG] iteration=2001, ncalls=20104, regioncalls=786200, ndraw=40, logz=-20.84, remainder_fraction=99.9661%, Lmin=-13.85, Lmax=-4.92
19:09:07 [ultranest] [DEBUG] iteration=2002, ncalls=20115, regioncalls=786640, ndraw=40, logz=-20.82, remainder_fraction=99.9654%, Lmin=-13.84, Lmax=-4.92
19:09:08 [ultranest] [DEBUG] iteration=2004, ncalls=20139, regioncalls=787600, ndraw=40, logz=-20.78, remainder_fraction=99.9640%, Lmin=-13.84, Lmax=-4.92
19:09:08 [ultranest] [DEBUG] iteration=2006, ncalls=20145, regioncalls=787840, ndraw=40, logz=-20.75, remainder_fraction=99.9631%, Lmin=-13.83, Lmax=-4.92
19:09:08 [ultranest] [DEBUG] iteration=2007, ncalls=20148, regioncalls=787960, ndraw=40, logz=-20.73, remainder_fraction=99.9624%, Lmin=-13.81, Lmax=-4.92
19:09:10 [ultranest] [DEBUG] iteration=2008, ncalls=20194, regioncalls=789800, ndraw=40, logz=-20.71, remainder_fraction=99.9617%, Lmin=-13.78, Lmax=-4.92
19:09:11 [ultranest] [DEBUG] iteration=2009, ncalls=20218, regioncalls=790760, ndraw=40, logz=-20.70, remainder_fraction=99.9621%, Lmin=-13.77, Lmax=-4.92
19:09:11 [ultranest] [DEBUG] iteration=2010, ncalls=20228, regioncalls=791160, ndraw=40, logz=-20.68, remainder_fraction=99.9613%, Lmin=-13.72, Lmax=-4.92
19:09:11 [ultranest] [DEBUG] iteration=2011, ncalls=20237, regioncalls=791520, ndraw=40, logz=-20.66, remainder_fraction=99.9606%, Lmin=-13.70, Lmax=-4.92
19:09:11 [ultranest] [DEBUG] iteration=2012, ncalls=20242, regioncalls=791720, ndraw=40, logz=-20.64, remainder_fraction=99.9598%, Lmin=-13.70, Lmax=-4.92
19:09:12 [ultranest] [DEBUG] iteration=2013, ncalls=20248, regioncalls=792120, ndraw=40, logz=-20.63, remainder_fraction=99.9590%, Lmin=-13.69, Lmax=-4.92
19:09:12 [ultranest] [DEBUG] iteration=2014, ncalls=20260, regioncalls=792600, ndraw=40, logz=-20.61, remainder_fraction=99.9581%, Lmin=-13.64, Lmax=-4.92
19:09:13 [ultranest] [DEBUG] iteration=2015, ncalls=20290, regioncalls=793880, ndraw=40, logz=-20.59, remainder_fraction=99.9573%, Lmin=-13.64, Lmax=-4.92
19:09:13 [ultranest] [DEBUG] iteration=2016, ncalls=20311, regioncalls=794720, ndraw=40, logz=-20.58, remainder_fraction=99.9566%, Lmin=-13.63, Lmax=-4.92
19:09:14 [ultranest] [DEBUG] iteration=2017, ncalls=20327, regioncalls=795360, ndraw=40, logz=-20.56, remainder_fraction=99.9557%, Lmin=-13.62, Lmax=-4.92
19:09:14 [ultranest] [DEBUG] iteration=2018, ncalls=20333, regioncalls=795600, ndraw=40, logz=-20.54, remainder_fraction=99.9549%, Lmin=-13.61, Lmax=-4.92
19:09:14 [ultranest] [DEBUG] iteration=2019, ncalls=20341, regioncalls=795920, ndraw=40, logz=-20.52, remainder_fraction=99.9541%, Lmin=-13.59, Lmax=-4.92
19:09:15 [ultranest] [DEBUG] iteration=2020, ncalls=20355, regioncalls=796480, ndraw=40, logz=-20.51, remainder_fraction=99.9532%, Lmin=-13.59, Lmax=-4.92
19:09:15 [ultranest] [DEBUG] iteration=2021, ncalls=20362, regioncalls=796760, ndraw=40, logz=-20.49, remainder_fraction=99.9524%, Lmin=-13.58, Lmax=-4.92
19:09:15 [ultranest] [DEBUG] iteration=2022, ncalls=20377, regioncalls=797360, ndraw=40, logz=-20.48, remainder_fraction=99.9515%, Lmin=-13.58, Lmax=-4.92
19:09:16 [ultranest] [DEBUG] iteration=2023, ncalls=20401, regioncalls=798320, ndraw=40, logz=-20.46, remainder_fraction=99.9513%, Lmin=-13.51, Lmax=-4.92
19:09:17 [ultranest] [DEBUG] iteration=2024, ncalls=20421, regioncalls=799120, ndraw=40, logz=-20.44, remainder_fraction=99.9503%, Lmin=-13.48, Lmax=-4.92
19:09:17 [ultranest] [DEBUG] iteration=2025, ncalls=20440, regioncalls=799880, ndraw=40, logz=-20.42, remainder_fraction=99.9493%, Lmin=-13.47, Lmax=-4.92
19:09:19 [ultranest] [DEBUG] iteration=2026, ncalls=20501, regioncalls=802360, ndraw=40, logz=-20.41, remainder_fraction=99.9484%, Lmin=-13.45, Lmax=-4.92
19:09:20 [ultranest] [DEBUG] iteration=2027, ncalls=20533, regioncalls=803640, ndraw=40, logz=-20.39, remainder_fraction=99.9475%, Lmin=-13.44, Lmax=-4.92
19:09:21 [ultranest] [DEBUG] iteration=2029, ncalls=20548, regioncalls=804240, ndraw=40, logz=-20.36, remainder_fraction=99.9456%, Lmin=-13.39, Lmax=-4.92
19:09:21 [ultranest] [DEBUG] iteration=2030, ncalls=20561, regioncalls=804760, ndraw=40, logz=-20.34, remainder_fraction=99.9445%, Lmin=-13.38, Lmax=-4.92
19:09:21 [ultranest] [DEBUG] iteration=2031, ncalls=20576, regioncalls=805360, ndraw=40, logz=-20.32, remainder_fraction=99.9434%, Lmin=-13.37, Lmax=-4.92
19:09:22 [ultranest] [DEBUG] iteration=2032, ncalls=20587, regioncalls=805800, ndraw=40, logz=-20.31, remainder_fraction=99.9423%, Lmin=-13.33, Lmax=-4.92
19:09:22 [ultranest] [DEBUG] iteration=2033, ncalls=20602, regioncalls=806400, ndraw=40, logz=-20.29, remainder_fraction=99.9412%, Lmin=-13.33, Lmax=-4.92
19:09:23 [ultranest] [DEBUG] iteration=2035, ncalls=20629, regioncalls=807480, ndraw=40, logz=-20.26, remainder_fraction=99.9390%, Lmin=-13.31, Lmax=-4.92
19:09:24 [ultranest] [DEBUG] iteration=2036, ncalls=20653, regioncalls=808440, ndraw=40, logz=-20.24, remainder_fraction=99.9378%, Lmin=-13.29, Lmax=-4.92
19:09:24 [ultranest] [DEBUG] iteration=2037, ncalls=20670, regioncalls=809120, ndraw=40, logz=-20.22, remainder_fraction=99.9367%, Lmin=-13.29, Lmax=-4.92
19:09:24 [ultranest] [DEBUG] iteration=2038, ncalls=20673, regioncalls=809240, ndraw=40, logz=-20.21, remainder_fraction=99.9356%, Lmin=-13.23, Lmax=-4.92
19:09:25 [ultranest] [DEBUG] iteration=2039, ncalls=20679, regioncalls=809480, ndraw=40, logz=-20.19, remainder_fraction=99.9350%, Lmin=-13.21, Lmax=-4.92
19:09:25 [ultranest] [DEBUG] iteration=2040, ncalls=20684, regioncalls=809680, ndraw=40, logz=-20.17, remainder_fraction=99.9340%, Lmin=-13.20, Lmax=-4.92
19:09:26 [ultranest] [DEBUG] iteration=2041, ncalls=20719, regioncalls=811080, ndraw=40, logz=-20.16, remainder_fraction=99.9328%, Lmin=-13.18, Lmax=-4.92
19:09:26 [ultranest] [DEBUG] iteration=2042, ncalls=20743, regioncalls=812040, ndraw=40, logz=-20.14, remainder_fraction=99.9316%, Lmin=-13.17, Lmax=-4.92
19:09:27 [ultranest] [DEBUG] iteration=2044, ncalls=20765, regioncalls=812920, ndraw=40, logz=-20.11, remainder_fraction=99.9310%, Lmin=-13.14, Lmax=-4.92
19:09:28 [ultranest] [DEBUG] iteration=2045, ncalls=20784, regioncalls=813680, ndraw=40, logz=-20.09, remainder_fraction=99.9298%, Lmin=-13.13, Lmax=-4.92
19:09:28 [ultranest] [DEBUG] iteration=2046, ncalls=20789, regioncalls=813880, ndraw=40, logz=-20.08, remainder_fraction=99.9284%, Lmin=-13.10, Lmax=-4.92
19:09:28 [ultranest] [DEBUG] iteration=2047, ncalls=20798, regioncalls=814240, ndraw=40, logz=-20.06, remainder_fraction=99.9271%, Lmin=-13.08, Lmax=-4.92
19:09:29 [ultranest] [DEBUG] iteration=2048, ncalls=20815, regioncalls=814920, ndraw=40, logz=-20.04, remainder_fraction=99.9257%, Lmin=-13.07, Lmax=-4.92
19:09:29 [ultranest] [DEBUG] iteration=2049, ncalls=20821, regioncalls=815160, ndraw=40, logz=-20.03, remainder_fraction=99.9244%, Lmin=-13.05, Lmax=-4.92
19:09:29 [ultranest] [DEBUG] iteration=2050, ncalls=20822, regioncalls=815200, ndraw=40, logz=-20.01, remainder_fraction=99.9230%, Lmin=-13.03, Lmax=-4.92
19:09:30 [ultranest] [DEBUG] iteration=2051, ncalls=20862, regioncalls=816920, ndraw=40, logz=-19.99, remainder_fraction=99.9216%, Lmin=-13.02, Lmax=-4.92
19:09:30 [ultranest] [DEBUG] iteration=2052, ncalls=20871, regioncalls=817280, ndraw=40, logz=-19.98, remainder_fraction=99.9202%, Lmin=-13.02, Lmax=-4.92
19:09:32 [ultranest] [DEBUG] iteration=2054, ncalls=20927, regioncalls=819520, ndraw=40, logz=-19.95, remainder_fraction=99.9172%, Lmin=-12.97, Lmax=-4.92
19:09:32 [ultranest] [DEBUG] iteration=2055, ncalls=20933, regioncalls=819760, ndraw=40, logz=-19.93, remainder_fraction=99.9156%, Lmin=-12.97, Lmax=-4.92
19:09:33 [ultranest] [DEBUG] iteration=2056, ncalls=20944, regioncalls=820200, ndraw=40, logz=-19.91, remainder_fraction=99.9141%, Lmin=-12.97, Lmax=-4.92
19:09:34 [ultranest] [DEBUG] iteration=2057, ncalls=20994, regioncalls=822400, ndraw=40, logz=-19.90, remainder_fraction=99.9125%, Lmin=-12.95, Lmax=-4.92
19:09:35 [ultranest] [DEBUG] iteration=2058, ncalls=21014, regioncalls=823200, ndraw=40, logz=-19.88, remainder_fraction=99.9109%, Lmin=-12.92, Lmax=-4.92
19:09:35 [ultranest] [DEBUG] iteration=2060, ncalls=21023, regioncalls=823560, ndraw=40, logz=-19.85, remainder_fraction=99.9077%, Lmin=-12.85, Lmax=-4.92
19:09:35 [ultranest] [DEBUG] iteration=2061, ncalls=21032, regioncalls=823920, ndraw=40, logz=-19.84, remainder_fraction=99.9060%, Lmin=-12.84, Lmax=-4.92
19:09:36 [ultranest] [DEBUG] iteration=2064, ncalls=21043, regioncalls=824360, ndraw=40, logz=-19.79, remainder_fraction=99.9008%, Lmin=-12.78, Lmax=-4.92
19:09:36 [ultranest] [DEBUG] iteration=2065, ncalls=21052, regioncalls=824720, ndraw=40, logz=-19.77, remainder_fraction=99.8990%, Lmin=-12.78, Lmax=-4.92
19:09:36 [ultranest] [DEBUG] iteration=2066, ncalls=21059, regioncalls=825000, ndraw=40, logz=-19.75, remainder_fraction=99.8971%, Lmin=-12.76, Lmax=-4.92
19:09:38 [ultranest] [DEBUG] iteration=2067, ncalls=21105, regioncalls=826880, ndraw=40, logz=-19.74, remainder_fraction=99.8952%, Lmin=-12.73, Lmax=-4.92
19:09:38 [ultranest] [DEBUG] iteration=2068, ncalls=21115, regioncalls=827280, ndraw=40, logz=-19.72, remainder_fraction=99.8933%, Lmin=-12.73, Lmax=-4.92
19:09:39 [ultranest] [DEBUG] iteration=2069, ncalls=21136, regioncalls=828120, ndraw=40, logz=-19.71, remainder_fraction=99.8913%, Lmin=-12.72, Lmax=-4.92
19:09:39 [ultranest] [DEBUG] iteration=2070, ncalls=21139, regioncalls=828240, ndraw=40, logz=-19.69, remainder_fraction=99.8893%, Lmin=-12.71, Lmax=-4.92
19:09:39 [ultranest] [DEBUG] iteration=2072, ncalls=21157, regioncalls=828960, ndraw=40, logz=-19.66, remainder_fraction=99.8854%, Lmin=-12.65, Lmax=-4.92
19:09:39 [ultranest] [DEBUG] iteration=2073, ncalls=21160, regioncalls=829080, ndraw=40, logz=-19.64, remainder_fraction=99.8832%, Lmin=-12.63, Lmax=-4.92
19:09:40 [ultranest] [DEBUG] iteration=2074, ncalls=21187, regioncalls=830160, ndraw=40, logz=-19.63, remainder_fraction=99.8815%, Lmin=-12.61, Lmax=-4.92
19:09:41 [ultranest] [DEBUG] iteration=2075, ncalls=21213, regioncalls=831200, ndraw=40, logz=-19.61, remainder_fraction=99.8793%, Lmin=-12.60, Lmax=-4.92
19:09:42 [ultranest] [DEBUG] iteration=2077, ncalls=21239, regioncalls=832240, ndraw=40, logz=-19.58, remainder_fraction=99.8749%, Lmin=-12.52, Lmax=-4.92
19:09:42 [ultranest] [DEBUG] iteration=2078, ncalls=21245, regioncalls=832520, ndraw=40, logz=-19.56, remainder_fraction=99.8726%, Lmin=-12.51, Lmax=-4.92
19:09:43 [ultranest] [DEBUG] iteration=2079, ncalls=21291, regioncalls=834360, ndraw=40, logz=-19.55, remainder_fraction=99.8702%, Lmin=-12.50, Lmax=-4.92
19:09:44 [ultranest] [DEBUG] iteration=2080, ncalls=21300, regioncalls=834720, ndraw=40, logz=-19.53, remainder_fraction=99.8678%, Lmin=-12.48, Lmax=-4.92
19:09:44 [ultranest] [DEBUG] iteration=2081, ncalls=21303, regioncalls=834840, ndraw=40, logz=-19.52, remainder_fraction=99.8654%, Lmin=-12.45, Lmax=-4.92
19:09:44 [ultranest] [DEBUG] iteration=2082, ncalls=21312, regioncalls=835200, ndraw=40, logz=-19.50, remainder_fraction=99.8630%, Lmin=-12.45, Lmax=-4.92
19:09:44 [ultranest] [DEBUG] iteration=2083, ncalls=21323, regioncalls=835760, ndraw=40, logz=-19.48, remainder_fraction=99.8605%, Lmin=-12.42, Lmax=-4.92
19:09:44 [ultranest] [DEBUG] clustering found some stray points [need_accept=False] (array([1, 2]), array([399,   1]))
19:09:45 [ultranest] [DEBUG] iteration=2084, ncalls=21344, regioncalls=836600, ndraw=40, logz=-19.47, remainder_fraction=99.8581%, Lmin=-12.42, Lmax=-4.92
19:09:46 [ultranest] [DEBUG] iteration=2085, ncalls=21374, regioncalls=837880, ndraw=40, logz=-19.45, remainder_fraction=99.8555%, Lmin=-12.38, Lmax=-4.92
19:09:46 [ultranest] [DEBUG] iteration=2086, ncalls=21380, regioncalls=838280, ndraw=40, logz=-19.43, remainder_fraction=99.8533%, Lmin=-12.38, Lmax=-4.92
19:09:47 [ultranest] [DEBUG] iteration=2087, ncalls=21396, regioncalls=838920, ndraw=40, logz=-19.42, remainder_fraction=99.8506%, Lmin=-12.35, Lmax=-4.92
19:09:48 [ultranest] [DEBUG] iteration=2089, ncalls=21439, regioncalls=840640, ndraw=40, logz=-19.39, remainder_fraction=99.8459%, Lmin=-12.35, Lmax=-4.92
19:09:49 [ultranest] [DEBUG] iteration=2090, ncalls=21459, regioncalls=841440, ndraw=40, logz=-19.37, remainder_fraction=99.8432%, Lmin=-12.29, Lmax=-4.92
19:09:49 [ultranest] [DEBUG] iteration=2091, ncalls=21483, regioncalls=842400, ndraw=40, logz=-19.35, remainder_fraction=99.8425%, Lmin=-12.26, Lmax=-4.92
19:09:50 [ultranest] [DEBUG] iteration=2092, ncalls=21501, regioncalls=843120, ndraw=40, logz=-19.34, remainder_fraction=99.8395%, Lmin=-12.25, Lmax=-4.92
19:09:50 [ultranest] [DEBUG] iteration=2093, ncalls=21512, regioncalls=843560, ndraw=40, logz=-19.32, remainder_fraction=99.8365%, Lmin=-12.25, Lmax=-4.92
19:09:51 [ultranest] [DEBUG] iteration=2094, ncalls=21542, regioncalls=845120, ndraw=40, logz=-19.30, remainder_fraction=99.8336%, Lmin=-12.22, Lmax=-4.92
19:09:52 [ultranest] [DEBUG] iteration=2095, ncalls=21573, regioncalls=846360, ndraw=40, logz=-19.29, remainder_fraction=99.8307%, Lmin=-12.19, Lmax=-4.92
19:09:53 [ultranest] [DEBUG] iteration=2096, ncalls=21593, regioncalls=847160, ndraw=40, logz=-19.27, remainder_fraction=99.8275%, Lmin=-12.18, Lmax=-4.92
19:09:53 [ultranest] [DEBUG] iteration=2097, ncalls=21614, regioncalls=848000, ndraw=40, logz=-19.26, remainder_fraction=99.8244%, Lmin=-12.17, Lmax=-4.92
19:09:54 [ultranest] [DEBUG] iteration=2098, ncalls=21642, regioncalls=849120, ndraw=40, logz=-19.24, remainder_fraction=99.8211%, Lmin=-12.14, Lmax=-4.92
19:09:55 [ultranest] [DEBUG] iteration=2100, ncalls=21663, regioncalls=849960, ndraw=40, logz=-19.21, remainder_fraction=99.8169%, Lmin=-12.12, Lmax=-4.92
19:09:55 [ultranest] [DEBUG] iteration=2101, ncalls=21669, regioncalls=850200, ndraw=40, logz=-19.19, remainder_fraction=99.8136%, Lmin=-12.11, Lmax=-4.92
19:09:56 [ultranest] [DEBUG] iteration=2102, ncalls=21690, regioncalls=851040, ndraw=40, logz=-19.18, remainder_fraction=99.8102%, Lmin=-12.08, Lmax=-4.92
19:09:56 [ultranest] [DEBUG] iteration=2103, ncalls=21720, regioncalls=852400, ndraw=40, logz=-19.16, remainder_fraction=99.8067%, Lmin=-12.07, Lmax=-4.92
19:09:56 [ultranest] [DEBUG] iteration=2104, ncalls=21724, regioncalls=852560, ndraw=40, logz=-19.14, remainder_fraction=99.8039%, Lmin=-12.05, Lmax=-4.92
19:09:57 [ultranest] [DEBUG] iteration=2106, ncalls=21741, regioncalls=853320, ndraw=40, logz=-19.11, remainder_fraction=99.7966%, Lmin=-12.04, Lmax=-4.92
19:09:57 [ultranest] [DEBUG] iteration=2107, ncalls=21754, regioncalls=853840, ndraw=40, logz=-19.10, remainder_fraction=99.7965%, Lmin=-12.03, Lmax=-4.92
19:09:57 [ultranest] [DEBUG] iteration=2108, ncalls=21761, regioncalls=854120, ndraw=40, logz=-19.08, remainder_fraction=99.7928%, Lmin=-12.02, Lmax=-4.92
19:09:58 [ultranest] [DEBUG] iteration=2110, ncalls=21766, regioncalls=854320, ndraw=40, logz=-19.05, remainder_fraction=99.7896%, Lmin=-11.99, Lmax=-4.92
19:10:00 [ultranest] [DEBUG] iteration=2111, ncalls=21855, regioncalls=858120, ndraw=40, logz=-19.04, remainder_fraction=99.7859%, Lmin=-11.99, Lmax=-4.92
19:10:01 [ultranest] [DEBUG] iteration=2113, ncalls=21869, regioncalls=858680, ndraw=40, logz=-19.01, remainder_fraction=99.7835%, Lmin=-11.98, Lmax=-4.92
19:10:01 [ultranest] [DEBUG] iteration=2114, ncalls=21875, regioncalls=858920, ndraw=40, logz=-18.99, remainder_fraction=99.7798%, Lmin=-11.96, Lmax=-4.92
19:10:02 [ultranest] [DEBUG] iteration=2115, ncalls=21903, regioncalls=860320, ndraw=40, logz=-18.98, remainder_fraction=99.7791%, Lmin=-11.95, Lmax=-4.92
19:10:02 [ultranest] [DEBUG] iteration=2117, ncalls=21909, regioncalls=860560, ndraw=40, logz=-18.95, remainder_fraction=99.7716%, Lmin=-11.91, Lmax=-4.92
19:10:02 [ultranest] [DEBUG] iteration=2118, ncalls=21916, regioncalls=860840, ndraw=40, logz=-18.93, remainder_fraction=99.7677%, Lmin=-11.91, Lmax=-4.92
19:10:03 [ultranest] [DEBUG] iteration=2119, ncalls=21937, regioncalls=861760, ndraw=40, logz=-18.92, remainder_fraction=99.7638%, Lmin=-11.91, Lmax=-4.92
19:10:03 [ultranest] [DEBUG] iteration=2120, ncalls=21946, regioncalls=862120, ndraw=40, logz=-18.90, remainder_fraction=99.7598%, Lmin=-11.90, Lmax=-4.92
19:10:03 [ultranest] [DEBUG] iteration=2121, ncalls=21951, regioncalls=862320, ndraw=40, logz=-18.89, remainder_fraction=99.7559%, Lmin=-11.89, Lmax=-4.92
19:10:03 [ultranest] [DEBUG] iteration=2122, ncalls=21956, regioncalls=862520, ndraw=40, logz=-18.88, remainder_fraction=99.7571%, Lmin=-11.89, Lmax=-4.92
19:10:04 [ultranest] [DEBUG] iteration=2123, ncalls=21997, regioncalls=864280, ndraw=40, logz=-18.86, remainder_fraction=99.7561%, Lmin=-11.87, Lmax=-4.92
19:10:05 [ultranest] [DEBUG] iteration=2124, ncalls=22014, regioncalls=864960, ndraw=40, logz=-18.85, remainder_fraction=99.7523%, Lmin=-11.85, Lmax=-4.92
19:10:05 [ultranest] [DEBUG] iteration=2125, ncalls=22029, regioncalls=865560, ndraw=40, logz=-18.83, remainder_fraction=99.7483%, Lmin=-11.85, Lmax=-4.92
19:10:06 [ultranest] [DEBUG] iteration=2126, ncalls=22060, regioncalls=866880, ndraw=40, logz=-18.82, remainder_fraction=99.7442%, Lmin=-11.83, Lmax=-4.92
19:10:06 [ultranest] [DEBUG] iteration=2127, ncalls=22067, regioncalls=867160, ndraw=40, logz=-18.81, remainder_fraction=99.7403%, Lmin=-11.83, Lmax=-4.92
19:10:07 [ultranest] [DEBUG] iteration=2129, ncalls=22083, regioncalls=867800, ndraw=40, logz=-18.78, remainder_fraction=99.7335%, Lmin=-11.78, Lmax=-4.92
19:10:08 [ultranest] [DEBUG] iteration=2130, ncalls=22105, regioncalls=868840, ndraw=40, logz=-18.77, remainder_fraction=99.7299%, Lmin=-11.77, Lmax=-4.92
19:10:08 [ultranest] [DEBUG] iteration=2131, ncalls=22113, regioncalls=869160, ndraw=40, logz=-18.75, remainder_fraction=99.7256%, Lmin=-11.77, Lmax=-4.92
19:10:09 [ultranest] [DEBUG] iteration=2132, ncalls=22137, regioncalls=870120, ndraw=40, logz=-18.74, remainder_fraction=99.7212%, Lmin=-11.75, Lmax=-4.92
19:10:09 [ultranest] [DEBUG] iteration=2133, ncalls=22150, regioncalls=870640, ndraw=40, logz=-18.73, remainder_fraction=99.7187%, Lmin=-11.75, Lmax=-4.92
19:10:09 [ultranest] [DEBUG] iteration=2134, ncalls=22159, regioncalls=871000, ndraw=40, logz=-18.71, remainder_fraction=99.7149%, Lmin=-11.71, Lmax=-4.92
19:10:09 [ultranest] [DEBUG] iteration=2135, ncalls=22164, regioncalls=871200, ndraw=40, logz=-18.70, remainder_fraction=99.7104%, Lmin=-11.69, Lmax=-4.92
19:10:11 [ultranest] [DEBUG] iteration=2136, ncalls=22203, regioncalls=872760, ndraw=40, logz=-18.69, remainder_fraction=99.7074%, Lmin=-11.67, Lmax=-4.92
19:10:11 [ultranest] [DEBUG] iteration=2137, ncalls=22220, regioncalls=873440, ndraw=40, logz=-18.67, remainder_fraction=99.7027%, Lmin=-11.67, Lmax=-4.92
19:10:12 [ultranest] [DEBUG] iteration=2139, ncalls=22251, regioncalls=874680, ndraw=40, logz=-18.65, remainder_fraction=99.6937%, Lmin=-11.64, Lmax=-4.92
19:10:12 [ultranest] [DEBUG] iteration=2141, ncalls=22261, regioncalls=875080, ndraw=40, logz=-18.62, remainder_fraction=99.6862%, Lmin=-11.63, Lmax=-4.92
19:10:13 [ultranest] [DEBUG] iteration=2142, ncalls=22279, regioncalls=875840, ndraw=40, logz=-18.61, remainder_fraction=99.6813%, Lmin=-11.61, Lmax=-4.92
19:10:13 [ultranest] [DEBUG] iteration=2143, ncalls=22294, regioncalls=876440, ndraw=40, logz=-18.59, remainder_fraction=99.6808%, Lmin=-11.61, Lmax=-4.92
19:10:14 [ultranest] [DEBUG] iteration=2144, ncalls=22302, regioncalls=876760, ndraw=40, logz=-18.58, remainder_fraction=99.6791%, Lmin=-11.59, Lmax=-4.92
19:10:14 [ultranest] [DEBUG] iteration=2146, ncalls=22312, regioncalls=877160, ndraw=40, logz=-18.55, remainder_fraction=99.6705%, Lmin=-11.57, Lmax=-4.92
19:10:15 [ultranest] [DEBUG] iteration=2147, ncalls=22355, regioncalls=879240, ndraw=40, logz=-18.54, remainder_fraction=99.6655%, Lmin=-11.56, Lmax=-4.92
19:10:16 [ultranest] [DEBUG] iteration=2148, ncalls=22360, regioncalls=879440, ndraw=40, logz=-18.53, remainder_fraction=99.6634%, Lmin=-11.56, Lmax=-4.92
19:10:16 [ultranest] [DEBUG] iteration=2149, ncalls=22366, regioncalls=879680, ndraw=40, logz=-18.52, remainder_fraction=99.6582%, Lmin=-11.54, Lmax=-4.92
19:10:17 [ultranest] [DEBUG] iteration=2150, ncalls=22410, regioncalls=881720, ndraw=40, logz=-18.50, remainder_fraction=99.6532%, Lmin=-11.51, Lmax=-4.92
19:10:18 [ultranest] [DEBUG] iteration=2151, ncalls=22451, regioncalls=883560, ndraw=40, logz=-18.49, remainder_fraction=99.6525%, Lmin=-11.47, Lmax=-4.92
19:10:20 [ultranest] [DEBUG] iteration=2152, ncalls=22525, regioncalls=886640, ndraw=40, logz=-18.48, remainder_fraction=99.6479%, Lmin=-11.47, Lmax=-4.92
19:10:20 [ultranest] [DEBUG] iteration=2153, ncalls=22528, regioncalls=886760, ndraw=40, logz=-18.46, remainder_fraction=99.6426%, Lmin=-11.47, Lmax=-4.92
19:10:21 [ultranest] [DEBUG] iteration=2154, ncalls=22534, regioncalls=887000, ndraw=40, logz=-18.45, remainder_fraction=99.6371%, Lmin=-11.47, Lmax=-4.92
19:10:23 [ultranest] [DEBUG] iteration=2155, ncalls=22615, regioncalls=890840, ndraw=40, logz=-18.44, remainder_fraction=99.6345%, Lmin=-11.46, Lmax=-4.92
19:10:24 [ultranest] [DEBUG] iteration=2156, ncalls=22649, regioncalls=892200, ndraw=40, logz=-18.43, remainder_fraction=99.6290%, Lmin=-11.46, Lmax=-4.92
19:10:24 [ultranest] [DEBUG] iteration=2157, ncalls=22654, regioncalls=892480, ndraw=40, logz=-18.41, remainder_fraction=99.6257%, Lmin=-11.46, Lmax=-4.92
19:10:24 [ultranest] [DEBUG] iteration=2158, ncalls=22657, regioncalls=892600, ndraw=40, logz=-18.40, remainder_fraction=99.6202%, Lmin=-11.45, Lmax=-4.92
19:10:25 [ultranest] [DEBUG] iteration=2159, ncalls=22665, regioncalls=892920, ndraw=40, logz=-18.39, remainder_fraction=99.6195%, Lmin=-11.45, Lmax=-4.92
19:10:25 [ultranest] [DEBUG] iteration=2161, ncalls=22672, regioncalls=893200, ndraw=40, logz=-18.37, remainder_fraction=99.6099%, Lmin=-11.43, Lmax=-4.92
19:10:25 [ultranest] [DEBUG] iteration=2162, ncalls=22679, regioncalls=893480, ndraw=40, logz=-18.35, remainder_fraction=99.6125%, Lmin=-11.43, Lmax=-4.92
19:10:25 [ultranest] [DEBUG] iteration=2163, ncalls=22683, regioncalls=893640, ndraw=40, logz=-18.34, remainder_fraction=99.6073%, Lmin=-11.41, Lmax=-4.92
19:10:26 [ultranest] [DEBUG] iteration=2164, ncalls=22698, regioncalls=894240, ndraw=40, logz=-18.33, remainder_fraction=99.6018%, Lmin=-11.40, Lmax=-4.92
19:10:26 [ultranest] [DEBUG] iteration=2165, ncalls=22714, regioncalls=894880, ndraw=40, logz=-18.32, remainder_fraction=99.5969%, Lmin=-11.39, Lmax=-4.92
19:10:27 [ultranest] [DEBUG] iteration=2166, ncalls=22726, regioncalls=895440, ndraw=40, logz=-18.31, remainder_fraction=99.5916%, Lmin=-11.36, Lmax=-4.92
19:10:27 [ultranest] [DEBUG] iteration=2167, ncalls=22737, regioncalls=895880, ndraw=40, logz=-18.30, remainder_fraction=99.5859%, Lmin=-11.35, Lmax=-4.92
19:10:28 [ultranest] [DEBUG] iteration=2168, ncalls=22757, regioncalls=896680, ndraw=40, logz=-18.28, remainder_fraction=99.5800%, Lmin=-11.35, Lmax=-4.92
19:10:28 [ultranest] [DEBUG] iteration=2169, ncalls=22761, regioncalls=896840, ndraw=40, logz=-18.27, remainder_fraction=99.5741%, Lmin=-11.35, Lmax=-4.92
19:10:28 [ultranest] [DEBUG] iteration=2170, ncalls=22767, regioncalls=897080, ndraw=40, logz=-18.26, remainder_fraction=99.5683%, Lmin=-11.34, Lmax=-4.92
19:10:30 [ultranest] [DEBUG] iteration=2171, ncalls=22846, regioncalls=900720, ndraw=40, logz=-18.25, remainder_fraction=99.5645%, Lmin=-11.33, Lmax=-4.92
19:10:32 [ultranest] [DEBUG] iteration=2172, ncalls=22895, regioncalls=902800, ndraw=40, logz=-18.24, remainder_fraction=99.5589%, Lmin=-11.32, Lmax=-4.92
19:10:32 [ultranest] [DEBUG] iteration=2173, ncalls=22901, regioncalls=903040, ndraw=40, logz=-18.23, remainder_fraction=99.5531%, Lmin=-11.31, Lmax=-4.92
19:10:32 [ultranest] [DEBUG] iteration=2174, ncalls=22906, regioncalls=903240, ndraw=40, logz=-18.22, remainder_fraction=99.5471%, Lmin=-11.30, Lmax=-4.92
19:10:33 [ultranest] [DEBUG] iteration=2176, ncalls=22912, regioncalls=903480, ndraw=40, logz=-18.19, remainder_fraction=99.5352%, Lmin=-11.25, Lmax=-4.92
19:10:33 [ultranest] [DEBUG] iteration=2177, ncalls=22915, regioncalls=903600, ndraw=40, logz=-18.18, remainder_fraction=99.5301%, Lmin=-11.24, Lmax=-4.92
19:10:33 [ultranest] [DEBUG] iteration=2179, ncalls=22919, regioncalls=903760, ndraw=40, logz=-18.16, remainder_fraction=99.5185%, Lmin=-11.23, Lmax=-4.92
19:10:35 [ultranest] [DEBUG] iteration=2180, ncalls=22987, regioncalls=906680, ndraw=40, logz=-18.15, remainder_fraction=99.5120%, Lmin=-11.22, Lmax=-4.92
19:10:35 [ultranest] [DEBUG] iteration=2181, ncalls=22999, regioncalls=907160, ndraw=40, logz=-18.14, remainder_fraction=99.5053%, Lmin=-11.22, Lmax=-4.92
19:10:35 [ultranest] [DEBUG] iteration=2182, ncalls=23005, regioncalls=907400, ndraw=40, logz=-18.13, remainder_fraction=99.5055%, Lmin=-11.21, Lmax=-4.92
19:10:37 [ultranest] [DEBUG] iteration=2183, ncalls=23064, regioncalls=910160, ndraw=40, logz=-18.11, remainder_fraction=99.4989%, Lmin=-11.21, Lmax=-4.92
19:10:39 [ultranest] [DEBUG] iteration=2184, ncalls=23110, regioncalls=912240, ndraw=40, logz=-18.10, remainder_fraction=99.4924%, Lmin=-11.21, Lmax=-4.92
19:10:39 [ultranest] [DEBUG] iteration=2185, ncalls=23117, regioncalls=912520, ndraw=40, logz=-18.09, remainder_fraction=99.4856%, Lmin=-11.20, Lmax=-4.92
19:10:39 [ultranest] [DEBUG] iteration=2186, ncalls=23127, regioncalls=912920, ndraw=40, logz=-18.08, remainder_fraction=99.4790%, Lmin=-11.20, Lmax=-4.92
19:10:40 [ultranest] [DEBUG] iteration=2187, ncalls=23143, regioncalls=913560, ndraw=40, logz=-18.07, remainder_fraction=99.4722%, Lmin=-11.19, Lmax=-4.92
19:10:40 [ultranest] [DEBUG] iteration=2188, ncalls=23149, regioncalls=913800, ndraw=40, logz=-18.06, remainder_fraction=99.4686%, Lmin=-11.18, Lmax=-4.92
19:10:40 [ultranest] [DEBUG] iteration=2189, ncalls=23154, regioncalls=914000, ndraw=40, logz=-18.05, remainder_fraction=99.4629%, Lmin=-11.17, Lmax=-4.92
19:10:40 [ultranest] [DEBUG] iteration=2190, ncalls=23166, regioncalls=914480, ndraw=40, logz=-18.04, remainder_fraction=99.4562%, Lmin=-11.17, Lmax=-4.92
19:10:41 [ultranest] [DEBUG] iteration=2193, ncalls=23197, regioncalls=915800, ndraw=40, logz=-18.01, remainder_fraction=99.4413%, Lmin=-11.15, Lmax=-4.92
19:10:42 [ultranest] [DEBUG] iteration=2194, ncalls=23205, regioncalls=916120, ndraw=40, logz=-18.00, remainder_fraction=99.4385%, Lmin=-11.10, Lmax=-4.92
19:10:42 [ultranest] [DEBUG] iteration=2195, ncalls=23214, regioncalls=916480, ndraw=40, logz=-17.99, remainder_fraction=99.4352%, Lmin=-11.10, Lmax=-4.92
19:10:42 [ultranest] [DEBUG] iteration=2196, ncalls=23221, regioncalls=916760, ndraw=40, logz=-17.98, remainder_fraction=99.4282%, Lmin=-11.09, Lmax=-4.92
19:10:42 [ultranest] [DEBUG] iteration=2197, ncalls=23224, regioncalls=916880, ndraw=40, logz=-17.97, remainder_fraction=99.4208%, Lmin=-11.09, Lmax=-4.92
19:10:43 [ultranest] [DEBUG] iteration=2199, ncalls=23248, regioncalls=917840, ndraw=40, logz=-17.95, remainder_fraction=99.4139%, Lmin=-11.07, Lmax=-4.92
19:10:43 [ultranest] [DEBUG] iteration=2200, ncalls=23255, regioncalls=918120, ndraw=40, logz=-17.94, remainder_fraction=99.4065%, Lmin=-11.06, Lmax=-4.92
19:10:44 [ultranest] [DEBUG] iteration=2201, ncalls=23303, regioncalls=920840, ndraw=40, logz=-17.93, remainder_fraction=99.3996%, Lmin=-11.06, Lmax=-4.92
19:10:46 [ultranest] [DEBUG] iteration=2202, ncalls=23337, regioncalls=922840, ndraw=40, logz=-17.92, remainder_fraction=99.3923%, Lmin=-11.05, Lmax=-4.92
19:10:46 [ultranest] [DEBUG] iteration=2203, ncalls=23369, regioncalls=924440, ndraw=40, logz=-17.91, remainder_fraction=99.3848%, Lmin=-11.04, Lmax=-4.92
19:10:47 [ultranest] [DEBUG] iteration=2204, ncalls=23379, regioncalls=924840, ndraw=40, logz=-17.90, remainder_fraction=99.3845%, Lmin=-11.01, Lmax=-4.92
19:10:47 [ultranest] [DEBUG] iteration=2205, ncalls=23390, regioncalls=925280, ndraw=40, logz=-17.89, remainder_fraction=99.3796%, Lmin=-11.01, Lmax=-4.92
19:10:47 [ultranest] [DEBUG] iteration=2206, ncalls=23395, regioncalls=925480, ndraw=40, logz=-17.88, remainder_fraction=99.3719%, Lmin=-11.01, Lmax=-4.92
19:10:48 [ultranest] [DEBUG] iteration=2207, ncalls=23409, regioncalls=926040, ndraw=40, logz=-17.87, remainder_fraction=99.3646%, Lmin=-11.00, Lmax=-4.92
19:10:48 [ultranest] [DEBUG] iteration=2208, ncalls=23420, regioncalls=926480, ndraw=40, logz=-17.86, remainder_fraction=99.3569%, Lmin=-10.99, Lmax=-4.92
19:10:49 [ultranest] [DEBUG] iteration=2209, ncalls=23459, regioncalls=928040, ndraw=40, logz=-17.85, remainder_fraction=99.3499%, Lmin=-10.97, Lmax=-4.92
19:10:50 [ultranest] [DEBUG] iteration=2210, ncalls=23496, regioncalls=929680, ndraw=40, logz=-17.84, remainder_fraction=99.3447%, Lmin=-10.95, Lmax=-4.92
19:10:51 [ultranest] [DEBUG] iteration=2211, ncalls=23523, regioncalls=930880, ndraw=40, logz=-17.83, remainder_fraction=99.3368%, Lmin=-10.93, Lmax=-4.92
19:10:52 [ultranest] [DEBUG] iteration=2212, ncalls=23557, regioncalls=932360, ndraw=40, logz=-17.82, remainder_fraction=99.3287%, Lmin=-10.91, Lmax=-4.92
19:10:53 [ultranest] [DEBUG] iteration=2213, ncalls=23561, regioncalls=932520, ndraw=40, logz=-17.81, remainder_fraction=99.3207%, Lmin=-10.91, Lmax=-4.92
19:10:53 [ultranest] [DEBUG] iteration=2214, ncalls=23581, regioncalls=933320, ndraw=40, logz=-17.80, remainder_fraction=99.3123%, Lmin=-10.89, Lmax=-4.92
19:10:53 [ultranest] [DEBUG] iteration=2215, ncalls=23587, regioncalls=933560, ndraw=40, logz=-17.79, remainder_fraction=99.3044%, Lmin=-10.86, Lmax=-4.92
19:10:53 [ultranest] [DEBUG] iteration=2216, ncalls=23593, regioncalls=933920, ndraw=40, logz=-17.78, remainder_fraction=99.2966%, Lmin=-10.85, Lmax=-4.92
19:10:53 [ultranest] [DEBUG] iteration=2217, ncalls=23596, regioncalls=934040, ndraw=40, logz=-17.77, remainder_fraction=99.2877%, Lmin=-10.84, Lmax=-4.92
19:10:54 [ultranest] [DEBUG] iteration=2218, ncalls=23612, regioncalls=935040, ndraw=40, logz=-17.76, remainder_fraction=99.2790%, Lmin=-10.84, Lmax=-4.92
19:10:55 [ultranest] [DEBUG] iteration=2219, ncalls=23650, regioncalls=936560, ndraw=40, logz=-17.75, remainder_fraction=99.2708%, Lmin=-10.84, Lmax=-4.92
19:10:57 [ultranest] [DEBUG] iteration=2220, ncalls=23719, regioncalls=940440, ndraw=40, logz=-17.74, remainder_fraction=99.2618%, Lmin=-10.83, Lmax=-4.92
19:10:57 [ultranest] [DEBUG] iteration=2221, ncalls=23722, regioncalls=940560, ndraw=40, logz=-17.73, remainder_fraction=99.2547%, Lmin=-10.82, Lmax=-4.92
19:10:58 [ultranest] [DEBUG] iteration=2222, ncalls=23742, regioncalls=941360, ndraw=40, logz=-17.72, remainder_fraction=99.2455%, Lmin=-10.81, Lmax=-4.92
19:10:58 [ultranest] [DEBUG] iteration=2223, ncalls=23751, regioncalls=941720, ndraw=40, logz=-17.71, remainder_fraction=99.2367%, Lmin=-10.81, Lmax=-4.92
19:10:59 [ultranest] [DEBUG] iteration=2224, ncalls=23766, regioncalls=942320, ndraw=40, logz=-17.70, remainder_fraction=99.2287%, Lmin=-10.80, Lmax=-4.92
19:10:59 [ultranest] [DEBUG] iteration=2225, ncalls=23775, regioncalls=942680, ndraw=40, logz=-17.69, remainder_fraction=99.2207%, Lmin=-10.79, Lmax=-4.92
19:10:59 [ultranest] [DEBUG] iteration=2226, ncalls=23789, regioncalls=943640, ndraw=40, logz=-17.68, remainder_fraction=99.2112%, Lmin=-10.78, Lmax=-4.92
19:11:00 [ultranest] [DEBUG] iteration=2227, ncalls=23809, regioncalls=944680, ndraw=40, logz=-17.67, remainder_fraction=99.2021%, Lmin=-10.77, Lmax=-4.92
19:11:01 [ultranest] [DEBUG] iteration=2228, ncalls=23833, regioncalls=945880, ndraw=40, logz=-17.66, remainder_fraction=99.1951%, Lmin=-10.76, Lmax=-4.92
19:11:03 [ultranest] [DEBUG] iteration=2229, ncalls=23908, regioncalls=949200, ndraw=40, logz=-17.65, remainder_fraction=99.1881%, Lmin=-10.76, Lmax=-4.92
19:11:03 [ultranest] [DEBUG] iteration=2230, ncalls=23912, regioncalls=949360, ndraw=40, logz=-17.64, remainder_fraction=99.1793%, Lmin=-10.74, Lmax=-4.92
19:11:03 [ultranest] [DEBUG] iteration=2232, ncalls=23921, regioncalls=949720, ndraw=40, logz=-17.62, remainder_fraction=99.1598%, Lmin=-10.72, Lmax=-4.92
19:11:04 [ultranest] [DEBUG] iteration=2233, ncalls=23949, regioncalls=950840, ndraw=40, logz=-17.61, remainder_fraction=99.1498%, Lmin=-10.70, Lmax=-4.92
19:11:05 [ultranest] [DEBUG] iteration=2234, ncalls=23968, regioncalls=951600, ndraw=40, logz=-17.60, remainder_fraction=99.1400%, Lmin=-10.70, Lmax=-4.92
19:11:06 [ultranest] [DEBUG] iteration=2235, ncalls=23996, regioncalls=953200, ndraw=40, logz=-17.59, remainder_fraction=99.1304%, Lmin=-10.65, Lmax=-4.92
19:11:07 [ultranest] [DEBUG] iteration=2237, ncalls=24045, regioncalls=955160, ndraw=40, logz=-17.57, remainder_fraction=99.1108%, Lmin=-10.61, Lmax=-4.92
19:11:07 [ultranest] [DEBUG] iteration=2238, ncalls=24055, regioncalls=955560, ndraw=40, logz=-17.56, remainder_fraction=99.1010%, Lmin=-10.61, Lmax=-4.92
19:11:08 [ultranest] [DEBUG] iteration=2239, ncalls=24083, regioncalls=956680, ndraw=40, logz=-17.55, remainder_fraction=99.0935%, Lmin=-10.61, Lmax=-4.92
19:11:12 [ultranest] [DEBUG] iteration=2240, ncalls=24212, regioncalls=962560, ndraw=40, logz=-17.54, remainder_fraction=99.0826%, Lmin=-10.60, Lmax=-4.92
19:11:13 [ultranest] [DEBUG] iteration=2241, ncalls=24221, regioncalls=962920, ndraw=40, logz=-17.53, remainder_fraction=99.0727%, Lmin=-10.60, Lmax=-4.92
19:11:13 [ultranest] [DEBUG] iteration=2242, ncalls=24229, regioncalls=963240, ndraw=40, logz=-17.52, remainder_fraction=99.0625%, Lmin=-10.60, Lmax=-4.92
19:11:16 [ultranest] [DEBUG] iteration=2243, ncalls=24320, regioncalls=967200, ndraw=40, logz=-17.51, remainder_fraction=99.0513%, Lmin=-10.60, Lmax=-4.92
19:11:16 [ultranest] [DEBUG] iteration=2245, ncalls=24331, regioncalls=967720, ndraw=40, logz=-17.49, remainder_fraction=99.0304%, Lmin=-10.59, Lmax=-4.92
19:11:16 [ultranest] [DEBUG] iteration=2246, ncalls=24337, regioncalls=967960, ndraw=40, logz=-17.48, remainder_fraction=99.0191%, Lmin=-10.59, Lmax=-4.92
19:11:17 [ultranest] [DEBUG] iteration=2247, ncalls=24353, regioncalls=968600, ndraw=40, logz=-17.47, remainder_fraction=99.0078%, Lmin=-10.58, Lmax=-4.92
19:11:18 [ultranest] [DEBUG] iteration=2248, ncalls=24406, regioncalls=971280, ndraw=40, logz=-17.47, remainder_fraction=99.0073%, Lmin=-10.56, Lmax=-4.92
19:11:19 [ultranest] [DEBUG] iteration=2249, ncalls=24412, regioncalls=971520, ndraw=40, logz=-17.46, remainder_fraction=99.0002%, Lmin=-10.53, Lmax=-4.92
19:11:19 [ultranest] [DEBUG] iteration=2250, ncalls=24421, regioncalls=971880, ndraw=40, logz=-17.45, remainder_fraction=98.9912%, Lmin=-10.53, Lmax=-4.92
19:11:19 [ultranest] [DEBUG] iteration=2251, ncalls=24437, regioncalls=972520, ndraw=40, logz=-17.44, remainder_fraction=98.9795%, Lmin=-10.52, Lmax=-4.92
19:11:20 [ultranest] [DEBUG] iteration=2252, ncalls=24445, regioncalls=972840, ndraw=40, logz=-17.43, remainder_fraction=98.9676%, Lmin=-10.52, Lmax=-4.92
19:11:20 [ultranest] [DEBUG] iteration=2253, ncalls=24456, regioncalls=973280, ndraw=40, logz=-17.42, remainder_fraction=98.9575%, Lmin=-10.50, Lmax=-4.92
19:11:20 [ultranest] [DEBUG] iteration=2254, ncalls=24465, regioncalls=973760, ndraw=40, logz=-17.41, remainder_fraction=98.9461%, Lmin=-10.49, Lmax=-4.92
19:11:21 [ultranest] [DEBUG] iteration=2255, ncalls=24477, regioncalls=974240, ndraw=40, logz=-17.40, remainder_fraction=98.9348%, Lmin=-10.46, Lmax=-4.92
19:11:21 [ultranest] [DEBUG] iteration=2256, ncalls=24490, regioncalls=974760, ndraw=40, logz=-17.39, remainder_fraction=98.9234%, Lmin=-10.44, Lmax=-4.92
19:11:21 [ultranest] [DEBUG] iteration=2257, ncalls=24500, regioncalls=975160, ndraw=40, logz=-17.38, remainder_fraction=98.9119%, Lmin=-10.42, Lmax=-4.92
19:11:21 [ultranest] [DEBUG] iteration=2258, ncalls=24507, regioncalls=975440, ndraw=40, logz=-17.37, remainder_fraction=98.9077%, Lmin=-10.42, Lmax=-4.92
19:11:23 [ultranest] [DEBUG] iteration=2259, ncalls=24556, regioncalls=977600, ndraw=40, logz=-17.36, remainder_fraction=98.8965%, Lmin=-10.42, Lmax=-4.92
19:11:24 [ultranest] [DEBUG] iteration=2260, ncalls=24591, regioncalls=979320, ndraw=40, logz=-17.35, remainder_fraction=98.8848%, Lmin=-10.40, Lmax=-4.92
19:11:25 [ultranest] [DEBUG] iteration=2261, ncalls=24616, regioncalls=980360, ndraw=40, logz=-17.34, remainder_fraction=98.8719%, Lmin=-10.39, Lmax=-4.92
19:11:25 [ultranest] [DEBUG] iteration=2262, ncalls=24623, regioncalls=980880, ndraw=40, logz=-17.33, remainder_fraction=98.8598%, Lmin=-10.39, Lmax=-4.92
19:11:27 [ultranest] [DEBUG] iteration=2263, ncalls=24678, regioncalls=983320, ndraw=40, logz=-17.33, remainder_fraction=98.8468%, Lmin=-10.37, Lmax=-4.92
19:11:28 [ultranest] [DEBUG] iteration=2264, ncalls=24708, regioncalls=984520, ndraw=40, logz=-17.32, remainder_fraction=98.8332%, Lmin=-10.37, Lmax=-4.92
19:11:28 [ultranest] [DEBUG] iteration=2265, ncalls=24726, regioncalls=985280, ndraw=40, logz=-17.31, remainder_fraction=98.8291%, Lmin=-10.35, Lmax=-4.92
19:11:29 [ultranest] [DEBUG] iteration=2266, ncalls=24741, regioncalls=985960, ndraw=40, logz=-17.30, remainder_fraction=98.8171%, Lmin=-10.34, Lmax=-4.92
19:11:30 [ultranest] [DEBUG] iteration=2267, ncalls=24776, regioncalls=987520, ndraw=40, logz=-17.29, remainder_fraction=98.8123%, Lmin=-10.34, Lmax=-4.92
19:11:30 [ultranest] [DEBUG] iteration=2268, ncalls=24790, regioncalls=988080, ndraw=40, logz=-17.28, remainder_fraction=98.7984%, Lmin=-10.33, Lmax=-4.92
19:11:30 [ultranest] [DEBUG] iteration=2269, ncalls=24795, regioncalls=988280, ndraw=40, logz=-17.27, remainder_fraction=98.7848%, Lmin=-10.33, Lmax=-4.92
19:11:30 [ultranest] [DEBUG] iteration=2270, ncalls=24801, regioncalls=988520, ndraw=40, logz=-17.26, remainder_fraction=98.7708%, Lmin=-10.32, Lmax=-4.92
19:11:31 [ultranest] [DEBUG] iteration=2271, ncalls=24805, regioncalls=988680, ndraw=40, logz=-17.25, remainder_fraction=98.7574%, Lmin=-10.32, Lmax=-4.92
19:11:31 [ultranest] [DEBUG] iteration=2272, ncalls=24823, regioncalls=989400, ndraw=40, logz=-17.24, remainder_fraction=98.7433%, Lmin=-10.32, Lmax=-4.92
19:11:31 [ultranest] [DEBUG] iteration=2273, ncalls=24833, regioncalls=990040, ndraw=40, logz=-17.23, remainder_fraction=98.7326%, Lmin=-10.32, Lmax=-4.92
19:11:32 [ultranest] [DEBUG] iteration=2274, ncalls=24842, regioncalls=990440, ndraw=40, logz=-17.23, remainder_fraction=98.7186%, Lmin=-10.32, Lmax=-4.92
19:11:32 [ultranest] [DEBUG] iteration=2275, ncalls=24850, regioncalls=990760, ndraw=40, logz=-17.22, remainder_fraction=98.7093%, Lmin=-10.32, Lmax=-4.92
19:11:33 [ultranest] [DEBUG] iteration=2276, ncalls=24872, regioncalls=991760, ndraw=40, logz=-17.21, remainder_fraction=98.6952%, Lmin=-10.31, Lmax=-4.92
19:11:34 [ultranest] [DEBUG] iteration=2278, ncalls=24908, regioncalls=993200, ndraw=40, logz=-17.19, remainder_fraction=98.6947%, Lmin=-10.31, Lmax=-4.92
19:11:34 [ultranest] [DEBUG] iteration=2279, ncalls=24917, regioncalls=993560, ndraw=40, logz=-17.18, remainder_fraction=98.6809%, Lmin=-10.30, Lmax=-4.92
19:11:34 [ultranest] [DEBUG] iteration=2280, ncalls=24920, regioncalls=993680, ndraw=40, logz=-17.17, remainder_fraction=98.6701%, Lmin=-10.29, Lmax=-4.92
19:11:35 [ultranest] [DEBUG] iteration=2281, ncalls=24937, regioncalls=994360, ndraw=40, logz=-17.17, remainder_fraction=98.6558%, Lmin=-10.28, Lmax=-4.92
19:11:35 [ultranest] [DEBUG] iteration=2282, ncalls=24951, regioncalls=995160, ndraw=40, logz=-17.16, remainder_fraction=98.6459%, Lmin=-10.28, Lmax=-4.92
19:11:36 [ultranest] [DEBUG] iteration=2283, ncalls=24982, regioncalls=996400, ndraw=40, logz=-17.15, remainder_fraction=98.6316%, Lmin=-10.27, Lmax=-4.92
19:11:37 [ultranest] [DEBUG] iteration=2284, ncalls=25007, regioncalls=997400, ndraw=40, logz=-17.14, remainder_fraction=98.6175%, Lmin=-10.27, Lmax=-4.92
19:11:37 [ultranest] [DEBUG] iteration=2285, ncalls=25021, regioncalls=997960, ndraw=40, logz=-17.13, remainder_fraction=98.6029%, Lmin=-10.25, Lmax=-4.92
19:11:37 [ultranest] [DEBUG] iteration=2286, ncalls=25032, regioncalls=998400, ndraw=40, logz=-17.12, remainder_fraction=98.5889%, Lmin=-10.25, Lmax=-4.92
19:11:38 [ultranest] [DEBUG] iteration=2287, ncalls=25046, regioncalls=998960, ndraw=40, logz=-17.12, remainder_fraction=98.5756%, Lmin=-10.21, Lmax=-4.92
19:11:39 [ultranest] [DEBUG] iteration=2288, ncalls=25093, regioncalls=1001000, ndraw=40, logz=-17.11, remainder_fraction=98.5635%, Lmin=-10.21, Lmax=-4.92
19:11:41 [ultranest] [DEBUG] iteration=2289, ncalls=25148, regioncalls=1003840, ndraw=40, logz=-17.10, remainder_fraction=98.5484%, Lmin=-10.20, Lmax=-4.92
19:11:41 [ultranest] [DEBUG] iteration=2290, ncalls=25162, regioncalls=1004480, ndraw=40, logz=-17.09, remainder_fraction=98.5454%, Lmin=-10.13, Lmax=-4.92
19:11:42 [ultranest] [DEBUG] iteration=2291, ncalls=25172, regioncalls=1004880, ndraw=40, logz=-17.08, remainder_fraction=98.5318%, Lmin=-10.13, Lmax=-4.92
19:11:42 [ultranest] [DEBUG] iteration=2292, ncalls=25191, regioncalls=1005840, ndraw=40, logz=-17.07, remainder_fraction=98.5154%, Lmin=-10.13, Lmax=-4.92
19:11:43 [ultranest] [DEBUG] iteration=2293, ncalls=25207, regioncalls=1006480, ndraw=40, logz=-17.06, remainder_fraction=98.4992%, Lmin=-10.12, Lmax=-4.92
19:11:44 [ultranest] [DEBUG] iteration=2294, ncalls=25250, regioncalls=1009160, ndraw=40, logz=-17.06, remainder_fraction=98.4844%, Lmin=-10.12, Lmax=-4.92
19:11:45 [ultranest] [DEBUG] iteration=2295, ncalls=25268, regioncalls=1009920, ndraw=40, logz=-17.05, remainder_fraction=98.4679%, Lmin=-10.11, Lmax=-4.92
19:11:45 [ultranest] [DEBUG] iteration=2296, ncalls=25281, regioncalls=1010440, ndraw=40, logz=-17.04, remainder_fraction=98.4517%, Lmin=-10.10, Lmax=-4.92
19:11:47 [ultranest] [DEBUG] iteration=2297, ncalls=25338, regioncalls=1012800, ndraw=40, logz=-17.03, remainder_fraction=98.4481%, Lmin=-10.09, Lmax=-4.92
19:11:48 [ultranest] [DEBUG] iteration=2299, ncalls=25366, regioncalls=1013960, ndraw=40, logz=-17.01, remainder_fraction=98.4163%, Lmin=-10.08, Lmax=-4.92
19:11:48 [ultranest] [DEBUG] iteration=2300, ncalls=25375, regioncalls=1014400, ndraw=40, logz=-17.01, remainder_fraction=98.4059%, Lmin=-10.07, Lmax=-4.92
19:11:48 [ultranest] [DEBUG] iteration=2302, ncalls=25389, regioncalls=1014960, ndraw=40, logz=-16.99, remainder_fraction=98.4098%, Lmin=-10.06, Lmax=-4.92
19:11:49 [ultranest] [DEBUG] iteration=2303, ncalls=25405, regioncalls=1015600, ndraw=40, logz=-16.98, remainder_fraction=98.3948%, Lmin=-10.06, Lmax=-4.92
19:11:49 [ultranest] [DEBUG] iteration=2304, ncalls=25414, regioncalls=1015960, ndraw=40, logz=-16.97, remainder_fraction=98.3778%, Lmin=-10.05, Lmax=-4.92
19:11:50 [ultranest] [DEBUG] iteration=2305, ncalls=25426, regioncalls=1016440, ndraw=40, logz=-16.96, remainder_fraction=98.3611%, Lmin=-10.02, Lmax=-4.92
19:11:50 [ultranest] [DEBUG] iteration=2306, ncalls=25429, regioncalls=1016560, ndraw=40, logz=-16.96, remainder_fraction=98.3445%, Lmin=-10.02, Lmax=-4.92
19:11:51 [ultranest] [DEBUG] iteration=2308, ncalls=25454, regioncalls=1017560, ndraw=40, logz=-16.94, remainder_fraction=98.3142%, Lmin=-10.02, Lmax=-4.92
19:11:52 [ultranest] [DEBUG] iteration=2309, ncalls=25485, regioncalls=1018880, ndraw=40, logz=-16.93, remainder_fraction=98.2986%, Lmin=-10.01, Lmax=-4.92
19:11:52 [ultranest] [DEBUG] iteration=2310, ncalls=25492, regioncalls=1019160, ndraw=40, logz=-16.92, remainder_fraction=98.2910%, Lmin=-10.00, Lmax=-4.92
19:11:53 [ultranest] [DEBUG] iteration=2311, ncalls=25526, regioncalls=1020520, ndraw=40, logz=-16.92, remainder_fraction=98.3009%, Lmin=-9.98, Lmax=-4.92
19:11:55 [ultranest] [DEBUG] iteration=2312, ncalls=25579, regioncalls=1022680, ndraw=40, logz=-16.91, remainder_fraction=98.2884%, Lmin=-9.98, Lmax=-4.92
19:11:56 [ultranest] [DEBUG] iteration=2313, ncalls=25622, regioncalls=1024720, ndraw=40, logz=-16.90, remainder_fraction=98.2769%, Lmin=-9.98, Lmax=-4.92
19:11:57 [ultranest] [DEBUG] iteration=2314, ncalls=25663, regioncalls=1026960, ndraw=40, logz=-16.89, remainder_fraction=98.2628%, Lmin=-9.98, Lmax=-4.92
19:11:57 [ultranest] [DEBUG] iteration=2315, ncalls=25669, regioncalls=1027200, ndraw=40, logz=-16.88, remainder_fraction=98.2453%, Lmin=-9.97, Lmax=-4.92
19:11:59 [ultranest] [DEBUG] iteration=2316, ncalls=25708, regioncalls=1028880, ndraw=40, logz=-16.88, remainder_fraction=98.2292%, Lmin=-9.97, Lmax=-4.92
19:11:59 [ultranest] [DEBUG] iteration=2317, ncalls=25713, regioncalls=1029080, ndraw=40, logz=-16.87, remainder_fraction=98.2205%, Lmin=-9.95, Lmax=-4.92
19:12:01 [ultranest] [DEBUG] iteration=2318, ncalls=25773, regioncalls=1031720, ndraw=40, logz=-16.86, remainder_fraction=98.2024%, Lmin=-9.93, Lmax=-4.92
19:12:01 [ultranest] [DEBUG] iteration=2319, ncalls=25797, regioncalls=1032680, ndraw=40, logz=-16.85, remainder_fraction=98.1913%, Lmin=-9.93, Lmax=-4.92
19:12:02 [ultranest] [DEBUG] iteration=2320, ncalls=25823, regioncalls=1033720, ndraw=40, logz=-16.84, remainder_fraction=98.1873%, Lmin=-9.93, Lmax=-4.92
19:12:03 [ultranest] [DEBUG] iteration=2321, ncalls=25842, regioncalls=1034840, ndraw=40, logz=-16.84, remainder_fraction=98.1695%, Lmin=-9.92, Lmax=-4.92
19:12:03 [ultranest] [DEBUG] iteration=2322, ncalls=25864, regioncalls=1035760, ndraw=40, logz=-16.83, remainder_fraction=98.1525%, Lmin=-9.91, Lmax=-4.92
19:12:04 [ultranest] [DEBUG] iteration=2323, ncalls=25873, regioncalls=1036120, ndraw=40, logz=-16.82, remainder_fraction=98.1338%, Lmin=-9.90, Lmax=-4.92
19:12:04 [ultranest] [DEBUG] iteration=2324, ncalls=25884, regioncalls=1036560, ndraw=40, logz=-16.81, remainder_fraction=98.1208%, Lmin=-9.90, Lmax=-4.92
19:12:05 [ultranest] [DEBUG] iteration=2325, ncalls=25921, regioncalls=1038040, ndraw=40, logz=-16.81, remainder_fraction=98.1020%, Lmin=-9.90, Lmax=-4.92
19:12:05 [ultranest] [DEBUG] iteration=2326, ncalls=25927, regioncalls=1038280, ndraw=40, logz=-16.80, remainder_fraction=98.0830%, Lmin=-9.89, Lmax=-4.92
19:12:07 [ultranest] [DEBUG] iteration=2327, ncalls=25971, regioncalls=1040040, ndraw=40, logz=-16.79, remainder_fraction=98.0651%, Lmin=-9.88, Lmax=-4.92
19:12:08 [ultranest] [DEBUG] iteration=2328, ncalls=25997, regioncalls=1041280, ndraw=40, logz=-16.78, remainder_fraction=98.0476%, Lmin=-9.88, Lmax=-4.92
19:12:08 [ultranest] [DEBUG] iteration=2329, ncalls=26007, regioncalls=1041960, ndraw=40, logz=-16.77, remainder_fraction=98.0293%, Lmin=-9.86, Lmax=-4.92
19:12:09 [ultranest] [DEBUG] iteration=2330, ncalls=26027, regioncalls=1042840, ndraw=40, logz=-16.77, remainder_fraction=98.0201%, Lmin=-9.85, Lmax=-4.92
19:12:11 [ultranest] [DEBUG] iteration=2331, ncalls=26097, regioncalls=1046320, ndraw=40, logz=-16.76, remainder_fraction=98.0030%, Lmin=-9.82, Lmax=-4.92
19:12:11 [ultranest] [DEBUG] iteration=2332, ncalls=26116, regioncalls=1047520, ndraw=40, logz=-16.75, remainder_fraction=97.9837%, Lmin=-9.82, Lmax=-4.92
19:12:12 [ultranest] [DEBUG] iteration=2333, ncalls=26151, regioncalls=1048920, ndraw=40, logz=-16.74, remainder_fraction=97.9710%, Lmin=-9.81, Lmax=-4.92
19:12:13 [ultranest] [DEBUG] iteration=2334, ncalls=26179, regioncalls=1050320, ndraw=40, logz=-16.74, remainder_fraction=97.9519%, Lmin=-9.81, Lmax=-4.92
19:12:14 [ultranest] [DEBUG] iteration=2335, ncalls=26209, regioncalls=1051520, ndraw=40, logz=-16.73, remainder_fraction=97.9319%, Lmin=-9.80, Lmax=-4.92
19:12:15 [ultranest] [DEBUG] iteration=2336, ncalls=26223, regioncalls=1052080, ndraw=40, logz=-16.72, remainder_fraction=97.9113%, Lmin=-9.80, Lmax=-4.92
19:12:15 [ultranest] [DEBUG] iteration=2337, ncalls=26233, regioncalls=1052480, ndraw=40, logz=-16.71, remainder_fraction=97.8920%, Lmin=-9.79, Lmax=-4.92
19:12:16 [ultranest] [DEBUG] iteration=2339, ncalls=26276, regioncalls=1054240, ndraw=40, logz=-16.70, remainder_fraction=97.8556%, Lmin=-9.77, Lmax=-4.92
19:12:17 [ultranest] [DEBUG] iteration=2340, ncalls=26297, regioncalls=1055080, ndraw=40, logz=-16.69, remainder_fraction=97.8402%, Lmin=-9.76, Lmax=-4.92
19:12:17 [ultranest] [DEBUG] iteration=2341, ncalls=26304, regioncalls=1055360, ndraw=40, logz=-16.68, remainder_fraction=97.8230%, Lmin=-9.76, Lmax=-4.92
19:12:19 [ultranest] [DEBUG] iteration=2342, ncalls=26355, regioncalls=1057640, ndraw=40, logz=-16.68, remainder_fraction=97.8232%, Lmin=-9.75, Lmax=-4.92
19:12:20 [ultranest] [DEBUG] iteration=2343, ncalls=26410, regioncalls=1059960, ndraw=40, logz=-16.67, remainder_fraction=97.8024%, Lmin=-9.73, Lmax=-4.92
19:12:23 [ultranest] [DEBUG] iteration=2344, ncalls=26507, regioncalls=1064480, ndraw=40, logz=-16.66, remainder_fraction=97.7843%, Lmin=-9.72, Lmax=-4.92
19:12:26 [ultranest] [DEBUG] iteration=2345, ncalls=26598, regioncalls=1068360, ndraw=40, logz=-16.65, remainder_fraction=97.7637%, Lmin=-9.71, Lmax=-4.92
19:12:27 [ultranest] [DEBUG] iteration=2346, ncalls=26617, regioncalls=1069200, ndraw=40, logz=-16.65, remainder_fraction=97.7466%, Lmin=-9.71, Lmax=-4.92
19:12:27 [ultranest] [DEBUG] iteration=2348, ncalls=26623, regioncalls=1069640, ndraw=40, logz=-16.63, remainder_fraction=97.7058%, Lmin=-9.68, Lmax=-4.92
19:12:30 [ultranest] [DEBUG] iteration=2349, ncalls=26732, regioncalls=1074040, ndraw=40, logz=-16.62, remainder_fraction=97.6838%, Lmin=-9.67, Lmax=-4.92
19:12:31 [ultranest] [DEBUG] iteration=2350, ncalls=26755, regioncalls=1075040, ndraw=40, logz=-16.62, remainder_fraction=97.6637%, Lmin=-9.67, Lmax=-4.92
19:12:31 [ultranest] [DEBUG] iteration=2351, ncalls=26759, regioncalls=1075440, ndraw=40, logz=-16.61, remainder_fraction=97.6431%, Lmin=-9.66, Lmax=-4.92
19:12:34 [ultranest] [DEBUG] iteration=2353, ncalls=26846, regioncalls=1079000, ndraw=40, logz=-16.59, remainder_fraction=97.6012%, Lmin=-9.64, Lmax=-4.92
19:12:34 [ultranest] [DEBUG] iteration=2354, ncalls=26853, regioncalls=1079280, ndraw=40, logz=-16.59, remainder_fraction=97.5779%, Lmin=-9.62, Lmax=-4.92
19:12:34 [ultranest] [DEBUG] iteration=2355, ncalls=26865, regioncalls=1079760, ndraw=40, logz=-16.58, remainder_fraction=97.5721%, Lmin=-9.61, Lmax=-4.92
19:12:36 [ultranest] [DEBUG] iteration=2356, ncalls=26901, regioncalls=1081200, ndraw=40, logz=-16.57, remainder_fraction=97.5492%, Lmin=-9.60, Lmax=-4.92
19:12:38 [ultranest] [DEBUG] iteration=2357, ncalls=26982, regioncalls=1084960, ndraw=40, logz=-16.56, remainder_fraction=97.5485%, Lmin=-9.57, Lmax=-4.92
19:12:39 [ultranest] [DEBUG] iteration=2358, ncalls=27015, regioncalls=1086280, ndraw=40, logz=-16.56, remainder_fraction=97.5241%, Lmin=-9.57, Lmax=-4.92
19:12:39 [ultranest] [DEBUG] iteration=2359, ncalls=27021, regioncalls=1086520, ndraw=40, logz=-16.55, remainder_fraction=97.5099%, Lmin=-9.53, Lmax=-4.92
19:12:40 [ultranest] [DEBUG] iteration=2360, ncalls=27026, regioncalls=1086720, ndraw=40, logz=-16.54, remainder_fraction=97.4853%, Lmin=-9.52, Lmax=-4.92
19:12:41 [ultranest] [DEBUG] iteration=2361, ncalls=27067, regioncalls=1088400, ndraw=40, logz=-16.53, remainder_fraction=97.4611%, Lmin=-9.52, Lmax=-4.92
19:12:42 [ultranest] [DEBUG] iteration=2363, ncalls=27092, regioncalls=1089480, ndraw=40, logz=-16.52, remainder_fraction=97.4173%, Lmin=-9.51, Lmax=-4.92
19:12:42 [ultranest] [DEBUG] iteration=2364, ncalls=27113, regioncalls=1090400, ndraw=40, logz=-16.51, remainder_fraction=97.3952%, Lmin=-9.50, Lmax=-4.92
19:12:43 [ultranest] [DEBUG] iteration=2365, ncalls=27116, regioncalls=1090520, ndraw=40, logz=-16.50, remainder_fraction=97.3696%, Lmin=-9.50, Lmax=-4.92
19:12:43 [ultranest] [DEBUG] iteration=2366, ncalls=27123, regioncalls=1090800, ndraw=40, logz=-16.49, remainder_fraction=97.3439%, Lmin=-9.50, Lmax=-4.92
19:12:43 [ultranest] [DEBUG] iteration=2367, ncalls=27128, regioncalls=1091000, ndraw=40, logz=-16.49, remainder_fraction=97.3181%, Lmin=-9.49, Lmax=-4.92
19:12:44 [ultranest] [DEBUG] iteration=2368, ncalls=27168, regioncalls=1092640, ndraw=40, logz=-16.48, remainder_fraction=97.2936%, Lmin=-9.49, Lmax=-4.92
19:12:47 [ultranest] [DEBUG] iteration=2369, ncalls=27275, regioncalls=1098440, ndraw=40, logz=-16.47, remainder_fraction=97.2701%, Lmin=-9.49, Lmax=-4.92
19:12:49 [ultranest] [DEBUG] iteration=2370, ncalls=27328, regioncalls=1100720, ndraw=40, logz=-16.46, remainder_fraction=97.2450%, Lmin=-9.48, Lmax=-4.92
19:12:50 [ultranest] [DEBUG] iteration=2371, ncalls=27360, regioncalls=1102160, ndraw=40, logz=-16.46, remainder_fraction=97.2188%, Lmin=-9.45, Lmax=-4.92
19:12:51 [ultranest] [DEBUG] iteration=2372, ncalls=27388, regioncalls=1103400, ndraw=40, logz=-16.45, remainder_fraction=97.1922%, Lmin=-9.44, Lmax=-4.92
19:12:51 [ultranest] [DEBUG] iteration=2373, ncalls=27401, regioncalls=1103920, ndraw=40, logz=-16.44, remainder_fraction=97.1669%, Lmin=-9.42, Lmax=-4.92
19:12:53 [ultranest] [DEBUG] iteration=2374, ncalls=27440, regioncalls=1105600, ndraw=40, logz=-16.43, remainder_fraction=97.1421%, Lmin=-9.41, Lmax=-4.92
19:12:54 [ultranest] [DEBUG] iteration=2375, ncalls=27495, regioncalls=1108840, ndraw=40, logz=-16.43, remainder_fraction=97.1216%, Lmin=-9.40, Lmax=-4.92
19:12:55 [ultranest] [DEBUG] iteration=2376, ncalls=27515, regioncalls=1109640, ndraw=40, logz=-16.42, remainder_fraction=97.0933%, Lmin=-9.39, Lmax=-4.92
19:12:56 [ultranest] [DEBUG] iteration=2377, ncalls=27532, regioncalls=1110320, ndraw=40, logz=-16.41, remainder_fraction=97.0665%, Lmin=-9.38, Lmax=-4.92
19:12:56 [ultranest] [DEBUG] iteration=2379, ncalls=27538, regioncalls=1110560, ndraw=40, logz=-16.40, remainder_fraction=97.0238%, Lmin=-9.37, Lmax=-4.92
19:12:57 [ultranest] [DEBUG] iteration=2380, ncalls=27581, regioncalls=1112560, ndraw=40, logz=-16.39, remainder_fraction=96.9970%, Lmin=-9.37, Lmax=-4.92
19:12:59 [ultranest] [DEBUG] iteration=2381, ncalls=27649, regioncalls=1115280, ndraw=40, logz=-16.38, remainder_fraction=96.9696%, Lmin=-9.36, Lmax=-4.92
19:13:01 [ultranest] [DEBUG] iteration=2383, ncalls=27695, regioncalls=1117280, ndraw=40, logz=-16.37, remainder_fraction=96.9129%, Lmin=-9.33, Lmax=-4.92
19:13:01 [ultranest] [DEBUG] iteration=2384, ncalls=27710, regioncalls=1117960, ndraw=40, logz=-16.36, remainder_fraction=96.8839%, Lmin=-9.33, Lmax=-4.92
19:13:02 [ultranest] [DEBUG] iteration=2385, ncalls=27741, regioncalls=1119520, ndraw=40, logz=-16.35, remainder_fraction=96.8586%, Lmin=-9.32, Lmax=-4.92
19:13:03 [ultranest] [DEBUG] iteration=2386, ncalls=27758, regioncalls=1120560, ndraw=40, logz=-16.34, remainder_fraction=96.8356%, Lmin=-9.31, Lmax=-4.92
19:13:04 [ultranest] [DEBUG] iteration=2387, ncalls=27790, regioncalls=1121840, ndraw=40, logz=-16.34, remainder_fraction=96.8052%, Lmin=-9.31, Lmax=-4.92
19:13:05 [ultranest] [DEBUG] iteration=2389, ncalls=27838, regioncalls=1124120, ndraw=40, logz=-16.32, remainder_fraction=96.7514%, Lmin=-9.30, Lmax=-4.92
19:13:06 [ultranest] [DEBUG] iteration=2391, ncalls=27856, regioncalls=1124840, ndraw=40, logz=-16.31, remainder_fraction=96.6929%, Lmin=-9.29, Lmax=-4.92
19:13:06 [ultranest] [DEBUG] iteration=2392, ncalls=27868, regioncalls=1125360, ndraw=40, logz=-16.30, remainder_fraction=96.6671%, Lmin=-9.29, Lmax=-4.92
19:13:07 [ultranest] [DEBUG] iteration=2393, ncalls=27887, regioncalls=1126120, ndraw=40, logz=-16.29, remainder_fraction=96.6394%, Lmin=-9.29, Lmax=-4.92
19:13:07 [ultranest] [DEBUG] iteration=2394, ncalls=27897, regioncalls=1126800, ndraw=40, logz=-16.29, remainder_fraction=96.6105%, Lmin=-9.28, Lmax=-4.92
19:13:09 [ultranest] [DEBUG] iteration=2395, ncalls=27942, regioncalls=1129520, ndraw=40, logz=-16.28, remainder_fraction=96.5813%, Lmin=-9.27, Lmax=-4.92
19:13:09 [ultranest] [DEBUG] iteration=2396, ncalls=27956, regioncalls=1130080, ndraw=40, logz=-16.27, remainder_fraction=96.5551%, Lmin=-9.26, Lmax=-4.92
19:13:09 [ultranest] [DEBUG] iteration=2397, ncalls=27967, regioncalls=1130520, ndraw=40, logz=-16.26, remainder_fraction=96.5238%, Lmin=-9.25, Lmax=-4.92
19:13:10 [ultranest] [DEBUG] iteration=2399, ncalls=27983, regioncalls=1131160, ndraw=40, logz=-16.25, remainder_fraction=96.4944%, Lmin=-9.24, Lmax=-4.92
19:13:11 [ultranest] [DEBUG] iteration=2400, ncalls=28014, regioncalls=1132720, ndraw=40, logz=-16.24, remainder_fraction=96.4639%, Lmin=-9.24, Lmax=-4.92
19:13:11 [ultranest] [DEBUG] iteration=2401, ncalls=28022, regioncalls=1133040, ndraw=40, logz=-16.24, remainder_fraction=96.4317%, Lmin=-9.24, Lmax=-4.92
19:13:12 [ultranest] [DEBUG] iteration=2402, ncalls=28037, regioncalls=1133640, ndraw=40, logz=-16.23, remainder_fraction=96.4089%, Lmin=-9.24, Lmax=-4.92
19:13:12 [ultranest] [DEBUG] iteration=2403, ncalls=28056, regioncalls=1134760, ndraw=40, logz=-16.22, remainder_fraction=96.4126%, Lmin=-9.23, Lmax=-4.92
19:13:13 [ultranest] [DEBUG] iteration=2404, ncalls=28091, regioncalls=1136160, ndraw=40, logz=-16.21, remainder_fraction=96.3938%, Lmin=-9.22, Lmax=-4.92
19:13:14 [ultranest] [DEBUG] iteration=2405, ncalls=28122, regioncalls=1137520, ndraw=40, logz=-16.21, remainder_fraction=96.3619%, Lmin=-9.22, Lmax=-4.92
19:13:15 [ultranest] [DEBUG] iteration=2406, ncalls=28135, regioncalls=1138120, ndraw=40, logz=-16.20, remainder_fraction=96.3310%, Lmin=-9.22, Lmax=-4.92
19:13:16 [ultranest] [DEBUG] iteration=2407, ncalls=28176, regioncalls=1140040, ndraw=40, logz=-16.19, remainder_fraction=96.3018%, Lmin=-9.21, Lmax=-4.92
19:13:18 [ultranest] [DEBUG] iteration=2408, ncalls=28251, regioncalls=1143440, ndraw=40, logz=-16.19, remainder_fraction=96.2720%, Lmin=-9.20, Lmax=-4.92
19:13:18 [ultranest] [DEBUG] iteration=2409, ncalls=28256, regioncalls=1143720, ndraw=40, logz=-16.18, remainder_fraction=96.2414%, Lmin=-9.19, Lmax=-4.92
19:13:19 [ultranest] [DEBUG] iteration=2410, ncalls=28276, regioncalls=1144560, ndraw=40, logz=-16.17, remainder_fraction=96.2238%, Lmin=-9.18, Lmax=-4.92
19:13:19 [ultranest] [DEBUG] iteration=2411, ncalls=28285, regioncalls=1144920, ndraw=40, logz=-16.17, remainder_fraction=96.1939%, Lmin=-9.18, Lmax=-4.92
19:13:19 [ultranest] [DEBUG] iteration=2412, ncalls=28292, regioncalls=1145200, ndraw=40, logz=-16.16, remainder_fraction=96.1603%, Lmin=-9.18, Lmax=-4.92
19:13:21 [ultranest] [DEBUG] iteration=2413, ncalls=28330, regioncalls=1147040, ndraw=40, logz=-16.15, remainder_fraction=96.1319%, Lmin=-9.18, Lmax=-4.92
19:13:21 [ultranest] [DEBUG] iteration=2415, ncalls=28350, regioncalls=1147840, ndraw=40, logz=-16.14, remainder_fraction=96.0725%, Lmin=-9.17, Lmax=-4.92
19:13:23 [ultranest] [DEBUG] iteration=2416, ncalls=28413, regioncalls=1151120, ndraw=40, logz=-16.13, remainder_fraction=96.0464%, Lmin=-9.16, Lmax=-4.92
19:13:25 [ultranest] [DEBUG] iteration=2417, ncalls=28480, regioncalls=1154440, ndraw=40, logz=-16.13, remainder_fraction=96.0355%, Lmin=-9.16, Lmax=-4.92
19:13:26 [ultranest] [DEBUG] iteration=2418, ncalls=28499, regioncalls=1155880, ndraw=40, logz=-16.12, remainder_fraction=96.0068%, Lmin=-9.16, Lmax=-4.92
19:13:29 [ultranest] [DEBUG] iteration=2420, ncalls=28590, regioncalls=1160280, ndraw=40, logz=-16.11, remainder_fraction=95.9713%, Lmin=-9.16, Lmax=-4.92
19:13:29 [ultranest] [DEBUG] iteration=2421, ncalls=28597, regioncalls=1160560, ndraw=40, logz=-16.10, remainder_fraction=95.9380%, Lmin=-9.15, Lmax=-4.92
19:13:30 [ultranest] [DEBUG] iteration=2423, ncalls=28619, regioncalls=1161480, ndraw=40, logz=-16.09, remainder_fraction=95.8834%, Lmin=-9.11, Lmax=-4.92
19:13:30 [ultranest] [DEBUG] iteration=2424, ncalls=28625, regioncalls=1161720, ndraw=40, logz=-16.08, remainder_fraction=95.8491%, Lmin=-9.11, Lmax=-4.92
19:13:31 [ultranest] [DEBUG] iteration=2425, ncalls=28657, regioncalls=1163200, ndraw=40, logz=-16.08, remainder_fraction=95.8171%, Lmin=-9.10, Lmax=-4.92
19:13:31 [ultranest] [DEBUG] iteration=2426, ncalls=28673, regioncalls=1163840, ndraw=40, logz=-16.07, remainder_fraction=95.8108%, Lmin=-9.10, Lmax=-4.92
19:13:32 [ultranest] [DEBUG] iteration=2427, ncalls=28686, regioncalls=1164480, ndraw=40, logz=-16.06, remainder_fraction=95.7904%, Lmin=-9.10, Lmax=-4.92
19:13:34 [ultranest] [DEBUG] iteration=2428, ncalls=28757, regioncalls=1167760, ndraw=40, logz=-16.06, remainder_fraction=95.7742%, Lmin=-9.10, Lmax=-4.92
19:13:35 [ultranest] [DEBUG] iteration=2429, ncalls=28801, regioncalls=1169760, ndraw=40, logz=-16.05, remainder_fraction=95.7414%, Lmin=-9.09, Lmax=-4.92
19:13:37 [ultranest] [DEBUG] iteration=2430, ncalls=28857, regioncalls=1172640, ndraw=40, logz=-16.05, remainder_fraction=95.7557%, Lmin=-9.09, Lmax=-4.92
19:13:37 [ultranest] [DEBUG] iteration=2431, ncalls=28862, regioncalls=1172840, ndraw=40, logz=-16.04, remainder_fraction=95.7230%, Lmin=-9.08, Lmax=-4.92
19:13:38 [ultranest] [DEBUG] iteration=2432, ncalls=28890, regioncalls=1174800, ndraw=40, logz=-16.03, remainder_fraction=95.6873%, Lmin=-9.06, Lmax=-4.92
19:13:38 [ultranest] [DEBUG] iteration=2433, ncalls=28895, regioncalls=1175000, ndraw=40, logz=-16.03, remainder_fraction=95.6543%, Lmin=-9.06, Lmax=-4.92
19:13:40 [ultranest] [DEBUG] iteration=2434, ncalls=28953, regioncalls=1177840, ndraw=40, logz=-16.02, remainder_fraction=95.6190%, Lmin=-9.04, Lmax=-4.92
19:13:40 [ultranest] [DEBUG] iteration=2435, ncalls=28965, regioncalls=1178600, ndraw=40, logz=-16.01, remainder_fraction=95.5839%, Lmin=-9.04, Lmax=-4.92
19:13:41 [ultranest] [DEBUG] iteration=2436, ncalls=28977, regioncalls=1179280, ndraw=40, logz=-16.01, remainder_fraction=95.5512%, Lmin=-9.04, Lmax=-4.92
19:13:41 [ultranest] [DEBUG] iteration=2437, ncalls=28990, regioncalls=1179840, ndraw=40, logz=-16.00, remainder_fraction=95.5477%, Lmin=-9.03, Lmax=-4.92
19:13:41 [ultranest] [DEBUG] iteration=2438, ncalls=28994, regioncalls=1180000, ndraw=40, logz=-16.00, remainder_fraction=95.5135%, Lmin=-9.02, Lmax=-4.92
19:13:42 [ultranest] [DEBUG] iteration=2439, ncalls=29035, regioncalls=1182000, ndraw=40, logz=-15.99, remainder_fraction=95.4869%, Lmin=-9.02, Lmax=-4.92
19:13:47 [ultranest] [DEBUG] iteration=2440, ncalls=29182, regioncalls=1188600, ndraw=40, logz=-15.98, remainder_fraction=95.4756%, Lmin=-9.01, Lmax=-4.92
19:13:47 [ultranest] [DEBUG] iteration=2441, ncalls=29192, regioncalls=1189000, ndraw=40, logz=-15.98, remainder_fraction=95.4389%, Lmin=-8.99, Lmax=-4.92
19:13:47 [ultranest] [DEBUG] iteration=2442, ncalls=29195, regioncalls=1189120, ndraw=40, logz=-15.97, remainder_fraction=95.4063%, Lmin=-8.98, Lmax=-4.92
19:13:50 [ultranest] [DEBUG] iteration=2443, ncalls=29290, regioncalls=1192920, ndraw=40, logz=-15.96, remainder_fraction=95.3749%, Lmin=-8.97, Lmax=-4.92
19:13:51 [ultranest] [DEBUG] iteration=2444, ncalls=29313, regioncalls=1193840, ndraw=40, logz=-15.96, remainder_fraction=95.3368%, Lmin=-8.97, Lmax=-4.92
19:13:52 [ultranest] [DEBUG] iteration=2445, ncalls=29345, regioncalls=1195520, ndraw=40, logz=-15.95, remainder_fraction=95.3099%, Lmin=-8.97, Lmax=-4.92
19:13:52 [ultranest] [DEBUG] iteration=2446, ncalls=29358, regioncalls=1196320, ndraw=40, logz=-15.95, remainder_fraction=95.2726%, Lmin=-8.97, Lmax=-4.92
19:13:55 [ultranest] [DEBUG] iteration=2447, ncalls=29430, regioncalls=1199800, ndraw=40, logz=-15.94, remainder_fraction=95.2375%, Lmin=-8.97, Lmax=-4.92
19:13:56 [ultranest] [DEBUG] iteration=2448, ncalls=29459, regioncalls=1201240, ndraw=40, logz=-15.93, remainder_fraction=95.2066%, Lmin=-8.96, Lmax=-4.92
19:13:57 [ultranest] [DEBUG] iteration=2449, ncalls=29507, regioncalls=1203160, ndraw=40, logz=-15.93, remainder_fraction=95.1859%, Lmin=-8.95, Lmax=-4.92
19:13:59 [ultranest] [DEBUG] iteration=2450, ncalls=29553, regioncalls=1205120, ndraw=40, logz=-15.92, remainder_fraction=95.1471%, Lmin=-8.94, Lmax=-4.92
19:13:59 [ultranest] [DEBUG] iteration=2451, ncalls=29559, regioncalls=1205560, ndraw=40, logz=-15.92, remainder_fraction=95.1098%, Lmin=-8.94, Lmax=-4.92
19:14:01 [ultranest] [DEBUG] iteration=2452, ncalls=29619, regioncalls=1208760, ndraw=40, logz=-15.91, remainder_fraction=95.0782%, Lmin=-8.93, Lmax=-4.92
19:14:01 [ultranest] [DEBUG] iteration=2453, ncalls=29645, regioncalls=1209800, ndraw=40, logz=-15.90, remainder_fraction=95.0410%, Lmin=-8.93, Lmax=-4.92
19:14:02 [ultranest] [DEBUG] iteration=2454, ncalls=29659, regioncalls=1210440, ndraw=40, logz=-15.90, remainder_fraction=95.0465%, Lmin=-8.89, Lmax=-4.92
19:14:02 [ultranest] [DEBUG] iteration=2455, ncalls=29679, regioncalls=1211240, ndraw=40, logz=-15.89, remainder_fraction=95.0195%, Lmin=-8.89, Lmax=-4.92
19:14:03 [ultranest] [DEBUG] iteration=2456, ncalls=29703, regioncalls=1212200, ndraw=40, logz=-15.89, remainder_fraction=94.9795%, Lmin=-8.88, Lmax=-4.92
19:14:04 [ultranest] [DEBUG] iteration=2457, ncalls=29740, regioncalls=1213680, ndraw=40, logz=-15.88, remainder_fraction=94.9388%, Lmin=-8.88, Lmax=-4.92
19:14:06 [ultranest] [DEBUG] iteration=2458, ncalls=29810, regioncalls=1216640, ndraw=40, logz=-15.87, remainder_fraction=94.8977%, Lmin=-8.88, Lmax=-4.92
19:14:08 [ultranest] [DEBUG] iteration=2459, ncalls=29860, regioncalls=1218720, ndraw=40, logz=-15.87, remainder_fraction=94.8614%, Lmin=-8.87, Lmax=-4.92
19:14:09 [ultranest] [DEBUG] iteration=2460, ncalls=29913, regioncalls=1220880, ndraw=40, logz=-15.86, remainder_fraction=94.8316%, Lmin=-8.86, Lmax=-4.92
19:14:10 [ultranest] [DEBUG] iteration=2461, ncalls=29929, regioncalls=1221520, ndraw=40, logz=-15.86, remainder_fraction=94.7930%, Lmin=-8.86, Lmax=-4.92
19:14:10 [ultranest] [DEBUG] iteration=2462, ncalls=29932, regioncalls=1221640, ndraw=40, logz=-15.85, remainder_fraction=94.7518%, Lmin=-8.86, Lmax=-4.92
19:14:10 [ultranest] [DEBUG] iteration=2463, ncalls=29936, regioncalls=1221800, ndraw=40, logz=-15.84, remainder_fraction=94.7123%, Lmin=-8.84, Lmax=-4.92
19:14:10 [ultranest] [DEBUG] iteration=2464, ncalls=29948, regioncalls=1222400, ndraw=40, logz=-15.84, remainder_fraction=94.6928%, Lmin=-8.84, Lmax=-4.92
19:14:11 [ultranest] [DEBUG] iteration=2465, ncalls=29963, regioncalls=1223280, ndraw=40, logz=-15.83, remainder_fraction=94.6554%, Lmin=-8.83, Lmax=-4.92
19:14:13 [ultranest] [DEBUG] iteration=2466, ncalls=30025, regioncalls=1225800, ndraw=40, logz=-15.83, remainder_fraction=94.6126%, Lmin=-8.83, Lmax=-4.92
19:14:13 [ultranest] [DEBUG] iteration=2467, ncalls=30042, regioncalls=1226520, ndraw=40, logz=-15.82, remainder_fraction=94.5746%, Lmin=-8.82, Lmax=-4.92
19:14:14 [ultranest] [DEBUG] iteration=2468, ncalls=30068, regioncalls=1227560, ndraw=40, logz=-15.81, remainder_fraction=94.5387%, Lmin=-8.81, Lmax=-4.92
19:14:14 [ultranest] [DEBUG] iteration=2469, ncalls=30077, regioncalls=1228000, ndraw=40, logz=-15.81, remainder_fraction=94.5020%, Lmin=-8.81, Lmax=-4.92
19:14:17 [ultranest] [DEBUG] iteration=2470, ncalls=30156, regioncalls=1231360, ndraw=40, logz=-15.80, remainder_fraction=94.4665%, Lmin=-8.81, Lmax=-4.92
19:14:17 [ultranest] [DEBUG] iteration=2471, ncalls=30162, regioncalls=1231600, ndraw=40, logz=-15.80, remainder_fraction=94.4390%, Lmin=-8.80, Lmax=-4.92
19:14:17 [ultranest] [DEBUG] iteration=2472, ncalls=30173, regioncalls=1232040, ndraw=40, logz=-15.79, remainder_fraction=94.4440%, Lmin=-8.79, Lmax=-4.92
19:14:18 [ultranest] [DEBUG] iteration=2474, ncalls=30184, regioncalls=1232480, ndraw=40, logz=-15.78, remainder_fraction=94.3606%, Lmin=-8.79, Lmax=-4.92
19:14:18 [ultranest] [DEBUG] iteration=2475, ncalls=30190, regioncalls=1232720, ndraw=40, logz=-15.77, remainder_fraction=94.3379%, Lmin=-8.79, Lmax=-4.92
19:14:19 [ultranest] [DEBUG] iteration=2476, ncalls=30214, regioncalls=1233800, ndraw=40, logz=-15.77, remainder_fraction=94.2967%, Lmin=-8.78, Lmax=-4.92
19:14:21 [ultranest] [DEBUG] iteration=2477, ncalls=30282, regioncalls=1236560, ndraw=40, logz=-15.76, remainder_fraction=94.2876%, Lmin=-8.77, Lmax=-4.92
19:14:22 [ultranest] [DEBUG] iteration=2478, ncalls=30334, regioncalls=1238760, ndraw=40, logz=-15.76, remainder_fraction=94.2524%, Lmin=-8.77, Lmax=-4.92
19:14:22 [ultranest] [DEBUG] iteration=2479, ncalls=30339, regioncalls=1238960, ndraw=40, logz=-15.75, remainder_fraction=94.2084%, Lmin=-8.76, Lmax=-4.92
19:14:26 [ultranest] [DEBUG] iteration=2480, ncalls=30439, regioncalls=1243600, ndraw=40, logz=-15.75, remainder_fraction=94.1704%, Lmin=-8.76, Lmax=-4.92
19:14:26 [ultranest] [DEBUG] iteration=2481, ncalls=30447, regioncalls=1243920, ndraw=40, logz=-15.74, remainder_fraction=94.1554%, Lmin=-8.76, Lmax=-4.92
19:14:27 [ultranest] [DEBUG] iteration=2482, ncalls=30472, regioncalls=1244920, ndraw=40, logz=-15.73, remainder_fraction=94.1240%, Lmin=-8.75, Lmax=-4.92
19:14:29 [ultranest] [DEBUG] iteration=2483, ncalls=30532, regioncalls=1247680, ndraw=40, logz=-15.73, remainder_fraction=94.0848%, Lmin=-8.75, Lmax=-4.92
19:14:30 [ultranest] [DEBUG] iteration=2484, ncalls=30581, regioncalls=1250240, ndraw=40, logz=-15.72, remainder_fraction=94.0401%, Lmin=-8.74, Lmax=-4.92
19:14:33 [ultranest] [DEBUG] iteration=2485, ncalls=30654, regioncalls=1253640, ndraw=40, logz=-15.72, remainder_fraction=93.9966%, Lmin=-8.74, Lmax=-4.92
19:14:33 [ultranest] [DEBUG] iteration=2486, ncalls=30681, regioncalls=1255080, ndraw=40, logz=-15.71, remainder_fraction=93.9538%, Lmin=-8.72, Lmax=-4.92
19:14:34 [ultranest] [DEBUG] iteration=2487, ncalls=30685, regioncalls=1255240, ndraw=40, logz=-15.71, remainder_fraction=93.9126%, Lmin=-8.72, Lmax=-4.92
19:14:35 [ultranest] [DEBUG] iteration=2488, ncalls=30740, regioncalls=1258040, ndraw=40, logz=-15.70, remainder_fraction=93.8675%, Lmin=-8.71, Lmax=-4.92
19:14:38 [ultranest] [DEBUG] iteration=2489, ncalls=30832, regioncalls=1262640, ndraw=40, logz=-15.70, remainder_fraction=93.8227%, Lmin=-8.71, Lmax=-4.92
19:14:40 [ultranest] [DEBUG] iteration=2490, ncalls=30893, regioncalls=1265200, ndraw=40, logz=-15.69, remainder_fraction=93.7861%, Lmin=-8.71, Lmax=-4.92
19:14:41 [ultranest] [DEBUG] iteration=2491, ncalls=30911, regioncalls=1265920, ndraw=40, logz=-15.68, remainder_fraction=93.7489%, Lmin=-8.70, Lmax=-4.92
19:14:41 [ultranest] [DEBUG] iteration=2492, ncalls=30927, regioncalls=1266560, ndraw=40, logz=-15.68, remainder_fraction=93.7046%, Lmin=-8.69, Lmax=-4.92
19:14:43 [ultranest] [DEBUG] iteration=2493, ncalls=30992, regioncalls=1269400, ndraw=40, logz=-15.67, remainder_fraction=93.6717%, Lmin=-8.68, Lmax=-4.92
19:14:44 [ultranest] [DEBUG] iteration=2494, ncalls=31033, regioncalls=1271440, ndraw=40, logz=-15.67, remainder_fraction=93.6257%, Lmin=-8.67, Lmax=-4.92
19:14:47 [ultranest] [DEBUG] iteration=2495, ncalls=31117, regioncalls=1274920, ndraw=40, logz=-15.66, remainder_fraction=93.5884%, Lmin=-8.66, Lmax=-4.92
19:14:50 [ultranest] [DEBUG] iteration=2497, ncalls=31216, regioncalls=1279320, ndraw=40, logz=-15.65, remainder_fraction=93.5553%, Lmin=-8.65, Lmax=-4.92
19:14:50 [ultranest] [DEBUG] iteration=2498, ncalls=31230, regioncalls=1279960, ndraw=40, logz=-15.65, remainder_fraction=93.5109%, Lmin=-8.65, Lmax=-4.92
19:14:52 [ultranest] [DEBUG] iteration=2499, ncalls=31279, regioncalls=1282000, ndraw=40, logz=-15.64, remainder_fraction=93.4708%, Lmin=-8.62, Lmax=-4.92
19:14:52 [ultranest] [DEBUG] iteration=2500, ncalls=31300, regioncalls=1282840, ndraw=40, logz=-15.63, remainder_fraction=93.4216%, Lmin=-8.61, Lmax=-4.92
19:14:54 [ultranest] [DEBUG] iteration=2501, ncalls=31339, regioncalls=1284440, ndraw=40, logz=-15.63, remainder_fraction=93.3824%, Lmin=-8.61, Lmax=-4.92
19:14:54 [ultranest] [DEBUG] iteration=2502, ncalls=31358, regioncalls=1285440, ndraw=40, logz=-15.62, remainder_fraction=93.3337%, Lmin=-8.61, Lmax=-4.92
19:14:54 [ultranest] [DEBUG] iteration=2504, ncalls=31363, regioncalls=1285640, ndraw=40, logz=-15.61, remainder_fraction=93.2421%, Lmin=-8.59, Lmax=-4.92
19:14:55 [ultranest] [DEBUG] iteration=2505, ncalls=31373, regioncalls=1286040, ndraw=40, logz=-15.61, remainder_fraction=93.1928%, Lmin=-8.58, Lmax=-4.92
19:14:55 [ultranest] [DEBUG] iteration=2506, ncalls=31385, regioncalls=1286520, ndraw=40, logz=-15.60, remainder_fraction=93.1747%, Lmin=-8.57, Lmax=-4.92
19:14:57 [ultranest] [DEBUG] iteration=2507, ncalls=31457, regioncalls=1289720, ndraw=40, logz=-15.60, remainder_fraction=93.1278%, Lmin=-8.57, Lmax=-4.92
19:15:00 [ultranest] [DEBUG] iteration=2508, ncalls=31559, regioncalls=1294000, ndraw=40, logz=-15.59, remainder_fraction=93.0877%, Lmin=-8.55, Lmax=-4.92
19:15:01 [ultranest] [DEBUG] iteration=2509, ncalls=31576, regioncalls=1294680, ndraw=40, logz=-15.59, remainder_fraction=93.0363%, Lmin=-8.55, Lmax=-4.92
19:15:03 [ultranest] [DEBUG] iteration=2510, ncalls=31636, regioncalls=1297240, ndraw=40, logz=-15.58, remainder_fraction=93.0071%, Lmin=-8.55, Lmax=-4.92
19:15:03 [ultranest] [DEBUG] iteration=2511, ncalls=31647, regioncalls=1297680, ndraw=40, logz=-15.57, remainder_fraction=92.9561%, Lmin=-8.54, Lmax=-4.92
19:15:04 [ultranest] [DEBUG] iteration=2512, ncalls=31669, regioncalls=1298560, ndraw=40, logz=-15.57, remainder_fraction=92.9189%, Lmin=-8.54, Lmax=-4.92
19:15:07 [ultranest] [DEBUG] iteration=2513, ncalls=31752, regioncalls=1301920, ndraw=40, logz=-15.56, remainder_fraction=92.8695%, Lmin=-8.52, Lmax=-4.92
19:15:08 [ultranest] [DEBUG] iteration=2514, ncalls=31789, regioncalls=1303400, ndraw=40, logz=-15.56, remainder_fraction=92.8287%, Lmin=-8.52, Lmax=-4.92
19:15:09 [ultranest] [DEBUG] iteration=2515, ncalls=31831, regioncalls=1305080, ndraw=40, logz=-15.55, remainder_fraction=92.7805%, Lmin=-8.51, Lmax=-4.92
19:15:10 [ultranest] [DEBUG] iteration=2516, ncalls=31859, regioncalls=1306560, ndraw=40, logz=-15.55, remainder_fraction=92.7312%, Lmin=-8.51, Lmax=-4.92
19:15:15 [ultranest] [DEBUG] iteration=2517, ncalls=32024, regioncalls=1313240, ndraw=40, logz=-15.54, remainder_fraction=92.6843%, Lmin=-8.51, Lmax=-4.92
19:15:16 [ultranest] [DEBUG] iteration=2518, ncalls=32058, regioncalls=1314800, ndraw=40, logz=-15.54, remainder_fraction=92.6317%, Lmin=-8.51, Lmax=-4.92
19:15:17 [ultranest] [DEBUG] iteration=2519, ncalls=32091, regioncalls=1316120, ndraw=40, logz=-15.53, remainder_fraction=92.5855%, Lmin=-8.50, Lmax=-4.92
19:15:18 [ultranest] [DEBUG] iteration=2520, ncalls=32113, regioncalls=1317000, ndraw=40, logz=-15.53, remainder_fraction=92.5322%, Lmin=-8.49, Lmax=-4.92
19:15:19 [ultranest] [DEBUG] iteration=2521, ncalls=32163, regioncalls=1319520, ndraw=40, logz=-15.52, remainder_fraction=92.5292%, Lmin=-8.48, Lmax=-4.92
19:15:20 [ultranest] [DEBUG] iteration=2522, ncalls=32171, regioncalls=1319840, ndraw=40, logz=-15.52, remainder_fraction=92.4818%, Lmin=-8.46, Lmax=-4.92
19:15:24 [ultranest] [DEBUG] iteration=2523, ncalls=32328, regioncalls=1327200, ndraw=40, logz=-15.51, remainder_fraction=92.4332%, Lmin=-8.45, Lmax=-4.92
19:15:25 [ultranest] [DEBUG] iteration=2524, ncalls=32335, regioncalls=1327480, ndraw=40, logz=-15.50, remainder_fraction=92.3785%, Lmin=-8.45, Lmax=-4.92
19:15:25 [ultranest] [DEBUG] iteration=2525, ncalls=32351, regioncalls=1328600, ndraw=40, logz=-15.50, remainder_fraction=92.3596%, Lmin=-8.44, Lmax=-4.92
19:15:26 [ultranest] [DEBUG] iteration=2526, ncalls=32370, regioncalls=1329360, ndraw=40, logz=-15.49, remainder_fraction=92.3193%, Lmin=-8.44, Lmax=-4.92
19:15:26 [ultranest] [DEBUG] iteration=2527, ncalls=32375, regioncalls=1329560, ndraw=40, logz=-15.49, remainder_fraction=92.2738%, Lmin=-8.44, Lmax=-4.92
19:15:27 [ultranest] [DEBUG] iteration=2528, ncalls=32395, regioncalls=1330360, ndraw=40, logz=-15.48, remainder_fraction=92.2375%, Lmin=-8.43, Lmax=-4.92
19:15:27 [ultranest] [DEBUG] iteration=2529, ncalls=32421, regioncalls=1331920, ndraw=40, logz=-15.48, remainder_fraction=92.1913%, Lmin=-8.43, Lmax=-4.92
19:15:28 [ultranest] [DEBUG] iteration=2530, ncalls=32427, regioncalls=1332160, ndraw=40, logz=-15.47, remainder_fraction=92.1483%, Lmin=-8.43, Lmax=-4.92
19:15:28 [ultranest] [DEBUG] iteration=2531, ncalls=32448, regioncalls=1333000, ndraw=40, logz=-15.47, remainder_fraction=92.1214%, Lmin=-8.42, Lmax=-4.92
19:15:29 [ultranest] [DEBUG] iteration=2532, ncalls=32459, regioncalls=1333440, ndraw=40, logz=-15.46, remainder_fraction=92.0850%, Lmin=-8.41, Lmax=-4.92
19:15:29 [ultranest] [DEBUG] iteration=2533, ncalls=32475, regioncalls=1334240, ndraw=40, logz=-15.46, remainder_fraction=92.0600%, Lmin=-8.41, Lmax=-4.92
19:15:30 [ultranest] [DEBUG] iteration=2534, ncalls=32495, regioncalls=1335080, ndraw=40, logz=-15.45, remainder_fraction=92.0239%, Lmin=-8.41, Lmax=-4.92
19:15:30 [ultranest] [DEBUG] iteration=2535, ncalls=32501, regioncalls=1335320, ndraw=40, logz=-15.45, remainder_fraction=91.9690%, Lmin=-8.39, Lmax=-4.92
19:15:33 [ultranest] [DEBUG] iteration=2536, ncalls=32591, regioncalls=1339320, ndraw=40, logz=-15.44, remainder_fraction=91.9145%, Lmin=-8.37, Lmax=-4.92
19:15:34 [ultranest] [DEBUG] iteration=2537, ncalls=32624, regioncalls=1340640, ndraw=40, logz=-15.44, remainder_fraction=91.8899%, Lmin=-8.37, Lmax=-4.92
19:15:34 [ultranest] [DEBUG] iteration=2538, ncalls=32648, regioncalls=1341600, ndraw=40, logz=-15.43, remainder_fraction=91.8418%, Lmin=-8.36, Lmax=-4.92
19:15:35 [ultranest] [DEBUG] iteration=2540, ncalls=32658, regioncalls=1342000, ndraw=40, logz=-15.42, remainder_fraction=91.7588%, Lmin=-8.34, Lmax=-4.92
19:15:39 [ultranest] [DEBUG] iteration=2541, ncalls=32789, regioncalls=1348360, ndraw=40, logz=-15.41, remainder_fraction=91.7668%, Lmin=-8.33, Lmax=-4.92
19:15:40 [ultranest] [DEBUG] iteration=2542, ncalls=32819, regioncalls=1349880, ndraw=40, logz=-15.41, remainder_fraction=91.7215%, Lmin=-8.33, Lmax=-4.92
19:15:40 [ultranest] [DEBUG] iteration=2543, ncalls=32833, regioncalls=1350480, ndraw=40, logz=-15.40, remainder_fraction=91.6626%, Lmin=-8.33, Lmax=-4.92
19:15:40 [ultranest] [DEBUG] iteration=2544, ncalls=32843, regioncalls=1351160, ndraw=40, logz=-15.40, remainder_fraction=91.6093%, Lmin=-8.33, Lmax=-4.92
19:15:43 [ultranest] [DEBUG] iteration=2545, ncalls=32939, regioncalls=1355240, ndraw=40, logz=-15.39, remainder_fraction=91.5626%, Lmin=-8.32, Lmax=-4.92
19:15:44 [ultranest] [DEBUG] iteration=2546, ncalls=32971, regioncalls=1356600, ndraw=40, logz=-15.39, remainder_fraction=91.5061%, Lmin=-8.32, Lmax=-4.92
19:15:44 [ultranest] [DEBUG] iteration=2547, ncalls=32975, regioncalls=1356760, ndraw=40, logz=-15.38, remainder_fraction=91.4850%, Lmin=-8.30, Lmax=-4.92
19:15:52 [ultranest] [DEBUG] iteration=2548, ncalls=33157, regioncalls=1364920, ndraw=40, logz=-15.38, remainder_fraction=91.5046%, Lmin=-8.30, Lmax=-4.92
19:15:52 [ultranest] [DEBUG] iteration=2549, ncalls=33172, regioncalls=1365720, ndraw=40, logz=-15.37, remainder_fraction=91.4496%, Lmin=-8.29, Lmax=-4.92
19:15:52 [ultranest] [DEBUG] iteration=2550, ncalls=33175, regioncalls=1365840, ndraw=40, logz=-15.37, remainder_fraction=91.3894%, Lmin=-8.29, Lmax=-4.92
19:15:54 [ultranest] [DEBUG] iteration=2551, ncalls=33217, regioncalls=1367520, ndraw=40, logz=-15.36, remainder_fraction=91.3303%, Lmin=-8.29, Lmax=-4.92
19:15:54 [ultranest] [DEBUG] iteration=2552, ncalls=33244, regioncalls=1368720, ndraw=40, logz=-15.36, remainder_fraction=91.3356%, Lmin=-8.29, Lmax=-4.92
19:15:55 [ultranest] [DEBUG] iteration=2553, ncalls=33281, regioncalls=1370200, ndraw=40, logz=-15.35, remainder_fraction=91.2796%, Lmin=-8.29, Lmax=-4.92
19:15:57 [ultranest] [DEBUG] iteration=2554, ncalls=33317, regioncalls=1371640, ndraw=40, logz=-15.35, remainder_fraction=91.2478%, Lmin=-8.28, Lmax=-4.92
19:15:58 [ultranest] [DEBUG] iteration=2555, ncalls=33346, regioncalls=1372800, ndraw=40, logz=-15.34, remainder_fraction=91.1913%, Lmin=-8.28, Lmax=-4.92
19:15:59 [ultranest] [DEBUG] iteration=2556, ncalls=33395, regioncalls=1374840, ndraw=40, logz=-15.34, remainder_fraction=91.1326%, Lmin=-8.28, Lmax=-4.92
19:16:00 [ultranest] [DEBUG] iteration=2557, ncalls=33445, regioncalls=1376840, ndraw=40, logz=-15.33, remainder_fraction=91.0720%, Lmin=-8.28, Lmax=-4.92
19:16:04 [ultranest] [DEBUG] iteration=2558, ncalls=33556, regioncalls=1382200, ndraw=40, logz=-15.33, remainder_fraction=91.0165%, Lmin=-8.28, Lmax=-4.92
19:16:04 [ultranest] [DEBUG] iteration=2559, ncalls=33564, regioncalls=1382520, ndraw=40, logz=-15.32, remainder_fraction=90.9557%, Lmin=-8.26, Lmax=-4.92
19:16:05 [ultranest] [DEBUG] iteration=2560, ncalls=33580, regioncalls=1383160, ndraw=40, logz=-15.32, remainder_fraction=90.8947%, Lmin=-8.26, Lmax=-4.92
19:16:05 [ultranest] [DEBUG] iteration=2561, ncalls=33584, regioncalls=1383320, ndraw=40, logz=-15.31, remainder_fraction=90.8425%, Lmin=-8.26, Lmax=-4.92
19:16:07 [ultranest] [DEBUG] iteration=2562, ncalls=33651, regioncalls=1386240, ndraw=40, logz=-15.31, remainder_fraction=90.8404%, Lmin=-8.25, Lmax=-4.92
19:16:07 [ultranest] [DEBUG] iteration=2563, ncalls=33681, regioncalls=1387440, ndraw=40, logz=-15.30, remainder_fraction=90.7841%, Lmin=-8.25, Lmax=-4.92
19:16:09 [ultranest] [DEBUG] iteration=2565, ncalls=33726, regioncalls=1389240, ndraw=40, logz=-15.29, remainder_fraction=90.6874%, Lmin=-8.24, Lmax=-4.92
19:16:09 [ultranest] [DEBUG] iteration=2566, ncalls=33746, regioncalls=1390080, ndraw=40, logz=-15.29, remainder_fraction=90.6281%, Lmin=-8.24, Lmax=-4.92
19:16:10 [ultranest] [DEBUG] iteration=2567, ncalls=33759, regioncalls=1390680, ndraw=40, logz=-15.28, remainder_fraction=90.5667%, Lmin=-8.24, Lmax=-4.92
19:16:10 [ultranest] [DEBUG] iteration=2568, ncalls=33763, regioncalls=1390840, ndraw=40, logz=-15.28, remainder_fraction=90.5055%, Lmin=-8.24, Lmax=-4.92
19:16:11 [ultranest] [DEBUG] iteration=2569, ncalls=33798, regioncalls=1392600, ndraw=40, logz=-15.27, remainder_fraction=90.4500%, Lmin=-8.23, Lmax=-4.92
19:16:11 [ultranest] [DEBUG] iteration=2570, ncalls=33805, regioncalls=1392880, ndraw=40, logz=-15.27, remainder_fraction=90.4213%, Lmin=-8.22, Lmax=-4.92
19:16:12 [ultranest] [DEBUG] iteration=2572, ncalls=33851, regioncalls=1395200, ndraw=40, logz=-15.26, remainder_fraction=90.3482%, Lmin=-8.21, Lmax=-4.92
19:16:13 [ultranest] [DEBUG] iteration=2573, ncalls=33858, regioncalls=1395480, ndraw=40, logz=-15.25, remainder_fraction=90.2854%, Lmin=-8.20, Lmax=-4.92
19:16:13 [ultranest] [DEBUG] iteration=2574, ncalls=33866, regioncalls=1395800, ndraw=40, logz=-15.25, remainder_fraction=90.2919%, Lmin=-8.19, Lmax=-4.92
19:16:16 [ultranest] [DEBUG] iteration=2575, ncalls=33976, regioncalls=1400440, ndraw=40, logz=-15.24, remainder_fraction=90.2491%, Lmin=-8.18, Lmax=-4.92
19:16:18 [ultranest] [DEBUG] iteration=2576, ncalls=34029, regioncalls=1402560, ndraw=40, logz=-15.24, remainder_fraction=90.2147%, Lmin=-8.18, Lmax=-4.92
19:16:18 [ultranest] [DEBUG] iteration=2577, ncalls=34053, regioncalls=1403520, ndraw=40, logz=-15.23, remainder_fraction=90.1566%, Lmin=-8.17, Lmax=-4.92
19:16:19 [ultranest] [DEBUG] iteration=2578, ncalls=34080, regioncalls=1404720, ndraw=40, logz=-15.23, remainder_fraction=90.0941%, Lmin=-8.17, Lmax=-4.92
19:16:20 [ultranest] [DEBUG] iteration=2579, ncalls=34101, regioncalls=1406720, ndraw=40, logz=-15.23, remainder_fraction=90.0620%, Lmin=-8.17, Lmax=-4.92
19:16:20 [ultranest] [DEBUG] iteration=2580, ncalls=34122, regioncalls=1407560, ndraw=40, logz=-15.22, remainder_fraction=90.0063%, Lmin=-8.17, Lmax=-4.92
19:16:21 [ultranest] [DEBUG] iteration=2581, ncalls=34137, regioncalls=1408200, ndraw=40, logz=-15.22, remainder_fraction=89.9563%, Lmin=-8.17, Lmax=-4.92
19:16:21 [ultranest] [DEBUG] iteration=2582, ncalls=34151, regioncalls=1408760, ndraw=40, logz=-15.21, remainder_fraction=89.9583%, Lmin=-8.17, Lmax=-4.92
19:16:23 [ultranest] [DEBUG] iteration=2583, ncalls=34205, regioncalls=1411160, ndraw=40, logz=-15.21, remainder_fraction=89.9802%, Lmin=-8.16, Lmax=-4.92
19:16:25 [ultranest] [DEBUG] iteration=2584, ncalls=34262, regioncalls=1413560, ndraw=40, logz=-15.20, remainder_fraction=89.9248%, Lmin=-8.16, Lmax=-4.92
19:16:25 [ultranest] [DEBUG] iteration=2585, ncalls=34288, regioncalls=1414760, ndraw=40, logz=-15.20, remainder_fraction=89.8659%, Lmin=-8.15, Lmax=-4.92
19:16:26 [ultranest] [DEBUG] iteration=2586, ncalls=34302, regioncalls=1415320, ndraw=40, logz=-15.19, remainder_fraction=89.8060%, Lmin=-8.14, Lmax=-4.92
19:16:28 [ultranest] [DEBUG] iteration=2587, ncalls=34358, regioncalls=1417760, ndraw=40, logz=-15.19, remainder_fraction=89.7941%, Lmin=-8.14, Lmax=-4.92
19:16:30 [ultranest] [DEBUG] iteration=2588, ncalls=34455, regioncalls=1423680, ndraw=40, logz=-15.18, remainder_fraction=89.7297%, Lmin=-8.11, Lmax=-4.92
19:16:31 [ultranest] [DEBUG] iteration=2589, ncalls=34483, regioncalls=1424920, ndraw=40, logz=-15.18, remainder_fraction=89.6649%, Lmin=-8.11, Lmax=-4.92
19:16:32 [ultranest] [DEBUG] iteration=2590, ncalls=34488, regioncalls=1425160, ndraw=40, logz=-15.17, remainder_fraction=89.6280%, Lmin=-8.11, Lmax=-4.92
19:16:32 [ultranest] [DEBUG] iteration=2591, ncalls=34495, regioncalls=1425440, ndraw=40, logz=-15.17, remainder_fraction=89.5634%, Lmin=-8.10, Lmax=-4.92
19:16:32 [ultranest] [DEBUG] iteration=2592, ncalls=34507, regioncalls=1426040, ndraw=40, logz=-15.16, remainder_fraction=89.5060%, Lmin=-8.10, Lmax=-4.92
19:16:34 [ultranest] [DEBUG] iteration=2593, ncalls=34579, regioncalls=1428920, ndraw=40, logz=-15.16, remainder_fraction=89.4391%, Lmin=-8.09, Lmax=-4.92
19:16:35 [ultranest] [DEBUG] iteration=2594, ncalls=34593, regioncalls=1429480, ndraw=40, logz=-15.16, remainder_fraction=89.3751%, Lmin=-8.09, Lmax=-4.92
19:16:35 [ultranest] [DEBUG] iteration=2595, ncalls=34615, regioncalls=1430480, ndraw=40, logz=-15.15, remainder_fraction=89.3120%, Lmin=-8.09, Lmax=-4.92
19:16:36 [ultranest] [DEBUG] iteration=2596, ncalls=34621, regioncalls=1430720, ndraw=40, logz=-15.15, remainder_fraction=89.2511%, Lmin=-8.08, Lmax=-4.92
19:16:36 [ultranest] [DEBUG] iteration=2597, ncalls=34642, regioncalls=1431560, ndraw=40, logz=-15.14, remainder_fraction=89.2000%, Lmin=-8.08, Lmax=-4.92
19:16:37 [ultranest] [DEBUG] iteration=2598, ncalls=34659, regioncalls=1432280, ndraw=40, logz=-15.14, remainder_fraction=89.1619%, Lmin=-8.08, Lmax=-4.92
19:16:37 [ultranest] [DEBUG] iteration=2599, ncalls=34663, regioncalls=1432440, ndraw=40, logz=-15.13, remainder_fraction=89.1142%, Lmin=-8.08, Lmax=-4.92
19:16:39 [ultranest] [DEBUG] iteration=2600, ncalls=34727, regioncalls=1435520, ndraw=40, logz=-15.13, remainder_fraction=89.0502%, Lmin=-8.06, Lmax=-4.92
19:16:41 [ultranest] [DEBUG] iteration=2601, ncalls=34803, regioncalls=1439240, ndraw=40, logz=-15.12, remainder_fraction=88.9818%, Lmin=-8.06, Lmax=-4.92
19:16:42 [ultranest] [DEBUG] iteration=2602, ncalls=34826, regioncalls=1440160, ndraw=40, logz=-15.12, remainder_fraction=88.9188%, Lmin=-8.05, Lmax=-4.92
19:16:43 [ultranest] [DEBUG] iteration=2603, ncalls=34873, regioncalls=1442480, ndraw=40, logz=-15.12, remainder_fraction=88.8539%, Lmin=-8.05, Lmax=-4.92
19:16:46 [ultranest] [DEBUG] iteration=2604, ncalls=34961, regioncalls=1446160, ndraw=40, logz=-15.11, remainder_fraction=88.7966%, Lmin=-8.05, Lmax=-4.92
19:16:49 [ultranest] [DEBUG] iteration=2606, ncalls=35087, regioncalls=1451600, ndraw=40, logz=-15.10, remainder_fraction=88.6975%, Lmin=-8.04, Lmax=-4.92
19:16:50 [ultranest] [DEBUG] iteration=2607, ncalls=35125, regioncalls=1453280, ndraw=40, logz=-15.10, remainder_fraction=88.6704%, Lmin=-8.04, Lmax=-4.92
19:16:52 [ultranest] [DEBUG] iteration=2608, ncalls=35168, regioncalls=1455080, ndraw=40, logz=-15.09, remainder_fraction=88.6324%, Lmin=-8.04, Lmax=-4.92
19:16:52 [ultranest] [DEBUG] iteration=2609, ncalls=35186, regioncalls=1455800, ndraw=40, logz=-15.09, remainder_fraction=88.5648%, Lmin=-8.04, Lmax=-4.92
19:16:56 [ultranest] [DEBUG] iteration=2610, ncalls=35309, regioncalls=1461960, ndraw=40, logz=-15.08, remainder_fraction=88.5432%, Lmin=-8.02, Lmax=-4.92
19:16:57 [ultranest] [DEBUG] iteration=2611, ncalls=35325, regioncalls=1463400, ndraw=40, logz=-15.08, remainder_fraction=88.5042%, Lmin=-8.02, Lmax=-4.92
19:16:58 [ultranest] [DEBUG] iteration=2612, ncalls=35361, regioncalls=1464840, ndraw=40, logz=-15.08, remainder_fraction=88.4488%, Lmin=-8.02, Lmax=-4.92
19:16:58 [ultranest] [DEBUG] iteration=2613, ncalls=35373, regioncalls=1465360, ndraw=40, logz=-15.07, remainder_fraction=88.3831%, Lmin=-8.01, Lmax=-4.92
19:16:58 [ultranest] [DEBUG] iteration=2614, ncalls=35376, regioncalls=1465480, ndraw=40, logz=-15.07, remainder_fraction=88.3128%, Lmin=-8.01, Lmax=-4.92
19:16:59 [ultranest] [DEBUG] iteration=2615, ncalls=35393, regioncalls=1466480, ndraw=40, logz=-15.06, remainder_fraction=88.2479%, Lmin=-8.01, Lmax=-4.92
19:17:02 [ultranest] [DEBUG] iteration=2616, ncalls=35516, regioncalls=1473080, ndraw=40, logz=-15.06, remainder_fraction=88.2574%, Lmin=-7.99, Lmax=-4.92
19:17:03 [ultranest] [DEBUG] iteration=2617, ncalls=35528, regioncalls=1473560, ndraw=40, logz=-15.05, remainder_fraction=88.2098%, Lmin=-7.99, Lmax=-4.92
19:17:03 [ultranest] [DEBUG] iteration=2618, ncalls=35536, regioncalls=1473880, ndraw=40, logz=-15.05, remainder_fraction=88.1452%, Lmin=-7.98, Lmax=-4.92
19:17:04 [ultranest] [DEBUG] iteration=2619, ncalls=35562, regioncalls=1475600, ndraw=40, logz=-15.05, remainder_fraction=88.0889%, Lmin=-7.98, Lmax=-4.92
19:17:12 [ultranest] [DEBUG] iteration=2620, ncalls=35846, regioncalls=1488240, ndraw=40, logz=-15.04, remainder_fraction=88.0178%, Lmin=-7.97, Lmax=-4.92
19:17:12 [ultranest] [DEBUG] iteration=2621, ncalls=35852, regioncalls=1488800, ndraw=40, logz=-15.04, remainder_fraction=87.9484%, Lmin=-7.97, Lmax=-4.92
19:17:13 [ultranest] [DEBUG] iteration=2622, ncalls=35888, regioncalls=1490440, ndraw=40, logz=-15.03, remainder_fraction=87.9159%, Lmin=-7.97, Lmax=-4.92
19:17:16 [ultranest] [DEBUG] iteration=2623, ncalls=35981, regioncalls=1495280, ndraw=40, logz=-15.03, remainder_fraction=87.8614%, Lmin=-7.96, Lmax=-4.92
19:17:17 [ultranest] [DEBUG] iteration=2624, ncalls=36009, regioncalls=1497600, ndraw=40, logz=-15.02, remainder_fraction=87.7919%, Lmin=-7.95, Lmax=-4.92
19:17:17 [ultranest] [DEBUG] iteration=2625, ncalls=36019, regioncalls=1498440, ndraw=40, logz=-15.02, remainder_fraction=87.7612%, Lmin=-7.95, Lmax=-4.92
19:17:21 [ultranest] [DEBUG] iteration=2626, ncalls=36133, regioncalls=1508440, ndraw=40, logz=-15.02, remainder_fraction=87.7625%, Lmin=-7.95, Lmax=-4.92
19:17:22 [ultranest] [DEBUG] iteration=2627, ncalls=36157, regioncalls=1509840, ndraw=40, logz=-15.01, remainder_fraction=87.6951%, Lmin=-7.94, Lmax=-4.92
19:17:23 [ultranest] [DEBUG] iteration=2628, ncalls=36187, regioncalls=1511680, ndraw=40, logz=-15.01, remainder_fraction=87.6311%, Lmin=-7.94, Lmax=-4.92
19:17:23 [ultranest] [DEBUG] iteration=2629, ncalls=36215, regioncalls=1513800, ndraw=40, logz=-15.00, remainder_fraction=87.5685%, Lmin=-7.93, Lmax=-4.92
19:17:24 [ultranest] [DEBUG] iteration=2630, ncalls=36230, regioncalls=1515440, ndraw=40, logz=-15.00, remainder_fraction=87.4977%, Lmin=-7.92, Lmax=-4.92
19:17:24 [ultranest] [DEBUG] iteration=2631, ncalls=36237, regioncalls=1516040, ndraw=40, logz=-14.99, remainder_fraction=87.4558%, Lmin=-7.92, Lmax=-4.92
19:17:25 [ultranest] [DEBUG] iteration=2632, ncalls=36261, regioncalls=1517520, ndraw=40, logz=-14.99, remainder_fraction=87.3989%, Lmin=-7.92, Lmax=-4.92
19:17:25 [ultranest] [DEBUG] iteration=2633, ncalls=36273, regioncalls=1518040, ndraw=40, logz=-14.99, remainder_fraction=87.3506%, Lmin=-7.92, Lmax=-4.92
19:17:25 [ultranest] [DEBUG] iteration=2634, ncalls=36283, regioncalls=1519240, ndraw=40, logz=-14.98, remainder_fraction=87.2792%, Lmin=-7.91, Lmax=-4.92
19:17:26 [ultranest] [DEBUG] iteration=2636, ncalls=36309, regioncalls=1521120, ndraw=40, logz=-14.97, remainder_fraction=87.1717%, Lmin=-7.90, Lmax=-4.92
19:17:29 [ultranest] [DEBUG] iteration=2637, ncalls=36402, regioncalls=1529560, ndraw=40, logz=-14.97, remainder_fraction=87.1543%, Lmin=-7.90, Lmax=-4.92
19:17:29 [ultranest] [DEBUG] iteration=2638, ncalls=36407, regioncalls=1530160, ndraw=40, logz=-14.96, remainder_fraction=87.0822%, Lmin=-7.90, Lmax=-4.92
19:17:30 [ultranest] [DEBUG] iteration=2639, ncalls=36417, regioncalls=1531000, ndraw=40, logz=-14.96, remainder_fraction=87.0421%, Lmin=-7.89, Lmax=-4.92
19:17:30 [ultranest] [DEBUG] iteration=2640, ncalls=36422, regioncalls=1531600, ndraw=40, logz=-14.96, remainder_fraction=86.9707%, Lmin=-7.89, Lmax=-4.92
19:17:30 [ultranest] [DEBUG] iteration=2641, ncalls=36441, regioncalls=1533040, ndraw=40, logz=-14.95, remainder_fraction=86.9801%, Lmin=-7.89, Lmax=-4.92
19:17:31 [ultranest] [DEBUG] iteration=2642, ncalls=36450, regioncalls=1533400, ndraw=40, logz=-14.95, remainder_fraction=86.9085%, Lmin=-7.88, Lmax=-4.92
19:17:31 [ultranest] [DEBUG] iteration=2643, ncalls=36458, regioncalls=1534200, ndraw=40, logz=-14.94, remainder_fraction=86.8510%, Lmin=-7.88, Lmax=-4.92
19:17:31 [ultranest] [DEBUG] iteration=2644, ncalls=36479, regioncalls=1535760, ndraw=40, logz=-14.94, remainder_fraction=86.7817%, Lmin=-7.88, Lmax=-4.92
19:17:32 [ultranest] [DEBUG] iteration=2645, ncalls=36484, regioncalls=1536120, ndraw=40, logz=-14.94, remainder_fraction=86.7106%, Lmin=-7.88, Lmax=-4.92
19:17:33 [ultranest] [DEBUG] iteration=2646, ncalls=36521, regioncalls=1538320, ndraw=40, logz=-14.93, remainder_fraction=86.6689%, Lmin=-7.87, Lmax=-4.92
19:17:33 [ultranest] [DEBUG] iteration=2647, ncalls=36534, regioncalls=1539720, ndraw=40, logz=-14.93, remainder_fraction=86.5994%, Lmin=-7.87, Lmax=-4.92
19:17:34 [ultranest] [DEBUG] iteration=2648, ncalls=36566, regioncalls=1543560, ndraw=40, logz=-14.92, remainder_fraction=86.5874%, Lmin=-7.87, Lmax=-4.92
19:17:35 [ultranest] [DEBUG] iteration=2649, ncalls=36596, regioncalls=1545600, ndraw=40, logz=-14.92, remainder_fraction=86.5358%, Lmin=-7.87, Lmax=-4.92
19:17:35 [ultranest] [DEBUG] iteration=2650, ncalls=36604, regioncalls=1546680, ndraw=40, logz=-14.92, remainder_fraction=86.4650%, Lmin=-7.87, Lmax=-4.92
19:17:36 [ultranest] [DEBUG] iteration=2652, ncalls=36646, regioncalls=1550160, ndraw=40, logz=-14.91, remainder_fraction=86.3426%, Lmin=-7.86, Lmax=-4.92
19:17:37 [ultranest] [DEBUG] iteration=2653, ncalls=36675, regioncalls=1552600, ndraw=40, logz=-14.90, remainder_fraction=86.2788%, Lmin=-7.85, Lmax=-4.92
19:17:38 [ultranest] [DEBUG] iteration=2655, ncalls=36712, regioncalls=1555600, ndraw=40, logz=-14.90, remainder_fraction=86.1876%, Lmin=-7.83, Lmax=-4.92
19:17:40 [ultranest] [DEBUG] iteration=2656, ncalls=36749, regioncalls=1558080, ndraw=40, logz=-14.89, remainder_fraction=86.1120%, Lmin=-7.82, Lmax=-4.92
19:17:41 [ultranest] [DEBUG] iteration=2657, ncalls=36781, regioncalls=1560640, ndraw=40, logz=-14.89, remainder_fraction=86.0394%, Lmin=-7.82, Lmax=-4.92
19:17:42 [ultranest] [DEBUG] iteration=2658, ncalls=36831, regioncalls=1563600, ndraw=40, logz=-14.88, remainder_fraction=85.9757%, Lmin=-7.82, Lmax=-4.92
19:17:42 [ultranest] [DEBUG] iteration=2659, ncalls=36840, regioncalls=1564400, ndraw=40, logz=-14.88, remainder_fraction=85.8991%, Lmin=-7.81, Lmax=-4.92
19:17:44 [ultranest] [DEBUG] iteration=2660, ncalls=36887, regioncalls=1566880, ndraw=40, logz=-14.88, remainder_fraction=85.8303%, Lmin=-7.81, Lmax=-4.92
19:17:45 [ultranest] [DEBUG] iteration=2661, ncalls=36919, regioncalls=1568680, ndraw=40, logz=-14.87, remainder_fraction=85.7644%, Lmin=-7.80, Lmax=-4.92
19:17:45 [ultranest] [DEBUG] iteration=2662, ncalls=36926, regioncalls=1569000, ndraw=40, logz=-14.87, remainder_fraction=85.6896%, Lmin=-7.80, Lmax=-4.92
19:17:48 [ultranest] [DEBUG] iteration=2663, ncalls=37022, regioncalls=1575800, ndraw=40, logz=-14.87, remainder_fraction=85.6602%, Lmin=-7.80, Lmax=-4.92
19:17:48 [ultranest] [DEBUG] iteration=2664, ncalls=37032, regioncalls=1576280, ndraw=40, logz=-14.86, remainder_fraction=85.6889%, Lmin=-7.80, Lmax=-4.92
19:17:49 [ultranest] [DEBUG] iteration=2665, ncalls=37041, regioncalls=1576640, ndraw=40, logz=-14.86, remainder_fraction=85.6347%, Lmin=-7.79, Lmax=-4.92
19:17:49 [ultranest] [DEBUG] iteration=2666, ncalls=37059, regioncalls=1578120, ndraw=40, logz=-14.85, remainder_fraction=85.6316%, Lmin=-7.79, Lmax=-4.92
19:17:51 [ultranest] [DEBUG] iteration=2667, ncalls=37121, regioncalls=1584680, ndraw=40, logz=-14.85, remainder_fraction=85.5594%, Lmin=-7.79, Lmax=-4.92
19:17:51 [ultranest] [DEBUG] iteration=2668, ncalls=37126, regioncalls=1585320, ndraw=40, logz=-14.85, remainder_fraction=85.4899%, Lmin=-7.79, Lmax=-4.92
19:17:52 [ultranest] [DEBUG] iteration=2669, ncalls=37156, regioncalls=1587640, ndraw=40, logz=-14.84, remainder_fraction=85.4305%, Lmin=-7.78, Lmax=-4.92
19:17:53 [ultranest] [DEBUG] iteration=2670, ncalls=37198, regioncalls=1590600, ndraw=40, logz=-14.84, remainder_fraction=85.3657%, Lmin=-7.77, Lmax=-4.92
19:17:54 [ultranest] [DEBUG] iteration=2671, ncalls=37212, regioncalls=1591520, ndraw=40, logz=-14.83, remainder_fraction=85.2890%, Lmin=-7.77, Lmax=-4.92
19:17:55 [ultranest] [DEBUG] iteration=2672, ncalls=37251, regioncalls=1594800, ndraw=40, logz=-14.83, remainder_fraction=85.2149%, Lmin=-7.76, Lmax=-4.92
19:17:57 [ultranest] [DEBUG] iteration=2673, ncalls=37309, regioncalls=1599200, ndraw=40, logz=-14.83, remainder_fraction=85.1376%, Lmin=-7.75, Lmax=-4.92
19:17:58 [ultranest] [DEBUG] iteration=2674, ncalls=37355, regioncalls=1601560, ndraw=40, logz=-14.82, remainder_fraction=85.0619%, Lmin=-7.74, Lmax=-4.92
19:18:03 [ultranest] [DEBUG] iteration=2675, ncalls=37493, regioncalls=1612760, ndraw=40, logz=-14.82, remainder_fraction=84.9841%, Lmin=-7.73, Lmax=-4.92
19:18:03 [ultranest] [DEBUG] iteration=2676, ncalls=37505, regioncalls=1613640, ndraw=40, logz=-14.82, remainder_fraction=84.9315%, Lmin=-7.73, Lmax=-4.92
19:18:05 [ultranest] [DEBUG] iteration=2677, ncalls=37563, regioncalls=1618440, ndraw=40, logz=-14.81, remainder_fraction=84.8648%, Lmin=-7.73, Lmax=-4.92
19:18:05 [ultranest] [DEBUG] iteration=2678, ncalls=37573, regioncalls=1619320, ndraw=40, logz=-14.81, remainder_fraction=84.7978%, Lmin=-7.72, Lmax=-4.92
19:18:05 [ultranest] [DEBUG] iteration=2679, ncalls=37580, regioncalls=1619640, ndraw=40, logz=-14.80, remainder_fraction=84.7485%, Lmin=-7.72, Lmax=-4.92
19:18:06 [ultranest] [DEBUG] iteration=2680, ncalls=37608, regioncalls=1622560, ndraw=40, logz=-14.80, remainder_fraction=84.6695%, Lmin=-7.72, Lmax=-4.92
19:18:07 [ultranest] [DEBUG] iteration=2681, ncalls=37626, regioncalls=1623840, ndraw=40, logz=-14.80, remainder_fraction=84.6307%, Lmin=-7.72, Lmax=-4.92
19:18:07 [ultranest] [DEBUG] iteration=2682, ncalls=37631, regioncalls=1624360, ndraw=40, logz=-14.79, remainder_fraction=84.5574%, Lmin=-7.71, Lmax=-4.92
19:18:07 [ultranest] [DEBUG] iteration=2683, ncalls=37652, regioncalls=1625840, ndraw=40, logz=-14.79, remainder_fraction=84.5462%, Lmin=-7.69, Lmax=-4.92
19:18:08 [ultranest] [DEBUG] iteration=2684, ncalls=37664, regioncalls=1626640, ndraw=40, logz=-14.79, remainder_fraction=84.5042%, Lmin=-7.69, Lmax=-4.92
19:18:11 [ultranest] [DEBUG] iteration=2685, ncalls=37753, regioncalls=1632640, ndraw=40, logz=-14.78, remainder_fraction=84.4228%, Lmin=-7.69, Lmax=-4.92
19:18:12 [ultranest] [DEBUG] iteration=2686, ncalls=37815, regioncalls=1637480, ndraw=40, logz=-14.78, remainder_fraction=84.3412%, Lmin=-7.69, Lmax=-4.92
19:18:13 [ultranest] [DEBUG] iteration=2687, ncalls=37845, regioncalls=1640000, ndraw=40, logz=-14.77, remainder_fraction=84.2867%, Lmin=-7.68, Lmax=-4.92
19:18:14 [ultranest] [DEBUG] iteration=2688, ncalls=37856, regioncalls=1640440, ndraw=40, logz=-14.77, remainder_fraction=84.2348%, Lmin=-7.67, Lmax=-4.92
19:18:15 [ultranest] [DEBUG] iteration=2689, ncalls=37911, regioncalls=1644400, ndraw=40, logz=-14.77, remainder_fraction=84.1729%, Lmin=-7.66, Lmax=-4.92
19:18:16 [ultranest] [DEBUG] iteration=2690, ncalls=37918, regioncalls=1644680, ndraw=40, logz=-14.76, remainder_fraction=84.1088%, Lmin=-7.66, Lmax=-4.92
19:18:21 [ultranest] [DEBUG] iteration=2691, ncalls=38101, regioncalls=1659240, ndraw=40, logz=-14.76, remainder_fraction=84.0369%, Lmin=-7.66, Lmax=-4.92
19:18:22 [ultranest] [DEBUG] iteration=2692, ncalls=38123, regioncalls=1661440, ndraw=40, logz=-14.76, remainder_fraction=83.9935%, Lmin=-7.65, Lmax=-4.92
19:18:22 [ultranest] [DEBUG] iteration=2693, ncalls=38135, regioncalls=1662080, ndraw=40, logz=-14.75, remainder_fraction=83.9409%, Lmin=-7.65, Lmax=-4.92
19:18:23 [ultranest] [DEBUG] iteration=2694, ncalls=38171, regioncalls=1664680, ndraw=40, logz=-14.75, remainder_fraction=83.8597%, Lmin=-7.65, Lmax=-4.92
19:18:25 [ultranest] [DEBUG] iteration=2695, ncalls=38206, regioncalls=1667840, ndraw=40, logz=-14.74, remainder_fraction=83.8320%, Lmin=-7.65, Lmax=-4.92
19:18:25 [ultranest] [DEBUG] iteration=2696, ncalls=38222, regioncalls=1668960, ndraw=40, logz=-14.74, remainder_fraction=83.7640%, Lmin=-7.65, Lmax=-4.92
19:18:26 [ultranest] [DEBUG] iteration=2697, ncalls=38250, regioncalls=1670800, ndraw=40, logz=-14.74, remainder_fraction=83.6940%, Lmin=-7.64, Lmax=-4.92
19:18:26 [ultranest] [DEBUG] iteration=2698, ncalls=38272, regioncalls=1672800, ndraw=40, logz=-14.73, remainder_fraction=83.6255%, Lmin=-7.63, Lmax=-4.92
19:18:27 [ultranest] [DEBUG] iteration=2699, ncalls=38303, regioncalls=1674720, ndraw=40, logz=-14.73, remainder_fraction=83.5445%, Lmin=-7.63, Lmax=-4.92
19:18:28 [ultranest] [DEBUG] iteration=2700, ncalls=38322, regioncalls=1675520, ndraw=40, logz=-14.73, remainder_fraction=83.4662%, Lmin=-7.63, Lmax=-4.92
19:18:29 [ultranest] [DEBUG] iteration=2701, ncalls=38351, regioncalls=1678560, ndraw=40, logz=-14.72, remainder_fraction=83.4064%, Lmin=-7.62, Lmax=-4.92
19:18:30 [ultranest] [DEBUG] iteration=2703, ncalls=38383, regioncalls=1680400, ndraw=40, logz=-14.72, remainder_fraction=83.2953%, Lmin=-7.61, Lmax=-4.92
19:18:31 [ultranest] [DEBUG] iteration=2704, ncalls=38442, regioncalls=1684320, ndraw=40, logz=-14.71, remainder_fraction=83.3057%, Lmin=-7.61, Lmax=-4.92
19:18:33 [ultranest] [DEBUG] iteration=2705, ncalls=38487, regioncalls=1688440, ndraw=40, logz=-14.71, remainder_fraction=83.2324%, Lmin=-7.60, Lmax=-4.92
19:18:34 [ultranest] [DEBUG] iteration=2706, ncalls=38521, regioncalls=1690560, ndraw=40, logz=-14.70, remainder_fraction=83.1488%, Lmin=-7.60, Lmax=-4.92
19:18:36 [ultranest] [DEBUG] iteration=2708, ncalls=38595, regioncalls=1694920, ndraw=40, logz=-14.70, remainder_fraction=83.0839%, Lmin=-7.60, Lmax=-4.92
19:18:37 [ultranest] [DEBUG] iteration=2709, ncalls=38635, regioncalls=1698520, ndraw=40, logz=-14.69, remainder_fraction=83.0062%, Lmin=-7.59, Lmax=-4.92
19:18:38 [ultranest] [DEBUG] iteration=2710, ncalls=38655, regioncalls=1700880, ndraw=40, logz=-14.69, remainder_fraction=82.9707%, Lmin=-7.59, Lmax=-4.92
19:18:39 [ultranest] [DEBUG] iteration=2711, ncalls=38699, regioncalls=1703080, ndraw=40, logz=-14.69, remainder_fraction=82.8880%, Lmin=-7.59, Lmax=-4.92
19:18:42 [ultranest] [DEBUG] iteration=2712, ncalls=38787, regioncalls=1710320, ndraw=40, logz=-14.68, remainder_fraction=82.8516%, Lmin=-7.59, Lmax=-4.92
19:18:44 [ultranest] [DEBUG] iteration=2713, ncalls=38834, regioncalls=1716200, ndraw=40, logz=-14.68, remainder_fraction=82.7774%, Lmin=-7.58, Lmax=-4.92
19:18:45 [ultranest] [DEBUG] iteration=2714, ncalls=38870, regioncalls=1718680, ndraw=40, logz=-14.68, remainder_fraction=82.7676%, Lmin=-7.58, Lmax=-4.92
19:18:45 [ultranest] [DEBUG] iteration=2715, ncalls=38887, regioncalls=1719960, ndraw=40, logz=-14.67, remainder_fraction=82.6849%, Lmin=-7.57, Lmax=-4.92
19:18:47 [ultranest] [DEBUG] iteration=2716, ncalls=38925, regioncalls=1721600, ndraw=40, logz=-14.67, remainder_fraction=82.6018%, Lmin=-7.56, Lmax=-4.92
19:18:47 [ultranest] [DEBUG] iteration=2717, ncalls=38933, regioncalls=1722240, ndraw=40, logz=-14.67, remainder_fraction=82.5446%, Lmin=-7.56, Lmax=-4.92
19:18:47 [ultranest] [DEBUG] iteration=2718, ncalls=38952, regioncalls=1723880, ndraw=40, logz=-14.66, remainder_fraction=82.5036%, Lmin=-7.55, Lmax=-4.92
19:18:48 [ultranest] [DEBUG] iteration=2719, ncalls=38984, regioncalls=1725600, ndraw=40, logz=-14.66, remainder_fraction=82.4330%, Lmin=-7.55, Lmax=-4.92
19:18:49 [ultranest] [DEBUG] iteration=2720, ncalls=39014, regioncalls=1729200, ndraw=40, logz=-14.65, remainder_fraction=82.3714%, Lmin=-7.54, Lmax=-4.92
19:18:50 [ultranest] [DEBUG] iteration=2721, ncalls=39026, regioncalls=1730160, ndraw=40, logz=-14.65, remainder_fraction=82.2960%, Lmin=-7.54, Lmax=-4.92
19:18:51 [ultranest] [DEBUG] iteration=2722, ncalls=39055, regioncalls=1731840, ndraw=40, logz=-14.65, remainder_fraction=82.2411%, Lmin=-7.54, Lmax=-4.92
19:18:52 [ultranest] [DEBUG] iteration=2723, ncalls=39106, regioncalls=1736840, ndraw=40, logz=-14.64, remainder_fraction=82.1614%, Lmin=-7.53, Lmax=-4.92
19:18:55 [ultranest] [DEBUG] iteration=2724, ncalls=39182, regioncalls=1744560, ndraw=40, logz=-14.64, remainder_fraction=82.0754%, Lmin=-7.53, Lmax=-4.92
19:18:55 [ultranest] [DEBUG] iteration=2725, ncalls=39209, regioncalls=1746640, ndraw=40, logz=-14.64, remainder_fraction=81.9966%, Lmin=-7.53, Lmax=-4.92
19:18:55 [ultranest] [DEBUG] iteration=2726, ncalls=39212, regioncalls=1746760, ndraw=40, logz=-14.63, remainder_fraction=81.9112%, Lmin=-7.53, Lmax=-4.92
19:18:57 [ultranest] [DEBUG] iteration=2727, ncalls=39257, regioncalls=1749960, ndraw=40, logz=-14.63, remainder_fraction=81.8340%, Lmin=-7.52, Lmax=-4.92
19:18:57 [ultranest] [DEBUG] iteration=2728, ncalls=39261, regioncalls=1750120, ndraw=40, logz=-14.63, remainder_fraction=81.7632%, Lmin=-7.52, Lmax=-4.92
19:18:59 [ultranest] [DEBUG] iteration=2729, ncalls=39316, regioncalls=1753600, ndraw=40, logz=-14.62, remainder_fraction=81.6912%, Lmin=-7.52, Lmax=-4.92
19:19:00 [ultranest] [DEBUG] iteration=2731, ncalls=39349, regioncalls=1755800, ndraw=40, logz=-14.62, remainder_fraction=81.5322%, Lmin=-7.52, Lmax=-4.92
19:19:01 [ultranest] [DEBUG] iteration=2732, ncalls=39402, regioncalls=1760040, ndraw=40, logz=-14.61, remainder_fraction=81.4757%, Lmin=-7.51, Lmax=-4.92
19:19:02 [ultranest] [DEBUG] iteration=2734, ncalls=39411, regioncalls=1761040, ndraw=40, logz=-14.61, remainder_fraction=81.3879%, Lmin=-7.51, Lmax=-4.92
19:19:03 [ultranest] [DEBUG] iteration=2735, ncalls=39443, regioncalls=1764960, ndraw=40, logz=-14.60, remainder_fraction=81.3644%, Lmin=-7.51, Lmax=-4.92
19:19:03 [ultranest] [DEBUG] iteration=2736, ncalls=39464, regioncalls=1766760, ndraw=40, logz=-14.60, remainder_fraction=81.2892%, Lmin=-7.50, Lmax=-4.92
19:19:04 [ultranest] [DEBUG] iteration=2737, ncalls=39473, regioncalls=1767480, ndraw=40, logz=-14.60, remainder_fraction=81.2076%, Lmin=-7.49, Lmax=-4.92
19:19:04 [ultranest] [DEBUG] iteration=2738, ncalls=39494, regioncalls=1768680, ndraw=40, logz=-14.59, remainder_fraction=81.1214%, Lmin=-7.49, Lmax=-4.92
19:19:06 [ultranest] [DEBUG] iteration=2739, ncalls=39545, regioncalls=1772000, ndraw=40, logz=-14.59, remainder_fraction=81.0914%, Lmin=-7.49, Lmax=-4.92
19:19:06 [ultranest] [DEBUG] iteration=2740, ncalls=39561, regioncalls=1773240, ndraw=40, logz=-14.59, remainder_fraction=81.0027%, Lmin=-7.49, Lmax=-4.92
19:19:08 [ultranest] [DEBUG] iteration=2741, ncalls=39599, regioncalls=1776160, ndraw=40, logz=-14.58, remainder_fraction=80.9153%, Lmin=-7.49, Lmax=-4.92
19:19:08 [ultranest] [DEBUG] iteration=2742, ncalls=39614, regioncalls=1778240, ndraw=40, logz=-14.58, remainder_fraction=80.8292%, Lmin=-7.49, Lmax=-4.92
19:19:09 [ultranest] [DEBUG] iteration=2743, ncalls=39642, regioncalls=1780760, ndraw=40, logz=-14.58, remainder_fraction=80.8167%, Lmin=-7.48, Lmax=-4.92
19:19:10 [ultranest] [DEBUG] iteration=2744, ncalls=39685, regioncalls=1784360, ndraw=40, logz=-14.57, remainder_fraction=80.7672%, Lmin=-7.47, Lmax=-4.92
19:19:11 [ultranest] [DEBUG] iteration=2745, ncalls=39715, regioncalls=1786440, ndraw=40, logz=-14.57, remainder_fraction=80.6857%, Lmin=-7.47, Lmax=-4.92
19:19:12 [ultranest] [DEBUG] iteration=2746, ncalls=39754, regioncalls=1788960, ndraw=40, logz=-14.57, remainder_fraction=80.6560%, Lmin=-7.46, Lmax=-4.92
19:19:14 [ultranest] [DEBUG] iteration=2747, ncalls=39785, regioncalls=1791320, ndraw=40, logz=-14.56, remainder_fraction=80.6142%, Lmin=-7.45, Lmax=-4.92
19:19:14 [ultranest] [DEBUG] iteration=2748, ncalls=39816, regioncalls=1794560, ndraw=40, logz=-14.56, remainder_fraction=80.5258%, Lmin=-7.45, Lmax=-4.92
19:19:17 [ultranest] [DEBUG] iteration=2749, ncalls=39888, regioncalls=1802840, ndraw=40, logz=-14.56, remainder_fraction=80.4524%, Lmin=-7.45, Lmax=-4.92
19:19:17 [ultranest] [DEBUG] iteration=2750, ncalls=39892, regioncalls=1803040, ndraw=40, logz=-14.55, remainder_fraction=80.3701%, Lmin=-7.45, Lmax=-4.92
19:19:17 [ultranest] [DEBUG] iteration=2751, ncalls=39911, regioncalls=1805160, ndraw=40, logz=-14.55, remainder_fraction=80.2968%, Lmin=-7.45, Lmax=-4.92
19:19:18 [ultranest] [DEBUG] iteration=2752, ncalls=39923, regioncalls=1806400, ndraw=40, logz=-14.55, remainder_fraction=80.2087%, Lmin=-7.45, Lmax=-4.92
19:19:18 [ultranest] [DEBUG] iteration=2753, ncalls=39933, regioncalls=1807080, ndraw=40, logz=-14.54, remainder_fraction=80.2007%, Lmin=-7.44, Lmax=-4.92
19:19:24 [ultranest] [DEBUG] iteration=2754, ncalls=40136, regioncalls=1821040, ndraw=40, logz=-14.54, remainder_fraction=80.1170%, Lmin=-7.44, Lmax=-4.92
19:19:25 [ultranest] [DEBUG] iteration=2755, ncalls=40148, regioncalls=1821800, ndraw=40, logz=-14.54, remainder_fraction=80.0500%, Lmin=-7.44, Lmax=-4.92
19:19:25 [ultranest] [DEBUG] iteration=2756, ncalls=40159, regioncalls=1822480, ndraw=40, logz=-14.54, remainder_fraction=79.9639%, Lmin=-7.43, Lmax=-4.92
19:19:27 [ultranest] [DEBUG] iteration=2757, ncalls=40210, regioncalls=1826640, ndraw=40, logz=-14.53, remainder_fraction=79.8758%, Lmin=-7.43, Lmax=-4.92
19:19:27 [ultranest] [DEBUG] iteration=2758, ncalls=40228, regioncalls=1828360, ndraw=40, logz=-14.53, remainder_fraction=79.7937%, Lmin=-7.43, Lmax=-4.92
19:19:28 [ultranest] [DEBUG] iteration=2759, ncalls=40267, regioncalls=1831680, ndraw=40, logz=-14.53, remainder_fraction=79.7143%, Lmin=-7.43, Lmax=-4.92
19:19:29 [ultranest] [DEBUG] iteration=2760, ncalls=40285, regioncalls=1832680, ndraw=40, logz=-14.52, remainder_fraction=79.6831%, Lmin=-7.42, Lmax=-4.92
19:19:31 [ultranest] [DEBUG] iteration=2761, ncalls=40346, regioncalls=1837040, ndraw=40, logz=-14.52, remainder_fraction=79.5954%, Lmin=-7.42, Lmax=-4.92
19:19:31 [ultranest] [DEBUG] iteration=2762, ncalls=40361, regioncalls=1839040, ndraw=40, logz=-14.52, remainder_fraction=79.5646%, Lmin=-7.41, Lmax=-4.92
19:19:34 [ultranest] [DEBUG] iteration=2763, ncalls=40448, regioncalls=1845760, ndraw=40, logz=-14.51, remainder_fraction=79.4926%, Lmin=-7.41, Lmax=-4.92
19:19:35 [ultranest] [DEBUG] iteration=2764, ncalls=40477, regioncalls=1847600, ndraw=40, logz=-14.51, remainder_fraction=79.4124%, Lmin=-7.40, Lmax=-4.92
19:19:37 [ultranest] [DEBUG] iteration=2765, ncalls=40548, regioncalls=1852920, ndraw=40, logz=-14.51, remainder_fraction=79.3384%, Lmin=-7.40, Lmax=-4.92
19:19:38 [ultranest] [DEBUG] iteration=2766, ncalls=40581, regioncalls=1855120, ndraw=40, logz=-14.50, remainder_fraction=79.3131%, Lmin=-7.40, Lmax=-4.92
19:19:44 [ultranest] [DEBUG] iteration=2767, ncalls=40770, regioncalls=1870600, ndraw=40, logz=-14.50, remainder_fraction=79.2300%, Lmin=-7.39, Lmax=-4.92
19:19:45 [ultranest] [DEBUG] iteration=2768, ncalls=40797, regioncalls=1873440, ndraw=40, logz=-14.50, remainder_fraction=79.1627%, Lmin=-7.39, Lmax=-4.92
19:19:45 [ultranest] [DEBUG] iteration=2769, ncalls=40801, regioncalls=1873640, ndraw=40, logz=-14.49, remainder_fraction=79.0742%, Lmin=-7.38, Lmax=-4.92
19:19:45 [ultranest] [DEBUG] iteration=2770, ncalls=40806, regioncalls=1873880, ndraw=40, logz=-14.49, remainder_fraction=78.9913%, Lmin=-7.37, Lmax=-4.92
19:19:47 [ultranest] [DEBUG] iteration=2771, ncalls=40876, regioncalls=1879440, ndraw=40, logz=-14.49, remainder_fraction=78.9170%, Lmin=-7.36, Lmax=-4.92
19:19:49 [ultranest] [DEBUG] iteration=2772, ncalls=40925, regioncalls=1883080, ndraw=40, logz=-14.49, remainder_fraction=78.8248%, Lmin=-7.36, Lmax=-4.92
19:19:49 [ultranest] [DEBUG] iteration=2773, ncalls=40934, regioncalls=1884400, ndraw=40, logz=-14.48, remainder_fraction=78.7598%, Lmin=-7.36, Lmax=-4.92
19:19:50 [ultranest] [DEBUG] iteration=2774, ncalls=40967, regioncalls=1888160, ndraw=40, logz=-14.48, remainder_fraction=78.7304%, Lmin=-7.36, Lmax=-4.92
19:19:50 [ultranest] [DEBUG] iteration=2775, ncalls=40973, regioncalls=1889200, ndraw=40, logz=-14.48, remainder_fraction=78.6707%, Lmin=-7.36, Lmax=-4.92
19:19:51 [ultranest] [DEBUG] iteration=2777, ncalls=41009, regioncalls=1892560, ndraw=40, logz=-14.47, remainder_fraction=78.4896%, Lmin=-7.34, Lmax=-4.92
19:19:52 [ultranest] [DEBUG] iteration=2778, ncalls=41029, regioncalls=1893520, ndraw=40, logz=-14.47, remainder_fraction=78.4010%, Lmin=-7.34, Lmax=-4.92
19:19:54 [ultranest] [DEBUG] iteration=2779, ncalls=41084, regioncalls=1897640, ndraw=40, logz=-14.46, remainder_fraction=78.3366%, Lmin=-7.34, Lmax=-4.92
19:19:56 [ultranest] [DEBUG] iteration=2780, ncalls=41111, regioncalls=1900880, ndraw=40, logz=-14.46, remainder_fraction=78.2767%, Lmin=-7.33, Lmax=-4.92
19:19:57 [ultranest] [DEBUG] iteration=2781, ncalls=41135, regioncalls=1903400, ndraw=40, logz=-14.46, remainder_fraction=78.1931%, Lmin=-7.33, Lmax=-4.92
19:20:01 [ultranest] [DEBUG] iteration=2782, ncalls=41230, regioncalls=1909320, ndraw=40, logz=-14.45, remainder_fraction=78.1381%, Lmin=-7.33, Lmax=-4.92
19:20:03 [ultranest] [DEBUG] iteration=2783, ncalls=41265, regioncalls=1911400, ndraw=40, logz=-14.45, remainder_fraction=78.0601%, Lmin=-7.33, Lmax=-4.92
19:20:03 [ultranest] [DEBUG] iteration=2784, ncalls=41270, regioncalls=1911720, ndraw=40, logz=-14.45, remainder_fraction=78.0205%, Lmin=-7.32, Lmax=-4.92
19:20:04 [ultranest] [DEBUG] iteration=2785, ncalls=41291, regioncalls=1913680, ndraw=40, logz=-14.45, remainder_fraction=77.9322%, Lmin=-7.32, Lmax=-4.92
19:20:04 [ultranest] [DEBUG] iteration=2786, ncalls=41300, regioncalls=1914960, ndraw=40, logz=-14.44, remainder_fraction=77.9213%, Lmin=-7.32, Lmax=-4.92
19:20:05 [ultranest] [DEBUG] iteration=2787, ncalls=41311, regioncalls=1915440, ndraw=40, logz=-14.44, remainder_fraction=77.9253%, Lmin=-7.31, Lmax=-4.92
19:20:06 [ultranest] [DEBUG] iteration=2788, ncalls=41332, regioncalls=1917040, ndraw=40, logz=-14.44, remainder_fraction=77.8792%, Lmin=-7.31, Lmax=-4.92
19:20:10 [ultranest] [DEBUG] iteration=2789, ncalls=41431, regioncalls=1926560, ndraw=40, logz=-14.43, remainder_fraction=77.7956%, Lmin=-7.31, Lmax=-4.92
19:20:11 [ultranest] [DEBUG] iteration=2790, ncalls=41450, regioncalls=1927800, ndraw=40, logz=-14.43, remainder_fraction=77.7232%, Lmin=-7.30, Lmax=-4.92
19:20:12 [ultranest] [DEBUG] iteration=2791, ncalls=41465, regioncalls=1929400, ndraw=40, logz=-14.43, remainder_fraction=77.7307%, Lmin=-7.30, Lmax=-4.92
19:20:13 [ultranest] [DEBUG] iteration=2792, ncalls=41489, regioncalls=1931640, ndraw=40, logz=-14.42, remainder_fraction=77.6453%, Lmin=-7.29, Lmax=-4.92
19:20:16 [ultranest] [DEBUG] iteration=2793, ncalls=41555, regioncalls=1936840, ndraw=40, logz=-14.42, remainder_fraction=77.6101%, Lmin=-7.29, Lmax=-4.92
19:20:17 [ultranest] [DEBUG] iteration=2794, ncalls=41573, regioncalls=1937760, ndraw=40, logz=-14.42, remainder_fraction=77.5212%, Lmin=-7.29, Lmax=-4.92
19:20:18 [ultranest] [DEBUG] iteration=2795, ncalls=41594, regioncalls=1939360, ndraw=40, logz=-14.42, remainder_fraction=77.4389%, Lmin=-7.29, Lmax=-4.92
19:20:19 [ultranest] [DEBUG] iteration=2797, ncalls=41632, regioncalls=1943320, ndraw=40, logz=-14.41, remainder_fraction=77.3802%, Lmin=-7.28, Lmax=-4.92
19:20:21 [ultranest] [DEBUG] iteration=2798, ncalls=41677, regioncalls=1946240, ndraw=40, logz=-14.41, remainder_fraction=77.4012%, Lmin=-7.28, Lmax=-4.92
19:20:22 [ultranest] [DEBUG] iteration=2799, ncalls=41685, regioncalls=1947160, ndraw=40, logz=-14.40, remainder_fraction=77.3124%, Lmin=-7.28, Lmax=-4.92
19:20:23 [ultranest] [DEBUG] iteration=2800, ncalls=41710, regioncalls=1949400, ndraw=40, logz=-14.40, remainder_fraction=77.2369%, Lmin=-7.28, Lmax=-4.92
19:20:23 [ultranest] [DEBUG] iteration=2801, ncalls=41720, regioncalls=1950480, ndraw=40, logz=-14.40, remainder_fraction=77.1486%, Lmin=-7.28, Lmax=-4.92
19:20:24 [ultranest] [DEBUG] iteration=2802, ncalls=41743, regioncalls=1952240, ndraw=40, logz=-14.39, remainder_fraction=77.0631%, Lmin=-7.27, Lmax=-4.92
19:20:28 [ultranest] [DEBUG] iteration=2803, ncalls=41828, regioncalls=1959480, ndraw=40, logz=-14.39, remainder_fraction=76.9740%, Lmin=-7.27, Lmax=-4.92
19:20:31 [ultranest] [DEBUG] iteration=2804, ncalls=41878, regioncalls=1963760, ndraw=40, logz=-14.39, remainder_fraction=76.9775%, Lmin=-7.27, Lmax=-4.92
19:20:32 [ultranest] [DEBUG] iteration=2805, ncalls=41903, regioncalls=1966320, ndraw=40, logz=-14.39, remainder_fraction=76.8919%, Lmin=-7.26, Lmax=-4.92
19:20:34 [ultranest] [DEBUG] iteration=2806, ncalls=41944, regioncalls=1972480, ndraw=40, logz=-14.38, remainder_fraction=76.8377%, Lmin=-7.26, Lmax=-4.92
19:20:34 [ultranest] [DEBUG] iteration=2807, ncalls=41952, regioncalls=1972840, ndraw=40, logz=-14.38, remainder_fraction=76.7959%, Lmin=-7.26, Lmax=-4.92
19:20:35 [ultranest] [DEBUG] iteration=2808, ncalls=41978, regioncalls=1975400, ndraw=40, logz=-14.38, remainder_fraction=76.7223%, Lmin=-7.25, Lmax=-4.92
19:20:36 [ultranest] [DEBUG] iteration=2809, ncalls=41995, regioncalls=1977240, ndraw=40, logz=-14.37, remainder_fraction=76.6275%, Lmin=-7.25, Lmax=-4.92
19:20:37 [ultranest] [DEBUG] iteration=2810, ncalls=42026, regioncalls=1981720, ndraw=40, logz=-14.37, remainder_fraction=76.6262%, Lmin=-7.24, Lmax=-4.92
19:20:38 [ultranest] [DEBUG] iteration=2811, ncalls=42036, regioncalls=1982240, ndraw=40, logz=-14.37, remainder_fraction=76.5516%, Lmin=-7.23, Lmax=-4.92
19:20:38 [ultranest] [DEBUG] iteration=2812, ncalls=42041, regioncalls=1983040, ndraw=40, logz=-14.37, remainder_fraction=76.4666%, Lmin=-7.23, Lmax=-4.92
19:20:39 [ultranest] [DEBUG] iteration=2813, ncalls=42060, regioncalls=1985840, ndraw=40, logz=-14.36, remainder_fraction=76.4054%, Lmin=-7.23, Lmax=-4.92
19:20:39 [ultranest] [DEBUG] iteration=2814, ncalls=42068, regioncalls=1987440, ndraw=40, logz=-14.36, remainder_fraction=76.3792%, Lmin=-7.23, Lmax=-4.92
19:20:41 [ultranest] [DEBUG] iteration=2815, ncalls=42097, regioncalls=1990320, ndraw=40, logz=-14.36, remainder_fraction=76.3007%, Lmin=-7.23, Lmax=-4.92
19:20:41 [ultranest] [DEBUG] iteration=2816, ncalls=42114, regioncalls=1992760, ndraw=40, logz=-14.35, remainder_fraction=76.2115%, Lmin=-7.23, Lmax=-4.92
19:20:42 [ultranest] [DEBUG] iteration=2817, ncalls=42119, regioncalls=1993320, ndraw=40, logz=-14.35, remainder_fraction=76.1182%, Lmin=-7.22, Lmax=-4.92
19:20:43 [ultranest] [DEBUG] iteration=2818, ncalls=42143, regioncalls=1998040, ndraw=40, logz=-14.35, remainder_fraction=76.0281%, Lmin=-7.22, Lmax=-4.92
19:20:43 [ultranest] [DEBUG] iteration=2819, ncalls=42160, regioncalls=1999240, ndraw=40, logz=-14.35, remainder_fraction=75.9353%, Lmin=-7.21, Lmax=-4.92
19:20:44 [ultranest] [DEBUG] iteration=2820, ncalls=42173, regioncalls=2000560, ndraw=40, logz=-14.34, remainder_fraction=75.8587%, Lmin=-7.21, Lmax=-4.92
19:20:45 [ultranest] [DEBUG] iteration=2821, ncalls=42202, regioncalls=2003040, ndraw=40, logz=-14.34, remainder_fraction=75.8059%, Lmin=-7.20, Lmax=-4.92
19:20:46 [ultranest] [DEBUG] iteration=2822, ncalls=42210, regioncalls=2003800, ndraw=40, logz=-14.34, remainder_fraction=75.7647%, Lmin=-7.20, Lmax=-4.92
19:20:46 [ultranest] [DEBUG] iteration=2823, ncalls=42220, regioncalls=2004560, ndraw=40, logz=-14.34, remainder_fraction=75.6689%, Lmin=-7.19, Lmax=-4.92
19:20:48 [ultranest] [DEBUG] iteration=2824, ncalls=42272, regioncalls=2011160, ndraw=40, logz=-14.33, remainder_fraction=75.5731%, Lmin=-7.18, Lmax=-4.92
19:20:49 [ultranest] [DEBUG] iteration=2825, ncalls=42277, regioncalls=2011360, ndraw=40, logz=-14.33, remainder_fraction=75.4919%, Lmin=-7.18, Lmax=-4.92
19:20:49 [ultranest] [DEBUG] iteration=2826, ncalls=42283, regioncalls=2011720, ndraw=40, logz=-14.33, remainder_fraction=75.4316%, Lmin=-7.18, Lmax=-4.92
19:20:53 [ultranest] [DEBUG] iteration=2827, ncalls=42367, regioncalls=2023520, ndraw=40, logz=-14.32, remainder_fraction=75.3555%, Lmin=-7.18, Lmax=-4.92
19:20:53 [ultranest] [DEBUG] iteration=2828, ncalls=42371, regioncalls=2023840, ndraw=40, logz=-14.32, remainder_fraction=75.2587%, Lmin=-7.16, Lmax=-4.92
19:20:55 [ultranest] [DEBUG] iteration=2829, ncalls=42404, regioncalls=2028080, ndraw=40, logz=-14.32, remainder_fraction=75.2003%, Lmin=-7.15, Lmax=-4.92
19:20:55 [ultranest] [DEBUG] iteration=2830, ncalls=42409, regioncalls=2029080, ndraw=40, logz=-14.32, remainder_fraction=75.1072%, Lmin=-7.14, Lmax=-4.92
19:20:56 [ultranest] [DEBUG] iteration=2831, ncalls=42434, regioncalls=2031600, ndraw=40, logz=-14.31, remainder_fraction=75.0562%, Lmin=-7.14, Lmax=-4.92
19:20:58 [ultranest] [DEBUG] iteration=2832, ncalls=42474, regioncalls=2036200, ndraw=40, logz=-14.31, remainder_fraction=75.0054%, Lmin=-7.14, Lmax=-4.92
19:20:58 [ultranest] [DEBUG] iteration=2833, ncalls=42477, regioncalls=2036320, ndraw=40, logz=-14.31, remainder_fraction=74.9302%, Lmin=-7.14, Lmax=-4.92
19:20:58 [ultranest] [DEBUG] iteration=2834, ncalls=42482, regioncalls=2037720, ndraw=40, logz=-14.30, remainder_fraction=74.8381%, Lmin=-7.13, Lmax=-4.92
19:21:00 [ultranest] [DEBUG] iteration=2835, ncalls=42533, regioncalls=2045000, ndraw=40, logz=-14.30, remainder_fraction=74.7402%, Lmin=-7.13, Lmax=-4.92
19:21:01 [ultranest] [DEBUG] iteration=2836, ncalls=42538, regioncalls=2045520, ndraw=40, logz=-14.30, remainder_fraction=74.6618%, Lmin=-7.12, Lmax=-4.92
19:21:03 [ultranest] [DEBUG] iteration=2837, ncalls=42589, regioncalls=2054240, ndraw=40, logz=-14.30, remainder_fraction=74.5733%, Lmin=-7.12, Lmax=-4.92
19:21:04 [ultranest] [DEBUG] iteration=2838, ncalls=42609, regioncalls=2056120, ndraw=40, logz=-14.29, remainder_fraction=74.4821%, Lmin=-7.12, Lmax=-4.92
19:21:06 [ultranest] [DEBUG] iteration=2839, ncalls=42661, regioncalls=2061680, ndraw=40, logz=-14.29, remainder_fraction=74.4051%, Lmin=-7.11, Lmax=-4.92
19:21:07 [ultranest] [DEBUG] iteration=2841, ncalls=42685, regioncalls=2064200, ndraw=40, logz=-14.28, remainder_fraction=74.2091%, Lmin=-7.10, Lmax=-4.92
19:21:11 [ultranest] [DEBUG] iteration=2842, ncalls=42773, regioncalls=2074840, ndraw=40, logz=-14.28, remainder_fraction=74.1086%, Lmin=-7.10, Lmax=-4.92
19:21:11 [ultranest] [DEBUG] iteration=2843, ncalls=42779, regioncalls=2076240, ndraw=40, logz=-14.28, remainder_fraction=74.0256%, Lmin=-7.10, Lmax=-4.92
19:21:12 [ultranest] [DEBUG] iteration=2844, ncalls=42792, regioncalls=2077360, ndraw=40, logz=-14.28, remainder_fraction=73.9320%, Lmin=-7.10, Lmax=-4.92
19:21:13 [ultranest] [DEBUG] iteration=2845, ncalls=42804, regioncalls=2078960, ndraw=40, logz=-14.27, remainder_fraction=73.8454%, Lmin=-7.09, Lmax=-4.92
19:21:15 [ultranest] [DEBUG] iteration=2846, ncalls=42856, regioncalls=2086720, ndraw=40, logz=-14.27, remainder_fraction=73.7599%, Lmin=-7.09, Lmax=-4.92
19:21:15 [ultranest] [DEBUG] iteration=2847, ncalls=42862, regioncalls=2087160, ndraw=40, logz=-14.27, remainder_fraction=73.6602%, Lmin=-7.07, Lmax=-4.92
19:21:21 [ultranest] [DEBUG] iteration=2848, ncalls=42992, regioncalls=2103480, ndraw=40, logz=-14.27, remainder_fraction=73.5866%, Lmin=-7.07, Lmax=-4.92
19:21:21 [ultranest] [DEBUG] iteration=2849, ncalls=43000, regioncalls=2104680, ndraw=40, logz=-14.26, remainder_fraction=73.5125%, Lmin=-7.07, Lmax=-4.92
19:21:22 [ultranest] [DEBUG] iteration=2850, ncalls=43007, regioncalls=2105080, ndraw=40, logz=-14.26, remainder_fraction=73.4312%, Lmin=-7.07, Lmax=-4.92
19:21:24 [ultranest] [DEBUG] iteration=2851, ncalls=43065, regioncalls=2113480, ndraw=40, logz=-14.26, remainder_fraction=73.3313%, Lmin=-7.07, Lmax=-4.92
19:21:26 [ultranest] [DEBUG] iteration=2852, ncalls=43107, regioncalls=2118480, ndraw=40, logz=-14.25, remainder_fraction=73.2382%, Lmin=-7.07, Lmax=-4.92
19:21:28 [ultranest] [DEBUG] iteration=2853, ncalls=43152, regioncalls=2122200, ndraw=40, logz=-14.25, remainder_fraction=73.1823%, Lmin=-7.06, Lmax=-4.92
19:21:30 [ultranest] [DEBUG] iteration=2854, ncalls=43180, regioncalls=2125320, ndraw=40, logz=-14.25, remainder_fraction=73.0822%, Lmin=-7.06, Lmax=-4.92
19:21:30 [ultranest] [DEBUG] iteration=2855, ncalls=43195, regioncalls=2126240, ndraw=40, logz=-14.25, remainder_fraction=73.0742%, Lmin=-7.05, Lmax=-4.92
19:21:30 [ultranest] [DEBUG] iteration=2856, ncalls=43199, regioncalls=2126880, ndraw=40, logz=-14.24, remainder_fraction=72.9973%, Lmin=-7.05, Lmax=-4.92
19:21:32 [ultranest] [DEBUG] iteration=2857, ncalls=43224, regioncalls=2128920, ndraw=40, logz=-14.24, remainder_fraction=72.9016%, Lmin=-7.05, Lmax=-4.92
19:21:32 [ultranest] [DEBUG] iteration=2858, ncalls=43233, regioncalls=2129520, ndraw=40, logz=-14.24, remainder_fraction=72.8381%, Lmin=-7.04, Lmax=-4.92
19:21:33 [ultranest] [DEBUG] iteration=2859, ncalls=43263, regioncalls=2133000, ndraw=40, logz=-14.24, remainder_fraction=72.7479%, Lmin=-7.04, Lmax=-4.92
19:21:35 [ultranest] [DEBUG] iteration=2860, ncalls=43300, regioncalls=2137920, ndraw=40, logz=-14.23, remainder_fraction=72.6551%, Lmin=-7.04, Lmax=-4.92
19:21:39 [ultranest] [DEBUG] iteration=2861, ncalls=43388, regioncalls=2148640, ndraw=40, logz=-14.23, remainder_fraction=72.6172%, Lmin=-7.03, Lmax=-4.92
19:21:40 [ultranest] [DEBUG] iteration=2862, ncalls=43419, regioncalls=2151800, ndraw=40, logz=-14.23, remainder_fraction=72.5257%, Lmin=-7.03, Lmax=-4.92
19:21:42 [ultranest] [DEBUG] iteration=2863, ncalls=43450, regioncalls=2156200, ndraw=40, logz=-14.22, remainder_fraction=72.4401%, Lmin=-7.03, Lmax=-4.92
19:21:48 [ultranest] [DEBUG] iteration=2864, ncalls=43594, regioncalls=2175400, ndraw=40, logz=-14.22, remainder_fraction=72.3405%, Lmin=-7.02, Lmax=-4.92
19:21:49 [ultranest] [DEBUG] iteration=2865, ncalls=43603, regioncalls=2176280, ndraw=40, logz=-14.22, remainder_fraction=72.2511%, Lmin=-7.02, Lmax=-4.92
19:21:49 [ultranest] [DEBUG] iteration=2866, ncalls=43617, regioncalls=2178520, ndraw=40, logz=-14.22, remainder_fraction=72.1718%, Lmin=-7.01, Lmax=-4.92
19:21:50 [ultranest] [DEBUG] iteration=2867, ncalls=43640, regioncalls=2180560, ndraw=40, logz=-14.21, remainder_fraction=72.0826%, Lmin=-7.01, Lmax=-4.92
19:21:50 [ultranest] [DEBUG] iteration=2868, ncalls=43643, regioncalls=2180760, ndraw=40, logz=-14.21, remainder_fraction=71.9950%, Lmin=-7.01, Lmax=-4.92
19:21:51 [ultranest] [DEBUG] iteration=2869, ncalls=43664, regioncalls=2183040, ndraw=40, logz=-14.21, remainder_fraction=71.8975%, Lmin=-7.01, Lmax=-4.92
19:21:53 [ultranest] [DEBUG] iteration=2870, ncalls=43702, regioncalls=2188680, ndraw=40, logz=-14.21, remainder_fraction=71.9132%, Lmin=-7.01, Lmax=-4.92
19:21:54 [ultranest] [DEBUG] iteration=2872, ncalls=43725, regioncalls=2191440, ndraw=40, logz=-14.20, remainder_fraction=71.7800%, Lmin=-7.01, Lmax=-4.92
19:21:56 [ultranest] [DEBUG] iteration=2873, ncalls=43761, regioncalls=2194880, ndraw=40, logz=-14.20, remainder_fraction=71.6784%, Lmin=-7.01, Lmax=-4.92
19:21:56 [ultranest] [DEBUG] iteration=2874, ncalls=43765, regioncalls=2195680, ndraw=40, logz=-14.20, remainder_fraction=71.6401%, Lmin=-7.00, Lmax=-4.92
19:22:00 [ultranest] [DEBUG] iteration=2875, ncalls=43844, regioncalls=2204720, ndraw=40, logz=-14.19, remainder_fraction=71.5618%, Lmin=-7.00, Lmax=-4.92
19:22:01 [ultranest] [DEBUG] iteration=2876, ncalls=43868, regioncalls=2206480, ndraw=40, logz=-14.19, remainder_fraction=71.4652%, Lmin=-7.00, Lmax=-4.92
19:22:01 [ultranest] [DEBUG] iteration=2877, ncalls=43876, regioncalls=2207560, ndraw=40, logz=-14.19, remainder_fraction=71.3806%, Lmin=-6.99, Lmax=-4.92
19:22:01 [ultranest] [DEBUG] iteration=2878, ncalls=43882, regioncalls=2208400, ndraw=40, logz=-14.19, remainder_fraction=71.2841%, Lmin=-6.99, Lmax=-4.92
19:22:02 [ultranest] [DEBUG] iteration=2879, ncalls=43907, regioncalls=2212440, ndraw=40, logz=-14.18, remainder_fraction=71.2203%, Lmin=-6.99, Lmax=-4.92
19:22:03 [ultranest] [DEBUG] iteration=2880, ncalls=43925, regioncalls=2213720, ndraw=40, logz=-14.18, remainder_fraction=71.1179%, Lmin=-6.98, Lmax=-4.92
19:22:03 [ultranest] [DEBUG] iteration=2881, ncalls=43931, regioncalls=2214400, ndraw=40, logz=-14.18, remainder_fraction=71.0209%, Lmin=-6.98, Lmax=-4.92
19:22:04 [ultranest] [DEBUG] iteration=2882, ncalls=43945, regioncalls=2216160, ndraw=40, logz=-14.18, remainder_fraction=70.9939%, Lmin=-6.97, Lmax=-4.92
19:22:05 [ultranest] [DEBUG] iteration=2883, ncalls=43960, regioncalls=2217680, ndraw=40, logz=-14.17, remainder_fraction=70.8907%, Lmin=-6.97, Lmax=-4.92
19:22:07 [ultranest] [DEBUG] iteration=2884, ncalls=44008, regioncalls=2223800, ndraw=40, logz=-14.17, remainder_fraction=70.8227%, Lmin=-6.97, Lmax=-4.92
19:22:08 [ultranest] [DEBUG] iteration=2885, ncalls=44038, regioncalls=2227520, ndraw=40, logz=-14.17, remainder_fraction=70.7248%, Lmin=-6.97, Lmax=-4.92
19:22:10 [ultranest] [DEBUG] iteration=2886, ncalls=44063, regioncalls=2231120, ndraw=40, logz=-14.16, remainder_fraction=70.6540%, Lmin=-6.96, Lmax=-4.92
19:22:13 [ultranest] [DEBUG] iteration=2887, ncalls=44126, regioncalls=2239600, ndraw=40, logz=-14.16, remainder_fraction=70.5501%, Lmin=-6.96, Lmax=-4.92
19:22:13 [ultranest] [DEBUG] iteration=2888, ncalls=44140, regioncalls=2240960, ndraw=40, logz=-14.16, remainder_fraction=70.4473%, Lmin=-6.96, Lmax=-4.92
19:22:13 [ultranest] [DEBUG] iteration=2889, ncalls=44145, regioncalls=2241480, ndraw=40, logz=-14.16, remainder_fraction=70.3470%, Lmin=-6.95, Lmax=-4.92
19:22:14 [ultranest] [DEBUG] iteration=2890, ncalls=44154, regioncalls=2241920, ndraw=40, logz=-14.15, remainder_fraction=70.2501%, Lmin=-6.94, Lmax=-4.92
19:22:16 [ultranest] [DEBUG] iteration=2891, ncalls=44196, regioncalls=2248200, ndraw=40, logz=-14.15, remainder_fraction=70.1478%, Lmin=-6.94, Lmax=-4.92
19:22:16 [ultranest] [DEBUG] iteration=2892, ncalls=44204, regioncalls=2249600, ndraw=40, logz=-14.15, remainder_fraction=70.0469%, Lmin=-6.94, Lmax=-4.92
19:22:17 [ultranest] [DEBUG] iteration=2893, ncalls=44215, regioncalls=2250320, ndraw=40, logz=-14.15, remainder_fraction=69.9615%, Lmin=-6.94, Lmax=-4.92
19:22:20 [ultranest] [DEBUG] iteration=2894, ncalls=44291, regioncalls=2257920, ndraw=40, logz=-14.14, remainder_fraction=69.9777%, Lmin=-6.94, Lmax=-4.92
19:22:23 [ultranest] [DEBUG] iteration=2895, ncalls=44353, regioncalls=2267320, ndraw=40, logz=-14.14, remainder_fraction=69.8830%, Lmin=-6.94, Lmax=-4.92
19:22:24 [ultranest] [DEBUG] iteration=2897, ncalls=44374, regioncalls=2270920, ndraw=40, logz=-14.14, remainder_fraction=69.6825%, Lmin=-6.94, Lmax=-4.92
19:22:28 [ultranest] [DEBUG] iteration=2898, ncalls=44464, regioncalls=2282040, ndraw=40, logz=-14.13, remainder_fraction=69.5826%, Lmin=-6.93, Lmax=-4.92
19:22:29 [ultranest] [DEBUG] iteration=2899, ncalls=44473, regioncalls=2282600, ndraw=40, logz=-14.13, remainder_fraction=69.4991%, Lmin=-6.93, Lmax=-4.92
19:22:31 [ultranest] [DEBUG] iteration=2900, ncalls=44519, regioncalls=2285640, ndraw=40, logz=-14.13, remainder_fraction=69.4291%, Lmin=-6.93, Lmax=-4.92
19:22:32 [ultranest] [DEBUG] iteration=2901, ncalls=44548, regioncalls=2289600, ndraw=40, logz=-14.13, remainder_fraction=69.3485%, Lmin=-6.92, Lmax=-4.92
19:22:33 [ultranest] [DEBUG] iteration=2903, ncalls=44559, regioncalls=2290360, ndraw=40, logz=-14.12, remainder_fraction=69.2529%, Lmin=-6.92, Lmax=-4.92
19:22:33 [ultranest] [DEBUG] iteration=2904, ncalls=44567, regioncalls=2291160, ndraw=40, logz=-14.12, remainder_fraction=69.1876%, Lmin=-6.92, Lmax=-4.92
19:22:34 [ultranest] [DEBUG] iteration=2905, ncalls=44583, regioncalls=2295080, ndraw=40, logz=-14.12, remainder_fraction=69.1401%, Lmin=-6.92, Lmax=-4.92
19:22:34 [ultranest] [DEBUG] iteration=2906, ncalls=44596, regioncalls=2296600, ndraw=40, logz=-14.12, remainder_fraction=69.0426%, Lmin=-6.91, Lmax=-4.92
19:22:35 [ultranest] [DEBUG] iteration=2907, ncalls=44609, regioncalls=2297120, ndraw=40, logz=-14.11, remainder_fraction=68.9459%, Lmin=-6.91, Lmax=-4.92
19:22:39 [ultranest] [DEBUG] iteration=2908, ncalls=44695, regioncalls=2306960, ndraw=40, logz=-14.11, remainder_fraction=68.8790%, Lmin=-6.91, Lmax=-4.92
19:22:41 [ultranest] [DEBUG] iteration=2909, ncalls=44737, regioncalls=2313120, ndraw=40, logz=-14.11, remainder_fraction=68.7784%, Lmin=-6.91, Lmax=-4.92
19:22:41 [ultranest] [DEBUG] iteration=2910, ncalls=44740, regioncalls=2313760, ndraw=40, logz=-14.11, remainder_fraction=68.6780%, Lmin=-6.91, Lmax=-4.92
19:22:42 [ultranest] [DEBUG] iteration=2911, ncalls=44767, regioncalls=2317560, ndraw=40, logz=-14.10, remainder_fraction=68.5859%, Lmin=-6.90, Lmax=-4.92
19:22:43 [ultranest] [DEBUG] iteration=2912, ncalls=44780, regioncalls=2319200, ndraw=40, logz=-14.10, remainder_fraction=68.5312%, Lmin=-6.90, Lmax=-4.92
19:22:45 [ultranest] [DEBUG] iteration=2913, ncalls=44828, regioncalls=2325840, ndraw=40, logz=-14.10, remainder_fraction=68.4461%, Lmin=-6.90, Lmax=-4.92
19:22:46 [ultranest] [DEBUG] iteration=2914, ncalls=44853, regioncalls=2328880, ndraw=40, logz=-14.10, remainder_fraction=68.3583%, Lmin=-6.89, Lmax=-4.92
19:22:47 [ultranest] [DEBUG] iteration=2915, ncalls=44867, regioncalls=2330760, ndraw=40, logz=-14.09, remainder_fraction=68.2663%, Lmin=-6.89, Lmax=-4.92
19:22:48 [ultranest] [DEBUG] iteration=2916, ncalls=44901, regioncalls=2335320, ndraw=40, logz=-14.09, remainder_fraction=68.2205%, Lmin=-6.88, Lmax=-4.92
19:22:49 [ultranest] [DEBUG] iteration=2917, ncalls=44916, regioncalls=2336640, ndraw=40, logz=-14.09, remainder_fraction=68.1574%, Lmin=-6.88, Lmax=-4.92
19:22:54 [ultranest] [DEBUG] iteration=2918, ncalls=45034, regioncalls=2347560, ndraw=40, logz=-14.09, remainder_fraction=68.0625%, Lmin=-6.88, Lmax=-4.92
19:22:55 [ultranest] [DEBUG] iteration=2919, ncalls=45040, regioncalls=2348280, ndraw=40, logz=-14.08, remainder_fraction=67.9647%, Lmin=-6.87, Lmax=-4.92
19:22:56 [ultranest] [DEBUG] iteration=2920, ncalls=45064, regioncalls=2351000, ndraw=40, logz=-14.08, remainder_fraction=67.8601%, Lmin=-6.87, Lmax=-4.92
19:22:56 [ultranest] [DEBUG] iteration=2921, ncalls=45067, regioncalls=2351640, ndraw=40, logz=-14.08, remainder_fraction=67.7579%, Lmin=-6.86, Lmax=-4.92
19:22:56 [ultranest] [DEBUG] iteration=2922, ncalls=45071, regioncalls=2352320, ndraw=40, logz=-14.08, remainder_fraction=67.6761%, Lmin=-6.86, Lmax=-4.92
19:23:00 [ultranest] [DEBUG] iteration=2924, ncalls=45152, regioncalls=2360520, ndraw=40, logz=-14.07, remainder_fraction=67.4683%, Lmin=-6.85, Lmax=-4.92
19:23:01 [ultranest] [DEBUG] iteration=2925, ncalls=45177, regioncalls=2363000, ndraw=40, logz=-14.07, remainder_fraction=67.4026%, Lmin=-6.85, Lmax=-4.92
19:23:01 [ultranest] [DEBUG] iteration=2926, ncalls=45183, regioncalls=2363600, ndraw=40, logz=-14.07, remainder_fraction=67.3196%, Lmin=-6.85, Lmax=-4.92
19:23:02 [ultranest] [DEBUG] iteration=2927, ncalls=45204, regioncalls=2365360, ndraw=40, logz=-14.07, remainder_fraction=67.2361%, Lmin=-6.84, Lmax=-4.92
19:23:02 [ultranest] [DEBUG] iteration=2928, ncalls=45212, regioncalls=2366560, ndraw=40, logz=-14.06, remainder_fraction=67.1727%, Lmin=-6.84, Lmax=-4.92
19:23:04 [ultranest] [DEBUG] iteration=2929, ncalls=45245, regioncalls=2369040, ndraw=40, logz=-14.06, remainder_fraction=67.1374%, Lmin=-6.84, Lmax=-4.92
19:23:04 [ultranest] [DEBUG] iteration=2930, ncalls=45254, regioncalls=2370640, ndraw=40, logz=-14.06, remainder_fraction=67.1162%, Lmin=-6.84, Lmax=-4.92
19:23:05 [ultranest] [DEBUG] iteration=2931, ncalls=45260, regioncalls=2370880, ndraw=40, logz=-14.06, remainder_fraction=67.0342%, Lmin=-6.84, Lmax=-4.92
19:23:05 [ultranest] [DEBUG] iteration=2932, ncalls=45270, regioncalls=2371880, ndraw=40, logz=-14.05, remainder_fraction=66.9614%, Lmin=-6.83, Lmax=-4.92
19:23:06 [ultranest] [DEBUG] iteration=2933, ncalls=45286, regioncalls=2374080, ndraw=40, logz=-14.05, remainder_fraction=66.8609%, Lmin=-6.83, Lmax=-4.92
19:23:06 [ultranest] [DEBUG] iteration=2934, ncalls=45293, regioncalls=2375000, ndraw=40, logz=-14.05, remainder_fraction=66.7639%, Lmin=-6.83, Lmax=-4.92
19:23:07 [ultranest] [DEBUG] iteration=2935, ncalls=45315, regioncalls=2377600, ndraw=40, logz=-14.05, remainder_fraction=66.6802%, Lmin=-6.82, Lmax=-4.92
19:23:08 [ultranest] [DEBUG] iteration=2936, ncalls=45327, regioncalls=2380000, ndraw=40, logz=-14.04, remainder_fraction=66.5828%, Lmin=-6.82, Lmax=-4.92
19:23:09 [ultranest] [DEBUG] iteration=2937, ncalls=45360, regioncalls=2382840, ndraw=40, logz=-14.04, remainder_fraction=66.4929%, Lmin=-6.82, Lmax=-4.92
19:23:13 [ultranest] [DEBUG] iteration=2938, ncalls=45444, regioncalls=2394840, ndraw=40, logz=-14.04, remainder_fraction=66.3950%, Lmin=-6.81, Lmax=-4.92
19:23:14 [ultranest] [DEBUG] iteration=2939, ncalls=45460, regioncalls=2396480, ndraw=40, logz=-14.04, remainder_fraction=66.3497%, Lmin=-6.81, Lmax=-4.92
19:23:15 [ultranest] [DEBUG] iteration=2941, ncalls=45478, regioncalls=2398520, ndraw=40, logz=-14.03, remainder_fraction=66.1446%, Lmin=-6.80, Lmax=-4.92
19:23:17 [ultranest] [DEBUG] iteration=2942, ncalls=45523, regioncalls=2404120, ndraw=40, logz=-14.03, remainder_fraction=66.0464%, Lmin=-6.80, Lmax=-4.92
19:23:19 [ultranest] [DEBUG] iteration=2943, ncalls=45572, regioncalls=2410720, ndraw=40, logz=-14.03, remainder_fraction=65.9523%, Lmin=-6.80, Lmax=-4.92
19:23:21 [ultranest] [DEBUG] iteration=2945, ncalls=45612, regioncalls=2415840, ndraw=40, logz=-14.02, remainder_fraction=65.8111%, Lmin=-6.79, Lmax=-4.92
19:23:22 [ultranest] [DEBUG] iteration=2947, ncalls=45628, regioncalls=2417560, ndraw=40, logz=-14.02, remainder_fraction=65.7043%, Lmin=-6.79, Lmax=-4.92
19:23:23 [ultranest] [DEBUG] iteration=2948, ncalls=45656, regioncalls=2421240, ndraw=40, logz=-14.02, remainder_fraction=65.6092%, Lmin=-6.79, Lmax=-4.92
19:23:23 [ultranest] [DEBUG] iteration=2949, ncalls=45671, regioncalls=2423280, ndraw=40, logz=-14.02, remainder_fraction=65.5419%, Lmin=-6.79, Lmax=-4.92
19:23:24 [ultranest] [DEBUG] iteration=2950, ncalls=45694, regioncalls=2424920, ndraw=40, logz=-14.01, remainder_fraction=65.5105%, Lmin=-6.78, Lmax=-4.92
19:23:25 [ultranest] [DEBUG] iteration=2951, ncalls=45713, regioncalls=2426880, ndraw=40, logz=-14.01, remainder_fraction=65.4367%, Lmin=-6.78, Lmax=-4.92
19:23:26 [ultranest] [DEBUG] iteration=2952, ncalls=45737, regioncalls=2430480, ndraw=40, logz=-14.01, remainder_fraction=65.3998%, Lmin=-6.78, Lmax=-4.92
19:23:27 [ultranest] [DEBUG] iteration=2953, ncalls=45746, regioncalls=2431280, ndraw=40, logz=-14.01, remainder_fraction=65.2967%, Lmin=-6.78, Lmax=-4.92
19:23:30 [ultranest] [DEBUG] iteration=2954, ncalls=45817, regioncalls=2439840, ndraw=40, logz=-14.00, remainder_fraction=65.2082%, Lmin=-6.78, Lmax=-4.92
19:23:30 [ultranest] [DEBUG] iteration=2955, ncalls=45822, regioncalls=2440160, ndraw=40, logz=-14.00, remainder_fraction=65.1346%, Lmin=-6.78, Lmax=-4.92
19:23:32 [ultranest] [DEBUG] iteration=2956, ncalls=45866, regioncalls=2444320, ndraw=40, logz=-14.00, remainder_fraction=65.1113%, Lmin=-6.78, Lmax=-4.92
19:23:33 [ultranest] [DEBUG] iteration=2957, ncalls=45880, regioncalls=2445960, ndraw=40, logz=-14.00, remainder_fraction=65.0477%, Lmin=-6.77, Lmax=-4.92
19:23:33 [ultranest] [DEBUG] iteration=2958, ncalls=45890, regioncalls=2447280, ndraw=40, logz=-14.00, remainder_fraction=64.9635%, Lmin=-6.77, Lmax=-4.92
19:23:35 [ultranest] [DEBUG] iteration=2959, ncalls=45917, regioncalls=2452000, ndraw=40, logz=-13.99, remainder_fraction=64.8935%, Lmin=-6.77, Lmax=-4.92
19:23:35 [ultranest] [DEBUG] iteration=2960, ncalls=45921, regioncalls=2452240, ndraw=40, logz=-13.99, remainder_fraction=64.8055%, Lmin=-6.77, Lmax=-4.92
19:23:35 [ultranest] [DEBUG] iteration=2961, ncalls=45935, regioncalls=2453840, ndraw=40, logz=-13.99, remainder_fraction=64.7112%, Lmin=-6.77, Lmax=-4.92
19:23:36 [ultranest] [DEBUG] iteration=2962, ncalls=45949, regioncalls=2456320, ndraw=40, logz=-13.99, remainder_fraction=64.6335%, Lmin=-6.77, Lmax=-4.92
19:23:37 [ultranest] [DEBUG] iteration=2963, ncalls=45959, regioncalls=2458400, ndraw=40, logz=-13.98, remainder_fraction=64.5391%, Lmin=-6.76, Lmax=-4.92
19:23:38 [ultranest] [DEBUG] iteration=2964, ncalls=45989, regioncalls=2462040, ndraw=40, logz=-13.98, remainder_fraction=64.4469%, Lmin=-6.76, Lmax=-4.92
19:23:39 [ultranest] [DEBUG] iteration=2965, ncalls=46012, regioncalls=2465400, ndraw=40, logz=-13.98, remainder_fraction=64.3542%, Lmin=-6.76, Lmax=-4.92
19:23:42 [ultranest] [DEBUG] iteration=2966, ncalls=46070, regioncalls=2471760, ndraw=40, logz=-13.98, remainder_fraction=64.2563%, Lmin=-6.76, Lmax=-4.92
19:23:42 [ultranest] [DEBUG] iteration=2967, ncalls=46081, regioncalls=2472920, ndraw=40, logz=-13.98, remainder_fraction=64.1714%, Lmin=-6.76, Lmax=-4.92
19:23:43 [ultranest] [DEBUG] iteration=2968, ncalls=46103, regioncalls=2476160, ndraw=40, logz=-13.97, remainder_fraction=64.1450%, Lmin=-6.76, Lmax=-4.92
19:23:45 [ultranest] [DEBUG] iteration=2969, ncalls=46131, regioncalls=2479240, ndraw=40, logz=-13.97, remainder_fraction=64.0495%, Lmin=-6.76, Lmax=-4.92
19:23:45 [ultranest] [DEBUG] iteration=2970, ncalls=46133, regioncalls=2479320, ndraw=40, logz=-13.97, remainder_fraction=63.9754%, Lmin=-6.75, Lmax=-4.92
19:23:46 [ultranest] [DEBUG] iteration=2971, ncalls=46160, regioncalls=2481080, ndraw=40, logz=-13.97, remainder_fraction=63.9143%, Lmin=-6.75, Lmax=-4.92
19:23:46 [ultranest] [DEBUG] iteration=2972, ncalls=46163, regioncalls=2481360, ndraw=40, logz=-13.97, remainder_fraction=63.8862%, Lmin=-6.75, Lmax=-4.92
19:23:48 [ultranest] [DEBUG] iteration=2973, ncalls=46206, regioncalls=2488880, ndraw=40, logz=-13.96, remainder_fraction=63.7868%, Lmin=-6.75, Lmax=-4.92
19:23:49 [ultranest] [DEBUG] iteration=2974, ncalls=46220, regioncalls=2489720, ndraw=40, logz=-13.96, remainder_fraction=63.6931%, Lmin=-6.75, Lmax=-4.92
19:23:49 [ultranest] [DEBUG] iteration=2975, ncalls=46228, regioncalls=2490880, ndraw=40, logz=-13.96, remainder_fraction=63.5966%, Lmin=-6.75, Lmax=-4.92
19:23:51 [ultranest] [DEBUG] iteration=2976, ncalls=46265, regioncalls=2495680, ndraw=40, logz=-13.96, remainder_fraction=63.5236%, Lmin=-6.74, Lmax=-4.92
19:23:53 [ultranest] [DEBUG] iteration=2977, ncalls=46314, regioncalls=2504000, ndraw=40, logz=-13.96, remainder_fraction=63.4344%, Lmin=-6.74, Lmax=-4.92
19:23:54 [ultranest] [DEBUG] iteration=2978, ncalls=46335, regioncalls=2505840, ndraw=40, logz=-13.95, remainder_fraction=63.3818%, Lmin=-6.74, Lmax=-4.92
19:23:59 [ultranest] [DEBUG] iteration=2979, ncalls=46444, regioncalls=2520360, ndraw=40, logz=-13.95, remainder_fraction=63.2884%, Lmin=-6.74, Lmax=-4.92
19:24:00 [ultranest] [DEBUG] iteration=2980, ncalls=46473, regioncalls=2523200, ndraw=40, logz=-13.95, remainder_fraction=63.1964%, Lmin=-6.74, Lmax=-4.92
19:24:10 [ultranest] [DEBUG] iteration=2981, ncalls=46659, regioncalls=2545960, ndraw=40, logz=-13.95, remainder_fraction=63.1373%, Lmin=-6.74, Lmax=-4.92
19:24:16 [ultranest] [DEBUG] iteration=2982, ncalls=46796, regioncalls=2565320, ndraw=40, logz=-13.95, remainder_fraction=63.0413%, Lmin=-6.74, Lmax=-4.92
19:24:17 [ultranest] [DEBUG] iteration=2983, ncalls=46813, regioncalls=2569040, ndraw=40, logz=-13.94, remainder_fraction=62.9489%, Lmin=-6.73, Lmax=-4.92
19:24:17 [ultranest] [DEBUG] iteration=2984, ncalls=46815, regioncalls=2569120, ndraw=40, logz=-13.94, remainder_fraction=62.8704%, Lmin=-6.73, Lmax=-4.92
19:24:19 [ultranest] [DEBUG] iteration=2985, ncalls=46866, regioncalls=2575520, ndraw=40, logz=-13.94, remainder_fraction=62.7978%, Lmin=-6.73, Lmax=-4.92
19:24:22 [ultranest] [DEBUG] iteration=2986, ncalls=46920, regioncalls=2584440, ndraw=40, logz=-13.94, remainder_fraction=62.7017%, Lmin=-6.73, Lmax=-4.92
19:24:23 [ultranest] [DEBUG] iteration=2987, ncalls=46945, regioncalls=2587440, ndraw=40, logz=-13.94, remainder_fraction=62.5981%, Lmin=-6.72, Lmax=-4.92
19:24:27 [ultranest] [DEBUG] iteration=2988, ncalls=47019, regioncalls=2595800, ndraw=40, logz=-13.93, remainder_fraction=62.5005%, Lmin=-6.72, Lmax=-4.92
19:24:27 [ultranest] [DEBUG] iteration=2989, ncalls=47022, regioncalls=2596000, ndraw=40, logz=-13.93, remainder_fraction=62.4574%, Lmin=-6.72, Lmax=-4.92
19:24:27 [ultranest] [DEBUG] iteration=2990, ncalls=47032, regioncalls=2597400, ndraw=40, logz=-13.93, remainder_fraction=62.3543%, Lmin=-6.71, Lmax=-4.92
19:24:28 [ultranest] [DEBUG] iteration=2991, ncalls=47057, regioncalls=2599960, ndraw=40, logz=-13.93, remainder_fraction=62.2595%, Lmin=-6.71, Lmax=-4.92
19:24:30 [ultranest] [DEBUG] iteration=2992, ncalls=47094, regioncalls=2604280, ndraw=40, logz=-13.93, remainder_fraction=62.1607%, Lmin=-6.71, Lmax=-4.92
19:24:31 [ultranest] [DEBUG] iteration=2993, ncalls=47105, regioncalls=2605240, ndraw=40, logz=-13.92, remainder_fraction=62.0613%, Lmin=-6.70, Lmax=-4.92
19:24:33 [ultranest] [DEBUG] iteration=2994, ncalls=47167, regioncalls=2613000, ndraw=40, logz=-13.92, remainder_fraction=62.0074%, Lmin=-6.70, Lmax=-4.92
19:24:41 [ultranest] [DEBUG] iteration=2995, ncalls=47330, regioncalls=2635160, ndraw=40, logz=-13.92, remainder_fraction=61.9648%, Lmin=-6.70, Lmax=-4.92
19:24:43 [ultranest] [DEBUG] iteration=2996, ncalls=47360, regioncalls=2639320, ndraw=40, logz=-13.92, remainder_fraction=61.8732%, Lmin=-6.70, Lmax=-4.92
19:24:46 [ultranest] [DEBUG] iteration=2997, ncalls=47444, regioncalls=2649480, ndraw=40, logz=-13.92, remainder_fraction=61.8237%, Lmin=-6.69, Lmax=-4.92
19:24:47 [ultranest] [DEBUG] iteration=2998, ncalls=47454, regioncalls=2650520, ndraw=40, logz=-13.91, remainder_fraction=61.7839%, Lmin=-6.69, Lmax=-4.92
19:24:49 [ultranest] [DEBUG] iteration=2999, ncalls=47504, regioncalls=2654520, ndraw=40, logz=-13.91, remainder_fraction=61.7889%, Lmin=-6.69, Lmax=-4.92
19:24:50 [ultranest] [DEBUG] iteration=3000, ncalls=47511, regioncalls=2655320, ndraw=40, logz=-13.91, remainder_fraction=61.7623%, Lmin=-6.69, Lmax=-4.92
19:24:51 [ultranest] [DEBUG] iteration=3001, ncalls=47539, regioncalls=2658200, ndraw=40, logz=-13.91, remainder_fraction=61.6786%, Lmin=-6.69, Lmax=-4.92
19:24:53 [ultranest] [DEBUG] iteration=3002, ncalls=47592, regioncalls=2664120, ndraw=40, logz=-13.91, remainder_fraction=61.5791%, Lmin=-6.68, Lmax=-4.92
19:24:57 [ultranest] [DEBUG] iteration=3003, ncalls=47669, regioncalls=2674360, ndraw=40, logz=-13.90, remainder_fraction=61.4903%, Lmin=-6.68, Lmax=-4.92
19:25:00 [ultranest] [DEBUG] iteration=3004, ncalls=47722, regioncalls=2681960, ndraw=40, logz=-13.90, remainder_fraction=61.4933%, Lmin=-6.67, Lmax=-4.92
19:25:03 [ultranest] [DEBUG] iteration=3005, ncalls=47797, regioncalls=2694880, ndraw=40, logz=-13.90, remainder_fraction=61.4672%, Lmin=-6.67, Lmax=-4.92
19:25:06 [ultranest] [DEBUG] iteration=3006, ncalls=47864, regioncalls=2703800, ndraw=40, logz=-13.90, remainder_fraction=61.4363%, Lmin=-6.67, Lmax=-4.92
19:25:12 [ultranest] [DEBUG] iteration=3007, ncalls=47996, regioncalls=2721760, ndraw=40, logz=-13.90, remainder_fraction=61.3409%, Lmin=-6.67, Lmax=-4.92
19:25:14 [ultranest] [DEBUG] iteration=3008, ncalls=48043, regioncalls=2727440, ndraw=40, logz=-13.89, remainder_fraction=61.2628%, Lmin=-6.67, Lmax=-4.92
19:25:15 [ultranest] [DEBUG] iteration=3009, ncalls=48052, regioncalls=2728280, ndraw=40, logz=-13.89, remainder_fraction=61.1669%, Lmin=-6.67, Lmax=-4.92
19:25:16 [ultranest] [DEBUG] iteration=3010, ncalls=48085, regioncalls=2732360, ndraw=40, logz=-13.89, remainder_fraction=61.0668%, Lmin=-6.67, Lmax=-4.92
19:25:17 [ultranest] [DEBUG] iteration=3011, ncalls=48111, regioncalls=2734680, ndraw=40, logz=-13.89, remainder_fraction=60.9935%, Lmin=-6.66, Lmax=-4.92
19:25:21 [ultranest] [DEBUG] iteration=3012, ncalls=48207, regioncalls=2745960, ndraw=40, logz=-13.89, remainder_fraction=60.9092%, Lmin=-6.66, Lmax=-4.92
19:25:22 [ultranest] [DEBUG] iteration=3013, ncalls=48221, regioncalls=2748320, ndraw=40, logz=-13.88, remainder_fraction=60.8081%, Lmin=-6.66, Lmax=-4.92
19:25:24 [ultranest] [DEBUG] iteration=3014, ncalls=48275, regioncalls=2756040, ndraw=40, logz=-13.88, remainder_fraction=60.7172%, Lmin=-6.66, Lmax=-4.92
19:25:25 [ultranest] [DEBUG] iteration=3015, ncalls=48288, regioncalls=2757560, ndraw=40, logz=-13.88, remainder_fraction=60.6315%, Lmin=-6.66, Lmax=-4.92
19:25:25 [ultranest] [DEBUG] iteration=3016, ncalls=48300, regioncalls=2759760, ndraw=40, logz=-13.88, remainder_fraction=60.5732%, Lmin=-6.65, Lmax=-4.92
19:25:26 [ultranest] [DEBUG] iteration=3017, ncalls=48313, regioncalls=2761800, ndraw=40, logz=-13.88, remainder_fraction=60.4821%, Lmin=-6.65, Lmax=-4.92
19:25:32 [ultranest] [DEBUG] iteration=3018, ncalls=48444, regioncalls=2778160, ndraw=40, logz=-13.88, remainder_fraction=60.3826%, Lmin=-6.64, Lmax=-4.92
19:25:34 [ultranest] [DEBUG] iteration=3019, ncalls=48495, regioncalls=2786840, ndraw=40, logz=-13.87, remainder_fraction=60.2830%, Lmin=-6.64, Lmax=-4.92
19:25:35 [ultranest] [DEBUG] iteration=3020, ncalls=48502, regioncalls=2787720, ndraw=40, logz=-13.87, remainder_fraction=60.1822%, Lmin=-6.64, Lmax=-4.92
19:25:36 [ultranest] [DEBUG] iteration=3021, ncalls=48524, regioncalls=2791560, ndraw=40, logz=-13.87, remainder_fraction=60.0842%, Lmin=-6.63, Lmax=-4.92
19:25:40 [ultranest] [DEBUG] iteration=3022, ncalls=48614, regioncalls=2802800, ndraw=40, logz=-13.87, remainder_fraction=60.0320%, Lmin=-6.63, Lmax=-4.92
19:25:43 [ultranest] [DEBUG] iteration=3023, ncalls=48697, regioncalls=2812000, ndraw=40, logz=-13.87, remainder_fraction=59.9647%, Lmin=-6.62, Lmax=-4.92
19:25:46 [ultranest] [DEBUG] iteration=3024, ncalls=48745, regioncalls=2820000, ndraw=40, logz=-13.86, remainder_fraction=59.8734%, Lmin=-6.62, Lmax=-4.92
19:25:46 [ultranest] [DEBUG] iteration=3025, ncalls=48754, regioncalls=2820400, ndraw=40, logz=-13.86, remainder_fraction=59.8021%, Lmin=-6.62, Lmax=-4.92
19:25:49 [ultranest] [DEBUG] iteration=3026, ncalls=48808, regioncalls=2830600, ndraw=40, logz=-13.86, remainder_fraction=59.7079%, Lmin=-6.62, Lmax=-4.92
19:25:50 [ultranest] [DEBUG] iteration=3027, ncalls=48843, regioncalls=2835280, ndraw=40, logz=-13.86, remainder_fraction=59.6831%, Lmin=-6.61, Lmax=-4.92
19:25:51 [ultranest] [DEBUG] iteration=3028, ncalls=48861, regioncalls=2837360, ndraw=40, logz=-13.86, remainder_fraction=59.6218%, Lmin=-6.61, Lmax=-4.92
19:25:51 [ultranest] [DEBUG] iteration=3029, ncalls=48870, regioncalls=2838200, ndraw=40, logz=-13.86, remainder_fraction=59.5264%, Lmin=-6.60, Lmax=-4.92
19:25:52 [ultranest] [DEBUG] iteration=3030, ncalls=48895, regioncalls=2840440, ndraw=40, logz=-13.85, remainder_fraction=59.4236%, Lmin=-6.60, Lmax=-4.92
19:25:56 [ultranest] [DEBUG] iteration=3031, ncalls=48969, regioncalls=2849200, ndraw=40, logz=-13.85, remainder_fraction=59.3690%, Lmin=-6.59, Lmax=-4.92
19:25:57 [ultranest] [DEBUG] iteration=3032, ncalls=48990, regioncalls=2852200, ndraw=40, logz=-13.85, remainder_fraction=59.2685%, Lmin=-6.59, Lmax=-4.92
19:25:59 [ultranest] [DEBUG] iteration=3033, ncalls=49052, regioncalls=2861960, ndraw=40, logz=-13.85, remainder_fraction=59.1732%, Lmin=-6.59, Lmax=-4.92
19:26:00 [ultranest] [DEBUG] iteration=3034, ncalls=49073, regioncalls=2863800, ndraw=40, logz=-13.85, remainder_fraction=59.0880%, Lmin=-6.59, Lmax=-4.92
19:26:02 [ultranest] [DEBUG] iteration=3035, ncalls=49114, regioncalls=2870400, ndraw=40, logz=-13.84, remainder_fraction=59.0102%, Lmin=-6.58, Lmax=-4.92
19:26:03 [ultranest] [DEBUG] iteration=3036, ncalls=49130, regioncalls=2872240, ndraw=40, logz=-13.84, remainder_fraction=58.9183%, Lmin=-6.58, Lmax=-4.92
19:26:04 [ultranest] [DEBUG] iteration=3038, ncalls=49141, regioncalls=2873800, ndraw=40, logz=-13.84, remainder_fraction=58.7759%, Lmin=-6.58, Lmax=-4.92
19:26:06 [ultranest] [DEBUG] iteration=3039, ncalls=49188, regioncalls=2879520, ndraw=40, logz=-13.84, remainder_fraction=58.6834%, Lmin=-6.57, Lmax=-4.92
19:26:06 [ultranest] [DEBUG] iteration=3040, ncalls=49200, regioncalls=2880480, ndraw=40, logz=-13.83, remainder_fraction=58.6354%, Lmin=-6.57, Lmax=-4.92
19:26:08 [ultranest] [DEBUG] iteration=3041, ncalls=49245, regioncalls=2888000, ndraw=40, logz=-13.83, remainder_fraction=58.5406%, Lmin=-6.56, Lmax=-4.92
19:26:12 [ultranest] [DEBUG] iteration=3042, ncalls=49314, regioncalls=2896440, ndraw=40, logz=-13.83, remainder_fraction=58.4743%, Lmin=-6.56, Lmax=-4.92
19:26:15 [ultranest] [DEBUG] iteration=3043, ncalls=49388, regioncalls=2905120, ndraw=40, logz=-13.83, remainder_fraction=58.3960%, Lmin=-6.55, Lmax=-4.92
19:26:17 [ultranest] [DEBUG] iteration=3044, ncalls=49424, regioncalls=2910600, ndraw=40, logz=-13.83, remainder_fraction=58.3155%, Lmin=-6.55, Lmax=-4.92
19:26:17 [ultranest] [DEBUG] iteration=3045, ncalls=49433, regioncalls=2912040, ndraw=40, logz=-13.83, remainder_fraction=58.2821%, Lmin=-6.55, Lmax=-4.92
19:26:17 [ultranest] [DEBUG] iteration=3046, ncalls=49439, regioncalls=2913440, ndraw=40, logz=-13.82, remainder_fraction=58.1864%, Lmin=-6.55, Lmax=-4.92
19:26:23 [ultranest] [DEBUG] iteration=3047, ncalls=49558, regioncalls=2930880, ndraw=40, logz=-13.82, remainder_fraction=58.0945%, Lmin=-6.55, Lmax=-4.92
19:26:25 [ultranest] [DEBUG] iteration=3048, ncalls=49593, regioncalls=2935920, ndraw=40, logz=-13.82, remainder_fraction=58.0834%, Lmin=-6.55, Lmax=-4.92
19:26:29 [ultranest] [DEBUG] iteration=3049, ncalls=49673, regioncalls=2949440, ndraw=40, logz=-13.82, remainder_fraction=58.0236%, Lmin=-6.55, Lmax=-4.92
19:26:33 [ultranest] [DEBUG] iteration=3050, ncalls=49761, regioncalls=2958480, ndraw=40, logz=-13.82, remainder_fraction=57.9208%, Lmin=-6.54, Lmax=-4.92
19:26:38 [ultranest] [DEBUG] iteration=3051, ncalls=49860, regioncalls=2970000, ndraw=40, logz=-13.81, remainder_fraction=57.8403%, Lmin=-6.54, Lmax=-4.92
19:26:38 [ultranest] [DEBUG] iteration=3052, ncalls=49868, regioncalls=2971680, ndraw=40, logz=-13.81, remainder_fraction=57.8330%, Lmin=-6.54, Lmax=-4.92
19:26:38 [ultranest] [DEBUG] iteration=3053, ncalls=49873, regioncalls=2972160, ndraw=40, logz=-13.81, remainder_fraction=57.7669%, Lmin=-6.53, Lmax=-4.92
19:26:40 [ultranest] [DEBUG] iteration=3054, ncalls=49917, regioncalls=2979080, ndraw=40, logz=-13.81, remainder_fraction=57.7082%, Lmin=-6.52, Lmax=-4.92
19:26:41 [ultranest] [DEBUG] iteration=3055, ncalls=49925, regioncalls=2979560, ndraw=40, logz=-13.81, remainder_fraction=57.6715%, Lmin=-6.52, Lmax=-4.92
19:26:42 [ultranest] [DEBUG] iteration=3056, ncalls=49956, regioncalls=2985000, ndraw=40, logz=-13.81, remainder_fraction=57.5731%, Lmin=-6.52, Lmax=-4.92
19:26:43 [ultranest] [DEBUG] iteration=3057, ncalls=49984, regioncalls=2990280, ndraw=40, logz=-13.80, remainder_fraction=57.4994%, Lmin=-6.52, Lmax=-4.92
19:26:44 [ultranest] [DEBUG] iteration=3058, ncalls=50004, regioncalls=2993520, ndraw=40, logz=-13.80, remainder_fraction=57.4348%, Lmin=-6.52, Lmax=-4.92
19:26:45 [ultranest] [DEBUG] iteration=3059, ncalls=50026, regioncalls=2998200, ndraw=40, logz=-13.80, remainder_fraction=57.4096%, Lmin=-6.52, Lmax=-4.92
19:26:46 [ultranest] [DEBUG] iteration=3060, ncalls=50043, regioncalls=2999760, ndraw=40, logz=-13.80, remainder_fraction=57.3079%, Lmin=-6.52, Lmax=-4.92
19:26:50 [ultranest] [DEBUG] iteration=3061, ncalls=50118, regioncalls=3010640, ndraw=40, logz=-13.80, remainder_fraction=57.2793%, Lmin=-6.52, Lmax=-4.92
19:26:52 [ultranest] [DEBUG] iteration=3062, ncalls=50165, regioncalls=3016040, ndraw=40, logz=-13.79, remainder_fraction=57.1968%, Lmin=-6.51, Lmax=-4.92
19:26:55 [ultranest] [DEBUG] iteration=3063, ncalls=50234, regioncalls=3024000, ndraw=40, logz=-13.79, remainder_fraction=57.1085%, Lmin=-6.51, Lmax=-4.92
19:26:56 [ultranest] [DEBUG] iteration=3064, ncalls=50253, regioncalls=3027520, ndraw=40, logz=-13.79, remainder_fraction=57.0052%, Lmin=-6.51, Lmax=-4.92
19:26:57 [ultranest] [DEBUG] iteration=3065, ncalls=50289, regioncalls=3033400, ndraw=40, logz=-13.79, remainder_fraction=56.9573%, Lmin=-6.51, Lmax=-4.92
19:26:58 [ultranest] [DEBUG] iteration=3066, ncalls=50295, regioncalls=3034880, ndraw=40, logz=-13.79, remainder_fraction=56.8617%, Lmin=-6.51, Lmax=-4.92
19:26:59 [ultranest] [DEBUG] iteration=3067, ncalls=50333, regioncalls=3039080, ndraw=40, logz=-13.79, remainder_fraction=56.7655%, Lmin=-6.50, Lmax=-4.92
19:27:01 [ultranest] [DEBUG] iteration=3068, ncalls=50375, regioncalls=3046120, ndraw=40, logz=-13.78, remainder_fraction=56.6658%, Lmin=-6.50, Lmax=-4.92
19:27:06 [ultranest] [DEBUG] iteration=3069, ncalls=50465, regioncalls=3059920, ndraw=40, logz=-13.78, remainder_fraction=56.6370%, Lmin=-6.50, Lmax=-4.92
19:27:06 [ultranest] [DEBUG] iteration=3070, ncalls=50477, regioncalls=3061360, ndraw=40, logz=-13.78, remainder_fraction=56.5769%, Lmin=-6.49, Lmax=-4.92
19:27:07 [ultranest] [DEBUG] iteration=3071, ncalls=50501, regioncalls=3064280, ndraw=40, logz=-13.78, remainder_fraction=56.5226%, Lmin=-6.49, Lmax=-4.92
19:27:10 [ultranest] [DEBUG] iteration=3072, ncalls=50562, regioncalls=3073280, ndraw=40, logz=-13.78, remainder_fraction=56.4435%, Lmin=-6.49, Lmax=-4.92
19:27:10 [ultranest] [DEBUG] iteration=3073, ncalls=50567, regioncalls=3073680, ndraw=40, logz=-13.78, remainder_fraction=56.3689%, Lmin=-6.48, Lmax=-4.92
19:27:13 [ultranest] [DEBUG] iteration=3074, ncalls=50606, regioncalls=3078960, ndraw=40, logz=-13.77, remainder_fraction=56.2761%, Lmin=-6.48, Lmax=-4.92
19:27:15 [ultranest] [DEBUG] iteration=3075, ncalls=50651, regioncalls=3085800, ndraw=40, logz=-13.77, remainder_fraction=56.1925%, Lmin=-6.48, Lmax=-4.92
19:27:18 [ultranest] [DEBUG] iteration=3076, ncalls=50720, regioncalls=3096360, ndraw=40, logz=-13.77, remainder_fraction=56.0893%, Lmin=-6.48, Lmax=-4.92
19:27:18 [ultranest] [DEBUG] iteration=3077, ncalls=50726, regioncalls=3096800, ndraw=40, logz=-13.77, remainder_fraction=55.9876%, Lmin=-6.48, Lmax=-4.92
19:27:20 [ultranest] [DEBUG] iteration=3078, ncalls=50772, regioncalls=3101040, ndraw=40, logz=-13.77, remainder_fraction=55.9451%, Lmin=-6.48, Lmax=-4.92
19:27:27 [ultranest] [DEBUG] iteration=3079, ncalls=50908, regioncalls=3123040, ndraw=40, logz=-13.77, remainder_fraction=55.8449%, Lmin=-6.48, Lmax=-4.92
19:27:30 [ultranest] [DEBUG] iteration=3080, ncalls=50982, regioncalls=3134480, ndraw=40, logz=-13.76, remainder_fraction=55.7507%, Lmin=-6.48, Lmax=-4.92
19:27:35 [ultranest] [DEBUG] iteration=3081, ncalls=51087, regioncalls=3148560, ndraw=40, logz=-13.76, remainder_fraction=55.6938%, Lmin=-6.47, Lmax=-4.92
19:27:37 [ultranest] [DEBUG] iteration=3082, ncalls=51134, regioncalls=3155160, ndraw=40, logz=-13.76, remainder_fraction=55.6241%, Lmin=-6.47, Lmax=-4.92
19:27:38 [ultranest] [DEBUG] iteration=3083, ncalls=51146, regioncalls=3156440, ndraw=40, logz=-13.76, remainder_fraction=55.5212%, Lmin=-6.47, Lmax=-4.92
19:27:40 [ultranest] [DEBUG] iteration=3084, ncalls=51197, regioncalls=3163840, ndraw=40, logz=-13.76, remainder_fraction=55.4342%, Lmin=-6.46, Lmax=-4.92
19:27:41 [ultranest] [DEBUG] iteration=3085, ncalls=51212, regioncalls=3164720, ndraw=40, logz=-13.75, remainder_fraction=55.3427%, Lmin=-6.46, Lmax=-4.92
19:27:43 [ultranest] [DEBUG] iteration=3086, ncalls=51270, regioncalls=3168880, ndraw=40, logz=-13.75, remainder_fraction=55.2695%, Lmin=-6.46, Lmax=-4.92
19:27:45 [ultranest] [DEBUG] iteration=3088, ncalls=51303, regioncalls=3171920, ndraw=40, logz=-13.75, remainder_fraction=55.1091%, Lmin=-6.46, Lmax=-4.92
19:27:45 [ultranest] [DEBUG] iteration=3089, ncalls=51314, regioncalls=3172960, ndraw=40, logz=-13.75, remainder_fraction=55.0162%, Lmin=-6.46, Lmax=-4.92
19:27:47 [ultranest] [DEBUG] iteration=3090, ncalls=51340, regioncalls=3176680, ndraw=40, logz=-13.75, remainder_fraction=54.9351%, Lmin=-6.46, Lmax=-4.92
19:27:47 [ultranest] [DEBUG] iteration=3091, ncalls=51350, regioncalls=3178680, ndraw=40, logz=-13.74, remainder_fraction=54.8366%, Lmin=-6.45, Lmax=-4.92
19:27:50 [ultranest] [DEBUG] iteration=3092, ncalls=51420, regioncalls=3190880, ndraw=40, logz=-13.74, remainder_fraction=54.7706%, Lmin=-6.45, Lmax=-4.92
19:27:52 [ultranest] [DEBUG] iteration=3093, ncalls=51460, regioncalls=3196040, ndraw=40, logz=-13.74, remainder_fraction=54.6888%, Lmin=-6.45, Lmax=-4.92
19:27:57 [ultranest] [DEBUG] iteration=3094, ncalls=51568, regioncalls=3209680, ndraw=40, logz=-13.74, remainder_fraction=54.6079%, Lmin=-6.45, Lmax=-4.92
19:27:58 [ultranest] [DEBUG] iteration=3096, ncalls=51589, regioncalls=3212400, ndraw=40, logz=-13.74, remainder_fraction=54.4183%, Lmin=-6.44, Lmax=-4.92
19:28:01 [ultranest] [DEBUG] iteration=3097, ncalls=51653, regioncalls=3220600, ndraw=40, logz=-13.74, remainder_fraction=54.3846%, Lmin=-6.44, Lmax=-4.92
19:28:06 [ultranest] [DEBUG] iteration=3098, ncalls=51757, regioncalls=3234720, ndraw=40, logz=-13.73, remainder_fraction=54.2832%, Lmin=-6.44, Lmax=-4.92
19:28:09 [ultranest] [DEBUG] iteration=3099, ncalls=51814, regioncalls=3244160, ndraw=40, logz=-13.73, remainder_fraction=54.2108%, Lmin=-6.44, Lmax=-4.92
19:28:12 [ultranest] [DEBUG] iteration=3100, ncalls=51895, regioncalls=3256680, ndraw=40, logz=-13.73, remainder_fraction=54.1380%, Lmin=-6.44, Lmax=-4.92
19:28:16 [ultranest] [DEBUG] iteration=3101, ncalls=51971, regioncalls=3267680, ndraw=40, logz=-13.73, remainder_fraction=54.0591%, Lmin=-6.43, Lmax=-4.92
19:28:17 [ultranest] [DEBUG] iteration=3102, ncalls=51996, regioncalls=3272480, ndraw=40, logz=-13.73, remainder_fraction=53.9756%, Lmin=-6.43, Lmax=-4.92
19:28:23 [ultranest] [DEBUG] iteration=3103, ncalls=52134, regioncalls=3291960, ndraw=40, logz=-13.73, remainder_fraction=53.9139%, Lmin=-6.43, Lmax=-4.92
19:28:26 [ultranest] [DEBUG] iteration=3104, ncalls=52189, regioncalls=3298440, ndraw=40, logz=-13.72, remainder_fraction=53.8168%, Lmin=-6.43, Lmax=-4.92
19:28:27 [ultranest] [DEBUG] iteration=3105, ncalls=52212, regioncalls=3302800, ndraw=40, logz=-13.72, remainder_fraction=53.7531%, Lmin=-6.43, Lmax=-4.92
19:28:28 [ultranest] [DEBUG] iteration=3106, ncalls=52244, regioncalls=3309320, ndraw=40, logz=-13.72, remainder_fraction=53.6578%, Lmin=-6.43, Lmax=-4.92
19:28:29 [ultranest] [DEBUG] iteration=3107, ncalls=52262, regioncalls=3310880, ndraw=40, logz=-13.72, remainder_fraction=53.5571%, Lmin=-6.42, Lmax=-4.92
19:28:30 [ultranest] [DEBUG] iteration=3108, ncalls=52278, regioncalls=3312960, ndraw=40, logz=-13.72, remainder_fraction=53.4557%, Lmin=-6.42, Lmax=-4.92
19:28:38 [ultranest] [DEBUG] iteration=3109, ncalls=52464, regioncalls=3343320, ndraw=40, logz=-13.72, remainder_fraction=53.3573%, Lmin=-6.42, Lmax=-4.92
19:28:41 [ultranest] [DEBUG] iteration=3110, ncalls=52532, regioncalls=3352800, ndraw=40, logz=-13.71, remainder_fraction=53.2565%, Lmin=-6.42, Lmax=-4.92
19:28:42 [ultranest] [DEBUG] iteration=3111, ncalls=52542, regioncalls=3354240, ndraw=40, logz=-13.71, remainder_fraction=53.1934%, Lmin=-6.41, Lmax=-4.92
19:28:44 [ultranest] [DEBUG] iteration=3112, ncalls=52589, regioncalls=3359920, ndraw=40, logz=-13.71, remainder_fraction=53.1147%, Lmin=-6.41, Lmax=-4.92
19:28:47 [ultranest] [DEBUG] iteration=3113, ncalls=52642, regioncalls=3367560, ndraw=40, logz=-13.71, remainder_fraction=53.0709%, Lmin=-6.41, Lmax=-4.92
19:28:49 [ultranest] [DEBUG] iteration=3114, ncalls=52702, regioncalls=3378000, ndraw=40, logz=-13.71, remainder_fraction=52.9736%, Lmin=-6.41, Lmax=-4.92
19:28:51 [ultranest] [DEBUG] iteration=3115, ncalls=52732, regioncalls=3382440, ndraw=40, logz=-13.71, remainder_fraction=52.9436%, Lmin=-6.41, Lmax=-4.92
19:28:51 [ultranest] [DEBUG] iteration=3116, ncalls=52745, regioncalls=3384840, ndraw=40, logz=-13.70, remainder_fraction=52.8466%, Lmin=-6.41, Lmax=-4.92
19:28:52 [ultranest] [DEBUG] iteration=3117, ncalls=52753, regioncalls=3385200, ndraw=40, logz=-13.70, remainder_fraction=52.7541%, Lmin=-6.40, Lmax=-4.92
19:28:54 [ultranest] [DEBUG] iteration=3119, ncalls=52796, regioncalls=3391360, ndraw=40, logz=-13.70, remainder_fraction=52.6463%, Lmin=-6.40, Lmax=-4.92
19:28:54 [ultranest] [DEBUG] iteration=3121, ncalls=52818, regioncalls=3393680, ndraw=40, logz=-13.70, remainder_fraction=52.4754%, Lmin=-6.40, Lmax=-4.92
19:28:55 [ultranest] [DEBUG] iteration=3122, ncalls=52831, regioncalls=3395560, ndraw=40, logz=-13.70, remainder_fraction=52.3816%, Lmin=-6.40, Lmax=-4.92
19:28:55 [ultranest] [DEBUG] iteration=3123, ncalls=52835, regioncalls=3396480, ndraw=40, logz=-13.69, remainder_fraction=52.3200%, Lmin=-6.40, Lmax=-4.92
19:28:56 [ultranest] [DEBUG] iteration=3124, ncalls=52860, regioncalls=3399280, ndraw=40, logz=-13.69, remainder_fraction=52.2704%, Lmin=-6.39, Lmax=-4.92
19:28:58 [ultranest] [DEBUG] iteration=3125, ncalls=52887, regioncalls=3403160, ndraw=40, logz=-13.69, remainder_fraction=52.1924%, Lmin=-6.39, Lmax=-4.92
19:29:00 [ultranest] [DEBUG] iteration=3126, ncalls=52944, regioncalls=3414240, ndraw=40, logz=-13.69, remainder_fraction=52.1096%, Lmin=-6.39, Lmax=-4.92
19:29:03 [ultranest] [DEBUG] iteration=3127, ncalls=52987, regioncalls=3420080, ndraw=40, logz=-13.69, remainder_fraction=52.0292%, Lmin=-6.39, Lmax=-4.92
19:29:03 [ultranest] [DEBUG] iteration=3128, ncalls=52989, regioncalls=3420160, ndraw=40, logz=-13.69, remainder_fraction=51.9478%, Lmin=-6.39, Lmax=-4.92
19:29:03 [ultranest] [DEBUG] iteration=3129, ncalls=52999, regioncalls=3422000, ndraw=40, logz=-13.68, remainder_fraction=51.8487%, Lmin=-6.39, Lmax=-4.92
19:29:06 [ultranest] [DEBUG] iteration=3130, ncalls=53052, regioncalls=3429080, ndraw=40, logz=-13.68, remainder_fraction=51.7961%, Lmin=-6.38, Lmax=-4.92
19:29:06 [ultranest] [DEBUG] iteration=3131, ncalls=53070, regioncalls=3431120, ndraw=40, logz=-13.68, remainder_fraction=51.7291%, Lmin=-6.38, Lmax=-4.92
19:29:07 [ultranest] [DEBUG] iteration=3132, ncalls=53089, regioncalls=3432760, ndraw=40, logz=-13.68, remainder_fraction=51.6807%, Lmin=-6.38, Lmax=-4.92
19:29:08 [ultranest] [DEBUG] iteration=3133, ncalls=53098, regioncalls=3434720, ndraw=40, logz=-13.68, remainder_fraction=51.5917%, Lmin=-6.38, Lmax=-4.92
19:29:10 [ultranest] [DEBUG] iteration=3134, ncalls=53139, regioncalls=3439360, ndraw=40, logz=-13.68, remainder_fraction=51.5377%, Lmin=-6.38, Lmax=-4.92
19:29:10 [ultranest] [DEBUG] iteration=3135, ncalls=53152, regioncalls=3440800, ndraw=40, logz=-13.68, remainder_fraction=51.4396%, Lmin=-6.38, Lmax=-4.92
19:29:12 [ultranest] [DEBUG] iteration=3136, ncalls=53202, regioncalls=3451400, ndraw=40, logz=-13.67, remainder_fraction=51.3477%, Lmin=-6.37, Lmax=-4.92
19:29:13 [ultranest] [DEBUG] iteration=3137, ncalls=53212, regioncalls=3452480, ndraw=40, logz=-13.67, remainder_fraction=51.2545%, Lmin=-6.37, Lmax=-4.92
19:29:17 [ultranest] [DEBUG] iteration=3138, ncalls=53290, regioncalls=3464320, ndraw=40, logz=-13.67, remainder_fraction=51.1611%, Lmin=-6.37, Lmax=-4.92
19:29:22 [ultranest] [DEBUG] iteration=3139, ncalls=53410, regioncalls=3480080, ndraw=40, logz=-13.67, remainder_fraction=51.0932%, Lmin=-6.36, Lmax=-4.92
19:29:24 [ultranest] [DEBUG] iteration=3140, ncalls=53438, regioncalls=3484840, ndraw=40, logz=-13.67, remainder_fraction=51.0029%, Lmin=-6.35, Lmax=-4.92
19:29:27 [ultranest] [DEBUG] iteration=3141, ncalls=53507, regioncalls=3494000, ndraw=40, logz=-13.67, remainder_fraction=50.9711%, Lmin=-6.35, Lmax=-4.92
19:29:27 [ultranest] [DEBUG] iteration=3142, ncalls=53510, regioncalls=3494160, ndraw=40, logz=-13.66, remainder_fraction=50.8724%, Lmin=-6.35, Lmax=-4.92
19:29:28 [ultranest] [DEBUG] iteration=3143, ncalls=53541, regioncalls=3498960, ndraw=40, logz=-13.66, remainder_fraction=50.7944%, Lmin=-6.35, Lmax=-4.92
19:29:33 [ultranest] [DEBUG] iteration=3144, ncalls=53640, regioncalls=3511600, ndraw=40, logz=-13.66, remainder_fraction=50.7545%, Lmin=-6.35, Lmax=-4.92
19:29:33 [ultranest] [DEBUG] iteration=3145, ncalls=53649, regioncalls=3512160, ndraw=40, logz=-13.66, remainder_fraction=50.6593%, Lmin=-6.35, Lmax=-4.92
19:29:45 [ultranest] [DEBUG] iteration=3146, ncalls=53893, regioncalls=3549440, ndraw=40, logz=-13.66, remainder_fraction=50.5775%, Lmin=-6.34, Lmax=-4.92
19:29:45 [ultranest] [DEBUG] iteration=3147, ncalls=53902, regioncalls=3551880, ndraw=40, logz=-13.66, remainder_fraction=50.5022%, Lmin=-6.34, Lmax=-4.92
19:29:45 [ultranest] [DEBUG] iteration=3148, ncalls=53905, regioncalls=3552120, ndraw=40, logz=-13.66, remainder_fraction=50.4366%, Lmin=-6.34, Lmax=-4.92
19:29:48 [ultranest] [DEBUG] iteration=3149, ncalls=53954, regioncalls=3558320, ndraw=40, logz=-13.65, remainder_fraction=50.3489%, Lmin=-6.34, Lmax=-4.92
19:29:48 [ultranest] [DEBUG] iteration=3150, ncalls=53961, regioncalls=3559240, ndraw=40, logz=-13.65, remainder_fraction=50.3111%, Lmin=-6.34, Lmax=-4.92
19:29:49 [ultranest] [DEBUG] iteration=3151, ncalls=53987, regioncalls=3563520, ndraw=40, logz=-13.65, remainder_fraction=50.2246%, Lmin=-6.34, Lmax=-4.92
19:29:56 [ultranest] [DEBUG] iteration=3152, ncalls=54125, regioncalls=3581600, ndraw=40, logz=-13.65, remainder_fraction=50.1741%, Lmin=-6.34, Lmax=-4.92
19:29:58 [ultranest] [DEBUG] iteration=3153, ncalls=54170, regioncalls=3588080, ndraw=40, logz=-13.65, remainder_fraction=50.0806%, Lmin=-6.33, Lmax=-4.92
19:29:59 [ultranest] [DEBUG] iteration=3154, ncalls=54195, regioncalls=3591760, ndraw=40, logz=-13.65, remainder_fraction=50.0221%, Lmin=-6.33, Lmax=-4.92
19:30:04 [ultranest] [DEBUG] iteration=3155, ncalls=54299, regioncalls=3607280, ndraw=40, logz=-13.65, remainder_fraction=49.9236%, Lmin=-6.33, Lmax=-4.92
19:30:05 [ultranest] [DEBUG] iteration=3156, ncalls=54317, regioncalls=3611000, ndraw=40, logz=-13.64, remainder_fraction=49.8522%, Lmin=-6.33, Lmax=-4.92
19:30:21 [ultranest] [DEBUG] iteration=3157, ncalls=54670, regioncalls=3663040, ndraw=40, logz=-13.64, remainder_fraction=49.8031%, Lmin=-6.33, Lmax=-4.92
19:30:22 [ultranest] [DEBUG] iteration=3158, ncalls=54707, regioncalls=3667560, ndraw=40, logz=-13.64, remainder_fraction=49.7462%, Lmin=-6.32, Lmax=-4.92
19:30:24 [ultranest] [DEBUG] iteration=3159, ncalls=54754, regioncalls=3675840, ndraw=40, logz=-13.64, remainder_fraction=49.6694%, Lmin=-6.32, Lmax=-4.92
19:30:29 [ultranest] [DEBUG] iteration=3160, ncalls=54860, regioncalls=3690760, ndraw=40, logz=-13.64, remainder_fraction=49.6020%, Lmin=-6.32, Lmax=-4.92
19:30:31 [ultranest] [DEBUG] iteration=3161, ncalls=54895, regioncalls=3695280, ndraw=40, logz=-13.64, remainder_fraction=49.5051%, Lmin=-6.32, Lmax=-4.92
19:30:33 [ultranest] [DEBUG] iteration=3162, ncalls=54930, regioncalls=3700720, ndraw=40, logz=-13.64, remainder_fraction=49.4158%, Lmin=-6.32, Lmax=-4.92
19:30:34 [ultranest] [DEBUG] iteration=3163, ncalls=54957, regioncalls=3705720, ndraw=40, logz=-13.63, remainder_fraction=49.3298%, Lmin=-6.32, Lmax=-4.92
19:30:34 [ultranest] [DEBUG] clustering found some stray points [need_accept=False] (array([1, 2]), array([399,   1]))
19:30:35 [ultranest] [DEBUG] iteration=3164, ncalls=54978, regioncalls=3709840, ndraw=40, logz=-13.63, remainder_fraction=49.2329%, Lmin=-6.32, Lmax=-4.92
19:30:39 [ultranest] [DEBUG] iteration=3165, ncalls=55063, regioncalls=3723120, ndraw=40, logz=-13.63, remainder_fraction=49.1435%, Lmin=-6.32, Lmax=-4.92
19:30:40 [ultranest] [DEBUG] iteration=3166, ncalls=55078, regioncalls=3724880, ndraw=40, logz=-13.63, remainder_fraction=49.0783%, Lmin=-6.32, Lmax=-4.92
19:30:42 [ultranest] [DEBUG] iteration=3167, ncalls=55133, regioncalls=3732880, ndraw=40, logz=-13.63, remainder_fraction=49.0199%, Lmin=-6.31, Lmax=-4.92
19:30:43 [ultranest] [DEBUG] iteration=3168, ncalls=55137, regioncalls=3733520, ndraw=40, logz=-13.63, remainder_fraction=48.9494%, Lmin=-6.31, Lmax=-4.92
19:30:43 [ultranest] [DEBUG] iteration=3169, ncalls=55142, regioncalls=3735120, ndraw=40, logz=-13.63, remainder_fraction=48.8591%, Lmin=-6.31, Lmax=-4.92
19:30:44 [ultranest] [DEBUG] iteration=3171, ncalls=55172, regioncalls=3739280, ndraw=40, logz=-13.62, remainder_fraction=48.7695%, Lmin=-6.30, Lmax=-4.92
19:30:46 [ultranest] [DEBUG] iteration=3172, ncalls=55206, regioncalls=3747640, ndraw=40, logz=-13.62, remainder_fraction=48.7063%, Lmin=-6.30, Lmax=-4.92
19:30:49 [ultranest] [DEBUG] iteration=3173, ncalls=55266, regioncalls=3756600, ndraw=40, logz=-13.62, remainder_fraction=48.6466%, Lmin=-6.29, Lmax=-4.92
19:30:50 [ultranest] [DEBUG] iteration=3174, ncalls=55298, regioncalls=3760520, ndraw=40, logz=-13.62, remainder_fraction=48.5721%, Lmin=-6.29, Lmax=-4.92
19:30:50 [ultranest] [DEBUG] iteration=3175, ncalls=55306, regioncalls=3760840, ndraw=40, logz=-13.62, remainder_fraction=48.4856%, Lmin=-6.29, Lmax=-4.92
19:30:51 [ultranest] [DEBUG] iteration=3176, ncalls=55315, regioncalls=3761720, ndraw=40, logz=-13.62, remainder_fraction=48.3967%, Lmin=-6.29, Lmax=-4.92
19:30:54 [ultranest] [DEBUG] iteration=3177, ncalls=55385, regioncalls=3774280, ndraw=40, logz=-13.61, remainder_fraction=48.3228%, Lmin=-6.29, Lmax=-4.92
19:30:58 [ultranest] [DEBUG] iteration=3178, ncalls=55460, regioncalls=3784960, ndraw=40, logz=-13.61, remainder_fraction=48.2766%, Lmin=-6.29, Lmax=-4.92
19:31:03 [ultranest] [DEBUG] iteration=3179, ncalls=55554, regioncalls=3799840, ndraw=40, logz=-13.61, remainder_fraction=48.2102%, Lmin=-6.29, Lmax=-4.92
19:31:11 [ultranest] [DEBUG] iteration=3180, ncalls=55722, regioncalls=3830480, ndraw=40, logz=-13.61, remainder_fraction=48.1454%, Lmin=-6.29, Lmax=-4.92
19:31:13 [ultranest] [DEBUG] iteration=3181, ncalls=55766, regioncalls=3836920, ndraw=40, logz=-13.61, remainder_fraction=48.0748%, Lmin=-6.29, Lmax=-4.92
19:31:17 [ultranest] [DEBUG] iteration=3182, ncalls=55864, regioncalls=3850880, ndraw=40, logz=-13.61, remainder_fraction=48.0068%, Lmin=-6.29, Lmax=-4.92
19:31:19 [ultranest] [DEBUG] iteration=3183, ncalls=55891, regioncalls=3852960, ndraw=40, logz=-13.61, remainder_fraction=47.9130%, Lmin=-6.29, Lmax=-4.92
19:31:20 [ultranest] [DEBUG] iteration=3184, ncalls=55915, regioncalls=3856080, ndraw=40, logz=-13.60, remainder_fraction=47.8507%, Lmin=-6.28, Lmax=-4.92
19:31:21 [ultranest] [DEBUG] iteration=3185, ncalls=55940, regioncalls=3860160, ndraw=40, logz=-13.60, remainder_fraction=47.7771%, Lmin=-6.28, Lmax=-4.92
19:31:27 [ultranest] [DEBUG] iteration=3186, ncalls=56055, regioncalls=3877080, ndraw=40, logz=-13.60, remainder_fraction=47.7178%, Lmin=-6.28, Lmax=-4.92
19:31:27 [ultranest] [DEBUG] iteration=3188, ncalls=56067, regioncalls=3878880, ndraw=40, logz=-13.60, remainder_fraction=47.5683%, Lmin=-6.28, Lmax=-4.92
19:31:31 [ultranest] [DEBUG] iteration=3189, ncalls=56138, regioncalls=3888800, ndraw=40, logz=-13.60, remainder_fraction=47.4873%, Lmin=-6.27, Lmax=-4.92
19:31:32 [ultranest] [DEBUG] iteration=3190, ncalls=56167, regioncalls=3893760, ndraw=40, logz=-13.60, remainder_fraction=47.4138%, Lmin=-6.27, Lmax=-4.92
19:31:32 [ultranest] [DEBUG] iteration=3191, ncalls=56173, regioncalls=3894640, ndraw=40, logz=-13.60, remainder_fraction=47.3407%, Lmin=-6.27, Lmax=-4.92
19:31:34 [ultranest] [DEBUG] iteration=3192, ncalls=56214, regioncalls=3901920, ndraw=40, logz=-13.59, remainder_fraction=47.3138%, Lmin=-6.27, Lmax=-4.92
19:31:35 [ultranest] [DEBUG] iteration=3193, ncalls=56217, regioncalls=3902280, ndraw=40, logz=-13.59, remainder_fraction=47.2218%, Lmin=-6.27, Lmax=-4.92
19:31:36 [ultranest] [DEBUG] iteration=3194, ncalls=56242, regioncalls=3905560, ndraw=40, logz=-13.59, remainder_fraction=47.1660%, Lmin=-6.26, Lmax=-4.92
19:31:36 [ultranest] [DEBUG] iteration=3195, ncalls=56252, regioncalls=3908120, ndraw=40, logz=-13.59, remainder_fraction=47.1151%, Lmin=-6.26, Lmax=-4.92
19:31:40 [ultranest] [DEBUG] iteration=3196, ncalls=56337, regioncalls=3926520, ndraw=40, logz=-13.59, remainder_fraction=47.0682%, Lmin=-6.25, Lmax=-4.92
19:31:40 [ultranest] [DEBUG] iteration=3197, ncalls=56343, regioncalls=3927600, ndraw=40, logz=-13.59, remainder_fraction=47.0119%, Lmin=-6.25, Lmax=-4.92
19:31:49 [ultranest] [DEBUG] iteration=3198, ncalls=56525, regioncalls=3958720, ndraw=40, logz=-13.59, remainder_fraction=46.9357%, Lmin=-6.25, Lmax=-4.92
19:31:51 [ultranest] [DEBUG] iteration=3199, ncalls=56558, regioncalls=3963640, ndraw=40, logz=-13.58, remainder_fraction=46.8428%, Lmin=-6.24, Lmax=-4.92
19:31:54 [ultranest] [DEBUG] iteration=3200, ncalls=56617, regioncalls=3973600, ndraw=40, logz=-13.58, remainder_fraction=46.7594%, Lmin=-6.24, Lmax=-4.92
19:31:56 [ultranest] [DEBUG] iteration=3201, ncalls=56657, regioncalls=3979000, ndraw=40, logz=-13.58, remainder_fraction=46.7061%, Lmin=-6.24, Lmax=-4.92
19:31:58 [ultranest] [DEBUG] iteration=3202, ncalls=56700, regioncalls=3986440, ndraw=40, logz=-13.58, remainder_fraction=46.6507%, Lmin=-6.24, Lmax=-4.92
19:32:03 [ultranest] [DEBUG] iteration=3203, ncalls=56813, regioncalls=4010480, ndraw=40, logz=-13.58, remainder_fraction=46.6153%, Lmin=-6.24, Lmax=-4.92
19:32:04 [ultranest] [DEBUG] iteration=3204, ncalls=56825, regioncalls=4011960, ndraw=40, logz=-13.58, remainder_fraction=46.5684%, Lmin=-6.24, Lmax=-4.92
19:32:04 [ultranest] [DEBUG] iteration=3205, ncalls=56828, regioncalls=4012520, ndraw=40, logz=-13.58, remainder_fraction=46.4801%, Lmin=-6.24, Lmax=-4.92
19:32:05 [ultranest] [DEBUG] iteration=3206, ncalls=56835, regioncalls=4013440, ndraw=40, logz=-13.58, remainder_fraction=46.3855%, Lmin=-6.24, Lmax=-4.92
19:32:05 [ultranest] [DEBUG] iteration=3207, ncalls=56851, regioncalls=4018120, ndraw=40, logz=-13.57, remainder_fraction=46.3378%, Lmin=-6.23, Lmax=-4.92
19:32:07 [ultranest] [DEBUG] iteration=3208, ncalls=56880, regioncalls=4021520, ndraw=40, logz=-13.57, remainder_fraction=46.3010%, Lmin=-6.23, Lmax=-4.92
19:32:17 [ultranest] [DEBUG] iteration=3209, ncalls=57086, regioncalls=4054880, ndraw=40, logz=-13.57, remainder_fraction=46.2506%, Lmin=-6.23, Lmax=-4.92
19:32:21 [ultranest] [DEBUG] iteration=3210, ncalls=57173, regioncalls=4069760, ndraw=40, logz=-13.57, remainder_fraction=46.1866%, Lmin=-6.23, Lmax=-4.92
19:32:28 [ultranest] [DEBUG] iteration=3211, ncalls=57316, regioncalls=4095080, ndraw=40, logz=-13.57, remainder_fraction=46.1281%, Lmin=-6.22, Lmax=-4.92
19:32:28 [ultranest] [DEBUG] iteration=3213, ncalls=57329, regioncalls=4096640, ndraw=40, logz=-13.57, remainder_fraction=46.0444%, Lmin=-6.22, Lmax=-4.92
19:32:31 [ultranest] [DEBUG] iteration=3214, ncalls=57385, regioncalls=4105800, ndraw=40, logz=-13.57, remainder_fraction=45.9833%, Lmin=-6.22, Lmax=-4.92
19:32:32 [ultranest] [DEBUG] iteration=3215, ncalls=57409, regioncalls=4109800, ndraw=40, logz=-13.56, remainder_fraction=45.8924%, Lmin=-6.22, Lmax=-4.92
19:32:34 [ultranest] [DEBUG] iteration=3216, ncalls=57452, regioncalls=4117440, ndraw=40, logz=-13.56, remainder_fraction=45.8255%, Lmin=-6.21, Lmax=-4.92
19:32:35 [ultranest] [DEBUG] iteration=3217, ncalls=57466, regioncalls=4119280, ndraw=40, logz=-13.56, remainder_fraction=45.7736%, Lmin=-6.21, Lmax=-4.92
19:32:37 [ultranest] [DEBUG] iteration=3218, ncalls=57504, regioncalls=4125280, ndraw=40, logz=-13.56, remainder_fraction=45.6958%, Lmin=-6.21, Lmax=-4.92
19:32:37 [ultranest] [DEBUG] iteration=3219, ncalls=57513, regioncalls=4125920, ndraw=40, logz=-13.56, remainder_fraction=45.6362%, Lmin=-6.21, Lmax=-4.92
19:32:39 [ultranest] [DEBUG] iteration=3220, ncalls=57567, regioncalls=4131160, ndraw=40, logz=-13.56, remainder_fraction=45.6094%, Lmin=-6.20, Lmax=-4.92
19:32:40 [ultranest] [DEBUG] iteration=3221, ncalls=57585, regioncalls=4134040, ndraw=40, logz=-13.56, remainder_fraction=45.5511%, Lmin=-6.20, Lmax=-4.92
19:32:41 [ultranest] [DEBUG] iteration=3222, ncalls=57606, regioncalls=4136920, ndraw=40, logz=-13.55, remainder_fraction=45.5163%, Lmin=-6.20, Lmax=-4.92
19:32:41 [ultranest] [DEBUG] iteration=3223, ncalls=57609, regioncalls=4137040, ndraw=40, logz=-13.55, remainder_fraction=45.4388%, Lmin=-6.20, Lmax=-4.92
19:32:42 [ultranest] [DEBUG] iteration=3224, ncalls=57613, regioncalls=4138520, ndraw=40, logz=-13.55, remainder_fraction=45.3519%, Lmin=-6.20, Lmax=-4.92
19:32:49 [ultranest] [DEBUG] iteration=3225, ncalls=57764, regioncalls=4168080, ndraw=40, logz=-13.55, remainder_fraction=45.2602%, Lmin=-6.20, Lmax=-4.92
19:32:50 [ultranest] [DEBUG] iteration=3226, ncalls=57791, regioncalls=4174400, ndraw=40, logz=-13.55, remainder_fraction=45.1700%, Lmin=-6.20, Lmax=-4.92
19:32:54 [ultranest] [DEBUG] iteration=3227, ncalls=57868, regioncalls=4186760, ndraw=40, logz=-13.55, remainder_fraction=45.0937%, Lmin=-6.19, Lmax=-4.92
19:32:59 [ultranest] [DEBUG] iteration=3228, ncalls=57990, regioncalls=4206960, ndraw=40, logz=-13.55, remainder_fraction=45.0779%, Lmin=-6.19, Lmax=-4.92
19:33:00 [ultranest] [DEBUG] iteration=3229, ncalls=58012, regioncalls=4211000, ndraw=40, logz=-13.55, remainder_fraction=44.9856%, Lmin=-6.19, Lmax=-4.92
19:33:01 [ultranest] [DEBUG] iteration=3231, ncalls=58023, regioncalls=4213520, ndraw=40, logz=-13.54, remainder_fraction=44.8329%, Lmin=-6.19, Lmax=-4.92
19:33:02 [ultranest] [DEBUG] iteration=3232, ncalls=58056, regioncalls=4217960, ndraw=40, logz=-13.54, remainder_fraction=44.7616%, Lmin=-6.19, Lmax=-4.92
19:33:03 [ultranest] [DEBUG] iteration=3233, ncalls=58062, regioncalls=4220240, ndraw=40, logz=-13.54, remainder_fraction=44.6822%, Lmin=-6.19, Lmax=-4.92
19:33:13 [ultranest] [DEBUG] iteration=3234, ncalls=58283, regioncalls=4264200, ndraw=40, logz=-13.54, remainder_fraction=44.6089%, Lmin=-6.18, Lmax=-4.92
19:33:15 [ultranest] [DEBUG] iteration=3235, ncalls=58332, regioncalls=4271560, ndraw=40, logz=-13.54, remainder_fraction=44.5534%, Lmin=-6.18, Lmax=-4.92
19:33:22 [ultranest] [DEBUG] iteration=3236, ncalls=58466, regioncalls=4295160, ndraw=40, logz=-13.54, remainder_fraction=44.4639%, Lmin=-6.18, Lmax=-4.92
19:33:23 [ultranest] [DEBUG] iteration=3237, ncalls=58492, regioncalls=4298760, ndraw=40, logz=-13.54, remainder_fraction=44.4026%, Lmin=-6.18, Lmax=-4.92
19:33:25 [ultranest] [DEBUG] iteration=3238, ncalls=58529, regioncalls=4304080, ndraw=40, logz=-13.53, remainder_fraction=44.3404%, Lmin=-6.18, Lmax=-4.91
19:33:31 [ultranest] [DEBUG] iteration=3239, ncalls=58662, regioncalls=4328560, ndraw=40, logz=-13.53, remainder_fraction=44.2748%, Lmin=-6.18, Lmax=-4.91
19:33:39 [ultranest] [DEBUG] iteration=3240, ncalls=58829, regioncalls=4354680, ndraw=40, logz=-13.53, remainder_fraction=44.2797%, Lmin=-6.18, Lmax=-4.91
19:33:41 [ultranest] [DEBUG] iteration=3241, ncalls=58882, regioncalls=4363280, ndraw=40, logz=-13.53, remainder_fraction=44.2140%, Lmin=-6.18, Lmax=-4.91
19:33:43 [ultranest] [DEBUG] iteration=3242, ncalls=58931, regioncalls=4371760, ndraw=40, logz=-13.53, remainder_fraction=44.1293%, Lmin=-6.17, Lmax=-4.91
19:33:44 [ultranest] [DEBUG] iteration=3243, ncalls=58935, regioncalls=4372840, ndraw=40, logz=-13.53, remainder_fraction=44.0518%, Lmin=-6.17, Lmax=-4.91
19:33:50 [ultranest] [DEBUG] iteration=3244, ncalls=59067, regioncalls=4394080, ndraw=40, logz=-13.53, remainder_fraction=43.9788%, Lmin=-6.17, Lmax=-4.91
19:33:51 [ultranest] [DEBUG] iteration=3245, ncalls=59102, regioncalls=4399360, ndraw=40, logz=-13.53, remainder_fraction=43.9538%, Lmin=-6.17, Lmax=-4.91
19:33:57 [ultranest] [DEBUG] iteration=3246, ncalls=59229, regioncalls=4422200, ndraw=40, logz=-13.53, remainder_fraction=43.8836%, Lmin=-6.17, Lmax=-4.91
19:33:59 [ultranest] [DEBUG] iteration=3247, ncalls=59263, regioncalls=4430320, ndraw=40, logz=-13.52, remainder_fraction=43.7939%, Lmin=-6.17, Lmax=-4.91
19:34:01 [ultranest] [DEBUG] iteration=3248, ncalls=59310, regioncalls=4436640, ndraw=40, logz=-13.52, remainder_fraction=43.7203%, Lmin=-6.17, Lmax=-4.91
19:34:06 [ultranest] [DEBUG] iteration=3249, ncalls=59428, regioncalls=4456080, ndraw=40, logz=-13.52, remainder_fraction=43.6598%, Lmin=-6.17, Lmax=-4.91
19:34:13 [ultranest] [DEBUG] iteration=3250, ncalls=59575, regioncalls=4480720, ndraw=40, logz=-13.52, remainder_fraction=43.5810%, Lmin=-6.17, Lmax=-4.91
19:34:17 [ultranest] [DEBUG] iteration=3251, ncalls=59653, regioncalls=4497200, ndraw=40, logz=-13.52, remainder_fraction=43.5228%, Lmin=-6.16, Lmax=-4.91
19:34:21 [ultranest] [DEBUG] iteration=3252, ncalls=59743, regioncalls=4512600, ndraw=40, logz=-13.52, remainder_fraction=43.4622%, Lmin=-6.16, Lmax=-4.91
19:34:22 [ultranest] [DEBUG] iteration=3253, ncalls=59761, regioncalls=4514600, ndraw=40, logz=-13.52, remainder_fraction=43.3741%, Lmin=-6.16, Lmax=-4.91
19:34:22 [ultranest] [DEBUG] iteration=3254, ncalls=59764, regioncalls=4514840, ndraw=40, logz=-13.52, remainder_fraction=43.3131%, Lmin=-6.16, Lmax=-4.91
19:34:23 [ultranest] [DEBUG] iteration=3256, ncalls=59769, regioncalls=4515040, ndraw=40, logz=-13.51, remainder_fraction=43.1770%, Lmin=-6.16, Lmax=-4.91
19:34:23 [ultranest] [DEBUG] iteration=3257, ncalls=59778, regioncalls=4515400, ndraw=40, logz=-13.51, remainder_fraction=43.0923%, Lmin=-6.15, Lmax=-4.91
19:34:23 [ultranest] [DEBUG] iteration=3258, ncalls=59787, regioncalls=4515760, ndraw=40, logz=-13.51, remainder_fraction=43.0201%, Lmin=-6.15, Lmax=-4.91
19:34:24 [ultranest] [DEBUG] iteration=3259, ncalls=59790, regioncalls=4515880, ndraw=40, logz=-13.51, remainder_fraction=42.9303%, Lmin=-6.14, Lmax=-4.91
19:34:24 [ultranest] [DEBUG] iteration=3261, ncalls=59796, regioncalls=4516120, ndraw=40, logz=-13.51, remainder_fraction=42.8167%, Lmin=-6.14, Lmax=-4.91
19:34:24 [ultranest] [DEBUG] iteration=3263, ncalls=59799, regioncalls=4516240, ndraw=40, logz=-13.51, remainder_fraction=42.6518%, Lmin=-6.13, Lmax=-4.91
19:34:24 [ultranest] [DEBUG] iteration=3264, ncalls=59805, regioncalls=4516480, ndraw=40, logz=-13.50, remainder_fraction=42.6005%, Lmin=-6.13, Lmax=-4.91
19:34:24 [ultranest] [DEBUG] iteration=3265, ncalls=59808, regioncalls=4516600, ndraw=40, logz=-13.50, remainder_fraction=42.5124%, Lmin=-6.13, Lmax=-4.91
19:34:25 [ultranest] [DEBUG] iteration=3266, ncalls=59810, regioncalls=4516680, ndraw=40, logz=-13.50, remainder_fraction=42.4769%, Lmin=-6.13, Lmax=-4.91
19:34:25 [ultranest] [DEBUG] iteration=3267, ncalls=59814, regioncalls=4516840, ndraw=40, logz=-13.50, remainder_fraction=42.3968%, Lmin=-6.13, Lmax=-4.91
19:34:25 [ultranest] [DEBUG] iteration=3269, ncalls=59818, regioncalls=4517000, ndraw=40, logz=-13.50, remainder_fraction=42.2501%, Lmin=-6.12, Lmax=-4.91
19:34:25 [ultranest] [DEBUG] iteration=3271, ncalls=59820, regioncalls=4517080, ndraw=40, logz=-13.50, remainder_fraction=42.1423%, Lmin=-6.12, Lmax=-4.91
19:34:26 [ultranest] [DEBUG] iteration=3272, ncalls=59832, regioncalls=4517560, ndraw=40, logz=-13.49, remainder_fraction=42.0689%, Lmin=-6.12, Lmax=-4.91
19:34:26 [ultranest] [DEBUG] iteration=3273, ncalls=59835, regioncalls=4517680, ndraw=40, logz=-13.49, remainder_fraction=42.0214%, Lmin=-6.12, Lmax=-4.91
19:34:26 [ultranest] [DEBUG] iteration=3274, ncalls=59837, regioncalls=4517760, ndraw=40, logz=-13.49, remainder_fraction=41.9552%, Lmin=-6.11, Lmax=-4.91
19:34:26 [ultranest] [DEBUG] iteration=3275, ncalls=59844, regioncalls=4518040, ndraw=40, logz=-13.49, remainder_fraction=41.8854%, Lmin=-6.11, Lmax=-4.91
19:34:26 [ultranest] [DEBUG] iteration=3276, ncalls=59847, regioncalls=4518160, ndraw=40, logz=-13.49, remainder_fraction=41.8047%, Lmin=-6.11, Lmax=-4.91
19:34:26 [ultranest] [DEBUG] iteration=3277, ncalls=59850, regioncalls=4518280, ndraw=40, logz=-13.49, remainder_fraction=41.7632%, Lmin=-6.11, Lmax=-4.91
19:34:27 [ultranest] [DEBUG] iteration=3278, ncalls=59856, regioncalls=4518520, ndraw=40, logz=-13.49, remainder_fraction=41.7155%, Lmin=-6.11, Lmax=-4.91
19:34:27 [ultranest] [DEBUG] iteration=3279, ncalls=59865, regioncalls=4518880, ndraw=40, logz=-13.49, remainder_fraction=41.6424%, Lmin=-6.11, Lmax=-4.91
19:34:27 [ultranest] [DEBUG] iteration=3280, ncalls=59868, regioncalls=4519000, ndraw=40, logz=-13.49, remainder_fraction=41.5617%, Lmin=-6.10, Lmax=-4.91
19:34:27 [ultranest] [DEBUG] iteration=3281, ncalls=59871, regioncalls=4519120, ndraw=40, logz=-13.48, remainder_fraction=41.5291%, Lmin=-6.10, Lmax=-4.91
19:34:28 [ultranest] [DEBUG] iteration=3282, ncalls=59873, regioncalls=4519200, ndraw=40, logz=-13.48, remainder_fraction=41.4422%, Lmin=-6.10, Lmax=-4.91
19:34:28 [ultranest] [DEBUG] iteration=3283, ncalls=59891, regioncalls=4519920, ndraw=40, logz=-13.48, remainder_fraction=41.3639%, Lmin=-6.10, Lmax=-4.91
19:34:29 [ultranest] [DEBUG] iteration=3284, ncalls=59901, regioncalls=4520320, ndraw=40, logz=-13.48, remainder_fraction=41.3028%, Lmin=-6.10, Lmax=-4.91
19:34:29 [ultranest] [DEBUG] iteration=3286, ncalls=59913, regioncalls=4520800, ndraw=40, logz=-13.48, remainder_fraction=41.1677%, Lmin=-6.09, Lmax=-4.91
19:34:30 [ultranest] [DEBUG] iteration=3287, ncalls=59919, regioncalls=4521040, ndraw=40, logz=-13.48, remainder_fraction=41.0989%, Lmin=-6.09, Lmax=-4.91
19:34:30 [ultranest] [DEBUG] iteration=3288, ncalls=59925, regioncalls=4521280, ndraw=40, logz=-13.48, remainder_fraction=41.0157%, Lmin=-6.09, Lmax=-4.91
19:34:30 [ultranest] [DEBUG] iteration=3289, ncalls=59927, regioncalls=4521360, ndraw=40, logz=-13.48, remainder_fraction=40.9342%, Lmin=-6.09, Lmax=-4.91
19:34:30 [ultranest] [DEBUG] iteration=3291, ncalls=59932, regioncalls=4521560, ndraw=40, logz=-13.47, remainder_fraction=40.8084%, Lmin=-6.09, Lmax=-4.91
19:34:31 [ultranest] [DEBUG] iteration=3293, ncalls=59941, regioncalls=4521920, ndraw=40, logz=-13.47, remainder_fraction=40.6678%, Lmin=-6.07, Lmax=-4.91
19:34:31 [ultranest] [DEBUG] iteration=3294, ncalls=59949, regioncalls=4522240, ndraw=40, logz=-13.47, remainder_fraction=40.6039%, Lmin=-6.07, Lmax=-4.91
19:34:32 [ultranest] [DEBUG] iteration=3296, ncalls=59960, regioncalls=4522680, ndraw=40, logz=-13.47, remainder_fraction=40.5130%, Lmin=-6.06, Lmax=-4.91
19:34:32 [ultranest] [DEBUG] iteration=3297, ncalls=59963, regioncalls=4522800, ndraw=40, logz=-13.47, remainder_fraction=40.4298%, Lmin=-6.06, Lmax=-4.91
19:34:33 [ultranest] [DEBUG] iteration=3298, ncalls=59981, regioncalls=4523520, ndraw=40, logz=-13.47, remainder_fraction=40.3580%, Lmin=-6.06, Lmax=-4.91
19:34:33 [ultranest] [DEBUG] iteration=3299, ncalls=59985, regioncalls=4523680, ndraw=40, logz=-13.46, remainder_fraction=40.2745%, Lmin=-6.06, Lmax=-4.91
19:34:33 [ultranest] [DEBUG] iteration=3300, ncalls=59992, regioncalls=4523960, ndraw=40, logz=-13.46, remainder_fraction=40.1889%, Lmin=-6.06, Lmax=-4.91
19:34:34 [ultranest] [DEBUG] iteration=3302, ncalls=60006, regioncalls=4524520, ndraw=40, logz=-13.46, remainder_fraction=40.0283%, Lmin=-6.05, Lmax=-4.91
19:34:34 [ultranest] [DEBUG] iteration=3303, ncalls=60011, regioncalls=4524720, ndraw=40, logz=-13.46, remainder_fraction=39.9741%, Lmin=-6.05, Lmax=-4.91
19:34:34 [ultranest] [DEBUG] iteration=3304, ncalls=60018, regioncalls=4525000, ndraw=40, logz=-13.46, remainder_fraction=39.9003%, Lmin=-6.05, Lmax=-4.91
19:34:35 [ultranest] [DEBUG] iteration=3305, ncalls=60021, regioncalls=4525120, ndraw=40, logz=-13.46, remainder_fraction=39.8479%, Lmin=-6.05, Lmax=-4.91
19:34:35 [ultranest] [DEBUG] iteration=3306, ncalls=60024, regioncalls=4525240, ndraw=40, logz=-13.46, remainder_fraction=39.7914%, Lmin=-6.05, Lmax=-4.91
19:34:35 [ultranest] [DEBUG] iteration=3307, ncalls=60031, regioncalls=4525520, ndraw=40, logz=-13.46, remainder_fraction=39.7058%, Lmin=-6.04, Lmax=-4.91
19:34:36 [ultranest] [DEBUG] iteration=3309, ncalls=60044, regioncalls=4526040, ndraw=40, logz=-13.45, remainder_fraction=39.5505%, Lmin=-6.04, Lmax=-4.91
19:34:36 [ultranest] [DEBUG] iteration=3310, ncalls=60055, regioncalls=4526480, ndraw=40, logz=-13.45, remainder_fraction=39.4999%, Lmin=-6.04, Lmax=-4.91
19:34:37 [ultranest] [DEBUG] iteration=3311, ncalls=60067, regioncalls=4526960, ndraw=40, logz=-13.45, remainder_fraction=39.4171%, Lmin=-6.04, Lmax=-4.91
19:34:37 [ultranest] [DEBUG] iteration=3312, ncalls=60070, regioncalls=4527080, ndraw=40, logz=-13.45, remainder_fraction=39.3560%, Lmin=-6.04, Lmax=-4.91
19:34:38 [ultranest] [DEBUG] iteration=3313, ncalls=60083, regioncalls=4527600, ndraw=40, logz=-13.45, remainder_fraction=39.3330%, Lmin=-6.04, Lmax=-4.91
19:34:38 [ultranest] [DEBUG] iteration=3315, ncalls=60095, regioncalls=4528080, ndraw=40, logz=-13.45, remainder_fraction=39.2125%, Lmin=-6.03, Lmax=-4.91
19:34:38 [ultranest] [DEBUG] iteration=3316, ncalls=60100, regioncalls=4528280, ndraw=40, logz=-13.45, remainder_fraction=39.1275%, Lmin=-6.03, Lmax=-4.91
19:34:39 [ultranest] [DEBUG] iteration=3317, ncalls=60105, regioncalls=4528480, ndraw=40, logz=-13.44, remainder_fraction=39.0605%, Lmin=-6.03, Lmax=-4.91
19:34:39 [ultranest] [DEBUG] iteration=3318, ncalls=60109, regioncalls=4528640, ndraw=40, logz=-13.44, remainder_fraction=38.9838%, Lmin=-6.03, Lmax=-4.91
19:34:39 [ultranest] [DEBUG] iteration=3319, ncalls=60120, regioncalls=4529080, ndraw=40, logz=-13.44, remainder_fraction=38.9117%, Lmin=-6.03, Lmax=-4.91
19:34:40 [ultranest] [DEBUG] iteration=3321, ncalls=60128, regioncalls=4529400, ndraw=40, logz=-13.44, remainder_fraction=38.8065%, Lmin=-6.02, Lmax=-4.91
19:34:40 [ultranest] [DEBUG] iteration=3323, ncalls=60131, regioncalls=4529520, ndraw=40, logz=-13.44, remainder_fraction=38.6628%, Lmin=-6.02, Lmax=-4.91
19:34:42 [ultranest] [DEBUG] iteration=3325, ncalls=60165, regioncalls=4530880, ndraw=40, logz=-13.44, remainder_fraction=38.5126%, Lmin=-6.02, Lmax=-4.91
19:34:42 [ultranest] [DEBUG] iteration=3327, ncalls=60172, regioncalls=4531160, ndraw=40, logz=-13.43, remainder_fraction=38.3623%, Lmin=-6.01, Lmax=-4.91
19:34:42 [ultranest] [DEBUG] iteration=3328, ncalls=60181, regioncalls=4531520, ndraw=40, logz=-13.43, remainder_fraction=38.2957%, Lmin=-6.01, Lmax=-4.91
19:34:42 [ultranest] [DEBUG] iteration=3329, ncalls=60184, regioncalls=4531640, ndraw=40, logz=-13.43, remainder_fraction=38.2140%, Lmin=-6.01, Lmax=-4.91
19:34:43 [ultranest] [DEBUG] iteration=3331, ncalls=60205, regioncalls=4532480, ndraw=40, logz=-13.43, remainder_fraction=38.0571%, Lmin=-6.01, Lmax=-4.91
19:34:44 [ultranest] [DEBUG] iteration=3332, ncalls=60215, regioncalls=4532880, ndraw=40, logz=-13.43, remainder_fraction=37.9862%, Lmin=-6.01, Lmax=-4.91
19:34:45 [ultranest] [DEBUG] iteration=3333, ncalls=60232, regioncalls=4533560, ndraw=40, logz=-13.43, remainder_fraction=37.9147%, Lmin=-6.00, Lmax=-4.91
19:34:45 [ultranest] [DEBUG] iteration=3334, ncalls=60238, regioncalls=4533800, ndraw=40, logz=-13.43, remainder_fraction=37.8369%, Lmin=-6.00, Lmax=-4.91
19:34:45 [ultranest] [DEBUG] iteration=3335, ncalls=60241, regioncalls=4533920, ndraw=40, logz=-13.43, remainder_fraction=37.7845%, Lmin=-6.00, Lmax=-4.91
19:34:45 [ultranest] [DEBUG] iteration=3336, ncalls=60249, regioncalls=4534240, ndraw=40, logz=-13.42, remainder_fraction=37.7019%, Lmin=-6.00, Lmax=-4.91
19:34:46 [ultranest] [DEBUG] iteration=3337, ncalls=60253, regioncalls=4534400, ndraw=40, logz=-13.42, remainder_fraction=37.6588%, Lmin=-6.00, Lmax=-4.91
19:34:46 [ultranest] [DEBUG] iteration=3338, ncalls=60257, regioncalls=4534560, ndraw=40, logz=-13.42, remainder_fraction=37.6200%, Lmin=-5.99, Lmax=-4.91
19:34:46 [ultranest] [DEBUG] iteration=3339, ncalls=60259, regioncalls=4534640, ndraw=40, logz=-13.42, remainder_fraction=37.5425%, Lmin=-5.99, Lmax=-4.91
19:34:47 [ultranest] [DEBUG] iteration=3340, ncalls=60273, regioncalls=4535200, ndraw=40, logz=-13.42, remainder_fraction=37.4706%, Lmin=-5.99, Lmax=-4.91
19:34:47 [ultranest] [DEBUG] iteration=3341, ncalls=60278, regioncalls=4535400, ndraw=40, logz=-13.42, remainder_fraction=37.3958%, Lmin=-5.99, Lmax=-4.91
19:34:47 [ultranest] [DEBUG] iteration=3342, ncalls=60292, regioncalls=4535960, ndraw=40, logz=-13.42, remainder_fraction=37.3199%, Lmin=-5.99, Lmax=-4.91
19:34:48 [ultranest] [DEBUG] iteration=3343, ncalls=60295, regioncalls=4536080, ndraw=40, logz=-13.42, remainder_fraction=37.2662%, Lmin=-5.99, Lmax=-4.91
19:34:49 [ultranest] [DEBUG] iteration=3344, ncalls=60318, regioncalls=4537080, ndraw=40, logz=-13.42, remainder_fraction=37.1859%, Lmin=-5.99, Lmax=-4.91
19:34:49 [ultranest] [DEBUG] iteration=3345, ncalls=60321, regioncalls=4537200, ndraw=40, logz=-13.42, remainder_fraction=37.1267%, Lmin=-5.99, Lmax=-4.91
19:34:50 [ultranest] [DEBUG] iteration=3346, ncalls=60331, regioncalls=4537600, ndraw=40, logz=-13.41, remainder_fraction=37.0693%, Lmin=-5.99, Lmax=-4.91
19:34:50 [ultranest] [DEBUG] iteration=3349, ncalls=60336, regioncalls=4537800, ndraw=40, logz=-13.41, remainder_fraction=36.9064%, Lmin=-5.98, Lmax=-4.91
19:34:50 [ultranest] [DEBUG] iteration=3350, ncalls=60339, regioncalls=4537920, ndraw=40, logz=-13.41, remainder_fraction=36.8343%, Lmin=-5.98, Lmax=-4.91
19:34:51 [ultranest] [DEBUG] iteration=3351, ncalls=60362, regioncalls=4538840, ndraw=40, logz=-13.41, remainder_fraction=36.7689%, Lmin=-5.98, Lmax=-4.91
19:34:51 [ultranest] [DEBUG] iteration=3352, ncalls=60366, regioncalls=4539000, ndraw=40, logz=-13.41, remainder_fraction=36.7113%, Lmin=-5.98, Lmax=-4.91
19:34:51 [ultranest] [DEBUG] iteration=3355, ncalls=60370, regioncalls=4539160, ndraw=40, logz=-13.41, remainder_fraction=36.4928%, Lmin=-5.98, Lmax=-4.91
19:34:52 [ultranest] [DEBUG] iteration=3356, ncalls=60374, regioncalls=4539320, ndraw=40, logz=-13.40, remainder_fraction=36.4344%, Lmin=-5.98, Lmax=-4.91
19:34:52 [ultranest] [DEBUG] iteration=3358, ncalls=60382, regioncalls=4539640, ndraw=40, logz=-13.40, remainder_fraction=36.3359%, Lmin=-5.97, Lmax=-4.91
19:34:52 [ultranest] [DEBUG] iteration=3359, ncalls=60391, regioncalls=4540000, ndraw=40, logz=-13.40, remainder_fraction=36.2744%, Lmin=-5.97, Lmax=-4.91
19:34:53 [ultranest] [DEBUG] iteration=3361, ncalls=60400, regioncalls=4540360, ndraw=40, logz=-13.40, remainder_fraction=36.1797%, Lmin=-5.97, Lmax=-4.91
19:34:53 [ultranest] [DEBUG] iteration=3363, ncalls=60407, regioncalls=4540640, ndraw=40, logz=-13.40, remainder_fraction=36.0749%, Lmin=-5.97, Lmax=-4.91
19:34:54 [ultranest] [DEBUG] iteration=3364, ncalls=60420, regioncalls=4541160, ndraw=40, logz=-13.40, remainder_fraction=36.0187%, Lmin=-5.97, Lmax=-4.91
19:34:54 [ultranest] [DEBUG] iteration=3365, ncalls=60429, regioncalls=4541520, ndraw=40, logz=-13.40, remainder_fraction=35.9848%, Lmin=-5.96, Lmax=-4.91
19:34:55 [ultranest] [DEBUG] iteration=3366, ncalls=60435, regioncalls=4541760, ndraw=40, logz=-13.39, remainder_fraction=35.9358%, Lmin=-5.96, Lmax=-4.91
19:34:55 [ultranest] [DEBUG] iteration=3367, ncalls=60437, regioncalls=4541840, ndraw=40, logz=-13.39, remainder_fraction=35.8934%, Lmin=-5.96, Lmax=-4.91
19:34:55 [ultranest] [DEBUG] iteration=3369, ncalls=60441, regioncalls=4542000, ndraw=40, logz=-13.39, remainder_fraction=35.7624%, Lmin=-5.96, Lmax=-4.91
19:34:55 [ultranest] [DEBUG] iteration=3370, ncalls=60446, regioncalls=4542200, ndraw=40, logz=-13.39, remainder_fraction=35.6843%, Lmin=-5.96, Lmax=-4.91
19:34:56 [ultranest] [DEBUG] iteration=3371, ncalls=60456, regioncalls=4542600, ndraw=40, logz=-13.39, remainder_fraction=35.6261%, Lmin=-5.96, Lmax=-4.91
19:34:56 [ultranest] [DEBUG] iteration=3373, ncalls=60459, regioncalls=4542720, ndraw=40, logz=-13.39, remainder_fraction=35.5133%, Lmin=-5.96, Lmax=-4.91
19:34:57 [ultranest] [DEBUG] iteration=3374, ncalls=60485, regioncalls=4543760, ndraw=40, logz=-13.39, remainder_fraction=35.4400%, Lmin=-5.95, Lmax=-4.91
19:34:57 [ultranest] [DEBUG] iteration=3375, ncalls=60498, regioncalls=4544280, ndraw=40, logz=-13.39, remainder_fraction=35.3753%, Lmin=-5.95, Lmax=-4.91
19:34:58 [ultranest] [DEBUG] iteration=3377, ncalls=60508, regioncalls=4544680, ndraw=40, logz=-13.38, remainder_fraction=35.2794%, Lmin=-5.95, Lmax=-4.91
19:34:58 [ultranest] [DEBUG] iteration=3378, ncalls=60510, regioncalls=4544760, ndraw=40, logz=-13.38, remainder_fraction=35.2034%, Lmin=-5.95, Lmax=-4.91
19:34:58 [ultranest] [DEBUG] iteration=3379, ncalls=60514, regioncalls=4544920, ndraw=40, logz=-13.38, remainder_fraction=35.1434%, Lmin=-5.95, Lmax=-4.91
19:34:59 [ultranest] [DEBUG] iteration=3380, ncalls=60528, regioncalls=4545480, ndraw=40, logz=-13.38, remainder_fraction=35.0662%, Lmin=-5.95, Lmax=-4.91
19:34:59 [ultranest] [DEBUG] iteration=3381, ncalls=60533, regioncalls=4545680, ndraw=40, logz=-13.38, remainder_fraction=35.0025%, Lmin=-5.95, Lmax=-4.91
19:34:59 [ultranest] [DEBUG] iteration=3382, ncalls=60537, regioncalls=4545840, ndraw=40, logz=-13.38, remainder_fraction=34.9336%, Lmin=-5.95, Lmax=-4.91
19:35:00 [ultranest] [DEBUG] iteration=3383, ncalls=60544, regioncalls=4546120, ndraw=40, logz=-13.38, remainder_fraction=34.8670%, Lmin=-5.95, Lmax=-4.91
19:35:00 [ultranest] [DEBUG] iteration=3384, ncalls=60546, regioncalls=4546200, ndraw=40, logz=-13.38, remainder_fraction=34.8039%, Lmin=-5.95, Lmax=-4.91
19:35:00 [ultranest] [DEBUG] iteration=3385, ncalls=60550, regioncalls=4546360, ndraw=40, logz=-13.38, remainder_fraction=34.7265%, Lmin=-5.94, Lmax=-4.91
19:35:01 [ultranest] [DEBUG] iteration=3386, ncalls=60568, regioncalls=4547080, ndraw=40, logz=-13.38, remainder_fraction=34.6739%, Lmin=-5.94, Lmax=-4.91
19:35:01 [ultranest] [DEBUG] iteration=3388, ncalls=60572, regioncalls=4547240, ndraw=40, logz=-13.37, remainder_fraction=34.5417%, Lmin=-5.94, Lmax=-4.91
19:35:01 [ultranest] [DEBUG] iteration=3389, ncalls=60576, regioncalls=4547400, ndraw=40, logz=-13.37, remainder_fraction=34.4698%, Lmin=-5.94, Lmax=-4.91
19:35:02 [ultranest] [DEBUG] iteration=3390, ncalls=60592, regioncalls=4548040, ndraw=40, logz=-13.37, remainder_fraction=34.4205%, Lmin=-5.94, Lmax=-4.91
19:35:02 [ultranest] [DEBUG] iteration=3391, ncalls=60601, regioncalls=4548400, ndraw=40, logz=-13.37, remainder_fraction=34.3543%, Lmin=-5.93, Lmax=-4.91
19:35:03 [ultranest] [DEBUG] iteration=3393, ncalls=60609, regioncalls=4548720, ndraw=40, logz=-13.37, remainder_fraction=34.2784%, Lmin=-5.93, Lmax=-4.91
19:35:03 [ultranest] [DEBUG] iteration=3394, ncalls=60612, regioncalls=4548840, ndraw=40, logz=-13.37, remainder_fraction=34.2211%, Lmin=-5.93, Lmax=-4.91
19:35:03 [ultranest] [DEBUG] iteration=3395, ncalls=60616, regioncalls=4549000, ndraw=40, logz=-13.37, remainder_fraction=34.1883%, Lmin=-5.93, Lmax=-4.91
19:35:03 [ultranest] [DEBUG] iteration=3396, ncalls=60622, regioncalls=4549240, ndraw=40, logz=-13.37, remainder_fraction=34.1360%, Lmin=-5.93, Lmax=-4.91
19:35:04 [ultranest] [DEBUG] iteration=3397, ncalls=60627, regioncalls=4549440, ndraw=40, logz=-13.37, remainder_fraction=34.0693%, Lmin=-5.93, Lmax=-4.91
19:35:04 [ultranest] [DEBUG] iteration=3398, ncalls=60641, regioncalls=4550000, ndraw=40, logz=-13.37, remainder_fraction=33.9967%, Lmin=-5.93, Lmax=-4.91
19:35:05 [ultranest] [DEBUG] iteration=3400, ncalls=60650, regioncalls=4550360, ndraw=40, logz=-13.36, remainder_fraction=33.8619%, Lmin=-5.93, Lmax=-4.91
19:35:05 [ultranest] [DEBUG] iteration=3402, ncalls=60655, regioncalls=4550560, ndraw=40, logz=-13.36, remainder_fraction=33.7974%, Lmin=-5.92, Lmax=-4.91
19:35:05 [ultranest] [DEBUG] iteration=3404, ncalls=60657, regioncalls=4550640, ndraw=40, logz=-13.36, remainder_fraction=33.6944%, Lmin=-5.92, Lmax=-4.91
19:35:05 [ultranest] [DEBUG] iteration=3406, ncalls=60665, regioncalls=4550960, ndraw=40, logz=-13.36, remainder_fraction=33.6063%, Lmin=-5.91, Lmax=-4.91
19:35:06 [ultranest] [DEBUG] iteration=3407, ncalls=60676, regioncalls=4551400, ndraw=40, logz=-13.36, remainder_fraction=33.5352%, Lmin=-5.91, Lmax=-4.91
19:35:06 [ultranest] [DEBUG] iteration=3408, ncalls=60683, regioncalls=4551680, ndraw=40, logz=-13.36, remainder_fraction=33.4752%, Lmin=-5.91, Lmax=-4.91
19:35:06 [ultranest] [DEBUG] iteration=3409, ncalls=60686, regioncalls=4551800, ndraw=40, logz=-13.36, remainder_fraction=33.4220%, Lmin=-5.91, Lmax=-4.91
19:35:08 [ultranest] [DEBUG] iteration=3410, ncalls=60711, regioncalls=4552800, ndraw=40, logz=-13.35, remainder_fraction=33.3748%, Lmin=-5.91, Lmax=-4.91
19:35:08 [ultranest] [DEBUG] iteration=3411, ncalls=60719, regioncalls=4553120, ndraw=40, logz=-13.35, remainder_fraction=33.3416%, Lmin=-5.90, Lmax=-4.91
19:35:09 [ultranest] [DEBUG] iteration=3412, ncalls=60743, regioncalls=4554080, ndraw=40, logz=-13.35, remainder_fraction=33.3071%, Lmin=-5.90, Lmax=-4.91
19:35:10 [ultranest] [DEBUG] iteration=3413, ncalls=60750, regioncalls=4554360, ndraw=40, logz=-13.35, remainder_fraction=33.2602%, Lmin=-5.90, Lmax=-4.91
19:35:10 [ultranest] [DEBUG] iteration=3414, ncalls=60769, regioncalls=4555120, ndraw=40, logz=-13.35, remainder_fraction=33.1963%, Lmin=-5.90, Lmax=-4.91
19:35:11 [ultranest] [DEBUG] iteration=3416, ncalls=60772, regioncalls=4555240, ndraw=40, logz=-13.35, remainder_fraction=33.1180%, Lmin=-5.90, Lmax=-4.91
19:35:11 [ultranest] [DEBUG] iteration=3418, ncalls=60776, regioncalls=4555400, ndraw=40, logz=-13.35, remainder_fraction=33.0100%, Lmin=-5.89, Lmax=-4.91
19:35:12 [ultranest] [DEBUG] iteration=3420, ncalls=60797, regioncalls=4556240, ndraw=40, logz=-13.35, remainder_fraction=32.8919%, Lmin=-5.89, Lmax=-4.91
19:35:12 [ultranest] [DEBUG] iteration=3422, ncalls=60800, regioncalls=4556360, ndraw=40, logz=-13.34, remainder_fraction=32.7662%, Lmin=-5.89, Lmax=-4.91
19:35:12 [ultranest] [DEBUG] iteration=3423, ncalls=60803, regioncalls=4556480, ndraw=40, logz=-13.34, remainder_fraction=32.7021%, Lmin=-5.89, Lmax=-4.91
19:35:12 [ultranest] [DEBUG] iteration=3425, ncalls=60815, regioncalls=4556960, ndraw=40, logz=-13.34, remainder_fraction=32.5766%, Lmin=-5.88, Lmax=-4.91
19:35:13 [ultranest] [DEBUG] iteration=3426, ncalls=60818, regioncalls=4557080, ndraw=40, logz=-13.34, remainder_fraction=32.5148%, Lmin=-5.88, Lmax=-4.91
19:35:13 [ultranest] [DEBUG] iteration=3427, ncalls=60822, regioncalls=4557240, ndraw=40, logz=-13.34, remainder_fraction=32.4437%, Lmin=-5.88, Lmax=-4.91
19:35:13 [ultranest] [DEBUG] iteration=3428, ncalls=60825, regioncalls=4557360, ndraw=40, logz=-13.34, remainder_fraction=32.4062%, Lmin=-5.88, Lmax=-4.91
19:35:13 [ultranest] [DEBUG] iteration=3429, ncalls=60829, regioncalls=4557520, ndraw=40, logz=-13.34, remainder_fraction=32.3585%, Lmin=-5.88, Lmax=-4.91
19:35:14 [ultranest] [DEBUG] iteration=3430, ncalls=60840, regioncalls=4557960, ndraw=40, logz=-13.34, remainder_fraction=32.2961%, Lmin=-5.88, Lmax=-4.91
19:35:14 [ultranest] [DEBUG] iteration=3431, ncalls=60844, regioncalls=4558120, ndraw=40, logz=-13.34, remainder_fraction=32.2281%, Lmin=-5.88, Lmax=-4.91
19:35:14 [ultranest] [DEBUG] iteration=3432, ncalls=60847, regioncalls=4558240, ndraw=40, logz=-13.34, remainder_fraction=32.1842%, Lmin=-5.87, Lmax=-4.91
19:35:15 [ultranest] [DEBUG] iteration=3434, ncalls=60858, regioncalls=4558760, ndraw=40, logz=-13.33, remainder_fraction=32.0417%, Lmin=-5.87, Lmax=-4.91
19:35:15 [ultranest] [DEBUG] iteration=3435, ncalls=60864, regioncalls=4559000, ndraw=40, logz=-13.33, remainder_fraction=31.9694%, Lmin=-5.87, Lmax=-4.91
19:35:16 [ultranest] [DEBUG] iteration=3436, ncalls=60875, regioncalls=4559440, ndraw=40, logz=-13.33, remainder_fraction=31.9064%, Lmin=-5.86, Lmax=-4.91
19:35:16 [ultranest] [DEBUG] iteration=3437, ncalls=60880, regioncalls=4559640, ndraw=40, logz=-13.33, remainder_fraction=31.8447%, Lmin=-5.86, Lmax=-4.91
19:35:16 [ultranest] [DEBUG] iteration=3438, ncalls=60884, regioncalls=4559800, ndraw=40, logz=-13.33, remainder_fraction=31.7784%, Lmin=-5.86, Lmax=-4.91
19:35:16 [ultranest] [DEBUG] iteration=3439, ncalls=60892, regioncalls=4560120, ndraw=40, logz=-13.33, remainder_fraction=31.7321%, Lmin=-5.86, Lmax=-4.91
19:35:17 [ultranest] [DEBUG] iteration=3440, ncalls=60910, regioncalls=4560840, ndraw=40, logz=-13.33, remainder_fraction=31.6642%, Lmin=-5.86, Lmax=-4.91
19:35:18 [ultranest] [DEBUG] iteration=3441, ncalls=60916, regioncalls=4561080, ndraw=40, logz=-13.33, remainder_fraction=31.6091%, Lmin=-5.86, Lmax=-4.91
19:35:18 [ultranest] [DEBUG] iteration=3443, ncalls=60919, regioncalls=4561200, ndraw=40, logz=-13.33, remainder_fraction=31.4790%, Lmin=-5.85, Lmax=-4.91
19:35:18 [ultranest] [DEBUG] iteration=3444, ncalls=60922, regioncalls=4561320, ndraw=40, logz=-13.33, remainder_fraction=31.4095%, Lmin=-5.85, Lmax=-4.91
19:35:18 [ultranest] [DEBUG] iteration=3445, ncalls=60934, regioncalls=4561800, ndraw=40, logz=-13.32, remainder_fraction=31.3464%, Lmin=-5.85, Lmax=-4.91
19:35:19 [ultranest] [DEBUG] iteration=3446, ncalls=60937, regioncalls=4561920, ndraw=40, logz=-13.32, remainder_fraction=31.2917%, Lmin=-5.85, Lmax=-4.91
19:35:19 [ultranest] [DEBUG] iteration=3447, ncalls=60950, regioncalls=4562440, ndraw=40, logz=-13.32, remainder_fraction=31.2666%, Lmin=-5.85, Lmax=-4.91
19:35:19 [ultranest] [DEBUG] iteration=3448, ncalls=60955, regioncalls=4562640, ndraw=40, logz=-13.32, remainder_fraction=31.2174%, Lmin=-5.85, Lmax=-4.91
19:35:20 [ultranest] [DEBUG] iteration=3449, ncalls=60958, regioncalls=4562760, ndraw=40, logz=-13.32, remainder_fraction=31.1755%, Lmin=-5.85, Lmax=-4.91
19:35:20 [ultranest] [DEBUG] iteration=3450, ncalls=60969, regioncalls=4563200, ndraw=40, logz=-13.32, remainder_fraction=31.1143%, Lmin=-5.84, Lmax=-4.91
19:35:21 [ultranest] [DEBUG] iteration=3451, ncalls=60981, regioncalls=4563680, ndraw=40, logz=-13.32, remainder_fraction=31.0530%, Lmin=-5.84, Lmax=-4.91
19:35:21 [ultranest] [DEBUG] iteration=3453, ncalls=60992, regioncalls=4564120, ndraw=40, logz=-13.32, remainder_fraction=30.9686%, Lmin=-5.84, Lmax=-4.91
19:35:22 [ultranest] [DEBUG] iteration=3454, ncalls=61005, regioncalls=4564640, ndraw=40, logz=-13.32, remainder_fraction=30.9174%, Lmin=-5.84, Lmax=-4.91
19:35:22 [ultranest] [DEBUG] iteration=3455, ncalls=61013, regioncalls=4564960, ndraw=40, logz=-13.32, remainder_fraction=30.8499%, Lmin=-5.84, Lmax=-4.91
19:35:22 [ultranest] [DEBUG] iteration=3457, ncalls=61017, regioncalls=4565120, ndraw=40, logz=-13.32, remainder_fraction=30.7257%, Lmin=-5.84, Lmax=-4.91
19:35:22 [ultranest] [DEBUG] iteration=3458, ncalls=61020, regioncalls=4565240, ndraw=40, logz=-13.31, remainder_fraction=30.6749%, Lmin=-5.84, Lmax=-4.91
19:35:23 [ultranest] [DEBUG] iteration=3459, ncalls=61025, regioncalls=4565440, ndraw=40, logz=-13.31, remainder_fraction=30.6199%, Lmin=-5.84, Lmax=-4.91
19:35:23 [ultranest] [DEBUG] iteration=3460, ncalls=61033, regioncalls=4565760, ndraw=40, logz=-13.31, remainder_fraction=30.5888%, Lmin=-5.83, Lmax=-4.91
19:35:24 [ultranest] [DEBUG] iteration=3461, ncalls=61045, regioncalls=4566240, ndraw=40, logz=-13.31, remainder_fraction=30.5336%, Lmin=-5.83, Lmax=-4.91
19:35:24 [ultranest] [DEBUG] iteration=3463, ncalls=61053, regioncalls=4566560, ndraw=40, logz=-13.31, remainder_fraction=30.4074%, Lmin=-5.83, Lmax=-4.91
19:35:24 [ultranest] [DEBUG] iteration=3464, ncalls=61055, regioncalls=4566640, ndraw=40, logz=-13.31, remainder_fraction=30.3396%, Lmin=-5.82, Lmax=-4.91
19:35:25 [ultranest] [DEBUG] iteration=3466, ncalls=61068, regioncalls=4567160, ndraw=40, logz=-13.31, remainder_fraction=30.2025%, Lmin=-5.82, Lmax=-4.91
19:35:25 [ultranest] [DEBUG] iteration=3468, ncalls=61072, regioncalls=4567320, ndraw=40, logz=-13.31, remainder_fraction=30.1039%, Lmin=-5.82, Lmax=-4.91
19:35:25 [ultranest] [DEBUG] iteration=3469, ncalls=61077, regioncalls=4567520, ndraw=40, logz=-13.31, remainder_fraction=30.0362%, Lmin=-5.82, Lmax=-4.91
19:35:26 [ultranest] [DEBUG] iteration=3470, ncalls=61085, regioncalls=4567840, ndraw=40, logz=-13.30, remainder_fraction=29.9727%, Lmin=-5.82, Lmax=-4.91
19:35:26 [ultranest] [DEBUG] iteration=3471, ncalls=61088, regioncalls=4567960, ndraw=40, logz=-13.30, remainder_fraction=29.9103%, Lmin=-5.82, Lmax=-4.91
19:35:26 [ultranest] [DEBUG] iteration=3472, ncalls=61100, regioncalls=4568440, ndraw=40, logz=-13.30, remainder_fraction=29.8545%, Lmin=-5.82, Lmax=-4.91
19:35:27 [ultranest] [DEBUG] iteration=3473, ncalls=61105, regioncalls=4568640, ndraw=40, logz=-13.30, remainder_fraction=29.8116%, Lmin=-5.82, Lmax=-4.91
19:35:27 [ultranest] [DEBUG] iteration=3475, ncalls=61115, regioncalls=4569040, ndraw=40, logz=-13.30, remainder_fraction=29.6792%, Lmin=-5.81, Lmax=-4.91
19:35:28 [ultranest] [DEBUG] iteration=3476, ncalls=61140, regioncalls=4570040, ndraw=40, logz=-13.30, remainder_fraction=29.6390%, Lmin=-5.81, Lmax=-4.91
19:35:28 [ultranest] [DEBUG] iteration=3478, ncalls=61144, regioncalls=4570200, ndraw=40, logz=-13.30, remainder_fraction=29.5394%, Lmin=-5.81, Lmax=-4.91
19:35:29 [ultranest] [DEBUG] iteration=3479, ncalls=61149, regioncalls=4570400, ndraw=40, logz=-13.30, remainder_fraction=29.4734%, Lmin=-5.81, Lmax=-4.91
19:35:29 [ultranest] [DEBUG] iteration=3480, ncalls=61156, regioncalls=4570680, ndraw=40, logz=-13.30, remainder_fraction=29.4132%, Lmin=-5.81, Lmax=-4.91
19:35:30 [ultranest] [DEBUG] iteration=3481, ncalls=61170, regioncalls=4571240, ndraw=40, logz=-13.30, remainder_fraction=29.3733%, Lmin=-5.81, Lmax=-4.91
19:35:30 [ultranest] [DEBUG] iteration=3483, ncalls=61182, regioncalls=4571720, ndraw=40, logz=-13.29, remainder_fraction=29.2541%, Lmin=-5.80, Lmax=-4.91
19:35:30 [ultranest] [DEBUG] iteration=3484, ncalls=61186, regioncalls=4571880, ndraw=40, logz=-13.29, remainder_fraction=29.1900%, Lmin=-5.80, Lmax=-4.91
19:35:31 [ultranest] [DEBUG] iteration=3486, ncalls=61189, regioncalls=4572000, ndraw=40, logz=-13.29, remainder_fraction=29.0581%, Lmin=-5.80, Lmax=-4.91
19:35:31 [ultranest] [DEBUG] iteration=3488, ncalls=61201, regioncalls=4572480, ndraw=40, logz=-13.29, remainder_fraction=28.9621%, Lmin=-5.80, Lmax=-4.91
19:35:31 [ultranest] [DEBUG] iteration=3489, ncalls=61208, regioncalls=4572760, ndraw=40, logz=-13.29, remainder_fraction=28.9025%, Lmin=-5.80, Lmax=-4.91
19:35:32 [ultranest] [DEBUG] iteration=3490, ncalls=61214, regioncalls=4573000, ndraw=40, logz=-13.29, remainder_fraction=28.8747%, Lmin=-5.80, Lmax=-4.91
19:35:32 [ultranest] [DEBUG] iteration=3491, ncalls=61223, regioncalls=4573360, ndraw=40, logz=-13.29, remainder_fraction=28.8165%, Lmin=-5.80, Lmax=-4.91
19:35:33 [ultranest] [DEBUG] iteration=3493, ncalls=61231, regioncalls=4573680, ndraw=40, logz=-13.29, remainder_fraction=28.7346%, Lmin=-5.79, Lmax=-4.91
19:35:33 [ultranest] [DEBUG] iteration=3494, ncalls=61234, regioncalls=4573800, ndraw=40, logz=-13.29, remainder_fraction=28.6866%, Lmin=-5.79, Lmax=-4.91
19:35:33 [ultranest] [DEBUG] iteration=3495, ncalls=61247, regioncalls=4574320, ndraw=40, logz=-13.29, remainder_fraction=28.6290%, Lmin=-5.79, Lmax=-4.91
19:35:34 [ultranest] [DEBUG] iteration=3496, ncalls=61256, regioncalls=4574680, ndraw=40, logz=-13.28, remainder_fraction=28.5717%, Lmin=-5.79, Lmax=-4.91
19:35:34 [ultranest] [DEBUG] iteration=3497, ncalls=61260, regioncalls=4574840, ndraw=40, logz=-13.28, remainder_fraction=28.5104%, Lmin=-5.79, Lmax=-4.91
19:35:34 [ultranest] [DEBUG] iteration=3498, ncalls=61268, regioncalls=4575160, ndraw=40, logz=-13.28, remainder_fraction=28.4476%, Lmin=-5.79, Lmax=-4.91
19:35:35 [ultranest] [DEBUG] iteration=3499, ncalls=61273, regioncalls=4575360, ndraw=40, logz=-13.28, remainder_fraction=28.3907%, Lmin=-5.79, Lmax=-4.91
19:35:35 [ultranest] [DEBUG] iteration=3500, ncalls=61274, regioncalls=4575400, ndraw=40, logz=-13.28, remainder_fraction=28.3472%, Lmin=-5.78, Lmax=-4.91
19:35:35 [ultranest] [DEBUG] iteration=3501, ncalls=61289, regioncalls=4576000, ndraw=40, logz=-13.28, remainder_fraction=28.3086%, Lmin=-5.78, Lmax=-4.91
19:35:36 [ultranest] [DEBUG] iteration=3502, ncalls=61293, regioncalls=4576160, ndraw=40, logz=-13.28, remainder_fraction=28.2629%, Lmin=-5.78, Lmax=-4.91
19:35:36 [ultranest] [DEBUG] iteration=3503, ncalls=61297, regioncalls=4576320, ndraw=40, logz=-13.28, remainder_fraction=28.2203%, Lmin=-5.78, Lmax=-4.91
19:35:36 [ultranest] [DEBUG] iteration=3504, ncalls=61301, regioncalls=4576480, ndraw=40, logz=-13.28, remainder_fraction=28.1611%, Lmin=-5.78, Lmax=-4.91
19:35:36 [ultranest] [DEBUG] iteration=3505, ncalls=61306, regioncalls=4576680, ndraw=40, logz=-13.28, remainder_fraction=28.1039%, Lmin=-5.78, Lmax=-4.91
19:35:37 [ultranest] [DEBUG] iteration=3506, ncalls=61316, regioncalls=4577080, ndraw=40, logz=-13.28, remainder_fraction=28.0439%, Lmin=-5.78, Lmax=-4.91
19:35:37 [ultranest] [DEBUG] iteration=3507, ncalls=61321, regioncalls=4577280, ndraw=40, logz=-13.28, remainder_fraction=27.9807%, Lmin=-5.78, Lmax=-4.91
19:35:37 [ultranest] [DEBUG] iteration=3508, ncalls=61330, regioncalls=4577640, ndraw=40, logz=-13.28, remainder_fraction=27.9196%, Lmin=-5.78, Lmax=-4.91
19:35:39 [ultranest] [DEBUG] iteration=3509, ncalls=61363, regioncalls=4578960, ndraw=40, logz=-13.28, remainder_fraction=27.8594%, Lmin=-5.78, Lmax=-4.91
19:35:39 [ultranest] [DEBUG] iteration=3510, ncalls=61374, regioncalls=4579400, ndraw=40, logz=-13.27, remainder_fraction=27.8127%, Lmin=-5.78, Lmax=-4.91
19:35:40 [ultranest] [DEBUG] iteration=3511, ncalls=61380, regioncalls=4579640, ndraw=40, logz=-13.27, remainder_fraction=27.7545%, Lmin=-5.78, Lmax=-4.91
19:35:40 [ultranest] [DEBUG] iteration=3512, ncalls=61386, regioncalls=4579880, ndraw=40, logz=-13.27, remainder_fraction=27.6970%, Lmin=-5.77, Lmax=-4.91
19:35:41 [ultranest] [DEBUG] iteration=3513, ncalls=61403, regioncalls=4580560, ndraw=40, logz=-13.27, remainder_fraction=27.6495%, Lmin=-5.77, Lmax=-4.91
19:35:41 [ultranest] [DEBUG] iteration=3514, ncalls=61407, regioncalls=4580720, ndraw=40, logz=-13.27, remainder_fraction=27.5886%, Lmin=-5.77, Lmax=-4.91
19:35:41 [ultranest] [DEBUG] iteration=3515, ncalls=61411, regioncalls=4580880, ndraw=40, logz=-13.27, remainder_fraction=27.5530%, Lmin=-5.77, Lmax=-4.91
19:35:41 [ultranest] [DEBUG] iteration=3516, ncalls=61417, regioncalls=4581120, ndraw=40, logz=-13.27, remainder_fraction=27.4990%, Lmin=-5.77, Lmax=-4.91
19:35:42 [ultranest] [DEBUG] iteration=3517, ncalls=61422, regioncalls=4581320, ndraw=40, logz=-13.27, remainder_fraction=27.4716%, Lmin=-5.77, Lmax=-4.91
19:35:42 [ultranest] [DEBUG] iteration=3519, ncalls=61425, regioncalls=4581440, ndraw=40, logz=-13.27, remainder_fraction=27.3704%, Lmin=-5.77, Lmax=-4.91
19:35:43 [ultranest] [DEBUG] iteration=3520, ncalls=61440, regioncalls=4582040, ndraw=40, logz=-13.27, remainder_fraction=27.3387%, Lmin=-5.77, Lmax=-4.91
19:35:43 [ultranest] [DEBUG] iteration=3521, ncalls=61445, regioncalls=4582240, ndraw=40, logz=-13.27, remainder_fraction=27.2992%, Lmin=-5.77, Lmax=-4.91
19:35:44 [ultranest] [DEBUG] iteration=3522, ncalls=61474, regioncalls=4583400, ndraw=40, logz=-13.27, remainder_fraction=27.2503%, Lmin=-5.76, Lmax=-4.91
19:35:45 [ultranest] [DEBUG] iteration=3523, ncalls=61482, regioncalls=4583720, ndraw=40, logz=-13.27, remainder_fraction=27.2028%, Lmin=-5.76, Lmax=-4.91
19:35:45 [ultranest] [DEBUG] iteration=3524, ncalls=61493, regioncalls=4584360, ndraw=40, logz=-13.26, remainder_fraction=27.1440%, Lmin=-5.76, Lmax=-4.91
19:35:45 [ultranest] [DEBUG] iteration=3525, ncalls=61495, regioncalls=4584440, ndraw=40, logz=-13.26, remainder_fraction=27.1169%, Lmin=-5.76, Lmax=-4.91
19:35:46 [ultranest] [DEBUG] iteration=3527, ncalls=61498, regioncalls=4584600, ndraw=40, logz=-13.26, remainder_fraction=27.0159%, Lmin=-5.76, Lmax=-4.91
19:35:46 [ultranest] [DEBUG] iteration=3528, ncalls=61502, regioncalls=4584760, ndraw=40, logz=-13.26, remainder_fraction=26.9565%, Lmin=-5.76, Lmax=-4.91
19:35:46 [ultranest] [DEBUG] iteration=3529, ncalls=61505, regioncalls=4584880, ndraw=40, logz=-13.26, remainder_fraction=26.9235%, Lmin=-5.76, Lmax=-4.91
19:35:46 [ultranest] [DEBUG] iteration=3530, ncalls=61513, regioncalls=4585200, ndraw=40, logz=-13.26, remainder_fraction=26.8658%, Lmin=-5.76, Lmax=-4.91
19:35:47 [ultranest] [DEBUG] iteration=3533, ncalls=61520, regioncalls=4585560, ndraw=40, logz=-13.26, remainder_fraction=26.6984%, Lmin=-5.75, Lmax=-4.91
19:35:47 [ultranest] [DEBUG] iteration=3534, ncalls=61523, regioncalls=4585680, ndraw=40, logz=-13.26, remainder_fraction=26.6448%, Lmin=-5.75, Lmax=-4.91
19:35:47 [ultranest] [DEBUG] iteration=3536, ncalls=61527, regioncalls=4585840, ndraw=40, logz=-13.26, remainder_fraction=26.5276%, Lmin=-5.75, Lmax=-4.91
19:35:47 [ultranest] [DEBUG] iteration=3537, ncalls=61537, regioncalls=4586240, ndraw=40, logz=-13.26, remainder_fraction=26.4739%, Lmin=-5.75, Lmax=-4.91
19:35:48 [ultranest] [DEBUG] iteration=3538, ncalls=61551, regioncalls=4586800, ndraw=40, logz=-13.26, remainder_fraction=26.4377%, Lmin=-5.75, Lmax=-4.91
19:35:49 [ultranest] [DEBUG] iteration=3539, ncalls=61559, regioncalls=4587120, ndraw=40, logz=-13.25, remainder_fraction=26.3898%, Lmin=-5.74, Lmax=-4.91
19:35:49 [ultranest] [DEBUG] iteration=3541, ncalls=61566, regioncalls=4587400, ndraw=40, logz=-13.25, remainder_fraction=26.2899%, Lmin=-5.74, Lmax=-4.91
19:35:49 [ultranest] [DEBUG] iteration=3542, ncalls=61578, regioncalls=4587880, ndraw=40, logz=-13.25, remainder_fraction=26.2331%, Lmin=-5.74, Lmax=-4.91
19:35:50 [ultranest] [DEBUG] iteration=3544, ncalls=61589, regioncalls=4588320, ndraw=40, logz=-13.25, remainder_fraction=26.1577%, Lmin=-5.74, Lmax=-4.91
19:35:50 [ultranest] [DEBUG] iteration=3546, ncalls=61592, regioncalls=4588440, ndraw=40, logz=-13.25, remainder_fraction=26.0646%, Lmin=-5.74, Lmax=-4.91
19:35:50 [ultranest] [DEBUG] iteration=3547, ncalls=61596, regioncalls=4588600, ndraw=40, logz=-13.25, remainder_fraction=26.0051%, Lmin=-5.73, Lmax=-4.91
19:35:51 [ultranest] [DEBUG] iteration=3548, ncalls=61614, regioncalls=4589320, ndraw=40, logz=-13.25, remainder_fraction=25.9513%, Lmin=-5.73, Lmax=-4.91
19:35:51 [ultranest] [DEBUG] iteration=3549, ncalls=61616, regioncalls=4589400, ndraw=40, logz=-13.25, remainder_fraction=25.9088%, Lmin=-5.73, Lmax=-4.91
19:35:52 [ultranest] [DEBUG] iteration=3550, ncalls=61635, regioncalls=4590160, ndraw=40, logz=-13.25, remainder_fraction=25.8515%, Lmin=-5.73, Lmax=-4.91
19:35:52 [ultranest] [DEBUG] iteration=3551, ncalls=61641, regioncalls=4590400, ndraw=40, logz=-13.25, remainder_fraction=25.7966%, Lmin=-5.73, Lmax=-4.91
19:35:53 [ultranest] [DEBUG] iteration=3552, ncalls=61645, regioncalls=4590560, ndraw=40, logz=-13.25, remainder_fraction=25.7379%, Lmin=-5.73, Lmax=-4.91
19:35:53 [ultranest] [DEBUG] iteration=3553, ncalls=61651, regioncalls=4590800, ndraw=40, logz=-13.25, remainder_fraction=25.6879%, Lmin=-5.73, Lmax=-4.91
19:35:53 [ultranest] [DEBUG] iteration=3554, ncalls=61656, regioncalls=4591000, ndraw=40, logz=-13.24, remainder_fraction=25.6285%, Lmin=-5.72, Lmax=-4.91
19:35:54 [ultranest] [DEBUG] iteration=3555, ncalls=61665, regioncalls=4591360, ndraw=40, logz=-13.24, remainder_fraction=25.5795%, Lmin=-5.72, Lmax=-4.91
19:35:54 [ultranest] [DEBUG] iteration=3556, ncalls=61680, regioncalls=4591960, ndraw=40, logz=-13.24, remainder_fraction=25.5226%, Lmin=-5.72, Lmax=-4.91
19:35:55 [ultranest] [DEBUG] iteration=3557, ncalls=61696, regioncalls=4592600, ndraw=40, logz=-13.24, remainder_fraction=25.4650%, Lmin=-5.72, Lmax=-4.91
19:35:56 [ultranest] [DEBUG] iteration=3559, ncalls=61716, regioncalls=4593440, ndraw=40, logz=-13.24, remainder_fraction=25.3669%, Lmin=-5.72, Lmax=-4.91
19:35:56 [ultranest] [DEBUG] iteration=3560, ncalls=61726, regioncalls=4593840, ndraw=40, logz=-13.24, remainder_fraction=25.3243%, Lmin=-5.72, Lmax=-4.91
19:35:57 [ultranest] [DEBUG] iteration=3562, ncalls=61731, regioncalls=4594040, ndraw=40, logz=-13.24, remainder_fraction=25.2246%, Lmin=-5.72, Lmax=-4.91
19:35:57 [ultranest] [DEBUG] iteration=3564, ncalls=61738, regioncalls=4594320, ndraw=40, logz=-13.24, remainder_fraction=25.1441%, Lmin=-5.71, Lmax=-4.91
19:35:57 [ultranest] [DEBUG] iteration=3566, ncalls=61743, regioncalls=4594520, ndraw=40, logz=-13.24, remainder_fraction=25.0355%, Lmin=-5.71, Lmax=-4.91
19:35:58 [ultranest] [DEBUG] iteration=3567, ncalls=61759, regioncalls=4595160, ndraw=40, logz=-13.24, remainder_fraction=24.9783%, Lmin=-5.71, Lmax=-4.91
19:35:59 [ultranest] [DEBUG] iteration=3568, ncalls=61773, regioncalls=4595720, ndraw=40, logz=-13.24, remainder_fraction=24.9308%, Lmin=-5.71, Lmax=-4.91
19:35:59 [ultranest] [DEBUG] iteration=3569, ncalls=61776, regioncalls=4595840, ndraw=40, logz=-13.23, remainder_fraction=24.8882%, Lmin=-5.71, Lmax=-4.91
19:35:59 [ultranest] [DEBUG] iteration=3570, ncalls=61786, regioncalls=4596240, ndraw=40, logz=-13.23, remainder_fraction=24.8539%, Lmin=-5.71, Lmax=-4.91
19:36:00 [ultranest] [DEBUG] iteration=3571, ncalls=61800, regioncalls=4596800, ndraw=40, logz=-13.23, remainder_fraction=24.7959%, Lmin=-5.70, Lmax=-4.91
19:36:00 [ultranest] [DEBUG] iteration=3572, ncalls=61803, regioncalls=4596920, ndraw=40, logz=-13.23, remainder_fraction=24.7393%, Lmin=-5.70, Lmax=-4.91
19:36:01 [ultranest] [DEBUG] iteration=3573, ncalls=61814, regioncalls=4597360, ndraw=40, logz=-13.23, remainder_fraction=24.7210%, Lmin=-5.70, Lmax=-4.91
19:36:01 [ultranest] [DEBUG] iteration=3575, ncalls=61819, regioncalls=4597560, ndraw=40, logz=-13.23, remainder_fraction=24.6278%, Lmin=-5.70, Lmax=-4.91
19:36:01 [ultranest] [DEBUG] iteration=3577, ncalls=61822, regioncalls=4597680, ndraw=40, logz=-13.23, remainder_fraction=24.5353%, Lmin=-5.70, Lmax=-4.91
19:36:01 [ultranest] [DEBUG] iteration=3578, ncalls=61826, regioncalls=4597840, ndraw=40, logz=-13.23, remainder_fraction=24.4965%, Lmin=-5.70, Lmax=-4.91
19:36:02 [ultranest] [DEBUG] iteration=3579, ncalls=61837, regioncalls=4598280, ndraw=40, logz=-13.23, remainder_fraction=24.4483%, Lmin=-5.70, Lmax=-4.91
19:36:02 [ultranest] [DEBUG] iteration=3580, ncalls=61841, regioncalls=4598440, ndraw=40, logz=-13.23, remainder_fraction=24.4040%, Lmin=-5.69, Lmax=-4.91
19:36:02 [ultranest] [DEBUG] iteration=3581, ncalls=61844, regioncalls=4598560, ndraw=40, logz=-13.23, remainder_fraction=24.3552%, Lmin=-5.69, Lmax=-4.91
19:36:02 [ultranest] [DEBUG] iteration=3583, ncalls=61850, regioncalls=4598800, ndraw=40, logz=-13.23, remainder_fraction=24.2560%, Lmin=-5.69, Lmax=-4.91
19:36:03 [ultranest] [DEBUG] iteration=3585, ncalls=61865, regioncalls=4599400, ndraw=40, logz=-13.22, remainder_fraction=24.1477%, Lmin=-5.69, Lmax=-4.91
19:36:04 [ultranest] [DEBUG] iteration=3586, ncalls=61875, regioncalls=4599800, ndraw=40, logz=-13.22, remainder_fraction=24.0962%, Lmin=-5.69, Lmax=-4.91
19:36:04 [ultranest] [DEBUG] iteration=3588, ncalls=61878, regioncalls=4599920, ndraw=40, logz=-13.22, remainder_fraction=24.0023%, Lmin=-5.69, Lmax=-4.91
19:36:05 [ultranest] [DEBUG] iteration=3589, ncalls=61895, regioncalls=4600600, ndraw=40, logz=-13.22, remainder_fraction=23.9519%, Lmin=-5.68, Lmax=-4.91
19:36:05 [ultranest] [DEBUG] iteration=3590, ncalls=61906, regioncalls=4601040, ndraw=40, logz=-13.22, remainder_fraction=23.8963%, Lmin=-5.68, Lmax=-4.91
19:36:05 [ultranest] [DEBUG] iteration=3591, ncalls=61909, regioncalls=4601160, ndraw=40, logz=-13.22, remainder_fraction=23.8416%, Lmin=-5.68, Lmax=-4.91
19:36:06 [ultranest] [DEBUG] iteration=3592, ncalls=61916, regioncalls=4601440, ndraw=40, logz=-13.22, remainder_fraction=23.7910%, Lmin=-5.68, Lmax=-4.91
19:36:06 [ultranest] [DEBUG] iteration=3594, ncalls=61932, regioncalls=4602080, ndraw=40, logz=-13.22, remainder_fraction=23.7067%, Lmin=-5.68, Lmax=-4.91
19:36:07 [ultranest] [DEBUG] iteration=3595, ncalls=61944, regioncalls=4602560, ndraw=40, logz=-13.22, remainder_fraction=23.6627%, Lmin=-5.68, Lmax=-4.91
19:36:07 [ultranest] [DEBUG] iteration=3596, ncalls=61952, regioncalls=4602880, ndraw=40, logz=-13.22, remainder_fraction=23.6157%, Lmin=-5.68, Lmax=-4.91
19:36:08 [ultranest] [DEBUG] iteration=3597, ncalls=61967, regioncalls=4603480, ndraw=40, logz=-13.22, remainder_fraction=23.5609%, Lmin=-5.67, Lmax=-4.91
19:36:08 [ultranest] [DEBUG] iteration=3598, ncalls=61976, regioncalls=4603840, ndraw=40, logz=-13.22, remainder_fraction=23.5107%, Lmin=-5.67, Lmax=-4.91
19:36:09 [ultranest] [DEBUG] iteration=3599, ncalls=61981, regioncalls=4604080, ndraw=40, logz=-13.22, remainder_fraction=23.4640%, Lmin=-5.67, Lmax=-4.91
19:36:09 [ultranest] [DEBUG] iteration=3600, ncalls=61982, regioncalls=4604120, ndraw=40, logz=-13.22, remainder_fraction=23.4265%, Lmin=-5.67, Lmax=-4.91
19:36:09 [ultranest] [DEBUG] iteration=3601, ncalls=61993, regioncalls=4604600, ndraw=40, logz=-13.22, remainder_fraction=23.3793%, Lmin=-5.67, Lmax=-4.91
19:36:10 [ultranest] [DEBUG] iteration=3602, ncalls=62012, regioncalls=4605360, ndraw=40, logz=-13.21, remainder_fraction=23.3281%, Lmin=-5.67, Lmax=-4.91
19:36:10 [ultranest] [DEBUG] iteration=3603, ncalls=62016, regioncalls=4605520, ndraw=40, logz=-13.21, remainder_fraction=23.2990%, Lmin=-5.67, Lmax=-4.91
19:36:11 [ultranest] [DEBUG] iteration=3605, ncalls=62021, regioncalls=4605720, ndraw=40, logz=-13.21, remainder_fraction=23.2082%, Lmin=-5.67, Lmax=-4.91
19:36:11 [ultranest] [DEBUG] iteration=3606, ncalls=62023, regioncalls=4605800, ndraw=40, logz=-13.21, remainder_fraction=23.1544%, Lmin=-5.67, Lmax=-4.91
19:36:11 [ultranest] [DEBUG] iteration=3608, ncalls=62030, regioncalls=4606080, ndraw=40, logz=-13.21, remainder_fraction=23.0609%, Lmin=-5.67, Lmax=-4.91
19:36:12 [ultranest] [DEBUG] iteration=3609, ncalls=62047, regioncalls=4606760, ndraw=40, logz=-13.21, remainder_fraction=23.0179%, Lmin=-5.67, Lmax=-4.91
19:36:12 [ultranest] [DEBUG] iteration=3610, ncalls=62054, regioncalls=4607040, ndraw=40, logz=-13.21, remainder_fraction=22.9689%, Lmin=-5.66, Lmax=-4.91
19:36:13 [ultranest] [DEBUG] iteration=3611, ncalls=62074, regioncalls=4607840, ndraw=40, logz=-13.21, remainder_fraction=22.9263%, Lmin=-5.66, Lmax=-4.91
19:36:13 [ultranest] [DEBUG] iteration=3613, ncalls=62083, regioncalls=4608200, ndraw=40, logz=-13.21, remainder_fraction=22.8415%, Lmin=-5.66, Lmax=-4.91
19:36:14 [ultranest] [DEBUG] iteration=3614, ncalls=62094, regioncalls=4608640, ndraw=40, logz=-13.21, remainder_fraction=22.7941%, Lmin=-5.66, Lmax=-4.91
19:36:14 [ultranest] [DEBUG] iteration=3615, ncalls=62096, regioncalls=4608720, ndraw=40, logz=-13.21, remainder_fraction=22.7460%, Lmin=-5.66, Lmax=-4.91
19:36:15 [ultranest] [DEBUG] iteration=3616, ncalls=62100, regioncalls=4608960, ndraw=40, logz=-13.21, remainder_fraction=22.7035%, Lmin=-5.66, Lmax=-4.91
19:36:15 [ultranest] [DEBUG] iteration=3617, ncalls=62107, regioncalls=4609240, ndraw=40, logz=-13.21, remainder_fraction=22.6605%, Lmin=-5.66, Lmax=-4.91
19:36:16 [ultranest] [DEBUG] iteration=3618, ncalls=62121, regioncalls=4609800, ndraw=40, logz=-13.21, remainder_fraction=22.6070%, Lmin=-5.66, Lmax=-4.91
19:36:17 [ultranest] [DEBUG] iteration=3619, ncalls=62148, regioncalls=4610880, ndraw=40, logz=-13.20, remainder_fraction=22.5686%, Lmin=-5.66, Lmax=-4.91
19:36:17 [ultranest] [DEBUG] iteration=3620, ncalls=62158, regioncalls=4611280, ndraw=40, logz=-13.20, remainder_fraction=22.5184%, Lmin=-5.66, Lmax=-4.91
19:36:18 [ultranest] [DEBUG] iteration=3622, ncalls=62171, regioncalls=4611800, ndraw=40, logz=-13.20, remainder_fraction=22.4258%, Lmin=-5.65, Lmax=-4.91
19:36:19 [ultranest] [DEBUG] iteration=3624, ncalls=62185, regioncalls=4612360, ndraw=40, logz=-13.20, remainder_fraction=22.3395%, Lmin=-5.65, Lmax=-4.91
19:36:19 [ultranest] [DEBUG] iteration=3625, ncalls=62193, regioncalls=4612680, ndraw=40, logz=-13.20, remainder_fraction=22.2928%, Lmin=-5.65, Lmax=-4.91
19:36:19 [ultranest] [DEBUG] iteration=3626, ncalls=62204, regioncalls=4613120, ndraw=40, logz=-13.20, remainder_fraction=22.2587%, Lmin=-5.65, Lmax=-4.91
19:36:20 [ultranest] [DEBUG] iteration=3628, ncalls=62207, regioncalls=4613240, ndraw=40, logz=-13.20, remainder_fraction=22.1789%, Lmin=-5.65, Lmax=-4.91
19:36:20 [ultranest] [DEBUG] iteration=3629, ncalls=62211, regioncalls=4613400, ndraw=40, logz=-13.20, remainder_fraction=22.1457%, Lmin=-5.65, Lmax=-4.91
19:36:20 [ultranest] [DEBUG] iteration=3630, ncalls=62219, regioncalls=4613720, ndraw=40, logz=-13.20, remainder_fraction=22.0947%, Lmin=-5.65, Lmax=-4.91
19:36:21 [ultranest] [DEBUG] iteration=3631, ncalls=62238, regioncalls=4614480, ndraw=40, logz=-13.20, remainder_fraction=22.0463%, Lmin=-5.65, Lmax=-4.91
19:36:21 [ultranest] [DEBUG] iteration=3632, ncalls=62242, regioncalls=4614640, ndraw=40, logz=-13.20, remainder_fraction=22.0117%, Lmin=-5.65, Lmax=-4.91
19:36:22 [ultranest] [DEBUG] iteration=3633, ncalls=62262, regioncalls=4615440, ndraw=40, logz=-13.20, remainder_fraction=21.9808%, Lmin=-5.65, Lmax=-4.91
19:36:24 [ultranest] [DEBUG] iteration=3634, ncalls=62296, regioncalls=4616800, ndraw=40, logz=-13.20, remainder_fraction=21.9294%, Lmin=-5.65, Lmax=-4.91
19:36:24 [ultranest] [DEBUG] iteration=3636, ncalls=62299, regioncalls=4616920, ndraw=40, logz=-13.19, remainder_fraction=21.8448%, Lmin=-5.65, Lmax=-4.91
19:36:24 [ultranest] [DEBUG] iteration=3637, ncalls=62304, regioncalls=4617120, ndraw=40, logz=-13.19, remainder_fraction=21.8052%, Lmin=-5.65, Lmax=-4.91
19:36:24 [ultranest] [DEBUG] iteration=3638, ncalls=62311, regioncalls=4617400, ndraw=40, logz=-13.19, remainder_fraction=21.7578%, Lmin=-5.65, Lmax=-4.91
19:36:25 [ultranest] [DEBUG] iteration=3639, ncalls=62314, regioncalls=4617520, ndraw=40, logz=-13.19, remainder_fraction=21.7103%, Lmin=-5.65, Lmax=-4.91
19:36:25 [ultranest] [DEBUG] iteration=3640, ncalls=62318, regioncalls=4617680, ndraw=40, logz=-13.19, remainder_fraction=21.6814%, Lmin=-5.65, Lmax=-4.91
19:36:25 [ultranest] [DEBUG] iteration=3641, ncalls=62324, regioncalls=4617920, ndraw=40, logz=-13.19, remainder_fraction=21.6317%, Lmin=-5.64, Lmax=-4.91
19:36:25 [ultranest] [DEBUG] iteration=3643, ncalls=62329, regioncalls=4618120, ndraw=40, logz=-13.19, remainder_fraction=21.5460%, Lmin=-5.64, Lmax=-4.91
19:36:25 [ultranest] [DEBUG] iteration=3644, ncalls=62333, regioncalls=4618280, ndraw=40, logz=-13.19, remainder_fraction=21.4976%, Lmin=-5.64, Lmax=-4.91
19:36:26 [ultranest] [DEBUG] iteration=3646, ncalls=62337, regioncalls=4618440, ndraw=40, logz=-13.19, remainder_fraction=21.4428%, Lmin=-5.64, Lmax=-4.91
19:36:26 [ultranest] [DEBUG] iteration=3647, ncalls=62347, regioncalls=4618840, ndraw=40, logz=-13.19, remainder_fraction=21.3965%, Lmin=-5.64, Lmax=-4.91
19:36:26 [ultranest] [DEBUG] iteration=3649, ncalls=62350, regioncalls=4618960, ndraw=40, logz=-13.19, remainder_fraction=21.3111%, Lmin=-5.64, Lmax=-4.91
19:36:27 [ultranest] [DEBUG] iteration=3650, ncalls=62370, regioncalls=4619760, ndraw=40, logz=-13.19, remainder_fraction=21.2622%, Lmin=-5.64, Lmax=-4.91
19:36:28 [ultranest] [DEBUG] iteration=3651, ncalls=62377, regioncalls=4620040, ndraw=40, logz=-13.19, remainder_fraction=21.2164%, Lmin=-5.64, Lmax=-4.91
19:36:28 [ultranest] [DEBUG] iteration=3652, ncalls=62379, regioncalls=4620120, ndraw=40, logz=-13.19, remainder_fraction=21.1676%, Lmin=-5.64, Lmax=-4.91
19:36:28 [ultranest] [DEBUG] iteration=3653, ncalls=62383, regioncalls=4620280, ndraw=40, logz=-13.19, remainder_fraction=21.1235%, Lmin=-5.63, Lmax=-4.91
19:36:28 [ultranest] [DEBUG] iteration=3655, ncalls=62393, regioncalls=4620680, ndraw=40, logz=-13.18, remainder_fraction=21.0325%, Lmin=-5.63, Lmax=-4.91
19:36:29 [ultranest] [DEBUG] iteration=3656, ncalls=62404, regioncalls=4621120, ndraw=40, logz=-13.18, remainder_fraction=20.9834%, Lmin=-5.63, Lmax=-4.91
19:36:30 [ultranest] [DEBUG] iteration=3657, ncalls=62424, regioncalls=4621920, ndraw=40, logz=-13.18, remainder_fraction=20.9647%, Lmin=-5.63, Lmax=-4.91
19:36:30 [ultranest] [DEBUG] iteration=3658, ncalls=62431, regioncalls=4622200, ndraw=40, logz=-13.18, remainder_fraction=20.9243%, Lmin=-5.63, Lmax=-4.91
19:36:30 [ultranest] [DEBUG] iteration=3659, ncalls=62436, regioncalls=4622400, ndraw=40, logz=-13.18, remainder_fraction=20.8886%, Lmin=-5.63, Lmax=-4.91
19:36:31 [ultranest] [DEBUG] iteration=3660, ncalls=62440, regioncalls=4622560, ndraw=40, logz=-13.18, remainder_fraction=20.8415%, Lmin=-5.63, Lmax=-4.91
19:36:31 [ultranest] [DEBUG] iteration=3661, ncalls=62454, regioncalls=4623120, ndraw=40, logz=-13.18, remainder_fraction=20.8188%, Lmin=-5.63, Lmax=-4.91
19:36:32 [ultranest] [DEBUG] iteration=3662, ncalls=62459, regioncalls=4623320, ndraw=40, logz=-13.18, remainder_fraction=20.7753%, Lmin=-5.63, Lmax=-4.91
19:36:32 [ultranest] [DEBUG] iteration=3663, ncalls=62462, regioncalls=4623440, ndraw=40, logz=-13.18, remainder_fraction=20.7314%, Lmin=-5.63, Lmax=-4.91
19:36:32 [ultranest] [DEBUG] iteration=3664, ncalls=62469, regioncalls=4623720, ndraw=40, logz=-13.18, remainder_fraction=20.6852%, Lmin=-5.63, Lmax=-4.91
19:36:32 [ultranest] [DEBUG] iteration=3665, ncalls=62474, regioncalls=4623920, ndraw=40, logz=-13.18, remainder_fraction=20.6415%, Lmin=-5.63, Lmax=-4.91
19:36:33 [ultranest] [DEBUG] iteration=3666, ncalls=62481, regioncalls=4624200, ndraw=40, logz=-13.18, remainder_fraction=20.6035%, Lmin=-5.63, Lmax=-4.91
19:36:33 [ultranest] [DEBUG] iteration=3667, ncalls=62491, regioncalls=4624600, ndraw=40, logz=-13.18, remainder_fraction=20.5642%, Lmin=-5.63, Lmax=-4.91
19:36:33 [ultranest] [DEBUG] iteration=3669, ncalls=62494, regioncalls=4624720, ndraw=40, logz=-13.18, remainder_fraction=20.4744%, Lmin=-5.62, Lmax=-4.91
19:36:33 [ultranest] [DEBUG] iteration=3670, ncalls=62496, regioncalls=4624800, ndraw=40, logz=-13.18, remainder_fraction=20.4339%, Lmin=-5.62, Lmax=-4.91
19:36:34 [ultranest] [DEBUG] iteration=3671, ncalls=62502, regioncalls=4625040, ndraw=40, logz=-13.18, remainder_fraction=20.3858%, Lmin=-5.62, Lmax=-4.91
19:36:34 [ultranest] [DEBUG] iteration=3672, ncalls=62512, regioncalls=4625440, ndraw=40, logz=-13.18, remainder_fraction=20.3389%, Lmin=-5.62, Lmax=-4.91
19:36:34 [ultranest] [DEBUG] iteration=3673, ncalls=62515, regioncalls=4625560, ndraw=40, logz=-13.18, remainder_fraction=20.3037%, Lmin=-5.62, Lmax=-4.91
19:36:35 [ultranest] [DEBUG] iteration=3674, ncalls=62524, regioncalls=4625920, ndraw=40, logz=-13.17, remainder_fraction=20.2611%, Lmin=-5.62, Lmax=-4.91
19:36:35 [ultranest] [DEBUG] iteration=3675, ncalls=62529, regioncalls=4626120, ndraw=40, logz=-13.17, remainder_fraction=20.2147%, Lmin=-5.62, Lmax=-4.91
19:36:35 [ultranest] [DEBUG] iteration=3676, ncalls=62535, regioncalls=4626360, ndraw=40, logz=-13.17, remainder_fraction=20.1801%, Lmin=-5.62, Lmax=-4.91
19:36:35 [ultranest] [DEBUG] iteration=3677, ncalls=62537, regioncalls=4626440, ndraw=40, logz=-13.17, remainder_fraction=20.1368%, Lmin=-5.62, Lmax=-4.91
19:36:36 [ultranest] [DEBUG] iteration=3679, ncalls=62557, regioncalls=4627240, ndraw=40, logz=-13.17, remainder_fraction=20.0573%, Lmin=-5.61, Lmax=-4.91
19:36:36 [ultranest] [DEBUG] iteration=3680, ncalls=62564, regioncalls=4627520, ndraw=40, logz=-13.17, remainder_fraction=20.0155%, Lmin=-5.61, Lmax=-4.91
19:36:37 [ultranest] [DEBUG] iteration=3681, ncalls=62569, regioncalls=4627720, ndraw=40, logz=-13.17, remainder_fraction=19.9688%, Lmin=-5.61, Lmax=-4.91
19:36:37 [ultranest] [DEBUG] iteration=3682, ncalls=62584, regioncalls=4628320, ndraw=40, logz=-13.17, remainder_fraction=19.9284%, Lmin=-5.61, Lmax=-4.91
19:36:38 [ultranest] [DEBUG] iteration=3683, ncalls=62588, regioncalls=4628880, ndraw=40, logz=-13.17, remainder_fraction=19.8847%, Lmin=-5.60, Lmax=-4.91
19:36:38 [ultranest] [DEBUG] iteration=3684, ncalls=62598, regioncalls=4629280, ndraw=40, logz=-13.17, remainder_fraction=19.8674%, Lmin=-5.60, Lmax=-4.91
19:36:39 [ultranest] [DEBUG] iteration=3685, ncalls=62611, regioncalls=4629800, ndraw=40, logz=-13.17, remainder_fraction=19.8324%, Lmin=-5.60, Lmax=-4.91
19:36:39 [ultranest] [DEBUG] iteration=3686, ncalls=62616, regioncalls=4630000, ndraw=40, logz=-13.17, remainder_fraction=19.7978%, Lmin=-5.60, Lmax=-4.91
19:36:39 [ultranest] [DEBUG] iteration=3687, ncalls=62622, regioncalls=4630240, ndraw=40, logz=-13.17, remainder_fraction=19.7569%, Lmin=-5.60, Lmax=-4.91
19:36:40 [ultranest] [DEBUG] iteration=3688, ncalls=62629, regioncalls=4630520, ndraw=40, logz=-13.17, remainder_fraction=19.7147%, Lmin=-5.60, Lmax=-4.91
19:36:40 [ultranest] [DEBUG] iteration=3690, ncalls=62632, regioncalls=4630640, ndraw=40, logz=-13.17, remainder_fraction=19.6362%, Lmin=-5.60, Lmax=-4.91
19:36:40 [ultranest] [DEBUG] iteration=3691, ncalls=62643, regioncalls=4631080, ndraw=40, logz=-13.17, remainder_fraction=19.5941%, Lmin=-5.59, Lmax=-4.91
19:36:41 [ultranest] [DEBUG] iteration=3693, ncalls=62662, regioncalls=4631840, ndraw=40, logz=-13.17, remainder_fraction=19.5127%, Lmin=-5.59, Lmax=-4.91
19:36:42 [ultranest] [DEBUG] iteration=3694, ncalls=62676, regioncalls=4632400, ndraw=40, logz=-13.17, remainder_fraction=19.4741%, Lmin=-5.59, Lmax=-4.91
19:36:42 [ultranest] [DEBUG] iteration=3696, ncalls=62683, regioncalls=4632680, ndraw=40, logz=-13.16, remainder_fraction=19.3832%, Lmin=-5.59, Lmax=-4.91
19:36:43 [ultranest] [DEBUG] iteration=3697, ncalls=62698, regioncalls=4633280, ndraw=40, logz=-13.16, remainder_fraction=19.3371%, Lmin=-5.59, Lmax=-4.91
19:36:43 [ultranest] [DEBUG] iteration=3698, ncalls=62702, regioncalls=4633440, ndraw=40, logz=-13.16, remainder_fraction=19.3029%, Lmin=-5.59, Lmax=-4.91
19:36:43 [ultranest] [DEBUG] iteration=3699, ncalls=62705, regioncalls=4633560, ndraw=40, logz=-13.16, remainder_fraction=19.2597%, Lmin=-5.59, Lmax=-4.91
19:36:43 [ultranest] [DEBUG] iteration=3700, ncalls=62709, regioncalls=4633720, ndraw=40, logz=-13.16, remainder_fraction=19.2199%, Lmin=-5.59, Lmax=-4.91
19:36:44 [ultranest] [DEBUG] iteration=3701, ncalls=62713, regioncalls=4633880, ndraw=40, logz=-13.16, remainder_fraction=19.1753%, Lmin=-5.59, Lmax=-4.91
19:36:44 [ultranest] [DEBUG] iteration=3703, ncalls=62718, regioncalls=4634080, ndraw=40, logz=-13.16, remainder_fraction=19.1062%, Lmin=-5.59, Lmax=-4.91
19:36:44 [ultranest] [DEBUG] iteration=3704, ncalls=62726, regioncalls=4634400, ndraw=40, logz=-13.16, remainder_fraction=19.0616%, Lmin=-5.59, Lmax=-4.91
19:36:45 [ultranest] [DEBUG] iteration=3705, ncalls=62739, regioncalls=4634920, ndraw=40, logz=-13.16, remainder_fraction=19.0237%, Lmin=-5.59, Lmax=-4.91
19:36:45 [ultranest] [DEBUG] iteration=3706, ncalls=62746, regioncalls=4635200, ndraw=40, logz=-13.16, remainder_fraction=18.9851%, Lmin=-5.59, Lmax=-4.91
19:36:46 [ultranest] [DEBUG] iteration=3708, ncalls=62752, regioncalls=4635440, ndraw=40, logz=-13.16, remainder_fraction=18.9147%, Lmin=-5.59, Lmax=-4.91
19:36:47 [ultranest] [DEBUG] iteration=3709, ncalls=62782, regioncalls=4636680, ndraw=40, logz=-13.16, remainder_fraction=18.8705%, Lmin=-5.59, Lmax=-4.91
19:36:47 [ultranest] [DEBUG] iteration=3710, ncalls=62785, regioncalls=4636800, ndraw=40, logz=-13.16, remainder_fraction=18.8366%, Lmin=-5.59, Lmax=-4.91
19:36:48 [ultranest] [DEBUG] iteration=3711, ncalls=62795, regioncalls=4637200, ndraw=40, logz=-13.16, remainder_fraction=18.7930%, Lmin=-5.59, Lmax=-4.91
19:36:48 [ultranest] [DEBUG] iteration=3712, ncalls=62802, regioncalls=4637480, ndraw=40, logz=-13.16, remainder_fraction=18.7547%, Lmin=-5.58, Lmax=-4.91
19:36:48 [ultranest] [DEBUG] iteration=3713, ncalls=62807, regioncalls=4637680, ndraw=40, logz=-13.16, remainder_fraction=18.7295%, Lmin=-5.58, Lmax=-4.91
19:36:49 [ultranest] [DEBUG] iteration=3714, ncalls=62823, regioncalls=4638320, ndraw=40, logz=-13.16, remainder_fraction=18.6905%, Lmin=-5.58, Lmax=-4.91
19:36:49 [ultranest] [DEBUG] iteration=3715, ncalls=62831, regioncalls=4638640, ndraw=40, logz=-13.16, remainder_fraction=18.6536%, Lmin=-5.58, Lmax=-4.91
19:36:50 [ultranest] [DEBUG] iteration=3717, ncalls=62837, regioncalls=4638880, ndraw=40, logz=-13.15, remainder_fraction=18.5835%, Lmin=-5.58, Lmax=-4.91
19:36:51 [ultranest] [DEBUG] iteration=3718, ncalls=62855, regioncalls=4639600, ndraw=40, logz=-13.15, remainder_fraction=18.5407%, Lmin=-5.58, Lmax=-4.91
19:36:51 [ultranest] [DEBUG] iteration=3719, ncalls=62866, regioncalls=4640040, ndraw=40, logz=-13.15, remainder_fraction=18.5046%, Lmin=-5.58, Lmax=-4.91
19:36:52 [ultranest] [DEBUG] iteration=3721, ncalls=62875, regioncalls=4640400, ndraw=40, logz=-13.15, remainder_fraction=18.4389%, Lmin=-5.58, Lmax=-4.91
19:36:52 [ultranest] [DEBUG] iteration=3722, ncalls=62889, regioncalls=4640960, ndraw=40, logz=-13.15, remainder_fraction=18.4045%, Lmin=-5.58, Lmax=-4.91
19:36:53 [ultranest] [DEBUG] iteration=3723, ncalls=62896, regioncalls=4641240, ndraw=40, logz=-13.15, remainder_fraction=18.3832%, Lmin=-5.58, Lmax=-4.91
19:36:53 [ultranest] [DEBUG] iteration=3724, ncalls=62900, regioncalls=4641400, ndraw=40, logz=-13.15, remainder_fraction=18.3412%, Lmin=-5.58, Lmax=-4.91
19:36:53 [ultranest] [DEBUG] iteration=3726, ncalls=62905, regioncalls=4641600, ndraw=40, logz=-13.15, remainder_fraction=18.2592%, Lmin=-5.57, Lmax=-4.91
19:36:53 [ultranest] [DEBUG] iteration=3727, ncalls=62907, regioncalls=4641680, ndraw=40, logz=-13.15, remainder_fraction=18.2279%, Lmin=-5.57, Lmax=-4.91
19:36:54 [ultranest] [DEBUG] iteration=3728, ncalls=62929, regioncalls=4642560, ndraw=40, logz=-13.15, remainder_fraction=18.1921%, Lmin=-5.57, Lmax=-4.91
19:36:54 [ultranest] [DEBUG] iteration=3729, ncalls=62931, regioncalls=4642640, ndraw=40, logz=-13.15, remainder_fraction=18.1525%, Lmin=-5.57, Lmax=-4.91
19:36:54 [ultranest] [DEBUG] iteration=3730, ncalls=62935, regioncalls=4642800, ndraw=40, logz=-13.15, remainder_fraction=18.1128%, Lmin=-5.57, Lmax=-4.91
19:36:55 [ultranest] [DEBUG] iteration=3731, ncalls=62938, regioncalls=4642920, ndraw=40, logz=-13.15, remainder_fraction=18.0815%, Lmin=-5.57, Lmax=-4.91
19:36:55 [ultranest] [DEBUG] iteration=3732, ncalls=62947, regioncalls=4643400, ndraw=40, logz=-13.15, remainder_fraction=18.0437%, Lmin=-5.56, Lmax=-4.91
19:36:55 [ultranest] [DEBUG] iteration=3733, ncalls=62951, regioncalls=4643560, ndraw=40, logz=-13.15, remainder_fraction=18.0166%, Lmin=-5.56, Lmax=-4.91
19:36:56 [ultranest] [DEBUG] iteration=3734, ncalls=62977, regioncalls=4644600, ndraw=40, logz=-13.15, remainder_fraction=17.9809%, Lmin=-5.56, Lmax=-4.91
19:36:57 [ultranest] [DEBUG] iteration=3735, ncalls=62992, regioncalls=4645200, ndraw=40, logz=-13.15, remainder_fraction=17.9411%, Lmin=-5.56, Lmax=-4.91
19:36:57 [ultranest] [DEBUG] iteration=3736, ncalls=62997, regioncalls=4645400, ndraw=40, logz=-13.15, remainder_fraction=17.9079%, Lmin=-5.56, Lmax=-4.91
19:36:58 [ultranest] [DEBUG] iteration=3737, ncalls=63011, regioncalls=4645960, ndraw=40, logz=-13.15, remainder_fraction=17.8674%, Lmin=-5.56, Lmax=-4.91
19:36:58 [ultranest] [DEBUG] iteration=3738, ncalls=63014, regioncalls=4646080, ndraw=40, logz=-13.14, remainder_fraction=17.8366%, Lmin=-5.56, Lmax=-4.91
19:36:58 [ultranest] [DEBUG] iteration=3739, ncalls=63019, regioncalls=4646280, ndraw=40, logz=-13.14, remainder_fraction=17.7944%, Lmin=-5.56, Lmax=-4.88
19:36:59 [ultranest] [DEBUG] iteration=3740, ncalls=63027, regioncalls=4646600, ndraw=40, logz=-13.14, remainder_fraction=17.7517%, Lmin=-5.56, Lmax=-4.88
19:36:59 [ultranest] [DEBUG] iteration=3742, ncalls=63034, regioncalls=4646880, ndraw=40, logz=-13.14, remainder_fraction=17.6997%, Lmin=-5.56, Lmax=-4.88
19:37:00 [ultranest] [DEBUG] iteration=3743, ncalls=63042, regioncalls=4647200, ndraw=40, logz=-13.14, remainder_fraction=17.6636%, Lmin=-5.56, Lmax=-4.88
19:37:00 [ultranest] [DEBUG] iteration=3744, ncalls=63054, regioncalls=4647680, ndraw=40, logz=-13.14, remainder_fraction=17.6219%, Lmin=-5.56, Lmax=-4.88
19:37:01 [ultranest] [DEBUG] iteration=3745, ncalls=63065, regioncalls=4648120, ndraw=40, logz=-13.14, remainder_fraction=17.5822%, Lmin=-5.55, Lmax=-4.88
19:37:01 [ultranest] [DEBUG] iteration=3746, ncalls=63076, regioncalls=4648560, ndraw=40, logz=-13.14, remainder_fraction=17.5467%, Lmin=-5.55, Lmax=-4.88
19:37:02 [ultranest] [DEBUG] iteration=3747, ncalls=63085, regioncalls=4648920, ndraw=40, logz=-13.14, remainder_fraction=17.5105%, Lmin=-5.55, Lmax=-4.88
19:37:03 [ultranest] [DEBUG] iteration=3748, ncalls=63114, regioncalls=4650080, ndraw=40, logz=-13.14, remainder_fraction=17.4722%, Lmin=-5.55, Lmax=-4.88
19:37:04 [ultranest] [DEBUG] iteration=3750, ncalls=63128, regioncalls=4650640, ndraw=40, logz=-13.14, remainder_fraction=17.3942%, Lmin=-5.55, Lmax=-4.88
19:37:04 [ultranest] [DEBUG] iteration=3751, ncalls=63137, regioncalls=4651000, ndraw=40, logz=-13.14, remainder_fraction=17.3538%, Lmin=-5.55, Lmax=-4.88
19:37:05 [ultranest] [DEBUG] iteration=3752, ncalls=63150, regioncalls=4651520, ndraw=40, logz=-13.14, remainder_fraction=17.3168%, Lmin=-5.55, Lmax=-4.88
19:37:05 [ultranest] [DEBUG] iteration=3753, ncalls=63165, regioncalls=4652160, ndraw=40, logz=-13.14, remainder_fraction=17.2750%, Lmin=-5.55, Lmax=-4.88
19:37:06 [ultranest] [DEBUG] iteration=3755, ncalls=63170, regioncalls=4652360, ndraw=40, logz=-13.14, remainder_fraction=17.2063%, Lmin=-5.54, Lmax=-4.88
19:37:07 [ultranest] [DEBUG] iteration=3756, ncalls=63190, regioncalls=4653160, ndraw=40, logz=-13.14, remainder_fraction=17.1750%, Lmin=-5.54, Lmax=-4.88
19:37:07 [ultranest] [DEBUG] iteration=3758, ncalls=63193, regioncalls=4653280, ndraw=40, logz=-13.14, remainder_fraction=17.1105%, Lmin=-5.54, Lmax=-4.88
19:37:07 [ultranest] [DEBUG] iteration=3760, ncalls=63203, regioncalls=4653680, ndraw=40, logz=-13.14, remainder_fraction=17.0442%, Lmin=-5.54, Lmax=-4.88
19:37:08 [ultranest] [DEBUG] iteration=3761, ncalls=63213, regioncalls=4654080, ndraw=40, logz=-13.13, remainder_fraction=17.0204%, Lmin=-5.54, Lmax=-4.88
19:37:08 [ultranest] [DEBUG] iteration=3762, ncalls=63220, regioncalls=4654360, ndraw=40, logz=-13.13, remainder_fraction=16.9819%, Lmin=-5.54, Lmax=-4.88
19:37:08 [ultranest] [DEBUG] iteration=3763, ncalls=63228, regioncalls=4654680, ndraw=40, logz=-13.13, remainder_fraction=16.9445%, Lmin=-5.54, Lmax=-4.88
19:37:09 [ultranest] [DEBUG] iteration=3764, ncalls=63231, regioncalls=4654800, ndraw=40, logz=-13.13, remainder_fraction=16.9194%, Lmin=-5.54, Lmax=-4.88
19:37:09 [ultranest] [DEBUG] iteration=3765, ncalls=63234, regioncalls=4654920, ndraw=40, logz=-13.13, remainder_fraction=16.8809%, Lmin=-5.54, Lmax=-4.88
19:37:09 [ultranest] [DEBUG] iteration=3767, ncalls=63240, regioncalls=4655160, ndraw=40, logz=-13.13, remainder_fraction=16.8203%, Lmin=-5.54, Lmax=-4.88
19:37:10 [ultranest] [DEBUG] iteration=3768, ncalls=63262, regioncalls=4656040, ndraw=40, logz=-13.13, remainder_fraction=16.7850%, Lmin=-5.54, Lmax=-4.88
19:37:11 [ultranest] [DEBUG] iteration=3769, ncalls=63280, regioncalls=4656760, ndraw=40, logz=-13.13, remainder_fraction=16.7517%, Lmin=-5.54, Lmax=-4.88
19:37:11 [ultranest] [DEBUG] iteration=3770, ncalls=63283, regioncalls=4656880, ndraw=40, logz=-13.13, remainder_fraction=16.7182%, Lmin=-5.54, Lmax=-4.88
19:37:12 [ultranest] [DEBUG] iteration=3771, ncalls=63296, regioncalls=4657400, ndraw=40, logz=-13.13, remainder_fraction=16.6823%, Lmin=-5.53, Lmax=-4.88
19:37:12 [ultranest] [DEBUG] iteration=3773, ncalls=63305, regioncalls=4657760, ndraw=40, logz=-13.13, remainder_fraction=16.6127%, Lmin=-5.53, Lmax=-4.88
19:37:13 [ultranest] [DEBUG] iteration=3774, ncalls=63333, regioncalls=4658880, ndraw=40, logz=-13.13, remainder_fraction=16.5766%, Lmin=-5.53, Lmax=-4.88
19:37:14 [ultranest] [DEBUG] iteration=3775, ncalls=63339, regioncalls=4659120, ndraw=40, logz=-13.13, remainder_fraction=16.5405%, Lmin=-5.53, Lmax=-4.88
19:37:14 [ultranest] [DEBUG] iteration=3776, ncalls=63343, regioncalls=4659280, ndraw=40, logz=-13.13, remainder_fraction=16.5081%, Lmin=-5.53, Lmax=-4.88
19:37:15 [ultranest] [DEBUG] iteration=3777, ncalls=63360, regioncalls=4659960, ndraw=40, logz=-13.13, remainder_fraction=16.4692%, Lmin=-5.53, Lmax=-4.88
19:37:17 [ultranest] [DEBUG] iteration=3778, ncalls=63405, regioncalls=4661760, ndraw=40, logz=-13.13, remainder_fraction=16.4347%, Lmin=-5.53, Lmax=-4.88
19:37:17 [ultranest] [DEBUG] iteration=3779, ncalls=63410, regioncalls=4661960, ndraw=40, logz=-13.13, remainder_fraction=16.4034%, Lmin=-5.53, Lmax=-4.88
19:37:18 [ultranest] [DEBUG] iteration=3780, ncalls=63424, regioncalls=4662520, ndraw=40, logz=-13.13, remainder_fraction=16.3689%, Lmin=-5.53, Lmax=-4.88
19:37:21 [ultranest] [DEBUG] iteration=3781, ncalls=63492, regioncalls=4665240, ndraw=40, logz=-13.13, remainder_fraction=16.3397%, Lmin=-5.53, Lmax=-4.88
19:37:23 [ultranest] [DEBUG] iteration=3784, ncalls=63520, regioncalls=4666360, ndraw=40, logz=-13.13, remainder_fraction=16.2570%, Lmin=-5.53, Lmax=-4.88
19:37:23 [ultranest] [DEBUG] iteration=3785, ncalls=63537, regioncalls=4667040, ndraw=40, logz=-13.12, remainder_fraction=16.2203%, Lmin=-5.53, Lmax=-4.88
19:37:23 [ultranest] [DEBUG] iteration=3786, ncalls=63540, regioncalls=4667160, ndraw=40, logz=-13.12, remainder_fraction=16.1909%, Lmin=-5.53, Lmax=-4.88
19:37:24 [ultranest] [DEBUG] iteration=3787, ncalls=63543, regioncalls=4667280, ndraw=40, logz=-13.12, remainder_fraction=16.1536%, Lmin=-5.53, Lmax=-4.88
19:37:24 [ultranest] [DEBUG] iteration=3788, ncalls=63557, regioncalls=4667840, ndraw=40, logz=-13.12, remainder_fraction=16.1175%, Lmin=-5.53, Lmax=-4.88
19:37:25 [ultranest] [DEBUG] iteration=3790, ncalls=63566, regioncalls=4668200, ndraw=40, logz=-13.12, remainder_fraction=16.0465%, Lmin=-5.53, Lmax=-4.88
19:37:25 [ultranest] [DEBUG] iteration=3791, ncalls=63570, regioncalls=4668360, ndraw=40, logz=-13.12, remainder_fraction=16.0079%, Lmin=-5.53, Lmax=-4.88
19:37:25 [ultranest] [DEBUG] iteration=3792, ncalls=63579, regioncalls=4668720, ndraw=40, logz=-13.12, remainder_fraction=15.9714%, Lmin=-5.52, Lmax=-4.88
19:37:26 [ultranest] [DEBUG] iteration=3793, ncalls=63584, regioncalls=4668920, ndraw=40, logz=-13.12, remainder_fraction=15.9421%, Lmin=-5.52, Lmax=-4.88
19:37:27 [ultranest] [DEBUG] iteration=3794, ncalls=63604, regioncalls=4669720, ndraw=40, logz=-13.12, remainder_fraction=15.9069%, Lmin=-5.52, Lmax=-4.88
19:37:27 [ultranest] [DEBUG] iteration=3795, ncalls=63611, regioncalls=4670000, ndraw=40, logz=-13.12, remainder_fraction=15.8689%, Lmin=-5.52, Lmax=-4.88
19:37:27 [ultranest] [DEBUG] iteration=3797, ncalls=63619, regioncalls=4670320, ndraw=40, logz=-13.12, remainder_fraction=15.8074%, Lmin=-5.52, Lmax=-4.88
19:37:28 [ultranest] [DEBUG] iteration=3799, ncalls=63628, regioncalls=4670680, ndraw=40, logz=-13.12, remainder_fraction=15.7586%, Lmin=-5.52, Lmax=-4.88
19:37:28 [ultranest] [DEBUG] iteration=3800, ncalls=63631, regioncalls=4670800, ndraw=40, logz=-13.12, remainder_fraction=15.7240%, Lmin=-5.52, Lmax=-4.88
19:37:29 [ultranest] [DEBUG] iteration=3801, ncalls=63644, regioncalls=4671320, ndraw=40, logz=-13.12, remainder_fraction=15.6893%, Lmin=-5.52, Lmax=-4.88
19:37:29 [ultranest] [DEBUG] iteration=3802, ncalls=63655, regioncalls=4671760, ndraw=40, logz=-13.12, remainder_fraction=15.6622%, Lmin=-5.52, Lmax=-4.88
19:37:30 [ultranest] [DEBUG] iteration=3803, ncalls=63668, regioncalls=4672280, ndraw=40, logz=-13.12, remainder_fraction=15.6250%, Lmin=-5.52, Lmax=-4.88
19:37:30 [ultranest] [DEBUG] iteration=3805, ncalls=63670, regioncalls=4672360, ndraw=40, logz=-13.12, remainder_fraction=15.5610%, Lmin=-5.51, Lmax=-4.88
19:37:30 [ultranest] [DEBUG] iteration=3806, ncalls=63681, regioncalls=4672800, ndraw=40, logz=-13.12, remainder_fraction=15.5269%, Lmin=-5.51, Lmax=-4.88
19:37:31 [ultranest] [DEBUG] iteration=3808, ncalls=63685, regioncalls=4672960, ndraw=40, logz=-13.12, remainder_fraction=15.4570%, Lmin=-5.51, Lmax=-4.88
19:37:31 [ultranest] [DEBUG] iteration=3809, ncalls=63700, regioncalls=4673560, ndraw=40, logz=-13.12, remainder_fraction=15.4278%, Lmin=-5.51, Lmax=-4.88
19:37:32 [ultranest] [DEBUG] iteration=3810, ncalls=63704, regioncalls=4673720, ndraw=40, logz=-13.12, remainder_fraction=15.3972%, Lmin=-5.51, Lmax=-4.88
19:37:32 [ultranest] [DEBUG] iteration=3811, ncalls=63711, regioncalls=4674000, ndraw=40, logz=-13.11, remainder_fraction=15.3625%, Lmin=-5.51, Lmax=-4.88
19:37:32 [ultranest] [DEBUG] iteration=3812, ncalls=63721, regioncalls=4674400, ndraw=40, logz=-13.11, remainder_fraction=15.3355%, Lmin=-5.51, Lmax=-4.88
19:37:33 [ultranest] [DEBUG] iteration=3814, ncalls=63737, regioncalls=4675040, ndraw=40, logz=-13.11, remainder_fraction=15.2755%, Lmin=-5.50, Lmax=-4.88
19:37:33 [ultranest] [DEBUG] iteration=3816, ncalls=63741, regioncalls=4675200, ndraw=40, logz=-13.11, remainder_fraction=15.2275%, Lmin=-5.50, Lmax=-4.88
19:37:34 [ultranest] [DEBUG] iteration=3817, ncalls=63755, regioncalls=4675760, ndraw=40, logz=-13.11, remainder_fraction=15.1927%, Lmin=-5.50, Lmax=-4.88
19:37:34 [ultranest] [DEBUG] iteration=3818, ncalls=63758, regioncalls=4675880, ndraw=40, logz=-13.11, remainder_fraction=15.1686%, Lmin=-5.50, Lmax=-4.88
19:37:35 [ultranest] [DEBUG] iteration=3820, ncalls=63770, regioncalls=4676360, ndraw=40, logz=-13.11, remainder_fraction=15.1087%, Lmin=-5.50, Lmax=-4.88
19:37:35 [ultranest] [DEBUG] iteration=3821, ncalls=63779, regioncalls=4676720, ndraw=40, logz=-13.11, remainder_fraction=15.0740%, Lmin=-5.50, Lmax=-4.88
19:37:36 [ultranest] [DEBUG] iteration=3822, ncalls=63788, regioncalls=4677080, ndraw=40, logz=-13.11, remainder_fraction=15.0456%, Lmin=-5.50, Lmax=-4.88
19:37:36 [ultranest] [DEBUG] iteration=3823, ncalls=63791, regioncalls=4677200, ndraw=40, logz=-13.11, remainder_fraction=15.0115%, Lmin=-5.50, Lmax=-4.88
19:37:37 [ultranest] [DEBUG] iteration=3824, ncalls=63814, regioncalls=4678120, ndraw=40, logz=-13.11, remainder_fraction=14.9887%, Lmin=-5.50, Lmax=-4.88
19:37:38 [ultranest] [DEBUG] iteration=3826, ncalls=63838, regioncalls=4679080, ndraw=40, logz=-13.11, remainder_fraction=14.9308%, Lmin=-5.50, Lmax=-4.88
19:37:38 [ultranest] [DEBUG] iteration=3827, ncalls=63846, regioncalls=4679400, ndraw=40, logz=-13.11, remainder_fraction=14.8977%, Lmin=-5.50, Lmax=-4.88
19:37:39 [ultranest] [DEBUG] iteration=3828, ncalls=63855, regioncalls=4679760, ndraw=40, logz=-13.11, remainder_fraction=14.8674%, Lmin=-5.50, Lmax=-4.88
19:37:40 [ultranest] [DEBUG] iteration=3829, ncalls=63874, regioncalls=4680520, ndraw=40, logz=-13.11, remainder_fraction=14.8455%, Lmin=-5.50, Lmax=-4.88
19:37:40 [ultranest] [DEBUG] iteration=3831, ncalls=63879, regioncalls=4680720, ndraw=40, logz=-13.11, remainder_fraction=14.7797%, Lmin=-5.50, Lmax=-4.88
19:37:40 [ultranest] [DEBUG] iteration=3832, ncalls=63890, regioncalls=4681160, ndraw=40, logz=-13.11, remainder_fraction=14.7471%, Lmin=-5.49, Lmax=-4.88
19:37:42 [ultranest] [DEBUG] iteration=3833, ncalls=63924, regioncalls=4682520, ndraw=40, logz=-13.11, remainder_fraction=14.7172%, Lmin=-5.49, Lmax=-4.88
19:37:43 [ultranest] [DEBUG] iteration=3834, ncalls=63941, regioncalls=4683320, ndraw=40, logz=-13.11, remainder_fraction=14.6887%, Lmin=-5.49, Lmax=-4.88
19:37:44 [ultranest] [DEBUG] iteration=3835, ncalls=63961, regioncalls=4684120, ndraw=40, logz=-13.11, remainder_fraction=14.6583%, Lmin=-5.49, Lmax=-4.88
19:37:44 [ultranest] [DEBUG] iteration=3836, ncalls=63969, regioncalls=4684440, ndraw=40, logz=-13.11, remainder_fraction=14.6299%, Lmin=-5.49, Lmax=-4.88
19:37:45 [ultranest] [DEBUG] iteration=3837, ncalls=63979, regioncalls=4684840, ndraw=40, logz=-13.11, remainder_fraction=14.5975%, Lmin=-5.49, Lmax=-4.88
19:37:45 [ultranest] [DEBUG] iteration=3839, ncalls=63987, regioncalls=4685160, ndraw=40, logz=-13.10, remainder_fraction=14.5277%, Lmin=-5.49, Lmax=-4.88
19:37:45 [ultranest] [DEBUG] iteration=3840, ncalls=63991, regioncalls=4685320, ndraw=40, logz=-13.10, remainder_fraction=14.5111%, Lmin=-5.49, Lmax=-4.88
19:37:46 [ultranest] [DEBUG] iteration=3841, ncalls=64005, regioncalls=4685880, ndraw=40, logz=-13.10, remainder_fraction=14.4804%, Lmin=-5.49, Lmax=-4.88
19:37:46 [ultranest] [DEBUG] iteration=3842, ncalls=64017, regioncalls=4686360, ndraw=40, logz=-13.10, remainder_fraction=14.4470%, Lmin=-5.48, Lmax=-4.88
19:37:47 [ultranest] [DEBUG] iteration=3843, ncalls=64027, regioncalls=4686760, ndraw=40, logz=-13.10, remainder_fraction=14.4219%, Lmin=-5.48, Lmax=-4.88
19:37:48 [ultranest] [DEBUG] iteration=3845, ncalls=64050, regioncalls=4687680, ndraw=40, logz=-13.10, remainder_fraction=14.3564%, Lmin=-5.48, Lmax=-4.88
19:37:48 [ultranest] [DEBUG] iteration=3846, ncalls=64059, regioncalls=4688040, ndraw=40, logz=-13.10, remainder_fraction=14.3267%, Lmin=-5.48, Lmax=-4.88
19:37:50 [ultranest] [DEBUG] iteration=3847, ncalls=64086, regioncalls=4689120, ndraw=40, logz=-13.10, remainder_fraction=14.3021%, Lmin=-5.48, Lmax=-4.88
19:37:50 [ultranest] [DEBUG] iteration=3848, ncalls=64091, regioncalls=4689320, ndraw=40, logz=-13.10, remainder_fraction=14.2744%, Lmin=-5.48, Lmax=-4.88
19:37:50 [ultranest] [DEBUG] iteration=3849, ncalls=64100, regioncalls=4689680, ndraw=40, logz=-13.10, remainder_fraction=14.2423%, Lmin=-5.48, Lmax=-4.88
19:37:51 [ultranest] [DEBUG] iteration=3850, ncalls=64106, regioncalls=4689920, ndraw=40, logz=-13.10, remainder_fraction=14.2167%, Lmin=-5.48, Lmax=-4.88
19:37:51 [ultranest] [DEBUG] iteration=3851, ncalls=64111, regioncalls=4690120, ndraw=40, logz=-13.10, remainder_fraction=14.1844%, Lmin=-5.48, Lmax=-4.88
19:37:51 [ultranest] [DEBUG] iteration=3852, ncalls=64117, regioncalls=4690360, ndraw=40, logz=-13.10, remainder_fraction=14.1503%, Lmin=-5.48, Lmax=-4.88
19:37:52 [ultranest] [DEBUG] iteration=3853, ncalls=64126, regioncalls=4690720, ndraw=40, logz=-13.10, remainder_fraction=14.1177%, Lmin=-5.48, Lmax=-4.88
19:37:52 [ultranest] [DEBUG] iteration=3854, ncalls=64129, regioncalls=4690840, ndraw=40, logz=-13.10, remainder_fraction=14.0911%, Lmin=-5.47, Lmax=-4.88
19:37:52 [ultranest] [DEBUG] iteration=3855, ncalls=64144, regioncalls=4691440, ndraw=40, logz=-13.10, remainder_fraction=14.0613%, Lmin=-5.47, Lmax=-4.88
19:37:53 [ultranest] [DEBUG] iteration=3856, ncalls=64148, regioncalls=4691600, ndraw=40, logz=-13.10, remainder_fraction=14.0316%, Lmin=-5.47, Lmax=-4.88
19:37:53 [ultranest] [DEBUG] iteration=3858, ncalls=64150, regioncalls=4691680, ndraw=40, logz=-13.10, remainder_fraction=13.9779%, Lmin=-5.47, Lmax=-4.88
19:37:53 [ultranest] [DEBUG] iteration=3859, ncalls=64153, regioncalls=4691800, ndraw=40, logz=-13.10, remainder_fraction=13.9508%, Lmin=-5.47, Lmax=-4.88
19:37:53 [ultranest] [DEBUG] iteration=3860, ncalls=64159, regioncalls=4692040, ndraw=40, logz=-13.10, remainder_fraction=13.9216%, Lmin=-5.47, Lmax=-4.88
19:37:55 [ultranest] [DEBUG] iteration=3861, ncalls=64189, regioncalls=4693240, ndraw=40, logz=-13.10, remainder_fraction=13.9012%, Lmin=-5.47, Lmax=-4.88
19:37:55 [ultranest] [DEBUG] iteration=3862, ncalls=64191, regioncalls=4693320, ndraw=40, logz=-13.10, remainder_fraction=13.8676%, Lmin=-5.47, Lmax=-4.88
19:37:56 [ultranest] [DEBUG] iteration=3863, ncalls=64213, regioncalls=4694200, ndraw=40, logz=-13.10, remainder_fraction=13.8405%, Lmin=-5.47, Lmax=-4.88
19:37:56 [ultranest] [DEBUG] iteration=3864, ncalls=64217, regioncalls=4694440, ndraw=40, logz=-13.10, remainder_fraction=13.8139%, Lmin=-5.47, Lmax=-4.88
19:37:57 [ultranest] [DEBUG] iteration=3866, ncalls=64240, regioncalls=4695360, ndraw=40, logz=-13.10, remainder_fraction=13.7566%, Lmin=-5.47, Lmax=-4.88
19:37:58 [ultranest] [DEBUG] iteration=3867, ncalls=64266, regioncalls=4696400, ndraw=40, logz=-13.09, remainder_fraction=13.7234%, Lmin=-5.47, Lmax=-4.88
19:37:59 [ultranest] [DEBUG] iteration=3868, ncalls=64273, regioncalls=4696680, ndraw=40, logz=-13.09, remainder_fraction=13.6927%, Lmin=-5.47, Lmax=-4.88
19:37:59 [ultranest] [DEBUG] iteration=3869, ncalls=64286, regioncalls=4697200, ndraw=40, logz=-13.09, remainder_fraction=13.6621%, Lmin=-5.47, Lmax=-4.88
19:38:00 [ultranest] [DEBUG] iteration=3870, ncalls=64307, regioncalls=4698040, ndraw=40, logz=-13.09, remainder_fraction=13.6294%, Lmin=-5.46, Lmax=-4.88
19:38:01 [ultranest] [DEBUG] iteration=3872, ncalls=64314, regioncalls=4698320, ndraw=40, logz=-13.09, remainder_fraction=13.5716%, Lmin=-5.46, Lmax=-4.88
19:38:01 [ultranest] [DEBUG] iteration=3873, ncalls=64334, regioncalls=4699120, ndraw=40, logz=-13.09, remainder_fraction=13.5385%, Lmin=-5.46, Lmax=-4.88
19:38:03 [ultranest] [DEBUG] iteration=3874, ncalls=64356, regioncalls=4700000, ndraw=40, logz=-13.09, remainder_fraction=13.5088%, Lmin=-5.46, Lmax=-4.88
19:38:03 [ultranest] [DEBUG] iteration=3875, ncalls=64362, regioncalls=4700240, ndraw=40, logz=-13.09, remainder_fraction=13.4871%, Lmin=-5.46, Lmax=-4.88
19:38:04 [ultranest] [DEBUG] iteration=3876, ncalls=64383, regioncalls=4701080, ndraw=40, logz=-13.09, remainder_fraction=13.4579%, Lmin=-5.46, Lmax=-4.88
19:38:06 [ultranest] [DEBUG] iteration=3877, ncalls=64420, regioncalls=4702560, ndraw=40, logz=-13.09, remainder_fraction=13.4256%, Lmin=-5.46, Lmax=-4.88
19:38:06 [ultranest] [DEBUG] iteration=3879, ncalls=64427, regioncalls=4702840, ndraw=40, logz=-13.09, remainder_fraction=13.3690%, Lmin=-5.46, Lmax=-4.88
19:38:06 [ultranest] [DEBUG] iteration=3880, ncalls=64434, regioncalls=4703120, ndraw=40, logz=-13.09, remainder_fraction=13.3432%, Lmin=-5.46, Lmax=-4.88
19:38:08 [ultranest] [DEBUG] iteration=3881, ncalls=64462, regioncalls=4704240, ndraw=40, logz=-13.09, remainder_fraction=13.3145%, Lmin=-5.46, Lmax=-4.88
19:38:08 [ultranest] [DEBUG] iteration=3882, ncalls=64464, regioncalls=4704320, ndraw=40, logz=-13.09, remainder_fraction=13.2844%, Lmin=-5.46, Lmax=-4.88
19:38:08 [ultranest] [DEBUG] iteration=3883, ncalls=64472, regioncalls=4704640, ndraw=40, logz=-13.09, remainder_fraction=13.2551%, Lmin=-5.46, Lmax=-4.88
19:38:09 [ultranest] [DEBUG] iteration=3884, ncalls=64478, regioncalls=4704880, ndraw=40, logz=-13.09, remainder_fraction=13.2235%, Lmin=-5.46, Lmax=-4.88
19:38:10 [ultranest] [DEBUG] iteration=3886, ncalls=64511, regioncalls=4706200, ndraw=40, logz=-13.09, remainder_fraction=13.1673%, Lmin=-5.46, Lmax=-4.88
19:38:10 [ultranest] [DEBUG] iteration=3887, ncalls=64517, regioncalls=4706440, ndraw=40, logz=-13.09, remainder_fraction=13.1405%, Lmin=-5.46, Lmax=-4.88
19:38:11 [ultranest] [DEBUG] iteration=3889, ncalls=64519, regioncalls=4706520, ndraw=40, logz=-13.09, remainder_fraction=13.0860%, Lmin=-5.46, Lmax=-4.88
19:38:11 [ultranest] [DEBUG] iteration=3891, ncalls=64522, regioncalls=4706640, ndraw=40, logz=-13.09, remainder_fraction=13.0269%, Lmin=-5.45, Lmax=-4.88
19:38:11 [ultranest] [DEBUG] iteration=3892, ncalls=64534, regioncalls=4707120, ndraw=40, logz=-13.09, remainder_fraction=13.0005%, Lmin=-5.45, Lmax=-4.88
19:38:12 [ultranest] [DEBUG] iteration=3893, ncalls=64542, regioncalls=4707440, ndraw=40, logz=-13.09, remainder_fraction=12.9797%, Lmin=-5.45, Lmax=-4.88
19:38:12 [ultranest] [DEBUG] iteration=3894, ncalls=64547, regioncalls=4707640, ndraw=40, logz=-13.09, remainder_fraction=12.9509%, Lmin=-5.45, Lmax=-4.88
19:38:12 [ultranest] [DEBUG] iteration=3895, ncalls=64550, regioncalls=4707760, ndraw=40, logz=-13.09, remainder_fraction=12.9228%, Lmin=-5.45, Lmax=-4.88
19:38:12 [ultranest] [DEBUG] iteration=3896, ncalls=64559, regioncalls=4708120, ndraw=40, logz=-13.09, remainder_fraction=12.8915%, Lmin=-5.45, Lmax=-4.88
19:38:14 [ultranest] [DEBUG] iteration=3897, ncalls=64585, regioncalls=4709160, ndraw=40, logz=-13.09, remainder_fraction=12.8609%, Lmin=-5.45, Lmax=-4.88
19:38:15 [ultranest] [DEBUG] iteration=3898, ncalls=64619, regioncalls=4710680, ndraw=40, logz=-13.08, remainder_fraction=12.8320%, Lmin=-5.45, Lmax=-4.88
19:38:15 [ultranest] [DEBUG] iteration=3899, ncalls=64622, regioncalls=4710800, ndraw=40, logz=-13.08, remainder_fraction=12.8052%, Lmin=-5.45, Lmax=-4.88
19:38:17 [ultranest] [DEBUG] iteration=3900, ncalls=64660, regioncalls=4712320, ndraw=40, logz=-13.08, remainder_fraction=12.7772%, Lmin=-5.45, Lmax=-4.88
19:38:17 [ultranest] [DEBUG] iteration=3901, ncalls=64663, regioncalls=4712440, ndraw=40, logz=-13.08, remainder_fraction=12.7570%, Lmin=-5.45, Lmax=-4.88
19:38:18 [ultranest] [DEBUG] iteration=3902, ncalls=64668, regioncalls=4712640, ndraw=40, logz=-13.08, remainder_fraction=12.7295%, Lmin=-5.45, Lmax=-4.88
19:38:18 [ultranest] [DEBUG] iteration=3904, ncalls=64673, regioncalls=4712840, ndraw=40, logz=-13.08, remainder_fraction=12.6760%, Lmin=-5.45, Lmax=-4.88
19:38:18 [ultranest] [DEBUG] iteration=3905, ncalls=64683, regioncalls=4713240, ndraw=40, logz=-13.08, remainder_fraction=12.6533%, Lmin=-5.45, Lmax=-4.88
19:38:19 [ultranest] [DEBUG] iteration=3906, ncalls=64688, regioncalls=4713440, ndraw=40, logz=-13.08, remainder_fraction=12.6254%, Lmin=-5.45, Lmax=-4.88
19:38:19 [ultranest] [DEBUG] iteration=3907, ncalls=64695, regioncalls=4713720, ndraw=40, logz=-13.08, remainder_fraction=12.5970%, Lmin=-5.44, Lmax=-4.88
19:38:19 [ultranest] [DEBUG] iteration=3908, ncalls=64703, regioncalls=4714040, ndraw=40, logz=-13.08, remainder_fraction=12.5708%, Lmin=-5.44, Lmax=-4.88
19:38:20 [ultranest] [DEBUG] iteration=3909, ncalls=64719, regioncalls=4714680, ndraw=40, logz=-13.08, remainder_fraction=12.5438%, Lmin=-5.44, Lmax=-4.88
19:38:21 [ultranest] [DEBUG] iteration=3910, ncalls=64740, regioncalls=4715520, ndraw=40, logz=-13.08, remainder_fraction=12.5159%, Lmin=-5.44, Lmax=-4.88
19:38:22 [ultranest] [DEBUG] iteration=3911, ncalls=64751, regioncalls=4715960, ndraw=40, logz=-13.08, remainder_fraction=12.4864%, Lmin=-5.44, Lmax=-4.88
19:38:23 [ultranest] [DEBUG] iteration=3912, ncalls=64782, regioncalls=4717200, ndraw=40, logz=-13.08, remainder_fraction=12.4584%, Lmin=-5.44, Lmax=-4.88
19:38:25 [ultranest] [DEBUG] iteration=3913, ncalls=64817, regioncalls=4718600, ndraw=40, logz=-13.08, remainder_fraction=12.4332%, Lmin=-5.44, Lmax=-4.88
19:38:25 [ultranest] [DEBUG] iteration=3914, ncalls=64827, regioncalls=4719000, ndraw=40, logz=-13.08, remainder_fraction=12.4105%, Lmin=-5.44, Lmax=-4.88
19:38:26 [ultranest] [DEBUG] iteration=3916, ncalls=64836, regioncalls=4719360, ndraw=40, logz=-13.08, remainder_fraction=12.3627%, Lmin=-5.44, Lmax=-4.88
19:38:26 [ultranest] [DEBUG] iteration=3917, ncalls=64845, regioncalls=4719720, ndraw=40, logz=-13.08, remainder_fraction=12.3327%, Lmin=-5.44, Lmax=-4.88
19:38:27 [ultranest] [DEBUG] iteration=3918, ncalls=64854, regioncalls=4720080, ndraw=40, logz=-13.08, remainder_fraction=12.3156%, Lmin=-5.44, Lmax=-4.88
19:38:27 [ultranest] [DEBUG] iteration=3919, ncalls=64866, regioncalls=4720680, ndraw=40, logz=-13.08, remainder_fraction=12.2898%, Lmin=-5.44, Lmax=-4.88
19:38:27 [ultranest] [DEBUG] iteration=3920, ncalls=64873, regioncalls=4720960, ndraw=40, logz=-13.08, remainder_fraction=12.2604%, Lmin=-5.44, Lmax=-4.88
19:38:28 [ultranest] [DEBUG] iteration=3921, ncalls=64895, regioncalls=4721840, ndraw=40, logz=-13.08, remainder_fraction=12.2352%, Lmin=-5.44, Lmax=-4.88
19:38:32 [ultranest] [DEBUG] iteration=3922, ncalls=64970, regioncalls=4724840, ndraw=40, logz=-13.08, remainder_fraction=12.2065%, Lmin=-5.44, Lmax=-4.88
19:38:33 [ultranest] [DEBUG] iteration=3923, ncalls=64984, regioncalls=4725400, ndraw=40, logz=-13.08, remainder_fraction=12.1851%, Lmin=-5.44, Lmax=-4.88
19:38:34 [ultranest] [DEBUG] iteration=3924, ncalls=65004, regioncalls=4726480, ndraw=40, logz=-13.08, remainder_fraction=12.1588%, Lmin=-5.44, Lmax=-4.88
19:38:34 [ultranest] [DEBUG] iteration=3925, ncalls=65021, regioncalls=4727160, ndraw=40, logz=-13.08, remainder_fraction=12.1298%, Lmin=-5.44, Lmax=-4.88
19:38:35 [ultranest] [DEBUG] iteration=3926, ncalls=65025, regioncalls=4727320, ndraw=40, logz=-13.08, remainder_fraction=12.1020%, Lmin=-5.44, Lmax=-4.88
19:38:36 [ultranest] [DEBUG] iteration=3927, ncalls=65063, regioncalls=4728840, ndraw=40, logz=-13.08, remainder_fraction=12.0766%, Lmin=-5.43, Lmax=-4.88
19:38:37 [ultranest] [DEBUG] iteration=3929, ncalls=65077, regioncalls=4729400, ndraw=40, logz=-13.08, remainder_fraction=12.0192%, Lmin=-5.43, Lmax=-4.88
19:38:37 [ultranest] [DEBUG] iteration=3930, ncalls=65086, regioncalls=4729760, ndraw=40, logz=-13.08, remainder_fraction=11.9937%, Lmin=-5.43, Lmax=-4.88
19:38:39 [ultranest] [DEBUG] iteration=3931, ncalls=65112, regioncalls=4731040, ndraw=40, logz=-13.07, remainder_fraction=11.9692%, Lmin=-5.43, Lmax=-4.88
19:38:41 [ultranest] [DEBUG] iteration=3932, ncalls=65153, regioncalls=4732680, ndraw=40, logz=-13.07, remainder_fraction=11.9430%, Lmin=-5.43, Lmax=-4.88
19:38:42 [ultranest] [DEBUG] iteration=3933, ncalls=65189, regioncalls=4734120, ndraw=40, logz=-13.07, remainder_fraction=11.9181%, Lmin=-5.43, Lmax=-4.88
19:38:43 [ultranest] [DEBUG] iteration=3934, ncalls=65205, regioncalls=4734760, ndraw=40, logz=-13.07, remainder_fraction=11.8966%, Lmin=-5.43, Lmax=-4.88
19:38:44 [ultranest] [DEBUG] iteration=3935, ncalls=65228, regioncalls=4735680, ndraw=40, logz=-13.07, remainder_fraction=11.8705%, Lmin=-5.43, Lmax=-4.88
19:38:45 [ultranest] [DEBUG] iteration=3936, ncalls=65247, regioncalls=4736520, ndraw=40, logz=-13.07, remainder_fraction=11.8424%, Lmin=-5.43, Lmax=-4.88
19:38:45 [ultranest] [DEBUG] iteration=3937, ncalls=65252, regioncalls=4736720, ndraw=40, logz=-13.07, remainder_fraction=11.8137%, Lmin=-5.43, Lmax=-4.88
19:38:46 [ultranest] [DEBUG] iteration=3938, ncalls=65265, regioncalls=4737240, ndraw=40, logz=-13.07, remainder_fraction=11.7917%, Lmin=-5.43, Lmax=-4.88
19:38:50 [ultranest] [DEBUG] iteration=3940, ncalls=65357, regioncalls=4741200, ndraw=40, logz=-13.07, remainder_fraction=11.7438%, Lmin=-5.43, Lmax=-4.88
19:38:52 [ultranest] [DEBUG] iteration=3941, ncalls=65394, regioncalls=4742680, ndraw=40, logz=-13.07, remainder_fraction=11.7202%, Lmin=-5.43, Lmax=-4.88
19:38:53 [ultranest] [DEBUG] iteration=3942, ncalls=65405, regioncalls=4743120, ndraw=40, logz=-13.07, remainder_fraction=11.6929%, Lmin=-5.43, Lmax=-4.88
19:38:53 [ultranest] [DEBUG] iteration=3943, ncalls=65419, regioncalls=4743680, ndraw=40, logz=-13.07, remainder_fraction=11.6673%, Lmin=-5.43, Lmax=-4.88
19:38:54 [ultranest] [DEBUG] iteration=3944, ncalls=65428, regioncalls=4744040, ndraw=40, logz=-13.07, remainder_fraction=11.6396%, Lmin=-5.43, Lmax=-4.88
19:38:54 [ultranest] [DEBUG] iteration=3945, ncalls=65434, regioncalls=4744280, ndraw=40, logz=-13.07, remainder_fraction=11.6118%, Lmin=-5.43, Lmax=-4.88
19:38:55 [ultranest] [DEBUG] iteration=3946, ncalls=65451, regioncalls=4744960, ndraw=40, logz=-13.07, remainder_fraction=11.5835%, Lmin=-5.42, Lmax=-4.88
19:38:55 [ultranest] [DEBUG] iteration=3947, ncalls=65458, regioncalls=4745240, ndraw=40, logz=-13.07, remainder_fraction=11.5578%, Lmin=-5.42, Lmax=-4.88
19:38:56 [ultranest] [DEBUG] iteration=3949, ncalls=65479, regioncalls=4746080, ndraw=40, logz=-13.07, remainder_fraction=11.5072%, Lmin=-5.42, Lmax=-4.88
19:38:57 [ultranest] [DEBUG] iteration=3950, ncalls=65491, regioncalls=4746560, ndraw=40, logz=-13.07, remainder_fraction=11.4815%, Lmin=-5.42, Lmax=-4.88
19:38:58 [ultranest] [DEBUG] iteration=3951, ncalls=65507, regioncalls=4747200, ndraw=40, logz=-13.07, remainder_fraction=11.4544%, Lmin=-5.42, Lmax=-4.88
19:38:59 [ultranest] [DEBUG] iteration=3953, ncalls=65534, regioncalls=4748280, ndraw=40, logz=-13.07, remainder_fraction=11.4057%, Lmin=-5.42, Lmax=-4.88
19:39:01 [ultranest] [DEBUG] iteration=3954, ncalls=65569, regioncalls=4749680, ndraw=40, logz=-13.07, remainder_fraction=11.3835%, Lmin=-5.42, Lmax=-4.88
19:39:01 [ultranest] [DEBUG] iteration=3955, ncalls=65573, regioncalls=4749840, ndraw=40, logz=-13.07, remainder_fraction=11.3574%, Lmin=-5.42, Lmax=-4.88
19:39:01 [ultranest] [DEBUG] iteration=3956, ncalls=65576, regioncalls=4749960, ndraw=40, logz=-13.07, remainder_fraction=11.3309%, Lmin=-5.42, Lmax=-4.88
19:39:02 [ultranest] [DEBUG] iteration=3957, ncalls=65598, regioncalls=4750840, ndraw=40, logz=-13.07, remainder_fraction=11.3068%, Lmin=-5.42, Lmax=-4.88
19:39:02 [ultranest] [DEBUG] iteration=3958, ncalls=65605, regioncalls=4751120, ndraw=40, logz=-13.07, remainder_fraction=11.2806%, Lmin=-5.42, Lmax=-4.88
19:39:03 [ultranest] [DEBUG] iteration=3959, ncalls=65610, regioncalls=4751320, ndraw=40, logz=-13.07, remainder_fraction=11.2533%, Lmin=-5.42, Lmax=-4.88
19:39:04 [ultranest] [DEBUG] iteration=3960, ncalls=65643, regioncalls=4752840, ndraw=40, logz=-13.07, remainder_fraction=11.2262%, Lmin=-5.42, Lmax=-4.88
19:39:04 [ultranest] [DEBUG] iteration=3961, ncalls=65648, regioncalls=4753040, ndraw=40, logz=-13.07, remainder_fraction=11.1994%, Lmin=-5.42, Lmax=-4.88
19:39:05 [ultranest] [DEBUG] iteration=3962, ncalls=65669, regioncalls=4753880, ndraw=40, logz=-13.07, remainder_fraction=11.1746%, Lmin=-5.42, Lmax=-4.88
19:39:06 [ultranest] [DEBUG] iteration=3964, ncalls=65691, regioncalls=4754760, ndraw=40, logz=-13.07, remainder_fraction=11.1367%, Lmin=-5.42, Lmax=-4.88
19:39:08 [ultranest] [DEBUG] iteration=3965, ncalls=65727, regioncalls=4756200, ndraw=40, logz=-13.07, remainder_fraction=11.1114%, Lmin=-5.41, Lmax=-4.88
19:39:08 [ultranest] [DEBUG] iteration=3966, ncalls=65733, regioncalls=4756440, ndraw=40, logz=-13.07, remainder_fraction=11.0843%, Lmin=-5.41, Lmax=-4.88
19:39:09 [ultranest] [DEBUG] iteration=3967, ncalls=65739, regioncalls=4756680, ndraw=40, logz=-13.06, remainder_fraction=11.0571%, Lmin=-5.41, Lmax=-4.88
19:39:10 [ultranest] [DEBUG] iteration=3968, ncalls=65764, regioncalls=4757680, ndraw=40, logz=-13.06, remainder_fraction=11.0311%, Lmin=-5.41, Lmax=-4.88
19:39:11 [ultranest] [DEBUG] iteration=3969, ncalls=65775, regioncalls=4758120, ndraw=40, logz=-13.06, remainder_fraction=11.0103%, Lmin=-5.41, Lmax=-4.88
19:39:11 [ultranest] [DEBUG] iteration=3970, ncalls=65791, regioncalls=4758760, ndraw=40, logz=-13.06, remainder_fraction=10.9836%, Lmin=-5.41, Lmax=-4.88
19:39:12 [ultranest] [DEBUG] iteration=3971, ncalls=65804, regioncalls=4759280, ndraw=40, logz=-13.06, remainder_fraction=10.9634%, Lmin=-5.41, Lmax=-4.88
19:39:13 [ultranest] [DEBUG] iteration=3972, ncalls=65825, regioncalls=4760120, ndraw=40, logz=-13.06, remainder_fraction=10.9440%, Lmin=-5.41, Lmax=-4.88
19:39:14 [ultranest] [DEBUG] iteration=3973, ncalls=65841, regioncalls=4760760, ndraw=40, logz=-13.06, remainder_fraction=10.9190%, Lmin=-5.41, Lmax=-4.88
19:39:15 [ultranest] [DEBUG] iteration=3974, ncalls=65872, regioncalls=4762000, ndraw=40, logz=-13.06, remainder_fraction=10.8944%, Lmin=-5.41, Lmax=-4.88
19:39:16 [ultranest] [DEBUG] iteration=3976, ncalls=65885, regioncalls=4762720, ndraw=40, logz=-13.06, remainder_fraction=10.8470%, Lmin=-5.41, Lmax=-4.88
19:39:19 [ultranest] [DEBUG] iteration=3978, ncalls=65953, regioncalls=4765440, ndraw=40, logz=-13.06, remainder_fraction=10.8028%, Lmin=-5.41, Lmax=-4.88
19:39:20 [ultranest] [DEBUG] iteration=3980, ncalls=65960, regioncalls=4765720, ndraw=40, logz=-13.06, remainder_fraction=10.7648%, Lmin=-5.41, Lmax=-4.88
19:39:21 [ultranest] [DEBUG] iteration=3981, ncalls=65978, regioncalls=4766440, ndraw=40, logz=-13.06, remainder_fraction=10.7383%, Lmin=-5.41, Lmax=-4.88
19:39:21 [ultranest] [DEBUG] iteration=3982, ncalls=65987, regioncalls=4766800, ndraw=40, logz=-13.06, remainder_fraction=10.7153%, Lmin=-5.41, Lmax=-4.88
19:39:22 [ultranest] [DEBUG] iteration=3983, ncalls=66015, regioncalls=4767920, ndraw=40, logz=-13.06, remainder_fraction=10.6895%, Lmin=-5.40, Lmax=-4.88
19:39:23 [ultranest] [DEBUG] iteration=3985, ncalls=66039, regioncalls=4768960, ndraw=40, logz=-13.06, remainder_fraction=10.6490%, Lmin=-5.40, Lmax=-4.88
19:39:24 [ultranest] [DEBUG] iteration=3986, ncalls=66045, regioncalls=4769200, ndraw=40, logz=-13.06, remainder_fraction=10.6253%, Lmin=-5.40, Lmax=-4.88
19:39:25 [ultranest] [DEBUG] iteration=3987, ncalls=66066, regioncalls=4770040, ndraw=40, logz=-13.06, remainder_fraction=10.6007%, Lmin=-5.40, Lmax=-4.88
19:39:25 [ultranest] [DEBUG] iteration=3988, ncalls=66069, regioncalls=4770160, ndraw=40, logz=-13.06, remainder_fraction=10.5747%, Lmin=-5.40, Lmax=-4.88
19:39:26 [ultranest] [DEBUG] iteration=3989, ncalls=66099, regioncalls=4771360, ndraw=40, logz=-13.06, remainder_fraction=10.5499%, Lmin=-5.40, Lmax=-4.88
19:39:26 [ultranest] [DEBUG] iteration=3990, ncalls=66103, regioncalls=4771520, ndraw=40, logz=-13.06, remainder_fraction=10.5364%, Lmin=-5.40, Lmax=-4.88
19:39:27 [ultranest] [DEBUG] iteration=3992, ncalls=66125, regioncalls=4772400, ndraw=40, logz=-13.06, remainder_fraction=10.4865%, Lmin=-5.40, Lmax=-4.88
19:39:28 [ultranest] [DEBUG] iteration=3994, ncalls=66146, regioncalls=4773240, ndraw=40, logz=-13.06, remainder_fraction=10.4354%, Lmin=-5.40, Lmax=-4.88
19:39:29 [ultranest] [DEBUG] iteration=3995, ncalls=66152, regioncalls=4773480, ndraw=40, logz=-13.06, remainder_fraction=10.4108%, Lmin=-5.40, Lmax=-4.88
19:39:29 [ultranest] [DEBUG] iteration=3996, ncalls=66154, regioncalls=4773560, ndraw=40, logz=-13.06, remainder_fraction=10.3855%, Lmin=-5.40, Lmax=-4.88
19:39:31 [ultranest] [DEBUG] iteration=3997, ncalls=66207, regioncalls=4775680, ndraw=40, logz=-13.06, remainder_fraction=10.3620%, Lmin=-5.40, Lmax=-4.88
19:39:36 [ultranest] [DEBUG] iteration=3998, ncalls=66297, regioncalls=4779280, ndraw=40, logz=-13.06, remainder_fraction=10.3388%, Lmin=-5.40, Lmax=-4.88
19:39:38 [ultranest] [DEBUG] iteration=3999, ncalls=66346, regioncalls=4781240, ndraw=40, logz=-13.06, remainder_fraction=10.3154%, Lmin=-5.40, Lmax=-4.88
19:39:38 [ultranest] [DEBUG] iteration=4000, ncalls=66350, regioncalls=4781400, ndraw=40, logz=-13.06, remainder_fraction=10.2954%, Lmin=-5.40, Lmax=-4.88
19:39:39 [ultranest] [DEBUG] iteration=4001, ncalls=66371, regioncalls=4782240, ndraw=40, logz=-13.06, remainder_fraction=10.2704%, Lmin=-5.40, Lmax=-4.88
19:39:40 [ultranest] [DEBUG] iteration=4002, ncalls=66379, regioncalls=4782560, ndraw=40, logz=-13.06, remainder_fraction=10.2485%, Lmin=-5.40, Lmax=-4.88
19:39:40 [ultranest] [DEBUG] iteration=4003, ncalls=66390, regioncalls=4783000, ndraw=40, logz=-13.06, remainder_fraction=10.2263%, Lmin=-5.40, Lmax=-4.88
19:39:41 [ultranest] [DEBUG] iteration=4004, ncalls=66416, regioncalls=4784040, ndraw=40, logz=-13.06, remainder_fraction=10.2052%, Lmin=-5.40, Lmax=-4.88
19:39:44 [ultranest] [DEBUG] iteration=4005, ncalls=66468, regioncalls=4786120, ndraw=40, logz=-13.06, remainder_fraction=10.1860%, Lmin=-5.40, Lmax=-4.88
19:39:44 [ultranest] [DEBUG] iteration=4006, ncalls=66480, regioncalls=4786720, ndraw=40, logz=-13.06, remainder_fraction=10.1630%, Lmin=-5.39, Lmax=-4.88
19:39:45 [ultranest] [DEBUG] iteration=4007, ncalls=66495, regioncalls=4787400, ndraw=40, logz=-13.05, remainder_fraction=10.1398%, Lmin=-5.39, Lmax=-4.88
19:39:45 [ultranest] [DEBUG] iteration=4008, ncalls=66505, regioncalls=4787800, ndraw=40, logz=-13.05, remainder_fraction=10.1157%, Lmin=-5.39, Lmax=-4.88
19:39:49 [ultranest] [DEBUG] iteration=4009, ncalls=66588, regioncalls=4791120, ndraw=40, logz=-13.05, remainder_fraction=10.0919%, Lmin=-5.39, Lmax=-4.88
19:39:50 [ultranest] [DEBUG] iteration=4010, ncalls=66606, regioncalls=4791840, ndraw=40, logz=-13.05, remainder_fraction=10.0693%, Lmin=-5.39, Lmax=-4.88
19:39:51 [ultranest] [DEBUG] iteration=4011, ncalls=66628, regioncalls=4792720, ndraw=40, logz=-13.05, remainder_fraction=10.0476%, Lmin=-5.39, Lmax=-4.88
19:39:51 [ultranest] [DEBUG] iteration=4012, ncalls=66632, regioncalls=4792880, ndraw=40, logz=-13.05, remainder_fraction=10.0241%, Lmin=-5.39, Lmax=-4.88
19:39:51 [ultranest] [DEBUG] iteration=4013, ncalls=66635, regioncalls=4793000, ndraw=40, logz=-13.05, remainder_fraction=10.0019%, Lmin=-5.39, Lmax=-4.88
19:39:52 [ultranest] [DEBUG] iteration=4014, ncalls=66654, regioncalls=4793760, ndraw=40, logz=-13.05, remainder_fraction=9.9790%, Lmin=-5.39, Lmax=-4.88
19:39:55 [ultranest] [DEBUG] iteration=4015, ncalls=66702, regioncalls=4795680, ndraw=40, logz=-13.05, remainder_fraction=9.9576%, Lmin=-5.39, Lmax=-4.88
19:39:55 [ultranest] [DEBUG] iteration=4016, ncalls=66707, regioncalls=4795880, ndraw=40, logz=-13.05, remainder_fraction=9.9343%, Lmin=-5.39, Lmax=-4.88
19:39:56 [ultranest] [DEBUG] iteration=4017, ncalls=66731, regioncalls=4796840, ndraw=40, logz=-13.05, remainder_fraction=9.9148%, Lmin=-5.39, Lmax=-4.88
19:39:56 [ultranest] [DEBUG] iteration=4018, ncalls=66734, regioncalls=4796960, ndraw=40, logz=-13.05, remainder_fraction=9.8906%, Lmin=-5.39, Lmax=-4.88
19:39:56 [ultranest] [DEBUG] iteration=4019, ncalls=66741, regioncalls=4797240, ndraw=40, logz=-13.05, remainder_fraction=9.8667%, Lmin=-5.39, Lmax=-4.88
19:39:57 [ultranest] [DEBUG] iteration=4020, ncalls=66743, regioncalls=4797320, ndraw=40, logz=-13.05, remainder_fraction=9.8446%, Lmin=-5.39, Lmax=-4.88
19:39:57 [ultranest] [DEBUG] iteration=4021, ncalls=66753, regioncalls=4797720, ndraw=40, logz=-13.05, remainder_fraction=9.8211%, Lmin=-5.39, Lmax=-4.88
19:39:58 [ultranest] [DEBUG] iteration=4022, ncalls=66776, regioncalls=4798920, ndraw=40, logz=-13.05, remainder_fraction=9.8016%, Lmin=-5.39, Lmax=-4.88
19:39:59 [ultranest] [DEBUG] iteration=4023, ncalls=66790, regioncalls=4799480, ndraw=40, logz=-13.05, remainder_fraction=9.7813%, Lmin=-5.39, Lmax=-4.88
19:40:00 [ultranest] [DEBUG] iteration=4025, ncalls=66810, regioncalls=4800280, ndraw=40, logz=-13.05, remainder_fraction=9.7337%, Lmin=-5.39, Lmax=-4.88
19:40:00 [ultranest] [DEBUG] iteration=4026, ncalls=66816, regioncalls=4800520, ndraw=40, logz=-13.05, remainder_fraction=9.7119%, Lmin=-5.39, Lmax=-4.88
19:40:00 [ultranest] [DEBUG] iteration=4027, ncalls=66819, regioncalls=4800640, ndraw=40, logz=-13.05, remainder_fraction=9.6883%, Lmin=-5.39, Lmax=-4.88
19:40:00 [ultranest] [DEBUG] iteration=4029, ncalls=66822, regioncalls=4800760, ndraw=40, logz=-13.05, remainder_fraction=9.6419%, Lmin=-5.39, Lmax=-4.88
19:40:02 [ultranest] [DEBUG] iteration=4030, ncalls=66852, regioncalls=4801960, ndraw=40, logz=-13.05, remainder_fraction=9.6194%, Lmin=-5.39, Lmax=-4.88
19:40:02 [ultranest] [DEBUG] iteration=4031, ncalls=66859, regioncalls=4802240, ndraw=40, logz=-13.05, remainder_fraction=9.5973%, Lmin=-5.39, Lmax=-4.88
19:40:03 [ultranest] [DEBUG] iteration=4032, ncalls=66888, regioncalls=4803400, ndraw=40, logz=-13.05, remainder_fraction=9.5778%, Lmin=-5.39, Lmax=-4.88
19:40:05 [ultranest] [DEBUG] iteration=4034, ncalls=66915, regioncalls=4804480, ndraw=40, logz=-13.05, remainder_fraction=9.5421%, Lmin=-5.39, Lmax=-4.88
19:40:05 [ultranest] [DEBUG] iteration=4035, ncalls=66920, regioncalls=4804680, ndraw=40, logz=-13.05, remainder_fraction=9.5193%, Lmin=-5.38, Lmax=-4.88
19:40:06 [ultranest] [DEBUG] iteration=4036, ncalls=66953, regioncalls=4806000, ndraw=40, logz=-13.05, remainder_fraction=9.5007%, Lmin=-5.38, Lmax=-4.88
19:40:07 [ultranest] [DEBUG] iteration=4037, ncalls=66956, regioncalls=4806120, ndraw=40, logz=-13.05, remainder_fraction=9.4781%, Lmin=-5.38, Lmax=-4.88
19:40:08 [ultranest] [DEBUG] iteration=4038, ncalls=66975, regioncalls=4806880, ndraw=40, logz=-13.05, remainder_fraction=9.4548%, Lmin=-5.38, Lmax=-4.88
19:40:09 [ultranest] [DEBUG] iteration=4039, ncalls=66998, regioncalls=4807800, ndraw=40, logz=-13.05, remainder_fraction=9.4323%, Lmin=-5.38, Lmax=-4.88
19:40:11 [ultranest] [DEBUG] iteration=4040, ncalls=67043, regioncalls=4809600, ndraw=40, logz=-13.05, remainder_fraction=9.4118%, Lmin=-5.38, Lmax=-4.88
19:40:11 [ultranest] [DEBUG] iteration=4041, ncalls=67053, regioncalls=4810000, ndraw=40, logz=-13.05, remainder_fraction=9.3940%, Lmin=-5.38, Lmax=-4.88
19:40:13 [ultranest] [DEBUG] iteration=4043, ncalls=67098, regioncalls=4811800, ndraw=40, logz=-13.05, remainder_fraction=9.3514%, Lmin=-5.38, Lmax=-4.88
19:40:14 [ultranest] [DEBUG] iteration=4044, ncalls=67103, regioncalls=4812000, ndraw=40, logz=-13.05, remainder_fraction=9.3313%, Lmin=-5.38, Lmax=-4.88
19:40:14 [ultranest] [DEBUG] iteration=4045, ncalls=67111, regioncalls=4812320, ndraw=40, logz=-13.05, remainder_fraction=9.3108%, Lmin=-5.38, Lmax=-4.88
19:40:15 [ultranest] [DEBUG] iteration=4046, ncalls=67127, regioncalls=4812960, ndraw=40, logz=-13.05, remainder_fraction=9.2900%, Lmin=-5.38, Lmax=-4.88
19:40:15 [ultranest] [DEBUG] iteration=4047, ncalls=67138, regioncalls=4813400, ndraw=40, logz=-13.05, remainder_fraction=9.2689%, Lmin=-5.38, Lmax=-4.88
19:40:15 [ultranest] [DEBUG] iteration=4048, ncalls=67143, regioncalls=4813600, ndraw=40, logz=-13.05, remainder_fraction=9.2504%, Lmin=-5.38, Lmax=-4.88
19:40:16 [ultranest] [DEBUG] iteration=4049, ncalls=67147, regioncalls=4813760, ndraw=40, logz=-13.05, remainder_fraction=9.2309%, Lmin=-5.38, Lmax=-4.88
19:40:16 [ultranest] [DEBUG] iteration=4050, ncalls=67152, regioncalls=4813960, ndraw=40, logz=-13.04, remainder_fraction=9.2144%, Lmin=-5.38, Lmax=-4.88
19:40:16 [ultranest] [DEBUG] iteration=4051, ncalls=67155, regioncalls=4814080, ndraw=40, logz=-13.04, remainder_fraction=9.1927%, Lmin=-5.38, Lmax=-4.88
19:40:17 [ultranest] [DEBUG] iteration=4052, ncalls=67177, regioncalls=4814960, ndraw=40, logz=-13.04, remainder_fraction=9.1753%, Lmin=-5.38, Lmax=-4.88
19:40:17 [ultranest] [DEBUG] iteration=4053, ncalls=67181, regioncalls=4815120, ndraw=40, logz=-13.04, remainder_fraction=9.1570%, Lmin=-5.38, Lmax=-4.88
19:40:19 [ultranest] [DEBUG] iteration=4054, ncalls=67217, regioncalls=4816560, ndraw=40, logz=-13.04, remainder_fraction=9.1365%, Lmin=-5.38, Lmax=-4.88
19:40:19 [ultranest] [DEBUG] iteration=4056, ncalls=67222, regioncalls=4816760, ndraw=40, logz=-13.04, remainder_fraction=9.0960%, Lmin=-5.38, Lmax=-4.88
19:40:20 [ultranest] [DEBUG] iteration=4057, ncalls=67241, regioncalls=4817520, ndraw=40, logz=-13.04, remainder_fraction=9.0778%, Lmin=-5.37, Lmax=-4.88
19:40:21 [ultranest] [DEBUG] iteration=4058, ncalls=67253, regioncalls=4818000, ndraw=40, logz=-13.04, remainder_fraction=9.0558%, Lmin=-5.37, Lmax=-4.88
19:40:21 [ultranest] [DEBUG] iteration=4059, ncalls=67268, regioncalls=4818680, ndraw=40, logz=-13.04, remainder_fraction=9.0358%, Lmin=-5.37, Lmax=-4.88
19:40:22 [ultranest] [DEBUG] iteration=4060, ncalls=67274, regioncalls=4818920, ndraw=40, logz=-13.04, remainder_fraction=9.0155%, Lmin=-5.37, Lmax=-4.88
19:40:22 [ultranest] [DEBUG] iteration=4061, ncalls=67286, regioncalls=4819400, ndraw=40, logz=-13.04, remainder_fraction=8.9972%, Lmin=-5.37, Lmax=-4.88
19:40:23 [ultranest] [DEBUG] iteration=4062, ncalls=67303, regioncalls=4820080, ndraw=40, logz=-13.04, remainder_fraction=8.9761%, Lmin=-5.37, Lmax=-4.88
19:40:24 [ultranest] [DEBUG] iteration=4063, ncalls=67327, regioncalls=4821080, ndraw=40, logz=-13.04, remainder_fraction=8.9573%, Lmin=-5.37, Lmax=-4.88
19:40:25 [ultranest] [DEBUG] iteration=4064, ncalls=67332, regioncalls=4821320, ndraw=40, logz=-13.04, remainder_fraction=8.9357%, Lmin=-5.37, Lmax=-4.88
19:40:25 [ultranest] [DEBUG] iteration=4066, ncalls=67335, regioncalls=4821440, ndraw=40, logz=-13.04, remainder_fraction=8.8944%, Lmin=-5.37, Lmax=-4.88
19:40:26 [ultranest] [DEBUG] iteration=4067, ncalls=67352, regioncalls=4822120, ndraw=40, logz=-13.04, remainder_fraction=8.8771%, Lmin=-5.37, Lmax=-4.88
19:40:26 [ultranest] [DEBUG] iteration=4069, ncalls=67364, regioncalls=4822600, ndraw=40, logz=-13.04, remainder_fraction=8.8353%, Lmin=-5.37, Lmax=-4.88
19:40:26 [ultranest] [DEBUG] iteration=4070, ncalls=67370, regioncalls=4822840, ndraw=40, logz=-13.04, remainder_fraction=8.8138%, Lmin=-5.37, Lmax=-4.88
19:40:27 [ultranest] [DEBUG] iteration=4072, ncalls=67375, regioncalls=4823040, ndraw=40, logz=-13.04, remainder_fraction=8.7766%, Lmin=-5.37, Lmax=-4.88
19:40:27 [ultranest] [DEBUG] iteration=4073, ncalls=67385, regioncalls=4823440, ndraw=40, logz=-13.04, remainder_fraction=8.7569%, Lmin=-5.37, Lmax=-4.88
19:40:28 [ultranest] [DEBUG] iteration=4074, ncalls=67395, regioncalls=4823840, ndraw=40, logz=-13.04, remainder_fraction=8.7390%, Lmin=-5.37, Lmax=-4.88
19:40:28 [ultranest] [DEBUG] iteration=4075, ncalls=67403, regioncalls=4824160, ndraw=40, logz=-13.04, remainder_fraction=8.7241%, Lmin=-5.37, Lmax=-4.88
19:40:29 [ultranest] [DEBUG] iteration=4076, ncalls=67417, regioncalls=4824720, ndraw=40, logz=-13.04, remainder_fraction=8.7049%, Lmin=-5.37, Lmax=-4.88
19:40:29 [ultranest] [DEBUG] iteration=4077, ncalls=67425, regioncalls=4825040, ndraw=40, logz=-13.04, remainder_fraction=8.6840%, Lmin=-5.37, Lmax=-4.88
19:40:29 [ultranest] [DEBUG] iteration=4078, ncalls=67429, regioncalls=4825200, ndraw=40, logz=-13.04, remainder_fraction=8.6649%, Lmin=-5.37, Lmax=-4.88
19:40:31 [ultranest] [DEBUG] iteration=4079, ncalls=67470, regioncalls=4826840, ndraw=40, logz=-13.04, remainder_fraction=8.6440%, Lmin=-5.37, Lmax=-4.88
19:40:31 [ultranest] [DEBUG] iteration=4080, ncalls=67475, regioncalls=4827040, ndraw=40, logz=-13.04, remainder_fraction=8.6232%, Lmin=-5.37, Lmax=-4.88
19:40:32 [ultranest] [DEBUG] iteration=4081, ncalls=67478, regioncalls=4827160, ndraw=40, logz=-13.04, remainder_fraction=8.6029%, Lmin=-5.36, Lmax=-4.88
19:40:33 [ultranest] [DEBUG] iteration=4082, ncalls=67503, regioncalls=4828160, ndraw=40, logz=-13.04, remainder_fraction=8.5881%, Lmin=-5.36, Lmax=-4.88
19:40:33 [ultranest] [DEBUG] iteration=4083, ncalls=67505, regioncalls=4828240, ndraw=40, logz=-13.04, remainder_fraction=8.5738%, Lmin=-5.36, Lmax=-4.88
19:40:33 [ultranest] [DEBUG] iteration=4084, ncalls=67515, regioncalls=4828640, ndraw=40, logz=-13.04, remainder_fraction=8.5536%, Lmin=-5.36, Lmax=-4.88
19:40:34 [ultranest] [DEBUG] iteration=4085, ncalls=67522, regioncalls=4828920, ndraw=40, logz=-13.04, remainder_fraction=8.5345%, Lmin=-5.36, Lmax=-4.88
19:40:34 [ultranest] [DEBUG] iteration=4086, ncalls=67527, regioncalls=4829120, ndraw=40, logz=-13.04, remainder_fraction=8.5195%, Lmin=-5.36, Lmax=-4.88
19:40:34 [ultranest] [DEBUG] iteration=4088, ncalls=67530, regioncalls=4829240, ndraw=40, logz=-13.04, remainder_fraction=8.4782%, Lmin=-5.36, Lmax=-4.88
19:40:34 [ultranest] [DEBUG] iteration=4089, ncalls=67534, regioncalls=4829400, ndraw=40, logz=-13.04, remainder_fraction=8.4594%, Lmin=-5.36, Lmax=-4.88
19:40:35 [ultranest] [DEBUG] iteration=4090, ncalls=67541, regioncalls=4829680, ndraw=40, logz=-13.04, remainder_fraction=8.4392%, Lmin=-5.36, Lmax=-4.88
19:40:35 [ultranest] [DEBUG] iteration=4091, ncalls=67554, regioncalls=4830200, ndraw=40, logz=-13.04, remainder_fraction=8.4213%, Lmin=-5.36, Lmax=-4.88
19:40:37 [ultranest] [DEBUG] iteration=4092, ncalls=67600, regioncalls=4832040, ndraw=40, logz=-13.04, remainder_fraction=8.4045%, Lmin=-5.36, Lmax=-4.88
19:40:38 [ultranest] [DEBUG] iteration=4094, ncalls=67605, regioncalls=4832240, ndraw=40, logz=-13.04, remainder_fraction=8.3718%, Lmin=-5.36, Lmax=-4.88
19:40:38 [ultranest] [DEBUG] iteration=4095, ncalls=67617, regioncalls=4832720, ndraw=40, logz=-13.04, remainder_fraction=8.3564%, Lmin=-5.36, Lmax=-4.88
19:40:38 [ultranest] [DEBUG] iteration=4096, ncalls=67622, regioncalls=4832920, ndraw=40, logz=-13.04, remainder_fraction=8.3371%, Lmin=-5.36, Lmax=-4.88
19:40:39 [ultranest] [DEBUG] iteration=4098, ncalls=67636, regioncalls=4833480, ndraw=40, logz=-13.03, remainder_fraction=8.3013%, Lmin=-5.36, Lmax=-4.88
19:40:39 [ultranest] [DEBUG] iteration=4099, ncalls=67640, regioncalls=4833640, ndraw=40, logz=-13.03, remainder_fraction=8.2820%, Lmin=-5.36, Lmax=-4.88
19:40:40 [ultranest] [DEBUG] iteration=4100, ncalls=67652, regioncalls=4834120, ndraw=40, logz=-13.03, remainder_fraction=8.2661%, Lmin=-5.36, Lmax=-4.88
19:40:40 [ultranest] [DEBUG] iteration=4101, ncalls=67657, regioncalls=4834320, ndraw=40, logz=-13.03, remainder_fraction=8.2474%, Lmin=-5.36, Lmax=-4.88
19:40:41 [ultranest] [DEBUG] iteration=4102, ncalls=67667, regioncalls=4834720, ndraw=40, logz=-13.03, remainder_fraction=8.2276%, Lmin=-5.35, Lmax=-4.88
19:40:41 [ultranest] [DEBUG] iteration=4103, ncalls=67673, regioncalls=4834960, ndraw=40, logz=-13.03, remainder_fraction=8.2076%, Lmin=-5.35, Lmax=-4.88
19:40:43 [ultranest] [DEBUG] iteration=4104, ncalls=67707, regioncalls=4836640, ndraw=40, logz=-13.03, remainder_fraction=8.1897%, Lmin=-5.35, Lmax=-4.88
19:40:43 [ultranest] [DEBUG] iteration=4105, ncalls=67722, regioncalls=4837520, ndraw=40, logz=-13.03, remainder_fraction=8.1709%, Lmin=-5.35, Lmax=-4.88
19:40:44 [ultranest] [DEBUG] iteration=4107, ncalls=67736, regioncalls=4838080, ndraw=40, logz=-13.03, remainder_fraction=8.1359%, Lmin=-5.35, Lmax=-4.88
19:40:44 [ultranest] [DEBUG] iteration=4108, ncalls=67744, regioncalls=4838520, ndraw=40, logz=-13.03, remainder_fraction=8.1161%, Lmin=-5.35, Lmax=-4.88
19:40:45 [ultranest] [DEBUG] iteration=4109, ncalls=67751, regioncalls=4838800, ndraw=40, logz=-13.03, remainder_fraction=8.0986%, Lmin=-5.35, Lmax=-4.88
19:40:45 [ultranest] [DEBUG] iteration=4110, ncalls=67755, regioncalls=4838960, ndraw=40, logz=-13.03, remainder_fraction=8.0795%, Lmin=-5.35, Lmax=-4.88
19:40:46 [ultranest] [DEBUG] iteration=4111, ncalls=67774, regioncalls=4839720, ndraw=40, logz=-13.03, remainder_fraction=8.0665%, Lmin=-5.35, Lmax=-4.88
19:40:46 [ultranest] [DEBUG] iteration=4112, ncalls=67781, regioncalls=4840000, ndraw=40, logz=-13.03, remainder_fraction=8.0474%, Lmin=-5.35, Lmax=-4.88
19:40:46 [ultranest] [DEBUG] iteration=4114, ncalls=67787, regioncalls=4840240, ndraw=40, logz=-13.03, remainder_fraction=8.0160%, Lmin=-5.35, Lmax=-4.88
19:40:49 [ultranest] [DEBUG] iteration=4115, ncalls=67837, regioncalls=4842240, ndraw=40, logz=-13.03, remainder_fraction=7.9985%, Lmin=-5.35, Lmax=-4.88
19:40:49 [ultranest] [DEBUG] iteration=4116, ncalls=67846, regioncalls=4842600, ndraw=40, logz=-13.03, remainder_fraction=7.9798%, Lmin=-5.35, Lmax=-4.88
19:40:51 [ultranest] [DEBUG] iteration=4117, ncalls=67879, regioncalls=4843920, ndraw=40, logz=-13.03, remainder_fraction=7.9607%, Lmin=-5.35, Lmax=-4.88
19:40:51 [ultranest] [DEBUG] iteration=4118, ncalls=67883, regioncalls=4844080, ndraw=40, logz=-13.03, remainder_fraction=7.9495%, Lmin=-5.35, Lmax=-4.88
19:40:51 [ultranest] [DEBUG] iteration=4119, ncalls=67886, regioncalls=4844200, ndraw=40, logz=-13.03, remainder_fraction=7.9343%, Lmin=-5.35, Lmax=-4.88
19:40:51 [ultranest] [DEBUG] iteration=4120, ncalls=67890, regioncalls=4844360, ndraw=40, logz=-13.03, remainder_fraction=7.9162%, Lmin=-5.34, Lmax=-4.88
19:40:51 [ultranest] [DEBUG] iteration=4121, ncalls=67897, regioncalls=4844640, ndraw=40, logz=-13.03, remainder_fraction=7.8970%, Lmin=-5.34, Lmax=-4.88
19:40:52 [ultranest] [DEBUG] iteration=4122, ncalls=67907, regioncalls=4845040, ndraw=40, logz=-13.03, remainder_fraction=7.8814%, Lmin=-5.34, Lmax=-4.88
19:40:54 [ultranest] [DEBUG] iteration=4123, ncalls=67954, regioncalls=4846920, ndraw=40, logz=-13.03, remainder_fraction=7.8648%, Lmin=-5.34, Lmax=-4.88
19:40:55 [ultranest] [DEBUG] iteration=4125, ncalls=67967, regioncalls=4847440, ndraw=40, logz=-13.03, remainder_fraction=7.8268%, Lmin=-5.34, Lmax=-4.88
19:40:55 [ultranest] [DEBUG] iteration=4126, ncalls=67972, regioncalls=4847640, ndraw=40, logz=-13.03, remainder_fraction=7.8086%, Lmin=-5.34, Lmax=-4.88
19:40:56 [ultranest] [DEBUG] iteration=4127, ncalls=67985, regioncalls=4848160, ndraw=40, logz=-13.03, remainder_fraction=7.7922%, Lmin=-5.34, Lmax=-4.88
19:40:56 [ultranest] [DEBUG] iteration=4128, ncalls=67993, regioncalls=4848480, ndraw=40, logz=-13.03, remainder_fraction=7.7765%, Lmin=-5.34, Lmax=-4.88
19:40:57 [ultranest] [DEBUG] iteration=4129, ncalls=68011, regioncalls=4849200, ndraw=40, logz=-13.03, remainder_fraction=7.7626%, Lmin=-5.34, Lmax=-4.88
19:40:58 [ultranest] [DEBUG] iteration=4130, ncalls=68034, regioncalls=4850120, ndraw=40, logz=-13.03, remainder_fraction=7.7473%, Lmin=-5.34, Lmax=-4.88
19:40:58 [ultranest] [DEBUG] iteration=4132, ncalls=68044, regioncalls=4850520, ndraw=40, logz=-13.03, remainder_fraction=7.7191%, Lmin=-5.34, Lmax=-4.88
19:40:59 [ultranest] [DEBUG] iteration=4133, ncalls=68051, regioncalls=4850800, ndraw=40, logz=-13.03, remainder_fraction=7.7004%, Lmin=-5.34, Lmax=-4.88
19:41:00 [ultranest] [DEBUG] iteration=4135, ncalls=68078, regioncalls=4851880, ndraw=40, logz=-13.03, remainder_fraction=7.6673%, Lmin=-5.34, Lmax=-4.88
19:41:00 [ultranest] [DEBUG] iteration=4136, ncalls=68087, regioncalls=4852240, ndraw=40, logz=-13.03, remainder_fraction=7.6507%, Lmin=-5.34, Lmax=-4.88
19:41:00 [ultranest] [DEBUG] iteration=4137, ncalls=68090, regioncalls=4852360, ndraw=40, logz=-13.03, remainder_fraction=7.6345%, Lmin=-5.34, Lmax=-4.88
19:41:01 [ultranest] [DEBUG] iteration=4138, ncalls=68094, regioncalls=4852520, ndraw=40, logz=-13.03, remainder_fraction=7.6216%, Lmin=-5.34, Lmax=-4.88
19:41:01 [ultranest] [DEBUG] iteration=4139, ncalls=68103, regioncalls=4852880, ndraw=40, logz=-13.03, remainder_fraction=7.6038%, Lmin=-5.34, Lmax=-4.88
19:41:03 [ultranest] [DEBUG] iteration=4141, ncalls=68150, regioncalls=4854760, ndraw=40, logz=-13.03, remainder_fraction=7.5762%, Lmin=-5.34, Lmax=-4.88
19:41:04 [ultranest] [DEBUG] iteration=4143, ncalls=68165, regioncalls=4855360, ndraw=40, logz=-13.03, remainder_fraction=7.5456%, Lmin=-5.33, Lmax=-4.88
19:41:04 [ultranest] [DEBUG] iteration=4144, ncalls=68168, regioncalls=4855480, ndraw=40, logz=-13.03, remainder_fraction=7.5282%, Lmin=-5.33, Lmax=-4.88
19:41:04 [ultranest] [DEBUG] iteration=4145, ncalls=68171, regioncalls=4855600, ndraw=40, logz=-13.03, remainder_fraction=7.5125%, Lmin=-5.33, Lmax=-4.88
19:41:05 [ultranest] [DEBUG] iteration=4146, ncalls=68180, regioncalls=4855960, ndraw=40, logz=-13.03, remainder_fraction=7.4962%, Lmin=-5.33, Lmax=-4.88
19:41:06 [ultranest] [DEBUG] iteration=4147, ncalls=68196, regioncalls=4856600, ndraw=40, logz=-13.03, remainder_fraction=7.4792%, Lmin=-5.33, Lmax=-4.88
19:41:06 [ultranest] [DEBUG] iteration=4148, ncalls=68203, regioncalls=4856880, ndraw=40, logz=-13.03, remainder_fraction=7.4614%, Lmin=-5.33, Lmax=-4.88
19:41:06 [ultranest] [DEBUG] iteration=4149, ncalls=68214, regioncalls=4857320, ndraw=40, logz=-13.03, remainder_fraction=7.4429%, Lmin=-5.33, Lmax=-4.88
19:41:07 [ultranest] [DEBUG] iteration=4150, ncalls=68226, regioncalls=4857800, ndraw=40, logz=-13.03, remainder_fraction=7.4247%, Lmin=-5.33, Lmax=-4.88
19:41:07 [ultranest] [DEBUG] iteration=4151, ncalls=68228, regioncalls=4857880, ndraw=40, logz=-13.02, remainder_fraction=7.4086%, Lmin=-5.33, Lmax=-4.88
19:41:07 [ultranest] [DEBUG] iteration=4152, ncalls=68232, regioncalls=4858040, ndraw=40, logz=-13.02, remainder_fraction=7.3907%, Lmin=-5.33, Lmax=-4.88
19:41:08 [ultranest] [DEBUG] iteration=4153, ncalls=68242, regioncalls=4858440, ndraw=40, logz=-13.02, remainder_fraction=7.3735%, Lmin=-5.33, Lmax=-4.88
19:41:08 [ultranest] [DEBUG] iteration=4154, ncalls=68247, regioncalls=4858760, ndraw=40, logz=-13.02, remainder_fraction=7.3566%, Lmin=-5.33, Lmax=-4.88
19:41:09 [ultranest] [DEBUG] iteration=4156, ncalls=68254, regioncalls=4859040, ndraw=40, logz=-13.02, remainder_fraction=7.3240%, Lmin=-5.33, Lmax=-4.88
19:41:09 [ultranest] [DEBUG] iteration=4157, ncalls=68260, regioncalls=4859280, ndraw=40, logz=-13.02, remainder_fraction=7.3060%, Lmin=-5.33, Lmax=-4.88
19:41:10 [ultranest] [DEBUG] iteration=4158, ncalls=68280, regioncalls=4860080, ndraw=40, logz=-13.02, remainder_fraction=7.2890%, Lmin=-5.33, Lmax=-4.88
19:41:10 [ultranest] [DEBUG] iteration=4159, ncalls=68285, regioncalls=4860280, ndraw=40, logz=-13.02, remainder_fraction=7.2744%, Lmin=-5.33, Lmax=-4.88
19:41:11 [ultranest] [DEBUG] iteration=4160, ncalls=68299, regioncalls=4860840, ndraw=40, logz=-13.02, remainder_fraction=7.2579%, Lmin=-5.33, Lmax=-4.88
19:41:11 [ultranest] [DEBUG] iteration=4162, ncalls=68307, regioncalls=4861160, ndraw=40, logz=-13.02, remainder_fraction=7.2252%, Lmin=-5.33, Lmax=-4.88
19:41:12 [ultranest] [DEBUG] iteration=4163, ncalls=68317, regioncalls=4861560, ndraw=40, logz=-13.02, remainder_fraction=7.2078%, Lmin=-5.33, Lmax=-4.88
19:41:12 [ultranest] [DEBUG] iteration=4164, ncalls=68319, regioncalls=4861640, ndraw=40, logz=-13.02, remainder_fraction=7.1916%, Lmin=-5.33, Lmax=-4.88
19:41:12 [ultranest] [DEBUG] iteration=4165, ncalls=68325, regioncalls=4861880, ndraw=40, logz=-13.02, remainder_fraction=7.1740%, Lmin=-5.33, Lmax=-4.88
19:41:12 [ultranest] [DEBUG] iteration=4166, ncalls=68333, regioncalls=4862200, ndraw=40, logz=-13.02, remainder_fraction=7.1564%, Lmin=-5.33, Lmax=-4.88
19:41:13 [ultranest] [DEBUG] iteration=4167, ncalls=68342, regioncalls=4862560, ndraw=40, logz=-13.02, remainder_fraction=7.1416%, Lmin=-5.33, Lmax=-4.88
19:41:13 [ultranest] [DEBUG] iteration=4168, ncalls=68351, regioncalls=4862920, ndraw=40, logz=-13.02, remainder_fraction=7.1248%, Lmin=-5.33, Lmax=-4.88
19:41:14 [ultranest] [DEBUG] iteration=4169, ncalls=68356, regioncalls=4863120, ndraw=40, logz=-13.02, remainder_fraction=7.1100%, Lmin=-5.33, Lmax=-4.88
19:41:14 [ultranest] [DEBUG] iteration=4170, ncalls=68375, regioncalls=4863880, ndraw=40, logz=-13.02, remainder_fraction=7.0962%, Lmin=-5.33, Lmax=-4.88
19:41:15 [ultranest] [DEBUG] iteration=4171, ncalls=68395, regioncalls=4864680, ndraw=40, logz=-13.02, remainder_fraction=7.0809%, Lmin=-5.33, Lmax=-4.88
19:41:15 [ultranest] [DEBUG] iteration=4172, ncalls=68397, regioncalls=4864760, ndraw=40, logz=-13.02, remainder_fraction=7.0667%, Lmin=-5.32, Lmax=-4.88
19:41:16 [ultranest] [DEBUG] iteration=4173, ncalls=68400, regioncalls=4864880, ndraw=40, logz=-13.02, remainder_fraction=7.0501%, Lmin=-5.32, Lmax=-4.88
19:41:16 [ultranest] [DEBUG] iteration=4174, ncalls=68409, regioncalls=4865240, ndraw=40, logz=-13.02, remainder_fraction=7.0331%, Lmin=-5.32, Lmax=-4.88
19:41:17 [ultranest] [DEBUG] iteration=4175, ncalls=68433, regioncalls=4866200, ndraw=40, logz=-13.02, remainder_fraction=7.0160%, Lmin=-5.32, Lmax=-4.88
19:41:17 [ultranest] [DEBUG] iteration=4176, ncalls=68436, regioncalls=4866320, ndraw=40, logz=-13.02, remainder_fraction=7.0013%, Lmin=-5.32, Lmax=-4.88
19:41:18 [ultranest] [DEBUG] iteration=4177, ncalls=68454, regioncalls=4867040, ndraw=40, logz=-13.02, remainder_fraction=6.9843%, Lmin=-5.32, Lmax=-4.88
19:41:19 [ultranest] [DEBUG] iteration=4179, ncalls=68469, regioncalls=4867640, ndraw=40, logz=-13.02, remainder_fraction=6.9550%, Lmin=-5.32, Lmax=-4.88
19:41:19 [ultranest] [DEBUG] iteration=4181, ncalls=68473, regioncalls=4867800, ndraw=40, logz=-13.02, remainder_fraction=6.9251%, Lmin=-5.32, Lmax=-4.88
19:41:20 [ultranest] [DEBUG] iteration=4182, ncalls=68490, regioncalls=4868480, ndraw=40, logz=-13.02, remainder_fraction=6.9081%, Lmin=-5.32, Lmax=-4.88
19:41:20 [ultranest] [DEBUG] iteration=4184, ncalls=68495, regioncalls=4868680, ndraw=40, logz=-13.02, remainder_fraction=6.8763%, Lmin=-5.32, Lmax=-4.88
19:41:20 [ultranest] [DEBUG] iteration=4185, ncalls=68498, regioncalls=4868800, ndraw=40, logz=-13.02, remainder_fraction=6.8604%, Lmin=-5.32, Lmax=-4.88
19:41:21 [ultranest] [DEBUG] iteration=4186, ncalls=68518, regioncalls=4869600, ndraw=40, logz=-13.02, remainder_fraction=6.8482%, Lmin=-5.32, Lmax=-4.88
19:41:21 [ultranest] [DEBUG] iteration=4188, ncalls=68521, regioncalls=4869720, ndraw=40, logz=-13.02, remainder_fraction=6.8177%, Lmin=-5.32, Lmax=-4.88
19:41:22 [ultranest] [DEBUG] iteration=4189, ncalls=68543, regioncalls=4870600, ndraw=40, logz=-13.02, remainder_fraction=6.8011%, Lmin=-5.32, Lmax=-4.88
19:41:23 [ultranest] [DEBUG] iteration=4190, ncalls=68552, regioncalls=4870960, ndraw=40, logz=-13.02, remainder_fraction=6.7872%, Lmin=-5.32, Lmax=-4.88
19:41:23 [ultranest] [DEBUG] iteration=4191, ncalls=68555, regioncalls=4871080, ndraw=40, logz=-13.02, remainder_fraction=6.7772%, Lmin=-5.32, Lmax=-4.88
19:41:23 [ultranest] [DEBUG] iteration=4192, ncalls=68563, regioncalls=4871400, ndraw=40, logz=-13.02, remainder_fraction=6.7630%, Lmin=-5.31, Lmax=-4.88
19:41:24 [ultranest] [DEBUG] iteration=4193, ncalls=68571, regioncalls=4871720, ndraw=40, logz=-13.02, remainder_fraction=6.7474%, Lmin=-5.31, Lmax=-4.88
19:41:25 [ultranest] [DEBUG] iteration=4194, ncalls=68597, regioncalls=4872760, ndraw=40, logz=-13.02, remainder_fraction=6.7308%, Lmin=-5.31, Lmax=-4.88
19:41:25 [ultranest] [DEBUG] iteration=4195, ncalls=68603, regioncalls=4873000, ndraw=40, logz=-13.02, remainder_fraction=6.7171%, Lmin=-5.31, Lmax=-4.88
19:41:26 [ultranest] [DEBUG] iteration=4197, ncalls=68607, regioncalls=4873160, ndraw=40, logz=-13.02, remainder_fraction=6.6845%, Lmin=-5.31, Lmax=-4.88
19:41:26 [ultranest] [DEBUG] iteration=4198, ncalls=68612, regioncalls=4873360, ndraw=40, logz=-13.02, remainder_fraction=6.6700%, Lmin=-5.31, Lmax=-4.88
19:41:26 [ultranest] [DEBUG] iteration=4200, ncalls=68615, regioncalls=4873480, ndraw=40, logz=-13.02, remainder_fraction=6.6387%, Lmin=-5.31, Lmax=-4.88
19:41:26 [ultranest] [DEBUG] iteration=4201, ncalls=68618, regioncalls=4873600, ndraw=40, logz=-13.02, remainder_fraction=6.6234%, Lmin=-5.31, Lmax=-4.88
19:41:26 [ultranest] [DEBUG] iteration=4202, ncalls=68620, regioncalls=4873680, ndraw=40, logz=-13.02, remainder_fraction=6.6082%, Lmin=-5.31, Lmax=-4.88
19:41:28 [ultranest] [DEBUG] iteration=4203, ncalls=68653, regioncalls=4875000, ndraw=40, logz=-13.02, remainder_fraction=6.5928%, Lmin=-5.31, Lmax=-4.88
19:41:29 [ultranest] [DEBUG] iteration=4204, ncalls=68674, regioncalls=4875920, ndraw=40, logz=-13.02, remainder_fraction=6.5772%, Lmin=-5.31, Lmax=-4.88
19:41:29 [ultranest] [DEBUG] iteration=4205, ncalls=68681, regioncalls=4876360, ndraw=40, logz=-13.02, remainder_fraction=6.5618%, Lmin=-5.31, Lmax=-4.88
19:41:30 [ultranest] [DEBUG] iteration=4206, ncalls=68708, regioncalls=4877440, ndraw=40, logz=-13.02, remainder_fraction=6.5467%, Lmin=-5.31, Lmax=-4.88
19:41:31 [ultranest] [DEBUG] iteration=4208, ncalls=68715, regioncalls=4877720, ndraw=40, logz=-13.02, remainder_fraction=6.5152%, Lmin=-5.31, Lmax=-4.88
19:41:31 [ultranest] [DEBUG] iteration=4209, ncalls=68724, regioncalls=4878080, ndraw=40, logz=-13.02, remainder_fraction=6.5004%, Lmin=-5.31, Lmax=-4.88
19:41:32 [ultranest] [DEBUG] iteration=4210, ncalls=68736, regioncalls=4878560, ndraw=40, logz=-13.02, remainder_fraction=6.4847%, Lmin=-5.31, Lmax=-4.88
19:41:32 [ultranest] [DEBUG] iteration=4211, ncalls=68742, regioncalls=4878800, ndraw=40, logz=-13.02, remainder_fraction=6.4698%, Lmin=-5.31, Lmax=-4.88
19:41:32 [ultranest] [DEBUG] iteration=4212, ncalls=68751, regioncalls=4879160, ndraw=40, logz=-13.01, remainder_fraction=6.4562%, Lmin=-5.31, Lmax=-4.88
19:41:33 [ultranest] [DEBUG] iteration=4214, ncalls=68777, regioncalls=4880200, ndraw=40, logz=-13.01, remainder_fraction=6.4254%, Lmin=-5.31, Lmax=-4.88
19:41:34 [ultranest] [DEBUG] iteration=4215, ncalls=68781, regioncalls=4880360, ndraw=40, logz=-13.01, remainder_fraction=6.4115%, Lmin=-5.31, Lmax=-4.88
19:41:35 [ultranest] [DEBUG] iteration=4216, ncalls=68807, regioncalls=4881400, ndraw=40, logz=-13.01, remainder_fraction=6.3999%, Lmin=-5.31, Lmax=-4.88
19:41:36 [ultranest] [DEBUG] iteration=4217, ncalls=68823, regioncalls=4882040, ndraw=40, logz=-13.01, remainder_fraction=6.3854%, Lmin=-5.31, Lmax=-4.88
19:41:36 [ultranest] [DEBUG] iteration=4218, ncalls=68828, regioncalls=4882240, ndraw=40, logz=-13.01, remainder_fraction=6.3712%, Lmin=-5.31, Lmax=-4.88
19:41:36 [ultranest] [DEBUG] iteration=4219, ncalls=68837, regioncalls=4882600, ndraw=40, logz=-13.01, remainder_fraction=6.3576%, Lmin=-5.31, Lmax=-4.88
19:41:37 [ultranest] [DEBUG] iteration=4220, ncalls=68859, regioncalls=4883480, ndraw=40, logz=-13.01, remainder_fraction=6.3429%, Lmin=-5.31, Lmax=-4.88
19:41:38 [ultranest] [DEBUG] iteration=4221, ncalls=68875, regioncalls=4884120, ndraw=40, logz=-13.01, remainder_fraction=6.3279%, Lmin=-5.31, Lmax=-4.88
19:41:39 [ultranest] [DEBUG] iteration=4222, ncalls=68887, regioncalls=4884600, ndraw=40, logz=-13.01, remainder_fraction=6.3138%, Lmin=-5.30, Lmax=-4.88
19:41:40 [ultranest] [DEBUG] iteration=4223, ncalls=68908, regioncalls=4885440, ndraw=40, logz=-13.01, remainder_fraction=6.2985%, Lmin=-5.30, Lmax=-4.88
19:41:40 [ultranest] [DEBUG] iteration=4224, ncalls=68920, regioncalls=4885920, ndraw=40, logz=-13.01, remainder_fraction=6.2830%, Lmin=-5.30, Lmax=-4.88
19:41:41 [ultranest] [DEBUG] iteration=4225, ncalls=68938, regioncalls=4886640, ndraw=40, logz=-13.01, remainder_fraction=6.2678%, Lmin=-5.30, Lmax=-4.88
19:41:42 [ultranest] [DEBUG] iteration=4226, ncalls=68965, regioncalls=4887720, ndraw=40, logz=-13.01, remainder_fraction=6.2583%, Lmin=-5.30, Lmax=-4.88
19:41:43 [ultranest] [DEBUG] iteration=4228, ncalls=68969, regioncalls=4887880, ndraw=40, logz=-13.01, remainder_fraction=6.2339%, Lmin=-5.30, Lmax=-4.88
19:41:43 [ultranest] [DEBUG] iteration=4230, ncalls=68977, regioncalls=4888200, ndraw=40, logz=-13.01, remainder_fraction=6.2077%, Lmin=-5.30, Lmax=-4.88
19:41:44 [ultranest] [DEBUG] iteration=4231, ncalls=68998, regioncalls=4889040, ndraw=40, logz=-13.01, remainder_fraction=6.1941%, Lmin=-5.30, Lmax=-4.88
19:41:44 [ultranest] [DEBUG] iteration=4232, ncalls=69005, regioncalls=4889320, ndraw=40, logz=-13.01, remainder_fraction=6.1788%, Lmin=-5.30, Lmax=-4.88
19:41:44 [ultranest] [DEBUG] iteration=4233, ncalls=69008, regioncalls=4889440, ndraw=40, logz=-13.01, remainder_fraction=6.1666%, Lmin=-5.30, Lmax=-4.88
19:41:45 [ultranest] [DEBUG] iteration=4235, ncalls=69015, regioncalls=4889720, ndraw=40, logz=-13.01, remainder_fraction=6.1382%, Lmin=-5.30, Lmax=-4.88
19:41:45 [ultranest] [DEBUG] iteration=4236, ncalls=69023, regioncalls=4890040, ndraw=40, logz=-13.01, remainder_fraction=6.1270%, Lmin=-5.30, Lmax=-4.88
19:41:45 [ultranest] [DEBUG] iteration=4239, ncalls=69027, regioncalls=4890200, ndraw=40, logz=-13.01, remainder_fraction=6.0845%, Lmin=-5.30, Lmax=-4.88
19:41:46 [ultranest] [DEBUG] iteration=4240, ncalls=69041, regioncalls=4890760, ndraw=40, logz=-13.01, remainder_fraction=6.0704%, Lmin=-5.30, Lmax=-4.88
19:41:46 [ultranest] [DEBUG] iteration=4241, ncalls=69049, regioncalls=4891080, ndraw=40, logz=-13.01, remainder_fraction=6.0567%, Lmin=-5.30, Lmax=-4.88
19:41:48 [ultranest] [DEBUG] iteration=4242, ncalls=69073, regioncalls=4892040, ndraw=40, logz=-13.01, remainder_fraction=6.0422%, Lmin=-5.30, Lmax=-4.88
19:41:48 [ultranest] [DEBUG] iteration=4243, ncalls=69076, regioncalls=4892160, ndraw=40, logz=-13.01, remainder_fraction=6.0275%, Lmin=-5.30, Lmax=-4.88
19:41:48 [ultranest] [DEBUG] iteration=4244, ncalls=69079, regioncalls=4892280, ndraw=40, logz=-13.01, remainder_fraction=6.0130%, Lmin=-5.30, Lmax=-4.88
19:41:48 [ultranest] [DEBUG] iteration=4245, ncalls=69081, regioncalls=4892360, ndraw=40, logz=-13.01, remainder_fraction=5.9997%, Lmin=-5.30, Lmax=-4.88
19:41:49 [ultranest] [DEBUG] iteration=4246, ncalls=69100, regioncalls=4893120, ndraw=40, logz=-13.01, remainder_fraction=5.9854%, Lmin=-5.30, Lmax=-4.88
19:41:50 [ultranest] [DEBUG] iteration=4247, ncalls=69114, regioncalls=4893680, ndraw=40, logz=-13.01, remainder_fraction=5.9741%, Lmin=-5.30, Lmax=-4.88
19:41:51 [ultranest] [DEBUG] iteration=4248, ncalls=69131, regioncalls=4894360, ndraw=40, logz=-13.01, remainder_fraction=5.9602%, Lmin=-5.30, Lmax=-4.88
19:41:51 [ultranest] [DEBUG] iteration=4249, ncalls=69144, regioncalls=4894880, ndraw=40, logz=-13.01, remainder_fraction=5.9455%, Lmin=-5.30, Lmax=-4.88
19:41:51 [ultranest] [DEBUG] iteration=4250, ncalls=69146, regioncalls=4894960, ndraw=40, logz=-13.01, remainder_fraction=5.9359%, Lmin=-5.30, Lmax=-4.88
19:41:52 [ultranest] [DEBUG] iteration=4252, ncalls=69161, regioncalls=4895560, ndraw=40, logz=-13.01, remainder_fraction=5.9097%, Lmin=-5.30, Lmax=-4.88
19:41:52 [ultranest] [DEBUG] iteration=4253, ncalls=69164, regioncalls=4895680, ndraw=40, logz=-13.01, remainder_fraction=5.8955%, Lmin=-5.30, Lmax=-4.88
19:41:53 [ultranest] [DEBUG] iteration=4254, ncalls=69184, regioncalls=4896480, ndraw=40, logz=-13.01, remainder_fraction=5.8820%, Lmin=-5.29, Lmax=-4.88
19:41:53 [ultranest] [DEBUG] iteration=4255, ncalls=69187, regioncalls=4896600, ndraw=40, logz=-13.01, remainder_fraction=5.8687%, Lmin=-5.29, Lmax=-4.88
19:41:53 [ultranest] [DEBUG] iteration=4256, ncalls=69192, regioncalls=4896800, ndraw=40, logz=-13.01, remainder_fraction=5.8552%, Lmin=-5.29, Lmax=-4.88
19:41:54 [ultranest] [DEBUG] iteration=4257, ncalls=69200, regioncalls=4897120, ndraw=40, logz=-13.01, remainder_fraction=5.8448%, Lmin=-5.29, Lmax=-4.88
19:41:54 [ultranest] [DEBUG] iteration=4258, ncalls=69212, regioncalls=4897600, ndraw=40, logz=-13.01, remainder_fraction=5.8344%, Lmin=-5.29, Lmax=-4.88
19:41:55 [ultranest] [DEBUG] iteration=4260, ncalls=69230, regioncalls=4898360, ndraw=40, logz=-13.01, remainder_fraction=5.8081%, Lmin=-5.29, Lmax=-4.88
19:41:56 [ultranest] [DEBUG] iteration=4261, ncalls=69243, regioncalls=4898920, ndraw=40, logz=-13.01, remainder_fraction=5.7943%, Lmin=-5.29, Lmax=-4.88
19:41:57 [ultranest] [DEBUG] iteration=4262, ncalls=69262, regioncalls=4899680, ndraw=40, logz=-13.01, remainder_fraction=5.7828%, Lmin=-5.29, Lmax=-4.88
19:41:57 [ultranest] [DEBUG] iteration=4263, ncalls=69269, regioncalls=4899960, ndraw=40, logz=-13.01, remainder_fraction=5.7703%, Lmin=-5.29, Lmax=-4.88
19:41:57 [ultranest] [DEBUG] iteration=4264, ncalls=69275, regioncalls=4900200, ndraw=40, logz=-13.01, remainder_fraction=5.7568%, Lmin=-5.29, Lmax=-4.88
19:41:58 [ultranest] [DEBUG] iteration=4265, ncalls=69285, regioncalls=4900600, ndraw=40, logz=-13.01, remainder_fraction=5.7461%, Lmin=-5.29, Lmax=-4.88
19:41:59 [ultranest] [DEBUG] iteration=4266, ncalls=69299, regioncalls=4901160, ndraw=40, logz=-13.01, remainder_fraction=5.7325%, Lmin=-5.29, Lmax=-4.88
19:41:59 [ultranest] [DEBUG] iteration=4267, ncalls=69310, regioncalls=4901600, ndraw=40, logz=-13.01, remainder_fraction=5.7190%, Lmin=-5.29, Lmax=-4.88
19:42:00 [ultranest] [DEBUG] iteration=4269, ncalls=69324, regioncalls=4902160, ndraw=40, logz=-13.01, remainder_fraction=5.6919%, Lmin=-5.29, Lmax=-4.88
19:42:01 [ultranest] [DEBUG] iteration=4271, ncalls=69353, regioncalls=4903320, ndraw=40, logz=-13.01, remainder_fraction=5.6670%, Lmin=-5.29, Lmax=-4.88
19:42:01 [ultranest] [DEBUG] iteration=4272, ncalls=69360, regioncalls=4903600, ndraw=40, logz=-13.01, remainder_fraction=5.6536%, Lmin=-5.29, Lmax=-4.88
19:42:02 [ultranest] [DEBUG] iteration=4273, ncalls=69375, regioncalls=4904200, ndraw=40, logz=-13.01, remainder_fraction=5.6418%, Lmin=-5.29, Lmax=-4.88
19:42:03 [ultranest] [DEBUG] iteration=4274, ncalls=69383, regioncalls=4904520, ndraw=40, logz=-13.01, remainder_fraction=5.6287%, Lmin=-5.29, Lmax=-4.88
19:42:03 [ultranest] [DEBUG] iteration=4276, ncalls=69394, regioncalls=4904960, ndraw=40, logz=-13.01, remainder_fraction=5.6037%, Lmin=-5.29, Lmax=-4.88
19:42:04 [ultranest] [DEBUG] iteration=4277, ncalls=69404, regioncalls=4905360, ndraw=40, logz=-13.01, remainder_fraction=5.5899%, Lmin=-5.29, Lmax=-4.88
19:42:04 [ultranest] [DEBUG] iteration=4278, ncalls=69422, regioncalls=4906080, ndraw=40, logz=-13.01, remainder_fraction=5.5761%, Lmin=-5.29, Lmax=-4.88
19:42:05 [ultranest] [DEBUG] iteration=4279, ncalls=69429, regioncalls=4906360, ndraw=40, logz=-13.01, remainder_fraction=5.5626%, Lmin=-5.29, Lmax=-4.88
19:42:05 [ultranest] [DEBUG] iteration=4280, ncalls=69433, regioncalls=4906520, ndraw=40, logz=-13.01, remainder_fraction=5.5500%, Lmin=-5.28, Lmax=-4.88
19:42:05 [ultranest] [DEBUG] iteration=4281, ncalls=69438, regioncalls=4906720, ndraw=40, logz=-13.01, remainder_fraction=5.5369%, Lmin=-5.28, Lmax=-4.88
19:42:05 [ultranest] [DEBUG] iteration=4282, ncalls=69440, regioncalls=4906800, ndraw=40, logz=-13.01, remainder_fraction=5.5256%, Lmin=-5.28, Lmax=-4.88
19:42:06 [ultranest] [DEBUG] iteration=4284, ncalls=69451, regioncalls=4907240, ndraw=40, logz=-13.00, remainder_fraction=5.5028%, Lmin=-5.28, Lmax=-4.88
19:42:06 [ultranest] [DEBUG] iteration=4285, ncalls=69462, regioncalls=4907680, ndraw=40, logz=-13.00, remainder_fraction=5.4906%, Lmin=-5.28, Lmax=-4.88
19:42:07 [ultranest] [DEBUG] iteration=4286, ncalls=69470, regioncalls=4908000, ndraw=40, logz=-13.00, remainder_fraction=5.4770%, Lmin=-5.28, Lmax=-4.88
19:42:07 [ultranest] [DEBUG] iteration=4287, ncalls=69475, regioncalls=4908200, ndraw=40, logz=-13.00, remainder_fraction=5.4643%, Lmin=-5.28, Lmax=-4.88
19:42:08 [ultranest] [DEBUG] iteration=4288, ncalls=69507, regioncalls=4909480, ndraw=40, logz=-13.00, remainder_fraction=5.4532%, Lmin=-5.28, Lmax=-4.88
19:42:10 [ultranest] [DEBUG] iteration=4289, ncalls=69530, regioncalls=4910480, ndraw=40, logz=-13.00, remainder_fraction=5.4408%, Lmin=-5.28, Lmax=-4.88
19:42:10 [ultranest] [DEBUG] iteration=4290, ncalls=69541, regioncalls=4910920, ndraw=40, logz=-13.00, remainder_fraction=5.4292%, Lmin=-5.28, Lmax=-4.88
19:42:11 [ultranest] [DEBUG] iteration=4291, ncalls=69557, regioncalls=4911560, ndraw=40, logz=-13.00, remainder_fraction=5.4165%, Lmin=-5.28, Lmax=-4.88
19:42:12 [ultranest] [DEBUG] iteration=4292, ncalls=69575, regioncalls=4912280, ndraw=40, logz=-13.00, remainder_fraction=5.4049%, Lmin=-5.28, Lmax=-4.88
19:42:12 [ultranest] [DEBUG] iteration=4293, ncalls=69582, regioncalls=4912560, ndraw=40, logz=-13.00, remainder_fraction=5.3936%, Lmin=-5.28, Lmax=-4.88
19:42:12 [ultranest] [DEBUG] iteration=4294, ncalls=69591, regioncalls=4912920, ndraw=40, logz=-13.00, remainder_fraction=5.3807%, Lmin=-5.28, Lmax=-4.88
19:42:13 [ultranest] [DEBUG] iteration=4295, ncalls=69599, regioncalls=4913240, ndraw=40, logz=-13.00, remainder_fraction=5.3679%, Lmin=-5.28, Lmax=-4.88
19:42:13 [ultranest] [DEBUG] iteration=4296, ncalls=69604, regioncalls=4913440, ndraw=40, logz=-13.00, remainder_fraction=5.3573%, Lmin=-5.28, Lmax=-4.88
19:42:13 [ultranest] [DEBUG] iteration=4297, ncalls=69607, regioncalls=4913560, ndraw=40, logz=-13.00, remainder_fraction=5.3473%, Lmin=-5.27, Lmax=-4.88
19:42:14 [ultranest] [DEBUG] iteration=4298, ncalls=69618, regioncalls=4914000, ndraw=40, logz=-13.00, remainder_fraction=5.3381%, Lmin=-5.27, Lmax=-4.88
19:42:14 [ultranest] [DEBUG] iteration=4299, ncalls=69627, regioncalls=4914360, ndraw=40, logz=-13.00, remainder_fraction=5.3258%, Lmin=-5.27, Lmax=-4.88
19:42:16 [ultranest] [DEBUG] iteration=4300, ncalls=69672, regioncalls=4916160, ndraw=40, logz=-13.00, remainder_fraction=5.3146%, Lmin=-5.27, Lmax=-4.88
19:42:17 [ultranest] [DEBUG] iteration=4301, ncalls=69687, regioncalls=4916760, ndraw=40, logz=-13.00, remainder_fraction=5.3022%, Lmin=-5.27, Lmax=-4.88
19:42:17 [ultranest] [DEBUG] iteration=4302, ncalls=69694, regioncalls=4917040, ndraw=40, logz=-13.00, remainder_fraction=5.2895%, Lmin=-5.27, Lmax=-4.88
19:42:19 [ultranest] [DEBUG] iteration=4303, ncalls=69737, regioncalls=4918760, ndraw=40, logz=-13.00, remainder_fraction=5.2800%, Lmin=-5.27, Lmax=-4.88
19:42:20 [ultranest] [DEBUG] iteration=4304, ncalls=69740, regioncalls=4918880, ndraw=40, logz=-13.00, remainder_fraction=5.2671%, Lmin=-5.27, Lmax=-4.88
19:42:20 [ultranest] [DEBUG] iteration=4306, ncalls=69745, regioncalls=4919080, ndraw=40, logz=-13.00, remainder_fraction=5.2426%, Lmin=-5.27, Lmax=-4.88
19:42:20 [ultranest] [DEBUG] iteration=4307, ncalls=69752, regioncalls=4919360, ndraw=40, logz=-13.00, remainder_fraction=5.2307%, Lmin=-5.27, Lmax=-4.88
19:42:22 [ultranest] [DEBUG] iteration=4308, ncalls=69793, regioncalls=4921000, ndraw=40, logz=-13.00, remainder_fraction=5.2209%, Lmin=-5.27, Lmax=-4.88
19:42:23 [ultranest] [DEBUG] iteration=4309, ncalls=69815, regioncalls=4921880, ndraw=40, logz=-13.00, remainder_fraction=5.2094%, Lmin=-5.27, Lmax=-4.88
19:42:24 [ultranest] [DEBUG] iteration=4310, ncalls=69821, regioncalls=4922120, ndraw=40, logz=-13.00, remainder_fraction=5.1992%, Lmin=-5.27, Lmax=-4.88
19:42:25 [ultranest] [DEBUG] iteration=4311, ncalls=69850, regioncalls=4923280, ndraw=40, logz=-13.00, remainder_fraction=5.1871%, Lmin=-5.27, Lmax=-4.88
19:42:26 [ultranest] [DEBUG] iteration=4312, ncalls=69868, regioncalls=4924000, ndraw=40, logz=-13.00, remainder_fraction=5.1750%, Lmin=-5.27, Lmax=-4.88
19:42:26 [ultranest] [DEBUG] iteration=4313, ncalls=69879, regioncalls=4924440, ndraw=40, logz=-13.00, remainder_fraction=5.1621%, Lmin=-5.27, Lmax=-4.88
19:42:28 [ultranest] [DEBUG] iteration=4315, ncalls=69921, regioncalls=4926120, ndraw=40, logz=-13.00, remainder_fraction=5.1403%, Lmin=-5.27, Lmax=-4.88
19:42:29 [ultranest] [DEBUG] iteration=4317, ncalls=69942, regioncalls=4926960, ndraw=40, logz=-13.00, remainder_fraction=5.1203%, Lmin=-5.27, Lmax=-4.88
19:42:30 [ultranest] [DEBUG] iteration=4318, ncalls=69957, regioncalls=4927560, ndraw=40, logz=-13.00, remainder_fraction=5.1111%, Lmin=-5.27, Lmax=-4.88
19:42:30 [ultranest] [DEBUG] iteration=4319, ncalls=69962, regioncalls=4927760, ndraw=40, logz=-13.00, remainder_fraction=5.0989%, Lmin=-5.27, Lmax=-4.88
19:42:31 [ultranest] [DEBUG] iteration=4320, ncalls=69987, regioncalls=4929000, ndraw=40, logz=-13.00, remainder_fraction=5.0873%, Lmin=-5.27, Lmax=-4.88
19:42:32 [ultranest] [DEBUG] iteration=4321, ncalls=69991, regioncalls=4929160, ndraw=40, logz=-13.00, remainder_fraction=5.0767%, Lmin=-5.27, Lmax=-4.88
19:42:32 [ultranest] [DEBUG] iteration=4322, ncalls=70000, regioncalls=4929520, ndraw=40, logz=-13.00, remainder_fraction=5.0645%, Lmin=-5.27, Lmax=-4.88
19:42:33 [ultranest] [DEBUG] iteration=4323, ncalls=70013, regioncalls=4930040, ndraw=40, logz=-13.00, remainder_fraction=5.0537%, Lmin=-5.27, Lmax=-4.88
19:42:33 [ultranest] [DEBUG] iteration=4324, ncalls=70029, regioncalls=4930680, ndraw=40, logz=-13.00, remainder_fraction=5.0429%, Lmin=-5.27, Lmax=-4.88
19:42:34 [ultranest] [DEBUG] iteration=4325, ncalls=70044, regioncalls=4931280, ndraw=40, logz=-13.00, remainder_fraction=5.0315%, Lmin=-5.27, Lmax=-4.88
19:42:35 [ultranest] [DEBUG] iteration=4326, ncalls=70072, regioncalls=4932400, ndraw=40, logz=-13.00, remainder_fraction=5.0226%, Lmin=-5.27, Lmax=-4.88
19:42:36 [ultranest] [DEBUG] iteration=4328, ncalls=70081, regioncalls=4932760, ndraw=40, logz=-13.00, remainder_fraction=4.9987%, Lmin=-5.26, Lmax=-4.88
19:42:37 [ultranest] [DEBUG] iteration=4329, ncalls=70105, regioncalls=4933720, ndraw=40, logz=-13.00, remainder_fraction=4.9870%, Lmin=-5.26, Lmax=-4.88
19:42:37 [ultranest] [DEBUG] iteration=4330, ncalls=70113, regioncalls=4934240, ndraw=40, logz=-13.00, remainder_fraction=4.9753%, Lmin=-5.26, Lmax=-4.88
19:42:38 [ultranest] [DEBUG] iteration=4331, ncalls=70124, regioncalls=4934680, ndraw=40, logz=-13.00, remainder_fraction=4.9645%, Lmin=-5.26, Lmax=-4.88
19:42:39 [ultranest] [DEBUG] iteration=4333, ncalls=70142, regioncalls=4935400, ndraw=40, logz=-13.00, remainder_fraction=4.9424%, Lmin=-5.26, Lmax=-4.88
19:42:39 [ultranest] [DEBUG] iteration=4334, ncalls=70151, regioncalls=4935960, ndraw=40, logz=-13.00, remainder_fraction=4.9312%, Lmin=-5.26, Lmax=-4.88
19:42:40 [ultranest] [DEBUG] iteration=4335, ncalls=70157, regioncalls=4936200, ndraw=40, logz=-13.00, remainder_fraction=4.9190%, Lmin=-5.26, Lmax=-4.88
19:42:40 [ultranest] [DEBUG] iteration=4337, ncalls=70164, regioncalls=4936480, ndraw=40, logz=-13.00, remainder_fraction=4.8971%, Lmin=-5.26, Lmax=-4.88
19:42:40 [ultranest] [DEBUG] iteration=4338, ncalls=70167, regioncalls=4936600, ndraw=40, logz=-13.00, remainder_fraction=4.8854%, Lmin=-5.26, Lmax=-4.88
19:42:41 [ultranest] [DEBUG] iteration=4340, ncalls=70181, regioncalls=4937160, ndraw=40, logz=-13.00, remainder_fraction=4.8653%, Lmin=-5.26, Lmax=-4.88
19:42:41 [ultranest] [DEBUG] iteration=4341, ncalls=70184, regioncalls=4937280, ndraw=40, logz=-13.00, remainder_fraction=4.8540%, Lmin=-5.26, Lmax=-4.88
19:42:41 [ultranest] [DEBUG] iteration=4342, ncalls=70187, regioncalls=4937400, ndraw=40, logz=-13.00, remainder_fraction=4.8431%, Lmin=-5.26, Lmax=-4.88
19:42:41 [ultranest] [DEBUG] iteration=4343, ncalls=70191, regioncalls=4937560, ndraw=40, logz=-13.00, remainder_fraction=4.8313%, Lmin=-5.26, Lmax=-4.88
19:42:41 [ultranest] [DEBUG] iteration=4344, ncalls=70194, regioncalls=4937680, ndraw=40, logz=-13.00, remainder_fraction=4.8211%, Lmin=-5.26, Lmax=-4.88
19:42:42 [ultranest] [DEBUG] iteration=4346, ncalls=70202, regioncalls=4938000, ndraw=40, logz=-13.00, remainder_fraction=4.7988%, Lmin=-5.26, Lmax=-4.88
19:42:43 [ultranest] [DEBUG] iteration=4347, ncalls=70217, regioncalls=4938600, ndraw=40, logz=-13.00, remainder_fraction=4.7880%, Lmin=-5.26, Lmax=-4.88
19:42:43 [ultranest] [DEBUG] iteration=4348, ncalls=70224, regioncalls=4938880, ndraw=40, logz=-13.00, remainder_fraction=4.7763%, Lmin=-5.26, Lmax=-4.88
19:42:43 [ultranest] [DEBUG] iteration=4349, ncalls=70226, regioncalls=4938960, ndraw=40, logz=-13.00, remainder_fraction=4.7647%, Lmin=-5.26, Lmax=-4.88
19:42:44 [ultranest] [DEBUG] iteration=4350, ncalls=70248, regioncalls=4939840, ndraw=40, logz=-13.00, remainder_fraction=4.7559%, Lmin=-5.26, Lmax=-4.88
19:42:44 [ultranest] [DEBUG] iteration=4352, ncalls=70254, regioncalls=4940080, ndraw=40, logz=-13.00, remainder_fraction=4.7353%, Lmin=-5.26, Lmax=-4.88
19:42:45 [ultranest] [DEBUG] iteration=4353, ncalls=70259, regioncalls=4940280, ndraw=40, logz=-13.00, remainder_fraction=4.7240%, Lmin=-5.26, Lmax=-4.88
19:42:45 [ultranest] [DEBUG] iteration=4355, ncalls=70265, regioncalls=4940520, ndraw=40, logz=-13.00, remainder_fraction=4.7023%, Lmin=-5.26, Lmax=-4.88
19:42:45 [ultranest] [DEBUG] iteration=4357, ncalls=70276, regioncalls=4940960, ndraw=40, logz=-13.00, remainder_fraction=4.6818%, Lmin=-5.26, Lmax=-4.88
19:42:46 [ultranest] [DEBUG] iteration=4358, ncalls=70280, regioncalls=4941120, ndraw=40, logz=-13.00, remainder_fraction=4.6715%, Lmin=-5.26, Lmax=-4.87
19:42:46 [ultranest] [DEBUG] iteration=4359, ncalls=70292, regioncalls=4941640, ndraw=40, logz=-13.00, remainder_fraction=4.6601%, Lmin=-5.26, Lmax=-4.87
19:42:47 [ultranest] [DEBUG] iteration=4361, ncalls=70310, regioncalls=4942360, ndraw=40, logz=-13.00, remainder_fraction=4.6441%, Lmin=-5.26, Lmax=-4.87
19:42:48 [ultranest] [DEBUG] iteration=4362, ncalls=70331, regioncalls=4943200, ndraw=40, logz=-13.00, remainder_fraction=4.6348%, Lmin=-5.26, Lmax=-4.87
19:42:48 [ultranest] [DEBUG] iteration=4363, ncalls=70333, regioncalls=4943280, ndraw=40, logz=-13.00, remainder_fraction=4.6235%, Lmin=-5.26, Lmax=-4.87
19:42:50 [ultranest] [DEBUG] iteration=4364, ncalls=70364, regioncalls=4944520, ndraw=40, logz=-13.00, remainder_fraction=4.6148%, Lmin=-5.26, Lmax=-4.87
19:42:50 [ultranest] [DEBUG] iteration=4365, ncalls=70367, regioncalls=4944640, ndraw=40, logz=-13.00, remainder_fraction=4.6036%, Lmin=-5.26, Lmax=-4.87
19:42:50 [ultranest] [DEBUG] iteration=4367, ncalls=70371, regioncalls=4944800, ndraw=40, logz=-12.99, remainder_fraction=4.5848%, Lmin=-5.25, Lmax=-4.87
19:42:51 [ultranest] [DEBUG] iteration=4368, ncalls=70396, regioncalls=4945800, ndraw=40, logz=-12.99, remainder_fraction=4.5757%, Lmin=-5.25, Lmax=-4.87
19:42:52 [ultranest] [DEBUG] iteration=4369, ncalls=70413, regioncalls=4946480, ndraw=40, logz=-12.99, remainder_fraction=4.5656%, Lmin=-5.25, Lmax=-4.87
19:42:52 [ultranest] [DEBUG] iteration=4370, ncalls=70416, regioncalls=4946600, ndraw=40, logz=-12.99, remainder_fraction=4.5566%, Lmin=-5.25, Lmax=-4.87
19:42:52 [ultranest] [DEBUG] iteration=4371, ncalls=70419, regioncalls=4946720, ndraw=40, logz=-12.99, remainder_fraction=4.5454%, Lmin=-5.25, Lmax=-4.87
19:42:53 [ultranest] [DEBUG] iteration=4372, ncalls=70430, regioncalls=4947160, ndraw=40, logz=-12.99, remainder_fraction=4.5345%, Lmin=-5.25, Lmax=-4.87
19:42:53 [ultranest] [DEBUG] iteration=4374, ncalls=70437, regioncalls=4947440, ndraw=40, logz=-12.99, remainder_fraction=4.5129%, Lmin=-5.25, Lmax=-4.87
19:42:53 [ultranest] [DEBUG] iteration=4375, ncalls=70448, regioncalls=4947920, ndraw=40, logz=-12.99, remainder_fraction=4.5018%, Lmin=-5.25, Lmax=-4.87
19:42:54 [ultranest] [DEBUG] iteration=4376, ncalls=70459, regioncalls=4948360, ndraw=40, logz=-12.99, remainder_fraction=4.4917%, Lmin=-5.25, Lmax=-4.87
19:42:54 [ultranest] [DEBUG] iteration=4377, ncalls=70466, regioncalls=4948880, ndraw=40, logz=-12.99, remainder_fraction=4.4815%, Lmin=-5.25, Lmax=-4.87
19:42:55 [ultranest] [DEBUG] iteration=4379, ncalls=70485, regioncalls=4949640, ndraw=40, logz=-12.99, remainder_fraction=4.4615%, Lmin=-5.25, Lmax=-4.87
19:42:56 [ultranest] [DEBUG] iteration=4380, ncalls=70498, regioncalls=4950160, ndraw=40, logz=-12.99, remainder_fraction=4.4540%, Lmin=-5.25, Lmax=-4.87
19:42:56 [ultranest] [DEBUG] iteration=4381, ncalls=70501, regioncalls=4950280, ndraw=40, logz=-12.99, remainder_fraction=4.4439%, Lmin=-5.25, Lmax=-4.87
19:42:56 [ultranest] [DEBUG] iteration=4382, ncalls=70503, regioncalls=4950360, ndraw=40, logz=-12.99, remainder_fraction=4.4335%, Lmin=-5.25, Lmax=-4.87
19:42:56 [ultranest] [DEBUG] iteration=4383, ncalls=70506, regioncalls=4950480, ndraw=40, logz=-12.99, remainder_fraction=4.4255%, Lmin=-5.25, Lmax=-4.87
19:42:57 [ultranest] [DEBUG] iteration=4384, ncalls=70512, regioncalls=4950720, ndraw=40, logz=-12.99, remainder_fraction=4.4148%, Lmin=-5.25, Lmax=-4.87
19:42:57 [ultranest] [DEBUG] iteration=4385, ncalls=70523, regioncalls=4951160, ndraw=40, logz=-12.99, remainder_fraction=4.4039%, Lmin=-5.25, Lmax=-4.87
19:42:57 [ultranest] [DEBUG] iteration=4386, ncalls=70526, regioncalls=4951320, ndraw=40, logz=-12.99, remainder_fraction=4.3932%, Lmin=-5.24, Lmax=-4.87
19:42:58 [ultranest] [DEBUG] iteration=4387, ncalls=70548, regioncalls=4952440, ndraw=40, logz=-12.99, remainder_fraction=4.3825%, Lmin=-5.24, Lmax=-4.87
19:42:59 [ultranest] [DEBUG] iteration=4388, ncalls=70551, regioncalls=4952560, ndraw=40, logz=-12.99, remainder_fraction=4.3750%, Lmin=-5.24, Lmax=-4.87
19:42:59 [ultranest] [DEBUG] iteration=4389, ncalls=70556, regioncalls=4952760, ndraw=40, logz=-12.99, remainder_fraction=4.3667%, Lmin=-5.24, Lmax=-4.87
19:42:59 [ultranest] [DEBUG] iteration=4390, ncalls=70562, regioncalls=4953000, ndraw=40, logz=-12.99, remainder_fraction=4.3582%, Lmin=-5.24, Lmax=-4.87
19:43:00 [ultranest] [DEBUG] iteration=4391, ncalls=70571, regioncalls=4953360, ndraw=40, logz=-12.99, remainder_fraction=4.3479%, Lmin=-5.24, Lmax=-4.87
19:43:00 [ultranest] [DEBUG] iteration=4392, ncalls=70575, regioncalls=4953520, ndraw=40, logz=-12.99, remainder_fraction=4.3396%, Lmin=-5.24, Lmax=-4.87
19:43:02 [ultranest] [DEBUG] iteration=4393, ncalls=70617, regioncalls=4955200, ndraw=40, logz=-12.99, remainder_fraction=4.3293%, Lmin=-5.24, Lmax=-4.87
19:43:02 [ultranest] [DEBUG] iteration=4394, ncalls=70622, regioncalls=4955400, ndraw=40, logz=-12.99, remainder_fraction=4.3202%, Lmin=-5.24, Lmax=-4.87
19:43:03 [ultranest] [DEBUG] iteration=4395, ncalls=70644, regioncalls=4956280, ndraw=40, logz=-12.99, remainder_fraction=4.3097%, Lmin=-5.24, Lmax=-4.87
19:43:03 [ultranest] [DEBUG] iteration=4396, ncalls=70647, regioncalls=4956400, ndraw=40, logz=-12.99, remainder_fraction=4.2998%, Lmin=-5.24, Lmax=-4.87
19:43:03 [ultranest] [DEBUG] iteration=4398, ncalls=70651, regioncalls=4956560, ndraw=40, logz=-12.99, remainder_fraction=4.2801%, Lmin=-5.24, Lmax=-4.87
19:43:04 [ultranest] [DEBUG] iteration=4399, ncalls=70657, regioncalls=4956800, ndraw=40, logz=-12.99, remainder_fraction=4.2706%, Lmin=-5.24, Lmax=-4.87
19:43:04 [ultranest] [DEBUG] iteration=4400, ncalls=70664, regioncalls=4957080, ndraw=40, logz=-12.99, remainder_fraction=4.2601%, Lmin=-5.24, Lmax=-4.87
19:43:04 [ultranest] [DEBUG] iteration=4401, ncalls=70666, regioncalls=4957160, ndraw=40, logz=-12.99, remainder_fraction=4.2501%, Lmin=-5.24, Lmax=-4.87
19:43:04 [ultranest] [DEBUG] iteration=4402, ncalls=70672, regioncalls=4957400, ndraw=40, logz=-12.99, remainder_fraction=4.2400%, Lmin=-5.24, Lmax=-4.87
19:43:06 [ultranest] [DEBUG] iteration=4403, ncalls=70711, regioncalls=4958960, ndraw=40, logz=-12.99, remainder_fraction=4.2310%, Lmin=-5.24, Lmax=-4.87
19:43:06 [ultranest] [DEBUG] iteration=4405, ncalls=70714, regioncalls=4959080, ndraw=40, logz=-12.99, remainder_fraction=4.2142%, Lmin=-5.24, Lmax=-4.87
19:43:07 [ultranest] [DEBUG] iteration=4406, ncalls=70721, regioncalls=4959360, ndraw=40, logz=-12.99, remainder_fraction=4.2043%, Lmin=-5.24, Lmax=-4.87
19:43:07 [ultranest] [DEBUG] iteration=4408, ncalls=70728, regioncalls=4959640, ndraw=40, logz=-12.99, remainder_fraction=4.1860%, Lmin=-5.24, Lmax=-4.87
19:43:07 [ultranest] [DEBUG] iteration=4409, ncalls=70733, regioncalls=4959840, ndraw=40, logz=-12.99, remainder_fraction=4.1758%, Lmin=-5.24, Lmax=-4.87
19:43:09 [ultranest] [DEBUG] iteration=4410, ncalls=70759, regioncalls=4960880, ndraw=40, logz=-12.99, remainder_fraction=4.1667%, Lmin=-5.24, Lmax=-4.87
19:43:09 [ultranest] [DEBUG] iteration=4411, ncalls=70767, regioncalls=4961200, ndraw=40, logz=-12.99, remainder_fraction=4.1569%, Lmin=-5.24, Lmax=-4.87
19:43:09 [ultranest] [DEBUG] iteration=4413, ncalls=70776, regioncalls=4961560, ndraw=40, logz=-12.99, remainder_fraction=4.1365%, Lmin=-5.24, Lmax=-4.87
19:43:11 [ultranest] [DEBUG] iteration=4414, ncalls=70812, regioncalls=4963000, ndraw=40, logz=-12.99, remainder_fraction=4.1269%, Lmin=-5.24, Lmax=-4.87
19:43:11 [ultranest] [DEBUG] iteration=4415, ncalls=70815, regioncalls=4963120, ndraw=40, logz=-12.99, remainder_fraction=4.1174%, Lmin=-5.24, Lmax=-4.87
19:43:12 [ultranest] [DEBUG] iteration=4416, ncalls=70829, regioncalls=4963680, ndraw=40, logz=-12.99, remainder_fraction=4.1074%, Lmin=-5.24, Lmax=-4.87
19:43:12 [ultranest] [DEBUG] iteration=4417, ncalls=70835, regioncalls=4963920, ndraw=40, logz=-12.99, remainder_fraction=4.0997%, Lmin=-5.24, Lmax=-4.87
19:43:12 [ultranest] [DEBUG] iteration=4418, ncalls=70840, regioncalls=4964120, ndraw=40, logz=-12.99, remainder_fraction=4.0909%, Lmin=-5.24, Lmax=-4.87
19:43:14 [ultranest] [DEBUG] iteration=4419, ncalls=70866, regioncalls=4965160, ndraw=40, logz=-12.99, remainder_fraction=4.0807%, Lmin=-5.24, Lmax=-4.87
19:43:14 [ultranest] [DEBUG] iteration=4420, ncalls=70875, regioncalls=4965520, ndraw=40, logz=-12.99, remainder_fraction=4.0715%, Lmin=-5.24, Lmax=-4.87
19:43:15 [ultranest] [DEBUG] iteration=4421, ncalls=70889, regioncalls=4966080, ndraw=40, logz=-12.99, remainder_fraction=4.0630%, Lmin=-5.23, Lmax=-4.87
19:43:15 [ultranest] [DEBUG] iteration=4422, ncalls=70894, regioncalls=4966280, ndraw=40, logz=-12.99, remainder_fraction=4.0535%, Lmin=-5.23, Lmax=-4.87
19:43:15 [ultranest] [DEBUG] iteration=4423, ncalls=70900, regioncalls=4966520, ndraw=40, logz=-12.99, remainder_fraction=4.0434%, Lmin=-5.23, Lmax=-4.87
19:43:15 [ultranest] [DEBUG] iteration=4424, ncalls=70901, regioncalls=4966560, ndraw=40, logz=-12.99, remainder_fraction=4.0338%, Lmin=-5.23, Lmax=-4.87
19:43:16 [ultranest] [DEBUG] iteration=4425, ncalls=70903, regioncalls=4966640, ndraw=40, logz=-12.99, remainder_fraction=4.0244%, Lmin=-5.23, Lmax=-4.87
19:43:16 [ultranest] [DEBUG] iteration=4426, ncalls=70907, regioncalls=4966800, ndraw=40, logz=-12.99, remainder_fraction=4.0157%, Lmin=-5.23, Lmax=-4.87
19:43:16 [ultranest] [DEBUG] iteration=4427, ncalls=70914, regioncalls=4967080, ndraw=40, logz=-12.99, remainder_fraction=4.0074%, Lmin=-5.23, Lmax=-4.87
19:43:17 [ultranest] [DEBUG] iteration=4428, ncalls=70925, regioncalls=4967520, ndraw=40, logz=-12.99, remainder_fraction=3.9981%, Lmin=-5.23, Lmax=-4.87
19:43:17 [ultranest] [DEBUG] iteration=4429, ncalls=70942, regioncalls=4968200, ndraw=40, logz=-12.99, remainder_fraction=3.9883%, Lmin=-5.23, Lmax=-4.87
19:43:18 [ultranest] [DEBUG] iteration=4430, ncalls=70951, regioncalls=4968560, ndraw=40, logz=-12.99, remainder_fraction=3.9786%, Lmin=-5.23, Lmax=-4.87
19:43:18 [ultranest] [DEBUG] iteration=4431, ncalls=70955, regioncalls=4968720, ndraw=40, logz=-12.99, remainder_fraction=3.9692%, Lmin=-5.23, Lmax=-4.87
19:43:20 [ultranest] [DEBUG] iteration=4432, ncalls=70989, regioncalls=4970080, ndraw=40, logz=-12.99, remainder_fraction=3.9621%, Lmin=-5.23, Lmax=-4.87
19:43:20 [ultranest] [DEBUG] iteration=4433, ncalls=70992, regioncalls=4970200, ndraw=40, logz=-12.99, remainder_fraction=3.9543%, Lmin=-5.23, Lmax=-4.87
19:43:20 [ultranest] [DEBUG] iteration=4434, ncalls=70998, regioncalls=4970440, ndraw=40, logz=-12.99, remainder_fraction=3.9468%, Lmin=-5.23, Lmax=-4.87
19:43:20 [ultranest] [DEBUG] iteration=4435, ncalls=71000, regioncalls=4970520, ndraw=40, logz=-12.99, remainder_fraction=3.9377%, Lmin=-5.23, Lmax=-4.87
19:43:20 [ultranest] [DEBUG] iteration=4436, ncalls=71003, regioncalls=4970640, ndraw=40, logz=-12.99, remainder_fraction=3.9286%, Lmin=-5.23, Lmax=-4.87
19:43:21 [ultranest] [DEBUG] iteration=4437, ncalls=71014, regioncalls=4971080, ndraw=40, logz=-12.99, remainder_fraction=3.9196%, Lmin=-5.23, Lmax=-4.87
19:43:22 [ultranest] [DEBUG] iteration=4438, ncalls=71028, regioncalls=4971680, ndraw=40, logz=-12.99, remainder_fraction=3.9101%, Lmin=-5.23, Lmax=-4.87
19:43:22 [ultranest] [DEBUG] iteration=4439, ncalls=71037, regioncalls=4972040, ndraw=40, logz=-12.99, remainder_fraction=3.9031%, Lmin=-5.23, Lmax=-4.87
19:43:22 [ultranest] [DEBUG] iteration=4440, ncalls=71043, regioncalls=4972280, ndraw=40, logz=-12.99, remainder_fraction=3.8934%, Lmin=-5.23, Lmax=-4.87
19:43:26 [ultranest] [DEBUG] iteration=4441, ncalls=71109, regioncalls=4974920, ndraw=40, logz=-12.99, remainder_fraction=3.8867%, Lmin=-5.23, Lmax=-4.87
19:43:26 [ultranest] [DEBUG] iteration=4442, ncalls=71112, regioncalls=4975040, ndraw=40, logz=-12.99, remainder_fraction=3.8774%, Lmin=-5.23, Lmax=-4.87
19:43:27 [ultranest] [DEBUG] iteration=4443, ncalls=71130, regioncalls=4975760, ndraw=40, logz=-12.99, remainder_fraction=3.8690%, Lmin=-5.23, Lmax=-4.87
19:43:28 [ultranest] [DEBUG] iteration=4444, ncalls=71161, regioncalls=4977000, ndraw=40, logz=-12.99, remainder_fraction=3.8615%, Lmin=-5.23, Lmax=-4.87
19:43:28 [ultranest] [DEBUG] iteration=4445, ncalls=71166, regioncalls=4977200, ndraw=40, logz=-12.99, remainder_fraction=3.8521%, Lmin=-5.23, Lmax=-4.87
19:43:29 [ultranest] [DEBUG] iteration=4446, ncalls=71191, regioncalls=4978200, ndraw=40, logz=-12.99, remainder_fraction=3.8429%, Lmin=-5.23, Lmax=-4.87
19:43:30 [ultranest] [DEBUG] iteration=4447, ncalls=71196, regioncalls=4978400, ndraw=40, logz=-12.99, remainder_fraction=3.8333%, Lmin=-5.23, Lmax=-4.87
19:43:30 [ultranest] [DEBUG] iteration=4448, ncalls=71206, regioncalls=4978800, ndraw=40, logz=-12.99, remainder_fraction=3.8243%, Lmin=-5.22, Lmax=-4.87
19:43:30 [ultranest] [DEBUG] iteration=4449, ncalls=71208, regioncalls=4978880, ndraw=40, logz=-12.99, remainder_fraction=3.8162%, Lmin=-5.22, Lmax=-4.87
19:43:30 [ultranest] [DEBUG] iteration=4450, ncalls=71214, regioncalls=4979120, ndraw=40, logz=-12.99, remainder_fraction=3.8071%, Lmin=-5.22, Lmax=-4.87
19:43:31 [ultranest] [DEBUG] iteration=4451, ncalls=71224, regioncalls=4979520, ndraw=40, logz=-12.99, remainder_fraction=3.7986%, Lmin=-5.22, Lmax=-4.87
19:43:31 [ultranest] [DEBUG] iteration=4452, ncalls=71227, regioncalls=4979640, ndraw=40, logz=-12.99, remainder_fraction=3.7905%, Lmin=-5.22, Lmax=-4.87
19:43:32 [ultranest] [DEBUG] iteration=4453, ncalls=71242, regioncalls=4980240, ndraw=40, logz=-12.99, remainder_fraction=3.7825%, Lmin=-5.22, Lmax=-4.87
19:43:32 [ultranest] [DEBUG] iteration=4454, ncalls=71256, regioncalls=4980800, ndraw=40, logz=-12.99, remainder_fraction=3.7734%, Lmin=-5.22, Lmax=-4.87
19:43:33 [ultranest] [DEBUG] iteration=4455, ncalls=71271, regioncalls=4981400, ndraw=40, logz=-12.99, remainder_fraction=3.7662%, Lmin=-5.22, Lmax=-4.87
19:43:34 [ultranest] [DEBUG] iteration=4456, ncalls=71284, regioncalls=4981920, ndraw=40, logz=-12.99, remainder_fraction=3.7577%, Lmin=-5.22, Lmax=-4.87
19:43:35 [ultranest] [DEBUG] iteration=4458, ncalls=71316, regioncalls=4983200, ndraw=40, logz=-12.99, remainder_fraction=3.7416%, Lmin=-5.22, Lmax=-4.87
19:43:36 [ultranest] [DEBUG] iteration=4459, ncalls=71334, regioncalls=4983920, ndraw=40, logz=-12.99, remainder_fraction=3.7327%, Lmin=-5.22, Lmax=-4.87
19:43:36 [ultranest] [DEBUG] iteration=4460, ncalls=71337, regioncalls=4984040, ndraw=40, logz=-12.99, remainder_fraction=3.7236%, Lmin=-5.22, Lmax=-4.87
19:43:36 [ultranest] [DEBUG] iteration=4461, ncalls=71340, regioncalls=4984160, ndraw=40, logz=-12.99, remainder_fraction=3.7157%, Lmin=-5.22, Lmax=-4.87
19:43:37 [ultranest] [DEBUG] iteration=4462, ncalls=71360, regioncalls=4984960, ndraw=40, logz=-12.99, remainder_fraction=3.7084%, Lmin=-5.22, Lmax=-4.87
19:43:38 [ultranest] [DEBUG] iteration=4463, ncalls=71363, regioncalls=4985080, ndraw=40, logz=-12.99, remainder_fraction=3.6996%, Lmin=-5.22, Lmax=-4.87
19:43:38 [ultranest] [DEBUG] iteration=4464, ncalls=71369, regioncalls=4985320, ndraw=40, logz=-12.99, remainder_fraction=3.6906%, Lmin=-5.22, Lmax=-4.87
19:43:38 [ultranest] [DEBUG] iteration=4465, ncalls=71379, regioncalls=4985720, ndraw=40, logz=-12.99, remainder_fraction=3.6817%, Lmin=-5.22, Lmax=-4.87
19:43:39 [ultranest] [DEBUG] iteration=4466, ncalls=71385, regioncalls=4985960, ndraw=40, logz=-12.99, remainder_fraction=3.6738%, Lmin=-5.22, Lmax=-4.87
19:43:39 [ultranest] [DEBUG] iteration=4467, ncalls=71391, regioncalls=4986200, ndraw=40, logz=-12.99, remainder_fraction=3.6665%, Lmin=-5.22, Lmax=-4.87
19:43:39 [ultranest] [DEBUG] iteration=4469, ncalls=71402, regioncalls=4986640, ndraw=40, logz=-12.99, remainder_fraction=3.6502%, Lmin=-5.22, Lmax=-4.87
19:43:40 [ultranest] [DEBUG] iteration=4470, ncalls=71411, regioncalls=4987000, ndraw=40, logz=-12.99, remainder_fraction=3.6424%, Lmin=-5.22, Lmax=-4.87
19:43:42 [ultranest] [DEBUG] iteration=4472, ncalls=71453, regioncalls=4989000, ndraw=40, logz=-12.98, remainder_fraction=3.6250%, Lmin=-5.22, Lmax=-4.87
19:43:42 [ultranest] [DEBUG] iteration=4473, ncalls=71459, regioncalls=4989240, ndraw=40, logz=-12.98, remainder_fraction=3.6164%, Lmin=-5.22, Lmax=-4.87
19:43:42 [ultranest] [DEBUG] iteration=4474, ncalls=71466, regioncalls=4989520, ndraw=40, logz=-12.98, remainder_fraction=3.6088%, Lmin=-5.22, Lmax=-4.87
19:43:44 [ultranest] [DEBUG] iteration=4475, ncalls=71495, regioncalls=4990680, ndraw=40, logz=-12.98, remainder_fraction=3.6008%, Lmin=-5.22, Lmax=-4.87
19:43:44 [ultranest] [DEBUG] iteration=4476, ncalls=71502, regioncalls=4990960, ndraw=40, logz=-12.98, remainder_fraction=3.5925%, Lmin=-5.22, Lmax=-4.87
19:43:45 [ultranest] [DEBUG] iteration=4477, ncalls=71511, regioncalls=4991320, ndraw=40, logz=-12.98, remainder_fraction=3.5840%, Lmin=-5.22, Lmax=-4.87
19:43:45 [ultranest] [DEBUG] iteration=4478, ncalls=71516, regioncalls=4991520, ndraw=40, logz=-12.98, remainder_fraction=3.5752%, Lmin=-5.21, Lmax=-4.87
19:43:45 [ultranest] [DEBUG] iteration=4479, ncalls=71519, regioncalls=4991640, ndraw=40, logz=-12.98, remainder_fraction=3.5675%, Lmin=-5.21, Lmax=-4.87
19:43:46 [ultranest] [DEBUG] iteration=4481, ncalls=71544, regioncalls=4992640, ndraw=40, logz=-12.98, remainder_fraction=3.5518%, Lmin=-5.21, Lmax=-4.87
19:43:46 [ultranest] [DEBUG] iteration=4483, ncalls=71547, regioncalls=4992760, ndraw=40, logz=-12.98, remainder_fraction=3.5371%, Lmin=-5.21, Lmax=-4.87
19:43:47 [ultranest] [DEBUG] iteration=4484, ncalls=71557, regioncalls=4993160, ndraw=40, logz=-12.98, remainder_fraction=3.5287%, Lmin=-5.21, Lmax=-4.87
19:43:47 [ultranest] [DEBUG] iteration=4485, ncalls=71566, regioncalls=4993520, ndraw=40, logz=-12.98, remainder_fraction=3.5202%, Lmin=-5.21, Lmax=-4.87
19:43:48 [ultranest] [DEBUG] iteration=4486, ncalls=71591, regioncalls=4994520, ndraw=40, logz=-12.98, remainder_fraction=3.5115%, Lmin=-5.21, Lmax=-4.87
19:43:50 [ultranest] [DEBUG] iteration=4488, ncalls=71618, regioncalls=4995600, ndraw=40, logz=-12.98, remainder_fraction=3.4951%, Lmin=-5.21, Lmax=-4.87
19:43:50 [ultranest] [DEBUG] iteration=4489, ncalls=71624, regioncalls=4995840, ndraw=40, logz=-12.98, remainder_fraction=3.4865%, Lmin=-5.21, Lmax=-4.87
19:43:51 [ultranest] [DEBUG] iteration=4490, ncalls=71638, regioncalls=4996400, ndraw=40, logz=-12.98, remainder_fraction=3.4790%, Lmin=-5.21, Lmax=-4.87
19:43:51 [ultranest] [DEBUG] iteration=4491, ncalls=71653, regioncalls=4997000, ndraw=40, logz=-12.98, remainder_fraction=3.4710%, Lmin=-5.21, Lmax=-4.87
19:43:52 [ultranest] [DEBUG] iteration=4492, ncalls=71668, regioncalls=4997600, ndraw=40, logz=-12.98, remainder_fraction=3.4628%, Lmin=-5.21, Lmax=-4.87
19:43:53 [ultranest] [DEBUG] iteration=4493, ncalls=71679, regioncalls=4998040, ndraw=40, logz=-12.98, remainder_fraction=3.4555%, Lmin=-5.21, Lmax=-4.87
19:43:53 [ultranest] [DEBUG] iteration=4494, ncalls=71687, regioncalls=4998400, ndraw=40, logz=-12.98, remainder_fraction=3.4483%, Lmin=-5.21, Lmax=-4.87
19:43:54 [ultranest] [DEBUG] iteration=4496, ncalls=71704, regioncalls=4999080, ndraw=40, logz=-12.98, remainder_fraction=3.4327%, Lmin=-5.21, Lmax=-4.87
19:43:54 [ultranest] [DEBUG] iteration=4497, ncalls=71711, regioncalls=4999360, ndraw=40, logz=-12.98, remainder_fraction=3.4248%, Lmin=-5.21, Lmax=-4.87
19:43:55 [ultranest] [DEBUG] iteration=4498, ncalls=71730, regioncalls=5000120, ndraw=40, logz=-12.98, remainder_fraction=3.4172%, Lmin=-5.21, Lmax=-4.87
19:43:56 [ultranest] [DEBUG] iteration=4499, ncalls=71742, regioncalls=5000600, ndraw=40, logz=-12.98, remainder_fraction=3.4093%, Lmin=-5.21, Lmax=-4.87
19:43:56 [ultranest] [DEBUG] iteration=4500, ncalls=71747, regioncalls=5000800, ndraw=40, logz=-12.98, remainder_fraction=3.4014%, Lmin=-5.21, Lmax=-4.87
19:43:56 [ultranest] [DEBUG] iteration=4501, ncalls=71753, regioncalls=5001040, ndraw=40, logz=-12.98, remainder_fraction=3.3931%, Lmin=-5.21, Lmax=-4.87
19:43:57 [ultranest] [DEBUG] iteration=4502, ncalls=71768, regioncalls=5001640, ndraw=40, logz=-12.98, remainder_fraction=3.3853%, Lmin=-5.21, Lmax=-4.87
19:43:57 [ultranest] [DEBUG] iteration=4503, ncalls=71777, regioncalls=5002000, ndraw=40, logz=-12.98, remainder_fraction=3.3772%, Lmin=-5.21, Lmax=-4.87
19:43:58 [ultranest] [DEBUG] iteration=4504, ncalls=71783, regioncalls=5002320, ndraw=40, logz=-12.98, remainder_fraction=3.3696%, Lmin=-5.21, Lmax=-4.87
19:44:00 [ultranest] [DEBUG] iteration=4505, ncalls=71832, regioncalls=5004280, ndraw=40, logz=-12.98, remainder_fraction=3.3616%, Lmin=-5.21, Lmax=-4.87
19:44:02 [ultranest] [DEBUG] iteration=4506, ncalls=71873, regioncalls=5005920, ndraw=40, logz=-12.98, remainder_fraction=3.3543%, Lmin=-5.21, Lmax=-4.87
19:44:02 [ultranest] [DEBUG] iteration=4507, ncalls=71885, regioncalls=5006400, ndraw=40, logz=-12.98, remainder_fraction=3.3460%, Lmin=-5.21, Lmax=-4.87
19:44:02 [ultranest] [DEBUG] iteration=4508, ncalls=71889, regioncalls=5006560, ndraw=40, logz=-12.98, remainder_fraction=3.3386%, Lmin=-5.21, Lmax=-4.87
19:44:03 [ultranest] [DEBUG] iteration=4509, ncalls=71908, regioncalls=5007320, ndraw=40, logz=-12.98, remainder_fraction=3.3305%, Lmin=-5.21, Lmax=-4.87
19:44:04 [ultranest] [DEBUG] iteration=4510, ncalls=71916, regioncalls=5007680, ndraw=40, logz=-12.98, remainder_fraction=3.3245%, Lmin=-5.21, Lmax=-4.87
19:44:04 [ultranest] [DEBUG] iteration=4512, ncalls=71920, regioncalls=5007840, ndraw=40, logz=-12.98, remainder_fraction=3.3089%, Lmin=-5.20, Lmax=-4.87
19:44:04 [ultranest] [DEBUG] iteration=4513, ncalls=71929, regioncalls=5008200, ndraw=40, logz=-12.98, remainder_fraction=3.3014%, Lmin=-5.20, Lmax=-4.87
19:44:05 [ultranest] [DEBUG] iteration=4514, ncalls=71940, regioncalls=5008640, ndraw=40, logz=-12.98, remainder_fraction=3.2939%, Lmin=-5.20, Lmax=-4.87
19:44:06 [ultranest] [DEBUG] iteration=4516, ncalls=71952, regioncalls=5009120, ndraw=40, logz=-12.98, remainder_fraction=3.2797%, Lmin=-5.20, Lmax=-4.87
19:44:07 [ultranest] [DEBUG] iteration=4517, ncalls=71970, regioncalls=5009840, ndraw=40, logz=-12.98, remainder_fraction=3.2719%, Lmin=-5.20, Lmax=-4.87
19:44:07 [ultranest] [DEBUG] iteration=4518, ncalls=71981, regioncalls=5010280, ndraw=40, logz=-12.98, remainder_fraction=3.2654%, Lmin=-5.20, Lmax=-4.87
19:44:07 [ultranest] [DEBUG] iteration=4519, ncalls=71986, regioncalls=5010480, ndraw=40, logz=-12.98, remainder_fraction=3.2579%, Lmin=-5.20, Lmax=-4.87
19:44:08 [ultranest] [DEBUG] iteration=4520, ncalls=71996, regioncalls=5010880, ndraw=40, logz=-12.98, remainder_fraction=3.2517%, Lmin=-5.20, Lmax=-4.87
19:44:09 [ultranest] [DEBUG] iteration=4521, ncalls=72023, regioncalls=5011960, ndraw=40, logz=-12.98, remainder_fraction=3.2441%, Lmin=-5.20, Lmax=-4.87
19:44:09 [ultranest] [DEBUG] iteration=4522, ncalls=72032, regioncalls=5012320, ndraw=40, logz=-12.98, remainder_fraction=3.2381%, Lmin=-5.20, Lmax=-4.87
19:44:10 [ultranest] [DEBUG] iteration=4523, ncalls=72044, regioncalls=5012800, ndraw=40, logz=-12.98, remainder_fraction=3.2302%, Lmin=-5.20, Lmax=-4.87
19:44:10 [ultranest] [DEBUG] iteration=4524, ncalls=72050, regioncalls=5013040, ndraw=40, logz=-12.98, remainder_fraction=3.2242%, Lmin=-5.20, Lmax=-4.87
19:44:11 [ultranest] [DEBUG] iteration=4526, ncalls=72064, regioncalls=5013600, ndraw=40, logz=-12.98, remainder_fraction=3.2104%, Lmin=-5.20, Lmax=-4.87
19:44:13 [ultranest] [DEBUG] iteration=4527, ncalls=72105, regioncalls=5015240, ndraw=40, logz=-12.98, remainder_fraction=3.2036%, Lmin=-5.20, Lmax=-4.87
19:44:13 [ultranest] [DEBUG] iteration=4528, ncalls=72113, regioncalls=5015560, ndraw=40, logz=-12.98, remainder_fraction=3.1962%, Lmin=-5.20, Lmax=-4.87
19:44:13 [ultranest] [DEBUG] iteration=4529, ncalls=72115, regioncalls=5015640, ndraw=40, logz=-12.98, remainder_fraction=3.1887%, Lmin=-5.20, Lmax=-4.87
19:44:15 [ultranest] [DEBUG] iteration=4530, ncalls=72139, regioncalls=5016600, ndraw=40, logz=-12.98, remainder_fraction=3.1809%, Lmin=-5.20, Lmax=-4.87
19:44:15 [ultranest] [DEBUG] iteration=4531, ncalls=72154, regioncalls=5017200, ndraw=40, logz=-12.98, remainder_fraction=3.1731%, Lmin=-5.20, Lmax=-4.87
19:44:16 [ultranest] [DEBUG] iteration=4532, ncalls=72180, regioncalls=5018240, ndraw=40, logz=-12.98, remainder_fraction=3.1653%, Lmin=-5.20, Lmax=-4.87
19:44:17 [ultranest] [DEBUG] iteration=4533, ncalls=72189, regioncalls=5018600, ndraw=40, logz=-12.98, remainder_fraction=3.1588%, Lmin=-5.20, Lmax=-4.87
19:44:18 [ultranest] [DEBUG] iteration=4534, ncalls=72212, regioncalls=5019520, ndraw=40, logz=-12.98, remainder_fraction=3.1510%, Lmin=-5.20, Lmax=-4.87
19:44:19 [ultranest] [DEBUG] iteration=4535, ncalls=72239, regioncalls=5020600, ndraw=40, logz=-12.98, remainder_fraction=3.1439%, Lmin=-5.20, Lmax=-4.87
19:44:20 [ultranest] [DEBUG] iteration=4536, ncalls=72252, regioncalls=5021120, ndraw=40, logz=-12.98, remainder_fraction=3.1369%, Lmin=-5.20, Lmax=-4.87
19:44:21 [ultranest] [DEBUG] iteration=4537, ncalls=72270, regioncalls=5021840, ndraw=40, logz=-12.98, remainder_fraction=3.1295%, Lmin=-5.20, Lmax=-4.87
19:44:21 [ultranest] [DEBUG] iteration=4539, ncalls=72283, regioncalls=5022360, ndraw=40, logz=-12.98, remainder_fraction=3.1152%, Lmin=-5.20, Lmax=-4.87
19:44:22 [ultranest] [DEBUG] iteration=4541, ncalls=72308, regioncalls=5023360, ndraw=40, logz=-12.98, remainder_fraction=3.1012%, Lmin=-5.19, Lmax=-4.87
19:44:23 [ultranest] [DEBUG] iteration=4543, ncalls=72316, regioncalls=5023680, ndraw=40, logz=-12.98, remainder_fraction=3.0867%, Lmin=-5.19, Lmax=-4.87
19:44:24 [ultranest] [DEBUG] iteration=4544, ncalls=72338, regioncalls=5024560, ndraw=40, logz=-12.98, remainder_fraction=3.0800%, Lmin=-5.19, Lmax=-4.87
19:44:24 [ultranest] [DEBUG] iteration=4545, ncalls=72342, regioncalls=5024760, ndraw=40, logz=-12.98, remainder_fraction=3.0726%, Lmin=-5.19, Lmax=-4.87
19:44:26 [ultranest] [DEBUG] iteration=4546, ncalls=72374, regioncalls=5026040, ndraw=40, logz=-12.98, remainder_fraction=3.0651%, Lmin=-5.19, Lmax=-4.87
19:44:27 [ultranest] [DEBUG] iteration=4547, ncalls=72402, regioncalls=5027160, ndraw=40, logz=-12.98, remainder_fraction=3.0579%, Lmin=-5.19, Lmax=-4.87
19:44:28 [ultranest] [DEBUG] iteration=4548, ncalls=72424, regioncalls=5028040, ndraw=40, logz=-12.98, remainder_fraction=3.0514%, Lmin=-5.19, Lmax=-4.87
19:44:29 [ultranest] [DEBUG] iteration=4549, ncalls=72436, regioncalls=5028520, ndraw=40, logz=-12.98, remainder_fraction=3.0447%, Lmin=-5.19, Lmax=-4.87
19:44:29 [ultranest] [DEBUG] iteration=4550, ncalls=72438, regioncalls=5028600, ndraw=40, logz=-12.98, remainder_fraction=3.0378%, Lmin=-5.19, Lmax=-4.87
19:44:29 [ultranest] [DEBUG] iteration=4551, ncalls=72445, regioncalls=5028880, ndraw=40, logz=-12.98, remainder_fraction=3.0310%, Lmin=-5.19, Lmax=-4.87
19:44:29 [ultranest] [DEBUG] iteration=4552, ncalls=72450, regioncalls=5029160, ndraw=40, logz=-12.98, remainder_fraction=3.0236%, Lmin=-5.19, Lmax=-4.87
19:44:31 [ultranest] [DEBUG] iteration=4553, ncalls=72486, regioncalls=5031040, ndraw=40, logz=-12.98, remainder_fraction=3.0168%, Lmin=-5.19, Lmax=-4.87
19:44:32 [ultranest] [DEBUG] iteration=4554, ncalls=72503, regioncalls=5031720, ndraw=40, logz=-12.98, remainder_fraction=3.0094%, Lmin=-5.19, Lmax=-4.87
19:44:32 [ultranest] [DEBUG] iteration=4555, ncalls=72510, regioncalls=5032000, ndraw=40, logz=-12.98, remainder_fraction=3.0021%, Lmin=-5.19, Lmax=-4.87
19:44:35 [ultranest] [DEBUG] iteration=4556, ncalls=72559, regioncalls=5033960, ndraw=40, logz=-12.98, remainder_fraction=2.9956%, Lmin=-5.19, Lmax=-4.87
19:44:35 [ultranest] [DEBUG] iteration=4557, ncalls=72567, regioncalls=5034280, ndraw=40, logz=-12.98, remainder_fraction=2.9888%, Lmin=-5.19, Lmax=-4.87
19:44:39 [ultranest] [DEBUG] iteration=4558, ncalls=72655, regioncalls=5037800, ndraw=40, logz=-12.98, remainder_fraction=2.9815%, Lmin=-5.19, Lmax=-4.87
19:44:39 [ultranest] [DEBUG] iteration=4559, ncalls=72660, regioncalls=5038000, ndraw=40, logz=-12.98, remainder_fraction=2.9762%, Lmin=-5.19, Lmax=-4.87
19:44:40 [ultranest] [DEBUG] iteration=4560, ncalls=72667, regioncalls=5038280, ndraw=40, logz=-12.98, remainder_fraction=2.9690%, Lmin=-5.19, Lmax=-4.87
19:44:40 [ultranest] [DEBUG] iteration=4561, ncalls=72671, regioncalls=5038440, ndraw=40, logz=-12.98, remainder_fraction=2.9625%, Lmin=-5.19, Lmax=-4.87
19:44:40 [ultranest] [DEBUG] iteration=4562, ncalls=72679, regioncalls=5038760, ndraw=40, logz=-12.98, remainder_fraction=2.9552%, Lmin=-5.19, Lmax=-4.87
19:44:40 [ultranest] [DEBUG] iteration=4563, ncalls=72684, regioncalls=5038960, ndraw=40, logz=-12.98, remainder_fraction=2.9482%, Lmin=-5.19, Lmax=-4.87
19:44:42 [ultranest] [DEBUG] iteration=4564, ncalls=72709, regioncalls=5039960, ndraw=40, logz=-12.98, remainder_fraction=2.9431%, Lmin=-5.19, Lmax=-4.87
19:44:42 [ultranest] [DEBUG] iteration=4565, ncalls=72719, regioncalls=5040360, ndraw=40, logz=-12.98, remainder_fraction=2.9365%, Lmin=-5.19, Lmax=-4.87
19:44:42 [ultranest] [DEBUG] iteration=4566, ncalls=72726, regioncalls=5040640, ndraw=40, logz=-12.98, remainder_fraction=2.9295%, Lmin=-5.19, Lmax=-4.87
19:44:44 [ultranest] [DEBUG] iteration=4567, ncalls=72752, regioncalls=5041680, ndraw=40, logz=-12.98, remainder_fraction=2.9226%, Lmin=-5.19, Lmax=-4.87
19:44:44 [ultranest] [DEBUG] iteration=4568, ncalls=72766, regioncalls=5042240, ndraw=40, logz=-12.98, remainder_fraction=2.9158%, Lmin=-5.19, Lmax=-4.87
19:44:46 [ultranest] [DEBUG] iteration=4569, ncalls=72804, regioncalls=5043760, ndraw=40, logz=-12.98, remainder_fraction=2.9086%, Lmin=-5.19, Lmax=-4.87
19:44:46 [ultranest] [DEBUG] iteration=4570, ncalls=72806, regioncalls=5043840, ndraw=40, logz=-12.98, remainder_fraction=2.9022%, Lmin=-5.19, Lmax=-4.87
19:44:47 [ultranest] [DEBUG] iteration=4571, ncalls=72828, regioncalls=5044720, ndraw=40, logz=-12.98, remainder_fraction=2.8951%, Lmin=-5.18, Lmax=-4.87
19:44:48 [ultranest] [DEBUG] iteration=4572, ncalls=72844, regioncalls=5045360, ndraw=40, logz=-12.98, remainder_fraction=2.8881%, Lmin=-5.18, Lmax=-4.87
19:44:48 [ultranest] [DEBUG] iteration=4574, ncalls=72848, regioncalls=5045520, ndraw=40, logz=-12.98, remainder_fraction=2.8757%, Lmin=-5.18, Lmax=-4.87
19:44:49 [ultranest] [DEBUG] iteration=4575, ncalls=72857, regioncalls=5045880, ndraw=40, logz=-12.98, remainder_fraction=2.8702%, Lmin=-5.18, Lmax=-4.87
19:44:49 [ultranest] [DEBUG] iteration=4577, ncalls=72861, regioncalls=5046040, ndraw=40, logz=-12.98, remainder_fraction=2.8566%, Lmin=-5.18, Lmax=-4.87
19:44:49 [ultranest] [DEBUG] iteration=4578, ncalls=72864, regioncalls=5046160, ndraw=40, logz=-12.98, remainder_fraction=2.8506%, Lmin=-5.18, Lmax=-4.87
19:44:50 [ultranest] [DEBUG] iteration=4579, ncalls=72894, regioncalls=5047360, ndraw=40, logz=-12.98, remainder_fraction=2.8444%, Lmin=-5.18, Lmax=-4.87
19:44:51 [ultranest] [DEBUG] iteration=4580, ncalls=72908, regioncalls=5048000, ndraw=40, logz=-12.98, remainder_fraction=2.8380%, Lmin=-5.18, Lmax=-4.87
19:44:51 [ultranest] [DEBUG] iteration=4581, ncalls=72911, regioncalls=5048120, ndraw=40, logz=-12.98, remainder_fraction=2.8324%, Lmin=-5.18, Lmax=-4.87
19:44:51 [ultranest] [DEBUG] iteration=4582, ncalls=72917, regioncalls=5048400, ndraw=40, logz=-12.98, remainder_fraction=2.8261%, Lmin=-5.18, Lmax=-4.87
19:44:53 [ultranest] [DEBUG] iteration=4583, ncalls=72944, regioncalls=5049480, ndraw=40, logz=-12.98, remainder_fraction=2.8200%, Lmin=-5.18, Lmax=-4.87
19:44:53 [ultranest] [DEBUG] iteration=4584, ncalls=72946, regioncalls=5049560, ndraw=40, logz=-12.98, remainder_fraction=2.8133%, Lmin=-5.18, Lmax=-4.87
19:44:53 [ultranest] [DEBUG] iteration=4585, ncalls=72949, regioncalls=5049680, ndraw=40, logz=-12.98, remainder_fraction=2.8079%, Lmin=-5.18, Lmax=-4.87
19:44:53 [ultranest] [DEBUG] iteration=4586, ncalls=72958, regioncalls=5050040, ndraw=40, logz=-12.98, remainder_fraction=2.8020%, Lmin=-5.18, Lmax=-4.87
19:44:54 [ultranest] [DEBUG] iteration=4587, ncalls=72978, regioncalls=5050880, ndraw=40, logz=-12.98, remainder_fraction=2.7961%, Lmin=-5.18, Lmax=-4.87
19:44:57 [ultranest] [DEBUG] iteration=4588, ncalls=73037, regioncalls=5053720, ndraw=40, logz=-12.98, remainder_fraction=2.7897%, Lmin=-5.18, Lmax=-4.87
19:44:58 [ultranest] [DEBUG] iteration=4589, ncalls=73046, regioncalls=5054080, ndraw=40, logz=-12.98, remainder_fraction=2.7829%, Lmin=-5.18, Lmax=-4.87
19:44:59 [ultranest] [DEBUG] iteration=4590, ncalls=73078, regioncalls=5055480, ndraw=40, logz=-12.98, remainder_fraction=2.7762%, Lmin=-5.18, Lmax=-4.87
19:45:00 [ultranest] [DEBUG] iteration=4591, ncalls=73089, regioncalls=5055920, ndraw=40, logz=-12.98, remainder_fraction=2.7698%, Lmin=-5.18, Lmax=-4.87
19:45:00 [ultranest] [DEBUG] iteration=4592, ncalls=73106, regioncalls=5056600, ndraw=40, logz=-12.98, remainder_fraction=2.7634%, Lmin=-5.18, Lmax=-4.87
19:45:01 [ultranest] [DEBUG] iteration=4593, ncalls=73116, regioncalls=5057000, ndraw=40, logz=-12.98, remainder_fraction=2.7572%, Lmin=-5.18, Lmax=-4.87
19:45:02 [ultranest] [DEBUG] iteration=4594, ncalls=73133, regioncalls=5057680, ndraw=40, logz=-12.98, remainder_fraction=2.7508%, Lmin=-5.18, Lmax=-4.87
19:45:02 [ultranest] [DEBUG] iteration=4595, ncalls=73137, regioncalls=5057840, ndraw=40, logz=-12.98, remainder_fraction=2.7443%, Lmin=-5.18, Lmax=-4.87
19:45:04 [ultranest] [DEBUG] iteration=4596, ncalls=73173, regioncalls=5059280, ndraw=40, logz=-12.98, remainder_fraction=2.7382%, Lmin=-5.18, Lmax=-4.87
19:45:04 [ultranest] [DEBUG] iteration=4597, ncalls=73191, regioncalls=5060000, ndraw=40, logz=-12.98, remainder_fraction=2.7327%, Lmin=-5.18, Lmax=-4.87
19:45:06 [ultranest] [DEBUG] iteration=4598, ncalls=73214, regioncalls=5060920, ndraw=40, logz=-12.98, remainder_fraction=2.7262%, Lmin=-5.18, Lmax=-4.87
19:45:06 [ultranest] [DEBUG] iteration=4599, ncalls=73219, regioncalls=5061120, ndraw=40, logz=-12.98, remainder_fraction=2.7206%, Lmin=-5.18, Lmax=-4.87
19:45:07 [ultranest] [DEBUG] iteration=4600, ncalls=73237, regioncalls=5061840, ndraw=40, logz=-12.98, remainder_fraction=2.7150%, Lmin=-5.18, Lmax=-4.87
19:45:07 [ultranest] [DEBUG] iteration=4601, ncalls=73252, regioncalls=5062440, ndraw=40, logz=-12.98, remainder_fraction=2.7089%, Lmin=-5.18, Lmax=-4.87
19:45:08 [ultranest] [DEBUG] iteration=4602, ncalls=73258, regioncalls=5062680, ndraw=40, logz=-12.98, remainder_fraction=2.7040%, Lmin=-5.18, Lmax=-4.87
19:45:08 [ultranest] [DEBUG] iteration=4603, ncalls=73261, regioncalls=5062800, ndraw=40, logz=-12.98, remainder_fraction=2.6977%, Lmin=-5.18, Lmax=-4.87
19:45:09 [ultranest] [DEBUG] iteration=4604, ncalls=73274, regioncalls=5063360, ndraw=40, logz=-12.98, remainder_fraction=2.6911%, Lmin=-5.18, Lmax=-4.87
19:45:09 [ultranest] [DEBUG] iteration=4605, ncalls=73281, regioncalls=5063640, ndraw=40, logz=-12.98, remainder_fraction=2.6847%, Lmin=-5.18, Lmax=-4.87
19:45:10 [ultranest] [DEBUG] iteration=4606, ncalls=73296, regioncalls=5064240, ndraw=40, logz=-12.98, remainder_fraction=2.6789%, Lmin=-5.18, Lmax=-4.87
19:45:10 [ultranest] [DEBUG] iteration=4607, ncalls=73304, regioncalls=5064560, ndraw=40, logz=-12.98, remainder_fraction=2.6730%, Lmin=-5.17, Lmax=-4.87
19:45:11 [ultranest] [DEBUG] iteration=4609, ncalls=73315, regioncalls=5065000, ndraw=40, logz=-12.97, remainder_fraction=2.6601%, Lmin=-5.17, Lmax=-4.87
19:45:11 [ultranest] [DEBUG] iteration=4610, ncalls=73318, regioncalls=5065120, ndraw=40, logz=-12.97, remainder_fraction=2.6542%, Lmin=-5.17, Lmax=-4.87
19:45:12 [ultranest] [DEBUG] iteration=4612, ncalls=73338, regioncalls=5065920, ndraw=40, logz=-12.97, remainder_fraction=2.6415%, Lmin=-5.17, Lmax=-4.87
19:45:12 [ultranest] [DEBUG] iteration=4613, ncalls=73345, regioncalls=5066200, ndraw=40, logz=-12.97, remainder_fraction=2.6353%, Lmin=-5.17, Lmax=-4.87
19:45:13 [ultranest] [DEBUG] iteration=4614, ncalls=73364, regioncalls=5066960, ndraw=40, logz=-12.97, remainder_fraction=2.6289%, Lmin=-5.17, Lmax=-4.87
19:45:14 [ultranest] [DEBUG] iteration=4615, ncalls=73393, regioncalls=5068120, ndraw=40, logz=-12.97, remainder_fraction=2.6228%, Lmin=-5.17, Lmax=-4.87
19:45:15 [ultranest] [DEBUG] iteration=4617, ncalls=73402, regioncalls=5068480, ndraw=40, logz=-12.97, remainder_fraction=2.6114%, Lmin=-5.17, Lmax=-4.87
19:45:15 [ultranest] [DEBUG] iteration=4619, ncalls=73417, regioncalls=5069080, ndraw=40, logz=-12.97, remainder_fraction=2.6006%, Lmin=-5.17, Lmax=-4.87
19:45:16 [ultranest] [DEBUG] iteration=4620, ncalls=73422, regioncalls=5069280, ndraw=40, logz=-12.97, remainder_fraction=2.5943%, Lmin=-5.17, Lmax=-4.87
19:45:17 [ultranest] [DEBUG] iteration=4621, ncalls=73440, regioncalls=5070000, ndraw=40, logz=-12.97, remainder_fraction=2.5892%, Lmin=-5.17, Lmax=-4.87
19:45:17 [ultranest] [DEBUG] iteration=4622, ncalls=73450, regioncalls=5070400, ndraw=40, logz=-12.97, remainder_fraction=2.5828%, Lmin=-5.17, Lmax=-4.87
19:45:18 [ultranest] [DEBUG] iteration=4623, ncalls=73461, regioncalls=5070840, ndraw=40, logz=-12.97, remainder_fraction=2.5766%, Lmin=-5.17, Lmax=-4.87
19:45:18 [ultranest] [DEBUG] iteration=4624, ncalls=73468, regioncalls=5071120, ndraw=40, logz=-12.97, remainder_fraction=2.5703%, Lmin=-5.17, Lmax=-4.87
19:45:18 [ultranest] [DEBUG] iteration=4626, ncalls=73476, regioncalls=5071440, ndraw=40, logz=-12.97, remainder_fraction=2.5588%, Lmin=-5.17, Lmax=-4.87
19:45:19 [ultranest] [DEBUG] iteration=4627, ncalls=73495, regioncalls=5072200, ndraw=40, logz=-12.97, remainder_fraction=2.5527%, Lmin=-5.17, Lmax=-4.87
19:45:20 [ultranest] [DEBUG] iteration=4628, ncalls=73504, regioncalls=5072840, ndraw=40, logz=-12.97, remainder_fraction=2.5478%, Lmin=-5.17, Lmax=-4.87
19:45:20 [ultranest] [DEBUG] iteration=4629, ncalls=73510, regioncalls=5073080, ndraw=40, logz=-12.97, remainder_fraction=2.5427%, Lmin=-5.17, Lmax=-4.87
19:45:20 [ultranest] [DEBUG] iteration=4630, ncalls=73518, regioncalls=5073400, ndraw=40, logz=-12.97, remainder_fraction=2.5363%, Lmin=-5.17, Lmax=-4.87
19:45:21 [ultranest] [DEBUG] iteration=4631, ncalls=73525, regioncalls=5073680, ndraw=40, logz=-12.97, remainder_fraction=2.5308%, Lmin=-5.17, Lmax=-4.87
19:45:21 [ultranest] [DEBUG] iteration=4633, ncalls=73533, regioncalls=5074000, ndraw=40, logz=-12.97, remainder_fraction=2.5194%, Lmin=-5.17, Lmax=-4.87
19:45:21 [ultranest] [DEBUG] iteration=4634, ncalls=73536, regioncalls=5074120, ndraw=40, logz=-12.97, remainder_fraction=2.5137%, Lmin=-5.16, Lmax=-4.87
19:45:22 [ultranest] [DEBUG] iteration=4635, ncalls=73556, regioncalls=5074920, ndraw=40, logz=-12.97, remainder_fraction=2.5080%, Lmin=-5.16, Lmax=-4.87
19:45:23 [ultranest] [DEBUG] iteration=4636, ncalls=73579, regioncalls=5075840, ndraw=40, logz=-12.97, remainder_fraction=2.5019%, Lmin=-5.16, Lmax=-4.87
19:45:25 [ultranest] [DEBUG] iteration=4638, ncalls=73616, regioncalls=5077320, ndraw=40, logz=-12.97, remainder_fraction=2.4905%, Lmin=-5.16, Lmax=-4.87
19:45:25 [ultranest] [DEBUG] iteration=4639, ncalls=73625, regioncalls=5077680, ndraw=40, logz=-12.97, remainder_fraction=2.4847%, Lmin=-5.16, Lmax=-4.87
19:45:25 [ultranest] [DEBUG] iteration=4641, ncalls=73627, regioncalls=5077760, ndraw=40, logz=-12.97, remainder_fraction=2.4726%, Lmin=-5.16, Lmax=-4.87
19:45:26 [ultranest] [DEBUG] iteration=4642, ncalls=73634, regioncalls=5078040, ndraw=40, logz=-12.97, remainder_fraction=2.4665%, Lmin=-5.16, Lmax=-4.87
19:45:26 [ultranest] [DEBUG] iteration=4643, ncalls=73643, regioncalls=5078400, ndraw=40, logz=-12.97, remainder_fraction=2.4608%, Lmin=-5.16, Lmax=-4.87
19:45:26 [ultranest] [DEBUG] iteration=4644, ncalls=73649, regioncalls=5078640, ndraw=40, logz=-12.97, remainder_fraction=2.4547%, Lmin=-5.16, Lmax=-4.87
19:45:27 [ultranest] [DEBUG] iteration=4645, ncalls=73653, regioncalls=5078800, ndraw=40, logz=-12.97, remainder_fraction=2.4488%, Lmin=-5.16, Lmax=-4.87
19:45:27 [ultranest] [DEBUG] iteration=4646, ncalls=73658, regioncalls=5079000, ndraw=40, logz=-12.97, remainder_fraction=2.4427%, Lmin=-5.16, Lmax=-4.87
19:45:28 [ultranest] [DEBUG] iteration=4647, ncalls=73673, regioncalls=5079600, ndraw=40, logz=-12.97, remainder_fraction=2.4367%, Lmin=-5.16, Lmax=-4.87
19:45:28 [ultranest] [DEBUG] iteration=4648, ncalls=73678, regioncalls=5079800, ndraw=40, logz=-12.97, remainder_fraction=2.4307%, Lmin=-5.16, Lmax=-4.87
19:45:28 [ultranest] [DEBUG] iteration=4649, ncalls=73685, regioncalls=5080080, ndraw=40, logz=-12.97, remainder_fraction=2.4249%, Lmin=-5.16, Lmax=-4.87
19:45:29 [ultranest] [DEBUG] iteration=4650, ncalls=73703, regioncalls=5080840, ndraw=40, logz=-12.97, remainder_fraction=2.4197%, Lmin=-5.16, Lmax=-4.87
19:45:29 [ultranest] [DEBUG] iteration=4651, ncalls=73705, regioncalls=5080920, ndraw=40, logz=-12.97, remainder_fraction=2.4150%, Lmin=-5.16, Lmax=-4.87
19:45:30 [ultranest] [DEBUG] iteration=4652, ncalls=73717, regioncalls=5081400, ndraw=40, logz=-12.97, remainder_fraction=2.4092%, Lmin=-5.16, Lmax=-4.87
19:45:30 [ultranest] [DEBUG] iteration=4654, ncalls=73720, regioncalls=5081520, ndraw=40, logz=-12.97, remainder_fraction=2.3989%, Lmin=-5.16, Lmax=-4.87
19:45:30 [ultranest] [DEBUG] iteration=4656, ncalls=73730, regioncalls=5081920, ndraw=40, logz=-12.97, remainder_fraction=2.3885%, Lmin=-5.16, Lmax=-4.87
19:45:30 [ultranest] [DEBUG] iteration=4657, ncalls=73733, regioncalls=5082040, ndraw=40, logz=-12.97, remainder_fraction=2.3829%, Lmin=-5.16, Lmax=-4.87
19:45:31 [ultranest] [DEBUG] iteration=4658, ncalls=73740, regioncalls=5082320, ndraw=40, logz=-12.97, remainder_fraction=2.3775%, Lmin=-5.16, Lmax=-4.87
19:45:32 [ultranest] [DEBUG] iteration=4660, ncalls=73757, regioncalls=5083000, ndraw=40, logz=-12.97, remainder_fraction=2.3659%, Lmin=-5.16, Lmax=-4.87
19:45:32 [ultranest] [DEBUG] iteration=4662, ncalls=73768, regioncalls=5083440, ndraw=40, logz=-12.97, remainder_fraction=2.3547%, Lmin=-5.16, Lmax=-4.87
19:45:33 [ultranest] [DEBUG] iteration=4663, ncalls=73786, regioncalls=5084160, ndraw=40, logz=-12.97, remainder_fraction=2.3490%, Lmin=-5.16, Lmax=-4.87
19:45:33 [ultranest] [DEBUG] iteration=4664, ncalls=73798, regioncalls=5084640, ndraw=40, logz=-12.97, remainder_fraction=2.3438%, Lmin=-5.16, Lmax=-4.87
19:45:34 [ultranest] [DEBUG] iteration=4665, ncalls=73817, regioncalls=5085400, ndraw=40, logz=-12.97, remainder_fraction=2.3383%, Lmin=-5.16, Lmax=-4.87
19:45:35 [ultranest] [DEBUG] iteration=4667, ncalls=73829, regioncalls=5085880, ndraw=40, logz=-12.97, remainder_fraction=2.3268%, Lmin=-5.16, Lmax=-4.87
19:45:37 [ultranest] [DEBUG] iteration=4668, ncalls=73871, regioncalls=5087600, ndraw=40, logz=-12.97, remainder_fraction=2.3216%, Lmin=-5.15, Lmax=-4.87
19:45:38 [ultranest] [DEBUG] iteration=4669, ncalls=73890, regioncalls=5088360, ndraw=40, logz=-12.97, remainder_fraction=2.3159%, Lmin=-5.15, Lmax=-4.87
19:45:38 [ultranest] [DEBUG] iteration=4670, ncalls=73892, regioncalls=5088440, ndraw=40, logz=-12.97, remainder_fraction=2.3105%, Lmin=-5.15, Lmax=-4.87
19:45:39 [ultranest] [DEBUG] iteration=4671, ncalls=73910, regioncalls=5089160, ndraw=40, logz=-12.97, remainder_fraction=2.3051%, Lmin=-5.15, Lmax=-4.87
19:45:39 [ultranest] [DEBUG] iteration=4672, ncalls=73921, regioncalls=5089600, ndraw=40, logz=-12.97, remainder_fraction=2.2996%, Lmin=-5.15, Lmax=-4.87
19:45:39 [ultranest] [DEBUG] iteration=4673, ncalls=73926, regioncalls=5089800, ndraw=40, logz=-12.97, remainder_fraction=2.2944%, Lmin=-5.15, Lmax=-4.87
19:45:40 [ultranest] [DEBUG] iteration=4674, ncalls=73935, regioncalls=5090160, ndraw=40, logz=-12.97, remainder_fraction=2.2889%, Lmin=-5.15, Lmax=-4.87
19:45:40 [ultranest] [DEBUG] iteration=4675, ncalls=73946, regioncalls=5090600, ndraw=40, logz=-12.97, remainder_fraction=2.2839%, Lmin=-5.15, Lmax=-4.87
19:45:41 [ultranest] [DEBUG] iteration=4676, ncalls=73955, regioncalls=5090960, ndraw=40, logz=-12.97, remainder_fraction=2.2783%, Lmin=-5.15, Lmax=-4.87
19:45:41 [ultranest] [DEBUG] iteration=4677, ncalls=73965, regioncalls=5091360, ndraw=40, logz=-12.97, remainder_fraction=2.2730%, Lmin=-5.15, Lmax=-4.87
19:45:42 [ultranest] [DEBUG] iteration=4678, ncalls=73985, regioncalls=5092160, ndraw=40, logz=-12.97, remainder_fraction=2.2682%, Lmin=-5.15, Lmax=-4.87
19:45:43 [ultranest] [DEBUG] iteration=4679, ncalls=73995, regioncalls=5092560, ndraw=40, logz=-12.97, remainder_fraction=2.2641%, Lmin=-5.15, Lmax=-4.87
19:45:43 [ultranest] [DEBUG] iteration=4680, ncalls=74005, regioncalls=5092960, ndraw=40, logz=-12.97, remainder_fraction=2.2593%, Lmin=-5.15, Lmax=-4.87
19:45:43 [ultranest] [DEBUG] iteration=4681, ncalls=74008, regioncalls=5093080, ndraw=40, logz=-12.97, remainder_fraction=2.2541%, Lmin=-5.15, Lmax=-4.87
19:45:44 [ultranest] [DEBUG] iteration=4683, ncalls=74017, regioncalls=5093440, ndraw=40, logz=-12.97, remainder_fraction=2.2438%, Lmin=-5.15, Lmax=-4.87
19:45:45 [ultranest] [DEBUG] iteration=4684, ncalls=74041, regioncalls=5094560, ndraw=40, logz=-12.97, remainder_fraction=2.2384%, Lmin=-5.15, Lmax=-4.87
19:45:45 [ultranest] [DEBUG] iteration=4685, ncalls=74048, regioncalls=5094840, ndraw=40, logz=-12.97, remainder_fraction=2.2330%, Lmin=-5.15, Lmax=-4.87
19:45:46 [ultranest] [DEBUG] iteration=4686, ncalls=74074, regioncalls=5095880, ndraw=40, logz=-12.97, remainder_fraction=2.2274%, Lmin=-5.15, Lmax=-4.87
19:45:47 [ultranest] [DEBUG] iteration=4687, ncalls=74096, regioncalls=5096760, ndraw=40, logz=-12.97, remainder_fraction=2.2225%, Lmin=-5.15, Lmax=-4.87
19:45:48 [ultranest] [DEBUG] iteration=4688, ncalls=74100, regioncalls=5096920, ndraw=40, logz=-12.97, remainder_fraction=2.2174%, Lmin=-5.15, Lmax=-4.87
19:45:48 [ultranest] [DEBUG] iteration=4689, ncalls=74109, regioncalls=5097280, ndraw=40, logz=-12.97, remainder_fraction=2.2124%, Lmin=-5.15, Lmax=-4.87
19:45:49 [ultranest] [DEBUG] iteration=4690, ncalls=74124, regioncalls=5097880, ndraw=40, logz=-12.97, remainder_fraction=2.2074%, Lmin=-5.15, Lmax=-4.87
19:45:50 [ultranest] [DEBUG] iteration=4691, ncalls=74146, regioncalls=5098760, ndraw=40, logz=-12.97, remainder_fraction=2.2020%, Lmin=-5.15, Lmax=-4.87
19:45:50 [ultranest] [DEBUG] iteration=4692, ncalls=74154, regioncalls=5099080, ndraw=40, logz=-12.97, remainder_fraction=2.1966%, Lmin=-5.15, Lmax=-4.87
19:45:51 [ultranest] [DEBUG] iteration=4694, ncalls=74171, regioncalls=5099800, ndraw=40, logz=-12.97, remainder_fraction=2.1870%, Lmin=-5.15, Lmax=-4.87
19:45:52 [ultranest] [DEBUG] iteration=4696, ncalls=74188, regioncalls=5100480, ndraw=40, logz=-12.97, remainder_fraction=2.1767%, Lmin=-5.15, Lmax=-4.87
19:45:52 [ultranest] [DEBUG] iteration=4697, ncalls=74197, regioncalls=5100840, ndraw=40, logz=-12.97, remainder_fraction=2.1713%, Lmin=-5.15, Lmax=-4.87
19:45:53 [ultranest] [DEBUG] iteration=4698, ncalls=74202, regioncalls=5101040, ndraw=40, logz=-12.97, remainder_fraction=2.1659%, Lmin=-5.15, Lmax=-4.87
19:45:53 [ultranest] [DEBUG] iteration=4700, ncalls=74204, regioncalls=5101120, ndraw=40, logz=-12.97, remainder_fraction=2.1555%, Lmin=-5.15, Lmax=-4.87
19:45:53 [ultranest] [DEBUG] iteration=4701, ncalls=74207, regioncalls=5101240, ndraw=40, logz=-12.97, remainder_fraction=2.1504%, Lmin=-5.15, Lmax=-4.87
19:45:54 [ultranest] [DEBUG] iteration=4702, ncalls=74235, regioncalls=5102360, ndraw=40, logz=-12.97, remainder_fraction=2.1453%, Lmin=-5.15, Lmax=-4.87
19:45:55 [ultranest] [DEBUG] iteration=4703, ncalls=74240, regioncalls=5102560, ndraw=40, logz=-12.97, remainder_fraction=2.1401%, Lmin=-5.15, Lmax=-4.87
19:45:55 [ultranest] [DEBUG] iteration=4704, ncalls=74247, regioncalls=5102840, ndraw=40, logz=-12.97, remainder_fraction=2.1352%, Lmin=-5.15, Lmax=-4.87
19:45:55 [ultranest] [DEBUG] iteration=4707, ncalls=74261, regioncalls=5103400, ndraw=40, logz=-12.97, remainder_fraction=2.1200%, Lmin=-5.15, Lmax=-4.87
19:45:56 [ultranest] [DEBUG] iteration=4708, ncalls=74268, regioncalls=5103680, ndraw=40, logz=-12.97, remainder_fraction=2.1149%, Lmin=-5.15, Lmax=-4.87
19:45:56 [ultranest] [DEBUG] iteration=4709, ncalls=74282, regioncalls=5104240, ndraw=40, logz=-12.97, remainder_fraction=2.1100%, Lmin=-5.15, Lmax=-4.87
19:45:57 [ultranest] [DEBUG] iteration=4710, ncalls=74284, regioncalls=5104320, ndraw=40, logz=-12.97, remainder_fraction=2.1050%, Lmin=-5.15, Lmax=-4.87
19:45:57 [ultranest] [DEBUG] iteration=4711, ncalls=74290, regioncalls=5104560, ndraw=40, logz=-12.97, remainder_fraction=2.0998%, Lmin=-5.14, Lmax=-4.87
19:45:58 [ultranest] [DEBUG] iteration=4712, ncalls=74321, regioncalls=5105800, ndraw=40, logz=-12.97, remainder_fraction=2.0946%, Lmin=-5.14, Lmax=-4.87
19:45:59 [ultranest] [DEBUG] iteration=4713, ncalls=74339, regioncalls=5106520, ndraw=40, logz=-12.97, remainder_fraction=2.0894%, Lmin=-5.14, Lmax=-4.87
19:46:00 [ultranest] [DEBUG] iteration=4714, ncalls=74362, regioncalls=5107440, ndraw=40, logz=-12.97, remainder_fraction=2.0845%, Lmin=-5.14, Lmax=-4.87
19:46:01 [ultranest] [DEBUG] iteration=4715, ncalls=74379, regioncalls=5108120, ndraw=40, logz=-12.97, remainder_fraction=2.0796%, Lmin=-5.14, Lmax=-4.87
19:46:01 [ultranest] [DEBUG] iteration=4716, ncalls=74388, regioncalls=5108480, ndraw=40, logz=-12.97, remainder_fraction=2.0748%, Lmin=-5.14, Lmax=-4.87
19:46:02 [ultranest] [DEBUG] iteration=4718, ncalls=74411, regioncalls=5109400, ndraw=40, logz=-12.97, remainder_fraction=2.0647%, Lmin=-5.14, Lmax=-4.87
19:46:02 [ultranest] [DEBUG] iteration=4719, ncalls=74417, regioncalls=5109640, ndraw=40, logz=-12.97, remainder_fraction=2.0600%, Lmin=-5.14, Lmax=-4.87
19:46:03 [ultranest] [DEBUG] iteration=4720, ncalls=74424, regioncalls=5109920, ndraw=40, logz=-12.97, remainder_fraction=2.0549%, Lmin=-5.14, Lmax=-4.87
19:46:03 [ultranest] [DEBUG] iteration=4722, ncalls=74430, regioncalls=5110160, ndraw=40, logz=-12.97, remainder_fraction=2.0460%, Lmin=-5.14, Lmax=-4.87
19:46:04 [ultranest] [DEBUG] iteration=4724, ncalls=74454, regioncalls=5111120, ndraw=40, logz=-12.97, remainder_fraction=2.0365%, Lmin=-5.14, Lmax=-4.87
19:46:04 [ultranest] [DEBUG] iteration=4725, ncalls=74460, regioncalls=5111360, ndraw=40, logz=-12.97, remainder_fraction=2.0322%, Lmin=-5.14, Lmax=-4.87
19:46:04 [ultranest] [DEBUG] iteration=4726, ncalls=74477, regioncalls=5112040, ndraw=40, logz=-12.97, remainder_fraction=2.0271%, Lmin=-5.14, Lmax=-4.87
19:46:05 [ultranest] [DEBUG] iteration=4728, ncalls=74485, regioncalls=5112360, ndraw=40, logz=-12.97, remainder_fraction=2.0174%, Lmin=-5.14, Lmax=-4.87
19:46:05 [ultranest] [DEBUG] iteration=4729, ncalls=74501, regioncalls=5113000, ndraw=40, logz=-12.97, remainder_fraction=2.0126%, Lmin=-5.14, Lmax=-4.87
19:46:06 [ultranest] [DEBUG] iteration=4731, ncalls=74516, regioncalls=5113600, ndraw=40, logz=-12.97, remainder_fraction=2.0034%, Lmin=-5.14, Lmax=-4.87
19:46:06 [ultranest] [DEBUG] iteration=4732, ncalls=74524, regioncalls=5113920, ndraw=40, logz=-12.97, remainder_fraction=1.9989%, Lmin=-5.14, Lmax=-4.87
19:46:06 [ultranest] [DEBUG] iteration=4733, ncalls=74538, regioncalls=5114480, ndraw=40, logz=-12.97, remainder_fraction=1.9947%, Lmin=-5.14, Lmax=-4.87
19:46:07 [ultranest] [DEBUG] iteration=4734, ncalls=74545, regioncalls=5114760, ndraw=40, logz=-12.97, remainder_fraction=1.9901%, Lmin=-5.14, Lmax=-4.87
19:46:07 [ultranest] [DEBUG] iteration=4736, ncalls=74566, regioncalls=5115600, ndraw=40, logz=-12.97, remainder_fraction=1.9806%, Lmin=-5.14, Lmax=-4.87
19:46:08 [ultranest] [DEBUG] iteration=4737, ncalls=74575, regioncalls=5115960, ndraw=40, logz=-12.97, remainder_fraction=1.9761%, Lmin=-5.14, Lmax=-4.87
19:46:08 [ultranest] [DEBUG] iteration=4738, ncalls=74581, regioncalls=5116200, ndraw=40, logz=-12.97, remainder_fraction=1.9714%, Lmin=-5.14, Lmax=-4.87
19:46:08 [ultranest] [DEBUG] iteration=4739, ncalls=74590, regioncalls=5116560, ndraw=40, logz=-12.97, remainder_fraction=1.9665%, Lmin=-5.14, Lmax=-4.87
19:46:08 [ultranest] [DEBUG] iteration=4740, ncalls=74601, regioncalls=5117000, ndraw=40, logz=-12.97, remainder_fraction=1.9616%, Lmin=-5.14, Lmax=-4.87
19:46:09 [ultranest] [DEBUG] iteration=4741, ncalls=74604, regioncalls=5117120, ndraw=40, logz=-12.97, remainder_fraction=1.9570%, Lmin=-5.14, Lmax=-4.87
19:46:10 [ultranest] [DEBUG] iteration=4742, ncalls=74644, regioncalls=5118720, ndraw=40, logz=-12.97, remainder_fraction=1.9525%, Lmin=-5.14, Lmax=-4.87
19:46:10 [ultranest] [DEBUG] iteration=4743, ncalls=74648, regioncalls=5118880, ndraw=40, logz=-12.97, remainder_fraction=1.9477%, Lmin=-5.13, Lmax=-4.87
19:46:10 [ultranest] [DEBUG] iteration=4744, ncalls=74657, regioncalls=5119240, ndraw=40, logz=-12.97, remainder_fraction=1.9429%, Lmin=-5.13, Lmax=-4.87
19:46:10 [ultranest] [DEBUG] iteration=4745, ncalls=74660, regioncalls=5119360, ndraw=40, logz=-12.97, remainder_fraction=1.9388%, Lmin=-5.13, Lmax=-4.87
19:46:11 [ultranest] [DEBUG] iteration=4747, ncalls=74680, regioncalls=5120160, ndraw=40, logz=-12.97, remainder_fraction=1.9296%, Lmin=-5.13, Lmax=-4.87
19:46:12 [ultranest] [DEBUG] iteration=4748, ncalls=74706, regioncalls=5121200, ndraw=40, logz=-12.97, remainder_fraction=1.9253%, Lmin=-5.13, Lmax=-4.87
19:46:12 [ultranest] [DEBUG] iteration=4750, ncalls=74710, regioncalls=5121360, ndraw=40, logz=-12.97, remainder_fraction=1.9163%, Lmin=-5.13, Lmax=-4.87
19:46:12 [ultranest] [DEBUG] iteration=4751, ncalls=74720, regioncalls=5121760, ndraw=40, logz=-12.97, remainder_fraction=1.9117%, Lmin=-5.13, Lmax=-4.87
19:46:13 [ultranest] [DEBUG] iteration=4752, ncalls=74734, regioncalls=5122320, ndraw=40, logz=-12.97, remainder_fraction=1.9074%, Lmin=-5.13, Lmax=-4.87
19:46:13 [ultranest] [DEBUG] iteration=4754, ncalls=74744, regioncalls=5122720, ndraw=40, logz=-12.97, remainder_fraction=1.8985%, Lmin=-5.13, Lmax=-4.87
19:46:13 [ultranest] [DEBUG] iteration=4755, ncalls=74752, regioncalls=5123040, ndraw=40, logz=-12.97, remainder_fraction=1.8937%, Lmin=-5.13, Lmax=-4.87
19:46:14 [ultranest] [DEBUG] iteration=4756, ncalls=74755, regioncalls=5123160, ndraw=40, logz=-12.97, remainder_fraction=1.8891%, Lmin=-5.13, Lmax=-4.87
19:46:14 [ultranest] [DEBUG] iteration=4757, ncalls=74760, regioncalls=5123360, ndraw=40, logz=-12.97, remainder_fraction=1.8845%, Lmin=-5.13, Lmax=-4.87
19:46:14 [ultranest] [DEBUG] iteration=4758, ncalls=74769, regioncalls=5123720, ndraw=40, logz=-12.97, remainder_fraction=1.8806%, Lmin=-5.13, Lmax=-4.87
19:46:14 [ultranest] [DEBUG] iteration=4759, ncalls=74778, regioncalls=5124080, ndraw=40, logz=-12.97, remainder_fraction=1.8762%, Lmin=-5.13, Lmax=-4.87
19:46:16 [ultranest] [DEBUG] iteration=4760, ncalls=74838, regioncalls=5126480, ndraw=40, logz=-12.97, remainder_fraction=1.8717%, Lmin=-5.13, Lmax=-4.87
19:46:17 [ultranest] [DEBUG] iteration=4761, ncalls=74844, regioncalls=5126720, ndraw=40, logz=-12.97, remainder_fraction=1.8677%, Lmin=-5.13, Lmax=-4.87
19:46:17 [ultranest] [DEBUG] iteration=4762, ncalls=74850, regioncalls=5126960, ndraw=40, logz=-12.97, remainder_fraction=1.8634%, Lmin=-5.13, Lmax=-4.87
19:46:18 [ultranest] [DEBUG] iteration=4764, ncalls=74874, regioncalls=5127920, ndraw=40, logz=-12.97, remainder_fraction=1.8550%, Lmin=-5.13, Lmax=-4.87
19:46:18 [ultranest] [DEBUG] iteration=4765, ncalls=74901, regioncalls=5129000, ndraw=40, logz=-12.97, remainder_fraction=1.8510%, Lmin=-5.13, Lmax=-4.87
19:46:19 [ultranest] [DEBUG] iteration=4766, ncalls=74907, regioncalls=5129240, ndraw=40, logz=-12.97, remainder_fraction=1.8464%, Lmin=-5.13, Lmax=-4.87
19:46:19 [ultranest] [DEBUG] iteration=4767, ncalls=74927, regioncalls=5130040, ndraw=40, logz=-12.97, remainder_fraction=1.8419%, Lmin=-5.13, Lmax=-4.87
19:46:20 [ultranest] [DEBUG] iteration=4768, ncalls=74945, regioncalls=5130760, ndraw=40, logz=-12.97, remainder_fraction=1.8382%, Lmin=-5.13, Lmax=-4.87
19:46:20 [ultranest] [DEBUG] iteration=4769, ncalls=74952, regioncalls=5131040, ndraw=40, logz=-12.97, remainder_fraction=1.8339%, Lmin=-5.13, Lmax=-4.87
19:46:21 [ultranest] [DEBUG] iteration=4771, ncalls=74975, regioncalls=5131960, ndraw=40, logz=-12.97, remainder_fraction=1.8258%, Lmin=-5.13, Lmax=-4.87
19:46:22 [ultranest] [DEBUG] iteration=4772, ncalls=74996, regioncalls=5133000, ndraw=40, logz=-12.97, remainder_fraction=1.8213%, Lmin=-5.13, Lmax=-4.87
19:46:22 [ultranest] [DEBUG] iteration=4773, ncalls=75006, regioncalls=5133720, ndraw=40, logz=-12.97, remainder_fraction=1.8169%, Lmin=-5.13, Lmax=-4.87
19:46:22 [ultranest] [DEBUG] iteration=4774, ncalls=75012, regioncalls=5133960, ndraw=40, logz=-12.97, remainder_fraction=1.8125%, Lmin=-5.13, Lmax=-4.87
19:46:23 [ultranest] [DEBUG] iteration=4775, ncalls=75027, regioncalls=5134560, ndraw=40, logz=-12.97, remainder_fraction=1.8080%, Lmin=-5.13, Lmax=-4.87
19:46:23 [ultranest] [DEBUG] iteration=4777, ncalls=75031, regioncalls=5134720, ndraw=40, logz=-12.97, remainder_fraction=1.7999%, Lmin=-5.13, Lmax=-4.87
19:46:23 [ultranest] [DEBUG] iteration=4778, ncalls=75038, regioncalls=5135000, ndraw=40, logz=-12.97, remainder_fraction=1.7956%, Lmin=-5.13, Lmax=-4.87
19:46:23 [ultranest] [DEBUG] iteration=4780, ncalls=75049, regioncalls=5135440, ndraw=40, logz=-12.97, remainder_fraction=1.7868%, Lmin=-5.13, Lmax=-4.87
19:46:23 [ultranest] [DEBUG] iteration=4781, ncalls=75053, regioncalls=5135600, ndraw=40, logz=-12.97, remainder_fraction=1.7824%, Lmin=-5.13, Lmax=-4.87
19:46:25 [ultranest] [DEBUG] iteration=4782, ncalls=75085, regioncalls=5136880, ndraw=40, logz=-12.97, remainder_fraction=1.7782%, Lmin=-5.12, Lmax=-4.87
19:46:25 [ultranest] [DEBUG] iteration=4783, ncalls=75095, regioncalls=5137280, ndraw=40, logz=-12.97, remainder_fraction=1.7741%, Lmin=-5.12, Lmax=-4.87
19:46:26 [ultranest] [DEBUG] iteration=4784, ncalls=75128, regioncalls=5138880, ndraw=40, logz=-12.97, remainder_fraction=1.7697%, Lmin=-5.12, Lmax=-4.87
19:46:27 [ultranest] [DEBUG] iteration=4785, ncalls=75151, regioncalls=5139800, ndraw=40, logz=-12.97, remainder_fraction=1.7662%, Lmin=-5.12, Lmax=-4.87
19:46:27 [ultranest] [DEBUG] iteration=4786, ncalls=75155, regioncalls=5139960, ndraw=40, logz=-12.97, remainder_fraction=1.7623%, Lmin=-5.12, Lmax=-4.87
19:46:28 [ultranest] [DEBUG] iteration=4788, ncalls=75180, regioncalls=5140960, ndraw=40, logz=-12.97, remainder_fraction=1.7538%, Lmin=-5.12, Lmax=-4.87
19:46:28 [ultranest] [DEBUG] iteration=4790, ncalls=75183, regioncalls=5141080, ndraw=40, logz=-12.97, remainder_fraction=1.7456%, Lmin=-5.12, Lmax=-4.87
19:46:28 [ultranest] [DEBUG] iteration=4791, ncalls=75187, regioncalls=5141240, ndraw=40, logz=-12.97, remainder_fraction=1.7414%, Lmin=-5.12, Lmax=-4.87
19:46:28 [ultranest] [DEBUG] iteration=4792, ncalls=75199, regioncalls=5141720, ndraw=40, logz=-12.97, remainder_fraction=1.7373%, Lmin=-5.12, Lmax=-4.87
19:46:29 [ultranest] [DEBUG] iteration=4793, ncalls=75204, regioncalls=5141920, ndraw=40, logz=-12.97, remainder_fraction=1.7330%, Lmin=-5.12, Lmax=-4.87
19:46:29 [ultranest] [DEBUG] iteration=4795, ncalls=75209, regioncalls=5142120, ndraw=40, logz=-12.97, remainder_fraction=1.7256%, Lmin=-5.12, Lmax=-4.87
19:46:30 [ultranest] [DEBUG] iteration=4796, ncalls=75235, regioncalls=5143160, ndraw=40, logz=-12.97, remainder_fraction=1.7213%, Lmin=-5.12, Lmax=-4.87
19:46:30 [ultranest] [DEBUG] iteration=4797, ncalls=75240, regioncalls=5143360, ndraw=40, logz=-12.97, remainder_fraction=1.7172%, Lmin=-5.12, Lmax=-4.87
19:46:30 [ultranest] [DEBUG] iteration=4798, ncalls=75250, regioncalls=5143760, ndraw=40, logz=-12.97, remainder_fraction=1.7130%, Lmin=-5.12, Lmax=-4.87
19:46:31 [ultranest] [DEBUG] iteration=4799, ncalls=75269, regioncalls=5144520, ndraw=40, logz=-12.97, remainder_fraction=1.7092%, Lmin=-5.12, Lmax=-4.87
19:46:31 [ultranest] [DEBUG] iteration=4800, ncalls=75283, regioncalls=5145080, ndraw=40, logz=-12.97, remainder_fraction=1.7050%, Lmin=-5.12, Lmax=-4.87
19:46:31 [ultranest] [DEBUG] iteration=4801, ncalls=75290, regioncalls=5145360, ndraw=40, logz=-12.97, remainder_fraction=1.7010%, Lmin=-5.12, Lmax=-4.87
19:46:32 [ultranest] [DEBUG] iteration=4802, ncalls=75295, regioncalls=5145560, ndraw=40, logz=-12.97, remainder_fraction=1.6968%, Lmin=-5.12, Lmax=-4.87
19:46:32 [ultranest] [DEBUG] iteration=4803, ncalls=75301, regioncalls=5145800, ndraw=40, logz=-12.97, remainder_fraction=1.6933%, Lmin=-5.12, Lmax=-4.87
19:46:32 [ultranest] [DEBUG] iteration=4804, ncalls=75309, regioncalls=5146120, ndraw=40, logz=-12.97, remainder_fraction=1.6892%, Lmin=-5.12, Lmax=-4.87
19:46:32 [ultranest] [DEBUG] iteration=4805, ncalls=75314, regioncalls=5146320, ndraw=40, logz=-12.97, remainder_fraction=1.6854%, Lmin=-5.12, Lmax=-4.87
19:46:33 [ultranest] [DEBUG] iteration=4806, ncalls=75327, regioncalls=5146840, ndraw=40, logz=-12.96, remainder_fraction=1.6812%, Lmin=-5.12, Lmax=-4.87
19:46:33 [ultranest] [DEBUG] iteration=4808, ncalls=75337, regioncalls=5147240, ndraw=40, logz=-12.96, remainder_fraction=1.6733%, Lmin=-5.12, Lmax=-4.87
19:46:33 [ultranest] [DEBUG] iteration=4810, ncalls=75352, regioncalls=5147840, ndraw=40, logz=-12.96, remainder_fraction=1.6660%, Lmin=-5.12, Lmax=-4.87
19:46:34 [ultranest] [DEBUG] iteration=4811, ncalls=75366, regioncalls=5148400, ndraw=40, logz=-12.96, remainder_fraction=1.6620%, Lmin=-5.12, Lmax=-4.87
19:46:34 [ultranest] [DEBUG] iteration=4812, ncalls=75378, regioncalls=5148880, ndraw=40, logz=-12.96, remainder_fraction=1.6581%, Lmin=-5.12, Lmax=-4.87
19:46:35 [ultranest] [DEBUG] iteration=4815, ncalls=75386, regioncalls=5149200, ndraw=40, logz=-12.96, remainder_fraction=1.6468%, Lmin=-5.12, Lmax=-4.87
19:46:35 [ultranest] [DEBUG] iteration=4817, ncalls=75395, regioncalls=5149560, ndraw=40, logz=-12.96, remainder_fraction=1.6388%, Lmin=-5.12, Lmax=-4.87
19:46:35 [ultranest] [DEBUG] iteration=4818, ncalls=75401, regioncalls=5149800, ndraw=40, logz=-12.96, remainder_fraction=1.6352%, Lmin=-5.12, Lmax=-4.87
19:46:35 [ultranest] [DEBUG] iteration=4819, ncalls=75408, regioncalls=5150080, ndraw=40, logz=-12.96, remainder_fraction=1.6318%, Lmin=-5.12, Lmax=-4.87
19:46:35 [ultranest] [DEBUG] iteration=4820, ncalls=75411, regioncalls=5150200, ndraw=40, logz=-12.96, remainder_fraction=1.6280%, Lmin=-5.12, Lmax=-4.87
19:46:36 [ultranest] [DEBUG] iteration=4821, ncalls=75423, regioncalls=5150680, ndraw=40, logz=-12.96, remainder_fraction=1.6243%, Lmin=-5.12, Lmax=-4.87
19:46:36 [ultranest] [DEBUG] iteration=4822, ncalls=75427, regioncalls=5150840, ndraw=40, logz=-12.96, remainder_fraction=1.6208%, Lmin=-5.12, Lmax=-4.87
19:46:36 [ultranest] [DEBUG] iteration=4823, ncalls=75431, regioncalls=5151000, ndraw=40, logz=-12.96, remainder_fraction=1.6169%, Lmin=-5.12, Lmax=-4.87
19:46:37 [ultranest] [DEBUG] iteration=4824, ncalls=75451, regioncalls=5151800, ndraw=40, logz=-12.96, remainder_fraction=1.6129%, Lmin=-5.12, Lmax=-4.87
19:46:38 [ultranest] [DEBUG] iteration=4825, ncalls=75480, regioncalls=5152960, ndraw=40, logz=-12.96, remainder_fraction=1.6090%, Lmin=-5.12, Lmax=-4.87
19:46:39 [ultranest] [DEBUG] iteration=4827, ncalls=75527, regioncalls=5154840, ndraw=40, logz=-12.96, remainder_fraction=1.6019%, Lmin=-5.12, Lmax=-4.87
19:46:39 [ultranest] [DEBUG] iteration=4828, ncalls=75534, regioncalls=5155120, ndraw=40, logz=-12.96, remainder_fraction=1.5982%, Lmin=-5.12, Lmax=-4.87
19:46:40 [ultranest] [DEBUG] iteration=4829, ncalls=75544, regioncalls=5155520, ndraw=40, logz=-12.96, remainder_fraction=1.5944%, Lmin=-5.12, Lmax=-4.87
19:46:40 [ultranest] [DEBUG] iteration=4831, ncalls=75557, regioncalls=5156040, ndraw=40, logz=-12.96, remainder_fraction=1.5875%, Lmin=-5.12, Lmax=-4.87
19:46:41 [ultranest] [DEBUG] iteration=4833, ncalls=75573, regioncalls=5156680, ndraw=40, logz=-12.96, remainder_fraction=1.5797%, Lmin=-5.11, Lmax=-4.87
19:46:41 [ultranest] [DEBUG] iteration=4835, ncalls=75585, regioncalls=5157160, ndraw=40, logz=-12.96, remainder_fraction=1.5727%, Lmin=-5.11, Lmax=-4.87
19:46:41 [ultranest] [DEBUG] iteration=4836, ncalls=75589, regioncalls=5157320, ndraw=40, logz=-12.96, remainder_fraction=1.5690%, Lmin=-5.11, Lmax=-4.87
19:46:41 [ultranest] [DEBUG] iteration=4838, ncalls=75592, regioncalls=5157440, ndraw=40, logz=-12.96, remainder_fraction=1.5618%, Lmin=-5.11, Lmax=-4.87
19:46:42 [ultranest] [DEBUG] iteration=4840, ncalls=75602, regioncalls=5157840, ndraw=40, logz=-12.96, remainder_fraction=1.5547%, Lmin=-5.11, Lmax=-4.87
19:46:42 [ultranest] [DEBUG] iteration=4841, ncalls=75605, regioncalls=5157960, ndraw=40, logz=-12.96, remainder_fraction=1.5516%, Lmin=-5.11, Lmax=-4.87
19:46:42 [ultranest] [DEBUG] iteration=4842, ncalls=75611, regioncalls=5158200, ndraw=40, logz=-12.96, remainder_fraction=1.5482%, Lmin=-5.11, Lmax=-4.87
19:46:43 [ultranest] [DEBUG] iteration=4843, ncalls=75626, regioncalls=5158800, ndraw=40, logz=-12.96, remainder_fraction=1.5449%, Lmin=-5.11, Lmax=-4.87
19:46:43 [ultranest] [DEBUG] iteration=4846, ncalls=75639, regioncalls=5159320, ndraw=40, logz=-12.96, remainder_fraction=1.5342%, Lmin=-5.11, Lmax=-4.87
19:46:44 [ultranest] [DEBUG] iteration=4848, ncalls=75665, regioncalls=5160360, ndraw=40, logz=-12.96, remainder_fraction=1.5273%, Lmin=-5.11, Lmax=-4.87
19:46:44 [ultranest] [DEBUG] iteration=4850, ncalls=75668, regioncalls=5160480, ndraw=40, logz=-12.96, remainder_fraction=1.5199%, Lmin=-5.11, Lmax=-4.87
19:46:45 [ultranest] [DEBUG] iteration=4851, ncalls=75693, regioncalls=5161480, ndraw=40, logz=-12.96, remainder_fraction=1.5162%, Lmin=-5.11, Lmax=-4.87
19:46:45 [ultranest] [DEBUG] iteration=4852, ncalls=75700, regioncalls=5161760, ndraw=40, logz=-12.96, remainder_fraction=1.5126%, Lmin=-5.11, Lmax=-4.87
19:46:45 [ultranest] [DEBUG] iteration=4853, ncalls=75703, regioncalls=5161880, ndraw=40, logz=-12.96, remainder_fraction=1.5088%, Lmin=-5.11, Lmax=-4.87
19:46:45 [ultranest] [DEBUG] iteration=4855, ncalls=75714, regioncalls=5162320, ndraw=40, logz=-12.96, remainder_fraction=1.5013%, Lmin=-5.11, Lmax=-4.87
19:46:46 [ultranest] [DEBUG] iteration=4857, ncalls=75741, regioncalls=5163400, ndraw=40, logz=-12.96, remainder_fraction=1.4942%, Lmin=-5.11, Lmax=-4.87
19:46:47 [ultranest] [DEBUG] iteration=4858, ncalls=75746, regioncalls=5163600, ndraw=40, logz=-12.96, remainder_fraction=1.4907%, Lmin=-5.11, Lmax=-4.87
19:46:47 [ultranest] [DEBUG] iteration=4860, ncalls=75752, regioncalls=5163840, ndraw=40, logz=-12.96, remainder_fraction=1.4836%, Lmin=-5.11, Lmax=-4.87
19:46:47 [ultranest] [DEBUG] iteration=4863, ncalls=75759, regioncalls=5164120, ndraw=40, logz=-12.96, remainder_fraction=1.4730%, Lmin=-5.11, Lmax=-4.87
19:46:47 [ultranest] [DEBUG] iteration=4865, ncalls=75769, regioncalls=5164520, ndraw=40, logz=-12.96, remainder_fraction=1.4662%, Lmin=-5.11, Lmax=-4.87
19:46:47 [ultranest] [DEBUG] iteration=4867, ncalls=75773, regioncalls=5164680, ndraw=40, logz=-12.96, remainder_fraction=1.4593%, Lmin=-5.10, Lmax=-4.87
19:46:48 [ultranest] [DEBUG] iteration=4868, ncalls=75783, regioncalls=5165080, ndraw=40, logz=-12.96, remainder_fraction=1.4557%, Lmin=-5.10, Lmax=-4.87
19:46:50 [ultranest] [DEBUG] iteration=4869, ncalls=75838, regioncalls=5167280, ndraw=40, logz=-12.96, remainder_fraction=1.4521%, Lmin=-5.10, Lmax=-4.87
19:46:50 [ultranest] [DEBUG] iteration=4870, ncalls=75849, regioncalls=5167720, ndraw=40, logz=-12.96, remainder_fraction=1.4489%, Lmin=-5.10, Lmax=-4.87
19:46:50 [ultranest] [DEBUG] iteration=4871, ncalls=75862, regioncalls=5168240, ndraw=40, logz=-12.96, remainder_fraction=1.4457%, Lmin=-5.10, Lmax=-4.87
19:46:51 [ultranest] [DEBUG] iteration=4872, ncalls=75867, regioncalls=5168440, ndraw=40, logz=-12.96, remainder_fraction=1.4426%, Lmin=-5.10, Lmax=-4.87
19:46:51 [ultranest] [DEBUG] iteration=4873, ncalls=75875, regioncalls=5168760, ndraw=40, logz=-12.96, remainder_fraction=1.4391%, Lmin=-5.10, Lmax=-4.87
19:46:51 [ultranest] [DEBUG] iteration=4874, ncalls=75887, regioncalls=5169360, ndraw=40, logz=-12.96, remainder_fraction=1.4363%, Lmin=-5.10, Lmax=-4.87
19:46:52 [ultranest] [DEBUG] iteration=4875, ncalls=75897, regioncalls=5169760, ndraw=40, logz=-12.96, remainder_fraction=1.4330%, Lmin=-5.10, Lmax=-4.87
19:46:52 [ultranest] [DEBUG] iteration=4876, ncalls=75900, regioncalls=5169880, ndraw=40, logz=-12.96, remainder_fraction=1.4298%, Lmin=-5.10, Lmax=-4.87
19:46:52 [ultranest] [DEBUG] iteration=4877, ncalls=75904, regioncalls=5170040, ndraw=40, logz=-12.96, remainder_fraction=1.4264%, Lmin=-5.10, Lmax=-4.87
19:46:52 [ultranest] [DEBUG] iteration=4878, ncalls=75912, regioncalls=5170360, ndraw=40, logz=-12.96, remainder_fraction=1.4231%, Lmin=-5.10, Lmax=-4.87
19:46:52 [ultranest] [DEBUG] iteration=4879, ncalls=75917, regioncalls=5170560, ndraw=40, logz=-12.96, remainder_fraction=1.4196%, Lmin=-5.10, Lmax=-4.87
19:46:52 [ultranest] [DEBUG] iteration=4881, ncalls=75923, regioncalls=5170840, ndraw=40, logz=-12.96, remainder_fraction=1.4132%, Lmin=-5.10, Lmax=-4.87
19:46:53 [ultranest] [DEBUG] iteration=4882, ncalls=75945, regioncalls=5171720, ndraw=40, logz=-12.96, remainder_fraction=1.4099%, Lmin=-5.10, Lmax=-4.87
19:46:54 [ultranest] [DEBUG] iteration=4883, ncalls=75960, regioncalls=5172320, ndraw=40, logz=-12.96, remainder_fraction=1.4066%, Lmin=-5.10, Lmax=-4.87
19:46:54 [ultranest] [DEBUG] iteration=4884, ncalls=75966, regioncalls=5172560, ndraw=40, logz=-12.96, remainder_fraction=1.4033%, Lmin=-5.10, Lmax=-4.87
19:46:54 [ultranest] [DEBUG] iteration=4885, ncalls=75977, regioncalls=5173000, ndraw=40, logz=-12.96, remainder_fraction=1.3998%, Lmin=-5.10, Lmax=-4.87
19:46:54 [ultranest] [DEBUG] iteration=4887, ncalls=75982, regioncalls=5173200, ndraw=40, logz=-12.96, remainder_fraction=1.3933%, Lmin=-5.10, Lmax=-4.87
19:46:56 [ultranest] [DEBUG] iteration=4888, ncalls=76025, regioncalls=5174920, ndraw=40, logz=-12.96, remainder_fraction=1.3901%, Lmin=-5.10, Lmax=-4.87
19:46:56 [ultranest] [DEBUG] iteration=4889, ncalls=76028, regioncalls=5175040, ndraw=40, logz=-12.96, remainder_fraction=1.3871%, Lmin=-5.10, Lmax=-4.87
19:46:56 [ultranest] [DEBUG] iteration=4890, ncalls=76043, regioncalls=5175640, ndraw=40, logz=-12.96, remainder_fraction=1.3837%, Lmin=-5.10, Lmax=-4.87
19:46:57 [ultranest] [DEBUG] iteration=4891, ncalls=76052, regioncalls=5176000, ndraw=40, logz=-12.96, remainder_fraction=1.3810%, Lmin=-5.10, Lmax=-4.87
19:46:57 [ultranest] [DEBUG] iteration=4892, ncalls=76062, regioncalls=5176400, ndraw=40, logz=-12.96, remainder_fraction=1.3777%, Lmin=-5.10, Lmax=-4.87
19:46:57 [ultranest] [DEBUG] iteration=4893, ncalls=76069, regioncalls=5176680, ndraw=40, logz=-12.96, remainder_fraction=1.3747%, Lmin=-5.10, Lmax=-4.87
19:46:58 [ultranest] [DEBUG] iteration=4894, ncalls=76086, regioncalls=5177360, ndraw=40, logz=-12.96, remainder_fraction=1.3713%, Lmin=-5.10, Lmax=-4.87
19:46:58 [ultranest] [DEBUG] iteration=4895, ncalls=76097, regioncalls=5177880, ndraw=40, logz=-12.96, remainder_fraction=1.3679%, Lmin=-5.10, Lmax=-4.87
19:46:58 [ultranest] [DEBUG] iteration=4896, ncalls=76103, regioncalls=5178120, ndraw=40, logz=-12.96, remainder_fraction=1.3646%, Lmin=-5.10, Lmax=-4.87
19:46:59 [ultranest] [DEBUG] iteration=4897, ncalls=76108, regioncalls=5178320, ndraw=40, logz=-12.96, remainder_fraction=1.3617%, Lmin=-5.10, Lmax=-4.87
19:46:59 [ultranest] [DEBUG] iteration=4898, ncalls=76120, regioncalls=5178800, ndraw=40, logz=-12.96, remainder_fraction=1.3587%, Lmin=-5.10, Lmax=-4.87
19:46:59 [ultranest] [DEBUG] iteration=4899, ncalls=76123, regioncalls=5178920, ndraw=40, logz=-12.96, remainder_fraction=1.3554%, Lmin=-5.10, Lmax=-4.87
19:46:59 [ultranest] [DEBUG] iteration=4900, ncalls=76130, regioncalls=5179200, ndraw=40, logz=-12.96, remainder_fraction=1.3521%, Lmin=-5.10, Lmax=-4.87
19:47:00 [ultranest] [DEBUG] iteration=4903, ncalls=76138, regioncalls=5179520, ndraw=40, logz=-12.96, remainder_fraction=1.3424%, Lmin=-5.10, Lmax=-4.87
19:47:00 [ultranest] [DEBUG] iteration=4904, ncalls=76144, regioncalls=5179760, ndraw=40, logz=-12.96, remainder_fraction=1.3392%, Lmin=-5.10, Lmax=-4.87
19:47:01 [ultranest] [DEBUG] iteration=4905, ncalls=76187, regioncalls=5181480, ndraw=40, logz=-12.96, remainder_fraction=1.3362%, Lmin=-5.10, Lmax=-4.87
19:47:02 [ultranest] [DEBUG] iteration=4906, ncalls=76200, regioncalls=5182000, ndraw=40, logz=-12.96, remainder_fraction=1.3332%, Lmin=-5.10, Lmax=-4.87
19:47:02 [ultranest] [DEBUG] iteration=4907, ncalls=76213, regioncalls=5182520, ndraw=40, logz=-12.96, remainder_fraction=1.3307%, Lmin=-5.10, Lmax=-4.87
19:47:02 [ultranest] [DEBUG] iteration=4908, ncalls=76216, regioncalls=5182640, ndraw=40, logz=-12.96, remainder_fraction=1.3276%, Lmin=-5.10, Lmax=-4.87
19:47:03 [ultranest] [DEBUG] iteration=4909, ncalls=76225, regioncalls=5183000, ndraw=40, logz=-12.96, remainder_fraction=1.3246%, Lmin=-5.10, Lmax=-4.87
19:47:03 [ultranest] [DEBUG] iteration=4910, ncalls=76233, regioncalls=5183480, ndraw=40, logz=-12.96, remainder_fraction=1.3213%, Lmin=-5.10, Lmax=-4.87
19:47:03 [ultranest] [DEBUG] iteration=4913, ncalls=76244, regioncalls=5183920, ndraw=40, logz=-12.96, remainder_fraction=1.3123%, Lmin=-5.10, Lmax=-4.87
19:47:03 [ultranest] [DEBUG] iteration=4914, ncalls=76248, regioncalls=5184080, ndraw=40, logz=-12.96, remainder_fraction=1.3093%, Lmin=-5.09, Lmax=-4.87
19:47:04 [ultranest] [DEBUG] iteration=4915, ncalls=76265, regioncalls=5185520, ndraw=40, logz=-12.96, remainder_fraction=1.3061%, Lmin=-5.09, Lmax=-4.87
19:47:04 [ultranest] [DEBUG] iteration=4916, ncalls=76275, regioncalls=5185960, ndraw=40, logz=-12.96, remainder_fraction=1.3028%, Lmin=-5.09, Lmax=-4.87
19:47:05 [ultranest] [DEBUG] iteration=4917, ncalls=76294, regioncalls=5187240, ndraw=40, logz=-12.96, remainder_fraction=1.2996%, Lmin=-5.09, Lmax=-4.87
19:47:05 [ultranest] [DEBUG] iteration=4918, ncalls=76309, regioncalls=5187840, ndraw=40, logz=-12.96, remainder_fraction=1.2964%, Lmin=-5.09, Lmax=-4.87
19:47:06 [ultranest] [DEBUG] iteration=4920, ncalls=76324, regioncalls=5188440, ndraw=40, logz=-12.96, remainder_fraction=1.2903%, Lmin=-5.09, Lmax=-4.87
19:47:07 [ultranest] [DEBUG] iteration=4921, ncalls=76360, regioncalls=5189920, ndraw=40, logz=-12.96, remainder_fraction=1.2878%, Lmin=-5.09, Lmax=-4.87
19:47:08 [ultranest] [DEBUG] iteration=4922, ncalls=76384, regioncalls=5190920, ndraw=40, logz=-12.96, remainder_fraction=1.2850%, Lmin=-5.09, Lmax=-4.87
19:47:08 [ultranest] [DEBUG] iteration=4923, ncalls=76388, regioncalls=5191080, ndraw=40, logz=-12.96, remainder_fraction=1.2823%, Lmin=-5.09, Lmax=-4.87
19:47:08 [ultranest] [DEBUG] iteration=4924, ncalls=76396, regioncalls=5191600, ndraw=40, logz=-12.96, remainder_fraction=1.2795%, Lmin=-5.09, Lmax=-4.87
19:47:08 [ultranest] [DEBUG] iteration=4925, ncalls=76400, regioncalls=5191800, ndraw=40, logz=-12.96, remainder_fraction=1.2765%, Lmin=-5.09, Lmax=-4.87
19:47:09 [ultranest] [DEBUG] iteration=4926, ncalls=76423, regioncalls=5193120, ndraw=40, logz=-12.96, remainder_fraction=1.2734%, Lmin=-5.09, Lmax=-4.87
19:47:10 [ultranest] [DEBUG] iteration=4927, ncalls=76439, regioncalls=5193800, ndraw=40, logz=-12.96, remainder_fraction=1.2703%, Lmin=-5.09, Lmax=-4.87
19:47:10 [ultranest] [DEBUG] iteration=4928, ncalls=76452, regioncalls=5194320, ndraw=40, logz=-12.96, remainder_fraction=1.2673%, Lmin=-5.09, Lmax=-4.87
19:47:11 [ultranest] [DEBUG] iteration=4929, ncalls=76467, regioncalls=5194960, ndraw=40, logz=-12.96, remainder_fraction=1.2644%, Lmin=-5.09, Lmax=-4.87
19:47:11 [ultranest] [DEBUG] iteration=4930, ncalls=76473, regioncalls=5195200, ndraw=40, logz=-12.96, remainder_fraction=1.2614%, Lmin=-5.09, Lmax=-4.87
19:47:11 [ultranest] [DEBUG] iteration=4931, ncalls=76481, regioncalls=5195520, ndraw=40, logz=-12.96, remainder_fraction=1.2583%, Lmin=-5.09, Lmax=-4.87
19:47:11 [ultranest] [DEBUG] iteration=4932, ncalls=76490, regioncalls=5195880, ndraw=40, logz=-12.96, remainder_fraction=1.2554%, Lmin=-5.09, Lmax=-4.87
19:47:12 [ultranest] [DEBUG] iteration=4933, ncalls=76514, regioncalls=5196880, ndraw=40, logz=-12.96, remainder_fraction=1.2526%, Lmin=-5.09, Lmax=-4.87
19:47:12 [ultranest] [DEBUG] iteration=4935, ncalls=76517, regioncalls=5197000, ndraw=40, logz=-12.96, remainder_fraction=1.2467%, Lmin=-5.09, Lmax=-4.87
19:47:12 [ultranest] [DEBUG] iteration=4937, ncalls=76520, regioncalls=5197160, ndraw=40, logz=-12.96, remainder_fraction=1.2407%, Lmin=-5.09, Lmax=-4.87
19:47:13 [ultranest] [DEBUG] iteration=4938, ncalls=76524, regioncalls=5197520, ndraw=40, logz=-12.96, remainder_fraction=1.2377%, Lmin=-5.09, Lmax=-4.87
19:47:13 [ultranest] [DEBUG] iteration=4939, ncalls=76528, regioncalls=5197680, ndraw=40, logz=-12.96, remainder_fraction=1.2348%, Lmin=-5.09, Lmax=-4.87
19:47:14 [ultranest] [DEBUG] iteration=4940, ncalls=76561, regioncalls=5199040, ndraw=40, logz=-12.96, remainder_fraction=1.2317%, Lmin=-5.09, Lmax=-4.87
19:47:15 [ultranest] [DEBUG] iteration=4942, ncalls=76585, regioncalls=5200000, ndraw=40, logz=-12.96, remainder_fraction=1.2256%, Lmin=-5.09, Lmax=-4.87
19:47:15 [ultranest] [DEBUG] iteration=4943, ncalls=76598, regioncalls=5200520, ndraw=40, logz=-12.96, remainder_fraction=1.2230%, Lmin=-5.09, Lmax=-4.87
19:47:15 [ultranest] [DEBUG] iteration=4944, ncalls=76602, regioncalls=5200680, ndraw=40, logz=-12.96, remainder_fraction=1.2200%, Lmin=-5.09, Lmax=-4.87
19:47:15 [ultranest] [DEBUG] iteration=4945, ncalls=76606, regioncalls=5200840, ndraw=40, logz=-12.96, remainder_fraction=1.2171%, Lmin=-5.09, Lmax=-4.87
19:47:15 [ultranest] [DEBUG] iteration=4946, ncalls=76610, regioncalls=5201000, ndraw=40, logz=-12.96, remainder_fraction=1.2144%, Lmin=-5.09, Lmax=-4.87
19:47:16 [ultranest] [DEBUG] iteration=4947, ncalls=76627, regioncalls=5201680, ndraw=40, logz=-12.96, remainder_fraction=1.2114%, Lmin=-5.09, Lmax=-4.87
19:47:16 [ultranest] [DEBUG] iteration=4948, ncalls=76630, regioncalls=5201800, ndraw=40, logz=-12.96, remainder_fraction=1.2084%, Lmin=-5.09, Lmax=-4.87
19:47:16 [ultranest] [DEBUG] iteration=4949, ncalls=76638, regioncalls=5202120, ndraw=40, logz=-12.96, remainder_fraction=1.2059%, Lmin=-5.09, Lmax=-4.87
19:47:16 [ultranest] [DEBUG] iteration=4950, ncalls=76640, regioncalls=5202200, ndraw=40, logz=-12.96, remainder_fraction=1.2030%, Lmin=-5.09, Lmax=-4.87
19:47:17 [ultranest] [DEBUG] iteration=4951, ncalls=76644, regioncalls=5202360, ndraw=40, logz=-12.96, remainder_fraction=1.2004%, Lmin=-5.09, Lmax=-4.87
19:47:17 [ultranest] [DEBUG] iteration=4952, ncalls=76669, regioncalls=5203360, ndraw=40, logz=-12.96, remainder_fraction=1.1974%, Lmin=-5.09, Lmax=-4.87
19:47:18 [ultranest] [DEBUG] iteration=4953, ncalls=76682, regioncalls=5203880, ndraw=40, logz=-12.96, remainder_fraction=1.1946%, Lmin=-5.09, Lmax=-4.87
19:47:18 [ultranest] [DEBUG] iteration=4954, ncalls=76687, regioncalls=5204080, ndraw=40, logz=-12.96, remainder_fraction=1.1917%, Lmin=-5.09, Lmax=-4.87
19:47:18 [ultranest] [DEBUG] iteration=4955, ncalls=76698, regioncalls=5204520, ndraw=40, logz=-12.96, remainder_fraction=1.1888%, Lmin=-5.09, Lmax=-4.87
19:47:19 [ultranest] [DEBUG] iteration=4957, ncalls=76709, regioncalls=5204960, ndraw=40, logz=-12.96, remainder_fraction=1.1831%, Lmin=-5.09, Lmax=-4.87
19:47:20 [ultranest] [DEBUG] iteration=4958, ncalls=76742, regioncalls=5206280, ndraw=40, logz=-12.96, remainder_fraction=1.1804%, Lmin=-5.09, Lmax=-4.87
19:47:20 [ultranest] [DEBUG] iteration=4959, ncalls=76760, regioncalls=5207000, ndraw=40, logz=-12.96, remainder_fraction=1.1776%, Lmin=-5.09, Lmax=-4.87
19:47:21 [ultranest] [DEBUG] iteration=4960, ncalls=76772, regioncalls=5207480, ndraw=40, logz=-12.96, remainder_fraction=1.1750%, Lmin=-5.09, Lmax=-4.87
19:47:21 [ultranest] [DEBUG] iteration=4962, ncalls=76784, regioncalls=5207960, ndraw=40, logz=-12.96, remainder_fraction=1.1697%, Lmin=-5.09, Lmax=-4.87
19:47:21 [ultranest] [DEBUG] iteration=4963, ncalls=76792, regioncalls=5208280, ndraw=40, logz=-12.96, remainder_fraction=1.1668%, Lmin=-5.09, Lmax=-4.87
19:47:22 [ultranest] [DEBUG] iteration=4964, ncalls=76810, regioncalls=5209280, ndraw=40, logz=-12.96, remainder_fraction=1.1640%, Lmin=-5.09, Lmax=-4.87
19:47:23 [ultranest] [DEBUG] iteration=4965, ncalls=76835, regioncalls=5210280, ndraw=40, logz=-12.96, remainder_fraction=1.1616%, Lmin=-5.09, Lmax=-4.87
19:47:23 [ultranest] [DEBUG] iteration=4966, ncalls=76844, regioncalls=5210640, ndraw=40, logz=-12.96, remainder_fraction=1.1587%, Lmin=-5.09, Lmax=-4.87
19:47:23 [ultranest] [DEBUG] iteration=4968, ncalls=76847, regioncalls=5210760, ndraw=40, logz=-12.96, remainder_fraction=1.1536%, Lmin=-5.09, Lmax=-4.87
19:47:23 [ultranest] [DEBUG] iteration=4970, ncalls=76851, regioncalls=5211000, ndraw=40, logz=-12.96, remainder_fraction=1.1481%, Lmin=-5.08, Lmax=-4.87
19:47:24 [ultranest] [DEBUG] iteration=4971, ncalls=76858, regioncalls=5211280, ndraw=40, logz=-12.96, remainder_fraction=1.1455%, Lmin=-5.08, Lmax=-4.87
19:47:24 [ultranest] [DEBUG] iteration=4973, ncalls=76873, regioncalls=5211880, ndraw=40, logz=-12.96, remainder_fraction=1.1401%, Lmin=-5.08, Lmax=-4.87
19:47:25 [ultranest] [DEBUG] iteration=4974, ncalls=76885, regioncalls=5212360, ndraw=40, logz=-12.96, remainder_fraction=1.1377%, Lmin=-5.08, Lmax=-4.87
19:47:25 [ultranest] [DEBUG] iteration=4975, ncalls=76892, regioncalls=5212640, ndraw=40, logz=-12.96, remainder_fraction=1.1353%, Lmin=-5.08, Lmax=-4.87
19:47:25 [ultranest] [DEBUG] iteration=4976, ncalls=76902, regioncalls=5213040, ndraw=40, logz=-12.96, remainder_fraction=1.1325%, Lmin=-5.08, Lmax=-4.87
19:47:26 [ultranest] [DEBUG] iteration=4977, ncalls=76918, regioncalls=5213680, ndraw=40, logz=-12.96, remainder_fraction=1.1298%, Lmin=-5.08, Lmax=-4.87
19:47:27 [ultranest] [DEBUG] iteration=4978, ncalls=76968, regioncalls=5215680, ndraw=40, logz=-12.96, remainder_fraction=1.1274%, Lmin=-5.08, Lmax=-4.87
19:47:28 [ultranest] [DEBUG] iteration=4979, ncalls=76995, regioncalls=5216760, ndraw=40, logz=-12.96, remainder_fraction=1.1247%, Lmin=-5.08, Lmax=-4.87
19:47:29 [ultranest] [DEBUG] iteration=4980, ncalls=77022, regioncalls=5217840, ndraw=40, logz=-12.96, remainder_fraction=1.1221%, Lmin=-5.08, Lmax=-4.87
19:47:29 [ultranest] [DEBUG] iteration=4982, ncalls=77029, regioncalls=5218120, ndraw=40, logz=-12.96, remainder_fraction=1.1166%, Lmin=-5.08, Lmax=-4.87
19:47:30 [ultranest] [DEBUG] iteration=4983, ncalls=77035, regioncalls=5218360, ndraw=40, logz=-12.96, remainder_fraction=1.1139%, Lmin=-5.08, Lmax=-4.87
19:47:30 [ultranest] [DEBUG] iteration=4984, ncalls=77040, regioncalls=5218560, ndraw=40, logz=-12.96, remainder_fraction=1.1112%, Lmin=-5.08, Lmax=-4.87
19:47:30 [ultranest] [DEBUG] iteration=4985, ncalls=77048, regioncalls=5218880, ndraw=40, logz=-12.96, remainder_fraction=1.1088%, Lmin=-5.08, Lmax=-4.87
19:47:31 [ultranest] [DEBUG] iteration=4986, ncalls=77080, regioncalls=5220160, ndraw=40, logz=-12.96, remainder_fraction=1.1065%, Lmin=-5.08, Lmax=-4.87
19:47:31 [ultranest] [DEBUG] iteration=4987, ncalls=77091, regioncalls=5220600, ndraw=40, logz=-12.96, remainder_fraction=1.1038%, Lmin=-5.08, Lmax=-4.87
19:47:32 [ultranest] [DEBUG] iteration=4988, ncalls=77106, regioncalls=5221200, ndraw=40, logz=-12.96, remainder_fraction=1.1011%, Lmin=-5.08, Lmax=-4.87
19:47:32 [ultranest] [DEBUG] iteration=4990, ncalls=77122, regioncalls=5221840, ndraw=40, logz=-12.96, remainder_fraction=1.0960%, Lmin=-5.08, Lmax=-4.87
19:47:33 [ultranest] [DEBUG] iteration=4991, ncalls=77135, regioncalls=5222360, ndraw=40, logz=-12.96, remainder_fraction=1.0933%, Lmin=-5.08, Lmax=-4.87
19:47:33 [ultranest] [DEBUG] iteration=4992, ncalls=77144, regioncalls=5222720, ndraw=40, logz=-12.96, remainder_fraction=1.0907%, Lmin=-5.08, Lmax=-4.87
19:47:33 [ultranest] [DEBUG] iteration=4994, ncalls=77147, regioncalls=5222840, ndraw=40, logz=-12.96, remainder_fraction=1.0856%, Lmin=-5.08, Lmax=-4.87
19:47:34 [ultranest] [DEBUG] iteration=4996, ncalls=77159, regioncalls=5223320, ndraw=40, logz=-12.96, remainder_fraction=1.0804%, Lmin=-5.08, Lmax=-4.87
19:47:34 [ultranest] [DEBUG] iteration=4998, ncalls=77162, regioncalls=5223440, ndraw=40, logz=-12.96, remainder_fraction=1.0753%, Lmin=-5.08, Lmax=-4.87
19:47:34 [ultranest] [DEBUG] iteration=4999, ncalls=77178, regioncalls=5224080, ndraw=40, logz=-12.96, remainder_fraction=1.0728%, Lmin=-5.08, Lmax=-4.84
19:47:34 [ultranest] [DEBUG] iteration=5000, ncalls=77183, regioncalls=5224280, ndraw=40, logz=-12.96, remainder_fraction=1.0702%, Lmin=-5.08, Lmax=-4.84
19:47:35 [ultranest] [DEBUG] iteration=5001, ncalls=77198, regioncalls=5224880, ndraw=40, logz=-12.96, remainder_fraction=1.0682%, Lmin=-5.08, Lmax=-4.84
19:47:36 [ultranest] [DEBUG] iteration=5003, ncalls=77222, regioncalls=5225840, ndraw=40, logz=-12.96, remainder_fraction=1.0631%, Lmin=-5.08, Lmax=-4.84
19:47:36 [ultranest] [DEBUG] iteration=5004, ncalls=77226, regioncalls=5226000, ndraw=40, logz=-12.96, remainder_fraction=1.0606%, Lmin=-5.08, Lmax=-4.84
19:47:37 [ultranest] [DEBUG] iteration=5005, ncalls=77264, regioncalls=5227520, ndraw=40, logz=-12.96, remainder_fraction=1.0583%, Lmin=-5.08, Lmax=-4.84
19:47:38 [ultranest] [DEBUG] iteration=5006, ncalls=77281, regioncalls=5228200, ndraw=40, logz=-12.96, remainder_fraction=1.0557%, Lmin=-5.08, Lmax=-4.84
19:47:38 [ultranest] [DEBUG] iteration=5007, ncalls=77291, regioncalls=5228600, ndraw=40, logz=-12.96, remainder_fraction=1.0532%, Lmin=-5.08, Lmax=-4.84
19:47:39 [ultranest] [DEBUG] iteration=5008, ncalls=77314, regioncalls=5229520, ndraw=40, logz=-12.96, remainder_fraction=1.0506%, Lmin=-5.08, Lmax=-4.84
19:47:39 [ultranest] [DEBUG] iteration=5009, ncalls=77327, regioncalls=5230040, ndraw=40, logz=-12.96, remainder_fraction=1.0482%, Lmin=-5.08, Lmax=-4.84
19:47:40 [ultranest] [DEBUG] iteration=5010, ncalls=77346, regioncalls=5230800, ndraw=40, logz=-12.96, remainder_fraction=1.0457%, Lmin=-5.08, Lmax=-4.84
19:47:40 [ultranest] [DEBUG] iteration=5011, ncalls=77350, regioncalls=5230960, ndraw=40, logz=-12.96, remainder_fraction=1.0431%, Lmin=-5.08, Lmax=-4.84
19:47:41 [ultranest] [DEBUG] iteration=5012, ncalls=77370, regioncalls=5231760, ndraw=40, logz=-12.96, remainder_fraction=1.0407%, Lmin=-5.08, Lmax=-4.84
19:47:41 [ultranest] [DEBUG] iteration=5013, ncalls=77374, regioncalls=5231920, ndraw=40, logz=-12.96, remainder_fraction=1.0383%, Lmin=-5.08, Lmax=-4.84
19:47:41 [ultranest] [DEBUG] iteration=5014, ncalls=77387, regioncalls=5232560, ndraw=40, logz=-12.96, remainder_fraction=1.0359%, Lmin=-5.08, Lmax=-4.84
19:47:42 [ultranest] [DEBUG] iteration=5015, ncalls=77399, regioncalls=5233040, ndraw=40, logz=-12.96, remainder_fraction=1.0337%, Lmin=-5.08, Lmax=-4.84
19:47:42 [ultranest] [DEBUG] iteration=5016, ncalls=77402, regioncalls=5233160, ndraw=40, logz=-12.96, remainder_fraction=1.0312%, Lmin=-5.08, Lmax=-4.84
19:47:42 [ultranest] [DEBUG] iteration=5017, ncalls=77410, regioncalls=5233560, ndraw=40, logz=-12.96, remainder_fraction=1.0287%, Lmin=-5.08, Lmax=-4.84
19:47:42 [ultranest] [DEBUG] iteration=5018, ncalls=77416, regioncalls=5233800, ndraw=40, logz=-12.96, remainder_fraction=1.0263%, Lmin=-5.08, Lmax=-4.84
19:47:43 [ultranest] [DEBUG] iteration=5020, ncalls=77439, regioncalls=5234720, ndraw=40, logz=-12.96, remainder_fraction=1.0215%, Lmin=-5.08, Lmax=-4.84
19:47:43 [ultranest] [DEBUG] iteration=5021, ncalls=77445, regioncalls=5234960, ndraw=40, logz=-12.96, remainder_fraction=1.0191%, Lmin=-5.08, Lmax=-4.84
19:47:43 [ultranest] [DEBUG] iteration=5022, ncalls=77452, regioncalls=5235240, ndraw=40, logz=-12.96, remainder_fraction=1.0168%, Lmin=-5.08, Lmax=-4.84
19:47:44 [ultranest] [DEBUG] iteration=5023, ncalls=77467, regioncalls=5235840, ndraw=40, logz=-12.96, remainder_fraction=1.0143%, Lmin=-5.08, Lmax=-4.84
19:47:44 [ultranest] [DEBUG] iteration=5024, ncalls=77483, regioncalls=5236520, ndraw=40, logz=-12.96, remainder_fraction=1.0119%, Lmin=-5.07, Lmax=-4.84
19:47:45 [ultranest] [DEBUG] iteration=5025, ncalls=77486, regioncalls=5236640, ndraw=40, logz=-12.96, remainder_fraction=1.0094%, Lmin=-5.07, Lmax=-4.84
19:47:45 [ultranest] [DEBUG] iteration=5026, ncalls=77492, regioncalls=5236880, ndraw=40, logz=-12.96, remainder_fraction=1.0071%, Lmin=-5.07, Lmax=-4.84
19:47:46 [ultranest] [DEBUG] iteration=5027, ncalls=77520, regioncalls=5238200, ndraw=40, logz=-12.96, remainder_fraction=1.0046%, Lmin=-5.07, Lmax=-4.84
19:47:48 [ultranest] [DEBUG] iteration=5028, ncalls=77587, regioncalls=5240880, ndraw=40, logz=-12.96, remainder_fraction=1.0021%, Lmin=-5.07, Lmax=-4.84
19:47:48 [ultranest] [INFO] Explored until L=-5  
19:47:48 [ultranest] [INFO] Likelihood function evaluations: 77587
19:47:48 [ultranest] [INFO] Writing samples and results to disk ...
19:47:48 [ultranest] [INFO] Writing samples and results to disk ... done
19:47:48 [ultranest] [DEBUG] did a run_iter pass!
19:47:48 [ultranest] [INFO]   logZ = -12.92 +- 0.1072
19:47:48 [ultranest] [INFO] Effective samples strategy satisfied (ESS = 1901.2, need >1000)
19:47:48 [ultranest] [INFO] Posterior uncertainty strategy is satisfied (KL: 0.47+-0.08 nat, need <0.50 nat)
19:47:48 [ultranest] [INFO] Evidency uncertainty strategy is satisfied (dlogz=0.11, need <0.5)
19:47:48 [ultranest] [INFO]   logZ error budget: single: 0.13 bs:0.11 tail:0.01 total:0.11 required:<0.50
19:47:48 [ultranest] [INFO] done iterating.
