19:00:50 [ultranest] [DEBUG] ReactiveNestedSampler: dims=9+0, resume=False, log_dir=ede_real_run/run1, backend=hdf5, vectorized=False, nbootstraps=30, ndraw=128..65536
19:00:50 [ultranest] [INFO] Sampling 400 live points from prior ...
19:01:04 [ultranest] [DEBUG] run_iter dlogz=0.5, dKL=0.5, frac_remain=0.01, Lepsilon=0.0010, min_ess=1000
19:01:04 [ultranest] [DEBUG] max_iters=-1, max_ncalls=1000000, max_num_improvement_loops=5, min_num_live_points=400, cluster_num_live_points=40
19:01:04 [ultranest] [DEBUG] minimal_widths_sequence: [(-inf, 400.0), (inf, 400.0)]
19:01:04 [ultranest] [DEBUG] iteration=0, ncalls=401, regioncalls=40, ndraw=40, logz=-inf, remainder_fraction=100.0000%, Lmin=-4275.43, Lmax=-6.74
19:01:04 [ultranest] [DEBUG] iteration=2, ncalls=403, regioncalls=120, ndraw=40, logz=-3920.59, remainder_fraction=100.0000%, Lmin=-3865.17, Lmax=-6.74
19:01:04 [ultranest] [DEBUG] iteration=5, ncalls=406, regioncalls=240, ndraw=40, logz=-3684.11, remainder_fraction=100.0000%, Lmin=-3654.79, Lmax=-6.74
19:01:05 [ultranest] [DEBUG] iteration=8, ncalls=409, regioncalls=360, ndraw=40, logz=-3596.77, remainder_fraction=100.0000%, Lmin=-3568.32, Lmax=-6.74
19:01:05 [ultranest] [DEBUG] iteration=11, ncalls=412, regioncalls=480, ndraw=40, logz=-3466.92, remainder_fraction=100.0000%, Lmin=-3395.42, Lmax=-6.74
19:01:05 [ultranest] [DEBUG] iteration=14, ncalls=415, regioncalls=600, ndraw=40, logz=-3299.11, remainder_fraction=100.0000%, Lmin=-3282.82, Lmax=-6.74
19:01:05 [ultranest] [DEBUG] iteration=17, ncalls=418, regioncalls=720, ndraw=40, logz=-3116.24, remainder_fraction=100.0000%, Lmin=-3056.98, Lmax=-6.74
19:01:05 [ultranest] [DEBUG] iteration=20, ncalls=421, regioncalls=840, ndraw=40, logz=-3005.75, remainder_fraction=100.0000%, Lmin=-2990.89, Lmax=-6.74
19:01:05 [ultranest] [DEBUG] iteration=23, ncalls=424, regioncalls=960, ndraw=40, logz=-2887.85, remainder_fraction=100.0000%, Lmin=-2867.91, Lmax=-6.74
19:01:05 [ultranest] [DEBUG] iteration=26, ncalls=427, regioncalls=1080, ndraw=40, logz=-2776.51, remainder_fraction=100.0000%, Lmin=-2748.06, Lmax=-6.52
19:01:05 [ultranest] [DEBUG] iteration=29, ncalls=430, regioncalls=1200, ndraw=40, logz=-2661.90, remainder_fraction=100.0000%, Lmin=-2649.25, Lmax=-6.52
19:01:05 [ultranest] [DEBUG] iteration=32, ncalls=434, regioncalls=1360, ndraw=40, logz=-2605.14, remainder_fraction=100.0000%, Lmin=-2562.85, Lmax=-6.52
19:01:06 [ultranest] [DEBUG] iteration=34, ncalls=437, regioncalls=1480, ndraw=40, logz=-2544.81, remainder_fraction=100.0000%, Lmin=-2533.79, Lmax=-6.52
19:01:06 [ultranest] [DEBUG] iteration=37, ncalls=440, regioncalls=1600, ndraw=40, logz=-2502.98, remainder_fraction=100.0000%, Lmin=-2482.73, Lmax=-6.52
19:01:06 [ultranest] [DEBUG] iteration=40, ncalls=443, regioncalls=1720, ndraw=40, logz=-2469.46, remainder_fraction=100.0000%, Lmin=-2428.34, Lmax=-6.52
19:01:06 [ultranest] [DEBUG] iteration=43, ncalls=446, regioncalls=1840, ndraw=40, logz=-2430.34, remainder_fraction=100.0000%, Lmin=-2399.81, Lmax=-6.52
19:01:06 [ultranest] [DEBUG] iteration=45, ncalls=449, regioncalls=1960, ndraw=40, logz=-2392.61, remainder_fraction=100.0000%, Lmin=-2380.06, Lmax=-6.52
19:01:06 [ultranest] [DEBUG] iteration=48, ncalls=452, regioncalls=2080, ndraw=40, logz=-2372.00, remainder_fraction=100.0000%, Lmin=-2357.23, Lmax=-6.52
19:01:06 [ultranest] [DEBUG] iteration=51, ncalls=455, regioncalls=2200, ndraw=40, logz=-2348.08, remainder_fraction=100.0000%, Lmin=-2286.91, Lmax=-6.52
19:01:06 [ultranest] [DEBUG] iteration=54, ncalls=459, regioncalls=2360, ndraw=40, logz=-2286.11, remainder_fraction=100.0000%, Lmin=-2278.17, Lmax=-6.52
19:01:07 [ultranest] [DEBUG] iteration=57, ncalls=463, regioncalls=2520, ndraw=40, logz=-2273.09, remainder_fraction=100.0000%, Lmin=-2236.52, Lmax=-6.52
19:01:07 [ultranest] [DEBUG] iteration=60, ncalls=467, regioncalls=2680, ndraw=40, logz=-2230.42, remainder_fraction=100.0000%, Lmin=-2222.16, Lmax=-6.52
19:01:07 [ultranest] [DEBUG] iteration=63, ncalls=470, regioncalls=2800, ndraw=40, logz=-2205.48, remainder_fraction=100.0000%, Lmin=-2199.01, Lmax=-6.52
19:01:07 [ultranest] [DEBUG] iteration=65, ncalls=473, regioncalls=2920, ndraw=40, logz=-2197.22, remainder_fraction=100.0000%, Lmin=-2186.18, Lmax=-6.52
19:01:07 [ultranest] [DEBUG] iteration=67, ncalls=477, regioncalls=3080, ndraw=40, logz=-2176.33, remainder_fraction=100.0000%, Lmin=-2118.70, Lmax=-6.52
19:01:07 [ultranest] [DEBUG] iteration=69, ncalls=482, regioncalls=3280, ndraw=40, logz=-2116.92, remainder_fraction=100.0000%, Lmin=-2082.87, Lmax=-6.52
19:01:07 [ultranest] [DEBUG] iteration=72, ncalls=485, regioncalls=3400, ndraw=40, logz=-2063.76, remainder_fraction=100.0000%, Lmin=-2049.81, Lmax=-6.52
19:01:07 [ultranest] [DEBUG] iteration=74, ncalls=488, regioncalls=3520, ndraw=40, logz=-2048.03, remainder_fraction=100.0000%, Lmin=-2005.37, Lmax=-6.52
19:01:08 [ultranest] [DEBUG] iteration=77, ncalls=491, regioncalls=3640, ndraw=40, logz=-1999.44, remainder_fraction=100.0000%, Lmin=-1971.36, Lmax=-6.52
19:01:08 [ultranest] [DEBUG] iteration=80, ncalls=494, regioncalls=3760, ndraw=40, logz=-1962.19, remainder_fraction=100.0000%, Lmin=-1953.24, Lmax=-6.52
19:01:08 [ultranest] [DEBUG] iteration=82, ncalls=497, regioncalls=3880, ndraw=40, logz=-1941.63, remainder_fraction=100.0000%, Lmin=-1933.81, Lmax=-6.52
19:01:08 [ultranest] [DEBUG] iteration=85, ncalls=501, regioncalls=4040, ndraw=40, logz=-1923.07, remainder_fraction=100.0000%, Lmin=-1910.08, Lmax=-6.52
19:01:08 [ultranest] [DEBUG] iteration=88, ncalls=504, regioncalls=4160, ndraw=40, logz=-1904.31, remainder_fraction=100.0000%, Lmin=-1896.18, Lmax=-6.52
19:01:08 [ultranest] [DEBUG] iteration=91, ncalls=507, regioncalls=4280, ndraw=40, logz=-1883.45, remainder_fraction=100.0000%, Lmin=-1876.74, Lmax=-6.52
19:01:08 [ultranest] [DEBUG] iteration=94, ncalls=510, regioncalls=4400, ndraw=40, logz=-1856.81, remainder_fraction=100.0000%, Lmin=-1845.84, Lmax=-6.52
19:01:08 [ultranest] [DEBUG] iteration=95, ncalls=513, regioncalls=4520, ndraw=40, logz=-1852.05, remainder_fraction=100.0000%, Lmin=-1841.80, Lmax=-6.52
19:01:09 [ultranest] [DEBUG] iteration=98, ncalls=517, regioncalls=4680, ndraw=40, logz=-1815.56, remainder_fraction=100.0000%, Lmin=-1799.04, Lmax=-6.52
19:01:09 [ultranest] [DEBUG] iteration=101, ncalls=521, regioncalls=4840, ndraw=40, logz=-1800.42, remainder_fraction=100.0000%, Lmin=-1775.37, Lmax=-6.52
19:01:09 [ultranest] [DEBUG] iteration=104, ncalls=524, regioncalls=4960, ndraw=40, logz=-1771.13, remainder_fraction=100.0000%, Lmin=-1753.25, Lmax=-6.52
19:01:09 [ultranest] [DEBUG] iteration=107, ncalls=527, regioncalls=5080, ndraw=40, logz=-1756.96, remainder_fraction=100.0000%, Lmin=-1739.07, Lmax=-6.52
19:01:09 [ultranest] [DEBUG] iteration=110, ncalls=532, regioncalls=5280, ndraw=40, logz=-1722.70, remainder_fraction=100.0000%, Lmin=-1691.67, Lmax=-6.52
19:01:09 [ultranest] [DEBUG] iteration=112, ncalls=535, regioncalls=5400, ndraw=40, logz=-1695.48, remainder_fraction=100.0000%, Lmin=-1682.80, Lmax=-6.52
19:01:09 [ultranest] [DEBUG] iteration=114, ncalls=538, regioncalls=5520, ndraw=40, logz=-1663.94, remainder_fraction=100.0000%, Lmin=-1656.40, Lmax=-6.52
19:01:09 [ultranest] [DEBUG] iteration=115, ncalls=541, regioncalls=5640, ndraw=40, logz=-1662.43, remainder_fraction=100.0000%, Lmin=-1652.10, Lmax=-6.52
19:01:09 [ultranest] [DEBUG] iteration=117, ncalls=544, regioncalls=5760, ndraw=40, logz=-1656.30, remainder_fraction=100.0000%, Lmin=-1645.09, Lmax=-6.52
19:01:10 [ultranest] [DEBUG] iteration=118, ncalls=547, regioncalls=5880, ndraw=40, logz=-1651.36, remainder_fraction=100.0000%, Lmin=-1642.52, Lmax=-6.52
19:01:10 [ultranest] [DEBUG] iteration=120, ncalls=549, regioncalls=5960, ndraw=40, logz=-1632.71, remainder_fraction=100.0000%, Lmin=-1602.49, Lmax=-6.52
19:01:10 [ultranest] [DEBUG] iteration=123, ncalls=552, regioncalls=6080, ndraw=40, logz=-1605.62, remainder_fraction=100.0000%, Lmin=-1599.34, Lmax=-6.52
19:01:10 [ultranest] [DEBUG] iteration=126, ncalls=556, regioncalls=6240, ndraw=40, logz=-1591.83, remainder_fraction=100.0000%, Lmin=-1584.02, Lmax=-6.52
19:01:10 [ultranest] [DEBUG] iteration=128, ncalls=559, regioncalls=6360, ndraw=40, logz=-1585.27, remainder_fraction=100.0000%, Lmin=-1573.55, Lmax=-6.52
19:01:10 [ultranest] [DEBUG] iteration=130, ncalls=562, regioncalls=6480, ndraw=40, logz=-1575.21, remainder_fraction=100.0000%, Lmin=-1560.58, Lmax=-6.52
19:01:10 [ultranest] [DEBUG] iteration=133, ncalls=565, regioncalls=6600, ndraw=40, logz=-1552.41, remainder_fraction=100.0000%, Lmin=-1537.97, Lmax=-6.52
19:01:10 [ultranest] [DEBUG] iteration=136, ncalls=568, regioncalls=6720, ndraw=40, logz=-1515.77, remainder_fraction=100.0000%, Lmin=-1506.55, Lmax=-6.52
19:01:11 [ultranest] [DEBUG] iteration=139, ncalls=573, regioncalls=6920, ndraw=40, logz=-1509.41, remainder_fraction=100.0000%, Lmin=-1497.57, Lmax=-6.52
19:01:11 [ultranest] [DEBUG] iteration=141, ncalls=576, regioncalls=7040, ndraw=40, logz=-1484.85, remainder_fraction=100.0000%, Lmin=-1470.42, Lmax=-6.52
19:01:11 [ultranest] [DEBUG] iteration=144, ncalls=580, regioncalls=7200, ndraw=40, logz=-1459.70, remainder_fraction=100.0000%, Lmin=-1445.98, Lmax=-6.52
19:01:11 [ultranest] [DEBUG] iteration=146, ncalls=583, regioncalls=7320, ndraw=40, logz=-1442.82, remainder_fraction=100.0000%, Lmin=-1419.45, Lmax=-6.52
19:01:11 [ultranest] [DEBUG] iteration=148, ncalls=586, regioncalls=7440, ndraw=40, logz=-1422.48, remainder_fraction=100.0000%, Lmin=-1410.05, Lmax=-6.52
19:01:11 [ultranest] [DEBUG] iteration=151, ncalls=591, regioncalls=7640, ndraw=40, logz=-1396.92, remainder_fraction=100.0000%, Lmin=-1390.22, Lmax=-6.52
19:01:11 [ultranest] [DEBUG] iteration=154, ncalls=594, regioncalls=7760, ndraw=40, logz=-1380.87, remainder_fraction=100.0000%, Lmin=-1362.33, Lmax=-6.52
19:01:11 [ultranest] [DEBUG] iteration=157, ncalls=597, regioncalls=7880, ndraw=40, logz=-1359.84, remainder_fraction=100.0000%, Lmin=-1338.41, Lmax=-6.52
19:01:12 [ultranest] [DEBUG] iteration=159, ncalls=601, regioncalls=8040, ndraw=40, logz=-1334.44, remainder_fraction=100.0000%, Lmin=-1324.94, Lmax=-6.52
19:01:12 [ultranest] [DEBUG] iteration=160, ncalls=602, regioncalls=8080, ndraw=40, logz=-1331.29, remainder_fraction=100.0000%, Lmin=-1315.70, Lmax=-6.52
19:01:12 [ultranest] [DEBUG] iteration=161, ncalls=606, regioncalls=8240, ndraw=40, logz=-1322.09, remainder_fraction=100.0000%, Lmin=-1315.28, Lmax=-6.52
19:01:12 [ultranest] [DEBUG] iteration=164, ncalls=609, regioncalls=8360, ndraw=40, logz=-1313.80, remainder_fraction=100.0000%, Lmin=-1298.99, Lmax=-6.52
19:01:12 [ultranest] [DEBUG] iteration=166, ncalls=615, regioncalls=8600, ndraw=40, logz=-1303.81, remainder_fraction=100.0000%, Lmin=-1292.22, Lmax=-6.52
19:01:12 [ultranest] [DEBUG] iteration=168, ncalls=618, regioncalls=8720, ndraw=40, logz=-1284.04, remainder_fraction=100.0000%, Lmin=-1240.03, Lmax=-6.52
19:01:12 [ultranest] [DEBUG] iteration=169, ncalls=621, regioncalls=8840, ndraw=40, logz=-1246.44, remainder_fraction=100.0000%, Lmin=-1238.25, Lmax=-6.52
19:01:12 [ultranest] [DEBUG] iteration=172, ncalls=624, regioncalls=8960, ndraw=40, logz=-1223.44, remainder_fraction=100.0000%, Lmin=-1210.29, Lmax=-6.52
19:01:13 [ultranest] [DEBUG] iteration=174, ncalls=627, regioncalls=9080, ndraw=40, logz=-1215.26, remainder_fraction=100.0000%, Lmin=-1207.28, Lmax=-6.52
19:01:13 [ultranest] [DEBUG] iteration=176, ncalls=631, regioncalls=9240, ndraw=40, logz=-1212.52, remainder_fraction=100.0000%, Lmin=-1199.13, Lmax=-6.52
19:01:13 [ultranest] [DEBUG] iteration=179, ncalls=634, regioncalls=9360, ndraw=40, logz=-1200.52, remainder_fraction=100.0000%, Lmin=-1181.37, Lmax=-6.52
19:01:13 [ultranest] [DEBUG] iteration=180, ncalls=635, regioncalls=9400, ndraw=40, logz=-1187.81, remainder_fraction=100.0000%, Lmin=-1177.27, Lmax=-6.52
19:01:13 [ultranest] [DEBUG] iteration=182, ncalls=639, regioncalls=9560, ndraw=40, logz=-1175.91, remainder_fraction=100.0000%, Lmin=-1160.02, Lmax=-6.52
19:01:13 [ultranest] [DEBUG] iteration=184, ncalls=642, regioncalls=9680, ndraw=40, logz=-1163.23, remainder_fraction=100.0000%, Lmin=-1148.59, Lmax=-6.52
19:01:13 [ultranest] [DEBUG] iteration=187, ncalls=646, regioncalls=9840, ndraw=40, logz=-1148.32, remainder_fraction=100.0000%, Lmin=-1134.55, Lmax=-6.52
19:01:13 [ultranest] [DEBUG] iteration=189, ncalls=651, regioncalls=10040, ndraw=40, logz=-1129.78, remainder_fraction=100.0000%, Lmin=-1105.95, Lmax=-6.52
19:01:14 [ultranest] [DEBUG] iteration=191, ncalls=654, regioncalls=10160, ndraw=40, logz=-1105.24, remainder_fraction=100.0000%, Lmin=-1096.25, Lmax=-6.52
19:01:14 [ultranest] [DEBUG] iteration=194, ncalls=662, regioncalls=10480, ndraw=40, logz=-1099.98, remainder_fraction=100.0000%, Lmin=-1073.86, Lmax=-6.52
19:01:14 [ultranest] [DEBUG] iteration=196, ncalls=666, regioncalls=10640, ndraw=40, logz=-1076.52, remainder_fraction=100.0000%, Lmin=-1064.91, Lmax=-6.52
19:01:14 [ultranest] [DEBUG] iteration=198, ncalls=669, regioncalls=10760, ndraw=40, logz=-1070.46, remainder_fraction=100.0000%, Lmin=-1054.49, Lmax=-6.52
19:01:14 [ultranest] [DEBUG] iteration=200, ncalls=673, regioncalls=10920, ndraw=40, logz=-1055.00, remainder_fraction=100.0000%, Lmin=-1044.04, Lmax=-6.52
19:01:14 [ultranest] [DEBUG] iteration=203, ncalls=676, regioncalls=11040, ndraw=40, logz=-1045.74, remainder_fraction=100.0000%, Lmin=-1037.69, Lmax=-6.52
19:01:14 [ultranest] [DEBUG] iteration=205, ncalls=679, regioncalls=11160, ndraw=40, logz=-1037.10, remainder_fraction=100.0000%, Lmin=-1028.47, Lmax=-6.52
19:01:15 [ultranest] [DEBUG] iteration=206, ncalls=682, regioncalls=11280, ndraw=40, logz=-1034.86, remainder_fraction=100.0000%, Lmin=-1026.49, Lmax=-6.52
19:01:15 [ultranest] [DEBUG] iteration=209, ncalls=686, regioncalls=11440, ndraw=40, logz=-1016.83, remainder_fraction=100.0000%, Lmin=-1007.65, Lmax=-6.52
19:01:15 [ultranest] [DEBUG] iteration=210, ncalls=689, regioncalls=11560, ndraw=40, logz=-1014.10, remainder_fraction=100.0000%, Lmin=-999.46, Lmax=-6.52
19:01:15 [ultranest] [DEBUG] iteration=212, ncalls=692, regioncalls=11680, ndraw=40, logz=-1004.20, remainder_fraction=100.0000%, Lmin=-997.31, Lmax=-6.52
19:01:15 [ultranest] [DEBUG] iteration=213, ncalls=696, regioncalls=11840, ndraw=40, logz=-1003.31, remainder_fraction=100.0000%, Lmin=-996.69, Lmax=-6.52
19:01:15 [ultranest] [DEBUG] iteration=215, ncalls=699, regioncalls=11960, ndraw=40, logz=-993.17, remainder_fraction=100.0000%, Lmin=-970.85, Lmax=-6.52
19:01:15 [ultranest] [DEBUG] iteration=217, ncalls=702, regioncalls=12080, ndraw=40, logz=-969.66, remainder_fraction=100.0000%, Lmin=-956.25, Lmax=-6.52
19:01:15 [ultranest] [DEBUG] iteration=219, ncalls=706, regioncalls=12240, ndraw=40, logz=-958.88, remainder_fraction=100.0000%, Lmin=-946.26, Lmax=-6.52
19:01:16 [ultranest] [DEBUG] iteration=220, ncalls=709, regioncalls=12360, ndraw=40, logz=-952.80, remainder_fraction=100.0000%, Lmin=-945.90, Lmax=-6.52
19:01:16 [ultranest] [DEBUG] iteration=222, ncalls=712, regioncalls=12480, ndraw=40, logz=-950.79, remainder_fraction=100.0000%, Lmin=-944.16, Lmax=-6.52
19:01:16 [ultranest] [DEBUG] iteration=223, ncalls=715, regioncalls=12600, ndraw=40, logz=-950.06, remainder_fraction=100.0000%, Lmin=-939.76, Lmax=-6.52
19:01:16 [ultranest] [DEBUG] iteration=226, ncalls=719, regioncalls=12760, ndraw=40, logz=-933.03, remainder_fraction=100.0000%, Lmin=-923.81, Lmax=-6.52
19:01:16 [ultranest] [DEBUG] iteration=228, ncalls=722, regioncalls=12880, ndraw=40, logz=-927.70, remainder_fraction=100.0000%, Lmin=-920.56, Lmax=-6.52
19:01:16 [ultranest] [DEBUG] iteration=231, ncalls=726, regioncalls=13040, ndraw=40, logz=-920.47, remainder_fraction=100.0000%, Lmin=-902.28, Lmax=-6.52
19:01:16 [ultranest] [DEBUG] iteration=234, ncalls=734, regioncalls=13360, ndraw=40, logz=-905.27, remainder_fraction=100.0000%, Lmin=-897.88, Lmax=-6.52
19:01:17 [ultranest] [DEBUG] iteration=236, ncalls=737, regioncalls=13480, ndraw=40, logz=-901.19, remainder_fraction=100.0000%, Lmin=-891.98, Lmax=-6.52
19:01:17 [ultranest] [DEBUG] iteration=238, ncalls=740, regioncalls=13600, ndraw=40, logz=-875.77, remainder_fraction=100.0000%, Lmin=-867.67, Lmax=-6.52
19:01:17 [ultranest] [DEBUG] iteration=240, ncalls=743, regioncalls=13720, ndraw=40, logz=-873.33, remainder_fraction=100.0000%, Lmin=-865.75, Lmax=-6.52
19:01:17 [ultranest] [DEBUG] iteration=242, ncalls=746, regioncalls=13840, ndraw=40, logz=-867.47, remainder_fraction=100.0000%, Lmin=-853.27, Lmax=-6.52
19:01:17 [ultranest] [DEBUG] iteration=245, ncalls=754, regioncalls=14160, ndraw=40, logz=-858.75, remainder_fraction=100.0000%, Lmin=-853.17, Lmax=-6.52
19:01:17 [ultranest] [DEBUG] iteration=248, ncalls=758, regioncalls=14320, ndraw=40, logz=-848.97, remainder_fraction=100.0000%, Lmin=-840.15, Lmax=-6.52
19:01:17 [ultranest] [DEBUG] iteration=249, ncalls=761, regioncalls=14440, ndraw=40, logz=-846.66, remainder_fraction=100.0000%, Lmin=-830.36, Lmax=-6.52
19:01:18 [ultranest] [DEBUG] iteration=251, ncalls=764, regioncalls=14560, ndraw=40, logz=-833.68, remainder_fraction=100.0000%, Lmin=-826.70, Lmax=-6.52
19:01:18 [ultranest] [DEBUG] iteration=254, ncalls=767, regioncalls=14680, ndraw=40, logz=-830.99, remainder_fraction=100.0000%, Lmin=-817.82, Lmax=-6.52
19:01:18 [ultranest] [DEBUG] iteration=256, ncalls=770, regioncalls=14800, ndraw=40, logz=-815.32, remainder_fraction=100.0000%, Lmin=-807.73, Lmax=-6.52
19:01:18 [ultranest] [DEBUG] iteration=258, ncalls=774, regioncalls=14960, ndraw=40, logz=-805.64, remainder_fraction=100.0000%, Lmin=-796.20, Lmax=-6.52
19:01:18 [ultranest] [DEBUG] iteration=261, ncalls=777, regioncalls=15080, ndraw=40, logz=-794.76, remainder_fraction=100.0000%, Lmin=-787.56, Lmax=-6.52
19:01:18 [ultranest] [DEBUG] iteration=263, ncalls=782, regioncalls=15280, ndraw=40, logz=-791.92, remainder_fraction=100.0000%, Lmin=-785.05, Lmax=-6.52
19:01:18 [ultranest] [DEBUG] iteration=265, ncalls=786, regioncalls=15440, ndraw=40, logz=-790.59, remainder_fraction=100.0000%, Lmin=-776.85, Lmax=-6.52
19:01:19 [ultranest] [DEBUG] iteration=267, ncalls=790, regioncalls=15600, ndraw=40, logz=-780.48, remainder_fraction=100.0000%, Lmin=-771.29, Lmax=-6.52
19:01:19 [ultranest] [DEBUG] iteration=270, ncalls=796, regioncalls=15840, ndraw=40, logz=-759.16, remainder_fraction=100.0000%, Lmin=-751.51, Lmax=-6.52
19:01:19 [ultranest] [DEBUG] iteration=272, ncalls=799, regioncalls=15960, ndraw=40, logz=-749.19, remainder_fraction=100.0000%, Lmin=-738.42, Lmax=-6.52
19:01:19 [ultranest] [DEBUG] iteration=275, ncalls=804, regioncalls=16160, ndraw=40, logz=-738.36, remainder_fraction=100.0000%, Lmin=-727.48, Lmax=-6.52
19:01:19 [ultranest] [DEBUG] iteration=277, ncalls=808, regioncalls=16320, ndraw=40, logz=-732.87, remainder_fraction=100.0000%, Lmin=-726.15, Lmax=-6.52
19:01:19 [ultranest] [DEBUG] iteration=280, ncalls=811, regioncalls=16440, ndraw=40, logz=-726.61, remainder_fraction=100.0000%, Lmin=-717.53, Lmax=-6.52
19:01:19 [ultranest] [DEBUG] iteration=281, ncalls=815, regioncalls=16600, ndraw=40, logz=-724.13, remainder_fraction=100.0000%, Lmin=-713.54, Lmax=-6.52
19:01:20 [ultranest] [DEBUG] iteration=283, ncalls=819, regioncalls=16760, ndraw=40, logz=-718.65, remainder_fraction=100.0000%, Lmin=-710.88, Lmax=-6.52
19:01:20 [ultranest] [DEBUG] iteration=286, ncalls=823, regioncalls=16920, ndraw=40, logz=-711.60, remainder_fraction=100.0000%, Lmin=-697.33, Lmax=-6.52
19:01:20 [ultranest] [DEBUG] iteration=288, ncalls=827, regioncalls=17080, ndraw=40, logz=-701.36, remainder_fraction=100.0000%, Lmin=-694.29, Lmax=-6.52
19:01:20 [ultranest] [DEBUG] iteration=291, ncalls=830, regioncalls=17200, ndraw=40, logz=-694.70, remainder_fraction=100.0000%, Lmin=-686.13, Lmax=-6.52
19:01:20 [ultranest] [DEBUG] iteration=292, ncalls=837, regioncalls=17480, ndraw=40, logz=-692.71, remainder_fraction=100.0000%, Lmin=-676.04, Lmax=-6.52
19:01:20 [ultranest] [DEBUG] iteration=295, ncalls=841, regioncalls=17640, ndraw=40, logz=-675.81, remainder_fraction=100.0000%, Lmin=-664.32, Lmax=-6.52
19:01:21 [ultranest] [DEBUG] iteration=297, ncalls=844, regioncalls=17760, ndraw=40, logz=-664.61, remainder_fraction=100.0000%, Lmin=-654.98, Lmax=-6.52
19:01:21 [ultranest] [DEBUG] iteration=300, ncalls=847, regioncalls=17880, ndraw=40, logz=-649.92, remainder_fraction=100.0000%, Lmin=-642.84, Lmax=-6.52
19:01:21 [ultranest] [DEBUG] iteration=302, ncalls=852, regioncalls=18080, ndraw=40, logz=-647.87, remainder_fraction=100.0000%, Lmin=-639.04, Lmax=-6.52
19:01:21 [ultranest] [DEBUG] iteration=305, ncalls=859, regioncalls=18360, ndraw=40, logz=-641.01, remainder_fraction=100.0000%, Lmin=-632.45, Lmax=-6.52
19:01:21 [ultranest] [DEBUG] iteration=307, ncalls=862, regioncalls=18480, ndraw=40, logz=-633.10, remainder_fraction=100.0000%, Lmin=-625.28, Lmax=-6.52
19:01:21 [ultranest] [DEBUG] iteration=310, ncalls=866, regioncalls=18640, ndraw=40, logz=-620.63, remainder_fraction=100.0000%, Lmin=-613.56, Lmax=-6.52
19:01:21 [ultranest] [DEBUG] iteration=312, ncalls=869, regioncalls=18760, ndraw=40, logz=-618.84, remainder_fraction=100.0000%, Lmin=-611.48, Lmax=-6.52
19:01:22 [ultranest] [DEBUG] iteration=314, ncalls=873, regioncalls=18920, ndraw=40, logz=-616.30, remainder_fraction=100.0000%, Lmin=-608.83, Lmax=-6.52
19:01:22 [ultranest] [DEBUG] iteration=316, ncalls=876, regioncalls=19040, ndraw=40, logz=-614.46, remainder_fraction=100.0000%, Lmin=-606.56, Lmax=-6.52
19:01:22 [ultranest] [DEBUG] iteration=318, ncalls=880, regioncalls=19200, ndraw=40, logz=-611.04, remainder_fraction=100.0000%, Lmin=-601.41, Lmax=-6.52
19:01:22 [ultranest] [DEBUG] iteration=320, ncalls=883, regioncalls=19320, ndraw=40, logz=-607.33, remainder_fraction=100.0000%, Lmin=-600.49, Lmax=-6.52
19:01:22 [ultranest] [DEBUG] iteration=321, ncalls=886, regioncalls=19440, ndraw=40, logz=-606.61, remainder_fraction=100.0000%, Lmin=-598.33, Lmax=-6.52
19:01:22 [ultranest] [DEBUG] iteration=324, ncalls=892, regioncalls=19680, ndraw=40, logz=-591.79, remainder_fraction=100.0000%, Lmin=-583.19, Lmax=-6.52
19:01:22 [ultranest] [DEBUG] iteration=325, ncalls=898, regioncalls=19920, ndraw=40, logz=-589.84, remainder_fraction=100.0000%, Lmin=-582.08, Lmax=-6.52
19:01:23 [ultranest] [DEBUG] iteration=327, ncalls=901, regioncalls=20040, ndraw=40, logz=-583.85, remainder_fraction=100.0000%, Lmin=-570.05, Lmax=-6.52
19:01:23 [ultranest] [DEBUG] iteration=328, ncalls=904, regioncalls=20160, ndraw=40, logz=-576.86, remainder_fraction=100.0000%, Lmin=-567.91, Lmax=-6.52
19:01:23 [ultranest] [DEBUG] iteration=331, ncalls=907, regioncalls=20280, ndraw=40, logz=-559.82, remainder_fraction=100.0000%, Lmin=-544.78, Lmax=-6.52
19:01:23 [ultranest] [DEBUG] iteration=332, ncalls=914, regioncalls=20560, ndraw=40, logz=-551.60, remainder_fraction=100.0000%, Lmin=-541.93, Lmax=-6.52
19:01:23 [ultranest] [DEBUG] iteration=334, ncalls=917, regioncalls=20680, ndraw=40, logz=-547.88, remainder_fraction=100.0000%, Lmin=-538.13, Lmax=-6.52
19:01:23 [ultranest] [DEBUG] iteration=336, ncalls=925, regioncalls=21000, ndraw=40, logz=-540.34, remainder_fraction=100.0000%, Lmin=-529.10, Lmax=-6.52
19:01:24 [ultranest] [DEBUG] iteration=337, ncalls=929, regioncalls=21160, ndraw=40, logz=-535.92, remainder_fraction=100.0000%, Lmin=-525.26, Lmax=-6.52
19:01:24 [ultranest] [DEBUG] iteration=338, ncalls=932, regioncalls=21280, ndraw=40, logz=-532.07, remainder_fraction=100.0000%, Lmin=-521.56, Lmax=-6.52
19:01:24 [ultranest] [DEBUG] iteration=340, ncalls=936, regioncalls=21440, ndraw=40, logz=-527.43, remainder_fraction=100.0000%, Lmin=-520.95, Lmax=-6.52
19:01:24 [ultranest] [DEBUG] iteration=343, ncalls=942, regioncalls=21680, ndraw=40, logz=-523.32, remainder_fraction=100.0000%, Lmin=-515.44, Lmax=-6.52
19:01:24 [ultranest] [DEBUG] iteration=344, ncalls=945, regioncalls=21800, ndraw=40, logz=-521.99, remainder_fraction=100.0000%, Lmin=-512.85, Lmax=-6.52
19:01:24 [ultranest] [DEBUG] iteration=346, ncalls=948, regioncalls=21920, ndraw=40, logz=-517.87, remainder_fraction=100.0000%, Lmin=-510.98, Lmax=-6.52
19:01:24 [ultranest] [DEBUG] iteration=347, ncalls=951, regioncalls=22040, ndraw=40, logz=-517.16, remainder_fraction=100.0000%, Lmin=-509.05, Lmax=-6.52
19:01:25 [ultranest] [DEBUG] iteration=348, ncalls=955, regioncalls=22200, ndraw=40, logz=-515.66, remainder_fraction=100.0000%, Lmin=-508.32, Lmax=-6.52
19:01:25 [ultranest] [DEBUG] iteration=349, ncalls=959, regioncalls=22360, ndraw=40, logz=-514.70, remainder_fraction=100.0000%, Lmin=-506.61, Lmax=-6.52
19:01:25 [ultranest] [DEBUG] iteration=351, ncalls=962, regioncalls=22480, ndraw=40, logz=-511.75, remainder_fraction=100.0000%, Lmin=-503.39, Lmax=-6.52
19:01:25 [ultranest] [DEBUG] iteration=353, ncalls=966, regioncalls=22640, ndraw=40, logz=-509.29, remainder_fraction=100.0000%, Lmin=-498.40, Lmax=-6.52
19:01:25 [ultranest] [DEBUG] iteration=355, ncalls=969, regioncalls=22760, ndraw=40, logz=-503.91, remainder_fraction=100.0000%, Lmin=-495.31, Lmax=-6.52
19:01:25 [ultranest] [DEBUG] iteration=357, ncalls=972, regioncalls=22880, ndraw=40, logz=-500.50, remainder_fraction=100.0000%, Lmin=-492.46, Lmax=-6.52
19:01:25 [ultranest] [DEBUG] iteration=359, ncalls=976, regioncalls=23040, ndraw=40, logz=-491.06, remainder_fraction=100.0000%, Lmin=-481.67, Lmax=-6.52
19:01:25 [ultranest] [DEBUG] iteration=360, ncalls=977, regioncalls=23080, ndraw=40, logz=-488.48, remainder_fraction=100.0000%, Lmin=-480.26, Lmax=-6.52
19:01:26 [ultranest] [DEBUG] iteration=362, ncalls=982, regioncalls=23280, ndraw=40, logz=-482.22, remainder_fraction=100.0000%, Lmin=-473.15, Lmax=-6.52
19:01:26 [ultranest] [DEBUG] iteration=364, ncalls=986, regioncalls=23440, ndraw=40, logz=-479.11, remainder_fraction=100.0000%, Lmin=-472.07, Lmax=-6.52
19:01:26 [ultranest] [DEBUG] iteration=367, ncalls=989, regioncalls=23560, ndraw=40, logz=-476.07, remainder_fraction=100.0000%, Lmin=-469.11, Lmax=-6.52
19:01:26 [ultranest] [DEBUG] iteration=368, ncalls=993, regioncalls=23720, ndraw=40, logz=-475.35, remainder_fraction=100.0000%, Lmin=-467.24, Lmax=-6.52
19:01:26 [ultranest] [DEBUG] iteration=371, ncalls=1000, regioncalls=24000, ndraw=40, logz=-469.57, remainder_fraction=100.0000%, Lmin=-454.36, Lmax=-6.52
19:01:26 [ultranest] [DEBUG] iteration=373, ncalls=1004, regioncalls=24160, ndraw=40, logz=-460.19, remainder_fraction=100.0000%, Lmin=-453.67, Lmax=-6.52
19:01:26 [ultranest] [DEBUG] iteration=375, ncalls=1008, regioncalls=24320, ndraw=40, logz=-459.30, remainder_fraction=100.0000%, Lmin=-452.97, Lmax=-6.52
19:01:27 [ultranest] [DEBUG] iteration=377, ncalls=1012, regioncalls=24480, ndraw=40, logz=-457.62, remainder_fraction=100.0000%, Lmin=-450.27, Lmax=-6.52
19:01:27 [ultranest] [DEBUG] iteration=378, ncalls=1017, regioncalls=24680, ndraw=40, logz=-456.70, remainder_fraction=100.0000%, Lmin=-449.14, Lmax=-6.52
19:01:27 [ultranest] [DEBUG] iteration=379, ncalls=1021, regioncalls=24840, ndraw=40, logz=-455.64, remainder_fraction=100.0000%, Lmin=-446.69, Lmax=-6.52
19:01:27 [ultranest] [DEBUG] iteration=381, ncalls=1024, regioncalls=24960, ndraw=40, logz=-452.57, remainder_fraction=100.0000%, Lmin=-446.02, Lmax=-6.52
19:01:27 [ultranest] [DEBUG] iteration=383, ncalls=1028, regioncalls=25120, ndraw=40, logz=-451.02, remainder_fraction=100.0000%, Lmin=-443.01, Lmax=-6.52
19:01:27 [ultranest] [DEBUG] iteration=384, ncalls=1031, regioncalls=25240, ndraw=40, logz=-449.66, remainder_fraction=100.0000%, Lmin=-441.09, Lmax=-6.52
19:01:27 [ultranest] [DEBUG] iteration=385, ncalls=1035, regioncalls=25400, ndraw=40, logz=-447.86, remainder_fraction=100.0000%, Lmin=-439.65, Lmax=-6.52
19:01:28 [ultranest] [DEBUG] iteration=387, ncalls=1038, regioncalls=25520, ndraw=40, logz=-445.30, remainder_fraction=100.0000%, Lmin=-437.85, Lmax=-6.52
19:01:28 [ultranest] [DEBUG] iteration=389, ncalls=1041, regioncalls=25640, ndraw=40, logz=-443.84, remainder_fraction=100.0000%, Lmin=-437.37, Lmax=-6.52
19:01:28 [ultranest] [DEBUG] iteration=392, ncalls=1044, regioncalls=25760, ndraw=40, logz=-437.06, remainder_fraction=100.0000%, Lmin=-428.82, Lmax=-6.52
19:01:28 [ultranest] [DEBUG] iteration=393, ncalls=1048, regioncalls=25920, ndraw=40, logz=-435.55, remainder_fraction=100.0000%, Lmin=-427.75, Lmax=-6.52
19:01:28 [ultranest] [DEBUG] iteration=395, ncalls=1053, regioncalls=26120, ndraw=40, logz=-433.56, remainder_fraction=100.0000%, Lmin=-426.93, Lmax=-6.52
19:01:28 [ultranest] [DEBUG] iteration=398, ncalls=1057, regioncalls=26280, ndraw=40, logz=-432.05, remainder_fraction=100.0000%, Lmin=-425.63, Lmax=-6.52
19:01:28 [ultranest] [DEBUG] iteration=400, ncalls=1059, regioncalls=26360, ndraw=40, logz=-430.49, remainder_fraction=100.0000%, Lmin=-420.59, Lmax=-6.52
19:01:28 [ultranest] [DEBUG] iteration=403, ncalls=1063, regioncalls=26520, ndraw=40, logz=-423.41, remainder_fraction=100.0000%, Lmin=-414.30, Lmax=-6.52
19:01:29 [ultranest] [DEBUG] iteration=404, ncalls=1069, regioncalls=26760, ndraw=40, logz=-421.19, remainder_fraction=100.0000%, Lmin=-413.78, Lmax=-6.52
19:01:29 [ultranest] [DEBUG] iteration=406, ncalls=1073, regioncalls=26920, ndraw=40, logz=-419.43, remainder_fraction=100.0000%, Lmin=-409.54, Lmax=-6.52
19:01:29 [ultranest] [DEBUG] iteration=409, ncalls=1076, regioncalls=27040, ndraw=40, logz=-413.78, remainder_fraction=100.0000%, Lmin=-403.92, Lmax=-6.52
19:01:29 [ultranest] [DEBUG] iteration=410, ncalls=1082, regioncalls=27280, ndraw=40, logz=-410.88, remainder_fraction=100.0000%, Lmin=-403.35, Lmax=-6.52
19:01:29 [ultranest] [DEBUG] iteration=411, ncalls=1085, regioncalls=27400, ndraw=40, logz=-409.90, remainder_fraction=100.0000%, Lmin=-402.11, Lmax=-6.52
19:01:29 [ultranest] [DEBUG] iteration=413, ncalls=1088, regioncalls=27520, ndraw=40, logz=-407.95, remainder_fraction=100.0000%, Lmin=-401.48, Lmax=-6.52
19:01:30 [ultranest] [DEBUG] iteration=415, ncalls=1093, regioncalls=27720, ndraw=40, logz=-406.82, remainder_fraction=100.0000%, Lmin=-399.05, Lmax=-6.52
19:01:30 [ultranest] [DEBUG] iteration=418, ncalls=1098, regioncalls=27920, ndraw=40, logz=-399.86, remainder_fraction=100.0000%, Lmin=-389.36, Lmax=-6.52
19:01:30 [ultranest] [DEBUG] iteration=419, ncalls=1101, regioncalls=28040, ndraw=40, logz=-396.37, remainder_fraction=100.0000%, Lmin=-388.70, Lmax=-6.52
19:01:30 [ultranest] [DEBUG] iteration=421, ncalls=1107, regioncalls=28280, ndraw=40, logz=-392.02, remainder_fraction=100.0000%, Lmin=-377.97, Lmax=-6.52
19:01:30 [ultranest] [DEBUG] iteration=424, ncalls=1112, regioncalls=28480, ndraw=40, logz=-383.04, remainder_fraction=100.0000%, Lmin=-375.33, Lmax=-6.52
19:01:30 [ultranest] [DEBUG] iteration=426, ncalls=1115, regioncalls=28600, ndraw=40, logz=-381.34, remainder_fraction=100.0000%, Lmin=-372.47, Lmax=-6.52
19:01:31 [ultranest] [DEBUG] iteration=428, ncalls=1118, regioncalls=28720, ndraw=40, logz=-377.47, remainder_fraction=100.0000%, Lmin=-370.35, Lmax=-6.52
19:01:31 [ultranest] [DEBUG] iteration=430, ncalls=1121, regioncalls=28840, ndraw=40, logz=-376.29, remainder_fraction=100.0000%, Lmin=-370.17, Lmax=-6.52
19:01:31 [ultranest] [DEBUG] iteration=431, ncalls=1124, regioncalls=28960, ndraw=40, logz=-375.97, remainder_fraction=100.0000%, Lmin=-368.60, Lmax=-6.52
19:01:31 [ultranest] [DEBUG] iteration=433, ncalls=1128, regioncalls=29120, ndraw=40, logz=-374.48, remainder_fraction=100.0000%, Lmin=-367.04, Lmax=-6.52
19:01:31 [ultranest] [DEBUG] iteration=435, ncalls=1131, regioncalls=29240, ndraw=40, logz=-373.11, remainder_fraction=100.0000%, Lmin=-366.28, Lmax=-6.52
19:01:31 [ultranest] [DEBUG] iteration=438, ncalls=1138, regioncalls=29520, ndraw=40, logz=-371.27, remainder_fraction=100.0000%, Lmin=-364.08, Lmax=-6.52
19:01:31 [ultranest] [DEBUG] iteration=439, ncalls=1144, regioncalls=29760, ndraw=40, logz=-370.53, remainder_fraction=100.0000%, Lmin=-359.73, Lmax=-6.52
19:01:32 [ultranest] [DEBUG] iteration=440, ncalls=1148, regioncalls=29920, ndraw=40, logz=-366.80, remainder_fraction=100.0000%, Lmin=-357.05, Lmax=-6.52
19:01:32 [ultranest] [DEBUG] iteration=441, ncalls=1155, regioncalls=30200, ndraw=40, logz=-364.07, remainder_fraction=100.0000%, Lmin=-356.63, Lmax=-6.52
19:01:32 [ultranest] [DEBUG] iteration=442, ncalls=1159, regioncalls=30360, ndraw=40, logz=-363.19, remainder_fraction=100.0000%, Lmin=-356.46, Lmax=-6.52
19:01:32 [ultranest] [DEBUG] iteration=444, ncalls=1162, regioncalls=30480, ndraw=40, logz=-362.16, remainder_fraction=100.0000%, Lmin=-354.97, Lmax=-6.52
19:01:32 [ultranest] [DEBUG] iteration=446, ncalls=1166, regioncalls=30640, ndraw=40, logz=-360.82, remainder_fraction=100.0000%, Lmin=-354.05, Lmax=-6.52
19:01:32 [ultranest] [DEBUG] iteration=447, ncalls=1169, regioncalls=30760, ndraw=40, logz=-360.28, remainder_fraction=100.0000%, Lmin=-353.05, Lmax=-6.52
19:01:33 [ultranest] [DEBUG] iteration=448, ncalls=1173, regioncalls=30920, ndraw=40, logz=-359.53, remainder_fraction=100.0000%, Lmin=-352.06, Lmax=-6.52
19:01:33 [ultranest] [DEBUG] iteration=450, ncalls=1177, regioncalls=31080, ndraw=40, logz=-355.21, remainder_fraction=100.0000%, Lmin=-346.39, Lmax=-6.52
19:01:33 [ultranest] [DEBUG] iteration=451, ncalls=1181, regioncalls=31240, ndraw=40, logz=-353.34, remainder_fraction=100.0000%, Lmin=-346.04, Lmax=-6.52
19:01:33 [ultranest] [DEBUG] iteration=454, ncalls=1184, regioncalls=31360, ndraw=40, logz=-351.50, remainder_fraction=100.0000%, Lmin=-344.26, Lmax=-6.52
19:01:33 [ultranest] [DEBUG] iteration=455, ncalls=1188, regioncalls=31520, ndraw=40, logz=-350.75, remainder_fraction=100.0000%, Lmin=-343.37, Lmax=-6.52
19:01:33 [ultranest] [DEBUG] iteration=456, ncalls=1192, regioncalls=31680, ndraw=40, logz=-349.92, remainder_fraction=100.0000%, Lmin=-342.72, Lmax=-6.52
19:01:33 [ultranest] [DEBUG] iteration=459, ncalls=1195, regioncalls=31800, ndraw=40, logz=-344.28, remainder_fraction=100.0000%, Lmin=-336.24, Lmax=-6.52
19:01:34 [ultranest] [DEBUG] iteration=462, ncalls=1199, regioncalls=31960, ndraw=40, logz=-340.93, remainder_fraction=100.0000%, Lmin=-334.38, Lmax=-6.52
19:01:34 [ultranest] [DEBUG] iteration=463, ncalls=1202, regioncalls=32080, ndraw=40, logz=-340.49, remainder_fraction=100.0000%, Lmin=-333.84, Lmax=-6.52
19:01:34 [ultranest] [DEBUG] iteration=464, ncalls=1206, regioncalls=32240, ndraw=40, logz=-340.02, remainder_fraction=100.0000%, Lmin=-333.84, Lmax=-6.52
19:01:34 [ultranest] [DEBUG] iteration=466, ncalls=1218, regioncalls=32720, ndraw=40, logz=-339.39, remainder_fraction=100.0000%, Lmin=-331.89, Lmax=-6.52
19:01:34 [ultranest] [DEBUG] iteration=467, ncalls=1221, regioncalls=32840, ndraw=40, logz=-338.51, remainder_fraction=100.0000%, Lmin=-328.79, Lmax=-6.52
19:01:34 [ultranest] [DEBUG] iteration=468, ncalls=1224, regioncalls=32960, ndraw=40, logz=-335.88, remainder_fraction=100.0000%, Lmin=-328.12, Lmax=-6.52
19:01:35 [ultranest] [DEBUG] iteration=470, ncalls=1228, regioncalls=33120, ndraw=40, logz=-333.32, remainder_fraction=100.0000%, Lmin=-322.73, Lmax=-6.52
19:01:35 [ultranest] [DEBUG] iteration=471, ncalls=1231, regioncalls=33240, ndraw=40, logz=-329.87, remainder_fraction=100.0000%, Lmin=-321.35, Lmax=-6.52
19:01:35 [ultranest] [DEBUG] iteration=474, ncalls=1234, regioncalls=33360, ndraw=40, logz=-326.98, remainder_fraction=100.0000%, Lmin=-319.51, Lmax=-6.52
19:01:35 [ultranest] [DEBUG] iteration=476, ncalls=1237, regioncalls=33480, ndraw=40, logz=-325.52, remainder_fraction=100.0000%, Lmin=-316.28, Lmax=-6.52
19:01:35 [ultranest] [DEBUG] iteration=479, ncalls=1240, regioncalls=33600, ndraw=40, logz=-320.87, remainder_fraction=100.0000%, Lmin=-314.37, Lmax=-6.52
19:01:35 [ultranest] [DEBUG] iteration=480, ncalls=1241, regioncalls=33640, ndraw=40, logz=-320.47, remainder_fraction=100.0000%, Lmin=-312.27, Lmax=-6.52
19:01:35 [ultranest] [DEBUG] iteration=482, ncalls=1244, regioncalls=33760, ndraw=40, logz=-317.93, remainder_fraction=100.0000%, Lmin=-310.20, Lmax=-6.52
19:01:35 [ultranest] [DEBUG] iteration=484, ncalls=1247, regioncalls=33880, ndraw=40, logz=-314.10, remainder_fraction=100.0000%, Lmin=-298.08, Lmax=-6.52
19:01:35 [ultranest] [DEBUG] iteration=486, ncalls=1250, regioncalls=34000, ndraw=40, logz=-304.47, remainder_fraction=100.0000%, Lmin=-297.71, Lmax=-6.52
19:01:36 [ultranest] [DEBUG] iteration=488, ncalls=1255, regioncalls=34200, ndraw=40, logz=-303.21, remainder_fraction=100.0000%, Lmin=-295.74, Lmax=-6.52
19:01:36 [ultranest] [DEBUG] iteration=490, ncalls=1260, regioncalls=34400, ndraw=40, logz=-301.63, remainder_fraction=100.0000%, Lmin=-292.32, Lmax=-6.52
19:01:36 [ultranest] [DEBUG] iteration=493, ncalls=1266, regioncalls=34640, ndraw=40, logz=-298.13, remainder_fraction=100.0000%, Lmin=-291.27, Lmax=-6.52
19:01:36 [ultranest] [DEBUG] iteration=496, ncalls=1276, regioncalls=35040, ndraw=40, logz=-294.19, remainder_fraction=100.0000%, Lmin=-286.65, Lmax=-6.52
19:01:37 [ultranest] [DEBUG] iteration=498, ncalls=1279, regioncalls=35160, ndraw=40, logz=-290.99, remainder_fraction=100.0000%, Lmin=-276.98, Lmax=-6.52
19:01:37 [ultranest] [DEBUG] iteration=499, ncalls=1285, regioncalls=35400, ndraw=40, logz=-284.21, remainder_fraction=100.0000%, Lmin=-274.23, Lmax=-6.52
19:01:37 [ultranest] [DEBUG] iteration=501, ncalls=1290, regioncalls=35600, ndraw=40, logz=-279.89, remainder_fraction=100.0000%, Lmin=-272.48, Lmax=-6.52
19:01:37 [ultranest] [DEBUG] iteration=504, ncalls=1294, regioncalls=35760, ndraw=40, logz=-278.25, remainder_fraction=100.0000%, Lmin=-271.37, Lmax=-6.52
19:01:37 [ultranest] [DEBUG] iteration=506, ncalls=1299, regioncalls=35960, ndraw=40, logz=-276.79, remainder_fraction=100.0000%, Lmin=-268.92, Lmax=-6.52
19:01:37 [ultranest] [DEBUG] iteration=507, ncalls=1302, regioncalls=36080, ndraw=40, logz=-275.74, remainder_fraction=100.0000%, Lmin=-266.92, Lmax=-6.52
19:01:38 [ultranest] [DEBUG] iteration=508, ncalls=1306, regioncalls=36240, ndraw=40, logz=-273.99, remainder_fraction=100.0000%, Lmin=-266.76, Lmax=-6.52
19:01:38 [ultranest] [DEBUG] iteration=511, ncalls=1310, regioncalls=36400, ndraw=40, logz=-272.29, remainder_fraction=100.0000%, Lmin=-263.72, Lmax=-6.52
19:01:38 [ultranest] [DEBUG] iteration=513, ncalls=1313, regioncalls=36520, ndraw=40, logz=-269.74, remainder_fraction=100.0000%, Lmin=-262.44, Lmax=-6.52
19:01:38 [ultranest] [DEBUG] iteration=514, ncalls=1316, regioncalls=36640, ndraw=40, logz=-269.04, remainder_fraction=100.0000%, Lmin=-261.83, Lmax=-6.52
19:01:38 [ultranest] [DEBUG] iteration=517, ncalls=1325, regioncalls=37000, ndraw=40, logz=-267.39, remainder_fraction=100.0000%, Lmin=-259.42, Lmax=-6.52
19:01:38 [ultranest] [DEBUG] iteration=518, ncalls=1328, regioncalls=37120, ndraw=40, logz=-266.30, remainder_fraction=100.0000%, Lmin=-259.33, Lmax=-6.52
19:01:39 [ultranest] [DEBUG] iteration=520, ncalls=1333, regioncalls=37320, ndraw=40, logz=-265.24, remainder_fraction=100.0000%, Lmin=-258.49, Lmax=-6.52
19:01:39 [ultranest] [DEBUG] iteration=522, ncalls=1336, regioncalls=37440, ndraw=40, logz=-263.75, remainder_fraction=100.0000%, Lmin=-256.38, Lmax=-6.52
19:01:39 [ultranest] [DEBUG] iteration=523, ncalls=1339, regioncalls=37560, ndraw=40, logz=-263.02, remainder_fraction=100.0000%, Lmin=-255.78, Lmax=-6.52
19:01:39 [ultranest] [DEBUG] iteration=525, ncalls=1344, regioncalls=37760, ndraw=40, logz=-261.54, remainder_fraction=100.0000%, Lmin=-254.41, Lmax=-6.52
19:01:39 [ultranest] [DEBUG] iteration=528, ncalls=1348, regioncalls=37920, ndraw=40, logz=-258.96, remainder_fraction=100.0000%, Lmin=-250.99, Lmax=-6.52
19:01:39 [ultranest] [DEBUG] iteration=530, ncalls=1351, regioncalls=38040, ndraw=40, logz=-257.36, remainder_fraction=100.0000%, Lmin=-249.70, Lmax=-6.52
19:01:39 [ultranest] [DEBUG] iteration=533, ncalls=1354, regioncalls=38160, ndraw=40, logz=-254.34, remainder_fraction=100.0000%, Lmin=-247.66, Lmax=-6.52
19:01:39 [ultranest] [DEBUG] iteration=534, ncalls=1357, regioncalls=38280, ndraw=40, logz=-253.91, remainder_fraction=100.0000%, Lmin=-246.84, Lmax=-6.52
19:01:40 [ultranest] [DEBUG] iteration=535, ncalls=1360, regioncalls=38400, ndraw=40, logz=-253.34, remainder_fraction=100.0000%, Lmin=-244.62, Lmax=-6.52
19:01:40 [ultranest] [DEBUG] iteration=536, ncalls=1363, regioncalls=38520, ndraw=40, logz=-251.73, remainder_fraction=100.0000%, Lmin=-244.28, Lmax=-6.52
19:01:40 [ultranest] [DEBUG] iteration=537, ncalls=1366, regioncalls=38640, ndraw=40, logz=-250.97, remainder_fraction=100.0000%, Lmin=-242.07, Lmax=-6.52
19:01:40 [ultranest] [DEBUG] iteration=539, ncalls=1369, regioncalls=38760, ndraw=40, logz=-248.23, remainder_fraction=100.0000%, Lmin=-241.26, Lmax=-6.52
19:01:40 [ultranest] [DEBUG] iteration=540, ncalls=1371, regioncalls=38840, ndraw=40, logz=-247.71, remainder_fraction=100.0000%, Lmin=-241.14, Lmax=-6.52
19:01:40 [ultranest] [DEBUG] iteration=542, ncalls=1374, regioncalls=38960, ndraw=40, logz=-247.02, remainder_fraction=100.0000%, Lmin=-240.78, Lmax=-6.52
19:01:40 [ultranest] [DEBUG] iteration=543, ncalls=1378, regioncalls=39120, ndraw=40, logz=-246.74, remainder_fraction=100.0000%, Lmin=-240.37, Lmax=-6.52
19:01:40 [ultranest] [DEBUG] iteration=545, ncalls=1383, regioncalls=39320, ndraw=40, logz=-244.64, remainder_fraction=100.0000%, Lmin=-237.21, Lmax=-6.52
19:01:41 [ultranest] [DEBUG] iteration=546, ncalls=1389, regioncalls=39560, ndraw=40, logz=-243.91, remainder_fraction=100.0000%, Lmin=-236.84, Lmax=-6.52
19:01:41 [ultranest] [DEBUG] iteration=549, ncalls=1392, regioncalls=39680, ndraw=40, logz=-242.21, remainder_fraction=100.0000%, Lmin=-234.69, Lmax=-6.52
19:01:41 [ultranest] [DEBUG] iteration=551, ncalls=1397, regioncalls=39880, ndraw=40, logz=-240.00, remainder_fraction=100.0000%, Lmin=-231.42, Lmax=-6.52
19:01:41 [ultranest] [DEBUG] iteration=553, ncalls=1401, regioncalls=40040, ndraw=40, logz=-237.76, remainder_fraction=100.0000%, Lmin=-228.48, Lmax=-6.52
19:01:41 [ultranest] [DEBUG] iteration=554, ncalls=1404, regioncalls=40160, ndraw=40, logz=-235.72, remainder_fraction=100.0000%, Lmin=-228.15, Lmax=-6.52
19:01:42 [ultranest] [DEBUG] iteration=555, ncalls=1415, regioncalls=40600, ndraw=40, logz=-234.93, remainder_fraction=100.0000%, Lmin=-225.55, Lmax=-6.52
19:01:42 [ultranest] [DEBUG] iteration=557, ncalls=1418, regioncalls=40720, ndraw=40, logz=-232.17, remainder_fraction=100.0000%, Lmin=-224.81, Lmax=-6.52
19:01:42 [ultranest] [DEBUG] iteration=559, ncalls=1421, regioncalls=40840, ndraw=40, logz=-230.31, remainder_fraction=100.0000%, Lmin=-222.65, Lmax=-6.52
19:01:42 [ultranest] [DEBUG] iteration=560, ncalls=1423, regioncalls=40920, ndraw=40, logz=-229.47, remainder_fraction=100.0000%, Lmin=-221.75, Lmax=-6.52
19:01:42 [ultranest] [DEBUG] iteration=561, ncalls=1428, regioncalls=41120, ndraw=40, logz=-228.60, remainder_fraction=100.0000%, Lmin=-219.02, Lmax=-6.52
19:01:42 [ultranest] [DEBUG] iteration=563, ncalls=1432, regioncalls=41280, ndraw=40, logz=-225.38, remainder_fraction=100.0000%, Lmin=-216.94, Lmax=-6.52
19:01:42 [ultranest] [DEBUG] iteration=565, ncalls=1435, regioncalls=41400, ndraw=40, logz=-223.28, remainder_fraction=100.0000%, Lmin=-215.12, Lmax=-6.52
19:01:42 [ultranest] [DEBUG] iteration=567, ncalls=1438, regioncalls=41520, ndraw=40, logz=-220.61, remainder_fraction=100.0000%, Lmin=-212.26, Lmax=-6.52
19:01:42 [ultranest] [DEBUG] iteration=569, ncalls=1442, regioncalls=41680, ndraw=40, logz=-218.35, remainder_fraction=100.0000%, Lmin=-209.98, Lmax=-6.52
19:01:43 [ultranest] [DEBUG] iteration=571, ncalls=1446, regioncalls=41840, ndraw=40, logz=-216.33, remainder_fraction=100.0000%, Lmin=-209.49, Lmax=-6.52
19:01:43 [ultranest] [DEBUG] iteration=573, ncalls=1449, regioncalls=41960, ndraw=40, logz=-215.52, remainder_fraction=100.0000%, Lmin=-207.96, Lmax=-6.52
19:01:43 [ultranest] [DEBUG] iteration=575, ncalls=1452, regioncalls=42080, ndraw=40, logz=-214.19, remainder_fraction=100.0000%, Lmin=-207.40, Lmax=-6.52
19:01:43 [ultranest] [DEBUG] iteration=578, ncalls=1455, regioncalls=42200, ndraw=40, logz=-211.87, remainder_fraction=100.0000%, Lmin=-204.23, Lmax=-6.52
19:01:43 [ultranest] [DEBUG] iteration=581, ncalls=1460, regioncalls=42400, ndraw=40, logz=-208.30, remainder_fraction=100.0000%, Lmin=-200.49, Lmax=-6.52
19:01:43 [ultranest] [DEBUG] iteration=582, ncalls=1463, regioncalls=42520, ndraw=40, logz=-207.41, remainder_fraction=100.0000%, Lmin=-200.23, Lmax=-6.52
19:01:43 [ultranest] [DEBUG] iteration=583, ncalls=1466, regioncalls=42640, ndraw=40, logz=-206.84, remainder_fraction=100.0000%, Lmin=-200.18, Lmax=-6.52
19:01:43 [ultranest] [DEBUG] iteration=584, ncalls=1469, regioncalls=42760, ndraw=40, logz=-206.47, remainder_fraction=100.0000%, Lmin=-200.08, Lmax=-6.52
19:01:44 [ultranest] [DEBUG] iteration=587, ncalls=1477, regioncalls=43080, ndraw=40, logz=-204.27, remainder_fraction=100.0000%, Lmin=-196.58, Lmax=-6.11
19:01:44 [ultranest] [DEBUG] iteration=589, ncalls=1481, regioncalls=43240, ndraw=40, logz=-202.32, remainder_fraction=100.0000%, Lmin=-193.85, Lmax=-6.11
19:01:44 [ultranest] [DEBUG] iteration=592, ncalls=1484, regioncalls=43360, ndraw=40, logz=-197.82, remainder_fraction=100.0000%, Lmin=-190.23, Lmax=-6.11
19:01:44 [ultranest] [DEBUG] iteration=595, ncalls=1487, regioncalls=43480, ndraw=40, logz=-196.05, remainder_fraction=100.0000%, Lmin=-188.30, Lmax=-6.11
19:01:44 [ultranest] [DEBUG] iteration=596, ncalls=1491, regioncalls=43640, ndraw=40, logz=-195.22, remainder_fraction=100.0000%, Lmin=-188.09, Lmax=-6.11
19:01:44 [ultranest] [DEBUG] iteration=598, ncalls=1494, regioncalls=43760, ndraw=40, logz=-194.16, remainder_fraction=100.0000%, Lmin=-187.44, Lmax=-6.11
19:01:45 [ultranest] [DEBUG] iteration=600, ncalls=1502, regioncalls=44080, ndraw=40, logz=-193.41, remainder_fraction=100.0000%, Lmin=-186.80, Lmax=-6.11
19:01:45 [ultranest] [DEBUG] iteration=602, ncalls=1505, regioncalls=44200, ndraw=40, logz=-192.78, remainder_fraction=100.0000%, Lmin=-185.18, Lmax=-6.11
19:01:45 [ultranest] [DEBUG] iteration=605, ncalls=1508, regioncalls=44320, ndraw=40, logz=-190.34, remainder_fraction=100.0000%, Lmin=-181.85, Lmax=-6.11
19:01:45 [ultranest] [DEBUG] iteration=608, ncalls=1512, regioncalls=44480, ndraw=40, logz=-187.62, remainder_fraction=100.0000%, Lmin=-179.05, Lmax=-6.11
19:01:45 [ultranest] [DEBUG] iteration=610, ncalls=1515, regioncalls=44600, ndraw=40, logz=-185.28, remainder_fraction=100.0000%, Lmin=-176.85, Lmax=-6.11
19:01:45 [ultranest] [DEBUG] iteration=612, ncalls=1519, regioncalls=44760, ndraw=40, logz=-183.47, remainder_fraction=100.0000%, Lmin=-175.87, Lmax=-6.11
19:01:45 [ultranest] [DEBUG] iteration=614, ncalls=1522, regioncalls=44880, ndraw=40, logz=-180.80, remainder_fraction=100.0000%, Lmin=-172.57, Lmax=-6.11
19:01:46 [ultranest] [DEBUG] iteration=617, ncalls=1527, regioncalls=45080, ndraw=40, logz=-178.48, remainder_fraction=100.0000%, Lmin=-169.64, Lmax=-6.11
19:01:46 [ultranest] [DEBUG] iteration=619, ncalls=1530, regioncalls=45200, ndraw=40, logz=-176.33, remainder_fraction=100.0000%, Lmin=-169.49, Lmax=-6.11
19:01:46 [ultranest] [DEBUG] iteration=621, ncalls=1533, regioncalls=45320, ndraw=40, logz=-175.42, remainder_fraction=100.0000%, Lmin=-168.66, Lmax=-6.11
19:01:46 [ultranest] [DEBUG] iteration=623, ncalls=1540, regioncalls=45600, ndraw=40, logz=-174.75, remainder_fraction=100.0000%, Lmin=-168.39, Lmax=-6.11
19:01:46 [ultranest] [DEBUG] iteration=626, ncalls=1544, regioncalls=45760, ndraw=40, logz=-173.75, remainder_fraction=100.0000%, Lmin=-166.71, Lmax=-6.11
19:01:46 [ultranest] [DEBUG] iteration=629, ncalls=1552, regioncalls=46080, ndraw=40, logz=-172.47, remainder_fraction=100.0000%, Lmin=-165.89, Lmax=-6.11
19:01:47 [ultranest] [DEBUG] iteration=630, ncalls=1561, regioncalls=46440, ndraw=40, logz=-172.15, remainder_fraction=100.0000%, Lmin=-164.69, Lmax=-6.11
19:01:47 [ultranest] [DEBUG] iteration=631, ncalls=1564, regioncalls=46560, ndraw=40, logz=-171.51, remainder_fraction=100.0000%, Lmin=-164.43, Lmax=-6.11
19:01:47 [ultranest] [DEBUG] iteration=633, ncalls=1567, regioncalls=46680, ndraw=40, logz=-170.40, remainder_fraction=100.0000%, Lmin=-163.48, Lmax=-5.67
19:01:47 [ultranest] [DEBUG] iteration=635, ncalls=1570, regioncalls=46800, ndraw=40, logz=-169.52, remainder_fraction=100.0000%, Lmin=-162.55, Lmax=-5.67
19:01:47 [ultranest] [DEBUG] iteration=637, ncalls=1574, regioncalls=46960, ndraw=40, logz=-168.11, remainder_fraction=100.0000%, Lmin=-158.89, Lmax=-5.67
19:01:47 [ultranest] [DEBUG] iteration=639, ncalls=1577, regioncalls=47080, ndraw=40, logz=-165.08, remainder_fraction=100.0000%, Lmin=-157.21, Lmax=-5.67
19:01:47 [ultranest] [DEBUG] iteration=640, ncalls=1579, regioncalls=47160, ndraw=40, logz=-164.23, remainder_fraction=100.0000%, Lmin=-155.52, Lmax=-5.67
19:01:48 [ultranest] [DEBUG] iteration=643, ncalls=1584, regioncalls=47360, ndraw=40, logz=-160.99, remainder_fraction=100.0000%, Lmin=-153.72, Lmax=-5.67
19:01:48 [ultranest] [DEBUG] iteration=646, ncalls=1591, regioncalls=47640, ndraw=40, logz=-159.38, remainder_fraction=100.0000%, Lmin=-152.52, Lmax=-5.67
19:01:48 [ultranest] [DEBUG] iteration=648, ncalls=1594, regioncalls=47760, ndraw=40, logz=-158.61, remainder_fraction=100.0000%, Lmin=-151.86, Lmax=-5.67
19:01:48 [ultranest] [DEBUG] iteration=650, ncalls=1600, regioncalls=48000, ndraw=40, logz=-157.20, remainder_fraction=100.0000%, Lmin=-149.99, Lmax=-5.67
19:01:48 [ultranest] [DEBUG] iteration=652, ncalls=1604, regioncalls=48160, ndraw=40, logz=-156.28, remainder_fraction=100.0000%, Lmin=-149.55, Lmax=-5.67
19:01:49 [ultranest] [DEBUG] iteration=654, ncalls=1610, regioncalls=48400, ndraw=40, logz=-155.58, remainder_fraction=100.0000%, Lmin=-148.62, Lmax=-5.67
19:01:49 [ultranest] [DEBUG] iteration=657, ncalls=1613, regioncalls=48520, ndraw=40, logz=-153.91, remainder_fraction=100.0000%, Lmin=-146.57, Lmax=-5.67
19:01:49 [ultranest] [DEBUG] iteration=659, ncalls=1617, regioncalls=48680, ndraw=40, logz=-152.95, remainder_fraction=100.0000%, Lmin=-146.26, Lmax=-5.67
19:01:49 [ultranest] [DEBUG] iteration=661, ncalls=1622, regioncalls=48880, ndraw=40, logz=-152.10, remainder_fraction=100.0000%, Lmin=-144.51, Lmax=-5.67
19:01:49 [ultranest] [DEBUG] iteration=664, ncalls=1628, regioncalls=49120, ndraw=40, logz=-148.97, remainder_fraction=100.0000%, Lmin=-140.89, Lmax=-5.67
19:01:49 [ultranest] [DEBUG] iteration=665, ncalls=1632, regioncalls=49280, ndraw=40, logz=-148.04, remainder_fraction=100.0000%, Lmin=-140.72, Lmax=-5.67
19:01:50 [ultranest] [DEBUG] iteration=666, ncalls=1637, regioncalls=49480, ndraw=40, logz=-147.50, remainder_fraction=100.0000%, Lmin=-140.36, Lmax=-5.67
19:01:50 [ultranest] [DEBUG] iteration=668, ncalls=1640, regioncalls=49600, ndraw=40, logz=-146.67, remainder_fraction=100.0000%, Lmin=-140.02, Lmax=-5.67
19:01:50 [ultranest] [DEBUG] iteration=669, ncalls=1646, regioncalls=49840, ndraw=40, logz=-146.36, remainder_fraction=100.0000%, Lmin=-139.87, Lmax=-5.67
19:01:50 [ultranest] [DEBUG] iteration=671, ncalls=1649, regioncalls=49960, ndraw=40, logz=-145.86, remainder_fraction=100.0000%, Lmin=-139.63, Lmax=-5.67
19:01:50 [ultranest] [DEBUG] iteration=673, ncalls=1656, regioncalls=50240, ndraw=40, logz=-145.47, remainder_fraction=100.0000%, Lmin=-138.67, Lmax=-5.67
19:01:50 [ultranest] [DEBUG] iteration=675, ncalls=1659, regioncalls=50360, ndraw=40, logz=-144.50, remainder_fraction=100.0000%, Lmin=-137.56, Lmax=-5.67
19:01:51 [ultranest] [DEBUG] iteration=676, ncalls=1667, regioncalls=50680, ndraw=40, logz=-144.11, remainder_fraction=100.0000%, Lmin=-137.19, Lmax=-5.67
19:01:51 [ultranest] [DEBUG] iteration=678, ncalls=1670, regioncalls=50800, ndraw=40, logz=-143.16, remainder_fraction=100.0000%, Lmin=-135.77, Lmax=-5.67
19:01:51 [ultranest] [DEBUG] iteration=680, ncalls=1673, regioncalls=50920, ndraw=40, logz=-142.21, remainder_fraction=100.0000%, Lmin=-133.40, Lmax=-5.67
19:01:51 [ultranest] [DEBUG] iteration=682, ncalls=1678, regioncalls=51120, ndraw=40, logz=-139.97, remainder_fraction=100.0000%, Lmin=-132.16, Lmax=-5.67
19:01:51 [ultranest] [DEBUG] iteration=683, ncalls=1685, regioncalls=51400, ndraw=40, logz=-139.22, remainder_fraction=100.0000%, Lmin=-131.12, Lmax=-5.67
19:01:51 [ultranest] [DEBUG] iteration=684, ncalls=1689, regioncalls=51560, ndraw=40, logz=-138.30, remainder_fraction=100.0000%, Lmin=-129.41, Lmax=-5.67
19:01:52 [ultranest] [DEBUG] iteration=686, ncalls=1693, regioncalls=51720, ndraw=40, logz=-136.27, remainder_fraction=100.0000%, Lmin=-129.04, Lmax=-5.67
19:01:52 [ultranest] [DEBUG] iteration=689, ncalls=1696, regioncalls=51840, ndraw=40, logz=-134.69, remainder_fraction=100.0000%, Lmin=-127.64, Lmax=-5.67
19:01:52 [ultranest] [DEBUG] iteration=692, ncalls=1700, regioncalls=52000, ndraw=40, logz=-133.24, remainder_fraction=100.0000%, Lmin=-126.41, Lmax=-5.67
19:01:52 [ultranest] [DEBUG] iteration=693, ncalls=1703, regioncalls=52120, ndraw=40, logz=-132.90, remainder_fraction=100.0000%, Lmin=-126.36, Lmax=-5.67
19:01:52 [ultranest] [DEBUG] iteration=694, ncalls=1706, regioncalls=52240, ndraw=40, logz=-132.63, remainder_fraction=100.0000%, Lmin=-126.08, Lmax=-5.67
19:01:52 [ultranest] [DEBUG] iteration=695, ncalls=1709, regioncalls=52360, ndraw=40, logz=-132.36, remainder_fraction=100.0000%, Lmin=-123.94, Lmax=-5.67
19:01:52 [ultranest] [DEBUG] iteration=697, ncalls=1713, regioncalls=52520, ndraw=40, logz=-130.68, remainder_fraction=100.0000%, Lmin=-123.48, Lmax=-5.67
19:01:52 [ultranest] [DEBUG] iteration=699, ncalls=1716, regioncalls=52640, ndraw=40, logz=-129.83, remainder_fraction=100.0000%, Lmin=-122.39, Lmax=-5.67
19:01:52 [ultranest] [DEBUG] iteration=700, ncalls=1719, regioncalls=52760, ndraw=40, logz=-129.27, remainder_fraction=100.0000%, Lmin=-122.32, Lmax=-5.67
19:01:53 [ultranest] [DEBUG] iteration=702, ncalls=1723, regioncalls=52920, ndraw=40, logz=-128.60, remainder_fraction=100.0000%, Lmin=-121.65, Lmax=-5.67
19:01:53 [ultranest] [DEBUG] iteration=703, ncalls=1729, regioncalls=53160, ndraw=40, logz=-128.23, remainder_fraction=100.0000%, Lmin=-121.55, Lmax=-5.67
19:01:53 [ultranest] [DEBUG] iteration=705, ncalls=1733, regioncalls=53320, ndraw=40, logz=-127.65, remainder_fraction=100.0000%, Lmin=-121.03, Lmax=-5.67
19:01:53 [ultranest] [DEBUG] iteration=706, ncalls=1738, regioncalls=53520, ndraw=40, logz=-127.37, remainder_fraction=100.0000%, Lmin=-118.68, Lmax=-5.67
19:01:53 [ultranest] [DEBUG] iteration=708, ncalls=1741, regioncalls=53640, ndraw=40, logz=-125.22, remainder_fraction=100.0000%, Lmin=-117.39, Lmax=-5.67
19:01:53 [ultranest] [DEBUG] iteration=709, ncalls=1745, regioncalls=53800, ndraw=40, logz=-124.49, remainder_fraction=100.0000%, Lmin=-117.16, Lmax=-5.67
19:01:54 [ultranest] [DEBUG] iteration=712, ncalls=1749, regioncalls=53960, ndraw=40, logz=-123.20, remainder_fraction=100.0000%, Lmin=-116.43, Lmax=-5.67
19:01:54 [ultranest] [DEBUG] iteration=714, ncalls=1755, regioncalls=54200, ndraw=40, logz=-122.30, remainder_fraction=100.0000%, Lmin=-114.83, Lmax=-5.67
19:01:54 [ultranest] [DEBUG] iteration=716, ncalls=1762, regioncalls=54480, ndraw=40, logz=-121.22, remainder_fraction=100.0000%, Lmin=-114.30, Lmax=-5.67
19:01:54 [ultranest] [DEBUG] iteration=717, ncalls=1766, regioncalls=54640, ndraw=40, logz=-120.87, remainder_fraction=100.0000%, Lmin=-112.94, Lmax=-5.67
19:01:54 [ultranest] [DEBUG] iteration=719, ncalls=1769, regioncalls=54760, ndraw=40, logz=-119.48, remainder_fraction=100.0000%, Lmin=-112.08, Lmax=-5.67
19:01:54 [ultranest] [DEBUG] iteration=720, ncalls=1770, regioncalls=54800, ndraw=40, logz=-118.96, remainder_fraction=100.0000%, Lmin=-111.63, Lmax=-5.67
19:01:54 [ultranest] [DEBUG] iteration=722, ncalls=1773, regioncalls=54920, ndraw=40, logz=-118.02, remainder_fraction=100.0000%, Lmin=-110.86, Lmax=-5.67
19:01:55 [ultranest] [DEBUG] iteration=724, ncalls=1778, regioncalls=55120, ndraw=40, logz=-117.22, remainder_fraction=100.0000%, Lmin=-110.26, Lmax=-5.67
19:01:55 [ultranest] [DEBUG] iteration=726, ncalls=1781, regioncalls=55240, ndraw=40, logz=-116.58, remainder_fraction=100.0000%, Lmin=-109.60, Lmax=-5.67
19:01:55 [ultranest] [DEBUG] iteration=728, ncalls=1784, regioncalls=55360, ndraw=40, logz=-115.87, remainder_fraction=100.0000%, Lmin=-109.26, Lmax=-5.67
19:01:55 [ultranest] [DEBUG] iteration=730, ncalls=1787, regioncalls=55480, ndraw=40, logz=-115.26, remainder_fraction=100.0000%, Lmin=-108.45, Lmax=-5.67
19:01:55 [ultranest] [DEBUG] iteration=733, ncalls=1792, regioncalls=55680, ndraw=40, logz=-114.02, remainder_fraction=100.0000%, Lmin=-106.87, Lmax=-5.67
19:01:55 [ultranest] [DEBUG] iteration=736, ncalls=1795, regioncalls=55800, ndraw=40, logz=-112.51, remainder_fraction=100.0000%, Lmin=-104.84, Lmax=-5.67
19:01:55 [ultranest] [DEBUG] iteration=739, ncalls=1799, regioncalls=55960, ndraw=40, logz=-110.93, remainder_fraction=100.0000%, Lmin=-103.33, Lmax=-5.67
19:01:55 [ultranest] [DEBUG] iteration=740, ncalls=1802, regioncalls=56080, ndraw=40, logz=-110.35, remainder_fraction=100.0000%, Lmin=-103.04, Lmax=-5.67
19:01:56 [ultranest] [DEBUG] iteration=742, ncalls=1806, regioncalls=56240, ndraw=40, logz=-109.50, remainder_fraction=100.0000%, Lmin=-102.42, Lmax=-5.67
19:01:56 [ultranest] [DEBUG] iteration=743, ncalls=1812, regioncalls=56480, ndraw=40, logz=-109.12, remainder_fraction=100.0000%, Lmin=-102.24, Lmax=-5.67
19:01:56 [ultranest] [DEBUG] iteration=744, ncalls=1817, regioncalls=56680, ndraw=40, logz=-108.80, remainder_fraction=100.0000%, Lmin=-101.79, Lmax=-5.67
19:01:56 [ultranest] [DEBUG] iteration=745, ncalls=1824, regioncalls=56960, ndraw=40, logz=-108.44, remainder_fraction=100.0000%, Lmin=-101.37, Lmax=-5.67
19:01:56 [ultranest] [DEBUG] iteration=746, ncalls=1828, regioncalls=57120, ndraw=40, logz=-108.06, remainder_fraction=100.0000%, Lmin=-100.69, Lmax=-5.67
19:01:56 [ultranest] [DEBUG] iteration=748, ncalls=1831, regioncalls=57240, ndraw=40, logz=-107.19, remainder_fraction=100.0000%, Lmin=-100.22, Lmax=-5.67
19:01:57 [ultranest] [DEBUG] iteration=750, ncalls=1834, regioncalls=57360, ndraw=40, logz=-106.48, remainder_fraction=100.0000%, Lmin=-99.77, Lmax=-5.67
19:01:57 [ultranest] [DEBUG] iteration=753, ncalls=1837, regioncalls=57480, ndraw=40, logz=-105.53, remainder_fraction=100.0000%, Lmin=-98.07, Lmax=-5.67
19:01:57 [ultranest] [DEBUG] iteration=755, ncalls=1841, regioncalls=57640, ndraw=40, logz=-104.40, remainder_fraction=100.0000%, Lmin=-97.25, Lmax=-5.67
19:01:57 [ultranest] [DEBUG] iteration=756, ncalls=1844, regioncalls=57760, ndraw=40, logz=-104.01, remainder_fraction=100.0000%, Lmin=-97.23, Lmax=-5.67
19:01:57 [ultranest] [DEBUG] iteration=758, ncalls=1848, regioncalls=57920, ndraw=40, logz=-103.44, remainder_fraction=100.0000%, Lmin=-96.53, Lmax=-5.67
19:01:57 [ultranest] [DEBUG] iteration=760, ncalls=1854, regioncalls=58160, ndraw=40, logz=-102.87, remainder_fraction=100.0000%, Lmin=-96.40, Lmax=-5.67
19:01:57 [ultranest] [DEBUG] iteration=763, ncalls=1857, regioncalls=58280, ndraw=40, logz=-102.08, remainder_fraction=100.0000%, Lmin=-95.17, Lmax=-5.67
19:01:58 [ultranest] [DEBUG] iteration=765, ncalls=1860, regioncalls=58400, ndraw=40, logz=-101.48, remainder_fraction=100.0000%, Lmin=-94.90, Lmax=-5.67
19:01:58 [ultranest] [DEBUG] iteration=766, ncalls=1863, regioncalls=58520, ndraw=40, logz=-101.24, remainder_fraction=100.0000%, Lmin=-94.89, Lmax=-5.67
19:01:58 [ultranest] [DEBUG] iteration=768, ncalls=1866, regioncalls=58640, ndraw=40, logz=-100.65, remainder_fraction=100.0000%, Lmin=-93.67, Lmax=-5.67
19:01:58 [ultranest] [DEBUG] iteration=770, ncalls=1870, regioncalls=58800, ndraw=40, logz=-99.92, remainder_fraction=100.0000%, Lmin=-92.91, Lmax=-5.67
19:01:58 [ultranest] [DEBUG] iteration=772, ncalls=1877, regioncalls=59080, ndraw=40, logz=-98.95, remainder_fraction=100.0000%, Lmin=-91.69, Lmax=-5.67
19:01:58 [ultranest] [DEBUG] iteration=773, ncalls=1881, regioncalls=59240, ndraw=40, logz=-98.54, remainder_fraction=100.0000%, Lmin=-91.46, Lmax=-5.67
19:01:58 [ultranest] [DEBUG] iteration=775, ncalls=1884, regioncalls=59360, ndraw=40, logz=-97.92, remainder_fraction=100.0000%, Lmin=-91.10, Lmax=-5.67
19:01:58 [ultranest] [DEBUG] iteration=778, ncalls=1887, regioncalls=59480, ndraw=40, logz=-97.05, remainder_fraction=100.0000%, Lmin=-90.05, Lmax=-5.67
19:01:59 [ultranest] [DEBUG] iteration=780, ncalls=1891, regioncalls=59640, ndraw=40, logz=-96.38, remainder_fraction=100.0000%, Lmin=-89.70, Lmax=-5.67
19:01:59 [ultranest] [DEBUG] iteration=781, ncalls=1896, regioncalls=59840, ndraw=40, logz=-96.13, remainder_fraction=100.0000%, Lmin=-89.67, Lmax=-5.67
19:01:59 [ultranest] [DEBUG] iteration=782, ncalls=1901, regioncalls=60040, ndraw=40, logz=-95.93, remainder_fraction=100.0000%, Lmin=-88.87, Lmax=-5.67
19:01:59 [ultranest] [DEBUG] iteration=783, ncalls=1910, regioncalls=60400, ndraw=40, logz=-95.58, remainder_fraction=100.0000%, Lmin=-88.87, Lmax=-5.67
19:01:59 [ultranest] [DEBUG] iteration=784, ncalls=1914, regioncalls=60560, ndraw=40, logz=-95.33, remainder_fraction=100.0000%, Lmin=-88.36, Lmax=-5.67
19:02:00 [ultranest] [DEBUG] iteration=785, ncalls=1918, regioncalls=60720, ndraw=40, logz=-95.01, remainder_fraction=100.0000%, Lmin=-87.75, Lmax=-5.67
19:02:00 [ultranest] [DEBUG] iteration=787, ncalls=1921, regioncalls=60840, ndraw=40, logz=-94.22, remainder_fraction=100.0000%, Lmin=-86.50, Lmax=-5.67
19:02:00 [ultranest] [DEBUG] iteration=789, ncalls=1926, regioncalls=61040, ndraw=40, logz=-92.99, remainder_fraction=100.0000%, Lmin=-85.72, Lmax=-5.67
19:02:00 [ultranest] [DEBUG] iteration=791, ncalls=1934, regioncalls=61360, ndraw=40, logz=-92.28, remainder_fraction=100.0000%, Lmin=-85.64, Lmax=-5.67
19:02:00 [ultranest] [DEBUG] iteration=793, ncalls=1937, regioncalls=61480, ndraw=40, logz=-91.78, remainder_fraction=100.0000%, Lmin=-85.03, Lmax=-5.67
19:02:00 [ultranest] [DEBUG] iteration=796, ncalls=1941, regioncalls=61640, ndraw=40, logz=-90.92, remainder_fraction=100.0000%, Lmin=-83.28, Lmax=-5.67
19:02:01 [ultranest] [DEBUG] iteration=798, ncalls=1949, regioncalls=61960, ndraw=40, logz=-89.71, remainder_fraction=100.0000%, Lmin=-82.12, Lmax=-5.67
19:02:01 [ultranest] [DEBUG] iteration=799, ncalls=1953, regioncalls=62120, ndraw=40, logz=-89.20, remainder_fraction=100.0000%, Lmin=-81.96, Lmax=-5.67
19:02:01 [ultranest] [DEBUG] iteration=800, ncalls=1954, regioncalls=62160, ndraw=40, logz=-88.81, remainder_fraction=100.0000%, Lmin=-81.61, Lmax=-5.67
19:02:01 [ultranest] [DEBUG] iteration=801, ncalls=1958, regioncalls=62320, ndraw=40, logz=-88.44, remainder_fraction=100.0000%, Lmin=-81.46, Lmax=-5.67
19:02:01 [ultranest] [DEBUG] iteration=802, ncalls=1962, regioncalls=62480, ndraw=40, logz=-88.13, remainder_fraction=100.0000%, Lmin=-81.29, Lmax=-5.67
19:02:01 [ultranest] [DEBUG] iteration=803, ncalls=1965, regioncalls=62600, ndraw=40, logz=-87.85, remainder_fraction=100.0000%, Lmin=-81.10, Lmax=-5.67
19:02:01 [ultranest] [DEBUG] iteration=806, ncalls=1968, regioncalls=62720, ndraw=40, logz=-87.05, remainder_fraction=100.0000%, Lmin=-80.44, Lmax=-5.67
19:02:02 [ultranest] [DEBUG] iteration=807, ncalls=1973, regioncalls=62920, ndraw=40, logz=-86.82, remainder_fraction=100.0000%, Lmin=-80.26, Lmax=-5.67
19:02:02 [ultranest] [DEBUG] iteration=808, ncalls=1977, regioncalls=63080, ndraw=40, logz=-86.61, remainder_fraction=100.0000%, Lmin=-80.00, Lmax=-5.67
19:02:02 [ultranest] [DEBUG] iteration=810, ncalls=1982, regioncalls=63280, ndraw=40, logz=-86.12, remainder_fraction=100.0000%, Lmin=-78.20, Lmax=-5.67
19:02:02 [ultranest] [DEBUG] iteration=811, ncalls=1986, regioncalls=63440, ndraw=40, logz=-85.47, remainder_fraction=100.0000%, Lmin=-78.09, Lmax=-5.67
19:02:02 [ultranest] [DEBUG] iteration=814, ncalls=1989, regioncalls=63560, ndraw=40, logz=-84.42, remainder_fraction=100.0000%, Lmin=-77.67, Lmax=-5.67
19:02:02 [ultranest] [DEBUG] iteration=816, ncalls=1993, regioncalls=63720, ndraw=40, logz=-83.95, remainder_fraction=100.0000%, Lmin=-77.22, Lmax=-5.67
19:02:02 [ultranest] [DEBUG] iteration=818, ncalls=1997, regioncalls=63880, ndraw=40, logz=-83.47, remainder_fraction=100.0000%, Lmin=-76.59, Lmax=-5.67
19:02:03 [ultranest] [DEBUG] iteration=819, ncalls=2001, regioncalls=64040, ndraw=40, logz=-83.19, remainder_fraction=100.0000%, Lmin=-76.39, Lmax=-5.67
19:02:03 [ultranest] [DEBUG] iteration=822, ncalls=2007, regioncalls=64280, ndraw=40, logz=-82.48, remainder_fraction=100.0000%, Lmin=-75.76, Lmax=-5.67
19:02:03 [ultranest] [DEBUG] iteration=824, ncalls=2013, regioncalls=64520, ndraw=40, logz=-81.96, remainder_fraction=100.0000%, Lmin=-74.67, Lmax=-5.67
19:02:03 [ultranest] [DEBUG] iteration=826, ncalls=2017, regioncalls=64680, ndraw=40, logz=-81.20, remainder_fraction=100.0000%, Lmin=-73.68, Lmax=-5.67
19:02:03 [ultranest] [DEBUG] iteration=829, ncalls=2020, regioncalls=64800, ndraw=40, logz=-79.97, remainder_fraction=100.0000%, Lmin=-73.00, Lmax=-5.67
19:02:03 [ultranest] [DEBUG] iteration=830, ncalls=2023, regioncalls=64920, ndraw=40, logz=-79.68, remainder_fraction=100.0000%, Lmin=-72.75, Lmax=-5.67
19:02:03 [ultranest] [DEBUG] iteration=833, ncalls=2026, regioncalls=65040, ndraw=40, logz=-79.00, remainder_fraction=100.0000%, Lmin=-72.64, Lmax=-5.67
19:02:04 [ultranest] [DEBUG] iteration=835, ncalls=2029, regioncalls=65160, ndraw=40, logz=-78.43, remainder_fraction=100.0000%, Lmin=-70.87, Lmax=-5.67
19:02:04 [ultranest] [DEBUG] iteration=837, ncalls=2036, regioncalls=65440, ndraw=40, logz=-77.63, remainder_fraction=100.0000%, Lmin=-70.77, Lmax=-5.67
19:02:04 [ultranest] [DEBUG] iteration=838, ncalls=2043, regioncalls=65720, ndraw=40, logz=-77.37, remainder_fraction=100.0000%, Lmin=-70.65, Lmax=-5.67
19:02:04 [ultranest] [DEBUG] iteration=840, ncalls=2047, regioncalls=65880, ndraw=40, logz=-76.84, remainder_fraction=100.0000%, Lmin=-69.71, Lmax=-5.67
19:02:04 [ultranest] [DEBUG] iteration=843, ncalls=2052, regioncalls=66080, ndraw=40, logz=-76.00, remainder_fraction=100.0000%, Lmin=-69.11, Lmax=-5.67
19:02:05 [ultranest] [DEBUG] iteration=846, ncalls=2056, regioncalls=66240, ndraw=40, logz=-75.18, remainder_fraction=100.0000%, Lmin=-68.20, Lmax=-5.67
19:02:05 [ultranest] [DEBUG] iteration=849, ncalls=2066, regioncalls=66640, ndraw=40, logz=-74.44, remainder_fraction=100.0000%, Lmin=-67.99, Lmax=-5.67
19:02:05 [ultranest] [DEBUG] iteration=851, ncalls=2069, regioncalls=66760, ndraw=40, logz=-74.09, remainder_fraction=100.0000%, Lmin=-67.69, Lmax=-5.67
19:02:05 [ultranest] [DEBUG] iteration=852, ncalls=2072, regioncalls=66880, ndraw=40, logz=-73.92, remainder_fraction=100.0000%, Lmin=-67.67, Lmax=-5.67
19:02:05 [ultranest] [DEBUG] iteration=855, ncalls=2076, regioncalls=67040, ndraw=40, logz=-73.50, remainder_fraction=100.0000%, Lmin=-67.34, Lmax=-5.67
19:02:05 [ultranest] [DEBUG] iteration=857, ncalls=2079, regioncalls=67160, ndraw=40, logz=-73.24, remainder_fraction=100.0000%, Lmin=-67.05, Lmax=-5.67
19:02:06 [ultranest] [DEBUG] iteration=858, ncalls=2082, regioncalls=67280, ndraw=40, logz=-73.11, remainder_fraction=100.0000%, Lmin=-66.95, Lmax=-5.67
19:02:06 [ultranest] [DEBUG] iteration=859, ncalls=2088, regioncalls=67520, ndraw=40, logz=-72.98, remainder_fraction=100.0000%, Lmin=-66.66, Lmax=-5.67
19:02:06 [ultranest] [DEBUG] iteration=862, ncalls=2092, regioncalls=67680, ndraw=40, logz=-72.53, remainder_fraction=100.0000%, Lmin=-65.82, Lmax=-5.67
19:02:06 [ultranest] [DEBUG] iteration=865, ncalls=2096, regioncalls=67840, ndraw=40, logz=-71.95, remainder_fraction=100.0000%, Lmin=-65.47, Lmax=-5.67
19:02:06 [ultranest] [DEBUG] iteration=867, ncalls=2099, regioncalls=67960, ndraw=40, logz=-71.61, remainder_fraction=100.0000%, Lmin=-65.10, Lmax=-5.67
19:02:06 [ultranest] [DEBUG] iteration=870, ncalls=2103, regioncalls=68120, ndraw=40, logz=-70.97, remainder_fraction=100.0000%, Lmin=-64.33, Lmax=-5.67
19:02:06 [ultranest] [DEBUG] iteration=871, ncalls=2107, regioncalls=68280, ndraw=40, logz=-70.78, remainder_fraction=100.0000%, Lmin=-64.23, Lmax=-5.67
19:02:07 [ultranest] [DEBUG] iteration=874, ncalls=2110, regioncalls=68400, ndraw=40, logz=-70.17, remainder_fraction=100.0000%, Lmin=-63.44, Lmax=-5.67
19:02:07 [ultranest] [DEBUG] iteration=876, ncalls=2119, regioncalls=68760, ndraw=40, logz=-69.78, remainder_fraction=100.0000%, Lmin=-62.97, Lmax=-5.67
19:02:07 [ultranest] [DEBUG] iteration=877, ncalls=2123, regioncalls=68920, ndraw=40, logz=-69.55, remainder_fraction=100.0000%, Lmin=-62.61, Lmax=-5.67
19:02:08 [ultranest] [DEBUG] iteration=879, ncalls=2137, regioncalls=69480, ndraw=40, logz=-69.09, remainder_fraction=100.0000%, Lmin=-62.47, Lmax=-5.67
19:02:08 [ultranest] [DEBUG] iteration=880, ncalls=2138, regioncalls=69520, ndraw=40, logz=-68.90, remainder_fraction=100.0000%, Lmin=-62.43, Lmax=-5.67
19:02:08 [ultranest] [DEBUG] iteration=881, ncalls=2142, regioncalls=69680, ndraw=40, logz=-68.73, remainder_fraction=100.0000%, Lmin=-62.34, Lmax=-5.67
19:02:08 [ultranest] [DEBUG] iteration=883, ncalls=2145, regioncalls=69800, ndraw=40, logz=-68.45, remainder_fraction=100.0000%, Lmin=-61.70, Lmax=-5.67
19:02:08 [ultranest] [DEBUG] iteration=886, ncalls=2148, regioncalls=69920, ndraw=40, logz=-67.58, remainder_fraction=100.0000%, Lmin=-60.38, Lmax=-5.67
19:02:08 [ultranest] [DEBUG] iteration=888, ncalls=2151, regioncalls=70040, ndraw=40, logz=-67.02, remainder_fraction=100.0000%, Lmin=-60.21, Lmax=-5.67
19:02:08 [ultranest] [DEBUG] iteration=890, ncalls=2154, regioncalls=70160, ndraw=40, logz=-66.50, remainder_fraction=100.0000%, Lmin=-59.50, Lmax=-5.67
19:02:08 [ultranest] [DEBUG] iteration=891, ncalls=2157, regioncalls=70280, ndraw=40, logz=-66.24, remainder_fraction=100.0000%, Lmin=-59.47, Lmax=-5.67
19:02:08 [ultranest] [DEBUG] iteration=893, ncalls=2163, regioncalls=70520, ndraw=40, logz=-65.78, remainder_fraction=100.0000%, Lmin=-59.00, Lmax=-5.67
19:02:09 [ultranest] [DEBUG] iteration=895, ncalls=2166, regioncalls=70640, ndraw=40, logz=-65.38, remainder_fraction=100.0000%, Lmin=-58.60, Lmax=-5.67
19:02:09 [ultranest] [DEBUG] iteration=898, ncalls=2169, regioncalls=70760, ndraw=40, logz=-64.82, remainder_fraction=100.0000%, Lmin=-58.41, Lmax=-5.67
19:02:09 [ultranest] [DEBUG] iteration=899, ncalls=2172, regioncalls=70880, ndraw=40, logz=-64.67, remainder_fraction=100.0000%, Lmin=-58.27, Lmax=-5.67
19:02:09 [ultranest] [DEBUG] iteration=900, ncalls=2173, regioncalls=70920, ndraw=40, logz=-64.52, remainder_fraction=100.0000%, Lmin=-58.27, Lmax=-5.67
19:02:09 [ultranest] [DEBUG] iteration=901, ncalls=2175, regioncalls=71000, ndraw=40, logz=-64.40, remainder_fraction=100.0000%, Lmin=-58.19, Lmax=-5.67
19:02:09 [ultranest] [DEBUG] iteration=903, ncalls=2179, regioncalls=71160, ndraw=40, logz=-64.16, remainder_fraction=100.0000%, Lmin=-58.12, Lmax=-5.67
19:02:09 [ultranest] [DEBUG] iteration=905, ncalls=2182, regioncalls=71280, ndraw=40, logz=-63.96, remainder_fraction=100.0000%, Lmin=-58.06, Lmax=-5.67
19:02:09 [ultranest] [DEBUG] iteration=907, ncalls=2185, regioncalls=71400, ndraw=40, logz=-63.69, remainder_fraction=100.0000%, Lmin=-57.14, Lmax=-5.67
19:02:09 [ultranest] [DEBUG] iteration=908, ncalls=2189, regioncalls=71560, ndraw=40, logz=-63.52, remainder_fraction=100.0000%, Lmin=-57.08, Lmax=-5.67
19:02:10 [ultranest] [DEBUG] iteration=909, ncalls=2192, regioncalls=71680, ndraw=40, logz=-63.37, remainder_fraction=100.0000%, Lmin=-57.06, Lmax=-5.67
19:02:10 [ultranest] [DEBUG] iteration=911, ncalls=2199, regioncalls=71960, ndraw=40, logz=-63.12, remainder_fraction=100.0000%, Lmin=-56.76, Lmax=-5.67
19:02:10 [ultranest] [DEBUG] iteration=914, ncalls=2203, regioncalls=72120, ndraw=40, logz=-62.73, remainder_fraction=100.0000%, Lmin=-56.59, Lmax=-5.67
19:02:10 [ultranest] [DEBUG] iteration=915, ncalls=2206, regioncalls=72240, ndraw=40, logz=-62.62, remainder_fraction=100.0000%, Lmin=-56.59, Lmax=-5.67
19:02:10 [ultranest] [DEBUG] iteration=916, ncalls=2213, regioncalls=72520, ndraw=40, logz=-62.52, remainder_fraction=100.0000%, Lmin=-55.74, Lmax=-5.67
19:02:11 [ultranest] [DEBUG] iteration=919, ncalls=2220, regioncalls=72800, ndraw=40, logz=-61.94, remainder_fraction=100.0000%, Lmin=-55.27, Lmax=-5.67
19:02:11 [ultranest] [DEBUG] iteration=920, ncalls=2221, regioncalls=72840, ndraw=40, logz=-61.76, remainder_fraction=100.0000%, Lmin=-55.26, Lmax=-5.67
19:02:11 [ultranest] [DEBUG] iteration=922, ncalls=2224, regioncalls=72960, ndraw=40, logz=-61.46, remainder_fraction=100.0000%, Lmin=-55.15, Lmax=-5.67
19:02:11 [ultranest] [DEBUG] iteration=923, ncalls=2227, regioncalls=73080, ndraw=40, logz=-61.34, remainder_fraction=100.0000%, Lmin=-54.98, Lmax=-5.67
19:02:11 [ultranest] [DEBUG] iteration=924, ncalls=2230, regioncalls=73200, ndraw=40, logz=-61.20, remainder_fraction=100.0000%, Lmin=-54.54, Lmax=-5.67
19:02:11 [ultranest] [DEBUG] iteration=926, ncalls=2233, regioncalls=73320, ndraw=40, logz=-60.87, remainder_fraction=100.0000%, Lmin=-54.46, Lmax=-5.67
19:02:11 [ultranest] [DEBUG] iteration=927, ncalls=2236, regioncalls=73440, ndraw=40, logz=-60.73, remainder_fraction=100.0000%, Lmin=-54.03, Lmax=-5.67
19:02:11 [ultranest] [DEBUG] iteration=928, ncalls=2240, regioncalls=73600, ndraw=40, logz=-60.55, remainder_fraction=100.0000%, Lmin=-53.62, Lmax=-5.67
19:02:12 [ultranest] [DEBUG] iteration=929, ncalls=2249, regioncalls=73960, ndraw=40, logz=-60.32, remainder_fraction=100.0000%, Lmin=-53.22, Lmax=-5.67
19:02:12 [ultranest] [DEBUG] iteration=932, ncalls=2253, regioncalls=74120, ndraw=40, logz=-59.67, remainder_fraction=100.0000%, Lmin=-53.14, Lmax=-5.67
19:02:12 [ultranest] [DEBUG] iteration=934, ncalls=2256, regioncalls=74240, ndraw=40, logz=-59.38, remainder_fraction=100.0000%, Lmin=-52.84, Lmax=-5.67
19:02:12 [ultranest] [DEBUG] iteration=936, ncalls=2262, regioncalls=74480, ndraw=40, logz=-59.08, remainder_fraction=100.0000%, Lmin=-52.79, Lmax=-5.67
19:02:12 [ultranest] [DEBUG] iteration=937, ncalls=2265, regioncalls=74600, ndraw=40, logz=-58.96, remainder_fraction=100.0000%, Lmin=-52.62, Lmax=-5.67
19:02:12 [ultranest] [DEBUG] iteration=938, ncalls=2268, regioncalls=74720, ndraw=40, logz=-58.83, remainder_fraction=100.0000%, Lmin=-52.32, Lmax=-5.67
19:02:12 [ultranest] [DEBUG] iteration=939, ncalls=2271, regioncalls=74840, ndraw=40, logz=-58.68, remainder_fraction=100.0000%, Lmin=-52.24, Lmax=-5.67
19:02:13 [ultranest] [DEBUG] iteration=941, ncalls=2274, regioncalls=74960, ndraw=40, logz=-58.42, remainder_fraction=100.0000%, Lmin=-52.08, Lmax=-5.28
19:02:13 [ultranest] [DEBUG] iteration=944, ncalls=2277, regioncalls=75080, ndraw=40, logz=-58.06, remainder_fraction=100.0000%, Lmin=-51.26, Lmax=-5.28
19:02:13 [ultranest] [DEBUG] iteration=945, ncalls=2280, regioncalls=75200, ndraw=40, logz=-57.87, remainder_fraction=100.0000%, Lmin=-51.14, Lmax=-5.28
19:02:13 [ultranest] [DEBUG] iteration=947, ncalls=2283, regioncalls=75320, ndraw=40, logz=-57.53, remainder_fraction=100.0000%, Lmin=-50.96, Lmax=-5.28
19:02:13 [ultranest] [DEBUG] iteration=948, ncalls=2286, regioncalls=75440, ndraw=40, logz=-57.37, remainder_fraction=100.0000%, Lmin=-50.94, Lmax=-5.28
19:02:13 [ultranest] [DEBUG] iteration=951, ncalls=2289, regioncalls=75560, ndraw=40, logz=-56.99, remainder_fraction=100.0000%, Lmin=-50.72, Lmax=-5.28
19:02:13 [ultranest] [DEBUG] iteration=953, ncalls=2294, regioncalls=75760, ndraw=40, logz=-56.77, remainder_fraction=100.0000%, Lmin=-50.59, Lmax=-5.28
19:02:13 [ultranest] [DEBUG] iteration=955, ncalls=2297, regioncalls=75880, ndraw=40, logz=-56.52, remainder_fraction=100.0000%, Lmin=-50.12, Lmax=-5.28
19:02:14 [ultranest] [DEBUG] iteration=957, ncalls=2300, regioncalls=76000, ndraw=40, logz=-56.27, remainder_fraction=100.0000%, Lmin=-49.89, Lmax=-5.28
19:02:14 [ultranest] [DEBUG] iteration=959, ncalls=2303, regioncalls=76120, ndraw=40, logz=-56.00, remainder_fraction=100.0000%, Lmin=-49.53, Lmax=-5.28
19:02:14 [ultranest] [DEBUG] iteration=960, ncalls=2304, regioncalls=76160, ndraw=40, logz=-55.86, remainder_fraction=100.0000%, Lmin=-49.44, Lmax=-5.28
19:02:14 [ultranest] [DEBUG] iteration=961, ncalls=2307, regioncalls=76280, ndraw=40, logz=-55.73, remainder_fraction=100.0000%, Lmin=-49.38, Lmax=-5.28
19:02:14 [ultranest] [DEBUG] iteration=963, ncalls=2311, regioncalls=76440, ndraw=40, logz=-55.50, remainder_fraction=100.0000%, Lmin=-49.33, Lmax=-5.28
19:02:14 [ultranest] [DEBUG] iteration=964, ncalls=2314, regioncalls=76560, ndraw=40, logz=-55.40, remainder_fraction=100.0000%, Lmin=-49.32, Lmax=-5.28
19:02:14 [ultranest] [DEBUG] iteration=965, ncalls=2321, regioncalls=76840, ndraw=40, logz=-55.30, remainder_fraction=100.0000%, Lmin=-49.31, Lmax=-5.28
19:02:14 [ultranest] [DEBUG] iteration=968, ncalls=2324, regioncalls=76960, ndraw=40, logz=-55.01, remainder_fraction=100.0000%, Lmin=-48.83, Lmax=-5.28
19:02:15 [ultranest] [DEBUG] iteration=969, ncalls=2334, regioncalls=77360, ndraw=40, logz=-54.91, remainder_fraction=100.0000%, Lmin=-48.59, Lmax=-5.28
19:02:15 [ultranest] [DEBUG] iteration=970, ncalls=2338, regioncalls=77520, ndraw=40, logz=-54.79, remainder_fraction=100.0000%, Lmin=-48.57, Lmax=-5.28
19:02:15 [ultranest] [DEBUG] iteration=973, ncalls=2344, regioncalls=77760, ndraw=40, logz=-54.41, remainder_fraction=100.0000%, Lmin=-47.91, Lmax=-5.28
19:02:15 [ultranest] [DEBUG] iteration=975, ncalls=2348, regioncalls=77920, ndraw=40, logz=-54.12, remainder_fraction=100.0000%, Lmin=-47.66, Lmax=-5.28
19:02:15 [ultranest] [DEBUG] iteration=977, ncalls=2352, regioncalls=78080, ndraw=40, logz=-53.88, remainder_fraction=100.0000%, Lmin=-47.61, Lmax=-5.28
19:02:16 [ultranest] [DEBUG] iteration=978, ncalls=2356, regioncalls=78240, ndraw=40, logz=-53.77, remainder_fraction=100.0000%, Lmin=-47.38, Lmax=-5.28
19:02:16 [ultranest] [DEBUG] iteration=979, ncalls=2361, regioncalls=78440, ndraw=40, logz=-53.65, remainder_fraction=100.0000%, Lmin=-47.23, Lmax=-5.28
19:02:16 [ultranest] [DEBUG] iteration=982, ncalls=2364, regioncalls=78560, ndraw=40, logz=-53.25, remainder_fraction=100.0000%, Lmin=-46.65, Lmax=-5.28
19:02:16 [ultranest] [DEBUG] iteration=984, ncalls=2369, regioncalls=78760, ndraw=40, logz=-52.97, remainder_fraction=100.0000%, Lmin=-46.37, Lmax=-5.28
19:02:16 [ultranest] [DEBUG] iteration=985, ncalls=2374, regioncalls=78960, ndraw=40, logz=-52.83, remainder_fraction=100.0000%, Lmin=-46.15, Lmax=-5.28
19:02:16 [ultranest] [DEBUG] iteration=987, ncalls=2377, regioncalls=79080, ndraw=40, logz=-52.53, remainder_fraction=100.0000%, Lmin=-45.73, Lmax=-5.28
19:02:16 [ultranest] [DEBUG] iteration=988, ncalls=2381, regioncalls=79240, ndraw=40, logz=-52.35, remainder_fraction=100.0000%, Lmin=-45.55, Lmax=-5.28
19:02:17 [ultranest] [DEBUG] iteration=990, ncalls=2385, regioncalls=79400, ndraw=40, logz=-51.99, remainder_fraction=100.0000%, Lmin=-45.13, Lmax=-5.28
19:02:17 [ultranest] [DEBUG] iteration=992, ncalls=2389, regioncalls=79560, ndraw=40, logz=-51.65, remainder_fraction=100.0000%, Lmin=-45.09, Lmax=-5.28
19:02:17 [ultranest] [DEBUG] iteration=994, ncalls=2392, regioncalls=79680, ndraw=40, logz=-51.36, remainder_fraction=100.0000%, Lmin=-44.76, Lmax=-5.28
19:02:17 [ultranest] [DEBUG] iteration=996, ncalls=2396, regioncalls=79840, ndraw=40, logz=-51.09, remainder_fraction=100.0000%, Lmin=-44.64, Lmax=-5.28
19:02:17 [ultranest] [DEBUG] iteration=999, ncalls=2402, regioncalls=80080, ndraw=40, logz=-50.72, remainder_fraction=100.0000%, Lmin=-44.32, Lmax=-5.28
19:02:17 [ultranest] [DEBUG] iteration=1000, ncalls=2404, regioncalls=80160, ndraw=40, logz=-50.60, remainder_fraction=100.0000%, Lmin=-44.19, Lmax=-5.28
19:02:18 [ultranest] [DEBUG] iteration=1002, ncalls=2412, regioncalls=80480, ndraw=40, logz=-50.38, remainder_fraction=100.0000%, Lmin=-44.18, Lmax=-5.28
19:02:18 [ultranest] [DEBUG] iteration=1005, ncalls=2417, regioncalls=80680, ndraw=40, logz=-50.11, remainder_fraction=100.0000%, Lmin=-44.10, Lmax=-5.28
19:02:18 [ultranest] [DEBUG] iteration=1008, ncalls=2425, regioncalls=81000, ndraw=40, logz=-49.83, remainder_fraction=100.0000%, Lmin=-43.65, Lmax=-5.28
19:02:18 [ultranest] [DEBUG] iteration=1010, ncalls=2434, regioncalls=81360, ndraw=40, logz=-49.65, remainder_fraction=100.0000%, Lmin=-43.57, Lmax=-5.28
19:02:19 [ultranest] [DEBUG] iteration=1012, ncalls=2437, regioncalls=81480, ndraw=40, logz=-49.48, remainder_fraction=100.0000%, Lmin=-43.25, Lmax=-5.28
19:02:19 [ultranest] [DEBUG] iteration=1013, ncalls=2441, regioncalls=81640, ndraw=40, logz=-49.38, remainder_fraction=100.0000%, Lmin=-43.00, Lmax=-5.28
19:02:19 [ultranest] [DEBUG] iteration=1016, ncalls=2445, regioncalls=81800, ndraw=40, logz=-48.98, remainder_fraction=100.0000%, Lmin=-42.50, Lmax=-5.28
19:02:19 [ultranest] [DEBUG] iteration=1018, ncalls=2450, regioncalls=82000, ndraw=40, logz=-48.74, remainder_fraction=100.0000%, Lmin=-42.35, Lmax=-5.28
19:02:19 [ultranest] [DEBUG] iteration=1020, ncalls=2454, regioncalls=82160, ndraw=40, logz=-48.53, remainder_fraction=100.0000%, Lmin=-42.15, Lmax=-5.28
19:02:19 [ultranest] [DEBUG] iteration=1021, ncalls=2461, regioncalls=82440, ndraw=40, logz=-48.42, remainder_fraction=100.0000%, Lmin=-42.08, Lmax=-5.28
19:02:20 [ultranest] [DEBUG] iteration=1022, ncalls=2466, regioncalls=82640, ndraw=40, logz=-48.31, remainder_fraction=100.0000%, Lmin=-42.03, Lmax=-5.28
19:02:20 [ultranest] [DEBUG] iteration=1023, ncalls=2475, regioncalls=83000, ndraw=40, logz=-48.22, remainder_fraction=100.0000%, Lmin=-41.95, Lmax=-5.28
19:02:20 [ultranest] [DEBUG] iteration=1024, ncalls=2478, regioncalls=83120, ndraw=40, logz=-48.12, remainder_fraction=100.0000%, Lmin=-41.93, Lmax=-5.28
19:02:20 [ultranest] [DEBUG] iteration=1025, ncalls=2482, regioncalls=83280, ndraw=40, logz=-48.03, remainder_fraction=100.0000%, Lmin=-41.90, Lmax=-5.28
19:02:20 [ultranest] [DEBUG] iteration=1026, ncalls=2486, regioncalls=83440, ndraw=40, logz=-47.94, remainder_fraction=100.0000%, Lmin=-41.88, Lmax=-5.28
19:02:20 [ultranest] [DEBUG] iteration=1028, ncalls=2490, regioncalls=83600, ndraw=40, logz=-47.78, remainder_fraction=100.0000%, Lmin=-41.42, Lmax=-5.28
19:02:21 [ultranest] [DEBUG] iteration=1030, ncalls=2493, regioncalls=83720, ndraw=40, logz=-47.58, remainder_fraction=100.0000%, Lmin=-41.27, Lmax=-5.28
19:02:21 [ultranest] [DEBUG] iteration=1031, ncalls=2496, regioncalls=83840, ndraw=40, logz=-47.48, remainder_fraction=100.0000%, Lmin=-41.19, Lmax=-5.28
19:02:21 [ultranest] [DEBUG] iteration=1033, ncalls=2505, regioncalls=84200, ndraw=40, logz=-47.27, remainder_fraction=100.0000%, Lmin=-40.82, Lmax=-5.28
19:02:21 [ultranest] [DEBUG] iteration=1035, ncalls=2510, regioncalls=84400, ndraw=40, logz=-47.04, remainder_fraction=100.0000%, Lmin=-40.68, Lmax=-5.28
19:02:21 [ultranest] [DEBUG] iteration=1037, ncalls=2513, regioncalls=84520, ndraw=40, logz=-46.84, remainder_fraction=100.0000%, Lmin=-40.57, Lmax=-5.28
19:02:21 [ultranest] [DEBUG] iteration=1039, ncalls=2518, regioncalls=84720, ndraw=40, logz=-46.64, remainder_fraction=100.0000%, Lmin=-40.32, Lmax=-5.28
19:02:21 [ultranest] [DEBUG] iteration=1040, ncalls=2519, regioncalls=84760, ndraw=40, logz=-46.55, remainder_fraction=100.0000%, Lmin=-40.15, Lmax=-5.28
19:02:22 [ultranest] [DEBUG] iteration=1041, ncalls=2526, regioncalls=85040, ndraw=40, logz=-46.44, remainder_fraction=100.0000%, Lmin=-40.11, Lmax=-5.28
19:02:22 [ultranest] [DEBUG] iteration=1044, ncalls=2529, regioncalls=85160, ndraw=40, logz=-46.16, remainder_fraction=100.0000%, Lmin=-39.84, Lmax=-5.28
19:02:22 [ultranest] [DEBUG] iteration=1047, ncalls=2533, regioncalls=85320, ndraw=40, logz=-45.88, remainder_fraction=100.0000%, Lmin=-39.39, Lmax=-5.28
19:02:22 [ultranest] [DEBUG] iteration=1048, ncalls=2536, regioncalls=85440, ndraw=40, logz=-45.76, remainder_fraction=100.0000%, Lmin=-39.20, Lmax=-5.28
19:02:22 [ultranest] [DEBUG] iteration=1049, ncalls=2539, regioncalls=85560, ndraw=40, logz=-45.64, remainder_fraction=100.0000%, Lmin=-39.14, Lmax=-5.28
19:02:22 [ultranest] [DEBUG] iteration=1050, ncalls=2542, regioncalls=85680, ndraw=40, logz=-45.53, remainder_fraction=100.0000%, Lmin=-38.85, Lmax=-5.28
19:02:22 [ultranest] [DEBUG] iteration=1051, ncalls=2545, regioncalls=85800, ndraw=40, logz=-45.39, remainder_fraction=100.0000%, Lmin=-38.80, Lmax=-5.28
19:02:23 [ultranest] [DEBUG] iteration=1054, ncalls=2550, regioncalls=86000, ndraw=40, logz=-45.04, remainder_fraction=100.0000%, Lmin=-38.48, Lmax=-5.28
19:02:23 [ultranest] [DEBUG] iteration=1056, ncalls=2554, regioncalls=86160, ndraw=40, logz=-44.81, remainder_fraction=100.0000%, Lmin=-38.26, Lmax=-5.28
19:02:23 [ultranest] [DEBUG] iteration=1058, ncalls=2557, regioncalls=86280, ndraw=40, logz=-44.59, remainder_fraction=100.0000%, Lmin=-38.06, Lmax=-5.28
19:02:23 [ultranest] [DEBUG] iteration=1060, ncalls=2561, regioncalls=86440, ndraw=40, logz=-44.36, remainder_fraction=100.0000%, Lmin=-37.75, Lmax=-5.28
19:02:23 [ultranest] [DEBUG] iteration=1062, ncalls=2564, regioncalls=86560, ndraw=40, logz=-44.12, remainder_fraction=100.0000%, Lmin=-37.71, Lmax=-5.28
19:02:23 [ultranest] [DEBUG] iteration=1064, ncalls=2568, regioncalls=86720, ndraw=40, logz=-43.93, remainder_fraction=100.0000%, Lmin=-37.42, Lmax=-5.28
19:02:23 [ultranest] [DEBUG] iteration=1065, ncalls=2571, regioncalls=86840, ndraw=40, logz=-43.82, remainder_fraction=100.0000%, Lmin=-37.41, Lmax=-5.28
19:02:23 [ultranest] [DEBUG] iteration=1068, ncalls=2574, regioncalls=86960, ndraw=40, logz=-43.54, remainder_fraction=100.0000%, Lmin=-37.37, Lmax=-5.28
19:02:24 [ultranest] [DEBUG] iteration=1070, ncalls=2577, regioncalls=87080, ndraw=40, logz=-43.38, remainder_fraction=100.0000%, Lmin=-37.29, Lmax=-5.28
19:02:24 [ultranest] [DEBUG] iteration=1071, ncalls=2586, regioncalls=87440, ndraw=40, logz=-43.31, remainder_fraction=100.0000%, Lmin=-37.07, Lmax=-5.28
19:02:24 [ultranest] [DEBUG] iteration=1073, ncalls=2589, regioncalls=87560, ndraw=40, logz=-43.14, remainder_fraction=100.0000%, Lmin=-36.87, Lmax=-5.28
19:02:24 [ultranest] [DEBUG] iteration=1074, ncalls=2593, regioncalls=87720, ndraw=40, logz=-43.05, remainder_fraction=100.0000%, Lmin=-36.76, Lmax=-5.28
19:02:25 [ultranest] [DEBUG] iteration=1076, ncalls=2610, regioncalls=88400, ndraw=40, logz=-42.88, remainder_fraction=100.0000%, Lmin=-36.37, Lmax=-5.28
19:02:25 [ultranest] [DEBUG] iteration=1077, ncalls=2616, regioncalls=88640, ndraw=40, logz=-42.77, remainder_fraction=100.0000%, Lmin=-36.33, Lmax=-5.28
19:02:25 [ultranest] [DEBUG] iteration=1078, ncalls=2622, regioncalls=88880, ndraw=40, logz=-42.67, remainder_fraction=100.0000%, Lmin=-36.22, Lmax=-5.28
19:02:25 [ultranest] [DEBUG] iteration=1079, ncalls=2627, regioncalls=89080, ndraw=40, logz=-42.57, remainder_fraction=100.0000%, Lmin=-36.14, Lmax=-5.28
19:02:26 [ultranest] [DEBUG] iteration=1080, ncalls=2631, regioncalls=89240, ndraw=40, logz=-42.47, remainder_fraction=100.0000%, Lmin=-35.90, Lmax=-5.28
19:02:26 [ultranest] [DEBUG] iteration=1082, ncalls=2639, regioncalls=89560, ndraw=40, logz=-42.25, remainder_fraction=100.0000%, Lmin=-35.86, Lmax=-5.28
19:02:26 [ultranest] [DEBUG] iteration=1085, ncalls=2643, regioncalls=89720, ndraw=40, logz=-41.97, remainder_fraction=100.0000%, Lmin=-35.41, Lmax=-5.28
19:02:26 [ultranest] [DEBUG] iteration=1086, ncalls=2648, regioncalls=89920, ndraw=40, logz=-41.86, remainder_fraction=100.0000%, Lmin=-35.33, Lmax=-5.28
19:02:27 [ultranest] [DEBUG] iteration=1088, ncalls=2659, regioncalls=90360, ndraw=40, logz=-41.66, remainder_fraction=100.0000%, Lmin=-35.31, Lmax=-5.28
19:02:27 [ultranest] [DEBUG] iteration=1090, ncalls=2663, regioncalls=90520, ndraw=40, logz=-41.47, remainder_fraction=100.0000%, Lmin=-35.09, Lmax=-5.28
19:02:27 [ultranest] [DEBUG] iteration=1091, ncalls=2667, regioncalls=90680, ndraw=40, logz=-41.38, remainder_fraction=100.0000%, Lmin=-35.04, Lmax=-5.28
19:02:27 [ultranest] [DEBUG] iteration=1093, ncalls=2671, regioncalls=90840, ndraw=40, logz=-41.18, remainder_fraction=100.0000%, Lmin=-34.65, Lmax=-5.28
19:02:27 [ultranest] [DEBUG] iteration=1095, ncalls=2676, regioncalls=91040, ndraw=40, logz=-40.97, remainder_fraction=100.0000%, Lmin=-34.37, Lmax=-5.28
19:02:27 [ultranest] [DEBUG] iteration=1096, ncalls=2679, regioncalls=91160, ndraw=40, logz=-40.86, remainder_fraction=100.0000%, Lmin=-34.23, Lmax=-5.28
19:02:27 [ultranest] [DEBUG] iteration=1099, ncalls=2685, regioncalls=91400, ndraw=40, logz=-40.52, remainder_fraction=100.0000%, Lmin=-34.05, Lmax=-5.28
19:02:28 [ultranest] [DEBUG] iteration=1100, ncalls=2688, regioncalls=91520, ndraw=40, logz=-40.43, remainder_fraction=100.0000%, Lmin=-33.96, Lmax=-5.28
19:02:28 [ultranest] [DEBUG] iteration=1101, ncalls=2691, regioncalls=91640, ndraw=40, logz=-40.33, remainder_fraction=100.0000%, Lmin=-33.84, Lmax=-5.28
19:02:28 [ultranest] [DEBUG] iteration=1103, ncalls=2694, regioncalls=91760, ndraw=40, logz=-40.12, remainder_fraction=100.0000%, Lmin=-33.48, Lmax=-5.28
19:02:28 [ultranest] [DEBUG] iteration=1104, ncalls=2698, regioncalls=91920, ndraw=40, logz=-40.01, remainder_fraction=100.0000%, Lmin=-33.24, Lmax=-5.28
19:02:28 [ultranest] [DEBUG] iteration=1105, ncalls=2703, regioncalls=92120, ndraw=40, logz=-39.88, remainder_fraction=100.0000%, Lmin=-33.15, Lmax=-5.28
19:02:28 [ultranest] [DEBUG] iteration=1107, ncalls=2707, regioncalls=92280, ndraw=40, logz=-39.62, remainder_fraction=100.0000%, Lmin=-32.97, Lmax=-5.28
19:02:28 [ultranest] [DEBUG] iteration=1109, ncalls=2711, regioncalls=92440, ndraw=40, logz=-39.40, remainder_fraction=100.0000%, Lmin=-32.64, Lmax=-5.28
19:02:29 [ultranest] [DEBUG] iteration=1112, ncalls=2714, regioncalls=92560, ndraw=40, logz=-39.03, remainder_fraction=100.0000%, Lmin=-32.40, Lmax=-5.28
19:02:29 [ultranest] [DEBUG] iteration=1113, ncalls=2723, regioncalls=92920, ndraw=40, logz=-38.92, remainder_fraction=100.0000%, Lmin=-32.27, Lmax=-5.28
19:02:29 [ultranest] [DEBUG] iteration=1114, ncalls=2734, regioncalls=93360, ndraw=40, logz=-38.81, remainder_fraction=100.0000%, Lmin=-32.24, Lmax=-5.28
19:02:29 [ultranest] [DEBUG] iteration=1115, ncalls=2739, regioncalls=93560, ndraw=40, logz=-38.70, remainder_fraction=100.0000%, Lmin=-32.24, Lmax=-5.28
19:02:30 [ultranest] [DEBUG] iteration=1117, ncalls=2743, regioncalls=93720, ndraw=40, logz=-38.51, remainder_fraction=100.0000%, Lmin=-32.04, Lmax=-5.28
19:02:30 [ultranest] [DEBUG] iteration=1119, ncalls=2747, regioncalls=93880, ndraw=40, logz=-38.33, remainder_fraction=100.0000%, Lmin=-31.98, Lmax=-5.28
19:02:30 [ultranest] [DEBUG] iteration=1120, ncalls=2749, regioncalls=93960, ndraw=40, logz=-38.24, remainder_fraction=100.0000%, Lmin=-31.97, Lmax=-5.28
19:02:30 [ultranest] [DEBUG] iteration=1121, ncalls=2760, regioncalls=94400, ndraw=40, logz=-38.17, remainder_fraction=100.0000%, Lmin=-31.95, Lmax=-5.28
19:02:30 [ultranest] [DEBUG] iteration=1123, ncalls=2764, regioncalls=94560, ndraw=40, logz=-38.02, remainder_fraction=100.0000%, Lmin=-31.83, Lmax=-5.28
19:02:31 [ultranest] [DEBUG] iteration=1126, ncalls=2768, regioncalls=94720, ndraw=40, logz=-37.82, remainder_fraction=100.0000%, Lmin=-31.72, Lmax=-5.28
19:02:31 [ultranest] [DEBUG] iteration=1128, ncalls=2777, regioncalls=95080, ndraw=40, logz=-37.69, remainder_fraction=100.0000%, Lmin=-31.70, Lmax=-5.28
19:02:31 [ultranest] [DEBUG] iteration=1130, ncalls=2784, regioncalls=95360, ndraw=40, logz=-37.58, remainder_fraction=100.0000%, Lmin=-31.62, Lmax=-5.28
19:02:31 [ultranest] [DEBUG] iteration=1131, ncalls=2787, regioncalls=95480, ndraw=40, logz=-37.52, remainder_fraction=100.0000%, Lmin=-31.53, Lmax=-5.28
19:02:31 [ultranest] [DEBUG] iteration=1133, ncalls=2790, regioncalls=95600, ndraw=40, logz=-37.41, remainder_fraction=100.0000%, Lmin=-31.44, Lmax=-5.28
19:02:32 [ultranest] [DEBUG] iteration=1135, ncalls=2800, regioncalls=96000, ndraw=40, logz=-37.30, remainder_fraction=100.0000%, Lmin=-31.34, Lmax=-5.28
19:02:32 [ultranest] [DEBUG] iteration=1137, ncalls=2803, regioncalls=96120, ndraw=40, logz=-37.19, remainder_fraction=100.0000%, Lmin=-31.15, Lmax=-5.28
19:02:32 [ultranest] [DEBUG] iteration=1138, ncalls=2806, regioncalls=96240, ndraw=40, logz=-37.13, remainder_fraction=100.0000%, Lmin=-31.12, Lmax=-5.28
19:02:32 [ultranest] [DEBUG] iteration=1139, ncalls=2813, regioncalls=96520, ndraw=40, logz=-37.07, remainder_fraction=100.0000%, Lmin=-31.07, Lmax=-5.28
19:02:32 [ultranest] [DEBUG] iteration=1140, ncalls=2818, regioncalls=96720, ndraw=40, logz=-37.02, remainder_fraction=100.0000%, Lmin=-30.93, Lmax=-5.28
19:02:33 [ultranest] [DEBUG] iteration=1143, ncalls=2823, regioncalls=96920, ndraw=40, logz=-36.82, remainder_fraction=100.0000%, Lmin=-30.72, Lmax=-5.28
19:02:33 [ultranest] [DEBUG] iteration=1144, ncalls=2826, regioncalls=97040, ndraw=40, logz=-36.76, remainder_fraction=100.0000%, Lmin=-30.71, Lmax=-5.28
19:02:33 [ultranest] [DEBUG] iteration=1146, ncalls=2829, regioncalls=97160, ndraw=40, logz=-36.64, remainder_fraction=100.0000%, Lmin=-30.60, Lmax=-5.28
19:02:33 [ultranest] [DEBUG] iteration=1148, ncalls=2832, regioncalls=97280, ndraw=40, logz=-36.53, remainder_fraction=100.0000%, Lmin=-30.49, Lmax=-5.28
19:02:33 [ultranest] [DEBUG] iteration=1150, ncalls=2835, regioncalls=97400, ndraw=40, logz=-36.41, remainder_fraction=100.0000%, Lmin=-30.21, Lmax=-5.28
19:02:33 [ultranest] [DEBUG] iteration=1151, ncalls=2838, regioncalls=97520, ndraw=40, logz=-36.35, remainder_fraction=100.0000%, Lmin=-30.03, Lmax=-5.28
19:02:33 [ultranest] [DEBUG] iteration=1153, ncalls=2841, regioncalls=97640, ndraw=40, logz=-36.19, remainder_fraction=100.0000%, Lmin=-29.80, Lmax=-5.28
19:02:33 [ultranest] [DEBUG] iteration=1155, ncalls=2844, regioncalls=97760, ndraw=40, logz=-36.04, remainder_fraction=100.0000%, Lmin=-29.76, Lmax=-5.28
19:02:33 [ultranest] [DEBUG] iteration=1156, ncalls=2848, regioncalls=97920, ndraw=40, logz=-35.97, remainder_fraction=100.0000%, Lmin=-29.68, Lmax=-5.28
19:02:34 [ultranest] [DEBUG] iteration=1157, ncalls=2852, regioncalls=98080, ndraw=40, logz=-35.90, remainder_fraction=100.0000%, Lmin=-29.65, Lmax=-5.28
19:02:34 [ultranest] [DEBUG] iteration=1159, ncalls=2855, regioncalls=98200, ndraw=40, logz=-35.76, remainder_fraction=100.0000%, Lmin=-29.53, Lmax=-5.28
19:02:34 [ultranest] [DEBUG] iteration=1160, ncalls=2858, regioncalls=98320, ndraw=40, logz=-35.69, remainder_fraction=100.0000%, Lmin=-29.52, Lmax=-5.28
19:02:34 [ultranest] [DEBUG] iteration=1162, ncalls=2861, regioncalls=98440, ndraw=40, logz=-35.57, remainder_fraction=100.0000%, Lmin=-29.51, Lmax=-5.28
19:02:34 [ultranest] [DEBUG] iteration=1163, ncalls=2866, regioncalls=98640, ndraw=40, logz=-35.51, remainder_fraction=100.0000%, Lmin=-29.44, Lmax=-5.28
19:02:34 [ultranest] [DEBUG] iteration=1165, ncalls=2874, regioncalls=98960, ndraw=40, logz=-35.40, remainder_fraction=100.0000%, Lmin=-29.35, Lmax=-5.28
19:02:35 [ultranest] [DEBUG] iteration=1166, ncalls=2878, regioncalls=99120, ndraw=40, logz=-35.34, remainder_fraction=100.0000%, Lmin=-29.07, Lmax=-5.28
19:02:35 [ultranest] [DEBUG] iteration=1167, ncalls=2884, regioncalls=99360, ndraw=40, logz=-35.28, remainder_fraction=100.0000%, Lmin=-29.02, Lmax=-5.28
19:02:35 [ultranest] [DEBUG] iteration=1168, ncalls=2895, regioncalls=99800, ndraw=40, logz=-35.21, remainder_fraction=100.0000%, Lmin=-28.96, Lmax=-5.28
19:02:35 [ultranest] [DEBUG] iteration=1169, ncalls=2898, regioncalls=99920, ndraw=40, logz=-35.14, remainder_fraction=100.0000%, Lmin=-28.86, Lmax=-5.28
19:02:35 [ultranest] [DEBUG] iteration=1170, ncalls=2901, regioncalls=100040, ndraw=40, logz=-35.07, remainder_fraction=100.0000%, Lmin=-28.79, Lmax=-5.28
19:02:36 [ultranest] [DEBUG] iteration=1171, ncalls=2905, regioncalls=100200, ndraw=40, logz=-35.00, remainder_fraction=100.0000%, Lmin=-28.71, Lmax=-5.28
19:02:36 [ultranest] [DEBUG] iteration=1172, ncalls=2910, regioncalls=100400, ndraw=40, logz=-34.93, remainder_fraction=100.0000%, Lmin=-28.66, Lmax=-5.28
19:02:36 [ultranest] [DEBUG] iteration=1173, ncalls=2914, regioncalls=100560, ndraw=40, logz=-34.86, remainder_fraction=100.0000%, Lmin=-28.61, Lmax=-5.28
19:02:36 [ultranest] [DEBUG] iteration=1176, ncalls=2925, regioncalls=101000, ndraw=40, logz=-34.66, remainder_fraction=100.0000%, Lmin=-28.27, Lmax=-5.28
19:02:36 [ultranest] [DEBUG] iteration=1178, ncalls=2930, regioncalls=101200, ndraw=40, logz=-34.51, remainder_fraction=100.0000%, Lmin=-28.18, Lmax=-5.28
19:02:37 [ultranest] [DEBUG] iteration=1180, ncalls=2937, regioncalls=101480, ndraw=40, logz=-34.36, remainder_fraction=100.0000%, Lmin=-27.96, Lmax=-5.28
19:02:37 [ultranest] [DEBUG] iteration=1181, ncalls=2942, regioncalls=101680, ndraw=40, logz=-34.28, remainder_fraction=100.0000%, Lmin=-27.87, Lmax=-5.28
19:02:37 [ultranest] [DEBUG] iteration=1183, ncalls=2954, regioncalls=102160, ndraw=40, logz=-34.13, remainder_fraction=100.0000%, Lmin=-27.72, Lmax=-5.28
19:02:37 [ultranest] [DEBUG] iteration=1185, ncalls=2959, regioncalls=102360, ndraw=40, logz=-33.98, remainder_fraction=100.0000%, Lmin=-27.60, Lmax=-5.28
19:02:38 [ultranest] [DEBUG] iteration=1186, ncalls=2965, regioncalls=102600, ndraw=40, logz=-33.91, remainder_fraction=100.0000%, Lmin=-27.38, Lmax=-5.28
19:02:38 [ultranest] [DEBUG] iteration=1187, ncalls=2968, regioncalls=102720, ndraw=40, logz=-33.82, remainder_fraction=100.0000%, Lmin=-27.32, Lmax=-5.28
19:02:38 [ultranest] [DEBUG] iteration=1189, ncalls=2972, regioncalls=102880, ndraw=40, logz=-33.66, remainder_fraction=100.0000%, Lmin=-27.18, Lmax=-5.28
19:02:38 [ultranest] [DEBUG] iteration=1191, ncalls=2975, regioncalls=103000, ndraw=40, logz=-33.50, remainder_fraction=100.0000%, Lmin=-27.14, Lmax=-5.28
19:02:38 [ultranest] [DEBUG] iteration=1193, ncalls=2982, regioncalls=103280, ndraw=40, logz=-33.36, remainder_fraction=100.0000%, Lmin=-26.95, Lmax=-5.28
19:02:38 [ultranest] [DEBUG] iteration=1195, ncalls=2985, regioncalls=103400, ndraw=40, logz=-33.21, remainder_fraction=100.0000%, Lmin=-26.84, Lmax=-5.28
19:02:39 [ultranest] [DEBUG] iteration=1197, ncalls=2989, regioncalls=103560, ndraw=40, logz=-33.07, remainder_fraction=100.0000%, Lmin=-26.77, Lmax=-5.28
19:02:39 [ultranest] [DEBUG] iteration=1199, ncalls=2996, regioncalls=103840, ndraw=40, logz=-32.94, remainder_fraction=100.0000%, Lmin=-26.68, Lmax=-5.28
19:02:39 [ultranest] [DEBUG] iteration=1200, ncalls=2997, regioncalls=103880, ndraw=40, logz=-32.88, remainder_fraction=100.0000%, Lmin=-26.56, Lmax=-5.28
19:02:39 [ultranest] [DEBUG] iteration=1202, ncalls=3001, regioncalls=104040, ndraw=40, logz=-32.75, remainder_fraction=100.0000%, Lmin=-26.55, Lmax=-5.28
19:02:39 [ultranest] [DEBUG] iteration=1204, ncalls=3006, regioncalls=104240, ndraw=40, logz=-32.63, remainder_fraction=100.0000%, Lmin=-26.48, Lmax=-5.28
19:02:40 [ultranest] [DEBUG] iteration=1206, ncalls=3017, regioncalls=104680, ndraw=40, logz=-32.52, remainder_fraction=100.0000%, Lmin=-26.39, Lmax=-5.28
19:02:40 [ultranest] [DEBUG] iteration=1207, ncalls=3020, regioncalls=104800, ndraw=40, logz=-32.46, remainder_fraction=100.0000%, Lmin=-26.28, Lmax=-5.28
19:02:40 [ultranest] [DEBUG] iteration=1209, ncalls=3024, regioncalls=104960, ndraw=40, logz=-32.35, remainder_fraction=100.0000%, Lmin=-26.18, Lmax=-5.28
19:02:40 [ultranest] [DEBUG] iteration=1212, ncalls=3027, regioncalls=105080, ndraw=40, logz=-32.18, remainder_fraction=100.0000%, Lmin=-26.11, Lmax=-5.28
19:02:40 [ultranest] [DEBUG] iteration=1214, ncalls=3032, regioncalls=105280, ndraw=40, logz=-32.08, remainder_fraction=100.0000%, Lmin=-26.07, Lmax=-5.28
19:02:40 [ultranest] [DEBUG] iteration=1216, ncalls=3039, regioncalls=105560, ndraw=40, logz=-31.99, remainder_fraction=100.0000%, Lmin=-25.93, Lmax=-5.28
19:02:40 [ultranest] [DEBUG] iteration=1218, ncalls=3042, regioncalls=105680, ndraw=40, logz=-31.89, remainder_fraction=100.0000%, Lmin=-25.87, Lmax=-5.28
19:02:41 [ultranest] [DEBUG] iteration=1220, ncalls=3047, regioncalls=105880, ndraw=40, logz=-31.79, remainder_fraction=100.0000%, Lmin=-25.76, Lmax=-5.28
19:02:41 [ultranest] [DEBUG] iteration=1221, ncalls=3053, regioncalls=106120, ndraw=40, logz=-31.75, remainder_fraction=100.0000%, Lmin=-25.72, Lmax=-5.28
19:02:41 [ultranest] [DEBUG] iteration=1222, ncalls=3056, regioncalls=106240, ndraw=40, logz=-31.70, remainder_fraction=100.0000%, Lmin=-25.71, Lmax=-5.28
19:02:41 [ultranest] [DEBUG] iteration=1223, ncalls=3060, regioncalls=106400, ndraw=40, logz=-31.65, remainder_fraction=100.0000%, Lmin=-25.68, Lmax=-5.28
19:02:41 [ultranest] [DEBUG] iteration=1226, ncalls=3063, regioncalls=106520, ndraw=40, logz=-31.52, remainder_fraction=100.0000%, Lmin=-25.59, Lmax=-5.28
19:02:41 [ultranest] [DEBUG] iteration=1228, ncalls=3071, regioncalls=106840, ndraw=40, logz=-31.43, remainder_fraction=100.0000%, Lmin=-25.45, Lmax=-5.28
19:02:42 [ultranest] [DEBUG] iteration=1229, ncalls=3075, regioncalls=107000, ndraw=40, logz=-31.39, remainder_fraction=100.0000%, Lmin=-25.31, Lmax=-5.28
19:02:42 [ultranest] [DEBUG] iteration=1230, ncalls=3079, regioncalls=107160, ndraw=40, logz=-31.34, remainder_fraction=100.0000%, Lmin=-25.31, Lmax=-5.28
19:02:42 [ultranest] [DEBUG] iteration=1233, ncalls=3085, regioncalls=107400, ndraw=40, logz=-31.20, remainder_fraction=100.0000%, Lmin=-25.29, Lmax=-5.28
19:02:42 [ultranest] [DEBUG] iteration=1235, ncalls=3091, regioncalls=107640, ndraw=40, logz=-31.12, remainder_fraction=100.0000%, Lmin=-25.21, Lmax=-5.28
19:02:43 [ultranest] [DEBUG] iteration=1237, ncalls=3102, regioncalls=108080, ndraw=40, logz=-31.04, remainder_fraction=100.0000%, Lmin=-25.14, Lmax=-5.28
19:02:43 [ultranest] [DEBUG] iteration=1239, ncalls=3111, regioncalls=108440, ndraw=40, logz=-30.96, remainder_fraction=100.0000%, Lmin=-24.99, Lmax=-5.28
19:02:43 [ultranest] [DEBUG] iteration=1240, ncalls=3114, regioncalls=108560, ndraw=40, logz=-30.91, remainder_fraction=100.0000%, Lmin=-24.97, Lmax=-5.28
19:02:43 [ultranest] [DEBUG] iteration=1241, ncalls=3119, regioncalls=108760, ndraw=40, logz=-30.87, remainder_fraction=100.0000%, Lmin=-24.97, Lmax=-5.28
19:02:43 [ultranest] [DEBUG] iteration=1243, ncalls=3125, regioncalls=109000, ndraw=40, logz=-30.79, remainder_fraction=100.0000%, Lmin=-24.71, Lmax=-5.28
19:02:43 [ultranest] [DEBUG] iteration=1244, ncalls=3128, regioncalls=109120, ndraw=40, logz=-30.74, remainder_fraction=100.0000%, Lmin=-24.65, Lmax=-5.28
19:02:44 [ultranest] [DEBUG] iteration=1246, ncalls=3131, regioncalls=109240, ndraw=40, logz=-30.65, remainder_fraction=100.0000%, Lmin=-24.63, Lmax=-5.28
19:02:44 [ultranest] [DEBUG] iteration=1248, ncalls=3135, regioncalls=109400, ndraw=40, logz=-30.56, remainder_fraction=100.0000%, Lmin=-24.53, Lmax=-5.28
19:02:44 [ultranest] [DEBUG] iteration=1249, ncalls=3139, regioncalls=109560, ndraw=40, logz=-30.51, remainder_fraction=100.0000%, Lmin=-24.48, Lmax=-5.28
19:02:44 [ultranest] [DEBUG] iteration=1250, ncalls=3143, regioncalls=109720, ndraw=40, logz=-30.47, remainder_fraction=100.0000%, Lmin=-24.42, Lmax=-5.28
19:02:44 [ultranest] [DEBUG] iteration=1251, ncalls=3155, regioncalls=110200, ndraw=40, logz=-30.42, remainder_fraction=100.0000%, Lmin=-24.39, Lmax=-5.28
19:02:45 [ultranest] [DEBUG] iteration=1253, ncalls=3159, regioncalls=110360, ndraw=40, logz=-30.33, remainder_fraction=100.0000%, Lmin=-24.29, Lmax=-5.28
19:02:45 [ultranest] [DEBUG] iteration=1254, ncalls=3162, regioncalls=110480, ndraw=40, logz=-30.29, remainder_fraction=100.0000%, Lmin=-24.28, Lmax=-5.28
19:02:45 [ultranest] [DEBUG] iteration=1256, ncalls=3166, regioncalls=110640, ndraw=40, logz=-30.20, remainder_fraction=100.0000%, Lmin=-24.15, Lmax=-5.28
19:02:45 [ultranest] [DEBUG] iteration=1257, ncalls=3170, regioncalls=110800, ndraw=40, logz=-30.16, remainder_fraction=100.0000%, Lmin=-24.09, Lmax=-5.28
19:02:45 [ultranest] [DEBUG] iteration=1258, ncalls=3173, regioncalls=110920, ndraw=40, logz=-30.11, remainder_fraction=100.0000%, Lmin=-24.09, Lmax=-5.28
19:02:45 [ultranest] [DEBUG] iteration=1259, ncalls=3178, regioncalls=111120, ndraw=40, logz=-30.07, remainder_fraction=100.0000%, Lmin=-23.99, Lmax=-5.28
19:02:46 [ultranest] [DEBUG] iteration=1260, ncalls=3183, regioncalls=111320, ndraw=40, logz=-30.02, remainder_fraction=100.0000%, Lmin=-23.91, Lmax=-5.28
19:02:46 [ultranest] [DEBUG] iteration=1262, ncalls=3188, regioncalls=111520, ndraw=40, logz=-29.93, remainder_fraction=100.0000%, Lmin=-23.83, Lmax=-5.28
19:02:46 [ultranest] [DEBUG] iteration=1264, ncalls=3194, regioncalls=111760, ndraw=40, logz=-29.84, remainder_fraction=100.0000%, Lmin=-23.78, Lmax=-5.28
19:02:46 [ultranest] [DEBUG] iteration=1265, ncalls=3200, regioncalls=112000, ndraw=40, logz=-29.79, remainder_fraction=100.0000%, Lmin=-23.76, Lmax=-5.28
19:02:47 [ultranest] [DEBUG] iteration=1267, ncalls=3213, regioncalls=112520, ndraw=40, logz=-29.70, remainder_fraction=100.0000%, Lmin=-23.59, Lmax=-5.28
19:02:47 [ultranest] [DEBUG] iteration=1269, ncalls=3219, regioncalls=112760, ndraw=40, logz=-29.61, remainder_fraction=100.0000%, Lmin=-23.46, Lmax=-5.28
19:02:47 [ultranest] [DEBUG] iteration=1270, ncalls=3224, regioncalls=112960, ndraw=40, logz=-29.57, remainder_fraction=100.0000%, Lmin=-23.45, Lmax=-5.28
19:02:47 [ultranest] [DEBUG] iteration=1271, ncalls=3229, regioncalls=113160, ndraw=40, logz=-29.52, remainder_fraction=100.0000%, Lmin=-23.39, Lmax=-5.28
19:02:47 [ultranest] [DEBUG] iteration=1273, ncalls=3235, regioncalls=113400, ndraw=40, logz=-29.43, remainder_fraction=100.0000%, Lmin=-23.33, Lmax=-5.28
19:02:48 [ultranest] [DEBUG] iteration=1274, ncalls=3243, regioncalls=113720, ndraw=40, logz=-29.38, remainder_fraction=100.0000%, Lmin=-23.31, Lmax=-5.28
19:02:48 [ultranest] [DEBUG] iteration=1275, ncalls=3249, regioncalls=113960, ndraw=40, logz=-29.34, remainder_fraction=100.0000%, Lmin=-23.31, Lmax=-5.28
19:02:48 [ultranest] [DEBUG] iteration=1277, ncalls=3253, regioncalls=114120, ndraw=40, logz=-29.26, remainder_fraction=100.0000%, Lmin=-23.26, Lmax=-5.28
19:02:48 [ultranest] [DEBUG] iteration=1279, ncalls=3260, regioncalls=114400, ndraw=40, logz=-29.18, remainder_fraction=100.0000%, Lmin=-23.20, Lmax=-5.28
19:02:48 [ultranest] [DEBUG] iteration=1280, ncalls=3261, regioncalls=114440, ndraw=40, logz=-29.14, remainder_fraction=100.0000%, Lmin=-23.17, Lmax=-5.28
19:02:48 [ultranest] [DEBUG] iteration=1282, ncalls=3265, regioncalls=114600, ndraw=40, logz=-29.06, remainder_fraction=100.0000%, Lmin=-23.12, Lmax=-5.28
19:02:49 [ultranest] [DEBUG] iteration=1283, ncalls=3269, regioncalls=114760, ndraw=40, logz=-29.02, remainder_fraction=100.0000%, Lmin=-23.06, Lmax=-5.28
19:02:49 [ultranest] [DEBUG] iteration=1284, ncalls=3276, regioncalls=115040, ndraw=40, logz=-28.98, remainder_fraction=100.0000%, Lmin=-22.95, Lmax=-5.28
19:02:49 [ultranest] [DEBUG] iteration=1287, ncalls=3289, regioncalls=115560, ndraw=40, logz=-28.86, remainder_fraction=100.0000%, Lmin=-22.89, Lmax=-4.92
19:02:49 [ultranest] [DEBUG] iteration=1288, ncalls=3292, regioncalls=115680, ndraw=40, logz=-28.82, remainder_fraction=100.0000%, Lmin=-22.86, Lmax=-4.92
19:02:50 [ultranest] [DEBUG] iteration=1289, ncalls=3308, regioncalls=116320, ndraw=40, logz=-28.79, remainder_fraction=100.0000%, Lmin=-22.84, Lmax=-4.92
19:02:50 [ultranest] [DEBUG] iteration=1290, ncalls=3312, regioncalls=116480, ndraw=40, logz=-28.75, remainder_fraction=100.0000%, Lmin=-22.82, Lmax=-4.92
19:02:50 [ultranest] [DEBUG] iteration=1293, ncalls=3318, regioncalls=116720, ndraw=40, logz=-28.64, remainder_fraction=100.0000%, Lmin=-22.65, Lmax=-4.92
19:02:51 [ultranest] [DEBUG] iteration=1294, ncalls=3325, regioncalls=117000, ndraw=40, logz=-28.60, remainder_fraction=100.0000%, Lmin=-22.62, Lmax=-4.92
19:02:51 [ultranest] [DEBUG] iteration=1295, ncalls=3339, regioncalls=117560, ndraw=40, logz=-28.56, remainder_fraction=100.0000%, Lmin=-22.59, Lmax=-4.92
19:02:51 [ultranest] [DEBUG] iteration=1296, ncalls=3342, regioncalls=117680, ndraw=40, logz=-28.52, remainder_fraction=100.0000%, Lmin=-22.57, Lmax=-4.92
19:02:51 [ultranest] [DEBUG] iteration=1297, ncalls=3345, regioncalls=117800, ndraw=40, logz=-28.49, remainder_fraction=100.0000%, Lmin=-22.54, Lmax=-4.92
19:02:52 [ultranest] [DEBUG] iteration=1300, ncalls=3351, regioncalls=118040, ndraw=40, logz=-28.38, remainder_fraction=100.0000%, Lmin=-22.39, Lmax=-4.92
19:02:52 [ultranest] [DEBUG] iteration=1301, ncalls=3357, regioncalls=118280, ndraw=40, logz=-28.34, remainder_fraction=100.0000%, Lmin=-22.38, Lmax=-4.92
19:02:52 [ultranest] [DEBUG] iteration=1303, ncalls=3360, regioncalls=118400, ndraw=40, logz=-28.27, remainder_fraction=100.0000%, Lmin=-22.26, Lmax=-4.92
19:02:52 [ultranest] [DEBUG] iteration=1305, ncalls=3363, regioncalls=118520, ndraw=40, logz=-28.19, remainder_fraction=100.0000%, Lmin=-22.17, Lmax=-4.92
19:02:52 [ultranest] [DEBUG] iteration=1307, ncalls=3366, regioncalls=118640, ndraw=40, logz=-28.11, remainder_fraction=100.0000%, Lmin=-21.92, Lmax=-4.92
19:02:52 [ultranest] [DEBUG] iteration=1308, ncalls=3374, regioncalls=118960, ndraw=40, logz=-28.06, remainder_fraction=100.0000%, Lmin=-21.88, Lmax=-4.92
19:02:53 [ultranest] [DEBUG] iteration=1310, ncalls=3387, regioncalls=119480, ndraw=40, logz=-27.97, remainder_fraction=100.0000%, Lmin=-21.84, Lmax=-4.92
19:02:53 [ultranest] [DEBUG] iteration=1311, ncalls=3400, regioncalls=120000, ndraw=40, logz=-27.93, remainder_fraction=100.0000%, Lmin=-21.78, Lmax=-4.92
19:02:53 [ultranest] [DEBUG] iteration=1313, ncalls=3406, regioncalls=120240, ndraw=40, logz=-27.84, remainder_fraction=100.0000%, Lmin=-21.65, Lmax=-4.92
19:02:54 [ultranest] [DEBUG] iteration=1314, ncalls=3421, regioncalls=120840, ndraw=40, logz=-27.80, remainder_fraction=100.0000%, Lmin=-21.60, Lmax=-4.92
19:02:54 [ultranest] [DEBUG] iteration=1315, ncalls=3424, regioncalls=120960, ndraw=40, logz=-27.75, remainder_fraction=100.0000%, Lmin=-21.58, Lmax=-4.92
19:02:54 [ultranest] [DEBUG] iteration=1316, ncalls=3431, regioncalls=121360, ndraw=40, logz=-27.71, remainder_fraction=100.0000%, Lmin=-21.57, Lmax=-4.92
19:02:55 [ultranest] [DEBUG] iteration=1318, ncalls=3435, regioncalls=121520, ndraw=40, logz=-27.63, remainder_fraction=100.0000%, Lmin=-21.49, Lmax=-4.92
19:02:55 [ultranest] [DEBUG] iteration=1319, ncalls=3441, regioncalls=121760, ndraw=40, logz=-27.58, remainder_fraction=100.0000%, Lmin=-21.41, Lmax=-4.92
19:02:55 [ultranest] [DEBUG] iteration=1320, ncalls=3444, regioncalls=121880, ndraw=40, logz=-27.54, remainder_fraction=100.0000%, Lmin=-21.41, Lmax=-4.92
19:02:55 [ultranest] [DEBUG] iteration=1321, ncalls=3447, regioncalls=122000, ndraw=40, logz=-27.50, remainder_fraction=100.0000%, Lmin=-21.39, Lmax=-4.92
19:02:55 [ultranest] [DEBUG] iteration=1322, ncalls=3452, regioncalls=122200, ndraw=40, logz=-27.46, remainder_fraction=100.0000%, Lmin=-21.35, Lmax=-4.92
19:02:55 [ultranest] [DEBUG] iteration=1323, ncalls=3457, regioncalls=122400, ndraw=40, logz=-27.42, remainder_fraction=100.0000%, Lmin=-21.35, Lmax=-4.92
19:02:56 [ultranest] [DEBUG] iteration=1324, ncalls=3466, regioncalls=122760, ndraw=40, logz=-27.38, remainder_fraction=100.0000%, Lmin=-21.33, Lmax=-4.92
19:02:56 [ultranest] [DEBUG] iteration=1325, ncalls=3486, regioncalls=123560, ndraw=40, logz=-27.34, remainder_fraction=100.0000%, Lmin=-21.32, Lmax=-4.92
19:02:57 [ultranest] [DEBUG] iteration=1326, ncalls=3491, regioncalls=123760, ndraw=40, logz=-27.30, remainder_fraction=100.0000%, Lmin=-21.31, Lmax=-4.92
19:02:57 [ultranest] [DEBUG] iteration=1327, ncalls=3495, regioncalls=123920, ndraw=40, logz=-27.27, remainder_fraction=100.0000%, Lmin=-21.30, Lmax=-4.92
19:02:57 [ultranest] [DEBUG] iteration=1328, ncalls=3499, regioncalls=124080, ndraw=40, logz=-27.23, remainder_fraction=100.0000%, Lmin=-21.30, Lmax=-4.92
19:02:57 [ultranest] [DEBUG] iteration=1329, ncalls=3503, regioncalls=124240, ndraw=40, logz=-27.20, remainder_fraction=100.0000%, Lmin=-21.30, Lmax=-4.92
19:02:57 [ultranest] [DEBUG] iteration=1331, ncalls=3515, regioncalls=124720, ndraw=40, logz=-27.14, remainder_fraction=100.0000%, Lmin=-21.28, Lmax=-4.92
19:02:58 [ultranest] [DEBUG] iteration=1333, ncalls=3532, regioncalls=125400, ndraw=40, logz=-27.08, remainder_fraction=100.0000%, Lmin=-21.26, Lmax=-4.92
19:02:58 [ultranest] [DEBUG] iteration=1334, ncalls=3535, regioncalls=125520, ndraw=40, logz=-27.05, remainder_fraction=100.0000%, Lmin=-21.25, Lmax=-4.92
19:02:58 [ultranest] [DEBUG] iteration=1336, ncalls=3542, regioncalls=125800, ndraw=40, logz=-26.99, remainder_fraction=100.0000%, Lmin=-21.21, Lmax=-4.92
19:02:59 [ultranest] [DEBUG] iteration=1337, ncalls=3545, regioncalls=125920, ndraw=40, logz=-26.96, remainder_fraction=100.0000%, Lmin=-21.20, Lmax=-4.92
19:02:59 [ultranest] [DEBUG] iteration=1339, ncalls=3549, regioncalls=126080, ndraw=40, logz=-26.91, remainder_fraction=100.0000%, Lmin=-21.14, Lmax=-4.92
19:02:59 [ultranest] [DEBUG] iteration=1341, ncalls=3554, regioncalls=126280, ndraw=40, logz=-26.85, remainder_fraction=100.0000%, Lmin=-21.11, Lmax=-4.92
19:02:59 [ultranest] [DEBUG] iteration=1342, ncalls=3560, regioncalls=126520, ndraw=40, logz=-26.83, remainder_fraction=100.0000%, Lmin=-21.09, Lmax=-4.92
19:02:59 [ultranest] [DEBUG] iteration=1343, ncalls=3567, regioncalls=126800, ndraw=40, logz=-26.80, remainder_fraction=100.0000%, Lmin=-21.06, Lmax=-4.92
19:03:00 [ultranest] [DEBUG] iteration=1345, ncalls=3574, regioncalls=127080, ndraw=40, logz=-26.74, remainder_fraction=100.0000%, Lmin=-20.94, Lmax=-4.92
19:03:00 [ultranest] [DEBUG] iteration=1347, ncalls=3584, regioncalls=127480, ndraw=40, logz=-26.69, remainder_fraction=100.0000%, Lmin=-20.87, Lmax=-4.92
19:03:00 [ultranest] [DEBUG] iteration=1349, ncalls=3588, regioncalls=127640, ndraw=40, logz=-26.63, remainder_fraction=100.0000%, Lmin=-20.66, Lmax=-4.92
19:03:00 [ultranest] [DEBUG] iteration=1350, ncalls=3591, regioncalls=127760, ndraw=40, logz=-26.60, remainder_fraction=100.0000%, Lmin=-20.65, Lmax=-4.92
19:03:00 [ultranest] [DEBUG] iteration=1352, ncalls=3594, regioncalls=127880, ndraw=40, logz=-26.53, remainder_fraction=100.0000%, Lmin=-20.63, Lmax=-4.92
19:03:01 [ultranest] [DEBUG] iteration=1354, ncalls=3600, regioncalls=128120, ndraw=40, logz=-26.47, remainder_fraction=100.0000%, Lmin=-20.60, Lmax=-4.92
19:03:01 [ultranest] [DEBUG] iteration=1356, ncalls=3603, regioncalls=128240, ndraw=40, logz=-26.41, remainder_fraction=100.0000%, Lmin=-20.35, Lmax=-4.92
19:03:01 [ultranest] [DEBUG] iteration=1357, ncalls=3606, regioncalls=128360, ndraw=40, logz=-26.38, remainder_fraction=99.9999%, Lmin=-20.34, Lmax=-4.92
19:03:01 [ultranest] [DEBUG] iteration=1359, ncalls=3610, regioncalls=128520, ndraw=40, logz=-26.31, remainder_fraction=99.9999%, Lmin=-20.27, Lmax=-4.92
19:03:01 [ultranest] [DEBUG] iteration=1360, ncalls=3612, regioncalls=128600, ndraw=40, logz=-26.27, remainder_fraction=99.9999%, Lmin=-20.18, Lmax=-4.92
19:03:01 [ultranest] [DEBUG] iteration=1361, ncalls=3623, regioncalls=129040, ndraw=40, logz=-26.24, remainder_fraction=99.9999%, Lmin=-20.18, Lmax=-4.92
19:03:02 [ultranest] [DEBUG] iteration=1363, ncalls=3629, regioncalls=129280, ndraw=40, logz=-26.17, remainder_fraction=99.9999%, Lmin=-20.14, Lmax=-4.92
19:03:02 [ultranest] [DEBUG] iteration=1365, ncalls=3636, regioncalls=129560, ndraw=40, logz=-26.10, remainder_fraction=99.9999%, Lmin=-20.05, Lmax=-4.92
19:03:02 [ultranest] [DEBUG] iteration=1367, ncalls=3639, regioncalls=129680, ndraw=40, logz=-26.03, remainder_fraction=99.9999%, Lmin=-19.97, Lmax=-4.92
19:03:02 [ultranest] [DEBUG] iteration=1369, ncalls=3645, regioncalls=129920, ndraw=40, logz=-25.96, remainder_fraction=99.9999%, Lmin=-19.95, Lmax=-4.92
19:03:03 [ultranest] [DEBUG] iteration=1370, ncalls=3651, regioncalls=130160, ndraw=40, logz=-25.93, remainder_fraction=99.9999%, Lmin=-19.88, Lmax=-4.92
19:03:03 [ultranest] [DEBUG] iteration=1371, ncalls=3657, regioncalls=130400, ndraw=40, logz=-25.89, remainder_fraction=99.9999%, Lmin=-19.79, Lmax=-4.92
19:03:03 [ultranest] [DEBUG] iteration=1372, ncalls=3662, regioncalls=130600, ndraw=40, logz=-25.86, remainder_fraction=99.9999%, Lmin=-19.78, Lmax=-4.92
19:03:03 [ultranest] [DEBUG] iteration=1373, ncalls=3668, regioncalls=130840, ndraw=40, logz=-25.82, remainder_fraction=99.9999%, Lmin=-19.74, Lmax=-4.92
19:03:03 [ultranest] [DEBUG] iteration=1374, ncalls=3672, regioncalls=131000, ndraw=40, logz=-25.79, remainder_fraction=99.9999%, Lmin=-19.72, Lmax=-4.92
19:03:03 [ultranest] [DEBUG] iteration=1375, ncalls=3677, regioncalls=131200, ndraw=40, logz=-25.76, remainder_fraction=99.9999%, Lmin=-19.70, Lmax=-4.92
19:03:04 [ultranest] [DEBUG] iteration=1376, ncalls=3684, regioncalls=131480, ndraw=40, logz=-25.72, remainder_fraction=99.9999%, Lmin=-19.68, Lmax=-4.92
19:03:04 [ultranest] [DEBUG] iteration=1377, ncalls=3688, regioncalls=131640, ndraw=40, logz=-25.69, remainder_fraction=99.9999%, Lmin=-19.62, Lmax=-4.92
19:03:04 [ultranest] [DEBUG] iteration=1378, ncalls=3693, regioncalls=131840, ndraw=40, logz=-25.65, remainder_fraction=99.9999%, Lmin=-19.62, Lmax=-4.92
19:03:04 [ultranest] [DEBUG] iteration=1381, ncalls=3696, regioncalls=131960, ndraw=40, logz=-25.56, remainder_fraction=99.9999%, Lmin=-19.49, Lmax=-4.92
19:03:04 [ultranest] [DEBUG] iteration=1383, ncalls=3699, regioncalls=132080, ndraw=40, logz=-25.49, remainder_fraction=99.9999%, Lmin=-19.26, Lmax=-4.92
19:03:04 [ultranest] [DEBUG] iteration=1384, ncalls=3704, regioncalls=132280, ndraw=40, logz=-25.45, remainder_fraction=99.9999%, Lmin=-19.26, Lmax=-4.92
19:03:05 [ultranest] [DEBUG] iteration=1385, ncalls=3710, regioncalls=132520, ndraw=40, logz=-25.41, remainder_fraction=99.9999%, Lmin=-19.23, Lmax=-4.92
19:03:05 [ultranest] [DEBUG] iteration=1386, ncalls=3713, regioncalls=132640, ndraw=40, logz=-25.37, remainder_fraction=99.9999%, Lmin=-19.21, Lmax=-4.92
19:03:05 [ultranest] [DEBUG] iteration=1387, ncalls=3716, regioncalls=132760, ndraw=40, logz=-25.34, remainder_fraction=99.9999%, Lmin=-19.20, Lmax=-4.92
19:03:05 [ultranest] [DEBUG] iteration=1388, ncalls=3724, regioncalls=133080, ndraw=40, logz=-25.30, remainder_fraction=99.9998%, Lmin=-19.20, Lmax=-4.92
19:03:05 [ultranest] [DEBUG] iteration=1390, ncalls=3729, regioncalls=133280, ndraw=40, logz=-25.23, remainder_fraction=99.9998%, Lmin=-19.16, Lmax=-4.92
19:03:06 [ultranest] [DEBUG] iteration=1393, ncalls=3741, regioncalls=133760, ndraw=40, logz=-25.13, remainder_fraction=99.9998%, Lmin=-19.07, Lmax=-4.92
19:03:06 [ultranest] [DEBUG] iteration=1396, ncalls=3747, regioncalls=134000, ndraw=40, logz=-25.04, remainder_fraction=99.9998%, Lmin=-18.93, Lmax=-4.92
19:03:06 [ultranest] [DEBUG] iteration=1397, ncalls=3750, regioncalls=134120, ndraw=40, logz=-25.01, remainder_fraction=99.9998%, Lmin=-18.89, Lmax=-4.92
19:03:06 [ultranest] [DEBUG] iteration=1398, ncalls=3756, regioncalls=134360, ndraw=40, logz=-24.97, remainder_fraction=99.9998%, Lmin=-18.87, Lmax=-4.92
19:03:07 [ultranest] [DEBUG] iteration=1399, ncalls=3766, regioncalls=134760, ndraw=40, logz=-24.94, remainder_fraction=99.9998%, Lmin=-18.84, Lmax=-4.92
19:03:07 [ultranest] [DEBUG] iteration=1400, ncalls=3770, regioncalls=134920, ndraw=40, logz=-24.90, remainder_fraction=99.9998%, Lmin=-18.74, Lmax=-4.92
19:03:08 [ultranest] [DEBUG] iteration=1401, ncalls=3795, regioncalls=135920, ndraw=40, logz=-24.87, remainder_fraction=99.9998%, Lmin=-18.73, Lmax=-4.92
19:03:08 [ultranest] [DEBUG] iteration=1403, ncalls=3803, regioncalls=136240, ndraw=40, logz=-24.80, remainder_fraction=99.9997%, Lmin=-18.69, Lmax=-4.92
19:03:08 [ultranest] [DEBUG] iteration=1404, ncalls=3806, regioncalls=136360, ndraw=40, logz=-24.77, remainder_fraction=99.9997%, Lmin=-18.69, Lmax=-4.92
19:03:09 [ultranest] [DEBUG] iteration=1405, ncalls=3820, regioncalls=136920, ndraw=40, logz=-24.74, remainder_fraction=99.9997%, Lmin=-18.68, Lmax=-4.92
19:03:09 [ultranest] [DEBUG] iteration=1406, ncalls=3824, regioncalls=137080, ndraw=40, logz=-24.71, remainder_fraction=99.9997%, Lmin=-18.67, Lmax=-4.92
19:03:09 [ultranest] [DEBUG] iteration=1408, ncalls=3831, regioncalls=137360, ndraw=40, logz=-24.65, remainder_fraction=99.9997%, Lmin=-18.65, Lmax=-4.92
19:03:09 [ultranest] [DEBUG] iteration=1410, ncalls=3836, regioncalls=137560, ndraw=40, logz=-24.59, remainder_fraction=99.9997%, Lmin=-18.64, Lmax=-4.92
19:03:10 [ultranest] [DEBUG] iteration=1412, ncalls=3846, regioncalls=137960, ndraw=40, logz=-24.53, remainder_fraction=99.9997%, Lmin=-18.60, Lmax=-4.92
19:03:10 [ultranest] [DEBUG] iteration=1413, ncalls=3853, regioncalls=138240, ndraw=40, logz=-24.50, remainder_fraction=99.9997%, Lmin=-18.52, Lmax=-4.92
19:03:10 [ultranest] [DEBUG] iteration=1414, ncalls=3858, regioncalls=138440, ndraw=40, logz=-24.48, remainder_fraction=99.9996%, Lmin=-18.51, Lmax=-4.92
19:03:10 [ultranest] [DEBUG] iteration=1415, ncalls=3861, regioncalls=138560, ndraw=40, logz=-24.45, remainder_fraction=99.9996%, Lmin=-18.45, Lmax=-4.92
19:03:10 [ultranest] [DEBUG] iteration=1416, ncalls=3870, regioncalls=138920, ndraw=40, logz=-24.42, remainder_fraction=99.9996%, Lmin=-18.40, Lmax=-4.92
19:03:11 [ultranest] [DEBUG] iteration=1417, ncalls=3875, regioncalls=139120, ndraw=40, logz=-24.39, remainder_fraction=99.9996%, Lmin=-18.39, Lmax=-4.92
19:03:11 [ultranest] [DEBUG] iteration=1419, ncalls=3878, regioncalls=139240, ndraw=40, logz=-24.33, remainder_fraction=99.9996%, Lmin=-18.34, Lmax=-4.92
19:03:11 [ultranest] [DEBUG] iteration=1421, ncalls=3898, regioncalls=140040, ndraw=40, logz=-24.28, remainder_fraction=99.9996%, Lmin=-18.33, Lmax=-4.92
19:03:12 [ultranest] [DEBUG] iteration=1423, ncalls=3906, regioncalls=140360, ndraw=40, logz=-24.22, remainder_fraction=99.9996%, Lmin=-18.29, Lmax=-4.92
19:03:12 [ultranest] [DEBUG] iteration=1424, ncalls=3916, regioncalls=140760, ndraw=40, logz=-24.20, remainder_fraction=99.9996%, Lmin=-18.27, Lmax=-4.92
19:03:12 [ultranest] [DEBUG] iteration=1425, ncalls=3921, regioncalls=140960, ndraw=40, logz=-24.17, remainder_fraction=99.9995%, Lmin=-18.24, Lmax=-4.92
19:03:12 [ultranest] [DEBUG] iteration=1426, ncalls=3925, regioncalls=141120, ndraw=40, logz=-24.14, remainder_fraction=99.9995%, Lmin=-18.10, Lmax=-4.92
19:03:13 [ultranest] [DEBUG] iteration=1427, ncalls=3931, regioncalls=141360, ndraw=40, logz=-24.12, remainder_fraction=99.9995%, Lmin=-18.02, Lmax=-4.92
19:03:13 [ultranest] [DEBUG] iteration=1428, ncalls=3945, regioncalls=141920, ndraw=40, logz=-24.08, remainder_fraction=99.9995%, Lmin=-18.01, Lmax=-4.92
19:03:13 [ultranest] [DEBUG] iteration=1429, ncalls=3953, regioncalls=142240, ndraw=40, logz=-24.05, remainder_fraction=99.9995%, Lmin=-18.00, Lmax=-4.92
19:03:14 [ultranest] [DEBUG] iteration=1431, ncalls=3956, regioncalls=142360, ndraw=40, logz=-24.00, remainder_fraction=99.9995%, Lmin=-17.99, Lmax=-4.92
19:03:14 [ultranest] [DEBUG] iteration=1432, ncalls=3959, regioncalls=142480, ndraw=40, logz=-23.97, remainder_fraction=99.9994%, Lmin=-17.97, Lmax=-4.92
19:03:14 [ultranest] [DEBUG] iteration=1433, ncalls=3965, regioncalls=142720, ndraw=40, logz=-23.94, remainder_fraction=99.9994%, Lmin=-17.95, Lmax=-4.92
19:03:14 [ultranest] [DEBUG] iteration=1435, ncalls=3971, regioncalls=142960, ndraw=40, logz=-23.89, remainder_fraction=99.9994%, Lmin=-17.92, Lmax=-4.92
19:03:14 [ultranest] [DEBUG] iteration=1436, ncalls=3978, regioncalls=143240, ndraw=40, logz=-23.86, remainder_fraction=99.9994%, Lmin=-17.90, Lmax=-4.92
19:03:15 [ultranest] [DEBUG] iteration=1437, ncalls=3984, regioncalls=143480, ndraw=40, logz=-23.83, remainder_fraction=99.9994%, Lmin=-17.89, Lmax=-4.92
19:03:15 [ultranest] [DEBUG] iteration=1439, ncalls=3988, regioncalls=143640, ndraw=40, logz=-23.78, remainder_fraction=99.9994%, Lmin=-17.88, Lmax=-4.92
19:03:15 [ultranest] [DEBUG] iteration=1440, ncalls=3989, regioncalls=143680, ndraw=40, logz=-23.76, remainder_fraction=99.9993%, Lmin=-17.86, Lmax=-4.92
19:03:15 [ultranest] [DEBUG] iteration=1443, ncalls=3992, regioncalls=143800, ndraw=40, logz=-23.68, remainder_fraction=99.9993%, Lmin=-17.77, Lmax=-4.92
19:03:15 [ultranest] [DEBUG] iteration=1445, ncalls=4001, regioncalls=144160, ndraw=40, logz=-23.63, remainder_fraction=99.9992%, Lmin=-17.69, Lmax=-4.92
19:03:15 [ultranest] [DEBUG] iteration=1446, ncalls=4004, regioncalls=144280, ndraw=40, logz=-23.61, remainder_fraction=99.9992%, Lmin=-17.66, Lmax=-4.92
19:03:15 [ultranest] [DEBUG] iteration=1448, ncalls=4008, regioncalls=144440, ndraw=40, logz=-23.56, remainder_fraction=99.9992%, Lmin=-17.62, Lmax=-4.92
19:03:16 [ultranest] [DEBUG] iteration=1449, ncalls=4013, regioncalls=144640, ndraw=40, logz=-23.53, remainder_fraction=99.9992%, Lmin=-17.62, Lmax=-4.92
19:03:16 [ultranest] [DEBUG] iteration=1450, ncalls=4017, regioncalls=144800, ndraw=40, logz=-23.51, remainder_fraction=99.9992%, Lmin=-17.60, Lmax=-4.92
19:03:16 [ultranest] [DEBUG] iteration=1452, ncalls=4023, regioncalls=145040, ndraw=40, logz=-23.46, remainder_fraction=99.9991%, Lmin=-17.51, Lmax=-4.92
19:03:16 [ultranest] [DEBUG] iteration=1454, ncalls=4026, regioncalls=145160, ndraw=40, logz=-23.41, remainder_fraction=99.9991%, Lmin=-17.47, Lmax=-4.92
19:03:16 [ultranest] [DEBUG] iteration=1455, ncalls=4033, regioncalls=145440, ndraw=40, logz=-23.38, remainder_fraction=99.9990%, Lmin=-17.46, Lmax=-4.92
19:03:17 [ultranest] [DEBUG] iteration=1457, ncalls=4038, regioncalls=145640, ndraw=40, logz=-23.33, remainder_fraction=99.9990%, Lmin=-17.29, Lmax=-4.92
19:03:17 [ultranest] [DEBUG] iteration=1459, ncalls=4045, regioncalls=146040, ndraw=40, logz=-23.28, remainder_fraction=99.9990%, Lmin=-17.25, Lmax=-4.92
19:03:17 [ultranest] [DEBUG] iteration=1460, ncalls=4049, regioncalls=146200, ndraw=40, logz=-23.25, remainder_fraction=99.9989%, Lmin=-17.18, Lmax=-4.92
19:03:17 [ultranest] [DEBUG] iteration=1461, ncalls=4054, regioncalls=146400, ndraw=40, logz=-23.22, remainder_fraction=99.9989%, Lmin=-17.10, Lmax=-4.92
19:03:17 [ultranest] [DEBUG] iteration=1462, ncalls=4057, regioncalls=146520, ndraw=40, logz=-23.20, remainder_fraction=99.9989%, Lmin=-17.06, Lmax=-4.92
19:03:17 [ultranest] [DEBUG] iteration=1463, ncalls=4060, regioncalls=146640, ndraw=40, logz=-23.17, remainder_fraction=99.9989%, Lmin=-17.05, Lmax=-4.92
19:03:17 [ultranest] [DEBUG] iteration=1465, ncalls=4063, regioncalls=146760, ndraw=40, logz=-23.11, remainder_fraction=99.9988%, Lmin=-17.01, Lmax=-4.92
19:03:18 [ultranest] [DEBUG] iteration=1467, ncalls=4066, regioncalls=146880, ndraw=40, logz=-23.05, remainder_fraction=99.9987%, Lmin=-16.97, Lmax=-4.92
19:03:18 [ultranest] [DEBUG] iteration=1469, ncalls=4072, regioncalls=147120, ndraw=40, logz=-23.00, remainder_fraction=99.9986%, Lmin=-16.91, Lmax=-4.92
19:03:18 [ultranest] [DEBUG] iteration=1470, ncalls=4075, regioncalls=147240, ndraw=40, logz=-22.97, remainder_fraction=99.9986%, Lmin=-16.90, Lmax=-4.92
19:03:18 [ultranest] [DEBUG] iteration=1471, ncalls=4079, regioncalls=147400, ndraw=40, logz=-22.94, remainder_fraction=99.9986%, Lmin=-16.88, Lmax=-4.92
19:03:18 [ultranest] [DEBUG] iteration=1473, ncalls=4085, regioncalls=147880, ndraw=40, logz=-22.89, remainder_fraction=99.9985%, Lmin=-16.86, Lmax=-4.92
19:03:18 [ultranest] [DEBUG] iteration=1474, ncalls=4090, regioncalls=148200, ndraw=40, logz=-22.87, remainder_fraction=99.9984%, Lmin=-16.84, Lmax=-4.92
19:03:19 [ultranest] [DEBUG] iteration=1477, ncalls=4096, regioncalls=148440, ndraw=40, logz=-22.79, remainder_fraction=99.9983%, Lmin=-16.71, Lmax=-4.92
19:03:19 [ultranest] [DEBUG] iteration=1479, ncalls=4103, regioncalls=148760, ndraw=40, logz=-22.73, remainder_fraction=99.9982%, Lmin=-16.66, Lmax=-4.92
19:03:19 [ultranest] [DEBUG] iteration=1480, ncalls=4114, regioncalls=149400, ndraw=40, logz=-22.71, remainder_fraction=99.9982%, Lmin=-16.65, Lmax=-4.92
19:03:19 [ultranest] [DEBUG] iteration=1483, ncalls=4120, regioncalls=149640, ndraw=40, logz=-22.63, remainder_fraction=99.9980%, Lmin=-16.58, Lmax=-4.92
19:03:20 [ultranest] [DEBUG] iteration=1485, ncalls=4128, regioncalls=149960, ndraw=40, logz=-22.58, remainder_fraction=99.9979%, Lmin=-16.56, Lmax=-4.92
19:03:20 [ultranest] [DEBUG] iteration=1486, ncalls=4133, regioncalls=150160, ndraw=40, logz=-22.55, remainder_fraction=99.9979%, Lmin=-16.54, Lmax=-4.92
19:03:20 [ultranest] [DEBUG] iteration=1488, ncalls=4136, regioncalls=150280, ndraw=40, logz=-22.51, remainder_fraction=99.9977%, Lmin=-16.46, Lmax=-4.92
19:03:20 [ultranest] [DEBUG] iteration=1489, ncalls=4142, regioncalls=150520, ndraw=40, logz=-22.48, remainder_fraction=99.9977%, Lmin=-16.45, Lmax=-4.92
19:03:21 [ultranest] [DEBUG] iteration=1491, ncalls=4150, regioncalls=150840, ndraw=40, logz=-22.43, remainder_fraction=99.9976%, Lmin=-16.41, Lmax=-4.92
19:03:21 [ultranest] [DEBUG] iteration=1492, ncalls=4155, regioncalls=151040, ndraw=40, logz=-22.41, remainder_fraction=99.9975%, Lmin=-16.41, Lmax=-4.92
19:03:21 [ultranest] [DEBUG] iteration=1493, ncalls=4166, regioncalls=151560, ndraw=40, logz=-22.38, remainder_fraction=99.9974%, Lmin=-16.40, Lmax=-4.92
19:03:21 [ultranest] [DEBUG] iteration=1494, ncalls=4170, regioncalls=151720, ndraw=40, logz=-22.36, remainder_fraction=99.9974%, Lmin=-16.35, Lmax=-4.92
19:03:21 [ultranest] [DEBUG] iteration=1495, ncalls=4175, regioncalls=151920, ndraw=40, logz=-22.34, remainder_fraction=99.9973%, Lmin=-16.31, Lmax=-4.92
19:03:22 [ultranest] [DEBUG] iteration=1496, ncalls=4183, regioncalls=152240, ndraw=40, logz=-22.31, remainder_fraction=99.9972%, Lmin=-16.27, Lmax=-4.92
19:03:22 [ultranest] [DEBUG] iteration=1498, ncalls=4192, regioncalls=152600, ndraw=40, logz=-22.26, remainder_fraction=99.9971%, Lmin=-16.25, Lmax=-4.92
19:03:22 [ultranest] [DEBUG] iteration=1500, ncalls=4199, regioncalls=152960, ndraw=40, logz=-22.21, remainder_fraction=99.9969%, Lmin=-16.23, Lmax=-4.92
19:03:23 [ultranest] [DEBUG] iteration=1501, ncalls=4207, regioncalls=153320, ndraw=40, logz=-22.19, remainder_fraction=99.9968%, Lmin=-16.19, Lmax=-4.92
19:03:23 [ultranest] [DEBUG] iteration=1503, ncalls=4212, regioncalls=153520, ndraw=40, logz=-22.14, remainder_fraction=99.9967%, Lmin=-16.12, Lmax=-4.92
19:03:23 [ultranest] [DEBUG] iteration=1504, ncalls=4215, regioncalls=153640, ndraw=40, logz=-22.12, remainder_fraction=99.9966%, Lmin=-16.07, Lmax=-4.92
19:03:23 [ultranest] [DEBUG] iteration=1505, ncalls=4223, regioncalls=153960, ndraw=40, logz=-22.10, remainder_fraction=99.9965%, Lmin=-16.02, Lmax=-4.92
19:03:23 [ultranest] [DEBUG] iteration=1507, ncalls=4226, regioncalls=154080, ndraw=40, logz=-22.04, remainder_fraction=99.9964%, Lmin=-15.91, Lmax=-4.92
19:03:23 [ultranest] [DEBUG] iteration=1508, ncalls=4229, regioncalls=154200, ndraw=40, logz=-22.02, remainder_fraction=99.9963%, Lmin=-15.91, Lmax=-4.92
19:03:23 [ultranest] [DEBUG] iteration=1509, ncalls=4232, regioncalls=154320, ndraw=40, logz=-21.99, remainder_fraction=99.9962%, Lmin=-15.87, Lmax=-4.92
19:03:24 [ultranest] [DEBUG] iteration=1512, ncalls=4236, regioncalls=154480, ndraw=40, logz=-21.92, remainder_fraction=99.9958%, Lmin=-15.85, Lmax=-4.92
19:03:24 [ultranest] [DEBUG] iteration=1513, ncalls=4239, regioncalls=154720, ndraw=40, logz=-21.89, remainder_fraction=99.9957%, Lmin=-15.78, Lmax=-4.92
19:03:24 [ultranest] [DEBUG] iteration=1515, ncalls=4242, regioncalls=154840, ndraw=40, logz=-21.84, remainder_fraction=99.9955%, Lmin=-15.76, Lmax=-4.92
19:03:24 [ultranest] [DEBUG] iteration=1516, ncalls=4246, regioncalls=155000, ndraw=40, logz=-21.82, remainder_fraction=99.9954%, Lmin=-15.73, Lmax=-4.92
19:03:24 [ultranest] [DEBUG] iteration=1518, ncalls=4249, regioncalls=155120, ndraw=40, logz=-21.77, remainder_fraction=99.9951%, Lmin=-15.71, Lmax=-4.92
19:03:24 [ultranest] [DEBUG] iteration=1519, ncalls=4252, regioncalls=155240, ndraw=40, logz=-21.75, remainder_fraction=99.9950%, Lmin=-15.68, Lmax=-4.92
19:03:24 [ultranest] [DEBUG] iteration=1520, ncalls=4260, regioncalls=155560, ndraw=40, logz=-21.72, remainder_fraction=99.9949%, Lmin=-15.67, Lmax=-4.92
19:03:25 [ultranest] [DEBUG] iteration=1521, ncalls=4265, regioncalls=155760, ndraw=40, logz=-21.70, remainder_fraction=99.9947%, Lmin=-15.67, Lmax=-4.92
19:03:25 [ultranest] [DEBUG] iteration=1522, ncalls=4269, regioncalls=155920, ndraw=40, logz=-21.67, remainder_fraction=99.9946%, Lmin=-15.63, Lmax=-4.92
19:03:25 [ultranest] [DEBUG] iteration=1523, ncalls=4279, regioncalls=156360, ndraw=40, logz=-21.65, remainder_fraction=99.9945%, Lmin=-15.63, Lmax=-4.92
19:03:26 [ultranest] [DEBUG] iteration=1524, ncalls=4293, regioncalls=156920, ndraw=40, logz=-21.63, remainder_fraction=99.9943%, Lmin=-15.61, Lmax=-4.92
19:03:26 [ultranest] [DEBUG] iteration=1525, ncalls=4296, regioncalls=157040, ndraw=40, logz=-21.61, remainder_fraction=99.9942%, Lmin=-15.53, Lmax=-4.92
19:03:26 [ultranest] [DEBUG] iteration=1527, ncalls=4299, regioncalls=157160, ndraw=40, logz=-21.56, remainder_fraction=99.9939%, Lmin=-15.52, Lmax=-4.92
19:03:26 [ultranest] [DEBUG] iteration=1529, ncalls=4303, regioncalls=157400, ndraw=40, logz=-21.51, remainder_fraction=99.9936%, Lmin=-15.47, Lmax=-4.92
19:03:26 [ultranest] [DEBUG] iteration=1530, ncalls=4308, regioncalls=157600, ndraw=40, logz=-21.49, remainder_fraction=99.9935%, Lmin=-15.46, Lmax=-4.92
19:03:26 [ultranest] [DEBUG] iteration=1532, ncalls=4312, regioncalls=157760, ndraw=40, logz=-21.45, remainder_fraction=99.9931%, Lmin=-15.43, Lmax=-4.92
19:03:27 [ultranest] [DEBUG] iteration=1534, ncalls=4318, regioncalls=158120, ndraw=40, logz=-21.40, remainder_fraction=99.9928%, Lmin=-15.42, Lmax=-4.92
19:03:27 [ultranest] [DEBUG] iteration=1536, ncalls=4330, regioncalls=158680, ndraw=40, logz=-21.36, remainder_fraction=99.9925%, Lmin=-15.35, Lmax=-4.92
19:03:27 [ultranest] [DEBUG] iteration=1538, ncalls=4334, regioncalls=158840, ndraw=40, logz=-21.32, remainder_fraction=99.9921%, Lmin=-15.32, Lmax=-4.92
19:03:27 [ultranest] [DEBUG] iteration=1539, ncalls=4337, regioncalls=158960, ndraw=40, logz=-21.30, remainder_fraction=99.9919%, Lmin=-15.30, Lmax=-4.92
19:03:27 [ultranest] [DEBUG] iteration=1541, ncalls=4342, regioncalls=159160, ndraw=40, logz=-21.25, remainder_fraction=99.9916%, Lmin=-15.28, Lmax=-4.92
19:03:28 [ultranest] [DEBUG] iteration=1542, ncalls=4345, regioncalls=159280, ndraw=40, logz=-21.23, remainder_fraction=99.9915%, Lmin=-15.26, Lmax=-4.92
19:03:28 [ultranest] [DEBUG] iteration=1544, ncalls=4352, regioncalls=159560, ndraw=40, logz=-21.19, remainder_fraction=99.9911%, Lmin=-15.24, Lmax=-4.92
19:03:28 [ultranest] [DEBUG] iteration=1547, ncalls=4355, regioncalls=159680, ndraw=40, logz=-21.13, remainder_fraction=99.9905%, Lmin=-15.21, Lmax=-4.92
19:03:28 [ultranest] [DEBUG] iteration=1548, ncalls=4359, regioncalls=159840, ndraw=40, logz=-21.11, remainder_fraction=99.9903%, Lmin=-15.16, Lmax=-4.92
19:03:28 [ultranest] [DEBUG] iteration=1549, ncalls=4363, regioncalls=160000, ndraw=40, logz=-21.09, remainder_fraction=99.9902%, Lmin=-15.15, Lmax=-4.92
19:03:28 [ultranest] [DEBUG] iteration=1550, ncalls=4367, regioncalls=160320, ndraw=40, logz=-21.07, remainder_fraction=99.9900%, Lmin=-15.12, Lmax=-4.92
19:03:29 [ultranest] [DEBUG] iteration=1552, ncalls=4372, regioncalls=160520, ndraw=40, logz=-21.03, remainder_fraction=99.9895%, Lmin=-15.08, Lmax=-4.92
19:03:29 [ultranest] [DEBUG] iteration=1554, ncalls=4384, regioncalls=161000, ndraw=40, logz=-21.00, remainder_fraction=99.9890%, Lmin=-14.99, Lmax=-4.92
19:03:29 [ultranest] [DEBUG] iteration=1556, ncalls=4388, regioncalls=161160, ndraw=40, logz=-20.95, remainder_fraction=99.9889%, Lmin=-14.88, Lmax=-4.92
19:03:29 [ultranest] [DEBUG] iteration=1558, ncalls=4396, regioncalls=161480, ndraw=40, logz=-20.91, remainder_fraction=99.9884%, Lmin=-14.86, Lmax=-4.92
19:03:30 [ultranest] [DEBUG] iteration=1560, ncalls=4401, regioncalls=161680, ndraw=40, logz=-20.87, remainder_fraction=99.9878%, Lmin=-14.80, Lmax=-4.92
19:03:30 [ultranest] [DEBUG] iteration=1562, ncalls=4406, regioncalls=161880, ndraw=40, logz=-20.82, remainder_fraction=99.9872%, Lmin=-14.75, Lmax=-4.92
19:03:30 [ultranest] [DEBUG] iteration=1564, ncalls=4413, regioncalls=162160, ndraw=40, logz=-20.78, remainder_fraction=99.9867%, Lmin=-14.74, Lmax=-4.92
19:03:30 [ultranest] [DEBUG] iteration=1565, ncalls=4417, regioncalls=162320, ndraw=40, logz=-20.76, remainder_fraction=99.9864%, Lmin=-14.71, Lmax=-4.92
19:03:30 [ultranest] [DEBUG] iteration=1567, ncalls=4422, regioncalls=162600, ndraw=40, logz=-20.72, remainder_fraction=99.9860%, Lmin=-14.65, Lmax=-4.92
19:03:30 [ultranest] [DEBUG] iteration=1568, ncalls=4425, regioncalls=162720, ndraw=40, logz=-20.70, remainder_fraction=99.9857%, Lmin=-14.64, Lmax=-4.92
19:03:31 [ultranest] [DEBUG] iteration=1571, ncalls=4434, regioncalls=163080, ndraw=40, logz=-20.63, remainder_fraction=99.9846%, Lmin=-14.59, Lmax=-4.92
19:03:31 [ultranest] [DEBUG] iteration=1572, ncalls=4443, regioncalls=163440, ndraw=40, logz=-20.61, remainder_fraction=99.9843%, Lmin=-14.59, Lmax=-4.92
19:03:31 [ultranest] [DEBUG] iteration=1573, ncalls=4446, regioncalls=163560, ndraw=40, logz=-20.59, remainder_fraction=99.9843%, Lmin=-14.51, Lmax=-4.92
19:03:31 [ultranest] [DEBUG] iteration=1576, ncalls=4449, regioncalls=163680, ndraw=40, logz=-20.53, remainder_fraction=99.9837%, Lmin=-14.48, Lmax=-4.92
19:03:31 [ultranest] [DEBUG] iteration=1577, ncalls=4453, regioncalls=163840, ndraw=40, logz=-20.51, remainder_fraction=99.9834%, Lmin=-14.46, Lmax=-4.92
19:03:32 [ultranest] [DEBUG] iteration=1579, ncalls=4459, regioncalls=164080, ndraw=40, logz=-20.47, remainder_fraction=99.9827%, Lmin=-14.44, Lmax=-4.92
19:03:32 [ultranest] [DEBUG] iteration=1581, ncalls=4464, regioncalls=164280, ndraw=40, logz=-20.43, remainder_fraction=99.9821%, Lmin=-14.40, Lmax=-4.92
19:03:32 [ultranest] [DEBUG] iteration=1583, ncalls=4471, regioncalls=164560, ndraw=40, logz=-20.39, remainder_fraction=99.9814%, Lmin=-14.37, Lmax=-4.92
19:03:32 [ultranest] [DEBUG] iteration=1584, ncalls=4481, regioncalls=164960, ndraw=40, logz=-20.37, remainder_fraction=99.9810%, Lmin=-14.32, Lmax=-4.92
19:03:33 [ultranest] [DEBUG] iteration=1585, ncalls=4485, regioncalls=165120, ndraw=40, logz=-20.35, remainder_fraction=99.9805%, Lmin=-14.29, Lmax=-4.92
19:03:33 [ultranest] [DEBUG] iteration=1586, ncalls=4492, regioncalls=165480, ndraw=40, logz=-20.33, remainder_fraction=99.9801%, Lmin=-14.28, Lmax=-4.92
19:03:33 [ultranest] [DEBUG] iteration=1587, ncalls=4496, regioncalls=165640, ndraw=40, logz=-20.31, remainder_fraction=99.9797%, Lmin=-14.24, Lmax=-4.92
19:03:33 [ultranest] [DEBUG] iteration=1588, ncalls=4502, regioncalls=165920, ndraw=40, logz=-20.29, remainder_fraction=99.9792%, Lmin=-14.22, Lmax=-4.92
19:03:33 [ultranest] [DEBUG] iteration=1589, ncalls=4511, regioncalls=166320, ndraw=40, logz=-20.27, remainder_fraction=99.9787%, Lmin=-14.20, Lmax=-4.92
19:03:34 [ultranest] [DEBUG] iteration=1591, ncalls=4516, regioncalls=166520, ndraw=40, logz=-20.23, remainder_fraction=99.9778%, Lmin=-14.18, Lmax=-4.92
19:03:34 [ultranest] [DEBUG] iteration=1592, ncalls=4525, regioncalls=166920, ndraw=40, logz=-20.21, remainder_fraction=99.9774%, Lmin=-14.15, Lmax=-4.92
19:03:34 [ultranest] [DEBUG] iteration=1594, ncalls=4535, regioncalls=167360, ndraw=40, logz=-20.17, remainder_fraction=99.9764%, Lmin=-14.12, Lmax=-4.92
19:03:35 [ultranest] [DEBUG] iteration=1595, ncalls=4548, regioncalls=167880, ndraw=40, logz=-20.15, remainder_fraction=99.9758%, Lmin=-14.10, Lmax=-4.92
19:03:35 [ultranest] [DEBUG] iteration=1597, ncalls=4560, regioncalls=168360, ndraw=40, logz=-20.11, remainder_fraction=99.9753%, Lmin=-14.09, Lmax=-4.92
19:03:35 [ultranest] [DEBUG] iteration=1598, ncalls=4565, regioncalls=168560, ndraw=40, logz=-20.10, remainder_fraction=99.9751%, Lmin=-14.04, Lmax=-4.92
19:03:36 [ultranest] [DEBUG] iteration=1599, ncalls=4570, regioncalls=168760, ndraw=40, logz=-20.08, remainder_fraction=99.9745%, Lmin=-14.03, Lmax=-4.92
19:03:36 [ultranest] [DEBUG] iteration=1600, ncalls=4571, regioncalls=168800, ndraw=40, logz=-20.06, remainder_fraction=99.9740%, Lmin=-14.02, Lmax=-4.92
19:03:36 [ultranest] [DEBUG] iteration=1601, ncalls=4577, regioncalls=169040, ndraw=40, logz=-20.04, remainder_fraction=99.9735%, Lmin=-13.97, Lmax=-4.92
19:03:36 [ultranest] [DEBUG] iteration=1602, ncalls=4580, regioncalls=169160, ndraw=40, logz=-20.02, remainder_fraction=99.9729%, Lmin=-13.97, Lmax=-4.92
19:03:36 [ultranest] [DEBUG] iteration=1604, ncalls=4583, regioncalls=169280, ndraw=40, logz=-19.98, remainder_fraction=99.9718%, Lmin=-13.93, Lmax=-4.92
19:03:36 [ultranest] [DEBUG] iteration=1605, ncalls=4588, regioncalls=169560, ndraw=40, logz=-19.96, remainder_fraction=99.9712%, Lmin=-13.91, Lmax=-4.92
19:03:37 [ultranest] [DEBUG] iteration=1607, ncalls=4607, regioncalls=170320, ndraw=40, logz=-19.92, remainder_fraction=99.9704%, Lmin=-13.88, Lmax=-4.92
19:03:37 [ultranest] [DEBUG] iteration=1609, ncalls=4615, regioncalls=170640, ndraw=40, logz=-19.89, remainder_fraction=99.9691%, Lmin=-13.87, Lmax=-4.92
19:03:37 [ultranest] [DEBUG] iteration=1610, ncalls=4621, regioncalls=170880, ndraw=40, logz=-19.87, remainder_fraction=99.9686%, Lmin=-13.84, Lmax=-4.92
19:03:37 [ultranest] [DEBUG] iteration=1611, ncalls=4624, regioncalls=171000, ndraw=40, logz=-19.85, remainder_fraction=99.9679%, Lmin=-13.82, Lmax=-4.92
19:03:38 [ultranest] [DEBUG] iteration=1613, ncalls=4634, regioncalls=171400, ndraw=40, logz=-19.81, remainder_fraction=99.9666%, Lmin=-13.82, Lmax=-4.92
19:03:38 [ultranest] [DEBUG] iteration=1614, ncalls=4639, regioncalls=171600, ndraw=40, logz=-19.80, remainder_fraction=99.9659%, Lmin=-13.81, Lmax=-4.92
19:03:38 [ultranest] [DEBUG] iteration=1616, ncalls=4649, regioncalls=172000, ndraw=40, logz=-19.76, remainder_fraction=99.9647%, Lmin=-13.80, Lmax=-4.92
19:03:39 [ultranest] [DEBUG] iteration=1618, ncalls=4660, regioncalls=172560, ndraw=40, logz=-19.73, remainder_fraction=99.9634%, Lmin=-13.76, Lmax=-4.92
19:03:39 [ultranest] [DEBUG] iteration=1620, ncalls=4663, regioncalls=172680, ndraw=40, logz=-19.69, remainder_fraction=99.9619%, Lmin=-13.74, Lmax=-4.92
19:03:39 [ultranest] [DEBUG] iteration=1622, ncalls=4671, regioncalls=173000, ndraw=40, logz=-19.66, remainder_fraction=99.9610%, Lmin=-13.73, Lmax=-4.92
19:03:40 [ultranest] [DEBUG] iteration=1623, ncalls=4683, regioncalls=173520, ndraw=40, logz=-19.65, remainder_fraction=99.9603%, Lmin=-13.72, Lmax=-4.92
19:03:40 [ultranest] [DEBUG] iteration=1624, ncalls=4687, regioncalls=173680, ndraw=40, logz=-19.63, remainder_fraction=99.9602%, Lmin=-13.72, Lmax=-4.92
19:03:40 [ultranest] [DEBUG] iteration=1626, ncalls=4695, regioncalls=174000, ndraw=40, logz=-19.60, remainder_fraction=99.9587%, Lmin=-13.68, Lmax=-4.92
19:03:40 [ultranest] [DEBUG] iteration=1627, ncalls=4700, regioncalls=174200, ndraw=40, logz=-19.58, remainder_fraction=99.9580%, Lmin=-13.65, Lmax=-4.92
19:03:40 [ultranest] [DEBUG] iteration=1629, ncalls=4703, regioncalls=174360, ndraw=40, logz=-19.55, remainder_fraction=99.9575%, Lmin=-13.62, Lmax=-4.92
19:03:40 [ultranest] [DEBUG] iteration=1630, ncalls=4707, regioncalls=174520, ndraw=40, logz=-19.53, remainder_fraction=99.9567%, Lmin=-13.61, Lmax=-4.92
19:03:41 [ultranest] [DEBUG] iteration=1631, ncalls=4717, regioncalls=174920, ndraw=40, logz=-19.52, remainder_fraction=99.9559%, Lmin=-13.60, Lmax=-4.92
19:03:41 [ultranest] [DEBUG] iteration=1632, ncalls=4728, regioncalls=175360, ndraw=40, logz=-19.50, remainder_fraction=99.9555%, Lmin=-13.60, Lmax=-4.92
19:03:42 [ultranest] [DEBUG] iteration=1633, ncalls=4737, regioncalls=175760, ndraw=40, logz=-19.49, remainder_fraction=99.9547%, Lmin=-13.60, Lmax=-4.92
19:03:42 [ultranest] [DEBUG] iteration=1634, ncalls=4745, regioncalls=176080, ndraw=40, logz=-19.47, remainder_fraction=99.9539%, Lmin=-13.58, Lmax=-4.92
19:03:42 [ultranest] [DEBUG] iteration=1636, ncalls=4754, regioncalls=176440, ndraw=40, logz=-19.44, remainder_fraction=99.9523%, Lmin=-13.55, Lmax=-4.92
19:03:43 [ultranest] [DEBUG] iteration=1637, ncalls=4765, regioncalls=176880, ndraw=40, logz=-19.43, remainder_fraction=99.9515%, Lmin=-13.52, Lmax=-4.92
19:03:43 [ultranest] [DEBUG] iteration=1639, ncalls=4769, regioncalls=177040, ndraw=40, logz=-19.40, remainder_fraction=99.9497%, Lmin=-13.50, Lmax=-4.92
19:03:43 [ultranest] [DEBUG] iteration=1640, ncalls=4771, regioncalls=177120, ndraw=40, logz=-19.38, remainder_fraction=99.9489%, Lmin=-13.44, Lmax=-4.92
19:03:43 [ultranest] [DEBUG] iteration=1641, ncalls=4774, regioncalls=177240, ndraw=40, logz=-19.37, remainder_fraction=99.9479%, Lmin=-13.43, Lmax=-4.92
19:03:43 [ultranest] [DEBUG] iteration=1642, ncalls=4781, regioncalls=177520, ndraw=40, logz=-19.35, remainder_fraction=99.9470%, Lmin=-13.39, Lmax=-4.92
19:03:43 [ultranest] [DEBUG] iteration=1643, ncalls=4785, regioncalls=177680, ndraw=40, logz=-19.33, remainder_fraction=99.9461%, Lmin=-13.37, Lmax=-4.92
19:03:44 [ultranest] [DEBUG] iteration=1644, ncalls=4798, regioncalls=178280, ndraw=40, logz=-19.32, remainder_fraction=99.9451%, Lmin=-13.35, Lmax=-4.92
19:03:44 [ultranest] [DEBUG] iteration=1645, ncalls=4802, regioncalls=178440, ndraw=40, logz=-19.30, remainder_fraction=99.9441%, Lmin=-13.34, Lmax=-4.92
19:03:44 [ultranest] [DEBUG] iteration=1646, ncalls=4812, regioncalls=178880, ndraw=40, logz=-19.29, remainder_fraction=99.9431%, Lmin=-13.34, Lmax=-4.92
19:03:44 [ultranest] [DEBUG] iteration=1648, ncalls=4817, regioncalls=179080, ndraw=40, logz=-19.26, remainder_fraction=99.9414%, Lmin=-13.33, Lmax=-4.92
19:03:45 [ultranest] [DEBUG] iteration=1649, ncalls=4821, regioncalls=179280, ndraw=40, logz=-19.24, remainder_fraction=99.9406%, Lmin=-13.32, Lmax=-4.92
19:03:45 [ultranest] [DEBUG] iteration=1650, ncalls=4825, regioncalls=179480, ndraw=40, logz=-19.23, remainder_fraction=99.9396%, Lmin=-13.30, Lmax=-4.92
19:03:45 [ultranest] [DEBUG] iteration=1652, ncalls=4831, regioncalls=179800, ndraw=40, logz=-19.20, remainder_fraction=99.9378%, Lmin=-13.29, Lmax=-4.92
19:03:46 [ultranest] [DEBUG] iteration=1653, ncalls=4853, regioncalls=180680, ndraw=40, logz=-19.18, remainder_fraction=99.9367%, Lmin=-13.29, Lmax=-4.92
19:03:46 [ultranest] [DEBUG] iteration=1654, ncalls=4856, regioncalls=180800, ndraw=40, logz=-19.17, remainder_fraction=99.9356%, Lmin=-13.28, Lmax=-4.92
19:03:46 [ultranest] [DEBUG] iteration=1655, ncalls=4861, regioncalls=181000, ndraw=40, logz=-19.15, remainder_fraction=99.9353%, Lmin=-13.27, Lmax=-4.92
19:03:46 [ultranest] [DEBUG] iteration=1656, ncalls=4864, regioncalls=181120, ndraw=40, logz=-19.14, remainder_fraction=99.9342%, Lmin=-13.22, Lmax=-4.92
19:03:46 [ultranest] [DEBUG] iteration=1657, ncalls=4872, regioncalls=181440, ndraw=40, logz=-19.12, remainder_fraction=99.9345%, Lmin=-13.20, Lmax=-4.92
19:03:47 [ultranest] [DEBUG] iteration=1658, ncalls=4882, regioncalls=181840, ndraw=40, logz=-19.11, remainder_fraction=99.9334%, Lmin=-13.15, Lmax=-4.92
19:03:47 [ultranest] [DEBUG] iteration=1660, ncalls=4886, regioncalls=182000, ndraw=40, logz=-19.08, remainder_fraction=99.9319%, Lmin=-13.13, Lmax=-4.92
19:03:47 [ultranest] [DEBUG] iteration=1662, ncalls=4892, regioncalls=182240, ndraw=40, logz=-19.05, remainder_fraction=99.9295%, Lmin=-13.08, Lmax=-4.92
19:03:47 [ultranest] [DEBUG] iteration=1663, ncalls=4896, regioncalls=182400, ndraw=40, logz=-19.03, remainder_fraction=99.9283%, Lmin=-13.05, Lmax=-4.92
19:03:48 [ultranest] [DEBUG] iteration=1665, ncalls=4908, regioncalls=182880, ndraw=40, logz=-19.00, remainder_fraction=99.9259%, Lmin=-13.03, Lmax=-4.92
19:03:48 [ultranest] [DEBUG] iteration=1666, ncalls=4911, regioncalls=183000, ndraw=40, logz=-18.99, remainder_fraction=99.9246%, Lmin=-13.02, Lmax=-4.92
19:03:48 [ultranest] [DEBUG] iteration=1667, ncalls=4914, regioncalls=183120, ndraw=40, logz=-18.97, remainder_fraction=99.9239%, Lmin=-13.01, Lmax=-4.92
19:03:48 [ultranest] [DEBUG] iteration=1668, ncalls=4924, regioncalls=183520, ndraw=40, logz=-18.96, remainder_fraction=99.9227%, Lmin=-13.01, Lmax=-4.92
19:03:48 [ultranest] [DEBUG] iteration=1669, ncalls=4929, regioncalls=183720, ndraw=40, logz=-18.94, remainder_fraction=99.9215%, Lmin=-12.98, Lmax=-4.92
19:03:49 [ultranest] [DEBUG] iteration=1670, ncalls=4937, regioncalls=184040, ndraw=40, logz=-18.93, remainder_fraction=99.9204%, Lmin=-12.97, Lmax=-4.92
19:03:49 [ultranest] [DEBUG] iteration=1671, ncalls=4940, regioncalls=184160, ndraw=40, logz=-18.91, remainder_fraction=99.9191%, Lmin=-12.95, Lmax=-4.92
19:03:49 [ultranest] [DEBUG] iteration=1673, ncalls=4945, regioncalls=184360, ndraw=40, logz=-18.88, remainder_fraction=99.9166%, Lmin=-12.86, Lmax=-4.92
19:03:49 [ultranest] [DEBUG] iteration=1675, ncalls=4948, regioncalls=184480, ndraw=40, logz=-18.85, remainder_fraction=99.9136%, Lmin=-12.81, Lmax=-4.92
19:03:49 [ultranest] [DEBUG] iteration=1676, ncalls=4951, regioncalls=184600, ndraw=40, logz=-18.84, remainder_fraction=99.9135%, Lmin=-12.80, Lmax=-4.92
19:03:49 [ultranest] [DEBUG] iteration=1677, ncalls=4959, regioncalls=184920, ndraw=40, logz=-18.82, remainder_fraction=99.9124%, Lmin=-12.76, Lmax=-4.92
19:03:50 [ultranest] [DEBUG] iteration=1678, ncalls=4966, regioncalls=185400, ndraw=40, logz=-18.81, remainder_fraction=99.9110%, Lmin=-12.75, Lmax=-4.92
19:03:50 [ultranest] [DEBUG] iteration=1680, ncalls=4968, regioncalls=185480, ndraw=40, logz=-18.77, remainder_fraction=99.9078%, Lmin=-12.72, Lmax=-4.92
19:03:50 [ultranest] [DEBUG] iteration=1681, ncalls=4973, regioncalls=185760, ndraw=40, logz=-18.76, remainder_fraction=99.9061%, Lmin=-12.69, Lmax=-4.92
19:03:50 [ultranest] [DEBUG] iteration=1682, ncalls=4980, regioncalls=186040, ndraw=40, logz=-18.74, remainder_fraction=99.9043%, Lmin=-12.67, Lmax=-4.92
19:03:50 [ultranest] [DEBUG] iteration=1683, ncalls=4984, regioncalls=186200, ndraw=40, logz=-18.73, remainder_fraction=99.9026%, Lmin=-12.66, Lmax=-4.92
19:03:50 [ultranest] [DEBUG] iteration=1686, ncalls=4987, regioncalls=186320, ndraw=40, logz=-18.68, remainder_fraction=99.8976%, Lmin=-12.63, Lmax=-4.92
19:03:51 [ultranest] [DEBUG] iteration=1687, ncalls=4992, regioncalls=186520, ndraw=40, logz=-18.66, remainder_fraction=99.8958%, Lmin=-12.63, Lmax=-4.92
19:03:51 [ultranest] [DEBUG] iteration=1689, ncalls=4996, regioncalls=186720, ndraw=40, logz=-18.63, remainder_fraction=99.8925%, Lmin=-12.60, Lmax=-4.92
19:03:51 [ultranest] [DEBUG] iteration=1690, ncalls=4999, regioncalls=186840, ndraw=40, logz=-18.62, remainder_fraction=99.8908%, Lmin=-12.60, Lmax=-4.92
19:03:51 [ultranest] [DEBUG] iteration=1691, ncalls=5002, regioncalls=186960, ndraw=40, logz=-18.60, remainder_fraction=99.8888%, Lmin=-12.59, Lmax=-4.92
19:03:51 [ultranest] [DEBUG] iteration=1692, ncalls=5010, regioncalls=187280, ndraw=40, logz=-18.59, remainder_fraction=99.8869%, Lmin=-12.59, Lmax=-4.92
19:03:52 [ultranest] [DEBUG] iteration=1693, ncalls=5020, regioncalls=187680, ndraw=40, logz=-18.57, remainder_fraction=99.8850%, Lmin=-12.55, Lmax=-4.92
19:03:52 [ultranest] [DEBUG] iteration=1694, ncalls=5027, regioncalls=187960, ndraw=40, logz=-18.56, remainder_fraction=99.8830%, Lmin=-12.54, Lmax=-4.92
19:03:52 [ultranest] [DEBUG] iteration=1696, ncalls=5033, regioncalls=188200, ndraw=40, logz=-18.53, remainder_fraction=99.8790%, Lmin=-12.44, Lmax=-4.92
19:03:53 [ultranest] [DEBUG] iteration=1697, ncalls=5045, regioncalls=188680, ndraw=40, logz=-18.51, remainder_fraction=99.8794%, Lmin=-12.43, Lmax=-4.92
19:03:53 [ultranest] [DEBUG] iteration=1698, ncalls=5049, regioncalls=188840, ndraw=40, logz=-18.50, remainder_fraction=99.8782%, Lmin=-12.42, Lmax=-4.92
19:03:53 [ultranest] [DEBUG] iteration=1699, ncalls=5052, regioncalls=188960, ndraw=40, logz=-18.48, remainder_fraction=99.8761%, Lmin=-12.41, Lmax=-4.92
19:03:53 [ultranest] [DEBUG] iteration=1701, ncalls=5057, regioncalls=189160, ndraw=40, logz=-18.45, remainder_fraction=99.8730%, Lmin=-12.40, Lmax=-4.92
19:03:54 [ultranest] [DEBUG] iteration=1702, ncalls=5073, regioncalls=190000, ndraw=40, logz=-18.44, remainder_fraction=99.8708%, Lmin=-12.39, Lmax=-4.92
19:03:54 [ultranest] [DEBUG] iteration=1703, ncalls=5077, regioncalls=190160, ndraw=40, logz=-18.42, remainder_fraction=99.8686%, Lmin=-12.34, Lmax=-4.92
19:03:54 [ultranest] [DEBUG] iteration=1705, ncalls=5091, regioncalls=190760, ndraw=40, logz=-18.39, remainder_fraction=99.8639%, Lmin=-12.31, Lmax=-4.92
19:03:54 [ultranest] [DEBUG] iteration=1708, ncalls=5094, regioncalls=190880, ndraw=40, logz=-18.35, remainder_fraction=99.8573%, Lmin=-12.27, Lmax=-4.92
19:03:54 [ultranest] [DEBUG] iteration=1709, ncalls=5098, regioncalls=191040, ndraw=40, logz=-18.33, remainder_fraction=99.8549%, Lmin=-12.22, Lmax=-4.92
19:03:55 [ultranest] [DEBUG] iteration=1710, ncalls=5103, regioncalls=191240, ndraw=40, logz=-18.31, remainder_fraction=99.8523%, Lmin=-12.21, Lmax=-4.92
19:03:55 [ultranest] [DEBUG] iteration=1712, ncalls=5106, regioncalls=191360, ndraw=40, logz=-18.28, remainder_fraction=99.8489%, Lmin=-12.20, Lmax=-4.92
19:03:55 [ultranest] [DEBUG] iteration=1713, ncalls=5109, regioncalls=191480, ndraw=40, logz=-18.27, remainder_fraction=99.8463%, Lmin=-12.20, Lmax=-4.92
19:03:55 [ultranest] [DEBUG] iteration=1714, ncalls=5116, regioncalls=191800, ndraw=40, logz=-18.25, remainder_fraction=99.8442%, Lmin=-12.13, Lmax=-4.92
19:03:56 [ultranest] [DEBUG] iteration=1715, ncalls=5137, regioncalls=192840, ndraw=40, logz=-18.24, remainder_fraction=99.8414%, Lmin=-12.12, Lmax=-4.92
19:03:56 [ultranest] [DEBUG] iteration=1716, ncalls=5142, regioncalls=193040, ndraw=40, logz=-18.22, remainder_fraction=99.8387%, Lmin=-12.08, Lmax=-4.92
19:03:57 [ultranest] [DEBUG] iteration=1717, ncalls=5162, regioncalls=193840, ndraw=40, logz=-18.21, remainder_fraction=99.8360%, Lmin=-12.05, Lmax=-4.92
19:03:57 [ultranest] [DEBUG] iteration=1719, ncalls=5167, regioncalls=194040, ndraw=40, logz=-18.18, remainder_fraction=99.8299%, Lmin=-12.04, Lmax=-4.92
19:03:57 [ultranest] [DEBUG] iteration=1720, ncalls=5170, regioncalls=194160, ndraw=40, logz=-18.16, remainder_fraction=99.8268%, Lmin=-12.01, Lmax=-4.92
19:03:57 [ultranest] [DEBUG] iteration=1722, ncalls=5177, regioncalls=194440, ndraw=40, logz=-18.13, remainder_fraction=99.8207%, Lmin=-12.00, Lmax=-4.92
19:03:58 [ultranest] [DEBUG] iteration=1723, ncalls=5185, regioncalls=194760, ndraw=40, logz=-18.11, remainder_fraction=99.8175%, Lmin=-11.98, Lmax=-4.92
19:03:58 [ultranest] [DEBUG] iteration=1725, ncalls=5189, regioncalls=194920, ndraw=40, logz=-18.08, remainder_fraction=99.8122%, Lmin=-11.94, Lmax=-4.92
19:03:58 [ultranest] [DEBUG] iteration=1726, ncalls=5193, regioncalls=195080, ndraw=40, logz=-18.07, remainder_fraction=99.8096%, Lmin=-11.93, Lmax=-4.92
19:03:58 [ultranest] [DEBUG] iteration=1727, ncalls=5208, regioncalls=195680, ndraw=40, logz=-18.05, remainder_fraction=99.8064%, Lmin=-11.93, Lmax=-4.92
19:03:59 [ultranest] [DEBUG] iteration=1729, ncalls=5212, regioncalls=195840, ndraw=40, logz=-18.02, remainder_fraction=99.8001%, Lmin=-11.92, Lmax=-4.92
19:03:59 [ultranest] [DEBUG] iteration=1731, ncalls=5218, regioncalls=196200, ndraw=40, logz=-17.99, remainder_fraction=99.7939%, Lmin=-11.90, Lmax=-4.92
19:03:59 [ultranest] [DEBUG] iteration=1732, ncalls=5224, regioncalls=196440, ndraw=40, logz=-17.98, remainder_fraction=99.7904%, Lmin=-11.89, Lmax=-4.92
19:03:59 [ultranest] [DEBUG] iteration=1733, ncalls=5230, regioncalls=196680, ndraw=40, logz=-17.96, remainder_fraction=99.7879%, Lmin=-11.88, Lmax=-4.92
19:03:59 [ultranest] [DEBUG] iteration=1734, ncalls=5233, regioncalls=196800, ndraw=40, logz=-17.95, remainder_fraction=99.7846%, Lmin=-11.88, Lmax=-4.92
19:04:00 [ultranest] [DEBUG] iteration=1735, ncalls=5244, regioncalls=197240, ndraw=40, logz=-17.94, remainder_fraction=99.7810%, Lmin=-11.86, Lmax=-4.92
19:04:00 [ultranest] [DEBUG] iteration=1736, ncalls=5252, regioncalls=197560, ndraw=40, logz=-17.92, remainder_fraction=99.7775%, Lmin=-11.85, Lmax=-4.92
19:04:01 [ultranest] [DEBUG] iteration=1738, ncalls=5269, regioncalls=198320, ndraw=40, logz=-17.89, remainder_fraction=99.7700%, Lmin=-11.79, Lmax=-4.92
19:04:01 [ultranest] [DEBUG] iteration=1740, ncalls=5286, regioncalls=199160, ndraw=40, logz=-17.86, remainder_fraction=99.7623%, Lmin=-11.76, Lmax=-4.92
19:04:01 [ultranest] [DEBUG] iteration=1741, ncalls=5290, regioncalls=199320, ndraw=40, logz=-17.85, remainder_fraction=99.7582%, Lmin=-11.75, Lmax=-4.92
19:04:01 [ultranest] [DEBUG] iteration=1742, ncalls=5293, regioncalls=199480, ndraw=40, logz=-17.84, remainder_fraction=99.7543%, Lmin=-11.73, Lmax=-4.92
19:04:02 [ultranest] [DEBUG] iteration=1743, ncalls=5302, regioncalls=199960, ndraw=40, logz=-17.82, remainder_fraction=99.7538%, Lmin=-11.72, Lmax=-4.92
19:04:02 [ultranest] [DEBUG] iteration=1745, ncalls=5318, regioncalls=200600, ndraw=40, logz=-17.79, remainder_fraction=99.7456%, Lmin=-11.69, Lmax=-4.92
19:04:03 [ultranest] [DEBUG] iteration=1746, ncalls=5327, regioncalls=200960, ndraw=40, logz=-17.78, remainder_fraction=99.7434%, Lmin=-11.69, Lmax=-4.92
19:04:03 [ultranest] [DEBUG] iteration=1748, ncalls=5335, regioncalls=201280, ndraw=40, logz=-17.75, remainder_fraction=99.7360%, Lmin=-11.68, Lmax=-4.92
19:04:03 [ultranest] [DEBUG] iteration=1749, ncalls=5338, regioncalls=201400, ndraw=40, logz=-17.74, remainder_fraction=99.7320%, Lmin=-11.67, Lmax=-4.92
19:04:04 [ultranest] [DEBUG] iteration=1750, ncalls=5355, regioncalls=202240, ndraw=40, logz=-17.72, remainder_fraction=99.7282%, Lmin=-11.67, Lmax=-4.92
19:04:04 [ultranest] [DEBUG] iteration=1752, ncalls=5359, regioncalls=202400, ndraw=40, logz=-17.70, remainder_fraction=99.7201%, Lmin=-11.62, Lmax=-4.92
19:04:04 [ultranest] [DEBUG] iteration=1753, ncalls=5372, regioncalls=203080, ndraw=40, logz=-17.68, remainder_fraction=99.7157%, Lmin=-11.62, Lmax=-4.92
19:04:05 [ultranest] [DEBUG] iteration=1754, ncalls=5383, regioncalls=203520, ndraw=40, logz=-17.67, remainder_fraction=99.7113%, Lmin=-11.60, Lmax=-4.92
19:04:05 [ultranest] [DEBUG] iteration=1755, ncalls=5386, regioncalls=203680, ndraw=40, logz=-17.66, remainder_fraction=99.7068%, Lmin=-11.58, Lmax=-4.92
19:04:05 [ultranest] [DEBUG] iteration=1757, ncalls=5398, regioncalls=204160, ndraw=40, logz=-17.63, remainder_fraction=99.6999%, Lmin=-11.55, Lmax=-4.92
19:04:06 [ultranest] [DEBUG] iteration=1758, ncalls=5408, regioncalls=204560, ndraw=40, logz=-17.62, remainder_fraction=99.6951%, Lmin=-11.55, Lmax=-4.92
19:04:06 [ultranest] [DEBUG] iteration=1759, ncalls=5411, regioncalls=204680, ndraw=40, logz=-17.60, remainder_fraction=99.6910%, Lmin=-11.54, Lmax=-4.92
19:04:06 [ultranest] [DEBUG] iteration=1760, ncalls=5420, regioncalls=205040, ndraw=40, logz=-17.59, remainder_fraction=99.6862%, Lmin=-11.50, Lmax=-4.92
19:04:07 [ultranest] [DEBUG] iteration=1762, ncalls=5432, regioncalls=205520, ndraw=40, logz=-17.56, remainder_fraction=99.6811%, Lmin=-11.50, Lmax=-4.92
19:04:07 [ultranest] [DEBUG] iteration=1763, ncalls=5436, regioncalls=205680, ndraw=40, logz=-17.55, remainder_fraction=99.6763%, Lmin=-11.50, Lmax=-4.92
19:04:07 [ultranest] [DEBUG] iteration=1764, ncalls=5452, regioncalls=206440, ndraw=40, logz=-17.54, remainder_fraction=99.6717%, Lmin=-11.48, Lmax=-4.92
19:04:08 [ultranest] [DEBUG] iteration=1765, ncalls=5464, regioncalls=206920, ndraw=40, logz=-17.52, remainder_fraction=99.6667%, Lmin=-11.47, Lmax=-4.92
19:04:08 [ultranest] [DEBUG] iteration=1766, ncalls=5479, regioncalls=207560, ndraw=40, logz=-17.51, remainder_fraction=99.6615%, Lmin=-11.46, Lmax=-4.92
19:04:09 [ultranest] [DEBUG] iteration=1768, ncalls=5510, regioncalls=208800, ndraw=40, logz=-17.49, remainder_fraction=99.6522%, Lmin=-11.43, Lmax=-4.92
19:04:10 [ultranest] [DEBUG] iteration=1770, ncalls=5514, regioncalls=208960, ndraw=40, logz=-17.46, remainder_fraction=99.6436%, Lmin=-11.41, Lmax=-4.92
19:04:10 [ultranest] [DEBUG] iteration=1771, ncalls=5525, regioncalls=209560, ndraw=40, logz=-17.45, remainder_fraction=99.6387%, Lmin=-11.38, Lmax=-4.92
19:04:10 [ultranest] [DEBUG] iteration=1772, ncalls=5529, regioncalls=209720, ndraw=40, logz=-17.44, remainder_fraction=99.6332%, Lmin=-11.38, Lmax=-4.92
19:04:10 [ultranest] [DEBUG] iteration=1773, ncalls=5533, regioncalls=209880, ndraw=40, logz=-17.42, remainder_fraction=99.6277%, Lmin=-11.36, Lmax=-4.92
19:04:10 [ultranest] [DEBUG] iteration=1774, ncalls=5537, regioncalls=210040, ndraw=40, logz=-17.41, remainder_fraction=99.6221%, Lmin=-11.36, Lmax=-4.92
19:04:10 [ultranest] [DEBUG] iteration=1776, ncalls=5540, regioncalls=210160, ndraw=40, logz=-17.39, remainder_fraction=99.6117%, Lmin=-11.32, Lmax=-4.92
19:04:11 [ultranest] [DEBUG] iteration=1777, ncalls=5549, regioncalls=210680, ndraw=40, logz=-17.37, remainder_fraction=99.6059%, Lmin=-11.32, Lmax=-4.92
19:04:11 [ultranest] [DEBUG] iteration=1778, ncalls=5563, regioncalls=211240, ndraw=40, logz=-17.36, remainder_fraction=99.6025%, Lmin=-11.32, Lmax=-4.92
19:04:12 [ultranest] [DEBUG] iteration=1779, ncalls=5577, regioncalls=211800, ndraw=40, logz=-17.35, remainder_fraction=99.5966%, Lmin=-11.32, Lmax=-4.92
19:04:12 [ultranest] [DEBUG] iteration=1781, ncalls=5595, regioncalls=212520, ndraw=40, logz=-17.32, remainder_fraction=99.5853%, Lmin=-11.29, Lmax=-4.92
19:04:13 [ultranest] [DEBUG] iteration=1782, ncalls=5599, regioncalls=212680, ndraw=40, logz=-17.31, remainder_fraction=99.5793%, Lmin=-11.29, Lmax=-4.92
19:04:13 [ultranest] [DEBUG] iteration=1783, ncalls=5605, regioncalls=212960, ndraw=40, logz=-17.30, remainder_fraction=99.5777%, Lmin=-11.29, Lmax=-4.92
19:04:13 [ultranest] [DEBUG] iteration=1784, ncalls=5608, regioncalls=213120, ndraw=40, logz=-17.29, remainder_fraction=99.5720%, Lmin=-11.27, Lmax=-4.92
19:04:13 [ultranest] [DEBUG] iteration=1785, ncalls=5619, regioncalls=213560, ndraw=40, logz=-17.28, remainder_fraction=99.5659%, Lmin=-11.25, Lmax=-4.92
19:04:14 [ultranest] [DEBUG] iteration=1786, ncalls=5637, regioncalls=214280, ndraw=40, logz=-17.26, remainder_fraction=99.5598%, Lmin=-11.24, Lmax=-4.92
19:04:14 [ultranest] [DEBUG] iteration=1787, ncalls=5640, regioncalls=214400, ndraw=40, logz=-17.25, remainder_fraction=99.5535%, Lmin=-11.23, Lmax=-4.92
19:04:14 [ultranest] [DEBUG] iteration=1788, ncalls=5645, regioncalls=214600, ndraw=40, logz=-17.24, remainder_fraction=99.5473%, Lmin=-11.19, Lmax=-4.92
19:04:15 [ultranest] [DEBUG] iteration=1789, ncalls=5652, regioncalls=214960, ndraw=40, logz=-17.23, remainder_fraction=99.5459%, Lmin=-11.17, Lmax=-4.92
19:04:15 [ultranest] [DEBUG] iteration=1791, ncalls=5663, regioncalls=215400, ndraw=40, logz=-17.20, remainder_fraction=99.5390%, Lmin=-11.17, Lmax=-4.92
19:04:15 [ultranest] [DEBUG] iteration=1792, ncalls=5668, regioncalls=215600, ndraw=40, logz=-17.19, remainder_fraction=99.5328%, Lmin=-11.15, Lmax=-4.92
19:04:15 [ultranest] [DEBUG] iteration=1793, ncalls=5674, regioncalls=216040, ndraw=40, logz=-17.18, remainder_fraction=99.5262%, Lmin=-11.14, Lmax=-4.92
19:04:15 [ultranest] [DEBUG] iteration=1795, ncalls=5677, regioncalls=216160, ndraw=40, logz=-17.16, remainder_fraction=99.5252%, Lmin=-11.14, Lmax=-4.92
19:04:16 [ultranest] [DEBUG] iteration=1796, ncalls=5683, regioncalls=216400, ndraw=40, logz=-17.15, remainder_fraction=99.5190%, Lmin=-11.11, Lmax=-4.92
19:04:16 [ultranest] [DEBUG] iteration=1798, ncalls=5688, regioncalls=216600, ndraw=40, logz=-17.12, remainder_fraction=99.5058%, Lmin=-11.10, Lmax=-4.92
19:04:16 [ultranest] [DEBUG] iteration=1799, ncalls=5692, regioncalls=216760, ndraw=40, logz=-17.11, remainder_fraction=99.4989%, Lmin=-11.07, Lmax=-4.92
19:04:16 [ultranest] [DEBUG] iteration=1800, ncalls=5695, regioncalls=216920, ndraw=40, logz=-17.10, remainder_fraction=99.4919%, Lmin=-11.07, Lmax=-4.92
19:04:16 [ultranest] [DEBUG] iteration=1801, ncalls=5700, regioncalls=217120, ndraw=40, logz=-17.09, remainder_fraction=99.4863%, Lmin=-11.07, Lmax=-4.92
19:04:17 [ultranest] [DEBUG] iteration=1803, ncalls=5707, regioncalls=217400, ndraw=40, logz=-17.07, remainder_fraction=99.4727%, Lmin=-11.03, Lmax=-4.92
19:04:17 [ultranest] [DEBUG] iteration=1806, ncalls=5714, regioncalls=217680, ndraw=40, logz=-17.03, remainder_fraction=99.4583%, Lmin=-10.99, Lmax=-4.92
19:04:17 [ultranest] [DEBUG] iteration=1807, ncalls=5717, regioncalls=217800, ndraw=40, logz=-17.02, remainder_fraction=99.4547%, Lmin=-10.98, Lmax=-4.92
19:04:17 [ultranest] [DEBUG] iteration=1809, ncalls=5720, regioncalls=217920, ndraw=40, logz=-17.00, remainder_fraction=99.4397%, Lmin=-10.95, Lmax=-4.92
19:04:17 [ultranest] [DEBUG] iteration=1811, ncalls=5725, regioncalls=218120, ndraw=40, logz=-16.97, remainder_fraction=99.4270%, Lmin=-10.93, Lmax=-4.92
19:04:17 [ultranest] [DEBUG] iteration=1813, ncalls=5728, regioncalls=218240, ndraw=40, logz=-16.95, remainder_fraction=99.4149%, Lmin=-10.87, Lmax=-4.92
19:04:18 [ultranest] [DEBUG] iteration=1814, ncalls=5737, regioncalls=218600, ndraw=40, logz=-16.94, remainder_fraction=99.4066%, Lmin=-10.84, Lmax=-4.92
19:04:18 [ultranest] [DEBUG] iteration=1815, ncalls=5741, regioncalls=218760, ndraw=40, logz=-16.93, remainder_fraction=99.3984%, Lmin=-10.83, Lmax=-4.92
19:04:18 [ultranest] [DEBUG] iteration=1816, ncalls=5744, regioncalls=218880, ndraw=40, logz=-16.92, remainder_fraction=99.3988%, Lmin=-10.83, Lmax=-4.92
19:04:18 [ultranest] [DEBUG] iteration=1817, ncalls=5747, regioncalls=219000, ndraw=40, logz=-16.91, remainder_fraction=99.3905%, Lmin=-10.81, Lmax=-4.92
19:04:18 [ultranest] [DEBUG] iteration=1818, ncalls=5751, regioncalls=219160, ndraw=40, logz=-16.89, remainder_fraction=99.3825%, Lmin=-10.81, Lmax=-4.92
19:04:18 [ultranest] [DEBUG] iteration=1819, ncalls=5756, regioncalls=219360, ndraw=40, logz=-16.88, remainder_fraction=99.3740%, Lmin=-10.80, Lmax=-4.92
19:04:19 [ultranest] [DEBUG] iteration=1821, ncalls=5762, regioncalls=219600, ndraw=40, logz=-16.86, remainder_fraction=99.3571%, Lmin=-10.77, Lmax=-4.92
19:04:19 [ultranest] [DEBUG] iteration=1822, ncalls=5768, regioncalls=219840, ndraw=40, logz=-16.85, remainder_fraction=99.3489%, Lmin=-10.76, Lmax=-4.92
19:04:19 [ultranest] [DEBUG] iteration=1823, ncalls=5771, regioncalls=220000, ndraw=40, logz=-16.84, remainder_fraction=99.3406%, Lmin=-10.75, Lmax=-4.92
19:04:19 [ultranest] [DEBUG] iteration=1824, ncalls=5774, regioncalls=220120, ndraw=40, logz=-16.82, remainder_fraction=99.3317%, Lmin=-10.75, Lmax=-4.92
19:04:19 [ultranest] [DEBUG] iteration=1826, ncalls=5777, regioncalls=220240, ndraw=40, logz=-16.80, remainder_fraction=99.3143%, Lmin=-10.72, Lmax=-4.92
19:04:19 [ultranest] [DEBUG] iteration=1829, ncalls=5783, regioncalls=220480, ndraw=40, logz=-16.77, remainder_fraction=99.2875%, Lmin=-10.64, Lmax=-4.92
19:04:20 [ultranest] [DEBUG] iteration=1830, ncalls=5788, regioncalls=220680, ndraw=40, logz=-16.76, remainder_fraction=99.2775%, Lmin=-10.62, Lmax=-4.92
19:04:20 [ultranest] [DEBUG] iteration=1832, ncalls=5791, regioncalls=220800, ndraw=40, logz=-16.73, remainder_fraction=99.2582%, Lmin=-10.61, Lmax=-4.92
19:04:20 [ultranest] [DEBUG] iteration=1833, ncalls=5794, regioncalls=220920, ndraw=40, logz=-16.72, remainder_fraction=99.2665%, Lmin=-10.60, Lmax=-4.92
19:04:20 [ultranest] [DEBUG] iteration=1834, ncalls=5798, regioncalls=221080, ndraw=40, logz=-16.71, remainder_fraction=99.2563%, Lmin=-10.58, Lmax=-4.92
19:04:20 [ultranest] [DEBUG] iteration=1836, ncalls=5808, regioncalls=221480, ndraw=40, logz=-16.69, remainder_fraction=99.2387%, Lmin=-10.56, Lmax=-4.92
19:04:21 [ultranest] [DEBUG] iteration=1837, ncalls=5813, regioncalls=221680, ndraw=40, logz=-16.67, remainder_fraction=99.2298%, Lmin=-10.56, Lmax=-4.92
19:04:21 [ultranest] [DEBUG] iteration=1838, ncalls=5818, regioncalls=221880, ndraw=40, logz=-16.66, remainder_fraction=99.2202%, Lmin=-10.56, Lmax=-4.92
19:04:21 [ultranest] [DEBUG] iteration=1839, ncalls=5836, regioncalls=222600, ndraw=40, logz=-16.65, remainder_fraction=99.2096%, Lmin=-10.55, Lmax=-4.92
19:04:21 [ultranest] [DEBUG] iteration=1840, ncalls=5837, regioncalls=222640, ndraw=40, logz=-16.64, remainder_fraction=99.1993%, Lmin=-10.55, Lmax=-4.92
19:04:22 [ultranest] [DEBUG] iteration=1842, ncalls=5840, regioncalls=222760, ndraw=40, logz=-16.62, remainder_fraction=99.1784%, Lmin=-10.53, Lmax=-4.92
19:04:22 [ultranest] [DEBUG] iteration=1843, ncalls=5843, regioncalls=222880, ndraw=40, logz=-16.61, remainder_fraction=99.1702%, Lmin=-10.53, Lmax=-4.92
19:04:22 [ultranest] [DEBUG] iteration=1844, ncalls=5849, regioncalls=223120, ndraw=40, logz=-16.60, remainder_fraction=99.1592%, Lmin=-10.53, Lmax=-4.92
19:04:22 [ultranest] [DEBUG] iteration=1846, ncalls=5853, regioncalls=223280, ndraw=40, logz=-16.58, remainder_fraction=99.1400%, Lmin=-10.51, Lmax=-4.92
19:04:22 [ultranest] [DEBUG] iteration=1847, ncalls=5856, regioncalls=223400, ndraw=40, logz=-16.57, remainder_fraction=99.1288%, Lmin=-10.50, Lmax=-4.92
19:04:22 [ultranest] [DEBUG] iteration=1849, ncalls=5859, regioncalls=223520, ndraw=40, logz=-16.54, remainder_fraction=99.1069%, Lmin=-10.50, Lmax=-4.92
19:04:22 [ultranest] [DEBUG] iteration=1852, ncalls=5867, regioncalls=223840, ndraw=40, logz=-16.51, remainder_fraction=99.0753%, Lmin=-10.45, Lmax=-4.92
19:04:23 [ultranest] [DEBUG] iteration=1854, ncalls=5872, regioncalls=224040, ndraw=40, logz=-16.49, remainder_fraction=99.0606%, Lmin=-10.43, Lmax=-4.92
19:04:23 [ultranest] [DEBUG] iteration=1857, ncalls=5876, regioncalls=224200, ndraw=40, logz=-16.46, remainder_fraction=99.0266%, Lmin=-10.40, Lmax=-4.92
19:04:23 [ultranest] [DEBUG] iteration=1859, ncalls=5888, regioncalls=224680, ndraw=40, logz=-16.44, remainder_fraction=99.0105%, Lmin=-10.38, Lmax=-4.92
19:04:23 [ultranest] [DEBUG] iteration=1860, ncalls=5893, regioncalls=224880, ndraw=40, logz=-16.43, remainder_fraction=99.0134%, Lmin=-10.38, Lmax=-4.92
19:04:24 [ultranest] [DEBUG] iteration=1861, ncalls=5898, regioncalls=225080, ndraw=40, logz=-16.42, remainder_fraction=99.0011%, Lmin=-10.38, Lmax=-4.92
19:04:24 [ultranest] [DEBUG] iteration=1864, ncalls=5903, regioncalls=225280, ndraw=40, logz=-16.39, remainder_fraction=98.9783%, Lmin=-10.35, Lmax=-4.92
19:04:24 [ultranest] [DEBUG] iteration=1867, ncalls=5907, regioncalls=225440, ndraw=40, logz=-16.36, remainder_fraction=98.9431%, Lmin=-10.33, Lmax=-4.92
19:04:24 [ultranest] [DEBUG] iteration=1870, ncalls=5913, regioncalls=225680, ndraw=40, logz=-16.33, remainder_fraction=98.9114%, Lmin=-10.26, Lmax=-4.92
19:04:24 [ultranest] [DEBUG] iteration=1871, ncalls=5918, regioncalls=225880, ndraw=40, logz=-16.32, remainder_fraction=98.8993%, Lmin=-10.25, Lmax=-4.92
19:04:24 [ultranest] [DEBUG] iteration=1872, ncalls=5921, regioncalls=226000, ndraw=40, logz=-16.31, remainder_fraction=98.8879%, Lmin=-10.25, Lmax=-4.92
19:04:25 [ultranest] [DEBUG] iteration=1873, ncalls=5924, regioncalls=226320, ndraw=40, logz=-16.30, remainder_fraction=98.8754%, Lmin=-10.25, Lmax=-4.92
19:04:25 [ultranest] [DEBUG] iteration=1875, ncalls=5928, regioncalls=226480, ndraw=40, logz=-16.28, remainder_fraction=98.8571%, Lmin=-10.23, Lmax=-4.92
19:04:25 [ultranest] [DEBUG] iteration=1877, ncalls=5935, regioncalls=226840, ndraw=40, logz=-16.26, remainder_fraction=98.8488%, Lmin=-10.17, Lmax=-4.92
19:04:25 [ultranest] [DEBUG] iteration=1878, ncalls=5938, regioncalls=226960, ndraw=40, logz=-16.25, remainder_fraction=98.8414%, Lmin=-10.17, Lmax=-4.92
19:04:25 [ultranest] [DEBUG] iteration=1879, ncalls=5944, regioncalls=227280, ndraw=40, logz=-16.24, remainder_fraction=98.8329%, Lmin=-10.16, Lmax=-4.92
19:04:25 [ultranest] [DEBUG] iteration=1880, ncalls=5947, regioncalls=227440, ndraw=40, logz=-16.23, remainder_fraction=98.8197%, Lmin=-10.15, Lmax=-4.92
19:04:25 [ultranest] [DEBUG] iteration=1881, ncalls=5950, regioncalls=227560, ndraw=40, logz=-16.22, remainder_fraction=98.8211%, Lmin=-10.15, Lmax=-4.92
19:04:26 [ultranest] [DEBUG] iteration=1882, ncalls=5956, regioncalls=227800, ndraw=40, logz=-16.21, remainder_fraction=98.8073%, Lmin=-10.13, Lmax=-4.92
19:04:26 [ultranest] [DEBUG] iteration=1883, ncalls=5959, regioncalls=228360, ndraw=40, logz=-16.20, remainder_fraction=98.7945%, Lmin=-10.11, Lmax=-4.92
19:04:26 [ultranest] [DEBUG] iteration=1885, ncalls=5965, regioncalls=228760, ndraw=40, logz=-16.18, remainder_fraction=98.7658%, Lmin=-10.10, Lmax=-4.92
19:04:26 [ultranest] [DEBUG] iteration=1887, ncalls=5973, regioncalls=229120, ndraw=40, logz=-16.16, remainder_fraction=98.7366%, Lmin=-10.03, Lmax=-4.92
19:04:27 [ultranest] [DEBUG] iteration=1889, ncalls=5979, regioncalls=229440, ndraw=40, logz=-16.14, remainder_fraction=98.7068%, Lmin=-10.02, Lmax=-4.92
19:04:27 [ultranest] [DEBUG] iteration=1890, ncalls=5981, regioncalls=229560, ndraw=40, logz=-16.13, remainder_fraction=98.6921%, Lmin=-10.01, Lmax=-4.92
19:04:27 [ultranest] [DEBUG] iteration=1891, ncalls=5984, regioncalls=229680, ndraw=40, logz=-16.12, remainder_fraction=98.6760%, Lmin=-10.00, Lmax=-4.92
19:04:27 [ultranest] [DEBUG] iteration=1892, ncalls=5996, regioncalls=230160, ndraw=40, logz=-16.11, remainder_fraction=98.6610%, Lmin=-9.99, Lmax=-4.92
19:04:27 [ultranest] [DEBUG] iteration=1893, ncalls=6002, regioncalls=230640, ndraw=40, logz=-16.10, remainder_fraction=98.6444%, Lmin=-9.99, Lmax=-4.92
19:04:28 [ultranest] [DEBUG] iteration=1894, ncalls=6005, regioncalls=230840, ndraw=40, logz=-16.09, remainder_fraction=98.6290%, Lmin=-9.98, Lmax=-4.92
19:04:28 [ultranest] [DEBUG] iteration=1896, ncalls=6010, regioncalls=231160, ndraw=40, logz=-16.07, remainder_fraction=98.6013%, Lmin=-9.97, Lmax=-4.92
19:04:28 [ultranest] [DEBUG] iteration=1897, ncalls=6016, regioncalls=231400, ndraw=40, logz=-16.06, remainder_fraction=98.5849%, Lmin=-9.96, Lmax=-4.92
19:04:28 [ultranest] [DEBUG] iteration=1898, ncalls=6028, regioncalls=231880, ndraw=40, logz=-16.05, remainder_fraction=98.5726%, Lmin=-9.96, Lmax=-4.92
19:04:28 [ultranest] [DEBUG] iteration=1899, ncalls=6032, regioncalls=232040, ndraw=40, logz=-16.04, remainder_fraction=98.5623%, Lmin=-9.95, Lmax=-4.92
19:04:29 [ultranest] [DEBUG] iteration=1900, ncalls=6035, regioncalls=232160, ndraw=40, logz=-16.04, remainder_fraction=98.5454%, Lmin=-9.93, Lmax=-4.92
19:04:29 [ultranest] [DEBUG] iteration=1902, ncalls=6042, regioncalls=232440, ndraw=40, logz=-16.02, remainder_fraction=98.5312%, Lmin=-9.90, Lmax=-4.92
19:04:29 [ultranest] [DEBUG] iteration=1904, ncalls=6046, regioncalls=232600, ndraw=40, logz=-16.00, remainder_fraction=98.4966%, Lmin=-9.87, Lmax=-4.92
19:04:29 [ultranest] [DEBUG] iteration=1905, ncalls=6052, regioncalls=232840, ndraw=40, logz=-15.99, remainder_fraction=98.4793%, Lmin=-9.82, Lmax=-4.92
19:04:29 [ultranest] [DEBUG] iteration=1906, ncalls=6059, regioncalls=233120, ndraw=40, logz=-15.98, remainder_fraction=98.4616%, Lmin=-9.81, Lmax=-4.92
19:04:30 [ultranest] [DEBUG] iteration=1908, ncalls=6069, regioncalls=233520, ndraw=40, logz=-15.96, remainder_fraction=98.4277%, Lmin=-9.76, Lmax=-4.92
19:04:30 [ultranest] [DEBUG] iteration=1910, ncalls=6072, regioncalls=233640, ndraw=40, logz=-15.94, remainder_fraction=98.3906%, Lmin=-9.75, Lmax=-4.92
19:04:30 [ultranest] [DEBUG] iteration=1912, ncalls=6084, regioncalls=234120, ndraw=40, logz=-15.92, remainder_fraction=98.3499%, Lmin=-9.73, Lmax=-4.92
19:04:31 [ultranest] [DEBUG] iteration=1913, ncalls=6089, regioncalls=234320, ndraw=40, logz=-15.91, remainder_fraction=98.3299%, Lmin=-9.72, Lmax=-4.92
19:04:31 [ultranest] [DEBUG] iteration=1915, ncalls=6096, regioncalls=234600, ndraw=40, logz=-15.88, remainder_fraction=98.2985%, Lmin=-9.67, Lmax=-4.92
19:04:31 [ultranest] [DEBUG] iteration=1917, ncalls=6101, regioncalls=234840, ndraw=40, logz=-15.86, remainder_fraction=98.2730%, Lmin=-9.65, Lmax=-4.92
19:04:31 [ultranest] [DEBUG] iteration=1918, ncalls=6104, regioncalls=234960, ndraw=40, logz=-15.85, remainder_fraction=98.2576%, Lmin=-9.64, Lmax=-4.92
19:04:31 [ultranest] [DEBUG] iteration=1920, ncalls=6106, regioncalls=235040, ndraw=40, logz=-15.83, remainder_fraction=98.2208%, Lmin=-9.62, Lmax=-4.92
19:04:32 [ultranest] [DEBUG] iteration=1922, ncalls=6119, regioncalls=235560, ndraw=40, logz=-15.81, remainder_fraction=98.1771%, Lmin=-9.61, Lmax=-4.92
19:04:32 [ultranest] [DEBUG] iteration=1923, ncalls=6123, regioncalls=235800, ndraw=40, logz=-15.80, remainder_fraction=98.1545%, Lmin=-9.60, Lmax=-4.92
19:04:32 [ultranest] [DEBUG] iteration=1925, ncalls=6127, regioncalls=235960, ndraw=40, logz=-15.78, remainder_fraction=98.1147%, Lmin=-9.56, Lmax=-4.92
19:04:32 [ultranest] [DEBUG] iteration=1926, ncalls=6132, regioncalls=236240, ndraw=40, logz=-15.77, remainder_fraction=98.0916%, Lmin=-9.55, Lmax=-4.92
19:04:32 [ultranest] [DEBUG] iteration=1927, ncalls=6135, regioncalls=236360, ndraw=40, logz=-15.76, remainder_fraction=98.0684%, Lmin=-9.55, Lmax=-4.92
19:04:33 [ultranest] [DEBUG] iteration=1928, ncalls=6144, regioncalls=236720, ndraw=40, logz=-15.75, remainder_fraction=98.0461%, Lmin=-9.53, Lmax=-4.92
19:04:33 [ultranest] [DEBUG] iteration=1931, ncalls=6148, regioncalls=236880, ndraw=40, logz=-15.72, remainder_fraction=97.9775%, Lmin=-9.50, Lmax=-4.92
19:04:33 [ultranest] [DEBUG] iteration=1933, ncalls=6155, regioncalls=237160, ndraw=40, logz=-15.70, remainder_fraction=97.9336%, Lmin=-9.49, Lmax=-4.92
19:04:33 [ultranest] [DEBUG] iteration=1934, ncalls=6166, regioncalls=237600, ndraw=40, logz=-15.69, remainder_fraction=97.9088%, Lmin=-9.47, Lmax=-4.92
19:04:34 [ultranest] [DEBUG] iteration=1935, ncalls=6172, regioncalls=237840, ndraw=40, logz=-15.68, remainder_fraction=97.9032%, Lmin=-9.47, Lmax=-4.92
19:04:34 [ultranest] [DEBUG] iteration=1936, ncalls=6178, regioncalls=238120, ndraw=40, logz=-15.67, remainder_fraction=97.8930%, Lmin=-9.46, Lmax=-4.92
19:04:34 [ultranest] [DEBUG] iteration=1938, ncalls=6184, regioncalls=238640, ndraw=40, logz=-15.65, remainder_fraction=97.8567%, Lmin=-9.44, Lmax=-4.92
19:04:34 [ultranest] [DEBUG] iteration=1939, ncalls=6189, regioncalls=239040, ndraw=40, logz=-15.64, remainder_fraction=97.8315%, Lmin=-9.44, Lmax=-4.92
19:04:34 [ultranest] [DEBUG] iteration=1941, ncalls=6197, regioncalls=239400, ndraw=40, logz=-15.62, remainder_fraction=97.7904%, Lmin=-9.43, Lmax=-4.92
19:04:35 [ultranest] [DEBUG] iteration=1942, ncalls=6200, regioncalls=239640, ndraw=40, logz=-15.61, remainder_fraction=97.7648%, Lmin=-9.42, Lmax=-4.92
19:04:35 [ultranest] [DEBUG] iteration=1943, ncalls=6204, regioncalls=239840, ndraw=40, logz=-15.61, remainder_fraction=97.7395%, Lmin=-9.41, Lmax=-4.92
19:04:35 [ultranest] [DEBUG] iteration=1944, ncalls=6208, regioncalls=240000, ndraw=40, logz=-15.60, remainder_fraction=97.7216%, Lmin=-9.40, Lmax=-4.92
19:04:35 [ultranest] [DEBUG] iteration=1946, ncalls=6214, regioncalls=240240, ndraw=40, logz=-15.58, remainder_fraction=97.6801%, Lmin=-9.39, Lmax=-4.92
19:04:36 [ultranest] [DEBUG] iteration=1947, ncalls=6230, regioncalls=241120, ndraw=40, logz=-15.57, remainder_fraction=97.6596%, Lmin=-9.38, Lmax=-4.92
19:04:36 [ultranest] [DEBUG] iteration=1948, ncalls=6240, regioncalls=241520, ndraw=40, logz=-15.56, remainder_fraction=97.6479%, Lmin=-9.37, Lmax=-4.92
19:04:36 [ultranest] [DEBUG] iteration=1949, ncalls=6243, regioncalls=241960, ndraw=40, logz=-15.55, remainder_fraction=97.6367%, Lmin=-9.36, Lmax=-4.92
19:04:36 [ultranest] [DEBUG] iteration=1950, ncalls=6248, regioncalls=242200, ndraw=40, logz=-15.54, remainder_fraction=97.6096%, Lmin=-9.35, Lmax=-4.92
19:04:37 [ultranest] [DEBUG] iteration=1952, ncalls=6255, regioncalls=242480, ndraw=40, logz=-15.52, remainder_fraction=97.5725%, Lmin=-9.35, Lmax=-4.92
19:04:37 [ultranest] [DEBUG] iteration=1953, ncalls=6264, regioncalls=242840, ndraw=40, logz=-15.51, remainder_fraction=97.5485%, Lmin=-9.30, Lmax=-4.92
19:04:37 [ultranest] [DEBUG] iteration=1954, ncalls=6270, regioncalls=243080, ndraw=40, logz=-15.50, remainder_fraction=97.5208%, Lmin=-9.30, Lmax=-4.92
19:04:37 [ultranest] [DEBUG] iteration=1955, ncalls=6273, regioncalls=243200, ndraw=40, logz=-15.49, remainder_fraction=97.4926%, Lmin=-9.29, Lmax=-4.92
19:04:37 [ultranest] [DEBUG] iteration=1956, ncalls=6277, regioncalls=243360, ndraw=40, logz=-15.48, remainder_fraction=97.4660%, Lmin=-9.28, Lmax=-4.92
19:04:38 [ultranest] [DEBUG] iteration=1958, ncalls=6284, regioncalls=243640, ndraw=40, logz=-15.47, remainder_fraction=97.4260%, Lmin=-9.25, Lmax=-4.92
19:04:38 [ultranest] [DEBUG] iteration=1959, ncalls=6289, regioncalls=243840, ndraw=40, logz=-15.46, remainder_fraction=97.3966%, Lmin=-9.25, Lmax=-4.92
19:04:38 [ultranest] [DEBUG] iteration=1960, ncalls=6290, regioncalls=243880, ndraw=40, logz=-15.45, remainder_fraction=97.3676%, Lmin=-9.24, Lmax=-4.92
19:04:38 [ultranest] [DEBUG] iteration=1962, ncalls=6301, regioncalls=244400, ndraw=40, logz=-15.43, remainder_fraction=97.3098%, Lmin=-9.21, Lmax=-4.92
19:04:38 [ultranest] [DEBUG] iteration=1964, ncalls=6306, regioncalls=244600, ndraw=40, logz=-15.41, remainder_fraction=97.2522%, Lmin=-9.18, Lmax=-4.92
19:04:39 [ultranest] [DEBUG] iteration=1967, ncalls=6312, regioncalls=244840, ndraw=40, logz=-15.38, remainder_fraction=97.2068%, Lmin=-9.14, Lmax=-4.92
19:04:39 [ultranest] [DEBUG] iteration=1968, ncalls=6317, regioncalls=245080, ndraw=40, logz=-15.37, remainder_fraction=97.1752%, Lmin=-9.13, Lmax=-4.92
19:04:39 [ultranest] [DEBUG] iteration=1969, ncalls=6320, regioncalls=245200, ndraw=40, logz=-15.36, remainder_fraction=97.1448%, Lmin=-9.13, Lmax=-4.92
19:04:39 [ultranest] [DEBUG] iteration=1971, ncalls=6328, regioncalls=245520, ndraw=40, logz=-15.34, remainder_fraction=97.0852%, Lmin=-9.11, Lmax=-4.92
19:04:39 [ultranest] [DEBUG] iteration=1973, ncalls=6334, regioncalls=245800, ndraw=40, logz=-15.33, remainder_fraction=97.0361%, Lmin=-9.10, Lmax=-4.92
19:04:40 [ultranest] [DEBUG] iteration=1974, ncalls=6343, regioncalls=246160, ndraw=40, logz=-15.32, remainder_fraction=97.0147%, Lmin=-9.08, Lmax=-4.92
19:04:40 [ultranest] [DEBUG] iteration=1975, ncalls=6347, regioncalls=246320, ndraw=40, logz=-15.31, remainder_fraction=96.9880%, Lmin=-9.07, Lmax=-4.92
19:04:40 [ultranest] [DEBUG] iteration=1976, ncalls=6350, regioncalls=246440, ndraw=40, logz=-15.30, remainder_fraction=96.9542%, Lmin=-9.07, Lmax=-4.92
19:04:40 [ultranest] [DEBUG] iteration=1979, ncalls=6356, regioncalls=246880, ndraw=40, logz=-15.27, remainder_fraction=96.8602%, Lmin=-9.02, Lmax=-4.92
19:04:40 [ultranest] [DEBUG] iteration=1980, ncalls=6359, regioncalls=247040, ndraw=40, logz=-15.26, remainder_fraction=96.8601%, Lmin=-9.01, Lmax=-4.92
19:04:41 [ultranest] [DEBUG] iteration=1982, ncalls=6362, regioncalls=247160, ndraw=40, logz=-15.24, remainder_fraction=96.8005%, Lmin=-8.98, Lmax=-4.92
19:04:41 [ultranest] [DEBUG] iteration=1984, ncalls=6368, regioncalls=247400, ndraw=40, logz=-15.23, remainder_fraction=96.7367%, Lmin=-8.97, Lmax=-4.92
19:04:41 [ultranest] [DEBUG] iteration=1985, ncalls=6374, regioncalls=247760, ndraw=40, logz=-15.22, remainder_fraction=96.7013%, Lmin=-8.96, Lmax=-4.92
19:04:41 [ultranest] [DEBUG] iteration=1986, ncalls=6378, regioncalls=248080, ndraw=40, logz=-15.21, remainder_fraction=96.6917%, Lmin=-8.96, Lmax=-4.92
19:04:41 [ultranest] [DEBUG] iteration=1988, ncalls=6381, regioncalls=248320, ndraw=40, logz=-15.19, remainder_fraction=96.6220%, Lmin=-8.95, Lmax=-4.92
19:04:41 [ultranest] [DEBUG] iteration=1989, ncalls=6386, regioncalls=248560, ndraw=40, logz=-15.18, remainder_fraction=96.5984%, Lmin=-8.94, Lmax=-4.92
19:04:42 [ultranest] [DEBUG] iteration=1990, ncalls=6392, regioncalls=248840, ndraw=40, logz=-15.17, remainder_fraction=96.5619%, Lmin=-8.94, Lmax=-4.92
19:04:42 [ultranest] [DEBUG] iteration=1991, ncalls=6403, regioncalls=249360, ndraw=40, logz=-15.16, remainder_fraction=96.5253%, Lmin=-8.94, Lmax=-4.92
19:04:42 [ultranest] [DEBUG] iteration=1992, ncalls=6410, regioncalls=249640, ndraw=40, logz=-15.16, remainder_fraction=96.4898%, Lmin=-8.93, Lmax=-4.92
19:04:42 [ultranest] [DEBUG] iteration=1993, ncalls=6414, regioncalls=249960, ndraw=40, logz=-15.15, remainder_fraction=96.4557%, Lmin=-8.92, Lmax=-4.92
19:04:43 [ultranest] [DEBUG] iteration=1994, ncalls=6423, regioncalls=250320, ndraw=40, logz=-15.14, remainder_fraction=96.4214%, Lmin=-8.91, Lmax=-4.92
19:04:43 [ultranest] [DEBUG] iteration=1996, ncalls=6426, regioncalls=250440, ndraw=40, logz=-15.12, remainder_fraction=96.3490%, Lmin=-8.91, Lmax=-4.92
19:04:43 [ultranest] [DEBUG] iteration=1997, ncalls=6429, regioncalls=250560, ndraw=40, logz=-15.11, remainder_fraction=96.3112%, Lmin=-8.90, Lmax=-4.92
19:04:43 [ultranest] [DEBUG] iteration=2000, ncalls=6432, regioncalls=250680, ndraw=40, logz=-15.09, remainder_fraction=96.2024%, Lmin=-8.89, Lmax=-4.92
19:04:43 [ultranest] [DEBUG] iteration=2003, ncalls=6439, regioncalls=251000, ndraw=40, logz=-15.06, remainder_fraction=96.1301%, Lmin=-8.86, Lmax=-4.92
19:04:44 [ultranest] [DEBUG] iteration=2004, ncalls=6443, regioncalls=251160, ndraw=40, logz=-15.05, remainder_fraction=96.0913%, Lmin=-8.85, Lmax=-4.92
19:04:44 [ultranest] [DEBUG] iteration=2006, ncalls=6455, regioncalls=251640, ndraw=40, logz=-15.04, remainder_fraction=96.0356%, Lmin=-8.85, Lmax=-4.92
19:04:44 [ultranest] [DEBUG] iteration=2009, ncalls=6458, regioncalls=251760, ndraw=40, logz=-15.01, remainder_fraction=95.9455%, Lmin=-8.82, Lmax=-4.92
19:04:44 [ultranest] [DEBUG] iteration=2010, ncalls=6462, regioncalls=251920, ndraw=40, logz=-15.01, remainder_fraction=95.9214%, Lmin=-8.82, Lmax=-4.92
19:04:45 [ultranest] [DEBUG] iteration=2012, ncalls=6473, regioncalls=252360, ndraw=40, logz=-14.99, remainder_fraction=95.8442%, Lmin=-8.80, Lmax=-4.92
19:04:45 [ultranest] [DEBUG] iteration=2013, ncalls=6481, regioncalls=252840, ndraw=40, logz=-14.98, remainder_fraction=95.8036%, Lmin=-8.79, Lmax=-4.92
19:04:45 [ultranest] [DEBUG] iteration=2014, ncalls=6484, regioncalls=253000, ndraw=40, logz=-14.97, remainder_fraction=95.7691%, Lmin=-8.79, Lmax=-4.92
19:04:45 [ultranest] [DEBUG] iteration=2015, ncalls=6489, regioncalls=253400, ndraw=40, logz=-14.97, remainder_fraction=95.7303%, Lmin=-8.77, Lmax=-4.92
19:04:46 [ultranest] [DEBUG] iteration=2017, ncalls=6500, regioncalls=254200, ndraw=40, logz=-14.95, remainder_fraction=95.6465%, Lmin=-8.74, Lmax=-4.92
19:04:46 [ultranest] [DEBUG] iteration=2018, ncalls=6504, regioncalls=254360, ndraw=40, logz=-14.94, remainder_fraction=95.6151%, Lmin=-8.74, Lmax=-4.92
19:04:46 [ultranest] [DEBUG] iteration=2019, ncalls=6515, regioncalls=254880, ndraw=40, logz=-14.93, remainder_fraction=95.5810%, Lmin=-8.74, Lmax=-4.92
19:04:46 [ultranest] [DEBUG] iteration=2021, ncalls=6524, regioncalls=255320, ndraw=40, logz=-14.92, remainder_fraction=95.5235%, Lmin=-8.70, Lmax=-4.92
19:04:47 [ultranest] [DEBUG] iteration=2022, ncalls=6533, regioncalls=255920, ndraw=40, logz=-14.91, remainder_fraction=95.5312%, Lmin=-8.70, Lmax=-4.92
19:04:47 [ultranest] [DEBUG] iteration=2023, ncalls=6542, regioncalls=256280, ndraw=40, logz=-14.90, remainder_fraction=95.4938%, Lmin=-8.69, Lmax=-4.92
19:04:47 [ultranest] [DEBUG] iteration=2024, ncalls=6546, regioncalls=256480, ndraw=40, logz=-14.90, remainder_fraction=95.4745%, Lmin=-8.68, Lmax=-4.92
19:04:48 [ultranest] [DEBUG] iteration=2025, ncalls=6560, regioncalls=257400, ndraw=40, logz=-14.89, remainder_fraction=95.4314%, Lmin=-8.67, Lmax=-4.92
19:04:48 [ultranest] [DEBUG] iteration=2026, ncalls=6563, regioncalls=257520, ndraw=40, logz=-14.88, remainder_fraction=95.4045%, Lmin=-8.67, Lmax=-4.92
19:04:48 [ultranest] [DEBUG] iteration=2028, ncalls=6569, regioncalls=257760, ndraw=40, logz=-14.86, remainder_fraction=95.3220%, Lmin=-8.67, Lmax=-4.92
19:04:48 [ultranest] [DEBUG] iteration=2029, ncalls=6578, regioncalls=258360, ndraw=40, logz=-14.86, remainder_fraction=95.2766%, Lmin=-8.66, Lmax=-4.92
19:04:49 [ultranest] [DEBUG] iteration=2031, ncalls=6596, regioncalls=259160, ndraw=40, logz=-14.84, remainder_fraction=95.1903%, Lmin=-8.65, Lmax=-4.92
19:04:49 [ultranest] [DEBUG] iteration=2032, ncalls=6599, regioncalls=259280, ndraw=40, logz=-14.83, remainder_fraction=95.1591%, Lmin=-8.64, Lmax=-4.92
19:04:49 [ultranest] [DEBUG] iteration=2033, ncalls=6602, regioncalls=259400, ndraw=40, logz=-14.83, remainder_fraction=95.1310%, Lmin=-8.64, Lmax=-4.92
19:04:49 [ultranest] [DEBUG] iteration=2034, ncalls=6606, regioncalls=259560, ndraw=40, logz=-14.82, remainder_fraction=95.1038%, Lmin=-8.64, Lmax=-4.92
19:04:50 [ultranest] [DEBUG] iteration=2035, ncalls=6615, regioncalls=259920, ndraw=40, logz=-14.81, remainder_fraction=95.0616%, Lmin=-8.63, Lmax=-4.92
19:04:50 [ultranest] [DEBUG] iteration=2036, ncalls=6619, regioncalls=260080, ndraw=40, logz=-14.80, remainder_fraction=95.0371%, Lmin=-8.63, Lmax=-4.92
19:04:50 [ultranest] [DEBUG] iteration=2037, ncalls=6624, regioncalls=260280, ndraw=40, logz=-14.80, remainder_fraction=95.0441%, Lmin=-8.62, Lmax=-4.92
19:04:50 [ultranest] [DEBUG] iteration=2038, ncalls=6628, regioncalls=260440, ndraw=40, logz=-14.79, remainder_fraction=95.0044%, Lmin=-8.62, Lmax=-4.92
19:04:50 [ultranest] [DEBUG] iteration=2039, ncalls=6631, regioncalls=260560, ndraw=40, logz=-14.78, remainder_fraction=94.9720%, Lmin=-8.60, Lmax=-4.92
19:04:50 [ultranest] [DEBUG] iteration=2040, ncalls=6632, regioncalls=260600, ndraw=40, logz=-14.77, remainder_fraction=94.9300%, Lmin=-8.60, Lmax=-4.92
19:04:51 [ultranest] [DEBUG] iteration=2041, ncalls=6637, regioncalls=260800, ndraw=40, logz=-14.77, remainder_fraction=94.8872%, Lmin=-8.58, Lmax=-4.92
19:04:51 [ultranest] [DEBUG] iteration=2042, ncalls=6644, regioncalls=261080, ndraw=40, logz=-14.76, remainder_fraction=94.8413%, Lmin=-8.57, Lmax=-4.92
19:04:51 [ultranest] [DEBUG] iteration=2043, ncalls=6649, regioncalls=261280, ndraw=40, logz=-14.75, remainder_fraction=94.7989%, Lmin=-8.57, Lmax=-4.92
19:04:51 [ultranest] [DEBUG] iteration=2044, ncalls=6657, regioncalls=261600, ndraw=40, logz=-14.74, remainder_fraction=94.7854%, Lmin=-8.57, Lmax=-4.92
19:04:51 [ultranest] [DEBUG] iteration=2045, ncalls=6662, regioncalls=261800, ndraw=40, logz=-14.74, remainder_fraction=94.7609%, Lmin=-8.57, Lmax=-4.92
19:04:52 [ultranest] [DEBUG] iteration=2047, ncalls=6666, regioncalls=262040, ndraw=40, logz=-14.72, remainder_fraction=94.6708%, Lmin=-8.56, Lmax=-4.92
19:04:52 [ultranest] [DEBUG] iteration=2048, ncalls=6684, regioncalls=262920, ndraw=40, logz=-14.72, remainder_fraction=94.6402%, Lmin=-8.55, Lmax=-4.92
19:04:52 [ultranest] [DEBUG] iteration=2050, ncalls=6690, regioncalls=263160, ndraw=40, logz=-14.70, remainder_fraction=94.5811%, Lmin=-8.54, Lmax=-4.92
19:04:53 [ultranest] [DEBUG] iteration=2052, ncalls=6698, regioncalls=263480, ndraw=40, logz=-14.69, remainder_fraction=94.5051%, Lmin=-8.53, Lmax=-4.92
19:04:53 [ultranest] [DEBUG] iteration=2053, ncalls=6711, regioncalls=264240, ndraw=40, logz=-14.68, remainder_fraction=94.4700%, Lmin=-8.52, Lmax=-4.92
19:04:53 [ultranest] [DEBUG] iteration=2055, ncalls=6718, regioncalls=264520, ndraw=40, logz=-14.67, remainder_fraction=94.3735%, Lmin=-8.50, Lmax=-4.92
19:04:54 [ultranest] [DEBUG] iteration=2056, ncalls=6723, regioncalls=264800, ndraw=40, logz=-14.66, remainder_fraction=94.3432%, Lmin=-8.49, Lmax=-4.92
19:04:54 [ultranest] [DEBUG] iteration=2057, ncalls=6733, regioncalls=265200, ndraw=40, logz=-14.65, remainder_fraction=94.2929%, Lmin=-8.49, Lmax=-4.92
19:04:54 [ultranest] [DEBUG] iteration=2058, ncalls=6736, regioncalls=265320, ndraw=40, logz=-14.65, remainder_fraction=94.2435%, Lmin=-8.49, Lmax=-4.92
19:04:54 [ultranest] [DEBUG] iteration=2059, ncalls=6740, regioncalls=265480, ndraw=40, logz=-14.64, remainder_fraction=94.2037%, Lmin=-8.48, Lmax=-4.92
19:04:55 [ultranest] [DEBUG] iteration=2060, ncalls=6756, regioncalls=266240, ndraw=40, logz=-14.63, remainder_fraction=94.1528%, Lmin=-8.47, Lmax=-4.92
19:04:55 [ultranest] [DEBUG] iteration=2061, ncalls=6759, regioncalls=266360, ndraw=40, logz=-14.63, remainder_fraction=94.1034%, Lmin=-8.45, Lmax=-4.92
19:04:55 [ultranest] [DEBUG] iteration=2062, ncalls=6764, regioncalls=266560, ndraw=40, logz=-14.62, remainder_fraction=94.0914%, Lmin=-8.44, Lmax=-4.92
19:04:56 [ultranest] [DEBUG] iteration=2064, ncalls=6784, regioncalls=267480, ndraw=40, logz=-14.61, remainder_fraction=93.9911%, Lmin=-8.43, Lmax=-4.92
19:04:56 [ultranest] [DEBUG] iteration=2065, ncalls=6794, regioncalls=268120, ndraw=40, logz=-14.60, remainder_fraction=93.9406%, Lmin=-8.43, Lmax=-4.92
19:04:56 [ultranest] [DEBUG] iteration=2066, ncalls=6800, regioncalls=268480, ndraw=40, logz=-14.59, remainder_fraction=93.8874%, Lmin=-8.43, Lmax=-4.92
19:04:57 [ultranest] [DEBUG] iteration=2068, ncalls=6814, regioncalls=269200, ndraw=40, logz=-14.58, remainder_fraction=93.8178%, Lmin=-8.42, Lmax=-4.92
19:04:57 [ultranest] [DEBUG] iteration=2069, ncalls=6820, regioncalls=269440, ndraw=40, logz=-14.57, remainder_fraction=93.7654%, Lmin=-8.42, Lmax=-4.92
19:04:57 [ultranest] [DEBUG] iteration=2070, ncalls=6825, regioncalls=269720, ndraw=40, logz=-14.56, remainder_fraction=93.7121%, Lmin=-8.42, Lmax=-4.92
19:04:58 [ultranest] [DEBUG] iteration=2072, ncalls=6833, regioncalls=270040, ndraw=40, logz=-14.55, remainder_fraction=93.6303%, Lmin=-8.39, Lmax=-4.92
19:04:58 [ultranest] [DEBUG] iteration=2073, ncalls=6851, regioncalls=271000, ndraw=40, logz=-14.54, remainder_fraction=93.5911%, Lmin=-8.38, Lmax=-4.92
19:04:59 [ultranest] [DEBUG] iteration=2074, ncalls=6857, regioncalls=271240, ndraw=40, logz=-14.54, remainder_fraction=93.5595%, Lmin=-8.38, Lmax=-4.92
19:04:59 [ultranest] [DEBUG] iteration=2075, ncalls=6876, regioncalls=272000, ndraw=40, logz=-14.53, remainder_fraction=93.5060%, Lmin=-8.37, Lmax=-4.92
19:05:00 [ultranest] [DEBUG] iteration=2076, ncalls=6885, regioncalls=272400, ndraw=40, logz=-14.53, remainder_fraction=93.4644%, Lmin=-8.37, Lmax=-4.92
19:05:00 [ultranest] [DEBUG] iteration=2077, ncalls=6900, regioncalls=273000, ndraw=40, logz=-14.52, remainder_fraction=93.4479%, Lmin=-8.37, Lmax=-4.92
19:05:00 [ultranest] [DEBUG] iteration=2078, ncalls=6903, regioncalls=273120, ndraw=40, logz=-14.51, remainder_fraction=93.3961%, Lmin=-8.36, Lmax=-4.92
19:05:00 [ultranest] [DEBUG] iteration=2079, ncalls=6911, regioncalls=273440, ndraw=40, logz=-14.51, remainder_fraction=93.3441%, Lmin=-8.36, Lmax=-4.92
19:05:01 [ultranest] [DEBUG] iteration=2080, ncalls=6921, regioncalls=273840, ndraw=40, logz=-14.50, remainder_fraction=93.2951%, Lmin=-8.36, Lmax=-4.92
19:05:01 [ultranest] [DEBUG] iteration=2082, ncalls=6924, regioncalls=273960, ndraw=40, logz=-14.49, remainder_fraction=93.2109%, Lmin=-8.35, Lmax=-4.92
19:05:01 [ultranest] [DEBUG] iteration=2084, ncalls=6929, regioncalls=274160, ndraw=40, logz=-14.47, remainder_fraction=93.1320%, Lmin=-8.34, Lmax=-4.92
19:05:01 [ultranest] [DEBUG] iteration=2085, ncalls=6935, regioncalls=274400, ndraw=40, logz=-14.47, remainder_fraction=93.0831%, Lmin=-8.34, Lmax=-4.92
19:05:02 [ultranest] [DEBUG] iteration=2086, ncalls=6946, regioncalls=275200, ndraw=40, logz=-14.46, remainder_fraction=93.0504%, Lmin=-8.34, Lmax=-4.92
19:05:02 [ultranest] [DEBUG] iteration=2087, ncalls=6950, regioncalls=275360, ndraw=40, logz=-14.46, remainder_fraction=93.0068%, Lmin=-8.33, Lmax=-4.92
19:05:02 [ultranest] [DEBUG] iteration=2088, ncalls=6957, regioncalls=275640, ndraw=40, logz=-14.45, remainder_fraction=92.9534%, Lmin=-8.33, Lmax=-4.92
19:05:02 [ultranest] [DEBUG] iteration=2089, ncalls=6962, regioncalls=275840, ndraw=40, logz=-14.44, remainder_fraction=92.8985%, Lmin=-8.32, Lmax=-4.92
19:05:03 [ultranest] [DEBUG] iteration=2091, ncalls=6968, regioncalls=276080, ndraw=40, logz=-14.43, remainder_fraction=92.7990%, Lmin=-8.31, Lmax=-4.92
19:05:03 [ultranest] [DEBUG] iteration=2092, ncalls=6980, regioncalls=276800, ndraw=40, logz=-14.42, remainder_fraction=92.7422%, Lmin=-8.30, Lmax=-4.92
19:05:03 [ultranest] [DEBUG] iteration=2093, ncalls=6985, regioncalls=277040, ndraw=40, logz=-14.42, remainder_fraction=92.7052%, Lmin=-8.30, Lmax=-4.92
19:05:04 [ultranest] [DEBUG] iteration=2095, ncalls=6996, regioncalls=277880, ndraw=40, logz=-14.41, remainder_fraction=92.6410%, Lmin=-8.30, Lmax=-4.92
19:05:04 [ultranest] [DEBUG] iteration=2096, ncalls=7012, regioncalls=278760, ndraw=40, logz=-14.40, remainder_fraction=92.5913%, Lmin=-8.30, Lmax=-4.92
19:05:04 [ultranest] [DEBUG] iteration=2098, ncalls=7018, regioncalls=279120, ndraw=40, logz=-14.39, remainder_fraction=92.4831%, Lmin=-8.29, Lmax=-4.92
19:05:05 [ultranest] [DEBUG] iteration=2100, ncalls=7024, regioncalls=279360, ndraw=40, logz=-14.38, remainder_fraction=92.3947%, Lmin=-8.28, Lmax=-4.92
19:05:05 [ultranest] [DEBUG] iteration=2101, ncalls=7031, regioncalls=279640, ndraw=40, logz=-14.37, remainder_fraction=92.3518%, Lmin=-8.27, Lmax=-4.92
19:05:05 [ultranest] [DEBUG] iteration=2102, ncalls=7036, regioncalls=279880, ndraw=40, logz=-14.37, remainder_fraction=92.3362%, Lmin=-8.27, Lmax=-4.92
19:05:05 [ultranest] [DEBUG] iteration=2103, ncalls=7043, regioncalls=280160, ndraw=40, logz=-14.36, remainder_fraction=92.2817%, Lmin=-8.27, Lmax=-4.92
19:05:06 [ultranest] [DEBUG] iteration=2104, ncalls=7053, regioncalls=280760, ndraw=40, logz=-14.35, remainder_fraction=92.2243%, Lmin=-8.24, Lmax=-4.92
19:05:06 [ultranest] [DEBUG] iteration=2105, ncalls=7058, regioncalls=281000, ndraw=40, logz=-14.35, remainder_fraction=92.1921%, Lmin=-8.24, Lmax=-4.92
19:05:06 [ultranest] [DEBUG] iteration=2108, ncalls=7063, regioncalls=281200, ndraw=40, logz=-14.33, remainder_fraction=92.0347%, Lmin=-8.23, Lmax=-4.92
19:05:06 [ultranest] [DEBUG] iteration=2109, ncalls=7067, regioncalls=281360, ndraw=40, logz=-14.33, remainder_fraction=92.0004%, Lmin=-8.23, Lmax=-4.92
19:05:06 [ultranest] [DEBUG] iteration=2110, ncalls=7076, regioncalls=281720, ndraw=40, logz=-14.32, remainder_fraction=91.9482%, Lmin=-8.22, Lmax=-4.92
19:05:07 [ultranest] [DEBUG] iteration=2111, ncalls=7079, regioncalls=281840, ndraw=40, logz=-14.31, remainder_fraction=91.8877%, Lmin=-8.22, Lmax=-4.92
19:05:07 [ultranest] [DEBUG] iteration=2112, ncalls=7082, regioncalls=281960, ndraw=40, logz=-14.31, remainder_fraction=91.8366%, Lmin=-8.21, Lmax=-4.92
19:05:07 [ultranest] [DEBUG] iteration=2113, ncalls=7091, regioncalls=282640, ndraw=40, logz=-14.30, remainder_fraction=91.7819%, Lmin=-8.19, Lmax=-4.92
19:05:07 [ultranest] [DEBUG] iteration=2114, ncalls=7095, regioncalls=282800, ndraw=40, logz=-14.30, remainder_fraction=91.7209%, Lmin=-8.19, Lmax=-4.92
19:05:07 [ultranest] [DEBUG] iteration=2116, ncalls=7098, regioncalls=282920, ndraw=40, logz=-14.29, remainder_fraction=91.6005%, Lmin=-8.18, Lmax=-4.92
19:05:08 [ultranest] [DEBUG] iteration=2117, ncalls=7133, regioncalls=284800, ndraw=40, logz=-14.28, remainder_fraction=91.5434%, Lmin=-8.18, Lmax=-4.92
19:05:09 [ultranest] [DEBUG] iteration=2118, ncalls=7141, regioncalls=285120, ndraw=40, logz=-14.27, remainder_fraction=91.4833%, Lmin=-8.17, Lmax=-4.92
19:05:09 [ultranest] [DEBUG] iteration=2120, ncalls=7144, regioncalls=285240, ndraw=40, logz=-14.26, remainder_fraction=91.3760%, Lmin=-8.17, Lmax=-4.92
19:05:09 [ultranest] [DEBUG] iteration=2122, ncalls=7149, regioncalls=285480, ndraw=40, logz=-14.25, remainder_fraction=91.2596%, Lmin=-8.17, Lmax=-4.92
19:05:09 [ultranest] [DEBUG] iteration=2123, ncalls=7157, regioncalls=286200, ndraw=40, logz=-14.25, remainder_fraction=91.2012%, Lmin=-8.17, Lmax=-4.92
19:05:09 [ultranest] [DEBUG] iteration=2124, ncalls=7160, regioncalls=286480, ndraw=40, logz=-14.24, remainder_fraction=91.1465%, Lmin=-8.17, Lmax=-4.92
19:05:11 [ultranest] [DEBUG] iteration=2125, ncalls=7193, regioncalls=287960, ndraw=40, logz=-14.24, remainder_fraction=91.0836%, Lmin=-8.17, Lmax=-4.92
19:05:11 [ultranest] [DEBUG] iteration=2127, ncalls=7200, regioncalls=288240, ndraw=40, logz=-14.23, remainder_fraction=90.9894%, Lmin=-8.16, Lmax=-4.92
19:05:11 [ultranest] [DEBUG] iteration=2128, ncalls=7212, regioncalls=288840, ndraw=40, logz=-14.22, remainder_fraction=90.9349%, Lmin=-8.15, Lmax=-4.92
19:05:11 [ultranest] [DEBUG] iteration=2130, ncalls=7217, regioncalls=289040, ndraw=40, logz=-14.21, remainder_fraction=90.8332%, Lmin=-8.15, Lmax=-4.92
19:05:12 [ultranest] [DEBUG] iteration=2131, ncalls=7223, regioncalls=289280, ndraw=40, logz=-14.20, remainder_fraction=90.7973%, Lmin=-8.13, Lmax=-4.92
19:05:12 [ultranest] [DEBUG] iteration=2133, ncalls=7238, regioncalls=289880, ndraw=40, logz=-14.19, remainder_fraction=90.6810%, Lmin=-8.12, Lmax=-4.92
19:05:13 [ultranest] [DEBUG] iteration=2134, ncalls=7249, regioncalls=290320, ndraw=40, logz=-14.19, remainder_fraction=90.6396%, Lmin=-8.12, Lmax=-4.92
19:05:13 [ultranest] [DEBUG] iteration=2135, ncalls=7258, regioncalls=290800, ndraw=40, logz=-14.18, remainder_fraction=90.5749%, Lmin=-8.12, Lmax=-4.92
19:05:13 [ultranest] [DEBUG] iteration=2136, ncalls=7267, regioncalls=291160, ndraw=40, logz=-14.18, remainder_fraction=90.5196%, Lmin=-8.12, Lmax=-4.92
19:05:13 [ultranest] [DEBUG] iteration=2137, ncalls=7270, regioncalls=291320, ndraw=40, logz=-14.17, remainder_fraction=90.4978%, Lmin=-8.11, Lmax=-4.92
19:05:14 [ultranest] [DEBUG] iteration=2138, ncalls=7274, regioncalls=291520, ndraw=40, logz=-14.17, remainder_fraction=90.4394%, Lmin=-8.11, Lmax=-4.92
19:05:14 [ultranest] [DEBUG] iteration=2140, ncalls=7288, regioncalls=292240, ndraw=40, logz=-14.16, remainder_fraction=90.3267%, Lmin=-8.10, Lmax=-4.92
19:05:14 [ultranest] [DEBUG] iteration=2141, ncalls=7293, regioncalls=292520, ndraw=40, logz=-14.15, remainder_fraction=90.2685%, Lmin=-8.09, Lmax=-4.92
19:05:14 [ultranest] [DEBUG] iteration=2142, ncalls=7296, regioncalls=292640, ndraw=40, logz=-14.15, remainder_fraction=90.2097%, Lmin=-8.09, Lmax=-4.92
19:05:15 [ultranest] [DEBUG] iteration=2144, ncalls=7303, regioncalls=293000, ndraw=40, logz=-14.14, remainder_fraction=90.0820%, Lmin=-8.08, Lmax=-4.92
19:05:15 [ultranest] [DEBUG] iteration=2146, ncalls=7308, regioncalls=293200, ndraw=40, logz=-14.13, remainder_fraction=90.0328%, Lmin=-8.06, Lmax=-4.92
19:05:15 [ultranest] [DEBUG] iteration=2147, ncalls=7314, regioncalls=293640, ndraw=40, logz=-14.12, remainder_fraction=89.9856%, Lmin=-8.05, Lmax=-4.92
19:05:15 [ultranest] [DEBUG] iteration=2149, ncalls=7320, regioncalls=293960, ndraw=40, logz=-14.11, remainder_fraction=89.8932%, Lmin=-8.03, Lmax=-4.92
19:05:16 [ultranest] [DEBUG] iteration=2150, ncalls=7331, regioncalls=294400, ndraw=40, logz=-14.11, remainder_fraction=89.8401%, Lmin=-8.03, Lmax=-4.92
19:05:16 [ultranest] [DEBUG] iteration=2153, ncalls=7341, regioncalls=294800, ndraw=40, logz=-14.09, remainder_fraction=89.6494%, Lmin=-8.01, Lmax=-4.92
19:05:16 [ultranest] [DEBUG] iteration=2155, ncalls=7357, regioncalls=295560, ndraw=40, logz=-14.08, remainder_fraction=89.5297%, Lmin=-8.00, Lmax=-4.92
19:05:17 [ultranest] [DEBUG] iteration=2156, ncalls=7360, regioncalls=295680, ndraw=40, logz=-14.08, remainder_fraction=89.4616%, Lmin=-8.00, Lmax=-4.92
19:05:17 [ultranest] [DEBUG] iteration=2157, ncalls=7367, regioncalls=295960, ndraw=40, logz=-14.07, remainder_fraction=89.4034%, Lmin=-8.00, Lmax=-4.92
19:05:17 [ultranest] [DEBUG] iteration=2158, ncalls=7371, regioncalls=296120, ndraw=40, logz=-14.07, remainder_fraction=89.3643%, Lmin=-7.99, Lmax=-4.92
19:05:17 [ultranest] [DEBUG] iteration=2159, ncalls=7377, regioncalls=296360, ndraw=40, logz=-14.06, remainder_fraction=89.3412%, Lmin=-7.99, Lmax=-4.92
19:05:17 [ultranest] [DEBUG] iteration=2160, ncalls=7380, regioncalls=296520, ndraw=40, logz=-14.06, remainder_fraction=89.2770%, Lmin=-7.98, Lmax=-4.92
19:05:17 [ultranest] [DEBUG] iteration=2161, ncalls=7384, regioncalls=296680, ndraw=40, logz=-14.05, remainder_fraction=89.2534%, Lmin=-7.98, Lmax=-4.92
19:05:18 [ultranest] [DEBUG] iteration=2163, ncalls=7390, regioncalls=296920, ndraw=40, logz=-14.04, remainder_fraction=89.1590%, Lmin=-7.97, Lmax=-4.92
19:05:18 [ultranest] [DEBUG] iteration=2165, ncalls=7395, regioncalls=297120, ndraw=40, logz=-14.03, remainder_fraction=89.0546%, Lmin=-7.96, Lmax=-4.92
19:05:18 [ultranest] [DEBUG] iteration=2166, ncalls=7403, regioncalls=297440, ndraw=40, logz=-14.03, remainder_fraction=88.9941%, Lmin=-7.96, Lmax=-4.92
19:05:18 [ultranest] [DEBUG] iteration=2167, ncalls=7407, regioncalls=297600, ndraw=40, logz=-14.02, remainder_fraction=88.9244%, Lmin=-7.96, Lmax=-4.92
19:05:18 [ultranest] [DEBUG] iteration=2168, ncalls=7411, regioncalls=297760, ndraw=40, logz=-14.02, remainder_fraction=88.9087%, Lmin=-7.96, Lmax=-4.92
19:05:19 [ultranest] [DEBUG] iteration=2170, ncalls=7415, regioncalls=297920, ndraw=40, logz=-14.01, remainder_fraction=88.7951%, Lmin=-7.95, Lmax=-4.92
19:05:19 [ultranest] [DEBUG] iteration=2171, ncalls=7418, regioncalls=298040, ndraw=40, logz=-14.01, remainder_fraction=88.7670%, Lmin=-7.94, Lmax=-4.92
19:05:19 [ultranest] [DEBUG] iteration=2172, ncalls=7425, regioncalls=298680, ndraw=40, logz=-14.00, remainder_fraction=88.6960%, Lmin=-7.94, Lmax=-4.92
19:05:19 [ultranest] [DEBUG] iteration=2173, ncalls=7428, regioncalls=298800, ndraw=40, logz=-14.00, remainder_fraction=88.6304%, Lmin=-7.94, Lmax=-4.92
19:05:19 [ultranest] [DEBUG] iteration=2176, ncalls=7431, regioncalls=298920, ndraw=40, logz=-13.98, remainder_fraction=88.4344%, Lmin=-7.92, Lmax=-4.92
19:05:19 [ultranest] [DEBUG] iteration=2179, ncalls=7436, regioncalls=299120, ndraw=40, logz=-13.97, remainder_fraction=88.2497%, Lmin=-7.92, Lmax=-4.92
19:05:20 [ultranest] [DEBUG] iteration=2180, ncalls=7441, regioncalls=299320, ndraw=40, logz=-13.96, remainder_fraction=88.1809%, Lmin=-7.91, Lmax=-4.92
19:05:20 [ultranest] [DEBUG] iteration=2181, ncalls=7445, regioncalls=299480, ndraw=40, logz=-13.96, remainder_fraction=88.1168%, Lmin=-7.90, Lmax=-4.92
19:05:20 [ultranest] [DEBUG] iteration=2182, ncalls=7449, regioncalls=299640, ndraw=40, logz=-13.95, remainder_fraction=88.0604%, Lmin=-7.90, Lmax=-4.92
19:05:20 [ultranest] [DEBUG] iteration=2184, ncalls=7459, regioncalls=300040, ndraw=40, logz=-13.95, remainder_fraction=87.9371%, Lmin=-7.89, Lmax=-4.92
19:05:20 [ultranest] [DEBUG] iteration=2186, ncalls=7463, regioncalls=300200, ndraw=40, logz=-13.94, remainder_fraction=87.8075%, Lmin=-7.89, Lmax=-4.92
19:05:21 [ultranest] [DEBUG] iteration=2187, ncalls=7470, regioncalls=300480, ndraw=40, logz=-13.93, remainder_fraction=87.7876%, Lmin=-7.89, Lmax=-4.92
19:05:21 [ultranest] [DEBUG] iteration=2189, ncalls=7478, regioncalls=300800, ndraw=40, logz=-13.92, remainder_fraction=87.6614%, Lmin=-7.88, Lmax=-4.92
19:05:21 [ultranest] [DEBUG] iteration=2190, ncalls=7484, regioncalls=301040, ndraw=40, logz=-13.92, remainder_fraction=87.5971%, Lmin=-7.88, Lmax=-4.92
19:05:21 [ultranest] [DEBUG] iteration=2192, ncalls=7492, regioncalls=301360, ndraw=40, logz=-13.91, remainder_fraction=87.4681%, Lmin=-7.88, Lmax=-4.92
19:05:21 [ultranest] [DEBUG] iteration=2193, ncalls=7495, regioncalls=301480, ndraw=40, logz=-13.91, remainder_fraction=87.4156%, Lmin=-7.87, Lmax=-4.92
19:05:22 [ultranest] [DEBUG] iteration=2195, ncalls=7499, regioncalls=301640, ndraw=40, logz=-13.90, remainder_fraction=87.3290%, Lmin=-7.86, Lmax=-4.92
19:05:22 [ultranest] [DEBUG] iteration=2197, ncalls=7507, regioncalls=301960, ndraw=40, logz=-13.89, remainder_fraction=87.2066%, Lmin=-7.86, Lmax=-4.92
19:05:22 [ultranest] [DEBUG] iteration=2198, ncalls=7511, regioncalls=302120, ndraw=40, logz=-13.88, remainder_fraction=87.1860%, Lmin=-7.86, Lmax=-4.92
19:05:22 [ultranest] [DEBUG] iteration=2199, ncalls=7519, regioncalls=302440, ndraw=40, logz=-13.88, remainder_fraction=87.1316%, Lmin=-7.86, Lmax=-4.92
19:05:22 [ultranest] [DEBUG] iteration=2200, ncalls=7522, regioncalls=302560, ndraw=40, logz=-13.88, remainder_fraction=87.0641%, Lmin=-7.85, Lmax=-4.92
19:05:23 [ultranest] [DEBUG] iteration=2202, ncalls=7525, regioncalls=302680, ndraw=40, logz=-13.87, remainder_fraction=86.9479%, Lmin=-7.84, Lmax=-4.92
19:05:23 [ultranest] [DEBUG] iteration=2203, ncalls=7534, regioncalls=303240, ndraw=40, logz=-13.86, remainder_fraction=86.8827%, Lmin=-7.84, Lmax=-4.92
19:05:23 [ultranest] [DEBUG] iteration=2206, ncalls=7537, regioncalls=303360, ndraw=40, logz=-13.85, remainder_fraction=86.6689%, Lmin=-7.83, Lmax=-4.92
19:05:23 [ultranest] [DEBUG] iteration=2208, ncalls=7543, regioncalls=303600, ndraw=40, logz=-13.84, remainder_fraction=86.5489%, Lmin=-7.81, Lmax=-4.92
19:05:24 [ultranest] [DEBUG] iteration=2210, ncalls=7557, regioncalls=304160, ndraw=40, logz=-13.83, remainder_fraction=86.4533%, Lmin=-7.80, Lmax=-4.92
19:05:24 [ultranest] [DEBUG] iteration=2212, ncalls=7561, regioncalls=304320, ndraw=40, logz=-13.83, remainder_fraction=86.3446%, Lmin=-7.80, Lmax=-4.92
19:05:24 [ultranest] [DEBUG] iteration=2214, ncalls=7564, regioncalls=304440, ndraw=40, logz=-13.82, remainder_fraction=86.2018%, Lmin=-7.78, Lmax=-4.92
19:05:24 [ultranest] [DEBUG] iteration=2215, ncalls=7567, regioncalls=304560, ndraw=40, logz=-13.81, remainder_fraction=86.1858%, Lmin=-7.78, Lmax=-4.92
19:05:25 [ultranest] [DEBUG] iteration=2216, ncalls=7589, regioncalls=305440, ndraw=40, logz=-13.81, remainder_fraction=86.1419%, Lmin=-7.78, Lmax=-4.92
19:05:25 [ultranest] [DEBUG] iteration=2217, ncalls=7594, regioncalls=305640, ndraw=40, logz=-13.81, remainder_fraction=86.0697%, Lmin=-7.77, Lmax=-4.92
19:05:25 [ultranest] [DEBUG] iteration=2219, ncalls=7598, regioncalls=305800, ndraw=40, logz=-13.80, remainder_fraction=86.0140%, Lmin=-7.76, Lmax=-4.92
19:05:25 [ultranest] [DEBUG] iteration=2220, ncalls=7604, regioncalls=306040, ndraw=40, logz=-13.79, remainder_fraction=85.9386%, Lmin=-7.76, Lmax=-4.92
19:05:26 [ultranest] [DEBUG] iteration=2221, ncalls=7616, regioncalls=306520, ndraw=40, logz=-13.79, remainder_fraction=85.9098%, Lmin=-7.76, Lmax=-4.92
19:05:26 [ultranest] [DEBUG] iteration=2222, ncalls=7620, regioncalls=306680, ndraw=40, logz=-13.79, remainder_fraction=85.8388%, Lmin=-7.75, Lmax=-4.92
19:05:26 [ultranest] [DEBUG] iteration=2224, ncalls=7623, regioncalls=306800, ndraw=40, logz=-13.78, remainder_fraction=85.6946%, Lmin=-7.74, Lmax=-4.92
19:05:26 [ultranest] [DEBUG] iteration=2225, ncalls=7633, regioncalls=307440, ndraw=40, logz=-13.77, remainder_fraction=85.6594%, Lmin=-7.73, Lmax=-4.92
19:05:27 [ultranest] [DEBUG] iteration=2227, ncalls=7636, regioncalls=307560, ndraw=40, logz=-13.76, remainder_fraction=85.5159%, Lmin=-7.72, Lmax=-4.92
19:05:27 [ultranest] [DEBUG] iteration=2228, ncalls=7646, regioncalls=308000, ndraw=40, logz=-13.76, remainder_fraction=85.4874%, Lmin=-7.72, Lmax=-4.92
19:05:27 [ultranest] [DEBUG] iteration=2230, ncalls=7651, regioncalls=308200, ndraw=40, logz=-13.75, remainder_fraction=85.4045%, Lmin=-7.71, Lmax=-4.92
19:05:27 [ultranest] [DEBUG] iteration=2231, ncalls=7655, regioncalls=308360, ndraw=40, logz=-13.75, remainder_fraction=85.3263%, Lmin=-7.71, Lmax=-4.92
19:05:27 [ultranest] [DEBUG] iteration=2232, ncalls=7660, regioncalls=308560, ndraw=40, logz=-13.75, remainder_fraction=85.2564%, Lmin=-7.70, Lmax=-4.92
19:05:28 [ultranest] [DEBUG] iteration=2234, ncalls=7664, regioncalls=308720, ndraw=40, logz=-13.74, remainder_fraction=85.1042%, Lmin=-7.69, Lmax=-4.92
19:05:28 [ultranest] [DEBUG] iteration=2236, ncalls=7670, regioncalls=308960, ndraw=40, logz=-13.73, remainder_fraction=84.9709%, Lmin=-7.69, Lmax=-4.92
19:05:28 [ultranest] [DEBUG] iteration=2238, ncalls=7674, regioncalls=309120, ndraw=40, logz=-13.72, remainder_fraction=84.8316%, Lmin=-7.69, Lmax=-4.92
19:05:28 [ultranest] [DEBUG] iteration=2240, ncalls=7676, regioncalls=309200, ndraw=40, logz=-13.71, remainder_fraction=84.7099%, Lmin=-7.68, Lmax=-4.92
19:05:28 [ultranest] [DEBUG] iteration=2241, ncalls=7684, regioncalls=309520, ndraw=40, logz=-13.71, remainder_fraction=84.6792%, Lmin=-7.68, Lmax=-4.92
19:05:29 [ultranest] [DEBUG] iteration=2243, ncalls=7700, regioncalls=310160, ndraw=40, logz=-13.70, remainder_fraction=84.5530%, Lmin=-7.66, Lmax=-4.92
19:05:29 [ultranest] [DEBUG] iteration=2244, ncalls=7706, regioncalls=310400, ndraw=40, logz=-13.70, remainder_fraction=84.4778%, Lmin=-7.66, Lmax=-4.92
19:05:29 [ultranest] [DEBUG] iteration=2245, ncalls=7713, regioncalls=310680, ndraw=40, logz=-13.69, remainder_fraction=84.3964%, Lmin=-7.66, Lmax=-4.92
19:05:30 [ultranest] [DEBUG] iteration=2248, ncalls=7726, regioncalls=311200, ndraw=40, logz=-13.68, remainder_fraction=84.2147%, Lmin=-7.65, Lmax=-4.92
19:05:30 [ultranest] [DEBUG] iteration=2250, ncalls=7734, regioncalls=311920, ndraw=40, logz=-13.68, remainder_fraction=84.0652%, Lmin=-7.64, Lmax=-4.92
19:05:30 [ultranest] [DEBUG] iteration=2252, ncalls=7741, regioncalls=312200, ndraw=40, logz=-13.67, remainder_fraction=83.9500%, Lmin=-7.63, Lmax=-4.92
19:05:31 [ultranest] [DEBUG] iteration=2253, ncalls=7748, regioncalls=312480, ndraw=40, logz=-13.66, remainder_fraction=83.8771%, Lmin=-7.62, Lmax=-4.92
19:05:31 [ultranest] [DEBUG] iteration=2254, ncalls=7752, regioncalls=312640, ndraw=40, logz=-13.66, remainder_fraction=83.8796%, Lmin=-7.62, Lmax=-4.92
19:05:31 [ultranest] [DEBUG] iteration=2255, ncalls=7755, regioncalls=312760, ndraw=40, logz=-13.66, remainder_fraction=83.8334%, Lmin=-7.62, Lmax=-4.92
19:05:31 [ultranest] [DEBUG] iteration=2256, ncalls=7760, regioncalls=312960, ndraw=40, logz=-13.65, remainder_fraction=83.7557%, Lmin=-7.61, Lmax=-4.92
19:05:31 [ultranest] [DEBUG] iteration=2258, ncalls=7766, regioncalls=313200, ndraw=40, logz=-13.65, remainder_fraction=83.6796%, Lmin=-7.61, Lmax=-4.92
19:05:31 [ultranest] [DEBUG] iteration=2259, ncalls=7769, regioncalls=313320, ndraw=40, logz=-13.64, remainder_fraction=83.6069%, Lmin=-7.59, Lmax=-4.92
19:05:32 [ultranest] [DEBUG] iteration=2260, ncalls=7772, regioncalls=313480, ndraw=40, logz=-13.64, remainder_fraction=83.5292%, Lmin=-7.59, Lmax=-4.92
19:05:32 [ultranest] [DEBUG] iteration=2261, ncalls=7780, regioncalls=313800, ndraw=40, logz=-13.63, remainder_fraction=83.4595%, Lmin=-7.59, Lmax=-4.92
19:05:32 [ultranest] [DEBUG] iteration=2263, ncalls=7783, regioncalls=313920, ndraw=40, logz=-13.63, remainder_fraction=83.3354%, Lmin=-7.57, Lmax=-4.92
19:05:32 [ultranest] [DEBUG] iteration=2264, ncalls=7786, regioncalls=314040, ndraw=40, logz=-13.62, remainder_fraction=83.2512%, Lmin=-7.57, Lmax=-4.92
19:05:32 [ultranest] [DEBUG] iteration=2266, ncalls=7790, regioncalls=314200, ndraw=40, logz=-13.62, remainder_fraction=83.1181%, Lmin=-7.56, Lmax=-4.92
19:05:32 [ultranest] [DEBUG] iteration=2267, ncalls=7793, regioncalls=314320, ndraw=40, logz=-13.61, remainder_fraction=83.0648%, Lmin=-7.54, Lmax=-4.92
19:05:33 [ultranest] [DEBUG] iteration=2269, ncalls=7801, regioncalls=314640, ndraw=40, logz=-13.60, remainder_fraction=82.9461%, Lmin=-7.53, Lmax=-4.92
19:05:33 [ultranest] [DEBUG] iteration=2270, ncalls=7806, regioncalls=314840, ndraw=40, logz=-13.60, remainder_fraction=82.8807%, Lmin=-7.53, Lmax=-4.92
19:05:33 [ultranest] [DEBUG] iteration=2271, ncalls=7809, regioncalls=314960, ndraw=40, logz=-13.60, remainder_fraction=82.7943%, Lmin=-7.53, Lmax=-4.92
19:05:33 [ultranest] [DEBUG] iteration=2272, ncalls=7816, regioncalls=315240, ndraw=40, logz=-13.59, remainder_fraction=82.7511%, Lmin=-7.53, Lmax=-4.92
19:05:33 [ultranest] [DEBUG] iteration=2274, ncalls=7820, regioncalls=315400, ndraw=40, logz=-13.59, remainder_fraction=82.5951%, Lmin=-7.52, Lmax=-4.92
19:05:33 [ultranest] [DEBUG] iteration=2275, ncalls=7823, regioncalls=315520, ndraw=40, logz=-13.58, remainder_fraction=82.5482%, Lmin=-7.50, Lmax=-4.92
19:05:34 [ultranest] [DEBUG] iteration=2276, ncalls=7836, regioncalls=316040, ndraw=40, logz=-13.58, remainder_fraction=82.4749%, Lmin=-7.50, Lmax=-4.92
19:05:34 [ultranest] [DEBUG] iteration=2278, ncalls=7839, regioncalls=316160, ndraw=40, logz=-13.57, remainder_fraction=82.2979%, Lmin=-7.48, Lmax=-4.92
19:05:34 [ultranest] [DEBUG] iteration=2279, ncalls=7848, regioncalls=316520, ndraw=40, logz=-13.57, remainder_fraction=82.2143%, Lmin=-7.48, Lmax=-4.92
19:05:34 [ultranest] [DEBUG] iteration=2280, ncalls=7851, regioncalls=316640, ndraw=40, logz=-13.56, remainder_fraction=82.1264%, Lmin=-7.47, Lmax=-4.92
19:05:35 [ultranest] [DEBUG] iteration=2281, ncalls=7860, regioncalls=317000, ndraw=40, logz=-13.56, remainder_fraction=82.0692%, Lmin=-7.46, Lmax=-4.92
19:05:35 [ultranest] [DEBUG] iteration=2283, ncalls=7867, regioncalls=317280, ndraw=40, logz=-13.55, remainder_fraction=81.9210%, Lmin=-7.44, Lmax=-4.92
19:05:35 [ultranest] [DEBUG] iteration=2284, ncalls=7871, regioncalls=317440, ndraw=40, logz=-13.55, remainder_fraction=81.9385%, Lmin=-7.44, Lmax=-4.92
19:05:35 [ultranest] [DEBUG] iteration=2286, ncalls=7874, regioncalls=317560, ndraw=40, logz=-13.54, remainder_fraction=81.7695%, Lmin=-7.44, Lmax=-4.92
19:05:36 [ultranest] [DEBUG] iteration=2287, ncalls=7888, regioncalls=318120, ndraw=40, logz=-13.54, remainder_fraction=81.7386%, Lmin=-7.44, Lmax=-4.92
19:05:36 [ultranest] [DEBUG] iteration=2288, ncalls=7891, regioncalls=318240, ndraw=40, logz=-13.53, remainder_fraction=81.6481%, Lmin=-7.43, Lmax=-4.92
19:05:36 [ultranest] [DEBUG] iteration=2290, ncalls=7897, regioncalls=318480, ndraw=40, logz=-13.53, remainder_fraction=81.4911%, Lmin=-7.43, Lmax=-4.92
19:05:36 [ultranest] [DEBUG] iteration=2291, ncalls=7905, regioncalls=318800, ndraw=40, logz=-13.52, remainder_fraction=81.4410%, Lmin=-7.43, Lmax=-4.92
19:05:36 [ultranest] [DEBUG] iteration=2294, ncalls=7909, regioncalls=318960, ndraw=40, logz=-13.51, remainder_fraction=81.2541%, Lmin=-7.40, Lmax=-4.92
19:05:37 [ultranest] [DEBUG] iteration=2295, ncalls=7918, regioncalls=319400, ndraw=40, logz=-13.51, remainder_fraction=81.1661%, Lmin=-7.40, Lmax=-4.92
19:05:37 [ultranest] [DEBUG] iteration=2296, ncalls=7928, regioncalls=319800, ndraw=40, logz=-13.51, remainder_fraction=81.1472%, Lmin=-7.40, Lmax=-4.92
19:05:37 [ultranest] [DEBUG] iteration=2297, ncalls=7939, regioncalls=320240, ndraw=40, logz=-13.50, remainder_fraction=81.0577%, Lmin=-7.40, Lmax=-4.92
19:05:38 [ultranest] [DEBUG] iteration=2298, ncalls=7950, regioncalls=320680, ndraw=40, logz=-13.50, remainder_fraction=81.0130%, Lmin=-7.40, Lmax=-4.92
19:05:38 [ultranest] [DEBUG] iteration=2299, ncalls=7955, regioncalls=320880, ndraw=40, logz=-13.50, remainder_fraction=80.9215%, Lmin=-7.40, Lmax=-4.92
19:05:38 [ultranest] [DEBUG] iteration=2300, ncalls=7958, regioncalls=321000, ndraw=40, logz=-13.49, remainder_fraction=80.8281%, Lmin=-7.40, Lmax=-4.92
19:05:39 [ultranest] [DEBUG] iteration=2302, ncalls=7973, regioncalls=321600, ndraw=40, logz=-13.48, remainder_fraction=80.8148%, Lmin=-7.39, Lmax=-4.92
19:05:39 [ultranest] [DEBUG] iteration=2304, ncalls=7979, regioncalls=322000, ndraw=40, logz=-13.48, remainder_fraction=80.6874%, Lmin=-7.39, Lmax=-4.92
19:05:39 [ultranest] [DEBUG] iteration=2305, ncalls=7992, regioncalls=322760, ndraw=40, logz=-13.47, remainder_fraction=80.6286%, Lmin=-7.39, Lmax=-4.92
19:05:40 [ultranest] [DEBUG] iteration=2306, ncalls=7998, regioncalls=323000, ndraw=40, logz=-13.47, remainder_fraction=80.5498%, Lmin=-7.39, Lmax=-4.92
19:05:40 [ultranest] [DEBUG] iteration=2308, ncalls=8007, regioncalls=323360, ndraw=40, logz=-13.46, remainder_fraction=80.3848%, Lmin=-7.38, Lmax=-4.92
19:05:40 [ultranest] [DEBUG] iteration=2310, ncalls=8011, regioncalls=323520, ndraw=40, logz=-13.46, remainder_fraction=80.2844%, Lmin=-7.38, Lmax=-4.92
19:05:40 [ultranest] [DEBUG] iteration=2313, ncalls=8018, regioncalls=323800, ndraw=40, logz=-13.45, remainder_fraction=80.0773%, Lmin=-7.37, Lmax=-4.92
19:05:41 [ultranest] [DEBUG] iteration=2314, ncalls=8023, regioncalls=324000, ndraw=40, logz=-13.44, remainder_fraction=79.9988%, Lmin=-7.36, Lmax=-4.92
19:05:41 [ultranest] [DEBUG] iteration=2316, ncalls=8034, regioncalls=324440, ndraw=40, logz=-13.44, remainder_fraction=79.8896%, Lmin=-7.35, Lmax=-4.92
19:05:41 [ultranest] [DEBUG] iteration=2319, ncalls=8042, regioncalls=324760, ndraw=40, logz=-13.43, remainder_fraction=79.6756%, Lmin=-7.34, Lmax=-4.92
19:05:41 [ultranest] [DEBUG] iteration=2320, ncalls=8043, regioncalls=324800, ndraw=40, logz=-13.42, remainder_fraction=79.5861%, Lmin=-7.34, Lmax=-4.92
19:05:41 [ultranest] [DEBUG] iteration=2322, ncalls=8046, regioncalls=324920, ndraw=40, logz=-13.42, remainder_fraction=79.4632%, Lmin=-7.34, Lmax=-4.92
19:05:41 [ultranest] [DEBUG] iteration=2323, ncalls=8050, regioncalls=325080, ndraw=40, logz=-13.41, remainder_fraction=79.3783%, Lmin=-7.33, Lmax=-4.92
19:05:42 [ultranest] [DEBUG] iteration=2325, ncalls=8055, regioncalls=325280, ndraw=40, logz=-13.41, remainder_fraction=79.2625%, Lmin=-7.33, Lmax=-4.92
19:05:42 [ultranest] [DEBUG] iteration=2326, ncalls=8058, regioncalls=325400, ndraw=40, logz=-13.40, remainder_fraction=79.1705%, Lmin=-7.32, Lmax=-4.92
19:05:42 [ultranest] [DEBUG] iteration=2327, ncalls=8061, regioncalls=325520, ndraw=40, logz=-13.40, remainder_fraction=79.0952%, Lmin=-7.32, Lmax=-4.92
19:05:42 [ultranest] [DEBUG] iteration=2328, ncalls=8067, regioncalls=325760, ndraw=40, logz=-13.40, remainder_fraction=79.0493%, Lmin=-7.32, Lmax=-4.92
19:05:42 [ultranest] [DEBUG] iteration=2329, ncalls=8071, regioncalls=325920, ndraw=40, logz=-13.39, remainder_fraction=78.9907%, Lmin=-7.32, Lmax=-4.92
19:05:42 [ultranest] [DEBUG] iteration=2330, ncalls=8074, regioncalls=326040, ndraw=40, logz=-13.39, remainder_fraction=78.8995%, Lmin=-7.32, Lmax=-4.92
19:05:43 [ultranest] [DEBUG] iteration=2332, ncalls=8084, regioncalls=326440, ndraw=40, logz=-13.38, remainder_fraction=78.7690%, Lmin=-7.31, Lmax=-4.92
19:05:44 [ultranest] [DEBUG] iteration=2333, ncalls=8113, regioncalls=327600, ndraw=40, logz=-13.38, remainder_fraction=78.7163%, Lmin=-7.31, Lmax=-4.92
19:05:44 [ultranest] [DEBUG] iteration=2335, ncalls=8124, regioncalls=328040, ndraw=40, logz=-13.38, remainder_fraction=78.5329%, Lmin=-7.30, Lmax=-4.92
19:05:44 [ultranest] [DEBUG] iteration=2336, ncalls=8130, regioncalls=328280, ndraw=40, logz=-13.37, remainder_fraction=78.5054%, Lmin=-7.30, Lmax=-4.92
19:05:44 [ultranest] [DEBUG] iteration=2339, ncalls=8133, regioncalls=328400, ndraw=40, logz=-13.36, remainder_fraction=78.2576%, Lmin=-7.29, Lmax=-4.92
19:05:45 [ultranest] [DEBUG] iteration=2340, ncalls=8146, regioncalls=329000, ndraw=40, logz=-13.36, remainder_fraction=78.1646%, Lmin=-7.29, Lmax=-4.92
19:05:45 [ultranest] [DEBUG] iteration=2341, ncalls=8150, regioncalls=329160, ndraw=40, logz=-13.36, remainder_fraction=78.1838%, Lmin=-7.29, Lmax=-4.92
19:05:45 [ultranest] [DEBUG] iteration=2343, ncalls=8159, regioncalls=329560, ndraw=40, logz=-13.35, remainder_fraction=78.0947%, Lmin=-7.28, Lmax=-4.92
19:05:46 [ultranest] [DEBUG] iteration=2344, ncalls=8165, regioncalls=329800, ndraw=40, logz=-13.35, remainder_fraction=78.0260%, Lmin=-7.28, Lmax=-4.92
19:05:46 [ultranest] [DEBUG] iteration=2345, ncalls=8168, regioncalls=329920, ndraw=40, logz=-13.34, remainder_fraction=77.9337%, Lmin=-7.28, Lmax=-4.92
19:05:46 [ultranest] [DEBUG] iteration=2346, ncalls=8172, regioncalls=330080, ndraw=40, logz=-13.34, remainder_fraction=77.8507%, Lmin=-7.26, Lmax=-4.92
19:05:46 [ultranest] [DEBUG] iteration=2348, ncalls=8175, regioncalls=330200, ndraw=40, logz=-13.33, remainder_fraction=77.7163%, Lmin=-7.25, Lmax=-4.92
19:05:46 [ultranest] [DEBUG] iteration=2349, ncalls=8180, regioncalls=330400, ndraw=40, logz=-13.33, remainder_fraction=77.6997%, Lmin=-7.25, Lmax=-4.92
19:05:46 [ultranest] [DEBUG] iteration=2350, ncalls=8186, regioncalls=330640, ndraw=40, logz=-13.33, remainder_fraction=77.6344%, Lmin=-7.25, Lmax=-4.92
19:05:47 [ultranest] [DEBUG] iteration=2352, ncalls=8191, regioncalls=330840, ndraw=40, logz=-13.32, remainder_fraction=77.4598%, Lmin=-7.24, Lmax=-4.92
19:05:47 [ultranest] [DEBUG] iteration=2354, ncalls=8195, regioncalls=331000, ndraw=40, logz=-13.32, remainder_fraction=77.3096%, Lmin=-7.23, Lmax=-4.92
19:05:47 [ultranest] [DEBUG] iteration=2357, ncalls=8202, regioncalls=331280, ndraw=40, logz=-13.31, remainder_fraction=77.1093%, Lmin=-7.22, Lmax=-4.92
19:05:47 [ultranest] [DEBUG] iteration=2358, ncalls=8205, regioncalls=331400, ndraw=40, logz=-13.30, remainder_fraction=77.0151%, Lmin=-7.22, Lmax=-4.92
19:05:47 [ultranest] [DEBUG] iteration=2359, ncalls=8214, regioncalls=331760, ndraw=40, logz=-13.30, remainder_fraction=76.9254%, Lmin=-7.22, Lmax=-4.92
19:05:47 [ultranest] [DEBUG] iteration=2360, ncalls=8218, regioncalls=331960, ndraw=40, logz=-13.30, remainder_fraction=76.9119%, Lmin=-7.22, Lmax=-4.92
19:05:48 [ultranest] [DEBUG] iteration=2362, ncalls=8222, regioncalls=332120, ndraw=40, logz=-13.29, remainder_fraction=76.7225%, Lmin=-7.21, Lmax=-4.92
19:05:48 [ultranest] [DEBUG] iteration=2363, ncalls=8232, regioncalls=332520, ndraw=40, logz=-13.29, remainder_fraction=76.6275%, Lmin=-7.19, Lmax=-4.92
19:05:48 [ultranest] [DEBUG] iteration=2364, ncalls=8239, regioncalls=332800, ndraw=40, logz=-13.29, remainder_fraction=76.5290%, Lmin=-7.19, Lmax=-4.92
19:05:48 [ultranest] [DEBUG] iteration=2365, ncalls=8242, regioncalls=332920, ndraw=40, logz=-13.28, remainder_fraction=76.4364%, Lmin=-7.19, Lmax=-4.92
19:05:49 [ultranest] [DEBUG] iteration=2366, ncalls=8250, regioncalls=333240, ndraw=40, logz=-13.28, remainder_fraction=76.3812%, Lmin=-7.19, Lmax=-4.92
19:05:49 [ultranest] [DEBUG] iteration=2367, ncalls=8254, regioncalls=333400, ndraw=40, logz=-13.28, remainder_fraction=76.3133%, Lmin=-7.18, Lmax=-4.92
19:05:49 [ultranest] [DEBUG] iteration=2368, ncalls=8258, regioncalls=333560, ndraw=40, logz=-13.27, remainder_fraction=76.2270%, Lmin=-7.18, Lmax=-4.92
19:05:49 [ultranest] [DEBUG] iteration=2370, ncalls=8262, regioncalls=333720, ndraw=40, logz=-13.27, remainder_fraction=76.0441%, Lmin=-7.17, Lmax=-4.92
19:05:49 [ultranest] [DEBUG] iteration=2372, ncalls=8269, regioncalls=334000, ndraw=40, logz=-13.26, remainder_fraction=75.8656%, Lmin=-7.16, Lmax=-4.92
19:05:49 [ultranest] [DEBUG] iteration=2374, ncalls=8272, regioncalls=334120, ndraw=40, logz=-13.26, remainder_fraction=75.6671%, Lmin=-7.16, Lmax=-4.92
19:05:50 [ultranest] [DEBUG] iteration=2376, ncalls=8283, regioncalls=334560, ndraw=40, logz=-13.25, remainder_fraction=75.5040%, Lmin=-7.15, Lmax=-4.92
19:05:50 [ultranest] [DEBUG] iteration=2377, ncalls=8290, regioncalls=334840, ndraw=40, logz=-13.25, remainder_fraction=75.4178%, Lmin=-7.15, Lmax=-4.92
19:05:50 [ultranest] [DEBUG] iteration=2379, ncalls=8296, regioncalls=335080, ndraw=40, logz=-13.24, remainder_fraction=75.2682%, Lmin=-7.14, Lmax=-4.92
19:05:50 [ultranest] [DEBUG] iteration=2381, ncalls=8302, regioncalls=335320, ndraw=40, logz=-13.24, remainder_fraction=75.1048%, Lmin=-7.14, Lmax=-4.92
19:05:51 [ultranest] [DEBUG] iteration=2382, ncalls=8305, regioncalls=335440, ndraw=40, logz=-13.23, remainder_fraction=75.0145%, Lmin=-7.13, Lmax=-4.92
19:05:51 [ultranest] [DEBUG] iteration=2384, ncalls=8309, regioncalls=335600, ndraw=40, logz=-13.23, remainder_fraction=74.9354%, Lmin=-7.13, Lmax=-4.92
19:05:51 [ultranest] [DEBUG] iteration=2385, ncalls=8314, regioncalls=335800, ndraw=40, logz=-13.22, remainder_fraction=74.8588%, Lmin=-7.13, Lmax=-4.92
19:05:51 [ultranest] [DEBUG] iteration=2386, ncalls=8318, regioncalls=335960, ndraw=40, logz=-13.22, remainder_fraction=74.8779%, Lmin=-7.12, Lmax=-4.92
19:05:51 [ultranest] [DEBUG] iteration=2387, ncalls=8322, regioncalls=336120, ndraw=40, logz=-13.22, remainder_fraction=74.7850%, Lmin=-7.12, Lmax=-4.92
19:05:51 [ultranest] [DEBUG] iteration=2388, ncalls=8330, regioncalls=336440, ndraw=40, logz=-13.22, remainder_fraction=74.6904%, Lmin=-7.12, Lmax=-4.92
19:05:52 [ultranest] [DEBUG] iteration=2389, ncalls=8336, regioncalls=336680, ndraw=40, logz=-13.21, remainder_fraction=74.6431%, Lmin=-7.11, Lmax=-4.92
19:05:52 [ultranest] [DEBUG] iteration=2391, ncalls=8354, regioncalls=337440, ndraw=40, logz=-13.21, remainder_fraction=74.4514%, Lmin=-7.11, Lmax=-4.92
19:05:53 [ultranest] [DEBUG] iteration=2392, ncalls=8368, regioncalls=338000, ndraw=40, logz=-13.20, remainder_fraction=74.3634%, Lmin=-7.11, Lmax=-4.92
19:05:53 [ultranest] [DEBUG] iteration=2394, ncalls=8379, regioncalls=338640, ndraw=40, logz=-13.20, remainder_fraction=74.2129%, Lmin=-7.09, Lmax=-4.92
19:05:53 [ultranest] [DEBUG] iteration=2395, ncalls=8384, regioncalls=338840, ndraw=40, logz=-13.20, remainder_fraction=74.1488%, Lmin=-7.09, Lmax=-4.92
19:05:54 [ultranest] [DEBUG] iteration=2396, ncalls=8388, regioncalls=339000, ndraw=40, logz=-13.19, remainder_fraction=74.0483%, Lmin=-7.09, Lmax=-4.92
19:05:54 [ultranest] [DEBUG] iteration=2397, ncalls=8396, regioncalls=339320, ndraw=40, logz=-13.19, remainder_fraction=73.9739%, Lmin=-7.09, Lmax=-4.92
19:05:54 [ultranest] [DEBUG] iteration=2399, ncalls=8400, regioncalls=339480, ndraw=40, logz=-13.19, remainder_fraction=73.7740%, Lmin=-7.08, Lmax=-4.92
19:05:54 [ultranest] [DEBUG] iteration=2400, ncalls=8410, regioncalls=339880, ndraw=40, logz=-13.18, remainder_fraction=73.7021%, Lmin=-7.08, Lmax=-4.92
19:05:54 [ultranest] [DEBUG] iteration=2401, ncalls=8415, regioncalls=340080, ndraw=40, logz=-13.18, remainder_fraction=73.6613%, Lmin=-7.08, Lmax=-4.92
19:05:55 [ultranest] [DEBUG] iteration=2402, ncalls=8419, regioncalls=340240, ndraw=40, logz=-13.18, remainder_fraction=73.5665%, Lmin=-7.08, Lmax=-4.92
19:05:55 [ultranest] [DEBUG] iteration=2403, ncalls=8427, regioncalls=340600, ndraw=40, logz=-13.17, remainder_fraction=73.4726%, Lmin=-7.07, Lmax=-4.92
19:05:55 [ultranest] [DEBUG] iteration=2404, ncalls=8439, regioncalls=341080, ndraw=40, logz=-13.17, remainder_fraction=73.3919%, Lmin=-7.07, Lmax=-4.92
19:05:56 [ultranest] [DEBUG] iteration=2406, ncalls=8450, regioncalls=341520, ndraw=40, logz=-13.17, remainder_fraction=73.2554%, Lmin=-7.06, Lmax=-4.92
19:05:56 [ultranest] [DEBUG] iteration=2408, ncalls=8461, regioncalls=341960, ndraw=40, logz=-13.16, remainder_fraction=73.1229%, Lmin=-7.06, Lmax=-4.92
19:05:56 [ultranest] [DEBUG] iteration=2411, ncalls=8466, regioncalls=342240, ndraw=40, logz=-13.15, remainder_fraction=73.0088%, Lmin=-7.06, Lmax=-4.92
19:05:57 [ultranest] [DEBUG] iteration=2412, ncalls=8472, regioncalls=342480, ndraw=40, logz=-13.15, remainder_fraction=72.9319%, Lmin=-7.06, Lmax=-4.92
19:05:57 [ultranest] [DEBUG] iteration=2414, ncalls=8480, regioncalls=342880, ndraw=40, logz=-13.14, remainder_fraction=72.7490%, Lmin=-7.05, Lmax=-4.92
19:05:57 [ultranest] [DEBUG] iteration=2416, ncalls=8483, regioncalls=343000, ndraw=40, logz=-13.14, remainder_fraction=72.6171%, Lmin=-7.05, Lmax=-4.92
19:05:57 [ultranest] [DEBUG] iteration=2417, ncalls=8487, regioncalls=343160, ndraw=40, logz=-13.14, remainder_fraction=72.5247%, Lmin=-7.05, Lmax=-4.92
19:05:57 [ultranest] [DEBUG] iteration=2418, ncalls=8490, regioncalls=343280, ndraw=40, logz=-13.13, remainder_fraction=72.4350%, Lmin=-7.05, Lmax=-4.92
19:05:57 [ultranest] [DEBUG] iteration=2419, ncalls=8497, regioncalls=343560, ndraw=40, logz=-13.13, remainder_fraction=72.3377%, Lmin=-7.04, Lmax=-4.92
19:05:58 [ultranest] [DEBUG] iteration=2420, ncalls=8501, regioncalls=343720, ndraw=40, logz=-13.13, remainder_fraction=72.2393%, Lmin=-7.04, Lmax=-4.92
19:05:58 [ultranest] [DEBUG] iteration=2422, ncalls=8509, regioncalls=344040, ndraw=40, logz=-13.12, remainder_fraction=72.0452%, Lmin=-7.03, Lmax=-4.92
19:05:58 [ultranest] [DEBUG] iteration=2424, ncalls=8512, regioncalls=344160, ndraw=40, logz=-13.12, remainder_fraction=71.8624%, Lmin=-7.03, Lmax=-4.92
19:05:58 [ultranest] [DEBUG] iteration=2425, ncalls=8518, regioncalls=344400, ndraw=40, logz=-13.12, remainder_fraction=71.7636%, Lmin=-7.03, Lmax=-4.92
19:05:58 [ultranest] [DEBUG] iteration=2427, ncalls=8521, regioncalls=344520, ndraw=40, logz=-13.11, remainder_fraction=71.6246%, Lmin=-7.02, Lmax=-4.92
19:05:58 [ultranest] [DEBUG] iteration=2428, ncalls=8527, regioncalls=344800, ndraw=40, logz=-13.11, remainder_fraction=71.5232%, Lmin=-7.02, Lmax=-4.92
19:05:59 [ultranest] [DEBUG] iteration=2429, ncalls=8533, regioncalls=345040, ndraw=40, logz=-13.11, remainder_fraction=71.4601%, Lmin=-7.02, Lmax=-4.92
19:05:59 [ultranest] [DEBUG] iteration=2431, ncalls=8540, regioncalls=345320, ndraw=40, logz=-13.10, remainder_fraction=71.3063%, Lmin=-7.02, Lmax=-4.92
19:05:59 [ultranest] [DEBUG] iteration=2432, ncalls=8547, regioncalls=345600, ndraw=40, logz=-13.10, remainder_fraction=71.2192%, Lmin=-7.01, Lmax=-4.92
19:05:59 [ultranest] [DEBUG] iteration=2433, ncalls=8552, regioncalls=345840, ndraw=40, logz=-13.10, remainder_fraction=71.1650%, Lmin=-7.01, Lmax=-4.92
19:06:00 [ultranest] [DEBUG] iteration=2434, ncalls=8568, regioncalls=346680, ndraw=40, logz=-13.09, remainder_fraction=71.1401%, Lmin=-7.01, Lmax=-4.92
19:06:00 [ultranest] [DEBUG] iteration=2436, ncalls=8571, regioncalls=347040, ndraw=40, logz=-13.09, remainder_fraction=71.0778%, Lmin=-6.99, Lmax=-4.92
19:06:00 [ultranest] [DEBUG] iteration=2437, ncalls=8581, regioncalls=347440, ndraw=40, logz=-13.09, remainder_fraction=70.9767%, Lmin=-6.98, Lmax=-4.92
19:06:01 [ultranest] [DEBUG] iteration=2438, ncalls=8591, regioncalls=347920, ndraw=40, logz=-13.08, remainder_fraction=70.9044%, Lmin=-6.98, Lmax=-4.92
19:06:01 [ultranest] [DEBUG] iteration=2439, ncalls=8596, regioncalls=348120, ndraw=40, logz=-13.08, remainder_fraction=70.8544%, Lmin=-6.97, Lmax=-4.92
19:06:01 [ultranest] [DEBUG] iteration=2440, ncalls=8601, regioncalls=348480, ndraw=40, logz=-13.08, remainder_fraction=70.7845%, Lmin=-6.97, Lmax=-4.92
19:06:02 [ultranest] [DEBUG] iteration=2442, ncalls=8613, regioncalls=349400, ndraw=40, logz=-13.07, remainder_fraction=70.6591%, Lmin=-6.96, Lmax=-4.92
19:06:02 [ultranest] [DEBUG] iteration=2443, ncalls=8618, regioncalls=349600, ndraw=40, logz=-13.07, remainder_fraction=70.5763%, Lmin=-6.96, Lmax=-4.92
19:06:02 [ultranest] [DEBUG] iteration=2444, ncalls=8623, regioncalls=349800, ndraw=40, logz=-13.07, remainder_fraction=70.5072%, Lmin=-6.96, Lmax=-4.92
19:06:02 [ultranest] [DEBUG] iteration=2445, ncalls=8629, regioncalls=350040, ndraw=40, logz=-13.07, remainder_fraction=70.4412%, Lmin=-6.95, Lmax=-4.92
19:06:03 [ultranest] [DEBUG] iteration=2447, ncalls=8639, regioncalls=350440, ndraw=40, logz=-13.06, remainder_fraction=70.2645%, Lmin=-6.95, Lmax=-4.92
19:06:03 [ultranest] [DEBUG] iteration=2448, ncalls=8648, regioncalls=350880, ndraw=40, logz=-13.06, remainder_fraction=70.2341%, Lmin=-6.95, Lmax=-4.92
19:06:03 [ultranest] [DEBUG] iteration=2450, ncalls=8657, regioncalls=351320, ndraw=40, logz=-13.05, remainder_fraction=70.0994%, Lmin=-6.95, Lmax=-4.92
19:06:04 [ultranest] [DEBUG] iteration=2451, ncalls=8668, regioncalls=352120, ndraw=40, logz=-13.05, remainder_fraction=70.0835%, Lmin=-6.94, Lmax=-4.92
19:06:04 [ultranest] [DEBUG] iteration=2452, ncalls=8672, regioncalls=352280, ndraw=40, logz=-13.05, remainder_fraction=70.0151%, Lmin=-6.94, Lmax=-4.92
19:06:04 [ultranest] [DEBUG] iteration=2453, ncalls=8676, regioncalls=352440, ndraw=40, logz=-13.05, remainder_fraction=69.9641%, Lmin=-6.93, Lmax=-4.92
19:06:04 [ultranest] [DEBUG] iteration=2455, ncalls=8679, regioncalls=352560, ndraw=40, logz=-13.04, remainder_fraction=69.8257%, Lmin=-6.93, Lmax=-4.92
19:06:04 [ultranest] [DEBUG] iteration=2456, ncalls=8687, regioncalls=352880, ndraw=40, logz=-13.04, remainder_fraction=69.8185%, Lmin=-6.92, Lmax=-4.92
19:06:04 [ultranest] [DEBUG] iteration=2457, ncalls=8691, regioncalls=353040, ndraw=40, logz=-13.04, remainder_fraction=69.7315%, Lmin=-6.92, Lmax=-4.92
19:06:05 [ultranest] [DEBUG] iteration=2459, ncalls=8696, regioncalls=353240, ndraw=40, logz=-13.03, remainder_fraction=69.5264%, Lmin=-6.91, Lmax=-4.92
19:06:05 [ultranest] [DEBUG] iteration=2460, ncalls=8700, regioncalls=353400, ndraw=40, logz=-13.03, remainder_fraction=69.4988%, Lmin=-6.91, Lmax=-4.92
19:06:05 [ultranest] [DEBUG] iteration=2461, ncalls=8704, regioncalls=353560, ndraw=40, logz=-13.03, remainder_fraction=69.4186%, Lmin=-6.90, Lmax=-4.92
19:06:05 [ultranest] [DEBUG] iteration=2462, ncalls=8714, regioncalls=353960, ndraw=40, logz=-13.02, remainder_fraction=69.3512%, Lmin=-6.90, Lmax=-4.92
19:06:05 [ultranest] [DEBUG] iteration=2464, ncalls=8717, regioncalls=354080, ndraw=40, logz=-13.02, remainder_fraction=69.2149%, Lmin=-6.90, Lmax=-4.92
19:06:05 [ultranest] [DEBUG] iteration=2465, ncalls=8720, regioncalls=354200, ndraw=40, logz=-13.02, remainder_fraction=69.1198%, Lmin=-6.90, Lmax=-4.92
19:06:06 [ultranest] [DEBUG] iteration=2466, ncalls=8728, regioncalls=354520, ndraw=40, logz=-13.01, remainder_fraction=69.0158%, Lmin=-6.89, Lmax=-4.92
19:06:06 [ultranest] [DEBUG] iteration=2467, ncalls=8737, regioncalls=354880, ndraw=40, logz=-13.01, remainder_fraction=68.9681%, Lmin=-6.89, Lmax=-4.92
19:06:06 [ultranest] [DEBUG] iteration=2468, ncalls=8740, regioncalls=355000, ndraw=40, logz=-13.01, remainder_fraction=68.8939%, Lmin=-6.88, Lmax=-4.92
19:06:07 [ultranest] [DEBUG] iteration=2469, ncalls=8755, regioncalls=355600, ndraw=40, logz=-13.01, remainder_fraction=68.8163%, Lmin=-6.88, Lmax=-4.92
19:06:07 [ultranest] [DEBUG] iteration=2471, ncalls=8775, regioncalls=356440, ndraw=40, logz=-13.00, remainder_fraction=68.6324%, Lmin=-6.87, Lmax=-4.92
19:06:08 [ultranest] [DEBUG] iteration=2472, ncalls=8779, regioncalls=356600, ndraw=40, logz=-13.00, remainder_fraction=68.5506%, Lmin=-6.87, Lmax=-4.92
19:06:08 [ultranest] [DEBUG] iteration=2473, ncalls=8786, regioncalls=356880, ndraw=40, logz=-13.00, remainder_fraction=68.5096%, Lmin=-6.87, Lmax=-4.92
19:06:08 [ultranest] [DEBUG] iteration=2475, ncalls=8795, regioncalls=357240, ndraw=40, logz=-12.99, remainder_fraction=68.3651%, Lmin=-6.87, Lmax=-4.92
19:06:08 [ultranest] [DEBUG] iteration=2477, ncalls=8802, regioncalls=357520, ndraw=40, logz=-12.99, remainder_fraction=68.1965%, Lmin=-6.85, Lmax=-4.92
19:06:09 [ultranest] [DEBUG] iteration=2478, ncalls=8806, regioncalls=357680, ndraw=40, logz=-12.99, remainder_fraction=68.1444%, Lmin=-6.85, Lmax=-4.92
19:06:09 [ultranest] [DEBUG] iteration=2479, ncalls=8829, regioncalls=358600, ndraw=40, logz=-12.98, remainder_fraction=68.0583%, Lmin=-6.85, Lmax=-4.92
19:06:10 [ultranest] [DEBUG] iteration=2480, ncalls=8834, regioncalls=358800, ndraw=40, logz=-12.98, remainder_fraction=68.0230%, Lmin=-6.85, Lmax=-4.92
19:06:10 [ultranest] [DEBUG] iteration=2481, ncalls=8838, regioncalls=358960, ndraw=40, logz=-12.98, remainder_fraction=67.9289%, Lmin=-6.85, Lmax=-4.92
19:06:10 [ultranest] [DEBUG] iteration=2482, ncalls=8844, regioncalls=359200, ndraw=40, logz=-12.98, remainder_fraction=67.8333%, Lmin=-6.84, Lmax=-4.92
19:06:10 [ultranest] [DEBUG] iteration=2483, ncalls=8849, regioncalls=359400, ndraw=40, logz=-12.97, remainder_fraction=67.8061%, Lmin=-6.84, Lmax=-4.92
19:06:10 [ultranest] [DEBUG] iteration=2484, ncalls=8856, regioncalls=359680, ndraw=40, logz=-12.97, remainder_fraction=67.7136%, Lmin=-6.83, Lmax=-4.92
19:06:11 [ultranest] [DEBUG] iteration=2485, ncalls=8861, regioncalls=359920, ndraw=40, logz=-12.97, remainder_fraction=67.6342%, Lmin=-6.83, Lmax=-4.92
19:06:11 [ultranest] [DEBUG] iteration=2487, ncalls=8866, regioncalls=360120, ndraw=40, logz=-12.96, remainder_fraction=67.5295%, Lmin=-6.83, Lmax=-4.92
19:06:11 [ultranest] [DEBUG] iteration=2488, ncalls=8870, regioncalls=360560, ndraw=40, logz=-12.96, remainder_fraction=67.4825%, Lmin=-6.83, Lmax=-4.92
19:06:12 [ultranest] [DEBUG] iteration=2489, ncalls=8888, regioncalls=361320, ndraw=40, logz=-12.96, remainder_fraction=67.3959%, Lmin=-6.83, Lmax=-4.92
19:06:12 [ultranest] [DEBUG] iteration=2491, ncalls=8899, regioncalls=361760, ndraw=40, logz=-12.96, remainder_fraction=67.2227%, Lmin=-6.82, Lmax=-4.92
19:06:12 [ultranest] [DEBUG] iteration=2493, ncalls=8910, regioncalls=362480, ndraw=40, logz=-12.95, remainder_fraction=67.1125%, Lmin=-6.81, Lmax=-4.92
19:06:13 [ultranest] [DEBUG] iteration=2495, ncalls=8915, regioncalls=362680, ndraw=40, logz=-12.95, remainder_fraction=66.9662%, Lmin=-6.81, Lmax=-4.92
19:06:13 [ultranest] [DEBUG] iteration=2496, ncalls=8932, regioncalls=363360, ndraw=40, logz=-12.94, remainder_fraction=66.9722%, Lmin=-6.81, Lmax=-4.92
19:06:13 [ultranest] [DEBUG] iteration=2497, ncalls=8936, regioncalls=363520, ndraw=40, logz=-12.94, remainder_fraction=66.8720%, Lmin=-6.80, Lmax=-4.92
19:06:14 [ultranest] [DEBUG] iteration=2498, ncalls=8942, regioncalls=363760, ndraw=40, logz=-12.94, remainder_fraction=66.7861%, Lmin=-6.80, Lmax=-4.92
19:06:14 [ultranest] [DEBUG] iteration=2499, ncalls=8946, regioncalls=363920, ndraw=40, logz=-12.94, remainder_fraction=66.7275%, Lmin=-6.80, Lmax=-4.92
19:06:14 [ultranest] [DEBUG] iteration=2501, ncalls=8954, regioncalls=364240, ndraw=40, logz=-12.93, remainder_fraction=66.5887%, Lmin=-6.79, Lmax=-4.92
19:06:14 [ultranest] [DEBUG] iteration=2502, ncalls=8957, regioncalls=364360, ndraw=40, logz=-12.93, remainder_fraction=66.4864%, Lmin=-6.78, Lmax=-4.92
19:06:14 [ultranest] [DEBUG] iteration=2503, ncalls=8960, regioncalls=364480, ndraw=40, logz=-12.93, remainder_fraction=66.3867%, Lmin=-6.78, Lmax=-4.92
19:06:14 [ultranest] [DEBUG] iteration=2504, ncalls=8965, regioncalls=364680, ndraw=40, logz=-12.93, remainder_fraction=66.2923%, Lmin=-6.78, Lmax=-4.92
19:06:15 [ultranest] [DEBUG] iteration=2505, ncalls=8968, regioncalls=364800, ndraw=40, logz=-12.92, remainder_fraction=66.1949%, Lmin=-6.77, Lmax=-4.92
19:06:15 [ultranest] [DEBUG] iteration=2506, ncalls=8971, regioncalls=364920, ndraw=40, logz=-12.92, remainder_fraction=66.1084%, Lmin=-6.77, Lmax=-4.92
19:06:15 [ultranest] [DEBUG] iteration=2507, ncalls=8984, regioncalls=365440, ndraw=40, logz=-12.92, remainder_fraction=66.0339%, Lmin=-6.77, Lmax=-4.92
19:06:16 [ultranest] [DEBUG] iteration=2508, ncalls=8999, regioncalls=366040, ndraw=40, logz=-12.92, remainder_fraction=65.9437%, Lmin=-6.77, Lmax=-4.92
19:06:16 [ultranest] [DEBUG] iteration=2510, ncalls=9007, regioncalls=366360, ndraw=40, logz=-12.91, remainder_fraction=65.8210%, Lmin=-6.76, Lmax=-4.92
19:06:16 [ultranest] [DEBUG] iteration=2512, ncalls=9011, regioncalls=366520, ndraw=40, logz=-12.91, remainder_fraction=65.7003%, Lmin=-6.75, Lmax=-4.92
19:06:16 [ultranest] [DEBUG] iteration=2513, ncalls=9021, regioncalls=367280, ndraw=40, logz=-12.91, remainder_fraction=65.6095%, Lmin=-6.74, Lmax=-4.92
19:06:17 [ultranest] [DEBUG] iteration=2515, ncalls=9029, regioncalls=367800, ndraw=40, logz=-12.90, remainder_fraction=65.4949%, Lmin=-6.74, Lmax=-4.92
19:06:17 [ultranest] [DEBUG] iteration=2516, ncalls=9038, regioncalls=368160, ndraw=40, logz=-12.90, remainder_fraction=65.4740%, Lmin=-6.74, Lmax=-4.92
19:06:17 [ultranest] [DEBUG] iteration=2517, ncalls=9044, regioncalls=368400, ndraw=40, logz=-12.90, remainder_fraction=65.3856%, Lmin=-6.74, Lmax=-4.92
19:06:18 [ultranest] [DEBUG] iteration=2518, ncalls=9054, regioncalls=368840, ndraw=40, logz=-12.90, remainder_fraction=65.3201%, Lmin=-6.74, Lmax=-4.92
19:06:18 [ultranest] [DEBUG] iteration=2519, ncalls=9067, regioncalls=369360, ndraw=40, logz=-12.89, remainder_fraction=65.2395%, Lmin=-6.74, Lmax=-4.92
19:06:18 [ultranest] [DEBUG] iteration=2520, ncalls=9071, regioncalls=369680, ndraw=40, logz=-12.89, remainder_fraction=65.1607%, Lmin=-6.73, Lmax=-4.92
19:06:18 [ultranest] [DEBUG] iteration=2522, ncalls=9075, regioncalls=369880, ndraw=40, logz=-12.89, remainder_fraction=65.1084%, Lmin=-6.72, Lmax=-4.92
19:06:19 [ultranest] [DEBUG] iteration=2524, ncalls=9090, regioncalls=370880, ndraw=40, logz=-12.88, remainder_fraction=64.9165%, Lmin=-6.72, Lmax=-4.92
19:06:19 [ultranest] [DEBUG] iteration=2526, ncalls=9094, regioncalls=371040, ndraw=40, logz=-12.88, remainder_fraction=64.7652%, Lmin=-6.71, Lmax=-4.92
19:06:20 [ultranest] [DEBUG] iteration=2528, ncalls=9105, regioncalls=371600, ndraw=40, logz=-12.87, remainder_fraction=64.5963%, Lmin=-6.70, Lmax=-4.92
19:06:20 [ultranest] [DEBUG] iteration=2529, ncalls=9112, regioncalls=371880, ndraw=40, logz=-12.87, remainder_fraction=64.5691%, Lmin=-6.70, Lmax=-4.92
19:06:20 [ultranest] [DEBUG] iteration=2530, ncalls=9118, regioncalls=372120, ndraw=40, logz=-12.87, remainder_fraction=64.5061%, Lmin=-6.70, Lmax=-4.92
19:06:20 [ultranest] [DEBUG] iteration=2531, ncalls=9125, regioncalls=372400, ndraw=40, logz=-12.87, remainder_fraction=64.4138%, Lmin=-6.70, Lmax=-4.92
19:06:21 [ultranest] [DEBUG] iteration=2532, ncalls=9134, regioncalls=372760, ndraw=40, logz=-12.87, remainder_fraction=64.3108%, Lmin=-6.69, Lmax=-4.92
19:06:21 [ultranest] [DEBUG] iteration=2533, ncalls=9142, regioncalls=373280, ndraw=40, logz=-12.86, remainder_fraction=64.2045%, Lmin=-6.69, Lmax=-4.92
19:06:21 [ultranest] [DEBUG] iteration=2534, ncalls=9159, regioncalls=374280, ndraw=40, logz=-12.86, remainder_fraction=64.1568%, Lmin=-6.68, Lmax=-4.92
19:06:22 [ultranest] [DEBUG] iteration=2535, ncalls=9166, regioncalls=374560, ndraw=40, logz=-12.86, remainder_fraction=64.0619%, Lmin=-6.68, Lmax=-4.92
19:06:22 [ultranest] [DEBUG] iteration=2536, ncalls=9174, regioncalls=374880, ndraw=40, logz=-12.86, remainder_fraction=63.9748%, Lmin=-6.68, Lmax=-4.92
19:06:22 [ultranest] [DEBUG] iteration=2537, ncalls=9178, regioncalls=375040, ndraw=40, logz=-12.85, remainder_fraction=63.8890%, Lmin=-6.68, Lmax=-4.92
19:06:22 [ultranest] [DEBUG] iteration=2538, ncalls=9181, regioncalls=375200, ndraw=40, logz=-12.85, remainder_fraction=63.8465%, Lmin=-6.68, Lmax=-4.92
19:06:23 [ultranest] [DEBUG] iteration=2539, ncalls=9187, regioncalls=375440, ndraw=40, logz=-12.85, remainder_fraction=63.7883%, Lmin=-6.67, Lmax=-4.92
19:06:23 [ultranest] [DEBUG] iteration=2540, ncalls=9206, regioncalls=376200, ndraw=40, logz=-12.85, remainder_fraction=63.6825%, Lmin=-6.66, Lmax=-4.92
19:06:24 [ultranest] [DEBUG] iteration=2541, ncalls=9217, regioncalls=376640, ndraw=40, logz=-12.85, remainder_fraction=63.5821%, Lmin=-6.66, Lmax=-4.92
19:06:24 [ultranest] [DEBUG] iteration=2544, ncalls=9222, regioncalls=377080, ndraw=40, logz=-12.84, remainder_fraction=63.3288%, Lmin=-6.65, Lmax=-4.92
19:06:24 [ultranest] [DEBUG] iteration=2545, ncalls=9232, regioncalls=377800, ndraw=40, logz=-12.84, remainder_fraction=63.2249%, Lmin=-6.65, Lmax=-4.92
19:06:24 [ultranest] [DEBUG] iteration=2546, ncalls=9237, regioncalls=378000, ndraw=40, logz=-12.84, remainder_fraction=63.1305%, Lmin=-6.65, Lmax=-4.92
19:06:25 [ultranest] [DEBUG] iteration=2547, ncalls=9245, regioncalls=378320, ndraw=40, logz=-12.83, remainder_fraction=63.0394%, Lmin=-6.65, Lmax=-4.92
19:06:25 [ultranest] [DEBUG] iteration=2548, ncalls=9248, regioncalls=378440, ndraw=40, logz=-12.83, remainder_fraction=62.9548%, Lmin=-6.65, Lmax=-4.92
19:06:25 [ultranest] [DEBUG] iteration=2550, ncalls=9257, regioncalls=378800, ndraw=40, logz=-12.83, remainder_fraction=62.8235%, Lmin=-6.64, Lmax=-4.92
19:06:25 [ultranest] [DEBUG] iteration=2553, ncalls=9261, regioncalls=378960, ndraw=40, logz=-12.82, remainder_fraction=62.6053%, Lmin=-6.64, Lmax=-4.92
19:06:25 [ultranest] [DEBUG] iteration=2554, ncalls=9266, regioncalls=379160, ndraw=40, logz=-12.82, remainder_fraction=62.5773%, Lmin=-6.64, Lmax=-4.92
19:06:26 [ultranest] [DEBUG] iteration=2556, ncalls=9269, regioncalls=379280, ndraw=40, logz=-12.82, remainder_fraction=62.5319%, Lmin=-6.63, Lmax=-4.92
19:06:26 [ultranest] [DEBUG] iteration=2558, ncalls=9272, regioncalls=379400, ndraw=40, logz=-12.81, remainder_fraction=62.3484%, Lmin=-6.62, Lmax=-4.92
19:06:26 [ultranest] [DEBUG] iteration=2559, ncalls=9277, regioncalls=379600, ndraw=40, logz=-12.81, remainder_fraction=62.2912%, Lmin=-6.62, Lmax=-4.92
19:06:26 [ultranest] [DEBUG] iteration=2560, ncalls=9281, regioncalls=379840, ndraw=40, logz=-12.81, remainder_fraction=62.2357%, Lmin=-6.62, Lmax=-4.92
19:06:27 [ultranest] [DEBUG] iteration=2561, ncalls=9301, regioncalls=381200, ndraw=40, logz=-12.81, remainder_fraction=62.1383%, Lmin=-6.62, Lmax=-4.92
19:06:27 [ultranest] [DEBUG] iteration=2562, ncalls=9304, regioncalls=381320, ndraw=40, logz=-12.80, remainder_fraction=62.0952%, Lmin=-6.62, Lmax=-4.92
19:06:27 [ultranest] [DEBUG] iteration=2563, ncalls=9308, regioncalls=381480, ndraw=40, logz=-12.80, remainder_fraction=62.0401%, Lmin=-6.62, Lmax=-4.92
19:06:27 [ultranest] [DEBUG] iteration=2564, ncalls=9313, regioncalls=381680, ndraw=40, logz=-12.80, remainder_fraction=61.9532%, Lmin=-6.62, Lmax=-4.92
19:06:28 [ultranest] [DEBUG] iteration=2565, ncalls=9327, regioncalls=382240, ndraw=40, logz=-12.80, remainder_fraction=61.8721%, Lmin=-6.61, Lmax=-4.92
19:06:28 [ultranest] [DEBUG] iteration=2567, ncalls=9330, regioncalls=382360, ndraw=40, logz=-12.79, remainder_fraction=61.6698%, Lmin=-6.61, Lmax=-4.92
19:06:28 [ultranest] [DEBUG] iteration=2568, ncalls=9334, regioncalls=382520, ndraw=40, logz=-12.79, remainder_fraction=61.5863%, Lmin=-6.61, Lmax=-4.92
19:06:28 [ultranest] [DEBUG] iteration=2570, ncalls=9345, regioncalls=382960, ndraw=40, logz=-12.79, remainder_fraction=61.4497%, Lmin=-6.60, Lmax=-4.92
19:06:29 [ultranest] [DEBUG] iteration=2572, ncalls=9374, regioncalls=384160, ndraw=40, logz=-12.78, remainder_fraction=61.3232%, Lmin=-6.59, Lmax=-4.92
19:06:30 [ultranest] [DEBUG] iteration=2573, ncalls=9382, regioncalls=384480, ndraw=40, logz=-12.78, remainder_fraction=61.2304%, Lmin=-6.58, Lmax=-4.92
19:06:30 [ultranest] [DEBUG] iteration=2574, ncalls=9388, regioncalls=384720, ndraw=40, logz=-12.78, remainder_fraction=61.1267%, Lmin=-6.58, Lmax=-4.92
19:06:30 [ultranest] [DEBUG] iteration=2575, ncalls=9397, regioncalls=385280, ndraw=40, logz=-12.78, remainder_fraction=61.0310%, Lmin=-6.58, Lmax=-4.92
19:06:31 [ultranest] [DEBUG] iteration=2576, ncalls=9406, regioncalls=385640, ndraw=40, logz=-12.78, remainder_fraction=60.9846%, Lmin=-6.57, Lmax=-4.92
19:06:31 [ultranest] [DEBUG] iteration=2578, ncalls=9416, regioncalls=386040, ndraw=40, logz=-12.77, remainder_fraction=60.7945%, Lmin=-6.57, Lmax=-4.92
19:06:31 [ultranest] [DEBUG] iteration=2579, ncalls=9426, regioncalls=386520, ndraw=40, logz=-12.77, remainder_fraction=60.6930%, Lmin=-6.57, Lmax=-4.92
19:06:32 [ultranest] [DEBUG] iteration=2580, ncalls=9438, regioncalls=387040, ndraw=40, logz=-12.77, remainder_fraction=60.5956%, Lmin=-6.57, Lmax=-4.92
19:06:32 [ultranest] [DEBUG] iteration=2581, ncalls=9448, regioncalls=387640, ndraw=40, logz=-12.77, remainder_fraction=60.5038%, Lmin=-6.57, Lmax=-4.92
19:06:32 [ultranest] [DEBUG] iteration=2582, ncalls=9452, regioncalls=387800, ndraw=40, logz=-12.76, remainder_fraction=60.3982%, Lmin=-6.56, Lmax=-4.92
19:06:32 [ultranest] [DEBUG] iteration=2583, ncalls=9455, regioncalls=387920, ndraw=40, logz=-12.76, remainder_fraction=60.3634%, Lmin=-6.56, Lmax=-4.92
19:06:33 [ultranest] [DEBUG] iteration=2584, ncalls=9461, regioncalls=388160, ndraw=40, logz=-12.76, remainder_fraction=60.2805%, Lmin=-6.56, Lmax=-4.92
19:06:33 [ultranest] [DEBUG] iteration=2585, ncalls=9465, regioncalls=388320, ndraw=40, logz=-12.76, remainder_fraction=60.1905%, Lmin=-6.56, Lmax=-4.92
19:06:33 [ultranest] [DEBUG] iteration=2586, ncalls=9471, regioncalls=388560, ndraw=40, logz=-12.76, remainder_fraction=60.0890%, Lmin=-6.55, Lmax=-4.92
19:06:33 [ultranest] [DEBUG] iteration=2588, ncalls=9476, regioncalls=388760, ndraw=40, logz=-12.75, remainder_fraction=59.9321%, Lmin=-6.54, Lmax=-4.92
19:06:33 [ultranest] [DEBUG] iteration=2589, ncalls=9488, regioncalls=389240, ndraw=40, logz=-12.75, remainder_fraction=59.8344%, Lmin=-6.54, Lmax=-4.92
19:06:34 [ultranest] [DEBUG] iteration=2591, ncalls=9497, regioncalls=389600, ndraw=40, logz=-12.75, remainder_fraction=59.6325%, Lmin=-6.53, Lmax=-4.92
19:06:34 [ultranest] [DEBUG] iteration=2592, ncalls=9501, regioncalls=389760, ndraw=40, logz=-12.74, remainder_fraction=59.5381%, Lmin=-6.53, Lmax=-4.92
19:06:34 [ultranest] [DEBUG] iteration=2593, ncalls=9505, regioncalls=389920, ndraw=40, logz=-12.74, remainder_fraction=59.5370%, Lmin=-6.53, Lmax=-4.92
19:06:34 [ultranest] [DEBUG] iteration=2595, ncalls=9508, regioncalls=390040, ndraw=40, logz=-12.74, remainder_fraction=59.3269%, Lmin=-6.52, Lmax=-4.92
19:06:34 [ultranest] [DEBUG] iteration=2596, ncalls=9511, regioncalls=390160, ndraw=40, logz=-12.74, remainder_fraction=59.2227%, Lmin=-6.52, Lmax=-4.92
19:06:34 [ultranest] [DEBUG] iteration=2597, ncalls=9515, regioncalls=390360, ndraw=40, logz=-12.73, remainder_fraction=59.1175%, Lmin=-6.51, Lmax=-4.92
19:06:35 [ultranest] [DEBUG] iteration=2598, ncalls=9522, regioncalls=390920, ndraw=40, logz=-12.73, remainder_fraction=59.0253%, Lmin=-6.51, Lmax=-4.92
19:06:35 [ultranest] [DEBUG] iteration=2599, ncalls=9537, regioncalls=391520, ndraw=40, logz=-12.73, remainder_fraction=58.9323%, Lmin=-6.51, Lmax=-4.92
19:06:35 [ultranest] [DEBUG] iteration=2600, ncalls=9539, regioncalls=391640, ndraw=40, logz=-12.73, remainder_fraction=58.8928%, Lmin=-6.51, Lmax=-4.92
19:06:36 [ultranest] [DEBUG] iteration=2601, ncalls=9543, regioncalls=391800, ndraw=40, logz=-12.73, remainder_fraction=58.8064%, Lmin=-6.51, Lmax=-4.92
19:06:36 [ultranest] [DEBUG] iteration=2602, ncalls=9559, regioncalls=392800, ndraw=40, logz=-12.73, remainder_fraction=58.7674%, Lmin=-6.51, Lmax=-4.92
19:06:37 [ultranest] [DEBUG] iteration=2604, ncalls=9575, regioncalls=393560, ndraw=40, logz=-12.72, remainder_fraction=58.6514%, Lmin=-6.50, Lmax=-4.92
19:06:37 [ultranest] [DEBUG] iteration=2605, ncalls=9589, regioncalls=394120, ndraw=40, logz=-12.72, remainder_fraction=58.5642%, Lmin=-6.50, Lmax=-4.92
19:06:37 [ultranest] [DEBUG] iteration=2606, ncalls=9592, regioncalls=394240, ndraw=40, logz=-12.72, remainder_fraction=58.4830%, Lmin=-6.50, Lmax=-4.92
19:06:38 [ultranest] [DEBUG] iteration=2607, ncalls=9598, regioncalls=394480, ndraw=40, logz=-12.72, remainder_fraction=58.3786%, Lmin=-6.50, Lmax=-4.92
19:06:38 [ultranest] [DEBUG] iteration=2608, ncalls=9607, regioncalls=395000, ndraw=40, logz=-12.71, remainder_fraction=58.3693%, Lmin=-6.50, Lmax=-4.92
19:06:38 [ultranest] [DEBUG] iteration=2609, ncalls=9612, regioncalls=395200, ndraw=40, logz=-12.71, remainder_fraction=58.2853%, Lmin=-6.49, Lmax=-4.92
19:06:39 [ultranest] [DEBUG] iteration=2610, ncalls=9625, regioncalls=395800, ndraw=40, logz=-12.71, remainder_fraction=58.1988%, Lmin=-6.49, Lmax=-4.92
19:06:39 [ultranest] [DEBUG] iteration=2611, ncalls=9635, regioncalls=396200, ndraw=40, logz=-12.71, remainder_fraction=58.0950%, Lmin=-6.48, Lmax=-4.92
19:06:39 [ultranest] [DEBUG] iteration=2613, ncalls=9644, regioncalls=396560, ndraw=40, logz=-12.71, remainder_fraction=57.9065%, Lmin=-6.48, Lmax=-4.92
19:06:39 [ultranest] [DEBUG] iteration=2614, ncalls=9647, regioncalls=396680, ndraw=40, logz=-12.70, remainder_fraction=57.8370%, Lmin=-6.48, Lmax=-4.92
19:06:40 [ultranest] [DEBUG] iteration=2616, ncalls=9655, regioncalls=397000, ndraw=40, logz=-12.70, remainder_fraction=57.7213%, Lmin=-6.47, Lmax=-4.92
19:06:40 [ultranest] [DEBUG] iteration=2617, ncalls=9661, regioncalls=397240, ndraw=40, logz=-12.70, remainder_fraction=57.6806%, Lmin=-6.47, Lmax=-4.92
19:06:40 [ultranest] [DEBUG] iteration=2618, ncalls=9665, regioncalls=397400, ndraw=40, logz=-12.70, remainder_fraction=57.5932%, Lmin=-6.47, Lmax=-4.92
19:06:40 [ultranest] [DEBUG] iteration=2620, ncalls=9668, regioncalls=397520, ndraw=40, logz=-12.69, remainder_fraction=57.4659%, Lmin=-6.46, Lmax=-4.92
19:06:41 [ultranest] [DEBUG] iteration=2622, ncalls=9680, regioncalls=398000, ndraw=40, logz=-12.69, remainder_fraction=57.3606%, Lmin=-6.46, Lmax=-4.92
19:06:41 [ultranest] [DEBUG] iteration=2623, ncalls=9684, regioncalls=398240, ndraw=40, logz=-12.69, remainder_fraction=57.2819%, Lmin=-6.46, Lmax=-4.92
19:06:41 [ultranest] [DEBUG] iteration=2624, ncalls=9689, regioncalls=398440, ndraw=40, logz=-12.69, remainder_fraction=57.1882%, Lmin=-6.46, Lmax=-4.92
19:06:41 [ultranest] [DEBUG] iteration=2627, ncalls=9692, regioncalls=398560, ndraw=40, logz=-12.68, remainder_fraction=56.9474%, Lmin=-6.45, Lmax=-4.92
19:06:41 [ultranest] [DEBUG] iteration=2628, ncalls=9703, regioncalls=399000, ndraw=40, logz=-12.68, remainder_fraction=56.8440%, Lmin=-6.45, Lmax=-4.92
19:06:42 [ultranest] [DEBUG] iteration=2630, ncalls=9707, regioncalls=399160, ndraw=40, logz=-12.67, remainder_fraction=56.6458%, Lmin=-6.44, Lmax=-4.92
19:06:42 [ultranest] [DEBUG] iteration=2631, ncalls=9713, regioncalls=399400, ndraw=40, logz=-12.67, remainder_fraction=56.5547%, Lmin=-6.44, Lmax=-4.92
19:06:42 [ultranest] [DEBUG] iteration=2632, ncalls=9719, regioncalls=399640, ndraw=40, logz=-12.67, remainder_fraction=56.4562%, Lmin=-6.44, Lmax=-4.92
19:06:42 [ultranest] [DEBUG] iteration=2634, ncalls=9722, regioncalls=399760, ndraw=40, logz=-12.67, remainder_fraction=56.3647%, Lmin=-6.43, Lmax=-4.92
19:06:42 [ultranest] [DEBUG] iteration=2635, ncalls=9725, regioncalls=399880, ndraw=40, logz=-12.67, remainder_fraction=56.2659%, Lmin=-6.42, Lmax=-4.92
19:06:43 [ultranest] [DEBUG] iteration=2636, ncalls=9738, regioncalls=400400, ndraw=40, logz=-12.66, remainder_fraction=56.1885%, Lmin=-6.42, Lmax=-4.92
19:06:43 [ultranest] [DEBUG] iteration=2637, ncalls=9747, regioncalls=400760, ndraw=40, logz=-12.66, remainder_fraction=56.1050%, Lmin=-6.42, Lmax=-4.92
19:06:43 [ultranest] [DEBUG] iteration=2639, ncalls=9757, regioncalls=401160, ndraw=40, logz=-12.66, remainder_fraction=56.0272%, Lmin=-6.42, Lmax=-4.92
19:06:43 [ultranest] [DEBUG] iteration=2640, ncalls=9758, regioncalls=401200, ndraw=40, logz=-12.66, remainder_fraction=55.9317%, Lmin=-6.42, Lmax=-4.92
19:06:44 [ultranest] [DEBUG] iteration=2641, ncalls=9765, regioncalls=401480, ndraw=40, logz=-12.65, remainder_fraction=55.8526%, Lmin=-6.41, Lmax=-4.92
19:06:44 [ultranest] [DEBUG] iteration=2643, ncalls=9774, regioncalls=401840, ndraw=40, logz=-12.65, remainder_fraction=55.7222%, Lmin=-6.41, Lmax=-4.92
19:06:44 [ultranest] [DEBUG] iteration=2644, ncalls=9778, regioncalls=402000, ndraw=40, logz=-12.65, remainder_fraction=55.6787%, Lmin=-6.41, Lmax=-4.92
19:06:44 [ultranest] [DEBUG] iteration=2645, ncalls=9781, regioncalls=402160, ndraw=40, logz=-12.65, remainder_fraction=55.5859%, Lmin=-6.41, Lmax=-4.92
19:06:44 [ultranest] [DEBUG] iteration=2646, ncalls=9785, regioncalls=402320, ndraw=40, logz=-12.65, remainder_fraction=55.5025%, Lmin=-6.40, Lmax=-4.92
19:06:45 [ultranest] [DEBUG] iteration=2647, ncalls=9790, regioncalls=402520, ndraw=40, logz=-12.64, remainder_fraction=55.4133%, Lmin=-6.40, Lmax=-4.92
19:06:45 [ultranest] [DEBUG] iteration=2648, ncalls=9806, regioncalls=403240, ndraw=40, logz=-12.64, remainder_fraction=55.3970%, Lmin=-6.39, Lmax=-4.92
19:06:45 [ultranest] [DEBUG] iteration=2649, ncalls=9815, regioncalls=403600, ndraw=40, logz=-12.64, remainder_fraction=55.3804%, Lmin=-6.39, Lmax=-4.92
19:06:46 [ultranest] [DEBUG] iteration=2650, ncalls=9819, regioncalls=403760, ndraw=40, logz=-12.64, remainder_fraction=55.3149%, Lmin=-6.39, Lmax=-4.92
19:06:46 [ultranest] [DEBUG] iteration=2651, ncalls=9822, regioncalls=403880, ndraw=40, logz=-12.64, remainder_fraction=55.2162%, Lmin=-6.39, Lmax=-4.92
19:06:46 [ultranest] [DEBUG] iteration=2652, ncalls=9825, regioncalls=404000, ndraw=40, logz=-12.64, remainder_fraction=55.1389%, Lmin=-6.39, Lmax=-4.92
19:06:46 [ultranest] [DEBUG] iteration=2653, ncalls=9828, regioncalls=404120, ndraw=40, logz=-12.63, remainder_fraction=55.0523%, Lmin=-6.38, Lmax=-4.92
19:06:46 [ultranest] [DEBUG] iteration=2655, ncalls=9836, regioncalls=404440, ndraw=40, logz=-12.63, remainder_fraction=54.8534%, Lmin=-6.38, Lmax=-4.92
19:06:46 [ultranest] [DEBUG] iteration=2656, ncalls=9839, regioncalls=404560, ndraw=40, logz=-12.63, remainder_fraction=54.7840%, Lmin=-6.38, Lmax=-4.92
19:06:46 [ultranest] [DEBUG] iteration=2658, ncalls=9843, regioncalls=404720, ndraw=40, logz=-12.63, remainder_fraction=54.6691%, Lmin=-6.38, Lmax=-4.92
19:06:47 [ultranest] [DEBUG] iteration=2661, ncalls=9848, regioncalls=404920, ndraw=40, logz=-12.62, remainder_fraction=54.4557%, Lmin=-6.37, Lmax=-4.92
19:06:47 [ultranest] [DEBUG] iteration=2662, ncalls=9851, regioncalls=405040, ndraw=40, logz=-12.62, remainder_fraction=54.3950%, Lmin=-6.37, Lmax=-4.92
19:06:47 [ultranest] [DEBUG] iteration=2664, ncalls=9854, regioncalls=405160, ndraw=40, logz=-12.62, remainder_fraction=54.2630%, Lmin=-6.36, Lmax=-4.92
19:06:47 [ultranest] [DEBUG] iteration=2665, ncalls=9866, regioncalls=405720, ndraw=40, logz=-12.61, remainder_fraction=54.1976%, Lmin=-6.36, Lmax=-4.92
19:06:48 [ultranest] [DEBUG] iteration=2667, ncalls=9873, regioncalls=406000, ndraw=40, logz=-12.61, remainder_fraction=54.0178%, Lmin=-6.35, Lmax=-4.92
19:06:48 [ultranest] [DEBUG] iteration=2669, ncalls=9888, regioncalls=406600, ndraw=40, logz=-12.61, remainder_fraction=53.8608%, Lmin=-6.35, Lmax=-4.92
19:06:49 [ultranest] [DEBUG] iteration=2671, ncalls=9901, regioncalls=407240, ndraw=40, logz=-12.60, remainder_fraction=53.6919%, Lmin=-6.35, Lmax=-4.92
19:06:49 [ultranest] [DEBUG] iteration=2672, ncalls=9917, regioncalls=407880, ndraw=40, logz=-12.60, remainder_fraction=53.5954%, Lmin=-6.34, Lmax=-4.92
19:06:49 [ultranest] [DEBUG] iteration=2674, ncalls=9924, regioncalls=408160, ndraw=40, logz=-12.60, remainder_fraction=53.4143%, Lmin=-6.34, Lmax=-4.92
19:06:50 [ultranest] [DEBUG] iteration=2677, ncalls=9933, regioncalls=408520, ndraw=40, logz=-12.59, remainder_fraction=53.2010%, Lmin=-6.33, Lmax=-4.92
19:06:50 [ultranest] [DEBUG] iteration=2678, ncalls=9944, regioncalls=408960, ndraw=40, logz=-12.59, remainder_fraction=53.1878%, Lmin=-6.33, Lmax=-4.92
19:06:50 [ultranest] [DEBUG] iteration=2679, ncalls=9948, regioncalls=409120, ndraw=40, logz=-12.59, remainder_fraction=53.1328%, Lmin=-6.33, Lmax=-4.92
19:06:50 [ultranest] [DEBUG] iteration=2680, ncalls=9950, regioncalls=409200, ndraw=40, logz=-12.59, remainder_fraction=53.0392%, Lmin=-6.33, Lmax=-4.92
19:06:51 [ultranest] [DEBUG] iteration=2681, ncalls=9953, regioncalls=409320, ndraw=40, logz=-12.59, remainder_fraction=52.9522%, Lmin=-6.31, Lmax=-4.92
19:06:51 [ultranest] [DEBUG] iteration=2683, ncalls=9961, regioncalls=409640, ndraw=40, logz=-12.58, remainder_fraction=52.7639%, Lmin=-6.30, Lmax=-4.92
19:06:51 [ultranest] [DEBUG] iteration=2684, ncalls=9967, regioncalls=409880, ndraw=40, logz=-12.58, remainder_fraction=52.7114%, Lmin=-6.30, Lmax=-4.92
19:06:51 [ultranest] [DEBUG] iteration=2686, ncalls=9972, regioncalls=410080, ndraw=40, logz=-12.58, remainder_fraction=52.5482%, Lmin=-6.30, Lmax=-4.92
19:06:52 [ultranest] [DEBUG] iteration=2687, ncalls=9980, regioncalls=410440, ndraw=40, logz=-12.58, remainder_fraction=52.4472%, Lmin=-6.30, Lmax=-4.92
19:06:52 [ultranest] [DEBUG] iteration=2688, ncalls=9988, regioncalls=410840, ndraw=40, logz=-12.58, remainder_fraction=52.3593%, Lmin=-6.30, Lmax=-4.92
19:06:52 [ultranest] [DEBUG] iteration=2689, ncalls=9994, regioncalls=411080, ndraw=40, logz=-12.57, remainder_fraction=52.2591%, Lmin=-6.29, Lmax=-4.92
19:06:52 [ultranest] [DEBUG] iteration=2690, ncalls=9997, regioncalls=411200, ndraw=40, logz=-12.57, remainder_fraction=52.2100%, Lmin=-6.29, Lmax=-4.92
19:06:52 [ultranest] [DEBUG] iteration=2692, ncalls=10000, regioncalls=411320, ndraw=40, logz=-12.57, remainder_fraction=52.0283%, Lmin=-6.29, Lmax=-4.92
19:06:53 [ultranest] [DEBUG] iteration=2693, ncalls=10010, regioncalls=411720, ndraw=40, logz=-12.57, remainder_fraction=51.9280%, Lmin=-6.29, Lmax=-4.92
19:06:53 [ultranest] [DEBUG] iteration=2694, ncalls=10014, regioncalls=411880, ndraw=40, logz=-12.57, remainder_fraction=51.8577%, Lmin=-6.29, Lmax=-4.92
19:06:53 [ultranest] [DEBUG] iteration=2696, ncalls=10017, regioncalls=412400, ndraw=40, logz=-12.56, remainder_fraction=51.6881%, Lmin=-6.28, Lmax=-4.92
19:06:53 [ultranest] [DEBUG] iteration=2699, ncalls=10023, regioncalls=412760, ndraw=40, logz=-12.56, remainder_fraction=51.4599%, Lmin=-6.28, Lmax=-4.92
19:06:54 [ultranest] [DEBUG] iteration=2700, ncalls=10037, regioncalls=413720, ndraw=40, logz=-12.56, remainder_fraction=51.3630%, Lmin=-6.28, Lmax=-4.92
19:06:54 [ultranest] [DEBUG] iteration=2702, ncalls=10041, regioncalls=413880, ndraw=40, logz=-12.55, remainder_fraction=51.2189%, Lmin=-6.28, Lmax=-4.92
19:06:54 [ultranest] [DEBUG] iteration=2703, ncalls=10046, regioncalls=414080, ndraw=40, logz=-12.55, remainder_fraction=51.1194%, Lmin=-6.27, Lmax=-4.92
19:06:54 [ultranest] [DEBUG] iteration=2705, ncalls=10052, regioncalls=414320, ndraw=40, logz=-12.55, remainder_fraction=50.9463%, Lmin=-6.27, Lmax=-4.92
19:06:54 [ultranest] [DEBUG] iteration=2707, ncalls=10055, regioncalls=414440, ndraw=40, logz=-12.55, remainder_fraction=50.7914%, Lmin=-6.26, Lmax=-4.92
19:06:55 [ultranest] [DEBUG] iteration=2708, ncalls=10063, regioncalls=414760, ndraw=40, logz=-12.55, remainder_fraction=50.6932%, Lmin=-6.26, Lmax=-4.92
19:06:55 [ultranest] [DEBUG] iteration=2710, ncalls=10071, regioncalls=415080, ndraw=40, logz=-12.54, remainder_fraction=50.5324%, Lmin=-6.26, Lmax=-4.92
19:06:56 [ultranest] [DEBUG] iteration=2711, ncalls=10090, regioncalls=416400, ndraw=40, logz=-12.54, remainder_fraction=50.4630%, Lmin=-6.26, Lmax=-4.92
19:06:56 [ultranest] [DEBUG] iteration=2712, ncalls=10094, regioncalls=416560, ndraw=40, logz=-12.54, remainder_fraction=50.4018%, Lmin=-6.26, Lmax=-4.92
19:06:57 [ultranest] [DEBUG] iteration=2713, ncalls=10116, regioncalls=417600, ndraw=40, logz=-12.54, remainder_fraction=50.3032%, Lmin=-6.26, Lmax=-4.92
19:06:57 [ultranest] [DEBUG] iteration=2714, ncalls=10121, regioncalls=417800, ndraw=40, logz=-12.54, remainder_fraction=50.2333%, Lmin=-6.25, Lmax=-4.92
19:06:57 [ultranest] [DEBUG] iteration=2716, ncalls=10127, regioncalls=418040, ndraw=40, logz=-12.53, remainder_fraction=50.0965%, Lmin=-6.25, Lmax=-4.92
19:06:57 [ultranest] [DEBUG] iteration=2717, ncalls=10132, regioncalls=418240, ndraw=40, logz=-12.53, remainder_fraction=50.0687%, Lmin=-6.24, Lmax=-4.92
19:06:57 [ultranest] [DEBUG] iteration=2718, ncalls=10135, regioncalls=418360, ndraw=40, logz=-12.53, remainder_fraction=49.9874%, Lmin=-6.24, Lmax=-4.92
19:06:57 [ultranest] [DEBUG] iteration=2719, ncalls=10140, regioncalls=418560, ndraw=40, logz=-12.53, remainder_fraction=49.9128%, Lmin=-6.24, Lmax=-4.92
19:06:57 [ultranest] [DEBUG] iteration=2720, ncalls=10142, regioncalls=418640, ndraw=40, logz=-12.53, remainder_fraction=49.8493%, Lmin=-6.24, Lmax=-4.92
19:06:58 [ultranest] [DEBUG] iteration=2721, ncalls=10150, regioncalls=419000, ndraw=40, logz=-12.53, remainder_fraction=49.7604%, Lmin=-6.24, Lmax=-4.92
19:06:58 [ultranest] [DEBUG] iteration=2722, ncalls=10153, regioncalls=419120, ndraw=40, logz=-12.52, remainder_fraction=49.7252%, Lmin=-6.24, Lmax=-4.92
19:06:58 [ultranest] [DEBUG] iteration=2723, ncalls=10158, regioncalls=419320, ndraw=40, logz=-12.52, remainder_fraction=49.6407%, Lmin=-6.24, Lmax=-4.92
19:06:58 [ultranest] [DEBUG] iteration=2724, ncalls=10163, regioncalls=419520, ndraw=40, logz=-12.52, remainder_fraction=49.5811%, Lmin=-6.24, Lmax=-4.92
19:06:59 [ultranest] [DEBUG] iteration=2726, ncalls=10176, regioncalls=420040, ndraw=40, logz=-12.52, remainder_fraction=49.4123%, Lmin=-6.23, Lmax=-4.92
19:06:59 [ultranest] [DEBUG] iteration=2727, ncalls=10185, regioncalls=420400, ndraw=40, logz=-12.52, remainder_fraction=49.3671%, Lmin=-6.23, Lmax=-4.92
19:06:59 [ultranest] [DEBUG] iteration=2728, ncalls=10188, regioncalls=420520, ndraw=40, logz=-12.52, remainder_fraction=49.3420%, Lmin=-6.23, Lmax=-4.92
19:06:59 [ultranest] [DEBUG] iteration=2729, ncalls=10195, regioncalls=420800, ndraw=40, logz=-12.51, remainder_fraction=49.2639%, Lmin=-6.23, Lmax=-4.92
19:07:00 [ultranest] [DEBUG] iteration=2731, ncalls=10203, regioncalls=421120, ndraw=40, logz=-12.51, remainder_fraction=49.1412%, Lmin=-6.22, Lmax=-4.92
19:07:00 [ultranest] [DEBUG] iteration=2733, ncalls=10207, regioncalls=421280, ndraw=40, logz=-12.51, remainder_fraction=49.0778%, Lmin=-6.22, Lmax=-4.92
19:07:00 [ultranest] [DEBUG] iteration=2734, ncalls=10211, regioncalls=421440, ndraw=40, logz=-12.51, remainder_fraction=48.9950%, Lmin=-6.22, Lmax=-4.92
19:07:00 [ultranest] [DEBUG] iteration=2735, ncalls=10214, regioncalls=421560, ndraw=40, logz=-12.50, remainder_fraction=48.8996%, Lmin=-6.22, Lmax=-4.92
19:07:00 [ultranest] [DEBUG] iteration=2738, ncalls=10220, regioncalls=421800, ndraw=40, logz=-12.50, remainder_fraction=48.6665%, Lmin=-6.21, Lmax=-4.92
19:07:01 [ultranest] [DEBUG] iteration=2739, ncalls=10228, regioncalls=422120, ndraw=40, logz=-12.50, remainder_fraction=48.5732%, Lmin=-6.21, Lmax=-4.92
19:07:01 [ultranest] [DEBUG] iteration=2740, ncalls=10233, regioncalls=422320, ndraw=40, logz=-12.50, remainder_fraction=48.5167%, Lmin=-6.21, Lmax=-4.92
19:07:01 [ultranest] [DEBUG] iteration=2741, ncalls=10237, regioncalls=422480, ndraw=40, logz=-12.50, remainder_fraction=48.4399%, Lmin=-6.21, Lmax=-4.92
19:07:01 [ultranest] [DEBUG] iteration=2742, ncalls=10242, regioncalls=422680, ndraw=40, logz=-12.49, remainder_fraction=48.3638%, Lmin=-6.21, Lmax=-4.92
19:07:01 [ultranest] [DEBUG] iteration=2743, ncalls=10247, regioncalls=422880, ndraw=40, logz=-12.49, remainder_fraction=48.2761%, Lmin=-6.20, Lmax=-4.92
19:07:01 [ultranest] [DEBUG] iteration=2744, ncalls=10251, regioncalls=423040, ndraw=40, logz=-12.49, remainder_fraction=48.1899%, Lmin=-6.20, Lmax=-4.92
19:07:02 [ultranest] [DEBUG] iteration=2746, ncalls=10256, regioncalls=423240, ndraw=40, logz=-12.49, remainder_fraction=48.0219%, Lmin=-6.20, Lmax=-4.92
19:07:02 [ultranest] [DEBUG] iteration=2747, ncalls=10262, regioncalls=423560, ndraw=40, logz=-12.49, remainder_fraction=47.9317%, Lmin=-6.20, Lmax=-4.92
19:07:02 [ultranest] [DEBUG] iteration=2748, ncalls=10268, regioncalls=423800, ndraw=40, logz=-12.49, remainder_fraction=47.8442%, Lmin=-6.19, Lmax=-4.92
19:07:02 [ultranest] [DEBUG] iteration=2750, ncalls=10271, regioncalls=423920, ndraw=40, logz=-12.48, remainder_fraction=47.6553%, Lmin=-6.19, Lmax=-4.92
19:07:03 [ultranest] [DEBUG] iteration=2752, ncalls=10284, regioncalls=424440, ndraw=40, logz=-12.48, remainder_fraction=47.5071%, Lmin=-6.19, Lmax=-4.92
19:07:03 [ultranest] [DEBUG] iteration=2753, ncalls=10292, regioncalls=424760, ndraw=40, logz=-12.48, remainder_fraction=47.4171%, Lmin=-6.19, Lmax=-4.92
19:07:03 [ultranest] [DEBUG] iteration=2754, ncalls=10295, regioncalls=424880, ndraw=40, logz=-12.48, remainder_fraction=47.3238%, Lmin=-6.18, Lmax=-4.92
19:07:03 [ultranest] [DEBUG] iteration=2756, ncalls=10299, regioncalls=425040, ndraw=40, logz=-12.48, remainder_fraction=47.1605%, Lmin=-6.18, Lmax=-4.92
19:07:04 [ultranest] [DEBUG] iteration=2757, ncalls=10308, regioncalls=425400, ndraw=40, logz=-12.47, remainder_fraction=47.0868%, Lmin=-6.18, Lmax=-4.92
19:07:04 [ultranest] [DEBUG] iteration=2758, ncalls=10325, regioncalls=426320, ndraw=40, logz=-12.47, remainder_fraction=46.9974%, Lmin=-6.18, Lmax=-4.92
19:07:05 [ultranest] [DEBUG] iteration=2760, ncalls=10338, regioncalls=426880, ndraw=40, logz=-12.47, remainder_fraction=46.8548%, Lmin=-6.18, Lmax=-4.92
19:07:05 [ultranest] [DEBUG] iteration=2761, ncalls=10345, regioncalls=427160, ndraw=40, logz=-12.47, remainder_fraction=46.7649%, Lmin=-6.18, Lmax=-4.92
19:07:05 [ultranest] [DEBUG] iteration=2762, ncalls=10352, regioncalls=427440, ndraw=40, logz=-12.47, remainder_fraction=46.6936%, Lmin=-6.17, Lmax=-4.92
19:07:05 [ultranest] [DEBUG] iteration=2763, ncalls=10362, regioncalls=427840, ndraw=40, logz=-12.47, remainder_fraction=46.6313%, Lmin=-6.17, Lmax=-4.92
19:07:06 [ultranest] [DEBUG] iteration=2765, ncalls=10366, regioncalls=428000, ndraw=40, logz=-12.46, remainder_fraction=46.5098%, Lmin=-6.16, Lmax=-4.92
19:07:06 [ultranest] [DEBUG] iteration=2766, ncalls=10379, regioncalls=428520, ndraw=40, logz=-12.46, remainder_fraction=46.4253%, Lmin=-6.16, Lmax=-4.92
19:07:06 [ultranest] [DEBUG] iteration=2767, ncalls=10382, regioncalls=428760, ndraw=40, logz=-12.46, remainder_fraction=46.3341%, Lmin=-6.16, Lmax=-4.92
19:07:07 [ultranest] [DEBUG] iteration=2768, ncalls=10395, regioncalls=429280, ndraw=40, logz=-12.46, remainder_fraction=46.2764%, Lmin=-6.16, Lmax=-4.92
19:07:08 [ultranest] [DEBUG] iteration=2770, ncalls=10421, regioncalls=430320, ndraw=40, logz=-12.46, remainder_fraction=46.1452%, Lmin=-6.16, Lmax=-4.92
19:07:08 [ultranest] [DEBUG] iteration=2772, ncalls=10427, regioncalls=430560, ndraw=40, logz=-12.45, remainder_fraction=45.9962%, Lmin=-6.15, Lmax=-4.92
19:07:08 [ultranest] [DEBUG] iteration=2773, ncalls=10436, regioncalls=430920, ndraw=40, logz=-12.45, remainder_fraction=45.9206%, Lmin=-6.15, Lmax=-4.92
19:07:08 [ultranest] [DEBUG] iteration=2774, ncalls=10441, regioncalls=431120, ndraw=40, logz=-12.45, remainder_fraction=45.8579%, Lmin=-6.15, Lmax=-4.92
19:07:09 [ultranest] [DEBUG] iteration=2775, ncalls=10448, regioncalls=431480, ndraw=40, logz=-12.45, remainder_fraction=45.7889%, Lmin=-6.15, Lmax=-4.92
19:07:09 [ultranest] [DEBUG] iteration=2776, ncalls=10453, regioncalls=431680, ndraw=40, logz=-12.45, remainder_fraction=45.7125%, Lmin=-6.14, Lmax=-4.92
19:07:09 [ultranest] [DEBUG] iteration=2777, ncalls=10463, regioncalls=432080, ndraw=40, logz=-12.45, remainder_fraction=45.6320%, Lmin=-6.14, Lmax=-4.92
19:07:09 [ultranest] [DEBUG] iteration=2779, ncalls=10467, regioncalls=432240, ndraw=40, logz=-12.44, remainder_fraction=45.5118%, Lmin=-6.14, Lmax=-4.92
19:07:09 [ultranest] [DEBUG] iteration=2780, ncalls=10470, regioncalls=432360, ndraw=40, logz=-12.44, remainder_fraction=45.4451%, Lmin=-6.14, Lmax=-4.92
19:07:10 [ultranest] [DEBUG] iteration=2781, ncalls=10483, regioncalls=433000, ndraw=40, logz=-12.44, remainder_fraction=45.3583%, Lmin=-6.14, Lmax=-4.92
19:07:10 [ultranest] [DEBUG] iteration=2782, ncalls=10487, regioncalls=433160, ndraw=40, logz=-12.44, remainder_fraction=45.2788%, Lmin=-6.14, Lmax=-4.92
19:07:10 [ultranest] [DEBUG] iteration=2783, ncalls=10491, regioncalls=433320, ndraw=40, logz=-12.44, remainder_fraction=45.1861%, Lmin=-6.14, Lmax=-4.92
19:07:10 [ultranest] [DEBUG] iteration=2784, ncalls=10495, regioncalls=433480, ndraw=40, logz=-12.44, remainder_fraction=45.0984%, Lmin=-6.13, Lmax=-4.92
19:07:11 [ultranest] [DEBUG] iteration=2785, ncalls=10503, regioncalls=433800, ndraw=40, logz=-12.44, remainder_fraction=45.0424%, Lmin=-6.13, Lmax=-4.92
19:07:12 [ultranest] [DEBUG] iteration=2786, ncalls=10531, regioncalls=435240, ndraw=40, logz=-12.44, remainder_fraction=44.9522%, Lmin=-6.13, Lmax=-4.92
19:07:12 [ultranest] [DEBUG] iteration=2788, ncalls=10540, regioncalls=435600, ndraw=40, logz=-12.43, remainder_fraction=44.7767%, Lmin=-6.13, Lmax=-4.92
19:07:12 [ultranest] [DEBUG] iteration=2789, ncalls=10551, regioncalls=436040, ndraw=40, logz=-12.43, remainder_fraction=44.6908%, Lmin=-6.13, Lmax=-4.92
19:07:13 [ultranest] [DEBUG] iteration=2791, ncalls=10558, regioncalls=436640, ndraw=40, logz=-12.43, remainder_fraction=44.5616%, Lmin=-6.13, Lmax=-4.92
19:07:13 [ultranest] [DEBUG] iteration=2792, ncalls=10569, regioncalls=437080, ndraw=40, logz=-12.43, remainder_fraction=44.4830%, Lmin=-6.13, Lmax=-4.92
19:07:13 [ultranest] [DEBUG] iteration=2793, ncalls=10577, regioncalls=437480, ndraw=40, logz=-12.43, remainder_fraction=44.4182%, Lmin=-6.12, Lmax=-4.92
19:07:14 [ultranest] [DEBUG] iteration=2795, ncalls=10601, regioncalls=438640, ndraw=40, logz=-12.42, remainder_fraction=44.3127%, Lmin=-6.12, Lmax=-4.92
19:07:14 [ultranest] [DEBUG] iteration=2796, ncalls=10605, regioncalls=438920, ndraw=40, logz=-12.42, remainder_fraction=44.2297%, Lmin=-6.12, Lmax=-4.92
19:07:15 [ultranest] [DEBUG] iteration=2797, ncalls=10609, regioncalls=439080, ndraw=40, logz=-12.42, remainder_fraction=44.1887%, Lmin=-6.12, Lmax=-4.92
19:07:16 [ultranest] [DEBUG] iteration=2798, ncalls=10656, regioncalls=441880, ndraw=40, logz=-12.42, remainder_fraction=44.1167%, Lmin=-6.12, Lmax=-4.92
19:07:17 [ultranest] [DEBUG] iteration=2799, ncalls=10673, regioncalls=442840, ndraw=40, logz=-12.42, remainder_fraction=44.0328%, Lmin=-6.11, Lmax=-4.92
19:07:17 [ultranest] [DEBUG] iteration=2800, ncalls=10675, regioncalls=442920, ndraw=40, logz=-12.42, remainder_fraction=43.9489%, Lmin=-6.11, Lmax=-4.92
19:07:17 [ultranest] [DEBUG] iteration=2801, ncalls=10680, regioncalls=443120, ndraw=40, logz=-12.42, remainder_fraction=43.8903%, Lmin=-6.11, Lmax=-4.92
19:07:17 [ultranest] [DEBUG] iteration=2803, ncalls=10684, regioncalls=443280, ndraw=40, logz=-12.41, remainder_fraction=43.7127%, Lmin=-6.11, Lmax=-4.92
19:07:17 [ultranest] [DEBUG] iteration=2804, ncalls=10687, regioncalls=443400, ndraw=40, logz=-12.41, remainder_fraction=43.6222%, Lmin=-6.11, Lmax=-4.92
19:07:18 [ultranest] [DEBUG] iteration=2805, ncalls=10702, regioncalls=444000, ndraw=40, logz=-12.41, remainder_fraction=43.5458%, Lmin=-6.10, Lmax=-4.92
19:07:18 [ultranest] [DEBUG] iteration=2807, ncalls=10705, regioncalls=444120, ndraw=40, logz=-12.41, remainder_fraction=43.4329%, Lmin=-6.10, Lmax=-4.92
19:07:18 [ultranest] [DEBUG] iteration=2808, ncalls=10719, regioncalls=444680, ndraw=40, logz=-12.41, remainder_fraction=43.3665%, Lmin=-6.10, Lmax=-4.92
19:07:19 [ultranest] [DEBUG] iteration=2811, ncalls=10722, regioncalls=444800, ndraw=40, logz=-12.40, remainder_fraction=43.2389%, Lmin=-6.10, Lmax=-4.92
19:07:19 [ultranest] [DEBUG] iteration=2812, ncalls=10736, regioncalls=445360, ndraw=40, logz=-12.40, remainder_fraction=43.1571%, Lmin=-6.09, Lmax=-4.92
19:07:19 [ultranest] [DEBUG] iteration=2814, ncalls=10740, regioncalls=445560, ndraw=40, logz=-12.40, remainder_fraction=43.0044%, Lmin=-6.09, Lmax=-4.92
19:07:20 [ultranest] [DEBUG] iteration=2816, ncalls=10758, regioncalls=446680, ndraw=40, logz=-12.40, remainder_fraction=42.8452%, Lmin=-6.08, Lmax=-4.92
19:07:20 [ultranest] [DEBUG] iteration=2817, ncalls=10771, regioncalls=447320, ndraw=40, logz=-12.40, remainder_fraction=42.7713%, Lmin=-6.08, Lmax=-4.92
19:07:20 [ultranest] [DEBUG] iteration=2818, ncalls=10775, regioncalls=447480, ndraw=40, logz=-12.40, remainder_fraction=42.6905%, Lmin=-6.08, Lmax=-4.92
19:07:21 [ultranest] [DEBUG] iteration=2819, ncalls=10786, regioncalls=447920, ndraw=40, logz=-12.39, remainder_fraction=42.6179%, Lmin=-6.08, Lmax=-4.92
19:07:21 [ultranest] [DEBUG] iteration=2820, ncalls=10794, regioncalls=448560, ndraw=40, logz=-12.39, remainder_fraction=42.5457%, Lmin=-6.08, Lmax=-4.92
19:07:22 [ultranest] [DEBUG] iteration=2821, ncalls=10812, regioncalls=449280, ndraw=40, logz=-12.39, remainder_fraction=42.5133%, Lmin=-6.08, Lmax=-4.92
19:07:22 [ultranest] [DEBUG] iteration=2822, ncalls=10816, regioncalls=449440, ndraw=40, logz=-12.39, remainder_fraction=42.4237%, Lmin=-6.07, Lmax=-4.92
19:07:23 [ultranest] [DEBUG] iteration=2823, ncalls=10844, regioncalls=451240, ndraw=40, logz=-12.39, remainder_fraction=42.3503%, Lmin=-6.07, Lmax=-4.92
19:07:23 [ultranest] [DEBUG] iteration=2824, ncalls=10859, regioncalls=452240, ndraw=40, logz=-12.39, remainder_fraction=42.3062%, Lmin=-6.07, Lmax=-4.92
19:07:24 [ultranest] [DEBUG] iteration=2825, ncalls=10866, regioncalls=452640, ndraw=40, logz=-12.39, remainder_fraction=42.2763%, Lmin=-6.07, Lmax=-4.92
19:07:24 [ultranest] [DEBUG] iteration=2826, ncalls=10879, regioncalls=453360, ndraw=40, logz=-12.39, remainder_fraction=42.2301%, Lmin=-6.07, Lmax=-4.92
19:07:24 [ultranest] [DEBUG] iteration=2828, ncalls=10885, regioncalls=453600, ndraw=40, logz=-12.38, remainder_fraction=42.0650%, Lmin=-6.06, Lmax=-4.92
19:07:25 [ultranest] [DEBUG] iteration=2830, ncalls=10900, regioncalls=454360, ndraw=40, logz=-12.38, remainder_fraction=41.9120%, Lmin=-6.06, Lmax=-4.92
19:07:25 [ultranest] [DEBUG] iteration=2831, ncalls=10913, regioncalls=454920, ndraw=40, logz=-12.38, remainder_fraction=41.8271%, Lmin=-6.06, Lmax=-4.92
19:07:26 [ultranest] [DEBUG] iteration=2832, ncalls=10919, regioncalls=455160, ndraw=40, logz=-12.38, remainder_fraction=41.7870%, Lmin=-6.06, Lmax=-4.92
19:07:26 [ultranest] [DEBUG] iteration=2833, ncalls=10930, regioncalls=455600, ndraw=40, logz=-12.38, remainder_fraction=41.7145%, Lmin=-6.05, Lmax=-4.92
19:07:26 [ultranest] [DEBUG] iteration=2834, ncalls=10934, regioncalls=455840, ndraw=40, logz=-12.38, remainder_fraction=41.6297%, Lmin=-6.05, Lmax=-4.92
19:07:27 [ultranest] [DEBUG] iteration=2835, ncalls=10969, regioncalls=457720, ndraw=40, logz=-12.38, remainder_fraction=41.5737%, Lmin=-6.05, Lmax=-4.92
19:07:28 [ultranest] [DEBUG] iteration=2837, ncalls=10974, regioncalls=457920, ndraw=40, logz=-12.37, remainder_fraction=41.4199%, Lmin=-6.05, Lmax=-4.92
19:07:28 [ultranest] [DEBUG] iteration=2839, ncalls=10980, regioncalls=458160, ndraw=40, logz=-12.37, remainder_fraction=41.2855%, Lmin=-6.05, Lmax=-4.92
19:07:28 [ultranest] [DEBUG] iteration=2840, ncalls=10994, regioncalls=458720, ndraw=40, logz=-12.37, remainder_fraction=41.2144%, Lmin=-6.04, Lmax=-4.92
19:07:29 [ultranest] [DEBUG] iteration=2841, ncalls=11000, regioncalls=458960, ndraw=40, logz=-12.37, remainder_fraction=41.1305%, Lmin=-6.04, Lmax=-4.92
19:07:29 [ultranest] [DEBUG] iteration=2842, ncalls=11003, regioncalls=459080, ndraw=40, logz=-12.37, remainder_fraction=41.0568%, Lmin=-6.04, Lmax=-4.92
19:07:29 [ultranest] [DEBUG] iteration=2843, ncalls=11012, regioncalls=459560, ndraw=40, logz=-12.37, remainder_fraction=40.9831%, Lmin=-6.04, Lmax=-4.92
19:07:29 [ultranest] [DEBUG] iteration=2844, ncalls=11018, regioncalls=460000, ndraw=40, logz=-12.37, remainder_fraction=40.8958%, Lmin=-6.04, Lmax=-4.92
19:07:29 [ultranest] [DEBUG] iteration=2845, ncalls=11022, regioncalls=460280, ndraw=40, logz=-12.36, remainder_fraction=40.8692%, Lmin=-6.04, Lmax=-4.92
19:07:30 [ultranest] [DEBUG] iteration=2846, ncalls=11039, regioncalls=461600, ndraw=40, logz=-12.36, remainder_fraction=40.8143%, Lmin=-6.04, Lmax=-4.92
19:07:31 [ultranest] [DEBUG] iteration=2848, ncalls=11055, regioncalls=462880, ndraw=40, logz=-12.36, remainder_fraction=40.6618%, Lmin=-6.03, Lmax=-4.92
19:07:31 [ultranest] [DEBUG] iteration=2849, ncalls=11066, regioncalls=463320, ndraw=40, logz=-12.36, remainder_fraction=40.6082%, Lmin=-6.03, Lmax=-4.92
19:07:31 [ultranest] [DEBUG] iteration=2850, ncalls=11075, regioncalls=463720, ndraw=40, logz=-12.36, remainder_fraction=40.5243%, Lmin=-6.03, Lmax=-4.92
19:07:31 [ultranest] [DEBUG] iteration=2852, ncalls=11081, regioncalls=463960, ndraw=40, logz=-12.36, remainder_fraction=40.4190%, Lmin=-6.03, Lmax=-4.92
19:07:32 [ultranest] [DEBUG] iteration=2854, ncalls=11084, regioncalls=464080, ndraw=40, logz=-12.35, remainder_fraction=40.3025%, Lmin=-6.03, Lmax=-4.92
19:07:32 [ultranest] [DEBUG] iteration=2855, ncalls=11088, regioncalls=464320, ndraw=40, logz=-12.35, remainder_fraction=40.2703%, Lmin=-6.03, Lmax=-4.92
19:07:32 [ultranest] [DEBUG] iteration=2857, ncalls=11091, regioncalls=464440, ndraw=40, logz=-12.35, remainder_fraction=40.1149%, Lmin=-6.03, Lmax=-4.92
19:07:32 [ultranest] [DEBUG] iteration=2858, ncalls=11101, regioncalls=465120, ndraw=40, logz=-12.35, remainder_fraction=40.0313%, Lmin=-6.03, Lmax=-4.92
19:07:32 [ultranest] [DEBUG] iteration=2860, ncalls=11104, regioncalls=465480, ndraw=40, logz=-12.35, remainder_fraction=39.8659%, Lmin=-6.03, Lmax=-4.92
19:07:32 [ultranest] [DEBUG] iteration=2862, ncalls=11109, regioncalls=465680, ndraw=40, logz=-12.35, remainder_fraction=39.7553%, Lmin=-6.02, Lmax=-4.92
19:07:33 [ultranest] [DEBUG] iteration=2863, ncalls=11119, regioncalls=466080, ndraw=40, logz=-12.34, remainder_fraction=39.6893%, Lmin=-6.02, Lmax=-4.92
19:07:33 [ultranest] [DEBUG] iteration=2864, ncalls=11122, regioncalls=466200, ndraw=40, logz=-12.34, remainder_fraction=39.6702%, Lmin=-6.02, Lmax=-4.92
19:07:33 [ultranest] [DEBUG] iteration=2866, ncalls=11125, regioncalls=466320, ndraw=40, logz=-12.34, remainder_fraction=39.5315%, Lmin=-6.02, Lmax=-4.92
19:07:33 [ultranest] [DEBUG] iteration=2867, ncalls=11128, regioncalls=466440, ndraw=40, logz=-12.34, remainder_fraction=39.4534%, Lmin=-6.02, Lmax=-4.92
19:07:34 [ultranest] [DEBUG] iteration=2869, ncalls=11140, regioncalls=467200, ndraw=40, logz=-12.34, remainder_fraction=39.3626%, Lmin=-6.01, Lmax=-4.92
19:07:34 [ultranest] [DEBUG] iteration=2871, ncalls=11147, regioncalls=467480, ndraw=40, logz=-12.34, remainder_fraction=39.2184%, Lmin=-6.01, Lmax=-4.92
19:07:35 [ultranest] [DEBUG] iteration=2872, ncalls=11169, regioncalls=468520, ndraw=40, logz=-12.33, remainder_fraction=39.1418%, Lmin=-6.01, Lmax=-4.92
19:07:35 [ultranest] [DEBUG] iteration=2873, ncalls=11175, regioncalls=468840, ndraw=40, logz=-12.33, remainder_fraction=39.0581%, Lmin=-6.01, Lmax=-4.92
19:07:35 [ultranest] [DEBUG] iteration=2874, ncalls=11183, regioncalls=469160, ndraw=40, logz=-12.33, remainder_fraction=38.9875%, Lmin=-6.00, Lmax=-4.92
19:07:35 [ultranest] [DEBUG] iteration=2876, ncalls=11186, regioncalls=469280, ndraw=40, logz=-12.33, remainder_fraction=38.8893%, Lmin=-6.00, Lmax=-4.92
19:07:35 [ultranest] [DEBUG] iteration=2878, ncalls=11190, regioncalls=469440, ndraw=40, logz=-12.33, remainder_fraction=38.7947%, Lmin=-6.00, Lmax=-4.92
19:07:36 [ultranest] [DEBUG] iteration=2879, ncalls=11197, regioncalls=470000, ndraw=40, logz=-12.33, remainder_fraction=38.7361%, Lmin=-6.00, Lmax=-4.92
19:07:36 [ultranest] [DEBUG] iteration=2880, ncalls=11198, regioncalls=470040, ndraw=40, logz=-12.33, remainder_fraction=38.6547%, Lmin=-6.00, Lmax=-4.92
19:07:36 [ultranest] [DEBUG] iteration=2881, ncalls=11209, regioncalls=470680, ndraw=40, logz=-12.32, remainder_fraction=38.6154%, Lmin=-6.00, Lmax=-4.92
19:07:36 [ultranest] [DEBUG] iteration=2883, ncalls=11212, regioncalls=470800, ndraw=40, logz=-12.32, remainder_fraction=38.4733%, Lmin=-5.99, Lmax=-4.92
19:07:36 [ultranest] [DEBUG] iteration=2884, ncalls=11216, regioncalls=470960, ndraw=40, logz=-12.32, remainder_fraction=38.3923%, Lmin=-5.99, Lmax=-4.92
19:07:37 [ultranest] [DEBUG] iteration=2885, ncalls=11222, regioncalls=471200, ndraw=40, logz=-12.32, remainder_fraction=38.3331%, Lmin=-5.99, Lmax=-4.92
19:07:37 [ultranest] [DEBUG] iteration=2886, ncalls=11230, regioncalls=471520, ndraw=40, logz=-12.32, remainder_fraction=38.2855%, Lmin=-5.99, Lmax=-4.92
19:07:37 [ultranest] [DEBUG] iteration=2887, ncalls=11233, regioncalls=471640, ndraw=40, logz=-12.32, remainder_fraction=38.2023%, Lmin=-5.99, Lmax=-4.92
19:07:37 [ultranest] [DEBUG] iteration=2888, ncalls=11242, regioncalls=472000, ndraw=40, logz=-12.32, remainder_fraction=38.1352%, Lmin=-5.98, Lmax=-4.92
19:07:37 [ultranest] [DEBUG] iteration=2889, ncalls=11245, regioncalls=472120, ndraw=40, logz=-12.32, remainder_fraction=38.0540%, Lmin=-5.98, Lmax=-4.92
19:07:38 [ultranest] [DEBUG] iteration=2891, ncalls=11251, regioncalls=472360, ndraw=40, logz=-12.31, remainder_fraction=37.9118%, Lmin=-5.98, Lmax=-4.92
19:07:38 [ultranest] [DEBUG] iteration=2892, ncalls=11254, regioncalls=472480, ndraw=40, logz=-12.31, remainder_fraction=37.8345%, Lmin=-5.98, Lmax=-4.92
19:07:38 [ultranest] [DEBUG] iteration=2894, ncalls=11260, regioncalls=472720, ndraw=40, logz=-12.31, remainder_fraction=37.6712%, Lmin=-5.98, Lmax=-4.92
19:07:38 [ultranest] [DEBUG] iteration=2895, ncalls=11263, regioncalls=472840, ndraw=40, logz=-12.31, remainder_fraction=37.6084%, Lmin=-5.98, Lmax=-4.92
19:07:39 [ultranest] [DEBUG] iteration=2896, ncalls=11276, regioncalls=473760, ndraw=40, logz=-12.31, remainder_fraction=37.5299%, Lmin=-5.98, Lmax=-4.92
19:07:39 [ultranest] [DEBUG] iteration=2897, ncalls=11283, regioncalls=474040, ndraw=40, logz=-12.31, remainder_fraction=37.4880%, Lmin=-5.98, Lmax=-4.92
19:07:39 [ultranest] [DEBUG] iteration=2899, ncalls=11290, regioncalls=474520, ndraw=40, logz=-12.31, remainder_fraction=37.3507%, Lmin=-5.97, Lmax=-4.92
19:07:39 [ultranest] [DEBUG] iteration=2900, ncalls=11293, regioncalls=474640, ndraw=40, logz=-12.31, remainder_fraction=37.2712%, Lmin=-5.97, Lmax=-4.92
19:07:39 [ultranest] [DEBUG] iteration=2902, ncalls=11302, regioncalls=475000, ndraw=40, logz=-12.30, remainder_fraction=37.1121%, Lmin=-5.97, Lmax=-4.92
19:07:40 [ultranest] [DEBUG] iteration=2903, ncalls=11307, regioncalls=475200, ndraw=40, logz=-12.30, remainder_fraction=37.0910%, Lmin=-5.97, Lmax=-4.92
19:07:40 [ultranest] [DEBUG] iteration=2904, ncalls=11311, regioncalls=475360, ndraw=40, logz=-12.30, remainder_fraction=37.0194%, Lmin=-5.96, Lmax=-4.92
19:07:40 [ultranest] [DEBUG] iteration=2905, ncalls=11322, regioncalls=476200, ndraw=40, logz=-12.30, remainder_fraction=36.9403%, Lmin=-5.96, Lmax=-4.92
19:07:40 [ultranest] [DEBUG] iteration=2906, ncalls=11327, regioncalls=476400, ndraw=40, logz=-12.30, remainder_fraction=36.9018%, Lmin=-5.96, Lmax=-4.92
19:07:41 [ultranest] [DEBUG] iteration=2907, ncalls=11341, regioncalls=477160, ndraw=40, logz=-12.30, remainder_fraction=36.8411%, Lmin=-5.96, Lmax=-4.92
19:07:41 [ultranest] [DEBUG] iteration=2908, ncalls=11352, regioncalls=478040, ndraw=40, logz=-12.30, remainder_fraction=36.8177%, Lmin=-5.96, Lmax=-4.92
19:07:42 [ultranest] [DEBUG] iteration=2909, ncalls=11362, regioncalls=478440, ndraw=40, logz=-12.30, remainder_fraction=36.7629%, Lmin=-5.96, Lmax=-4.92
19:07:42 [ultranest] [DEBUG] iteration=2910, ncalls=11369, regioncalls=478720, ndraw=40, logz=-12.30, remainder_fraction=36.7082%, Lmin=-5.96, Lmax=-4.92
19:07:43 [ultranest] [DEBUG] iteration=2911, ncalls=11390, regioncalls=480200, ndraw=40, logz=-12.29, remainder_fraction=36.6404%, Lmin=-5.96, Lmax=-4.92
19:07:43 [ultranest] [DEBUG] iteration=2912, ncalls=11394, regioncalls=480360, ndraw=40, logz=-12.29, remainder_fraction=36.5620%, Lmin=-5.96, Lmax=-4.92
19:07:43 [ultranest] [DEBUG] iteration=2914, ncalls=11398, regioncalls=480520, ndraw=40, logz=-12.29, remainder_fraction=36.4034%, Lmin=-5.95, Lmax=-4.92
19:07:43 [ultranest] [DEBUG] iteration=2915, ncalls=11403, regioncalls=480720, ndraw=40, logz=-12.29, remainder_fraction=36.3236%, Lmin=-5.95, Lmax=-4.92
19:07:44 [ultranest] [DEBUG] iteration=2916, ncalls=11427, regioncalls=481840, ndraw=40, logz=-12.29, remainder_fraction=36.2478%, Lmin=-5.95, Lmax=-4.92
19:07:44 [ultranest] [DEBUG] iteration=2917, ncalls=11430, regioncalls=481960, ndraw=40, logz=-12.29, remainder_fraction=36.2045%, Lmin=-5.95, Lmax=-4.92
19:07:44 [ultranest] [DEBUG] iteration=2918, ncalls=11435, regioncalls=482160, ndraw=40, logz=-12.29, remainder_fraction=36.1427%, Lmin=-5.95, Lmax=-4.92
19:07:44 [ultranest] [DEBUG] iteration=2920, ncalls=11439, regioncalls=482320, ndraw=40, logz=-12.29, remainder_fraction=36.0203%, Lmin=-5.95, Lmax=-4.92
19:07:46 [ultranest] [DEBUG] iteration=2921, ncalls=11475, regioncalls=483760, ndraw=40, logz=-12.28, remainder_fraction=35.9776%, Lmin=-5.95, Lmax=-4.92
19:07:46 [ultranest] [DEBUG] iteration=2922, ncalls=11479, regioncalls=483920, ndraw=40, logz=-12.28, remainder_fraction=35.8987%, Lmin=-5.95, Lmax=-4.92
19:07:46 [ultranest] [DEBUG] iteration=2923, ncalls=11483, regioncalls=484080, ndraw=40, logz=-12.28, remainder_fraction=35.8201%, Lmin=-5.95, Lmax=-4.92
19:07:46 [ultranest] [DEBUG] iteration=2924, ncalls=11489, regioncalls=484320, ndraw=40, logz=-12.28, remainder_fraction=35.7595%, Lmin=-5.95, Lmax=-4.92
19:07:46 [ultranest] [DEBUG] iteration=2926, ncalls=11493, regioncalls=484480, ndraw=40, logz=-12.28, remainder_fraction=35.6400%, Lmin=-5.94, Lmax=-4.92
19:07:47 [ultranest] [DEBUG] iteration=2928, ncalls=11497, regioncalls=484720, ndraw=40, logz=-12.28, remainder_fraction=35.5143%, Lmin=-5.94, Lmax=-4.92
19:07:47 [ultranest] [DEBUG] iteration=2930, ncalls=11517, regioncalls=485720, ndraw=40, logz=-12.28, remainder_fraction=35.3806%, Lmin=-5.94, Lmax=-4.92
19:07:47 [ultranest] [DEBUG] iteration=2931, ncalls=11524, regioncalls=486000, ndraw=40, logz=-12.28, remainder_fraction=35.3201%, Lmin=-5.94, Lmax=-4.92
19:07:48 [ultranest] [DEBUG] iteration=2932, ncalls=11530, regioncalls=486240, ndraw=40, logz=-12.27, remainder_fraction=35.2529%, Lmin=-5.94, Lmax=-4.92
19:07:48 [ultranest] [DEBUG] iteration=2933, ncalls=11534, regioncalls=486400, ndraw=40, logz=-12.27, remainder_fraction=35.2373%, Lmin=-5.94, Lmax=-4.92
19:07:48 [ultranest] [DEBUG] iteration=2935, ncalls=11537, regioncalls=486520, ndraw=40, logz=-12.27, remainder_fraction=35.1183%, Lmin=-5.94, Lmax=-4.92
19:07:48 [ultranest] [DEBUG] iteration=2937, ncalls=11541, regioncalls=486840, ndraw=40, logz=-12.27, remainder_fraction=34.9858%, Lmin=-5.94, Lmax=-4.92
19:07:48 [ultranest] [DEBUG] iteration=2939, ncalls=11544, regioncalls=486960, ndraw=40, logz=-12.27, remainder_fraction=34.8417%, Lmin=-5.94, Lmax=-4.92
19:07:49 [ultranest] [DEBUG] iteration=2940, ncalls=11561, regioncalls=487640, ndraw=40, logz=-12.27, remainder_fraction=34.7645%, Lmin=-5.94, Lmax=-4.92
19:07:49 [ultranest] [DEBUG] iteration=2942, ncalls=11565, regioncalls=487800, ndraw=40, logz=-12.27, remainder_fraction=34.6282%, Lmin=-5.93, Lmax=-4.92
19:07:49 [ultranest] [DEBUG] iteration=2943, ncalls=11573, regioncalls=488120, ndraw=40, logz=-12.26, remainder_fraction=34.5681%, Lmin=-5.93, Lmax=-4.92
19:07:49 [ultranest] [DEBUG] iteration=2944, ncalls=11578, regioncalls=488320, ndraw=40, logz=-12.26, remainder_fraction=34.5291%, Lmin=-5.93, Lmax=-4.92
19:07:50 [ultranest] [DEBUG] iteration=2945, ncalls=11581, regioncalls=488440, ndraw=40, logz=-12.26, remainder_fraction=34.4714%, Lmin=-5.93, Lmax=-4.92
19:07:50 [ultranest] [DEBUG] iteration=2946, ncalls=11586, regioncalls=488640, ndraw=40, logz=-12.26, remainder_fraction=34.4283%, Lmin=-5.93, Lmax=-4.92
19:07:50 [ultranest] [DEBUG] iteration=2947, ncalls=11589, regioncalls=488760, ndraw=40, logz=-12.26, remainder_fraction=34.3768%, Lmin=-5.93, Lmax=-4.92
19:07:50 [ultranest] [DEBUG] iteration=2948, ncalls=11595, regioncalls=489000, ndraw=40, logz=-12.26, remainder_fraction=34.3327%, Lmin=-5.92, Lmax=-4.92
19:07:50 [ultranest] [DEBUG] iteration=2949, ncalls=11602, regioncalls=489280, ndraw=40, logz=-12.26, remainder_fraction=34.2741%, Lmin=-5.92, Lmax=-4.92
19:07:51 [ultranest] [DEBUG] iteration=2951, ncalls=11616, regioncalls=489960, ndraw=40, logz=-12.26, remainder_fraction=34.1969%, Lmin=-5.92, Lmax=-4.92
19:07:51 [ultranest] [DEBUG] iteration=2954, ncalls=11620, regioncalls=490120, ndraw=40, logz=-12.25, remainder_fraction=34.0327%, Lmin=-5.92, Lmax=-4.92
19:07:51 [ultranest] [DEBUG] iteration=2955, ncalls=11624, regioncalls=490280, ndraw=40, logz=-12.25, remainder_fraction=33.9757%, Lmin=-5.92, Lmax=-4.92
19:07:52 [ultranest] [DEBUG] iteration=2956, ncalls=11636, regioncalls=491120, ndraw=40, logz=-12.25, remainder_fraction=33.9079%, Lmin=-5.91, Lmax=-4.92
19:07:52 [ultranest] [DEBUG] iteration=2958, ncalls=11642, regioncalls=491360, ndraw=40, logz=-12.25, remainder_fraction=33.8493%, Lmin=-5.91, Lmax=-4.92
19:07:52 [ultranest] [DEBUG] iteration=2959, ncalls=11648, regioncalls=491600, ndraw=40, logz=-12.25, remainder_fraction=33.7824%, Lmin=-5.91, Lmax=-4.92
19:07:52 [ultranest] [DEBUG] iteration=2960, ncalls=11654, regioncalls=492240, ndraw=40, logz=-12.25, remainder_fraction=33.7264%, Lmin=-5.91, Lmax=-4.92
19:07:53 [ultranest] [DEBUG] iteration=2961, ncalls=11669, regioncalls=492840, ndraw=40, logz=-12.25, remainder_fraction=33.6519%, Lmin=-5.91, Lmax=-4.92
19:07:54 [ultranest] [DEBUG] iteration=2963, ncalls=11700, regioncalls=494200, ndraw=40, logz=-12.25, remainder_fraction=33.5502%, Lmin=-5.91, Lmax=-4.92
19:07:54 [ultranest] [DEBUG] iteration=2964, ncalls=11717, regioncalls=494960, ndraw=40, logz=-12.25, remainder_fraction=33.4859%, Lmin=-5.90, Lmax=-4.92
19:07:55 [ultranest] [DEBUG] iteration=2965, ncalls=11720, regioncalls=495080, ndraw=40, logz=-12.25, remainder_fraction=33.4319%, Lmin=-5.90, Lmax=-4.92
19:07:55 [ultranest] [DEBUG] iteration=2968, ncalls=11725, regioncalls=495280, ndraw=40, logz=-12.24, remainder_fraction=33.2224%, Lmin=-5.90, Lmax=-4.92
19:07:55 [ultranest] [DEBUG] iteration=2969, ncalls=11734, regioncalls=495640, ndraw=40, logz=-12.24, remainder_fraction=33.1968%, Lmin=-5.90, Lmax=-4.92
19:07:56 [ultranest] [DEBUG] iteration=2972, ncalls=11747, regioncalls=496160, ndraw=40, logz=-12.24, remainder_fraction=33.0155%, Lmin=-5.89, Lmax=-4.92
19:07:56 [ultranest] [DEBUG] iteration=2974, ncalls=11769, regioncalls=497040, ndraw=40, logz=-12.24, remainder_fraction=32.9289%, Lmin=-5.89, Lmax=-4.92
19:07:56 [ultranest] [DEBUG] iteration=2975, ncalls=11772, regioncalls=497200, ndraw=40, logz=-12.24, remainder_fraction=32.8900%, Lmin=-5.89, Lmax=-4.92
19:07:57 [ultranest] [DEBUG] iteration=2976, ncalls=11784, regioncalls=497680, ndraw=40, logz=-12.24, remainder_fraction=32.8179%, Lmin=-5.89, Lmax=-4.92
19:07:57 [ultranest] [DEBUG] iteration=2977, ncalls=11794, regioncalls=498200, ndraw=40, logz=-12.24, remainder_fraction=32.7495%, Lmin=-5.88, Lmax=-4.92
19:07:58 [ultranest] [DEBUG] iteration=2979, ncalls=11801, regioncalls=498480, ndraw=40, logz=-12.23, remainder_fraction=32.6327%, Lmin=-5.88, Lmax=-4.92
19:07:58 [ultranest] [DEBUG] iteration=2980, ncalls=11804, regioncalls=498600, ndraw=40, logz=-12.23, remainder_fraction=32.5980%, Lmin=-5.88, Lmax=-4.92
19:07:58 [ultranest] [DEBUG] iteration=2982, ncalls=11818, regioncalls=499200, ndraw=40, logz=-12.23, remainder_fraction=32.4748%, Lmin=-5.87, Lmax=-4.92
19:07:58 [ultranest] [DEBUG] iteration=2984, ncalls=11824, regioncalls=499520, ndraw=40, logz=-12.23, remainder_fraction=32.3704%, Lmin=-5.87, Lmax=-4.92
19:07:59 [ultranest] [DEBUG] iteration=2986, ncalls=11829, regioncalls=499720, ndraw=40, logz=-12.23, remainder_fraction=32.2542%, Lmin=-5.87, Lmax=-4.92
19:07:59 [ultranest] [DEBUG] iteration=2988, ncalls=11837, regioncalls=500040, ndraw=40, logz=-12.23, remainder_fraction=32.1277%, Lmin=-5.86, Lmax=-4.92
19:07:59 [ultranest] [DEBUG] iteration=2989, ncalls=11843, regioncalls=500280, ndraw=40, logz=-12.23, remainder_fraction=32.0932%, Lmin=-5.86, Lmax=-4.92
19:07:59 [ultranest] [DEBUG] iteration=2990, ncalls=11850, regioncalls=500560, ndraw=40, logz=-12.22, remainder_fraction=32.0731%, Lmin=-5.86, Lmax=-4.92
19:08:00 [ultranest] [DEBUG] iteration=2993, ncalls=11874, regioncalls=501640, ndraw=40, logz=-12.22, remainder_fraction=31.9378%, Lmin=-5.85, Lmax=-4.92
19:08:01 [ultranest] [DEBUG] iteration=2994, ncalls=11882, regioncalls=502120, ndraw=40, logz=-12.22, remainder_fraction=31.8883%, Lmin=-5.85, Lmax=-4.92
19:08:01 [ultranest] [DEBUG] iteration=2996, ncalls=11888, regioncalls=502520, ndraw=40, logz=-12.22, remainder_fraction=31.7590%, Lmin=-5.85, Lmax=-4.92
19:08:01 [ultranest] [DEBUG] iteration=2997, ncalls=11896, regioncalls=502840, ndraw=40, logz=-12.22, remainder_fraction=31.6953%, Lmin=-5.85, Lmax=-4.92
19:08:01 [ultranest] [DEBUG] iteration=2999, ncalls=11899, regioncalls=502960, ndraw=40, logz=-12.22, remainder_fraction=31.6189%, Lmin=-5.84, Lmax=-4.92
19:08:02 [ultranest] [DEBUG] iteration=3000, ncalls=11915, regioncalls=503760, ndraw=40, logz=-12.22, remainder_fraction=31.5694%, Lmin=-5.84, Lmax=-4.92
19:08:02 [ultranest] [DEBUG] iteration=3001, ncalls=11918, regioncalls=503880, ndraw=40, logz=-12.22, remainder_fraction=31.5015%, Lmin=-5.84, Lmax=-4.92
19:08:02 [ultranest] [DEBUG] iteration=3003, ncalls=11928, regioncalls=504280, ndraw=40, logz=-12.21, remainder_fraction=31.3909%, Lmin=-5.83, Lmax=-4.92
19:08:02 [ultranest] [DEBUG] iteration=3004, ncalls=11935, regioncalls=504560, ndraw=40, logz=-12.21, remainder_fraction=31.3311%, Lmin=-5.83, Lmax=-4.92
19:08:03 [ultranest] [DEBUG] iteration=3005, ncalls=11939, regioncalls=504720, ndraw=40, logz=-12.21, remainder_fraction=31.2670%, Lmin=-5.83, Lmax=-4.92
19:08:03 [ultranest] [DEBUG] iteration=3006, ncalls=11945, regioncalls=504960, ndraw=40, logz=-12.21, remainder_fraction=31.2114%, Lmin=-5.83, Lmax=-4.92
19:08:03 [ultranest] [DEBUG] iteration=3007, ncalls=11955, regioncalls=505360, ndraw=40, logz=-12.21, remainder_fraction=31.1548%, Lmin=-5.83, Lmax=-4.92
19:08:04 [ultranest] [DEBUG] iteration=3009, ncalls=11976, regioncalls=506600, ndraw=40, logz=-12.21, remainder_fraction=31.0296%, Lmin=-5.82, Lmax=-4.92
19:08:04 [ultranest] [DEBUG] iteration=3010, ncalls=11979, regioncalls=506960, ndraw=40, logz=-12.21, remainder_fraction=30.9672%, Lmin=-5.82, Lmax=-4.92
19:08:04 [ultranest] [DEBUG] iteration=3011, ncalls=11984, regioncalls=507320, ndraw=40, logz=-12.21, remainder_fraction=30.9379%, Lmin=-5.82, Lmax=-4.92
19:08:04 [ultranest] [DEBUG] iteration=3012, ncalls=11989, regioncalls=507520, ndraw=40, logz=-12.21, remainder_fraction=30.9078%, Lmin=-5.82, Lmax=-4.92
19:08:05 [ultranest] [DEBUG] iteration=3013, ncalls=11992, regioncalls=507640, ndraw=40, logz=-12.21, remainder_fraction=30.8646%, Lmin=-5.82, Lmax=-4.92
19:08:05 [ultranest] [DEBUG] iteration=3014, ncalls=11997, regioncalls=507840, ndraw=40, logz=-12.20, remainder_fraction=30.8347%, Lmin=-5.82, Lmax=-4.92
19:08:05 [ultranest] [DEBUG] iteration=3016, ncalls=12000, regioncalls=507960, ndraw=40, logz=-12.20, remainder_fraction=30.7199%, Lmin=-5.81, Lmax=-4.92
19:08:05 [ultranest] [DEBUG] iteration=3017, ncalls=12008, regioncalls=508280, ndraw=40, logz=-12.20, remainder_fraction=30.6511%, Lmin=-5.81, Lmax=-4.92
19:08:05 [ultranest] [DEBUG] iteration=3018, ncalls=12011, regioncalls=508400, ndraw=40, logz=-12.20, remainder_fraction=30.5920%, Lmin=-5.81, Lmax=-4.92
19:08:06 [ultranest] [DEBUG] iteration=3019, ncalls=12023, regioncalls=508880, ndraw=40, logz=-12.20, remainder_fraction=30.5341%, Lmin=-5.81, Lmax=-4.92
19:08:06 [ultranest] [DEBUG] iteration=3020, ncalls=12028, regioncalls=509080, ndraw=40, logz=-12.20, remainder_fraction=30.4716%, Lmin=-5.80, Lmax=-4.92
19:08:06 [ultranest] [DEBUG] iteration=3021, ncalls=12043, regioncalls=509680, ndraw=40, logz=-12.20, remainder_fraction=30.4086%, Lmin=-5.80, Lmax=-4.92
19:08:06 [ultranest] [DEBUG] iteration=3023, ncalls=12047, regioncalls=509840, ndraw=40, logz=-12.20, remainder_fraction=30.3000%, Lmin=-5.80, Lmax=-4.92
19:08:07 [ultranest] [DEBUG] iteration=3024, ncalls=12052, regioncalls=510040, ndraw=40, logz=-12.20, remainder_fraction=30.2309%, Lmin=-5.79, Lmax=-4.92
19:08:07 [ultranest] [DEBUG] iteration=3025, ncalls=12055, regioncalls=510160, ndraw=40, logz=-12.20, remainder_fraction=30.1756%, Lmin=-5.79, Lmax=-4.92
19:08:07 [ultranest] [DEBUG] iteration=3026, ncalls=12067, regioncalls=510640, ndraw=40, logz=-12.20, remainder_fraction=30.1319%, Lmin=-5.79, Lmax=-4.92
19:08:08 [ultranest] [DEBUG] iteration=3027, ncalls=12077, regioncalls=511320, ndraw=40, logz=-12.19, remainder_fraction=30.1026%, Lmin=-5.79, Lmax=-4.92
19:08:08 [ultranest] [DEBUG] iteration=3028, ncalls=12095, regioncalls=512040, ndraw=40, logz=-12.19, remainder_fraction=30.0515%, Lmin=-5.79, Lmax=-4.92
19:08:08 [ultranest] [DEBUG] iteration=3029, ncalls=12100, regioncalls=512240, ndraw=40, logz=-12.19, remainder_fraction=29.9948%, Lmin=-5.79, Lmax=-4.92
19:08:09 [ultranest] [DEBUG] iteration=3030, ncalls=12120, regioncalls=513040, ndraw=40, logz=-12.19, remainder_fraction=29.9445%, Lmin=-5.79, Lmax=-4.92
19:08:09 [ultranest] [DEBUG] iteration=3031, ncalls=12123, regioncalls=513160, ndraw=40, logz=-12.19, remainder_fraction=29.8853%, Lmin=-5.78, Lmax=-4.92
19:08:09 [ultranest] [DEBUG] iteration=3032, ncalls=12127, regioncalls=513480, ndraw=40, logz=-12.19, remainder_fraction=29.8210%, Lmin=-5.78, Lmax=-4.92
19:08:09 [ultranest] [DEBUG] iteration=3033, ncalls=12132, regioncalls=513680, ndraw=40, logz=-12.19, remainder_fraction=29.7586%, Lmin=-5.78, Lmax=-4.92
19:08:10 [ultranest] [DEBUG] iteration=3034, ncalls=12137, regioncalls=513880, ndraw=40, logz=-12.19, remainder_fraction=29.7122%, Lmin=-5.78, Lmax=-4.92
19:08:10 [ultranest] [DEBUG] iteration=3035, ncalls=12149, regioncalls=514360, ndraw=40, logz=-12.19, remainder_fraction=29.6548%, Lmin=-5.78, Lmax=-4.92
19:08:10 [ultranest] [DEBUG] iteration=3037, ncalls=12159, regioncalls=514760, ndraw=40, logz=-12.19, remainder_fraction=29.5319%, Lmin=-5.77, Lmax=-4.92
19:08:11 [ultranest] [DEBUG] iteration=3039, ncalls=12162, regioncalls=514880, ndraw=40, logz=-12.19, remainder_fraction=29.4377%, Lmin=-5.77, Lmax=-4.92
19:08:11 [ultranest] [DEBUG] iteration=3040, ncalls=12186, regioncalls=515920, ndraw=40, logz=-12.18, remainder_fraction=29.3968%, Lmin=-5.77, Lmax=-4.92
19:08:12 [ultranest] [DEBUG] iteration=3041, ncalls=12194, regioncalls=516240, ndraw=40, logz=-12.18, remainder_fraction=29.3710%, Lmin=-5.77, Lmax=-4.92
19:08:12 [ultranest] [DEBUG] iteration=3042, ncalls=12199, regioncalls=516520, ndraw=40, logz=-12.18, remainder_fraction=29.3081%, Lmin=-5.77, Lmax=-4.92
19:08:12 [ultranest] [DEBUG] iteration=3043, ncalls=12206, regioncalls=516800, ndraw=40, logz=-12.18, remainder_fraction=29.2486%, Lmin=-5.77, Lmax=-4.92
19:08:13 [ultranest] [DEBUG] iteration=3044, ncalls=12221, regioncalls=517400, ndraw=40, logz=-12.18, remainder_fraction=29.1861%, Lmin=-5.76, Lmax=-4.92
19:08:13 [ultranest] [DEBUG] iteration=3045, ncalls=12234, regioncalls=517920, ndraw=40, logz=-12.18, remainder_fraction=29.1283%, Lmin=-5.76, Lmax=-4.92
19:08:14 [ultranest] [DEBUG] iteration=3046, ncalls=12245, regioncalls=518360, ndraw=40, logz=-12.18, remainder_fraction=29.0884%, Lmin=-5.75, Lmax=-4.92
19:08:14 [ultranest] [DEBUG] iteration=3049, ncalls=12249, regioncalls=518520, ndraw=40, logz=-12.18, remainder_fraction=28.9148%, Lmin=-5.75, Lmax=-4.92
19:08:14 [ultranest] [DEBUG] iteration=3050, ncalls=12253, regioncalls=518920, ndraw=40, logz=-12.18, remainder_fraction=28.8726%, Lmin=-5.75, Lmax=-4.92
19:08:14 [ultranest] [DEBUG] iteration=3051, ncalls=12256, regioncalls=519040, ndraw=40, logz=-12.18, remainder_fraction=28.8296%, Lmin=-5.75, Lmax=-4.92
19:08:14 [ultranest] [DEBUG] iteration=3052, ncalls=12264, regioncalls=519360, ndraw=40, logz=-12.18, remainder_fraction=28.7911%, Lmin=-5.75, Lmax=-4.92
19:08:14 [ultranest] [DEBUG] iteration=3053, ncalls=12270, regioncalls=519600, ndraw=40, logz=-12.17, remainder_fraction=28.7305%, Lmin=-5.75, Lmax=-4.92
19:08:15 [ultranest] [DEBUG] iteration=3055, ncalls=12273, regioncalls=519720, ndraw=40, logz=-12.17, remainder_fraction=28.6338%, Lmin=-5.75, Lmax=-4.92
19:08:15 [ultranest] [DEBUG] iteration=3056, ncalls=12294, regioncalls=520800, ndraw=40, logz=-12.17, remainder_fraction=28.5739%, Lmin=-5.75, Lmax=-4.92
19:08:15 [ultranest] [DEBUG] iteration=3058, ncalls=12297, regioncalls=520920, ndraw=40, logz=-12.17, remainder_fraction=28.5057%, Lmin=-5.75, Lmax=-4.92
19:08:16 [ultranest] [DEBUG] iteration=3060, ncalls=12301, regioncalls=521480, ndraw=40, logz=-12.17, remainder_fraction=28.3928%, Lmin=-5.75, Lmax=-4.92
19:08:16 [ultranest] [DEBUG] iteration=3061, ncalls=12311, regioncalls=521880, ndraw=40, logz=-12.17, remainder_fraction=28.3281%, Lmin=-5.75, Lmax=-4.92
19:08:16 [ultranest] [DEBUG] iteration=3062, ncalls=12315, regioncalls=522040, ndraw=40, logz=-12.17, remainder_fraction=28.2943%, Lmin=-5.74, Lmax=-4.92
19:08:17 [ultranest] [DEBUG] iteration=3063, ncalls=12326, regioncalls=522480, ndraw=40, logz=-12.17, remainder_fraction=28.2453%, Lmin=-5.74, Lmax=-4.92
19:08:17 [ultranest] [DEBUG] iteration=3065, ncalls=12331, regioncalls=522720, ndraw=40, logz=-12.17, remainder_fraction=28.1428%, Lmin=-5.74, Lmax=-4.92
19:08:17 [ultranest] [DEBUG] iteration=3066, ncalls=12334, regioncalls=522840, ndraw=40, logz=-12.17, remainder_fraction=28.0807%, Lmin=-5.74, Lmax=-4.92
19:08:17 [ultranest] [DEBUG] iteration=3067, ncalls=12344, regioncalls=523240, ndraw=40, logz=-12.16, remainder_fraction=28.0378%, Lmin=-5.74, Lmax=-4.92
19:08:18 [ultranest] [DEBUG] iteration=3068, ncalls=12363, regioncalls=524400, ndraw=40, logz=-12.16, remainder_fraction=27.9782%, Lmin=-5.74, Lmax=-4.92
19:08:18 [ultranest] [DEBUG] iteration=3069, ncalls=12371, regioncalls=524720, ndraw=40, logz=-12.16, remainder_fraction=27.9178%, Lmin=-5.74, Lmax=-4.92
19:08:18 [ultranest] [DEBUG] iteration=3070, ncalls=12378, regioncalls=525000, ndraw=40, logz=-12.16, remainder_fraction=27.8803%, Lmin=-5.73, Lmax=-4.92
19:08:19 [ultranest] [DEBUG] iteration=3071, ncalls=12389, regioncalls=525440, ndraw=40, logz=-12.16, remainder_fraction=27.8276%, Lmin=-5.73, Lmax=-4.92
19:08:19 [ultranest] [DEBUG] iteration=3073, ncalls=12401, regioncalls=525920, ndraw=40, logz=-12.16, remainder_fraction=27.7349%, Lmin=-5.73, Lmax=-4.92
19:08:19 [ultranest] [DEBUG] iteration=3074, ncalls=12404, regioncalls=526040, ndraw=40, logz=-12.16, remainder_fraction=27.6751%, Lmin=-5.73, Lmax=-4.92
19:08:20 [ultranest] [DEBUG] iteration=3075, ncalls=12415, regioncalls=526480, ndraw=40, logz=-12.16, remainder_fraction=27.6136%, Lmin=-5.73, Lmax=-4.92
19:08:20 [ultranest] [DEBUG] iteration=3076, ncalls=12425, regioncalls=526880, ndraw=40, logz=-12.16, remainder_fraction=27.5653%, Lmin=-5.73, Lmax=-4.92
19:08:20 [ultranest] [DEBUG] iteration=3078, ncalls=12429, regioncalls=527040, ndraw=40, logz=-12.16, remainder_fraction=27.4489%, Lmin=-5.73, Lmax=-4.92
19:08:20 [ultranest] [DEBUG] iteration=3079, ncalls=12435, regioncalls=527280, ndraw=40, logz=-12.16, remainder_fraction=27.4059%, Lmin=-5.73, Lmax=-4.92
19:08:21 [ultranest] [DEBUG] iteration=3080, ncalls=12436, regioncalls=527320, ndraw=40, logz=-12.16, remainder_fraction=27.3451%, Lmin=-5.73, Lmax=-4.92
19:08:21 [ultranest] [DEBUG] iteration=3082, ncalls=12445, regioncalls=527680, ndraw=40, logz=-12.15, remainder_fraction=27.2221%, Lmin=-5.72, Lmax=-4.92
19:08:21 [ultranest] [DEBUG] iteration=3084, ncalls=12448, regioncalls=527800, ndraw=40, logz=-12.15, remainder_fraction=27.1354%, Lmin=-5.72, Lmax=-4.92
19:08:21 [ultranest] [DEBUG] iteration=3085, ncalls=12451, regioncalls=527920, ndraw=40, logz=-12.15, remainder_fraction=27.0827%, Lmin=-5.72, Lmax=-4.92
19:08:21 [ultranest] [DEBUG] iteration=3087, ncalls=12458, regioncalls=528200, ndraw=40, logz=-12.15, remainder_fraction=26.9689%, Lmin=-5.72, Lmax=-4.92
19:08:21 [ultranest] [DEBUG] iteration=3089, ncalls=12461, regioncalls=528320, ndraw=40, logz=-12.15, remainder_fraction=26.8655%, Lmin=-5.72, Lmax=-4.92
19:08:22 [ultranest] [DEBUG] iteration=3091, ncalls=12470, regioncalls=528800, ndraw=40, logz=-12.15, remainder_fraction=26.7782%, Lmin=-5.72, Lmax=-4.92
19:08:22 [ultranest] [DEBUG] iteration=3092, ncalls=12474, regioncalls=528960, ndraw=40, logz=-12.15, remainder_fraction=26.7273%, Lmin=-5.72, Lmax=-4.92
19:08:22 [ultranest] [DEBUG] iteration=3093, ncalls=12478, regioncalls=529120, ndraw=40, logz=-12.15, remainder_fraction=26.6655%, Lmin=-5.71, Lmax=-4.92
19:08:22 [ultranest] [DEBUG] iteration=3094, ncalls=12483, regioncalls=529320, ndraw=40, logz=-12.15, remainder_fraction=26.6063%, Lmin=-5.71, Lmax=-4.92
19:08:22 [ultranest] [DEBUG] iteration=3096, ncalls=12486, regioncalls=529440, ndraw=40, logz=-12.14, remainder_fraction=26.4955%, Lmin=-5.71, Lmax=-4.92
19:08:22 [ultranest] [DEBUG] iteration=3097, ncalls=12490, regioncalls=529600, ndraw=40, logz=-12.14, remainder_fraction=26.4502%, Lmin=-5.71, Lmax=-4.92
19:08:23 [ultranest] [DEBUG] iteration=3098, ncalls=12497, regioncalls=529880, ndraw=40, logz=-12.14, remainder_fraction=26.3926%, Lmin=-5.71, Lmax=-4.92
19:08:23 [ultranest] [DEBUG] iteration=3100, ncalls=12507, regioncalls=530280, ndraw=40, logz=-12.14, remainder_fraction=26.3004%, Lmin=-5.70, Lmax=-4.92
19:08:23 [ultranest] [DEBUG] iteration=3101, ncalls=12515, regioncalls=530600, ndraw=40, logz=-12.14, remainder_fraction=26.2660%, Lmin=-5.70, Lmax=-4.92
19:08:23 [ultranest] [DEBUG] iteration=3102, ncalls=12519, regioncalls=530760, ndraw=40, logz=-12.14, remainder_fraction=26.2062%, Lmin=-5.70, Lmax=-4.92
19:08:24 [ultranest] [DEBUG] iteration=3104, ncalls=12523, regioncalls=530920, ndraw=40, logz=-12.14, remainder_fraction=26.1164%, Lmin=-5.70, Lmax=-4.92
19:08:25 [ultranest] [DEBUG] iteration=3105, ncalls=12547, regioncalls=531880, ndraw=40, logz=-12.14, remainder_fraction=26.0622%, Lmin=-5.70, Lmax=-4.92
19:08:25 [ultranest] [DEBUG] iteration=3106, ncalls=12558, regioncalls=532320, ndraw=40, logz=-12.14, remainder_fraction=26.0016%, Lmin=-5.70, Lmax=-4.92
19:08:25 [ultranest] [DEBUG] iteration=3107, ncalls=12565, regioncalls=532600, ndraw=40, logz=-12.14, remainder_fraction=25.9615%, Lmin=-5.70, Lmax=-4.83
19:08:25 [ultranest] [DEBUG] iteration=3109, ncalls=12570, regioncalls=532800, ndraw=40, logz=-12.14, remainder_fraction=25.9116%, Lmin=-5.69, Lmax=-4.83
19:08:25 [ultranest] [DEBUG] iteration=3110, ncalls=12573, regioncalls=532920, ndraw=40, logz=-12.13, remainder_fraction=25.8646%, Lmin=-5.69, Lmax=-4.83
19:08:26 [ultranest] [DEBUG] iteration=3111, ncalls=12577, regioncalls=533080, ndraw=40, logz=-12.13, remainder_fraction=25.8212%, Lmin=-5.69, Lmax=-4.83
19:08:26 [ultranest] [DEBUG] iteration=3112, ncalls=12589, regioncalls=533560, ndraw=40, logz=-12.13, remainder_fraction=25.7635%, Lmin=-5.69, Lmax=-4.83
19:08:26 [ultranest] [DEBUG] iteration=3113, ncalls=12592, regioncalls=533680, ndraw=40, logz=-12.13, remainder_fraction=25.7090%, Lmin=-5.69, Lmax=-4.83
19:08:27 [ultranest] [DEBUG] iteration=3115, ncalls=12602, regioncalls=534240, ndraw=40, logz=-12.13, remainder_fraction=25.5912%, Lmin=-5.69, Lmax=-4.83
19:08:27 [ultranest] [DEBUG] iteration=3116, ncalls=12608, regioncalls=534480, ndraw=40, logz=-12.13, remainder_fraction=25.5495%, Lmin=-5.69, Lmax=-4.83
19:08:27 [ultranest] [DEBUG] iteration=3117, ncalls=12612, regioncalls=534640, ndraw=40, logz=-12.13, remainder_fraction=25.5149%, Lmin=-5.69, Lmax=-4.83
19:08:27 [ultranest] [DEBUG] iteration=3119, ncalls=12619, regioncalls=534920, ndraw=40, logz=-12.13, remainder_fraction=25.4231%, Lmin=-5.69, Lmax=-4.83
19:08:27 [ultranest] [DEBUG] iteration=3120, ncalls=12623, regioncalls=535080, ndraw=40, logz=-12.13, remainder_fraction=25.3676%, Lmin=-5.69, Lmax=-4.83
19:08:28 [ultranest] [DEBUG] iteration=3121, ncalls=12631, regioncalls=535400, ndraw=40, logz=-12.13, remainder_fraction=25.3096%, Lmin=-5.68, Lmax=-4.83
19:08:28 [ultranest] [DEBUG] iteration=3122, ncalls=12634, regioncalls=535520, ndraw=40, logz=-12.13, remainder_fraction=25.2583%, Lmin=-5.68, Lmax=-4.83
19:08:28 [ultranest] [DEBUG] iteration=3123, ncalls=12641, regioncalls=535800, ndraw=40, logz=-12.13, remainder_fraction=25.2023%, Lmin=-5.68, Lmax=-4.83
19:08:28 [ultranest] [DEBUG] iteration=3124, ncalls=12650, regioncalls=536200, ndraw=40, logz=-12.13, remainder_fraction=25.1483%, Lmin=-5.68, Lmax=-4.83
19:08:29 [ultranest] [DEBUG] iteration=3125, ncalls=12661, regioncalls=536640, ndraw=40, logz=-12.13, remainder_fraction=25.0942%, Lmin=-5.68, Lmax=-4.83
19:08:29 [ultranest] [DEBUG] iteration=3126, ncalls=12664, regioncalls=536760, ndraw=40, logz=-12.12, remainder_fraction=25.0512%, Lmin=-5.68, Lmax=-4.83
19:08:29 [ultranest] [DEBUG] iteration=3129, ncalls=12668, regioncalls=536920, ndraw=40, logz=-12.12, remainder_fraction=24.8962%, Lmin=-5.68, Lmax=-4.83
19:08:29 [ultranest] [DEBUG] iteration=3130, ncalls=12677, regioncalls=537280, ndraw=40, logz=-12.12, remainder_fraction=24.8727%, Lmin=-5.67, Lmax=-4.83
19:08:30 [ultranest] [DEBUG] iteration=3131, ncalls=12686, regioncalls=537640, ndraw=40, logz=-12.12, remainder_fraction=24.8171%, Lmin=-5.67, Lmax=-4.83
19:08:30 [ultranest] [DEBUG] iteration=3132, ncalls=12689, regioncalls=537760, ndraw=40, logz=-12.12, remainder_fraction=24.7670%, Lmin=-5.67, Lmax=-4.83
19:08:30 [ultranest] [DEBUG] iteration=3133, ncalls=12692, regioncalls=537880, ndraw=40, logz=-12.12, remainder_fraction=24.7158%, Lmin=-5.67, Lmax=-4.83
19:08:30 [ultranest] [DEBUG] iteration=3135, ncalls=12696, regioncalls=538040, ndraw=40, logz=-12.12, remainder_fraction=24.6174%, Lmin=-5.67, Lmax=-4.83
19:08:30 [ultranest] [DEBUG] iteration=3136, ncalls=12699, regioncalls=538160, ndraw=40, logz=-12.12, remainder_fraction=24.5708%, Lmin=-5.67, Lmax=-4.83
19:08:30 [ultranest] [DEBUG] iteration=3138, ncalls=12711, regioncalls=538640, ndraw=40, logz=-12.12, remainder_fraction=24.4928%, Lmin=-5.67, Lmax=-4.83
19:08:31 [ultranest] [DEBUG] iteration=3139, ncalls=12717, regioncalls=538880, ndraw=40, logz=-12.12, remainder_fraction=24.4504%, Lmin=-5.67, Lmax=-4.83
19:08:31 [ultranest] [DEBUG] iteration=3140, ncalls=12726, regioncalls=539240, ndraw=40, logz=-12.12, remainder_fraction=24.4111%, Lmin=-5.67, Lmax=-4.83
19:08:31 [ultranest] [DEBUG] iteration=3141, ncalls=12737, regioncalls=539680, ndraw=40, logz=-12.12, remainder_fraction=24.3642%, Lmin=-5.67, Lmax=-4.83
19:08:32 [ultranest] [DEBUG] iteration=3142, ncalls=12742, regioncalls=539880, ndraw=40, logz=-12.11, remainder_fraction=24.3210%, Lmin=-5.67, Lmax=-4.83
19:08:32 [ultranest] [DEBUG] iteration=3143, ncalls=12751, regioncalls=540240, ndraw=40, logz=-12.11, remainder_fraction=24.2700%, Lmin=-5.67, Lmax=-4.83
19:08:32 [ultranest] [DEBUG] iteration=3144, ncalls=12755, regioncalls=540400, ndraw=40, logz=-12.11, remainder_fraction=24.2434%, Lmin=-5.66, Lmax=-4.83
19:08:32 [ultranest] [DEBUG] iteration=3145, ncalls=12762, regioncalls=540680, ndraw=40, logz=-12.11, remainder_fraction=24.1878%, Lmin=-5.66, Lmax=-4.83
19:08:32 [ultranest] [DEBUG] iteration=3146, ncalls=12766, regioncalls=540840, ndraw=40, logz=-12.11, remainder_fraction=24.1383%, Lmin=-5.66, Lmax=-4.83
19:08:33 [ultranest] [DEBUG] iteration=3147, ncalls=12771, regioncalls=541040, ndraw=40, logz=-12.11, remainder_fraction=24.0863%, Lmin=-5.66, Lmax=-4.83
19:08:33 [ultranest] [DEBUG] iteration=3148, ncalls=12777, regioncalls=541280, ndraw=40, logz=-12.11, remainder_fraction=24.0455%, Lmin=-5.66, Lmax=-4.83
19:08:33 [ultranest] [DEBUG] iteration=3149, ncalls=12780, regioncalls=541400, ndraw=40, logz=-12.11, remainder_fraction=23.9968%, Lmin=-5.66, Lmax=-4.83
19:08:33 [ultranest] [DEBUG] iteration=3150, ncalls=12791, regioncalls=542120, ndraw=40, logz=-12.11, remainder_fraction=23.9530%, Lmin=-5.66, Lmax=-4.83
19:08:34 [ultranest] [DEBUG] iteration=3151, ncalls=12797, regioncalls=542360, ndraw=40, logz=-12.11, remainder_fraction=23.9141%, Lmin=-5.66, Lmax=-4.83
19:08:34 [ultranest] [DEBUG] iteration=3152, ncalls=12802, regioncalls=542640, ndraw=40, logz=-12.11, remainder_fraction=23.8591%, Lmin=-5.66, Lmax=-4.83
19:08:34 [ultranest] [DEBUG] iteration=3153, ncalls=12807, regioncalls=542840, ndraw=40, logz=-12.11, remainder_fraction=23.8074%, Lmin=-5.66, Lmax=-4.83
19:08:35 [ultranest] [DEBUG] iteration=3154, ncalls=12826, regioncalls=543640, ndraw=40, logz=-12.11, remainder_fraction=23.7581%, Lmin=-5.66, Lmax=-4.83
19:08:35 [ultranest] [DEBUG] iteration=3156, ncalls=12829, regioncalls=543760, ndraw=40, logz=-12.11, remainder_fraction=23.6748%, Lmin=-5.66, Lmax=-4.83
19:08:35 [ultranest] [DEBUG] iteration=3159, ncalls=12835, regioncalls=544000, ndraw=40, logz=-12.10, remainder_fraction=23.5394%, Lmin=-5.65, Lmax=-4.83
19:08:35 [ultranest] [DEBUG] iteration=3160, ncalls=12839, regioncalls=544160, ndraw=40, logz=-12.10, remainder_fraction=23.4963%, Lmin=-5.65, Lmax=-4.83
19:08:35 [ultranest] [DEBUG] iteration=3161, ncalls=12848, regioncalls=544560, ndraw=40, logz=-12.10, remainder_fraction=23.4638%, Lmin=-5.65, Lmax=-4.83
19:08:36 [ultranest] [DEBUG] iteration=3163, ncalls=12855, regioncalls=545080, ndraw=40, logz=-12.10, remainder_fraction=23.3844%, Lmin=-5.65, Lmax=-4.83
19:08:36 [ultranest] [DEBUG] iteration=3164, ncalls=12860, regioncalls=545360, ndraw=40, logz=-12.10, remainder_fraction=23.3657%, Lmin=-5.65, Lmax=-4.83
19:08:36 [ultranest] [DEBUG] iteration=3166, ncalls=12863, regioncalls=545480, ndraw=40, logz=-12.10, remainder_fraction=23.2877%, Lmin=-5.65, Lmax=-4.83
19:08:36 [ultranest] [DEBUG] iteration=3168, ncalls=12870, regioncalls=545760, ndraw=40, logz=-12.10, remainder_fraction=23.1898%, Lmin=-5.65, Lmax=-4.83
19:08:36 [ultranest] [DEBUG] iteration=3169, ncalls=12875, regioncalls=545960, ndraw=40, logz=-12.10, remainder_fraction=23.1430%, Lmin=-5.65, Lmax=-4.83
19:08:37 [ultranest] [DEBUG] iteration=3170, ncalls=12884, regioncalls=546320, ndraw=40, logz=-12.10, remainder_fraction=23.0978%, Lmin=-5.65, Lmax=-4.83
19:08:37 [ultranest] [DEBUG] iteration=3172, ncalls=12888, regioncalls=546480, ndraw=40, logz=-12.10, remainder_fraction=23.0142%, Lmin=-5.64, Lmax=-4.83
19:08:37 [ultranest] [DEBUG] iteration=3174, ncalls=12899, regioncalls=546920, ndraw=40, logz=-12.10, remainder_fraction=22.9389%, Lmin=-5.64, Lmax=-4.83
19:08:38 [ultranest] [DEBUG] iteration=3175, ncalls=12912, regioncalls=547600, ndraw=40, logz=-12.10, remainder_fraction=22.8885%, Lmin=-5.64, Lmax=-4.83
19:08:38 [ultranest] [DEBUG] iteration=3177, ncalls=12916, regioncalls=547760, ndraw=40, logz=-12.09, remainder_fraction=22.8096%, Lmin=-5.64, Lmax=-4.83
19:08:38 [ultranest] [DEBUG] iteration=3179, ncalls=12926, regioncalls=548160, ndraw=40, logz=-12.09, remainder_fraction=22.7256%, Lmin=-5.64, Lmax=-4.83
19:08:38 [ultranest] [DEBUG] iteration=3180, ncalls=12929, regioncalls=548280, ndraw=40, logz=-12.09, remainder_fraction=22.6752%, Lmin=-5.63, Lmax=-4.83
19:08:38 [ultranest] [DEBUG] iteration=3181, ncalls=12934, regioncalls=548720, ndraw=40, logz=-12.09, remainder_fraction=22.6341%, Lmin=-5.63, Lmax=-4.83
19:08:39 [ultranest] [DEBUG] iteration=3182, ncalls=12942, regioncalls=549080, ndraw=40, logz=-12.09, remainder_fraction=22.5832%, Lmin=-5.63, Lmax=-4.83
19:08:39 [ultranest] [DEBUG] iteration=3184, ncalls=12949, regioncalls=549360, ndraw=40, logz=-12.09, remainder_fraction=22.5214%, Lmin=-5.63, Lmax=-4.83
19:08:39 [ultranest] [DEBUG] iteration=3185, ncalls=12956, regioncalls=549720, ndraw=40, logz=-12.09, remainder_fraction=22.4829%, Lmin=-5.63, Lmax=-4.83
19:08:39 [ultranest] [DEBUG] iteration=3188, ncalls=12962, regioncalls=549960, ndraw=40, logz=-12.09, remainder_fraction=22.3645%, Lmin=-5.63, Lmax=-4.83
19:08:40 [ultranest] [DEBUG] iteration=3189, ncalls=12970, regioncalls=550280, ndraw=40, logz=-12.09, remainder_fraction=22.3259%, Lmin=-5.63, Lmax=-4.83
19:08:41 [ultranest] [DEBUG] iteration=3190, ncalls=12995, regioncalls=551280, ndraw=40, logz=-12.09, remainder_fraction=22.3044%, Lmin=-5.63, Lmax=-4.83
19:08:41 [ultranest] [DEBUG] iteration=3191, ncalls=13002, regioncalls=551560, ndraw=40, logz=-12.09, remainder_fraction=22.2741%, Lmin=-5.63, Lmax=-4.83
19:08:41 [ultranest] [DEBUG] iteration=3193, ncalls=13006, regioncalls=551920, ndraw=40, logz=-12.09, remainder_fraction=22.1982%, Lmin=-5.63, Lmax=-4.83
19:08:41 [ultranest] [DEBUG] iteration=3195, ncalls=13015, regioncalls=552280, ndraw=40, logz=-12.08, remainder_fraction=22.1111%, Lmin=-5.62, Lmax=-4.83
19:08:42 [ultranest] [DEBUG] iteration=3196, ncalls=13027, regioncalls=552760, ndraw=40, logz=-12.08, remainder_fraction=22.0704%, Lmin=-5.62, Lmax=-4.83
19:08:42 [ultranest] [DEBUG] iteration=3197, ncalls=13044, regioncalls=553560, ndraw=40, logz=-12.08, remainder_fraction=22.0187%, Lmin=-5.62, Lmax=-4.83
19:08:43 [ultranest] [DEBUG] iteration=3198, ncalls=13048, regioncalls=553720, ndraw=40, logz=-12.08, remainder_fraction=21.9880%, Lmin=-5.62, Lmax=-4.83
19:08:43 [ultranest] [DEBUG] iteration=3199, ncalls=13055, regioncalls=554000, ndraw=40, logz=-12.08, remainder_fraction=21.9423%, Lmin=-5.62, Lmax=-4.83
19:08:43 [ultranest] [DEBUG] iteration=3200, ncalls=13056, regioncalls=554040, ndraw=40, logz=-12.08, remainder_fraction=21.8924%, Lmin=-5.62, Lmax=-4.83
19:08:43 [ultranest] [DEBUG] iteration=3201, ncalls=13060, regioncalls=554200, ndraw=40, logz=-12.08, remainder_fraction=21.8428%, Lmin=-5.61, Lmax=-4.83
19:08:43 [ultranest] [DEBUG] iteration=3202, ncalls=13071, regioncalls=554640, ndraw=40, logz=-12.08, remainder_fraction=21.7931%, Lmin=-5.61, Lmax=-4.83
19:08:44 [ultranest] [DEBUG] iteration=3203, ncalls=13076, regioncalls=554840, ndraw=40, logz=-12.08, remainder_fraction=21.7505%, Lmin=-5.61, Lmax=-4.83
19:08:44 [ultranest] [DEBUG] iteration=3205, ncalls=13079, regioncalls=554960, ndraw=40, logz=-12.08, remainder_fraction=21.6580%, Lmin=-5.61, Lmax=-4.83
19:08:44 [ultranest] [DEBUG] iteration=3206, ncalls=13088, regioncalls=555320, ndraw=40, logz=-12.08, remainder_fraction=21.6182%, Lmin=-5.61, Lmax=-4.83
19:08:44 [ultranest] [DEBUG] iteration=3208, ncalls=13092, regioncalls=555480, ndraw=40, logz=-12.08, remainder_fraction=21.5328%, Lmin=-5.61, Lmax=-4.83
19:08:45 [ultranest] [DEBUG] iteration=3209, ncalls=13103, regioncalls=555920, ndraw=40, logz=-12.08, remainder_fraction=21.4953%, Lmin=-5.61, Lmax=-4.83
19:08:45 [ultranest] [DEBUG] iteration=3210, ncalls=13107, regioncalls=556080, ndraw=40, logz=-12.08, remainder_fraction=21.4605%, Lmin=-5.60, Lmax=-4.83
19:08:45 [ultranest] [DEBUG] iteration=3211, ncalls=13124, regioncalls=556760, ndraw=40, logz=-12.08, remainder_fraction=21.4187%, Lmin=-5.60, Lmax=-4.83
19:08:45 [ultranest] [DEBUG] iteration=3212, ncalls=13128, regioncalls=556920, ndraw=40, logz=-12.07, remainder_fraction=21.3771%, Lmin=-5.60, Lmax=-4.83
19:08:46 [ultranest] [DEBUG] iteration=3214, ncalls=13132, regioncalls=557080, ndraw=40, logz=-12.07, remainder_fraction=21.2838%, Lmin=-5.60, Lmax=-4.83
19:08:46 [ultranest] [DEBUG] iteration=3215, ncalls=13151, regioncalls=557840, ndraw=40, logz=-12.07, remainder_fraction=21.2479%, Lmin=-5.60, Lmax=-4.83
19:08:47 [ultranest] [DEBUG] iteration=3216, ncalls=13158, regioncalls=558120, ndraw=40, logz=-12.07, remainder_fraction=21.2053%, Lmin=-5.60, Lmax=-4.83
19:08:47 [ultranest] [DEBUG] iteration=3217, ncalls=13163, regioncalls=558320, ndraw=40, logz=-12.07, remainder_fraction=21.1586%, Lmin=-5.60, Lmax=-4.83
19:08:47 [ultranest] [DEBUG] iteration=3219, ncalls=13184, regioncalls=559160, ndraw=40, logz=-12.07, remainder_fraction=21.0640%, Lmin=-5.60, Lmax=-4.83
19:08:48 [ultranest] [DEBUG] iteration=3220, ncalls=13193, regioncalls=559520, ndraw=40, logz=-12.07, remainder_fraction=21.0365%, Lmin=-5.59, Lmax=-4.83
19:08:48 [ultranest] [DEBUG] iteration=3222, ncalls=13201, regioncalls=559840, ndraw=40, logz=-12.07, remainder_fraction=20.9495%, Lmin=-5.59, Lmax=-4.83
19:08:49 [ultranest] [DEBUG] iteration=3223, ncalls=13214, regioncalls=560360, ndraw=40, logz=-12.07, remainder_fraction=20.9280%, Lmin=-5.59, Lmax=-4.83
19:08:49 [ultranest] [DEBUG] iteration=3224, ncalls=13217, regioncalls=560880, ndraw=40, logz=-12.07, remainder_fraction=20.8832%, Lmin=-5.59, Lmax=-4.83
19:08:49 [ultranest] [DEBUG] iteration=3225, ncalls=13222, regioncalls=561120, ndraw=40, logz=-12.07, remainder_fraction=20.8402%, Lmin=-5.59, Lmax=-4.83
19:08:49 [ultranest] [DEBUG] iteration=3226, ncalls=13226, regioncalls=561280, ndraw=40, logz=-12.07, remainder_fraction=20.7937%, Lmin=-5.59, Lmax=-4.83
19:08:49 [ultranest] [DEBUG] iteration=3227, ncalls=13230, regioncalls=561440, ndraw=40, logz=-12.07, remainder_fraction=20.7589%, Lmin=-5.58, Lmax=-4.83
19:08:50 [ultranest] [DEBUG] iteration=3228, ncalls=13242, regioncalls=562000, ndraw=40, logz=-12.07, remainder_fraction=20.7141%, Lmin=-5.58, Lmax=-4.83
19:08:50 [ultranest] [DEBUG] iteration=3229, ncalls=13247, regioncalls=562720, ndraw=40, logz=-12.07, remainder_fraction=20.6698%, Lmin=-5.58, Lmax=-4.83
19:08:50 [ultranest] [DEBUG] iteration=3230, ncalls=13261, regioncalls=563280, ndraw=40, logz=-12.07, remainder_fraction=20.6266%, Lmin=-5.58, Lmax=-4.83
19:08:50 [ultranest] [DEBUG] iteration=3231, ncalls=13266, regioncalls=563480, ndraw=40, logz=-12.07, remainder_fraction=20.5839%, Lmin=-5.58, Lmax=-4.83
19:08:51 [ultranest] [DEBUG] iteration=3233, ncalls=13271, regioncalls=563680, ndraw=40, logz=-12.06, remainder_fraction=20.5014%, Lmin=-5.58, Lmax=-4.83
19:08:51 [ultranest] [DEBUG] iteration=3234, ncalls=13276, regioncalls=563880, ndraw=40, logz=-12.06, remainder_fraction=20.4563%, Lmin=-5.58, Lmax=-4.83
19:08:51 [ultranest] [DEBUG] iteration=3235, ncalls=13294, regioncalls=564600, ndraw=40, logz=-12.06, remainder_fraction=20.4239%, Lmin=-5.58, Lmax=-4.83
19:08:52 [ultranest] [DEBUG] iteration=3237, ncalls=13312, regioncalls=565320, ndraw=40, logz=-12.06, remainder_fraction=20.3427%, Lmin=-5.57, Lmax=-4.83
19:08:52 [ultranest] [DEBUG] iteration=3238, ncalls=13316, regioncalls=565480, ndraw=40, logz=-12.06, remainder_fraction=20.2979%, Lmin=-5.57, Lmax=-4.83
19:08:52 [ultranest] [DEBUG] iteration=3239, ncalls=13320, regioncalls=565640, ndraw=40, logz=-12.06, remainder_fraction=20.2514%, Lmin=-5.57, Lmax=-4.83
19:08:52 [ultranest] [DEBUG] iteration=3240, ncalls=13322, regioncalls=565720, ndraw=40, logz=-12.06, remainder_fraction=20.2201%, Lmin=-5.57, Lmax=-4.83
19:08:53 [ultranest] [DEBUG] iteration=3241, ncalls=13327, regioncalls=565920, ndraw=40, logz=-12.06, remainder_fraction=20.2005%, Lmin=-5.57, Lmax=-4.83
19:08:53 [ultranest] [DEBUG] iteration=3242, ncalls=13341, regioncalls=566480, ndraw=40, logz=-12.06, remainder_fraction=20.1596%, Lmin=-5.57, Lmax=-4.83
19:08:54 [ultranest] [DEBUG] iteration=3244, ncalls=13352, regioncalls=566920, ndraw=40, logz=-12.06, remainder_fraction=20.0940%, Lmin=-5.57, Lmax=-4.83
19:08:54 [ultranest] [DEBUG] iteration=3245, ncalls=13359, regioncalls=567200, ndraw=40, logz=-12.06, remainder_fraction=20.0475%, Lmin=-5.57, Lmax=-4.83
19:08:55 [ultranest] [DEBUG] iteration=3246, ncalls=13381, regioncalls=568080, ndraw=40, logz=-12.06, remainder_fraction=20.0068%, Lmin=-5.57, Lmax=-4.83
19:08:55 [ultranest] [DEBUG] iteration=3247, ncalls=13400, regioncalls=568920, ndraw=40, logz=-12.06, remainder_fraction=19.9636%, Lmin=-5.57, Lmax=-4.83
19:08:56 [ultranest] [DEBUG] iteration=3248, ncalls=13407, regioncalls=569200, ndraw=40, logz=-12.06, remainder_fraction=19.9241%, Lmin=-5.57, Lmax=-4.83
19:08:56 [ultranest] [DEBUG] iteration=3250, ncalls=13413, regioncalls=569440, ndraw=40, logz=-12.06, remainder_fraction=19.8379%, Lmin=-5.57, Lmax=-4.83
19:08:56 [ultranest] [DEBUG] iteration=3251, ncalls=13427, regioncalls=570000, ndraw=40, logz=-12.06, remainder_fraction=19.8122%, Lmin=-5.56, Lmax=-4.83
19:08:56 [ultranest] [DEBUG] iteration=3252, ncalls=13431, regioncalls=570160, ndraw=40, logz=-12.05, remainder_fraction=19.7707%, Lmin=-5.56, Lmax=-4.83
19:08:57 [ultranest] [DEBUG] iteration=3253, ncalls=13439, regioncalls=570520, ndraw=40, logz=-12.05, remainder_fraction=19.7317%, Lmin=-5.56, Lmax=-4.83
19:08:57 [ultranest] [DEBUG] iteration=3254, ncalls=13447, regioncalls=570840, ndraw=40, logz=-12.05, remainder_fraction=19.6895%, Lmin=-5.56, Lmax=-4.83
19:08:58 [ultranest] [DEBUG] iteration=3255, ncalls=13464, regioncalls=571520, ndraw=40, logz=-12.05, remainder_fraction=19.6442%, Lmin=-5.56, Lmax=-4.83
19:08:58 [ultranest] [DEBUG] iteration=3257, ncalls=13471, regioncalls=571920, ndraw=40, logz=-12.05, remainder_fraction=19.5577%, Lmin=-5.56, Lmax=-4.83
19:08:58 [ultranest] [DEBUG] iteration=3258, ncalls=13482, regioncalls=572360, ndraw=40, logz=-12.05, remainder_fraction=19.5292%, Lmin=-5.56, Lmax=-4.83
19:08:58 [ultranest] [DEBUG] iteration=3259, ncalls=13486, regioncalls=572520, ndraw=40, logz=-12.05, remainder_fraction=19.4889%, Lmin=-5.56, Lmax=-4.83
19:08:58 [ultranest] [DEBUG] iteration=3260, ncalls=13489, regioncalls=572640, ndraw=40, logz=-12.05, remainder_fraction=19.4482%, Lmin=-5.56, Lmax=-4.83
19:08:59 [ultranest] [DEBUG] iteration=3261, ncalls=13500, regioncalls=573080, ndraw=40, logz=-12.05, remainder_fraction=19.4124%, Lmin=-5.55, Lmax=-4.83
19:08:59 [ultranest] [DEBUG] iteration=3262, ncalls=13512, regioncalls=573560, ndraw=40, logz=-12.05, remainder_fraction=19.3695%, Lmin=-5.55, Lmax=-4.83
19:09:00 [ultranest] [DEBUG] iteration=3264, ncalls=13523, regioncalls=574000, ndraw=40, logz=-12.05, remainder_fraction=19.2847%, Lmin=-5.55, Lmax=-4.83
19:09:00 [ultranest] [DEBUG] iteration=3265, ncalls=13538, regioncalls=574600, ndraw=40, logz=-12.05, remainder_fraction=19.2482%, Lmin=-5.55, Lmax=-4.83
19:09:00 [ultranest] [DEBUG] iteration=3266, ncalls=13545, regioncalls=574960, ndraw=40, logz=-12.05, remainder_fraction=19.2043%, Lmin=-5.55, Lmax=-4.83
19:09:01 [ultranest] [DEBUG] iteration=3267, ncalls=13548, regioncalls=575080, ndraw=40, logz=-12.05, remainder_fraction=19.1751%, Lmin=-5.55, Lmax=-4.83
19:09:01 [ultranest] [DEBUG] iteration=3268, ncalls=13559, regioncalls=575520, ndraw=40, logz=-12.05, remainder_fraction=19.1299%, Lmin=-5.55, Lmax=-4.83
19:09:01 [ultranest] [DEBUG] iteration=3270, ncalls=13568, regioncalls=575880, ndraw=40, logz=-12.05, remainder_fraction=19.0633%, Lmin=-5.55, Lmax=-4.83
19:09:02 [ultranest] [DEBUG] iteration=3271, ncalls=13585, regioncalls=576960, ndraw=40, logz=-12.05, remainder_fraction=19.0288%, Lmin=-5.55, Lmax=-4.83
19:09:02 [ultranest] [DEBUG] iteration=3273, ncalls=13590, regioncalls=577240, ndraw=40, logz=-12.04, remainder_fraction=18.9743%, Lmin=-5.54, Lmax=-4.83
19:09:03 [ultranest] [DEBUG] iteration=3274, ncalls=13603, regioncalls=577760, ndraw=40, logz=-12.04, remainder_fraction=18.9326%, Lmin=-5.54, Lmax=-4.83
19:09:03 [ultranest] [DEBUG] iteration=3275, ncalls=13612, regioncalls=578400, ndraw=40, logz=-12.04, remainder_fraction=18.8928%, Lmin=-5.54, Lmax=-4.83
19:09:03 [ultranest] [DEBUG] iteration=3276, ncalls=13620, regioncalls=578720, ndraw=40, logz=-12.04, remainder_fraction=18.8482%, Lmin=-5.54, Lmax=-4.83
19:09:04 [ultranest] [DEBUG] iteration=3277, ncalls=13631, regioncalls=579160, ndraw=40, logz=-12.04, remainder_fraction=18.8074%, Lmin=-5.54, Lmax=-4.83
19:09:04 [ultranest] [DEBUG] iteration=3278, ncalls=13640, regioncalls=579560, ndraw=40, logz=-12.04, remainder_fraction=18.7762%, Lmin=-5.54, Lmax=-4.83
19:09:04 [ultranest] [DEBUG] iteration=3279, ncalls=13656, regioncalls=580280, ndraw=40, logz=-12.04, remainder_fraction=18.7394%, Lmin=-5.54, Lmax=-4.83
19:09:05 [ultranest] [DEBUG] iteration=3280, ncalls=13665, regioncalls=580640, ndraw=40, logz=-12.04, remainder_fraction=18.7041%, Lmin=-5.54, Lmax=-4.83
19:09:05 [ultranest] [DEBUG] iteration=3282, ncalls=13677, regioncalls=581120, ndraw=40, logz=-12.04, remainder_fraction=18.6335%, Lmin=-5.54, Lmax=-4.83
19:09:06 [ultranest] [DEBUG] iteration=3283, ncalls=13685, regioncalls=581440, ndraw=40, logz=-12.04, remainder_fraction=18.5920%, Lmin=-5.54, Lmax=-4.83
19:09:06 [ultranest] [DEBUG] iteration=3284, ncalls=13699, regioncalls=582040, ndraw=40, logz=-12.04, remainder_fraction=18.5538%, Lmin=-5.54, Lmax=-4.83
19:09:06 [ultranest] [DEBUG] iteration=3285, ncalls=13705, regioncalls=582280, ndraw=40, logz=-12.04, remainder_fraction=18.5221%, Lmin=-5.54, Lmax=-4.83
19:09:06 [ultranest] [DEBUG] iteration=3287, ncalls=13708, regioncalls=582400, ndraw=40, logz=-12.04, remainder_fraction=18.4494%, Lmin=-5.54, Lmax=-4.83
19:09:06 [ultranest] [DEBUG] iteration=3288, ncalls=13712, regioncalls=582560, ndraw=40, logz=-12.04, remainder_fraction=18.4053%, Lmin=-5.53, Lmax=-4.83
19:09:07 [ultranest] [DEBUG] iteration=3290, ncalls=13725, regioncalls=583080, ndraw=40, logz=-12.04, remainder_fraction=18.3402%, Lmin=-5.53, Lmax=-4.83
19:09:07 [ultranest] [DEBUG] iteration=3291, ncalls=13735, regioncalls=583480, ndraw=40, logz=-12.04, remainder_fraction=18.3138%, Lmin=-5.53, Lmax=-4.83
19:09:08 [ultranest] [DEBUG] iteration=3294, ncalls=13746, regioncalls=583920, ndraw=40, logz=-12.04, remainder_fraction=18.2002%, Lmin=-5.53, Lmax=-4.83
19:09:08 [ultranest] [DEBUG] iteration=3295, ncalls=13753, regioncalls=584280, ndraw=40, logz=-12.03, remainder_fraction=18.1633%, Lmin=-5.53, Lmax=-4.83
19:09:09 [ultranest] [DEBUG] iteration=3297, ncalls=13790, regioncalls=586120, ndraw=40, logz=-12.03, remainder_fraction=18.0978%, Lmin=-5.53, Lmax=-4.83
19:09:10 [ultranest] [DEBUG] iteration=3298, ncalls=13809, regioncalls=586960, ndraw=40, logz=-12.03, remainder_fraction=18.0726%, Lmin=-5.53, Lmax=-4.83
19:09:10 [ultranest] [DEBUG] iteration=3299, ncalls=13816, regioncalls=587240, ndraw=40, logz=-12.03, remainder_fraction=18.0301%, Lmin=-5.53, Lmax=-4.83
19:09:10 [ultranest] [DEBUG] iteration=3301, ncalls=13819, regioncalls=587360, ndraw=40, logz=-12.03, remainder_fraction=17.9473%, Lmin=-5.52, Lmax=-4.83
19:09:11 [ultranest] [DEBUG] iteration=3302, ncalls=13835, regioncalls=588000, ndraw=40, logz=-12.03, remainder_fraction=17.9228%, Lmin=-5.52, Lmax=-4.83
19:09:12 [ultranest] [DEBUG] iteration=3304, ncalls=13864, regioncalls=589440, ndraw=40, logz=-12.03, remainder_fraction=17.8483%, Lmin=-5.52, Lmax=-4.83
19:09:12 [ultranest] [DEBUG] iteration=3306, ncalls=13867, regioncalls=589560, ndraw=40, logz=-12.03, remainder_fraction=17.7802%, Lmin=-5.52, Lmax=-4.83
19:09:12 [ultranest] [DEBUG] iteration=3307, ncalls=13876, regioncalls=589920, ndraw=40, logz=-12.03, remainder_fraction=17.7404%, Lmin=-5.52, Lmax=-4.83
19:09:12 [ultranest] [DEBUG] iteration=3309, ncalls=13881, regioncalls=590120, ndraw=40, logz=-12.03, remainder_fraction=17.6683%, Lmin=-5.52, Lmax=-4.83
19:09:13 [ultranest] [DEBUG] iteration=3310, ncalls=13892, regioncalls=590560, ndraw=40, logz=-12.03, remainder_fraction=17.6411%, Lmin=-5.52, Lmax=-4.83
19:09:13 [ultranest] [DEBUG] iteration=3311, ncalls=13900, regioncalls=590880, ndraw=40, logz=-12.03, remainder_fraction=17.6123%, Lmin=-5.51, Lmax=-4.83
19:09:14 [ultranest] [DEBUG] iteration=3312, ncalls=13913, regioncalls=591400, ndraw=40, logz=-12.03, remainder_fraction=17.5699%, Lmin=-5.51, Lmax=-4.83
19:09:14 [ultranest] [DEBUG] iteration=3313, ncalls=13918, regioncalls=591600, ndraw=40, logz=-12.03, remainder_fraction=17.5415%, Lmin=-5.51, Lmax=-4.83
19:09:15 [ultranest] [DEBUG] iteration=3314, ncalls=13947, regioncalls=592800, ndraw=40, logz=-12.03, remainder_fraction=17.5000%, Lmin=-5.51, Lmax=-4.83
19:09:15 [ultranest] [DEBUG] iteration=3316, ncalls=13960, regioncalls=593400, ndraw=40, logz=-12.03, remainder_fraction=17.4228%, Lmin=-5.51, Lmax=-4.83
19:09:16 [ultranest] [DEBUG] iteration=3318, ncalls=13968, regioncalls=593720, ndraw=40, logz=-12.02, remainder_fraction=17.3494%, Lmin=-5.51, Lmax=-4.83
19:09:16 [ultranest] [DEBUG] iteration=3320, ncalls=13974, regioncalls=593960, ndraw=40, logz=-12.02, remainder_fraction=17.2696%, Lmin=-5.51, Lmax=-4.83
19:09:16 [ultranest] [DEBUG] iteration=3321, ncalls=13977, regioncalls=594080, ndraw=40, logz=-12.02, remainder_fraction=17.2450%, Lmin=-5.51, Lmax=-4.83
19:09:16 [ultranest] [DEBUG] iteration=3322, ncalls=13982, regioncalls=594280, ndraw=40, logz=-12.02, remainder_fraction=17.2154%, Lmin=-5.51, Lmax=-4.83
19:09:17 [ultranest] [DEBUG] iteration=3324, ncalls=14001, regioncalls=595040, ndraw=40, logz=-12.02, remainder_fraction=17.1469%, Lmin=-5.51, Lmax=-4.83
19:09:17 [ultranest] [DEBUG] iteration=3325, ncalls=14020, regioncalls=595800, ndraw=40, logz=-12.02, remainder_fraction=17.1085%, Lmin=-5.50, Lmax=-4.83
19:09:18 [ultranest] [DEBUG] iteration=3326, ncalls=14026, regioncalls=596040, ndraw=40, logz=-12.02, remainder_fraction=17.0676%, Lmin=-5.50, Lmax=-4.83
19:09:18 [ultranest] [DEBUG] iteration=3327, ncalls=14033, regioncalls=596320, ndraw=40, logz=-12.02, remainder_fraction=17.0271%, Lmin=-5.50, Lmax=-4.83
19:09:18 [ultranest] [DEBUG] iteration=3328, ncalls=14037, regioncalls=596480, ndraw=40, logz=-12.02, remainder_fraction=16.9921%, Lmin=-5.50, Lmax=-4.83
19:09:18 [ultranest] [DEBUG] iteration=3329, ncalls=14040, regioncalls=596600, ndraw=40, logz=-12.02, remainder_fraction=16.9657%, Lmin=-5.50, Lmax=-4.83
19:09:19 [ultranest] [DEBUG] iteration=3330, ncalls=14057, regioncalls=597400, ndraw=40, logz=-12.02, remainder_fraction=16.9375%, Lmin=-5.50, Lmax=-4.83
19:09:19 [ultranest] [DEBUG] iteration=3331, ncalls=14065, regioncalls=597720, ndraw=40, logz=-12.02, remainder_fraction=16.8999%, Lmin=-5.50, Lmax=-4.83
19:09:19 [ultranest] [DEBUG] iteration=3333, ncalls=14070, regioncalls=597920, ndraw=40, logz=-12.02, remainder_fraction=16.8244%, Lmin=-5.50, Lmax=-4.83
19:09:19 [ultranest] [DEBUG] iteration=3334, ncalls=14077, regioncalls=598200, ndraw=40, logz=-12.02, remainder_fraction=16.8001%, Lmin=-5.50, Lmax=-4.83
19:09:20 [ultranest] [DEBUG] iteration=3336, ncalls=14080, regioncalls=598320, ndraw=40, logz=-12.02, remainder_fraction=16.7269%, Lmin=-5.50, Lmax=-4.83
19:09:20 [ultranest] [DEBUG] iteration=3337, ncalls=14084, regioncalls=598480, ndraw=40, logz=-12.02, remainder_fraction=16.6936%, Lmin=-5.50, Lmax=-4.83
19:09:20 [ultranest] [DEBUG] iteration=3338, ncalls=14087, regioncalls=598600, ndraw=40, logz=-12.02, remainder_fraction=16.6686%, Lmin=-5.50, Lmax=-4.83
19:09:20 [ultranest] [DEBUG] iteration=3339, ncalls=14097, regioncalls=599000, ndraw=40, logz=-12.02, remainder_fraction=16.6333%, Lmin=-5.49, Lmax=-4.83
19:09:20 [ultranest] [DEBUG] iteration=3340, ncalls=14102, regioncalls=599200, ndraw=40, logz=-12.02, remainder_fraction=16.5949%, Lmin=-5.49, Lmax=-4.83
19:09:21 [ultranest] [DEBUG] iteration=3341, ncalls=14109, regioncalls=599480, ndraw=40, logz=-12.02, remainder_fraction=16.5598%, Lmin=-5.49, Lmax=-4.83
19:09:21 [ultranest] [DEBUG] iteration=3343, ncalls=14113, regioncalls=599640, ndraw=40, logz=-12.01, remainder_fraction=16.4862%, Lmin=-5.49, Lmax=-4.83
19:09:21 [ultranest] [DEBUG] iteration=3344, ncalls=14120, regioncalls=599920, ndraw=40, logz=-12.01, remainder_fraction=16.4525%, Lmin=-5.49, Lmax=-4.83
19:09:21 [ultranest] [DEBUG] iteration=3345, ncalls=14123, regioncalls=600040, ndraw=40, logz=-12.01, remainder_fraction=16.4159%, Lmin=-5.49, Lmax=-4.83
19:09:21 [ultranest] [DEBUG] iteration=3347, ncalls=14129, regioncalls=600280, ndraw=40, logz=-12.01, remainder_fraction=16.3556%, Lmin=-5.49, Lmax=-4.83
19:09:22 [ultranest] [DEBUG] iteration=3348, ncalls=14137, regioncalls=600600, ndraw=40, logz=-12.01, remainder_fraction=16.3172%, Lmin=-5.48, Lmax=-4.83
19:09:22 [ultranest] [DEBUG] iteration=3350, ncalls=14152, regioncalls=601200, ndraw=40, logz=-12.01, remainder_fraction=16.2422%, Lmin=-5.48, Lmax=-4.83
19:09:23 [ultranest] [DEBUG] iteration=3351, ncalls=14165, regioncalls=601720, ndraw=40, logz=-12.01, remainder_fraction=16.2056%, Lmin=-5.48, Lmax=-4.83
19:09:23 [ultranest] [DEBUG] iteration=3353, ncalls=14171, regioncalls=602280, ndraw=40, logz=-12.01, remainder_fraction=16.1532%, Lmin=-5.48, Lmax=-4.83
19:09:23 [ultranest] [DEBUG] iteration=3354, ncalls=14177, regioncalls=602520, ndraw=40, logz=-12.01, remainder_fraction=16.1145%, Lmin=-5.48, Lmax=-4.83
19:09:23 [ultranest] [DEBUG] iteration=3355, ncalls=14180, regioncalls=602640, ndraw=40, logz=-12.01, remainder_fraction=16.0945%, Lmin=-5.48, Lmax=-4.83
19:09:23 [ultranest] [DEBUG] iteration=3357, ncalls=14187, regioncalls=603000, ndraw=40, logz=-12.01, remainder_fraction=16.0253%, Lmin=-5.48, Lmax=-4.83
19:09:23 [ultranest] [DEBUG] iteration=3358, ncalls=14190, regioncalls=603120, ndraw=40, logz=-12.01, remainder_fraction=15.9875%, Lmin=-5.48, Lmax=-4.83
19:09:25 [ultranest] [DEBUG] iteration=3359, ncalls=14221, regioncalls=604440, ndraw=40, logz=-12.01, remainder_fraction=15.9498%, Lmin=-5.48, Lmax=-4.83
19:09:25 [ultranest] [DEBUG] iteration=3360, ncalls=14228, regioncalls=604760, ndraw=40, logz=-12.01, remainder_fraction=15.9204%, Lmin=-5.48, Lmax=-4.83
19:09:25 [ultranest] [DEBUG] iteration=3361, ncalls=14236, regioncalls=605080, ndraw=40, logz=-12.01, remainder_fraction=15.8889%, Lmin=-5.48, Lmax=-4.83
19:09:26 [ultranest] [DEBUG] iteration=3363, ncalls=14267, regioncalls=606320, ndraw=40, logz=-12.01, remainder_fraction=15.8242%, Lmin=-5.48, Lmax=-4.83
19:09:26 [ultranest] [DEBUG] iteration=3364, ncalls=14275, regioncalls=606640, ndraw=40, logz=-12.01, remainder_fraction=15.7863%, Lmin=-5.48, Lmax=-4.83
19:09:27 [ultranest] [DEBUG] iteration=3365, ncalls=14282, regioncalls=606920, ndraw=40, logz=-12.01, remainder_fraction=15.7583%, Lmin=-5.48, Lmax=-4.83
19:09:27 [ultranest] [DEBUG] iteration=3367, ncalls=14297, regioncalls=607520, ndraw=40, logz=-12.01, remainder_fraction=15.6864%, Lmin=-5.48, Lmax=-4.83
19:09:27 [ultranest] [DEBUG] iteration=3368, ncalls=14300, regioncalls=607640, ndraw=40, logz=-12.00, remainder_fraction=15.6698%, Lmin=-5.47, Lmax=-4.83
19:09:28 [ultranest] [DEBUG] iteration=3370, ncalls=14306, regioncalls=607880, ndraw=40, logz=-12.00, remainder_fraction=15.6082%, Lmin=-5.47, Lmax=-4.83
19:09:28 [ultranest] [DEBUG] iteration=3371, ncalls=14316, regioncalls=608280, ndraw=40, logz=-12.00, remainder_fraction=15.5714%, Lmin=-5.47, Lmax=-4.83
19:09:28 [ultranest] [DEBUG] iteration=3373, ncalls=14319, regioncalls=608400, ndraw=40, logz=-12.00, remainder_fraction=15.5053%, Lmin=-5.47, Lmax=-4.83
19:09:28 [ultranest] [DEBUG] iteration=3375, ncalls=14327, regioncalls=608720, ndraw=40, logz=-12.00, remainder_fraction=15.4366%, Lmin=-5.47, Lmax=-4.83
19:09:29 [ultranest] [DEBUG] iteration=3376, ncalls=14334, regioncalls=609040, ndraw=40, logz=-12.00, remainder_fraction=15.3996%, Lmin=-5.47, Lmax=-4.83
19:09:29 [ultranest] [DEBUG] iteration=3377, ncalls=14346, regioncalls=609520, ndraw=40, logz=-12.00, remainder_fraction=15.3627%, Lmin=-5.46, Lmax=-4.83
19:09:29 [ultranest] [DEBUG] iteration=3378, ncalls=14349, regioncalls=609640, ndraw=40, logz=-12.00, remainder_fraction=15.3301%, Lmin=-5.46, Lmax=-4.83
19:09:29 [ultranest] [DEBUG] iteration=3380, ncalls=14352, regioncalls=609760, ndraw=40, logz=-12.00, remainder_fraction=15.2604%, Lmin=-5.46, Lmax=-4.83
19:09:30 [ultranest] [DEBUG] iteration=3381, ncalls=14365, regioncalls=610280, ndraw=40, logz=-12.00, remainder_fraction=15.2257%, Lmin=-5.46, Lmax=-4.83
19:09:30 [ultranest] [DEBUG] iteration=3382, ncalls=14368, regioncalls=610400, ndraw=40, logz=-12.00, remainder_fraction=15.1898%, Lmin=-5.46, Lmax=-4.83
19:09:30 [ultranest] [DEBUG] iteration=3384, ncalls=14374, regioncalls=610640, ndraw=40, logz=-12.00, remainder_fraction=15.1221%, Lmin=-5.46, Lmax=-4.83
19:09:30 [ultranest] [DEBUG] iteration=3386, ncalls=14383, regioncalls=611040, ndraw=40, logz=-12.00, remainder_fraction=15.0652%, Lmin=-5.46, Lmax=-4.83
19:09:30 [ultranest] [DEBUG] iteration=3388, ncalls=14386, regioncalls=611160, ndraw=40, logz=-12.00, remainder_fraction=14.9972%, Lmin=-5.45, Lmax=-4.83
19:09:31 [ultranest] [DEBUG] iteration=3390, ncalls=14389, regioncalls=611280, ndraw=40, logz=-12.00, remainder_fraction=14.9339%, Lmin=-5.45, Lmax=-4.83
19:09:31 [ultranest] [DEBUG] iteration=3391, ncalls=14393, regioncalls=611440, ndraw=40, logz=-12.00, remainder_fraction=14.9043%, Lmin=-5.45, Lmax=-4.83
19:09:31 [ultranest] [DEBUG] iteration=3392, ncalls=14398, regioncalls=611640, ndraw=40, logz=-12.00, remainder_fraction=14.8713%, Lmin=-5.45, Lmax=-4.83
19:09:31 [ultranest] [DEBUG] iteration=3393, ncalls=14410, regioncalls=612120, ndraw=40, logz=-12.00, remainder_fraction=14.8368%, Lmin=-5.45, Lmax=-4.83
19:09:32 [ultranest] [DEBUG] iteration=3394, ncalls=14423, regioncalls=612640, ndraw=40, logz=-12.00, remainder_fraction=14.8064%, Lmin=-5.45, Lmax=-4.83
19:09:32 [ultranest] [DEBUG] iteration=3395, ncalls=14430, regioncalls=612920, ndraw=40, logz=-11.99, remainder_fraction=14.7809%, Lmin=-5.45, Lmax=-4.83
19:09:32 [ultranest] [DEBUG] iteration=3397, ncalls=14439, regioncalls=613280, ndraw=40, logz=-11.99, remainder_fraction=14.7151%, Lmin=-5.45, Lmax=-4.83
19:09:32 [ultranest] [DEBUG] iteration=3398, ncalls=14443, regioncalls=613440, ndraw=40, logz=-11.99, remainder_fraction=14.6838%, Lmin=-5.45, Lmax=-4.83
19:09:33 [ultranest] [DEBUG] iteration=3399, ncalls=14450, regioncalls=613720, ndraw=40, logz=-11.99, remainder_fraction=14.6516%, Lmin=-5.45, Lmax=-4.83
19:09:33 [ultranest] [DEBUG] iteration=3400, ncalls=14456, regioncalls=613960, ndraw=40, logz=-11.99, remainder_fraction=14.6266%, Lmin=-5.45, Lmax=-4.83
19:09:33 [ultranest] [DEBUG] iteration=3403, ncalls=14460, regioncalls=614120, ndraw=40, logz=-11.99, remainder_fraction=14.5365%, Lmin=-5.45, Lmax=-4.83
19:09:33 [ultranest] [DEBUG] iteration=3405, ncalls=14471, regioncalls=614560, ndraw=40, logz=-11.99, remainder_fraction=14.4837%, Lmin=-5.44, Lmax=-4.83
19:09:34 [ultranest] [DEBUG] iteration=3406, ncalls=14492, regioncalls=615400, ndraw=40, logz=-11.99, remainder_fraction=14.4500%, Lmin=-5.44, Lmax=-4.83
19:09:34 [ultranest] [DEBUG] iteration=3407, ncalls=14496, regioncalls=615560, ndraw=40, logz=-11.99, remainder_fraction=14.4214%, Lmin=-5.44, Lmax=-4.83
19:09:34 [ultranest] [DEBUG] iteration=3408, ncalls=14500, regioncalls=615720, ndraw=40, logz=-11.99, remainder_fraction=14.4010%, Lmin=-5.44, Lmax=-4.83
19:09:35 [ultranest] [DEBUG] iteration=3409, ncalls=14503, regioncalls=615840, ndraw=40, logz=-11.99, remainder_fraction=14.3754%, Lmin=-5.44, Lmax=-4.83
19:09:35 [ultranest] [DEBUG] iteration=3411, ncalls=14518, regioncalls=616440, ndraw=40, logz=-11.99, remainder_fraction=14.3116%, Lmin=-5.44, Lmax=-4.83
19:09:35 [ultranest] [DEBUG] iteration=3413, ncalls=14522, regioncalls=616600, ndraw=40, logz=-11.99, remainder_fraction=14.2597%, Lmin=-5.44, Lmax=-4.83
19:09:35 [ultranest] [DEBUG] iteration=3414, ncalls=14528, regioncalls=616840, ndraw=40, logz=-11.99, remainder_fraction=14.2352%, Lmin=-5.44, Lmax=-4.83
19:09:36 [ultranest] [DEBUG] iteration=3416, ncalls=14532, regioncalls=617000, ndraw=40, logz=-11.99, remainder_fraction=14.1844%, Lmin=-5.44, Lmax=-4.83
19:09:36 [ultranest] [DEBUG] iteration=3417, ncalls=14538, regioncalls=617240, ndraw=40, logz=-11.99, remainder_fraction=14.1597%, Lmin=-5.44, Lmax=-4.83
19:09:36 [ultranest] [DEBUG] iteration=3418, ncalls=14545, regioncalls=617520, ndraw=40, logz=-11.99, remainder_fraction=14.1287%, Lmin=-5.44, Lmax=-4.83
19:09:36 [ultranest] [DEBUG] iteration=3421, ncalls=14550, regioncalls=617720, ndraw=40, logz=-11.99, remainder_fraction=14.0460%, Lmin=-5.44, Lmax=-4.83
19:09:37 [ultranest] [DEBUG] iteration=3422, ncalls=14558, regioncalls=618040, ndraw=40, logz=-11.99, remainder_fraction=14.0159%, Lmin=-5.44, Lmax=-4.83
19:09:37 [ultranest] [DEBUG] iteration=3423, ncalls=14563, regioncalls=618240, ndraw=40, logz=-11.99, remainder_fraction=13.9907%, Lmin=-5.44, Lmax=-4.83
19:09:37 [ultranest] [DEBUG] iteration=3424, ncalls=14567, regioncalls=618400, ndraw=40, logz=-11.98, remainder_fraction=13.9635%, Lmin=-5.44, Lmax=-4.83
19:09:37 [ultranest] [DEBUG] iteration=3425, ncalls=14571, regioncalls=618560, ndraw=40, logz=-11.98, remainder_fraction=13.9329%, Lmin=-5.43, Lmax=-4.83
19:09:37 [ultranest] [DEBUG] iteration=3426, ncalls=14578, regioncalls=618960, ndraw=40, logz=-11.98, remainder_fraction=13.9068%, Lmin=-5.43, Lmax=-4.83
19:09:38 [ultranest] [DEBUG] iteration=3429, ncalls=14596, regioncalls=620040, ndraw=40, logz=-11.98, remainder_fraction=13.8202%, Lmin=-5.43, Lmax=-4.83
19:09:38 [ultranest] [DEBUG] iteration=3430, ncalls=14599, regioncalls=620160, ndraw=40, logz=-11.98, remainder_fraction=13.8019%, Lmin=-5.43, Lmax=-4.83
19:09:38 [ultranest] [DEBUG] iteration=3431, ncalls=14609, regioncalls=620560, ndraw=40, logz=-11.98, remainder_fraction=13.7729%, Lmin=-5.43, Lmax=-4.83
19:09:39 [ultranest] [DEBUG] iteration=3432, ncalls=14618, regioncalls=621080, ndraw=40, logz=-11.98, remainder_fraction=13.7435%, Lmin=-5.43, Lmax=-4.83
19:09:39 [ultranest] [DEBUG] iteration=3433, ncalls=14635, regioncalls=621800, ndraw=40, logz=-11.98, remainder_fraction=13.7104%, Lmin=-5.43, Lmax=-4.83
19:09:40 [ultranest] [DEBUG] iteration=3434, ncalls=14646, regioncalls=622240, ndraw=40, logz=-11.98, remainder_fraction=13.6813%, Lmin=-5.43, Lmax=-4.83
19:09:41 [ultranest] [DEBUG] iteration=3435, ncalls=14671, regioncalls=623240, ndraw=40, logz=-11.98, remainder_fraction=13.6487%, Lmin=-5.43, Lmax=-4.83
19:09:41 [ultranest] [DEBUG] iteration=3436, ncalls=14688, regioncalls=624200, ndraw=40, logz=-11.98, remainder_fraction=13.6201%, Lmin=-5.43, Lmax=-4.83
19:09:41 [ultranest] [DEBUG] iteration=3437, ncalls=14694, regioncalls=624440, ndraw=40, logz=-11.98, remainder_fraction=13.5969%, Lmin=-5.43, Lmax=-4.83
19:09:42 [ultranest] [DEBUG] iteration=3438, ncalls=14711, regioncalls=625120, ndraw=40, logz=-11.98, remainder_fraction=13.5648%, Lmin=-5.42, Lmax=-4.83
19:09:42 [ultranest] [DEBUG] iteration=3439, ncalls=14720, regioncalls=625480, ndraw=40, logz=-11.98, remainder_fraction=13.5506%, Lmin=-5.42, Lmax=-4.83
19:09:42 [ultranest] [DEBUG] iteration=3440, ncalls=14722, regioncalls=625560, ndraw=40, logz=-11.98, remainder_fraction=13.5252%, Lmin=-5.42, Lmax=-4.83
19:09:43 [ultranest] [DEBUG] iteration=3442, ncalls=14727, regioncalls=625760, ndraw=40, logz=-11.98, remainder_fraction=13.4723%, Lmin=-5.42, Lmax=-4.83
19:09:43 [ultranest] [DEBUG] iteration=3443, ncalls=14731, regioncalls=625920, ndraw=40, logz=-11.98, remainder_fraction=13.4445%, Lmin=-5.42, Lmax=-4.83
19:09:43 [ultranest] [DEBUG] iteration=3444, ncalls=14734, regioncalls=626040, ndraw=40, logz=-11.98, remainder_fraction=13.4117%, Lmin=-5.42, Lmax=-4.83
19:09:43 [ultranest] [DEBUG] iteration=3445, ncalls=14738, regioncalls=626200, ndraw=40, logz=-11.98, remainder_fraction=13.3846%, Lmin=-5.42, Lmax=-4.83
19:09:43 [ultranest] [DEBUG] iteration=3447, ncalls=14743, regioncalls=626400, ndraw=40, logz=-11.98, remainder_fraction=13.3389%, Lmin=-5.42, Lmax=-4.83
19:09:43 [ultranest] [DEBUG] iteration=3448, ncalls=14750, regioncalls=626840, ndraw=40, logz=-11.98, remainder_fraction=13.3079%, Lmin=-5.42, Lmax=-4.83
19:09:44 [ultranest] [DEBUG] iteration=3449, ncalls=14754, regioncalls=627000, ndraw=40, logz=-11.98, remainder_fraction=13.2863%, Lmin=-5.41, Lmax=-4.83
19:09:44 [ultranest] [DEBUG] iteration=3450, ncalls=14765, regioncalls=627440, ndraw=40, logz=-11.98, remainder_fraction=13.2558%, Lmin=-5.41, Lmax=-4.83
19:09:44 [ultranest] [DEBUG] iteration=3452, ncalls=14768, regioncalls=627560, ndraw=40, logz=-11.98, remainder_fraction=13.1970%, Lmin=-5.41, Lmax=-4.83
19:09:44 [ultranest] [DEBUG] iteration=3453, ncalls=14773, regioncalls=627760, ndraw=40, logz=-11.98, remainder_fraction=13.1825%, Lmin=-5.41, Lmax=-4.83
19:09:45 [ultranest] [DEBUG] iteration=3454, ncalls=14781, regioncalls=628080, ndraw=40, logz=-11.98, remainder_fraction=13.1521%, Lmin=-5.41, Lmax=-4.83
19:09:45 [ultranest] [DEBUG] iteration=3455, ncalls=14785, regioncalls=628240, ndraw=40, logz=-11.97, remainder_fraction=13.1290%, Lmin=-5.41, Lmax=-4.83
19:09:45 [ultranest] [DEBUG] iteration=3456, ncalls=14788, regioncalls=628360, ndraw=40, logz=-11.97, remainder_fraction=13.1038%, Lmin=-5.41, Lmax=-4.83
19:09:45 [ultranest] [DEBUG] iteration=3457, ncalls=14796, regioncalls=628680, ndraw=40, logz=-11.97, remainder_fraction=13.0771%, Lmin=-5.41, Lmax=-4.83
19:09:46 [ultranest] [DEBUG] iteration=3458, ncalls=14817, regioncalls=629520, ndraw=40, logz=-11.97, remainder_fraction=13.0559%, Lmin=-5.41, Lmax=-4.83
19:09:46 [ultranest] [DEBUG] iteration=3459, ncalls=14820, regioncalls=629640, ndraw=40, logz=-11.97, remainder_fraction=13.0263%, Lmin=-5.41, Lmax=-4.83
19:09:46 [ultranest] [DEBUG] iteration=3460, ncalls=14832, regioncalls=630120, ndraw=40, logz=-11.97, remainder_fraction=12.9968%, Lmin=-5.41, Lmax=-4.83
19:09:47 [ultranest] [DEBUG] iteration=3461, ncalls=14840, regioncalls=630440, ndraw=40, logz=-11.97, remainder_fraction=12.9654%, Lmin=-5.40, Lmax=-4.83
19:09:47 [ultranest] [DEBUG] iteration=3462, ncalls=14846, regioncalls=630920, ndraw=40, logz=-11.97, remainder_fraction=12.9422%, Lmin=-5.40, Lmax=-4.83
19:09:47 [ultranest] [DEBUG] iteration=3463, ncalls=14850, regioncalls=631280, ndraw=40, logz=-11.97, remainder_fraction=12.9181%, Lmin=-5.40, Lmax=-4.83
19:09:47 [ultranest] [DEBUG] iteration=3464, ncalls=14855, regioncalls=631760, ndraw=40, logz=-11.97, remainder_fraction=12.8930%, Lmin=-5.40, Lmax=-4.83
19:09:47 [ultranest] [DEBUG] iteration=3465, ncalls=14860, regioncalls=631960, ndraw=40, logz=-11.97, remainder_fraction=12.8677%, Lmin=-5.40, Lmax=-4.83
19:09:48 [ultranest] [DEBUG] iteration=3466, ncalls=14874, regioncalls=632800, ndraw=40, logz=-11.97, remainder_fraction=12.8489%, Lmin=-5.40, Lmax=-4.83
19:09:48 [ultranest] [DEBUG] iteration=3467, ncalls=14881, regioncalls=633080, ndraw=40, logz=-11.97, remainder_fraction=12.8246%, Lmin=-5.40, Lmax=-4.83
19:09:48 [ultranest] [DEBUG] iteration=3468, ncalls=14886, regioncalls=633280, ndraw=40, logz=-11.97, remainder_fraction=12.7975%, Lmin=-5.40, Lmax=-4.83
19:09:49 [ultranest] [DEBUG] iteration=3469, ncalls=14894, regioncalls=633600, ndraw=40, logz=-11.97, remainder_fraction=12.7706%, Lmin=-5.40, Lmax=-4.83
19:09:49 [ultranest] [DEBUG] iteration=3470, ncalls=14915, regioncalls=634440, ndraw=40, logz=-11.97, remainder_fraction=12.7401%, Lmin=-5.40, Lmax=-4.83
19:09:50 [ultranest] [DEBUG] iteration=3472, ncalls=14922, regioncalls=634720, ndraw=40, logz=-11.97, remainder_fraction=12.6912%, Lmin=-5.40, Lmax=-4.83
19:09:50 [ultranest] [DEBUG] iteration=3473, ncalls=14931, regioncalls=635080, ndraw=40, logz=-11.97, remainder_fraction=12.6638%, Lmin=-5.40, Lmax=-4.83
19:09:50 [ultranest] [DEBUG] iteration=3474, ncalls=14939, regioncalls=635400, ndraw=40, logz=-11.97, remainder_fraction=12.6354%, Lmin=-5.40, Lmax=-4.83
19:09:51 [ultranest] [DEBUG] iteration=3476, ncalls=14950, regioncalls=635840, ndraw=40, logz=-11.97, remainder_fraction=12.5997%, Lmin=-5.40, Lmax=-4.83
19:09:51 [ultranest] [DEBUG] iteration=3478, ncalls=14953, regioncalls=635960, ndraw=40, logz=-11.97, remainder_fraction=12.5484%, Lmin=-5.40, Lmax=-4.83
19:09:51 [ultranest] [DEBUG] iteration=3479, ncalls=14957, regioncalls=636120, ndraw=40, logz=-11.97, remainder_fraction=12.5254%, Lmin=-5.40, Lmax=-4.83
19:09:51 [ultranest] [DEBUG] iteration=3480, ncalls=14960, regioncalls=636240, ndraw=40, logz=-11.97, remainder_fraction=12.4959%, Lmin=-5.39, Lmax=-4.83
19:09:51 [ultranest] [DEBUG] iteration=3481, ncalls=14965, regioncalls=636440, ndraw=40, logz=-11.97, remainder_fraction=12.4682%, Lmin=-5.39, Lmax=-4.83
19:09:51 [ultranest] [DEBUG] iteration=3482, ncalls=14977, regioncalls=636920, ndraw=40, logz=-11.97, remainder_fraction=12.4422%, Lmin=-5.39, Lmax=-4.83
19:09:52 [ultranest] [DEBUG] iteration=3484, ncalls=14982, regioncalls=637120, ndraw=40, logz=-11.97, remainder_fraction=12.3829%, Lmin=-5.39, Lmax=-4.83
19:09:52 [ultranest] [DEBUG] iteration=3485, ncalls=14991, regioncalls=637480, ndraw=40, logz=-11.97, remainder_fraction=12.3582%, Lmin=-5.39, Lmax=-4.83
19:09:52 [ultranest] [DEBUG] iteration=3486, ncalls=14996, regioncalls=637680, ndraw=40, logz=-11.97, remainder_fraction=12.3280%, Lmin=-5.39, Lmax=-4.83
19:09:52 [ultranest] [DEBUG] iteration=3487, ncalls=15001, regioncalls=637880, ndraw=40, logz=-11.96, remainder_fraction=12.3000%, Lmin=-5.39, Lmax=-4.83
19:09:53 [ultranest] [DEBUG] iteration=3488, ncalls=15007, regioncalls=638120, ndraw=40, logz=-11.96, remainder_fraction=12.2726%, Lmin=-5.39, Lmax=-4.83
19:09:53 [ultranest] [DEBUG] iteration=3489, ncalls=15016, regioncalls=638480, ndraw=40, logz=-11.96, remainder_fraction=12.2528%, Lmin=-5.39, Lmax=-4.83
19:09:53 [ultranest] [DEBUG] iteration=3490, ncalls=15019, regioncalls=638600, ndraw=40, logz=-11.96, remainder_fraction=12.2229%, Lmin=-5.39, Lmax=-4.83
19:09:53 [ultranest] [DEBUG] iteration=3491, ncalls=15026, regioncalls=638880, ndraw=40, logz=-11.96, remainder_fraction=12.2019%, Lmin=-5.39, Lmax=-4.83
19:09:54 [ultranest] [DEBUG] iteration=3492, ncalls=15040, regioncalls=639440, ndraw=40, logz=-11.96, remainder_fraction=12.1758%, Lmin=-5.39, Lmax=-4.83
19:09:55 [ultranest] [DEBUG] iteration=3493, ncalls=15063, regioncalls=640360, ndraw=40, logz=-11.96, remainder_fraction=12.1539%, Lmin=-5.39, Lmax=-4.83
19:09:55 [ultranest] [DEBUG] iteration=3494, ncalls=15076, regioncalls=640880, ndraw=40, logz=-11.96, remainder_fraction=12.1339%, Lmin=-5.39, Lmax=-4.83
19:09:55 [ultranest] [DEBUG] iteration=3495, ncalls=15084, regioncalls=641200, ndraw=40, logz=-11.96, remainder_fraction=12.1092%, Lmin=-5.39, Lmax=-4.83
19:09:56 [ultranest] [DEBUG] iteration=3496, ncalls=15093, regioncalls=641560, ndraw=40, logz=-11.96, remainder_fraction=12.0803%, Lmin=-5.39, Lmax=-4.83
19:09:56 [ultranest] [DEBUG] iteration=3497, ncalls=15109, regioncalls=642200, ndraw=40, logz=-11.96, remainder_fraction=12.0534%, Lmin=-5.39, Lmax=-4.83
19:09:56 [ultranest] [DEBUG] iteration=3499, ncalls=15112, regioncalls=642320, ndraw=40, logz=-11.96, remainder_fraction=12.0049%, Lmin=-5.39, Lmax=-4.83
19:09:56 [ultranest] [DEBUG] iteration=3500, ncalls=15116, regioncalls=642480, ndraw=40, logz=-11.96, remainder_fraction=11.9755%, Lmin=-5.39, Lmax=-4.83
19:09:57 [ultranest] [DEBUG] iteration=3501, ncalls=15135, regioncalls=644120, ndraw=40, logz=-11.96, remainder_fraction=11.9553%, Lmin=-5.39, Lmax=-4.83
19:09:57 [ultranest] [DEBUG] iteration=3502, ncalls=15141, regioncalls=644720, ndraw=40, logz=-11.96, remainder_fraction=11.9271%, Lmin=-5.39, Lmax=-4.83
19:09:57 [ultranest] [DEBUG] iteration=3503, ncalls=15144, regioncalls=644840, ndraw=40, logz=-11.96, remainder_fraction=11.9001%, Lmin=-5.38, Lmax=-4.83
19:09:58 [ultranest] [DEBUG] iteration=3505, ncalls=15148, regioncalls=645000, ndraw=40, logz=-11.96, remainder_fraction=11.8434%, Lmin=-5.38, Lmax=-4.83
19:09:58 [ultranest] [DEBUG] iteration=3506, ncalls=15151, regioncalls=645120, ndraw=40, logz=-11.96, remainder_fraction=11.8189%, Lmin=-5.38, Lmax=-4.83
19:09:58 [ultranest] [DEBUG] iteration=3507, ncalls=15156, regioncalls=645320, ndraw=40, logz=-11.96, remainder_fraction=11.7937%, Lmin=-5.38, Lmax=-4.83
19:09:58 [ultranest] [DEBUG] iteration=3508, ncalls=15170, regioncalls=645880, ndraw=40, logz=-11.96, remainder_fraction=11.7682%, Lmin=-5.38, Lmax=-4.83
19:09:59 [ultranest] [DEBUG] iteration=3509, ncalls=15179, regioncalls=646280, ndraw=40, logz=-11.96, remainder_fraction=11.7395%, Lmin=-5.38, Lmax=-4.83
19:09:59 [ultranest] [DEBUG] iteration=3511, ncalls=15188, regioncalls=647000, ndraw=40, logz=-11.96, remainder_fraction=11.6847%, Lmin=-5.38, Lmax=-4.83
19:09:59 [ultranest] [DEBUG] iteration=3513, ncalls=15191, regioncalls=647120, ndraw=40, logz=-11.96, remainder_fraction=11.6343%, Lmin=-5.38, Lmax=-4.83
19:10:00 [ultranest] [DEBUG] iteration=3515, ncalls=15213, regioncalls=648000, ndraw=40, logz=-11.96, remainder_fraction=11.5790%, Lmin=-5.38, Lmax=-4.83
19:10:00 [ultranest] [DEBUG] iteration=3516, ncalls=15221, regioncalls=648320, ndraw=40, logz=-11.96, remainder_fraction=11.5634%, Lmin=-5.38, Lmax=-4.83
19:10:00 [ultranest] [DEBUG] iteration=3517, ncalls=15224, regioncalls=648640, ndraw=40, logz=-11.96, remainder_fraction=11.5363%, Lmin=-5.38, Lmax=-4.83
19:10:01 [ultranest] [DEBUG] iteration=3518, ncalls=15231, regioncalls=648920, ndraw=40, logz=-11.96, remainder_fraction=11.5156%, Lmin=-5.38, Lmax=-4.83
19:10:01 [ultranest] [DEBUG] iteration=3519, ncalls=15235, regioncalls=649080, ndraw=40, logz=-11.96, remainder_fraction=11.4883%, Lmin=-5.38, Lmax=-4.83
19:10:01 [ultranest] [DEBUG] iteration=3520, ncalls=15239, regioncalls=649240, ndraw=40, logz=-11.96, remainder_fraction=11.4626%, Lmin=-5.38, Lmax=-4.83
19:10:01 [ultranest] [DEBUG] iteration=3521, ncalls=15256, regioncalls=650080, ndraw=40, logz=-11.96, remainder_fraction=11.4362%, Lmin=-5.38, Lmax=-4.83
19:10:02 [ultranest] [DEBUG] iteration=3522, ncalls=15260, regioncalls=650240, ndraw=40, logz=-11.96, remainder_fraction=11.4091%, Lmin=-5.38, Lmax=-4.83
19:10:02 [ultranest] [DEBUG] iteration=3523, ncalls=15266, regioncalls=650480, ndraw=40, logz=-11.95, remainder_fraction=11.3833%, Lmin=-5.37, Lmax=-4.83
19:10:02 [ultranest] [DEBUG] iteration=3524, ncalls=15270, regioncalls=650640, ndraw=40, logz=-11.95, remainder_fraction=11.3677%, Lmin=-5.37, Lmax=-4.83
19:10:02 [ultranest] [DEBUG] iteration=3525, ncalls=15277, regioncalls=650920, ndraw=40, logz=-11.95, remainder_fraction=11.3414%, Lmin=-5.37, Lmax=-4.83
19:10:02 [ultranest] [DEBUG] iteration=3526, ncalls=15282, regioncalls=651120, ndraw=40, logz=-11.95, remainder_fraction=11.3225%, Lmin=-5.37, Lmax=-4.83
19:10:03 [ultranest] [DEBUG] iteration=3527, ncalls=15291, regioncalls=651480, ndraw=40, logz=-11.95, remainder_fraction=11.2957%, Lmin=-5.37, Lmax=-4.83
19:10:03 [ultranest] [DEBUG] iteration=3528, ncalls=15303, regioncalls=651960, ndraw=40, logz=-11.95, remainder_fraction=11.2711%, Lmin=-5.37, Lmax=-4.83
19:10:03 [ultranest] [DEBUG] iteration=3529, ncalls=15307, regioncalls=652120, ndraw=40, logz=-11.95, remainder_fraction=11.2488%, Lmin=-5.37, Lmax=-4.83
19:10:04 [ultranest] [DEBUG] iteration=3530, ncalls=15314, regioncalls=652440, ndraw=40, logz=-11.95, remainder_fraction=11.2218%, Lmin=-5.37, Lmax=-4.83
19:10:04 [ultranest] [DEBUG] iteration=3531, ncalls=15318, regioncalls=652600, ndraw=40, logz=-11.95, remainder_fraction=11.1975%, Lmin=-5.37, Lmax=-4.83
19:10:04 [ultranest] [DEBUG] iteration=3532, ncalls=15338, regioncalls=653440, ndraw=40, logz=-11.95, remainder_fraction=11.1779%, Lmin=-5.37, Lmax=-4.83
19:10:05 [ultranest] [DEBUG] iteration=3533, ncalls=15347, regioncalls=653840, ndraw=40, logz=-11.95, remainder_fraction=11.1556%, Lmin=-5.37, Lmax=-4.83
19:10:05 [ultranest] [DEBUG] iteration=3534, ncalls=15353, regioncalls=654240, ndraw=40, logz=-11.95, remainder_fraction=11.1360%, Lmin=-5.37, Lmax=-4.83
19:10:05 [ultranest] [DEBUG] iteration=3535, ncalls=15362, regioncalls=654600, ndraw=40, logz=-11.95, remainder_fraction=11.1096%, Lmin=-5.37, Lmax=-4.83
19:10:05 [ultranest] [DEBUG] iteration=3536, ncalls=15366, regioncalls=654800, ndraw=40, logz=-11.95, remainder_fraction=11.0875%, Lmin=-5.37, Lmax=-4.83
19:10:06 [ultranest] [DEBUG] iteration=3537, ncalls=15371, regioncalls=655120, ndraw=40, logz=-11.95, remainder_fraction=11.0628%, Lmin=-5.36, Lmax=-4.83
19:10:06 [ultranest] [DEBUG] iteration=3538, ncalls=15374, regioncalls=655400, ndraw=40, logz=-11.95, remainder_fraction=11.0385%, Lmin=-5.36, Lmax=-4.83
19:10:06 [ultranest] [DEBUG] iteration=3539, ncalls=15382, regioncalls=655720, ndraw=40, logz=-11.95, remainder_fraction=11.0164%, Lmin=-5.36, Lmax=-4.83
19:10:06 [ultranest] [DEBUG] iteration=3540, ncalls=15388, regioncalls=655960, ndraw=40, logz=-11.95, remainder_fraction=10.9915%, Lmin=-5.36, Lmax=-4.83
19:10:06 [ultranest] [DEBUG] iteration=3541, ncalls=15395, regioncalls=656240, ndraw=40, logz=-11.95, remainder_fraction=10.9651%, Lmin=-5.36, Lmax=-4.83
19:10:07 [ultranest] [DEBUG] iteration=3543, ncalls=15398, regioncalls=656360, ndraw=40, logz=-11.95, remainder_fraction=10.9284%, Lmin=-5.36, Lmax=-4.83
19:10:07 [ultranest] [DEBUG] iteration=3544, ncalls=15413, regioncalls=657080, ndraw=40, logz=-11.95, remainder_fraction=10.9018%, Lmin=-5.36, Lmax=-4.83
19:10:07 [ultranest] [DEBUG] iteration=3545, ncalls=15425, regioncalls=657560, ndraw=40, logz=-11.95, remainder_fraction=10.8776%, Lmin=-5.36, Lmax=-4.83
19:10:08 [ultranest] [DEBUG] iteration=3546, ncalls=15434, regioncalls=657920, ndraw=40, logz=-11.95, remainder_fraction=10.8523%, Lmin=-5.36, Lmax=-4.83
19:10:09 [ultranest] [DEBUG] iteration=3547, ncalls=15457, regioncalls=658840, ndraw=40, logz=-11.95, remainder_fraction=10.8323%, Lmin=-5.36, Lmax=-4.83
19:10:09 [ultranest] [DEBUG] iteration=3549, ncalls=15460, regioncalls=658960, ndraw=40, logz=-11.95, remainder_fraction=10.7994%, Lmin=-5.36, Lmax=-4.83
19:10:09 [ultranest] [DEBUG] iteration=3550, ncalls=15480, regioncalls=660080, ndraw=40, logz=-11.95, remainder_fraction=10.7766%, Lmin=-5.36, Lmax=-4.83
19:10:10 [ultranest] [DEBUG] iteration=3553, ncalls=15491, regioncalls=660520, ndraw=40, logz=-11.95, remainder_fraction=10.7061%, Lmin=-5.35, Lmax=-4.83
19:10:11 [ultranest] [DEBUG] iteration=3554, ncalls=15511, regioncalls=661440, ndraw=40, logz=-11.95, remainder_fraction=10.6837%, Lmin=-5.35, Lmax=-4.83
19:10:11 [ultranest] [DEBUG] iteration=3555, ncalls=15522, regioncalls=661880, ndraw=40, logz=-11.95, remainder_fraction=10.6633%, Lmin=-5.35, Lmax=-4.83
19:10:11 [ultranest] [DEBUG] iteration=3558, ncalls=15533, regioncalls=662320, ndraw=40, logz=-11.95, remainder_fraction=10.5901%, Lmin=-5.35, Lmax=-4.83
19:10:12 [ultranest] [DEBUG] iteration=3559, ncalls=15554, regioncalls=663160, ndraw=40, logz=-11.95, remainder_fraction=10.5663%, Lmin=-5.35, Lmax=-4.83
19:10:12 [ultranest] [DEBUG] iteration=3560, ncalls=15556, regioncalls=663240, ndraw=40, logz=-11.95, remainder_fraction=10.5417%, Lmin=-5.35, Lmax=-4.83
19:10:12 [ultranest] [DEBUG] iteration=3561, ncalls=15563, regioncalls=663520, ndraw=40, logz=-11.94, remainder_fraction=10.5163%, Lmin=-5.35, Lmax=-4.83
19:10:13 [ultranest] [DEBUG] iteration=3563, ncalls=15574, regioncalls=664160, ndraw=40, logz=-11.94, remainder_fraction=10.4751%, Lmin=-5.35, Lmax=-4.83
19:10:13 [ultranest] [DEBUG] iteration=3564, ncalls=15582, regioncalls=664480, ndraw=40, logz=-11.94, remainder_fraction=10.4536%, Lmin=-5.35, Lmax=-4.83
19:10:13 [ultranest] [DEBUG] iteration=3566, ncalls=15592, regioncalls=664880, ndraw=40, logz=-11.94, remainder_fraction=10.4084%, Lmin=-5.34, Lmax=-4.83
19:10:14 [ultranest] [DEBUG] iteration=3567, ncalls=15597, regioncalls=665080, ndraw=40, logz=-11.94, remainder_fraction=10.3904%, Lmin=-5.34, Lmax=-4.83
19:10:14 [ultranest] [DEBUG] iteration=3568, ncalls=15606, regioncalls=665440, ndraw=40, logz=-11.94, remainder_fraction=10.3676%, Lmin=-5.34, Lmax=-4.83
19:10:14 [ultranest] [DEBUG] iteration=3570, ncalls=15610, regioncalls=665600, ndraw=40, logz=-11.94, remainder_fraction=10.3264%, Lmin=-5.34, Lmax=-4.83
19:10:15 [ultranest] [DEBUG] iteration=3571, ncalls=15624, regioncalls=666160, ndraw=40, logz=-11.94, remainder_fraction=10.3041%, Lmin=-5.34, Lmax=-4.83
19:10:15 [ultranest] [DEBUG] iteration=3572, ncalls=15628, regioncalls=666320, ndraw=40, logz=-11.94, remainder_fraction=10.2793%, Lmin=-5.34, Lmax=-4.83
19:10:15 [ultranest] [DEBUG] iteration=3574, ncalls=15646, regioncalls=667040, ndraw=40, logz=-11.94, remainder_fraction=10.2384%, Lmin=-5.34, Lmax=-4.83
19:10:16 [ultranest] [DEBUG] iteration=3575, ncalls=15656, regioncalls=667680, ndraw=40, logz=-11.94, remainder_fraction=10.2134%, Lmin=-5.34, Lmax=-4.83
19:10:17 [ultranest] [DEBUG] iteration=3576, ncalls=15688, regioncalls=669120, ndraw=40, logz=-11.94, remainder_fraction=10.1895%, Lmin=-5.34, Lmax=-4.83
19:10:18 [ultranest] [DEBUG] iteration=3577, ncalls=15721, regioncalls=671080, ndraw=40, logz=-11.94, remainder_fraction=10.1644%, Lmin=-5.34, Lmax=-4.83
19:10:19 [ultranest] [DEBUG] iteration=3578, ncalls=15758, regioncalls=672680, ndraw=40, logz=-11.94, remainder_fraction=10.1406%, Lmin=-5.34, Lmax=-4.83
19:10:20 [ultranest] [DEBUG] iteration=3579, ncalls=15768, regioncalls=673080, ndraw=40, logz=-11.94, remainder_fraction=10.1169%, Lmin=-5.34, Lmax=-4.83
19:10:20 [ultranest] [DEBUG] iteration=3581, ncalls=15783, regioncalls=673680, ndraw=40, logz=-11.94, remainder_fraction=10.0681%, Lmin=-5.34, Lmax=-4.83
19:10:21 [ultranest] [DEBUG] iteration=3582, ncalls=15795, regioncalls=674160, ndraw=40, logz=-11.94, remainder_fraction=10.0443%, Lmin=-5.34, Lmax=-4.83
19:10:21 [ultranest] [DEBUG] iteration=3583, ncalls=15803, regioncalls=674480, ndraw=40, logz=-11.94, remainder_fraction=10.0268%, Lmin=-5.34, Lmax=-4.83
19:10:21 [ultranest] [DEBUG] iteration=3585, ncalls=15807, regioncalls=674960, ndraw=40, logz=-11.94, remainder_fraction=9.9814%, Lmin=-5.34, Lmax=-4.83
19:10:21 [ultranest] [DEBUG] iteration=3586, ncalls=15811, regioncalls=675120, ndraw=40, logz=-11.94, remainder_fraction=9.9583%, Lmin=-5.34, Lmax=-4.83
19:10:23 [ultranest] [DEBUG] iteration=3587, ncalls=15855, regioncalls=676880, ndraw=40, logz=-11.94, remainder_fraction=9.9363%, Lmin=-5.34, Lmax=-4.83
19:10:23 [ultranest] [DEBUG] iteration=3588, ncalls=15873, regioncalls=677600, ndraw=40, logz=-11.94, remainder_fraction=9.9140%, Lmin=-5.33, Lmax=-4.83
19:10:24 [ultranest] [DEBUG] iteration=3589, ncalls=15886, regioncalls=678400, ndraw=40, logz=-11.94, remainder_fraction=9.8939%, Lmin=-5.33, Lmax=-4.83
19:10:24 [ultranest] [DEBUG] iteration=3591, ncalls=15894, regioncalls=678720, ndraw=40, logz=-11.94, remainder_fraction=9.8568%, Lmin=-5.33, Lmax=-4.83
19:10:24 [ultranest] [DEBUG] iteration=3593, ncalls=15899, regioncalls=678920, ndraw=40, logz=-11.94, remainder_fraction=9.8167%, Lmin=-5.33, Lmax=-4.83
19:10:24 [ultranest] [DEBUG] iteration=3594, ncalls=15902, regioncalls=679040, ndraw=40, logz=-11.94, remainder_fraction=9.7944%, Lmin=-5.33, Lmax=-4.83
19:10:25 [ultranest] [DEBUG] iteration=3595, ncalls=15907, regioncalls=679240, ndraw=40, logz=-11.94, remainder_fraction=9.7803%, Lmin=-5.33, Lmax=-4.83
19:10:25 [ultranest] [DEBUG] iteration=3596, ncalls=15917, regioncalls=679640, ndraw=40, logz=-11.94, remainder_fraction=9.7641%, Lmin=-5.33, Lmax=-4.83
19:10:25 [ultranest] [DEBUG] iteration=3597, ncalls=15930, regioncalls=680160, ndraw=40, logz=-11.94, remainder_fraction=9.7416%, Lmin=-5.33, Lmax=-4.83
19:10:26 [ultranest] [DEBUG] iteration=3598, ncalls=15951, regioncalls=681000, ndraw=40, logz=-11.94, remainder_fraction=9.7179%, Lmin=-5.33, Lmax=-4.83
19:10:27 [ultranest] [DEBUG] iteration=3600, ncalls=15963, regioncalls=681520, ndraw=40, logz=-11.94, remainder_fraction=9.6740%, Lmin=-5.33, Lmax=-4.83
19:10:27 [ultranest] [DEBUG] iteration=3603, ncalls=15972, regioncalls=681880, ndraw=40, logz=-11.93, remainder_fraction=9.6056%, Lmin=-5.33, Lmax=-4.83
19:10:27 [ultranest] [DEBUG] iteration=3605, ncalls=15981, regioncalls=682280, ndraw=40, logz=-11.93, remainder_fraction=9.5618%, Lmin=-5.33, Lmax=-4.83
19:10:27 [ultranest] [DEBUG] iteration=3606, ncalls=15984, regioncalls=682400, ndraw=40, logz=-11.93, remainder_fraction=9.5413%, Lmin=-5.33, Lmax=-4.83
19:10:27 [ultranest] [DEBUG] iteration=3607, ncalls=15987, regioncalls=682520, ndraw=40, logz=-11.93, remainder_fraction=9.5199%, Lmin=-5.33, Lmax=-4.83
19:10:28 [ultranest] [DEBUG] iteration=3608, ncalls=16001, regioncalls=683280, ndraw=40, logz=-11.93, remainder_fraction=9.4972%, Lmin=-5.33, Lmax=-4.83
19:10:28 [ultranest] [DEBUG] iteration=3609, ncalls=16007, regioncalls=683520, ndraw=40, logz=-11.93, remainder_fraction=9.4740%, Lmin=-5.32, Lmax=-4.83
19:10:28 [ultranest] [DEBUG] iteration=3610, ncalls=16015, regioncalls=683840, ndraw=40, logz=-11.93, remainder_fraction=9.4561%, Lmin=-5.32, Lmax=-4.83
19:10:29 [ultranest] [DEBUG] iteration=3612, ncalls=16020, regioncalls=684040, ndraw=40, logz=-11.93, remainder_fraction=9.4110%, Lmin=-5.32, Lmax=-4.83
19:10:29 [ultranest] [DEBUG] iteration=3613, ncalls=16028, regioncalls=684360, ndraw=40, logz=-11.93, remainder_fraction=9.3939%, Lmin=-5.32, Lmax=-4.83
19:10:29 [ultranest] [DEBUG] iteration=3614, ncalls=16039, regioncalls=684800, ndraw=40, logz=-11.93, remainder_fraction=9.3717%, Lmin=-5.32, Lmax=-4.83
19:10:30 [ultranest] [DEBUG] iteration=3617, ncalls=16047, regioncalls=685120, ndraw=40, logz=-11.93, remainder_fraction=9.3089%, Lmin=-5.32, Lmax=-4.83
19:10:30 [ultranest] [DEBUG] iteration=3618, ncalls=16051, regioncalls=685280, ndraw=40, logz=-11.93, remainder_fraction=9.2929%, Lmin=-5.32, Lmax=-4.83
19:10:30 [ultranest] [DEBUG] iteration=3619, ncalls=16054, regioncalls=685400, ndraw=40, logz=-11.93, remainder_fraction=9.2702%, Lmin=-5.32, Lmax=-4.83
19:10:30 [ultranest] [DEBUG] iteration=3620, ncalls=16063, regioncalls=686240, ndraw=40, logz=-11.93, remainder_fraction=9.2497%, Lmin=-5.32, Lmax=-4.83
19:10:30 [ultranest] [DEBUG] iteration=3622, ncalls=16071, regioncalls=686600, ndraw=40, logz=-11.93, remainder_fraction=9.2094%, Lmin=-5.32, Lmax=-4.83
19:10:31 [ultranest] [DEBUG] iteration=3623, ncalls=16075, regioncalls=686880, ndraw=40, logz=-11.93, remainder_fraction=9.1899%, Lmin=-5.32, Lmax=-4.83
19:10:31 [ultranest] [DEBUG] iteration=3624, ncalls=16080, regioncalls=687080, ndraw=40, logz=-11.93, remainder_fraction=9.1675%, Lmin=-5.32, Lmax=-4.83
19:10:31 [ultranest] [DEBUG] iteration=3625, ncalls=16091, regioncalls=687520, ndraw=40, logz=-11.93, remainder_fraction=9.1472%, Lmin=-5.32, Lmax=-4.83
19:10:32 [ultranest] [DEBUG] iteration=3626, ncalls=16101, regioncalls=687920, ndraw=40, logz=-11.93, remainder_fraction=9.1264%, Lmin=-5.32, Lmax=-4.83
19:10:32 [ultranest] [DEBUG] iteration=3627, ncalls=16105, regioncalls=688080, ndraw=40, logz=-11.93, remainder_fraction=9.1075%, Lmin=-5.32, Lmax=-4.83
19:10:32 [ultranest] [DEBUG] iteration=3628, ncalls=16124, regioncalls=688840, ndraw=40, logz=-11.93, remainder_fraction=9.0903%, Lmin=-5.31, Lmax=-4.83
19:10:33 [ultranest] [DEBUG] iteration=3630, ncalls=16132, regioncalls=689160, ndraw=40, logz=-11.93, remainder_fraction=9.0537%, Lmin=-5.31, Lmax=-4.83
19:10:33 [ultranest] [DEBUG] iteration=3631, ncalls=16136, regioncalls=689320, ndraw=40, logz=-11.93, remainder_fraction=9.0370%, Lmin=-5.31, Lmax=-4.83
19:10:33 [ultranest] [DEBUG] iteration=3632, ncalls=16146, regioncalls=689720, ndraw=40, logz=-11.93, remainder_fraction=9.0203%, Lmin=-5.31, Lmax=-4.83
19:10:34 [ultranest] [DEBUG] iteration=3633, ncalls=16165, regioncalls=690480, ndraw=40, logz=-11.93, remainder_fraction=8.9985%, Lmin=-5.31, Lmax=-4.83
19:10:34 [ultranest] [DEBUG] iteration=3635, ncalls=16170, regioncalls=690680, ndraw=40, logz=-11.93, remainder_fraction=8.9612%, Lmin=-5.31, Lmax=-4.83
19:10:34 [ultranest] [DEBUG] iteration=3636, ncalls=16173, regioncalls=690800, ndraw=40, logz=-11.93, remainder_fraction=8.9445%, Lmin=-5.31, Lmax=-4.83
19:10:34 [ultranest] [DEBUG] iteration=3639, ncalls=16179, regioncalls=691040, ndraw=40, logz=-11.93, remainder_fraction=8.8887%, Lmin=-5.31, Lmax=-4.83
19:10:34 [ultranest] [DEBUG] iteration=3640, ncalls=16183, regioncalls=691200, ndraw=40, logz=-11.93, remainder_fraction=8.8704%, Lmin=-5.31, Lmax=-4.83
19:10:35 [ultranest] [DEBUG] iteration=3641, ncalls=16203, regioncalls=692280, ndraw=40, logz=-11.93, remainder_fraction=8.8498%, Lmin=-5.31, Lmax=-4.83
19:10:35 [ultranest] [DEBUG] iteration=3642, ncalls=16206, regioncalls=692400, ndraw=40, logz=-11.93, remainder_fraction=8.8301%, Lmin=-5.31, Lmax=-4.83
19:10:36 [ultranest] [DEBUG] iteration=3643, ncalls=16219, regioncalls=692960, ndraw=40, logz=-11.93, remainder_fraction=8.8134%, Lmin=-5.31, Lmax=-4.83
19:10:36 [ultranest] [DEBUG] iteration=3644, ncalls=16226, regioncalls=693240, ndraw=40, logz=-11.93, remainder_fraction=8.7946%, Lmin=-5.31, Lmax=-4.83
19:10:36 [ultranest] [DEBUG] iteration=3645, ncalls=16231, regioncalls=693440, ndraw=40, logz=-11.93, remainder_fraction=8.7733%, Lmin=-5.31, Lmax=-4.83
19:10:36 [ultranest] [DEBUG] iteration=3647, ncalls=16237, regioncalls=693680, ndraw=40, logz=-11.93, remainder_fraction=8.7363%, Lmin=-5.30, Lmax=-4.83
19:10:37 [ultranest] [DEBUG] iteration=3649, ncalls=16243, regioncalls=693920, ndraw=40, logz=-11.93, remainder_fraction=8.6955%, Lmin=-5.30, Lmax=-4.83
19:10:38 [ultranest] [DEBUG] iteration=3650, ncalls=16271, regioncalls=695120, ndraw=40, logz=-11.92, remainder_fraction=8.6772%, Lmin=-5.30, Lmax=-4.83
19:10:38 [ultranest] [DEBUG] iteration=3651, ncalls=16277, regioncalls=695440, ndraw=40, logz=-11.92, remainder_fraction=8.6558%, Lmin=-5.30, Lmax=-4.83
19:10:38 [ultranest] [DEBUG] iteration=3653, ncalls=16285, regioncalls=695800, ndraw=40, logz=-11.92, remainder_fraction=8.6156%, Lmin=-5.30, Lmax=-4.83
19:10:38 [ultranest] [DEBUG] iteration=3654, ncalls=16293, regioncalls=696120, ndraw=40, logz=-11.92, remainder_fraction=8.6010%, Lmin=-5.30, Lmax=-4.83
19:10:39 [ultranest] [DEBUG] iteration=3655, ncalls=16298, regioncalls=696320, ndraw=40, logz=-11.92, remainder_fraction=8.5817%, Lmin=-5.30, Lmax=-4.83
19:10:39 [ultranest] [DEBUG] iteration=3657, ncalls=16302, regioncalls=696480, ndraw=40, logz=-11.92, remainder_fraction=8.5445%, Lmin=-5.30, Lmax=-4.83
19:10:39 [ultranest] [DEBUG] iteration=3658, ncalls=16308, regioncalls=696720, ndraw=40, logz=-11.92, remainder_fraction=8.5282%, Lmin=-5.30, Lmax=-4.83
19:10:39 [ultranest] [DEBUG] iteration=3660, ncalls=16319, regioncalls=697160, ndraw=40, logz=-11.92, remainder_fraction=8.4894%, Lmin=-5.30, Lmax=-4.83
19:10:40 [ultranest] [DEBUG] iteration=3661, ncalls=16328, regioncalls=697520, ndraw=40, logz=-11.92, remainder_fraction=8.4724%, Lmin=-5.29, Lmax=-4.83
19:10:40 [ultranest] [DEBUG] iteration=3662, ncalls=16333, regioncalls=697720, ndraw=40, logz=-11.92, remainder_fraction=8.4568%, Lmin=-5.29, Lmax=-4.83
19:10:40 [ultranest] [DEBUG] iteration=3663, ncalls=16344, regioncalls=698160, ndraw=40, logz=-11.92, remainder_fraction=8.4426%, Lmin=-5.29, Lmax=-4.83
19:10:40 [ultranest] [DEBUG] iteration=3664, ncalls=16351, regioncalls=698440, ndraw=40, logz=-11.92, remainder_fraction=8.4257%, Lmin=-5.29, Lmax=-4.83
19:10:41 [ultranest] [DEBUG] iteration=3665, ncalls=16356, regioncalls=698640, ndraw=40, logz=-11.92, remainder_fraction=8.4085%, Lmin=-5.29, Lmax=-4.83
19:10:41 [ultranest] [DEBUG] iteration=3666, ncalls=16359, regioncalls=698760, ndraw=40, logz=-11.92, remainder_fraction=8.3926%, Lmin=-5.29, Lmax=-4.83
19:10:41 [ultranest] [DEBUG] iteration=3667, ncalls=16362, regioncalls=698880, ndraw=40, logz=-11.92, remainder_fraction=8.3762%, Lmin=-5.29, Lmax=-4.83
19:10:41 [ultranest] [DEBUG] iteration=3668, ncalls=16367, regioncalls=699080, ndraw=40, logz=-11.92, remainder_fraction=8.3572%, Lmin=-5.29, Lmax=-4.83
19:10:42 [ultranest] [DEBUG] iteration=3669, ncalls=16395, regioncalls=700200, ndraw=40, logz=-11.92, remainder_fraction=8.3371%, Lmin=-5.29, Lmax=-4.83
19:10:43 [ultranest] [DEBUG] iteration=3670, ncalls=16415, regioncalls=701000, ndraw=40, logz=-11.92, remainder_fraction=8.3180%, Lmin=-5.29, Lmax=-4.83
19:10:43 [ultranest] [DEBUG] iteration=3671, ncalls=16420, regioncalls=701200, ndraw=40, logz=-11.92, remainder_fraction=8.3054%, Lmin=-5.29, Lmax=-4.83
19:10:43 [ultranest] [DEBUG] iteration=3672, ncalls=16430, regioncalls=701600, ndraw=40, logz=-11.92, remainder_fraction=8.2860%, Lmin=-5.29, Lmax=-4.83
19:10:44 [ultranest] [DEBUG] iteration=3673, ncalls=16442, regioncalls=702200, ndraw=40, logz=-11.92, remainder_fraction=8.2703%, Lmin=-5.29, Lmax=-4.83
19:10:44 [ultranest] [DEBUG] iteration=3674, ncalls=16457, regioncalls=702800, ndraw=40, logz=-11.92, remainder_fraction=8.2521%, Lmin=-5.29, Lmax=-4.83
19:10:44 [ultranest] [DEBUG] iteration=3675, ncalls=16462, regioncalls=703160, ndraw=40, logz=-11.92, remainder_fraction=8.2320%, Lmin=-5.29, Lmax=-4.83
19:10:44 [ultranest] [DEBUG] iteration=3676, ncalls=16467, regioncalls=703360, ndraw=40, logz=-11.92, remainder_fraction=8.2148%, Lmin=-5.29, Lmax=-4.83
19:10:45 [ultranest] [DEBUG] iteration=3677, ncalls=16476, regioncalls=703720, ndraw=40, logz=-11.92, remainder_fraction=8.1955%, Lmin=-5.29, Lmax=-4.83
19:10:45 [ultranest] [DEBUG] iteration=3678, ncalls=16485, regioncalls=704080, ndraw=40, logz=-11.92, remainder_fraction=8.1776%, Lmin=-5.29, Lmax=-4.83
19:10:45 [ultranest] [DEBUG] iteration=3679, ncalls=16491, regioncalls=704320, ndraw=40, logz=-11.92, remainder_fraction=8.1590%, Lmin=-5.28, Lmax=-4.83
19:10:46 [ultranest] [DEBUG] iteration=3680, ncalls=16498, regioncalls=704600, ndraw=40, logz=-11.92, remainder_fraction=8.1400%, Lmin=-5.28, Lmax=-4.83
19:10:46 [ultranest] [DEBUG] iteration=3681, ncalls=16512, regioncalls=705160, ndraw=40, logz=-11.92, remainder_fraction=8.1218%, Lmin=-5.28, Lmax=-4.83
19:10:46 [ultranest] [DEBUG] iteration=3682, ncalls=16521, regioncalls=705520, ndraw=40, logz=-11.92, remainder_fraction=8.1062%, Lmin=-5.28, Lmax=-4.83
19:10:47 [ultranest] [DEBUG] iteration=3684, ncalls=16525, regioncalls=705680, ndraw=40, logz=-11.92, remainder_fraction=8.0764%, Lmin=-5.28, Lmax=-4.83
19:10:47 [ultranest] [DEBUG] iteration=3685, ncalls=16534, regioncalls=706040, ndraw=40, logz=-11.92, remainder_fraction=8.0574%, Lmin=-5.28, Lmax=-4.83
19:10:47 [ultranest] [DEBUG] iteration=3687, ncalls=16542, regioncalls=706360, ndraw=40, logz=-11.92, remainder_fraction=8.0261%, Lmin=-5.28, Lmax=-4.83
19:10:47 [ultranest] [DEBUG] iteration=3689, ncalls=16549, regioncalls=706640, ndraw=40, logz=-11.92, remainder_fraction=7.9901%, Lmin=-5.28, Lmax=-4.83
19:10:47 [ultranest] [DEBUG] iteration=3690, ncalls=16550, regioncalls=706760, ndraw=40, logz=-11.92, remainder_fraction=7.9790%, Lmin=-5.28, Lmax=-4.83
19:10:48 [ultranest] [DEBUG] iteration=3691, ncalls=16564, regioncalls=707320, ndraw=40, logz=-11.92, remainder_fraction=7.9613%, Lmin=-5.28, Lmax=-4.83
19:10:48 [ultranest] [DEBUG] iteration=3693, ncalls=16571, regioncalls=707680, ndraw=40, logz=-11.92, remainder_fraction=7.9240%, Lmin=-5.28, Lmax=-4.83
19:10:48 [ultranest] [DEBUG] iteration=3695, ncalls=16575, regioncalls=707840, ndraw=40, logz=-11.92, remainder_fraction=7.8945%, Lmin=-5.28, Lmax=-4.83
19:10:49 [ultranest] [DEBUG] iteration=3697, ncalls=16581, regioncalls=708280, ndraw=40, logz=-11.92, remainder_fraction=7.8616%, Lmin=-5.28, Lmax=-4.83
19:10:49 [ultranest] [DEBUG] iteration=3698, ncalls=16587, regioncalls=708520, ndraw=40, logz=-11.92, remainder_fraction=7.8422%, Lmin=-5.28, Lmax=-4.83
19:10:49 [ultranest] [DEBUG] iteration=3700, ncalls=16591, regioncalls=708680, ndraw=40, logz=-11.92, remainder_fraction=7.8082%, Lmin=-5.28, Lmax=-4.83
19:10:49 [ultranest] [DEBUG] iteration=3701, ncalls=16594, regioncalls=708800, ndraw=40, logz=-11.91, remainder_fraction=7.7893%, Lmin=-5.28, Lmax=-4.83
19:10:49 [ultranest] [DEBUG] iteration=3702, ncalls=16605, regioncalls=709240, ndraw=40, logz=-11.91, remainder_fraction=7.7741%, Lmin=-5.28, Lmax=-4.83
19:10:50 [ultranest] [DEBUG] iteration=3704, ncalls=16608, regioncalls=709360, ndraw=40, logz=-11.91, remainder_fraction=7.7382%, Lmin=-5.28, Lmax=-4.83
19:10:50 [ultranest] [DEBUG] iteration=3706, ncalls=16612, regioncalls=709520, ndraw=40, logz=-11.91, remainder_fraction=7.7025%, Lmin=-5.27, Lmax=-4.83
19:10:50 [ultranest] [DEBUG] iteration=3707, ncalls=16619, regioncalls=709800, ndraw=40, logz=-11.91, remainder_fraction=7.6860%, Lmin=-5.27, Lmax=-4.83
19:10:50 [ultranest] [DEBUG] iteration=3709, ncalls=16626, regioncalls=710080, ndraw=40, logz=-11.91, remainder_fraction=7.6540%, Lmin=-5.27, Lmax=-4.83
19:10:51 [ultranest] [DEBUG] iteration=3710, ncalls=16661, regioncalls=711480, ndraw=40, logz=-11.91, remainder_fraction=7.6406%, Lmin=-5.27, Lmax=-4.83
19:10:52 [ultranest] [DEBUG] iteration=3712, ncalls=16668, regioncalls=711760, ndraw=40, logz=-11.91, remainder_fraction=7.6070%, Lmin=-5.27, Lmax=-4.83
19:10:52 [ultranest] [DEBUG] iteration=3713, ncalls=16672, regioncalls=711920, ndraw=40, logz=-11.91, remainder_fraction=7.5900%, Lmin=-5.27, Lmax=-4.83
19:10:53 [ultranest] [DEBUG] iteration=3714, ncalls=16695, regioncalls=712840, ndraw=40, logz=-11.91, remainder_fraction=7.5726%, Lmin=-5.27, Lmax=-4.83
19:10:53 [ultranest] [DEBUG] iteration=3715, ncalls=16700, regioncalls=713040, ndraw=40, logz=-11.91, remainder_fraction=7.5580%, Lmin=-5.27, Lmax=-4.83
19:10:53 [ultranest] [DEBUG] iteration=3716, ncalls=16709, regioncalls=713400, ndraw=40, logz=-11.91, remainder_fraction=7.5430%, Lmin=-5.27, Lmax=-4.83
19:10:53 [ultranest] [DEBUG] iteration=3718, ncalls=16715, regioncalls=713640, ndraw=40, logz=-11.91, remainder_fraction=7.5102%, Lmin=-5.27, Lmax=-4.83
19:10:54 [ultranest] [DEBUG] iteration=3720, ncalls=16727, regioncalls=714120, ndraw=40, logz=-11.91, remainder_fraction=7.4773%, Lmin=-5.27, Lmax=-4.83
19:10:54 [ultranest] [DEBUG] iteration=3721, ncalls=16730, regioncalls=714240, ndraw=40, logz=-11.91, remainder_fraction=7.4600%, Lmin=-5.27, Lmax=-4.83
19:10:55 [ultranest] [DEBUG] iteration=3722, ncalls=16750, regioncalls=715040, ndraw=40, logz=-11.91, remainder_fraction=7.4428%, Lmin=-5.27, Lmax=-4.83
19:10:55 [ultranest] [DEBUG] iteration=3723, ncalls=16763, regioncalls=715680, ndraw=40, logz=-11.91, remainder_fraction=7.4290%, Lmin=-5.26, Lmax=-4.83
19:10:55 [ultranest] [DEBUG] iteration=3724, ncalls=16774, regioncalls=716120, ndraw=40, logz=-11.91, remainder_fraction=7.4123%, Lmin=-5.26, Lmax=-4.83
19:10:56 [ultranest] [DEBUG] iteration=3725, ncalls=16782, regioncalls=716440, ndraw=40, logz=-11.91, remainder_fraction=7.3984%, Lmin=-5.26, Lmax=-4.83
19:10:57 [ultranest] [DEBUG] iteration=3726, ncalls=16804, regioncalls=717320, ndraw=40, logz=-11.91, remainder_fraction=7.3828%, Lmin=-5.26, Lmax=-4.83
19:10:57 [ultranest] [DEBUG] iteration=3727, ncalls=16813, regioncalls=717680, ndraw=40, logz=-11.91, remainder_fraction=7.3695%, Lmin=-5.26, Lmax=-4.83
19:10:57 [ultranest] [DEBUG] iteration=3729, ncalls=16816, regioncalls=717800, ndraw=40, logz=-11.91, remainder_fraction=7.3393%, Lmin=-5.26, Lmax=-4.83
19:10:57 [ultranest] [DEBUG] iteration=3730, ncalls=16823, regioncalls=718080, ndraw=40, logz=-11.91, remainder_fraction=7.3239%, Lmin=-5.26, Lmax=-4.83
19:10:57 [ultranest] [DEBUG] iteration=3731, ncalls=16828, regioncalls=718280, ndraw=40, logz=-11.91, remainder_fraction=7.3069%, Lmin=-5.26, Lmax=-4.83
19:10:58 [ultranest] [DEBUG] iteration=3733, ncalls=16832, regioncalls=718440, ndraw=40, logz=-11.91, remainder_fraction=7.2742%, Lmin=-5.26, Lmax=-4.83
19:10:58 [ultranest] [DEBUG] iteration=3734, ncalls=16846, regioncalls=719000, ndraw=40, logz=-11.91, remainder_fraction=7.2585%, Lmin=-5.26, Lmax=-4.83
19:10:58 [ultranest] [DEBUG] iteration=3735, ncalls=16852, regioncalls=719240, ndraw=40, logz=-11.91, remainder_fraction=7.2435%, Lmin=-5.26, Lmax=-4.83
19:10:59 [ultranest] [DEBUG] iteration=3736, ncalls=16861, regioncalls=719600, ndraw=40, logz=-11.91, remainder_fraction=7.2269%, Lmin=-5.26, Lmax=-4.83
19:11:00 [ultranest] [DEBUG] iteration=3737, ncalls=16897, regioncalls=721440, ndraw=40, logz=-11.91, remainder_fraction=7.2101%, Lmin=-5.26, Lmax=-4.83
19:11:00 [ultranest] [DEBUG] iteration=3738, ncalls=16903, regioncalls=721720, ndraw=40, logz=-11.91, remainder_fraction=7.1941%, Lmin=-5.26, Lmax=-4.83
19:11:00 [ultranest] [DEBUG] iteration=3739, ncalls=16910, regioncalls=722000, ndraw=40, logz=-11.91, remainder_fraction=7.1771%, Lmin=-5.26, Lmax=-4.83
19:11:01 [ultranest] [DEBUG] iteration=3740, ncalls=16917, regioncalls=722280, ndraw=40, logz=-11.91, remainder_fraction=7.1622%, Lmin=-5.25, Lmax=-4.83
19:11:01 [ultranest] [DEBUG] iteration=3742, ncalls=16924, regioncalls=722560, ndraw=40, logz=-11.91, remainder_fraction=7.1288%, Lmin=-5.25, Lmax=-4.83
19:11:01 [ultranest] [DEBUG] iteration=3743, ncalls=16944, regioncalls=723360, ndraw=40, logz=-11.91, remainder_fraction=7.1131%, Lmin=-5.25, Lmax=-4.83
19:11:02 [ultranest] [DEBUG] iteration=3745, ncalls=16951, regioncalls=723640, ndraw=40, logz=-11.91, remainder_fraction=7.0853%, Lmin=-5.25, Lmax=-4.83
19:11:02 [ultranest] [DEBUG] iteration=3746, ncalls=16957, regioncalls=723880, ndraw=40, logz=-11.91, remainder_fraction=7.0693%, Lmin=-5.25, Lmax=-4.83
19:11:02 [ultranest] [DEBUG] iteration=3747, ncalls=16965, regioncalls=724200, ndraw=40, logz=-11.91, remainder_fraction=7.0518%, Lmin=-5.25, Lmax=-4.83
19:11:02 [ultranest] [DEBUG] iteration=3748, ncalls=16971, regioncalls=724440, ndraw=40, logz=-11.91, remainder_fraction=7.0389%, Lmin=-5.25, Lmax=-4.83
19:11:03 [ultranest] [DEBUG] iteration=3749, ncalls=16984, regioncalls=725320, ndraw=40, logz=-11.91, remainder_fraction=7.0226%, Lmin=-5.25, Lmax=-4.83
19:11:03 [ultranest] [DEBUG] iteration=3750, ncalls=16988, regioncalls=725480, ndraw=40, logz=-11.91, remainder_fraction=7.0070%, Lmin=-5.25, Lmax=-4.83
19:11:03 [ultranest] [DEBUG] iteration=3751, ncalls=16991, regioncalls=725600, ndraw=40, logz=-11.91, remainder_fraction=6.9902%, Lmin=-5.25, Lmax=-4.83
19:11:04 [ultranest] [DEBUG] iteration=3752, ncalls=17007, regioncalls=726240, ndraw=40, logz=-11.91, remainder_fraction=6.9746%, Lmin=-5.25, Lmax=-4.83
19:11:05 [ultranest] [DEBUG] iteration=3754, ncalls=17036, regioncalls=727400, ndraw=40, logz=-11.91, remainder_fraction=6.9410%, Lmin=-5.25, Lmax=-4.83
19:11:05 [ultranest] [DEBUG] iteration=3755, ncalls=17040, regioncalls=727560, ndraw=40, logz=-11.91, remainder_fraction=6.9253%, Lmin=-5.25, Lmax=-4.83
19:11:05 [ultranest] [DEBUG] iteration=3757, ncalls=17044, regioncalls=727720, ndraw=40, logz=-11.91, remainder_fraction=6.8926%, Lmin=-5.25, Lmax=-4.83
19:11:05 [ultranest] [DEBUG] iteration=3759, ncalls=17048, regioncalls=727880, ndraw=40, logz=-11.91, remainder_fraction=6.8614%, Lmin=-5.25, Lmax=-4.83
19:11:05 [ultranest] [DEBUG] iteration=3760, ncalls=17054, regioncalls=728120, ndraw=40, logz=-11.90, remainder_fraction=6.8457%, Lmin=-5.25, Lmax=-4.83
19:11:06 [ultranest] [DEBUG] iteration=3761, ncalls=17067, regioncalls=728640, ndraw=40, logz=-11.90, remainder_fraction=6.8292%, Lmin=-5.25, Lmax=-4.83
19:11:06 [ultranest] [DEBUG] iteration=3762, ncalls=17071, regioncalls=728800, ndraw=40, logz=-11.90, remainder_fraction=6.8167%, Lmin=-5.25, Lmax=-4.83
19:11:06 [ultranest] [DEBUG] iteration=3763, ncalls=17086, regioncalls=729400, ndraw=40, logz=-11.90, remainder_fraction=6.7998%, Lmin=-5.25, Lmax=-4.83
19:11:07 [ultranest] [DEBUG] iteration=3764, ncalls=17103, regioncalls=730080, ndraw=40, logz=-11.90, remainder_fraction=6.7842%, Lmin=-5.25, Lmax=-4.83
19:11:07 [ultranest] [DEBUG] iteration=3765, ncalls=17111, regioncalls=730400, ndraw=40, logz=-11.90, remainder_fraction=6.7692%, Lmin=-5.25, Lmax=-4.83
19:11:08 [ultranest] [DEBUG] iteration=3766, ncalls=17122, regioncalls=730840, ndraw=40, logz=-11.90, remainder_fraction=6.7532%, Lmin=-5.25, Lmax=-4.83
19:11:08 [ultranest] [DEBUG] iteration=3768, ncalls=17129, regioncalls=731120, ndraw=40, logz=-11.90, remainder_fraction=6.7213%, Lmin=-5.25, Lmax=-4.83
19:11:08 [ultranest] [DEBUG] iteration=3769, ncalls=17134, regioncalls=731520, ndraw=40, logz=-11.90, remainder_fraction=6.7096%, Lmin=-5.25, Lmax=-4.83
19:11:08 [ultranest] [DEBUG] iteration=3770, ncalls=17140, regioncalls=731760, ndraw=40, logz=-11.90, remainder_fraction=6.6931%, Lmin=-5.25, Lmax=-4.83
19:11:09 [ultranest] [DEBUG] iteration=3771, ncalls=17143, regioncalls=731880, ndraw=40, logz=-11.90, remainder_fraction=6.6796%, Lmin=-5.25, Lmax=-4.83
19:11:09 [ultranest] [DEBUG] iteration=3773, ncalls=17150, regioncalls=732160, ndraw=40, logz=-11.90, remainder_fraction=6.6475%, Lmin=-5.25, Lmax=-4.83
19:11:09 [ultranest] [DEBUG] iteration=3775, ncalls=17155, regioncalls=732360, ndraw=40, logz=-11.90, remainder_fraction=6.6174%, Lmin=-5.24, Lmax=-4.83
19:11:09 [ultranest] [DEBUG] iteration=3777, ncalls=17159, regioncalls=732520, ndraw=40, logz=-11.90, remainder_fraction=6.5885%, Lmin=-5.24, Lmax=-4.83
19:11:09 [ultranest] [DEBUG] iteration=3778, ncalls=17171, regioncalls=733000, ndraw=40, logz=-11.90, remainder_fraction=6.5769%, Lmin=-5.24, Lmax=-4.83
19:11:10 [ultranest] [DEBUG] iteration=3780, ncalls=17184, regioncalls=733600, ndraw=40, logz=-11.90, remainder_fraction=6.5457%, Lmin=-5.24, Lmax=-4.83
19:11:10 [ultranest] [DEBUG] iteration=3783, ncalls=17194, regioncalls=734080, ndraw=40, logz=-11.90, remainder_fraction=6.4998%, Lmin=-5.24, Lmax=-4.83
19:11:11 [ultranest] [DEBUG] iteration=3784, ncalls=17218, regioncalls=735040, ndraw=40, logz=-11.90, remainder_fraction=6.4858%, Lmin=-5.24, Lmax=-4.83
19:11:11 [ultranest] [DEBUG] iteration=3785, ncalls=17224, regioncalls=735280, ndraw=40, logz=-11.90, remainder_fraction=6.4701%, Lmin=-5.24, Lmax=-4.83
19:11:12 [ultranest] [DEBUG] iteration=3787, ncalls=17230, regioncalls=735520, ndraw=40, logz=-11.90, remainder_fraction=6.4403%, Lmin=-5.24, Lmax=-4.83
19:11:12 [ultranest] [DEBUG] iteration=3788, ncalls=17233, regioncalls=735640, ndraw=40, logz=-11.90, remainder_fraction=6.4245%, Lmin=-5.24, Lmax=-4.83
19:11:12 [ultranest] [DEBUG] iteration=3789, ncalls=17250, regioncalls=736320, ndraw=40, logz=-11.90, remainder_fraction=6.4089%, Lmin=-5.24, Lmax=-4.83
19:11:13 [ultranest] [DEBUG] iteration=3790, ncalls=17282, regioncalls=738240, ndraw=40, logz=-11.90, remainder_fraction=6.3943%, Lmin=-5.24, Lmax=-4.83
19:11:14 [ultranest] [DEBUG] iteration=3791, ncalls=17288, regioncalls=738480, ndraw=40, logz=-11.90, remainder_fraction=6.3806%, Lmin=-5.24, Lmax=-4.83
19:11:14 [ultranest] [DEBUG] iteration=3792, ncalls=17298, regioncalls=738880, ndraw=40, logz=-11.90, remainder_fraction=6.3679%, Lmin=-5.24, Lmax=-4.83
19:11:14 [ultranest] [DEBUG] iteration=3793, ncalls=17309, regioncalls=739400, ndraw=40, logz=-11.90, remainder_fraction=6.3529%, Lmin=-5.23, Lmax=-4.83
19:11:15 [ultranest] [DEBUG] iteration=3794, ncalls=17314, regioncalls=739680, ndraw=40, logz=-11.90, remainder_fraction=6.3398%, Lmin=-5.23, Lmax=-4.83
19:11:16 [ultranest] [DEBUG] iteration=3795, ncalls=17339, regioncalls=740680, ndraw=40, logz=-11.90, remainder_fraction=6.3266%, Lmin=-5.23, Lmax=-4.83
19:11:17 [ultranest] [DEBUG] iteration=3797, ncalls=17370, regioncalls=742240, ndraw=40, logz=-11.90, remainder_fraction=6.2996%, Lmin=-5.23, Lmax=-4.83
19:11:18 [ultranest] [DEBUG] iteration=3798, ncalls=17407, regioncalls=744160, ndraw=40, logz=-11.90, remainder_fraction=6.2859%, Lmin=-5.23, Lmax=-4.83
19:11:18 [ultranest] [DEBUG] iteration=3799, ncalls=17410, regioncalls=744280, ndraw=40, logz=-11.90, remainder_fraction=6.2715%, Lmin=-5.23, Lmax=-4.83
19:11:18 [ultranest] [DEBUG] iteration=3800, ncalls=17417, regioncalls=744560, ndraw=40, logz=-11.90, remainder_fraction=6.2570%, Lmin=-5.23, Lmax=-4.83
19:11:19 [ultranest] [DEBUG] iteration=3801, ncalls=17439, regioncalls=745440, ndraw=40, logz=-11.90, remainder_fraction=6.2430%, Lmin=-5.23, Lmax=-4.83
19:11:19 [ultranest] [DEBUG] iteration=3802, ncalls=17444, regioncalls=745640, ndraw=40, logz=-11.90, remainder_fraction=6.2320%, Lmin=-5.23, Lmax=-4.83
19:11:19 [ultranest] [DEBUG] iteration=3803, ncalls=17448, regioncalls=745800, ndraw=40, logz=-11.90, remainder_fraction=6.2208%, Lmin=-5.23, Lmax=-4.83
19:11:19 [ultranest] [DEBUG] iteration=3804, ncalls=17451, regioncalls=745920, ndraw=40, logz=-11.90, remainder_fraction=6.2057%, Lmin=-5.23, Lmax=-4.83
19:11:20 [ultranest] [DEBUG] iteration=3806, ncalls=17471, regioncalls=746720, ndraw=40, logz=-11.90, remainder_fraction=6.1798%, Lmin=-5.23, Lmax=-4.83
19:11:21 [ultranest] [DEBUG] iteration=3808, ncalls=17484, regioncalls=747240, ndraw=40, logz=-11.90, remainder_fraction=6.1499%, Lmin=-5.23, Lmax=-4.83
19:11:22 [ultranest] [DEBUG] iteration=3809, ncalls=17512, regioncalls=748520, ndraw=40, logz=-11.90, remainder_fraction=6.1347%, Lmin=-5.23, Lmax=-4.83
19:11:22 [ultranest] [DEBUG] iteration=3810, ncalls=17517, regioncalls=748720, ndraw=40, logz=-11.90, remainder_fraction=6.1211%, Lmin=-5.23, Lmax=-4.83
19:11:22 [ultranest] [DEBUG] iteration=3811, ncalls=17525, regioncalls=749040, ndraw=40, logz=-11.90, remainder_fraction=6.1060%, Lmin=-5.23, Lmax=-4.83
19:11:23 [ultranest] [DEBUG] iteration=3812, ncalls=17538, regioncalls=749560, ndraw=40, logz=-11.90, remainder_fraction=6.0946%, Lmin=-5.23, Lmax=-4.83
19:11:23 [ultranest] [DEBUG] iteration=3814, ncalls=17543, regioncalls=749760, ndraw=40, logz=-11.90, remainder_fraction=6.0666%, Lmin=-5.22, Lmax=-4.83
19:11:23 [ultranest] [DEBUG] iteration=3815, ncalls=17556, regioncalls=750400, ndraw=40, logz=-11.90, remainder_fraction=6.0534%, Lmin=-5.22, Lmax=-4.83
19:11:23 [ultranest] [DEBUG] iteration=3817, ncalls=17562, regioncalls=750640, ndraw=40, logz=-11.90, remainder_fraction=6.0273%, Lmin=-5.22, Lmax=-4.83
19:11:24 [ultranest] [DEBUG] iteration=3818, ncalls=17575, regioncalls=751400, ndraw=40, logz=-11.90, remainder_fraction=6.0132%, Lmin=-5.22, Lmax=-4.83
19:11:24 [ultranest] [DEBUG] iteration=3819, ncalls=17587, regioncalls=751880, ndraw=40, logz=-11.90, remainder_fraction=5.9993%, Lmin=-5.22, Lmax=-4.83
19:11:25 [ultranest] [DEBUG] iteration=3820, ncalls=17596, regioncalls=752240, ndraw=40, logz=-11.90, remainder_fraction=5.9859%, Lmin=-5.22, Lmax=-4.83
19:11:25 [ultranest] [DEBUG] iteration=3821, ncalls=17613, regioncalls=752960, ndraw=40, logz=-11.90, remainder_fraction=5.9716%, Lmin=-5.22, Lmax=-4.83
19:11:25 [ultranest] [DEBUG] iteration=3822, ncalls=17620, regioncalls=753280, ndraw=40, logz=-11.90, remainder_fraction=5.9580%, Lmin=-5.22, Lmax=-4.83
19:11:26 [ultranest] [DEBUG] iteration=3824, ncalls=17627, regioncalls=753720, ndraw=40, logz=-11.90, remainder_fraction=5.9308%, Lmin=-5.22, Lmax=-4.83
19:11:26 [ultranest] [DEBUG] iteration=3825, ncalls=17633, regioncalls=754200, ndraw=40, logz=-11.90, remainder_fraction=5.9186%, Lmin=-5.22, Lmax=-4.83
19:11:26 [ultranest] [DEBUG] iteration=3826, ncalls=17642, regioncalls=754600, ndraw=40, logz=-11.89, remainder_fraction=5.9043%, Lmin=-5.22, Lmax=-4.83
19:11:27 [ultranest] [DEBUG] iteration=3827, ncalls=17650, regioncalls=754920, ndraw=40, logz=-11.89, remainder_fraction=5.8910%, Lmin=-5.22, Lmax=-4.83
19:11:27 [ultranest] [DEBUG] iteration=3828, ncalls=17672, regioncalls=755800, ndraw=40, logz=-11.89, remainder_fraction=5.8769%, Lmin=-5.22, Lmax=-4.83
19:11:28 [ultranest] [DEBUG] iteration=3829, ncalls=17677, regioncalls=756000, ndraw=40, logz=-11.89, remainder_fraction=5.8641%, Lmin=-5.22, Lmax=-4.83
19:11:28 [ultranest] [DEBUG] iteration=3832, ncalls=17682, regioncalls=756200, ndraw=40, logz=-11.89, remainder_fraction=5.8265%, Lmin=-5.22, Lmax=-4.83
19:11:28 [ultranest] [DEBUG] iteration=3833, ncalls=17691, regioncalls=756560, ndraw=40, logz=-11.89, remainder_fraction=5.8127%, Lmin=-5.22, Lmax=-4.83
19:11:29 [ultranest] [DEBUG] iteration=3834, ncalls=17708, regioncalls=757240, ndraw=40, logz=-11.89, remainder_fraction=5.8014%, Lmin=-5.22, Lmax=-4.83
19:11:29 [ultranest] [DEBUG] iteration=3835, ncalls=17712, regioncalls=757400, ndraw=40, logz=-11.89, remainder_fraction=5.7877%, Lmin=-5.21, Lmax=-4.83
19:11:29 [ultranest] [DEBUG] iteration=3836, ncalls=17715, regioncalls=757520, ndraw=40, logz=-11.89, remainder_fraction=5.7760%, Lmin=-5.21, Lmax=-4.83
19:11:29 [ultranest] [DEBUG] iteration=3837, ncalls=17723, regioncalls=757840, ndraw=40, logz=-11.89, remainder_fraction=5.7617%, Lmin=-5.21, Lmax=-4.83
19:11:29 [ultranest] [DEBUG] iteration=3838, ncalls=17727, regioncalls=758000, ndraw=40, logz=-11.89, remainder_fraction=5.7504%, Lmin=-5.21, Lmax=-4.83
19:11:30 [ultranest] [DEBUG] iteration=3839, ncalls=17737, regioncalls=758400, ndraw=40, logz=-11.89, remainder_fraction=5.7388%, Lmin=-5.21, Lmax=-4.83
19:11:30 [ultranest] [DEBUG] iteration=3840, ncalls=17740, regioncalls=758520, ndraw=40, logz=-11.89, remainder_fraction=5.7289%, Lmin=-5.21, Lmax=-4.83
19:11:30 [ultranest] [DEBUG] iteration=3841, ncalls=17748, regioncalls=758840, ndraw=40, logz=-11.89, remainder_fraction=5.7174%, Lmin=-5.21, Lmax=-4.83
19:11:30 [ultranest] [DEBUG] iteration=3842, ncalls=17754, regioncalls=759080, ndraw=40, logz=-11.89, remainder_fraction=5.7043%, Lmin=-5.21, Lmax=-4.83
19:11:31 [ultranest] [DEBUG] iteration=3843, ncalls=17763, regioncalls=759440, ndraw=40, logz=-11.89, remainder_fraction=5.6926%, Lmin=-5.21, Lmax=-4.83
19:11:31 [ultranest] [DEBUG] iteration=3844, ncalls=17775, regioncalls=759920, ndraw=40, logz=-11.89, remainder_fraction=5.6787%, Lmin=-5.21, Lmax=-4.83
19:11:31 [ultranest] [DEBUG] iteration=3845, ncalls=17789, regioncalls=760480, ndraw=40, logz=-11.89, remainder_fraction=5.6654%, Lmin=-5.21, Lmax=-4.83
19:11:32 [ultranest] [DEBUG] iteration=3847, ncalls=17805, regioncalls=761120, ndraw=40, logz=-11.89, remainder_fraction=5.6394%, Lmin=-5.21, Lmax=-4.83
19:11:32 [ultranest] [DEBUG] iteration=3848, ncalls=17811, regioncalls=761360, ndraw=40, logz=-11.89, remainder_fraction=5.6266%, Lmin=-5.21, Lmax=-4.83
19:11:32 [ultranest] [DEBUG] iteration=3849, ncalls=17815, regioncalls=761520, ndraw=40, logz=-11.89, remainder_fraction=5.6152%, Lmin=-5.21, Lmax=-4.83
19:11:33 [ultranest] [DEBUG] iteration=3851, ncalls=17818, regioncalls=761640, ndraw=40, logz=-11.89, remainder_fraction=5.5895%, Lmin=-5.21, Lmax=-4.83
19:11:33 [ultranest] [DEBUG] iteration=3852, ncalls=17827, regioncalls=762240, ndraw=40, logz=-11.89, remainder_fraction=5.5777%, Lmin=-5.21, Lmax=-4.83
19:11:33 [ultranest] [DEBUG] iteration=3854, ncalls=17830, regioncalls=762360, ndraw=40, logz=-11.89, remainder_fraction=5.5503%, Lmin=-5.21, Lmax=-4.83
19:11:33 [ultranest] [DEBUG] iteration=3855, ncalls=17835, regioncalls=762760, ndraw=40, logz=-11.89, remainder_fraction=5.5367%, Lmin=-5.21, Lmax=-4.83
19:11:33 [ultranest] [DEBUG] iteration=3856, ncalls=17838, regioncalls=762960, ndraw=40, logz=-11.89, remainder_fraction=5.5256%, Lmin=-5.21, Lmax=-4.83
19:11:33 [ultranest] [DEBUG] iteration=3858, ncalls=17844, regioncalls=763200, ndraw=40, logz=-11.89, remainder_fraction=5.5006%, Lmin=-5.21, Lmax=-4.83
19:11:34 [ultranest] [DEBUG] iteration=3859, ncalls=17857, regioncalls=763720, ndraw=40, logz=-11.89, remainder_fraction=5.4897%, Lmin=-5.20, Lmax=-4.83
19:11:34 [ultranest] [DEBUG] iteration=3860, ncalls=17864, regioncalls=764000, ndraw=40, logz=-11.89, remainder_fraction=5.4788%, Lmin=-5.20, Lmax=-4.83
19:11:35 [ultranest] [DEBUG] iteration=3861, ncalls=17882, regioncalls=764720, ndraw=40, logz=-11.89, remainder_fraction=5.4657%, Lmin=-5.20, Lmax=-4.83
19:11:35 [ultranest] [DEBUG] iteration=3863, ncalls=17885, regioncalls=764840, ndraw=40, logz=-11.89, remainder_fraction=5.4418%, Lmin=-5.20, Lmax=-4.83
19:11:35 [ultranest] [DEBUG] iteration=3864, ncalls=17890, regioncalls=765040, ndraw=40, logz=-11.89, remainder_fraction=5.4293%, Lmin=-5.20, Lmax=-4.83
19:11:35 [ultranest] [DEBUG] iteration=3865, ncalls=17896, regioncalls=765280, ndraw=40, logz=-11.89, remainder_fraction=5.4175%, Lmin=-5.20, Lmax=-4.83
19:11:36 [ultranest] [DEBUG] iteration=3866, ncalls=17904, regioncalls=765600, ndraw=40, logz=-11.89, remainder_fraction=5.4048%, Lmin=-5.20, Lmax=-4.83
19:11:36 [ultranest] [DEBUG] iteration=3867, ncalls=17911, regioncalls=765880, ndraw=40, logz=-11.89, remainder_fraction=5.3914%, Lmin=-5.20, Lmax=-4.83
19:11:36 [ultranest] [DEBUG] iteration=3868, ncalls=17914, regioncalls=766000, ndraw=40, logz=-11.89, remainder_fraction=5.3803%, Lmin=-5.20, Lmax=-4.83
19:11:36 [ultranest] [DEBUG] iteration=3869, ncalls=17922, regioncalls=766560, ndraw=40, logz=-11.89, remainder_fraction=5.3673%, Lmin=-5.20, Lmax=-4.83
19:11:37 [ultranest] [DEBUG] iteration=3870, ncalls=17930, regioncalls=766960, ndraw=40, logz=-11.89, remainder_fraction=5.3545%, Lmin=-5.20, Lmax=-4.83
19:11:37 [ultranest] [DEBUG] iteration=3871, ncalls=17942, regioncalls=767440, ndraw=40, logz=-11.89, remainder_fraction=5.3417%, Lmin=-5.20, Lmax=-4.83
19:11:37 [ultranest] [DEBUG] iteration=3872, ncalls=17949, regioncalls=767720, ndraw=40, logz=-11.89, remainder_fraction=5.3286%, Lmin=-5.20, Lmax=-4.83
19:11:38 [ultranest] [DEBUG] iteration=3873, ncalls=17961, regioncalls=768200, ndraw=40, logz=-11.89, remainder_fraction=5.3175%, Lmin=-5.20, Lmax=-4.83
19:11:38 [ultranest] [DEBUG] iteration=3875, ncalls=17974, regioncalls=768720, ndraw=40, logz=-11.89, remainder_fraction=5.2932%, Lmin=-5.20, Lmax=-4.83
19:11:38 [ultranest] [DEBUG] iteration=3876, ncalls=17977, regioncalls=768840, ndraw=40, logz=-11.89, remainder_fraction=5.2845%, Lmin=-5.20, Lmax=-4.83
19:11:39 [ultranest] [DEBUG] iteration=3877, ncalls=17993, regioncalls=769560, ndraw=40, logz=-11.89, remainder_fraction=5.2734%, Lmin=-5.20, Lmax=-4.83
19:11:39 [ultranest] [DEBUG] iteration=3878, ncalls=18003, regioncalls=770040, ndraw=40, logz=-11.89, remainder_fraction=5.2611%, Lmin=-5.20, Lmax=-4.83
19:11:40 [ultranest] [DEBUG] iteration=3880, ncalls=18015, regioncalls=770520, ndraw=40, logz=-11.89, remainder_fraction=5.2360%, Lmin=-5.19, Lmax=-4.83
19:11:40 [ultranest] [DEBUG] iteration=3881, ncalls=18020, regioncalls=771000, ndraw=40, logz=-11.89, remainder_fraction=5.2247%, Lmin=-5.19, Lmax=-4.83
19:11:40 [ultranest] [DEBUG] iteration=3882, ncalls=18023, regioncalls=771160, ndraw=40, logz=-11.89, remainder_fraction=5.2131%, Lmin=-5.19, Lmax=-4.83
19:11:40 [ultranest] [DEBUG] iteration=3883, ncalls=18027, regioncalls=771320, ndraw=40, logz=-11.89, remainder_fraction=5.2018%, Lmin=-5.19, Lmax=-4.83
19:11:40 [ultranest] [DEBUG] iteration=3884, ncalls=18033, regioncalls=771560, ndraw=40, logz=-11.89, remainder_fraction=5.1892%, Lmin=-5.19, Lmax=-4.83
19:11:41 [ultranest] [DEBUG] iteration=3885, ncalls=18048, regioncalls=772160, ndraw=40, logz=-11.89, remainder_fraction=5.1776%, Lmin=-5.19, Lmax=-4.83
19:11:41 [ultranest] [DEBUG] iteration=3886, ncalls=18053, regioncalls=772360, ndraw=40, logz=-11.89, remainder_fraction=5.1648%, Lmin=-5.19, Lmax=-4.83
19:11:42 [ultranest] [DEBUG] iteration=3887, ncalls=18067, regioncalls=772920, ndraw=40, logz=-11.89, remainder_fraction=5.1535%, Lmin=-5.19, Lmax=-4.83
19:11:42 [ultranest] [DEBUG] iteration=3889, ncalls=18071, regioncalls=773080, ndraw=40, logz=-11.89, remainder_fraction=5.1300%, Lmin=-5.19, Lmax=-4.83
19:11:42 [ultranest] [DEBUG] iteration=3890, ncalls=18082, regioncalls=773520, ndraw=40, logz=-11.89, remainder_fraction=5.1177%, Lmin=-5.19, Lmax=-4.83
19:11:42 [ultranest] [DEBUG] iteration=3891, ncalls=18087, regioncalls=773720, ndraw=40, logz=-11.89, remainder_fraction=5.1062%, Lmin=-5.19, Lmax=-4.83
19:11:43 [ultranest] [DEBUG] iteration=3892, ncalls=18104, regioncalls=774400, ndraw=40, logz=-11.89, remainder_fraction=5.0952%, Lmin=-5.19, Lmax=-4.83
19:11:43 [ultranest] [DEBUG] iteration=3893, ncalls=18108, regioncalls=774560, ndraw=40, logz=-11.89, remainder_fraction=5.0834%, Lmin=-5.19, Lmax=-4.83
19:11:43 [ultranest] [DEBUG] iteration=3894, ncalls=18113, regioncalls=774760, ndraw=40, logz=-11.89, remainder_fraction=5.0734%, Lmin=-5.19, Lmax=-4.83
19:11:43 [ultranest] [DEBUG] iteration=3895, ncalls=18116, regioncalls=774880, ndraw=40, logz=-11.89, remainder_fraction=5.0610%, Lmin=-5.19, Lmax=-4.83
19:11:44 [ultranest] [DEBUG] iteration=3896, ncalls=18121, regioncalls=775080, ndraw=40, logz=-11.89, remainder_fraction=5.0502%, Lmin=-5.19, Lmax=-4.83
19:11:44 [ultranest] [DEBUG] iteration=3898, ncalls=18125, regioncalls=775240, ndraw=40, logz=-11.89, remainder_fraction=5.0278%, Lmin=-5.19, Lmax=-4.83
19:11:44 [ultranest] [DEBUG] iteration=3899, ncalls=18140, regioncalls=776000, ndraw=40, logz=-11.89, remainder_fraction=5.0156%, Lmin=-5.19, Lmax=-4.83
19:11:44 [ultranest] [DEBUG] iteration=3900, ncalls=18143, regioncalls=776280, ndraw=40, logz=-11.89, remainder_fraction=5.0033%, Lmin=-5.19, Lmax=-4.83
19:11:45 [ultranest] [DEBUG] iteration=3901, ncalls=18159, regioncalls=776960, ndraw=40, logz=-11.89, remainder_fraction=4.9909%, Lmin=-5.19, Lmax=-4.83
19:11:46 [ultranest] [DEBUG] iteration=3903, ncalls=18176, regioncalls=777640, ndraw=40, logz=-11.89, remainder_fraction=4.9703%, Lmin=-5.19, Lmax=-4.83
19:11:46 [ultranest] [DEBUG] iteration=3904, ncalls=18186, regioncalls=778040, ndraw=40, logz=-11.89, remainder_fraction=4.9619%, Lmin=-5.19, Lmax=-4.83
19:11:46 [ultranest] [DEBUG] iteration=3905, ncalls=18201, regioncalls=778680, ndraw=40, logz=-11.88, remainder_fraction=4.9517%, Lmin=-5.19, Lmax=-4.83
19:11:47 [ultranest] [DEBUG] iteration=3906, ncalls=18218, regioncalls=779360, ndraw=40, logz=-11.88, remainder_fraction=4.9408%, Lmin=-5.19, Lmax=-4.83
19:11:48 [ultranest] [DEBUG] iteration=3907, ncalls=18241, regioncalls=780440, ndraw=40, logz=-11.88, remainder_fraction=4.9287%, Lmin=-5.19, Lmax=-4.83
19:11:48 [ultranest] [DEBUG] iteration=3909, ncalls=18250, regioncalls=780800, ndraw=40, logz=-11.88, remainder_fraction=4.9089%, Lmin=-5.19, Lmax=-4.83
19:11:49 [ultranest] [DEBUG] iteration=3910, ncalls=18270, regioncalls=781600, ndraw=40, logz=-11.88, remainder_fraction=4.8969%, Lmin=-5.19, Lmax=-4.83
19:11:50 [ultranest] [DEBUG] iteration=3911, ncalls=18285, regioncalls=782200, ndraw=40, logz=-11.88, remainder_fraction=4.8854%, Lmin=-5.18, Lmax=-4.83
19:11:50 [ultranest] [DEBUG] iteration=3912, ncalls=18294, regioncalls=782680, ndraw=40, logz=-11.88, remainder_fraction=4.8740%, Lmin=-5.18, Lmax=-4.83
19:11:50 [ultranest] [DEBUG] iteration=3914, ncalls=18309, regioncalls=783280, ndraw=40, logz=-11.88, remainder_fraction=4.8509%, Lmin=-5.18, Lmax=-4.83
19:11:51 [ultranest] [DEBUG] iteration=3915, ncalls=18323, regioncalls=783880, ndraw=40, logz=-11.88, remainder_fraction=4.8402%, Lmin=-5.18, Lmax=-4.83
19:11:51 [ultranest] [DEBUG] iteration=3916, ncalls=18327, regioncalls=784040, ndraw=40, logz=-11.88, remainder_fraction=4.8295%, Lmin=-5.18, Lmax=-4.83
19:11:51 [ultranest] [DEBUG] iteration=3917, ncalls=18336, regioncalls=784400, ndraw=40, logz=-11.88, remainder_fraction=4.8175%, Lmin=-5.18, Lmax=-4.83
19:11:52 [ultranest] [DEBUG] iteration=3919, ncalls=18339, regioncalls=784520, ndraw=40, logz=-11.88, remainder_fraction=4.7946%, Lmin=-5.18, Lmax=-4.83
19:11:52 [ultranest] [DEBUG] iteration=3920, ncalls=18340, regioncalls=784560, ndraw=40, logz=-11.88, remainder_fraction=4.7839%, Lmin=-5.18, Lmax=-4.83
19:11:52 [ultranest] [DEBUG] iteration=3921, ncalls=18343, regioncalls=784680, ndraw=40, logz=-11.88, remainder_fraction=4.7723%, Lmin=-5.18, Lmax=-4.83
19:11:53 [ultranest] [DEBUG] iteration=3922, ncalls=18381, regioncalls=786320, ndraw=40, logz=-11.88, remainder_fraction=4.7614%, Lmin=-5.18, Lmax=-4.83
19:11:54 [ultranest] [DEBUG] iteration=3923, ncalls=18399, regioncalls=787040, ndraw=40, logz=-11.88, remainder_fraction=4.7513%, Lmin=-5.18, Lmax=-4.83
19:11:54 [ultranest] [DEBUG] iteration=3924, ncalls=18402, regioncalls=787160, ndraw=40, logz=-11.88, remainder_fraction=4.7418%, Lmin=-5.18, Lmax=-4.83
19:11:55 [ultranest] [DEBUG] iteration=3925, ncalls=18434, regioncalls=788600, ndraw=40, logz=-11.88, remainder_fraction=4.7304%, Lmin=-5.18, Lmax=-4.83
19:11:55 [ultranest] [DEBUG] iteration=3927, ncalls=18442, regioncalls=788920, ndraw=40, logz=-11.88, remainder_fraction=4.7101%, Lmin=-5.18, Lmax=-4.83
19:11:56 [ultranest] [DEBUG] iteration=3928, ncalls=18467, regioncalls=789960, ndraw=40, logz=-11.88, remainder_fraction=4.6993%, Lmin=-5.18, Lmax=-4.83
19:11:56 [ultranest] [DEBUG] iteration=3929, ncalls=18470, regioncalls=790080, ndraw=40, logz=-11.88, remainder_fraction=4.6880%, Lmin=-5.18, Lmax=-4.83
19:11:57 [ultranest] [DEBUG] iteration=3931, ncalls=18488, regioncalls=790800, ndraw=40, logz=-11.88, remainder_fraction=4.6660%, Lmin=-5.17, Lmax=-4.83
19:11:57 [ultranest] [DEBUG] iteration=3933, ncalls=18492, regioncalls=790960, ndraw=40, logz=-11.88, remainder_fraction=4.6460%, Lmin=-5.17, Lmax=-4.83
19:11:57 [ultranest] [DEBUG] iteration=3934, ncalls=18497, regioncalls=791240, ndraw=40, logz=-11.88, remainder_fraction=4.6358%, Lmin=-5.17, Lmax=-4.83
19:11:57 [ultranest] [DEBUG] iteration=3936, ncalls=18500, regioncalls=791360, ndraw=40, logz=-11.88, remainder_fraction=4.6155%, Lmin=-5.17, Lmax=-4.83
19:11:58 [ultranest] [DEBUG] iteration=3937, ncalls=18514, regioncalls=791920, ndraw=40, logz=-11.88, remainder_fraction=4.6060%, Lmin=-5.17, Lmax=-4.83
19:11:59 [ultranest] [DEBUG] iteration=3938, ncalls=18533, regioncalls=792680, ndraw=40, logz=-11.88, remainder_fraction=4.5964%, Lmin=-5.17, Lmax=-4.83
19:11:59 [ultranest] [DEBUG] iteration=3939, ncalls=18557, regioncalls=793640, ndraw=40, logz=-11.88, remainder_fraction=4.5868%, Lmin=-5.17, Lmax=-4.83
19:12:00 [ultranest] [DEBUG] iteration=3940, ncalls=18571, regioncalls=794200, ndraw=40, logz=-11.88, remainder_fraction=4.5757%, Lmin=-5.17, Lmax=-4.83
19:12:00 [ultranest] [DEBUG] iteration=3942, ncalls=18577, regioncalls=794440, ndraw=40, logz=-11.88, remainder_fraction=4.5534%, Lmin=-5.17, Lmax=-4.83
19:12:00 [ultranest] [DEBUG] iteration=3945, ncalls=18585, regioncalls=794760, ndraw=40, logz=-11.88, remainder_fraction=4.5282%, Lmin=-5.17, Lmax=-4.83
19:12:01 [ultranest] [DEBUG] iteration=3946, ncalls=18593, regioncalls=795080, ndraw=40, logz=-11.88, remainder_fraction=4.5175%, Lmin=-5.17, Lmax=-4.83
19:12:02 [ultranest] [DEBUG] iteration=3947, ncalls=18635, regioncalls=796840, ndraw=40, logz=-11.88, remainder_fraction=4.5062%, Lmin=-5.17, Lmax=-4.83
19:12:02 [ultranest] [DEBUG] iteration=3948, ncalls=18638, regioncalls=796960, ndraw=40, logz=-11.88, remainder_fraction=4.4972%, Lmin=-5.17, Lmax=-4.83
19:12:03 [ultranest] [DEBUG] iteration=3950, ncalls=18645, regioncalls=797240, ndraw=40, logz=-11.88, remainder_fraction=4.4774%, Lmin=-5.17, Lmax=-4.83
19:12:03 [ultranest] [DEBUG] iteration=3951, ncalls=18653, regioncalls=797600, ndraw=40, logz=-11.88, remainder_fraction=4.4674%, Lmin=-5.17, Lmax=-4.83
19:12:03 [ultranest] [DEBUG] iteration=3953, ncalls=18660, regioncalls=797880, ndraw=40, logz=-11.88, remainder_fraction=4.4469%, Lmin=-5.17, Lmax=-4.83
19:12:04 [ultranest] [DEBUG] iteration=3954, ncalls=18689, regioncalls=799280, ndraw=40, logz=-11.88, remainder_fraction=4.4374%, Lmin=-5.17, Lmax=-4.83
19:12:05 [ultranest] [DEBUG] iteration=3956, ncalls=18709, regioncalls=800080, ndraw=40, logz=-11.88, remainder_fraction=4.4167%, Lmin=-5.16, Lmax=-4.83
19:12:05 [ultranest] [DEBUG] iteration=3957, ncalls=18720, regioncalls=800520, ndraw=40, logz=-11.88, remainder_fraction=4.4061%, Lmin=-5.16, Lmax=-4.83
19:12:06 [ultranest] [DEBUG] iteration=3959, ncalls=18727, regioncalls=800840, ndraw=40, logz=-11.88, remainder_fraction=4.3850%, Lmin=-5.16, Lmax=-4.83
19:12:08 [ultranest] [DEBUG] iteration=3960, ncalls=18785, regioncalls=803160, ndraw=40, logz=-11.88, remainder_fraction=4.3755%, Lmin=-5.16, Lmax=-4.83
19:12:09 [ultranest] [DEBUG] iteration=3961, ncalls=18822, regioncalls=804800, ndraw=40, logz=-11.88, remainder_fraction=4.3662%, Lmin=-5.16, Lmax=-4.83
19:12:09 [ultranest] [DEBUG] iteration=3962, ncalls=18826, regioncalls=804960, ndraw=40, logz=-11.88, remainder_fraction=4.3561%, Lmin=-5.16, Lmax=-4.83
19:12:09 [ultranest] [DEBUG] iteration=3963, ncalls=18831, regioncalls=805160, ndraw=40, logz=-11.88, remainder_fraction=4.3465%, Lmin=-5.16, Lmax=-4.83
19:12:10 [ultranest] [DEBUG] iteration=3964, ncalls=18844, regioncalls=805840, ndraw=40, logz=-11.88, remainder_fraction=4.3364%, Lmin=-5.16, Lmax=-4.83
19:12:10 [ultranest] [DEBUG] iteration=3965, ncalls=18850, regioncalls=806240, ndraw=40, logz=-11.88, remainder_fraction=4.3264%, Lmin=-5.16, Lmax=-4.83
19:12:10 [ultranest] [DEBUG] iteration=3966, ncalls=18857, regioncalls=806520, ndraw=40, logz=-11.88, remainder_fraction=4.3171%, Lmin=-5.16, Lmax=-4.83
19:12:10 [ultranest] [DEBUG] iteration=3967, ncalls=18862, regioncalls=806720, ndraw=40, logz=-11.88, remainder_fraction=4.3069%, Lmin=-5.16, Lmax=-4.83
19:12:11 [ultranest] [DEBUG] iteration=3968, ncalls=18876, regioncalls=807280, ndraw=40, logz=-11.88, remainder_fraction=4.2975%, Lmin=-5.16, Lmax=-4.83
19:12:12 [ultranest] [DEBUG] iteration=3969, ncalls=18907, regioncalls=808840, ndraw=40, logz=-11.88, remainder_fraction=4.2880%, Lmin=-5.16, Lmax=-4.83
19:12:13 [ultranest] [DEBUG] iteration=3970, ncalls=18930, regioncalls=809760, ndraw=40, logz=-11.88, remainder_fraction=4.2777%, Lmin=-5.16, Lmax=-4.83
19:12:14 [ultranest] [DEBUG] iteration=3971, ncalls=18956, regioncalls=810800, ndraw=40, logz=-11.88, remainder_fraction=4.2678%, Lmin=-5.16, Lmax=-4.83
19:12:14 [ultranest] [DEBUG] iteration=3972, ncalls=18959, regioncalls=810920, ndraw=40, logz=-11.88, remainder_fraction=4.2572%, Lmin=-5.16, Lmax=-4.83
19:12:15 [ultranest] [DEBUG] iteration=3973, ncalls=18984, regioncalls=812400, ndraw=40, logz=-11.88, remainder_fraction=4.2467%, Lmin=-5.16, Lmax=-4.83
19:12:15 [ultranest] [DEBUG] iteration=3974, ncalls=18989, regioncalls=812600, ndraw=40, logz=-11.88, remainder_fraction=4.2361%, Lmin=-5.16, Lmax=-4.83
19:12:16 [ultranest] [DEBUG] iteration=3976, ncalls=19005, regioncalls=813240, ndraw=40, logz=-11.88, remainder_fraction=4.2152%, Lmin=-5.16, Lmax=-4.83
19:12:16 [ultranest] [DEBUG] iteration=3977, ncalls=19010, regioncalls=813440, ndraw=40, logz=-11.88, remainder_fraction=4.2066%, Lmin=-5.16, Lmax=-4.83
19:12:16 [ultranest] [DEBUG] iteration=3978, ncalls=19025, regioncalls=814240, ndraw=40, logz=-11.88, remainder_fraction=4.1975%, Lmin=-5.16, Lmax=-4.83
19:12:17 [ultranest] [DEBUG] iteration=3980, ncalls=19038, regioncalls=814760, ndraw=40, logz=-11.88, remainder_fraction=4.1782%, Lmin=-5.16, Lmax=-4.83
19:12:17 [ultranest] [DEBUG] iteration=3981, ncalls=19045, regioncalls=815040, ndraw=40, logz=-11.88, remainder_fraction=4.1698%, Lmin=-5.16, Lmax=-4.83
19:12:17 [ultranest] [DEBUG] iteration=3982, ncalls=19048, regioncalls=815160, ndraw=40, logz=-11.88, remainder_fraction=4.1604%, Lmin=-5.16, Lmax=-4.83
19:12:17 [ultranest] [DEBUG] iteration=3983, ncalls=19056, regioncalls=816000, ndraw=40, logz=-11.88, remainder_fraction=4.1515%, Lmin=-5.16, Lmax=-4.83
19:12:18 [ultranest] [DEBUG] iteration=3984, ncalls=19067, regioncalls=816440, ndraw=40, logz=-11.88, remainder_fraction=4.1418%, Lmin=-5.16, Lmax=-4.83
19:12:18 [ultranest] [DEBUG] iteration=3986, ncalls=19082, regioncalls=817600, ndraw=40, logz=-11.88, remainder_fraction=4.1223%, Lmin=-5.15, Lmax=-4.83
19:12:19 [ultranest] [DEBUG] iteration=3987, ncalls=19105, regioncalls=818560, ndraw=40, logz=-11.88, remainder_fraction=4.1122%, Lmin=-5.15, Lmax=-4.83
19:12:19 [ultranest] [DEBUG] iteration=3988, ncalls=19109, regioncalls=818720, ndraw=40, logz=-11.88, remainder_fraction=4.1035%, Lmin=-5.15, Lmax=-4.83
19:12:20 [ultranest] [DEBUG] iteration=3989, ncalls=19121, regioncalls=819280, ndraw=40, logz=-11.88, remainder_fraction=4.0959%, Lmin=-5.15, Lmax=-4.83
19:12:20 [ultranest] [DEBUG] iteration=3990, ncalls=19128, regioncalls=819560, ndraw=40, logz=-11.88, remainder_fraction=4.0876%, Lmin=-5.15, Lmax=-4.83
19:12:20 [ultranest] [DEBUG] iteration=3991, ncalls=19135, regioncalls=819840, ndraw=40, logz=-11.88, remainder_fraction=4.0782%, Lmin=-5.15, Lmax=-4.83
19:12:20 [ultranest] [DEBUG] iteration=3992, ncalls=19140, regioncalls=820040, ndraw=40, logz=-11.88, remainder_fraction=4.0700%, Lmin=-5.15, Lmax=-4.83
19:12:21 [ultranest] [DEBUG] iteration=3993, ncalls=19169, regioncalls=821200, ndraw=40, logz=-11.88, remainder_fraction=4.0603%, Lmin=-5.15, Lmax=-4.83
19:12:22 [ultranest] [DEBUG] iteration=3995, ncalls=19198, regioncalls=822400, ndraw=40, logz=-11.88, remainder_fraction=4.0420%, Lmin=-5.15, Lmax=-4.83
19:12:23 [ultranest] [DEBUG] iteration=3996, ncalls=19220, regioncalls=823640, ndraw=40, logz=-11.88, remainder_fraction=4.0325%, Lmin=-5.15, Lmax=-4.83
19:12:23 [ultranest] [DEBUG] iteration=3997, ncalls=19226, regioncalls=824160, ndraw=40, logz=-11.88, remainder_fraction=4.0248%, Lmin=-5.15, Lmax=-4.83
19:12:24 [ultranest] [DEBUG] iteration=3999, ncalls=19230, regioncalls=824320, ndraw=40, logz=-11.87, remainder_fraction=4.0052%, Lmin=-5.15, Lmax=-4.83
19:12:24 [ultranest] [DEBUG] iteration=4000, ncalls=19239, regioncalls=824680, ndraw=40, logz=-11.87, remainder_fraction=3.9955%, Lmin=-5.15, Lmax=-4.83
19:12:24 [ultranest] [DEBUG] iteration=4001, ncalls=19249, regioncalls=825080, ndraw=40, logz=-11.87, remainder_fraction=3.9876%, Lmin=-5.15, Lmax=-4.83
19:12:25 [ultranest] [DEBUG] iteration=4002, ncalls=19275, regioncalls=826440, ndraw=40, logz=-11.87, remainder_fraction=3.9782%, Lmin=-5.15, Lmax=-4.83
19:12:27 [ultranest] [DEBUG] iteration=4003, ncalls=19313, regioncalls=828080, ndraw=40, logz=-11.87, remainder_fraction=3.9702%, Lmin=-5.15, Lmax=-4.83
19:12:27 [ultranest] [DEBUG] iteration=4004, ncalls=19335, regioncalls=828960, ndraw=40, logz=-11.87, remainder_fraction=3.9606%, Lmin=-5.15, Lmax=-4.83
19:12:28 [ultranest] [DEBUG] iteration=4006, ncalls=19339, regioncalls=829120, ndraw=40, logz=-11.87, remainder_fraction=3.9414%, Lmin=-5.15, Lmax=-4.83
19:12:28 [ultranest] [DEBUG] iteration=4007, ncalls=19342, regioncalls=829240, ndraw=40, logz=-11.87, remainder_fraction=3.9317%, Lmin=-5.15, Lmax=-4.83
19:12:28 [ultranest] [DEBUG] iteration=4008, ncalls=19352, regioncalls=829640, ndraw=40, logz=-11.87, remainder_fraction=3.9221%, Lmin=-5.15, Lmax=-4.83
19:12:28 [ultranest] [DEBUG] iteration=4009, ncalls=19363, regioncalls=830080, ndraw=40, logz=-11.87, remainder_fraction=3.9128%, Lmin=-5.15, Lmax=-4.83
19:12:29 [ultranest] [DEBUG] iteration=4010, ncalls=19372, regioncalls=830440, ndraw=40, logz=-11.87, remainder_fraction=3.9034%, Lmin=-5.15, Lmax=-4.83
19:12:29 [ultranest] [DEBUG] iteration=4011, ncalls=19377, regioncalls=830640, ndraw=40, logz=-11.87, remainder_fraction=3.8941%, Lmin=-5.15, Lmax=-4.83
19:12:30 [ultranest] [DEBUG] iteration=4012, ncalls=19395, regioncalls=831480, ndraw=40, logz=-11.87, remainder_fraction=3.8853%, Lmin=-5.15, Lmax=-4.83
19:12:30 [ultranest] [DEBUG] iteration=4013, ncalls=19400, regioncalls=831680, ndraw=40, logz=-11.87, remainder_fraction=3.8764%, Lmin=-5.15, Lmax=-4.83
19:12:30 [ultranest] [DEBUG] iteration=4014, ncalls=19422, regioncalls=832560, ndraw=40, logz=-11.87, remainder_fraction=3.8669%, Lmin=-5.15, Lmax=-4.83
19:12:31 [ultranest] [DEBUG] iteration=4015, ncalls=19425, regioncalls=832680, ndraw=40, logz=-11.87, remainder_fraction=3.8585%, Lmin=-5.15, Lmax=-4.83
19:12:31 [ultranest] [DEBUG] iteration=4017, ncalls=19436, regioncalls=833280, ndraw=40, logz=-11.87, remainder_fraction=3.8412%, Lmin=-5.14, Lmax=-4.83
19:12:32 [ultranest] [DEBUG] iteration=4018, ncalls=19452, regioncalls=833920, ndraw=40, logz=-11.87, remainder_fraction=3.8330%, Lmin=-5.14, Lmax=-4.83
19:12:32 [ultranest] [DEBUG] iteration=4019, ncalls=19455, regioncalls=834040, ndraw=40, logz=-11.87, remainder_fraction=3.8240%, Lmin=-5.14, Lmax=-4.83
19:12:32 [ultranest] [DEBUG] iteration=4020, ncalls=19460, regioncalls=834240, ndraw=40, logz=-11.87, remainder_fraction=3.8157%, Lmin=-5.14, Lmax=-4.83
19:12:33 [ultranest] [DEBUG] iteration=4022, ncalls=19492, regioncalls=835640, ndraw=40, logz=-11.87, remainder_fraction=3.7982%, Lmin=-5.14, Lmax=-4.83
19:12:33 [ultranest] [DEBUG] iteration=4023, ncalls=19506, regioncalls=836200, ndraw=40, logz=-11.87, remainder_fraction=3.7888%, Lmin=-5.14, Lmax=-4.83
19:12:34 [ultranest] [DEBUG] iteration=4025, ncalls=19521, regioncalls=836800, ndraw=40, logz=-11.87, remainder_fraction=3.7709%, Lmin=-5.14, Lmax=-4.83
19:12:35 [ultranest] [DEBUG] iteration=4026, ncalls=19543, regioncalls=837880, ndraw=40, logz=-11.87, remainder_fraction=3.7628%, Lmin=-5.14, Lmax=-4.83
19:12:36 [ultranest] [DEBUG] iteration=4027, ncalls=19566, regioncalls=838880, ndraw=40, logz=-11.87, remainder_fraction=3.7549%, Lmin=-5.14, Lmax=-4.83
19:12:36 [ultranest] [DEBUG] iteration=4029, ncalls=19581, regioncalls=839480, ndraw=40, logz=-11.87, remainder_fraction=3.7394%, Lmin=-5.14, Lmax=-4.83
19:12:36 [ultranest] [DEBUG] iteration=4030, ncalls=19585, regioncalls=839640, ndraw=40, logz=-11.87, remainder_fraction=3.7310%, Lmin=-5.14, Lmax=-4.83
19:12:37 [ultranest] [DEBUG] iteration=4031, ncalls=19594, regioncalls=840000, ndraw=40, logz=-11.87, remainder_fraction=3.7223%, Lmin=-5.14, Lmax=-4.83
19:12:37 [ultranest] [DEBUG] iteration=4032, ncalls=19605, regioncalls=840520, ndraw=40, logz=-11.87, remainder_fraction=3.7155%, Lmin=-5.14, Lmax=-4.83
19:12:39 [ultranest] [DEBUG] iteration=4033, ncalls=19657, regioncalls=843640, ndraw=40, logz=-11.87, remainder_fraction=3.7066%, Lmin=-5.14, Lmax=-4.83
19:12:40 [ultranest] [DEBUG] iteration=4034, ncalls=19672, regioncalls=844240, ndraw=40, logz=-11.87, remainder_fraction=3.6975%, Lmin=-5.14, Lmax=-4.83
19:12:41 [ultranest] [DEBUG] iteration=4035, ncalls=19722, regioncalls=847480, ndraw=40, logz=-11.87, remainder_fraction=3.6903%, Lmin=-5.14, Lmax=-4.83
19:12:42 [ultranest] [DEBUG] iteration=4036, ncalls=19744, regioncalls=848360, ndraw=40, logz=-11.87, remainder_fraction=3.6818%, Lmin=-5.14, Lmax=-4.83
19:12:42 [ultranest] [DEBUG] iteration=4037, ncalls=19751, regioncalls=848640, ndraw=40, logz=-11.87, remainder_fraction=3.6728%, Lmin=-5.14, Lmax=-4.83
19:12:43 [ultranest] [DEBUG] iteration=4038, ncalls=19762, regioncalls=849080, ndraw=40, logz=-11.87, remainder_fraction=3.6655%, Lmin=-5.14, Lmax=-4.83
19:12:43 [ultranest] [DEBUG] iteration=4039, ncalls=19773, regioncalls=849520, ndraw=40, logz=-11.87, remainder_fraction=3.6565%, Lmin=-5.14, Lmax=-4.83
19:12:43 [ultranest] [DEBUG] iteration=4040, ncalls=19774, regioncalls=849560, ndraw=40, logz=-11.87, remainder_fraction=3.6482%, Lmin=-5.14, Lmax=-4.83
19:12:45 [ultranest] [DEBUG] iteration=4042, ncalls=19820, regioncalls=851640, ndraw=40, logz=-11.87, remainder_fraction=3.6314%, Lmin=-5.14, Lmax=-4.83
19:12:45 [ultranest] [DEBUG] iteration=4043, ncalls=19828, regioncalls=851960, ndraw=40, logz=-11.87, remainder_fraction=3.6227%, Lmin=-5.13, Lmax=-4.83
19:12:46 [ultranest] [DEBUG] iteration=4045, ncalls=19837, regioncalls=852320, ndraw=40, logz=-11.87, remainder_fraction=3.6098%, Lmin=-5.13, Lmax=-4.83
19:12:46 [ultranest] [DEBUG] iteration=4046, ncalls=19844, regioncalls=852680, ndraw=40, logz=-11.87, remainder_fraction=3.6031%, Lmin=-5.13, Lmax=-4.83
19:12:47 [ultranest] [DEBUG] iteration=4047, ncalls=19873, regioncalls=853840, ndraw=40, logz=-11.87, remainder_fraction=3.5943%, Lmin=-5.13, Lmax=-4.83
19:12:47 [ultranest] [DEBUG] iteration=4048, ncalls=19880, regioncalls=854120, ndraw=40, logz=-11.87, remainder_fraction=3.5873%, Lmin=-5.13, Lmax=-4.83
19:12:47 [ultranest] [DEBUG] iteration=4049, ncalls=19885, regioncalls=854320, ndraw=40, logz=-11.87, remainder_fraction=3.5802%, Lmin=-5.13, Lmax=-4.83
19:12:48 [ultranest] [DEBUG] iteration=4050, ncalls=19902, regioncalls=855440, ndraw=40, logz=-11.87, remainder_fraction=3.5717%, Lmin=-5.13, Lmax=-4.83
19:12:49 [ultranest] [DEBUG] iteration=4051, ncalls=19934, regioncalls=857480, ndraw=40, logz=-11.87, remainder_fraction=3.5628%, Lmin=-5.13, Lmax=-4.83
19:12:49 [ultranest] [DEBUG] iteration=4052, ncalls=19941, regioncalls=857760, ndraw=40, logz=-11.87, remainder_fraction=3.5545%, Lmin=-5.13, Lmax=-4.83
19:12:50 [ultranest] [DEBUG] iteration=4054, ncalls=19944, regioncalls=857880, ndraw=40, logz=-11.87, remainder_fraction=3.5386%, Lmin=-5.13, Lmax=-4.83
19:12:50 [ultranest] [DEBUG] iteration=4055, ncalls=19952, regioncalls=858200, ndraw=40, logz=-11.87, remainder_fraction=3.5298%, Lmin=-5.13, Lmax=-4.83
19:12:50 [ultranest] [DEBUG] iteration=4056, ncalls=19956, regioncalls=858360, ndraw=40, logz=-11.87, remainder_fraction=3.5219%, Lmin=-5.13, Lmax=-4.83
19:12:50 [ultranest] [DEBUG] iteration=4058, ncalls=19961, regioncalls=858560, ndraw=40, logz=-11.87, remainder_fraction=3.5066%, Lmin=-5.13, Lmax=-4.83
19:12:50 [ultranest] [DEBUG] iteration=4059, ncalls=19964, regioncalls=858800, ndraw=40, logz=-11.87, remainder_fraction=3.4979%, Lmin=-5.13, Lmax=-4.83
19:12:51 [ultranest] [DEBUG] iteration=4060, ncalls=19972, regioncalls=859120, ndraw=40, logz=-11.87, remainder_fraction=3.4894%, Lmin=-5.13, Lmax=-4.83
19:12:51 [ultranest] [DEBUG] iteration=4061, ncalls=19979, regioncalls=859400, ndraw=40, logz=-11.87, remainder_fraction=3.4809%, Lmin=-5.13, Lmax=-4.83
19:12:51 [ultranest] [DEBUG] iteration=4062, ncalls=19990, regioncalls=860000, ndraw=40, logz=-11.87, remainder_fraction=3.4724%, Lmin=-5.13, Lmax=-4.83
19:12:52 [ultranest] [DEBUG] iteration=4065, ncalls=20001, regioncalls=860760, ndraw=40, logz=-11.87, remainder_fraction=3.4498%, Lmin=-5.13, Lmax=-4.83
19:12:53 [ultranest] [DEBUG] iteration=4067, ncalls=20038, regioncalls=862640, ndraw=40, logz=-11.87, remainder_fraction=3.4335%, Lmin=-5.13, Lmax=-4.83
19:12:53 [ultranest] [DEBUG] iteration=4068, ncalls=20043, regioncalls=862840, ndraw=40, logz=-11.87, remainder_fraction=3.4250%, Lmin=-5.13, Lmax=-4.83
19:12:54 [ultranest] [DEBUG] iteration=4070, ncalls=20054, regioncalls=863280, ndraw=40, logz=-11.87, remainder_fraction=3.4099%, Lmin=-5.13, Lmax=-4.83
19:12:54 [ultranest] [DEBUG] iteration=4071, ncalls=20057, regioncalls=863400, ndraw=40, logz=-11.87, remainder_fraction=3.4021%, Lmin=-5.13, Lmax=-4.83
19:12:54 [ultranest] [DEBUG] iteration=4072, ncalls=20061, regioncalls=863640, ndraw=40, logz=-11.87, remainder_fraction=3.3944%, Lmin=-5.13, Lmax=-4.83
19:12:55 [ultranest] [DEBUG] iteration=4073, ncalls=20087, regioncalls=864760, ndraw=40, logz=-11.87, remainder_fraction=3.3863%, Lmin=-5.13, Lmax=-4.83
19:12:56 [ultranest] [DEBUG] iteration=4074, ncalls=20111, regioncalls=865840, ndraw=40, logz=-11.87, remainder_fraction=3.3793%, Lmin=-5.13, Lmax=-4.83
19:12:56 [ultranest] [DEBUG] iteration=4075, ncalls=20116, regioncalls=866040, ndraw=40, logz=-11.87, remainder_fraction=3.3716%, Lmin=-5.13, Lmax=-4.83
19:12:56 [ultranest] [DEBUG] iteration=4076, ncalls=20128, regioncalls=866640, ndraw=40, logz=-11.87, remainder_fraction=3.3637%, Lmin=-5.13, Lmax=-4.83
19:12:57 [ultranest] [DEBUG] iteration=4077, ncalls=20140, regioncalls=867760, ndraw=40, logz=-11.87, remainder_fraction=3.3558%, Lmin=-5.13, Lmax=-4.83
19:12:57 [ultranest] [DEBUG] iteration=4078, ncalls=20149, regioncalls=868720, ndraw=40, logz=-11.87, remainder_fraction=3.3496%, Lmin=-5.13, Lmax=-4.83
19:12:57 [ultranest] [DEBUG] iteration=4079, ncalls=20158, regioncalls=869120, ndraw=40, logz=-11.87, remainder_fraction=3.3416%, Lmin=-5.13, Lmax=-4.83
19:12:58 [ultranest] [DEBUG] iteration=4080, ncalls=20166, regioncalls=869440, ndraw=40, logz=-11.87, remainder_fraction=3.3335%, Lmin=-5.13, Lmax=-4.83
19:12:59 [ultranest] [DEBUG] iteration=4081, ncalls=20187, regioncalls=870400, ndraw=40, logz=-11.87, remainder_fraction=3.3268%, Lmin=-5.12, Lmax=-4.83
19:12:59 [ultranest] [DEBUG] iteration=4082, ncalls=20209, regioncalls=871280, ndraw=40, logz=-11.87, remainder_fraction=3.3187%, Lmin=-5.12, Lmax=-4.83
19:13:00 [ultranest] [DEBUG] iteration=4083, ncalls=20225, regioncalls=871920, ndraw=40, logz=-11.87, remainder_fraction=3.3110%, Lmin=-5.12, Lmax=-4.83
19:13:00 [ultranest] [DEBUG] iteration=4085, ncalls=20231, regioncalls=872160, ndraw=40, logz=-11.87, remainder_fraction=3.2956%, Lmin=-5.12, Lmax=-4.83
19:13:00 [ultranest] [DEBUG] iteration=4086, ncalls=20237, regioncalls=872400, ndraw=40, logz=-11.87, remainder_fraction=3.2874%, Lmin=-5.12, Lmax=-4.83
19:13:01 [ultranest] [DEBUG] iteration=4087, ncalls=20253, regioncalls=873040, ndraw=40, logz=-11.87, remainder_fraction=3.2794%, Lmin=-5.12, Lmax=-4.83
19:13:02 [ultranest] [DEBUG] iteration=4089, ncalls=20294, regioncalls=874760, ndraw=40, logz=-11.87, remainder_fraction=3.2637%, Lmin=-5.12, Lmax=-4.83
19:13:02 [ultranest] [DEBUG] iteration=4091, ncalls=20298, regioncalls=875200, ndraw=40, logz=-11.87, remainder_fraction=3.2489%, Lmin=-5.12, Lmax=-4.83
19:13:03 [ultranest] [DEBUG] iteration=4092, ncalls=20307, regioncalls=875600, ndraw=40, logz=-11.87, remainder_fraction=3.2411%, Lmin=-5.12, Lmax=-4.83
19:13:03 [ultranest] [DEBUG] iteration=4093, ncalls=20318, regioncalls=876200, ndraw=40, logz=-11.87, remainder_fraction=3.2330%, Lmin=-5.12, Lmax=-4.83
19:13:03 [ultranest] [DEBUG] iteration=4095, ncalls=20325, regioncalls=876920, ndraw=40, logz=-11.87, remainder_fraction=3.2201%, Lmin=-5.12, Lmax=-4.83
19:13:04 [ultranest] [DEBUG] iteration=4096, ncalls=20333, regioncalls=877600, ndraw=40, logz=-11.87, remainder_fraction=3.2139%, Lmin=-5.12, Lmax=-4.83
19:13:04 [ultranest] [DEBUG] iteration=4098, ncalls=20340, regioncalls=877880, ndraw=40, logz=-11.87, remainder_fraction=3.1987%, Lmin=-5.12, Lmax=-4.83
19:13:04 [ultranest] [DEBUG] iteration=4099, ncalls=20347, regioncalls=878160, ndraw=40, logz=-11.87, remainder_fraction=3.1909%, Lmin=-5.12, Lmax=-4.83
19:13:05 [ultranest] [DEBUG] iteration=4100, ncalls=20355, regioncalls=878520, ndraw=40, logz=-11.87, remainder_fraction=3.1832%, Lmin=-5.12, Lmax=-4.83
19:13:05 [ultranest] [DEBUG] iteration=4101, ncalls=20368, regioncalls=879400, ndraw=40, logz=-11.87, remainder_fraction=3.1760%, Lmin=-5.12, Lmax=-4.83
19:13:05 [ultranest] [DEBUG] iteration=4102, ncalls=20372, regioncalls=879560, ndraw=40, logz=-11.87, remainder_fraction=3.1691%, Lmin=-5.12, Lmax=-4.83
19:13:06 [ultranest] [DEBUG] iteration=4103, ncalls=20383, regioncalls=880000, ndraw=40, logz=-11.87, remainder_fraction=3.1616%, Lmin=-5.12, Lmax=-4.83
19:13:06 [ultranest] [DEBUG] iteration=4104, ncalls=20402, regioncalls=881040, ndraw=40, logz=-11.87, remainder_fraction=3.1547%, Lmin=-5.12, Lmax=-4.83
19:13:07 [ultranest] [DEBUG] iteration=4105, ncalls=20415, regioncalls=881680, ndraw=40, logz=-11.87, remainder_fraction=3.1484%, Lmin=-5.12, Lmax=-4.83
19:13:08 [ultranest] [DEBUG] iteration=4107, ncalls=20454, regioncalls=883680, ndraw=40, logz=-11.87, remainder_fraction=3.1335%, Lmin=-5.12, Lmax=-4.83
19:13:08 [ultranest] [DEBUG] iteration=4108, ncalls=20461, regioncalls=884160, ndraw=40, logz=-11.87, remainder_fraction=3.1272%, Lmin=-5.12, Lmax=-4.83
19:13:09 [ultranest] [DEBUG] iteration=4109, ncalls=20473, regioncalls=884760, ndraw=40, logz=-11.87, remainder_fraction=3.1202%, Lmin=-5.12, Lmax=-4.83
19:13:09 [ultranest] [DEBUG] iteration=4111, ncalls=20485, regioncalls=885240, ndraw=40, logz=-11.87, remainder_fraction=3.1063%, Lmin=-5.11, Lmax=-4.83
19:13:10 [ultranest] [DEBUG] iteration=4112, ncalls=20515, regioncalls=887080, ndraw=40, logz=-11.87, remainder_fraction=3.0995%, Lmin=-5.11, Lmax=-4.83
19:13:11 [ultranest] [DEBUG] iteration=4113, ncalls=20522, regioncalls=887360, ndraw=40, logz=-11.87, remainder_fraction=3.0926%, Lmin=-5.11, Lmax=-4.83
19:13:11 [ultranest] [DEBUG] iteration=4115, ncalls=20528, regioncalls=887680, ndraw=40, logz=-11.87, remainder_fraction=3.0783%, Lmin=-5.11, Lmax=-4.83
19:13:11 [ultranest] [DEBUG] iteration=4116, ncalls=20542, regioncalls=888400, ndraw=40, logz=-11.87, remainder_fraction=3.0718%, Lmin=-5.11, Lmax=-4.83
19:13:12 [ultranest] [DEBUG] iteration=4117, ncalls=20548, regioncalls=888640, ndraw=40, logz=-11.87, remainder_fraction=3.0647%, Lmin=-5.11, Lmax=-4.83
19:13:12 [ultranest] [DEBUG] iteration=4119, ncalls=20553, regioncalls=888840, ndraw=40, logz=-11.87, remainder_fraction=3.0506%, Lmin=-5.11, Lmax=-4.83
19:13:12 [ultranest] [DEBUG] iteration=4120, ncalls=20556, regioncalls=888960, ndraw=40, logz=-11.86, remainder_fraction=3.0436%, Lmin=-5.11, Lmax=-4.83
19:13:12 [ultranest] [DEBUG] iteration=4121, ncalls=20563, regioncalls=889280, ndraw=40, logz=-11.86, remainder_fraction=3.0366%, Lmin=-5.11, Lmax=-4.83
19:13:12 [ultranest] [DEBUG] iteration=4122, ncalls=20567, regioncalls=889440, ndraw=40, logz=-11.86, remainder_fraction=3.0307%, Lmin=-5.11, Lmax=-4.83
19:13:13 [ultranest] [DEBUG] iteration=4123, ncalls=20575, regioncalls=889760, ndraw=40, logz=-11.86, remainder_fraction=3.0240%, Lmin=-5.11, Lmax=-4.83
19:13:13 [ultranest] [DEBUG] iteration=4124, ncalls=20588, regioncalls=890280, ndraw=40, logz=-11.86, remainder_fraction=3.0183%, Lmin=-5.11, Lmax=-4.83
19:13:13 [ultranest] [DEBUG] iteration=4125, ncalls=20594, regioncalls=890680, ndraw=40, logz=-11.86, remainder_fraction=3.0110%, Lmin=-5.11, Lmax=-4.83
19:13:15 [ultranest] [DEBUG] iteration=4126, ncalls=20629, regioncalls=892360, ndraw=40, logz=-11.86, remainder_fraction=3.0054%, Lmin=-5.11, Lmax=-4.83
19:13:15 [ultranest] [DEBUG] iteration=4127, ncalls=20654, regioncalls=893480, ndraw=40, logz=-11.86, remainder_fraction=2.9983%, Lmin=-5.11, Lmax=-4.83
19:13:16 [ultranest] [DEBUG] iteration=4128, ncalls=20659, regioncalls=893680, ndraw=40, logz=-11.86, remainder_fraction=2.9911%, Lmin=-5.11, Lmax=-4.83
19:13:16 [ultranest] [DEBUG] iteration=4129, ncalls=20669, regioncalls=894080, ndraw=40, logz=-11.86, remainder_fraction=2.9839%, Lmin=-5.11, Lmax=-4.83
19:13:16 [ultranest] [DEBUG] iteration=4130, ncalls=20678, regioncalls=894440, ndraw=40, logz=-11.86, remainder_fraction=2.9773%, Lmin=-5.11, Lmax=-4.83
19:13:17 [ultranest] [DEBUG] iteration=4131, ncalls=20688, regioncalls=894840, ndraw=40, logz=-11.86, remainder_fraction=2.9699%, Lmin=-5.11, Lmax=-4.83
19:13:17 [ultranest] [DEBUG] iteration=4132, ncalls=20692, regioncalls=895000, ndraw=40, logz=-11.86, remainder_fraction=2.9636%, Lmin=-5.11, Lmax=-4.83
19:13:20 [ultranest] [DEBUG] iteration=4133, ncalls=20780, regioncalls=898760, ndraw=40, logz=-11.86, remainder_fraction=2.9567%, Lmin=-5.11, Lmax=-4.83
19:13:21 [ultranest] [DEBUG] iteration=4134, ncalls=20793, regioncalls=899320, ndraw=40, logz=-11.86, remainder_fraction=2.9503%, Lmin=-5.11, Lmax=-4.83
19:13:21 [ultranest] [DEBUG] iteration=4135, ncalls=20802, regioncalls=899760, ndraw=40, logz=-11.86, remainder_fraction=2.9432%, Lmin=-5.11, Lmax=-4.83
19:13:21 [ultranest] [DEBUG] iteration=4136, ncalls=20810, regioncalls=900080, ndraw=40, logz=-11.86, remainder_fraction=2.9372%, Lmin=-5.11, Lmax=-4.83
19:13:22 [ultranest] [DEBUG] iteration=4137, ncalls=20823, regioncalls=900600, ndraw=40, logz=-11.86, remainder_fraction=2.9302%, Lmin=-5.10, Lmax=-4.83
19:13:23 [ultranest] [DEBUG] iteration=4138, ncalls=20856, regioncalls=902680, ndraw=40, logz=-11.86, remainder_fraction=2.9248%, Lmin=-5.10, Lmax=-4.83
19:13:24 [ultranest] [DEBUG] iteration=4140, ncalls=20888, regioncalls=904400, ndraw=40, logz=-11.86, remainder_fraction=2.9113%, Lmin=-5.10, Lmax=-4.83
19:13:24 [ultranest] [DEBUG] iteration=4141, ncalls=20894, regioncalls=904640, ndraw=40, logz=-11.86, remainder_fraction=2.9050%, Lmin=-5.10, Lmax=-4.83
19:13:24 [ultranest] [DEBUG] iteration=4143, ncalls=20900, regioncalls=904880, ndraw=40, logz=-11.86, remainder_fraction=2.8931%, Lmin=-5.10, Lmax=-4.83
19:13:25 [ultranest] [DEBUG] iteration=4144, ncalls=20906, regioncalls=905120, ndraw=40, logz=-11.86, remainder_fraction=2.8867%, Lmin=-5.10, Lmax=-4.83
19:13:25 [ultranest] [DEBUG] iteration=4145, ncalls=20915, regioncalls=905480, ndraw=40, logz=-11.86, remainder_fraction=2.8803%, Lmin=-5.10, Lmax=-4.83
19:13:25 [ultranest] [DEBUG] iteration=4146, ncalls=20925, regioncalls=905880, ndraw=40, logz=-11.86, remainder_fraction=2.8731%, Lmin=-5.10, Lmax=-4.83
19:13:26 [ultranest] [DEBUG] iteration=4148, ncalls=20931, regioncalls=906120, ndraw=40, logz=-11.86, remainder_fraction=2.8608%, Lmin=-5.10, Lmax=-4.83
19:13:26 [ultranest] [DEBUG] iteration=4150, ncalls=20934, regioncalls=906360, ndraw=40, logz=-11.86, remainder_fraction=2.8483%, Lmin=-5.10, Lmax=-4.83
19:13:26 [ultranest] [DEBUG] iteration=4152, ncalls=20939, regioncalls=906600, ndraw=40, logz=-11.86, remainder_fraction=2.8349%, Lmin=-5.10, Lmax=-4.83
19:13:26 [ultranest] [DEBUG] iteration=4153, ncalls=20951, regioncalls=907320, ndraw=40, logz=-11.86, remainder_fraction=2.8284%, Lmin=-5.10, Lmax=-4.83
19:13:26 [ultranest] [DEBUG] iteration=4154, ncalls=20954, regioncalls=907440, ndraw=40, logz=-11.86, remainder_fraction=2.8215%, Lmin=-5.10, Lmax=-4.83
19:13:27 [ultranest] [DEBUG] iteration=4155, ncalls=20957, regioncalls=907560, ndraw=40, logz=-11.86, remainder_fraction=2.8148%, Lmin=-5.10, Lmax=-4.83
19:13:27 [ultranest] [DEBUG] iteration=4157, ncalls=20966, regioncalls=907920, ndraw=40, logz=-11.86, remainder_fraction=2.8011%, Lmin=-5.10, Lmax=-4.83
19:13:27 [ultranest] [DEBUG] iteration=4158, ncalls=20970, regioncalls=908080, ndraw=40, logz=-11.86, remainder_fraction=2.7943%, Lmin=-5.10, Lmax=-4.83
19:13:27 [ultranest] [DEBUG] iteration=4159, ncalls=20973, regioncalls=908200, ndraw=40, logz=-11.86, remainder_fraction=2.7875%, Lmin=-5.10, Lmax=-4.83
19:13:27 [ultranest] [DEBUG] iteration=4160, ncalls=20975, regioncalls=908280, ndraw=40, logz=-11.86, remainder_fraction=2.7810%, Lmin=-5.10, Lmax=-4.83
19:13:28 [ultranest] [DEBUG] iteration=4161, ncalls=20989, regioncalls=908840, ndraw=40, logz=-11.86, remainder_fraction=2.7743%, Lmin=-5.10, Lmax=-4.83
19:13:28 [ultranest] [DEBUG] iteration=4162, ncalls=20992, regioncalls=908960, ndraw=40, logz=-11.86, remainder_fraction=2.7682%, Lmin=-5.10, Lmax=-4.83
19:13:28 [ultranest] [DEBUG] iteration=4164, ncalls=20995, regioncalls=909080, ndraw=40, logz=-11.86, remainder_fraction=2.7560%, Lmin=-5.10, Lmax=-4.83
19:13:28 [ultranest] [DEBUG] iteration=4165, ncalls=21001, regioncalls=909320, ndraw=40, logz=-11.86, remainder_fraction=2.7502%, Lmin=-5.10, Lmax=-4.83
19:13:28 [ultranest] [DEBUG] iteration=4167, ncalls=21009, regioncalls=909640, ndraw=40, logz=-11.86, remainder_fraction=2.7373%, Lmin=-5.10, Lmax=-4.83
19:13:29 [ultranest] [DEBUG] iteration=4168, ncalls=21012, regioncalls=909840, ndraw=40, logz=-11.86, remainder_fraction=2.7320%, Lmin=-5.10, Lmax=-4.83
19:13:29 [ultranest] [DEBUG] iteration=4170, ncalls=21021, regioncalls=910200, ndraw=40, logz=-11.86, remainder_fraction=2.7198%, Lmin=-5.09, Lmax=-4.83
19:13:29 [ultranest] [DEBUG] iteration=4171, ncalls=21028, regioncalls=910480, ndraw=40, logz=-11.86, remainder_fraction=2.7132%, Lmin=-5.09, Lmax=-4.83
19:13:29 [ultranest] [DEBUG] iteration=4173, ncalls=21035, regioncalls=910760, ndraw=40, logz=-11.86, remainder_fraction=2.7018%, Lmin=-5.09, Lmax=-4.83
19:13:30 [ultranest] [DEBUG] iteration=4174, ncalls=21043, regioncalls=911080, ndraw=40, logz=-11.86, remainder_fraction=2.6955%, Lmin=-5.09, Lmax=-4.83
19:13:30 [ultranest] [DEBUG] iteration=4176, ncalls=21055, regioncalls=911560, ndraw=40, logz=-11.86, remainder_fraction=2.6837%, Lmin=-5.09, Lmax=-4.83
19:13:30 [ultranest] [DEBUG] iteration=4178, ncalls=21058, regioncalls=911680, ndraw=40, logz=-11.86, remainder_fraction=2.6714%, Lmin=-5.09, Lmax=-4.83
19:13:30 [ultranest] [DEBUG] iteration=4179, ncalls=21067, regioncalls=912040, ndraw=40, logz=-11.86, remainder_fraction=2.6655%, Lmin=-5.09, Lmax=-4.83
19:13:31 [ultranest] [DEBUG] iteration=4181, ncalls=21087, regioncalls=912920, ndraw=40, logz=-11.86, remainder_fraction=2.6528%, Lmin=-5.09, Lmax=-4.83
19:13:31 [ultranest] [DEBUG] iteration=4182, ncalls=21091, regioncalls=913080, ndraw=40, logz=-11.86, remainder_fraction=2.6466%, Lmin=-5.09, Lmax=-4.83
19:13:31 [ultranest] [DEBUG] iteration=4183, ncalls=21094, regioncalls=913200, ndraw=40, logz=-11.86, remainder_fraction=2.6406%, Lmin=-5.09, Lmax=-4.83
19:13:32 [ultranest] [DEBUG] iteration=4184, ncalls=21097, regioncalls=913320, ndraw=40, logz=-11.86, remainder_fraction=2.6348%, Lmin=-5.09, Lmax=-4.83
19:13:32 [ultranest] [DEBUG] iteration=4185, ncalls=21101, regioncalls=913560, ndraw=40, logz=-11.86, remainder_fraction=2.6289%, Lmin=-5.09, Lmax=-4.83
19:13:32 [ultranest] [DEBUG] iteration=4186, ncalls=21114, regioncalls=914280, ndraw=40, logz=-11.86, remainder_fraction=2.6225%, Lmin=-5.09, Lmax=-4.83
19:13:33 [ultranest] [DEBUG] iteration=4187, ncalls=21127, regioncalls=914960, ndraw=40, logz=-11.86, remainder_fraction=2.6163%, Lmin=-5.09, Lmax=-4.83
19:13:33 [ultranest] [DEBUG] iteration=4188, ncalls=21142, regioncalls=915560, ndraw=40, logz=-11.86, remainder_fraction=2.6110%, Lmin=-5.09, Lmax=-4.83
19:13:33 [ultranest] [DEBUG] iteration=4189, ncalls=21148, regioncalls=915800, ndraw=40, logz=-11.86, remainder_fraction=2.6050%, Lmin=-5.09, Lmax=-4.83
19:13:34 [ultranest] [DEBUG] iteration=4190, ncalls=21178, regioncalls=917120, ndraw=40, logz=-11.86, remainder_fraction=2.5997%, Lmin=-5.09, Lmax=-4.83
19:13:35 [ultranest] [DEBUG] iteration=4192, ncalls=21189, regioncalls=917800, ndraw=40, logz=-11.86, remainder_fraction=2.5877%, Lmin=-5.09, Lmax=-4.83
19:13:35 [ultranest] [DEBUG] iteration=4193, ncalls=21193, regioncalls=918200, ndraw=40, logz=-11.86, remainder_fraction=2.5813%, Lmin=-5.09, Lmax=-4.83
19:13:36 [ultranest] [DEBUG] iteration=4195, ncalls=21212, regioncalls=918960, ndraw=40, logz=-11.86, remainder_fraction=2.5696%, Lmin=-5.09, Lmax=-4.83
19:13:36 [ultranest] [DEBUG] iteration=4197, ncalls=21216, regioncalls=919120, ndraw=40, logz=-11.86, remainder_fraction=2.5580%, Lmin=-5.09, Lmax=-4.83
19:13:36 [ultranest] [DEBUG] iteration=4198, ncalls=21233, regioncalls=919800, ndraw=40, logz=-11.86, remainder_fraction=2.5517%, Lmin=-5.09, Lmax=-4.83
19:13:37 [ultranest] [DEBUG] iteration=4200, ncalls=21251, regioncalls=920520, ndraw=40, logz=-11.86, remainder_fraction=2.5404%, Lmin=-5.09, Lmax=-4.83
19:13:37 [ultranest] [DEBUG] iteration=4201, ncalls=21255, regioncalls=920680, ndraw=40, logz=-11.86, remainder_fraction=2.5341%, Lmin=-5.09, Lmax=-4.83
19:13:37 [ultranest] [DEBUG] iteration=4203, ncalls=21263, regioncalls=921000, ndraw=40, logz=-11.86, remainder_fraction=2.5231%, Lmin=-5.09, Lmax=-4.83
19:13:38 [ultranest] [DEBUG] iteration=4204, ncalls=21266, regioncalls=921120, ndraw=40, logz=-11.86, remainder_fraction=2.5176%, Lmin=-5.09, Lmax=-4.83
19:13:38 [ultranest] [DEBUG] iteration=4206, ncalls=21273, regioncalls=921400, ndraw=40, logz=-11.86, remainder_fraction=2.5065%, Lmin=-5.09, Lmax=-4.83
19:13:38 [ultranest] [DEBUG] iteration=4207, ncalls=21283, regioncalls=921800, ndraw=40, logz=-11.86, remainder_fraction=2.5004%, Lmin=-5.09, Lmax=-4.83
19:13:38 [ultranest] [DEBUG] iteration=4210, ncalls=21288, regioncalls=922000, ndraw=40, logz=-11.86, remainder_fraction=2.4824%, Lmin=-5.09, Lmax=-4.83
19:13:39 [ultranest] [DEBUG] iteration=4211, ncalls=21304, regioncalls=922640, ndraw=40, logz=-11.86, remainder_fraction=2.4765%, Lmin=-5.09, Lmax=-4.83
19:13:39 [ultranest] [DEBUG] iteration=4212, ncalls=21308, regioncalls=922800, ndraw=40, logz=-11.86, remainder_fraction=2.4708%, Lmin=-5.09, Lmax=-4.83
19:13:39 [ultranest] [DEBUG] iteration=4213, ncalls=21313, regioncalls=923000, ndraw=40, logz=-11.86, remainder_fraction=2.4654%, Lmin=-5.09, Lmax=-4.83
19:13:40 [ultranest] [DEBUG] iteration=4214, ncalls=21321, regioncalls=923320, ndraw=40, logz=-11.86, remainder_fraction=2.4595%, Lmin=-5.09, Lmax=-4.83
19:13:40 [ultranest] [DEBUG] iteration=4215, ncalls=21332, regioncalls=924640, ndraw=40, logz=-11.86, remainder_fraction=2.4536%, Lmin=-5.09, Lmax=-4.83
19:13:40 [ultranest] [DEBUG] iteration=4216, ncalls=21339, regioncalls=924920, ndraw=40, logz=-11.86, remainder_fraction=2.4482%, Lmin=-5.08, Lmax=-4.83
19:13:41 [ultranest] [DEBUG] iteration=4217, ncalls=21352, regioncalls=925440, ndraw=40, logz=-11.86, remainder_fraction=2.4435%, Lmin=-5.08, Lmax=-4.83
19:13:41 [ultranest] [DEBUG] iteration=4218, ncalls=21359, regioncalls=925720, ndraw=40, logz=-11.86, remainder_fraction=2.4375%, Lmin=-5.08, Lmax=-4.83
19:13:41 [ultranest] [DEBUG] iteration=4220, ncalls=21371, regioncalls=926200, ndraw=40, logz=-11.86, remainder_fraction=2.4267%, Lmin=-5.08, Lmax=-4.83
19:13:42 [ultranest] [DEBUG] iteration=4221, ncalls=21382, regioncalls=926640, ndraw=40, logz=-11.86, remainder_fraction=2.4211%, Lmin=-5.08, Lmax=-4.83
19:13:42 [ultranest] [DEBUG] iteration=4223, ncalls=21398, regioncalls=927280, ndraw=40, logz=-11.86, remainder_fraction=2.4099%, Lmin=-5.08, Lmax=-4.83
19:13:43 [ultranest] [DEBUG] iteration=4224, ncalls=21406, regioncalls=927600, ndraw=40, logz=-11.86, remainder_fraction=2.4047%, Lmin=-5.08, Lmax=-4.83
19:13:43 [ultranest] [DEBUG] iteration=4225, ncalls=21411, regioncalls=927800, ndraw=40, logz=-11.86, remainder_fraction=2.3998%, Lmin=-5.08, Lmax=-4.83
19:13:43 [ultranest] [DEBUG] iteration=4226, ncalls=21419, regioncalls=928120, ndraw=40, logz=-11.86, remainder_fraction=2.3941%, Lmin=-5.08, Lmax=-4.83
19:13:43 [ultranest] [DEBUG] iteration=4227, ncalls=21425, regioncalls=928400, ndraw=40, logz=-11.86, remainder_fraction=2.3896%, Lmin=-5.08, Lmax=-4.83
19:13:43 [ultranest] [DEBUG] iteration=4228, ncalls=21433, regioncalls=928760, ndraw=40, logz=-11.86, remainder_fraction=2.3838%, Lmin=-5.08, Lmax=-4.83
19:13:44 [ultranest] [DEBUG] iteration=4229, ncalls=21437, regioncalls=928920, ndraw=40, logz=-11.86, remainder_fraction=2.3788%, Lmin=-5.08, Lmax=-4.83
19:13:44 [ultranest] [DEBUG] iteration=4230, ncalls=21443, regioncalls=929360, ndraw=40, logz=-11.86, remainder_fraction=2.3737%, Lmin=-5.08, Lmax=-4.83
19:13:44 [ultranest] [DEBUG] iteration=4231, ncalls=21450, regioncalls=929680, ndraw=40, logz=-11.86, remainder_fraction=2.3679%, Lmin=-5.08, Lmax=-4.83
19:13:45 [ultranest] [DEBUG] iteration=4232, ncalls=21468, regioncalls=930680, ndraw=40, logz=-11.86, remainder_fraction=2.3626%, Lmin=-5.08, Lmax=-4.83
19:13:45 [ultranest] [DEBUG] iteration=4233, ncalls=21484, regioncalls=931320, ndraw=40, logz=-11.86, remainder_fraction=2.3569%, Lmin=-5.08, Lmax=-4.83
19:13:46 [ultranest] [DEBUG] iteration=4234, ncalls=21491, regioncalls=931600, ndraw=40, logz=-11.86, remainder_fraction=2.3514%, Lmin=-5.08, Lmax=-4.83
19:13:46 [ultranest] [DEBUG] iteration=4235, ncalls=21510, regioncalls=932440, ndraw=40, logz=-11.86, remainder_fraction=2.3457%, Lmin=-5.08, Lmax=-4.83
19:13:47 [ultranest] [DEBUG] iteration=4236, ncalls=21520, regioncalls=932840, ndraw=40, logz=-11.86, remainder_fraction=2.3409%, Lmin=-5.08, Lmax=-4.83
19:13:47 [ultranest] [DEBUG] iteration=4238, ncalls=21528, regioncalls=933160, ndraw=40, logz=-11.86, remainder_fraction=2.3301%, Lmin=-5.08, Lmax=-4.83
19:13:48 [ultranest] [DEBUG] iteration=4239, ncalls=21545, regioncalls=933840, ndraw=40, logz=-11.86, remainder_fraction=2.3244%, Lmin=-5.08, Lmax=-4.83
19:13:48 [ultranest] [DEBUG] iteration=4240, ncalls=21546, regioncalls=933880, ndraw=40, logz=-11.86, remainder_fraction=2.3189%, Lmin=-5.08, Lmax=-4.83
19:13:48 [ultranest] [DEBUG] iteration=4242, ncalls=21549, regioncalls=934000, ndraw=40, logz=-11.86, remainder_fraction=2.3087%, Lmin=-5.08, Lmax=-4.83
19:13:48 [ultranest] [DEBUG] iteration=4243, ncalls=21553, regioncalls=934160, ndraw=40, logz=-11.86, remainder_fraction=2.3032%, Lmin=-5.08, Lmax=-4.83
19:13:48 [ultranest] [DEBUG] iteration=4244, ncalls=21564, regioncalls=935360, ndraw=40, logz=-11.86, remainder_fraction=2.2979%, Lmin=-5.08, Lmax=-4.83
19:13:49 [ultranest] [DEBUG] iteration=4245, ncalls=21581, regioncalls=936400, ndraw=40, logz=-11.86, remainder_fraction=2.2923%, Lmin=-5.08, Lmax=-4.83
19:13:49 [ultranest] [DEBUG] iteration=4247, ncalls=21589, regioncalls=936880, ndraw=40, logz=-11.86, remainder_fraction=2.2814%, Lmin=-5.07, Lmax=-4.83
19:13:49 [ultranest] [DEBUG] iteration=4250, ncalls=21594, regioncalls=937240, ndraw=40, logz=-11.86, remainder_fraction=2.2650%, Lmin=-5.07, Lmax=-4.83
19:13:50 [ultranest] [DEBUG] iteration=4251, ncalls=21605, regioncalls=937720, ndraw=40, logz=-11.86, remainder_fraction=2.2598%, Lmin=-5.07, Lmax=-4.83
19:13:50 [ultranest] [DEBUG] iteration=4252, ncalls=21625, regioncalls=938640, ndraw=40, logz=-11.86, remainder_fraction=2.2556%, Lmin=-5.07, Lmax=-4.83
19:13:51 [ultranest] [DEBUG] iteration=4253, ncalls=21643, regioncalls=939640, ndraw=40, logz=-11.86, remainder_fraction=2.2504%, Lmin=-5.07, Lmax=-4.83
19:13:51 [ultranest] [DEBUG] iteration=4254, ncalls=21652, regioncalls=940000, ndraw=40, logz=-11.86, remainder_fraction=2.2462%, Lmin=-5.07, Lmax=-4.83
19:13:52 [ultranest] [DEBUG] iteration=4255, ncalls=21656, regioncalls=940160, ndraw=40, logz=-11.86, remainder_fraction=2.2414%, Lmin=-5.07, Lmax=-4.83
19:13:52 [ultranest] [DEBUG] iteration=4256, ncalls=21671, regioncalls=940760, ndraw=40, logz=-11.86, remainder_fraction=2.2364%, Lmin=-5.07, Lmax=-4.83
19:13:53 [ultranest] [DEBUG] iteration=4257, ncalls=21686, regioncalls=941440, ndraw=40, logz=-11.86, remainder_fraction=2.2320%, Lmin=-5.07, Lmax=-4.83
19:13:53 [ultranest] [DEBUG] iteration=4259, ncalls=21691, regioncalls=941640, ndraw=40, logz=-11.86, remainder_fraction=2.2230%, Lmin=-5.07, Lmax=-4.83
19:13:53 [ultranest] [DEBUG] iteration=4260, ncalls=21699, regioncalls=942000, ndraw=40, logz=-11.86, remainder_fraction=2.2181%, Lmin=-5.07, Lmax=-4.83
19:13:53 [ultranest] [DEBUG] iteration=4261, ncalls=21709, regioncalls=942520, ndraw=40, logz=-11.86, remainder_fraction=2.2127%, Lmin=-5.07, Lmax=-4.83
19:13:54 [ultranest] [DEBUG] iteration=4262, ncalls=21713, regioncalls=942680, ndraw=40, logz=-11.86, remainder_fraction=2.2075%, Lmin=-5.07, Lmax=-4.83
19:13:54 [ultranest] [DEBUG] iteration=4263, ncalls=21723, regioncalls=943240, ndraw=40, logz=-11.86, remainder_fraction=2.2027%, Lmin=-5.07, Lmax=-4.83
19:13:55 [ultranest] [DEBUG] iteration=4265, ncalls=21743, regioncalls=944040, ndraw=40, logz=-11.86, remainder_fraction=2.1932%, Lmin=-5.07, Lmax=-4.83
19:13:55 [ultranest] [DEBUG] iteration=4266, ncalls=21751, regioncalls=944680, ndraw=40, logz=-11.86, remainder_fraction=2.1886%, Lmin=-5.07, Lmax=-4.83
19:13:56 [ultranest] [DEBUG] iteration=4267, ncalls=21769, regioncalls=945480, ndraw=40, logz=-11.86, remainder_fraction=2.1834%, Lmin=-5.07, Lmax=-4.83
19:13:56 [ultranest] [DEBUG] iteration=4268, ncalls=21775, regioncalls=945720, ndraw=40, logz=-11.86, remainder_fraction=2.1781%, Lmin=-5.07, Lmax=-4.83
19:13:56 [ultranest] [DEBUG] iteration=4269, ncalls=21788, regioncalls=946280, ndraw=40, logz=-11.86, remainder_fraction=2.1739%, Lmin=-5.07, Lmax=-4.83
19:13:57 [ultranest] [DEBUG] iteration=4270, ncalls=21804, regioncalls=946920, ndraw=40, logz=-11.86, remainder_fraction=2.1689%, Lmin=-5.07, Lmax=-4.83
19:13:57 [ultranest] [DEBUG] iteration=4271, ncalls=21813, regioncalls=947280, ndraw=40, logz=-11.86, remainder_fraction=2.1636%, Lmin=-5.07, Lmax=-4.83
19:13:57 [ultranest] [DEBUG] iteration=4272, ncalls=21821, regioncalls=947600, ndraw=40, logz=-11.86, remainder_fraction=2.1583%, Lmin=-5.07, Lmax=-4.83
19:13:58 [ultranest] [DEBUG] iteration=4273, ncalls=21826, regioncalls=947800, ndraw=40, logz=-11.86, remainder_fraction=2.1535%, Lmin=-5.07, Lmax=-4.83
19:13:58 [ultranest] [DEBUG] iteration=4275, ncalls=21834, regioncalls=948120, ndraw=40, logz=-11.86, remainder_fraction=2.1438%, Lmin=-5.07, Lmax=-4.83
19:13:58 [ultranest] [DEBUG] iteration=4276, ncalls=21837, regioncalls=948240, ndraw=40, logz=-11.86, remainder_fraction=2.1393%, Lmin=-5.07, Lmax=-4.83
19:13:58 [ultranest] [DEBUG] iteration=4277, ncalls=21841, regioncalls=948400, ndraw=40, logz=-11.86, remainder_fraction=2.1341%, Lmin=-5.07, Lmax=-4.83
19:13:58 [ultranest] [DEBUG] iteration=4278, ncalls=21846, regioncalls=948600, ndraw=40, logz=-11.86, remainder_fraction=2.1291%, Lmin=-5.07, Lmax=-4.83
19:13:58 [ultranest] [DEBUG] iteration=4279, ncalls=21850, regioncalls=949000, ndraw=40, logz=-11.86, remainder_fraction=2.1247%, Lmin=-5.07, Lmax=-4.83
19:13:59 [ultranest] [DEBUG] iteration=4280, ncalls=21860, regioncalls=949400, ndraw=40, logz=-11.86, remainder_fraction=2.1194%, Lmin=-5.07, Lmax=-4.83
19:13:59 [ultranest] [DEBUG] iteration=4281, ncalls=21869, regioncalls=949880, ndraw=40, logz=-11.86, remainder_fraction=2.1146%, Lmin=-5.07, Lmax=-4.83
19:13:59 [ultranest] [DEBUG] iteration=4282, ncalls=21873, regioncalls=950040, ndraw=40, logz=-11.86, remainder_fraction=2.1100%, Lmin=-5.07, Lmax=-4.83
19:14:00 [ultranest] [DEBUG] iteration=4283, ncalls=21887, regioncalls=950600, ndraw=40, logz=-11.86, remainder_fraction=2.1048%, Lmin=-5.07, Lmax=-4.83
19:14:00 [ultranest] [DEBUG] iteration=4285, ncalls=21899, regioncalls=951160, ndraw=40, logz=-11.86, remainder_fraction=2.0958%, Lmin=-5.06, Lmax=-4.83
19:14:00 [ultranest] [DEBUG] iteration=4286, ncalls=21904, regioncalls=951360, ndraw=40, logz=-11.85, remainder_fraction=2.0915%, Lmin=-5.06, Lmax=-4.83
19:14:01 [ultranest] [DEBUG] iteration=4288, ncalls=21910, regioncalls=951720, ndraw=40, logz=-11.85, remainder_fraction=2.0818%, Lmin=-5.06, Lmax=-4.83
19:14:01 [ultranest] [DEBUG] iteration=4289, ncalls=21913, regioncalls=951840, ndraw=40, logz=-11.85, remainder_fraction=2.0768%, Lmin=-5.06, Lmax=-4.83
19:14:01 [ultranest] [DEBUG] iteration=4290, ncalls=21917, regioncalls=952000, ndraw=40, logz=-11.85, remainder_fraction=2.0718%, Lmin=-5.06, Lmax=-4.83
19:14:01 [ultranest] [DEBUG] iteration=4291, ncalls=21920, regioncalls=952120, ndraw=40, logz=-11.85, remainder_fraction=2.0670%, Lmin=-5.06, Lmax=-4.83
19:14:01 [ultranest] [DEBUG] iteration=4293, ncalls=21923, regioncalls=952240, ndraw=40, logz=-11.85, remainder_fraction=2.0576%, Lmin=-5.06, Lmax=-4.83
19:14:02 [ultranest] [DEBUG] iteration=4294, ncalls=21936, regioncalls=953000, ndraw=40, logz=-11.85, remainder_fraction=2.0531%, Lmin=-5.06, Lmax=-4.83
19:14:02 [ultranest] [DEBUG] iteration=4295, ncalls=21940, regioncalls=953160, ndraw=40, logz=-11.85, remainder_fraction=2.0485%, Lmin=-5.06, Lmax=-4.83
19:14:02 [ultranest] [DEBUG] iteration=4296, ncalls=21943, regioncalls=953280, ndraw=40, logz=-11.85, remainder_fraction=2.0434%, Lmin=-5.06, Lmax=-4.83
19:14:02 [ultranest] [DEBUG] iteration=4297, ncalls=21948, regioncalls=953480, ndraw=40, logz=-11.85, remainder_fraction=2.0384%, Lmin=-5.06, Lmax=-4.83
19:14:03 [ultranest] [DEBUG] iteration=4298, ncalls=21966, regioncalls=954200, ndraw=40, logz=-11.85, remainder_fraction=2.0338%, Lmin=-5.06, Lmax=-4.83
19:14:03 [ultranest] [DEBUG] iteration=4300, ncalls=21979, regioncalls=954720, ndraw=40, logz=-11.85, remainder_fraction=2.0244%, Lmin=-5.06, Lmax=-4.82
19:14:04 [ultranest] [DEBUG] iteration=4301, ncalls=22003, regioncalls=956120, ndraw=40, logz=-11.85, remainder_fraction=2.0206%, Lmin=-5.06, Lmax=-4.82
19:14:04 [ultranest] [DEBUG] iteration=4303, ncalls=22017, regioncalls=956800, ndraw=40, logz=-11.85, remainder_fraction=2.0110%, Lmin=-5.06, Lmax=-4.82
19:14:05 [ultranest] [DEBUG] iteration=4304, ncalls=22039, regioncalls=957680, ndraw=40, logz=-11.85, remainder_fraction=2.0062%, Lmin=-5.06, Lmax=-4.82
19:14:06 [ultranest] [DEBUG] iteration=4305, ncalls=22069, regioncalls=958920, ndraw=40, logz=-11.85, remainder_fraction=2.0013%, Lmin=-5.06, Lmax=-4.82
19:14:06 [ultranest] [DEBUG] iteration=4306, ncalls=22072, regioncalls=959040, ndraw=40, logz=-11.85, remainder_fraction=1.9966%, Lmin=-5.06, Lmax=-4.82
19:14:07 [ultranest] [DEBUG] iteration=4308, ncalls=22079, regioncalls=959400, ndraw=40, logz=-11.85, remainder_fraction=1.9868%, Lmin=-5.06, Lmax=-4.82
19:14:07 [ultranest] [DEBUG] iteration=4309, ncalls=22083, regioncalls=959560, ndraw=40, logz=-11.85, remainder_fraction=1.9821%, Lmin=-5.06, Lmax=-4.82
19:14:07 [ultranest] [DEBUG] iteration=4310, ncalls=22089, regioncalls=959800, ndraw=40, logz=-11.85, remainder_fraction=1.9774%, Lmin=-5.06, Lmax=-4.82
19:14:07 [ultranest] [DEBUG] iteration=4311, ncalls=22092, regioncalls=959920, ndraw=40, logz=-11.85, remainder_fraction=1.9731%, Lmin=-5.06, Lmax=-4.82
19:14:08 [ultranest] [DEBUG] iteration=4312, ncalls=22110, regioncalls=960960, ndraw=40, logz=-11.85, remainder_fraction=1.9689%, Lmin=-5.06, Lmax=-4.82
19:14:08 [ultranest] [DEBUG] iteration=4313, ncalls=22124, regioncalls=961520, ndraw=40, logz=-11.85, remainder_fraction=1.9645%, Lmin=-5.06, Lmax=-4.82
19:14:08 [ultranest] [DEBUG] iteration=4314, ncalls=22128, regioncalls=961680, ndraw=40, logz=-11.85, remainder_fraction=1.9597%, Lmin=-5.06, Lmax=-4.82
19:14:09 [ultranest] [DEBUG] iteration=4316, ncalls=22143, regioncalls=962280, ndraw=40, logz=-11.85, remainder_fraction=1.9512%, Lmin=-5.05, Lmax=-4.82
19:14:09 [ultranest] [DEBUG] iteration=4317, ncalls=22155, regioncalls=962760, ndraw=40, logz=-11.85, remainder_fraction=1.9465%, Lmin=-5.05, Lmax=-4.82
19:14:09 [ultranest] [DEBUG] iteration=4318, ncalls=22160, regioncalls=962960, ndraw=40, logz=-11.85, remainder_fraction=1.9418%, Lmin=-5.05, Lmax=-4.82
19:14:10 [ultranest] [DEBUG] iteration=4319, ncalls=22166, regioncalls=963200, ndraw=40, logz=-11.85, remainder_fraction=1.9372%, Lmin=-5.05, Lmax=-4.82
19:14:10 [ultranest] [DEBUG] iteration=4320, ncalls=22168, regioncalls=963280, ndraw=40, logz=-11.85, remainder_fraction=1.9327%, Lmin=-5.05, Lmax=-4.82
19:14:11 [ultranest] [DEBUG] iteration=4321, ncalls=22199, regioncalls=964800, ndraw=40, logz=-11.85, remainder_fraction=1.9279%, Lmin=-5.05, Lmax=-4.82
19:14:11 [ultranest] [DEBUG] iteration=4322, ncalls=22207, regioncalls=965120, ndraw=40, logz=-11.85, remainder_fraction=1.9232%, Lmin=-5.05, Lmax=-4.82
19:14:11 [ultranest] [DEBUG] iteration=4324, ncalls=22210, regioncalls=965240, ndraw=40, logz=-11.85, remainder_fraction=1.9148%, Lmin=-5.05, Lmax=-4.82
19:14:12 [ultranest] [DEBUG] iteration=4325, ncalls=22227, regioncalls=966240, ndraw=40, logz=-11.85, remainder_fraction=1.9107%, Lmin=-5.05, Lmax=-4.82
19:14:13 [ultranest] [DEBUG] iteration=4326, ncalls=22248, regioncalls=967080, ndraw=40, logz=-11.85, remainder_fraction=1.9064%, Lmin=-5.05, Lmax=-4.82
19:14:13 [ultranest] [DEBUG] iteration=4327, ncalls=22256, regioncalls=967400, ndraw=40, logz=-11.85, remainder_fraction=1.9021%, Lmin=-5.05, Lmax=-4.82
19:14:13 [ultranest] [DEBUG] iteration=4328, ncalls=22259, regioncalls=967520, ndraw=40, logz=-11.85, remainder_fraction=1.8977%, Lmin=-5.05, Lmax=-4.82
19:14:14 [ultranest] [DEBUG] iteration=4329, ncalls=22273, regioncalls=968280, ndraw=40, logz=-11.85, remainder_fraction=1.8938%, Lmin=-5.05, Lmax=-4.82
19:14:14 [ultranest] [DEBUG] iteration=4331, ncalls=22287, regioncalls=968840, ndraw=40, logz=-11.85, remainder_fraction=1.8851%, Lmin=-5.05, Lmax=-4.82
19:14:16 [ultranest] [DEBUG] iteration=4332, ncalls=22338, regioncalls=971160, ndraw=40, logz=-11.85, remainder_fraction=1.8808%, Lmin=-5.05, Lmax=-4.82
19:14:16 [ultranest] [DEBUG] iteration=4333, ncalls=22354, regioncalls=971920, ndraw=40, logz=-11.85, remainder_fraction=1.8761%, Lmin=-5.05, Lmax=-4.82
19:14:17 [ultranest] [DEBUG] iteration=4334, ncalls=22373, regioncalls=973040, ndraw=40, logz=-11.85, remainder_fraction=1.8714%, Lmin=-5.05, Lmax=-4.82
19:14:17 [ultranest] [DEBUG] iteration=4335, ncalls=22381, regioncalls=973680, ndraw=40, logz=-11.85, remainder_fraction=1.8669%, Lmin=-5.05, Lmax=-4.82
19:14:18 [ultranest] [DEBUG] iteration=4337, ncalls=22386, regioncalls=973880, ndraw=40, logz=-11.85, remainder_fraction=1.8584%, Lmin=-5.05, Lmax=-4.82
19:14:18 [ultranest] [DEBUG] iteration=4339, ncalls=22394, regioncalls=974200, ndraw=40, logz=-11.85, remainder_fraction=1.8494%, Lmin=-5.05, Lmax=-4.82
19:14:18 [ultranest] [DEBUG] iteration=4340, ncalls=22399, regioncalls=974880, ndraw=40, logz=-11.85, remainder_fraction=1.8449%, Lmin=-5.05, Lmax=-4.82
19:14:18 [ultranest] [DEBUG] iteration=4342, ncalls=22402, regioncalls=975000, ndraw=40, logz=-11.85, remainder_fraction=1.8365%, Lmin=-5.05, Lmax=-4.82
19:14:18 [ultranest] [DEBUG] iteration=4343, ncalls=22407, regioncalls=975360, ndraw=40, logz=-11.85, remainder_fraction=1.8322%, Lmin=-5.05, Lmax=-4.82
19:14:18 [ultranest] [DEBUG] iteration=4344, ncalls=22410, regioncalls=975520, ndraw=40, logz=-11.85, remainder_fraction=1.8277%, Lmin=-5.05, Lmax=-4.82
19:14:19 [ultranest] [DEBUG] iteration=4346, ncalls=22433, regioncalls=976440, ndraw=40, logz=-11.85, remainder_fraction=1.8194%, Lmin=-5.05, Lmax=-4.82
19:14:19 [ultranest] [DEBUG] iteration=4347, ncalls=22439, regioncalls=976680, ndraw=40, logz=-11.85, remainder_fraction=1.8150%, Lmin=-5.05, Lmax=-4.82
19:14:20 [ultranest] [DEBUG] iteration=4348, ncalls=22443, regioncalls=976840, ndraw=40, logz=-11.85, remainder_fraction=1.8106%, Lmin=-5.05, Lmax=-4.82
19:14:20 [ultranest] [DEBUG] iteration=4349, ncalls=22451, regioncalls=977200, ndraw=40, logz=-11.85, remainder_fraction=1.8062%, Lmin=-5.05, Lmax=-4.82
19:14:20 [ultranest] [DEBUG] iteration=4350, ncalls=22464, regioncalls=977760, ndraw=40, logz=-11.85, remainder_fraction=1.8018%, Lmin=-5.05, Lmax=-4.82
19:14:20 [ultranest] [DEBUG] iteration=4351, ncalls=22467, regioncalls=977880, ndraw=40, logz=-11.85, remainder_fraction=1.7974%, Lmin=-5.05, Lmax=-4.82
19:14:21 [ultranest] [DEBUG] iteration=4352, ncalls=22486, regioncalls=978840, ndraw=40, logz=-11.85, remainder_fraction=1.7931%, Lmin=-5.05, Lmax=-4.82
19:14:21 [ultranest] [DEBUG] iteration=4353, ncalls=22492, regioncalls=979080, ndraw=40, logz=-11.85, remainder_fraction=1.7886%, Lmin=-5.05, Lmax=-4.82
19:14:22 [ultranest] [DEBUG] iteration=4354, ncalls=22504, regioncalls=979560, ndraw=40, logz=-11.85, remainder_fraction=1.7846%, Lmin=-5.04, Lmax=-4.82
19:14:22 [ultranest] [DEBUG] iteration=4355, ncalls=22511, regioncalls=979840, ndraw=40, logz=-11.85, remainder_fraction=1.7804%, Lmin=-5.04, Lmax=-4.82
19:14:22 [ultranest] [DEBUG] iteration=4356, ncalls=22517, regioncalls=980080, ndraw=40, logz=-11.85, remainder_fraction=1.7764%, Lmin=-5.04, Lmax=-4.82
19:14:25 [ultranest] [DEBUG] iteration=4358, ncalls=22582, regioncalls=982680, ndraw=40, logz=-11.85, remainder_fraction=1.7687%, Lmin=-5.04, Lmax=-4.80
19:14:25 [ultranest] [DEBUG] iteration=4359, ncalls=22586, regioncalls=982840, ndraw=40, logz=-11.85, remainder_fraction=1.7654%, Lmin=-5.04, Lmax=-4.80
19:14:25 [ultranest] [DEBUG] iteration=4360, ncalls=22587, regioncalls=982880, ndraw=40, logz=-11.85, remainder_fraction=1.7616%, Lmin=-5.04, Lmax=-4.80
19:14:25 [ultranest] [DEBUG] iteration=4361, ncalls=22590, regioncalls=983000, ndraw=40, logz=-11.85, remainder_fraction=1.7573%, Lmin=-5.04, Lmax=-4.80
19:14:27 [ultranest] [DEBUG] iteration=4362, ncalls=22636, regioncalls=984880, ndraw=40, logz=-11.85, remainder_fraction=1.7536%, Lmin=-5.04, Lmax=-4.80
19:14:27 [ultranest] [DEBUG] iteration=4363, ncalls=22641, regioncalls=985080, ndraw=40, logz=-11.85, remainder_fraction=1.7497%, Lmin=-5.04, Lmax=-4.80
19:14:27 [ultranest] [DEBUG] iteration=4364, ncalls=22647, regioncalls=985320, ndraw=40, logz=-11.85, remainder_fraction=1.7457%, Lmin=-5.04, Lmax=-4.80
19:14:28 [ultranest] [DEBUG] iteration=4365, ncalls=22662, regioncalls=985920, ndraw=40, logz=-11.85, remainder_fraction=1.7417%, Lmin=-5.04, Lmax=-4.80
19:14:28 [ultranest] [DEBUG] iteration=4366, ncalls=22667, regioncalls=986120, ndraw=40, logz=-11.85, remainder_fraction=1.7376%, Lmin=-5.04, Lmax=-4.80
19:14:28 [ultranest] [DEBUG] iteration=4367, ncalls=22676, regioncalls=986480, ndraw=40, logz=-11.85, remainder_fraction=1.7338%, Lmin=-5.04, Lmax=-4.80
19:14:29 [ultranest] [DEBUG] iteration=4368, ncalls=22691, regioncalls=987080, ndraw=40, logz=-11.85, remainder_fraction=1.7298%, Lmin=-5.04, Lmax=-4.80
19:14:29 [ultranest] [DEBUG] iteration=4369, ncalls=22697, regioncalls=987320, ndraw=40, logz=-11.85, remainder_fraction=1.7257%, Lmin=-5.04, Lmax=-4.80
19:14:29 [ultranest] [DEBUG] iteration=4370, ncalls=22703, regioncalls=987600, ndraw=40, logz=-11.85, remainder_fraction=1.7219%, Lmin=-5.04, Lmax=-4.80
19:14:29 [ultranest] [DEBUG] iteration=4371, ncalls=22706, regioncalls=987720, ndraw=40, logz=-11.85, remainder_fraction=1.7182%, Lmin=-5.04, Lmax=-4.80
19:14:30 [ultranest] [DEBUG] iteration=4373, ncalls=22721, regioncalls=988520, ndraw=40, logz=-11.85, remainder_fraction=1.7100%, Lmin=-5.04, Lmax=-4.80
19:14:30 [ultranest] [DEBUG] iteration=4374, ncalls=22727, regioncalls=988760, ndraw=40, logz=-11.85, remainder_fraction=1.7063%, Lmin=-5.04, Lmax=-4.80
19:14:30 [ultranest] [DEBUG] iteration=4375, ncalls=22734, regioncalls=989040, ndraw=40, logz=-11.85, remainder_fraction=1.7022%, Lmin=-5.04, Lmax=-4.80
19:14:30 [ultranest] [DEBUG] iteration=4376, ncalls=22739, regioncalls=989240, ndraw=40, logz=-11.85, remainder_fraction=1.6983%, Lmin=-5.04, Lmax=-4.80
19:14:31 [ultranest] [DEBUG] iteration=4377, ncalls=22769, regioncalls=990480, ndraw=40, logz=-11.85, remainder_fraction=1.6942%, Lmin=-5.04, Lmax=-4.80
19:14:32 [ultranest] [DEBUG] iteration=4378, ncalls=22773, regioncalls=990640, ndraw=40, logz=-11.85, remainder_fraction=1.6905%, Lmin=-5.04, Lmax=-4.80
19:14:32 [ultranest] [DEBUG] iteration=4380, ncalls=22794, regioncalls=991480, ndraw=40, logz=-11.85, remainder_fraction=1.6825%, Lmin=-5.04, Lmax=-4.80
19:14:33 [ultranest] [DEBUG] iteration=4382, ncalls=22804, regioncalls=991880, ndraw=40, logz=-11.85, remainder_fraction=1.6747%, Lmin=-5.04, Lmax=-4.80
19:14:33 [ultranest] [DEBUG] iteration=4384, ncalls=22811, regioncalls=992160, ndraw=40, logz=-11.85, remainder_fraction=1.6666%, Lmin=-5.04, Lmax=-4.80
19:14:33 [ultranest] [DEBUG] iteration=4385, ncalls=22819, regioncalls=992480, ndraw=40, logz=-11.85, remainder_fraction=1.6626%, Lmin=-5.04, Lmax=-4.80
19:14:34 [ultranest] [DEBUG] iteration=4386, ncalls=22825, regioncalls=992720, ndraw=40, logz=-11.85, remainder_fraction=1.6586%, Lmin=-5.04, Lmax=-4.80
19:14:34 [ultranest] [DEBUG] iteration=4387, ncalls=22832, regioncalls=993240, ndraw=40, logz=-11.85, remainder_fraction=1.6546%, Lmin=-5.04, Lmax=-4.80
19:14:34 [ultranest] [DEBUG] iteration=4389, ncalls=22847, regioncalls=993840, ndraw=40, logz=-11.85, remainder_fraction=1.6464%, Lmin=-5.04, Lmax=-4.80
19:14:35 [ultranest] [DEBUG] iteration=4391, ncalls=22870, regioncalls=994880, ndraw=40, logz=-11.85, remainder_fraction=1.6389%, Lmin=-5.04, Lmax=-4.80
19:14:37 [ultranest] [DEBUG] iteration=4392, ncalls=22909, regioncalls=996560, ndraw=40, logz=-11.85, remainder_fraction=1.6349%, Lmin=-5.04, Lmax=-4.80
19:14:37 [ultranest] [DEBUG] iteration=4393, ncalls=22923, regioncalls=997200, ndraw=40, logz=-11.85, remainder_fraction=1.6315%, Lmin=-5.04, Lmax=-4.80
19:14:37 [ultranest] [DEBUG] iteration=4394, ncalls=22933, regioncalls=997600, ndraw=40, logz=-11.85, remainder_fraction=1.6281%, Lmin=-5.04, Lmax=-4.80
19:14:38 [ultranest] [DEBUG] iteration=4395, ncalls=22949, regioncalls=998240, ndraw=40, logz=-11.85, remainder_fraction=1.6242%, Lmin=-5.04, Lmax=-4.80
19:14:39 [ultranest] [DEBUG] iteration=4397, ncalls=22964, regioncalls=998840, ndraw=40, logz=-11.85, remainder_fraction=1.6163%, Lmin=-5.04, Lmax=-4.80
19:14:39 [ultranest] [DEBUG] iteration=4398, ncalls=22970, regioncalls=999200, ndraw=40, logz=-11.85, remainder_fraction=1.6123%, Lmin=-5.03, Lmax=-4.80
19:14:39 [ultranest] [DEBUG] iteration=4399, ncalls=22977, regioncalls=999480, ndraw=40, logz=-11.85, remainder_fraction=1.6090%, Lmin=-5.03, Lmax=-4.80
19:14:39 [ultranest] [DEBUG] iteration=4400, ncalls=22978, regioncalls=999520, ndraw=40, logz=-11.85, remainder_fraction=1.6055%, Lmin=-5.03, Lmax=-4.80
19:14:40 [ultranest] [DEBUG] iteration=4401, ncalls=22990, regioncalls=1000080, ndraw=40, logz=-11.85, remainder_fraction=1.6023%, Lmin=-5.03, Lmax=-4.80
19:14:40 [ultranest] [DEBUG] iteration=4402, ncalls=23003, regioncalls=1000600, ndraw=40, logz=-11.85, remainder_fraction=1.5984%, Lmin=-5.03, Lmax=-4.80
19:14:40 [ultranest] [DEBUG] iteration=4403, ncalls=23012, regioncalls=1000960, ndraw=40, logz=-11.85, remainder_fraction=1.5945%, Lmin=-5.03, Lmax=-4.80
19:14:41 [ultranest] [DEBUG] iteration=4404, ncalls=23019, regioncalls=1001480, ndraw=40, logz=-11.85, remainder_fraction=1.5913%, Lmin=-5.03, Lmax=-4.80
19:14:41 [ultranest] [DEBUG] iteration=4405, ncalls=23029, regioncalls=1001960, ndraw=40, logz=-11.85, remainder_fraction=1.5879%, Lmin=-5.03, Lmax=-4.80
19:14:43 [ultranest] [DEBUG] iteration=4406, ncalls=23077, regioncalls=1004080, ndraw=40, logz=-11.85, remainder_fraction=1.5841%, Lmin=-5.03, Lmax=-4.80
19:14:43 [ultranest] [DEBUG] iteration=4407, ncalls=23093, regioncalls=1004760, ndraw=40, logz=-11.85, remainder_fraction=1.5804%, Lmin=-5.03, Lmax=-4.80
19:14:44 [ultranest] [DEBUG] iteration=4408, ncalls=23110, regioncalls=1005440, ndraw=40, logz=-11.85, remainder_fraction=1.5765%, Lmin=-5.03, Lmax=-4.80
19:14:45 [ultranest] [DEBUG] iteration=4409, ncalls=23141, regioncalls=1006680, ndraw=40, logz=-11.85, remainder_fraction=1.5729%, Lmin=-5.03, Lmax=-4.80
19:14:45 [ultranest] [DEBUG] iteration=4410, ncalls=23149, regioncalls=1007520, ndraw=40, logz=-11.85, remainder_fraction=1.5694%, Lmin=-5.03, Lmax=-4.80
19:14:46 [ultranest] [DEBUG] iteration=4411, ncalls=23154, regioncalls=1007760, ndraw=40, logz=-11.85, remainder_fraction=1.5659%, Lmin=-5.03, Lmax=-4.80
19:14:46 [ultranest] [DEBUG] iteration=4413, ncalls=23165, regioncalls=1008760, ndraw=40, logz=-11.85, remainder_fraction=1.5590%, Lmin=-5.03, Lmax=-4.80
19:14:46 [ultranest] [DEBUG] iteration=4414, ncalls=23171, regioncalls=1009240, ndraw=40, logz=-11.85, remainder_fraction=1.5553%, Lmin=-5.03, Lmax=-4.80
19:14:46 [ultranest] [DEBUG] iteration=4415, ncalls=23175, regioncalls=1009520, ndraw=40, logz=-11.85, remainder_fraction=1.5517%, Lmin=-5.03, Lmax=-4.80
19:14:47 [ultranest] [DEBUG] iteration=4417, ncalls=23187, regioncalls=1010720, ndraw=40, logz=-11.85, remainder_fraction=1.5442%, Lmin=-5.03, Lmax=-4.80
19:14:47 [ultranest] [DEBUG] iteration=4418, ncalls=23199, regioncalls=1012160, ndraw=40, logz=-11.85, remainder_fraction=1.5408%, Lmin=-5.03, Lmax=-4.80
19:14:47 [ultranest] [DEBUG] iteration=4419, ncalls=23204, regioncalls=1012520, ndraw=40, logz=-11.85, remainder_fraction=1.5372%, Lmin=-5.03, Lmax=-4.80
19:14:48 [ultranest] [DEBUG] iteration=4420, ncalls=23208, regioncalls=1012720, ndraw=40, logz=-11.85, remainder_fraction=1.5334%, Lmin=-5.03, Lmax=-4.80
19:14:48 [ultranest] [DEBUG] iteration=4421, ncalls=23223, regioncalls=1013440, ndraw=40, logz=-11.85, remainder_fraction=1.5297%, Lmin=-5.03, Lmax=-4.80
19:14:48 [ultranest] [DEBUG] iteration=4422, ncalls=23226, regioncalls=1013560, ndraw=40, logz=-11.85, remainder_fraction=1.5260%, Lmin=-5.03, Lmax=-4.80
19:14:49 [ultranest] [DEBUG] iteration=4424, ncalls=23239, regioncalls=1014440, ndraw=40, logz=-11.85, remainder_fraction=1.5188%, Lmin=-5.03, Lmax=-4.80
19:14:49 [ultranest] [DEBUG] iteration=4425, ncalls=23244, regioncalls=1014640, ndraw=40, logz=-11.85, remainder_fraction=1.5157%, Lmin=-5.03, Lmax=-4.80
19:14:49 [ultranest] [DEBUG] iteration=4426, ncalls=23248, regioncalls=1014800, ndraw=40, logz=-11.85, remainder_fraction=1.5125%, Lmin=-5.03, Lmax=-4.80
19:14:49 [ultranest] [DEBUG] iteration=4427, ncalls=23257, regioncalls=1015240, ndraw=40, logz=-11.85, remainder_fraction=1.5093%, Lmin=-5.03, Lmax=-4.80
19:14:50 [ultranest] [DEBUG] iteration=4429, ncalls=23272, regioncalls=1016160, ndraw=40, logz=-11.85, remainder_fraction=1.5019%, Lmin=-5.03, Lmax=-4.80
19:14:50 [ultranest] [DEBUG] iteration=4430, ncalls=23276, regioncalls=1016440, ndraw=40, logz=-11.85, remainder_fraction=1.4982%, Lmin=-5.03, Lmax=-4.80
19:14:51 [ultranest] [DEBUG] iteration=4431, ncalls=23294, regioncalls=1017440, ndraw=40, logz=-11.85, remainder_fraction=1.4946%, Lmin=-5.03, Lmax=-4.80
19:14:52 [ultranest] [DEBUG] iteration=4432, ncalls=23318, regioncalls=1018920, ndraw=40, logz=-11.85, remainder_fraction=1.4911%, Lmin=-5.03, Lmax=-4.80
19:14:52 [ultranest] [DEBUG] iteration=4434, ncalls=23332, regioncalls=1019560, ndraw=40, logz=-11.85, remainder_fraction=1.4847%, Lmin=-5.03, Lmax=-4.80
19:14:52 [ultranest] [DEBUG] iteration=4435, ncalls=23336, regioncalls=1020320, ndraw=40, logz=-11.85, remainder_fraction=1.4811%, Lmin=-5.03, Lmax=-4.80
19:14:52 [ultranest] [DEBUG] iteration=4436, ncalls=23343, regioncalls=1020840, ndraw=40, logz=-11.85, remainder_fraction=1.4775%, Lmin=-5.03, Lmax=-4.80
19:14:53 [ultranest] [DEBUG] iteration=4438, ncalls=23372, regioncalls=1022400, ndraw=40, logz=-11.85, remainder_fraction=1.4706%, Lmin=-5.03, Lmax=-4.80
19:14:54 [ultranest] [DEBUG] iteration=4440, ncalls=23377, regioncalls=1022720, ndraw=40, logz=-11.85, remainder_fraction=1.4639%, Lmin=-5.03, Lmax=-4.80
19:14:54 [ultranest] [DEBUG] iteration=4441, ncalls=23385, regioncalls=1023640, ndraw=40, logz=-11.85, remainder_fraction=1.4603%, Lmin=-5.03, Lmax=-4.80
19:14:54 [ultranest] [DEBUG] iteration=4442, ncalls=23396, regioncalls=1024560, ndraw=40, logz=-11.85, remainder_fraction=1.4567%, Lmin=-5.03, Lmax=-4.80
19:14:55 [ultranest] [DEBUG] iteration=4443, ncalls=23423, regioncalls=1026440, ndraw=40, logz=-11.85, remainder_fraction=1.4533%, Lmin=-5.03, Lmax=-4.80
19:14:56 [ultranest] [DEBUG] iteration=4444, ncalls=23445, regioncalls=1028040, ndraw=40, logz=-11.85, remainder_fraction=1.4498%, Lmin=-5.03, Lmax=-4.77
19:14:58 [ultranest] [DEBUG] iteration=4445, ncalls=23485, regioncalls=1031560, ndraw=40, logz=-11.85, remainder_fraction=1.4462%, Lmin=-5.02, Lmax=-4.77
19:14:58 [ultranest] [DEBUG] iteration=4446, ncalls=23496, regioncalls=1032200, ndraw=40, logz=-11.85, remainder_fraction=1.4436%, Lmin=-5.02, Lmax=-4.77
19:14:58 [ultranest] [DEBUG] iteration=4447, ncalls=23506, regioncalls=1033320, ndraw=40, logz=-11.85, remainder_fraction=1.4402%, Lmin=-5.02, Lmax=-4.77
19:14:59 [ultranest] [DEBUG] iteration=4448, ncalls=23539, regioncalls=1034880, ndraw=40, logz=-11.85, remainder_fraction=1.4370%, Lmin=-5.02, Lmax=-4.77
19:15:00 [ultranest] [DEBUG] iteration=4449, ncalls=23551, regioncalls=1036320, ndraw=40, logz=-11.85, remainder_fraction=1.4335%, Lmin=-5.02, Lmax=-4.77
19:15:00 [ultranest] [DEBUG] iteration=4450, ncalls=23559, regioncalls=1036800, ndraw=40, logz=-11.85, remainder_fraction=1.4300%, Lmin=-5.02, Lmax=-4.77
19:15:01 [ultranest] [DEBUG] iteration=4452, ncalls=23578, regioncalls=1038160, ndraw=40, logz=-11.85, remainder_fraction=1.4231%, Lmin=-5.02, Lmax=-4.77
19:15:01 [ultranest] [DEBUG] iteration=4453, ncalls=23583, regioncalls=1038520, ndraw=40, logz=-11.85, remainder_fraction=1.4196%, Lmin=-5.02, Lmax=-4.77
19:15:01 [ultranest] [DEBUG] iteration=4454, ncalls=23586, regioncalls=1038640, ndraw=40, logz=-11.85, remainder_fraction=1.4163%, Lmin=-5.02, Lmax=-4.77
19:15:01 [ultranest] [DEBUG] iteration=4455, ncalls=23590, regioncalls=1038800, ndraw=40, logz=-11.85, remainder_fraction=1.4131%, Lmin=-5.02, Lmax=-4.77
19:15:02 [ultranest] [DEBUG] iteration=4456, ncalls=23603, regioncalls=1039600, ndraw=40, logz=-11.85, remainder_fraction=1.4098%, Lmin=-5.02, Lmax=-4.77
19:15:02 [ultranest] [DEBUG] iteration=4457, ncalls=23606, regioncalls=1039880, ndraw=40, logz=-11.85, remainder_fraction=1.4065%, Lmin=-5.02, Lmax=-4.77
19:15:03 [ultranest] [DEBUG] iteration=4458, ncalls=23640, regioncalls=1043080, ndraw=40, logz=-11.85, remainder_fraction=1.4035%, Lmin=-5.02, Lmax=-4.77
19:15:04 [ultranest] [DEBUG] iteration=4459, ncalls=23651, regioncalls=1043520, ndraw=40, logz=-11.85, remainder_fraction=1.4003%, Lmin=-5.02, Lmax=-4.77
19:15:05 [ultranest] [DEBUG] iteration=4460, ncalls=23687, regioncalls=1046360, ndraw=40, logz=-11.85, remainder_fraction=1.3973%, Lmin=-5.02, Lmax=-4.77
19:15:05 [ultranest] [DEBUG] iteration=4461, ncalls=23694, regioncalls=1046680, ndraw=40, logz=-11.85, remainder_fraction=1.3943%, Lmin=-5.02, Lmax=-4.77
19:15:05 [ultranest] [DEBUG] iteration=4462, ncalls=23697, regioncalls=1046800, ndraw=40, logz=-11.85, remainder_fraction=1.3910%, Lmin=-5.02, Lmax=-4.77
19:15:05 [ultranest] [DEBUG] iteration=4464, ncalls=23704, regioncalls=1047120, ndraw=40, logz=-11.85, remainder_fraction=1.3843%, Lmin=-5.02, Lmax=-4.77
19:15:06 [ultranest] [DEBUG] iteration=4465, ncalls=23714, regioncalls=1048160, ndraw=40, logz=-11.85, remainder_fraction=1.3814%, Lmin=-5.02, Lmax=-4.77
19:15:07 [ultranest] [DEBUG] iteration=4468, ncalls=23748, regioncalls=1051440, ndraw=40, logz=-11.85, remainder_fraction=1.3722%, Lmin=-5.02, Lmax=-4.77
19:15:07 [ultranest] [DEBUG] iteration=4469, ncalls=23751, regioncalls=1051720, ndraw=40, logz=-11.85, remainder_fraction=1.3690%, Lmin=-5.02, Lmax=-4.77
19:15:08 [ultranest] [DEBUG] iteration=4470, ncalls=23779, regioncalls=1053880, ndraw=40, logz=-11.85, remainder_fraction=1.3657%, Lmin=-5.02, Lmax=-4.77
19:15:08 [ultranest] [DEBUG] iteration=4471, ncalls=23788, regioncalls=1055400, ndraw=40, logz=-11.85, remainder_fraction=1.3623%, Lmin=-5.02, Lmax=-4.77
19:15:09 [ultranest] [DEBUG] iteration=4472, ncalls=23799, regioncalls=1056400, ndraw=40, logz=-11.85, remainder_fraction=1.3592%, Lmin=-5.02, Lmax=-4.77
19:15:09 [ultranest] [DEBUG] iteration=4473, ncalls=23809, regioncalls=1057320, ndraw=40, logz=-11.85, remainder_fraction=1.3562%, Lmin=-5.02, Lmax=-4.77
19:15:11 [ultranest] [DEBUG] iteration=4474, ncalls=23860, regioncalls=1061120, ndraw=40, logz=-11.85, remainder_fraction=1.3531%, Lmin=-5.02, Lmax=-4.77
19:15:11 [ultranest] [DEBUG] iteration=4475, ncalls=23863, regioncalls=1061240, ndraw=40, logz=-11.85, remainder_fraction=1.3498%, Lmin=-5.02, Lmax=-4.77
19:15:11 [ultranest] [DEBUG] iteration=4477, ncalls=23871, regioncalls=1061680, ndraw=40, logz=-11.85, remainder_fraction=1.3433%, Lmin=-5.02, Lmax=-4.77
19:15:12 [ultranest] [DEBUG] iteration=4478, ncalls=23876, regioncalls=1061920, ndraw=40, logz=-11.85, remainder_fraction=1.3401%, Lmin=-5.02, Lmax=-4.77
19:15:13 [ultranest] [DEBUG] iteration=4479, ncalls=23905, regioncalls=1063640, ndraw=40, logz=-11.85, remainder_fraction=1.3371%, Lmin=-5.02, Lmax=-4.77
19:15:14 [ultranest] [DEBUG] iteration=4480, ncalls=23933, regioncalls=1065840, ndraw=40, logz=-11.85, remainder_fraction=1.3340%, Lmin=-5.02, Lmax=-4.77
19:15:14 [ultranest] [DEBUG] iteration=4482, ncalls=23944, regioncalls=1066640, ndraw=40, logz=-11.85, remainder_fraction=1.3278%, Lmin=-5.02, Lmax=-4.77
19:15:14 [ultranest] [DEBUG] iteration=4483, ncalls=23950, regioncalls=1066960, ndraw=40, logz=-11.85, remainder_fraction=1.3247%, Lmin=-5.02, Lmax=-4.77
19:15:15 [ultranest] [DEBUG] iteration=4484, ncalls=23963, regioncalls=1068320, ndraw=40, logz=-11.85, remainder_fraction=1.3215%, Lmin=-5.02, Lmax=-4.77
19:15:15 [ultranest] [DEBUG] iteration=4486, ncalls=23973, regioncalls=1069040, ndraw=40, logz=-11.85, remainder_fraction=1.3154%, Lmin=-5.02, Lmax=-4.77
19:15:15 [ultranest] [DEBUG] iteration=4487, ncalls=23978, regioncalls=1069320, ndraw=40, logz=-11.85, remainder_fraction=1.3123%, Lmin=-5.02, Lmax=-4.77
19:15:16 [ultranest] [DEBUG] iteration=4488, ncalls=23985, regioncalls=1069920, ndraw=40, logz=-11.85, remainder_fraction=1.3092%, Lmin=-5.02, Lmax=-4.77
19:15:16 [ultranest] [DEBUG] iteration=4489, ncalls=23988, regioncalls=1070040, ndraw=40, logz=-11.85, remainder_fraction=1.3065%, Lmin=-5.02, Lmax=-4.77
19:15:16 [ultranest] [DEBUG] iteration=4490, ncalls=23992, regioncalls=1070200, ndraw=40, logz=-11.85, remainder_fraction=1.3032%, Lmin=-5.02, Lmax=-4.77
19:15:16 [ultranest] [DEBUG] iteration=4491, ncalls=23995, regioncalls=1070320, ndraw=40, logz=-11.85, remainder_fraction=1.3001%, Lmin=-5.02, Lmax=-4.77
19:15:16 [ultranest] [DEBUG] iteration=4492, ncalls=24003, regioncalls=1070640, ndraw=40, logz=-11.85, remainder_fraction=1.2972%, Lmin=-5.02, Lmax=-4.77
19:15:17 [ultranest] [DEBUG] iteration=4494, ncalls=24020, regioncalls=1071520, ndraw=40, logz=-11.85, remainder_fraction=1.2911%, Lmin=-5.02, Lmax=-4.77
19:15:17 [ultranest] [DEBUG] iteration=4495, ncalls=24024, regioncalls=1072040, ndraw=40, logz=-11.85, remainder_fraction=1.2880%, Lmin=-5.02, Lmax=-4.77
19:15:17 [ultranest] [DEBUG] iteration=4496, ncalls=24032, regioncalls=1072520, ndraw=40, logz=-11.85, remainder_fraction=1.2852%, Lmin=-5.02, Lmax=-4.77
19:15:17 [ultranest] [DEBUG] iteration=4497, ncalls=24038, regioncalls=1072840, ndraw=40, logz=-11.85, remainder_fraction=1.2822%, Lmin=-5.02, Lmax=-4.77
19:15:18 [ultranest] [DEBUG] iteration=4498, ncalls=24060, regioncalls=1074680, ndraw=40, logz=-11.85, remainder_fraction=1.2792%, Lmin=-5.02, Lmax=-4.77
19:15:19 [ultranest] [DEBUG] iteration=4500, ncalls=24076, regioncalls=1075520, ndraw=40, logz=-11.85, remainder_fraction=1.2732%, Lmin=-5.01, Lmax=-4.77
19:15:19 [ultranest] [DEBUG] iteration=4501, ncalls=24083, regioncalls=1075960, ndraw=40, logz=-11.85, remainder_fraction=1.2701%, Lmin=-5.01, Lmax=-4.77
19:15:19 [ultranest] [DEBUG] iteration=4502, ncalls=24087, regioncalls=1076120, ndraw=40, logz=-11.85, remainder_fraction=1.2670%, Lmin=-5.01, Lmax=-4.77
19:15:20 [ultranest] [DEBUG] iteration=4503, ncalls=24093, regioncalls=1076360, ndraw=40, logz=-11.85, remainder_fraction=1.2639%, Lmin=-5.01, Lmax=-4.77
19:15:20 [ultranest] [DEBUG] iteration=4505, ncalls=24100, regioncalls=1076640, ndraw=40, logz=-11.85, remainder_fraction=1.2584%, Lmin=-5.01, Lmax=-4.77
19:15:20 [ultranest] [DEBUG] iteration=4506, ncalls=24112, regioncalls=1077120, ndraw=40, logz=-11.85, remainder_fraction=1.2553%, Lmin=-5.01, Lmax=-4.77
19:15:20 [ultranest] [DEBUG] iteration=4507, ncalls=24115, regioncalls=1077240, ndraw=40, logz=-11.85, remainder_fraction=1.2524%, Lmin=-5.01, Lmax=-4.77
19:15:21 [ultranest] [DEBUG] iteration=4509, ncalls=24127, regioncalls=1077720, ndraw=40, logz=-11.85, remainder_fraction=1.2468%, Lmin=-5.01, Lmax=-4.77
19:15:21 [ultranest] [DEBUG] iteration=4510, ncalls=24146, regioncalls=1078880, ndraw=40, logz=-11.85, remainder_fraction=1.2439%, Lmin=-5.01, Lmax=-4.77
19:15:22 [ultranest] [DEBUG] iteration=4511, ncalls=24149, regioncalls=1079000, ndraw=40, logz=-11.85, remainder_fraction=1.2409%, Lmin=-5.01, Lmax=-4.77
19:15:22 [ultranest] [DEBUG] iteration=4512, ncalls=24157, regioncalls=1079440, ndraw=40, logz=-11.85, remainder_fraction=1.2379%, Lmin=-5.01, Lmax=-4.77
19:15:22 [ultranest] [DEBUG] iteration=4513, ncalls=24161, regioncalls=1079600, ndraw=40, logz=-11.85, remainder_fraction=1.2349%, Lmin=-5.01, Lmax=-4.77
19:15:22 [ultranest] [DEBUG] iteration=4514, ncalls=24174, regioncalls=1080480, ndraw=40, logz=-11.85, remainder_fraction=1.2321%, Lmin=-5.01, Lmax=-4.77
19:15:23 [ultranest] [DEBUG] iteration=4515, ncalls=24177, regioncalls=1080600, ndraw=40, logz=-11.85, remainder_fraction=1.2294%, Lmin=-5.01, Lmax=-4.77
19:15:23 [ultranest] [DEBUG] iteration=4516, ncalls=24196, regioncalls=1081360, ndraw=40, logz=-11.85, remainder_fraction=1.2265%, Lmin=-5.01, Lmax=-4.77
19:15:24 [ultranest] [DEBUG] iteration=4517, ncalls=24204, regioncalls=1081680, ndraw=40, logz=-11.85, remainder_fraction=1.2235%, Lmin=-5.01, Lmax=-4.77
19:15:24 [ultranest] [DEBUG] iteration=4518, ncalls=24216, regioncalls=1082160, ndraw=40, logz=-11.85, remainder_fraction=1.2206%, Lmin=-5.01, Lmax=-4.77
19:15:24 [ultranest] [DEBUG] iteration=4519, ncalls=24221, regioncalls=1082360, ndraw=40, logz=-11.85, remainder_fraction=1.2179%, Lmin=-5.01, Lmax=-4.77
19:15:25 [ultranest] [DEBUG] iteration=4520, ncalls=24240, regioncalls=1083440, ndraw=40, logz=-11.85, remainder_fraction=1.2149%, Lmin=-5.01, Lmax=-4.77
19:15:26 [ultranest] [DEBUG] iteration=4521, ncalls=24257, regioncalls=1084320, ndraw=40, logz=-11.85, remainder_fraction=1.2122%, Lmin=-5.01, Lmax=-4.77
19:15:26 [ultranest] [DEBUG] iteration=4522, ncalls=24270, regioncalls=1084840, ndraw=40, logz=-11.85, remainder_fraction=1.2093%, Lmin=-5.01, Lmax=-4.77
19:15:26 [ultranest] [DEBUG] iteration=4524, ncalls=24279, regioncalls=1085200, ndraw=40, logz=-11.85, remainder_fraction=1.2039%, Lmin=-5.01, Lmax=-4.77
19:15:27 [ultranest] [DEBUG] iteration=4525, ncalls=24286, regioncalls=1085480, ndraw=40, logz=-11.85, remainder_fraction=1.2012%, Lmin=-5.01, Lmax=-4.77
19:15:27 [ultranest] [DEBUG] iteration=4527, ncalls=24294, regioncalls=1085840, ndraw=40, logz=-11.85, remainder_fraction=1.1954%, Lmin=-5.01, Lmax=-4.77
19:15:27 [ultranest] [DEBUG] iteration=4528, ncalls=24298, regioncalls=1086000, ndraw=40, logz=-11.85, remainder_fraction=1.1928%, Lmin=-5.01, Lmax=-4.77
19:15:27 [ultranest] [DEBUG] iteration=4529, ncalls=24302, regioncalls=1086160, ndraw=40, logz=-11.85, remainder_fraction=1.1900%, Lmin=-5.01, Lmax=-4.77
19:15:27 [ultranest] [DEBUG] iteration=4531, ncalls=24307, regioncalls=1086600, ndraw=40, logz=-11.85, remainder_fraction=1.1850%, Lmin=-5.01, Lmax=-4.77
19:15:28 [ultranest] [DEBUG] iteration=4532, ncalls=24320, regioncalls=1087120, ndraw=40, logz=-11.85, remainder_fraction=1.1821%, Lmin=-5.01, Lmax=-4.77
19:15:28 [ultranest] [DEBUG] iteration=4533, ncalls=24336, regioncalls=1087760, ndraw=40, logz=-11.85, remainder_fraction=1.1791%, Lmin=-5.01, Lmax=-4.77
19:15:28 [ultranest] [DEBUG] iteration=4534, ncalls=24339, regioncalls=1087880, ndraw=40, logz=-11.85, remainder_fraction=1.1767%, Lmin=-5.01, Lmax=-4.77
19:15:29 [ultranest] [DEBUG] iteration=4535, ncalls=24342, regioncalls=1088000, ndraw=40, logz=-11.85, remainder_fraction=1.1742%, Lmin=-5.01, Lmax=-4.77
19:15:29 [ultranest] [DEBUG] iteration=4537, ncalls=24346, regioncalls=1088160, ndraw=40, logz=-11.85, remainder_fraction=1.1688%, Lmin=-5.01, Lmax=-4.77
19:15:29 [ultranest] [DEBUG] iteration=4538, ncalls=24350, regioncalls=1088320, ndraw=40, logz=-11.85, remainder_fraction=1.1663%, Lmin=-5.01, Lmax=-4.77
19:15:29 [ultranest] [DEBUG] iteration=4540, ncalls=24354, regioncalls=1088480, ndraw=40, logz=-11.85, remainder_fraction=1.1608%, Lmin=-5.00, Lmax=-4.77
19:15:29 [ultranest] [DEBUG] iteration=4542, ncalls=24360, regioncalls=1088720, ndraw=40, logz=-11.85, remainder_fraction=1.1555%, Lmin=-5.00, Lmax=-4.77
19:15:30 [ultranest] [DEBUG] iteration=4544, ncalls=24368, regioncalls=1089120, ndraw=40, logz=-11.85, remainder_fraction=1.1501%, Lmin=-5.00, Lmax=-4.77
19:15:30 [ultranest] [DEBUG] iteration=4545, ncalls=24371, regioncalls=1089240, ndraw=40, logz=-11.85, remainder_fraction=1.1473%, Lmin=-5.00, Lmax=-4.77
19:15:30 [ultranest] [DEBUG] iteration=4546, ncalls=24384, regioncalls=1089760, ndraw=40, logz=-11.85, remainder_fraction=1.1448%, Lmin=-5.00, Lmax=-4.77
19:15:30 [ultranest] [DEBUG] iteration=4547, ncalls=24391, regioncalls=1090040, ndraw=40, logz=-11.85, remainder_fraction=1.1420%, Lmin=-5.00, Lmax=-4.77
19:15:31 [ultranest] [DEBUG] iteration=4548, ncalls=24396, regioncalls=1090240, ndraw=40, logz=-11.85, remainder_fraction=1.1394%, Lmin=-5.00, Lmax=-4.77
19:15:31 [ultranest] [DEBUG] iteration=4549, ncalls=24399, regioncalls=1090560, ndraw=40, logz=-11.85, remainder_fraction=1.1366%, Lmin=-5.00, Lmax=-4.77
19:15:31 [ultranest] [DEBUG] iteration=4550, ncalls=24402, regioncalls=1090680, ndraw=40, logz=-11.85, remainder_fraction=1.1339%, Lmin=-5.00, Lmax=-4.77
19:15:31 [ultranest] [DEBUG] iteration=4551, ncalls=24405, regioncalls=1090880, ndraw=40, logz=-11.85, remainder_fraction=1.1314%, Lmin=-5.00, Lmax=-4.77
19:15:31 [ultranest] [DEBUG] iteration=4552, ncalls=24409, regioncalls=1091040, ndraw=40, logz=-11.85, remainder_fraction=1.1287%, Lmin=-5.00, Lmax=-4.77
19:15:31 [ultranest] [DEBUG] iteration=4554, ncalls=24412, regioncalls=1091160, ndraw=40, logz=-11.85, remainder_fraction=1.1233%, Lmin=-5.00, Lmax=-4.77
19:15:31 [ultranest] [DEBUG] iteration=4557, ncalls=24421, regioncalls=1091600, ndraw=40, logz=-11.85, remainder_fraction=1.1154%, Lmin=-5.00, Lmax=-4.77
19:15:32 [ultranest] [DEBUG] iteration=4558, ncalls=24428, regioncalls=1091880, ndraw=40, logz=-11.84, remainder_fraction=1.1128%, Lmin=-5.00, Lmax=-4.77
19:15:32 [ultranest] [DEBUG] iteration=4560, ncalls=24435, regioncalls=1092240, ndraw=40, logz=-11.84, remainder_fraction=1.1074%, Lmin=-5.00, Lmax=-4.77
19:15:32 [ultranest] [DEBUG] iteration=4561, ncalls=24445, regioncalls=1092640, ndraw=40, logz=-11.84, remainder_fraction=1.1046%, Lmin=-5.00, Lmax=-4.77
19:15:33 [ultranest] [DEBUG] iteration=4562, ncalls=24456, regioncalls=1093080, ndraw=40, logz=-11.84, remainder_fraction=1.1019%, Lmin=-5.00, Lmax=-4.77
19:15:33 [ultranest] [DEBUG] iteration=4564, ncalls=24460, regioncalls=1093240, ndraw=40, logz=-11.84, remainder_fraction=1.0967%, Lmin=-5.00, Lmax=-4.77
19:15:33 [ultranest] [DEBUG] iteration=4565, ncalls=24466, regioncalls=1093600, ndraw=40, logz=-11.84, remainder_fraction=1.0941%, Lmin=-5.00, Lmax=-4.77
19:15:33 [ultranest] [DEBUG] iteration=4566, ncalls=24474, regioncalls=1094000, ndraw=40, logz=-11.84, remainder_fraction=1.0914%, Lmin=-5.00, Lmax=-4.77
19:15:34 [ultranest] [DEBUG] iteration=4568, ncalls=24478, regioncalls=1094160, ndraw=40, logz=-11.84, remainder_fraction=1.0864%, Lmin=-5.00, Lmax=-4.77
19:15:34 [ultranest] [DEBUG] iteration=4570, ncalls=24487, regioncalls=1094760, ndraw=40, logz=-11.84, remainder_fraction=1.0811%, Lmin=-5.00, Lmax=-4.77
19:15:34 [ultranest] [DEBUG] iteration=4571, ncalls=24493, regioncalls=1095000, ndraw=40, logz=-11.84, remainder_fraction=1.0785%, Lmin=-5.00, Lmax=-4.77
19:15:34 [ultranest] [DEBUG] iteration=4572, ncalls=24499, regioncalls=1095280, ndraw=40, logz=-11.84, remainder_fraction=1.0762%, Lmin=-5.00, Lmax=-4.77
19:15:35 [ultranest] [DEBUG] iteration=4573, ncalls=24514, regioncalls=1096080, ndraw=40, logz=-11.84, remainder_fraction=1.0737%, Lmin=-5.00, Lmax=-4.77
19:15:35 [ultranest] [DEBUG] iteration=4574, ncalls=24527, regioncalls=1096600, ndraw=40, logz=-11.84, remainder_fraction=1.0710%, Lmin=-5.00, Lmax=-4.77
19:15:36 [ultranest] [DEBUG] iteration=4575, ncalls=24533, regioncalls=1096840, ndraw=40, logz=-11.84, remainder_fraction=1.0684%, Lmin=-5.00, Lmax=-4.77
19:15:36 [ultranest] [DEBUG] iteration=4576, ncalls=24548, regioncalls=1097680, ndraw=40, logz=-11.84, remainder_fraction=1.0660%, Lmin=-5.00, Lmax=-4.77
19:15:36 [ultranest] [DEBUG] iteration=4577, ncalls=24551, regioncalls=1097800, ndraw=40, logz=-11.84, remainder_fraction=1.0635%, Lmin=-5.00, Lmax=-4.77
19:15:37 [ultranest] [DEBUG] iteration=4578, ncalls=24572, regioncalls=1098640, ndraw=40, logz=-11.84, remainder_fraction=1.0611%, Lmin=-5.00, Lmax=-4.77
19:15:37 [ultranest] [DEBUG] iteration=4579, ncalls=24587, regioncalls=1099720, ndraw=40, logz=-11.84, remainder_fraction=1.0587%, Lmin=-5.00, Lmax=-4.77
19:15:38 [ultranest] [DEBUG] iteration=4580, ncalls=24593, regioncalls=1099960, ndraw=40, logz=-11.84, remainder_fraction=1.0562%, Lmin=-5.00, Lmax=-4.77
19:15:38 [ultranest] [DEBUG] iteration=4581, ncalls=24610, regioncalls=1101000, ndraw=40, logz=-11.84, remainder_fraction=1.0536%, Lmin=-5.00, Lmax=-4.77
19:15:39 [ultranest] [DEBUG] iteration=4582, ncalls=24616, regioncalls=1101240, ndraw=40, logz=-11.84, remainder_fraction=1.0510%, Lmin=-5.00, Lmax=-4.77
19:15:39 [ultranest] [DEBUG] iteration=4583, ncalls=24619, regioncalls=1101360, ndraw=40, logz=-11.84, remainder_fraction=1.0487%, Lmin=-5.00, Lmax=-4.77
19:15:39 [ultranest] [DEBUG] iteration=4584, ncalls=24622, regioncalls=1101480, ndraw=40, logz=-11.84, remainder_fraction=1.0461%, Lmin=-5.00, Lmax=-4.77
19:15:39 [ultranest] [DEBUG] iteration=4585, ncalls=24631, regioncalls=1101840, ndraw=40, logz=-11.84, remainder_fraction=1.0438%, Lmin=-4.99, Lmax=-4.77
19:15:39 [ultranest] [DEBUG] iteration=4586, ncalls=24644, regioncalls=1102360, ndraw=40, logz=-11.84, remainder_fraction=1.0414%, Lmin=-4.99, Lmax=-4.77
19:15:40 [ultranest] [DEBUG] iteration=4587, ncalls=24649, regioncalls=1102560, ndraw=40, logz=-11.84, remainder_fraction=1.0392%, Lmin=-4.99, Lmax=-4.77
19:15:40 [ultranest] [DEBUG] iteration=4588, ncalls=24655, regioncalls=1102880, ndraw=40, logz=-11.84, remainder_fraction=1.0368%, Lmin=-4.99, Lmax=-4.77
19:15:40 [ultranest] [DEBUG] iteration=4589, ncalls=24669, regioncalls=1104320, ndraw=40, logz=-11.84, remainder_fraction=1.0344%, Lmin=-4.99, Lmax=-4.77
19:15:42 [ultranest] [DEBUG] iteration=4590, ncalls=24711, regioncalls=1106960, ndraw=40, logz=-11.84, remainder_fraction=1.0319%, Lmin=-4.99, Lmax=-4.77
19:15:42 [ultranest] [DEBUG] iteration=4592, ncalls=24715, regioncalls=1107120, ndraw=40, logz=-11.84, remainder_fraction=1.0272%, Lmin=-4.99, Lmax=-4.77
19:15:42 [ultranest] [DEBUG] iteration=4594, ncalls=24719, regioncalls=1107280, ndraw=40, logz=-11.84, remainder_fraction=1.0224%, Lmin=-4.99, Lmax=-4.77
19:15:43 [ultranest] [DEBUG] iteration=4596, ncalls=24730, regioncalls=1107880, ndraw=40, logz=-11.84, remainder_fraction=1.0175%, Lmin=-4.99, Lmax=-4.77
19:15:43 [ultranest] [DEBUG] iteration=4599, ncalls=24743, regioncalls=1109520, ndraw=40, logz=-11.84, remainder_fraction=1.0106%, Lmin=-4.99, Lmax=-4.77
19:15:44 [ultranest] [DEBUG] iteration=4600, ncalls=24754, regioncalls=1110680, ndraw=40, logz=-11.84, remainder_fraction=1.0083%, Lmin=-4.99, Lmax=-4.77
19:15:44 [ultranest] [DEBUG] iteration=4601, ncalls=24762, regioncalls=1111280, ndraw=40, logz=-11.84, remainder_fraction=1.0060%, Lmin=-4.99, Lmax=-4.77
19:15:44 [ultranest] [DEBUG] iteration=4602, ncalls=24773, regioncalls=1111760, ndraw=40, logz=-11.84, remainder_fraction=1.0035%, Lmin=-4.99, Lmax=-4.77
19:15:44 [ultranest] [DEBUG] iteration=4603, ncalls=24776, regioncalls=1111960, ndraw=40, logz=-11.84, remainder_fraction=1.0011%, Lmin=-4.99, Lmax=-4.77
19:15:44 [ultranest] [INFO] Explored until L=-5  
19:15:44 [ultranest] [INFO] Likelihood function evaluations: 24776
19:15:45 [ultranest] [INFO] Writing samples and results to disk ...
19:15:45 [ultranest] [INFO] Writing samples and results to disk ... done
19:15:45 [ultranest] [DEBUG] did a run_iter pass!
19:15:45 [ultranest] [INFO]   logZ = -11.84 +- 0.06645
19:15:45 [ultranest] [INFO] Effective samples strategy satisfied (ESS = 1876.4, need >1000)
19:15:45 [ultranest] [INFO] Posterior uncertainty strategy is satisfied (KL: 0.45+-0.06 nat, need <0.50 nat)
19:15:45 [ultranest] [INFO] Evidency uncertainty strategy is satisfied (dlogz=0.07, need <0.5)
19:15:45 [ultranest] [INFO]   logZ error budget: single: 0.12 bs:0.07 tail:0.01 total:0.07 required:<0.50
19:15:45 [ultranest] [INFO] done iterating.
