# dimensionless total lensed [l(l+1)/2pi] C_l's
# for l=2 to 2500, i.e. number of multipoles equal to 2499
#
# -> if you prefer output in CAMB/HealPix/LensPix units/order, set 'format' to 'camb' in input file
# -> if you don't want to see such a header, set 'headers' to 'no' in input file
# -> for CMB lensing (phi), these are C_l^phi-phi for the lensing potential.
#    Remember the conversion factors:
#    C_l^dd (deflection) = l(l+1) C_l^phi-phi
#    C_l^gg (shear/convergence) = 1/4 (l(l+1))^2 C_l^phi-phi
#
# 1:l     2:TT                     3:EE                     4:TE                     5:BB                     6:phiphi                 7:TPhi                   8:Ephi               
    2       2.809747062003e-10       6.342045043746e-15       5.437581590886e-13       4.064033479048e-15       8.160574133793e-09       4.631874388136e-10      -1.833351775222e-12 
    3       2.405303015055e-10       7.358813801225e-15       4.251191288494e-13       3.819587579629e-15       5.012603342137e-09       3.293574671315e-10      -1.385320940112e-12 
    4       2.224605064855e-10       6.250157612192e-15       3.526380335011e-13       3.087698248313e-15       3.471370415503e-09       2.497861714049e-10      -9.024346134849e-13 
    5       2.125773456747e-10       4.230644742012e-15       2.861672525585e-13       2.242351232575e-15       2.583027194106e-09       1.975151427230e-10      -4.967067030742e-13 
    6       2.062233400651e-10       2.477579320647e-15       2.238558078757e-13       1.515920563079e-15       2.012569496716e-09       1.607789357739e-10      -1.989522206619e-13 
    7       2.021343139094e-10       1.450610007227e-15       1.706146113158e-13       1.002188173347e-15       1.620123520462e-09       1.337993088494e-10      -1.038000080553e-14 
    8       1.995945118020e-10       1.033109976184e-15       1.291548726078e-13       7.023826771737e-16       1.336574164490e-09       1.133729464341e-10       8.444620775459e-14 
    9       1.980737493856e-10       9.299279305941e-16       9.998706977027e-14       5.736576091218e-16       1.123850077822e-09       9.750803031833e-11       1.093741476207e-13 
   10       1.972484188268e-10       9.328692587403e-16       8.186518111737e-14       5.623088458153e-16       9.594518394600e-10       8.488608578677e-11       9.063439914887e-14 
   11       1.969390427641e-10       9.706701486348e-16       7.243961359211e-14       6.222025889944e-16       8.212199701162e-10       7.545755293576e-11       5.256401679039e-14 
   12       1.970178780299e-10       1.043153478778e-15       6.898881436995e-14       7.207283187500e-16       7.177495717309e-10       6.675870085738e-11       1.251637909290e-14 
   13       1.973187883176e-10       1.154794825217e-15       6.906122125444e-14       8.387512705268e-16       6.327843373328e-10       5.966051294077e-11      -1.757083301989e-14 
   14       1.978563501201e-10       1.296554540586e-15       7.080046737320e-14       9.666561897981e-16       5.620762222849e-10       5.361346640314e-11      -3.341337552471e-14 
   15       1.985417341585e-10       1.457329598832e-15       7.292193510878e-14       1.100844590302e-15       5.025482608250e-10       4.832465108280e-11      -3.597147092107e-14 
   16       1.993349330477e-10       1.635506970749e-15       7.477288005250e-14       1.240052786841e-15       4.519238275725e-10       4.382986128276e-11      -2.915238892890e-14 
   17       2.002361906109e-10       1.836373835007e-15       7.619091254409e-14       1.384114429368e-15       4.084865366929e-10       3.997918601357e-11      -1.823213877250e-14 
   18       2.012128792910e-10       2.064396363070e-15       7.737906332829e-14       1.533188456267e-15       3.707813199326e-10       3.658963284281e-11      -8.057840371598e-15 
   19       2.022863036450e-10       2.319322364274e-15       7.855298994799e-14       1.687150500043e-15       3.382004263746e-10       3.360437612923e-11      -1.133773825517e-15 
   20       2.033974740955e-10       2.598821668978e-15       7.987786432926e-14       1.845848122940e-15       3.095025318574e-10       3.093401279623e-11       9.478710553494e-16 
   21       2.045629833896e-10       2.902334125130e-15       8.130037871760e-14       2.009089944164e-15       2.842367232971e-10       2.857543955711e-11      -1.153858694031e-15 
   22       2.057672292692e-10       3.229659014875e-15       8.263394198708e-14       2.176685751264e-15       2.617951719801e-10       2.650824368999e-11      -5.604769036406e-15 
   23       2.070212268486e-10       3.581089830970e-15       8.362807616818e-14       2.348332706264e-15       2.418778123855e-10       2.466934520854e-11      -1.061673137051e-14 
   24       2.083048461951e-10       3.956926188806e-15       8.396158531103e-14       2.523720016259e-15       2.240302541522e-10       2.296626974359e-11      -1.432524701726e-14 
   25       2.096214634604e-10       4.357300868514e-15       8.332340801957e-14       2.702656376083e-15       2.080106710015e-10       2.140977746985e-11      -1.599636960439e-14 
   26       2.109570068311e-10       4.782411821945e-15       8.142377644630e-14       2.884989377991e-15       1.935058252492e-10       2.002614732679e-11      -1.541501974432e-14 
   27       2.123307225600e-10       5.233550237406e-15       7.822953594350e-14       3.070452160695e-15       1.804406729452e-10       1.880237329340e-11      -1.316131087994e-14 
   28       2.137415152764e-10       5.712526794626e-15       7.382034143707e-14       3.258740114151e-15       1.686570396728e-10       1.769216340922e-11      -1.030363305320e-14 
   29       2.151615356417e-10       6.221165920844e-15       6.830645348781e-14       3.449547723915e-15       1.578689889486e-10       1.663791409994e-11      -8.014346613785e-15 
   30       2.166009163834e-10       6.760348028931e-15       6.174791504005e-14       3.642584531495e-15       1.480171351584e-10       1.564350752016e-11      -6.630552679135e-15 
   31       2.180617850584e-10       7.330578498149e-15       5.420727726037e-14       3.837565472109e-15       1.390284186715e-10       1.472826930132e-11      -6.229441350245e-15 
   32       2.195301972909e-10       7.932310902539e-15       4.573879424614e-14       4.034201053369e-15       1.307607184188e-10       1.390433909804e-11      -6.791965672881e-15 
   33       2.210180842526e-10       8.566273417204e-15       3.627280976541e-14       4.232176772038e-15       1.231690709203e-10       1.316450318198e-11      -7.949968155744e-15 
   34       2.225325234280e-10       9.233252687759e-15       2.568698045579e-14       4.431165511198e-15       1.161863210012e-10       1.248838025549e-11      -9.130833586096e-15 
   35       2.240689477504e-10       9.933984992966e-15       1.385408790443e-14       4.630853816750e-15       1.097086281309e-10       1.185199756729e-11      -9.764042724001e-15 
   36       2.256327895790e-10       1.066908421469e-14       7.104400655681e-16       4.831016066113e-15       1.037192257509e-10       1.125337071787e-11      -9.806025676934e-15 
   37       2.272223918468e-10       1.143908157201e-14      -1.379022256881e-14       5.031467302373e-15       9.819938341062e-11       1.069489108344e-11      -9.394224048772e-15 
   38       2.288213149590e-10       1.224443824379e-14      -2.969504671809e-14       5.232045501580e-15       9.309098891649e-11       1.017619078113e-11      -8.712388280069e-15 
   39       2.304081661323e-10       1.308557619857e-14      -4.703744911682e-14       5.432578706218e-15       8.831751727610e-11       9.694780753906e-12      -7.962032682208e-15 
   40       2.319938552044e-10       1.396299563513e-14      -6.578688303231e-14       5.632769297492e-15       8.386437690113e-11       9.248912123546e-12      -7.256864404650e-15 
   41       2.335944711828e-10       1.487718911845e-14      -8.588220833056e-14       5.832272771025e-15       7.971987716917e-11       8.835218776655e-12      -6.698018802844e-15 
   42       2.352203520825e-10       1.582860685278e-14      -1.072440327774e-13       6.030727589185e-15       7.585125383549e-11       8.447672624878e-12      -6.403816649624e-15 
   43       2.368767381603e-10       1.681763951236e-14      -1.298004899558e-13       6.227783861133e-15       7.221679233202e-11       8.079517145603e-12      -6.472096018316e-15 
   44       2.385675744574e-10       1.784456589607e-14      -1.535764821365e-13       6.423202740897e-15       6.881091030833e-11       7.730293616935e-12      -6.850928012986e-15 
   45       2.402917558463e-10       1.890958499537e-14      -1.786306242293e-13       6.616786121081e-15       6.563014680469e-11       7.400646248099e-12      -7.429186769262e-15 
   46       2.420413284650e-10       2.001282621037e-14      -2.050316129322e-13       6.808350257474e-15       6.265962610575e-11       7.090290953246e-12      -8.070206390496e-15 
   47       2.438008995091e-10       2.115434606923e-14      -2.328589467391e-13       6.997726527442e-15       5.987216772043e-11       6.797938140323e-12      -8.610285696940e-15 
   48       2.455543207058e-10       2.233416008902e-14      -2.621864823102e-13       7.184746326371e-15       5.723665593230e-11       6.521822288826e-12      -8.902687630831e-15 
   49       2.473083437131e-10       2.355235663347e-14      -2.930259423586e-13       7.369188952863e-15       5.474801501478e-11       6.261647368336e-12      -8.967792858643e-15 
   50       2.490746188439e-10       2.480900951380e-14      -3.253687203818e-13       7.550820336021e-15       5.240415450754e-11       6.017057152242e-12      -8.882703621931e-15 
   51       2.508627898672e-10       2.610414419841e-14      -3.592015020928e-13       7.729407565162e-15       5.019704006247e-11       5.787031194136e-12      -8.740250150032e-15 
   52       2.526802749060e-10       2.743773632512e-14      -3.945061097311e-13       7.904718838929e-15       4.811227585059e-11       5.569838575294e-12      -8.649816565144e-15 
   53       2.545322555969e-10       2.880971783340e-14      -4.312665982517e-13       8.076536440051e-15       4.613362606577e-11       5.363551998879e-12      -8.710261924286e-15 
   54       2.564221456461e-10       3.022000063671e-14      -4.694930445125e-13       8.244699693678e-15       4.425890567022e-11       5.167851738892e-12      -8.918607425377e-15 
   55       2.583508608953e-10       3.166845644450e-14      -5.092036039640e-13       8.409072966791e-15       4.248744803561e-11       4.982604952275e-12      -9.239308203010e-15 
   56       2.603164159726e-10       3.315490853320e-14      -5.504179392545e-13       8.569534093569e-15       4.081531775081e-11       4.807323689867e-12      -9.629766554792e-15 
   57       2.623137139221e-10       3.467913057805e-14      -5.931573686039e-13       8.725974870658e-15       3.923510011880e-11       4.641142138507e-12      -1.003998783121e-14 
   58       2.643343358340e-10       3.624084548484e-14      -6.374450141771e-13       8.878301552427e-15       3.773569065363e-11       4.482793863136e-12      -1.041223632546e-14 
   59       2.663698688647e-10       3.783966623677e-14      -6.832966646313e-13       9.026425225048e-15       3.630535204485e-11       4.330974760149e-12      -1.069395591125e-14 
   60       2.684232705968e-10       3.947490504633e-14      -7.306905478203e-13       9.170229193456e-15       3.494219214956e-11       4.185582032925e-12      -1.088081739595e-14 
   61       2.704997767138e-10       4.114571773940e-14      -7.795907881663e-13       9.309594882511e-15       3.364575159234e-11       4.046723233305e-12      -1.098307764512e-14 
   62       2.726035060791e-10       4.285115477356e-14      -8.299559122771e-13       9.444411441335e-15       3.241385254149e-11       3.914346363559e-12      -1.101329719921e-14 
   63       2.747373703126e-10       4.459015810425e-14      -8.817386825461e-13       9.574575895480e-15       3.124249896762e-11       3.788230193447e-12      -1.098644581591e-14 
   64       2.769029833655e-10       4.636155805104e-14      -9.348859307525e-13       9.699993299102e-15       3.012577690214e-11       3.667974577280e-12      -1.092000801251e-14 
   65       2.791013398286e-10       4.816417740516e-14      -9.893489893344e-13       9.820574601274e-15       2.905748643541e-11       3.553122497452e-12      -1.083063608641e-14 
   66       2.813352199295e-10       4.999717641768e-14      -1.045117926669e-12       9.936229377935e-15       2.803666346824e-11       3.443577985905e-12      -1.072304824065e-14 
   67       2.836071337357e-10       5.185977548781e-14      -1.102194286200e-12       1.004687182817e-14       2.706305253005e-11       3.339259663574e-12      -1.059896099310e-14 
   68       2.859185297317e-10       5.375115423697e-14      -1.160581256143e-12       1.015242301081e-14       2.613542788476e-11       3.239970937629e-12      -1.046034303231e-14 
   69       2.882697258984e-10       5.567045137472e-14      -1.220283799528e-12       1.025281093269e-14       2.525154222960e-11       3.145394003197e-12      -1.030942418586e-14 
   70       2.906598407910e-10       5.761676456476e-14      -1.281308784231e-12       1.034797063685e-14       2.440807539394e-11       3.055083845072e-12      -1.014870438858e-14 
   71       2.930867246183e-10       5.958915029087e-14      -1.343665113021e-12       1.043784429078e-14       2.360058303813e-11       2.968462239434e-12      -9.980962650912e-15 
   72       2.955481566353e-10       6.158657832060e-14      -1.407355473240e-12       1.052238331412e-14       2.282463993044e-11       2.884964002861e-12      -9.809007927263e-15 
   73       2.980458565670e-10       6.360778527502e-14      -1.472349463496e-12       1.060155503846e-14       2.207963784223e-11       2.804521568671e-12      -9.634856429053e-15 
   74       3.005821222109e-10       6.565139257863e-14      -1.538605519627e-12       1.067533749129e-14       2.136562734350e-11       2.727163018211e-12      -9.460411868834e-15 
   75       3.031585920173e-10       6.771594822041e-14      -1.606078777747e-12       1.074371760229e-14       2.068216419881e-11       2.652865595622e-12      -9.287712591544e-15 
   76       3.057762050796e-10       6.979992558332e-14      -1.674721012951e-12       1.080669133813e-14       2.002828533961e-11       2.581553185527e-12      -9.118934650109e-15 
   77       3.084351611242e-10       7.190172227358e-14      -1.744480578025e-12       1.086426383730e-14       1.940248483650e-11       2.513093790703e-12      -8.956394881045e-15 
   78       3.111348805002e-10       7.401965895010e-14      -1.815302342149e-12       1.091644954484e-14       1.880268987156e-11       2.447297009769e-12      -8.802553980059e-15 
   79       3.138739641696e-10       7.615197815385e-14      -1.887127629603e-12       1.096327234718e-14       1.822623671064e-11       2.383911514864e-12      -8.660019577653e-15 
   80       3.166510238541e-10       7.829690437544e-14      -1.959899384284e-12       1.100476080720e-14       1.767053235295e-11       2.322689668416e-12      -8.530937425820e-15 
   81       3.194674265278e-10       8.045283884670e-14      -2.033578830997e-12       1.104093261981e-14       1.713522467075e-11       2.263599845913e-12      -8.415036429146e-15 
   82       3.223249557425e-10       8.261819659920e-14      -2.108131609321e-12       1.107180769028e-14       1.662036705074e-11       2.206646554488e-12      -8.311248126945e-15 
   83       3.252249602761e-10       8.479134819463e-14      -2.183522839727e-12       1.109741283756e-14       1.612575503583e-11       2.151805309614e-12      -8.218280298599e-15 
   84       3.281683302367e-10       8.697061968829e-14      -2.259717159062e-12       1.111778183832e-14       1.565091499507e-11       2.099021356102e-12      -8.134608707887e-15 
   85       3.311554731668e-10       8.915429259246e-14      -2.336678756029e-12       1.113295547103e-14       1.519509279378e-11       2.048208389101e-12      -8.058468847312e-15 
   86       3.341862901468e-10       9.134060383985e-14      -2.414371406664e-12       1.114298156004e-14       1.475724246350e-11       1.999247275091e-12      -7.987847682426e-15 
   87       3.372601518993e-10       9.352774574700e-14      -2.492758509821e-12       1.114791501959e-14       1.433601487206e-11       1.951984772884e-12      -7.920475396154e-15 
   88       3.403758748928e-10       9.571386597771e-14      -2.571803122649e-12       1.114781789791e-14       1.392974639357e-11       1.906232254621e-12      -7.853817133124e-15 
   89       3.435322968026e-10       9.789708877917e-14      -2.651465784014e-12       1.114275729951e-14       1.353685512467e-11       1.861812501486e-12      -7.785648763025e-15 
   90       3.467301584332e-10       1.000755825878e-13      -2.731697516113e-12       1.113279868274e-14       1.315712545975e-11       1.818711291506e-12      -7.715905674244e-15 
   91       3.499704743556e-10       1.022475030104e-13      -2.812445785302e-12       1.111801158711e-14       1.279060508673e-11       1.776947345123e-12      -7.645110134605e-15 
   92       3.532539451217e-10       1.044109727738e-13      -2.893656618738e-12       1.109847167354e-14       1.243721022795e-11       1.736525816343e-12      -7.573813576584e-15 
   93       3.565809423473e-10       1.065640820072e-13      -2.975274606718e-12       1.107426073664e-14       1.209672041568e-11       1.697437733956e-12      -7.502597090983e-15 
   94       3.599514937955e-10       1.087048885237e-13      -3.057242905022e-12       1.104546671696e-14       1.176877326777e-11       1.659659442751e-12      -7.432071920606e-15 
   95       3.633652684596e-10       1.108314181031e-13      -3.139503237250e-12       1.101218371329e-14       1.145285926319e-11       1.623152044738e-12      -7.362879953935e-15 
   96       3.668215616460e-10       1.129416647735e-13      -3.221995897167e-12       1.097451199491e-14       1.114831651766e-11       1.587860840362e-12      -7.295694218799e-15 
   97       3.703192800576e-10       1.150335910936e-13      -3.304659751043e-12       1.093255801387e-14       1.085432555919e-11       1.553714769722e-12      -7.231219376056e-15 
   98       3.738569268766e-10       1.171051284349e-13      -3.387432239992e-12       1.088643441725e-14       1.056990410373e-11       1.520625853791e-12      -7.170192213264e-15 
   99       3.774330670853e-10       1.191542246728e-13      -3.470250596178e-12       1.083625586501e-14       1.029413218986e-11       1.488510026254e-12      -7.113188854577e-15 
  100       3.810478308760e-10       1.211789943582e-13      -3.553055682935e-12       1.078212578095e-14       1.002687526157e-11       1.457354203669e-12      -7.060014165320e-15 
  101       3.847015964659e-10       1.231775904397e-13      -3.635788705445e-12       1.072414773916e-14       9.768154275071e-12       1.427157721360e-12      -7.010226376586e-15 
  102       3.883945198756e-10       1.251481595978e-13      -3.718390062240e-12       1.066242945305e-14       9.517922075201e-12       1.397911494602e-12      -6.963320827560e-15 
  103       3.921265258335e-10       1.270888431015e-13      -3.800799362252e-12       1.059708273669e-14       9.276060963300e-12       1.369597719113e-12      -6.918728116348e-15 
  104       3.958972986798e-10       1.289977776654e-13      -3.882955441872e-12       1.052822346633e-14       9.042380265013e-12       1.342189571558e-12      -6.875812250829e-15 
  105       3.997062732707e-10       1.308730963065e-13      -3.964796382000e-12       1.045597154174e-14       8.816613898108e-12       1.315650910043e-12      -6.833868799488e-15 
  106       4.035526258824e-10       1.327129292006e-13      -4.046259525103e-12       1.038045084772e-14       8.598417940304e-12       1.289935974615e-12      -6.792123042264e-15 
  107       4.074352651154e-10       1.345154045392e-13      -4.127281492266e-12       1.030178921547e-14       8.387368197084e-12       1.264989087759e-12      -6.749728121382e-15 
  108       4.113528227985e-10       1.362786493867e-13      -4.207798200252e-12       1.022011838406e-14       8.182957769517e-12       1.240744354901e-12      -6.705763192204e-15 
  109       4.153036448929e-10       1.380007905365e-13      -4.287744878547e-12       1.013557396185e-14       7.984594622081e-12       1.217125364898e-12      -6.659231574063e-15 
  110       4.192861543853e-10       1.396799997254e-13      -4.367056339016e-12       1.004829163038e-14       7.791735050988e-12       1.194062628940e-12      -6.609278817523e-15 
  111       4.233000122653e-10       1.413146340138e-13      -4.445667787468e-12       9.958395286673e-15       7.604308720885e-12       1.171549076370e-12      -6.555882592317e-15 
  112       4.273450887968e-10       1.429031150579e-13      -4.523514148347e-12       9.866007304166e-15       7.422343725033e-12       1.149591133667e-12      -6.499248040260e-15 
  113       4.314210994332e-10       1.444438876366e-13      -4.600529840741e-12       9.771252079960e-15       7.245834463306e-12       1.128191497197e-12      -6.439596059908e-15 
  114       4.355275993775e-10       1.459354209440e-13      -4.676648797920e-12       9.674255959313e-15       7.074740545638e-12       1.107349008043e-12      -6.377163618742e-15 
  115       4.396639781426e-10       1.473762098822e-13      -4.751804486869e-12       9.575147160145e-15       6.908985695481e-12       1.087058526837e-12      -6.312204065349e-15 
  116       4.438294541107e-10       1.487647763542e-13      -4.825929927827e-12       9.474055697535e-15       6.748456653250e-12       1.067310808592e-12      -6.244987441602e-15 
  117       4.480230690940e-10       1.500996705562e-13      -4.898957713824e-12       9.371113308225e-15       6.593002079780e-12       1.048092377534e-12      -6.175800794843e-15 
  118       4.522436828942e-10       1.513794722707e-13      -4.970820030218e-12       9.266453375121e-15       6.442431459774e-12       1.029385401931e-12      -6.104948490064e-15 
  119       4.564899678630e-10       1.526027921589e-13      -5.041448674229e-12       9.160210851797e-15       6.296514005255e-12       1.011167568926e-12      -6.032752522090e-15 
  120       4.607604034617e-10       1.537682730538e-13      -5.110775074479e-12       9.052522186988e-15       6.154977559018e-12       9.934119593667e-13      -5.959552827762e-15 
  121       4.650532708216e-10       1.548745912525e-13      -5.178730310531e-12       8.943525249102e-15       6.017507498085e-12       9.760869226410e-13      -5.885707598112e-15 
  122       4.693666473037e-10       1.559204578092e-13      -5.245245132417e-12       8.833359250712e-15       5.883745637149e-12       9.591559515036e-13      -5.811593590554e-15 
  123       4.736986923517e-10       1.569046635560e-13      -5.310250885161e-12       8.722161220824e-15       5.753367525587e-12       9.425860397711e-13      -5.737544708774e-15 
  124       4.780485538212e-10       1.578262172688e-13      -5.373682360949e-12       8.610055123583e-15       5.626326729101e-12       9.263741091971e-13      -5.663659087838e-15 
  125       4.824155560042e-10       1.586842258845e-13      -5.435475312965e-12       8.497161341396e-15       5.502636675756e-12       9.105233968125e-13      -5.589970331791e-15 
  126       4.867989145462e-10       1.594778538142e-13      -5.495565606143e-12       8.383599913602e-15       5.382294301203e-12       8.950351861656e-13      -5.516507089157e-15 
  127       4.911977332985e-10       1.602063245797e-13      -5.553889243825e-12       8.269490433812e-15       5.265279568922e-12       8.799087488950e-13      -5.443292879420e-15 
  128       4.956110011697e-10       1.608689224510e-13      -5.610382394418e-12       8.154951947249e-15       5.151554990455e-12       8.651412863027e-13      -5.370345919510e-15 
  129       5.000375889778e-10       1.614649940821e-13      -5.664981418051e-12       8.040102848086e-15       5.041065145650e-12       8.507278709271e-13      -5.297678950285e-15 
  130       5.044762463022e-10       1.619939501486e-13      -5.717622893232e-12       7.925060776787e-15       4.933736202894e-12       8.366613881160e-13      -5.225299063014e-15 
  131       5.089255983351e-10       1.624552669839e-13      -5.768243643507e-12       7.809942517448e-15       4.829475439351e-12       8.229324775996e-13      -5.153207525858e-15 
  132       5.133841427338e-10       1.628484882162e-13      -5.816780764113e-12       7.694863895132e-15       4.728170761203e-12       8.095294750635e-13      -5.081399610358e-15 
  133       5.178502464724e-10       1.631732264052e-13      -5.863171648638e-12       7.579939673215e-15       4.629690223887e-12       7.964383537216e-13      -5.009864417915e-15 
  134       5.223221426938e-10       1.634291646791e-13      -5.907354015676e-12       7.465283450719e-15       4.533881552331e-12       7.836426658894e-13      -4.938584706273e-15 
  135       5.267979275612e-10       1.636160583708e-13      -5.949265935488e-12       7.351007559657e-15       4.440571661195e-12       7.711234845567e-13      -4.867536716005e-15 
  136       5.312755571106e-10       1.637337366552e-13      -5.988845856653e-12       7.237222962370e-15       4.349566175107e-12       7.588593449606e-13      -4.796689996992e-15 
  137       5.357530735941e-10       1.637821247400e-13      -6.026033406616e-12       7.124037644723e-15       4.260690673443e-12       7.468312102802e-13      -4.726023819461e-15 
  138       5.402293176110e-10       1.637613095657e-13      -6.060771830382e-12       7.011551825342e-15       4.173920257139e-12       7.350380723316e-13      -4.655578691009e-15 
  139       5.447032840417e-10       1.636714840395e-13      -6.093005855890e-12       6.899862053676e-15       4.089262542116e-12       7.234828619551e-13      -4.585409866340e-15 
  140       5.491738974919e-10       1.635129288412e-13      -6.122680974049e-12       6.789062558498e-15       4.006716924799e-12       7.121675434512e-13      -4.515571173416e-15 
  141       5.536400106009e-10       1.632860141911e-13      -6.149743470305e-12       6.679245135692e-15       3.926274367192e-12       7.010930880428e-13      -4.446114945210e-15 
  142       5.581004023503e-10       1.629912016168e-13      -6.174140456212e-12       6.570499036052e-15       3.847917181946e-12       6.902594473369e-13      -4.377091951454e-15 
  143       5.625537763724e-10       1.626290457205e-13      -6.195819900998e-12       6.462910853067e-15       3.771618817433e-12       6.796655267869e-13      -4.308551330383e-15 
  144       5.669987592588e-10       1.622001959463e-13      -6.214730663135e-12       6.356564410722e-15       3.697343642817e-12       6.693091591548e-13      -4.240540520488e-15 
  145       5.714338988686e-10       1.617053983474e-13      -6.230822521910e-12       6.251540651284e-15       3.625046733126e-12       6.591870779729e-13      -4.173105192263e-15 
  146       5.758576626374e-10       1.611454973533e-13      -6.244046208993e-12       6.147917523098e-15       3.554673654323e-12       6.492948910062e-13      -4.106289179954e-15 
  147       5.802684358854e-10       1.605214375370e-13      -6.254353440003e-12       6.045769868378e-15       3.486160248379e-12       6.396270537143e-13      -4.040134413307e-15 
  148       5.846645201260e-10       1.598342653821e-13      -6.261696946083e-12       5.945169310998e-15       3.419432418341e-12       6.301768427134e-13      -3.974680849315e-15 
  149       5.890441313743e-10       1.590851310505e-13      -6.266030505464e-12       5.846184144291e-15       3.354405913408e-12       6.209363292386e-13      -3.909966403970e-15 
  150       5.934053984557e-10       1.582752901490e-13      -6.267308975034e-12       5.748879218832e-15       3.290986114001e-12       6.118963526057e-13      -3.846026884009e-15 
  151       5.977463613144e-10       1.574061054969e-13      -6.265488321911e-12       5.653315830240e-15       3.229067816833e-12       6.030464936734e-13      -3.782895918664e-15 
  152       6.020649693216e-10       1.564790488931e-13      -6.260525655009e-12       5.559551606964e-15       3.168535019984e-12       5.943750483054e-13      -3.720604891406e-15 
  153       6.063592651298e-10       1.554956783038e-13      -6.252379873365e-12       5.467641975861e-15       3.109284905629e-12       5.858714351148e-13      -3.659174386533e-15 
  154       6.106279590206e-10       1.544575633208e-13      -6.241013612480e-12       5.377644948333e-15       3.051302748566e-12       5.775337263396e-13      -3.598587778058e-15 
  155       6.148699049584e-10       1.533663561128e-13      -6.226391539897e-12       5.289616567134e-15       2.994593592097e-12       5.693617695254e-13      -3.538815044692e-15 
  156       6.190839191020e-10       1.522238170105e-13      -6.208479789123e-12       5.203609265260e-15       2.939158585128e-12       5.613548021240e-13      -3.479820923862e-15 
  157       6.232687790584e-10       1.510318161486e-13      -6.187245994336e-12       5.119671761777e-15       2.884994890480e-12       5.535114373539e-13      -3.421564800256e-15 
  158       6.274232231358e-10       1.497923351079e-13      -6.162659325099e-12       5.037848957652e-15       2.832095593202e-12       5.458296500588e-13      -3.364000594349e-15 
  159       6.315459495976e-10       1.485074685575e-13      -6.134690521069e-12       4.958181831578e-15       2.780449608874e-12       5.383067625686e-13      -3.307076650944e-15 
  160       6.356356159153e-10       1.471794258964e-13      -6.103311926704e-12       4.880707335803e-15       2.730041591919e-12       5.309394305582e-13      -3.250735627698e-15 
  161       6.396908380224e-10       1.458105328961e-13      -6.068497525976e-12       4.805458291961e-15       2.680851843913e-12       5.237236289078e-13      -3.194914383662e-15 
  162       6.437101895679e-10       1.444032333422e-13      -6.030222977082e-12       4.732463286894e-15       2.632856221891e-12       5.166546375621e-13      -3.139543867815e-15 
  163       6.476922011695e-10       1.429600906767e-13      -5.988465647152e-12       4.661746568487e-15       2.586026046659e-12       5.097270273906e-13      -3.084549007593e-15 
  164       6.516353596671e-10       1.414837896400e-13      -5.943204646959e-12       4.593327941490e-15       2.540328011100e-12       5.029346460471e-13      -3.029848597428e-15 
  165       6.555381073765e-10       1.399771379125e-13      -5.894420865632e-12       4.527222663351e-15       2.495724088488e-12       4.962706038293e-13      -2.975355187280e-15 
  166       6.593988413427e-10       1.384430677575e-13      -5.842097005362e-12       4.463441340041e-15       2.452171440790e-12       4.897272595387e-13      -2.920974971171e-15 
  167       6.632159125933e-10       1.368846376625e-13      -5.786217616115e-12       4.401989821883e-15       2.409622326982e-12       4.832962063402e-13      -2.866607675720e-15 
  168       6.669876253924e-10       1.353050339816e-13      -5.726769130342e-12       4.342869099382e-15       2.368024011351e-12       4.769682576219e-13      -2.812146448675e-15 
  169       6.707122364934e-10       1.337075725771e-13      -5.663739897687e-12       4.286075199050e-15       2.327318671812e-12       4.707334328551e-13      -2.757477747449e-15 
  170       6.743879543931e-10       1.320957004624e-13      -5.597120219700e-12       4.231599079234e-15       2.287443308209e-12       4.645809434536e-13      -2.702481227652e-15 
  171       6.780130820900e-10       1.304728906164e-13      -5.526902210896e-12       4.179432337137e-15       2.248342487714e-12       4.585015496310e-13      -2.647058581592e-15 
  172       6.815864602810e-10       1.288423131496e-13      -5.453079296265e-12       4.129585081940e-15       2.210007965511e-12       4.524948811014e-13      -2.591222985473e-15 
  173       6.851070598607e-10       1.272071397388e-13      -5.375646738183e-12       4.082069359281e-15       2.172442207407e-12       4.465627025326e-13      -2.535016931525e-15 
  174       6.885738415825e-10       1.255706491830e-13      -5.294601840034e-12       4.036893394347e-15       2.135645811093e-12       4.407065930602e-13      -2.478483955982e-15 
  175       6.919857558977e-10       1.239362286091e-13      -5.209943980214e-12       3.994061511420e-15       2.099617466829e-12       4.349279418211e-13      -2.421668645729e-15 
  176       6.953417427945e-10       1.223073746787e-13      -5.121674646132e-12       3.953574053407e-15       2.064353918130e-12       4.292279434864e-13      -2.364616644946e-15 
  177       6.986407316368e-10       1.206876947939e-13      -5.029797468209e-12       3.915427301381e-15       2.029849922447e-12       4.236075937952e-13      -2.307374661765e-15 
  178       7.018816410032e-10       1.190809083036e-13      -4.934318253885e-12       3.879613394119e-15       1.996098211852e-12       4.180676850878e-13      -2.249990474910e-15 
  179       7.050633785264e-10       1.174908477097e-13      -4.835245021615e-12       3.846120247638e-15       1.963089453721e-12       4.126088018387e-13      -2.192512940355e-15 
  180       7.081848407313e-10       1.159214598734e-13      -4.732588034874e-12       3.814931474733e-15       1.930812211420e-12       4.072313161903e-13      -2.134991997965e-15 
  181       7.112449128750e-10       1.143768072210e-13      -4.626359836159e-12       3.786026304516e-15       1.899252904987e-12       4.019353834863e-13      -2.077478678151e-15 
  182       7.142424687849e-10       1.128610689507e-13      -4.516575280988e-12       3.759379501951e-15       1.868395771817e-12       3.967209378044e-13      -2.020025108514e-15 
  183       7.171763706982e-10       1.113785422381e-13      -4.403251571903e-12       3.734961287394e-15       1.838222827345e-12       3.915876874906e-13      -1.962684520497e-15 
  184       7.200454691006e-10       1.099336434431e-13      -4.286408292472e-12       3.712737256129e-15       1.808713825730e-12       3.865351106915e-13      -1.905511256034e-15 
  185       7.228486025655e-10       1.085309093154e-13      -4.166067441292e-12       3.692668297907e-15       1.779846220540e-12       3.815624508883e-13      -1.848560774197e-15 
  186       7.255845975926e-10       1.071749982012e-13      -4.042253465987e-12       3.674710516480e-15       1.751595125435e-12       3.766687124300e-13      -1.791889657846e-15 
  187       7.282522684474e-10       1.058706912492e-13      -3.914993297211e-12       3.658815149146e-15       1.723933274850e-12       3.718526560666e-13      -1.735555620277e-15 
  188       7.308504169997e-10       1.046228936167e-13      -3.784316382653e-12       3.644928486277e-15       1.696830984680e-12       3.671127944825e-13      -1.679617511873e-15 
  189       7.333778325627e-10       1.034366356759e-13      -3.650254721034e-12       3.632991790865e-15       1.670256112966e-12       3.624473878298e-13      -1.624135326751e-15 
  190       7.358332917322e-10       1.023170742201e-13      -3.512842896111e-12       3.622941218054e-15       1.644174020572e-12       3.578544392616e-13      -1.569170209412e-15 
  191       7.382156523054e-10       1.012692792741e-13      -3.372116491784e-12       3.614717376049e-15       1.618554418140e-12       3.533321109049e-13      -1.514773880340e-15 
  192       7.405241432418e-10       1.002975741531e-13      -3.228107133802e-12       3.608294977417e-15       1.593392562409e-12       3.488800159327e-13      -1.460956013131e-15 
  193       7.427580961916e-10       9.940614811080e-14      -3.080847140737e-12       3.603655262108e-15       1.568689577765e-12       3.444980150327e-13      -1.407714417565e-15 
  194       7.449168535176e-10       9.859926678510e-14      -2.930371137944e-12       3.600776507504e-15       1.544445696281e-12       3.401858016132e-13      -1.355045372812e-15 
  195       7.469997684421e-10       9.788127270250e-14      -2.776716086268e-12       3.599633979510e-15       1.520660240938e-12       3.359428987123e-13      -1.302943599465e-15 
  196       7.490062051932e-10       9.725658578288e-14      -2.619921310741e-12       3.600199883640e-15       1.497331608840e-12       3.317686559069e-13      -1.251402231558e-15 
  197       7.509355391522e-10       9.672970384406e-14      -2.460028529295e-12       3.602443316101e-15       1.474457254433e-12       3.276622462220e-13      -1.200412788595e-15 
  198       7.527871570000e-10       9.630520310649e-14      -2.297081881461e-12       3.606330214881e-15       1.452033672722e-12       3.236226630396e-13      -1.149965147575e-15 
  199       7.545604568642e-10       9.598773869783e-14      -2.131127957073e-12       3.611823310836e-15       1.430056382487e-12       3.196487170078e-13      -1.100047515014e-15 
  200       7.562548484658e-10       9.578204515761e-14      -1.962215824974e-12       3.618882078776e-15       1.408519909503e-12       3.157390329502e-13      -1.050646398975e-15 
  201       7.578697532660e-10       9.569293694185e-14      -1.790397061721e-12       3.627462688552e-15       1.387417769755e-12       3.118920467745e-13      -1.001746581088e-15 
  202       7.594046046133e-10       9.572530892770e-14      -1.615725780287e-12       3.637517956142e-15       1.366742452659e-12       3.081060023822e-13      -9.533310885787e-16 
  203       7.608588478897e-10       9.588413691808e-14      -1.438258658764e-12       3.648997294739e-15       1.346485404274e-12       3.043789485773e-13      -9.053811662918e-16 
  204       7.622319406582e-10       9.617447814627e-14      -1.258054969074e-12       3.661846665834e-15       1.326637010525e-12       3.007087359755e-13      -8.578762487162e-16 
  205       7.635233528094e-10       9.660147178059e-14      -1.075176605664e-12       3.676008530307e-15       1.307186580417e-12       2.970930139135e-13      -8.107939320106e-16 
  206       7.647325667081e-10       9.717033942902e-14      -8.896881142168e-13       3.691421799511e-15       1.288122329254e-12       2.935292273578e-13      -7.641099460280e-16 
  207       7.658590773402e-10       9.788638564381e-14      -7.016567203534e-13       3.708021786359e-15       1.269431361856e-12       2.900146138140e-13      -7.177981263415e-16 
  208       7.669023924600e-10       9.875499842612e-14      -5.111523583363e-13       3.725740156409e-15       1.251099655777e-12       2.865462002358e-13      -6.718303862683e-16 
  209       7.678620327363e-10       9.978164973068e-14      -3.182476997745e-13       3.744504878955e-15       1.233112044520e-12       2.831207999345e-13      -6.261766888958e-16 
  210       7.687375318996e-10       1.009718959704e-13      -1.230181823276e-13       3.764240178109e-15       1.215452200759e-12       2.797350094873e-13      -5.808050191059e-16 
  211       7.695284368890e-10       1.023313785209e-13       7.445796159009e-14       3.784866483889e-15       1.198102619551e-12       2.763852056473e-13      -5.356813556006e-16 
  212       7.702343079989e-10       1.038658242254e-13       2.740996761051e-13       3.806300383307e-15       1.181044601560e-12       2.730675422521e-13      -4.907696429266e-16 
  213       7.708547655739e-10       1.055807179632e-13       4.758268719778e-13       3.828465889218e-15       1.164261902811e-12       2.697787622441e-13      -4.460407326804e-16 
  214       7.713896332966e-10       1.074802947125e-13       6.795721411461e-13       3.851329194856e-15       1.147751992968e-12       2.665187011419e-13      -4.014999368137e-16 
  215       7.718388048641e-10       1.095684803657e-13       8.852697781567e-13       3.874866172824e-15       1.131515525243e-12       2.632879467327e-13      -3.571612817921e-16 
  216       7.722021985776e-10       1.118492131917e-13       1.092852013929e-12       3.899051249256e-15       1.115552731101e-12       2.600870382160e-13      -3.130387023071e-16 
  217       7.724797576112e-10       1.143264434767e-13       1.302248997105e-12       3.923857384705e-15       1.099863413127e-12       2.569164652583e-13      -2.691460369140e-16 
  218       7.726714502820e-10       1.170041331657e-13       1.513388775398e-12       3.949256055021e-15       1.084446937895e-12       2.537766670488e-13      -2.254970236691e-16 
  219       7.727772703188e-10       1.198862555041e-13       1.726197276940e-12       3.975217232236e-15       1.069302228841e-12       2.506680313535e-13      -1.821052957674e-16 
  220       7.727972371319e-10       1.229767946785e-13       1.940598291637e-12       4.001709365440e-15       1.054427759131e-12       2.475908935709e-13      -1.389843771797e-16 
  221       7.727313960823e-10       1.262797454583e-13       2.156513452509e-12       4.028699361672e-15       1.039821544533e-12       2.445455357868e-13      -9.614767829070e-17 
  222       7.725798187511e-10       1.297991128371e-13       2.373862217049e-12       4.056152566794e-15       1.025481136282e-12       2.415321858289e-13      -5.360849153590e-17 
  223       7.723426032089e-10       1.335389116736e-13       2.592561848564e-12       4.084032746376e-15       1.011403613959e-12       2.385510163224e-13      -1.137998703937e-17 
  224       7.720198742849e-10       1.375031663334e-13       2.812527397528e-12       4.112302066578e-15       9.975855783520e-13       2.356021437444e-13       3.052479174884e-17 
  225       7.716117838368e-10       1.416959103298e-13       3.033671682933e-12       4.140921075033e-15       9.840231443314e-13       2.326856274795e-13       7.209293241519e-17 
  226       7.711185110196e-10       1.461211859656e-13       3.255905273635e-12       4.169848681725e-15       9.707119337187e-13       2.298014688740e-13       1.133116579452e-16 
  227       7.705402625554e-10       1.507830439739e-13       3.479136469705e-12       4.199042139875e-15       9.576470681563e-13       2.269496102918e-13       1.541683310859e-16 
  228       7.698772730025e-10       1.556855431599e-13       3.703271283775e-12       4.228457026822e-15       9.448231619780e-13       2.241299341687e-13       1.946504587085e-16 
  229       7.691298050250e-10       1.608327500419e-13       3.928213422393e-12       4.258047224903e-15       9.322343150787e-13       2.213422620676e-13       2.347456961707e-16 
  230       7.682981496618e-10       1.662287384924e-13       4.153864267368e-12       4.287764902336e-15       9.198741057849e-13       2.185863537334e-13       2.744418516794e-16 
  231       7.673826265964e-10       1.718775893799e-13       4.380122857120e-12       4.317560494103e-15       9.077355837242e-13       2.158619061484e-13       3.137268906531e-16 
  232       7.663835844259e-10       1.777833902101e-13       4.606885868029e-12       4.347382682830e-15       8.958112626961e-13       2.131685525866e-13       3.525889400844e-16 
  233       7.653014009308e-10       1.839502347667e-13       4.834047595786e-12       4.377178379672e-15       8.840931135415e-13       2.105058616693e-13       3.910162929027e-16 
  234       7.641364833437e-10       1.903822227533e-13       5.061499936740e-12       4.406892705189e-15       8.725725570129e-13       2.078733364198e-13       4.289974123365e-16 
  235       7.628892686195e-10       1.970834594344e-13       5.289132369249e-12       4.436468970236e-15       8.612404566447e-13       2.052704133184e-13       4.665209362760e-16 
  236       7.615602237039e-10       2.040580552768e-13       5.516831935026e-12       4.465848656837e-15       8.500871116230e-13       2.026964613573e-13       5.035756816356e-16 
  237       7.601498458036e-10       2.113101255909e-13       5.744483220495e-12       4.494971399073e-15       8.391022496559e-13       2.001507810959e-13       5.401506487166e-16 
  238       7.586586523799e-10       2.188434124797e-13       5.971974772200e-12       4.523784043470e-15       8.282770037640e-13       1.976327951091e-13       5.762368688699e-16 
  239       7.570871499022e-10       2.266601260133e-13       6.199218812904e-12       4.552268478802e-15       8.176099902855e-13       1.951426340900e-13       6.118330626798e-16 
  240       7.554358637241e-10       2.347620321531e-13       6.426132683795e-12       4.580415455239e-15       8.071015852697e-13       1.926805844230e-13       6.469403330336e-16 
  241       7.537053484346e-10       2.431508229808e-13       6.652632512791e-12       4.608215656511e-15       7.967519707465e-13       1.902468994448e-13       6.815603608578e-16 
  242       7.518961881060e-10       2.518281155424e-13       6.878633209468e-12       4.635659699941e-15       7.865611317808e-13       1.878417989035e-13       7.156954133689e-16 
  243       7.500089965411e-10       2.607954506932e-13       7.104048459981e-12       4.662738136491e-15       7.765288535289e-13       1.854654684176e-13       7.493483523250e-16 
  244       7.480444175214e-10       2.700542919420e-13       7.328790721986e-12       4.689441450785e-15       7.666547182932e-13       1.831180589342e-13       7.825226422769e-16 
  245       7.460031250546e-10       2.796060242958e-13       7.552771219565e-12       4.715760061158e-15       7.569381025779e-13       1.807996861882e-13       8.152223588192e-16 
  246       7.438858236222e-10       2.894519531041e-13       7.775899938145e-12       4.741684319683e-15       7.473781741446e-13       1.785104301607e-13       8.474521968417e-16 
  247       7.416932484274e-10       2.995933029038e-13       7.998085619425e-12       4.767204512214e-15       7.379738890674e-13       1.762503345382e-13       8.792174787803e-16 
  248       7.394261656425e-10       3.100312162631e-13       8.219235756296e-12       4.792310858416e-15       7.287239887883e-13       1.740194061711e-13       9.105241628685e-16 
  249       7.370853726568e-10       3.207667526266e-13       8.439256587763e-12       4.816993511807e-15       7.196269971730e-13       1.718176145321e-13       9.413788513883e-16 
  250       7.346716983244e-10       3.318008871597e-13       8.658053093871e-12       4.841242559791e-15       7.106812175659e-13       1.696448911758e-13       9.717887989219e-16 
  251       7.321860032115e-10       3.431345095926e-13       8.875528990625e-12       4.865048023695e-15       7.018847298457e-13       1.675011291967e-13       1.001761920602e-15 
  252       7.296291798446e-10       3.547684230654e-13       9.091586724915e-12       4.888399858807e-15       6.932353874808e-13       1.653861826883e-13       1.031306800365e-15 
  253       7.270021529575e-10       3.667033429726e-13       9.306127469434e-12       4.911287954408e-15       6.847308145848e-13       1.632998662017e-13       1.060432699198e-15 
  254       7.243058797400e-10       3.789398958070e-13       9.519051117608e-12       4.933702133815e-15       6.763684029717e-13       1.612419542047e-13       1.089149563396e-15 
  255       7.215413500844e-10       3.914786180050e-13       9.730256278512e-12       4.955632154411e-15       6.681453092115e-13       1.592121805400e-13       1.117468032807e-15 
  256       7.187095868341e-10       4.043199547906e-13       9.939640271797e-12       4.977067707684e-15       6.600584516855e-13       1.572102378844e-13       1.145399449089e-15 
  257       7.158116460311e-10       4.174642590200e-13       1.014709912261e-11       4.997998419263e-15       6.521045076419e-13       1.552357772073e-13       1.172955863955e-15 
  258       7.128486171633e-10       4.309117900262e-13       1.035252755652e-11       5.018413848956e-15       6.442799102509e-13       1.532884072299e-13       1.200150047431e-15 
  259       7.098216234125e-10       4.446627124634e-13       1.055581899443e-11       5.038303490783e-15       6.365808456605e-13       1.513676938832e-13       1.226995496101e-15 
  260       7.067318219023e-10       4.587170951518e-13       1.075686554753e-11       5.057656773015e-15       6.290032500517e-13       1.494731597675e-13       1.253506441362e-15 
  261       7.035804039453e-10       4.730749099216e-13       1.095555801217e-11       5.076463058209e-15       6.215428066937e-13       1.476042836105e-13       1.279697857674e-15 
  262       7.003685952911e-10       4.877360304581e-13       1.115178586484e-11       5.094711643245e-15       6.141949429998e-13       1.457604997268e-13       1.305585470811e-15 
  263       6.970976563739e-10       5.027002311456e-13       1.134543725703e-11       5.112391759362e-15       6.069548275824e-13       1.439411974760e-13       1.331185766112e-15 
  264       6.937688825603e-10       5.179671859125e-13       1.153639901022e-11       5.129492572195e-15       5.998173673087e-13       1.421457207217e-13       1.356515996734e-15 
  265       6.903836043969e-10       5.335364670754e-13       1.172455661074e-11       5.146003181810e-15       5.927772043560e-13       1.403733672903e-13       1.381594191902e-15 
  266       6.869431214589e-10       5.494073119363e-13       1.190980219414e-11       5.161915626497e-15       5.858297322790e-13       1.386235142136e-13       1.406434840429e-15 
  267       6.834484994067e-10       5.655779109153e-13       1.209205898880e-11       5.177234074759e-15       5.789742113952e-13       1.368960021050e-13       1.431035664653e-15 
  268       6.799007623913e-10       5.820460785135e-13       1.227125818977e-11       5.191966132544e-15       5.722108168437e-13       1.351907706026e-13       1.455390144346e-15 
  269       6.763009585953e-10       5.988094805395e-13       1.244733109726e-11       5.206119889511e-15       5.655396335875e-13       1.335077341379e-13       1.479491777722e-15 
  270       6.726501603689e-10       6.158656325620e-13       1.262020912507e-11       5.219703924144e-15       5.589606551910e-13       1.318467816066e-13       1.503334082379e-15 
  271       6.689494643651e-10       6.332118983615e-13       1.278982380901e-11       5.232727308867e-15       5.524737825967e-13       1.302077760402e-13       1.526910596243e-15 
  272       6.651999916756e-10       6.508454883823e-13       1.295610681530e-11       5.245199615150e-15       5.460788229029e-13       1.285905542774e-13       1.550214878515e-15 
  273       6.614028879656e-10       6.687634581850e-13       1.311898994904e-11       5.257130918622e-15       5.397754881405e-13       1.269949266349e-13       1.573240510609e-15 
  274       6.575593236102e-10       6.869627068985e-13       1.327840516258e-11       5.268531804184e-15       5.335633940500e-13       1.254206765792e-13       1.595981097104e-15 
  275       6.536704938290e-10       7.054399756718e-13       1.343428456396e-11       5.279413371120e-15       5.274420588592e-13       1.238675603974e-13       1.618430266681e-15 
  276       6.497376188225e-10       7.241918461264e-13       1.358656042535e-11       5.289787238208e-15       5.214109020599e-13       1.223353068690e-13       1.640581673071e-15 
  277       6.457619439066e-10       7.432147388083e-13       1.373516519145e-11       5.299665548833e-15       5.154692431853e-13       1.208236169367e-13       1.662428995999e-15 
  278       6.417447396492e-10       7.625049116401e-13       1.388003148792e-11       5.309060976094e-15       5.096163005868e-13       1.193321633781e-13       1.683965942126e-15 
  279       6.376873020047e-10       7.820584583732e-13       1.402109212980e-11       5.317986727924e-15       5.038511902117e-13       1.178605904766e-13       1.705186245994e-15 
  280       6.335909524501e-10       8.018713070397e-13       1.415828012993e-11       5.326456552190e-15       4.981729243799e-13       1.164085136930e-13       1.726083670971e-15 
  281       6.294570381206e-10       8.219392184046e-13       1.429152870738e-11       5.334484741817e-15       4.925804105614e-13       1.149755193366e-13       1.746652010195e-15 
  282       6.252869319443e-10       8.422577844180e-13       1.442077129586e-11       5.342086139889e-15       4.870724501530e-13       1.135611642364e-13       1.766885087515e-15 
  283       6.210820327788e-10       8.628224266671e-13       1.454594155215e-11       5.349276144766e-15       4.816477372560e-13       1.121649754128e-13       1.786776758439e-15 
  284       6.168437655458e-10       8.836283948285e-13       1.466697336451e-11       5.356070715197e-15       4.763048574529e-13       1.107864497484e-13       1.806320911078e-15 
  285       6.125735813671e-10       9.046707651197e-13       1.478380086113e-11       5.362486375424e-15       4.710422865849e-13       1.094250536594e-13       1.825511467086e-15 
  286       6.082729577000e-10       9.259444387519e-13       1.489635841852e-11       5.368540220304e-15       4.658583895287e-13       1.080802227672e-13       1.844342382608e-15 
  287       6.039433984726e-10       9.474441403819e-13       1.500458066994e-11       5.374249920410e-15       4.607514189741e-13       1.067513615692e-13       1.862807649222e-15 
  288       5.995864342195e-10       9.691644165640e-13       1.510840251384e-11       5.379633727150e-15       4.557195142008e-13       1.054378431105e-13       1.880901294885e-15 
  289       5.952036222174e-10       9.910996342022e-13       1.520775912226e-11       5.384710477877e-15       4.507606998556e-13       1.041390086550e-13       1.898617384875e-15 
  290       5.907965466203e-10       1.013243979002e-12       1.530258594926e-11       5.389499600997e-15       4.458728847297e-13       1.028541673565e-13       1.915950022736e-15 
  291       5.863668185953e-10       1.035591453924e-12       1.539281873933e-11       5.394021121084e-15       4.410538605357e-13       1.015825959304e-13       1.932893351221e-15 
  292       5.819160764578e-10       1.058135877634e-12       1.547839353585e-11       5.398295663991e-15       4.363013006851e-13       1.003235383246e-13       1.949441553240e-15 
  293       5.774459858074e-10       1.080870882955e-12       1.555924668947e-11       5.402344461962e-15       4.316127590648e-13       9.907620539107e-14       1.965588852797e-15 
  294       5.729582396630e-10       1.103789915322e-12       1.563531486653e-11       5.406189358739e-15       4.269856688149e-13       9.783977455688e-14       1.981329515942e-15 
  295       5.684545585984e-10       1.126886231232e-12       1.570653505753e-11       5.409852814682e-15       4.224173411055e-13       9.661338949568e-14       1.996657851708e-15 
  296       5.639366908782e-10       1.150152896695e-12       1.577284458549e-11       5.413357911871e-15       4.179049639141e-13       9.539615979887e-14       2.011568213062e-15 
  297       5.594063044914e-10       1.173582992401e-12       1.583418774094e-11       5.416725703870e-15       4.134461308704e-13       9.418734569845e-14       2.026056185854e-15 
  298       5.548646571608e-10       1.197170243445e-12       1.589053602679e-11       5.419967111721e-15       4.090404587929e-13       9.298692286199e-14       2.040122217809e-15 
  299       5.503129105241e-10       1.220908417254e-12       1.594186891603e-11       5.423090643162e-15       4.046880465588e-13       9.179504446818e-14       2.053768168152e-15 
  300       5.457522367751e-10       1.244791118379e-12       1.598816733142e-11       5.426105013916e-15       4.003889516349e-13       9.061185855720e-14       2.066996138073e-15 
  301       5.411838186534e-10       1.268811787227e-12       1.602941366289e-11       5.429019149195e-15       3.961431895735e-13       8.943750795290e-14       2.079808473278e-15 
  302       5.366088494324e-10       1.292963698792e-12       1.606559178493e-11       5.431842185221e-15       3.919507335079e-13       8.827213018499e-14       2.092207766550e-15 
  303       5.320285329090e-10       1.317239961389e-12       1.609668707405e-11       5.434583470728e-15       3.878115136488e-13       8.711585741121e-14       2.104196860297e-15 
  304       5.274440833922e-10       1.341633515386e-12       1.612268642613e-11       5.437252568478e-15       3.837254167797e-13       8.596881633956e-14       2.115778849112e-15 
  305       5.228567256920e-10       1.366137131936e-12       1.614357827384e-11       5.439859256774e-15       3.796922857528e-13       8.483112815042e-14       2.126957082326e-15 
  306       5.182676951084e-10       1.390743411709e-12       1.615935260407e-11       5.442413530964e-15       3.757119189852e-13       8.370290841875e-14       2.137735166560e-15 
  307       5.136782374204e-10       1.415444783625e-12       1.617000097531e-11       5.444925604961e-15       3.717840699542e-13       8.258426703632e-14       2.148116968286e-15 
  308       5.090896088748e-10       1.440233503587e-12       1.617551653506e-11       5.447405912748e-15       3.679084466937e-13       8.147530813383e-14       2.158106616376e-15 
  309       5.045030761753e-10       1.465101653213e-12       1.617589403726e-11       5.449865109895e-15       3.640847112895e-13       8.037613000312e-14       2.167708504660e-15 
  310       4.999199164712e-10       1.490041138566e-12       1.617112985967e-11       5.452314075061e-15       3.603124793756e-13       7.928682501937e-14       2.176927294479e-15 
  311       4.953414173467e-10       1.515043688890e-12       1.616122202128e-11       5.454763911518e-15       3.565913196298e-13       7.820747956323e-14       2.185767917241e-15 
  312       4.907688768093e-10       1.540100855340e-12       1.614617019972e-11       5.457225948650e-15       3.529207532695e-13       7.713817394308e-14       2.194235576978e-15 
  313       4.862036032794e-10       1.565204009715e-12       1.612597574867e-11       5.459711743471e-15       3.493002535478e-13       7.607898231714e-14       2.202335752895e-15 
  314       4.816469155785e-10       1.590344343191e-12       1.610064171527e-11       5.462233082138e-15       3.457292452490e-13       7.502997261569e-14       2.210074201929e-15 
  315       4.771001429187e-10       1.615512865054e-12       1.607017285751e-11       5.464801981456e-15       3.422071041848e-13       7.399120646326e-14       2.217456961304e-15 
  316       4.725646248916e-10       1.640700401428e-12       1.603457566165e-11       5.467430690393e-15       3.387331566899e-13       7.296273910078e-14       2.224490351086e-15 
  317       4.680417114568e-10       1.665897594013e-12       1.599385835961e-11       5.470131691592e-15       3.353066791178e-13       7.194461930779e-14       2.231180976733e-15 
  318       4.635327629313e-10       1.691094898816e-12       1.594803094642e-11       5.472917702880e-15       3.319268973370e-13       7.093688932462e-14       2.237535731657e-15 
  319       4.590391499781e-10       1.716282584878e-12       1.589710519755e-11       5.475801678782e-15       3.285929862264e-13       6.993958477455e-14       2.243561799773e-15 
  320       4.545622535954e-10       1.741450733016e-12       1.584109468640e-11       5.478796812028e-15       3.253040691714e-13       6.895273458604e-14       2.249266658058e-15 
  321       4.501034651054e-10       1.766589234546e-12       1.578001480164e-11       5.481916535070e-15       3.220592175596e-13       6.797636091485e-14       2.254658079102e-15 
  322       4.456641861431e-10       1.791687790021e-12       1.571388276466e-11       5.485174521588e-15       3.188574502769e-13       6.701047906627e-14       2.259744133667e-15 
  323       4.412458286457e-10       1.816735907963e-12       1.564271764695e-11       5.488584688004e-15       3.156977332031e-13       6.605509741730e-14       2.264533193237e-15 
  324       4.368498148408e-10       1.841722903592e-12       1.556654038751e-11       5.492161194993e-15       3.125789787076e-13       6.511021733881e-14       2.269033932578e-15 
  325       4.324775772360e-10       1.866637897561e-12       1.548537381029e-11       5.495918448996e-15       3.095000451458e-13       6.417583311773e-14       2.273255332289e-15 
  326       4.281305586077e-10       1.891469814690e-12       1.539924264153e-11       5.499871103725e-15       3.064597363544e-13       6.325193187924e-14       2.277206681358e-15 
  327       4.238102119896e-10       1.916207382693e-12       1.530817352722e-11       5.504034061683e-15       3.034568011475e-13       6.233849350896e-14       2.280897579717e-15 
  328       4.195180006622e-10       1.940839130917e-12       1.521219505050e-11       5.508422475668e-15       3.004899328123e-13       6.143549057512e-14       2.284337940796e-15 
  329       4.152553981414e-10       1.965353389068e-12       1.511133774905e-11       5.513051750288e-15       2.975577686052e-13       6.054288825073e-14       2.287537994081e-15 
  330       4.110238881674e-10       1.989738285949e-12       1.500563413250e-11       5.517937543473e-15       2.946588892472e-13       5.966064423580e-14       2.290508287663e-15 
  331       4.068249646941e-10       2.013981748187e-12       1.489511869984e-11       5.523095767983e-15       2.917918184203e-13       5.878870867949e-14       2.293259690798e-15 
  332       4.026600164969e-10       2.038072399331e-12       1.477982807291e-11       5.528539793934e-15       2.889552984396e-13       5.792703608657e-14       2.295801358065e-15 
  333       3.985299754605e-10       2.062002303049e-12       1.465980136769e-11       5.534271918462e-15       2.861491315890e-13       5.707562177000e-14       2.298134518496e-15 
  334       3.944356529215e-10       2.085764337157e-12       1.453507987328e-11       5.540291526761e-15       2.833733745140e-13       5.623446683683e-14       2.300258420415e-15 
  335       3.903778535288e-10       2.109351303769e-12       1.440570695469e-11       5.546597855979e-15       2.806280651529e-13       5.540356628290e-14       2.302172345718e-15 
  336       3.863573751073e-10       2.132755929004e-12       1.427172807045e-11       5.553189993685e-15       2.779132225327e-13       5.458290892799e-14       2.303875610224e-15 
  337       3.823750085214e-10       2.155970862698e-12       1.413319079006e-11       5.560066876349e-15       2.752288465644e-13       5.377247735105e-14       2.305367564012e-15 
  338       3.784315375390e-10       2.178988678114e-12       1.399014481160e-11       5.567227287807e-15       2.725749178389e-13       5.297224782535e-14       2.306647591766e-15 
  339       3.745277386950e-10       2.201801871650e-12       1.384264197918e-11       5.574669857743e-15       2.699513974222e-13       5.218219025373e-14       2.307715113117e-15 
  340       3.706643811551e-10       2.224402862546e-12       1.369073630056e-11       5.582393060154e-15       2.673582266517e-13       5.140226810372e-14       2.308569582982e-15 
  341       3.668422265792e-10       2.246783992602e-12       1.353448396460e-11       5.590395211829e-15       2.647953269309e-13       5.063243834277e-14       2.309210491912e-15 
  342       3.630620289856e-10       2.268937525878e-12       1.337394335885e-11       5.598674470821e-15       2.622625995259e-13       4.987265137345e-14       2.309637366429e-15 
  343       3.593245346143e-10       2.290855648411e-12       1.320917508707e-11       5.607228834917e-15       2.597599253604e-13       4.912285096861e-14       2.309849769371e-15 
  344       3.556304817909e-10       2.312530467919e-12       1.304024198674e-11       5.616056140115e-15       2.572871648115e-13       4.838297420661e-14       2.309847300236e-15 
  345       3.519806007902e-10       2.333954013516e-12       1.286720914660e-11       5.625154059095e-15       2.548441575056e-13       4.765295140646e-14       2.309629595519e-15 
  346       3.483756136998e-10       2.355118235417e-12       1.269014392421e-11       5.634520099694e-15       2.524307221135e-13       4.693270606306e-14       2.309196329059e-15 
  347       3.448162342842e-10       2.376015004652e-12       1.250911596346e-11       5.644151603378e-15       2.500466561462e-13       4.622215478237e-14       2.308547212380e-15 
  348       3.413031678480e-10       2.396636112769e-12       1.232419721208e-11       5.654045743715e-15       2.476917357507e-13       4.552120721657e-14       2.307681995033e-15 
  349       3.378371110998e-10       2.416973271552e-12       1.213546193921e-11       5.664199524847e-15       2.453657155056e-13       4.482976599933e-14       2.306600464937e-15 
  350       3.344187520161e-10       2.437018112726e-12       1.194298675294e-11       5.674609779969e-15       2.430683282164e-13       4.414772668092e-14       2.305302448725e-15 
  351       3.310487697047e-10       2.456762187664e-12       1.174685061777e-11       5.685273169793e-15       2.407992847113e-13       4.347497766343e-14       2.303787812081e-15 
  352       3.277278342684e-10       2.476196967104e-12       1.154713487225e-11       5.696186181030e-15       2.385582736370e-13       4.281140013598e-14       2.302056460087e-15 
  353       3.244566066691e-10       2.495313840851e-12       1.134392324641e-11       5.707345124857e-15       2.363449612538e-13       4.215686800989e-14       2.300108337564e-15 
  354       3.212357385909e-10       2.514104117493e-12       1.113730187936e-11       5.718746135393e-15       2.341589912320e-13       4.151124785388e-14       2.297943429414e-15 
  355       3.180658723042e-10       2.532559024105e-12       1.092735933680e-11       5.730385168172e-15       2.319999844466e-13       4.087439882925e-14       2.295561760960e-15 
  356       3.149476405294e-10       2.550669705964e-12       1.071418662853e-11       5.742257998617e-15       2.298675387737e-13       4.024617262507e-14       2.292963398292e-15 
  357       3.118816663005e-10       2.568427226254e-12       1.049787722603e-11       5.754360220510e-15       2.277612288855e-13       3.962641339340e-14       2.290148448609e-15 
  358       3.088685628286e-10       2.585822565778e-12       1.027852707995e-11       5.766687244470e-15       2.256806060464e-13       3.901495768444e-14       2.287117060556e-15 
  359       3.059089333660e-10       2.602846622669e-12       1.005623463766e-11       5.779234296420e-15       2.236251979082e-13       3.841163438174e-14       2.283869424575e-15 
  360       3.030033710695e-10       2.619490212096e-12       9.831100860788e-12       5.791996416067e-15       2.215945083061e-13       3.781626463741e-14       2.280405773241e-15 
  361       3.001524588645e-10       2.635744065977e-12       9.603229242741e-12       5.804968455370e-15       2.195880170541e-13       3.722866180726e-14       2.276726381603e-15 
  362       2.973567693083e-10       2.651598832685e-12       9.372725826239e-12       5.818145077016e-15       2.176051797404e-13       3.664863138606e-14       2.272831567534e-15 
  363       2.946168644541e-10       2.667045076763e-12       9.139699220849e-12       5.831520752892e-15       2.156454275236e-13       3.607597094266e-14       2.268721692066e-15 
  364       2.919332957146e-10       2.682073278627e-12       8.904260620519e-12       5.845089762558e-15       2.137081669275e-13       3.551047005524e-14       2.264397159734e-15 
  365       2.893066037254e-10       2.696673834283e-12       8.666523821108e-12       5.858846191722e-15       2.117927796377e-13       3.495191024645e-14       2.259858418921e-15 
  366       2.867373182095e-10       2.710837055030e-12       8.426605237920e-12       5.872783930711e-15       2.098986222963e-13       3.440006491865e-14       2.255105962198e-15 
  367       2.842259578399e-10       2.724553167173e-12       8.184623923234e-12       5.886896672945e-15       2.080250262979e-13       3.385469928906e-14       2.250140326667e-15 
  368       2.817730301042e-10       2.737812311733e-12       7.940701583836e-12       5.901177913411e-15       2.061712975854e-13       3.331557032498e-14       2.244962094301e-15 
  369       2.793790311680e-10       2.750604544155e-12       7.694962598556e-12       5.915620947134e-15       2.043367164453e-13       3.278242667894e-14       2.239571892292e-15 
  370       2.770444457383e-10       2.762919834018e-12       7.447534035793e-12       5.930218867654e-15       2.025205373033e-13       3.225500862396e-14       2.233970393385e-15 
  371       2.747696926624e-10       2.774749339502e-12       7.198536281224e-12       5.944965258954e-15       2.007221241304e-13       3.173309813936e-14       2.228158502650e-15 
  372       2.725549596542e-10       2.786089286345e-12       6.948054480885e-12       5.959856304228e-15       1.989413629170e-13       3.121667146083e-14       2.222137925124e-15 
  373       2.704003618384e-10       2.796937239985e-12       6.696166015860e-12       5.974888756573e-15       1.971782649257e-13       3.070575236819e-14       2.215910621030e-15 
  374       2.683059952490e-10       2.807290845314e-12       6.442949800646e-12       5.990059252058e-15       1.954328324515e-13       3.020036255202e-14       2.209478621866e-15 
  375       2.662719366458e-10       2.817147827496e-12       6.188486292525e-12       6.005364308798e-15       1.937050587350e-13       2.970052159243e-14       2.202844030905e-15 
  376       2.642982433317e-10       2.826505992783e-12       5.932857500926e-12       6.020800326027e-15       1.919949278758e-13       2.920624693792e-14       2.196009023705e-15 
  377       2.623849529682e-10       2.835363229332e-12       5.676146996801e-12       6.036363583179e-15       1.903024147462e-13       2.871755388410e-14       2.188975848607e-15 
  378       2.605320833927e-10       2.843717508028e-12       5.418439921985e-12       6.052050238964e-15       1.886274849047e-13       2.823445555254e-14       2.181746827245e-15 
  379       2.587396324345e-10       2.851566883296e-12       5.159822998568e-12       6.067856330439e-15       1.869700945095e-13       2.775696286955e-14       2.174324355046e-15 
  380       2.570075777317e-10       2.858909493925e-12       4.900384538263e-12       6.083777772088e-15       1.853301902320e-13       2.728508454497e-14       2.166710901737e-15 
  381       2.553358765473e-10       2.865743563881e-12       4.640214451772e-12       6.099810354900e-15       1.837077091704e-13       2.681882705097e-14       2.158909011851e-15 
  382       2.537244655862e-10       2.872067403126e-12       4.379404258155e-12       6.115949745440e-15       1.821025787632e-13       2.635819460087e-14       2.150921305224e-15 
  383       2.521732608113e-10       2.877879408439e-12       4.118047094197e-12       6.132191484929e-15       1.805147167026e-13       2.590318912788e-14       2.142750477510e-15 
  384       2.506821572603e-10       2.883178064232e-12       3.856237723780e-12       6.148530988320e-15       1.789440308482e-13       2.545381026395e-14       2.134399300676e-15 
  385       2.492510288618e-10       2.887961943367e-12       3.594072547242e-12       6.164963543372e-15       1.773904191403e-13       2.501005531856e-14       2.125870623512e-15 
  386       2.478797282526e-10       2.892229707975e-12       3.331649610755e-12       6.181484309728e-15       1.758537695139e-13       2.457191925748e-14       2.117167372134e-15 
  387       2.465680865932e-10       2.895980110275e-12       3.069068615685e-12       6.198088317990e-15       1.743339598116e-13       2.413939468161e-14       2.108292550486e-15 
  388       2.453159133853e-10       2.899211993392e-12       2.806430927966e-12       6.214770468796e-15       1.728308576973e-13       2.371247180573e-14       2.099249240848e-15 
  389       2.441229962874e-10       2.901924292172e-12       2.543839587462e-12       6.231525531896e-15       1.713443205703e-13       2.329113843736e-14       2.090040604340e-15 
  390       2.429891009320e-10       2.904116034003e-12       2.281399317341e-12       6.248348145227e-15       1.698741954780e-13       2.287537995548e-14       2.080669881423e-15 
  391       2.419139707420e-10       2.905786339633e-12       2.019216533436e-12       6.265232813992e-15       1.684203190298e-13       2.246517928940e-14       2.071140392407e-15 
  392       2.408973267469e-10       2.906934423987e-12       1.757399353619e-12       6.282173909732e-15       1.669825173107e-13       2.206051689749e-14       2.061455537953e-15 
  393       2.399388673994e-10       2.907559596985e-12       1.496057607168e-12       6.299165669407e-15       1.655606057947e-13       2.166137074604e-14       2.051618799580e-15 
  394       2.390382683923e-10       2.907661264360e-12       1.235302844128e-12       6.316202194468e-15       1.641543892584e-13       2.126771628800e-14       2.041633740165e-15 
  395       2.381951824747e-10       2.907238928478e-12       9.752483446903e-13       6.333277449934e-15       1.627636616943e-13       2.087952644181e-14       2.031504004453e-15 
  396       2.374092392682e-10       2.906292189152e-12       7.160091285501e-13       6.350385263471e-15       1.613882062248e-13       2.049677157018e-14       2.021233319557e-15 
  397       2.366800450841e-10       2.904820744465e-12       4.577019642803e-13       6.367519324464e-15       1.600277950152e-13       2.011941945891e-14       2.010825495466e-15 
  398       2.360071827396e-10       2.902824391582e-12       2.004453786972e-13       6.384673183098e-15       1.586821891875e-13       1.974743529566e-14       2.000284425544e-15 
  399       2.353902113740e-10       2.900303027576e-12      -5.564033377114e-14       6.401840249428e-15       1.573511387338e-13       1.938078164875e-14       1.989614087041e-15 
  400       2.348286662658e-10       2.897256650238e-12      -3.104331017170e-13       6.419013792460e-15       1.560343824300e-13       1.901941844596e-14       1.978818541592e-15 
  401       2.343220586488e-10       2.893685358900e-12      -5.638090673854e-13       6.436186939227e-15       1.547316477491e-13       1.866330295335e-14       1.967901935724e-15 
  402       2.338698755286e-10       2.889589355251e-12      -8.156425773058e-13       6.453352673861e-15       1.534426507750e-13       1.831238975402e-14       1.956868501361e-15 
  403       2.334715794994e-10       2.884968944156e-12      -1.065806172925e-12       6.470503836675e-15       1.521670961158e-13       1.796663072693e-14       1.945722556326e-15 
  404       2.331266085605e-10       2.879824534473e-12      -1.314170581237e-12       6.487633123235e-15       1.509046768172e-13       1.762597502566e-14       1.934468504848e-15 
  405       2.328343759323e-10       2.874156639873e-12      -1.560604705420e-12       6.504733083436e-15       1.496550742764e-13       1.729036905727e-14       1.923110838064e-15 
  406       2.325942698735e-10       2.867965879655e-12      -1.804975615463e-12       6.521796120580e-15       1.484179581555e-13       1.695975646104e-14       1.911654134524e-15 
  407       2.324056534971e-10       2.861252979568e-12      -2.047148538800e-12       6.538814490453e-15       1.471929862947e-13       1.663407808729e-14       1.900103060698e-15 
  408       2.322678645874e-10       2.854018772624e-12      -2.286986850944e-12       6.555780300399e-15       1.459798046262e-13       1.631327197619e-14       1.888462371477e-15 
  409       2.321802154159e-10       2.846264199920e-12      -2.524352066117e-12       6.572685508396e-15       1.447780470877e-13       1.599727333651e-14       1.876736910678e-15 
  410       2.321420393087e-10       2.837990973862e-12      -2.759118261861e-12       6.589524087871e-15       1.435873998204e-13       1.568602359004e-14       1.864930940575e-15 
  411       2.321528325382e-10       2.829203592046e-12      -2.991215934888e-12       6.606298608505e-15       1.424077964449e-13       1.537949790086e-14       1.853046103295e-15 
  412       2.322121170965e-10       2.819907396314e-12      -3.220589680133e-12       6.623013886694e-15       1.412392295322e-13       1.507767857946e-14       1.841083388209e-15 
  413       2.323193942487e-10       2.810107918072e-12      -3.447183897989e-12       6.639674841483e-15       1.400816869025e-13       1.478054609051e-14       1.829043796407e-15 
  414       2.324741443837e-10       2.799810879584e-12      -3.670942795223e-12       6.656286495184e-15       1.389351515851e-13       1.448807903810e-14       1.816928340731e-15 
  415       2.326758268629e-10       2.789022195259e-12      -3.891810385882e-12       6.672853973991e-15       1.377996017776e-13       1.420025415105e-14       1.804738045798e-15 
  416       2.329238798708e-10       2.777747972940e-12      -4.109730492205e-12       6.689382508608e-15       1.366750108048e-13       1.391704626809e-14       1.792473948024e-15 
  417       2.332177202645e-10       2.765994515198e-12      -4.324646745538e-12       6.705877434854e-15       1.355613470785e-13       1.363842832317e-14       1.780137095657e-15 
  418       2.335567434234e-10       2.753768320616e-12      -4.536502587238e-12       6.722344194295e-15       1.344585740565e-13       1.336437133067e-14       1.767728548798e-15 
  419       2.339403230994e-10       2.741076085084e-12      -4.745241269589e-12       6.738788334852e-15       1.333666502021e-13       1.309484437070e-14       1.755249379429e-15 
  420       2.343678112663e-10       2.727924703086e-12      -4.950805856713e-12       6.755215511424e-15       1.322855289432e-13       1.282981457429e-14       1.742700671444e-15 
  421       2.348385379697e-10       2.714321268989e-12      -5.153139225476e-12       6.771631486508e-15       1.312151586317e-13       1.256924710871e-14       1.730083520666e-15 
  422       2.353518111770e-10       2.700273078334e-12      -5.352184066406e-12       6.788042130812e-15       1.301554825029e-13       1.231310516266e-14       1.717399034885e-15 
  423       2.359069166270e-10       2.685787629128e-12      -5.547882884596e-12       6.804453423879e-15       1.291064386347e-13       1.206134993155e-14       1.704648333875e-15 
  424       2.365031176798e-10       2.670872623129e-12      -5.740178000623e-12       6.820871454703e-15       1.280679599066e-13       1.181394060278e-14       1.691832549425e-15 
  425       2.371396551666e-10       2.655535967140e-12      -5.929011551453e-12       6.837302422347e-15       1.270399739598e-13       1.157083434093e-14       1.678952825367e-15 
  426       2.378157472394e-10       2.639785774294e-12      -6.114325491353e-12       6.853752636562e-15       1.260224031557e-13       1.133198627308e-14       1.666010317600e-15 
  427       2.385305892211e-10       2.623630365349e-12      -6.296061592805e-12       6.870228518405e-15       1.250151645354e-13       1.109734947400e-14       1.653006194115e-15 
  428       2.392833534548e-10       2.607078269977e-12      -6.474161447413e-12       6.886736600859e-15       1.240181697795e-13       1.086687495144e-14       1.639941635026e-15 
  429       2.400731891542e-10       2.590138228047e-12      -6.648566466817e-12       6.903283529450e-15       1.230313251667e-13       1.064051163138e-14       1.626817832595e-15 
  430       2.408992222530e-10       2.572819190926e-12      -6.819217883601e-12       6.919876062864e-15       1.220545315335e-13       1.041820634327e-14       1.613635991255e-15 
  431       2.417605552548e-10       2.555130322757e-12      -6.986056752206e-12       6.936521073569e-15       1.210876842335e-13       1.019990380528e-14       1.600397327642e-15 
  432       2.426562670829e-10       2.537081001759e-12      -7.149023949841e-12       6.953225548432e-15       1.201306730964e-13       9.985546609580e-15       1.587103070619e-15 
  433       2.435854129302e-10       2.518680821508e-12      -7.308060177392e-12       6.969996589334e-15       1.191833823878e-13       9.775075207547e-15       1.573754461300e-15 
  434       2.445470241090e-10       2.499939592235e-12      -7.463105960336e-12       6.986841413795e-15       1.182456907680e-13       9.568427895054e-15       1.560352753083e-15 
  435       2.455401079007e-10       2.480867342109e-12      -7.614101649647e-12       7.003767355587e-15       1.173174712517e-13       9.365540797709e-15       1.546899211670e-15 
  436       2.465636474055e-10       2.461474318529e-12      -7.760987422713e-12       7.020781865354e-15       1.163985911670e-13       9.166347856107e-15       1.533395115098e-15 
  437       2.476166013926e-10       2.441770989416e-12      -7.903703284242e-12       7.037892511231e-15       1.154889121148e-13       8.970780811083e-15       1.519841753763e-15 
  438       2.486979041497e-10       2.421768044499e-12      -8.042189067176e-12       7.055106979462e-15       1.145882899283e-13       8.778769188963e-15       1.506240430447e-15 
  439       2.498064653326e-10       2.401476396608e-12      -8.176384433599e-12       7.072433075019e-15       1.136965746320e-13       8.590240286819e-15       1.492592460347e-15 
  440       2.509411698158e-10       2.380907182962e-12      -8.306228875652e-12       7.089878722220e-15       1.128136104011e-13       8.405119157719e-15       1.478899171097e-15 
  441       2.521008775413e-10       2.360071766459e-12      -8.431661716439e-12       7.107451965348e-15       1.119392355210e-13       8.223328595978e-15       1.465161902801e-15 
  442       2.532844233692e-10       2.338981736964e-12      -8.552622110941e-12       7.125160969266e-15       1.110732823462e-13       8.044789122415e-15       1.451382008052e-15 
  443       2.544906169270e-10       2.317648912604e-12      -8.669049046929e-12       7.143014020041e-15       1.102155772600e-13       7.869418969598e-15       1.437560851965e-15 
  444       2.557182424598e-10       2.296085341052e-12      -8.780881345868e-12       7.161019525559e-15       1.093659406337e-13       7.697134067104e-15       1.423699812199e-15 
  445       2.569660586796e-10       2.274303300819e-12      -8.888057663835e-12       7.179186016143e-15       1.085241867857e-13       7.527848026764e-15       1.409800278987e-15 
  446       2.582327986159e-10       2.252315302545e-12      -8.990516492425e-12       7.197522145175e-15       1.076901239409e-13       7.361472127920e-15       1.395863655160e-15 
  447       2.595171694645e-10       2.230134090287e-12      -9.088196159667e-12       7.216036689709e-15       1.068635541903e-13       7.197915302674e-15       1.381891356177e-15 
  448       2.608178524383e-10       2.207772642808e-12      -9.181034830928e-12       7.234738551095e-15       1.060442734497e-13       7.037084121144e-15       1.367884810146e-15 
  449       2.621336275991e-10       2.185243619936e-12      -9.268981863767e-12       7.253633498993e-15       1.052321061931e-13       6.878898293051e-15       1.353845422892e-15 
  450       2.634637531110e-10       2.162557679275e-12      -9.352032275248e-12       7.272714286152e-15       1.044270109709e-13       6.723337754920e-15       1.339774471846e-15 
  451       2.648075979679e-10       2.139725107542e-12      -9.430193392115e-12       7.291970214869e-15       1.036289782268e-13       6.570397078061e-15       1.325673208771e-15 
  452       2.661645180448e-10       2.116756371534e-12      -9.503473605322e-12       7.311390363353e-15       1.028379958134e-13       6.420070084474e-15       1.311542894422e-15 
  453       2.675338560219e-10       2.093662119089e-12      -9.571882377689e-12       7.330963584415e-15       1.020540489717e-13       6.272349841310e-15       1.297384798552e-15 
  454       2.689149413081e-10       2.070453180043e-12      -9.635430251552e-12       7.350678504148e-15       1.012771203117e-13       6.127228655343e-15       1.283200199917e-15 
  455       2.703070899658e-10       2.047140567195e-12      -9.694128856420e-12       7.370523520614e-15       1.005071897915e-13       5.984698067434e-15       1.268990386281e-15 
  456       2.717096046341e-10       2.023735477265e-12      -9.747990916628e-12       7.390486802527e-15       9.974423469798e-14       5.844748847002e-15       1.254756654426e-15 
  457       2.731217744535e-10       2.000249291852e-12      -9.797030258993e-12       7.410556287938e-15       9.898822962642e-14       5.707370986487e-15       1.240500310152e-15 
  458       2.745428749898e-10       1.976693578396e-12      -9.841261820466e-12       7.430719682918e-15       9.823914646051e-14       5.572553695823e-15       1.226222668287e-15 
  459       2.759721681577e-10       1.953080091141e-12      -9.880701655786e-12       7.450964460243e-15       9.749695435229e-14       5.440285396900e-15       1.211925052690e-15 
  460       2.774089021455e-10       1.929420772089e-12      -9.915366945136e-12       7.471277858080e-15       9.676161970218e-14       5.310553718035e-15       1.197608796260e-15 
  461       2.788523113385e-10       1.905727751965e-12      -9.945276001798e-12       7.491646878668e-15       9.603310613882e-14       5.183345488439e-15       1.183275240938e-15 
  462       2.803016162436e-10       1.882013351176e-12      -9.970448279801e-12       7.512058287005e-15       9.531137449911e-14       5.058646732684e-15       1.168925737718e-15 
  463       2.817560234129e-10       1.858290080771e-12      -9.990904381585e-12       7.532498609530e-15       9.459638280816e-14       4.936442665170e-15       1.154561646645e-15 
  464       2.832147253679e-10       1.834570643399e-12      -1.000666606564e-11       7.552954132811e-15       9.388808625917e-14       4.816717684592e-15       1.140184336831e-15 
  465       2.846769005237e-10       1.810867934274e-12      -1.001775625419e-11       7.573410902224e-15       9.318643719348e-14       4.699455368412e-15       1.125795186450e-15 
  466       2.861417131127e-10       1.787195042131e-12      -1.002419904080e-11       7.593854720642e-15       9.249138508045e-14       4.584638467319e-15       1.111395582753e-15 
  467       2.876083131089e-10       1.763565250186e-12      -1.002601969808e-11       7.614271147118e-15       9.180287649747e-14       4.472248899702e-15       1.096986922067e-15 
  468       2.890758361518e-10       1.739992037101e-12      -1.002324468531e-11       7.634645495568e-15       9.112085510987e-14       4.362267746118e-15       1.082570609806e-15 
  469       2.905434034705e-10       1.716489077937e-12      -1.001590165608e-11       7.654962833454e-15       9.044526165088e-14       4.254675243755e-15       1.068148060473e-15 
  470       2.920101218077e-10       1.693070245122e-12      -1.000401946600e-11       7.675207980474e-15       8.977603390163e-14       4.149450780902e-15       1.053720697668e-15 
  471       2.934750833438e-10       1.669749609404e-12      -9.987628180297e-12       7.695365507240e-15       8.911310667104e-14       4.046572891417e-15       1.039289954093e-15 
  472       2.949373656209e-10       1.646541440815e-12      -9.966759081490e-12       7.715419733967e-15       8.845641177582e-14       3.946019249195e-15       1.024857271557e-15 
  473       2.963960314668e-10       1.623460209631e-12      -9.941444677053e-12       7.735354729152e-15       8.780587802040e-14       3.847766662634e-15       1.010424100985e-15 
  474       2.978501289189e-10       1.600520587332e-12      -9.911718707058e-12       7.755154308266e-15       8.716143117689e-14       3.751791069101e-15       9.959919024182e-16 
  475       2.992986911486e-10       1.577737447560e-12      -9.877616151833e-12       7.774802032430e-15       8.652299396506e-14       3.658067529403e-15       9.815621450267e-16 
  476       3.007407363850e-10       1.555125867084e-12      -9.839173239614e-12       7.794281207104e-15       8.589048603223e-14       3.566570222254e-15       9.671363071094e-16 
  477       3.021752678392e-10       1.532701126754e-12      -9.796427454202e-12       7.813574880772e-15       8.526382393329e-14       3.477272438740e-15       9.527158761030e-16 
  478       3.036012736281e-10       1.510478712466e-12      -9.749417542616e-12       7.832665843623e-15       8.464292111064e-14       3.390146576788e-15       9.383023485868e-16 
  479       3.050177266984e-10       1.488474316120e-12      -9.698183522747e-12       7.851536626238e-15       8.402768787410e-14       3.305164135633e-15       9.238972302888e-16 
  480       3.064235847511e-10       1.466703836580e-12      -9.642766691010e-12       7.870169498272e-15       8.341803138092e-14       3.222295710287e-15       9.095020360913e-16 
  481       3.078177901649e-10       1.445183380636e-12      -9.583209630003e-12       7.888546467141e-15       8.281385561571e-14       3.141510986005e-15       8.951182900367e-16 
  482       3.091992699208e-10       1.423929263962e-12      -9.519556216157e-12       7.906649276704e-15       8.221506137038e-14       3.062778732753e-15       8.807475253337e-16 
  483       3.105669355255e-10       1.402958012078e-12      -9.451851627392e-12       7.924459405949e-15       8.162154622412e-14       2.986066799674e-15       8.663912843626e-16 
  484       3.119196829362e-10       1.382286361308e-12      -9.380142350770e-12       7.941958067674e-15       8.103320452335e-14       2.911342109558e-15       8.520511186814e-16 
  485       3.132563924839e-10       1.361931259742e-12      -9.304476190151e-12       7.959126207178e-15       8.044992736165e-14       2.838570653310e-15       8.377285890315e-16 
  486       3.145759287982e-10       1.341909868196e-12      -9.224902273846e-12       7.975944500936e-15       7.987160255975e-14       2.767717484412e-15       8.234252653437e-16 
  487       3.158771407305e-10       1.322239561171e-12      -9.141471062269e-12       7.992393355293e-15       7.929811464544e-14       2.698746713398e-15       8.091427267436e-16 
  488       3.171590064348e-10       1.302936267328e-12      -9.054235855104e-12       8.008458885393e-15       7.872936376877e-14       2.631626955876e-15       7.948824848838e-16 
  489       3.184210735191e-10       1.284009434544e-12      -8.963257346635e-12       8.024151050698e-15       7.816532310834e-14       2.566347866484e-15       7.806457514131e-16 
  490       3.196630318624e-10       1.265466916687e-12      -8.868599221264e-12       8.039486057399e-15       7.760598313646e-14       2.502904086819e-15       7.664336635885e-16 
  491       3.208845696420e-10       1.247316620654e-12      -8.770326674662e-12       8.054480428717e-15       7.705133282814e-14       2.441289833652e-15       7.522473602893e-16 
  492       3.220853733304e-10       1.229566506497e-12      -8.668506422179e-12       8.069151006604e-15       7.650135965057e-14       2.381498896138e-15       7.380879819845e-16 
  493       3.232651276924e-10       1.212224587551e-12      -8.563206707250e-12       8.083514953425e-15       7.595604955264e-14       2.323524633023e-15       7.239566707007e-16 
  494       3.244235157821e-10       1.195298930557e-12      -8.454497309805e-12       8.097589753656e-15       7.541538695432e-14       2.267359969858e-15       7.098545699884e-16 
  495       3.255602189399e-10       1.178797655787e-12      -8.342449554678e-12       8.111393215574e-15       7.487935473623e-14       2.212997396207e-15       6.957828248900e-16 
  496       3.266749167894e-10       1.162728937168e-12      -8.227136320011e-12       8.124943472945e-15       7.434793422909e-14       2.160428962857e-15       6.817425819065e-16 
  497       3.277672872348e-10       1.147101002413e-12      -8.108632045668e-12       8.138258986723e-15       7.382110520315e-14       2.109646279026e-15       6.677349889653e-16 
  498       3.288370064575e-10       1.131922133138e-12      -7.987012741640e-12       8.151358546733e-15       7.329884585772e-14       2.060640509578e-15       6.537611953870e-16 
  499       3.298837489135e-10       1.117200664992e-12      -7.862355996451e-12       8.164261273369e-15       7.278113281064e-14       2.013402372226e-15       6.398223518527e-16 
  500       3.309071873302e-10       1.102944987783e-12      -7.734740985571e-12       8.176986619283e-15       7.226794108772e-14       1.967922134748e-15       6.259196103717e-16 
  501       3.319069927034e-10       1.089163545600e-12      -7.604248479822e-12       8.189554371076e-15       7.175924411226e-14       1.924189612195e-15       6.120541242482e-16 
  502       3.328828342946e-10       1.075864836939e-12      -7.470960853785e-12       8.201984650991e-15       7.125501369449e-14       1.882194164099e-15       5.982270480488e-16 
  503       3.338343796278e-10       1.063057414831e-12      -7.334962094211e-12       8.214297918604e-15       7.075522002107e-14       1.841924691683e-15       5.844395375696e-16 
  504       3.347612944864e-10       1.050749886961e-12      -7.196337808425e-12       8.226514972514e-15       7.025983164455e-14       1.803369635075e-15       5.706927498039e-16 
  505       3.356632429106e-10       1.038950915802e-12      -7.055175232739e-12       8.238656952039e-15       6.976881547287e-14       1.766516970514e-15       5.569878429089e-16 
  506       3.365398871942e-10       1.027669218731e-12      -6.911563240857e-12       8.250745338903e-15       6.928213675881e-14       1.731354207561e-15       5.433259761732e-16 
  507       3.373908878816e-10       1.016913568161e-12      -6.765592352285e-12       8.262801958927e-15       6.879975908946e-14       1.697868386308e-15       5.297083099841e-16 
  508       3.382159037651e-10       1.006692791663e-12      -6.617354740736e-12       8.274848983727e-15       6.832164437573e-14       1.666046074589e-15       5.161360057946e-16 
  509       3.390145918813e-10       9.970157720894e-13      -6.466944242544e-12       8.286908932397e-15       6.784775284180e-14       1.635873365192e-15       5.026102260912e-16 
  510       3.397866075091e-10       9.878914477051e-13      -6.314456365066e-12       8.299004673209e-15       6.737804301461e-14       1.607335873064e-15       4.891321343606e-16 
  511       3.405316041658e-10       9.793288123067e-13      -6.159988295094e-12       8.311159425297e-15       6.691247171333e-14       1.580418732524e-15       4.757028950569e-16 
  512       3.412492336046e-10       9.713369153507e-13      -6.003638907262e-12       8.323396760354e-15       6.645099403881e-14       1.555106594473e-15       4.623236735695e-16 
  513       3.419391458117e-10       9.639248620776e-13      -5.845508772455e-12       8.335740604320e-15       6.599356336312e-14       1.531383623603e-15       4.489956361897e-16 
  514       3.426009890028e-10       9.571018136377e-13      -5.685700166216e-12       8.348215239076e-15       6.554013131896e-14       1.509233495608e-15       4.357199500784e-16 
  515       3.432344096210e-10       9.508769872157e-13      -5.524317077154e-12       8.360845304135e-15       6.509064778917e-14       1.488639394392e-15       4.224977832328e-16 
  516       3.438390523330e-10       9.452596561564e-13      -5.361465215354e-12       8.373655798333e-15       6.464506089620e-14       1.469584009281e-15       4.093303044545e-16 
  517       3.444145600265e-10       9.402591500892e-13      -5.197252020785e-12       8.386672081519e-15       6.420331699158e-14       1.452049532230e-15       3.962186833158e-16 
  518       3.449605738072e-10       9.358848550540e-13      -5.031786671705e-12       8.399919876252e-15       6.376536064542e-14       1.436017655038e-15       3.831640901276e-16 
  519       3.454767329960e-10       9.321462136257e-13      -4.865180093074e-12       8.413425269485e-15       6.333113463584e-14       1.421469566552e-15       3.701676959065e-16 
  520       3.459626751255e-10       9.290527250397e-13      -4.697544964958e-12       8.427214714262e-15       6.290057993849e-14       1.408385949882e-15       3.572306723421e-16 
  521       3.464180359377e-10       9.266139453173e-13      -4.528995730940e-12       8.441315031410e-15       6.247363571599e-14       1.396746979605e-15       3.443541917638e-16 
  522       3.468424493806e-10       9.248394873900e-13      -4.359648606526e-12       8.455753411225e-15       6.205023930746e-14       1.386532318983e-15       3.315394271088e-16 
  523       3.472355476053e-10       9.237390212259e-13      -4.189621587557e-12       8.470557415169e-15       6.163032621793e-14       1.377721117164e-15       3.187875518888e-16 
  524       3.475969609631e-10       9.233222739535e-13      -4.019034458612e-12       8.485754977560e-15       6.121383010785e-14       1.370292006400e-15       3.060997401575e-16 
  525       3.479263180024e-10       9.235990299881e-13      -3.848008801419e-12       8.501374407262e-15       6.080068278258e-14       1.364223099250e-15       2.934771664776e-16 
  526       3.482232454660e-10       9.245791311561e-13      -3.676668003265e-12       8.517444389379e-15       6.039081418182e-14       1.359491985796e-15       2.809210058885e-16 
  527       3.484874575321e-10       9.262706572896e-13      -3.505128351366e-12       8.533986386235e-15       5.998416347504e-14       1.356075652918e-15       2.684323246229e-16 
  528       3.487190262543e-10       9.286744125170e-13      -3.333472028544e-12       8.550991606172e-15       5.958071270571e-14       1.353950245355e-15       2.560117490071e-16 
  529       3.489181185839e-10       9.317892869540e-13      -3.161773388395e-12       8.568443402067e-15       5.918045405540e-14       1.353091292544e-15       2.436597873529e-16 
  530       3.490849078374e-10       9.356140618044e-13      -2.990107806416e-12       8.586324812927e-15       5.878337881620e-14       1.353473783138e-15       2.313769383006e-16 
  531       3.492195737312e-10       9.401474086998e-13      -2.818551684573e-12       8.604618562305e-15       5.838947738499e-14       1.355072162179e-15       2.191636907399e-16 
  532       3.493223024175e-10       9.453878890407e-13      -2.647182455863e-12       8.623307056712e-15       5.799873925768e-14       1.357860328278e-15       2.070205237291e-16 
  533       3.493932865201e-10       9.513339533366e-13      -2.476078588878e-12       8.642372384031e-15       5.761115302353e-14       1.361811630788e-15       1.949479064160e-16 
  534       3.494327251693e-10       9.579839405465e-13      -2.305319592369e-12       8.661796311932e-15       5.722670635934e-14       1.366898866984e-15       1.829462979577e-16 
  535       3.494408240378e-10       9.653360774198e-13      -2.134986019812e-12       8.681560286284e-15       5.684538602380e-14       1.373094279235e-15       1.710161474407e-16 
  536       3.494177953762e-10       9.733884778360e-13      -1.965159473968e-12       8.701645429570e-15       5.646717785167e-14       1.380369552185e-15       1.591578938011e-16 
  537       3.493638580484e-10       9.821391421460e-13      -1.795922611452e-12       8.722032539298e-15       5.609206674812e-14       1.388695809924e-15       1.473719657450e-16 
  538       3.492792375672e-10       9.915859565119e-13      -1.627359147291e-12       8.742702086421e-15       5.572003668294e-14       1.398043613169e-15       1.356587816681e-16 
  539       3.491641661297e-10       1.001726692248e-12      -1.459553859492e-12       8.763634213741e-15       5.535107068484e-14       1.408382956438e-15       1.240187495763e-16 
  540       3.490188826531e-10       1.012559005161e-12      -1.292592593608e-12       8.784808734334e-15       5.498515083572e-14       1.419683265227e-15       1.124522670057e-16 
  541       3.488436328099e-10       1.024080434890e-12      -1.126562267294e-12       8.806205129953e-15       5.462225826488e-14       1.431913393184e-15       1.009597209425e-16 
  542       3.486386690636e-10       1.036288404248e-12      -9.615508748812e-13       8.827802549449e-15       5.426237314336e-14       1.445041619290e-15       8.954148774353e-17 
  543       3.484042507040e-10       1.049180218561e-12      -7.976474919316e-13       8.849579807182e-15       5.390547467815e-14       1.459035645030e-15       7.819793305620e-17 
  544       3.481406438830e-10       1.062753065012e-12      -6.349422798082e-13       8.871515381434e-15       5.355154110649e-14       1.473862591575e-15       6.692941173858e-17 
  545       3.478481216500e-10       1.077004011975e-12      -4.735264902363e-13       8.893587412826e-15       5.320054969011e-14       1.489488996952e-15       5.573626777961e-17 
  546       3.475269639874e-10       1.091930008362e-12      -3.134924698681e-13       8.915773702727e-15       5.285247670951e-14       1.505880813226e-15       4.461883421921e-17 
  547       3.471774578461e-10       1.107527882960e-12      -1.549336648467e-13       8.938051711670e-15       5.250729745823e-14       1.523003403672e-15       3.357743306846e-17 
  548       3.467998971810e-10       1.123794343771e-12       2.055374630280e-15       8.960398557768e-15       5.216498623710e-14       1.540821539953e-15       2.261237522969e-17 
  549       3.463945829866e-10       1.140725977356e-12       1.573789897464e-13       8.982791015123e-15       5.182551634851e-14       1.559299399298e-15       1.172396041665e-17 
  550       3.459618233325e-10       1.158319248171e-12       3.109404085025e-13       9.005205512243e-15       5.148886009068e-14       1.578400561674e-15       9.124770746191e-19 
  551       3.455019333989e-10       1.176570497911e-12       4.626417411530e-13       9.027618130456e-15       5.115498875193e-14       1.598088006969e-15      -9.821797699441e-18 
  552       3.450152355121e-10       1.195475944848e-12       6.123839756417e-13       9.050004602321e-15       5.082387260493e-14       1.618324112160e-15      -2.047859823675e-17 
  553       3.445020591798e-10       1.215031683173e-12       7.600669730376e-13       9.072340310044e-15       5.049548090100e-14       1.639070648496e-15      -3.105767037656e-17 
  554       3.439627411272e-10       1.235233682338e-12       9.055894629716e-13       9.094600283891e-15       5.016978186431e-14       1.660288778671e-15      -4.155877154606e-17 
  555       3.433976253320e-10       1.256077786391e-12       1.048849039072e-12       9.116759200600e-15       4.984674268621e-14       1.681939054001e-15      -5.198167084018e-17 
  556       3.428070630600e-10       1.277559713322e-12       1.189742154401e-12       9.138791381799e-15       4.952632951948e-14       1.703981411601e-15      -6.232614910150e-17 
  557       3.421914129007e-10       1.299675054402e-12       1.328164116889e-12       9.160670792415e-15       4.920850747257e-14       1.726375171560e-15      -7.259199900010e-17 
  558       3.415510408029e-10       1.322419273522e-12       1.464009084774e-12       9.182371039091e-15       4.889324060388e-14       1.749079034119e-15      -8.277902511341e-17 
  559       3.408863201102e-10       1.345787706534e-12       1.597170062035e-12       9.203865368596e-15       4.858049191604e-14       1.772051076846e-15      -9.288704400607e-17 
  560       3.401976315961e-10       1.369775560592e-12       1.727538893829e-12       9.225126666245e-15       4.827022335016e-14       1.795248751812e-15      -1.029158843098e-16 
  561       3.394853635002e-10       1.394377913494e-12       1.855006261926e-12       9.246127454306e-15       4.796239578010e-14       1.818628882768e-15      -1.128653868034e-16 
  562       3.387499115633e-10       1.419589713020e-12       1.979461680146e-12       9.266839890416e-15       4.765696900672e-14       1.842147662322e-15      -1.227354044922e-16 
  563       3.379916790628e-10       1.445405776271e-12       2.100793489796e-12       9.287235765998e-15       4.735390175217e-14       1.865760649113e-15      -1.325258026885e-16 
  564       3.372110768487e-10       1.471820789015e-12       2.218888855103e-12       9.307286504669e-15       4.705315165416e-14       1.889422764990e-15      -1.422364590910e-16 
  565       3.364085233785e-10       1.498829305022e-12       2.333633758655e-12       9.326963160658e-15       4.675467526017e-14       1.913088292188e-15      -1.518672638647e-16 
  566       3.355844511728e-10       1.526425027822e-12       2.444927261892e-12       9.346242219203e-15       4.645843465035e-14       1.936719615328e-15      -1.614180544565e-16 
  567       3.347393262904e-10       1.554598636996e-12       2.552724698991e-12       9.365123164923e-15       4.616441750473e-14       1.960313700286e-15      -1.708884180363e-16 
  568       3.338736294240e-10       1.583339904657e-12       2.656995585197e-12       9.383611362290e-15       4.587261754091e-14       1.983876290957e-15      -1.802778841307e-16 
  569       3.329878495642e-10       1.612638407055e-12       2.757709453087e-12       9.401712295118e-15       4.558302792897e-14       2.007413226519e-15      -1.895859894835e-16 
  570       3.320824840369e-10       1.642483523647e-12       2.854835853334e-12       9.419431567148e-15       4.529564128821e-14       2.030930441873e-15      -1.988122781106e-16 
  571       3.311580385417e-10       1.672864436169e-12       2.948344355479e-12       9.436774902631e-15       4.501044968390e-14       2.054433968090e-15      -2.079563013557e-16 
  572       3.302150271895e-10       1.703770127709e-12       3.038204548701e-12       9.453748146911e-15       4.472744462404e-14       2.077929932862e-15      -2.170176179460e-16 
  573       3.292539725406e-10       1.735189381778e-12       3.124386042586e-12       9.470357267008e-15       4.444661705605e-14       2.101424560941e-15      -2.259957940471e-16 
  574       3.282754056425e-10       1.767110781383e-12       3.206858467901e-12       9.486608352203e-15       4.416795736359e-14       2.124924174591e-15      -2.348904033189e-16 
  575       3.272798660677e-10       1.799522708099e-12       3.285591477357e-12       9.502507614619e-15       4.389145536324e-14       2.148435194031e-15      -2.437010269711e-16 
  576       3.262679019522e-10       1.832413341142e-12       3.360554746387e-12       9.518061389805e-15       4.361710030128e-14       2.171964137884e-15      -2.524272538184e-16 
  577       3.252400700325e-10       1.865770656438e-12       3.431717973909e-12       9.533276137318e-15       4.334488085041e-14       2.195517623619e-15      -2.610686803358e-16 
  578       3.241969356844e-10       1.899582425700e-12       3.499050883103e-12       9.548158441310e-15       4.307478510651e-14       2.219102368002e-15      -2.696249107146e-16 
  579       3.231390729604e-10       1.933836215496e-12       3.562523222174e-12       9.562715011106e-15       4.280680058541e-14       2.242725187538e-15      -2.780955569175e-16 
  580       3.220670646276e-10       1.968519386323e-12       3.622104765128e-12       9.576952681790e-15       4.254091421955e-14       2.266392998919e-15      -2.864802387342e-16 
  581       3.209815022059e-10       2.003619091679e-12       3.677765312538e-12       9.590878414791e-15       4.227711235483e-14       2.290112819471e-15      -2.947785838367e-16 
  582       3.198829860059e-10       2.039122277135e-12       3.729474692316e-12       9.604499298458e-15       4.201538074728e-14       2.313891767599e-15      -3.029902278347e-16 
  583       3.187721251664e-10       2.075015679407e-12       3.777202760483e-12       9.617822548653e-15       4.175570455981e-14       2.337737063234e-15      -3.111148143315e-16 
  584       3.176495376929e-10       2.111285825428e-12       3.820919401938e-12       9.630855509327e-15       4.149806835901e-14       2.361656028279e-15      -3.191519949791e-16 
  585       3.165158504950e-10       2.147919031422e-12       3.860594531231e-12       9.643605653106e-15       4.124245611182e-14       2.385656087052e-15      -3.271014295334e-16 
  586       3.153716994248e-10       2.184901401973e-12       3.896198093329e-12       9.656080581874e-15       4.098885118233e-14       2.409744766739e-15      -3.349627859105e-16 
  587       3.142177293143e-10       2.222218829100e-12       3.927700064387e-12       9.668288027357e-15       4.073723632849e-14       2.433929697834e-15      -3.427357402413e-16 
  588       3.130545940138e-10       2.259856991326e-12       3.955070452522e-12       9.680235851702e-15       4.048759369888e-14       2.458218614588e-15      -3.504199769273e-16 
  589       3.118829564295e-10       2.297801352753e-12       3.978279298579e-12       9.691932048069e-15       4.023990482943e-14       2.482619355455e-15      -3.580151886962e-16 
  590       3.107034885614e-10       2.336037162135e-12       3.997296676900e-12       9.703384741202e-15       3.999415064017e-14       2.507139863536e-15      -3.655210766571e-16 
  591       3.095168715416e-10       2.374549451946e-12       4.012092696100e-12       9.714602188025e-15       3.975031143199e-14       2.531788187031e-15      -3.729373503563e-16 
  592       3.083237956717e-10       2.413323037455e-12       4.022637499830e-12       9.725592778215e-15       3.950836688337e-14       2.556572479676e-15      -3.802637278322e-16 
  593       3.071249604612e-10       2.452342515799e-12       4.028901267553e-12       9.736365034790e-15       3.926829604714e-14       2.581501001199e-15      -3.874999356714e-16 
  594       3.059210746649e-10       2.491592265053e-12       4.030854215310e-12       9.746927614692e-15       3.903007734718e-14       2.606582117758e-15      -3.946457090636e-16 
  595       3.047128563213e-10       2.531056443301e-12       4.028466596492e-12       9.757289309370e-15       3.879368857522e-14       2.631824302394e-15      -4.017007918575e-16 
  596       3.035010327904e-10       2.570718987714e-12       4.021708702610e-12       9.767459045361e-15       3.855910688755e-14       2.657236135471e-15      -4.086649366160e-16 
  597       3.022863407913e-10       2.610563613616e-12       4.010550864064e-12       9.777445884877e-15       3.832630880178e-14       2.682826305127e-15      -4.155379046718e-16 
  598       3.010695264405e-10       2.650573813557e-12       3.994963450914e-12       9.787259026384e-15       3.809527019356e-14       2.708603607718e-15      -4.223194661826e-16 
  599       2.998513452896e-10       2.690732856390e-12       3.974916873650e-12       9.796907805189e-15       3.786596629336e-14       2.734576948263e-15      -4.290094001870e-16 
  600       2.986325623634e-10       2.731023786337e-12       3.950381583962e-12       9.806401694021e-15       3.763837168320e-14       2.760755340894e-15      -4.356074946595e-16 
  601       2.974139521976e-10       2.771429422065e-12       3.921328075511e-12       9.815750303615e-15       3.741246029335e-14       2.787147909298e-15      -4.421135465663e-16 
  602       2.961962988767e-10       2.811932355757e-12       3.887726884695e-12       9.824963383294e-15       3.718820539917e-14       2.813763887166e-15      -4.485273619206e-16 
  603       2.949803960724e-10       2.852514952184e-12       3.849548591425e-12       9.834050821554e-15       3.696557961774e-14       2.840612618639e-15      -4.548487558379e-16 
  604       2.937670470808e-10       2.893159347777e-12       3.806763819892e-12       9.843022646646e-15       3.674455490471e-14       2.867703558751e-15      -4.610775525921e-16 
  605       2.925569987260e-10       2.933848379431e-12       3.759353823752e-12       9.851887529640e-15       3.652510669339e-14       2.895043054539e-15      -4.672135699169e-16 
  606       2.913507412434e-10       2.974568397356e-12       3.707342520063e-12       9.860648252856e-15       3.630722642843e-14       2.922624602323e-15      -4.732565713870e-16 
  607       2.901487036527e-10       3.015306518121e-12       3.650765228225e-12       9.869306133466e-15       3.609090932751e-14       2.950438356708e-15      -4.792063130001e-16 
  608       2.889513194727e-10       3.056049700436e-12       3.589658159603e-12       9.877862511236e-15       3.587615026438e-14       2.978474328088e-15      -4.850625588768e-16 
  609       2.877590267371e-10       3.096784744525e-12       3.524058421764e-12       9.886318748613e-15       3.566294376695e-14       3.006722382031e-15      -4.908250813106e-16 
  610       2.865722680117e-10       3.137498291505e-12       3.454004022707e-12       9.894676230822e-15       3.545128401536e-14       3.035172238679e-15      -4.964936608185e-16 
  611       2.853914904098e-10       3.178176822760e-12       3.379533875102e-12       9.902936365958e-15       3.524116484012e-14       3.063813472138e-15      -5.020680861911e-16 
  612       2.842171456090e-10       3.218806659317e-12       3.300687800522e-12       9.911100585076e-15       3.503257972017e-14       3.092635509870e-15      -5.075481545428e-16 
  613       2.830496898671e-10       3.259373961227e-12       3.217506533678e-12       9.919170342289e-15       3.482552178102e-14       3.121627632082e-15      -5.129336713625e-16 
  614       2.818895840389e-10       3.299864726937e-12       3.130031726654e-12       9.927147114860e-15       3.461998379283e-14       3.150778971127e-15      -5.182244505635e-16 
  615       2.807372935918e-10       3.340264792668e-12       3.038305953138e-12       9.935032403290e-15       3.441595816849e-14       3.180078510890e-15      -5.234203145340e-16 
  616       2.795932886226e-10       3.380559831791e-12       2.942372712663e-12       9.942827731417e-15       3.421343696176e-14       3.209515086179e-15      -5.285210941873e-16 
  617       2.784580438737e-10       3.420735354204e-12       2.842276434834e-12       9.950534646508e-15       3.401241186535e-14       3.239077382124e-15      -5.335266290123e-16 
  618       2.773320387489e-10       3.460776705709e-12       2.738062483569e-12       9.958154719348e-15       3.381287420901e-14       3.268753933566e-15      -5.384367671235e-16 
  619       2.762157573303e-10       3.500669067386e-12       2.629777161329e-12       9.965689544339e-15       3.361481495764e-14       3.298533124447e-15      -5.432513653117e-16 
  620       2.751096883942e-10       3.540397454974e-12       2.517467713353e-12       9.973140739589e-15       3.341822470940e-14       3.328403187206e-15      -5.479702890937e-16 
  621       2.740143254276e-10       3.579946718242e-12       2.401182331894e-12       9.980509947004e-15       3.322309369380e-14       3.358352202171e-15      -5.525934127634e-16 
  622       2.729301666440e-10       3.619301540370e-12       2.280970160454e-12       9.987798832385e-15       3.302941176978e-14       3.388368096950e-15      -5.571206194414e-16 
  623       2.718577150004e-10       3.658446437321e-12       2.156881298014e-12       9.995009085520e-15       3.283716842385e-14       3.418438645825e-15      -5.615518011256e-16 
  624       2.707974782129e-10       3.697365757223e-12       2.028966803273e-12       1.000214242027e-14       3.264635276816e-14       3.448551469144e-15      -5.658868587417e-16 
  625       2.697499687734e-10       3.736043679741e-12       1.897278698881e-12       1.000920057469e-14       3.245695353862e-14       3.478694032713e-15      -5.701257021930e-16 
  626       2.687157039657e-10       3.774464215454e-12       1.761869975674e-12       1.001618531106e-14       3.226895909297e-14       3.508853647187e-15      -5.742682504111e-16 
  627       2.676952058816e-10       3.812611205235e-12       1.622794596906e-12       1.002309841605e-14       3.208235740890e-14       3.539017467468e-15      -5.783144314062e-16 
  628       2.666890014377e-10       3.850468319623e-12       1.480107502485e-12       1.002994170078e-14       3.189713608218e-14       3.569172492090e-15      -5.822641823172e-16 
  629       2.656976223911e-10       3.888019058200e-12       1.333864613210e-12       1.003671700091e-14       3.171328232469e-14       3.599305562618e-15      -5.861174494621e-16 
  630       2.647216053558e-10       3.925246748973e-12       1.184122834999e-12       1.004342617672e-14       3.153078296259e-14       3.629403363036e-15      -5.898741883883e-16 
  631       2.637614918194e-10       3.962134547741e-12       1.030940063131e-12       1.005007111325e-14       3.134962443435e-14       3.659452419142e-15      -5.935343639228e-16 
  632       2.628178281588e-10       3.998665437481e-12       8.743751864733e-13       1.005665372034e-14       3.116979278893e-14       3.689439097939e-15      -5.970979502229e-16 
  633       2.618911656567e-10       4.034822227717e-12       7.144880917222e-13       1.006317593276e-14       3.099127368381e-14       3.719349607028e-15      -6.005649308260e-16 
  634       2.609820605180e-10       4.070587553902e-12       5.513396676330e-13       1.006963971028e-14       3.081405238312e-14       3.749169994002e-15      -6.039352987000e-16 
  635       2.600910738860e-10       4.105943876791e-12       3.849918092562e-13       1.007604703779e-14       3.063811375577e-14       3.778886145835e-15      -6.072090562939e-16 
  636       2.592187718584e-10       4.140873481818e-12       2.155074221715e-13       1.008239992535e-14       3.046344227346e-14       3.808483788279e-15      -6.103862155880e-16 
  637       2.583657255040e-10       4.175358478473e-12       4.295042672237e-14       1.008870040832e-14       3.029002200889e-14       3.837948485252e-15      -6.134667981438e-16 
  638       2.575325108786e-10       4.209380799680e-12      -1.326142377494e-13       1.009495054746e-14       3.011783663379e-14       3.867265638232e-15      -6.164508351550e-16 
  639       2.567197090417e-10       4.242922201170e-12      -3.111206086698e-13       1.010115242897e-14       2.994686941702e-14       3.896420485653e-15      -6.193383674971e-16 
  640       2.559279060723e-10       4.275964260860e-12      -4.925016959975e-13       1.010730816466e-14       2.977710322270e-14       3.925398102292e-15      -6.221294457782e-16 
  641       2.551576930853e-10       4.308488378228e-12      -6.766894779901e-13       1.011341989195e-14       2.960852050831e-14       3.954183398665e-15      -6.248241303892e-16 
  642       2.544096662481e-10       4.340475773693e-12      -8.636148969693e-13       1.011948977407e-14       2.944110332276e-14       3.982761120416e-15      -6.274224915538e-16 
  643       2.536844267964e-10       4.371907487985e-12      -1.053207855087e-12       1.012552000004e-14       2.927483330450e-14       4.011115847716e-15      -6.299246093793e-16 
  644       2.529824947519e-10       4.402766489312e-12      -1.245396426958e-12       1.013151296332e-14       2.910969428991e-14       4.039234392715e-15      -6.323306602204e-16 
  645       2.523040478974e-10       4.433044048454e-12      -1.440104486574e-12       1.013747180163e-14       2.894568020689e-14       4.067113052713e-15      -6.346411778163e-16 
  646       2.516491769270e-10       4.462733506704e-12      -1.637254018316e-12       1.014339986946e-14       2.878278735615e-14       4.094750519933e-15      -6.368567981628e-16 
  647       2.510179712009e-10       4.491828181129e-12      -1.836765890767e-12       1.014930056093e-14       2.862101181594e-14       4.122145498398e-15      -6.389781738085e-16 
  648       2.504105187373e-10       4.520321364559e-12      -2.038559852258e-12       1.015517730988e-14       2.846034944092e-14       4.149296704016e-15      -6.410059739301e-16 
  649       2.498269062035e-10       4.548206325567e-12      -2.242554526402e-12       1.016103359002e-14       2.830079586102e-14       4.176202864667e-15      -6.429408844075e-16 
  650       2.492672189075e-10       4.575476308457e-12      -2.448667407636e-12       1.016687291511e-14       2.814234648027e-14       4.202862720287e-15      -6.447836078991e-16 
  651       2.487315407889e-10       4.602124533252e-12      -2.656814856759e-12       1.017269883905e-14       2.798499647568e-14       4.229275022954e-15      -6.465348639172e-16 
  652       2.482199544106e-10       4.628144195674e-12      -2.866912096475e-12       1.017851495609e-14       2.782874079609e-14       4.255438536971e-15      -6.481953889029e-16 
  653       2.477325409499e-10       4.653528467134e-12      -3.078873206926e-12       1.018432490091e-14       2.767357416100e-14       4.281352038956e-15      -6.497659363017e-16 
  654       2.472693801900e-10       4.678270494716e-12      -3.292611121236e-12       1.019013234882e-14       2.751949105946e-14       4.307014317922e-15      -6.512472766383e-16 
  655       2.468305505115e-10       4.702363401160e-12      -3.508037621050e-12       1.019594101585e-14       2.736648574889e-14       4.332424175365e-15      -6.526401975925e-16 
  656       2.464161288833e-10       4.725800284851e-12      -3.725063332072e-12       1.020175465895e-14       2.721455225396e-14       4.357580425351e-15      -6.539455040738e-16 
  657       2.460261908542e-10       4.748574219801e-12      -3.943597719605e-12       1.020757707609e-14       2.706368436543e-14       4.382481894595e-15      -6.551640182968e-16 
  658       2.456608105443e-10       4.770678255640e-12      -4.163549084090e-12       1.021341210643e-14       2.691387563901e-14       4.407127422554e-15      -6.562965798567e-16 
  659       2.453200606362e-10       4.792105417592e-12      -4.384824556646e-12       1.021926363047e-14       2.676511939422e-14       4.431515861508e-15      -6.573440458043e-16 
  660       2.450040123664e-10       4.812848706471e-12      -4.607330094609e-12       1.022513557015e-14       2.661740871320e-14       4.455646076644e-15      -6.583072907213e-16 
  661       2.447127355167e-10       4.832901098658e-12      -4.830970477070e-12       1.023103188906e-14       2.647073643965e-14       4.479516946146e-15      -6.591872067955e-16 
  662       2.444462984055e-10       4.852255546090e-12      -5.055649300417e-12       1.023695659253e-14       2.632509517760e-14       4.503127361275e-15      -6.599847038961e-16 
  663       2.442047678788e-10       4.870904976247e-12      -5.281268973873e-12       1.024291372780e-14       2.618047729030e-14       4.526476226458e-15      -6.607007096490e-16 
  664       2.439882093023e-10       4.888842292133e-12      -5.507730715034e-12       1.024890738417e-14       2.603687489908e-14       4.549562459371e-15      -6.613361695117e-16 
  665       2.437966865521e-10       4.906060372266e-12      -5.734934545412e-12       1.025494169312e-14       2.589427988219e-14       4.572384991027e-15      -6.618920468491e-16 
  666       2.436302620060e-10       4.922552070659e-12      -5.962779285971e-12       1.026102082848e-14       2.575268387366e-14       4.594942765856e-15      -6.623693230082e-16 
  667       2.434889965355e-10       4.938310216809e-12      -6.191162552665e-12       1.026714900656e-14       2.561207826216e-14       4.617234741799e-15      -6.627689973937e-16 
  668       2.433729494965e-10       4.953327615680e-12      -6.419980751984e-12       1.027333048630e-14       2.547245418983e-14       4.639259890382e-15      -6.630920875430e-16 
  669       2.432821787207e-10       4.967597047690e-12      -6.649129076486e-12       1.027956956942e-14       2.533380255117e-14       4.661017196812e-15      -6.633396292015e-16 
  670       2.432167405073e-10       4.981111268696e-12      -6.878501500340e-12       1.028587060054e-14       2.519611399186e-14       4.682505660055e-15      -6.635126763982e-16 
  671       2.431766896142e-10       4.993863009978e-12      -7.107990774867e-12       1.029223796735e-14       2.505937890764e-14       4.703724292925e-15      -6.636123015202e-16 
  672       2.431620792490e-10       5.005844978225e-12      -7.337488424074e-12       1.029867610077e-14       2.492358744314e-14       4.724672122167e-15      -6.636395953885e-16 
  673       2.431729610608e-10       5.017049855523e-12      -7.566884740198e-12       1.030518947503e-14       2.478872949076e-14       4.745348188544e-15      -6.635956673334e-16 
  674       2.432093851314e-10       5.027470299337e-12      -7.796068779244e-12       1.031178260789e-14       2.465479468951e-14       4.765751546922e-15      -6.634816452689e-16 
  675       2.432713999664e-10       5.037098942496e-12      -8.024928356524e-12       1.031846006074e-14       2.452177242385e-14       4.785881266352e-15      -6.632986757688e-16 
  676       2.433590524868e-10       5.045928393183e-12      -8.253350042196e-12       1.032522643874e-14       2.438965182257e-14       4.805736430163e-15      -6.630479241416e-16 
  677       2.434723880203e-10       5.053951234915e-12      -8.481219156806e-12       1.033208639102e-14       2.425842175764e-14       4.825316136037e-15      -6.627305745057e-16 
  678       2.436114502927e-10       5.061160026531e-12      -8.708419766822e-12       1.033904461073e-14       2.412807084303e-14       4.844619496103e-15      -6.623478298647e-16 
  679       2.437762814189e-10       5.067547302178e-12      -8.934834680179e-12       1.034610583529e-14       2.399858743362e-14       4.863645637019e-15      -6.619009121825e-16 
  680       2.439669218948e-10       5.073105571295e-12      -9.160345441816e-12       1.035327484645e-14       2.386995962400e-14       4.882393700054e-15      -6.613910624589e-16 
  681       2.441834105880e-10       5.077827318599e-12      -9.384832329213e-12       1.036055647049e-14       2.374217524736e-14       4.900862841180e-15      -6.608195408044e-16 
  682       2.444257847298e-10       5.081705004070e-12      -9.608174347936e-12       1.036795557832e-14       2.361522187435e-14       4.919052231151e-15      -6.601876265157e-16 
  683       2.446940274445e-10       5.084733053634e-12      -9.830258409520e-12       1.037547638244e-14       2.348908853497e-14       4.936960829268e-15      -6.594963558434e-16 
  684       2.449879091280e-10       5.086913877875e-12      -1.005100708917e-11       1.038312031082e-14       2.336377092714e-14       4.954586699186e-15      -6.587457290001e-16 
  685       2.453071426664e-10       5.088251981770e-12      -1.027035145174e-11       1.039088808793e-14       2.323926631707e-14       4.971927678669e-15      -6.579354863739e-16 
  686       2.456514355688e-10       5.088751986116e-12      -1.048822192096e-11       1.039878043375e-14       2.311557182555e-14       4.988981604621e-15      -6.570653693113e-16 
  687       2.460204899450e-10       5.088418628033e-12      -1.070454827730e-11       1.040679806383e-14       2.299268442722e-14       5.005746313110e-15      -6.561351201251e-16 
  688       2.464140024837e-10       5.087256761456e-12      -1.091925965589e-11       1.041494168918e-14       2.287060094992e-14       5.022219639399e-15      -6.551444821019e-16 
  689       2.468316644300e-10       5.085271357634e-12      -1.113228454444e-11       1.042321201624e-14       2.274931807393e-14       5.038399417968e-15      -6.540931995101e-16 
  690       2.472731615636e-10       5.082467505625e-12      -1.134355078107e-11       1.043160974690e-14       2.262883233129e-14       5.054283482547e-15      -6.529810176080e-16 
  691       2.477381741763e-10       5.078850412796e-12      -1.155298555229e-11       1.044013557840e-14       2.250914010510e-14       5.069869666139e-15      -6.518076826513e-16 
  692       2.482263770500e-10       5.074425405315e-12      -1.176051539084e-11       1.044879020332e-14       2.239023762882e-14       5.085155801047e-15      -6.505729419013e-16 
  693       2.487374394349e-10       5.069197928653e-12      -1.196606617360e-11       1.045757430955e-14       2.227212098555e-14       5.100139718905e-15      -6.492765436324e-16 
  694       2.492710250268e-10       5.063173548074e-12      -1.216956311952e-11       1.046648858026e-14       2.215478610733e-14       5.114819250701e-15      -6.479182371404e-16 
  695       2.498267919455e-10       5.056357949141e-12      -1.237093078747e-11       1.047553369383e-14       2.203822877446e-14       5.129192226807e-15      -6.464977727499e-16 
  696       2.504043927121e-10       5.048756938203e-12      -1.257009307416e-11       1.048471032385e-14       2.192244461477e-14       5.143256477002e-15      -6.450149018225e-16 
  697       2.510034742275e-10       5.040376442897e-12      -1.276697321206e-11       1.049401913906e-14       2.180742910292e-14       5.157009830505e-15      -6.434693767644e-16 
  698       2.516236777496e-10       5.031222512646e-12      -1.296149376726e-11       1.050346080333e-14       2.169317755971e-14       5.170450115999e-15      -6.418609510346e-16 
  699       2.522646388718e-10       5.021301319151e-12      -1.315357663739e-11       1.051303597562e-14       2.157968515136e-14       5.183575161655e-15      -6.401893791525e-16 
  700       2.529259875003e-10       5.010619156891e-12      -1.334314304950e-11       1.052274530993e-14       2.146694688883e-14       5.196382795165e-15      -6.384544167056e-16 
  701       2.536073478325e-10       4.999182443621e-12      -1.353011355799e-11       1.053258945529e-14       2.135495762708e-14       5.208870843768e-15      -6.366558203579e-16 
  702       2.543083383345e-10       4.986997720864e-12      -1.371440804248e-11       1.054256905570e-14       2.124371206441e-14       5.221037134271e-15      -6.347933478573e-16 
  703       2.550285717188e-10       4.974071654411e-12      -1.389594570572e-11       1.055268475010e-14       2.113320474172e-14       5.232879493085e-15      -6.328667580436e-16 
  704       2.557676549229e-10       4.960411034819e-12      -1.407464507148e-11       1.056293717236e-14       2.102343004182e-14       5.244395746245e-15      -6.308758108564e-16 
  705       2.565251890862e-10       4.946022777904e-12      -1.425042398245e-11       1.057332695118e-14       2.091438218874e-14       5.255583719442e-15      -6.288202673427e-16 
  706       2.573007695286e-10       4.930913925240e-12      -1.442319959814e-11       1.058385471014e-14       2.080605524701e-14       5.266441238046e-15      -6.266998896654e-16 
  707       2.580939857282e-10       4.915091644655e-12      -1.459288839279e-11       1.059452106758e-14       2.069844312095e-14       5.276966127138e-15      -6.245144411105e-16 
  708       2.589044212988e-10       4.898563230729e-12      -1.475940615325e-11       1.060532663665e-14       2.059153955400e-14       5.287156211531e-15      -6.222636860951e-16 
  709       2.597316539683e-10       4.881336105289e-12      -1.492266797688e-11       1.061627202517e-14       2.048533812797e-14       5.297009315803e-15      -6.199473901756e-16 
  710       2.605752555562e-10       4.863417817907e-12      -1.508258826945e-11       1.062735783569e-14       2.037983226236e-14       5.306523264321e-15      -6.175653200552e-16 
  711       2.614347919516e-10       4.844816046396e-12      -1.523908074306e-11       1.063858466542e-14       2.027501521369e-14       5.315695881268e-15      -6.151172435919e-16 
  712       2.623098230909e-10       4.825538597306e-12      -1.539205841399e-11       1.064995310615e-14       2.017088007472e-14       5.324524990671e-15      -6.126029298064e-16 
  713       2.631999029359e-10       4.805593406424e-12      -1.554143360066e-11       1.066146374430e-14       2.006741977383e-14       5.333008416429e-15      -6.100221488899e-16 
  714       2.641045794517e-10       4.784988539265e-12      -1.568711792145e-11       1.067311716080e-14       1.996462707424e-14       5.341143982338e-15      -6.073746722119e-16 
  715       2.650233945842e-10       4.763732191575e-12      -1.582902229269e-11       1.068491393110e-14       1.986249457337e-14       5.348929512119e-15      -6.046602723281e-16 
  716       2.659558842382e-10       4.741832689824e-12      -1.596705692647e-11       1.069685462515e-14       1.976101470210e-14       5.356362829447e-15      -6.018787229885e-16 
  717       2.669015782555e-10       4.719298491702e-12      -1.610113132861e-11       1.070893980730e-14       1.966017972408e-14       5.363441757974e-15      -5.990297991449e-16 
  718       2.678600003923e-10       4.696138186618e-12      -1.623115429651e-11       1.072117003634e-14       1.955998173500e-14       5.370164121362e-15      -5.961132769589e-16 
  719       2.688306682973e-10       4.672360496198e-12      -1.635703391705e-11       1.073354586539e-14       1.946041266196e-14       5.376527743302e-15      -5.931289338098e-16 
  720       2.698130934896e-10       4.647974274777e-12      -1.647867756453e-11       1.074606784193e-14       1.936146426266e-14       5.382530447550e-15      -5.900765483025e-16 
  721       2.708067813364e-10       4.622988509899e-12      -1.659599189854e-11       1.075873650772e-14       1.926312812478e-14       5.388170057949e-15      -5.869559002752e-16 
  722       2.718112403212e-10       4.597412927816e-12      -1.670889608208e-11       1.077155201482e-14       1.916539679180e-14       5.393445044025e-15      -5.837670071873e-16 
  723       2.728260100968e-10       4.571259822394e-12      -1.681736173326e-11       1.078451296516e-14       1.906826716686e-14       5.398356472030e-15      -5.805108385044e-16 
  724       2.738506339549e-10       4.544542264131e-12      -1.692137377647e-11       1.079761754747e-14       1.897173717626e-14       5.402906093368e-15      -5.771886157593e-16 
  725       2.748846495678e-10       4.517273499138e-12      -1.702091729612e-11       1.081086391897e-14       1.887580464871e-14       5.407095702760e-15      -5.738015775402e-16 
  726       2.759275889676e-10       4.489466949774e-12      -1.711597753763e-11       1.082425020526e-14       1.878046731484e-14       5.410927138430e-15      -5.703509795536e-16 
  727       2.769789785270e-10       4.461136215279e-12      -1.720653990832e-11       1.083777450017e-14       1.868572280682e-14       5.414402282273e-15      -5.668380946864e-16 
  728       2.780383389388e-10       4.432295072414e-12      -1.729258997836e-11       1.085143486570e-14       1.859156865788e-14       5.417523060036e-15      -5.632642130679e-16 
  729       2.791051851962e-10       4.402957476095e-12      -1.737411348175e-11       1.086522933182e-14       1.849800230183e-14       5.420291441491e-15      -5.596306421323e-16 
  730       2.801790265727e-10       4.373137560026e-12      -1.745109631719e-11       1.087915589639e-14       1.840502107270e-14       5.422709440608e-15      -5.559387066803e-16 
  731       2.812593666017e-10       4.342849637341e-12      -1.752352454906e-11       1.089321252501e-14       1.831262220423e-14       5.424779115735e-15      -5.521897489423e-16 
  732       2.823457030574e-10       4.312108201235e-12      -1.759138440833e-11       1.090739715095e-14       1.822080282944e-14       5.426502569772e-15      -5.483851286394e-16 
  733       2.834375279339e-10       4.280927925599e-12      -1.765466229354e-11       1.092170767494e-14       1.812955998019e-14       5.427881950345e-15      -5.445262230467e-16 
  734       2.845343274258e-10       4.249323665660e-12      -1.771334477168e-11       1.093614196512e-14       1.803889058674e-14       5.428919449985e-15      -5.406144270549e-16 
  735       2.856355819076e-10       4.217310458616e-12      -1.776741857919e-11       1.095069785687e-14       1.794879147731e-14       5.429617306298e-15      -5.366511532324e-16 
  736       2.867407659146e-10       4.184903524266e-12      -1.781687062282e-11       1.096537315272e-14       1.785925937761e-14       5.429977802147e-15      -5.326378318879e-16 
  737       2.878493481219e-10       4.152118265655e-12      -1.786168798065e-11       1.098016562220e-14       1.777029091043e-14       5.430003265822e-15      -5.285759111324e-16 
  738       2.889607913251e-10       4.118970269702e-12      -1.790185790297e-11       1.099507300172e-14       1.768188259515e-14       5.429696071218e-15      -5.244668569415e-16 
  739       2.900745524201e-10       4.085475307841e-12      -1.793736781323e-11       1.101009299446e-14       1.759403084735e-14       5.429058638013e-15      -5.203121532173e-16 
  740       2.911900823828e-10       4.051649336651e-12      -1.796820530900e-11       1.102522327022e-14       1.750673197833e-14       5.428093431837e-15      -5.161133018510e-16 
  741       2.923068262498e-10       4.017508498501e-12      -1.799435816287e-11       1.104046146535e-14       1.741998219468e-14       5.426802964455e-15      -5.118718227848e-16 
  742       2.934242230975e-10       3.983069122175e-12      -1.801581432341e-11       1.105580518253e-14       1.733377759781e-14       5.425189793936e-15      -5.075892540744e-16 
  743       2.945417060229e-10       3.948347723515e-12      -1.803256191612e-11       1.107125199075e-14       1.724811418355e-14       5.423256524834e-15      -5.032671519508e-16 
  744       2.956587021232e-10       3.913361006057e-12      -1.804458924433e-11       1.108679942511e-14       1.716298784166e-14       5.421005808360e-15      -4.989070908828e-16 
  745       2.967746324757e-10       3.878125861661e-12      -1.805188479017e-11       1.110244498674e-14       1.707839435541e-14       5.418440342559e-15      -4.945106636392e-16 
  746       2.978889121181e-10       3.842659371153e-12      -1.805443721548e-11       1.111818614267e-14       1.699432940116e-14       5.415562872483e-15      -4.900794813509e-16 
  747       2.990009500284e-10       3.806978804956e-12      -1.805223536277e-11       1.113402032566e-14       1.691078854784e-14       5.412376190371e-15      -4.856151735730e-16 
  748       3.001101491048e-10       3.771101623732e-12      -1.804526825616e-11       1.114994493415e-14       1.682776725659e-14       5.408883135822e-15      -4.811193883472e-16 
  749       3.012159061458e-10       3.735045479008e-12      -1.803352510229e-11       1.116595733206e-14       1.674526088026e-14       5.405086595970e-15      -4.765937922640e-16 
  750       3.023176118300e-10       3.698828213823e-12      -1.801699529126e-11       1.118205484874e-14       1.666326466300e-14       5.400989505660e-15      -4.720400705246e-16 
  751       3.034146506966e-10       3.662467863356e-12      -1.799566839762e-11       1.119823477879e-14       1.658177373977e-14       5.396594847624e-15      -4.674599270036e-16 
  752       3.045064011248e-10       3.625982655564e-12      -1.796953418124e-11       1.121449438195e-14       1.650078313596e-14       5.391905652657e-15      -4.628550843108e-16 
  753       3.055922353140e-10       3.589391011818e-12      -1.793858258826e-11       1.123083088299e-14       1.642028776688e-14       5.386924999791e-15      -4.582272838534e-16 
  754       3.066715192641e-10       3.552711547540e-12      -1.790280375208e-11       1.124724147156e-14       1.634028243738e-14       5.381656016471e-15      -4.535782858984e-16 
  755       3.077436127552e-10       3.515963072837e-12      -1.786218799422e-11       1.126372330210e-14       1.626076184133e-14       5.376101878731e-15      -4.489098696349e-16 
  756       3.088078693276e-10       3.479164593138e-12      -1.781672582532e-11       1.128027349369e-14       1.618172056124e-14       5.370265811371e-15      -4.442238332359e-16 
  757       3.098636362618e-10       3.442335309827e-12      -1.776640794604e-11       1.129688912994e-14       1.610315306781e-14       5.364151088129e-15      -4.395219939207e-16 
  758       3.109102545586e-10       3.405494620883e-12      -1.771122524801e-11       1.131356725883e-14       1.602505371943e-14       5.357761031860e-15      -4.348061880174e-16 
  759       3.119470589193e-10       3.368662121514e-12      -1.765116881478e-11       1.133030489265e-14       1.594741676179e-14       5.351099014708e-15      -4.300782710246e-16 
  760       3.129733777251e-10       3.331857604792e-12      -1.758622992273e-11       1.134709900781e-14       1.587023632743e-14       5.344168458285e-15      -4.253401176738e-16 
  761       3.139885918594e-10       3.295099883996e-12      -1.751640919050e-11       1.136394650697e-14       1.579350720269e-14       5.336972439695e-15      -4.205933619977e-16 
  762       3.149923124498e-10       3.258403233599e-12      -1.744174421776e-11       1.138084410470e-14       1.571722714562e-14       5.329512500977e-15      -4.158386119433e-16 
  763       3.159842064933e-10       3.221780881315e-12      -1.736228247812e-11       1.139778843934e-14       1.564139461164e-14       5.321789817183e-15      -4.110762198266e-16 
  764       3.169639383159e-10       3.185246180604e-12      -1.727807222147e-11       1.141477611049e-14       1.556600798987e-14       5.313805588564e-15      -4.063065409705e-16 
  765       3.179311695644e-10       3.148812611064e-12      -1.718916247682e-11       1.143180367891e-14       1.549106560280e-14       5.305561040656e-15      -4.015299337141e-16 
  766       3.188855591986e-10       3.112493778823e-12      -1.709560305512e-11       1.144886766630e-14       1.541656570606e-14       5.297057424374e-15      -3.967467594201e-16 
  767       3.198267634839e-10       3.076303416930e-12      -1.699744455209e-11       1.146596455526e-14       1.534250648811e-14       5.288296016114e-15      -3.919573824840e-16 
  768       3.207544359827e-10       3.040255385748e-12      -1.689473835105e-11       1.148309078911e-14       1.526888606995e-14       5.279278117835e-15      -3.871621703421e-16 
  769       3.216682275473e-10       3.004363673345e-12      -1.678753662575e-11       1.150024277176e-14       1.519570250483e-14       5.270005057165e-15      -3.823614934800e-16 
  770       3.225677863119e-10       2.968642395887e-12      -1.667589234322e-11       1.151741686758e-14       1.512295377800e-14       5.260478187486e-15      -3.775557254409e-16 
  771       3.234527576843e-10       2.933105798029e-12      -1.655985926658e-11       1.153460940130e-14       1.505063780636e-14       5.250698888032e-15      -3.727452428343e-16 
  772       3.243227843389e-10       2.897768253309e-12      -1.643949195786e-11       1.155181665781e-14       1.497875243826e-14       5.240668563983e-15      -3.679304253438e-16 
  773       3.251775062080e-10       2.862644264536e-12      -1.631484578085e-11       1.156903488211e-14       1.490729545312e-14       5.230388646556e-15      -3.631116557364e-16 
  774       3.260165604747e-10       2.827748464186e-12      -1.618597690393e-11       1.158626027910e-14       1.483626456121e-14       5.219860593104e-15      -3.582893198699e-16 
  775       3.268395815646e-10       2.793095614792e-12      -1.605294230290e-11       1.160348901350e-14       1.476565740336e-14       5.209085887206e-15      -3.534638067019e-16 
  776       3.276462011384e-10       2.758700609337e-12      -1.591579976380e-11       1.162071720971e-14       1.469547155064e-14       5.198066038761e-15      -3.486355082983e-16 
  777       3.284360480837e-10       2.724578471644e-12      -1.577460788572e-11       1.163794095165e-14       1.462570450409e-14       5.186802584084e-15      -3.438048198412e-16 
  778       3.292087485071e-10       2.690744356769e-12      -1.562942608371e-11       1.165515628267e-14       1.455635369446e-14       5.175297086000e-15      -3.389721396376e-16 
  779       3.299639257269e-10       2.657213551395e-12      -1.548031459150e-11       1.167235920538e-14       1.448741648189e-14       5.163551133935e-15      -3.341378691279e-16 
  780       3.307012002649e-10       2.624001474221e-12      -1.532733446442e-11       1.168954568153e-14       1.441889015563e-14       5.151566344014e-15      -3.293024128940e-16 
  781       3.314201898385e-10       2.591123676356e-12      -1.517054758219e-11       1.170671163190e-14       1.435077193377e-14       5.139344359151e-15      -3.244661786680e-16 
  782       3.321205093531e-10       2.558595841707e-12      -1.501001665175e-11       1.172385293613e-14       1.428305896295e-14       5.126886849145e-15      -3.196295773403e-16 
  783       3.328017708942e-10       2.526433787379e-12      -1.484580521011e-11       1.174096543262e-14       1.421574831806e-14       5.114195510777e-15      -3.147930229682e-16 
  784       3.334635837196e-10       2.494653464059e-12      -1.467797762714e-11       1.175804491837e-14       1.414883700197e-14       5.101272067896e-15      -3.099569327845e-16 
  785       3.341055542514e-10       2.463270956410e-12      -1.450659910846e-11       1.177508714888e-14       1.408232194523e-14       5.088118271521e-15      -3.051217272052e-16 
  786       3.347272860686e-10       2.432302483466e-12      -1.433173569821e-11       1.179208783800e-14       1.401620000580e-14       5.074735899932e-15      -3.002878298386e-16 
  787       3.353283798987e-10       2.401764399022e-12      -1.415345428193e-11       1.180904265778e-14       1.395046796876e-14       5.061126758761e-15      -2.954556674935e-16 
  788       3.359084336103e-10       2.371673192025e-12      -1.397182258936e-11       1.182594723836e-14       1.388512254602e-14       5.047292681091e-15      -2.906256701874e-16 
  789       3.364670422052e-10       2.342045486966e-12      -1.378690919728e-11       1.184279716786e-14       1.382016037602e-14       5.033235527547e-15      -2.857982711551e-16 
  790       3.370037978104e-10       2.312898044275e-12      -1.359878353233e-11       1.185958799220e-14       1.375557802349e-14       5.018957186391e-15      -2.809739068570e-16 
  791       3.375182896706e-10       2.284247760709e-12      -1.340751587385e-11       1.187631521498e-14       1.369137197911e-14       5.004459573615e-15      -2.761530169875e-16 
  792       3.380101041400e-10       2.256111669746e-12      -1.321317735672e-11       1.189297429738e-14       1.362753865926e-14       4.989744633035e-15      -2.713360444836e-16 
  793       3.384788246747e-10       2.228506941978e-12      -1.301583997418e-11       1.190956065800e-14       1.356407440571e-14       4.974814336387e-15      -2.665234355329e-16 
  794       3.389240318248e-10       2.201450885499e-12      -1.281557658064e-11       1.192606967273e-14       1.350097548537e-14       4.959670683417e-15      -2.617156395823e-16 
  795       3.393453032268e-10       2.174960946303e-12      -1.261246089455e-11       1.194249667461e-14       1.343823808996e-14       4.944315701981e-15      -2.569131093465e-16 
  796       3.397422135953e-10       2.149054708670e-12      -1.240656750121e-11       1.195883695374e-14       1.337585833576e-14       4.928751448133e-15      -2.521163008159e-16 
  797       3.401143347156e-10       2.123749895561e-12      -1.219797185559e-11       1.197508575709e-14       1.331383226330e-14       4.912980006222e-15      -2.473256732655e-16 
  798       3.404612354358e-10       2.099064369010e-12      -1.198675028516e-11       1.199123828840e-14       1.325215583709e-14       4.897003488984e-15      -2.425416892632e-16 
  799       3.407824816589e-10       2.075016130517e-12      -1.177297999277e-11       1.200728970805e-14       1.319082494533e-14       4.880824037639e-15      -2.377648146779e-16 
  800       3.410777067299e-10       2.051621075419e-12      -1.155673894698e-11       1.202323552474e-14       1.312983592322e-14       4.864443654479e-15      -2.329954528485e-16 
  801       3.413468240212e-10       2.028886210324e-12      -1.133810554547e-11       1.203907277872e-14       1.306918713399e-14       4.847863697096e-15      -2.282337457561e-16 
  802       3.415898182097e-10       2.006816312743e-12      -1.111715895114e-11       1.205479887986e-14       1.300887741613e-14       4.831085375116e-15      -2.234797692419e-16 
  803       3.418066752375e-10       1.985416165871e-12      -1.089397920678e-11       1.207041121776e-14       1.294890556224e-14       4.814109916929e-15      -2.187335985142e-16 
  804       3.419973823184e-10       1.964690558555e-12      -1.066864723785e-11       1.208590716168e-14       1.288927031882e-14       4.796938569751e-15      -2.139953081443e-16 
  805       3.421619279423e-10       1.944644285268e-12      -1.044124485535e-11       1.210128406048e-14       1.282997038611e-14       4.779572599688e-15      -2.092649720631e-16 
  806       3.423003018811e-10       1.925282146081e-12      -1.021185475859e-11       1.211653924256e-14       1.277100441787e-14       4.762013291796e-15      -2.045426635567e-16 
  807       3.424124951940e-10       1.906608946631e-12      -9.980560537976e-12       1.213167001580e-14       1.271237102123e-14       4.744261950147e-15      -1.998284552626e-16 
  808       3.424985002326e-10       1.888629498095e-12      -9.747446677882e-12       1.214667366750e-14       1.265406875647e-14       4.726319897889e-15      -1.951224191659e-16 
  809       3.425583106465e-10       1.871348617163e-12      -9.512598559407e-12       1.216154746433e-14       1.259609613684e-14       4.708188477312e-15      -1.904246265951e-16 
  810       3.425919213887e-10       1.854771126003e-12      -9.276102463205e-12       1.217628865226e-14       1.253845162839e-14       4.689869049904e-15      -1.857351482186e-16 
  811       3.425993287206e-10       1.838901852240e-12      -9.038045572292e-12       1.219089445652e-14       1.248113364975e-14       4.671362996421e-15      -1.810540540403e-16 
  812       3.425805302180e-10       1.823745628922e-12      -8.798515974853e-12       1.220536208151e-14       1.242414057198e-14       4.652671716945e-15      -1.763814133958e-16 
  813       3.425355247756e-10       1.809307294493e-12      -8.557602667055e-12       1.221968871077e-14       1.236747071834e-14       4.633796630948e-15      -1.717172949487e-16 
  814       3.424643126131e-10       1.795591692766e-12      -8.315395555851e-12       1.223387150691e-14       1.231112236416e-14       4.614739177355e-15      -1.670617666865e-16 
  815       3.423668952804e-10       1.782603672893e-12      -8.071985461794e-12       1.224790761155e-14       1.225509373660e-14       4.595500814606e-15      -1.624148959165e-16 
  816       3.422432756625e-10       1.770348089333e-12      -7.827464121843e-12       1.226179414527e-14       1.219938301446e-14       4.576083020718e-15      -1.577767492622e-16 
  817       3.420934579854e-10       1.758829801831e-12      -7.581924192174e-12       1.227552820752e-14       1.214398832805e-14       4.556487293349e-15      -1.531473926592e-16 
  818       3.419174478214e-10       1.748053675381e-12      -7.335459250988e-12       1.228910687662e-14       1.208890775895e-14       4.536715149860e-15      -1.485268913512e-16 
  819       3.417152520940e-10       1.738024580206e-12      -7.088163801322e-12       1.230252720965e-14       1.203413933983e-14       4.516768127378e-15      -1.439153098861e-16 
  820       3.414868790839e-10       1.728747391720e-12      -6.840133273855e-12       1.231578624241e-14       1.197968105427e-14       4.496647782856e-15      -1.393127121123e-16 
  821       3.412323384338e-10       1.720226990507e-12      -6.591464029720e-12       1.232888098934e-14       1.192553083659e-14       4.476355693141e-15      -1.347191611743e-16 
  822       3.409516411541e-10       1.712468262288e-12      -6.342253363314e-12       1.234180844352e-14       1.187168657164e-14       4.455893455030e-15      -1.301347195094e-16 
  823       3.406447996281e-10       1.705476097895e-12      -6.092599505104e-12       1.235456557654e-14       1.181814609459e-14       4.435262685338e-15      -1.255594488430e-16 
  824       3.403118276175e-10       1.699255393241e-12      -5.842601624437e-12       1.236714933849e-14       1.176490719082e-14       4.414465020959e-15      -1.209934101855e-16 
  825       3.399527402676e-10       1.693811049290e-12      -5.592359832352e-12       1.237955665787e-14       1.171196759563e-14       4.393502118924e-15      -1.164366638276e-16 
  826       3.395675541129e-10       1.689147972031e-12      -5.341975184385e-12       1.239178444156e-14       1.165932499414e-14       4.372375656474e-15      -1.118892693370e-16 
  827       3.391562870820e-10       1.685271072449e-12      -5.091549683383e-12       1.240382957474e-14       1.160697702105e-14       4.351087331111e-15      -1.073512855539e-16 
  828       3.387189585034e-10       1.682185266495e-12      -4.841186282308e-12       1.241568892083e-14       1.155492126048e-14       4.329638860669e-15      -1.028227705877e-16 
  829       3.382555891108e-10       1.679895475057e-12      -4.590988887050e-12       1.242735932146e-14       1.150315524576e-14       4.308031983372e-15      -9.830378181228e-17 
  830       3.377662010483e-10       1.678406623933e-12      -4.341062359235e-12       1.243883759638e-14       1.145167645926e-14       4.286268457898e-15      -9.379437586292e-17 
  831       3.372508178758e-10       1.677723643802e-12      -4.091512519034e-12       1.245012054339e-14       1.140048233220e-14       4.264350063443e-15      -8.929460863175e-17 
  832       3.367094645744e-10       1.677851470196e-12      -3.842446147973e-12       1.246120493835e-14       1.134957024445e-14       4.242278599780e-15      -8.480453526407e-17 
  833       3.361421675517e-10       1.678795043468e-12      -3.593970991740e-12       1.247208753503e-14       1.129893752436e-14       4.220055887328e-15      -8.032421015436e-17 
  834       3.355489546473e-10       1.680559308768e-12      -3.346195762998e-12       1.248276506512e-14       1.124858144856e-14       4.197683767205e-15      -7.585368694237e-17 
  835       3.349298551380e-10       1.683149216010e-12      -3.099230144189e-12       1.249323423814e-14       1.119849924177e-14       4.175164101301e-15      -7.139301850919e-17 
  836       3.342848997433e-10       1.686569719849e-12      -2.853184790350e-12       1.250349174139e-14       1.114868807663e-14       4.152498772333e-15      -6.694225697329e-17 
  837       3.336141206305e-10       1.690825779644e-12      -2.608171331915e-12       1.251353423988e-14       1.109914507349e-14       4.129689683910e-15      -6.250145368660e-17 
  838       3.329175514204e-10       1.695922359439e-12      -2.364302377530e-12       1.252335837630e-14       1.104986730024e-14       4.106738760598e-15      -5.807065923061e-17 
  839       3.321952679867e-10       1.701862498658e-12      -2.121682719059e-12       1.253296131238e-14       1.100085213623e-14       4.083648501650e-15      -5.365003467819e-17 
  840       3.314475116217e-10       1.708641487488e-12      -1.880382773222e-12       1.254234236357e-14       1.095209837145e-14       4.060423652644e-15      -4.924018750903e-17 
  841       3.306745680237e-10       1.716252590117e-12      -1.640464683515e-12       1.255150139268e-14       1.090360512608e-14       4.037069563054e-15      -4.484184153005e-17 
  842       3.298767267096e-10       1.724688964463e-12      -1.401991077454e-12       1.256043827107e-14       1.085537148802e-14       4.013591635364e-15      -4.045572615412e-17 
  843       3.290542810268e-10       1.733943661817e-12      -1.165025067885e-12       1.256915287867e-14       1.080739651274e-14       3.989995325229e-15      -3.608257641507e-17 
  844       3.282075281658e-10       1.744009626488e-12      -9.296302542947e-13       1.257764510398e-14       1.075967922316e-14       3.966286141632e-15      -3.172313298272e-17 
  845       3.273367691723e-10       1.754879695442e-12      -6.958707241210e-13       1.258591484416e-14       1.071221860952e-14       3.942469647040e-15      -2.737814217787e-17 
  846       3.264423089596e-10       1.766546597948e-12      -4.638110540663e-13       1.259396200503e-14       1.066501362928e-14       3.918551457559e-15      -2.304835598734e-17 
  847       3.255244563210e-10       1.779002955221e-12      -2.335163114070e-13       1.260178650111e-14       1.061806320694e-14       3.894537243095e-15      -1.873453207894e-17 
  848       3.245835239419e-10       1.792241280060e-12      -5.052055305686e-15       1.260938825563e-14       1.057136623398e-14       3.870432727507e-15      -1.443743381655e-17 
  849       3.236198284122e-10       1.806253976498e-12       2.215156618785e-13       1.261676720062e-14       1.052492156867e-14       3.846243688767e-15      -1.015783027507e-17 
  850       3.226336902388e-10       1.821033339442e-12       4.461202932779e-13       1.262392327690e-14       1.047872803601e-14       3.821975959112e-15      -5.896496255465e-18 
  851       3.216254338574e-10       1.836571554311e-12       6.686947962059e-13       1.263085643410e-14       1.043278442755e-14       3.797635425208e-15      -1.654212299768e-18 
  852       3.205953876454e-10       1.852860696688e-12       8.891716308449e-13       1.263756663074e-14       1.038708950128e-14       3.773228028301e-15       2.568235293898e-18 
  853       3.195438839338e-10       1.869892731955e-12       1.107482758936e-12       1.264405383423e-14       1.034164198153e-14       3.748759764377e-15       6.770054456315e-18 
  854       3.184712590197e-10       1.887659514940e-12       1.323559642467e-12       1.265031802093e-14       1.029644055881e-14       3.724236684315e-15       1.095044733215e-17 
  855       3.173778531784e-10       1.906152789557e-12       1.537333242362e-12       1.265635917615e-14       1.025148388970e-14       3.699664894052e-15       1.510861026496e-17 
  856       3.162640106761e-10       1.925364188454e-12       1.748734017169e-12       1.266217729419e-14       1.020677059672e-14       3.675050554729e-15       1.924373378214e-17 
  857       3.151300797817e-10       1.945285232650e-12       1.957691921751e-12       1.266777237841e-14       1.016229926822e-14       3.650399882856e-15       2.335500257995e-17 
  858       3.139764127794e-10       1.965907331181e-12       2.164136405972e-12       1.267314444122e-14       1.011806845822e-14       3.625719150466e-15       2.744159550848e-17 
  859       3.128033659811e-10       1.987221780741e-12       2.367996413387e-12       1.267829350414e-14       1.007407668633e-14       3.601014685273e-15       3.150268555666e-17 
  860       3.116112997385e-10       2.009219765329e-12       2.569200379931e-12       1.268321959782e-14       1.003032243758e-14       3.576292870826e-15       3.553743983720e-17 
  861       3.104005784554e-10       2.031892355885e-12       2.767676232609e-12       1.268792276206e-14       9.986804162321e-15       3.551560146670e-15       3.954501957163e-17 
  862       3.091715706000e-10       2.055230509940e-12       2.963351388183e-12       1.269240304590e-14       9.943520276102e-15       3.526823008498e-15       4.352458007525e-17 
  863       3.079246487176e-10       2.079225071254e-12       3.156152751859e-12       1.269666050758e-14       9.900469159525e-15       3.502088008315e-15       4.747527074213e-17 
  864       3.066601894423e-10       2.103866769462e-12       3.346006715982e-12       1.270069521462e-14       9.857649158131e-15       3.477361754586e-15       5.139623503010e-17 
  865       3.053785735096e-10       2.129146219713e-12       3.532839158719e-12       1.270450724384e-14       9.815058582275e-15       3.452650912400e-15       5.528661044574e-17 
  866       3.040801857688e-10       2.155053922318e-12       3.716575442748e-12       1.270809668140e-14       9.772695706998e-15       3.427962203622e-15       5.914552852935e-17 
  867       3.027654151952e-10       2.181580262388e-12       3.897140413952e-12       1.271146362282e-14       9.730558771901e-15       3.403302407056e-15       6.297211483994e-17 
  868       3.014346549024e-10       2.208715509479e-12       4.074458400102e-12       1.271460817303e-14       9.688645981022e-15       3.378678358594e-15       6.676548894025e-17 
  869       3.000883021544e-10       2.236449817237e-12       4.248453209549e-12       1.271753044638e-14       9.646955502705e-15       3.354096951379e-15       7.052476438168e-17 
  870       2.987267583785e-10       2.264773223036e-12       4.419048129912e-12       1.272023056670e-14       9.605485469482e-15       3.329565135959e-15       7.424904868933e-17 
  871       2.973504291769e-10       2.293675647626e-12       4.586165926766e-12       1.272270866733e-14       9.564233977941e-15       3.305089920445e-15       7.793744334694e-17 
  872       2.959597243394e-10       2.323146894772e-12       4.749728842333e-12       1.272496489113e-14       9.523199088602e-15       3.280678370667e-15       8.158904378193e-17 
  873       2.945550578557e-10       2.353176650897e-12       4.909658594169e-12       1.272699939053e-14       9.482378825795e-15       3.256337610331e-15       8.520293935032e-17 
  874       2.931368479276e-10       2.383754484730e-12       5.065876373851e-12       1.272881232756e-14       9.441771177528e-15       3.232074821178e-15       8.877821332180e-17 
  875       2.917055169813e-10       2.414869846941e-12       5.218302845672e-12       1.273040387391e-14       9.401374095367e-15       3.207897243136e-15       9.231394286463e-17 
  876       2.902614916798e-10       2.446512069790e-12       5.366858145323e-12       1.273177421092e-14       9.361185494307e-15       3.183812174484e-15       9.580919903069e-17 
  877       2.888052029351e-10       2.478670366767e-12       5.511461878585e-12       1.273292352962e-14       9.321203252648e-15       3.159826972001e-15       9.926304674044e-17 
  878       2.873370782289e-10       2.511333377992e-12       5.652044999474e-12       1.273385238415e-14       9.281425468155e-15       3.135947487425e-15       1.026747408953e-16 
  879       2.858575184091e-10       2.544487798838e-12       5.788585663788e-12       1.273456275835e-14       9.241851231455e-15       3.112173347998e-15       1.060443183187e-16 
  880       2.843669205321e-10       2.578119727798e-12       5.921073969092e-12       1.273505701693e-14       9.202479865252e-15       3.088502597760e-15       1.093720156276e-16 
  881       2.828656855302e-10       2.612215118237e-12       6.049500129830e-12       1.273533755385e-14       9.163310669117e-15       3.064933254052e-15       1.126580740122e-16 
  882       2.813542182229e-10       2.646759777957e-12       6.173854477859e-12       1.273540679237e-14       9.124342919405e-15       3.041463307438e-15       1.159027392517e-16 
  883       2.798329273280e-10       2.681739368778e-12       6.294127462984e-12       1.273526718517e-14       9.085575869168e-15       3.018090721607e-15       1.191062617300e-16 
  884       2.783022254728e-10       2.717139406107e-12       6.410309653496e-12       1.273492121444e-14       9.047008748069e-15       2.994813433296e-15       1.222688964504e-16 
  885       2.767625292051e-10       2.752945258507e-12       6.522391736707e-12       1.273437139194e-14       9.008640762297e-15       2.971629352202e-15       1.253909030518e-16 
  886       2.752142590042e-10       2.789142147274e-12       6.630364519486e-12       1.273362025910e-14       8.970471094483e-15       2.948536360891e-15       1.284725458242e-16 
  887       2.736578392925e-10       2.825715146007e-12       6.734218928794e-12       1.273267038712e-14       8.932498903609e-15       2.925532314718e-15       1.315140937236e-16 
  888       2.720936984457e-10       2.862649180180e-12       6.833946012221e-12       1.273152437706e-14       8.894723324928e-15       2.902615041735e-15       1.345158203880e-16 
  889       2.705222688050e-10       2.899929026715e-12       6.929536938522e-12       1.273018485989e-14       8.857143469874e-15       2.879782342610e-15       1.374780041526e-16 
  890       2.689439866873e-10       2.937539313554e-12       7.020982998152e-12       1.272865449664e-14       8.819758425978e-15       2.857031990536e-15       1.404009280655e-16 
  891       2.673592923968e-10       2.975464519231e-12       7.108275603802e-12       1.272693597842e-14       8.782567256783e-15       2.834361731150e-15       1.432848799030e-16 
  892       2.657686302361e-10       3.013688972444e-12       7.191406290937e-12       1.272503202659e-14       8.745569001757e-15       2.811769282441e-15       1.461301521853e-16 
  893       2.641724485170e-10       3.052196851629e-12       7.270366718330e-12       1.272294539275e-14       8.708762676208e-15       2.789252334668e-15       1.489370421916e-16 
  894       2.625711995720e-10       3.090972184530e-12       7.345148668596e-12       1.272067885892e-14       8.672147271197e-15       2.766808550272e-15       1.517058519759e-16 
  895       2.609653397650e-10       3.129998847772e-12       7.415744048733e-12       1.271823523758e-14       8.635721753453e-15       2.744435563788e-15       1.544368883826e-16 
  896       2.593553295028e-10       3.169260566433e-12       7.482144890653e-12       1.271561737176e-14       8.599485065288e-15       2.722130981764e-15       1.571304630615e-16 
  897       2.577416332459e-10       3.208740913619e-12       7.544343351722e-12       1.271282813513e-14       8.563436124510e-15       2.699892382669e-15       1.597868924837e-16 
  898       2.561247195199e-10       3.248423310030e-12       7.602331715292e-12       1.270987043211e-14       8.527573824337e-15       2.677717316811e-15       1.624064979571e-16 
  899       2.545050609263e-10       3.288291023539e-12       7.656102391240e-12       1.270674719794e-14       8.491897033314e-15       2.655603306246e-15       1.649896056414e-16 
  900       2.528831341539e-10       3.328327168760e-12       7.705647916503e-12       1.270346139876e-14       8.456404595222e-15       2.633547844697e-15       1.675365465641e-16 
  901       2.512594199895e-10       3.368514706622e-12       7.750960955613e-12       1.270001603172e-14       8.421095328999e-15       2.611548397465e-15       1.700476566359e-16 
  902       2.496344033297e-10       3.408836443941e-12       7.792034301233e-12       1.269641412504e-14       8.385968028647e-15       2.589602401343e-15       1.725232766659e-16 
  903       2.480085731911e-10       3.449275032991e-12       7.828860874695e-12       1.269265873815e-14       8.351021463153e-15       2.567707264529e-15       1.749637523773e-16 
  904       2.463824227223e-10       3.489812971078e-12       7.861433726534e-12       1.268875296172e-14       8.316254376398e-15       2.545860366541e-15       1.773694344229e-16 
  905       2.447564492145e-10       3.530432600112e-12       7.889746037024e-12       1.268469991776e-14       8.281665487074e-15       2.524059058131e-15       1.797406784005e-16 
  906       2.431311541125e-10       3.571116106178e-12       7.913791116715e-12       1.268050275976e-14       8.247253488597e-15       2.502300661198e-15       1.820778448683e-16 
  907       2.415070430262e-10       3.611845519108e-12       7.933562406967e-12       1.267616467271e-14       8.213017049022e-15       2.480582468699e-15       1.843812993607e-16 
  908       2.398846257417e-10       3.652602712055e-12       7.949053480490e-12       1.267168887322e-14       8.178954810958e-15       2.458901744570e-15       1.866514124034e-16 
  909       2.382644162318e-10       3.693369401066e-12       7.960258041872e-12       1.266707860962e-14       8.145065391479e-15       2.437255723632e-15       1.888885595292e-16 
  910       2.366469326680e-10       3.734127144650e-12       7.967169928126e-12       1.266233716202e-14       8.111347382043e-15       2.415641611508e-15       1.910931212931e-16 
  911       2.350326974308e-10       3.774857343355e-12       7.969783109216e-12       1.265746784243e-14       8.077799348401e-15       2.394056584538e-15       1.932654832883e-16 
  912       2.334222371214e-10       3.815541239336e-12       7.968091688597e-12       1.265247399482e-14       8.044419830515e-15       2.372497789691e-15       1.954060361612e-16 
  913       2.318160825725e-10       3.856159915932e-12       7.962089903754e-12       1.264735899521e-14       8.011207342472e-15       2.350962344479e-15       1.975151756272e-16 
  914       2.302147688596e-10       3.896694297232e-12       7.951772126730e-12       1.264212625180e-14       7.978160372396e-15       2.329447336871e-15       1.995933024860e-16 
  915       2.286188353117e-10       3.937125147654e-12       7.937132864671e-12       1.263677920500e-14       7.945277382363e-15       2.307949825207e-15       2.016408226371e-16 
  916       2.270288255229e-10       3.977433071514e-12       7.918166760355e-12       1.263132132754e-14       7.912556808319e-15       2.286466838110e-15       2.036581470955e-16 
  917       2.254452414579e-10       4.017599762540e-12       7.894876585379e-12       1.262575608038e-14       7.879997245851e-15       2.264996140450e-15       2.056455818529e-16 
  918       2.238684049451e-10       4.057611775098e-12       7.867297358099e-12       1.262008677933e-14       7.847598010945e-15       2.243538544773e-15       2.076029955096e-16 
  919       2.222985940002e-10       4.097456812168e-12       7.835472610781e-12       1.261431672644e-14       7.815358587990e-15       2.222095636502e-15       2.095301463811e-16 
  920       2.207360885360e-10       4.137122480594e-12       7.799446433438e-12       1.260844925415e-14       7.783278444664e-15       2.200669011252e-15       2.114267921725e-16 
  921       2.191811703673e-10       4.176596290834e-12       7.759263475500e-12       1.260248772532e-14       7.751357031878e-15       2.179260274852e-15       2.132926899776e-16 
  922       2.176341232152e-10       4.215865656714e-12       7.714968947497e-12       1.259643553331e-14       7.719593783712e-15       2.157871043366e-15       2.151275962794e-16 
  923       2.160952327118e-10       4.254917895172e-12       7.666608622729e-12       1.259029610212e-14       7.687988117357e-15       2.136502943121e-15       2.169312669493e-16 
  924       2.145647864047e-10       4.293740226015e-12       7.614228838940e-12       1.258407288640e-14       7.656539433060e-15       2.115157610722e-15       2.187034572472e-16 
  925       2.130430737616e-10       4.332319771665e-12       7.557876500000e-12       1.257776937158e-14       7.625247114057e-15       2.093836693082e-15       2.204439218214e-16 
  926       2.115303861750e-10       4.370643556910e-12       7.497599077573e-12       1.257138907396e-14       7.594110526523e-15       2.072541847441e-15       2.221524147080e-16 
  927       2.100270169663e-10       4.408698508657e-12       7.433444612795e-12       1.256493554072e-14       7.563129019504e-15       2.051274741393e-15       2.238286893308e-16 
  928       2.085332613911e-10       4.446471455680e-12       7.365461717952e-12       1.255841235009e-14       7.532301924863e-15       2.030037052902e-15       2.254724985014e-16 
  929       2.070494166430e-10       4.483949128371e-12       7.293699578152e-12       1.255182311140e-14       7.501628557218e-15       2.008830470332e-15       2.270835944185e-16 
  930       2.055757818588e-10       4.521118158489e-12       7.218207952999e-12       1.254517146512e-14       7.471108213886e-15       1.987656692466e-15       2.286617286680e-16 
  931       2.041126581226e-10       4.557965078915e-12       7.139037178275e-12       1.253846108300e-14       7.440740174821e-15       1.966517428531e-15       2.302066522227e-16 
  932       2.026603484705e-10       4.594476323396e-12       7.056238167606e-12       1.253169566815e-14       7.410523702553e-15       1.945414398217e-15       2.317181154420e-16 
  933       2.012191578955e-10       4.630638226301e-12       6.969862414144e-12       1.252487895506e-14       7.380458042135e-15       1.924349331707e-15       2.331958680719e-16 
  934       1.997893933516e-10       4.666437022369e-12       6.879961992241e-12       1.251801470976e-14       7.350542421076e-15       1.903323969693e-15       2.346396592445e-16 
  935       1.983713637584e-10       4.701858846457e-12       6.786589559124e-12       1.251110672985e-14       7.320776049290e-15       1.882340063401e-15       2.360492374779e-16 
  936       1.969653800061e-10       4.736889733296e-12       6.689798356567e-12       1.250415884460e-14       7.291158119027e-15       1.861399374618e-15       2.374243506760e-16 
  937       1.955717549597e-10       4.771515617238e-12       6.589642212571e-12       1.249717491503e-14       7.261687804823e-15       1.840503675708e-15       2.387647461283e-16 
  938       1.941908034635e-10       4.805722332005e-12       6.486175543039e-12       1.249015883401e-14       7.232364263436e-15       1.819654749640e-15       2.400701705097e-16 
  939       1.928228423459e-10       4.839495610442e-12       6.379453353446e-12       1.248311452630e-14       7.203186633785e-15       1.798854390011e-15       2.413403698802e-16 
  940       1.914681904238e-10       4.872821084268e-12       6.269531240522e-12       1.247604594867e-14       7.174154036897e-15       1.778104401064e-15       2.425750896845e-16 
  941       1.901271685075e-10       4.905684283823e-12       6.156465393920e-12       1.246895708997e-14       7.145265575841e-15       1.757406597717e-15       2.437740747523e-16 
  942       1.888000994047e-10       4.938070637821e-12       6.040312597896e-12       1.246185197121e-14       7.116520335671e-15       1.736762805582e-15       2.449370692975e-16 
  943       1.874873079255e-10       4.969965473100e-12       5.921130232982e-12       1.245473464565e-14       7.087917383371e-15       1.716174860990e-15       2.460638169185e-16 
  944       1.861891208869e-10       5.001354014373e-12       5.798976277665e-12       1.244760919885e-14       7.059455767789e-15       1.695644611013e-15       2.471540605976e-16 
  945       1.849058671170e-10       5.032221383978e-12       5.673909310055e-12       1.244047974880e-14       7.031134519581e-15       1.675173913485e-15       2.482075427008e-16 
  946       1.836378774603e-10       5.062552601626e-12       5.545988509568e-12       1.243335044599e-14       7.002952651152e-15       1.654764637030e-15       2.492240049778e-16 
  947       1.823854847814e-10       5.092332584154e-12       5.415273658596e-12       1.242622547345e-14       6.974909156597e-15       1.634418661079e-15       2.502031885617e-16 
  948       1.811490239704e-10       5.121546145277e-12       5.281825144186e-12       1.241910904690e-14       6.947003011639e-15       1.614137875900e-15       2.511448339686e-16 
  949       1.799288319468e-10       5.150177995335e-12       5.145703959712e-12       1.241200541475e-14       6.919233173574e-15       1.593924182612e-15       2.520486810977e-16 
  950       1.787252476644e-10       5.178212741044e-12       5.006971706552e-12       1.240491885828e-14       6.891598581206e-15       1.573779493215e-15       2.529144692309e-16 
  951       1.775386121157e-10       5.205634885249e-12       4.865690595764e-12       1.239785369163e-14       6.864098154796e-15       1.553705730612e-15       2.537419370323e-16 
  952       1.763692683366e-10       5.232428826670e-12       4.721923449760e-12       1.239081426194e-14       6.836730795993e-15       1.533704828627e-15       2.545308225486e-16 
  953       1.752175614111e-10       5.258578859657e-12       4.575733703980e-12       1.238380494942e-14       6.809495387781e-15       1.513778732035e-15       2.552808632084e-16 
  954       1.740838384755e-10       5.284069173938e-12       4.427185408572e-12       1.237683016741e-14       6.782390794421e-15       1.493929396580e-15       2.559917958221e-16 
  955       1.729684487231e-10       5.308883854371e-12       4.276343230062e-12       1.236989436248e-14       6.755415861384e-15       1.474158788999e-15       2.566633565818e-16 
  956       1.718716891999e-10       5.333009023479e-12       4.123272472772e-12       1.236300162344e-14       6.728569546761e-15       1.454468700210e-15       2.572954151551e-16 
  957       1.707936412750e-10       5.356439305437e-12       3.968039140050e-12       1.235615450156e-14       6.701851317778e-15       1.434860181698e-15       2.578883792120e-16 
  958       1.697343316809e-10       5.379171460336e-12       3.810709877299e-12       1.234935517250e-14       6.675260760215e-15       1.415334100567e-15       2.584427960774e-16 
  959       1.686937864937e-10       5.401202250380e-12       3.651351953998e-12       1.234260582575e-14       6.648797447458e-15       1.395891325588e-15       2.589592192140e-16 
  960       1.676720311305e-10       5.422528439914e-12       3.490033265381e-12       1.233590866469e-14       6.622460940449e-15       1.376532727201e-15       2.594382082403e-16 
  961       1.666690903470e-10       5.443146795460e-12       3.326822334113e-12       1.232926590660e-14       6.596250787653e-15       1.357259177514e-15       2.598803289474e-16 
  962       1.656849882348e-10       5.463054085744e-12       3.161788311970e-12       1.232267978270e-14       6.570166525007e-15       1.338071550299e-15       2.602861533170e-16 
  963       1.647197482187e-10       5.482247081732e-12       2.995000981514e-12       1.231615253821e-14       6.544207675885e-15       1.318970720992e-15       2.606562595378e-16 
  964       1.637733930545e-10       5.500722556657e-12       2.826530757773e-12       1.230968643230e-14       6.518373751054e-15       1.299957566692e-15       2.609912320240e-16 
  965       1.628459448264e-10       5.518477286054e-12       2.656448689919e-12       1.230328373823e-14       6.492664248628e-15       1.281032966156e-15       2.612916614319e-16 
  966       1.619374249441e-10       5.535508047788e-12       2.484826462944e-12       1.229694674328e-14       6.467078654033e-15       1.262197799802e-15       2.615581446772e-16 
  967       1.610478541407e-10       5.551811622088e-12       2.311736399340e-12       1.229067774886e-14       6.441616439958e-15       1.243452949705e-15       2.617912849532e-16 
  968       1.601772524699e-10       5.567384791581e-12       2.137251460777e-12       1.228447907047e-14       6.416277066318e-15       1.224799299596e-15       2.619916917473e-16 
  969       1.593256393034e-10       5.582224341317e-12       1.961445249777e-12       1.227835303780e-14       6.391059980209e-15       1.206237734860e-15       2.621599808586e-16 
  970       1.584930333287e-10       5.596327058804e-12       1.784392011396e-12       1.227230199471e-14       6.365964615869e-15       1.187769142534e-15       2.622967744157e-16 
  971       1.576794525461e-10       5.609689734040e-12       1.606166634903e-12       1.226632829928e-14       6.340990394632e-15       1.169394411306e-15       2.624027008933e-16 
  972       1.568849142666e-10       5.622309159546e-12       1.426844655451e-12       1.226043432383e-14       6.316136724889e-15       1.151114431515e-15       2.624783951304e-16 
  973       1.561094351089e-10       5.634182130392e-12       1.246502255763e-12       1.225462245498e-14       6.291403002044e-15       1.132930095147e-15       2.625244983470e-16 
  974       1.553530309973e-10       5.645305444232e-12       1.065216267804e-12       1.224889509364e-14       6.266788608474e-15       1.114842295833e-15       2.625416581618e-16 
  975       1.546157171588e-10       5.655675901338e-12       8.830641744613e-13       1.224325465508e-14       6.242292913486e-15       1.096851928852e-15       2.625305286095e-16 
  976       1.538975081207e-10       5.665290304626e-12       7.001241112237e-13       1.223770356893e-14       6.217915273273e-15       1.078959891123e-15       2.624917701582e-16 
  977       1.531984177082e-10       5.674145459690e-12       5.164748678561e-13       1.223224427923e-14       6.193655030877e-15       1.061167081208e-15       2.624260497267e-16 
  978       1.525184590416e-10       5.682238174837e-12       3.321958900798e-13       1.222687924444e-14       6.169511516141e-15       1.043474399309e-15       2.623340407019e-16 
  979       1.518576445339e-10       5.689565261111e-12       1.473672812492e-13       1.222161093749e-14       6.145484045670e-15       1.025882747267e-15       2.622164229561e-16 
  980       1.512159858881e-10       5.696123532331e-12      -3.793019596937e-14       1.221644184583e-14       6.121571922791e-15       1.008393028558e-15       2.620738828647e-16 
  981       1.505934940950e-10       5.701909805119e-12      -2.236151179208e-13       1.221137447139e-14       6.097774437505e-15       9.910061482972e-16       2.619071133229e-16 
  982       1.499901794302e-10       5.706920898933e-12      -4.096053982826e-13       1.220641133070e-14       6.074090866453e-15       9.737230132291e-16       2.617168137639e-16 
  983       1.494060514519e-10       5.711153636097e-12      -5.958182863872e-13       1.220155495485e-14       6.050520472866e-15       9.565445317332e-16       2.615036901754e-16 
  984       1.488411189983e-10       5.714604841835e-12      -7.821703655444e-13       1.219680788955e-14       6.027062506527e-15       9.394716138186e-16       2.612684551179e-16 
  985       1.482953901849e-10       5.717271344301e-12      -9.685775513632e-13       1.219217269519e-14       6.003716203731e-15       9.225051711238e-16       2.610118277411e-16 
  986       1.477688724020e-10       5.719149974607e-12      -1.154955090074e-12       1.218765194679e-14       5.980480787238e-15       9.056461169148e-16       2.607345338021e-16 
  987       1.472615723123e-10       5.720237566862e-12      -1.341217556850e-12       1.218324823412e-14       5.957355466235e-15       8.888953660833e-16       2.604373056822e-16 
  988       1.467734958483e-10       5.720530958198e-12      -1.527278854131e-12       1.217896416168e-14       5.934339436290e-15       8.722538351456e-16       2.601208824045e-16 
  989       1.463046482096e-10       5.720026988801e-12      -1.713052209945e-12       1.217480234873e-14       5.911431879316e-15       8.557224422405e-16       2.597860096515e-16 
  990       1.458550338606e-10       5.718722501947e-12      -1.898450176227e-12       1.217076542935e-14       5.888631963523e-15       8.393021071283e-16       2.594334397819e-16 
  991       1.454246565276e-10       5.716614344028e-12      -2.083384627149e-12       1.216685605246e-14       5.865938843377e-15       8.229937511887e-16       2.590639318485e-16 
  992       1.450135191967e-10       5.713699364589e-12      -2.267766757432e-12       1.216307688181e-14       5.843351659563e-15       8.067982974195e-16       2.586782516151e-16 
  993       1.446216241109e-10       5.709974416354e-12      -2.451507080677e-12       1.215943059608e-14       5.820869538937e-15       7.907166704351e-16       2.582771715744e-16 
  994       1.442489727678e-10       5.705436355262e-12      -2.634515427682e-12       1.215591988886e-14       5.798491594485e-15       7.747497964648e-16       2.578614709650e-16 
  995       1.438955335773e-10       5.700083765000e-12      -2.816708084650e-12       1.215254698860e-14       5.776217023993e-15       7.588987410188e-16       2.574317427390e-16 
  996       1.435611443210e-10       5.693922158276e-12      -2.998029325981e-12       1.214931221057e-14       5.754045407717e-15       7.431651241045e-16       2.569878113259e-16 
  997       1.432456082558e-10       5.686958851965e-12      -3.178430194246e-12       1.214621538373e-14       5.731976414997e-15       7.275507111021e-16       2.565293063563e-16 
  998       1.429487263174e-10       5.679201249763e-12      -3.357861388153e-12       1.214325632880e-14       5.710009705915e-15       7.120572756654e-16       2.560558549303e-16 
  999       1.426702971137e-10       5.670656842433e-12      -3.536273261727e-12       1.214043485833e-14       5.688144931263e-15       6.966865997365e-16       2.555670816119e-16 
 1000       1.424101169185e-10       5.661333208039e-12      -3.713615823503e-12       1.213775077658e-14       5.666381732516e-15       6.814404735607e-16       2.550626084229e-16 
 1001       1.421679796649e-10       5.651238012191e-12      -3.889838735710e-12       1.213520387956e-14       5.644719741801e-15       6.663206957020e-16       2.545420548369e-16 
 1002       1.419436769390e-10       5.640379008282e-12      -4.064891313455e-12       1.213279395496e-14       5.623158581864e-15       6.513290730580e-16       2.540050377731e-16 
 1003       1.417369979731e-10       5.628764037733e-12      -4.238722523915e-12       1.213052078217e-14       5.601697866043e-15       6.364674208749e-16       2.534511715906e-16 
 1004       1.415477296397e-10       5.616401030228e-12      -4.411280985520e-12       1.212838413219e-14       5.580337198239e-15       6.217375627630e-16       2.528800680821e-16 
 1005       1.413756564447e-10       5.603298003955e-12      -4.582514967142e-12       1.212638376765e-14       5.559076172882e-15       6.071413307113e-16       2.522913364680e-16 
 1006       1.412205605209e-10       5.589463065852e-12      -4.752372387278e-12       1.212451944277e-14       5.537914374903e-15       5.926805651027e-16       2.516845833907e-16 
 1007       1.410822216220e-10       5.574904411838e-12      -4.920800813242e-12       1.212279090333e-14       5.516851379704e-15       5.783571147295e-16       2.510594129080e-16 
 1008       1.409604171155e-10       5.559630327063e-12      -5.087747460346e-12       1.212119788663e-14       5.495886753129e-15       5.641728368081e-16       2.504154264875e-16 
 1009       1.408549219769e-10       5.543649186141e-12      -5.253159191091e-12       1.211974012150e-14       5.475020051432e-15       5.501295969940e-16       2.497522230006e-16 
 1010       1.407655087825e-10       5.526969453393e-12      -5.416982514352e-12       1.211841732823e-14       5.454250821246e-15       5.362292693974e-16       2.490693987162e-16 
 1011       1.406919477036e-10       5.509599683089e-12      -5.579163584565e-12       1.211722921858e-14       5.433578599557e-15       5.224737365979e-16       2.483665472949e-16 
 1012       1.406340064997e-10       5.491548519683e-12      -5.739648200913e-12       1.211617549570e-14       5.413002913670e-15       5.088648896597e-16       2.476432597832e-16 
 1013       1.405914505121e-10       5.472824698060e-12      -5.898381806514e-12       1.211525585418e-14       5.392523281180e-15       4.954046281467e-16       2.468991246071e-16 
 1014       1.405640426577e-10       5.453437043772e-12      -6.055309487604e-12       1.211446997996e-14       5.372139209944e-15       4.820948601376e-16       2.461337275662e-16 
 1015       1.405515434218e-10       5.433394473280e-12      -6.210375972731e-12       1.211381755030e-14       5.351850198047e-15       4.689375022409e-16       2.453466518277e-16 
 1016       1.405537108526e-10       5.412705994191e-12      -6.363525631934e-12       1.211329823381e-14       5.331655733776e-15       4.559344796102e-16       2.445374779207e-16 
 1017       1.405703005539e-10       5.391380705505e-12      -6.514702475935e-12       1.211291169037e-14       5.311555295586e-15       4.430877259593e-16       2.437057837298e-16 
 1018       1.406010656794e-10       5.369427797847e-12      -6.663850155320e-12       1.211265757112e-14       5.291548352075e-15       4.303991835770e-16       2.428511444890e-16 
 1019       1.406457569256e-10       5.346856553715e-12      -6.810911959734e-12       1.211253551844e-14       5.271634361948e-15       4.178708033425e-16       2.419731327763e-16 
 1020       1.407041225255e-10       5.323676347715e-12      -6.955830817059e-12       1.211254516591e-14       5.251812773990e-15       4.055045447403e-16       2.410713185071e-16 
 1021       1.407759082424e-10       5.299896646802e-12      -7.098549292608e-12       1.211268613828e-14       5.232083027036e-15       3.933023758754e-16       2.401452689283e-16 
 1022       1.408608573634e-10       5.275527010523e-12      -7.239009588304e-12       1.211295805148e-14       5.212444549943e-15       3.812662734886e-16       2.391945486127e-16 
 1023       1.409587106924e-10       5.250577091256e-12      -7.377153541876e-12       1.211336051253e-14       5.192896761554e-15       3.693982229711e-16       2.382187194523e-16 
 1024       1.410692065444e-10       5.225056634449e-12      -7.512922626036e-12       1.211389311955e-14       5.173439070672e-15       3.577002183799e-16       2.372173406529e-16 
 1025       1.411920807386e-10       5.198975478861e-12      -7.646257947674e-12       1.211455546176e-14       5.154070876032e-15       3.461742624531e-16       2.361899687279e-16 
 1026       1.413270665919e-10       5.172343556802e-12      -7.777100247038e-12       1.211534711938e-14       5.134791566266e-15       3.348223666246e-16       2.351361574922e-16 
 1027       1.414738949126e-10       5.145170894375e-12      -7.905389896927e-12       1.211626766366e-14       5.115600519874e-15       3.236465510395e-16       2.340554580563e-16 
 1028       1.416322939941e-10       5.117467611715e-12      -8.031066901870e-12       1.211731665686e-14       5.096497105198e-15       3.126488445688e-16       2.329474188200e-16 
 1029       1.418019896080e-10       5.089243923228e-12      -8.154070897322e-12       1.211849365217e-14       5.077480680388e-15       3.018312848252e-16       2.318115854670e-16 
 1030       1.419827049980e-10       5.060510137834e-12      -8.274341148842e-12       1.211979819371e-14       5.058550593372e-15       2.911959181774e-16       2.306475009583e-16 
 1031       1.421741608732e-10       5.031276659205e-12      -8.391816551285e-12       1.212122981653e-14       5.039706181827e-15       2.807447997657e-16       2.294547055265e-16 
 1032       1.423760754019e-10       5.001553986007e-12      -8.506435627987e-12       1.212278804653e-14       5.020946773149e-15       2.704799935171e-16       2.282327366696e-16 
 1033       1.425881642050e-10       4.971352712138e-12      -8.618136529950e-12       1.212447240047e-14       5.002271684423e-15       2.604035721600e-16       2.269811291452e-16 
 1034       1.428101437261e-10       4.940683860656e-12      -8.726866525279e-12       1.212628210767e-14       4.983680297438e-15       2.505170510422e-16       2.256996238327e-16 
 1035       1.430417414075e-10       4.909559890228e-12      -8.832610615947e-12       1.212821527079e-14       4.965172284950e-15       2.408196807924e-16       2.243887975636e-16 
 1036       1.432826856456e-10       4.877993703379e-12      -8.935363323721e-12       1.213026969312e-14       4.946747387555e-15       2.313101305662e-16       2.230494421777e-16 
 1037       1.435327024205e-10       4.845998314369e-12      -9.035119236824e-12       1.213244315573e-14       4.928405338917e-15       2.219870520091e-16       2.216823564790e-16 
 1038       1.437915152904e-10       4.813586849474e-12      -9.131873010188e-12       1.213473341743e-14       4.910145865736e-15       2.128490792071e-16       2.202883462532e-16 
 1039       1.440588453854e-10       4.780772547260e-12      -9.225619365704e-12       1.213713821467e-14       4.891968687738e-15       2.038948286390e-16       2.188682242853e-16 
 1040       1.443344114012e-10       4.747568758868e-12      -9.316353092470e-12       1.213965526151e-14       4.873873517644e-15       1.951228991278e-16       2.174228103765e-16 
 1041       1.446179295934e-10       4.713988948281e-12      -9.404069047049e-12       1.214228224955e-14       4.855860061153e-15       1.865318717922e-16       2.159529313621e-16 
 1042       1.449091137711e-10       4.680046692613e-12      -9.488762153712e-12       1.214501684788e-14       4.837928016922e-15       1.781203099982e-16       2.144594211288e-16 
 1043       1.452076752911e-10       4.645755682378e-12      -9.570427404692e-12       1.214785670301e-14       4.820077076538e-15       1.698867593111e-16       2.129431206317e-16 
 1044       1.455133230515e-10       4.611129721772e-12      -9.649059860437e-12       1.215079943884e-14       4.802306924503e-15       1.618297474466e-16       2.114048779125e-16 
 1045       1.458257634859e-10       4.576182728951e-12      -9.724654649858e-12       1.215384265656e-14       4.784617238207e-15       1.539477842226e-16       2.098455481162e-16 
 1046       1.461447005569e-10       4.540928736304e-12      -9.797206970580e-12       1.215698393461e-14       4.767007687911e-15       1.462393615110e-16       2.082659935088e-16 
 1047       1.464698357508e-10       4.505381890739e-12      -9.866712089193e-12       1.216022082864e-14       4.749477936722e-15       1.387029531891e-16       2.066670834948e-16 
 1048       1.468008680706e-10       4.469556453952e-12      -9.933165341506e-12       1.216355087141e-14       4.732027640573e-15       1.313370150912e-16       2.050496946343e-16 
 1049       1.471374940306e-10       4.433466802710e-12      -9.996562132790e-12       1.216697157278e-14       4.714656448199e-15       1.241399849603e-16       2.034147106610e-16 
 1050       1.474794076498e-10       4.397127429126e-12      -1.005689793804e-11       1.217048041962e-14       4.697364001119e-15       1.171102823998e-16       2.017630224988e-16 
 1051       1.478263004465e-10       4.360552940941e-12      -1.011416830221e-11       1.217407487574e-14       4.680149933613e-15       1.102463088248e-16       2.000955282800e-16 
 1052       1.481778614314e-10       4.323758061795e-12      -1.016836884049e-11       1.217775238188e-14       4.663013872697e-15       1.035464474140e-16       1.984131333620e-16 
 1053       1.485337771021e-10       4.286757631511e-12      -1.021949523853e-11       1.218151035561e-14       4.645955438106e-15       9.700906306137e-17       1.967167503454e-16 
 1054       1.488937314368e-10       4.249566606368e-12      -1.026754325269e-11       1.218534619127e-14       4.628974242271e-15       9.063250232732e-17       1.950072990909e-16 
 1055       1.492574058882e-10       4.212200059383e-12      -1.031250871032e-11       1.218925725995e-14       4.612069890296e-15       8.441509339078e-17       1.932857067369e-16 
 1056       1.496244793776e-10       4.174673180584e-12      -1.035438750999e-11       1.219324090937e-14       4.595241979935e-15       7.835514600058e-17       1.915529077171e-16 
 1057       1.499946282886e-10       4.137001277292e-12      -1.039317562173e-11       1.219729446390e-14       4.578490101576e-15       7.245095142713e-17       1.898098437773e-16 
 1058       1.503675264611e-10       4.099199774397e-12      -1.042886908731e-11       1.220141522442e-14       4.561813838214e-15       6.670078241400e-17       1.880574639936e-16 
 1059       1.507428451853e-10       4.061284214634e-12      -1.046146402047e-11       1.220560046834e-14       4.545212765430e-15       6.110289312954e-17       1.862967247894e-16 
 1060       1.511202531954e-10       4.023270258862e-12      -1.049095660718e-11       1.220984744946e-14       4.528686451372e-15       5.565551911848e-17       1.845285899528e-16 
 1061       1.514994166637e-10       3.985173686345e-12      -1.051734310587e-11       1.221415339798e-14       4.512234456732e-15       5.035687725357e-17       1.827540306539e-16 
 1062       1.518799991947e-10       3.947010395024e-12      -1.054061984772e-11       1.221851552041e-14       4.495856334723e-15       4.520516568718e-17       1.809740254626e-16 
 1063       1.522616618184e-10       3.908796401797e-12      -1.056078323687e-11       1.222293099952e-14       4.479551631057e-15       4.019856380288e-17       1.791895603658e-16 
 1064       1.526440629849e-10       3.870547842799e-12      -1.057782975071e-11       1.222739699425e-14       4.463319883929e-15       3.533523216709e-17       1.774016287846e-16 
 1065       1.530268585579e-10       3.832280973677e-12      -1.059175594008e-11       1.223191063973e-14       4.447160623987e-15       3.061331248067e-17       1.756112315922e-16 
 1066       1.534097018089e-10       3.794012169867e-12      -1.060255842958e-11       1.223646904712e-14       4.431073374315e-15       2.603092753055e-17       1.738193771307e-16 
 1067       1.537922434108e-10       3.755757926876e-12      -1.061023391778e-11       1.224106930363e-14       4.415057650413e-15       2.158618114129e-17       1.720270812292e-16 
 1068       1.541741314320e-10       3.717534860555e-12      -1.061477917749e-11       1.224570847243e-14       4.399112960171e-15       1.727715812677e-17       1.702353672205e-16 
 1069       1.545550113304e-10       3.679359707377e-12      -1.061619105598e-11       1.225038359258e-14       4.383238803850e-15       1.310192424174e-17       1.684452659591e-16 
 1070       1.549345259471e-10       3.641249324721e-12      -1.061446647527e-11       1.225509167902e-14       4.367434674059e-15       9.058526133445e-18       1.666578158384e-16 
 1071       1.553123155005e-10       3.603220691139e-12      -1.060960243239e-11       1.225982972243e-14       4.351700055735e-15       5.144991293238e-18       1.648740628079e-16 
 1072       1.556880175802e-10       3.565290906645e-12      -1.060159599955e-11       1.226459468926e-14       4.336034426121e-15       1.359328008201e-18       1.630950603910e-16 
 1073       1.560612983350e-10       3.527476045372e-12      -1.059045063426e-11       1.226938359123e-14       4.320437308545e-15      -2.300623515778e-18       1.613216463923e-16 
 1074       1.564319465156e-10       3.489787695905e-12      -1.057619520289e-11       1.227419369516e-14       4.304908434619e-15      -5.837639907204e-18       1.595537696561e-16 
 1075       1.567997807002e-10       3.452236374390e-12      -1.055886521658e-11       1.227902231592e-14       4.289447584205e-15      -9.254672082461e-18       1.577911541753e-16 
 1076       1.571646182141e-10       3.414832668038e-12      -1.053849654593e-11       1.228386674698e-14       4.274054531802e-15      -1.255469703522e-17       1.560335215640e-16 
 1077       1.575262751265e-10       3.377587235282e-12      -1.051512542183e-11       1.228872426040e-14       4.258729046525e-15      -1.574071790033e-17       1.542805910516e-16 
 1078       1.578845662478e-10       3.340510805929e-12      -1.048878843644e-11       1.229359210672e-14       4.243470892088e-15      -1.881576401770e-17       1.525320794769e-16 
 1079       1.582393051267e-10       3.303614181329e-12      -1.045952254405e-11       1.229846751497e-14       4.228279826793e-15      -2.178289099618e-17       1.507877012825e-16 
 1080       1.585903040474e-10       3.266908234522e-12      -1.042736506200e-11       1.230334769261e-14       4.213155603511e-15      -2.464518077747e-17       1.490471685087e-16 
 1081       1.589373740267e-10       3.230403910404e-12      -1.039235367161e-11       1.230822982542e-14       4.198097969664e-15      -2.740574169996e-17       1.473101907879e-16 
 1082       1.592803248113e-10       3.194112225883e-12      -1.035452641905e-11       1.231311107753e-14       4.183106667213e-15      -3.006770856268e-17       1.455764753384e-16 
 1083       1.596189648749e-10       3.158044270035e-12      -1.031392171628e-11       1.231798859132e-14       4.168181432639e-15      -3.263424268915e-17       1.438457269590e-16 
 1084       1.599531014153e-10       3.122211204266e-12      -1.027057834194e-11       1.232285948736e-14       4.153321996929e-15      -3.510853199125e-17       1.421176480228e-16 
 1085       1.602825403517e-10       3.086624262466e-12      -1.022453544225e-11       1.232772086441e-14       4.138528085557e-15      -3.749379103316e-17       1.403919384717e-16 
 1086       1.606070863217e-10       3.051294751172e-12      -1.017583253197e-11       1.233256979930e-14       4.123799418471e-15      -3.979326109520e-17       1.386682958101e-16 
 1087       1.609265426786e-10       3.016234049722e-12      -1.012450949522e-11       1.233740334695e-14       4.109135710076e-15      -4.201021023771e-17       1.369464150996e-16 
 1088       1.612407114885e-10       2.981453610415e-12      -1.007060658647e-11       1.234221854025e-14       4.094536669216e-15      -4.414793336501e-17       1.352259889526e-16 
 1089       1.615493935276e-10       2.946964958669e-12      -1.001416443140e-11       1.234701239008e-14       4.080001999161e-15      -4.620975228919e-17       1.335067075269e-16 
 1090       1.618523882791e-10       2.912779693179e-12      -9.955224027836e-12       1.235178188519e-14       4.065531397589e-15      -4.819901579408e-17       1.317882585198e-16 
 1091       1.621494939306e-10       2.878909486077e-12      -9.893826746625e-12       1.235652399218e-14       4.051124556570e-15      -5.011909969906e-17       1.300703271620e-16 
 1092       1.624405073711e-10       2.845366083086e-12      -9.830014332575e-12       1.236123565548e-14       4.036781162552e-15      -5.197340692302e-17       1.283525962119e-16 
 1093       1.627252241884e-10       2.812161303683e-12      -9.763828905346e-12       1.236591379723e-14       4.022500896341e-15      -5.376536754821e-17       1.266347459498e-16 
 1094       1.630034386660e-10       2.779307041254e-12      -9.695312960364e-12       1.237055531730e-14       4.008283433088e-15      -5.549843888411e-17       1.249164541722e-16 
 1095       1.632749437804e-10       2.746815263254e-12      -9.624509369722e-12       1.237515709316e-14       3.994128442273e-15      -5.717610553136e-17       1.231973961856e-16 
 1096       1.635395311983e-10       2.714698011362e-12      -9.551461383098e-12       1.237971597993e-14       3.980035587688e-15      -5.880187944561e-17       1.214772448010e-16 
 1097       1.637969912737e-10       2.682967401646e-12      -9.476212628654e-12       1.238422881022e-14       3.966004527419e-15      -6.037930000144e-17       1.197556703277e-16 
 1098       1.640471130451e-10       2.651635624712e-12      -9.398807113946e-12       1.238869239416e-14       3.952034913834e-15      -6.191193405621e-17       1.180323405679e-16 
 1099       1.642896842324e-10       2.620714945871e-12      -9.319289226837e-12       1.239310351932e-14       3.938126393565e-15      -6.340337601396e-17       1.163069208105e-16 
 1100       1.645244912348e-10       2.590217705291e-12      -9.237703736398e-12       1.239745895063e-14       3.924278607490e-15      -6.485724788933e-17       1.145790738255e-16 
 1101       1.647513191270e-10       2.560156318157e-12      -9.154095793818e-12       1.240175543040e-14       3.910491190720e-15      -6.627719937139e-17       1.128484598579e-16 
 1102       1.649699516571e-10       2.530543274831e-12      -9.068510933316e-12       1.240598967819e-14       3.896763772582e-15      -6.766690788758e-17       1.111147366222e-16 
 1103       1.651801712435e-10       2.501391141009e-12      -8.980995073042e-12       1.241015839081e-14       3.883095976602e-15      -6.903007866755e-17       1.093775592961e-16 
 1104       1.653817589719e-10       2.472712557878e-12      -8.891594515991e-12       1.241425824225e-14       3.869487420489e-15      -7.037044480709e-17       1.076365805153e-16 
 1105       1.655744945930e-10       2.444520242275e-12      -8.800355950905e-12       1.241828588362e-14       3.855937716121e-15      -7.169176733198e-17       1.058914503669e-16 
 1106       1.657581565189e-10       2.416826986846e-12      -8.707326453186e-12       1.242223794314e-14       3.842446469525e-15      -7.299783526190e-17       1.041418163841e-16 
 1107       1.659325218209e-10       2.389645660205e-12      -8.612553485803e-12       1.242611102603e-14       3.829013280866e-15      -7.429246567432e-17       1.023873235404e-16 
 1108       1.660973662264e-10       2.362989207087e-12      -8.516084900196e-12       1.242990171449e-14       3.815637744428e-15      -7.557950376836e-17       1.006276142432e-16 
 1109       1.662524641161e-10       2.336870648514e-12      -8.417968937188e-12       1.243360656767e-14       3.802319448595e-15      -7.686282292870e-17       9.886232832867e-17 
 1110       1.663975885212e-10       2.311303081947e-12      -8.318254227891e-12       1.243722212158e-14       3.789057975841e-15      -7.814632478948e-17       9.709110305529e-17 
 1111       1.665325111205e-10       2.286299681446e-12      -8.216989794616e-12       1.244074488904e-14       3.775852902712e-15      -7.943393929813e-17       9.531357309842e-17 
 1112       1.666570397192e-10       2.261871850144e-12      -8.114225094935e-12       1.244417170366e-14       3.762703843630e-15      -8.072828906710e-17       9.352948720048e-17 
 1113       1.667711312298e-10       2.238023650751e-12      -8.010010152692e-12       1.244750075673e-14       3.749610582983e-15      -8.202666308208e-17       9.173905981213e-17 
 1114       1.668747801706e-10       2.214757302174e-12      -7.904395430519e-12       1.245073057383e-14       3.736572944742e-15      -8.332499021135e-17       8.994262406041e-17 
 1115       1.669679813189e-10       2.192075020545e-12      -7.797431787746e-12       1.245385967206e-14       3.723590748781e-15      -8.461917005407e-17       8.814051551711e-17 
 1116       1.670507297121e-10       2.169979019200e-12      -7.689170481313e-12       1.245688656001e-14       3.710663810870e-15      -8.590507287473e-17       8.633307220419e-17 
 1117       1.671230206486e-10       2.148471508658e-12      -7.579663166682e-12       1.245980973775e-14       3.697791942655e-15      -8.717853953751e-17       8.452063459930e-17 
 1118       1.671848496884e-10       2.127554696601e-12      -7.468961898746e-12       1.246262769682e-14       3.684974951654e-15      -8.843538144061e-17       8.270354564123e-17 
 1119       1.672362126542e-10       2.107230787851e-12      -7.357119132747e-12       1.246533892019e-14       3.672212641242e-15      -8.967138045071e-17       8.088215073537e-17 
 1120       1.672771056318e-10       2.087501984353e-12      -7.244187725183e-12       1.246794188226e-14       3.659504810639e-15      -9.088228883729e-17       7.905679775919e-17 
 1121       1.673075249711e-10       2.068370485148e-12      -7.130220934722e-12       1.247043504883e-14       3.646851254898e-15      -9.206382920704e-17       7.722783706771e-17 
 1122       1.673274672871e-10       2.049838486358e-12      -7.015272423113e-12       1.247281687710e-14       3.634251764894e-15      -9.321169443822e-17       7.539562149897e-17 
 1123       1.673369294602e-10       2.031908181161e-12      -6.899396256100e-12       1.247508581564e-14       3.621706127312e-15      -9.432154761506e-17       7.356050637951e-17 
 1124       1.673359086375e-10       2.014581759773e-12      -6.782646904333e-12       1.247724030435e-14       3.609214124635e-15      -9.538902196210e-17       7.172284952981e-17 
 1125       1.673244022335e-10       1.997861409424e-12      -6.665079244279e-12       1.247927877450e-14       3.596775535133e-15      -9.640972077865e-17       6.988301126978e-17 
 1126       1.673024079304e-10       1.981749314340e-12      -6.546748559136e-12       1.248119964866e-14       3.584390132848e-15      -9.737921737306e-17       6.804135442424e-17 
 1127       1.672699236797e-10       1.966247655720e-12      -6.427710539742e-12       1.248300134068e-14       3.572057687587e-15      -9.829305499720e-17       6.619824432836e-17 
 1128       1.672269477025e-10       1.951358611716e-12      -6.308021285491e-12       1.248468225573e-14       3.559777964908e-15      -9.914674678077e-17       6.435404883317e-17 
 1129       1.671734784902e-10       1.937084357412e-12      -6.187737305242e-12       1.248624079021e-14       3.547550726106e-15      -9.993577566572e-17       6.250913831098e-17 
 1130       1.671095148058e-10       1.923427064802e-12      -6.066915518234e-12       1.248767533177e-14       3.535375728204e-15      -1.006555943406e-16       6.066388566090e-17 
 1131       1.670350556841e-10       1.910388902772e-12      -5.945613254993e-12       1.248898425931e-14       3.523252723942e-15      -1.013016251750e-16       5.881866631427e-17 
 1132       1.669501004330e-10       1.897972037074e-12      -5.823888258249e-12       1.249016594292e-14       3.511181461760e-15      -1.018692601539e-16       5.697385824017e-17 
 1133       1.668546486341e-10       1.886178630311e-12      -5.701798683847e-12       1.249121874387e-14       3.499161685792e-15      -1.023538608118e-16       5.512984195082e-17 
 1134       1.667487001434e-10       1.875010841911e-12      -5.579403101656e-12       1.249214101463e-14       3.487193135853e-15      -1.027507581677e-16       5.328700050715e-17 
 1135       1.666322550923e-10       1.864470828108e-12      -5.456760496486e-12       1.249293109881e-14       3.475275547424e-15      -1.030552526589e-16       5.144571952418e-17 
 1136       1.665053138882e-10       1.854560741925e-12      -5.333930268996e-12       1.249358733116e-14       3.463408651642e-15      -1.032626140756e-16       4.960638717654e-17 
 1137       1.663678772153e-10       1.845282733143e-12      -5.210972236606e-12       1.249410803756e-14       3.451592175290e-15      -1.033680814953e-16       4.776939420392e-17 
 1138       1.662199460359e-10       1.836638948292e-12      -5.087946634413e-12       1.249449153496e-14       3.439825840783e-15      -1.033668632172e-16       4.593513391654e-17 
 1139       1.660615215903e-10       1.828631530620e-12      -4.964914116098e-12       1.249473613142e-14       3.428109366157e-15      -1.032541366965e-16       4.410400220063e-17 
 1140       1.658926053985e-10       1.821262620080e-12      -4.841935754843e-12       1.249484012607e-14       3.416442465056e-15      -1.030250484787e-16       4.227639752390e-17 
 1141       1.657131992604e-10       1.814534353304e-12      -4.719073044239e-12       1.249480180907e-14       3.404824846721e-15      -1.026747141343e-16       4.045272094100e-17 
 1142       1.655233052568e-10       1.808448863582e-12      -4.596387899199e-12       1.249461946162e-14       3.393256215981e-15      -1.021982181928e-16       3.863337609899e-17 
 1143       1.653229257502e-10       1.803008280844e-12      -4.473942656872e-12       1.249429135592e-14       3.381736273235e-15      -1.015906140773e-16       3.681876924281e-17 
 1144       1.651120633858e-10       1.798214731639e-12      -4.351800077553e-12       1.249381575519e-14       3.370264714447e-15      -1.008469240389e-16       3.500930922077e-17 
 1145       1.648907210917e-10       1.794070339110e-12      -4.230023345596e-12       1.249319091359e-14       3.358841231127e-15      -9.996213909099e-17       3.320540748999e-17 
 1146       1.646589020806e-10       1.790577222977e-12      -4.108676070326e-12       1.249241507626e-14       3.347465510328e-15      -9.893121894350e-17       3.140747812187e-17 
 1147       1.644166098496e-10       1.787737499515e-12      -3.987822286949e-12       1.249148647929e-14       3.336137234624e-15      -9.774909193760e-17       2.961593780761e-17 
 1148       1.641638481818e-10       1.785553281532e-12      -3.867526457468e-12       1.249040334966e-14       3.324856082107e-15      -9.641065497986e-17       2.783120586360e-17 
 1149       1.639006211468e-10       1.784026678350e-12      -3.747853471592e-12       1.248916390528e-14       3.313621726371e-15      -9.491077347665e-17       2.605370423697e-17 
 1150       1.636269331014e-10       1.783159795782e-12      -3.628868647649e-12       1.248776635493e-14       3.302433836500e-15      -9.324428126859e-17       2.428385751100e-17 
 1151       1.633428111288e-10       1.782953303267e-12      -3.510632362945e-12       1.248620928793e-14       3.291292110378e-15      -9.140760150952e-17       2.252205501600e-17 
 1152       1.630483726661e-10       1.783402115395e-12      -3.393183868365e-12       1.248449284839e-14       3.280196375108e-15      -8.940363196762e-17       2.076853662414e-17 
 1153       1.627437587370e-10       1.784499655508e-12      -3.276557270072e-12       1.248261757586e-14       3.269146487844e-15      -8.723692162399e-17       1.902350551543e-17 
 1154       1.624291115944e-10       1.786239283420e-12      -3.160786881852e-12       1.248058401698e-14       3.258142302576e-15      -8.491205543485e-17       1.728716594279e-17 
 1155       1.621045747229e-10       1.788614295268e-12      -3.045907225534e-12       1.247839272550e-14       3.247183670125e-15      -8.243365441264e-17       1.555972323410e-17 
 1156       1.617702928422e-10       1.791617923359e-12      -2.931953031416e-12       1.247604426235e-14       3.236270438130e-15      -7.980637570710e-17       1.384138379429e-17 
 1157       1.614264119092e-10       1.795243336023e-12      -2.818959238698e-12       1.247353919562e-14       3.225402451042e-15      -7.703491268635e-17       1.213235510733e-17 
 1158       1.610730791214e-10       1.799483637459e-12      -2.706960995900e-12       1.247087810056e-14       3.214579550112e-15      -7.412399501795e-17       1.043284573829e-17 
 1159       1.607104429195e-10       1.804331867587e-12      -2.595993661291e-12       1.246806155963e-14       3.203801573388e-15      -7.107838874998e-17       8.743065335359e-18 
 1160       1.603386529903e-10       1.809781001894e-12      -2.486092803316e-12       1.246509016253e-14       3.193068355700e-15      -6.790289639215e-17       7.063224631931e-18 
 1161       1.599578602694e-10       1.815823951288e-12      -2.377294201021e-12       1.246196450616e-14       3.182379728653e-15      -6.460235699683e-17       5.393535448602e-18 
 1162       1.595682169443e-10       1.822453561942e-12      -2.269633844480e-12       1.245868519469e-14       3.171735520621e-15      -6.118164624014e-17       3.734210695228e-18 
 1163       1.591698764568e-10       1.829662615150e-12      -2.163147935219e-12       1.245525283955e-14       3.161135556736e-15      -5.764567650303e-17       2.085464372964e-18 
 1164       1.587629935064e-10       1.837443827169e-12      -2.057872886644e-12       1.245166805947e-14       3.150579658877e-15      -5.399939695240e-17       4.475115763020e-19 
 1165       1.583477240526e-10       1.845789849073e-12      -1.953845324464e-12       1.244793148046e-14       3.140067645666e-15      -5.024779362208e-17      -1.179431504888e-18 
 1166       1.579242253181e-10       1.854693266604e-12      -1.851102087122e-12       1.244404373588e-14       3.129599332456e-15      -4.639588949401e-17      -2.795147583315e-18 
 1167       1.574926557912e-10       1.864146600015e-12      -1.749680226217e-12       1.244000546640e-14       3.119174531322e-15      -4.244874457925e-17      -4.399418272232e-18 
 1168       1.570531752293e-10       1.874142303925e-12      -1.649617006931e-12       1.243581732006e-14       3.108793051054e-15      -3.841145599906e-17      -5.992024083391e-18 
 1169       1.566059446611e-10       1.884672767166e-12      -1.550949908456e-12       1.243147995227e-14       3.098454697148e-15      -3.428915806603e-17      -7.572744425004e-18 
 1170       1.561511263897e-10       1.895730312634e-12      -1.453716624416e-12       1.242699402584e-14       3.088159271794e-15      -3.008702236509e-17      -9.141357599706e-18 
 1171       1.556888839955e-10       1.907307197136e-12      -1.357955063301e-12       1.242236021097e-14       3.077906573873e-15      -2.581025783464e-17      -1.069764080251e-17 
 1172       1.552193823389e-10       1.919395611241e-12      -1.263703348885e-12       1.241757918528e-14       3.067696398942e-15      -2.146411084759e-17      -1.224137011876e-17 
 1173       1.547427875630e-10       1.931987679129e-12      -1.170999820656e-12       1.241265163387e-14       3.057528539230e-15      -1.705386529244e-17      -1.377232052213e-17 
 1174       1.542592670969e-10       1.945075458441e-12      -1.079883034240e-12       1.240757824925e-14       3.047402783627e-15      -1.258484265439e-17      -1.529026587251e-17 
 1175       1.537689896579e-10       1.958650940127e-12      -9.903917618303e-13       1.240235973144e-14       3.037318917674e-15      -8.062402096389e-18      -1.679497891404e-17 
 1176       1.532721252550e-10       1.972706048296e-12      -9.025649926095e-13       1.239699678793e-14       3.027276723557e-15      -3.491940540202e-18      -1.828623127303e-17 
 1177       1.527688451911e-10       1.987232640067e-12      -8.164419331780e-13       1.239149013376e-14       3.017275980097e-15       1.121107252485e-18      -1.976379345592e-17 
 1178       1.522593220662e-10       2.002222505416e-12      -7.320620079796e-13       1.238584049145e-14       3.007316462741e-15       5.771268599005e-18      -2.122743484727e-17 
 1179       1.517437297804e-10       2.017667367025e-12      -6.494648597268e-13       1.238004859109e-14       2.997397943553e-15       1.045303281463e-17      -2.267692370767e-17 
 1180       1.512222435360e-10       2.033558880135e-12      -5.686903498275e-13       1.237411517034e-14       2.987520191206e-15       1.516085113150e-17      -2.411202717175e-17 
 1181       1.506950398413e-10       2.049888632391e-12      -4.897785588106e-13       1.236804097443e-14       2.977682970971e-15       1.988913661753e-17      -2.553251124611e-17 
 1182       1.501622965126e-10       2.066648143695e-12      -4.127697867521e-13       1.236182675619e-14       2.967886044711e-15       2.463226409536e-17      -2.693814080728e-17 
 1183       1.496241926776e-10       2.083828866053e-12      -3.377045537012e-13       1.235547327606e-14       2.958129170873e-15       2.938457006124e-17      -2.832867959970e-17 
 1184       1.490809087778e-10       2.101422183425e-12      -2.646236001064e-13       1.234898130211e-14       2.948412104474e-15       3.414035260399e-17      -2.970389023365e-17 
 1185       1.485326265716e-10       2.119419411576e-12      -1.935678872411e-13       1.234235161008e-14       2.938734597097e-15       3.889387132391e-17      -3.106353418324e-17 
 1186       1.479795291373e-10       2.137811797923e-12      -1.245785976297e-13       1.233558498336e-14       2.929096396881e-15       4.363934725169e-17      -3.240737178436e-17 
 1187       1.474218008754e-10       2.156590521383e-12      -5.769713547419e-14       1.232868221303e-14       2.919497248511e-15       4.837096276737e-17      -3.373516223262e-17 
 1188       1.468596275118e-10       2.175746692230e-12       7.034872920741e-15       1.232164409786e-14       2.909936893210e-15       5.308286151920e-17      -3.504666358134e-17 
 1189       1.462931961006e-10       2.195271351934e-12       6.957557872109e-14       1.231447144435e-14       2.900415068732e-15       5.776914834264e-17      -3.634163273948e-17 
 1190       1.457226931796e-10       2.215155224107e-12       1.298899164072e-13       1.230716526989e-14       2.890931533920e-15       6.242486933049e-17      -3.761988483377e-17 
 1191       1.451482992059e-10       2.235387964274e-12       1.879707163580e-13       1.229972741493e-14       2.881486142736e-15       6.704896538411e-17      -3.888147209723e-17 
 1192       1.445701940578e-10       2.255958900583e-12       2.438178507370e-13       1.229215993837e-14       2.872078771125e-15       7.164135477832e-17      -4.012650717381e-17 
 1193       1.439885588781e-10       2.276857281715e-12       2.974312509109e-13       1.228446491512e-14       2.862709292522e-15       7.620195630248e-17      -4.135510395648e-17 
 1194       1.434035760772e-10       2.298072276704e-12       3.488109076168e-13       1.227664443612e-14       2.853377577841e-15       8.073068926244e-17      -4.256737759028e-17 
 1195       1.428154293355e-10       2.319592974773e-12       3.979568711296e-13       1.226870060839e-14       2.844083495469e-15       8.522747348242e-17      -4.376344447525e-17 
 1196       1.422243036061e-10       2.341408385156e-12       4.448692514289e-13       1.226063555507e-14       2.834826911266e-15       8.969222930694e-17      -4.494342226946e-17 
 1197       1.416303851177e-10       2.363507436933e-12       4.895482183662e-13       1.225245141542e-14       2.825607688548e-15       9.412487760272e-17      -4.610742989194e-17 
 1198       1.410338613771e-10       2.385878978851e-12       5.319940018325e-13       1.224415034491e-14       2.816425688088e-15       9.852533976062e-17      -4.725558752575e-17 
 1199       1.404349211718e-10       2.408511779157e-12       5.722068919251e-13       1.223573451519e-14       2.807280768105e-15       1.028935376975e-16      -4.838801662087e-17 
 1200       1.398337545728e-10       2.431394525425e-12       6.101872391153e-13       1.222720611420e-14       2.798172784262e-15       1.072293938582e-16      -4.950483989727e-17 
 1201       1.392305529373e-10       2.454515824386e-12       6.459354544148e-13       1.221856734611e-14       2.789101589653e-15       1.115328312173e-16      -5.060618134783e-17 
 1202       1.386255089112e-10       2.477864201753e-12       6.794520095438e-13       1.220982043146e-14       2.780067034802e-15       1.158037732814e-16      -5.169216624138e-17 
 1203       1.380188164321e-10       2.501428102050e-12       7.107374370978e-13       1.220096760710e-14       2.771068967650e-15       1.200421440904e-16      -5.276292112563e-17 
 1204       1.374106707314e-10       2.525195888445e-12       7.397923307146e-13       1.219201112630e-14       2.762107233557e-15       1.242478682201e-16      -5.381857383023e-17 
 1205       1.368012683377e-10       2.549155842571e-12       7.666173452419e-13       1.218295325871e-14       2.753181675287e-15       1.284208707838e-16      -5.485925346967e-17 
 1206       1.361908070790e-10       2.573296164360e-12       7.912131969044e-13       1.217379629048e-14       2.744292133006e-15       1.325610774338e-16      -5.588509044635e-17 
 1207       1.355794860854e-10       2.597604971869e-12       8.135806634710e-13       1.216454252422e-14       2.735438444273e-15       1.366684143643e-16      -5.689621645348e-17 
 1208       1.349675057919e-10       2.622070301108e-12       8.337205844217e-13       1.215519427907e-14       2.726620444034e-15       1.407428083123e-16      -5.789276447815e-17 
 1209       1.343550679412e-10       2.646680105868e-12       8.516338611155e-13       1.214575389073e-14       2.717837964618e-15       1.447841865601e-16      -5.887486880426e-17 
 1210       1.337423755859e-10       2.671422257553e-12       8.673214569570e-13       1.213622371151e-14       2.709090835724e-15       1.487924769370e-16      -5.984266501552e-17 
 1211       1.331296330918e-10       2.696284545003e-12       8.807843975637e-13       1.212660611031e-14       2.700378884420e-15       1.527676078215e-16      -6.079628999845e-17 
 1212       1.325170461400e-10       2.721254674326e-12       8.920237709335e-13       1.211690347272e-14       2.691701935135e-15       1.567095081426e-16      -6.173588194536e-17 
 1213       1.319048217300e-10       2.746320268723e-12       9.010407276119e-13       1.210711820103e-14       2.683059809651e-15       1.606181073823e-16      -6.266158035730e-17 
 1214       1.312931681822e-10       2.771468868322e-12       9.078364808586e-13       1.209725271425e-14       2.674452327094e-15       1.644933355772e-16      -6.357352604712e-17 
 1215       1.306822951405e-10       2.796687929999e-12       9.124123068157e-13       1.208730944816e-14       2.665879303935e-15       1.683351233208e-16      -6.447186114238e-17 
 1216       1.300724135751e-10       2.821964827213e-12       9.147695446740e-13       1.207729085532e-14       2.657340553976e-15       1.721434017647e-16      -6.535672908839e-17 
 1217       1.294637357851e-10       2.847286849829e-12       9.149095968407e-13       1.206719940516e-14       2.648835888344e-15       1.759181026213e-16      -6.622827465116e-17 
 1218       1.288564754012e-10       2.872641203950e-12       9.128339291066e-13       1.205703758397e-14       2.640365115489e-15       1.796591581650e-16      -6.708664392041e-17 
 1219       1.282508473885e-10       2.898015011743e-12       9.085440708131e-13       1.204680789491e-14       2.631928041172e-15       1.833665012348e-16      -6.793198431256e-17 
 1220       1.276470680489e-10       2.923395311269e-12       9.020416150196e-13       1.203651285812e-14       2.623524468461e-15       1.870400652356e-16      -6.876444457367e-17 
 1221       1.270453550241e-10       2.948769056311e-12       8.933282186707e-13       1.202615501070e-14       2.615154197726e-15       1.906797841405e-16      -6.958417478248e-17 
 1222       1.264459272978e-10       2.974123116199e-12       8.824056027631e-13       1.201573690676e-14       2.606817026627e-15       1.942855924925e-16      -7.039132635340e-17 
 1223       1.258490051990e-10       2.999444275644e-12       8.692755525135e-13       1.200526111742e-14       2.598512750111e-15       1.978574254067e-16      -7.118605203942e-17 
 1224       1.252548104042e-10       3.024719234562e-12       8.539399175250e-13       1.199473023093e-14       2.590241160406e-15       2.013952185719e-16      -7.196850593518e-17 
 1225       1.246635659402e-10       3.049934607905e-12       8.364006119549e-13       1.198414685261e-14       2.582002047012e-15       2.048989082525e-16      -7.273884347992e-17 
 1226       1.240754961869e-10       3.075076925487e-12       8.166596146815e-13       1.197351360494e-14       2.573795196695e-15       2.083684312906e-16      -7.349722146047e-17 
 1227       1.234908268798e-10       3.100132631814e-12       7.947189694718e-13       1.196283312759e-14       2.565620393480e-15       2.118037251081e-16      -7.424379801424e-17 
 1228       1.229097851128e-10       3.125088085909e-12       7.705807851482e-13       1.195210807742e-14       2.557477418647e-15       2.152047277079e-16      -7.497873263217e-17 
 1229       1.223325787440e-10       3.149930507877e-12       7.442517403663e-13       1.194134104844e-14       2.549366072168e-15       2.185717621311e-16      -7.570215972977e-17 
 1230       1.217593343405e-10       3.174650831234e-12       7.157566562565e-13       1.193053433042e-14       2.541286237331e-15       2.219066948261e-16      -7.641410900985e-17 
 1231       1.211901585008e-10       3.199240884161e-12       6.851250855494e-13       1.191969014746e-14       2.533237816876e-15       2.252117910612e-16      -7.711458415847e-17 
 1232       1.206251583857e-10       3.223692445752e-12       6.523868231333e-13       1.190881073788e-14       2.525220711605e-15       2.284893317513e-16      -7.780358919193e-17 
 1233       1.200644417195e-10       3.247997245917e-12       6.175719065792e-13       1.189789835424e-14       2.517234820385e-15       2.317416134911e-16      -7.848112845764e-17 
 1234       1.195081167909e-10       3.272146965288e-12       5.807106166653e-13       1.188695526337e-14       2.509280040136e-15       2.349709485873e-16      -7.914720663505e-17 
 1235       1.189562924538e-10       3.296133235120e-12       5.418334779022e-13       1.187598374639e-14       2.501356265830e-15       2.381796650910e-16      -7.980182873648e-17 
 1236       1.184090781289e-10       3.319947637195e-12       5.009712590574e-13       1.186498609876e-14       2.493463390486e-15       2.413701068302e-16      -8.044500010805e-17 
 1237       1.178665838042e-10       3.343581703729e-12       4.581549736803e-13       1.185396463028e-14       2.485601305161e-15       2.445446334421e-16      -8.107672643054e-17 
 1238       1.173289200365e-10       3.367026917267e-12       4.134158806266e-13       1.184292166516e-14       2.477769898950e-15       2.477056204057e-16      -8.169701372032e-17 
 1239       1.167961979521e-10       3.390274710597e-12       3.667854845839e-13       1.183185954200e-14       2.469969058979e-15       2.508554590739e-16      -8.230586833018e-17 
 1240       1.162685292477e-10       3.413316466646e-12       3.182955365955e-13       1.182078061385e-14       2.462198670398e-15       2.539965567066e-16      -8.290329695026e-17 
 1241       1.157460261920e-10       3.436143518386e-12       2.679780345859e-13       1.180968724820e-14       2.454458616380e-15       2.571313365025e-16      -8.348930660893e-17 
 1242       1.152288016264e-10       3.458747148736e-12       2.158652238855e-13       1.179858182709e-14       2.446748778111e-15       2.602622376315e-16      -8.406390467367e-17 
 1243       1.147169689658e-10       3.481118590468e-12       1.619895977551e-13       1.178746674704e-14       2.439069034791e-15       2.633917152677e-16      -8.462709885195e-17 
 1244       1.142106422002e-10       3.503249026110e-12       1.063838979110e-13       1.177634441913e-14       2.431419263623e-15       2.665222406214e-16      -8.517889719215e-17 
 1245       1.137099358953e-10       3.525129587847e-12       4.908111504971e-14       1.176521726903e-14       2.423799339811e-15       2.696563009716e-16      -8.571930808441e-17 
 1246       1.132149651937e-10       3.546751357426e-12      -9.885510627400e-15       1.175408773701e-14       2.416209136557e-15       2.727963996985e-16      -8.624834026154e-17 
 1247       1.127258458159e-10       3.568105366060e-12      -7.048248888906e-14       1.174295827800e-14       2.408648525051e-15       2.759450563157e-16      -8.676600279989e-17 
 1248       1.122426940614e-10       3.589182594332e-12      -1.326760789494e-13       1.173183136155e-14       2.401117374470e-15       2.791048065031e-16      -8.727230512027e-17 
 1249       1.117656268096e-10       3.609973972096e-12      -1.964322889433e-13       1.172070947195e-14       2.393615551971e-15       2.822782021389e-16      -8.776725698881e-17 
 1250       1.112947615210e-10       3.630470378381e-12      -2.617168754014e-13       1.170959510819e-14       2.386142922687e-15       2.854678113322e-16      -8.825086851785e-17 
 1251       1.108302162383e-10       3.650662641298e-12      -3.284953427251e-13       1.169849078400e-14       2.378699349722e-15       2.886762184553e-16      -8.872315016683e-17 
 1252       1.103721095871e-10       3.670541537938e-12      -3.967329426625e-13       1.168739902790e-14       2.371284694143e-15       2.919060241765e-16      -8.918411274320e-17 
 1253       1.099205607773e-10       3.690097794281e-12      -4.663946737827e-13       1.167632238323e-14       2.363898814981e-15       2.951598454920e-16      -8.963376740327e-17 
 1254       1.094756896039e-10       3.709322085094e-12      -5.374452809515e-13       1.166526340812e-14       2.356541569220e-15       2.984403157587e-16      -9.007212565312e-17 
 1255       1.090376164482e-10       3.728205033839e-12      -6.098492548068e-13       1.165422467561e-14       2.349212811797e-15       3.017500847266e-16      -9.049919934949e-17 
 1256       1.086064622787e-10       3.746737212574e-12      -6.835708312332e-13       1.164320877360e-14       2.341912395592e-15       3.050918185711e-16      -9.091500070065e-17 
 1257       1.081823486523e-10       3.764909141857e-12      -7.585739908377e-13       1.163221830493e-14       2.334640171426e-15       3.084681999254e-16      -9.131954226732e-17 
 1258       1.077653977153e-10       3.782711290649e-12      -8.348224584246e-13       1.162125588736e-14       2.327395988057e-15       3.118819279132e-16      -9.171283696353e-17 
 1259       1.073557322042e-10       3.800134076219e-12      -9.122797024708e-13       1.161032415365e-14       2.320179692170e-15       3.153357181808e-16      -9.209489805750e-17 
 1260       1.069534754470e-10       3.817167864046e-12      -9.909089346013e-13       1.159942575155e-14       2.312991128380e-15       3.188323029298e-16      -9.246573917256e-17 
 1261       1.065587513643e-10       3.833802967723e-12      -1.070673109064e-12       1.158856334384e-14       2.305830139220e-15       3.223744309493e-16      -9.282537428802e-17 
 1262       1.061716844700e-10       3.850029648860e-12      -1.151534922204e-12       1.157773960836e-14       2.298696565136e-15       3.259648676484e-16      -9.317381774004e-17 
 1263       1.057923998727e-10       3.865838116987e-12      -1.233456811942e-12       1.156695723805e-14       2.291590244489e-15       3.296063950889e-16      -9.351108422257e-17 
 1264       1.054210232766e-10       3.881218529461e-12      -1.316400957246e-12       1.155621894095e-14       2.284511013542e-15       3.333018120174e-16      -9.383718878817e-17 
 1265       1.050576809824e-10       3.896160991363e-12      -1.400329277608e-12       1.154552744025e-14       2.277458706459e-15       3.370539338976e-16      -9.415214684895e-17 
 1266       1.047024998885e-10       3.910655555409e-12      -1.485203432518e-12       1.153488547431e-14       2.270433155300e-15       3.408655929433e-16      -9.445597417745e-17 
 1267       1.043556074922e-10       3.924692221847e-12      -1.570984820942e-12       1.152429579668e-14       2.263434190016e-15       3.447396381503e-16      -9.474868690749e-17 
 1268       1.040171075575e-10       3.938262411935e-12      -1.657634766327e-12       1.151376089332e-14       2.256461654135e-15       3.486776637608e-16      -9.503030455603e-17 
 1269       1.036870068119e-10       3.951363407155e-12      -1.745115075019e-12       1.150328213044e-14       2.249515452051e-15       3.526761785466e-16      -9.530085912485e-17 
 1270       1.033652874066e-10       3.963993960987e-12      -1.833387483241e-12       1.149286059690e-14       2.242595502270e-15       3.567303924241e-16      -9.556038610558e-17 
 1271       1.030519311721e-10       3.976152829997e-12      -1.922413471633e-12       1.148249738611e-14       2.235701721765e-15       3.608354839537e-16      -9.580892146936e-17 
 1272       1.027469196174e-10       3.987838773847e-12      -2.012154264742e-12       1.147219359606e-14       2.228834025971e-15       3.649866002776e-16      -9.604650166797e-17 
 1273       1.024502339291e-10       3.999050555311e-12      -2.102570830510e-12       1.146195032936e-14       2.221992328784e-15       3.691788570573e-16      -9.627316363497e-17 
 1274       1.021618549707e-10       4.009786940286e-12      -2.193623879767e-12       1.145176869319e-14       2.215176542549e-15       3.734073384112e-16      -9.648894478677e-17 
 1275       1.018817632818e-10       4.020046697807e-12      -2.285273865713e-12       1.144164979933e-14       2.208386578067e-15       3.776670968522e-16      -9.669388302376e-17 
 1276       1.016099390772e-10       4.029828600061e-12      -2.377480983413e-12       1.143159476420e-14       2.201622344582e-15       3.819531532251e-16      -9.688801673144e-17 
 1277       1.013463622467e-10       4.039131422399e-12      -2.470205169283e-12       1.142160470881e-14       2.194883749783e-15       3.862604966445e-16      -9.707138478150e-17 
 1278       1.010910123533e-10       4.047953943348e-12      -2.563406100582e-12       1.141168075881e-14       2.188170699797e-15       3.905840844324e-16      -9.724402653298e-17 
 1279       1.008438686334e-10       4.056294944628e-12      -2.657043194896e-12       1.140182404448e-14       2.181483099186e-15       3.949188420556e-16      -9.740598183334e-17 
 1280       1.006049099955e-10       4.064153211163e-12      -2.751075609633e-12       1.139203570073e-14       2.174820850945e-15       3.992596630634e-16      -9.755729101957e-17 
 1281       1.003741150197e-10       4.071527531093e-12      -2.845462241507e-12       1.138231686714e-14       2.168183856494e-15       4.036014090252e-16      -9.769799491936e-17 
 1282       1.001514619565e-10       4.078416695792e-12      -2.940161726031e-12       1.137266868790e-14       2.161572015678e-15       4.079389094680e-16      -9.782813485213e-17 
 1283       9.993692872646e-11       4.084819499876e-12      -3.035132437001e-12       1.136309231192e-14       2.154985226763e-15       4.122669618142e-16      -9.794775263023e-17 
 1284       9.973049291939e-11       4.090734741219e-12      -3.130332485992e-12       1.135358889272e-14       2.148423386428e-15       4.165803313192e-16      -9.805689055999e-17 
 1285       9.953213179330e-11       4.096161220967e-12      -3.225719721841e-12       1.134415958853e-14       2.141886389767e-15       4.208737510086e-16      -9.815559144284e-17 
 1286       9.934182227383e-11       4.101097743551e-12      -3.321251730139e-12       1.133480556226e-14       2.135374130280e-15       4.251419216165e-16      -9.824389857645e-17 
 1287       9.915954095342e-11       4.105543116698e-12      -3.416885832720e-12       1.132552798148e-14       2.128886499873e-15       4.293795115223e-16      -9.832185575585e-17 
 1288       9.898526409054e-11       4.109496151448e-12      -3.512579087147e-12       1.131632801850e-14       2.122423388852e-15       4.335811566890e-16      -9.838950727449e-17 
 1289       9.881896760892e-11       4.112955662163e-12      -3.608288286206e-12       1.130720685029e-14       2.115984685919e-15       4.377414606004e-16      -9.844689792540e-17 
 1290       9.866062709677e-11       4.115920466546e-12      -3.703969957392e-12       1.129816565857e-14       2.109570278170e-15       4.418549941987e-16      -9.849407300229e-17 
 1291       9.851021780600e-11       4.118389385649e-12      -3.799580362396e-12       1.128920562973e-14       2.103180051088e-15       4.459162958225e-16      -9.853107830066e-17 
 1292       9.836771465144e-11       4.120361243890e-12      -3.895075496601e-12       1.128032795494e-14       2.096813888545e-15       4.499198711438e-16      -9.855796011892e-17 
 1293       9.823309221010e-11       4.121834869063e-12      -3.990411088562e-12       1.127153383004e-14       2.090471672789e-15       4.538601931061e-16      -9.857476525948e-17 
 1294       9.810632472035e-11       4.122809092355e-12      -4.085542599502e-12       1.126282445567e-14       2.084153284451e-15       4.577317018617e-16      -9.858154102990e-17 
 1295       9.798738608115e-11       4.123282748358e-12      -4.180425222799e-12       1.125420103716e-14       2.077858602531e-15       4.615288047095e-16      -9.857833524399e-17 
 1296       9.787624985132e-11       4.123254675079e-12      -4.275013883473e-12       1.124566478463e-14       2.071587504402e-15       4.652458760324e-16      -9.856519622288e-17 
 1297       9.777288924870e-11       4.122723713960e-12      -4.369263237678e-12       1.123721691295e-14       2.065339865800e-15       4.688772572353e-16      -9.854217279622e-17 
 1298       9.767727714944e-11       4.121688709886e-12      -4.463127672190e-12       1.122885864174e-14       2.059115560825e-15       4.724172566822e-16      -9.850931430321e-17 
 1299       9.758938608715e-11       4.120148511199e-12      -4.556561303894e-12       1.122059119542e-14       2.052914461936e-15       4.758601496339e-16      -9.846667059376e-17 
 1300       9.750918825221e-11       4.118101969714e-12      -4.649517979277e-12       1.121241580317e-14       2.046736439944e-15       4.792001781859e-16      -9.841429202957e-17 
 1301       9.743665549091e-11       4.115547940730e-12      -4.741951273913e-12       1.120433369897e-14       2.040581364012e-15       4.824315512059e-16      -9.835222948530e-17 
 1302       9.737175930475e-11       4.112485283044e-12      -4.833814491955e-12       1.119634612158e-14       2.034449101650e-15       4.855484442712e-16      -9.828053434961e-17 
 1303       9.731447084962e-11       4.108912858965e-12      -4.925060665622e-12       1.118845431458e-14       2.028339518709e-15       4.885449996064e-16      -9.819925852633e-17 
 1304       9.726476093501e-11       4.104829534326e-12      -5.015642554691e-12       1.118065952634e-14       2.022252479380e-15       4.914153260211e-16      -9.810845443554e-17 
 1305       9.722260002330e-11       4.100234178499e-12      -5.105512645981e-12       1.117296301007e-14       2.016187846190e-15       4.941534988474e-16      -9.800817501469e-17 
 1306       9.718795822892e-11       4.095125664407e-12      -5.194623152848e-12       1.116536602378e-14       2.010145479996e-15       4.967535598775e-16      -9.789847371975e-17 
 1307       9.716079160017e-11       4.089503978813e-12      -5.282930097327e-12       1.115786953330e-14       2.004125252740e-15       4.992113336631e-16      -9.777939865636e-17 
 1308       9.714100079832e-11       4.083373566753e-12      -5.370405607572e-12       1.115047331755e-14       1.998127085878e-15       5.015298987726e-16      -9.765097489945e-17 
 1309       9.712847195470e-11       4.076740024544e-12      -5.457025756968e-12       1.114317685327e-14       1.992150912372e-15       5.037141776143e-16      -9.751322197809e-17 
 1310       9.712309034452e-11       4.069608992990e-12      -5.542766493728e-12       1.113597961111e-14       1.986196663969e-15       5.057691256918e-16      -9.736615972816e-17 
 1311       9.712474038508e-11       4.061986157478e-12      -5.627603640669e-12       1.112888105564e-14       1.980264271199e-15       5.076997316692e-16      -9.720980829299e-17 
 1312       9.713330563406e-11       4.053877248064e-12      -5.711512894988e-12       1.112188064528e-14       1.974353663374e-15       5.095110174365e-16      -9.704418812413e-17 
 1313       9.714866878777e-11       4.045288039570e-12      -5.794469828035e-12       1.111497783234e-14       1.968464768580e-15       5.112080381744e-16      -9.686931998202e-17 
 1314       9.717071167942e-11       4.036224351669e-12      -5.876449885094e-12       1.110817206300e-14       1.962597513677e-15       5.127958824194e-16      -9.668522493668e-17 
 1315       9.719931527738e-11       4.026692048983e-12      -5.957428385152e-12       1.110146277728e-14       1.956751824299e-15       5.142796721293e-16      -9.649192436844e-17 
 1316       9.723435968342e-11       4.016697041169e-12      -6.037380520681e-12       1.109484940900e-14       1.950927624844e-15       5.156645627476e-16      -9.628943996863e-17 
 1317       9.727572413101e-11       4.006245283012e-12      -6.116281357410e-12       1.108833138584e-14       1.945124838477e-15       5.169557432693e-16      -9.607779374025e-17 
 1318       9.732328698357e-11       3.995342774519e-12      -6.194105834098e-12       1.108190812927e-14       1.939343387124e-15       5.181584363056e-16      -9.585700799873e-17 
 1319       9.737692573270e-11       3.983995561004e-12      -6.270828762318e-12       1.107557905453e-14       1.933583191473e-15       5.192778981491e-16      -9.562710537258e-17 
 1320       9.743651699647e-11       3.972209733185e-12      -6.346424826223e-12       1.106934357066e-14       1.927844170964e-15       5.203194188387e-16      -9.538810880411e-17 
 1321       9.750193651769e-11       3.959991427275e-12      -6.420868582329e-12       1.106320108044e-14       1.922126243793e-15       5.212883222252e-16      -9.514004155014e-17 
 1322       9.757305916217e-11       3.947346825068e-12      -6.494134459286e-12       1.105715098043e-14       1.916429326904e-15       5.221899660359e-16      -9.488292718268e-17 
 1323       9.764975891693e-11       3.934282154038e-12      -6.566196757656e-12       1.105119266090e-14       1.910753335992e-15       5.230297419399e-16      -9.461678958966e-17 
 1324       9.773190888855e-11       3.920803687422e-12      -6.637029649689e-12       1.104532550584e-14       1.905098185491e-15       5.238130756131e-16      -9.434165297561e-17 
 1325       9.781938130135e-11       3.906917744319e-12      -6.706607179094e-12       1.103954889295e-14       1.899463788582e-15       5.245454268037e-16      -9.405754186234e-17 
 1326       9.791204749571e-11       3.892630689776e-12      -6.774903260822e-12       1.103386219364e-14       1.893850057179e-15       5.252322893966e-16      -9.376448108971e-17 
 1327       9.800977792630e-11       3.877948934881e-12      -6.841891680836e-12       1.102826477297e-14       1.888256901936e-15       5.258791914791e-16      -9.346249581625e-17 
 1328       9.811244216035e-11       3.862878936855e-12      -6.907546095888e-12       1.102275598969e-14       1.882684232237e-15       5.264916954058e-16      -9.315161151991e-17 
 1329       9.821990887590e-11       3.847427199143e-12      -6.971840033296e-12       1.101733519619e-14       1.877131956196e-15       5.270753978634e-16      -9.283185399876e-17 
 1330       9.833204586010e-11       3.831600271504e-12      -7.034746890719e-12       1.101200173850e-14       1.871599980654e-15       5.276359299364e-16      -9.250324937167e-17 
 1331       9.844872000743e-11       3.815404750103e-12      -7.096239935930e-12       1.100675495627e-14       1.866088211175e-15       5.281789571717e-16      -9.216582407903e-17 
 1332       9.856979731798e-11       3.798847277604e-12      -7.156292306595e-12       1.100159418277e-14       1.860596552044e-15       5.287101796439e-16      -9.181960488342e-17 
 1333       9.869514289569e-11       3.781934543258e-12      -7.214877010049e-12       1.099651874486e-14       1.855124906264e-15       5.292353320205e-16      -9.146461887036e-17 
 1334       9.882462094668e-11       3.764673282996e-12      -7.271966923067e-12       1.099152796298e-14       1.849673175553e-15       5.297601836266e-16      -9.110089344898e-17 
 1335       9.895809477741e-11       3.747070279523e-12      -7.327534791646e-12       1.098662115115e-14       1.844241260339e-15       5.302905385105e-16      -9.072845635271e-17 
 1336       9.909542679302e-11       3.729132362403e-12      -7.381553230774e-12       1.098179761693e-14       1.838829059761e-15       5.308322355084e-16      -9.034733564001e-17 
 1337       9.923647849557e-11       3.710866408158e-12      -7.433994724212e-12       1.097705666144e-14       1.833436471664e-15       5.313911483099e-16      -8.995755969506e-17 
 1338       9.938111048229e-11       3.692279340350e-12      -7.484831624264e-12       1.097239757931e-14       1.828063392593e-15       5.319731855226e-16      -8.955915722845e-17 
 1339       9.952918244386e-11       3.673378129683e-12      -7.534036151556e-12       1.096781965869e-14       1.822709717797e-15       5.325842907375e-16      -8.915215727789e-17 
 1340       9.968055316263e-11       3.654169794084e-12      -7.581580394811e-12       1.096332218124e-14       1.817375341220e-15       5.332304425943e-16      -8.873658920892e-17 
 1341       9.983508051096e-11       3.634661398803e-12      -7.627436310625e-12       1.095890442208e-14       1.812060155499e-15       5.339176548460e-16      -8.831248271559e-17 
 1342       9.999262144941e-11       3.614860056497e-12      -7.671575723240e-12       1.095456564983e-14       1.806764051964e-15       5.346519764244e-16      -8.787986782118e-17 
 1343       1.001530320250e-10       3.594772927327e-12      -7.713970324323e-12       1.095030512656e-14       1.801486920633e-15       5.354394915049e-16      -8.743877487890e-17 
 1344       1.003161673696e-10       3.574407219046e-12      -7.754591672741e-12       1.094612210778e-14       1.796228650209e-15       5.362863195720e-16      -8.698923457257e-17 
 1345       1.004818816979e-10       3.553770187090e-12      -7.793411194333e-12       1.094201584244e-14       1.790989128076e-15       5.371986154838e-16      -8.653127791735e-17 
 1346       1.006500311953e-10       3.532869307996e-12      -7.830405334807e-12       1.093798543380e-14       1.785768250355e-15       5.381807885167e-16      -8.606494748541e-17 
 1347       1.008204827177e-10       3.511712801517e-12      -7.865571080113e-12       1.093402942052e-14       1.780565952179e-15       5.392301381949e-16      -8.559033121513e-17 
 1348       1.009931051824e-10       3.490309114357e-12      -7.898910604226e-12       1.093014619100e-14       1.775382177742e-15       5.403421603173e-16      -8.510752897055e-17 
 1349       1.011677666862e-10       3.468666747469e-12      -7.930426131442e-12       1.092633412206e-14       1.770216870266e-15       5.415123226386e-16      -8.461664135120e-17 
 1350       1.013443345038e-10       3.446794256152e-12      -7.960119936494e-12       1.092259157887e-14       1.765069972001e-15       5.427360648167e-16      -8.411776969353e-17 
 1351       1.015226750859e-10       3.424700250158e-12      -7.987994344669e-12       1.091891691498e-14       1.759941424222e-15       5.440087983597e-16      -8.361101607232e-17 
 1352       1.017026540582e-10       3.402393393795e-12      -8.014051731927e-12       1.091530847227e-14       1.754831167228e-15       5.453259065736e-16      -8.309648330217e-17 
 1353       1.018841362193e-10       3.379882406027e-12      -8.038294525014e-12       1.091176458092e-14       1.749739140339e-15       5.466827445089e-16      -8.257427493892e-17 
 1354       1.020669855397e-10       3.357176060577e-12      -8.060725201582e-12       1.090828355941e-14       1.744665281892e-15       5.480746389084e-16      -8.204449528109e-17 
 1355       1.022510651597e-10       3.334283186032e-12      -8.081346290304e-12       1.090486371448e-14       1.739609529241e-15       5.494968881538e-16      -8.150724937135e-17 
 1356       1.024362373884e-10       3.311212665946e-12      -8.100160370989e-12       1.090150334111e-14       1.734571818756e-15       5.509447622137e-16      -8.096264299791e-17 
 1357       1.026223637017e-10       3.287973438938e-12      -8.117170074704e-12       1.089820072251e-14       1.729552085814e-15       5.524135025899e-16      -8.041078269604e-17 
 1358       1.028093047409e-10       3.264574498802e-12      -8.132378083884e-12       1.089495413007e-14       1.724550264806e-15       5.538983222655e-16      -7.985177574945e-17 
 1359       1.029969203113e-10       3.241024894601e-12      -8.145787132453e-12       1.089176182336e-14       1.719566289129e-15       5.553944056516e-16      -7.928573019176e-17 
 1360       1.031850693806e-10       3.217333730780e-12      -8.157400005941e-12       1.088862205010e-14       1.714600091182e-15       5.568969085346e-16      -7.871275480795e-17 
 1361       1.033736100770e-10       3.193510167260e-12      -8.167219541597e-12       1.088553304614e-14       1.709651602370e-15       5.584009580234e-16      -7.813295913578e-17 
 1362       1.035623996884e-10       3.169563419544e-12      -8.175248628511e-12       1.088249303544e-14       1.704720753096e-15       5.599016524969e-16      -7.754645346727e-17 
 1363       1.037512946600e-10       3.145502758822e-12      -8.181490207723e-12       1.087950023001e-14       1.699807472763e-15       5.613940615507e-16      -7.695334885011e-17 
 1364       1.039401505933e-10       3.121337512069e-12      -8.185947272349e-12       1.087655282996e-14       1.694911689768e-15       5.628732259449e-16      -7.635375708911e-17 
 1365       1.041288222444e-10       3.097077062153e-12      -8.188622867691e-12       1.087364902340e-14       1.690033331501e-15       5.643341575508e-16      -7.574779074767e-17 
 1366       1.043171635226e-10       3.072730847934e-12      -8.189520091356e-12       1.087078698648e-14       1.685172324345e-15       5.657718392985e-16      -7.513556314919e-17 
 1367       1.045050274884e-10       3.048308364367e-12      -8.188642093371e-12       1.086796488333e-14       1.680328593670e-15       5.671812251240e-16      -7.451718837855e-17 
 1368       1.046922663525e-10       3.023819162607e-12      -8.185992076304e-12       1.086518086602e-14       1.675502063833e-15       5.685572399164e-16      -7.389278128350e-17 
 1369       1.048787314740e-10       2.999272850109e-12      -8.181573295374e-12       1.086243307460e-14       1.670692658176e-15       5.698947794649e-16      -7.326245747617e-17 
 1370       1.050642733588e-10       2.974679090734e-12      -8.175389058575e-12       1.085971963702e-14       1.665900299023e-15       5.711887104064e-16      -7.262633333447e-17 
 1371       1.052487416581e-10       2.950047604849e-12      -8.167442726787e-12       1.085703866914e-14       1.661124907675e-15       5.724338701726e-16      -7.198452600353e-17 
 1372       1.054319851671e-10       2.925388169430e-12      -8.157737713895e-12       1.085438827468e-14       1.656366404414e-15       5.736250669372e-16      -7.133715339717e-17 
 1373       1.056138518229e-10       2.900710618166e-12      -8.146277486906e-12       1.085176654522e-14       1.651624708495e-15       5.747570795629e-16      -7.068433419935e-17 
 1374       1.057941887035e-10       2.876024841563e-12      -8.133065566065e-12       1.084917156016e-14       1.646899738147e-15       5.758246575489e-16      -7.002618786558e-17 
 1375       1.059728420260e-10       2.851340787041e-12      -8.118105524971e-12       1.084660138671e-14       1.642191410566e-15       5.768225209781e-16      -6.936283462438e-17 
 1376       1.061496571450e-10       2.826668459044e-12      -8.101400990696e-12       1.084405407987e-14       1.637499641922e-15       5.777453604641e-16      -6.869439547872e-17 
 1377       1.063244785512e-10       2.802017919139e-12      -8.082955643899e-12       1.084152768238e-14       1.632824347346e-15       5.785878370988e-16      -6.802099220749e-17 
 1378       1.064971498700e-10       2.777399286118e-12      -8.062773218944e-12       1.083902022474e-14       1.628165440935e-15       5.793445823992e-16      -6.734274736691e-17 
 1379       1.066675138593e-10       2.752822736102e-12      -8.040857504017e-12       1.083652972514e-14       1.623522835747e-15       5.800101982548e-16      -6.665978429199e-17 
 1380       1.068354124088e-10       2.728298502645e-12      -8.017212341241e-12       1.083405418947e-14       1.618896443797e-15       5.805792568749e-16      -6.597222709796e-17 
 1381       1.070006865379e-10       2.703836876835e-12      -7.991841626797e-12       1.083159161130e-14       1.614286176061e-15       5.810463007358e-16      -6.528020068174e-17 
 1382       1.071631763943e-10       2.679448207397e-12      -7.964749311034e-12       1.082913997182e-14       1.609691942466e-15       5.814058425278e-16      -6.458383072336e-17 
 1383       1.073227212524e-10       2.655142900796e-12      -7.935939398590e-12       1.082669723985e-14       1.605113651892e-15       5.816523651028e-16      -6.388324368743e-17 
 1384       1.074791595120e-10       2.630931421340e-12      -7.905415948510e-12       1.082426137182e-14       1.600551212170e-15       5.817803214210e-16      -6.317856682454e-17 
 1385       1.076323439335e-10       2.606823549094e-12      -7.873186287760e-12       1.082183038941e-14       1.596004538219e-15       5.817856103100e-16      -6.246992368309e-17 
 1386       1.077821875239e-10       2.582826144846e-12      -7.839270688676e-12       1.081940261348e-14       1.591473576571e-15       5.816700208947e-16      -6.175742058987e-17 
 1387       1.079286181323e-10       2.558945361749e-12      -7.803692793927e-12       1.081697643258e-14       1.586958281101e-15       5.814368349879e-16      -6.104116002961e-17 
 1388       1.080715632563e-10       2.535187385422e-12      -7.766476412701e-12       1.081455022549e-14       1.582458604909e-15       5.810893555764e-16      -6.032124512282e-17 
 1389       1.082109500412e-10       2.511558434006e-12      -7.727645521025e-12       1.081212236113e-14       1.577974500315e-15       5.806309068603e-16      -5.959777962695e-17 
 1390       1.083467052799e-10       2.488064758223e-12      -7.687224262080e-12       1.080969119863e-14       1.573505918861e-15       5.800648342927e-16      -5.887086793761e-17 
 1391       1.084787554115e-10       2.464712641431e-12      -7.645236946519e-12       1.080725508724e-14       1.569052811307e-15       5.793945046188e-16      -5.814061508964e-17 
 1392       1.086070265213e-10       2.441508399678e-12      -7.601708052786e-12       1.080481236638e-14       1.564615127628e-15       5.786233059158e-16      -5.740712675836e-17 
 1393       1.087314443403e-10       2.418458381764e-12      -7.556662227434e-12       1.080236136554e-14       1.560192817016e-15       5.777546476320e-16      -5.667050926070e-17 
 1394       1.088519342441e-10       2.395568969291e-12      -7.510124285439e-12       1.079990040433e-14       1.555785827874e-15       5.767919606265e-16      -5.593086955634e-17 
 1395       1.089684212526e-10       2.372846576724e-12      -7.462119210520e-12       1.079742779245e-14       1.551394107818e-15       5.757386972087e-16      -5.518831524891e-17 
 1396       1.090808300294e-10       2.350297651445e-12      -7.412672155457e-12       1.079494182964e-14       1.547017603671e-15       5.745983311777e-16      -5.444295458713e-17 
 1397       1.091890848812e-10       2.327928673810e-12      -7.361808442409e-12       1.079244080568e-14       1.542656261467e-15       5.733743578617e-16      -5.369489646598e-17 
 1398       1.092931097573e-10       2.305746157206e-12      -7.309553563228e-12       1.078992300040e-14       1.538310026442e-15       5.720702941574e-16      -5.294425042789e-17 
 1399       1.093928282487e-10       2.283756648106e-12      -7.255933179781e-12       1.078738668360e-14       1.533978843040e-15       5.706896785700e-16      -5.219112666385e-17 
 1400       1.094881635878e-10       2.261966726127e-12      -7.200973124265e-12       1.078483011510e-14       1.529662654905e-15       5.692360712521e-16      -5.143563601461e-17 
 1401       1.095790386477e-10       2.240383004084e-12      -7.144699399524e-12       1.078225154467e-14       1.525361404881e-15       5.677130540432e-16      -5.067788997184e-17 
 1402       1.096653759415e-10       2.219012128050e-12      -7.087138179370e-12       1.077964921203e-14       1.521075035013e-15       5.661242305098e-16      -4.991800067928e-17 
 1403       1.097470976219e-10       2.197860777408e-12      -7.028315808897e-12       1.077702134685e-14       1.516803486540e-15       5.644732259839e-16      -4.915608093392e-17 
 1404       1.098241254806e-10       2.176935664911e-12      -6.968258804799e-12       1.077436616870e-14       1.512546699900e-15       5.627636876036e-16      -4.839224418714e-17 
 1405       1.098963809476e-10       2.156243536737e-12      -6.906993855689e-12       1.077168188705e-14       1.508304614721e-15       5.609992843514e-16      -4.762660454592e-17 
 1406       1.099637850904e-10       2.135791172544e-12      -6.844547822417e-12       1.076896670126e-14       1.504077169824e-15       5.591837070946e-16      -4.685927677393e-17 
 1407       1.100262586140e-10       2.115585385528e-12      -6.780947738385e-12       1.076621880052e-14       1.499864303221e-15       5.573206686245e-16      -4.609037629277e-17 
 1408       1.100837218596e-10       2.095633022480e-12      -6.716220809867e-12       1.076343636391e-14       1.495665952109e-15       5.554139036955e-16      -4.532001918309e-17 
 1409       1.101360948045e-10       2.075940963841e-12      -6.650394416325e-12       1.076061756028e-14       1.491482052875e-15       5.534671690652e-16      -4.454832218573e-17 
 1410       1.101832970615e-10       2.056516123758e-12      -6.583496110728e-12       1.075776054834e-14       1.487312541088e-15       5.514842435334e-16      -4.377540270296e-17 
 1411       1.102252478780e-10       2.037365450142e-12      -6.515553619867e-12       1.075486347654e-14       1.483157351501e-15       5.494689279818e-16      -4.300137879958e-17 
 1412       1.102618661354e-10       2.018495924723e-12      -6.446594844676e-12       1.075192448314e-14       1.479016418046e-15       5.474250454134e-16      -4.222636920409e-17 
 1413       1.102930703490e-10       1.999914563106e-12      -6.376647860548e-12       1.074894169613e-14       1.474889673837e-15       5.453564409920e-16      -4.145049330988e-17 
 1414       1.103187786669e-10       1.981628414830e-12      -6.305740917651e-12       1.074591323322e-14       1.470777051164e-15       5.432669820816e-16      -4.067387117638e-17 
 1415       1.103389088695e-10       1.963644563420e-12      -6.233902441248e-12       1.074283720187e-14       1.466678481492e-15       5.411605582861e-16      -3.989662353021e-17 
 1416       1.103533783692e-10       1.945970126449e-12      -6.161161032013e-12       1.073971169922e-14       1.462593895461e-15       5.390410814884e-16      -3.911887176635e-17 
 1417       1.103621042095e-10       1.928612255588e-12      -6.087545466348e-12       1.073653481208e-14       1.458523222883e-15       5.369124858904e-16      -3.834073794933e-17 
 1418       1.103650030644e-10       1.911578136669e-12      -6.013084696705e-12       1.073330461694e-14       1.454466392739e-15       5.347787280520e-16      -3.756234481436e-17 
 1419       1.103619912380e-10       1.894874989735e-12      -5.937807851897e-12       1.073001917992e-14       1.450423333180e-15       5.326437869306e-16      -3.678381576849e-17 
 1420       1.103529846638e-10       1.878510069101e-12      -5.861744237419e-12       1.072667655677e-14       1.446393971523e-15       5.305116639210e-16      -3.600527489182e-17 
 1421       1.103378989040e-10       1.862490663407e-12      -5.784923335767e-12       1.072327479284e-14       1.442378234250e-15       5.283863828946e-16      -3.522684693861e-17 
 1422       1.103166491493e-10       1.846824095679e-12      -5.707374806754e-12       1.071981192307e-14       1.438376047007e-15       5.262719902386e-16      -3.444865733846e-17 
 1423       1.102891502177e-10       1.831517723379e-12      -5.629128487824e-12       1.071628597198e-14       1.434387334600e-15       5.241725548960e-16      -3.367083219749e-17 
 1424       1.102553337521e-10       1.816577816660e-12      -5.550214174926e-12       1.071269517555e-14       1.430412027590e-15       5.220913822351e-16      -3.289348936644e-17 
 1425       1.102152000056e-10       1.802006180390e-12      -5.470660962006e-12       1.070903864939e-14       1.426450082151e-15       5.200286467466e-16      -3.211671154232e-17 
 1426       1.101687665866e-10       1.787803497546e-12      -5.390497895359e-12       1.070531572742e-14       1.422501460412e-15       5.179837351130e-16      -3.134057289284e-17 
 1427       1.101160513100e-10       1.773970447863e-12      -5.309754192771e-12       1.070152574054e-14       1.418566123877e-15       5.159560301650e-16      -3.056514796501e-17 
 1428       1.100570721973e-10       1.760507707825e-12      -5.228459243820e-12       1.069766801665e-14       1.414644033428e-15       5.139449108744e-16      -2.979051168577e-17 
 1429       1.099918474775e-10       1.747415950653e-12      -5.146642610184e-12       1.069374188062e-14       1.410735149320e-15       5.119497523475e-16      -2.901673936267e-17 
 1430       1.099203955868e-10       1.734695846298e-12      -5.064334025943e-12       1.068974665433e-14       1.406839431183e-15       5.099699258176e-16      -2.824390668444e-17 
 1431       1.098427351700e-10       1.722348061428e-12      -4.981563397885e-12       1.068568165661e-14       1.402956838015e-15       5.080047986383e-16      -2.747208972168e-17 
 1432       1.097588850799e-10       1.710373259419e-12      -4.898360805810e-12       1.068154620328e-14       1.399087328188e-15       5.060537342765e-16      -2.670136492745e-17 
 1433       1.096688643784e-10       1.698772100347e-12      -4.814756502834e-12       1.067733960710e-14       1.395230859441e-15       5.041160923051e-16      -2.593180913797e-17 
 1434       1.095726923368e-10       1.687545240974e-12      -4.730780915696e-12       1.067306117782e-14       1.391387388880e-15       5.021912283964e-16      -2.516349957317e-17 
 1435       1.094703884361e-10       1.676693334744e-12      -4.646464645059e-12       1.066871022214e-14       1.387556872977e-15       5.002784943145e-16      -2.439651383738e-17 
 1436       1.093619723673e-10       1.666217031765e-12      -4.561838465819e-12       1.066428604369e-14       1.383739267570e-15       4.983772379089e-16      -2.363092991997e-17 
 1437       1.092474640321e-10       1.656116978807e-12      -4.476933327404e-12       1.065978794307e-14       1.379934527859e-15       4.964868031072e-16      -2.286682619596e-17 
 1438       1.091268835435e-10       1.646393819287e-12      -4.391780354084e-12       1.065521521782e-14       1.376142608407e-15       4.946065299081e-16      -2.210428142664e-17 
 1439       1.090002512254e-10       1.637048193259e-12      -4.306410845272e-12       1.065056716239e-14       1.372363463136e-15       4.927357543742e-16      -2.134337476027e-17 
 1440       1.088675876139e-10       1.628080737409e-12      -4.220856275831e-12       1.064584306820e-14       1.368597045329e-15       4.908738086255e-16      -2.058418573264e-17 
 1441       1.087289134575e-10       1.619492085038e-12      -4.135148296375e-12       1.064104222356e-14       1.364843307624e-15       4.890200208317e-16      -1.982679426775e-17 
 1442       1.085842497170e-10       1.611282866058e-12      -4.049318733580e-12       1.063616391371e-14       1.361102202017e-15       4.871737152059e-16      -1.907128067844e-17 
 1443       1.084336175666e-10       1.603453706979e-12      -3.963399590480e-12       1.063120742084e-14       1.357373679859e-15       4.853342119969e-16      -1.831772566700e-17 
 1444       1.082770383941e-10       1.596005230898e-12      -3.877423046779e-12       1.062617202400e-14       1.353657691855e-15       4.835008274828e-16      -1.756621032586e-17 
 1445       1.081145338011e-10       1.588938057492e-12      -3.791421459152e-12       1.062105699917e-14       1.349954188061e-15       4.816728739635e-16      -1.681681613814e-17 
 1446       1.079461256037e-10       1.582252803008e-12      -3.705427361551e-12       1.061586161924e-14       1.346263117883e-15       4.798496597539e-16      -1.606962497838e-17 
 1447       1.077718358328e-10       1.575950080248e-12      -3.619473465507e-12       1.061058515399e-14       1.342584430079e-15       4.780304891770e-16      -1.532471911309e-17 
 1448       1.075916867345e-10       1.570030498565e-12      -3.533592660438e-12       1.060522687007e-14       1.338918072753e-15       4.762146625567e-16      -1.458218120146e-17 
 1449       1.074057007705e-10       1.564494663851e-12      -3.447818013952e-12       1.059978603104e-14       1.335263993356e-15       4.744014762107e-16      -1.384209429592e-17 
 1450       1.072139006189e-10       1.559343178526e-12      -3.362182772151e-12       1.059426189734e-14       1.331622138683e-15       4.725902224437e-16      -1.310454184285e-17 
 1451       1.070163091738e-10       1.554576641529e-12      -3.276720359937e-12       1.058865372628e-14       1.327992454876e-15       4.707801895404e-16      -1.236960768316e-17 
 1452       1.068129495467e-10       1.550195648307e-12      -3.191464381314e-12       1.058296077203e-14       1.324374887416e-15       4.689706617584e-16      -1.163737605295e-17 
 1453       1.066038450662e-10       1.546200790807e-12      -3.106448619697e-12       1.057718228564e-14       1.320769381127e-15       4.671609193209e-16      -1.090793158413e-17 
 1454       1.063890192788e-10       1.542592657463e-12      -3.021707038212e-12       1.057131751502e-14       1.317175880172e-15       4.653502384103e-16      -1.018135930507e-17 
 1455       1.061684959491e-10       1.539371833189e-12      -2.937273780003e-12       1.056536570493e-14       1.313594328053e-15       4.635378911607e-16      -9.457744641241e-18 
 1456       1.059422990603e-10       1.536538899369e-12      -2.853183168536e-12       1.055932609699e-14       1.310024667607e-15       4.617231456510e-16      -8.737173415823e-18 
 1457       1.057104528148e-10       1.534094433842e-12      -2.769469707904e-12       1.055319792965e-14       1.306466841008e-15       4.599052658980e-16      -8.019731850360e-18 
 1458       1.054729816343e-10       1.532039010901e-12      -2.686168083132e-12       1.054698043821e-14       1.302920789764e-15       4.580835118492e-16      -7.305506565391e-18 
 1459       1.052299101604e-10       1.530373201274e-12      -2.603313160479e-12       1.054067285481e-14       1.299386454715e-15       4.562571393759e-16      -6.594584581084e-18 
 1460       1.049812632552e-10       1.529097572118e-12      -2.520939987745e-12       1.053427440842e-14       1.295863776034e-15       4.544254002663e-16      -5.887053317873e-18 
 1461       1.047270660013e-10       1.528212687012e-12      -2.439083794577e-12       1.052778432483e-14       1.292352693221e-15       4.525875422182e-16      -5.183000597089e-18 
 1462       1.044673437026e-10       1.527719105941e-12      -2.357779992768e-12       1.052120182664e-14       1.288853145106e-15       4.507428088321e-16      -4.482514641599e-18 
 1463       1.042021314995e-10       1.527616555801e-12      -2.277061181436e-12       1.051452635577e-14       1.285365075037e-15       4.488904318673e-16      -3.785676484513e-18 
 1464       1.039315033200e-10       1.527901432845e-12      -2.196948129164e-12       1.050775824325e-14       1.281888446501e-15       4.470296079380e-16      -3.092537111004e-18 
 1465       1.036555432189e-10       1.528569275249e-12      -2.117458702312e-12       1.050089804607e-14       1.278423227656e-15       4.451595215701e-16      -2.403140089239e-18 
 1466       1.033743357901e-10       1.529615590277e-12      -2.038610852104e-12       1.049394632536e-14       1.274969386152e-15       4.432793529098e-16      -1.717529141778e-18 
 1467       1.030879661674e-10       1.531035854226e-12      -1.960422614768e-12       1.048690364638e-14       1.271526889133e-15       4.413882777159e-16      -1.035748145782e-18 
 1468       1.027965200258e-10       1.532825512368e-12      -1.882912111667e-12       1.047977057850e-14       1.268095703235e-15       4.394854673526e-16      -3.578411332283e-19 
 1469       1.025000835820e-10       1.534979978897e-12      -1.806097549440e-12       1.047254769523e-14       1.264675794583e-15       4.375700887821e-16       3.161477088847e-19 
 1470       1.021987435958e-10       1.537494636869e-12      -1.729997220139e-12       1.046523557426e-14       1.261267128791e-15       4.356413045568e-16       9.861740383264e-19 
 1471       1.018925873709e-10       1.540364838145e-12      -1.654629501365e-12       1.045783479739e-14       1.257869670963e-15       4.336982728122e-16       1.652193357424e-18 
 1472       1.015817027556e-10       1.543585903338e-12      -1.580012856402e-12       1.045034595061e-14       1.254483385688e-15       4.317401472593e-16       2.314161012852e-18 
 1473       1.012661781441e-10       1.547153121755e-12      -1.506165834357e-12       1.044276962408e-14       1.251108237042e-15       4.297660771772e-16       2.972032195425e-18 
 1474       1.009461024776e-10       1.551061751341e-12      -1.433107070298e-12       1.043510641212e-14       1.247744188586e-15       4.277752074056e-16       3.625761939886e-18 
 1475       1.006215652446e-10       1.555307018618e-12      -1.360855285386e-12       1.042735691325e-14       1.244391203365e-15       4.257666783375e-16       4.275305124696e-18 
 1476       1.002926564825e-10       1.559884118638e-12      -1.289429287016e-12       1.041952173017e-14       1.241049243905e-15       4.237396259113e-16       4.920616471826e-18 
 1477       9.995946677837e-11       1.564788214916e-12      -1.218847968953e-12       1.041160146979e-14       1.237718272215e-15       4.216931816041e-16       5.561650546548e-18 
 1478       9.962208726981e-11       1.570014439382e-12      -1.149130311465e-12       1.040359674322e-14       1.234398249785e-15       4.196264724236e-16       6.198361757223e-18 
 1479       9.928060964596e-11       1.575557892321e-12      -1.080295381466e-12       1.039550816577e-14       1.231089137582e-15       4.175386209009e-16       6.830704355091e-18 
 1480       9.893512614852e-11       1.581413642313e-12      -1.012362332649e-12       1.038733635701e-14       1.227790896054e-15       4.154287450830e-16       7.458632434065e-18 
 1481       9.858572957266e-11       1.587576726184e-12      -9.453504056209e-13       1.037908194070e-14       1.224503485125e-15       4.132959585255e-16       8.082099930518e-18 
 1482       9.823251326799e-11       1.594042148945e-12      -8.792789280451e-13       1.037074554486e-14       1.221226864194e-15       4.111393702850e-16       8.701060623074e-18 
 1483       9.787557113952e-11       1.600804883735e-12      -8.141673147728e-13       1.036232780174e-14       1.217960992136e-15       4.089580849117e-16       9.315468132398e-18 
 1484       9.751499764865e-11       1.607859871766e-12      -7.500350679825e-13       1.035382934784e-14       1.214705827301e-15       4.067512024419e-16       9.925275920988e-18 
 1485       9.715088781407e-11       1.615202022268e-12      -6.869017773161e-13       1.034525082395e-14       1.211461327510e-15       4.045178183905e-16       1.053043729296e-17 
 1486       9.678333721280e-11       1.622826212430e-12      -6.247871200156e-13       1.033659287508e-14       1.208227450056e-15       4.022570237440e-16       1.113090539386e-17 
 1487       9.641244198106e-11       1.630727287343e-12      -5.637108610603e-13       1.032785615054e-14       1.205004151703e-15       3.999679049522e-16       1.172663321040e-17 
 1488       9.603829881532e-11       1.638900059947e-12      -5.036928533030e-13       1.031904130393e-14       1.201791388684e-15       3.976495439216e-16       1.231757357033e-17 
 1489       9.566100497322e-11       1.647339310972e-12      -4.447530376070e-13       1.031014899311e-14       1.198589116702e-15       3.953010180075e-16       1.290367914214e-17 
 1490       9.528065827450e-11       1.656039788882e-12      -3.869114429832e-13       1.030117988025e-14       1.195397290924e-15       3.929214000066e-16       1.348490243494e-17 
 1491       9.489735710202e-11       1.664996209818e-12      -3.301881867264e-13       1.029213463184e-14       1.192215865987e-15       3.905097581498e-16       1.406119579815e-17 
 1492       9.451120040270e-11       1.674203257543e-12      -2.746034745521e-13       1.028301391866e-14       1.189044795991e-15       3.880651560941e-16       1.463251142140e-17 
 1493       9.412228768846e-11       1.683655583386e-12      -2.201776007338e-13       1.027381841580e-14       1.185884034499e-15       3.855866529162e-16       1.519880133422e-17 
 1494       9.373071903721e-11       1.693347806181e-12      -1.669309482392e-13       1.026454880271e-14       1.182733534539e-15       3.830733031039e-16       1.576001740589e-17 
 1495       9.333659509379e-11       1.703274512216e-12      -1.148839888672e-13       1.025520576314e-14       1.179593248600e-15       3.805241565497e-16       1.631611134523e-17 
 1496       9.294001707095e-11       1.713430255175e-12      -6.405728338456e-14       1.024578998520e-14       1.176463128632e-15       3.779382585424e-16       1.686703470036e-17 
 1497       9.254108675030e-11       1.723809556080e-12      -1.447148166294e-14       1.023630216134e-14       1.173343126043e-15       3.753146497604e-16       1.741273885850e-17 
 1498       9.213990648325e-11       1.734406903234e-12       3.385267718458e-14       1.022674298836e-14       1.170233191702e-15       3.726523662640e-16       1.795317504578e-17 
 1499       9.173657919203e-11       1.745216752169e-12       8.089436466666e-14       1.021711316745e-14       1.167133275934e-15       3.699504394876e-16       1.848829432701e-17 
 1500       9.133120837059e-11       1.756233525585e-12       1.266326627769e-13       1.020741340413e-14       1.164043328519e-15       3.672078962328e-16       1.901804760548e-17 
 1501       9.092389808561e-11       1.767451613294e-12       1.710465638571e-13       1.019764440834e-14       1.160963298695e-15       3.644237586607e-16       1.954238562275e-17 
 1502       9.051475108084e-11       1.778865253504e-12       2.141187102532e-13       1.018780699368e-14       1.157893139391e-15       3.615975164216e-16       2.006126536627e-17 
 1503       9.010386306823e-11       1.790468175503e-12       2.558466533950e-13       1.017790237654e-14       1.154832819992e-15       3.587305480883e-16       2.057466936110e-17 
 1504       8.969132838315e-11       1.802253953383e-12       2.962317040868e-13       1.016793187991e-14       1.151782313698e-15       3.558247135499e-16       2.108258656561e-17 
 1505       8.927724187676e-11       1.814216124321e-12       3.352752027265e-13       1.015789683438e-14       1.148741593295e-15       3.528818831490e-16       2.158500598090e-17 
 1506       8.886169891689e-11       1.826348188516e-12       3.729785193673e-13       1.014779857813e-14       1.145710631154e-15       3.499039376988e-16       2.208191665084e-17 
 1507       8.844479538890e-11       1.838643609130e-12       4.093430537799e-13       1.013763845699e-14       1.142689399234e-15       3.468927685008e-16       2.257330766229e-17 
 1508       8.802662769651e-11       1.851095812224e-12       4.443702355143e-13       1.012741782437e-14       1.139677869075e-15       3.438502773627e-16       2.305916814516e-17 
 1509       8.760729276271e-11       1.863698186691e-12       4.780615239624e-13       1.011713804135e-14       1.136676011800e-15       3.407783766160e-16       2.353948727258e-17 
 1510       8.718688803056e-11       1.876444084198e-12       5.104184084193e-13       1.010680047666e-14       1.133683798117e-15       3.376789891333e-16       2.401425426099e-17 
 1511       8.676551146412e-11       1.889326819123e-12       5.414424081455e-13       1.009640650669e-14       1.130701198312e-15       3.345540483465e-16       2.448345837033e-17 
 1512       8.634326154925e-11       1.902339668490e-12       5.711350724295e-13       1.008595751551e-14       1.127728182255e-15       3.314054982639e-16       2.494708890414e-17 
 1513       8.592023729449e-11       1.915475871905e-12       5.994979806490e-13       1.007545489488e-14       1.124764719391e-15       3.282352934884e-16       2.540513520967e-17 
 1514       8.549653823196e-11       1.928728631500e-12       6.265327423335e-13       1.006490004427e-14       1.121810778749e-15       3.250453992346e-16       2.585758667804e-17 
 1515       8.507226441814e-11       1.942091111862e-12       6.522409972259e-13       1.005429437085e-14       1.118866328932e-15       3.218377913469e-16       2.630443274437e-17 
 1516       8.464751643481e-11       1.955556439975e-12       6.766244153448e-13       1.004363928953e-14       1.115931338121e-15       3.186144563167e-16       2.674566288790e-17 
 1517       8.422239538985e-11       1.969117705156e-12       6.996846970467e-13       1.003293622298e-14       1.113005774075e-15       3.153773913007e-16       2.718126663212e-17 
 1518       8.379700291815e-11       1.982767958995e-12       7.214235730875e-13       1.002218660159e-14       1.110089604125e-15       3.121286041377e-16       2.761123354491e-17 
 1519       8.337144118244e-11       1.996500215285e-12       7.418428046847e-13       1.001139186354e-14       1.107182795178e-15       3.088701133670e-16       2.803555323866e-17 
 1520       8.294581287415e-11       2.010307449966e-12       7.609441835799e-13       1.000055345478e-14       1.104285313716e-15       3.056039482456e-16       2.845421537042e-17 
 1521       8.252022121428e-11       2.024182601063e-12       7.787295321000e-13       9.989672829069e-15       1.101397125791e-15       3.023321487662e-16       2.886720964200e-17 
 1522       8.209476995426e-11       2.038118568616e-12       7.952007032199e-13       9.978751447950e-15       1.098518197029e-15       2.990567656744e-16       2.927452580014e-17 
 1523       8.166956337681e-11       2.052108214623e-12       8.103595806242e-13       9.967790780798e-15       1.095648492625e-15       2.957798604866e-16       2.967615363661e-17 
 1524       8.124470629680e-11       2.066144362977e-12       8.242080787692e-13       9.956792304815e-15       1.092787977344e-15       2.925035055080e-16       3.007208298834e-17 
 1525       8.082030406211e-11       2.080219799402e-12       8.367481429452e-13       9.945757505047e-15       1.089936615523e-15       2.892297838493e-16       3.046230373758e-17 
 1526       8.039646255449e-11       2.094327271388e-12       8.479817493381e-13       9.934687874397e-15       1.087094371064e-15       2.859607894455e-16       3.084680581200e-17 
 1527       7.997328819040e-11       2.108459488133e-12       8.579109050918e-13       9.923584913636e-15       1.084261207437e-15       2.826986270726e-16       3.122557918484e-17 
 1528       7.955088792194e-11       2.122609120477e-12       8.665376483701e-13       9.912450131419e-15       1.081437087681e-15       2.794454123659e-16       3.159861387503e-17 
 1529       7.912936923760e-11       2.136768800841e-12       8.738640484184e-13       9.901285044294e-15       1.078621974397e-15       2.762032718371e-16       3.196589994734e-17 
 1530       7.870884016323e-11       2.150931123160e-12       8.798922056263e-13       9.890091176718e-15       1.075815829754e-15       2.729743428925e-16       3.232742751247e-17 
 1531       7.828940926283e-11       2.165088642828e-12       8.846242515892e-13       9.878870061066e-15       1.073018615482e-15       2.697607738502e-16       3.268318672723e-17 
 1532       7.787118563944e-11       2.179233876628e-12       8.880623491705e-13       9.867623237648e-15       1.070230292877e-15       2.665647239581e-16       3.303316779465e-17 
 1533       7.745427893598e-11       2.193359302672e-12       8.902086925633e-13       9.856352254718e-15       1.067450822795e-15       2.633883634111e-16       3.337736096408e-17 
 1534       7.703879933615e-11       2.207457360339e-12       8.910655073532e-13       9.845058668490e-15       1.064680165653e-15       2.602338733692e-16       3.371575653138e-17 
 1535       7.662485756522e-11       2.221520450212e-12       8.906350505792e-13       9.833744043147e-15       1.061918281431e-15       2.571034459750e-16       3.404834483901e-17 
 1536       7.621256489099e-11       2.235540934013e-12       8.889196107968e-13       9.822409950858e-15       1.059165129666e-15       2.539992843713e-16       3.437511627618e-17 
 1537       7.580203312455e-11       2.249511134544e-12       8.859215081391e-13       9.811057971787e-15       1.056420669455e-15       2.509236027188e-16       3.469606127895e-17 
 1538       7.539337462120e-11       2.263423335620e-12       8.816430943798e-13       9.799689694109e-15       1.053684859451e-15       2.478786262134e-16       3.501117033041e-17 
 1539       7.498670228130e-11       2.277269782010e-12       8.760867529941e-13       9.788306714017e-15       1.050957657867e-15       2.448665911047e-16       3.532043396077e-17 
 1540       7.458212955112e-11       2.291042679373e-12       8.692548992217e-13       9.776910635744e-15       1.048239022470e-15       2.418897447126e-16       3.562384274751e-17 
 1541       7.417976019589e-11       2.304734747138e-12       8.611523145671e-13       9.765503011008e-15       1.045528914028e-15       2.389498970439e-16       3.592139206454e-17 
 1542       7.377965751100e-11       2.318340883012e-12       8.517931744170e-13       9.754085156719e-15       1.042827306683e-15       2.360470709482e-16       3.621309637869e-17 
 1543       7.338187482024e-11       2.331856514150e-12       8.411940872550e-13       9.742658335573e-15       1.040134177677e-15       2.331808391833e-16       3.649897508920e-17 
 1544       7.298646567745e-11       2.345277045608e-12       8.293717664565e-13       9.731223816460e-15       1.037449503909e-15       2.303507716501e-16       3.677904779137e-17 
 1545       7.259348386688e-11       2.358597860307e-12       8.163430304687e-13       9.719782874472e-15       1.034773261940e-15       2.275564353866e-16       3.705333427688e-17 
 1546       7.220298340352e-11       2.371814319000e-12       8.021248029900e-13       9.708336790920e-15       1.032105427989e-15       2.247973945638e-16       3.732185453426e-17 
 1547       7.181501853342e-11       2.384921760237e-12       7.867341131507e-13       9.696886853334e-15       1.029445977931e-15       2.220732104802e-16       3.758462874914e-17 
 1548       7.142964373409e-11       2.397915500331e-12       7.701880956921e-13       9.685434355483e-15       1.026794887302e-15       2.193834415568e-16       3.784167730474e-17 
 1549       7.104691371480e-11       2.410790833318e-12       7.525039911469e-13       9.673980597375e-15       1.024152131293e-15       2.167276433324e-16       3.809302078215e-17 
 1550       7.066688341691e-11       2.423543030931e-12       7.336991460192e-13       9.662526885272e-15       1.021517684749e-15       2.141053684584e-16       3.833867996075e-17 
 1551       7.028960801429e-11       2.436167342557e-12       7.137910129638e-13       9.651074531701e-15       1.018891522173e-15       2.115161666936e-16       3.857867581855e-17 
 1552       6.991514291356e-11       2.448658995206e-12       6.927971509668e-13       9.639624855459e-15       1.016273617721e-15       2.089595848999e-16       3.881302953260e-17 
 1553       6.954354375453e-11       2.461013193476e-12       6.707352255251e-13       9.628179181625e-15       1.013663945205e-15       2.064351670364e-16       3.904176247931e-17 
 1554       6.917486641047e-11       2.473225119519e-12       6.476230088266e-13       9.616738841572e-15       1.011062478086e-15       2.039424541551e-16       3.926489623488e-17 
 1555       6.880916698851e-11       2.485289933002e-12       6.234783799296e-13       9.605305172972e-15       1.008469189482e-15       2.014809843956e-16       3.948245257560e-17 
 1556       6.844650182995e-11       2.497202771079e-12       5.983193249434e-13       9.593879519808e-15       1.005884052160e-15       1.990502929800e-16       3.969445347829e-17 
 1557       6.808692751060e-11       2.508958748348e-12       5.721639372075e-13       9.582463232387e-15       1.003307038538e-15       1.966499122083e-16       3.990092112063e-17 
 1558       6.773050084115e-11       2.520552956823e-12       5.450304174723e-13       9.571057667342e-15       1.000738120687e-15       1.942793714529e-16       4.010187788155e-17 
 1559       6.737727886751e-11       2.531980465896e-12       5.169370740782e-13       9.559664187648e-15       9.981772703235e-16       1.919381971542e-16       4.029734634157e-17 
 1560       6.702731887112e-11       2.543236322304e-12       4.879023231360e-13       9.548284162632e-15       9.956244588168e-16       1.896259128150e-16       4.048734928320e-17 
 1561       6.668067836934e-11       2.554315550091e-12       4.579446887068e-13       9.536918967976e-15       9.930796571824e-16       1.873420389957e-16       4.067190969133e-17 
 1562       6.633741511576e-11       2.565213150575e-12       4.270828029816e-13       9.525569985734e-15       9.905428360839e-16       1.850860933098e-16       4.085105075354e-17 
 1563       6.599758710057e-11       2.575924102314e-12       3.953354064615e-13       9.514238604339e-15       9.880139658317e-16       1.828575904180e-16       4.102479586052e-17 
 1564       6.566125255088e-11       2.586443361072e-12       3.627213481377e-13       9.502926218610e-15       9.854930163824e-16       1.806560420239e-16       4.119316860641e-17 
 1565       6.532846993106e-11       2.596765859780e-12       3.292595856709e-13       9.491634229767e-15       9.829799573380e-16       1.784809568688e-16       4.135619278922e-17 
 1566       6.499929794314e-11       2.606886508505e-12       2.949691855717e-13       9.480364045436e-15       9.804747579452e-16       1.763318407268e-16       4.151389241113e-17 
 1567       6.467379552706e-11       2.616800194413e-12       2.598693233805e-13       9.469117079660e-15       9.779773870949e-16       1.742081963993e-16       4.166629167892e-17 
 1568       6.435202186112e-11       2.626501781736e-12       2.239792838470e-13       9.457894752910e-15       9.754878133214e-16       1.721095237109e-16       4.181341500431e-17 
 1569       6.403403636222e-11       2.635986111737e-12       1.873184611104e-13       9.446698492095e-15       9.730060048016e-16       1.700353195035e-16       4.195528700433e-17 
 1570       6.371989868628e-11       2.645248002671e-12       1.499063588795e-13       9.435529730568e-15       9.705319293542e-16       1.679850776319e-16       4.209193250173e-17 
 1571       6.340966872857e-11       2.654282249757e-12       1.117625906121e-13       9.424389908140e-15       9.680655544394e-16       1.659582889587e-16       4.222337652529e-17 
 1572       6.310340662401e-11       2.663083625138e-12       7.290687969545e-14       9.413280471086e-15       9.656068471580e-16       1.639544413489e-16       4.234964431024e-17 
 1573       6.280117274757e-11       2.671646877849e-12       3.335905962567e-14       9.402202872159e-15       9.631557742504e-16       1.619730196655e-16       4.247076129859e-17 
 1574       6.250302771457e-11       2.679966733781e-12      -6.860925811954e-15       9.391158570594e-15       9.607123020964e-16       1.600135057641e-16       4.258675313954e-17 
 1575       6.220903238107e-11       2.688037895644e-12      -4.773302236327e-14       9.380149032123e-15       9.582763967142e-16       1.580753784881e-16       4.269764568985e-17 
 1576       6.191924784417e-11       2.695855042936e-12      -8.923706512527e-14       9.369175728982e-15       9.558480237599e-16       1.561581136636e-16       4.280346501415e-17 
 1577       6.163373544236e-11       2.703412831907e-12      -1.313527783662e-13       9.358240139921e-15       9.534271485264e-16       1.542611840943e-16       4.290423738540e-17 
 1578       6.135255675590e-11       2.710705895524e-12      -1.740597753458e-13       9.347343750213e-15       9.510137359432e-16       1.523840595568e-16       4.299998928518e-17 
 1579       6.107577360712e-11       2.717728843433e-12      -2.173375581350e-13       9.336488051667e-15       9.486077505754e-16       1.505262067954e-16       4.309074740413e-17 
 1580       6.080343643155e-11       2.724477086787e-12      -2.611655936446e-13       9.325674379804e-15       9.462091594495e-16       1.486871159932e-16       4.317653738139e-17 
 1581       6.053554927272e-11       2.730949321128e-12      -3.055235428419e-13       9.314903423737e-15       9.438179405604e-16       1.468663804632e-16       4.325738000966e-17 
 1582       6.027210446392e-11       2.737145066423e-12      -3.503910332979e-13       9.304175711774e-15       9.414340744417e-16       1.450636176853e-16       4.333329499578e-17 
 1583       6.001309422784e-11       2.743063844293e-12      -3.957475829958e-13       9.293491773839e-15       9.390575413461e-16       1.432784428929e-16       4.340430221869e-17 
 1584       5.975851067634e-11       2.748705178022e-12      -4.415726001545e-13       9.282852141470e-15       9.366883212444e-16       1.415104690699e-16       4.347042172978e-17 
 1585       5.950834581025e-11       2.754068592562e-12      -4.878453830528e-13       9.272257347827e-15       9.343263938254e-16       1.397593069465e-16       4.353167375317e-17 
 1586       5.926259151912e-11       2.759153614533e-12      -5.345451198526e-13       9.261707927685e-15       9.319717384952e-16       1.380245649955e-16       4.358807868603e-17 
 1587       5.902123958105e-11       2.763959772235e-12      -5.816508884232e-13       9.251204417446e-15       9.296243343763e-16       1.363058494289e-16       4.363965709890e-17 
 1588       5.878428166246e-11       2.768486595645e-12      -6.291416561645e-13       9.240747355133e-15       9.272841603077e-16       1.346027641937e-16       4.368642973598e-17 
 1589       5.855170931786e-11       2.772733616428e-12      -6.769962798311e-13       9.230337280395e-15       9.249511948438e-16       1.329149109685e-16       4.372841751545e-17 
 1590       5.832351398963e-11       2.776700367939e-12      -7.251935053561e-13       9.219974734509e-15       9.226254162538e-16       1.312418891598e-16       4.376564152979e-17 
 1591       5.809968700786e-11       2.780386385227e-12      -7.737119676747e-13       9.209660260379e-15       9.203068025216e-16       1.295832958981e-16       4.379812304608e-17 
 1592       5.788021959006e-11       2.783791205043e-12      -8.225301905478e-13       9.199394402545e-15       9.179953313450e-16       1.279387260342e-16       4.382588350631e-17 
 1593       5.766510284099e-11       2.786914365842e-12      -8.716265863862e-13       9.189177707175e-15       9.156909801348e-16       1.263077721357e-16       4.384894452769e-17 
 1594       5.745432775247e-11       2.789755407788e-12      -9.209794560738e-13       9.179010722074e-15       9.133937260147e-16       1.246900244828e-16       4.386732790295e-17 
 1595       5.724788520307e-11       2.792313872759e-12      -9.705669887919e-13       9.168893996685e-15       9.111035458209e-16       1.230850710653e-16       4.388105560069e-17 
 1596       5.704576595802e-11       2.794589304353e-12      -1.020367261843e-12       9.158828082087e-15       9.088204161006e-16       1.214924975781e-16       4.389014976565e-17 
 1597       5.684796066889e-11       2.796581247892e-12      -1.070358240473e-12       9.148813531002e-15       9.065443131126e-16       1.199118874179e-16       4.389463271901e-17 
 1598       5.665445987344e-11       2.798289250427e-12      -1.120517777697e-12       9.138850897791e-15       9.042752128259e-16       1.183428216796e-16       4.389452695876e-17 
 1599       5.646525399537e-11       2.799712860741e-12      -1.170823614123e-12       9.128940738463e-15       9.020130909196e-16       1.167848791521e-16       4.388985515994e-17 
 1600       5.628033334413e-11       2.800851629358e-12      -1.221253377773e-12       9.119083610669e-15       8.997579227819e-16       1.152376363150e-16       4.388064017501e-17 
 1601       5.609968811469e-11       2.801705108541e-12      -1.271784583911e-12       9.109280073711e-15       8.975096835102e-16       1.137006673348e-16       4.386690503412e-17 
 1602       5.592330838731e-11       2.802272852305e-12      -1.322394634863e-12       9.099530688539e-15       8.952683479097e-16       1.121735440610e-16       4.384867294542e-17 
 1603       5.575118412738e-11       2.802554416415e-12      -1.373060819842e-12       9.089836017755e-15       8.930338904936e-16       1.106558360225e-16       4.382596729541e-17 
 1604       5.558330518514e-11       2.802549358396e-12      -1.423760314772e-12       9.080196625615e-15       8.908062854822e-16       1.091471104239e-16       4.379881164921e-17 
 1605       5.541966129550e-11       2.802257237531e-12      -1.474470182112e-12       9.070613078028e-15       8.885855068021e-16       1.076469321417e-16       4.376722975087e-17 
 1606       5.526024207785e-11       2.801677614874e-12      -1.525167370680e-12       9.061085942562e-15       8.863715280861e-16       1.061548637206e-16       4.373124552373e-17 
 1607       5.510503703576e-11       2.800810053250e-12      -1.575828715474e-12       9.051615788444e-15       8.841643226725e-16       1.046704653698e-16       4.369088307066e-17 
 1608       5.495403555687e-11       2.799654117260e-12      -1.626430937501e-12       9.042203186561e-15       8.819638636041e-16       1.031932949593e-16       4.364616667442e-17 
 1609       5.480722691259e-11       2.798209373285e-12      -1.676950643595e-12       9.032848709462e-15       8.797701236285e-16       1.017229080161e-16       4.359712079795e-17 
 1610       5.466460025796e-11       2.796475389494e-12      -1.727364326245e-12       9.023552931362e-15       8.775830751966e-16       1.002588577205e-16       4.354377008468e-17 
 1611       5.452614463135e-11       2.794451735848e-12      -1.777648363416e-12       9.014316428140e-15       8.754026904627e-16       9.880069490244e-17       4.348613935887e-17 
 1612       5.439184895433e-11       2.792137984101e-12      -1.827779018374e-12       9.005139777347e-15       8.732289412837e-16       9.734796803763e-17       4.342425362585e-17 
 1613       5.426170203140e-11       2.789533707809e-12      -1.877732439512e-12       8.996023558199e-15       8.710617992184e-16       9.590022324400e-17       4.335813807242e-17 
 1614       5.413569254979e-11       2.786638482334e-12      -1.927484660167e-12       8.986968351588e-15       8.689012355272e-16       9.445700427789e-17       4.328781806708e-17 
 1615       5.401380907926e-11       2.783451884846e-12      -1.977011598454e-12       8.977974740077e-15       8.667472211716e-16       9.301785253030e-17       4.321331916041e-17 
 1616       5.389604007185e-11       2.779973494332e-12      -2.026289057077e-12       8.969043307907e-15       8.645997268130e-16       9.158230702321e-17       4.313466708532e-17 
 1617       5.378237386171e-11       2.776202891599e-12      -2.075292723167e-12       8.960174640994e-15       8.624587228130e-16       9.014990440585e-17       4.305188775738e-17 
 1618       5.367279866485e-11       2.772139659275e-12      -2.123998168092e-12       8.951369326935e-15       8.603241792323e-16       8.872017895096e-17       4.296500727517e-17 
 1619       5.356729590785e-11       2.767783993416e-12      -2.172382873327e-12       8.942627795520e-15       8.581960681632e-16       8.729277061357e-17       4.287405257332e-17 
 1620       5.346582014838e-11       2.763138544336e-12      -2.220432328403e-12       8.933949838701e-15       8.560743707513e-16       8.586775028269e-17       4.277905338776e-17 
 1621       5.336831897282e-11       2.758206592416e-12      -2.268133987708e-12       8.925335086292e-15       8.539590702359e-16       8.444529746125e-17       4.268004030885e-17 
 1622       5.327473965034e-11       2.752991438053e-12      -2.315475249363e-12       8.916783165054e-15       8.518501496229e-16       8.302559247155e-17       4.257704413058e-17 
 1623       5.318502913240e-11       2.747496401691e-12      -2.362443455142e-12       8.908293698689e-15       8.497475916840e-16       8.160881645648e-17       4.247009585089e-17 
 1624       5.309913405221e-11       2.741724823857e-12      -2.409025890390e-12       8.899866307839e-15       8.476513789560e-16       8.019515138074e-17       4.235922667202e-17 
 1625       5.301700072424e-11       2.735680065190e-12      -2.455209783934e-12       8.891500610076e-15       8.455614937409e-16       7.878478003206e-17       4.224446800083e-17 
 1626       5.293857514366e-11       2.729365506475e-12      -2.500982308007e-12       8.883196219897e-15       8.434779181052e-16       7.737788602241e-17       4.212585144917e-17 
 1627       5.286380298587e-11       2.722784548679e-12      -2.546330578156e-12       8.874952748722e-15       8.414006338793e-16       7.597465378926e-17       4.200340883418e-17 
 1628       5.279262960593e-11       2.715940612978e-12      -2.591241653166e-12       8.866769804886e-15       8.393296226571e-16       7.457526859675e-17       4.187717217867e-17 
 1629       5.272500003807e-11       2.708837140794e-12      -2.635702534971e-12       8.858646993631e-15       8.372648657957e-16       7.317991653692e-17       4.174717371144e-17 
 1630       5.266085899517e-11       2.701477593826e-12      -2.679700168572e-12       8.850583917108e-15       8.352063444148e-16       7.178878453097e-17       4.161344586762e-17 
 1631       5.260015086822e-11       2.693865454083e-12      -2.723221441957e-12       8.842580174362e-15       8.331540393965e-16       7.040206033042e-17       4.147602128901e-17 
 1632       5.254281972582e-11       2.686004223919e-12      -2.766253186013e-12       8.834635361336e-15       8.311079313843e-16       6.901993251838e-17       4.133493282444e-17 
 1633       5.248880931366e-11       2.677897426061e-12      -2.808782174442e-12       8.826749070858e-15       8.290680007831e-16       6.764259051073e-17       4.119021353007e-17 
 1634       5.243806305397e-11       2.669548603646e-12      -2.850795123682e-12       8.818920892640e-15       8.270342277588e-16       6.627022455739e-17       4.104189666978e-17 
 1635       5.239052404506e-11       2.660961320254e-12      -2.892278692819e-12       8.811150413269e-15       8.250065922374e-16       6.490302574348e-17       4.089001571544e-17 
 1636       5.234613506072e-11       2.652139159936e-12      -2.933219483508e-12       8.803437216208e-15       8.229850739050e-16       6.354118599058e-17       4.073460434735e-17 
 1637       5.230483854978e-11       2.643085727251e-12      -2.973604039883e-12       8.795780881781e-15       8.209696522071e-16       6.218489805794e-17       4.057569645448e-17 
 1638       5.226657663552e-11       2.633804647300e-12      -3.013418848480e-12       8.788180987178e-15       8.189603063481e-16       6.083435554369e-17       4.041332613486e-17 
 1639       5.223129111521e-11       2.624299565752e-12      -3.052650338149e-12       8.780637106439e-15       8.169570152911e-16       5.948975288608e-17       4.024752769594e-17 
 1640       5.219892345956e-11       2.614574148885e-12      -3.091284879973e-12       8.773148810459e-15       8.149597577572e-16       5.815128536469e-17       4.007833565488e-17 
 1641       5.216941481218e-11       2.604632083613e-12      -3.129308787183e-12       8.765715666973e-15       8.129685122251e-16       5.681914910163e-17       3.990578473891e-17 
 1642       5.214270598911e-11       2.594477077522e-12      -3.166708315075e-12       8.758337240559e-15       8.109832569307e-16       5.549354106280e-17       3.972990988568e-17 
 1643       5.211873747826e-11       2.584112858900e-12      -3.203469660927e-12       8.751013092625e-15       8.090039698667e-16       5.417465905907e-17       3.955074624361e-17 
 1644       5.209744943890e-11       2.573543176773e-12      -3.239578963914e-12       8.743742781409e-15       8.070306287819e-16       5.286270174752e-17       3.936832917219e-17 
 1645       5.207878170116e-11       2.562771800935e-12      -3.275022305026e-12       8.736525861973e-15       8.050632111810e-16       5.155786863267e-17       3.918269424235e-17 
 1646       5.206267376548e-11       2.551802521982e-12      -3.309785706983e-12       8.729361886192e-15       8.031016943241e-16       5.026036006767e-17       3.899387723681e-17 
 1647       5.204906480210e-11       2.540639151345e-12      -3.343855134153e-12       8.722250402757e-15       8.011460552260e-16       4.897037725556e-17       3.880191415037e-17 
 1648       5.203789365055e-11       2.529285521320e-12      -3.377216492467e-12       8.715190957164e-15       7.991962706562e-16       4.768812225044e-17       3.860684119032e-17 
 1649       5.202909881913e-11       2.517745485108e-12      -3.409855629338e-12       8.708183091708e-15       7.972523171379e-16       4.641379795872e-17       3.840869477673e-17 
 1650       5.202261848436e-11       2.506022916838e-12      -3.441758333571e-12       8.701226345482e-15       7.953141709480e-16       4.514760814037e-17       3.820751154279e-17 
 1651       5.201839049051e-11       2.494121711607e-12      -3.472910335290e-12       8.694320254367e-15       7.933818081165e-16       4.388975741006e-17       3.800332833518e-17 
 1652       5.201635234905e-11       2.482045785511e-12      -3.503297305843e-12       8.687464351030e-15       7.914552044258e-16       4.264045123845e-17       3.779618221440e-17 
 1653       5.201644123811e-11       2.469799075675e-12      -3.532904857728e-12       8.680658164916e-15       7.895343354107e-16       4.139989595339e-17       3.758611045508e-17 
 1654       5.201859400202e-11       2.457385540291e-12      -3.561718544502e-12       8.673901222245e-15       7.876191763575e-16       4.016829874112e-17       3.737315054636e-17 
 1655       5.202274715071e-11       2.444809158645e-12      -3.589723860704e-12       8.667193046003e-15       7.857097023039e-16       3.894586764752e-17       3.715734019223e-17 
 1656       5.202883685928e-11       2.432073931154e-12      -3.616906241767e-12       8.660533155941e-15       7.838058880382e-16       3.773281157931e-17       3.693871731181e-17 
 1657       5.203679896739e-11       2.419183879397e-12      -3.643251063933e-12       8.653921068565e-15       7.819077080991e-16       3.652934030527e-17       3.671732003978e-17 
 1658       5.204656984530e-11       2.406143144973e-12      -3.668746189589e-12       8.647356228379e-15       7.800151387141e-16       3.533569416404e-17       3.649318583532e-17 
 1659       5.205808900109e-11       2.392956286970e-12      -3.693389627976e-12       8.640837800947e-15       7.781281636335e-16       3.415223347174e-17       3.626634879993e-17 
 1660       5.207129649538e-11       2.379627987185e-12      -3.717181941911e-12       8.634364877993e-15       7.762467683470e-16       3.297934990570e-17       3.603684233664e-17 
 1661       5.208613207646e-11       2.366162951575e-12      -3.740123708532e-12       8.627936545981e-15       7.743709381489e-16       3.181743687205e-17       3.580470003949e-17 
 1662       5.210253517978e-11       2.352565910296e-12      -3.762215519331e-12       8.621551886106e-15       7.725006581381e-16       3.066688950821e-17       3.556995569386e-17 
 1663       5.212044492751e-11       2.338841617739e-12      -3.783457980178e-12       8.615209974290e-15       7.706359132171e-16       2.952810468540e-17       3.533264327672e-17 
 1664       5.213980012802e-11       2.324994852566e-12      -3.803851711349e-12       8.608909881168e-15       7.687766880925e-16       2.840148101120e-17       3.509279695697e-17 
 1665       5.216053927542e-11       2.311030417747e-12      -3.823397347557e-12       8.602650672083e-15       7.669229672738e-16       2.728741883200e-17       3.485045109574e-17 
 1666       5.218260054906e-11       2.296953140599e-12      -3.842095537971e-12       8.596431407076e-15       7.650747350736e-16       2.618632023556e-17       3.460564024666e-17 
 1667       5.220592181309e-11       2.282767872822e-12      -3.859946946255e-12       8.590251140878e-15       7.632319756069e-16       2.509858905351e-17       3.435839915621e-17 
 1668       5.223044061590e-11       2.268479490535e-12      -3.876952250584e-12       8.584108922903e-15       7.613946727910e-16       2.402463086389e-17       3.410876276398e-17 
 1669       5.225609418973e-11       2.254092894315e-12      -3.893112143682e-12       8.578003797236e-15       7.595628103449e-16       2.296485299363e-17       3.385676620297e-17 
 1670       5.228281945011e-11       2.239613009233e-12      -3.908427332842e-12       8.571934802629e-15       7.577363717888e-16       2.191966452108e-17       3.360244479993e-17 
 1671       5.231055299542e-11       2.225044784892e-12      -3.922898539954e-12       8.565900972488e-15       7.559153404442e-16       2.088947627853e-17       3.334583407562e-17 
 1672       5.233923110640e-11       2.210393195463e-12      -3.936526501539e-12       8.559901334869e-15       7.540996994332e-16       1.987470085474e-17       3.308696974515e-17 
 1673       5.236878974568e-11       2.195663239721e-12      -3.949311968768e-12       8.553934912465e-15       7.522894316781e-16       1.887575259742e-17       3.282588771823e-17 
 1674       5.239916455725e-11       2.180859941085e-12      -3.961255707495e-12       8.548000722603e-15       7.504845199012e-16       1.789304761577e-17       3.256262409952e-17 
 1675       5.243029086605e-11       2.165988347654e-12      -3.972358498285e-12       8.542097777230e-15       7.486849466244e-16       1.692700378300e-17       3.229721518890e-17 
 1676       5.246210367741e-11       2.151053532243e-12      -3.982621136435e-12       8.536225082908e-15       7.468906941685e-16       1.597804073883e-17       3.202969748181e-17 
 1677       5.249453767665e-11       2.136060592421e-12      -3.992044432011e-12       8.530381640804e-15       7.451017446534e-16       1.504657989201e-17       3.176010766949e-17 
 1678       5.252752722851e-11       2.121014650547e-12      -4.000629209865e-12       8.524566446683e-15       7.433180799973e-16       1.413304442285e-17       3.148848263934e-17 
 1679       5.256100637675e-11       2.105920853810e-12      -4.008376309673e-12       8.518778490898e-15       7.415396819165e-16       1.323785928571e-17       3.121485947517e-17 
 1680       5.259490884361e-11       2.090784374261e-12      -4.015286585955e-12       8.513016758384e-15       7.397665319249e-16       1.236145121154e-17       3.093927545755e-17 
 1681       5.262916802936e-11       2.075610408857e-12      -4.021360908105e-12       8.507280228644e-15       7.379986113339e-16       1.150424871039e-17       3.066176806410e-17 
 1682       5.266371701180e-11       2.060404179490e-12      -4.026600160418e-12       8.501567875749e-15       7.362359012515e-16       1.066668207392e-17       3.038237496973e-17 
 1683       5.269848854578e-11       2.045170933032e-12      -4.031005242119e-12       8.495878668322e-15       7.344783825827e-16       9.849183377896e-18       3.010113404705e-17 
 1684       5.273341506273e-11       2.029915941366e-12      -4.034577067390e-12       8.490211569532e-15       7.327260360284e-16       9.052186484761e-18       2.981808336658e-17 
 1685       5.276842867017e-11       2.014644501426e-12      -4.037316565395e-12       8.484565537088e-15       7.309788420855e-16       8.276127046097e-18       2.953326119708e-17 
 1686       5.280346115123e-11       1.999361935234e-12      -4.039224680311e-12       8.478939523228e-15       7.292367810461e-16       7.521442505168e-18       2.924670600587e-17 
 1687       5.283844396415e-11       1.984073589936e-12      -4.040302371353e-12       8.473332474710e-15       7.274998329976e-16       6.788572099426e-18       2.895845645911e-17 
 1688       5.287330824182e-11       1.968784837840e-12      -4.040550612803e-12       8.467743332806e-15       7.257679778222e-16       6.077956863033e-18       2.866855142210e-17 
 1689       5.290798479132e-11       1.953501076454e-12      -4.039970394036e-12       8.462171033292e-15       7.240411951962e-16       5.390039629370e-18       2.837702995960e-17 
 1690       5.294240409336e-11       1.938227728519e-12      -4.038562719550e-12       8.456614506439e-15       7.223194645899e-16       4.725265033560e-18       2.808393133611e-17 
 1691       5.297649630188e-11       1.922970242052e-12      -4.036328608990e-12       8.451072677006e-15       7.206027652674e-16       4.084079514979e-18       2.778929501618e-17 
 1692       5.301019124353e-11       1.907734090377e-12      -4.033269097179e-12       8.445544464231e-15       7.188910762859e-16       3.466931319772e-18       2.749316066472e-17 
 1693       5.304341841718e-11       1.892524772168e-12      -4.029385234144e-12       8.440028781821e-15       7.171843764954e-16       2.874270503370e-18       2.719556814728e-17 
 1694       5.307610699348e-11       1.877347811481e-12      -4.024678085141e-12       8.434524537948e-15       7.154826445384e-16       2.306548933008e-18       2.689655753039e-17 
 1695       5.310818581430e-11       1.862208757794e-12      -4.019148730689e-12       8.429030635233e-15       7.137858588496e-16       1.764220290237e-18       2.659616908179e-17 
 1696       5.313958339234e-11       1.847113186045e-12      -4.012798266588e-12       8.423545970747e-15       7.120939976553e-16       1.247740073440e-18       2.629444327081e-17 
 1697       5.317023429903e-11       1.832066320513e-12      -4.005629426140e-12       8.418069480593e-15       7.104070405952e-16       7.574467448869e-19       2.599142008597e-17 
 1698       5.320009838962e-11       1.817071902859e-12      -3.997651462011e-12       8.412600274115e-15       7.087249736030e-16       2.932040462381e-19       2.568713698076e-17 
 1699       5.322914174291e-11       1.802133314402e-12      -3.988875306509e-12       8.407137500834e-15       7.070477840669e-16      -1.452443958542e-19       2.538163091080e-17 
 1700       5.325733028762e-11       1.787253951406e-12      -3.979311953319e-12       8.401680305945e-15       7.053754592112e-16      -5.581564966224e-19       2.507493901506e-17 
 1701       5.328462980220e-11       1.772437225102e-12      -3.968972457593e-12       8.396227830312e-15       7.037079860965e-16      -9.457917156178e-19       2.476709861624e-17 
 1702       5.331100591457e-11       1.757686561709e-12      -3.957867936051e-12       8.390779210460e-15       7.020453516186e-16      -1.308411059144e-18       2.445814722099e-17 
 1703       5.333642410195e-11       1.743005402454e-12      -3.946009567070e-12       8.385333578573e-15       7.003875425089e-16      -1.646277082691e-18       2.414812252016e-17 
 1704       5.336084969063e-11       1.728397203598e-12      -3.933408590783e-12       8.379890062480e-15       6.987345453337e-16      -1.959653893370e-18       2.383706238913e-17 
 1705       5.338424785571e-11       1.713865436452e-12      -3.920076309173e-12       8.374447785656e-15       6.970863464939e-16      -2.248807152345e-18       2.352500488805e-17 
 1706       5.340658362096e-11       1.699413587400e-12      -3.906024086168e-12       8.369005867208e-15       6.954429322250e-16      -2.514004077269e-18       2.321198826211e-17 
 1707       5.342782185856e-11       1.685045157924e-12      -3.891263347737e-12       8.363563421876e-15       6.938042885965e-16      -2.755513444718e-18       2.289805094183e-17 
 1708       5.344792728888e-11       1.670763664619e-12      -3.875805581983e-12       8.358119560021e-15       6.921704015116e-16      -2.973605592624e-18       2.258323154332e-17 
 1709       5.346686448026e-11       1.656572639221e-12      -3.859662339239e-12       8.352673387619e-15       6.905412567072e-16      -3.168552422707e-18       2.226756886855e-17 
 1710       5.348459784884e-11       1.642475628625e-12      -3.842845232164e-12       8.347224006256e-15       6.889168397531e-16      -3.340627402912e-18       2.195110190562e-17 
 1711       5.350109165829e-11       1.628476194904e-12      -3.825365935838e-12       8.341770513123e-15       6.872971360522e-16      -3.490105569843e-18       2.163386982907e-17 
 1712       5.351631001961e-11       1.614577915337e-12      -3.807236187854e-12       8.336312001004e-15       6.856821308399e-16      -3.617263531194e-18       2.131591200011e-17 
 1713       5.353021689094e-11       1.600784382425e-12      -3.788467788417e-12       8.330847558275e-15       6.840718091839e-16      -3.722379468186e-18       2.099726796689e-17 
 1714       5.354277607731e-11       1.587099203912e-12      -3.769072600439e-12       8.325376268894e-15       6.824661559838e-16      -3.805733137998e-18       2.067797746481e-17 
 1715       5.355395123043e-11       1.573526002813e-12      -3.749062549629e-12       8.319897212397e-15       6.808651559708e-16      -3.867605876204e-18       2.035808041676e-17 
 1716       5.356370584848e-11       1.560068417426e-12      -3.728449624594e-12       8.314409463887e-15       6.792687937076e-16      -3.908280599204e-18       2.003761693342e-17 
 1717       5.357200327592e-11       1.546730101362e-12      -3.707245876930e-12       8.308912094034e-15       6.776770535880e-16      -3.928041806662e-18       1.971662731349e-17 
 1718       5.357880670323e-11       1.533514723561e-12      -3.685463421322e-12       8.303404169061e-15       6.760899198363e-16      -3.927175583932e-18       1.939515204403e-17 
 1719       5.358407916670e-11       1.520425968316e-12      -3.663114435631e-12       8.297884750744e-15       6.745073765074e-16      -3.905969604504e-18       1.907323180066e-17 
 1720       5.358778354824e-11       1.507467535292e-12      -3.640211160997e-12       8.292352896401e-15       6.729294074865e-16      -3.864713132424e-18       1.875090744788e-17 
 1721       5.358988257515e-11       1.494643139551e-12      -3.616765901930e-12       8.286807658888e-15       6.713559964882e-16      -3.803697024741e-18       1.842822003932e-17 
 1722       5.359033881991e-11       1.481956511570e-12      -3.592791026406e-12       8.281248086591e-15       6.697871270571e-16      -3.723213733931e-18       1.810521081803e-17 
 1723       5.358911469995e-11       1.469411397264e-12      -3.568298965962e-12       8.275673223419e-15       6.682227825667e-16      -3.623557310336e-18       1.778192121674e-17 
 1724       5.358617247743e-11       1.457011558007e-12      -3.543302215789e-12       8.270082108799e-15       6.666629462196e-16      -3.505023404598e-18       1.745839285813e-17 
 1725       5.358147425906e-11       1.444760770656e-12      -3.517813334833e-12       8.264473777668e-15       6.651076010469e-16      -3.367909270088e-18       1.713466755513e-17 
 1726       5.357498199584e-11       1.432662827566e-12      -3.491844945882e-12       8.258847260469e-15       6.635567299081e-16      -3.212513765348e-18       1.681078731114e-17 
 1727       5.356665748287e-11       1.420721536619e-12      -3.465409735668e-12       8.253201583139e-15       6.620103154907e-16      -3.039137356518e-18       1.648679432037e-17 
 1728       5.355646235912e-11       1.408940721241e-12      -3.438520454957e-12       8.247535767108e-15       6.604683403099e-16      -2.848082119772e-18       1.616273096805e-17 
 1729       5.354435810724e-11       1.397324220422e-12      -3.411189918649e-12       8.241848829290e-15       6.589307867083e-16      -2.639651743754e-18       1.583863983075e-17 
 1730       5.353030605331e-11       1.385875888742e-12      -3.383431005868e-12       8.236139782078e-15       6.573976368555e-16      -2.414151532008e-18       1.551456367662e-17 
 1731       5.351426736664e-11       1.374599596391e-12      -3.355256660060e-12       8.230407633332e-15       6.558688727481e-16      -2.171888405416e-18       1.519054546567e-17 
 1732       5.349620305955e-11       1.363499229187e-12      -3.326679889086e-12       8.224651386381e-15       6.543444762089e-16      -1.913170904629e-18       1.486662835006e-17 
 1733       5.347607398717e-11       1.352578688601e-12      -3.297713765322e-12       8.218870040009e-15       6.528244288872e-16      -1.638309192503e-18       1.454285567437e-17 
 1734       5.345384084719e-11       1.341841891779e-12      -3.268371425747e-12       8.213062588453e-15       6.513087122580e-16      -1.347615056531e-18       1.421927097585e-17 
 1735       5.342946417968e-11       1.331292771560e-12      -3.238666072043e-12       8.207228021393e-15       6.497973076218e-16      -1.041401911277e-18       1.389591798470e-17 
 1736       5.340291178814e-11       1.320934693081e-12      -3.208610966964e-12       8.201365439806e-15       6.482901974715e-16      -7.200117590464e-19       1.357283822797e-17 
 1737       5.337418107150e-11       1.310768698163e-12      -3.178219423222e-12       8.195474404596e-15       6.467873696045e-16      -3.838963154774e-19       1.325006381854e-17 
 1738       5.334327687993e-11       1.300795246172e-12      -3.147504814696e-12       8.189554590891e-15       6.452888130446e-16      -3.353657257291e-20       1.292762460589e-17 
 1739       5.331020411070e-11       1.291014796091e-12      -3.116480580244e-12       8.183605672444e-15       6.437945166778e-16       3.305840939666e-19       1.260555056715e-17 
 1740       5.327496770826e-11       1.281427806514e-12      -3.085160223797e-12       8.177627321637e-15       6.423044692518e-16       7.079799212356e-19       1.228387180729e-17 
 1741       5.323757266436e-11       1.272034735653e-12      -3.053557314456e-12       8.171619209473e-15       6.408186593765e-16       1.098162755617e-18       1.196261855928e-17 
 1742       5.319802401807e-11       1.262836041327e-12      -3.021685486584e-12       8.165581005580e-15       6.393370755229e-16       1.500642049274e-18       1.164182118427e-17 
 1743       5.315632685589e-11       1.253832180966e-12      -2.989558439900e-12       8.159512378206e-15       6.378597060234e-16       1.914924856646e-18       1.132151017180e-17 
 1744       5.311248631184e-11       1.245023611608e-12      -2.957189939581e-12       8.153412994216e-15       6.363865390713e-16       2.340515830940e-18       1.100171613993e-17 
 1745       5.306650756752e-11       1.236410789897e-12      -2.924593816348e-12       8.147282519093e-15       6.349175627207e-16       2.776917220625e-18       1.068246983543e-17 
 1746       5.301839585217e-11       1.227994172079e-12      -2.891783966566e-12       8.141120616932e-15       6.334527648861e-16       3.223628865922e-18       1.036380213400e-17 
 1747       5.296815644282e-11       1.219774214005e-12      -2.858774352338e-12       8.134926950442e-15       6.319921333424e-16       3.680148195304e-18       1.004574404038e-17 
 1748       5.291579466428e-11       1.211751371124e-12      -2.825579001600e-12       8.128701180943e-15       6.305356557242e-16       4.145970221981e-18       9.728326688566e-18 
 1749       5.286131588928e-11       1.203926098484e-12      -2.792212008215e-12       8.122442968362e-15       6.290833195261e-16       4.620587540401e-18       9.411581341998e-18 
 1750       5.280472553854e-11       1.196298850731e-12      -2.758687532069e-12       8.116151971233e-15       6.276351121020e-16       5.103490322737e-18       9.095539393709e-18 
 1751       5.274602908083e-11       1.188870082106e-12      -2.725019799164e-12       8.109827846695e-15       6.261910206652e-16       5.594166315385e-18       8.780232366514e-18 
 1752       5.268523203305e-11       1.181640246441e-12      -2.691223101717e-12       8.103470250489e-15       6.247510322878e-16       6.092100835453e-18       8.465691913193e-18 
 1753       5.262233996035e-11       1.174609797161e-12      -2.657311798250e-12       8.097078836955e-15       6.233151339007e-16       6.596776767258e-18       8.151949816659e-18 
 1754       5.255735847614e-11       1.167779187281e-12      -2.623300313687e-12       8.090653259035e-15       6.218833122934e-16       7.107674558819e-18       7.839037990143e-18 
 1755       5.249029324224e-11       1.161148869403e-12      -2.589203139451e-12       8.084193168264e-15       6.204555541134e-16       7.624272218346e-18       7.526988477366e-18 
 1756       5.242114996890e-11       1.154719295715e-12      -2.555034833555e-12       8.077698214773e-15       6.190318458664e-16       8.146045310739e-18       7.215833452717e-18 
 1757       5.234993441492e-11       1.148490917989e-12      -2.520810020699e-12       8.071168047286e-15       6.176121739157e-16       8.672466954077e-18       6.905605221435e-18 
 1758       5.227665238772e-11       1.142464187579e-12      -2.486543392366e-12       8.064602313117e-15       6.161965244822e-16       9.203007816114e-18       6.596336219782e-18 
 1759       5.220130974341e-11       1.136639555422e-12      -2.452249706915e-12       8.058000658169e-15       6.147848836438e-16       9.737136110770e-18       6.288059015219e-18 
 1760       5.212391238686e-11       1.131017472031e-12      -2.417943789675e-12       8.051362726931e-15       6.133772373357e-16       1.027431759463e-17       5.980806306588e-18 
 1761       5.204446627181e-11       1.125598387497e-12      -2.383640533044e-12       8.044688162478e-15       6.119735713495e-16       1.081401556342e-17       5.674610924288e-18 
 1762       5.196297740092e-11       1.120382751486e-12      -2.349354896580e-12       8.037976606466e-15       6.105738713337e-16       1.135569084853e-17       5.369505830449e-18 
 1763       5.187945182588e-11       1.115371013238e-12      -2.315101907098e-12       8.031227699132e-15       6.091781227926e-16       1.189880181348e-17       5.065524119113e-18 
 1764       5.179389564745e-11       1.110563621563e-12      -2.280896658762e-12       8.024441079293e-15       6.077863110867e-16       1.244280435042e-17       4.762699016411e-18 
 1765       5.170631501556e-11       1.105961024843e-12      -2.246754313185e-12       8.017616384341e-15       6.063984214323e-16       1.298715187664e-17       4.461063880738e-18 
 1766       5.161671612940e-11       1.101563671026e-12      -2.212690099519e-12       8.010753250244e-15       6.050144389010e-16       1.353129533104e-17       4.160652202934e-18 
 1767       5.152510523749e-11       1.097372007628e-12      -2.178719314552e-12       8.003851311543e-15       6.036343484197e-16       1.407468317064e-17       3.861497606456e-18 
 1768       5.143148863775e-11       1.093386481728e-12      -2.144857322803e-12       7.996910201348e-15       6.022581347705e-16       1.461676136705e-17       3.563633847562e-18 
 1769       5.133587267758e-11       1.089607539967e-12      -2.111119556619e-12       7.989929551339e-15       6.008857825898e-16       1.515697340301e-17       3.267094815484e-18 
 1770       5.123826375395e-11       1.086035628549e-12      -2.077521516263e-12       7.982908991764e-15       5.995172763690e-16       1.569476026882e-17       2.971914532605e-18 
 1771       5.113866831349e-11       1.082671193235e-12      -2.044078770016e-12       7.975848151434e-15       5.981526004532e-16       1.622956045889e-17       2.678127154639e-18 
 1772       5.103709285253e-11       1.079514679343e-12      -2.010806954271e-12       7.968746657723e-15       5.967917390420e-16       1.676080996820e-17       2.385766970806e-18 
 1773       5.093354391723e-11       1.076566531749e-12      -1.977721773623e-12       7.961604136568e-15       5.954346761883e-16       1.728794228880e-17       2.094868404013e-18 
 1774       5.082802810360e-11       1.073827194880e-12      -1.944839000969e-12       7.954420212461e-15       5.940813957987e-16       1.781038840632e-17       1.805466011026e-18 
 1775       5.072055630303e-11       1.071296674452e-12      -1.912173163562e-12       7.947194620753e-15       5.927318828180e-16       1.832771130845e-17       1.517592339725e-18 
 1776       5.061115647676e-11       1.068973218731e-12      -1.879733589146e-12       7.939927545556e-15       5.913861267941e-16       1.884001073001e-17       1.231271481182e-18 
 1777       5.049986098685e-11       1.066854626396e-12      -1.847528327412e-12       7.932619284618e-15       5.900441183420e-16       1.934752173758e-17       9.465254647778e-19 
 1778       5.038670236061e-11       1.064938683797e-12      -1.815565461129e-12       7.925270137283e-15       5.887058479613e-16       1.985048052192e-17       6.633763964033e-19 
 1779       5.027171329080e-11       1.063223164938e-12      -1.783853106186e-12       7.917880404488e-15       5.873713060358e-16       2.034912439967e-17       3.818464585509e-19 
 1780       5.015492663589e-11       1.061705831457e-12      -1.752399411635e-12       7.910450388772e-15       5.860404828337e-16       2.084369181487e-17       1.019579104124e-19 
 1781       5.003637542033e-11       1.060384432608e-12      -1.721212559740e-12       7.902980394271e-15       5.847133685071e-16       2.133442234065e-17      -1.762669120256e-19 
 1782       4.991609283473e-11       1.059256705241e-12      -1.690300766019e-12       7.895470726727e-15       5.833899530920e-16       2.182155668078e-17      -4.528055958858e-19 
 1783       4.979411223615e-11       1.058320373787e-12      -1.659672279288e-12       7.887921693485e-15       5.820702265077e-16       2.230533667133e-17      -7.276356513046e-19 
 1784       4.967046714834e-11       1.057573150237e-12      -1.629335381710e-12       7.880333603500e-15       5.807541785572e-16       2.278600528228e-17      -1.000734511336e-18 
 1785       4.954519126194e-11       1.057012734124e-12      -1.599298388836e-12       7.872706767334e-15       5.794417989263e-16       2.326380661909e-17      -1.272079531857e-18 
 1786       4.941831843476e-11       1.056636812503e-12      -1.569569649652e-12       7.865041497164e-15       5.781330771839e-16       2.373898592437e-17      -1.541647991468e-18 
 1787       4.928988269202e-11       1.056443059937e-12      -1.540157546622e-12       7.857338106778e-15       5.768280027819e-16       2.421178957947e-17      -1.809417091404e-18 
 1788       4.915991822654e-11       1.056429138472e-12      -1.511070495736e-12       7.849596911584e-15       5.755265650544e-16       2.468246510608e-17      -2.075363955432e-18 
 1789       4.902845939907e-11       1.056592697626e-12      -1.482316946550e-12       7.841818228608e-15       5.742287532179e-16       2.515126116785e-17      -2.339465629758e-18 
 1790       4.889554073845e-11       1.056931374363e-12      -1.453905382236e-12       7.834002376495e-15       5.729345563713e-16       2.561842757203e-17      -2.601699082932e-18 
 1791       4.876119694188e-11       1.057442793080e-12      -1.425844319624e-12       7.826149675518e-15       5.716439634951e-16       2.608421527105e-17      -2.862041205750e-18 
 1792       4.862546287517e-11       1.058124565587e-12      -1.398142309249e-12       7.818260447573e-15       5.703569634516e-16       2.654887636415e-17      -3.120468811162e-18 
 1793       4.848837357297e-11       1.058974291087e-12      -1.370807935392e-12       7.810335016184e-15       5.690735449849e-16       2.701266409899e-17      -3.376958634170e-18 
 1794       4.834996423902e-11       1.059989556159e-12      -1.343849816128e-12       7.802373706506e-15       5.677936967200e-16       2.747583287327e-17      -3.631487331740e-18 
 1795       4.821027024638e-11       1.061167934739e-12      -1.317276603371e-12       7.794376845329e-15       5.665174071634e-16       2.793863823632e-17      -3.884031482699e-18 
 1796       4.806932713768e-11       1.062506988103e-12      -1.291096982919e-12       7.786344761073e-15       5.652446647021e-16       2.840133689075e-17      -4.134567587644e-18 
 1797       4.792717062534e-11       1.064004264845e-12      -1.265319674495e-12       7.778277783801e-15       5.639754576043e-16       2.886418669405e-17      -4.383072068844e-18 
 1798       4.778383659185e-11       1.065657300863e-12      -1.239953431798e-12       7.770176245213e-15       5.627097740182e-16       2.932744666017e-17      -4.629521270145e-18 
 1799       4.763936108996e-11       1.067463619337e-12      -1.215007042542e-12       7.762040478650e-15       5.614476019727e-16       2.979137696118e-17      -4.873891456874e-18 
 1800       4.749378034298e-11       1.069420730711e-12      -1.190489328506e-12       7.753870819098e-15       5.601889293765e-16       3.025623892888e-17      -5.116158815744e-18 
 1801       4.734713074497e-11       1.071526132677e-12      -1.166409145575e-12       7.745667603192e-15       5.589337440184e-16       3.072229505638e-17      -5.356299454755e-18 
 1802       4.719944886101e-11       1.073777310153e-12      -1.142775383787e-12       7.737431169212e-15       5.576820335666e-16       3.118980899974e-17      -5.594289403104e-18 
 1803       4.705077142740e-11       1.076171735269e-12      -1.119596967377e-12       7.729161857092e-15       5.564337855692e-16       3.165904557957e-17      -5.830104611084e-18 
 1804       4.690113535199e-11       1.078706867343e-12      -1.096882854823e-12       7.720860008418e-15       5.551889874531e-16       3.213027078266e-17      -6.063720949989e-18 
 1805       4.675057771431e-11       1.081380152867e-12      -1.074642038889e-12       7.712525966432e-15       5.539476265247e-16       3.260375176358e-17      -6.295114212021e-18 
 1806       4.659913576589e-11       1.084189025486e-12      -1.052883546670e-12       7.704160076034e-15       5.527096899688e-16       3.307975684630e-17      -6.524260110194e-18 
 1807       4.644684693047e-11       1.087130905981e-12      -1.031616439641e-12       7.695762683785e-15       5.514751648494e-16       3.355855552580e-17      -6.751134278232e-18 
 1808       4.629374880423e-11       1.090203202250e-12      -1.010849813696e-12       7.687334137907e-15       5.502440381085e-16       3.404041846968e-17      -6.975712270483e-18 
 1809       4.613987915607e-11       1.093403309287e-12      -9.905927991964e-13       7.678874788290e-15       5.490162965665e-16       3.452561751979e-17      -7.197969561815e-18 
 1810       4.598527592782e-11       1.096728609171e-12      -9.708545610149e-13       7.670384986487e-15       5.477919269219e-16       3.501442569382e-17      -7.417881547524e-18 
 1811       4.582997723447e-11       1.100176471037e-12      -9.516442985806e-13       7.661865085725e-15       5.465709157510e-16       3.550711718694e-17      -7.635423543238e-18 
 1812       4.567402136446e-11       1.103744251066e-12      -9.329712459241e-13       7.653315440898e-15       5.453532495077e-16       3.600396737338e-17      -7.850570784821e-18 
 1813       4.551744677985e-11       1.107429292464e-12      -9.148446717218e-13       7.644736408579e-15       5.441389145234e-16       3.650525280809e-17      -8.063298428276e-18 
 1814       4.536029160375e-11       1.111228839322e-12      -8.972722120814e-13       7.636128396087e-15       5.429278979434e-16       3.701119132785e-17      -8.273584508628e-18 
 1815       4.520259207735e-11       1.115139777484e-12      -8.802548541024e-13       7.627492009147e-15       5.417201905454e-16       3.752176182315e-17      -8.481418842851e-18 
 1816       4.504438409089e-11       1.119158891555e-12      -8.637919119369e-13       7.618827905429e-15       5.405157839433e-16       3.803688301567e-17      -8.686794198570e-18 
 1817       4.488570369562e-11       1.123282950808e-12      -8.478826903606e-13       7.610136745588e-15       5.393146696526e-16       3.855647322615e-17      -8.889703341615e-18 
 1818       4.472658710405e-11       1.127508709159e-12      -8.325264847570e-13       7.601419193266e-15       5.381168390901e-16       3.908045037383e-17      -9.090139036031e-18 
 1819       4.456707069018e-11       1.131832905150e-12      -8.177225811010e-13       7.592675915100e-15       5.369222835734e-16       3.960873197589e-17      -9.288094044095e-18 
 1820       4.440719098966e-11       1.136252261926e-12      -8.034702559434e-13       7.583907580720e-15       5.357309943213e-16       4.014123514686e-17      -9.483561126323e-18 
 1821       4.424698470008e-11       1.140763487211e-12      -7.897687763947e-13       7.575114862759e-15       5.345429624534e-16       4.067787659809e-17      -9.676533041485e-18 
 1822       4.408648868116e-11       1.145363273290e-12      -7.766174001097e-13       7.566298436855e-15       5.333581789898e-16       4.121857263715e-17      -9.867002546615e-18 
 1823       4.392573995499e-11       1.150048296985e-12      -7.640153752713e-13       7.557458981654e-15       5.321766348508e-16       4.176323916724e-17      -1.005496239703e-17 
 1824       4.376477570621e-11       1.154815219635e-12      -7.519619405745e-13       7.548597178814e-15       5.309983208575e-16       4.231179168668e-17      -1.024040534632e-17 
 1825       4.360363328229e-11       1.159660687070e-12      -7.404563252106e-13       7.539713713012e-15       5.298232277305e-16       4.286414528829e-17      -1.042332414640e-17 
 1826       4.344235019371e-11       1.164581329597e-12      -7.294977488518e-13       7.530809271943e-15       5.286513460906e-16       4.342021465884e-17      -1.060371154747e-17 
 1827       4.328096411420e-11       1.169573761972e-12      -7.190854216344e-13       7.521884546331e-15       5.274826664584e-16       4.397991407848e-17      -1.078156029810e-17 
 1828       4.311951288097e-11       1.174634583381e-12      -7.092185441436e-13       7.512940229927e-15       5.263171792539e-16       4.454315742016e-17      -1.095686314514e-17 
 1829       4.295803449490e-11       1.179760377417e-12      -6.998963073977e-13       7.503977019515e-15       5.251548747966e-16       4.510985814909e-17      -1.112961283383e-17 
 1830       4.279656712080e-11       1.184947712061e-12      -6.911178928316e-13       7.494995614916e-15       5.239957433052e-16       4.567992932211e-17      -1.129980210777e-17 
 1831       4.263514908759e-11       1.190193139657e-12      -6.828824722812e-13       7.485996718995e-15       5.228397748974e-16       4.625328358721e-17      -1.146742370891e-17 
 1832       4.247381888859e-11       1.195493196893e-12      -6.751892079680e-13       7.476981037661e-15       5.216869595900e-16       4.682983318287e-17      -1.163247037761e-17 
 1833       4.231261518166e-11       1.200844404778e-12      -6.680372524824e-13       7.467949279871e-15       5.205372872982e-16       4.740948993754e-17      -1.179493485261e-17 
 1834       4.215157678947e-11       1.206243268621e-12      -6.614257487684e-13       7.458902157638e-15       5.193907478361e-16       4.799216526907e-17      -1.195480987108e-17 
 1835       4.199074269972e-11       1.211686278010e-12      -6.553538301075e-13       7.449840386033e-15       5.182473309158e-16       4.857777018413e-17      -1.211208816859e-17 
 1836       4.183015206536e-11       1.217169906787e-12      -6.498206201027e-13       7.440764683187e-15       5.171070261478e-16       4.916621527764e-17      -1.226676247915e-17 
 1837       4.166984420481e-11       1.222690613031e-12      -6.448252326629e-13       7.431675770297e-15       5.159698230408e-16       4.975741073218e-17      -1.241882553523e-17 
 1838       4.150985860215e-11       1.228244839035e-12      -6.403667719869e-13       7.422574371633e-15       5.148357110010e-16       5.035126631749e-17      -1.256827006775e-17 
 1839       4.135023490740e-11       1.233829011282e-12      -6.364443325474e-13       7.413461214537e-15       5.137046793326e-16       5.094769138980e-17      -1.271508880609e-17 
 1840       4.119101293672e-11       1.239439540426e-12      -6.330569990753e-13       7.404337029427e-15       5.125767172372e-16       5.154659489135e-17      -1.285927447812e-17 
 1841       4.103223267260e-11       1.245072821268e-12      -6.302038465435e-13       7.395202549808e-15       5.114518138138e-16       5.214788534978e-17      -1.300081981021e-17 
 1842       4.087393426413e-11       1.250725232738e-12      -6.278839401514e-13       7.386058512267e-15       5.103299580585e-16       5.275147087754e-17      -1.313971752723e-17 
 1843       4.071615802719e-11       1.256393137869e-12      -6.260963353090e-13       7.376905656485e-15       5.092111388644e-16       5.335725917136e-17      -1.327596035258e-17 
 1844       4.055894444468e-11       1.262072883780e-12      -6.248400776205e-13       7.367744725236e-15       5.080953450216e-16       5.396515751168e-17      -1.340954100816e-17 
 1845       4.040233416675e-11       1.267760801649e-12      -6.241142028691e-13       7.358576464392e-15       5.069825652167e-16       5.457507276204e-17      -1.354045221445e-17 
 1846       4.024636801101e-11       1.273453206697e-12      -6.239177370006e-13       7.349401622927e-15       5.058727880329e-16       5.518691136855e-17      -1.366868669046e-17 
 1847       4.009108696279e-11       1.279146398163e-12      -6.242496961079e-13       7.340220952926e-15       5.047660019497e-16       5.580057935930e-17      -1.379423715377e-17 
 1848       3.993653217528e-11       1.284836659282e-12      -6.251090864147e-13       7.331035209580e-15       5.036621953428e-16       5.641598234380e-17      -1.391709632056e-17 
 1849       3.978274496984e-11       1.290520257265e-12      -6.264949042600e-13       7.321845151197e-15       5.025613564838e-16       5.703302551241e-17      -1.403725690557e-17 
 1850       3.962976683617e-11       1.296193443277e-12      -6.284061360820e-13       7.312651539205e-15       5.014634735402e-16       5.765161363577e-17      -1.415471162217e-17 
 1851       3.947763943256e-11       1.301852452416e-12      -6.308417584024e-13       7.303455138153e-15       5.003685345751e-16       5.827165106420e-17      -1.426945318231e-17 
 1852       3.932640458609e-11       1.307493503690e-12      -6.338007378102e-13       7.294256715719e-15       4.992765275470e-16       5.889304172720e-17      -1.438147429661e-17 
 1853       3.917610033648e-11       1.313113049243e-12      -6.372809745684e-13       7.285057013933e-15       4.981874411527e-16       5.951568234799e-17      -1.449077130438e-17 
 1854       3.902674903306e-11       1.318708524236e-12      -6.412761243431e-13       7.275856662595e-15       4.971012673615e-16       6.013944202990e-17      -1.459735509525e-17 
 1855       3.887836914423e-11       1.324277602844e-12      -6.457787513422e-13       7.266656265183e-15       4.960179989007e-16       6.076418250767e-17      -1.470124027387e-17 
 1856       3.873097920541e-11       1.329817949537e-12      -6.507813823613e-13       7.257456427572e-15       4.949376284142e-16       6.138976491679e-17      -1.480244153776e-17 
 1857       3.858459781910e-11       1.335327219064e-12      -6.562765067313e-13       7.248257758035e-15       4.938601484624e-16       6.201604979273e-17      -1.490097367746e-17 
 1858       3.843924365499e-11       1.340803056441e-12      -6.622565762653e-13       7.239060867249e-15       4.927855515219e-16       6.264289707013e-17      -1.499685157668e-17 
 1859       3.829493545001e-11       1.346243096937e-12      -6.687140052063e-13       7.229866368297e-15       4.917138299859e-16       6.327016608197e-17      -1.509009021244e-17 
 1860       3.815169200847e-11       1.351644966065e-12      -6.756411701738e-13       7.220674876671e-15       4.906449761634e-16       6.389771555879e-17      -1.518070465519e-17 
 1861       3.800953220208e-11       1.357006279563e-12      -6.830304101117e-13       7.211487010273e-15       4.895789822795e-16       6.452540362786e-17      -1.526871006897e-17 
 1862       3.786847497006e-11       1.362324643386e-12      -6.908740262347e-13       7.202303389424e-15       4.885158404751e-16       6.515308781240e-17      -1.535412171153e-17 
 1863       3.772853931924e-11       1.367597653692e-12      -6.991642819763e-13       7.193124636860e-15       4.874555428068e-16       6.578062503073e-17      -1.543695493449e-17 
 1864       3.758974432414e-11       1.372822896826e-12      -7.078934029356e-13       7.183951377739e-15       4.863980812466e-16       6.640787159554e-17      -1.551722518346e-17 
 1865       3.745210912702e-11       1.377997949313e-12      -7.170535768246e-13       7.174784239643e-15       4.853434476820e-16       6.703468321298e-17      -1.559494799817e-17 
 1866       3.731565293801e-11       1.383120377839e-12      -7.266369534153e-13       7.165623852584e-15       4.842916339158e-16       6.766091498195e-17      -1.567013901266e-17 
 1867       3.718039503515e-11       1.388187739242e-12      -7.366356444873e-13       7.156470849001e-15       4.832426316658e-16       6.828642139324e-17      -1.574281395535e-17 
 1868       3.704635476451e-11       1.393197580497e-12      -7.470417237745e-13       7.147325863769e-15       4.821964325649e-16       6.891105632872e-17      -1.581298864924e-17 
 1869       3.691355154027e-11       1.398147438705e-12      -7.578472269126e-13       7.138189534199e-15       4.811530281608e-16       6.953467306058e-17      -1.588067901200e-17 
 1870       3.678200484477e-11       1.403034841077e-12      -7.690441513865e-13       7.129062500040e-15       4.801124099156e-16       7.015712425046e-17      -1.594590105615e-17 
 1871       3.665173422863e-11       1.407857304926e-12      -7.806244564770e-13       7.119945403487e-15       4.790745692065e-16       7.077826194869e-17      -1.600867088915e-17 
 1872       3.652275931084e-11       1.412612337649e-12      -7.925800632084e-13       7.110838889178e-15       4.780394973246e-16       7.139793759349e-17      -1.606900471359e-17 
 1873       3.639509977878e-11       1.417297436716e-12      -8.049028542959e-13       7.101743604202e-15       4.770071854756e-16       7.201600201010e-17      -1.612691882731e-17 
 1874       3.626877538840e-11       1.421910089659e-12      -8.175846740922e-13       7.092660198099e-15       4.759776247791e-16       7.263230541005e-17      -1.618242962352e-17 
 1875       3.614380596423e-11       1.426447774056e-12      -8.306173285353e-13       7.083589322865e-15       4.749508062688e-16       7.324669739031e-17      -1.623555359096e-17 
 1876       3.602021139948e-11       1.430907957521e-12      -8.439925850952e-13       7.074531632953e-15       4.739267208922e-16       7.385902693249e-17      -1.628630731405e-17 
 1877       3.589801165614e-11       1.435288097688e-12      -8.577021727218e-13       7.065487785279e-15       4.729053595106e-16       7.446914240204e-17      -1.633470747299e-17 
 1878       3.577722676506e-11       1.439585642200e-12      -8.717377817915e-13       7.056458439221e-15       4.718867128987e-16       7.507689154743e-17      -1.638077084392e-17 
 1879       3.565787682603e-11       1.443798028697e-12      -8.860910640545e-13       7.047444256626e-15       4.708707717447e-16       7.568212149937e-17      -1.642451429908e-17 
 1880       3.553998200786e-11       1.447922684799e-12      -9.007536325824e-13       7.038445901811e-15       4.698575266502e-16       7.628467876997e-17      -1.646595480691e-17 
 1881       3.542356254846e-11       1.451957028100e-12      -9.157170617151e-13       7.029464041568e-15       4.688469681296e-16       7.688440925197e-17      -1.650510943222e-17 
 1882       3.530863875493e-11       1.455898466147e-12      -9.309728870079e-13       7.020499345164e-15       4.678390866106e-16       7.748115821789e-17      -1.654199533631e-17 
 1883       3.519523100367e-11       1.459744396434e-12      -9.465126051792e-13       7.011552484346e-15       4.668338724338e-16       7.807477031926e-17      -1.657662977712e-17 
 1884       3.508335974041e-11       1.463492206385e-12      -9.623276740571e-13       7.002624133344e-15       4.658313158522e-16       7.866508958581e-17      -1.660903010936e-17 
 1885       3.497304548034e-11       1.467139273341e-12      -9.784095125273e-13       6.993714968874e-15       4.648314070316e-16       7.925195942464e-17      -1.663921378465e-17 
 1886       3.486430880818e-11       1.470682964551e-12      -9.947495004796e-13       6.984825670142e-15       4.638341360503e-16       7.983522261943e-17      -1.666719835167e-17 
 1887       3.475717037823e-11       1.474120637154e-12      -1.011338978756e-12       6.975956918845e-15       4.628394928986e-16       8.041472132962e-17      -1.669300145629e-17 
 1888       3.465165091453e-11       1.477449638171e-12      -1.028169249096e-12       6.967109399174e-15       4.618474674792e-16       8.099029708964e-17      -1.671664084169e-17 
 1889       3.454777121086e-11       1.480667304487e-12      -1.045231574087e-12       6.958283797820e-15       4.608580496068e-16       8.156179080806e-17      -1.673813434856e-17 
 1890       3.444555213089e-11       1.483770962841e-12      -1.062517177109e-12       6.949480803975e-15       4.598712290077e-16       8.212904276680e-17      -1.675749991516e-17 
 1891       3.434501460822e-11       1.486757929815e-12      -1.080017242282e-12       6.940701109335e-15       4.588869953204e-16       8.269189262033e-17      -1.677475557750e-17 
 1892       3.424617514176e-11       1.489625903078e-12      -1.097722920765e-12       6.931945331625e-15       4.579053388053e-16       8.325020368230e-17      -1.678991984073e-17 
 1893       3.414903224357e-11       1.492374138467e-12      -1.115625349807e-12       6.923213784514e-15       4.569262524842e-16       8.380393599244e-17      -1.680301279603e-17 
 1894       3.405357988632e-11       1.495002281988e-12      -1.133715633735e-12       6.914506705928e-15       4.559497300175e-16       8.435307381325e-17      -1.681405501264e-17 
 1895       3.395981199851e-11       1.497509979379e-12      -1.151984837570e-12       6.905824334365e-15       4.549757649946e-16       8.489760139384e-17      -1.682306716752e-17 
 1896       3.386772246433e-11       1.499896876113e-12      -1.170423986970e-12       6.897166908896e-15       4.540043509343e-16       8.543750296997e-17      -1.683007004553e-17 
 1897       3.377730512362e-11       1.502162617398e-12      -1.189024068178e-12       6.888534669165e-15       4.530354812842e-16       8.597276276404e-17      -1.683508453955e-17 
 1898       3.368855377183e-11       1.504306848174e-12      -1.207776027971e-12       6.879927855393e-15       4.520691494209e-16       8.650336498510e-17      -1.683813165068e-17 
 1899       3.360146215991e-11       1.506329213118e-12      -1.226670773606e-12       6.871346708373e-15       4.511053486498e-16       8.702929382886e-17      -1.683923248833e-17 
 1900       3.351602399425e-11       1.508229356640e-12      -1.245699172769e-12       6.862791469475e-15       4.501440722048e-16       8.755053347770e-17      -1.683840827043e-17 
 1901       3.343223293666e-11       1.510006922885e-12      -1.264852053519e-12       6.854262380645e-15       4.491853132483e-16       8.806706810065e-17      -1.683568032354e-17 
 1902       3.335008260424e-11       1.511661555734e-12      -1.284120204240e-12       6.845759684405e-15       4.482290648714e-16       8.857888185346e-17      -1.683107008302e-17 
 1903       3.326956656935e-11       1.513192898804e-12      -1.303494373585e-12       6.837283623853e-15       4.472753200931e-16       8.908595887852e-17      -1.682459909318e-17 
 1904       3.319067835952e-11       1.514600595444e-12      -1.322965270426e-12       6.828834442666e-15       4.463240718609e-16       8.958828330494e-17      -1.681628900743e-17 
 1905       3.311341145741e-11       1.515884288742e-12      -1.342523563800e-12       6.820412385099e-15       4.453753130502e-16       9.008583924854e-17      -1.680616158842e-17 
 1906       3.303775930074e-11       1.517043621521e-12      -1.362159882854e-12       6.812017695985e-15       4.444290364643e-16       9.057861081183e-17      -1.679423870821e-17 
 1907       3.296371528218e-11       1.518078236339e-12      -1.381864816798e-12       6.803650620734e-15       4.434852348344e-16       9.106658208404e-17      -1.678054234841e-17 
 1908       3.289127274935e-11       1.518987775492e-12      -1.401628914848e-12       6.795311405340e-15       4.425439008194e-16       9.154973714112e-17      -1.676509460034e-17 
 1909       3.282042500469e-11       1.519771881010e-12      -1.421442686175e-12       6.787000296373e-15       4.416050270058e-16       9.202806004576e-17      -1.674791766517e-17 
 1910       3.275116530544e-11       1.520430194663e-12      -1.441296599853e-12       6.778717540985e-15       4.406686059076e-16       9.250153484738e-17      -1.672903385407e-17 
 1911       3.268348686355e-11       1.520962357955e-12      -1.461181084803e-12       6.770463386910e-15       4.397346299660e-16       9.297014558214e-17      -1.670846558838e-17 
 1912       3.261738284561e-11       1.521368012127e-12      -1.481086529747e-12       6.762238082462e-15       4.388030915496e-16       9.343387627296e-17      -1.668623539974e-17 
 1913       3.255284637279e-11       1.521646798160e-12      -1.501003283149e-12       6.754041876539e-15       4.378739829540e-16       9.389271092951e-17      -1.666236593025e-17 
 1914       3.248987052080e-11       1.521798356769e-12      -1.520921653165e-12       6.745875018618e-15       4.369472964019e-16       9.434663354824e-17      -1.663687993264e-17 
 1915       3.242844831976e-11       1.521822328408e-12      -1.540831907592e-12       6.737737758764e-15       4.360230240429e-16       9.479562811235e-17      -1.660980027037e-17 
 1916       3.236857275419e-11       1.521718353271e-12      -1.560724273812e-12       6.729630347622e-15       4.351011579533e-16       9.523967859184e-17      -1.658114991785e-17 
 1917       3.231023676292e-11       1.521486071285e-12      -1.580588938742e-12       6.721553036423e-15       4.341816901359e-16       9.567876894348e-17      -1.655095196053e-17 
 1918       3.225343323902e-11       1.521125122121e-12      -1.600416048782e-12       6.713506076982e-15       4.332646125204e-16       9.611288311086e-17      -1.651922959508e-17 
 1919       3.219815502974e-11       1.520635145183e-12      -1.620195709758e-12       6.705489721698e-15       4.323499169626e-16       9.654200502435e-17      -1.648600612955e-17 
 1920       3.214439493644e-11       1.520015779617e-12      -1.639917986875e-12       6.697504223559e-15       4.314375952447e-16       9.696611860114e-17      -1.645130498351e-17 
 1921       3.209214571454e-11       1.519266664306e-12      -1.659572904661e-12       6.689549836136e-15       4.305276390751e-16       9.738520774521e-17      -1.641514968818e-17 
 1922       3.204140007341e-11       1.518387437874e-12      -1.679150446917e-12       6.681626813588e-15       4.296200400883e-16       9.779925634741e-17      -1.637756388663e-17 
 1923       3.199215067635e-11       1.517377738682e-12      -1.698640556661e-12       6.673735410662e-15       4.287147898447e-16       9.820824828537e-17      -1.633857133387e-17 
 1924       3.194439014050e-11       1.516237204831e-12      -1.718033136078e-12       6.665875882691e-15       4.278118798304e-16       9.861216742360e-17      -1.629819589707e-17 
 1925       3.189811103678e-11       1.514965474162e-12      -1.737318046465e-12       6.658048485599e-15       4.269113014575e-16       9.901099761343e-17      -1.625646155566e-17 
 1926       3.185330588980e-11       1.513562184255e-12      -1.756485108184e-12       6.650253475895e-15       4.260130460635e-16       9.940472269304e-17      -1.621339240149e-17 
 1927       3.180996717784e-11       1.512026972430e-12      -1.775524100601e-12       6.642491110680e-15       4.251171049113e-16       9.979332648749e-17      -1.616901263900e-17 
 1928       3.176808733274e-11       1.510359475748e-12      -1.794424762042e-12       6.634761647645e-15       4.242234691893e-16       1.001767928087e-16      -1.612334658535e-17 
 1929       3.172765873984e-11       1.508559331010e-12      -1.813176789733e-12       6.627065345071e-15       4.233321300112e-16       1.005551054554e-16      -1.607641867060e-17 
 1930       3.168867373795e-11       1.506626174757e-12      -1.831769839754e-12       6.619402461828e-15       4.224430784157e-16       1.009282482133e-16      -1.602825343781e-17 
 1931       3.165112213403e-11       1.504559942670e-12      -1.850194392634e-12       6.611773183669e-15       4.215563059701e-16       1.012961965732e-16      -1.597887704530e-17 
 1932       3.161498372705e-11       1.502361770258e-12      -1.868444357435e-12       6.604177401483e-15       4.206718065860e-16       1.016588928165e-16      -1.592832178524e-17 
 1933       3.158023572735e-11       1.500033098995e-12      -1.886514487301e-12       6.596614931362e-15       4.197895747170e-16       1.020162707413e-16      -1.587662159961e-17 
 1934       3.154685523655e-11       1.497575377553e-12      -1.904399515576e-12       6.589085588152e-15       4.189096047566e-16       1.023682639260e-16      -1.582381058142e-17 
 1935       3.151481924743e-11       1.494990061812e-12      -1.922094155776e-12       6.581589185459e-15       4.180318910378e-16       1.027148057295e-16      -1.576992297491e-17 
 1936       3.148410464374e-11       1.492278614868e-12      -1.939593101565e-12       6.574125535638e-15       4.171564278329e-16       1.030558292910e-16      -1.571499317577e-17 
 1937       3.145468820009e-11       1.489442507042e-12      -1.956891026730e-12       6.566694449800e-15       4.162832093538e-16       1.033912675294e-16      -1.565905573133e-17 
 1938       3.142654658179e-11       1.486483215894e-12      -1.973982585156e-12       6.559295737801e-15       4.154122297517e-16       1.037210531433e-16      -1.560214534076e-17 
 1939       3.139965634467e-11       1.483402226230e-12      -1.990862410804e-12       6.551929208251e-15       4.145434831170e-16       1.040451186108e-16      -1.554429685528e-17 
 1940       3.137399393502e-11       1.480201030110e-12      -2.007525117683e-12       6.544594668500e-15       4.136769634790e-16       1.043633961889e-16      -1.548554527832e-17 
 1941       3.134953568933e-11       1.476881126861e-12      -2.023965299827e-12       6.537291924648e-15       4.128126648062e-16       1.046758179135e-16      -1.542592576580e-17 
 1942       3.132625783425e-11       1.473444023087e-12      -2.040177531268e-12       6.530020781533e-15       4.119505810060e-16       1.049823155993e-16      -1.536547362622e-17 
 1943       3.130413648635e-11       1.469891232676e-12      -2.056156366017e-12       6.522781042737e-15       4.110907059245e-16       1.052828208390e-16      -1.530422432097e-17 
 1944       3.128314765204e-11       1.466224276811e-12      -2.071896338031e-12       6.515572510579e-15       4.102330333466e-16       1.055772650038e-16      -1.524221346444e-17 
 1945       3.126326722739e-11       1.462444683982e-12      -2.087391961194e-12       6.508394986115e-15       4.093775569958e-16       1.058655792423e-16      -1.517947682429e-17 
 1946       3.124447099802e-11       1.458553989992e-12      -2.102637729293e-12       6.501248269137e-15       4.085242705340e-16       1.061476944809e-16      -1.511605032158e-17 
 1947       3.122673463888e-11       1.454553737971e-12      -2.117628115989e-12       6.494132158168e-15       4.076731675617e-16       1.064235414232e-16      -1.505197003105e-17 
 1948       3.121003371418e-11       1.450445478380e-12      -2.132357574794e-12       6.487046450466e-15       4.068242416176e-16       1.066930505500e-16      -1.498727218124e-17 
 1949       3.119434367721e-11       1.446230769030e-12      -2.146820539048e-12       6.479990942015e-15       4.059774861785e-16       1.069561521187e-16      -1.492199315476e-17 
 1950       3.117963987019e-11       1.441911175081e-12      -2.161011421893e-12       6.472965427528e-15       4.051328946597e-16       1.072127761632e-16      -1.485616948841e-17 
 1951       3.116589752411e-11       1.437488269060e-12      -2.174924616247e-12       6.465969700445e-15       4.042904604141e-16       1.074628524939e-16      -1.478983787348e-17 
 1952       3.115309175863e-11       1.432963630867e-12      -2.188554494782e-12       6.459003552928e-15       4.034501767328e-16       1.077063106970e-16      -1.472303515585e-17 
 1953       3.114119758190e-11       1.428338847786e-12      -2.201895409897e-12       6.452066775863e-15       4.026120368446e-16       1.079430801344e-16      -1.465579833626e-17 
 1954       3.113018989039e-11       1.423615514496e-12      -2.214941693693e-12       6.445159158854e-15       4.017760339161e-16       1.081730899438e-16      -1.458816457048e-17 
 1955       3.112004346881e-11       1.418795233076e-12      -2.227687657952e-12       6.438280490225e-15       4.009421610515e-16       1.083962690377e-16      -1.452017116951e-17 
 1956       3.111073298988e-11       1.413879613021e-12      -2.240127594107e-12       6.431430557016e-15       4.001104112925e-16       1.086125461038e-16      -1.445185559978e-17 
 1957       3.110223301427e-11       1.408870271249e-12      -2.252255773222e-12       6.424609144982e-15       3.992807776182e-16       1.088218496046e-16      -1.438325548335e-17 
 1958       3.109451799037e-11       1.403768832110e-12      -2.264066445964e-12       6.417816038590e-15       3.984532529453e-16       1.090241077769e-16      -1.431440859814e-17 
 1959       3.108756225421e-11       1.398576927396e-12      -2.275553842578e-12       6.411051021019e-15       3.976278301274e-16       1.092192486317e-16      -1.424535287808e-17 
 1960       3.108134002928e-11       1.393296196354e-12      -2.286712172867e-12       6.404313874157e-15       3.968045019554e-16       1.094071999539e-16      -1.417612641332e-17 
 1961       3.107582542638e-11       1.387928285691e-12      -2.297535626162e-12       6.397604378597e-15       3.959832611573e-16       1.095878893022e-16      -1.410676745048e-17 
 1962       3.107099244348e-11       1.382474849587e-12      -2.308018371298e-12       6.390922313641e-15       3.951641003979e-16       1.097612440086e-16      -1.403731439276e-17 
 1963       3.106681496558e-11       1.376937549703e-12      -2.318154556594e-12       6.384267457293e-15       3.943470122791e-16       1.099271911784e-16      -1.396780580024e-17 
 1964       3.106326676457e-11       1.371318055195e-12      -2.327938309822e-12       6.377639586257e-15       3.935319893391e-16       1.100856576895e-16      -1.389828039001e-17 
 1965       3.106032149906e-11       1.365618042718e-12      -2.337363738185e-12       6.371038475939e-15       3.927190240533e-16       1.102365701927e-16      -1.382877703637e-17 
 1966       3.105795271423e-11       1.359839196438e-12      -2.346424928295e-12       6.364463900442e-15       3.919081088333e-16       1.103798551111e-16      -1.375933477109e-17 
 1967       3.105613384172e-11       1.353983208043e-12      -2.355115946142e-12       6.357915632566e-15       3.910992360272e-16       1.105154386399e-16      -1.368999278354e-17 
 1968       3.105483819945e-11       1.348051776754e-12      -2.363430837077e-12       6.351393443804e-15       3.902923979196e-16       1.106432467461e-16      -1.362079042092e-17 
 1969       3.105403899148e-11       1.342046609331e-12      -2.371363625778e-12       6.344897104342e-15       3.894875867312e-16       1.107632051685e-16      -1.355176718848e-17 
 1970       3.105370980454e-11       1.335969487252e-12      -2.378909412650e-12       6.338426351592e-15       3.886847951558e-16       1.108752653066e-16      -1.348294285784e-17 
 1971       3.105382610194e-11       1.329822468779e-12      -2.386067671936e-12       6.331980795541e-15       3.878840179747e-16       1.109794820998e-16      -1.341425763010e-17 
 1972       3.105436374044e-11       1.323607688409e-12      -2.392838978055e-12       6.325560012696e-15       3.870852504542e-16       1.110759367266e-16      -1.334563152862e-17 
 1973       3.105529847451e-11       1.317327289864e-12      -2.399223911424e-12       6.319163577480e-15       3.862884878095e-16       1.111647107680e-16      -1.327698425002e-17 
 1974       3.105660595614e-11       1.310983426093e-12      -2.405223058462e-12       6.312791062229e-15       3.854937252045e-16       1.112458862078e-16      -1.320823516380e-17 
 1975       3.105826173474e-11       1.304578259292e-12      -2.410837011603e-12       6.306442037193e-15       3.847009577522e-16       1.113195454337e-16      -1.313930331195e-17 
 1976       3.106024125703e-11       1.298113960911e-12      -2.416066369302e-12       6.300116070529e-15       3.839101805142e-16       1.113857712373e-16      -1.307010740848e-17 
 1977       3.106251986685e-11       1.291592711666e-12      -2.420911736049e-12       6.293812728300e-15       3.831213885007e-16       1.114446468149e-16      -1.300056583903e-17 
 1978       3.106507280507e-11       1.285016701554e-12      -2.425373722371e-12       6.287531574471e-15       3.823345766704e-16       1.114962557681e-16      -1.293059666047e-17 
 1979       3.106787520945e-11       1.278388129864e-12      -2.429452944850e-12       6.281272170907e-15       3.815497399308e-16       1.115406821040e-16      -1.286011760046e-17 
 1980       3.107090211452e-11       1.271709205186e-12      -2.433150026123e-12       6.275034077373e-15       3.807668731375e-16       1.115780102363e-16      -1.278904605706e-17 
 1981       3.107412845141e-11       1.264982145425e-12      -2.436465594900e-12       6.268816851524e-15       3.799859710945e-16       1.116083249853e-16      -1.271729909829e-17 
 1982       3.107752904777e-11       1.258209177814e-12      -2.439400285965e-12       6.262620048909e-15       3.792070285541e-16       1.116317115788e-16      -1.264479346171e-17 
 1983       3.108107862759e-11       1.251392538924e-12      -2.441954740190e-12       6.256443222967e-15       3.784300402168e-16       1.116482556522e-16      -1.257144555406e-17 
 1984       3.108475181112e-11       1.244534474678e-12      -2.444129604545e-12       6.250285925019e-15       3.776550007309e-16       1.116580432498e-16      -1.249717145078e-17 
 1985       3.108852311467e-11       1.237637240359e-12      -2.445925532103e-12       6.244147704273e-15       3.768819046931e-16       1.116611608245e-16      -1.242188689561e-17 
 1986       3.109236695056e-11       1.230703100627e-12      -2.447343182053e-12       6.238028107815e-15       3.761107466478e-16       1.116576952390e-16      -1.234550730021e-17 
 1987       3.109625762691e-11       1.223734329527e-12      -2.448383219705e-12       6.231926680608e-15       3.753415210872e-16       1.116477337658e-16      -1.226794774371e-17 
 1988       3.110016934757e-11       1.216733210502e-12      -2.449046316506e-12       6.225842965492e-15       3.745742224513e-16       1.116313640883e-16      -1.218912297229e-17 
 1989       3.110407621195e-11       1.209702036406e-12      -2.449333150040e-12       6.219776503175e-15       3.738088451278e-16       1.116086743008e-16      -1.210894739881e-17 
 1990       3.110795221491e-11       1.202643109514e-12      -2.449244404045e-12       6.213726832238e-15       3.730453834519e-16       1.115797529094e-16      -1.202733510233e-17 
 1991       3.111177124661e-11       1.195558741536e-12      -2.448780768420e-12       6.207693489126e-15       3.722838317066e-16       1.115446888324e-16      -1.194419982775e-17 
 1992       3.111550709239e-11       1.188451253627e-12      -2.447942939230e-12       6.201676008146e-15       3.715241841219e-16       1.115035714009e-16      -1.185945498539e-17 
 1993       3.111913343264e-11       1.181322976401e-12      -2.446731618722e-12       6.195673921467e-15       3.707664348755e-16       1.114564903593e-16      -1.177301365051e-17 
 1994       3.112262384268e-11       1.174176249940e-12      -2.445147515329e-12       6.189686759117e-15       3.700105780922e-16       1.114035358658e-16      -1.168478856299e-17 
 1995       3.112595179258e-11       1.167013423807e-12      -2.443191343680e-12       6.183714048975e-15       3.692566078440e-16       1.113447984932e-16      -1.159469212685e-17 
 1996       3.112909064710e-11       1.159836857062e-12      -2.440863824612e-12       6.177755316775e-15       3.685045181500e-16       1.112803692289e-16      -1.150263640986e-17 
 1997       3.113201366549e-11       1.152648918267e-12      -2.438165685175e-12       6.171810086100e-15       3.677543029763e-16       1.112103394760e-16      -1.140853314311e-17 
 1998       3.113469400139e-11       1.145451985502e-12      -2.435097658646e-12       6.165877878377e-15       3.670059562361e-16       1.111348010537e-16      -1.131229372060e-17 
 1999       3.113710470273e-11       1.138248446377e-12      -2.431660484533e-12       6.159958212878e-15       3.662594717892e-16       1.110538461974e-16      -1.121382919885e-17 
 2000       3.113921871153e-11       1.131040698041e-12      -2.427854908588e-12       6.154050606716e-15       3.655148434425e-16       1.109675675600e-16      -1.111305029643e-17 
 2001       3.114100886382e-11       1.123831147199e-12      -2.423681682813e-12       6.148154574842e-15       3.647720649493e-16       1.108760582118e-16      -1.100986739362e-17 
 2002       3.114244788949e-11       1.116622210118e-12      -2.419141565474e-12       6.142269630040e-15       3.640311300096e-16       1.107794116413e-16      -1.090419053191e-17 
 2003       3.114350841216e-11       1.109416312643e-12      -2.414235321105e-12       6.136395282928e-15       3.632920322701e-16       1.106777217558e-16      -1.079592941365e-17 
 2004       3.114416294904e-11       1.102215890207e-12      -2.408963720519e-12       6.130531041952e-15       3.625547653238e-16       1.105710828819e-16      -1.068499340162e-17 
 2005       3.114438391084e-11       1.095023387846e-12      -2.403327540818e-12       6.124676413386e-15       3.618193227100e-16       1.104595897658e-16      -1.057129151858e-17 
 2006       3.114414360157e-11       1.087841260204e-12      -2.397327565402e-12       6.118830901326e-15       3.610856979145e-16       1.103433375743e-16      -1.045473244691e-17 
 2007       3.114341421845e-11       1.080671971553e-12      -2.390964583978e-12       6.112994007690e-15       3.603538843692e-16       1.102224218948e-16      -1.033522452815e-17 
 2008       3.114216785180e-11       1.073517995800e-12      -2.384239392566e-12       6.107165232215e-15       3.596238754520e-16       1.100969387363e-16      -1.021267576261e-17 
 2009       3.114037913421e-11       1.066381660720e-12      -2.377153497325e-12       6.101344092467e-15       3.588956649591e-16       1.099669659742e-16      -1.008703330696e-17 
 2010       3.113803320964e-11       1.059264679387e-12      -2.369711231584e-12       6.095530184060e-15       3.581692485239e-16       1.098325075357e-16      -9.958402282476e-18 
 2011       3.113511782214e-11       1.052168615353e-12      -2.361917654251e-12       6.089723120871e-15       3.574446222082e-16       1.096935488089e-16      -9.826927831551e-18 
 2012       3.113162067171e-11       1.045095038126e-12      -2.353777847429e-12       6.083922515062e-15       3.567217820308e-16       1.095500751611e-16      -9.692755699033e-18 
 2013       3.112752941428e-11       1.038045523175e-12      -2.345296916452e-12       6.078127977083e-15       3.560007239676e-16       1.094020719394e-16      -9.556032232979e-18 
 2014       3.112283166159e-11       1.031021651942e-12      -2.336479989909e-12       6.072339115660e-15       3.552814439514e-16       1.092495244702e-16      -9.416904385413e-18 
 2015       3.111751498121e-11       1.024025011843e-12      -2.327332219677e-12       6.066555537801e-15       3.545639378719e-16       1.090924180592e-16      -9.275519713086e-18 
 2016       3.111156689646e-11       1.017057196281e-12      -2.317858780951e-12       6.060776848791e-15       3.538482015757e-16       1.089307379919e-16      -9.132026378234e-18 
 2017       3.110497488632e-11       1.010119804648e-12      -2.308064872276e-12       6.055002652188e-15       3.531342308661e-16       1.087644695329e-16      -8.986573149336e-18 
 2018       3.109772638543e-11       1.003214442336e-12      -2.297955715573e-12       6.049232549824e-15       3.524220215030e-16       1.085935979264e-16      -8.839309401872e-18 
 2019       3.108980878402e-11       9.963427207460e-13      -2.287536556170e-12       6.043466141801e-15       3.517115692032e-16       1.084181083958e-16      -8.690385119085e-18 
 2020       3.108120942785e-11       9.895062572885e-13      -2.276812662835e-12       6.037703026487e-15       3.510028696399e-16       1.082379861441e-16      -8.539950892735e-18 
 2021       3.107191561816e-11       9.827066753969e-13      -2.265789327805e-12       6.031942800519e-15       3.502959184426e-16       1.080532163535e-16      -8.388157923861e-18 
 2022       3.106191461161e-11       9.759456045324e-13      -2.254471866813e-12       6.026185058794e-15       3.495907111977e-16       1.078637841858e-16      -8.235158023539e-18 
 2023       3.105119362025e-11       9.692246801912e-13      -2.242865619121e-12       6.020429394473e-15       3.488872434475e-16       1.076696747819e-16      -8.081103613638e-18 
 2024       3.103973981144e-11       9.625455439125e-13      -2.230975947550e-12       6.014675398974e-15       3.481855106907e-16       1.074708732623e-16      -7.926147727585e-18 
 2025       3.102754030782e-11       9.559098432852e-13      -2.218808238509e-12       6.008922661974e-15       3.474855083825e-16       1.072673647266e-16      -7.770444011114e-18 
 2026       3.101458218724e-11       9.493192319553e-13      -2.206367902027e-12       6.003170771401e-15       3.467872319340e-16       1.070591342539e-16      -7.614146723035e-18 
 2027       3.100085248271e-11       9.427753696332e-13      -2.193660371780e-12       5.997419313440e-15       3.460906767124e-16       1.068461669025e-16      -7.457410735983e-18 
 2028       3.098633818236e-11       9.362799221012e-13      -2.180691105122e-12       5.991667872521e-15       3.453958380410e-16       1.066284477101e-16      -7.300391537186e-18 
 2029       3.097102622938e-11       9.298345612202e-13      -2.167465583119e-12       5.985916031327e-15       3.447027111990e-16       1.064059616938e-16      -7.143245229214e-18 
 2030       3.095490352195e-11       9.234409649378e-13      -2.153989310572e-12       5.980163370781e-15       3.440112914215e-16       1.061786938496e-16      -6.986128530746e-18 
 2031       3.093795691322e-11       9.171008172946e-13      -2.140267816055e-12       5.974409470055e-15       3.433215738996e-16       1.059466291532e-16      -6.829198777325e-18 
 2032       3.092017321123e-11       9.108158084323e-13      -2.126306651937e-12       5.968653906559e-15       3.426335537798e-16       1.057097525593e-16      -6.672613922114e-18 
 2033       3.090153917887e-11       9.045876346006e-13      -2.112111394419e-12       5.962896255941e-15       3.419472261645e-16       1.054680490021e-16      -6.516532536659e-18 
 2034       3.088204153381e-11       8.984179981643e-13      -2.097687643559e-12       5.957136092087e-15       3.412625861118e-16       1.052215033946e-16      -6.361113811647e-18 
 2035       3.086166694849e-11       8.923086076110e-13      -2.083041023306e-12       5.951372987120e-15       3.405796286352e-16       1.049701006296e-16      -6.206517557662e-18 
 2036       3.084040205001e-11       8.862611775581e-13      -2.068177181528e-12       5.945606511390e-15       3.398983487038e-16       1.047138255788e-16      -6.052904205945e-18 
 2037       3.081823342012e-11       8.802774287601e-13      -2.053101790042e-12       5.939836233481e-15       3.392187412420e-16       1.044526630930e-16      -5.900434809153e-18 
 2038       3.079514759515e-11       8.743590881158e-13      -2.037820544644e-12       5.934061720203e-15       3.385408011296e-16       1.041865980025e-16      -5.749271042119e-18 
 2039       3.077113106596e-11       8.685078886758e-13      -2.022339165140e-12       5.928282536593e-15       3.378645232017e-16       1.039156151167e-16      -5.599575202608e-18 
 2040       3.074617027788e-11       8.627255696496e-13      -2.006663395376e-12       5.922498245908e-15       3.371899022487e-16       1.036396992239e-16      -5.451510212075e-18 
 2041       3.072025163068e-11       8.570138764128e-13      -1.990799003267e-12       5.916708409630e-15       3.365169330159e-16       1.033588350921e-16      -5.305239616428e-18 
 2042       3.069336147848e-11       8.513745605145e-13      -1.974751780829e-12       5.910912587458e-15       3.358456102039e-16       1.030730074679e-16      -5.160927586781e-18 
 2043       3.066548612973e-11       8.458093796846e-13      -1.958527544205e-12       5.905110337307e-15       3.351759284684e-16       1.027822010775e-16      -5.018738920218e-18 
 2044       3.063661184715e-11       8.403200978410e-13      -1.942132133702e-12       5.899301215306e-15       3.345078824197e-16       1.024864006260e-16      -4.878839040549e-18 
 2045       3.060672484766e-11       8.349084850968e-13      -1.925571413813e-12       5.893484775799e-15       3.338414666232e-16       1.021855907977e-16      -4.741393999066e-18 
 2046       3.057581130234e-11       8.295763177679e-13      -1.908851273254e-12       5.887660571337e-15       3.331766755993e-16       1.018797562559e-16      -4.606570475307e-18 
 2047       3.054385733640e-11       8.243253783796e-13      -1.891977624989e-12       5.881828152680e-15       3.325135038228e-16       1.015688816432e-16      -4.474535777811e-18 
 2048       3.051085202282e-11       8.191572008855e-13      -1.874956413874e-12       5.875987120261e-15       3.318519460232e-16       1.012529705538e-16      -4.345414804781e-18 
 2049       3.047679638697e-11       8.140723043168e-13      -1.857793639575e-12       5.870137278995e-15       3.311919980870e-16       1.009321025990e-16      -4.219160588297e-18 
 2050       3.044169446625e-11       8.090709536697e-13      -1.840495333875e-12       5.864278484573e-15       3.305336561613e-16       1.006063767501e-16      -4.095682826378e-18 
 2051       3.040555032227e-11       8.041534141978e-13      -1.823067553104e-12       5.858410592092e-15       3.298769163551e-16       1.002758924024e-16      -3.974890838603e-18 
 2052       3.036836804084e-11       7.993199514116e-13      -1.805516378172e-12       5.852533456056e-15       3.292217747385e-16       9.994074937647e-17      -3.856693565639e-18 
 2053       3.033015173200e-11       7.945708310787e-13      -1.787847914598e-12       5.846646930374e-15       3.285682273433e-16       9.960104791844e-17      -3.740999568772e-18 
 2054       3.029090553010e-11       7.899063192236e-13      -1.770068292541e-12       5.840750868362e-15       3.279162701623e-16       9.925688870046e-17      -3.627717029431e-18 
 2055       3.025063359378e-11       7.853266821279e-13      -1.752183666832e-12       5.834845122737e-15       3.272658991500e-16       9.890837282131e-17      -3.516753748718e-18 
 2056       3.020934010604e-11       7.808321863304e-13      -1.734200217000e-12       5.828929545621e-15       3.266171102218e-16       9.855560180695e-17      -3.408017146933e-18 
 2057       3.016702927424e-11       7.764230986266e-13      -1.716124147308e-12       5.823003988538e-15       3.259698992544e-16       9.819867761102e-17      -3.301414263108e-18 
 2058       3.012370533016e-11       7.720996860691e-13      -1.697961686776e-12       5.817068302414e-15       3.253242620857e-16       9.783770261536e-17      -3.196851754527e-18 
 2059       3.007937253002e-11       7.678622159674e-13      -1.679719089219e-12       5.811122337576e-15       3.246801945143e-16       9.747277963058e-17      -3.094235896260e-18 
 2060       3.003403515453e-11       7.637109558880e-13      -1.661402633272e-12       5.805165943750e-15       3.240376923002e-16       9.710401189655e-17      -2.993472580689e-18 
 2061       2.998769750890e-11       7.596461736542e-13      -1.643018622422e-12       5.799198970065e-15       3.233967511642e-16       9.673150308299e-17      -2.894467317032e-18 
 2062       2.994036392286e-11       7.556681373465e-13      -1.624573385040e-12       5.793221265044e-15       3.227573667878e-16       9.635535728993e-17      -2.797125230878e-18 
 2063       2.989203875075e-11       7.517771153018e-13      -1.606073274406e-12       5.787232676610e-15       3.221195348136e-16       9.597567904829e-17      -2.701351063708e-18 
 2064       2.984272637150e-11       7.479733761144e-13      -1.587524668747e-12       5.781233052085e-15       3.214832508447e-16       9.559257332041e-17      -2.607049172429e-18 
 2065       2.979243118867e-11       7.442571886351e-13      -1.568933971261e-12       5.775222238185e-15       3.208485104450e-16       9.520614550056e-17      -2.514123528895e-18 
 2066       2.974115763051e-11       7.406288219717e-13      -1.550307610149e-12       5.769200081023e-15       3.202153091391e-16       9.481650141548e-17      -2.422477719442e-18 
 2067       2.968891014996e-11       7.370885454888e-13      -1.531652038646e-12       5.763166426105e-15       3.195836424121e-16       9.442374732494e-17      -2.332014944410e-18 
 2068       2.963569322471e-11       7.336366288077e-13      -1.512973735053e-12       5.757121118333e-15       3.189535057096e-16       9.402798992221e-17      -2.242638017674e-18 
 2069       2.958151135722e-11       7.302733418067e-13      -1.494279202763e-12       5.751064002002e-15       3.183248944378e-16       9.362933633467e-17      -2.154249366171e-18 
 2070       2.952636907475e-11       7.269989546206e-13      -1.475574970294e-12       5.744994920800e-15       3.176978039632e-16       9.322789412428e-17      -2.066751029427e-18 
 2071       2.947027092938e-11       7.238137376414e-13      -1.456867591320e-12       5.738913717806e-15       3.170722296126e-16       9.282377128814e-17      -1.980044659087e-18 
 2072       2.941322149809e-11       7.207179615173e-13      -1.438163644699e-12       5.732820235490e-15       3.164481666732e-16       9.241707625901e-17      -1.894031518441e-18 
 2073       2.935522538274e-11       7.177118971536e-13      -1.419469734506e-12       5.726714315712e-15       3.158256103924e-16       9.200791790585e-17      -1.808612481952e-18 
 2074       2.929628721014e-11       7.147958157123e-13      -1.400792490060e-12       5.720595799724e-15       3.152045559776e-16       9.159640553436e-17      -1.723688034783e-18 
 2075       2.923641163204e-11       7.119699886119e-13      -1.382138565956e-12       5.714464528164e-15       3.145849985966e-16       9.118264888750e-17      -1.639158272329e-18 
 2076       2.917560332523e-11       7.092346875278e-13      -1.363514642098e-12       5.708320341060e-15       3.139669333771e-16       9.076675814600e-17      -1.554922899739e-18 
 2077       2.911386699149e-11       7.065901843919e-13      -1.344927423724e-12       5.702163077825e-15       3.133503554068e-16       9.034884392896e-17      -1.470881231449e-18 
 2078       2.905120735770e-11       7.040367513929e-13      -1.326383641440e-12       5.695992577261e-15       3.127352597332e-16       8.992901729430e-17      -1.386932190705e-18 
 2079       2.898762917582e-11       7.015746609759e-13      -1.307890051249e-12       5.689808677554e-15       3.121216413640e-16       8.950738973935e-17      -1.302974309094e-18 
 2080       2.892313722295e-11       6.992041858429e-13      -1.289453434582e-12       5.683611216276e-15       3.115094952664e-16       8.908407320136e-17      -1.218905726073e-18 
 2081       2.885773630134e-11       6.969255989524e-13      -1.271080598327e-12       5.677400030384e-15       3.108988163676e-16       8.865918005802e-17      -1.134624188492e-18 
 2082       2.879143123846e-11       6.947391735194e-13      -1.252778374860e-12       5.671174956216e-15       3.102895995543e-16       8.823282312803e-17      -1.050027050128e-18 
 2083       2.872422688698e-11       6.926451830155e-13      -1.234553622077e-12       5.664935829494e-15       3.096818396729e-16       8.780511567160e-17      -9.650112712071e-19 
 2084       2.865612812485e-11       6.906439011690e-13      -1.216413223421e-12       5.658682485323e-15       3.090755315295e-16       8.737617139098e-17      -8.794734179358e-19 
 2085       2.858713985531e-11       6.887356019645e-13      -1.198364087915e-12       5.652414758188e-15       3.084706698897e-16       8.694610443100e-17      -7.933096620278e-19 
 2086       2.851726700695e-11       6.869205596433e-13      -1.180413150190e-12       5.646132481955e-15       3.078672494784e-16       8.651502937964e-17      -7.064157802320e-19 
 2087       2.844651621645e-11       6.851988484926e-13      -1.162566815986e-12       5.639835539821e-15       3.072652653327e-16       8.608304219232e-17      -6.187078286122e-19 
 2088       2.837490088990e-11       6.835697406787e-13      -1.144829294329e-12       5.633524014554e-15       3.066647138628e-16       8.565016281779e-17      -5.301843248343e-19 
 2089       2.830243617710e-11       6.820323041901e-13      -1.127204253717e-12       5.627198039306e-15       3.060655917982e-16       8.521639217091e-17      -4.408645010748e-19 
 2090       2.822913729205e-11       6.805856026595e-13      -1.109695375601e-12       5.620857747756e-15       3.054678958358e-16       8.478173117231e-17      -3.507676689628e-19 
 2091       2.815501951307e-11       6.792286953580e-13      -1.092306354404e-12       5.614503274113e-15       3.048716226399e-16       8.434618074840e-17      -2.599132196778e-19 
 2092       2.808009818286e-11       6.779606371897e-13      -1.075040897531e-12       5.608134753115e-15       3.042767688419e-16       8.390974183136e-17      -1.683206240464e-19 
 2093       2.800438870860e-11       6.767804786859e-13      -1.057902725390e-12       5.601752320031e-15       3.036833310405e-16       8.347241535915e-17      -7.600943263960e-20 
 2094       2.792790656198e-11       6.756872660000e-13      -1.040895571404e-12       5.595356110658e-15       3.030913058016e-16       8.303420227554e-17       1.700072413010e-20 
 2095       2.785066727935e-11       6.746800409016e-13      -1.024023182025e-12       5.588946261328e-15       3.025006896581e-16       8.259510353009e-17       1.106901359114e-19 
 2096       2.777268646172e-11       6.737578407712e-13      -1.007289316751e-12       5.582522908902e-15       3.019114791101e-16       8.215512007815e-17       2.050390123170e-19 
 2097       2.769397977492e-11       6.729196985945e-13      -9.906977481387e-13       5.576086190774e-15       3.013236706246e-16       8.171425288090e-17       3.000274828268e-19 
 2098       2.761456294961e-11       6.721646429572e-13      -9.742522618227e-13       5.569636244872e-15       3.007372606356e-16       8.127250290534e-17       3.956355966902e-19 
 2099       2.753445178140e-11       6.714916980388e-13      -9.579566565258e-13       5.563173209658e-15       3.001522455440e-16       8.082987112427e-17       4.918433228293e-19 
 2100       2.745366213093e-11       6.708998836080e-13      -9.418147440766e-13       5.556697224126e-15       2.995686217176e-16       8.038635851636e-17       5.886305497417e-19 
 2101       2.737220992391e-11       6.703882150163e-13      -9.258303494244e-13       5.550208427807e-15       2.989863854911e-16       7.994196606608e-17       6.859770854031e-19 
 2102       2.729011115123e-11       6.699557031929e-13      -9.100073106532e-13       5.543706960768e-15       2.984055331657e-16       7.949669476378e-17       7.838626571706e-19 
 2103       2.720738186907e-11       6.696013546393e-13      -8.943494789978e-13       5.537192963610e-15       2.978260610097e-16       7.905054560564e-17       8.822669116848e-19 
 2104       2.712403819889e-11       6.693241714234e-13      -8.788607188582e-13       5.530666577473e-15       2.972479652577e-16       7.860351959370e-17       9.811694147734e-19 
 2105       2.704009632761e-11       6.691231511743e-13      -8.635449078147e-13       5.524127944033e-15       2.966712421113e-16       7.815561773587e-17       1.080549651354e-18 
 2106       2.695557250760e-11       6.689972870764e-13      -8.484059366433e-13       5.517577205505e-15       2.960958877382e-16       7.770684104594e-17       1.180387025335e-18 
 2107       2.687048305685e-11       6.689455678644e-13      -8.334477093300e-13       5.511014504641e-15       2.955218982732e-16       7.725719054357e-17       1.280660859522e-18 
 2108       2.678484435895e-11       6.689669778172e-13      -8.186741430867e-13       5.504439984735e-15       2.949492698170e-16       7.680666725430e-17       1.381350395519e-18 
 2109       2.669867286325e-11       6.690604967528e-13      -8.040891683654e-13       5.497853789617e-15       2.943779984371e-16       7.635527220957e-17       1.482434793629e-18 
 2110       2.661198508491e-11       6.692251000225e-13      -7.896967288737e-13       5.491256063662e-15       2.938080801673e-16       7.590300644672e-17       1.583893132759e-18 
 2111       2.652479760495e-11       6.694597585055e-13      -7.755007815899e-13       5.484646951782e-15       2.932395110077e-16       7.544987100900e-17       1.685704410325e-18 
 2112       2.643712707039e-11       6.697634386035e-13      -7.615052967774e-13       5.478026599433e-15       2.926722869246e-16       7.499586694557e-17       1.787847542149e-18 
 2113       2.634899019427e-11       6.701351022348e-13      -7.477142580007e-13       5.471395152614e-15       2.921064038508e-16       7.454099531149e-17       1.890301362368e-18 
 2114       2.626040375576e-11       6.705737068291e-13      -7.341316621393e-13       5.464752757864e-15       2.915418576849e-16       7.408525716777e-17       1.993044623332e-18 
 2115       2.617138460026e-11       6.710782053219e-13      -7.207615194038e-13       5.458099562269e-15       2.909786442919e-16       7.362865358135e-17       2.096055995512e-18 
 2116       2.608194963941e-11       6.716475461489e-13      -7.076078533500e-13       5.451435713456e-15       2.904167595028e-16       7.317118562509e-17       2.199314067396e-18 
 2117       2.599211585124e-11       6.722806732405e-13      -6.946747008946e-13       5.444761359599e-15       2.898561991147e-16       7.271285437782e-17       2.302797345398e-18 
 2118       2.590190028022e-11       6.729765260162e-13      -6.819661123298e-13       5.438076649417e-15       2.892969588907e-16       7.225366092431e-17       2.406484253758e-18 
 2119       2.581132003732e-11       6.737340393792e-13      -6.694861513386e-13       5.431381732174e-15       2.887390345596e-16       7.179360635530e-17       2.510353134444e-18 
 2120       2.572039230014e-11       6.745521437108e-13      -6.572388950095e-13       5.424676757681e-15       2.881824218164e-16       7.133269176747e-17       2.614382247059e-18 
 2121       2.562913431294e-11       6.754297648651e-13      -6.452284338519e-13       5.417961876298e-15       2.876271163217e-16       7.087091826351e-17       2.718549768738e-18 
 2122       2.553756338673e-11       6.763658241629e-13      -6.334588718109e-13       5.411237238930e-15       2.870731137020e-16       7.040828695206e-17       2.822833794054e-18 
 2123       2.544569689937e-11       6.773592383867e-13      -6.219343262822e-13       5.404502997032e-15       2.865204095497e-16       6.994479894776e-17       2.927212334923e-18 
 2124       2.535355229564e-11       6.784089197751e-13      -6.106589281275e-13       5.397759302608e-15       2.859689994225e-16       6.948045537125e-17       3.031663320502e-18 
 2125       2.526114708729e-11       6.795137760169e-13      -5.996368216891e-13       5.391006308212e-15       2.854188788441e-16       6.901525734914e-17       3.136164597096e-18 
 2126       2.516849859078e-11       6.806726587809e-13      -5.888714450819e-13       5.384244189566e-15       2.848700435924e-16       6.854921731494e-17       3.240689714791e-18 
 2127       2.507562313815e-11       6.818842089264e-13      -5.783633656213e-13       5.377473213584e-15       2.843224905683e-16       6.808239299669e-17       3.345195255854e-18 
 2128       2.498253686085e-11       6.831470102159e-13      -5.681124295212e-13       5.370693670821e-15       2.837762169327e-16       6.761485366331e-17       3.449633418888e-18 
 2129       2.488925595170e-11       6.844596406760e-13      -5.581184802599e-13       5.363905852891e-15       2.832312198187e-16       6.714666884533e-17       3.553956223977e-18 
 2130       2.479579666498e-11       6.858206725911e-13      -5.483813585763e-13       5.357110052477e-15       2.826874963312e-16       6.667790833517e-17       3.658115512467e-18 
 2131       2.470217531649e-11       6.872286724963e-13      -5.389009024654e-13       5.350306563326e-15       2.821450435471e-16       6.620864218747e-17       3.762062946763e-18 
 2132       2.460840828362e-11       6.886822011705e-13      -5.296769471747e-13       5.343495680252e-15       2.816038585151e-16       6.573894071937e-17       3.865750010121e-18 
 2133       2.451451200542e-11       6.901798136293e-13      -5.207093251998e-13       5.336677699140e-15       2.810639382557e-16       6.526887451083e-17       3.969128006432e-18 
 2134       2.442050298268e-11       6.917200591186e-13      -5.119978662803e-13       5.329852916942e-15       2.805252797613e-16       6.479851440494e-17       4.072148060023e-18 
 2135       2.432639777801e-11       6.933014811071e-13      -5.035423973960e-13       5.323021631682e-15       2.799878799958e-16       6.432793150823e-17       4.174761115438e-18 
 2136       2.423221301589e-11       6.949226172799e-13      -4.953427427626e-13       5.316184142456e-15       2.794517358950e-16       6.385719719095e-17       4.276917937238e-18 
 2137       2.413796538277e-11       6.965819995314e-13      -4.873987238276e-13       5.309340749434e-15       2.789168443663e-16       6.338638308742e-17       4.378569109783e-18 
 2138       2.404367162711e-11       6.982781539585e-13      -4.797101592663e-13       5.302491753860e-15       2.783832022885e-16       6.291556109629e-17       4.479665037033e-18 
 2139       2.394934855947e-11       7.000096008534e-13      -4.722768649778e-13       5.295637458054e-15       2.778508065123e-16       6.244480338089e-17       4.580155942330e-18 
 2140       2.385501305259e-11       7.017748546970e-13      -4.650986540809e-13       5.288778165412e-15       2.773196538597e-16       6.197418236949e-17       4.679991868195e-18 
 2141       2.376068204144e-11       7.035724241522e-13      -4.581753369096e-13       5.281914180410e-15       2.767897411243e-16       6.150377075566e-17       4.779122676115e-18 
 2142       2.366637252332e-11       7.054008120564e-13      -4.515067210099e-13       5.275045808603e-15       2.762610650710e-16       6.103364149853e-17       4.877498046338e-18 
 2143       2.357210155792e-11       7.072585154151e-13      -4.450926111348e-13       5.268173356624e-15       2.757336224362e-16       6.056386782312e-17       4.975067477661e-18 
 2144       2.347788626735e-11       7.091440253948e-13      -4.389328092407e-13       5.261297132193e-15       2.752074099277e-16       6.009452322065e-17       5.071780287221e-18 
 2145       2.338374383631e-11       7.110558273164e-13      -4.330271144834e-13       5.254417444109e-15       2.746824242246e-16       5.962568144883e-17       5.167585610289e-18 
 2146       2.328969151205e-11       7.129924006476e-13      -4.273753232137e-13       5.247534602255e-15       2.741586619772e-16       5.915741653217e-17       5.262432400058e-18 
 2147       2.319574660453e-11       7.149522189968e-13      -4.219772289735e-13       5.240648917604e-15       2.736361198070e-16       5.868980276231e-17       5.356269427434e-18 
 2148       2.310192648645e-11       7.169337501059e-13      -4.168326224918e-13       5.233760702210e-15       2.731147943069e-16       5.822291469830e-17       5.449045280830e-18 
 2149       2.300824859332e-11       7.189354558432e-13      -4.119412916806e-13       5.226870269220e-15       2.725946820407e-16       5.775682716690e-17       5.540708365954e-18 
 2150       2.291473042354e-11       7.209557921968e-13      -4.073030216304e-13       5.219977932866e-15       2.720757795435e-16       5.729161526292e-17       5.631206905602e-18 
 2151       2.282138953850e-11       7.229932092675e-13      -4.029175946068e-13       5.213084008473e-15       2.715580833215e-16       5.682735434951e-17       5.720488939446e-18 
 2152       2.272824356259e-11       7.250461512620e-13      -3.987847900460e-13       5.206188812457e-15       2.710415898516e-16       5.636412005846e-17       5.808502323829e-18 
 2153       2.263531018334e-11       7.271130564861e-13      -3.949043845508e-13       5.199292662327e-15       2.705262955822e-16       5.590198829049e-17       5.895194731555e-18 
 2154       2.254260715145e-11       7.291923573376e-13      -3.912761518865e-13       5.192395876684e-15       2.700121969321e-16       5.544103521562e-17       5.980513651678e-18 
 2155       2.245015228085e-11       7.312824802995e-13      -3.878998629769e-13       5.185498775228e-15       2.694992902915e-16       5.498133727340e-17       6.064406389293e-18 
 2156       2.235796344883e-11       7.333818459333e-13      -3.847752859002e-13       5.178601678752e-15       2.689875720211e-16       5.452297117328e-17       6.146820065331e-18 
 2157       2.226605859606e-11       7.354888688716e-13      -3.819021858848e-13       5.171704909148e-15       2.684770384527e-16       5.406601389485e-17       6.227701616345e-18 
 2158       2.217445572668e-11       7.376019578119e-13      -3.792803253055e-13       5.164808789408e-15       2.679676858885e-16       5.361054268822e-17       6.306997794306e-18 
 2159       2.208317290836e-11       7.397195155089e-13      -3.769094636789e-13       5.157913643622e-15       2.674595106019e-16       5.315663507427e-17       6.384655166387e-18 
 2160       2.199222827241e-11       7.418399387684e-13      -3.747893576601e-13       5.151019796983e-15       2.669525088368e-16       5.270436884500e-17       6.460620114764e-18 
 2161       2.190164001380e-11       7.439616184399e-13      -3.729197610379e-13       5.144127575786e-15       2.664466768075e-16       5.225382206378e-17       6.534838836397e-18 
 2162       2.181142639127e-11       7.460829394098e-13      -3.713004247310e-13       5.137237307428e-15       2.659420106994e-16       5.180507306573e-17       6.607257342827e-18 
 2163       2.172160572738e-11       7.482022805945e-13      -3.699310967841e-13       5.130349320414e-15       2.654385066681e-16       5.135820045796e-17       6.677821459965e-18 
 2164       2.163219640862e-11       7.503180149337e-13      -3.688115223635e-13       5.123463944353e-15       2.649361608399e-16       5.091328311991e-17       6.746476827885e-18 
 2165       2.154321522590e-11       7.524286061261e-13      -3.679409723825e-13       5.116581498665e-15       2.644349695954e-16       5.047038584834e-17       6.813178176149e-18 
 2166       2.145467238394e-11       7.545328995656e-13      -3.673168259023e-13       5.109702258610e-15       2.639349304234e-16       5.002951618553e-17       6.877917218767e-18 
 2167       2.136657645832e-11       7.566298333586e-13      -3.669359781375e-13       5.102826489030e-15       2.634360410727e-16       4.959066729980e-17       6.940694947435e-18 
 2168       2.127893605195e-11       7.587183417555e-13      -3.667953109406e-13       5.095954455626e-15       2.629382992688e-16       4.915383231422e-17       7.001512373156e-18 
 2169       2.119175979510e-11       7.607973551460e-13      -3.668916927859e-13       5.089086424963e-15       2.624417027138e-16       4.871900430656e-17       7.060370526266e-18 
 2170       2.110505634545e-11       7.628658000551e-13      -3.672219787531e-13       5.082222664466e-15       2.619462490866e-16       4.828617630924e-17       7.117270456461e-18 
 2171       2.101883438812e-11       7.649225991384e-13      -3.677830105113e-13       5.075363442424e-15       2.614519360423e-16       4.785534130926e-17       7.172213232830e-18 
 2172       2.093310263566e-11       7.669666711775e-13      -3.685716163031e-13       5.068509027987e-15       2.609587612128e-16       4.742649224816e-17       7.225199943877e-18 
 2173       2.084786982811e-11       7.689969310762e-13      -3.695846109281e-13       5.061659691175e-15       2.604667222065e-16       4.699962202192e-17       7.276231697557e-18 
 2174       2.076314473306e-11       7.710122898554e-13      -3.708187957266e-13       5.054815702869e-15       2.599758166082e-16       4.657472348093e-17       7.325309621296e-18 
 2175       2.067893614559e-11       7.730116546491e-13      -3.722709585643e-13       5.047977334819e-15       2.594860419792e-16       4.615178942992e-17       7.372434862027e-18 
 2176       2.059525288841e-11       7.749939286998e-13      -3.739378738152e-13       5.041144859642e-15       2.589973958570e-16       4.573081262790e-17       7.417608586213e-18 
 2177       2.051210381180e-11       7.769580113542e-13      -3.758163023459e-13       5.034318550823e-15       2.585098757558e-16       4.531178578810e-17       7.460831979879e-18 
 2178       2.042949779369e-11       7.789027980587e-13      -3.779029914997e-13       5.027498682718e-15       2.580234791658e-16       4.489470157791e-17       7.502106248636e-18 
 2179       2.034744373966e-11       7.808271803550e-13      -3.801946750798e-13       5.020685530551e-15       2.575382035537e-16       4.447955261882e-17       7.541432617715e-18 
 2180       2.026595058300e-11       7.827300458756e-13      -3.826880733338e-13       5.013879370419e-15       2.570540463625e-16       4.406633148635e-17       7.578812331992e-18 
 2181       2.018502728473e-11       7.846102783396e-13      -3.853798929373e-13       5.007080479291e-15       2.565710050112e-16       4.365503070999e-17       7.614246656015e-18 
 2182       2.010468283359e-11       7.864667575480e-13      -3.882668269776e-13       5.000289135009e-15       2.560890768952e-16       4.324564277317e-17       7.647736874037e-18 
 2183       2.002492624614e-11       7.882983593796e-13      -3.913455549378e-13       4.993505616289e-15       2.556082593860e-16       4.283816011315e-17       7.679284290040e-18 
 2184       1.994576656673e-11       7.901039557862e-13      -3.946127426806e-13       4.986730202721e-15       2.551285498312e-16       4.243257512099e-17       7.708890227766e-18 
 2185       1.986721286757e-11       7.918824147885e-13      -3.980650424322e-13       4.979963174773e-15       2.546499455546e-16       4.202888014150e-17       7.736556030743e-18 
 2186       1.978927424872e-11       7.936326004715e-13      -4.016990927660e-13       4.973204813787e-15       2.541724438559e-16       4.162706747313e-17       7.762283062316e-18 
 2187       1.971195983815e-11       7.953533729803e-13      -4.055115185865e-13       4.966455401986e-15       2.536960420110e-16       4.122712936798e-17       7.786072705675e-18 
 2188       1.963527879178e-11       7.970435885153e-13      -4.094989311134e-13       4.959715222469e-15       2.532207372716e-16       4.082905803167e-17       7.807926363881e-18 
 2189       1.955924029348e-11       7.987020993282e-13      -4.136579278651e-13       4.952984559216e-15       2.527465268655e-16       4.043284562332e-17       7.827845459897e-18 
 2190       1.948385355509e-11       8.003277537172e-13      -4.179850926428e-13       4.946263697088e-15       2.522734079963e-16       4.003848425549e-17       7.845831436615e-18 
 2191       1.940912781649e-11       8.019193960230e-13      -4.224769955143e-13       4.939552921825e-15       2.518013778438e-16       3.964596599409e-17       7.861885756885e-18 
 2192       1.933507234562e-11       8.034758666240e-13      -4.271301927978e-13       4.932852520051e-15       2.513304335632e-16       3.925528285836e-17       7.876009903542e-18 
 2193       1.926169643847e-11       8.049960019319e-13      -4.319412270460e-13       4.926162779275e-15       2.508605722859e-16       3.886642682077e-17       7.888205379437e-18 
 2194       1.918900941918e-11       8.064786343877e-13      -4.369066270294e-13       4.919483987888e-15       2.503917911188e-16       3.847938980698e-17       7.898473707465e-18 
 2195       1.911702063999e-11       8.079225924567e-13      -4.420229077209e-13       4.912816435166e-15       2.499240871448e-16       3.809416369578e-17       7.906816430588e-18 
 2196       1.904573948132e-11       8.093267006247e-13      -4.472865702791e-13       4.906160411272e-15       2.494574574223e-16       3.771074031902e-17       7.913235111873e-18 
 2197       1.897517535181e-11       8.106897793930e-13      -4.526941020324e-13       4.899516207256e-15       2.489918989857e-16       3.732911146156e-17       7.917731334511e-18 
 2198       1.890533768830e-11       8.120106452742e-13      -4.582419764627e-13       4.892884115055e-15       2.485274088446e-16       3.694926886121e-17       7.920306701852e-18 
 2199       1.883623595591e-11       8.132881107880e-13      -4.639266531895e-13       4.886264427497e-15       2.480639839847e-16       3.657120420863e-17       7.920962837428e-18 
 2200       1.876787964802e-11       8.145209844565e-13      -4.697445779535e-13       4.879657438297e-15       2.476016213669e-16       3.619490914735e-17       7.919701384989e-18 
 2201       1.870027828635e-11       8.157080707998e-13      -4.756921826008e-13       4.873063442063e-15       2.471403179278e-16       3.582037527362e-17       7.916524008521e-18 
 2202       1.863344142097e-11       8.168481703318e-13      -4.817658850663e-13       4.866482734293e-15       2.466800705796e-16       3.544759413642e-17       7.911432392284e-18 
 2203       1.856737863031e-11       8.179400795555e-13      -4.879620893579e-13       4.859915611378e-15       2.462208762098e-16       3.507655723735e-17       7.904428240834e-18 
 2204       1.850209763358e-11       8.189827558743e-13      -4.942771525023e-13       4.853362338217e-15       2.457627318030e-16       3.470726616474e-17       7.895524145626e-18 
 2205       1.843759861412e-11       8.199758135311e-13      -5.007072851751e-13       4.846823050822e-15       2.453056348055e-16       3.433976306957e-17       7.884776263631e-18 
 2206       1.837387985843e-11       8.209190309542e-13      -5.072486503783e-13       4.840297853064e-15       2.448495827632e-16       3.397410039185e-17       7.872251855832e-18 
 2207       1.831093964031e-11       8.218121861411e-13      -5.138973964019e-13       4.833786849006e-15       2.443945731998e-16       3.361033074503e-17       7.858018440658e-18 
 2208       1.824877622086e-11       8.226550566575e-13      -5.206496568063e-13       4.827290142902e-15       2.439406036168e-16       3.324850691624e-17       7.842143794281e-18 
 2209       1.818738784846e-11       8.234474196376e-13      -5.275015504058e-13       4.820807839194e-15       2.434876714940e-16       3.288868186640e-17       7.824695950913e-18 
 2210       1.812677275878e-11       8.241890517832e-13      -5.344491812516e-13       4.814340042516e-15       2.430357742888e-16       3.253090873048e-17       7.805743203100e-18 
 2211       1.806692917473e-11       8.248797293638e-13      -5.414886386146e-13       4.807886857689e-15       2.425849094366e-16       3.217524081765e-17       7.785354102023e-18 
 2212       1.800785530645e-11       8.255192282158e-13      -5.486159969686e-13       4.801448389729e-15       2.421350743507e-16       3.182173161149e-17       7.763597457791e-18 
 2213       1.794954935130e-11       8.261073237427e-13      -5.558273159733e-13       4.795024743840e-15       2.416862664219e-16       3.147043477018e-17       7.740542339742e-18 
 2214       1.789200949385e-11       8.266437909142e-13      -5.631186404576e-13       4.788616025416e-15       2.412384830193e-16       3.112140412664e-17       7.716258076734e-18 
 2215       1.783523390584e-11       8.271284042662e-13      -5.704860004022e-13       4.782222340043e-15       2.407917214893e-16       3.077469368882e-17       7.690814257446e-18 
 2216       1.777922074619e-11       8.275609379003e-13      -5.779254109229e-13       4.775843793498e-15       2.403459791561e-16       3.043035763978e-17       7.664280730673e-18 
 2217       1.772396816097e-11       8.279411654838e-13      -5.854328722537e-13       4.769480491749e-15       2.399012533217e-16       3.008845033795e-17       7.636727605624e-18 
 2218       1.766947428338e-11       8.282688602486e-13      -5.930043697296e-13       4.763132540954e-15       2.394575412658e-16       2.974902631731e-17       7.608225252217e-18 
 2219       1.761573723372e-11       8.285437949916e-13      -6.006358737699e-13       4.756800047465e-15       2.390148402455e-16       2.941214028755e-17       7.578844301376e-18 
 2220       1.756275511941e-11       8.287657420741e-13      -6.083233398612e-13       4.750483117823e-15       2.385731474956e-16       2.907784713428e-17       7.548655645330e-18 
 2221       1.751052603496e-11       8.289344734213e-13      -6.160627085401e-13       4.744181858761e-15       2.381324602286e-16       2.874620191922e-17       7.517730437907e-18 
 2222       1.745904806192e-11       8.290497605221e-13      -6.238499053769e-13       4.737896377205e-15       2.376927756343e-16       2.841725988039e-17       7.486140094830e-18 
 2223       1.740831926890e-11       8.291113744288e-13      -6.316808409580e-13       4.731626780270e-15       2.372540908801e-16       2.809107643230e-17       7.453956294019e-18 
 2224       1.735833771155e-11       8.291190857566e-13      -6.395514108693e-13       4.725373175267e-15       2.368164031110e-16       2.776770716612e-17       7.421250975880e-18 
 2225       1.730910143252e-11       8.290726646833e-13      -6.474574956792e-13       4.719135669696e-15       2.363797094491e-16       2.744720784991e-17       7.388096343608e-18 
 2226       1.726060846147e-11       8.289718809492e-13      -6.553949609214e-13       4.712914371249e-15       2.359440069942e-16       2.712963442875e-17       7.354564863481e-18 
 2227       1.721285681504e-11       8.288165038562e-13      -6.633596570784e-13       4.706709387814e-15       2.355092928234e-16       2.681504302500e-17       7.320729265159e-18 
 2228       1.716584449682e-11       8.286063022681e-13      -6.713474195641e-13       4.700520827466e-15       2.350755639912e-16       2.650348993844e-17       7.286662541974e-18 
 2229       1.711956949736e-11       8.283410446098e-13      -6.793540687071e-13       4.694348798477e-15       2.346428175291e-16       2.619503164646e-17       7.252437951238e-18 
 2230       1.707402979413e-11       8.280204988671e-13      -6.873754097336e-13       4.688193409311e-15       2.342110504464e-16       2.588972480428e-17       7.218129014527e-18 
 2231       1.702922335154e-11       8.276444325863e-13      -6.954072327506e-13       4.682054768622e-15       2.337802597292e-16       2.558762624511e-17       7.183809517989e-18 
 2232       1.698514812085e-11       8.272126128742e-13      -7.034453127289e-13       4.675932985260e-15       2.333504423409e-16       2.528879298037e-17       7.149553512632e-18 
 2233       1.694180204024e-11       8.267248063970e-13      -7.114854094859e-13       4.669828168268e-15       2.329215952224e-16       2.499328219984e-17       7.115435314627e-18 
 2234       1.689918303474e-11       8.261807793807e-13      -7.195232676690e-13       4.663740426879e-15       2.324937152914e-16       2.470115127189e-17       7.081529505601e-18 
 2235       1.685728901621e-11       8.255802976105e-13      -7.275546167384e-13       4.657669870523e-15       2.320667994428e-16       2.441245774363e-17       7.047910932934e-18 
 2236       1.681611788336e-11       8.249231264302e-13      -7.355751709504e-13       4.651616608822e-15       2.316408445487e-16       2.412725934114e-17       7.014654710058e-18 
 2237       1.677566752169e-11       8.242090307421e-13      -7.435806293400e-13       4.645580751592e-15       2.312158474583e-16       2.384561396962e-17       6.981836216751e-18 
 2238       1.673593580352e-11       8.234377750069e-13      -7.515666757044e-13       4.639562408842e-15       2.307918049976e-16       2.356757971361e-17       6.949531099436e-18 
 2239       1.669692058793e-11       8.226091232428e-13      -7.595289785859e-13       4.633561690774e-15       2.303687139699e-16       2.329321483717e-17       6.917815271476e-18 
 2240       1.665861972076e-11       8.217228390255e-13      -7.674631912547e-13       4.627578707787e-15       2.299465711552e-16       2.302257778407e-17       6.886764913471e-18 
 2241       1.662103103460e-11       8.207786854877e-13      -7.753649516924e-13       4.621613570471e-15       2.295253733105e-16       2.275572717795e-17       6.856456473555e-18 
 2242       1.658415234876e-11       8.197764253189e-13      -7.832298825744e-13       4.615666389612e-15       2.291051171699e-16       2.249272182258e-17       6.826966667694e-18 
 2243       1.654798038251e-11       8.187159543823e-13      -7.910539227286e-13       4.609737244585e-15       2.286857996439e-16       2.223360870091e-17       6.798355252879e-18 
 2244       1.651250748701e-11       8.175977035186e-13      -7.988343239059e-13       4.603826088314e-15       2.282674184203e-16       2.197838688653e-17       6.770613223233e-18 
 2245       1.647772489201e-11       8.164222393642e-13      -8.065686604816e-13       4.597932841692e-15       2.278499713672e-16       2.172704339705e-17       6.743714276379e-18 
 2246       1.644362379061e-11       8.151901309746e-13      -8.142544985618e-13       4.592057425130e-15       2.274334563339e-16       2.147956517372e-17       6.717632009723e-18 
 2247       1.641019533926e-11       8.139019498271e-13      -8.218893959745e-13       4.586199758556e-15       2.270178711507e-16       2.123593908131e-17       6.692339920340e-18 
 2248       1.637743065767e-11       8.125582698243e-13      -8.294709022606e-13       4.580359761414e-15       2.266032136289e-16       2.099615190803e-17       6.667811404864e-18 
 2249       1.634532082879e-11       8.111596672961e-13      -8.369965586647e-13       4.574537352661e-15       2.261894815607e-16       2.076019036540e-17       6.644019759367e-18 
 2250       1.631385689878e-11       8.097067210034e-13      -8.444638981262e-13       4.568732450773e-15       2.257766727196e-16       2.052804108820e-17       6.620938179253e-18 
 2251       1.628302987692e-11       8.082000121400e-13      -8.518704452701e-13       4.562944973737e-15       2.253647848596e-16       2.029969063434e-17       6.598539759138e-18 
 2252       1.625283073563e-11       8.066401243362e-13      -8.592137163982e-13       4.557174839055e-15       2.249538157158e-16       2.007512548476e-17       6.576797492738e-18 
 2253       1.622325041039e-11       8.050276436614e-13      -8.664912194798e-13       4.551421963741e-15       2.245437630042e-16       1.985433204336e-17       6.555684272755e-18 
 2254       1.619427979969e-11       8.033631586268e-13      -8.737004541426e-13       4.545686264321e-15       2.241346244217e-16       1.963729663689e-17       6.535172890764e-18 
 2255       1.616590976501e-11       8.016472601883e-13      -8.808389116638e-13       4.539967656836e-15       2.237263976459e-16       1.942400551485e-17       6.515236037098e-18 
 2256       1.613813113077e-11       7.998805417496e-13      -8.879040749613e-13       4.534266056833e-15       2.233190803352e-16       1.921444484940e-17       6.495846300732e-18 
 2257       1.611093468427e-11       7.980635991645e-13      -8.948934185840e-13       4.528581379373e-15       2.229126701290e-16       1.900860073524e-17       6.476976169174e-18 
 2258       1.608431117568e-11       7.961970307404e-13      -9.018044087033e-13       4.522913539026e-15       2.225071646472e-16       1.880645918957e-17       6.458598028346e-18 
 2259       1.605825131797e-11       7.942814372404e-13      -9.086345031038e-13       4.517262449871e-15       2.221025614904e-16       1.860800615191e-17       6.440684162471e-18 
 2260       1.603274578688e-11       7.923174218870e-13      -9.153811511742e-13       4.511628025494e-15       2.216988582402e-16       1.841322748409e-17       6.423206753962e-18 
 2261       1.600778522086e-11       7.903055903641e-13      -9.220417938985e-13       4.506010178992e-15       2.212960524586e-16       1.822210897009e-17       6.406137883306e-18 
 2262       1.598336022106e-11       7.882465508203e-13      -9.286138638468e-13       4.500408822967e-15       2.208941416884e-16       1.803463631597e-17       6.389449528948e-18 
 2263       1.595946135125e-11       7.861409138718e-13      -9.350947851661e-13       4.494823869528e-15       2.204931234527e-16       1.785079514979e-17       6.373113567181e-18 
 2264       1.593607913781e-11       7.839892926050e-13      -9.414819735714e-13       4.489255230290e-15       2.200929952557e-16       1.767057102145e-17       6.357101772029e-18 
 2265       1.591320406965e-11       7.817923025792e-13      -9.477728363367e-13       4.483702816375e-15       2.196937545818e-16       1.749394940268e-17       6.341385815133e-18 
 2266       1.589082659823e-11       7.795505618301e-13      -9.539647722860e-13       4.478166538407e-15       2.192953988960e-16       1.732091568689e-17       6.325937265639e-18 
 2267       1.586893713742e-11       7.772646908718e-13      -9.600551717837e-13       4.472646306517e-15       2.188979256440e-16       1.715145518905e-17       6.310727590083e-18 
 2268       1.584752606357e-11       7.749353127003e-13      -9.660414167265e-13       4.467142030337e-15       2.185013322517e-16       1.698555314567e-17       6.295728152276e-18 
 2269       1.582658371536e-11       7.725630527960e-13      -9.719208805334e-13       4.461653619004e-15       2.181056161256e-16       1.682319471464e-17       6.280910213191e-18 
 2270       1.580610039384e-11       7.701485391265e-13      -9.776909281373e-13       4.456180981155e-15       2.177107746526e-16       1.666436497515e-17       6.266244930850e-18 
 2271       1.578606636234e-11       7.676924021498e-13      -9.833489159755e-13       4.450724024931e-15       2.173168052003e-16       1.650904892761e-17       6.251703360208e-18 
 2272       1.576647184646e-11       7.651952748168e-13      -9.888921919810e-13       4.445282657972e-15       2.169237051161e-16       1.635723149353e-17       6.237256453038e-18 
 2273       1.574730703398e-11       7.626577925740e-13      -9.943180955733e-13       4.439856787421e-15       2.165314717283e-16       1.620889751543e-17       6.222875057823e-18 
 2274       1.572856207487e-11       7.600805933669e-13      -9.996239576493e-13       4.434446319917e-15       2.161401023452e-16       1.606403175675e-17       6.208529919634e-18 
 2275       1.571022708122e-11       7.574643176423e-13      -1.004807100574e-12       4.429051161601e-15       2.157495942556e-16       1.592261890176e-17       6.194191680022e-18 
 2276       1.569229212718e-11       7.548096083515e-13      -1.009864838173e-12       4.423671218111e-15       2.153599447285e-16       1.578464355545e-17       6.179830876900e-18 
 2277       1.567474724896e-11       7.521171109528e-13      -1.014794475720e-12       4.418306394585e-15       2.149711510130e-16       1.565009024343e-17       6.165417944432e-18 
 2278       1.565758244477e-11       7.493874734148e-13      -1.019593309932e-12       4.412956595656e-15       2.145832103387e-16       1.551894341183e-17       6.150923212917e-18 
 2279       1.564078767475e-11       7.466213462187e-13      -1.024258628956e-12       4.407621725455e-15       2.141961199152e-16       1.539118742725e-17       6.136316908677e-18 
 2280       1.562435286095e-11       7.438193823614e-13      -1.028787712365e-12       4.402301687606e-15       2.138098769323e-16       1.526680657659e-17       6.121569153940e-18 
 2281       1.560826788730e-11       7.409822373586e-13      -1.033177831144e-12       4.396996385234e-15       2.134244785602e-16       1.514578506700e-17       6.106649966729e-18 
 2282       1.559252267532e-11       7.381106080820e-13      -1.037426690127e-12       4.391705707399e-15       2.130399221871e-16       1.502810536312e-17       6.091527102813e-18 
 2283       1.557710741184e-11       7.352053495395e-13      -1.041533758420e-12       4.386429488347e-15       2.126562061371e-16       1.491374318722e-17       6.076159566665e-18 
 2284       1.556201232269e-11       7.322673588499e-13      -1.045498947495e-12       4.381167547999e-15       2.122733289570e-16       1.480267248679e-17       6.060504058645e-18 
 2285       1.554722759697e-11       7.292975364801e-13      -1.049322169524e-12       4.375919705488e-15       2.118912891788e-16       1.469486709416e-17       6.044517128992e-18 
 2286       1.553274338702e-11       7.262967862488e-13      -1.053003337376e-12       4.370685779148e-15       2.115100853196e-16       1.459030072633e-17       6.028155177658e-18 
 2287       1.551854980840e-11       7.232660153301e-13      -1.056542364623e-12       4.365465586522e-15       2.111297158815e-16       1.448894698485e-17       6.011374454146e-18 
 2288       1.550463693985e-11       7.202061342574e-13      -1.059939165539e-12       4.360258944355e-15       2.107501793514e-16       1.439077935573e-17       5.994131057344e-18 
 2289       1.549099482321e-11       7.171180569269e-13      -1.063193655099e-12       4.355065668599e-15       2.103714742015e-16       1.429577120923e-17       5.976380935367e-18 
 2290       1.547761346342e-11       7.140027006015e-13      -1.066305748985e-12       4.349885574404e-15       2.099935988887e-16       1.420389579978e-17       5.958079885384e-18 
 2291       1.546448282847e-11       7.108609859147e-13      -1.069275363582e-12       4.344718476126e-15       2.096165518550e-16       1.411512626583e-17       5.939183553462e-18 
 2292       1.545159284934e-11       7.076938368738e-13      -1.072102415982e-12       4.339564187320e-15       2.092403315272e-16       1.402943562970e-17       5.919647434400e-18 
 2293       1.543893341998e-11       7.045021808641e-13      -1.074786823987e-12       4.334422520740e-15       2.088649363170e-16       1.394679679746e-17       5.899426871565e-18 
 2294       1.542649439725e-11       7.012869486528e-13      -1.077328506104e-12       4.329293288339e-15       2.084903646212e-16       1.386718255882e-17       5.878477056727e-18 
 2295       1.541426560090e-11       6.980490743919e-13      -1.079727381554e-12       4.324176301269e-15       2.081166148211e-16       1.379056558692e-17       5.856753029898e-18 
 2296       1.540223681352e-11       6.947894956229e-13      -1.081983370265e-12       4.319071369878e-15       2.077436852831e-16       1.371691843828e-17       5.834209679165e-18 
 2297       1.539039778050e-11       6.915091532800e-13      -1.084096392879e-12       4.313978303712e-15       2.073715743583e-16       1.364621355262e-17       5.810801740530e-18 
 2298       1.537873820996e-11       6.882089916937e-13      -1.086066370754e-12       4.308896911508e-15       2.070002803827e-16       1.357842325273e-17       5.786483797743e-18 
 2299       1.536724777276e-11       6.848899585950e-13      -1.087893225957e-12       4.303827001202e-15       2.066298016769e-16       1.351351974433e-17       5.761210282142e-18 
 2300       1.535591610244e-11       6.815530051189e-13      -1.089576881275e-12       4.298768379920e-15       2.062601365463e-16       1.345147511596e-17       5.734935472484e-18 
 2301       1.534473279515e-11       6.781990858081e-13      -1.091117260210e-12       4.293720853981e-15       2.058912832812e-16       1.339226133882e-17       5.707613494787e-18 
 2302       1.533368740965e-11       6.748291586167e-13      -1.092514286982e-12       4.288684228896e-15       2.055232401564e-16       1.333585026663e-17       5.679198322161e-18 
 2303       1.532276946724e-11       6.714441849140e-13      -1.093767886530e-12       4.283658309365e-15       2.051560054316e-16       1.328221363554e-17       5.649643774648e-18 
 2304       1.531196845174e-11       6.680451294882e-13      -1.094877984515e-12       4.278642899279e-15       2.047895773508e-16       1.323132306394e-17       5.618903519058e-18 
 2305       1.530127380942e-11       6.646329605504e-13      -1.095844507316e-12       4.273637801717e-15       2.044239541431e-16       1.318315005235e-17       5.586931068803e-18 
 2306       1.529067494900e-11       6.612086497378e-13      -1.096667382036e-12       4.268642818945e-15       2.040591340220e-16       1.313766598328e-17       5.553679783735e-18 
 2307       1.528016124156e-11       6.577731721180e-13      -1.097346536502e-12       4.263657752417e-15       2.036951151855e-16       1.309484212113e-17       5.519102869984e-18 
 2308       1.526972202056e-11       6.543275061921e-13      -1.097881899266e-12       4.258682402770e-15       2.033318958163e-16       1.305464961198e-17       5.483153379789e-18 
 2309       1.525934658174e-11       6.508726338992e-13      -1.098273399604e-12       4.253716569829e-15       2.029694740818e-16       1.301705948353e-17       5.445784211339e-18 
 2310       1.524902418310e-11       6.474095406194e-13      -1.098520967521e-12       4.248760052601e-15       2.026078481338e-16       1.298204264493e-17       5.406948108608e-18 
 2311       1.523874404487e-11       6.439392151780e-13      -1.098624533749e-12       4.243812649277e-15       2.022470161085e-16       1.294956988662e-17       5.366597661191e-18 
 2312       1.522849534947e-11       6.404626498492e-13      -1.098584029750e-12       4.238874157227e-15       2.018869761269e-16       1.291961188027e-17       5.324685304141e-18 
 2313       1.521826724144e-11       6.369808403596e-13      -1.098399387716e-12       4.233944373006e-15       2.015277262942e-16       1.289213917856e-17       5.281163317804e-18 
 2314       1.520804882743e-11       6.334947858920e-13      -1.098070540569e-12       4.229023092347e-15       2.011692647002e-16       1.286712221511e-17       5.235983827655e-18 
 2315       1.519782917615e-11       6.300054890893e-13      -1.097597421967e-12       4.224110110161e-15       2.008115894191e-16       1.284453130431e-17       5.189098804138e-18 
 2316       1.518759731832e-11       6.265139560581e-13      -1.096979966299e-12       4.219205220540e-15       2.004546985096e-16       1.282433664119e-17       5.140460062496e-18 
 2317       1.517734224663e-11       6.230211963724e-13      -1.096218108689e-12       4.214308216751e-15       2.000985900147e-16       1.280650830130e-17       5.090019262613e-18 
 2318       1.516705291573e-11       6.195282230775e-13      -1.095311785000e-12       4.209418891239e-15       1.997432619619e-16       1.279101624055e-17       5.037727908849e-18 
 2319       1.515671824212e-11       6.160360526936e-13      -1.094260931829e-12       4.204537035621e-15       1.993887123628e-16       1.277783029511e-17       4.983537349872e-18 
 2320       1.514632710420e-11       6.125457052194e-13      -1.093065486512e-12       4.199662440694e-15       1.990349392136e-16       1.276692018123e-17       4.927398778502e-18 
 2321       1.513586927806e-11       6.090581489521e-13      -1.091725691769e-12       4.194794904552e-15       1.986819405411e-16       1.275825493078e-17       4.869284838959e-18 
 2322       1.512533825175e-11       6.055741345580e-13      -1.090243011734e-12       4.189934257041e-15       1.983297145424e-16       1.275180119405e-17       4.809254597916e-18 
 2323       1.511472842867e-11       6.020943599627e-13      -1.088619221704e-12       4.185080335462e-15       1.979782594462e-16       1.274752492597e-17       4.747388982957e-18 
 2324       1.510403419335e-11       5.986195254421e-13      -1.086856104029e-12       4.180232976451e-15       1.976275734662e-16       1.274539194934e-17       4.683769212691e-18 
 2325       1.509324991134e-11       5.951503336255e-13      -1.084955448120e-12       4.175392015989e-15       1.972776548017e-16       1.274536795468e-17       4.618476797068e-18 
 2326       1.508236992921e-11       5.916874894977e-13      -1.082919050456e-12       4.170557289388e-15       1.969285016367e-16       1.274741850009e-17       4.551593537696e-18 
 2327       1.507138857458e-11       5.882317004016e-13      -1.080748714592e-12       4.165728631300e-15       1.965801121406e-16       1.275150901112e-17       4.483201528159e-18 
 2328       1.506030015603e-11       5.847836760408e-13      -1.078446251167e-12       4.160905875714e-15       1.962324844681e-16       1.275760478060e-17       4.413383154335e-18 
 2329       1.504909896312e-11       5.813441284821e-13      -1.076013477915e-12       4.156088855952e-15       1.958856167586e-16       1.276567096848e-17       4.342221094712e-18 
 2330       1.503777926637e-11       5.779137721577e-13      -1.073452219667e-12       4.151277404671e-15       1.955395071370e-16       1.277567260172e-17       4.269798320707e-18 
 2331       1.502633531720e-11       5.744933238683e-13      -1.070764308363e-12       4.146471353863e-15       1.951941537131e-16       1.278757457412e-17       4.196198096981e-18 
 2332       1.501476134798e-11       5.710835027850e-13      -1.067951583060e-12       4.141670534851e-15       1.948495545816e-16       1.280134164618e-17       4.121503981761e-18 
 2333       1.500305157195e-11       5.676850304521e-13      -1.065015889938e-12       4.136874778291e-15       1.945057078225e-16       1.281693844493e-17       4.045799827152e-18 
 2334       1.499120018321e-11       5.642986307897e-13      -1.061959082309e-12       4.132083914172e-15       1.941626115008e-16       1.283432946382e-17       3.969169779458e-18 
 2335       1.497920135673e-11       5.609250300958e-13      -1.058783020624e-12       4.127297771812e-15       1.938202636662e-16       1.285347906254e-17       3.891698279496e-18 
 2336       1.496704924829e-11       5.575649570492e-13      -1.055489572484e-12       4.122516179859e-15       1.934786623538e-16       1.287435146691e-17       3.813470062917e-18 
 2337       1.495473799450e-11       5.542191427121e-13      -1.052080612643e-12       4.117738966291e-15       1.931378055833e-16       1.289691076867e-17       3.734570160524e-18 
 2338       1.494226171273e-11       5.508883205319e-13      -1.048558023021e-12       4.112965958413e-15       1.927976913595e-16       1.292112092540e-17       3.655083898584e-18 
 2339       1.492961450114e-11       5.475732263447e-13      -1.044923692706e-12       4.108196982859e-15       1.924583176722e-16       1.294694576034e-17       3.575096899151e-18 
 2340       1.491679043863e-11       5.442745983769e-13      -1.041179517970e-12       4.103431865589e-15       1.921196824959e-16       1.297434896223e-17       3.494695080379e-18 
 2341       1.490378358484e-11       5.409931772483e-13      -1.037327402267e-12       4.098670431891e-15       1.917817837900e-16       1.300329408520e-17       3.413964656845e-18 
 2342       1.489058798010e-11       5.377297059743e-13      -1.033369256252e-12       4.093912506376e-15       1.914446194990e-16       1.303374454858e-17       3.332992139859e-18 
 2343       1.487719764543e-11       5.344849299685e-13      -1.029306997777e-12       4.089157912981e-15       1.911081875519e-16       1.306566363680e-17       3.251864337788e-18 
 2344       1.486360658252e-11       5.312595970452e-13      -1.025142551911e-12       4.084406474966e-15       1.907724858628e-16       1.309901449919e-17       3.170668356369e-18 
 2345       1.484980877371e-11       5.280544574219e-13      -1.020877850937e-12       4.079658014914e-15       1.904375123305e-16       1.313376014986e-17       3.089491599031e-18 
 2346       1.483579818196e-11       5.248702637219e-13      -1.016514834368e-12       4.074912354733e-15       1.901032648385e-16       1.316986346757e-17       3.008421767206e-18 
 2347       1.482156875085e-11       5.217077709767e-13      -1.012055448951e-12       4.070169315648e-15       1.897697412552e-16       1.320728719555e-17       2.927546860653e-18 
 2348       1.480711440453e-11       5.185677366284e-13      -1.007501648676e-12       4.065428718210e-15       1.894369394336e-16       1.324599394137e-17       2.846955177769e-18 
 2349       1.479242904771e-11       5.154509205324e-13      -1.002855394782e-12       4.060690382285e-15       1.891048572115e-16       1.328594617678e-17       2.766735315913e-18 
 2350       1.477750656567e-11       5.123580849598e-13      -9.981186557681e-13       4.055954127062e-15       1.887734924114e-16       1.332710623758e-17       2.686976171718e-18 
 2351       1.476234082419e-11       5.092899946000e-13      -9.932934074000e-13       4.051219771047e-15       1.884428428405e-16       1.336943632348e-17       2.607766941412e-18 
 2352       1.474692566957e-11       5.062474165631e-13      -9.883816327174e-13       4.046487132064e-15       1.881129062906e-16       1.341289849789e-17       2.529197121133e-18 
 2353       1.473125492859e-11       5.032311203824e-13      -9.833853220422e-13       4.041756027255e-15       1.877836805381e-16       1.345745468786e-17       2.451356507247e-18 
 2354       1.471532240849e-11       5.002418780169e-13      -9.783064729867e-13       4.037026273076e-15       1.874551633442e-16       1.350306668387e-17       2.374335196667e-18 
 2355       1.469912189697e-11       4.972804638541e-13      -9.731470904614e-13       4.032297685300e-15       1.871273524546e-16       1.354969613973e-17       2.298223587168e-18 
 2356       1.468264716212e-11       4.943476547118e-13      -9.679091866829e-13       4.027570079016e-15       1.868002455995e-16       1.359730457236e-17       2.223112377705e-18 
 2357       1.466589195247e-11       4.914442298416e-13      -9.625947811818e-13       4.022843268624e-15       1.864738404938e-16       1.364585336173e-17       2.149092568733e-18 
 2358       1.464884999691e-11       4.885709709304e-13      -9.572059008105e-13       4.018117067840e-15       1.861481348368e-16       1.369530375065e-17       2.076255462520e-18 
 2359       1.463151500471e-11       4.857286621036e-13      -9.517445797516e-13       4.013391289691e-15       1.858231263124e-16       1.374561684466e-17       2.004692663468e-18 
 2360       1.461388180239e-11       4.829179900772e-13      -9.462129021730e-13       4.008665767163e-15       1.854988127144e-16       1.379675958524e-17       1.934478646993e-18 
 2361       1.459594975222e-11       4.801392439331e-13      -9.406131304700e-13       4.003940415278e-15       1.851751923225e-16       1.384872271039e-17       1.865618347351e-18 
 2362       1.457771935491e-11       4.773926134860e-13      -9.349475778345e-13       3.999215169402e-15       1.848522635288e-16       1.390150290518e-17       1.798099245288e-18 
 2363       1.455919111461e-11       4.746782889654e-13      -9.292185656891e-13       3.994489964628e-15       1.845300247120e-16       1.395509683850e-17       1.731908769885e-18 
 2364       1.454036553890e-11       4.719964610152e-13      -9.234284236953e-13       3.989764735780e-15       1.842084742382e-16       1.400950116300e-17       1.667034298507e-18 
 2365       1.452124313883e-11       4.693473206947e-13      -9.175794897625e-13       3.985039417414e-15       1.838876104600e-16       1.406471251510e-17       1.603463156741e-18 
 2366       1.450182442890e-11       4.667310594786e-13      -9.116741100569e-13       3.980313943810e-15       1.835674317175e-16       1.412072751496e-17       1.541182618339e-18 
 2367       1.448210992704e-11       4.641478692574e-13      -9.057146390103e-13       3.975588248981e-15       1.832479363372e-16       1.417754276644e-17       1.480179905159e-18 
 2368       1.446210015467e-11       4.615979423377e-13      -8.997034393288e-13       3.970862266667e-15       1.829291226328e-16       1.423515485714e-17       1.420442187110e-18 
 2369       1.444179563666e-11       4.590814714430e-13      -8.936428820019e-13       3.966135930335e-15       1.826109889048e-16       1.429356035830e-17       1.361956582090e-18 
 2370       1.442119690136e-11       4.565986497132e-13      -8.875353463113e-13       3.961409173181e-15       1.822935334406e-16       1.435275582487e-17       1.304710155931e-18 
 2371       1.440030448058e-11       4.541496707059e-13      -8.813832198395e-13       3.956681928129e-15       1.819767545145e-16       1.441273779540e-17       1.248689922340e-18 
 2372       1.437911890963e-11       4.517347283959e-13      -8.751888984788e-13       3.951954127828e-15       1.816606503875e-16       1.447350279211e-17       1.193882842839e-18 
 2373       1.435764072727e-11       4.493540171763e-13      -8.689547864401e-13       3.947225704657e-15       1.813452193077e-16       1.453504732080e-17       1.140275826713e-18 
 2374       1.433587047578e-11       4.470077318584e-13      -8.626832962620e-13       3.942496590719e-15       1.810304595096e-16       1.459736787086e-17       1.087855730943e-18 
 2375       1.431380870090e-11       4.446960676720e-13      -8.563768488191e-13       3.937766717844e-15       1.807163692149e-16       1.466046091526e-17       1.036609360156e-18 
 2376       1.429145595189e-11       4.424192202661e-13      -8.500378733313e-13       3.933036017588e-15       1.804029466318e-16       1.472432291052e-17       9.865234665621e-19 
 2377       1.426881278150e-11       4.401773857091e-13      -8.436688073724e-13       3.928304421233e-15       1.800901899554e-16       1.478895029669e-17       9.375847499002e-19 
 2378       1.424587974598e-11       4.379707604891e-13      -8.372720968792e-13       3.923571859786e-15       1.797780973675e-16       1.485433949734e-17       8.897798573762e-19 
 2379       1.422265740508e-11       4.357995415140e-13      -8.308501961599e-13       3.918838263978e-15       1.794666670365e-16       1.492048691952e-17       8.430953836076e-19 
 2380       1.419914632207e-11       4.336639261126e-13      -8.244055679034e-13       3.914103564265e-15       1.791558971177e-16       1.498738895377e-17       7.975178705646e-19 
 2381       1.417534706375e-11       4.315641120341e-13      -8.179406831880e-13       3.909367690830e-15       1.788457857530e-16       1.505504197409e-17       7.530338075118e-19 
 2382       1.415126020042e-11       4.295002974491e-13      -8.114580214898e-13       3.904630573576e-15       1.785363310709e-16       1.512344233790e-17       7.096296309511e-19 
 2383       1.412688630590e-11       4.274726809495e-13      -8.049600706923e-13       3.899892142132e-15       1.782275311867e-16       1.519258638605e-17       6.672917245628e-19 
 2384       1.410222595756e-11       4.254814615492e-13      -7.984493270947e-13       3.895152325851e-15       1.779193842023e-16       1.526247044281e-17       6.260064191480e-19 
 2385       1.407727973629e-11       4.235268386843e-13      -7.919282954210e-13       3.890411053807e-15       1.776118882061e-16       1.533309081579e-17       5.857599925705e-19 
 2386       1.405204822652e-11       4.216090122133e-13      -7.853994888285e-13       3.885668254798e-15       1.773050412732e-16       1.540444379600e-17       5.465386696988e-19 
 2387       1.402653201621e-11       4.197281824177e-13      -7.788654289170e-13       3.880923857345e-15       1.769988414653e-16       1.547652565778e-17       5.083286223481e-19 
 2388       1.400073169688e-11       4.178845500023e-13      -7.723286457377e-13       3.876177789689e-15       1.766932868306e-16       1.554933265880e-17       4.711159692223e-19 
 2389       1.397464786360e-11       4.160783160954e-13      -7.657916778014e-13       3.871429979796e-15       1.763883754039e-16       1.562286104001e-17       4.348867758558e-19 
 2390       1.394828111498e-11       4.143096822496e-13      -7.592570720883e-13       3.866680355351e-15       1.760841052066e-16       1.569710702570e-17       3.996270545559e-19 
 2391       1.392163205320e-11       4.125788504413e-13      -7.527273840560e-13       3.861928843761e-15       1.757804742464e-16       1.577206682338e-17       3.653227643443e-19 
 2392       1.389470128399e-11       4.108860230721e-13      -7.462051776486e-13       3.857175372154e-15       1.754774805178e-16       1.584773662383e-17       3.319598108995e-19 
 2393       1.386748941667e-11       4.092314029682e-13      -7.396930253060e-13       3.852419867378e-15       1.751751220015e-16       1.592411260106e-17       2.995240464983e-19 
 2394       1.383999706410e-11       4.076151933815e-13      -7.331935079718e-13       3.847662256003e-15       1.748733966648e-16       1.600119091230e-17       2.680012699585e-19 
 2395       1.381222484273e-11       4.060375979894e-13      -7.267092151032e-13       3.842902464317e-15       1.745723024616e-16       1.607896769795e-17       2.373772265801e-19 
 2396       1.378417337260e-11       4.044988208957e-13      -7.202427446790e-13       3.838140418328e-15       1.742718373319e-16       1.615743908162e-17       2.076376080879e-19 
 2397       1.375584327732e-11       4.029990666303e-13      -7.137967032087e-13       3.833376043763e-15       1.739719992023e-16       1.623660117004e-17       1.787680525731e-19 
 2398       1.372723518408e-11       4.015385401501e-13      -7.073737057418e-13       3.828609266071e-15       1.736727859859e-16       1.631645005310e-17       1.507541444356e-19 
 2399       1.369835042968e-11       4.001173608392e-13      -7.009761803239e-13       3.823840030255e-15       1.733741957655e-16       1.639697764604e-17       1.235739669242e-19 
 2400       1.366919318322e-11       3.987353039360e-13      -6.946057800468e-13       3.819068360531e-15       1.730762273458e-16       1.647815918847e-17       9.717571020504e-20 
 2401       1.363976833636e-11       3.973920575287e-13      -6.882639674278e-13       3.814294301035e-15       1.727788797048e-16       1.655996566901e-17       7.149992651477e-20 
 2402       1.361008079852e-11       3.960873084106e-13      -6.819522096411e-13       3.809517896020e-15       1.724821518103e-16       1.664236797606e-17       4.648696493914e-20 
 2403       1.358013549688e-11       3.948207420784e-13      -6.756719785219e-13       3.804739189854e-15       1.721860426202e-16       1.672533689764e-17       2.207697119975e-20 
 2404       1.354993737642e-11       3.935920427310e-13      -6.694247505718e-13       3.799958227019e-15       1.718905510826e-16       1.680884312132e-17      -1.790112559254e-21 
 2405       1.351949139990e-11       3.924008932679e-13      -6.632120069631e-13       3.795175052114e-15       1.715956761352e-16       1.689285723410e-17      -2.517454798434e-20 
 2406       1.348880254793e-11       3.912469752880e-13      -6.570352335438e-13       3.790389709854e-15       1.713014167059e-16       1.697734972231e-17      -4.813680072585e-20 
 2407       1.345787581897e-11       3.901299690878e-13      -6.508959208422e-13       3.785602245069e-15       1.710077717124e-16       1.706229097150e-17      -7.073754065127e-20 
 2408       1.342671622933e-11       3.890495536602e-13      -6.447955640720e-13       3.780812702704e-15       1.707147400625e-16       1.714765126635e-17      -9.303764205839e-20 
 2409       1.339532881321e-11       3.880054066933e-13      -6.387356631364e-13       3.776021127822e-15       1.704223206537e-16       1.723340079053e-17      -1.150981838886e-19 
 2410       1.336371862270e-11       3.869972045682e-13      -6.327177226337e-13       3.771227565601e-15       1.701305123736e-16       1.731950962664e-17      -1.369804499401e-19 
 2411       1.333189072784e-11       3.860246223584e-13      -6.267432518615e-13       3.766432061335e-15       1.698393140996e-16       1.740594775606e-17      -1.587459290810e-19 
 2412       1.329985021658e-11       3.850873338279e-13      -6.208137648214e-13       3.761634660435e-15       1.695487246989e-16       1.749268505888e-17      -1.804563154630e-19 
 2413       1.326760219485e-11       3.841850114298e-13      -6.149307802244e-13       3.756835408427e-15       1.692587430287e-16       1.757969131378e-17      -2.021735087339e-19 
 2414       1.323515178654e-11       3.833173263051e-13      -6.090958214948e-13       3.752034350955e-15       1.689693679360e-16       1.766693619790e-17      -2.239596142516e-19 
 2415       1.320250413354e-11       3.824839482809e-13      -6.033104167756e-13       3.747231533780e-15       1.686805982576e-16       1.775438928680e-17      -2.458769432968e-19 
 2416       1.316966439578e-11       3.816845458692e-13      -5.975760989332e-13       3.742427002777e-15       1.683924328201e-16       1.784202005428e-17      -2.679880132863e-19 
 2417       1.313663775120e-11       3.809187862655e-13      -5.918944055617e-13       3.737620803940e-15       1.681048704400e-16       1.792979787231e-17      -2.903555479865e-19 
 2418       1.310342939580e-11       3.801863353472e-13      -5.862668789883e-13       3.732812983380e-15       1.678179099236e-16       1.801769201095e-17      -3.130424777264e-19 
 2419       1.307004454365e-11       3.794868576723e-13      -5.806950662776e-13       3.728003587324e-15       1.675315500668e-16       1.810567163819e-17      -3.361119396110e-19 
 2420       1.303648842691e-11       3.788200164777e-13      -5.751805192364e-13       3.723192662116e-15       1.672457896556e-16       1.819370581988e-17      -3.596272777344e-19 
 2421       1.300276629587e-11       3.781854736782e-13      -5.697247944188e-13       3.718380254217e-15       1.669606274654e-16       1.828176351962e-17      -3.836520433928e-19 
 2422       1.296888341893e-11       3.775828898647e-13      -5.643294531306e-13       3.713566410208e-15       1.666760622616e-16       1.836981359863e-17      -4.082499952984e-19 
 2423       1.293484508263e-11       3.770119243028e-13      -5.589960614343e-13       3.708751176783e-15       1.663920927992e-16       1.845782481570e-17      -4.334850997921e-19 
 2424       1.290065659170e-11       3.764722349317e-13      -5.537261901536e-13       3.703934600757e-15       1.661087178229e-16       1.854576582701e-17      -4.594215310566e-19 
 2425       1.286632326905e-11       3.759634783622e-13      -5.485214148786e-13       3.699116729061e-15       1.658259360672e-16       1.863360518611e-17      -4.861236713303e-19 
 2426       1.283185045579e-11       3.754853098757e-13      -5.433833159700e-13       3.694297608744e-15       1.655437462563e-16       1.872131134372e-17      -5.136561111199e-19 
 2427       1.279724351125e-11       3.750373834226e-13      -5.383134785644e-13       3.689477286972e-15       1.652621471039e-16       1.880885264770e-17      -5.420836494139e-19 
 2428       1.276250781301e-11       3.746193516211e-13      -5.333134925785e-13       3.684655811030e-15       1.649811373136e-16       1.889619734291e-17      -5.714712938958e-19 
 2429       1.272764875692e-11       3.742308657551e-13      -5.283849527146e-13       3.679833228321e-15       1.647007155785e-16       1.898331357113e-17      -6.018842611573e-19 
 2430       1.269267175709e-11       3.738715757736e-13      -5.235294584646e-13       3.675009586366e-15       1.644208805813e-16       1.907016937090e-17      -6.333879769117e-19 
 2431       1.265758224594e-11       3.735411302886e-13      -5.187486141153e-13       3.670184932802e-15       1.641416309946e-16       1.915673267748e-17      -6.660480762068e-19 
 2432       1.262238567423e-11       3.732391765742e-13      -5.140440287528e-13       3.665359315388e-15       1.638629654801e-16       1.924297132271e-17      -6.999304036384e-19 
 2433       1.258708751101e-11       3.729653605648e-13      -5.094173162677e-13       3.660532781999e-15       1.635848826897e-16       1.932885303489e-17      -7.351010135635e-19 
 2434       1.255169324374e-11       3.727193268535e-13      -5.048700953593e-13       3.655705380628e-15       1.633073812645e-16       1.941434543874e-17      -7.716261703135e-19 
 2435       1.251620837821e-11       3.725007186912e-13      -5.004039895408e-13       3.650877159388e-15       1.630304598352e-16       1.949941605519e-17      -8.095723484074e-19 
 2436       1.248063843864e-11       3.723091779849e-13      -4.960206271439e-13       3.646048166510e-15       1.627541170221e-16       1.958403230138e-17      -8.490062327650e-19 
 2437       1.244498896764e-11       3.721443452960e-13      -4.917216413237e-13       3.641218450345e-15       1.624783514352e-16       1.966816149048e-17      -8.899947189202e-19 
 2438       1.240926552309e-11       3.720058331409e-13      -4.875084309668e-13       3.636388068244e-15       1.622031617300e-16       1.975177929464e-17      -9.325779722706e-19 
 2439       1.237347366863e-11       3.718931457193e-13      -4.833814418380e-13       3.631557113277e-15       1.619285467770e-16       1.983489518941e-17      -9.766884285929e-19 
 2440       1.233761898315e-11       3.718057587004e-13      -4.793408811259e-13       3.626725687674e-15       1.616545054933e-16       1.991752716192e-17      -1.022231307490e-18 
 2441       1.230170706396e-11       3.717431458764e-13      -4.753869561475e-13       3.621893893962e-15       1.613810367868e-16       1.999969326179e-17      -1.069111508849e-18 
 2442       1.226574352681e-11       3.717047791596e-13      -4.715198743478e-13       3.617061834960e-15       1.611081395556e-16       2.008141160119e-17      -1.117233612513e-18 
 2443       1.222973400592e-11       3.716901285809e-13      -4.677398432998e-13       3.612229613785e-15       1.608358126888e-16       2.016270035493e-17      -1.166501877948e-18 
 2444       1.219368415400e-11       3.716986622880e-13      -4.640470707045e-13       3.607397333847e-15       1.605640550659e-16       2.024357776053e-17      -1.216820243914e-18 
 2445       1.215759964226e-11       3.717298465429e-13      -4.604417643911e-13       3.602565098851e-15       1.602928655568e-16       2.032406211822e-17      -1.268092328133e-18 
 2446       1.212148616041e-11       3.717831457204e-13      -4.569241323164e-13       3.597733012801e-15       1.600222430223e-16       2.040417179110e-17      -1.320221426962e-18 
 2447       1.208534941674e-11       3.718580223056e-13      -4.534943825650e-13       3.592901179992e-15       1.597521863133e-16       2.048392520514e-17      -1.373110515057e-18 
 2448       1.204919513805e-11       3.719539368926e-13      -4.501527233496e-13       3.588069705020e-15       1.594826942715e-16       2.056334084926e-17      -1.426662245048e-18 
 2449       1.201302906976e-11       3.720703481821e-13      -4.468993630101e-13       3.583238692775e-15       1.592137657291e-16       2.064243727541e-17      -1.480778947207e-18 
 2450       1.197685697587e-11       3.722067129792e-13      -4.437345100144e-13       3.578408248444e-15       1.589453995086e-16       2.072123309861e-17      -1.535362629114e-18 
 2451       1.194068463898e-11       3.723624861921e-13      -4.406583729578e-13       3.573578477512e-15       1.586775944233e-16       2.079974699704e-17      -1.590314975332e-18 
 2452       1.190451786036e-11       3.725371208294e-13      -4.376711605632e-13       3.568749485760e-15       1.584103492765e-16       2.087799771210e-17      -1.645537347073e-18 
 2453       1.186836245990e-11       3.727300679987e-13      -4.347730816809e-13       3.563921379270e-15       1.581436628625e-16       2.095600404846e-17      -1.700930781867e-18 
 2454       1.183222427617e-11       3.729407769043e-13      -4.319643452885e-13       3.559094264417e-15       1.578775339655e-16       2.103378487414e-17      -1.756395993235e-18 
 2455       1.179610916644e-11       3.731686948451e-13      -4.292451604911e-13       3.554268247878e-15       1.576119613606e-16       2.111135912056e-17      -1.811833370357e-18 
 2456       1.176002300669e-11       3.734132672132e-13      -4.266157365208e-13       3.549443436627e-15       1.573469438131e-16       2.118874578264e-17      -1.867142977739e-18 
 2457       1.172397169161e-11       3.736739374913e-13      -4.240762827372e-13       3.544619937937e-15       1.570824800786e-16       2.126596391881e-17      -1.922224554886e-18 
 2458       1.168796113466e-11       3.739501472510e-13      -4.216270086269e-13       3.539797859380e-15       1.568185689034e-16       2.134303265114e-17      -1.976977515969e-18 
 2459       1.165199726805e-11       3.742413361507e-13      -4.192681238034e-13       3.534977308829e-15       1.565552090238e-16       2.141997116536e-17      -2.031300949497e-18 
 2460       1.161608604279e-11       3.745469419339e-13      -4.169998380074e-13       3.530158394453e-15       1.562923991669e-16       2.149679871091e-17      -2.085093617986e-18 
 2461       1.158023342868e-11       3.748664004270e-13      -4.148223611066e-13       3.525341224725e-15       1.560301380498e-16       2.157353460108e-17      -2.138253957626e-18 
 2462       1.154444541436e-11       3.751991455372e-13      -4.127359030954e-13       3.520525908415e-15       1.557684243800e-16       2.165019821299e-17      -2.190680077953e-18 
 2463       1.150872800727e-11       3.755446092508e-13      -4.107406740951e-13       3.515712554595e-15       1.555072568557e-16       2.172680898771e-17      -2.242269761518e-18 
 2464       1.147308723377e-11       3.759022216312e-13      -4.088368843539e-13       3.510901272637e-15       1.552466341648e-16       2.180338643031e-17      -2.292920463556e-18 
 2465       1.143752913907e-11       3.762714108165e-13      -4.070247442464e-13       3.506092172216e-15       1.549865549861e-16       2.187995010992e-17      -2.342529311658e-18 
 2466       1.140205978725e-11       3.766516030183e-13      -4.053044642742e-13       3.501285363305e-15       1.547270179884e-16       2.195651965978e-17      -2.390993105436e-18 
 2467       1.136668526137e-11       3.770422225188e-13      -4.036762550651e-13       3.496480956181e-15       1.544680218307e-16       2.203311477737e-17      -2.438208316196e-18 
 2468       1.133141166337e-11       3.774426916697e-13      -4.021403273737e-13       3.491679061422e-15       1.542095651626e-16       2.210975522438e-17      -2.484071086607e-18 
 2469       1.129624511417e-11       3.778524308895e-13      -4.006968920810e-13       3.486879789909e-15       1.539516466237e-16       2.218646082686e-17      -2.528477230371e-18 
 2470       1.126119175366e-11       3.782708586620e-13      -3.993461601942e-13       3.482083252825e-15       1.536942648438e-16       2.226325147523e-17      -2.571322231890e-18 
 2471       1.122625774073e-11       3.786973915342e-13      -3.980883428470e-13       3.477289561654e-15       1.534374184433e-16       2.234014712437e-17      -2.612501245938e-18 
 2472       1.119144925327e-11       3.791314441142e-13      -3.969236512993e-13       3.472498828185e-15       1.531811060323e-16       2.241716779369e-17      -2.651909097330e-18 
 2473       1.115677248821e-11       3.795724290692e-13      -3.958522969373e-13       3.467711164510e-15       1.529253262117e-16       2.249433356718e-17      -2.689440280591e-18 
 2474       1.112223366152e-11       3.800197571239e-13      -3.948744912733e-13       3.462926683024e-15       1.526700775721e-16       2.257166459348e-17      -2.724988959627e-18 
 2475       1.108783900823e-11       3.804728370579e-13      -3.939904459455e-13       3.458145496426e-15       1.524153586945e-16       2.264918108595e-17      -2.758448967392e-18 
 2476       1.105359478249e-11       3.809310757045e-13      -3.932003727183e-13       3.453367717719e-15       1.521611681502e-16       2.272690332271e-17      -2.789713805561e-18 
 2477       1.101950662019e-11       3.813938887534e-13      -3.925041710786e-13       3.448593459073e-15       1.519075043748e-16       2.280484562480e-17      -2.818705694069e-18 
 2478       1.098557762291e-11       3.818607332350e-13      -3.919004890075e-13       3.443822828407e-15       1.516543652914e-16       2.288299825131e-17      -2.845462908058e-18 
 2479       1.095181026273e-11       3.823310752247e-13      -3.913876566561e-13       3.439055932784e-15       1.514017486854e-16       2.296134539737e-17      -2.870052956549e-18 
 2480       1.091820701849e-11       3.828043790528e-13      -3.909639982393e-13       3.434292879555e-15       1.511496523296e-16       2.303987120625e-17      -2.892543579696e-18 
 2481       1.088477037587e-11       3.832801073030e-13      -3.906278320288e-13       3.429533776350e-15       1.508980739849e-16       2.311855976936e-17      -2.913002749016e-18 
 2482       1.085150282732e-11       3.837577208104e-13      -3.903774703476e-13       3.424778731085e-15       1.506470113995e-16       2.319739512620e-17      -2.931498667632e-18 
 2483       1.081840687215e-11       3.842366786599e-13      -3.902112195634e-13       3.420027851959e-15       1.503964623095e-16       2.327636126428e-17      -2.948099770508e-18 
 2484       1.078548501643e-11       3.847164381845e-13      -3.901273800828e-13       3.415281247456e-15       1.501464244385e-16       2.335544211909e-17      -2.962874724686e-18 
 2485       1.075273977312e-11       3.851964549631e-13      -3.901242463447e-13       3.410539026344e-15       1.498968954978e-16       2.343462157404e-17      -2.975892429525e-18 
 2486       1.072017366196e-11       3.856761828194e-13      -3.902001068145e-13       3.405801297675e-15       1.496478731863e-16       2.351388346041e-17      -2.987222016938e-18 
 2487       1.068778920956e-11       3.861550738196e-13      -3.903532439777e-13       3.401068170787e-15       1.493993551904e-16       2.359321155730e-17      -2.996932851628e-18 
 2488       1.065558894937e-11       3.866325782709e-13      -3.905819343340e-13       3.396339755302e-15       1.491513391842e-16       2.367258959155e-17      -3.005094531329e-18 
 2489       1.062357542169e-11       3.871081447195e-13      -3.908844483907e-13       3.391616161128e-15       1.489038228292e-16       2.375200123774e-17      -3.011776887039e-18 
 2490       1.059175117368e-11       3.875812199492e-13      -3.912590506570e-13       3.386897498460e-15       1.486568037747e-16       2.383143011809e-17      -3.017049983262e-18 
 2491       1.056011875935e-11       3.880512489793e-13      -3.917039996373e-13       3.382183877776e-15       1.484102796572e-16       2.391085980243e-17      -3.020984118240e-18 
 2492       1.052868073961e-11       3.885176750629e-13      -3.922175478257e-13       3.377475409844e-15       1.481642481011e-16       2.399027380815e-17      -3.023649824196e-18 
 2493       1.049743968223e-11       3.889799396852e-13      -3.927979416993e-13       3.372772205715e-15       1.479187067179e-16       2.406965560013e-17      -3.025117867570e-18 
 2494       1.046639816187e-11       3.894374825620e-13      -3.934434217122e-13       3.368074376728e-15       1.476736531070e-16       2.414898859071e-17      -3.025459249254e-18 
 2495       1.043555876007e-11       3.898897416373e-13      -3.941522222893e-13       3.363382034510e-15       1.474290848549e-16       2.422825613961e-17      -3.024745204831e-18 
 2496       1.040492406528e-11       3.903361530820e-13      -3.949225718203e-13       3.358695290974e-15       1.471849995358e-16       2.430744155392e-17      -3.023047204813e-18 
 2497       1.037449667284e-11       3.907761512921e-13      -3.957526926532e-13       3.354014258321e-15       1.469413947113e-16       2.438652808798e-17      -3.020436954879e-18 
 2498       1.034427918503e-11       3.912091688867e-13      -3.966408010884e-13       3.349339049039e-15       1.466982679304e-16       2.446549894342e-17      -3.016986396111e-18 
 2499       1.031427421100e-11       3.916346367066e-13      -3.975851073725e-13       3.344669775905e-15       1.464556167295e-16       2.454433726901e-17      -3.012767705230e-18 
 2500       1.028448436686e-11       3.920519838122e-13      -3.985838156920e-13       3.340006551984e-15       1.462134386325e-16       2.462302616068e-17      -3.007853294840e-18 
