# dimensionless [l(l+1)/2pi] C_l's for scalar mode
# for l=2 to 3000, i.e. number of multipoles equal to 2999
#
# -> if you prefer output in CAMB/HealPix/LensPix units/order, set 'format' to 'camb' in input file
# -> if you don't want to see such a header, set 'headers' to 'no' in input file
# -> for CMB lensing (phi), these are C_l^phi-phi for the lensing potential.
#    Remember the conversion factors:
#    C_l^dd (deflection) = l(l+1) C_l^phi-phi
#    C_l^gg (shear/convergence) = 1/4 (l(l+1))^2 C_l^phi-phi
#
# 1:l     2:TT                     3:EE                     4:TE                     5:BB                     6:phiphi                 7:TPhi                   8:Ephi               
    2       1.312323592991e-10       3.794483423923e-15       3.505139904859e-13       0.000000000000e+00       7.098839756468e-09       3.457759164165e-10      -1.727870917946e-12 
    3       1.249178052994e-10       4.944664487377e-15       3.751934871684e-13       0.000000000000e+00       4.225551556596e-09       2.443875092622e-10      -1.297240031803e-12 
    4       1.192924127691e-10       4.400304932750e-15       3.412224805072e-13       0.000000000000e+00       2.867598169406e-09       1.872376497509e-10      -8.414363834124e-13 
    5       1.152888919618e-10       3.044378307726e-15       2.916804782212e-13       0.000000000000e+00       2.100096057087e-09       1.501586405607e-10      -4.546642054442e-13 
    6       1.127074859948e-10       1.795844550815e-15       2.451254858914e-13       0.000000000000e+00       1.614597708762e-09       1.240681833231e-10      -1.634925713124e-13 
    7       1.112216871712e-10       1.067984106254e-15       2.084002509582e-13       0.000000000000e+00       1.284856276319e-09       1.047854826488e-10       2.950075830460e-14 
    8       1.106293992172e-10       7.920053468694e-16       1.817076952531e-13       0.000000000000e+00       1.049204853193e-09       9.005919898185e-11       1.355819512001e-13 
    9       1.106686345418e-10       7.148720405913e-16       1.629448228839e-13       0.000000000000e+00       8.741061360864e-10       7.851743484095e-11       1.734700921961e-13 
   10       1.112356039570e-10       6.452785050981e-16       1.497377222116e-13       0.000000000000e+00       7.400064301623e-10       6.925979690026e-11       1.648031390513e-13 
   11       1.121885277560e-10       5.296161344741e-16       1.403278230607e-13       0.000000000000e+00       6.293773161242e-10       6.235348840368e-11       1.302015146838e-13 
   12       1.134008183045e-10       4.023614917684e-16       1.338787918596e-13       0.000000000000e+00       5.463406638678e-10       5.591154337106e-11       8.782356924476e-14 
   13       1.148934453585e-10       3.094780382989e-16       1.301138136790e-13       0.000000000000e+00       4.786477969772e-10       5.047611409691e-11       4.926121459893e-14 
   14       1.165867246558e-10       2.688366995210e-16       1.289762736124e-13       0.000000000000e+00       4.226929312253e-10       4.596847519174e-11       2.142594909020e-14 
   15       1.183844650583e-10       2.731078159896e-16       1.304904498238e-13       0.000000000000e+00       3.758817476962e-10       4.199998980712e-11       5.980923485853e-15 
   16       1.203134068400e-10       3.086490673173e-16       1.345177543183e-13       0.000000000000e+00       3.363069722917e-10       3.849597711629e-11       1.382441072991e-15 
   17       1.223396707720e-10       3.669794837381e-16       1.406634827105e-13       0.000000000000e+00       3.025390798205e-10       3.543488504285e-11       4.142425839371e-15 
   18       1.244472304083e-10       4.446008454985e-16       1.484107498179e-13       0.000000000000e+00       2.733791926415e-10       3.274620017071e-11       9.938469339829e-15 
   19       1.266426990006e-10       5.386276108033e-16       1.572843900245e-13       0.000000000000e+00       2.483115203575e-10       3.039948077876e-11       1.572827189588e-14 
   20       1.288827989309e-10       6.452580917890e-16       1.666612252649e-13       0.000000000000e+00       2.263328021480e-10       2.831548600492e-11       1.869278959632e-14 
   21       1.311761804496e-10       7.634441584019e-16       1.761550146294e-13       0.000000000000e+00       2.070701175961e-10       2.644970289926e-11       1.823039456817e-14 
   22       1.335178396827e-10       8.934721609784e-16       1.854130357124e-13       0.000000000000e+00       1.900346591710e-10       2.474325997063e-11       1.477949029887e-14 
   23       1.359064782293e-10       1.038421648132e-15       1.942348969003e-13       0.000000000000e+00       1.749744075293e-10       2.320176469114e-11       9.535104455474e-15 
   24       1.383246900520e-10       1.202302323972e-15       2.024534417091e-13       0.000000000000e+00       1.615241047927e-10       2.183040566407e-11       4.133200071346e-15 
   25       1.407896803689e-10       1.386792053389e-15       2.099210074991e-13       0.000000000000e+00       1.495134509462e-10       2.060947222148e-11      -2.770111724903e-16 
   26       1.433104510407e-10       1.592722601013e-15       2.165245810233e-13       0.000000000000e+00       1.387130864933e-10       1.949677729227e-11      -2.785805183137e-15 
   27       1.458691267591e-10       1.820726934778e-15       2.223261073178e-13       0.000000000000e+00       1.289852340600e-10       1.846356264554e-11      -3.474359291273e-15 
   28       1.484327990251e-10       2.071270076572e-15       2.274285525820e-13       0.000000000000e+00       1.201541538548e-10       1.748136439406e-11      -2.838130840416e-15 
   29       1.510128736254e-10       2.344868251155e-15       2.317528237558e-13       0.000000000000e+00       1.121696483295e-10       1.655755916533e-11      -1.401757505054e-15 
   30       1.536254512935e-10       2.641924717111e-15       2.351471821471e-13       0.000000000000e+00       1.049405876988e-10       1.570622824341e-11       1.606853372851e-16 
   31       1.562762787218e-10       2.962819361495e-15       2.374648408298e-13       0.000000000000e+00       9.831292541288e-11       1.493440755824e-11       1.139866680573e-15 
   32       1.589677465763e-10       3.308481798683e-15       2.386797504282e-13       0.000000000000e+00       9.224923543035e-11       1.423720281601e-11       1.386973740805e-15 
   33       1.616917600979e-10       3.680031086372e-15       2.388152312566e-13       0.000000000000e+00       8.670391987519e-11       1.359926751622e-11       9.397218773858e-16 
   34       1.644333117192e-10       4.078648437249e-15       2.378883018579e-13       0.000000000000e+00       8.159603444980e-11       1.300085059783e-11      -9.528009845213e-17 
   35       1.671946460406e-10       4.505639201638e-15       2.358153163215e-13       0.000000000000e+00       7.689731262847e-11       1.243776761616e-11      -1.428241047430e-15 
   36       1.699777887595e-10       4.962399617853e-15       2.324722808267e-13       0.000000000000e+00       7.256786587029e-11       1.190752616992e-11      -2.650824099254e-15 
   37       1.727803548969e-10       5.450236389950e-15       2.277387725522e-13       0.000000000000e+00       6.854879857899e-11       1.140570300559e-11      -3.368817178001e-15 
   38       1.756059449442e-10       5.969787763707e-15       2.215677770601e-13       0.000000000000e+00       6.482846170760e-11       1.093285876134e-11      -3.576411068151e-15 
   39       1.784560189407e-10       6.521403111089e-15       2.139386702161e-13       0.000000000000e+00       6.139396913921e-11       1.048945725098e-11      -3.404851486489e-15 
   40       1.813263508257e-10       7.105285487620e-15       2.048390969951e-13       0.000000000000e+00       5.821108713849e-11       1.007375107407e-11      -3.025800584796e-15 
   41       1.842103863777e-10       7.721598972204e-15       1.942621691438e-13       0.000000000000e+00       5.523590236751e-11       9.682692583969e-12      -2.621908945338e-15 
   42       1.871120644265e-10       8.370856040701e-15       1.821958761205e-13       0.000000000000e+00       5.245885077566e-11       9.315518185709e-12      -2.280312799574e-15 
   43       1.900361662402e-10       9.053639961373e-15       1.686309866655e-13       0.000000000000e+00       4.987190120686e-11       8.970984449762e-12      -2.069155753214e-15 
   44       1.929844035729e-10       9.770497006719e-15       1.535642283934e-13       0.000000000000e+00       4.745536309360e-11       8.646225370465e-12      -2.067371288056e-15 
   45       1.959565085372e-10       1.052195032546e-14       1.369901701189e-13       0.000000000000e+00       4.518475609313e-11       8.337761830118e-12      -2.337889891349e-15 
   46       1.989546569652e-10       1.130855038428e-14       1.188734446481e-13       0.000000000000e+00       4.305604572604e-11       8.045194018083e-12      -2.836390275368e-15 
   47       2.019798151002e-10       1.213083680517e-14       9.916860441445e-14       0.000000000000e+00       4.106638025523e-11       7.768393351475e-12      -3.476220022419e-15 
   48       2.050302028760e-10       1.298932342257e-14       7.782749435861e-14       0.000000000000e+00       3.920648899717e-11       7.506397929218e-12      -4.152390164073e-15 
   49       2.081010506669e-10       1.388449753043e-14       5.479899645669e-14       0.000000000000e+00       3.746020706378e-11       7.257349034253e-12      -4.740559386854e-15 
   50       2.111870190016e-10       1.481676014450e-14       3.003494543912e-14       0.000000000000e+00       3.580926488706e-11       7.019126315116e-12      -5.130400896444e-15 
   51       2.142907963555e-10       1.578622941978e-14       3.510361673071e-15       0.000000000000e+00       3.425029203945e-11       6.791603903642e-12      -5.338737049608e-15 
   52       2.174164146591e-10       1.679288257145e-14      -2.479173133164e-14       0.000000000000e+00       3.278160739560e-11       6.574896935086e-12      -5.425357976493e-15 
   53       2.205666751709e-10       1.783660675105e-14      -5.488596400163e-14       0.000000000000e+00       3.139813564100e-11       6.368686500394e-12      -5.461910847581e-15 
   54       2.237430305431e-10       1.891719551777e-14      -8.678458576291e-14       0.000000000000e+00       3.009117976843e-11       6.172189027443e-12      -5.532502086836e-15 
   55       2.269460425819e-10       2.003444902994e-14      -1.204972910818e-13       0.000000000000e+00       2.885102699719e-11       5.984435386871e-12      -5.712914269453e-15 
   56       2.301771588719e-10       2.118851184982e-14      -1.560307270187e-13       0.000000000000e+00       2.767604580659e-11       5.805259548797e-12      -6.000831206101e-15 
   57       2.334371709324e-10       2.237961287600e-14      -1.933888021451e-13       0.000000000000e+00       2.656545031047e-11       5.634501898487e-12      -6.369334095301e-15 
   58       2.367255837654e-10       2.360796947688e-14      -2.325727753724e-13       0.000000000000e+00       2.551655027137e-11       5.471702882267e-12      -6.786542221922e-15 
   59       2.400405203513e-10       2.487378800301e-14      -2.735812155982e-13       0.000000000000e+00       2.452463399000e-11       5.316084455947e-12      -7.215381976223e-15 
   60       2.433786261442e-10       2.617726429945e-14      -3.164099613529e-13       0.000000000000e+00       2.358285119480e-11       5.166531533257e-12      -7.613355872902e-15 
   61       2.467365292558e-10       2.751844372179e-14      -3.610510220337e-13       0.000000000000e+00       2.268408977965e-11       5.021919461438e-12      -7.941909324519e-15 
   62       2.501158200670e-10       2.889676330791e-14      -4.074890846963e-13       0.000000000000e+00       2.182736321484e-11       4.882224312388e-12      -8.197510367484e-15 
   63       2.535190249559e-10       3.031140728327e-14      -4.557041479992e-13       0.000000000000e+00       2.101265556927e-11       4.747630022372e-12      -8.387167982808e-15 
   64       2.569481040097e-10       3.176143462181e-14      -5.056724389543e-13       0.000000000000e+00       2.023900139600e-11       4.618196933822e-12      -8.519522024721e-15 
   65       2.604044048811e-10       3.324577510047e-14      -5.573663389915e-13       0.000000000000e+00       1.950443188505e-11       4.493854222945e-12      -8.604916769207e-15 
   66       2.638886166447e-10       3.476322535372e-14      -6.107543100221e-13       0.000000000000e+00       1.880592101626e-11       4.374392327337e-12      -8.655474462536e-15 
   67       2.674007236528e-10       3.631244492805e-14      -6.658008205029e-13       0.000000000000e+00       1.813933171202e-11       4.259455373594e-12      -8.685168869796e-15 
   68       2.709405004720e-10       3.789212218824e-14      -7.224714862739e-13       0.000000000000e+00       1.750050750783e-11       4.148659518435e-12      -8.706901441094e-15 
   69       2.745092162906e-10       3.950151989194e-14      -7.807498679493e-13       0.000000000000e+00       1.688892479145e-11       4.041992743560e-12      -8.722877446650e-15 
   70       2.781081945609e-10       4.114003358299e-14      -8.406239599363e-13       0.000000000000e+00       1.630468727036e-11       3.939482838598e-12      -8.732402959351e-15 
   71       2.817382707506e-10       4.280703191226e-14      -9.020813351780e-13       0.000000000000e+00       1.574742182252e-11       3.841074381163e-12      -8.734706642591e-15 
   72       2.853997600377e-10       4.450185703628e-14      -9.651092045876e-13       0.000000000000e+00       1.521625394636e-11       3.746624384760e-12      -8.728936639406e-15 
   73       2.890924250046e-10       4.622382501576e-14      -1.029694476483e-12       0.000000000000e+00       1.470978321068e-11       3.655897946688e-12      -8.714157461614e-15 
   74       2.928154433332e-10       4.797222621414e-14      -1.095823816018e-12       0.000000000000e+00       1.422605870462e-11       3.568563895950e-12      -8.689346878955e-15 
   75       2.965673754993e-10       4.974632569617e-14      -1.163483704622e-12       0.000000000000e+00       1.376255448758e-11       3.484190441158e-12      -8.653392808225e-15 
   76       3.003467845683e-10       5.154528159671e-14      -1.232655884577e-12       0.000000000000e+00       1.331678995848e-11       3.402357198903e-12      -8.605488185286e-15 
   77       3.041542974770e-10       5.336788216072e-14      -1.303302602354e-12       0.000000000000e+00       1.288837583615e-11       3.323024484212e-12      -8.546405588655e-15 
   78       3.079908626907e-10       5.521276125253e-14      -1.375378769804e-12       0.000000000000e+00       1.247729840424e-11       3.246223767986e-12      -8.477450477755e-15 
   79       3.118571128209e-10       5.707847486885e-14      -1.448836305665e-12       0.000000000000e+00       1.208329654830e-11       3.171945336874e-12      -8.400088798566e-15 
   80       3.157533456919e-10       5.896349985516e-14      -1.523624100354e-12       0.000000000000e+00       1.170585043035e-11       3.100136327658e-12      -8.315952033723e-15 
   81       3.196795054076e-10       6.086623262223e-14      -1.599687980778e-12       0.000000000000e+00       1.134417016338e-11       3.030698761634e-12      -8.226842252620e-15 
   82       3.236351634175e-10       6.278498786260e-14      -1.676970675135e-12       0.000000000000e+00       1.099718448587e-11       2.963487578995e-12      -8.134737161505e-15 
   83       3.276194995836e-10       6.471799726697e-14      -1.755411777713e-12       0.000000000000e+00       1.066352943638e-11       2.898308673210e-12      -8.041795153583e-15 
   84       3.316316985848e-10       6.666348804103e-14      -1.834950977539e-12       0.000000000000e+00       1.034187628055e-11       2.834972472543e-12      -7.950007376793e-15 
   85       3.356722561103e-10       6.861993622273e-14      -1.915538436384e-12       0.000000000000e+00       1.003200256270e-11       2.773469196255e-12      -7.860076602214e-15 
   86       3.397418554987e-10       7.058585320159e-14      -1.997126074676e-12       0.000000000000e+00       9.733878672826e-12       2.713819183391e-12      -7.772360890740e-15 
   87       3.438409598754e-10       7.255970970900e-14      -2.079664479997e-12       0.000000000000e+00       9.447338840054e-12       2.656018912011e-12      -7.687209180972e-15 
   88       3.479698002003e-10       7.453993587591e-14      -2.163102926737e-12       0.000000000000e+00       9.172075508946e-12       2.600039967138e-12      -7.604960406835e-15 
   89       3.521283633141e-10       7.652492129044e-14      -2.247389395752e-12       0.000000000000e+00       8.907633715733e-12       2.545828008709e-12      -7.525942615208e-15 
   90       3.563163799855e-10       7.851301505555e-14      -2.332470594022e-12       0.000000000000e+00       8.653405464580e-12       2.493301739515e-12      -7.450472083544e-15 
   91       3.605333129583e-10       8.050252584669e-14      -2.418291974310e-12       0.000000000000e+00       8.408624103833e-12       2.442351873153e-12      -7.378852437493e-15 
   92       3.647783449981e-10       8.249172196944e-14      -2.504797754815e-12       0.000000000000e+00       8.172358702278e-12       2.392840101975e-12      -7.311373768529e-15 
   93       3.690506634520e-10       8.447885019550e-14      -2.591930501981e-12       0.000000000000e+00       7.943732917603e-12       2.344634585624e-12      -7.248203019996e-15 
   94       3.733503888446e-10       8.646219538605e-14      -2.679629764439e-12       0.000000000000e+00       7.722631471579e-12       2.297724763899e-12      -7.189038203508e-15 
   95       3.776777644927e-10       8.844002998404e-14      -2.767833268995e-12       0.000000000000e+00       7.509090025462e-12       2.252121983940e-12      -7.133400303263e-15 
   96       3.820328646597e-10       9.041059634609e-14      -2.856477352660e-12       0.000000000000e+00       7.303077647104e-12       2.207823994606e-12      -7.080735030692e-15 
   97       3.864155866730e-10       9.237210705788e-14      -2.945496976300e-12       0.000000000000e+00       7.104494268778e-12       2.164814415734e-12      -7.030410449552e-15 
   98       3.908256430408e-10       9.432274524956e-14      -3.034825738306e-12       0.000000000000e+00       6.913168145003e-12       2.123062207395e-12      -6.981714601001e-15 
   99       3.952625535694e-10       9.626066491119e-14      -3.124395888251e-12       0.000000000000e+00       6.728853310362e-12       2.082521139159e-12      -6.933853128687e-15 
  100       3.997256374805e-10       9.818399120813e-14      -3.214138340548e-12       0.000000000000e+00       6.551227037327e-12       2.043129259347e-12      -6.885946903825e-15 
  101       4.042140055280e-10       1.000908207965e-13      -3.303982688117e-12       0.000000000000e+00       6.379887294084e-12       2.004808364298e-12      -6.837029650288e-15 
  102       4.087265521156e-10       1.019792221384e-13      -3.393857216038e-12       0.000000000000e+00       6.214350202349e-12       1.967463467623e-12      -6.786045569681e-15 
  103       4.132619474134e-10       1.038472358178e-13      -3.483688915219e-12       0.000000000000e+00       6.054047495198e-12       1.930982269465e-12      -6.731846966434e-15 
  104       4.178189271100e-10       1.056929262478e-13      -3.573404615833e-12       0.000000000000e+00       5.898454343184e-12       1.895262741100e-12      -6.673472191460e-15 
  105       4.223972232220e-10       1.075145440700e-13      -3.662934532599e-12       0.000000000000e+00       5.747497973728e-12       1.860301265647e-12      -6.611027348932e-15 
  106       4.269967449129e-10       1.093103863834e-13      -3.752209226113e-12       0.000000000000e+00       5.601199767871e-12       1.826115469859e-12      -6.544919822191e-15 
  107       4.316172875299e-10       1.110787481803e-13      -3.841158551489e-12       0.000000000000e+00       5.459548724952e-12       1.792716952913e-12      -6.475589288133e-15 
  108       4.362585279922e-10       1.128179232267e-13      -3.929711684324e-12       0.000000000000e+00       5.322500353051e-12       1.760111064628e-12      -6.403508422713e-15 
  109       4.409200201784e-10       1.145262049422e-13      -4.017797146664e-12       0.000000000000e+00       5.189975559426e-12       1.728296683687e-12      -6.329183606455e-15 
  110       4.456011903150e-10       1.162018872807e-13      -4.105342832967e-12       0.000000000000e+00       5.061859540959e-12       1.697265995851e-12      -6.253155629960e-15 
  111       4.503013323637e-10       1.178432656099e-13      -4.192276036076e-12       0.000000000000e+00       4.938000674594e-12       1.667004272185e-12      -6.176000399411e-15 
  112       4.550196034093e-10       1.194486375919e-13      -4.278523473175e-12       0.000000000000e+00       4.818209407777e-12       1.637489647271e-12      -6.098329642078e-15 
  113       4.597550190478e-10       1.210163040631e-13      -4.364011311766e-12       0.000000000000e+00       4.702257148903e-12       1.608692897429e-12      -6.020791611833e-15 
  114       4.645064487744e-10       1.225445699148e-13      -4.448665195625e-12       0.000000000000e+00       4.589875157751e-12       1.580577218937e-12      -5.944071794646e-15 
  115       4.692726113706e-10       1.240317449728e-13      -4.532410270774e-12       0.000000000000e+00       4.480753435929e-12       1.553098006249e-12      -5.868893614103e-15 
  116       4.740522583615e-10       1.254761907024e-13      -4.615171801316e-12       0.000000000000e+00       4.374608201778e-12       1.526214265961e-12      -5.795881897964e-15 
  117       4.788447595499e-10       1.268764648818e-13      -4.696877046364e-12       0.000000000000e+00       4.271395994135e-12       1.499924907191e-12      -5.725132937335e-15 
  118       4.836495803419e-10       1.282311962531e-13      -4.777453661135e-12       0.000000000000e+00       4.171123637129e-12       1.474236467495e-12      -5.656593236319e-15 
  119       4.884660971317e-10       1.295390415427e-13      -4.856829158339e-12       0.000000000000e+00       4.073781487231e-12       1.449151754301e-12      -5.590191571328e-15 
  120       4.932935943516e-10       1.307986867469e-13      -4.934930939361e-12       0.000000000000e+00       3.979342930098e-12       1.424669726015e-12      -5.525838483162e-15 
  121       4.981312615232e-10       1.320088484170e-13      -5.011686325442e-12       0.000000000000e+00       3.887763877417e-12       1.400785373113e-12      -5.463425769083e-15 
  122       5.029781903079e-10       1.331682749450e-13      -5.087022588861e-12       0.000000000000e+00       3.798982263757e-12       1.377489599250e-12      -5.402825974895e-15 
  123       5.078333715575e-10       1.342757478486e-13      -5.160866984116e-12       0.000000000000e+00       3.712917543411e-12       1.354769102349e-12      -5.343891887020e-15 
  124       5.126956923652e-10       1.353300830566e-13      -5.233146779105e-12       0.000000000000e+00       3.629470187247e-12       1.332606255708e-12      -5.286456024573e-15 
  125       5.175639331162e-10       1.363301321945e-13      -5.303789286309e-12       0.000000000000e+00       3.548521179552e-12       1.310978989094e-12      -5.230330131443e-15 
  126       5.224367645381e-10       1.372747838695e-13      -5.372721893970e-12       0.000000000000e+00       3.469931514878e-12       1.289860669844e-12      -5.175304668368e-15 
  127       5.273127447520e-10       1.381629649558e-13      -5.439872097278e-12       0.000000000000e+00       3.393541694894e-12       1.269219983968e-12      -5.121148305011e-15 
  128       5.321903163230e-10       1.389936418804e-13      -5.505167529546e-12       0.000000000000e+00       3.319171225224e-12       1.249020817240e-12      -5.067607412037e-15 
  129       5.370679766704e-10       1.397658632270e-13      -5.568536784015e-12       0.000000000000e+00       3.246657148849e-12       1.229230189023e-12      -5.014444690312e-15 
  130       5.419448166985e-10       1.404788901038e-13      -5.629911914947e-12       0.000000000000e+00       3.175975494324e-12       1.209843290301e-12      -4.961560928545e-15 
  131       5.468200359554e-10       1.411320825733e-13      -5.689226271107e-12       0.000000000000e+00       3.107132261742e-12       1.190860980439e-12      -4.908885704917e-15 
  132       5.516927728788e-10       1.417248611799e-13      -5.746413766215e-12       0.000000000000e+00       3.040125358831e-12       1.172281919995e-12      -4.856339221636e-15 
  133       5.565621030870e-10       1.422567085315e-13      -5.801408915788e-12       0.000000000000e+00       2.974944377136e-12       1.154102509447e-12      -4.803832077075e-15 
  134       5.614270376701e-10       1.427271708804e-13      -5.854146873971e-12       0.000000000000e+00       2.911570368193e-12       1.136316827914e-12      -4.751265037889e-15 
  135       5.662865214810e-10       1.431358597041e-13      -5.904563470385e-12       0.000000000000e+00       2.849975619713e-12       1.118916571873e-12      -4.698528811150e-15 
  136       5.711394314269e-10       1.434824532865e-13      -5.952595246961e-12       0.000000000000e+00       2.790123431753e-12       1.101890993887e-12      -4.645503816473e-15 
  137       5.759845747606e-10       1.437666982986e-13      -5.998179494779e-12       0.000000000000e+00       2.731967892898e-12       1.085226841322e-12      -4.592059958146e-15 
  138       5.808206873712e-10       1.439884113799e-13      -6.041254290906e-12       0.000000000000e+00       2.675453656441e-12       1.068908295068e-12      -4.538056397252e-15 
  139       5.856464320759e-10       1.441474807192e-13      -6.081758535238e-12       0.000000000000e+00       2.620515716555e-12       1.052916908265e-12      -4.483341323804e-15 
  140       5.904603969105e-10       1.442438676355e-13      -6.119631987335e-12       0.000000000000e+00       2.567079184477e-12       1.037231545021e-12      -4.427751728869e-15 
  141       5.952610934214e-10       1.442776081592e-13      -6.154815303264e-12       0.000000000000e+00       2.515059064683e-12       1.021828319133e-12      -4.371113176698e-15 
  142       6.000469549563e-10       1.442488146130e-13      -6.187250072432e-12       0.000000000000e+00       2.464360031067e-12       1.006680532811e-12      -4.313239576851e-15 
  143       6.048163349553e-10       1.441576771928e-13      -6.216878854431e-12       0.000000000000e+00       2.414876203118e-12       9.917586153977e-13      -4.253932956328e-15 
  144       6.095676456857e-10       1.440044820401e-13      -6.243645685139e-12       0.000000000000e+00       2.366513215998e-12       9.770371366680e-13      -4.193041481085e-15 
  145       6.142997934672e-10       1.437896641288e-13      -6.267497573497e-12       0.000000000000e+00       2.319257355520e-12       9.625167553420e-13      -4.130640448471e-15 
  146       6.190117833051e-10       1.435137626221e-13      -6.288383223014e-12       0.000000000000e+00       2.273112845207e-12       9.482043279866e-13      -4.066868788118e-15 
  147       6.237025814065e-10       1.431774065101e-13      -6.306252614930e-12       0.000000000000e+00       2.228080069565e-12       9.341060083024e-13      -4.001872520743e-15 
  148       6.283711142788e-10       1.427813162858e-13      -6.321057047758e-12       0.000000000000e+00       2.184155478387e-12       9.202272265030e-13      -3.935804865044e-15 
  149       6.330162678278e-10       1.423263056208e-13      -6.332749176818e-12       0.000000000000e+00       2.141331491062e-12       9.065726686955e-13      -3.868826344593e-15 
  150       6.376368864562e-10       1.418132830410e-13      -6.341283053769e-12       0.000000000000e+00       2.099596400870e-12       8.931462562604e-13      -3.801104894736e-15 
  151       6.422317721617e-10       1.412432536027e-13      -6.346614166152e-12       0.000000000000e+00       2.058934279293e-12       8.799511252313e-13      -3.732815969480e-15 
  152       6.467996836358e-10       1.406173205678e-13      -6.348699476918e-12       0.000000000000e+00       2.019324880317e-12       8.669896056752e-13      -3.664142648394e-15 
  153       6.513393353618e-10       1.399366870801e-13      -6.347497463969e-12       0.000000000000e+00       1.980743544733e-12       8.542632010726e-13      -3.595275743499e-15 
  154       6.558493967130e-10       1.392026578409e-13      -6.342968159691e-12       0.000000000000e+00       1.943161104446e-12       8.417725676970e-13      -3.526413906166e-15 
  155       6.603284910517e-10       1.384166407847e-13      -6.335073190492e-12       0.000000000000e+00       1.906543786775e-12       8.295174939954e-13      -3.457763734008e-15 
  156       6.647751948267e-10       1.375801487550e-13      -6.323775816334e-12       0.000000000000e+00       1.870853118759e-12       8.174968799679e-13      -3.389539877777e-15 
  157       6.691880366723e-10       1.366948011802e-13      -6.309040970274e-12       0.000000000000e+00       1.836045831458e-12       8.057087165481e-13      -3.321965148255e-15 
  158       6.735654965064e-10       1.357623257492e-13      -6.290835297994e-12       0.000000000000e+00       1.802073764261e-12       7.941500649826e-13      -3.255270623152e-15 
  159       6.779060046288e-10       1.347845600872e-13      -6.269127197341e-12       0.000000000000e+00       1.768883769187e-12       7.828170362115e-13      -3.189695754001e-15 
  160       6.822079408197e-10       1.337634534319e-13      -6.243886857862e-12       0.000000000000e+00       1.736417615191e-12       7.717047702480e-13      -3.125488473049e-15 
  161       6.864697511529e-10       1.327010287730e-13      -6.215086151426e-12       0.000000000000e+00       1.704623853517e-12       7.608084974393e-13      -3.062853353224e-15 
  162       6.906903119381e-10       1.315992619936e-13      -6.182698210241e-12       0.000000000000e+00       1.673494793833e-12       7.501268710047e-13      -3.001790711821e-15 
  163       6.948685963897e-10       1.304601951942e-13      -6.146697886904e-12       0.000000000000e+00       1.643032630328e-12       7.396588911664e-13      -2.942243416375e-15 
  164       6.990035594493e-10       1.292859767491e-13      -6.107061938501e-12       0.000000000000e+00       1.613237734412e-12       7.294028342569e-13      -2.884147420834e-15 
  165       7.030941374253e-10       1.280788627997e-13      -6.063769065455e-12       0.000000000000e+00       1.584108614055e-12       7.193562370765e-13      -2.827431633447e-15 
  166       7.071392476334e-10       1.268412187492e-13      -6.016799950380e-12       0.000000000000e+00       1.555641873116e-12       7.095158812506e-13      -2.772017784659e-15 
  167       7.111377880359e-10       1.255755207559e-13      -5.966137296927e-12       0.000000000000e+00       1.527832170684e-12       6.998777775877e-13      -2.717820295005e-15 
  168       7.150886368824e-10       1.242843572273e-13      -5.911765868638e-12       0.000000000000e+00       1.500672180410e-12       6.904371504366e-13      -2.664746143001e-15 
  169       7.189906523488e-10       1.229704303138e-13      -5.853672527795e-12       0.000000000000e+00       1.474152549843e-12       6.811884220444e-13      -2.612694733042e-15 
  170       7.228426721780e-10       1.216365574027e-13      -5.791846274271e-12       0.000000000000e+00       1.448261859765e-12       6.721251969136e-13      -2.561557763290e-15 
  171       7.266435133197e-10       1.202856726123e-13      -5.726278284382e-12       0.000000000000e+00       1.422986583527e-12       6.632402461602e-13      -2.511219093568e-15 
  172       7.303919715699e-10       1.189208282854e-13      -5.656961949734e-12       0.000000000000e+00       1.398311046383e-12       6.545254918710e-13      -2.461554613258e-15 
  173       7.340868212114e-10       1.175451964832e-13      -5.583892916078e-12       0.000000000000e+00       1.374217384826e-12       6.459719914612e-13      -2.412432109190e-15 
  174       7.377268146535e-10       1.161620704796e-13      -5.507069122158e-12       0.000000000000e+00       1.350685505925e-12       6.375699220320e-13      -2.363711133534e-15 
  175       7.413106820717e-10       1.147748662546e-13      -5.426490838560e-12       0.000000000000e+00       1.327693046654e-12       6.293085647282e-13      -2.315242871699e-15 
  176       7.448371310482e-10       1.133871239885e-13      -5.342160706568e-12       0.000000000000e+00       1.305215333236e-12       6.211762890960e-13      -2.266870010221e-15 
  177       7.483048462112e-10       1.120025095554e-13      -5.254083777009e-12       0.000000000000e+00       1.283225340470e-12       6.131605374401e-13      -2.218426604659e-15 
  178       7.517124888753e-10       1.106248160177e-13      -5.162267549106e-12       0.000000000000e+00       1.261693651073e-12       6.052478091818e-13      -2.169737947487e-15 
  179       7.550586966814e-10       1.092579651192e-13      -5.066722009329e-12       0.000000000000e+00       1.240588415009e-12       5.974236452164e-13      -2.120620435988e-15 
  180       7.583421773652e-10       1.079058762812e-13      -4.967458392617e-12       0.000000000000e+00       1.219881698134e-12       5.896757973256e-13      -2.070922364885e-15 
  181       7.615619991506e-10       1.065720588221e-13      -4.864485274775e-12       0.000000000000e+00       1.199569177371e-12       5.820040508163e-13      -2.020650206198e-15 
  182       7.647173228020e-10       1.052599901174e-13      -4.757812243350e-12       0.000000000000e+00       1.179651936624e-12       5.744111544454e-13      -1.969852136830e-15 
  183       7.678073095557e-10       1.039732461835e-13      -4.647451181250e-12       0.000000000000e+00       1.160130201150e-12       5.668997016458e-13      -1.918578034357e-15 
  184       7.708311211074e-10       1.027155026838e-13      -4.533416300887e-12       0.000000000000e+00       1.141003320422e-12       5.594721266156e-13      -1.866879495663e-15 
  185       7.737879195981e-10       1.014905359346e-13      -4.415724178322e-12       0.000000000000e+00       1.122269751006e-12       5.521307004070e-13      -1.814809855562e-15 
  186       7.766768676011e-10       1.003022239109e-13      -4.294393787412e-12       0.000000000000e+00       1.103927039423e-12       5.448775270150e-13      -1.762424205430e-15 
  187       7.794971281088e-10       9.915454725209e-14      -4.169446533950e-12       0.000000000000e+00       1.085971805021e-12       5.377145394664e-13      -1.709779411836e-15 
  188       7.822478645190e-10       9.805159026812e-14      -4.040906289815e-12       0.000000000000e+00       1.068399722842e-12       5.306434959090e-13      -1.656934135168e-15 
  189       7.849282406215e-10       9.699754194513e-14      -3.908799427113e-12       0.000000000000e+00       1.051205506492e-12       5.236659757001e-13      -1.603948848264e-15 
  190       7.875374205851e-10       9.599669695136e-14      -3.773154852324e-12       0.000000000000e+00       1.034382891007e-12       5.167833754956e-13      -1.550885855037e-15 
  191       7.900745689442e-10       9.505345664302e-14      -3.634004040446e-12       0.000000000000e+00       1.017924615723e-12       5.099969053390e-13      -1.497809309111e-15 
  192       7.925388505849e-10       9.417233007013e-14      -3.491381069140e-12       0.000000000000e+00       1.001822407148e-12       5.033075847502e-13      -1.444785232443e-15 
  193       7.949294307323e-10       9.335793498237e-14      -3.345322652873e-12       0.000000000000e+00       9.860669618225e-13       4.967162388143e-13      -1.391881533957e-15 
  194       7.972454749368e-10       9.261499883495e-14      -3.195868177067e-12       0.000000000000e+00       9.706479291962e-13       4.902234942710e-13      -1.339168028169e-15 
  195       7.994861490607e-10       9.194835979445e-14      -3.043059732239e-12       0.000000000000e+00       9.555538944919e-13       4.838297756028e-13      -1.286716453819e-15 
  196       8.016506192652e-10       9.136296774467e-14      -2.886942148150e-12       0.000000000000e+00       9.407723615751e-13       4.775353011245e-13      -1.234600492499e-15 
  197       8.037380519963e-10       9.086388529251e-14      -2.727563027944e-12       0.000000000000e+00       9.262897358233e-13       4.713400790719e-13      -1.182895787281e-15 
  198       8.057476139725e-10       9.045628877380e-14      -2.564972782302e-12       0.000000000000e+00       9.120913069933e-13       4.652439036906e-13      -1.131679961347e-15 
  199       8.076784721703e-10       9.014546925915e-14      -2.399224663576e-12       0.000000000000e+00       8.981612320911e-13       4.592463513251e-13      -1.081032636619e-15 
  200       8.095297938118e-10       8.993683355983e-14      -2.230374799942e-12       0.000000000000e+00       8.844825182392e-13       4.533467765077e-13      -1.031035452384e-15 
  201       8.113008086774e-10       8.983565894515e-14      -2.058479299329e-12       0.000000000000e+00       8.710403349828e-13       4.475444621354e-13      -9.817567364219e-16 
  202       8.129910010346e-10       8.984633567789e-14      -1.883585259681e-12       0.000000000000e+00       8.578322504983e-13       4.418390900888e-13      -9.332042594117e-16 
  203       8.145999314091e-10       8.997307224913e-14      -1.705739181645e-12       0.000000000000e+00       8.448586943815e-13       4.362302967266e-13      -8.853691377164e-16 
  204       8.161271756604e-10       9.022013707980e-14      -1.524989866395e-12       0.000000000000e+00       8.321196866851e-13       4.307175183858e-13      -8.382408510015e-16 
  205       8.175723251522e-10       9.059185879859e-14      -1.341388441113e-12       0.000000000000e+00       8.196148306277e-13       4.252999879259e-13      -7.918072155052e-16 
  206       8.189349869240e-10       9.109262651992e-14      -1.154988384471e-12       0.000000000000e+00       8.073433053023e-13       4.199767312728e-13      -7.460543573074e-16 
  207       8.202147838610e-10       9.172689012187e-14      -9.658455521215e-13       0.000000000000e+00       7.953038583851e-13       4.147465639641e-13      -7.009666855984e-16 
  208       8.214113548656e-10       9.249916052413e-14      -7.740182021769e-13       0.000000000000e+00       7.834947988444e-13       4.096080876923e-13      -6.565268659488e-16 
  209       8.225243550282e-10       9.341400996593e-14      -5.795670206960e-13       0.000000000000e+00       7.719139896490e-13       4.045596868500e-13      -6.127157935778e-16 
  210       8.235534557978e-10       9.447607228401e-14      -3.825551471683e-13       0.000000000000e+00       7.605588404775e-13       3.995995250738e-13      -5.695125666228e-16 
  211       8.244983451528e-10       9.569004319054e-14      -1.830481999984e-13       0.000000000000e+00       7.494263004268e-13       3.947255417888e-13      -5.268944594084e-16 
  212       8.253587277722e-10       9.706068055108e-14       1.888569800938e-14       0.000000000000e+00       7.385128507207e-13       3.899354487526e-13      -4.848368957154e-16 
  213       8.261343252062e-10       9.859280466250e-14       2.231758941668e-13       0.000000000000e+00       7.278144974190e-13       3.852267266000e-13      -4.433134220503e-16 
  214       8.268248760471e-10       1.002912985310e-13       4.297491804170e-13       0.000000000000e+00       7.173267641258e-13       3.805966213874e-13      -4.022956809138e-16 
  215       8.274301361001e-10       1.021611081498e-13       6.385297678499e-13       0.000000000000e+00       7.070446846988e-13       3.760421411366e-13      -3.617533840705e-16 
  216       8.279498785542e-10       1.042072427776e-13       8.494392612181e-13       0.000000000000e+00       6.969627959578e-13       3.715600523796e-13      -3.216542858176e-16 
  217       8.283838941531e-10       1.064347752160e-13       1.062396633452e-12       0.000000000000e+00       6.870751303935e-13       3.671468767027e-13      -2.819641562544e-16 
  218       8.287319913658e-10       1.088488420876e-13       1.277318200176e-12       0.000000000000e+00       6.773752088760e-13       3.627988872911e-13      -2.426467545511e-16 
  219       8.289939965578e-10       1.114546441140e-13       1.494117594222e-12       0.000000000000e+00       6.678560333640e-13       3.585121054727e-13      -2.036638022179e-16 
  220       8.291697541617e-10       1.142574463939e-13       1.712705740148e-12       0.000000000000e+00       6.585100796134e-13       3.542822972630e-13      -1.649749563744e-16 
  221       8.292591268482e-10       1.172625786808e-13       1.932990828753e-12       0.000000000000e+00       6.493292898860e-13       3.501049699090e-13      -1.265377830186e-16 
  222       8.292619956966e-10       1.204754356609e-13       2.154878291587e-12       0.000000000000e+00       6.403050656582e-13       3.459753684339e-13      -8.830773029577e-17 
  223       8.291782603662e-10       1.239014772312e-13       2.378270775477e-12       0.000000000000e+00       6.314282603300e-13       3.418884721811e-13      -5.023810176795e-17 
  224       8.290078649430e-10       1.275458783199e-13       2.603073147513e-12       0.000000000000e+00       6.226909403905e-13       3.378400092030e-13      -1.229080994026e-17 
  225       8.287508769733e-10       1.314124527585e-13       2.829207920338e-12       0.000000000000e+00       6.140918098163e-13       3.338295790424e-13       2.553053967921e-17 
  226       8.284074138431e-10       1.355046607502e-13       3.056600769410e-12       0.000000000000e+00       6.056311203607e-13       3.298577240638e-13       6.321165700016e-17 
  227       8.279776177888e-10       1.398259525543e-13       3.285175578251e-12       0.000000000000e+00       5.973089313859e-13       3.259249286320e-13       1.007381574499e-16 
  228       8.274616561299e-10       1.443797679300e-13       3.514854424938e-12       0.000000000000e+00       5.891251067815e-13       3.220316180793e-13       1.380955630368e-16 
  229       8.268597215004e-10       1.491695355800e-13       3.745557568595e-12       0.000000000000e+00       5.810793118845e-13       3.181781576737e-13       1.752693034142e-16 
  230       8.261720320810e-10       1.541986725934e-13       3.977203435886e-12       0.000000000000e+00       5.731710103985e-13       3.143648515862e-13       2.122447169437e-16 
  231       8.253988318310e-10       1.594705838901e-13       4.209708607507e-12       0.000000000000e+00       5.653994613129e-13       3.105919418590e-13       2.490070517590e-16 
  232       8.245403907203e-10       1.649886616636e-13       4.442987804682e-12       0.000000000000e+00       5.577637158226e-13       3.068596073733e-13       2.855414668293e-16 
  233       8.235970049616e-10       1.707562848251e-13       4.676953875653e-12       0.000000000000e+00       5.502626142470e-13       3.031679628164e-13       3.218330330232e-16 
  234       8.225689972420e-10       1.767768184464e-13       4.911517782174e-12       0.000000000000e+00       5.428947829499e-13       2.995170576503e-13       3.578667341720e-16 
  235       8.214567169552e-10       1.830536132040e-13       5.146588586002e-12       0.000000000000e+00       5.356586312581e-13       2.959068750790e-13       3.936274681333e-16 
  236       8.202605404335e-10       1.895900048221e-13       5.382073435394e-12       0.000000000000e+00       5.285523483815e-13       2.923373310163e-13       4.291000478548e-16 
  237       8.189808711798e-10       1.963893135167e-13       5.617877551595e-12       0.000000000000e+00       5.215739003323e-13       2.888082730535e-13       4.642692024380e-16 
  238       8.176181400993e-10       2.034548434386e-13       5.853904215334e-12       0.000000000000e+00       5.147210268442e-13       2.853194794277e-13       4.991195782014e-16 
  239       8.161728057318e-10       2.107898821173e-13       6.090054753317e-12       0.000000000000e+00       5.079912382916e-13       2.818706579887e-13       5.336357397445e-16 
  240       8.146453544836e-10       2.183976999041e-13       6.326228524715e-12       0.000000000000e+00       5.013818126095e-13       2.784614451674e-13       5.678021710111e-16 
  241       8.130363008594e-10       2.262815494161e-13       6.562322907666e-12       0.000000000000e+00       4.948897922126e-13       2.750914049435e-13       6.016032763531e-16 
  242       8.113461876944e-10       2.344446649793e-13       6.798233285759e-12       0.000000000000e+00       4.885119809146e-13       2.717600278129e-13       6.350233815941e-16 
  243       8.095755863861e-10       2.428902620726e-13       7.033853034531e-12       0.000000000000e+00       4.822449408478e-13       2.684667297559e-13       6.680467350929e-16 
  244       8.077250971265e-10       2.516215367708e-13       7.269073507960e-12       0.000000000000e+00       4.760849893820e-13       2.652108512048e-13       7.006575088071e-16 
  245       8.057953491337e-10       2.606416651883e-13       7.503784024955e-12       0.000000000000e+00       4.700281960446e-13       2.619916560114e-13       7.328397993568e-16 
  246       8.037870008846e-10       2.699538029229e-13       7.737871855854e-12       0.000000000000e+00       4.640703794394e-13       2.588083304153e-13       7.645776290883e-16 
  247       8.017007403461e-10       2.795610844990e-13       7.971222208911e-12       0.000000000000e+00       4.582071041661e-13       2.556599820111e-13       7.958549471373e-16 
  248       7.995372852074e-10       2.894666228111e-13       8.203718216793e-12       0.000000000000e+00       4.524336777399e-13       2.525456387167e-13       8.266556304929e-16 
  249       7.972973831122e-10       2.996735085676e-13       8.435240923072e-12       0.000000000000e+00       4.467451475106e-13       2.494642477405e-13       8.569634850612e-16 
  250       7.949817907150e-10       3.101844490292e-13       8.665676272562e-12       0.000000000000e+00       4.411372410142e-13       2.464149393920e-13       8.867653080939e-16 
  251       7.925912090332e-10       3.210006622524e-13       8.894936557604e-12       0.000000000000e+00       4.356092535680e-13       2.433978375252e-13       9.160602692757e-16 
  252       7.901263448141e-10       3.321229179388e-13       9.122940183470e-12       0.000000000000e+00       4.301613213703e-13       2.404132938707e-13       9.448510731990e-16 
  253       7.875879315646e-10       3.435518911565e-13       9.349604775801e-12       0.000000000000e+00       4.247934917962e-13       2.374616268796e-13       9.731409536057e-16 
  254       7.849767297434e-10       3.552881610944e-13       9.574847180488e-12       0.000000000000e+00       4.195057221214e-13       2.345431211979e-13       1.000933680306e-15 
  255       7.822935269519e-10       3.673322098153e-13       9.798583463562e-12       0.000000000000e+00       4.142978782460e-13       2.316580271408e-13       1.028233566094e-15 
  256       7.795391381257e-10       3.796844210102e-13       1.002072891108e-11       0.000000000000e+00       4.091697334173e-13       2.288065601665e-13       1.055045473669e-15 
  257       7.767144057265e-10       3.923450787516e-13       1.024119802901e-11       0.000000000000e+00       4.041209669542e-13       2.259889003511e-13       1.081374822553e-15 
  258       7.738201999330e-10       4.053143662474e-13       1.045990454312e-11       0.000000000000e+00       3.991511629701e-13       2.232051918624e-13       1.107227596004e-15 
  259       7.708574188330e-10       4.185923645947e-13       1.067676139887e-11       0.000000000000e+00       3.942598090968e-13       2.204555424341e-13       1.132610347941e-15 
  260       7.678269886145e-10       4.321790515335e-13       1.089168076128e-11       0.000000000000e+00       3.894462952082e-13       2.177400228402e-13       1.157530209857e-15 
  261       7.647298637571e-10       4.460743002002e-13       1.110457401484e-11       0.000000000000e+00       3.847099121431e-13       2.150586663693e-13       1.181994897739e-15 
  262       7.615670272238e-10       4.602778778816e-13       1.131535176338e-11       0.000000000000e+00       3.800498504296e-13       2.124114682987e-13       1.206012718986e-15 
  263       7.583394906525e-10       4.747894447686e-13       1.152392382997e-11       0.000000000000e+00       3.754651990084e-13       2.097983853687e-13       1.229592579326e-15 
  264       7.550482945470e-10       4.896085527096e-13       1.173019925678e-11       0.000000000000e+00       3.709549439558e-13       2.072193352567e-13       1.252743989737e-15 
  265       7.516945084690e-10       5.047346439648e-13       1.193408630501e-11       0.000000000000e+00       3.665179672082e-13       2.046741960516e-13       1.275477073358e-15 
  266       7.482792312295e-10       5.201670499594e-13       1.213549245473e-11       0.000000000000e+00       3.621530452849e-13       2.021628057280e-13       1.297802572416e-15 
  267       7.448035910799e-10       5.359049900376e-13       1.233432440481e-11       0.000000000000e+00       3.578588480119e-13       1.996849616205e-13       1.319731855139e-15 
  268       7.412687459041e-10       5.519475702163e-13       1.253048807278e-11       0.000000000000e+00       3.536339372455e-13       1.972404198976e-13       1.341276922672e-15 
  269       7.376758834094e-10       5.682937819386e-13       1.272388859471e-11       0.000000000000e+00       3.494767655956e-13       1.948288950365e-13       1.362450416002e-15 
  270       7.340262213183e-10       5.849425008279e-13       1.291443032511e-11       0.000000000000e+00       3.453856751499e-13       1.924500592967e-13       1.383265622867e-15 
  271       7.303210075601e-10       6.018924854415e-13       1.310201683684e-11       0.000000000000e+00       3.413588961965e-13       1.901035421949e-13       1.403736484683e-15 
  272       7.265615204620e-10       6.191423760239e-13       1.328655092095e-11       0.000000000000e+00       3.373945459482e-13       1.877889299787e-13       1.423877603455e-15 
  273       7.227490689409e-10       6.366906932614e-13       1.346793458660e-11       0.000000000000e+00       3.334906272658e-13       1.855057651009e-13       1.443704248698e-15 
  274       7.188849926948e-10       6.545358370349e-13       1.364606906091e-11       0.000000000000e+00       3.296450273815e-13       1.832535456942e-13       1.463232364357e-15 
  275       7.149706623942e-10       6.726760851743e-13       1.382085478892e-11       0.000000000000e+00       3.258555166227e-13       1.810317250449e-13       1.482478575721e-15 
  276       7.110074798737e-10       6.911095922118e-13       1.399219143338e-11       0.000000000000e+00       3.221197471354e-13       1.788397110673e-13       1.501460196341e-15 
  277       7.069968783235e-10       7.098343881358e-13       1.415997787472e-11       0.000000000000e+00       3.184352516077e-13       1.766768657780e-13       1.520195234954e-15 
  278       7.029403224807e-10       7.288483771448e-13       1.432411221089e-11       0.000000000000e+00       3.147994419937e-13       1.745425047703e-13       1.538702402393e-15 
  279       6.988392367138e-10       7.481491874154e-13       1.448449940098e-11       0.000000000000e+00       3.112100971960e-13       1.724360245691e-13       1.556997261303e-15 
  280       6.946947847580e-10       7.677337143552e-13       1.464107463460e-11       0.000000000000e+00       3.076668567093e-13       1.703572930817e-13       1.575080440227e-15 
  281       6.905080789411e-10       7.875985512588e-13       1.479378117303e-11       0.000000000000e+00       3.041698018742e-13       1.683062783520e-13       1.592948822382e-15 
  282       6.862802513433e-10       8.077401346931e-13       1.494256282613e-11       0.000000000000e+00       3.007189733646e-13       1.662829221731e-13       1.610599348857e-15 
  283       6.820124538779e-10       8.281547430227e-13       1.508736396393e-11       0.000000000000e+00       2.973143706627e-13       1.642871397585e-13       1.628029019604e-15 
  284       6.777058583720e-10       8.488384949340e-13       1.522812952829e-11       0.000000000000e+00       2.939559515335e-13       1.623188194123e-13       1.645234894433e-15 
  285       6.733616566474e-10       8.697873479608e-13       1.536480504452e-11       0.000000000000e+00       2.906436314995e-13       1.603778222003e-13       1.662214094003e-15 
  286       6.689810606010e-10       8.909970970089e-13       1.549733663301e-11       0.000000000000e+00       2.873772833152e-13       1.584639816204e-13       1.678963800815e-15 
  287       6.645653022857e-10       9.124633728808e-13       1.562567102085e-11       0.000000000000e+00       2.841567364420e-13       1.565771032735e-13       1.695481260207e-15 
  288       6.601156339913e-10       9.341816408009e-13       1.574975555348e-11       0.000000000000e+00       2.809817765224e-13       1.547169645338e-13       1.711763781346e-15 
  289       6.556333283248e-10       9.561471989402e-13       1.586953820628e-11       0.000000000000e+00       2.778521448551e-13       1.528833142200e-13       1.727808738220e-15 
  290       6.511196782915e-10       9.783551769410e-13       1.598496759624e-11       0.000000000000e+00       2.747675378693e-13       1.510758722654e-13       1.743613570631e-15 
  291       6.465759973754e-10       1.000800534442e-12       1.609599299357e-11       0.000000000000e+00       2.717276065997e-13       1.492943293892e-13       1.759175785189e-15 
  292       6.420036196203e-10       1.023478059604e-12       1.620256433331e-11       0.000000000000e+00       2.687319561607e-13       1.475383467665e-13       1.774492956307e-15 
  293       6.374038997103e-10       1.046382367631e-12       1.630463222699e-11       0.000000000000e+00       2.657801452213e-13       1.458075556994e-13       1.789562727187e-15 
  294       6.327782130504e-10       1.069507899302e-12       1.640214797424e-11       0.000000000000e+00       2.628716854799e-13       1.441015572878e-13       1.804382810821e-15 
  295       6.281279558476e-10       1.092848919489e-12       1.649506357443e-11       0.000000000000e+00       2.600060411384e-13       1.424199220996e-13       1.818950990980e-15 
  296       6.234545451910e-10       1.116399515686e-12       1.658333173826e-11       0.000000000000e+00       2.571826283774e-13       1.407621898417e-13       1.833265123205e-15 
  297       6.187594191334e-10       1.140153596532e-12       1.666690589945e-11       0.000000000000e+00       2.544008148307e-13       1.391278690306e-13       1.847323135804e-15 
  298       6.140440367711e-10       1.164104890335e-12       1.674574022633e-11       0.000000000000e+00       2.516599190595e-13       1.375164366632e-13       1.861123030845e-15 
  299       6.093098783253e-10       1.188246943602e-12       1.681978963347e-11       0.000000000000e+00       2.489592100278e-13       1.359273378871e-13       1.874662885144e-15 
  300       6.045584452225e-10       1.212573119557e-12       1.688900979331e-11       0.000000000000e+00       2.462979065763e-13       1.343599856718e-13       1.887940851263e-15 
  301       5.997912601754e-10       1.237076596670e-12       1.695335714779e-11       0.000000000000e+00       2.436751768975e-13       1.328137604789e-13       1.900955158501e-15 
  302       5.950098672633e-10       1.261750367181e-12       1.701278891999e-11       0.000000000000e+00       2.410901380104e-13       1.312880099331e-13       1.913704113887e-15 
  303       5.902158320132e-10       1.286587235625e-12       1.706726312574e-11       0.000000000000e+00       2.385418552346e-13       1.297820484926e-13       1.926186103173e-15 
  304       5.854107414804e-10       1.311579817355e-12       1.711673858525e-11       0.000000000000e+00       2.360293416654e-13       1.282951571201e-13       1.938399591827e-15 
  305       5.805962043290e-10       1.336720537072e-12       1.716117493475e-11       0.000000000000e+00       2.335515576486e-13       1.268265829531e-13       1.950343126026e-15 
  306       5.757738509130e-10       1.362001627343e-12       1.720053263811e-11       0.000000000000e+00       2.311074102543e-13       1.253755389750e-13       1.962015333649e-15 
  307       5.709453333568e-10       1.387415127131e-12       1.723477299847e-11       0.000000000000e+00       2.286957527527e-13       1.239412036853e-13       1.973414925269e-15 
  308       5.661123256358e-10       1.412952880318e-12       1.726385816987e-11       0.000000000000e+00       2.263153840878e-13       1.225227207706e-13       1.984540695150e-15 
  309       5.612765236574e-10       1.438606534229e-12       1.728775116888e-11       0.000000000000e+00       2.239650483524e-13       1.211191987753e-13       1.995391522233e-15 
  310       5.564396453416e-10       1.464367538159e-12       1.730641588621e-11       0.000000000000e+00       2.216434342628e-13       1.197297107720e-13       2.005966371134e-15 
  311       5.516034307017e-10       1.490227141896e-12       1.731981709837e-11       0.000000000000e+00       2.193491746333e-13       1.183532940324e-13       2.016264293136e-15 
  312       5.467695297092e-10       1.516176784116e-12       1.732792536233e-11       0.000000000000e+00       2.170811020773e-13       1.169891369577e-13       2.026284351707e-15 
  313       5.419391599727e-10       1.542209280514e-12       1.733073192681e-11       0.000000000000e+00       2.148390303002e-13       1.156371501319e-13       2.036025393196e-15 
  314       5.371134333330e-10       1.568317687917e-12       1.732823453561e-11       0.000000000000e+00       2.126230080324e-13       1.142974211216e-13       2.045486267433e-15 
  315       5.322934665902e-10       1.594494918397e-12       1.732043262444e-11       0.000000000000e+00       2.104330658605e-13       1.129700295067e-13       2.054665903151e-15 
  316       5.274803814465e-10       1.620733738274e-12       1.730732733861e-11       0.000000000000e+00       2.082692160179e-13       1.116550467808e-13       2.063563308875e-15 
  317       5.226753044488e-10       1.647026767121e-12       1.728892155059e-11       0.000000000000e+00       2.061314521737e-13       1.103525362523e-13       2.072177573830e-15 
  318       5.178793669316e-10       1.673366476764e-12       1.726521987770e-11       0.000000000000e+00       2.040197492220e-13       1.090625529448e-13       2.080507868840e-15 
  319       5.130937049603e-10       1.699745190292e-12       1.723622869970e-11       0.000000000000e+00       2.019340630722e-13       1.077851434982e-13       2.088553447223e-15 
  320       5.083194592732e-10       1.726155081054e-12       1.720195617643e-11       0.000000000000e+00       1.998743304376e-13       1.065203460696e-13       2.096313645700e-15 
  321       5.035577752250e-10       1.752588171670e-12       1.716241226544e-11       0.000000000000e+00       1.978404686253e-13       1.052681902334e-13       2.103787885286e-15 
  322       4.988098027294e-10       1.779036333029e-12       1.711760873960e-11       0.000000000000e+00       1.958323753260e-13       1.040286968828e-13       2.110975672198e-15 
  323       4.940766962020e-10       1.805491283296e-12       1.706755920479e-11       0.000000000000e+00       1.938499284028e-13       1.028018781305e-13       2.117876598749e-15 
  324       4.893596145029e-10       1.831944586917e-12       1.701227911743e-11       0.000000000000e+00       1.918929856811e-13       1.015877372088e-13       2.124490344254e-15 
  325       4.846597208798e-10       1.858387653619e-12       1.695178580219e-11       0.000000000000e+00       1.899613847382e-13       1.003862683713e-13       2.130816675924e-15 
  326       4.799781829107e-10       1.884811737418e-12       1.688609846960e-11       0.000000000000e+00       1.880549426924e-13       9.919745679302e-14       2.136855449773e-15 
  327       4.753161724469e-10       1.911207935621e-12       1.681523823364e-11       0.000000000000e+00       1.861734559931e-13       9.802127847153e-14       2.142606611511e-15 
  328       4.706748655555e-10       1.937567187829e-12       1.673922812943e-11       0.000000000000e+00       1.843167002094e-13       9.685770012753e-14       2.148070197450e-15 
  329       4.660554424624e-10       1.963880274942e-12       1.665809313079e-11       0.000000000000e+00       1.824844298205e-13       9.570667910572e-14       2.153246335402e-15 
  330       4.614590874955e-10       1.990137818166e-12       1.657186016794e-11       0.000000000000e+00       1.806763780046e-13       9.456816327560e-14       2.158135245579e-15 
  331       4.568869890267e-10       2.016330278011e-12       1.648055814508e-11       0.000000000000e+00       1.788922564287e-13       9.344209093217e-14       2.162737241494e-15 
  332       4.523403394156e-10       2.042447953298e-12       1.638421795801e-11       0.000000000000e+00       1.771317550377e-13       9.232839069679e-14       2.167052730859e-15 
  333       4.478203349517e-10       2.068480980165e-12       1.628287251182e-11       0.000000000000e+00       1.753945418446e-13       9.122698141788e-14       2.171082216488e-15 
  334       4.433281757977e-10       2.094419331067e-12       1.617655673846e-11       0.000000000000e+00       1.736802627191e-13       9.013777207179e-14       2.174826297198e-15 
  335       4.388650659319e-10       2.120252813782e-12       1.606530761436e-11       0.000000000000e+00       1.719885411778e-13       8.906066166350e-14       2.178285668705e-15 
  336       4.344322130913e-10       2.145971070415e-12       1.594916417814e-11       0.000000000000e+00       1.703189781735e-13       8.799553912744e-14       2.181461124526e-15 
  337       4.300308287146e-10       2.171563576403e-12       1.582816754814e-11       0.000000000000e+00       1.686711518843e-13       8.694228322824e-14       2.184353556882e-15 
  338       4.256621278845e-10       2.197019639514e-12       1.570236094011e-11       0.000000000000e+00       1.670446175038e-13       8.590076246157e-14       2.186963957595e-15 
  339       4.213273292708e-10       2.222328398859e-12       1.557178968482e-11       0.000000000000e+00       1.654389070298e-13       8.487083495482e-14       2.189293418988e-15 
  340       4.170276550736e-10       2.247478823889e-12       1.543650124568e-11       0.000000000000e+00       1.638535290546e-13       8.385234836800e-14       2.191343134789e-15 
  341       4.127643309655e-10       2.272459713400e-12       1.529654523641e-11       0.000000000000e+00       1.622879685538e-13       8.284513979440e-14       2.193114401027e-15 
  342       4.085385860349e-10       2.297259694542e-12       1.515197343859e-11       0.000000000000e+00       1.607416866762e-13       8.184903566145e-14       2.194608616934e-15 
  343       4.043516527285e-10       2.321867221816e-12       1.500283981938e-11       0.000000000000e+00       1.592141205330e-13       8.086385163147e-14       2.195827285844e-15 
  344       4.002047667944e-10       2.346270576084e-12       1.484920054906e-11       0.000000000000e+00       1.577046829878e-13       7.988939250246e-14       2.196772016096e-15 
  345       3.960991672248e-10       2.370457863568e-12       1.469111401874e-11       0.000000000000e+00       1.562127624453e-13       7.892545210887e-14       2.197444521932e-15 
  346       3.920360961988e-10       2.394417014857e-12       1.452864085792e-11       0.000000000000e+00       1.547377226416e-13       7.797181322236e-14       2.197846624398e-15 
  347       3.880167990253e-10       2.418135783911e-12       1.436184395219e-11       0.000000000000e+00       1.532789024331e-13       7.702824745263e-14       2.197980252242e-15 
  348       3.840425240859e-10       2.441601747062e-12       1.419078846076e-11       0.000000000000e+00       1.518356155863e-13       7.609451514815e-14       2.197847442819e-15 
  349       3.801144224811e-10       2.464803341910e-12       1.401553928110e-11       0.000000000000e+00       1.504072768883e-13       7.517041387487e-14       2.197450310984e-15 
  350       3.762332424856e-10       2.487733033664e-12       1.383615329011e-11       0.000000000000e+00       1.489937866901e-13       7.425592627778e-14       2.196790952524e-15 
  351       3.723996222898e-10       2.510384278370e-12       1.365268681514e-11       0.000000000000e+00       1.475951619240e-13       7.335107816681e-14       2.195871538481e-15 
  352       3.686141889955e-10       2.532750494917e-12       1.346519817309e-11       0.000000000000e+00       1.462114111377e-13       7.245589044181e-14       2.194694347654e-15 
  353       3.648775584605e-10       2.554825065059e-12       1.327374768550e-11       0.000000000000e+00       1.448425344079e-13       7.157037904107e-14       2.193261767473e-15 
  354       3.611903351429e-10       2.576601333447e-12       1.307839769371e-11       0.000000000000e+00       1.434885232537e-13       7.069455488977e-14       2.191576294864e-15 
  355       3.575531119454e-10       2.598072607647e-12       1.287921257394e-11       0.000000000000e+00       1.421493605503e-13       6.982842384855e-14       2.189640537119e-15 
  356       3.539664700594e-10       2.619232158170e-12       1.267625875244e-11       0.000000000000e+00       1.408250204429e-13       6.897198666194e-14       2.187457212764e-15 
  357       3.504309788093e-10       2.640073218497e-12       1.246960472058e-11       0.000000000000e+00       1.395154682598e-13       6.812523890694e-14       2.185029152430e-15 
  358       3.469471954973e-10       2.660588985104e-12       1.225932105000e-11       0.000000000000e+00       1.382206604262e-13       6.728817094145e-14       2.182359299718e-15 
  359       3.435156652470e-10       2.680772617488e-12       1.204548040773e-11       0.000000000000e+00       1.369405443779e-13       6.646076785283e-14       2.179450712072e-15 
  360       3.401369208483e-10       2.700617238190e-12       1.182815757129e-11       0.000000000000e+00       1.356750584747e-13       6.564300940635e-14       2.176306561644e-15 
  361       3.368114826012e-10       2.720115932826e-12       1.160742944381e-11       0.000000000000e+00       1.344241319141e-13       6.483486999374e-14       2.172930136167e-15 
  362       3.335398581605e-10       2.739261750107e-12       1.138337506918e-11       0.000000000000e+00       1.331876846448e-13       6.403631858166e-14       2.169324839820e-15 
  363       3.303225423798e-10       2.758047701867e-12       1.115607564712e-11       0.000000000000e+00       1.319656272803e-13       6.324731866019e-14       2.165494194096e-15 
  364       3.271600171561e-10       2.776466763089e-12       1.092561454838e-11       0.000000000000e+00       1.307578610127e-13       6.246782819141e-14       2.161441838675e-15 
  365       3.240527512736e-10       2.794511871929e-12       1.069207732975e-11       0.000000000000e+00       1.295642775260e-13       6.169779955778e-14       2.157171532292e-15 
  366       3.210012002489e-10       2.812175929742e-12       1.045555174929e-11       0.000000000000e+00       1.283847589099e-13       6.093717951076e-14       2.152687153602e-15 
  367       3.180058061741e-10       2.829451801110e-12       1.021612778139e-11       0.000000000000e+00       1.272191775730e-13       6.018590911923e-14       2.147992702051e-15 
  368       3.150669975621e-10       2.846332313863e-12       9.973897631882e-12       0.000000000000e+00       1.260673961571e-13       5.944392371802e-14       2.143092298746e-15 
  369       3.121851891905e-10       2.862810259107e-12       9.728955753204e-12       0.000000000000e+00       1.249292674501e-13       5.871115285645e-14       2.137990187323e-15 
  370       3.093607819459e-10       2.878878391251e-12       9.481398859486e-12       0.000000000000e+00       1.238046342999e-13       5.798752024674e-14       2.132690734815e-15 
  371       3.065941626682e-10       2.894529428030e-12       9.231325941683e-12       0.000000000000e+00       1.226933295279e-13       5.727294371262e-14       2.127198432522e-15 
  372       3.038857039949e-10       2.909756050532e-12       8.978838282693e-12       0.000000000000e+00       1.215951758428e-13       5.656733513775e-14       2.121517896877e-15 
  373       3.012357642055e-10       2.924550903222e-12       8.724039472478e-12       0.000000000000e+00       1.205099857540e-13       5.587060041426e-14       2.115653870318e-15 
  374       2.986446870657e-10       2.938906593970e-12       8.467035423185e-12       0.000000000000e+00       1.194375614849e-13       5.518263939123e-14       2.109611222157e-15 
  375       2.961128016717e-10       2.952815694074e-12       8.207934384265e-12       0.000000000000e+00       1.183776948871e-13       5.450334582324e-14       2.103394949446e-15 
  376       2.936404222946e-10       2.966270738286e-12       7.946846957593e-12       0.000000000000e+00       1.173301673537e-13       5.383260731880e-14       2.097010177846e-15 
  377       2.912278482247e-10       2.979264224840e-12       7.683886112589e-12       0.000000000000e+00       1.162947497327e-13       5.317030528891e-14       2.090462162498e-15 
  378       2.888753636154e-10       2.991788615474e-12       7.419167201339e-12       0.000000000000e+00       1.152712022409e-13       5.251631489554e-14       2.083756288892e-15 
  379       2.865832373282e-10       3.003836335459e-12       7.152807973715e-12       0.000000000000e+00       1.142592743772e-13       5.187050500013e-14       2.076898073733e-15 
  380       2.843517227764e-10       3.015399773620e-12       6.884928592495e-12       0.000000000000e+00       1.132587048364e-13       5.123273811209e-14       2.069893165811e-15 
  381       2.821810577698e-10       3.026471282367e-12       6.615651648483e-12       0.000000000000e+00       1.122692214229e-13       5.060287033732e-14       2.062747346870e-15 
  382       2.800714643587e-10       3.037043177716e-12       6.345102175630e-12       0.000000000000e+00       1.112905409638e-13       4.998075132670e-14       2.055466532478e-15 
  383       2.780231486783e-10       3.047107739317e-12       6.073407666153e-12       0.000000000000e+00       1.103223692230e-13       4.936622422458e-14       2.048056772893e-15 
  384       2.760363007931e-10       3.056657210479e-12       5.800698085659e-12       0.000000000000e+00       1.093644008145e-13       4.875912561730e-14       2.040524253935e-15 
  385       2.741110945412e-10       3.065683798195e-12       5.527105888260e-12       0.000000000000e+00       1.084163191162e-13       4.815928548168e-14       2.032875297851e-15 
  386       2.722476873784e-10       3.074179673167e-12       5.252766031697e-12       0.000000000000e+00       1.074777961833e-13       4.756652713354e-14       2.025116364188e-15 
  387       2.704462202226e-10       3.082136969835e-12       4.977815992461e-12       0.000000000000e+00       1.065484926619e-13       4.698066717619e-14       2.017254050659e-15 
  388       2.687067919883e-10       3.089548964148e-12       4.702384881604e-12       0.000000000000e+00       1.056281183630e-13       4.640154782231e-14       2.009294037349e-15 
  389       2.670293824568e-10       3.096413655417e-12       4.426560312500e-12       0.000000000000e+00       1.047166166587e-13       4.582913529771e-14       2.001237874034e-15 
  390       2.654139262153e-10       3.102730318496e-12       4.150420323420e-12       0.000000000000e+00       1.038139868140e-13       4.526342501739e-14       1.993086074392e-15 
  391       2.638603375309e-10       3.108498339088e-12       3.874044171371e-12       0.000000000000e+00       1.029202239109e-13       4.470440951881e-14       1.984839161850e-15 
  392       2.623685101751e-10       3.113717214710e-12       3.597512338540e-12       0.000000000000e+00       1.020353188105e-13       4.415207843620e-14       1.976497669604e-15 
  393       2.609383172475e-10       3.118386555648e-12       3.320906538757e-12       0.000000000000e+00       1.011592581147e-13       4.360641847474e-14       1.968062140654e-15 
  394       2.595696110004e-10       3.122506085929e-12       3.044309723946e-12       0.000000000000e+00       1.002920241283e-13       4.306741338482e-14       1.959533127831e-15 
  395       2.582622226628e-10       3.126075644273e-12       2.767806090579e-12       0.000000000000e+00       9.943359482010e-14       4.253504393630e-14       1.950911193826e-15 
  396       2.570159622646e-10       3.129095185062e-12       2.491481086133e-12       0.000000000000e+00       9.858394378559e-14       4.200928789270e-14       1.942196911215e-15 
  397       2.558306184609e-10       3.131564779296e-12       2.215421415545e-12       0.000000000000e+00       9.774304020817e-14       4.149011998550e-14       1.933390862493e-15 
  398       2.547059583559e-10       3.133484615561e-12       1.939715047663e-12       0.000000000000e+00       9.691084882119e-14       4.097751188836e-14       1.924493640100e-15 
  399       2.536417273272e-10       3.134855000988e-12       1.664451221704e-12       0.000000000000e+00       9.608732986973e-14       4.047143219134e-14       1.915505846450e-15 
  400       2.526376488502e-10       3.135676362212e-12       1.389720453710e-12       0.000000000000e+00       9.527243907242e-14       3.997184637515e-14       1.906428093958e-15 
  401       2.516934243219e-10       3.135949246339e-12       1.115614542998e-12       0.000000000000e+00       9.446612758325e-14       3.947871678543e-14       1.897261005072e-15 
  402       2.508087328854e-10       3.135674321905e-12       8.422265786189e-13       0.000000000000e+00       9.366834195341e-14       3.899200260692e-14       1.888005212300e-15 
  403       2.499832312538e-10       3.134852379840e-12       5.696509458101e-13       0.000000000000e+00       9.287902409306e-14       3.851165983776e-14       1.878661358238e-15 
  404       2.492165535347e-10       3.133484334427e-12       2.979833324512e-13       0.000000000000e+00       9.209811123319e-14       3.803764126371e-14       1.869230095599e-15 
  405       2.485083110540e-10       3.131571224265e-12       2.732073551839e-14       0.000000000000e+00       9.132553588743e-14       3.756989643238e-14       1.859712087243e-15 
  406       2.478580921805e-10       3.129114213232e-12      -2.422385324610e-13       0.000000000000e+00       9.056122581383e-14       3.710837162750e-14       1.850108006202e-15 
  407       2.472654621496e-10       3.126114591448e-12      -5.105948369533e-13       0.000000000000e+00       8.980510397674e-14       3.665300984311e-14       1.840418535716e-15 
  408       2.467299628878e-10       3.122573776232e-12      -7.776472149642e-13       0.000000000000e+00       8.905708850856e-14       3.620375075786e-14       1.830644369251e-15 
  409       2.462511128370e-10       3.118493313069e-12      -1.043293368584e-12       0.000000000000e+00       8.831709267160e-14       3.576053070922e-14       1.820786210539e-15 
  410       2.458284067782e-10       3.113874876570e-12      -1.307429658532e-12       0.000000000000e+00       8.758502481989e-14       3.532328266772e-14       1.810844773598e-15 
  411       2.454613156561e-10       3.108720271433e-12      -1.569951097704e-12       0.000000000000e+00       8.686078836098e-14       3.489193621119e-14       1.800820782765e-15 
  412       2.451492864031e-10       3.103031433406e-12      -1.830751344714e-12       0.000000000000e+00       8.614428171777e-14       3.446641749902e-14       1.790714972724e-15 
  413       2.448917417635e-10       3.096810430251e-12      -2.089722697444e-12       0.000000000000e+00       8.543539829033e-14       3.404664924637e-14       1.780528088533e-15 
  414       2.446880801178e-10       3.090059462699e-12      -2.346756086585e-12       0.000000000000e+00       8.473402641770e-14       3.363255069844e-14       1.770260885654e-15 
  415       2.445376753066e-10       3.082780865420e-12      -2.601741069184e-12       0.000000000000e+00       8.404004933972e-14       3.322403760469e-14       1.759914129983e-15 
  416       2.444398764549e-10       3.074977107982e-12      -2.854565822190e-12       0.000000000000e+00       8.335334515886e-14       3.282102219311e-14       1.749488597877e-15 
  417       2.443940077966e-10       3.066650795809e-12      -3.105117136000e-12       0.000000000000e+00       8.267378680199e-14       3.242341314440e-14       1.738985076182e-15 
  418       2.443993684981e-10       3.057804671150e-12      -3.353280408000e-12       0.000000000000e+00       8.200124198225e-14       3.203111556630e-14       1.728404362262e-15 
  419       2.444552324828e-10       3.048441614034e-12      -3.598939636114e-12       0.000000000000e+00       8.133557316083e-14       3.164403096773e-14       1.717747264031e-15 
  420       2.445608482556e-10       3.038564643238e-12      -3.841977412351e-12       0.000000000000e+00       8.067663750882e-14       3.126205723313e-14       1.707014599975e-15 
  421       2.447154387261e-10       3.028176917244e-12      -4.082274916345e-12       0.000000000000e+00       8.002428686898e-14       3.088508859663e-14       1.696207199188e-15 
  422       2.449182010341e-10       3.017281735203e-12      -4.319711908904e-12       0.000000000000e+00       7.937836771760e-14       3.051301561630e-14       1.685325901395e-15 
  423       2.451683063724e-10       3.005882537897e-12      -4.554166725553e-12       0.000000000000e+00       7.873872112629e-14       3.014572514844e-14       1.674371556984e-15 
  424       2.454648998123e-10       2.993982908703e-12      -4.785516270081e-12       0.000000000000e+00       7.810518272381e-14       2.978310032176e-14       1.663345027035e-15 
  425       2.458071001265e-10       2.981586574549e-12      -5.013636008089e-12       0.000000000000e+00       7.747758265789e-14       2.942502051165e-14       1.652247183343e-15 
  426       2.461939996144e-10       2.968697406881e-12      -5.238399960526e-12       0.000000000000e+00       7.685574555703e-14       2.907136131442e-14       1.641078908455e-15 
  427       2.466247328576e-10       2.955319829660e-12      -5.459694607367e-12       0.000000000000e+00       7.623952084454e-14       2.872201520640e-14       1.629841131978e-15 
  428       2.470986859231e-10       2.941460056678e-12      -5.677461132736e-12       0.000000000000e+00       7.562887489423e-14       2.837695434781e-14       1.618534940823e-15 
  429       2.476152939321e-10       2.927124898227e-12      -5.891654604341e-12       0.000000000000e+00       7.502380193497e-14       2.803616986494e-14       1.607161472770e-15 
  430       2.481739726409e-10       2.912321359092e-12      -6.102230195877e-12       0.000000000000e+00       7.442429396351e-14       2.769965134621e-14       1.595721880575e-15 
  431       2.487741183103e-10       2.897056639785e-12      -6.309143189709e-12       0.000000000000e+00       7.383034072628e-14       2.736738682999e-14       1.584217332018e-15 
  432       2.494151075749e-10       2.881338137766e-12      -6.512348979549e-12       0.000000000000e+00       7.324192970106e-14       2.703936279241e-14       1.572649009963e-15 
  433       2.500962973131e-10       2.865173448680e-12      -6.711803073133e-12       0.000000000000e+00       7.265904607881e-14       2.671556413519e-14       1.561018112402e-15 
  434       2.508170245157e-10       2.848570367580e-12      -6.907461094903e-12       0.000000000000e+00       7.208167274537e-14       2.639597417349e-14       1.549325852515e-15 
  435       2.515766061560e-10       2.831536890162e-12      -7.099278788684e-12       0.000000000000e+00       7.150979026322e-14       2.608057462367e-14       1.537573458718e-15 
  436       2.523743390589e-10       2.814081213989e-12      -7.287212020362e-12       0.000000000000e+00       7.094337685320e-14       2.576934559120e-14       1.525762174717e-15 
  437       2.532094997704e-10       2.796211739722e-12      -7.471216780565e-12       0.000000000000e+00       7.038240837631e-14       2.546226555839e-14       1.513893259559e-15 
  438       2.540813444274e-10       2.777937072351e-12      -7.651249187341e-12       0.000000000000e+00       6.982685831540e-14       2.515931137227e-14       1.501967987688e-15 
  439       2.549891086264e-10       2.759266022421e-12      -7.827265488837e-12       0.000000000000e+00       6.927669775694e-14       2.486045823243e-14       1.489987648993e-15 
  440       2.559320072937e-10       2.740207607265e-12      -7.999222065977e-12       0.000000000000e+00       6.873189537278e-14       2.456567967876e-14       1.477953548863e-15 
  441       2.569092345542e-10       2.720771052229e-12      -8.167075435140e-12       0.000000000000e+00       6.819241740189e-14       2.427494757936e-14       1.465867008241e-15 
  442       2.579199636014e-10       2.700965791905e-12      -8.330782250843e-12       0.000000000000e+00       6.765822763206e-14       2.398823211833e-14       1.453729363672e-15 
  443       2.589633465664e-10       2.680801471355e-12      -8.490299308415e-12       0.000000000000e+00       6.712928738174e-14       2.370550178356e-14       1.441541967360e-15 
  444       2.600385143876e-10       2.660287947349e-12      -8.645583546679e-12       0.000000000000e+00       6.660555548168e-14       2.342672335463e-14       1.429306187218e-15 
  445       2.611445766801e-10       2.639435289583e-12      -8.796592050628e-12       0.000000000000e+00       6.608698825676e-14       2.315186189053e-14       1.417023406922e-15 
  446       2.622806216049e-10       2.618253781917e-12      -8.943282054107e-12       0.000000000000e+00       6.557353950770e-14       2.288088071759e-14       1.404695025961e-15 
  447       2.634457157388e-10       2.596753923601e-12      -9.085610942491e-12       0.000000000000e+00       6.506516049280e-14       2.261374141723e-14       1.392322459692e-15 
  448       2.646389039433e-10       2.574946430504e-12      -9.223536255362e-12       0.000000000000e+00       6.456179990970e-14       2.235040381379e-14       1.379907139391e-15 
  449       2.658592092345e-10       2.552842236342e-12      -9.357015689189e-12       0.000000000000e+00       6.406340387712e-14       2.209082596239e-14       1.367450512308e-15 
  450       2.671056326522e-10       2.530452493911e-12      -9.486007100008e-12       0.000000000000e+00       6.356991591663e-14       2.183496413672e-14       1.354954041715e-15 
  451       2.683771531297e-10       2.507788576312e-12      -9.610468506098e-12       0.000000000000e+00       6.308127693434e-14       2.158277281688e-14       1.342419206963e-15 
  452       2.696727273627e-10       2.484862078182e-12      -9.730358090664e-12       0.000000000000e+00       6.259742520271e-14       2.133420467718e-14       1.329847503532e-15 
  453       2.709912896794e-10       2.461684816924e-12      -9.845634204512e-12       0.000000000000e+00       6.211829634226e-14       2.108921057399e-14       1.317240443082e-15 
  454       2.723317519093e-10       2.438268833936e-12      -9.956255368728e-12       0.000000000000e+00       6.164382330332e-14       2.084773953354e-14       1.304599553511e-15 
  455       2.736930032531e-10       2.414626395836e-12      -1.006218027736e-11       0.000000000000e+00       6.117393634778e-14       2.060973873978e-14       1.291926379002e-15 
  456       2.750739101521e-10       2.390769995699e-12      -1.016336780010e-11       0.000000000000e+00       6.070856303083e-14       2.037515352215e-14       1.279222480078e-15 
  457       2.764733161572e-10       2.366712354278e-12      -1.025977698494e-11       0.000000000000e+00       6.024762818274e-14       2.014392734343e-14       1.266489433654e-15 
  458       2.778900417989e-10       2.342466421241e-12      -1.035136706089e-11       0.000000000000e+00       5.979105389055e-14       1.991600178758e-14       1.253728833089e-15 
  459       2.793228844564e-10       2.318045376392e-12      -1.043809744062e-11       0.000000000000e+00       5.933875947985e-14       1.969131654752e-14       1.240942288239e-15 
  460       2.807706182271e-10       2.293462630908e-12      -1.051992772317e-11       0.000000000000e+00       5.889066149654e-14       1.946980941300e-14       1.228131425511e-15 
  461       2.822319937961e-10       2.268731828561e-12      -1.059681769659e-11       0.000000000000e+00       5.844667368853e-14       1.925141625839e-14       1.215297887912e-15 
  462       2.837057383057e-10       2.243866846954e-12      -1.066872734067e-11       0.000000000000e+00       5.800670698754e-14       1.903607103051e-14       1.202443335104e-15 
  463       2.851905552245e-10       2.218881798745e-12      -1.073561682957e-11       0.000000000000e+00       5.757066949080e-14       1.882370573646e-14       1.189569443456e-15 
  464       2.866851242175e-10       2.193791032879e-12      -1.079744653453e-11       0.000000000000e+00       5.713846644284e-14       1.861425043143e-14       1.176677906098e-15 
  465       2.881881010146e-10       2.168609135815e-12      -1.085417702653e-11       0.000000000000e+00       5.671000021718e-14       1.840763320656e-14       1.163770432969e-15 
  466       2.896982496331e-10       2.143350158955e-12      -1.090577859910e-11       0.000000000000e+00       5.628518663353e-14       1.820379213518e-14       1.150848621494e-15 
  467       2.912148438467e-10       2.118025271898e-12      -1.095226015823e-11       0.000000000000e+00       5.586400450660e-14       1.800271154678e-14       1.137913564054e-15 
  468       2.927372779846e-10       2.092645038388e-12      -1.099364123910e-11       0.000000000000e+00       5.544644760720e-14       1.780438686079e-14       1.124966228368e-15 
  469       2.942649356545e-10       2.067220184300e-12      -1.102994257528e-11       0.000000000000e+00       5.503250845739e-14       1.760881272489e-14       1.112007585752e-15 
  470       2.957971896842e-10       2.041761598441e-12      -1.106118610672e-11       0.000000000000e+00       5.462217832120e-14       1.741598300938e-14       1.099038611099e-15 
  471       2.973334020648e-10       2.016280333350e-12      -1.108739498763e-11       0.000000000000e+00       5.421544719542e-14       1.722589080162e-14       1.086060282858e-15 
  472       2.988729238927e-10       1.990787606106e-12      -1.110859359446e-11       0.000000000000e+00       5.381230380032e-14       1.703852840043e-14       1.073073583018e-15 
  473       3.004150953124e-10       1.965294799126e-12      -1.112480753378e-11       0.000000000000e+00       5.341273557043e-14       1.685388731053e-14       1.060079497088e-15 
  474       3.019592454585e-10       1.939813460971e-12      -1.113606365023e-11       0.000000000000e+00       5.301672864529e-14       1.667195823693e-14       1.047079014076e-15 
  475       3.035046923982e-10       1.914355307144e-12      -1.114239003445e-11       0.000000000000e+00       5.262426786018e-14       1.649273107938e-14       1.034073126476e-15 
  476       3.050507430739e-10       1.888932220896e-12      -1.114381603101e-11       0.000000000000e+00       5.223533673690e-14       1.631619492675e-14       1.021062830242e-15 
  477       3.065966932457e-10       1.863556254029e-12      -1.114037224634e-11       0.000000000000e+00       5.184991747452e-14       1.614233805147e-14       1.008049124773e-15 
  478       3.081418274334e-10       1.838239627696e-12      -1.113209055662e-11       0.000000000000e+00       5.146799094013e-14       1.597114790394e-14       9.950330128947e-16 
  479       3.096854188592e-10       1.812994733204e-12      -1.111900411578e-11       0.000000000000e+00       5.108953665959e-14       1.580261110694e-14       9.820155008391e-16 
  480       3.112267293904e-10       1.787834132817e-12      -1.110114736336e-11       0.000000000000e+00       5.071453280827e-14       1.563671345009e-14       9.689975982261e-16 
  481       3.127650094811e-10       1.762770560559e-12      -1.107855603248e-11       0.000000000000e+00       5.034295620185e-14       1.547343988418e-14       9.559803180444e-16 
  482       3.142994981153e-10       1.737816923017e-12      -1.105126715775e-11       0.000000000000e+00       4.997478228703e-14       1.531277451567e-14       9.429646766335e-16 
  483       3.158294227488e-10       1.712986300141e-12      -1.101931908321e-11       0.000000000000e+00       4.960998513229e-14       1.515470060108e-14       9.299516936636e-16 
  484       3.173539992523e-10       1.688291946047e-12      -1.098275147025e-11       0.000000000000e+00       4.924853741866e-14       1.499920054138e-14       9.169423921181e-16 
  485       3.188724318528e-10       1.663747289824e-12      -1.094160530554e-11       0.000000000000e+00       4.889041043048e-14       1.484625587644e-14       9.039377982734e-16 
  486       3.203839130772e-10       1.639365936331e-12      -1.089592290895e-11       0.000000000000e+00       4.853557404611e-14       1.469584727945e-14       8.909389416813e-16 
  487       3.218876236937e-10       1.615161666999e-12      -1.084574794150e-11       0.000000000000e+00       4.818399672874e-14       1.454795455129e-14       8.779468551491e-16 
  488       3.233827326548e-10       1.591148440640e-12      -1.079112541327e-11       0.000000000000e+00       4.783564551711e-14       1.440255661501e-14       8.649625747215e-16 
  489       3.248683970396e-10       1.567340394244e-12      -1.073210169134e-11       0.000000000000e+00       4.749048601626e-14       1.425963151020e-14       8.519871396613e-16 
  490       3.263437619961e-10       1.543751843782e-12      -1.066872450770e-11       0.000000000000e+00       4.714848238830e-14       1.411915638744e-14       8.390215924308e-16 
  491       3.278079606838e-10       1.520397285010e-12      -1.060104296720e-11       0.000000000000e+00       4.680959734317e-14       1.398110750267e-14       8.260669786727e-16 
  492       3.292601142159e-10       1.497291394271e-12      -1.052910755547e-11       0.000000000000e+00       4.647379212937e-14       1.384546021166e-14       8.131243471916e-16 
  493       3.306993316020e-10       1.474449029297e-12      -1.045297014684e-11       0.000000000000e+00       4.614102652474e-14       1.371218896440e-14       8.001947499348e-16 
  494       3.321247096902e-10       1.451885230013e-12      -1.037268401228e-11       0.000000000000e+00       4.581125882718e-14       1.358126729952e-14       7.872792419737e-16 
  495       3.335353331098e-10       1.429615219337e-12      -1.028830382734e-11       0.000000000000e+00       4.548444584545e-14       1.345266783871e-14       7.743788814846e-16 
  496       3.349302742136e-10       1.407654403985e-12      -1.019988568003e-11       0.000000000000e+00       4.516054288987e-14       1.332636228112e-14       7.614947297304e-16 
  497       3.363085930202e-10       1.386018375272e-12      -1.010748707880e-11       0.000000000000e+00       4.483950376312e-14       1.320232139781e-14       7.486278510413e-16 
  498       3.376693371566e-10       1.364722909913e-12      -1.001116696046e-11       0.000000000000e+00       4.452128075097e-14       1.308051502613e-14       7.357793127960e-16 
  499       3.390115418007e-10       1.343783970831e-12      -9.910985698073e-12       0.000000000000e+00       4.420582461304e-14       1.296091206417e-14       7.229501854031e-16 
  500       3.403342296233e-10       1.323217707953e-12      -9.807005108927e-12       0.000000000000e+00       4.389308457356e-14       1.284348046516e-14       7.101415422820e-16 
  501       3.416364107311e-10       1.303040459016e-12      -9.699288462438e-12       0.000000000000e+00       4.358300831211e-14       1.272818723188e-14       6.973544598440e-16 
  502       3.429170826085e-10       1.283268750369e-12      -9.587900488083e-12       0.000000000000e+00       4.327554195438e-14       1.261499841108e-14       6.845900174737e-16 
  503       3.441752300607e-10       1.263919297775e-12      -9.472907383334e-12       0.000000000000e+00       4.297063006292e-14       1.250387908792e-14       6.718492975101e-16 
  504       3.454098251554e-10       1.245009007215e-12      -9.354376821581e-12       0.000000000000e+00       4.266821562792e-14       1.239479338036e-14       6.591333852276e-16 
  505       3.466199615187e-10       1.226553254923e-12      -9.232377665895e-12       0.000000000000e+00       4.236824927117e-14       1.228770852990e-14       6.464433506907e-16 
  506       3.478052615931e-10       1.208560671379e-12      -9.106979085139e-12       0.000000000000e+00       4.207071716855e-14       1.218260731481e-14       6.337801937813e-16 
  507       3.489654809984e-10       1.191038208633e-12      -8.978251428020e-12       0.000000000000e+00       4.177561391376e-14       1.207947598347e-14       6.211448975509e-16 
  508       3.501003752454e-10       1.173992847470e-12      -8.846266522726e-12       0.000000000000e+00       4.148293337290e-14       1.197830018684e-14       6.085384461760e-16 
  509       3.512096997416e-10       1.157431597410e-12      -8.711097684713e-12       0.000000000000e+00       4.119266867956e-14       1.187906497468e-14       5.959618249309e-16 
  510       3.522932097965e-10       1.141361496697e-12      -8.572819724499e-12       0.000000000000e+00       4.090481222990e-14       1.178175479202e-14       5.834160201606e-16 
  511       3.533506606272e-10       1.125789612297e-12      -8.431508955450e-12       0.000000000000e+00       4.061935567772e-14       1.168635347538e-14       5.709020192532e-16 
  512       3.543818073640e-10       1.110723039890e-12      -8.287243201574e-12       0.000000000000e+00       4.033628992957e-14       1.159284424920e-14       5.584208106124e-16 
  513       3.553864050557e-10       1.096168903867e-12      -8.140101805307e-12       0.000000000000e+00       4.005560513979e-14       1.150120972213e-14       5.459733836305e-16 
  514       3.563642086752e-10       1.082134357323e-12      -7.990165635307e-12       0.000000000000e+00       3.977729070561e-14       1.141143188339e-14       5.335607286607e-16 
  515       3.573149731250e-10       1.068626582051e-12      -7.837517094246e-12       0.000000000000e+00       3.950133526224e-14       1.132349209911e-14       5.211838369899e-16 
  516       3.582384532430e-10       1.055652788535e-12      -7.682240126591e-12       0.000000000000e+00       3.922772667793e-14       1.123737110866e-14       5.088437008115e-16 
  517       3.591344038075e-10       1.043220215950e-12      -7.524420226407e-12       0.000000000000e+00       3.895645204908e-14       1.115304902100e-14       4.965413131976e-16 
  518       3.600025795431e-10       1.031336132149e-12      -7.364144445135e-12       0.000000000000e+00       3.868749769527e-14       1.107050531103e-14       4.842776680720e-16 
  519       3.608427351260e-10       1.020007833663e-12      -7.201501399392e-12       0.000000000000e+00       3.842084915441e-14       1.098971881591e-14       4.720537601828e-16 
  520       3.616546251898e-10       1.009242645693e-12      -7.036581278754e-12       0.000000000000e+00       3.815649117775e-14       1.091066773139e-14       4.598705850747e-16 
  521       3.624380043307e-10       9.990479221053e-13      -6.869475853553e-12       0.000000000000e+00       3.789440772502e-14       1.083332960822e-14       4.477291390620e-16 
  522       3.631926271130e-10       9.894310454238e-13      -6.700278482659e-12       0.000000000000e+00       3.763458195945e-14       1.075768134838e-14       4.356304192014e-16 
  523       3.639182480749e-10       9.803994268273e-13      -6.529084121279e-12       0.000000000000e+00       3.737699624293e-14       1.068369920154e-14       4.235754232640e-16 
  524       3.646146217338e-10       9.719605061423e-13      -6.355989328741e-12       0.000000000000e+00       3.712163213100e-14       1.061135876128e-14       4.115651497084e-16 
  525       3.652815025920e-10       9.641217518378e-13      -6.181092276286e-12       0.000000000000e+00       3.686847036800e-14       1.054063496155e-14       3.996005976532e-16 
  526       3.659186451419e-10       9.568906610192e-13      -6.004492754859e-12       0.000000000000e+00       3.661749088213e-14       1.047150207292e-14       3.876827668499e-16 
  527       3.665258038717e-10       9.502747594236e-13      -5.826292182900e-12       0.000000000000e+00       3.636867278050e-14       1.040393369895e-14       3.758126576549e-16 
  528       3.671027332711e-10       9.442816014133e-13      -5.646593614130e-12       0.000000000000e+00       3.612199434426e-14       1.033790277256e-14       3.639912710030e-16 
  529       3.676491878365e-10       9.389187699707e-13      -5.465501745347e-12       0.000000000000e+00       3.587743302365e-14       1.027338155231e-14       3.522196083791e-16 
  530       3.681649220766e-10       9.341938766925e-13      -5.283122924211e-12       0.000000000000e+00       3.563496543308e-14       1.021034161881e-14       3.404986717916e-16 
  531       3.686496905179e-10       9.301145617845e-13      -5.099565157040e-12       0.000000000000e+00       3.539456734624e-14       1.014875387100e-14       3.288294637447e-16 
  532       3.691032477105e-10       9.266884940552e-13      -4.914938116594e-12       0.000000000000e+00       3.515621369113e-14       1.008858852252e-14       3.172129872111e-16 
  533       3.695253482332e-10       9.239233709109e-13      -4.729353149869e-12       0.000000000000e+00       3.491987854518e-14       1.002981509806e-14       3.056502456045e-16 
  534       3.699157466991e-10       9.218269183501e-13      -4.542923285886e-12       0.000000000000e+00       3.468553513034e-14       9.972402429662e-15       2.941422427523e-16 
  535       3.702741977614e-10       9.204068909572e-13      -4.355763243481e-12       0.000000000000e+00       3.445315580810e-14       9.916318653111e-15       2.826899828686e-16 
  536       3.706004561186e-10       9.196710718978e-13      -4.167989439099e-12       0.000000000000e+00       3.422271207465e-14       9.861531204236e-15       2.712944705263e-16 
  537       3.708942765201e-10       9.196272729124e-13      -3.979719994577e-12       0.000000000000e+00       3.399417455589e-14       9.808006815267e-15       2.599567106298e-16 
  538       3.711554137719e-10       9.202833343111e-13      -3.791074744940e-12       0.000000000000e+00       3.376751300257e-14       9.755711511172e-15       2.486777083880e-16 
  539       3.713836227419e-10       9.216471249681e-13      -3.602175246190e-12       0.000000000000e+00       3.354269628530e-14       9.704610606000e-15       2.374584692868e-16 
  540       3.715786583652e-10       9.237265423158e-13      -3.413144783095e-12       0.000000000000e+00       3.331969238973e-14       9.654668699218e-15       2.262999990614e-16 
  541       3.717402756503e-10       9.265295123395e-13      -3.224108376980e-12       0.000000000000e+00       3.309846841151e-14       9.605849672056e-15       2.152033036695e-16 
  542       3.718682296839e-10       9.300639895715e-13      -3.035192793517e-12       0.000000000000e+00       3.287899055149e-14       9.558116683842e-15       2.041693892632e-16 
  543       3.719622756368e-10       9.343379570858e-13      -2.846526550517e-12       0.000000000000e+00       3.266122411071e-14       9.511432168349e-15       1.931992621626e-16 
  544       3.720222463709e-10       9.393577430798e-13      -2.658229946714e-12       0.000000000000e+00       3.244513889529e-14       9.465762633381e-15       1.822938253326e-16 
  545       3.720482875323e-10       9.451229211196e-13      -2.470384839057e-12       0.000000000000e+00       3.223072559991e-14       9.421093208155e-15       1.714535648276e-16 
  546       3.720406287599e-10       9.516312734186e-13      -2.283064072057e-12       0.000000000000e+00       3.201797985303e-14       9.377413477977e-15       1.606788549027e-16 
  547       3.719995066899e-10       9.588804612190e-13      -2.096341387368e-12       0.000000000000e+00       3.180689684406e-14       9.334712714493e-15       1.499700606805e-16 
  548       3.719251649926e-10       9.668680241049e-13      -1.910291427541e-12       0.000000000000e+00       3.159747132060e-14       9.292979873978e-15       1.393275380816e-16 
  549       3.718178544093e-10       9.755913793155e-13      -1.724989739772e-12       0.000000000000e+00       3.138969758577e-14       9.252203595616e-15       1.287516337559e-16 
  550       3.716778327896e-10       9.850478210577e-13      -1.540512779653e-12       0.000000000000e+00       3.118356949540e-14       9.212372199788e-15       1.182426850126e-16 
  551       3.715053651277e-10       9.952345198196e-13      -1.356937914928e-12       0.000000000000e+00       3.097908045538e-14       9.173473686354e-15       1.078010197518e-16 
  552       3.713007235998e-10       1.006148521683e-12      -1.174343429236e-12       0.000000000000e+00       3.077622341888e-14       9.135495732941e-15       9.742695639443e-17 
  553       3.710641876009e-10       1.017786747638e-12      -9.928085258711e-13       0.000000000000e+00       3.057499088363e-14       9.098425693225e-15       8.712080381346e-17 
  554       3.707960437815e-10       1.030145992893e-12      -8.124133315281e-13       0.000000000000e+00       3.037537488920e-14       9.062250595213e-15       7.688286126456e-17 
  555       3.704965860851e-10       1.043222926191e-12      -6.332389000554e-13       0.000000000000e+00       3.017736701427e-14       9.026957139537e-15       6.671341831685e-17 
  556       3.701661157843e-10       1.057014089120e-12      -4.553672162062e-13       0.000000000000e+00       2.998095837387e-14       8.992531697726e-15       5.661275478358e-17 
  557       3.698049415185e-10       1.071515895428e-12      -2.788811993897e-13       0.000000000000e+00       2.978613961671e-14       8.958960310502e-15       4.658114065294e-17 
  558       3.694133793302e-10       1.086724630336e-12      -1.038647074223e-13       0.000000000000e+00       2.959290092239e-14       8.926228686057e-15       3.661883601879e-17 
  559       3.689917527024e-10       1.102636449849e-12       6.959745972105e-14       0.000000000000e+00       2.940123199870e-14       8.894322198342e-15       2.672609101139e-17 
  560       3.685403925953e-10       1.119247380071e-12       2.414195561557e-13       0.000000000000e+00       2.921112207888e-14       8.863225885349e-15       1.690314572815e-17 
  561       3.680596374831e-10       1.136553316517e-12       4.115148863361e-13       0.000000000000e+00       2.902255991891e-14       8.832924447397e-15       7.150230164410e-18 
  562       3.675498333913e-10       1.154550023426e-12       5.797958013045e-13       0.000000000000e+00       2.883553379475e-14       8.803402245417e-15      -2.532435855863e-18 
  563       3.670113339333e-10       1.173233133077e-12       7.461736949397e-13       0.000000000000e+00       2.865003149963e-14       8.774643299235e-15      -1.214464274930e-17 
  564       3.664445003473e-10       1.192598145096e-12       9.105590002058e-13       0.000000000000e+00       2.846604034131e-14       8.746631285857e-15      -2.168619124240e-17 
  565       3.658497015334e-10       1.212640425775e-12       1.072861185401e-12       0.000000000000e+00       2.828354713937e-14       8.719349537757e-15      -3.115689244075e-17 
  566       3.652273140907e-10       1.233355207381e-12       1.232988750407e-12       0.000000000000e+00       2.810253822244e-14       8.692781041155e-15      -4.055656789834e-17 
  567       3.645777223536e-10       1.254737587473e-12       1.390849222935e-12       0.000000000000e+00       2.792299942553e-14       8.666908434308e-15      -4.988504968676e-17 
  568       3.639013184293e-10       1.276782528209e-12       1.546349154779e-12       0.000000000000e+00       2.774491608723e-14       8.641714005793e-15      -5.914218046447e-17 
  569       3.631985022345e-10       1.299484855666e-12       1.699394118062e-12       0.000000000000e+00       2.756827304703e-14       8.617179692787e-15      -6.832781354609e-17 
  570       3.624696815324e-10       1.322839259149e-12       1.849888701483e-12       0.000000000000e+00       2.739305464259e-14       8.593287079358e-15      -7.744181297159e-17 
  571       3.617152719696e-10       1.346840290503e-12       1.997736506569e-12       0.000000000000e+00       2.721924470697e-14       8.570017394748e-15      -8.648405357559e-17 
  572       3.609356971128e-10       1.371482363429e-12       2.142840143923e-12       0.000000000000e+00       2.704682656594e-14       8.547351511655e-15      -9.545442105662e-17 
  573       3.601313884860e-10       1.396759752798e-12       2.285101229470e-12       0.000000000000e+00       2.687578303524e-14       8.525269944518e-15      -1.043528120463e-16 
  574       3.593027856075e-10       1.422666593958e-12       2.424420380710e-12       0.000000000000e+00       2.670609641783e-14       8.503752847807e-15      -1.131791341788e-16 
  575       3.584503360266e-10       1.449196882053e-12       2.560697212964e-12       0.000000000000e+00       2.653774850118e-14       8.482780014298e-15      -1.219333061597e-16 
  576       3.575744953603e-10       1.476344471335e-12       2.693830335624e-12       0.000000000000e+00       2.637072055456e-14       8.462330873369e-15      -1.306152578358e-16 
  577       3.566757273309e-10       1.504103074473e-12       2.823717348401e-12       0.000000000000e+00       2.620499332625e-14       8.442384489274e-15      -1.392249302637e-16 
  578       3.557545038023e-10       1.532466261872e-12       2.950254837572e-12       0.000000000000e+00       2.604054704086e-14       8.422919559435e-15      -1.477622757797e-16 
  579       3.548113048172e-10       1.561427460982e-12       3.073338372234e-12       0.000000000000e+00       2.587736139661e-14       8.403914412725e-15      -1.562272580687e-16 
  580       3.538466186340e-10       1.590979955611e-12       3.192862500547e-12       0.000000000000e+00       2.571541556253e-14       8.385347007748e-15      -1.646198522335e-16 
  581       3.528609417637e-10       1.621116885241e-12       3.308720745987e-12       0.000000000000e+00       2.555468817582e-14       8.367194931130e-15      -1.729400448640e-16 
  582       3.518547790067e-10       1.651831244338e-12       3.420805603592e-12       0.000000000000e+00       2.539515733905e-14       8.349435395802e-15      -1.811878341067e-16 
  583       3.508286390818e-10       1.683115312901e-12       3.529022439060e-12       0.000000000000e+00       2.523680390257e-14       8.332049251459e-15      -1.893631623155e-16 
  584       3.497830213172e-10       1.714958933869e-12       3.633331575092e-12       0.000000000000e+00       2.507962140727e-14       8.315033129490e-15      -1.974657120157e-16 
  585       3.487184286997e-10       1.747351191322e-12       3.733707249025e-12       0.000000000000e+00       2.492360638480e-14       8.298387598064e-15      -2.054951049798e-16 
  586       3.476353722882e-10       1.780280974470e-12       3.830123806273e-12       0.000000000000e+00       2.476875509338e-14       8.282113177103e-15      -2.134509692299e-16 
  587       3.465343712493e-10       1.813736976763e-12       3.922555701475e-12       0.000000000000e+00       2.461506351623e-14       8.266210337986e-15      -2.213329390827e-16 
  588       3.454159528920e-10       1.847707695007e-12       4.010977499648e-12       0.000000000000e+00       2.446252735999e-14       8.250679503244e-15      -2.291406551956e-16 
  589       3.442806527039e-10       1.882181428473e-12       4.095363877332e-12       0.000000000000e+00       2.431114205316e-14       8.235521046260e-15      -2.368737646118e-16 
  590       3.431290143860e-10       1.917146278009e-12       4.175689623743e-12       0.000000000000e+00       2.416090274452e-14       8.220735290969e-15      -2.445319208060e-16 
  591       3.419615898881e-10       1.952590145158e-12       4.251929641916e-12       0.000000000000e+00       2.401180430157e-14       8.206322511555e-15      -2.521147837299e-16 
  592       3.407789394445e-10       1.988500731266e-12       4.324058949860e-12       0.000000000000e+00       2.386384130891e-14       8.192282932150e-15      -2.596220198573e-16 
  593       3.395816316091e-10       2.024865536595e-12       4.392052681701e-12       0.000000000000e+00       2.371700806676e-14       8.178616726533e-15      -2.670533022302e-16 
  594       3.383702432909e-10       2.061671859436e-12       4.455886088837e-12       0.000000000000e+00       2.357129858929e-14       8.165324017830e-15      -2.744083105039e-16 
  595       3.371453597892e-10       2.098906795222e-12       4.515534541081e-12       0.000000000000e+00       2.342670660311e-14       8.152404878209e-15      -2.816867309925e-16 
  596       3.359075748291e-10       2.136557235643e-12       4.570973527813e-12       0.000000000000e+00       2.328322554567e-14       8.139859328584e-15      -2.888882567145e-16 
  597       3.346574905968e-10       2.174609867752e-12       4.622178659131e-12       0.000000000000e+00       2.314084856371e-14       8.127687338309e-15      -2.960125874385e-16 
  598       3.333957177753e-10       2.213051173084e-12       4.669125666994e-12       0.000000000000e+00       2.299956851166e-14       8.115888824880e-15      -3.030594297280e-16 
  599       3.321228755791e-10       2.251867426765e-12       4.711790406374e-12       0.000000000000e+00       2.285937795009e-14       8.104463653631e-15      -3.100284969879e-16 
  600       3.308395917902e-10       2.291044696628e-12       4.750148856408e-12       0.000000000000e+00       2.272026914414e-14       8.093411637437e-15      -3.169195095090e-16 
  601       3.295465027931e-10       2.330568842320e-12       4.784177121541e-12       0.000000000000e+00       2.258223406192e-14       8.082732536406e-15      -3.237321945141e-16 
  602       3.282442536103e-10       2.370425514419e-12       4.813851432677e-12       0.000000000000e+00       2.244526437297e-14       8.072426057584e-15      -3.304662862035e-16 
  603       3.269334979377e-10       2.410600153548e-12       4.839148148332e-12       0.000000000000e+00       2.230935144667e-14       8.062491854652e-15      -3.371215258000e-16 
  604       3.256148981800e-10       2.451077989481e-12       4.860043755776e-12       0.000000000000e+00       2.217448635067e-14       8.052929527621e-15      -3.436976615949e-16 
  605       3.242891254858e-10       2.491844040263e-12       4.876514872186e-12       0.000000000000e+00       2.204065984933e-14       8.043738622538e-15      -3.501944489933e-16 
  606       3.229568597833e-10       2.532883111316e-12       4.888538245794e-12       0.000000000000e+00       2.190786240212e-14       8.034918631178e-15      -3.566116505596e-16 
  607       3.216187898155e-10       2.574179794558e-12       4.896090757036e-12       0.000000000000e+00       2.177608416209e-14       8.026468990746e-15      -3.629490360631e-16 
  608       3.202756131757e-10       2.615718467511e-12       4.899149419701e-12       0.000000000000e+00       2.164531497426e-14       8.018389083573e-15      -3.692063825230e-16 
  609       3.189280363425e-10       2.657483292414e-12       4.897691382078e-12       0.000000000000e+00       2.151554437406e-14       8.010678236821e-15      -3.753834742548e-16 
  610       3.175767747156e-10       2.699458215337e-12       4.891693928109e-12       0.000000000000e+00       2.138676158576e-14       8.003335722173e-15      -3.814801029148e-16 
  611       3.162225526512e-10       2.741626965293e-12       4.881134478533e-12       0.000000000000e+00       2.125895552091e-14       7.996360755541e-15      -3.874960675464e-16 
  612       3.148661034969e-10       2.783973053352e-12       4.865990592037e-12       0.000000000000e+00       2.113211477675e-14       7.989752496754e-15      -3.934311746252e-16 
  613       3.135081696273e-10       2.826479771751e-12       4.846239966406e-12       0.000000000000e+00       2.100622763463e-14       7.983510049269e-15      -3.992852381043e-16 
  614       3.121495024797e-10       2.869130193007e-12       4.821860439670e-12       0.000000000000e+00       2.088128205847e-14       7.977632459859e-15      -4.050580794604e-16 
  615       3.107908625890e-10       2.911907169032e-12       4.792829991254e-12       0.000000000000e+00       2.075726569317e-14       7.972118718317e-15      -4.107495277386e-16 
  616       3.094330196233e-10       2.954793330243e-12       4.759126743126e-12       0.000000000000e+00       2.063416586302e-14       7.966967757156e-15      -4.163594195984e-16 
  617       3.080767524191e-10       2.997771084675e-12       4.720728960947e-12       0.000000000000e+00       2.051196957016e-14       7.962178451303e-15      -4.218875993591e-16 
  618       3.067228490169e-10       3.040822617096e-12       4.677615055219e-12       0.000000000000e+00       2.039066349299e-14       7.957749617803e-15      -4.273339190450e-16 
  619       3.053721066965e-10       3.083929888117e-12       4.629763582432e-12       0.000000000000e+00       2.027023398459e-14       7.953680015512e-15      -4.326982384313e-16 
  620       3.040253320122e-10       3.127074633302e-12       4.577153246218e-12       0.000000000000e+00       2.015066707119e-14       7.949968344802e-15      -4.379804250892e-16 
  621       3.026833408284e-10       3.170238362289e-12       4.519762898494e-12       0.000000000000e+00       2.003194845054e-14       7.946613247253e-15      -4.431803544317e-16 
  622       3.013468896384e-10       3.213403373715e-12       4.457581393671e-12       0.000000000000e+00       1.991406556903e-14       7.943612205050e-15      -4.482979027957e-16 
  623       3.000164676834e-10       3.256555827920e-12       4.390637402415e-12       0.000000000000e+00       1.979701390965e-14       7.940958211440e-15      -4.533329264181e-16 
  624       2.986925000338e-10       3.299682744474e-12       4.318970298560e-12       0.000000000000e+00       1.968079084817e-14       7.938643021683e-15      -4.582852820571e-16 
  625       2.973754158787e-10       3.342770992296e-12       4.242620373454e-12       0.000000000000e+00       1.956539358698e-14       7.936658245656e-15      -4.631548339542e-16 
  626       2.960656485403e-10       3.385807289085e-12       4.161628840169e-12       0.000000000000e+00       1.945081915410e-14       7.934995347209e-15      -4.679414538774e-16 
  627       2.947636354876e-10       3.428778200741e-12       4.076037837692e-12       0.000000000000e+00       1.933706440224e-14       7.933645643532e-15      -4.726450211648e-16 
  628       2.934698183507e-10       3.471670140800e-12       3.985890435133e-12       0.000000000000e+00       1.922412600794e-14       7.932600304501e-15      -4.772654227677e-16 
  629       2.921846429349e-10       3.514469369856e-12       3.891230635917e-12       0.000000000000e+00       1.911200047057e-14       7.931850352047e-15      -4.818025532940e-16 
  630       2.909085592349e-10       3.557161994990e-12       3.792103381994e-12       0.000000000000e+00       1.900068411143e-14       7.931386659506e-15      -4.862563150516e-16 
  631       2.896420214485e-10       3.599733969196e-12       3.688554558028e-12       0.000000000000e+00       1.889017307283e-14       7.931199950982e-15      -4.906266180917e-16 
  632       2.883854879909e-10       3.642171090808e-12       3.580630995606e-12       0.000000000000e+00       1.878046331716e-14       7.931280800702e-15      -4.949133802521e-16 
  633       2.871394215092e-10       3.684459002931e-12       3.468380477434e-12       0.000000000000e+00       1.867155062594e-14       7.931619632376e-15      -4.991165272004e-16 
  634       2.859042888957e-10       3.726583192862e-12       3.351851741538e-12       0.000000000000e+00       1.856343059891e-14       7.932206718551e-15      -5.032359924779e-16 
  635       2.846805613026e-10       3.768528991522e-12       3.231094485462e-12       0.000000000000e+00       1.845609865311e-14       7.933032179978e-15      -5.072717175421e-16 
  636       2.834687141559e-10       3.810281572880e-12       3.106159370471e-12       0.000000000000e+00       1.834955002193e-14       7.934085984958e-15      -5.112236518108e-16 
  637       2.822692271693e-10       3.851825953383e-12       2.977098025751e-12       0.000000000000e+00       1.824377975420e-14       7.935357948710e-15      -5.150917527049e-16 
  638       2.810825843586e-10       3.893146991381e-12       2.843963052606e-12       0.000000000000e+00       1.813878271323e-14       7.936837732724e-15      -5.188759856920e-16 
  639       2.799092740558e-10       3.934229386555e-12       2.706808028661e-12       0.000000000000e+00       1.803455357593e-14       7.938514844119e-15      -5.225763243296e-16 
  640       2.787497889227e-10       3.975057679345e-12       2.565687512062e-12       0.000000000000e+00       1.793108683186e-14       7.940378635003e-15      -5.261927503088e-16 
  641       2.776046259657e-10       4.015616250373e-12       2.420657045675e-12       0.000000000000e+00       1.782837678226e-14       7.942418301831e-15      -5.297252534971e-16 
  642       2.764742865491e-10       4.055889319877e-12       2.271773161283e-12       0.000000000000e+00       1.772641753921e-14       7.944622884760e-15      -5.331738319819e-16 
  643       2.753592764101e-10       4.095860947132e-12       2.119093383794e-12       0.000000000000e+00       1.762520302462e-14       7.946981267011e-15      -5.365384921142e-16 
  644       2.742601056720e-10       4.135515029882e-12       1.962676235433e-12       0.000000000000e+00       1.752472696934e-14       7.949482174225e-15      -5.398192485515e-16 
  645       2.731772888589e-10       4.174835303761e-12       1.802581239948e-12       0.000000000000e+00       1.742498291223e-14       7.952114173818e-15      -5.430161243013e-16 
  646       2.721113449094e-10       4.213805341727e-12       1.638868926805e-12       0.000000000000e+00       1.732596419921e-14       7.954865674347e-15      -5.461291507644e-16 
  647       2.710627971912e-10       4.252408553486e-12       1.471600835393e-12       0.000000000000e+00       1.722766398236e-14       7.957724924858e-15      -5.491583677784e-16 
  648       2.700321735144e-10       4.290628184917e-12       1.300839519219e-12       0.000000000000e+00       1.713007521899e-14       7.960680014254e-15      -5.521038236608e-16 
  649       2.690200061465e-10       4.328447317503e-12       1.126648550114e-12       0.000000000000e+00       1.703319067069e-14       7.963718870643e-15      -5.549655752525e-16 
  650       2.680268318257e-10       4.365848867756e-12       9.490925224267e-13       0.000000000000e+00       1.693700290240e-14       7.966829260706e-15      -5.577436879609e-16 
  651       2.670531917755e-10       4.402815586646e-12       7.682370572284e-13       0.000000000000e+00       1.684150428151e-14       7.969998789046e-15      -5.604382358036e-16 
  652       2.660996317185e-10       4.439330059023e-12       5.841488065109e-13       0.000000000000e+00       1.674668697693e-14       7.973214897552e-15      -5.630493014515e-16 
  653       2.651667018906e-10       4.475374703053e-12       3.968954573869e-13       0.000000000000e+00       1.665254295811e-14       7.976464864755e-15      -5.655769762722e-16 
  654       2.642549570554e-10       4.510931769636e-12       2.065457362902e-13       0.000000000000e+00       1.655906399419e-14       7.979735805186e-15      -5.680213603734e-16 
  655       2.633649565174e-10       4.545983341838e-12       1.316941317599e-14       0.000000000000e+00       1.646624165300e-14       7.983014668734e-15      -5.703825626458e-16 
  656       2.624972641373e-10       4.580511334320e-12      -1.831626942797e-13       0.000000000000e+00       1.637406730017e-14       7.986288240003e-15      -5.726607008073e-16 
  657       2.616524483449e-10       4.614497492759e-12      -3.823787164794e-13       0.000000000000e+00       1.628253209820e-14       7.989543137673e-15      -5.748559014454e-16 
  658       2.608310821541e-10       4.647923393281e-12      -5.844057277044e-13       0.000000000000e+00       1.619162700554e-14       7.992765813854e-15      -5.769683000612e-16 
  659       2.600337431766e-10       4.680770441885e-12      -7.891697419144e-13       0.000000000000e+00       1.610134277561e-14       7.995942553448e-15      -5.789980411124e-16 
  660       2.592610136360e-10       4.713019873871e-12      -9.965957085479e-13       0.000000000000e+00       1.601166995595e-14       7.999059473502e-15      -5.809452780568e-16 
  661       2.585133958518e-10       4.744654843137e-12      -1.206607211215e-12       0.000000000000e+00       1.592260020806e-14       8.002104511080e-15      -5.828102188502e-16 
  662       2.577910566181e-10       4.775666741803e-12      -1.419125564982e-12       0.000000000000e+00       1.583413030105e-14       8.005073436268e-15      -5.845932634534e-16 
  663       2.570940772160e-10       4.806049018815e-12      -1.634070690877e-12       0.000000000000e+00       1.574625820422e-14       8.007963970495e-15      -5.862948694433e-16 
  664       2.564225374241e-10       4.835795102690e-12      -1.851361406913e-12       0.000000000000e+00       1.565898177369e-14       8.010773809930e-15      -5.879155068884e-16 
  665       2.557765155094e-10       4.864898401518e-12      -2.070915423813e-12       0.000000000000e+00       1.557229875179e-14       8.013500625392e-15      -5.894556584045e-16 
  666       2.551560882182e-10       4.893352302963e-12      -2.292649340724e-12       0.000000000000e+00       1.548620676649e-14       8.016142062248e-15      -5.909158192109e-16 
  667       2.545613307671e-10       4.921150174261e-12      -2.516478640940e-12       0.000000000000e+00       1.540070333089e-14       8.018695740320e-15      -5.922964971855e-16 
  668       2.539923168336e-10       4.948285362222e-12      -2.742317687615e-12       0.000000000000e+00       1.531578584258e-14       8.021159253786e-15      -5.935982129215e-16 
  669       2.534491185476e-10       4.974751193231e-12      -2.970079719487e-12       0.000000000000e+00       1.523145158311e-14       8.023530171082e-15      -5.948214997823e-16 
  670       2.529318064816e-10       5.000540973246e-12      -3.199676846593e-12       0.000000000000e+00       1.514769771745e-14       8.025806034811e-15      -5.959669039580e-16 
  671       2.524404496421e-10       5.025647987798e-12      -3.431020045987e-12       0.000000000000e+00       1.506452129337e-14       8.027984361639e-15      -5.970349845208e-16 
  672       2.519751154605e-10       5.050065501995e-12      -3.664019157461e-12       0.000000000000e+00       1.498191924091e-14       8.030062642203e-15      -5.980263134810e-16 
  673       2.515358697837e-10       5.073786760519e-12      -3.898582879263e-12       0.000000000000e+00       1.489988837179e-14       8.032038341014e-15      -5.989414758426e-16 
  674       2.511227768651e-10       5.096804987626e-12      -4.134618763813e-12       0.000000000000e+00       1.481842537888e-14       8.033908896360e-15      -5.997810696594e-16 
  675       2.507358993559e-10       5.119113387150e-12      -4.372033213423e-12       0.000000000000e+00       1.473752683559e-14       8.035671720206e-15      -6.005457060905e-16 
  676       2.503752982953e-10       5.140705142498e-12      -4.610731476017e-12       0.000000000000e+00       1.465718919535e-14       8.037324198103e-15      -6.012360094564e-16 
  677       2.500410331022e-10       5.161573416655e-12      -4.850617640847e-12       0.000000000000e+00       1.457740879098e-14       8.038863689088e-15      -6.018526172944e-16 
  678       2.497331615653e-10       5.181711352180e-12      -5.091594634214e-12       0.000000000000e+00       1.449818183421e-14       8.040287525585e-15      -6.023961804147e-16 
  679       2.494517398349e-10       5.201112071210e-12      -5.333564215182e-12       0.000000000000e+00       1.441950441504e-14       8.041593013315e-15      -6.028673629564e-16 
  680       2.491968224128e-10       5.219768675458e-12      -5.576426971302e-12       0.000000000000e+00       1.434137250119e-14       8.042777431193e-15      -6.032668424426e-16 
  681       2.489684621443e-10       5.237674246216e-12      -5.820082314327e-12       0.000000000000e+00       1.426378193756e-14       8.043838031235e-15      -6.035953098370e-16 
  682       2.487667102079e-10       5.254821844349e-12      -6.064428475930e-12       0.000000000000e+00       1.418672844567e-14       8.044772038458e-15      -6.038534695992e-16 
  683       2.485916161075e-10       5.271204510304e-12      -6.309362503427e-12       0.000000000000e+00       1.411020762302e-14       8.045576650788e-15      -6.040420397406e-16 
  684       2.484432276622e-10       5.286815264103e-12      -6.554780255489e-12       0.000000000000e+00       1.403421494262e-14       8.046249038958e-15      -6.041617518804e-16 
  685       2.483215909979e-10       5.301647105347e-12      -6.800576397865e-12       0.000000000000e+00       1.395874575236e-14       8.046786346416e-15      -6.042133513009e-16 
  686       2.482267505378e-10       5.315693013214e-12      -7.046644399100e-12       0.000000000000e+00       1.388379527448e-14       8.047185689225e-15      -6.041975970042e-16 
  687       2.481587489938e-10       5.328945946463e-12      -7.292876526249e-12       0.000000000000e+00       1.380935860496e-14       8.047444155969e-15      -6.041152617668e-16 
  688       2.481176273566e-10       5.341398843429e-12      -7.539163840604e-12       0.000000000000e+00       1.373543071300e-14       8.047558807653e-15      -6.039671321967e-16 
  689       2.481034248876e-10       5.353044622029e-12      -7.785396193405e-12       0.000000000000e+00       1.366200644044e-14       8.047526677610e-15      -6.037540087880e-16 
  690       2.481161791090e-10       5.363876179757e-12      -8.031462221560e-12       0.000000000000e+00       1.358908050118e-14       8.047344771402e-15      -6.034767059775e-16 
  691       2.481559257951e-10       5.373886393687e-12      -8.277249343365e-12       0.000000000000e+00       1.351664748062e-14       8.047010066722e-15      -6.031360522003e-16 
  692       2.482226989631e-10       5.383068120474e-12      -8.522643754224e-12       0.000000000000e+00       1.344470183511e-14       8.046519513302e-15      -6.027328899454e-16 
  693       2.483165308642e-10       5.391414196351e-12      -8.767530422362e-12       0.000000000000e+00       1.337323789135e-14       8.045870032812e-15      -6.022680758119e-16 
  694       2.484374519741e-10       5.398917437134e-12      -9.011793084549e-12       0.000000000000e+00       1.330224984587e-14       8.045058518766e-15      -6.017424805642e-16 
  695       2.485854909843e-10       5.405570638218e-12      -9.255314241815e-12       0.000000000000e+00       1.323173176442e-14       8.044081836421e-15      -6.011569891885e-16 
  696       2.487606747927e-10       5.411366574578e-12      -9.497975155172e-12       0.000000000000e+00       1.316167758142e-14       8.042936822687e-15      -6.005125009480e-16 
  697       2.489630284950e-10       5.416298000773e-12      -9.739655841326e-12       0.000000000000e+00       1.309208109942e-14       8.041620286025e-15      -5.998099294391e-16 
  698       2.491925753748e-10       5.420357650940e-12      -9.980235068404e-12       0.000000000000e+00       1.302293598847e-14       8.040129006352e-15      -5.990502026470e-16 
  699       2.494493368954e-10       5.423538238801e-12      -1.021959035166e-11       0.000000000000e+00       1.295423578564e-14       8.038459734945e-15      -5.982342630017e-16 
  700       2.497332819352e-10       5.425834413334e-12      -1.045760709697e-11       0.000000000000e+00       1.288597477587e-14       8.036609602695e-15      -5.973629332034e-16 
  701       2.500441733546e-10       5.427248670504e-12      -1.069420624883e-11       0.000000000000e+00       1.281815065605e-14       8.034577354404e-15      -5.964365105205e-16 
  702       2.503817182149e-10       5.427785564680e-12      -1.092931720982e-11       0.000000000000e+00       1.275076192537e-14       8.032362140007e-15      -5.954551641512e-16 
  703       2.507456182231e-10       5.427449764583e-12      -1.116286874290e-11       0.000000000000e+00       1.268380700846e-14       8.029963108552e-15      -5.944190687113e-16 
  704       2.511355697094e-10       5.426246053771e-12      -1.139478896943e-11       0.000000000000e+00       1.261728425505e-14       8.027379408207e-15      -5.933284042571e-16 
  705       2.515512636067e-10       5.424179331116e-12      -1.162500536708e-11       0.000000000000e+00       1.255119193963e-14       8.024610186255e-15      -5.921833563086e-16 
  706       2.519923854281e-10       5.421254611279e-12      -1.185344476780e-11       0.000000000000e+00       1.248552826110e-14       8.021654589108e-15      -5.909841158720e-16 
  707       2.524586152463e-10       5.417477025191e-12      -1.208003335578e-11       0.000000000000e+00       1.242029134241e-14       8.018511762300e-15      -5.897308794633e-16 
  708       2.529496276715e-10       5.412851820532e-12      -1.230469666541e-11       0.000000000000e+00       1.235547923021e-14       8.015180850498e-15      -5.884238491306e-16 
  709       2.534650918301e-10       5.407384362209e-12      -1.252735957921e-11       0.000000000000e+00       1.229108989451e-14       8.011660997498e-15      -5.870632324777e-16 
  710       2.540046713432e-10       5.401080132835e-12      -1.274794632584e-11       0.000000000000e+00       1.222712122831e-14       8.007951346235e-15      -5.856492426867e-16 
  711       2.545680243049e-10       5.393944733205e-12      -1.296638047797e-11       0.000000000000e+00       1.216357104728e-14       8.004051038783e-15      -5.841820985409e-16 
  712       2.551548032613e-10       5.385983882779e-12      -1.318258495032e-11       0.000000000000e+00       1.210043708937e-14       7.999959216356e-15      -5.826620244483e-16 
  713       2.557646551885e-10       5.377203420155e-12      -1.339648199756e-11       0.000000000000e+00       1.203771701449e-14       7.995675019316e-15      -5.810892504639e-16 
  714       2.563972214712e-10       5.367609303554e-12      -1.360799321231e-11       0.000000000000e+00       1.197540840416e-14       7.991197587173e-15      -5.794640123132e-16 
  715       2.570521378813e-10       5.357207611291e-12      -1.381703952305e-11       0.000000000000e+00       1.191350876113e-14       7.986526058587e-15      -5.777865514148e-16 
  716       2.577290345564e-10       5.346004542262e-12      -1.402354119210e-11       0.000000000000e+00       1.185201550907e-14       7.981659571376e-15      -5.760571149037e-16 
  717       2.584275359782e-10       5.334006416414e-12      -1.422741781357e-11       0.000000000000e+00       1.179092599217e-14       7.976597262514e-15      -5.742759556541e-16 
  718       2.591472609512e-10       5.321219675230e-12      -1.442858831133e-11       0.000000000000e+00       1.173023747485e-14       7.971338268138e-15      -5.724433323022e-16 
  719       2.598878225807e-10       5.307650882204e-12      -1.462697093695e-11       0.000000000000e+00       1.166994714134e-14       7.965881723547e-15      -5.705595092697e-16 
  720       2.606488282521e-10       5.293306723322e-12      -1.482248326765e-11       0.000000000000e+00       1.161005209541e-14       7.960226763210e-15      -5.686247567862e-16 
  721       2.614298796085e-10       5.278194007537e-12      -1.501504220427e-11       0.000000000000e+00       1.155054935993e-14       7.954372520767e-15      -5.666393509125e-16 
  722       2.622305725298e-10       5.262319667251e-12      -1.520456396921e-11       0.000000000000e+00       1.149143587660e-14       7.948318129031e-15      -5.646035735636e-16 
  723       2.630504971113e-10       5.245690758793e-12      -1.539096410442e-11       0.000000000000e+00       1.143270850556e-14       7.942062719993e-15      -5.625177125314e-16 
  724       2.638892376414e-10       5.228314462895e-12      -1.557415746931e-11       0.000000000000e+00       1.137436402502e-14       7.935605424823e-15      -5.603820615080e-16 
  725       2.647463725810e-10       5.210198085172e-12      -1.575405823872e-11       0.000000000000e+00       1.131639913095e-14       7.928945373876e-15      -5.581969201084e-16 
  726       2.656214745416e-10       5.191349056603e-12      -1.593057990091e-11       0.000000000000e+00       1.125881043672e-14       7.922081696693e-15      -5.559625938936e-16 
  727       2.665141102636e-10       5.171774934005e-12      -1.610363525547e-11       0.000000000000e+00       1.120159447274e-14       7.915013522007e-15      -5.536793943939e-16 
  728       2.674238405952e-10       5.151483400515e-12      -1.627313641128e-11       0.000000000000e+00       1.114474768609e-14       7.907739977741e-15      -5.513476391311e-16 
  729       2.683502204705e-10       5.130482266067e-12      -1.643899478451e-11       0.000000000000e+00       1.108826644022e-14       7.900260191017e-15      -5.489676516421e-16 
  730       2.692927988885e-10       5.108779467870e-12      -1.660112109651e-11       0.000000000000e+00       1.103214701456e-14       7.892573288154e-15      -5.465397615019e-16 
  731       2.702511188911e-10       5.086383070889e-12      -1.675942537183e-11       0.000000000000e+00       1.097638560416e-14       7.884678394675e-15      -5.440643043460e-16 
  732       2.712247175417e-10       5.063301268320e-12      -1.691381693613e-11       0.000000000000e+00       1.092097831939e-14       7.876574635310e-15      -5.415416218942e-16 
  733       2.722131259041e-10       5.039542382073e-12      -1.706420441414e-11       0.000000000000e+00       1.086592118555e-14       7.868261133997e-15      -5.389720619728e-16 
  734       2.732158690203e-10       5.015114863244e-12      -1.721049572765e-11       0.000000000000e+00       1.081121014252e-14       7.859737013884e-15      -5.363559785380e-16 
  735       2.742324658897e-10       4.990027292600e-12      -1.735259809343e-11       0.000000000000e+00       1.075684104441e-14       7.851001397339e-15      -5.336937316988e-16 
  736       2.752624294471e-10       4.964288381056e-12      -1.749041802119e-11       0.000000000000e+00       1.070280965925e-14       7.842053405944e-15      -5.309856877399e-16 
  737       2.763052665415e-10       4.937906970149e-12      -1.762386131156e-11       0.000000000000e+00       1.064911166856e-14       7.832892160505e-15      -5.282322191449e-16 
  738       2.773604779142e-10       4.910892032524e-12      -1.775283305401e-11       0.000000000000e+00       1.059574266710e-14       7.823516781053e-15      -5.254337046190e-16 
  739       2.784275664085e-10       4.883253310904e-12      -1.787725068834e-11       0.000000000000e+00       1.054269874246e-14       7.813926567121e-15      -5.225905714308e-16 
  740       2.795060618175e-10       4.855003247898e-12      -1.799708347598e-11       0.000000000000e+00       1.048997822752e-14       7.804121542469e-15      -5.197034233085e-16 
  741       2.805954964838e-10       4.826155095234e-12      -1.811231380370e-11       0.000000000000e+00       1.043757998193e-14       7.794101921119e-15      -5.167729151137e-16 
  742       2.816953970935e-10       4.796722279325e-12      -1.822292419145e-11       0.000000000000e+00       1.038550281496e-14       7.783867928094e-15      -5.137997107831e-16 
  743       2.828052846571e-10       4.766718401888e-12      -1.832889729322e-11       0.000000000000e+00       1.033374548531e-14       7.773419799462e-15      -5.107844833613e-16 
  744       2.839246744890e-10       4.736157240567e-12      -1.843021589784e-11       0.000000000000e+00       1.028230670088e-14       7.762757782378e-15      -5.077279150324e-16 
  745       2.850530761883e-10       4.705052749546e-12      -1.852686292981e-11       0.000000000000e+00       1.023118511851e-14       7.751882135129e-15      -5.046306971530e-16 
  746       2.861899936191e-10       4.673419060169e-12      -1.861882145012e-11       0.000000000000e+00       1.018037934380e-14       7.740793127175e-15      -5.014935302837e-16 
  747       2.873349248905e-10       4.641270481563e-12      -1.870607465709e-11       0.000000000000e+00       1.012988793088e-14       7.729491039191e-15      -4.983171242221e-16 
  748       2.884873623373e-10       4.608621501250e-12      -1.878860588714e-11       0.000000000000e+00       1.007970938217e-14       7.717976163110e-15      -4.951021980345e-16 
  749       2.896467924999e-10       4.575486785769e-12      -1.886639861569e-11       0.000000000000e+00       1.002984214816e-14       7.706248802168e-15      -4.918494800884e-16 
  750       2.908126961049e-10       4.541881181298e-12      -1.893943645790e-11       0.000000000000e+00       9.980284627191e-15       7.694309270945e-15      -4.885597080846e-16 
  751       2.919845480452e-10       4.507819714264e-12      -1.900770316956e-11       0.000000000000e+00       9.931035165240e-15       7.682157895407e-15      -4.852336290900e-16 
  752       2.931618173606e-10       4.473317591971e-12      -1.907118264787e-11       0.000000000000e+00       9.882092055684e-15       7.669795012949e-15      -4.818719995689e-16 
  753       2.943439672176e-10       4.438390203212e-12      -1.912985893229e-11       0.000000000000e+00       9.833453539082e-15       7.657220972441e-15      -4.784755854163e-16 
  754       2.955304548903e-10       4.403053118891e-12      -1.918371620533e-11       0.000000000000e+00       9.785117802949e-15       7.644436134265e-15      -4.750451619893e-16 
  755       2.967207317403e-10       4.367322092639e-12      -1.923273879340e-11       0.000000000000e+00       9.737082981539e-15       7.631440870363e-15      -4.715815141401e-16 
  756       2.979142431970e-10       4.331213061436e-12      -1.927691116762e-11       0.000000000000e+00       9.689347155613e-15       7.618235564276e-15      -4.680854362475e-16 
  757       2.991104287381e-10       4.294742146228e-12      -1.931621794466e-11       0.000000000000e+00       9.641908352223e-15       7.604820611188e-15      -4.645577322499e-16 
  758       3.003087218699e-10       4.257925652544e-12      -1.935064388751e-11       0.000000000000e+00       9.594764544486e-15       7.591196417972e-15      -4.609992156770e-16 
  759       3.015085501073e-10       4.220780071116e-12      -1.938017390637e-11       0.000000000000e+00       9.547913651359e-15       7.577363403226e-15      -4.574107096824e-16 
  760       3.027093349545e-10       4.183322078501e-12      -1.940479305944e-11       0.000000000000e+00       9.501353537417e-15       7.563321997321e-15      -4.537930470758e-16 
  761       3.039104918851e-10       4.145568537691e-12      -1.942448655373e-11       0.000000000000e+00       9.455082012633e-15       7.549072642443e-15      -4.501470703550e-16 
  762       3.051114303223e-10       4.107536498743e-12      -1.943923974590e-11       0.000000000000e+00       9.409096832148e-15       7.534615792634e-15      -4.464736317386e-16 
  763       3.063115536194e-10       4.069243199386e-12      -1.944903814307e-11       0.000000000000e+00       9.363395696054e-15       7.519951913836e-15      -4.427735931978e-16 
  764       3.075102590400e-10       4.030706065649e-12      -1.945386740366e-11       0.000000000000e+00       9.317976249168e-15       7.505081483933e-15      -4.390478264891e-16 
  765       3.087069377385e-10       3.991942712476e-12      -1.945371333820e-11       0.000000000000e+00       9.272836080806e-15       7.490004992794e-15      -4.352972131863e-16 
  766       3.099009747399e-10       3.952970944341e-12      -1.944856191016e-11       0.000000000000e+00       9.227972724566e-15       7.474722942316e-15      -4.315226447128e-16 
  767       3.110917489206e-10       3.913808755873e-12      -1.943839923674e-11       0.000000000000e+00       9.183383658099e-15       7.459235846468e-15      -4.277250223737e-16 
  768       3.122786329887e-10       3.874474332472e-12      -1.942321158974e-11       0.000000000000e+00       9.139066302889e-15       7.443544231331e-15      -4.239052573886e-16 
  769       3.134609934639e-10       3.834986050927e-12      -1.940298539636e-11       0.000000000000e+00       9.095018024028e-15       7.427648635142e-15      -4.200642709232e-16 
  770       3.146381906581e-10       3.795362480033e-12      -1.937770724002e-11       0.000000000000e+00       9.051236129995e-15       7.411549608337e-15      -4.162029941221e-16 
  771       3.158095786556e-10       3.755622381214e-12      -1.934736386116e-11       0.000000000000e+00       9.007717872428e-15       7.395247713593e-15      -4.123223681405e-16 
  772       3.169745052936e-10       3.715784709138e-12      -1.931194215812e-11       0.000000000000e+00       8.964460445906e-15       7.378743525872e-15      -4.084233441771e-16 
  773       3.181323121422e-10       3.675868612339e-12      -1.927142918792e-11       0.000000000000e+00       8.921460987723e-15       7.362037632465e-15      -4.045068835060e-16 
  774       3.192823344848e-10       3.635893433831e-12      -1.922581216708e-11       0.000000000000e+00       8.878716577665e-15       7.345130633028e-15      -4.005739575088e-16 
  775       3.204239012986e-10       3.595878711730e-12      -1.917507847245e-11       0.000000000000e+00       8.836224237787e-15       7.328023139633e-15      -3.966255477073e-16 
  776       3.215563352347e-10       3.555844179872e-12      -1.911921564205e-11       0.000000000000e+00       8.793980932189e-15       7.310715776807e-15      -3.926626457954e-16 
  777       3.226789525984e-10       3.515809768431e-12      -1.905821137587e-11       0.000000000000e+00       8.751983566794e-15       7.293209181574e-15      -3.886862536716e-16 
  778       3.237911204180e-10       3.475794516997e-12      -1.899206295632e-11       0.000000000000e+00       8.710229387438e-15       7.275504265017e-15      -3.846972387988e-16 
  779       3.248924288643e-10       3.435813290197e-12      -1.892080570170e-11       0.000000000000e+00       8.668717182777e-15       7.257603002256e-15      -3.806958972446e-16 
  780       3.259825220254e-10       3.395880001705e-12      -1.884448504792e-11       0.000000000000e+00       8.627446103500e-15       7.239507657371e-15      -3.766823825107e-16 
  781       3.270610411028e-10       3.356008696612e-12      -1.876314717997e-11       0.000000000000e+00       8.586415265906e-15       7.221220523315e-15      -3.726568494664e-16 
  782       3.281276244032e-10       3.316213551824e-12      -1.867683903452e-11       0.000000000000e+00       8.545623751766e-15       7.202743922013e-15      -3.686194543525e-16 
  783       3.291819073299e-10       3.276508876467e-12      -1.858560830267e-11       0.000000000000e+00       8.505070608175e-15       7.184080204457e-15      -3.645703547842e-16 
  784       3.302235223743e-10       3.236909112292e-12      -1.848950343262e-11       0.000000000000e+00       8.464754847410e-15       7.165231750797e-15      -3.605097097558e-16 
  785       3.312520991078e-10       3.197428834075e-12      -1.838857363236e-11       0.000000000000e+00       8.424675446783e-15       7.146200970436e-15      -3.564376796432e-16 
  786       3.322672641734e-10       3.158082750025e-12      -1.828286887234e-11       0.000000000000e+00       8.384831348500e-15       7.126990302129e-15      -3.523544262083e-16 
  787       3.332686412770e-10       3.118885702182e-12      -1.817243988816e-11       0.000000000000e+00       8.345221459512e-15       7.107602214073e-15      -3.482601126022e-16 
  788       3.342558511793e-10       3.079852666823e-12      -1.805733818329e-11       0.000000000000e+00       8.305844651374e-15       7.088039204000e-15      -3.441549033691e-16 
  789       3.352285116871e-10       3.040998754867e-12      -1.793761603172e-11       0.000000000000e+00       8.266699760102e-15       7.068303799280e-15      -3.400389644497e-16 
  790       3.361862376454e-10       3.002339212274e-12      -1.781332648067e-11       0.000000000000e+00       8.227785586023e-15       7.048398557004e-15      -3.359124631850e-16 
  791       3.371286409285e-10       2.963889420452e-12      -1.768452335326e-11       0.000000000000e+00       8.189100893636e-15       7.028326064088e-15      -3.317755683195e-16 
  792       3.380553304318e-10       2.925664896659e-12      -1.755126125119e-11       0.000000000000e+00       8.150644411464e-15       7.008088937364e-15      -3.276284500054e-16 
  793       3.389659120636e-10       2.887681294406e-12      -1.741359555748e-11       0.000000000000e+00       8.112414831911e-15       6.987689823671e-15      -3.234712798061e-16 
  794       3.398599887363e-10       2.849954403860e-12      -1.727158243908e-11       0.000000000000e+00       8.074410811119e-15       6.967131399957e-15      -3.193042306991e-16 
  795       3.407371603583e-10       2.812500152250e-12      -1.712527884964e-11       0.000000000000e+00       8.036630968821e-15       6.946416373368e-15      -3.151274770808e-16 
  796       3.415970238257e-10       2.775334604265e-12      -1.697474253210e-11       0.000000000000e+00       7.999073888198e-15       6.925547481341e-15      -3.109411947691e-16 
  797       3.424391730134e-10       2.738473962462e-12      -1.682003202148e-11       0.000000000000e+00       7.961738115733e-15       6.904527491706e-15      -3.067455610076e-16 
  798       3.432631987674e-10       2.701934567669e-12      -1.666120664749e-11       0.000000000000e+00       7.924622161070e-15       6.883359202774e-15      -3.025407544688e-16 
  799       3.440686888958e-10       2.665732899385e-12      -1.649832653726e-11       0.000000000000e+00       7.887724496866e-15       6.862045443433e-15      -2.983269552583e-16 
  800       3.448552281607e-10       2.629885576185e-12      -1.633145261801e-11       0.000000000000e+00       7.851043558648e-15       6.840589073243e-15      -2.941043449177e-16 
  801       3.456223982700e-10       2.594409356127e-12      -1.616064661972e-11       0.000000000000e+00       7.814577744669e-15       6.818992982531e-15      -2.898731064289e-16 
  802       3.463697778684e-10       2.559321137149e-12      -1.598597107787e-11       0.000000000000e+00       7.778325415763e-15       6.797260092486e-15      -2.856334242170e-16 
  803       3.470969425296e-10       2.524637957475e-12      -1.580748933606e-11       0.000000000000e+00       7.742284895201e-15       6.775393355251e-15      -2.813854841548e-16 
  804       3.478034647476e-10       2.490376996020e-12      -1.562526554877e-11       0.000000000000e+00       7.706454468544e-15       6.753395754019e-15      -2.771294735655e-16 
  805       3.484889139285e-10       2.456555572791e-12      -1.543936468398e-11       0.000000000000e+00       7.670832383504e-15       6.731270303129e-15      -2.728655812269e-16 
  806       3.491528563817e-10       2.423191149292e-12      -1.524985252589e-11       0.000000000000e+00       7.635416849795e-15       6.709020048158e-15      -2.685939973750e-16 
  807       3.497948553122e-10       2.390301328925e-12      -1.505679567761e-11       0.000000000000e+00       7.600206038990e-15       6.686648066016e-15      -2.643149137074e-16 
  808       3.504144708114e-10       2.357903857396e-12      -1.486026156383e-11       0.000000000000e+00       7.565198084375e-15       6.664157465044e-15      -2.600285233867e-16 
  809       3.510112598495e-10       2.326016623117e-12      -1.466031843354e-11       0.000000000000e+00       7.530391080809e-15       6.641551385101e-15      -2.557350210449e-16 
  810       3.515847762663e-10       2.294657657607e-12      -1.445703536267e-11       0.000000000000e+00       7.495783084574e-15       6.618832997668e-15      -2.514346027862e-16 
  811       3.521345707636e-10       2.263845135900e-12      -1.425048225681e-11       0.000000000000e+00       7.461372113236e-15       6.596005505934e-15      -2.471274661910e-16 
  812       3.526601908961e-10       2.233597376946e-12      -1.404072985389e-11       0.000000000000e+00       7.427156145494e-15       6.573072144897e-15      -2.428138103196e-16 
  813       3.531611810635e-10       2.203932844013e-12      -1.382784972687e-11       0.000000000000e+00       7.393133121043e-15       6.550036181452e-15      -2.384938357154e-16 
  814       3.536370825020e-10       2.174870145091e-12      -1.361191428642e-11       0.000000000000e+00       7.359300940425e-15       6.526900914494e-15      -2.341677444092e-16 
  815       3.540874332756e-10       2.146428033298e-12      -1.339299678360e-11       0.000000000000e+00       7.325657464883e-15       6.503669675004e-15      -2.298357399220e-16 
  816       3.545117682682e-10       2.118625407279e-12      -1.317117131258e-11       0.000000000000e+00       7.292200516223e-15       6.480345826149e-15      -2.254980272693e-16 
  817       3.549096896643e-10       2.091479110503e-12      -1.294651346523e-11       0.000000000000e+00       7.258928149646e-15       6.456932165640e-15      -2.211548953940e-16 
  818       3.552810797890e-10       2.064997285235e-12      -1.271910230247e-11       0.000000000000e+00       7.225839477902e-15       6.433429120924e-15      -2.168069660737e-16 
  819       3.556258920536e-10       2.039185900652e-12      -1.248901842345e-11       0.000000000000e+00       7.192933861575e-15       6.409836521943e-15      -2.124549494668e-16 
  820       3.559440808143e-10       2.014050943198e-12      -1.225634331965e-11       0.000000000000e+00       7.160210637336e-15       6.386154195933e-15      -2.080995621039e-16 
  821       3.562356013768e-10       1.989598416598e-12      -1.202115937765e-11       0.000000000000e+00       7.127669117848e-15       6.362381967410e-15      -2.037415269064e-16 
  822       3.565004100004e-10       1.965834341863e-12      -1.178354988193e-11       0.000000000000e+00       7.095308591674e-15       6.338519658162e-15      -1.993815732047e-16 
  823       3.567384639024e-10       1.942764757299e-12      -1.154359901770e-11       0.000000000000e+00       7.063128323175e-15       6.314567087228e-15      -1.950204367568e-16 
  824       3.569497212623e-10       1.920395718515e-12      -1.130139187369e-11       0.000000000000e+00       7.031127552423e-15       6.290524070895e-15      -1.906588597666e-16 
  825       3.571341412260e-10       1.898733298428e-12      -1.105701444495e-11       0.000000000000e+00       6.999305495097e-15       6.266390422678e-15      -1.862975909026e-16 
  826       3.572916839102e-10       1.877783587277e-12      -1.081055363565e-11       0.000000000000e+00       6.967661342394e-15       6.242165953309e-15      -1.819373853158e-16 
  827       3.574223104064e-10       1.857552692628e-12      -1.056209726191e-11       0.000000000000e+00       6.936194260931e-15       6.217850470725e-15      -1.775790046587e-16 
  828       3.575259827857e-10       1.838046739379e-12      -1.031173405458e-11       0.000000000000e+00       6.904903392649e-15       6.193443780055e-15      -1.732232171031e-16 
  829       3.576026641023e-10       1.819271869774e-12      -1.005955366205e-11       0.000000000000e+00       6.873787854720e-15       6.168945683608e-15      -1.688707973591e-16 
  830       3.576523183985e-10       1.801234243406e-12      -9.805646653063e-12       0.000000000000e+00       6.842846739448e-15       6.144355980856e-15      -1.645225266932e-16 
  831       3.576749107085e-10       1.783940037229e-12      -9.550104519501e-12       0.000000000000e+00       6.812079114177e-15       6.119674468429e-15      -1.601791929468e-16 
  832       3.576704070628e-10       1.767395445563e-12      -9.293019679209e-12       0.000000000000e+00       6.781484021194e-15       6.094900940093e-15      -1.558415905545e-16 
  833       3.576387744924e-10       1.751606680104e-12      -9.034485478788e-12       0.000000000000e+00       6.751060477634e-15       6.070035186744e-15      -1.515105205627e-16 
  834       3.575799810332e-10       1.736579969931e-12      -8.774596196403e-12       0.000000000000e+00       6.720807475383e-15       6.045076996394e-15      -1.471867906480e-16 
  835       3.574939957302e-10       1.722321561514e-12      -8.513447044585e-12       0.000000000000e+00       6.690723980985e-15       6.020026154155e-15      -1.428712151354e-16 
  836       3.573807886417e-10       1.708837718724e-12      -8.251134173037e-12       0.000000000000e+00       6.660808935546e-15       5.994882442229e-15      -1.385646150170e-16 
  837       3.572403308437e-10       1.696134722838e-12      -7.987754671437e-12       0.000000000000e+00       6.631061254638e-15       5.969645639894e-15      -1.342678179702e-16 
  838       3.570725944339e-10       1.684218872549e-12      -7.723406572245e-12       0.000000000000e+00       6.601479828202e-15       5.944315523493e-15      -1.299816583762e-16 
  839       3.568775525363e-10       1.673096483975e-12      -7.458188853502e-12       0.000000000000e+00       6.572063520457e-15       5.918891866420e-15      -1.257069773385e-16 
  840       3.566551793052e-10       1.662773890663e-12      -7.192201441642e-12       0.000000000000e+00       6.542811169799e-15       5.893374439104e-15      -1.214446227013e-16 
  841       3.564054499297e-10       1.653257443604e-12      -6.925545214288e-12       0.000000000000e+00       6.513721588712e-15       5.867763009002e-15      -1.171954490677e-16 
  842       3.561283406376e-10       1.644553511233e-12      -6.658322003061e-12       0.000000000000e+00       6.484793563665e-15       5.842057340584e-15      -1.129603178184e-16 
  843       3.558238287000e-10       1.636668479443e-12      -6.390634596384e-12       0.000000000000e+00       6.456025855023e-15       5.816257195317e-15      -1.087400971298e-16 
  844       3.554918924355e-10       1.629608751591e-12      -6.122586742284e-12       0.000000000000e+00       6.427417196951e-15       5.790362331658e-15      -1.045356619929e-16 
  845       3.551325112143e-10       1.623380748505e-12      -5.854283151201e-12       0.000000000000e+00       6.398966297312e-15       5.764372505034e-15      -1.003478942311e-16 
  846       3.547456654628e-10       1.617990908495e-12      -5.585829498785e-12       0.000000000000e+00       6.370671837580e-15       5.738287467836e-15      -9.617768251937e-17 
  847       3.543313366673e-10       1.613445687357e-12      -5.317332428707e-12       0.000000000000e+00       6.342532472741e-15       5.712106969403e-15      -9.202592240184e-17 
  848       3.538895073789e-10       1.609751558385e-12      -5.048899555460e-12       0.000000000000e+00       6.314546831196e-15       5.685830756009e-15      -8.789351631083e-17 
  849       3.534201612172e-10       1.606915012377e-12      -4.780639467162e-12       0.000000000000e+00       6.286713514668e-15       5.659458570852e-15      -8.378137358502e-17 
  850       3.529232828751e-10       1.604942557644e-12      -4.512661728366e-12       0.000000000000e+00       6.259031098105e-15       5.632990154037e-15      -7.969041048790e-17 
  851       3.523988581226e-10       1.603840720016e-12      -4.245076882856e-12       0.000000000000e+00       6.231498129588e-15       5.606425242570e-15      -7.562155022620e-17 
  852       3.518468738112e-10       1.603616042853e-12      -3.977996456458e-12       0.000000000000e+00       6.204113130228e-15       5.579763570337e-15      -7.157572296831e-17 
  853       3.512673178784e-10       1.604275087051e-12      -3.711532959842e-12       0.000000000000e+00       6.176874594080e-15       5.553004868100e-15      -6.755386586268e-17 
  854       3.506601793516e-10       1.605824431051e-12      -3.445799891325e-12       0.000000000000e+00       6.149780988042e-15       5.526148863475e-15      -6.355692305626e-17 
  855       3.500254483527e-10       1.608270670847e-12      -3.180911739677e-12       0.000000000000e+00       6.122830751759e-15       5.499195280929e-15      -5.958584571289e-17 
  856       3.493631611043e-10       1.611618385005e-12      -2.916975921284e-12       0.000000000000e+00       6.096022488279e-15       5.472144615048e-15      -5.564141633599e-17 
  857       3.486735357821e-10       1.615863991665e-12      -2.654068435274e-12       0.000000000000e+00       6.069355539763e-15       5.445000464860e-15      -5.172371841555e-17 
  858       3.479568389874e-10       1.621001786806e-12      -2.392257798817e-12       0.000000000000e+00       6.042829421400e-15       5.417767239296e-15      -4.783265777396e-17 
  859       3.472133409669e-10       1.627025969413e-12      -2.131613076627e-12       0.000000000000e+00       6.016443631487e-15       5.390449387620e-15      -4.396813743184e-17 
  860       3.464433156242e-10       1.633930641152e-12      -1.872203882446e-12       0.000000000000e+00       5.990197651365e-15       5.363051399544e-15      -4.013005759771e-17 
  861       3.456470405311e-10       1.641709806049e-12      -1.614100380528e-12       0.000000000000e+00       5.964090945350e-15       5.335577805341e-15      -3.631831565772e-17 
  862       3.448247969395e-10       1.650357370164e-12      -1.357373287126e-12       0.000000000000e+00       5.938122960675e-15       5.308033175960e-15      -3.253280616526e-17 
  863       3.439768697932e-10       1.659867141262e-12      -1.102093871977e-12       0.000000000000e+00       5.912293127422e-15       5.280422123137e-15      -2.877342083070e-17 
  864       3.431035477389e-10       1.670232828494e-12      -8.483339597850e-13       0.000000000000e+00       5.886600858458e-15       5.252749299511e-15      -2.504004851102e-17 
  865       3.422051231386e-10       1.681448042069e-12      -5.961659317054e-13       0.000000000000e+00       5.861045549374e-15       5.225019398736e-15      -2.133257519951e-17 
  866       3.412818920807e-10       1.693506292930e-12      -3.456627268328e-13       0.000000000000e+00       5.835626578416e-15       5.197237155598e-15      -1.765088401546e-17 
  867       3.403341543917e-10       1.706400992429e-12      -9.689784368374e-14       0.000000000000e+00       5.810343306423e-15       5.169407346124e-15      -1.399485519381e-17 
  868       3.393622136481e-10       1.720125452001e-12       1.500546583179e-13       0.000000000000e+00       5.785195076766e-15       5.141534787697e-15      -1.036436607483e-17 
  869       3.383663771876e-10       1.734672882841e-12       3.951201573558e-13       0.000000000000e+00       5.760181215277e-15       5.113624339174e-15      -6.759291093816e-18 
  870       3.373469561211e-10       1.750036395580e-12       6.382234677367e-13       0.000000000000e+00       5.735301030190e-15       5.085680900993e-15      -3.179501770769e-18 
  871       3.363042653441e-10       1.766208999957e-12       8.792888384051e-13       0.000000000000e+00       5.710553812077e-15       5.057709415292e-15       3.751332999511e-19 
  872       3.352386235484e-10       1.783183604497e-12       1.118239951459e-12       0.000000000000e+00       5.685938833780e-15       5.029714866021e-15       3.904748459929e-18 
  873       3.341503532337e-10       1.800953016185e-12       1.354999920664e-12       0.000000000000e+00       5.661455350348e-15       5.001702279052e-15       7.409480997025e-18 
  874       3.330397807194e-10       1.819509940140e-12       1.589491289969e-12       0.000000000000e+00       5.637102598977e-15       4.973676722301e-15       1.088947115569e-17 
  875       3.319072361558e-10       1.838846979293e-12       1.821636032021e-12       0.000000000000e+00       5.612879798940e-15       4.945643305833e-15       1.434486214730e-17 
  876       3.307530535362e-10       1.858956634061e-12       2.051355546683e-12       0.000000000000e+00       5.588786151526e-15       4.917607181980e-15       1.777580016046e-17 
  877       3.295775707082e-10       1.879831302020e-12       2.278570659543e-12       0.000000000000e+00       5.564820839975e-15       4.889573545455e-15       2.118243437134e-17 
  878       3.283811293855e-10       1.901463277584e-12       2.503201620435e-12       0.000000000000e+00       5.540983029413e-15       4.861547633464e-15       2.456491695401e-17 
  879       3.271640751594e-10       1.923844751676e-12       2.725168101951e-12       0.000000000000e+00       5.517271866789e-15       4.833534725822e-15       2.792340309073e-17 
  880       3.259267575106e-10       1.946967811409e-12       2.944389197958e-12       0.000000000000e+00       5.493686480813e-15       4.805540145062e-15       3.125805098228e-17 
  881       3.246695298206e-10       1.970824439754e-12       3.160783422111e-12       0.000000000000e+00       5.470225981885e-15       4.777569256555e-15       3.456902185833e-17 
  882       3.233927493835e-10       1.995406515221e-12       3.374268706369e-12       0.000000000000e+00       5.446889462037e-15       4.749627468619e-15       3.785647998768e-17 
  883       3.220967774174e-10       2.020705811530e-12       3.584762399510e-12       0.000000000000e+00       5.423675994868e-15       4.721720232634e-15       4.112059268866e-17 
  884       3.207819790765e-10       2.046713997292e-12       3.792181265649e-12       0.000000000000e+00       5.400584635476e-15       4.693853043156e-15       4.436153033940e-17 
  885       3.194487234621e-10       2.073422635675e-12       3.996441482748e-12       0.000000000000e+00       5.377614420399e-15       4.666031438030e-15       4.757946638818e-17 
  886       3.180973836347e-10       2.100823184090e-12       4.197458641135e-12       0.000000000000e+00       5.354764367545e-15       4.638260998506e-15       5.077457736375e-17 
  887       3.167283366253e-10       2.128906993856e-12       4.395147742015e-12       0.000000000000e+00       5.332033476135e-15       4.610547349348e-15       5.394704288562e-17 
  888       3.153419634474e-10       2.157665309884e-12       4.589423195992e-12       0.000000000000e+00       5.309420726630e-15       4.582896158955e-15       5.709704567445e-17 
  889       3.139386491083e-10       2.187089270345e-12       4.780198821577e-12       0.000000000000e+00       5.286925080676e-15       4.555313139465e-15       6.022477156229e-17 
  890       3.125187826206e-10       2.217169906349e-12       4.967387843707e-12       0.000000000000e+00       5.264545481033e-15       4.527804046877e-15       6.333040950297e-17 
  891       3.110827570144e-10       2.247898141622e-12       5.150902892259e-12       0.000000000000e+00       5.242280851512e-15       4.500374681161e-15       6.641415158239e-17 
  892       3.096309693485e-10       2.279264792176e-12       5.330656000565e-12       0.000000000000e+00       5.220130096914e-15       4.473030886373e-15       6.947619302885e-17 
  893       3.081638207218e-10       2.311260565986e-12       5.506558603929e-12       0.000000000000e+00       5.198092102963e-15       4.445778550767e-15       7.251673222337e-17 
  894       3.066817162857e-10       2.343876062670e-12       5.678521538139e-12       0.000000000000e+00       5.176165736242e-15       4.418623606909e-15       7.553597070999e-17 
  895       3.051850639202e-10       2.377101073532e-12       5.846466949101e-12       0.000000000000e+00       5.154349980397e-15       4.391570890284e-15       7.853402566940e-17 
  896       3.036742702183e-10       2.410922469857e-12       6.010364237644e-12       0.000000000000e+00       5.132644347300e-15       4.364620694478e-15       8.151066575393e-17 
  897       3.021497444596e-10       2.445326279532e-12       6.170194698122e-12       0.000000000000e+00       5.111048472467e-15       4.337772160023e-15       8.446557096379e-17 
  898       3.006118999504e-10       2.480298383109e-12       6.325939660738e-12       0.000000000000e+00       5.089561979354e-15       4.311024410760e-15       8.739841979049e-17 
  899       2.990611540349e-10       2.515824513388e-12       6.477580491843e-12       0.000000000000e+00       5.068184479309e-15       4.284376553784e-15       9.030888921404e-17 
  900       2.974979281070e-10       2.551890254978e-12       6.625098594233e-12       0.000000000000e+00       5.046915571535e-15       4.257827679377e-15       9.319665470016e-17 
  901       2.959226476214e-10       2.588481043872e-12       6.768475407445e-12       0.000000000000e+00       5.025754843041e-15       4.231376860964e-15       9.606139019756e-17 
  902       2.943357421051e-10       2.625582167015e-12       6.907692408059e-12       0.000000000000e+00       5.004701868601e-15       4.205023155043e-15       9.890276813510e-17 
  903       2.927376451692e-10       2.663178761879e-12       7.042731109989e-12       0.000000000000e+00       4.983756210707e-15       4.178765601138e-15       1.017204594190e-16 
  904       2.911287945196e-10       2.701255816026e-12       7.173573064785e-12       0.000000000000e+00       4.962917419530e-15       4.152603221738e-15       1.045141334303e-16 
  905       2.895096319692e-10       2.739798166688e-12       7.300199861930e-12       0.000000000000e+00       4.942185032873e-15       4.126535022236e-15       1.072834580216e-16 
  906       2.878806034486e-10       2.778790500328e-12       7.422593129136e-12       0.000000000000e+00       4.921558576126e-15       4.100559990879e-15       1.100280995148e-16 
  907       2.862421590181e-10       2.818217352217e-12       7.540734532643e-12       0.000000000000e+00       4.901037562225e-15       4.074677098707e-15       1.127477226980e-16 
  908       2.845947528789e-10       2.858063106003e-12       7.654605777515e-12       0.000000000000e+00       4.880621491608e-15       4.048885299496e-15       1.154419908228e-16 
  909       2.829388433845e-10       2.898311993279e-12       7.764188607940e-12       0.000000000000e+00       4.860309852169e-15       4.023183529699e-15       1.181105656016e-16 
  910       2.812748930520e-10       2.938948093156e-12       7.869464807524e-12       0.000000000000e+00       4.840102119216e-15       3.997570708395e-15       1.207531072048e-16 
  911       2.796033685739e-10       2.979955331834e-12       7.970416199590e-12       0.000000000000e+00       4.819997755425e-15       3.972045737224e-15       1.233692742577e-16 
  912       2.779247408292e-10       3.021317482171e-12       8.067024647479e-12       0.000000000000e+00       4.799996210801e-15       3.946607500338e-15       1.259587238385e-16 
  913       2.762394848949e-10       3.063018163252e-12       8.159272054842e-12       0.000000000000e+00       4.780096922628e-15       3.921254864335e-15       1.285211114746e-16 
  914       2.745480800575e-10       3.105040839964e-12       8.247140365939e-12       0.000000000000e+00       4.760299315429e-15       3.895986678209e-15       1.310560911406e-16 
  915       2.728510098243e-10       3.147368822563e-12       8.330611565940e-12       0.000000000000e+00       4.740602800923e-15       3.870801773291e-15       1.335633152548e-16 
  916       2.711487619350e-10       3.189985266243e-12       8.409667681218e-12       0.000000000000e+00       4.721006777976e-15       3.845698963191e-15       1.360424346771e-16 
  917       2.694418283729e-10       3.232873170713e-12       8.484290779648e-12       0.000000000000e+00       4.701510632564e-15       3.820677043738e-15       1.384930987060e-16 
  918       2.677307053765e-10       3.276015379760e-12       8.554462970906e-12       0.000000000000e+00       4.682113737725e-15       3.795734792931e-15       1.409149550754e-16 
  919       2.660158934509e-10       3.319394580824e-12       8.620166406765e-12       0.000000000000e+00       4.662815453514e-15       3.770870970873e-15       1.433076499524e-16 
  920       2.642978973792e-10       3.362993304567e-12       8.681383281394e-12       0.000000000000e+00       4.643615126964e-15       3.746084319718e-15       1.456708279343e-16 
  921       2.625772262339e-10       3.406793924446e-12       8.738095831652e-12       0.000000000000e+00       4.624512092038e-15       3.721373563616e-15       1.480041320459e-16 
  922       2.608543933882e-10       3.450778656277e-12       8.790286337389e-12       0.000000000000e+00       4.605505669587e-15       3.696737408652e-15       1.503072037364e-16 
  923       2.591299165278e-10       3.494929557814e-12       8.837937121744e-12       0.000000000000e+00       4.586595167306e-15       3.672174542788e-15       1.525796828770e-16 
  924       2.574043176619e-10       3.539228528313e-12       8.881030551438e-12       0.000000000000e+00       4.567779879689e-15       3.647683635813e-15       1.548212077582e-16 
  925       2.556781231350e-10       3.583657308106e-12       8.919549037076e-12       0.000000000000e+00       4.549059087986e-15       3.623263339276e-15       1.570314150863e-16 
  926       2.539518636380e-10       3.628197478168e-12       8.953475033444e-12       0.000000000000e+00       4.530432060160e-15       3.598912286438e-15       1.592099399817e-16 
  927       2.522260742197e-10       3.672830459693e-12       8.982791039802e-12       0.000000000000e+00       4.511898050844e-15       3.574629092207e-15       1.613564159752e-16 
  928       2.505012942985e-10       3.717537513658e-12       9.007479600187e-12       0.000000000000e+00       4.493456301292e-15       3.550412353089e-15       1.634704750058e-16 
  929       2.487780676735e-10       3.762299740401e-12       9.027523303710e-12       0.000000000000e+00       4.475106039343e-15       3.526260647122e-15       1.655517474174e-16 
  930       2.470569425359e-10       3.807098079183e-12       9.042904784849e-12       0.000000000000e+00       4.456846479369e-15       3.502172533826e-15       1.675998619568e-16 
  931       2.453384714808e-10       3.851913307764e-12       9.053606723750e-12       0.000000000000e+00       4.438676822238e-15       3.478146554142e-15       1.696144457701e-16 
  932       2.436232115183e-10       3.896726041974e-12       9.059611846525e-12       0.000000000000e+00       4.420596255266e-15       3.454181230377e-15       1.715951244003e-16 
  933       2.419117240848e-10       3.941516735281e-12       9.060902925548e-12       0.000000000000e+00       4.402603952176e-15       3.430275066146e-15       1.735415217846e-16 
  934       2.402045332236e-10       3.986266690004e-12       9.057471842703e-12       0.000000000000e+00       4.384699169171e-15       3.406426885258e-15       1.754533490009e-16 
  935       2.385019993848e-10       4.030961109144e-12       9.049346933786e-12       0.000000000000e+00       4.366881534895e-15       3.382636854297e-15       1.773306720335e-16 
  936       2.368044436746e-10       4.075586091417e-12       9.036566072208e-12       0.000000000000e+00       4.349150764924e-15       3.358905475915e-15       1.791736481883e-16 
  937       2.351121895137e-10       4.120127623645e-12       9.019167646336e-12       0.000000000000e+00       4.331506566018e-15       3.335233251331e-15       1.809824377321e-16 
  938       2.334255626426e-10       4.164571580462e-12       8.997190561039e-12       0.000000000000e+00       4.313948636096e-15       3.311620680312e-15       1.827572039023e-16 
  939       2.317448911279e-10       4.208903724030e-12       8.970674239231e-12       0.000000000000e+00       4.296476664207e-15       3.288068261172e-15       1.844981129162e-16 
  940       2.300705053673e-10       4.253109703742e-12       8.939658623408e-12       0.000000000000e+00       4.279090330493e-15       3.264576490754e-15       1.862053339804e-16 
  941       2.284027380956e-10       4.297175055938e-12       8.904184177200e-12       0.000000000000e+00       4.261789306165e-15       3.241145864423e-15       1.878790393002e-16 
  942       2.267419243905e-10       4.341085203609e-12       8.864291886906e-12       0.000000000000e+00       4.244573253468e-15       3.217776876055e-15       1.895194040892e-16 
  943       2.250884016779e-10       4.384825456108e-12       8.820023263041e-12       0.000000000000e+00       4.227441825651e-15       3.194470018027e-15       1.911266065785e-16 
  944       2.234425097379e-10       4.428381008861e-12       8.771420341877e-12       0.000000000000e+00       4.210394666939e-15       3.171225781203e-15       1.927008280260e-16 
  945       2.218045907104e-10       4.471736943076e-12       8.718525686987e-12       0.000000000000e+00       4.193431412501e-15       3.148044654929e-15       1.942422527263e-16 
  946       2.201749891008e-10       4.514878225452e-12       8.661382390788e-12       0.000000000000e+00       4.176551688416e-15       3.124927127017e-15       1.957510680198e-16 
  947       2.185540517854e-10       4.557789707888e-12       8.600034076084e-12       0.000000000000e+00       4.159755111648e-15       3.101873683740e-15       1.972274643019e-16 
  948       2.169421280176e-10       4.600456127193e-12       8.534524897605e-12       0.000000000000e+00       4.143041290013e-15       3.078884809815e-15       1.986716350329e-16 
  949       2.153395694330e-10       4.642862104797e-12       8.464899543556e-12       0.000000000000e+00       4.126409822146e-15       3.055960988399e-15       2.000837767471e-16 
  950       2.137467300556e-10       4.684992146459e-12       8.391203237156e-12       0.000000000000e+00       4.109860297475e-15       3.033102701072e-15       2.014640890624e-16 
  951       2.121639663030e-10       4.726830641974e-12       8.313481738182e-12       0.000000000000e+00       4.093392296186e-15       3.010310427833e-15       2.028127746895e-16 
  952       2.105916369925e-10       4.768361864888e-12       8.231781344511e-12       0.000000000000e+00       4.077005389196e-15       2.987584647083e-15       2.041300394415e-16 
  953       2.090301033464e-10       4.809569972203e-12       8.146148893663e-12       0.000000000000e+00       4.060699138118e-15       2.964925835620e-15       2.054160922432e-16 
  954       2.074797289980e-10       4.850439004090e-12       8.056631764346e-12       0.000000000000e+00       4.044473095238e-15       2.942334468624e-15       2.066711451407e-16 
  955       2.059408799971e-10       4.890952883596e-12       7.963277877996e-12       0.000000000000e+00       4.028326803474e-15       2.919811019651e-15       2.078954133106e-16 
  956       2.044139248157e-10       4.931095416352e-12       7.866135700321e-12       0.000000000000e+00       4.012259796354e-15       2.897355960618e-15       2.090891150696e-16 
  957       2.028992343537e-10       4.970850290288e-12       7.765254242844e-12       0.000000000000e+00       3.996271597983e-15       2.874969761794e-15       2.102524718838e-16 
  958       2.013971819444e-10       5.010201075336e-12       7.660683064445e-12       0.000000000000e+00       3.980361723008e-15       2.852652891792e-15       2.113857083780e-16 
  959       1.999081433607e-10       5.049131223146e-12       7.552472272906e-12       0.000000000000e+00       3.964529676595e-15       2.830405817554e-15       2.124890523455e-16 
  960       1.984324968200e-10       5.087624066790e-12       7.440672526451e-12       0.000000000000e+00       3.948774954393e-15       2.808229004343e-15       2.135627347572e-16 
  961       1.969706229906e-10       5.125662820473e-12       7.325335035292e-12       0.000000000000e+00       3.933097042504e-15       2.786122915733e-15       2.146069897710e-16 
  962       1.955229049969e-10       5.163230579246e-12       7.206511563169e-12       0.000000000000e+00       3.917495417453e-15       2.764088013597e-15       2.156220547417e-16 
  963       1.940897284253e-10       5.200310318711e-12       7.084254428893e-12       0.000000000000e+00       3.901969546160e-15       2.742124758097e-15       2.166081702295e-16 
  964       1.926714813299e-10       5.236884894732e-12       6.958616507891e-12       0.000000000000e+00       3.886518885905e-15       2.720233607673e-15       2.175655800104e-16 
  965       1.912685542378e-10       5.272937043144e-12       6.829651233748e-12       0.000000000000e+00       3.871142884300e-15       2.698415019034e-15       2.184945310850e-16 
  966       1.898813401555e-10       5.308449379466e-12       6.697412599749e-12       0.000000000000e+00       3.855840979257e-15       2.676669447146e-15       2.193952736881e-16 
  967       1.885102345739e-10       5.343404398606e-12       6.561955160423e-12       0.000000000000e+00       3.840612598958e-15       2.654997345220e-15       2.202680612982e-16 
  968       1.871556354741e-10       5.377784474572e-12       6.423334033083e-12       0.000000000000e+00       3.825457161828e-15       2.633399164706e-15       2.211131506467e-16 
  969       1.858179433334e-10       5.411571860181e-12       6.281604899375e-12       0.000000000000e+00       3.810374076496e-15       2.611875355277e-15       2.219308017277e-16 
  970       1.844975611308e-10       5.444748686772e-12       6.136824006813e-12       0.000000000000e+00       3.795362741771e-15       2.590426364822e-15       2.227212778069e-16 
  971       1.831948943526e-10       5.477296963910e-12       5.989048170328e-12       0.000000000000e+00       3.780422546613e-15       2.569052639435e-15       2.234848454315e-16 
  972       1.819103509980e-10       5.509198579100e-12       5.838334773808e-12       0.000000000000e+00       3.765552870094e-15       2.547754623404e-15       2.242217744392e-16 
  973       1.806442860135e-10       5.540437402542e-12       5.684743393293e-12       0.000000000000e+00       3.750753150865e-15       2.526532791376e-15       2.249322911649e-16 
  974       1.793968336696e-10       5.571005636596e-12       5.528340690129e-12       0.000000000000e+00       3.736023096732e-15       2.505387745401e-15       2.256164372704e-16 
  975       1.781680726794e-10       5.600897561050e-12       5.369195594326e-12       0.000000000000e+00       3.721362478165e-15       2.484320119327e-15       2.262742088142e-16 
  976       1.769580815400e-10       5.630107436688e-12       5.207377691309e-12       0.000000000000e+00       3.706771059065e-15       2.463330546746e-15       2.269056028659e-16 
  977       1.757669385320e-10       5.658629505264e-12       5.042957223666e-12       0.000000000000e+00       3.692248596749e-15       2.442419660985e-15       2.275106175100e-16 
  978       1.745947217175e-10       5.686457989482e-12       4.876005092898e-12       0.000000000000e+00       3.677794841924e-15       2.421588095108e-15       2.280892518489e-16 
  979       1.734415089388e-10       5.713587092966e-12       4.706592861166e-12       0.000000000000e+00       3.663409538668e-15       2.400836481899e-15       2.286415060069e-16 
  980       1.723073778175e-10       5.740011000244e-12       4.534792753040e-12       0.000000000000e+00       3.649092424405e-15       2.380165453864e-15       2.291673811333e-16 
  981       1.711924057526e-10       5.765723876717e-12       4.360677657245e-12       0.000000000000e+00       3.634843229886e-15       2.359575643222e-15       2.296668794062e-16 
  982       1.700966699194e-10       5.790719868640e-12       4.184321128413e-12       0.000000000000e+00       3.620661679166e-15       2.339067681893e-15       2.301400040358e-16 
  983       1.690202472682e-10       5.814993103092e-12       4.005797388827e-12       0.000000000000e+00       3.606547489583e-15       2.318642201503e-15       2.305867592678e-16 
  984       1.679632145227e-10       5.838537687962e-12       3.825181330174e-12       0.000000000000e+00       3.592500371733e-15       2.298299833364e-15       2.310071503873e-16 
  985       1.669256481788e-10       5.861347711913e-12       3.642548515288e-12       0.000000000000e+00       3.578520029454e-15       2.278041208480e-15       2.314011837218e-16 
  986       1.659076245034e-10       5.883417244368e-12       3.457975179900e-12       0.000000000000e+00       3.564606159799e-15       2.257866957531e-15       2.317688666450e-16 
  987       1.649092195326e-10       5.904740335481e-12       3.271538234390e-12       0.000000000000e+00       3.550758453016e-15       2.237777710872e-15       2.321102075803e-16 
  988       1.639305090709e-10       5.925311016114e-12       3.083315265530e-12       0.000000000000e+00       3.536976592527e-15       2.217774098524e-15       2.324252160041e-16 
  989       1.629715686892e-10       5.945123297814e-12       2.893384538233e-12       0.000000000000e+00       3.523260254905e-15       2.197856750171e-15       2.327139024494e-16 
  990       1.620324737241e-10       5.964171172787e-12       2.701824997305e-12       0.000000000000e+00       3.509609109853e-15       2.178026295146e-15       2.329762785092e-16 
  991       1.611132992759e-10       5.982448613875e-12       2.508716269188e-12       0.000000000000e+00       3.496022820181e-15       2.158283362434e-15       2.332123568403e-16 
  992       1.602141202079e-10       5.999949574535e-12       2.314138663714e-12       0.000000000000e+00       3.482501041785e-15       2.138628580659e-15       2.334221511663e-16 
  993       1.593350111444e-10       6.016667988811e-12       2.118173175846e-12       0.000000000000e+00       3.469043423627e-15       2.119062578079e-15       2.336056762817e-16 
  994       1.584760464698e-10       6.032597771310e-12       1.920901487434e-12       0.000000000000e+00       3.455649607710e-15       2.099585982580e-15       2.337629480548e-16 
  995       1.576373003270e-10       6.047732817182e-12       1.722405968956e-12       0.000000000000e+00       3.442319229057e-15       2.080199421671e-15       2.338939834315e-16 
  996       1.568188466163e-10       6.062067002092e-12       1.522769681272e-12       0.000000000000e+00       3.429051915690e-15       2.060903522474e-15       2.339988004387e-16 
  997       1.560207589936e-10       6.075594182198e-12       1.322076377368e-12       0.000000000000e+00       3.415847288610e-15       2.041698911721e-15       2.340774181880e-16 
  998       1.552431108694e-10       6.088308194127e-12       1.120410504107e-12       0.000000000000e+00       3.402704961770e-15       2.022586215745e-15       2.341298568789e-16 
  999       1.544859754074e-10       6.100202854951e-12       9.178572039756e-13       0.000000000000e+00       3.389624542057e-15       2.003566060474e-15       2.341561378023e-16 
 1000       1.537494255230e-10       6.111271962162e-12       7.145023168329e-13       0.000000000000e+00       3.376605629273e-15       1.984639071427e-15       2.341562833444e-16 
 1001       1.530335338820e-10       6.121509293650e-12       5.104323816584e-13       0.000000000000e+00       3.363647816104e-15       1.965805873703e-15       2.341303169897e-16 
 1002       1.523383728993e-10       6.130908607676e-12       3.057346383002e-13       0.000000000000e+00       3.350750688109e-15       1.947067091980e-15       2.340782633247e-16 
 1003       1.516640147375e-10       6.139463642852e-12       1.004970292232e-13       0.000000000000e+00       3.337913823689e-15       1.928423350502e-15       2.340001480414e-16 
 1004       1.510105313055e-10       6.147168118113e-12      -1.051917987424e-13       0.000000000000e+00       3.325136794072e-15       1.909875273080e-15       2.338959979408e-16 
 1005       1.503779942572e-10       6.154015732698e-12      -3.112424926534e-13       0.000000000000e+00       3.312419163288e-15       1.891423483079e-15       2.337658409365e-16 
 1006       1.497664749900e-10       6.160000166121e-12      -5.175649917051e-13       0.000000000000e+00       3.299760488146e-15       1.873068603413e-15       2.336097060577e-16 
 1007       1.491760446438e-10       6.165115078148e-12      -7.240685254832e-13       0.000000000000e+00       3.287160318216e-15       1.854811256544e-15       2.334276234535e-16 
 1008       1.486067740992e-10       6.169354108777e-12      -9.306616122155e-13       0.000000000000e+00       3.274618195803e-15       1.836652064466e-15       2.332196243957e-16 
 1009       1.480587339763e-10       6.172710878209e-12      -1.137252057024e-12       0.000000000000e+00       3.262133655928e-15       1.818591648707e-15       2.329857412825e-16 
 1010       1.475319946336e-10       6.175178986829e-12      -1.343746950176e-12       0.000000000000e+00       3.249706226306e-15       1.800630630319e-15       2.327260076421e-16 
 1011       1.470266261660e-10       6.176752015176e-12      -1.550052665337e-12       0.000000000000e+00       3.237335427323e-15       1.782769629869e-15       2.324404581361e-16 
 1012       1.465426590333e-10       6.177425496016e-12      -1.756080894863e-12       0.000000000000e+00       3.225020826900e-15       1.765009498193e-15       2.321291933618e-16 
 1013       1.460799653222e-10       6.177202861768e-12      -1.961766854614e-12       0.000000000000e+00       3.212762205996e-15       1.747352012295e-15       2.317925752759e-16 
 1014       1.456383757677e-10       6.176089582877e-12      -2.167051338444e-12       0.000000000000e+00       3.200559395451e-15       1.729799189478e-15       2.314310345983e-16 
 1015       1.452177189620e-10       6.174091203709e-12      -2.371874703944e-12       0.000000000000e+00       3.188412221303e-15       1.712353057519e-15       2.310450062806e-16 
 1016       1.448178213489e-10       6.171213342759e-12      -2.576176871397e-12       0.000000000000e+00       3.176320504770e-15       1.695015654689e-15       2.306349295167e-16 
 1017       1.444385072179e-10       6.167461692860e-12      -2.779897322739e-12       0.000000000000e+00       3.164284062234e-15       1.677789029776e-15       2.302012477543e-16 
 1018       1.440795986978e-10       6.162842021388e-12      -2.982975100518e-12       0.000000000000e+00       3.152302705231e-15       1.660675242104e-15       2.297444087057e-16 
 1019       1.437409157515e-10       6.157360170469e-12      -3.185348806854e-12       0.000000000000e+00       3.140376240429e-15       1.643676361551e-15       2.292648643591e-16 
 1020       1.434222761692e-10       6.151022057185e-12      -3.386956602393e-12       0.000000000000e+00       3.128504469617e-15       1.626794468574e-15       2.287630709893e-16 
 1021       1.431234955629e-10       6.143833673785e-12      -3.587736205267e-12       0.000000000000e+00       3.116687189688e-15       1.610031654229e-15       2.282394891694e-16 
 1022       1.428443873604e-10       6.135801087885e-12      -3.787624890057e-12       0.000000000000e+00       3.104924192624e-15       1.593390020187e-15       2.276945837811e-16 
 1023       1.425847627992e-10       6.126930442683e-12      -3.986559486743e-12       0.000000000000e+00       3.093215265480e-15       1.576871678760e-15       2.271288240264e-16 
 1024       1.423444309205e-10       6.117227957159e-12      -4.184476379672e-12       0.000000000000e+00       3.081560190370e-15       1.560478752917e-15       2.265426834386e-16 
 1025       1.421231985636e-10       6.106699926286e-12      -4.381311506510e-12       0.000000000000e+00       3.069958744449e-15       1.544213376308e-15       2.259366398929e-16 
 1026       1.419208703594e-10       6.095352721234e-12      -4.577000357200e-12       0.000000000000e+00       3.058410699900e-15       1.528077693284e-15       2.253111756180e-16 
 1027       1.417372487248e-10       6.083192789579e-12      -4.771477972926e-12       0.000000000000e+00       3.046915823919e-15       1.512073858914e-15       2.246667772071e-16 
 1028       1.415721338566e-10       6.070226655511e-12      -4.964678945066e-12       0.000000000000e+00       3.035473878697e-15       1.496204039012e-15       2.240039356287e-16 
 1029       1.414253237254e-10       6.056460920038e-12      -5.156537414155e-12       0.000000000000e+00       3.024084621408e-15       1.480470410150e-15       2.233231462378e-16 
 1030       1.412966140701e-10       6.041902261192e-12      -5.346987068838e-12       0.000000000000e+00       3.012747804189e-15       1.464875159685e-15       2.226249087872e-16 
 1031       1.411857983913e-10       6.026557434243e-12      -5.535961144835e-12       0.000000000000e+00       3.001463174129e-15       1.449420485774e-15       2.219097274384e-16 
 1032       1.410926679458e-10       6.010433271895e-12      -5.723392423894e-12       0.000000000000e+00       2.990230473252e-15       1.434108597401e-15       2.211781107724e-16 
 1033       1.410170117404e-10       5.993536684504e-12      -5.909213232752e-12       0.000000000000e+00       2.979049438501e-15       1.418941714392e-15       2.204305718014e-16 
 1034       1.409586165260e-10       5.975874660276e-12      -6.093355442093e-12       0.000000000000e+00       2.967919801725e-15       1.403922067435e-15       2.196676279794e-16 
 1035       1.409172667918e-10       5.957454265480e-12      -6.275750465507e-12       0.000000000000e+00       2.956841289658e-15       1.389051898108e-15       2.188898012133e-16 
 1036       1.408927447590e-10       5.938282644651e-12      -6.456329258448e-12       0.000000000000e+00       2.945813623911e-15       1.374333458889e-15       2.180976178743e-16 
 1037       1.408848303750e-10       5.918367020799e-12      -6.635022317192e-12       0.000000000000e+00       2.934836520950e-15       1.359769013187e-15       2.172916088085e-16 
 1038       1.408933013074e-10       5.897714695615e-12      -6.811759677797e-12       0.000000000000e+00       2.923909692088e-15       1.345360835353e-15       2.164723093486e-16 
 1039       1.409179329381e-10       5.876333049679e-12      -6.986470915059e-12       0.000000000000e+00       2.913032843460e-15       1.331111210708e-15       2.156402593242e-16 
 1040       1.409584983575e-10       5.854229542665e-12      -7.159085141473e-12       0.000000000000e+00       2.902205676016e-15       1.317022435559e-15       2.147960030735e-16 
 1041       1.410147683579e-10       5.831411713549e-12      -7.329531006190e-12       0.000000000000e+00       2.891427885503e-15       1.303096817223e-15       2.139400894544e-16 
 1042       1.410865114282e-10       5.807887180816e-12      -7.497736693976e-12       0.000000000000e+00       2.880699162446e-15       1.289336674042e-15       2.130730718549e-16 
 1043       1.411734937478e-10       5.783663642668e-12      -7.663629924170e-12       0.000000000000e+00       2.870019192138e-15       1.275744335411e-15       2.121955082050e-16 
 1044       1.412754791802e-10       5.758748877228e-12      -7.827137949644e-12       0.000000000000e+00       2.859387654622e-15       1.262322141792e-15       2.113079609872e-16 
 1045       1.413922292676e-10       5.733150742749e-12      -7.988187555760e-12       0.000000000000e+00       2.848804224675e-15       1.249072444738e-15       2.104109972478e-16 
 1046       1.415235032245e-10       5.706877177822e-12      -8.146705059327e-12       0.000000000000e+00       2.838268571795e-15       1.235997606913e-15       2.095051886081e-16 
 1047       1.416690579321e-10       5.679936201578e-12      -8.302616307564e-12       0.000000000000e+00       2.827780360183e-15       1.223100002112e-15       2.085911112752e-16 
 1048       1.418286479319e-10       5.652335913901e-12      -8.455846677054e-12       0.000000000000e+00       2.817339248729e-15       1.210382015282e-15       2.076693460532e-16 
 1049       1.420020254201e-10       5.624084495631e-12      -8.606321072704e-12       0.000000000000e+00       2.806944890995e-15       1.197846042540e-15       2.067404783545e-16 
 1050       1.421889402416e-10       5.595190208773e-12      -8.753963926705e-12       0.000000000000e+00       2.796596935204e-15       1.185494491200e-15       2.058050982103e-16 
 1051       1.423891347866e-10       5.565662150813e-12      -8.898708911489e-12       0.000000000000e+00       2.786295059764e-15       1.173329040812e-15       2.048636560967e-16 
 1052       1.426023286161e-10       5.535512528746e-12      -9.040528228564e-12       0.000000000000e+00       2.776039080428e-15       1.161348415018e-15       2.039160281934e-16 
 1053       1.428282336111e-10       5.504754417066e-12      -9.179403724748e-12       0.000000000000e+00       2.765828844596e-15       1.149550578767e-15       2.029619451034e-16 
 1054       1.430665590436e-10       5.473401006820e-12      -9.315317215097e-12       0.000000000000e+00       2.755664195894e-15       1.137933474422e-15       2.020011354862e-16 
 1055       1.433170115704e-10       5.441465605887e-12      -9.448250482918e-12       0.000000000000e+00       2.745544974159e-15       1.126495021698e-15       2.010333260535e-16 
 1056       1.435792952264e-10       5.408961639272e-12      -9.578185279783e-12       0.000000000000e+00       2.735471015434e-15       1.115233117604e-15       2.000582415639e-16 
 1057       1.438531114180e-10       5.375902649392e-12      -9.705103325541e-12       0.000000000000e+00       2.725442151948e-15       1.104145636385e-15       1.990756048190e-16 
 1058       1.441381589166e-10       5.342302296367e-12      -9.828986308329e-12       0.000000000000e+00       2.715458212112e-15       1.093230429458e-15       1.980851366588e-16 
 1059       1.444341338524e-10       5.308174358308e-12      -9.949815884589e-12       0.000000000000e+00       2.705519020504e-15       1.082485325355e-15       1.970865559566e-16 
 1060       1.447407297074e-10       5.273532731606e-12      -1.006757367908e-11       0.000000000000e+00       2.695624397857e-15       1.071908129664e-15       1.960795796150e-16 
 1061       1.450576373093e-10       5.238391431218e-12      -1.018224128487e-11       0.000000000000e+00       2.685774161050e-15       1.061496624969e-15       1.950639225609e-16 
 1062       1.453845448245e-10       5.202764590961e-12      -1.029380026341e-11       0.000000000000e+00       2.675968123093e-15       1.051248570787e-15       1.940392977414e-16 
 1063       1.457211377522e-10       5.166666463795e-12      -1.040223214446e-11       0.000000000000e+00       2.666206093119e-15       1.041161703513e-15       1.930054161187e-16 
 1064       1.460670989172e-10       5.130111422117e-12      -1.050751842617e-11       0.000000000000e+00       2.656487876369e-15       1.031233736359e-15       1.919619866658e-16 
 1065       1.464221084640e-10       5.093113958044e-12      -1.060964057506e-11       0.000000000000e+00       2.646813274185e-15       1.021462359290e-15       1.909087163621e-16 
 1066       1.467858438497e-10       5.055688683708e-12      -1.070858002605e-11       0.000000000000e+00       2.637182083994e-15       1.011845238973e-15       1.898453101884e-16 
 1067       1.471579798382e-10       5.017850331541e-12      -1.080431818246e-11       0.000000000000e+00       2.627594099297e-15       1.002380018708e-15       1.887714711227e-16 
 1068       1.475381884927e-10       4.979613754564e-12      -1.089683641603e-11       0.000000000000e+00       2.618049109661e-15       9.930643183742e-16       1.876869001356e-16 
 1069       1.479261391702e-10       4.940993926675e-12      -1.098611606693e-11       0.000000000000e+00       2.608546900704e-15       9.838957343696e-16       1.865912961852e-16 
 1070       1.483214985142e-10       4.902005942942e-12      -1.107213844376e-11       0.000000000000e+00       2.599087254085e-15       9.748718395491e-16       1.854843562135e-16 
 1071       1.487239304487e-10       4.862665019885e-12      -1.115488482360e-11       0.000000000000e+00       2.589669947493e-15       9.659901831668e-16       1.843657751409e-16 
 1072       1.491330961712e-10       4.822986495771e-12      -1.123433645197e-11       0.000000000000e+00       2.580294754632e-15       9.572482908153e-16       1.832352458621e-16 
 1073       1.495486541467e-10       4.782985830900e-12      -1.131047454291e-11       0.000000000000e+00       2.570961445214e-15       9.486436643666e-16       1.820924592414e-16 
 1074       1.499702601008e-10       4.742678607893e-12      -1.138328027890e-11       0.000000000000e+00       2.561669784945e-15       9.401737819122e-16       1.809371041083e-16 
 1075       1.503975670132e-10       4.702080531981e-12      -1.145273481098e-11       0.000000000000e+00       2.552419535515e-15       9.318360977033e-16       1.797688672527e-16 
 1076       1.508302251115e-10       4.661207431296e-12      -1.151881925869e-11       0.000000000000e+00       2.543210454584e-15       9.236280420915e-16       1.785874334204e-16 
 1077       1.512678818641e-10       4.620075257158e-12      -1.158151471008e-11       0.000000000000e+00       2.534042295772e-15       9.155470214687e-16       1.773924853086e-16 
 1078       1.517101819744e-10       4.578700084363e-12      -1.164080222177e-11       0.000000000000e+00       2.524914808648e-15       9.075904182077e-16       1.761837035611e-16 
 1079       1.521567673736e-10       4.537098111473e-12      -1.169666281895e-11       0.000000000000e+00       2.515827738718e-15       8.997555906022e-16       1.749607667642e-16 
 1080       1.526072772148e-10       4.495285661103e-12      -1.174907749534e-11       0.000000000000e+00       2.506780827414e-15       8.920398728076e-16       1.737233514416e-16 
 1081       1.530613478658e-10       4.453279180214e-12      -1.179802721328e-11       0.000000000000e+00       2.497773812079e-15       8.844405747809e-16       1.724711320501e-16 
 1082       1.535186129032e-10       4.411095240397e-12      -1.184349290369e-11       0.000000000000e+00       2.488806425961e-15       8.769549822213e-16       1.712037809751e-16 
 1083       1.539787031054e-10       4.368750538162e-12      -1.188545546610e-11       0.000000000000e+00       2.479878398197e-15       8.695803565103e-16       1.699209685258e-16 
 1084       1.544412464465e-10       4.326261895232e-12      -1.192389576866e-11       0.000000000000e+00       2.470989453805e-15       8.623139346523e-16       1.686223629308e-16 
 1085       1.549058680895e-10       4.283646258826e-12      -1.195879464817e-11       0.000000000000e+00       2.462139313670e-15       8.551529292144e-16       1.673076303335e-16 
 1086       1.553721903798e-10       4.240920701949e-12      -1.199013291005e-11       0.000000000000e+00       2.453327694532e-15       8.480945282674e-16       1.659764347874e-16 
 1087       1.558398328387e-10       4.198102423682e-12      -1.201789132841e-11       0.000000000000e+00       2.444554308976e-15       8.411358953258e-16       1.646284382517e-16 
 1088       1.563084121571e-10       4.155208749472e-12      -1.204205064600e-11       0.000000000000e+00       2.435818865422e-15       8.342741692878e-16       1.632633005866e-16 
 1089       1.567775421884e-10       4.112257131417e-12      -1.206259157429e-11       0.000000000000e+00       2.427121068108e-15       8.275064643762e-16       1.618806795489e-16 
 1090       1.572468603989e-10       4.069264335819e-12      -1.207950267604e-11       0.000000000000e+00       2.418460649755e-15       8.208301620923e-16       1.604803638707e-16 
 1091       1.577161076173e-10       4.026243993326e-12      -1.209280412889e-11       0.000000000000e+00       2.409837470036e-15       8.142437914841e-16       1.590626744596e-16 
 1092       1.581850493411e-10       3.983209016520e-12      -1.210252428038e-11       0.000000000000e+00       2.401251418400e-15       8.077461605600e-16       1.576280685672e-16 
 1093       1.586534493733e-10       3.940172409887e-12      -1.210869179501e-11       0.000000000000e+00       2.392702381517e-15       8.013360653144e-16       1.561770072033e-16 
 1094       1.591210698186e-10       3.897147270023e-12      -1.211133565508e-11       0.000000000000e+00       2.384190243264e-15       7.950122896977e-16       1.547099551435e-16 
 1095       1.595876710795e-10       3.854146785840e-12      -1.211048516147e-11       0.000000000000e+00       2.375714884724e-15       7.887736055861e-16       1.532273809392e-16 
 1096       1.600530118527e-10       3.811184238773e-12      -1.210616993446e-11       0.000000000000e+00       2.367276184171e-15       7.826187727515e-16       1.517297569256e-16 
 1097       1.605168491248e-10       3.768273002986e-12      -1.209841991454e-11       0.000000000000e+00       2.358874017066e-15       7.765465388309e-16       1.502175592311e-16 
 1098       1.609789381690e-10       3.725426545581e-12      -1.208726536321e-11       0.000000000000e+00       2.350508256048e-15       7.705556392966e-16       1.486912677857e-16 
 1099       1.614390325406e-10       3.682658426801e-12      -1.207273686381e-11       0.000000000000e+00       2.342178770924e-15       7.646447974259e-16       1.471513663303e-16 
 1100       1.618968840739e-10       3.639982300241e-12      -1.205486532229e-11       0.000000000000e+00       2.333885428663e-15       7.588127242706e-16       1.455983424255e-16 
 1101       1.623522428776e-10       3.597411913053e-12      -1.203368196806e-11       0.000000000000e+00       2.325628093386e-15       7.530581186273e-16       1.440326874599e-16 
 1102       1.628048573316e-10       3.554961106149e-12      -1.200921835476e-11       0.000000000000e+00       2.317406626359e-15       7.473796670066e-16       1.424548966597e-16 
 1103       1.632544740825e-10       3.512643814415e-12      -1.198150636109e-11       0.000000000000e+00       2.309220885985e-15       7.417760436032e-16       1.408654690972e-16 
 1104       1.637008380404e-10       3.470474066912e-12      -1.195057819164e-11       0.000000000000e+00       2.301070727794e-15       7.362459102661e-16       1.392649076997e-16 
 1105       1.641436923746e-10       3.428465987085e-12      -1.191646637764e-11       0.000000000000e+00       2.292956004437e-15       7.307879164673e-16       1.376537192582e-16 
 1106       1.645827785099e-10       3.386633792969e-12      -1.187920377781e-11       0.000000000000e+00       2.284876565674e-15       7.254006992728e-16       1.360324144367e-16 
 1107       1.650178361227e-10       3.344991797397e-12      -1.183882357917e-11       0.000000000000e+00       2.276832258372e-15       7.200828833116e-16       1.344015077803e-16 
 1108       1.654486031373e-10       3.303554408203e-12      -1.179535929783e-11       0.000000000000e+00       2.268822926492e-15       7.148330807457e-16       1.327615177251e-16 
 1109       1.658748157217e-10       3.262336128436e-12      -1.174884477981e-11       0.000000000000e+00       2.260848411080e-15       7.096498912400e-16       1.311129666060e-16 
 1110       1.662962082843e-10       3.221351556557e-12      -1.169931420183e-11       0.000000000000e+00       2.252908550262e-15       7.045319019319e-16       1.294563806664e-16 
 1111       1.667125134693e-10       3.180615386656e-12      -1.164680207215e-11       0.000000000000e+00       2.245003179236e-15       6.994776874014e-16       1.277922900664e-16 
 1112       1.671234621538e-10       3.140142408650e-12      -1.159134323136e-11       0.000000000000e+00       2.237132130259e-15       6.944858096404e-16       1.261212288922e-16 
 1113       1.675287834428e-10       3.099947508496e-12      -1.153297285316e-11       0.000000000000e+00       2.229295232645e-15       6.895548180229e-16       1.244437351645e-16 
 1114       1.679282046666e-10       3.060045668392e-12      -1.147172644524e-11       0.000000000000e+00       2.221492312753e-15       6.846832492747e-16       1.227603508478e-16 
 1115       1.683214513758e-10       3.020451966990e-12      -1.140763985000e-11       0.000000000000e+00       2.213723193977e-15       6.798696274432e-16       1.210716218589e-16 
 1116       1.687082473382e-10       2.981181579599e-12      -1.134074924545e-11       0.000000000000e+00       2.205987696744e-15       6.751124638668e-16       1.193780980757e-16 
 1117       1.690883145348e-10       2.942249778390e-12      -1.127109114593e-11       0.000000000000e+00       2.198285638500e-15       6.704102571455e-16       1.176803333467e-16 
 1118       1.694613731555e-10       2.903671932608e-12      -1.119870240299e-11       0.000000000000e+00       2.190616833704e-15       6.657614931097e-16       1.159788854990e-16 
 1119       1.698271415960e-10       2.865463508775e-12      -1.112362020614e-11       0.000000000000e+00       2.182981093819e-15       6.611646447910e-16       1.142743163477e-16 
 1120       1.701853364533e-10       2.827640070895e-12      -1.104588208371e-11       0.000000000000e+00       2.175378227307e-15       6.566181723911e-16       1.125671917046e-16 
 1121       1.705356725223e-10       2.790217280667e-12      -1.096552590361e-11       0.000000000000e+00       2.167808039614e-15       6.521205232522e-16       1.108580813872e-16 
 1122       1.708778627914e-10       2.753210897686e-12      -1.088258987420e-11       0.000000000000e+00       2.160270333170e-15       6.476701318264e-16       1.091475592273e-16 
 1123       1.712116184393e-10       2.716636779651e-12      -1.079711254501e-11       0.000000000000e+00       2.152764907373e-15       6.432654196457e-16       1.074362030799e-16 
 1124       1.715366488308e-10       2.680510882575e-12      -1.070913280765e-11       0.000000000000e+00       2.145291558588e-15       6.389047952919e-16       1.057245948324e-16 
 1125       1.718526615129e-10       2.644849260985e-12      -1.061868989653e-11       0.000000000000e+00       2.137850080131e-15       6.345866543660e-16       1.040133204131e-16 
 1126       1.721593622110e-10       2.609668068138e-12      -1.052582338971e-11       0.000000000000e+00       2.130440262269e-15       6.303093794583e-16       1.023029697999e-16 
 1127       1.724564548253e-10       2.574983556219e-12      -1.043057320972e-11       0.000000000000e+00       2.123061892206e-15       6.260713401181e-16       1.005941370299e-16 
 1128       1.727436414264e-10       2.540812076553e-12      -1.033297962435e-11       0.000000000000e+00       2.115714754075e-15       6.218708928235e-16       9.888742020741e-17 
 1129       1.730206618746e-10       2.507168250513e-12      -1.023308531586e-11       0.000000000000e+00       2.108398649549e-15       6.177071182733e-16       9.718334922792e-17 
 1130       1.732874132447e-10       2.474059455921e-12      -1.013094161648e-11       0.000000000000e+00       2.101113459964e-15       6.135820437717e-16       9.548216790616e-17 
 1131       1.735438319393e-10       2.441491269694e-12      -1.002660235522e-11       0.000000000000e+00       2.093859084982e-15       6.094984495498e-16       9.378404904540e-17 
 1132       1.737898542058e-10       2.409469290697e-12      -9.920121797818e-12       0.000000000000e+00       2.086635422043e-15       6.054591340913e-16       9.208916646916e-17 
 1133       1.740254161367e-10       2.377999139782e-12      -9.811554647714e-12       0.000000000000e+00       2.079442366354e-15       6.014669141715e-16       9.039769502323e-17 
 1134       1.742504536696e-10       2.347086459821e-12      -9.700956047061e-12       0.000000000000e+00       2.072279810891e-15       5.975246248970e-16       8.870981057779e-17 
 1135       1.744649025866e-10       2.316736915743e-12      -9.588381577729e-12       0.000000000000e+00       2.065147646383e-15       5.936351197441e-16       8.702569002942e-17 
 1136       1.746686985143e-10       2.286956194564e-12      -9.473887262305e-12       0.000000000000e+00       2.058045761312e-15       5.898012705987e-16       8.534551130317e-17 
 1137       1.748617769240e-10       2.257750005425e-12      -9.357529565097e-12       0.000000000000e+00       2.050974041908e-15       5.860259677947e-16       8.366945335462e-17 
 1138       1.750440731312e-10       2.229124079626e-12      -9.239365393137e-12       0.000000000000e+00       2.043932372136e-15       5.823121201538e-16       8.199769617196e-17 
 1139       1.752155222958e-10       2.201084170661e-12      -9.119452097183e-12       0.000000000000e+00       2.036920633696e-15       5.786626550241e-16       8.033042077801e-17 
 1140       1.753760594217e-10       2.173636054253e-12      -8.997847472722e-12       0.000000000000e+00       2.029938706014e-15       5.750805183196e-16       7.866780923229e-17 
 1141       1.755256193566e-10       2.146785528386e-12      -8.874609760972e-12       0.000000000000e+00       2.022986466235e-15       5.715686745593e-16       7.701004463311e-17 
 1142       1.756641367925e-10       2.120538413343e-12      -8.749797649887e-12       0.000000000000e+00       2.016063789218e-15       5.681301069061e-16       7.535731111959e-17 
 1143       1.757915462647e-10       2.094900551738e-12      -8.623470275158e-12       0.000000000000e+00       2.009170547531e-15       5.647678172063e-16       7.370979387373e-17 
 1144       1.759077821522e-10       2.069877808555e-12      -8.495687221215e-12       0.000000000000e+00       2.002306611441e-15       5.614848260284e-16       7.206767912248e-17 
 1145       1.760127786776e-10       2.045476071175e-12      -8.366508522233e-12       0.000000000000e+00       1.995471848912e-15       5.582841727025e-16       7.043115413977e-17 
 1146       1.761064699068e-10       2.021701249419e-12      -8.235994663130e-12       0.000000000000e+00       1.988666125595e-15       5.551689153592e-16       6.880040724861e-17 
 1147       1.761887897489e-10       1.998559275578e-12      -8.104206580575e-12       0.000000000000e+00       1.981889304823e-15       5.521421309690e-16       6.717562782312e-17 
 1148       1.762596719561e-10       1.976056104447e-12      -7.971205663986e-12       0.000000000000e+00       1.975141247607e-15       5.492069153812e-16       6.555700629058e-17 
 1149       1.763190501234e-10       1.954197713364e-12      -7.837053756535e-12       0.000000000000e+00       1.968421812625e-15       5.463663833634e-16       6.394473413352e-17 
 1150       1.763668576891e-10       1.932990102239e-12      -7.701813156152e-12       0.000000000000e+00       1.961730856221e-15       5.436236686401e-16       6.233900389176e-17 
 1151       1.764030279337e-10       1.912439293593e-12      -7.565546616525e-12       0.000000000000e+00       1.955068232394e-15       5.409819239324e-16       6.074000916445e-17 
 1152       1.764274939807e-10       1.892551332593e-12      -7.428317348105e-12       0.000000000000e+00       1.948433792795e-15       5.384443209966e-16       5.914794461217e-17 
 1153       1.764401887957e-10       1.873332287081e-12      -7.290189019108e-12       0.000000000000e+00       1.941827386719e-15       5.360140506639e-16       5.756300595896e-17 
 1154       1.764410451871e-10       1.854788247615e-12      -7.151225756518e-12       0.000000000000e+00       1.935248861099e-15       5.336943228791e-16       5.598538999437e-17 
 1155       1.764299958050e-10       1.836925327503e-12      -7.011492147087e-12       0.000000000000e+00       1.928698060501e-15       5.314883667399e-16       5.441529457557e-17 
 1156       1.764069731420e-10       1.819749662831e-12      -6.871053238342e-12       0.000000000000e+00       1.922174827115e-15       5.293994305363e-16       5.285291862932e-17 
 1157       1.763719095325e-10       1.803267412508e-12      -6.729974539586e-12       0.000000000000e+00       1.915679000752e-15       5.274307817891e-16       5.129846215412e-17 
 1158       1.763247371528e-10       1.787484758291e-12      -6.588322022901e-12       0.000000000000e+00       1.909210418834e-15       5.255857072897e-16       4.975212622222e-17 
 1159       1.762653880207e-10       1.772407904826e-12      -6.446162124149e-12       0.000000000000e+00       1.902768916392e-15       5.238675131390e-16       4.821411298168e-17 
 1160       1.761937939960e-10       1.758043079679e-12      -6.303561743978e-12       0.000000000000e+00       1.896354326056e-15       5.222795247862e-16       4.668462565843e-17 
 1161       1.761098867795e-10       1.744396533376e-12      -6.160588248820e-12       0.000000000000e+00       1.889966478050e-15       5.208250870687e-16       4.516386855835e-17 
 1162       1.760135979138e-10       1.731474539428e-12      -6.017309471900e-12       0.000000000000e+00       1.883605200187e-15       5.195075642505e-16       4.365204706929e-17 
 1163       1.759048587822e-10       1.719283394377e-12      -5.873793714233e-12       0.000000000000e+00       1.877270317860e-15       5.183303400617e-16       4.214936766318e-17 
 1164       1.757836006096e-10       1.707829417822e-12      -5.730109745631e-12       0.000000000000e+00       1.870961654038e-15       5.172968177376e-16       4.065603789803e-17 
 1165       1.756497544616e-10       1.697118952458e-12      -5.586326805703e-12       0.000000000000e+00       1.864679029260e-15       5.164104200577e-16       3.917226642003e-17 
 1166       1.755032512445e-10       1.687158364109e-12      -5.442514604858e-12       0.000000000000e+00       1.858422261626e-15       5.156745893853e-16       3.769826296559e-17 
 1167       1.753440217056e-10       1.677954041765e-12      -5.298743325310e-12       0.000000000000e+00       1.852191166793e-15       5.150927877060e-16       3.623423836342e-17 
 1168       1.751720268131e-10       1.669510620841e-12      -5.155079502422e-12       0.000000000000e+00       1.845985576466e-15       5.146670268209e-16       3.478034844909e-17 
 1169       1.749873493136e-10       1.661825628571e-12      -5.011573610305e-12       0.000000000000e+00       1.839805394136e-15       5.143934387123e-16       3.333652503644e-17 
 1170       1.747901033203e-10       1.654894771682e-12      -4.868272322872e-12       0.000000000000e+00       1.833650540027e-15       5.142666498273e-16       3.190264283518e-17 
 1171       1.745804040387e-10       1.648713706966e-12      -4.725222620042e-12       0.000000000000e+00       1.827520932657e-15       5.142812458064e-16       3.047857534370e-17 
 1172       1.743583677693e-10       1.643278041162e-12      -4.582471788380e-12       0.000000000000e+00       1.821416488831e-15       5.144317713940e-16       2.906419484615e-17 
 1173       1.741241119104e-10       1.638583330832e-12      -4.440067421741e-12       0.000000000000e+00       1.815337123642e-15       5.147127303481e-16       2.765937240961e-17 
 1174       1.738777549600e-10       1.634625082238e-12      -4.298057421907e-12       0.000000000000e+00       1.809282750459e-15       5.151185853499e-16       2.626397788118e-17 
 1175       1.736194165191e-10       1.631398751224e-12      -4.156489999231e-12       0.000000000000e+00       1.803253280928e-15       5.156437579147e-16       2.487787988515e-17 
 1176       1.733492172936e-10       1.628899743093e-12      -4.015413673274e-12       0.000000000000e+00       1.797248624964e-15       5.162826283007e-16       2.350094582008e-17 
 1177       1.730672790973e-10       1.627123412485e-12      -3.874877273449e-12       0.000000000000e+00       1.791268690748e-15       5.170295354201e-16       2.213304185598e-17 
 1178       1.727737248543e-10       1.626065063254e-12      -3.734929939661e-12       0.000000000000e+00       1.785313384724e-15       5.178787767480e-16       2.077403293141e-17 
 1179       1.724686786012e-10       1.625719948352e-12      -3.595621122946e-12       0.000000000000e+00       1.779382611588e-15       5.188246082333e-16       1.942378275061e-17 
 1180       1.721522654903e-10       1.626083269701e-12      -3.457000586114e-12       0.000000000000e+00       1.773476274292e-15       5.198612442079e-16       1.808215378064e-17 
 1181       1.718246117918e-10       1.627150178075e-12      -3.319118404388e-12       0.000000000000e+00       1.767594274031e-15       5.209828572972e-16       1.674900724849e-17 
 1182       1.714858448960e-10       1.628915772978e-12      -3.182024966044e-12       0.000000000000e+00       1.761736510247e-15       5.221835783298e-16       1.542420313824e-17 
 1183       1.711360933165e-10       1.631375102523e-12      -3.045770973056e-12       0.000000000000e+00       1.755902880614e-15       5.234574962475e-16       1.410760018816e-17 
 1184       1.707754866924e-10       1.634523163310e-12      -2.910407441730e-12       0.000000000000e+00       1.750093281043e-15       5.247986580151e-16       1.279905588786e-17 
 1185       1.704041557908e-10       1.638354900304e-12      -2.775985703351e-12       0.000000000000e+00       1.744307605672e-15       5.262010685310e-16       1.149842647539e-17 
 1186       1.700222325094e-10       1.642865206712e-12      -2.642557404819e-12       0.000000000000e+00       1.738545746862e-15       5.276586905362e-16       1.020556693440e-17 
 1187       1.696298498792e-10       1.648048923867e-12      -2.510174509294e-12       0.000000000000e+00       1.732807595194e-15       5.291654445250e-16       8.920330991265e-18 
 1188       1.692271420667e-10       1.653900841101e-12      -2.378889296832e-12       0.000000000000e+00       1.727093039462e-15       5.307152086548e-16       7.642571112196e-18 
 1189       1.688142443769e-10       1.660415695626e-12      -2.248754365029e-12       0.000000000000e+00       1.721401966671e-15       5.323018186558e-16       6.372138500381e-18 
 1190       1.683912932555e-10       1.667588172410e-12      -2.119822629662e-12       0.000000000000e+00       1.715734262029e-15       5.339190677412e-16       5.108883093112e-18 
 1191       1.679584262914e-10       1.675412904061e-12      -1.992147325327e-12       0.000000000000e+00       1.710089808947e-15       5.355607065172e-16       3.852653558917e-18 
 1192       1.675157822196e-10       1.683884470700e-12      -1.865782006081e-12       0.000000000000e+00       1.704468489029e-15       5.372204428927e-16       2.603297294684e-18 
 1193       1.670635009235e-10       1.692997399840e-12      -1.740780546083e-12       0.000000000000e+00       1.698870182071e-15       5.388919419896e-16       1.360660422795e-18 
 1194       1.666017234373e-10       1.702746166270e-12      -1.617197140236e-12       0.000000000000e+00       1.693294766055e-15       5.405688260524e-16       1.245877882486e-19 
 1195       1.661305919490e-10       1.713125191925e-12      -1.495086304824e-12       0.000000000000e+00       1.687742117144e-15       5.422446743586e-16      -1.105077044203e-18 
 1196       1.656502498024e-10       1.724128845772e-12      -1.374502878156e-12       0.000000000000e+00       1.682212109679e-15       5.439130231282e-16      -2.328491792930e-18 
 1197       1.651608415000e-10       1.735751443684e-12      -1.255502021206e-12       0.000000000000e+00       1.676704616173e-15       5.455673654340e-16      -3.545815462296e-18 
 1198       1.646625127056e-10       1.747987248322e-12      -1.138139218253e-12       0.000000000000e+00       1.671219507306e-15       5.472011511113e-16      -4.757208345527e-18 
 1199       1.641554102465e-10       1.760830469010e-12      -1.022470277521e-12       0.000000000000e+00       1.665756651920e-15       5.488077866681e-16      -5.962832027583e-18 
 1200       1.636396821164e-10       1.774275261615e-12      -9.085513318226e-13       0.000000000000e+00       1.660315917018e-15       5.503806351950e-16      -7.162849388029e-18 
 1201       1.631154774777e-10       1.788315728426e-12      -7.964388391957e-13       0.000000000000e+00       1.654897167754e-15       5.519130162749e-16      -8.357424603906e-18 
 1202       1.625829466641e-10       1.802945918032e-12      -6.861895835475e-13       0.000000000000e+00       1.649500267431e-15       5.533982058935e-16      -9.546723152604e-18 
 1203       1.620422411833e-10       1.818159825200e-12      -5.778606752936e-13       0.000000000000e+00       1.644125077499e-15       5.548294363488e-16      -1.073091181473e-17 
 1204       1.614935137193e-10       1.833951390756e-12      -4.715095519991e-13       0.000000000000e+00       1.638771457542e-15       5.561998961610e-16      -1.191015867697e-17 
 1205       1.609369181351e-10       1.850314501458e-12      -3.671939790193e-13       0.000000000000e+00       1.633439265286e-15       5.575027299829e-16      -1.308463313499e-17 
 1206       1.603726094752e-10       1.867242989883e-12      -2.649720501400e-13       0.000000000000e+00       1.628128356580e-15       5.587310385096e-16      -1.425450589628e-17 
 1207       1.598007509277e-10       1.884729865464e-12      -1.648948004561e-13       0.000000000000e+00       1.622838599398e-15       5.598798034713e-16      -1.541989936888e-17 
 1208       1.592215347971e-10       1.902764997685e-12      -6.698394579139e-14       0.000000000000e+00       1.617569915986e-15       5.609516883101e-16      -1.658073816425e-17 
 1209       1.586351617904e-10       1.921337404593e-12       2.874612502754e-14       0.000000000000e+00       1.612322241216e-15       5.619513075718e-16      -1.773689678968e-17 
 1210       1.580418340839e-10       1.940436018898e-12       1.222809868283e-13       0.000000000000e+00       1.607095508625e-15       5.628833082626e-16      -1.888824909700e-17 
 1211       1.574417553263e-10       1.960049687791e-12       2.136061780604e-13       0.000000000000e+00       1.601889650417e-15       5.637523699179e-16      -2.003466828137e-17 
 1212       1.568351306419e-10       1.980167172756e-12       3.027072007620e-13       0.000000000000e+00       1.596704597460e-15       5.645632046707e-16      -2.117602688006e-17 
 1213       1.562221666332e-10       2.000777149391e-12       3.895695205279e-13       0.000000000000e+00       1.591540279281e-15       5.653205573198e-16      -2.231219677127e-17 
 1214       1.556030713849e-10       2.021868207215e-12       4.741785664766e-13       0.000000000000e+00       1.586396624060e-15       5.660292053983e-16      -2.344304917288e-17 
 1215       1.549780544663e-10       2.043428849492e-12       5.565197312173e-13       0.000000000000e+00       1.581273558631e-15       5.666939592420e-16      -2.456845464123e-17 
 1216       1.543473269346e-10       2.065447493040e-12       6.365783708179e-13       0.000000000000e+00       1.576171008478e-15       5.673196620579e-16      -2.568828306995e-17 
 1217       1.537111013381e-10       2.087912468047e-12       7.143398047716e-13       0.000000000000e+00       1.571088897726e-15       5.679111899925e-16      -2.680240368874e-17 
 1218       1.530695917195e-10       2.110812017890e-12       7.897893159651e-13       0.000000000000e+00       1.566027149144e-15       5.684734522000e-16      -2.791068506211e-17 
 1219       1.524230136186e-10       2.134134298946e-12       8.629121506449e-13       0.000000000000e+00       1.560985684140e-15       5.690113909111e-16      -2.901299508822e-17 
 1220       1.517715840756e-10       2.157867380410e-12       9.336935183855e-13       0.000000000000e+00       1.555964422753e-15       5.695299815011e-16      -3.010920099765e-17 
 1221       1.511155216344e-10       2.181999244109e-12       1.002118592056e-12       0.000000000000e+00       1.550963283656e-15       5.700342325584e-16      -3.119916935217e-17 
 1222       1.504550463454e-10       2.206517784316e-12       1.068172507789e-12       0.000000000000e+00       1.545982184148e-15       5.705291859530e-16      -3.228276604357e-17 
 1223       1.497903797689e-10       2.231410807570e-12       1.131840364945e-12       0.000000000000e+00       1.541021040151e-15       5.710199169046e-16      -3.335985629241e-17 
 1224       1.491217449780e-10       2.256666032483e-12       1.193107226083e-12       0.000000000000e+00       1.536079766210e-15       5.715115340513e-16      -3.443030464680e-17 
 1225       1.484493665619e-10       2.282271089564e-12       1.251958116925e-12       0.000000000000e+00       1.531158275485e-15       5.720091795179e-16      -3.549397498123e-17 
 1226       1.477734706288e-10       2.308213521030e-12       1.308378026325e-12       0.000000000000e+00       1.526256479748e-15       5.725180289843e-16      -3.655073049534e-17 
 1227       1.470942848093e-10       2.334480780619e-12       1.362351906238e-12       0.000000000000e+00       1.521374289384e-15       5.730432917537e-16      -3.760043371268e-17 
 1228       1.464120382592e-10       2.361060233411e-12       1.413864671683e-12       0.000000000000e+00       1.516511613381e-15       5.735902108214e-16      -3.864294647953e-17 
 1229       1.457269616630e-10       2.387939155637e-12       1.462901200713e-12       0.000000000000e+00       1.511668359333e-15       5.741640629429e-16      -3.967812996368e-17 
 1230       1.450392872364e-10       2.415104734500e-12       1.509446334382e-12       0.000000000000e+00       1.506844433430e-15       5.747701587024e-16      -4.070584465321e-17 
 1231       1.443492487304e-10       2.442544067987e-12       1.553484876714e-12       0.000000000000e+00       1.502039740460e-15       5.754138425811e-16      -4.172595035529e-17 
 1232       1.436570814332e-10       2.470244164682e-12       1.595001594665e-12       0.000000000000e+00       1.497254183802e-15       5.761004930257e-16      -4.273830619496e-17 
 1233       1.429630221744e-10       2.498191943587e-12       1.633981218099e-12       0.000000000000e+00       1.492487665424e-15       5.768355225168e-16      -4.374277061391e-17 
 1234       1.422673093274e-10       2.526374233934e-12       1.670408439745e-12       0.000000000000e+00       1.487740085880e-15       5.776243776374e-16      -4.473920136928e-17 
 1235       1.415701828131e-10       2.554777775000e-12       1.704267915174e-12       0.000000000000e+00       1.483011344305e-15       5.784725391408e-16      -4.572745553244e-17 
 1236       1.408718841022e-10       2.583389215920e-12       1.735544262759e-12       0.000000000000e+00       1.478301338411e-15       5.793855220197e-16      -4.670738948779e-17 
 1237       1.401726562194e-10       2.612195115510e-12       1.764222063647e-12       0.000000000000e+00       1.473609964486e-15       5.803688755742e-16      -4.767885893153e-17 
 1238       1.394727437453e-10       2.641181942073e-12       1.790285861725e-12       0.000000000000e+00       1.468937117388e-15       5.814281834803e-16      -4.864171887046e-17 
 1239       1.387723928208e-10       2.670336073220e-12       1.813720163585e-12       0.000000000000e+00       1.464282690545e-15       5.825690638579e-16      -4.959582362077e-17 
 1240       1.380718511491e-10       2.699643795684e-12       1.834509438494e-12       0.000000000000e+00       1.459646575946e-15       5.837971693402e-16      -5.054102680679e-17 
 1241       1.373713679994e-10       2.729091305133e-12       1.852638118362e-12       0.000000000000e+00       1.455028664142e-15       5.851181871408e-16      -5.147718135986e-17 
 1242       1.366711942101e-10       2.758664705989e-12       1.868090597707e-12       0.000000000000e+00       1.450428844241e-15       5.865378391233e-16      -5.240413951703e-17 
 1243       1.359715821914e-10       2.788350011241e-12       1.880851233623e-12       0.000000000000e+00       1.445847003905e-15       5.880618818687e-16      -5.332175281989e-17 
 1244       1.352727859289e-10       2.818133142261e-12       1.890904345748e-12       0.000000000000e+00       1.441283029343e-15       5.896961067446e-16      -5.422987211337e-17 
 1245       1.345750609866e-10       2.847999928615e-12       1.898234216230e-12       0.000000000000e+00       1.436736805316e-15       5.914463399731e-16      -5.512834754448e-17 
 1246       1.338786483178e-10       2.877936673646e-12       1.902831361561e-12       0.000000000000e+00       1.432208225800e-15       5.933166008162e-16      -5.601704100798e-17 
 1247       1.331837254840e-10       2.907931858813e-12       1.904711428668e-12       0.000000000000e+00       1.427697226161e-15       5.953035523425e-16      -5.689586364541e-17 
 1248       1.324904548703e-10       2.937974458979e-12       1.903896520449e-12       0.000000000000e+00       1.423203751356e-15       5.974019856912e-16      -5.776473878358e-17 
 1249       1.317989998265e-10       2.968053378318e-12       1.900408944476e-12       0.000000000000e+00       1.418727745286e-15       5.996066559749e-16      -5.862358952742e-17 
 1250       1.311095246702e-10       2.998157450182e-12       1.894271213441e-12       0.000000000000e+00       1.414269150794e-15       6.019122822061e-16      -5.947233875967e-17 
 1251       1.304221946876e-10       3.028275436951e-12       1.885506045614e-12       0.000000000000e+00       1.409827909664e-15       6.043135472235e-16      -6.031090914070e-17 
 1252       1.297371761359e-10       3.058396029899e-12       1.874136365289e-12       0.000000000000e+00       1.405403962615e-15       6.068050976177e-16      -6.113922310819e-17 
 1253       1.290546362452e-10       3.088507849051e-12       1.860185303238e-12       0.000000000000e+00       1.400997249301e-15       6.093815436578e-16      -6.195720287695e-17 
 1254       1.283747432200e-10       3.118599443039e-12       1.843676197163e-12       0.000000000000e+00       1.396607708308e-15       6.120374592173e-16      -6.276477043861e-17 
 1255       1.276976662415e-10       3.148659288964e-12       1.824632592149e-12       0.000000000000e+00       1.392235277150e-15       6.147673817003e-16      -6.356184756141e-17 
 1256       1.270235754692e-10       3.178675792256e-12       1.803078241111e-12       0.000000000000e+00       1.387879892266e-15       6.175658119675e-16      -6.434835578990e-17 
 1257       1.263526420429e-10       3.208637286530e-12       1.779037105252e-12       0.000000000000e+00       1.383541489020e-15       6.204272142627e-16      -6.512421644475e-17 
 1258       1.256850380842e-10       3.238532033445e-12       1.752533354510e-12       0.000000000000e+00       1.379220001697e-15       6.233460161386e-16      -6.588935062247e-17 
 1259       1.250209366991e-10       3.268348222565e-12       1.723591368012e-12       0.000000000000e+00       1.374915363497e-15       6.263166083831e-16      -6.664367919512e-17 
 1260       1.243605119791e-10       3.298073971218e-12       1.692235734524e-12       0.000000000000e+00       1.370627506539e-15       6.293333449456e-16      -6.738712281015e-17 
 1261       1.237039390036e-10       3.327697324351e-12       1.658491252905e-12       0.000000000000e+00       1.366356361851e-15       6.323905428626e-16      -6.811960189005e-17 
 1262       1.230513938413e-10       3.357206254393e-12       1.622382932558e-12       0.000000000000e+00       1.362101859375e-15       6.354824821845e-16      -6.884103663216e-17 
 1263       1.224030535527e-10       3.386588661115e-12       1.583935993879e-12       0.000000000000e+00       1.357863927955e-15       6.386034059014e-16      -6.955134700843e-17 
 1264       1.217590961913e-10       3.415832371484e-12       1.543175868713e-12       0.000000000000e+00       1.353642495345e-15       6.417475198694e-16      -7.025045276509e-17 
 1265       1.211197008059e-10       3.444925139525e-12       1.500128200802e-12       0.000000000000e+00       1.349437488196e-15       6.449089927364e-16      -7.093827342249e-17 
 1266       1.204850474423e-10       3.473854646179e-12       1.454818846240e-12       0.000000000000e+00       1.345248832062e-15       6.480819558688e-16      -7.161472827481e-17 
 1267       1.198553171452e-10       3.502608499164e-12       1.407273873923e-12       0.000000000000e+00       1.341076451390e-15       6.512605032772e-16      -7.227973638979e-17 
 1268       1.192306919600e-10       3.531174232832e-12       1.357519565999e-12       0.000000000000e+00       1.336920269522e-15       6.544386915426e-16      -7.293321660850e-17 
 1269       1.186113549348e-10       3.559539308026e-12       1.305582418323e-12       0.000000000000e+00       1.332780208693e-15       6.576105397429e-16      -7.357508754511e-17 
 1270       1.179974901222e-10       3.587691111944e-12       1.251489140907e-12       0.000000000000e+00       1.328656190024e-15       6.607700293785e-16      -7.420526758659e-17 
 1271       1.173892825812e-10       3.615616957994e-12       1.195266658373e-12       0.000000000000e+00       1.324548133521e-15       6.639111042989e-16      -7.482367489249e-17 
 1272       1.167869183789e-10       3.643304085653e-12       1.136942110401e-12       0.000000000000e+00       1.320455958075e-15       6.670276706287e-16      -7.543022739469e-17 
 1273       1.161905845926e-10       3.670739660329e-12       1.076542852187e-12       0.000000000000e+00       1.316379581457e-15       6.701135966937e-16      -7.602484279716e-17 
 1274       1.156004693116e-10       3.697910773217e-12       1.014096454887e-12       0.000000000000e+00       1.312318920313e-15       6.731627129469e-16      -7.660743857564e-17 
 1275       1.150167616389e-10       3.724804441158e-12       9.496307060772e-13       0.000000000000e+00       1.308273890168e-15       6.761688118950e-16      -7.717793197750e-17 
 1276       1.144396516933e-10       3.751407606499e-12       8.831736101979e-13       0.000000000000e+00       1.304244405415e-15       6.791256480245e-16      -7.773624002139e-17 
 1277       1.138693306110e-10       3.777707136953e-12       8.147533890106e-13       0.000000000000e+00       1.300230379320e-15       6.820269377273e-16      -7.828227949705e-17 
 1278       1.133059905479e-10       3.803689825456e-12       7.443984820472e-13       0.000000000000e+00       1.296231724014e-15       6.848663592276e-16      -7.881596696502e-17 
 1279       1.127498246811e-10       3.829342390025e-12       6.721375470624e-13       0.000000000000e+00       1.292248350490e-15       6.876375525075e-16      -7.933721875641e-17 
 1280       1.122010272106e-10       3.854651473621e-12       5.979994604855e-13       0.000000000000e+00       1.288280168607e-15       6.903341192336e-16      -7.984595097267e-17 
 1281       1.116597933618e-10       3.879603644003e-12       5.220133178717e-13       0.000000000000e+00       1.284327087080e-15       6.929496226826e-16      -8.034207948527e-17 
 1282       1.111263193869e-10       3.904185393590e-12       4.442084343544e-13       0.000000000000e+00       1.280389013479e-15       6.954775876680e-16      -8.082551993553e-17 
 1283       1.106008025666e-10       3.928383139322e-12       3.646143450965e-13       0.000000000000e+00       1.276465854230e-15       6.979115004657e-16      -8.129618773431e-17 
 1284       1.100834412126e-10       3.952183222511e-12       2.832608057421e-13       0.000000000000e+00       1.272557514607e-15       7.002448087406e-16      -8.175399806181e-17 
 1285       1.095744078383e-10       3.975573378550e-12       2.001797784846e-13       0.000000000000e+00       1.268663907220e-15       7.024726863643e-16      -8.219888609619e-17 
 1286       1.090737683349e-10       3.998547164591e-12       1.154114140897e-13       0.000000000000e+00       1.264784977579e-15       7.045973499912e-16      -8.263086795214e-17 
 1287       1.085815618800e-10       4.021099581956e-12       2.899813883075e-14       0.000000000000e+00       1.260920678813e-15       7.066228028243e-16      -8.304998043515e-17 
 1288       1.080978276839e-10       4.043225610837e-12      -5.901732435818e-14       0.000000000000e+00       1.257070963208e-15       7.085530752654e-16      -8.345626087672e-17 
 1289       1.076226049902e-10       4.064920210255e-12      -1.485919552861e-13       0.000000000000e+00       1.253235782207e-15       7.103922249695e-16      -8.384974713556e-17 
 1290       1.071559330755e-10       4.086178318031e-12      -2.396824359091e-13       0.000000000000e+00       1.249415086406e-15       7.121443368988e-16      -8.423047759880e-17 
 1291       1.066978512492e-10       4.106994850752e-12      -3.322451497349e-13       0.000000000000e+00       1.245608825553e-15       7.138135233772e-16      -8.459849118326e-17 
 1292       1.062483988534e-10       4.127364703730e-12      -4.262361812263e-13       0.000000000000e+00       1.241816948544e-15       7.154039241447e-16      -8.495382733659e-17 
 1293       1.058076152633e-10       4.147282750976e-12      -5.216113152059e-13       0.000000000000e+00       1.238039403425e-15       7.169197064114e-16      -8.529652603854e-17 
 1294       1.053755398863e-10       4.166743845159e-12      -6.183260362595e-13       0.000000000000e+00       1.234276137384e-15       7.183650649121e-16      -8.562662780216e-17 
 1295       1.049522121626e-10       4.185742817577e-12      -7.163355281411e-13       0.000000000000e+00       1.230527096754e-15       7.197442219606e-16      -8.594417367504e-17 
 1296       1.045376715649e-10       4.204274478119e-12      -8.155946731761e-13       0.000000000000e+00       1.226792227010e-15       7.210614275037e-16      -8.624920524048e-17 
 1297       1.041319575982e-10       4.222333615232e-12      -9.160580516659e-13       0.000000000000e+00       1.223071472763e-15       7.223209591758e-16      -8.654176461877e-17 
 1298       1.037351097999e-10       4.239914995885e-12      -1.017679941292e-12       0.000000000000e+00       1.219364777765e-15       7.235271223533e-16      -8.682189446835e-17 
 1299       1.033471677396e-10       4.257013365539e-12      -1.120414316519e-12       0.000000000000e+00       1.215672084900e-15       7.246842502085e-16      -8.708963798707e-17 
 1300       1.029681710190e-10       4.273623448108e-12      -1.224214848001e-12       0.000000000000e+00       1.211993336184e-15       7.257967037642e-16      -8.734503891338e-17 
 1301       1.025981592719e-10       4.289739945926e-12      -1.329034901985e-12       0.000000000000e+00       1.208328472768e-15       7.268688719479e-16      -8.758814152757e-17 
 1302       1.022371721642e-10       4.305357539715e-12      -1.434827539711e-12       0.000000000000e+00       1.204677434926e-15       7.279051716464e-16      -8.781899065297e-17 
 1303       1.018852493937e-10       4.320470888547e-12      -1.541545516822e-12       0.000000000000e+00       1.201040162063e-15       7.289100477595e-16      -8.803763165719e-17 
 1304       1.015424306898e-10       4.335074629812e-12      -1.649141282766e-12       0.000000000000e+00       1.197416592707e-15       7.298879732549e-16      -8.824411045330e-17 
 1305       1.012087558138e-10       4.349163379185e-12      -1.757566980197e-12       0.000000000000e+00       1.193806664508e-15       7.308434492222e-16      -8.843847350109e-17 
 1306       1.008842645588e-10       4.362731730586e-12      -1.866774444385e-12       0.000000000000e+00       1.190210314237e-15       7.317810049272e-16      -8.862076780825e-17 
 1307       1.005689967493e-10       4.375774256153e-12      -1.976715202615e-12       0.000000000000e+00       1.186627477782e-15       7.327051978665e-16      -8.879104093163e-17 
 1308       1.002629922413e-10       4.388285506203e-12      -2.087340473591e-12       0.000000000000e+00       1.183058090149e-15       7.336206138215e-16      -8.894934097843e-17 
 1309       9.996629092225e-11       4.400260009197e-12      -2.198601166846e-12       0.000000000000e+00       1.179502085456e-15       7.345318669126e-16      -8.909571660740e-17 
 1310       9.967893271103e-11       4.411692271710e-12      -2.310447882138e-12       0.000000000000e+00       1.175959396936e-15       7.354435996539e-16      -8.923021703011e-17 
 1311       9.940095755766e-11       4.422576778394e-12      -2.422830908862e-12       0.000000000000e+00       1.172429956929e-15       7.363604830074e-16      -8.935289201212e-17 
 1312       9.913240544338e-11       4.432907991940e-12      -2.535700225447e-12       0.000000000000e+00       1.168913696884e-15       7.372872164370e-16      -8.946379187422e-17 
 1313       9.887331638051e-11       4.442680353053e-12      -2.649005498765e-12       0.000000000000e+00       1.165410547356e-15       7.382285279632e-16      -8.956296749365e-17 
 1314       9.862373041240e-11       4.451888280408e-12      -2.762696083534e-12       0.000000000000e+00       1.161920438004e-15       7.391891742171e-16      -8.965047030531e-17 
 1315       9.838368761330e-11       4.460526170622e-12      -2.876721021719e-12       0.000000000000e+00       1.158443297588e-15       7.401739404950e-16      -8.972635230298e-17 
 1316       9.815322808834e-11       4.468588398215e-12      -2.991029041941e-12       0.000000000000e+00       1.154979053967e-15       7.411876408123e-16      -8.979066604053e-17 
 1317       9.793239197337e-11       4.476069315581e-12      -3.105568558878e-12       0.000000000000e+00       1.151527634099e-15       7.422351179583e-16      -8.984346463316e-17 
 1318       9.772121943498e-11       4.482963252949e-12      -3.220287672670e-12       0.000000000000e+00       1.148088964037e-15       7.433212435501e-16      -8.988480175859e-17 
 1319       9.751975067030e-11       4.489264518350e-12      -3.335134168321e-12       0.000000000000e+00       1.144662968925e-15       7.444509180873e-16      -8.991473165830e-17 
 1320       9.732802590704e-11       4.494967397585e-12      -3.450055515108e-12       0.000000000000e+00       1.141249573003e-15       7.456290710058e-16      -8.993330913874e-17 
 1321       9.714608540330e-11       4.500066154187e-12      -3.564998865979e-12       0.000000000000e+00       1.137848699595e-15       7.468606607324e-16      -8.994058957254e-17 
 1322       9.697396944756e-11       4.504555029390e-12      -3.679911056964e-12       0.000000000000e+00       1.134460271115e-15       7.481506747394e-16      -8.993662889974e-17 
 1323       9.681171835857e-11       4.508428242090e-12      -3.794738606570e-12       0.000000000000e+00       1.131084209062e-15       7.495041295982e-16      -8.992148362901e-17 
 1324       9.665935098994e-11       4.511681485979e-12      -3.909430580043e-12       0.000000000000e+00       1.127720441335e-15       7.509245342132e-16      -8.989521837607e-17 
 1325       9.651679998424e-11       4.514316439087e-12      -4.023947217929e-12       0.000000000000e+00       1.124368924265e-15       7.524092608407e-16      -8.985792856764e-17 
 1326       9.638397580374e-11       4.516336303967e-12      -4.138251401609e-12       0.000000000000e+00       1.121029620826e-15       7.539541230586e-16      -8.980971799065e-17 
 1327       9.626078815932e-11       4.517744315123e-12      -4.252305796701e-12       0.000000000000e+00       1.117702493332e-15       7.555549078985e-16      -8.975069127950e-17 
 1328       9.614714600888e-11       4.518543739075e-12      -4.366072852656e-12       0.000000000000e+00       1.114387503438e-15       7.572073757954e-16      -8.968095391780e-17 
 1329       9.604295755584e-11       4.518737874428e-12      -4.479514802362e-12       0.000000000000e+00       1.111084612141e-15       7.589072605367e-16      -8.960061224009e-17 
 1330       9.594813024757e-11       4.518330051940e-12      -4.592593661737e-12       0.000000000000e+00       1.107793779773e-15       7.606502692110e-16      -8.950977343357e-17 
 1331       9.586257077380e-11       4.517323634591e-12      -4.705271229339e-12       0.000000000000e+00       1.104514966004e-15       7.624320821581e-16      -8.940854553985e-17 
 1332       9.578618506515e-11       4.515722017649e-12      -4.817509085958e-12       0.000000000000e+00       1.101248129839e-15       7.642483529172e-16      -8.929703745668e-17 
 1333       9.571887829149e-11       4.513528628740e-12      -4.929268594219e-12       0.000000000000e+00       1.097993229615e-15       7.660947081769e-16      -8.917535893969e-17 
 1334       9.566055486043e-11       4.510746927916e-12      -5.040510898182e-12       0.000000000000e+00       1.094750223001e-15       7.679667477240e-16      -8.904362060408e-17 
 1335       9.561111841580e-11       4.507380407721e-12      -5.151196922942e-12       0.000000000000e+00       1.091519066996e-15       7.698600443927e-16      -8.890193392643e-17 
 1336       9.557047183603e-11       4.503432593262e-12      -5.261287374229e-12       0.000000000000e+00       1.088299717929e-15       7.717701440139e-16      -8.875041124635e-17 
 1337       9.553851723263e-11       4.498907042274e-12      -5.370742738009e-12       0.000000000000e+00       1.085092131454e-15       7.736925653642e-16      -8.858916576828e-17 
 1338       9.551515594865e-11       4.493807345191e-12      -5.479523280081e-12       0.000000000000e+00       1.081896262551e-15       7.756228001154e-16      -8.841831156318e-17 
 1339       9.550028855712e-11       4.488137125213e-12      -5.587589045682e-12       0.000000000000e+00       1.078712065524e-15       7.775563127833e-16      -8.823796357030e-17 
 1340       9.549381485950e-11       4.481900038372e-12      -5.694899859082e-12       0.000000000000e+00       1.075539493998e-15       7.794885406771e-16      -8.804823759888e-17 
 1341       9.549563388409e-11       4.475099773604e-12      -5.801415323186e-12       0.000000000000e+00       1.072378500920e-15       7.814148938486e-16      -8.784925032990e-17 
 1342       9.550564388454e-11       4.467740052814e-12      -5.907094819137e-12       0.000000000000e+00       1.069229038556e-15       7.833307550413e-16      -8.764111931781e-17 
 1343       9.552374233827e-11       4.459824630945e-12      -6.011897505911e-12       0.000000000000e+00       1.066091058489e-15       7.852314796396e-16      -8.742396299227e-17 
 1344       9.554982594489e-11       4.451357296047e-12      -6.115782319920e-12       0.000000000000e+00       1.062964511617e-15       7.871123956180e-16      -8.719790065987e-17 
 1345       9.558379062471e-11       4.442341869342e-12      -6.218707974612e-12       0.000000000000e+00       1.059849348153e-15       7.889688034903e-16      -8.696305250588e-17 
 1346       9.562553151712e-11       4.432782205296e-12      -6.320632960070e-12       0.000000000000e+00       1.056745517624e-15       7.907959762588e-16      -8.671953959598e-17 
 1347       9.567494297908e-11       4.422682191686e-12      -6.421515542613e-12       0.000000000000e+00       1.053652968866e-15       7.925891593634e-16      -8.646748387796e-17 
 1348       9.573191858356e-11       4.412045749665e-12      -6.521313764396e-12       0.000000000000e+00       1.050571650025e-15       7.943435706308e-16      -8.620700818351e-17 
 1349       9.579635111800e-11       4.400876833836e-12      -6.619985443008e-12       0.000000000000e+00       1.047501508557e-15       7.960544002238e-16      -8.593823622991e-17 
 1350       9.586813258271e-11       4.389179432312e-12      -6.717488171077e-12       0.000000000000e+00       1.044442491222e-15       7.977168105902e-16      -8.566129262179e-17 
 1351       9.594715418938e-11       4.376957566794e-12      -6.813779315864e-12       0.000000000000e+00       1.041394544085e-15       7.993259364126e-16      -8.537630285285e-17 
 1352       9.603330635949e-11       4.364215292628e-12      -6.908816018867e-12       0.000000000000e+00       1.038357612516e-15       8.008768845566e-16      -8.508339330759e-17 
 1353       9.612647872277e-11       4.350956698884e-12      -7.002555195420e-12       0.000000000000e+00       1.035331641185e-15       8.023647340211e-16      -8.478269126305e-17 
 1354       9.622656011564e-11       4.337185908416e-12      -7.094953534292e-12       0.000000000000e+00       1.032316574063e-15       8.037845358864e-16      -8.447432489055e-17 
 1355       9.633343857966e-11       4.322907077932e-12      -7.185967497290e-12       0.000000000000e+00       1.029312354420e-15       8.051313132644e-16      -8.415842325740e-17 
 1356       9.644700136000e-11       4.308124398066e-12      -7.275553318855e-12       0.000000000000e+00       1.026318924820e-15       8.064000612470e-16      -8.383511632866e-17 
 1357       9.656713490384e-11       4.292842093441e-12      -7.363667005666e-12       0.000000000000e+00       1.023336227127e-15       8.075857468556e-16      -8.350453496887e-17 
 1358       9.669372485887e-11       4.277064422740e-12      -7.450264336238e-12       0.000000000000e+00       1.020364202495e-15       8.086833089903e-16      -8.316681094377e-17 
 1359       9.682665607170e-11       4.260795678772e-12      -7.535300860521e-12       0.000000000000e+00       1.017402791371e-15       8.096876583792e-16      -8.282207692203e-17 
 1360       9.696581258634e-11       4.244040188543e-12      -7.618731899502e-12       0.000000000000e+00       1.014451933494e-15       8.105936775272e-16      -8.247046647701e-17 
 1361       9.711107764261e-11       4.226802313322e-12      -7.700512544806e-12       0.000000000000e+00       1.011511567892e-15       8.113962206655e-16      -8.211211408846e-17 
 1362       9.726233367463e-11       4.209086448708e-12      -7.780597658291e-12       0.000000000000e+00       1.008581632878e-15       8.120901137007e-16      -8.174715514428e-17 
 1363       9.741945689355e-11       4.190897746475e-12      -7.858947431328e-12       0.000000000000e+00       1.005662071457e-15       8.126716257357e-16      -8.137571553867e-17 
 1364       9.758230097545e-11       4.172244288432e-12      -7.935544128680e-12       0.000000000000e+00       1.002752847594e-15       8.131429010085e-16      -8.099788034094e-17 
 1365       9.775071319536e-11       4.153134936018e-12      -8.010375523457e-12       0.000000000000e+00       9.998539301121e-16       8.135075743995e-16      -8.061372479404e-17 
 1366       9.792453982518e-11       4.133578610760e-12      -8.083429353700e-12       0.000000000000e+00       9.969652873100e-16       8.137693042175e-16      -8.022332468864e-17 
 1367       9.810362613177e-11       4.113584294387e-12      -8.154693322340e-12       0.000000000000e+00       9.940868869550e-16       8.139317722444e-16      -7.982675636426e-17 
 1368       9.828781637503e-11       4.093161028944e-12      -8.224155097156e-12       0.000000000000e+00       9.912186962844e-16       8.139986837788e-16      -7.942409671030e-17 
 1369       9.847695380604e-11       4.072317916906e-12      -8.291802310738e-12       0.000000000000e+00       9.883606820035e-16       8.139737676805e-16      -7.901542316707e-17 
 1370       9.867088066511e-11       4.051064121298e-12      -8.357622560437e-12       0.000000000000e+00       9.855128102850e-16       8.138607764145e-16      -7.860081372692e-17 
 1371       9.886943817991e-11       4.029408865801e-12      -8.421603408335e-12       0.000000000000e+00       9.826750467673e-16       8.136634860954e-16      -7.818034693526e-17 
 1372       9.907246656357e-11       4.007361434874e-12      -8.483732381195e-12       0.000000000000e+00       9.798473565531e-16       8.133856965314e-16      -7.775410189160e-17 
 1373       9.927980501276e-11       3.984931173865e-12      -8.543996970425e-12       0.000000000000e+00       9.770297042089e-16       8.130312312683e-16      -7.732215825068e-17 
 1374       9.949129170579e-11       3.962127489127e-12      -8.602384632034e-12       0.000000000000e+00       9.742220537630e-16       8.126039376341e-16      -7.688459622347e-17 
 1375       9.970676380073e-11       3.938959848131e-12      -8.658882786593e-12       0.000000000000e+00       9.714243687048e-16       8.121076867827e-16      -7.644149657826e-17 
 1376       9.992605743348e-11       3.915437779583e-12      -8.713478819193e-12       0.000000000000e+00       9.686366119831e-16       8.115463737386e-16      -7.599294064171e-17 
 1377       1.001490077159e-10       3.891570873538e-12      -8.766160079404e-12       0.000000000000e+00       9.658587460054e-16       8.109239174404e-16      -7.553901029993e-17 
 1378       1.003754487338e-10       3.867368781513e-12      -8.816913881233e-12       0.000000000000e+00       9.630907326362e-16       8.102442607855e-16      -7.507978799952e-17 
 1379       1.006052135453e-10       3.842841216603e-12      -8.865727503087e-12       0.000000000000e+00       9.603325331963e-16       8.095113706742e-16      -7.461535674864e-17 
 1380       1.008381341787e-10       3.817997953596e-12      -8.912588187723e-12       0.000000000000e+00       9.575841084609e-16       8.087292380535e-16      -7.414580011809e-17 
 1381       1.010740416304e-10       3.792848829088e-12      -8.957483142219e-12       0.000000000000e+00       9.548454186590e-16       8.079018779618e-16      -7.367120224233e-17 
 1382       1.013127658637e-10       3.767403741595e-12      -9.000399537922e-12       0.000000000000e+00       9.521164234717e-16       8.070333295727e-16      -7.319164782060e-17 
 1383       1.015541358059e-10       3.741672651670e-12      -9.041324510413e-12       0.000000000000e+00       9.493970820313e-16       8.061276562391e-16      -7.270722211793e-17 
 1384       1.017979793474e-10       3.715665582018e-12      -9.080245159465e-12       0.000000000000e+00       9.466873529198e-16       8.051889455377e-16      -7.221801096622e-17 
 1385       1.020441233389e-10       3.689392617610e-12      -9.117148549001e-12       0.000000000000e+00       9.439871941681e-16       8.042213093131e-16      -7.172410076531e-17 
 1386       1.022923935904e-10       3.662863905797e-12      -9.152021707052e-12       0.000000000000e+00       9.412965632541e-16       8.032288837216e-16      -7.122557848404e-17 
 1387       1.025426148684e-10       3.636089656423e-12      -9.184851625718e-12       0.000000000000e+00       9.386154171023e-16       8.022158292758e-16      -7.072253166130e-17 
 1388       1.027946108947e-10       3.609080141947e-12      -9.215625261128e-12       0.000000000000e+00       9.359437120817e-16       8.011863308887e-16      -7.021504840710e-17 
 1389       1.030482043440e-10       3.581845697547e-12      -9.244329533392e-12       0.000000000000e+00       9.332814040053e-16       8.001445979174e-16      -6.970321740363e-17 
 1390       1.033032168424e-10       3.554396721243e-12      -9.270951326571e-12       0.000000000000e+00       9.306284481285e-16       7.990948642081e-16      -6.918712790633e-17 
 1391       1.035594689653e-10       3.526743674008e-12      -9.295477488624e-12       0.000000000000e+00       9.279847991479e-16       7.980413881395e-16      -6.866686974496e-17 
 1392       1.038167802354e-10       3.498897079885e-12      -9.317894831377e-12       0.000000000000e+00       9.253504112002e-16       7.969884526674e-16      -6.814253332460e-17 
 1393       1.040749691210e-10       3.470867526098e-12      -9.338190130475e-12       0.000000000000e+00       9.227252378608e-16       7.959403653686e-16      -6.761420962681e-17 
 1394       1.043338530341e-10       3.442665663170e-12      -9.356350125345e-12       0.000000000000e+00       9.201092321427e-16       7.949014584855e-16      -6.708199021062e-17 
 1395       1.045932483281e-10       3.414302205035e-12      -9.372361519153e-12       0.000000000000e+00       9.175023464953e-16       7.938760889696e-16      -6.654596721361e-17 
 1396       1.048529702967e-10       3.385787929157e-12      -9.386210978762e-12       0.000000000000e+00       9.149045328030e-16       7.928686385263e-16      -6.600623335298e-17 
 1397       1.051128331710e-10       3.357133676638e-12      -9.397885134695e-12       0.000000000000e+00       9.123157423843e-16       7.918835136588e-16      -6.546288192660e-17 
 1398       1.053726501184e-10       3.328350352340e-12      -9.407370581088e-12       0.000000000000e+00       9.097359259900e-16       7.909251457121e-16      -6.491600681410e-17 
 1399       1.056322332405e-10       3.299448924994e-12      -9.414653875655e-12       0.000000000000e+00       9.071650338027e-16       7.899979909176e-16      -6.436570247789e-17 
 1400       1.058913935707e-10       3.270440427317e-12      -9.419721539642e-12       0.000000000000e+00       9.046030154349e-16       7.891065304368e-16      -6.381206396424e-17 
 1401       1.061499410731e-10       3.241335956126e-12      -9.422560057788e-12       0.000000000000e+00       9.020498199283e-16       7.882552704057e-16      -6.325518690438e-17 
 1402       1.064076958526e-10       3.212146313757e-12      -9.423160855161e-12       0.000000000000e+00       8.995054002132e-16       7.874475045032e-16      -6.269516004727e-17 
 1403       1.066645219187e-10       3.182880927982e-12      -9.421535284540e-12       0.000000000000e+00       8.969697265412e-16       7.866815874442e-16      -6.213204277092e-17 
 1404       1.069202937703e-10       3.153548921055e-12      -9.417699795279e-12       0.000000000000e+00       8.944427731904e-16       7.859546227041e-16      -6.156588733865e-17 
 1405       1.071748852139e-10       3.124159467475e-12      -9.411670970879e-12       0.000000000000e+00       8.919245140160e-16       7.852636964367e-16      -6.099674634661e-17 
 1406       1.074281693621e-10       3.094721794085e-12      -9.403465529247e-12       0.000000000000e+00       8.894149224495e-16       7.846058774425e-16      -6.042467272443e-17 
 1407       1.076800186329e-10       3.065245180158e-12      -9.393100322963e-12       0.000000000000e+00       8.869139714975e-16       7.839782171378e-16      -5.984971973578e-17 
 1408       1.079303047479e-10       3.035738957494e-12      -9.380592339542e-12       0.000000000000e+00       8.844216337412e-16       7.833777495228e-16      -5.927194097902e-17 
 1409       1.081788987316e-10       3.006212510513e-12      -9.365958701691e-12       0.000000000000e+00       8.819378813347e-16       7.828014911509e-16      -5.869139038774e-17 
 1410       1.084256709097e-10       2.976675276345e-12      -9.349216667579e-12       0.000000000000e+00       8.794626860049e-16       7.822464410972e-16      -5.810812223146e-17 
 1411       1.086704909084e-10       2.947136744925e-12      -9.330383631094e-12       0.000000000000e+00       8.769960190499e-16       7.817095809268e-16      -5.752219111615e-17 
 1412       1.089132276528e-10       2.917606459085e-12      -9.309477122110e-12       0.000000000000e+00       8.745378513385e-16       7.811878746640e-16      -5.693365198489e-17 
 1413       1.091537493656e-10       2.888094014648e-12      -9.286514806745e-12       0.000000000000e+00       8.720881533087e-16       7.806782687605e-16      -5.634256011845e-17 
 1414       1.093919235664e-10       2.858609060518e-12      -9.261514487628e-12       0.000000000000e+00       8.696468949673e-16       7.801776920645e-16      -5.574897113591e-17 
 1415       1.096276170700e-10       2.829161298777e-12      -9.234494104156e-12       0.000000000000e+00       8.672140458888e-16       7.796830557890e-16      -5.515294099525e-17 
 1416       1.098606959853e-10       2.799760484771e-12      -9.205471732762e-12       0.000000000000e+00       8.647895752140e-16       7.791912534807e-16      -5.455452599398e-17 
 1417       1.100910257141e-10       2.770416427212e-12      -9.174465587177e-12       0.000000000000e+00       8.623734516498e-16       7.786991609888e-16      -5.395378276973e-17 
 1418       1.103184709501e-10       2.741138988263e-12      -9.141494018686e-12       0.000000000000e+00       8.599656434676e-16       7.782036364333e-16      -5.335076830086e-17 
 1419       1.105428956774e-10       2.711938083634e-12      -9.106575516401e-12       0.000000000000e+00       8.575661185026e-16       7.777015201738e-16      -5.274553990706e-17 
 1420       1.107641631692e-10       2.682823682674e-12      -9.069728707514e-12       0.000000000000e+00       8.551748441529e-16       7.771896347785e-16      -5.213815524997e-17 
 1421       1.109821359869e-10       2.653805808466e-12      -9.030972357565e-12       0.000000000000e+00       8.527917873786e-16       7.766647849923e-16      -5.152867233377e-17 
 1422       1.111966759788e-10       2.624894537916e-12      -8.990325370702e-12       0.000000000000e+00       8.504169147005e-16       7.761237577061e-16      -5.091714950581e-17 
 1423       1.114076442787e-10       2.596100001849e-12      -8.947806789947e-12       0.000000000000e+00       8.480501921994e-16       7.755633219249e-16      -5.030364545719e-17 
 1424       1.116149013048e-10       2.567432385099e-12      -8.903435797453e-12       0.000000000000e+00       8.456915855153e-16       7.749802287370e-16      -4.968821922338e-17 
 1425       1.118183067586e-10       2.538901926605e-12      -8.857231714771e-12       0.000000000000e+00       8.433410598460e-16       7.743712112821e-16      -4.907093018483e-17 
 1426       1.120177196235e-10       2.510518919501e-12      -8.809214003112e-12       0.000000000000e+00       8.409985799466e-16       7.737329847206e-16      -4.845183806757e-17 
 1427       1.122129981636e-10       2.482293711210e-12      -8.759402263608e-12       0.000000000000e+00       8.386641101282e-16       7.730622462016e-16      -4.783100294380e-17 
 1428       1.124039999225e-10       2.454236703537e-12      -8.707816237574e-12       0.000000000000e+00       8.363376142572e-16       7.723556748323e-16      -4.720848523253e-17 
 1429       1.125905817223e-10       2.426358352762e-12      -8.654475806774e-12       0.000000000000e+00       8.340190557543e-16       7.716099316461e-16      -4.658434570017e-17 
 1430       1.127725996619e-10       2.398669169730e-12      -8.599400993679e-12       0.000000000000e+00       8.317083975931e-16       7.708216595715e-16      -4.595864546114e-17 
 1431       1.129499091165e-10       2.371179719947e-12      -8.542611961734e-12       0.000000000000e+00       8.294056023000e-16       7.699874834008e-16      -4.533144597845e-17 
 1432       1.131223647354e-10       2.343900623674e-12      -8.484129015616e-12       0.000000000000e+00       8.271106319525e-16       7.691040097585e-16      -4.470280906435e-17 
 1433       1.132898204419e-10       2.316842556014e-12      -8.423972601502e-12       0.000000000000e+00       8.248234481786e-16       7.681678270706e-16      -4.407279688091e-17 
 1434       1.134521294311e-10       2.290016247010e-12      -8.362163307324e-12       0.000000000000e+00       8.225440121556e-16       7.671755055326e-16      -4.344147194062e-17 
 1435       1.136091441694e-10       2.263432481737e-12      -8.298721863041e-12       0.000000000000e+00       8.202722846095e-16       7.661235970785e-16      -4.280889710704e-17 
 1436       1.137607163928e-10       2.237102100391e-12      -8.233669140893e-12       0.000000000000e+00       8.180082258137e-16       7.650086353494e-16      -4.217513559533e-17 
 1437       1.139066971060e-10       2.211035998388e-12      -8.167026155667e-12       0.000000000000e+00       8.157517955883e-16       7.638271356622e-16      -4.154025097292e-17 
 1438       1.140469365809e-10       2.185245126451e-12      -8.098814064962e-12       0.000000000000e+00       8.135029532989e-16       7.625755949783e-16      -4.090430716012e-17 
 1439       1.141812843556e-10       2.159740490707e-12      -8.029054169448e-12       0.000000000000e+00       8.112616578560e-16       7.612504918722e-16      -4.026736843067e-17 
 1440       1.143095892333e-10       2.134533152775e-12      -7.957767913128e-12       0.000000000000e+00       8.090278677135e-16       7.598482865003e-16      -3.962949941238e-17 
 1441       1.144317188322e-10       2.109633106272e-12      -7.884978729699e-12       0.000000000000e+00       8.068015444338e-16       7.583664663758e-16      -3.899076488617e-17 
 1442       1.145476184567e-10       2.085045893644e-12      -7.810717601594e-12       0.000000000000e+00       8.045826634227e-16       7.568066953696e-16      -3.835122917958e-17 
 1443       1.146572528214e-10       2.060775955179e-12      -7.735017557881e-12       0.000000000000e+00       8.023712033014e-16       7.551716966067e-16      -3.771095676828e-17 
 1444       1.147605865539e-10       2.036827749516e-12      -7.657911833657e-12       0.000000000000e+00       8.001671423499e-16       7.534642095896e-16      -3.707001247772e-17 
 1445       1.148575841945e-10       2.013205753666e-12      -7.579433870413e-12       0.000000000000e+00       7.979704585066e-16       7.516869902266e-16      -3.642846148369e-17 
 1446       1.149482101964e-10       1.989914463047e-12      -7.499617316409e-12       0.000000000000e+00       7.957811293671e-16       7.498428108615e-16      -3.578636931296e-17 
 1447       1.150324289253e-10       1.966958391508e-12      -7.418496027038e-12       0.000000000000e+00       7.935991321840e-16       7.479344603022e-16      -3.514380184381e-17 
 1448       1.151102046595e-10       1.944342071357e-12      -7.336104065199e-12       0.000000000000e+00       7.914244438656e-16       7.459647438502e-16      -3.450082530669e-17 
 1449       1.151815015896e-10       1.922070053389e-12      -7.252475701664e-12       0.000000000000e+00       7.892570409756e-16       7.439364833291e-16      -3.385750628477e-17 
 1450       1.152462838188e-10       1.900146906917e-12      -7.167645415447e-12       0.000000000000e+00       7.870968997319e-16       7.418525171143e-16      -3.321391171457e-17 
 1451       1.153045153624e-10       1.878577219795e-12      -7.081647894175e-12       0.000000000000e+00       7.849439960064e-16       7.397157001617e-16      -3.257010888653e-17 
 1452       1.153561601479e-10       1.857365598449e-12      -6.994518034455e-12       0.000000000000e+00       7.827983053238e-16       7.375289040367e-16      -3.192616544559e-17 
 1453       1.154011820151e-10       1.836516667904e-12      -6.906290942245e-12       0.000000000000e+00       7.806598028611e-16       7.352950169435e-16      -3.128214939182e-17 
 1454       1.154395447155e-10       1.816035071812e-12      -6.817001933222e-12       0.000000000000e+00       7.785284634465e-16       7.330169437542e-16      -3.063812908102e-17 
 1455       1.154712119127e-10       1.795925472481e-12      -6.726686533150e-12       0.000000000000e+00       7.764042615591e-16       7.306976060375e-16      -2.999417322526e-17 
 1456       1.154961471823e-10       1.776192550901e-12      -6.635380478253e-12       0.000000000000e+00       7.742871713281e-16       7.283399420882e-16      -2.935035089354e-17 
 1457       1.155143140112e-10       1.756841006771e-12      -6.543119715579e-12       0.000000000000e+00       7.721771665317e-16       7.259469069560e-16      -2.870673151233e-17 
 1458       1.155256757984e-10       1.737875558531e-12      -6.449940403375e-12       0.000000000000e+00       7.700742205965e-16       7.235214724748e-16      -2.806338486620e-17 
 1459       1.155301958542e-10       1.719300943387e-12      -6.355878911450e-12       0.000000000000e+00       7.679783065969e-16       7.210666272914e-16      -2.742038109841e-17 
 1460       1.155278374005e-10       1.701121917338e-12      -6.260971821550e-12       0.000000000000e+00       7.658893972544e-16       7.185853768949e-16      -2.677779071148e-17 
 1461       1.155185635705e-10       1.683343255207e-12      -6.165255927720e-12       0.000000000000e+00       7.638074649364e-16       7.160807436457e-16      -2.613568456783e-17 
 1462       1.155023374088e-10       1.665969750667e-12      -6.068768236683e-12       0.000000000000e+00       7.617324816561e-16       7.135557668045e-16      -2.549413389032e-17 
 1463       1.154791218711e-10       1.649006216267e-12      -5.971545968198e-12       0.000000000000e+00       7.596644190711e-16       7.110135025613e-16      -2.485321026289e-17 
 1464       1.154488798245e-10       1.632457483465e-12      -5.873626555440e-12       0.000000000000e+00       7.576032484830e-16       7.084570240647e-16      -2.421298563113e-17 
 1465       1.154115740467e-10       1.616328402649e-12      -5.775047645359e-12       0.000000000000e+00       7.555489408369e-16       7.058894214508e-16      -2.357353230289e-17 
 1466       1.153671672267e-10       1.600623843173e-12      -5.675847099058e-12       0.000000000000e+00       7.535014667201e-16       7.033138018723e-16      -2.293492294885e-17 
 1467       1.153156219643e-10       1.585348693378e-12      -5.576062992156e-12       0.000000000000e+00       7.514607963615e-16       7.007332895276e-16      -2.229723060315e-17 
 1468       1.152569007698e-10       1.570507860623e-12      -5.475733615159e-12       0.000000000000e+00       7.494268996313e-16       6.981510256897e-16      -2.166052866395e-17 
 1469       1.151909660646e-10       1.556106271311e-12      -5.374897473831e-12       0.000000000000e+00       7.473997460396e-16       6.955701687356e-16      -2.102489089406e-17 
 1470       1.151177801805e-10       1.542148870921e-12      -5.273593289561e-12       0.000000000000e+00       7.453793047361e-16       6.929938941752e-16      -2.039039142149e-17 
 1471       1.150373053596e-10       1.528640624032e-12      -5.171859999732e-12       0.000000000000e+00       7.433655445092e-16       6.904253946801e-16      -1.975710474009e-17 
 1472       1.149495037548e-10       1.515586514352e-12      -5.069736758091e-12       0.000000000000e+00       7.413584337852e-16       6.878678801131e-16      -1.912510571013e-17 
 1473       1.148543374291e-10       1.502991544745e-12      -4.967262935119e-12       0.000000000000e+00       7.393579406277e-16       6.853245775571e-16      -1.849446955886e-17 
 1474       1.147517683558e-10       1.490860737260e-12      -4.864478118398e-12       0.000000000000e+00       7.373640327367e-16       6.827987313441e-16      -1.786527188116e-17 
 1475       1.146417584182e-10       1.479199133162e-12      -4.761422112983e-12       0.000000000000e+00       7.353766774480e-16       6.802936030844e-16      -1.723758864010e-17 
 1476       1.145242694100e-10       1.468011792951e-12      -4.658134941768e-12       0.000000000000e+00       7.333958417320e-16       6.778124716954e-16      -1.661149616754e-17 
 1477       1.143992630345e-10       1.457303796401e-12      -4.554656845856e-12       0.000000000000e+00       7.314214921939e-16       6.753586334312e-16      -1.598707116474e-17 
 1478       1.142667009052e-10       1.447080242579e-12      -4.451028284932e-12       0.000000000000e+00       7.294535950719e-16       6.729354019110e-16      -1.536439070294e-17 
 1479       1.141265445452e-10       1.437346249877e-12      -4.347289937625e-12       0.000000000000e+00       7.274921162370e-16       6.705461081487e-16      -1.474353222394e-17 
 1480       1.139787720346e-10       1.428105745208e-12      -4.243480863549e-12       0.000000000000e+00       7.255370240755e-16       6.681932571161e-16      -1.412456755004e-17 
 1481       1.138234281328e-10       1.419357818449e-12      -4.139632968800e-12       0.000000000000e+00       7.235882981687e-16       6.658759882563e-16      -1.350754484772e-17 
 1482       1.136605746510e-10       1.411100332027e-12      -4.035776486494e-12       0.000000000000e+00       7.216459206973e-16       6.635925899320e-16      -1.289250648689e-17 
 1483       1.134902738512e-10       1.403331128441e-12      -3.931941810411e-12       0.000000000000e+00       7.197098735657e-16       6.613413405962e-16      -1.227949501566e-17 
 1484       1.133125884468e-10       1.396048030224e-12      -3.828159495261e-12       0.000000000000e+00       7.177801384009e-16       6.591205087753e-16      -1.166855316061e-17 
 1485       1.131275816036e-10       1.389248839906e-12      -3.724460256953e-12       0.000000000000e+00       7.158566965521e-16       6.569283530520e-16      -1.105972382706e-17 
 1486       1.129353169405e-10       1.382931339974e-12      -3.620874972865e-12       0.000000000000e+00       7.139395290905e-16       6.547631220480e-16      -1.045305009933e-17 
 1487       1.127358585301e-10       1.377093292834e-12      -3.517434682107e-12       0.000000000000e+00       7.120286168080e-16       6.526230544074e-16      -9.848575241016e-18 
 1488       1.125292709000e-10       1.371732440774e-12      -3.414170585798e-12       0.000000000000e+00       7.101239402172e-16       6.505063787789e-16      -9.246342695246e-18 
 1489       1.123156190332e-10       1.366846505923e-12      -3.311114047327e-12       0.000000000000e+00       7.082254795505e-16       6.484113137992e-16      -8.646396084958e-18 
 1490       1.120949683693e-10       1.362433190215e-12      -3.208296592626e-12       0.000000000000e+00       7.063332147597e-16       6.463360680758e-16      -8.048779213161e-18 
 1491       1.118673848048e-10       1.358490175350e-12      -3.105749910436e-12       0.000000000000e+00       7.044471255152e-16       6.442788401695e-16      -7.453536063200e-18 
 1492       1.116329346946e-10       1.355015122755e-12      -3.003505852577e-12       0.000000000000e+00       7.025671912054e-16       6.422378185779e-16      -6.860710799026e-18 
 1493       1.113916848522e-10       1.352005673544e-12      -2.901596434216e-12       0.000000000000e+00       7.006933909366e-16       6.402111817180e-16      -6.270347765460e-18 
 1494       1.111437025508e-10       1.349459448484e-12      -2.800053834135e-12       0.000000000000e+00       6.988257035316e-16       6.381970979089e-16      -5.682491488465e-18 
 1495       1.108890555243e-10       1.347374047953e-12      -2.698910395000e-12       0.000000000000e+00       6.969641075298e-16       6.361937253551e-16      -5.097186675404e-18 
 1496       1.106278119678e-10       1.345747051903e-12      -2.598198623631e-12       0.000000000000e+00       6.951085811863e-16       6.341992121290e-16      -4.514478215316e-18 
 1497       1.103600405385e-10       1.344576019820e-12      -2.497951191268e-12       0.000000000000e+00       6.932591024713e-16       6.322116961540e-16      -3.934411179176e-18 
 1498       1.100858103566e-10       1.343858490689e-12      -2.398200933839e-12       0.000000000000e+00       6.914156490695e-16       6.302293051874e-16      -3.357030820165e-18 
 1499       1.098051910062e-10       1.343591982951e-12      -2.298980852232e-12       0.000000000000e+00       6.895781983797e-16       6.282501568033e-16      -2.782382573935e-18 
 1500       1.095182525361e-10       1.343773994469e-12      -2.200324112560e-12       0.000000000000e+00       6.877467275140e-16       6.262723583754e-16      -2.210512058878e-18 
 1501       1.092250654601e-10       1.344402002488e-12      -2.102264046433e-12       0.000000000000e+00       6.859212132974e-16       6.242940070597e-16      -1.641465076391e-18 
 1502       1.089257007588e-10       1.345473463593e-12      -2.004834151223e-12       0.000000000000e+00       6.841016322670e-16       6.223131897780e-16      -1.075287611141e-18 
 1503       1.086202298797e-10       1.346985813679e-12      -1.908068090335e-12       0.000000000000e+00       6.822879606714e-16       6.203279832002e-16      -5.120258313374e-19 
 1504       1.083087247380e-10       1.348936467902e-12      -1.811999693472e-12       0.000000000000e+00       6.804801744703e-16       6.183364537275e-16       4.827391100805e-20 
 1505       1.079912577179e-10       1.351322820649e-12      -1.716662956909e-12       0.000000000000e+00       6.786782493339e-16       6.163366574750e-16       6.055650798099e-19 
 1506       1.076679016732e-10       1.354142245498e-12      -1.622092043757e-12       0.000000000000e+00       6.768821606421e-16       6.143266402550e-16       1.159800954644e-18 
 1507       1.073387299277e-10       1.357392095175e-12      -1.528321284233e-12       0.000000000000e+00       6.750918834841e-16       6.123044375596e-16       1.710934630481e-18 
 1508       1.070038162769e-10       1.361069701521e-12      -1.435385175930e-12       0.000000000000e+00       6.733073926578e-16       6.102680745436e-16       2.258919017418e-18 
 1509       1.066632349880e-10       1.365172375451e-12      -1.343318384081e-12       0.000000000000e+00       6.715286626690e-16       6.082155660077e-16       2.803706840414e-18 
 1510       1.063170608011e-10       1.369697406915e-12      -1.252155741834e-12       0.000000000000e+00       6.697556677310e-16       6.061449163808e-16       3.345250639023e-18 
 1511       1.059653689301e-10       1.374642064863e-12      -1.161932250515e-12       0.000000000000e+00       6.679883817640e-16       6.040541197035e-16       3.883502767124e-18 
 1512       1.056082350633e-10       1.380003597203e-12      -1.072683079899e-12       0.000000000000e+00       6.662267783944e-16       6.019411596107e-16       4.418415392659e-18 
 1513       1.052457353643e-10       1.385779230762e-12      -9.844435684764e-13       0.000000000000e+00       6.644708309546e-16       5.998040093144e-16       4.949940497363e-18 
 1514       1.048779464729e-10       1.391966171253e-12      -8.972492237261e-13       0.000000000000e+00       6.627205124815e-16       5.976406315869e-16       5.478029876498e-18 
 1515       1.045049455059e-10       1.398561603231e-12      -8.111357223791e-13       0.000000000000e+00       6.609757957171e-16       5.954489787434e-16       6.002635138587e-18 
 1516       1.041268100577e-10       1.405562690056e-12      -7.261389106893e-13       0.000000000000e+00       6.592366531068e-16       5.932269926249e-16       6.523707705147e-18 
 1517       1.037436182016e-10       1.412966573857e-12      -6.422948047017e-13       0.000000000000e+00       6.575030567997e-16       5.909726045815e-16       7.041198810422e-18 
 1518       1.033554484900e-10       1.420770375492e-12      -5.596395905207e-13       0.000000000000e+00       6.557749786475e-16       5.886837354546e-16       7.555059501117e-18 
 1519       1.029623853161e-10       1.428970551388e-12      -4.782055228762e-13       0.000000000000e+00       6.540523925391e-16       5.863587728130e-16       8.065245705267e-18 
 1520       1.025645350510e-10       1.437560957381e-12      -3.980085770795e-13       0.000000000000e+00       6.523352814311e-16       5.839980077202e-16       8.571733492784e-18 
 1521       1.021620100634e-10       1.446534766156e-12      -3.190606786970e-13       0.000000000000e+00       6.506236303836e-16       5.816022117682e-16       9.074503961330e-18 
 1522       1.017549233745e-10       1.455885108604e-12      -2.413737945171e-13       0.000000000000e+00       6.489174242313e-16       5.791721610879e-16       9.573538180513e-18 
 1523       1.013433886590e-10       1.465605073751e-12      -1.649599326060e-13       0.000000000000e+00       6.472166475827e-16       5.767086363569e-16       1.006881719188e-17 
 1524       1.009275202465e-10       1.475687708686e-12      -8.983114236306e-14       0.000000000000e+00       6.455212848197e-16       5.742124228074e-16       1.056032200894e-17 
 1525       1.005074331221e-10       1.486126018486e-12      -1.599951457572e-14       0.000000000000e+00       6.438313200968e-16       5.716843102335e-16       1.104803361709e-17 
 1526       1.000832429281e-10       1.496912966151e-12       5.652281852480e-14       0.000000000000e+00       6.421467373414e-16       5.691250929992e-16       1.153193297371e-17 
 1527       9.965506596468e-11       1.508041472524e-12       1.277236832083e-13       0.000000000000e+00       6.404675202527e-16       5.665355700462e-16       1.201200100808e-17 
 1528       9.922301919106e-11       1.519504416226e-12       1.975908641905e-13       0.000000000000e+00       6.387936523011e-16       5.639165449010e-16       1.248821862142e-17 
 1529       9.878722022675e-11       1.531294633580e-12       2.661121045771e-13       0.000000000000e+00       6.371251167284e-16       5.612688256835e-16       1.296056668686e-17 
 1530       9.834778735254e-11       1.543404918540e-12       3.332751058092e-13       0.000000000000e+00       6.354618965469e-16       5.585932251137e-16       1.342902604947e-17 
 1531       9.790483951163e-11       1.555828022621e-12       3.990675276077e-13       0.000000000000e+00       6.338039745387e-16       5.558905605201e-16       1.389357752621e-17 
 1532       9.745849631075e-11       1.568556654826e-12       4.634769879175e-13       0.000000000000e+00       6.321513332559e-16       5.531616538474e-16       1.435420190597e-17 
 1533       9.700887802122e-11       1.581583481572e-12       5.264910628531e-13       0.000000000000e+00       6.305039550194e-16       5.504073316637e-16       1.481087994955e-17 
 1534       9.655610558007e-11       1.594901126623e-12       5.880972866423e-13       0.000000000000e+00       6.288618219190e-16       5.476284251685e-16       1.526359238966e-17 
 1535       9.610030059116e-11       1.608502171013e-12       6.482831515718e-13       0.000000000000e+00       6.272249158126e-16       5.448257702004e-16       1.571231993089e-17 
 1536       9.564158532626e-11       1.622379152978e-12       7.070361079312e-13       0.000000000000e+00       6.255932183258e-16       5.420002072449e-16       1.615704324976e-17 
 1537       9.518008272616e-11       1.636524567882e-12       7.643435639578e-13       0.000000000000e+00       6.239667108516e-16       5.391525814419e-16       1.659774299466e-17 
 1538       9.471591640177e-11       1.650930868147e-12       8.201928857816e-13       0.000000000000e+00       6.223453745496e-16       5.362837425934e-16       1.703439978591e-17 
 1539       9.424921063522e-11       1.665590463179e-12       8.745713973696e-13       0.000000000000e+00       6.207291903459e-16       5.333945451712e-16       1.746699421568e-17 
 1540       9.378009038096e-11       1.680495719297e-12       9.274663804707e-13       0.000000000000e+00       6.191181389322e-16       5.304858483248e-16       1.789550684805e-17 
 1541       9.330868126686e-11       1.695638959663e-12       9.788650745604e-13       0.000000000000e+00       6.175122007659e-16       5.275585158889e-16       1.831991821897e-17 
 1542       9.283510959533e-11       1.711012464207e-12       1.028754676785e-12       0.000000000000e+00       6.159113560691e-16       5.246134163911e-16       1.874020883630e-17 
 1543       9.235950234438e-11       1.726608469558e-12       1.077122341908e-12       0.000000000000e+00       6.143155848283e-16       5.216514230597e-16       1.915635917973e-17 
 1544       9.188198716879e-11       1.742419168971e-12       1.123955182251e-12       0.000000000000e+00       6.127248667940e-16       5.186734138313e-16       1.956834970087e-17 
 1545       9.140269240113e-11       1.758436712254e-12       1.169240267643e-12       0.000000000000e+00       6.111391814803e-16       5.156802713585e-16       1.997616082317e-17 
 1546       9.092174705291e-11       1.774653205698e-12       1.212964625362e-12       0.000000000000e+00       6.095585081643e-16       5.126728830177e-16       2.037977294197e-17 
 1547       9.043928081570e-11       1.791060712005e-12       1.255115240081e-12       0.000000000000e+00       6.079828258855e-16       5.096521409166e-16       2.077916642445e-17 
 1548       8.995542406216e-11       1.807651250215e-12       1.295679053812e-12       0.000000000000e+00       6.064121134457e-16       5.066189419022e-16       2.117432160966e-17 
 1549       8.947030784722e-11       1.824416795635e-12       1.334642965850e-12       0.000000000000e+00       6.048463494081e-16       5.035741875682e-16       2.156521880853e-17 
 1550       8.898406390913e-11       1.841349279767e-12       1.371993832721e-12       0.000000000000e+00       6.032855120971e-16       5.005187842627e-16       2.195183830381e-17 
 1551       8.849682467060e-11       1.858440590236e-12       1.407718468122e-12       0.000000000000e+00       6.017295795978e-16       4.974536430963e-16       2.233416035013e-17 
 1552       8.800872323984e-11       1.875682570720e-12       1.441803642868e-12       0.000000000000e+00       6.001785297557e-16       4.943796799492e-16       2.271216517394e-17 
 1553       8.751989341174e-11       1.893067020875e-12       1.474236084839e-12       0.000000000000e+00       5.986323401756e-16       4.912978154794e-16       2.308583297356e-17 
 1554       8.703046966891e-11       1.910585696264e-12       1.505002478920e-12       0.000000000000e+00       5.970909882218e-16       4.882089751300e-16       2.345514391914e-17 
 1555       8.654058718283e-11       1.928230308288e-12       1.534089466948e-12       0.000000000000e+00       5.955544510176e-16       4.851140891374e-16       2.382007815267e-17 
 1556       8.605038181489e-11       1.945992524111e-12       1.561483647659e-12       0.000000000000e+00       5.940227054441e-16       4.820140925382e-16       2.418061578796e-17 
 1557       8.555999011755e-11       1.963863966589e-12       1.587171576628e-12       0.000000000000e+00       5.924957281408e-16       4.789099251779e-16       2.453673691068e-17 
 1558       8.506954271979e-11       1.981836400915e-12       1.611143664671e-12       0.000000000000e+00       5.909734974026e-16       4.758025063209e-16       2.488842393974e-17 
 1559       8.457914441342e-11       1.999902296616e-12       1.633405913195e-12       0.000000000000e+00       5.894559988945e-16       4.726926582068e-16       2.523566873584e-17 
 1560       8.408889388198e-11       2.018054270688e-12       1.653968288920e-12       0.000000000000e+00       5.879432199903e-16       4.695811817922e-16       2.557846555968e-17 
 1561       8.359889030020e-11       2.036284901299e-12       1.672840835561e-12       0.000000000000e+00       5.864351478780e-16       4.664688820885e-16       2.591680871669e-17 
 1562       8.310923333475e-11       2.054586727723e-12       1.690033673970e-12       0.000000000000e+00       5.849317695600e-16       4.633565681686e-16       2.625069255715e-17 
 1563       8.262002314505e-11       2.072952250282e-12       1.705557002265e-12       0.000000000000e+00       5.834330718527e-16       4.602450531732e-16       2.658011147630e-17 
 1564       8.213136038398e-11       2.091373930276e-12       1.719421095977e-12       0.000000000000e+00       5.819390413855e-16       4.571351543172e-16       2.690505991446e-17 
 1565       8.164334619874e-11       2.109844189930e-12       1.731636308178e-12       0.000000000000e+00       5.804496646013e-16       4.540276928963e-16       2.722553235713e-17 
 1566       8.115608223155e-11       2.128355412324e-12       1.742213069625e-12       0.000000000000e+00       5.789649277556e-16       4.509234942934e-16       2.754152333511e-17 
 1567       8.066967062046e-11       2.146899941332e-12       1.751161888894e-12       0.000000000000e+00       5.774848169160e-16       4.478233879849e-16       2.785302742462e-17 
 1568       8.018421400012e-11       2.165470081561e-12       1.758493352519e-12       0.000000000000e+00       5.760093179623e-16       4.447282075474e-16       2.816003924742e-17 
 1569       7.969981550256e-11       2.184058098289e-12       1.764218125128e-12       0.000000000000e+00       5.745384165857e-16       4.416387906638e-16       2.846255347089e-17 
 1570       7.921657875796e-11       2.202656217399e-12       1.768346949578e-12       0.000000000000e+00       5.730720982887e-16       4.385559791301e-16       2.876056480817e-17 
 1571       7.873460789540e-11       2.221256625319e-12       1.770890647101e-12       0.000000000000e+00       5.716103483846e-16       4.354806188615e-16       2.905406801829e-17 
 1572       7.825400754369e-11       2.239851468960e-12       1.771860117428e-12       0.000000000000e+00       5.701531519972e-16       4.324135598991e-16       2.934305790623e-17 
 1573       7.777488283210e-11       2.258432855649e-12       1.771266338939e-12       0.000000000000e+00       5.687004940601e-16       4.293556564163e-16       2.962752932309e-17 
 1574       7.729733939113e-11       2.276992853074e-12       1.769120368793e-12       0.000000000000e+00       5.672523593168e-16       4.263077667250e-16       2.990747716617e-17 
 1575       7.682148335331e-11       2.295523489214e-12       1.765433343067e-12       0.000000000000e+00       5.658087323202e-16       4.232707532826e-16       3.018289637908e-17 
 1576       7.634742135399e-11       2.314016752280e-12       1.760216476892e-12       0.000000000000e+00       5.643695974319e-16       4.202454826976e-16       3.045378195189e-17 
 1577       7.587526053207e-11       2.332464590652e-12       1.753481064594e-12       0.000000000000e+00       5.629349388222e-16       4.172328257369e-16       3.072012892120e-17 
 1578       7.540510853078e-11       2.350858912816e-12       1.745238479827e-12       0.000000000000e+00       5.615047404695e-16       4.142336573317e-16       3.098193237028e-17 
 1579       7.493707349850e-11       2.369191587301e-12       1.735500175714e-12       0.000000000000e+00       5.600789861600e-16       4.112488565840e-16       3.123918742917e-17 
 1580       7.447126408949e-11       2.387454442620e-12       1.724277684981e-12       0.000000000000e+00       5.586576594873e-16       4.082793067733e-16       3.149188927481e-17 
 1581       7.400778946467e-11       2.405639267200e-12       1.711582620096e-12       0.000000000000e+00       5.572407438523e-16       4.053258953629e-16       3.174003313113e-17 
 1582       7.354675929244e-11       2.423737809328e-12       1.697426673406e-12       0.000000000000e+00       5.558282224622e-16       4.023895140061e-16       3.198361426919e-17 
 1583       7.308828374937e-11       2.441741777080e-12       1.681821617275e-12       0.000000000000e+00       5.544200783307e-16       3.994710585530e-16       3.222262800726e-17 
 1584       7.263247352105e-11       2.459642838266e-12       1.664779304221e-12       0.000000000000e+00       5.530162942775e-16       3.965714290569e-16       3.245706971097e-17 
 1585       7.217943980284e-11       2.477432620363e-12       1.646311667050e-12       0.000000000000e+00       5.516168529275e-16       3.936915297804e-16       3.268693479341e-17 
 1586       7.172929430064e-11       2.495102710453e-12       1.626430718999e-12       0.000000000000e+00       5.502217367111e-16       3.908322692023e-16       3.291221871521e-17 
 1587       7.128214923165e-11       2.512644655160e-12       1.605148553870e-12       0.000000000000e+00       5.488309278634e-16       3.879945600238e-16       3.313291698471e-17 
 1588       7.083811732519e-11       2.530049960591e-12       1.582477346166e-12       0.000000000000e+00       5.474444084238e-16       3.851793191748e-16       3.334902515805e-17 
 1589       7.039731182342e-11       2.547310092267e-12       1.558429351233e-12       0.000000000000e+00       5.460621602359e-16       3.823874678206e-16       3.356053883925e-17 
 1590       6.995984648216e-11       2.564416475068e-12       1.533016905391e-12       0.000000000000e+00       5.446841649467e-16       3.796199313683e-16       3.376745368039e-17 
 1591       6.952583557163e-11       2.581360493162e-12       1.506252426076e-12       0.000000000000e+00       5.433104040068e-16       3.768776394731e-16       3.396976538166e-17 
 1592       6.909539387726e-11       2.598133489950e-12       1.478148411976e-12       0.000000000000e+00       5.419408586695e-16       3.741615260450e-16       3.416746969150e-17 
 1593       6.866863670042e-11       2.614726768000e-12       1.448717443168e-12       0.000000000000e+00       5.405755099906e-16       3.714725292548e-16       3.436056240674e-17 
 1594       6.824567985923e-11       2.631131588984e-12       1.417972181255e-12       0.000000000000e+00       5.392143388281e-16       3.688115915410e-16       3.454903937266e-17 
 1595       6.782663968934e-11       2.647339173614e-12       1.385925369505e-12       0.000000000000e+00       5.378573258419e-16       3.661796596160e-16       3.473289648313e-17 
 1596       6.741163304466e-11       2.663340701585e-12       1.352589832984e-12       0.000000000000e+00       5.365044514931e-16       3.635776844726e-16       3.491212968074e-17 
 1597       6.700076375966e-11       2.679128142347e-12       1.317980224084e-12       0.000000000000e+00       5.351556975967e-16       3.610063787830e-16       3.508673835891e-17 
 1598       6.659408189891e-11       2.694696755889e-12       1.282118276298e-12       0.000000000000e+00       5.338110519943e-16       3.584654866524e-16       3.525673560210e-17 
 1599       6.619162413574e-11       2.710042614742e-12       1.245027598842e-12       0.000000000000e+00       5.324705039236e-16       3.559545071890e-16       3.542213803963e-17 
 1600       6.579342725708e-11       2.725161775191e-12       1.206731935856e-12       0.000000000000e+00       5.311340424688e-16       3.534729364993e-16       3.558296245248e-17 
 1601       6.539952816359e-11       2.740050277255e-12       1.167255166625e-12       0.000000000000e+00       5.298016565605e-16       3.510202676830e-16       3.573922577351e-17 
 1602       6.500996386976e-11       2.754704144659e-12       1.126621305799e-12       0.000000000000e+00       5.284733349753e-16       3.485959908283e-16       3.589094508777e-17 
 1603       6.462477150406e-11       2.769119384816e-12       1.084854503608e-12       0.000000000000e+00       5.271490663356e-16       3.461995930067e-16       3.603813763275e-17 
 1604       6.424398830914e-11       2.783291988799e-12       1.041979046086e-12       0.000000000000e+00       5.258288391092e-16       3.438305582682e-16       3.618082079870e-17 
 1605       6.386765164185e-11       2.797217931320e-12       9.980193552884e-13       0.000000000000e+00       5.245126416091e-16       3.414883676361e-16       3.631901212883e-17 
 1606       6.349579897351e-11       2.810893170704e-12       9.529999895114e-13       0.000000000000e+00       5.232004619930e-16       3.391724991024e-16       3.645272931965e-17 
 1607       6.312846788993e-11       2.824313648869e-12       9.069456435116e-13       0.000000000000e+00       5.218922882633e-16       3.368824276224e-16       3.658199022120e-17 
 1608       6.276569609163e-11       2.837475291300e-12       8.598811487252e-13       0.000000000000e+00       5.205881082666e-16       3.346176251101e-16       3.670681283736e-17 
 1609       6.240752139395e-11       2.850374007024e-12       8.118314734874e-13       0.000000000000e+00       5.192879096932e-16       3.323775604332e-16       3.682721532609e-17 
 1610       6.205398172718e-11       2.863005688590e-12       7.628217232517e-13       0.000000000000e+00       5.179916800773e-16       3.301616994077e-16       3.694321599972e-17 
 1611       6.170511513670e-11       2.875366212046e-12       7.128771408094e-13       0.000000000000e+00       5.166994067962e-16       3.279695047935e-16       3.705483332521e-17 
 1612       6.136095978313e-11       2.887451436909e-12       6.620231065088e-13       0.000000000000e+00       5.154110770705e-16       3.258004362892e-16       3.716208592445e-17 
 1613       6.102155394247e-11       2.899257206149e-12       6.102851384748e-13       0.000000000000e+00       5.141266779632e-16       3.236539505269e-16       3.726499257451e-17 
 1614       6.068693600621e-11       2.910779346161e-12       5.576888928277e-13       0.000000000000e+00       5.128461963799e-16       3.215295010677e-16       3.736357220792e-17 
 1615       6.035714448151e-11       2.922013666742e-12       5.042601639032e-13       0.000000000000e+00       5.115696190681e-16       3.194265383964e-16       3.745784391295e-17 
 1616       6.003221799129e-11       2.932955961072e-12       4.500248844714e-13       0.000000000000e+00       5.102969326174e-16       3.173445099165e-16       3.754782693387e-17 
 1617       5.971219527441e-11       2.943602005682e-12       3.950091259561e-13       0.000000000000e+00       5.090281234586e-16       3.152828599455e-16       3.763354067122e-17 
 1618       5.939711518580e-11       2.953947560437e-12       3.392390986544e-13       0.000000000000e+00       5.077631778638e-16       3.132410297097e-16       3.771500468212e-17 
 1619       5.908701669656e-11       2.963988368512e-12       2.827411519557e-13       0.000000000000e+00       5.065020819460e-16       3.112184573395e-16       3.779223868050e-17 
 1620       5.878193889417e-11       2.973720156365e-12       2.255417745616e-13       0.000000000000e+00       5.052448216589e-16       3.092145778640e-16       3.786526253740e-17 
 1621       5.848192098254e-11       2.983138633717e-12       1.676675947045e-13       0.000000000000e+00       5.039913827962e-16       3.072288232064e-16       3.793409628121e-17 
 1622       5.818700228222e-11       2.992239493526e-12       1.091453803677e-13       0.000000000000e+00       5.027417509917e-16       3.052606221790e-16       3.799876009800e-17 
 1623       5.789722223051e-11       3.001018411966e-12       5.000203950425e-14       0.000000000000e+00       5.014959117190e-16       3.033094004780e-16       3.805927433174e-17 
 1624       5.761262038160e-11       3.009471048400e-12      -9.735379743511e-15       0.000000000000e+00       5.002538502910e-16       3.013745806788e-16       3.811565948461e-17 
 1625       5.733323640669e-11       3.017593045360e-12      -7.003968882464e-14       0.000000000000e+00       4.990155518594e-16       2.994555822308e-16       3.816793621724e-17 
 1626       5.705911009418e-11       3.025380028522e-12      -1.308835585602e-13       0.000000000000e+00       4.977810014152e-16       2.975518214527e-16       3.821612534901e-17 
 1627       5.679028134973e-11       3.032827606680e-12      -1.922395189241e-13       0.000000000000e+00       4.965501837872e-16       2.956627115273e-16       3.826024785831e-17 
 1628       5.652679019649e-11       3.039931371729e-12      -2.540799588232e-13       0.000000000000e+00       4.953230836429e-16       2.937876624966e-16       3.830032488283e-17 
 1629       5.626867677515e-11       3.046686898633e-12      -3.163771258789e-13       0.000000000000e+00       4.940996854874e-16       2.919260812569e-16       3.833637771980e-17 
 1630       5.601598134413e-11       3.053089745408e-12      -3.791031262068e-13       0.000000000000e+00       4.928799736634e-16       2.900773715537e-16       3.836842782630e-17 
 1631       5.576874427972e-11       3.059135453097e-12      -4.422299241979e-13       0.000000000000e+00       4.916639323507e-16       2.882409339769e-16       3.839649681952e-17 
 1632       5.552700607618e-11       3.064819545744e-12      -5.057293422992e-13       0.000000000000e+00       4.904515455662e-16       2.864161659558e-16       3.842060647702e-17 
 1633       5.529080734592e-11       3.070137530373e-12      -5.695730607943e-13       0.000000000000e+00       4.892427971634e-16       2.846024617539e-16       3.844077873702e-17 
 1634       5.506018881962e-11       3.075084896964e-12      -6.337326175840e-13       0.000000000000e+00       4.880376708321e-16       2.827992124643e-16       3.845703569866e-17 
 1635       5.483519134636e-11       3.079657118428e-12      -6.981794079669e-13       0.000000000000e+00       4.868361500982e-16       2.810058060045e-16       3.846939962230e-17 
 1636       5.461584362350e-11       3.083850594117e-12      -7.628856823725e-13       0.000000000000e+00       4.856382196023e-16       2.792217234576e-16       3.847789261267e-17 
 1637       5.440212526603e-11       3.087665489621e-12      -8.278275497584e-13       0.000000000000e+00       4.844438689499e-16       2.774468290489e-16       3.848253566477e-17 
 1638       5.419400340724e-11       3.091102922317e-12      -8.929820006341e-13       0.000000000000e+00       4.832530888950e-16       2.756810827522e-16       3.848334961000e-17 
 1639       5.399144493863e-11       3.094164020165e-12      -9.583259113719e-13       0.000000000000e+00       4.820658700640e-16       2.739244441792e-16       3.848035543273e-17 
 1640       5.379441650943e-11       3.096849921722e-12      -1.023836044032e-12       0.000000000000e+00       4.808822029558e-16       2.721768725780e-16       3.847357427058e-17 
 1641       5.360288452625e-11       3.099161776162e-12      -1.089489046190e-12       0.000000000000e+00       4.797020779408e-16       2.704383268330e-16       3.846302741462e-17 
 1642       5.341681515265e-11       3.101100743297e-12      -1.155261450758e-12       0.000000000000e+00       4.785254852613e-16       2.687087654640e-16       3.844873630970e-17 
 1643       5.323617430872e-11       3.102667993593e-12      -1.221129675813e-12       0.000000000000e+00       4.773524150311e-16       2.669881466256e-16       3.843072255467e-17 
 1644       5.306092767066e-11       3.103864708192e-12      -1.287070024423e-12       0.000000000000e+00       4.761828572351e-16       2.652764281066e-16       3.840900790264e-17 
 1645       5.289104067042e-11       3.104692078927e-12      -1.353058684470e-12       0.000000000000e+00       4.750168017290e-16       2.635735673293e-16       3.838361426127e-17 
 1646       5.272647849521e-11       3.105151308343e-12      -1.419071728477e-12       0.000000000000e+00       4.738542382395e-16       2.618795213489e-16       3.835456369296e-17 
 1647       5.256720608714e-11       3.105243609716e-12      -1.485085113431e-12       0.000000000000e+00       4.726951563634e-16       2.601942468526e-16       3.832187841521e-17 
 1648       5.241318814281e-11       3.104970207068e-12      -1.551074680613e-12       0.000000000000e+00       4.715395455681e-16       2.585177001596e-16       3.828558080078e-17 
 1649       5.226438911288e-11       3.104332335193e-12      -1.617016155419e-12       0.000000000000e+00       4.703873951905e-16       2.568498372195e-16       3.824569337801e-17 
 1650       5.212077320165e-11       3.103331239668e-12      -1.682885147187e-12       0.000000000000e+00       4.692386944377e-16       2.551906136124e-16       3.820223883108e-17 
 1651       5.198230436667e-11       3.101968176877e-12      -1.748657149021e-12       0.000000000000e+00       4.680934323858e-16       2.535399845482e-16       3.815524000021e-17 
 1652       5.184894631832e-11       3.100244414028e-12      -1.814307537620e-12       0.000000000000e+00       4.669515979804e-16       2.518979048655e-16       3.810471988199e-17 
 1653       5.172066251940e-11       3.098161229170e-12      -1.879811573100e-12       0.000000000000e+00       4.658131800360e-16       2.502643290312e-16       3.805070162961e-17 
 1654       5.159741618471e-11       3.095719911216e-12      -1.945144398819e-12       0.000000000000e+00       4.646781672359e-16       2.486392111401e-16       3.799320855310e-17 
 1655       5.147917028065e-11       3.092921759957e-12      -2.010281041205e-12       0.000000000000e+00       4.635465481316e-16       2.470225049138e-16       3.793226411964e-17 
 1656       5.136588752479e-11       3.089768086085e-12      -2.075196409581e-12       0.000000000000e+00       4.624183111432e-16       2.454141637003e-16       3.786789195374e-17 
 1657       5.125753038549e-11       3.086260211206e-12      -2.139865295987e-12       0.000000000000e+00       4.612934445585e-16       2.438141404734e-16       3.780011583760e-17 
 1658       5.115406108146e-11       3.082399467868e-12      -2.204262375010e-12       0.000000000000e+00       4.601719365333e-16       2.422223878318e-16       3.772895971127e-17 
 1659       5.105544158134e-11       3.078187199568e-12      -2.268362203607e-12       0.000000000000e+00       4.590537750905e-16       2.406388579989e-16       3.765444767299e-17 
 1660       5.096163360334e-11       3.073624760782e-12      -2.332139220928e-12       0.000000000000e+00       4.579389481206e-16       2.390635028215e-16       3.757660397938e-17 
 1661       5.087259861476e-11       3.068713516976e-12      -2.395567748147e-12       0.000000000000e+00       4.568274433810e-16       2.374962737699e-16       3.749545304576e-17 
 1662       5.078829783163e-11       3.063454844628e-12      -2.458621988283e-12       0.000000000000e+00       4.557192484958e-16       2.359371219365e-16       3.741101944637e-17 
 1663       5.070869221827e-11       3.057850131246e-12      -2.521276026026e-12       0.000000000000e+00       4.546143509556e-16       2.343859980357e-16       3.732332791465e-17 
 1664       5.063374248691e-11       3.051900775388e-12      -2.583503827564e-12       0.000000000000e+00       4.535127381173e-16       2.328428524031e-16       3.723240334348e-17 
 1665       5.056340909723e-11       3.045608186677e-12      -2.645279240407e-12       0.000000000000e+00       4.524143972039e-16       2.313076349947e-16       3.713827078544e-17 
 1666       5.049765225598e-11       3.038973785826e-12      -2.706575993212e-12       0.000000000000e+00       4.513193153039e-16       2.297802953864e-16       3.704095545312e-17 
 1667       5.043643191657e-11       3.031999004650e-12      -2.767367695611e-12       0.000000000000e+00       4.502274793716e-16       2.282607827734e-16       3.694048271929e-17 
 1668       5.037970777866e-11       3.024685286090e-12      -2.827627838033e-12       0.000000000000e+00       4.491388762263e-16       2.267490459694e-16       3.683687811723e-17 
 1669       5.032743928771e-11       3.017034084228e-12      -2.887329791531e-12       0.000000000000e+00       4.480534925527e-16       2.252450334060e-16       3.673016734097e-17 
 1670       5.027958563462e-11       3.009046864308e-12      -2.946446807607e-12       0.000000000000e+00       4.469713149000e-16       2.237486931321e-16       3.662037624554e-17 
 1671       5.023610575530e-11       3.000725102755e-12      -3.004952018037e-12       0.000000000000e+00       4.458923296818e-16       2.222599728132e-16       3.650753084723e-17 
 1672       5.019695833024e-11       2.992070287192e-12      -3.062818434700e-12       0.000000000000e+00       4.448165231764e-16       2.207788197306e-16       3.639165732385e-17 
 1673       5.016210178412e-11       2.983083916459e-12      -3.120018949395e-12       0.000000000000e+00       4.437438815259e-16       2.193051807813e-16       3.627278201502e-17 
 1674       5.013149428537e-11       2.973767500634e-12      -3.176526333678e-12       0.000000000000e+00       4.426743907361e-16       2.178390024767e-16       3.615093142237e-17 
 1675       5.010508862456e-11       2.964123129070e-12      -3.232316048852e-12       0.000000000000e+00       4.416080377356e-16       2.163802500752e-16       3.602613308256e-17 
 1676       5.008281680123e-11       2.954155179911e-12      -3.287374703173e-12       0.000000000000e+00       4.405448135633e-16       2.149289651638e-16       3.589841819403e-17 
 1677       5.006460530157e-11       2.943868625547e-12      -3.341691668177e-12       0.000000000000e+00       4.394847102080e-16       2.134852085782e-16       3.576781901368e-17 
 1678       5.005038020684e-11       2.933268465989e-12      -3.395256275146e-12       0.000000000000e+00       4.384277195518e-16       2.120490413155e-16       3.563436798657e-17 
 1679       5.004006719271e-11       2.922359728918e-12      -3.448057815061e-12       0.000000000000e+00       4.373738333696e-16       2.106205245347e-16       3.549809774619e-17 
 1680       5.003359152868e-11       2.911147469719e-12      -3.500085538545e-12       0.000000000000e+00       4.363230433295e-16       2.091997195563e-16       3.535904111475e-17 
 1681       5.003087807738e-11       2.899636771534e-12      -3.551328655806e-12       0.000000000000e+00       4.352753409919e-16       2.077866878631e-16       3.521723110351e-17 
 1682       5.003185129400e-11       2.887832745297e-12      -3.601776336586e-12       0.000000000000e+00       4.342307178098e-16       2.063814911000e-16       3.507270091304e-17 
 1683       5.003643522561e-11       2.875740529780e-12      -3.651417710106e-12       0.000000000000e+00       4.331891651283e-16       2.049841910741e-16       3.492548393354e-17 
 1684       5.004455351059e-11       2.863365291639e-12      -3.700241865008e-12       0.000000000000e+00       4.321506741846e-16       2.035948497551e-16       3.477561374514e-17 
 1685       5.005612937794e-11       2.850712225451e-12      -3.748237849307e-12       0.000000000000e+00       4.311152361077e-16       2.022135292756e-16       3.462312411815e-17 
 1686       5.007108564666e-11       2.837786553761e-12      -3.795394670329e-12       0.000000000000e+00       4.300828419182e-16       2.008402919306e-16       3.446804901344e-17 
 1687       5.008934472517e-11       2.824593527126e-12      -3.841701294662e-12       0.000000000000e+00       4.290534825281e-16       1.994752001786e-16       3.431042258265e-17 
 1688       5.011082861061e-11       2.811138424154e-12      -3.887146648100e-12       0.000000000000e+00       4.280271487406e-16       1.981183166408e-16       3.415027916854e-17 
 1689       5.013545888824e-11       2.797426551550e-12      -3.931719615586e-12       0.000000000000e+00       4.270038312500e-16       1.967697041021e-16       3.398765330528e-17 
 1690       5.016315673084e-11       2.783463244159e-12      -3.975409041161e-12       0.000000000000e+00       4.259835206412e-16       1.954294255108e-16       3.382257971871e-17 
 1691       5.019384289802e-11       2.769253865007e-12      -4.018203727908e-12       0.000000000000e+00       4.249662073901e-16       1.940975439789e-16       3.365509332670e-17 
 1692       5.022743773564e-11       2.754803805347e-12      -4.060092437898e-12       0.000000000000e+00       4.239518818625e-16       1.927741227823e-16       3.348522923938e-17 
 1693       5.026386117513e-11       2.740118484698e-12      -4.101063892134e-12       0.000000000000e+00       4.229405343147e-16       1.914592253607e-16       3.331302275949e-17 
 1694       5.030303273291e-11       2.725203350893e-12      -4.141106770499e-12       0.000000000000e+00       4.219321548931e-16       1.901529153183e-16       3.313850938264e-17 
 1695       5.034487150974e-11       2.710063880118e-12      -4.180209711698e-12       0.000000000000e+00       4.209267336337e-16       1.888552564235e-16       3.296172479763e-17 
 1696       5.038929619006e-11       2.694705576957e-12      -4.218361313206e-12       0.000000000000e+00       4.199242604621e-16       1.875663126092e-16       3.278270488672e-17 
 1697       5.043622504142e-11       2.679133974433e-12      -4.255550131215e-12       0.000000000000e+00       4.189247251934e-16       1.862861479731e-16       3.260148572596e-17 
 1698       5.048557591379e-11       2.663354634055e-12      -4.291764680575e-12       0.000000000000e+00       4.179281175319e-16       1.850148267777e-16       3.241810358546e-17 
 1699       5.053726623896e-11       2.647373145856e-12      -4.326993434743e-12       0.000000000000e+00       4.169344270709e-16       1.837524134504e-16       3.223259492970e-17 
 1700       5.059121302990e-11       2.631195128440e-12      -4.361224825728e-12       0.000000000000e+00       4.159436432923e-16       1.824989725840e-16       3.204499641783e-17 
 1701       5.064733288014e-11       2.614826229024e-12      -4.394447244035e-12       0.000000000000e+00       4.149557555669e-16       1.812545689366e-16       3.185534490395e-17 
 1702       5.070554196313e-11       2.598272123480e-12      -4.426649038613e-12       0.000000000000e+00       4.139707531537e-16       1.800192674319e-16       3.166367743741e-17 
 1703       5.076575603160e-11       2.581538516377e-12      -4.457818516796e-12       0.000000000000e+00       4.129886252000e-16       1.787931331591e-16       3.147003126312e-17 
 1704       5.082789041696e-11       2.564631141029e-12      -4.487943944253e-12       0.000000000000e+00       4.120093607409e-16       1.775762313735e-16       3.127444382184e-17 
 1705       5.089186002864e-11       2.547555759531e-12      -4.517013544934e-12       0.000000000000e+00       4.110329486995e-16       1.763686274962e-16       3.107695275047e-17 
 1706       5.095757935346e-11       2.530318162808e-12      -4.545015501010e-12       0.000000000000e+00       4.100593778865e-16       1.751703871148e-16       3.087759588235e-17 
 1707       5.102496245502e-11       2.512924170657e-12      -4.571937952824e-12       0.000000000000e+00       4.090886369997e-16       1.739815759830e-16       3.067641124756e-17 
 1708       5.109392297306e-11       2.495379631785e-12      -4.597768998833e-12       0.000000000000e+00       4.081207146245e-16       1.728022600213e-16       3.047343707322e-17 
 1709       5.116437412281e-11       2.477690423858e-12      -4.622496695556e-12       0.000000000000e+00       4.071555992329e-16       1.716325053166e-16       3.026871178378e-17 
 1710       5.123622869440e-11       2.459862453543e-12      -4.646109057518e-12       0.000000000000e+00       4.061932791840e-16       1.704723781229e-16       3.006227400130e-17 
 1711       5.130939905219e-11       2.441901656547e-12      -4.668594057196e-12       0.000000000000e+00       4.052337427232e-16       1.693219448612e-16       2.985416254579e-17 
 1712       5.138379713415e-11       2.423813997665e-12      -4.689939624963e-12       0.000000000000e+00       4.042769779826e-16       1.681812721198e-16       2.964441643546e-17 
 1713       5.145933445125e-11       2.405605470820e-12      -4.710133649036e-12       0.000000000000e+00       4.033229729801e-16       1.670504266541e-16       2.943307488704e-17 
 1714       5.153592554886e-11       2.387282039470e-12      -4.729166869967e-12       0.000000000000e+00       4.023717165063e-16       1.659295004497e-16       2.922017322531e-17 
 1715       5.161349842461e-11       2.368849457190e-12      -4.747041591242e-12       0.000000000000e+00       4.014232007914e-16       1.648186861435e-16       2.900573057286e-17 
 1716       5.169198419823e-11       2.350313445640e-12      -4.763763042935e-12       0.000000000000e+00       4.004774188603e-16       1.637182022461e-16       2.878976205582e-17 
 1717       5.177131365703e-11       2.331679754111e-12      -4.779336493966e-12       0.000000000000e+00       3.995343636483e-16       1.626282681399e-16       2.857228288523e-17 
 1718       5.185141725548e-11       2.312954159560e-12      -4.793767252174e-12       0.000000000000e+00       3.985940280007e-16       1.615491040797e-16       2.835330835717e-17 
 1719       5.193222511467e-11       2.294142466655e-12      -4.807060664375e-12       0.000000000000e+00       3.976564046726e-16       1.604809311938e-16       2.813285385290e-17 
 1720       5.201366702182e-11       2.275250507812e-12      -4.819222116424e-12       0.000000000000e+00       3.967214863291e-16       1.594239714857e-16       2.791093483894e-17 
 1721       5.209567242983e-11       2.256284143235e-12      -4.830257033287e-12       0.000000000000e+00       3.957892655446e-16       1.583784478349e-16       2.768756686727e-17 
 1722       5.217817045675e-11       2.237249260962e-12      -4.840170879095e-12       0.000000000000e+00       3.948597348033e-16       1.573445839983e-16       2.746276557541e-17 
 1723       5.226108988533e-11       2.218151776900e-12      -4.848969157213e-12       0.000000000000e+00       3.939328864983e-16       1.563226046112e-16       2.723654668657e-17 
 1724       5.234435916246e-11       2.198997634867e-12      -4.856657410303e-12       0.000000000000e+00       3.930087129320e-16       1.553127351886e-16       2.700892600977e-17 
 1725       5.242790639879e-11       2.179792806634e-12      -4.863241220387e-12       0.000000000000e+00       3.920872063156e-16       1.543152021264e-16       2.677991943998e-17 
 1726       5.251165936812e-11       2.160543291966e-12      -4.868726208911e-12       0.000000000000e+00       3.911683587692e-16       1.533302327026e-16       2.654954295823e-17 
 1727       5.259554550701e-11       2.141255118659e-12      -4.873118036808e-12       0.000000000000e+00       3.902521623214e-16       1.523580550783e-16       2.631781263177e-17 
 1728       5.267949191424e-11       2.121934342585e-12      -4.876422404563e-12       0.000000000000e+00       3.893386089093e-16       1.513988982993e-16       2.608474461417e-17 
 1729       5.276342535033e-11       2.102587047731e-12      -4.878645052275e-12       0.000000000000e+00       3.884276903782e-16       1.504529922969e-16       2.585035514546e-17 
 1730       5.284727223703e-11       2.083219346236e-12      -4.879791759721e-12       0.000000000000e+00       3.875193984817e-16       1.495205678892e-16       2.561466055228e-17 
 1731       5.293095865689e-11       2.063837378438e-12      -4.879868346423e-12       0.000000000000e+00       3.866137248809e-16       1.486018567825e-16       2.537767724796e-17 
 1732       5.301441035271e-11       2.044447312910e-12      -4.878880671704e-12       0.000000000000e+00       3.857106611453e-16       1.476970915720e-16       2.513942173270e-17 
 1733       5.309755272707e-11       2.025055346502e-12      -4.876834634761e-12       0.000000000000e+00       3.848101987514e-16       1.468065057437e-16       2.489991059368e-17 
 1734       5.318031084185e-11       2.005667704382e-12      -4.873736174722e-12       0.000000000000e+00       3.839123290835e-16       1.459303336750e-16       2.465916050518e-17 
 1735       5.326260941775e-11       1.986290640075e-12      -4.869591270711e-12       0.000000000000e+00       3.830170434331e-16       1.450688106359e-16       2.441718822873e-17 
 1736       5.334437283376e-11       1.966930435507e-12      -4.864405941914e-12       0.000000000000e+00       3.821243329989e-16       1.442221727908e-16       2.417401061322e-17 
 1737       5.342552512671e-11       1.947593401040e-12      -4.858186247640e-12       0.000000000000e+00       3.812341888863e-16       1.433906571989e-16       2.392964459502e-17 
 1738       5.350598999076e-11       1.928285875519e-12      -4.850938287387e-12       0.000000000000e+00       3.803466021077e-16       1.425745018160e-16       2.368410719817e-17 
 1739       5.358569077693e-11       1.909014226308e-12      -4.842668200901e-12       0.000000000000e+00       3.794615635822e-16       1.417739454953e-16       2.343741553443e-17 
 1740       5.366455049257e-11       1.889784849332e-12      -4.833382168247e-12       0.000000000000e+00       3.785790641350e-16       1.409892279888e-16       2.318958680345e-17 
 1741       5.374249180094e-11       1.870604169119e-12      -4.823086409867e-12       0.000000000000e+00       3.776990944979e-16       1.402205899486e-16       2.294063829292e-17 
 1742       5.381943702064e-11       1.851478638837e-12      -4.811787186645e-12       0.000000000000e+00       3.768216453088e-16       1.394682729276e-16       2.269058737863e-17 
 1743       5.389530812518e-11       1.832414740338e-12      -4.799490799972e-12       0.000000000000e+00       3.759467071115e-16       1.387325193813e-16       2.243945152470e-17 
 1744       5.397002674247e-11       1.813418984199e-12      -4.786203591806e-12       0.000000000000e+00       3.750742703554e-16       1.380135726686e-16       2.218724828360e-17 
 1745       5.404351415433e-11       1.794497909760e-12      -4.771931944741e-12       0.000000000000e+00       3.742043253959e-16       1.373116770531e-16       2.193399529636e-17 
 1746       5.411569129599e-11       1.775658085163e-12      -4.756682282068e-12       0.000000000000e+00       3.733368624937e-16       1.366270777043e-16       2.167971029268e-17 
 1747       5.418647875562e-11       1.756906107399e-12      -4.740461067836e-12       0.000000000000e+00       3.724718718146e-16       1.359600206987e-16       2.142441109104e-17 
 1748       5.425579677385e-11       1.738248602343e-12      -4.723274806920e-12       0.000000000000e+00       3.716093434299e-16       1.353107530213e-16       2.116811559884e-17 
 1749       5.432356524323e-11       1.719692224797e-12      -4.705130045084e-12       0.000000000000e+00       3.707492673155e-16       1.346795225663e-16       2.091084181254e-17 
 1750       5.438970370780e-11       1.701243658530e-12      -4.686033369041e-12       0.000000000000e+00       3.698916333525e-16       1.340665781388e-16       2.065260781776e-17 
 1751       5.445413136257e-11       1.682909616318e-12      -4.665991406520e-12       0.000000000000e+00       3.690364313263e-16       1.334721694555e-16       2.039343178946e-17 
 1752       5.451676705304e-11       1.664696839985e-12      -4.645010826330e-12       0.000000000000e+00       3.681836509269e-16       1.328965471464e-16       2.013333199201e-17 
 1753       5.457753794948e-11       1.646611545203e-12      -4.623099847047e-12       0.000000000000e+00       3.673332824933e-16       1.323398811381e-16       1.987232883841e-17 
 1754       5.463640565012e-11       1.628657750730e-12      -4.600272776725e-12       0.000000000000e+00       3.664853192544e-16       1.318020150578e-16       1.961045108628e-17 
 1755       5.469334029486e-11       1.610838935308e-12      -4.576545511208e-12       0.000000000000e+00       3.656397551060e-16       1.312827097821e-16       1.934772969385e-17 
 1756       5.474831191016e-11       1.593158591654e-12      -4.551934029061e-12       0.000000000000e+00       3.647965838687e-16       1.307817248660e-16       1.908419576578e-17 
 1757       5.480129040884e-11       1.575620226482e-12      -4.526454391701e-12       0.000000000000e+00       3.639557992869e-16       1.302988185409e-16       1.881988055338e-17 
 1758       5.485224558997e-11       1.558227360518e-12      -4.500122743510e-12       0.000000000000e+00       3.631173950289e-16       1.298337477128e-16       1.855481545486e-17 
 1759       5.490114713868e-11       1.540983528526e-12      -4.472955311964e-12       0.000000000000e+00       3.622813646872e-16       1.293862679605e-16       1.828903201549e-17 
 1760       5.494796462605e-11       1.523892279318e-12      -4.444968407754e-12       0.000000000000e+00       3.614477017775e-16       1.289561335329e-16       1.802256192782e-17 
 1761       5.499266750893e-11       1.506957175779e-12      -4.416178424907e-12       0.000000000000e+00       3.606163997396e-16       1.285430973478e-16       1.775543703191e-17 
 1762       5.503522512979e-11       1.490181794886e-12      -4.386601840911e-12       0.000000000000e+00       3.597874519363e-16       1.281469109895e-16       1.748768931554e-17 
 1763       5.507560671658e-11       1.473569727722e-12      -4.356255216835e-12       0.000000000000e+00       3.589608516540e-16       1.277673247068e-16       1.721935091439e-17 
 1764       5.511378138259e-11       1.457124579500e-12      -4.325155197453e-12       0.000000000000e+00       3.581365921019e-16       1.274040874110e-16       1.695045411227e-17 
 1765       5.514971812626e-11       1.440849969581e-12      -4.293318511368e-12       0.000000000000e+00       3.573146664127e-16       1.270569466741e-16       1.668103134133e-17 
 1766       5.518338583108e-11       1.424749531489e-12      -4.260761971130e-12       0.000000000000e+00       3.564950676416e-16       1.267256487267e-16       1.641111518228e-17 
 1767       5.521475326541e-11       1.408826912936e-12      -4.227502473362e-12       0.000000000000e+00       3.556777887667e-16       1.264099384559e-16       1.614073836458e-17 
 1768       5.524378908231e-11       1.393085775837e-12      -4.193556998885e-12       0.000000000000e+00       3.548628226886e-16       1.261095594035e-16       1.586993376664e-17 
 1769       5.527046181943e-11       1.377529796327e-12      -4.158942612833e-12       0.000000000000e+00       3.540501622307e-16       1.258242537637e-16       1.559873441607e-17 
 1770       5.529473989885e-11       1.362162664787e-12      -4.123676464782e-12       0.000000000000e+00       3.532398001383e-16       1.255537623815e-16       1.532717348986e-17 
 1771       5.531659162689e-11       1.346988085856e-12      -4.087775788870e-12       0.000000000000e+00       3.524317290792e-16       1.252978247505e-16       1.505528431460e-17 
 1772       5.533598519403e-11       1.332009778452e-12      -4.051257903922e-12       0.000000000000e+00       3.516259416432e-16       1.250561790108e-16       1.478310036668e-17 
 1773       5.535288867469e-11       1.317231475794e-12      -4.014140213567e-12       0.000000000000e+00       3.508224303421e-16       1.248285619472e-16       1.451065527251e-17 
 1774       5.536727002711e-11       1.302656925415e-12      -3.976440206367e-12       0.000000000000e+00       3.500211876093e-16       1.246147089872e-16       1.423798280872e-17 
 1775       5.537909709320e-11       1.288289889187e-12      -3.938175455934e-12       0.000000000000e+00       3.492222058000e-16       1.244143541987e-16       1.396511690240e-17 
 1776       5.538833759841e-11       1.274134143336e-12      -3.899363621058e-12       0.000000000000e+00       3.484254771910e-16       1.242272302886e-16       1.369209163125e-17 
 1777       5.539495915151e-11       1.260193478463e-12      -3.860022445825e-12       0.000000000000e+00       3.476309939804e-16       1.240530686001e-16       1.341894122386e-17 
 1778       5.539892924453e-11       1.246471699560e-12      -3.820169759741e-12       0.000000000000e+00       3.468387482875e-16       1.238915991113e-16       1.314570005986e-17 
 1779       5.540021525253e-11       1.232972626033e-12      -3.779823477855e-12       0.000000000000e+00       3.460487321527e-16       1.237425504327e-16       1.287240267017e-17 
 1780       5.539878443350e-11       1.219700091719e-12      -3.739001600880e-12       0.000000000000e+00       3.452609375377e-16       1.236056498058e-16       1.259908373719e-17 
 1781       5.539460392820e-11       1.206657944902e-12      -3.697722215321e-12       0.000000000000e+00       3.444753563246e-16       1.234806231005e-16       1.232577809502e-17 
 1782       5.538764075997e-11       1.193850048338e-12      -3.656003493587e-12       0.000000000000e+00       3.436919803166e-16       1.233671948135e-16       1.205252072966e-17 
 1783       5.537786183466e-11       1.181280279270e-12      -3.613863694126e-12       0.000000000000e+00       3.429108012371e-16       1.232650880661e-16       1.177934677923e-17 
 1784       5.536523394038e-11       1.168952529445e-12      -3.571321161536e-12       0.000000000000e+00       3.421318107303e-16       1.231740246024e-16       1.150629153416e-17 
 1785       5.534972374742e-11       1.156870705139e-12      -3.528394326697e-12       0.000000000000e+00       3.413550003604e-16       1.230937247871e-16       1.123339043744e-17 
 1786       5.533129780810e-11       1.145038727170e-12      -3.485101706887e-12       0.000000000000e+00       3.405803616120e-16       1.230239076036e-16       1.096067908479e-17 
 1787       5.530992255656e-11       1.133460530921e-12      -3.441461905909e-12       0.000000000000e+00       3.398078858896e-16       1.229642906521e-16       1.068819322487e-17 
 1788       5.528556430867e-11       1.122140066355e-12      -3.397493614208e-12       0.000000000000e+00       3.390375645177e-16       1.229145901474e-16       1.041596875953e-17 
 1789       5.525818926185e-11       1.111081298038e-12      -3.353215609001e-12       0.000000000000e+00       3.382693887404e-16       1.228745209170e-16       1.014404174399e-17 
 1790       5.522776349493e-11       1.100288205155e-12      -3.308646754392e-12       0.000000000000e+00       3.375033497215e-16       1.228437963993e-16       9.872448387030e-18 
 1791       5.519425296798e-11       1.089764781533e-12      -3.263806001502e-12       0.000000000000e+00       3.367394385444e-16       1.228221286413e-16       9.601225051249e-18 
 1792       5.515763212270e-11       1.079514318377e-12      -3.218711935992e-12       0.000000000000e+00       3.359776468450e-16       1.228092721396e-16       9.330406027967e-18 
 1793       5.511790976057e-11       1.069537246068e-12      -3.173381416379e-12       0.000000000000e+00       3.352179687169e-16       1.228051557584e-16       9.060016841762e-18 
 1794       5.507510337571e-11       1.059833274783e-12      -3.127830924847e-12       0.000000000000e+00       3.344603988219e-16       1.228097518850e-16       8.790080891689e-18 
 1795       5.502923057370e-11       1.050402110164e-12      -3.082077018936e-12       0.000000000000e+00       3.337049317575e-16       1.228230326838e-16       8.520621671712e-18 
 1796       5.498030907178e-11       1.041243453309e-12      -3.036136331651e-12       0.000000000000e+00       3.329515620571e-16       1.228449700966e-16       8.251662770833e-18 
 1797       5.492835669898e-11       1.032357000765e-12      -2.990025571562e-12       0.000000000000e+00       3.322002841899e-16       1.228755358416e-16       7.983227873219e-18 
 1798       5.487339139633e-11       1.023742444519e-12      -2.943761522913e-12       0.000000000000e+00       3.314510925605e-16       1.229147014134e-16       7.715340758329e-18 
 1799       5.481543121701e-11       1.015399471993e-12      -2.897361045729e-12       0.000000000000e+00       3.307039815091e-16       1.229624380827e-16       7.448025301038e-18 
 1800       5.475449432651e-11       1.007327766032e-12      -2.850841075917e-12       0.000000000000e+00       3.299589453114e-16       1.230187168957e-16       7.181305471767e-18 
 1801       5.469059900284e-11       9.995270049000e-13      -2.804218625375e-12       0.000000000000e+00       3.292159781782e-16       1.230835086740e-16       6.915205336609e-18 
 1802       5.462376363665e-11       9.919968622689e-13      -2.757510782098e-12       0.000000000000e+00       3.284750742555e-16       1.231567840138e-16       6.649749057452e-18 
 1803       5.455400673143e-11       9.847370072131e-13      -2.710734710283e-12       0.000000000000e+00       3.277362276244e-16       1.232385132863e-16       6.384960892112e-18 
 1804       5.448134690370e-11       9.777471042006e-13      -2.663907650432e-12       0.000000000000e+00       3.269994323007e-16       1.233286666365e-16       6.120865194456e-18 
 1805       5.440580288312e-11       9.710268130849e-13      -2.617046919460e-12       0.000000000000e+00       3.262646822353e-16       1.234272139835e-16       5.857486414527e-18 
 1806       5.432739351272e-11       9.645757890975e-13      -2.570169910804e-12       0.000000000000e+00       3.255319713137e-16       1.235341250197e-16       5.594849098675e-18 
 1807       5.424613774904e-11       9.583936828402e-13      -2.523294094520e-12       0.000000000000e+00       3.248012933560e-16       1.236493692107e-16       5.332977889681e-18 
 1808       5.416205466230e-11       9.524801402768e-13      -2.476437017398e-12       0.000000000000e+00       3.240726421167e-16       1.237729157951e-16       5.071897526884e-18 
 1809       5.407516343658e-11       9.468348027255e-13      -2.429616303060e-12       0.000000000000e+00       3.233460112847e-16       1.239047337834e-16       4.811632846310e-18 
 1810       5.398548337001e-11       9.414573068508e-13      -2.382849652071e-12       0.000000000000e+00       3.226213944832e-16       1.240447919586e-16       4.552208780794e-18 
 1811       5.389303387488e-11       9.363472846561e-13      -2.336154842043e-12       0.000000000000e+00       3.218987852696e-16       1.241930588752e-16       4.293650360112e-18 
 1812       5.379783447788e-11       9.315043634754e-13      -2.289549727738e-12       0.000000000000e+00       3.211781771351e-16       1.243495028591e-16       4.035982711104e-18 
 1813       5.369990482023e-11       9.269281659655e-13      -2.243052241177e-12       0.000000000000e+00       3.204595635051e-16       1.245140920071e-16       3.779231057801e-18 
 1814       5.359926465784e-11       9.226183100983e-13      -2.196680391745e-12       0.000000000000e+00       3.197429377386e-16       1.246867941868e-16       3.523420721555e-18 
 1815       5.349593386153e-11       9.185744091527e-13      -2.150452266296e-12       0.000000000000e+00       3.190282931284e-16       1.248675770359e-16       3.268577121162e-18 
 1816       5.338993241716e-11       9.147960717071e-13      -2.104386029258e-12       0.000000000000e+00       3.183156229008e-16       1.250564079621e-16       3.014725772991e-18 
 1817       5.328128042580e-11       9.112829016312e-13      -2.058499922739e-12       0.000000000000e+00       3.176049202157e-16       1.252532541426e-16       2.761892291108e-18 
 1818       5.316999810393e-11       9.080344980780e-13      -2.012812266635e-12       0.000000000000e+00       3.168961781661e-16       1.254580825239e-16       2.510102387407e-18 
 1819       5.305610578356e-11       9.050504554766e-13      -1.967341458731e-12       0.000000000000e+00       3.161893897785e-16       1.256708598213e-16       2.259381871732e-18 
 1820       5.293962391247e-11       9.023303635235e-13      -1.922105974811e-12       0.000000000000e+00       3.154845480125e-16       1.258915525185e-16       2.009756652009e-18 
 1821       5.282057305432e-11       8.998738071754e-13      -1.877124368761e-12       0.000000000000e+00       3.147816457606e-16       1.261201268673e-16       1.761252734367e-18 
 1822       5.269897388885e-11       8.976803666409e-13      -1.832415272676e-12       0.000000000000e+00       3.140806758483e-16       1.263565488876e-16       1.513896223268e-18 
 1823       5.257484721203e-11       8.957496173730e-13      -1.787997396965e-12       0.000000000000e+00       3.133816310337e-16       1.266007843664e-16       1.267713321634e-18 
 1824       5.244821393627e-11       8.940811300609e-13      -1.743889530456e-12       0.000000000000e+00       3.126845040080e-16       1.268527988578e-16       1.022730330972e-18 
 1825       5.231909509053e-11       8.926744706221e-13      -1.700110540504e-12       0.000000000000e+00       3.119892873945e-16       1.271125576827e-16       7.789736515036e-19 
 1826       5.218751182056e-11       8.915292001951e-13      -1.656679373093e-12       0.000000000000e+00       3.112959737492e-16       1.273800259282e-16       5.364697822870e-19 
 1827       5.205348538901e-11       8.906448751308e-13      -1.613615052945e-12       0.000000000000e+00       3.106045555605e-16       1.276551684477e-16       2.952453213482e-19 
 1828       5.191703717563e-11       8.900210469851e-13      -1.570936683624e-12       0.000000000000e+00       3.099150252489e-16       1.279379498598e-16       5.532696580540e-20 
 1829       5.177818867744e-11       8.896572625109e-13      -1.528663447641e-12       0.000000000000e+00       3.092273751670e-16       1.282283345487e-16      -1.832584880034e-19 
 1830       5.163696150890e-11       8.895530636502e-13      -1.486814606563e-12       0.000000000000e+00       3.085415975996e-16       1.285262866634e-16      -4.204841443943e-19 
 1831       5.149338149180e-11       8.897075126104e-13      -1.445407654724e-12       0.000000000000e+00       3.078576852898e-16       1.288317345723e-16      -6.563242047497e-19 
 1832       5.134749096044e-11       8.901177629585e-13      -1.404452764041e-12       0.000000000000e+00       3.071756330241e-16       1.291444639168e-16      -8.907575674670e-19 
 1833       5.119933655513e-11       8.907804770912e-13      -1.363958295011e-12       0.000000000000e+00       3.064954360598e-16       1.294642237022e-16      -1.123764256530e-18 
 1834       5.104896514174e-11       8.916923000888e-13      -1.323932639112e-12       0.000000000000e+00       3.058170895997e-16       1.297907617636e-16      -1.355324227495e-18 
 1835       5.089642381197e-11       8.928498596909e-13      -1.284384218844e-12       0.000000000000e+00       3.051405887920e-16       1.301238247644e-16      -1.585417367412e-18 
 1836       5.074175988371e-11       8.942497662711e-13      -1.245321487762e-12       0.000000000000e+00       3.044659287298e-16       1.304631581947e-16      -1.814023494735e-18 
 1837       5.058502090132e-11       8.958886128123e-13      -1.206752930523e-12       0.000000000000e+00       3.037931044516e-16       1.308085063697e-16      -2.041122359240e-18 
 1838       5.042625463597e-11       8.977629748819e-13      -1.168687062922e-12       0.000000000000e+00       3.031221109409e-16       1.311596124277e-16      -2.266693641944e-18 
 1839       5.026550908594e-11       8.998694106068e-13      -1.131132431930e-12       0.000000000000e+00       3.024529431259e-16       1.315162183289e-16      -2.490716955018e-18 
 1840       5.010283247697e-11       9.022044606488e-13      -1.094097615739e-12       0.000000000000e+00       3.017855958799e-16       1.318780648537e-16      -2.713171841702e-18 
 1841       4.993827326252e-11       9.047646481794e-13      -1.057591223796e-12       0.000000000000e+00       3.011200640207e-16       1.322448916008e-16      -2.934037776225e-18 
 1842       4.977188012415e-11       9.075464788551e-13      -1.021621896844e-12       0.000000000000e+00       3.004563423109e-16       1.326164369859e-16      -3.153294163719e-18 
 1843       4.960370197178e-11       9.105464407929e-13      -9.861983069633e-13       0.000000000000e+00       2.997944254576e-16       1.329924382400e-16      -3.370920340133e-18 
 1844       4.943378794405e-11       9.137610045446e-13      -9.513291576111e-13       0.000000000000e+00       2.991343081124e-16       1.333726314074e-16      -3.586895572154e-18 
 1845       4.926218740862e-11       9.171866230729e-13      -9.170231836586e-13       0.000000000000e+00       2.984759848712e-16       1.337567513448e-16      -3.801199057118e-18 
 1846       4.908894996248e-11       9.208197317259e-13      -8.832891514325e-13       0.000000000000e+00       2.978194502742e-16       1.341445317189e-16      -4.013809922929e-18 
 1847       4.891412543226e-11       9.246567482124e-13      -8.501358587541e-13       0.000000000000e+00       2.971646988058e-16       1.345357050052e-16      -4.224707227975e-18 
 1848       4.873776387459e-11       9.286940725771e-13      -8.175721349789e-13       0.000000000000e+00       2.965117248945e-16       1.349300024865e-16      -4.433869961043e-18 
 1849       4.855991557637e-11       9.329280871758e-13      -7.856068410362e-13       0.000000000000e+00       2.958605229126e-16       1.353271542508e-16      -4.641277041235e-18 
 1850       4.838063105509e-11       9.373551566504e-13      -7.542488694685e-13       0.000000000000e+00       2.952110871765e-16       1.357268891901e-16      -4.846907317887e-18 
 1851       4.819996105919e-11       9.419716279042e-13      -7.235071444712e-13       0.000000000000e+00       2.945634119465e-16       1.361289349984e-16      -5.050739570479e-18 
 1852       4.801795656833e-11       9.467738300768e-13      -6.933906219324e-13       0.000000000000e+00       2.939174914263e-16       1.365330181706e-16      -5.252752508558e-18 
 1853       4.783466879371e-11       9.517580745196e-13      -6.639082894720e-13       0.000000000000e+00       2.932733197634e-16       1.369388640003e-16      -5.452924771650e-18 
 1854       4.765014917842e-11       9.569206547705e-13      -6.350691664817e-13       0.000000000000e+00       2.926308910488e-16       1.373461965785e-16      -5.651234929177e-18 
 1855       4.746444939773e-11       9.622578465296e-13      -6.068823041643e-13       0.000000000000e+00       2.919901993169e-16       1.377547387919e-16      -5.847661480373e-18 
 1856       4.727762135942e-11       9.677659076337e-13      -5.793567855734e-13       0.000000000000e+00       2.913512385455e-16       1.381642123213e-16      -6.042182854199e-18 
 1857       4.708971720408e-11       9.734410780320e-13      -5.525017256529e-13       0.000000000000e+00       2.907140026557e-16       1.385743376398e-16      -6.234777409262e-18 
 1858       4.690078930544e-11       9.792795797609e-13      -5.263262712768e-13       0.000000000000e+00       2.900784855115e-16       1.389848340114e-16      -6.425423433729e-18 
 1859       4.671089027069e-11       9.852776169194e-13      -5.008396012885e-13       0.000000000000e+00       2.894446809202e-16       1.393954194893e-16      -6.614099145243e-18 
 1860       4.652007294078e-11       9.914313756439e-13      -4.760509265404e-13       0.000000000000e+00       2.888125826319e-16       1.398058109143e-16      -6.800782690841e-18 
 1861       4.632839039075e-11       9.977370240837e-13      -4.519694899335e-13       0.000000000000e+00       2.881821843396e-16       1.402157239130e-16      -6.985452146865e-18 
 1862       4.613589593006e-11       1.004190712376e-12      -4.286045664574e-13       0.000000000000e+00       2.875534796793e-16       1.406248728963e-16      -7.168085518885e-18 
 1863       4.594264310286e-11       1.010788572621e-12      -4.059654632290e-13       0.000000000000e+00       2.869264622293e-16       1.410329710579e-16      -7.348660741611e-18 
 1864       4.574868568836e-11       1.017526718857e-12      -3.840615195329e-13       0.000000000000e+00       2.863011255108e-16       1.414397303725e-16      -7.527155678810e-18 
 1865       4.555407770112e-11       1.024401247035e-12      -3.629021068606e-13       0.000000000000e+00       2.856774629874e-16       1.418448615940e-16      -7.703548123221e-18 
 1866       4.535887339136e-11       1.031408234996e-12      -3.424966289501e-13       0.000000000000e+00       2.850554680649e-16       1.422480742543e-16      -7.877815796472e-18 
 1867       4.516312724531e-11       1.038543742444e-12      -3.228545218254e-13       0.000000000000e+00       2.844351340918e-16       1.426490766614e-16      -8.049936348997e-18 
 1868       4.496689398548e-11       1.045803810921e-12      -3.039852538362e-13       0.000000000000e+00       2.838164543584e-16       1.430475758979e-16      -8.219887359952e-18 
 1869       4.477022857101e-11       1.053184463783e-12      -2.858983256976e-13       0.000000000000e+00       2.831994220975e-16       1.434432778192e-16      -8.387646337128e-18 
 1870       4.457318453852e-11       1.060681675078e-12      -2.686012081340e-13       0.000000000000e+00       2.825840309918e-16       1.438359567328e-16      -8.553194101140e-18 
 1871       4.437580900987e-11       1.068291275959e-12      -2.520931370862e-13       0.000000000000e+00       2.819702767036e-16       1.442256650359e-16      -8.716524967104e-18 
 1872       4.417814764593e-11       1.076009047486e-12      -2.363712700248e-13       0.000000000000e+00       2.813581553570e-16       1.446125252151e-16      -8.877636642472e-18 
 1873       4.398024630281e-11       1.083830751638e-12      -2.214327439064e-13       0.000000000000e+00       2.807476630309e-16       1.449966603155e-16      -9.036526850029e-18 
 1874       4.378215103207e-11       1.091752131278e-12      -2.072746751426e-13       0.000000000000e+00       2.801387957591e-16       1.453781939412e-16      -9.193193327927e-18 
 1875       4.358390808103e-11       1.099768910135e-12      -1.938941595685e-13       0.000000000000e+00       2.795315495300e-16       1.457572502560e-16      -9.347633829713e-18 
 1876       4.338556389297e-11       1.107876792775e-12      -1.812882724119e-13       0.000000000000e+00       2.789259202865e-16       1.461339539846e-16      -9.499846124365e-18 
 1877       4.318716510745e-11       1.116071464573e-12      -1.694540682619e-13       0.000000000000e+00       2.783219039261e-16       1.465084304128e-16      -9.649827996322e-18 
 1878       4.298875856053e-11       1.124348591690e-12      -1.583885810377e-13       0.000000000000e+00       2.777194963007e-16       1.468808053889e-16      -9.797577245518e-18 
 1879       4.279039128502e-11       1.132703821047e-12      -1.480888239578e-13       0.000000000000e+00       2.771186932167e-16       1.472512053236e-16      -9.943091687411e-18 
 1880       4.259211051080e-11       1.141132780299e-12      -1.385517895085e-13       0.000000000000e+00       2.765194904346e-16       1.476197571918e-16      -1.008636915302e-17 
 1881       4.239396366501e-11       1.149631077805e-12      -1.297744494128e-13       0.000000000000e+00       2.759218836691e-16       1.479865885323e-16      -1.022740748895e-17 
 1882       4.219599837235e-11       1.158194302608e-12      -1.217537545993e-13       0.000000000000e+00       2.753258685892e-16       1.483518274495e-16      -1.036620455743e-17 
 1883       4.199826245534e-11       1.166818024408e-12      -1.144866351710e-13       0.000000000000e+00       2.747314408178e-16       1.487156026136e-16      -1.050275823635e-17 
 1884       4.180080393455e-11       1.175497793530e-12      -1.079700003741e-13       0.000000000000e+00       2.741385959319e-16       1.490780432613e-16      -1.063706641928e-17 
 1885       4.160367102890e-11       1.184229140906e-12      -1.022007385670e-13       0.000000000000e+00       2.735473294623e-16       1.494392791972e-16      -1.076912701550e-17 
 1886       4.140691215589e-11       1.193007578046e-12      -9.717571718893e-14       0.000000000000e+00       2.729576368937e-16       1.497994407937e-16      -1.089893795007e-17 
 1887       4.121057593187e-11       1.201828597010e-12      -9.289178272901e-14       0.000000000000e+00       2.723695136646e-16       1.501586589925e-16      -1.102649716380e-17 
 1888       4.101471117229e-11       1.210687670385e-12      -8.934576069488e-14       0.000000000000e+00       2.717829551670e-16       1.505170653049e-16      -1.115180261334e-17 
 1889       4.081936689199e-11       1.219580251257e-12      -8.653445558162e-14       0.000000000000e+00       2.711979567466e-16       1.508747918127e-16      -1.127485227117e-17 
 1890       4.062459230543e-11       1.228501773188e-12      -8.445465084065e-14       0.000000000000e+00       2.706145137027e-16       1.512319711691e-16      -1.139564412566e-17 
 1891       4.043043682694e-11       1.237447650185e-12      -8.310310884846e-14       0.000000000000e+00       2.700326212879e-16       1.515887365991e-16      -1.151417618109e-17 
 1892       4.023695007103e-11       1.246413276681e-12      -8.247657087556e-14       0.000000000000e+00       2.694522747084e-16       1.519452219008e-16      -1.163044645768e-17 
 1893       4.004418185259e-11       1.255394027502e-12      -8.257175705522e-14       0.000000000000e+00       2.688734691233e-16       1.523015614457e-16      -1.174445299164e-17 
 1894       3.985218218720e-11       1.264385257846e-12      -8.338536635237e-14       0.000000000000e+00       2.682961996454e-16       1.526578901797e-16      -1.185619383516e-17 
 1895       3.966100129135e-11       1.273382303255e-12      -8.491407653242e-14       0.000000000000e+00       2.677204613403e-16       1.530143436235e-16      -1.196566705651e-17 
 1896       3.947068958273e-11       1.282380479590e-12      -8.715454413012e-14       0.000000000000e+00       2.671462492268e-16       1.533710578741e-16      -1.207287073999e-17 
 1897       3.928129768048e-11       1.291375083004e-12      -9.010340441834e-14       0.000000000000e+00       2.665735582767e-16       1.537281696048e-16      -1.217780298604e-17 
 1898       3.909287640543e-11       1.300361389916e-12      -9.375727137699e-14       0.000000000000e+00       2.660023834146e-16       1.540858160663e-16      -1.228046191123e-17 
 1899       3.890547678039e-11       1.309334656988e-12      -9.811273766179e-14       0.000000000000e+00       2.654327195181e-16       1.544441350875e-16      -1.238084564827e-17 
 1900       3.871915003040e-11       1.318290121094e-12      -1.031663745731e-13       0.000000000000e+00       2.648645614175e-16       1.548032650762e-16      -1.247895234610e-17 
 1901       3.853394758297e-11       1.327222999299e-12      -1.089147320250e-13       0.000000000000e+00       2.642979038957e-16       1.551633450197e-16      -1.257478016990e-17 
 1902       3.834992106838e-11       1.336128488830e-12      -1.153543385136e-13       0.000000000000e+00       2.637327416883e-16       1.555245144859e-16      -1.266832730109e-17 
 1903       3.816712231989e-11       1.345001767051e-12      -1.224817010864e-13       0.000000000000e+00       2.631690694835e-16       1.558869136239e-16      -1.275959193741e-17 
 1904       3.798560337405e-11       1.353837991438e-12      -1.302933053110e-13       0.000000000000e+00       2.626068819219e-16       1.562506831645e-16      -1.284857229291e-17 
 1905       3.780541647092e-11       1.362632299551e-12      -1.387856152437e-13       0.000000000000e+00       2.620461735963e-16       1.566159644214e-16      -1.293526659801e-17 
 1906       3.762661405435e-11       1.371379809011e-12      -1.479550733986e-13       0.000000000000e+00       2.614869390521e-16       1.569828992917e-16      -1.301967309954e-17 
 1907       3.744924877224e-11       1.380075617469e-12      -1.577981007163e-13       0.000000000000e+00       2.609291727868e-16       1.573516302568e-16      -1.310179006074e-17 
 1908       3.727337347679e-11       1.388714802588e-12      -1.683110965330e-13       0.000000000000e+00       2.603728692501e-16       1.577223003828e-16      -1.318161576130e-17 
 1909       3.709903572595e-11       1.397292784597e-12      -1.794892548448e-13       0.000000000000e+00       2.598180231910e-16       1.580949548036e-16      -1.325915074472e-17 
 1910       3.692626124107e-11       1.405806417078e-12      -1.913230032445e-13       0.000000000000e+00       2.592646307031e-16       1.584692443400e-16      -1.333440457903e-17 
 1911       3.675507032299e-11       1.414252904492e-12      -2.038015366223e-13       0.000000000000e+00       2.587126881871e-16       1.588447196098e-16      -1.340738914795e-17 
 1912       3.658548333933e-11       1.422629440339e-12      -2.169139983216e-13       0.000000000000e+00       2.581621920045e-16       1.592209293369e-16      -1.347811640840e-17 
 1913       3.641752072465e-11       1.430933207141e-12      -2.306494800686e-13       0.000000000000e+00       2.576131384772e-16       1.595974203492e-16      -1.354659839059e-17 
 1914       3.625120298048e-11       1.439161376430e-12      -2.449970219025e-13       0.000000000000e+00       2.570655238877e-16       1.599737375761e-16      -1.361284719814e-17 
 1915       3.608655067542e-11       1.447311108735e-12      -2.599456121053e-13       0.000000000000e+00       2.565193444787e-16       1.603494240455e-16      -1.367687500821e-17 
 1916       3.592358444520e-11       1.455379553562e-12      -2.754841871314e-13       0.000000000000e+00       2.559745964534e-16       1.607240208821e-16      -1.373869407155e-17 
 1917       3.576232499280e-11       1.463363849390e-12      -2.916016315378e-13       0.000000000000e+00       2.554312759753e-16       1.610970673044e-16      -1.379831671266e-17 
 1918       3.560279308848e-11       1.471261123647e-12      -3.082867779139e-13       0.000000000000e+00       2.548893791680e-16       1.614681006223e-16      -1.385575532986e-17 
 1919       3.544500956989e-11       1.479068492703e-12      -3.255284068115e-13       0.000000000000e+00       2.543489021154e-16       1.618366562348e-16      -1.391102239542e-17 
 1920       3.528899534212e-11       1.486783061852e-12      -3.433152466743e-13       0.000000000000e+00       2.538098408612e-16       1.622022676272e-16      -1.396413045564e-17 
 1921       3.513477137782e-11       1.494401925301e-12      -3.616359737681e-13       0.000000000000e+00       2.532721914095e-16       1.625644663690e-16      -1.401509213098e-17 
 1922       3.498235871726e-11       1.501922166154e-12      -3.804792121108e-13       0.000000000000e+00       2.527359497242e-16       1.629227821112e-16      -1.406392011618e-17 
 1923       3.483177846837e-11       1.509340856397e-12      -3.998335334018e-13       0.000000000000e+00       2.522011117289e-16       1.632767425837e-16      -1.411062718031e-17 
 1924       3.468305180690e-11       1.516655056888e-12      -4.196874569523e-13       0.000000000000e+00       2.516676733072e-16       1.636258735931e-16      -1.415522616692e-17 
 1925       3.453619997641e-11       1.523861817339e-12      -4.400294496152e-13       0.000000000000e+00       2.511356303026e-16       1.639696990201e-16      -1.419772999415e-17 
 1926       3.439124428843e-11       1.530958176302e-12      -4.608479257147e-13       0.000000000000e+00       2.506049785180e-16       1.643077408170e-16      -1.423815165481e-17 
 1927       3.424820612248e-11       1.537941161161e-12      -4.821312469763e-13       0.000000000000e+00       2.500757137161e-16       1.646395190051e-16      -1.427650421651e-17 
 1928       3.410710692616e-11       1.544807788109e-12      -5.038677224567e-13       0.000000000000e+00       2.495478316192e-16       1.649645516726e-16      -1.431280082174e-17 
 1929       3.396796821527e-11       1.551555062141e-12      -5.260456084738e-13       0.000000000000e+00       2.490213279090e-16       1.652823549715e-16      -1.434705468799e-17 
 1930       3.383081157382e-11       1.558179977037e-12      -5.486531085363e-13       0.000000000000e+00       2.484961982268e-16       1.655924431159e-16      -1.437927910788e-17 
 1931       3.369565865418e-11       1.564679515349e-12      -5.716783732739e-13       0.000000000000e+00       2.479724381730e-16       1.658943283787e-16      -1.440948744922e-17 
 1932       3.356253117710e-11       1.571050648386e-12      -5.951095003670e-13       0.000000000000e+00       2.474500433076e-16       1.661875210899e-16      -1.443769315516e-17 
 1933       3.343145093182e-11       1.577290336200e-12      -6.189345344766e-13       0.000000000000e+00       2.469290091496e-16       1.664715296334e-16      -1.446390974424e-17 
 1934       3.330243977615e-11       1.583395527574e-12      -6.431414671741e-13       0.000000000000e+00       2.464093311774e-16       1.667458604452e-16      -1.448815081057e-17 
 1935       3.317551963653e-11       1.589363160006e-12      -6.677182368714e-13       0.000000000000e+00       2.458910048283e-16       1.670100180102e-16      -1.451043002388e-17 
 1936       3.305071250813e-11       1.595190159696e-12      -6.926527287507e-13       0.000000000000e+00       2.453740254989e-16       1.672635048605e-16      -1.453076112965e-17 
 1937       3.292804045492e-11       1.600873441531e-12      -7.179327746941e-13       0.000000000000e+00       2.448583885446e-16       1.675058215722e-16      -1.454915794920e-17 
 1938       3.280752560973e-11       1.606409909073e-12      -7.435461532141e-13       0.000000000000e+00       2.443440892798e-16       1.677364667634e-16      -1.456563437980e-17 
 1939       3.268919017437e-11       1.611796454541e-12      -7.694805893827e-13       0.000000000000e+00       2.438311229776e-16       1.679549370915e-16      -1.458020439482e-17 
 1940       3.257305641968e-11       1.617029958802e-12      -7.957237547620e-13       0.000000000000e+00       2.433194848701e-16       1.681607272507e-16      -1.459288204375e-17 
 1941       3.245914668558e-11       1.622107291354e-12      -8.222632673336e-13       0.000000000000e+00       2.428091701481e-16       1.683533299699e-16      -1.460368145238e-17 
 1942       3.234748338124e-11       1.627025310312e-12      -8.490866914288e-13       0.000000000000e+00       2.423001739610e-16       1.685322360095e-16      -1.461261682288e-17 
 1943       3.223808898507e-11       1.631780862397e-12      -8.761815376581e-13       0.000000000000e+00       2.417924914167e-16       1.686969341596e-16      -1.461970243391e-17 
 1944       3.213098604482e-11       1.636370782918e-12      -9.035352628415e-13       0.000000000000e+00       2.412861175819e-16       1.688469112373e-16      -1.462495264070e-17 
 1945       3.202619717770e-11       1.640791895758e-12      -9.311352699383e-13       0.000000000000e+00       2.407810474815e-16       1.689816520839e-16      -1.462838187521e-17 
 1946       3.192374507039e-11       1.645041013365e-12      -9.589689079766e-13       0.000000000000e+00       2.402772760990e-16       1.691006395629e-16      -1.463000464618e-17 
 1947       3.182365247920e-11       1.649114936734e-12      -9.870234719836e-13       0.000000000000e+00       2.397747983762e-16       1.692033545572e-16      -1.462983553928e-17 
 1948       3.172593646970e-11       1.653010965684e-12      -1.015286365769e-12       0.000000000000e+00       2.392736095438e-16       1.692894649072e-16      -1.462789427144e-17 
 1949       3.163059108833e-11       1.656728433920e-12      -1.043745591753e-12       0.000000000000e+00       2.387737061174e-16       1.693593937803e-16      -1.462422089531e-17 
 1950       3.153760456081e-11       1.660267185477e-12      -1.072389264680e-12       0.000000000000e+00       2.382750849088e-16       1.694137555668e-16      -1.461886070927e-17 
 1951       3.144696504054e-11       1.663627065478e-12      -1.101205449030e-12       0.000000000000e+00       2.377777426961e-16       1.694531673305e-16      -1.461185921379e-17 
 1952       3.135866060855e-11       1.666807920138e-12      -1.130182158961e-12       0.000000000000e+00       2.372816762237e-16       1.694782488121e-16      -1.460326211171e-17 
 1953       3.127267927335e-11       1.669809596764e-12      -1.159307358235e-12       0.000000000000e+00       2.367868822019e-16       1.694896224331e-16      -1.459311530850e-17 
 1954       3.118900897086e-11       1.672631943756e-12      -1.188568960160e-12       0.000000000000e+00       2.362933573074e-16       1.694879132988e-16      -1.458146491253e-17 
 1955       3.110763756428e-11       1.675274810614e-12      -1.217954827522e-12       0.000000000000e+00       2.358010981828e-16       1.694737492021e-16      -1.456835723532e-17 
 1956       3.102855284403e-11       1.677738047935e-12      -1.247452772523e-12       0.000000000000e+00       2.353101014365e-16       1.694477606270e-16      -1.455383879184e-17 
 1957       3.095174252758e-11       1.680021507416e-12      -1.277050556709e-12       0.000000000000e+00       2.348203636431e-16       1.694105807518e-16      -1.453795630075e-17 
 1958       3.087719425942e-11       1.682125041861e-12      -1.306735890914e-12       0.000000000000e+00       2.343318813430e-16       1.693628454531e-16      -1.452075668465e-17 
 1959       3.080489561090e-11       1.684048505177e-12      -1.336496435188e-12       0.000000000000e+00       2.338446510423e-16       1.693051933088e-16      -1.450228707039e-17 
 1960       3.073483408017e-11       1.685791752377e-12      -1.366319798737e-12       0.000000000000e+00       2.333586692129e-16       1.692382656017e-16      -1.448259478931e-17 
 1961       3.066699709203e-11       1.687354639588e-12      -1.396193539854e-12       0.000000000000e+00       2.328739322925e-16       1.691627063232e-16      -1.446172737749e-17 
 1962       3.060137199786e-11       1.688737024044e-12      -1.426105165857e-12       0.000000000000e+00       2.323904366845e-16       1.690791621766e-16      -1.443973257606e-17 
 1963       3.053794607553e-11       1.689938764097e-12      -1.456042133022e-12       0.000000000000e+00       2.319081787576e-16       1.689882825807e-16      -1.441665833141e-17 
 1964       3.047670652925e-11       1.690959719213e-12      -1.485991846519e-12       0.000000000000e+00       2.314271548464e-16       1.688907196733e-16      -1.439255279551e-17 
 1965       3.041764048949e-11       1.691799749977e-12      -1.515941660348e-12       0.000000000000e+00       2.309473612507e-16       1.687871283145e-16      -1.436746432616e-17 
 1966       3.036073501291e-11       1.692458718093e-12      -1.545878877272e-12       0.000000000000e+00       2.304687942360e-16       1.686781660903e-16      -1.434144148720e-17 
 1967       3.030597708220e-11       1.692936486390e-12      -1.575790748753e-12       0.000000000000e+00       2.299914500331e-16       1.685644933162e-16      -1.431453304889e-17 
 1968       3.025335360600e-11       1.693232918820e-12      -1.605664474888e-12       0.000000000000e+00       2.295153248379e-16       1.684467730407e-16      -1.428678798804e-17 
 1969       3.020285141882e-11       1.693347880462e-12      -1.635487204341e-12       0.000000000000e+00       2.290404148119e-16       1.683256710485e-16      -1.425825548841e-17 
 1970       3.015445728091e-11       1.693281237524e-12      -1.665246034282e-12       0.000000000000e+00       2.285667160816e-16       1.682018558643e-16      -1.422898494086e-17 
 1971       3.010815787814e-11       1.693032857346e-12      -1.694928010319e-12       0.000000000000e+00       2.280942247388e-16       1.680759987562e-16      -1.419902594370e-17 
 1972       3.006393982195e-11       1.692602608400e-12      -1.724520126435e-12       0.000000000000e+00       2.276229368404e-16       1.679487737391e-16      -1.416842830290e-17 
 1973       3.002178964920e-11       1.691990360294e-12      -1.754009324922e-12       0.000000000000e+00       2.271528484083e-16       1.678208575783e-16      -1.413724203240e-17 
 1974       2.998169382209e-11       1.691195983772e-12      -1.783382496315e-12       0.000000000000e+00       2.266839554293e-16       1.676929297929e-16      -1.410551735434e-17 
 1975       2.994363872805e-11       1.690219350721e-12      -1.812626479330e-12       0.000000000000e+00       2.262162538555e-16       1.675656726595e-16      -1.407330469935e-17 
 1976       2.990761067963e-11       1.689060334167e-12      -1.841728060796e-12       0.000000000000e+00       2.257497396035e-16       1.674397712152e-16      -1.404065470678e-17 
 1977       2.987359591442e-11       1.687718808281e-12      -1.870673975592e-12       0.000000000000e+00       2.252844085549e-16       1.673159132619e-16      -1.400761822504e-17 
 1978       2.984158059490e-11       1.686194648379e-12      -1.899450906581e-12       0.000000000000e+00       2.248202565563e-16       1.671947893689e-16      -1.397424631177e-17 
 1979       2.981155080840e-11       1.684487730927e-12      -1.928045484544e-12       0.000000000000e+00       2.243572794186e-16       1.670770928770e-16      -1.394059023418e-17 
 1980       2.978349256694e-11       1.682597933539e-12      -1.956444288120e-12       0.000000000000e+00       2.238954729178e-16       1.669635199018e-16      -1.390670146929e-17 
 1981       2.975739180717e-11       1.680525134985e-12      -1.984633843733e-12       0.000000000000e+00       2.234348327942e-16       1.668547693371e-16      -1.387263170418e-17 
 1982       2.973323439023e-11       1.678269215185e-12      -2.012600625535e-12       0.000000000000e+00       2.229753547529e-16       1.667515428586e-16      -1.383843283629e-17 
 1983       2.971100610168e-11       1.675830055220e-12      -2.040331055335e-12       0.000000000000e+00       2.225170344634e-16       1.666545449271e-16      -1.380415697366e-17 
 1984       2.969069265136e-11       1.673207537327e-12      -2.067811502539e-12       0.000000000000e+00       2.220598675597e-16       1.665644827923e-16      -1.376985643519e-17 
 1985       2.967227967333e-11       1.670401544906e-12      -2.095028284079e-12       0.000000000000e+00       2.216038496402e-16       1.664820664962e-16      -1.373558375095e-17 
 1986       2.965575272573e-11       1.667411962518e-12      -2.121967664354e-12       0.000000000000e+00       2.211489762677e-16       1.664080088764e-16      -1.370139166237e-17 
 1987       2.964109430290e-11       1.664239051368e-12      -2.148617068348e-12       0.000000000000e+00       2.206952432675e-16       1.663428330038e-16      -1.366731365139e-17 
 1988       2.962827484779e-11       1.660884578750e-12      -2.174968730887e-12       0.000000000000e+00       2.202426476252e-16       1.662862929371e-16      -1.363330537019e-17 
 1989       2.961726167313e-11       1.657350696926e-12      -2.201016074132e-12       0.000000000000e+00       2.197911865954e-16       1.662379487086e-16      -1.359930278053e-17 
 1990       2.960802194303e-11       1.653639568413e-12      -2.226752496809e-12       0.000000000000e+00       2.193408574042e-16       1.661973585002e-16      -1.356524158544e-17 
 1991       2.960052267280e-11       1.649753366001e-12      -2.252171374178e-12       0.000000000000e+00       2.188916572489e-16       1.661640786410e-16      -1.353105722889e-17 
 1992       2.959473072871e-11       1.645694272767e-12      -2.277266058006e-12       0.000000000000e+00       2.184435832981e-16       1.661376636052e-16      -1.349668489547e-17 
 1993       2.959061282785e-11       1.641464482083e-12      -2.302029876540e-12       0.000000000000e+00       2.179966326916e-16       1.661176660098e-16      -1.346205951008e-17 
 1994       2.958813553790e-11       1.637066197637e-12      -2.326456134475e-12       0.000000000000e+00       2.175508025405e-16       1.661036366117e-16      -1.342711573758e-17 
 1995       2.958726527696e-11       1.632501633439e-12      -2.350538112932e-12       0.000000000000e+00       2.171060899268e-16       1.660951243060e-16      -1.339178798249e-17 
 1996       2.958796831332e-11       1.627773013841e-12      -2.374269069425e-12       0.000000000000e+00       2.166624919039e-16       1.660916761232e-16      -1.335601038864e-17 
 1997       2.959021076531e-11       1.622882573548e-12      -2.397642237833e-12       0.000000000000e+00       2.162200054959e-16       1.660928372269e-16      -1.331971683884e-17 
 1998       2.959395860110e-11       1.617832557631e-12      -2.420650828375e-12       0.000000000000e+00       2.157786276982e-16       1.660981509118e-16      -1.328284095460e-17 
 1999       2.959917763845e-11       1.612625221538e-12      -2.443288027580e-12       0.000000000000e+00       2.153383554769e-16       1.661071586007e-16      -1.324531609574e-17 
 2000       2.960583354459e-11       1.607262831116e-12      -2.465546998259e-12       0.000000000000e+00       2.148991857692e-16       1.661193998429e-16      -1.320707536013e-17 
 2001       2.961389183598e-11       1.601747662615e-12      -2.487420879476e-12       0.000000000000e+00       2.144611154831e-16       1.661344123111e-16      -1.316805158330e-17 
 2002       2.962331787814e-11       1.596082002707e-12      -2.508902786522e-12       0.000000000000e+00       2.140241414974e-16       1.661517317996e-16      -1.312817733817e-17 
 2003       2.963407688544e-11       1.590268148497e-12      -2.529985810884e-12       0.000000000000e+00       2.135882606616e-16       1.661708922218e-16      -1.308738493469e-17 
 2004       2.964613392092e-11       1.584308407541e-12      -2.550663020221e-12       0.000000000000e+00       2.131534697961e-16       1.661914256074e-16      -1.304560641953e-17 
 2005       2.965945389607e-11       1.578205097851e-12      -2.570927458332e-12       0.000000000000e+00       2.127197656919e-16       1.662128621009e-16      -1.300277357574e-17 
 2006       2.967400157066e-11       1.571960547919e-12      -2.590772145129e-12       0.000000000000e+00       2.122871451106e-16       1.662347299583e-16      -1.295881792245e-17 
 2007       2.968974155256e-11       1.565577096722e-12      -2.610190076610e-12       0.000000000000e+00       2.118556047843e-16       1.662565555455e-16      -1.291367071450e-17 
 2008       2.970663829750e-11       1.559057093741e-12      -2.629174224829e-12       0.000000000000e+00       2.114251414159e-16       1.662778633356e-16      -1.286726294217e-17 
 2009       2.972465610891e-11       1.552402898970e-12      -2.647717537872e-12       0.000000000000e+00       2.109957516787e-16       1.662981759064e-16      -1.281952533082e-17 
 2010       2.974375913772e-11       1.545616882933e-12      -2.665812939821e-12       0.000000000000e+00       2.105674322163e-16       1.663170139384e-16      -1.277038834056e-17 
 2011       2.976391138217e-11       1.538701426699e-12      -2.683453330735e-12       0.000000000000e+00       2.101401796429e-16       1.663338962122e-16      -1.271978216594e-17 
 2012       2.978507668760e-11       1.531658921889e-12      -2.700631586616e-12       0.000000000000e+00       2.097139905429e-16       1.663483396062e-16      -1.266763673563e-17 
 2013       2.980721874627e-11       1.524491770697e-12      -2.717340559383e-12       0.000000000000e+00       2.092888614713e-16       1.663598590943e-16      -1.261388171207e-17 
 2014       2.983030109716e-11       1.517202385897e-12      -2.733573076842e-12       0.000000000000e+00       2.088647889531e-16       1.663679677433e-16      -1.255844649117e-17 
 2015       2.985428712578e-11       1.509793190863e-12      -2.749321942661e-12       0.000000000000e+00       2.084417694836e-16       1.663721767108e-16      -1.250126020197e-17 
 2016       2.987914006397e-11       1.502266619577e-12      -2.764579936339e-12       0.000000000000e+00       2.080197995283e-16       1.663719952430e-16      -1.244225170631e-17 
 2017       2.990482298972e-11       1.494625116645e-12      -2.779339813180e-12       0.000000000000e+00       2.075988755230e-16       1.663669306718e-16      -1.238134959851e-17 
 2018       2.993129882694e-11       1.486871137311e-12      -2.793594304264e-12       0.000000000000e+00       2.071789938733e-16       1.663564884128e-16      -1.231848220505e-17 
 2019       2.995853034533e-11       1.479007147470e-12      -2.807336116417e-12       0.000000000000e+00       2.067601509550e-16       1.663401719631e-16      -1.225357758426e-17 
 2020       2.998648016012e-11       1.471035623680e-12      -2.820557932188e-12       0.000000000000e+00       2.063423431140e-16       1.663174828985e-16      -1.218656352594e-17 
 2021       3.001511073191e-11       1.462959053180e-12      -2.833252409814e-12       0.000000000000e+00       2.059255666661e-16       1.662879208714e-16      -1.211736755110e-17 
 2022       3.004438436647e-11       1.454779933897e-12      -2.845412183198e-12       0.000000000000e+00       2.055098178968e-16       1.662509836086e-16      -1.204591691157e-17 
 2023       3.007426321455e-11       1.446500774465e-12      -2.857029861878e-12       0.000000000000e+00       2.050950930618e-16       1.662061669085e-16      -1.197213858974e-17 
 2024       3.010470927168e-11       1.438124094237e-12      -2.868098030997e-12       0.000000000000e+00       2.046813883865e-16       1.661529646391e-16      -1.189595929819e-17 
 2025       3.013568437797e-11       1.429652423296e-12      -2.878609251281e-12       0.000000000000e+00       2.042687000660e-16       1.660908687356e-16      -1.181730547937e-17 
 2026       3.016715112506e-11       1.421088373850e-12      -2.888557516346e-12       0.000000000000e+00       2.038570245050e-16       1.660194872956e-16      -1.173613067992e-17 
 2027       3.019907558443e-11       1.412434854939e-12      -2.897942636213e-12       0.000000000000e+00       2.034463590387e-16       1.659388998024e-16      -1.165249789051e-17 
 2028       3.023142459841e-11       1.403694859302e-12      -2.906765885407e-12       0.000000000000e+00       2.030367012173e-16       1.658493044638e-16      -1.156649780017e-17 
 2029       3.026416487466e-11       1.394871392160e-12      -2.915028548509e-12       0.000000000000e+00       2.026280485658e-16       1.657509003475e-16      -1.147822147623e-17 
 2030       3.029726298601e-11       1.385967471230e-12      -2.922731920167e-12       0.000000000000e+00       2.022203985848e-16       1.656438873834e-16      -1.138776036472e-17 
 2031       3.033068537033e-11       1.376986126740e-12      -2.929877305113e-12       0.000000000000e+00       2.018137487499e-16       1.655284663636e-16      -1.129520629089e-17 
 2032       3.036439833027e-11       1.367930401445e-12      -2.936466018172e-12       0.000000000000e+00       2.014080965122e-16       1.654048389443e-16      -1.120065145966e-17 
 2033       3.039836803321e-11       1.358803350644e-12      -2.942499384286e-12       0.000000000000e+00       2.010034392975e-16       1.652732076464e-16      -1.110418845610e-17 
 2034       3.043256051098e-11       1.349608042194e-12      -2.947978738519e-12       0.000000000000e+00       2.005997745071e-16       1.651337758569e-16      -1.100591024591e-17 
 2035       3.046694165979e-11       1.340347556525e-12      -2.952905426077e-12       0.000000000000e+00       2.001970995170e-16       1.649867478296e-16      -1.090591017588e-17 
 2036       3.050147723999e-11       1.331024986658e-12      -2.957280802321e-12       0.000000000000e+00       1.997954116786e-16       1.648323286868e-16      -1.080428197438e-17 
 2037       3.053613287593e-11       1.321643438219e-12      -2.961106232781e-12       0.000000000000e+00       1.993947083179e-16       1.646707244197e-16      -1.070111975183e-17 
 2038       3.057087405581e-11       1.312206029455e-12      -2.964383093172e-12       0.000000000000e+00       1.989949867362e-16       1.645021418901e-16      -1.059651800117e-17 
 2039       3.060566613149e-11       1.302715891249e-12      -2.967112769405e-12       0.000000000000e+00       1.985962442094e-16       1.643267888310e-16      -1.049057159833e-17 
 2040       3.064047431832e-11       1.293176167138e-12      -2.969296657606e-12       0.000000000000e+00       1.981984779886e-16       1.641448738481e-16      -1.038337580273e-17 
 2041       3.067526369498e-11       1.283590013325e-12      -2.970936164127e-12       0.000000000000e+00       1.978016852994e-16       1.639566064205e-16      -1.027502625771e-17 
 2042       3.070999920333e-11       1.273960598697e-12      -2.972032705562e-12       0.000000000000e+00       1.974058633425e-16       1.637621969023e-16      -1.016561899104e-17 
 2043       3.074464564820e-11       1.264291104841e-12      -2.972587708763e-12       0.000000000000e+00       1.970110092930e-16       1.635618565230e-16      -1.005525041539e-17 
 2044       3.077916769726e-11       1.254584726058e-12      -2.972602610850e-12       0.000000000000e+00       1.966171203012e-16       1.633557973893e-16      -9.944017328800e-18 
 2045       3.081352988085e-11       1.244844669379e-12      -2.972078859229e-12       0.000000000000e+00       1.962241934915e-16       1.631442324857e-16      -9.832016915131e-18 
 2046       3.084769659179e-11       1.235074154583e-12      -2.971017911607e-12       0.000000000000e+00       1.958322259635e-16       1.629273756759e-16      -9.719346744580e-18 
 2047       3.088163208524e-11       1.225276414208e-12      -2.969421236003e-12       0.000000000000e+00       1.954412147910e-16       1.627054417036e-16      -9.606104774127e-18 
 2048       3.091530047849e-11       1.215454693572e-12      -2.967290310766e-12       0.000000000000e+00       1.950511570226e-16       1.624786461939e-16      -9.492389348020e-18 
 2049       3.094866575084e-11       1.205612250784e-12      -2.964626624587e-12       0.000000000000e+00       1.946620496814e-16       1.622472056542e-16      -9.378299198243e-18 
 2050       3.098169174342e-11       1.195752356763e-12      -2.961431676516e-12       0.000000000000e+00       1.942738897648e-16       1.620113374751e-16      -9.263933444995e-18 
 2051       3.101434215900e-11       1.185878295249e-12      -2.957706975974e-12       0.000000000000e+00       1.938866742449e-16       1.617712599322e-16      -9.149391597164e-18 
 2052       3.104658056185e-11       1.175993362827e-12      -2.953454042768e-12       0.000000000000e+00       1.935004000681e-16       1.615271921862e-16      -9.034773552796e-18 
 2053       3.107837037754e-11       1.166100868933e-12      -2.948674407107e-12       0.000000000000e+00       1.931150641552e-16       1.612793542849e-16      -8.920179599577e-18 
 2054       3.110967489282e-11       1.156204135876e-12      -2.943369609614e-12       0.000000000000e+00       1.927306634013e-16       1.610279671637e-16      -8.805710415301e-18 
 2055       3.114045725540e-11       1.146306498852e-12      -2.937541201343e-12       0.000000000000e+00       1.923471946758e-16       1.607732526470e-16      -8.691467068349e-18 
 2056       3.117068047384e-11       1.136411305959e-12      -2.931190743792e-12       0.000000000000e+00       1.919646548224e-16       1.605154334491e-16      -8.577551018158e-18 
 2057       3.120030741731e-11       1.126521918212e-12      -2.924319808918e-12       0.000000000000e+00       1.915830406591e-16       1.602547331754e-16      -8.464064115700e-18 
 2058       3.122930081549e-11       1.116641709561e-12      -2.916929979150e-12       0.000000000000e+00       1.912023489778e-16       1.599913763235e-16      -8.351108603956e-18 
 2059       3.125762325838e-11       1.106774066905e-12      -2.909022847407e-12       0.000000000000e+00       1.908225765450e-16       1.597255882843e-16      -8.238787118384e-18 
 2060       3.128523719610e-11       1.096922390108e-12      -2.900600017108e-12       0.000000000000e+00       1.904437201009e-16       1.594575953428e-16      -8.127202687403e-18 
 2061       3.131210493877e-11       1.087090092012e-12      -2.891663102189e-12       0.000000000000e+00       1.900657763599e-16       1.591876246798e-16      -8.016458732860e-18 
 2062       3.133818865632e-11       1.077280598460e-12      -2.882213727118e-12       0.000000000000e+00       1.896887420106e-16       1.589159043724e-16      -7.906659070506e-18 
 2063       3.136345037834e-11       1.067497348302e-12      -2.872253526909e-12       0.000000000000e+00       1.893126137153e-16       1.586426633954e-16      -7.797907910472e-18 
 2064       3.138785199386e-11       1.057743793418e-12      -2.861784147134e-12       0.000000000000e+00       1.889373881106e-16       1.583681316224e-16      -7.690309857742e-18 
 2065       3.141135891674e-11       1.048023179412e-12      -2.850808175491e-12       0.000000000000e+00       1.885630620834e-16       1.580924868890e-16      -7.583947196470e-18 
 2066       3.143395111034e-11       1.038337885971e-12      -2.839331943680e-12       0.000000000000e+00       1.881896336034e-16       1.578156957705e-16      -7.478811565983e-18 
 2067       3.145561214060e-11       1.028690081861e-12      -2.827362745418e-12       0.000000000000e+00       1.878171008969e-16       1.575376716781e-16      -7.374871801418e-18 
 2068       3.147632551763e-11       1.019081943832e-12      -2.814907906726e-12       0.000000000000e+00       1.874454621702e-16       1.572583276933e-16      -7.272096605737e-18 
 2069       3.149607469565e-11       1.009515656626e-12      -2.801974785977e-12       0.000000000000e+00       1.870747156100e-16       1.569775765677e-16      -7.170454549568e-18 
 2070       3.151484307288e-11       9.999934129882e-13      -2.788570773931e-12       0.000000000000e+00       1.867048593832e-16       1.566953307227e-16      -7.069914071039e-18 
 2071       3.153261399152e-11       9.905174136751e-13      -2.774703293779e-12       0.000000000000e+00       1.863358916367e-16       1.564115022489e-16      -6.970443475612e-18 
 2072       3.154937073764e-11       9.810898674643e-13      -2.760379801183e-12       0.000000000000e+00       1.859678104975e-16       1.561260029058e-16      -6.872010935918e-18 
 2073       3.156509654118e-11       9.717129911640e-13      -2.745607784317e-12       0.000000000000e+00       1.856006140730e-16       1.558387441216e-16      -6.774584491594e-18 
 2074       3.157977457581e-11       9.623890096227e-13      -2.730394763906e-12       0.000000000000e+00       1.852343004504e-16       1.555496369922e-16      -6.678132049118e-18 
 2075       3.159338795894e-11       9.531201557381e-13      -2.714748293267e-12       0.000000000000e+00       1.848688676970e-16       1.552585922817e-16      -6.582621381644e-18 
 2076       3.160591975160e-11       9.439086704674e-13      -2.698675958353e-12       0.000000000000e+00       1.845043138601e-16       1.549655204212e-16      -6.488020128836e-18 
 2077       3.161735295839e-11       9.347568028358e-13      -2.682185377789e-12       0.000000000000e+00       1.841406369669e-16       1.546703315087e-16      -6.394295796706e-18 
 2078       3.162767052743e-11       9.256668099468e-13      -2.665284202915e-12       0.000000000000e+00       1.837778350248e-16       1.543729353089e-16      -6.301415757446e-18 
 2079       3.163685535030e-11       9.166409569911e-13      -2.647980117827e-12       0.000000000000e+00       1.834159060209e-16       1.540732412525e-16      -6.209347249267e-18 
 2080       3.164489026193e-11       9.076815172563e-13      -2.630280839418e-12       0.000000000000e+00       1.830548479221e-16       1.537711584360e-16      -6.118057376232e-18 
 2081       3.165175804060e-11       8.987907721364e-13      -2.612194117415e-12       0.000000000000e+00       1.826946586755e-16       1.534665956213e-16      -6.027513108092e-18 
 2082       3.165744140782e-11       8.899710111411e-13      -2.593727734425e-12       0.000000000000e+00       1.823353362076e-16       1.531594612349e-16      -5.937681280119e-18 
 2083       3.166192302829e-11       8.812245319054e-13      -2.574889505972e-12       0.000000000000e+00       1.819768784250e-16       1.528496633681e-16      -5.848528592945e-18 
 2084       3.166518550986e-11       8.725536401991e-13      -2.555687280539e-12       0.000000000000e+00       1.816192832139e-16       1.525371097765e-16      -5.760021612398e-18 
 2085       3.166721140340e-11       8.639606499359e-13      -2.536128939608e-12       0.000000000000e+00       1.812625484404e-16       1.522217078790e-16      -5.672126769330e-18 
 2086       3.166798320282e-11       8.554478831834e-13      -2.516222397704e-12       0.000000000000e+00       1.809066719502e-16       1.519033647582e-16      -5.584810359462e-18 
 2087       3.166748334492e-11       8.470176701723e-13      -2.495975602427e-12       0.000000000000e+00       1.805516515685e-16       1.515819871596e-16      -5.498038543213e-18 
 2088       3.166569420940e-11       8.386723493057e-13      -2.475396534505e-12       0.000000000000e+00       1.801974851004e-16       1.512574814910e-16      -5.411777345535e-18 
 2089       3.166259811874e-11       8.304142671688e-13      -2.454493207823e-12       0.000000000000e+00       1.798441703306e-16       1.509297538227e-16      -5.325992655753e-18 
 2090       3.165817733816e-11       8.222457785382e-13      -2.433273669472e-12       0.000000000000e+00       1.794917050233e-16       1.505987098864e-16      -5.240650227396e-18 
 2091       3.165241407557e-11       8.141692463917e-13      -2.411745999785e-12       0.000000000000e+00       1.791400869221e-16       1.502642550755e-16      -5.155715678036e-18 
 2092       3.164529048148e-11       8.061870419172e-13      -2.389918312379e-12       0.000000000000e+00       1.787893137504e-16       1.499262944442e-16      -5.071154489118e-18 
 2093       3.163678864893e-11       7.983015445227e-13      -2.367798754196e-12       0.000000000000e+00       1.784393832110e-16       1.495847327073e-16      -4.986932005802e-18 
 2094       3.162689061347e-11       7.905151418454e-13      -2.345395505546e-12       0.000000000000e+00       1.780902929860e-16       1.492394742396e-16      -4.903013436791e-18 
 2095       3.161557835304e-11       7.828302297613e-13      -2.322716780141e-12       0.000000000000e+00       1.777420407371e-16       1.488904230759e-16      -4.819363854175e-18 
 2096       3.160283378794e-11       7.752492123947e-13      -2.299770825142e-12       0.000000000000e+00       1.773946241054e-16       1.485374829102e-16      -4.735948193257e-18 
 2097       3.158863878077e-11       7.677745021277e-13      -2.276565921198e-12       0.000000000000e+00       1.770480407113e-16       1.481805570957e-16      -4.652731252394e-18 
 2098       3.157297513633e-11       7.604085196094e-13      -2.253110382485e-12       0.000000000000e+00       1.767022881545e-16       1.478195486440e-16      -4.569677692834e-18 
 2099       3.155582460159e-11       7.531536937657e-13      -2.229412556749e-12       0.000000000000e+00       1.763573640142e-16       1.474543602249e-16      -4.486752038544e-18 
 2100       3.153716886563e-11       7.460124618085e-13      -2.205480825345e-12       0.000000000000e+00       1.760132658487e-16       1.470848941661e-16      -4.403918676053e-18 
 2101       3.151698955953e-11       7.389872692454e-13      -2.181323603277e-12       0.000000000000e+00       1.756699911955e-16       1.467110524524e-16      -4.321141854282e-18 
 2102       3.149526825635e-11       7.320805698887e-13      -2.156949339241e-12       0.000000000000e+00       1.753275375715e-16       1.463327367259e-16      -4.238385684384e-18 
 2103       3.147198647106e-11       7.252948258657e-13      -2.132366515666e-12       0.000000000000e+00       1.749859024727e-16       1.459498482853e-16      -4.155614139573e-18 
 2104       3.144712975939e-11       7.186321559267e-13      -2.107583653615e-12       0.000000000000e+00       1.746450834716e-16       1.455623248888e-16      -4.072794556209e-18 
 2105       3.142070004579e-11       7.120932776787e-13      -2.082609327467e-12       0.000000000000e+00       1.743050785097e-16       1.451702514455e-16      -3.989908163986e-18 
 2106       3.139270338113e-11       7.056785580119e-13      -2.057452150418e-12       0.000000000000e+00       1.739658856070e-16       1.447737500934e-16      -3.906939628674e-18 
 2107       3.136314585160e-11       6.993883641319e-13      -2.032120769672e-12       0.000000000000e+00       1.736275027650e-16       1.443729434666e-16      -3.823873557459e-18 
 2108       3.133203357874e-11       6.932230635594e-13      -2.006623866478e-12       0.000000000000e+00       1.732899279660e-16       1.439679546957e-16      -3.740694498870e-18 
 2109       3.129937271948e-11       6.871830241308e-13      -1.980970156173e-12       0.000000000000e+00       1.729531591741e-16       1.435589074088e-16      -3.657386942714e-18 
 2110       3.126516946623e-11       6.812686139972e-13      -1.955168388221e-12       0.000000000000e+00       1.726171943341e-16       1.431459257316e-16      -3.573935320002e-18 
 2111       3.122943004687e-11       6.754802016254e-13      -1.929227346254e-12       0.000000000000e+00       1.722820313723e-16       1.427291342883e-16      -3.490324002881e-18 
 2112       3.119216072484e-11       6.698181557968e-13      -1.903155848114e-12       0.000000000000e+00       1.719476681960e-16       1.423086582022e-16      -3.406537304565e-18 
 2113       3.115336779917e-11       6.642828456080e-13      -1.876962745895e-12       0.000000000000e+00       1.716141026936e-16       1.418846230962e-16      -3.322559479262e-18 
 2114       3.111305760452e-11       6.588746404706e-13      -1.850656925978e-12       0.000000000000e+00       1.712813327349e-16       1.414571550932e-16      -3.238374722108e-18 
 2115       3.107123651123e-11       6.535939101111e-13      -1.824247309081e-12       0.000000000000e+00       1.709493561703e-16       1.410263808174e-16      -3.153967169095e-18 
 2116       3.102791092538e-11       6.484410245705e-13      -1.797742850290e-12       0.000000000000e+00       1.706181708316e-16       1.405924273941e-16      -3.069320897000e-18 
 2117       3.098308728884e-11       6.434163542049e-13      -1.771152539106e-12       0.000000000000e+00       1.702877745314e-16       1.401554224505e-16      -2.984419923321e-18 
 2118       3.093677207927e-11       6.385202696848e-13      -1.744485399485e-12       0.000000000000e+00       1.699581650635e-16       1.397154941169e-16      -2.899248206197e-18 
 2119       3.088897181023e-11       6.337531419956e-13      -1.717750489878e-12       0.000000000000e+00       1.696293402024e-16       1.392727710264e-16      -2.813789644350e-18 
 2120       3.083969303119e-11       6.291153424370e-13      -1.690956903271e-12       0.000000000000e+00       1.693012977038e-16       1.388273823162e-16      -2.728028077006e-18 
 2121       3.078894232757e-11       6.246072426233e-13      -1.664113767226e-12       0.000000000000e+00       1.689740353041e-16       1.383794576278e-16      -2.641947283829e-18 
 2122       3.073672632083e-11       6.202292144830e-13      -1.637230243925e-12       0.000000000000e+00       1.686475507206e-16       1.379291271077e-16      -2.555530984850e-18 
 2123       3.068305166846e-11       6.159816302592e-13      -1.610315530206e-12       0.000000000000e+00       1.683218416515e-16       1.374765214081e-16      -2.468762840401e-18 
 2124       3.062792506405e-11       6.118648625091e-13      -1.583378857606e-12       0.000000000000e+00       1.679969057759e-16       1.370217716875e-16      -2.381626451038e-18 
 2125       3.057135323737e-11       6.078792841041e-13      -1.556429492403e-12       0.000000000000e+00       1.676727407535e-16       1.365650096112e-16      -2.294105357478e-18 
 2126       3.051334295437e-11       6.040252682299e-13      -1.529476735656e-12       0.000000000000e+00       1.673493442249e-16       1.361063673517e-16      -2.206183040525e-18 
 2127       3.045390101725e-11       6.003031883861e-13      -1.502529923243e-12       0.000000000000e+00       1.670267138113e-16       1.356459775899e-16      -2.117842921002e-18 
 2128       3.039303426447e-11       5.967134183863e-13      -1.475598425907e-12       0.000000000000e+00       1.667048471149e-16       1.351839735152e-16      -2.029068359682e-18 
 2129       3.033074957088e-11       5.932563323582e-13      -1.448691649293e-12       0.000000000000e+00       1.663837417184e-16       1.347204888260e-16      -1.939842657215e-18 
 2130       3.026705384768e-11       5.899323047432e-13      -1.421819033989e-12       0.000000000000e+00       1.660633951849e-16       1.342556577309e-16      -1.850149054060e-18 
 2131       3.020195404250e-11       5.867417102965e-13      -1.394990055568e-12       0.000000000000e+00       1.657438050586e-16       1.337896149486e-16      -1.759970730418e-18 
 2132       3.013545713946e-11       5.836849240871e-13      -1.368214224630e-12       0.000000000000e+00       1.654249688639e-16       1.333224957092e-16      -1.669290806156e-18 
 2133       3.006757015920e-11       5.807623214977e-13      -1.341501086840e-12       0.000000000000e+00       1.651068841061e-16       1.328544357541e-16      -1.578092340744e-18 
 2134       2.999830015893e-11       5.779742782245e-13      -1.314860222970e-12       0.000000000000e+00       1.647895482708e-16       1.323855713371e-16      -1.486358333178e-18 
 2135       2.992765423247e-11       5.753211702773e-13      -1.288301248940e-12       0.000000000000e+00       1.644729588243e-16       1.319160392248e-16      -1.394071721919e-18 
 2136       2.985563951031e-11       5.728033739793e-13      -1.261833815859e-12       0.000000000000e+00       1.641571132131e-16       1.314459766972e-16      -1.301215384813e-18 
 2137       2.978226315966e-11       5.704212659671e-13      -1.235467610064e-12       0.000000000000e+00       1.638420088644e-16       1.309755215485e-16      -1.207772139029e-18 
 2138       2.970753238447e-11       5.681752231907e-13      -1.209212353165e-12       0.000000000000e+00       1.635276431859e-16       1.305048120873e-16      -1.113724740988e-18 
 2139       2.963145442550e-11       5.660656229133e-13      -1.183077802081e-12       0.000000000000e+00       1.632140135655e-16       1.300339871375e-16      -1.019055886288e-18 
 2140       2.955403656037e-11       5.640928427114e-13      -1.157073749084e-12       0.000000000000e+00       1.629011173716e-16       1.295631860390e-16      -9.237482096410e-19 
 2141       2.947528610359e-11       5.622572604744e-13      -1.131210021837e-12       0.000000000000e+00       1.625889519528e-16       1.290925486480e-16      -8.277842847990e-19 
 2142       2.939521040660e-11       5.605592544051e-13      -1.105496483438e-12       0.000000000000e+00       1.622775146383e-16       1.286222153376e-16      -7.311466244850e-19 
 2143       2.931381923107e-11       5.589989184132e-13      -1.079942274813e-12       0.000000000000e+00       1.619668029144e-16       1.281522970893e-16      -6.338269311541e-19 
 2144       2.923113188628e-11       5.575752061747e-13      -1.054553536166e-12       0.000000000000e+00       1.616568149575e-16       1.276827855413e-16      -5.358539184827e-19 
 2145       2.914717014057e-11       5.562867812254e-13      -1.029335670043e-12       0.000000000000e+00       1.613475491049e-16       1.272136423266e-16      -4.372656797858e-19 
 2146       2.906195585263e-11       5.551323010291e-13      -1.004294097592e-12       0.000000000000e+00       1.610390036781e-16       1.267448289266e-16      -3.381004546133e-19 
 2147       2.897551097167e-11       5.541104169698e-13      -9.794342585796e-13       0.000000000000e+00       1.607311769829e-16       1.262763066711e-16      -2.383966289220e-19 
 2148       2.888785753747e-11       5.532197743438e-13      -9.547616114128e-13       0.000000000000e+00       1.604240673090e-16       1.258080367378e-16      -1.381927352473e-19 
 2149       2.879901768050e-11       5.524590123529e-13      -9.302816331613e-13       0.000000000000e+00       1.601176729303e-16       1.253399801523e-16      -3.752745287487e-20 
 2150       2.870901362206e-11       5.518267640964e-13      -9.059998195775e-13       0.000000000000e+00       1.598119921050e-16       1.248720977879e-16       6.356039198731e-20 
 2151       2.861786767436e-11       5.513216565636e-13      -8.819216851177e-13       0.000000000000e+00       1.595070230749e-16       1.244043503655e-16       1.650318260374e-19 
 2152       2.852560224062e-11       5.509423106266e-13      -8.580527629632e-13       0.000000000000e+00       1.592027640664e-16       1.239366984531e-16       2.668477287077e-19 
 2153       2.843223981521e-11       5.506873410328e-13      -8.343986050411e-13       0.000000000000e+00       1.588992132896e-16       1.234691024661e-16       3.689688319932e-19 
 2154       2.833780298375e-11       5.505553563968e-13      -8.109647820457e-13       0.000000000000e+00       1.585963689386e-16       1.230015226668e-16       4.713557202793e-19 
 2155       2.824231442319e-11       5.505449591938e-13      -7.877568834592e-13       0.000000000000e+00       1.582942291915e-16       1.225339191641e-16       5.739688301704e-19 
 2156       2.814579690196e-11       5.506547457513e-13      -7.647805175728e-13       0.000000000000e+00       1.579927922105e-16       1.220662519137e-16       6.767684503180e-19 
 2157       2.804827328004e-11       5.508833062421e-13      -7.420413115077e-13       0.000000000000e+00       1.576920561415e-16       1.215984807177e-16       7.797147212490e-19 
 2158       2.794976650911e-11       5.512292246767e-13      -7.195449112360e-13       0.000000000000e+00       1.573920191145e-16       1.211305652244e-16       8.827676351937e-19 
 2159       2.785029963261e-11       5.516910788955e-13      -6.972969816023e-13       0.000000000000e+00       1.570926792433e-16       1.206624649281e-16       9.858870359142e-19 
 2160       2.774989578591e-11       5.522674405619e-13      -6.753032063437e-13       0.000000000000e+00       1.567940346257e-16       1.201941391692e-16       1.089032618532e-18 
 2161       2.764857819634e-11       5.529568751540e-13      -6.535692881118e-13       0.000000000000e+00       1.564960833430e-16       1.197255471336e-16       1.192163929359e-18 
 2162       2.754637018337e-11       5.537579419580e-13      -6.321009484931e-13       0.000000000000e+00       1.561988234606e-16       1.192566478527e-16       1.295240365719e-18 
 2163       2.744329515869e-11       5.546691940598e-13      -6.109039280303e-13       0.000000000000e+00       1.559022530276e-16       1.187874002033e-16       1.398221175785e-18 
 2164       2.733937662631e-11       5.556891783382e-13      -5.899839862431e-13       0.000000000000e+00       1.556063700771e-16       1.183177629075e-16       1.501065458401e-18 
 2165       2.723463818269e-11       5.568164354571e-13      -5.693469016494e-13       0.000000000000e+00       1.553111726254e-16       1.178476945321e-16       1.603732162911e-18 
 2166       2.712910351682e-11       5.580494998580e-13      -5.489984717862e-13       0.000000000000e+00       1.550166586731e-16       1.173771534890e-16       1.706180088990e-18 
 2167       2.702279641035e-11       5.593868997525e-13      -5.289445132309e-13       0.000000000000e+00       1.547228262042e-16       1.169060980343e-16       1.808367886469e-18 
 2168       2.691574073771e-11       5.608271571150e-13      -5.091908616219e-13       0.000000000000e+00       1.544296731865e-16       1.164344862690e-16       1.910254055165e-18 
 2169       2.680796046618e-11       5.623687876748e-13      -4.897433716796e-13       0.000000000000e+00       1.541371975713e-16       1.159622761380e-16       2.011796944710e-18 
 2170       2.669947965604e-11       5.640103009090e-13      -4.706079172280e-13       0.000000000000e+00       1.538453972936e-16       1.154894254305e-16       2.112954754376e-18 
 2171       2.659032246065e-11       5.657502000347e-13      -4.517903912150e-13       0.000000000000e+00       1.535542702721e-16       1.150158917794e-16       2.213685532906e-18 
 2172       2.648051312656e-11       5.675869820019e-13      -4.332967057340e-13       0.000000000000e+00       1.532638144090e-16       1.145416326615e-16       2.313947178344e-18 
 2173       2.637007599365e-11       5.695191374853e-13      -4.151327920444e-13       0.000000000000e+00       1.529740275901e-16       1.140666053968e-16       2.413697437856e-18 
 2174       2.625903549519e-11       5.715451508776e-13      -3.973046005931e-13       0.000000000000e+00       1.526849076847e-16       1.135907671492e-16       2.512893907567e-18 
 2175       2.614741615800e-11       5.736635002816e-13      -3.798181010352e-13       0.000000000000e+00       1.523964525457e-16       1.131140749252e-16       2.611494032384e-18 
 2176       2.603524260251e-11       5.758726575024e-13      -3.626792822549e-13       0.000000000000e+00       1.521086600094e-16       1.126364855745e-16       2.709455105824e-18 
 2177       2.592253954290e-11       5.781710880407e-13      -3.458941523871e-13       0.000000000000e+00       1.518215278955e-16       1.121579557898e-16       2.806734269844e-18 
 2178       2.580933178722e-11       5.805572510846e-13      -3.294687388377e-13       0.000000000000e+00       1.515350540073e-16       1.116784421061e-16       2.903288514670e-18 
 2179       2.569564423744e-11       5.830295995021e-13      -3.134090883050e-13       0.000000000000e+00       1.512492361316e-16       1.111979009011e-16       2.999074678622e-18 
 2180       2.558150188964e-11       5.855865798343e-13      -2.977212668009e-13       0.000000000000e+00       1.509640720383e-16       1.107162883946e-16       3.094049447948e-18 
 2181       2.546692983403e-11       5.882266322871e-13      -2.824113596712e-13       0.000000000000e+00       1.506795594809e-16       1.102335606484e-16       3.188169356643e-18 
 2182       2.535195300871e-11       5.909481061597e-13      -2.674844497722e-13       0.000000000000e+00       1.503956963424e-16       1.097496968228e-16       3.281393104946e-18 
 2183       2.523659545857e-11       5.937490055239e-13      -2.529415444616e-13       0.000000000000e+00       1.501124810745e-16       1.092647691149e-16       3.373688532146e-18 
 2184       2.512088107162e-11       5.966272418233e-13      -2.387826280322e-13       0.000000000000e+00       1.498299122617e-16       1.087788732893e-16       3.465025690212e-18 
 2185       2.500483382501e-11       5.995807182738e-13      -2.250076816805e-13       0.000000000000e+00       1.495479884745e-16       1.082921054640e-16       3.555374529264e-18 
 2186       2.488847778522e-11       6.026073298531e-13      -2.116166835018e-13       0.000000000000e+00       1.492667082703e-16       1.078045621113e-16       3.644704897464e-18 
 2187       2.477183710808e-11       6.057049632918e-13      -1.986096084858e-13       0.000000000000e+00       1.489860701928e-16       1.073163400581e-16       3.732986540900e-18 
 2188       2.465493603893e-11       6.088714970633e-13      -1.859864285114e-13       0.000000000000e+00       1.487060727720e-16       1.068275364863e-16       3.820189103471e-18 
 2189       2.453779891269e-11       6.121048013746e-13      -1.737471123424e-13       0.000000000000e+00       1.484267145246e-16       1.063382489331e-16       3.906282126780e-18 
 2190       2.442045015397e-11       6.154027381563e-13      -1.618916256227e-13       0.000000000000e+00       1.481479939536e-16       1.058485752916e-16       3.991235050013e-18 
 2191       2.430291427718e-11       6.187631610531e-13      -1.504199308714e-13       0.000000000000e+00       1.478699095483e-16       1.053586138110e-16       4.075017209829e-18 
 2192       2.418521588664e-11       6.221839154140e-13      -1.393319874781e-13       0.000000000000e+00       1.475924597844e-16       1.048684630972e-16       4.157597840250e-18 
 2193       2.406737967665e-11       6.256628382832e-13      -1.286277516984e-13       0.000000000000e+00       1.473156431242e-16       1.043782221130e-16       4.238946072540e-18 
 2194       2.394943043162e-11       6.291977583899e-13      -1.183071766489e-13       0.000000000000e+00       1.470394580160e-16       1.038879901788e-16       4.319030935099e-18 
 2195       2.383139302617e-11       6.327864961387e-13      -1.083702123025e-13       0.000000000000e+00       1.467639028945e-16       1.033978669727e-16       4.397821353345e-18 
 2196       2.371329242523e-11       6.364268636005e-13      -9.881680548388e-14       0.000000000000e+00       1.464889761808e-16       1.029079525309e-16       4.475286149603e-18 
 2197       2.359515368412e-11       6.401166645023e-13      -8.964689986461e-14       0.000000000000e+00       1.462146762823e-16       1.024183472484e-16       4.551394042990e-18 
 2198       2.347700194871e-11       6.438536942178e-13      -8.086043595844e-14       0.000000000000e+00       1.459410015923e-16       1.019291518792e-16       4.626113649303e-18 
 2199       2.335886245544e-11       6.476357397577e-13      -7.245735111657e-14       0.000000000000e+00       1.456679504909e-16       1.014404675367e-16       4.699413480905e-18 
 2200       2.324076053150e-11       6.514605797604e-13      -6.443757952296e-14       0.000000000000e+00       1.453955213439e-16       1.009523956943e-16       4.771261946610e-18 
 2201       2.312272159490e-11       6.553259844817e-13      -5.680105218956e-14       0.000000000000e+00       1.451237125036e-16       1.004650381853e-16       4.841627351574e-18 
 2202       2.300477115454e-11       6.592297157859e-13      -4.954769695160e-14       0.000000000000e+00       1.448525223083e-16       9.997849720399e-17       4.910477897178e-18 
 2203       2.288693481038e-11       6.631695271355e-13      -4.267743846287e-14       0.000000000000e+00       1.445819490827e-16       9.949287530560e-17       4.977781680913e-18 
 2204       2.276923825349e-11       6.671431635822e-13      -3.619019819098e-14       0.000000000000e+00       1.443119911373e-16       9.900827540680e-17       5.043506696274e-18 
 2205       2.265170726618e-11       6.711483617569e-13      -3.008589441261e-14       0.000000000000e+00       1.440426467690e-16       9.852480078616e-17       5.107620832637e-18 
 2206       2.253436772208e-11       6.751828498599e-13      -2.436444220885e-14       0.000000000000e+00       1.437739142607e-16       9.804255508451e-17       5.170091875153e-18 
 2207       2.241724558626e-11       6.792443476517e-13      -1.902575346037e-14       0.000000000000e+00       1.435057918814e-16       9.756164230535e-17       5.230887504632e-18 
 2208       2.230036691533e-11       6.833305664433e-13      -1.406973684281e-14       0.000000000000e+00       1.432382778860e-16       9.708216681527e-17       5.289975297428e-18 
 2209       2.218375785753e-11       6.874392090862e-13      -9.496297821932e-15       0.000000000000e+00       1.429713705158e-16       9.660423334436e-17       5.347322725329e-18 
 2210       2.206744465285e-11       6.915679699632e-13      -5.305338648988e-15       0.000000000000e+00       1.427050679977e-16       9.612794698659e-17       5.402897155441e-18 
 2211       2.195145363312e-11       6.957145349783e-13      -1.496758355936e-15       0.000000000000e+00       1.424393685449e-16       9.565341320022e-17       5.456665850076e-18 
 2212       2.183581122213e-11       6.998765815477e-13       1.929547249266e-15       0.000000000000e+00       1.421742703565e-16       9.518073780823e-17       5.508595966638e-18 
 2213       2.172054393569e-11       7.040517785897e-13       4.973685587397e-15       0.000000000000e+00       1.419097716176e-16       9.471002699869e-17       5.558654557510e-18 
 2214       2.160567838180e-11       7.082377865151e-13       7.635767312696e-15       0.000000000000e+00       1.416458704990e-16       9.424138732520e-17       5.606808569939e-18 
 2215       2.149124126068e-11       7.124322572176e-13       9.915906317596e-15       0.000000000000e+00       1.413825651578e-16       9.377492570725e-17       5.653024845925e-18 
 2216       2.137725936492e-11       7.166328340645e-13       1.181421973745e-14       0.000000000000e+00       1.411198537368e-16       9.331074943068e-17       5.697270122108e-18 
 2217       2.126375957957e-11       7.208371518866e-13       1.333082795524e-14       0.000000000000e+00       1.408577343646e-16       9.284896614804e-17       5.739511029651e-18 
 2218       2.115076888224e-11       7.250428369688e-13       1.446585460636e-14       0.000000000000e+00       1.405962051559e-16       9.238968387902e-17       5.779714094130e-18 
 2219       2.103831434321e-11       7.292475070404e-13       1.521942658328e-14       0.000000000000e+00       1.403352642111e-16       9.193301101083e-17       5.817845735420e-18 
 2220       2.092642312551e-11       7.334487712656e-13       1.559167404031e-14       0.000000000000e+00       1.400749096165e-16       9.147905629864e-17       5.853872267579e-18 
 2221       2.081512020390e-11       7.376443546409e-13       1.558344941088e-14       0.000000000000e+00       1.398151395980e-16       9.102790440122e-17       5.887774494987e-18 
 2222       2.070442150510e-11       7.418324721031e-13       1.519848962965e-14       0.000000000000e+00       1.395559529840e-16       9.057954231083e-17       5.919591606115e-18 
 2223       2.059434072251e-11       7.460114568682e-13       1.444126817203e-14       0.000000000000e+00       1.392973487458e-16       9.013393243922e-17       5.949377568853e-18 
 2224       2.048489159336e-11       7.501796362412e-13       1.331627735784e-14       0.000000000000e+00       1.390393258437e-16       8.969103703814e-17       5.977186560772e-18 
 2225       2.037608789871e-11       7.543353316100e-13       1.182802837358e-14       0.000000000000e+00       1.387818832268e-16       8.925081819913e-17       6.003072969362e-18 
 2226       2.026794346351e-11       7.584768584382e-13       9.981051294582e-15       0.000000000000e+00       1.385250198337e-16       8.881323785338e-17       6.027091392282e-18 
 2227       2.016047215666e-11       7.626025262588e-13       7.779895107287e-15       0.000000000000e+00       1.382687345917e-16       8.837825777147e-17       6.049296637593e-18 
 2228       2.005368789103e-11       7.667106386678e-13       5.229127731408e-15       0.000000000000e+00       1.380130264173e-16       8.794583956326e-17       6.069743724004e-18 
 2229       1.994760462354e-11       7.707994933169e-13       2.333336042160e-15       0.000000000000e+00       1.377578942159e-16       8.751594467762e-17       6.088487881114e-18 
 2230       1.984223635518e-11       7.748673819080e-13      -9.028741075317e-16       0.000000000000e+00       1.375033368820e-16       8.708853440229e-17       6.105584549650e-18 
 2231       1.973759713106e-11       7.789125901853e-13      -4.474877864816e-15       0.000000000000e+00       1.372493532988e-16       8.666356986370e-17       6.121089381713e-18 
 2232       1.963370104049e-11       7.829333979297e-13      -8.378031354706e-15       0.000000000000e+00       1.369959423389e-16       8.624101202674e-17       6.135058241015e-18 
 2233       1.953056221697e-11       7.869280789519e-13      -1.260767165787e-14       0.000000000000e+00       1.367431028635e-16       8.582082169458e-17       6.147547203124e-18 
 2234       1.942819483829e-11       7.908949010855e-13      -1.715911678842e-14       0.000000000000e+00       1.364908337227e-16       8.540295950851e-17       6.158612555706e-18 
 2235       1.932661312655e-11       7.948321261808e-13      -2.202766567169e-14       0.000000000000e+00       1.362391337558e-16       8.498738594770e-17       6.168310798762e-18 
 2236       1.922583134820e-11       7.987380100978e-13      -2.720859812204e-14       0.000000000000e+00       1.359880017908e-16       8.457406132907e-17       6.176698644873e-18 
 2237       1.912586381411e-11       8.026108027002e-13      -3.269717482064e-14       0.000000000000e+00       1.357374366446e-16       8.416294580706e-17       6.183833019444e-18 
 2238       1.902672487961e-11       8.064487478480e-13      -3.848863729323e-14       0.000000000000e+00       1.354874371230e-16       8.375399937342e-17       6.189771060939e-18 
 2239       1.892842894453e-11       8.102500833915e-13      -4.457820788795e-14       0.000000000000e+00       1.352380020205e-16       8.334718185709e-17       6.194570121128e-18 
 2240       1.883099045324e-11       8.140130411646e-13      -5.096108975312e-14       0.000000000000e+00       1.349891301207e-16       8.294245292395e-17       6.198287765326e-18 
 2241       1.873442389471e-11       8.177358469779e-13      -5.763246681501e-14       0.000000000000e+00       1.347408201958e-16       8.253977207663e-17       6.200981772636e-18 
 2242       1.863874380256e-11       8.214167206123e-13      -6.458750375562e-14       0.000000000000e+00       1.344930710069e-16       8.213909865437e-17       6.202710136188e-18 
 2243       1.854396475510e-11       8.250538758125e-13      -7.182134599052e-14       0.000000000000e+00       1.342458813039e-16       8.174039183279e-17       6.203531063383e-18 
 2244       1.845010137537e-11       8.286455202802e-13      -7.932911964657e-14       0.000000000000e+00       1.339992498253e-16       8.134361062368e-17       6.203502976136e-18 
 2245       1.835716833120e-11       8.321898556675e-13      -8.710593153976e-14       0.000000000000e+00       1.337531752985e-16       8.094871387489e-17       6.202684511112e-18 
 2246       1.826518033526e-11       8.356850775706e-13      -9.514686915297e-14       0.000000000000e+00       1.335076564398e-16       8.055566027004e-17       6.201134519973e-18 
 2247       1.817415214509e-11       8.391293755227e-13      -1.034470006138e-13       0.000000000000e+00       1.332626919538e-16       8.016440832841e-17       6.198912069617e-18 
 2248       1.808409856314e-11       8.425209329878e-13      -1.120013746723e-13       0.000000000000e+00       1.330182805343e-16       7.977491640470e-17       6.196076442420e-18 
 2249       1.799503443686e-11       8.458579273539e-13      -1.208050206787e-13       0.000000000000e+00       1.327744208633e-16       7.938714268886e-17       6.192687136478e-18 
 2250       1.790697465871e-11       8.491385299264e-13      -1.298529485615e-13       0.000000000000e+00       1.325311116119e-16       7.900104520592e-17       6.188803865846e-18 
 2251       1.781993416621e-11       8.523609059216e-13      -1.391401488048e-13       0.000000000000e+00       1.322883514396e-16       7.861658181575e-17       6.184486560785e-18 
 2252       1.773392794199e-11       8.555232144600e-13      -1.486615924265e-13       0.000000000000e+00       1.320461389947e-16       7.823371021291e-17       6.179795367997e-18 
 2253       1.764897101385e-11       8.586236085597e-13      -1.584122309558e-13       0.000000000000e+00       1.318044729140e-16       7.785238792646e-17       6.174790650872e-18 
 2254       1.756507845480e-11       8.616602351298e-13      -1.683869964112e-13       0.000000000000e+00       1.315633518229e-16       7.747257231973e-17       6.169532989726e-18 
 2255       1.748226538310e-11       8.646312349640e-13      -1.785808012782e-13       0.000000000000e+00       1.313227743356e-16       7.709422059019e-17       6.164083182045e-18 
 2256       1.740054696231e-11       8.675347427335e-13      -1.889885384870e-13       0.000000000000e+00       1.310827390547e-16       7.671728976922e-17       6.158502242723e-18 
 2257       1.731993840133e-11       8.703688869810e-13      -1.996050813904e-13       0.000000000000e+00       1.308432445715e-16       7.634173672190e-17       6.152851404308e-18 
 2258       1.724045495447e-11       8.731317901136e-13      -2.104252837416e-13       0.000000000000e+00       1.306042894656e-16       7.596751814689e-17       6.147192117242e-18 
 2259       1.716211192147e-11       8.758215683964e-13      -2.214439796718e-13       0.000000000000e+00       1.303658723054e-16       7.559459057617e-17       6.141586050100e-18 
 2260       1.708492184658e-11       8.784365684804e-13      -2.326558695843e-13       0.000000000000e+00       1.301279916719e-16       7.522292701940e-17       6.136085760925e-18 
 2261       1.700888609573e-11       8.809760786743e-13      -2.440551770718e-13       0.000000000000e+00       1.298906462316e-16       7.485256701501e-17       6.130706644694e-18 
 2262       1.693400322491e-11       8.834396222666e-13      -2.556359897323e-13       0.000000000000e+00       1.296538346643e-16       7.448356690296e-17       6.125454804611e-18 
 2263       1.686027177612e-11       8.858267214094e-13      -2.673923730263e-13       0.000000000000e+00       1.294175556385e-16       7.411598320984e-17       6.120336364539e-18 
 2264       1.678769027742e-11       8.881368971165e-13      -2.793183702518e-13       0.000000000000e+00       1.291818078120e-16       7.374987264911e-17       6.115357469021e-18 
 2265       1.671625724287e-11       8.903696692628e-13      -2.914080025197e-13       0.000000000000e+00       1.289465898312e-16       7.338529212125e-17       6.110524283303e-18 
 2266       1.664597117251e-11       8.925245565831e-13      -3.036552687286e-13       0.000000000000e+00       1.287119003318e-16       7.302229871402e-17       6.105842993357e-18 
 2267       1.657683055237e-11       8.946010766711e-13      -3.160541455401e-13       0.000000000000e+00       1.284777379381e-16       7.266094970260e-17       6.101319805904e-18 
 2268       1.650883385442e-11       8.965987459784e-13      -3.285985873541e-13       0.000000000000e+00       1.282441012637e-16       7.230130254984e-17       6.096960948435e-18 
 2269       1.644197953657e-11       8.985170798131e-13      -3.412825262833e-13       0.000000000000e+00       1.280109889107e-16       7.194341490645e-17       6.092772669233e-18 
 2270       1.637626604265e-11       9.003555923394e-13      -3.540998721289e-13       0.000000000000e+00       1.277783994703e-16       7.158734461117e-17       6.088761237398e-18 
 2271       1.631169180237e-11       9.021137965760e-13      -3.670445123556e-13       0.000000000000e+00       1.275463315225e-16       7.123314969102e-17       6.084932942867e-18 
 2272       1.624825523135e-11       9.037912043951e-13      -3.801103120664e-13       0.000000000000e+00       1.273147836363e-16       7.088088836145e-17       6.081294096440e-18 
 2273       1.618595473104e-11       9.053873265217e-13      -3.932911139779e-13       0.000000000000e+00       1.270837543692e-16       7.053061902659e-17       6.077851029796e-18 
 2274       1.612478868875e-11       9.069016725322e-13      -4.065807383957e-13       0.000000000000e+00       1.268532422680e-16       7.018240027940e-17       6.074610095523e-18 
 2275       1.606475547759e-11       9.083337508536e-13      -4.199729831888e-13       0.000000000000e+00       1.266232458679e-16       6.983629090192e-17       6.071577667134e-18 
 2276       1.600585345649e-11       9.096830687620e-13      -4.334616237657e-13       0.000000000000e+00       1.263937636931e-16       6.949234986545e-17       6.068760139095e-18 
 2277       1.594808097017e-11       9.109491323823e-13      -4.470404130483e-13       0.000000000000e+00       1.261647942564e-16       6.915063633073e-17       6.066163926843e-18 
 2278       1.589143634911e-11       9.121314466864e-13      -4.607030814483e-13       0.000000000000e+00       1.259363360596e-16       6.881120964816e-17       6.063795466810e-18 
 2279       1.583591790952e-11       9.132295154925e-13      -4.744433368412e-13       0.000000000000e+00       1.257083875931e-16       6.847412935804e-17       6.061661216448e-18 
 2280       1.578152395335e-11       9.142428414643e-13      -4.882548645421e-13       0.000000000000e+00       1.254809473361e-16       6.813945519068e-17       6.059767654246e-18 
 2281       1.572825276827e-11       9.151709261094e-13      -5.021313272805e-13       0.000000000000e+00       1.252540137564e-16       6.780724706669e-17       6.058121279759e-18 
 2282       1.567610262763e-11       9.160132697784e-13      -5.160663651756e-13       0.000000000000e+00       1.250275853106e-16       6.747756509713e-17       6.056728613625e-18 
 2283       1.562507179045e-11       9.167693716644e-13      -5.300535957111e-13       0.000000000000e+00       1.248016604440e-16       6.715046958372e-17       6.055596197590e-18 
 2284       1.557515850140e-11       9.174387298010e-13      -5.440866137108e-13       0.000000000000e+00       1.245762375906e-16       6.682602101906e-17       6.054730594530e-18 
 2285       1.552636099079e-11       9.180208410622e-13      -5.581589913133e-13       0.000000000000e+00       1.243513151728e-16       6.650428008679e-17       6.054138388473e-18 
 2286       1.547867747455e-11       9.185152011607e-13      -5.722642779470e-13       0.000000000000e+00       1.241268916021e-16       6.618530766186e-17       6.053826184625e-18 
 2287       1.543210615419e-11       9.189213046470e-13      -5.863960003058e-13       0.000000000000e+00       1.239029652782e-16       6.586916481065e-17       6.053800609385e-18 
 2288       1.538664521681e-11       9.192386449086e-13      -6.005476623237e-13       0.000000000000e+00       1.236795345896e-16       6.555591279123e-17       6.054068310375e-18 
 2289       1.534229283508e-11       9.194667141686e-13      -6.147127451500e-13       0.000000000000e+00       1.234565979134e-16       6.524561305352e-17       6.054635956458e-18 
 2290       1.529904716717e-11       9.196050034848e-13      -6.288847071246e-13       0.000000000000e+00       1.232341536152e-16       6.493832723953e-17       6.055510237763e-18 
 2291       1.525690635681e-11       9.196530027489e-13      -6.430569837528e-13       0.000000000000e+00       1.230122000494e-16       6.463411718355e-17       6.056697865705e-18 
 2292       1.521586853322e-11       9.196102006848e-13      -6.572229876808e-13       0.000000000000e+00       1.227907355587e-16       6.433304491230e-17       6.058205573009e-18 
 2293       1.517593181109e-11       9.194760848484e-13      -6.713761086705e-13       0.000000000000e+00       1.225697584743e-16       6.403517264523e-17       6.060040113734e-18 
 2294       1.513709429060e-11       9.192501416257e-13      -6.855097135746e-13       0.000000000000e+00       1.223492671161e-16       6.374056279462e-17       6.062208263290e-18 
 2295       1.509935405735e-11       9.189318562325e-13      -6.996171463119e-13       0.000000000000e+00       1.221292597926e-16       6.344927796584e-17       6.064716818469e-18 
 2296       1.506270918239e-11       9.185207127127e-13      -7.136917278424e-13       0.000000000000e+00       1.219097348004e-16       6.316138095755e-17       6.067572597458e-18 
 2297       1.502715772216e-11       9.180161939378e-13      -7.277267561422e-13       0.000000000000e+00       1.216906904250e-16       6.287693476186e-17       6.070782439869e-18 
 2298       1.499269771850e-11       9.174177816054e-13      -7.417155061789e-13       0.000000000000e+00       1.214721249401e-16       6.259600256459e-17       6.074353206757e-18 
 2299       1.495932537207e-11       9.167251674382e-13      -7.556516692196e-13       0.000000000000e+00       1.212540367226e-16       6.231863056913e-17       6.078281189879e-18 
 2300       1.492702955002e-11       9.159388882524e-13      -7.695306738632e-13       0.000000000000e+00       1.210364245976e-16       6.204479634833e-17       6.082520265702e-18 
 2301       1.489579724332e-11       9.150596949311e-13      -7.833483733713e-13       0.000000000000e+00       1.208192874954e-16       6.177446016412e-17       6.087013538636e-18 
 2302       1.486561539005e-11       9.140883415960e-13      -7.971006070839e-13       0.000000000000e+00       1.206026243371e-16       6.150758211375e-17       6.091703913170e-18 
 2303       1.483647087534e-11       9.130255856107e-13      -8.107832004043e-13       0.000000000000e+00       1.203864340346e-16       6.124412212961e-17       6.096534093650e-18 
 2304       1.480835053136e-11       9.118721875850e-13      -8.243919647848e-13       0.000000000000e+00       1.201707154907e-16       6.098403997902e-17       6.101446584065e-18 
 2305       1.478124113717e-11       9.106289113779e-13      -8.379226977109e-13       0.000000000000e+00       1.199554675987e-16       6.072729526405e-17       6.106383687825e-18 
 2306       1.475512941875e-11       9.092965241020e-13      -8.513711826872e-13       0.000000000000e+00       1.197406892430e-16       6.047384742135e-17       6.111287507548e-18 
 2307       1.473000204887e-11       9.078757961269e-13      -8.647331892219e-13       0.000000000000e+00       1.195263792984e-16       6.022365572193e-17       6.116099944839e-18 
 2308       1.470584564708e-11       9.063675010830e-13      -8.780044728121e-13       0.000000000000e+00       1.193125366307e-16       5.997667927098e-17       6.120762700072e-18 
 2309       1.468264677961e-11       9.047724158652e-13      -8.911807749289e-13       0.000000000000e+00       1.190991600962e-16       5.973287700769e-17       6.125217272173e-18 
 2310       1.466039195934e-11       9.030913206370e-13      -9.042578230025e-13       0.000000000000e+00       1.188862485420e-16       5.949220770507e-17       6.129404958403e-18 
 2311       1.463906764573e-11       9.013249988336e-13      -9.172313304073e-13       0.000000000000e+00       1.186738008059e-16       5.925462996973e-17       6.133266854138e-18 
 2312       1.461866024474e-11       8.994742371663e-13      -9.300969964466e-13       0.000000000000e+00       1.184618157163e-16       5.902010224172e-17       6.136743852652e-18 
 2313       1.459915610882e-11       8.975398256255e-13      -9.428505063384e-13       0.000000000000e+00       1.182502920923e-16       5.878858279433e-17       6.139776644902e-18 
 2314       1.458054153677e-11       8.955225574854e-13      -9.554875311998e-13       0.000000000000e+00       1.180392287438e-16       5.856002973389e-17       6.142305719303e-18 
 2315       1.456280277378e-11       8.934232293069e-13      -9.680037280323e-13       0.000000000000e+00       1.178286244712e-16       5.833440099961e-17       6.144271361519e-18 
 2316       1.454592601128e-11       8.912426409416e-13      -9.803947397072e-13       0.000000000000e+00       1.176184780654e-16       5.811165436336e-17       6.145613654237e-18 
 2317       1.452989738692e-11       8.889815955359e-13      -9.926561949503e-13       0.000000000000e+00       1.174087883081e-16       5.789174742951e-17       6.146272476955e-18 
 2318       1.451470298453e-11       8.866408995342e-13      -1.004783708327e-12       0.000000000000e+00       1.171995539716e-16       5.767463763470e-17       6.146187505762e-18 
 2319       1.450032883400e-11       8.842213626829e-13      -1.016772880227e-12       0.000000000000e+00       1.169907738186e-16       5.746028224769e-17       6.145298213119e-18 
 2320       1.448676091129e-11       8.817237980343e-13      -1.028619296851e-12       0.000000000000e+00       1.167824466027e-16       5.724863836917e-17       6.143543867643e-18 
 2321       1.447398513831e-11       8.791490219500e-13      -1.040318530194e-12       0.000000000000e+00       1.165745710678e-16       5.703966293155e-17       6.140863533887e-18 
 2322       1.446198738290e-11       8.764978541049e-13      -1.051866138031e-12       0.000000000000e+00       1.163671459484e-16       5.683331269877e-17       6.137196072124e-18 
 2323       1.445075345874e-11       8.737711174907e-13      -1.063257663901e-12       0.000000000000e+00       1.161601699696e-16       5.662954426614e-17       6.132480138129e-18 
 2324       1.444026912533e-11       8.709696384201e-13      -1.074488637096e-12       0.000000000000e+00       1.159536418469e-16       5.642831406010e-17       6.126654182960e-18 
 2325       1.443052008787e-11       8.680942465299e-13      -1.085554572640e-12       0.000000000000e+00       1.157475602866e-16       5.622957833811e-17       6.119656452742e-18 
 2326       1.442149199727e-11       8.651457747853e-13      -1.096450971279e-12       0.000000000000e+00       1.155419239852e-16       5.603329318837e-17       6.111424988445e-18 
 2327       1.441317045002e-11       8.621250594833e-13      -1.107173319465e-12       0.000000000000e+00       1.153367316297e-16       5.583941452971e-17       6.101897625672e-18 
 2328       1.440554098820e-11       8.590329402568e-13      -1.117717089338e-12       0.000000000000e+00       1.151319818979e-16       5.564789811134e-17       6.091011994437e-18 
 2329       1.439858909934e-11       8.558702600777e-13      -1.128077738718e-12       0.000000000000e+00       1.149276734577e-16       5.545869951270e-17       6.078705518947e-18 
 2330       1.439230021643e-11       8.526378652614e-13      -1.138250711080e-12       0.000000000000e+00       1.147238049676e-16       5.527177414326e-17       6.064915417387e-18 
 2331       1.438665971784e-11       8.493366054700e-13      -1.148231435550e-12       0.000000000000e+00       1.145203750765e-16       5.508707724233e-17       6.049578701699e-18 
 2332       1.438165292723e-11       8.459673337163e-13      -1.158015326880e-12       0.000000000000e+00       1.143173824239e-16       5.490456387886e-17       6.032632177366e-18 
 2333       1.437726511353e-11       8.425309063676e-13      -1.167597785442e-12       0.000000000000e+00       1.141148256395e-16       5.472418895127e-17       6.014012443195e-18 
 2334       1.437348149085e-11       8.390281831490e-13      -1.176974197207e-12       0.000000000000e+00       1.139127033435e-16       5.454590718726e-17       5.993655891095e-18 
 2335       1.437028721844e-11       8.354600271478e-13      -1.186139933732e-12       0.000000000000e+00       1.137110141464e-16       5.436967314359e-17       5.971498705865e-18 
 2336       1.436766740061e-11       8.318273048166e-13      -1.195090352145e-12       0.000000000000e+00       1.135097566492e-16       5.419544120595e-17       5.947476864970e-18 
 2337       1.436560708669e-11       8.281308859776e-13      -1.203820795131e-12       0.000000000000e+00       1.133089294432e-16       5.402316558871e-17       5.921526138328e-18 
 2338       1.436409114794e-11       8.243717294093e-13      -1.212327268770e-12       0.000000000000e+00       1.131085312456e-16       5.385281560874e-17       5.893602135393e-18 
 2339       1.436310390757e-11       8.205511401855e-13      -1.220608480728e-12       0.000000000000e+00       1.129085613070e-16       5.368442161171e-17       5.863740584032e-18 
 2340       1.436262950830e-11       8.166705139558e-13      -1.228663814798e-12       0.000000000000e+00       1.127090190067e-16       5.351802933298e-17       5.831997428694e-18 
 2341       1.436265203507e-11       8.127312515136e-13      -1.236492654209e-12       0.000000000000e+00       1.125099037166e-16       5.335368464994e-17       5.798428817601e-18 
 2342       1.436315551499e-11       8.087347588016e-13      -1.244094381623e-12       0.000000000000e+00       1.123112148021e-16       5.319143358211e-17       5.763091102968e-18 
 2343       1.436412391732e-11       8.046824469183e-13      -1.251468379137e-12       0.000000000000e+00       1.121129516215e-16       5.303132229131e-17       5.726040841231e-18 
 2344       1.436554115335e-11       8.005757321227e-13      -1.258614028279e-12       0.000000000000e+00       1.119151135263e-16       5.287339708178e-17       5.687334793266e-18 
 2345       1.436739107634e-11       7.964160358402e-13      -1.265530710015e-12       0.000000000000e+00       1.117176998609e-16       5.271770440038e-17       5.647029924609e-18 
 2346       1.436965748151e-11       7.922047846686e-13      -1.272217804740e-12       0.000000000000e+00       1.115207099629e-16       5.256429083666e-17       5.605183405682e-18 
 2347       1.437232410593e-11       7.879434103833e-13      -1.278674692287e-12       0.000000000000e+00       1.113241431629e-16       5.241320312309e-17       5.561852612011e-18 
 2348       1.437537462847e-11       7.836333499428e-13      -1.284900751920e-12       0.000000000000e+00       1.111279987845e-16       5.226448813513e-17       5.517095124452e-18 
 2349       1.437879266972e-11       7.792760454950e-13      -1.290895362337e-12       0.000000000000e+00       1.109322761444e-16       5.211819289143e-17       5.470968729411e-18 
 2350       1.438256179197e-11       7.748729443819e-13      -1.296657901670e-12       0.000000000000e+00       1.107369745522e-16       5.197436455394e-17       5.423531419064e-18 
 2351       1.438666549910e-11       7.704254991460e-13      -1.302187747484e-12       0.000000000000e+00       1.105420933106e-16       5.183305042810e-17       5.374841391584e-18 
 2352       1.439108723656e-11       7.659351675356e-13      -1.307484276778e-12       0.000000000000e+00       1.103476317153e-16       5.169429796292e-17       5.324957051358e-18 
 2353       1.439581039127e-11       7.614034125104e-13      -1.312546865984e-12       0.000000000000e+00       1.101535890550e-16       5.155815475119e-17       5.273937009213e-18 
 2354       1.440081829157e-11       7.568317022470e-13      -1.317374890967e-12       0.000000000000e+00       1.099599646112e-16       5.142466852961e-17       5.221840082634e-18 
 2355       1.440609420716e-11       7.522215101448e-13      -1.321967727026e-12       0.000000000000e+00       1.097667576587e-16       5.129388717890e-17       5.168725295990e-18 
 2356       1.441162134905e-11       7.475743148317e-13      -1.326324748894e-12       0.000000000000e+00       1.095739674649e-16       5.116585872400e-17       5.114651880754e-18 
 2357       1.441738286946e-11       7.428916001691e-13      -1.330445330734e-12       0.000000000000e+00       1.093815932904e-16       5.104063133417e-17       5.059679275725e-18 
 2358       1.442336186180e-11       7.381748552583e-13      -1.334328846147e-12       0.000000000000e+00       1.091896343888e-16       5.091825332318e-17       5.003867127250e-18 
 2359       1.442954136059e-11       7.334255744455e-13      -1.337974668162e-12       0.000000000000e+00       1.089980900062e-16       5.079877314939e-17       4.947275289447e-18 
 2360       1.443590434136e-11       7.286452573279e-13      -1.341382169245e-12       0.000000000000e+00       1.088069593822e-16       5.068223941600e-17       4.889963824426e-18 
 2361       1.444243372067e-11       7.238354087589e-13      -1.344550721293e-12       0.000000000000e+00       1.086162417489e-16       5.056870087107e-17       4.831993002512e-18 
 2362       1.444911235596e-11       7.189975388541e-13      -1.347479695636e-12       0.000000000000e+00       1.084259363314e-16       5.045820640779e-17       4.773423302464e-18 
 2363       1.445592304554e-11       7.141331629965e-13      -1.350168463039e-12       0.000000000000e+00       1.082360423479e-16       5.035080506452e-17       4.714315411704e-18 
 2364       1.446284852851e-11       7.092438018425e-13      -1.352616393697e-12       0.000000000000e+00       1.080465590092e-16       5.024654602501e-17       4.654730226530e-18 
 2365       1.446987148471e-11       7.043309813275e-13      -1.354822857239e-12       0.000000000000e+00       1.078574855190e-16       5.014547861852e-17       4.594728852344e-18 
 2366       1.447697453463e-11       6.993962326711e-13      -1.356787222728e-12       0.000000000000e+00       1.076688210741e-16       5.004765231996e-17       4.534372603874e-18 
 2367       1.448414023938e-11       6.944410923834e-13      -1.358508858658e-12       0.000000000000e+00       1.074805648640e-16       4.995311675003e-17       4.473723005392e-18 
 2368       1.449135110059e-11       6.894671022697e-13      -1.359987132957e-12       0.000000000000e+00       1.072927160710e-16       4.986192167540e-17       4.412841790941e-18 
 2369       1.449858956038e-11       6.844758094373e-13      -1.361221412984e-12       0.000000000000e+00       1.071052738703e-16       4.977411700883e-17       4.351790904553e-18 
 2370       1.450583800129e-11       6.794687662999e-13      -1.362211065533e-12       0.000000000000e+00       1.069182374300e-16       4.968975280932e-17       4.290632500472e-18 
 2371       1.451307874621e-11       6.744475305842e-13      -1.362955456828e-12       0.000000000000e+00       1.067316059109e-16       4.960887928224e-17       4.229428943379e-18 
 2372       1.452029405829e-11       6.694136653349e-13      -1.363453952528e-12       0.000000000000e+00       1.065453784666e-16       4.953154677952e-17       4.168242808609e-18 
 2373       1.452746614096e-11       6.643687389206e-13      -1.363705917722e-12       0.000000000000e+00       1.063595542436e-16       4.945780579976e-17       4.107136882379e-18 
 2374       1.453457713776e-11       6.593143250393e-13      -1.363710716933e-12       0.000000000000e+00       1.061741323812e-16       4.938770698838e-17       4.046174162002e-18 
 2375       1.454160913237e-11       6.542520027243e-13      -1.363467714116e-12       0.000000000000e+00       1.059891120113e-16       4.932130113778e-17       3.985417856118e-18 
 2376       1.454854414847e-11       6.491833563492e-13      -1.362976272659e-12       0.000000000000e+00       1.058044922588e-16       4.925863918748e-17       3.924931384910e-18 
 2377       1.455536546575e-11       6.441099149543e-13      -1.362236285031e-12       0.000000000000e+00       1.056202722211e-16       4.919973306049e-17       3.864771013318e-18 
 2378       1.456206157664e-11       6.390329698034e-13      -1.361249765301e-12       0.000000000000e+00       1.054364509085e-16       4.914443790855e-17       3.804963700642e-18 
 2379       1.456862225381e-11       6.339537557138e-13      -1.360019266431e-12       0.000000000000e+00       1.052530273032e-16       4.909256914186e-17       3.745529114947e-18 
 2380       1.457503723631e-11       6.288735116392e-13      -1.358547351523e-12       0.000000000000e+00       1.050700003801e-16       4.904394152633e-17       3.686486987742e-18 
 2381       1.458129622959e-11       6.237934806734e-13      -1.356836593838e-12       0.000000000000e+00       1.048873691062e-16       4.899836918284e-17       3.627857114053e-18 
 2382       1.458738890538e-11       6.187149100551e-13      -1.354889576798e-12       0.000000000000e+00       1.047051324410e-16       4.895566558659e-17       3.569659352483e-18 
 2383       1.459330490174e-11       6.136390511718e-13      -1.352708894007e-12       0.000000000000e+00       1.045232893360e-16       4.891564356644e-17       3.511913625281e-18 
 2384       1.459903382298e-11       6.085671595645e-13      -1.350297149254e-12       0.000000000000e+00       1.043418387354e-16       4.887811530415e-17       3.454639918407e-18 
 2385       1.460456523961e-11       6.035004949319e-13      -1.347656956527e-12       0.000000000000e+00       1.041607795753e-16       4.884289233377e-17       3.397858281596e-18 
 2386       1.460988868838e-11       5.984403211347e-13      -1.344790940026e-12       0.000000000000e+00       1.039801107843e-16       4.880978554091e-17       3.341588828425e-18 
 2387       1.461499367213e-11       5.933879061999e-13      -1.341701734173e-12       0.000000000000e+00       1.037998312831e-16       4.877860516208e-17       3.285851736379e-18 
 2388       1.461986965988e-11       5.883445223252e-13      -1.338391983622e-12       0.000000000000e+00       1.036199399848e-16       4.874916078399e-17       3.230667246915e-18 
 2389       1.462450608669e-11       5.833114458834e-13      -1.334864343272e-12       0.000000000000e+00       1.034404357946e-16       4.872126134286e-17       3.176055665529e-18 
 2390       1.462889235368e-11       5.782899574265e-13      -1.331121478277e-12       0.000000000000e+00       1.032613176102e-16       4.869471512375e-17       3.122037361823e-18 
 2391       1.463301782799e-11       5.732813416903e-13      -1.327166064057e-12       0.000000000000e+00       1.030825843210e-16       4.866932975987e-17       3.068632769567e-18 
 2392       1.463687184273e-11       5.682868875987e-13      -1.323000786310e-12       0.000000000000e+00       1.029042348092e-16       4.864491223190e-17       3.015862386766e-18 
 2393       1.464044369697e-11       5.633078882677e-13      -1.318628341025e-12       0.000000000000e+00       1.027262679489e-16       4.862126886728e-17       2.963746775727e-18 
 2394       1.464372265568e-11       5.583456410101e-13      -1.314051434487e-12       0.000000000000e+00       1.025486826062e-16       4.859820533955e-17       2.912306563125e-18 
 2395       1.464669794968e-11       5.534014473398e-13      -1.309272783297e-12       0.000000000000e+00       1.023714776399e-16       4.857552666767e-17       2.861562440066e-18 
 2396       1.464935877566e-11       5.484766129758e-13      -1.304295114375e-12       0.000000000000e+00       1.021946519004e-16       4.855303721530e-17       2.811535162153e-18 
 2397       1.465169429610e-11       5.435724478471e-13      -1.299121164977e-12       0.000000000000e+00       1.020182042307e-16       4.853054069016e-17       2.762245549555e-18 
 2398       1.465369363926e-11       5.386902660964e-13      -1.293753682702e-12       0.000000000000e+00       1.018421334658e-16       4.850784014331e-17       2.713714487069e-18 
 2399       1.465534589911e-11       5.338313860849e-13      -1.288195425507e-12       0.000000000000e+00       1.016664384326e-16       4.848473796847e-17       2.665962924187e-18 
 2400       1.465664013533e-11       5.289971303964e-13      -1.282449161716e-12       0.000000000000e+00       1.014911179506e-16       4.846103590135e-17       2.619011875161e-18 
 2401       1.465756537328e-11       5.241888258418e-13      -1.276517670031e-12       0.000000000000e+00       1.013161708311e-16       4.843653501897e-17       2.572882419071e-18 
 2402       1.465811060392e-11       5.194078034632e-13      -1.270403739543e-12       0.000000000000e+00       1.011415958776e-16       4.841103573893e-17       2.527595699886e-18 
 2403       1.465826478382e-11       5.146553985383e-13      -1.264110169745e-12       0.000000000000e+00       1.009673918855e-16       4.838433781878e-17       2.483172926535e-18 
 2404       1.465801683511e-11       5.099329505852e-13      -1.257639770544e-12       0.000000000000e+00       1.007935576427e-16       4.835624035531e-17       2.439635372969e-18 
 2405       1.465735564543e-11       5.052418033658e-13      -1.250995362266e-12       0.000000000000e+00       1.006200919289e-16       4.832654178386e-17       2.397004378227e-18 
 2406       1.465627006792e-11       5.005833048909e-13      -1.244179775674e-12       0.000000000000e+00       1.004469935159e-16       4.829503987764e-17       2.355301346502e-18 
 2407       1.465474892116e-11       4.959588074244e-13      -1.237195851978e-12       0.000000000000e+00       1.002742611676e-16       4.826153174703e-17       2.314547747210e-18 
 2408       1.465278098917e-11       4.913696674874e-13      -1.230046442844e-12       0.000000000000e+00       1.001018936399e-16       4.822581383895e-17       2.274765115048e-18 
 2409       1.465035502133e-11       4.868172458626e-13      -1.222734410403e-12       0.000000000000e+00       9.992988968080e-17       4.818768193609e-17       2.235975050068e-18 
 2410       1.464745973238e-11       4.823029075987e-13      -1.215262627271e-12       0.000000000000e+00       9.975824803035e-17       4.814693115631e-17       2.198199217736e-18 
 2411       1.464408380237e-11       4.778280220149e-13      -1.207633976550e-12       0.000000000000e+00       9.958696742056e-17       4.810335595188e-17       2.161459349003e-18 
 2412       1.464021587664e-11       4.733939627048e-13      -1.199851351846e-12       0.000000000000e+00       9.941604657549e-17       4.805675010885e-17       2.125777240365e-18 
 2413       1.463584456574e-11       4.690021075411e-13      -1.191917657277e-12       0.000000000000e+00       9.924548421117e-17       4.800690674635e-17       2.091174753934e-18 
 2414       1.463095844547e-11       4.646538386799e-13      -1.183835807485e-12       0.000000000000e+00       9.907527903566e-17       4.795361831587e-17       2.057673817501e-18 
 2415       1.462554605676e-11       4.603505425647e-13      -1.175608727648e-12       0.000000000000e+00       9.890542974898e-17       4.789667660063e-17       2.025296424601e-18 
 2416       1.461959772819e-11       4.560934588277e-13      -1.167239499804e-12       0.000000000000e+00       9.873593513303e-17       4.783594943279e-17       1.994049735017e-18 
 2417       1.461311105536e-11       4.518832259823e-13      -1.158731802768e-12       0.000000000000e+00       9.856679432194e-17       4.777161135462e-17       1.963881277483e-18 
 2418       1.460608545462e-11       4.477203329860e-13      -1.150089474904e-12       0.000000000000e+00       9.839800653333e-17       4.770391435384e-17       1.934723475626e-18 
 2419       1.459852034360e-11       4.436052700945e-13      -1.141316368068e-12       0.000000000000e+00       9.822957097857e-17       4.763311127357e-17       1.906508522633e-18 
 2420       1.459041514125e-11       4.395385288636e-13      -1.132416347619e-12       0.000000000000e+00       9.806148686272e-17       4.755945581316e-17       1.879168381010e-18 
 2421       1.458176926780e-11       4.355206021499e-13      -1.123393292437e-12       0.000000000000e+00       9.789375338460e-17       4.748320252911e-17       1.852634782344e-18 
 2422       1.457258214480e-11       4.315519841124e-13      -1.114251094937e-12       0.000000000000e+00       9.772636973670e-17       4.740460683599e-17       1.826839227063e-18 
 2423       1.456285319507e-11       4.276331702136e-13      -1.104993661081e-12       0.000000000000e+00       9.755933510523e-17       4.732392500728e-17       1.801712984190e-18 
 2424       1.455258184276e-11       4.237646572205e-13      -1.095624910393e-12       0.000000000000e+00       9.739264867008e-17       4.724141417628e-17       1.777187091110e-18 
 2425       1.454176751333e-11       4.199469432062e-13      -1.086148775973e-12       0.000000000000e+00       9.722630960482e-17       4.715733233702e-17       1.753192353322e-18 
 2426       1.453040963354e-11       4.161805275509e-13      -1.076569204512e-12       0.000000000000e+00       9.706031707673e-17       4.707193834513e-17       1.729659344206e-18 
 2427       1.451850763146e-11       4.124659109431e-13      -1.066890156307e-12       0.000000000000e+00       9.689467024671e-17       4.698549191874e-17       1.706518404774e-18 
 2428       1.450606093648e-11       4.088035953812e-13      -1.057115605273e-12       0.000000000000e+00       9.672936826935e-17       4.689825363937e-17       1.683699643438e-18 
 2429       1.449306897932e-11       4.051940841740e-13      -1.047249538958e-12       0.000000000000e+00       9.656441029287e-17       4.681048495282e-17       1.661132935763e-18 
 2430       1.447953119199e-11       4.016378819428e-13      -1.037295958559e-12       0.000000000000e+00       9.639979545916e-17       4.672244817007e-17       1.638747924229e-18 
 2431       1.446544700785e-11       3.981354946217e-13      -1.027258878932e-12       0.000000000000e+00       9.623552290373e-17       4.663440646815e-17       1.616474017991e-18 
 2432       1.445081586157e-11       3.946874294598e-13      -1.017142328611e-12       0.000000000000e+00       9.607159175570e-17       4.654662389105e-17       1.594240392637e-18 
 2433       1.443563718916e-11       3.912941950217e-13      -1.006950349820e-12       0.000000000000e+00       9.590800113785e-17       4.645936535061e-17       1.571975989949e-18 
 2434       1.441991042794e-11       3.879563011889e-13      -9.966869984861e-13       0.000000000000e+00       9.574475016653e-17       4.637289662741e-17       1.549609517661e-18 
 2435       1.440363501659e-11       3.846742591613e-13      -9.863563442559e-13       0.000000000000e+00       9.558183795172e-17       4.628748437165e-17       1.527069449219e-18 
 2436       1.438681039508e-11       3.814485814580e-13      -9.759624705084e-13       0.000000000000e+00       9.541926359698e-17       4.620339610406e-17       1.504284023541e-18 
 2437       1.436943600477e-11       3.782797819189e-13      -9.655094743694e-13       0.000000000000e+00       9.525702619946e-17       4.612090021677e-17       1.481181244774e-18 
 2438       1.435151128833e-11       3.751683757057e-13      -9.550014667259e-13       0.000000000000e+00       9.509512484991e-17       4.604026597424e-17       1.457688882058e-18 
 2439       1.433303568976e-11       3.721148793033e-13      -9.444425722400e-13       0.000000000000e+00       9.493355863261e-17       4.596176351408e-17       1.433734469282e-18 
 2440       1.431400865443e-11       3.691198105208e-13      -9.338369293637e-13       0.000000000000e+00       9.477232662544e-17       4.588566384803e-17       1.409245304843e-18 
 2441       1.429442962905e-11       3.661836884930e-13      -9.231886903524e-13       0.000000000000e+00       9.461142789981e-17       4.581223886278e-17       1.384148451408e-18 
 2442       1.427429806167e-11       3.633070336812e-13      -9.125020212796e-13       0.000000000000e+00       9.445086152070e-17       4.574176132091e-17       1.358370735671e-18 
 2443       1.425361340170e-11       3.604903678750e-13      -9.017811020507e-13       0.000000000000e+00       9.429062654660e-17       4.567450486173e-17       1.331838748115e-18 
 2444       1.423237509989e-11       3.577342141932e-13      -8.910301264177e-13       0.000000000000e+00       9.413072202955e-17       4.561074400223e-17       1.304478842769e-18 
 2445       1.421058260837e-11       3.550390970849e-13      -8.802533019929e-13       0.000000000000e+00       9.397114701512e-17       4.555075413793e-17       1.276217136968e-18 
 2446       1.418823538061e-11       3.524055423310e-13      -8.694548502637e-13       0.000000000000e+00       9.381190054237e-17       4.549481154378e-17       1.246979511114e-18 
 2447       1.416533287145e-11       3.498340770453e-13      -8.586390066059e-13       0.000000000000e+00       9.365298164389e-17       4.544319337506e-17       1.216691608434e-18 
 2448       1.414187453708e-11       3.473252296757e-13      -8.478100202990e-13       0.000000000000e+00       9.349438934575e-17       4.539617766828e-17       1.185278834739e-18 
 2449       1.411785983507e-11       3.448795300056e-13      -8.369721545394e-13       0.000000000000e+00       9.333612266753e-17       4.535404334204e-17       1.152666358186e-18 
 2450       1.409328822436e-11       3.424975091547e-13      -8.261296864555e-13       0.000000000000e+00       9.317818062227e-17       4.531707019795e-17       1.118779109033e-18 
 2451       1.406815916526e-11       3.401796995809e-13      -8.152869071210e-13       0.000000000000e+00       9.302056221649e-17       4.528553892150e-17       1.083541779404e-18 
 2452       1.404247211943e-11       3.379266350809e-13      -8.044481215700e-13       0.000000000000e+00       9.286326645020e-17       4.525973108296e-17       1.046878823044e-18 
 2453       1.401622654993e-11       3.357388507917e-13      -7.936176488104e-13       0.000000000000e+00       9.270629231685e-17       4.523992913830e-17       1.008714455079e-18 
 2454       1.398942192121e-11       3.336168831919e-13      -7.827998218389e-13       0.000000000000e+00       9.254963880332e-17       4.522641643003e-17       9.689726517793e-19 
 2455       1.396205899970e-11       3.315611198258e-13      -7.719987495906e-13       0.000000000000e+00       9.239330499526e-17       4.521939748232e-17       9.276030195113e-19 
 2456       1.393414376430e-11       3.295713474949e-13      -7.612176012112e-13       0.000000000000e+00       9.223729039351e-17       4.521875836506e-17       8.846585706955e-19 
 2457       1.390568351925e-11       3.276472013742e-13      -7.504593175450e-13       0.000000000000e+00       9.208159459954e-17       4.522430490232e-17       8.402184112452e-19 
 2458       1.387668559563e-11       3.257883150428e-13      -7.397268488198e-13       0.000000000000e+00       9.192621721030e-17       4.523584224769e-17       7.943619137665e-19 
 2459       1.384715735141e-11       3.239943204821e-13      -7.290231546573e-13       0.000000000000e+00       9.177115781818e-17       4.525317488354e-17       7.471687178327e-19 
 2460       1.381710617149e-11       3.222648480737e-13      -7.183512040817e-13       0.000000000000e+00       9.161641601108e-17       4.527610662041e-17       6.987187302586e-19 
 2461       1.378653946768e-11       3.205995265982e-13      -7.077139755299e-13       0.000000000000e+00       9.146199137234e-17       4.530444059620e-17       6.490921253749e-19 
 2462       1.375546467877e-11       3.189979832332e-13      -6.971144568603e-13       0.000000000000e+00       9.130788348074e-17       4.533797927560e-17       5.983693453021e-19 
 2463       1.372388927055e-11       3.174598435512e-13      -6.865556453629e-13       0.000000000000e+00       9.115409191055e-17       4.537652444928e-17       5.466311002253e-19 
 2464       1.369182073582e-11       3.159847315185e-13      -6.760405477683e-13       0.000000000000e+00       9.100061623144e-17       4.541987723327e-17       4.939583686681e-19 
 2465       1.365926659446e-11       3.145722694927e-13      -6.655721802572e-13       0.000000000000e+00       9.084745600855e-17       4.546783806825e-17       4.404323977672e-19 
 2466       1.362623439340e-11       3.132220782216e-13      -6.551535684703e-13       0.000000000000e+00       9.069461080244e-17       4.552020671883e-17       3.861347035463e-19 
 2467       1.359273170669e-11       3.119337768410e-13      -6.447877475173e-13       0.000000000000e+00       9.054208016910e-17       4.557678227289e-17       3.311470711910e-19 
 2468       1.355876613552e-11       3.107069828731e-13      -6.344777619864e-13       0.000000000000e+00       9.038986365993e-17       4.563736314084e-17       2.755515553225e-19 
 2469       1.352434530825e-11       3.095413122246e-13      -6.242266659542e-13       0.000000000000e+00       9.023796082176e-17       4.570174705499e-17       2.194304802721e-19 
 2470       1.348947688043e-11       3.084363791853e-13      -6.140375229945e-13       0.000000000000e+00       9.008637119681e-17       4.576973106878e-17       1.628664403558e-19 
 2471       1.345416853482e-11       3.073917964258e-13      -6.039134061884e-13       0.000000000000e+00       8.993509432271e-17       4.584111155615e-17       1.059423001480e-19 
 2472       1.341842798144e-11       3.064071749963e-13      -5.938573981335e-13       0.000000000000e+00       8.978412973249e-17       4.591568421080e-17       4.874119475648e-20 
 2473       1.338226295760e-11       3.054821243242e-13      -5.838725909531e-13       0.000000000000e+00       8.963347695458e-17       4.599324404553e-17      -8.653469903915e-21 
 2474       1.334568122790e-11       3.046162522131e-13      -5.739620863062e-13       0.000000000000e+00       8.948313551276e-17       4.607358539150e-17      -6.615801683659e-20 
 2475       1.330869058428e-11       3.038091648403e-13      -5.641289953965e-13       0.000000000000e+00       8.933310492623e-17       4.615650189759e-17      -1.236884976891e-19 
 2476       1.327129884606e-11       3.030604667556e-13      -5.543764389823e-13       0.000000000000e+00       8.918338470953e-17       4.624178652967e-17      -1.811606924786e-19 
 2477       1.323351385992e-11       3.023697608790e-13      -5.447075473855e-13       0.000000000000e+00       8.903397437258e-17       4.632923156990e-17      -2.384901093181e-19 
 2478       1.319534349998e-11       3.017366484995e-13      -5.351254605014e-13       0.000000000000e+00       8.888487342066e-17       4.641862861606e-17      -2.955919841413e-19 
 2479       1.315679566782e-11       3.011607292730e-13      -5.256333278081e-13       0.000000000000e+00       8.873608135442e-17       4.650976858084e-17      -3.523812804293e-19 
 2480       1.311787829247e-11       3.006416012206e-13      -5.162343083758e-13       0.000000000000e+00       8.858759766983e-17       4.660244169115e-17      -4.087726889353e-19 
 2481       1.307859933049e-11       3.001788607267e-13      -5.069315708764e-13       0.000000000000e+00       8.843942185821e-17       4.669643748742e-17      -4.646806274113e-19 
 2482       1.303896676596e-11       2.997721025376e-13      -4.977282935932e-13       0.000000000000e+00       8.829155340623e-17       4.679154482290e-17      -5.200192403328e-19 
 2483       1.299898861051e-11       2.994209197595e-13      -4.886276644299e-13       0.000000000000e+00       8.814399179589e-17       4.688755186299e-17      -5.747023986254e-19 
 2484       1.295867290340e-11       2.991249038565e-13      -4.796328809203e-13       0.000000000000e+00       8.799673650450e-17       4.698424608452e-17      -6.286436993899e-19 
 2485       1.291802771147e-11       2.988836446493e-13      -4.707471502380e-13       0.000000000000e+00       8.784978700470e-17       4.708141427505e-17      -6.817564656283e-19 
 2486       1.287706112921e-11       2.986967303131e-13      -4.619736892052e-13       0.000000000000e+00       8.770314276445e-17       4.717884253221e-17      -7.339537459693e-19 
 2487       1.283578127882e-11       2.985637473761e-13      -4.533157243031e-13       0.000000000000e+00       8.755680324699e-17       4.727631626296e-17      -7.851483143942e-19 
 2488       1.279419631016e-11       2.984842807176e-13      -4.447764916805e-13       0.000000000000e+00       8.741076791088e-17       4.737362018294e-17      -8.352526699626e-19 
 2489       1.275231440084e-11       2.984579135659e-13      -4.363592371637e-13       0.000000000000e+00       8.726503620999e-17       4.747053831574e-17      -8.841790365378e-19 
 2490       1.271014375624e-11       2.984842274973e-13      -4.280672162660e-13       0.000000000000e+00       8.711960759345e-17       4.756685399221e-17      -9.318393625129e-19 
 2491       1.266769260952e-11       2.985628024335e-13      -4.199036941971e-13       0.000000000000e+00       8.697448150569e-17       4.766234984981e-17      -9.781453205363e-19 
 2492       1.262496922164e-11       2.986932166407e-13      -4.118719458724e-13       0.000000000000e+00       8.682965738641e-17       4.775680783182e-17      -1.023008307237e-18 
 2493       1.258198188145e-11       2.988750467269e-13      -4.039752559225e-13       0.000000000000e+00       8.668513467060e-17       4.785000918676e-17      -1.066339442952e-18 
 2494       1.253873914857e-11       2.991077921284e-13      -3.962164862741e-13       0.000000000000e+00       8.654091274169e-17       4.794177620631e-17      -1.108071844471e-18 
 2495       1.249525058398e-11       2.993906480863e-13      -3.885967760973e-13       0.000000000000e+00       8.639699079096e-17       4.803209770856e-17      -1.148227586713e-18 
 2496       1.245152602379e-11       2.997227313331e-13      -3.811168342444e-13       0.000000000000e+00       8.625336795731e-17       4.812100429013e-17      -1.186851133646e-18 
 2497       1.240757533679e-11       3.001031554814e-13      -3.737773709864e-13       0.000000000000e+00       8.611004337399e-17       4.820852665448e-17      -1.223987101119e-18 
 2498       1.236340842440e-11       3.005310310204e-13      -3.665790980142e-13       0.000000000000e+00       8.596701616858e-17       4.829469561203e-17      -1.259680257018e-18 
 2499       1.231903522080e-11       3.010054653125e-13      -3.595227284401e-13       0.000000000000e+00       8.582428546301e-17       4.837954208025e-17      -1.293975521419e-18 
 2500       1.227446569286e-11       3.015255625905e-13      -3.526089767984e-13       0.000000000000e+00       8.568185037352e-17       4.846309708379e-17      -1.326917966749e-18 
 2501       1.222970984026e-11       3.020904239542e-13      -3.458385590470e-13       0.000000000000e+00       8.553971001067e-17       4.854539175459e-17      -1.358552817935e-18 
 2502       1.218477769546e-11       3.026991473669e-13      -3.392121925683e-13       0.000000000000e+00       8.539786347935e-17       4.862645733195e-17      -1.388925452563e-18 
 2503       1.213967932378e-11       3.033508276526e-13      -3.327305961702e-13       0.000000000000e+00       8.525630987872e-17       4.870632516269e-17      -1.418081401031e-18 
 2504       1.209442482338e-11       3.040445564926e-13      -3.263944900874e-13       0.000000000000e+00       8.511504830228e-17       4.878502670126e-17      -1.446066346708e-18 
 2505       1.204902432537e-11       3.047794224223e-13      -3.202045959826e-13       0.000000000000e+00       8.497407783779e-17       4.886259350979e-17      -1.472926126082e-18 
 2506       1.200348799377e-11       3.055545108279e-13      -3.141616369475e-13       0.000000000000e+00       8.483339756730e-17       4.893905725828e-17      -1.498706728925e-18 
 2507       1.195782602556e-11       3.063689039433e-13      -3.082663375039e-13       0.000000000000e+00       8.469300656715e-17       4.901444972465e-17      -1.523454298438e-18 
 2508       1.191204865075e-11       3.072216808468e-13      -3.025194236049e-13       0.000000000000e+00       8.455290390793e-17       4.908880279487e-17      -1.547215131416e-18 
 2509       1.186616613237e-11       3.081119174578e-13      -2.969216226360e-13       0.000000000000e+00       8.441308865452e-17       4.916214846307e-17      -1.570035678395e-18 
 2510       1.182018876653e-11       3.090386865339e-13      -2.914736634163e-13       0.000000000000e+00       8.427355986602e-17       4.923451883166e-17      -1.591962543813e-18 
 2511       1.177412688244e-11       3.100010576673e-13      -2.861762761995e-13       0.000000000000e+00       8.413431659583e-17       4.930594611143e-17      -1.613042486160e-18 
 2512       1.172799084244e-11       3.109980972818e-13      -2.810301926751e-13       0.000000000000e+00       8.399535789155e-17       4.937646262166e-17      -1.633322418141e-18 
 2513       1.168179104205e-11       3.120288686295e-13      -2.760361459696e-13       0.000000000000e+00       8.385668279503e-17       4.944610079022e-17      -1.652849406821e-18 
 2514       1.163553790997e-11       3.130924317876e-13      -2.711948706475e-13       0.000000000000e+00       8.371829034236e-17       4.951489315369e-17      -1.671670673789e-18 
 2515       1.158924190816e-11       3.141878436553e-13      -2.665071027123e-13       0.000000000000e+00       8.358017956384e-17       4.958287235749e-17      -1.689833595309e-18 
 2516       1.154291353183e-11       3.153141579502e-13      -2.619735796081e-13       0.000000000000e+00       8.344234948399e-17       4.965007115596e-17      -1.707385702478e-18 
 2517       1.149656330951e-11       3.164704252056e-13      -2.575950402202e-13       0.000000000000e+00       8.330479912153e-17       4.971652241247e-17      -1.724374681375e-18 
 2518       1.145020180305e-11       3.176556927668e-13      -2.533722248766e-13       0.000000000000e+00       8.316752748940e-17       4.978225909955e-17      -1.740848373224e-18 
 2519       1.140383960766e-11       3.188690047884e-13      -2.493058753489e-13       0.000000000000e+00       8.303053359473e-17       4.984731429899e-17      -1.756854774546e-18 
 2520       1.135748735196e-11       3.201094022304e-13      -2.453967348536e-13       0.000000000000e+00       8.289381643883e-17       4.991172120196e-17      -1.772442037313e-18 
 2521       1.131115569801e-11       3.213759228557e-13      -2.416455480530e-13       0.000000000000e+00       8.275737501719e-17       4.997551310909e-17      -1.787658469103e-18 
 2522       1.126485534131e-11       3.226676012263e-13      -2.380530610567e-13       0.000000000000e+00       8.262120831948e-17       5.003872343060e-17      -1.802552533259e-18 
 2523       1.121859701090e-11       3.239834687005e-13      -2.346200214221e-13       0.000000000000e+00       8.248531532955e-17       5.010138568644e-17      -1.817172849040e-18 
 2524       1.117239146931e-11       3.253225534293e-13      -2.313471781564e-13       0.000000000000e+00       8.234969502540e-17       5.016353350633e-17      -1.831568191780e-18 
 2525       1.112624951266e-11       3.266838803535e-13      -2.282352817169e-13       0.000000000000e+00       8.221434637916e-17       5.022520062995e-17      -1.845787493038e-18 
 2526       1.108018197066e-11       3.280664712005e-13      -2.252850840127e-13       0.000000000000e+00       8.207926835716e-17       5.028642090697e-17      -1.859879840760e-18 
 2527       1.103419970665e-11       3.294693444805e-13      -2.224973384053e-13       0.000000000000e+00       8.194445991982e-17       5.034722829723e-17      -1.873894479428e-18 
 2528       1.098831361764e-11       3.308915154842e-13      -2.198727997105e-13       0.000000000000e+00       8.180992002173e-17       5.040765687080e-17      -1.887880810219e-18 
 2529       1.094253463432e-11       3.323319962788e-13      -2.174122241985e-13       0.000000000000e+00       8.167564761158e-17       5.046774080814e-17      -1.901888391159e-18 
 2530       1.089687372113e-11       3.337897957052e-13      -2.151163695962e-13       0.000000000000e+00       8.154164163220e-17       5.052751440013e-17      -1.915966937279e-18 
 2531       1.085134187626e-11       3.352639193747e-13      -2.129859950871e-13       0.000000000000e+00       8.140790102052e-17       5.058701204828e-17      -1.930166320769e-18 
 2532       1.080595013171e-11       3.367533696654e-13      -2.110218613136e-13       0.000000000000e+00       8.127442470758e-17       5.064626826476e-17      -1.944536571134e-18 
 2533       1.076070881345e-11       3.382571685955e-13      -2.092243580237e-13       0.000000000000e+00       8.114121173027e-17       5.070530465713e-17      -1.959115528792e-18 
 2534       1.071562531726e-11       3.397744265909e-13      -2.075923846600e-13       0.000000000000e+00       8.100826156724e-17       5.076409080004e-17      -1.973891727564e-18 
 2535       1.067070632012e-11       3.413042741083e-13      -2.061244633024e-13       0.000000000000e+00       8.087557380492e-17       5.082258313754e-17      -1.988841297926e-18 
 2536       1.062595851891e-11       3.428458387928e-13      -2.048191104276e-13       0.000000000000e+00       8.074314802595e-17       5.088073797783e-17      -2.003940293998e-18 
 2537       1.058138863039e-11       3.443982454750e-13      -2.036748369037e-13       0.000000000000e+00       8.061098380915e-17       5.093851149311e-17      -2.019164693472e-18 
 2538       1.053700339126e-11       3.459606161682e-13      -2.026901479841e-13       0.000000000000e+00       8.047908072953e-17       5.099585971949e-17      -2.034490397536e-18 
 2539       1.049280955819e-11       3.475320700658e-13      -2.018635433017e-13       0.000000000000e+00       8.034743835829e-17       5.105273855681e-17      -2.049893230799e-18 
 2540       1.044881390777e-11       3.491117235382e-13      -2.011935168633e-13       0.000000000000e+00       8.021605626280e-17       5.110910376854e-17      -2.065348941214e-18 
 2541       1.040502323660e-11       3.506986901304e-13      -2.006785570434e-13       0.000000000000e+00       8.008493400663e-17       5.116491098161e-17      -2.080833200004e-18 
 2542       1.036144436129e-11       3.522920805589e-13      -2.003171465788e-13       0.000000000000e+00       7.995407114950e-17       5.122011568631e-17      -2.096321601583e-18 
 2543       1.031808411846e-11       3.538910027088e-13      -2.001077625623e-13       0.000000000000e+00       7.982346724730e-17       5.127467323615e-17      -2.111789663485e-18 
 2544       1.027494936478e-11       3.554945616314e-13      -2.000488764371e-13       0.000000000000e+00       7.969312185208e-17       5.132853884772e-17      -2.127212826287e-18 
 2545       1.023204697696e-11       3.571018595413e-13      -2.001389539911e-13       0.000000000000e+00       7.956303451205e-17       5.138166760055e-17      -2.142566453532e-18 
 2546       1.018938385182e-11       3.587119958133e-13      -2.003764553508e-13       0.000000000000e+00       7.943320477157e-17       5.143401443699e-17      -2.157825831652e-18 
 2547       1.014696690626e-11       3.603240669798e-13      -2.007598349756e-13       0.000000000000e+00       7.930363217114e-17       5.148553416207e-17      -2.172966169898e-18 
 2548       1.010480307730e-11       3.619371667283e-13      -2.012875416521e-13       0.000000000000e+00       7.917431624743e-17       5.153618144338e-17      -2.187962600258e-18 
 2549       1.006289932211e-11       3.635503858981e-13      -2.019580184879e-13       0.000000000000e+00       7.904525653321e-17       5.158591081089e-17      -2.202790177388e-18 
 2550       1.002126261800e-11       3.651628124779e-13      -2.027697029061e-13       0.000000000000e+00       7.891645255740e-17       5.163467665690e-17      -2.217423878528e-18 
 2551       9.979899962475e-12       3.667735316026e-13      -2.037210266394e-13       0.000000000000e+00       7.878790384506e-17       5.168243323582e-17      -2.231838603434e-18 
 2552       9.938818373214e-12       3.683816255510e-13      -2.048104157241e-13       0.000000000000e+00       7.865960991735e-17       5.172913466409e-17      -2.246009174301e-18 
 2553       9.898024888124e-12       3.699861737428e-13      -2.060362904945e-13       0.000000000000e+00       7.853157029156e-17       5.177473492003e-17      -2.259910335682e-18 
 2554       9.857526565341e-12       3.715862527355e-13      -2.073970655769e-13       0.000000000000e+00       7.840378448110e-17       5.181918784371e-17      -2.273516754420e-18 
 2555       9.817330483256e-12       3.731809362222e-13      -2.088911498837e-13       0.000000000000e+00       7.827625199547e-17       5.186244713680e-17      -2.286803019567e-18 
 2556       9.777443740529e-12       3.747692950283e-13      -2.105169466079e-13       0.000000000000e+00       7.814897234030e-17       5.190446636248e-17      -2.299743642310e-18 
 2557       9.737873456112e-12       3.763503971089e-13      -2.122728532169e-13       0.000000000000e+00       7.802194501729e-17       5.194519894524e-17      -2.312313055897e-18 
 2558       9.698626769268e-12       3.779233075459e-13      -2.141572614469e-13       0.000000000000e+00       7.789516952426e-17       5.198459817081e-17      -2.324485615558e-18 
 2559       9.659710839589e-12       3.794870885457e-13      -2.161685572970e-13       0.000000000000e+00       7.776864535510e-17       5.202261718600e-17      -2.336235598435e-18 
 2560       9.621132847014e-12       3.810407994356e-13      -2.183051210231e-13       0.000000000000e+00       7.764237199981e-17       5.205920899856e-17      -2.347537203498e-18 
 2561       9.582899991850e-12       3.825834966617e-13      -2.205653271327e-13       0.000000000000e+00       7.751634894445e-17       5.209432647706e-17      -2.358364551478e-18 
 2562       9.545019494793e-12       3.841142337855e-13      -2.229475443785e-13       0.000000000000e+00       7.739057567115e-17       5.212792235074e-17      -2.368691684786e-18 
 2563       9.507498596942e-12       3.856320614819e-13      -2.254501357525e-13       0.000000000000e+00       7.726505165813e-17       5.215994920940e-17      -2.378492567439e-18 
 2564       9.470344559823e-12       3.871360275356e-13      -2.280714584809e-13       0.000000000000e+00       7.713977637966e-17       5.219035950324e-17      -2.387741084986e-18 
 2565       9.433564665405e-12       3.886251768387e-13      -2.308098640174e-13       0.000000000000e+00       7.701474930609e-17       5.221910554277e-17      -2.396411044428e-18 
 2566       9.397166216122e-12       3.900985513880e-13      -2.336636980379e-13       0.000000000000e+00       7.688996990381e-17       5.224613949860e-17      -2.404476174149e-18 
 2567       9.361156534888e-12       3.915551902819e-13      -2.366313004344e-13       0.000000000000e+00       7.676543763527e-17       5.227141340140e-17      -2.411910123833e-18 
 2568       9.325542965121e-12       3.929941297180e-13      -2.397110053095e-13       0.000000000000e+00       7.664115195896e-17       5.229487914169e-17      -2.418686464395e-18 
 2569       9.290332870760e-12       3.944144029898e-13      -2.429011409702e-13       0.000000000000e+00       7.651711232941e-17       5.231648846976e-17      -2.424778687900e-18 
 2570       9.255533636283e-12       3.958150404844e-13      -2.462000299220e-13       0.000000000000e+00       7.639331819721e-17       5.233619299549e-17      -2.430160207492e-18 
 2571       9.221152666727e-12       3.971950696793e-13      -2.496059888638e-13       0.000000000000e+00       7.626976900896e-17       5.235394418825e-17      -2.434804357315e-18 
 2572       9.187196241954e-12       3.985536070232e-13      -2.531171927185e-13       0.000000000000e+00       7.614646423313e-17       5.236970616774e-17      -2.438695094646e-18 
 2573       9.153666072279e-12       3.998901341533e-13      -2.567312658951e-13       0.000000000000e+00       7.602340343777e-17       5.238349415626e-17      -2.441859173013e-18 
 2574       9.120562723268e-12       4.012042232448e-13      -2.604456886881e-13       0.000000000000e+00       7.590058621322e-17       5.239533624509e-17      -2.444334152099e-18 
 2575       9.087886759712e-12       4.024954452696e-13      -2.642579330208e-13       0.000000000000e+00       7.577801214632e-17       5.240526062349e-17      -2.446157712287e-18 
 2576       9.055638745625e-12       4.037633699946e-13      -2.681654624371e-13       0.000000000000e+00       7.565568082041e-17       5.241329557882e-17      -2.447367654780e-18 
 2577       9.023819244241e-12       4.050075659815e-13      -2.721657320927e-13       0.000000000000e+00       7.553359181531e-17       5.241946949660e-17      -2.448001901718e-18 
 2578       8.992428818013e-12       4.062276005847e-13      -2.762561887472e-13       0.000000000000e+00       7.541174470733e-17       5.242381086063e-17      -2.448098496297e-18 
 2579       8.961468028614e-12       4.074230399508e-13      -2.804342707557e-13       0.000000000000e+00       7.529013906924e-17       5.242634825310e-17      -2.447695602889e-18 
 2580       8.930937436931e-12       4.085934490174e-13      -2.846974080604e-13       0.000000000000e+00       7.516877447031e-17       5.242711035466e-17      -2.446831507158e-18 
 2581       8.900837603066e-12       4.097383915116e-13      -2.890430221826e-13       0.000000000000e+00       7.504765047628e-17       5.242612594454e-17      -2.445544616180e-18 
 2582       8.871169086333e-12       4.108574299495e-13      -2.934685262140e-13       0.000000000000e+00       7.492676664934e-17       5.242342390066e-17      -2.443873458560e-18 
 2583       8.841932445259e-12       4.119501256344e-13      -2.979713248087e-13       0.000000000000e+00       7.480612254814e-17       5.241903319968e-17      -2.441856684553e-18 
 2584       8.813128237581e-12       4.130160386561e-13      -3.025488141746e-13       0.000000000000e+00       7.468571772782e-17       5.241298291716e-17      -2.439533066180e-18 
 2585       8.784757020241e-12       4.140547278896e-13      -3.071983820657e-13       0.000000000000e+00       7.456555173994e-17       5.240530222761e-17      -2.436941497348e-18 
 2586       8.756819349390e-12       4.150657509943e-13      -3.119174077729e-13       0.000000000000e+00       7.444562413252e-17       5.239602040461e-17      -2.434120993967e-18 
 2587       8.729315780384e-12       4.160486644122e-13      -3.167032621166e-13       0.000000000000e+00       7.432593445003e-17       5.238516682092e-17      -2.431110694072e-18 
 2588       8.702246867780e-12       4.170030233675e-13      -3.215533074377e-13       0.000000000000e+00       7.420648223338e-17       5.237277094855e-17      -2.427949857935e-18 
 2589       8.675613165339e-12       4.179283818651e-13      -3.264648975898e-13       0.000000000000e+00       7.408726701991e-17       5.235886235888e-17      -2.424677868190e-18 
 2590       8.649415226021e-12       4.188242926894e-13      -3.314353779307e-13       0.000000000000e+00       7.396828834341e-17       5.234347072274e-17      -2.421334229948e-18 
 2591       8.623653601984e-12       4.196903074033e-13      -3.364620853139e-13       0.000000000000e+00       7.384954573407e-17       5.232662581053e-17      -2.417958570917e-18 
 2592       8.598328844584e-12       4.205259763473e-13      -3.415423480807e-13       0.000000000000e+00       7.373103871853e-17       5.230835749231e-17      -2.414590641519e-18 
 2593       8.573441504370e-12       4.213308486379e-13      -3.466734860517e-13       0.000000000000e+00       7.361276681982e-17       5.228869573789e-17      -2.411270315008e-18 
 2594       8.548992131087e-12       4.221044721668e-13      -3.518528105183e-13       0.000000000000e+00       7.349472955743e-17       5.226767061695e-17      -2.408037587593e-18 
 2595       8.524981273671e-12       4.228463935999e-13      -3.570776242348e-13       0.000000000000e+00       7.337692644721e-17       5.224531229911e-17      -2.404932578550e-18 
 2596       8.501409480247e-12       4.235561583756e-13      -3.623452214098e-13       0.000000000000e+00       7.325935700146e-17       5.222165105405e-17      -2.401995530345e-18 
 2597       8.478277298131e-12       4.242333107043e-13      -3.676528876981e-13       0.000000000000e+00       7.314202072886e-17       5.219671725159e-17      -2.399266808752e-18 
 2598       8.455585273825e-12       4.248773935669e-13      -3.729979001922e-13       0.000000000000e+00       7.302491713448e-17       5.217054136182e-17      -2.396786902968e-18 
 2599       8.433333953015e-12       4.254879487139e-13      -3.783775274141e-13       0.000000000000e+00       7.290804571980e-17       5.214315395516e-17      -2.394596425736e-18 
 2600       8.411523880575e-12       4.260645166641e-13      -3.837890293072e-13       0.000000000000e+00       7.279140598269e-17       5.211458570249e-17      -2.392736113462e-18 
 2601       8.390155600556e-12       4.266066367035e-13      -3.892296572276e-13       0.000000000000e+00       7.267499741739e-17       5.208486737523e-17      -2.391246826331e-18 
 2602       8.369229656195e-12       4.271138468842e-13      -3.946966539360e-13       0.000000000000e+00       7.255881951455e-17       5.205402984544e-17      -2.390169548429e-18 
 2603       8.348746589903e-12       4.275856840234e-13      -4.001872535896e-13       0.000000000000e+00       7.244287176115e-17       5.202210408594e-17      -2.389545387859e-18 
 2604       8.328706943273e-12       4.280216837021e-13      -4.056986817335e-13       0.000000000000e+00       7.232715364059e-17       5.198912117036e-17      -2.389415576861e-18 
 2605       8.309111257070e-12       4.284213802639e-13      -4.112281552923e-13       0.000000000000e+00       7.221166463262e-17       5.195511227331e-17      -2.389821471929e-18 
 2606       8.289960071236e-12       4.287843068141e-13      -4.167728825624e-13       0.000000000000e+00       7.209640421333e-17       5.192010867041e-17      -2.390804553933e-18 
 2607       8.271253924884e-12       4.291099952187e-13      -4.223300632031e-13       0.000000000000e+00       7.198137185521e-17       5.188414173843e-17      -2.392406428231e-18 
 2608       8.252993356298e-12       4.293979761026e-13      -4.278968882285e-13       0.000000000000e+00       7.186656702708e-17       5.184724295536e-17      -2.394668824793e-18 
 2609       8.235178902934e-12       4.296477788493e-13      -4.334705399992e-13       0.000000000000e+00       7.175198919411e-17       5.180944390054e-17      -2.397633598319e-18 
 2610       8.217811101412e-12       4.298589315992e-13      -4.390481922142e-13       0.000000000000e+00       7.163763781783e-17       5.177077625473e-17      -2.401342728355e-18 
 2611       8.200889599423e-12       4.300310638000e-13      -4.446271350669e-13       0.000000000000e+00       7.152351233856e-17       5.173126969582e-17      -2.405820778479e-18 
 2612       8.184410485991e-12       4.301642144878e-13      -4.502051514986e-13       0.000000000000e+00       7.140961212259e-17       5.169094557266e-17      -2.411022166137e-18 
 2613       8.168368946232e-12       4.302585257324e-13      -4.557801430389e-13       0.000000000000e+00       7.129593651474e-17       5.164982319596e-17      -2.416883597310e-18 
 2614       8.152760148077e-12       4.303141402442e-13      -4.613500048264e-13       0.000000000000e+00       7.118248485582e-17       5.160792193949e-17      -2.423341580400e-18 
 2615       8.137579242250e-12       4.303312013748e-13      -4.669126256029e-13       0.000000000000e+00       7.106925648262e-17       5.156526124019e-17      -2.430332426037e-18 
 2616       8.122821362255e-12       4.303098531173e-13      -4.724658877069e-13       0.000000000000e+00       7.095625072795e-17       5.152186059819e-17      -2.437792246895e-18 
 2617       8.108481624356e-12       4.302502401072e-13      -4.780076670677e-13       0.000000000000e+00       7.084346692062e-17       5.147773957692e-17      -2.445656957496e-18 
 2618       8.094555127563e-12       4.301525076234e-13      -4.835358331996e-13       0.000000000000e+00       7.073090438539e-17       5.143291780310e-17      -2.453862274022e-18 
 2619       8.081036953610e-12       4.300168015883e-13      -4.890482491952e-13       0.000000000000e+00       7.061856244305e-17       5.138741496690e-17      -2.462343714125e-18 
 2620       8.067922166942e-12       4.298432685689e-13      -4.945427717198e-13       0.000000000000e+00       7.050644041033e-17       5.134125082190e-17      -2.471036596738e-18 
 2621       8.055205814697e-12       4.296320557773e-13      -5.000172510049e-13       0.000000000000e+00       7.039453759997e-17       5.129444518522e-17      -2.479876041882e-18 
 2622       8.042882926687e-12       4.293833110714e-13      -5.054695308426e-13       0.000000000000e+00       7.028285332063e-17       5.124701793758e-17      -2.488796970478e-18 
 2623       8.030948515381e-12       4.290971829557e-13      -5.108974485791e-13       0.000000000000e+00       7.017138687700e-17       5.119898902329e-17      -2.497734104156e-18 
 2624       8.019397575890e-12       4.287738205817e-13      -5.162988351088e-13       0.000000000000e+00       7.006013756966e-17       5.115037845041e-17      -2.506621965064e-18 
 2625       8.008225085947e-12       4.284133737488e-13      -5.216715148679e-13       0.000000000000e+00       6.994910469521e-17       5.110120629075e-17      -2.515394875680e-18 
 2626       7.997426005893e-12       4.280159929050e-13      -5.270133058289e-13       0.000000000000e+00       6.983828754615e-17       5.105149267994e-17      -2.523986958621e-18 
 2627       7.986995278655e-12       4.275818291475e-13      -5.323220194937e-13       0.000000000000e+00       6.972768541097e-17       5.100125781750e-17      -2.532332136452e-18 
 2628       7.976927829734e-12       4.271110342234e-13      -5.375954608885e-13       0.000000000000e+00       6.961729757405e-17       5.095052196689e-17      -2.540364131495e-18 
 2629       7.967218567185e-12       4.266037605302e-13      -5.428314285565e-13       0.000000000000e+00       6.950712331577e-17       5.089930545562e-17      -2.548016465642e-18 
 2630       7.957862381599e-12       4.260601611168e-13      -5.480277145531e-13       0.000000000000e+00       6.939716191238e-17       5.084762867522e-17      -2.555222460162e-18 
 2631       7.948854146087e-12       4.254803896840e-13      -5.531821044386e-13       0.000000000000e+00       6.928741263611e-17       5.079551208139e-17      -2.561915235511e-18 
 2632       7.940188716263e-12       4.248646005852e-13      -5.582923772730e-13       0.000000000000e+00       6.917787475508e-17       5.074297619400e-17      -2.568027711146e-18 
 2633       7.931860930227e-12       4.242129488269e-13      -5.633563056094e-13       0.000000000000e+00       6.906854753334e-17       5.069004159721e-17      -2.573492605327e-18 
 2634       7.923865608547e-12       4.235255900698e-13      -5.683716554882e-13       0.000000000000e+00       6.895943023086e-17       5.063672893947e-17      -2.578242434933e-18 
 2635       7.916197554240e-12       4.228026806290e-13      -5.733361864306e-13       0.000000000000e+00       6.885052210351e-17       5.058305893362e-17      -2.582209515272e-18 
 2636       7.908851552760e-12       4.220443774752e-13      -5.782476514331e-13       0.000000000000e+00       6.874182240307e-17       5.052905235694e-17      -2.585325959887e-18 
 2637       7.901822371974e-12       4.212508382348e-13      -5.831037969609e-13       0.000000000000e+00       6.863333037723e-17       5.047473005121e-17      -2.587523680367e-18 
 2638       7.895104762151e-12       4.204222211910e-13      -5.879023629419e-13       0.000000000000e+00       6.852504526954e-17       5.042011292278e-17      -2.588734386160e-18 
 2639       7.888693455940e-12       4.195586852842e-13      -5.926410827608e-13       0.000000000000e+00       6.841696631949e-17       5.036522194263e-17      -2.588889584378e-18 
 2640       7.882583168356e-12       4.186603901131e-13      -5.973176832529e-13       0.000000000000e+00       6.830909276243e-17       5.031007814642e-17      -2.587920579611e-18 
 2641       7.876768596760e-12       4.177274959348e-13      -6.019298846978e-13       0.000000000000e+00       6.820142382958e-17       5.025470263456e-17      -2.585758473734e-18 
 2642       7.871244420846e-12       4.167601636659e-13      -6.064754008137e-13       0.000000000000e+00       6.809395874807e-17       5.019911657227e-17      -2.582334165719e-18 
 2643       7.866005302619e-12       4.157585548830e-13      -6.109519387510e-13       0.000000000000e+00       6.798669674088e-17       5.014334118965e-17      -2.577578351442e-18 
 2644       7.861045886378e-12       4.147228318236e-13      -6.153571990862e-13       0.000000000000e+00       6.787963702686e-17       5.008739778172e-17      -2.571421523496e-18 
 2645       7.856360798705e-12       4.136531573864e-13      -6.196888758161e-13       0.000000000000e+00       6.777277882073e-17       5.003130770851e-17      -2.563793970999e-18 
 2646       7.851944648440e-12       4.125496951323e-13      -6.239446563514e-13       0.000000000000e+00       6.766612133307e-17       4.997509239511e-17      -2.554625779405e-18 
 2647       7.847792026668e-12       4.114126092848e-13      -6.281222215105e-13       0.000000000000e+00       6.755966377031e-17       4.991877333170e-17      -2.543846830311e-18 
 2648       7.843897506701e-12       4.102420647311e-13      -6.322192455140e-13       0.000000000000e+00       6.745340533473e-17       4.986237207367e-17      -2.531386801271e-18 
 2649       7.840255644060e-12       4.090382270224e-13      -6.362333959779e-13       0.000000000000e+00       6.734734522446e-17       4.980591024164e-17      -2.517175165602e-18 
 2650       7.836860762082e-12       4.078013231969e-13      -6.401626098144e-13       0.000000000000e+00       6.724148275210e-17       4.974940710523e-17      -2.501167296445e-18 
 2651       7.833706307477e-12       4.065318246154e-13      -6.440059226109e-13       0.000000000000e+00       6.713581770139e-17       4.969287231960e-17      -2.483422936921e-18 
 2652       7.830785491176e-12       4.052302651373e-13      -6.477626438217e-13       0.000000000000e+00       6.703034997248e-17       4.963631314892e-17      -2.464028163224e-18 
 2653       7.828091502360e-12       4.038971803922e-13      -6.514320812769e-13       0.000000000000e+00       6.692507946354e-17       4.957973687898e-17      -2.443069320008e-18 
 2654       7.825617508443e-12       4.025331077813e-13      -6.550135411804e-13       0.000000000000e+00       6.682000607068e-17       4.952315081730e-17      -2.420633020640e-18 
 2655       7.823356655051e-12       4.011385864790e-13      -6.585063281090e-13       0.000000000000e+00       6.671512968800e-17       4.946656229308e-17      -2.396806147463e-18 
 2656       7.821302065998e-12       3.997141574353e-13      -6.619097450106e-13       0.000000000000e+00       6.661045020758e-17       4.940997865723e-17      -2.371675852043e-18 
 2657       7.819446843267e-12       3.982603633765e-13      -6.652230932033e-13       0.000000000000e+00       6.650596751945e-17       4.935340728243e-17      -2.345329555430e-18 
 2658       7.817784066989e-12       3.967777488078e-13      -6.684456723735e-13       0.000000000000e+00       6.640168151161e-17       4.929685556311e-17      -2.317854948414e-18 
 2659       7.816306795423e-12       3.952668600145e-13      -6.715767805748e-13       0.000000000000e+00       6.629759207003e-17       4.924033091549e-17      -2.289339991778e-18 
 2660       7.815008064933e-12       3.937282450642e-13      -6.746157142269e-13       0.000000000000e+00       6.619369907865e-17       4.918384077759e-17      -2.259872916555e-18 
 2661       7.813880889969e-12       3.921624538077e-13      -6.775617681134e-13       0.000000000000e+00       6.609000241933e-17       4.912739260926e-17      -2.229542224284e-18 
 2662       7.812918263045e-12       3.905700378817e-13      -6.804142353814e-13       0.000000000000e+00       6.598650197194e-17       4.907099389218e-17      -2.198436687265e-18 
 2663       7.812113154719e-12       3.889515507098e-13      -6.831724075392e-13       0.000000000000e+00       6.588319761425e-17       4.901465212992e-17      -2.166645348816e-18 
 2664       7.811458513571e-12       3.873075475044e-13      -6.858355744555e-13       0.000000000000e+00       6.578008922202e-17       4.895837484792e-17      -2.134257523529e-18 
 2665       7.810947266184e-12       3.856385852686e-13      -6.884030243581e-13       0.000000000000e+00       6.567717666893e-17       4.890216959353e-17      -2.101362797521e-18 
 2666       7.810572317118e-12       3.839452227978e-13      -6.908740438319e-13       0.000000000000e+00       6.557445982663e-17       4.884604393602e-17      -2.068051028698e-18 
 2667       7.810326548898e-12       3.822280206813e-13      -6.932479178182e-13       0.000000000000e+00       6.547193856470e-17       4.879000546661e-17      -2.034412347002e-18 
 2668       7.810202821985e-12       3.804875413043e-13      -6.955239296128e-13       0.000000000000e+00       6.536961275065e-17       4.873406179849e-17      -2.000537154673e-18 
 2669       7.810193974758e-12       3.787243488492e-13      -6.977013608649e-13       0.000000000000e+00       6.526748224994e-17       4.867822056684e-17      -1.966516126503e-18 
 2670       7.810292823494e-12       3.769390092978e-13      -6.997794915756e-13       0.000000000000e+00       6.516554692598e-17       4.862248942884e-17      -1.932440210089e-18 
 2671       7.810492162347e-12       3.751320904325e-13      -7.017576000967e-13       0.000000000000e+00       6.506380664007e-17       4.856687606370e-17      -1.898400626095e-18 
 2672       7.810784763324e-12       3.733041618387e-13      -7.036349631290e-13       0.000000000000e+00       6.496226125149e-17       4.851138817268e-17      -1.864488868500e-18 
 2673       7.811163376269e-12       3.714557949056e-13      -7.054108557212e-13       0.000000000000e+00       6.486091061740e-17       4.845603347909e-17      -1.830796704858e-18 
 2674       7.811620728838e-12       3.695875628288e-13      -7.070845512684e-13       0.000000000000e+00       6.475975459292e-17       4.840081972836e-17      -1.797416176556e-18 
 2675       7.812149526481e-12       3.677000406114e-13      -7.086553215105e-13       0.000000000000e+00       6.465879303108e-17       4.834575468801e-17      -1.764439599063e-18 
 2676       7.812742452418e-12       3.657938050663e-13      -7.101224365315e-13       0.000000000000e+00       6.455802578283e-17       4.829084614768e-17      -1.731959562193e-18 
 2677       7.813392167622e-12       3.638694348172e-13      -7.114851647571e-13       0.000000000000e+00       6.445745269703e-17       4.823610191918e-17      -1.700068930356e-18 
 2678       7.814091310794e-12       3.619275103009e-13      -7.127427729543e-13       0.000000000000e+00       6.435707362046e-17       4.818152983647e-17      -1.668860842816e-18 
 2679       7.814832498345e-12       3.599686137686e-13      -7.138945262294e-13       0.000000000000e+00       6.425688839782e-17       4.812713775572e-17      -1.638428713943e-18 
 2680       7.815608324375e-12       3.579933292882e-13      -7.149396880268e-13       0.000000000000e+00       6.415689687170e-17       4.807293355530e-17      -1.608866233475e-18 
 2681       7.816411360650e-12       3.560022427453e-13      -7.158775201277e-13       0.000000000000e+00       6.405709888262e-17       4.801892513579e-17      -1.580267366769e-18 
 2682       7.817234156582e-12       3.539959418453e-13      -7.167072826485e-13       0.000000000000e+00       6.395749426899e-17       4.796512042005e-17      -1.552726355058e-18 
 2683       7.818069239211e-12       3.519750161153e-13      -7.174282340397e-13       0.000000000000e+00       6.385808286711e-17       4.791152735320e-17      -1.526337715707e-18 
 2684       7.818909113179e-12       3.499400569054e-13      -7.180396310843e-13       0.000000000000e+00       6.375886451121e-17       4.785815390265e-17      -1.501196242469e-18 
 2685       7.819746260712e-12       3.478916573906e-13      -7.185407288963e-13       0.000000000000e+00       6.365983903339e-17       4.780500805812e-17      -1.477397005738e-18 
 2686       7.820573141601e-12       3.458304125725e-13      -7.189307809199e-13       0.000000000000e+00       6.356100626366e-17       4.775209783166e-17      -1.455035352809e-18 
 2687       7.821382193176e-12       3.437569192813e-13      -7.192090389274e-13       0.000000000000e+00       6.346236602991e-17       4.769943125767e-17      -1.434206908132e-18 
 2688       7.822165830291e-12       3.416717761769e-13      -7.193747530181e-13       0.000000000000e+00       6.336391815792e-17       4.764701639294e-17      -1.415007573566e-18 
 2689       7.822916885871e-12       3.395755806282e-13      -7.194274322636e-13       0.000000000000e+00       6.326566240012e-17       4.759485587237e-17      -1.397503947468e-18 
 2690       7.823629935242e-12       3.374689193264e-13      -7.193676281956e-13       0.000000000000e+00       6.316759822148e-17       4.754293054386e-17      -1.381644405423e-18 
 2691       7.824299978976e-12       3.353523776239e-13      -7.191961555822e-13       0.000000000000e+00       6.306972501241e-17       4.749121574435e-17      -1.367347535769e-18 
 2692       7.824922002955e-12       3.332265426539e-13      -7.189138321716e-13       0.000000000000e+00       6.297204215995e-17       4.743968673594e-17      -1.354531676550e-18 
 2693       7.825490978360e-12       3.310920033327e-13      -7.185214786951e-13       0.000000000000e+00       6.287454904774e-17       4.738831870580e-17      -1.343114915284e-18 
 2694       7.826001861657e-12       3.289493503608e-13      -7.180199188704e-13       0.000000000000e+00       6.277724505602e-17       4.733708676609e-17      -1.333015088727e-18 
 2695       7.826449594585e-12       3.267991762250e-13      -7.174099794038e-13       0.000000000000e+00       6.268012956161e-17       4.728596595391e-17      -1.324149782635e-18 
 2696       7.826829104139e-12       3.246420751998e-13      -7.166924899938e-13       0.000000000000e+00       6.258320193793e-17       4.723493123123e-17      -1.316436331535e-18 
 2697       7.827135302557e-12       3.224786433489e-13      -7.158682833338e-13       0.000000000000e+00       6.248646155498e-17       4.718395748480e-17      -1.309791818483e-18 
 2698       7.827363087311e-12       3.203094785273e-13      -7.149381951151e-13       0.000000000000e+00       6.238990777936e-17       4.713301952612e-17      -1.304133074834e-18 
 2699       7.827507341088e-12       3.181351803829e-13      -7.139030640297e-13       0.000000000000e+00       6.229353997423e-17       4.708209209132e-17      -1.299376680007e-18 
 2700       7.827562931777e-12       3.159563503578e-13      -7.127637317733e-13       0.000000000000e+00       6.219735749932e-17       4.703114984111e-17      -1.295438961245e-18 
 2701       7.827524712460e-12       3.137735916902e-13      -7.115210430485e-13       0.000000000000e+00       6.210135971096e-17       4.698016736072e-17      -1.292235993387e-18 
 2702       7.827387521393e-12       3.115875094161e-13      -7.101758455673e-13       0.000000000000e+00       6.200554596203e-17       4.692911915984e-17      -1.289683598628e-18 
 2703       7.827146181994e-12       3.093987103709e-13      -7.087289900543e-13       0.000000000000e+00       6.190991560196e-17       4.687797967251e-17      -1.287697346284e-18 
 2704       7.826795502832e-12       3.072078031912e-13      -7.071813302496e-13       0.000000000000e+00       6.181446797676e-17       4.682672325708e-17      -1.286192552560e-18 
 2705       7.826330277611e-12       3.050153983163e-13      -7.055337229118e-13       0.000000000000e+00       6.171920242900e-17       4.677532419613e-17      -1.285084280313e-18 
 2706       7.825745285156e-12       3.028221079897e-13      -7.037870278208e-13       0.000000000000e+00       6.162411829779e-17       4.672375669641e-17      -1.284287338818e-18 
 2707       7.825035289400e-12       3.006285462612e-13      -7.019421077807e-13       0.000000000000e+00       6.152921491878e-17       4.667199488877e-17      -1.283716283531e-18 
 2708       7.824195039373e-12       2.984353289884e-13      -6.999998286232e-13       0.000000000000e+00       6.143449162419e-17       4.662001282806e-17      -1.283285415857e-18 
 2709       7.823219269183e-12       2.962430738380e-13      -6.979610592099e-13       0.000000000000e+00       6.133994774276e-17       4.656778449310e-17      -1.282908782911e-18 
 2710       7.822102698008e-12       2.940524002882e-13      -6.958266714357e-13       0.000000000000e+00       6.124558259979e-17       4.651528378659e-17      -1.282500177289e-18 
 2711       7.820840030078e-12       2.918639296296e-13      -6.935975402313e-13       0.000000000000e+00       6.115139551709e-17       4.646248453503e-17      -1.281973136824e-18 
 2712       7.819425954665e-12       2.896782849672e-13      -6.912745435667e-13       0.000000000000e+00       6.105738581300e-17       4.640936048868e-17      -1.281240944362e-18 
 2713       7.817855146066e-12       2.874960912224e-13      -6.888585624539e-13       0.000000000000e+00       6.096355280242e-17       4.635588532147e-17      -1.280216627517e-18 
 2714       7.816122263592e-12       2.853179751340e-13      -6.863504809495e-13       0.000000000000e+00       6.086989579673e-17       4.630203263092e-17      -1.278812958442e-18 
 2715       7.814221951554e-12       2.831445652603e-13      -6.837511861581e-13       0.000000000000e+00       6.077641410385e-17       4.624777593809e-17      -1.276942453593e-18 
 2716       7.812148839248e-12       2.809764919807e-13      -6.810615682351e-13       0.000000000000e+00       6.068310702823e-17       4.619308868751e-17      -1.274517373491e-18 
 2717       7.809897540944e-12       2.788143874973e-13      -6.782825203896e-13       0.000000000000e+00       6.058997387079e-17       4.613794424709e-17      -1.271449722492e-18 
 2718       7.807462655868e-12       2.766588858366e-13      -6.754149388873e-13       0.000000000000e+00       6.049701392900e-17       4.608231590806e-17      -1.267651248546e-18 
 2719       7.804838768195e-12       2.745106228512e-13      -6.724597230536e-13       0.000000000000e+00       6.040422649681e-17       4.602617688492e-17      -1.263033442968e-18 
 2720       7.802020447027e-12       2.723702362213e-13      -6.694177752763e-13       0.000000000000e+00       6.031161086467e-17       4.596950031534e-17      -1.257507540199e-18 
 2721       7.799002246387e-12       2.702383654566e-13      -6.662900010088e-13       0.000000000000e+00       6.021916631954e-17       4.591225926009e-17      -1.250984517572e-18 
 2722       7.795778705203e-12       2.681156518978e-13      -6.630773087728e-13       0.000000000000e+00       6.012689214485e-17       4.585442670300e-17      -1.243375095078e-18 
 2723       7.792344347291e-12       2.660027387184e-13      -6.597806101615e-13       0.000000000000e+00       6.003478762056e-17       4.579597555088e-17      -1.234589735128e-18 
 2724       7.788693681347e-12       2.639002709261e-13      -6.564008198421e-13       0.000000000000e+00       5.994285202306e-17       4.573687863341e-17      -1.224538642323e-18 
 2725       7.784821200929e-12       2.618088953648e-13      -6.529388555595e-13       0.000000000000e+00       5.985108462527e-17       4.567710870312e-17      -1.213131763215e-18 
 2726       7.780721384445e-12       2.597292607162e-13      -6.493956381384e-13       0.000000000000e+00       5.975948469656e-17       4.561663843532e-17      -1.200278786071e-18 
 2727       7.776388695141e-12       2.576620175011e-13      -6.457720914867e-13       0.000000000000e+00       5.966805150278e-17       4.555544042798e-17      -1.185889140644e-18 
 2728       7.771818347110e-12       2.556077647559e-13      -6.420692612587e-13       0.000000000000e+00       5.957678440435e-17       4.549348416578e-17      -1.169898892510e-18 
 2729       7.767008607849e-12       2.535668897441e-13      -6.382886715348e-13       0.000000000000e+00       5.948568315120e-17       4.543072689447e-17      -1.152351584320e-18 
 2730       7.761958508037e-12       2.515397273875e-13      -6.344319700622e-13       0.000000000000e+00       5.939474758940e-17       4.536712269736e-17      -1.133317828060e-18 
 2731       7.756667076632e-12       2.495266135143e-13      -6.305008097737e-13       0.000000000000e+00       5.930397756319e-17       4.530262552669e-17      -1.112868450081e-18 
 2732       7.751133340865e-12       2.475278848603e-13      -6.264968487922e-13       0.000000000000e+00       5.921337291501e-17       4.523718920350e-17      -1.091074491303e-18 
 2733       7.745356326247e-12       2.455438790692e-13      -6.224217504359e-13       0.000000000000e+00       5.912293348550e-17       4.517076741753e-17      -1.068007207409e-18 
 2734       7.739335056560e-12       2.435749346939e-13      -6.182771832228e-13       0.000000000000e+00       5.903265911344e-17       4.510331372706e-17      -1.043738069044e-18 
 2735       7.733068553861e-12       2.416213911969e-13      -6.140648208758e-13       0.000000000000e+00       5.894254963584e-17       4.503478155885e-17      -1.018338762016e-18 
 2736       7.726555838476e-12       2.396835889513e-13      -6.097863423276e-13       0.000000000000e+00       5.885260488783e-17       4.496512420798e-17      -9.918811874922e-19 
 2737       7.719795929004e-12       2.377618692416e-13      -6.054434317252e-13       0.000000000000e+00       5.876282470277e-17       4.489429483774e-17      -9.644374621970e-19 
 2738       7.712787842311e-12       2.358565742647e-13      -6.010377784352e-13       0.000000000000e+00       5.867320891215e-17       4.482224647950e-17      -9.360799186128e-19 
 2739       7.705530593533e-12       2.339680471301e-13      -5.965710770483e-13       0.000000000000e+00       5.858375734564e-17       4.474893203261e-17      -9.068811051772e-19 
 2740       7.698023196071e-12       2.320966318615e-13      -5.920450273843e-13       0.000000000000e+00       5.849446983110e-17       4.467430426430e-17      -8.769137864814e-19 
 2741       7.690264661591e-12       2.302426733969e-13      -5.874613344971e-13       0.000000000000e+00       5.840534619452e-17       4.459831580948e-17      -8.462509434689e-19 
 2742       7.682254000026e-12       2.284065175899e-13      -5.828217086792e-13       0.000000000000e+00       5.831638626008e-17       4.452091917074e-17      -8.149657736340e-19 
 2743       7.673990219568e-12       2.265885112101e-13      -5.781278654668e-13       0.000000000000e+00       5.822758985011e-17       4.444206671811e-17      -7.831316912205e-19 
 2744       7.665472326675e-12       2.247890019444e-13      -5.733815256447e-13       0.000000000000e+00       5.813895678511e-17       4.436171068904e-17      -7.508223274196e-19 
 2745       7.656699326061e-12       2.230083383974e-13      -5.685844152510e-13       0.000000000000e+00       5.805048688372e-17       4.427980318821e-17      -7.181115305690e-19 
 2746       7.647670220703e-12       2.212468700924e-13      -5.637382655819e-13       0.000000000000e+00       5.796217996275e-17       4.419629618746e-17      -6.850733663513e-19 
 2747       7.638384011834e-12       2.195049474718e-13      -5.588448131968e-13       0.000000000000e+00       5.787403583714e-17       4.411114152564e-17      -6.517821179921e-19 
 2748       7.628839698943e-12       2.177829218988e-13      -5.539057999230e-13       0.000000000000e+00       5.778605432002e-17       4.402429090850e-17      -6.183122864590e-19 
 2749       7.619036279776e-12       2.160811456572e-13      -5.489229728605e-13       0.000000000000e+00       5.769823522262e-17       4.393569590859e-17      -5.847385906597e-19 
 2750       7.608972750334e-12       2.143999719528e-13      -5.438980843869e-13       0.000000000000e+00       5.761057835436e-17       4.384530796510e-17      -5.511359676407e-19 
 2751       7.598648104868e-12       2.127397549142e-13      -5.388328921625e-13       0.000000000000e+00       5.752308352277e-17       4.375307838377e-17      -5.175795727857e-19 
 2752       7.588061335883e-12       2.111008495932e-13      -5.337291591345e-13       0.000000000000e+00       5.743575053354e-17       4.365895833680e-17      -4.841447800144e-19 
 2753       7.577211434134e-12       2.094836119662e-13      -5.285886535427e-13       0.000000000000e+00       5.734857919050e-17       4.356289886264e-17      -4.509071819804e-19 
 2754       7.566097388626e-12       2.078883989343e-13      -5.234131489237e-13       0.000000000000e+00       5.726156929561e-17       4.346485086597e-17      -4.179425902702e-19 
 2755       7.554718186610e-12       2.063155683247e-13      -5.182044241160e-13       0.000000000000e+00       5.717472064896e-17       4.336476511753e-17      -3.853270356015e-19 
 2756       7.543072813586e-12       2.047654788914e-13      -5.129642632649e-13       0.000000000000e+00       5.708803304878e-17       4.326259225400e-17      -3.531367680217e-19 
 2757       7.531160253298e-12       2.032384903156e-13      -5.076944558273e-13       0.000000000000e+00       5.700150629145e-17       4.315828277791e-17      -3.214482571066e-19 
 2758       7.518979487734e-12       2.017349632070e-13      -5.023967965764e-13       0.000000000000e+00       5.691514017144e-17       4.305178705747e-17      -2.903381921585e-19 
 2759       7.506529497128e-12       2.002552591043e-13      -4.970730856068e-13       0.000000000000e+00       5.682893448137e-17       4.294305532651e-17      -2.598834824049e-19 
 2760       7.493809259952e-12       1.987997404762e-13      -4.917251283393e-13       0.000000000000e+00       5.674288901199e-17       4.283203768434e-17      -2.301612571973e-19 
 2761       7.480817752920e-12       1.973687707221e-13      -4.863547355256e-13       0.000000000000e+00       5.665700355215e-17       4.271868409560e-17      -2.012488662090e-19 
 2762       7.467553950987e-12       1.959627141729e-13      -4.809637232532e-13       0.000000000000e+00       5.657127788884e-17       4.260294439017e-17      -1.732238796342e-19 
 2763       7.454016827344e-12       1.945819360917e-13      -4.755539129505e-13       0.000000000000e+00       5.648571180716e-17       4.248476826307e-17      -1.461640883863e-19 
 2764       7.440205353419e-12       1.932268026750e-13      -4.701271313913e-13       0.000000000000e+00       5.640030509032e-17       4.236410527430e-17      -1.201475042965e-19 
 2765       7.426118498876e-12       1.918976810530e-13      -4.646852106998e-13       0.000000000000e+00       5.631505751965e-17       4.224090484873e-17      -9.525236031187e-20 
 2766       7.411755231613e-12       1.905949392907e-13      -4.592299883556e-13       0.000000000000e+00       5.622996887460e-17       4.211511627602e-17      -7.155711069441e-20 
 2767       7.397115157774e-12       1.893188788211e-13      -4.537632503280e-13       0.000000000000e+00       5.614503891464e-17       4.198672137990e-17      -4.911961547747e-20 
 2768       7.382200445473e-12       1.880695313528e-13      -4.482865601409e-13       0.000000000000e+00       5.606026732499e-17       4.185583271546e-17      -2.791457307342e-20 
 2769       7.367013911251e-12       1.868468608889e-13      -4.428014289133e-13       0.000000000000e+00       5.597565377061e-17       4.172259589134e-17      -7.895756910688e-21 
 2770       7.351558380992e-12       1.856508311968e-13      -4.373093721508e-13       0.000000000000e+00       5.589119791425e-17       4.158715694795e-17       1.098319902735e-20 
 2771       7.335836689936e-12       1.844814058082e-13      -4.318119097499e-13       0.000000000000e+00       5.580689941646e-17       4.144966235779e-17       2.876880032994e-20 
 2772       7.319851682687e-12       1.833385480186e-13      -4.263105660021e-13       0.000000000000e+00       5.572275793554e-17       4.131025902590e-17       4.550769228662e-20 
 2773       7.303606213220e-12       1.822222208871e-13      -4.208068695974e-13       0.000000000000e+00       5.563877312761e-17       4.116909429021e-17       6.124666001486e-20 
 2774       7.287103144891e-12       1.811323872361e-13      -4.153023536286e-13       0.000000000000e+00       5.555494464655e-17       4.102631592196e-17       7.603262858769e-20 
 2775       7.270345350447e-12       1.800690096513e-13      -4.097985555952e-13       0.000000000000e+00       5.547127214401e-17       4.088207212607e-17       8.991266316137e-20 
 2776       7.253335712032e-12       1.790320504808e-13      -4.042970174074e-13       0.000000000000e+00       5.538775526942e-17       4.073651154155e-17       1.029339691030e-19 
 2777       7.236077121200e-12       1.780214718359e-13      -3.987992853900e-13       0.000000000000e+00       5.530439367000e-17       4.058978324189e-17       1.151438921181e-19 
 2778       7.218572478917e-12       1.770372355897e-13      -3.933069102863e-13       0.000000000000e+00       5.522118699071e-17       4.044203673546e-17       1.265899183785e-19 
 2779       7.200824695578e-12       1.760793033777e-13      -3.878214472621e-13       0.000000000000e+00       5.513813487429e-17       4.029342196588e-17       1.373196746495e-19 
 2780       7.182836691010e-12       1.751476365971e-13      -3.823444559099e-13       0.000000000000e+00       5.505523696125e-17       4.014408931242e-17       1.473809284182e-19 
 2781       7.164611394482e-12       1.742421964067e-13      -3.768775002524e-13       0.000000000000e+00       5.497249288985e-17       3.999418959042e-17       1.568215880204e-19 
 2782       7.146151744714e-12       1.733629437268e-13      -3.714221487470e-13       0.000000000000e+00       5.488990229612e-17       3.984387405166e-17       1.656897027688e-19 
 2783       7.127460689889e-12       1.725098392385e-13      -3.659799742891e-13       0.000000000000e+00       5.480746481383e-17       3.969329438473e-17       1.740334630803e-19 
 2784       7.108541187655e-12       1.716828433838e-13      -3.605525542168e-13       0.000000000000e+00       5.472518007453e-17       3.954260271548e-17       1.819012006039e-19 
 2785       7.089396205140e-12       1.708819163655e-13      -3.551414703143e-13       0.000000000000e+00       5.464304770749e-17       3.939195160735e-17       1.893413883481e-19 
 2786       7.070028718957e-12       1.701070181463e-13      -3.497483088161e-13       0.000000000000e+00       5.456106733977e-17       3.924149406184e-17       1.964026408087e-19 
 2787       7.050441715217e-12       1.693581084493e-13      -3.443746604111e-13       0.000000000000e+00       5.447923859613e-17       3.909138351880e-17       2.031337140964e-19 
 2788       7.030638189531e-12       1.686351467572e-13      -3.390221202461e-13       0.000000000000e+00       5.439756109912e-17       3.894177385692e-17       2.095835060645e-19 
 2789       7.010621147026e-12       1.679380923125e-13      -3.336922879302e-13       0.000000000000e+00       5.431603446899e-17       3.879281939406e-17       2.158010564363e-19 
 2790       6.990393602349e-12       1.672669041167e-13      -3.283867675386e-13       0.000000000000e+00       5.423465832376e-17       3.864467488769e-17       2.218355469330e-19 
 2791       6.969958579678e-12       1.666215409306e-13      -3.231071676166e-13       0.000000000000e+00       5.415343227918e-17       3.849749553522e-17       2.277363014013e-19 
 2792       6.949319112730e-12       1.660019612737e-13      -3.178551011835e-13       0.000000000000e+00       5.407235594873e-17       3.835143697448e-17       2.335527859410e-19 
 2793       6.928478244769e-12       1.654081234239e-13      -3.126321857365e-13       0.000000000000e+00       5.399142894363e-17       3.820665528401e-17       2.393346090325e-19 
 2794       6.907439028617e-12       1.648399854176e-13      -3.074400432551e-13       0.000000000000e+00       5.391065087281e-17       3.806330698356e-17       2.451315216647e-19 
 2795       6.886204526661e-12       1.642975050491e-13      -3.022803002042e-13       0.000000000000e+00       5.383002134295e-17       3.792154903438e-17       2.509934174625e-19 
 2796       6.864777810863e-12       1.637806398706e-13      -2.971545875390e-13       0.000000000000e+00       5.374953995844e-17       3.778153883970e-17       2.569703328144e-19 
 2797       6.843161962766e-12       1.632893471918e-13      -2.920645407084e-13       0.000000000000e+00       5.366920632141e-17       3.764343424507e-17       2.631124470002e-19 
 2798       6.821360073507e-12       1.628235840795e-13      -2.870117996590e-13       0.000000000000e+00       5.358902003169e-17       3.750739353877e-17       2.694700823188e-19 
 2799       6.799375243823e-12       1.623833073577e-13      -2.819980088394e-13       0.000000000000e+00       5.350898068683e-17       3.737357545219e-17       2.760937042154e-19 
 2800       6.777210584060e-12       1.619684736072e-13      -2.770248172038e-13       0.000000000000e+00       5.342908788212e-17       3.724213916025e-17       2.830339214096e-19 
 2801       6.754869214182e-12       1.615790391652e-13      -2.720938782160e-13       0.000000000000e+00       5.334934121053e-17       3.711324428178e-17       2.903414860228e-19 
 2802       6.732354263781e-12       1.612149601252e-13      -2.672068498535e-13       0.000000000000e+00       5.326974026275e-17       3.698705087989e-17       2.980672937059e-19 
 2803       6.709668872084e-12       1.608761923366e-13      -2.623653946115e-13       0.000000000000e+00       5.319028462719e-17       3.686371946239e-17       3.062623837670e-19 
 2804       6.686816187963e-12       1.605626914049e-13      -2.575711795068e-13       0.000000000000e+00       5.311097388996e-17       3.674341098218e-17       3.149779392989e-19 
 2805       6.663799369943e-12       1.602744126907e-13      -2.528258760816e-13       0.000000000000e+00       5.303180763486e-17       3.662628683764e-17       3.242652873069e-19 
 2806       6.640621815477e-12       1.600112653517e-13      -2.481309904254e-13       0.000000000000e+00       5.295278546059e-17       3.651245536188e-17       3.341629601129e-19 
 2807       6.617287850061e-12       1.597729742051e-13      -2.434873522633e-13       0.000000000000e+00       5.287390703246e-17       3.640181098457e-17       3.446578055364e-19 
 2808       6.593802041735e-12       1.595592171434e-13      -2.388956232089e-13       0.000000000000e+00       5.279517203089e-17       3.629419423145e-17       3.557236739921e-19 
 2809       6.570168972152e-12       1.593696710265e-13      -2.343564665060e-13       0.000000000000e+00       5.271658013433e-17       3.618944515880e-17       3.673343387093e-19 
 2810       6.546393236594e-12       1.592040116807e-13      -2.298705470295e-13       0.000000000000e+00       5.263813101918e-17       3.608740335299e-17       3.794634956625e-19 
 2811       6.522479443983e-12       1.590619138978e-13      -2.254385312873e-13       0.000000000000e+00       5.255982435986e-17       3.598790793012e-17       3.920847635018e-19 
 2812       6.498432216890e-12       1.589430514339e-13      -2.210610874213e-13       0.000000000000e+00       5.248165982875e-17       3.589079753552e-17       4.051716834834e-19 
 2813       6.474256191555e-12       1.588470970086e-13      -2.167388852088e-13       0.000000000000e+00       5.240363709620e-17       3.579591034339e-17       4.186977194003e-19 
 2814       6.449956017892e-12       1.587737223044e-13      -2.124725960642e-13       0.000000000000e+00       5.232575583056e-17       3.570308405634e-17       4.326362575124e-19 
 2815       6.425536359503e-12       1.587225979651e-13      -2.082628930401e-13       0.000000000000e+00       5.224801569813e-17       3.561215590499e-17       4.469606064776e-19 
 2816       6.401001893694e-12       1.586933935952e-13      -2.041104508284e-13       0.000000000000e+00       5.217041636320e-17       3.552296264754e-17       4.616439972819e-19 
 2817       6.376357311483e-12       1.586857777590e-13      -2.000159457624e-13       0.000000000000e+00       5.209295748803e-17       3.543534056934e-17       4.766595831698e-19 
 2818       6.351607317612e-12       1.586994179796e-13      -1.959800558175e-13       0.000000000000e+00       5.201563873283e-17       3.534912548248e-17       4.919804395755e-19 
 2819       6.326756630564e-12       1.587339807378e-13      -1.920034606130e-13       0.000000000000e+00       5.193845975580e-17       3.526415272537e-17       5.075795640525e-19 
 2820       6.301809982571e-12       1.587891314712e-13      -1.880868414130e-13       0.000000000000e+00       5.186142021308e-17       3.518025716228e-17       5.234298762048e-19 
 2821       6.276772119627e-12       1.588645345734e-13      -1.842308811284e-13       0.000000000000e+00       5.178451975879e-17       3.509727318298e-17       5.395042176172e-19 
 2822       6.251647801502e-12       1.589598533929e-13      -1.804362643178e-13       0.000000000000e+00       5.170775804499e-17       3.501503470226e-17       5.557753517857e-19 
 2823       6.226441801753e-12       1.590747502322e-13      -1.767036771890e-13       0.000000000000e+00       5.163113472171e-17       3.493337515956e-17       5.722159640481e-19 
 2824       6.201158907735e-12       1.592088863468e-13      -1.730338076004e-13       0.000000000000e+00       5.155464943694e-17       3.485212751849e-17       5.887986615145e-19 
 2825       6.175803920615e-12       1.593619219445e-13      -1.694273450623e-13       0.000000000000e+00       5.147830183662e-17       3.477112426646e-17       6.054959729981e-19 
 2826       6.150381655387e-12       1.595335161838e-13      -1.658849807386e-13       0.000000000000e+00       5.140209156461e-17       3.469019741422e-17       6.222803489452e-19 
 2827       6.124896940877e-12       1.597233271737e-13      -1.624074074475e-13       0.000000000000e+00       5.132601826277e-17       3.460917849546e-17       6.391241613660e-19 
 2828       6.099354619762e-12       1.599310119724e-13      -1.589953196636e-13       0.000000000000e+00       5.125008157086e-17       3.452789856638e-17       6.559997037652e-19 
 2829       6.073759548579e-12       1.601562265863e-13      -1.556494135187e-13       0.000000000000e+00       5.117428112660e-17       3.444618820526e-17       6.728791910722e-19 
 2830       6.048116597739e-12       1.603986259690e-13      -1.523703868036e-13       0.000000000000e+00       5.109861656567e-17       3.436387751207e-17       6.897347595720e-19 
 2831       6.022430651537e-12       1.606578640207e-13      -1.491589389693e-13       0.000000000000e+00       5.102308752167e-17       3.428079610799e-17       7.065384668356e-19 
 2832       5.996706608166e-12       1.609335935869e-13      -1.460157711281e-13       0.000000000000e+00       5.094769362613e-17       3.419677313505e-17       7.232622916501e-19 
 2833       5.970949379730e-12       1.612254664575e-13      -1.429415860556e-13       0.000000000000e+00       5.087243450852e-17       3.411163725565e-17       7.398781339500e-19 
 2834       5.945163892254e-12       1.615331333659e-13      -1.399370881915e-13       0.000000000000e+00       5.079730979627e-17       3.402521665219e-17       7.563578147468e-19 
 2835       5.919355085698e-12       1.618562439881e-13      -1.370029836411e-13       0.000000000000e+00       5.072231911469e-17       3.393733902661e-17       7.726730760605e-19 
 2836       5.893527913968e-12       1.621944469417e-13      -1.341399801769e-13       0.000000000000e+00       5.064746208707e-17       3.384783159999e-17       7.887955808492e-19 
 2837       5.867687344930e-12       1.625473897850e-13      -1.313487872399e-13       0.000000000000e+00       5.057273833458e-17       3.375652111212e-17       8.046969129403e-19 
 2838       5.841838360421e-12       1.629147190158e-13      -1.286301159406e-13       0.000000000000e+00       5.049814747635e-17       3.366323382105e-17       8.203485769604e-19 
 2839       5.815985956261e-12       1.632960800708e-13      -1.259846790609e-13       0.000000000000e+00       5.042368912942e-17       3.356779550274e-17       8.357219982666e-19 
 2840       5.790135142267e-12       1.636911173244e-13      -1.234131910552e-13       0.000000000000e+00       5.034936290874e-17       3.347003145054e-17       8.507885228761e-19 
 2841       5.764290942263e-12       1.640994740880e-13      -1.209163680517e-13       0.000000000000e+00       5.027516842718e-17       3.336976647487e-17       8.655194173976e-19 
 2842       5.738458394095e-12       1.645207926085e-13      -1.184949278541e-13       0.000000000000e+00       5.020110529554e-17       3.326682490271e-17       8.798858689611e-19 
 2843       5.712642549639e-12       1.649547140680e-13      -1.161495899424e-13       0.000000000000e+00       5.012717312252e-17       3.316103057723e-17       8.938589851488e-19 
 2844       5.686848474818e-12       1.654008785826e-13      -1.138810754751e-13       0.000000000000e+00       5.005337151472e-17       3.305220685734e-17       9.074097939255e-19 
 2845       5.661081004601e-12       1.658589206029e-13      -1.116899242237e-13       0.000000000000e+00       4.997970012492e-17       3.294023070780e-17       9.205152996983e-19 
 2846       5.635344006600e-12       1.663284550919e-13      -1.095759443479e-13       0.000000000000e+00       4.990615879697e-17       3.282519527445e-17       9.331766856935e-19 
 2847       5.609641113710e-12       1.668090912743e-13      -1.075387597908e-13       0.000000000000e+00       4.983274742165e-17       3.270724814503e-17       9.454012051435e-19 
 2848       5.583975968776e-12       1.673004372271e-13      -1.055779930869e-13       0.000000000000e+00       4.975946588843e-17       3.258653733507e-17       9.571961336881e-19 
 2849       5.558352224612e-12       1.678020998790e-13      -1.036932653603e-13       0.000000000000e+00       4.968631408551e-17       3.246321128826e-17       9.685687693951e-19 
 2850       5.532773544001e-12       1.683136850089e-13      -1.018841963234e-13       0.000000000000e+00       4.961329189979e-17       3.233741887683e-17       9.795264327804e-19 
 2851       5.507243599710e-12       1.688347972452e-13      -1.001504042758e-13       0.000000000000e+00       4.954039921689e-17       3.220930940193e-17       9.900764668282e-19 
 2852       5.481766074493e-12       1.693650400646e-13      -9.849150610270e-14       0.000000000000e+00       4.946763592114e-17       3.207903259401e-17       1.000226237011e-18 
 2853       5.456344661104e-12       1.699040157914e-13      -9.690711727386e-14       0.000000000000e+00       4.939500189558e-17       3.194673861321e-17       1.009983131312e-18 
 2854       5.430983062305e-12       1.704513255960e-13      -9.539685184190e-14       0.000000000000e+00       4.932249702196e-17       3.181257804972e-17       1.019354560241e-18 
 2855       5.405684990871e-12       1.710065694942e-13      -9.396032244121e-14       0.000000000000e+00       4.925012118074e-17       3.167670192416e-17       1.028347956858e-18 
 2856       5.380454169604e-12       1.715693463462e-13      -9.259714028649e-14       0.000000000000e+00       4.917787425106e-17       3.153926168799e-17       1.036970776794e-18 
 2857       5.355294331339e-12       1.721392538553e-13      -9.130691517149e-14       0.000000000000e+00       4.910575611080e-17       3.140040922385e-17       1.045230498269e-18 
 2858       5.330209218949e-12       1.727158885672e-13      -9.008925546761e-14       0.000000000000e+00       4.903376663652e-17       3.126029684596e-17       1.053134622113e-18 
 2859       5.305202585363e-12       1.732988458687e-13      -8.894376812257e-14       0.000000000000e+00       4.896190570348e-17       3.111907730050e-17       1.060690671788e-18 
 2860       5.280278193565e-12       1.738877199870e-13      -8.787005865909e-14       0.000000000000e+00       4.889017318564e-17       3.097690376597e-17       1.067906193404e-18 
 2861       5.255439816608e-12       1.744821039885e-13      -8.686773117353e-14       0.000000000000e+00       4.881856895567e-17       3.083392985360e-17       1.074788755746e-18 
 2862       5.230691237621e-12       1.750815897774e-13      -8.593638833456e-14       0.000000000000e+00       4.874709288493e-17       3.069030960772e-17       1.081345950286e-18 
 2863       5.206036249818e-12       1.756857680956e-13      -8.507563138180e-14       0.000000000000e+00       4.867574484346e-17       3.054619750610e-17       1.087585391212e-18 
 2864       5.181478656506e-12       1.762942285206e-13      -8.428506012449e-14       0.000000000000e+00       4.860452470002e-17       3.040174846040e-17       1.093514715439e-18 
 2865       5.157022271095e-12       1.769065594655e-13      -8.356427294018e-14       0.000000000000e+00       4.853343232203e-17       3.025711781648e-17       1.099141582640e-18 
 2866       5.132670917107e-12       1.775223481771e-13      -8.291286677333e-14       0.000000000000e+00       4.846246757562e-17       3.011246135483e-17       1.104473675254e-18 
 2867       5.108428428180e-12       1.781411807354e-13      -8.233043713399e-14       0.000000000000e+00       4.839163032562e-17       2.996793529092e-17       1.109518698519e-18 
 2868       5.084298648084e-12       1.787626420525e-13      -8.181657809651e-14       0.000000000000e+00       4.832092043552e-17       2.982369627559e-17       1.114284380480e-18 
 2869       5.060285430724e-12       1.793863158714e-13      -8.137088229811e-14       0.000000000000e+00       4.825033776750e-17       2.967990139543e-17       1.118778472020e-18 
 2870       5.036392640150e-12       1.800117847653e-13      -8.099294093761e-14       0.000000000000e+00       4.817988218245e-17       2.953670817315e-17       1.123008746874e-18 
 2871       5.012624150567e-12       1.806386301362e-13      -8.068234377406e-14       0.000000000000e+00       4.810955353992e-17       2.939427456799e-17       1.126983001649e-18 
 2872       4.988983846342e-12       1.812664322140e-13      -8.043867912539e-14       0.000000000000e+00       4.803935169814e-17       2.925275897604e-17       1.130709055848e-18 
 2873       4.965475622015e-12       1.818947700557e-13      -8.026153386709e-14       0.000000000000e+00       4.796927651403e-17       2.911232023068e-17       1.134194751888e-18 
 2874       4.942103382303e-12       1.825232215443e-13      -8.015049343086e-14       0.000000000000e+00       4.789932784319e-17       2.897311760293e-17       1.137447955120e-18 
 2875       4.918871042116e-12       1.831513633873e-13      -8.010514180327e-14       0.000000000000e+00       4.782950553988e-17       2.883531080183e-17       1.140476553850e-18 
 2876       4.895782526557e-12       1.837787711165e-13      -8.012506152441e-14       0.000000000000e+00       4.775980945706e-17       2.869905997482e-17       1.143288459360e-18 
 2877       4.872841770938e-12       1.844050190863e-13      -8.020983368657e-14       0.000000000000e+00       4.769023944634e-17       2.856452570813e-17       1.145891605927e-18 
 2878       4.850052720784e-12       1.850296804730e-13      -8.035903793286e-14       0.000000000000e+00       4.762079535801e-17       2.843186902715e-17       1.148293950842e-18 
 2879       4.827419331843e-12       1.856523272736e-13      -8.057225245591e-14       0.000000000000e+00       4.755147704105e-17       2.830125139679e-17       1.150503474435e-18 
 2880       4.804945570098e-12       1.862725303052e-13      -8.084905399652e-14       0.000000000000e+00       4.748228434308e-17       2.817283472192e-17       1.152528180090e-18 
 2881       4.782635411768e-12       1.868898592032e-13      -8.118901784229e-14       0.000000000000e+00       4.741321711040e-17       2.804678134767e-17       1.154376094267e-18 
 2882       4.760492843325e-12       1.875038824211e-13      -8.159171782633e-14       0.000000000000e+00       4.734427518799e-17       2.792325405986e-17       1.156055266524e-18 
 2883       4.738521861497e-12       1.881141672291e-13      -8.205672632585e-14       0.000000000000e+00       4.727545841947e-17       2.780241608539e-17       1.157573769537e-18 
 2884       4.716726054465e-12       1.887203062266e-13      -8.258352961011e-14       0.000000000000e+00       4.720676661702e-17       2.768439533954e-17       1.158939385063e-18 
 2885       4.695107343110e-12       1.893219970308e-13      -8.317127341709e-14       0.000000000000e+00       4.713819947083e-17       2.756917696893e-17       1.160158660056e-18 
 2886       4.673667233389e-12       1.899189629907e-13      -8.381901608205e-14       0.000000000000e+00       4.706975663917e-17       2.745671026367e-17       1.161237845802e-18 
 2887       4.652407234574e-12       1.905109267100e-13      -8.452581306847e-14       0.000000000000e+00       4.700143777847e-17       2.734694436063e-17       1.162183211549e-18 
 2888       4.631328859253e-12       1.910976100460e-13      -8.529071696541e-14       0.000000000000e+00       4.693324254330e-17       2.723982824337e-17       1.163001044528e-18 
 2889       4.610433623332e-12       1.916787341093e-13      -8.611277748498e-14       0.000000000000e+00       4.686517058641e-17       2.713531074196e-17       1.163697649966e-18 
 2890       4.589723046038e-12       1.922540192630e-13      -8.699104145980e-14       0.000000000000e+00       4.679722155868e-17       2.703334053284e-17       1.164279351100e-18 
 2891       4.569198649923e-12       1.928231851222e-13      -8.792455284040e-14       0.000000000000e+00       4.672939510914e-17       2.693386613874e-17       1.164752489196e-18 
 2892       4.548861960865e-12       1.933859505531e-13      -8.891235269268e-14       0.000000000000e+00       4.666169088498e-17       2.683683592845e-17       1.165123423564e-18 
 2893       4.528714508070e-12       1.939420336726e-13      -8.995347919535e-14       0.000000000000e+00       4.659410853153e-17       2.674219811679e-17       1.165398531573e-18 
 2894       4.508757824078e-12       1.944911518475e-13      -9.104696763734e-14       0.000000000000e+00       4.652664769227e-17       2.664990076438e-17       1.165584208666e-18 
 2895       4.488993444760e-12       1.950330216942e-13      -9.219185041529e-14       0.000000000000e+00       4.645930800879e-17       2.655989177757e-17       1.165686868377e-18 
 2896       4.469422909328e-12       1.955673590775e-13      -9.338715703092e-14       0.000000000000e+00       4.639208912088e-17       2.647211890826e-17       1.165712942348e-18 
 2897       4.450047760331e-12       1.960938791103e-13      -9.463191408854e-14       0.000000000000e+00       4.632499066640e-17       2.638652975379e-17       1.165668880340e-18 
 2898       4.430869543660e-12       1.966122961530e-13      -9.592514529243e-14       0.000000000000e+00       4.625801228140e-17       2.630307175680e-17       1.165561150256e-18 
 2899       4.411889808551e-12       1.971223238129e-13      -9.726587144431e-14       0.000000000000e+00       4.619115360004e-17       2.622169220507e-17       1.165396238150e-18 
 2900       4.393110107587e-12       1.976236749433e-13      -9.865311044075e-14       0.000000000000e+00       4.612441425461e-17       2.614233823143e-17       1.165180648245e-18 
 2901       4.374531996704e-12       1.981160616429e-13      -1.000858772707e-13       0.000000000000e+00       4.605779387554e-17       2.606495681356e-17       1.164920902950e-18 
 2902       4.356157035185e-12       1.985991952555e-13      -1.015631840126e-13       0.000000000000e+00       4.599129209138e-17       2.598949477392e-17       1.164623542876e-18 
 2903       4.337986785674e-12       1.990727863689e-13      -1.030840398326e-13       0.000000000000e+00       4.592490852882e-17       2.591589877958e-17       1.164295126849e-18 
 2904       4.320022814167e-12       1.995365448148e-13      -1.046474509808e-13       0.000000000000e+00       4.585864281266e-17       2.584411534206e-17       1.163942231928e-18 
 2905       4.302266690026e-12       1.999901796674e-13      -1.062524207899e-13       0.000000000000e+00       4.579249456583e-17       2.577409081725e-17       1.163571453420e-18 
 2906       4.284719985972e-12       2.004333992436e-13      -1.078979496718e-13       0.000000000000e+00       4.572646340937e-17       2.570577140523e-17       1.163189404896e-18 
 2907       4.267384278093e-12       2.008659111019e-13      -1.095830351155e-13       0.000000000000e+00       4.566054896246e-17       2.563910315015e-17       1.162802718206e-18 
 2908       4.250261145846e-12       2.012874220416e-13      -1.113066716842e-13       0.000000000000e+00       4.559475084239e-17       2.557403194009e-17       1.162418043497e-18 
 2909       4.233352172056e-12       2.016976381027e-13      -1.130678510131e-13       0.000000000000e+00       4.552906866455e-17       2.551050350693e-17       1.162042049224e-18 
 2910       4.216658942925e-12       2.020962645647e-13      -1.148655618065e-13       0.000000000000e+00       4.546350204245e-17       2.544846342619e-17       1.161681422171e-18 
 2911       4.200183048028e-12       2.024830059463e-13      -1.166987898354e-13       0.000000000000e+00       4.539805058772e-17       2.538785711694e-17       1.161342867466e-18 
 2912       4.183926080320e-12       2.028575660048e-13      -1.185665179350e-13       0.000000000000e+00       4.533271391010e-17       2.532862984160e-17       1.161033108591e-18 
 2913       4.167889636138e-12       2.032196477351e-13      -1.204677260021e-13       0.000000000000e+00       4.526749161742e-17       2.527072670588e-17       1.160758887407e-18 
 2914       4.152075315201e-12       2.035689533695e-13      -1.224013909923e-13       0.000000000000e+00       4.520238331563e-17       2.521409265858e-17       1.160526964160e-18 
 2915       4.136484720615e-12       2.039051843767e-13      -1.243664869178e-13       0.000000000000e+00       4.513738860879e-17       2.515867249146e-17       1.160344117505e-18 
 2916       4.121119458877e-12       2.042280414615e-13      -1.263619848446e-13       0.000000000000e+00       4.507250709905e-17       2.510441083915e-17       1.160217144516e-18 
 2917       4.105981139873e-12       2.045372245638e-13      -1.283868528901e-13       0.000000000000e+00       4.500773838665e-17       2.505125217897e-17       1.160152860707e-18 
 2918       4.091071376883e-12       2.048324328582e-13      -1.304400562204e-13       0.000000000000e+00       4.494308206995e-17       2.499914083081e-17       1.160158100041e-18 
 2919       4.076391786587e-12       2.051133647534e-13      -1.325205570478e-13       0.000000000000e+00       4.487853774540e-17       2.494802095698e-17       1.160239714951e-18 
 2920       4.061943989062e-12       2.053797178913e-13      -1.346273146281e-13       0.000000000000e+00       4.481410500753e-17       2.489783656211e-17       1.160404576356e-18 
 2921       4.047729607787e-12       2.056311891465e-13      -1.367592852584e-13       0.000000000000e+00       4.474978344897e-17       2.484853149295e-17       1.160659573671e-18 
 2922       4.033750269647e-12       2.058674746259e-13      -1.389154222741e-13       0.000000000000e+00       4.468557266046e-17       2.480004943830e-17       1.161011614832e-18 
 2923       4.020006923797e-12       2.060883261650e-13      -1.410946388833e-13       0.000000000000e+00       4.462147226011e-17       2.475233789114e-17       1.161464633777e-18 
 2924       4.006497794528e-12       2.062937211282e-13      -1.432956964710e-13       0.000000000000e+00       4.455748198156e-17       2.470536005713e-17       1.162010596515e-18 
 2925       3.993220418152e-12       2.064836934584e-13      -1.455173157297e-13       0.000000000000e+00       4.449360158631e-17       2.465908300550e-17       1.162638450029e-18 
 2926       3.980172323196e-12       2.066582772567e-13      -1.477582137694e-13       0.000000000000e+00       4.442983083440e-17       2.461347371212e-17       1.163337110679e-18 
 2927       3.967351030395e-12       2.068175067829e-13      -1.500171041142e-13       0.000000000000e+00       4.436616948444e-17       2.456849905937e-17       1.164095464177e-18 
 2928       3.954754052689e-12       2.069614164554e-13      -1.522926966993e-13       0.000000000000e+00       4.430261729361e-17       2.452412583612e-17       1.164902365560e-18 
 2929       3.942378895212e-12       2.070900408516e-13      -1.545836978678e-13       0.000000000000e+00       4.423917401763e-17       2.448032073761e-17       1.165746639165e-18 
 2930       3.930223055289e-12       2.072034147079e-13      -1.568888103679e-13       0.000000000000e+00       4.417583941080e-17       2.443705036536e-17       1.166617078603e-18 
 2931       3.918284022423e-12       2.073015729196e-13      -1.592067333495e-13       0.000000000000e+00       4.411261322598e-17       2.439428122714e-17       1.167502446730e-18 
 2932       3.906559278294e-12       2.073845505417e-13      -1.615361623612e-13       0.000000000000e+00       4.404949521455e-17       2.435197973683e-17       1.168391475623e-18 
 2933       3.895046296749e-12       2.074523827884e-13      -1.638757893473e-13       0.000000000000e+00       4.398648512650e-17       2.431011221437e-17       1.169272866554e-18 
 2934       3.883742543797e-12       2.075051050339e-13      -1.662243026448e-13       0.000000000000e+00       4.392358271031e-17       2.426864488567e-17       1.170135289962e-18 
 2935       3.872645477599e-12       2.075427528117e-13      -1.685803869800e-13       0.000000000000e+00       4.386078771306e-17       2.422754388255e-17       1.170967385428e-18 
 2936       3.861752548465e-12       2.075653618157e-13      -1.709427234657e-13       0.000000000000e+00       4.379809988036e-17       2.418677524264e-17       1.171757761648e-18 
 2937       3.851061198842e-12       2.075729678996e-13      -1.733099895980e-13       0.000000000000e+00       4.373551895636e-17       2.414630490929e-17       1.172494996409e-18 
 2938       3.840568863313e-12       2.075656070775e-13      -1.756808592533e-13       0.000000000000e+00       4.367304468379e-17       2.410609873150e-17       1.173167636558e-18 
 2939       3.830272968585e-12       2.075433155238e-13      -1.780540026851e-13       0.000000000000e+00       4.361067680387e-17       2.406612246385e-17       1.173764197980e-18 
 2940       3.820170933484e-12       2.075061295736e-13      -1.804280865211e-13       0.000000000000e+00       4.354841505642e-17       2.402634176642e-17       1.174273165571e-18 
 2941       3.810260168951e-12       2.074540857226e-13      -1.828017737597e-13       0.000000000000e+00       4.348625917976e-17       2.398672220468e-17       1.174682993209e-18 
 2942       3.800538078027e-12       2.073872206274e-13      -1.851737237675e-13       0.000000000000e+00       4.342420891078e-17       2.394722924944e-17       1.174982103732e-18 
 2943       3.791002055856e-12       2.073055711056e-13      -1.875425922757e-13       0.000000000000e+00       4.336226398490e-17       2.390782827674e-17       1.175158888908e-18 
 2944       3.781649489671e-12       2.072091741362e-13      -1.899070313775e-13       0.000000000000e+00       4.330042413605e-17       2.386848456782e-17       1.175201709411e-18 
 2945       3.772477758789e-12       2.070980668591e-13      -1.922656895245e-13       0.000000000000e+00       4.323868909675e-17       2.382916330898e-17       1.175098894793e-18 
 2946       3.763484234605e-12       2.069722865760e-13      -1.946172115239e-13       0.000000000000e+00       4.317705859800e-17       2.378982959153e-17       1.174838743459e-18 
 2947       3.754666280584e-12       2.068318707502e-13      -1.969602385356e-13       0.000000000000e+00       4.311553236938e-17       2.375044841170e-17       1.174409522640e-18 
 2948       3.746021252255e-12       2.066768570068e-13      -1.992934080687e-13       0.000000000000e+00       4.305411013896e-17       2.371098467058e-17       1.173799468369e-18 
 2949       3.737546497202e-12       2.065072831328e-13      -2.016153539786e-13       0.000000000000e+00       4.299279163337e-17       2.367140317402e-17       1.172996785451e-18 
 2950       3.729239355061e-12       2.063231870772e-13      -2.039247064641e-13       0.000000000000e+00       4.293157657776e-17       2.363166863253e-17       1.171989647438e-18 
 2951       3.721097157507e-12       2.061246069515e-13      -2.062200920640e-13       0.000000000000e+00       4.287046469580e-17       2.359174566125e-17       1.170766196605e-18 
 2952       3.713117228254e-12       2.059115810294e-13      -2.085001336543e-13       0.000000000000e+00       4.280945570969e-17       2.355159877983e-17       1.169314543920e-18 
 2953       3.705296883043e-12       2.056841477473e-13      -2.107634504448e-13       0.000000000000e+00       4.274854934015e-17       2.351119241235e-17       1.167622769022e-18 
 2954       3.697633429636e-12       2.054423457042e-13      -2.130086579763e-13       0.000000000000e+00       4.268774530644e-17       2.347049088726e-17       1.165678920191e-18 
 2955       3.690124167811e-12       2.051862136620e-13      -2.152343681176e-13       0.000000000000e+00       4.262704332632e-17       2.342945843729e-17       1.163471014324e-18 
 2956       3.682766389353e-12       2.049157905458e-13      -2.174391890619e-13       0.000000000000e+00       4.256644311607e-17       2.338805919936e-17       1.160987036906e-18 
 2957       3.675557378047e-12       2.046311154437e-13      -2.196217253242e-13       0.000000000000e+00       4.250594439052e-17       2.334625721451e-17       1.158214941987e-18 
 2958       3.668494409674e-12       2.043322276071e-13      -2.217805777381e-13       0.000000000000e+00       4.244554686296e-17       2.330401642783e-17       1.155142652155e-18 
 2959       3.661574752001e-12       2.040191664510e-13      -2.239143434526e-13       0.000000000000e+00       4.238525024526e-17       2.326130068834e-17       1.151758058509e-18 
 2960       3.654795664773e-12       2.036919715540e-13      -2.260216159292e-13       0.000000000000e+00       4.232505424774e-17       2.321807374895e-17       1.148049020630e-18 
 2961       3.648154399710e-12       2.033506826586e-13      -2.281009849387e-13       0.000000000000e+00       4.226495857929e-17       2.317429926637e-17       1.144003366561e-18 
 2962       3.641648878919e-12       2.029953246477e-13      -2.301513372825e-13       0.000000000000e+00       4.220496309365e-17       2.312994867665e-17       1.139611455023e-18 
 2963       3.635279733822e-12       2.026258623941e-13      -2.321727605880e-13       0.000000000000e+00       4.214506822950e-17       2.308502486457e-17       1.134873875967e-18 
 2964       3.629048276296e-12       2.022422456885e-13      -2.341656439762e-13       0.000000000000e+00       4.208527457254e-17       2.303953861116e-17       1.129793788053e-18 
 2965       3.622955821168e-12       2.018444242419e-13      -2.361303777442e-13       0.000000000000e+00       4.202558270939e-17       2.299350072868e-17       1.124374359861e-18 
 2966       3.617003686224e-12       2.014323476861e-13      -2.380673533661e-13       0.000000000000e+00       4.196599322754e-17       2.294692206067e-17       1.118618769905e-18 
 2967       3.611193192203e-12       2.010059655735e-13      -2.399769634942e-13       0.000000000000e+00       4.190650671536e-17       2.289981348197e-17       1.112530206643e-18 
 2968       3.605525662805e-12       2.005652273770e-13      -2.418596019599e-13       0.000000000000e+00       4.184712376210e-17       2.285218589877e-17       1.106111868481e-18 
 2969       3.600002424690e-12       2.001100824899e-13      -2.437156637747e-13       0.000000000000e+00       4.178784495790e-17       2.280405024858e-17       1.099366963787e-18 
 2970       3.594624807484e-12       1.996404802259e-13      -2.455455451315e-13       0.000000000000e+00       4.172867089379e-17       2.275541750033e-17       1.092298710894e-18 
 2971       3.589394143775e-12       1.991563698192e-13      -2.473496434051e-13       0.000000000000e+00       4.166960216166e-17       2.270629865433e-17       1.084910338113e-18 
 2972       3.584311769124e-12       1.986577004242e-13      -2.491283571539e-13       0.000000000000e+00       4.161063935430e-17       2.265670474235e-17       1.077205083743e-18 
 2973       3.579379022060e-12       1.981444211155e-13      -2.508820861203e-13       0.000000000000e+00       4.155178306540e-17       2.260664682760e-17       1.069186196075e-18 
 2974       3.574597244085e-12       1.976164808880e-13      -2.526112312322e-13       0.000000000000e+00       4.149303388952e-17       2.255613600481e-17       1.060856933403e-18 
 2975       3.569967779677e-12       1.970738286568e-13      -2.543161946036e-13       0.000000000000e+00       4.143439242209e-17       2.250518340020e-17       1.052220564034e-18 
 2976       3.565491976292e-12       1.965164132569e-13      -2.559973795362e-13       0.000000000000e+00       4.137585925946e-17       2.245380017155e-17       1.043280366295e-18 
 2977       3.561171184364e-12       1.959441834437e-13      -2.576551905198e-13       0.000000000000e+00       4.131743499884e-17       2.240199750821e-17       1.034039628543e-18 
 2978       3.557006757312e-12       1.953570878923e-13      -2.592900332338e-13       0.000000000000e+00       4.125912023835e-17       2.234978663113e-17       1.024501649174e-18 
 2979       3.553000051538e-12       1.947550751978e-13      -2.609023145478e-13       0.000000000000e+00       4.120091557697e-17       2.229717879288e-17       1.014669736628e-18 
 2980       3.549152426430e-12       1.941380938752e-13      -2.624924425233e-13       0.000000000000e+00       4.114282161461e-17       2.224418527768e-17       1.004547209404e-18 
 2981       3.545465244368e-12       1.935060923596e-13      -2.640608264138e-13       0.000000000000e+00       4.108483895202e-17       2.219081740143e-17       9.941373960641e-19 
 2982       3.541939870721e-12       1.928590190055e-13      -2.656078766667e-13       0.000000000000e+00       4.102696819088e-17       2.213708651176e-17       9.834436352428e-19 
 2983       3.538577673852e-12       1.921968220873e-13      -2.671340049237e-13       0.000000000000e+00       4.096920993374e-17       2.208300398799e-17       9.724692756579e-19 
 2984       3.535380025122e-12       1.915194497993e-13      -2.686396240224e-13       0.000000000000e+00       4.091156478404e-17       2.202858124124e-17       9.612176761174e-19 
 2985       3.532348298890e-12       1.908268502551e-13      -2.701251479968e-13       0.000000000000e+00       4.085403334613e-17       2.197382971438e-17       9.496922055289e-19 
 2986       3.529483872513e-12       1.901189714882e-13      -2.715909920784e-13       0.000000000000e+00       4.079661622523e-17       2.191876088214e-17       9.378962429083e-19 
 2987       3.526788126355e-12       1.893957614513e-13      -2.730375726977e-13       0.000000000000e+00       4.073931402746e-17       2.186338625104e-17       9.258331773884e-19 
 2988       3.524262443783e-12       1.886571680170e-13      -2.744653074847e-13       0.000000000000e+00       4.068212735983e-17       2.180771735951e-17       9.135064082279e-19 
 2989       3.521908211173e-12       1.879031389769e-13      -2.758746152702e-13       0.000000000000e+00       4.062505683025e-17       2.175176577785e-17       9.009193448199e-19 
 2990       3.519726817911e-12       1.871336220424e-13      -2.772659160866e-13       0.000000000000e+00       4.056810304753e-17       2.169554310829e-17       8.880754067011e-19 
 2991       3.517719656394e-12       1.863485648440e-13      -2.786396311694e-13       0.000000000000e+00       4.051126662135e-17       2.163906098500e-17       8.749780235599e-19 
 2992       3.515888122036e-12       1.855479149314e-13      -2.799961829575e-13       0.000000000000e+00       4.045454816230e-17       2.158233107414e-17       8.616306352456e-19 
 2993       3.514233613266e-12       1.847316197737e-13      -2.813359950949e-13       0.000000000000e+00       4.039794828187e-17       2.152536507386e-17       8.480366917774e-19 
 2994       3.512757531534e-12       1.838996267592e-13      -2.826594924315e-13       0.000000000000e+00       4.034146759244e-17       2.146817471434e-17       8.341996533524e-19 
 2995       3.511461281309e-12       1.830518831952e-13      -2.839671010239e-13       0.000000000000e+00       4.028510670728e-17       2.141077175783e-17       8.201229903550e-19 
 2996       3.510346270088e-12       1.821883363082e-13      -2.852592481368e-13       0.000000000000e+00       4.022886624057e-17       2.135316799865e-17       8.058101833654e-19 
 2997       3.509413908392e-12       1.813089332435e-13      -2.865363622437e-13       0.000000000000e+00       4.017274680738e-17       2.129537526323e-17       7.912647231684e-19 
 2998       3.508665609769e-12       1.804136210657e-13      -2.877988730283e-13       0.000000000000e+00       4.011674902367e-17       2.123740541014e-17       7.764901107624e-19 
 2999       3.508102790802e-12       1.795023467581e-13      -2.890472113850e-13       0.000000000000e+00       4.006087350631e-17       2.117927033012e-17       7.614898573675e-19 
 3000       3.507726871104e-12       1.785750572229e-13      -2.902818094204e-13       0.000000000000e+00       4.000512087307e-17       2.112098194608e-17       7.462674844350e-19 
