logA n_s H0 omega_b omega_cdm m_ncdm tau_reio
2.972437316592638545e+00 9.918019734127357934e-01 6.839502799884168383e+01 2.259657678879021386e-02 1.122526011115224653e-01 5.366592007032489064e-02 7.776361204506104796e-02
2.900062723719457392e+00 9.921748225656774611e-01 6.880962449437079442e+01 2.227824219152759952e-02 1.208233833274049845e-01 6.035518854563707430e-02 2.148755928045142927e-02
3.142190134757674169e+00 9.194213679227501990e-01 6.852443855120834826e+01 2.257763189115869623e-02 1.131377211724769183e-01 8.020346638958675278e-02 7.828103859437615664e-02
2.889934311288841151e+00 9.702336851811906859e-01 6.852693158781001159e+01 2.221355066826574687e-02 1.209220918719836474e-01 8.186532015610613333e-02 6.800186139639535776e-02
3.054890871628853866e+00 9.127751334010602013e-01 6.911540063564304148e+01 2.229218691698571855e-02 1.246238376658908575e-01 9.645771085640615639e-02 1.022059600669666425e-02
2.836350143882401031e+00 9.389184271572784679e-01 6.885263094140348983e+01 2.218331464768747915e-02 1.122290861466042067e-01 7.500985393063720752e-02 1.497793154323160889e-02
3.095932885674410606e+00 9.216852922264875403e-01 6.907656738973801680e+01 2.201673151310844928e-02 1.256934635184184523e-01 1.476493645403798016e-02 2.281004019972505958e-02
3.031435087666964456e+00 9.747570155244486001e-01 6.829310864917908930e+01 2.204624523726971333e-02 1.199040228224951543e-01 7.039158307287134153e-02 3.769731058771755988e-02
3.129084240074782919e+00 9.678110711803870059e-01 6.886089655006288979e+01 2.230829707855826530e-02 1.210717899858007596e-01 2.668644774546788043e-02 5.784244379619556120e-02
3.061806330077162741e+00 9.414034565041865532e-01 6.853603430077080816e+01 2.241986279444849878e-02 1.113025977860663679e-01 1.356182580767446681e-02 4.683450842346869453e-02
2.986985859390585585e+00 9.433552602382265784e-01 6.857416464855273830e+01 2.241221714927824765e-02 1.148574783175856234e-01 1.979729275072699898e-02 2.801074959016267019e-02
2.844153618356116464e+00 9.817593748090007733e-01 6.868685743528317289e+01 2.216173690390237094e-02 1.183395577506196478e-01 8.251950434104063370e-02 4.370331485481571132e-02
3.113368579296521776e+00 9.469678062735173985e-01 6.880502805721160087e+01 2.245895892848094599e-02 1.181579517614493868e-01 2.558213671520592758e-03 6.407102058215230489e-02
2.875361806676775878e+00 9.275751584323753685e-01 6.854751612519143578e+01 2.206925239424760779e-02 1.202138550632212283e-01 1.486654449222674090e-02 4.770325396906441306e-02
2.932511802017839120e+00 9.028499960457242457e-01 6.845360857990971226e+01 2.200981472343251436e-02 1.109911453548071969e-01 3.644229599034130157e-02 1.198861194364274005e-02
3.079977095868340786e+00 9.151008778417600853e-01 6.868077255671306602e+01 2.247022285809405218e-02 1.172123233154015176e-01 1.957327255589105808e-02 3.495131489393712987e-02
3.106284402578364912e+00 9.058711996489950957e-01 6.883691222324483761e+01 2.237309312611518788e-02 1.205253167469314407e-01 6.441938690930205935e-02 1.416950488352736702e-02
3.055364390642344663e+00 9.272101609091266683e-01 6.883073841764844758e+01 2.215208100466994900e-02 1.176991986432189552e-01 1.492519390843265008e-02 2.619293101278091784e-02
3.171824278398274188e+00 9.977519583408223092e-01 6.848446752758904665e+01 2.255176409793940157e-02 1.156044607143011937e-01 9.273483997469711415e-02 7.745355812300191989e-02
2.891398207350637684e+00 9.826825890261139396e-01 6.828913597118008738e+01 2.201790947480606123e-02 1.168633289500578265e-01 2.735871491619465065e-02 3.782614389540230743e-02
3.062778777633086591e+00 9.001327049537484193e-01 6.831689025361599477e+01 2.233153988043888941e-02 1.166034736267736738e-01 7.127265934590999025e-03 1.500765905090921393e-02
2.962346270749306232e+00 9.671090216328821487e-01 6.845579322282466705e+01 2.203067961292408047e-02 1.152893086579132864e-01 4.269582376728483369e-02 6.772066165273275817e-02
2.980570767883609751e+00 9.526434650955059036e-01 6.912971850756103720e+01 2.225430110502060049e-02 1.124816010397289984e-01 2.229731629213801622e-02 2.917775169712490818e-02
2.999993944109276889e+00 9.254508117861245386e-01 6.869195216701471907e+01 2.245044251671307611e-02 1.208488252070574753e-01 9.690575142071357340e-02 5.590955665377110584e-02
2.996905240648137791e+00 9.323536112700525624e-01 6.819550370523472793e+01 2.205662728495583202e-02 1.164222922583516007e-01 9.201963292282316909e-02 1.832890449450494397e-02
2.965121246585339598e+00 9.449228890003722459e-01 6.841292457056675858e+01 2.210048043878607218e-02 1.163240694897310773e-01 6.616689748014559398e-03 6.629745531338693265e-02
3.114444334305182860e+00 9.716058715709834370e-01 6.837560143440721561e+01 2.251634897267165702e-02 1.151181177357005203e-01 9.536701651590551165e-02 3.500915636144075194e-02
2.918123401323672095e+00 9.685059008776871758e-01 6.841763237858384628e+01 2.215426702722535571e-02 1.161892863060780545e-01 7.110944631410781591e-02 7.228395066328691110e-02
3.087016066580994700e+00 9.083168600462182551e-01 6.891993055468856255e+01 2.232778097485081312e-02 1.153989886639363860e-01 6.959783369137337306e-02 5.036075319002104173e-02
2.842464641445663798e+00 9.761621117100180989e-01 6.848448908556420633e+01 2.235602326178567911e-02 1.153341197857361555e-01 7.611817302870614588e-02 5.910372808699895092e-02
2.931132583211379039e+00 9.749358959327638630e-01 6.846578500458116423e+01 2.206796436734301259e-02 1.198188803620715281e-01 1.057500884708965222e-02 6.198353010116353090e-02
2.912200886190261073e+00 9.031573623208694057e-01 6.802464932681158416e+01 2.202247307360481049e-02 1.226149316864043326e-01 7.119911276281379320e-02 3.038395297559667863e-02
3.027283690906231062e+00 9.533033015412070155e-01 6.786439310774710520e+01 2.227168133548202561e-02 1.137043295944659416e-01 4.521966148556103016e-02 6.905088119425518978e-02
2.950127255908185919e+00 9.766257083184105570e-01 6.846680655102107949e+01 2.217032282060804257e-02 1.170308015161244108e-01 1.794147185855725010e-02 4.019658766812781586e-02
2.982957179999017772e+00 9.195598728722981230e-01 6.809756758387413811e+01 2.207550466794836602e-02 1.166731247779896063e-01 1.186902298061287607e-04 3.694633051149058545e-02
2.816173121218347841e+00 9.236359020237816519e-01 6.832272412035078446e+01 2.239892725645289961e-02 1.136801886987899718e-01 8.731670574723224276e-02 5.082127367475873514e-02
2.947684095027156115e+00 9.167333345550171542e-01 6.854467166622764296e+01 2.207656763571744230e-02 1.156337553223576869e-01 5.417187417269997418e-02 1.936826114697112397e-02
3.132347505694156542e+00 9.415904435592186150e-01 6.811680437473373217e+01 2.223762629868593355e-02 1.134644090808686334e-01 4.558577705347099940e-02 2.665951649081853975e-02
2.927903304089031877e+00 9.247044465859092233e-01 6.917898604697785458e+01 2.254885767832370130e-02 1.248838996624992148e-01 3.716942736371123962e-02 7.394878943529956117e-02
2.868423128616923279e+00 9.736925050587839081e-01 6.844045355792198393e+01 2.211883607850181205e-02 1.124150592888952249e-01 1.947487098174088826e-02 4.447748354078092520e-02
2.851076845581618446e+00 9.680605432666461452e-01 6.828444797604946359e+01 2.225905892500422076e-02 1.198028581905494633e-01 2.707128763728636894e-02 5.161521421908201596e-02
3.021317803798809098e+00 9.425341091564165552e-01 6.884092725274240365e+01 2.213817731198030811e-02 1.218652849543929301e-01 7.125446157909332001e-02 6.123553283048658452e-02
2.970290748848679385e+00 9.536153439384149610e-01 6.848759164202878935e+01 2.214151585501140940e-02 1.194657356588722380e-01 3.705955143886648789e-02 6.337333866149788553e-02
2.882083125086094544e+00 9.069295210410243113e-01 6.848537414304614401e+01 2.240928614400980456e-02 1.181511326640088677e-01 5.436065271500431506e-02 5.628108514340172952e-02
3.072904540884191960e+00 9.825110009058146687e-01 6.920252767326078924e+01 2.247394732827952268e-02 1.198018832973930803e-01 8.133775766005507668e-02 7.828298839289390965e-02
3.003341386159577464e+00 9.177077922668996912e-01 6.765318911666250301e+01 2.204429439279845596e-02 1.138540454554104742e-01 7.806005953778222262e-02 4.139174330119160111e-02
3.118380759088683618e+00 9.694443220009848483e-01 6.876721270731732716e+01 2.253104145622774473e-02 1.122719033368014402e-01 4.656757494752476745e-02 5.565250865129942742e-02
3.116646882380356587e+00 9.124959629011257789e-01 6.866200355867350424e+01 2.208544513536740000e-02 1.130743661290127544e-01 2.742984103407417745e-02 1.015022130137735630e-02
2.993109146590718250e+00 9.508926348005255491e-01 6.829358068630614298e+01 2.201247864914866736e-02 1.207498826787308521e-01 6.074785492905509371e-02 6.066754859269380545e-02
2.833055316860299211e+00 9.524326475403301906e-01 6.854733238386663174e+01 2.214616411848816316e-02 1.131173547628356868e-01 3.436277373906718863e-02 2.287514095171568757e-02
2.995102712070467188e+00 9.353122086199692209e-01 6.901700764317358505e+01 2.236416952697172292e-02 1.244966326310461419e-01 7.304121804400659501e-02 6.827210186993344643e-02
3.018056525617888397e+00 9.708232302855002160e-01 6.821888842305304479e+01 2.202095817756981322e-02 1.123153358554831172e-01 3.722911524120076088e-02 2.746510801251827311e-02
2.857607093082720429e+00 9.005483524366691972e-01 6.844007938615061448e+01 2.246060003348315445e-02 1.119534983605201400e-01 4.341428324973095783e-03 2.904994891510871702e-02
3.149997405148500462e+00 9.841565504043594537e-01 6.911114662406708931e+01 2.220344902067290793e-02 1.194760008620944641e-01 2.193631165625835669e-02 3.756476340431925964e-02
2.947581143961574668e+00 9.545305188120347673e-01 6.913079674756863824e+01 2.242359978473507445e-02 1.216677982091697308e-01 5.898862308191585996e-02 7.474996834229082066e-02
3.177313891084617925e+00 9.253182554023117179e-01 6.910383244039950057e+01 2.255815202226243293e-02 1.154015849635094820e-01 6.151239737127170426e-02 7.100417912452995639e-02
2.861120825103947052e+00 9.285563233719492660e-01 6.853973242344267192e+01 2.232927328677540915e-02 1.134374538087577766e-01 6.852897319588975578e-02 3.199771540279227472e-02
2.874922770359542579e+00 9.672968178332100875e-01 6.807272663613656505e+01 2.202340316769097264e-02 1.145076712615610004e-01 3.864023763923465915e-02 3.380425107677630797e-02
3.187538174110345679e+00 9.820696292217496737e-01 6.852029520563409903e+01 2.253037342674165874e-02 1.171554801456212574e-01 3.940291735278948076e-02 7.869392309109084216e-02
2.895724073336566562e+00 9.206182988895393882e-01 6.871202271243690518e+01 2.241351046967551136e-02 1.156186305976088374e-01 7.799035642634206955e-02 4.995643393421157069e-02
3.074706363673681775e+00 9.532085092028017570e-01 6.867040796503719946e+01 2.208758962226386666e-02 1.247077463841857747e-01 6.195438643344983870e-02 3.598397132329238940e-02
3.116841735445097239e+00 9.654799638107607329e-01 6.891331096279586177e+01 2.230191816651121844e-02 1.120554686157607810e-01 3.303656211318509867e-02 7.816526979436042022e-02
2.957601613034936072e+00 9.454164202933676986e-01 6.868112704703135307e+01 2.233666639698607057e-02 1.126281411990779635e-01 9.832602070452491072e-02 5.805291278148873302e-02
2.834271158623391074e+00 9.561711043367159268e-01 6.936644085819358452e+01 2.223132768770981829e-02 1.240233150955195318e-01 5.402540491640807352e-02 2.025990505349992143e-02
3.107995056856364791e+00 9.754469431798273860e-01 6.915787322563710404e+01 2.235188137435180702e-02 1.228162772774495232e-01 3.300273311973522111e-02 3.099531293142598898e-02
3.051375526916582981e+00 9.454272975686021097e-01 6.819147862299023188e+01 2.219102845842816502e-02 1.200315117533322928e-01 8.813792639846207422e-02 4.515658773043045027e-02
2.830125669765614305e+00 9.062460467233088846e-01 6.834504399148006826e+01 2.202695105686339888e-02 1.159954212358086240e-01 9.208787357666597950e-02 3.202746842666898824e-02
3.029049218789204634e+00 9.053534535104511560e-01 6.893441427053159032e+01 2.242408207114748170e-02 1.149106368996107158e-01 1.749191851031105596e-02 2.563082048604091445e-02
3.122712782463562764e+00 9.325812152863881543e-01 6.850890120361238189e+01 2.248369550333153763e-02 1.212263488883216084e-01 3.981159379398435672e-02 1.222365684392886717e-02
2.935556676478961347e+00 9.214457727400229281e-01 6.934564813867329747e+01 2.244465768466025538e-02 1.172675950273915357e-01 1.220736743100298005e-02 6.255326462720929570e-02
3.097093683246935569e+00 9.030231965262364158e-01 6.885510225601387901e+01 2.223683821101917271e-02 1.204397946572850348e-01 4.080306457815483651e-02 5.580055394115351203e-02
2.829996364872705339e+00 9.834656224802528213e-01 6.847135372884363846e+01 2.218179937546720451e-02 1.126004992529972271e-01 6.713836700717631945e-02 4.657389915473446329e-02
2.856623076855885124e+00 9.123743994160739001e-01 6.902211102739684634e+01 2.248487278848507187e-02 1.136779079869142534e-01 3.845306715055092639e-02 7.620825835494435263e-02
2.808592991409391004e+00 9.176313041396748638e-01 6.842266977467980382e+01 2.222921952442815860e-02 1.177550349127631790e-01 8.883650018069452758e-02 4.466333594656021755e-02
2.851927654567908643e+00 9.686792823470411484e-01 6.814796681416814295e+01 2.235936924958748656e-02 1.159940093601203315e-01 2.245676353522259305e-02 4.750820136571779623e-02
3.109728828954261726e+00 9.730091601863557482e-01 6.830706508228932705e+01 2.238781983461647640e-02 1.161916495181057885e-01 2.592282664645450055e-02 2.205738541360673100e-02
3.193948828119763217e+00 9.774328492023336423e-01 6.877335181417380738e+01 2.209432375845209184e-02 1.216637430207563875e-01 7.329253562614101991e-03 7.129241355667428892e-02
3.125576722375855709e+00 9.660646754746383680e-01 6.880194521573794475e+01 2.208543801353870378e-02 1.208769805709217632e-01 5.155493604672357899e-02 2.133891128762191447e-02
2.831463283300156508e+00 9.669508849504174774e-01 6.904939131972221844e+01 2.245609744668806279e-02 1.260182583380944077e-01 3.962914592817780302e-02 1.879035111152595888e-02
2.959297894143459562e+00 9.944196411946958358e-01 6.882255799655662543e+01 2.250742097101370714e-02 1.166641999822310288e-01 9.412439245586352865e-02 1.131051032326218370e-02
2.847720805814747180e+00 9.755642149151209086e-01 6.941546943975545503e+01 2.240005193090185975e-02 1.235180303461749091e-01 3.538312541621210783e-02 5.001088575739708747e-02
3.169967181916222287e+00 9.844454107351822136e-01 6.802644599543543791e+01 2.214327991926004838e-02 1.120909778815056268e-01 9.749160249116242682e-02 3.291740251082277829e-02
3.195875549270195570e+00 9.405107131918992724e-01 6.945921965638379447e+01 2.259796845532617560e-02 1.160931723751904288e-01 1.642715603839627406e-02 2.065710184558210150e-02
2.866260382248370764e+00 9.364875961261077686e-01 6.883939288070767759e+01 2.210820512511415745e-02 1.243980599325318487e-01 2.258203116858274045e-02 5.831043489170763955e-02
2.872645172025504845e+00 9.681234126746790514e-01 6.822564323367288353e+01 2.204653120644103903e-02 1.159379054918446839e-01 3.389520314979738852e-02 1.139715264409167997e-02
3.015379269533751572e+00 9.334140536114327036e-01 6.858809480554180027e+01 2.243327964196485322e-02 1.211859672860087361e-01 8.193088381431633260e-02 4.903622714924844167e-02
2.932511802017839120e+00 9.028499960457242457e-01 6.845360857990971226e+01 2.200981472343251436e-02 1.109911453548071969e-01 3.644229599034130157e-02 1.198861194364274005e-02
3.008258445455294083e+00 9.133469374740853519e-01 6.831801417131421772e+01 2.237032419311818163e-02 1.132259668379025502e-01 8.906109989899374524e-02 5.422802130694275025e-02
2.841304323730749815e+00 9.521372927102554895e-01 6.824354032489509336e+01 2.228112575017085831e-02 1.180349264349458416e-01 9.987060628076499524e-02 4.984970481641200907e-02
3.100467364052735597e+00 9.719101913764470746e-01 6.859384165130890665e+01 2.251780433073988577e-02 1.141211603685829967e-01 7.609046997098603549e-02 6.667079347138699097e-02
2.958025912137943525e+00 9.933773351587802392e-01 6.901960648696851308e+01 2.254759688741275053e-02 1.150727941627842504e-01 1.164502469613210066e-03 7.875134066544810241e-02
3.185612595273755954e+00 9.761973688069642829e-01 6.816089164107189902e+01 2.207832948139158355e-02 1.116678692464763006e-01 8.521752093936968420e-02 7.585067517086319100e-02
3.067580373498465018e+00 9.889516175836934320e-01 6.921987249460002545e+01 2.208504319127200730e-02 1.155748718094986027e-01 8.753962378375845788e-02 3.906732286232310336e-02
2.971204660117166441e+00 9.539292097197779041e-01 6.852568009629329993e+01 2.211425049961494166e-02 1.286641060516327262e-01 3.894757426412268769e-02 4.071686569274069606e-02
3.123843898019223353e+00 9.776393466883206429e-01 6.842782853763006301e+01 2.211659150701331816e-02 1.183109540237846369e-01 5.177248179543099404e-02 1.206078948340355908e-02
3.055797728282279024e+00 9.262444771818345579e-01 6.852617039604278659e+01 2.218437236150245032e-02 1.145684328204294999e-01 5.844286107076045872e-02 7.358752496660145304e-02
2.886829133588595830e+00 9.041204979106811646e-01 6.857596957210445510e+01 2.239400086089094605e-02 1.192637670210191653e-01 3.401759127163136304e-02 4.666630877864349353e-02
3.106846915500316886e+00 9.064840802167315470e-01 6.855459909470721414e+01 2.208361148022902620e-02 1.182617425901416330e-01 8.679591214397384957e-02 3.867508680450571640e-02
2.864380630449584686e+00 9.164507132740896678e-01 6.829028966032402082e+01 2.250713438173177275e-02 1.144043981490639322e-01 5.732878766061680342e-02 6.064193181613605765e-02
2.880163121294144535e+00 9.968665178975875119e-01 6.901027410770736026e+01 2.259735977561105891e-02 1.204455956109630743e-01 6.433487579723994043e-02 4.910201755233212922e-02
2.865832075884272800e+00 9.762054914260250849e-01 6.814006808056275588e+01 2.212474786101751439e-02 1.212285379582298400e-01 2.781568670576126806e-02 3.968010715276076850e-02
3.078713135438150506e+00 9.859880329500299023e-01 6.865037547129972495e+01 2.211624495606126853e-02 1.217322845015315763e-01 3.889030519697289634e-02 4.977816245273077728e-02
3.145091552169916316e+00 9.558783817409807204e-01 6.925157740565326492e+01 2.229357797250888784e-02 1.203729733271774599e-01 5.780684866468994119e-03 2.549084572317907721e-02
2.936920968730391657e+00 9.353052315754831758e-01 6.866149582566463039e+01 2.217478107219628125e-02 1.190966379568552669e-01 6.966073206679272711e-02 4.642995562451049385e-02
3.056479285837706339e+00 9.123188237910151432e-01 6.833646281099230180e+01 2.209227021409434707e-02 1.158589291012117051e-01 6.255186720572898651e-02 2.755770315983067931e-02
3.075626044737314935e+00 9.338010079133236552e-01 6.781828261882827746e+01 2.251052391078615239e-02 1.166861500101899901e-01 7.031477426432317102e-02 4.096591724040839211e-02
3.164012715136728104e+00 9.666405009530006920e-01 6.831910675899220564e+01 2.246616154287930239e-02 1.148150201492692674e-01 7.252295797557653523e-02 4.893930154133785404e-02
2.961289282873252660e+00 9.216527680955292068e-01 6.899325412490462384e+01 2.225931103463786240e-02 1.196417671764082036e-01 1.329965620424980455e-02 2.698495756042020022e-02
3.173682900959682751e+00 9.562996116140630720e-01 6.861499697929777142e+01 2.212251777383262771e-02 1.210043854904854638e-01 9.028182865709936944e-02 4.455333448965618365e-02
3.186493743331641593e+00 9.473085990033565107e-01 6.889315288462563558e+01 2.245434034165507894e-02 1.226210153550097437e-01 1.180170621156872990e-02 6.808615825524094722e-02
3.065674568023339930e+00 9.442967269380393436e-01 6.842434443341490180e+01 2.218110854827629735e-02 1.168929801409484270e-01 7.865286815575998902e-02 5.778051632768112927e-02
2.977288014526065396e+00 9.830333660511604288e-01 6.825521672864908851e+01 2.201605149499669470e-02 1.202362001644886463e-01 8.673877428311148330e-02 5.285026645627295683e-02
3.150335022348607517e+00 9.722919523217022908e-01 6.881539576490838783e+01 2.234229531839111021e-02 1.134496308716807095e-01 2.087645689790478334e-02 1.333339561237127831e-02
2.965253418430060073e+00 9.834020742151419192e-01 6.982636464415486444e+01 2.254455896899697567e-02 1.285081915954678078e-01 8.717188150783405920e-02 3.285373089580986838e-02
3.077379066365851568e+00 9.367866669966443682e-01 6.801395590837694272e+01 2.214267001626294903e-02 1.154371568822604860e-01 7.783528258476977990e-02 4.640436390857991672e-02
3.044877231925682270e+00 9.098770735925408859e-01 6.923300389539572564e+01 2.237098548937064418e-02 1.194071557136882483e-01 3.852710481231772649e-02 1.640136091758873788e-02
3.166888437724455940e+00 9.537456740261217591e-01 6.834059573093256290e+01 2.210192446691875909e-02 1.163325470829555536e-01 3.799993752734155683e-02 6.199672828427565952e-02
2.948925514908058876e+00 9.950378258049690228e-01 6.834924906116897603e+01 2.239911883873384885e-02 1.127089973368496506e-01 7.631410165790442068e-03 4.639269982878158061e-02
2.910941573291314199e+00 9.216209902043149826e-01 6.869763136773299550e+01 2.228900938484889432e-02 1.198473875334963856e-01 5.291763210648782467e-02 5.535409231698291271e-02
3.122237574354414402e+00 9.434432745588215985e-01 6.949160903991977989e+01 2.231793728807594454e-02 1.236912653124059430e-01 1.223926784819713391e-02 1.891566299053113603e-02
2.894316241381126087e+00 9.789337184493033250e-01 6.839361115546920189e+01 2.238308521345020591e-02 1.169141782392928985e-01 7.431512480261066866e-02 7.311020634697400211e-02
2.819150515774604404e+00 9.671123425128389517e-01 6.862303534123986992e+01 2.248250711310837910e-02 1.130048927322002822e-01 6.124113507802389500e-02 7.727169505642265956e-02
3.053661627856296690e+00 9.013061603517011910e-01 6.899784101882595166e+01 2.240186920355029254e-02 1.194503676541049386e-01 1.848214170309873602e-02 5.604695699573122164e-02
3.161098610489303962e+00 9.273114681292935479e-01 6.876934859769819752e+01 2.227648258646846777e-02 1.149730304312808205e-01 8.917628989915729609e-02 1.769815389812632797e-02
3.070993998682419956e+00 9.410943547313016522e-01 6.810942502825018607e+01 2.202317391696215557e-02 1.180779543738687543e-01 7.237115641750127559e-02 6.025832483544144025e-02
3.006284882078184673e+00 9.043596261663172653e-01 6.915309238716034201e+01 2.218803143525829163e-02 1.160614889027325042e-01 9.597966580733038877e-02 2.896999291249768155e-02
2.879570222041050176e+00 9.708133369104208210e-01 6.835813608486675719e+01 2.236008628412384375e-02 1.172656130723594009e-01 2.776537635526240763e-02 6.586403270498447649e-02
3.139005740010912593e+00 9.697378217454909466e-01 6.772473228592879479e+01 2.200532132504668531e-02 1.179396236332132530e-01 9.482733206506258061e-02 2.814585272751547740e-02
2.956903161391895463e+00 9.537115270076287343e-01 6.898954075887910165e+01 2.219636978096718380e-02 1.231083929859973225e-01 4.653574452719470150e-02 3.323311812162584034e-02
2.998166602985841589e+00 9.441201947841294517e-01 6.922894214207997265e+01 2.246932517484923064e-02 1.227532224943528594e-01 3.711204132892775842e-02 4.097855100078587332e-02
3.080313888049677207e+00 9.523208214614542477e-01 6.881814766495617164e+01 2.205250694275102258e-02 1.147014059347128551e-01 5.247549170050147538e-02 7.870961545921822955e-02
3.068082267897749738e+00 9.263606436015190404e-01 6.855092190774307426e+01 2.248853913699445581e-02 1.141199694687563687e-01 3.915072192144613411e-02 5.566035978696853154e-02
3.177144064267698909e+00 9.929244654503699419e-01 6.946431855362942542e+01 2.253637713568733617e-02 1.245142085788532027e-01 9.576441153103291970e-02 6.455959830722257653e-02
3.090408377661764128e+00 9.948635487969138547e-01 6.923745682548415914e+01 2.256576759388482720e-02 1.231242026129129169e-01 3.790778806453110310e-03 4.682099839803973568e-02
3.029487873999209935e+00 9.692830205779615627e-01 6.858709149905648417e+01 2.245449875526177308e-02 1.185166032029948691e-01 5.159587971080684121e-02 5.514636744299165200e-02
3.106997238572450915e+00 9.789529634297589045e-01 6.909782950985371031e+01 2.245938255990201360e-02 1.199566634435409035e-01 4.589751392491548364e-03 7.404870746059291631e-02
3.089545692285438072e+00 9.738692786801358414e-01 6.801546472541072319e+01 2.203891053814824308e-02 1.169059556341945499e-01 3.668193828755803715e-02 5.911862339975459957e-02
3.164472812660809264e+00 9.207327120039408008e-01 6.928513110523873308e+01 2.241799285576086265e-02 1.195355457287859413e-01 8.643770080274862377e-02 6.029363921541876919e-02
3.187538174110345679e+00 9.820696292217496737e-01 6.852029520563409903e+01 2.253037342674165874e-02 1.171554801456212574e-01 3.940291735278948076e-02 7.869392309109084216e-02
2.808154208146452113e+00 9.204599283135385113e-01 6.850987667517988200e+01 2.225776231109334591e-02 1.176831031755679324e-01 3.271190679714564009e-02 6.582481457754921217e-02
2.989517843928823471e+00 9.878456436412855757e-01 6.869652359139821840e+01 2.228033044228294041e-02 1.143579838709209429e-01 2.350998887877342458e-02 5.794773456014654794e-02
2.898465374679235040e+00 9.779525686300447607e-01 6.845947943724323181e+01 2.209957514278704585e-02 1.122776962461429495e-01 4.810274478598830505e-02 5.012014348096159588e-02
2.939822110986660686e+00 9.972744583274970598e-01 6.853460321324908477e+01 2.202541988536666287e-02 1.154346559192072075e-01 6.124603796351046903e-02 1.698191330290353684e-02
2.891065723868294857e+00 9.358757510305650840e-01 6.854376727413328751e+01 2.210527722374008852e-02 1.165852369660509980e-01 7.951735580122321068e-02 1.707146874547761997e-02
2.836539002704520751e+00 9.268491479617079198e-01 6.812732523894689507e+01 2.208791180590534420e-02 1.155750631599515438e-01 9.890507466233865175e-02 6.521669970265808747e-02
3.076850482647107476e+00 9.179663096697898705e-01 6.833342592416613570e+01 2.241645118603005291e-02 1.220455432159025522e-01 9.235357729051214826e-02 7.054861412297558365e-02
3.006084008100415872e+00 9.140911134581098940e-01 6.975867501447910968e+01 2.259728705947176494e-02 1.197717444747235238e-01 1.880132683570978755e-03 4.164671434137014183e-02
3.013143966359232984e+00 9.361366780767119700e-01 6.915729602086308603e+01 2.216982147826744229e-02 1.249062832725840871e-01 8.523344270581812571e-03 1.064768593045329649e-02
3.078928035882490644e+00 9.641501227928980233e-01 6.897373187676411987e+01 2.247272925387179890e-02 1.163791769035461277e-01 8.649104403203299041e-02 3.577196648024923847e-02
2.864888154695253597e+00 9.565905170740401919e-01 6.827966391143493752e+01 2.209920619899942429e-02 1.199931843421593175e-01 9.088293200680006012e-02 5.797400996543012469e-02
3.154580444518380489e+00 9.411801089091191841e-01 6.877812430258563836e+01 2.226800545196840758e-02 1.287160754100324933e-01 7.524304531214016933e-02 5.118531389254956515e-02
3.193029797201211384e+00 9.567618390378641591e-01 6.900665070080506780e+01 2.231663548765317959e-02 1.205670928800994246e-01 7.364224233743755198e-03 6.979693802539931047e-02
2.809540852934078181e+00 9.554858516393323065e-01 6.855751876932620803e+01 2.213048544506661386e-02 1.202853875436925152e-01 6.755908313664611697e-02 2.120797481926439687e-02
3.031798296005806304e+00 9.052954471911178747e-01 6.859587667763486252e+01 2.245389959270938443e-02 1.142858640734588233e-01 3.552827263040519989e-02 4.245517772118609368e-02
3.078387106203108736e+00 9.537059385162021119e-01 6.906157774488669077e+01 2.247387124073635042e-02 1.173432641919972957e-01 5.477435561862700752e-02 6.220615210262157163e-02
3.179362227459644252e+00 9.175494180555513468e-01 6.863387931174578682e+01 2.210565934839806707e-02 1.139126333520732448e-01 2.719375571451997445e-02 2.081778534156604465e-02
2.837705228624334275e+00 9.996272949377452699e-01 6.846681505841500837e+01 2.227859166857932768e-02 1.164946389939721799e-01 5.430570169352771925e-02 7.887510974693963395e-02
3.164472812660809264e+00 9.207327120039408008e-01 6.928513110523873308e+01 2.241799285576086265e-02 1.195355457287859413e-01 8.643770080274862377e-02 6.029363921541876919e-02
3.078387106203108736e+00 9.537059385162021119e-01 6.906157774488669077e+01 2.247387124073635042e-02 1.173432641919972957e-01 5.477435561862700752e-02 6.220615210262157163e-02
3.173814673638638340e+00 9.160051657764615163e-01 6.952281977737007423e+01 2.253443355728434669e-02 1.277302045119301233e-01 2.753355476551781061e-02 2.029294922927724759e-02
2.903170837601698473e+00 9.584515865672019741e-01 6.920394887318259691e+01 2.233065123249293460e-02 1.194668894142460330e-01 4.142667948952713508e-02 3.483497995903266781e-02
3.072493079330675503e+00 9.236027644083968369e-01 6.821089364424639712e+01 2.224862766331314398e-02 1.114597593576760332e-01 7.403642090780004903e-02 2.698925444280713543e-02
2.888773830125638931e+00 9.258789129173781163e-01 6.901238205764579448e+01 2.232595111121625508e-02 1.208794851808666637e-01 5.961484487507815594e-02 2.744065562527196744e-02
3.131464380049580498e+00 9.860029236128038388e-01 6.894801411949472936e+01 2.243211428999509344e-02 1.219164338642225315e-01 8.475010150457079616e-02 2.603446281207339591e-02
2.875374363964894542e+00 9.552705092083404459e-01 6.858083292700456468e+01 2.245638240886827300e-02 1.191521906488069160e-01 2.779607199447473725e-02 4.722609371049749094e-02
2.909824074044587316e+00 9.997285796961650206e-01 6.874158508718772964e+01 2.256504342669112331e-02 1.227202614108715006e-01 3.466912618062989622e-03 1.023468200745098790e-02
3.080311771307859381e+00 9.093319403079067609e-01 6.979778482445881593e+01 2.237151825551570924e-02 1.201363401629968741e-01 1.642449975906246258e-03 2.064606977001949562e-02
3.096996238936076562e+00 9.596689639058969545e-01 6.898371035017076736e+01 2.212598875979738394e-02 1.225487495121668491e-01 4.352356704994353453e-02 5.488409736362070274e-02
3.150335022348607517e+00 9.722919523217022908e-01 6.881539576490838783e+01 2.234229531839111021e-02 1.134496308716807095e-01 2.087645689790478334e-02 1.333339561237127831e-02
3.057166966878058556e+00 9.892785791143553498e-01 6.887805569951063944e+01 2.254220548885948333e-02 1.178843936989315555e-01 3.946304134400881874e-02 3.017335788774594407e-02
3.149279937225242243e+00 9.748931060949488359e-01 6.865743472347752174e+01 2.242942700160059991e-02 1.136272898718834606e-01 3.326132641143453523e-04 5.533795504609617666e-02
2.908612719874855035e+00 9.409828350730577995e-01 6.945200882523707264e+01 2.259210811373946540e-02 1.263739980333273560e-01 1.441144967923387900e-02 1.828658376629614321e-02
3.088012428715026125e+00 9.052118477235854277e-01 6.910855808571842829e+01 2.230812651029838445e-02 1.196048466469524091e-01 4.824754963269809599e-02 1.735420991895192389e-02
2.993783680290261096e+00 9.460647685537186824e-01 6.848097502487533461e+01 2.241861765326318492e-02 1.170964725770162751e-01 7.054963243342186885e-02 4.548529730993248338e-02
2.835895871001139490e+00 9.751637136340276513e-01 6.812841458961392505e+01 2.241452350708784264e-02 1.207644483401249524e-01 2.490583435518634037e-02 7.850483213114331504e-02
3.141583903312118231e+00 9.583258907992456832e-01 6.838049594762419758e+01 2.233305590359381185e-02 1.112674500025393198e-01 7.869803609665740329e-02 2.956271615085007826e-02
2.927466373673323297e+00 9.521571853944104102e-01 6.901519181539255499e+01 2.203836674575720619e-02 1.147067144288413526e-01 5.525004907950140098e-02 6.807539336615443804e-02
3.175434719649250503e+00 9.415234585232743481e-01 6.851355514382244394e+01 2.245548932799004346e-02 1.176340978724360192e-01 3.459209139704793462e-02 7.111199833162892836e-02
2.912245605525646042e+00 9.088075371789792190e-01 6.914229935724195286e+01 2.252186373168260647e-02 1.218298772764345728e-01 2.422410495350418944e-03 3.715391444903227980e-02
3.175397978745987615e+00 9.128072096557089399e-01 6.900292802526072933e+01 2.251097235673133606e-02 1.188245669960796558e-01 4.088148606600920665e-02 6.506317608330104696e-02
3.196127796925866349e+00 9.673049998199598765e-01 6.880838655689601069e+01 2.254032613407258925e-02 1.163157992220325981e-01 7.598618811760105007e-02 3.562523947305894917e-02
2.849298804780491690e+00 9.422070185828683719e-01 6.825054223088309868e+01 2.228902003108192836e-02 1.134032364545323884e-01 6.035374272482346703e-02 6.104106338179965396e-02
3.138657258080025159e+00 9.877473330394713757e-01 6.786532547992447917e+01 2.214812430209706084e-02 1.155392558544322407e-01 8.929281152078771822e-02 4.956997242116130409e-02
2.934367875535674131e+00 9.121256154759503909e-01 6.842017166201451062e+01 2.205088518751800383e-02 1.196495816451576683e-01 9.786660492071605488e-02 3.461326023661221579e-02
2.806641163525431359e+00 9.274122976964265241e-01 6.889544107235958847e+01 2.255287874582078897e-02 1.150967459984702373e-01 8.775727478171885254e-02 7.682873809017570776e-02
3.041822010707923241e+00 9.983872599461354191e-01 6.935580759785089811e+01 2.248341127797315667e-02 1.245221055128502841e-01 9.596832058932590337e-02 6.403171955541517302e-02
2.880163121294144535e+00 9.968665178975875119e-01 6.901027410770736026e+01 2.259735977561105891e-02 1.204455956109630743e-01 6.433487579723994043e-02 4.910201755233212922e-02
2.891738157755671335e+00 9.852314516640772180e-01 6.858921640858048363e+01 2.255177756955541873e-02 1.126226768784762272e-01 5.490228147022541139e-02 1.054082829301734685e-02
2.909149592179767208e+00 9.132975698073055870e-01 6.926034219314104234e+01 2.255483527600289986e-02 1.250967179612507418e-01 5.403874194993553426e-02 4.466705184279630425e-02
2.910801108098496570e+00 9.236252553079532523e-01 6.863844691344597493e+01 2.216261919102428465e-02 1.182231905557196983e-01 9.063954080869204843e-02 2.209063589071855876e-02
3.094616180440671549e+00 9.019631291543901419e-01 6.903479547191000165e+01 2.246203708747940633e-02 1.142253938304645944e-01 6.648552264526112754e-02 7.460563152089347283e-02
3.018056525617888397e+00 9.708232302855002160e-01 6.821888842305304479e+01 2.202095817756981322e-02 1.123153358554831172e-01 3.722911524120076088e-02 2.746510801251827311e-02
2.927903304089031877e+00 9.247044465859092233e-01 6.917898604697785458e+01 2.254885767832370130e-02 1.248838996624992148e-01 3.716942736371123962e-02 7.394878943529956117e-02
2.990995329578761464e+00 9.953164594173983248e-01 6.869874762820889202e+01 2.222873047922011708e-02 1.157437117119499426e-01 4.561021983699362764e-02 5.726880616931424167e-02
3.014022821198039992e+00 9.391076306608356905e-01 6.910198258246174419e+01 2.235313829489693135e-02 1.142939528121778153e-01 2.830125759156926213e-02 1.059506121785921441e-02
2.908556713294875085e+00 9.385084594915762413e-01 6.862674679368456054e+01 2.255533689495300975e-02 1.139578524301011059e-01 5.006051530581923092e-02 4.699676572751460002e-02
2.897175847484747990e+00 9.056045735233995142e-01 6.866325690784039182e+01 2.244023526670666999e-02 1.242668468294304274e-01 7.541568450656432887e-02 4.553979616285278725e-02
2.977874732607421748e+00 9.069058911258733868e-01 6.872088826665080319e+01 2.248182919014468650e-02 1.188960917269817064e-01 7.509976043637588139e-02 1.995653362105357168e-02
2.833780167375845593e+00 9.620682689180936054e-01 6.852570366928281942e+01 2.232023392204508447e-02 1.155556035985719626e-01 5.071892001256084366e-03 7.149654163425833708e-02
2.800380511496845859e+00 9.369464227100418041e-01 6.816225392329687338e+01 2.217589978793205879e-02 1.189606472418331673e-01 7.323894061039754044e-02 1.567105111811117196e-02
3.062736598047207437e+00 9.031062873393860269e-01 6.852650810867925202e+01 2.212745449864548727e-02 1.181685778543963422e-01 6.740978926811096172e-02 7.004848031478649872e-02
3.191563740555176665e+00 9.294000393695083240e-01 6.864402803337678449e+01 2.210050784401442620e-02 1.227130538004831128e-01 7.035955241242537739e-02 7.885876506889107074e-02
2.834850254388885382e+00 9.954635150090929141e-01 6.840682861668432224e+01 2.248886842065008287e-02 1.210696390214096724e-01 1.453977068719402091e-02 5.850394812329851729e-02
3.037478109311612329e+00 9.698724397778162309e-01 6.888157409166846890e+01 2.251467025740422345e-02 1.169973795381116927e-01 8.715558013785136560e-02 5.489168286970694255e-02
3.032505141094274936e+00 9.044476844690946260e-01 6.900063177868557318e+01 2.226950945993852113e-02 1.191954510896823805e-01 1.213143279164743960e-02 5.078946430044081056e-02
3.089854318016924228e+00 9.419568869481083073e-01 6.833845745416684281e+01 2.257120515387156870e-02 1.218607409621862980e-01 6.644768150152170760e-02 1.639472084932817181e-02
2.859623194615803055e+00 9.677535296703543288e-01 6.875475271444042846e+01 2.224967559607041179e-02 1.174954131736088425e-01 5.795837580269780874e-03 6.503086120623884081e-02
3.161267155320441002e+00 9.123123737634022401e-01 6.832650695131266616e+01 2.219821991665918426e-02 1.132885546374748642e-01 6.869025696873741482e-02 4.341879995088780003e-02
3.111867357417664515e+00 9.549096919581671061e-01 6.867761821781121512e+01 2.224276654411173892e-02 1.272222932745705470e-01 1.473605053782061150e-02 3.731949060467902590e-02
3.092597327584608813e+00 9.849174128764648373e-01 6.849045160960639578e+01 2.259877222530571120e-02 1.137229356279244180e-01 1.976129708897424175e-02 4.322515074909413085e-02
2.956774447864000344e+00 9.197006734258941218e-01 6.924241694649126089e+01 2.243455948573526426e-02 1.216390249941899926e-01 2.275370538546331312e-02 6.713869221562474010e-02
3.144526936570556153e+00 9.379185796999409686e-01 6.854059794789871773e+01 2.250736560117907667e-02 1.220312162890870855e-01 7.127918947054671939e-02 7.015418573199168339e-02
2.862122335740953538e+00 9.387042588757793515e-01 6.873572892312540716e+01 2.238394377401345045e-02 1.281751266168931758e-01 1.165716522608783957e-03 6.504830563125327259e-02
2.899880829882924171e+00 9.840879204414563208e-01 6.936873514157264253e+01 2.236816952885730195e-02 1.246176031982993704e-01 9.223560585985483840e-02 1.242124251796275503e-02
2.847508617574485701e+00 9.883382007070365960e-01 6.875945425445313219e+01 2.210381896843610292e-02 1.215311754276754280e-01 6.401447082610449424e-02 5.437565564306418020e-02
3.103818198837765330e+00 9.026142346976175901e-01 6.894242754890099434e+01 2.213702189882982979e-02 1.126685325687009770e-01 6.610517745257696309e-02 1.433756502343931996e-02
2.804633051658136811e+00 9.033337491868131952e-01 6.917866765678557783e+01 2.244494991213788829e-02 1.198147891704121892e-01 5.800240433675442342e-02 4.098418929565630225e-02
3.031906128854446436e+00 9.594630415001970114e-01 6.802224674352024181e+01 2.219840016294254842e-02 1.115532273065590052e-01 4.372590708897099859e-02 1.894023640636046876e-02
3.123007723583282491e+00 9.857041624766746946e-01 6.921260551552450124e+01 2.258687309219802042e-02 1.164388931885852047e-01 2.740127054900089176e-02 2.857660289200304043e-02
3.198687926934545178e+00 9.410866248862510552e-01 6.916952999334675667e+01 2.251486151982419123e-02 1.219524166952326294e-01 3.055758813123191781e-02 1.307931423598990457e-02
3.061584050693296088e+00 9.364337323009565006e-01 6.903774893343658903e+01 2.224571464060180401e-02 1.174719868958785940e-01 1.782777489598997775e-02 3.147657146109653081e-02
3.177144064267698909e+00 9.929244654503699419e-01 6.946431855362942542e+01 2.253637713568733617e-02 1.245142085788532027e-01 9.576441153103291970e-02 6.455959830722257653e-02
2.866538601809027309e+00 9.430675870838785002e-01 6.903342511692633821e+01 2.248768931036928403e-02 1.181118738417122616e-01 4.637954357676737915e-02 5.619991093489015710e-02
2.934444597436610458e+00 9.379079471672799873e-01 6.814024814727132195e+01 2.251843511484658347e-02 1.117299453951082627e-01 9.518809381281059800e-02 4.263534735616554550e-02
2.983631956556319853e+00 9.394733170136838618e-01 6.899797810166641909e+01 2.230885644230453518e-02 1.165642432595855177e-01 4.450526963752318710e-02 3.391048615485239143e-02
3.063452637726717498e+00 9.095631131372291511e-01 6.860268204148405857e+01 2.204893545479869044e-02 1.147484146603258426e-01 9.537061754901249300e-02 1.351901478497645817e-02
2.851927654567908643e+00 9.686792823470411484e-01 6.814796681416814295e+01 2.235936924958748656e-02 1.159940093601203315e-01 2.245676353522259305e-02 4.750820136571779623e-02
2.951527972060557392e+00 9.105033705250169529e-01 6.840711962938257784e+01 2.207788680423062450e-02 1.148540326372697595e-01 3.510099326756265653e-02 2.056220486442153841e-02
3.055820093376166557e+00 9.764957070822000151e-01 6.911817131266579395e+01 2.213991199263408427e-02 1.299916023180799352e-01 6.908463905012436623e-02 6.982868502537092903e-02
3.027734554626874353e+00 9.287552639215204131e-01 6.797962351853217911e+01 2.211972310550211485e-02 1.137502715055369734e-01 1.239128640137877706e-02 1.817157779563602360e-02
2.845766045715764747e+00 9.044905717533336942e-01 6.839133685352592806e+01 2.215374865231500498e-02 1.111631183393347877e-01 4.764456164110066061e-02 1.687376858171472233e-02
2.931491073941795200e+00 9.769498480249899641e-01 6.859456269009581320e+01 2.235699156447196190e-02 1.206874074038333661e-01 5.827076142905243672e-02 6.526835247809754936e-02
3.180320378623047173e+00 9.919928563710396219e-01 6.882298975636047089e+01 2.229544688186204174e-02 1.257648066550109966e-01 7.076592032066771065e-02 4.464145879729288641e-02
3.192670512485530576e+00 9.503713895952478063e-01 6.964899229706463757e+01 2.240477014860577099e-02 1.276158778647220604e-01 4.392428915001159867e-02 6.351628462757162585e-02
2.853725077179998681e+00 9.146840685087400669e-01 6.908048097869391313e+01 2.254311249007205295e-02 1.153905663362671669e-01 1.301994925262017939e-03 1.031468192630591481e-02
3.141583903312118231e+00 9.583258907992456832e-01 6.838049594762419758e+01 2.233305590359381185e-02 1.112674500025393198e-01 7.869803609665740329e-02 2.956271615085007826e-02
3.043230998931370834e+00 9.441961423727056602e-01 6.970480138039899032e+01 2.235926240847687860e-02 1.263405459738680126e-01 3.149507696350735408e-02 6.541503884256860690e-02
3.191080895330358658e+00 9.056223364236879458e-01 6.815607910978242501e+01 2.248839486852954872e-02 1.117835589001865276e-01 9.541985570930626437e-02 6.152528665228047811e-02
2.899880829882924171e+00 9.840879204414563208e-01 6.936873514157264253e+01 2.236816952885730195e-02 1.246176031982993704e-01 9.223560585985483840e-02 1.242124251796275503e-02
3.152393816363281864e+00 9.084443519571405723e-01 6.829184024946182774e+01 2.202496937593480253e-02 1.136687253773266126e-01 8.751474067152369141e-02 4.574331305036711398e-02
3.114853126544381290e+00 9.676175164331775047e-01 6.852462024509637217e+01 2.236867138007660877e-02 1.161279352458548103e-01 8.250464345357269580e-02 4.800133375162440180e-02
3.101280399331581172e+00 9.402193632086105479e-01 6.851220220427062202e+01 2.225162638762333625e-02 1.180534748552545810e-01 8.202959618780242268e-02 1.846070974011398275e-02
2.864888154695253597e+00 9.565905170740401919e-01 6.827966391143493752e+01 2.209920619899942429e-02 1.199931843421593175e-01 9.088293200680006012e-02 5.797400996543012469e-02
3.063100762749217498e+00 9.722374113799833184e-01 6.858785969287511364e+01 2.240567421569454251e-02 1.190383367020090011e-01 9.740802311510152189e-02 6.373609220026409117e-02
2.943182134777026171e+00 9.367013664077010748e-01 6.910277687294710347e+01 2.235800063425817316e-02 1.237099868286255927e-01 6.492186611944637809e-02 2.178787533621992165e-02
2.947946360234934726e+00 9.601991638813741625e-01 6.806838677026213702e+01 2.206485381699706261e-02 1.164504306244180942e-01 9.382789376870484532e-02 6.199215901207754537e-02
3.118380759088683618e+00 9.694443220009848483e-01 6.876721270731732716e+01 2.253104145622774473e-02 1.122719033368014402e-01 4.656757494752476745e-02 5.565250865129942742e-02
2.993527071782640991e+00 9.478209285370133852e-01 6.809558565717939871e+01 2.205724587114813590e-02 1.113250087056020243e-01 8.211056464513767639e-02 7.859097413812306254e-02
2.973085062357159192e+00 9.981756362358369383e-01 6.916165678894385849e+01 2.237205767180441493e-02 1.175883286849610382e-01 6.979550363902767285e-02 5.100748545630758718e-02
3.134832358928421492e+00 9.829908292415915350e-01 6.819574297709635857e+01 2.231486683491475803e-02 1.133778082406671495e-01 1.573513893721448925e-02 4.799576320525006379e-02
3.084415314112661122e+00 9.326325711478992142e-01 6.854125975603420784e+01 2.206902600242230741e-02 1.134144568604571884e-01 8.251001686104198624e-03 5.130587181828928645e-02
3.098064949913512223e+00 9.826828827131351973e-01 6.885432460536510746e+01 2.212415797307530629e-02 1.222889344468526818e-01 3.132334140386588278e-02 5.426930069300419518e-02
3.087045096657503596e+00 9.533417120060073691e-01 6.806893437099066091e+01 2.206246669881507111e-02 1.192376998771872559e-01 2.410311334229355007e-02 5.395065469374263345e-02
3.124012293165111753e+00 9.496350145880372295e-01 6.847885271602828539e+01 2.214864860553433096e-02 1.176839981280994318e-01 5.779570835357039985e-03 5.319107443384089862e-02
2.995001128842398774e+00 9.696082498359085422e-01 6.860404122481971001e+01 2.208342834027651747e-02 1.247470224170248304e-01 4.016674927594920952e-02 3.269389904229594301e-02
2.858176970112246806e+00 9.957162271727607594e-01 6.866289528395043362e+01 2.212884266261370622e-02 1.226065999125738187e-01 7.499397021142739997e-03 5.634313675327143334e-02
2.948476306847190198e+00 9.549661700981360024e-01 6.882476427603036484e+01 2.219193935359351291e-02 1.140258725198209505e-01 5.710123845649650587e-02 7.307464869070534608e-02
2.957284283283734272e+00 9.250479966044742319e-01 6.863549842124335498e+01 2.237491476093541459e-02 1.141288468574422205e-01 7.406106981355102536e-02 2.865310096867842299e-02
2.937225277710344695e+00 9.458632041772223609e-01 6.840036319314998536e+01 2.228558809268729041e-02 1.161382842338766763e-01 4.056531501253711480e-02 5.169675659865163864e-02
3.127383767826451777e+00 9.338750580172888727e-01 6.881323683510204603e+01 2.259003966302490507e-02 1.152671405820152317e-01 7.842816999777849074e-02 2.412054692778409573e-02
3.025545374163856494e+00 9.206060575669555712e-01 6.846644204824161761e+01 2.221282969320457698e-02 1.148598654081986054e-01 5.752927836655546273e-02 5.645149550057199789e-02
2.854582176937864979e+00 9.521726647014461253e-01 6.890368992442947160e+01 2.209484535415114775e-02 1.215846781168425650e-01 9.200391056603857143e-02 2.864832907806263290e-02
2.870892924981940375e+00 9.822673996827311349e-01 6.823987744663392618e+01 2.221712165748965240e-02 1.151835618681981144e-01 4.707481180279892569e-02 3.116675319384550058e-02
2.921749973074010853e+00 9.564031476546704935e-01 6.919699080020224358e+01 2.251452528564596572e-02 1.214867253401921282e-01 1.038826537991172083e-02 7.131867153414014893e-02
3.106284402578364912e+00 9.058711996489950957e-01 6.883691222324483761e+01 2.237309312611518788e-02 1.205253167469314407e-01 6.441938690930205935e-02 1.416950488352736702e-02
2.801544337433988563e+00 9.524690697654017990e-01 6.926106597733448211e+01 2.219769132343020826e-02 1.214394437261538950e-01 5.850313448921149601e-02 7.184955198420291123e-02
2.973106641664376770e+00 9.453212458226905035e-01 6.820032867601736370e+01 2.218352568215922055e-02 1.150582178742984713e-01 7.995265766500816995e-02 2.626510123304460348e-02
2.943604570721243707e+00 9.300942146632811269e-01 6.981389676914443498e+01 2.206306664009724527e-02 1.265091392667065939e-01 1.835451841830827366e-02 5.767521683187031012e-02
2.834045978371231733e+00 9.890057789601880422e-01 6.821523214988307870e+01 2.210807064815027700e-02 1.174728044453452608e-01 5.674212843497355302e-02 5.000644090041694162e-02
3.060447525900232613e+00 9.274475324306639124e-01 6.914482505725425199e+01 2.222705475046304543e-02 1.233068737990512392e-01 2.325860130079753299e-02 1.806116429168904206e-02
2.925604979816569529e+00 9.676852378819905676e-01 6.866397873584443801e+01 2.240764702802862038e-02 1.185800057450843853e-01 5.712741515771709022e-02 4.141889710592946278e-02
2.909824074044587316e+00 9.997285796961650206e-01 6.874158508718772964e+01 2.256504342669112331e-02 1.227202614108715006e-01 3.466912618062989622e-03 1.023468200745098790e-02
3.100737500561892901e+00 9.642890157384568228e-01 6.902156385923926507e+01 2.250438737055752286e-02 1.192047549010274710e-01 2.901563178408475552e-02 7.773637770289795745e-02
3.192334023529422193e+00 9.153558389944667084e-01 6.848109067643594017e+01 2.205126898951174572e-02 1.134543224855185384e-01 7.896312586260630095e-02 3.667885683884269249e-02
3.154010181682155523e+00 9.424881179596391600e-01 6.861713992276257557e+01 2.233697914299150739e-02 1.204158386650279605e-01 4.229011135692926221e-02 3.335152984560800504e-02
2.888302631380416319e+00 9.776424925978380864e-01 6.883945322562917113e+01 2.236510627221021882e-02 1.180097695476566566e-01 2.401943761269266508e-02 6.405002821252757383e-02
2.894437426834173710e+00 9.821681579041543486e-01 6.889653266627510675e+01 2.249839547604617560e-02 1.171103795430108452e-01 4.324219625408986384e-02 3.843008205280235706e-02
3.165051838931657535e+00 9.958527234545311302e-01 6.914505861713587365e+01 2.259015466190965327e-02 1.130706643849445636e-01 3.897697096575250542e-02 6.726538761126993338e-02
2.894793823824676426e+00 9.977643206551446431e-01 6.892421330065324980e+01 2.226686575577715987e-02 1.206818421451338608e-01 7.843783237986807350e-03 6.240302643259696552e-02
3.106227196184548678e+00 9.334686528757738522e-01 6.826484501320476284e+01 2.202042286789506267e-02 1.125411301704077049e-01 6.056436768646714791e-02 3.764699442168722293e-02
2.894601101105631624e+00 9.871763902610780628e-01 6.908099716984315819e+01 2.242798796258720084e-02 1.162002071316293322e-01 5.652221406390278702e-02 1.525917037282315848e-02
3.073072459949341528e+00 9.869326640439648468e-01 6.947033234973352478e+01 2.244513717190093141e-02 1.194592502568632419e-01 7.474828127458643667e-03 2.670584453400388220e-02
2.846926463610182978e+00 9.136041943413171218e-01 6.910943744937668498e+01 2.242262665671053770e-02 1.137326659934220080e-01 2.011179211235179093e-02 4.811050738812020638e-02
3.078713135438150506e+00 9.859880329500299023e-01 6.865037547129972495e+01 2.211624495606126853e-02 1.217322845015315763e-01 3.889030519697289634e-02 4.977816245273077728e-02
2.956774447864000344e+00 9.197006734258941218e-01 6.924241694649126089e+01 2.243455948573526426e-02 1.216390249941899926e-01 2.275370538546331312e-02 6.713869221562474010e-02
3.179362227459644252e+00 9.175494180555513468e-01 6.863387931174578682e+01 2.210565934839806707e-02 1.139126333520732448e-01 2.719375571451997445e-02 2.081778534156604465e-02
2.967365776803862598e+00 9.254815615192859557e-01 6.869330026646829879e+01 2.243926522699305967e-02 1.198710845589961438e-01 2.900935466221869763e-02 1.249775495821884436e-02
2.901929603518731859e+00 9.271489174231699604e-01 6.901757772332334184e+01 2.228893689490473937e-02 1.216842603235103598e-01 1.257661291007978327e-02 1.488289879495901906e-02
2.831463283300156508e+00 9.669508849504174774e-01 6.904939131972221844e+01 2.245609744668806279e-02 1.260182583380944077e-01 3.962914592817780302e-02 1.879035111152595888e-02
2.878689700179569488e+00 9.524027693762928681e-01 6.945994703672653259e+01 2.258064104711110520e-02 1.158304965484967669e-01 9.208153933050966739e-04 2.360997401010437105e-02
2.995965509010529271e+00 9.457320216531402979e-01 6.918059016143043038e+01 2.236638545378094589e-02 1.218645817211556764e-01 9.419038978616482705e-02 2.923082416616442497e-02
3.088813874911106261e+00 9.378941619563480048e-01 6.858145869221111468e+01 2.225857218319176115e-02 1.230313110293834583e-01 2.140943565910007410e-02 5.640117158686816512e-02
2.834172175144125561e+00 9.896885288495207433e-01 6.939661929476373814e+01 2.235057252256565652e-02 1.282207809176887647e-01 6.886745723134286845e-02 5.520270955969514698e-02
2.957619577192252880e+00 9.541286799593909906e-01 6.935548631920615037e+01 2.238830933444910243e-02 1.226134142118437687e-01 9.657987433496204033e-02 7.423161329529696928e-02
2.969535564810438011e+00 9.432519001516893598e-01 6.933886991990304693e+01 2.232489421013264183e-02 1.159225157911887710e-01 1.994384447519910453e-02 2.991109356998647439e-02
3.082998613550394396e+00 9.137153403612686686e-01 6.902427017605933202e+01 2.241873118958929295e-02 1.188221514405113088e-01 2.859992064319630961e-02 7.849794773039510398e-02
2.800762900646512232e+00 9.517818727783202704e-01 6.871731441954256070e+01 2.215157864808904933e-02 1.155341451160134120e-01 1.423064481659408465e-02 7.461728904726876166e-02
2.833055316860299211e+00 9.524326475403301906e-01 6.854733238386663174e+01 2.214616411848816316e-02 1.131173547628356868e-01 3.436277373906718863e-02 2.287514095171568757e-02
3.182217297361228603e+00 9.868315629362440777e-01 6.856229081821672366e+01 2.249475180574083549e-02 1.206498055365936850e-01 7.579922253341653260e-02 3.099484230033715260e-02
3.123136831677212566e+00 9.561089270676380591e-01 6.869295854704236604e+01 2.257076995113255213e-02 1.192349187146598682e-01 4.683894379364095945e-02 1.344516836239616035e-02
3.193537189612472460e+00 9.474835581686082975e-01 6.875953332785583427e+01 2.249511403810940113e-02 1.141070661293492605e-01 2.057186400533419016e-02 4.599431850263051291e-02
3.071438296542721602e+00 9.801197075817591475e-01 6.799298464284041188e+01 2.208990324786880982e-02 1.159725208545998587e-01 5.865529103074671596e-02 3.303905825290062714e-02
2.935734548994596960e+00 9.296855310267662098e-01 6.815710733640887042e+01 2.218121123495887109e-02 1.161102103468527741e-01 8.332874900441725186e-02 4.703165337623552850e-02
2.985369545245994072e+00 9.692783555880020163e-01 6.836522447022436211e+01 2.254647427400513840e-02 1.179833920626289362e-01 5.805287017931895499e-02 6.066918160866626580e-02
2.879899828414919760e+00 9.924503517001029840e-01 6.866731613780009980e+01 2.222039534424775920e-02 1.167178638899578763e-01 8.688521275377439346e-02 7.636523073890251478e-02
2.973921538671953524e+00 9.860239365942664591e-01 6.851595048621872763e+01 2.226062456180403007e-02 1.141856286582554614e-01 9.208654933488079342e-02 1.522285919164401667e-02
2.816073358202235255e+00 9.416706826720719903e-01 6.873866732754756015e+01 2.239985904420663601e-02 1.156069762437922643e-01 5.581039422221931168e-02 7.112574624518680499e-02
2.913793023341102018e+00 9.185283148221826677e-01 6.845009753876325931e+01 2.254629922996653074e-02 1.149293898388841217e-01 9.030472253869394061e-02 3.411352239906370598e-02
3.165937957733124364e+00 9.828249476254723449e-01 6.904561023730686031e+01 2.247415280957989342e-02 1.125434822716755989e-01 5.496152128288785133e-02 2.033632967900759342e-02
3.196185412037245932e+00 9.984693147416658920e-01 6.890641404724736674e+01 2.208484765420053522e-02 1.166062410912490077e-01 4.320452923249590294e-02 1.703926402601159060e-02
3.178677352170752979e+00 9.830346138435038794e-01 6.810856678921152252e+01 2.219703617078925759e-02 1.171427392877615881e-01 7.925497425963212716e-02 7.222423596118326961e-02
2.908744418901422879e+00 9.879622920530346519e-01 6.942761942887742066e+01 2.229505018933319524e-02 1.218397898976221749e-01 8.307104316322169724e-02 7.287033712725024537e-02
2.831687933239158905e+00 9.958813479005506064e-01 6.839884518214282139e+01 2.204094730521406059e-02 1.148308849136906729e-01 4.295882998362638219e-03 3.886613685841280863e-02
2.862155339058241488e+00 9.103197011765085112e-01 6.855731926368154916e+01 2.252138479684504327e-02 1.217392592625999997e-01 8.034926021674700103e-02 5.218281980961250038e-02
3.107995056856364791e+00 9.754469431798273860e-01 6.915787322563710404e+01 2.235188137435180702e-02 1.228162772774495232e-01 3.300273311973522111e-02 3.099531293142598898e-02
2.868423128616923279e+00 9.736925050587839081e-01 6.844045355792198393e+01 2.211883607850181205e-02 1.124150592888952249e-01 1.947487098174088826e-02 4.447748354078092520e-02
3.048185292676512503e+00 9.594014388597410514e-01 6.845137207677619529e+01 2.215862142871444576e-02 1.151360446931771475e-01 2.877419690356355572e-02 6.691285430679921875e-02
3.192557861633917415e+00 9.390863493854934019e-01 6.863258383491789516e+01 2.243922288159730036e-02 1.216725096396565065e-01 5.465101954345247259e-02 6.793024465027924785e-02
3.164472812660809264e+00 9.207327120039408008e-01 6.928513110523873308e+01 2.241799285576086265e-02 1.195355457287859413e-01 8.643770080274862377e-02 6.029363921541876919e-02
3.098618281498042748e+00 9.443685390597559293e-01 6.892770566999224968e+01 2.224897394264494996e-02 1.251924152323011796e-01 2.715032629816449897e-03 1.873197444931953837e-02
2.938650309658628945e+00 9.667134187347393715e-01 6.941377857591920986e+01 2.250272479169319190e-02 1.222878813016437805e-01 9.915754394829559559e-02 2.654676093626868322e-02
2.834850254388885382e+00 9.954635150090929141e-01 6.840682861668432224e+01 2.248886842065008287e-02 1.210696390214096724e-01 1.453977068719402091e-02 5.850394812329851729e-02
2.983631956556319853e+00 9.394733170136838618e-01 6.899797810166641909e+01 2.230885644230453518e-02 1.165642432595855177e-01 4.450526963752318710e-02 3.391048615485239143e-02
2.838092625635149080e+00 9.902238056724814719e-01 6.833315247531567138e+01 2.222882203116260599e-02 1.172831506960851228e-01 7.760847651702701411e-02 1.169352922507454519e-02
3.097093683246935569e+00 9.030231965262364158e-01 6.885510225601387901e+01 2.223683821101917271e-02 1.204397946572850348e-01 4.080306457815483651e-02 5.580055394115351203e-02
3.028327893518272695e+00 9.614095693363944317e-01 6.927663543596061402e+01 2.229411499757872131e-02 1.277488024296893065e-01 7.890571032762455639e-02 5.929340770307170438e-02
2.908459594444818386e+00 9.980794566868694817e-01 6.855036032973262650e+01 2.234238415281162085e-02 1.184793539882000590e-01 6.322376936632849442e-02 5.577760185145756028e-02
3.061221812019285338e+00 9.118601704630214799e-01 6.861795638628650806e+01 2.253392458769259976e-02 1.161290986034015371e-01 1.816847849763125874e-03 6.349663444940029100e-02
2.882215063559182333e+00 9.939182691831146554e-01 6.841648528083896963e+01 2.221207649952133475e-02 1.173059389307097022e-01 8.694388599038566090e-02 3.116396223837690493e-02
3.086856620958131181e+00 9.286407764337426540e-01 6.945004056213730337e+01 2.218946915716123180e-02 1.218981048821162622e-01 7.047309934262627196e-02 5.850683886485733703e-02
3.058298294122043348e+00 9.453819411887839363e-01 6.837375276373822430e+01 2.222259487738391381e-02 1.161753381421979786e-01 9.554011565174652665e-02 1.166468133471982443e-02
2.961442328612526431e+00 9.547340057768028965e-01 6.863735381766808530e+01 2.216856331816742173e-02 1.129953198088552158e-01 4.614512189930941935e-03 2.533666149122392602e-02
2.912593786261532536e+00 9.611884248067471548e-01 6.857602373293070741e+01 2.214122131824212969e-02 1.115266711642802916e-01 9.670905744565672091e-02 1.635317240308781575e-02
2.964987909593828075e+00 9.044849153572482869e-01 6.856418388410271803e+01 2.220998671050544021e-02 1.155776716416498373e-01 6.820231647963040378e-02 2.657232140910140844e-02
2.963901618711856312e+00 9.803088525240997164e-01 6.766228070619345658e+01 2.207192640581564363e-02 1.169965299886690513e-01 7.220822058344321392e-02 1.829094829624029403e-02
2.839957955827812519e+00 9.033996538801783993e-01 6.939228519988041910e+01 2.232495857532315262e-02 1.199101046042071739e-01 4.578940112395443740e-02 2.338316922495030023e-02
2.861632990449490599e+00 9.710362420115402626e-01 6.950384843583961469e+01 2.247802438119602536e-02 1.268351784748562860e-01 7.925370394630280868e-02 7.102109364625870669e-02
2.829467452663422922e+00 9.231790570574825994e-01 6.854493516790249430e+01 2.211763885299993654e-02 1.182512594945671069e-01 1.602926069751775713e-03 1.579014041790187395e-02
2.900062723719457392e+00 9.921748225656774611e-01 6.880962449437079442e+01 2.227824219152759952e-02 1.208233833274049845e-01 6.035518854563707430e-02 2.148755928045142927e-02
2.874496059127154890e+00 9.868495578920637445e-01 6.829514065875130768e+01 2.252679832488323902e-02 1.167748248048581516e-01 5.298286186446875962e-02 1.233970126772581874e-02
2.896298775377619261e+00 9.666714234856109700e-01 6.856980142176536219e+01 2.231299589858893109e-02 1.157735275004301290e-01 2.437613111894734730e-02 5.545273004241790121e-02
3.006111398088505027e+00 9.759499138524033723e-01 6.835995466178135871e+01 2.209837970512822103e-02 1.220758996775368754e-01 4.415030988725122084e-03 5.446385020504280333e-02
3.051718480295018132e+00 9.780028995367721079e-01 6.900145934108599022e+01 2.256402301900646210e-02 1.254768652922348959e-01 4.747036591226654750e-02 7.443890202253987398e-02
3.119746493126777764e+00 9.603061392561766940e-01 6.841053519554691320e+01 2.254443696892829974e-02 1.143099839490002295e-01 6.782164627181751226e-02 2.417751586911014508e-02
3.175883473058444650e+00 9.124135628925346131e-01 6.924645206352244031e+01 2.259014048447341785e-02 1.190793806369860042e-01 7.128921347479067090e-03 5.019692037758214515e-02
3.047304205279740330e+00 9.444861961916599657e-01 6.933934562790125256e+01 2.230277334945776277e-02 1.247632383604964784e-01 4.572565074489809943e-03 3.889722721067522676e-02
2.891134925329958971e+00 9.969588037874180797e-01 6.874598854468833053e+01 2.252723610134134066e-02 1.175039463049568633e-01 9.658705648269412178e-03 6.282808554682656199e-02
3.031137963129324042e+00 9.461216325423180695e-01 6.896060583673391875e+01 2.250904943039253037e-02 1.238486175632457775e-01 1.835548825136594855e-02 3.246475832035972814e-02
3.008599025375751967e+00 9.629133017215772972e-01 6.830555408177603738e+01 2.236226477619747063e-02 1.232187671888089198e-01 2.420207757578163310e-02 4.578683087669578600e-02
3.072437375919250702e+00 9.067302269592881769e-01 6.859973285826076506e+01 2.227869121798111904e-02 1.283034494873032116e-01 5.511624180878472263e-04 6.581361145705304228e-02
2.908612719874855035e+00 9.409828350730577995e-01 6.945200882523707264e+01 2.259210811373946540e-02 1.263739980333273560e-01 1.441144967923387900e-02 1.828658376629614321e-02
2.938650309658628945e+00 9.667134187347393715e-01 6.941377857591920986e+01 2.250272479169319190e-02 1.222878813016437805e-01 9.915754394829559559e-02 2.654676093626868322e-02
2.913793023341102018e+00 9.185283148221826677e-01 6.845009753876325931e+01 2.254629922996653074e-02 1.149293898388841217e-01 9.030472253869394061e-02 3.411352239906370598e-02
3.004205660942318445e+00 9.278733787220557749e-01 6.939569157281414391e+01 2.253952897616131462e-02 1.220564768187451382e-01 4.509011105152161553e-02 2.888043847051553759e-02
2.946352551960028876e+00 9.080380092410204051e-01 6.803559522909728230e+01 2.240294148441440356e-02 1.206359146981776653e-01 9.726725369422606349e-02 6.653285696763509838e-02
3.053447035682946620e+00 9.865635944795003720e-01 6.859752078144046550e+01 2.247435861279374961e-02 1.181464110729154998e-01 1.546742263492275130e-02 6.678681298505413644e-02
2.840752215005561077e+00 9.937065478045086220e-01 6.875857021592086937e+01 2.201366777478948669e-02 1.102723801470246318e-01 5.931871581470297278e-02 4.595145845059977335e-02
2.984618495407342031e+00 9.136786148145134012e-01 6.892166499029919180e+01 2.219472883390326973e-02 1.198592533245428499e-01 3.021783808170228763e-02 6.126762748881993403e-02
2.850318816063237115e+00 9.065995675847627888e-01 6.852774445442948092e+01 2.253889231509415350e-02 1.131198148571846557e-01 8.874497098252312477e-02 1.751173294837260128e-02
2.948722994876594505e+00 9.905848623886859272e-01 6.912129928564942816e+01 2.257674894107149569e-02 1.236925133535385773e-01 1.436081298058167199e-03 2.673494427005822932e-02
2.837427341905716549e+00 9.283498684772177878e-01 6.902749231493240245e+01 2.214552262345993380e-02 1.198102374345723919e-01 8.449493573197656981e-02 7.591177665702326938e-02
2.867429080934385865e+00 9.633798408111479139e-01 6.865013723929160960e+01 2.213962350915232163e-02 1.218068208052699719e-01 2.397017876888268839e-02 2.670616373571770008e-02
3.178677352170752979e+00 9.830346138435038794e-01 6.810856678921152252e+01 2.219703617078925759e-02 1.171427392877615881e-01 7.925497425963212716e-02 7.222423596118326961e-02
3.131464380049580498e+00 9.860029236128038388e-01 6.894801411949472936e+01 2.243211428999509344e-02 1.219164338642225315e-01 8.475010150457079616e-02 2.603446281207339591e-02
3.023274510492286016e+00 9.648545764043083839e-01 6.936238639558165175e+01 2.216213870186913709e-02 1.206717574194540593e-01 3.033968250738475897e-02 4.547899682084519807e-02
3.009940320649112433e+00 9.913530519789995887e-01 6.880807291360531508e+01 2.208196582357363491e-02 1.201445012044240340e-01 3.648568867045527686e-02 1.055967955619433428e-02
2.930756452709551318e+00 9.311888791274279820e-01 6.894765538126586080e+01 2.218549941685218213e-02 1.150566301504295647e-01 5.030122168456369058e-02 7.836959141905305848e-02
2.891757366857956590e+00 9.655435505515359562e-01 6.845023693605278936e+01 2.233817227212128373e-02 1.150979306413134756e-01 6.661381394908960640e-02 1.608332807304106021e-02
3.004205660942318445e+00 9.278733787220557749e-01 6.939569157281414391e+01 2.253952897616131462e-02 1.220564768187451382e-01 4.509011105152161553e-02 2.888043847051553759e-02
3.072004721223000168e+00 9.987726634970935935e-01 6.871937850704694029e+01 2.257384383358584934e-02 1.157987361852920172e-01 9.770987748390780325e-02 1.111456194609228981e-02
2.920606048628787477e+00 9.800690984632596248e-01 6.935721032236212125e+01 2.259409334880134804e-02 1.245933287433015624e-01 2.062166583259815791e-02 3.470620448889058518e-02
2.802187770542122980e+00 9.073826637526640759e-01 6.921385400790677522e+01 2.203349528911178329e-02 1.229143484820184040e-01 9.714434069596938892e-02 7.076239673174349043e-02
3.007479882706458607e+00 9.226075045682964326e-01 6.781151241218776704e+01 2.209266811615259729e-02 1.132338019499899012e-01 2.555768775851150615e-02 1.636395541515139190e-02
3.072260368589046386e+00 9.621880554896706794e-01 6.884432620069298991e+01 2.232860720933671148e-02 1.155739928102003516e-01 6.629954593703896171e-02 1.669561096066421793e-02
3.118773776929287145e+00 9.178967756973509529e-01 6.903172851777311791e+01 2.247618587853066757e-02 1.256966568219172742e-01 4.195257194894970454e-02 5.393738606760520998e-02
3.186719370720870526e+00 9.356596376389845204e-01 6.905127919571360451e+01 2.244461212399612854e-02 1.194480804147031033e-01 1.736707539254739308e-02 1.996418091646074908e-02
2.820609441721513733e+00 9.903604134756462951e-01 6.840494482853624447e+01 2.230242343754109888e-02 1.191434399563481433e-01 9.029985433358118929e-02 4.441746904583228350e-02
3.147622537558424138e+00 9.836068495345527962e-01 6.822026530694164137e+01 2.202227741943087527e-02 1.165078805852439170e-01 8.075841152210679053e-02 2.119185452099388994e-02
2.892134944633330651e+00 9.604173508693184536e-01 6.944562305626513421e+01 2.234219747997654923e-02 1.212782619628309938e-01 8.460935021977354642e-02 1.910111926783205488e-02
2.915935943925199947e+00 9.414991226463403917e-01 6.829608788465205294e+01 2.236760309241750747e-02 1.116319271398154428e-01 9.099279435998282317e-02 5.210760759479172999e-02
2.934087226554198402e+00 9.205019259170015289e-01 6.831179342280172762e+01 2.239025139444827950e-02 1.133584120172313747e-01 6.262164975809290934e-02 3.042498989145466654e-02
3.101610150436639124e+00 9.485488837204720802e-01 6.932538784463000070e+01 2.242343434170480237e-02 1.260107375188887768e-01 4.601460073018501934e-02 7.507839409879892012e-02
2.901489650246549701e+00 9.985447886752789604e-01 6.837198340621372949e+01 2.209738451196488832e-02 1.142778864529595539e-01 2.972294046844047369e-02 3.730052319357334001e-02
2.884663012204511379e+00 9.892154242759182425e-01 6.818639196374233791e+01 2.231647590957436603e-02 1.164605451806246250e-01 7.123193878199836349e-02 6.488108463040583029e-02
3.168660384688281262e+00 9.684795159966106404e-01 6.919102257389269539e+01 2.258621425724334497e-02 1.231048636140442826e-01 2.960827463328571593e-02 6.458010936903919863e-02
2.980570767883609751e+00 9.526434650955059036e-01 6.912971850756103720e+01 2.225430110502060049e-02 1.124816010397289984e-01 2.229731629213801622e-02 2.917775169712490818e-02
2.818887984811366376e+00 9.066325543318902724e-01 6.879071507439942934e+01 2.220012717864027971e-02 1.220277586004669401e-01 1.836730031844305278e-02 1.142419987629779768e-02
2.878268101408934854e+00 9.839278644182118949e-01 6.894825499602140439e+01 2.256743277025967387e-02 1.216123340012824766e-01 4.860890900187469360e-02 7.856112040650324591e-02
3.039448657193791092e+00 9.725132337915809444e-01 6.870513168457151210e+01 2.224646351871618216e-02 1.145843773843057550e-01 3.188704381973533897e-02 7.777833880264482802e-02
3.108346604765704679e+00 9.733697018720172123e-01 6.837271500122439249e+01 2.212320214266624840e-02 1.242476427997835642e-01 5.596434895904478513e-02 7.500753115270306082e-02
2.977949941341823337e+00 9.714239526954567827e-01 6.902750763647763677e+01 2.241112057786432202e-02 1.161053347365339355e-01 7.444009324333850097e-02 6.904758337470109919e-02
2.922521982692158460e+00 9.142982159890061800e-01 6.847966547277735572e+01 2.249378116272749209e-02 1.135216141292409581e-01 2.826647969285008000e-02 7.195906632578741302e-02
3.066755759110529667e+00 9.802182524386191531e-01 6.840028882407554534e+01 2.200593130878784540e-02 1.112156426233562034e-01 7.517457495183116345e-02 6.927283617031354535e-02
3.046343090178503576e+00 9.650047794374103649e-01 6.890525532510355333e+01 2.242656519872969142e-02 1.188067284174117583e-01 1.698548402538296517e-02 5.883533565771133927e-02
3.114086505000623895e+00 9.821237178565670467e-01 6.908053733768646509e+01 2.223309121245219816e-02 1.166563619744104413e-01 6.200229561830814667e-02 3.542002424426959201e-02
3.046586308881417349e+00 9.862283057401839415e-01 6.929057432317225107e+01 2.258810909277461296e-02 1.158762661194212423e-01 4.826803783496143307e-02 4.554606465448176461e-02
2.972023013472244735e+00 9.622161821479618959e-01 6.817888778177210440e+01 2.208225514810253920e-02 1.144931012463809156e-01 4.806203142574250187e-02 3.024282966205889961e-02
2.882696889605592450e+00 9.494647907248772167e-01 6.846652565692264147e+01 2.245501905511305615e-02 1.151757802129676073e-01 6.014352608521062252e-03 1.269825311589826804e-02
3.079723807369792343e+00 9.624503642880501975e-01 6.893843100378863653e+01 2.235148942216991230e-02 1.175272873438479443e-01 5.290199106998005191e-02 3.754409848698209151e-02
2.887882664409171074e+00 9.831865904634021769e-01 6.878763293762979458e+01 2.259408064097997298e-02 1.134206155359980123e-01 5.300995294324746532e-02 6.540027881639583207e-02
2.863636296837802853e+00 9.038816587780303946e-01 6.837949386700353216e+01 2.242388822728889203e-02 1.201030185268952694e-01 2.401997240717068660e-02 3.231789667225460488e-02
2.977288014526065396e+00 9.830333660511604288e-01 6.825521672864908851e+01 2.201605149499669470e-02 1.202362001644886463e-01 8.673877428311148330e-02 5.285026645627295683e-02
3.180798644777485862e+00 9.584184077967600190e-01 6.859032477632409552e+01 2.235813562769342969e-02 1.196956285780043372e-01 7.279810889535422158e-02 5.276153186980075266e-02
2.968631277637530985e+00 9.897981883353308419e-01 6.841960206959294055e+01 2.204866394470177474e-02 1.173419812176917099e-01 3.789288538416871188e-02 5.759535103471920964e-02
2.812049597716955507e+00 9.805492295641797806e-01 6.847253651584539114e+01 2.243356826572046048e-02 1.177426853286760028e-01 1.801082107581769738e-03 4.794959444989851938e-02
3.077256709751916119e+00 9.684109687356075025e-01 6.957904796544644910e+01 2.234601304179612349e-02 1.249388995570265420e-01 8.127482832291262060e-02 6.332061291668433789e-02
3.186109339830196507e+00 9.763239764817568389e-01 6.972606573832925392e+01 2.234033014687229410e-02 1.250261708178066478e-01 3.494720581419517164e-02 6.342415144822273476e-02
2.984125325456170597e+00 9.651574040813355460e-01 6.902187501921673629e+01 2.237790145337731004e-02 1.248815297776791483e-01 8.703928736999688373e-03 5.888494225884190886e-02
3.096043840233027922e+00 9.985879623741285016e-01 6.870358767093810570e+01 2.226617285099219065e-02 1.174507482387476959e-01 6.238708263875347715e-02 3.868253139222695841e-02
2.826406601892168968e+00 9.066577964776220133e-01 6.901490781980575662e+01 2.259350772373527189e-02 1.136871364745857815e-01 4.226487988860028709e-03 6.423869113836445932e-02
3.074408499960664898e+00 9.536114653287970366e-01 6.894324525013004745e+01 2.256820501378217422e-02 1.162931152898738218e-01 1.422971880133963064e-02 2.890291261864783717e-02
3.101448777673552648e+00 9.647976356596303926e-01 6.857975748535457683e+01 2.248016142349164997e-02 1.194278271138726893e-01 6.537398614035475064e-02 2.207938714464418792e-02
2.869115071308054876e+00 9.246473885543315951e-01 6.874985287448565430e+01 2.248101127130180954e-02 1.207395768729713631e-01 9.656990053408372188e-03 1.937220816456403094e-02
3.072260368589046386e+00 9.621880554896706794e-01 6.884432620069298991e+01 2.232860720933671148e-02 1.155739928102003516e-01 6.629954593703896171e-02 1.669561096066421793e-02
3.199786425127321365e+00 9.938959103362302594e-01 6.959990380441516322e+01 2.254279317959110088e-02 1.199708695330417990e-01 2.127612132177454651e-02 2.518297985603356465e-02
2.910423091009212371e+00 9.484709659513017588e-01 6.881182194139573483e+01 2.227770336505551993e-02 1.214989833950521902e-01 9.067605803242388685e-02 6.428374583503512762e-02
3.060447525900232613e+00 9.274475324306639124e-01 6.914482505725425199e+01 2.222705475046304543e-02 1.233068737990512392e-01 2.325860130079753299e-02 1.806116429168904206e-02
2.989575917567683039e+00 9.081539555238415939e-01 6.908747408579549187e+01 2.212096228128678996e-02 1.211358373891282258e-01 3.168125612608457126e-02 6.851413631568510632e-02
3.095103171196444514e+00 9.987973429465414332e-01 6.921645812105521145e+01 2.259935318773094448e-02 1.211739610442964521e-01 3.043096010937774987e-02 4.707655762040471176e-02
2.842341197357200588e+00 9.510366530368005167e-01 6.820390167445704321e+01 2.233937515329775109e-02 1.147198497512342541e-01 6.571957555238468196e-02 6.095904874611888374e-02
3.093062045973793417e+00 9.770100682576576823e-01 6.872145453477862986e+01 2.241505648477006354e-02 1.213332166247753502e-01 5.186054905090321798e-02 3.455443517314821245e-02
3.147062426938559643e+00 9.556915141696686877e-01 6.829246956684377778e+01 2.200012058385630159e-02 1.117041294401981688e-01 3.699906064442259196e-02 5.211622157743710931e-02
2.915935943925199947e+00 9.414991226463403917e-01 6.829608788465205294e+01 2.236760309241750747e-02 1.116319271398154428e-01 9.099279435998282317e-02 5.210760759479172999e-02
3.055033338900953410e+00 9.298382248603490607e-01 6.859629812301393770e+01 2.248195699661482971e-02 1.140500404391596861e-01 9.675947769572307289e-02 3.797447910297090806e-02
2.824807636994624893e+00 9.044889033490040031e-01 6.881575420655683217e+01 2.214346628648860074e-02 1.163041625986528244e-01 2.609742894476401245e-02 1.274973720297613647e-02
2.864873000572583095e+00 9.865808284652644033e-01 6.818314738854409995e+01 2.216528198276701209e-02 1.105081338446843031e-01 2.836107823786648829e-02 2.847780923969471523e-02
3.146086037407215041e+00 9.886515360079964898e-01 6.855014445243791954e+01 2.203341631922063962e-02 1.207146751318881051e-01 5.224748375014977297e-02 6.948635880811374066e-02
3.174267400518578253e+00 9.809503274538096118e-01 6.953220507648555326e+01 2.237941351258100273e-02 1.237937140857341550e-01 4.006008519695676562e-02 5.890074237024307824e-02
2.943315914136968026e+00 9.246213889772983974e-01 6.880849617791220396e+01 2.233435226977954075e-02 1.131364166276504629e-01 2.095773579396532915e-02 4.250739284000949747e-02
3.063079564910818231e+00 9.880726768863891118e-01 6.791717759146560240e+01 2.224912824512840018e-02 1.155371033832557626e-01 8.729869244946024398e-02 6.873821820949435613e-02
3.087045096657503596e+00 9.533417120060073691e-01 6.806893437099066091e+01 2.206246669881507111e-02 1.192376998771872559e-01 2.410311334229355007e-02 5.395065469374263345e-02
3.173758339987276855e+00 9.964154005480384546e-01 6.810499283584033492e+01 2.220040587403504170e-02 1.174845114312867284e-01 9.882150506544480628e-02 7.301020192212359650e-02
3.027283690906231062e+00 9.533033015412070155e-01 6.786439310774710520e+01 2.227168133548202561e-02 1.137043295944659416e-01 4.521966148556103016e-02 6.905088119425518978e-02
2.943510194407788383e+00 9.626620217525658774e-01 6.860261283939726695e+01 2.223506358030536215e-02 1.137065614523536244e-01 4.490398685871326012e-02 1.845825220955766427e-02
2.920501001126855734e+00 9.647153615296766294e-01 6.930382214614080283e+01 2.226555320798541057e-02 1.185630972603577138e-01 8.857891744996361158e-03 2.552566908826816791e-02
2.985682779969491385e+00 9.709808761924548781e-01 6.829830082415779202e+01 2.221905796266766819e-02 1.104597378498822502e-01 6.883040809049441322e-02 2.506277109496896777e-02
2.950948414575814915e+00 9.056850227352029048e-01 6.957194740179843961e+01 2.229568814653684269e-02 1.255565944041088233e-01 3.379633228215868368e-02 4.108891112556352365e-02
3.012719822358745247e+00 9.584532047772632568e-01 6.871887684641856708e+01 2.225755069149548682e-02 1.168133231293231183e-01 4.086701125073650270e-02 6.559777567929932218e-02
2.943539740651116343e+00 9.875667149178550819e-01 6.878022443333706804e+01 2.230653407952907716e-02 1.242728762534734965e-01 1.573669630136189865e-02 7.704137461571064494e-02
3.042105448405860280e+00 9.232378777142655757e-01 6.855165264352092436e+01 2.256094403464768000e-02 1.117823385202682818e-01 4.180624814921293092e-02 1.917087833189584645e-02
3.193029797201211384e+00 9.567618390378641591e-01 6.900665070080506780e+01 2.231663548765317959e-02 1.205670928800994246e-01 7.364224233743755198e-03 6.979693802539931047e-02
3.152283142026457430e+00 9.671981932552442540e-01 6.783567187716124636e+01 2.211644265926688419e-02 1.131247157641760703e-01 1.661462435365428439e-02 1.586305081920238308e-02
3.159269675362975427e+00 9.210345236064542140e-01 6.848207828044785117e+01 2.237716249613999620e-02 1.139850182726413058e-01 3.750464779128432485e-02 4.577557333288102825e-02
3.089854318016924228e+00 9.419568869481083073e-01 6.833845745416684281e+01 2.257120515387156870e-02 1.218607409621862980e-01 6.644768150152170760e-02 1.639472084932817181e-02
2.894628700166868907e+00 9.177395191497811355e-01 6.845408136480013184e+01 2.225674407366244265e-02 1.158816191327444178e-01 6.154001056217887206e-02 4.394870553817283032e-02
2.820634456503853915e+00 9.385277537384038027e-01 6.808083169470255314e+01 2.202298565137204497e-02 1.127475779091539204e-01 2.319784719796057562e-02 7.859995140939661507e-02
3.114090211601215685e+00 9.799748970880399757e-01 6.871405459511395009e+01 2.245834278063471232e-02 1.204233678535103769e-01 2.654039299758094439e-02 4.007087427677684388e-02
2.872780053938916112e+00 9.626700411800231949e-01 6.848575232994157602e+01 2.238388211409032477e-02 1.100326562827169674e-01 6.746204466762678598e-02 4.367996932683675115e-02
2.974675746931156439e+00 9.147321963310134363e-01 6.876701812479743126e+01 2.244491703782761777e-02 1.196035140693128829e-01 7.554263072429510950e-02 1.839881039913483785e-02
3.068441110289323426e+00 9.832363776099947161e-01 6.850563131800727490e+01 2.219949567215416877e-02 1.151125185467758161e-01 3.975241928831427934e-02 1.148965264202035826e-02
3.197740669514056222e+00 9.996072047948891814e-01 6.864924959552524797e+01 2.232754203538679302e-02 1.209216909029047632e-01 4.036853158973963129e-02 1.869137150970823918e-02
3.065328480919977672e+00 9.341498507905656723e-01 6.897283327999571156e+01 2.242509536478528784e-02 1.193674004255891596e-01 1.184184464568594115e-03 3.500189580707418341e-02
2.863483505711110322e+00 9.650190448139133181e-01 6.957578742440580299e+01 2.214270249705490440e-02 1.275574270186873027e-01 8.568104518732957975e-02 6.338115352741310882e-02
3.098697126640337363e+00 9.046967649429348279e-01 6.851958096635080153e+01 2.204586437211253011e-02 1.181134416108191587e-01 1.476839768851090405e-03 6.380697598948284477e-02
3.129342491316574826e+00 9.256164740886939635e-01 6.877193593893056800e+01 2.200892697073918158e-02 1.186494694405116901e-01 7.633792679546777538e-02 5.973844461112833709e-02
3.076017272945258174e+00 9.507752318871908193e-01 6.853498024059028637e+01 2.206311173398873768e-02 1.187424632850193063e-01 8.667981391524441637e-02 4.513336968804023547e-02
2.861632990449490599e+00 9.710362420115402626e-01 6.950384843583961469e+01 2.247802438119602536e-02 1.268351784748562860e-01 7.925370394630280868e-02 7.102109364625870669e-02
3.173682900959682751e+00 9.562996116140630720e-01 6.861499697929777142e+01 2.212251777383262771e-02 1.210043854904854638e-01 9.028182865709936944e-02 4.455333448965618365e-02
3.198591097038203213e+00 9.651524587062828564e-01 6.969290252388992712e+01 2.256128881195789901e-02 1.253146373492340371e-01 3.353229425174375500e-02 3.280507351174918873e-02
2.956903161391895463e+00 9.537115270076287343e-01 6.898954075887910165e+01 2.219636978096718380e-02 1.231083929859973225e-01 4.653574452719470150e-02 3.323311812162584034e-02
2.922183341085637487e+00 9.143124901672942118e-01 6.826454273898693259e+01 2.255556433590315962e-02 1.112509691415099755e-01 8.817429512186884810e-02 2.032323094565820221e-02
3.180798644777485862e+00 9.584184077967600190e-01 6.859032477632409552e+01 2.235813562769342969e-02 1.196956285780043372e-01 7.279810889535422158e-02 5.276153186980075266e-02
3.131386051485529176e+00 9.819396551011202456e-01 6.842786589419877430e+01 2.242760142184804101e-02 1.166131390085658054e-01 5.054321554712459114e-02 3.041606844100755436e-02
2.889230696924853792e+00 9.950364210182514046e-01 6.883539937873605652e+01 2.227512000736593667e-02 1.265246726359796903e-01 5.821875936294471088e-02 5.798550923592279971e-02
2.961147280757012279e+00 9.727031306932371058e-01 6.882629536032835915e+01 2.215710756802623249e-02 1.153279181371109074e-01 3.628756279219632480e-02 3.613290406511758535e-02
3.133488343013802968e+00 9.631609151440071459e-01 6.949459582144962155e+01 2.232890604878305305e-02 1.236671177193695709e-01 3.088811531622369724e-02 6.401754008952841024e-02
2.982033910179821667e+00 9.215586554548829135e-01 6.852210051582736128e+01 2.241767271887242993e-02 1.172638565535197852e-01 2.626463836069300659e-02 3.901978441199963066e-02
2.977288014526065396e+00 9.830333660511604288e-01 6.825521672864908851e+01 2.201605149499669470e-02 1.202362001644886463e-01 8.673877428311148330e-02 5.285026645627295683e-02
3.015106622870550090e+00 9.999865961252808466e-01 6.887605952902998752e+01 2.232454956184917391e-02 1.187581142818509572e-01 6.838940210064124725e-02 1.192578531395461182e-02
2.972028500736441092e+00 9.003870294003133434e-01 6.959852924340719937e+01 2.254461852292599308e-02 1.244128929730311667e-01 4.099844847461311947e-02 6.719024353288011175e-02
3.040238892190799902e+00 9.810402119040964042e-01 6.851238887296973701e+01 2.219272751694912477e-02 1.181808654371867828e-01 6.342073040564824571e-02 6.081014367042834184e-02
3.196185412037245932e+00 9.984693147416658920e-01 6.890641404724736674e+01 2.208484765420053522e-02 1.166062410912490077e-01 4.320452923249590294e-02 1.703926402601159060e-02
2.898439146646334397e+00 9.228104322465046083e-01 6.872812311199862734e+01 2.200636285411327123e-02 1.232688951193532945e-01 4.828574785251858043e-02 4.063673730103053994e-02
2.983631956556319853e+00 9.394733170136838618e-01 6.899797810166641909e+01 2.230885644230453518e-02 1.165642432595855177e-01 4.450526963752318710e-02 3.391048615485239143e-02
2.841185150965958695e+00 9.679755405274508284e-01 6.784412417606584711e+01 2.219623484884775469e-02 1.149395102066608221e-01 1.345121324002218784e-04 4.188711071902626037e-02
2.940187275990869153e+00 9.442088794164699150e-01 6.827709422308544163e+01 2.217227106961553243e-02 1.170550434233473824e-01 3.399715053225710326e-02 2.265751925336352557e-02
3.144707063873360742e+00 9.474026175625674950e-01 6.947666032892715293e+01 2.245618221515027421e-02 1.270017047210442451e-01 8.922489121277504820e-02 6.488721125387138244e-02
3.024655050283178603e+00 9.887939687085903762e-01 6.811205189004098770e+01 2.204024610409821214e-02 1.128337018419700438e-01 5.789324505526664139e-02 7.777040620268420301e-02
3.163431691242791111e+00 9.048679172578164565e-01 6.958840956287581037e+01 2.256737538502889828e-02 1.294282018250947630e-01 6.803105584809336637e-02 2.483579322904900383e-02
2.933575285501595964e+00 9.031540815075473905e-01 6.897720612900022275e+01 2.252976314147148856e-02 1.210850720749390708e-01 1.106909031425643702e-02 3.206446924988986397e-02
3.187798233627500810e+00 9.830752592211522423e-01 6.936669803447914262e+01 2.206240298506202679e-02 1.169616455218622231e-01 2.338623032187980757e-03 3.469599512662292079e-02
2.959445279987002575e+00 9.614439276278911040e-01 6.826986964339138808e+01 2.237386204171610410e-02 1.150166540017459188e-01 5.949258588481098897e-02 2.209236574892117777e-02
2.869077095955958612e+00 9.099576129488458065e-01 6.886547682797932168e+01 2.225451552673611555e-02 1.149805725161197473e-01 2.440967352306419244e-02 5.013115763101352179e-02
3.033866275529279566e+00 9.519389455935316491e-01 6.878610919963190895e+01 2.241935238542293318e-02 1.156404755570601545e-01 5.767018073663544853e-02 1.334139496477373607e-02
2.881323132327300307e+00 9.272939525417381867e-01 6.891297348722426364e+01 2.214661808213387942e-02 1.240404342693557510e-01 9.962775073507524823e-03 1.130927443949759914e-02
2.977232097119238752e+00 9.812739830330839963e-01 6.899082072099045604e+01 2.234709848574982852e-02 1.148054641841785573e-01 1.584335270565935191e-02 2.983975512077750164e-02
2.935467396387798633e+00 9.722960755365805952e-01 6.889161819540774445e+01 2.216247461106296210e-02 1.167942514926458841e-01 3.983923040123116266e-02 6.101498996357015980e-02
3.145172834238636472e+00 9.670795445029711779e-01 6.925394025481000426e+01 2.218821396295233075e-02 1.247335747818830998e-01 2.756959232329502310e-02 7.425292592330778874e-02
2.929618714852272099e+00 9.042933129738371933e-01 6.800982464219052304e+01 2.212489887362839580e-02 1.194591878101904786e-01 9.561523285073031397e-02 7.771489162926238647e-02
3.030140695852581167e+00 9.232462810882078319e-01 6.882630470268213685e+01 2.230413622505015084e-02 1.271881071537412922e-01 3.937706474626234687e-02 5.329270841850489160e-02
3.008223590130459257e+00 9.523515846276264796e-01 6.872830606869121084e+01 2.224692333107371883e-02 1.145024186663945454e-01 7.501571697332579114e-02 4.256852234779258393e-02
3.193537189612472460e+00 9.474835581686082975e-01 6.875953332785583427e+01 2.249511403810940113e-02 1.141070661293492605e-01 2.057186400533419016e-02 4.599431850263051291e-02
2.841304323730749815e+00 9.521372927102554895e-01 6.824354032489509336e+01 2.228112575017085831e-02 1.180349264349458416e-01 9.987060628076499524e-02 4.984970481641200907e-02
2.946803457157014083e+00 9.014561468131071509e-01 6.831468351142679296e+01 2.214507185539321341e-02 1.159855036261075445e-01 6.519787264162360541e-02 7.723678736506466025e-02
2.998166602985841589e+00 9.441201947841294517e-01 6.922894214207997265e+01 2.246932517484923064e-02 1.227532224943528594e-01 3.711204132892775842e-02 4.097855100078587332e-02
3.127715624207586753e+00 9.851985328392427466e-01 6.901808139002126552e+01 2.204890224199192519e-02 1.144781656596235847e-01 1.475571013085318420e-02 7.289218331051679212e-02
2.995102712070467188e+00 9.353122086199692209e-01 6.901700764317358505e+01 2.236416952697172292e-02 1.244966326310461419e-01 7.304121804400659501e-02 6.827210186993344643e-02
2.820634456503853915e+00 9.385277537384038027e-01 6.808083169470255314e+01 2.202298565137204497e-02 1.127475779091539204e-01 2.319784719796057562e-02 7.859995140939661507e-02
2.881650664409413309e+00 9.330680757870714048e-01 6.876602208141810024e+01 2.256794044702319785e-02 1.179949529875833208e-01 1.892456988178416524e-02 7.266443661155994049e-02
2.889627178234906779e+00 9.655579726783116712e-01 6.880896848483952510e+01 2.204182822629122476e-02 1.189169970304930352e-01 6.680300653196701022e-02 6.318965180788142788e-02
2.979325659289448147e+00 9.329178238995444739e-01 6.825201976934940262e+01 2.215618381384594840e-02 1.155687858849826222e-01 7.112096368334941410e-02 4.898037849396481153e-02
2.985761985424019826e+00 9.026155000122174643e-01 6.873941024857253979e+01 2.226221917087275667e-02 1.158284496961306809e-01 3.073445713112262986e-02 4.732543092628231640e-02
3.015106622870550090e+00 9.999865961252808466e-01 6.887605952902998752e+01 2.232454956184917391e-02 1.187581142818509572e-01 6.838940210064124725e-02 1.192578531395461182e-02
2.826307398758599820e+00 9.066102007653875638e-01 6.844278604028873758e+01 2.219355301743987027e-02 1.113013774755870905e-01 2.453769103264819007e-02 4.984845399782578818e-02
2.824819771895693332e+00 9.088914308806589348e-01 6.873553316915945288e+01 2.243462067378017635e-02 1.200446946030357120e-01 6.283646846608458014e-02 6.192356486408408939e-02
2.897797720893051210e+00 9.913720779998844712e-01 6.929555456860488505e+01 2.241019333852288520e-02 1.142225893781987217e-01 9.104394340229621241e-02 5.796100743613503969e-02
2.813042820069483696e+00 9.594588072889951302e-01 6.800750780411279095e+01 2.233674786384761898e-02 1.167741499948812683e-01 8.242166249812939161e-02 5.972139509589856343e-02
3.048124937671331747e+00 9.880088822119115211e-01 6.874569700765599123e+01 2.245801474002042525e-02 1.121404108153084556e-01 9.002618009184212844e-02 4.791859043509884980e-02
2.970567158559773269e+00 9.716862293262124028e-01 6.852088835684814683e+01 2.219798075713117630e-02 1.209918656390116531e-01 7.826302192179635311e-03 4.568774512332416521e-02
2.898465374679235040e+00 9.779525686300447607e-01 6.845947943724323181e+01 2.209957514278704585e-02 1.122776962461429495e-01 4.810274478598830505e-02 5.012014348096159588e-02
3.147062426938559643e+00 9.556915141696686877e-01 6.829246956684377778e+01 2.200012058385630159e-02 1.117041294401981688e-01 3.699906064442259196e-02 5.211622157743710931e-02
2.912680754396648197e+00 9.841936512451492369e-01 6.831497152898350578e+01 2.246636787419240000e-02 1.159024724881421164e-01 9.990577382809778806e-02 6.222995754442615240e-02
3.021348573167940810e+00 9.201111657070708549e-01 6.864395837719868609e+01 2.252426237305702947e-02 1.162018219207044262e-01 6.548799482734218858e-02 5.429548284338406999e-02
3.191563740555176665e+00 9.294000393695083240e-01 6.864402803337678449e+01 2.210050784401442620e-02 1.227130538004831128e-01 7.035955241242537739e-02 7.885876506889107074e-02
2.967554977389961213e+00 9.360480568485324282e-01 6.884983334470921079e+01 2.254391991336081660e-02 1.217871409759160028e-01 4.027948576250885149e-02 3.982713114929947729e-02
2.900823211982316074e+00 9.637856464879044349e-01 6.871583044153318554e+01 2.244552715660641518e-02 1.198689665706733354e-01 7.637386849719790538e-02 5.514384579370613937e-02
3.012990458623578505e+00 9.813107112389902742e-01 6.824347936143952609e+01 2.247573809440909370e-02 1.206243264233253509e-01 1.521383108204132917e-02 5.963220891882809599e-02
3.074706363673681775e+00 9.532085092028017570e-01 6.867040796503719946e+01 2.208758962226386666e-02 1.247077463841857747e-01 6.195438643344983870e-02 3.598397132329238940e-02
3.121763726430778707e+00 9.755087026830369101e-01 6.827854375029167500e+01 2.219113523304701296e-02 1.177150529569442883e-01 6.732903962886625793e-02 3.223645880453437224e-02
2.861881677497952303e+00 9.584831353312466273e-01 6.798893622210461274e+01 2.216685360044443401e-02 1.134548033842472659e-01 6.937658449781355929e-02 4.187348676257388047e-02
3.134777835045241545e+00 9.976640925706480312e-01 6.784450532167699066e+01 2.248491154202754763e-02 1.123818496906888037e-01 7.733320853939562589e-02 6.023100523136001860e-02
2.922183341085637487e+00 9.143124901672942118e-01 6.826454273898693259e+01 2.255556433590315962e-02 1.112509691415099755e-01 8.817429512186884810e-02 2.032323094565820221e-02
2.829363129834248536e+00 9.292525755625289374e-01 6.912869359845848294e+01 2.258257234225584734e-02 1.112603536226931672e-01 9.723015845502921972e-02 4.592561242004571109e-02
3.066755759110529667e+00 9.802182524386191531e-01 6.840028882407554534e+01 2.200593130878784540e-02 1.112156426233562034e-01 7.517457495183116345e-02 6.927283617031354535e-02
2.824622795750185933e+00 9.546072108003802459e-01 6.849828568461538225e+01 2.251790143870225497e-02 1.128529559941677113e-01 8.231969457382742883e-02 2.896580994883567878e-02
3.140345499022482390e+00 9.502643648283221056e-01 6.863089643711066401e+01 2.235433461131007202e-02 1.222080583448990898e-01 5.041928901488224035e-02 5.855399571984961499e-02
3.046455952888035057e+00 9.363602889316298139e-01 6.896940574908957444e+01 2.208206026967897417e-02 1.227531614397848192e-01 3.563844691127331793e-02 3.511949623661408254e-02
2.852888541296824787e+00 9.307516456528680537e-01 6.822670817210273242e+01 2.211810667120419141e-02 1.153873071663635008e-01 8.727609674794885308e-02 3.463357181680523644e-02
3.024655050283178603e+00 9.887939687085903762e-01 6.811205189004098770e+01 2.204024610409821214e-02 1.128337018419700438e-01 5.789324505526664139e-02 7.777040620268420301e-02
2.964921855884525836e+00 9.759796863474238249e-01 6.930240409229398324e+01 2.228372017610098788e-02 1.257240521307027292e-01 8.413061328123476457e-02 6.462697395354168040e-02
2.934087226554198402e+00 9.205019259170015289e-01 6.831179342280172762e+01 2.239025139444827950e-02 1.133584120172313747e-01 6.262164975809290934e-02 3.042498989145466654e-02
3.093120480685355389e+00 9.029816518968587502e-01 6.955689725348352681e+01 2.246973023283357213e-02 1.221258249225419396e-01 2.189966784373919076e-02 1.579980568538286514e-02
3.044644636129957505e+00 9.554805702760061914e-01 6.828495661412969753e+01 2.211158847965277383e-02 1.180114199267366798e-01 2.590052223409248372e-02 2.023819350720019311e-02
2.828660461703145668e+00 9.325773771283596414e-01 6.854850887051520658e+01 2.259319996864170982e-02 1.157760045513945152e-01 3.320617807776210517e-02 1.891034557989540454e-02
2.981548132558593966e+00 9.827897616544702952e-01 6.919306529216110846e+01 2.259982559021441947e-02 1.152399776437959128e-01 7.735386754887557670e-02 4.468515164981366056e-02
2.932953274024429291e+00 9.927215120252590452e-01 6.805975888202239332e+01 2.203119629087093093e-02 1.164314096225353146e-01 2.793403088288488878e-02 2.664699076731101568e-02
3.020932900563733092e+00 9.119682297879064814e-01 6.827926893451501655e+01 2.219065639418377547e-02 1.153081609519787387e-01 9.142534358609531731e-02 1.469183473008811060e-02
2.873658262806450203e+00 9.929539812934810028e-01 6.944335601529351720e+01 2.242308724638877870e-02 1.165543348804383150e-01 4.794821846019074046e-02 6.915478502624902712e-02
2.982145481784340912e+00 9.676377775840284690e-01 6.922013357195373828e+01 2.217542150447678051e-02 1.236635202463931271e-01 6.500835114198305620e-02 2.730321208645770936e-02
2.940349859309263181e+00 9.051286394349874476e-01 6.859529834995957742e+01 2.213567065121377006e-02 1.205386711898517593e-01 2.341347319058719942e-02 6.692003925305364809e-02
3.060483576071851619e+00 9.322363778257006794e-01 6.819318348550439168e+01 2.217103513100820641e-02 1.198127418842512282e-01 4.134660407100651525e-02 7.777029380623785848e-02
2.854815021121570595e+00 9.856094308349983013e-01 6.873561578106883019e+01 2.211556281492512571e-02 1.158961706771400035e-01 1.591773912534438437e-02 6.503444972761431020e-02
3.085929528187883797e+00 9.999113371368543168e-01 6.811355604639766170e+01 2.204440698246634342e-02 1.121765149340450268e-01 4.097926380919508088e-02 5.170590928731053082e-02
3.023483147993776043e+00 9.343227807888246916e-01 6.856862509440998110e+01 2.202953847376799140e-02 1.213242962174787415e-01 7.623003357172825067e-02 1.305180531009544898e-02
2.951120888897814876e+00 9.400696771726916312e-01 6.850519243674671088e+01 2.237674642319942980e-02 1.192385703756956988e-01 4.835409248866517212e-02 6.216055019838514356e-02
2.872180036879877552e+00 9.039571184640557977e-01 6.861154970381815588e+01 2.251610869860940986e-02 1.124752022012933117e-01 5.912202698838641551e-02 5.133948642673059892e-02
3.034065289257644071e+00 9.782329071150056565e-01 6.862407940647365479e+01 2.212056769850462637e-02 1.115640981424103340e-01 8.240764040971365612e-02 1.122579147675417666e-02
2.947775360411171164e+00 9.961154553021799307e-01 6.879379690809632564e+01 2.221041643015215020e-02 1.153373428231261044e-01 8.370703360004494442e-02 2.109781309137094552e-02
3.089124389344612531e+00 9.590980612070468814e-01 6.918189036067963116e+01 2.203197342582643645e-02 1.203888258834416441e-01 7.090399897276498942e-02 7.200253006843772285e-02
3.174144107619358834e+00 9.838407984843434706e-01 6.829629259650629081e+01 2.214993272226213616e-02 1.125261770617098783e-01 6.520889389446207773e-02 3.567771496742905279e-02
3.142591852093821192e+00 9.108975157115530852e-01 6.869945797616084349e+01 2.213688777156792506e-02 1.193294877660333597e-01 6.993010230669065297e-02 3.889479986213550261e-02
2.974161226190782603e+00 9.631875517899597394e-01 6.803524165312938976e+01 2.201814289585243833e-02 1.146056648793261912e-01 9.234076291972720396e-02 5.927986467793269071e-02
3.051718480295018132e+00 9.780028995367721079e-01 6.900145934108599022e+01 2.256402301900646210e-02 1.254768652922348959e-01 4.747036591226654750e-02 7.443890202253987398e-02
3.095482941161887602e+00 9.718481581843367856e-01 6.852662113751641471e+01 2.200481501684353747e-02 1.201730431466681154e-01 5.268407926082446791e-02 2.975951870357520374e-02
3.179204155956292688e+00 9.937260316786731273e-01 6.884153534763466098e+01 2.244787963542065751e-02 1.170608818750325936e-01 6.275232008805133044e-02 3.514362087804624724e-02
3.004413400944469181e+00 9.599072688144951737e-01 6.782166041825554714e+01 2.200088494256189145e-02 1.128052731155916172e-01 9.376000792391389616e-02 3.319962686688122250e-02
3.024809022003506875e+00 9.315864304964103226e-01 6.853337325951200398e+01 2.211060055506042579e-02 1.234673801130583004e-01 8.608550581393316359e-02 6.286783635180254182e-02
3.151149079080870941e+00 9.486486962357888464e-01 6.876899304462949658e+01 2.243600902919275566e-02 1.157787562573754092e-01 9.288202344253999876e-02 5.510041603853433473e-02
3.027517692458976395e+00 9.084982716927357815e-01 6.873232957424283995e+01 2.220806588828731082e-02 1.234127467669430406e-01 5.249669920672651174e-03 7.973285418041485550e-02
3.115205547952799137e+00 9.449127059943138729e-01 6.852517464251812385e+01 2.235891743134846982e-02 1.135001300397576046e-01 4.702672750669563417e-02 6.952924069899617254e-02
2.834735566819417851e+00 9.152505408036187839e-01 6.901529306850507339e+01 2.256118085997663170e-02 1.213710310620929184e-01 2.178132133906922341e-02 2.829308944090755396e-02
2.861120825103947052e+00 9.285563233719492660e-01 6.853973242344267192e+01 2.232927328677540915e-02 1.134374538087577766e-01 6.852897319588975578e-02 3.199771540279227472e-02
3.195409748322270538e+00 9.962697143765005814e-01 6.886526551463261114e+01 2.220040895888699545e-02 1.212414152925141847e-01 1.033547865116740683e-02 1.750860051103072385e-02
2.903069104593271721e+00 9.971233540426736042e-01 6.923474117872993361e+01 2.248345374128777815e-02 1.176537806621078264e-01 6.031590712294422618e-02 5.171990014140075143e-02
3.147077871794166093e+00 9.509414808432002930e-01 6.826959815292528333e+01 2.248542223083597330e-02 1.152201659565159075e-01 6.887857051578664958e-02 6.468188777811162415e-02
2.855899457721217338e+00 9.398306195747331282e-01 6.925503349243983564e+01 2.225891381995272894e-02 1.255230165673524023e-01 9.383402394010520453e-02 6.135352854545751689e-02
3.005537669759021924e+00 9.031471135393728256e-01 6.829338520065667240e+01 2.206942282991870494e-02 1.173972906345987222e-01 7.150980630459102816e-02 1.264847774167117932e-02
2.908783954030521368e+00 9.169342260852623161e-01 6.874807568615669595e+01 2.212868803118219971e-02 1.150252449438213809e-01 6.054152175301445032e-02 7.478685243335671251e-02
3.144526936570556153e+00 9.379185796999409686e-01 6.854059794789871773e+01 2.250736560117907667e-02 1.220312162890870855e-01 7.127918947054671939e-02 7.015418573199168339e-02
3.031906128854446436e+00 9.594630415001970114e-01 6.802224674352024181e+01 2.219840016294254842e-02 1.115532273065590052e-01 4.372590708897099859e-02 1.894023640636046876e-02
3.080893098999423430e+00 9.965931860805053999e-01 6.830519163746151889e+01 2.238587298987920055e-02 1.133166845200415801e-01 2.000635331893119064e-03 5.976988847395570126e-02
2.884663012204511379e+00 9.892154242759182425e-01 6.818639196374233791e+01 2.231647590957436603e-02 1.164605451806246250e-01 7.123193878199836349e-02 6.488108463040583029e-02
2.925421304434293379e+00 9.502070560248322417e-01 6.841168978605642792e+01 2.255774396156887476e-02 1.148039734666081862e-01 6.777924066469891151e-02 5.010508390701713666e-02
3.164809249161275595e+00 9.055270870715799170e-01 6.853857478741682030e+01 2.227377186830642453e-02 1.136687376851547721e-01 9.558639378394007124e-02 4.464399982813563317e-02
3.061372664655665599e+00 9.644295334870413017e-01 6.751826308631099494e+01 2.205146470068894068e-02 1.120505240151365156e-01 3.974125757036361256e-02 2.194234174105205368e-02
3.016965100198643501e+00 9.642090850333835395e-01 6.951570331248592538e+01 2.216735455129534293e-02 1.248874550988021137e-01 6.127576774205528709e-02 3.433757958817613976e-02
2.881323132327300307e+00 9.272939525417381867e-01 6.891297348722426364e+01 2.214661808213387942e-02 1.240404342693557510e-01 9.962775073507524823e-03 1.130927443949759914e-02
2.985327433244223894e+00 9.064444324673628373e-01 6.881645637508395907e+01 2.218882128395854858e-02 1.196519556395516520e-01 5.299492710427866626e-02 5.725542020722503705e-02
3.003174779202061995e+00 9.296995237336528328e-01 6.839358716701622143e+01 2.218032892099040809e-02 1.179457707019841844e-01 7.410247911049397396e-02 5.726004740390994857e-02
2.837132681023219138e+00 9.674169833409040908e-01 6.878027703576569252e+01 2.254944554895982681e-02 1.116571603639682358e-01 8.270519733006528873e-02 1.386887513419758633e-02
2.937586262257407377e+00 9.817669594651035059e-01 6.836646386045606505e+01 2.213830829233569969e-02 1.114889388297632122e-01 3.903285079398960411e-02 1.847298975820816508e-02
2.894178083277128444e+00 9.285624448832746625e-01 6.856073448021400907e+01 2.200264845494119548e-02 1.147609914242435775e-01 2.280177162430280929e-02 7.921965033516981114e-02
3.132551919650349959e+00 9.544126954364230420e-01 6.806339578793244982e+01 2.217441199753357461e-02 1.151776233104122582e-01 9.459441320321215763e-02 7.413258486011765902e-02
3.046455952888035057e+00 9.363602889316298139e-01 6.896940574908957444e+01 2.208206026967897417e-02 1.227531614397848192e-01 3.563844691127331793e-02 3.511949623661408254e-02
2.935905264846554452e+00 9.804621844246532714e-01 6.871346574139093377e+01 2.229934483354115149e-02 1.186749569870079041e-01 8.587057537575529254e-02 4.447372483668665666e-02
2.884966881142302153e+00 9.272783853903120432e-01 6.841190525380818599e+01 2.229058522199183975e-02 1.129695388813811430e-01 3.307588220605833795e-02 6.166006115009008831e-02
3.076035357918509572e+00 9.070342963484995247e-01 6.858810784283311079e+01 2.231021922797153667e-02 1.155397613790044159e-01 5.599216037476422575e-02 3.334104139416688151e-02
3.185893600945667092e+00 9.969882382196444404e-01 6.908366889914569242e+01 2.218477583974768144e-02 1.196115172341052080e-01 8.128717324416141754e-02 4.944144839605957992e-02
3.173758339987276855e+00 9.964154005480384546e-01 6.810499283584033492e+01 2.220040587403504170e-02 1.174845114312867284e-01 9.882150506544480628e-02 7.301020192212359650e-02
3.145172834238636472e+00 9.670795445029711779e-01 6.925394025481000426e+01 2.218821396295233075e-02 1.247335747818830998e-01 2.756959232329502310e-02 7.425292592330778874e-02
3.182217297361228603e+00 9.868315629362440777e-01 6.856229081821672366e+01 2.249475180574083549e-02 1.206498055365936850e-01 7.579922253341653260e-02 3.099484230033715260e-02
3.151671171932690640e+00 9.860600226468825280e-01 6.877459779008854923e+01 2.229932458834658557e-02 1.237964311190948713e-01 1.367980282641669855e-02 5.007234034711249143e-02
2.891398207350637684e+00 9.826825890261139396e-01 6.828913597118008738e+01 2.201790947480606123e-02 1.168633289500578265e-01 2.735871491619465065e-02 3.782614389540230743e-02
2.942272442440361679e+00 9.581546416281074841e-01 6.797988369619055504e+01 2.210570645447652166e-02 1.170520015356370097e-01 5.201629203194866463e-02 6.135336789278606623e-02
2.998605509127629798e+00 9.864548173584396507e-01 6.822040807692447117e+01 2.211336922755860121e-02 1.175000668533712073e-01 9.188357228775485830e-02 7.357543643852869353e-02
2.917071380486099930e+00 9.000521552616760346e-01 6.905877624728644548e+01 2.235124685230011413e-02 1.221810668740246908e-01 8.323407142017119967e-03 6.380564730785825978e-02
2.995102712070467188e+00 9.353122086199692209e-01 6.901700764317358505e+01 2.236416952697172292e-02 1.244966326310461419e-01 7.304121804400659501e-02 6.827210186993344643e-02
2.932061322841329698e+00 9.754199292353638029e-01 6.825825736788615927e+01 2.209489624648401304e-02 1.121040767778135883e-01 2.119659813135038769e-03 4.813135883495828216e-02
3.139366033298732539e+00 9.289847100957328019e-01 6.828490204893672910e+01 2.215526888410372999e-02 1.173176755881654154e-01 8.241399635195320594e-02 7.088901425511336118e-02
3.180798644777485862e+00 9.584184077967600190e-01 6.859032477632409552e+01 2.235813562769342969e-02 1.196956285780043372e-01 7.279810889535422158e-02 5.276153186980075266e-02
2.831818722097374952e+00 9.397224624838372842e-01 6.892292582978471671e+01 2.228313945912285821e-02 1.187858357077616195e-01 2.829577591243820356e-02 2.351849274262719780e-02
3.127016624776868703e+00 9.438435970341808590e-01 6.878535962911531954e+01 2.205781752409037566e-02 1.220211844227971770e-01 4.219501373621185186e-02 7.501219438817836871e-02
3.017358227470340548e+00 9.490754331085355933e-01 6.999477258762775023e+01 2.239974404111116923e-02 1.263466077211438665e-01 9.722296836321293878e-02 5.151898609214618230e-02
2.958876257260395271e+00 9.063915324795951411e-01 6.954096611325476829e+01 2.229269624615574236e-02 1.158614259893144677e-01 1.139190744360911792e-02 6.268241278911744485e-02
2.963893030772805748e+00 9.916576397378445984e-01 6.887008846571148979e+01 2.217675846586452879e-02 1.146394850511059937e-01 4.203214738414032259e-02 1.718047685277741127e-02
3.050007404287492729e+00 9.035227161317278544e-01 6.896058875329323712e+01 2.247984827079801962e-02 1.214088952493056206e-01 4.803540604072480819e-02 5.585828690836668747e-02
3.125622528058038974e+00 9.596563865952953964e-01 6.839547095187614900e+01 2.208977321757708140e-02 1.124935514615521548e-01 8.532322557974317268e-02 5.804956734514636618e-02
3.151671171932690640e+00 9.860600226468825280e-01 6.877459779008854923e+01 2.229932458834658557e-02 1.237964311190948713e-01 1.367980282641669855e-02 5.007234034711249143e-02
3.147062426938559643e+00 9.556915141696686877e-01 6.829246956684377778e+01 2.200012058385630159e-02 1.117041294401981688e-01 3.699906064442259196e-02 5.211622157743710931e-02
3.077193406769365147e+00 9.338527074547586793e-01 6.792592874558017968e+01 2.208479952220974291e-02 1.142246842225583953e-01 9.414037019586163346e-02 7.408968377637484282e-02
3.104937580158066979e+00 9.896397429097961718e-01 6.938192389608909139e+01 2.239822316412833775e-02 1.246636580758577889e-01 2.663748318321105396e-02 7.787191968640475026e-02
2.814694654799271500e+00 9.249726279474569379e-01 6.840440742086639148e+01 2.200190421197590132e-02 1.167297554760479417e-01 4.668590757753407483e-02 6.888623219202354153e-02
3.039698684285935038e+00 9.074372302341653374e-01 6.896839405295408199e+01 2.212456962791799903e-02 1.254250622088672884e-01 2.150267387910851508e-02 6.785067128156552219e-02
3.063452637726717498e+00 9.095631131372291511e-01 6.860268204148405857e+01 2.204893545479869044e-02 1.147484146603258426e-01 9.537061754901249300e-02 1.351901478497645817e-02
3.180320378623047173e+00 9.919928563710396219e-01 6.882298975636047089e+01 2.229544688186204174e-02 1.257648066550109966e-01 7.076592032066771065e-02 4.464145879729288641e-02
3.117704155066175264e+00 9.418925434583111933e-01 6.801579195241272657e+01 2.201602655649187099e-02 1.124089932935584818e-01 6.870178196191843722e-02 1.250445008352427459e-02
3.008223590130459257e+00 9.523515846276264796e-01 6.872830606869121084e+01 2.224692333107371883e-02 1.145024186663945454e-01 7.501571697332579114e-02 4.256852234779258393e-02
2.981129849389984710e+00 9.934055138749673386e-01 6.843500272787858307e+01 2.212550289871441020e-02 1.171829092233707126e-01 2.560306852135270372e-02 4.251864883614390328e-02
3.199910619604041440e+00 9.825353966161031183e-01 6.868131423490264353e+01 2.241116135742661150e-02 1.191448622834667959e-01 3.500327770295275781e-02 6.536978736994920880e-02
3.068041181306166543e+00 9.179032811226875976e-01 6.841493382174928684e+01 2.209055873455609276e-02 1.145061261323763735e-01 6.963090689335275918e-02 1.161910889640460284e-02
3.116841735445097239e+00 9.654799638107607329e-01 6.891331096279586177e+01 2.230191816651121844e-02 1.120554686157607810e-01 3.303656211318509867e-02 7.816526979436042022e-02
3.119601928899552234e+00 9.193840036706673047e-01 6.877384944187727456e+01 2.217463920106306496e-02 1.172797000963229364e-01 8.521902648557500709e-03 6.700593203662574826e-02
3.115499443052766715e+00 9.491801399403168027e-01 6.926458541780169753e+01 2.237137976921199645e-02 1.235190828518624717e-01 6.641055288317611327e-02 5.830924010083186199e-02
3.054890871628853866e+00 9.127751334010602013e-01 6.911540063564304148e+01 2.229218691698571855e-02 1.246238376658908575e-01 9.645771085640615639e-02 1.022059600669666425e-02
3.100576792265551607e+00 9.975139942176900476e-01 6.924446048953410582e+01 2.239787303343254016e-02 1.186393302874404060e-01 2.868358828143869124e-03 7.248765663419715066e-02
2.909149592179767208e+00 9.132975698073055870e-01 6.926034219314104234e+01 2.255483527600289986e-02 1.250967179612507418e-01 5.403874194993553426e-02 4.466705184279630425e-02
3.024655050283178603e+00 9.887939687085903762e-01 6.811205189004098770e+01 2.204024610409821214e-02 1.128337018419700438e-01 5.789324505526664139e-02 7.777040620268420301e-02
3.076633606846226776e+00 9.324690455963473568e-01 6.883177669643663421e+01 2.229410285479231993e-02 1.247970395585389358e-01 3.812264615219190800e-02 1.677092398230512621e-02
3.196185412037245932e+00 9.984693147416658920e-01 6.890641404724736674e+01 2.208484765420053522e-02 1.166062410912490077e-01 4.320452923249590294e-02 1.703926402601159060e-02
3.131969954551785396e+00 9.219013964360159852e-01 6.852054368615438307e+01 2.206004415820950887e-02 1.184294003666700179e-01 3.418847953455551175e-02 3.451450869220640955e-02
3.164809249161275595e+00 9.055270870715799170e-01 6.853857478741682030e+01 2.227377186830642453e-02 1.136687376851547721e-01 9.558639378394007124e-02 4.464399982813563317e-02
2.828982735186553299e+00 9.640622433081251774e-01 6.920325767649252668e+01 2.252541097459720768e-02 1.137959421506966884e-01 9.011956710947077731e-02 7.585987897296833649e-02
2.927466373673323297e+00 9.521571853944104102e-01 6.901519181539255499e+01 2.203836674575720619e-02 1.147067144288413526e-01 5.525004907950140098e-02 6.807539336615443804e-02
3.168055942024448512e+00 9.482312844656108908e-01 6.911309334718366415e+01 2.222620936670277256e-02 1.179739626317753837e-01 3.934615454837532555e-02 3.747418310027081367e-02
2.915403494750190116e+00 9.022766323072231032e-01 6.947636425437511321e+01 2.251367295393906856e-02 1.250372262163078341e-01 7.788773316576128036e-02 7.591960349042220502e-02
2.874068036966638928e+00 9.275431239649335469e-01 6.836921549016273048e+01 2.229821298465001558e-02 1.111424700580524727e-01 5.145590146540707753e-03 2.817395445590323982e-02
2.829363129834248536e+00 9.292525755625289374e-01 6.912869359845848294e+01 2.258257234225584734e-02 1.112603536226931672e-01 9.723015845502921972e-02 4.592561242004571109e-02
3.046455952888035057e+00 9.363602889316298139e-01 6.896940574908957444e+01 2.208206026967897417e-02 1.227531614397848192e-01 3.563844691127331793e-02 3.511949623661408254e-02
2.985833260038444070e+00 9.300710124915789745e-01 6.908261626442825332e+01 2.238016237107217851e-02 1.113700258393769960e-01 8.440198983048136094e-02 5.442764313520286751e-02
2.998605509127629798e+00 9.864548173584396507e-01 6.822040807692447117e+01 2.211336922755860121e-02 1.175000668533712073e-01 9.188357228775485830e-02 7.357543643852869353e-02
2.968919429347087302e+00 9.017094762326516300e-01 6.888931194664370139e+01 2.255253798924982192e-02 1.172407280259187695e-01 6.818839812041772863e-02 7.003026863660379020e-02
2.857607093082720429e+00 9.005483524366691972e-01 6.844007938615061448e+01 2.246060003348315445e-02 1.119534983605201400e-01 4.341428324973095783e-03 2.904994891510871702e-02
2.821471218201501152e+00 9.005086800751812559e-01 6.771190819041405007e+01 2.208628302198554008e-02 1.120141636582955569e-01 9.948096178290867508e-02 5.589989474580609602e-02
2.846181442996168709e+00 9.329976243541835412e-01 6.826415307005714794e+01 2.202573130429631015e-02 1.181156384559812061e-01 8.718445244138378625e-02 7.483453466688995415e-02
2.938685615773815485e+00 9.379532016945575368e-01 6.880781346360356565e+01 2.255535202414571394e-02 1.281583712364694760e-01 5.161645580451210136e-02 5.704409378300191041e-02
3.089545692285438072e+00 9.738692786801358414e-01 6.801546472541072319e+01 2.203891053814824308e-02 1.169059556341945499e-01 3.668193828755803715e-02 5.911862339975459957e-02
3.064112632249191837e+00 9.139983900940098493e-01 6.843758531303555515e+01 2.232046552679972651e-02 1.169457690217117762e-01 4.063392313404629030e-02 7.699455423641807239e-02
2.881151962079057771e+00 9.784824335392430239e-01 6.868230255645489990e+01 2.238709999203078796e-02 1.146960297674041312e-01 4.522649697290199305e-02 6.776275023654405871e-02
2.811356862241647381e+00 9.700982553275092624e-01 6.901437033661080989e+01 2.244470742217621190e-02 1.132203242575363922e-01 1.331800913839025283e-02 2.478205534856946918e-02
3.010267578887019457e+00 9.277764271731427925e-01 6.881383993092063633e+01 2.251785026690573607e-02 1.214634972122007744e-01 6.916457191119911030e-02 4.761876257600689000e-02
2.970567158559773269e+00 9.716862293262124028e-01 6.852088835684814683e+01 2.219798075713117630e-02 1.209918656390116531e-01 7.826302192179635311e-03 4.568774512332416521e-02
3.061465859803073286e+00 9.991368994080934707e-01 6.867399983056003521e+01 2.225192192133671962e-02 1.253007183465134622e-01 1.702127752093115717e-02 7.457165960306005870e-02
3.014178405748428435e+00 9.973247414319458271e-01 6.913420082161101732e+01 2.242094842733099655e-02 1.151537272194288614e-01 8.238844507524634153e-02 3.938849378257549411e-02
2.862717085154617980e+00 9.285908817418216943e-01 6.818413487384438554e+01 2.248583871932208558e-02 1.165107486403785947e-01 4.468544795248674539e-02 2.995486183000468927e-02
3.103668236008972237e+00 9.324498345956585554e-01 6.863399293878465812e+01 2.207295188301906796e-02 1.118375205374016051e-01 3.944782894505863974e-02 2.715327955642841962e-02
3.014703403883251642e+00 9.435471578215088861e-01 6.892567939492400342e+01 2.237176808432116137e-02 1.258498618019098514e-01 3.575005857045598229e-02 5.601726181895427814e-02
2.821471218201501152e+00 9.005086800751812559e-01 6.771190819041405007e+01 2.208628302198554008e-02 1.120141636582955569e-01 9.948096178290867508e-02 5.589989474580609602e-02
2.828783828844163128e+00 9.543960120907903910e-01 6.869234387106010331e+01 2.235684992762050627e-02 1.163475506142647165e-01 3.129856721220310167e-02 6.816834402492498446e-02
3.089820255009714245e+00 9.721665090001299081e-01 6.889220610112236898e+01 2.221706800612329932e-02 1.204690032442318759e-01 3.938034532726204795e-02 4.802124091928618860e-02
3.119746493126777764e+00 9.603061392561766940e-01 6.841053519554691320e+01 2.254443696892829974e-02 1.143099839490002295e-01 6.782164627181751226e-02 2.417751586911014508e-02
2.924203147682362225e+00 9.928235096983187846e-01 6.857849960151030189e+01 2.229342494744955896e-02 1.181113833104475985e-01 6.954721561115327633e-02 2.357452903322754256e-02
2.851771815244646735e+00 9.760572727141036964e-01 6.869698149629816442e+01 2.257825219533552905e-02 1.175778264353874170e-01 6.787029277296995067e-02 5.560960791545947746e-02
2.872180036879877552e+00 9.039571184640557977e-01 6.861154970381815588e+01 2.251610869860940986e-02 1.124752022012933117e-01 5.912202698838641551e-02 5.133948642673059892e-02
2.912084051731795853e+00 9.375544962319426467e-01 6.842901966762501331e+01 2.220765708944303501e-02 1.172634117213674082e-01 8.151370921692223381e-02 4.852264417688030573e-02
2.873410332697249547e+00 9.147218126753503542e-01 6.924452704894673616e+01 2.232600587142447371e-02 1.211989097125811543e-01 6.810866574434060704e-03 5.159195784580545424e-02
3.150335022348607517e+00 9.722919523217022908e-01 6.881539576490838783e+01 2.234229531839111021e-02 1.134496308716807095e-01 2.087645689790478334e-02 1.333339561237127831e-02
3.151198488427247035e+00 9.763696182855609029e-01 6.915988363670233241e+01 2.229877734613761389e-02 1.217543887916780754e-01 3.272397285694461644e-02 5.714413465381594504e-02
2.955726025120744005e+00 9.807364309331014773e-01 6.915348210484162905e+01 2.252438899767544508e-02 1.200235062615155890e-01 7.281204653907712154e-02 4.659894615309249921e-02
2.992483414888142956e+00 9.792387275631145860e-01 6.804859519063768403e+01 2.210877917516528707e-02 1.159422232004936743e-01 3.627302292325659122e-02 2.572210324517963664e-02
3.161098610489303962e+00 9.273114681292935479e-01 6.876934859769819752e+01 2.227648258646846777e-02 1.149730304312808205e-01 8.917628989915729609e-02 1.769815389812632797e-02
3.098618281498042748e+00 9.443685390597559293e-01 6.892770566999224968e+01 2.224897394264494996e-02 1.251924152323011796e-01 2.715032629816449897e-03 1.873197444931953837e-02
3.177479767922209763e+00 9.999144530809360720e-01 6.946999826614290896e+01 2.205402901040770178e-02 1.183073928978103651e-01 6.186017694396567235e-02 7.704265121429072771e-02
3.112490882650261526e+00 9.485397221841995741e-01 6.856074431988234608e+01 2.213341414030176035e-02 1.187142495284742028e-01 7.858104517019781632e-02 6.053769121558864180e-02
2.993527071782640991e+00 9.478209285370133852e-01 6.809558565717939871e+01 2.205724587114813590e-02 1.113250087056020243e-01 8.211056464513767639e-02 7.859097413812306254e-02
3.128813301309512962e+00 9.257559889862305713e-01 6.913577267390644465e+01 2.250374791572596483e-02 1.205588385012992259e-01 6.919131390591780340e-02 2.873901865015975748e-02
3.088068063233579075e+00 9.627008449670800827e-01 6.867917029213764124e+01 2.232821797074320894e-02 1.155655799225090569e-01 9.211205696490035177e-02 7.086088990928769704e-02
2.800380511496845859e+00 9.369464227100418041e-01 6.816225392329687338e+01 2.217589978793205879e-02 1.189606472418331673e-01 7.323894061039754044e-02 1.567105111811117196e-02
3.005954994937233504e+00 9.259637416369302931e-01 6.942302465038312675e+01 2.233088292461187993e-02 1.217091764234402712e-01 1.358405435269672938e-02 6.337740509476134931e-02
3.133771389301820420e+00 9.450496124561371669e-01 6.852819753950387849e+01 2.238042463222679815e-02 1.233430089201623947e-01 4.270641379202289034e-02 4.349647978832967693e-02
2.843050525687973451e+00 9.817588716355873935e-01 6.883438529338523892e+01 2.244636568478156416e-02 1.192678276496128842e-01 2.614057237237954467e-04 1.551045006626009318e-02
2.844240038864209730e+00 9.901313739272987746e-01 6.801014767468680589e+01 2.208895275762758070e-02 1.210742909696981007e-01 6.175807682033993690e-02 5.272850391896080624e-02
3.072639184834918602e+00 9.383014861575404986e-01 6.888151283601386865e+01 2.243111259036847244e-02 1.198329508526930764e-01 4.039359191381363540e-02 2.274139498405555737e-02
3.019740983224352693e+00 9.819318988570396867e-01 6.877198406444763634e+01 2.221248007725509788e-02 1.185644119756533166e-01 7.445691914977357884e-02 5.734822242221614824e-02
3.199305971927269177e+00 9.374755705046400323e-01 6.781245760293184333e+01 2.203017586874954359e-02 1.112780753339322054e-01 6.601452900173020166e-02 7.299826923674215817e-02
2.907912708716684502e+00 9.939314913412515828e-01 6.780244408620836793e+01 2.206705633362239516e-02 1.137684375177392265e-01 1.527622779796904487e-02 6.538879851761873752e-02
3.122576184415996714e+00 9.118144987295325743e-01 6.853002595371390271e+01 2.217790098957950554e-02 1.222194996015967955e-01 8.698955740981417772e-02 4.922884793269784870e-02
2.945540229527406240e+00 9.743795592579689302e-01 6.896511280187267801e+01 2.258176546684617647e-02 1.267896790725998590e-01 1.495267597317834207e-02 2.863897429283139562e-02
2.927903304089031877e+00 9.247044465859092233e-01 6.917898604697785458e+01 2.254885767832370130e-02 1.248838996624992148e-01 3.716942736371123962e-02 7.394878943529956117e-02
2.809257074903316109e+00 9.655710890251616441e-01 6.876852440165041003e+01 2.249308597032106949e-02 1.158890982345566895e-01 1.332962739383736217e-02 3.045666502078685223e-02
2.866260382248370764e+00 9.364875961261077686e-01 6.883939288070767759e+01 2.210820512511415745e-02 1.243980599325318487e-01 2.258203116858274045e-02 5.831043489170763955e-02
2.995305959924335237e+00 9.344387231523832993e-01 6.797199677059120404e+01 2.250488118648329150e-02 1.126142423215729799e-01 6.109239953459386779e-02 5.666517532200066737e-02
2.981548132558593966e+00 9.827897616544702952e-01 6.919306529216110846e+01 2.259982559021441947e-02 1.152399776437959128e-01 7.735386754887557670e-02 4.468515164981366056e-02
3.155908879124291300e+00 9.189492565677953584e-01 6.846832597082561733e+01 2.256757807111294326e-02 1.211085686716911053e-01 5.676798880614985360e-02 1.646497376322492850e-02
3.089124389344612531e+00 9.590980612070468814e-01 6.918189036067963116e+01 2.203197342582643645e-02 1.203888258834416441e-01 7.090399897276498942e-02 7.200253006843772285e-02
2.985720866797182182e+00 9.405043304968544460e-01 6.848792693564966783e+01 2.227075572529802275e-02 1.135490256039271284e-01 1.945719211700704110e-02 4.901188074248946647e-02
3.047304205279740330e+00 9.444861961916599657e-01 6.933934562790125256e+01 2.230277334945776277e-02 1.247632383604964784e-01 4.572565074489809943e-03 3.889722721067522676e-02
2.862864578667554394e+00 9.323324737330839218e-01 6.830581887187035761e+01 2.213790337020710847e-02 1.179173790251266396e-01 2.423891167392184728e-02 6.862350825721096059e-02
3.053264664984802756e+00 9.322243925356015204e-01 6.899926839309691218e+01 2.225423753942392183e-02 1.190894430516664521e-01 9.949604557858338430e-03 2.574607666948479368e-02
2.866104421844044570e+00 9.502789103970197271e-01 6.831837321167154187e+01 2.208366102446284937e-02 1.172128380126893910e-01 7.314539014681838147e-02 4.565551457533314345e-02
2.909824074044587316e+00 9.997285796961650206e-01 6.874158508718772964e+01 2.256504342669112331e-02 1.227202614108715006e-01 3.466912618062989622e-03 1.023468200745098790e-02
3.117704155066175264e+00 9.418925434583111933e-01 6.801579195241272657e+01 2.201602655649187099e-02 1.124089932935584818e-01 6.870178196191843722e-02 1.250445008352427459e-02
3.129084240074782919e+00 9.678110711803870059e-01 6.886089655006288979e+01 2.230829707855826530e-02 1.210717899858007596e-01 2.668644774546788043e-02 5.784244379619556120e-02
2.811219998656063090e+00 9.223604453588921670e-01 6.836823922711917589e+01 2.213229544575263594e-02 1.224373946300875149e-01 6.488052955379608466e-02 4.412597661107178076e-02
3.005261028024901915e+00 9.606261898370708208e-01 6.897101191250331453e+01 2.203721556285334268e-02 1.141287258814169397e-01 4.325221667993944114e-02 2.695849091236988959e-02
2.837063809758532784e+00 9.251609981020609830e-01 6.905269763758670365e+01 2.237995329557721999e-02 1.208514907956423495e-01 4.541518222331511478e-02 6.362280426724094273e-02
2.851747111550036351e+00 9.344443335545733476e-01 6.885295706008032823e+01 2.204072629166518166e-02 1.282557376383863801e-01 6.934335804201002817e-02 6.089799760675502355e-02
3.066755759110529667e+00 9.802182524386191531e-01 6.840028882407554534e+01 2.200593130878784540e-02 1.112156426233562034e-01 7.517457495183116345e-02 6.927283617031354535e-02
2.982957179999017772e+00 9.195598728722981230e-01 6.809756758387413811e+01 2.207550466794836602e-02 1.166731247779896063e-01 1.186902298061287607e-04 3.694633051149058545e-02
2.873287271445093882e+00 9.507658569574851670e-01 6.883485785225983022e+01 2.255994094443793119e-02 1.164725503418199554e-01 1.350570111443135692e-02 5.152699412581002170e-02
3.195296841330216964e+00 9.477368159522202573e-01 6.937431564055697208e+01 2.211816658271378855e-02 1.167905515078926648e-01 1.058387627362128436e-02 7.840791452075106249e-02
3.137261220361142744e+00 9.263415455227865802e-01 6.865939712281023333e+01 2.251876840367522670e-02 1.179004220532871017e-01 8.903461370491944082e-02 2.390661516843139295e-02
2.811219998656063090e+00 9.223604453588921670e-01 6.836823922711917589e+01 2.213229544575263594e-02 1.224373946300875149e-01 6.488052955379608466e-02 4.412597661107178076e-02
3.194390774602002381e+00 9.169217848290821538e-01 6.873214105850939859e+01 2.233328371990586994e-02 1.164851359138780462e-01 7.000506585374226265e-02 2.142579762758934497e-02
3.174267400518578253e+00 9.809503274538096118e-01 6.953220507648555326e+01 2.237941351258100273e-02 1.237937140857341550e-01 4.006008519695676562e-02 5.890074237024307824e-02
2.835516794821848929e+00 9.173694808459017525e-01 6.815038672212517668e+01 2.251532046682203428e-02 1.154080499412618449e-01 7.534837589263992941e-02 1.030206378331053989e-02
3.057282903778652638e+00 9.008803679319994373e-01 6.907172207717427170e+01 2.258776777966161123e-02 1.209091154709626137e-01 4.661408180208918145e-02 5.054589921443752160e-02
3.127309208626378734e+00 9.283661358071568781e-01 6.819736746939074123e+01 2.230663252104940833e-02 1.145753034475430754e-01 7.975651601814182090e-02 4.677724207129069223e-02
2.921643326563426513e+00 9.235503853308544286e-01 6.865282299967340407e+01 2.214960284825580328e-02 1.205625543645456044e-01 3.608810951046076410e-02 1.636570247745839854e-02
2.868960042168022806e+00 9.625647392654038681e-01 6.924200311448302614e+01 2.250772639805086184e-02 1.166122378596804871e-01 8.707767510908469288e-02 6.507695184978480596e-02
3.173061216492116809e+00 9.499116649745238394e-01 6.953076799373143047e+01 2.239930756994459871e-02 1.286569616977485397e-01 6.291333185624814646e-03 2.313046664091582966e-02
2.979750475468095239e+00 9.322700500418616976e-01 6.899537753361923365e+01 2.235422876869003206e-02 1.145385171895547255e-01 1.685732724058758292e-02 2.476780673880410455e-02
3.131631660387937277e+00 9.075308110652020588e-01 6.916880765471216819e+01 2.231780799157928596e-02 1.195575533621081599e-01 2.427541361067281356e-02 4.100838643440513770e-02
2.817375409555145094e+00 9.257364241576698793e-01 6.869590049605618276e+01 2.227312295334794162e-02 1.171112456916680450e-01 5.891435898384696224e-02 7.591064863970981014e-02
3.066026795079399125e+00 9.321585862833579039e-01 6.907865420118464783e+01 2.245282058374581391e-02 1.183699023760605706e-01 7.292175617546520563e-03 6.517039473600734489e-02
2.965262867491975651e+00 9.888050911382730845e-01 6.885569806229226231e+01 2.212233377373208978e-02 1.272072227466141403e-01 2.688427332265545117e-02 5.209111878493499076e-02
2.932748227376658523e+00 9.807599899118577547e-01 6.791775833215659475e+01 2.218664492226855856e-02 1.177493522329976505e-01 8.377894497546102548e-02 3.840132893845206452e-02
3.106281942453701816e+00 9.024452875388049300e-01 6.905695089130921360e+01 2.220088757724395651e-02 1.163565090842938327e-01 2.374600250950963456e-02 5.934225697133611171e-02
3.088851806812313860e+00 9.383936327266313437e-01 6.905169675601048596e+01 2.258842394038505785e-02 1.185402242279365442e-01 9.560110125364416900e-02 2.397998909069216228e-02
3.105534179960902197e+00 9.763746418893511914e-01 6.839005543420387312e+01 2.202667507012575840e-02 1.205230746337318248e-01 5.632722571434221198e-02 6.567974275175805787e-02
3.137453663392088199e+00 9.283531138965509522e-01 6.830347134567519163e+01 2.220441922012002245e-02 1.173403979207389147e-01 4.359614269824239191e-02 1.430252267265146385e-02
3.149292765340314659e+00 9.445024062483715621e-01 6.779715626503202941e+01 2.250371284686742204e-02 1.158525223971623164e-01 9.682699546224214637e-02 2.092297164218494265e-02
3.034065289257644071e+00 9.782329071150056565e-01 6.862407940647365479e+01 2.212056769850462637e-02 1.115640981424103340e-01 8.240764040971365612e-02 1.122579147675417666e-02
3.029049218789204634e+00 9.053534535104511560e-01 6.893441427053159032e+01 2.242408207114748170e-02 1.149106368996107158e-01 1.749191851031105596e-02 2.563082048604091445e-02
3.144839950619387370e+00 9.050733504735779533e-01 6.799120996403479467e+01 2.244392610484078482e-02 1.117726808136430550e-01 1.909763387423144693e-02 4.160213366733134938e-02
3.196185412037245932e+00 9.984693147416658920e-01 6.890641404724736674e+01 2.208484765420053522e-02 1.166062410912490077e-01 4.320452923249590294e-02 1.703926402601159060e-02
3.013655894875839625e+00 9.015404194945870753e-01 6.947151928541815380e+01 2.255975885303100961e-02 1.176075219886499740e-01 5.924010430370745678e-02 7.016116475375518136e-02
2.897070670165796891e+00 9.992304469731008165e-01 6.864730867010132442e+01 2.228334595029173720e-02 1.201787468295499456e-01 7.750493865478140509e-02 6.216753702965478745e-02
3.045418062853714414e+00 9.394269283860017250e-01 6.894128701802104331e+01 2.246209086254622941e-02 1.225732353888601550e-01 3.143319523265678678e-02 6.124317774337596776e-02
2.840269048508347272e+00 9.822403163476880472e-01 6.864317142716350872e+01 2.215892633162119124e-02 1.164264761024892542e-01 9.495420947229128716e-02 4.027175162103362877e-02
3.144335381863022860e+00 9.932387423071042942e-01 6.904907725862837253e+01 2.257548075291874665e-02 1.240961009479498722e-01 7.379558378379947204e-04 5.136971654727841979e-02
3.091419757938346891e+00 9.506439955941622388e-01 6.898202656255986653e+01 2.235735111860403385e-02 1.217512089793400393e-01 7.235275494329325430e-02 7.163203794940140035e-02
2.894178083277128444e+00 9.285624448832746625e-01 6.856073448021400907e+01 2.200264845494119548e-02 1.147609914242435775e-01 2.280177162430280929e-02 7.921965033516981114e-02
3.052307154837666126e+00 9.813124288301209308e-01 6.881243675134068383e+01 2.253852465379903997e-02 1.116417803817858490e-01 7.170718610302767582e-02 1.611197710395132626e-02
2.863636296837802853e+00 9.038816587780303946e-01 6.837949386700353216e+01 2.242388822728889203e-02 1.201030185268952694e-01 2.401997240717068660e-02 3.231789667225460488e-02
2.882083125086094544e+00 9.069295210410243113e-01 6.848537414304614401e+01 2.240928614400980456e-02 1.181511326640088677e-01 5.436065271500431506e-02 5.628108514340172952e-02
2.913195176220646943e+00 9.925022335769820847e-01 6.864873612759249966e+01 2.239865962700023777e-02 1.194166426690873445e-01 3.667579044677058558e-02 2.224782673423264523e-02
3.048167404289194415e+00 9.056585471665399290e-01 6.811540453598398415e+01 2.211617240274001486e-02 1.124609120453668315e-01 9.436585222381452254e-02 6.568808928664354729e-02
2.879570222041050176e+00 9.708133369104208210e-01 6.835813608486675719e+01 2.236008628412384375e-02 1.172656130723594009e-01 2.776537635526240763e-02 6.586403270498447649e-02
2.966593907553690013e+00 9.492681680348237228e-01 6.870085253883576115e+01 2.216646238267637806e-02 1.200046295933275137e-01 4.689693016754160199e-02 4.221171176649347184e-02
3.076850482647107476e+00 9.179663096697898705e-01 6.833342592416613570e+01 2.241645118603005291e-02 1.220455432159025522e-01 9.235357729051214826e-02 7.054861412297558365e-02
2.862717085154617980e+00 9.285908817418216943e-01 6.818413487384438554e+01 2.248583871932208558e-02 1.165107486403785947e-01 4.468544795248674539e-02 2.995486183000468927e-02
3.080313888049677207e+00 9.523208214614542477e-01 6.881814766495617164e+01 2.205250694275102258e-02 1.147014059347128551e-01 5.247549170050147538e-02 7.870961545921822955e-02
3.081790130829842767e+00 9.507013112616398143e-01 6.874012310064621545e+01 2.240694191251207598e-02 1.152348788195623058e-01 7.221356855758023774e-02 4.620361773052256843e-02
2.920662329226080267e+00 9.351969495307870250e-01 6.876438743482066229e+01 2.227494756433108514e-02 1.181622066057358283e-01 9.002745660571451203e-02 7.470296138101621686e-02
3.116419550342530709e+00 9.154177173252864286e-01 6.896838675966372989e+01 2.229927101148336879e-02 1.170447947325872901e-01 4.951486148650408557e-03 4.849255614983521284e-02
2.946996418598127221e+00 9.715488740913595933e-01 6.925571897702580770e+01 2.220829180713929790e-02 1.292284537811236311e-01 6.248750610967857000e-02 2.602479732105342919e-02
2.813069194258404515e+00 9.760858993724350618e-01 6.852505796935223259e+01 2.250496082718749652e-02 1.184817804523232709e-01 9.431444861515313194e-02 4.248044190684725774e-02
3.149997405148500462e+00 9.841565504043594537e-01 6.911114662406708931e+01 2.220344902067290793e-02 1.194760008620944641e-01 2.193631165625835669e-02 3.756476340431925964e-02
3.149597054403217911e+00 9.423533473064920063e-01 6.963353735995009686e+01 2.246977457273935039e-02 1.215775693626961196e-01 6.714122683790242629e-02 7.452213588228402685e-02
3.137308497769329296e+00 9.574247979565195799e-01 6.805721394776831801e+01 2.227503469915941350e-02 1.164430369097051443e-01 8.508053621916644715e-03 5.732525604474059122e-02
3.193537189612472460e+00 9.474835581686082975e-01 6.875953332785583427e+01 2.249511403810940113e-02 1.141070661293492605e-01 2.057186400533419016e-02 4.599431850263051291e-02
2.813042820069483696e+00 9.594588072889951302e-01 6.800750780411279095e+01 2.233674786384761898e-02 1.167741499948812683e-01 8.242166249812939161e-02 5.972139509589856343e-02
3.101448777673552648e+00 9.647976356596303926e-01 6.857975748535457683e+01 2.248016142349164997e-02 1.194278271138726893e-01 6.537398614035475064e-02 2.207938714464418792e-02
3.019595085135792001e+00 9.055712123075284614e-01 6.837433441348302665e+01 2.237988852622363120e-02 1.207363107015572978e-01 7.241636995616096417e-02 7.630776308392435425e-02
3.108603002234763490e+00 9.201684705153252430e-01 6.902694493137532561e+01 2.232150718107871537e-02 1.217808398091382860e-01 8.809446827773459877e-04 2.005914259426927818e-02
2.867335961506825459e+00 9.922130159053498266e-01 6.781785478325107874e+01 2.238000160500818597e-02 1.105344086544906845e-01 3.327799775684592287e-02 1.415455293923170363e-02
3.185566253833106654e+00 9.599767247441119977e-01 6.901528233317458216e+01 2.234909222943103069e-02 1.168635171638298803e-01 1.634398036299130816e-02 2.584546904132392631e-02
3.079025188679005876e+00 9.188891490132116147e-01 6.789019103323323634e+01 2.212596088691881971e-02 1.128425602249222559e-01 6.795899108041372760e-02 2.338886285787466351e-02
3.072772166197783150e+00 9.569702815016057906e-01 6.877578747062943876e+01 2.256319374443309378e-02 1.159860253491498544e-01 5.157540376671918003e-02 2.376552979839690466e-02
2.911836335945992893e+00 9.090767960532799563e-01 6.814232228801618874e+01 2.253745504416142936e-02 1.112072913589202683e-01 7.118442042570609363e-02 1.646504984975157709e-02
3.122652092967599380e+00 9.184066339931854506e-01 6.870363538566128625e+01 2.234901449994150871e-02 1.175851280486779060e-01 1.277412024686822023e-02 6.173640515422180314e-02
2.905611938207497857e+00 9.470122579927261475e-01 6.822022917124044739e+01 2.203057685026440018e-02 1.138143040722943977e-01 2.453635343307813965e-02 3.864969324868068601e-02
2.963893030772805748e+00 9.916576397378445984e-01 6.887008846571148979e+01 2.217675846586452879e-02 1.146394850511059937e-01 4.203214738414032259e-02 1.718047685277741127e-02
2.982422721598686710e+00 9.116699113954713773e-01 6.925037106587336666e+01 2.251953091651867633e-02 1.207889121223944956e-01 7.240489952171505483e-02 4.484647432558045571e-02
3.094774411548132598e+00 9.583525367075931278e-01 6.897947713358546196e+01 2.216024637239421419e-02 1.178134588139760491e-01 4.596100178248108646e-03 4.372344105139214232e-02
2.915419742282995053e+00 9.108044491753857219e-01 6.921395700181993504e+01 2.227260544565293557e-02 1.154925367894376054e-01 1.049062118045161057e-02 2.590941204147290816e-02
3.131810354009887387e+00 9.046850227496576746e-01 6.878266348401650987e+01 2.204139625858850954e-02 1.135071266718856164e-01 2.722761931693758186e-02 1.867059403503379400e-02
2.812030386456289666e+00 9.983165784686112154e-01 6.850783851997177010e+01 2.209006211290156022e-02 1.142792448706817510e-01 1.577213401781637700e-02 6.963208445688492954e-02
3.192238912116755145e+00 9.867723652337613283e-01 6.916911832503524238e+01 2.245057079327679103e-02 1.183005606135949794e-01 1.892725559783725586e-02 4.981093772057718083e-02
2.982120503499810393e+00 9.053530839390102614e-01 6.805701772626746049e+01 2.222944139842431346e-02 1.149514924345152456e-01 7.059412344063327460e-02 5.530577655880748039e-02
2.972028500736441092e+00 9.003870294003133434e-01 6.959852924340719937e+01 2.254461852292599308e-02 1.244128929730311667e-01 4.099844847461311947e-02 6.719024353288011175e-02
2.996877506469829200e+00 9.880436390332892893e-01 6.801653974623232557e+01 2.216035139909148036e-02 1.119489645178429749e-01 9.852706460109267317e-02 7.798286238645357749e-02
2.931524300557878604e+00 9.233190571653427936e-01 6.856578685133221995e+01 2.220570132332074648e-02 1.182342094247771924e-01 4.397438778089588635e-02 4.843822545783464661e-02
3.043468359342892171e+00 9.876070719995760916e-01 6.839905527372579286e+01 2.209373547001448543e-02 1.148057054746596112e-01 8.077162567250462111e-02 5.954228529359160971e-02
2.947919594664759391e+00 9.549353227452982429e-01 6.769010940223780892e+01 2.225368542871974248e-02 1.181535862321892311e-01 6.004813455212411333e-02 7.380362971050072329e-02
2.815789366970461227e+00 9.632494325097860077e-01 6.835833417987070959e+01 2.203355679845985307e-02 1.172665689044642828e-01 3.052180125261867022e-02 1.262730682405485520e-02
2.971929483775070935e+00 9.276933111004975752e-01 6.885499868761183961e+01 2.250102760209607769e-02 1.255847927897194571e-01 4.600244478160361861e-02 3.406611795626915407e-02
2.993109146590718250e+00 9.508926348005255491e-01 6.829358068630614298e+01 2.201247864914866736e-02 1.207498826787308521e-01 6.074785492905509371e-02 6.066754859269380545e-02
3.102250444403571006e+00 9.100961515753066555e-01 6.836805468664954333e+01 2.236439564194950963e-02 1.168537439018434154e-01 6.413470835316885388e-02 3.214959874971641540e-02
2.886684028521464551e+00 9.557394808090253768e-01 6.933733888146835511e+01 2.236851451491193160e-02 1.240986062865136741e-01 6.810344499390301454e-02 3.084339251160364559e-02
3.030308865244274230e+00 9.825402252975999895e-01 6.953741011301899277e+01 2.253869051600473211e-02 1.199367894177493787e-01 2.643151420026189705e-02 1.574053376642530616e-02
2.870130878809153518e+00 9.861095364918759376e-01 6.835890588094986242e+01 2.211180744545893431e-02 1.228387873097750993e-01 9.413074230720365129e-03 3.758410684825379960e-02
3.129214989093343835e+00 9.554740890216371074e-01 6.905528896044801002e+01 2.232024724877510607e-02 1.166334176104000531e-01 8.930341646196326977e-02 6.228510697206386670e-02
2.964217289509481823e+00 9.086733695972449842e-01 6.939036555173876764e+01 2.256580170790429066e-02 1.153357794168021061e-01 1.241770320098011318e-02 2.465673341180999248e-02
3.185612595273755954e+00 9.761973688069642829e-01 6.816089164107189902e+01 2.207832948139158355e-02 1.116678692464763006e-01 8.521752093936968420e-02 7.585067517086319100e-02
3.180337732241865112e+00 9.784471020012281972e-01 6.801177058443479950e+01 2.231934092280091556e-02 1.175183716019252700e-01 7.615623997167007830e-02 6.962979680778076663e-02
3.105768243248705485e+00 9.428963604396730647e-01 6.834535012695798173e+01 2.203430373911512488e-02 1.131969142347814816e-01 8.293455650831248194e-02 2.457842804310570589e-02
3.018093588723012477e+00 9.890767684067780507e-01 6.844456100739365922e+01 2.223573783868071710e-02 1.178031208469313279e-01 2.313201715448048867e-02 2.092036595938145255e-02
3.094105411548344176e+00 9.140101752313359862e-01 6.813167005394092257e+01 2.206035305230118551e-02 1.147692390296586734e-01 3.151640188987793467e-02 7.360105768009103655e-02
3.165937957733124364e+00 9.828249476254723449e-01 6.904561023730686031e+01 2.247415280957989342e-02 1.125434822716755989e-01 5.496152128288785133e-02 2.033632967900759342e-02
3.080238688569731043e+00 9.606668655222925235e-01 6.905084068562173627e+01 2.251206171326027711e-02 1.137577544388895107e-01 6.659980774347951452e-03 3.755504366054460835e-02
2.807053837592127010e+00 9.753470042999557998e-01 6.860237721365577102e+01 2.214377370335721129e-02 1.145191043974444767e-01 9.892568540912190234e-02 6.319751865927412948e-02
2.800902197986821829e+00 9.064760658349959588e-01 6.854445847785807189e+01 2.223473483005296639e-02 1.226145095559453002e-01 1.488494418954044995e-02 5.290784162351576392e-02
3.196765652949469239e+00 9.060120942719087633e-01 6.908470071093223908e+01 2.258216807756904809e-02 1.182960408504532407e-01 2.086941170427182579e-02 4.045904220425868697e-02
3.089155686754186725e+00 9.614609870167496464e-01 6.848465476035431720e+01 2.207200931674499489e-02 1.141376996092991480e-01 3.288752530641886329e-02 7.479348441837008199e-02
2.887882664409171074e+00 9.831865904634021769e-01 6.878763293762979458e+01 2.259408064097997298e-02 1.134206155359980123e-01 5.300995294324746532e-02 6.540027881639583207e-02
2.892847501931341991e+00 9.371875977498875798e-01 6.870305908041912346e+01 2.249163965079111968e-02 1.155347852858626123e-01 6.687105892788929029e-02 2.149658672133068077e-02
3.085929528187883797e+00 9.999113371368543168e-01 6.811355604639766170e+01 2.204440698246634342e-02 1.121765149340450268e-01 4.097926380919508088e-02 5.170590928731053082e-02
2.946590628712523863e+00 9.561621357099212570e-01 6.820025409673149852e+01 2.215329139909997039e-02 1.177091232986581248e-01 5.846147132925434697e-02 5.808747315829386471e-02
2.912638365760726433e+00 9.434035143289332126e-01 6.782799281251014634e+01 2.204686653404885205e-02 1.157825199746135014e-01 1.144050330666189844e-02 4.166253277242380065e-02
2.924262232749212043e+00 9.808794587660576436e-01 6.893838662128592887e+01 2.240957571019617373e-02 1.230812301214144061e-01 7.517656555391627818e-03 3.307875975448249656e-02
2.815300930602077312e+00 9.539621106947380191e-01 6.922286379567785275e+01 2.257583649629020181e-02 1.188151634015664065e-01 2.269677771260750904e-02 7.778853357220880116e-02
3.162697319920982686e+00 9.097636651848663991e-01 6.891449964302536557e+01 2.219311854050570396e-02 1.209884725929170624e-01 6.403350808611730019e-03 6.157637110646929646e-02
3.148672824457351194e+00 9.231389931582331121e-01 6.815235708118041202e+01 2.201246289021719163e-02 1.268502417428675477e-01 7.596803720814226946e-03 4.436671659000390039e-02
3.016987157978230805e+00 9.646345700185106065e-01 6.854847847962645346e+01 2.223729696371655809e-02 1.156689000872223039e-01 3.123179963474817175e-02 7.863722396469892406e-02
3.064112632249191837e+00 9.139983900940098493e-01 6.843758531303555515e+01 2.232046552679972651e-02 1.169457690217117762e-01 4.063392313404629030e-02 7.699455423641807239e-02
3.012289230086112379e+00 9.273204818949527528e-01 6.812372910953224903e+01 2.208522449444446159e-02 1.179682923294620295e-01 6.553467738713962543e-02 5.230246452424108794e-02
3.164843669075046328e+00 9.768026847621688047e-01 6.759547822582774756e+01 2.208205951654278534e-02 1.107155790242520532e-01 9.645060620289292591e-03 2.979366605530473638e-02
3.090966908114179734e+00 9.413021255873803561e-01 6.857767658377558462e+01 2.255503962014548253e-02 1.152840717632874629e-01 8.729900904908334536e-02 1.303573792701718560e-02
3.198591097038203213e+00 9.651524587062828564e-01 6.969290252388992712e+01 2.256128881195789901e-02 1.253146373492340371e-01 3.353229425174375500e-02 3.280507351174918873e-02
2.930538961254331998e+00 9.901724382658440016e-01 6.807763395359930314e+01 2.204318523739199481e-02 1.114380753839143423e-01 6.842988754471984736e-02 7.604684728966190632e-02
2.899246469408589100e+00 9.399376716813280241e-01 6.858284071659868175e+01 2.243104476344927323e-02 1.151910550220692775e-01 2.767309051555807628e-02 3.858626347087125430e-02
3.115193317099568038e+00 9.410372142622952518e-01 6.932716009830078008e+01 2.209667167943171057e-02 1.168762219167489291e-01 4.329554313708294105e-02 5.790725980918661614e-02
2.851076845581618446e+00 9.680605432666461452e-01 6.828444797604946359e+01 2.225905892500422076e-02 1.198028581905494633e-01 2.707128763728636894e-02 5.161521421908201596e-02
3.031798296005806304e+00 9.052954471911178747e-01 6.859587667763486252e+01 2.245389959270938443e-02 1.142858640734588233e-01 3.552827263040519989e-02 4.245517772118609368e-02
3.120828041180898182e+00 9.060571285003320430e-01 6.870625086041259522e+01 2.243492328105078579e-02 1.193121070588676891e-01 5.185832952771765592e-02 7.092777476620436283e-02
2.940087562627867523e+00 9.727612120889259639e-01 6.875193960230022583e+01 2.251215739798884119e-02 1.210766105420221506e-01 5.788176418473230112e-02 1.887476305851176067e-02
3.057282903778652638e+00 9.008803679319994373e-01 6.907172207717427170e+01 2.258776777966161123e-02 1.209091154709626137e-01 4.661408180208918145e-02 5.054589921443752160e-02
3.070316204842834296e+00 9.834394046093585251e-01 6.825906201771292103e+01 2.217430153484379468e-02 1.171771428171955315e-01 9.044640808609483162e-02 7.556888466248684599e-02
2.933854678628377677e+00 9.446695005828655844e-01 6.919706505583118883e+01 2.214019796292820280e-02 1.289400927378039352e-01 1.878113350518534341e-02 1.550876667034217782e-02
2.982145481784340912e+00 9.676377775840284690e-01 6.922013357195373828e+01 2.217542150447678051e-02 1.236635202463931271e-01 6.500835114198305620e-02 2.730321208645770936e-02
2.900332613277750937e+00 9.933171084510463711e-01 6.836312290425667015e+01 2.220671812334555975e-02 1.195958962880585147e-01 2.726394113034154298e-02 7.945096520514208227e-02
3.020472010039243482e+00 9.883390830310716524e-01 6.965146563019082748e+01 2.232549173425169009e-02 1.228042074826331403e-01 3.081095355291316867e-02 1.988872227114766439e-02
2.862122335740953538e+00 9.387042588757793515e-01 6.873572892312540716e+01 2.238394377401345045e-02 1.281751266168931758e-01 1.165716522608783957e-03 6.504830563125327259e-02
3.185856281458687711e+00 9.424164379312778284e-01 6.901550363454455805e+01 2.220824024295454599e-02 1.167721800314463904e-01 9.473674043802554623e-02 7.518698691682899893e-02
2.922183341085637487e+00 9.143124901672942118e-01 6.826454273898693259e+01 2.255556433590315962e-02 1.112509691415099755e-01 8.817429512186884810e-02 2.032323094565820221e-02
3.113847261868276650e+00 9.646456410892346733e-01 6.843194192796156017e+01 2.216664062987754383e-02 1.166142542174561508e-01 1.645520455820490002e-02 6.854140814355191846e-02
2.950156806097440132e+00 9.619026742046836720e-01 6.942468912150891924e+01 2.221812165545352172e-02 1.230875119449319627e-01 3.712256521901379641e-02 6.128452105584906995e-02
2.903069104593271721e+00 9.971233540426736042e-01 6.923474117872993361e+01 2.248345374128777815e-02 1.176537806621078264e-01 6.031590712294422618e-02 5.171990014140075143e-02
3.199894415342760645e+00 9.200098062018728928e-01 6.931288479346454778e+01 2.213995418879568730e-02 1.158764825239057827e-01 7.225327315884544355e-03 2.256339289018408772e-02
3.013655894875839625e+00 9.015404194945870753e-01 6.947151928541815380e+01 2.255975885303100961e-02 1.176075219886499740e-01 5.924010430370745678e-02 7.016116475375518136e-02
3.058569995155051569e+00 9.209404320615740547e-01 6.842902028829252004e+01 2.223721824142412332e-02 1.122898066380894899e-01 9.955186660513115626e-02 1.096830570133871044e-02
2.828926735347186305e+00 9.451252084014637456e-01 6.820453180524080494e+01 2.225475215641791946e-02 1.203310364850768144e-01 2.454977999159359270e-02 3.899721643352251771e-02
3.021838363180534781e+00 9.767150288266821523e-01 6.921455222731400170e+01 2.217281341752842111e-02 1.202793764161172868e-01 7.786983327139039568e-02 3.586871407605220913e-02
2.879581338113971878e+00 9.691388879822648850e-01 6.912773570020782188e+01 2.238924565739414813e-02 1.253572137819838339e-01 1.312210959971814653e-02 3.265482202235496512e-02
3.089823752950703106e+00 9.603197675572338055e-01 6.904666563521958267e+01 2.217043687301850641e-02 1.188200724338246556e-01 8.361890357170570498e-02 3.156831857329805285e-02
3.102010343210706900e+00 9.636304209609535265e-01 6.888659910521231211e+01 2.205826257013809161e-02 1.256648746418781992e-01 5.977259284751429425e-02 1.927084143925777981e-02
2.982967228142896499e+00 9.600890192983179139e-01 6.866055629645570946e+01 2.236628912188012505e-02 1.102103097261905862e-01 2.219938137810835432e-02 6.115243401370715898e-02
3.129102334688919296e+00 9.861076133189706772e-01 6.844219260126310189e+01 2.210851497151097161e-02 1.129008624791889293e-01 5.468222005117769069e-02 2.595591563418688658e-02
2.923543896468444370e+00 9.944684360873584650e-01 6.901219520585692635e+01 2.240874756523030323e-02 1.144749707530565430e-01 3.834140125807327520e-02 1.826497018635202946e-02
3.038064780755984629e+00 9.637148572364201415e-01 6.880759831333973864e+01 2.232214084374184102e-02 1.237467424198307048e-01 4.323468668638733720e-02 1.384963905067669414e-02
2.890067477085354497e+00 9.102864643534205324e-01 6.872649767873159021e+01 2.247061455042854983e-02 1.143783610654679622e-01 5.289824505072877880e-02 6.784803780554975183e-02
3.014703403883251642e+00 9.435471578215088861e-01 6.892567939492400342e+01 2.237176808432116137e-02 1.258498618019098514e-01 3.575005857045598229e-02 5.601726181895427814e-02
3.005261028024901915e+00 9.606261898370708208e-01 6.897101191250331453e+01 2.203721556285334268e-02 1.141287258814169397e-01 4.325221667993944114e-02 2.695849091236988959e-02
3.141443411909056849e+00 9.817594965820670705e-01 6.887925989196091336e+01 2.234762015131378649e-02 1.228195826283677711e-01 9.670310875972430720e-02 5.957423032984773825e-02
2.923110468947310192e+00 9.400489637031663737e-01 6.870153986530441159e+01 2.257629552074067597e-02 1.203130482415292885e-01 7.240820194001684751e-02 7.274874282350407562e-02
3.134977906696013061e+00 9.279762698780074093e-01 6.907608289178814687e+01 2.254124124888158553e-02 1.209694879299138687e-01 7.603075225138134635e-03 6.493203412338111047e-02
3.021770527214463709e+00 9.997287603306472814e-01 6.834016758486416165e+01 2.242975691301949195e-02 1.107522089400110182e-01 5.347558264418422747e-02 6.371454780693740216e-02
2.969535564810438011e+00 9.432519001516893598e-01 6.933886991990304693e+01 2.232489421013264183e-02 1.159225157911887710e-01 1.994384447519910453e-02 2.991109356998647439e-02
3.171953181567145119e+00 9.510160990277719550e-01 6.901309578029903946e+01 2.244719322064931549e-02 1.106955825279382771e-01 1.312777345090299216e-03 4.582017731298210217e-02
3.161778210869800265e+00 9.554234330061951441e-01 6.820078850578219942e+01 2.242289223716831259e-02 1.172273749244286539e-01 7.700612569116334349e-02 6.035418676117592501e-02
3.028327893518272695e+00 9.614095693363944317e-01 6.927663543596061402e+01 2.229411499757872131e-02 1.277488024296893065e-01 7.890571032762455639e-02 5.929340770307170438e-02
2.800380511496845859e+00 9.369464227100418041e-01 6.816225392329687338e+01 2.217589978793205879e-02 1.189606472418331673e-01 7.323894061039754044e-02 1.567105111811117196e-02
2.959615863816272618e+00 9.530565611231256451e-01 6.861520512662022497e+01 2.228922282841023714e-02 1.222755836719267436e-01 7.941612154778134036e-02 1.434813049114478344e-02
3.029982464590280422e+00 9.461477025473012947e-01 6.970697613709023699e+01 2.249445491175803072e-02 1.280446115346978719e-01 2.225664804434024629e-03 4.645679029155513895e-02
2.983890751634102223e+00 9.671297334724193728e-01 6.832991943706389293e+01 2.232737430079730079e-02 1.162434944266073633e-01 7.702056888392903866e-02 3.556215981423958145e-02
2.868520826618373931e+00 9.824934040014464687e-01 6.917568752165576029e+01 2.233732304561483056e-02 1.283555637362347734e-01 6.437033818563650533e-02 5.119789707864282058e-02
3.091091597773982347e+00 9.805240710006489779e-01 6.851099710172732671e+01 2.242870466682552258e-02 1.132882592413029105e-01 8.619133074566442954e-02 7.374493230455576864e-02
2.892134944633330651e+00 9.604173508693184536e-01 6.944562305626513421e+01 2.234219747997654923e-02 1.212782619628309938e-01 8.460935021977354642e-02 1.910111926783205488e-02
2.921749973074010853e+00 9.564031476546704935e-01 6.919699080020224358e+01 2.251452528564596572e-02 1.214867253401921282e-01 1.038826537991172083e-02 7.131867153414014893e-02
3.006111398088505027e+00 9.759499138524033723e-01 6.835995466178135871e+01 2.209837970512822103e-02 1.220758996775368754e-01 4.415030988725122084e-03 5.446385020504280333e-02
3.013143966359232984e+00 9.361366780767119700e-01 6.915729602086308603e+01 2.216982147826744229e-02 1.249062832725840871e-01 8.523344270581812571e-03 1.064768593045329649e-02
3.034065289257644071e+00 9.782329071150056565e-01 6.862407940647365479e+01 2.212056769850462637e-02 1.115640981424103340e-01 8.240764040971365612e-02 1.122579147675417666e-02
2.807977616429302881e+00 9.973603215340420824e-01 6.902280406310167393e+01 2.254017974475142419e-02 1.145006514812565018e-01 8.655060906364886453e-02 3.116806009917885700e-02
2.825948087715097756e+00 9.922430534350183962e-01 6.818694717126486182e+01 2.244815441484511800e-02 1.159920430121603452e-01 9.560514672215697507e-02 2.512930893528343007e-02
2.998809309085828545e+00 9.076886415136456998e-01 6.968461080251026374e+01 2.237405589313575666e-02 1.238349437029263311e-01 3.488391742504544368e-02 1.900041446515852300e-02
3.123007723583282491e+00 9.857041624766746946e-01 6.921260551552450124e+01 2.258687309219802042e-02 1.164388931885852047e-01 2.740127054900089176e-02 2.857660289200304043e-02
3.060034135436736413e+00 9.557879898830076160e-01 6.898725515572601807e+01 2.235744536996946141e-02 1.208943066822717183e-01 5.454495836883344051e-03 6.033995379664675029e-02
2.988943361819398348e+00 9.201678356482488885e-01 6.947661029418995327e+01 2.210988657209014135e-02 1.234202240909937354e-01 8.154766696664862008e-03 6.246397942566807998e-02
3.071671414096220243e+00 9.357947713958107983e-01 6.890088663132569025e+01 2.258593248426931169e-02 1.144477548598208799e-01 8.211034755724666567e-02 3.799322058454163847e-02
3.162228997956856524e+00 9.889605300373018881e-01 6.861161576693761788e+01 2.224219122169237076e-02 1.163696107232918137e-01 7.390033425874889539e-02 2.460870172385472981e-02
2.823243781072214631e+00 9.827206014478248042e-01 6.867334629533357315e+01 2.236028509603671041e-02 1.144095507650095128e-01 3.156745331769720414e-02 3.017649450283954593e-02
3.131816554567863342e+00 9.825920894663279226e-01 6.881342733228150621e+01 2.252210110236627788e-02 1.206370943831816395e-01 1.339800013599572528e-02 4.912864577794427701e-02
3.180035993209409995e+00 9.131428799758526393e-01 6.872350429040088216e+01 2.250187312043591681e-02 1.197119482677365954e-01 5.642810081356797181e-02 7.595879166100570623e-02
2.957054051711349718e+00 9.415278922672964956e-01 6.847967556256492117e+01 2.208816941303971826e-02 1.240318783589447332e-01 2.236333894359834526e-02 4.011617552633469502e-02
2.820173680938825367e+00 9.321342154825007498e-01 6.836874601129285622e+01 2.233844816464158542e-02 1.130005344654962662e-01 1.818533640433148829e-02 1.945904516473234008e-02
3.046200028289775652e+00 9.910360932980576409e-01 6.858809132892302785e+01 2.224647219244077143e-02 1.125673708526952616e-01 1.528082388746229182e-02 5.499125073511034606e-02
3.105534179960902197e+00 9.763746418893511914e-01 6.839005543420387312e+01 2.202667507012575840e-02 1.205230746337318248e-01 5.632722571434221198e-02 6.567974275175805787e-02
3.015229316701489193e+00 9.102720803492677648e-01 6.821936082296849690e+01 2.223565887317554765e-02 1.151313557134178434e-01 8.273569509478075068e-02 6.572427362515356752e-02
2.865832075884272800e+00 9.762054914260250849e-01 6.814006808056275588e+01 2.212474786101751439e-02 1.212285379582298400e-01 2.781568670576126806e-02 3.968010715276076850e-02
2.909430440802273310e+00 9.682788588478923320e-01 6.754934845594776505e+01 2.203816463799373321e-02 1.119910478649357305e-01 8.618357963356977625e-02 4.641217434080906895e-02
2.813544459505878503e+00 9.227929053263543846e-01 6.896101678583453065e+01 2.235296772238202362e-02 1.160707858860342834e-01 8.642554886235549738e-02 3.198335993475181355e-02
2.966176518003511120e+00 9.211121755610104378e-01 6.909812870200227053e+01 2.208124910622536602e-02 1.203138618524181719e-01 3.401624249945001122e-03 1.159151587746904896e-02
2.861881677497952303e+00 9.584831353312466273e-01 6.798893622210461274e+01 2.216685360044443401e-02 1.134548033842472659e-01 6.937658449781355929e-02 4.187348676257388047e-02
3.120631581057519366e+00 9.719444927614080409e-01 6.804158172364898860e+01 2.204643682359456319e-02 1.108470817847686668e-01 4.910814915364405259e-02 3.036630524095649403e-02
3.166456947845883718e+00 9.160197350429108987e-01 6.908489331681877843e+01 2.254256608026438888e-02 1.189084411948181375e-01 2.994203011731687639e-02 5.667775987299571161e-02
3.001390395129285515e+00 9.313787767313738142e-01 6.837186491193038762e+01 2.206247747798968303e-02 1.125071065802453196e-01 7.928458427918227969e-02 4.631291561898853021e-02
2.964921855884525836e+00 9.759796863474238249e-01 6.930240409229398324e+01 2.228372017610098788e-02 1.257240521307027292e-01 8.413061328123476457e-02 6.462697395354168040e-02
2.984787328057303846e+00 9.240332839435811962e-01 6.908456920106945631e+01 2.228953507371992521e-02 1.169647019528996801e-01 1.739829758622754574e-02 4.403400131106219306e-02
2.880285801778795562e+00 9.675398479358261472e-01 6.879056969169668889e+01 2.240878571296379268e-02 1.128093504696175559e-01 6.984427134960373429e-02 5.530164890164943753e-02
3.198904556796926979e+00 9.090404182704581171e-01 6.873825583805535189e+01 2.219533583575297384e-02 1.200493856343127913e-01 3.995061815648049373e-03 1.217851560764096099e-02
3.196576137081697411e+00 9.342180415053144005e-01 6.806386082179533048e+01 2.202517832323403618e-02 1.132845128212708607e-01 2.251216513032788802e-02 4.776774245855556350e-02
2.832505856572935521e+00 9.179451816045788304e-01 6.866698855254567491e+01 2.204254710942510700e-02 1.199335539430108621e-01 2.675756910051551099e-02 3.244037305522256415e-02
2.950708777292829765e+00 9.822937886248424011e-01 6.907255376776186040e+01 2.248672217215035019e-02 1.191745477258135261e-01 6.066125304861905154e-02 5.873269760194482075e-02
2.974531387130516347e+00 9.355730896657400431e-01 6.858589935693592565e+01 2.209040853842788796e-02 1.264377855315246824e-01 5.600700506198946771e-02 1.493105991720445301e-02
2.992677775208814950e+00 9.491393782866519579e-01 6.866303468016212719e+01 2.248425293281181708e-02 1.145708488731259217e-01 6.935048584107895986e-02 7.096076043911565823e-02
3.176339289211849159e+00 9.556538071432533199e-01 6.860473322171429800e+01 2.218954200084504932e-02 1.197714378334454599e-01 1.553628358740315532e-02 5.561519143333257947e-02
2.979510558619377747e+00 9.329337339321879252e-01 6.875744428971377431e+01 2.217094959807408561e-02 1.168889681209014098e-01 3.880521285167498613e-02 5.826557062775489931e-02
2.917200256138205550e+00 9.280280481591848263e-01 6.848991121663843273e+01 2.228943388421750216e-02 1.120475122478709062e-01 1.795638898360379931e-02 5.159181061539822033e-02
2.917522564381248351e+00 9.289321994470591815e-01 6.850501816774905706e+01 2.253706399980752104e-02 1.153665566843341261e-01 9.830651838390178088e-02 7.135585286900016089e-02
3.046796915794836025e+00 9.724793381974508044e-01 6.912417050136147623e+01 2.257934504747424048e-02 1.186120679159381186e-01 9.490128446778040017e-02 1.938334038729516012e-02
3.037240546652522521e+00 9.296888341322835370e-01 6.796474545648133869e+01 2.200736906115279001e-02 1.116048441819322834e-01 8.779360850716480535e-02 3.618373421675775969e-02
3.159269675362975427e+00 9.210345236064542140e-01 6.848207828044785117e+01 2.237716249613999620e-02 1.139850182726413058e-01 3.750464779128432485e-02 4.577557333288102825e-02
2.957895016212265471e+00 9.902016340990619225e-01 6.840836148019538143e+01 2.252869610236972464e-02 1.169521034201025239e-01 3.329567201145963024e-02 6.079698638162675528e-02
2.982145481784340912e+00 9.676377775840284690e-01 6.922013357195373828e+01 2.217542150447678051e-02 1.236635202463931271e-01 6.500835114198305620e-02 2.730321208645770936e-02
2.915403494750190116e+00 9.022766323072231032e-01 6.947636425437511321e+01 2.251367295393906856e-02 1.250372262163078341e-01 7.788773316576128036e-02 7.591960349042220502e-02
3.132240714798172565e+00 9.713378329221563634e-01 6.924961681695111793e+01 2.253606810239922043e-02 1.220046921166604570e-01 5.916240806017685622e-02 1.251862320932161862e-02
3.187676557033116254e+00 9.155547980473363046e-01 6.851482357763207176e+01 2.248475673775372427e-02 1.141210020508750256e-01 8.952839831889389255e-02 7.256217111731499969e-02
3.098576413086287396e+00 9.178115719112840409e-01 6.901302565267785383e+01 2.240062162752576996e-02 1.196837277013063638e-01 8.528563888622285594e-02 1.059338585670894194e-02
2.928384357917706904e+00 9.406064786879463346e-01 6.857525519682943127e+01 2.207054749734243052e-02 1.157924182245745198e-01 5.006301057266304873e-03 5.641074979336856837e-02
3.042105448405860280e+00 9.232378777142655757e-01 6.855165264352092436e+01 2.256094403464768000e-02 1.117823385202682818e-01 4.180624814921293092e-02 1.917087833189584645e-02
2.908744418901422879e+00 9.879622920530346519e-01 6.942761942887742066e+01 2.229505018933319524e-02 1.218397898976221749e-01 8.307104316322169724e-02 7.287033712725024537e-02
3.068886652722282449e+00 9.539790271160234481e-01 6.856718254850702010e+01 2.221984835375459197e-02 1.156805883458079942e-01 4.889696755096460679e-02 4.845448608350218928e-02
3.089199493895067761e+00 9.211821231976942137e-01 6.790194069948871913e+01 2.210404941463701978e-02 1.202747338894472606e-01 7.989525335888497670e-02 4.644597963312608463e-02
3.012333942346649973e+00 9.815604318642145998e-01 6.808408986811377872e+01 2.212959682068152065e-02 1.147817587585925059e-01 4.868650379435518483e-02 5.112490524101210437e-02
2.865870346705472471e+00 9.016641651973389404e-01 6.923814878524233052e+01 2.240262678191619686e-02 1.117201785857054736e-01 5.294803245271827857e-02 3.921002821866981236e-02
3.116427183293694281e+00 9.477051021114444307e-01 6.849186535771480067e+01 2.230873858044241098e-02 1.176252867279873326e-01 5.512405492949123964e-02 1.743425017521560774e-02
3.067902843464247464e+00 9.163541284336239601e-01 6.861299178680468458e+01 2.219212968747497766e-02 1.180132766276910938e-01 2.062086974437421158e-02 4.315306859916849536e-02
3.119746493126777764e+00 9.603061392561766940e-01 6.841053519554691320e+01 2.254443696892829974e-02 1.143099839490002295e-01 6.782164627181751226e-02 2.417751586911014508e-02
3.134089915041887053e+00 9.909516229089809780e-01 6.859541642667970507e+01 2.219857003351613511e-02 1.114262080252955561e-01 8.843819899840947574e-02 5.492837129428067289e-02
3.170833412634136650e+00 9.134275287555084777e-01 6.877196835998350366e+01 2.223783752553030318e-02 1.170379164714842879e-01 4.312966236317377494e-02 7.226719676259107938e-02
2.886684028521464551e+00 9.557394808090253768e-01 6.933733888146835511e+01 2.236851451491193160e-02 1.240986062865136741e-01 6.810344499390301454e-02 3.084339251160364559e-02
3.132240714798172565e+00 9.713378329221563634e-01 6.924961681695111793e+01 2.253606810239922043e-02 1.220046921166604570e-01 5.916240806017685622e-02 1.251862320932161862e-02
2.832273310908232311e+00 9.349966202436243989e-01 6.843244626997305602e+01 2.227535134482666254e-02 1.179215867497690196e-01 5.479238352062640316e-02 4.378509343927067254e-02
3.007006416003924709e+00 9.618898843218826045e-01 6.960044215235247123e+01 2.244310872638245052e-02 1.290433747023307098e-01 9.742195548324460164e-02 3.414122397747829107e-02
3.086494793788023827e+00 9.894156327670347029e-01 6.882519479278032293e+01 2.255678732351386676e-02 1.218235113063564218e-01 7.684507568949019984e-02 6.904217277376013817e-02
2.973085062357159192e+00 9.981756362358369383e-01 6.916165678894385849e+01 2.237205767180441493e-02 1.175883286849610382e-01 6.979550363902767285e-02 5.100748545630758718e-02
3.004205660942318445e+00 9.278733787220557749e-01 6.939569157281414391e+01 2.253952897616131462e-02 1.220564768187451382e-01 4.509011105152161553e-02 2.888043847051553759e-02
2.801536855285624128e+00 9.393549522376694050e-01 6.846383717534612856e+01 2.205190351283882466e-02 1.161130510632398111e-01 2.220186541139234845e-02 6.589150359497493448e-02
3.177313891084617925e+00 9.253182554023117179e-01 6.910383244039950057e+01 2.255815202226243293e-02 1.154015849635094820e-01 6.151239737127170426e-02 7.100417912452995639e-02
3.103818198837765330e+00 9.026142346976175901e-01 6.894242754890099434e+01 2.213702189882982979e-02 1.126685325687009770e-01 6.610517745257696309e-02 1.433756502343931996e-02
2.848214865906163684e+00 9.159587902398770298e-01 6.829616183591726042e+01 2.226805152142877220e-02 1.186557876553705621e-01 6.833286154720787098e-02 7.170033030556174913e-02
2.815500836392879513e+00 9.480024611353103925e-01 6.860285149115570391e+01 2.215208345266638998e-02 1.146079974024935971e-01 9.048503709860888922e-02 5.091444507563858135e-02
3.164399782429614394e+00 9.216677594569758769e-01 6.891698916046114221e+01 2.258212406083694515e-02 1.153395116808176996e-01 1.774583805492915486e-02 1.411386338340759640e-02
2.889429326392297437e+00 9.691163498730145376e-01 6.895961103402048309e+01 2.214835132225925762e-02 1.212130824545005342e-01 1.864327609394115376e-02 4.728422682159542229e-02
3.047810970775941986e+00 9.783770644509492964e-01 6.888326020729526533e+01 2.226912874296151784e-02 1.216116182003476598e-01 9.278703705465599083e-02 1.084160734939621125e-02
3.116474311134646680e+00 9.534791502958469556e-01 6.977942068814859056e+01 2.202293975083302255e-02 1.292378218200379847e-01 3.856564408407003181e-02 2.054988225808823676e-02
2.898097877694412183e+00 9.138141813549518488e-01 6.861948405921600624e+01 2.231790172281811202e-02 1.157230890810431317e-01 8.554531148534827434e-02 5.809960970773708072e-02
2.982120503499810393e+00 9.053530839390102614e-01 6.805701772626746049e+01 2.222944139842431346e-02 1.149514924345152456e-01 7.059412344063327460e-02 5.530577655880748039e-02
3.181608193741974677e+00 9.395290446868406198e-01 6.940934263874288490e+01 2.215121285145429594e-02 1.192016419209537825e-01 1.911447008242202206e-02 5.237346391834677567e-02
2.809540852934078181e+00 9.554858516393323065e-01 6.855751876932620803e+01 2.213048544506661386e-02 1.202853875436925152e-01 6.755908313664611697e-02 2.120797481926439687e-02
3.074706363673681775e+00 9.532085092028017570e-01 6.867040796503719946e+01 2.208758962226386666e-02 1.247077463841857747e-01 6.195438643344983870e-02 3.598397132329238940e-02
2.805493731164296900e+00 9.427210313167716516e-01 6.890158643583325215e+01 2.250197532869033581e-02 1.158754617481874138e-01 9.329655791659385855e-02 3.140460332107346264e-02
2.839957955827812519e+00 9.033996538801783993e-01 6.939228519988041910e+01 2.232495857532315262e-02 1.199101046042071739e-01 4.578940112395443740e-02 2.338316922495030023e-02
2.820173680938825367e+00 9.321342154825007498e-01 6.836874601129285622e+01 2.233844816464158542e-02 1.130005344654962662e-01 1.818533640433148829e-02 1.945904516473234008e-02
2.955726025120744005e+00 9.807364309331014773e-01 6.915348210484162905e+01 2.252438899767544508e-02 1.200235062615155890e-01 7.281204653907712154e-02 4.659894615309249921e-02
3.022723530534562997e+00 9.253631204034664659e-01 6.836993166792349541e+01 2.223872197247444074e-02 1.117869421220676063e-01 4.330637739714378320e-02 6.237409367981965047e-02
2.865386443015683682e+00 9.551539822882055830e-01 6.903052146123387445e+01 2.252217728381352910e-02 1.169988899470553179e-01 8.022359443124166267e-02 5.957222053876986417e-02
2.948722994876594505e+00 9.905848623886859272e-01 6.912129928564942816e+01 2.257674894107149569e-02 1.236925133535385773e-01 1.436081298058167199e-03 2.673494427005822932e-02
2.819212036898465445e+00 9.204304506459609625e-01 6.837068183995877746e+01 2.231957129342988441e-02 1.140446360181743973e-01 8.301269786525690419e-02 1.653393663371427458e-02
3.045058738501464024e+00 9.653951374584921474e-01 6.786475739384898986e+01 2.217725059438011015e-02 1.113823907587712936e-01 5.756647656990961093e-02 3.522096923515004308e-02
3.045418062853714414e+00 9.394269283860017250e-01 6.894128701802104331e+01 2.246209086254622941e-02 1.225732353888601550e-01 3.143319523265678678e-02 6.124317774337596776e-02
3.095139414559046287e+00 9.777511558004059466e-01 6.823879174253174540e+01 2.220191350332461830e-02 1.127452509610026993e-01 1.953094638680463822e-03 7.140061285883539388e-02
3.023483147993776043e+00 9.343227807888246916e-01 6.856862509440998110e+01 2.202953847376799140e-02 1.213242962174787415e-01 7.623003357172825067e-02 1.305180531009544898e-02
3.106216215196126562e+00 9.612826238042178062e-01 6.844199300184196488e+01 2.241944669736815193e-02 1.129996280256291702e-01 3.169302695001087466e-02 5.502291126230227786e-02
3.076633606846226776e+00 9.324690455963473568e-01 6.883177669643663421e+01 2.229410285479231993e-02 1.247970395585389358e-01 3.812264615219190800e-02 1.677092398230512621e-02
2.992677775208814950e+00 9.491393782866519579e-01 6.866303468016212719e+01 2.248425293281181708e-02 1.145708488731259217e-01 6.935048584107895986e-02 7.096076043911565823e-02
3.093881184908727988e+00 9.833364958759522878e-01 6.943839047619599114e+01 2.217777975633887858e-02 1.177653046127071085e-01 8.368725376632719926e-02 5.723957054145362155e-02
2.837427341905716549e+00 9.283498684772177878e-01 6.902749231493240245e+01 2.214552262345993380e-02 1.198102374345723919e-01 8.449493573197656981e-02 7.591177665702326938e-02
2.824622795750185933e+00 9.546072108003802459e-01 6.849828568461538225e+01 2.251790143870225497e-02 1.128529559941677113e-01 8.231969457382742883e-02 2.896580994883567878e-02
2.872780053938916112e+00 9.626700411800231949e-01 6.848575232994157602e+01 2.238388211409032477e-02 1.100326562827169674e-01 6.746204466762678598e-02 4.367996932683675115e-02
2.873571978407728711e+00 9.799189828971083260e-01 6.871845137622293009e+01 2.231275676392334081e-02 1.203690155195232953e-01 6.060618581623859052e-02 1.089676557333682690e-02
2.935571338084570936e+00 9.331706145094050830e-01 6.846135011188249564e+01 2.223875720765932165e-02 1.160319024929134524e-01 8.557522296940450746e-02 7.878285322450026551e-02
2.973977106042007712e+00 9.286626748808235465e-01 6.832977236734654980e+01 2.233540713168463698e-02 1.150555591917185594e-01 9.651790210316009422e-02 7.761765290576470855e-02
2.920501001126855734e+00 9.647153615296766294e-01 6.930382214614080283e+01 2.226555320798541057e-02 1.185630972603577138e-01 8.857891744996361158e-03 2.552566908826816791e-02
2.852005700024572654e+00 9.118571997835247522e-01 6.851542092570150544e+01 2.227234181261968093e-02 1.149723908492500252e-01 9.082905137756132341e-02 3.455744872883979163e-02
2.835927709565132737e+00 9.303389894153407669e-01 6.864549606608541410e+01 2.245076610472886147e-02 1.170853889297832212e-01 6.784334212456558100e-02 7.892057953733261355e-02
3.048124937671331747e+00 9.880088822119115211e-01 6.874569700765599123e+01 2.245801474002042525e-02 1.121404108153084556e-01 9.002618009184212844e-02 4.791859043509884980e-02
3.062778777633086591e+00 9.001327049537484193e-01 6.831689025361599477e+01 2.233153988043888941e-02 1.166034736267736738e-01 7.127265934590999025e-03 1.500765905090921393e-02
2.864553376380273964e+00 9.584881438571434265e-01 6.830847429830262740e+01 2.202202021295746048e-02 1.186614920676040130e-01 8.811643394205791180e-02 1.850313054007632699e-02
3.034054989392776847e+00 9.383368638866260714e-01 6.882311469002587501e+01 2.214325170088206340e-02 1.205585102490374233e-01 8.503948300824357154e-02 3.886271451801676102e-02
2.870637506761547719e+00 9.808263164148235402e-01 6.814231614071249510e+01 2.217948009086397054e-02 1.145552368464371612e-01 8.500229967150679800e-02 6.203886039366220129e-02
3.008258445455294083e+00 9.133469374740853519e-01 6.831801417131421772e+01 2.237032419311818163e-02 1.132259668379025502e-01 8.906109989899374524e-02 5.422802130694275025e-02
2.939822110986660686e+00 9.972744583274970598e-01 6.853460321324908477e+01 2.202541988536666287e-02 1.154346559192072075e-01 6.124603796351046903e-02 1.698191330290353684e-02
3.125458378251820157e+00 9.584323502384204385e-01 6.854170319805457723e+01 2.242814421444945874e-02 1.113582619634423815e-01 3.274034259608913505e-02 6.359208811500181857e-02
3.154046643458643828e+00 9.303261921454905048e-01 6.820364899492227551e+01 2.240372408215207667e-02 1.120609638770503763e-01 7.540460121518778591e-02 3.289279077172739540e-02
3.062790004070764738e+00 9.578438145410215210e-01 6.801210525798535400e+01 2.235353960151525987e-02 1.103329035860801111e-01 3.020574837500188473e-02 2.464439649790841833e-02
2.865386443015683682e+00 9.551539822882055830e-01 6.903052146123387445e+01 2.252217728381352910e-02 1.169988899470553179e-01 8.022359443124166267e-02 5.957222053876986417e-02
2.881727473377536874e+00 9.283470350505038660e-01 6.761530123905805567e+01 2.247961855731668568e-02 1.127958551169636059e-01 6.643897580267399405e-02 1.797859514748336579e-02
3.030308865244274230e+00 9.825402252975999895e-01 6.953741011301899277e+01 2.253869051600473211e-02 1.199367894177493787e-01 2.643151420026189705e-02 1.574053376642530616e-02
3.122225908028430030e+00 9.489771486356408658e-01 6.804236320281333406e+01 2.227793256378267708e-02 1.144595987961332106e-01 6.741455100059220995e-02 4.317124141702703005e-02
2.854381371187324934e+00 9.008632145132482449e-01 6.876516497572062292e+01 2.243857955540561055e-02 1.133103910146536358e-01 5.407316806262435493e-02 4.382114094346727801e-02
2.937225277710344695e+00 9.458632041772223609e-01 6.840036319314998536e+01 2.228558809268729041e-02 1.161382842338766763e-01 4.056531501253711480e-02 5.169675659865163864e-02
3.079176606778662784e+00 9.454530562121185033e-01 6.844574345128459925e+01 2.242285808044677808e-02 1.267217117161406614e-01 5.302770408153559961e-02 6.446727278816954954e-02
2.902196901056611988e+00 9.024556897981850234e-01 6.815109625350667955e+01 2.207745848198874872e-02 1.245393770259099059e-01 1.768112123221362783e-02 4.943259706049438207e-02
3.050457638089302925e+00 9.496120329498617396e-01 6.896314534878773372e+01 2.258128112247163866e-02 1.230558895422496912e-01 4.025088601548845735e-02 4.842495197892351250e-02
2.930756452709551318e+00 9.311888791274279820e-01 6.894765538126586080e+01 2.218549941685218213e-02 1.150566301504295647e-01 5.030122168456369058e-02 7.836959141905305848e-02
2.947581143961574668e+00 9.545305188120347673e-01 6.913079674756863824e+01 2.242359978473507445e-02 1.216677982091697308e-01 5.898862308191585996e-02 7.474996834229082066e-02
3.131631660387937277e+00 9.075308110652020588e-01 6.916880765471216819e+01 2.231780799157928596e-02 1.195575533621081599e-01 2.427541361067281356e-02 4.100838643440513770e-02
2.959239456305077454e+00 9.197681857423949392e-01 6.859054924853025170e+01 2.225491472225647402e-02 1.217693173863370615e-01 6.105368017398903752e-02 3.678954132115804659e-02
3.150097622287003407e+00 9.971229298711845601e-01 6.858734329994325662e+01 2.224468432276320226e-02 1.153394810376254243e-01 1.931417847585499906e-02 1.350532677704911581e-02
2.932953274024429291e+00 9.927215120252590452e-01 6.805975888202239332e+01 2.203119629087093093e-02 1.164314096225353146e-01 2.793403088288488878e-02 2.664699076731101568e-02
3.042105448405860280e+00 9.232378777142655757e-01 6.855165264352092436e+01 2.256094403464768000e-02 1.117823385202682818e-01 4.180624814921293092e-02 1.917087833189584645e-02
2.820609441721513733e+00 9.903604134756462951e-01 6.840494482853624447e+01 2.230242343754109888e-02 1.191434399563481433e-01 9.029985433358118929e-02 4.441746904583228350e-02
3.081216225034026479e+00 9.682504542608111331e-01 6.875791136270547099e+01 2.240268694298851171e-02 1.129106254705582874e-01 3.056197947010199853e-02 4.172323899287896237e-02
3.118139256556984762e+00 9.180978269609928466e-01 6.866465881088545586e+01 2.235869046991282444e-02 1.150110174420788944e-01 6.853680297393154042e-02 3.440413238063588786e-02
3.131464380049580498e+00 9.860029236128038388e-01 6.894801411949472936e+01 2.243211428999509344e-02 1.219164338642225315e-01 8.475010150457079616e-02 2.603446281207339591e-02
2.945540229527406240e+00 9.743795592579689302e-01 6.896511280187267801e+01 2.258176546684617647e-02 1.267896790725998590e-01 1.495267597317834207e-02 2.863897429283139562e-02
2.999070074019051901e+00 9.938938599023998677e-01 6.925174817901023516e+01 2.203153523108372300e-02 1.210291710754256567e-01 8.156458543186440382e-03 3.470018408044319574e-02
2.842909738765378780e+00 9.015967442985167724e-01 6.931549907517002396e+01 2.234462428318689797e-02 1.183679651310431263e-01 4.002818573726834445e-02 2.093603975578579163e-02
2.829700265212073074e+00 9.080328202270775417e-01 6.905782185390800976e+01 2.251913782043502357e-02 1.204009986022323841e-01 1.227779815031784273e-02 6.393567744365809269e-02
2.980856812416160295e+00 9.248135518430046220e-01 6.785608806072039556e+01 2.225346822875466646e-02 1.180241187146169046e-01 5.985027754881133699e-03 1.713842120224834398e-02
3.033015721304012313e+00 9.570660551478373801e-01 6.923161162913478961e+01 2.220679132252872945e-02 1.207924801419426597e-01 9.367086950877098750e-02 4.687877133895700099e-02
2.943182134777026171e+00 9.367013664077010748e-01 6.910277687294710347e+01 2.235800063425817316e-02 1.237099868286255927e-01 6.492186611944637809e-02 2.178787533621992165e-02
2.994896441677349141e+00 9.614170168544968753e-01 6.934605521974900455e+01 2.240316883456219474e-02 1.238250831688887804e-01 6.129928100700339499e-02 3.743159317695350652e-02
2.908293136809888768e+00 9.057781029179434729e-01 6.804249263026541428e+01 2.204622566430182104e-02 1.107113943444320153e-01 7.495646239659300991e-02 1.689916426575331643e-02
3.035503683196297597e+00 9.547025679602999526e-01 6.822692814505190029e+01 2.242733198230449296e-02 1.139785434892976734e-01 2.234931889780655736e-03 6.170425978289273417e-02
3.175434719649250503e+00 9.415234585232743481e-01 6.851355514382244394e+01 2.245548932799004346e-02 1.176340978724360192e-01 3.459209139704793462e-02 7.111199833162892836e-02
2.851076845581618446e+00 9.680605432666461452e-01 6.828444797604946359e+01 2.225905892500422076e-02 1.198028581905494633e-01 2.707128763728636894e-02 5.161521421908201596e-02
2.843789707905956199e+00 9.994215667075809773e-01 6.895157626488801839e+01 2.236519526144909592e-02 1.200028843240650428e-01 6.260514608179373885e-02 3.450146855817021185e-02
3.017980610371982841e+00 9.764475954069706809e-01 6.895484029431194983e+01 2.210919410201061391e-02 1.252343392809177336e-01 1.217063375734807155e-02 7.561411443791000997e-02
2.833118376533031668e+00 9.788135120782139875e-01 6.846960483633166916e+01 2.251943883638291011e-02 1.148215839753689016e-01 4.112346335330930441e-02 7.107728219638603795e-02
3.026424277372168792e+00 9.995689893273520532e-01 6.844711912116005692e+01 2.240419868420022095e-02 1.205023628777213279e-01 4.945170503612194429e-02 2.049162869021362021e-02
3.031744972693924289e+00 9.370111357336575741e-01 6.820252435566636962e+01 2.218953427434399578e-02 1.184436582602203941e-01 5.655886807792301352e-02 4.962755988748812630e-02
2.999734214057939941e+00 9.926099642079468932e-01 6.798610707745135073e+01 2.229860806597049744e-02 1.144489516907960802e-01 1.673203915555043775e-02 6.666188739077157088e-02
3.037478148606981954e+00 9.427332015215914574e-01 6.885790353529910135e+01 2.211230217935655773e-02 1.224777985822247117e-01 8.137594554198053498e-02 1.301653946870208814e-02
3.007479882706458607e+00 9.226075045682964326e-01 6.781151241218776704e+01 2.209266811615259729e-02 1.132338019499899012e-01 2.555768775851150615e-02 1.636395541515139190e-02
3.017980610371982841e+00 9.764475954069706809e-01 6.895484029431194983e+01 2.210919410201061391e-02 1.252343392809177336e-01 1.217063375734807155e-02 7.561411443791000997e-02
2.923543896468444370e+00 9.944684360873584650e-01 6.901219520585692635e+01 2.240874756523030323e-02 1.144749707530565430e-01 3.834140125807327520e-02 1.826497018635202946e-02
2.859633266418009523e+00 9.106728239471315600e-01 6.876731914079243779e+01 2.200696169198103347e-02 1.245481689769933342e-01 9.672690165873615298e-02 4.636191773868710703e-02
3.150259258768979720e+00 9.797892010631524817e-01 6.852678632576467521e+01 2.255396909830337249e-02 1.195152843519238228e-01 4.217894273085518592e-02 4.190971114616239002e-02
3.034065289257644071e+00 9.782329071150056565e-01 6.862407940647365479e+01 2.212056769850462637e-02 1.115640981424103340e-01 8.240764040971365612e-02 1.122579147675417666e-02
2.821471218201501152e+00 9.005086800751812559e-01 6.771190819041405007e+01 2.208628302198554008e-02 1.120141636582955569e-01 9.948096178290867508e-02 5.589989474580609602e-02
2.870637506761547719e+00 9.808263164148235402e-01 6.814231614071249510e+01 2.217948009086397054e-02 1.145552368464371612e-01 8.500229967150679800e-02 6.203886039366220129e-02
2.996542242108024556e+00 9.572373009893887508e-01 6.937883382624715978e+01 2.219103347155099507e-02 1.232528268237538249e-01 4.645974256233075667e-02 1.561243714749438807e-02
2.800902197986821829e+00 9.064760658349959588e-01 6.854445847785807189e+01 2.223473483005296639e-02 1.226145095559453002e-01 1.488494418954044995e-02 5.290784162351576392e-02
3.067710429493959889e+00 9.745426849363822974e-01 6.892796127226948499e+01 2.254943539786313789e-02 1.146412680801712075e-01 5.394640665070659508e-02 7.666138199191070701e-02
3.093640245585165260e+00 9.824472023424505318e-01 6.859368510430667243e+01 2.249204912105179366e-02 1.178132891057509374e-01 4.291776862956395155e-02 3.854685649244921769e-02
2.947946360234934726e+00 9.601991638813741625e-01 6.806838677026213702e+01 2.206485381699706261e-02 1.164504306244180942e-01 9.382789376870484532e-02 6.199215901207754537e-02
2.969914174576915311e+00 9.750168737644078210e-01 6.890911263542301413e+01 2.246542251549192570e-02 1.153904313759480521e-01 8.957516517746318130e-02 1.045248806093269749e-02
3.061584050693296088e+00 9.364337323009565006e-01 6.903774893343658903e+01 2.224571464060180401e-02 1.174719868958785940e-01 1.782777489598997775e-02 3.147657146109653081e-02
2.922076342976704044e+00 9.147855070996250282e-01 6.844457930282332825e+01 2.247988855656505788e-02 1.266413108786041408e-01 3.340303223339410182e-02 4.085573567236495257e-02
3.132551919650349959e+00 9.544126954364230420e-01 6.806339578793244982e+01 2.217441199753357461e-02 1.151776233104122582e-01 9.459441320321215763e-02 7.413258486011765902e-02
2.995651131442791826e+00 9.806849112937718882e-01 6.850560387869143142e+01 2.222761471845534006e-02 1.143638177160738179e-01 6.015028772379817090e-02 1.284825694867504017e-02
2.889652103645930392e+00 9.364656873667602799e-01 6.863002720547186186e+01 2.219040422899538553e-02 1.173994410972844099e-01 1.364111516699417249e-02 4.172382969350937887e-02
2.898723492868725771e+00 9.482138577314934702e-01 6.876536567792317101e+01 2.220447311511512464e-02 1.185898979186464086e-01 5.921908427839866346e-02 3.399268744645641410e-02
3.121803716143457308e+00 9.403386597150447113e-01 6.985414272857674689e+01 2.253616258929893798e-02 1.257421585305252554e-01 1.532440250808352403e-02 1.478600869336188679e-02
2.856702320006059281e+00 9.361850043840431734e-01 6.824861956727953327e+01 2.215492421039185270e-02 1.150220380120813291e-01 8.757174480438349728e-02 1.431938104189634658e-02
2.854056631904378971e+00 9.744009237536963575e-01 6.837724111141491790e+01 2.209069765312069236e-02 1.206159922212926977e-01 1.691775059223117259e-02 1.320292068918004977e-02
2.895011461453640855e+00 9.238148746284647883e-01 6.817828675788874193e+01 2.233406103653694935e-02 1.102240167659734871e-01 1.487787514277510992e-02 4.143545398455646817e-02
2.813838628157569577e+00 9.420605436826086088e-01 6.848038904703136609e+01 2.227878823862795843e-02 1.221871684188595847e-01 1.396610427168509805e-02 3.726449567243375616e-02
2.880049751513249934e+00 9.721083368779414036e-01 6.890457109933936408e+01 2.249309933063277367e-02 1.200679868965668640e-01 7.209749334200536708e-02 7.044135336297530081e-02
2.864402085435906020e+00 9.750207368711583111e-01 6.828060452372166367e+01 2.216342833241270738e-02 1.159614185041100698e-01 3.406267065961121610e-02 4.319044255375994318e-02
2.844755759006778906e+00 9.581379497938663503e-01 6.866645300252712047e+01 2.209659365411245635e-02 1.189712392601910140e-01 4.057727366715858930e-02 3.318435040382176904e-02
3.001656223808245372e+00 9.262542917412447396e-01 6.845147494319444093e+01 2.213954455763479309e-02 1.135181174679199545e-01 8.937001160070034977e-02 6.122390952047163798e-02
2.885026489959577223e+00 9.916032128601862672e-01 6.842528187754786018e+01 2.203509658335798399e-02 1.148847913508957569e-01 7.441972984064340602e-02 4.524530658059538329e-02
2.935716568542482641e+00 9.438441373823541758e-01 6.866636579408248053e+01 2.239980117065807491e-02 1.237262740331609295e-01 7.819374991906114999e-03 4.706060315518471177e-02
2.816012448417700931e+00 9.371155546540006487e-01 6.926143238013722225e+01 2.253425499550603534e-02 1.148014853476513747e-01 1.269043719095552933e-03 3.353981472583505291e-02
2.977809532949477145e+00 9.147385876760778523e-01 6.809533448750764251e+01 2.218475964760012464e-02 1.147166127629294929e-01 8.513446379450412271e-02 1.750818269047240902e-02
3.090408377661764128e+00 9.948635487969138547e-01 6.923745682548415914e+01 2.256576759388482720e-02 1.231242026129129169e-01 3.790778806453110310e-03 4.682099839803973568e-02
2.977389770103323841e+00 9.751290867682718133e-01 6.879120412698877374e+01 2.258448087752126451e-02 1.181448717327812092e-01 5.923251982571231880e-03 3.594059818299573383e-02
3.151198488427247035e+00 9.763696182855609029e-01 6.915988363670233241e+01 2.229877734613761389e-02 1.217543887916780754e-01 3.272397285694461644e-02 5.714413465381594504e-02
3.031553627503321025e+00 9.463250940630867358e-01 6.891477425907936549e+01 2.204715196140362779e-02 1.235722204006132890e-01 5.313454030934705585e-02 1.606036357739507037e-02
3.072904540884191960e+00 9.825110009058146687e-01 6.920252767326078924e+01 2.247394732827952268e-02 1.198018832973930803e-01 8.133775766005507668e-02 7.828298839289390965e-02
3.001295446448545956e+00 9.783478942368918352e-01 6.875055042046663800e+01 2.250186657336174581e-02 1.121667493786678294e-01 9.144546752577674409e-02 4.992029886642852798e-02
2.984894151725811628e+00 9.259498101737603237e-01 6.904882204873659646e+01 2.253013974985512702e-02 1.228980092385420497e-01 5.218439918479467199e-02 7.362109437488151276e-02
2.869116599536913448e+00 9.511098358055353197e-01 6.822704168294670524e+01 2.241376784678922318e-02 1.129561242025700352e-01 9.249492221306879203e-02 1.408501189154734434e-02
2.927300251077745941e+00 9.168061373415831161e-01 6.875456555278546489e+01 2.205825957577038296e-02 1.203558701882862236e-01 1.462901202572579676e-02 1.836386471392484690e-02
2.912680754396648197e+00 9.841936512451492369e-01 6.831497152898350578e+01 2.246636787419240000e-02 1.159024724881421164e-01 9.990577382809778806e-02 6.222995754442615240e-02
2.826406601892168968e+00 9.066577964776220133e-01 6.901490781980575662e+01 2.259350772373527189e-02 1.136871364745857815e-01 4.226487988860028709e-03 6.423869113836445932e-02
2.805247303111774393e+00 9.474803989894376999e-01 6.815439665688717241e+01 2.206089318315132553e-02 1.173263666863754717e-01 5.445454287303212043e-02 3.058845879373397331e-02
3.152717737933278919e+00 9.860434778250120047e-01 6.827541074171601565e+01 2.216529309405340653e-02 1.164185370352714965e-01 5.132902301174493975e-02 5.032434447792406840e-02
3.151770031190088694e+00 9.106716271876933444e-01 6.894254376402795970e+01 2.222614870460109734e-02 1.202386883055936023e-01 9.782141373747739455e-02 4.543984303596005497e-02
3.026424277372168792e+00 9.995689893273520532e-01 6.844711912116005692e+01 2.240419868420022095e-02 1.205023628777213279e-01 4.945170503612194429e-02 2.049162869021362021e-02
3.040711759244390855e+00 9.294395752260233845e-01 6.875814334798809568e+01 2.240933105299346487e-02 1.163312610505690403e-01 7.890568281040234722e-02 6.439298786297932564e-02
2.897070670165796891e+00 9.992304469731008165e-01 6.864730867010132442e+01 2.228334595029173720e-02 1.201787468295499456e-01 7.750493865478140509e-02 6.216753702965478745e-02
2.884966881142302153e+00 9.272783853903120432e-01 6.841190525380818599e+01 2.229058522199183975e-02 1.129695388813811430e-01 3.307588220605833795e-02 6.166006115009008831e-02
2.823878772559269557e+00 9.425584620108287126e-01 6.860371770695697080e+01 2.223959016976500419e-02 1.174108164466058507e-01 3.773471509480173791e-02 2.095466059915379597e-02
3.044644636129957505e+00 9.554805702760061914e-01 6.828495661412969753e+01 2.211158847965277383e-02 1.180114199267366798e-01 2.590052223409248372e-02 2.023819350720019311e-02
3.098576413086287396e+00 9.178115719112840409e-01 6.901302565267785383e+01 2.240062162752576996e-02 1.196837277013063638e-01 8.528563888622285594e-02 1.059338585670894194e-02
3.030176755093425101e+00 9.971461201029282462e-01 6.898014750285156538e+01 2.214330765159387357e-02 1.200271140939317832e-01 4.449597575733907351e-02 6.739693396636435574e-02
2.917071380486099930e+00 9.000521552616760346e-01 6.905877624728644548e+01 2.235124685230011413e-02 1.221810668740246908e-01 8.323407142017119967e-03 6.380564730785825978e-02
3.086494793788023827e+00 9.894156327670347029e-01 6.882519479278032293e+01 2.255678732351386676e-02 1.218235113063564218e-01 7.684507568949019984e-02 6.904217277376013817e-02
2.940187275990869153e+00 9.442088794164699150e-01 6.827709422308544163e+01 2.217227106961553243e-02 1.170550434233473824e-01 3.399715053225710326e-02 2.265751925336352557e-02
2.901929603518731859e+00 9.271489174231699604e-01 6.901757772332334184e+01 2.228893689490473937e-02 1.216842603235103598e-01 1.257661291007978327e-02 1.488289879495901906e-02
3.094616180440671549e+00 9.019631291543901419e-01 6.903479547191000165e+01 2.246203708747940633e-02 1.142253938304645944e-01 6.648552264526112754e-02 7.460563152089347283e-02
2.901442850712254273e+00 9.568959418732836397e-01 6.858529345160842183e+01 2.209429655016530505e-02 1.194120310621488434e-01 2.193019531378486223e-02 6.325440742768975722e-02
2.903170837601698473e+00 9.584515865672019741e-01 6.920394887318259691e+01 2.233065123249293460e-02 1.194668894142460330e-01 4.142667948952713508e-02 3.483497995903266781e-02
3.037577472683414381e+00 9.371341998611202317e-01 6.907492818067881046e+01 2.220927262602727728e-02 1.223864146908040240e-01 1.211664852737870434e-03 3.483592675824007112e-02
2.960899091038027287e+00 9.293076342965609360e-01 6.880596834433292486e+01 2.211807074028657172e-02 1.283726233574219444e-01 6.913670810042522874e-02 3.502414028246110533e-02
2.892243453303140921e+00 9.874727235248009771e-01 6.930964108516909050e+01 2.242775156806263090e-02 1.221060323791958030e-01 1.775327699719000604e-02 7.288784068220766077e-02
3.010267578887019457e+00 9.277764271731427925e-01 6.881383993092063633e+01 2.251785026690573607e-02 1.214634972122007744e-01 6.916457191119911030e-02 4.761876257600689000e-02
3.053091658744125692e+00 9.500550526678597230e-01 6.893296525709823186e+01 2.227514059728990387e-02 1.215724146858940535e-01 8.913413298836925930e-03 6.644010182464107905e-02
2.969733826513272223e+00 9.453235832712707509e-01 6.912139421123484340e+01 2.259200119850932054e-02 1.155858209307938644e-01 7.004416667807350505e-02 1.306747165993572476e-02
3.062790004070764738e+00 9.578438145410215210e-01 6.801210525798535400e+01 2.235353960151525987e-02 1.103329035860801111e-01 3.020574837500188473e-02 2.464439649790841833e-02
3.142700077177840612e+00 9.197634126764318019e-01 6.890227412223249814e+01 2.253981342413081956e-02 1.141093746993129127e-01 7.160257416834692190e-02 2.820662301744066708e-02
3.155908879124291300e+00 9.189492565677953584e-01 6.846832597082561733e+01 2.256757807111294326e-02 1.211085686716911053e-01 5.676798880614985360e-02 1.646497376322492850e-02
3.060447525900232613e+00 9.274475324306639124e-01 6.914482505725425199e+01 2.222705475046304543e-02 1.233068737990512392e-01 2.325860130079753299e-02 1.806116429168904206e-02
3.156021718986585345e+00 9.606307798451374502e-01 6.828407424276326765e+01 2.224782715758310409e-02 1.152148166899121251e-01 8.133245266030963982e-02 1.435898970112725950e-02
3.129102334688919296e+00 9.861076133189706772e-01 6.844219260126310189e+01 2.210851497151097161e-02 1.129008624791889293e-01 5.468222005117769069e-02 2.595591563418688658e-02
2.813783327973391923e+00 9.572480552831018619e-01 6.860946585421697819e+01 2.230825714352479769e-02 1.131606834428796893e-01 3.508105518409278950e-02 1.651066042186472363e-02
3.080893098999423430e+00 9.965931860805053999e-01 6.830519163746151889e+01 2.238587298987920055e-02 1.133166845200415801e-01 2.000635331893119064e-03 5.976988847395570126e-02
2.811232213158483262e+00 9.867556813373293823e-01 6.883598915513070438e+01 2.213030998735426164e-02 1.235175357390277118e-01 7.265674820291738445e-02 1.961067625154543775e-02
3.077193406769365147e+00 9.338527074547586793e-01 6.792592874558017968e+01 2.208479952220974291e-02 1.142246842225583953e-01 9.414037019586163346e-02 7.408968377637484282e-02
3.134089915041887053e+00 9.909516229089809780e-01 6.859541642667970507e+01 2.219857003351613511e-02 1.114262080252955561e-01 8.843819899840947574e-02 5.492837129428067289e-02
3.098064949913512223e+00 9.826828827131351973e-01 6.885432460536510746e+01 2.212415797307530629e-02 1.222889344468526818e-01 3.132334140386588278e-02 5.426930069300419518e-02
3.188408748270417981e+00 9.461422408123997263e-01 6.823772290548708952e+01 2.234198097913027772e-02 1.226466131317361791e-01 4.842428692668602347e-02 6.700542786892402236e-02
3.177348977213453551e+00 9.697787033835567616e-01 6.883619803868779741e+01 2.228304998236589271e-02 1.195772722325007392e-01 7.957921289380576191e-02 7.499523429838766964e-02
2.998965757074345539e+00 9.082122476114936616e-01 6.827506346257537473e+01 2.223754000370622638e-02 1.117003849941751864e-01 9.415793451332293840e-02 5.082118765665227800e-02
3.183902106632347628e+00 9.150377429333719226e-01 6.932652614069613151e+01 2.241108327783080181e-02 1.163969437399198503e-01 8.953557988995014538e-02 2.793917541834101820e-02
3.142591852093821192e+00 9.108975157115530852e-01 6.869945797616084349e+01 2.213688777156792506e-02 1.193294877660333597e-01 6.993010230669065297e-02 3.889479986213550261e-02
2.979197455923876525e+00 9.217480247667202420e-01 6.862188161263678410e+01 2.203129868707564068e-02 1.192049491269553119e-01 8.147807219334685103e-02 3.656977701808455244e-02
3.095932885674410606e+00 9.216852922264875403e-01 6.907656738973801680e+01 2.201673151310844928e-02 1.256934635184184523e-01 1.476493645403798016e-02 2.281004019972505958e-02
2.938976968488752561e+00 9.211734217629026222e-01 6.800145419527088109e+01 2.244612904803883202e-02 1.137809187167384412e-01 8.427731303419710995e-02 6.312655232535181737e-02
2.964217289509481823e+00 9.086733695972449842e-01 6.939036555173876764e+01 2.256580170790429066e-02 1.153357794168021061e-01 1.241770320098011318e-02 2.465673341180999248e-02
3.186341524592508634e+00 9.458242207908554855e-01 6.895619324891369217e+01 2.228568681210278679e-02 1.138226634813183369e-01 1.540945694532058763e-03 3.661477819000532458e-02
2.996877506469829200e+00 9.880436390332892893e-01 6.801653974623232557e+01 2.216035139909148036e-02 1.119489645178429749e-01 9.852706460109267317e-02 7.798286238645357749e-02
3.072193318811788032e+00 9.641266173299810616e-01 6.871605254465136170e+01 2.242965540079166348e-02 1.148982400067864867e-01 3.509989975494137975e-03 3.903867054583711610e-02
2.880285801778795562e+00 9.675398479358261472e-01 6.879056969169668889e+01 2.240878571296379268e-02 1.128093504696175559e-01 6.984427134960373429e-02 5.530164890164943753e-02
3.145091552169916316e+00 9.558783817409807204e-01 6.925157740565326492e+01 2.229357797250888784e-02 1.203729733271774599e-01 5.780684866468994119e-03 2.549084572317907721e-02
2.855899457721217338e+00 9.398306195747331282e-01 6.925503349243983564e+01 2.225891381995272894e-02 1.255230165673524023e-01 9.383402394010520453e-02 6.135352854545751689e-02
3.192670512485530576e+00 9.503713895952478063e-01 6.964899229706463757e+01 2.240477014860577099e-02 1.276158778647220604e-01 4.392428915001159867e-02 6.351628462757162585e-02
3.154046643458643828e+00 9.303261921454905048e-01 6.820364899492227551e+01 2.240372408215207667e-02 1.120609638770503763e-01 7.540460121518778591e-02 3.289279077172739540e-02
3.091419757938346891e+00 9.506439955941622388e-01 6.898202656255986653e+01 2.235735111860403385e-02 1.217512089793400393e-01 7.235275494329325430e-02 7.163203794940140035e-02
2.845068236794794814e+00 9.608532562201979044e-01 6.888738629564305427e+01 2.235501527356122814e-02 1.164246823856645435e-01 3.238004468415408427e-02 7.970428813585855865e-02
3.145953521625155513e+00 9.179480306313143601e-01 6.857008020337346466e+01 2.207001922156157092e-02 1.166150213879263292e-01 9.217017264545844524e-02 7.880018066247045094e-02
2.874068036966638928e+00 9.275431239649335469e-01 6.836921549016273048e+01 2.229821298465001558e-02 1.111424700580524727e-01 5.145590146540707753e-03 2.817395445590323982e-02
3.128074663307646386e+00 9.518341138669584867e-01 6.833312956219377554e+01 2.211704562218568329e-02 1.139332869717742391e-01 4.855124047104375506e-02 4.482819288373092459e-02
3.054113880939458348e+00 9.590935613797249015e-01 6.870716124246169443e+01 2.225823946897671421e-02 1.180448974064067097e-01 5.074941688157152270e-02 2.385917923896965082e-02
2.975730956969710572e+00 9.408895845678053593e-01 6.760259889119443244e+01 2.226182246603050988e-02 1.145498209491464803e-01 8.213285327444136419e-02 6.909508420230510428e-02
3.175883473058444650e+00 9.124135628925346131e-01 6.924645206352244031e+01 2.259014048447341785e-02 1.190793806369860042e-01 7.128921347479067090e-03 5.019692037758214515e-02
2.881323132327300307e+00 9.272939525417381867e-01 6.891297348722426364e+01 2.214661808213387942e-02 1.240404342693557510e-01 9.962775073507524823e-03 1.130927443949759914e-02
2.908349157618854264e+00 9.312027079250475570e-01 6.860310700796139827e+01 2.203563023018196426e-02 1.159865328090870645e-01 6.358988539997860456e-02 5.923387450435294715e-02
2.848910027557010061e+00 9.836506898645785979e-01 6.859440023239365303e+01 2.244907966042791053e-02 1.124147043221334769e-01 9.971893406171579433e-02 3.002134714923463538e-02
2.896403341248784180e+00 9.550982295210300732e-01 6.875633362993947628e+01 2.220662307931763405e-02 1.107873674230229338e-01 5.418590892150722260e-02 7.027327616439141278e-02
3.021317803798809098e+00 9.425341091564165552e-01 6.884092725274240365e+01 2.213817731198030811e-02 1.218652849543929301e-01 7.125446157909332001e-02 6.123553283048658452e-02
3.014178405748428435e+00 9.973247414319458271e-01 6.913420082161101732e+01 2.242094842733099655e-02 1.151537272194288614e-01 8.238844507524634153e-02 3.938849378257549411e-02
3.127309208626378734e+00 9.283661358071568781e-01 6.819736746939074123e+01 2.230663252104940833e-02 1.145753034475430754e-01 7.975651601814182090e-02 4.677724207129069223e-02
2.907675724617196700e+00 9.210994137900119227e-01 6.881129258900392642e+01 2.237629355383875113e-02 1.164380743347832453e-01 1.597215726201662786e-02 4.913130479732915473e-02
2.930538961254331998e+00 9.901724382658440016e-01 6.807763395359930314e+01 2.204318523739199481e-02 1.114380753839143423e-01 6.842988754471984736e-02 7.604684728966190632e-02
2.908845173859194499e+00 9.362735610682855203e-01 6.861971737382678782e+01 2.206132167606346395e-02 1.234705531676548451e-01 9.304558828457402953e-02 5.465838003766673031e-02
2.868960042168022806e+00 9.625647392654038681e-01 6.924200311448302614e+01 2.250772639805086184e-02 1.166122378596804871e-01 8.707767510908469288e-02 6.507695184978480596e-02
3.072917388020882434e+00 9.765809625815117245e-01 6.773344131309954719e+01 2.207909869552724877e-02 1.137172553006592091e-01 1.584375871277465819e-04 4.755375975822761364e-02
3.031744972693924289e+00 9.370111357336575741e-01 6.820252435566636962e+01 2.218953427434399578e-02 1.184436582602203941e-01 5.655886807792301352e-02 4.962755988748812630e-02
2.945540229527406240e+00 9.743795592579689302e-01 6.896511280187267801e+01 2.258176546684617647e-02 1.267896790725998590e-01 1.495267597317834207e-02 2.863897429283139562e-02
2.880049751513249934e+00 9.721083368779414036e-01 6.890457109933936408e+01 2.249309933063277367e-02 1.200679868965668640e-01 7.209749334200536708e-02 7.044135336297530081e-02
2.905179306095286851e+00 9.666898295704442479e-01 6.909881523644934020e+01 2.255649805276109532e-02 1.230933347104774811e-01 8.451536447327207338e-03 4.180324616101790958e-02
2.847458795002146381e+00 9.937527722931372987e-01 6.865906318602492320e+01 2.252698515339929611e-02 1.150589408624105858e-01 9.816759521118632870e-02 5.644149722586273843e-02
3.008207804515131478e+00 9.934539570035056943e-01 6.818191896045333067e+01 2.226556456149733285e-02 1.171126191524397980e-01 3.262457008335774289e-02 3.026299209741305229e-02
3.149597054403217911e+00 9.423533473064920063e-01 6.963353735995009686e+01 2.246977457273935039e-02 1.215775693626961196e-01 6.714122683790242629e-02 7.452213588228402685e-02
3.075685941858150141e+00 9.466939546826506069e-01 6.924380663446150663e+01 2.255087617226921720e-02 1.258067231809795739e-01 3.959868900006644626e-02 5.465389413450008615e-02
3.176415016182178697e+00 9.143688869897189653e-01 6.916165148271875296e+01 2.211910485406372653e-02 1.158215610596255718e-01 3.629716184941291640e-02 6.098563678384146675e-02
3.132099819293927556e+00 9.933302119501640215e-01 6.940478452687662525e+01 2.238144421294633798e-02 1.267012920658657227e-01 8.593261410580710358e-02 7.367033168658006226e-02
2.917894025204557096e+00 9.772303473551940955e-01 6.902369412632816648e+01 2.237244325613241616e-02 1.189055485257844713e-01 2.295027265956589221e-02 7.618660121782583339e-02
3.104937580158066979e+00 9.896397429097961718e-01 6.938192389608909139e+01 2.239822316412833775e-02 1.246636580758577889e-01 2.663748318321105396e-02 7.787191968640475026e-02
2.864888154695253597e+00 9.565905170740401919e-01 6.827966391143493752e+01 2.209920619899942429e-02 1.199931843421593175e-01 9.088293200680006012e-02 5.797400996543012469e-02
2.957601613034936072e+00 9.454164202933676986e-01 6.868112704703135307e+01 2.233666639698607057e-02 1.126281411990779635e-01 9.832602070452491072e-02 5.805291278148873302e-02
2.977949941341823337e+00 9.714239526954567827e-01 6.902750763647763677e+01 2.241112057786432202e-02 1.161053347365339355e-01 7.444009324333850097e-02 6.904758337470109919e-02
2.986768650482836129e+00 9.167947496251172002e-01 6.900249125452778287e+01 2.218309035039709234e-02 1.203225967493401910e-01 1.176843020435832700e-02 4.123146006305324768e-02
2.815169499496702699e+00 9.839688545604012848e-01 6.891545708216636967e+01 2.225321754246971026e-02 1.237450326861817274e-01 3.791813886416300211e-02 7.376820008846586563e-02
3.051070624716205160e+00 9.701370669451948592e-01 6.883228428466357229e+01 2.259575617397193217e-02 1.205875788830535894e-01 6.833190280190692967e-03 1.388449232762007692e-02
2.951120888897814876e+00 9.400696771726916312e-01 6.850519243674671088e+01 2.237674642319942980e-02 1.192385703756956988e-01 4.835409248866517212e-02 6.216055019838514356e-02
2.960661181887798143e+00 9.366971056706532295e-01 6.876959922764243061e+01 2.256590981638570761e-02 1.125344129277105476e-01 4.852504402906537839e-02 3.230821922014268099e-02
2.911104272159128037e+00 9.062145783039516900e-01 6.828056835116677803e+01 2.202826097898549079e-02 1.126221758580504134e-01 5.621698028306403722e-02 6.151221994815560257e-02
2.952989533995844518e+00 9.137836927843209223e-01 6.960003225271697147e+01 2.254927261614677464e-02 1.257663807382807253e-01 7.986155840098441150e-02 3.599686568838496303e-02
2.840226586148145493e+00 9.703886740942114786e-01 6.905586044753707142e+01 2.240982510026704941e-02 1.136507722263325609e-01 2.401857543587290408e-02 1.245505054021662367e-02
2.961574240538039415e+00 9.407329651239808577e-01 6.887077247959373949e+01 2.208529443116403340e-02 1.193147215577913256e-01 1.495755059860554102e-03 1.736314764866589769e-02
3.098064949913512223e+00 9.826828827131351973e-01 6.885432460536510746e+01 2.212415797307530629e-02 1.222889344468526818e-01 3.132334140386588278e-02 5.426930069300419518e-02
2.800380511496845859e+00 9.369464227100418041e-01 6.816225392329687338e+01 2.217589978793205879e-02 1.189606472418331673e-01 7.323894061039754044e-02 1.567105111811117196e-02
3.193177004097027982e+00 9.032263673415692473e-01 6.890683034363341619e+01 2.259362448306111507e-02 1.135855068633160325e-01 7.673565873582775809e-02 7.831494133843251715e-02
3.026984712458985260e+00 9.558001831873238485e-01 6.908686537432588182e+01 2.226109679005460959e-02 1.205329785743974313e-01 3.487518557403708475e-02 6.638600860767905620e-02
3.037971575364017518e+00 9.333171262701713822e-01 6.823513388513585198e+01 2.208469017092955233e-02 1.134152383115468038e-01 8.255542592296059856e-02 4.358448525669075119e-02
2.874068654450321336e+00 9.308438235734997068e-01 6.872919411005126733e+01 2.244547224987557960e-02 1.151791144532229166e-01 2.545592294585041857e-03 7.735676852662114189e-02
2.913510448403557440e+00 9.294109616868351242e-01 6.877906625488827785e+01 2.241648176097751563e-02 1.201754123782987627e-01 6.125403170306309431e-02 7.200818431446442958e-02
3.050457638089302925e+00 9.496120329498617396e-01 6.896314534878773372e+01 2.258128112247163866e-02 1.230558895422496912e-01 4.025088601548845735e-02 4.842495197892351250e-02
2.840769363542503090e+00 9.748039650504428666e-01 6.843010596080070229e+01 2.257325335793471804e-02 1.161562496366821545e-01 3.000726377220382102e-02 5.659920521520110659e-02
3.109903262203848495e+00 9.704661416913573646e-01 6.888536814436193367e+01 2.251484857759380315e-02 1.180203179647823508e-01 7.876271524151788606e-02 7.346197199202766925e-02
3.142450358750764394e+00 9.606970094036597629e-01 6.814391509610406672e+01 2.239290675156536611e-02 1.119525418140188411e-01 5.916787455499795956e-02 3.685744841515344733e-02
2.995001128842398774e+00 9.696082498359085422e-01 6.860404122481971001e+01 2.208342834027651747e-02 1.247470224170248304e-01 4.016674927594920952e-02 3.269389904229594301e-02
3.052114660733080242e+00 9.619563628871773409e-01 6.908750797889935313e+01 2.249532634361138886e-02 1.233030737962483026e-01 4.557539135659754992e-02 1.791464223293503383e-02
2.881713941810176927e+00 9.525998660560589526e-01 6.855633266237084911e+01 2.241834852277247228e-02 1.166349971587945927e-01 7.479442010335995983e-02 4.290152072537045669e-02
3.118380759088683618e+00 9.694443220009848483e-01 6.876721270731732716e+01 2.253104145622774473e-02 1.122719033368014402e-01 4.656757494752476745e-02 5.565250865129942742e-02
2.952989533995844518e+00 9.137836927843209223e-01 6.960003225271697147e+01 2.254927261614677464e-02 1.257663807382807253e-01 7.986155840098441150e-02 3.599686568838496303e-02
2.845213497241318112e+00 9.462877322604811292e-01 6.867444405442124378e+01 2.229428970124972334e-02 1.154784943430037791e-01 2.034612392833518024e-02 6.375837503774123283e-02
2.989584566638128660e+00 9.159094199957582561e-01 6.777868823877079762e+01 2.218135786420648986e-02 1.123331690491269630e-01 7.122392107421506025e-02 1.658368160349610321e-02
2.956903161391895463e+00 9.537115270076287343e-01 6.898954075887910165e+01 2.219636978096718380e-02 1.231083929859973225e-01 4.653574452719470150e-02 3.323311812162584034e-02
2.832498803752621086e+00 9.041235746947781093e-01 6.854092806071903965e+01 2.242080470667176528e-02 1.152389955190985804e-01 7.344930727416223992e-02 1.418983609060361570e-02
3.063016274109481962e+00 9.033941115652591725e-01 6.833691778827457597e+01 2.250499834888861420e-02 1.133505839764052947e-01 7.727716563779371550e-02 6.979338453210648385e-02
2.957054051711349718e+00 9.415278922672964956e-01 6.847967556256492117e+01 2.208816941303971826e-02 1.240318783589447332e-01 2.236333894359834526e-02 4.011617552633469502e-02
2.967680210662315243e+00 9.748675151557848473e-01 6.867687681820770251e+01 2.217576793507344476e-02 1.176467129106680970e-01 1.785798175505968338e-02 2.057316157671286450e-02
3.169319992597731339e+00 9.484335320476948716e-01 6.913762289119522109e+01 2.226057036697826758e-02 1.198819882072625354e-01 7.406733916378138716e-03 1.287034713242401693e-02
3.030176755093425101e+00 9.971461201029282462e-01 6.898014750285156538e+01 2.214330765159387357e-02 1.200271140939317832e-01 4.449597575733907351e-02 6.739693396636435574e-02
2.805247303111774393e+00 9.474803989894376999e-01 6.815439665688717241e+01 2.206089318315132553e-02 1.173263666863754717e-01 5.445454287303212043e-02 3.058845879373397331e-02
2.985833260038444070e+00 9.300710124915789745e-01 6.908261626442825332e+01 2.238016237107217851e-02 1.113700258393769960e-01 8.440198983048136094e-02 5.442764313520286751e-02
3.032595619601652359e+00 9.786648800752234534e-01 6.975576358116094866e+01 2.258483035235457626e-02 1.263016241246933680e-01 9.677792355363987187e-02 7.301707588324787834e-02
3.079723807369792343e+00 9.624503642880501975e-01 6.893843100378863653e+01 2.235148942216991230e-02 1.175272873438479443e-01 5.290199106998005191e-02 3.754409848698209151e-02
3.159146548117902853e+00 9.016142923362950867e-01 6.884055794633697190e+01 2.225444836792108208e-02 1.244756725042104190e-01 3.464209543842088762e-02 7.761795895699713510e-02
2.847587162801998861e+00 9.225489748003179447e-01 6.862075971667468366e+01 2.202595073810789672e-02 1.149155285386978254e-01 1.272382156165602438e-03 5.430576224685246256e-02
3.169319992597731339e+00 9.484335320476948716e-01 6.913762289119522109e+01 2.226057036697826758e-02 1.198819882072625354e-01 7.406733916378138716e-03 1.287034713242401693e-02
3.009832684025652405e+00 9.781066924685397623e-01 6.800627888215409200e+01 2.203430073814805282e-02 1.195483532636650997e-01 3.582143426826406296e-02 2.848627582222495319e-02
3.000834748805358831e+00 9.134175456348949673e-01 6.803589687204028280e+01 2.202720828903559705e-02 1.127901178797262316e-01 2.854570239098067758e-02 7.340184601053956204e-02
2.998965757074345539e+00 9.082122476114936616e-01 6.827506346257537473e+01 2.223754000370622638e-02 1.117003849941751864e-01 9.415793451332293840e-02 5.082118765665227800e-02
2.922969608802061803e+00 9.961593014923959544e-01 6.918992859376979254e+01 2.222641758080707783e-02 1.194705360673027211e-01 7.862883720461065484e-02 5.414035579682615479e-02
3.002699958422412330e+00 9.217881075341686214e-01 6.843971082377878190e+01 2.255569287500279810e-02 1.287385914230327610e-01 6.543953158187169883e-02 1.812540382854956056e-02
2.850597549263024888e+00 9.488716938272490076e-01 6.848554455435638033e+01 2.214372865501274337e-02 1.149614836315076827e-01 5.489199596904808381e-02 2.999640573558488149e-02
3.080238688569731043e+00 9.606668655222925235e-01 6.905084068562173627e+01 2.251206171326027711e-02 1.137577544388895107e-01 6.659980774347951452e-03 3.755504366054460835e-02
3.009940320649112433e+00 9.913530519789995887e-01 6.880807291360531508e+01 2.208196582357363491e-02 1.201445012044240340e-01 3.648568867045527686e-02 1.055967955619433428e-02
2.943539740651116343e+00 9.875667149178550819e-01 6.878022443333706804e+01 2.230653407952907716e-02 1.242728762534734965e-01 1.573669630136189865e-02 7.704137461571064494e-02
2.813092732333799528e+00 9.718042663883251775e-01 6.924549565406881868e+01 2.250591480982158318e-02 1.289619837727727647e-01 1.847251860626857381e-02 3.838364068242655636e-02
2.905611938207497857e+00 9.470122579927261475e-01 6.822022917124044739e+01 2.203057685026440018e-02 1.138143040722943977e-01 2.453635343307813965e-02 3.864969324868068601e-02
2.993783680290261096e+00 9.460647685537186824e-01 6.848097502487533461e+01 2.241861765326318492e-02 1.170964725770162751e-01 7.054963243342186885e-02 4.548529730993248338e-02
2.924262232749212043e+00 9.808794587660576436e-01 6.893838662128592887e+01 2.240957571019617373e-02 1.230812301214144061e-01 7.517656555391627818e-03 3.307875975448249656e-02
3.108993831813090303e+00 9.687414593224089598e-01 6.877417698071197094e+01 2.258617609385206448e-02 1.168487351057748147e-01 1.215472618957256362e-02 4.409980176699774407e-02
3.144474563018242463e+00 9.104374200997528144e-01 6.802307581719003338e+01 2.252489082593159969e-02 1.187340257413144612e-01 9.683780961866968184e-02 3.957120588134841604e-02
2.974161226190782603e+00 9.631875517899597394e-01 6.803524165312938976e+01 2.201814289585243833e-02 1.146056648793261912e-01 9.234076291972720396e-02 5.927986467793269071e-02
2.934087226554198402e+00 9.205019259170015289e-01 6.831179342280172762e+01 2.239025139444827950e-02 1.133584120172313747e-01 6.262164975809290934e-02 3.042498989145466654e-02
3.127006476993337003e+00 9.857509983363571537e-01 6.854496927836598275e+01 2.220731313079493674e-02 1.167392651504174372e-01 9.202417603331834728e-02 2.940137452153683550e-02
3.198838706435797707e+00 9.084124883386416327e-01 6.950538717023452762e+01 2.220161770831171819e-02 1.297441017321210865e-01 5.932113780431535338e-02 5.133385036836584508e-02
3.075166616851630064e+00 9.918944120810632148e-01 6.936690415194857451e+01 2.250216933016251086e-02 1.288457435671855333e-01 7.184876829087823158e-02 7.761374021055085504e-02
3.141443411909056849e+00 9.817594965820670705e-01 6.887925989196091336e+01 2.234762015131378649e-02 1.228195826283677711e-01 9.670310875972430720e-02 5.957423032984773825e-02
2.833118376533031668e+00 9.788135120782139875e-01 6.846960483633166916e+01 2.251943883638291011e-02 1.148215839753689016e-01 4.112346335330930441e-02 7.107728219638603795e-02
3.124533555203020896e+00 9.167177330229852039e-01 6.816155679385123278e+01 2.247621820721787053e-02 1.146594090219908713e-01 6.286444393150797394e-02 7.748576528444081624e-02
2.954984760142693290e+00 9.975389330132381493e-01 6.848069314094752258e+01 2.200501451106192871e-02 1.146513424090012528e-01 3.577844054731368212e-02 3.021389607581709269e-02
3.035503683196297597e+00 9.547025679602999526e-01 6.822692814505190029e+01 2.242733198230449296e-02 1.139785434892976734e-01 2.234931889780655736e-03 6.170425978289273417e-02
3.012289230086112379e+00 9.273204818949527528e-01 6.812372910953224903e+01 2.208522449444446159e-02 1.179682923294620295e-01 6.553467738713962543e-02 5.230246452424108794e-02
2.975032422075207794e+00 9.274268823084343971e-01 6.882115060388979089e+01 2.226897146478661396e-02 1.267217721764449523e-01 3.691028979996202608e-02 3.208919067893969967e-02
3.080186997554419381e+00 9.783651071184650272e-01 6.891057755660095552e+01 2.227932894857518123e-02 1.205555677022462913e-01 2.319625686510976004e-02 5.171584315686134775e-02
3.022557280105567123e+00 9.118684089042460306e-01 6.883127886665447193e+01 2.225119866359465473e-02 1.224245630545486851e-01 5.494421304957602253e-02 1.352279231293148330e-02
2.948722994876594505e+00 9.905848623886859272e-01 6.912129928564942816e+01 2.257674894107149569e-02 1.236925133535385773e-01 1.436081298058167199e-03 2.673494427005822932e-02
3.011491606552775924e+00 9.841461862344023093e-01 6.909532871240125473e+01 2.257871997699722674e-02 1.167766905103505143e-01 9.532278782673903050e-02 3.042705462144150441e-02
3.154156420314358833e+00 9.441988129939341556e-01 6.867604700830291620e+01 2.251862182002753454e-02 1.147345538797341913e-01 3.550995767471918502e-02 4.781544021761784113e-02
2.938671387655434231e+00 9.795279141061514760e-01 6.939070304540759082e+01 2.204673854353820378e-02 1.266835178078823398e-01 2.906670320983933964e-02 5.924836574879699391e-02
2.898433343387266437e+00 9.163140771268873941e-01 6.880791657082686186e+01 2.206664450919697609e-02 1.183880562126634617e-01 1.361949044832246394e-02 4.995563154933514716e-02
2.887101289369086832e+00 9.397695345687679946e-01 6.919923956362387685e+01 2.236312677943651933e-02 1.146638373194008020e-01 6.782026017575888688e-02 5.007238087932323195e-02
2.870892924981940375e+00 9.822673996827311349e-01 6.823987744663392618e+01 2.221712165748965240e-02 1.151835618681981144e-01 4.707481180279892569e-02 3.116675319384550058e-02
3.063452637726717498e+00 9.095631131372291511e-01 6.860268204148405857e+01 2.204893545479869044e-02 1.147484146603258426e-01 9.537061754901249300e-02 1.351901478497645817e-02
2.923543896468444370e+00 9.944684360873584650e-01 6.901219520585692635e+01 2.240874756523030323e-02 1.144749707530565430e-01 3.834140125807327520e-02 1.826497018635202946e-02
3.020472645812806611e+00 9.091672135804325094e-01 6.897006626482159675e+01 2.240568958750168566e-02 1.176253211993474185e-01 8.237085113774259004e-02 5.851582494686383140e-02
3.151948821042942939e+00 9.405728275280710315e-01 6.838823601230802751e+01 2.212212847956030945e-02 1.224837961751444604e-01 3.139678092680161375e-02 3.391211431691935202e-02
3.173758339987276855e+00 9.964154005480384546e-01 6.810499283584033492e+01 2.220040587403504170e-02 1.174845114312867284e-01 9.882150506544480628e-02 7.301020192212359650e-02
2.801039184779611890e+00 9.494683261721514889e-01 6.904127467988662659e+01 2.226936940751101865e-02 1.167200089206276437e-01 8.147205555276842981e-03 7.475459852953941775e-02
3.046586308881417349e+00 9.862283057401839415e-01 6.929057432317225107e+01 2.258810909277461296e-02 1.158762661194212423e-01 4.826803783496143307e-02 4.554606465448176461e-02
2.861903356213634453e+00 9.858656224112261057e-01 6.863211987481780341e+01 2.251299788920643752e-02 1.169413388906469092e-01 3.802656329054002193e-02 2.567252420786085565e-02
3.061822699734823683e+00 9.356751945041595908e-01 6.890705932525818866e+01 2.241240348012114858e-02 1.182317954947389727e-01 8.315164445354011891e-02 7.909870390283410546e-02
3.194586931292517029e+00 9.448880297034557563e-01 6.904374340611286698e+01 2.240209680896849270e-02 1.103392049387166562e-01 9.059469256064753284e-02 3.437095175995676100e-02
2.960661181887798143e+00 9.366971056706532295e-01 6.876959922764243061e+01 2.256590981638570761e-02 1.125344129277105476e-01 4.852504402906537839e-02 3.230821922014268099e-02
3.181608193741974677e+00 9.395290446868406198e-01 6.940934263874288490e+01 2.215121285145429594e-02 1.192016419209537825e-01 1.911447008242202206e-02 5.237346391834677567e-02
2.972437316592638545e+00 9.918019734127357934e-01 6.839502799884168383e+01 2.259657678879021386e-02 1.122526011115224653e-01 5.366592007032489064e-02 7.776361204506104796e-02
3.194586931292517029e+00 9.448880297034557563e-01 6.904374340611286698e+01 2.240209680896849270e-02 1.103392049387166562e-01 9.059469256064753284e-02 3.437095175995676100e-02
2.915941378830170905e+00 9.929216165609733302e-01 6.854661243182910368e+01 2.241908593478450507e-02 1.164830422832351525e-01 5.736903863046122209e-02 4.303310564087012291e-02
3.042217059376572053e+00 9.004157125763413427e-01 6.895171724473111396e+01 2.246093840639148964e-02 1.206818146384850132e-01 1.200861133702158049e-04 1.647494664447501922e-02
3.007695274023214793e+00 9.879560349183258428e-01 6.911050591907473972e+01 2.257100892063827746e-02 1.187328050947604879e-01 1.923265240132851148e-02 2.515752001829015330e-02
2.987618493205568715e+00 9.007849859418385341e-01 6.860938590502520640e+01 2.229062410376672285e-02 1.158428940308807442e-01 5.840790011172103391e-02 1.695978699985892929e-02
2.962225338637398675e+00 9.532037385627581960e-01 6.846207494779739022e+01 2.206694543638604289e-02 1.172590436830862476e-01 3.069797797996969349e-02 2.183779720803561558e-02
2.903485566358801950e+00 9.344164352697783560e-01 6.867998338176627726e+01 2.242953781098819266e-02 1.208813402331210124e-01 6.573471227341880219e-02 4.575616054243391434e-02
3.144526936570556153e+00 9.379185796999409686e-01 6.854059794789871773e+01 2.250736560117907667e-02 1.220312162890870855e-01 7.127918947054671939e-02 7.015418573199168339e-02
3.008196018534514238e+00 9.151532695836259723e-01 6.892494693291652652e+01 2.233944390993840984e-02 1.185528217811601670e-01 6.769523770130453366e-02 7.851744609219507565e-02
3.032505141094274936e+00 9.044476844690946260e-01 6.900063177868557318e+01 2.226950945993852113e-02 1.191954510896823805e-01 1.213143279164743960e-02 5.078946430044081056e-02
3.137453663392088199e+00 9.283531138965509522e-01 6.830347134567519163e+01 2.220441922012002245e-02 1.173403979207389147e-01 4.359614269824239191e-02 1.430252267265146385e-02
3.122712782463562764e+00 9.325812152863881543e-01 6.850890120361238189e+01 2.248369550333153763e-02 1.212263488883216084e-01 3.981159379398435672e-02 1.222365684392886717e-02
3.097696434253549569e+00 9.549594956468637763e-01 6.907102113059116277e+01 2.238204183723793012e-02 1.249422947932169320e-01 4.402166532544310451e-02 6.783508262290793844e-02
3.129214989093343835e+00 9.554740890216371074e-01 6.905528896044801002e+01 2.232024724877510607e-02 1.166334176104000531e-01 8.930341646196326977e-02 6.228510697206386670e-02
2.915935943925199947e+00 9.414991226463403917e-01 6.829608788465205294e+01 2.236760309241750747e-02 1.116319271398154428e-01 9.099279435998282317e-02 5.210760759479172999e-02
3.011491606552775924e+00 9.841461862344023093e-01 6.909532871240125473e+01 2.257871997699722674e-02 1.167766905103505143e-01 9.532278782673903050e-02 3.042705462144150441e-02
2.912442717220295130e+00 9.891280830644272326e-01 6.881688277932644837e+01 2.237427796900987031e-02 1.178216198436600054e-01 5.861892992701396576e-02 5.572919366831915328e-02
2.908783954030521368e+00 9.169342260852623161e-01 6.874807568615669595e+01 2.212868803118219971e-02 1.150252449438213809e-01 6.054152175301445032e-02 7.478685243335671251e-02
2.859833854949448639e+00 9.483187232007193046e-01 6.896387663363982767e+01 2.255483355608066398e-02 1.208076893232063881e-01 1.507903438381626507e-02 1.837848551833635991e-02
3.121810367791954643e+00 9.939167970912581307e-01 6.900506740219182689e+01 2.258029701289104157e-02 1.270415159668529526e-01 5.033189566012485905e-02 6.736535824816201889e-02
2.833780167375845593e+00 9.620682689180936054e-01 6.852570366928281942e+01 2.232023392204508447e-02 1.155556035985719626e-01 5.071892001256084366e-03 7.149654163425833708e-02
2.858139910935236117e+00 9.590603267451847103e-01 6.877768566240006010e+01 2.249414534046044814e-02 1.188723799912725365e-01 3.802943207615063631e-02 5.502004389059175771e-02
2.946590628712523863e+00 9.561621357099212570e-01 6.820025409673149852e+01 2.215329139909997039e-02 1.177091232986581248e-01 5.846147132925434697e-02 5.808747315829386471e-02
2.908556713294875085e+00 9.385084594915762413e-01 6.862674679368456054e+01 2.255533689495300975e-02 1.139578524301011059e-01 5.006051530581923092e-02 4.699676572751460002e-02
3.004138642643821022e+00 9.711286044530891282e-01 6.853636158109756593e+01 2.244070564958115452e-02 1.210076686040417043e-01 4.434003121634091243e-02 2.681397046805930606e-02
2.973977106042007712e+00 9.286626748808235465e-01 6.832977236734654980e+01 2.233540713168463698e-02 1.150555591917185594e-01 9.651790210316009422e-02 7.761765290576470855e-02
2.956903161391895463e+00 9.537115270076287343e-01 6.898954075887910165e+01 2.219636978096718380e-02 1.231083929859973225e-01 4.653574452719470150e-02 3.323311812162584034e-02
2.992166455001205705e+00 9.822116706914422180e-01 6.894512903429620110e+01 2.233343421753747685e-02 1.131652523759971163e-01 4.891123502466922235e-02 1.041752246974951210e-02
3.053091658744125692e+00 9.500550526678597230e-01 6.893296525709823186e+01 2.227514059728990387e-02 1.215724146858940535e-01 8.913413298836925930e-03 6.644010182464107905e-02
3.039698684285935038e+00 9.074372302341653374e-01 6.896839405295408199e+01 2.212456962791799903e-02 1.254250622088672884e-01 2.150267387910851508e-02 6.785067128156552219e-02
2.901713826513029559e+00 9.970021661947786606e-01 6.903002265716202146e+01 2.204744698573728526e-02 1.199293504794292642e-01 3.963317833887597917e-03 4.131453006108078835e-02
2.910893504019569811e+00 9.871441287327497038e-01 6.845781428399911306e+01 2.210384346131154601e-02 1.176605639181781821e-01 8.817990339054733451e-02 6.136347685916189454e-02
3.023309033560980463e+00 9.201406911517980847e-01 6.870222922786506103e+01 2.215967584165386833e-02 1.190607006039599153e-01 4.327698741801493110e-02 7.578522064732698404e-02
2.961229056201585497e+00 9.456537220008442990e-01 6.901392656841653661e+01 2.211119685554200145e-02 1.226755293464533575e-01 6.107279030650539231e-02 1.511490535453020000e-02
3.013655894875839625e+00 9.015404194945870753e-01 6.947151928541815380e+01 2.255975885303100961e-02 1.176075219886499740e-01 5.924010430370745678e-02 7.016116475375518136e-02
3.154046643458643828e+00 9.303261921454905048e-01 6.820364899492227551e+01 2.240372408215207667e-02 1.120609638770503763e-01 7.540460121518778591e-02 3.289279077172739540e-02
3.041397021836039105e+00 9.414265918640657427e-01 6.790330691180045619e+01 2.225305755614967115e-02 1.181693075140681087e-01 9.905984878895279788e-02 5.516999236600927947e-02
2.804633051658136811e+00 9.033337491868131952e-01 6.917866765678557783e+01 2.244494991213788829e-02 1.198147891704121892e-01 5.800240433675442342e-02 4.098418929565630225e-02
2.891530799050719303e+00 9.904205233133834829e-01 6.869338728612812872e+01 2.244440563586574608e-02 1.127904969665955714e-01 7.302326518235614794e-02 2.436416872167459363e-02
3.077157385000161671e+00 9.754972044606139425e-01 6.892193139135758884e+01 2.258860793065321435e-02 1.201656637593745275e-01 7.646810129036030537e-03 6.600762665111740979e-02
2.843855372636702850e+00 9.365199601277376384e-01 6.897526757083744542e+01 2.245965386342939352e-02 1.225963410916396379e-01 5.624330463574542249e-02 2.094327179599803773e-02
2.812240326803580714e+00 9.729400842007006611e-01 6.802287731986525898e+01 2.224009852946982890e-02 1.177330303169827619e-01 2.345434867344210750e-02 5.066914124518030055e-02
2.840226586148145493e+00 9.703886740942114786e-01 6.905586044753707142e+01 2.240982510026704941e-02 1.136507722263325609e-01 2.401857543587290408e-02 1.245505054021662367e-02
2.996542242108024556e+00 9.572373009893887508e-01 6.937883382624715978e+01 2.219103347155099507e-02 1.232528268237538249e-01 4.645974256233075667e-02 1.561243714749438807e-02
3.012289230086112379e+00 9.273204818949527528e-01 6.812372910953224903e+01 2.208522449444446159e-02 1.179682923294620295e-01 6.553467738713962543e-02 5.230246452424108794e-02
2.842909738765378780e+00 9.015967442985167724e-01 6.931549907517002396e+01 2.234462428318689797e-02 1.183679651310431263e-01 4.002818573726834445e-02 2.093603975578579163e-02
2.869077095955958612e+00 9.099576129488458065e-01 6.886547682797932168e+01 2.225451552673611555e-02 1.149805725161197473e-01 2.440967352306419244e-02 5.013115763101352179e-02
3.062790004070764738e+00 9.578438145410215210e-01 6.801210525798535400e+01 2.235353960151525987e-02 1.103329035860801111e-01 3.020574837500188473e-02 2.464439649790841833e-02
2.854269890110677554e+00 9.158632592382649484e-01 6.872885204117493174e+01 2.255151491448295631e-02 1.183535202776724166e-01 8.353431479487892497e-02 5.092181222744740499e-02
3.127076550368115271e+00 9.971342778495191350e-01 6.882731904624755259e+01 2.244961578680718453e-02 1.179298918588733147e-01 9.686328767583030075e-02 2.094545585976317556e-02
2.855899457721217338e+00 9.398306195747331282e-01 6.925503349243983564e+01 2.225891381995272894e-02 1.255230165673524023e-01 9.383402394010520453e-02 6.135352854545751689e-02
3.125458378251820157e+00 9.584323502384204385e-01 6.854170319805457723e+01 2.242814421444945874e-02 1.113582619634423815e-01 3.274034259608913505e-02 6.359208811500181857e-02
3.198030692557937371e+00 9.813113949904178623e-01 6.849022846394554165e+01 2.239738361077618298e-02 1.147583876486122922e-01 9.651087786617083830e-02 2.844994751662581478e-02
3.148683709710485168e+00 9.535189471601132061e-01 6.886363572762280683e+01 2.250522967553551107e-02 1.183098040280802371e-01 5.775553749618256294e-02 7.628543865407694247e-02
2.845068236794794814e+00 9.608532562201979044e-01 6.888738629564305427e+01 2.235501527356122814e-02 1.164246823856645435e-01 3.238004468415408427e-02 7.970428813585855865e-02
3.022028352116853167e+00 9.185628473538107741e-01 6.860280310730526310e+01 2.233852246328649205e-02 1.192175532494713502e-01 7.777684043422371241e-02 6.183115215043701041e-02
2.949594586596977930e+00 9.132443178622259294e-01 6.902119637316707212e+01 2.243670966791059401e-02 1.173020342065555083e-01 2.162709225604908796e-05 1.047590663574885991e-02
3.163864421988125120e+00 9.199821480561949372e-01 6.865981311980326041e+01 2.228694191224731003e-02 1.170746889347863556e-01 8.840628345718082749e-04 1.207315137232717848e-02
3.131631660387937277e+00 9.075308110652020588e-01 6.916880765471216819e+01 2.231780799157928596e-02 1.195575533621081599e-01 2.427541361067281356e-02 4.100838643440513770e-02
2.946590628712523863e+00 9.561621357099212570e-01 6.820025409673149852e+01 2.215329139909997039e-02 1.177091232986581248e-01 5.846147132925434697e-02 5.808747315829386471e-02
2.984125325456170597e+00 9.651574040813355460e-01 6.902187501921673629e+01 2.237790145337731004e-02 1.248815297776791483e-01 8.703928736999688373e-03 5.888494225884190886e-02
3.170997958721348819e+00 9.520724931027249038e-01 6.930406363004053105e+01 2.203215290378381444e-02 1.185392155306872197e-01 8.544907957335351467e-02 1.030471091393858965e-02
2.834271158623391074e+00 9.561711043367159268e-01 6.936644085819358452e+01 2.223132768770981829e-02 1.240233150955195318e-01 5.402540491640807352e-02 2.025990505349992143e-02
2.992235763663479098e+00 9.221290979810259358e-01 6.833508832707791214e+01 2.203623202155968047e-02 1.214020330348858229e-01 2.734258302567782722e-03 6.796525259521618567e-02
3.130625370668596918e+00 9.291963893221716342e-01 6.828610296440049865e+01 2.203278035309367416e-02 1.207195087129180333e-01 9.108580974863458857e-02 6.327763478119363683e-02
3.030176755093425101e+00 9.971461201029282462e-01 6.898014750285156538e+01 2.214330765159387357e-02 1.200271140939317832e-01 4.449597575733907351e-02 6.739693396636435574e-02
3.019595085135792001e+00 9.055712123075284614e-01 6.837433441348302665e+01 2.237988852622363120e-02 1.207363107015572978e-01 7.241636995616096417e-02 7.630776308392435425e-02
3.175218006326097964e+00 9.618467465826520124e-01 6.816480552720517494e+01 2.248709505609625126e-02 1.160579051738374751e-01 1.474932383383932392e-02 6.073679154522927670e-02
3.065032485552959152e+00 9.956156723057820734e-01 6.885221183204781426e+01 2.258446160284721671e-02 1.120459883981778509e-01 7.257536737141967453e-03 6.103527863903859818e-02
3.134832358928421492e+00 9.829908292415915350e-01 6.819574297709635857e+01 2.231486683491475803e-02 1.133778082406671495e-01 1.573513893721448925e-02 4.799576320525006379e-02
3.136617479406941023e+00 9.062562713645606616e-01 6.803938269810997497e+01 2.226539891208574595e-02 1.180874219151438476e-01 3.586719068713643127e-02 4.747893205953841733e-02
3.127016624776868703e+00 9.438435970341808590e-01 6.878535962911531954e+01 2.205781752409037566e-02 1.220211844227971770e-01 4.219501373621185186e-02 7.501219438817836871e-02
2.999993944109276889e+00 9.254508117861245386e-01 6.869195216701471907e+01 2.245044251671307611e-02 1.208488252070574753e-01 9.690575142071357340e-02 5.590955665377110584e-02
2.868423128616923279e+00 9.736925050587839081e-01 6.844045355792198393e+01 2.211883607850181205e-02 1.124150592888952249e-01 1.947487098174088826e-02 4.447748354078092520e-02
2.968511173449062124e+00 9.156405146130186523e-01 6.895563521259927597e+01 2.250014833458557212e-02 1.169442848701087306e-01 8.732861164704644463e-02 6.918156464707757303e-02
3.070316204842834296e+00 9.834394046093585251e-01 6.825906201771292103e+01 2.217430153484379468e-02 1.171771428171955315e-01 9.044640808609483162e-02 7.556888466248684599e-02
2.869077095955958612e+00 9.099576129488458065e-01 6.886547682797932168e+01 2.225451552673611555e-02 1.149805725161197473e-01 2.440967352306419244e-02 5.013115763101352179e-02
3.149997405148500462e+00 9.841565504043594537e-01 6.911114662406708931e+01 2.220344902067290793e-02 1.194760008620944641e-01 2.193631165625835669e-02 3.756476340431925964e-02
2.898688077812955566e+00 9.053160275313589800e-01 6.837205951296320450e+01 2.204512566826679135e-02 1.131782158518013087e-01 3.146041999366911302e-04 1.782161604365594537e-02
3.140345499022482390e+00 9.502643648283221056e-01 6.863089643711066401e+01 2.235433461131007202e-02 1.222080583448990898e-01 5.041928901488224035e-02 5.855399571984961499e-02
2.820710941527493798e+00 9.050510258090873617e-01 6.876435619505070918e+01 2.236528659481515011e-02 1.244088424095446122e-01 3.973138203689900033e-02 7.747752809309714495e-02
2.900062723719457392e+00 9.921748225656774611e-01 6.880962449437079442e+01 2.227824219152759952e-02 1.208233833274049845e-01 6.035518854563707430e-02 2.148755928045142927e-02
2.889565330804529708e+00 9.179062374257578316e-01 6.871865698096367225e+01 2.240376687364043287e-02 1.165114495721922272e-01 8.524550956336503227e-02 2.207091295880768411e-02
2.942272442440361679e+00 9.581546416281074841e-01 6.797988369619055504e+01 2.210570645447652166e-02 1.170520015356370097e-01 5.201629203194866463e-02 6.135336789278606623e-02
3.052637940129119265e+00 9.814134880918510273e-01 6.879003840486730326e+01 2.230472284147258857e-02 1.218194029902007203e-01 5.381137640043522075e-02 3.799574563359543050e-02
2.917389631479987422e+00 9.303560812076182573e-01 6.825310777987289157e+01 2.219946768792179295e-02 1.165755360999512907e-01 8.385484156154060509e-02 7.663217243685925550e-02
3.088787504421689700e+00 9.377660333087051159e-01 6.874448914291600943e+01 2.215799936771253517e-02 1.138525933542613167e-01 6.102374545509336307e-02 5.396020366130249712e-02
3.144886304172702651e+00 9.149983042691491875e-01 6.955193118721027190e+01 2.252587155213113881e-02 1.254452305108488264e-01 4.631378630553908970e-02 4.265267767204726501e-02
3.009832684025652405e+00 9.781066924685397623e-01 6.800627888215409200e+01 2.203430073814805282e-02 1.195483532636650997e-01 3.582143426826406296e-02 2.848627582222495319e-02
3.037240546652522521e+00 9.296888341322835370e-01 6.796474545648133869e+01 2.200736906115279001e-02 1.116048441819322834e-01 8.779360850716480535e-02 3.618373421675775969e-02
2.972028500736441092e+00 9.003870294003133434e-01 6.959852924340719937e+01 2.254461852292599308e-02 1.244128929730311667e-01 4.099844847461311947e-02 6.719024353288011175e-02
3.120051434128050527e+00 9.709039239237474694e-01 6.820450014365839309e+01 2.214856504907358054e-02 1.167923731944530974e-01 1.701302255105864233e-02 1.394553282640548231e-02
2.840842239568930783e+00 9.848369175354444449e-01 6.858275745091296471e+01 2.233560775371642992e-02 1.190706127609114651e-01 3.455330691358087652e-02 5.828359902764924938e-02
2.954132594429596637e+00 9.951149061155332154e-01 6.893507311461314657e+01 2.242780185459006953e-02 1.189063578656892189e-01 8.472778114476670064e-02 3.591892013171046893e-02
3.077193406769365147e+00 9.338527074547586793e-01 6.792592874558017968e+01 2.208479952220974291e-02 1.142246842225583953e-01 9.414037019586163346e-02 7.408968377637484282e-02
2.806275460096096186e+00 9.529992249903148638e-01 6.877356171741696755e+01 2.229045777295989017e-02 1.167292513288452488e-01 3.447175763363387324e-02 2.424255365547770685e-02
3.100576792265551607e+00 9.975139942176900476e-01 6.924446048953410582e+01 2.239787303343254016e-02 1.186393302874404060e-01 2.868358828143869124e-03 7.248765663419715066e-02
3.189443900443512891e+00 9.269903226687856712e-01 6.841524655535695842e+01 2.218496379170326396e-02 1.167458530889142615e-01 6.293528478225271505e-02 3.558008780895849377e-02
2.948476306847190198e+00 9.549661700981360024e-01 6.882476427603036484e+01 2.219193935359351291e-02 1.140258725198209505e-01 5.710123845649650587e-02 7.307464869070534608e-02
3.106462158430256082e+00 9.445099911933702019e-01 6.859261924728522786e+01 2.226588832527206380e-02 1.210482243424863408e-01 3.926300611482605452e-02 3.113650710367948937e-02
2.965611373561836128e+00 9.916720666112998073e-01 6.937832533484174746e+01 2.247289501448319557e-02 1.224210368653785297e-01 1.816390564962617332e-02 6.145426879238134049e-02
2.826406601892168968e+00 9.066577964776220133e-01 6.901490781980575662e+01 2.259350772373527189e-02 1.136871364745857815e-01 4.226487988860028709e-03 6.423869113836445932e-02
3.037240546652522521e+00 9.296888341322835370e-01 6.796474545648133869e+01 2.200736906115279001e-02 1.116048441819322834e-01 8.779360850716480535e-02 3.618373421675775969e-02
2.982422721598686710e+00 9.116699113954713773e-01 6.925037106587336666e+01 2.251953091651867633e-02 1.207889121223944956e-01 7.240489952171505483e-02 4.484647432558045571e-02
3.080238688569731043e+00 9.606668655222925235e-01 6.905084068562173627e+01 2.251206171326027711e-02 1.137577544388895107e-01 6.659980774347951452e-03 3.755504366054460835e-02
3.012993002631243922e+00 9.002333394786732335e-01 6.889819075708444984e+01 2.222356488271009373e-02 1.152675866350486300e-01 2.272943267086019459e-03 4.194035019750638055e-02
3.098726043827307208e+00 9.041192146651785277e-01 6.828152520195575903e+01 2.203918905428986150e-02 1.178330986804972808e-01 4.995010865243939419e-02 5.307574696370080669e-02
3.063016274109481962e+00 9.033941115652591725e-01 6.833691778827457597e+01 2.250499834888861420e-02 1.133505839764052947e-01 7.727716563779371550e-02 6.979338453210648385e-02
3.075562746056017982e+00 9.831546218473106169e-01 6.793276380616417498e+01 2.214225275578309352e-02 1.160236837837889390e-01 8.996015139817880799e-03 7.632328219887049570e-02
3.085934546296265069e+00 9.789781974978103429e-01 6.895925196872229890e+01 2.256609494585364376e-02 1.205144602066462317e-01 2.914106535973067305e-02 4.187559129618618342e-02
3.078509910566303187e+00 9.994874634943295977e-01 6.795877341227223667e+01 2.200996878875123922e-02 1.166126868489196361e-01 7.695172995491195156e-02 5.180790532713422381e-02
2.947775360411171164e+00 9.961154553021799307e-01 6.879379690809632564e+01 2.221041643015215020e-02 1.153373428231261044e-01 8.370703360004494442e-02 2.109781309137094552e-02
2.935222315039970997e+00 9.270571807168345169e-01 6.893095176887500486e+01 2.205447454730750587e-02 1.159176206432165068e-01 3.790561536782686286e-02 1.820162540831043313e-02
2.829451778420735142e+00 9.929041359467550842e-01 6.845435473871185650e+01 2.248064763072118999e-02 1.247040912727813283e-01 4.559332448133655152e-02 5.472658360571691638e-02
3.053153187047734640e+00 9.661026505838166134e-01 6.941184646672971326e+01 2.245842604403714901e-02 1.220786749203459226e-01 5.198273317254115122e-02 2.641794819131462052e-02
3.169319992597731339e+00 9.484335320476948716e-01 6.913762289119522109e+01 2.226057036697826758e-02 1.198819882072625354e-01 7.406733916378138716e-03 1.287034713242401693e-02
3.015379269533751572e+00 9.334140536114327036e-01 6.858809480554180027e+01 2.243327964196485322e-02 1.211859672860087361e-01 8.193088381431633260e-02 4.903622714924844167e-02
2.810309471814363746e+00 9.810170170056957684e-01 6.845595402314506828e+01 2.228103878970698684e-02 1.180929056872450505e-01 4.491452895440275345e-02 6.813993222234625280e-02
3.020961324927160963e+00 9.713191604255427825e-01 6.926425556609450496e+01 2.258835107192637762e-02 1.193400954257446689e-01 1.745573540499442342e-02 2.275267322098306622e-02
3.089695969526214725e+00 9.595654950932213101e-01 6.871664769193839106e+01 2.242229433609211828e-02 1.180392486961991116e-01 3.346795314451019715e-02 2.517257010037008552e-02
3.085929528187883797e+00 9.999113371368543168e-01 6.811355604639766170e+01 2.204440698246634342e-02 1.121765149340450268e-01 4.097926380919508088e-02 5.170590928731053082e-02
2.840769363542503090e+00 9.748039650504428666e-01 6.843010596080070229e+01 2.257325335793471804e-02 1.161562496366821545e-01 3.000726377220382102e-02 5.659920521520110659e-02
2.884939259762657748e+00 9.061165771831970472e-01 6.914513261555204338e+01 2.259113891069422161e-02 1.232767379629049892e-01 6.447206560052759494e-02 4.383424977589395199e-02
3.026984712458985260e+00 9.558001831873238485e-01 6.908686537432588182e+01 2.226109679005460959e-02 1.205329785743974313e-01 3.487518557403708475e-02 6.638600860767905620e-02
3.006497301264645650e+00 9.209889184579269639e-01 6.845573055249369077e+01 2.231733794144199687e-02 1.164137881884360487e-01 9.233882173635432969e-03 3.458025293527206695e-02
3.151770031190088694e+00 9.106716271876933444e-01 6.894254376402795970e+01 2.222614870460109734e-02 1.202386883055936023e-01 9.782141373747739455e-02 4.543984303596005497e-02
3.037577472683414381e+00 9.371341998611202317e-01 6.907492818067881046e+01 2.220927262602727728e-02 1.223864146908040240e-01 1.211664852737870434e-03 3.483592675824007112e-02
2.849310730406008130e+00 9.406781545250104681e-01 6.880886181618008379e+01 2.218633524672238705e-02 1.202138849641990748e-01 4.867621032478968573e-02 4.777277234903234970e-02
2.914276877691750034e+00 9.203705781003170827e-01 6.898624852624931236e+01 2.242097796761801515e-02 1.216204715348558202e-01 7.850012862687842652e-02 3.342618364112421442e-02
3.024809022003506875e+00 9.315864304964103226e-01 6.853337325951200398e+01 2.211060055506042579e-02 1.234673801130583004e-01 8.608550581393316359e-02 6.286783635180254182e-02
2.905611938207497857e+00 9.470122579927261475e-01 6.822022917124044739e+01 2.203057685026440018e-02 1.138143040722943977e-01 2.453635343307813965e-02 3.864969324868068601e-02
2.846181442996168709e+00 9.329976243541835412e-01 6.826415307005714794e+01 2.202573130429631015e-02 1.181156384559812061e-01 8.718445244138378625e-02 7.483453466688995415e-02
3.032595619601652359e+00 9.786648800752234534e-01 6.975576358116094866e+01 2.258483035235457626e-02 1.263016241246933680e-01 9.677792355363987187e-02 7.301707588324787834e-02
2.811232213158483262e+00 9.867556813373293823e-01 6.883598915513070438e+01 2.213030998735426164e-02 1.235175357390277118e-01 7.265674820291738445e-02 1.961067625154543775e-02
3.139366033298732539e+00 9.289847100957328019e-01 6.828490204893672910e+01 2.215526888410372999e-02 1.173176755881654154e-01 8.241399635195320594e-02 7.088901425511336118e-02
2.898439146646334397e+00 9.228104322465046083e-01 6.872812311199862734e+01 2.200636285411327123e-02 1.232688951193532945e-01 4.828574785251858043e-02 4.063673730103053994e-02
3.198591097038203213e+00 9.651524587062828564e-01 6.969290252388992712e+01 2.256128881195789901e-02 1.253146373492340371e-01 3.353229425174375500e-02 3.280507351174918873e-02
2.920606048628787477e+00 9.800690984632596248e-01 6.935721032236212125e+01 2.259409334880134804e-02 1.245933287433015624e-01 2.062166583259815791e-02 3.470620448889058518e-02
2.949705845136710636e+00 9.818022963414928528e-01 6.874377609859837435e+01 2.209957821797724903e-02 1.173149115044884311e-01 9.373095929237162602e-03 7.477258611595656579e-02
3.102250444403571006e+00 9.100961515753066555e-01 6.836805468664954333e+01 2.236439564194950963e-02 1.168537439018434154e-01 6.413470835316885388e-02 3.214959874971641540e-02
2.977106706412143478e+00 9.520026878699044959e-01 6.860285021319417353e+01 2.220603736066934647e-02 1.159333024576299775e-01 8.006984105614764480e-02 3.487743161980450673e-02
3.071671414096220243e+00 9.357947713958107983e-01 6.890088663132569025e+01 2.258593248426931169e-02 1.144477548598208799e-01 8.211034755724666567e-02 3.799322058454163847e-02
2.809856840630995389e+00 9.343773379748293584e-01 6.819321372083012989e+01 2.200483096027194135e-02 1.176227446287682749e-01 3.002599799122339722e-02 4.131767771474213063e-02
3.149279937225242243e+00 9.748931060949488359e-01 6.865743472347752174e+01 2.242942700160059991e-02 1.136272898718834606e-01 3.326132641143453523e-04 5.533795504609617666e-02
3.048956190952606171e+00 9.343985350515480182e-01 6.863692746967821279e+01 2.237688111852893097e-02 1.174120705170701578e-01 5.134678167834531154e-02 2.370538202943498624e-02
3.070993998682419956e+00 9.410943547313016522e-01 6.810942502825018607e+01 2.202317391696215557e-02 1.180779543738687543e-01 7.237115641750127559e-02 6.025832483544144025e-02
2.937586262257407377e+00 9.817669594651035059e-01 6.836646386045606505e+01 2.213830829233569969e-02 1.114889388297632122e-01 3.903285079398960411e-02 1.847298975820816508e-02
2.870637506761547719e+00 9.808263164148235402e-01 6.814231614071249510e+01 2.217948009086397054e-02 1.145552368464371612e-01 8.500229967150679800e-02 6.203886039366220129e-02
3.088012428715026125e+00 9.052118477235854277e-01 6.910855808571842829e+01 2.230812651029838445e-02 1.196048466469524091e-01 4.824754963269809599e-02 1.735420991895192389e-02
3.005954994937233504e+00 9.259637416369302931e-01 6.942302465038312675e+01 2.233088292461187993e-02 1.217091764234402712e-01 1.358405435269672938e-02 6.337740509476134931e-02
2.976988062094872767e+00 9.178136443137755451e-01 6.840062587248185366e+01 2.213525735285207241e-02 1.199161258482571851e-01 6.737096081755633570e-02 6.265813756452717764e-02
2.864020848723388024e+00 9.690031288914150442e-01 6.855379909501478153e+01 2.248076811595147925e-02 1.123773353646609907e-01 7.224182295548563226e-02 2.198659387648280866e-02
2.894601101105631624e+00 9.871763902610780628e-01 6.908099716984315819e+01 2.242798796258720084e-02 1.162002071316293322e-01 5.652221406390278702e-02 1.525917037282315848e-02
3.146265997875941078e+00 9.634162034831381671e-01 6.863208690165491532e+01 2.252750882941027821e-02 1.182285485021549593e-01 9.613714874825514400e-02 6.802376645986536741e-02
3.053228783797726553e+00 9.331824317745420760e-01 6.832410579736931311e+01 2.200446933786611922e-02 1.186393020558031142e-01 9.863378933678819058e-03 3.325343447556455834e-02
2.874922770359542579e+00 9.672968178332100875e-01 6.807272663613656505e+01 2.202340316769097264e-02 1.145076712615610004e-01 3.864023763923465915e-02 3.380425107677630797e-02
2.949731997467247346e+00 9.468031618417913631e-01 6.896043444665271238e+01 2.257744172913473193e-02 1.198487605322261645e-01 3.298875448611889721e-02 4.070838693002827580e-02
3.050007404287492729e+00 9.035227161317278544e-01 6.896058875329323712e+01 2.247984827079801962e-02 1.214088952493056206e-01 4.803540604072480819e-02 5.585828690836668747e-02
2.805493731164296900e+00 9.427210313167716516e-01 6.890158643583325215e+01 2.250197532869033581e-02 1.158754617481874138e-01 9.329655791659385855e-02 3.140460332107346264e-02
2.947896246174624757e+00 9.857316699388788406e-01 6.858301707852183426e+01 2.248472157305965446e-02 1.170124146585010128e-01 8.404568241956321406e-02 5.620454631508270404e-02
3.173682900959682751e+00 9.562996116140630720e-01 6.861499697929777142e+01 2.212251777383262771e-02 1.210043854904854638e-01 9.028182865709936944e-02 4.455333448965618365e-02
3.119709998238298088e+00 9.118883972263066573e-01 6.895206584403412364e+01 2.201954024059617904e-02 1.296071158531111878e-01 8.756045988553871895e-02 6.093861585345823617e-02
2.853601539291211964e+00 9.437488442659258681e-01 6.880338181332125203e+01 2.244104537350212480e-02 1.164266588109906242e-01 7.074590681848670626e-02 6.147788412362267113e-02
2.813838628157569577e+00 9.420605436826086088e-01 6.848038904703136609e+01 2.227878823862795843e-02 1.221871684188595847e-01 1.396610427168509805e-02 3.726449567243375616e-02
3.031620044406226899e+00 9.368557079030371826e-01 6.898050955942613882e+01 2.252401233523866966e-02 1.192875369708136929e-01 7.097587810753483439e-02 6.382514697077568133e-02
2.885559742535868999e+00 9.342178986719941181e-01 6.889876640708939703e+01 2.252003122705659166e-02 1.172027849649546621e-01 5.687347375228120339e-02 1.071939550930589569e-02
2.864553376380273964e+00 9.584881438571434265e-01 6.830847429830262740e+01 2.202202021295746048e-02 1.186614920676040130e-01 8.811643394205791180e-02 1.850313054007632699e-02
2.984787328057303846e+00 9.240332839435811962e-01 6.908456920106945631e+01 2.228953507371992521e-02 1.169647019528996801e-01 1.739829758622754574e-02 4.403400131106219306e-02
2.996779631378680087e+00 9.045429168026287714e-01 6.897952497628888580e+01 2.259411442146292207e-02 1.220815943015880062e-01 3.233822645513523275e-02 7.127261202685337971e-02
3.018093588723012477e+00 9.890767684067780507e-01 6.844456100739365922e+01 2.223573783868071710e-02 1.178031208469313279e-01 2.313201715448048867e-02 2.092036595938145255e-02
2.844075718619736737e+00 9.596774780634295121e-01 6.836767090210888398e+01 2.234480928655195944e-02 1.158314068921397488e-01 5.812691255148177277e-02 3.955396003726485005e-02
2.900332613277750937e+00 9.933171084510463711e-01 6.836312290425667015e+01 2.220671812334555975e-02 1.195958962880585147e-01 2.726394113034154298e-02 7.945096520514208227e-02
3.029826432811018933e+00 9.812723562141130174e-01 6.964854472008816799e+01 2.235267641299537242e-02 1.274307509588962217e-01 5.499730840283981875e-02 2.453993885691403698e-02
3.087016066580994700e+00 9.083168600462182551e-01 6.891993055468856255e+01 2.232778097485081312e-02 1.153989886639363860e-01 6.959783369137337306e-02 5.036075319002104173e-02
2.831380958341494836e+00 9.327511724484427447e-01 6.857836198969420138e+01 2.241936798421224203e-02 1.166660695184592589e-01 3.291424762191105108e-02 6.000061665875489753e-02
2.870778014940398748e+00 9.721236724201323121e-01 6.823541931592527021e+01 2.216082516217343645e-02 1.126053842626296847e-01 4.555790541622615347e-02 4.058343736503274707e-02
2.897847460894635407e+00 9.338435631744366194e-01 6.863408866159070953e+01 2.243728322604322811e-02 1.175379677956629038e-01 5.596274277441333489e-02 5.866580712161884037e-02
3.012993002631243922e+00 9.002333394786732335e-01 6.889819075708444984e+01 2.222356488271009373e-02 1.152675866350486300e-01 2.272943267086019459e-03 4.194035019750638055e-02
2.874188501301257137e+00 9.355162466132657118e-01 6.959005441749445708e+01 2.223127787019412230e-02 1.221816313669897985e-01 4.914326663016602842e-02 3.864862736367523366e-02
3.095139414559046287e+00 9.777511558004059466e-01 6.823879174253174540e+01 2.220191350332461830e-02 1.127452509610026993e-01 1.953094638680463822e-03 7.140061285883539388e-02
2.912879556849156337e+00 9.763082368508682052e-01 6.874940533783835406e+01 2.212626603262098091e-02 1.200904464042998609e-01 1.620593017300321279e-02 6.146684569809800908e-02
2.822671292520983144e+00 9.871307557433820490e-01 6.941308729193193017e+01 2.237312592195629321e-02 1.249363748081876446e-01 8.899646154911365625e-02 4.361288033189858471e-02
2.939568700073996954e+00 9.699349786472488688e-01 6.863490166228146450e+01 2.243292609176219046e-02 1.154679560067375099e-01 8.074560864666505133e-02 4.533526909546067157e-02
3.017980610371982841e+00 9.764475954069706809e-01 6.895484029431194983e+01 2.210919410201061391e-02 1.252343392809177336e-01 1.217063375734807155e-02 7.561411443791000997e-02
3.030140695852581167e+00 9.232462810882078319e-01 6.882630470268213685e+01 2.230413622505015084e-02 1.271881071537412922e-01 3.937706474626234687e-02 5.329270841850489160e-02
3.059369342549989490e+00 9.520823880709854414e-01 6.941102280854161677e+01 2.230701925268914476e-02 1.176140260615058525e-01 6.334805509966603965e-02 5.642735704589079554e-02
3.160127973280249858e+00 9.029257545942135366e-01 6.873712390214596724e+01 2.233998977315452758e-02 1.168467301414466558e-01 8.951655877120734406e-02 4.069005898698847129e-02
2.824701858187036230e+00 9.168316496281280203e-01 6.954402409946207797e+01 2.201306487702913567e-02 1.284144673026603456e-01 9.820846225606972603e-04 1.286832145068645718e-02
3.087714866249725354e+00 9.669224438513666087e-01 6.795749133703094458e+01 2.224953202614429054e-02 1.199808411085993842e-01 7.248985997501704304e-02 6.700306137711999066e-02
3.017980610371982841e+00 9.764475954069706809e-01 6.895484029431194983e+01 2.210919410201061391e-02 1.252343392809177336e-01 1.217063375734807155e-02 7.561411443791000997e-02
3.111975095617985687e+00 9.817459647824174906e-01 6.853508049837836325e+01 2.221904967064795150e-02 1.159970780333578338e-01 3.544608823387806334e-02 3.111360026941295542e-02
2.999734214057939941e+00 9.926099642079468932e-01 6.798610707745135073e+01 2.229860806597049744e-02 1.144489516907960802e-01 1.673203915555043775e-02 6.666188739077157088e-02
3.014705707177589566e+00 9.997212439504034043e-01 6.885566922818712499e+01 2.207040491658568762e-02 1.163626689466449593e-01 7.713268508898502018e-02 4.611848762625152254e-02
3.057609490015147813e+00 9.560181280074478982e-01 6.817997761218754249e+01 2.206511108411098390e-02 1.157909864729844696e-01 9.809054340134806815e-02 2.040815245431613217e-02
3.128521029016735344e+00 9.735135100950920162e-01 6.917167368096524172e+01 2.239429925854587514e-02 1.165546711172961436e-01 9.332084893525972868e-02 4.461416858572962024e-02
2.870133282036564815e+00 9.799188409154909740e-01 6.971875354980301154e+01 2.259989010034721413e-02 1.226450887902784948e-01 8.198253759759821860e-03 6.057656821271583530e-02
2.858714273197949574e+00 9.523876896290791594e-01 6.854328583905913774e+01 2.227585726590592882e-02 1.159290672600614691e-01 7.378546355489377928e-02 5.687410766823230990e-02
3.064397698831048622e+00 9.935826978111260699e-01 6.956338706070114597e+01 2.217166427576663934e-02 1.222934851393488315e-01 7.618362737330530710e-02 6.344786017736281369e-02
3.072493079330675503e+00 9.236027644083968369e-01 6.821089364424639712e+01 2.224862766331314398e-02 1.114597593576760332e-01 7.403642090780004903e-02 2.698925444280713543e-02
3.196576137081697411e+00 9.342180415053144005e-01 6.806386082179533048e+01 2.202517832323403618e-02 1.132845128212708607e-01 2.251216513032788802e-02 4.776774245855556350e-02
2.908845173859194499e+00 9.362735610682855203e-01 6.861971737382678782e+01 2.206132167606346395e-02 1.234705531676548451e-01 9.304558828457402953e-02 5.465838003766673031e-02
3.097696434253549569e+00 9.549594956468637763e-01 6.907102113059116277e+01 2.238204183723793012e-02 1.249422947932169320e-01 4.402166532544310451e-02 6.783508262290793844e-02
2.821938489233380309e+00 9.908762763116061301e-01 6.855759620788775521e+01 2.252822591722351830e-02 1.120300528479813429e-01 1.964428864706343689e-02 7.306273644056390792e-02
3.067441177402903563e+00 9.902027032221404346e-01 6.897121512139116817e+01 2.209696442763540991e-02 1.283119547071915056e-01 8.825544501250048857e-02 5.899309533639361669e-02
3.162048155499087354e+00 9.734675647707301538e-01 6.873762824799771920e+01 2.226167154693660388e-02 1.132238245972741475e-01 8.305354345219387313e-02 7.912162040634261595e-02
2.922887251560927879e+00 9.445171591159141622e-01 6.868139957568203613e+01 2.210030025130414397e-02 1.166235426880528891e-01 2.787869480539399702e-02 7.583111516893076276e-02
2.813532394676663717e+00 9.226588919439777658e-01 6.868064706870083569e+01 2.227563289129743176e-02 1.190806344079170798e-01 6.368155620124309191e-02 3.003718804893783234e-02
2.952928872169046315e+00 9.008087015643924111e-01 6.893392072987555252e+01 2.245605546685183057e-02 1.176478766148554844e-01 4.707105228755213006e-02 5.172844468957404213e-02
3.027118317605574482e+00 9.350407271924795483e-01 6.874524023554255336e+01 2.251660608803012983e-02 1.172761107061895403e-01 6.148624706587866445e-02 3.817032197210162153e-02
3.149279937225242243e+00 9.748931060949488359e-01 6.865743472347752174e+01 2.242942700160059991e-02 1.136272898718834606e-01 3.326132641143453523e-04 5.533795504609617666e-02
2.930984700080227601e+00 9.217474808042687151e-01 6.876958741228547467e+01 2.239769354159630577e-02 1.171554274391914674e-01 6.812018770288040537e-02 6.362367955136449815e-02
3.060223110896642673e+00 9.879346936094398623e-01 6.850042468467542278e+01 2.208567661993457096e-02 1.187333498682061061e-01 5.310606266531688047e-02 1.009418418757000203e-02
3.150814633926193320e+00 9.429199015639935233e-01 6.896922090222062707e+01 2.257324181714784328e-02 1.265677153110352504e-01 7.003986975863155107e-02 7.840023619743856365e-02
3.195964656751921318e+00 9.881254777391667021e-01 6.893940925467904890e+01 2.249698213481131706e-02 1.186792328100958888e-01 6.815732273232136262e-02 2.120377416728292524e-02
3.026793173214246568e+00 9.775267854113018906e-01 6.921650759351059889e+01 2.203171221194284712e-02 1.251852291790566674e-01 6.666573320663732316e-02 6.298417043753193334e-02
3.159269675362975427e+00 9.210345236064542140e-01 6.848207828044785117e+01 2.237716249613999620e-02 1.139850182726413058e-01 3.750464779128432485e-02 4.577557333288102825e-02
2.994084042545262392e+00 9.628699391129511564e-01 6.940516892345770827e+01 2.248355391344254717e-02 1.179327444711777695e-01 4.006950355930867513e-02 2.743952517509964939e-02
2.977389770103323841e+00 9.751290867682718133e-01 6.879120412698877374e+01 2.258448087752126451e-02 1.181448717327812092e-01 5.923251982571231880e-03 3.594059818299573383e-02
2.917666482548477269e+00 9.425591458661828348e-01 6.847168847189759333e+01 2.221284952543663496e-02 1.114460255426900914e-01 6.235823803262292853e-02 6.900110923204091917e-02
3.093640245585165260e+00 9.824472023424505318e-01 6.859368510430667243e+01 2.249204912105179366e-02 1.178132891057509374e-01 4.291776862956395155e-02 3.854685649244921769e-02
3.052114660733080242e+00 9.619563628871773409e-01 6.908750797889935313e+01 2.249532634361138886e-02 1.233030737962483026e-01 4.557539135659754992e-02 1.791464223293503383e-02
3.131386051485529176e+00 9.819396551011202456e-01 6.842786589419877430e+01 2.242760142184804101e-02 1.166131390085658054e-01 5.054321554712459114e-02 3.041606844100755436e-02
2.806671490845722872e+00 9.068334166993301526e-01 6.865679757838972819e+01 2.235463174882824922e-02 1.189540283777917457e-01 9.682766218647352596e-02 5.623034582998855113e-02
2.873658262806450203e+00 9.929539812934810028e-01 6.944335601529351720e+01 2.242308724638877870e-02 1.165543348804383150e-01 4.794821846019074046e-02 6.915478502624902712e-02
2.821073767535071664e+00 9.730740208521139190e-01 6.957431347670697619e+01 2.220866380159348952e-02 1.211936758598151087e-01 4.467526740411497527e-02 1.966107661987667038e-02
3.152717737933278919e+00 9.860434778250120047e-01 6.827541074171601565e+01 2.216529309405340653e-02 1.164185370352714965e-01 5.132902301174493975e-02 5.032434447792406840e-02
2.851927654567908643e+00 9.686792823470411484e-01 6.814796681416814295e+01 2.235936924958748656e-02 1.159940093601203315e-01 2.245676353522259305e-02 4.750820136571779623e-02
2.817458734992936087e+00 9.599031331580103465e-01 6.852015835815636535e+01 2.236583900409805023e-02 1.185885698746087374e-01 9.015349102601338815e-02 5.653949446183720307e-02
3.109728828954261726e+00 9.730091601863557482e-01 6.830706508228932705e+01 2.238781983461647640e-02 1.161916495181057885e-01 2.592282664645450055e-02 2.205738541360673100e-02
3.100456374226271183e+00 9.557832742065863751e-01 6.869029099147087436e+01 2.259864270696958222e-02 1.199228853023248248e-01 7.831140426646054920e-02 2.860491752587079189e-02
2.846926463610182978e+00 9.136041943413171218e-01 6.910943744937668498e+01 2.242262665671053770e-02 1.137326659934220080e-01 2.011179211235179093e-02 4.811050738812020638e-02
2.982916263474681529e+00 9.033489722576792946e-01 6.921056510800073625e+01 2.258063359930102473e-02 1.225113984185851879e-01 7.158775517755414097e-02 4.145517144143014837e-02
3.067589977304374216e+00 9.491099977960787415e-01 6.858125622204582328e+01 2.229810743192925382e-02 1.171477921642093550e-01 8.670374685721111974e-02 4.930482295216764843e-02
3.166153427880008753e+00 9.559662470859974226e-01 6.894292700034635857e+01 2.243994083216582433e-02 1.171263397376115512e-01 5.903226118848301646e-02 3.712749416879699421e-02
3.177144064267698909e+00 9.929244654503699419e-01 6.946431855362942542e+01 2.253637713568733617e-02 1.245142085788532027e-01 9.576441153103291970e-02 6.455959830722257653e-02
2.976519904228145386e+00 9.843058337586354511e-01 6.860110521192082444e+01 2.236533674554617643e-02 1.134112476465315572e-01 2.661787133079045534e-02 4.303295001809569198e-02
3.149279937225242243e+00 9.748931060949488359e-01 6.865743472347752174e+01 2.242942700160059991e-02 1.136272898718834606e-01 3.326132641143453523e-04 5.533795504609617666e-02
3.003341386159577464e+00 9.177077922668996912e-01 6.765318911666250301e+01 2.204429439279845596e-02 1.138540454554104742e-01 7.806005953778222262e-02 4.139174330119160111e-02
2.904289572213857085e+00 9.673308122036556878e-01 6.894599895484714125e+01 2.238127375810902014e-02 1.203229043778984569e-01 2.947660899557593903e-02 3.578270743812967530e-02
2.880041782296681507e+00 9.260179931641380202e-01 6.864040983296527543e+01 2.200901377888675806e-02 1.286833155598803291e-01 5.013163533411713058e-02 4.286054524566437068e-02
3.070993998682419956e+00 9.410943547313016522e-01 6.810942502825018607e+01 2.202317391696215557e-02 1.180779543738687543e-01 7.237115641750127559e-02 6.025832483544144025e-02
3.078387106203108736e+00 9.537059385162021119e-01 6.906157774488669077e+01 2.247387124073635042e-02 1.173432641919972957e-01 5.477435561862700752e-02 6.220615210262157163e-02
3.063100762749217498e+00 9.722374113799833184e-01 6.858785969287511364e+01 2.240567421569454251e-02 1.190383367020090011e-01 9.740802311510152189e-02 6.373609220026409117e-02
3.060318803887684513e+00 9.037904710224781146e-01 6.850338094340888517e+01 2.247395730375417733e-02 1.152617216760869340e-01 7.807970421199834921e-02 4.599156823709265457e-02
2.920501001126855734e+00 9.647153615296766294e-01 6.930382214614080283e+01 2.226555320798541057e-02 1.185630972603577138e-01 8.857891744996361158e-03 2.552566908826816791e-02
3.061584050693296088e+00 9.364337323009565006e-01 6.903774893343658903e+01 2.224571464060180401e-02 1.174719868958785940e-01 1.782777489598997775e-02 3.147657146109653081e-02
3.185893600945667092e+00 9.969882382196444404e-01 6.908366889914569242e+01 2.218477583974768144e-02 1.196115172341052080e-01 8.128717324416141754e-02 4.944144839605957992e-02
3.141583903312118231e+00 9.583258907992456832e-01 6.838049594762419758e+01 2.233305590359381185e-02 1.112674500025393198e-01 7.869803609665740329e-02 2.956271615085007826e-02
2.993448638639557569e+00 9.115299473548711395e-01 6.957094457657557030e+01 2.203084236186433550e-02 1.212041137455674433e-01 1.892340691772094463e-02 2.991842739015296987e-02
3.096996238936076562e+00 9.596689639058969545e-01 6.898371035017076736e+01 2.212598875979738394e-02 1.225487495121668491e-01 4.352356704994353453e-02 5.488409736362070274e-02
2.876589882105968332e+00 9.813593250743797292e-01 6.847894817282595170e+01 2.238382982254742692e-02 1.158193042727284905e-01 2.933731397143209130e-02 7.103523707107334273e-02
3.034288925670173942e+00 9.266546771670539639e-01 6.851077096723594195e+01 2.233943351606313549e-02 1.180014414133090661e-01 5.268787292344770390e-02 6.911216807315535837e-02
3.126804793475747690e+00 9.389907124670615612e-01 6.846331798337774899e+01 2.223369343867189277e-02 1.143087616709788923e-01 5.667686905810703085e-02 1.270358215299795604e-02
2.994896441677349141e+00 9.614170168544968753e-01 6.934605521974900455e+01 2.240316883456219474e-02 1.238250831688887804e-01 6.129928100700339499e-02 3.743159317695350652e-02
3.155923372635983881e+00 9.948185084325943395e-01 6.876430933883477792e+01 2.228967108964135732e-02 1.160731941960873453e-01 9.831940977798554748e-03 6.839077471553829668e-02
3.100261319300816609e+00 9.437598121497144943e-01 6.849926404636923394e+01 2.212318010263247467e-02 1.181142728472470982e-01 6.811501639186338941e-02 1.676808658797476412e-02
3.004733049146192769e+00 9.147365849215550737e-01 6.810375825314150688e+01 2.225662788541087761e-02 1.136240759718222387e-01 5.439137959144046963e-02 2.508431189589118565e-02
2.992541120429455415e+00 9.095472765762853129e-01 6.857824936956885153e+01 2.223932712772589554e-02 1.189395308789278349e-01 8.749625341909084142e-02 3.545499790046213739e-02
3.067710429493959889e+00 9.745426849363822974e-01 6.892796127226948499e+01 2.254943539786313789e-02 1.146412680801712075e-01 5.394640665070659508e-02 7.666138199191070701e-02
2.947975932963296852e+00 9.026745364052088938e-01 6.835191395156547856e+01 2.244243329310028484e-02 1.167606806648902734e-01 8.379530732273134108e-02 7.269087234302873402e-02
2.932748227376658523e+00 9.807599899118577547e-01 6.791775833215659475e+01 2.218664492226855856e-02 1.177493522329976505e-01 8.377894497546102548e-02 3.840132893845206452e-02
3.044743994816981658e+00 9.481998758265994809e-01 6.868078734670899621e+01 2.205248490660522212e-02 1.200280163096915098e-01 8.289172793629241351e-03 2.625171107020610184e-02
3.052637940129119265e+00 9.814134880918510273e-01 6.879003840486730326e+01 2.230472284147258857e-02 1.218194029902007203e-01 5.381137640043522075e-02 3.799574563359543050e-02
2.928399080532781529e+00 9.175253316213231036e-01 6.836567099165293371e+01 2.203781661177760601e-02 1.162267471048228362e-01 5.705679841509046085e-02 3.206720913431936049e-02
3.041822010707923241e+00 9.983872599461354191e-01 6.935580759785089811e+01 2.248341127797315667e-02 1.245221055128502841e-01 9.596832058932590337e-02 6.403171955541517302e-02
2.983705947458692886e+00 9.844429457441975506e-01 6.877291942597852881e+01 2.250563682347210201e-02 1.184940162604695563e-01 9.491772262699899043e-02 2.871829777366748104e-02
3.150335022348607517e+00 9.722919523217022908e-01 6.881539576490838783e+01 2.234229531839111021e-02 1.134496308716807095e-01 2.087645689790478334e-02 1.333339561237127831e-02
3.140345499022482390e+00 9.502643648283221056e-01 6.863089643711066401e+01 2.235433461131007202e-02 1.222080583448990898e-01 5.041928901488224035e-02 5.855399571984961499e-02
3.118129759649911570e+00 9.196696160637581885e-01 6.820197820551700829e+01 2.244577030973912007e-02 1.135179777862204975e-01 5.548609926890596400e-02 4.473972858524832841e-02
3.050397934447708792e+00 9.849432065926756463e-01 6.895618296240793654e+01 2.248692983104020812e-02 1.180434526031098191e-01 1.344451435086983608e-02 6.059741567460816963e-02
2.824819771895693332e+00 9.088914308806589348e-01 6.873553316915945288e+01 2.243462067378017635e-02 1.200446946030357120e-01 6.283646846608458014e-02 6.192356486408408939e-02
3.176339289211849159e+00 9.556538071432533199e-01 6.860473322171429800e+01 2.218954200084504932e-02 1.197714378334454599e-01 1.553628358740315532e-02 5.561519143333257947e-02
3.033115647985558549e+00 9.895996110170826032e-01 6.948393682936182358e+01 2.238501837399185790e-02 1.234389292580724828e-01 4.380909538678375015e-02 3.171534144544722184e-02
2.847508617574485701e+00 9.883382007070365960e-01 6.875945425445313219e+01 2.210381896843610292e-02 1.215311754276754280e-01 6.401447082610449424e-02 5.437565564306418020e-02
3.158995414789414369e+00 9.690435949140417948e-01 6.882686767705013153e+01 2.228287911459632051e-02 1.237769583279355184e-01 6.825757667861269418e-02 3.123475234907724385e-02
3.198687926934545178e+00 9.410866248862510552e-01 6.916952999334675667e+01 2.251486151982419123e-02 1.219524166952326294e-01 3.055758813123191781e-02 1.307931423598990457e-02
2.958933980004083697e+00 9.454870291740640198e-01 6.882049424106823210e+01 2.241881911613098285e-02 1.159342008984097921e-01 2.889470807792180601e-02 7.785367248954011554e-02
3.073072459949341528e+00 9.869326640439648468e-01 6.947033234973352478e+01 2.244513717190093141e-02 1.194592502568632419e-01 7.474828127458643667e-03 2.670584453400388220e-02
2.992166455001205705e+00 9.822116706914422180e-01 6.894512903429620110e+01 2.233343421753747685e-02 1.131652523759971163e-01 4.891123502466922235e-02 1.041752246974951210e-02
3.118371324933545186e+00 9.309750430969084833e-01 6.894660160172928443e+01 2.243124769912495028e-02 1.210501813089008422e-01 7.314314385871936719e-02 6.066705812944838544e-02
2.933687757740743418e+00 9.459990245439635626e-01 6.885652912240195178e+01 2.241066809197603607e-02 1.198219422313933219e-01 9.606973488480372025e-02 4.601060201351512419e-02
2.990874525555859975e+00 9.249441437949168510e-01 6.872196075936201964e+01 2.222024983314929703e-02 1.179614471426942285e-01 1.881001913356662725e-02 2.654757277358962830e-02
2.847541662175951060e+00 9.244295122697524514e-01 6.849721256845116102e+01 2.231129613272151563e-02 1.179663488844558961e-01 2.495558853362521770e-02 5.911930677874003420e-02
3.077256709751916119e+00 9.684109687356075025e-01 6.957904796544644910e+01 2.234601304179612349e-02 1.249388995570265420e-01 8.127482832291262060e-02 6.332061291668433789e-02
3.184865913443202246e+00 9.680212527100808817e-01 6.908195905001072390e+01 2.207334787307707949e-02 1.212144667784806618e-01 2.579772723622278038e-02 7.590198556557931076e-02
2.913195176220646943e+00 9.925022335769820847e-01 6.864873612759249966e+01 2.239865962700023777e-02 1.194166426690873445e-01 3.667579044677058558e-02 2.224782673423264523e-02
3.004733049146192769e+00 9.147365849215550737e-01 6.810375825314150688e+01 2.225662788541087761e-02 1.136240759718222387e-01 5.439137959144046963e-02 2.508431189589118565e-02
2.981548132558593966e+00 9.827897616544702952e-01 6.919306529216110846e+01 2.259982559021441947e-02 1.152399776437959128e-01 7.735386754887557670e-02 4.468515164981366056e-02
3.009924495101029773e+00 9.171641886294034096e-01 6.898166142628934949e+01 2.228674118905634577e-02 1.214474152678861330e-01 4.818723198956216536e-02 4.662057765191524039e-02
3.078009816609897253e+00 9.679693721381417149e-01 6.783490292629717544e+01 2.206824432208107090e-02 1.133187427350610815e-01 7.874111049049219158e-02 3.878861875964108308e-02
2.905179306095286851e+00 9.666898295704442479e-01 6.909881523644934020e+01 2.255649805276109532e-02 1.230933347104774811e-01 8.451536447327207338e-03 4.180324616101790958e-02
2.998020164591010950e+00 9.737125434587878825e-01 6.928911861964670038e+01 2.251298694357854735e-02 1.151902258749645663e-01 2.126879439724058823e-02 6.540093267585503356e-02
2.898456247382978024e+00 9.802425774080286702e-01 6.908765885362889492e+01 2.256181515045858205e-02 1.210630676043908671e-01 6.973603267772083246e-03 6.187084709174429237e-02
2.878199535231594997e+00 9.999165475272592252e-01 6.939732719184223697e+01 2.232322560736695743e-02 1.201904790241934418e-01 1.212435107606785233e-03 4.760084937953706907e-02
2.828982735186553299e+00 9.640622433081251774e-01 6.920325767649252668e+01 2.252541097459720768e-02 1.137959421506966884e-01 9.011956710947077731e-02 7.585987897296833649e-02
2.800626431321693310e+00 9.410754495088977656e-01 6.865668161542626535e+01 2.217685727609550878e-02 1.151853206799745566e-01 1.548269964650977881e-02 1.937898449998522871e-02
3.023483147993776043e+00 9.343227807888246916e-01 6.856862509440998110e+01 2.202953847376799140e-02 1.213242962174787415e-01 7.623003357172825067e-02 1.305180531009544898e-02
3.008223590130459257e+00 9.523515846276264796e-01 6.872830606869121084e+01 2.224692333107371883e-02 1.145024186663945454e-01 7.501571697332579114e-02 4.256852234779258393e-02
3.137306349293923269e+00 9.349677418552104768e-01 6.916052030809430562e+01 2.251324867887675996e-02 1.153421485572213162e-01 2.942494859762671139e-02 3.743649185088977760e-02
3.061806330077162741e+00 9.414034565041865532e-01 6.853603430077080816e+01 2.241986279444849878e-02 1.113025977860663679e-01 1.356182580767446681e-02 4.683450842346869453e-02
3.186493743331641593e+00 9.473085990033565107e-01 6.889315288462563558e+01 2.245434034165507894e-02 1.226210153550097437e-01 1.180170621156872990e-02 6.808615825524094722e-02
3.109728828954261726e+00 9.730091601863557482e-01 6.830706508228932705e+01 2.238781983461647640e-02 1.161916495181057885e-01 2.592282664645450055e-02 2.205738541360673100e-02
3.080893098999423430e+00 9.965931860805053999e-01 6.830519163746151889e+01 2.238587298987920055e-02 1.133166845200415801e-01 2.000635331893119064e-03 5.976988847395570126e-02
2.985720866797182182e+00 9.405043304968544460e-01 6.848792693564966783e+01 2.227075572529802275e-02 1.135490256039271284e-01 1.945719211700704110e-02 4.901188074248946647e-02
2.917229989044063831e+00 9.860695968078687645e-01 6.840188007959649497e+01 2.236352905235285474e-02 1.127304082692036774e-01 8.644733186190091054e-03 6.157401000920821599e-02
3.122225908028430030e+00 9.489771486356408658e-01 6.804236320281333406e+01 2.227793256378267708e-02 1.144595987961332106e-01 6.741455100059220995e-02 4.317124141702703005e-02
3.162257524725232916e+00 9.437089390084945073e-01 6.780257046118634889e+01 2.206171337941918373e-02 1.115315576635294570e-01 4.679070202182394889e-02 2.605527548026895235e-02
2.968511173449062124e+00 9.156405146130186523e-01 6.895563521259927597e+01 2.250014833458557212e-02 1.169442848701087306e-01 8.732861164704644463e-02 6.918156464707757303e-02
2.822040829078832136e+00 9.856486130274421109e-01 6.876554526706325987e+01 2.252972233288337220e-02 1.154412195858101342e-01 4.595652869763482140e-02 2.284278173801987388e-02
2.869115071308054876e+00 9.246473885543315951e-01 6.874985287448565430e+01 2.248101127130180954e-02 1.207395768729713631e-01 9.656990053408372188e-03 1.937220816456403094e-02
3.117704155066175264e+00 9.418925434583111933e-01 6.801579195241272657e+01 2.201602655649187099e-02 1.124089932935584818e-01 6.870178196191843722e-02 1.250445008352427459e-02
3.146086037407215041e+00 9.886515360079964898e-01 6.855014445243791954e+01 2.203341631922063962e-02 1.207146751318881051e-01 5.224748375014977297e-02 6.948635880811374066e-02
3.131615350506997242e+00 9.975838283934308492e-01 6.876579815442288179e+01 2.255185564235210119e-02 1.210409559656094175e-01 7.145059720452588692e-02 1.003893539387562886e-02
3.197740669514056222e+00 9.996072047948891814e-01 6.864924959552524797e+01 2.232754203538679302e-02 1.209216909029047632e-01 4.036853158973963129e-02 1.869137150970823918e-02
3.121763726430778707e+00 9.755087026830369101e-01 6.827854375029167500e+01 2.219113523304701296e-02 1.177150529569442883e-01 6.732903962886625793e-02 3.223645880453437224e-02
2.819150515774604404e+00 9.671123425128389517e-01 6.862303534123986992e+01 2.248250711310837910e-02 1.130048927322002822e-01 6.124113507802389500e-02 7.727169505642265956e-02
2.811465292546142525e+00 9.194372199413848312e-01 6.894722846856667786e+01 2.222212819060149364e-02 1.213472448101083345e-01 5.677511820348699750e-02 3.108125930303271001e-02
3.059309750280119200e+00 9.296386689002272830e-01 6.857347526411889760e+01 2.208031658562250102e-02 1.182266651271253327e-01 9.088367617632228668e-02 6.627838492783648394e-02
2.885146659364105748e+00 9.686617487466748777e-01 6.957394427662588043e+01 2.231993404608998560e-02 1.199603800569874479e-01 5.822045640530986582e-02 2.266495565140162066e-02
3.098618281498042748e+00 9.443685390597559293e-01 6.892770566999224968e+01 2.224897394264494996e-02 1.251924152323011796e-01 2.715032629816449897e-03 1.873197444931953837e-02
3.149312057849673607e+00 9.232396071144008953e-01 6.929678345586734167e+01 2.235968320177781146e-02 1.194125670677376877e-01 1.827586158622779289e-02 5.069720372951846271e-02
2.886827754796887469e+00 9.192634364118918988e-01 6.963225435132189034e+01 2.253962180198610180e-02 1.208723221075374693e-01 4.616806783601811598e-02 1.135295854448879760e-02
3.130600308208417282e+00 9.966782805628932040e-01 6.875300328728366139e+01 2.242255110301347165e-02 1.247253444318585924e-01 3.835966239611510176e-02 7.203292302047384355e-02
3.138657258080025159e+00 9.877473330394713757e-01 6.786532547992447917e+01 2.214812430209706084e-02 1.155392558544322407e-01 8.929281152078771822e-02 4.956997242116130409e-02
2.908459594444818386e+00 9.980794566868694817e-01 6.855036032973262650e+01 2.234238415281162085e-02 1.184793539882000590e-01 6.322376936632849442e-02 5.577760185145756028e-02
2.809856840630995389e+00 9.343773379748293584e-01 6.819321372083012989e+01 2.200483096027194135e-02 1.176227446287682749e-01 3.002599799122339722e-02 4.131767771474213063e-02
3.194132213955074739e+00 9.997492644458640942e-01 6.860473921806925546e+01 2.218685988163921971e-02 1.189188323796284974e-01 5.544063060777972007e-02 4.144583111135257542e-02
3.150259258768979720e+00 9.797892010631524817e-01 6.852678632576467521e+01 2.255396909830337249e-02 1.195152843519238228e-01 4.217894273085518592e-02 4.190971114616239002e-02
3.056519231394981162e+00 9.781650441356761760e-01 6.828797334434609922e+01 2.211815891974361695e-02 1.159316545803840970e-01 7.063438284266805589e-02 7.566199822579411371e-02
3.165051838931657535e+00 9.958527234545311302e-01 6.914505861713587365e+01 2.259015466190965327e-02 1.130706643849445636e-01 3.897697096575250542e-02 6.726538761126993338e-02
2.864888154695253597e+00 9.565905170740401919e-01 6.827966391143493752e+01 2.209920619899942429e-02 1.199931843421593175e-01 9.088293200680006012e-02 5.797400996543012469e-02
2.910647959159049947e+00 9.200662798946698251e-01 6.892869355886469407e+01 2.239989860949255160e-02 1.147014666139521966e-01 4.464579461748843792e-02 4.550925906914837088e-02
2.977936904049019340e+00 9.821515431131040419e-01 6.887974951474382124e+01 2.230697969535527792e-02 1.177750163799006072e-01 1.244888584548421023e-02 1.650194386776693278e-02
2.995102712070467188e+00 9.353122086199692209e-01 6.901700764317358505e+01 2.236416952697172292e-02 1.244966326310461419e-01 7.304121804400659501e-02 6.827210186993344643e-02
2.818284216698950129e+00 9.889081016733435314e-01 6.820257300474565909e+01 2.221508874828882069e-02 1.186435106573906356e-01 1.681738026843246012e-02 3.179588959767176704e-02
2.830839511909846173e+00 9.378071128099784159e-01 6.921236643005526901e+01 2.249793811083143288e-02 1.231718747533091241e-01 6.618939366508047768e-03 2.489954985497969814e-02
2.958025912137943525e+00 9.933773351587802392e-01 6.901960648696851308e+01 2.254759688741275053e-02 1.150727941627842504e-01 1.164502469613210066e-03 7.875134066544810241e-02
3.019595085135792001e+00 9.055712123075284614e-01 6.837433441348302665e+01 2.237988852622363120e-02 1.207363107015572978e-01 7.241636995616096417e-02 7.630776308392435425e-02
2.870778014940398748e+00 9.721236724201323121e-01 6.823541931592527021e+01 2.216082516217343645e-02 1.126053842626296847e-01 4.555790541622615347e-02 4.058343736503274707e-02
3.050932943803806641e+00 9.864247233427287931e-01 6.846693745457044145e+01 2.246872851934959489e-02 1.127889218458969084e-01 9.359108032183864612e-02 6.212521193973990358e-02
3.186341524592508634e+00 9.458242207908554855e-01 6.895619324891369217e+01 2.228568681210278679e-02 1.138226634813183369e-01 1.540945694532058763e-03 3.661477819000532458e-02
2.877574758589461545e+00 9.209614332974593864e-01 6.821467196861433990e+01 2.215593978804225248e-02 1.162145828864736552e-01 5.633439984620552260e-02 6.303031686655616306e-02
2.800667035036778163e+00 9.979713504122076362e-01 6.852478097279019664e+01 2.256502271246389399e-02 1.175011278835803169e-01 2.115602020612820933e-02 4.974018216552149318e-02
2.992235763663479098e+00 9.221290979810259358e-01 6.833508832707791214e+01 2.203623202155968047e-02 1.214020330348858229e-01 2.734258302567782722e-03 6.796525259521618567e-02
3.191080895330358658e+00 9.056223364236879458e-01 6.815607910978242501e+01 2.248839486852954872e-02 1.117835589001865276e-01 9.541985570930626437e-02 6.152528665228047811e-02
3.092597327584608813e+00 9.849174128764648373e-01 6.849045160960639578e+01 2.259877222530571120e-02 1.137229356279244180e-01 1.976129708897424175e-02 4.322515074909413085e-02
3.127900014615599300e+00 9.326731408512047850e-01 6.855505078767426141e+01 2.211534437277662066e-02 1.150962167999075303e-01 9.718248256022844062e-03 1.587927994374506782e-02
3.175218006326097964e+00 9.618467465826520124e-01 6.816480552720517494e+01 2.248709505609625126e-02 1.160579051738374751e-01 1.474932383383932392e-02 6.073679154522927670e-02
2.845766045715764747e+00 9.044905717533336942e-01 6.839133685352592806e+01 2.215374865231500498e-02 1.111631183393347877e-01 4.764456164110066061e-02 1.687376858171472233e-02
2.977949941341823337e+00 9.714239526954567827e-01 6.902750763647763677e+01 2.241112057786432202e-02 1.161053347365339355e-01 7.444009324333850097e-02 6.904758337470109919e-02
3.165420046665302856e+00 9.604604760391951546e-01 6.768510985532670077e+01 2.211838219463760358e-02 1.116455226343997659e-01 4.226021709714819496e-02 6.763608519590727508e-02
3.151198488427247035e+00 9.763696182855609029e-01 6.915988363670233241e+01 2.229877734613761389e-02 1.217543887916780754e-01 3.272397285694461644e-02 5.714413465381594504e-02
3.052114660733080242e+00 9.619563628871773409e-01 6.908750797889935313e+01 2.249532634361138886e-02 1.233030737962483026e-01 4.557539135659754992e-02 1.791464223293503383e-02
2.871272622948902509e+00 9.963929131772469860e-01 6.872262778643566605e+01 2.243423841418049416e-02 1.170246687700383231e-01 2.048860103361068233e-02 4.047915574059687133e-02
3.168055942024448512e+00 9.482312844656108908e-01 6.911309334718366415e+01 2.222620936670277256e-02 1.179739626317753837e-01 3.934615454837532555e-02 3.747418310027081367e-02
2.915403494750190116e+00 9.022766323072231032e-01 6.947636425437511321e+01 2.251367295393906856e-02 1.250372262163078341e-01 7.788773316576128036e-02 7.591960349042220502e-02
2.870778014940398748e+00 9.721236724201323121e-01 6.823541931592527021e+01 2.216082516217343645e-02 1.126053842626296847e-01 4.555790541622615347e-02 4.058343736503274707e-02
3.192854643764041267e+00 9.153686987089465488e-01 6.856295489991774161e+01 2.219097917715413468e-02 1.149768350713076398e-01 5.263130146444247592e-02 3.998336329473915762e-02
3.075274145071047016e+00 9.434868624778001145e-01 6.970417914820498595e+01 2.250639460614231591e-02 1.240071456548097195e-01 9.361468832509764471e-02 1.437792151096482438e-02
2.901391702929869698e+00 9.486919878822792640e-01 6.879081367610308462e+01 2.235011799722995060e-02 1.179918744664241181e-01 5.982483577028126220e-02 5.430280812979401683e-02
2.966549094077493454e+00 9.228239413595645813e-01 6.873042076246686349e+01 2.209216502141877689e-02 1.171562557474186833e-01 2.175226792898166117e-03 2.697947927609162244e-02
2.906950359805951845e+00 9.074304773100878574e-01 6.873460269784172283e+01 2.228092475149828083e-02 1.210108725868352109e-01 3.902012060187233511e-02 1.094635002001369435e-02
2.804633051658136811e+00 9.033337491868131952e-01 6.917866765678557783e+01 2.244494991213788829e-02 1.198147891704121892e-01 5.800240433675442342e-02 4.098418929565630225e-02
2.969576859607409691e+00 9.973764520509894593e-01 6.843209882131262134e+01 2.242698159214323930e-02 1.165326534314185258e-01 8.674652006011879246e-02 4.391225876398172079e-02
3.192557861633917415e+00 9.390863493854934019e-01 6.863258383491789516e+01 2.243922288159730036e-02 1.216725096396565065e-01 5.465101954345247259e-02 6.793024465027924785e-02
3.059672786652049226e+00 9.703852109733648312e-01 6.873580959575090787e+01 2.224912026133126983e-02 1.203956652702226071e-01 3.090068683814844661e-02 4.589135387775635649e-02
3.024689267123255032e+00 9.053677600546559123e-01 6.867169896424994135e+01 2.233288486935135903e-02 1.152594891605993183e-01 2.208748501542496384e-02 6.670589688423285424e-02
2.888424593979835198e+00 9.407556726210630771e-01 6.872833055430317017e+01 2.244091800929381639e-02 1.153182560487398534e-01 4.217921965710333398e-02 5.901297288218545350e-02
3.002720202096496038e+00 9.488003524919141896e-01 6.853995435377422041e+01 2.203771693941694240e-02 1.180063731407897942e-01 8.179505871032195785e-02 2.044984859476492098e-02
2.979750475468095239e+00 9.322700500418616976e-01 6.899537753361923365e+01 2.235422876869003206e-02 1.145385171895547255e-01 1.685732724058758292e-02 2.476780673880410455e-02
3.116646592824643847e+00 9.032755588748930808e-01 6.898778392348481248e+01 2.245371547207242538e-02 1.204859807173637304e-01 2.332266596975490422e-02 7.930907211175382276e-02
2.917200256138205550e+00 9.280280481591848263e-01 6.848991121663843273e+01 2.228943388421750216e-02 1.120475122478709062e-01 1.795638898360379931e-02 5.159181061539822033e-02
3.081633900993296038e+00 9.265326641679553221e-01 6.871420106465623689e+01 2.232777801960167049e-02 1.162857240641807233e-01 8.554147691236008155e-02 3.148617327655555548e-02
3.109439104383316721e+00 9.645707701595451766e-01 6.899994986294490218e+01 2.250546770150734996e-02 1.193666366501014292e-01 8.048411715547694467e-02 1.063340994997376970e-02
3.099387251896599693e+00 9.929848486505976624e-01 6.801610544553446402e+01 2.204951938016811580e-02 1.139226352785778079e-01 4.734085444465496034e-02 4.865179283212499317e-02
3.062278901296765721e+00 9.576727605696996326e-01 6.867639844600165588e+01 2.220362653714491250e-02 1.190426980284149394e-01 8.595734177938710308e-02 6.053050261752288691e-02
2.990707563171089767e+00 9.128507153789899853e-01 6.892935791130595646e+01 2.259130406664126844e-02 1.150264597347808448e-01 4.582191118285450920e-02 5.744470018519635957e-02
2.856623076855885124e+00 9.123743994160739001e-01 6.902211102739684634e+01 2.248487278848507187e-02 1.136779079869142534e-01 3.845306715055092639e-02 7.620825835494435263e-02
2.903197312764328686e+00 9.554881981379924616e-01 6.885254524626495254e+01 2.250958645213281886e-02 1.188095966303511219e-01 5.357275129538716790e-02 5.853471072929901375e-02
3.111492321994826948e+00 9.831174500079207235e-01 6.932783266878200834e+01 2.208140724207188418e-02 1.182215923291890097e-01 6.732185207158530860e-02 6.005526588546891004e-02
2.949594586596977930e+00 9.132443178622259294e-01 6.902119637316707212e+01 2.243670966791059401e-02 1.173020342065555083e-01 2.162709225604908796e-05 1.047590663574885991e-02
2.960661181887798143e+00 9.366971056706532295e-01 6.876959922764243061e+01 2.256590981638570761e-02 1.125344129277105476e-01 4.852504402906537839e-02 3.230821922014268099e-02
3.093062045973793417e+00 9.770100682576576823e-01 6.872145453477862986e+01 2.241505648477006354e-02 1.213332166247753502e-01 5.186054905090321798e-02 3.455443517314821245e-02
3.051070624716205160e+00 9.701370669451948592e-01 6.883228428466357229e+01 2.259575617397193217e-02 1.205875788830535894e-01 6.833190280190692967e-03 1.388449232762007692e-02
2.922540332275842534e+00 9.306870060621974527e-01 6.850879180911908861e+01 2.256481900513496175e-02 1.192233738935887660e-01 8.484175771756292950e-02 7.241964333179282121e-02
2.908783954030521368e+00 9.169342260852623161e-01 6.874807568615669595e+01 2.212868803118219971e-02 1.150252449438213809e-01 6.054152175301445032e-02 7.478685243335671251e-02
2.885549925497284729e+00 9.556738352531017888e-01 6.869198843989730108e+01 2.212876032427588124e-02 1.161161572458266761e-01 3.681098483431469864e-02 4.638486850053074456e-02
2.959615863816272618e+00 9.530565611231256451e-01 6.861520512662022497e+01 2.228922282841023714e-02 1.222755836719267436e-01 7.941612154778134036e-02 1.434813049114478344e-02
2.840499837892727530e+00 9.517184463863747057e-01 6.879498837342224249e+01 2.259162054476566983e-02 1.203141520635330058e-01 6.497564763726895731e-02 4.109750389195306747e-02
3.106281942453701816e+00 9.024452875388049300e-01 6.905695089130921360e+01 2.220088757724395651e-02 1.163565090842938327e-01 2.374600250950963456e-02 5.934225697133611171e-02
2.832273310908232311e+00 9.349966202436243989e-01 6.843244626997305602e+01 2.227535134482666254e-02 1.179215867497690196e-01 5.479238352062640316e-02 4.378509343927067254e-02
3.046200028289775652e+00 9.910360932980576409e-01 6.858809132892302785e+01 2.224647219244077143e-02 1.125673708526952616e-01 1.528082388746229182e-02 5.499125073511034606e-02
3.078267942247349787e+00 9.297078112539769457e-01 6.870875007708781368e+01 2.242524510167996990e-02 1.189556870248398984e-01 3.137758477827499309e-02 7.220996744069635431e-02
2.837132681023219138e+00 9.674169833409040908e-01 6.878027703576569252e+01 2.254944554895982681e-02 1.116571603639682358e-01 8.270519733006528873e-02 1.386887513419758633e-02
2.832505856572935521e+00 9.179451816045788304e-01 6.866698855254567491e+01 2.204254710942510700e-02 1.199335539430108621e-01 2.675756910051551099e-02 3.244037305522256415e-02
2.967554977389961213e+00 9.360480568485324282e-01 6.884983334470921079e+01 2.254391991336081660e-02 1.217871409759160028e-01 4.027948576250885149e-02 3.982713114929947729e-02
3.125458378251820157e+00 9.584323502384204385e-01 6.854170319805457723e+01 2.242814421444945874e-02 1.113582619634423815e-01 3.274034259608913505e-02 6.359208811500181857e-02
3.070967389558469041e+00 9.802010191050916088e-01 6.860127307553433695e+01 2.232232860039875741e-02 1.177876297879251882e-01 5.181420202237190659e-02 1.102593902349266290e-02
2.861380965502423823e+00 9.176571085052056542e-01 6.867644310038002686e+01 2.210412824566729620e-02 1.198077850557687923e-01 3.746816718814074271e-02 3.542082372354323633e-02
3.113767668049873816e+00 9.594921394874905696e-01 6.900078555592736507e+01 2.257803515564401828e-02 1.185982075752145676e-01 3.171859556270801433e-02 4.512190326598258111e-02
3.011491606552775924e+00 9.841461862344023093e-01 6.909532871240125473e+01 2.257871997699722674e-02 1.167766905103505143e-01 9.532278782673903050e-02 3.042705462144150441e-02
2.969865507513862024e+00 9.801732463271950468e-01 6.867218204955649696e+01 2.238018511438874536e-02 1.251106765984452973e-01 1.674139882670314800e-02 4.675444558947827733e-02
2.928336212758926305e+00 9.953141793673730975e-01 6.887282150180503493e+01 2.238051924477939617e-02 1.181745545039849937e-01 9.963532498963041661e-02 6.352250316960668386e-02
3.004138642643821022e+00 9.711286044530891282e-01 6.853636158109756593e+01 2.244070564958115452e-02 1.210076686040417043e-01 4.434003121634091243e-02 2.681397046805930606e-02
3.058569995155051569e+00 9.209404320615740547e-01 6.842902028829252004e+01 2.223721824142412332e-02 1.122898066380894899e-01 9.955186660513115626e-02 1.096830570133871044e-02
3.099041726559165877e+00 9.070769964355850368e-01 6.796092775414892628e+01 2.212669782709981992e-02 1.183409061448818245e-01 8.990366786195369553e-02 6.815606260614499867e-02
3.033115647985558549e+00 9.895996110170826032e-01 6.948393682936182358e+01 2.238501837399185790e-02 1.234389292580724828e-01 4.380909538678375015e-02 3.171534144544722184e-02
3.024087738322775998e+00 9.911233479281841285e-01 6.867444792783818741e+01 2.210333649582866405e-02 1.189804556181283252e-01 2.018260352084652598e-02 4.804539550212947457e-02
3.152703008521586803e+00 9.235102151765247624e-01 6.870782803675314199e+01 2.251818803602739782e-02 1.158567229041551905e-01 7.698967214674136417e-02 1.033955324679150523e-02
2.997814871890000621e+00 9.394571391926145321e-01 6.876446727031482453e+01 2.244994024566309906e-02 1.164799472109623868e-01 1.615732436496706420e-02 2.845212861238851504e-02
3.158975871414380521e+00 9.386738634979495677e-01 6.909820194960867923e+01 2.254406553528402052e-02 1.129451961202602300e-01 6.103785430869846339e-03 6.939626253902073105e-02
2.878689700179569488e+00 9.524027693762928681e-01 6.945994703672653259e+01 2.258064104711110520e-02 1.158304965484967669e-01 9.208153933050966739e-04 2.360997401010437105e-02
2.859833854949448639e+00 9.483187232007193046e-01 6.896387663363982767e+01 2.255483355608066398e-02 1.208076893232063881e-01 1.507903438381626507e-02 1.837848551833635991e-02
2.888552964435151527e+00 9.434586900691666056e-01 6.885912918064151711e+01 2.219139084176923252e-02 1.219522716285971753e-01 3.384778492965721808e-02 3.613674834249561152e-02
2.950708777292829765e+00 9.822937886248424011e-01 6.907255376776186040e+01 2.248672217215035019e-02 1.191745477258135261e-01 6.066125304861905154e-02 5.873269760194482075e-02
3.155745366101666338e+00 9.327330906058588500e-01 6.899622459694819554e+01 2.247130419289295258e-02 1.163636925422636970e-01 7.544902854891891164e-02 6.407490761181296179e-02
3.044877231925682270e+00 9.098770735925408859e-01 6.923300389539572564e+01 2.237098548937064418e-02 1.194071557136882483e-01 3.852710481231772649e-02 1.640136091758873788e-02
2.963893030772805748e+00 9.916576397378445984e-01 6.887008846571148979e+01 2.217675846586452879e-02 1.146394850511059937e-01 4.203214738414032259e-02 1.718047685277741127e-02
3.112716069456419987e+00 9.338133241338562041e-01 6.861229822176014181e+01 2.251059042277236619e-02 1.142828243386811576e-01 1.964338898388041932e-02 5.629029079522344936e-02
2.825778405652091596e+00 9.981723069148894512e-01 6.955155838295031856e+01 2.213505117183977092e-02 1.188242767221554946e-01 1.782139468877574906e-02 7.826172146395722617e-02
2.935222315039970997e+00 9.270571807168345169e-01 6.893095176887500486e+01 2.205447454730750587e-02 1.159176206432165068e-01 3.790561536782686286e-02 1.820162540831043313e-02
3.120317189783760270e+00 9.806127502056180001e-01 6.891464269369218698e+01 2.244831991204843114e-02 1.181726208600938632e-01 1.512691419499606095e-02 1.533247548086741005e-02
3.085348795082805129e+00 9.426722688479817203e-01 6.970507219820174782e+01 2.252833527052537643e-02 1.239750372112383842e-01 1.263811581790664877e-02 6.440682307588588285e-02
3.076447955633639708e+00 9.987559091152239388e-01 6.798551012818623462e+01 2.208469314496656899e-02 1.219819488393596718e-01 7.293528753365473294e-02 4.863291228310574754e-02
2.839820171392976267e+00 9.651865492270527147e-01 6.912035036102622598e+01 2.256059407652770410e-02 1.154176180818233949e-01 6.034939016897273092e-03 5.899322335124335820e-02
3.112716069456419987e+00 9.338133241338562041e-01 6.861229822176014181e+01 2.251059042277236619e-02 1.142828243386811576e-01 1.964338898388041932e-02 5.629029079522344936e-02
2.946352551960028876e+00 9.080380092410204051e-01 6.803559522909728230e+01 2.240294148441440356e-02 1.206359146981776653e-01 9.726725369422606349e-02 6.653285696763509838e-02
3.021770527214463709e+00 9.997287603306472814e-01 6.834016758486416165e+01 2.242975691301949195e-02 1.107522089400110182e-01 5.347558264418422747e-02 6.371454780693740216e-02
2.950267564441330315e+00 9.488406363929213772e-01 6.825780127725826674e+01 2.210251673361624328e-02 1.150767533639032586e-01 9.253670287203219491e-02 3.135690730964858786e-02
2.973106641664376770e+00 9.453212458226905035e-01 6.820032867601736370e+01 2.218352568215922055e-02 1.150582178742984713e-01 7.995265766500816995e-02 2.626510123304460348e-02
3.118313239450815288e+00 9.976957135392826581e-01 6.841783154427784552e+01 2.205251838315015062e-02 1.170384013910227700e-01 3.145708353471728808e-02 4.034436698822749939e-02
3.191472534779022929e+00 9.668611070053051426e-01 6.913866411605374651e+01 2.238730291635888589e-02 1.207370145204700734e-01 5.818606822206529028e-03 7.637695806232527862e-02
2.898688077812955566e+00 9.053160275313589800e-01 6.837205951296320450e+01 2.204512566826679135e-02 1.131782158518013087e-01 3.146041999366911302e-04 1.782161604365594537e-02
3.019595085135792001e+00 9.055712123075284614e-01 6.837433441348302665e+01 2.237988852622363120e-02 1.207363107015572978e-01 7.241636995616096417e-02 7.630776308392435425e-02
3.022557280105567123e+00 9.118684089042460306e-01 6.883127886665447193e+01 2.225119866359465473e-02 1.224245630545486851e-01 5.494421304957602253e-02 1.352279231293148330e-02
3.158995414789414369e+00 9.690435949140417948e-01 6.882686767705013153e+01 2.228287911459632051e-02 1.237769583279355184e-01 6.825757667861269418e-02 3.123475234907724385e-02
3.192238912116755145e+00 9.867723652337613283e-01 6.916911832503524238e+01 2.245057079327679103e-02 1.183005606135949794e-01 1.892725559783725586e-02 4.981093772057718083e-02
2.823029691919254791e+00 9.005756863187774908e-01 6.894668157666424690e+01 2.239237157972709391e-02 1.214086724830255731e-01 4.482780242674285626e-02 7.337568140409640727e-02
2.861881677497952303e+00 9.584831353312466273e-01 6.798893622210461274e+01 2.216685360044443401e-02 1.134548033842472659e-01 6.937658449781355929e-02 4.187348676257388047e-02
2.865694156407829762e+00 9.261533086837265838e-01 6.874843984132465380e+01 2.210255469420688290e-02 1.186807349336136824e-01 3.739426078271706338e-02 4.115141177155328539e-02
2.828926735347186305e+00 9.451252084014637456e-01 6.820453180524080494e+01 2.225475215641791946e-02 1.203310364850768144e-01 2.454977999159359270e-02 3.899721643352251771e-02
3.050732689252880991e+00 9.909710442660100149e-01 6.851616641321646739e+01 2.206714740492838125e-02 1.160584260878178148e-01 7.831937985004538971e-02 3.482203709926338236e-02
3.040279751740985414e+00 9.595403825528885378e-01 6.833333811339679187e+01 2.211994816103616049e-02 1.122362911880025044e-01 8.853085373628528931e-02 5.353227003144298696e-02
3.090408377661764128e+00 9.948635487969138547e-01 6.923745682548415914e+01 2.256576759388482720e-02 1.231242026129129169e-01 3.790778806453110310e-03 4.682099839803973568e-02
3.091091597773982347e+00 9.805240710006489779e-01 6.851099710172732671e+01 2.242870466682552258e-02 1.132882592413029105e-01 8.619133074566442954e-02 7.374493230455576864e-02
3.086085638739974879e+00 9.647744587001666483e-01 6.856714159564700140e+01 2.259204827570717583e-02 1.150004675820153616e-01 3.775425992137834696e-02 3.699466525251042526e-02
3.128813301309512962e+00 9.257559889862305713e-01 6.913577267390644465e+01 2.250374791572596483e-02 1.205588385012992259e-01 6.919131390591780340e-02 2.873901865015975748e-02
2.947975932963296852e+00 9.026745364052088938e-01 6.835191395156547856e+01 2.244243329310028484e-02 1.167606806648902734e-01 8.379530732273134108e-02 7.269087234302873402e-02
2.922521982692158460e+00 9.142982159890061800e-01 6.847966547277735572e+01 2.249378116272749209e-02 1.135216141292409581e-01 2.826647969285008000e-02 7.195906632578741302e-02
2.844075718619736737e+00 9.596774780634295121e-01 6.836767090210888398e+01 2.234480928655195944e-02 1.158314068921397488e-01 5.812691255148177277e-02 3.955396003726485005e-02
2.818284216698950129e+00 9.889081016733435314e-01 6.820257300474565909e+01 2.221508874828882069e-02 1.186435106573906356e-01 1.681738026843246012e-02 3.179588959767176704e-02
2.899815730860173524e+00 9.109376250560247135e-01 6.895107479916620719e+01 2.257852951306429934e-02 1.191971479789445260e-01 2.766042770248418325e-02 7.885040764496842325e-02
3.107443423350834344e+00 9.571068064437937561e-01 6.869963721297320092e+01 2.213699338603283481e-02 1.137461543564021044e-01 1.694900649235930911e-03 5.976665450871002788e-02
3.128521029016735344e+00 9.735135100950920162e-01 6.917167368096524172e+01 2.239429925854587514e-02 1.165546711172961436e-01 9.332084893525972868e-02 4.461416858572962024e-02
2.870130878809153518e+00 9.861095364918759376e-01 6.835890588094986242e+01 2.211180744545893431e-02 1.228387873097750993e-01 9.413074230720365129e-03 3.758410684825379960e-02
3.152283142026457430e+00 9.671981932552442540e-01 6.783567187716124636e+01 2.211644265926688419e-02 1.131247157641760703e-01 1.661462435365428439e-02 1.586305081920238308e-02
2.845766045715764747e+00 9.044905717533336942e-01 6.839133685352592806e+01 2.215374865231500498e-02 1.111631183393347877e-01 4.764456164110066061e-02 1.687376858171472233e-02
2.844226122975679338e+00 9.753038848938205829e-01 6.818742961860604623e+01 2.233344352953106279e-02 1.146950995632451814e-01 9.280207923020568350e-02 2.753772897302791955e-02
3.051718480295018132e+00 9.780028995367721079e-01 6.900145934108599022e+01 2.256402301900646210e-02 1.254768652922348959e-01 4.747036591226654750e-02 7.443890202253987398e-02
3.054783738791897907e+00 9.271263731986845169e-01 6.860131447029542073e+01 2.217373194765999075e-02 1.172563329587392178e-01 6.588310529182926645e-02 6.035630281150798637e-02
3.053153187047734640e+00 9.661026505838166134e-01 6.941184646672971326e+01 2.245842604403714901e-02 1.220786749203459226e-01 5.198273317254115122e-02 2.641794819131462052e-02
2.878412893076911061e+00 9.606486557306217478e-01 6.840206763560871650e+01 2.207618240224621872e-02 1.160325159420779600e-01 4.031166160392652374e-03 5.652745582875588759e-02
3.048124937671331747e+00 9.880088822119115211e-01 6.874569700765599123e+01 2.245801474002042525e-02 1.121404108153084556e-01 9.002618009184212844e-02 4.791859043509884980e-02
3.078266295337111824e+00 9.540483277299921516e-01 6.858100652021380483e+01 2.211938291428713899e-02 1.103981150930960359e-01 6.407067957610224421e-03 2.493208339561011136e-02
2.898688077812955566e+00 9.053160275313589800e-01 6.837205951296320450e+01 2.204512566826679135e-02 1.131782158518013087e-01 3.146041999366911302e-04 1.782161604365594537e-02
2.824871952119625718e+00 9.901250693087958465e-01 6.844726849616954212e+01 2.215199957846260281e-02 1.179131069995348474e-01 6.441110518172273036e-02 5.921561965591216892e-02
2.889230696924853792e+00 9.950364210182514046e-01 6.883539937873605652e+01 2.227512000736593667e-02 1.265246726359796903e-01 5.821875936294471088e-02 5.798550923592279971e-02
3.059672786652049226e+00 9.703852109733648312e-01 6.873580959575090787e+01 2.224912026133126983e-02 1.203956652702226071e-01 3.090068683814844661e-02 4.589135387775635649e-02
3.196520871408725650e+00 9.152417398930041692e-01 6.901655702145704652e+01 2.242653205770768488e-02 1.160883739500004341e-01 2.149616322249352576e-02 7.826427455286635859e-02
3.162492322748694740e+00 9.676408024607732195e-01 6.725395227011716770e+01 2.206662240504497774e-02 1.109736702441945222e-01 7.695328809545438908e-02 3.881953619711209225e-02
3.144335381863022860e+00 9.932387423071042942e-01 6.904907725862837253e+01 2.257548075291874665e-02 1.240961009479498722e-01 7.379558378379947204e-04 5.136971654727841979e-02
2.984787328057303846e+00 9.240332839435811962e-01 6.908456920106945631e+01 2.228953507371992521e-02 1.169647019528996801e-01 1.739829758622754574e-02 4.403400131106219306e-02
2.837557988162211942e+00 9.872078665873288417e-01 6.843783522540698527e+01 2.210046111832729421e-02 1.172904527812208830e-01 7.528694796308051107e-02 2.330073023694138878e-02
3.031137963129324042e+00 9.461216325423180695e-01 6.896060583673391875e+01 2.250904943039253037e-02 1.238486175632457775e-01 1.835548825136594855e-02 3.246475832035972814e-02
2.951120888897814876e+00 9.400696771726916312e-01 6.850519243674671088e+01 2.237674642319942980e-02 1.192385703756956988e-01 4.835409248866517212e-02 6.216055019838514356e-02
3.106231971037300532e+00 9.895971639560763311e-01 6.921083885957433779e+01 2.243630601047145665e-02 1.235360684018526334e-01 4.835327285615521886e-02 2.329344765895669661e-02
3.028851980073836714e+00 9.318921258249914796e-01 6.862538820912084248e+01 2.221444164480707723e-02 1.213173842476334280e-01 8.122285905559149810e-02 7.652796976910390681e-02
3.151731700718339635e+00 9.318195495559570274e-01 6.855087797646196179e+01 2.238763180916061510e-02 1.154579139285753925e-01 1.286338620249022346e-02 5.161881904800938448e-02
2.965262867491975651e+00 9.888050911382730845e-01 6.885569806229226231e+01 2.212233377373208978e-02 1.272072227466141403e-01 2.688427332265545117e-02 5.209111878493499076e-02
2.844609330047341178e+00 9.705683991133218225e-01 6.826195061454851043e+01 2.258713330240472161e-02 1.119305426092176009e-01 1.159343626448905429e-02 3.758289263097777666e-02
3.031255249380453876e+00 9.222928014498716909e-01 6.837172564314167289e+01 2.220622042308921518e-02 1.154489111327616224e-01 8.341479625975570245e-02 6.201143447376606527e-02
3.042095330110733631e+00 9.944105965490007693e-01 6.745983737319252782e+01 2.215742660017612151e-02 1.127088112218786464e-01 2.437984164709563681e-02 5.521034885450157303e-02
3.158975871414380521e+00 9.386738634979495677e-01 6.909820194960867923e+01 2.254406553528402052e-02 1.129451961202602300e-01 6.103785430869846339e-03 6.939626253902073105e-02
3.101651336445841789e+00 9.325533446349719702e-01 6.981458611469489028e+01 2.253725808602280098e-02 1.246240069725074867e-01 3.224289364802167962e-02 3.122001841854320919e-02
3.069225904038656694e+00 9.008178388422100058e-01 6.924467872246084710e+01 2.253667211226385164e-02 1.211512210305293047e-01 2.954819408052080862e-02 1.827229891258912511e-02
3.148979224808739819e+00 9.269871616991487429e-01 6.885091788376065836e+01 2.228641088261895664e-02 1.203954632297476457e-01 9.786560572459999940e-02 3.724354527322682601e-02
3.008492212472037686e+00 9.945933558460530177e-01 6.886915486576901912e+01 2.225213030092174082e-02 1.182546656022347015e-01 1.370458737310694709e-02 7.225261374429439720e-02
2.953580405002648845e+00 9.857426194830396504e-01 6.847004425173211928e+01 2.238563798406508626e-02 1.133070277898258482e-01 6.825671007328105999e-02 4.662937253694756506e-02
3.134063500824046056e+00 9.674416896598967419e-01 6.884536393494460071e+01 2.228183535764999279e-02 1.187714540792540047e-01 3.725181286731406305e-02 2.105310795293966267e-02
3.055341035523949422e+00 9.700808954319695143e-01 6.866616226360817166e+01 2.259270233154651517e-02 1.145911174194148840e-01 5.588009707832291423e-02 3.737337287439895794e-02
3.037240546652522521e+00 9.296888341322835370e-01 6.796474545648133869e+01 2.200736906115279001e-02 1.116048441819322834e-01 8.779360850716480535e-02 3.618373421675775969e-02
2.995305959924335237e+00 9.344387231523832993e-01 6.797199677059120404e+01 2.250488118648329150e-02 1.126142423215729799e-01 6.109239953459386779e-02 5.666517532200066737e-02
2.849463227521604747e+00 9.524233228315590605e-01 6.856038910420876675e+01 2.238518483541483348e-02 1.168630994472109053e-01 9.472672124961269147e-02 2.340987763730466645e-02
3.155589027867522045e+00 9.980340158372921211e-01 6.869610197495192949e+01 2.246724139817878399e-02 1.171283135371962436e-01 3.725341767437467810e-02 3.063422837493606776e-02
3.177348977213453551e+00 9.697787033835567616e-01 6.883619803868779741e+01 2.228304998236589271e-02 1.195772722325007392e-01 7.957921289380576191e-02 7.499523429838766964e-02
2.977288014526065396e+00 9.830333660511604288e-01 6.825521672864908851e+01 2.201605149499669470e-02 1.202362001644886463e-01 8.673877428311148330e-02 5.285026645627295683e-02
2.843855372636702850e+00 9.365199601277376384e-01 6.897526757083744542e+01 2.245965386342939352e-02 1.225963410916396379e-01 5.624330463574542249e-02 2.094327179599803773e-02
2.917811312073892882e+00 9.563658067168163690e-01 6.856164439392931342e+01 2.226675931717677498e-02 1.186484998192913615e-01 9.260752372049070591e-02 2.090834666754181129e-02
2.931132583211379039e+00 9.749358959327638630e-01 6.846578500458116423e+01 2.206796436734301259e-02 1.198188803620715281e-01 1.057500884708965222e-02 6.198353010116353090e-02
3.067215702273336397e+00 9.760798050761255729e-01 6.886573147331463929e+01 2.220696029777294300e-02 1.196057892608448497e-01 8.098294824697938044e-02 7.954527153300203213e-02
2.977522116329360369e+00 9.016168870417886616e-01 6.814838788762939714e+01 2.200279989631804753e-02 1.112739805758293510e-01 2.008250642758511312e-02 3.941308026243827561e-02
3.030176755093425101e+00 9.971461201029282462e-01 6.898014750285156538e+01 2.214330765159387357e-02 1.200271140939317832e-01 4.449597575733907351e-02 6.739693396636435574e-02
2.943182134777026171e+00 9.367013664077010748e-01 6.910277687294710347e+01 2.235800063425817316e-02 1.237099868286255927e-01 6.492186611944637809e-02 2.178787533621992165e-02
2.941925597893550570e+00 9.198839236046461032e-01 6.836621343166740417e+01 2.258287048693708582e-02 1.153492786949764093e-01 5.335773888154411726e-02 3.872720522789263597e-02
2.841304323730749815e+00 9.521372927102554895e-01 6.824354032489509336e+01 2.228112575017085831e-02 1.180349264349458416e-01 9.987060628076499524e-02 4.984970481641200907e-02
2.991543689658608507e+00 9.084056408288327944e-01 6.869880424505363692e+01 2.241060463869660319e-02 1.145613839685090951e-01 4.335665740594873974e-02 7.686569463231392174e-02
3.192557861633917415e+00 9.390863493854934019e-01 6.863258383491789516e+01 2.243922288159730036e-02 1.216725096396565065e-01 5.465101954345247259e-02 6.793024465027924785e-02
3.145091552169916316e+00 9.558783817409807204e-01 6.925157740565326492e+01 2.229357797250888784e-02 1.203729733271774599e-01 5.780684866468994119e-03 2.549084572317907721e-02
2.985603781362945686e+00 9.332618358758876242e-01 6.885869751397443395e+01 2.256110388209419185e-02 1.180194526820958073e-01 7.235716495338553877e-02 6.692959595411686335e-02
3.141583903312118231e+00 9.583258907992456832e-01 6.838049594762419758e+01 2.233305590359381185e-02 1.112674500025393198e-01 7.869803609665740329e-02 2.956271615085007826e-02
3.045058738501464024e+00 9.653951374584921474e-01 6.786475739384898986e+01 2.217725059438011015e-02 1.113823907587712936e-01 5.756647656990961093e-02 3.522096923515004308e-02
3.096861246756558383e+00 9.548976326086955346e-01 6.828918422854280834e+01 2.204329386320390965e-02 1.210262147121117238e-01 7.374711538650489950e-02 7.164117118812550478e-02
2.810686450585019092e+00 9.285592403237497017e-01 6.896610030989324969e+01 2.249908463218238189e-02 1.219800355376020606e-01 9.071082568170268923e-02 2.556906106776152265e-02
3.037577472683414381e+00 9.371341998611202317e-01 6.907492818067881046e+01 2.220927262602727728e-02 1.223864146908040240e-01 1.211664852737870434e-03 3.483592675824007112e-02
3.050913954011485352e+00 9.350282020726591314e-01 6.899904987568440617e+01 2.258078425836751793e-02 1.189509278627953887e-01 1.627372880473718780e-02 4.313357760106944355e-02
2.985682779969491385e+00 9.709808761924548781e-01 6.829830082415779202e+01 2.221905796266766819e-02 1.104597378498822502e-01 6.883040809049441322e-02 2.506277109496896777e-02
3.071864813976661779e+00 9.432628047410517302e-01 6.960514113343151621e+01 2.201493447315803001e-02 1.273077917144792293e-01 5.136984268294708667e-02 4.949950035164203677e-02
2.967365776803862598e+00 9.254815615192859557e-01 6.869330026646829879e+01 2.243926522699305967e-02 1.198710845589961438e-01 2.900935466221869763e-02 1.249775495821884436e-02
3.091788976012174395e+00 9.617489844293338752e-01 6.821735045093234362e+01 2.204493023801036913e-02 1.169909244473143345e-01 9.403782383641715037e-02 2.571365269358805161e-02
2.892243453303140921e+00 9.874727235248009771e-01 6.930964108516909050e+01 2.242775156806263090e-02 1.221060323791958030e-01 1.775327699719000604e-02 7.288784068220766077e-02
2.961229056201585497e+00 9.456537220008442990e-01 6.901392656841653661e+01 2.211119685554200145e-02 1.226755293464533575e-01 6.107279030650539231e-02 1.511490535453020000e-02
3.151730811042880553e+00 9.697775394377056157e-01 6.864802381260514608e+01 2.209903745333070130e-02 1.175170091921087234e-01 2.463514336647526677e-03 5.313473392047980692e-02
2.820710941527493798e+00 9.050510258090873617e-01 6.876435619505070918e+01 2.236528659481515011e-02 1.244088424095446122e-01 3.973138203689900033e-02 7.747752809309714495e-02
2.881323132327300307e+00 9.272939525417381867e-01 6.891297348722426364e+01 2.214661808213387942e-02 1.240404342693557510e-01 9.962775073507524823e-03 1.130927443949759914e-02
2.937997674509930324e+00 9.022343488449289239e-01 6.885883001551619031e+01 2.250342778935077864e-02 1.135779224356543854e-01 9.663255111494448157e-02 6.618465729904206285e-02
2.827015475140331358e+00 9.551628596834189633e-01 6.843271195062234824e+01 2.212788568629681443e-02 1.184838439655574033e-01 7.409242936728925588e-02 1.400285200024380984e-02
3.174606471776236116e+00 9.193569167619726201e-01 6.850155836309225776e+01 2.208651200545629772e-02 1.148349110223441383e-01 9.894707059319746145e-02 2.523218931646874913e-02
3.079025188679005876e+00 9.188891490132116147e-01 6.789019103323323634e+01 2.212596088691881971e-02 1.128425602249222559e-01 6.795899108041372760e-02 2.338886285787466351e-02
2.872780053938916112e+00 9.626700411800231949e-01 6.848575232994157602e+01 2.238388211409032477e-02 1.100326562827169674e-01 6.746204466762678598e-02 4.367996932683675115e-02
2.998260803528363994e+00 9.380351117865340926e-01 6.956986951963513377e+01 2.215224732543437727e-02 1.256285076687704283e-01 6.447134421029021567e-02 1.585761054055718003e-02
2.858176970112246806e+00 9.957162271727607594e-01 6.866289528395043362e+01 2.212884266261370622e-02 1.226065999125738187e-01 7.499397021142739997e-03 5.634313675327143334e-02
3.095103171196444514e+00 9.987973429465414332e-01 6.921645812105521145e+01 2.259935318773094448e-02 1.211739610442964521e-01 3.043096010937774987e-02 4.707655762040471176e-02
2.910647959159049947e+00 9.200662798946698251e-01 6.892869355886469407e+01 2.239989860949255160e-02 1.147014666139521966e-01 4.464579461748843792e-02 4.550925906914837088e-02
2.897629874568296238e+00 9.005161542713727707e-01 6.858449668149421541e+01 2.259069766991490813e-02 1.122192459133058567e-01 5.727574271731525335e-02 5.357865117110400394e-02
2.837132681023219138e+00 9.674169833409040908e-01 6.878027703576569252e+01 2.254944554895982681e-02 1.116571603639682358e-01 8.270519733006528873e-02 1.386887513419758633e-02
2.838926654569853270e+00 9.830822986661496010e-01 6.913786218800788674e+01 2.257624264476446041e-02 1.205890921289848317e-01 1.278225551629458279e-02 1.046823111159324478e-02
2.950141427597559485e+00 9.630670192544865671e-01 6.886286417810494243e+01 2.236749390996382175e-02 1.159967099483249914e-01 2.468493196152560243e-02 5.586417544017470427e-02
2.829793650580964659e+00 9.452372301404682320e-01 6.856002208385868357e+01 2.235400902485917135e-02 1.199739658917655383e-01 3.580287560852631057e-02 7.943866903331393836e-02
3.168660384688281262e+00 9.684795159966106404e-01 6.919102257389269539e+01 2.258621425724334497e-02 1.231048636140442826e-01 2.960827463328571593e-02 6.458010936903919863e-02
2.939013217514200527e+00 9.826709301308220734e-01 6.864055518907072440e+01 2.215582297794877961e-02 1.202906522596699362e-01 2.769572252408807403e-02 5.573240064867624605e-02
2.833352061218488593e+00 9.272132130469410427e-01 6.857855040118238321e+01 2.248255685173914525e-02 1.146055281724369379e-01 2.353358729190744431e-02 1.126707629209131381e-02
3.092597327584608813e+00 9.849174128764648373e-01 6.849045160960639578e+01 2.259877222530571120e-02 1.137229356279244180e-01 1.976129708897424175e-02 4.322515074909413085e-02
3.111857715234462418e+00 9.942449610362341650e-01 6.861408632304704724e+01 2.219187670616273866e-02 1.150196666713412808e-01 7.907811374206039079e-02 1.562909775744478549e-02
2.919687150733273118e+00 9.480421983680912268e-01 6.832625750537656018e+01 2.218596875485135539e-02 1.124930622684345849e-01 7.533531025956093086e-02 6.941990053185360943e-02
2.816173121218347841e+00 9.236359020237816519e-01 6.832272412035078446e+01 2.239892725645289961e-02 1.136801886987899718e-01 8.731670574723224276e-02 5.082127367475873514e-02
3.031435087666964456e+00 9.747570155244486001e-01 6.829310864917908930e+01 2.204624523726971333e-02 1.199040228224951543e-01 7.039158307287134153e-02 3.769731058771755988e-02
3.158112431038023526e+00 9.152953396970909816e-01 6.839097816822176412e+01 2.240608712873039948e-02 1.166744182680871517e-01 6.671159762381881353e-02 2.460318843387473975e-02
3.195875549270195570e+00 9.405107131918992724e-01 6.945921965638379447e+01 2.259796845532617560e-02 1.160931723751904288e-01 1.642715603839627406e-02 2.065710184558210150e-02
3.131065567108379355e+00 9.297804686798718521e-01 6.877260670065784609e+01 2.214273318381928049e-02 1.169291865238129974e-01 2.494275939065910414e-02 4.843079951725352827e-02
3.184865913443202246e+00 9.680212527100808817e-01 6.908195905001072390e+01 2.207334787307707949e-02 1.212144667784806618e-01 2.579772723622278038e-02 7.590198556557931076e-02
3.053479227481422420e+00 9.606429998567797002e-01 6.869237554027375836e+01 2.229407783422428582e-02 1.163232030654613308e-01 8.723115805664217667e-03 4.456603533416726715e-02
2.800667035036778163e+00 9.979713504122076362e-01 6.852478097279019664e+01 2.256502271246389399e-02 1.175011278835803169e-01 2.115602020612820933e-02 4.974018216552149318e-02
2.978877063824986404e+00 9.454562802250047193e-01 6.820227357502410825e+01 2.201546303849907099e-02 1.139397560514298080e-01 4.386964562603834321e-03 3.447641461763939486e-02
3.099813713310611174e+00 9.841885054691852375e-01 6.893015648853256039e+01 2.252127611338530788e-02 1.189744759890026260e-01 6.957889170866464468e-02 3.547387798327602398e-02
3.085404240539679321e+00 9.500610605353847493e-01 6.855523965167790834e+01 2.237478781182674487e-02 1.180170296356344711e-01 5.959669781638631675e-02 7.827395224508265636e-02
3.013378779511106664e+00 9.902997746514949906e-01 6.908787439878504699e+01 2.246395688611162525e-02 1.222442195088333516e-01 7.078427660261382877e-03 4.925395992059448946e-02
2.873040783856972258e+00 9.296430769483469136e-01 6.882122415427909345e+01 2.237394708163280982e-02 1.162706490341973292e-01 5.282990018845645092e-02 3.327281170034358804e-02
2.996375408920314953e+00 9.186501434260568866e-01 6.829398680361771312e+01 2.208334640882962316e-02 1.163021482565931575e-01 2.992208760413143237e-02 6.309003143471141051e-02
2.918236778182349056e+00 9.700244430132546336e-01 6.826614142972806576e+01 2.203963125858456051e-02 1.131953091580535781e-01 6.716316009185389901e-02 2.448271596403808759e-02
3.120631581057519366e+00 9.719444927614080409e-01 6.804158172364898860e+01 2.204643682359456319e-02 1.108470817847686668e-01 4.910814915364405259e-02 3.036630524095649403e-02
2.992483414888142956e+00 9.792387275631145860e-01 6.804859519063768403e+01 2.210877917516528707e-02 1.159422232004936743e-01 3.627302292325659122e-02 2.572210324517963664e-02
2.978662251062285549e+00 9.389630782118834063e-01 6.863469199802474918e+01 2.222049342892551752e-02 1.152092344756883158e-01 2.118953446254350989e-02 3.616978777807590417e-02
2.938976968488752561e+00 9.211734217629026222e-01 6.800145419527088109e+01 2.244612904803883202e-02 1.137809187167384412e-01 8.427731303419710995e-02 6.312655232535181737e-02
3.016726044952200869e+00 9.059135989985386272e-01 6.821824897314988334e+01 2.226301447728833843e-02 1.148412855145098665e-01 8.332987395472070055e-03 4.611161955472189988e-02
2.876511793502496861e+00 9.631129251443041328e-01 6.811524234754062945e+01 2.210188913519531978e-02 1.129305206817326490e-01 3.797905150445392286e-02 1.046724340141685222e-02
3.000834748805358831e+00 9.134175456348949673e-01 6.803589687204028280e+01 2.202720828903559705e-02 1.127901178797262316e-01 2.854570239098067758e-02 7.340184601053956204e-02
2.812240326803580714e+00 9.729400842007006611e-01 6.802287731986525898e+01 2.224009852946982890e-02 1.177330303169827619e-01 2.345434867344210750e-02 5.066914124518030055e-02
2.965611373561836128e+00 9.916720666112998073e-01 6.937832533484174746e+01 2.247289501448319557e-02 1.224210368653785297e-01 1.816390564962617332e-02 6.145426879238134049e-02
2.802680288543964338e+00 9.331401129614689260e-01 6.844172476407933914e+01 2.210797920924875704e-02 1.210548797081530265e-01 7.733067139041188698e-02 3.030611815806620590e-02
2.830176722571016157e+00 9.442768971206750850e-01 6.925311024768305401e+01 2.227062914474031013e-02 1.296003834055730608e-01 4.473275251328696911e-02 5.701452035584475553e-02
3.134832358928421492e+00 9.829908292415915350e-01 6.819574297709635857e+01 2.231486683491475803e-02 1.133778082406671495e-01 1.573513893721448925e-02 4.799576320525006379e-02
2.992483414888142956e+00 9.792387275631145860e-01 6.804859519063768403e+01 2.210877917516528707e-02 1.159422232004936743e-01 3.627302292325659122e-02 2.572210324517963664e-02
3.067215702273336397e+00 9.760798050761255729e-01 6.886573147331463929e+01 2.220696029777294300e-02 1.196057892608448497e-01 8.098294824697938044e-02 7.954527153300203213e-02
2.831506055764567709e+00 9.839822198377736751e-01 6.857908754913449911e+01 2.223674254948182841e-02 1.127893748757669012e-01 7.004991863962677090e-02 2.020150214532219490e-02
3.191472534779022929e+00 9.668611070053051426e-01 6.913866411605374651e+01 2.238730291635888589e-02 1.207370145204700734e-01 5.818606822206529028e-03 7.637695806232527862e-02
3.133488343013802968e+00 9.631609151440071459e-01 6.949459582144962155e+01 2.232890604878305305e-02 1.236671177193695709e-01 3.088811531622369724e-02 6.401754008952841024e-02
3.039698684285935038e+00 9.074372302341653374e-01 6.896839405295408199e+01 2.212456962791799903e-02 1.254250622088672884e-01 2.150267387910851508e-02 6.785067128156552219e-02
3.116646882380356587e+00 9.124959629011257789e-01 6.866200355867350424e+01 2.208544513536740000e-02 1.130743661290127544e-01 2.742984103407417745e-02 1.015022130137735630e-02
3.011566415343341241e+00 9.164509716186801658e-01 6.900550399409927138e+01 2.248175040758315299e-02 1.126340930652190153e-01 1.089752406087570770e-02 1.504294944459032626e-02
3.120828041180898182e+00 9.060571285003320430e-01 6.870625086041259522e+01 2.243492328105078579e-02 1.193121070588676891e-01 5.185832952771765592e-02 7.092777476620436283e-02
2.800667035036778163e+00 9.979713504122076362e-01 6.852478097279019664e+01 2.256502271246389399e-02 1.175011278835803169e-01 2.115602020612820933e-02 4.974018216552149318e-02
3.199786425127321365e+00 9.938959103362302594e-01 6.959990380441516322e+01 2.254279317959110088e-02 1.199708695330417990e-01 2.127612132177454651e-02 2.518297985603356465e-02
3.004205660942318445e+00 9.278733787220557749e-01 6.939569157281414391e+01 2.253952897616131462e-02 1.220564768187451382e-01 4.509011105152161553e-02 2.888043847051553759e-02
2.937586262257407377e+00 9.817669594651035059e-01 6.836646386045606505e+01 2.213830829233569969e-02 1.114889388297632122e-01 3.903285079398960411e-02 1.847298975820816508e-02
3.078509910566303187e+00 9.994874634943295977e-01 6.795877341227223667e+01 2.200996878875123922e-02 1.166126868489196361e-01 7.695172995491195156e-02 5.180790532713422381e-02
2.908612719874855035e+00 9.409828350730577995e-01 6.945200882523707264e+01 2.259210811373946540e-02 1.263739980333273560e-01 1.441144967923387900e-02 1.828658376629614321e-02
2.965366761008855878e+00 9.563459827972105032e-01 6.840546075116375846e+01 2.215441675078981196e-02 1.159988891482798268e-01 8.846994384490172725e-02 3.365801104840605157e-02
3.166153427880008753e+00 9.559662470859974226e-01 6.894292700034635857e+01 2.243994083216582433e-02 1.171263397376115512e-01 5.903226118848301646e-02 3.712749416879699421e-02
3.061806330077162741e+00 9.414034565041865532e-01 6.853603430077080816e+01 2.241986279444849878e-02 1.113025977860663679e-01 1.356182580767446681e-02 4.683450842346869453e-02
3.096354450237030154e+00 9.964310741651343228e-01 6.833848444714409709e+01 2.218302091909176918e-02 1.209654286234301823e-01 7.590318192996324542e-02 4.732364864503620094e-02
2.803376273022981202e+00 9.284043458630935053e-01 6.884304987027387313e+01 2.257023339271372817e-02 1.160661817569628163e-01 8.817654437013658364e-02 6.136523824044890635e-02
2.826307398758599820e+00 9.066102007653875638e-01 6.844278604028873758e+01 2.219355301743987027e-02 1.113013774755870905e-01 2.453769103264819007e-02 4.984845399782578818e-02
3.120051434128050527e+00 9.709039239237474694e-01 6.820450014365839309e+01 2.214856504907358054e-02 1.167923731944530974e-01 1.701302255105864233e-02 1.394553282640548231e-02
3.086085638739974879e+00 9.647744587001666483e-01 6.856714159564700140e+01 2.259204827570717583e-02 1.150004675820153616e-01 3.775425992137834696e-02 3.699466525251042526e-02
2.873958994094467645e+00 9.690786055952426148e-01 6.838791263325776981e+01 2.226309938364217506e-02 1.155800938966652647e-01 7.714188709136851618e-02 5.232718953708144494e-02
2.815500836392879513e+00 9.480024611353103925e-01 6.860285149115570391e+01 2.215208345266638998e-02 1.146079974024935971e-01 9.048503709860888922e-02 5.091444507563858135e-02
3.008522556094912925e+00 9.298024339779766834e-01 6.886139714724356509e+01 2.258332044797090737e-02 1.237604188412021050e-01 2.987356626178513594e-02 7.557736834399554626e-02
2.985649693862158838e+00 9.141640633183821807e-01 6.865149319503711922e+01 2.257867900329259270e-02 1.198560321004632917e-01 2.983517135621108901e-02 4.581812380888158204e-02
3.115499443052766715e+00 9.491801399403168027e-01 6.926458541780169753e+01 2.237137976921199645e-02 1.235190828518624717e-01 6.641055288317611327e-02 5.830924010083186199e-02
2.899880829882924171e+00 9.840879204414563208e-01 6.936873514157264253e+01 2.236816952885730195e-02 1.246176031982993704e-01 9.223560585985483840e-02 1.242124251796275503e-02
3.012289230086112379e+00 9.273204818949527528e-01 6.812372910953224903e+01 2.208522449444446159e-02 1.179682923294620295e-01 6.553467738713962543e-02 5.230246452424108794e-02
2.988961395716751124e+00 9.304252267648771557e-01 6.878246175670973628e+01 2.224501093650733952e-02 1.143267203254628439e-01 4.197920952726921784e-02 3.134829585184169959e-02
2.884663012204511379e+00 9.892154242759182425e-01 6.818639196374233791e+01 2.231647590957436603e-02 1.164605451806246250e-01 7.123193878199836349e-02 6.488108463040583029e-02
3.089155686754186725e+00 9.614609870167496464e-01 6.848465476035431720e+01 2.207200931674499489e-02 1.141376996092991480e-01 3.288752530641886329e-02 7.479348441837008199e-02
3.107443423350834344e+00 9.571068064437937561e-01 6.869963721297320092e+01 2.213699338603283481e-02 1.137461543564021044e-01 1.694900649235930911e-03 5.976665450871002788e-02
2.820690389417164212e+00 9.837192904634611823e-01 6.846790719310152440e+01 2.208349844413491636e-02 1.141337122714782132e-01 8.924687010294690692e-02 3.009368316759455236e-02
2.827595524552030781e+00 9.468767262127784079e-01 6.869555938731701872e+01 2.229871953861589304e-02 1.213044055647180541e-01 8.835363752213358512e-02 2.180896450020504418e-02
2.950156806097440132e+00 9.619026742046836720e-01 6.942468912150891924e+01 2.221812165545352172e-02 1.230875119449319627e-01 3.712256521901379641e-02 6.128452105584906995e-02
3.030589381814510208e+00 9.136656019640038151e-01 6.912517118995855014e+01 2.253328659406777720e-02 1.206205697395616450e-01 5.709896322713001876e-02 6.515617897639938705e-02
3.030589381814510208e+00 9.136656019640038151e-01 6.912517118995855014e+01 2.253328659406777720e-02 1.206205697395616450e-01 5.709896322713001876e-02 6.515617897639938705e-02
2.824807636994624893e+00 9.044889033490040031e-01 6.881575420655683217e+01 2.214346628648860074e-02 1.163041625986528244e-01 2.609742894476401245e-02 1.274973720297613647e-02
3.116841735445097239e+00 9.654799638107607329e-01 6.891331096279586177e+01 2.230191816651121844e-02 1.120554686157607810e-01 3.303656211318509867e-02 7.816526979436042022e-02
2.888552964435151527e+00 9.434586900691666056e-01 6.885912918064151711e+01 2.219139084176923252e-02 1.219522716285971753e-01 3.384778492965721808e-02 3.613674834249561152e-02
3.037478148606981954e+00 9.427332015215914574e-01 6.885790353529910135e+01 2.211230217935655773e-02 1.224777985822247117e-01 8.137594554198053498e-02 1.301653946870208814e-02
3.187538174110345679e+00 9.820696292217496737e-01 6.852029520563409903e+01 2.253037342674165874e-02 1.171554801456212574e-01 3.940291735278948076e-02 7.869392309109084216e-02
2.895421013945010280e+00 9.515901630786449683e-01 6.859489362044371319e+01 2.207317677615965382e-02 1.156414313081695899e-01 4.447345650564214076e-02 4.596196495165549845e-02
2.878199535231594997e+00 9.999165475272592252e-01 6.939732719184223697e+01 2.232322560736695743e-02 1.201904790241934418e-01 1.212435107606785233e-03 4.760084937953706907e-02
3.188652822370792617e+00 9.790159650316593298e-01 6.850999507130217125e+01 2.253973338348893782e-02 1.170405637429166590e-01 9.656732972451428920e-02 5.105326911675821949e-02
3.171824278398274188e+00 9.977519583408223092e-01 6.848446752758904665e+01 2.255176409793940157e-02 1.156044607143011937e-01 9.273483997469711415e-02 7.745355812300191989e-02
2.927903304089031877e+00 9.247044465859092233e-01 6.917898604697785458e+01 2.254885767832370130e-02 1.248838996624992148e-01 3.716942736371123962e-02 7.394878943529956117e-02
2.932061322841329698e+00 9.754199292353638029e-01 6.825825736788615927e+01 2.209489624648401304e-02 1.121040767778135883e-01 2.119659813135038769e-03 4.813135883495828216e-02
3.035723905464948302e+00 9.781320602401656350e-01 6.882148082266843403e+01 2.243316237596266680e-02 1.180178674085276685e-01 6.061129971077738876e-02 5.641216484873837200e-02
3.028851980073836714e+00 9.318921258249914796e-01 6.862538820912084248e+01 2.221444164480707723e-02 1.213173842476334280e-01 8.122285905559149810e-02 7.652796976910390681e-02
3.168660384688281262e+00 9.684795159966106404e-01 6.919102257389269539e+01 2.258621425724334497e-02 1.231048636140442826e-01 2.960827463328571593e-02 6.458010936903919863e-02
2.834850254388885382e+00 9.954635150090929141e-01 6.840682861668432224e+01 2.248886842065008287e-02 1.210696390214096724e-01 1.453977068719402091e-02 5.850394812329851729e-02
2.861380965502423823e+00 9.176571085052056542e-01 6.867644310038002686e+01 2.210412824566729620e-02 1.198077850557687923e-01 3.746816718814074271e-02 3.542082372354323633e-02
2.840769363542503090e+00 9.748039650504428666e-01 6.843010596080070229e+01 2.257325335793471804e-02 1.161562496366821545e-01 3.000726377220382102e-02 5.659920521520110659e-02
3.092023663798091349e+00 9.996339763253330180e-01 6.860862897732124566e+01 2.201134395732192578e-02 1.204213806566197115e-01 2.803942216879914962e-02 1.863979149747511943e-02
2.894316241381126087e+00 9.789337184493033250e-01 6.839361115546920189e+01 2.238308521345020591e-02 1.169141782392928985e-01 7.431512480261066866e-02 7.311020634697400211e-02
3.038064780755984629e+00 9.637148572364201415e-01 6.880759831333973864e+01 2.232214084374184102e-02 1.237467424198307048e-01 4.323468668638733720e-02 1.384963905067669414e-02
3.144335381863022860e+00 9.932387423071042942e-01 6.904907725862837253e+01 2.257548075291874665e-02 1.240961009479498722e-01 7.379558378379947204e-04 5.136971654727841979e-02
3.009832684025652405e+00 9.781066924685397623e-01 6.800627888215409200e+01 2.203430073814805282e-02 1.195483532636650997e-01 3.582143426826406296e-02 2.848627582222495319e-02
2.986985859390585585e+00 9.433552602382265784e-01 6.857416464855273830e+01 2.241221714927824765e-02 1.148574783175856234e-01 1.979729275072699898e-02 2.801074959016267019e-02
2.917200256138205550e+00 9.280280481591848263e-01 6.848991121663843273e+01 2.228943388421750216e-02 1.120475122478709062e-01 1.795638898360379931e-02 5.159181061539822033e-02
2.908293136809888768e+00 9.057781029179434729e-01 6.804249263026541428e+01 2.204622566430182104e-02 1.107113943444320153e-01 7.495646239659300991e-02 1.689916426575331643e-02
2.883262016994477150e+00 9.783099184564350015e-01 6.805533468295281807e+01 2.209588187746157339e-02 1.141927093874588045e-01 8.177027801843622656e-02 6.767043040108242091e-02
3.071438296542721602e+00 9.801197075817591475e-01 6.799298464284041188e+01 2.208990324786880982e-02 1.159725208545998587e-01 5.865529103074671596e-02 3.303905825290062714e-02
2.939547633219985023e+00 9.852172452814706993e-01 6.900809542347744241e+01 2.234588494746403420e-02 1.161718529119299959e-01 3.635350656184404422e-02 2.403748364123731163e-02
3.163324992034266980e+00 9.983386707311868724e-01 6.907922512216894972e+01 2.257209339544018548e-02 1.192828656145956956e-01 5.565022822201851072e-02 6.939323811725441049e-02
2.977522116329360369e+00 9.016168870417886616e-01 6.814838788762939714e+01 2.200279989631804753e-02 1.112739805758293510e-01 2.008250642758511312e-02 3.941308026243827561e-02
3.061806330077162741e+00 9.414034565041865532e-01 6.853603430077080816e+01 2.241986279444849878e-02 1.113025977860663679e-01 1.356182580767446681e-02 4.683450842346869453e-02
3.165051838931657535e+00 9.958527234545311302e-01 6.914505861713587365e+01 2.259015466190965327e-02 1.130706643849445636e-01 3.897697096575250542e-02 6.726538761126993338e-02
3.073072459949341528e+00 9.869326640439648468e-01 6.947033234973352478e+01 2.244513717190093141e-02 1.194592502568632419e-01 7.474828127458643667e-03 2.670584453400388220e-02
2.824980968157996930e+00 9.592719512914459346e-01 6.865290854909133600e+01 2.219266193486038249e-02 1.185476865003527863e-01 8.244082289099122218e-02 4.415196288008698539e-02
3.093120480685355389e+00 9.029816518968587502e-01 6.955689725348352681e+01 2.246973023283357213e-02 1.221258249225419396e-01 2.189966784373919076e-02 1.579980568538286514e-02
2.858480024932552599e+00 9.665590092635132358e-01 6.944011905776770277e+01 2.240315925783624429e-02 1.167552137907030274e-01 1.765356249542976430e-02 4.321536832998951888e-02
2.995001128842398774e+00 9.696082498359085422e-01 6.860404122481971001e+01 2.208342834027651747e-02 1.247470224170248304e-01 4.016674927594920952e-02 3.269389904229594301e-02
2.998262580017605927e+00 9.669668771148266506e-01 6.895735524873921918e+01 2.250721828706253591e-02 1.190551187767912300e-01 7.428297563826022354e-02 7.948643522165971254e-02
3.190946383918621621e+00 9.243818223583728511e-01 6.855946690829108547e+01 2.243778684316945563e-02 1.217474930143161993e-01 1.978263115420229173e-02 4.746500250485787692e-02
2.946973826051021650e+00 9.475243035477226572e-01 6.850510382680548105e+01 2.201670189612811579e-02 1.159638056633795766e-01 9.465540831797347732e-02 2.861380293130780239e-02
3.081216225034026479e+00 9.682504542608111331e-01 6.875791136270547099e+01 2.240268694298851171e-02 1.129106254705582874e-01 3.056197947010199853e-02 4.172323899287896237e-02
2.930538961254331998e+00 9.901724382658440016e-01 6.807763395359930314e+01 2.204318523739199481e-02 1.114380753839143423e-01 6.842988754471984736e-02 7.604684728966190632e-02
2.849906890999716502e+00 9.967096097183705261e-01 6.870606616006489276e+01 2.210211328577289802e-02 1.159425020792177463e-01 2.809604720964128943e-02 6.028342397541920639e-02
2.914276877691750034e+00 9.203705781003170827e-01 6.898624852624931236e+01 2.242097796761801515e-02 1.216204715348558202e-01 7.850012862687842652e-02 3.342618364112421442e-02
2.815300930602077312e+00 9.539621106947380191e-01 6.922286379567785275e+01 2.257583649629020181e-02 1.188151634015664065e-01 2.269677771260750904e-02 7.778853357220880116e-02
2.896539992834282540e+00 9.094987347172673875e-01 6.907134140057323179e+01 2.256702987533035915e-02 1.173919262433761740e-01 2.863799260517829737e-03 1.712719553715541868e-02
3.152283142026457430e+00 9.671981932552442540e-01 6.783567187716124636e+01 2.211644265926688419e-02 1.131247157641760703e-01 1.661462435365428439e-02 1.586305081920238308e-02
2.967508453642013322e+00 9.918255823943592508e-01 6.944232698267677506e+01 2.253730236320820521e-02 1.254825782183388028e-01 9.768588689883203613e-02 2.402184372921944283e-02
2.926679473411928800e+00 9.853372309347709912e-01 6.916009175200177594e+01 2.223040526471808248e-02 1.171167716755172478e-01 9.570914202328043019e-02 6.894803959822246031e-02
3.044751813786749306e+00 9.525091501840381447e-01 6.930545353184645307e+01 2.251628660400007212e-02 1.114444979237783351e-01 2.175575804292784188e-02 4.630956537965980058e-02
3.071277107015220054e+00 9.201381249152412733e-01 6.875900587163533828e+01 2.238312429175569329e-02 1.176942312006794417e-01 9.030981282185064629e-02 3.733386112796209522e-02
3.104937580158066979e+00 9.896397429097961718e-01 6.938192389608909139e+01 2.239822316412833775e-02 1.246636580758577889e-01 2.663748318321105396e-02 7.787191968640475026e-02
3.005954994937233504e+00 9.259637416369302931e-01 6.942302465038312675e+01 2.233088292461187993e-02 1.217091764234402712e-01 1.358405435269672938e-02 6.337740509476134931e-02
2.850318816063237115e+00 9.065995675847627888e-01 6.852774445442948092e+01 2.253889231509415350e-02 1.131198148571846557e-01 8.874497098252312477e-02 1.751173294837260128e-02
2.886684028521464551e+00 9.557394808090253768e-01 6.933733888146835511e+01 2.236851451491193160e-02 1.240986062865136741e-01 6.810344499390301454e-02 3.084339251160364559e-02
3.027184004491383362e+00 9.205918277807526584e-01 6.978663974275154658e+01 2.249997241078217566e-02 1.251781681983119565e-01 4.365434222987444463e-02 7.088707529604537649e-02
2.963675050816758638e+00 9.032757048342511252e-01 6.989346213688639864e+01 2.232863246156993609e-02 1.219855720068948601e-01 5.933027888629425345e-02 5.415684548827370132e-02
2.835516794821848929e+00 9.173694808459017525e-01 6.815038672212517668e+01 2.251532046682203428e-02 1.154080499412618449e-01 7.534837589263992941e-02 1.030206378331053989e-02
3.016020550820382784e+00 9.857034784195836119e-01 6.870540177843545848e+01 2.243224468744921263e-02 1.138779291968149837e-01 9.091464954722239256e-02 6.460635920672243293e-02
2.991842494673429442e+00 9.850835695691376737e-01 6.894312132299801021e+01 2.242923072489435080e-02 1.227609501458259839e-01 8.211881478912844146e-02 4.398066559952986537e-02
2.824680496663674933e+00 9.919786531143165442e-01 6.904965521291515529e+01 2.257824376436561378e-02 1.183997787334473278e-01 2.997837536187649907e-02 4.759444302216088440e-02
2.972023013472244735e+00 9.622161821479618959e-01 6.817888778177210440e+01 2.208225514810253920e-02 1.144931012463809156e-01 4.806203142574250187e-02 3.024282966205889961e-02
2.986140997923317997e+00 9.877442166755784347e-01 6.787136166270471449e+01 2.213338673968833631e-02 1.204526427107336789e-01 7.820115439107694355e-02 6.482663056307161331e-02
2.937374376342133164e+00 9.164722541822012403e-01 6.849921742836326644e+01 2.226982335660709911e-02 1.193637323625899166e-01 3.866184076389506119e-02 3.097647300483052923e-02
2.896403341248784180e+00 9.550982295210300732e-01 6.875633362993947628e+01 2.220662307931763405e-02 1.107873674230229338e-01 5.418590892150722260e-02 7.027327616439141278e-02
3.071483521539704498e+00 9.510128306703609091e-01 6.875499079451518014e+01 2.254968562168775670e-02 1.171716422369251387e-01 6.211900541726592118e-02 1.431974663327851421e-02
2.958025912137943525e+00 9.933773351587802392e-01 6.901960648696851308e+01 2.254759688741275053e-02 1.150727941627842504e-01 1.164502469613210066e-03 7.875134066544810241e-02
2.918236778182349056e+00 9.700244430132546336e-01 6.826614142972806576e+01 2.203963125858456051e-02 1.131953091580535781e-01 6.716316009185389901e-02 2.448271596403808759e-02
2.855944693353629216e+00 9.140145034570678062e-01 6.874620624373841338e+01 2.243938931147698365e-02 1.158850939330418883e-01 9.317745805189887875e-02 7.611368629838718980e-02
3.039698684285935038e+00 9.074372302341653374e-01 6.896839405295408199e+01 2.212456962791799903e-02 1.254250622088672884e-01 2.150267387910851508e-02 6.785067128156552219e-02
3.188683312433143069e+00 9.322341529445538066e-01 6.810007216458549806e+01 2.200365478643922720e-02 1.168751030358137905e-01 8.676891124097291241e-02 2.821144440960066113e-02
2.833163367505329155e+00 9.175460823568375446e-01 6.872976753325859534e+01 2.235429688441577592e-02 1.137202758522722762e-01 5.731029504744490632e-02 3.382756095902429705e-02
2.879953431179766099e+00 9.404748494204540066e-01 6.837673275553721908e+01 2.204595977926503136e-02 1.148443269286215790e-01 9.203874570728996785e-02 5.420666112992766905e-02
3.021770527214463709e+00 9.997287603306472814e-01 6.834016758486416165e+01 2.242975691301949195e-02 1.107522089400110182e-01 5.347558264418422747e-02 6.371454780693740216e-02
3.012804086486962518e+00 9.236278292370492249e-01 6.900725829789011811e+01 2.241268598857995564e-02 1.180009377568547180e-01 4.223694619690691876e-02 5.744099483020152080e-02
2.878689700179569488e+00 9.524027693762928681e-01 6.945994703672653259e+01 2.258064104711110520e-02 1.158304965484967669e-01 9.208153933050966739e-04 2.360997401010437105e-02
2.824132141872962798e+00 9.215444348371668593e-01 6.873395611192042054e+01 2.242210308712775518e-02 1.160027580219161747e-01 3.825439068675229488e-03 4.242165114963342837e-02
3.076447955633639708e+00 9.987559091152239388e-01 6.798551012818623462e+01 2.208469314496656899e-02 1.219819488393596718e-01 7.293528753365473294e-02 4.863291228310574754e-02
3.195972208187798369e+00 9.618947553181852461e-01 6.836672923953865677e+01 2.241204922719947090e-02 1.156084187185330708e-01 6.408450273770656402e-02 2.397345705308379094e-02
2.895011461453640855e+00 9.238148746284647883e-01 6.817828675788874193e+01 2.233406103653694935e-02 1.102240167659734871e-01 1.487787514277510992e-02 4.143545398455646817e-02
3.088085599525575375e+00 9.074047277960919367e-01 6.979271891433870678e+01 2.239342613482930497e-02 1.292919299211322259e-01 1.671810378027786120e-02 5.535154012590715045e-02
2.806641163525431359e+00 9.274122976964265241e-01 6.889544107235958847e+01 2.255287874582078897e-02 1.150967459984702373e-01 8.775727478171885254e-02 7.682873809017570776e-02
2.941482972676410679e+00 9.527597328507153573e-01 6.911923602086147866e+01 2.243607676600244127e-02 1.228313608624087283e-01 9.609176680961468986e-02 2.204682815198974813e-02
2.911809635969336618e+00 9.199048682136614641e-01 6.780629748433349846e+01 2.218369362240777548e-02 1.124811131966592798e-01 5.934328267886643249e-02 7.933424439988938370e-02
3.185786194009768479e+00 9.205618532246988561e-01 6.880569477242461573e+01 2.255750145805215587e-02 1.163241854905941314e-01 6.617269108876115691e-02 1.589847808552703745e-02
3.100467364052735597e+00 9.719101913764470746e-01 6.859384165130890665e+01 2.251780433073988577e-02 1.141211603685829967e-01 7.609046997098603549e-02 6.667079347138699097e-02
3.037971575364017518e+00 9.333171262701713822e-01 6.823513388513585198e+01 2.208469017092955233e-02 1.134152383115468038e-01 8.255542592296059856e-02 4.358448525669075119e-02
2.863631406582163752e+00 9.196439753280618579e-01 6.767048447922059040e+01 2.208197626943026598e-02 1.116136060504593353e-01 3.528741417868169056e-02 3.386012456932298992e-02
3.006084008100415872e+00 9.140911134581098940e-01 6.975867501447910968e+01 2.259728705947176494e-02 1.197717444747235238e-01 1.880132683570978755e-03 4.164671434137014183e-02
2.896311373916600207e+00 9.893600518141151268e-01 6.879597907912761912e+01 2.246996825461924918e-02 1.180267456994228831e-01 2.059168547758890785e-02 2.324841945610210681e-02
2.998166602985841589e+00 9.441201947841294517e-01 6.922894214207997265e+01 2.246932517484923064e-02 1.227532224943528594e-01 3.711204132892775842e-02 4.097855100078587332e-02
2.935467396387798633e+00 9.722960755365805952e-01 6.889161819540774445e+01 2.216247461106296210e-02 1.167942514926458841e-01 3.983923040123116266e-02 6.101498996357015980e-02
3.130600308208417282e+00 9.966782805628932040e-01 6.875300328728366139e+01 2.242255110301347165e-02 1.247253444318585924e-01 3.835966239611510176e-02 7.203292302047384355e-02
2.874068654450321336e+00 9.308438235734997068e-01 6.872919411005126733e+01 2.244547224987557960e-02 1.151791144532229166e-01 2.545592294585041857e-03 7.735676852662114189e-02
3.133488343013802968e+00 9.631609151440071459e-01 6.949459582144962155e+01 2.232890604878305305e-02 1.236671177193695709e-01 3.088811531622369724e-02 6.401754008952841024e-02
2.981227266043364743e+00 9.525728453936997964e-01 6.890537549858825628e+01 2.212866828715152542e-02 1.188043076845824025e-01 3.495678710141112561e-02 5.326765384322438429e-02
2.811733839420120340e+00 9.666884186257556077e-01 6.847242197758491500e+01 2.255981251581809163e-02 1.149942129732329649e-01 8.655043557994818171e-02 1.695882444777056103e-02
2.830839511909846173e+00 9.378071128099784159e-01 6.921236643005526901e+01 2.249793811083143288e-02 1.231718747533091241e-01 6.618939366508047768e-03 2.489954985497969814e-02
3.078538968240463802e+00 9.793783710426726685e-01 6.873874132661045167e+01 2.259770647306936359e-02 1.151712994987947325e-01 7.810436755178927493e-02 2.103277788888412159e-02
2.807053837592127010e+00 9.753470042999557998e-01 6.860237721365577102e+01 2.214377370335721129e-02 1.145191043974444767e-01 9.892568540912190234e-02 6.319751865927412948e-02
2.994896441677349141e+00 9.614170168544968753e-01 6.934605521974900455e+01 2.240316883456219474e-02 1.238250831688887804e-01 6.129928100700339499e-02 3.743159317695350652e-02
3.046487471557963733e+00 9.131530776469496402e-01 6.868428369625510754e+01 2.249440432699253631e-02 1.123698021230139094e-01 9.150629354744124755e-02 3.093500463708956372e-02
3.078713135438150506e+00 9.859880329500299023e-01 6.865037547129972495e+01 2.211624495606126853e-02 1.217322845015315763e-01 3.889030519697289634e-02 4.977816245273077728e-02
3.142190134757674169e+00 9.194213679227501990e-01 6.852443855120834826e+01 2.257763189115869623e-02 1.131377211724769183e-01 8.020346638958675278e-02 7.828103859437615664e-02
3.151198488427247035e+00 9.763696182855609029e-01 6.915988363670233241e+01 2.229877734613761389e-02 1.217543887916780754e-01 3.272397285694461644e-02 5.714413465381594504e-02
3.078009816609897253e+00 9.679693721381417149e-01 6.783490292629717544e+01 2.206824432208107090e-02 1.133187427350610815e-01 7.874111049049219158e-02 3.878861875964108308e-02
2.887374898247487387e+00 9.310787248358122214e-01 6.816558337086877373e+01 2.212152730301093079e-02 1.260375036968835183e-01 6.345342772231485351e-02 1.728944330713746980e-02
2.966176518003511120e+00 9.211121755610104378e-01 6.909812870200227053e+01 2.208124910622536602e-02 1.203138618524181719e-01 3.401624249945001122e-03 1.159151587746904896e-02
2.935716568542482641e+00 9.438441373823541758e-01 6.866636579408248053e+01 2.239980117065807491e-02 1.237262740331609295e-01 7.819374991906114999e-03 4.706060315518471177e-02
3.062289711485282950e+00 9.405975480389998644e-01 6.948038712298753694e+01 2.223236734471277162e-02 1.237436752103694276e-01 8.525951798744579868e-02 1.492531504940019377e-02
3.110292720459813420e+00 9.063332528204748328e-01 6.959928483213832351e+01 2.246902526412621753e-02 1.175906320899473417e-01 6.870318951974142135e-03 5.979215249362691137e-02
3.191080895330358658e+00 9.056223364236879458e-01 6.815607910978242501e+01 2.248839486852954872e-02 1.117835589001865276e-01 9.541985570930626437e-02 6.152528665228047811e-02
2.849298804780491690e+00 9.422070185828683719e-01 6.825054223088309868e+01 2.228902003108192836e-02 1.134032364545323884e-01 6.035374272482346703e-02 6.104106338179965396e-02
3.068082267897749738e+00 9.263606436015190404e-01 6.855092190774307426e+01 2.248853913699445581e-02 1.141199694687563687e-01 3.915072192144613411e-02 5.566035978696853154e-02
2.932953274024429291e+00 9.927215120252590452e-01 6.805975888202239332e+01 2.203119629087093093e-02 1.164314096225353146e-01 2.793403088288488878e-02 2.664699076731101568e-02
2.800926213226864192e+00 9.771568370064840359e-01 6.846483385507883668e+01 2.205955536869160308e-02 1.127986509492036188e-01 5.336028874945775158e-03 3.598846185981820905e-02
3.088813874911106261e+00 9.378941619563480048e-01 6.858145869221111468e+01 2.225857218319176115e-02 1.230313110293834583e-01 2.140943565910007410e-02 5.640117158686816512e-02
2.885549925497284729e+00 9.556738352531017888e-01 6.869198843989730108e+01 2.212876032427588124e-02 1.161161572458266761e-01 3.681098483431469864e-02 4.638486850053074456e-02
3.072904540884191960e+00 9.825110009058146687e-01 6.920252767326078924e+01 2.247394732827952268e-02 1.198018832973930803e-01 8.133775766005507668e-02 7.828298839289390965e-02
3.184147635739131399e+00 9.267671437925447675e-01 6.937548493751359047e+01 2.204265710808418072e-02 1.215871271157828448e-01 8.368508708362322468e-02 1.520019227955603583e-02
3.164399782429614394e+00 9.216677594569758769e-01 6.891698916046114221e+01 2.258212406083694515e-02 1.153395116808176996e-01 1.774583805492915486e-02 1.411386338340759640e-02
2.800487976175935145e+00 9.175179080040996027e-01 6.874420041573824847e+01 2.247452187305275934e-02 1.199088765921364624e-01 3.321458825102279605e-02 7.106096561235177023e-02
2.880285801778795562e+00 9.675398479358261472e-01 6.879056969169668889e+01 2.240878571296379268e-02 1.128093504696175559e-01 6.984427134960373429e-02 5.530164890164943753e-02
2.818284216698950129e+00 9.889081016733435314e-01 6.820257300474565909e+01 2.221508874828882069e-02 1.186435106573906356e-01 1.681738026843246012e-02 3.179588959767176704e-02
3.066026795079399125e+00 9.321585862833579039e-01 6.907865420118464783e+01 2.245282058374581391e-02 1.183699023760605706e-01 7.292175617546520563e-03 6.517039473600734489e-02
3.070316204842834296e+00 9.834394046093585251e-01 6.825906201771292103e+01 2.217430153484379468e-02 1.171771428171955315e-01 9.044640808609483162e-02 7.556888466248684599e-02
3.029049218789204634e+00 9.053534535104511560e-01 6.893441427053159032e+01 2.242408207114748170e-02 1.149106368996107158e-01 1.749191851031105596e-02 2.563082048604091445e-02
3.162261383347702015e+00 9.971497227127833485e-01 6.829466780445952168e+01 2.246930866251299966e-02 1.184440578147423900e-01 7.123845514967527826e-02 4.743860665335082605e-02
3.014703403883251642e+00 9.435471578215088861e-01 6.892567939492400342e+01 2.237176808432116137e-02 1.258498618019098514e-01 3.575005857045598229e-02 5.601726181895427814e-02
2.885500164315059290e+00 9.499721012059296754e-01 6.852084594954521890e+01 2.210235499300991502e-02 1.147565218519896735e-01 2.445042853519314649e-02 4.342269870778248803e-02
2.995965509010529271e+00 9.457320216531402979e-01 6.918059016143043038e+01 2.236638545378094589e-02 1.218645817211556764e-01 9.419038978616482705e-02 2.923082416616442497e-02
2.943539740651116343e+00 9.875667149178550819e-01 6.878022443333706804e+01 2.230653407952907716e-02 1.242728762534734965e-01 1.573669630136189865e-02 7.704137461571064494e-02
3.199305971927269177e+00 9.374755705046400323e-01 6.781245760293184333e+01 2.203017586874954359e-02 1.112780753339322054e-01 6.601452900173020166e-02 7.299826923674215817e-02
2.802680288543964338e+00 9.331401129614689260e-01 6.844172476407933914e+01 2.210797920924875704e-02 1.210548797081530265e-01 7.733067139041188698e-02 3.030611815806620590e-02
3.165937957733124364e+00 9.828249476254723449e-01 6.904561023730686031e+01 2.247415280957989342e-02 1.125434822716755989e-01 5.496152128288785133e-02 2.033632967900759342e-02
3.122576184415996714e+00 9.118144987295325743e-01 6.853002595371390271e+01 2.217790098957950554e-02 1.222194996015967955e-01 8.698955740981417772e-02 4.922884793269784870e-02
3.137308497769329296e+00 9.574247979565195799e-01 6.805721394776831801e+01 2.227503469915941350e-02 1.164430369097051443e-01 8.508053621916644715e-03 5.732525604474059122e-02
2.992235763663479098e+00 9.221290979810259358e-01 6.833508832707791214e+01 2.203623202155968047e-02 1.214020330348858229e-01 2.734258302567782722e-03 6.796525259521618567e-02
2.801600302543774124e+00 9.697212327412818578e-01 6.881777963671396492e+01 2.219266113450347327e-02 1.194175534769318370e-01 6.725208064105453465e-02 7.249271354368057307e-02
2.888142028763410085e+00 9.470437642814808488e-01 6.909853324672175745e+01 2.254026103029741282e-02 1.109930292340183672e-01 8.192261508788590413e-03 6.135180999137841013e-02
2.886983945768004212e+00 9.997138767976780915e-01 6.877721547445541717e+01 2.252917140038838972e-02 1.172241904479679742e-01 3.795494805948922828e-02 1.036813774898714784e-02
3.193948828119763217e+00 9.774328492023336423e-01 6.877335181417380738e+01 2.209432375845209184e-02 1.216637430207563875e-01 7.329253562614101991e-03 7.129241355667428892e-02
2.891738157755671335e+00 9.852314516640772180e-01 6.858921640858048363e+01 2.255177756955541873e-02 1.126226768784762272e-01 5.490228147022541139e-02 1.054082829301734685e-02
2.932248425323840557e+00 9.374177374185415079e-01 6.867232855608152420e+01 2.228941182601607701e-02 1.200689355910060790e-01 9.834102802922185717e-04 2.540853223462548327e-02
3.193648639418736668e+00 9.606891967079773664e-01 6.991968245329312026e+01 2.235027334528171331e-02 1.225712404231226738e-01 7.439701651503051461e-02 6.334863295251108584e-02
2.935716568542482641e+00 9.438441373823541758e-01 6.866636579408248053e+01 2.239980117065807491e-02 1.237262740331609295e-01 7.819374991906114999e-03 4.706060315518471177e-02
2.859424338130322152e+00 9.422541565249811235e-01 6.868101606377491919e+01 2.251014135346635428e-02 1.170865225757347222e-01 1.238050175094358024e-02 3.735358786968378392e-02
3.163442789542801226e+00 9.095215975629933336e-01 6.879959235631895353e+01 2.254266530083335121e-02 1.150743704644131421e-01 9.082025989723396808e-02 7.063734108988371785e-02
3.001295446448545956e+00 9.783478942368918352e-01 6.875055042046663800e+01 2.250186657336174581e-02 1.121667493786678294e-01 9.144546752577674409e-02 4.992029886642852798e-02
3.177872628681407630e+00 9.979385636419783046e-01 6.840139324114748831e+01 2.243773028256084573e-02 1.129743128444876399e-01 7.054195213811857712e-02 3.065825218235198463e-02
2.941925597893550570e+00 9.198839236046461032e-01 6.836621343166740417e+01 2.258287048693708582e-02 1.153492786949764093e-01 5.335773888154411726e-02 3.872720522789263597e-02
2.954470547299381078e+00 9.154935047947251325e-01 6.863597572924405199e+01 2.254871247173644358e-02 1.165161102410296190e-01 4.258753724625366499e-02 3.556841745950397454e-02
3.094616180440671549e+00 9.019631291543901419e-01 6.903479547191000165e+01 2.246203708747940633e-02 1.142253938304645944e-01 6.648552264526112754e-02 7.460563152089347283e-02
3.103668236008972237e+00 9.324498345956585554e-01 6.863399293878465812e+01 2.207295188301906796e-02 1.118375205374016051e-01 3.944782894505863974e-02 2.715327955642841962e-02
2.924844347028335179e+00 9.629583190926556124e-01 6.892162340881031923e+01 2.234707518904857984e-02 1.170491872823626600e-01 8.870661105522260317e-05 4.756052289397321581e-02
3.120631581057519366e+00 9.719444927614080409e-01 6.804158172364898860e+01 2.204643682359456319e-02 1.108470817847686668e-01 4.910814915364405259e-02 3.036630524095649403e-02
2.923110468947310192e+00 9.400489637031663737e-01 6.870153986530441159e+01 2.257629552074067597e-02 1.203130482415292885e-01 7.240820194001684751e-02 7.274874282350407562e-02
3.008196018534514238e+00 9.151532695836259723e-01 6.892494693291652652e+01 2.233944390993840984e-02 1.185528217811601670e-01 6.769523770130453366e-02 7.851744609219507565e-02
3.129349030693523659e+00 9.061901588043950184e-01 6.867432746715313385e+01 2.211350965024978452e-02 1.192159879265434624e-01 1.881492764884407131e-03 6.532806662429006817e-02
2.997145094664243281e+00 9.528952760158521107e-01 6.814668402608030817e+01 2.202346752557547693e-02 1.148953465727252099e-01 8.436750930661911230e-02 3.505794571067996634e-02
3.098289639577883392e+00 9.730509247384380167e-01 6.915720211359811742e+01 2.254406712031483892e-02 1.144225757458487425e-01 3.434190882208915108e-02 5.605348840873997790e-02
2.840177957302309153e+00 9.576460381934511767e-01 6.897740698999302822e+01 2.259644096639395680e-02 1.198538266551898712e-01 5.369558570963055971e-02 1.338688969455716603e-02
3.141443411909056849e+00 9.817594965820670705e-01 6.887925989196091336e+01 2.234762015131378649e-02 1.228195826283677711e-01 9.670310875972430720e-02 5.957423032984773825e-02
3.168438945226398129e+00 9.380246084395224004e-01 6.861320901300535979e+01 2.234795830095883534e-02 1.164818781658242264e-01 7.289049209493581039e-02 7.848578037641255889e-02
3.157794780145584568e+00 9.224638407353528136e-01 6.887530077436960596e+01 2.214305639549603993e-02 1.206164548127209163e-01 7.487246618629168904e-02 4.966305350941454394e-02
3.131615350506997242e+00 9.975838283934308492e-01 6.876579815442288179e+01 2.255185564235210119e-02 1.210409559656094175e-01 7.145059720452588692e-02 1.003893539387562886e-02
2.971551956724086008e+00 9.917332988579016240e-01 6.881389739677040041e+01 2.253233371478569058e-02 1.186266129692538362e-01 6.087903255995241736e-02 7.794098334675560180e-02
2.935454329114409955e+00 9.801429670522426862e-01 6.871561947886263511e+01 2.229594443885388536e-02 1.181032829046996802e-01 9.315097946715453214e-02 4.922966965486122448e-02
3.026984712458985260e+00 9.558001831873238485e-01 6.908686537432588182e+01 2.226109679005460959e-02 1.205329785743974313e-01 3.487518557403708475e-02 6.638600860767905620e-02
2.878268101408934854e+00 9.839278644182118949e-01 6.894825499602140439e+01 2.256743277025967387e-02 1.216123340012824766e-01 4.860890900187469360e-02 7.856112040650324591e-02
3.167376729644471478e+00 9.484730867189589132e-01 6.919046692538150012e+01 2.248910812151844185e-02 1.272147860099845096e-01 8.371528462822897670e-03 2.232386544494072145e-02
2.842341197357200588e+00 9.510366530368005167e-01 6.820390167445704321e+01 2.233937515329775109e-02 1.147198497512342541e-01 6.571957555238468196e-02 6.095904874611888374e-02
3.162048155499087354e+00 9.734675647707301538e-01 6.873762824799771920e+01 2.226167154693660388e-02 1.132238245972741475e-01 8.305354345219387313e-02 7.912162040634261595e-02
2.820609441721513733e+00 9.903604134756462951e-01 6.840494482853624447e+01 2.230242343754109888e-02 1.191434399563481433e-01 9.029985433358118929e-02 4.441746904583228350e-02
2.959059832079878216e+00 9.330819467022769542e-01 6.879784760065413707e+01 2.204450135525957977e-02 1.249268714132317493e-01 8.349095376878493124e-02 5.865430944272034125e-02
3.181114343596604055e+00 9.066674408509515226e-01 6.875614383035119204e+01 2.237347099574692882e-02 1.177147214922618090e-01 2.136677997974614426e-02 4.222651683650309462e-02
3.106231971037300532e+00 9.895971639560763311e-01 6.921083885957433779e+01 2.243630601047145665e-02 1.235360684018526334e-01 4.835327285615521886e-02 2.329344765895669661e-02
3.142639611748005990e+00 9.133010260672809189e-01 6.870665276568372803e+01 2.243347609324991554e-02 1.166031553577298319e-01 1.423717209999463343e-02 2.369376498962618566e-02
3.142190134757674169e+00 9.194213679227501990e-01 6.852443855120834826e+01 2.257763189115869623e-02 1.131377211724769183e-01 8.020346638958675278e-02 7.828103859437615664e-02
2.977232097119238752e+00 9.812739830330839963e-01 6.899082072099045604e+01 2.234709848574982852e-02 1.148054641841785573e-01 1.584335270565935191e-02 2.983975512077750164e-02
3.089545692285438072e+00 9.738692786801358414e-01 6.801546472541072319e+01 2.203891053814824308e-02 1.169059556341945499e-01 3.668193828755803715e-02 5.911862339975459957e-02
3.089162909854066275e+00 9.700810662593107869e-01 6.868632405217265102e+01 2.205636691861210391e-02 1.179003946917753370e-01 4.348608548510979332e-02 6.138399509241591195e-02
2.836814319645517113e+00 9.118304654687079402e-01 6.876146825505409765e+01 2.239041830568160724e-02 1.155683940975403834e-01 2.164596754052304853e-02 4.706193157209005024e-02
2.854815021121570595e+00 9.856094308349983013e-01 6.873561578106883019e+01 2.211556281492512571e-02 1.158961706771400035e-01 1.591773912534438437e-02 6.503444972761431020e-02
2.876511793502496861e+00 9.631129251443041328e-01 6.811524234754062945e+01 2.210188913519531978e-02 1.129305206817326490e-01 3.797905150445392286e-02 1.046724340141685222e-02
3.191080895330358658e+00 9.056223364236879458e-01 6.815607910978242501e+01 2.248839486852954872e-02 1.117835589001865276e-01 9.541985570930626437e-02 6.152528665228047811e-02
3.199305971927269177e+00 9.374755705046400323e-01 6.781245760293184333e+01 2.203017586874954359e-02 1.112780753339322054e-01 6.601452900173020166e-02 7.299826923674215817e-02
2.903485566358801950e+00 9.344164352697783560e-01 6.867998338176627726e+01 2.242953781098819266e-02 1.208813402331210124e-01 6.573471227341880219e-02 4.575616054243391434e-02
2.900332613277750937e+00 9.933171084510463711e-01 6.836312290425667015e+01 2.220671812334555975e-02 1.195958962880585147e-01 2.726394113034154298e-02 7.945096520514208227e-02
3.071438296542721602e+00 9.801197075817591475e-01 6.799298464284041188e+01 2.208990324786880982e-02 1.159725208545998587e-01 5.865529103074671596e-02 3.303905825290062714e-02
2.988943361819398348e+00 9.201678356482488885e-01 6.947661029418995327e+01 2.210988657209014135e-02 1.234202240909937354e-01 8.154766696664862008e-03 6.246397942566807998e-02
3.124537177090412676e+00 9.677043119193772247e-01 6.900720538495804135e+01 2.214222676901824588e-02 1.168501349846816084e-01 8.488956102135977733e-02 5.925030441169719386e-02
2.803620814036408948e+00 9.232378318412607365e-01 6.869592595667208457e+01 2.202661087112225621e-02 1.167065307443717892e-01 1.431628660444990257e-02 7.725049346037718423e-02
2.884939259762657748e+00 9.061165771831970472e-01 6.914513261555204338e+01 2.259113891069422161e-02 1.232767379629049892e-01 6.447206560052759494e-02 4.383424977589395199e-02
2.985682779969491385e+00 9.709808761924548781e-01 6.829830082415779202e+01 2.221905796266766819e-02 1.104597378498822502e-01 6.883040809049441322e-02 2.506277109496896777e-02
3.095482941161887602e+00 9.718481581843367856e-01 6.852662113751641471e+01 2.200481501684353747e-02 1.201730431466681154e-01 5.268407926082446791e-02 2.975951870357520374e-02
3.038064780755984629e+00 9.637148572364201415e-01 6.880759831333973864e+01 2.232214084374184102e-02 1.237467424198307048e-01 4.323468668638733720e-02 1.384963905067669414e-02
2.961229056201585497e+00 9.456537220008442990e-01 6.901392656841653661e+01 2.211119685554200145e-02 1.226755293464533575e-01 6.107279030650539231e-02 1.511490535453020000e-02
3.129342491316574826e+00 9.256164740886939635e-01 6.877193593893056800e+01 2.200892697073918158e-02 1.186494694405116901e-01 7.633792679546777538e-02 5.973844461112833709e-02
3.114086505000623895e+00 9.821237178565670467e-01 6.908053733768646509e+01 2.223309121245219816e-02 1.166563619744104413e-01 6.200229561830814667e-02 3.542002424426959201e-02
3.101651336445841789e+00 9.325533446349719702e-01 6.981458611469489028e+01 2.253725808602280098e-02 1.246240069725074867e-01 3.224289364802167962e-02 3.122001841854320919e-02
2.868520826618373931e+00 9.824934040014464687e-01 6.917568752165576029e+01 2.233732304561483056e-02 1.283555637362347734e-01 6.437033818563650533e-02 5.119789707864282058e-02
2.907081262611373340e+00 9.835204966360157064e-01 6.865155496979673444e+01 2.206232969586062811e-02 1.193205243361287748e-01 2.525610152288318422e-02 4.463767386018059613e-02
3.101610150436639124e+00 9.485488837204720802e-01 6.932538784463000070e+01 2.242343434170480237e-02 1.260107375188887768e-01 4.601460073018501934e-02 7.507839409879892012e-02
3.049922363948971871e+00 9.100137117474744741e-01 6.849942352139588309e+01 2.213689322638458246e-02 1.199808130452168636e-01 1.667823595499194969e-02 4.058988039390585417e-02
3.011038261465835753e+00 9.969783327388392902e-01 6.831295193971115509e+01 2.229361117399209988e-02 1.236076600342895515e-01 4.271033275331388712e-02 1.118893583435097774e-02
3.139088698860856397e+00 9.476246635369730553e-01 6.920061266020994140e+01 2.259506405159942069e-02 1.181411959443610243e-01 1.705648397614456177e-02 5.609683722439136322e-02
2.930944080946874752e+00 9.742212527350828655e-01 6.907957760258032920e+01 2.258748995675681839e-02 1.152728763114624078e-01 8.948582215149927799e-02 6.407586037071767715e-02
3.099228627426811045e+00 9.251456711274014255e-01 6.899610384609376013e+01 2.222067398883847272e-02 1.205507049750479259e-01 2.150133034494025250e-02 6.776527271228220684e-02
2.891677276053047585e+00 9.994433165840226341e-01 6.827681206478457909e+01 2.200693329246258129e-02 1.179080791563627828e-01 1.485491242794128620e-02 3.219364861536253702e-02
3.021317803798809098e+00 9.425341091564165552e-01 6.884092725274240365e+01 2.213817731198030811e-02 1.218652849543929301e-01 7.125446157909332001e-02 6.123553283048658452e-02
3.174267400518578253e+00 9.809503274538096118e-01 6.953220507648555326e+01 2.237941351258100273e-02 1.237937140857341550e-01 4.006008519695676562e-02 5.890074237024307824e-02
2.927325631461774602e+00 9.054218768530811756e-01 6.822449888617231295e+01 2.215874720805552714e-02 1.132679945416257689e-01 7.445559646087133998e-02 2.830924846401866590e-02
2.937997674509930324e+00 9.022343488449289239e-01 6.885883001551619031e+01 2.250342778935077864e-02 1.135779224356543854e-01 9.663255111494448157e-02 6.618465729904206285e-02
3.127715624207586753e+00 9.851985328392427466e-01 6.901808139002126552e+01 2.204890224199192519e-02 1.144781656596235847e-01 1.475571013085318420e-02 7.289218331051679212e-02
3.107995056856364791e+00 9.754469431798273860e-01 6.915787322563710404e+01 2.235188137435180702e-02 1.228162772774495232e-01 3.300273311973522111e-02 3.099531293142598898e-02
3.041397021836039105e+00 9.414265918640657427e-01 6.790330691180045619e+01 2.225305755614967115e-02 1.181693075140681087e-01 9.905984878895279788e-02 5.516999236600927947e-02
2.846926463610182978e+00 9.136041943413171218e-01 6.910943744937668498e+01 2.242262665671053770e-02 1.137326659934220080e-01 2.011179211235179093e-02 4.811050738812020638e-02
2.982033910179821667e+00 9.215586554548829135e-01 6.852210051582736128e+01 2.241767271887242993e-02 1.172638565535197852e-01 2.626463836069300659e-02 3.901978441199963066e-02
2.862717085154617980e+00 9.285908817418216943e-01 6.818413487384438554e+01 2.248583871932208558e-02 1.165107486403785947e-01 4.468544795248674539e-02 2.995486183000468927e-02
3.126379411334008207e+00 9.843472182307418938e-01 6.833264231820265877e+01 2.205734576818948328e-02 1.252647920992522868e-01 9.114719966287131159e-02 2.886743386074359236e-02
3.039448657193791092e+00 9.725132337915809444e-01 6.870513168457151210e+01 2.224646351871618216e-02 1.145843773843057550e-01 3.188704381973533897e-02 7.777833880264482802e-02
3.078484468702737509e+00 9.318992345771388575e-01 6.799802166828868621e+01 2.237087671436763930e-02 1.157935617804418393e-01 7.664478466698933234e-02 7.796400719813663394e-02
3.014059212116743325e+00 9.708157708630509308e-01 6.871629563760978954e+01 2.238161615327078496e-02 1.177511097874143903e-01 2.992660520837878840e-02 1.854632463105311199e-02
2.938650309658628945e+00 9.667134187347393715e-01 6.941377857591920986e+01 2.250272479169319190e-02 1.222878813016437805e-01 9.915754394829559559e-02 2.654676093626868322e-02
2.945713342738549123e+00 9.992077866103838968e-01 6.855586470712790970e+01 2.230361264288302850e-02 1.168108187561836125e-01 9.903853436007559186e-02 6.627590508076515452e-02
3.089478384312999815e+00 9.867961386831616277e-01 6.847506086780816759e+01 2.213655848490557812e-02 1.161186133005500665e-01 4.567742082782551283e-02 3.623654504316745767e-02
2.812240326803580714e+00 9.729400842007006611e-01 6.802287731986525898e+01 2.224009852946982890e-02 1.177330303169827619e-01 2.345434867344210750e-02 5.066914124518030055e-02
2.980833032263377813e+00 9.913802450917549303e-01 6.909944186952247946e+01 2.235285790031858733e-02 1.123922077912591355e-01 6.990481278734238246e-02 6.016162986781745103e-02
3.159183991316894424e+00 9.373532678207977531e-01 6.849349936753399959e+01 2.224852142486924075e-02 1.168073003619597705e-01 7.683159919659113268e-02 3.689220059647340538e-02
2.892559234339580509e+00 9.632389181940803624e-01 6.858568829178700810e+01 2.240986732448885591e-02 1.146682523693987321e-01 9.124494462123983185e-02 4.556193603581396023e-02
2.827015475140331358e+00 9.551628596834189633e-01 6.843271195062234824e+01 2.212788568629681443e-02 1.184838439655574033e-01 7.409242936728925588e-02 1.400285200024380984e-02
2.856757811018968862e+00 9.145080227063812073e-01 6.903580528987438925e+01 2.255382012528811889e-02 1.185357144989796774e-01 5.912947845447161233e-02 7.488823184633973395e-02
2.884939259762657748e+00 9.061165771831970472e-01 6.914513261555204338e+01 2.259113891069422161e-02 1.232767379629049892e-01 6.447206560052759494e-02 4.383424977589395199e-02
2.961147280757012279e+00 9.727031306932371058e-01 6.882629536032835915e+01 2.215710756802623249e-02 1.153279181371109074e-01 3.628756279219632480e-02 3.613290406511758535e-02
2.982740156919078345e+00 9.925071271414491747e-01 6.904970908879391800e+01 2.253256109564445719e-02 1.166723664220707807e-01 6.466815090581182202e-02 3.519053868021902037e-02
3.167376729644471478e+00 9.484730867189589132e-01 6.919046692538150012e+01 2.248910812151844185e-02 1.272147860099845096e-01 8.371528462822897670e-03 2.232386544494072145e-02
2.806671490845722872e+00 9.068334166993301526e-01 6.865679757838972819e+01 2.235463174882824922e-02 1.189540283777917457e-01 9.682766218647352596e-02 5.623034582998855113e-02
3.188683312433143069e+00 9.322341529445538066e-01 6.810007216458549806e+01 2.200365478643922720e-02 1.168751030358137905e-01 8.676891124097291241e-02 2.821144440960066113e-02
2.836350143882401031e+00 9.389184271572784679e-01 6.885263094140348983e+01 2.218331464768747915e-02 1.122290861466042067e-01 7.500985393063720752e-02 1.497793154323160889e-02
2.932511802017839120e+00 9.028499960457242457e-01 6.845360857990971226e+01 2.200981472343251436e-02 1.109911453548071969e-01 3.644229599034130157e-02 1.198861194364274005e-02
2.847720805814747180e+00 9.755642149151209086e-01 6.941546943975545503e+01 2.240005193090185975e-02 1.235180303461749091e-01 3.538312541621210783e-02 5.001088575739708747e-02
2.863421998583721262e+00 9.676580063938853282e-01 6.886514643438604821e+01 2.211554553217470395e-02 1.128813626857084890e-01 7.705200779973710168e-02 6.153600954460113764e-02
2.882696889605592450e+00 9.494647907248772167e-01 6.846652565692264147e+01 2.245501905511305615e-02 1.151757802129676073e-01 6.014352608521062252e-03 1.269825311589826804e-02
3.077379066365851568e+00 9.367866669966443682e-01 6.801395590837694272e+01 2.214267001626294903e-02 1.154371568822604860e-01 7.783528258476977990e-02 4.640436390857991672e-02
3.130625370668596918e+00 9.291963893221716342e-01 6.828610296440049865e+01 2.203278035309367416e-02 1.207195087129180333e-01 9.108580974863458857e-02 6.327763478119363683e-02
2.940252841955141250e+00 9.201070692250139516e-01 6.897497384702708700e+01 2.253737276511962040e-02 1.187436747590968344e-01 5.011514870107720149e-03 4.153449443276444053e-02
3.194274829557006257e+00 9.324001333016588289e-01 6.901297148912371426e+01 2.257838435768017363e-02 1.206501734554168981e-01 7.555586341597558819e-02 6.025561905542991398e-02
3.124177299381874384e+00 9.464008590587734693e-01 6.857869920464901270e+01 2.236562343080157958e-02 1.156562740147909912e-01 3.063873199123190449e-02 6.986714559467301078e-02
3.147454909127525013e+00 9.238970599371025827e-01 6.848590959289339253e+01 2.206459961875255338e-02 1.189869005609039687e-01 6.791049668342037660e-02 7.856221852370606773e-02
2.958222017643561408e+00 9.555669030813949139e-01 6.849218088283551253e+01 2.221788460203926591e-02 1.180241282285221377e-01 3.343175144937628185e-02 6.120854952760552969e-02
3.173814673638638340e+00 9.160051657764615163e-01 6.952281977737007423e+01 2.253443355728434669e-02 1.277302045119301233e-01 2.753355476551781061e-02 2.029294922927724759e-02
3.061317342950689024e+00 9.326878145436621192e-01 6.913672820445984257e+01 2.248399515612533109e-02 1.225979155728641884e-01 5.843400168717819559e-02 6.376089367551920906e-02
3.014178405748428435e+00 9.973247414319458271e-01 6.913420082161101732e+01 2.242094842733099655e-02 1.151537272194288614e-01 8.238844507524634153e-02 3.938849378257549411e-02
3.129102334688919296e+00 9.861076133189706772e-01 6.844219260126310189e+01 2.210851497151097161e-02 1.129008624791889293e-01 5.468222005117769069e-02 2.595591563418688658e-02
3.105534179960902197e+00 9.763746418893511914e-01 6.839005543420387312e+01 2.202667507012575840e-02 1.205230746337318248e-01 5.632722571434221198e-02 6.567974275175805787e-02
2.962452128907783422e+00 9.078701058511281508e-01 6.874005076419953753e+01 2.246154589021844700e-02 1.108286319092726541e-01 8.307212953866530136e-02 7.308897439635238247e-02
3.020128775245649599e+00 9.003804230759948624e-01 6.780467491806713554e+01 2.202569383164844005e-02 1.162273518231363156e-01 1.750622474795717962e-02 3.378620388353745230e-02
3.006304007276300982e+00 9.439809846323777842e-01 6.798983427066204399e+01 2.201377109070597887e-02 1.155520179635577682e-01 2.339249416675271559e-02 2.051892083818072920e-02
2.839820171392976267e+00 9.651865492270527147e-01 6.912035036102622598e+01 2.256059407652770410e-02 1.154176180818233949e-01 6.034939016897273092e-03 5.899322335124335820e-02
3.174778311614049553e+00 9.984124595711358907e-01 6.833189772736646717e+01 2.251233892962670180e-02 1.208982534360409783e-01 2.655188852042200849e-03 3.003405890135943390e-02
3.053447035682946620e+00 9.865635944795003720e-01 6.859752078144046550e+01 2.247435861279374961e-02 1.181464110729154998e-01 1.546742263492275130e-02 6.678681298505413644e-02
2.897175847484747990e+00 9.056045735233995142e-01 6.866325690784039182e+01 2.244023526670666999e-02 1.242668468294304274e-01 7.541568450656432887e-02 4.553979616285278725e-02
3.151671171932690640e+00 9.860600226468825280e-01 6.877459779008854923e+01 2.229932458834658557e-02 1.237964311190948713e-01 1.367980282641669855e-02 5.007234034711249143e-02
2.890067477085354497e+00 9.102864643534205324e-01 6.872649767873159021e+01 2.247061455042854983e-02 1.143783610654679622e-01 5.289824505072877880e-02 6.784803780554975183e-02
3.187205259993383777e+00 9.602076103660333040e-01 6.885300567516748060e+01 2.202904951234152878e-02 1.207437438078246550e-01 9.725337419781033416e-03 2.090720553196230569e-02
3.088794038202213432e+00 9.580939699192800862e-01 6.888175757444699343e+01 2.235326787276952984e-02 1.205447288064462746e-01 3.392141599612846781e-02 4.923216739145628434e-02
2.954376317607561475e+00 9.764979443005853410e-01 6.843189366182433275e+01 2.238234505269896812e-02 1.167814057064389122e-01 7.342319565857936825e-02 6.761219437292330381e-02
3.030411398459187833e+00 9.973095556384143912e-01 6.828601201981456370e+01 2.206268755287444858e-02 1.169616293751838954e-01 6.663141693088547868e-02 4.205991066313608667e-02
3.146086037407215041e+00 9.886515360079964898e-01 6.855014445243791954e+01 2.203341631922063962e-02 1.207146751318881051e-01 5.224748375014977297e-02 6.948635880811374066e-02
3.097612113168239922e+00 9.285106969188305914e-01 6.890574513705217896e+01 2.258862992716863596e-02 1.165329319441918005e-01 8.774930978254127933e-02 5.443189707833284707e-02
2.802187770542122980e+00 9.073826637526640759e-01 6.921385400790677522e+01 2.203349528911178329e-02 1.229143484820184040e-01 9.714434069596938892e-02 7.076239673174349043e-02
2.917389631479987422e+00 9.303560812076182573e-01 6.825310777987289157e+01 2.219946768792179295e-02 1.165755360999512907e-01 8.385484156154060509e-02 7.663217243685925550e-02
3.106216215196126562e+00 9.612826238042178062e-01 6.844199300184196488e+01 2.241944669736815193e-02 1.129996280256291702e-01 3.169302695001087466e-02 5.502291126230227786e-02
3.031435087666964456e+00 9.747570155244486001e-01 6.829310864917908930e+01 2.204624523726971333e-02 1.199040228224951543e-01 7.039158307287134153e-02 3.769731058771755988e-02
2.854056631904378971e+00 9.744009237536963575e-01 6.837724111141491790e+01 2.209069765312069236e-02 1.206159922212926977e-01 1.691775059223117259e-02 1.320292068918004977e-02
3.065032485552959152e+00 9.956156723057820734e-01 6.885221183204781426e+01 2.258446160284721671e-02 1.120459883981778509e-01 7.257536737141967453e-03 6.103527863903859818e-02
2.813544459505878503e+00 9.227929053263543846e-01 6.896101678583453065e+01 2.235296772238202362e-02 1.160707858860342834e-01 8.642554886235549738e-02 3.198335993475181355e-02
2.835491484263595208e+00 9.971423625181684569e-01 6.847934616442887545e+01 2.251585997590484223e-02 1.239723870738386469e-01 3.817082489323907896e-02 4.341862152939171549e-02
3.004733049146192769e+00 9.147365849215550737e-01 6.810375825314150688e+01 2.225662788541087761e-02 1.136240759718222387e-01 5.439137959144046963e-02 2.508431189589118565e-02
3.174144107619358834e+00 9.838407984843434706e-01 6.829629259650629081e+01 2.214993272226213616e-02 1.125261770617098783e-01 6.520889389446207773e-02 3.567771496742905279e-02
3.051718480295018132e+00 9.780028995367721079e-01 6.900145934108599022e+01 2.256402301900646210e-02 1.254768652922348959e-01 4.747036591226654750e-02 7.443890202253987398e-02
3.148979224808739819e+00 9.269871616991487429e-01 6.885091788376065836e+01 2.228641088261895664e-02 1.203954632297476457e-01 9.786560572459999940e-02 3.724354527322682601e-02
3.040279751740985414e+00 9.595403825528885378e-01 6.833333811339679187e+01 2.211994816103616049e-02 1.122362911880025044e-01 8.853085373628528931e-02 5.353227003144298696e-02
2.979325659289448147e+00 9.329178238995444739e-01 6.825201976934940262e+01 2.215618381384594840e-02 1.155687858849826222e-01 7.112096368334941410e-02 4.898037849396481153e-02
3.162261383347702015e+00 9.971497227127833485e-01 6.829466780445952168e+01 2.246930866251299966e-02 1.184440578147423900e-01 7.123845514967527826e-02 4.743860665335082605e-02
3.159146548117902853e+00 9.016142923362950867e-01 6.884055794633697190e+01 2.225444836792108208e-02 1.244756725042104190e-01 3.464209543842088762e-02 7.761795895699713510e-02
3.087714866249725354e+00 9.669224438513666087e-01 6.795749133703094458e+01 2.224953202614429054e-02 1.199808411085993842e-01 7.248985997501704304e-02 6.700306137711999066e-02
2.888773830125638931e+00 9.258789129173781163e-01 6.901238205764579448e+01 2.232595111121625508e-02 1.208794851808666637e-01 5.961484487507815594e-02 2.744065562527196744e-02
2.844226122975679338e+00 9.753038848938205829e-01 6.818742961860604623e+01 2.233344352953106279e-02 1.146950995632451814e-01 9.280207923020568350e-02 2.753772897302791955e-02
3.168055942024448512e+00 9.482312844656108908e-01 6.911309334718366415e+01 2.222620936670277256e-02 1.179739626317753837e-01 3.934615454837532555e-02 3.747418310027081367e-02
2.979197455923876525e+00 9.217480247667202420e-01 6.862188161263678410e+01 2.203129868707564068e-02 1.192049491269553119e-01 8.147807219334685103e-02 3.656977701808455244e-02
3.008207804515131478e+00 9.934539570035056943e-01 6.818191896045333067e+01 2.226556456149733285e-02 1.171126191524397980e-01 3.262457008335774289e-02 3.026299209741305229e-02
2.819364780347782595e+00 9.203017768047038194e-01 6.869915018201101020e+01 2.251319919543366688e-02 1.166590985854305262e-01 6.574652763884301920e-02 5.554301950459702292e-02
3.164182116018629642e+00 9.519400124136601082e-01 6.850503042828184164e+01 2.207760824855674320e-02 1.156582663682123729e-01 1.526566789292216342e-02 2.440333281853319936e-02
3.006304007276300982e+00 9.439809846323777842e-01 6.798983427066204399e+01 2.201377109070597887e-02 1.155520179635577682e-01 2.339249416675271559e-02 2.051892083818072920e-02
3.137213472003657522e+00 9.434332488661103522e-01 6.908822639840971647e+01 2.242864580416159548e-02 1.294803502555238739e-01 4.998703987398186999e-02 6.624495968911317534e-02
2.929618714852272099e+00 9.042933129738371933e-01 6.800982464219052304e+01 2.212489887362839580e-02 1.194591878101904786e-01 9.561523285073031397e-02 7.771489162926238647e-02
2.947581143961574668e+00 9.545305188120347673e-01 6.913079674756863824e+01 2.242359978473507445e-02 1.216677982091697308e-01 5.898862308191585996e-02 7.474996834229082066e-02
3.056257745482650279e+00 9.358353855425821655e-01 6.835717314177759363e+01 2.224415970976937121e-02 1.145976353283755106e-01 9.820334267864670730e-02 3.432166400392061556e-02
3.049085890185796899e+00 9.236201870379199264e-01 6.905768256144077100e+01 2.222083808579744177e-02 1.214642345914262872e-01 3.016716706892823632e-02 1.758357246416306086e-02
3.086317095756689000e+00 9.653777889293614356e-01 6.886329761819042972e+01 2.255026276552860032e-02 1.194020909578386580e-01 2.894179092878428061e-02 4.174314568972897072e-02
3.124533555203020896e+00 9.167177330229852039e-01 6.816155679385123278e+01 2.247621820721787053e-02 1.146594090219908713e-01 6.286444393150797394e-02 7.748576528444081624e-02
3.034054989392776847e+00 9.383368638866260714e-01 6.882311469002587501e+01 2.214325170088206340e-02 1.205585102490374233e-01 8.503948300824357154e-02 3.886271451801676102e-02
2.895011461453640855e+00 9.238148746284647883e-01 6.817828675788874193e+01 2.233406103653694935e-02 1.102240167659734871e-01 1.487787514277510992e-02 4.143545398455646817e-02
2.937586262257407377e+00 9.817669594651035059e-01 6.836646386045606505e+01 2.213830829233569969e-02 1.114889388297632122e-01 3.903285079398960411e-02 1.847298975820816508e-02
3.048167404289194415e+00 9.056585471665399290e-01 6.811540453598398415e+01 2.211617240274001486e-02 1.124609120453668315e-01 9.436585222381452254e-02 6.568808928664354729e-02
3.169982106204736194e+00 9.194821565444442069e-01 6.873986870323510345e+01 2.250384573034984459e-02 1.150263369926014939e-01 4.639858534832092679e-02 1.209598758090908201e-02
3.014705707177589566e+00 9.997212439504034043e-01 6.885566922818712499e+01 2.207040491658568762e-02 1.163626689466449593e-01 7.713268508898502018e-02 4.611848762625152254e-02
2.878763805416291177e+00 9.242767998398343510e-01 6.863153268403839036e+01 2.248395943955817586e-02 1.119865560556095457e-01 6.507476692676560093e-02 5.256734766107745010e-02
3.096996238936076562e+00 9.596689639058969545e-01 6.898371035017076736e+01 2.212598875979738394e-02 1.225487495121668491e-01 4.352356704994353453e-02 5.488409736362070274e-02
2.995838025077541378e+00 9.307898232207971745e-01 6.891763031744342527e+01 2.241787589075524070e-02 1.169310107850331931e-01 5.219513123742147709e-02 5.239310514177113187e-02
2.992578942969879918e+00 9.608767202531328655e-01 6.889286909811552562e+01 2.238957628614522688e-02 1.186698331613890434e-01 6.360718749008287482e-04 4.244265652605933026e-02
2.982916263474681529e+00 9.033489722576792946e-01 6.921056510800073625e+01 2.258063359930102473e-02 1.225113984185851879e-01 7.158775517755414097e-02 4.145517144143014837e-02
2.990550035582730803e+00 9.051783334343864729e-01 6.896938353843192715e+01 2.251088620484467673e-02 1.154585973472106591e-01 3.017076557378371021e-02 1.541944028494377991e-02
2.864380630449584686e+00 9.164507132740896678e-01 6.829028966032402082e+01 2.250713438173177275e-02 1.144043981490639322e-01 5.732878766061680342e-02 6.064193181613605765e-02
3.194158470589444132e+00 9.119270566356547647e-01 6.859686321836223044e+01 2.225040330819857623e-02 1.185928863398066496e-01 2.272688564067534833e-02 5.113753574493948295e-02
3.067071722018838820e+00 9.421230294248691406e-01 6.817129595165573619e+01 2.235962122872748106e-02 1.147272617530924743e-01 1.273783683352970424e-02 2.415833641523667391e-02
2.862155339058241488e+00 9.103197011765085112e-01 6.855731926368154916e+01 2.252138479684504327e-02 1.217392592625999997e-01 8.034926021674700103e-02 5.218281980961250038e-02
3.190946383918621621e+00 9.243818223583728511e-01 6.855946690829108547e+01 2.243778684316945563e-02 1.217474930143161993e-01 1.978263115420229173e-02 4.746500250485787692e-02
2.828418626316838491e+00 9.714099110478504606e-01 6.853503875165205272e+01 2.228553296281599039e-02 1.172244740040912503e-01 5.549397521793573290e-02 1.951320496313364850e-02
3.084247748851667303e+00 9.474422468819769794e-01 6.853813206311426143e+01 2.228468245769247083e-02 1.171164765341512620e-01 5.758499662048330997e-02 7.404423144889402120e-02
2.901713826513029559e+00 9.970021661947786606e-01 6.903002265716202146e+01 2.204744698573728526e-02 1.199293504794292642e-01 3.963317833887597917e-03 4.131453006108078835e-02
2.820710941527493798e+00 9.050510258090873617e-01 6.876435619505070918e+01 2.236528659481515011e-02 1.244088424095446122e-01 3.973138203689900033e-02 7.747752809309714495e-02
2.850711200576926174e+00 9.354797484629702176e-01 6.879963185289341254e+01 2.251179216496450655e-02 1.178637313135831449e-01 2.881671103708118020e-02 5.462760364634607763e-02
3.119511270677236325e+00 9.856176687160993488e-01 6.857697623308791890e+01 2.232410337555448820e-02 1.149438840216065322e-01 5.383963972729875064e-02 5.465553686116601112e-02
2.894601101105631624e+00 9.871763902610780628e-01 6.908099716984315819e+01 2.242798796258720084e-02 1.162002071316293322e-01 5.652221406390278702e-02 1.525917037282315848e-02
3.110059315066995733e+00 9.275498419150849383e-01 6.903500508219758558e+01 2.222735351860391506e-02 1.264748100353498828e-01 2.466300136584136452e-02 2.789933224123648109e-02
2.831463283300156508e+00 9.669508849504174774e-01 6.904939131972221844e+01 2.245609744668806279e-02 1.260182583380944077e-01 3.962914592817780302e-02 1.879035111152595888e-02
3.011566415343341241e+00 9.164509716186801658e-01 6.900550399409927138e+01 2.248175040758315299e-02 1.126340930652190153e-01 1.089752406087570770e-02 1.504294944459032626e-02
3.192334023529422193e+00 9.153558389944667084e-01 6.848109067643594017e+01 2.205126898951174572e-02 1.134543224855185384e-01 7.896312586260630095e-02 3.667885683884269249e-02
2.965436073275907969e+00 9.682359980829903234e-01 6.856321180512892965e+01 2.211762138025992822e-02 1.189823210391169200e-01 1.374277973152484081e-02 4.014611753489963353e-02
3.062287259239104831e+00 9.433088532405832227e-01 6.864845289812004125e+01 2.249841546670282647e-02 1.181245728151174984e-01 6.740368412585676094e-02 4.897881954679598332e-02
2.809804108116267241e+00 9.985739258799430917e-01 6.868318319910181913e+01 2.221971217768988274e-02 1.211621949580528740e-01 6.158146606006566215e-02 6.290608701407460202e-02
2.815418913365179687e+00 9.176120042176367786e-01 6.916225843741621304e+01 2.237610137914964117e-02 1.183373334029263063e-01 2.925836101716031840e-02 3.700809720323727098e-02
2.892634213128163712e+00 9.093851520792995968e-01 6.879817016996611301e+01 2.258501849309876505e-02 1.155906612111019111e-01 9.258395685160791810e-04 5.874800973005969706e-02
3.180179466241187747e+00 9.381750126055006245e-01 6.900985455414699743e+01 2.226424964152162039e-02 1.299237017859422583e-01 6.445956643822063625e-02 4.798675582092979536e-02
3.128521029016735344e+00 9.735135100950920162e-01 6.917167368096524172e+01 2.239429925854587514e-02 1.165546711172961436e-01 9.332084893525972868e-02 4.461416858572962024e-02
3.081287152084342562e+00 9.332244292524298768e-01 6.864719371064734332e+01 2.234251467526427934e-02 1.201971895434814641e-01 3.465181568706274945e-02 6.745365150898342821e-02
2.935556676478961347e+00 9.214457727400229281e-01 6.934564813867329747e+01 2.244465768466025538e-02 1.172675950273915357e-01 1.220736743100298005e-02 6.255326462720929570e-02
2.829793650580964659e+00 9.452372301404682320e-01 6.856002208385868357e+01 2.235400902485917135e-02 1.199739658917655383e-01 3.580287560852631057e-02 7.943866903331393836e-02
2.875374363964894542e+00 9.552705092083404459e-01 6.858083292700456468e+01 2.245638240886827300e-02 1.191521906488069160e-01 2.779607199447473725e-02 4.722609371049749094e-02
2.935222315039970997e+00 9.270571807168345169e-01 6.893095176887500486e+01 2.205447454730750587e-02 1.159176206432165068e-01 3.790561536782686286e-02 1.820162540831043313e-02
3.097696434253549569e+00 9.549594956468637763e-01 6.907102113059116277e+01 2.238204183723793012e-02 1.249422947932169320e-01 4.402166532544310451e-02 6.783508262290793844e-02
3.047304205279740330e+00 9.444861961916599657e-01 6.933934562790125256e+01 2.230277334945776277e-02 1.247632383604964784e-01 4.572565074489809943e-03 3.889722721067522676e-02
3.125576722375855709e+00 9.660646754746383680e-01 6.880194521573794475e+01 2.208543801353870378e-02 1.208769805709217632e-01 5.155493604672357899e-02 2.133891128762191447e-02
2.862545020450855127e+00 9.712834246329971055e-01 6.981089868898881434e+01 2.244298211310310348e-02 1.196597208945605895e-01 4.150712302546469279e-02 2.609936403050412690e-02
3.074994714269132956e+00 9.150519608044108688e-01 6.859618499765126387e+01 2.255145078801548339e-02 1.118549233337243903e-01 5.683519073527825566e-02 2.995033309974706043e-02
2.855892171158135984e+00 9.405007019936831858e-01 6.856278681394454111e+01 2.239283965059789619e-02 1.143886694823727374e-01 1.231859270145824192e-02 6.396535879303821837e-02
3.019740983224352693e+00 9.819318988570396867e-01 6.877198406444763634e+01 2.221248007725509788e-02 1.185644119756533166e-01 7.445691914977357884e-02 5.734822242221614824e-02
2.812049597716955507e+00 9.805492295641797806e-01 6.847253651584539114e+01 2.243356826572046048e-02 1.177426853286760028e-01 1.801082107581769738e-03 4.794959444989851938e-02
2.935467396387798633e+00 9.722960755365805952e-01 6.889161819540774445e+01 2.216247461106296210e-02 1.167942514926458841e-01 3.983923040123116266e-02 6.101498996357015980e-02
2.815418913365179687e+00 9.176120042176367786e-01 6.916225843741621304e+01 2.237610137914964117e-02 1.183373334029263063e-01 2.925836101716031840e-02 3.700809720323727098e-02
2.834271158623391074e+00 9.561711043367159268e-01 6.936644085819358452e+01 2.223132768770981829e-02 1.240233150955195318e-01 5.402540491640807352e-02 2.025990505349992143e-02
2.959239456305077454e+00 9.197681857423949392e-01 6.859054924853025170e+01 2.225491472225647402e-02 1.217693173863370615e-01 6.105368017398903752e-02 3.678954132115804659e-02
3.095932885674410606e+00 9.216852922264875403e-01 6.907656738973801680e+01 2.201673151310844928e-02 1.256934635184184523e-01 1.476493645403798016e-02 2.281004019972505958e-02
3.031553627503321025e+00 9.463250940630867358e-01 6.891477425907936549e+01 2.204715196140362779e-02 1.235722204006132890e-01 5.313454030934705585e-02 1.606036357739507037e-02
3.106231971037300532e+00 9.895971639560763311e-01 6.921083885957433779e+01 2.243630601047145665e-02 1.235360684018526334e-01 4.835327285615521886e-02 2.329344765895669661e-02
3.045058738501464024e+00 9.653951374584921474e-01 6.786475739384898986e+01 2.217725059438011015e-02 1.113823907587712936e-01 5.756647656990961093e-02 3.522096923515004308e-02
2.985720866797182182e+00 9.405043304968544460e-01 6.848792693564966783e+01 2.227075572529802275e-02 1.135490256039271284e-01 1.945719211700704110e-02 4.901188074248946647e-02
3.024809022003506875e+00 9.315864304964103226e-01 6.853337325951200398e+01 2.211060055506042579e-02 1.234673801130583004e-01 8.608550581393316359e-02 6.286783635180254182e-02
2.947531965540466814e+00 9.914927850489445582e-01 6.938636677072435077e+01 2.230638046811477676e-02 1.233031171932601477e-01 9.442580426737391674e-02 6.042571988096855085e-02
2.962452128907783422e+00 9.078701058511281508e-01 6.874005076419953753e+01 2.246154589021844700e-02 1.108286319092726541e-01 8.307212953866530136e-02 7.308897439635238247e-02
3.129982094051811714e+00 9.885231258959574774e-01 6.923406136882127271e+01 2.205949815977918671e-02 1.182741933306393350e-01 2.841403169266578863e-02 3.995563298232852195e-02
3.125254017599594203e+00 9.946886119147333449e-01 6.854601610141531864e+01 2.246604546347924850e-02 1.150554224266546882e-01 9.517690109063464687e-02 6.560359501833604168e-02
3.142450358750764394e+00 9.606970094036597629e-01 6.814391509610406672e+01 2.239290675156536611e-02 1.119525418140188411e-01 5.916787455499795956e-02 3.685744841515344733e-02
3.133771389301820420e+00 9.450496124561371669e-01 6.852819753950387849e+01 2.238042463222679815e-02 1.233430089201623947e-01 4.270641379202289034e-02 4.349647978832967693e-02
2.984894151725811628e+00 9.259498101737603237e-01 6.904882204873659646e+01 2.253013974985512702e-02 1.228980092385420497e-01 5.218439918479467199e-02 7.362109437488151276e-02
2.836350143882401031e+00 9.389184271572784679e-01 6.885263094140348983e+01 2.218331464768747915e-02 1.122290861466042067e-01 7.500985393063720752e-02 1.497793154323160889e-02
2.848910027557010061e+00 9.836506898645785979e-01 6.859440023239365303e+01 2.244907966042791053e-02 1.124147043221334769e-01 9.971893406171579433e-02 3.002134714923463538e-02
2.804012442829340035e+00 9.810397099163876700e-01 6.950446122624974521e+01 2.224776666120202931e-02 1.253863197728097290e-01 8.245619568680074424e-03 6.278971129439041288e-02
2.888773830125638931e+00 9.258789129173781163e-01 6.901238205764579448e+01 2.232595111121625508e-02 1.208794851808666637e-01 5.961484487507815594e-02 2.744065562527196744e-02
2.937374376342133164e+00 9.164722541822012403e-01 6.849921742836326644e+01 2.226982335660709911e-02 1.193637323625899166e-01 3.866184076389506119e-02 3.097647300483052923e-02
3.168055942024448512e+00 9.482312844656108908e-01 6.911309334718366415e+01 2.222620936670277256e-02 1.179739626317753837e-01 3.934615454837532555e-02 3.747418310027081367e-02
3.016726044952200869e+00 9.059135989985386272e-01 6.821824897314988334e+01 2.226301447728833843e-02 1.148412855145098665e-01 8.332987395472070055e-03 4.611161955472189988e-02
3.008207804515131478e+00 9.934539570035056943e-01 6.818191896045333067e+01 2.226556456149733285e-02 1.171126191524397980e-01 3.262457008335774289e-02 3.026299209741305229e-02
3.083433111523166570e+00 9.749972659063407265e-01 6.792689040766529729e+01 2.223392261081964805e-02 1.147775262728148865e-01 2.456926264890787678e-02 7.639662138372746436e-02
2.856623076855885124e+00 9.123743994160739001e-01 6.902211102739684634e+01 2.248487278848507187e-02 1.136779079869142534e-01 3.845306715055092639e-02 7.620825835494435263e-02
2.995353030680645290e+00 9.459901583414105364e-01 6.889063991903336159e+01 2.233074480071102833e-02 1.168653037900170832e-01 4.952324207345254470e-02 1.297866221631031880e-02
3.199091939409410390e+00 9.856833043095712954e-01 6.868682043177825847e+01 2.256130919908905588e-02 1.176887672007065344e-01 4.365732151861634325e-02 4.475521476697823242e-02
2.835516794821848929e+00 9.173694808459017525e-01 6.815038672212517668e+01 2.251532046682203428e-02 1.154080499412618449e-01 7.534837589263992941e-02 1.030206378331053989e-02
2.900332613277750937e+00 9.933171084510463711e-01 6.836312290425667015e+01 2.220671812334555975e-02 1.195958962880585147e-01 2.726394113034154298e-02 7.945096520514208227e-02
2.882696889605592450e+00 9.494647907248772167e-01 6.846652565692264147e+01 2.245501905511305615e-02 1.151757802129676073e-01 6.014352608521062252e-03 1.269825311589826804e-02
3.020184211345754655e+00 9.863093624100464085e-01 6.820614081475129353e+01 2.201319213450696199e-02 1.135545764302191285e-01 5.938590287583021127e-02 2.668752456420243196e-02
2.946508388009249302e+00 9.973041575971144379e-01 6.820835723197320988e+01 2.200347493227617149e-02 1.164508302041703108e-01 7.228223815109996453e-02 6.346499708056520250e-02
3.008493472318572781e+00 9.783714282892422842e-01 6.928880563488239375e+01 2.224772114820146654e-02 1.168685510688397822e-01 9.445778660669244819e-02 5.537560243945523208e-02
3.164012715136728104e+00 9.666405009530006920e-01 6.831910675899220564e+01 2.246616154287930239e-02 1.148150201492692674e-01 7.252295797557653523e-02 4.893930154133785404e-02
2.938976968488752561e+00 9.211734217629026222e-01 6.800145419527088109e+01 2.244612904803883202e-02 1.137809187167384412e-01 8.427731303419710995e-02 6.312655232535181737e-02
3.035945856842676260e+00 9.974265776873770806e-01 6.898299279104293191e+01 2.238406202915611126e-02 1.187580378581918200e-01 2.430334604438449952e-02 3.279593561805345392e-02
3.188408748270417981e+00 9.461422408123997263e-01 6.823772290548708952e+01 2.234198097913027772e-02 1.226466131317361791e-01 4.842428692668602347e-02 6.700542786892402236e-02
3.027517692458976395e+00 9.084982716927357815e-01 6.873232957424283995e+01 2.220806588828731082e-02 1.234127467669430406e-01 5.249669920672651174e-03 7.973285418041485550e-02
2.908009074957742079e+00 9.565632146149527504e-01 6.859384292428526919e+01 2.208366437269332003e-02 1.188388278966487910e-01 5.282320191421352798e-03 4.714551192310847960e-02
3.167941531978288872e+00 9.413642387447667126e-01 6.912891149535556679e+01 2.252238875935666518e-02 1.229664676765530595e-01 4.518637186557750846e-02 5.066122389295449335e-02
3.118371324933545186e+00 9.309750430969084833e-01 6.894660160172928443e+01 2.243124769912495028e-02 1.210501813089008422e-01 7.314314385871936719e-02 6.066705812944838544e-02
3.171708789921694471e+00 9.745730144642331672e-01 6.852885912605513852e+01 2.216160467132119102e-02 1.186757540108341058e-01 1.819513649540161968e-02 4.671738375925362646e-02
2.802680288543964338e+00 9.331401129614689260e-01 6.844172476407933914e+01 2.210797920924875704e-02 1.210548797081530265e-01 7.733067139041188698e-02 3.030611815806620590e-02
2.985369545245994072e+00 9.692783555880020163e-01 6.836522447022436211e+01 2.254647427400513840e-02 1.179833920626289362e-01 5.805287017931895499e-02 6.066918160866626580e-02
2.948934369434797365e+00 9.659762520603865088e-01 6.891205614746318986e+01 2.227041802912036947e-02 1.183335412627443406e-01 7.325398893467825745e-02 6.161826760635272932e-02
3.018986185643123488e+00 9.097524173761371014e-01 6.886024269113163143e+01 2.217072325134605837e-02 1.223139079533289847e-01 9.163491765141229192e-03 6.566380648773148532e-02
2.985674902263744990e+00 9.809337327188683009e-01 6.993250574415819187e+01 2.252616153710733024e-02 1.271448070622970272e-01 1.093120496336120843e-02 2.507676550344257321e-02
2.946835585625672937e+00 9.228125097407979816e-01 6.877032674246495958e+01 2.229416849689135061e-02 1.166974800313263644e-01 5.022035458221958681e-02 7.576597915424082563e-02
2.861120825103947052e+00 9.285563233719492660e-01 6.853973242344267192e+01 2.232927328677540915e-02 1.134374538087577766e-01 6.852897319588975578e-02 3.199771540279227472e-02
2.869116599536913448e+00 9.511098358055353197e-01 6.822704168294670524e+01 2.241376784678922318e-02 1.129561242025700352e-01 9.249492221306879203e-02 1.408501189154734434e-02
3.022723530534562997e+00 9.253631204034664659e-01 6.836993166792349541e+01 2.223872197247444074e-02 1.117869421220676063e-01 4.330637739714378320e-02 6.237409367981965047e-02
2.941482972676410679e+00 9.527597328507153573e-01 6.911923602086147866e+01 2.243607676600244127e-02 1.228313608624087283e-01 9.609176680961468986e-02 2.204682815198974813e-02
3.122237574354414402e+00 9.434432745588215985e-01 6.949160903991977989e+01 2.231793728807594454e-02 1.236912653124059430e-01 1.223926784819713391e-02 1.891566299053113603e-02
2.999734214057939941e+00 9.926099642079468932e-01 6.798610707745135073e+01 2.229860806597049744e-02 1.144489516907960802e-01 1.673203915555043775e-02 6.666188739077157088e-02
3.162261383347702015e+00 9.971497227127833485e-01 6.829466780445952168e+01 2.246930866251299966e-02 1.184440578147423900e-01 7.123845514967527826e-02 4.743860665335082605e-02
2.849330073728224555e+00 9.413831371285028560e-01 6.885789730032385592e+01 2.236825723295649687e-02 1.221966407533374571e-01 8.794655393581635172e-02 7.325820706203431398e-02
3.050932943803806641e+00 9.864247233427287931e-01 6.846693745457044145e+01 2.246872851934959489e-02 1.127889218458969084e-01 9.359108032183864612e-02 6.212521193973990358e-02
3.049233431632658586e+00 9.101661214918769227e-01 6.905097661306304246e+01 2.217849666742262651e-02 1.173399704534719978e-01 1.175256699289865120e-02 2.344202663026818956e-02
3.050007404287492729e+00 9.035227161317278544e-01 6.896058875329323712e+01 2.247984827079801962e-02 1.214088952493056206e-01 4.803540604072480819e-02 5.585828690836668747e-02
2.908293136809888768e+00 9.057781029179434729e-01 6.804249263026541428e+01 2.204622566430182104e-02 1.107113943444320153e-01 7.495646239659300991e-02 1.689916426575331643e-02
3.052114660733080242e+00 9.619563628871773409e-01 6.908750797889935313e+01 2.249532634361138886e-02 1.233030737962483026e-01 4.557539135659754992e-02 1.791464223293503383e-02
2.917522564381248351e+00 9.289321994470591815e-01 6.850501816774905706e+01 2.253706399980752104e-02 1.153665566843341261e-01 9.830651838390178088e-02 7.135585286900016089e-02
3.162257524725232916e+00 9.437089390084945073e-01 6.780257046118634889e+01 2.206171337941918373e-02 1.115315576635294570e-01 4.679070202182394889e-02 2.605527548026895235e-02
2.932748227376658523e+00 9.807599899118577547e-01 6.791775833215659475e+01 2.218664492226855856e-02 1.177493522329976505e-01 8.377894497546102548e-02 3.840132893845206452e-02
2.889934311288841151e+00 9.702336851811906859e-01 6.852693158781001159e+01 2.221355066826574687e-02 1.209220918719836474e-01 8.186532015610613333e-02 6.800186139639535776e-02
3.006304007276300982e+00 9.439809846323777842e-01 6.798983427066204399e+01 2.201377109070597887e-02 1.155520179635577682e-01 2.339249416675271559e-02 2.051892083818072920e-02
3.138657258080025159e+00 9.877473330394713757e-01 6.786532547992447917e+01 2.214812430209706084e-02 1.155392558544322407e-01 8.929281152078771822e-02 4.956997242116130409e-02
3.137306349293923269e+00 9.349677418552104768e-01 6.916052030809430562e+01 2.251324867887675996e-02 1.153421485572213162e-01 2.942494859762671139e-02 3.743649185088977760e-02
3.112398372363720522e+00 9.699493620740318178e-01 6.937534364723953217e+01 2.207028888305594475e-02 1.272927091812149081e-01 1.629881822608312408e-02 2.991220243995273975e-02
3.099387251896599693e+00 9.929848486505976624e-01 6.801610544553446402e+01 2.204951938016811580e-02 1.139226352785778079e-01 4.734085444465496034e-02 4.865179283212499317e-02
2.865832075884272800e+00 9.762054914260250849e-01 6.814006808056275588e+01 2.212474786101751439e-02 1.212285379582298400e-01 2.781568670576126806e-02 3.968010715276076850e-02
2.977809532949477145e+00 9.147385876760778523e-01 6.809533448750764251e+01 2.218475964760012464e-02 1.147166127629294929e-01 8.513446379450412271e-02 1.750818269047240902e-02
2.922540332275842534e+00 9.306870060621974527e-01 6.850879180911908861e+01 2.256481900513496175e-02 1.192233738935887660e-01 8.484175771756292950e-02 7.241964333179282121e-02
3.182217297361228603e+00 9.868315629362440777e-01 6.856229081821672366e+01 2.249475180574083549e-02 1.206498055365936850e-01 7.579922253341653260e-02 3.099484230033715260e-02
3.043988823826703438e+00 9.103095539984276119e-01 6.841254175485134681e+01 2.220608256143385972e-02 1.168626677527167812e-01 8.649513160863825378e-02 2.643898281299136149e-02
2.808592991409391004e+00 9.176313041396748638e-01 6.842266977467980382e+01 2.222921952442815860e-02 1.177550349127631790e-01 8.883650018069452758e-02 4.466333594656021755e-02
2.932061322841329698e+00 9.754199292353638029e-01 6.825825736788615927e+01 2.209489624648401304e-02 1.121040767778135883e-01 2.119659813135038769e-03 4.813135883495828216e-02
2.887101289369086832e+00 9.397695345687679946e-01 6.919923956362387685e+01 2.236312677943651933e-02 1.146638373194008020e-01 6.782026017575888688e-02 5.007238087932323195e-02
3.049233431632658586e+00 9.101661214918769227e-01 6.905097661306304246e+01 2.217849666742262651e-02 1.173399704534719978e-01 1.175256699289865120e-02 2.344202663026818956e-02
3.053264664984802756e+00 9.322243925356015204e-01 6.899926839309691218e+01 2.225423753942392183e-02 1.190894430516664521e-01 9.949604557858338430e-03 2.574607666948479368e-02
2.982422721598686710e+00 9.116699113954713773e-01 6.925037106587336666e+01 2.251953091651867633e-02 1.207889121223944956e-01 7.240489952171505483e-02 4.484647432558045571e-02
3.072904540884191960e+00 9.825110009058146687e-01 6.920252767326078924e+01 2.247394732827952268e-02 1.198018832973930803e-01 8.133775766005507668e-02 7.828298839289390965e-02
3.074706363673681775e+00 9.532085092028017570e-01 6.867040796503719946e+01 2.208758962226386666e-02 1.247077463841857747e-01 6.195438643344983870e-02 3.598397132329238940e-02
2.903170837601698473e+00 9.584515865672019741e-01 6.920394887318259691e+01 2.233065123249293460e-02 1.194668894142460330e-01 4.142667948952713508e-02 3.483497995903266781e-02
3.115585695974158575e+00 9.094346396188105475e-01 6.894505200044820015e+01 2.240512208681584572e-02 1.220545558617067150e-01 4.136531642006430892e-02 3.888653391919711516e-02
3.131816554567863342e+00 9.825920894663279226e-01 6.881342733228150621e+01 2.252210110236627788e-02 1.206370943831816395e-01 1.339800013599572528e-02 4.912864577794427701e-02
3.134777835045241545e+00 9.976640925706480312e-01 6.784450532167699066e+01 2.248491154202754763e-02 1.123818496906888037e-01 7.733320853939562589e-02 6.023100523136001860e-02
3.014703403883251642e+00 9.435471578215088861e-01 6.892567939492400342e+01 2.237176808432116137e-02 1.258498618019098514e-01 3.575005857045598229e-02 5.601726181895427814e-02
3.014705707177589566e+00 9.997212439504034043e-01 6.885566922818712499e+01 2.207040491658568762e-02 1.163626689466449593e-01 7.713268508898502018e-02 4.611848762625152254e-02
2.894601101105631624e+00 9.871763902610780628e-01 6.908099716984315819e+01 2.242798796258720084e-02 1.162002071316293322e-01 5.652221406390278702e-02 1.525917037282315848e-02
2.920606048628787477e+00 9.800690984632596248e-01 6.935721032236212125e+01 2.259409334880134804e-02 1.245933287433015624e-01 2.062166583259815791e-02 3.470620448889058518e-02
2.813747337635655210e+00 9.538638752478029170e-01 6.881100945533135871e+01 2.246122103760376035e-02 1.100135841421740895e-01 7.605876269746608687e-02 3.101812645745722491e-02
3.030308865244274230e+00 9.825402252975999895e-01 6.953741011301899277e+01 2.253869051600473211e-02 1.199367894177493787e-01 2.643151420026189705e-02 1.574053376642530616e-02
2.838704699681189769e+00 9.684178186778514830e-01 6.833715974360023893e+01 2.234148644457836091e-02 1.168307495019642317e-01 2.087233585644398745e-02 6.663640256107623838e-02
2.982957179999017772e+00 9.195598728722981230e-01 6.809756758387413811e+01 2.207550466794836602e-02 1.166731247779896063e-01 1.186902298061287607e-04 3.694633051149058545e-02
2.903170837601698473e+00 9.584515865672019741e-01 6.920394887318259691e+01 2.233065123249293460e-02 1.194668894142460330e-01 4.142667948952713508e-02 3.483497995903266781e-02
3.166618673516261584e+00 9.382300829899976602e-01 6.871627821403973257e+01 2.211832512800036496e-02 1.181044650858247141e-01 2.089571470066008477e-02 1.948652566729228153e-02
2.981227266043364743e+00 9.525728453936997964e-01 6.890537549858825628e+01 2.212866828715152542e-02 1.188043076845824025e-01 3.495678710141112561e-02 5.326765384322438429e-02
2.921532698706190700e+00 9.461065135287860528e-01 6.836228120514446971e+01 2.207319431228204828e-02 1.170651060223247830e-01 2.656938018922549993e-02 4.457297203756608456e-02
2.911104272159128037e+00 9.062145783039516900e-01 6.828056835116677803e+01 2.202826097898549079e-02 1.126221758580504134e-01 5.621698028306403722e-02 6.151221994815560257e-02
2.828660461703145668e+00 9.325773771283596414e-01 6.854850887051520658e+01 2.259319996864170982e-02 1.157760045513945152e-01 3.320617807776210517e-02 1.891034557989540454e-02
3.187504367281624340e+00 9.405050380372843577e-01 6.845544051811708641e+01 2.211757185042723117e-02 1.153040045896855104e-01 5.747591346714597815e-02 2.911469769497778554e-02
2.935222315039970997e+00 9.270571807168345169e-01 6.893095176887500486e+01 2.205447454730750587e-02 1.159176206432165068e-01 3.790561536782686286e-02 1.820162540831043313e-02
3.012333942346649973e+00 9.815604318642145998e-01 6.808408986811377872e+01 2.212959682068152065e-02 1.147817587585925059e-01 4.868650379435518483e-02 5.112490524101210437e-02
3.061822699734823683e+00 9.356751945041595908e-01 6.890705932525818866e+01 2.241240348012114858e-02 1.182317954947389727e-01 8.315164445354011891e-02 7.909870390283410546e-02
3.031906128854446436e+00 9.594630415001970114e-01 6.802224674352024181e+01 2.219840016294254842e-02 1.115532273065590052e-01 4.372590708897099859e-02 1.894023640636046876e-02
2.992166455001205705e+00 9.822116706914422180e-01 6.894512903429620110e+01 2.233343421753747685e-02 1.131652523759971163e-01 4.891123502466922235e-02 1.041752246974951210e-02
3.187205259993383777e+00 9.602076103660333040e-01 6.885300567516748060e+01 2.202904951234152878e-02 1.207437438078246550e-01 9.725337419781033416e-03 2.090720553196230569e-02
2.925421304434293379e+00 9.502070560248322417e-01 6.841168978605642792e+01 2.255774396156887476e-02 1.148039734666081862e-01 6.777924066469891151e-02 5.010508390701713666e-02
2.954376317607561475e+00 9.764979443005853410e-01 6.843189366182433275e+01 2.238234505269896812e-02 1.167814057064389122e-01 7.342319565857936825e-02 6.761219437292330381e-02
2.986768650482836129e+00 9.167947496251172002e-01 6.900249125452778287e+01 2.218309035039709234e-02 1.203225967493401910e-01 1.176843020435832700e-02 4.123146006305324768e-02
2.952087194980386187e+00 9.900414029925893589e-01 6.808051001025206972e+01 2.230776150060114621e-02 1.104668174766820360e-01 5.690982866981483812e-02 2.832003615348057529e-02
2.962128437548055881e+00 9.326000214646549269e-01 6.848127157338325333e+01 2.227175352964723062e-02 1.135602303689949577e-01 6.186563165212714127e-02 5.091066742236646098e-02
3.113713435273927743e+00 9.150257892367699153e-01 6.876990629724929249e+01 2.255653914869671858e-02 1.170004802585191683e-01 9.773448707920351364e-03 7.403396648605864439e-02
3.114090211601215685e+00 9.799748970880399757e-01 6.871405459511395009e+01 2.245834278063471232e-02 1.204233678535103769e-01 2.654039299758094439e-02 4.007087427677684388e-02
2.927325631461774602e+00 9.054218768530811756e-01 6.822449888617231295e+01 2.215874720805552714e-02 1.132679945416257689e-01 7.445559646087133998e-02 2.830924846401866590e-02
2.993527071782640991e+00 9.478209285370133852e-01 6.809558565717939871e+01 2.205724587114813590e-02 1.113250087056020243e-01 8.211056464513767639e-02 7.859097413812306254e-02
3.139005740010912593e+00 9.697378217454909466e-01 6.772473228592879479e+01 2.200532132504668531e-02 1.179396236332132530e-01 9.482733206506258061e-02 2.814585272751547740e-02
3.098618281498042748e+00 9.443685390597559293e-01 6.892770566999224968e+01 2.224897394264494996e-02 1.251924152323011796e-01 2.715032629816449897e-03 1.873197444931953837e-02
3.145730100949538866e+00 9.354634022745510480e-01 6.888626215382990381e+01 2.243815923279739513e-02 1.198077636698491460e-01 3.584273188434788232e-02 3.213170241745753192e-02
2.982145481784340912e+00 9.676377775840284690e-01 6.922013357195373828e+01 2.217542150447678051e-02 1.236635202463931271e-01 6.500835114198305620e-02 2.730321208645770936e-02
3.127016624776868703e+00 9.438435970341808590e-01 6.878535962911531954e+01 2.205781752409037566e-02 1.220211844227971770e-01 4.219501373621185186e-02 7.501219438817836871e-02
2.977809532949477145e+00 9.147385876760778523e-01 6.809533448750764251e+01 2.218475964760012464e-02 1.147166127629294929e-01 8.513446379450412271e-02 1.750818269047240902e-02
3.105143486489660543e+00 9.465723773849095135e-01 6.861979758216126868e+01 2.201946282420708112e-02 1.176570161071514437e-01 3.388881701475941061e-02 1.342555153883633057e-02
3.004516091062580774e+00 9.013785176000436161e-01 6.874917365754447474e+01 2.240121106717651855e-02 1.154449766142778555e-01 5.248186574184883491e-02 2.536161689341293740e-02
2.910293939422186060e+00 9.803607027949519104e-01 6.870333247381738317e+01 2.238959179771852354e-02 1.104498900516542592e-01 7.692354984332883117e-02 3.424137625483279074e-02
3.016303370471915990e+00 9.662454790676066052e-01 6.904131931813279266e+01 2.259931196410954260e-02 1.195089320543939182e-01 5.036332568279727750e-02 7.587517862367981758e-02
3.167941531978288872e+00 9.413642387447667126e-01 6.912891149535556679e+01 2.252238875935666518e-02 1.229664676765530595e-01 4.518637186557750846e-02 5.066122389295449335e-02
3.016726044952200869e+00 9.059135989985386272e-01 6.821824897314988334e+01 2.226301447728833843e-02 1.148412855145098665e-01 8.332987395472070055e-03 4.611161955472189988e-02
2.947946360234934726e+00 9.601991638813741625e-01 6.806838677026213702e+01 2.206485381699706261e-02 1.164504306244180942e-01 9.382789376870484532e-02 6.199215901207754537e-02
2.884966881142302153e+00 9.272783853903120432e-01 6.841190525380818599e+01 2.229058522199183975e-02 1.129695388813811430e-01 3.307588220605833795e-02 6.166006115009008831e-02
2.969455197058598728e+00 9.698453305153299508e-01 6.867201658078542437e+01 2.231393668040998479e-02 1.173711256396095665e-01 1.882878327508132055e-02 1.128842907980673500e-02
2.864873000572583095e+00 9.865808284652644033e-01 6.818314738854409995e+01 2.216528198276701209e-02 1.105081338446843031e-01 2.836107823786648829e-02 2.847780923969471523e-02
3.150814633926193320e+00 9.429199015639935233e-01 6.896922090222062707e+01 2.257324181714784328e-02 1.265677153110352504e-01 7.003986975863155107e-02 7.840023619743856365e-02
3.136617479406941023e+00 9.062562713645606616e-01 6.803938269810997497e+01 2.226539891208574595e-02 1.180874219151438476e-01 3.586719068713643127e-02 4.747893205953841733e-02
2.853725077179998681e+00 9.146840685087400669e-01 6.908048097869391313e+01 2.254311249007205295e-02 1.153905663362671669e-01 1.301994925262017939e-03 1.031468192630591481e-02
2.992483414888142956e+00 9.792387275631145860e-01 6.804859519063768403e+01 2.210877917516528707e-02 1.159422232004936743e-01 3.627302292325659122e-02 2.572210324517963664e-02
3.134089915041887053e+00 9.909516229089809780e-01 6.859541642667970507e+01 2.219857003351613511e-02 1.114262080252955561e-01 8.843819899840947574e-02 5.492837129428067289e-02
3.099228627426811045e+00 9.251456711274014255e-01 6.899610384609376013e+01 2.222067398883847272e-02 1.205507049750479259e-01 2.150133034494025250e-02 6.776527271228220684e-02
2.965611373561836128e+00 9.916720666112998073e-01 6.937832533484174746e+01 2.247289501448319557e-02 1.224210368653785297e-01 1.816390564962617332e-02 6.145426879238134049e-02
2.858480024932552599e+00 9.665590092635132358e-01 6.944011905776770277e+01 2.240315925783624429e-02 1.167552137907030274e-01 1.765356249542976430e-02 4.321536832998951888e-02
2.815169499496702699e+00 9.839688545604012848e-01 6.891545708216636967e+01 2.225321754246971026e-02 1.237450326861817274e-01 3.791813886416300211e-02 7.376820008846586563e-02
3.120643595407445403e+00 9.124695621669889345e-01 6.873505010867611986e+01 2.253294864351814905e-02 1.145237802026054241e-01 3.622201127777966573e-02 2.379811783510293877e-02
2.898465374679235040e+00 9.779525686300447607e-01 6.845947943724323181e+01 2.209957514278704585e-02 1.122776962461429495e-01 4.810274478598830505e-02 5.012014348096159588e-02
2.816173121218347841e+00 9.236359020237816519e-01 6.832272412035078446e+01 2.239892725645289961e-02 1.136801886987899718e-01 8.731670574723224276e-02 5.082127367475873514e-02
3.070535065513538608e+00 9.977412830489034157e-01 6.869059342370363197e+01 2.247366979225968661e-02 1.170959248882272458e-01 4.668417002574721392e-02 4.903262398876651051e-02
3.149997405148500462e+00 9.841565504043594537e-01 6.911114662406708931e+01 2.220344902067290793e-02 1.194760008620944641e-01 2.193631165625835669e-02 3.756476340431925964e-02
3.088007484517840684e+00 9.088051907853851308e-01 6.839549767338608888e+01 2.204357840861788376e-02 1.176019348452577162e-01 9.689763558478969863e-02 7.445826767378532773e-02
2.934444597436610458e+00 9.379079471672799873e-01 6.814024814727132195e+01 2.251843511484658347e-02 1.117299453951082627e-01 9.518809381281059800e-02 4.263534735616554550e-02
3.137308497769329296e+00 9.574247979565195799e-01 6.805721394776831801e+01 2.227503469915941350e-02 1.164430369097051443e-01 8.508053621916644715e-03 5.732525604474059122e-02
2.943182134777026171e+00 9.367013664077010748e-01 6.910277687294710347e+01 2.235800063425817316e-02 1.237099868286255927e-01 6.492186611944637809e-02 2.178787533621992165e-02
3.049085890185796899e+00 9.236201870379199264e-01 6.905768256144077100e+01 2.222083808579744177e-02 1.214642345914262872e-01 3.016716706892823632e-02 1.758357246416306086e-02
3.053153187047734640e+00 9.661026505838166134e-01 6.941184646672971326e+01 2.245842604403714901e-02 1.220786749203459226e-01 5.198273317254115122e-02 2.641794819131462052e-02
3.047405198035358698e+00 9.212764865843622308e-01 6.851472083337891661e+01 2.205037090420408283e-02 1.182888403498950081e-01 2.639308842323509485e-02 6.496427242980101768e-02
2.813751812380585360e+00 9.048844501548377606e-01 6.895710238949774862e+01 2.258485976621552038e-02 1.206565831460975069e-01 4.110956765160052317e-02 2.689744700137644551e-02
2.840379511024071935e+00 9.501235574904693948e-01 6.843714814597647944e+01 2.204388597504331609e-02 1.162565822548515398e-01 2.647985713658456211e-02 2.719452600963720434e-02
2.849345645622203715e+00 9.688745534643763424e-01 6.876474103061720200e+01 2.223936352256792801e-02 1.190887648161002010e-01 1.278230411528704681e-02 4.952266210208335767e-02
3.180905590189221144e+00 9.777788283151678250e-01 6.851543013725911635e+01 2.222728230477570566e-02 1.259876188594402646e-01 4.497318532966309429e-02 4.803501586767827680e-02
3.124537177090412676e+00 9.677043119193772247e-01 6.900720538495804135e+01 2.214222676901824588e-02 1.168501349846816084e-01 8.488956102135977733e-02 5.925030441169719386e-02
3.110292720459813420e+00 9.063332528204748328e-01 6.959928483213832351e+01 2.246902526412621753e-02 1.175906320899473417e-01 6.870318951974142135e-03 5.979215249362691137e-02
3.075685941858150141e+00 9.466939546826506069e-01 6.924380663446150663e+01 2.255087617226921720e-02 1.258067231809795739e-01 3.959868900006644626e-02 5.465389413450008615e-02
2.935556676478961347e+00 9.214457727400229281e-01 6.934564813867329747e+01 2.244465768466025538e-02 1.172675950273915357e-01 1.220736743100298005e-02 6.255326462720929570e-02
3.103668236008972237e+00 9.324498345956585554e-01 6.863399293878465812e+01 2.207295188301906796e-02 1.118375205374016051e-01 3.944782894505863974e-02 2.715327955642841962e-02
2.810309471814363746e+00 9.810170170056957684e-01 6.845595402314506828e+01 2.228103878970698684e-02 1.180929056872450505e-01 4.491452895440275345e-02 6.813993222234625280e-02
2.995183193239828956e+00 9.040596964998137697e-01 6.896008017245013377e+01 2.241578649331383080e-02 1.180340203317541553e-01 4.192663169494144360e-02 3.399103880861994303e-02
3.191472534779022929e+00 9.668611070053051426e-01 6.913866411605374651e+01 2.238730291635888589e-02 1.207370145204700734e-01 5.818606822206529028e-03 7.637695806232527862e-02
2.854879040695837311e+00 9.187043942203688696e-01 6.965434469827928865e+01 2.252651742484926278e-02 1.190020618029903193e-01 1.241876530939035710e-02 3.313289842270542018e-02
2.813747337635655210e+00 9.538638752478029170e-01 6.881100945533135871e+01 2.246122103760376035e-02 1.100135841421740895e-01 7.605876269746608687e-02 3.101812645745722491e-02
2.912680754396648197e+00 9.841936512451492369e-01 6.831497152898350578e+01 2.246636787419240000e-02 1.159024724881421164e-01 9.990577382809778806e-02 6.222995754442615240e-02
3.008802518592263109e+00 9.697662592647309232e-01 6.874891721825913748e+01 2.213495500219388179e-02 1.234204714551545845e-01 2.382823671111158545e-02 1.877053505390744587e-02
3.121763726430778707e+00 9.755087026830369101e-01 6.827854375029167500e+01 2.219113523304701296e-02 1.177150529569442883e-01 6.732903962886625793e-02 3.223645880453437224e-02
3.006497301264645650e+00 9.209889184579269639e-01 6.845573055249369077e+01 2.231733794144199687e-02 1.164137881884360487e-01 9.233882173635432969e-03 3.458025293527206695e-02
3.005178018081882119e+00 9.201820139878755800e-01 6.862036097019681335e+01 2.238336797339712803e-02 1.176778825231378917e-01 9.824449874481669398e-02 7.374850797915616374e-02
3.122576184415996714e+00 9.118144987295325743e-01 6.853002595371390271e+01 2.217790098957950554e-02 1.222194996015967955e-01 8.698955740981417772e-02 4.922884793269784870e-02
2.826307398758599820e+00 9.066102007653875638e-01 6.844278604028873758e+01 2.219355301743987027e-02 1.113013774755870905e-01 2.453769103264819007e-02 4.984845399782578818e-02
2.993109146590718250e+00 9.508926348005255491e-01 6.829358068630614298e+01 2.201247864914866736e-02 1.207498826787308521e-01 6.074785492905509371e-02 6.066754859269380545e-02
3.089820255009714245e+00 9.721665090001299081e-01 6.889220610112236898e+01 2.221706800612329932e-02 1.204690032442318759e-01 3.938034532726204795e-02 4.802124091928618860e-02
3.088969940181501617e+00 9.957225760474551768e-01 6.895299654233218689e+01 2.229193002668945420e-02 1.182510969269692930e-01 2.858265043323754764e-03 5.527513477346979176e-02
2.800926213226864192e+00 9.771568370064840359e-01 6.846483385507883668e+01 2.205955536869160308e-02 1.127986509492036188e-01 5.336028874945775158e-03 3.598846185981820905e-02
3.081093166372713910e+00 9.014343868466037080e-01 6.946569747069797529e+01 2.257973831500329973e-02 1.205084513962621923e-01 6.885481831537643149e-03 5.235478798536234712e-02
2.827595524552030781e+00 9.468767262127784079e-01 6.869555938731701872e+01 2.229871953861589304e-02 1.213044055647180541e-01 8.835363752213358512e-02 2.180896450020504418e-02
2.970928262638015127e+00 9.858099357157414921e-01 6.845647421019401691e+01 2.218963626364734570e-02 1.180566600874580208e-01 3.625323664518681575e-03 1.537658041597802366e-02
3.022032510775078062e+00 9.955409995361449438e-01 6.757035754495619528e+01 2.204775321101000093e-02 1.187147794705904480e-01 3.481361246388888636e-02 5.095099943734744674e-02
2.917666482548477269e+00 9.425591458661828348e-01 6.847168847189759333e+01 2.221284952543663496e-02 1.114460255426900914e-01 6.235823803262292853e-02 6.900110923204091917e-02
2.959038500142178396e+00 9.155224475821907015e-01 6.867064342794941467e+01 2.231127529722358796e-02 1.168733520567936529e-01 6.265935343165125737e-02 6.448965481768464958e-02
3.047810970775941986e+00 9.783770644509492964e-01 6.888326020729526533e+01 2.226912874296151784e-02 1.216116182003476598e-01 9.278703705465599083e-02 1.084160734939621125e-02
3.163311456144563216e+00 9.806305361849625424e-01 6.912983596948552645e+01 2.206513836227819159e-02 1.299732386712131038e-01 5.760789884032009589e-02 5.688258276023903937e-02
2.941925597893550570e+00 9.198839236046461032e-01 6.836621343166740417e+01 2.258287048693708582e-02 1.153492786949764093e-01 5.335773888154411726e-02 3.872720522789263597e-02
3.054890871628853866e+00 9.127751334010602013e-01 6.911540063564304148e+01 2.229218691698571855e-02 1.246238376658908575e-01 9.645771085640615639e-02 1.022059600669666425e-02
3.096354450237030154e+00 9.964310741651343228e-01 6.833848444714409709e+01 2.218302091909176918e-02 1.209654286234301823e-01 7.590318192996324542e-02 4.732364864503620094e-02
3.196520871408725650e+00 9.152417398930041692e-01 6.901655702145704652e+01 2.242653205770768488e-02 1.160883739500004341e-01 2.149616322249352576e-02 7.826427455286635859e-02
2.834045978371231733e+00 9.890057789601880422e-01 6.821523214988307870e+01 2.210807064815027700e-02 1.174728044453452608e-01 5.674212843497355302e-02 5.000644090041694162e-02
2.977522116329360369e+00 9.016168870417886616e-01 6.814838788762939714e+01 2.200279989631804753e-02 1.112739805758293510e-01 2.008250642758511312e-02 3.941308026243827561e-02
2.981846405344780404e+00 9.335368191043916797e-01 6.889932175766041667e+01 2.253476626725848739e-02 1.178778490416190067e-01 2.429821837141564814e-02 6.891318348958658246e-02
2.903485566358801950e+00 9.344164352697783560e-01 6.867998338176627726e+01 2.242953781098819266e-02 1.208813402331210124e-01 6.573471227341880219e-02 4.575616054243391434e-02
3.065032485552959152e+00 9.956156723057820734e-01 6.885221183204781426e+01 2.258446160284721671e-02 1.120459883981778509e-01 7.257536737141967453e-03 6.103527863903859818e-02
2.800926213226864192e+00 9.771568370064840359e-01 6.846483385507883668e+01 2.205955536869160308e-02 1.127986509492036188e-01 5.336028874945775158e-03 3.598846185981820905e-02
2.859633266418009523e+00 9.106728239471315600e-01 6.876731914079243779e+01 2.200696169198103347e-02 1.245481689769933342e-01 9.672690165873615298e-02 4.636191773868710703e-02
3.012804086486962518e+00 9.236278292370492249e-01 6.900725829789011811e+01 2.241268598857995564e-02 1.180009377568547180e-01 4.223694619690691876e-02 5.744099483020152080e-02
2.946590628712523863e+00 9.561621357099212570e-01 6.820025409673149852e+01 2.215329139909997039e-02 1.177091232986581248e-01 5.846147132925434697e-02 5.808747315829386471e-02
2.904845033850987246e+00 9.416089498543034342e-01 6.820395920127401723e+01 2.206710699052921026e-02 1.159528225820024711e-01 9.739212910119837696e-02 3.374299866030402301e-02
3.054255881340059542e+00 9.289106525266142000e-01 6.875198416273627799e+01 2.235730684006561816e-02 1.293425383572560372e-01 5.478177447777927978e-02 4.127925576394648327e-02
2.880096892782302298e+00 9.521336529672111970e-01 6.865174032480958033e+01 2.244770684994488660e-02 1.191383561651331024e-01 5.735071568815879733e-02 6.125271005104546834e-02
3.131386051485529176e+00 9.819396551011202456e-01 6.842786589419877430e+01 2.242760142184804101e-02 1.166131390085658054e-01 5.054321554712459114e-02 3.041606844100755436e-02
3.050457638089302925e+00 9.496120329498617396e-01 6.896314534878773372e+01 2.258128112247163866e-02 1.230558895422496912e-01 4.025088601548845735e-02 4.842495197892351250e-02
3.187747750173688832e+00 9.899259891101495068e-01 6.850919614726200280e+01 2.208986770351440213e-02 1.149446264530303158e-01 7.483045800915122392e-02 2.504988645721220944e-02
3.185566253833106654e+00 9.599767247441119977e-01 6.901528233317458216e+01 2.234909222943103069e-02 1.168635171638298803e-01 1.634398036299130816e-02 2.584546904132392631e-02
2.988961395716751124e+00 9.304252267648771557e-01 6.878246175670973628e+01 2.224501093650733952e-02 1.143267203254628439e-01 4.197920952726921784e-02 3.134829585184169959e-02
3.151824807226200509e+00 9.550376491252463573e-01 6.865480082831849984e+01 2.223702293560895007e-02 1.183938101719688302e-01 4.985590884464809192e-02 7.196913926630822689e-02
3.096861246756558383e+00 9.548976326086955346e-01 6.828918422854280834e+01 2.204329386320390965e-02 1.210262147121117238e-01 7.374711538650489950e-02 7.164117118812550478e-02
3.114086505000623895e+00 9.821237178565670467e-01 6.908053733768646509e+01 2.223309121245219816e-02 1.166563619744104413e-01 6.200229561830814667e-02 3.542002424426959201e-02
2.898340289518138491e+00 9.451916596666312120e-01 6.876795099269395450e+01 2.259092960608632267e-02 1.175207763953205475e-01 2.369461658346739413e-02 7.918363276915089954e-02
3.075562746056017982e+00 9.831546218473106169e-01 6.793276380616417498e+01 2.214225275578309352e-02 1.160236837837889390e-01 8.996015139817880799e-03 7.632328219887049570e-02
3.068856993135476330e+00 9.306888820106756777e-01 6.854079225030943689e+01 2.241048163493394516e-02 1.146729311668336637e-01 6.005099020777829311e-02 4.796546931718367185e-02
2.990550035582730803e+00 9.051783334343864729e-01 6.896938353843192715e+01 2.251088620484467673e-02 1.154585973472106591e-01 3.017076557378371021e-02 1.541944028494377991e-02
3.199305971927269177e+00 9.374755705046400323e-01 6.781245760293184333e+01 2.203017586874954359e-02 1.112780753339322054e-01 6.601452900173020166e-02 7.299826923674215817e-02
2.984125325456170597e+00 9.651574040813355460e-01 6.902187501921673629e+01 2.237790145337731004e-02 1.248815297776791483e-01 8.703928736999688373e-03 5.888494225884190886e-02
2.936920968730391657e+00 9.353052315754831758e-01 6.866149582566463039e+01 2.217478107219628125e-02 1.190966379568552669e-01 6.966073206679272711e-02 4.642995562451049385e-02
2.821938489233380309e+00 9.908762763116061301e-01 6.855759620788775521e+01 2.252822591722351830e-02 1.120300528479813429e-01 1.964428864706343689e-02 7.306273644056390792e-02
3.121572422625701115e+00 9.908851135465976956e-01 6.857776814044920854e+01 2.244175559000767192e-02 1.151160723626282328e-01 7.706029782668701034e-02 7.349398681035361480e-02
3.044863130213181890e+00 9.762837177155336832e-01 6.828391337463204991e+01 2.200205091113090206e-02 1.187710890088189003e-01 1.989044711239553939e-02 4.287450734032970112e-02
2.979750475468095239e+00 9.322700500418616976e-01 6.899537753361923365e+01 2.235422876869003206e-02 1.145385171895547255e-01 1.685732724058758292e-02 2.476780673880410455e-02
3.100072487276824607e+00 9.382366775858717034e-01 6.892033480817713098e+01 2.236462104161248896e-02 1.170158594332097041e-01 2.185293287180148369e-02 5.431620659443241184e-02
3.025981229930530425e+00 9.888749260148776976e-01 6.891638322978191411e+01 2.233966408098731621e-02 1.192691256940160427e-01 1.498592389954173792e-02 2.025678058670640422e-02
2.966262243254033315e+00 9.811521854717124569e-01 6.893495505966878056e+01 2.248979865560211955e-02 1.182826328733276033e-01 7.360336964844818586e-02 7.977108540445683460e-02
3.131065567108379355e+00 9.297804686798718521e-01 6.877260670065784609e+01 2.214273318381928049e-02 1.169291865238129974e-01 2.494275939065910414e-02 4.843079951725352827e-02
2.881170609998838561e+00 9.501918451901297802e-01 6.872554118506849363e+01 2.222815652437224593e-02 1.195928629791441627e-01 1.446842394238878789e-03 4.770002425074486990e-02
3.130625370668596918e+00 9.291963893221716342e-01 6.828610296440049865e+01 2.203278035309367416e-02 1.207195087129180333e-01 9.108580974863458857e-02 6.327763478119363683e-02
3.062778777633086591e+00 9.001327049537484193e-01 6.831689025361599477e+01 2.233153988043888941e-02 1.166034736267736738e-01 7.127265934590999025e-03 1.500765905090921393e-02
3.157794780145584568e+00 9.224638407353528136e-01 6.887530077436960596e+01 2.214305639549603993e-02 1.206164548127209163e-01 7.487246618629168904e-02 4.966305350941454394e-02
2.973921538671953524e+00 9.860239365942664591e-01 6.851595048621872763e+01 2.226062456180403007e-02 1.141856286582554614e-01 9.208654933488079342e-02 1.522285919164401667e-02
3.158995414789414369e+00 9.690435949140417948e-01 6.882686767705013153e+01 2.228287911459632051e-02 1.237769583279355184e-01 6.825757667861269418e-02 3.123475234907724385e-02
3.186760208283697438e+00 9.268833947241180704e-01 6.896846205582264133e+01 2.229340749407320021e-02 1.198543065802780416e-01 5.527730788010873364e-02 7.626402950606150921e-02
3.183612142920317467e+00 9.613445316227537951e-01 6.836195912120865614e+01 2.211360555599643438e-02 1.205716256803642250e-01 8.680641227706931140e-02 5.029384403945268145e-02
3.063016274109481962e+00 9.033941115652591725e-01 6.833691778827457597e+01 2.250499834888861420e-02 1.133505839764052947e-01 7.727716563779371550e-02 6.979338453210648385e-02
3.158112431038023526e+00 9.152953396970909816e-01 6.839097816822176412e+01 2.240608712873039948e-02 1.166744182680871517e-01 6.671159762381881353e-02 2.460318843387473975e-02
2.947581143961574668e+00 9.545305188120347673e-01 6.913079674756863824e+01 2.242359978473507445e-02 1.216677982091697308e-01 5.898862308191585996e-02 7.474996834229082066e-02
3.129502487272787015e+00 9.219834981521950468e-01 6.848189075078674648e+01 2.214574102106096204e-02 1.157985679726924594e-01 2.287492687127285103e-03 1.382143984582698271e-02
2.863203421814056959e+00 9.803717598617852635e-01 6.824984393198988641e+01 2.218891416264577587e-02 1.140060759666117890e-01 6.256739804160381391e-02 3.023047101225218719e-02
2.957895016212265471e+00 9.902016340990619225e-01 6.840836148019538143e+01 2.252869610236972464e-02 1.169521034201025239e-01 3.329567201145963024e-02 6.079698638162675528e-02
2.922540332275842534e+00 9.306870060621974527e-01 6.850879180911908861e+01 2.256481900513496175e-02 1.192233738935887660e-01 8.484175771756292950e-02 7.241964333179282121e-02
2.855686441847656631e+00 9.996644938565448779e-01 6.842189117824457867e+01 2.202949687675322468e-02 1.143992954314603239e-01 5.591471294359393746e-02 3.805168862612336861e-02
3.086662936724354545e+00 9.720711067968205166e-01 6.875187719816638321e+01 2.253112180519054736e-02 1.186596508254211396e-01 4.383277752780843223e-02 2.349946255875747653e-02
3.018805246416027988e+00 9.231814229495410862e-01 6.897476460238360119e+01 2.243443534103342976e-02 1.198197274895228676e-01 2.017184668164894237e-02 3.350408112428469865e-02
2.800487976175935145e+00 9.175179080040996027e-01 6.874420041573824847e+01 2.247452187305275934e-02 1.199088765921364624e-01 3.321458825102279605e-02 7.106096561235177023e-02
3.149007533828694694e+00 9.633920872233283639e-01 6.861799546554969709e+01 2.220248838932749672e-02 1.178188793710986948e-01 2.753543009297285127e-02 6.951358829117429416e-02
2.828926735347186305e+00 9.451252084014637456e-01 6.820453180524080494e+01 2.225475215641791946e-02 1.203310364850768144e-01 2.454977999159359270e-02 3.899721643352251771e-02
3.137213472003657522e+00 9.434332488661103522e-01 6.908822639840971647e+01 2.242864580416159548e-02 1.294803502555238739e-01 4.998703987398186999e-02 6.624495968911317534e-02
3.172095529977320361e+00 9.255353244715548433e-01 6.917750258368749883e+01 2.247314006247580834e-02 1.203507277209819176e-01 1.022056789623854156e-02 2.138421872473430380e-02
2.963893030772805748e+00 9.916576397378445984e-01 6.887008846571148979e+01 2.217675846586452879e-02 1.146394850511059937e-01 4.203214738414032259e-02 1.718047685277741127e-02
2.909149592179767208e+00 9.132975698073055870e-01 6.926034219314104234e+01 2.255483527600289986e-02 1.250967179612507418e-01 5.403874194993553426e-02 4.466705184279630425e-02
3.004138642643821022e+00 9.711286044530891282e-01 6.853636158109756593e+01 2.244070564958115452e-02 1.210076686040417043e-01 4.434003121634091243e-02 2.681397046805930606e-02
3.084415314112661122e+00 9.326325711478992142e-01 6.854125975603420784e+01 2.206902600242230741e-02 1.134144568604571884e-01 8.251001686104198624e-03 5.130587181828928645e-02
3.115193317099568038e+00 9.410372142622952518e-01 6.932716009830078008e+01 2.209667167943171057e-02 1.168762219167489291e-01 4.329554313708294105e-02 5.790725980918661614e-02
2.962209518842102263e+00 9.777787027678528364e-01 6.859651037534052875e+01 2.204971418486227283e-02 1.226293855601293808e-01 7.104704457442900800e-02 5.462522809020203124e-02
3.186109339830196507e+00 9.763239764817568389e-01 6.972606573832925392e+01 2.234033014687229410e-02 1.250261708178066478e-01 3.494720581419517164e-02 6.342415144822273476e-02
2.838704699681189769e+00 9.684178186778514830e-01 6.833715974360023893e+01 2.234148644457836091e-02 1.168307495019642317e-01 2.087233585644398745e-02 6.663640256107623838e-02
3.002392431283544827e+00 9.249690588680561376e-01 6.869588506360749136e+01 2.235131245616311241e-02 1.197736086215596546e-01 4.810554167846076146e-02 1.014832667448960571e-02
2.940087562627867523e+00 9.727612120889259639e-01 6.875193960230022583e+01 2.251215739798884119e-02 1.210766105420221506e-01 5.788176418473230112e-02 1.887476305851176067e-02
3.004138642643821022e+00 9.711286044530891282e-01 6.853636158109756593e+01 2.244070564958115452e-02 1.210076686040417043e-01 4.434003121634091243e-02 2.681397046805930606e-02
2.999993944109276889e+00 9.254508117861245386e-01 6.869195216701471907e+01 2.245044251671307611e-02 1.208488252070574753e-01 9.690575142071357340e-02 5.590955665377110584e-02
3.015229316701489193e+00 9.102720803492677648e-01 6.821936082296849690e+01 2.223565887317554765e-02 1.151313557134178434e-01 8.273569509478075068e-02 6.572427362515356752e-02
3.074994714269132956e+00 9.150519608044108688e-01 6.859618499765126387e+01 2.255145078801548339e-02 1.118549233337243903e-01 5.683519073527825566e-02 2.995033309974706043e-02
2.974479506108670623e+00 9.445081561389464531e-01 6.832065593436453810e+01 2.211774082343644088e-02 1.123148571017438951e-01 2.806575695316797583e-02 3.187949209868103095e-02
3.115585695974158575e+00 9.094346396188105475e-01 6.894505200044820015e+01 2.240512208681584572e-02 1.220545558617067150e-01 4.136531642006430892e-02 3.888653391919711516e-02
3.023602469933527992e+00 9.647900771611773729e-01 6.867095880477327796e+01 2.223732648486788019e-02 1.269376845632247952e-01 1.036610714014205709e-02 5.719880053026060729e-02
3.116738111865032135e+00 9.253646365249835748e-01 6.838825924832683256e+01 2.217583327804027032e-02 1.177959475656533556e-01 5.865730301769665062e-02 5.504393504492997163e-02
3.104937580158066979e+00 9.896397429097961718e-01 6.938192389608909139e+01 2.239822316412833775e-02 1.246636580758577889e-01 2.663748318321105396e-02 7.787191968640475026e-02
3.186384757542317203e+00 9.060521028259915788e-01 6.976686846191873315e+01 2.221245343416997781e-02 1.223376319376669324e-01 4.352584155603226451e-02 3.127954178739388719e-02
3.081287152084342562e+00 9.332244292524298768e-01 6.864719371064734332e+01 2.234251467526427934e-02 1.201971895434814641e-01 3.465181568706274945e-02 6.745365150898342821e-02
2.974531387130516347e+00 9.355730896657400431e-01 6.858589935693592565e+01 2.209040853842788796e-02 1.264377855315246824e-01 5.600700506198946771e-02 1.493105991720445301e-02
2.971929483775070935e+00 9.276933111004975752e-01 6.885499868761183961e+01 2.250102760209607769e-02 1.255847927897194571e-01 4.600244478160361861e-02 3.406611795626915407e-02
3.014022821198039992e+00 9.391076306608356905e-01 6.910198258246174419e+01 2.235313829489693135e-02 1.142939528121778153e-01 2.830125759156926213e-02 1.059506121785921441e-02
3.046200028289775652e+00 9.910360932980576409e-01 6.858809132892302785e+01 2.224647219244077143e-02 1.125673708526952616e-01 1.528082388746229182e-02 5.499125073511034606e-02
3.089823752950703106e+00 9.603197675572338055e-01 6.904666563521958267e+01 2.217043687301850641e-02 1.188200724338246556e-01 8.361890357170570498e-02 3.156831857329805285e-02
3.130625370668596918e+00 9.291963893221716342e-01 6.828610296440049865e+01 2.203278035309367416e-02 1.207195087129180333e-01 9.108580974863458857e-02 6.327763478119363683e-02
3.185566253833106654e+00 9.599767247441119977e-01 6.901528233317458216e+01 2.234909222943103069e-02 1.168635171638298803e-01 1.634398036299130816e-02 2.584546904132392631e-02
3.196576137081697411e+00 9.342180415053144005e-01 6.806386082179533048e+01 2.202517832323403618e-02 1.132845128212708607e-01 2.251216513032788802e-02 4.776774245855556350e-02
3.094774411548132598e+00 9.583525367075931278e-01 6.897947713358546196e+01 2.216024637239421419e-02 1.178134588139760491e-01 4.596100178248108646e-03 4.372344105139214232e-02
3.018986185643123488e+00 9.097524173761371014e-01 6.886024269113163143e+01 2.217072325134605837e-02 1.223139079533289847e-01 9.163491765141229192e-03 6.566380648773148532e-02
3.120719519266780484e+00 9.949959849920495536e-01 7.016579997360884136e+01 2.236400052223900051e-02 1.253752181844060010e-01 6.374810135981731629e-02 4.753117665307235451e-02
3.020184211345754655e+00 9.863093624100464085e-01 6.820614081475129353e+01 2.201319213450696199e-02 1.135545764302191285e-01 5.938590287583021127e-02 2.668752456420243196e-02
2.931491073941795200e+00 9.769498480249899641e-01 6.859456269009581320e+01 2.235699156447196190e-02 1.206874074038333661e-01 5.827076142905243672e-02 6.526835247809754936e-02
2.949489110842346662e+00 9.349660331225599919e-01 6.896683017304079044e+01 2.221415540879206549e-02 1.187486846185245859e-01 3.376305239167658873e-02 3.537054861222408558e-02
3.185612595273755954e+00 9.761973688069642829e-01 6.816089164107189902e+01 2.207832948139158355e-02 1.116678692464763006e-01 8.521752093936968420e-02 7.585067517086319100e-02
3.066433426027701081e+00 9.436128199303884800e-01 6.883364504366984704e+01 2.201908698843261375e-02 1.243232995582186085e-01 6.068573544296785444e-03 2.939743004355429429e-02
2.850318816063237115e+00 9.065995675847627888e-01 6.852774445442948092e+01 2.253889231509415350e-02 1.131198148571846557e-01 8.874497098252312477e-02 1.751173294837260128e-02
2.875964129007984038e+00 9.529529532858406204e-01 6.861933124161897979e+01 2.215860933500462052e-02 1.163175174304239973e-01 1.512030345943582432e-02 4.012803833092015021e-02
3.118129759649911570e+00 9.196696160637581885e-01 6.820197820551700829e+01 2.244577030973912007e-02 1.135179777862204975e-01 5.548609926890596400e-02 4.473972858524832841e-02
2.947975932963296852e+00 9.026745364052088938e-01 6.835191395156547856e+01 2.244243329310028484e-02 1.167606806648902734e-01 8.379530732273134108e-02 7.269087234302873402e-02
2.898221758409809112e+00 9.528818259742513064e-01 6.894882909914798574e+01 2.254479607633753241e-02 1.198951071267712054e-01 2.448307913727298946e-02 7.565027818069364196e-02
3.058257194132994350e+00 9.201607598478387384e-01 6.861915129270657587e+01 2.231080328222356801e-02 1.180348762278183999e-01 5.618467516874499357e-02 2.602210791041202620e-02
2.841185150965958695e+00 9.679755405274508284e-01 6.784412417606584711e+01 2.219623484884775469e-02 1.149395102066608221e-01 1.345121324002218784e-04 4.188711071902626037e-02
3.171082285771531950e+00 9.845051892075836752e-01 6.852380801743846916e+01 2.219695962356508026e-02 1.146042535345032781e-01 5.174242414258754114e-02 4.712911935509295908e-02
2.895968616974375021e+00 9.381515311735613150e-01 6.867072918391906455e+01 2.224979977191560848e-02 1.194695360492323277e-01 4.382453329250199370e-02 6.035125468359220369e-02
3.177084059416501294e+00 9.154235599710486282e-01 6.847548522707805319e+01 2.212517803432962823e-02 1.158638064176765459e-01 5.761786987945366478e-02 5.407257401041243999e-02
2.844240038864209730e+00 9.901313739272987746e-01 6.801014767468680589e+01 2.208895275762758070e-02 1.210742909696981007e-01 6.175807682033993690e-02 5.272850391896080624e-02
3.179076282514144758e+00 9.493517788511635080e-01 6.847542380173358367e+01 2.244484173664923130e-02 1.100602250814061572e-01 3.030537027526630789e-02 6.909458510935694020e-02
2.818870986886501395e+00 9.845012037495318724e-01 6.902564165371927629e+01 2.240087569100498305e-02 1.257618500459390665e-01 7.408443270233178515e-03 3.015126933527891018e-02
2.873571978407728711e+00 9.799189828971083260e-01 6.871845137622293009e+01 2.231275676392334081e-02 1.203690155195232953e-01 6.060618581623859052e-02 1.089676557333682690e-02
2.982916263474681529e+00 9.033489722576792946e-01 6.921056510800073625e+01 2.258063359930102473e-02 1.225113984185851879e-01 7.158775517755414097e-02 4.145517144143014837e-02
2.825948087715097756e+00 9.922430534350183962e-01 6.818694717126486182e+01 2.244815441484511800e-02 1.159920430121603452e-01 9.560514672215697507e-02 2.512930893528343007e-02
3.046487471557963733e+00 9.131530776469496402e-01 6.868428369625510754e+01 2.249440432699253631e-02 1.123698021230139094e-01 9.150629354744124755e-02 3.093500463708956372e-02
2.835491484263595208e+00 9.971423625181684569e-01 6.847934616442887545e+01 2.251585997590484223e-02 1.239723870738386469e-01 3.817082489323907896e-02 4.341862152939171549e-02
3.115205174158230061e+00 9.238864354730228490e-01 6.911239171209427923e+01 2.236204654785502871e-02 1.197679776161718890e-01 4.987260221630412244e-02 1.503546563353869159e-02
2.829199143149682349e+00 9.593660932864487290e-01 6.855856664168092607e+01 2.238250037618665436e-02 1.156070308035661576e-01 7.520330756009506457e-02 5.748479607423780113e-02
2.988961395716751124e+00 9.304252267648771557e-01 6.878246175670973628e+01 2.224501093650733952e-02 1.143267203254628439e-01 4.197920952726921784e-02 3.134829585184169959e-02
2.837132681023219138e+00 9.674169833409040908e-01 6.878027703576569252e+01 2.254944554895982681e-02 1.116571603639682358e-01 8.270519733006528873e-02 1.386887513419758633e-02
2.891677276053047585e+00 9.994433165840226341e-01 6.827681206478457909e+01 2.200693329246258129e-02 1.179080791563627828e-01 1.485491242794128620e-02 3.219364861536253702e-02
2.964217289509481823e+00 9.086733695972449842e-01 6.939036555173876764e+01 2.256580170790429066e-02 1.153357794168021061e-01 1.241770320098011318e-02 2.465673341180999248e-02
3.008802518592263109e+00 9.697662592647309232e-01 6.874891721825913748e+01 2.213495500219388179e-02 1.234204714551545845e-01 2.382823671111158545e-02 1.877053505390744587e-02
3.051375526916582981e+00 9.454272975686021097e-01 6.819147862299023188e+01 2.219102845842816502e-02 1.200315117533322928e-01 8.813792639846207422e-02 4.515658773043045027e-02
3.185856281458687711e+00 9.424164379312778284e-01 6.901550363454455805e+01 2.220824024295454599e-02 1.167721800314463904e-01 9.473674043802554623e-02 7.518698691682899893e-02
3.172095529977320361e+00 9.255353244715548433e-01 6.917750258368749883e+01 2.247314006247580834e-02 1.203507277209819176e-01 1.022056789623854156e-02 2.138421872473430380e-02
2.898465374679235040e+00 9.779525686300447607e-01 6.845947943724323181e+01 2.209957514278704585e-02 1.122776962461429495e-01 4.810274478598830505e-02 5.012014348096159588e-02
2.934444597436610458e+00 9.379079471672799873e-01 6.814024814727132195e+01 2.251843511484658347e-02 1.117299453951082627e-01 9.518809381281059800e-02 4.263534735616554550e-02
2.930756452709551318e+00 9.311888791274279820e-01 6.894765538126586080e+01 2.218549941685218213e-02 1.150566301504295647e-01 5.030122168456369058e-02 7.836959141905305848e-02
3.046487471557963733e+00 9.131530776469496402e-01 6.868428369625510754e+01 2.249440432699253631e-02 1.123698021230139094e-01 9.150629354744124755e-02 3.093500463708956372e-02
2.985738219500359669e+00 9.297013388373641662e-01 6.837986132847034071e+01 2.210739759615243730e-02 1.160577563241509957e-01 3.207504467185621350e-02 1.665991019026039077e-02
3.166086763606414944e+00 9.909559705527408724e-01 6.880515962295062593e+01 2.247646720339809001e-02 1.194731181049356050e-01 9.756758784853139521e-02 5.895571609501418231e-02
3.150134954092787876e+00 9.035876011381481776e-01 6.841682324256979086e+01 2.231982767255391228e-02 1.169543526031283920e-01 9.401340588060974612e-02 1.659508838571606762e-02
2.903960980827450911e+00 9.758245836863984612e-01 6.819644507431532077e+01 2.232953837074072925e-02 1.184518674046898118e-01 1.957514303693329641e-02 4.018020377135477633e-02
3.162048155499087354e+00 9.734675647707301538e-01 6.873762824799771920e+01 2.226167154693660388e-02 1.132238245972741475e-01 8.305354345219387313e-02 7.912162040634261595e-02
3.042105448405860280e+00 9.232378777142655757e-01 6.855165264352092436e+01 2.256094403464768000e-02 1.117823385202682818e-01 4.180624814921293092e-02 1.917087833189584645e-02
2.978877063824986404e+00 9.454562802250047193e-01 6.820227357502410825e+01 2.201546303849907099e-02 1.139397560514298080e-01 4.386964562603834321e-03 3.447641461763939486e-02
3.020128775245649599e+00 9.003804230759948624e-01 6.780467491806713554e+01 2.202569383164844005e-02 1.162273518231363156e-01 1.750622474795717962e-02 3.378620388353745230e-02
3.028851980073836714e+00 9.318921258249914796e-01 6.862538820912084248e+01 2.221444164480707723e-02 1.213173842476334280e-01 8.122285905559149810e-02 7.652796976910390681e-02
3.169967181916222287e+00 9.844454107351822136e-01 6.802644599543543791e+01 2.214327991926004838e-02 1.120909778815056268e-01 9.749160249116242682e-02 3.291740251082277829e-02
3.096354450237030154e+00 9.964310741651343228e-01 6.833848444714409709e+01 2.218302091909176918e-02 1.209654286234301823e-01 7.590318192996324542e-02 4.732364864503620094e-02
2.908349157618854264e+00 9.312027079250475570e-01 6.860310700796139827e+01 2.203563023018196426e-02 1.159865328090870645e-01 6.358988539997860456e-02 5.923387450435294715e-02
2.800667035036778163e+00 9.979713504122076362e-01 6.852478097279019664e+01 2.256502271246389399e-02 1.175011278835803169e-01 2.115602020612820933e-02 4.974018216552149318e-02
3.027734554626874353e+00 9.287552639215204131e-01 6.797962351853217911e+01 2.211972310550211485e-02 1.137502715055369734e-01 1.239128640137877706e-02 1.817157779563602360e-02
2.957601613034936072e+00 9.454164202933676986e-01 6.868112704703135307e+01 2.233666639698607057e-02 1.126281411990779635e-01 9.832602070452491072e-02 5.805291278148873302e-02
3.061208465999194051e+00 9.630749393789855839e-01 6.870137432384426290e+01 2.206522489680204716e-02 1.131932120456592139e-01 8.217673906890873847e-02 1.759071150369461919e-02
2.929004557924760110e+00 9.564508513000166134e-01 6.845730957907252900e+01 2.214783240160674710e-02 1.156175860063005378e-01 1.485911455109627591e-02 4.357062814677350321e-02
3.020961324927160963e+00 9.713191604255427825e-01 6.926425556609450496e+01 2.258835107192637762e-02 1.193400954257446689e-01 1.745573540499442342e-02 2.275267322098306622e-02
2.959239456305077454e+00 9.197681857423949392e-01 6.859054924853025170e+01 2.225491472225647402e-02 1.217693173863370615e-01 6.105368017398903752e-02 3.678954132115804659e-02
2.862802663902768607e+00 9.060736367880449782e-01 6.913716484427001774e+01 2.259083560513658329e-02 1.202663900359328825e-01 7.156814645341001702e-02 2.852297455725386066e-02
3.106281942453701816e+00 9.024452875388049300e-01 6.905695089130921360e+01 2.220088757724395651e-02 1.163565090842938327e-01 2.374600250950963456e-02 5.934225697133611171e-02
2.912200886190261073e+00 9.031573623208694057e-01 6.802464932681158416e+01 2.202247307360481049e-02 1.226149316864043326e-01 7.119911276281379320e-02 3.038395297559667863e-02
3.177872628681407630e+00 9.979385636419783046e-01 6.840139324114748831e+01 2.243773028256084573e-02 1.129743128444876399e-01 7.054195213811857712e-02 3.065825218235198463e-02
2.848910027557010061e+00 9.836506898645785979e-01 6.859440023239365303e+01 2.244907966042791053e-02 1.124147043221334769e-01 9.971893406171579433e-02 3.002134714923463538e-02
3.195972208187798369e+00 9.618947553181852461e-01 6.836672923953865677e+01 2.241204922719947090e-02 1.156084187185330708e-01 6.408450273770656402e-02 2.397345705308379094e-02
2.840269048508347272e+00 9.822403163476880472e-01 6.864317142716350872e+01 2.215892633162119124e-02 1.164264761024892542e-01 9.495420947229128716e-02 4.027175162103362877e-02
3.067071722018838820e+00 9.421230294248691406e-01 6.817129595165573619e+01 2.235962122872748106e-02 1.147272617530924743e-01 1.273783683352970424e-02 2.415833641523667391e-02
2.822671292520983144e+00 9.871307557433820490e-01 6.941308729193193017e+01 2.237312592195629321e-02 1.249363748081876446e-01 8.899646154911365625e-02 4.361288033189858471e-02
2.834137703495013039e+00 9.179933087541635173e-01 6.831613414849246624e+01 2.231457820856383445e-02 1.149370724122135701e-01 9.587383133494567500e-02 6.407824187127587889e-02
3.137306349293923269e+00 9.349677418552104768e-01 6.916052030809430562e+01 2.251324867887675996e-02 1.153421485572213162e-01 2.942494859762671139e-02 3.743649185088977760e-02
2.855686441847656631e+00 9.996644938565448779e-01 6.842189117824457867e+01 2.202949687675322468e-02 1.143992954314603239e-01 5.591471294359393746e-02 3.805168862612336861e-02
3.193719450818325534e+00 9.066119592193723209e-01 6.894104678222895188e+01 2.251148756383048941e-02 1.176719470315387428e-01 3.593542577761466711e-02 1.275535651323479736e-02
3.187798233627500810e+00 9.830752592211522423e-01 6.936669803447914262e+01 2.206240298506202679e-02 1.169616455218622231e-01 2.338623032187980757e-03 3.469599512662292079e-02
3.116646882380356587e+00 9.124959629011257789e-01 6.866200355867350424e+01 2.208544513536740000e-02 1.130743661290127544e-01 2.742984103407417745e-02 1.015022130137735630e-02
3.008258445455294083e+00 9.133469374740853519e-01 6.831801417131421772e+01 2.237032419311818163e-02 1.132259668379025502e-01 8.906109989899374524e-02 5.422802130694275025e-02
3.144839950619387370e+00 9.050733504735779533e-01 6.799120996403479467e+01 2.244392610484078482e-02 1.117726808136430550e-01 1.909763387423144693e-02 4.160213366733134938e-02
3.000834748805358831e+00 9.134175456348949673e-01 6.803589687204028280e+01 2.202720828903559705e-02 1.127901178797262316e-01 2.854570239098067758e-02 7.340184601053956204e-02
2.992691685470932672e+00 9.091320278103266483e-01 6.892347190375392074e+01 2.249946782133226478e-02 1.189402669584185696e-01 8.116838475353874149e-02 2.531533135223199699e-02
3.161267155320441002e+00 9.123123737634022401e-01 6.832650695131266616e+01 2.219821991665918426e-02 1.132885546374748642e-01 6.869025696873741482e-02 4.341879995088780003e-02
3.104847136812804553e+00 9.785014526856018469e-01 6.902217113511690627e+01 2.238318181843900606e-02 1.198294671552515706e-01 7.424527760999417858e-02 2.964131058014071729e-02
3.008105594725935195e+00 9.444859269625309750e-01 6.872574380255774429e+01 2.241421889317800689e-02 1.173174931380270569e-01 4.820811371228953673e-02 6.532819764831540588e-02
3.170177665322994276e+00 9.028648429286040278e-01 6.818833767171575744e+01 2.201752518928504557e-02 1.247007599900811781e-01 9.924005235644973999e-02 7.276466642882185865e-02
2.857607093082720429e+00 9.005483524366691972e-01 6.844007938615061448e+01 2.246060003348315445e-02 1.119534983605201400e-01 4.341428324973095783e-03 2.904994891510871702e-02
2.914276877691750034e+00 9.203705781003170827e-01 6.898624852624931236e+01 2.242097796761801515e-02 1.216204715348558202e-01 7.850012862687842652e-02 3.342618364112421442e-02
3.055364390642344663e+00 9.272101609091266683e-01 6.883073841764844758e+01 2.215208100466994900e-02 1.176991986432189552e-01 1.492519390843265008e-02 2.619293101278091784e-02
2.847059641189930268e+00 9.096999885153739251e-01 6.868573863435716476e+01 2.241805744409342688e-02 1.178418488463365416e-01 7.507965740032221391e-02 6.652807748127186060e-02
2.801544337433988563e+00 9.524690697654017990e-01 6.926106597733448211e+01 2.219769132343020826e-02 1.214394437261538950e-01 5.850313448921149601e-02 7.184955198420291123e-02
3.170912027182630766e+00 9.641698264208493629e-01 6.896038796134529036e+01 2.209565753677358857e-02 1.145124313953167217e-01 9.923637835143384912e-04 3.227166100579827862e-02
3.159146548117902853e+00 9.016142923362950867e-01 6.884055794633697190e+01 2.225444836792108208e-02 1.244756725042104190e-01 3.464209543842088762e-02 7.761795895699713510e-02
2.972437316592638545e+00 9.918019734127357934e-01 6.839502799884168383e+01 2.259657678879021386e-02 1.122526011115224653e-01 5.366592007032489064e-02 7.776361204506104796e-02
3.026793173214246568e+00 9.775267854113018906e-01 6.921650759351059889e+01 2.203171221194284712e-02 1.251852291790566674e-01 6.666573320663732316e-02 6.298417043753193334e-02
2.826008676855475521e+00 9.385255232063569597e-01 6.876246746434668466e+01 2.219802874486824160e-02 1.215265434612426976e-01 1.010800520932929672e-02 1.082352315828973705e-02
3.115585695974158575e+00 9.094346396188105475e-01 6.894505200044820015e+01 2.240512208681584572e-02 1.220545558617067150e-01 4.136531642006430892e-02 3.888653391919711516e-02
3.088619653271534204e+00 9.572489208373398117e-01 6.844272313487655879e+01 2.217606785206883632e-02 1.181393072319505549e-01 9.307763444123795527e-02 2.262519929356887269e-02
3.047752850252411605e+00 9.334020471597390678e-01 6.819804045765545197e+01 2.205800669910533071e-02 1.245088799672114943e-01 8.245486905439508574e-02 4.326931171834892675e-02
2.868973963653984161e+00 9.868011365348854369e-01 6.936962850353208410e+01 2.243536229565921969e-02 1.149988353484550918e-01 7.568564721073967050e-02 1.143831329601604010e-02
2.932511802017839120e+00 9.028499960457242457e-01 6.845360857990971226e+01 2.200981472343251436e-02 1.109911453548071969e-01 3.644229599034130157e-02 1.198861194364274005e-02
2.938343882620900960e+00 9.389695053127689039e-01 6.853562414203635456e+01 2.239056849170450655e-02 1.173001412242087454e-01 9.458592143581975864e-02 4.256807553096429025e-02
3.107443423350834344e+00 9.571068064437937561e-01 6.869963721297320092e+01 2.213699338603283481e-02 1.137461543564021044e-01 1.694900649235930911e-03 5.976665450871002788e-02
3.011566415343341241e+00 9.164509716186801658e-01 6.900550399409927138e+01 2.248175040758315299e-02 1.126340930652190153e-01 1.089752406087570770e-02 1.504294944459032626e-02
3.164090369404471748e+00 9.626384284716947848e-01 6.865242148432274405e+01 2.227313359989084238e-02 1.278823309517880813e-01 5.617769468443203906e-02 5.208070697650794140e-02
2.855378443356142881e+00 9.579335673718096800e-01 6.861165538001603181e+01 2.224256788257701623e-02 1.151245724264680498e-01 5.643372447977636208e-02 5.069598211213337258e-02
2.818870986886501395e+00 9.845012037495318724e-01 6.902564165371927629e+01 2.240087569100498305e-02 1.257618500459390665e-01 7.408443270233178515e-03 3.015126933527891018e-02
2.912638365760726433e+00 9.434035143289332126e-01 6.782799281251014634e+01 2.204686653404885205e-02 1.157825199746135014e-01 1.144050330666189844e-02 4.166253277242380065e-02
2.966176518003511120e+00 9.211121755610104378e-01 6.909812870200227053e+01 2.208124910622536602e-02 1.203138618524181719e-01 3.401624249945001122e-03 1.159151587746904896e-02
2.947531965540466814e+00 9.914927850489445582e-01 6.938636677072435077e+01 2.230638046811477676e-02 1.233031171932601477e-01 9.442580426737391674e-02 6.042571988096855085e-02
3.167941531978288872e+00 9.413642387447667126e-01 6.912891149535556679e+01 2.252238875935666518e-02 1.229664676765530595e-01 4.518637186557750846e-02 5.066122389295449335e-02
3.087045096657503596e+00 9.533417120060073691e-01 6.806893437099066091e+01 2.206246669881507111e-02 1.192376998771872559e-01 2.410311334229355007e-02 5.395065469374263345e-02
2.907376300715784012e+00 9.666416477659067752e-01 6.845935061058490589e+01 2.201206952251201152e-02 1.178233871963336871e-01 3.884428565668968103e-02 2.375898138863602807e-02
2.943510194407788383e+00 9.626620217525658774e-01 6.860261283939726695e+01 2.223506358030536215e-02 1.137065614523536244e-01 4.490398685871326012e-02 1.845825220955766427e-02
2.815169499496702699e+00 9.839688545604012848e-01 6.891545708216636967e+01 2.225321754246971026e-02 1.237450326861817274e-01 3.791813886416300211e-02 7.376820008846586563e-02
2.809376675819499347e+00 9.823393084704865608e-01 6.830920904711760500e+01 2.220925605533325201e-02 1.145795694674351523e-01 7.865197445704211199e-02 5.772974157016416002e-02
2.994084042545262392e+00 9.628699391129511564e-01 6.940516892345770827e+01 2.248355391344254717e-02 1.179327444711777695e-01 4.006950355930867513e-02 2.743952517509964939e-02
3.108603002234763490e+00 9.201684705153252430e-01 6.902694493137532561e+01 2.232150718107871537e-02 1.217808398091382860e-01 8.809446827773459877e-04 2.005914259426927818e-02
3.063079564910818231e+00 9.880726768863891118e-01 6.791717759146560240e+01 2.224912824512840018e-02 1.155371033832557626e-01 8.729869244946024398e-02 6.873821820949435613e-02
3.063079564910818231e+00 9.880726768863891118e-01 6.791717759146560240e+01 2.224912824512840018e-02 1.155371033832557626e-01 8.729869244946024398e-02 6.873821820949435613e-02
3.192334023529422193e+00 9.153558389944667084e-01 6.848109067643594017e+01 2.205126898951174572e-02 1.134543224855185384e-01 7.896312586260630095e-02 3.667885683884269249e-02
3.040279751740985414e+00 9.595403825528885378e-01 6.833333811339679187e+01 2.211994816103616049e-02 1.122362911880025044e-01 8.853085373628528931e-02 5.353227003144298696e-02
3.013143966359232984e+00 9.361366780767119700e-01 6.915729602086308603e+01 2.216982147826744229e-02 1.249062832725840871e-01 8.523344270581812571e-03 1.064768593045329649e-02
3.050469857850469424e+00 9.662948396175573551e-01 6.888340568454827917e+01 2.238202983667943874e-02 1.293211674550376611e-01 4.824582316024827316e-02 2.590932591539258506e-02
2.854381371187324934e+00 9.008632145132482449e-01 6.876516497572062292e+01 2.243857955540561055e-02 1.133103910146536358e-01 5.407316806262435493e-02 4.382114094346727801e-02
2.985327433244223894e+00 9.064444324673628373e-01 6.881645637508395907e+01 2.218882128395854858e-02 1.196519556395516520e-01 5.299492710427866626e-02 5.725542020722503705e-02
2.843046310901732987e+00 9.484699041194137870e-01 6.904550591869976017e+01 2.200424627112009326e-02 1.295983040695018740e-01 8.191913847674547888e-02 6.906449674635399549e-02
3.018424731073496847e+00 9.519380617267679812e-01 6.910222372235186583e+01 2.256234167359295884e-02 1.109511160739749813e-01 3.022660210978808312e-02 6.474223174076997045e-02
2.910423091009212371e+00 9.484709659513017588e-01 6.881182194139573483e+01 2.227770336505551993e-02 1.214989833950521902e-01 9.067605803242388685e-02 6.428374583503512762e-02
3.081351453057347811e+00 9.658402733155491138e-01 6.870755331418008893e+01 2.253720531192656903e-02 1.157148202489216293e-01 8.442241504475438141e-02 1.873712727980410969e-02
3.044863130213181890e+00 9.762837177155336832e-01 6.828391337463204991e+01 2.200205091113090206e-02 1.187710890088189003e-01 1.989044711239553939e-02 4.287450734032970112e-02
3.012990458623578505e+00 9.813107112389902742e-01 6.824347936143952609e+01 2.247573809440909370e-02 1.206243264233253509e-01 1.521383108204132917e-02 5.963220891882809599e-02
2.931491073941795200e+00 9.769498480249899641e-01 6.859456269009581320e+01 2.235699156447196190e-02 1.206874074038333661e-01 5.827076142905243672e-02 6.526835247809754936e-02
3.050381929567553385e+00 9.612246246891521517e-01 6.934583258225350733e+01 2.255185877631070077e-02 1.286773148139515321e-01 4.873276622909450753e-03 2.668585287792461097e-02
2.830839511909846173e+00 9.378071128099784159e-01 6.921236643005526901e+01 2.249793811083143288e-02 1.231718747533091241e-01 6.618939366508047768e-03 2.489954985497969814e-02
2.976519904228145386e+00 9.843058337586354511e-01 6.860110521192082444e+01 2.236533674554617643e-02 1.134112476465315572e-01 2.661787133079045534e-02 4.303295001809569198e-02
3.053443479822340656e+00 9.096762290212195845e-01 6.773834529937846582e+01 2.224600028869331073e-02 1.110230077646208180e-01 8.317139327605044263e-02 3.485664366790405810e-02
3.088787504421689700e+00 9.377660333087051159e-01 6.874448914291600943e+01 2.215799936771253517e-02 1.138525933542613167e-01 6.102374545509336307e-02 5.396020366130249712e-02
2.859424338130322152e+00 9.422541565249811235e-01 6.868101606377491919e+01 2.251014135346635428e-02 1.170865225757347222e-01 1.238050175094358024e-02 3.735358786968378392e-02
2.800626431321693310e+00 9.410754495088977656e-01 6.865668161542626535e+01 2.217685727609550878e-02 1.151853206799745566e-01 1.548269964650977881e-02 1.937898449998522871e-02
2.837163871632014889e+00 9.241250215129895862e-01 6.902880266840261925e+01 2.247402739204364119e-02 1.217187792159754312e-01 2.575527433511341086e-02 2.352180390662355139e-02
2.903960980827450911e+00 9.758245836863984612e-01 6.819644507431532077e+01 2.232953837074072925e-02 1.184518674046898118e-01 1.957514303693329641e-02 4.018020377135477633e-02
2.923110468947310192e+00 9.400489637031663737e-01 6.870153986530441159e+01 2.257629552074067597e-02 1.203130482415292885e-01 7.240820194001684751e-02 7.274874282350407562e-02
3.162697319920982686e+00 9.097636651848663991e-01 6.891449964302536557e+01 2.219311854050570396e-02 1.209884725929170624e-01 6.403350808611730019e-03 6.157637110646929646e-02
3.174778311614049553e+00 9.984124595711358907e-01 6.833189772736646717e+01 2.251233892962670180e-02 1.208982534360409783e-01 2.655188852042200849e-03 3.003405890135943390e-02
2.827595524552030781e+00 9.468767262127784079e-01 6.869555938731701872e+01 2.229871953861589304e-02 1.213044055647180541e-01 8.835363752213358512e-02 2.180896450020504418e-02
3.044877231925682270e+00 9.098770735925408859e-01 6.923300389539572564e+01 2.237098548937064418e-02 1.194071557136882483e-01 3.852710481231772649e-02 1.640136091758873788e-02
3.075562746056017982e+00 9.831546218473106169e-01 6.793276380616417498e+01 2.214225275578309352e-02 1.160236837837889390e-01 8.996015139817880799e-03 7.632328219887049570e-02
2.898433343387266437e+00 9.163140771268873941e-01 6.880791657082686186e+01 2.206664450919697609e-02 1.183880562126634617e-01 1.361949044832246394e-02 4.995563154933514716e-02
2.864402085435906020e+00 9.750207368711583111e-01 6.828060452372166367e+01 2.216342833241270738e-02 1.159614185041100698e-01 3.406267065961121610e-02 4.319044255375994318e-02
2.861881677497952303e+00 9.584831353312466273e-01 6.798893622210461274e+01 2.216685360044443401e-02 1.134548033842472659e-01 6.937658449781355929e-02 4.187348676257388047e-02
2.992541120429455415e+00 9.095472765762853129e-01 6.857824936956885153e+01 2.223932712772589554e-02 1.189395308789278349e-01 8.749625341909084142e-02 3.545499790046213739e-02
3.114444334305182860e+00 9.716058715709834370e-01 6.837560143440721561e+01 2.251634897267165702e-02 1.151181177357005203e-01 9.536701651590551165e-02 3.500915636144075194e-02
2.966593907553690013e+00 9.492681680348237228e-01 6.870085253883576115e+01 2.216646238267637806e-02 1.200046295933275137e-01 4.689693016754160199e-02 4.221171176649347184e-02
2.917071380486099930e+00 9.000521552616760346e-01 6.905877624728644548e+01 2.235124685230011413e-02 1.221810668740246908e-01 8.323407142017119967e-03 6.380564730785825978e-02
2.916846756696184428e+00 9.733166210762913551e-01 6.831489487813567507e+01 2.223531163728770937e-02 1.128171812290631598e-01 5.734791707174000802e-02 6.893909636342479552e-02
3.192557861633917415e+00 9.390863493854934019e-01 6.863258383491789516e+01 2.243922288159730036e-02 1.216725096396565065e-01 5.465101954345247259e-02 6.793024465027924785e-02
2.945916268151456130e+00 9.625358576694399426e-01 6.872400977034817515e+01 2.240969800805477086e-02 1.152954425190425153e-01 3.790596249786216954e-02 4.512106172684228478e-02
2.813783327973391923e+00 9.572480552831018619e-01 6.860946585421697819e+01 2.230825714352479769e-02 1.131606834428796893e-01 3.508105518409278950e-02 1.651066042186472363e-02
3.047698745097205730e+00 9.748842780311142153e-01 6.867730291497443318e+01 2.229163066278053856e-02 1.159251941224158644e-01 1.192296674573534859e-02 4.665312828859671107e-02
2.848214865906163684e+00 9.159587902398770298e-01 6.829616183591726042e+01 2.226805152142877220e-02 1.186557876553705621e-01 6.833286154720787098e-02 7.170033030556174913e-02
3.116657006848869038e+00 9.925707014409583806e-01 6.956277770874325483e+01 2.209009559352556953e-02 1.275067876861362692e-01 1.147724113452111040e-02 5.704929251090437581e-02
3.086614867433025822e+00 9.414739691373482655e-01 6.809968095634786778e+01 2.244586530029236970e-02 1.209003426096264405e-01 6.341856803719068958e-02 5.258933768295530331e-02
3.027517692458976395e+00 9.084982716927357815e-01 6.873232957424283995e+01 2.220806588828731082e-02 1.234127467669430406e-01 5.249669920672651174e-03 7.973285418041485550e-02
2.813544459505878503e+00 9.227929053263543846e-01 6.896101678583453065e+01 2.235296772238202362e-02 1.160707858860342834e-01 8.642554886235549738e-02 3.198335993475181355e-02
3.031137963129324042e+00 9.461216325423180695e-01 6.896060583673391875e+01 2.250904943039253037e-02 1.238486175632457775e-01 1.835548825136594855e-02 3.246475832035972814e-02
3.144474563018242463e+00 9.104374200997528144e-01 6.802307581719003338e+01 2.252489082593159969e-02 1.187340257413144612e-01 9.683780961866968184e-02 3.957120588134841604e-02
3.099637877247509721e+00 9.599101863507355503e-01 6.842454318843519445e+01 2.226062802827569881e-02 1.179194177580128872e-01 6.505563768329240826e-02 6.072022015776398080e-02
2.823080356943767910e+00 9.538188545658771167e-01 6.859127938745878339e+01 2.236925671615002872e-02 1.182700607502872175e-01 5.500004236307139138e-02 1.958756892087314128e-02
3.164472812660809264e+00 9.207327120039408008e-01 6.928513110523873308e+01 2.241799285576086265e-02 1.195355457287859413e-01 8.643770080274862377e-02 6.029363921541876919e-02
3.184865913443202246e+00 9.680212527100808817e-01 6.908195905001072390e+01 2.207334787307707949e-02 1.212144667784806618e-01 2.579772723622278038e-02 7.590198556557931076e-02
3.125622528058038974e+00 9.596563865952953964e-01 6.839547095187614900e+01 2.208977321757708140e-02 1.124935514615521548e-01 8.532322557974317268e-02 5.804956734514636618e-02
2.811465292546142525e+00 9.194372199413848312e-01 6.894722846856667786e+01 2.222212819060149364e-02 1.213472448101083345e-01 5.677511820348699750e-02 3.108125930303271001e-02
2.957619577192252880e+00 9.541286799593909906e-01 6.935548631920615037e+01 2.238830933444910243e-02 1.226134142118437687e-01 9.657987433496204033e-02 7.423161329529696928e-02
3.185893600945667092e+00 9.969882382196444404e-01 6.908366889914569242e+01 2.218477583974768144e-02 1.196115172341052080e-01 8.128717324416141754e-02 4.944144839605957992e-02
3.132347505694156542e+00 9.415904435592186150e-01 6.811680437473373217e+01 2.223762629868593355e-02 1.134644090808686334e-01 4.558577705347099940e-02 2.665951649081853975e-02
3.016020550820382784e+00 9.857034784195836119e-01 6.870540177843545848e+01 2.243224468744921263e-02 1.138779291968149837e-01 9.091464954722239256e-02 6.460635920672243293e-02
3.164012715136728104e+00 9.666405009530006920e-01 6.831910675899220564e+01 2.246616154287930239e-02 1.148150201492692674e-01 7.252295797557653523e-02 4.893930154133785404e-02
2.992120036746978240e+00 9.706127413450087449e-01 6.878805628009750706e+01 2.211150093273313647e-02 1.205366389915003694e-01 4.622935152741908423e-03 2.171515079138787094e-02
2.974479506108670623e+00 9.445081561389464531e-01 6.832065593436453810e+01 2.211774082343644088e-02 1.123148571017438951e-01 2.806575695316797583e-02 3.187949209868103095e-02
3.133771389301820420e+00 9.450496124561371669e-01 6.852819753950387849e+01 2.238042463222679815e-02 1.233430089201623947e-01 4.270641379202289034e-02 4.349647978832967693e-02
3.099387251896599693e+00 9.929848486505976624e-01 6.801610544553446402e+01 2.204951938016811580e-02 1.139226352785778079e-01 4.734085444465496034e-02 4.865179283212499317e-02
3.045418062853714414e+00 9.394269283860017250e-01 6.894128701802104331e+01 2.246209086254622941e-02 1.225732353888601550e-01 3.143319523265678678e-02 6.124317774337596776e-02
3.089124389344612531e+00 9.590980612070468814e-01 6.918189036067963116e+01 2.203197342582643645e-02 1.203888258834416441e-01 7.090399897276498942e-02 7.200253006843772285e-02
3.099545225032282136e+00 9.885039376493673924e-01 6.885296371998126119e+01 2.255737307967381478e-02 1.284911315862569681e-01 9.761385732406900606e-02 1.417476962334228430e-02
2.998700691109700500e+00 9.302522208572505669e-01 6.839186204132207081e+01 2.226039301609395588e-02 1.149314246630909059e-01 6.976356009542322711e-02 4.511205048050424826e-02
2.878763805416291177e+00 9.242767998398343510e-01 6.863153268403839036e+01 2.248395943955817586e-02 1.119865560556095457e-01 6.507476692676560093e-02 5.256734766107745010e-02
3.112716069456419987e+00 9.338133241338562041e-01 6.861229822176014181e+01 2.251059042277236619e-02 1.142828243386811576e-01 1.964338898388041932e-02 5.629029079522344936e-02
2.864380630449584686e+00 9.164507132740896678e-01 6.829028966032402082e+01 2.250713438173177275e-02 1.144043981490639322e-01 5.732878766061680342e-02 6.064193181613605765e-02
3.029982464590280422e+00 9.461477025473012947e-01 6.970697613709023699e+01 2.249445491175803072e-02 1.280446115346978719e-01 2.225664804434024629e-03 4.645679029155513895e-02
3.146444851841478485e+00 9.558269152472730346e-01 6.877367618390108817e+01 2.217735360661230240e-02 1.242174816238178492e-01 6.000578041949525265e-02 3.370780758989178755e-02
3.141355518463805563e+00 9.837979239766607709e-01 6.833250958049511325e+01 2.227676107007781070e-02 1.133558403163541090e-01 8.558330252369075741e-02 1.893391332965531706e-02
3.008522556094912925e+00 9.298024339779766834e-01 6.886139714724356509e+01 2.258332044797090737e-02 1.237604188412021050e-01 2.987356626178513594e-02 7.557736834399554626e-02
3.122712782463562764e+00 9.325812152863881543e-01 6.850890120361238189e+01 2.248369550333153763e-02 1.212263488883216084e-01 3.981159379398435672e-02 1.222365684392886717e-02
2.884778844795310881e+00 9.549532111976681836e-01 6.840755508056611234e+01 2.249612261160785845e-02 1.241964274964264398e-01 4.008965157537097007e-02 6.614067759365825638e-02
2.879581338113971878e+00 9.691388879822648850e-01 6.912773570020782188e+01 2.238924565739414813e-02 1.253572137819838339e-01 1.312210959971814653e-02 3.265482202235496512e-02
2.832402526554372635e+00 9.994518493336016496e-01 6.936738656647918333e+01 2.210471277325676970e-02 1.296977093480015664e-01 7.077459428285441667e-02 5.502120420292386238e-02
2.807777582326315802e+00 9.548094228255844529e-01 6.865745572500470928e+01 2.214316643975199408e-02 1.190002749816224531e-01 6.941188768977028800e-02 2.758655239304716456e-02
2.887882664409171074e+00 9.831865904634021769e-01 6.878763293762979458e+01 2.259408064097997298e-02 1.134206155359980123e-01 5.300995294324746532e-02 6.540027881639583207e-02
3.197740669514056222e+00 9.996072047948891814e-01 6.864924959552524797e+01 2.232754203538679302e-02 1.209216909029047632e-01 4.036853158973963129e-02 1.869137150970823918e-02
3.142450358750764394e+00 9.606970094036597629e-01 6.814391509610406672e+01 2.239290675156536611e-02 1.119525418140188411e-01 5.916787455499795956e-02 3.685744841515344733e-02
2.880285801778795562e+00 9.675398479358261472e-01 6.879056969169668889e+01 2.240878571296379268e-02 1.128093504696175559e-01 6.984427134960373429e-02 5.530164890164943753e-02
3.076633606846226776e+00 9.324690455963473568e-01 6.883177669643663421e+01 2.229410285479231993e-02 1.247970395585389358e-01 3.812264615219190800e-02 1.677092398230512621e-02
3.072193318811788032e+00 9.641266173299810616e-01 6.871605254465136170e+01 2.242965540079166348e-02 1.148982400067864867e-01 3.509989975494137975e-03 3.903867054583711610e-02
3.129214989093343835e+00 9.554740890216371074e-01 6.905528896044801002e+01 2.232024724877510607e-02 1.166334176104000531e-01 8.930341646196326977e-02 6.228510697206386670e-02
2.989575917567683039e+00 9.081539555238415939e-01 6.908747408579549187e+01 2.212096228128678996e-02 1.211358373891282258e-01 3.168125612608457126e-02 6.851413631568510632e-02
2.985720551781769316e+00 9.368472538876972955e-01 6.827582361564468272e+01 2.207286905031405344e-02 1.168556822320655497e-01 2.480754968096493193e-02 6.576560584117227548e-02
3.015765492002767445e+00 9.631628414169699504e-01 6.880575999363702522e+01 2.227698144442092493e-02 1.198410562877927077e-01 1.506387983535895179e-03 6.992912951858885895e-02
3.091419757938346891e+00 9.506439955941622388e-01 6.898202656255986653e+01 2.235735111860403385e-02 1.217512089793400393e-01 7.235275494329325430e-02 7.163203794940140035e-02
3.084376105033500792e+00 9.020392228825275804e-01 6.829453980967068105e+01 2.209950582955822612e-02 1.151353779465875554e-01 3.945455682029420930e-02 6.355241300053995901e-02
3.023602469933527992e+00 9.647900771611773729e-01 6.867095880477327796e+01 2.223732648486788019e-02 1.269376845632247952e-01 1.036610714014205709e-02 5.719880053026060729e-02
2.892243453303140921e+00 9.874727235248009771e-01 6.930964108516909050e+01 2.242775156806263090e-02 1.221060323791958030e-01 1.775327699719000604e-02 7.288784068220766077e-02
3.193177004097027982e+00 9.032263673415692473e-01 6.890683034363341619e+01 2.259362448306111507e-02 1.135855068633160325e-01 7.673565873582775809e-02 7.831494133843251715e-02
3.149312057849673607e+00 9.232396071144008953e-01 6.929678345586734167e+01 2.235968320177781146e-02 1.194125670677376877e-01 1.827586158622779289e-02 5.069720372951846271e-02
2.870133282036564815e+00 9.799188409154909740e-01 6.971875354980301154e+01 2.259989010034721413e-02 1.226450887902784948e-01 8.198253759759821860e-03 6.057656821271583530e-02
2.811219998656063090e+00 9.223604453588921670e-01 6.836823922711917589e+01 2.213229544575263594e-02 1.224373946300875149e-01 6.488052955379608466e-02 4.412597661107178076e-02
2.919687150733273118e+00 9.480421983680912268e-01 6.832625750537656018e+01 2.218596875485135539e-02 1.124930622684345849e-01 7.533531025956093086e-02 6.941990053185360943e-02
3.166388768622857786e+00 9.966846500869710468e-01 6.842395415890024424e+01 2.207120663900290561e-02 1.145735764340753693e-01 5.287990655096145437e-02 6.554883818342120694e-02
2.952087194980386187e+00 9.900414029925893589e-01 6.808051001025206972e+01 2.230776150060114621e-02 1.104668174766820360e-01 5.690982866981483812e-02 2.832003615348057529e-02
3.176415016182178697e+00 9.143688869897189653e-01 6.916165148271875296e+01 2.211910485406372653e-02 1.158215610596255718e-01 3.629716184941291640e-02 6.098563678384146675e-02
2.864253821476530959e+00 9.165219458120041907e-01 6.848514313234142037e+01 2.213408605883767505e-02 1.137347949912604211e-01 5.163300853858333872e-02 1.532529932557626789e-02
3.026424277372168792e+00 9.995689893273520532e-01 6.844711912116005692e+01 2.240419868420022095e-02 1.205023628777213279e-01 4.945170503612194429e-02 2.049162869021362021e-02
2.880343520535352919e+00 9.199584716265100104e-01 6.872702005783803259e+01 2.231086241408150941e-02 1.151064380340970084e-01 1.406078383560442971e-02 3.109456099010943914e-02
2.870892924981940375e+00 9.822673996827311349e-01 6.823987744663392618e+01 2.221712165748965240e-02 1.151835618681981144e-01 4.707481180279892569e-02 3.116675319384550058e-02
3.133011706626378956e+00 9.761178765304870941e-01 6.908316505917966310e+01 2.216624231205031881e-02 1.298175411843518479e-01 6.205777332840878985e-03 6.524907408163414801e-02
2.811232213158483262e+00 9.867556813373293823e-01 6.883598915513070438e+01 2.213030998735426164e-02 1.235175357390277118e-01 7.265674820291738445e-02 1.961067625154543775e-02
3.001295446448545956e+00 9.783478942368918352e-01 6.875055042046663800e+01 2.250186657336174581e-02 1.121667493786678294e-01 9.144546752577674409e-02 4.992029886642852798e-02
3.007479882706458607e+00 9.226075045682964326e-01 6.781151241218776704e+01 2.209266811615259729e-02 1.132338019499899012e-01 2.555768775851150615e-02 1.636395541515139190e-02
3.183542806459923824e+00 9.007437219104675874e-01 6.855220970824214533e+01 2.214425160593673850e-02 1.173571174331703437e-01 9.418647446429226355e-02 2.174596374016080080e-02
3.154156420314358833e+00 9.441988129939341556e-01 6.867604700830291620e+01 2.251862182002753454e-02 1.147345538797341913e-01 3.550995767471918502e-02 4.781544021761784113e-02
2.913510448403557440e+00 9.294109616868351242e-01 6.877906625488827785e+01 2.241648176097751563e-02 1.201754123782987627e-01 6.125403170306309431e-02 7.200818431446442958e-02
3.053443479822340656e+00 9.096762290212195845e-01 6.773834529937846582e+01 2.224600028869331073e-02 1.110230077646208180e-01 8.317139327605044263e-02 3.485664366790405810e-02
2.909430440802273310e+00 9.682788588478923320e-01 6.754934845594776505e+01 2.203816463799373321e-02 1.119910478649357305e-01 8.618357963356977625e-02 4.641217434080906895e-02
3.015379269533751572e+00 9.334140536114327036e-01 6.858809480554180027e+01 2.243327964196485322e-02 1.211859672860087361e-01 8.193088381431633260e-02 4.903622714924844167e-02
3.100456374226271183e+00 9.557832742065863751e-01 6.869029099147087436e+01 2.259864270696958222e-02 1.199228853023248248e-01 7.831140426646054920e-02 2.860491752587079189e-02
3.090909650469378711e+00 9.861771378724236703e-01 6.869438976799101226e+01 2.201800213128886699e-02 1.190457162685972653e-01 1.553106004750116724e-02 5.053513523563061410e-02
3.118380759088683618e+00 9.694443220009848483e-01 6.876721270731732716e+01 2.253104145622774473e-02 1.122719033368014402e-01 4.656757494752476745e-02 5.565250865129942742e-02
2.864020848723388024e+00 9.690031288914150442e-01 6.855379909501478153e+01 2.248076811595147925e-02 1.123773353646609907e-01 7.224182295548563226e-02 2.198659387648280866e-02
2.963337977560106751e+00 9.125389784966700946e-01 6.867167101081076908e+01 2.221637642758679185e-02 1.193908699529981216e-01 3.134736257310068858e-02 2.834823770819069194e-02
3.061317342950689024e+00 9.326878145436621192e-01 6.913672820445984257e+01 2.248399515612533109e-02 1.225979155728641884e-01 5.843400168717819559e-02 6.376089367551920906e-02
2.995965509010529271e+00 9.457320216531402979e-01 6.918059016143043038e+01 2.236638545378094589e-02 1.218645817211556764e-01 9.419038978616482705e-02 2.923082416616442497e-02
3.094616180440671549e+00 9.019631291543901419e-01 6.903479547191000165e+01 2.246203708747940633e-02 1.142253938304645944e-01 6.648552264526112754e-02 7.460563152089347283e-02
2.952432503472982361e+00 9.696116778755582422e-01 6.902012619894343004e+01 2.246176297759758245e-02 1.182777867222722379e-01 6.697821180012187084e-03 5.104313511155649657e-02
3.062195818339111586e+00 9.903873948753239009e-01 6.868472300370873995e+01 2.235743022347358097e-02 1.158509097377860980e-01 9.843740945756923599e-02 3.066896348148692025e-02
2.973085062357159192e+00 9.981756362358369383e-01 6.916165678894385849e+01 2.237205767180441493e-02 1.175883286849610382e-01 6.979550363902767285e-02 5.100748545630758718e-02
3.115748360475242063e+00 9.652362146805638643e-01 6.851123530224488434e+01 2.217741391002266138e-02 1.175914000728443820e-01 9.655342161487930064e-02 4.253435436476480508e-02
2.957249865399486755e+00 9.347912166576998194e-01 6.956345556390904505e+01 2.233661515810889120e-02 1.184054075516499799e-01 2.264876258689078187e-02 3.627575094895112151e-02
3.144886304172702651e+00 9.149983042691491875e-01 6.955193118721027190e+01 2.252587155213113881e-02 1.254452305108488264e-01 4.631378630553908970e-02 4.265267767204726501e-02
2.897629874568296238e+00 9.005161542713727707e-01 6.858449668149421541e+01 2.259069766991490813e-02 1.122192459133058567e-01 5.727574271731525335e-02 5.357865117110400394e-02
2.996877506469829200e+00 9.880436390332892893e-01 6.801653974623232557e+01 2.216035139909148036e-02 1.119489645178429749e-01 9.852706460109267317e-02 7.798286238645357749e-02
2.805247303111774393e+00 9.474803989894376999e-01 6.815439665688717241e+01 2.206089318315132553e-02 1.173263666863754717e-01 5.445454287303212043e-02 3.058845879373397331e-02
2.980833032263377813e+00 9.913802450917549303e-01 6.909944186952247946e+01 2.235285790031858733e-02 1.123922077912591355e-01 6.990481278734238246e-02 6.016162986781745103e-02
2.831506055764567709e+00 9.839822198377736751e-01 6.857908754913449911e+01 2.223674254948182841e-02 1.127893748757669012e-01 7.004991863962677090e-02 2.020150214532219490e-02
2.941392467346095607e+00 9.369966348631200148e-01 6.814584408261107740e+01 2.203635500428577018e-02 1.177081295340683259e-01 8.582524519986024780e-02 6.396638556545018728e-02
3.133172239286122540e+00 9.734481508986702059e-01 6.833678399331274989e+01 2.220294904939082437e-02 1.168536802229457189e-01 9.916840273823056273e-02 1.819061991064531772e-02
3.102010343210706900e+00 9.636304209609535265e-01 6.888659910521231211e+01 2.205826257013809161e-02 1.256648746418781992e-01 5.977259284751429425e-02 1.927084143925777981e-02
3.099228627426811045e+00 9.251456711274014255e-01 6.899610384609376013e+01 2.222067398883847272e-02 1.205507049750479259e-01 2.150133034494025250e-02 6.776527271228220684e-02
3.087045096657503596e+00 9.533417120060073691e-01 6.806893437099066091e+01 2.206246669881507111e-02 1.192376998771872559e-01 2.410311334229355007e-02 5.395065469374263345e-02
3.177872628681407630e+00 9.979385636419783046e-01 6.840139324114748831e+01 2.243773028256084573e-02 1.129743128444876399e-01 7.054195213811857712e-02 3.065825218235198463e-02
2.991842494673429442e+00 9.850835695691376737e-01 6.894312132299801021e+01 2.242923072489435080e-02 1.227609501458259839e-01 8.211881478912844146e-02 4.398066559952986537e-02
3.061208465999194051e+00 9.630749393789855839e-01 6.870137432384426290e+01 2.206522489680204716e-02 1.131932120456592139e-01 8.217673906890873847e-02 1.759071150369461919e-02
2.840842239568930783e+00 9.848369175354444449e-01 6.858275745091296471e+01 2.233560775371642992e-02 1.190706127609114651e-01 3.455330691358087652e-02 5.828359902764924938e-02
2.825222255579115327e+00 9.802240147721053010e-01 6.872010310400041533e+01 2.243229798388361729e-02 1.190202399340442307e-01 8.630938613293265282e-02 1.182771576109029749e-02
2.957249865399486755e+00 9.347912166576998194e-01 6.956345556390904505e+01 2.233661515810889120e-02 1.184054075516499799e-01 2.264876258689078187e-02 3.627575094895112151e-02
2.848214865906163684e+00 9.159587902398770298e-01 6.829616183591726042e+01 2.226805152142877220e-02 1.186557876553705621e-01 6.833286154720787098e-02 7.170033030556174913e-02
3.078509910566303187e+00 9.994874634943295977e-01 6.795877341227223667e+01 2.200996878875123922e-02 1.166126868489196361e-01 7.695172995491195156e-02 5.180790532713422381e-02
2.849298804780491690e+00 9.422070185828683719e-01 6.825054223088309868e+01 2.228902003108192836e-02 1.134032364545323884e-01 6.035374272482346703e-02 6.104106338179965396e-02
3.021838363180534781e+00 9.767150288266821523e-01 6.921455222731400170e+01 2.217281341752842111e-02 1.202793764161172868e-01 7.786983327139039568e-02 3.586871407605220913e-02
3.130600308208417282e+00 9.966782805628932040e-01 6.875300328728366139e+01 2.242255110301347165e-02 1.247253444318585924e-01 3.835966239611510176e-02 7.203292302047384355e-02
2.929429091981682554e+00 9.848534595929092639e-01 6.939965324705433147e+01 2.222341709038673854e-02 1.261066779171908514e-01 6.497229177047839088e-02 7.380232946331383159e-02
2.998166602985841589e+00 9.441201947841294517e-01 6.922894214207997265e+01 2.246932517484923064e-02 1.227532224943528594e-01 3.711204132892775842e-02 4.097855100078587332e-02
3.008207804515131478e+00 9.934539570035056943e-01 6.818191896045333067e+01 2.226556456149733285e-02 1.171126191524397980e-01 3.262457008335774289e-02 3.026299209741305229e-02
3.021317803798809098e+00 9.425341091564165552e-01 6.884092725274240365e+01 2.213817731198030811e-02 1.218652849543929301e-01 7.125446157909332001e-02 6.123553283048658452e-02
3.170912027182630766e+00 9.641698264208493629e-01 6.896038796134529036e+01 2.209565753677358857e-02 1.145124313953167217e-01 9.923637835143384912e-04 3.227166100579827862e-02
2.919221382600110548e+00 9.141248731002787897e-01 6.845005744022613214e+01 2.253186513874040620e-02 1.156792492067893890e-01 6.725199132953343928e-02 7.824738917121888682e-02
2.948722994876594505e+00 9.905848623886859272e-01 6.912129928564942816e+01 2.257674894107149569e-02 1.236925133535385773e-01 1.436081298058167199e-03 2.673494427005822932e-02
3.088787504421689700e+00 9.377660333087051159e-01 6.874448914291600943e+01 2.215799936771253517e-02 1.138525933542613167e-01 6.102374545509336307e-02 5.396020366130249712e-02
2.917200256138205550e+00 9.280280481591848263e-01 6.848991121663843273e+01 2.228943388421750216e-02 1.120475122478709062e-01 1.795638898360379931e-02 5.159181061539822033e-02
2.983436823537312765e+00 9.744041684183226693e-01 6.870340665887002274e+01 2.247631789934255789e-02 1.180315356413003114e-01 5.533799685973095871e-03 4.428463091832917503e-02
3.049085890185796899e+00 9.236201870379199264e-01 6.905768256144077100e+01 2.222083808579744177e-02 1.214642345914262872e-01 3.016716706892823632e-02 1.758357246416306086e-02
3.100456374226271183e+00 9.557832742065863751e-01 6.869029099147087436e+01 2.259864270696958222e-02 1.199228853023248248e-01 7.831140426646054920e-02 2.860491752587079189e-02
2.878199535231594997e+00 9.999165475272592252e-01 6.939732719184223697e+01 2.232322560736695743e-02 1.201904790241934418e-01 1.212435107606785233e-03 4.760084937953706907e-02
3.022557280105567123e+00 9.118684089042460306e-01 6.883127886665447193e+01 2.225119866359465473e-02 1.224245630545486851e-01 5.494421304957602253e-02 1.352279231293148330e-02
2.801039184779611890e+00 9.494683261721514889e-01 6.904127467988662659e+01 2.226936940751101865e-02 1.167200089206276437e-01 8.147205555276842981e-03 7.475459852953941775e-02
3.180905590189221144e+00 9.777788283151678250e-01 6.851543013725911635e+01 2.222728230477570566e-02 1.259876188594402646e-01 4.497318532966309429e-02 4.803501586767827680e-02
2.803620814036408948e+00 9.232378318412607365e-01 6.869592595667208457e+01 2.202661087112225621e-02 1.167065307443717892e-01 1.431628660444990257e-02 7.725049346037718423e-02
3.015379269533751572e+00 9.334140536114327036e-01 6.858809480554180027e+01 2.243327964196485322e-02 1.211859672860087361e-01 8.193088381431633260e-02 4.903622714924844167e-02
3.024478167348457980e+00 9.753353697579723036e-01 6.872080161619547312e+01 2.236854769138921228e-02 1.164966359052015121e-01 7.896860673026667721e-02 2.580303696354724341e-02
2.897694031942039228e+00 9.573364919294677922e-01 6.876705417577051094e+01 2.224518402330401268e-02 1.170970426387989011e-01 4.462792076248451277e-03 3.513442434222447536e-02
2.854582176937864979e+00 9.521726647014461253e-01 6.890368992442947160e+01 2.209484535415114775e-02 1.215846781168425650e-01 9.200391056603857143e-02 2.864832907806263290e-02
2.933854678628377677e+00 9.446695005828655844e-01 6.919706505583118883e+01 2.214019796292820280e-02 1.289400927378039352e-01 1.878113350518534341e-02 1.550876667034217782e-02
2.854582176937864979e+00 9.521726647014461253e-01 6.890368992442947160e+01 2.209484535415114775e-02 1.215846781168425650e-01 9.200391056603857143e-02 2.864832907806263290e-02
3.081216225034026479e+00 9.682504542608111331e-01 6.875791136270547099e+01 2.240268694298851171e-02 1.129106254705582874e-01 3.056197947010199853e-02 4.172323899287896237e-02
3.078928035882490644e+00 9.641501227928980233e-01 6.897373187676411987e+01 2.247272925387179890e-02 1.163791769035461277e-01 8.649104403203299041e-02 3.577196648024923847e-02
3.032657530996847317e+00 9.625845207426805272e-01 6.866350157367456575e+01 2.241066822210759438e-02 1.167227575253135946e-01 9.756981767886888091e-02 3.496927813908333460e-02
2.930944080946874752e+00 9.742212527350828655e-01 6.907957760258032920e+01 2.258748995675681839e-02 1.152728763114624078e-01 8.948582215149927799e-02 6.407586037071767715e-02
3.137306349293923269e+00 9.349677418552104768e-01 6.916052030809430562e+01 2.251324867887675996e-02 1.153421485572213162e-01 2.942494859762671139e-02 3.743649185088977760e-02
3.003011375365554958e+00 9.594582023165156848e-01 6.885520451663458630e+01 2.243065792941359785e-02 1.188201768289485760e-01 4.063535114647849611e-02 4.614533515998026081e-02
2.905179306095286851e+00 9.666898295704442479e-01 6.909881523644934020e+01 2.255649805276109532e-02 1.230933347104774811e-01 8.451536447327207338e-03 4.180324616101790958e-02
3.052307154837666126e+00 9.813124288301209308e-01 6.881243675134068383e+01 2.253852465379903997e-02 1.116417803817858490e-01 7.170718610302767582e-02 1.611197710395132626e-02
2.910423091009212371e+00 9.484709659513017588e-01 6.881182194139573483e+01 2.227770336505551993e-02 1.214989833950521902e-01 9.067605803242388685e-02 6.428374583503512762e-02
2.879570222041050176e+00 9.708133369104208210e-01 6.835813608486675719e+01 2.236008628412384375e-02 1.172656130723594009e-01 2.776537635526240763e-02 6.586403270498447649e-02
2.961104529824414744e+00 9.944421018502671572e-01 6.894780841196165966e+01 2.256508647873564991e-02 1.156761122400826042e-01 9.983785290596482176e-02 7.991592148808805696e-02
3.055033338900953410e+00 9.298382248603490607e-01 6.859629812301393770e+01 2.248195699661482971e-02 1.140500404391596861e-01 9.675947769572307289e-02 3.797447910297090806e-02
3.152048037420610349e+00 9.295984517656918911e-01 6.831424926586929303e+01 2.241395234813300594e-02 1.268978451544440778e-01 7.009283566358406881e-02 6.384561817512074411e-02
3.003726583561399543e+00 9.219080819969063256e-01 6.834602119487283289e+01 2.208807256519800671e-02 1.162306978482005593e-01 3.503800570677283871e-02 5.710752714998785368e-02
2.989517843928823471e+00 9.878456436412855757e-01 6.869652359139821840e+01 2.228033044228294041e-02 1.143579838709209429e-01 2.350998887877342458e-02 5.794773456014654794e-02
2.889627178234906779e+00 9.655579726783116712e-01 6.880896848483952510e+01 2.204182822629122476e-02 1.189169970304930352e-01 6.680300653196701022e-02 6.318965180788142788e-02
2.961147280757012279e+00 9.727031306932371058e-01 6.882629536032835915e+01 2.215710756802623249e-02 1.153279181371109074e-01 3.628756279219632480e-02 3.613290406511758535e-02
2.932248425323840557e+00 9.374177374185415079e-01 6.867232855608152420e+01 2.228941182601607701e-02 1.200689355910060790e-01 9.834102802922185717e-04 2.540853223462548327e-02
2.932061322841329698e+00 9.754199292353638029e-01 6.825825736788615927e+01 2.209489624648401304e-02 1.121040767778135883e-01 2.119659813135038769e-03 4.813135883495828216e-02
3.053153187047734640e+00 9.661026505838166134e-01 6.941184646672971326e+01 2.245842604403714901e-02 1.220786749203459226e-01 5.198273317254115122e-02 2.641794819131462052e-02
2.845766045715764747e+00 9.044905717533336942e-01 6.839133685352592806e+01 2.215374865231500498e-02 1.111631183393347877e-01 4.764456164110066061e-02 1.687376858171472233e-02
2.929618714852272099e+00 9.042933129738371933e-01 6.800982464219052304e+01 2.212489887362839580e-02 1.194591878101904786e-01 9.561523285073031397e-02 7.771489162926238647e-02
3.110320699203044992e+00 9.097813633441770298e-01 6.864960181826914720e+01 2.200091365556046744e-02 1.171308258601385238e-01 9.570280814260085159e-03 4.353729374814305220e-02
2.854020034667918981e+00 9.445703808263943291e-01 6.853990593373904971e+01 2.203557712352582215e-02 1.181445142540267224e-01 2.051833824638535017e-02 6.690655753773301628e-02
2.813092732333799528e+00 9.718042663883251775e-01 6.924549565406881868e+01 2.250591480982158318e-02 1.289619837727727647e-01 1.847251860626857381e-02 3.838364068242655636e-02
2.810686450585019092e+00 9.285592403237497017e-01 6.896610030989324969e+01 2.249908463218238189e-02 1.219800355376020606e-01 9.071082568170268923e-02 2.556906106776152265e-02
3.141355518463805563e+00 9.837979239766607709e-01 6.833250958049511325e+01 2.227676107007781070e-02 1.133558403163541090e-01 8.558330252369075741e-02 1.893391332965531706e-02
2.984618495407342031e+00 9.136786148145134012e-01 6.892166499029919180e+01 2.219472883390326973e-02 1.198592533245428499e-01 3.021783808170228763e-02 6.126762748881993403e-02
3.162257524725232916e+00 9.437089390084945073e-01 6.780257046118634889e+01 2.206171337941918373e-02 1.115315576635294570e-01 4.679070202182394889e-02 2.605527548026895235e-02
3.171953181567145119e+00 9.510160990277719550e-01 6.901309578029903946e+01 2.244719322064931549e-02 1.106955825279382771e-01 1.312777345090299216e-03 4.582017731298210217e-02
3.144526936570556153e+00 9.379185796999409686e-01 6.854059794789871773e+01 2.250736560117907667e-02 1.220312162890870855e-01 7.127918947054671939e-02 7.015418573199168339e-02
3.031744972693924289e+00 9.370111357336575741e-01 6.820252435566636962e+01 2.218953427434399578e-02 1.184436582602203941e-01 5.655886807792301352e-02 4.962755988748812630e-02
2.830473130059135478e+00 9.673815836283415903e-01 6.876025652370333319e+01 2.224054682565883984e-02 1.168302969769542121e-01 3.288316110233398259e-02 6.043014084777097866e-02
3.009412638332564782e+00 9.728051121091128017e-01 6.821011484702609096e+01 2.222636818294969341e-02 1.128965018944591142e-01 9.054874070973283062e-02 6.474696960672021717e-02
2.926543730713842439e+00 9.377663424016591254e-01 6.759960114403048692e+01 2.225289320260976852e-02 1.193575615650176863e-01 8.617214461359216926e-02 5.433230604962292071e-02
3.034615771621718139e+00 9.432071565643068700e-01 6.884619544555452819e+01 2.237686615386650854e-02 1.209563491312242722e-01 6.799967266337561544e-02 5.711196613886294904e-02
3.044743994816981658e+00 9.481998758265994809e-01 6.868078734670899621e+01 2.205248490660522212e-02 1.200280163096915098e-01 8.289172793629241351e-03 2.625171107020610184e-02
2.957388488254882208e+00 9.443655125073275869e-01 6.938416585350219634e+01 2.255228177332818315e-02 1.299202403149456453e-01 6.745919308280814986e-02 7.483043454274615480e-02
2.985649693862158838e+00 9.141640633183821807e-01 6.865149319503711922e+01 2.257867900329259270e-02 1.198560321004632917e-01 2.983517135621108901e-02 4.581812380888158204e-02
2.837063809758532784e+00 9.251609981020609830e-01 6.905269763758670365e+01 2.237995329557721999e-02 1.208514907956423495e-01 4.541518222331511478e-02 6.362280426724094273e-02
3.038064780755984629e+00 9.637148572364201415e-01 6.880759831333973864e+01 2.232214084374184102e-02 1.237467424198307048e-01 4.323468668638733720e-02 1.384963905067669414e-02
3.004770342203956890e+00 9.007359452593229898e-01 6.872530971882781614e+01 2.244905710967710910e-02 1.164852207832232089e-01 9.766123245877254833e-02 7.343969469840605502e-02
2.820245443290927856e+00 9.109795782101879347e-01 6.848824249358003158e+01 2.215000681625381787e-02 1.161652270626476191e-01 7.071343588251267909e-02 4.952499985190375598e-02
3.031744972693924289e+00 9.370111357336575741e-01 6.820252435566636962e+01 2.218953427434399578e-02 1.184436582602203941e-01 5.655886807792301352e-02 4.962755988748812630e-02
2.961019726464404478e+00 9.489935342503200699e-01 6.839978771184794937e+01 2.208835441467635677e-02 1.169715252691487656e-01 2.238890567296469847e-02 4.037727142585782053e-02
2.999148541475962215e+00 9.280255002399828701e-01 6.837581493016132583e+01 2.225718633492020787e-02 1.130550516625393048e-01 9.334040114787403586e-02 5.214874069242891180e-02
3.127715624207586753e+00 9.851985328392427466e-01 6.901808139002126552e+01 2.204890224199192519e-02 1.144781656596235847e-01 1.475571013085318420e-02 7.289218331051679212e-02
2.854056631904378971e+00 9.744009237536963575e-01 6.837724111141491790e+01 2.209069765312069236e-02 1.206159922212926977e-01 1.691775059223117259e-02 1.320292068918004977e-02
2.969733826513272223e+00 9.453235832712707509e-01 6.912139421123484340e+01 2.259200119850932054e-02 1.155858209307938644e-01 7.004416667807350505e-02 1.306747165993572476e-02
2.819150515774604404e+00 9.671123425128389517e-01 6.862303534123986992e+01 2.248250711310837910e-02 1.130048927322002822e-01 6.124113507802389500e-02 7.727169505642265956e-02
2.903069104593271721e+00 9.971233540426736042e-01 6.923474117872993361e+01 2.248345374128777815e-02 1.176537806621078264e-01 6.031590712294422618e-02 5.171990014140075143e-02
2.843855372636702850e+00 9.365199601277376384e-01 6.897526757083744542e+01 2.245965386342939352e-02 1.225963410916396379e-01 5.624330463574542249e-02 2.094327179599803773e-02
3.047304205279740330e+00 9.444861961916599657e-01 6.933934562790125256e+01 2.230277334945776277e-02 1.247632383604964784e-01 4.572565074489809943e-03 3.889722721067522676e-02
2.927300251077745941e+00 9.168061373415831161e-01 6.875456555278546489e+01 2.205825957577038296e-02 1.203558701882862236e-01 1.462901202572579676e-02 1.836386471392484690e-02
2.818887984811366376e+00 9.066325543318902724e-01 6.879071507439942934e+01 2.220012717864027971e-02 1.220277586004669401e-01 1.836730031844305278e-02 1.142419987629779768e-02
2.828982735186553299e+00 9.640622433081251774e-01 6.920325767649252668e+01 2.252541097459720768e-02 1.137959421506966884e-01 9.011956710947077731e-02 7.585987897296833649e-02
3.123007723583282491e+00 9.857041624766746946e-01 6.921260551552450124e+01 2.258687309219802042e-02 1.164388931885852047e-01 2.740127054900089176e-02 2.857660289200304043e-02
2.854879040695837311e+00 9.187043942203688696e-01 6.965434469827928865e+01 2.252651742484926278e-02 1.190020618029903193e-01 1.241876530939035710e-02 3.313289842270542018e-02
2.944059626053006529e+00 9.292546490580175789e-01 6.852754045938218042e+01 2.209047582259747455e-02 1.191315662640843875e-01 4.864009929773513430e-02 3.859436603228431212e-02
3.036506066961010664e+00 9.611286271048464780e-01 6.841552190784128129e+01 2.204795244537333110e-02 1.174565512495229780e-01 7.266376801101198657e-02 2.802671963265944421e-02
2.990707563171089767e+00 9.128507153789899853e-01 6.892935791130595646e+01 2.259130406664126844e-02 1.150264597347808448e-01 4.582191118285450920e-02 5.744470018519635957e-02
2.831506055764567709e+00 9.839822198377736751e-01 6.857908754913449911e+01 2.223674254948182841e-02 1.127893748757669012e-01 7.004991863962677090e-02 2.020150214532219490e-02
2.878763805416291177e+00 9.242767998398343510e-01 6.863153268403839036e+01 2.248395943955817586e-02 1.119865560556095457e-01 6.507476692676560093e-02 5.256734766107745010e-02
3.061221812019285338e+00 9.118601704630214799e-01 6.861795638628650806e+01 2.253392458769259976e-02 1.161290986034015371e-01 1.816847849763125874e-03 6.349663444940029100e-02
3.046586308881417349e+00 9.862283057401839415e-01 6.929057432317225107e+01 2.258810909277461296e-02 1.158762661194212423e-01 4.826803783496143307e-02 4.554606465448176461e-02
3.088012428715026125e+00 9.052118477235854277e-01 6.910855808571842829e+01 2.230812651029838445e-02 1.196048466469524091e-01 4.824754963269809599e-02 1.735420991895192389e-02
2.922521982692158460e+00 9.142982159890061800e-01 6.847966547277735572e+01 2.249378116272749209e-02 1.135216141292409581e-01 2.826647969285008000e-02 7.195906632578741302e-02
3.096354450237030154e+00 9.964310741651343228e-01 6.833848444714409709e+01 2.218302091909176918e-02 1.209654286234301823e-01 7.590318192996324542e-02 4.732364864503620094e-02
2.883213437837106596e+00 9.667424784048422870e-01 6.877797880762095417e+01 2.240705287863172662e-02 1.185739758679880962e-01 6.388827213437835162e-02 5.135835853987075900e-02
3.136272164874347901e+00 9.823520022099737625e-01 6.852402176365437469e+01 2.207395789385017265e-02 1.188286606890599367e-01 6.701479448427936914e-02 1.048611429374467566e-02
2.950790726115353202e+00 9.381976314286424312e-01 6.834956326858656439e+01 2.217646976202501674e-02 1.133375351638733902e-01 7.802442493542766089e-02 3.518703099515174681e-02
2.829257438663585145e+00 9.146758165623242176e-01 6.869631237459310569e+01 2.222294869610163398e-02 1.191081269893158462e-01 8.967624082257497076e-02 5.726048200838256691e-02
2.977522116329360369e+00 9.016168870417886616e-01 6.814838788762939714e+01 2.200279989631804753e-02 1.112739805758293510e-01 2.008250642758511312e-02 3.941308026243827561e-02
3.080313888049677207e+00 9.523208214614542477e-01 6.881814766495617164e+01 2.205250694275102258e-02 1.147014059347128551e-01 5.247549170050147538e-02 7.870961545921822955e-02
3.053447035682946620e+00 9.865635944795003720e-01 6.859752078144046550e+01 2.247435861279374961e-02 1.181464110729154998e-01 1.546742263492275130e-02 6.678681298505413644e-02
3.004345728915475799e+00 9.175181259095506192e-01 6.858844577868809722e+01 2.219563302872852931e-02 1.185788518284124904e-01 6.043908953768784009e-02 6.483196046008642133e-02
3.093062045973793417e+00 9.770100682576576823e-01 6.872145453477862986e+01 2.241505648477006354e-02 1.213332166247753502e-01 5.186054905090321798e-02 3.455443517314821245e-02
2.913443555665395035e+00 9.596615333161124806e-01 6.859816374918815995e+01 2.214597257785793152e-02 1.162724883315636448e-01 7.643660740410745946e-02 2.382825935095902320e-02
2.864795619116863090e+00 9.020253598554347496e-01 6.867255279925939249e+01 2.242061232995259598e-02 1.191627421417921912e-01 9.775009548734747700e-02 1.340048110252746796e-02
2.941301953974975181e+00 9.923214632462824536e-01 6.871736985208339377e+01 2.229358407019070218e-02 1.164327505372330235e-01 5.197964069821609662e-03 2.173646713397805671e-02
2.957895016212265471e+00 9.902016340990619225e-01 6.840836148019538143e+01 2.252869610236972464e-02 1.169521034201025239e-01 3.329567201145963024e-02 6.079698638162675528e-02
3.151948821042942939e+00 9.405728275280710315e-01 6.838823601230802751e+01 2.212212847956030945e-02 1.224837961751444604e-01 3.139678092680161375e-02 3.391211431691935202e-02
2.924262232749212043e+00 9.808794587660576436e-01 6.893838662128592887e+01 2.240957571019617373e-02 1.230812301214144061e-01 7.517656555391627818e-03 3.307875975448249656e-02
2.804012442829340035e+00 9.810397099163876700e-01 6.950446122624974521e+01 2.224776666120202931e-02 1.253863197728097290e-01 8.245619568680074424e-03 6.278971129439041288e-02
2.875361806676775878e+00 9.275751584323753685e-01 6.854751612519143578e+01 2.206925239424760779e-02 1.202138550632212283e-01 1.486654449222674090e-02 4.770325396906441306e-02
3.080238688569731043e+00 9.606668655222925235e-01 6.905084068562173627e+01 2.251206171326027711e-02 1.137577544388895107e-01 6.659980774347951452e-03 3.755504366054460835e-02
2.922969608802061803e+00 9.961593014923959544e-01 6.918992859376979254e+01 2.222641758080707783e-02 1.194705360673027211e-01 7.862883720461065484e-02 5.414035579682615479e-02
3.092023663798091349e+00 9.996339763253330180e-01 6.860862897732124566e+01 2.201134395732192578e-02 1.204213806566197115e-01 2.803942216879914962e-02 1.863979149747511943e-02
3.120631581057519366e+00 9.719444927614080409e-01 6.804158172364898860e+01 2.204643682359456319e-02 1.108470817847686668e-01 4.910814915364405259e-02 3.036630524095649403e-02
2.809804108116267241e+00 9.985739258799430917e-01 6.868318319910181913e+01 2.221971217768988274e-02 1.211621949580528740e-01 6.158146606006566215e-02 6.290608701407460202e-02
3.130600308208417282e+00 9.966782805628932040e-01 6.875300328728366139e+01 2.242255110301347165e-02 1.247253444318585924e-01 3.835966239611510176e-02 7.203292302047384355e-02
3.066755759110529667e+00 9.802182524386191531e-01 6.840028882407554534e+01 2.200593130878784540e-02 1.112156426233562034e-01 7.517457495183116345e-02 6.927283617031354535e-02
2.967509178757103960e+00 9.278832552173755799e-01 6.826162416127237975e+01 2.205962690879405622e-02 1.155997595074036571e-01 3.670739650079795496e-02 3.440440279493564568e-02
3.193599176209190649e+00 9.260294422478775322e-01 6.822519632180001281e+01 2.206525407913619355e-02 1.152494124055520597e-01 5.847097823920202608e-02 2.555519265551813024e-02
2.809856840630995389e+00 9.343773379748293584e-01 6.819321372083012989e+01 2.200483096027194135e-02 1.176227446287682749e-01 3.002599799122339722e-02 4.131767771474213063e-02
2.823243781072214631e+00 9.827206014478248042e-01 6.867334629533357315e+01 2.236028509603671041e-02 1.144095507650095128e-01 3.156745331769720414e-02 3.017649450283954593e-02
3.015363962665048803e+00 9.510059010566578319e-01 6.980772308617292765e+01 2.252291791003398214e-02 1.289862173602186191e-01 3.387784713848807083e-02 4.206012060737816111e-02
3.004413400944469181e+00 9.599072688144951737e-01 6.782166041825554714e+01 2.200088494256189145e-02 1.128052731155916172e-01 9.376000792391389616e-02 3.319962686688122250e-02
2.840226586148145493e+00 9.703886740942114786e-01 6.905586044753707142e+01 2.240982510026704941e-02 1.136507722263325609e-01 2.401857543587290408e-02 1.245505054021662367e-02
2.915419742282995053e+00 9.108044491753857219e-01 6.921395700181993504e+01 2.227260544565293557e-02 1.154925367894376054e-01 1.049062118045161057e-02 2.590941204147290816e-02
2.813838628157569577e+00 9.420605436826086088e-01 6.848038904703136609e+01 2.227878823862795843e-02 1.221871684188595847e-01 1.396610427168509805e-02 3.726449567243375616e-02
2.969733826513272223e+00 9.453235832712707509e-01 6.912139421123484340e+01 2.259200119850932054e-02 1.155858209307938644e-01 7.004416667807350505e-02 1.306747165993572476e-02
3.011038261465835753e+00 9.969783327388392902e-01 6.831295193971115509e+01 2.229361117399209988e-02 1.236076600342895515e-01 4.271033275331388712e-02 1.118893583435097774e-02
3.147062426938559643e+00 9.556915141696686877e-01 6.829246956684377778e+01 2.200012058385630159e-02 1.117041294401981688e-01 3.699906064442259196e-02 5.211622157743710931e-02
2.949398520442307436e+00 9.343764721253393635e-01 6.893597033461009005e+01 2.257744952310269948e-02 1.194160091186732137e-01 4.765626693607990377e-02 4.310362403966844919e-02
2.943315914136968026e+00 9.246213889772983974e-01 6.880849617791220396e+01 2.233435226977954075e-02 1.131364166276504629e-01 2.095773579396532915e-02 4.250739284000949747e-02
3.163442789542801226e+00 9.095215975629933336e-01 6.879959235631895353e+01 2.254266530083335121e-02 1.150743704644131421e-01 9.082025989723396808e-02 7.063734108988371785e-02
2.805135133148997983e+00 9.013734953424664686e-01 6.863047629350052148e+01 2.257535712171891695e-02 1.176094188624673548e-01 7.364149771076196338e-02 7.034635852727601224e-02
3.144604154107173422e+00 9.684448162978881447e-01 6.863067798258973085e+01 2.237985568937340616e-02 1.193397954260375926e-01 5.928092013976515168e-02 5.809825832109286048e-02
3.118773776929287145e+00 9.178967756973509529e-01 6.903172851777311791e+01 2.247618587853066757e-02 1.256966568219172742e-01 4.195257194894970454e-02 5.393738606760520998e-02
2.918959563400120416e+00 9.529735525153757436e-01 6.859483314184191727e+01 2.239811260319509237e-02 1.153344052707046125e-01 7.209975143570412914e-02 5.131436276676428626e-02
2.888142028763410085e+00 9.470437642814808488e-01 6.909853324672175745e+01 2.254026103029741282e-02 1.109930292340183672e-01 8.192261508788590413e-03 6.135180999137841013e-02
2.861903356213634453e+00 9.858656224112261057e-01 6.863211987481780341e+01 2.251299788920643752e-02 1.169413388906469092e-01 3.802656329054002193e-02 2.567252420786085565e-02
2.891530799050719303e+00 9.904205233133834829e-01 6.869338728612812872e+01 2.244440563586574608e-02 1.127904969665955714e-01 7.302326518235614794e-02 2.436416872167459363e-02
2.883262016994477150e+00 9.783099184564350015e-01 6.805533468295281807e+01 2.209588187746157339e-02 1.141927093874588045e-01 8.177027801843622656e-02 6.767043040108242091e-02
2.910647959159049947e+00 9.200662798946698251e-01 6.892869355886469407e+01 2.239989860949255160e-02 1.147014666139521966e-01 4.464579461748843792e-02 4.550925906914837088e-02
3.033115647985558549e+00 9.895996110170826032e-01 6.948393682936182358e+01 2.238501837399185790e-02 1.234389292580724828e-01 4.380909538678375015e-02 3.171534144544722184e-02
2.837100257067628029e+00 9.403597671459094087e-01 6.965157755497249070e+01 2.242262822056080226e-02 1.106322896678871709e-01 3.500157294119993212e-02 7.981390916574848671e-02
3.027354734915686407e+00 9.820795815114046201e-01 6.973493412316135220e+01 2.229902202629568606e-02 1.269590566483278504e-01 1.996505748789405635e-02 6.270591051741974953e-02
2.941364825975427699e+00 9.471278760901021831e-01 6.855945531907876500e+01 2.200765423469054280e-02 1.178337724931715208e-01 1.624415591740374296e-02 6.055282357593152337e-02
2.826008676855475521e+00 9.385255232063569597e-01 6.876246746434668466e+01 2.219802874486824160e-02 1.215265434612426976e-01 1.010800520932929672e-02 1.082352315828973705e-02
3.061208465999194051e+00 9.630749393789855839e-01 6.870137432384426290e+01 2.206522489680204716e-02 1.131932120456592139e-01 8.217673906890873847e-02 1.759071150369461919e-02
2.960988642165845786e+00 9.009540111384195527e-01 6.861845998339907737e+01 2.231919899353012465e-02 1.184033934214527017e-01 9.766404681232022933e-02 5.955922410779369153e-02
2.939547633219985023e+00 9.852172452814706993e-01 6.900809542347744241e+01 2.234588494746403420e-02 1.161718529119299959e-01 3.635350656184404422e-02 2.403748364123731163e-02
2.901310101329659830e+00 9.928857452802983818e-01 6.830080911993957216e+01 2.200098169975722023e-02 1.150184398848453499e-01 6.554317894738036221e-02 6.727095418255255033e-02
2.837427341905716549e+00 9.283498684772177878e-01 6.902749231493240245e+01 2.214552262345993380e-02 1.198102374345723919e-01 8.449493573197656981e-02 7.591177665702326938e-02
3.195875549270195570e+00 9.405107131918992724e-01 6.945921965638379447e+01 2.259796845532617560e-02 1.160931723751904288e-01 1.642715603839627406e-02 2.065710184558210150e-02
2.931845129153380913e+00 9.625708296083288484e-01 6.854054290854857356e+01 2.215856682809244291e-02 1.184054108251123838e-01 3.610210932624652314e-02 2.530848766903678881e-02
3.048397603789343879e+00 9.647942057812599614e-01 6.890162281431024383e+01 2.253872479950134664e-02 1.176872059891102273e-01 3.922028945385248183e-02 2.395709302072873345e-02
2.900974023020709947e+00 9.487857764563649710e-01 6.880351279909687889e+01 2.241078119645468700e-02 1.161838108218674337e-01 7.853600482670847205e-02 2.335760894375376109e-02
3.192975537364555194e+00 9.246358216752730286e-01 6.858545732446512488e+01 2.202499814022028379e-02 1.182373337929698703e-01 5.724573220490561387e-02 2.715539334118268616e-02
3.046796915794836025e+00 9.724793381974508044e-01 6.912417050136147623e+01 2.257934504747424048e-02 1.186120679159381186e-01 9.490128446778040017e-02 1.938334038729516012e-02
3.013453416277792396e+00 9.028826007107811913e-01 6.890734600209945881e+01 2.243945588514294209e-02 1.285732171471640761e-01 8.427645698564140142e-02 3.662214507816582282e-02
3.178677352170752979e+00 9.830346138435038794e-01 6.810856678921152252e+01 2.219703617078925759e-02 1.171427392877615881e-01 7.925497425963212716e-02 7.222423596118326961e-02
3.061208465999194051e+00 9.630749393789855839e-01 6.870137432384426290e+01 2.206522489680204716e-02 1.131932120456592139e-01 8.217673906890873847e-02 1.759071150369461919e-02
3.013378779511106664e+00 9.902997746514949906e-01 6.908787439878504699e+01 2.246395688611162525e-02 1.222442195088333516e-01 7.078427660261382877e-03 4.925395992059448946e-02
2.955526754463335681e+00 9.373355419155227075e-01 6.901853362043155471e+01 2.253329738938942076e-02 1.186555217522040351e-01 3.409353626381971675e-02 6.708218149472898462e-02
2.897629874568296238e+00 9.005161542713727707e-01 6.858449668149421541e+01 2.259069766991490813e-02 1.122192459133058567e-01 5.727574271731525335e-02 5.357865117110400394e-02
3.006304007276300982e+00 9.439809846323777842e-01 6.798983427066204399e+01 2.201377109070597887e-02 1.155520179635577682e-01 2.339249416675271559e-02 2.051892083818072920e-02
3.046487471557963733e+00 9.131530776469496402e-01 6.868428369625510754e+01 2.249440432699253631e-02 1.123698021230139094e-01 9.150629354744124755e-02 3.093500463708956372e-02
3.155745366101666338e+00 9.327330906058588500e-01 6.899622459694819554e+01 2.247130419289295258e-02 1.163636925422636970e-01 7.544902854891891164e-02 6.407490761181296179e-02
2.837163871632014889e+00 9.241250215129895862e-01 6.902880266840261925e+01 2.247402739204364119e-02 1.217187792159754312e-01 2.575527433511341086e-02 2.352180390662355139e-02
3.124880360912484889e+00 9.613730748823859917e-01 6.847680449600785835e+01 2.238039893483998247e-02 1.158269855840074053e-01 8.162318957740320735e-02 1.456445781885732337e-02
3.142450358750764394e+00 9.606970094036597629e-01 6.814391509610406672e+01 2.239290675156536611e-02 1.119525418140188411e-01 5.916787455499795956e-02 3.685744841515344733e-02
2.996542242108024556e+00 9.572373009893887508e-01 6.937883382624715978e+01 2.219103347155099507e-02 1.232528268237538249e-01 4.645974256233075667e-02 1.561243714749438807e-02
2.915746503771752263e+00 9.591502057907684842e-01 6.887846113981520091e+01 2.225920860921921235e-02 1.177388702331780279e-01 3.481150757027817733e-03 2.611847215865942262e-02
2.992244404836069904e+00 9.029220133192540354e-01 6.862085067667361216e+01 2.224433124004055254e-02 1.163994676073823592e-01 6.187170283993743969e-02 4.664552324141143375e-02
3.151770031190088694e+00 9.106716271876933444e-01 6.894254376402795970e+01 2.222614870460109734e-02 1.202386883055936023e-01 9.782141373747739455e-02 4.543984303596005497e-02
3.003341386159577464e+00 9.177077922668996912e-01 6.765318911666250301e+01 2.204429439279845596e-02 1.138540454554104742e-01 7.806005953778222262e-02 4.139174330119160111e-02
2.986307819692590737e+00 9.005823108356268980e-01 6.861961486110658370e+01 2.250432628046431655e-02 1.150576913792018680e-01 9.727752451882974716e-02 7.856349150442323848e-02
2.982967228142896499e+00 9.600890192983179139e-01 6.866055629645570946e+01 2.236628912188012505e-02 1.102103097261905862e-01 2.219938137810835432e-02 6.115243401370715898e-02
3.162048155499087354e+00 9.734675647707301538e-01 6.873762824799771920e+01 2.226167154693660388e-02 1.132238245972741475e-01 8.305354345219387313e-02 7.912162040634261595e-02
3.124202337447626210e+00 9.635039059654972871e-01 6.823848004488387176e+01 2.200324617048639991e-02 1.167826553818255980e-01 6.936469425739649752e-02 1.148213911565633925e-02
2.922969608802061803e+00 9.961593014923959544e-01 6.918992859376979254e+01 2.222641758080707783e-02 1.194705360673027211e-01 7.862883720461065484e-02 5.414035579682615479e-02
3.009924495101029773e+00 9.171641886294034096e-01 6.898166142628934949e+01 2.228674118905634577e-02 1.214474152678861330e-01 4.818723198956216536e-02 4.662057765191524039e-02
2.897175847484747990e+00 9.056045735233995142e-01 6.866325690784039182e+01 2.244023526670666999e-02 1.242668468294304274e-01 7.541568450656432887e-02 4.553979616285278725e-02
2.897070670165796891e+00 9.992304469731008165e-01 6.864730867010132442e+01 2.228334595029173720e-02 1.201787468295499456e-01 7.750493865478140509e-02 6.216753702965478745e-02
2.933254988993306611e+00 9.328239183475937057e-01 6.869390656473672152e+01 2.236678759226492369e-02 1.157859026720395451e-01 5.114229157191956671e-02 1.696262610165145263e-02
2.861195949697616037e+00 9.130626734941270639e-01 6.874248530341674268e+01 2.211997412841271507e-02 1.188720357972380681e-01 6.922822434429171112e-02 3.130666399396473537e-02
3.051375526916582981e+00 9.454272975686021097e-01 6.819147862299023188e+01 2.219102845842816502e-02 1.200315117533322928e-01 8.813792639846207422e-02 4.515658773043045027e-02
2.854381371187324934e+00 9.008632145132482449e-01 6.876516497572062292e+01 2.243857955540561055e-02 1.133103910146536358e-01 5.407316806262435493e-02 4.382114094346727801e-02
2.880343520535352919e+00 9.199584716265100104e-01 6.872702005783803259e+01 2.231086241408150941e-02 1.151064380340970084e-01 1.406078383560442971e-02 3.109456099010943914e-02
3.034036309404226639e+00 9.613846513538301108e-01 6.838428631741999197e+01 2.234603361920854681e-02 1.169205082919513028e-01 6.919942532724969453e-02 7.907317794362675456e-02
2.922099817487332274e+00 9.551709119399588443e-01 6.853123371534819341e+01 2.243339673428563011e-02 1.165606880654881800e-01 8.507421212906046692e-02 4.348649091020648921e-02
3.108722485875639929e+00 9.978326299449967740e-01 6.934464653628553776e+01 2.257438606926275015e-02 1.115756979666455428e-01 4.862599192690145872e-02 1.710791792426196237e-02
3.116646882380356587e+00 9.124959629011257789e-01 6.866200355867350424e+01 2.208544513536740000e-02 1.130743661290127544e-01 2.742984103407417745e-02 1.015022130137735630e-02
2.984125325456170597e+00 9.651574040813355460e-01 6.902187501921673629e+01 2.237790145337731004e-02 1.248815297776791483e-01 8.703928736999688373e-03 5.888494225884190886e-02
3.161284055535903192e+00 9.981445810974346466e-01 6.965260070523146396e+01 2.234436675930616401e-02 1.253111801390402735e-01 4.199638130426992799e-02 1.653576575399753890e-02
2.964107040565143514e+00 9.791105874384803398e-01 6.900704417373611932e+01 2.249532905466266469e-02 1.188568253508316130e-01 3.693458228113632308e-02 6.353245722461701994e-02
3.013143966359232984e+00 9.361366780767119700e-01 6.915729602086308603e+01 2.216982147826744229e-02 1.249062832725840871e-01 8.523344270581812571e-03 1.064768593045329649e-02
3.077379066365851568e+00 9.367866669966443682e-01 6.801395590837694272e+01 2.214267001626294903e-02 1.154371568822604860e-01 7.783528258476977990e-02 4.640436390857991672e-02
3.099041726559165877e+00 9.070769964355850368e-01 6.796092775414892628e+01 2.212669782709981992e-02 1.183409061448818245e-01 8.990366786195369553e-02 6.815606260614499867e-02
3.004413400944469181e+00 9.599072688144951737e-01 6.782166041825554714e+01 2.200088494256189145e-02 1.128052731155916172e-01 9.376000792391389616e-02 3.319962686688122250e-02
3.084415314112661122e+00 9.326325711478992142e-01 6.854125975603420784e+01 2.206902600242230741e-02 1.134144568604571884e-01 8.251001686104198624e-03 5.130587181828928645e-02
3.102010343210706900e+00 9.636304209609535265e-01 6.888659910521231211e+01 2.205826257013809161e-02 1.256648746418781992e-01 5.977259284751429425e-02 1.927084143925777981e-02
2.828257924045728622e+00 9.654042998540163234e-01 6.915849947444041845e+01 2.224676309180413994e-02 1.262612988155405735e-01 3.059281781434788558e-02 4.974303739318960277e-02
2.886827754796887469e+00 9.192634364118918988e-01 6.963225435132189034e+01 2.253962180198610180e-02 1.208723221075374693e-01 4.616806783601811598e-02 1.135295854448879760e-02
3.047810970775941986e+00 9.783770644509492964e-01 6.888326020729526533e+01 2.226912874296151784e-02 1.216116182003476598e-01 9.278703705465599083e-02 1.084160734939621125e-02
3.150097622287003407e+00 9.971229298711845601e-01 6.858734329994325662e+01 2.224468432276320226e-02 1.153394810376254243e-01 1.931417847585499906e-02 1.350532677704911581e-02
3.083433111523166570e+00 9.749972659063407265e-01 6.792689040766529729e+01 2.223392261081964805e-02 1.147775262728148865e-01 2.456926264890787678e-02 7.639662138372746436e-02
2.853204756675318698e+00 9.032927450863091901e-01 6.891081249994738300e+01 2.224845987406862818e-02 1.252437540052504517e-01 3.906179499710929481e-02 1.277490925696449925e-02
2.880096892782302298e+00 9.521336529672111970e-01 6.865174032480958033e+01 2.244770684994488660e-02 1.191383561651331024e-01 5.735071568815879733e-02 6.125271005104546834e-02
2.939566377831963617e+00 9.212871389468857419e-01 6.878922767847248565e+01 2.250161656003215813e-02 1.170850474304597211e-01 5.929232735399095344e-02 6.538269506962433864e-02
2.846711291999489912e+00 9.097324274082398965e-01 6.943399642620006773e+01 2.200086842509708582e-02 1.196266707099304938e-01 5.157466890618309791e-02 3.260838291875205186e-02
2.957284283283734272e+00 9.250479966044742319e-01 6.863549842124335498e+01 2.237491476093541459e-02 1.141288468574422205e-01 7.406106981355102536e-02 2.865310096867842299e-02
2.983436823537312765e+00 9.744041684183226693e-01 6.870340665887002274e+01 2.247631789934255789e-02 1.180315356413003114e-01 5.533799685973095871e-03 4.428463091832917503e-02
2.995869817615461006e+00 9.626699654672703499e-01 6.884861723792147359e+01 2.252056957947900367e-02 1.189848536198624268e-01 6.725389702414466542e-02 6.131338929579444041e-02
2.995926161361711415e+00 9.497890376803033163e-01 6.901999127131321643e+01 2.238114272392155435e-02 1.184094428198233517e-01 8.069779940316086295e-03 7.048021084977626471e-02
2.910293939422186060e+00 9.803607027949519104e-01 6.870333247381738317e+01 2.238959179771852354e-02 1.104498900516542592e-01 7.692354984332883117e-02 3.424137625483279074e-02
2.847735634961712226e+00 9.346723056558214893e-01 6.864983824339040552e+01 2.226406011748615146e-02 1.165055878291003516e-01 5.923414679928056675e-02 7.656854753644669331e-02
3.157794780145584568e+00 9.224638407353528136e-01 6.887530077436960596e+01 2.214305639549603993e-02 1.206164548127209163e-01 7.487246618629168904e-02 4.966305350941454394e-02
2.836956428116132134e+00 9.306439111969819766e-01 6.876467102068826875e+01 2.241345560042453527e-02 1.193456394663098136e-01 7.091200818555976233e-03 7.000578471821178317e-02
2.982967228142896499e+00 9.600890192983179139e-01 6.866055629645570946e+01 2.236628912188012505e-02 1.102103097261905862e-01 2.219938137810835432e-02 6.115243401370715898e-02
3.077193406769365147e+00 9.338527074547586793e-01 6.792592874558017968e+01 2.208479952220974291e-02 1.142246842225583953e-01 9.414037019586163346e-02 7.408968377637484282e-02
2.924125184060047733e+00 9.267141578743917085e-01 6.850160926702099573e+01 2.216117366632799901e-02 1.161444202744326831e-01 8.126956506438401395e-02 6.393750169278827888e-02
2.995284822288370119e+00 9.037536512993791238e-01 6.859352147831107516e+01 2.215974134280638067e-02 1.182272421501888993e-01 3.067203440216803578e-02 2.388726760046911909e-02
3.018424731073496847e+00 9.519380617267679812e-01 6.910222372235186583e+01 2.256234167359295884e-02 1.109511160739749813e-01 3.022660210978808312e-02 6.474223174076997045e-02
3.101448777673552648e+00 9.647976356596303926e-01 6.857975748535457683e+01 2.248016142349164997e-02 1.194278271138726893e-01 6.537398614035475064e-02 2.207938714464418792e-02
3.074054815818741737e+00 9.473826010199963843e-01 6.997558814872185451e+01 2.206322607759281587e-02 1.297134825967323490e-01 1.262351815290174879e-03 1.047880934777927452e-02
3.155908879124291300e+00 9.189492565677953584e-01 6.846832597082561733e+01 2.256757807111294326e-02 1.211085686716911053e-01 5.676798880614985360e-02 1.646497376322492850e-02
2.878551049761274516e+00 9.092661298711450790e-01 6.841589886791774688e+01 2.228343176497364977e-02 1.158704055814815115e-01 8.091982718910990802e-02 1.387391418581878852e-02
3.060874673730516360e+00 9.321406205592561722e-01 6.871280934921404082e+01 2.246340220326877718e-02 1.153476505464084007e-01 8.294973425236976117e-02 2.099827156776899739e-02
2.952087194980386187e+00 9.900414029925893589e-01 6.808051001025206972e+01 2.230776150060114621e-02 1.104668174766820360e-01 5.690982866981483812e-02 2.832003615348057529e-02
3.098839357853130583e+00 9.082500684504226651e-01 6.847236702927192198e+01 2.239582357178929867e-02 1.174020545161742202e-01 9.526202056877415558e-02 3.210094823715789469e-02
3.147313165550693181e+00 9.685880378437314864e-01 6.998151727645284836e+01 2.238142705963406393e-02 1.258259485807790290e-01 3.246752275835673718e-02 6.061778191697903689e-02
3.106281942453701816e+00 9.024452875388049300e-01 6.905695089130921360e+01 2.220088757724395651e-02 1.163565090842938327e-01 2.374600250950963456e-02 5.934225697133611171e-02
3.116419550342530709e+00 9.154177173252864286e-01 6.896838675966372989e+01 2.229927101148336879e-02 1.170447947325872901e-01 4.951486148650408557e-03 4.849255614983521284e-02
3.132347505694156542e+00 9.415904435592186150e-01 6.811680437473373217e+01 2.223762629868593355e-02 1.134644090808686334e-01 4.558577705347099940e-02 2.665951649081853975e-02
2.904818726795676653e+00 9.729499569710408080e-01 6.889764156416244134e+01 2.254509302834628581e-02 1.192387594818365426e-01 5.986001829304046784e-02 1.569791899579963540e-02
2.801039184779611890e+00 9.494683261721514889e-01 6.904127467988662659e+01 2.226936940751101865e-02 1.167200089206276437e-01 8.147205555276842981e-03 7.475459852953941775e-02
2.981609895133284116e+00 9.953375731467936083e-01 6.853198133820677640e+01 2.206993998512775390e-02 1.151498226730072461e-01 2.613396047954343396e-02 2.609199684427220695e-02
2.953580405002648845e+00 9.857426194830396504e-01 6.847004425173211928e+01 2.238563798406508626e-02 1.133070277898258482e-01 6.825671007328105999e-02 4.662937253694756506e-02
2.975032422075207794e+00 9.274268823084343971e-01 6.882115060388979089e+01 2.226897146478661396e-02 1.267217721764449523e-01 3.691028979996202608e-02 3.208919067893969967e-02
2.942272442440361679e+00 9.581546416281074841e-01 6.797988369619055504e+01 2.210570645447652166e-02 1.170520015356370097e-01 5.201629203194866463e-02 6.135336789278606623e-02
3.027283690906231062e+00 9.533033015412070155e-01 6.786439310774710520e+01 2.227168133548202561e-02 1.137043295944659416e-01 4.521966148556103016e-02 6.905088119425518978e-02
2.889230696924853792e+00 9.950364210182514046e-01 6.883539937873605652e+01 2.227512000736593667e-02 1.265246726359796903e-01 5.821875936294471088e-02 5.798550923592279971e-02
2.821938489233380309e+00 9.908762763116061301e-01 6.855759620788775521e+01 2.252822591722351830e-02 1.120300528479813429e-01 1.964428864706343689e-02 7.306273644056390792e-02
2.858176970112246806e+00 9.957162271727607594e-01 6.866289528395043362e+01 2.212884266261370622e-02 1.226065999125738187e-01 7.499397021142739997e-03 5.634313675327143334e-02
2.950790726115353202e+00 9.381976314286424312e-01 6.834956326858656439e+01 2.217646976202501674e-02 1.133375351638733902e-01 7.802442493542766089e-02 3.518703099515174681e-02
2.889934311288841151e+00 9.702336851811906859e-01 6.852693158781001159e+01 2.221355066826574687e-02 1.209220918719836474e-01 8.186532015610613333e-02 6.800186139639535776e-02
3.055505655999535275e+00 9.285942722066933275e-01 6.865894297679682268e+01 2.228787783243571172e-02 1.180035293430592436e-01 3.463351398352855492e-02 1.045564874277383517e-02
3.091788976012174395e+00 9.617489844293338752e-01 6.821735045093234362e+01 2.204493023801036913e-02 1.169909244473143345e-01 9.403782383641715037e-02 2.571365269358805161e-02
2.807977616429302881e+00 9.973603215340420824e-01 6.902280406310167393e+01 2.254017974475142419e-02 1.145006514812565018e-01 8.655060906364886453e-02 3.116806009917885700e-02
2.961442328612526431e+00 9.547340057768028965e-01 6.863735381766808530e+01 2.216856331816742173e-02 1.129953198088552158e-01 4.614512189930941935e-03 2.533666149122392602e-02
3.060417245504249983e+00 9.377084920329451512e-01 6.858892787983428718e+01 2.230898168449683971e-02 1.183316633692872710e-01 5.876786776683013205e-03 1.724642677408640482e-02
3.021838363180534781e+00 9.767150288266821523e-01 6.921455222731400170e+01 2.217281341752842111e-02 1.202793764161172868e-01 7.786983327139039568e-02 3.586871407605220913e-02
2.891738157755671335e+00 9.852314516640772180e-01 6.858921640858048363e+01 2.255177756955541873e-02 1.126226768784762272e-01 5.490228147022541139e-02 1.054082829301734685e-02
3.078009816609897253e+00 9.679693721381417149e-01 6.783490292629717544e+01 2.206824432208107090e-02 1.133187427350610815e-01 7.874111049049219158e-02 3.878861875964108308e-02
3.092597327584608813e+00 9.849174128764648373e-01 6.849045160960639578e+01 2.259877222530571120e-02 1.137229356279244180e-01 1.976129708897424175e-02 4.322515074909413085e-02
3.190946383918621621e+00 9.243818223583728511e-01 6.855946690829108547e+01 2.243778684316945563e-02 1.217474930143161993e-01 1.978263115420229173e-02 4.746500250485787692e-02
2.829996364872705339e+00 9.834656224802528213e-01 6.847135372884363846e+01 2.218179937546720451e-02 1.126004992529972271e-01 6.713836700717631945e-02 4.657389915473446329e-02
2.854563074708207804e+00 9.821771436073610806e-01 6.892492959904703298e+01 2.251162578467263281e-02 1.194901673862851094e-01 3.815166924563474088e-02 4.946751341890838483e-02
3.136617479406941023e+00 9.062562713645606616e-01 6.803938269810997497e+01 2.226539891208574595e-02 1.180874219151438476e-01 3.586719068713643127e-02 4.747893205953841733e-02
2.843789707905956199e+00 9.994215667075809773e-01 6.895157626488801839e+01 2.236519526144909592e-02 1.200028843240650428e-01 6.260514608179373885e-02 3.450146855817021185e-02
3.086459058604208217e+00 9.640279878161079896e-01 6.846730859399330882e+01 2.218197092857378608e-02 1.166608436522050263e-01 6.892013858959805846e-03 6.108703082165380799e-02
2.998020164591010950e+00 9.737125434587878825e-01 6.928911861964670038e+01 2.251298694357854735e-02 1.151902258749645663e-01 2.126879439724058823e-02 6.540093267585503356e-02
2.811356862241647381e+00 9.700982553275092624e-01 6.901437033661080989e+01 2.244470742217621190e-02 1.132203242575363922e-01 1.331800913839025283e-02 2.478205534856946918e-02
3.118335119478627515e+00 9.886395883594145673e-01 6.890371188764321175e+01 2.208512887564954841e-02 1.250390376824625782e-01 6.668909657500009247e-02 5.437111811161483149e-02
3.075685941858150141e+00 9.466939546826506069e-01 6.924380663446150663e+01 2.255087617226921720e-02 1.258067231809795739e-01 3.959868900006644626e-02 5.465389413450008615e-02
3.118773776929287145e+00 9.178967756973509529e-01 6.903172851777311791e+01 2.247618587853066757e-02 1.256966568219172742e-01 4.195257194894970454e-02 5.393738606760520998e-02
3.175685896026486432e+00 9.079861563822321235e-01 6.861742810634403611e+01 2.236244491428013639e-02 1.176184302752002336e-01 7.370273325299646350e-02 4.344682111596414459e-02
3.156021718986585345e+00 9.606307798451374502e-01 6.828407424276326765e+01 2.224782715758310409e-02 1.152148166899121251e-01 8.133245266030963982e-02 1.435898970112725950e-02
3.119295431058049406e+00 9.606236881938998717e-01 6.859283294356929161e+01 2.232916858932457865e-02 1.152272825105475074e-01 7.694582890050971624e-02 5.822358147383845800e-02
3.008802518592263109e+00 9.697662592647309232e-01 6.874891721825913748e+01 2.213495500219388179e-02 1.234204714551545845e-01 2.382823671111158545e-02 1.877053505390744587e-02
2.910647959159049947e+00 9.200662798946698251e-01 6.892869355886469407e+01 2.239989860949255160e-02 1.147014666139521966e-01 4.464579461748843792e-02 4.550925906914837088e-02
2.862864578667554394e+00 9.323324737330839218e-01 6.830581887187035761e+01 2.213790337020710847e-02 1.179173790251266396e-01 2.423891167392184728e-02 6.862350825721096059e-02
2.960692899450149351e+00 9.431587717677836213e-01 6.876935034924734680e+01 2.226077393908670182e-02 1.193502409618221322e-01 3.815661165328202570e-02 1.112875194466280727e-02
2.959219602864008536e+00 9.832860294452253624e-01 6.981442083293899259e+01 2.232436166226034122e-02 1.282838727479577445e-01 4.792257612989309079e-02 7.812164346500252710e-02
2.892634213128163712e+00 9.093851520792995968e-01 6.879817016996611301e+01 2.258501849309876505e-02 1.155906612111019111e-01 9.258395685160791810e-04 5.874800973005969706e-02
2.967463802275891460e+00 9.616276077954577506e-01 6.860312192622760108e+01 2.229104268632063623e-02 1.162803556716764802e-01 5.430427944259224454e-02 6.166206210048583158e-02
3.053443479822340656e+00 9.096762290212195845e-01 6.773834529937846582e+01 2.224600028869331073e-02 1.110230077646208180e-01 8.317139327605044263e-02 3.485664366790405810e-02
2.941392467346095607e+00 9.369966348631200148e-01 6.814584408261107740e+01 2.203635500428577018e-02 1.177081295340683259e-01 8.582524519986024780e-02 6.396638556545018728e-02
3.149312057849673607e+00 9.232396071144008953e-01 6.929678345586734167e+01 2.235968320177781146e-02 1.194125670677376877e-01 1.827586158622779289e-02 5.069720372951846271e-02
2.941482972676410679e+00 9.527597328507153573e-01 6.911923602086147866e+01 2.243607676600244127e-02 1.228313608624087283e-01 9.609176680961468986e-02 2.204682815198974813e-02
2.865435685776837271e+00 9.362477796108663597e-01 6.839908808567510334e+01 2.223496990961632350e-02 1.136122990484520062e-01 9.834454724550464877e-02 7.638484218774239942e-02
3.093614151607784635e+00 9.085274161011855920e-01 6.951700960193676337e+01 2.220615717326970134e-02 1.282889182310157361e-01 2.740383298334849935e-02 2.875195109875932492e-02
2.950874562183964933e+00 9.961012168812022338e-01 6.855469486765537113e+01 2.232676283590270122e-02 1.182894598601674507e-01 9.528502844779174197e-02 7.842206693247037730e-02
3.148979224808739819e+00 9.269871616991487429e-01 6.885091788376065836e+01 2.228641088261895664e-02 1.203954632297476457e-01 9.786560572459999940e-02 3.724354527322682601e-02
2.930944080946874752e+00 9.742212527350828655e-01 6.907957760258032920e+01 2.258748995675681839e-02 1.152728763114624078e-01 8.948582215149927799e-02 6.407586037071767715e-02
3.069225904038656694e+00 9.008178388422100058e-01 6.924467872246084710e+01 2.253667211226385164e-02 1.211512210305293047e-01 2.954819408052080862e-02 1.827229891258912511e-02
2.858480024932552599e+00 9.665590092635132358e-01 6.944011905776770277e+01 2.240315925783624429e-02 1.167552137907030274e-01 1.765356249542976430e-02 4.321536832998951888e-02
3.061317342950689024e+00 9.326878145436621192e-01 6.913672820445984257e+01 2.248399515612533109e-02 1.225979155728641884e-01 5.843400168717819559e-02 6.376089367551920906e-02
3.107801439488731887e+00 9.567056697620781591e-01 6.857873299066329764e+01 2.258983710934595046e-02 1.161360224627153437e-01 9.568936745573872193e-02 7.511982102071348977e-02
2.936239472886378543e+00 9.515855210750747695e-01 6.855963784305136244e+01 2.236134107201776314e-02 1.172716185323335741e-01 6.238340127239876826e-02 4.848249137303734663e-02
2.813069194258404515e+00 9.760858993724350618e-01 6.852505796935223259e+01 2.250496082718749652e-02 1.184817804523232709e-01 9.431444861515313194e-02 4.248044190684725774e-02
3.068607141916222414e+00 9.026887984857081548e-01 6.870559682340385166e+01 2.237657226883158976e-02 1.187864093445797908e-01 8.882915356308418442e-02 4.620924544901548053e-02
3.019380737934008962e+00 9.279640618660485174e-01 6.867670164078072048e+01 2.220743357774378202e-02 1.174950269020566540e-01 4.859840386326048228e-03 3.636481111336029720e-02
2.807977616429302881e+00 9.973603215340420824e-01 6.902280406310167393e+01 2.254017974475142419e-02 1.145006514812565018e-01 8.655060906364886453e-02 3.116806009917885700e-02
2.826289389870022983e+00 9.952096255774079969e-01 6.810644683879152694e+01 2.256080891547774733e-02 1.191282234478803770e-01 4.026212624541876395e-02 2.523916903257808833e-02
2.831687933239158905e+00 9.958813479005506064e-01 6.839884518214282139e+01 2.204094730521406059e-02 1.148308849136906729e-01 4.295882998362638219e-03 3.886613685841280863e-02
3.022557280105567123e+00 9.118684089042460306e-01 6.883127886665447193e+01 2.225119866359465473e-02 1.224245630545486851e-01 5.494421304957602253e-02 1.352279231293148330e-02
3.084481297730155447e+00 9.590516265632930137e-01 6.848095835220689764e+01 2.212038633110683522e-02 1.160372003625269044e-01 4.395351990671717002e-02 2.668266247953741954e-02
2.864380630449584686e+00 9.164507132740896678e-01 6.829028966032402082e+01 2.250713438173177275e-02 1.144043981490639322e-01 5.732878766061680342e-02 6.064193181613605765e-02
3.176415016182178697e+00 9.143688869897189653e-01 6.916165148271875296e+01 2.211910485406372653e-02 1.158215610596255718e-01 3.629716184941291640e-02 6.098563678384146675e-02
2.892134944633330651e+00 9.604173508693184536e-01 6.944562305626513421e+01 2.234219747997654923e-02 1.212782619628309938e-01 8.460935021977354642e-02 1.910111926783205488e-02
2.959615863816272618e+00 9.530565611231256451e-01 6.861520512662022497e+01 2.228922282841023714e-02 1.222755836719267436e-01 7.941612154778134036e-02 1.434813049114478344e-02
3.053871692051115527e+00 9.441239594887100850e-01 6.831611816468317500e+01 2.220685360931978075e-02 1.154970711580761283e-01 3.229520453116576512e-02 7.362706322819038973e-02
2.996877506469829200e+00 9.880436390332892893e-01 6.801653974623232557e+01 2.216035139909148036e-02 1.119489645178429749e-01 9.852706460109267317e-02 7.798286238645357749e-02
2.840226586148145493e+00 9.703886740942114786e-01 6.905586044753707142e+01 2.240982510026704941e-02 1.136507722263325609e-01 2.401857543587290408e-02 1.245505054021662367e-02
3.055341035523949422e+00 9.700808954319695143e-01 6.866616226360817166e+01 2.259270233154651517e-02 1.145911174194148840e-01 5.588009707832291423e-02 3.737337287439895794e-02
2.941482972676410679e+00 9.527597328507153573e-01 6.911923602086147866e+01 2.243607676600244127e-02 1.228313608624087283e-01 9.609176680961468986e-02 2.204682815198974813e-02
3.122712782463562764e+00 9.325812152863881543e-01 6.850890120361238189e+01 2.248369550333153763e-02 1.212263488883216084e-01 3.981159379398435672e-02 1.222365684392886717e-02
2.849310730406008130e+00 9.406781545250104681e-01 6.880886181618008379e+01 2.218633524672238705e-02 1.202138849641990748e-01 4.867621032478968573e-02 4.777277234903234970e-02
2.849330073728224555e+00 9.413831371285028560e-01 6.885789730032385592e+01 2.236825723295649687e-02 1.221966407533374571e-01 8.794655393581635172e-02 7.325820706203431398e-02
2.826307398758599820e+00 9.066102007653875638e-01 6.844278604028873758e+01 2.219355301743987027e-02 1.113013774755870905e-01 2.453769103264819007e-02 4.984845399782578818e-02
3.132347505694156542e+00 9.415904435592186150e-01 6.811680437473373217e+01 2.223762629868593355e-02 1.134644090808686334e-01 4.558577705347099940e-02 2.665951649081853975e-02
3.144335381863022860e+00 9.932387423071042942e-01 6.904907725862837253e+01 2.257548075291874665e-02 1.240961009479498722e-01 7.379558378379947204e-04 5.136971654727841979e-02
3.146444851841478485e+00 9.558269152472730346e-01 6.877367618390108817e+01 2.217735360661230240e-02 1.242174816238178492e-01 6.000578041949525265e-02 3.370780758989178755e-02
2.909149592179767208e+00 9.132975698073055870e-01 6.926034219314104234e+01 2.255483527600289986e-02 1.250967179612507418e-01 5.403874194993553426e-02 4.466705184279630425e-02
3.035945856842676260e+00 9.974265776873770806e-01 6.898299279104293191e+01 2.238406202915611126e-02 1.187580378581918200e-01 2.430334604438449952e-02 3.279593561805345392e-02
3.121810367791954643e+00 9.939167970912581307e-01 6.900506740219182689e+01 2.258029701289104157e-02 1.270415159668529526e-01 5.033189566012485905e-02 6.736535824816201889e-02
2.935734548994596960e+00 9.296855310267662098e-01 6.815710733640887042e+01 2.218121123495887109e-02 1.161102103468527741e-01 8.332874900441725186e-02 4.703165337623552850e-02
3.115499443052766715e+00 9.491801399403168027e-01 6.926458541780169753e+01 2.237137976921199645e-02 1.235190828518624717e-01 6.641055288317611327e-02 5.830924010083186199e-02
3.045058738501464024e+00 9.653951374584921474e-01 6.786475739384898986e+01 2.217725059438011015e-02 1.113823907587712936e-01 5.756647656990961093e-02 3.522096923515004308e-02
2.863203421814056959e+00 9.803717598617852635e-01 6.824984393198988641e+01 2.218891416264577587e-02 1.140060759666117890e-01 6.256739804160381391e-02 3.023047101225218719e-02
2.813042820069483696e+00 9.594588072889951302e-01 6.800750780411279095e+01 2.233674786384761898e-02 1.167741499948812683e-01 8.242166249812939161e-02 5.972139509589856343e-02
3.144707063873360742e+00 9.474026175625674950e-01 6.947666032892715293e+01 2.245618221515027421e-02 1.270017047210442451e-01 8.922489121277504820e-02 6.488721125387138244e-02
3.022028352116853167e+00 9.185628473538107741e-01 6.860280310730526310e+01 2.233852246328649205e-02 1.192175532494713502e-01 7.777684043422371241e-02 6.183115215043701041e-02
3.141443411909056849e+00 9.817594965820670705e-01 6.887925989196091336e+01 2.234762015131378649e-02 1.228195826283677711e-01 9.670310875972430720e-02 5.957423032984773825e-02
3.196576137081697411e+00 9.342180415053144005e-01 6.806386082179533048e+01 2.202517832323403618e-02 1.132845128212708607e-01 2.251216513032788802e-02 4.776774245855556350e-02
2.854056631904378971e+00 9.744009237536963575e-01 6.837724111141491790e+01 2.209069765312069236e-02 1.206159922212926977e-01 1.691775059223117259e-02 1.320292068918004977e-02
2.892243453303140921e+00 9.874727235248009771e-01 6.930964108516909050e+01 2.242775156806263090e-02 1.221060323791958030e-01 1.775327699719000604e-02 7.288784068220766077e-02
2.873410332697249547e+00 9.147218126753503542e-01 6.924452704894673616e+01 2.232600587142447371e-02 1.211989097125811543e-01 6.810866574434060704e-03 5.159195784580545424e-02
3.197324433391821596e+00 9.078005194834557479e-01 6.867352828588695957e+01 2.201439699206276732e-02 1.163979301167969438e-01 6.347556870071645319e-02 6.701138990944245644e-02
3.106462158430256082e+00 9.445099911933702019e-01 6.859261924728522786e+01 2.226588832527206380e-02 1.210482243424863408e-01 3.926300611482605452e-02 3.113650710367948937e-02
2.802680288543964338e+00 9.331401129614689260e-01 6.844172476407933914e+01 2.210797920924875704e-02 1.210548797081530265e-01 7.733067139041188698e-02 3.030611815806620590e-02
2.818284216698950129e+00 9.889081016733435314e-01 6.820257300474565909e+01 2.221508874828882069e-02 1.186435106573906356e-01 1.681738026843246012e-02 3.179588959767176704e-02
2.959059832079878216e+00 9.330819467022769542e-01 6.879784760065413707e+01 2.204450135525957977e-02 1.249268714132317493e-01 8.349095376878493124e-02 5.865430944272034125e-02
3.080893098999423430e+00 9.965931860805053999e-01 6.830519163746151889e+01 2.238587298987920055e-02 1.133166845200415801e-01 2.000635331893119064e-03 5.976988847395570126e-02
3.161778210869800265e+00 9.554234330061951441e-01 6.820078850578219942e+01 2.242289223716831259e-02 1.172273749244286539e-01 7.700612569116334349e-02 6.035418676117592501e-02
2.839957955827812519e+00 9.033996538801783993e-01 6.939228519988041910e+01 2.232495857532315262e-02 1.199101046042071739e-01 4.578940112395443740e-02 2.338316922495030023e-02
2.824807636994624893e+00 9.044889033490040031e-01 6.881575420655683217e+01 2.214346628648860074e-02 1.163041625986528244e-01 2.609742894476401245e-02 1.274973720297613647e-02
2.898439146646334397e+00 9.228104322465046083e-01 6.872812311199862734e+01 2.200636285411327123e-02 1.232688951193532945e-01 4.828574785251858043e-02 4.063673730103053994e-02
2.866260382248370764e+00 9.364875961261077686e-01 6.883939288070767759e+01 2.210820512511415745e-02 1.243980599325318487e-01 2.258203116858274045e-02 5.831043489170763955e-02
2.907912708716684502e+00 9.939314913412515828e-01 6.780244408620836793e+01 2.206705633362239516e-02 1.137684375177392265e-01 1.527622779796904487e-02 6.538879851761873752e-02
2.885830568454725409e+00 9.013053869748025582e-01 6.865719932873008702e+01 2.219458370517237572e-02 1.193545157179081301e-01 5.694106989390307523e-03 5.609273831755462458e-02
3.101468535855097741e+00 9.824722702832606736e-01 6.862377263605604583e+01 2.224934078808812887e-02 1.186380923559115785e-01 1.028073273496916268e-02 6.966706380424937672e-02
2.989575917567683039e+00 9.081539555238415939e-01 6.908747408579549187e+01 2.212096228128678996e-02 1.211358373891282258e-01 3.168125612608457126e-02 6.851413631568510632e-02
3.109728828954261726e+00 9.730091601863557482e-01 6.830706508228932705e+01 2.238781983461647640e-02 1.161916495181057885e-01 2.592282664645450055e-02 2.205738541360673100e-02
2.915419742282995053e+00 9.108044491753857219e-01 6.921395700181993504e+01 2.227260544565293557e-02 1.154925367894376054e-01 1.049062118045161057e-02 2.590941204147290816e-02
2.860825970779474314e+00 9.562500858211524513e-01 6.886424191050011245e+01 2.243583374194008453e-02 1.191348457129344091e-01 8.108620660063257934e-02 5.988862148303958355e-02
2.813389533310232782e+00 9.079950677378826329e-01 6.860178055564612976e+01 2.241982766981156019e-02 1.163573510614342166e-01 9.132126563357485793e-02 3.919598124849160009e-02
2.948934369434797365e+00 9.659762520603865088e-01 6.891205614746318986e+01 2.227041802912036947e-02 1.183335412627443406e-01 7.325398893467825745e-02 6.161826760635272932e-02
2.887738072130872080e+00 9.403860717367894528e-01 6.865189318992695178e+01 2.210842305366202826e-02 1.185134202569084610e-01 7.320652465705776435e-02 5.994884695737501962e-02
3.078928035882490644e+00 9.641501227928980233e-01 6.897373187676411987e+01 2.247272925387179890e-02 1.163791769035461277e-01 8.649104403203299041e-02 3.577196648024923847e-02
2.954038144056201798e+00 9.375467182715477854e-01 6.808607237908012166e+01 2.201757918097078937e-02 1.130257693792289519e-01 9.535334946115391064e-02 7.458578485549936798e-02
2.861195949697616037e+00 9.130626734941270639e-01 6.874248530341674268e+01 2.211997412841271507e-02 1.188720357972380681e-01 6.922822434429171112e-02 3.130666399396473537e-02
3.161778210869800265e+00 9.554234330061951441e-01 6.820078850578219942e+01 2.242289223716831259e-02 1.172273749244286539e-01 7.700612569116334349e-02 6.035418676117592501e-02
3.027734554626874353e+00 9.287552639215204131e-01 6.797962351853217911e+01 2.211972310550211485e-02 1.137502715055369734e-01 1.239128640137877706e-02 1.817157779563602360e-02
2.856259114375480745e+00 9.455492010695080163e-01 6.882282266910952728e+01 2.229415826807780790e-02 1.170070663708441677e-01 1.992945468756464680e-02 4.219292452755271650e-02
3.103818198837765330e+00 9.026142346976175901e-01 6.894242754890099434e+01 2.213702189882982979e-02 1.126685325687009770e-01 6.610517745257696309e-02 1.433756502343931996e-02
2.957895016212265471e+00 9.902016340990619225e-01 6.840836148019538143e+01 2.252869610236972464e-02 1.169521034201025239e-01 3.329567201145963024e-02 6.079698638162675528e-02
2.973092820173342421e+00 9.602128709290860265e-01 6.848745656474085308e+01 2.229628167752593232e-02 1.166176702320333020e-01 7.109860612932124291e-02 5.353306804498948746e-02
3.049922363948971871e+00 9.100137117474744741e-01 6.849942352139588309e+01 2.213689322638458246e-02 1.199808130452168636e-01 1.667823595499194969e-02 4.058988039390585417e-02
3.061465859803073286e+00 9.991368994080934707e-01 6.867399983056003521e+01 2.225192192133671962e-02 1.253007183465134622e-01 1.702127752093115717e-02 7.457165960306005870e-02
2.959445279987002575e+00 9.614439276278911040e-01 6.826986964339138808e+01 2.237386204171610410e-02 1.150166540017459188e-01 5.949258588481098897e-02 2.209236574892117777e-02
2.801600302543774124e+00 9.697212327412818578e-01 6.881777963671396492e+01 2.219266113450347327e-02 1.194175534769318370e-01 6.725208064105453465e-02 7.249271354368057307e-02
2.937997674509930324e+00 9.022343488449289239e-01 6.885883001551619031e+01 2.250342778935077864e-02 1.135779224356543854e-01 9.663255111494448157e-02 6.618465729904206285e-02
2.948476306847190198e+00 9.549661700981360024e-01 6.882476427603036484e+01 2.219193935359351291e-02 1.140258725198209505e-01 5.710123845649650587e-02 7.307464869070534608e-02
2.881137921012325798e+00 9.574749612474562355e-01 6.843201420704986049e+01 2.227850814862726916e-02 1.157513823052056801e-01 6.283651639675158496e-02 5.998843142439647808e-02
3.151671171932690640e+00 9.860600226468825280e-01 6.877459779008854923e+01 2.229932458834658557e-02 1.237964311190948713e-01 1.367980282641669855e-02 5.007234034711249143e-02
2.969576859607409691e+00 9.973764520509894593e-01 6.843209882131262134e+01 2.242698159214323930e-02 1.165326534314185258e-01 8.674652006011879246e-02 4.391225876398172079e-02
3.012333942346649973e+00 9.815604318642145998e-01 6.808408986811377872e+01 2.212959682068152065e-02 1.147817587585925059e-01 4.868650379435518483e-02 5.112490524101210437e-02
3.054890871628853866e+00 9.127751334010602013e-01 6.911540063564304148e+01 2.229218691698571855e-02 1.246238376658908575e-01 9.645771085640615639e-02 1.022059600669666425e-02
3.073072459949341528e+00 9.869326640439648468e-01 6.947033234973352478e+01 2.244513717190093141e-02 1.194592502568632419e-01 7.474828127458643667e-03 2.670584453400388220e-02
3.111867357417664515e+00 9.549096919581671061e-01 6.867761821781121512e+01 2.224276654411173892e-02 1.272222932745705470e-01 1.473605053782061150e-02 3.731949060467902590e-02
2.813747337635655210e+00 9.538638752478029170e-01 6.881100945533135871e+01 2.246122103760376035e-02 1.100135841421740895e-01 7.605876269746608687e-02 3.101812645745722491e-02
2.977232097119238752e+00 9.812739830330839963e-01 6.899082072099045604e+01 2.234709848574982852e-02 1.148054641841785573e-01 1.584335270565935191e-02 2.983975512077750164e-02
3.179699722068428436e+00 9.889505483796323659e-01 6.848388901414784868e+01 2.202686397287597839e-02 1.164171491108820927e-01 3.021267147972166514e-02 6.338817650745273702e-02
2.912879556849156337e+00 9.763082368508682052e-01 6.874940533783835406e+01 2.212626603262098091e-02 1.200904464042998609e-01 1.620593017300321279e-02 6.146684569809800908e-02
3.048124937671331747e+00 9.880088822119115211e-01 6.874569700765599123e+01 2.245801474002042525e-02 1.121404108153084556e-01 9.002618009184212844e-02 4.791859043509884980e-02
3.118920822895271172e+00 9.863789323428344691e-01 6.847986906522032768e+01 2.200570121533333354e-02 1.184654091376196733e-01 3.720400135752879173e-02 1.418448022487280025e-02
2.894693329428078776e+00 9.984433650285614581e-01 6.836323763421239619e+01 2.223239225057104668e-02 1.253817540206568770e-01 2.277900694622293776e-02 4.679798246205441742e-02
2.940087562627867523e+00 9.727612120889259639e-01 6.875193960230022583e+01 2.251215739798884119e-02 1.210766105420221506e-01 5.788176418473230112e-02 1.887476305851176067e-02
3.008522556094912925e+00 9.298024339779766834e-01 6.886139714724356509e+01 2.258332044797090737e-02 1.237604188412021050e-01 2.987356626178513594e-02 7.557736834399554626e-02
2.973085062357159192e+00 9.981756362358369383e-01 6.916165678894385849e+01 2.237205767180441493e-02 1.175883286849610382e-01 6.979550363902767285e-02 5.100748545630758718e-02
2.850744643232551834e+00 9.170429655788615575e-01 6.864578509098711834e+01 2.219891944728130326e-02 1.184259327570504755e-01 4.301122095525342082e-02 2.026001207548682598e-02
3.096861246756558383e+00 9.548976326086955346e-01 6.828918422854280834e+01 2.204329386320390965e-02 1.210262147121117238e-01 7.374711538650489950e-02 7.164117118812550478e-02
3.061465859803073286e+00 9.991368994080934707e-01 6.867399983056003521e+01 2.225192192133671962e-02 1.253007183465134622e-01 1.702127752093115717e-02 7.457165960306005870e-02
2.858176970112246806e+00 9.957162271727607594e-01 6.866289528395043362e+01 2.212884266261370622e-02 1.226065999125738187e-01 7.499397021142739997e-03 5.634313675327143334e-02
2.970290748848679385e+00 9.536153439384149610e-01 6.848759164202878935e+01 2.214151585501140940e-02 1.194657356588722380e-01 3.705955143886648789e-02 6.337333866149788553e-02
2.982740156919078345e+00 9.925071271414491747e-01 6.904970908879391800e+01 2.253256109564445719e-02 1.166723664220707807e-01 6.466815090581182202e-02 3.519053868021902037e-02
2.996905240648137791e+00 9.323536112700525624e-01 6.819550370523472793e+01 2.205662728495583202e-02 1.164222922583516007e-01 9.201963292282316909e-02 1.832890449450494397e-02
3.088851806812313860e+00 9.383936327266313437e-01 6.905169675601048596e+01 2.258842394038505785e-02 1.185402242279365442e-01 9.560110125364416900e-02 2.397998909069216228e-02
2.907207200973886518e+00 9.828596406690772724e-01 6.862906110028940532e+01 2.233967988905007432e-02 1.156766008924433736e-01 4.280091267182145609e-02 2.430898509871490948e-02
2.962452128907783422e+00 9.078701058511281508e-01 6.874005076419953753e+01 2.246154589021844700e-02 1.108286319092726541e-01 8.307212953866530136e-02 7.308897439635238247e-02
3.062831235526588536e+00 9.601156772021607333e-01 6.874114630305956553e+01 2.257203285747133234e-02 1.146803312126795371e-01 5.949550788363620196e-02 5.352654612328831829e-02
2.985761985424019826e+00 9.026155000122174643e-01 6.873941024857253979e+01 2.226221917087275667e-02 1.158284496961306809e-01 3.073445713112262986e-02 4.732543092628231640e-02
2.876589882105968332e+00 9.813593250743797292e-01 6.847894817282595170e+01 2.238382982254742692e-02 1.158193042727284905e-01 2.933731397143209130e-02 7.103523707107334273e-02
3.078266295337111824e+00 9.540483277299921516e-01 6.858100652021380483e+01 2.211938291428713899e-02 1.103981150930960359e-01 6.407067957610224421e-03 2.493208339561011136e-02
2.834172175144125561e+00 9.896885288495207433e-01 6.939661929476373814e+01 2.235057252256565652e-02 1.282207809176887647e-01 6.886745723134286845e-02 5.520270955969514698e-02
2.864402085435906020e+00 9.750207368711583111e-01 6.828060452372166367e+01 2.216342833241270738e-02 1.159614185041100698e-01 3.406267065961121610e-02 4.319044255375994318e-02
2.851076845581618446e+00 9.680605432666461452e-01 6.828444797604946359e+01 2.225905892500422076e-02 1.198028581905494633e-01 2.707128763728636894e-02 5.161521421908201596e-02
2.961208809104266759e+00 9.072440152816547698e-01 6.875384971460658790e+01 2.250235611676492178e-02 1.182477638432896244e-01 2.367960361154331005e-04 7.910299417442979986e-02
2.957619577192252880e+00 9.541286799593909906e-01 6.935548631920615037e+01 2.238830933444910243e-02 1.226134142118437687e-01 9.657987433496204033e-02 7.423161329529696928e-02
3.099041726559165877e+00 9.070769964355850368e-01 6.796092775414892628e+01 2.212669782709981992e-02 1.183409061448818245e-01 8.990366786195369553e-02 6.815606260614499867e-02
2.811356862241647381e+00 9.700982553275092624e-01 6.901437033661080989e+01 2.244470742217621190e-02 1.132203242575363922e-01 1.331800913839025283e-02 2.478205534856946918e-02
2.801039184779611890e+00 9.494683261721514889e-01 6.904127467988662659e+01 2.226936940751101865e-02 1.167200089206276437e-01 8.147205555276842981e-03 7.475459852953941775e-02
3.125458378251820157e+00 9.584323502384204385e-01 6.854170319805457723e+01 2.242814421444945874e-02 1.113582619634423815e-01 3.274034259608913505e-02 6.359208811500181857e-02
3.085826068407830469e+00 9.274189843305450376e-01 6.857016407238705824e+01 2.231810353163776392e-02 1.171983673673995668e-01 8.706884893862021357e-02 4.067643446808513752e-02
3.018056525617888397e+00 9.708232302855002160e-01 6.821888842305304479e+01 2.202095817756981322e-02 1.123153358554831172e-01 3.722911524120076088e-02 2.746510801251827311e-02
3.061242254723508971e+00 9.793673419672429548e-01 6.835223335585729387e+01 2.257866976348911828e-02 1.225636600381506819e-01 8.443510807113127625e-02 3.950423945363877587e-02
3.021732114718235440e+00 9.376630702005029905e-01 6.883155509975266284e+01 2.214652202375792800e-02 1.171623932835892529e-01 5.538333696169770587e-02 3.210072971850116280e-02
3.096996238936076562e+00 9.596689639058969545e-01 6.898371035017076736e+01 2.212598875979738394e-02 1.225487495121668491e-01 4.352356704994353453e-02 5.488409736362070274e-02
3.147077871794166093e+00 9.509414808432002930e-01 6.826959815292528333e+01 2.248542223083597330e-02 1.152201659565159075e-01 6.887857051578664958e-02 6.468188777811162415e-02
3.032581895970006158e+00 9.364390716319698216e-01 6.878163609108517562e+01 2.249929037092752299e-02 1.182581638056768719e-01 4.201914046393653845e-02 6.601741167745762973e-02
3.158975871414380521e+00 9.386738634979495677e-01 6.909820194960867923e+01 2.254406553528402052e-02 1.129451961202602300e-01 6.103785430869846339e-03 6.939626253902073105e-02
2.847720805814747180e+00 9.755642149151209086e-01 6.941546943975545503e+01 2.240005193090185975e-02 1.235180303461749091e-01 3.538312541621210783e-02 5.001088575739708747e-02
2.939547633219985023e+00 9.852172452814706993e-01 6.900809542347744241e+01 2.234588494746403420e-02 1.161718529119299959e-01 3.635350656184404422e-02 2.403748364123731163e-02
3.046200028289775652e+00 9.910360932980576409e-01 6.858809132892302785e+01 2.224647219244077143e-02 1.125673708526952616e-01 1.528082388746229182e-02 5.499125073511034606e-02
2.948687384450004778e+00 9.183019192207535486e-01 6.842872073311082204e+01 2.203417980458983322e-02 1.138729172190075523e-01 3.991433251881556371e-02 4.576337351053283431e-02
2.829793650580964659e+00 9.452372301404682320e-01 6.856002208385868357e+01 2.235400902485917135e-02 1.199739658917655383e-01 3.580287560852631057e-02 7.943866903331393836e-02
3.067071722018838820e+00 9.421230294248691406e-01 6.817129595165573619e+01 2.235962122872748106e-02 1.147272617530924743e-01 1.273783683352970424e-02 2.415833641523667391e-02
3.093781797882654061e+00 9.995453477783984297e-01 6.879537975580075226e+01 2.236606534570067736e-02 1.209391101816319064e-01 5.684423668079813252e-02 5.663871781166706504e-02
2.960661181887798143e+00 9.366971056706532295e-01 6.876959922764243061e+01 2.256590981638570761e-02 1.125344129277105476e-01 4.852504402906537839e-02 3.230821922014268099e-02
3.124533555203020896e+00 9.167177330229852039e-01 6.816155679385123278e+01 2.247621820721787053e-02 1.146594090219908713e-01 6.286444393150797394e-02 7.748576528444081624e-02
2.940349859309263181e+00 9.051286394349874476e-01 6.859529834995957742e+01 2.213567065121377006e-02 1.205386711898517593e-01 2.341347319058719942e-02 6.692003925305364809e-02
2.887738072130872080e+00 9.403860717367894528e-01 6.865189318992695178e+01 2.210842305366202826e-02 1.185134202569084610e-01 7.320652465705776435e-02 5.994884695737501962e-02
3.089823752950703106e+00 9.603197675572338055e-01 6.904666563521958267e+01 2.217043687301850641e-02 1.188200724338246556e-01 8.361890357170570498e-02 3.156831857329805285e-02
3.078484468702737509e+00 9.318992345771388575e-01 6.799802166828868621e+01 2.237087671436763930e-02 1.157935617804418393e-01 7.664478466698933234e-02 7.796400719813663394e-02
2.847508617574485701e+00 9.883382007070365960e-01 6.875945425445313219e+01 2.210381896843610292e-02 1.215311754276754280e-01 6.401447082610449424e-02 5.437565564306418020e-02
3.199910619604041440e+00 9.825353966161031183e-01 6.868131423490264353e+01 2.241116135742661150e-02 1.191448622834667959e-01 3.500327770295275781e-02 6.536978736994920880e-02
3.132240714798172565e+00 9.713378329221563634e-01 6.924961681695111793e+01 2.253606810239922043e-02 1.220046921166604570e-01 5.916240806017685622e-02 1.251862320932161862e-02
3.178307380515428715e+00 9.374110077490506177e-01 6.870569698256792890e+01 2.250217610088491374e-02 1.155798822335795673e-01 3.084599236722443405e-02 2.407571214616939861e-02
3.106227196184548678e+00 9.334686528757738522e-01 6.826484501320476284e+01 2.202042286789506267e-02 1.125411301704077049e-01 6.056436768646714791e-02 3.764699442168722293e-02
3.041822010707923241e+00 9.983872599461354191e-01 6.935580759785089811e+01 2.248341127797315667e-02 1.245221055128502841e-01 9.596832058932590337e-02 6.403171955541517302e-02
2.992166455001205705e+00 9.822116706914422180e-01 6.894512903429620110e+01 2.233343421753747685e-02 1.131652523759971163e-01 4.891123502466922235e-02 1.041752246974951210e-02
2.962209518842102263e+00 9.777787027678528364e-01 6.859651037534052875e+01 2.204971418486227283e-02 1.226293855601293808e-01 7.104704457442900800e-02 5.462522809020203124e-02
2.855892171158135984e+00 9.405007019936831858e-01 6.856278681394454111e+01 2.239283965059789619e-02 1.143886694823727374e-01 1.231859270145824192e-02 6.396535879303821837e-02
3.068081191014782938e+00 9.682694565196623415e-01 7.028842076172954023e+01 2.258610945415061300e-02 1.274194438419266329e-01 2.914622870642223987e-02 6.468599948151117218e-02
3.088012428715026125e+00 9.052118477235854277e-01 6.910855808571842829e+01 2.230812651029838445e-02 1.196048466469524091e-01 4.824754963269809599e-02 1.735420991895192389e-02
2.943315914136968026e+00 9.246213889772983974e-01 6.880849617791220396e+01 2.233435226977954075e-02 1.131364166276504629e-01 2.095773579396532915e-02 4.250739284000949747e-02
2.961289282873252660e+00 9.216527680955292068e-01 6.899325412490462384e+01 2.225931103463786240e-02 1.196417671764082036e-01 1.329965620424980455e-02 2.698495756042020022e-02
2.906950359805951845e+00 9.074304773100878574e-01 6.873460269784172283e+01 2.228092475149828083e-02 1.210108725868352109e-01 3.902012060187233511e-02 1.094635002001369435e-02
3.026424277372168792e+00 9.995689893273520532e-01 6.844711912116005692e+01 2.240419868420022095e-02 1.205023628777213279e-01 4.945170503612194429e-02 2.049162869021362021e-02
2.859633266418009523e+00 9.106728239471315600e-01 6.876731914079243779e+01 2.200696169198103347e-02 1.245481689769933342e-01 9.672690165873615298e-02 4.636191773868710703e-02
3.134039860650500664e+00 9.476228230484252668e-01 6.776406805390627142e+01 2.214321169664178884e-02 1.188622638754720656e-01 1.774902422749837991e-02 2.349681723555303164e-02
2.889627178234906779e+00 9.655579726783116712e-01 6.880896848483952510e+01 2.204182822629122476e-02 1.189169970304930352e-01 6.680300653196701022e-02 6.318965180788142788e-02
3.175467593424754931e+00 9.731704460748634711e-01 6.918344606361584681e+01 2.243088619676919873e-02 1.296959815555769335e-01 9.338134934095376760e-02 4.426893385466686148e-02
2.911836335945992893e+00 9.090767960532799563e-01 6.814232228801618874e+01 2.253745504416142936e-02 1.112072913589202683e-01 7.118442042570609363e-02 1.646504984975157709e-02
2.884939259762657748e+00 9.061165771831970472e-01 6.914513261555204338e+01 2.259113891069422161e-02 1.232767379629049892e-01 6.447206560052759494e-02 4.383424977589395199e-02
3.072193318811788032e+00 9.641266173299810616e-01 6.871605254465136170e+01 2.242965540079166348e-02 1.148982400067864867e-01 3.509989975494137975e-03 3.903867054583711610e-02
3.131810354009887387e+00 9.046850227496576746e-01 6.878266348401650987e+01 2.204139625858850954e-02 1.135071266718856164e-01 2.722761931693758186e-02 1.867059403503379400e-02
2.943539740651116343e+00 9.875667149178550819e-01 6.878022443333706804e+01 2.230653407952907716e-02 1.242728762534734965e-01 1.573669630136189865e-02 7.704137461571064494e-02
2.801544337433988563e+00 9.524690697654017990e-01 6.926106597733448211e+01 2.219769132343020826e-02 1.214394437261538950e-01 5.850313448921149601e-02 7.184955198420291123e-02
2.940238485634468990e+00 9.676471541136016929e-01 6.874954228430605951e+01 2.227852422244986502e-02 1.172411224921301870e-01 2.857079544845326363e-02 7.496761549332997543e-02
3.066433426027701081e+00 9.436128199303884800e-01 6.883364504366984704e+01 2.201908698843261375e-02 1.243232995582186085e-01 6.068573544296785444e-03 2.939743004355429429e-02
2.869116599536913448e+00 9.511098358055353197e-01 6.822704168294670524e+01 2.241376784678922318e-02 1.129561242025700352e-01 9.249492221306879203e-02 1.408501189154734434e-02
2.978662251062285549e+00 9.389630782118834063e-01 6.863469199802474918e+01 2.222049342892551752e-02 1.152092344756883158e-01 2.118953446254350989e-02 3.616978777807590417e-02
3.115292223090022183e+00 9.511907861571315959e-01 6.882500105633552323e+01 2.228177269058219390e-02 1.172385566139268059e-01 3.680857789937366092e-02 6.254994481940798212e-02
2.917894025204557096e+00 9.772303473551940955e-01 6.902369412632816648e+01 2.237244325613241616e-02 1.189055485257844713e-01 2.295027265956589221e-02 7.618660121782583339e-02
3.050381929567553385e+00 9.612246246891521517e-01 6.934583258225350733e+01 2.255185877631070077e-02 1.286773148139515321e-01 4.873276622909450753e-03 2.668585287792461097e-02
3.197324433391821596e+00 9.078005194834557479e-01 6.867352828588695957e+01 2.201439699206276732e-02 1.163979301167969438e-01 6.347556870071645319e-02 6.701138990944245644e-02
3.006111398088505027e+00 9.759499138524033723e-01 6.835995466178135871e+01 2.209837970512822103e-02 1.220758996775368754e-01 4.415030988725122084e-03 5.446385020504280333e-02
2.989227956241042428e+00 9.831955688477487243e-01 6.886470971549631770e+01 2.228447529449863879e-02 1.198372785757103737e-01 2.167670342048086396e-02 4.748306446203418019e-02
3.101610150436639124e+00 9.485488837204720802e-01 6.932538784463000070e+01 2.242343434170480237e-02 1.260107375188887768e-01 4.601460073018501934e-02 7.507839409879892012e-02
3.001656223808245372e+00 9.262542917412447396e-01 6.845147494319444093e+01 2.213954455763479309e-02 1.135181174679199545e-01 8.937001160070034977e-02 6.122390952047163798e-02
2.912593786261532536e+00 9.611884248067471548e-01 6.857602373293070741e+01 2.214122131824212969e-02 1.115266711642802916e-01 9.670905744565672091e-02 1.635317240308781575e-02
2.957054051711349718e+00 9.415278922672964956e-01 6.847967556256492117e+01 2.208816941303971826e-02 1.240318783589447332e-01 2.236333894359834526e-02 4.011617552633469502e-02
2.894744524425568510e+00 9.533345193580722299e-01 6.845870423198370247e+01 2.213892838283012393e-02 1.158128505128428049e-01 9.512423896549621061e-02 5.374113858989358616e-02
3.001857994984365341e+00 9.611709733014414114e-01 6.842941033331486267e+01 2.217299611931334430e-02 1.166667023136603309e-01 5.067257729306809400e-02 2.357272816999984866e-02
2.833163367505329155e+00 9.175460823568375446e-01 6.872976753325859534e+01 2.235429688441577592e-02 1.137202758522722762e-01 5.731029504744490632e-02 3.382756095902429705e-02
2.894346586301919544e+00 9.821715261644933248e-01 6.901939084820136827e+01 2.259663210498878000e-02 1.182129776907952790e-01 6.409422936548846150e-02 4.324728761950508149e-02
3.051185734364600055e+00 9.693112699245149955e-01 6.789433103906898737e+01 2.251242765086413147e-02 1.146073587659413168e-01 1.075902088948583850e-02 3.150775223037016737e-02
3.058811210076241682e+00 9.237027489547804393e-01 6.877770753834531092e+01 2.228456248163511108e-02 1.249445972261666038e-01 1.086044976495653680e-02 5.979706748759700680e-02
3.092603778670260706e+00 9.793152245314191706e-01 6.940191199531977873e+01 2.245804113675302013e-02 1.142439318493741890e-01 3.753844705571285356e-02 4.652746225089175736e-02
3.008522556094912925e+00 9.298024339779766834e-01 6.886139714724356509e+01 2.258332044797090737e-02 1.237604188412021050e-01 2.987356626178513594e-02 7.557736834399554626e-02
3.118335119478627515e+00 9.886395883594145673e-01 6.890371188764321175e+01 2.208512887564954841e-02 1.250390376824625782e-01 6.668909657500009247e-02 5.437111811161483149e-02
3.134089915041887053e+00 9.909516229089809780e-01 6.859541642667970507e+01 2.219857003351613511e-02 1.114262080252955561e-01 8.843819899840947574e-02 5.492837129428067289e-02
2.911809635969336618e+00 9.199048682136614641e-01 6.780629748433349846e+01 2.218369362240777548e-02 1.124811131966592798e-01 5.934328267886643249e-02 7.933424439988938370e-02
3.065032485552959152e+00 9.956156723057820734e-01 6.885221183204781426e+01 2.258446160284721671e-02 1.120459883981778509e-01 7.257536737141967453e-03 6.103527863903859818e-02
2.985649693862158838e+00 9.141640633183821807e-01 6.865149319503711922e+01 2.257867900329259270e-02 1.198560321004632917e-01 2.983517135621108901e-02 4.581812380888158204e-02
2.840499837892727530e+00 9.517184463863747057e-01 6.879498837342224249e+01 2.259162054476566983e-02 1.203141520635330058e-01 6.497564763726895731e-02 4.109750389195306747e-02
2.866260382248370764e+00 9.364875961261077686e-01 6.883939288070767759e+01 2.210820512511415745e-02 1.243980599325318487e-01 2.258203116858274045e-02 5.831043489170763955e-02
2.896403341248784180e+00 9.550982295210300732e-01 6.875633362993947628e+01 2.220662307931763405e-02 1.107873674230229338e-01 5.418590892150722260e-02 7.027327616439141278e-02
2.870130878809153518e+00 9.861095364918759376e-01 6.835890588094986242e+01 2.211180744545893431e-02 1.228387873097750993e-01 9.413074230720365129e-03 3.758410684825379960e-02
3.046455952888035057e+00 9.363602889316298139e-01 6.896940574908957444e+01 2.208206026967897417e-02 1.227531614397848192e-01 3.563844691127331793e-02 3.511949623661408254e-02
2.999070074019051901e+00 9.938938599023998677e-01 6.925174817901023516e+01 2.203153523108372300e-02 1.210291710754256567e-01 8.156458543186440382e-03 3.470018408044319574e-02
3.047656222379187430e+00 9.832565162624778976e-01 6.842864179314275930e+01 2.225516581892268697e-02 1.143964738392527353e-01 8.568064637651559567e-02 7.093186554025106283e-02
2.984731809139197001e+00 9.611847710584147109e-01 6.878256273173134616e+01 2.218615680980665431e-02 1.184319222163213725e-01 9.519142577751869838e-02 4.662081041358411004e-02
2.955726025120744005e+00 9.807364309331014773e-01 6.915348210484162905e+01 2.252438899767544508e-02 1.200235062615155890e-01 7.281204653907712154e-02 4.659894615309249921e-02
2.901713826513029559e+00 9.970021661947786606e-01 6.903002265716202146e+01 2.204744698573728526e-02 1.199293504794292642e-01 3.963317833887597917e-03 4.131453006108078835e-02
3.177313891084617925e+00 9.253182554023117179e-01 6.910383244039950057e+01 2.255815202226243293e-02 1.154015849635094820e-01 6.151239737127170426e-02 7.100417912452995639e-02
3.004733049146192769e+00 9.147365849215550737e-01 6.810375825314150688e+01 2.225662788541087761e-02 1.136240759718222387e-01 5.439137959144046963e-02 2.508431189589118565e-02
2.948934369434797365e+00 9.659762520603865088e-01 6.891205614746318986e+01 2.227041802912036947e-02 1.183335412627443406e-01 7.325398893467825745e-02 6.161826760635272932e-02
3.060483576071851619e+00 9.322363778257006794e-01 6.819318348550439168e+01 2.217103513100820641e-02 1.198127418842512282e-01 4.134660407100651525e-02 7.777029380623785848e-02
2.844878805535830057e+00 9.374510457004631148e-01 6.882424177348343619e+01 2.235555109671318735e-02 1.180170672322491399e-01 5.159078213154286857e-02 7.072203306932532685e-02
3.174144107619358834e+00 9.838407984843434706e-01 6.829629259650629081e+01 2.214993272226213616e-02 1.125261770617098783e-01 6.520889389446207773e-02 3.567771496742905279e-02
3.021732114718235440e+00 9.376630702005029905e-01 6.883155509975266284e+01 2.214652202375792800e-02 1.171623932835892529e-01 5.538333696169770587e-02 3.210072971850116280e-02
3.027517692458976395e+00 9.084982716927357815e-01 6.873232957424283995e+01 2.220806588828731082e-02 1.234127467669430406e-01 5.249669920672651174e-03 7.973285418041485550e-02
3.034814384683793609e+00 9.935353884059481278e-01 6.855094833695689260e+01 2.224850969063715128e-02 1.166230962309068170e-01 9.465093757072257086e-02 2.596203001215196399e-02
3.086621438497474834e+00 9.886318243720257914e-01 6.881354009081307765e+01 2.231825563689069161e-02 1.183684041327534159e-01 4.795331199783869902e-03 4.714125977642436710e-02
2.917229989044063831e+00 9.860695968078687645e-01 6.840188007959649497e+01 2.236352905235285474e-02 1.127304082692036774e-01 8.644733186190091054e-03 6.157401000920821599e-02
2.876511793502496861e+00 9.631129251443041328e-01 6.811524234754062945e+01 2.210188913519531978e-02 1.129305206817326490e-01 3.797905150445392286e-02 1.046724340141685222e-02
3.121844812466592956e+00 9.418692076278123437e-01 6.841545677460939601e+01 2.200061482538901575e-02 1.179292531242838726e-01 3.265962896121905878e-02 7.052734220437863188e-02
3.001390395129285515e+00 9.313787767313738142e-01 6.837186491193038762e+01 2.206247747798968303e-02 1.125071065802453196e-01 7.928458427918227969e-02 4.631291561898853021e-02
3.086085638739974879e+00 9.647744587001666483e-01 6.856714159564700140e+01 2.259204827570717583e-02 1.150004675820153616e-01 3.775425992137834696e-02 3.699466525251042526e-02
3.034615771621718139e+00 9.432071565643068700e-01 6.884619544555452819e+01 2.237686615386650854e-02 1.209563491312242722e-01 6.799967266337561544e-02 5.711196613886294904e-02
3.122225908028430030e+00 9.489771486356408658e-01 6.804236320281333406e+01 2.227793256378267708e-02 1.144595987961332106e-01 6.741455100059220995e-02 4.317124141702703005e-02
2.825525179182007740e+00 9.207481879887630116e-01 6.863905400520297917e+01 2.237927131124807165e-02 1.160408814836202535e-01 6.926429644915459150e-02 7.127895559721050822e-02
2.947872616757734487e+00 9.635399613478630165e-01 6.861124629422234023e+01 2.241240985122877616e-02 1.160235766493995235e-01 4.365039929791530993e-02 6.083338376867284542e-02
2.950141427597559485e+00 9.630670192544865671e-01 6.886286417810494243e+01 2.236749390996382175e-02 1.159967099483249914e-01 2.468493196152560243e-02 5.586417544017470427e-02
3.174533340667996306e+00 9.935247131219946404e-01 6.892372128272928933e+01 2.253697485010684037e-02 1.176316393281259254e-01 3.115533661618799174e-02 4.865320547159626002e-02
3.106227196184548678e+00 9.334686528757738522e-01 6.826484501320476284e+01 2.202042286789506267e-02 1.125411301704077049e-01 6.056436768646714791e-02 3.764699442168722293e-02
3.086494793788023827e+00 9.894156327670347029e-01 6.882519479278032293e+01 2.255678732351386676e-02 1.218235113063564218e-01 7.684507568949019984e-02 6.904217277376013817e-02
2.870133282036564815e+00 9.799188409154909740e-01 6.971875354980301154e+01 2.259989010034721413e-02 1.226450887902784948e-01 8.198253759759821860e-03 6.057656821271583530e-02
3.151731700718339635e+00 9.318195495559570274e-01 6.855087797646196179e+01 2.238763180916061510e-02 1.154579139285753925e-01 1.286338620249022346e-02 5.161881904800938448e-02
2.937997674509930324e+00 9.022343488449289239e-01 6.885883001551619031e+01 2.250342778935077864e-02 1.135779224356543854e-01 9.663255111494448157e-02 6.618465729904206285e-02
3.091419757938346891e+00 9.506439955941622388e-01 6.898202656255986653e+01 2.235735111860403385e-02 1.217512089793400393e-01 7.235275494329325430e-02 7.163203794940140035e-02
3.118371324933545186e+00 9.309750430969084833e-01 6.894660160172928443e+01 2.243124769912495028e-02 1.210501813089008422e-01 7.314314385871936719e-02 6.066705812944838544e-02
2.901489650246549701e+00 9.985447886752789604e-01 6.837198340621372949e+01 2.209738451196488832e-02 1.142778864529595539e-01 2.972294046844047369e-02 3.730052319357334001e-02
2.844609330047341178e+00 9.705683991133218225e-01 6.826195061454851043e+01 2.258713330240472161e-02 1.119305426092176009e-01 1.159343626448905429e-02 3.758289263097777666e-02
2.874496059127154890e+00 9.868495578920637445e-01 6.829514065875130768e+01 2.252679832488323902e-02 1.167748248048581516e-01 5.298286186446875962e-02 1.233970126772581874e-02
3.023892150462542006e+00 9.616460918386970924e-01 6.877993240623621318e+01 2.219760002387601364e-02 1.198933225738199743e-01 7.500309187859089538e-03 2.119217516793140202e-02
2.982957179999017772e+00 9.195598728722981230e-01 6.809756758387413811e+01 2.207550466794836602e-02 1.166731247779896063e-01 1.186902298061287607e-04 3.694633051149058545e-02
2.874496059127154890e+00 9.868495578920637445e-01 6.829514065875130768e+01 2.252679832488323902e-02 1.167748248048581516e-01 5.298286186446875962e-02 1.233970126772581874e-02
2.837063809758532784e+00 9.251609981020609830e-01 6.905269763758670365e+01 2.237995329557721999e-02 1.208514907956423495e-01 4.541518222331511478e-02 6.362280426724094273e-02
2.858135466023170590e+00 9.216209214359278867e-01 6.882464135803198246e+01 2.238272690684690522e-02 1.187792088616449609e-01 1.501577613678041316e-02 1.001579053515851137e-02
2.870657659585400978e+00 9.230006930583261049e-01 6.843318087481549128e+01 2.226530616556876563e-02 1.146703547025606090e-01 5.744109071912779918e-02 3.881686431194124320e-02
2.810686450585019092e+00 9.285592403237497017e-01 6.896610030989324969e+01 2.249908463218238189e-02 1.219800355376020606e-01 9.071082568170268923e-02 2.556906106776152265e-02
3.043230998931370834e+00 9.441961423727056602e-01 6.970480138039899032e+01 2.235926240847687860e-02 1.263405459738680126e-01 3.149507696350735408e-02 6.541503884256860690e-02
2.896237765854968060e+00 9.723998111987204318e-01 6.861474170867657563e+01 2.217704379294224704e-02 1.196263568523630305e-01 1.982615564044721418e-02 6.852010984019651918e-02
2.961442328612526431e+00 9.547340057768028965e-01 6.863735381766808530e+01 2.216856331816742173e-02 1.129953198088552158e-01 4.614512189930941935e-03 2.533666149122392602e-02
3.134832358928421492e+00 9.829908292415915350e-01 6.819574297709635857e+01 2.231486683491475803e-02 1.133778082406671495e-01 1.573513893721448925e-02 4.799576320525006379e-02
2.897797720893051210e+00 9.913720779998844712e-01 6.929555456860488505e+01 2.241019333852288520e-02 1.142225893781987217e-01 9.104394340229621241e-02 5.796100743613503969e-02
2.982120503499810393e+00 9.053530839390102614e-01 6.805701772626746049e+01 2.222944139842431346e-02 1.149514924345152456e-01 7.059412344063327460e-02 5.530577655880748039e-02
3.124537177090412676e+00 9.677043119193772247e-01 6.900720538495804135e+01 2.214222676901824588e-02 1.168501349846816084e-01 8.488956102135977733e-02 5.925030441169719386e-02
2.994084042545262392e+00 9.628699391129511564e-01 6.940516892345770827e+01 2.248355391344254717e-02 1.179327444711777695e-01 4.006950355930867513e-02 2.743952517509964939e-02
2.936110474194801867e+00 9.450866182586152853e-01 6.845330193225547077e+01 2.206530127962772619e-02 1.163575771300584677e-01 8.856469402321487383e-02 7.836008917256731543e-02
3.063016274109481962e+00 9.033941115652591725e-01 6.833691778827457597e+01 2.250499834888861420e-02 1.133505839764052947e-01 7.727716563779371550e-02 6.979338453210648385e-02
3.126804793475747690e+00 9.389907124670615612e-01 6.846331798337774899e+01 2.223369343867189277e-02 1.143087616709788923e-01 5.667686905810703085e-02 1.270358215299795604e-02
3.147077871794166093e+00 9.509414808432002930e-01 6.826959815292528333e+01 2.248542223083597330e-02 1.152201659565159075e-01 6.887857051578664958e-02 6.468188777811162415e-02
3.131511376749504194e+00 9.915134325886230116e-01 6.851471239641651323e+01 2.203830335991769848e-02 1.180825482820354877e-01 8.218520018897540469e-02 6.769835010431909939e-02
3.085348795082805129e+00 9.426722688479817203e-01 6.970507219820174782e+01 2.252833527052537643e-02 1.239750372112383842e-01 1.263811581790664877e-02 6.440682307588588285e-02
3.081287152084342562e+00 9.332244292524298768e-01 6.864719371064734332e+01 2.234251467526427934e-02 1.201971895434814641e-01 3.465181568706274945e-02 6.745365150898342821e-02
3.104569220822479547e+00 9.846677023477724555e-01 6.875798228704979920e+01 2.259845753062526483e-02 1.149133807645163069e-01 5.483236089692897219e-02 2.709869772575414226e-02
3.059052986178012912e+00 9.392962967726400381e-01 6.880269974524489385e+01 2.239727861794304012e-02 1.168085408587920815e-01 2.894069288665247069e-02 7.391976837604342931e-02
2.985720551781769316e+00 9.368472538876972955e-01 6.827582361564468272e+01 2.207286905031405344e-02 1.168556822320655497e-01 2.480754968096493193e-02 6.576560584117227548e-02
2.849906890999716502e+00 9.967096097183705261e-01 6.870606616006489276e+01 2.210211328577289802e-02 1.159425020792177463e-01 2.809604720964128943e-02 6.028342397541920639e-02
3.043154429439977271e+00 9.595570331897619321e-01 6.902850604701535531e+01 2.248852667073134026e-02 1.178781947391083079e-01 4.267649584951932473e-03 2.457010918807300826e-02
2.930944080946874752e+00 9.742212527350828655e-01 6.907957760258032920e+01 2.258748995675681839e-02 1.152728763114624078e-01 8.948582215149927799e-02 6.407586037071767715e-02
3.098289639577883392e+00 9.730509247384380167e-01 6.915720211359811742e+01 2.254406712031483892e-02 1.144225757458487425e-01 3.434190882208915108e-02 5.605348840873997790e-02
3.099387251896599693e+00 9.929848486505976624e-01 6.801610544553446402e+01 2.204951938016811580e-02 1.139226352785778079e-01 4.734085444465496034e-02 4.865179283212499317e-02
3.166086763606414944e+00 9.909559705527408724e-01 6.880515962295062593e+01 2.247646720339809001e-02 1.194731181049356050e-01 9.756758784853139521e-02 5.895571609501418231e-02
3.170912027182630766e+00 9.641698264208493629e-01 6.896038796134529036e+01 2.209565753677358857e-02 1.145124313953167217e-01 9.923637835143384912e-04 3.227166100579827862e-02
3.126819414902304750e+00 9.921531557856897443e-01 6.764053112589974148e+01 2.205966351828666724e-02 1.131757060977606200e-01 2.438027569002113731e-02 3.633395916774798118e-02
3.121986238729454133e+00 9.908511716142870407e-01 6.866452229052384837e+01 2.235380201762338093e-02 1.170512354340805389e-01 3.459918576416407682e-02 6.550348504175783348e-02
3.118335119478627515e+00 9.886395883594145673e-01 6.890371188764321175e+01 2.208512887564954841e-02 1.250390376824625782e-01 6.668909657500009247e-02 5.437111811161483149e-02
2.917666482548477269e+00 9.425591458661828348e-01 6.847168847189759333e+01 2.221284952543663496e-02 1.114460255426900914e-01 6.235823803262292853e-02 6.900110923204091917e-02
3.173758339987276855e+00 9.964154005480384546e-01 6.810499283584033492e+01 2.220040587403504170e-02 1.174845114312867284e-01 9.882150506544480628e-02 7.301020192212359650e-02
2.974937255180304163e+00 9.246276547611511631e-01 6.848993845641891198e+01 2.215174198436366260e-02 1.179792438913359887e-01 3.294794376640225453e-02 2.137458437937216071e-02
3.049233431632658586e+00 9.101661214918769227e-01 6.905097661306304246e+01 2.217849666742262651e-02 1.173399704534719978e-01 1.175256699289865120e-02 2.344202663026818956e-02
2.943216185918376748e+00 9.935191019283869940e-01 6.850093050885459434e+01 2.204008458296339082e-02 1.163167435876042294e-01 7.147676031632181626e-02 1.515236609673721591e-02
2.953580405002648845e+00 9.857426194830396504e-01 6.847004425173211928e+01 2.238563798406508626e-02 1.133070277898258482e-01 6.825671007328105999e-02 4.662937253694756506e-02
3.129982094051811714e+00 9.885231258959574774e-01 6.923406136882127271e+01 2.205949815977918671e-02 1.182741933306393350e-01 2.841403169266578863e-02 3.995563298232852195e-02
2.910293939422186060e+00 9.803607027949519104e-01 6.870333247381738317e+01 2.238959179771852354e-02 1.104498900516542592e-01 7.692354984332883117e-02 3.424137625483279074e-02
2.992235763663479098e+00 9.221290979810259358e-01 6.833508832707791214e+01 2.203623202155968047e-02 1.214020330348858229e-01 2.734258302567782722e-03 6.796525259521618567e-02
3.079025188679005876e+00 9.188891490132116147e-01 6.789019103323323634e+01 2.212596088691881971e-02 1.128425602249222559e-01 6.795899108041372760e-02 2.338886285787466351e-02
3.005494785227881938e+00 9.122786844447807741e-01 6.865314960133127897e+01 2.226486166025758162e-02 1.161983931129661612e-01 9.786236320521228549e-02 2.715696767327858974e-02
3.081093166372713910e+00 9.014343868466037080e-01 6.946569747069797529e+01 2.257973831500329973e-02 1.205084513962621923e-01 6.885481831537643149e-03 5.235478798536234712e-02
2.948925514908058876e+00 9.950378258049690228e-01 6.834924906116897603e+01 2.239911883873384885e-02 1.127089973368496506e-01 7.631410165790442068e-03 4.639269982878158061e-02
2.901610883006852326e+00 9.172159275464970563e-01 6.935695291817386021e+01 2.214442959733567071e-02 1.258488668484254169e-01 2.069049761325698900e-02 3.789936513885758251e-02
3.120051434128050527e+00 9.709039239237474694e-01 6.820450014365839309e+01 2.214856504907358054e-02 1.167923731944530974e-01 1.701302255105864233e-02 1.394553282640548231e-02
3.035840464343988021e+00 9.196443709187697158e-01 6.870872876824284958e+01 2.248924267779671762e-02 1.170904303260815321e-01 5.131277727163381652e-02 1.591455901262341446e-02
3.179362227459644252e+00 9.175494180555513468e-01 6.863387931174578682e+01 2.210565934839806707e-02 1.139126333520732448e-01 2.719375571451997445e-02 2.081778534156604465e-02
3.053871692051115527e+00 9.441239594887100850e-01 6.831611816468317500e+01 2.220685360931978075e-02 1.154970711580761283e-01 3.229520453116576512e-02 7.362706322819038973e-02
3.184865913443202246e+00 9.680212527100808817e-01 6.908195905001072390e+01 2.207334787307707949e-02 1.212144667784806618e-01 2.579772723622278038e-02 7.590198556557931076e-02
3.029826432811018933e+00 9.812723562141130174e-01 6.964854472008816799e+01 2.235267641299537242e-02 1.274307509588962217e-01 5.499730840283981875e-02 2.453993885691403698e-02
2.874922770359542579e+00 9.672968178332100875e-01 6.807272663613656505e+01 2.202340316769097264e-02 1.145076712615610004e-01 3.864023763923465915e-02 3.380425107677630797e-02
3.052307154837666126e+00 9.813124288301209308e-01 6.881243675134068383e+01 2.253852465379903997e-02 1.116417803817858490e-01 7.170718610302767582e-02 1.611197710395132626e-02
3.072493079330675503e+00 9.236027644083968369e-01 6.821089364424639712e+01 2.224862766331314398e-02 1.114597593576760332e-01 7.403642090780004903e-02 2.698925444280713543e-02
2.911836335945992893e+00 9.090767960532799563e-01 6.814232228801618874e+01 2.253745504416142936e-02 1.112072913589202683e-01 7.118442042570609363e-02 1.646504984975157709e-02
3.115205174158230061e+00 9.238864354730228490e-01 6.911239171209427923e+01 2.236204654785502871e-02 1.197679776161718890e-01 4.987260221630412244e-02 1.503546563353869159e-02
2.853725077179998681e+00 9.146840685087400669e-01 6.908048097869391313e+01 2.254311249007205295e-02 1.153905663362671669e-01 1.301994925262017939e-03 1.031468192630591481e-02
3.180337732241865112e+00 9.784471020012281972e-01 6.801177058443479950e+01 2.231934092280091556e-02 1.175183716019252700e-01 7.615623997167007830e-02 6.962979680778076663e-02
2.912593786261532536e+00 9.611884248067471548e-01 6.857602373293070741e+01 2.214122131824212969e-02 1.115266711642802916e-01 9.670905744565672091e-02 1.635317240308781575e-02
3.138657258080025159e+00 9.877473330394713757e-01 6.786532547992447917e+01 2.214812430209706084e-02 1.155392558544322407e-01 8.929281152078771822e-02 4.956997242116130409e-02
3.130804225310232614e+00 9.194800540559652235e-01 6.854504115654395946e+01 2.225722989665223153e-02 1.158869850308454630e-01 7.123577423788528262e-02 3.935242200336966367e-02
3.089199493895067761e+00 9.211821231976942137e-01 6.790194069948871913e+01 2.210404941463701978e-02 1.202747338894472606e-01 7.989525335888497670e-02 4.644597963312608463e-02
2.820173680938825367e+00 9.321342154825007498e-01 6.836874601129285622e+01 2.233844816464158542e-02 1.130005344654962662e-01 1.818533640433148829e-02 1.945904516473234008e-02
2.871964156556088277e+00 9.122690743453287787e-01 6.774099188677504912e+01 2.248843289167303319e-02 1.144057353094285606e-01 8.516099487571945903e-02 1.037449016452389808e-02
2.913182452032158309e+00 9.531231598548618456e-01 6.836568897590269955e+01 2.218405319917446730e-02 1.135606105429401019e-01 8.957346899811277630e-02 1.267593964489468344e-02
3.001425669690652054e+00 9.620668967767553870e-01 6.906818941724451122e+01 2.258855989970678588e-02 1.187809287409406500e-01 5.043588018822681152e-03 5.359666162667313383e-02
2.800902197986821829e+00 9.064760658349959588e-01 6.854445847785807189e+01 2.223473483005296639e-02 1.226145095559453002e-01 1.488494418954044995e-02 5.290784162351576392e-02
2.989575917567683039e+00 9.081539555238415939e-01 6.908747408579549187e+01 2.212096228128678996e-02 1.211358373891282258e-01 3.168125612608457126e-02 6.851413631568510632e-02
3.183612142920317467e+00 9.613445316227537951e-01 6.836195912120865614e+01 2.211360555599643438e-02 1.205716256803642250e-01 8.680641227706931140e-02 5.029384403945268145e-02
3.074994714269132956e+00 9.150519608044108688e-01 6.859618499765126387e+01 2.255145078801548339e-02 1.118549233337243903e-01 5.683519073527825566e-02 2.995033309974706043e-02
3.096861246756558383e+00 9.548976326086955346e-01 6.828918422854280834e+01 2.204329386320390965e-02 1.210262147121117238e-01 7.374711538650489950e-02 7.164117118812550478e-02
3.114444334305182860e+00 9.716058715709834370e-01 6.837560143440721561e+01 2.251634897267165702e-02 1.151181177357005203e-01 9.536701651590551165e-02 3.500915636144075194e-02
2.833163367505329155e+00 9.175460823568375446e-01 6.872976753325859534e+01 2.235429688441577592e-02 1.137202758522722762e-01 5.731029504744490632e-02 3.382756095902429705e-02
2.934367875535674131e+00 9.121256154759503909e-01 6.842017166201451062e+01 2.205088518751800383e-02 1.196495816451576683e-01 9.786660492071605488e-02 3.461326023661221579e-02
2.867429080934385865e+00 9.633798408111479139e-01 6.865013723929160960e+01 2.213962350915232163e-02 1.218068208052699719e-01 2.397017876888268839e-02 2.670616373571770008e-02
2.921643326563426513e+00 9.235503853308544286e-01 6.865282299967340407e+01 2.214960284825580328e-02 1.205625543645456044e-01 3.608810951046076410e-02 1.636570247745839854e-02
2.908744418901422879e+00 9.879622920530346519e-01 6.942761942887742066e+01 2.229505018933319524e-02 1.218397898976221749e-01 8.307104316322169724e-02 7.287033712725024537e-02
2.981548132558593966e+00 9.827897616544702952e-01 6.919306529216110846e+01 2.259982559021441947e-02 1.152399776437959128e-01 7.735386754887557670e-02 4.468515164981366056e-02
2.833055316860299211e+00 9.524326475403301906e-01 6.854733238386663174e+01 2.214616411848816316e-02 1.131173547628356868e-01 3.436277373906718863e-02 2.287514095171568757e-02
2.932502816462369655e+00 9.802832380550282609e-01 6.904423419003252604e+01 2.240235932568685265e-02 1.206040480130105425e-01 1.126191633463387125e-02 5.730490749790662086e-02
2.976988062094872767e+00 9.178136443137755451e-01 6.840062587248185366e+01 2.213525735285207241e-02 1.199161258482571851e-01 6.737096081755633570e-02 6.265813756452717764e-02
3.129214989093343835e+00 9.554740890216371074e-01 6.905528896044801002e+01 2.232024724877510607e-02 1.166334176104000531e-01 8.930341646196326977e-02 6.228510697206386670e-02
3.194449229146250513e+00 9.409467451349183831e-01 6.890623357589088016e+01 2.257958454778092108e-02 1.166223620375963915e-01 9.441032468146048906e-02 4.071227955696633816e-02
2.856623076855885124e+00 9.123743994160739001e-01 6.902211102739684634e+01 2.248487278848507187e-02 1.136779079869142534e-01 3.845306715055092639e-02 7.620825835494435263e-02
3.118129759649911570e+00 9.196696160637581885e-01 6.820197820551700829e+01 2.244577030973912007e-02 1.135179777862204975e-01 5.548609926890596400e-02 4.473972858524832841e-02
2.976519904228145386e+00 9.843058337586354511e-01 6.860110521192082444e+01 2.236533674554617643e-02 1.134112476465315572e-01 2.661787133079045534e-02 4.303295001809569198e-02
2.983890751634102223e+00 9.671297334724193728e-01 6.832991943706389293e+01 2.232737430079730079e-02 1.162434944266073633e-01 7.702056888392903866e-02 3.556215981423958145e-02
3.109439104383316721e+00 9.645707701595451766e-01 6.899994986294490218e+01 2.250546770150734996e-02 1.193666366501014292e-01 8.048411715547694467e-02 1.063340994997376970e-02
3.076850482647107476e+00 9.179663096697898705e-01 6.833342592416613570e+01 2.241645118603005291e-02 1.220455432159025522e-01 9.235357729051214826e-02 7.054861412297558365e-02
3.173664965999767329e+00 9.956805254473740652e-01 6.869528015091538009e+01 2.221896549760419073e-02 1.189462476753605086e-01 5.452280429306683406e-03 3.806976913591342965e-02
2.862802663902768607e+00 9.060736367880449782e-01 6.913716484427001774e+01 2.259083560513658329e-02 1.202663900359328825e-01 7.156814645341001702e-02 2.852297455725386066e-02
3.093781797882654061e+00 9.995453477783984297e-01 6.879537975580075226e+01 2.236606534570067736e-02 1.209391101816319064e-01 5.684423668079813252e-02 5.663871781166706504e-02
2.891530799050719303e+00 9.904205233133834829e-01 6.869338728612812872e+01 2.244440563586574608e-02 1.127904969665955714e-01 7.302326518235614794e-02 2.436416872167459363e-02
3.190743809794639230e+00 9.379344729299354810e-01 6.904482854798665414e+01 2.251915774046048951e-02 1.173246898738455335e-01 3.138119993662698282e-02 7.244482396898668797e-02
3.035503683196297597e+00 9.547025679602999526e-01 6.822692814505190029e+01 2.242733198230449296e-02 1.139785434892976734e-01 2.234931889780655736e-03 6.170425978289273417e-02
2.820634456503853915e+00 9.385277537384038027e-01 6.808083169470255314e+01 2.202298565137204497e-02 1.127475779091539204e-01 2.319784719796057562e-02 7.859995140939661507e-02
2.863631406582163752e+00 9.196439753280618579e-01 6.767048447922059040e+01 2.208197626943026598e-02 1.116136060504593353e-01 3.528741417868169056e-02 3.386012456932298992e-02
3.106216215196126562e+00 9.612826238042178062e-01 6.844199300184196488e+01 2.241944669736815193e-02 1.129996280256291702e-01 3.169302695001087466e-02 5.502291126230227786e-02
2.875990698407081325e+00 9.118062329262126564e-01 6.870124644018115134e+01 2.228467054422122312e-02 1.191989991589178371e-01 4.766048873455471652e-02 4.857439127513590860e-02
2.923426772533319618e+00 9.818789919799810750e-01 6.866045998385675375e+01 2.224328826093693867e-02 1.168731012183458207e-01 5.318027632181478170e-02 2.772796016273552239e-02
3.173061216492116809e+00 9.499116649745238394e-01 6.953076799373143047e+01 2.239930756994459871e-02 1.286569616977485397e-01 6.291333185624814646e-03 2.313046664091582966e-02
2.844787201209523886e+00 9.916721953401186340e-01 6.940025103975641230e+01 2.210371739044280845e-02 1.281712913481584115e-01 4.601788510755681211e-02 4.422724954365254285e-02
2.891757366857956590e+00 9.655435505515359562e-01 6.845023693605278936e+01 2.233817227212128373e-02 1.150979306413134756e-01 6.661381394908960640e-02 1.608332807304106021e-02
3.179076282514144758e+00 9.493517788511635080e-01 6.847542380173358367e+01 2.244484173664923130e-02 1.100602250814061572e-01 3.030537027526630789e-02 6.909458510935694020e-02
3.106231971037300532e+00 9.895971639560763311e-01 6.921083885957433779e+01 2.243630601047145665e-02 1.235360684018526334e-01 4.835327285615521886e-02 2.329344765895669661e-02
2.813544459505878503e+00 9.227929053263543846e-01 6.896101678583453065e+01 2.235296772238202362e-02 1.160707858860342834e-01 8.642554886235549738e-02 3.198335993475181355e-02
3.131810354009887387e+00 9.046850227496576746e-01 6.878266348401650987e+01 2.204139625858850954e-02 1.135071266718856164e-01 2.722761931693758186e-02 1.867059403503379400e-02
3.162261383347702015e+00 9.971497227127833485e-01 6.829466780445952168e+01 2.246930866251299966e-02 1.184440578147423900e-01 7.123845514967527826e-02 4.743860665335082605e-02
3.021364457170539364e+00 9.785868146394911538e-01 6.893283461727187955e+01 2.239736741369100989e-02 1.179258392619026152e-01 2.162239442995616059e-02 3.595898479499876066e-02
3.060483576071851619e+00 9.322363778257006794e-01 6.819318348550439168e+01 2.217103513100820641e-02 1.198127418842512282e-01 4.134660407100651525e-02 7.777029380623785848e-02
3.128550974519543004e+00 9.036185887959919949e-01 6.955766591737311444e+01 2.248584254593374160e-02 1.152574729418926747e-01 2.207569182718167877e-02 5.588095939213141156e-02
3.154010181682155523e+00 9.424881179596391600e-01 6.861713992276257557e+01 2.233697914299150739e-02 1.204158386650279605e-01 4.229011135692926221e-02 3.335152984560800504e-02
3.034288925670173942e+00 9.266546771670539639e-01 6.851077096723594195e+01 2.233943351606313549e-02 1.180014414133090661e-01 5.268787292344770390e-02 6.911216807315535837e-02
2.984731809139197001e+00 9.611847710584147109e-01 6.878256273173134616e+01 2.218615680980665431e-02 1.184319222163213725e-01 9.519142577751869838e-02 4.662081041358411004e-02
2.985682779969491385e+00 9.709808761924548781e-01 6.829830082415779202e+01 2.221905796266766819e-02 1.104597378498822502e-01 6.883040809049441322e-02 2.506277109496896777e-02
3.165420046665302856e+00 9.604604760391951546e-01 6.768510985532670077e+01 2.211838219463760358e-02 1.116455226343997659e-01 4.226021709714819496e-02 6.763608519590727508e-02
2.868482686820808869e+00 9.180194057213475478e-01 6.795130014191238388e+01 2.226464031651151712e-02 1.229416116234782336e-01 2.510705610672211638e-02 6.836024506873214501e-02
3.178677352170752979e+00 9.830346138435038794e-01 6.810856678921152252e+01 2.219703617078925759e-02 1.171427392877615881e-01 7.925497425963212716e-02 7.222423596118326961e-02
2.844226122975679338e+00 9.753038848938205829e-01 6.818742961860604623e+01 2.233344352953106279e-02 1.146950995632451814e-01 9.280207923020568350e-02 2.753772897302791955e-02
2.818887984811366376e+00 9.066325543318902724e-01 6.879071507439942934e+01 2.220012717864027971e-02 1.220277586004669401e-01 1.836730031844305278e-02 1.142419987629779768e-02
2.955692262751939303e+00 9.181278557781935579e-01 6.957788097475858535e+01 2.230529803102058312e-02 1.288257226613822026e-01 1.375065167289907242e-02 1.660077076677759361e-02
3.008493472318572781e+00 9.783714282892422842e-01 6.928880563488239375e+01 2.224772114820146654e-02 1.168685510688397822e-01 9.445778660669244819e-02 5.537560243945523208e-02
3.031553627503321025e+00 9.463250940630867358e-01 6.891477425907936549e+01 2.204715196140362779e-02 1.235722204006132890e-01 5.313454030934705585e-02 1.606036357739507037e-02
3.161410473667205956e+00 9.077537677466007704e-01 6.866858216497402623e+01 2.235484761472142021e-02 1.181610947093103825e-01 1.189912906323237901e-02 1.564252921381929090e-02
2.825948087715097756e+00 9.922430534350183962e-01 6.818694717126486182e+01 2.244815441484511800e-02 1.159920430121603452e-01 9.560514672215697507e-02 2.512930893528343007e-02
3.033015721304012313e+00 9.570660551478373801e-01 6.923161162913478961e+01 2.220679132252872945e-02 1.207924801419426597e-01 9.367086950877098750e-02 4.687877133895700099e-02
2.831506055764567709e+00 9.839822198377736751e-01 6.857908754913449911e+01 2.223674254948182841e-02 1.127893748757669012e-01 7.004991863962677090e-02 2.020150214532219490e-02
3.016726044952200869e+00 9.059135989985386272e-01 6.821824897314988334e+01 2.226301447728833843e-02 1.148412855145098665e-01 8.332987395472070055e-03 4.611161955472189988e-02
2.872645172025504845e+00 9.681234126746790514e-01 6.822564323367288353e+01 2.204653120644103903e-02 1.159379054918446839e-01 3.389520314979738852e-02 1.139715264409167997e-02
3.188683312433143069e+00 9.322341529445538066e-01 6.810007216458549806e+01 2.200365478643922720e-02 1.168751030358137905e-01 8.676891124097291241e-02 2.821144440960066113e-02
2.938827839129493746e+00 9.058726588228194210e-01 6.905898863883420802e+01 2.251859644801221944e-02 1.281137623827353633e-01 3.675364039914541525e-02 7.215919005013626819e-02
3.151770031190088694e+00 9.106716271876933444e-01 6.894254376402795970e+01 2.222614870460109734e-02 1.202386883055936023e-01 9.782141373747739455e-02 4.543984303596005497e-02
2.891438224623601894e+00 9.057110005686230814e-01 6.857321162169294837e+01 2.206713715822865643e-02 1.178598080575697510e-01 2.881031754668577152e-02 2.413814940825362299e-02
2.987356710035634855e+00 9.165178340317530203e-01 6.861714297398582119e+01 2.259675562078023586e-02 1.148211867832625022e-01 6.415940608442793902e-02 1.711723757868210613e-02
3.173814673638638340e+00 9.160051657764615163e-01 6.952281977737007423e+01 2.253443355728434669e-02 1.277302045119301233e-01 2.753355476551781061e-02 2.029294922927724759e-02
2.901610883006852326e+00 9.172159275464970563e-01 6.935695291817386021e+01 2.214442959733567071e-02 1.258488668484254169e-01 2.069049761325698900e-02 3.789936513885758251e-02
2.978898340304502401e+00 9.094881541308296180e-01 6.860846670428023231e+01 2.230214085866220539e-02 1.171015499583846209e-01 3.642037163541768374e-02 7.619011031417539936e-02
3.044877231925682270e+00 9.098770735925408859e-01 6.923300389539572564e+01 2.237098548937064418e-02 1.194071557136882483e-01 3.852710481231772649e-02 1.640136091758873788e-02
3.110059315066995733e+00 9.275498419150849383e-01 6.903500508219758558e+01 2.222735351860391506e-02 1.264748100353498828e-01 2.466300136584136452e-02 2.789933224123648109e-02
2.982120503499810393e+00 9.053530839390102614e-01 6.805701772626746049e+01 2.222944139842431346e-02 1.149514924345152456e-01 7.059412344063327460e-02 5.530577655880748039e-02
3.180035993209409995e+00 9.131428799758526393e-01 6.872350429040088216e+01 2.250187312043591681e-02 1.197119482677365954e-01 5.642810081356797181e-02 7.595879166100570623e-02
3.114086505000623895e+00 9.821237178565670467e-01 6.908053733768646509e+01 2.223309121245219816e-02 1.166563619744104413e-01 6.200229561830814667e-02 3.542002424426959201e-02
2.838092625635149080e+00 9.902238056724814719e-01 6.833315247531567138e+01 2.222882203116260599e-02 1.172831506960851228e-01 7.760847651702701411e-02 1.169352922507454519e-02
3.183612142920317467e+00 9.613445316227537951e-01 6.836195912120865614e+01 2.211360555599643438e-02 1.205716256803642250e-01 8.680641227706931140e-02 5.029384403945268145e-02
2.994084042545262392e+00 9.628699391129511564e-01 6.940516892345770827e+01 2.248355391344254717e-02 1.179327444711777695e-01 4.006950355930867513e-02 2.743952517509964939e-02
2.834112911394970347e+00 9.607018218629648221e-01 6.860840586768131288e+01 2.216068996954653411e-02 1.178109789040773098e-01 8.032037077378822998e-02 1.863550684524314244e-02
2.961104529824414744e+00 9.944421018502671572e-01 6.894780841196165966e+01 2.256508647873564991e-02 1.156761122400826042e-01 9.983785290596482176e-02 7.991592148808805696e-02
2.867429080934385865e+00 9.633798408111479139e-01 6.865013723929160960e+01 2.213962350915232163e-02 1.218068208052699719e-01 2.397017876888268839e-02 2.670616373571770008e-02
3.080313888049677207e+00 9.523208214614542477e-01 6.881814766495617164e+01 2.205250694275102258e-02 1.147014059347128551e-01 5.247549170050147538e-02 7.870961545921822955e-02
3.146444851841478485e+00 9.558269152472730346e-01 6.877367618390108817e+01 2.217735360661230240e-02 1.242174816238178492e-01 6.000578041949525265e-02 3.370780758989178755e-02
2.864873000572583095e+00 9.865808284652644033e-01 6.818314738854409995e+01 2.216528198276701209e-02 1.105081338446843031e-01 2.836107823786648829e-02 2.847780923969471523e-02
2.962128437548055881e+00 9.326000214646549269e-01 6.848127157338325333e+01 2.227175352964723062e-02 1.135602303689949577e-01 6.186563165212714127e-02 5.091066742236646098e-02
2.995965509010529271e+00 9.457320216531402979e-01 6.918059016143043038e+01 2.236638545378094589e-02 1.218645817211556764e-01 9.419038978616482705e-02 2.923082416616442497e-02
2.970567158559773269e+00 9.716862293262124028e-01 6.852088835684814683e+01 2.219798075713117630e-02 1.209918656390116531e-01 7.826302192179635311e-03 4.568774512332416521e-02
3.186341524592508634e+00 9.458242207908554855e-01 6.895619324891369217e+01 2.228568681210278679e-02 1.138226634813183369e-01 1.540945694532058763e-03 3.661477819000532458e-02
2.847720805814747180e+00 9.755642149151209086e-01 6.941546943975545503e+01 2.240005193090185975e-02 1.235180303461749091e-01 3.538312541621210783e-02 5.001088575739708747e-02
3.158112431038023526e+00 9.152953396970909816e-01 6.839097816822176412e+01 2.240608712873039948e-02 1.166744182680871517e-01 6.671159762381881353e-02 2.460318843387473975e-02
2.839820171392976267e+00 9.651865492270527147e-01 6.912035036102622598e+01 2.256059407652770410e-02 1.154176180818233949e-01 6.034939016897273092e-03 5.899322335124335820e-02
3.199786425127321365e+00 9.938959103362302594e-01 6.959990380441516322e+01 2.254279317959110088e-02 1.199708695330417990e-01 2.127612132177454651e-02 2.518297985603356465e-02
2.828257924045728622e+00 9.654042998540163234e-01 6.915849947444041845e+01 2.224676309180413994e-02 1.262612988155405735e-01 3.059281781434788558e-02 4.974303739318960277e-02
3.147077871794166093e+00 9.509414808432002930e-01 6.826959815292528333e+01 2.248542223083597330e-02 1.152201659565159075e-01 6.887857051578664958e-02 6.468188777811162415e-02
3.131724645291685150e+00 9.221136546513402088e-01 6.851251603576204730e+01 2.245501160142691563e-02 1.138018140488367691e-01 9.957282804562615774e-02 4.719063544350217410e-02
3.098839357853130583e+00 9.082500684504226651e-01 6.847236702927192198e+01 2.239582357178929867e-02 1.174020545161742202e-01 9.526202056877415558e-02 3.210094823715789469e-02
3.078983331705918758e+00 9.567800087295867950e-01 6.881341014368854303e+01 2.234456215040057578e-02 1.186316767890478047e-01 4.792018053778147879e-02 4.016210040774009782e-02
3.114090211601215685e+00 9.799748970880399757e-01 6.871405459511395009e+01 2.245834278063471232e-02 1.204233678535103769e-01 2.654039299758094439e-02 4.007087427677684388e-02
3.018986185643123488e+00 9.097524173761371014e-01 6.886024269113163143e+01 2.217072325134605837e-02 1.223139079533289847e-01 9.163491765141229192e-03 6.566380648773148532e-02
2.969914174576915311e+00 9.750168737644078210e-01 6.890911263542301413e+01 2.246542251549192570e-02 1.153904313759480521e-01 8.957516517746318130e-02 1.045248806093269749e-02
3.093120480685355389e+00 9.029816518968587502e-01 6.955689725348352681e+01 2.246973023283357213e-02 1.221258249225419396e-01 2.189966784373919076e-02 1.579980568538286514e-02
3.089823752950703106e+00 9.603197675572338055e-01 6.904666563521958267e+01 2.217043687301850641e-02 1.188200724338246556e-01 8.361890357170570498e-02 3.156831857329805285e-02
3.022723530534562997e+00 9.253631204034664659e-01 6.836993166792349541e+01 2.223872197247444074e-02 1.117869421220676063e-01 4.330637739714378320e-02 6.237409367981965047e-02
3.081216225034026479e+00 9.682504542608111331e-01 6.875791136270547099e+01 2.240268694298851171e-02 1.129106254705582874e-01 3.056197947010199853e-02 4.172323899287896237e-02
3.164771487624242319e+00 9.178071290004831129e-01 6.860396720435248596e+01 2.230707645770502526e-02 1.182755505693508236e-01 7.565734261719939124e-02 5.882917927137783914e-02
3.083656280635025393e+00 9.539976043755616919e-01 6.869048167604967148e+01 2.236529902513251927e-02 1.179271929278066788e-01 7.150762522238150731e-02 1.806084972921394999e-02
3.128813301309512962e+00 9.257559889862305713e-01 6.913577267390644465e+01 2.250374791572596483e-02 1.205588385012992259e-01 6.919131390591780340e-02 2.873901865015975748e-02
3.034054989392776847e+00 9.383368638866260714e-01 6.882311469002587501e+01 2.214325170088206340e-02 1.205585102490374233e-01 8.503948300824357154e-02 3.886271451801676102e-02
3.071671414096220243e+00 9.357947713958107983e-01 6.890088663132569025e+01 2.258593248426931169e-02 1.144477548598208799e-01 8.211034755724666567e-02 3.799322058454163847e-02
2.959059832079878216e+00 9.330819467022769542e-01 6.879784760065413707e+01 2.204450135525957977e-02 1.249268714132317493e-01 8.349095376878493124e-02 5.865430944272034125e-02
3.115499443052766715e+00 9.491801399403168027e-01 6.926458541780169753e+01 2.237137976921199645e-02 1.235190828518624717e-01 6.641055288317611327e-02 5.830924010083186199e-02
3.014022821198039992e+00 9.391076306608356905e-01 6.910198258246174419e+01 2.235313829489693135e-02 1.142939528121778153e-01 2.830125759156926213e-02 1.059506121785921441e-02
3.064716748445440953e+00 9.335716346402505028e-01 6.845007193211397123e+01 2.211849794382020687e-02 1.144788190602793326e-01 7.335147513217836479e-02 4.846602229173858911e-02
2.922969608802061803e+00 9.961593014923959544e-01 6.918992859376979254e+01 2.222641758080707783e-02 1.194705360673027211e-01 7.862883720461065484e-02 5.414035579682615479e-02
3.129342491316574826e+00 9.256164740886939635e-01 6.877193593893056800e+01 2.200892697073918158e-02 1.186494694405116901e-01 7.633792679546777538e-02 5.973844461112833709e-02
3.144604154107173422e+00 9.684448162978881447e-01 6.863067798258973085e+01 2.237985568937340616e-02 1.193397954260375926e-01 5.928092013976515168e-02 5.809825832109286048e-02
3.122576184415996714e+00 9.118144987295325743e-01 6.853002595371390271e+01 2.217790098957950554e-02 1.222194996015967955e-01 8.698955740981417772e-02 4.922884793269784870e-02
2.996779631378680087e+00 9.045429168026287714e-01 6.897952497628888580e+01 2.259411442146292207e-02 1.220815943015880062e-01 3.233822645513523275e-02 7.127261202685337971e-02
3.115205547952799137e+00 9.449127059943138729e-01 6.852517464251812385e+01 2.235891743134846982e-02 1.135001300397576046e-01 4.702672750669563417e-02 6.952924069899617254e-02
3.186760208283697438e+00 9.268833947241180704e-01 6.896846205582264133e+01 2.229340749407320021e-02 1.198543065802780416e-01 5.527730788010873364e-02 7.626402950606150921e-02
3.029487873999209935e+00 9.692830205779615627e-01 6.858709149905648417e+01 2.245449875526177308e-02 1.185166032029948691e-01 5.159587971080684121e-02 5.514636744299165200e-02
3.145172834238636472e+00 9.670795445029711779e-01 6.925394025481000426e+01 2.218821396295233075e-02 1.247335747818830998e-01 2.756959232329502310e-02 7.425292592330778874e-02
2.811208975922181885e+00 9.453673182364059624e-01 6.845311902385607539e+01 2.208662622081773372e-02 1.203381568583269806e-01 7.347578259337917035e-03 1.470584636862564201e-02
2.840769363542503090e+00 9.748039650504428666e-01 6.843010596080070229e+01 2.257325335793471804e-02 1.161562496366821545e-01 3.000726377220382102e-02 5.659920521520110659e-02
2.949489110842346662e+00 9.349660331225599919e-01 6.896683017304079044e+01 2.221415540879206549e-02 1.187486846185245859e-01 3.376305239167658873e-02 3.537054861222408558e-02
2.815418913365179687e+00 9.176120042176367786e-01 6.916225843741621304e+01 2.237610137914964117e-02 1.183373334029263063e-01 2.925836101716031840e-02 3.700809720323727098e-02
3.154010181682155523e+00 9.424881179596391600e-01 6.861713992276257557e+01 2.233697914299150739e-02 1.204158386650279605e-01 4.229011135692926221e-02 3.335152984560800504e-02
2.920606048628787477e+00 9.800690984632596248e-01 6.935721032236212125e+01 2.259409334880134804e-02 1.245933287433015624e-01 2.062166583259815791e-02 3.470620448889058518e-02
2.842909738765378780e+00 9.015967442985167724e-01 6.931549907517002396e+01 2.234462428318689797e-02 1.183679651310431263e-01 4.002818573726834445e-02 2.093603975578579163e-02
3.094105411548344176e+00 9.140101752313359862e-01 6.813167005394092257e+01 2.206035305230118551e-02 1.147692390296586734e-01 3.151640188987793467e-02 7.360105768009103655e-02
2.925421304434293379e+00 9.502070560248322417e-01 6.841168978605642792e+01 2.255774396156887476e-02 1.148039734666081862e-01 6.777924066469891151e-02 5.010508390701713666e-02
3.151008196764788494e+00 9.080158892775398449e-01 6.854228693918408055e+01 2.222169111683327744e-02 1.154484871040872274e-01 9.269371830224484854e-02 4.629495061169268399e-02
3.075685941858150141e+00 9.466939546826506069e-01 6.924380663446150663e+01 2.255087617226921720e-02 1.258067231809795739e-01 3.959868900006644626e-02 5.465389413450008615e-02
3.123136831677212566e+00 9.561089270676380591e-01 6.869295854704236604e+01 2.257076995113255213e-02 1.192349187146598682e-01 4.683894379364095945e-02 1.344516836239616035e-02
3.012993002631243922e+00 9.002333394786732335e-01 6.889819075708444984e+01 2.222356488271009373e-02 1.152675866350486300e-01 2.272943267086019459e-03 4.194035019750638055e-02
3.169967181916222287e+00 9.844454107351822136e-01 6.802644599543543791e+01 2.214327991926004838e-02 1.120909778815056268e-01 9.749160249116242682e-02 3.291740251082277829e-02
2.891738157755671335e+00 9.852314516640772180e-01 6.858921640858048363e+01 2.255177756955541873e-02 1.126226768784762272e-01 5.490228147022541139e-02 1.054082829301734685e-02
3.106602090377708958e+00 9.140673956753241347e-01 6.877486617446633943e+01 2.252540017826275623e-02 1.170964625207692456e-01 1.189503273962833063e-04 7.695266564052297142e-02
2.874068036966638928e+00 9.275431239649335469e-01 6.836921549016273048e+01 2.229821298465001558e-02 1.111424700580524727e-01 5.145590146540707753e-03 2.817395445590323982e-02
2.853204756675318698e+00 9.032927450863091901e-01 6.891081249994738300e+01 2.224845987406862818e-02 1.252437540052504517e-01 3.906179499710929481e-02 1.277490925696449925e-02
3.087779151281636381e+00 9.577285533900347092e-01 6.866858041880254859e+01 2.232623018664010167e-02 1.177586164961229032e-01 3.527860245024289337e-03 4.156313627645422115e-02
2.935734548994596960e+00 9.296855310267662098e-01 6.815710733640887042e+01 2.218121123495887109e-02 1.161102103468527741e-01 8.332874900441725186e-02 4.703165337623552850e-02
3.106462158430256082e+00 9.445099911933702019e-01 6.859261924728522786e+01 2.226588832527206380e-02 1.210482243424863408e-01 3.926300611482605452e-02 3.113650710367948937e-02
3.098289639577883392e+00 9.730509247384380167e-01 6.915720211359811742e+01 2.254406712031483892e-02 1.144225757458487425e-01 3.434190882208915108e-02 5.605348840873997790e-02
3.057279475035144856e+00 9.175806942882395179e-01 6.867910704688290480e+01 2.252262665802871530e-02 1.154871921249928240e-01 9.802269821872669486e-02 1.770431403417365573e-02
2.834045978371231733e+00 9.890057789601880422e-01 6.821523214988307870e+01 2.210807064815027700e-02 1.174728044453452608e-01 5.674212843497355302e-02 5.000644090041694162e-02
3.180320378623047173e+00 9.919928563710396219e-01 6.882298975636047089e+01 2.229544688186204174e-02 1.257648066550109966e-01 7.076592032066771065e-02 4.464145879729288641e-02
3.163025767328381477e+00 9.675856328978338361e-01 6.891039020155972139e+01 2.256835257223695906e-02 1.189637120248881602e-01 1.640163554837670420e-03 1.206750482329974755e-02
3.124537177090412676e+00 9.677043119193772247e-01 6.900720538495804135e+01 2.214222676901824588e-02 1.168501349846816084e-01 8.488956102135977733e-02 5.925030441169719386e-02
3.161098610489303962e+00 9.273114681292935479e-01 6.876934859769819752e+01 2.227648258646846777e-02 1.149730304312808205e-01 8.917628989915729609e-02 1.769815389812632797e-02
3.131631660387937277e+00 9.075308110652020588e-01 6.916880765471216819e+01 2.231780799157928596e-02 1.195575533621081599e-01 2.427541361067281356e-02 4.100838643440513770e-02
3.080186997554419381e+00 9.783651071184650272e-01 6.891057755660095552e+01 2.227932894857518123e-02 1.205555677022462913e-01 2.319625686510976004e-02 5.171584315686134775e-02
2.815337589243661398e+00 9.026328540395250899e-01 6.940365087302724589e+01 2.245406647092847152e-02 1.288306917700172971e-01 4.117010120003969376e-02 6.945586729572564288e-02
3.104847136812804553e+00 9.785014526856018469e-01 6.902217113511690627e+01 2.238318181843900606e-02 1.198294671552515706e-01 7.424527760999417858e-02 2.964131058014071729e-02
3.115205174158230061e+00 9.238864354730228490e-01 6.911239171209427923e+01 2.236204654785502871e-02 1.197679776161718890e-01 4.987260221630412244e-02 1.503546563353869159e-02
2.962209518842102263e+00 9.777787027678528364e-01 6.859651037534052875e+01 2.204971418486227283e-02 1.226293855601293808e-01 7.104704457442900800e-02 5.462522809020203124e-02
3.168111181327242676e+00 9.002046903123837041e-01 6.854575505833638260e+01 2.245873981823504062e-02 1.171538023674738860e-01 8.063570627061592000e-02 7.050075626851415311e-02
3.076017272945258174e+00 9.507752318871908193e-01 6.853498024059028637e+01 2.206311173398873768e-02 1.187424632850193063e-01 8.667981391524441637e-02 4.513336968804023547e-02
3.185893600945667092e+00 9.969882382196444404e-01 6.908366889914569242e+01 2.218477583974768144e-02 1.196115172341052080e-01 8.128717324416141754e-02 4.944144839605957992e-02
2.948687384450004778e+00 9.183019192207535486e-01 6.842872073311082204e+01 2.203417980458983322e-02 1.138729172190075523e-01 3.991433251881556371e-02 4.576337351053283431e-02
2.862864578667554394e+00 9.323324737330839218e-01 6.830581887187035761e+01 2.213790337020710847e-02 1.179173790251266396e-01 2.423891167392184728e-02 6.862350825721096059e-02
2.828257924045728622e+00 9.654042998540163234e-01 6.915849947444041845e+01 2.224676309180413994e-02 1.262612988155405735e-01 3.059281781434788558e-02 4.974303739318960277e-02
2.833352061218488593e+00 9.272132130469410427e-01 6.857855040118238321e+01 2.248255685173914525e-02 1.146055281724369379e-01 2.353358729190744431e-02 1.126707629209131381e-02
3.060483576071851619e+00 9.322363778257006794e-01 6.819318348550439168e+01 2.217103513100820641e-02 1.198127418842512282e-01 4.134660407100651525e-02 7.777029380623785848e-02
3.157794780145584568e+00 9.224638407353528136e-01 6.887530077436960596e+01 2.214305639549603993e-02 1.206164548127209163e-01 7.487246618629168904e-02 4.966305350941454394e-02
3.113891775166681697e+00 9.185019236063186598e-01 6.822503260019441029e+01 2.202003593413619925e-02 1.147121176292716926e-01 4.877275452016412854e-02 5.402840517970926293e-02
2.901713826513029559e+00 9.970021661947786606e-01 6.903002265716202146e+01 2.204744698573728526e-02 1.199293504794292642e-01 3.963317833887597917e-03 4.131453006108078835e-02
3.175949451265207113e+00 9.287239946855934125e-01 6.902996360261175823e+01 2.248915440965563312e-02 1.209615076260422140e-01 4.798454879147179275e-03 6.817489359821267414e-02
3.175218006326097964e+00 9.618467465826520124e-01 6.816480552720517494e+01 2.248709505609625126e-02 1.160579051738374751e-01 1.474932383383932392e-02 6.073679154522927670e-02
2.800762900646512232e+00 9.517818727783202704e-01 6.871731441954256070e+01 2.215157864808904933e-02 1.155341451160134120e-01 1.423064481659408465e-02 7.461728904726876166e-02
3.158995414789414369e+00 9.690435949140417948e-01 6.882686767705013153e+01 2.228287911459632051e-02 1.237769583279355184e-01 6.825757667861269418e-02 3.123475234907724385e-02
2.884778844795310881e+00 9.549532111976681836e-01 6.840755508056611234e+01 2.249612261160785845e-02 1.241964274964264398e-01 4.008965157537097007e-02 6.614067759365825638e-02
2.838704699681189769e+00 9.684178186778514830e-01 6.833715974360023893e+01 2.234148644457836091e-02 1.168307495019642317e-01 2.087233585644398745e-02 6.663640256107623838e-02
3.151948821042942939e+00 9.405728275280710315e-01 6.838823601230802751e+01 2.212212847956030945e-02 1.224837961751444604e-01 3.139678092680161375e-02 3.391211431691935202e-02
3.151322866284396618e+00 9.550429138533709228e-01 6.806946102389767361e+01 2.240676232430401094e-02 1.207139452372819471e-01 6.826792566376009563e-02 5.552067899642223331e-02
2.947936560540834083e+00 9.253860602483352515e-01 6.875034998572894551e+01 2.250339383807426624e-02 1.169607272751017474e-01 7.510650674545998884e-02 5.436689891061065316e-02
3.078484468702737509e+00 9.318992345771388575e-01 6.799802166828868621e+01 2.237087671436763930e-02 1.157935617804418393e-01 7.664478466698933234e-02 7.796400719813663394e-02
2.908845173859194499e+00 9.362735610682855203e-01 6.861971737382678782e+01 2.206132167606346395e-02 1.234705531676548451e-01 9.304558828457402953e-02 5.465838003766673031e-02
3.024945674833607878e+00 9.457426868350784499e-01 6.844383693157323023e+01 2.217971761576688697e-02 1.153165869731318099e-01 7.032701978957424382e-02 6.360553886951994529e-02
2.989584566638128660e+00 9.159094199957582561e-01 6.777868823877079762e+01 2.218135786420648986e-02 1.123331690491269630e-01 7.122392107421506025e-02 1.658368160349610321e-02
3.060447525900232613e+00 9.274475324306639124e-01 6.914482505725425199e+01 2.222705475046304543e-02 1.233068737990512392e-01 2.325860130079753299e-02 1.806116429168904206e-02
3.014178405748428435e+00 9.973247414319458271e-01 6.913420082161101732e+01 2.242094842733099655e-02 1.151537272194288614e-01 8.238844507524634153e-02 3.938849378257549411e-02
2.999070074019051901e+00 9.938938599023998677e-01 6.925174817901023516e+01 2.203153523108372300e-02 1.210291710754256567e-01 8.156458543186440382e-03 3.470018408044319574e-02
3.100576792265551607e+00 9.975139942176900476e-01 6.924446048953410582e+01 2.239787303343254016e-02 1.186393302874404060e-01 2.868358828143869124e-03 7.248765663419715066e-02
3.161284055535903192e+00 9.981445810974346466e-01 6.965260070523146396e+01 2.234436675930616401e-02 1.253111801390402735e-01 4.199638130426992799e-02 1.653576575399753890e-02
3.110059315066995733e+00 9.275498419150849383e-01 6.903500508219758558e+01 2.222735351860391506e-02 1.264748100353498828e-01 2.466300136584136452e-02 2.789933224123648109e-02
3.067071722018838820e+00 9.421230294248691406e-01 6.817129595165573619e+01 2.235962122872748106e-02 1.147272617530924743e-01 1.273783683352970424e-02 2.415833641523667391e-02
2.952087194980386187e+00 9.900414029925893589e-01 6.808051001025206972e+01 2.230776150060114621e-02 1.104668174766820360e-01 5.690982866981483812e-02 2.832003615348057529e-02
2.959615863816272618e+00 9.530565611231256451e-01 6.861520512662022497e+01 2.228922282841023714e-02 1.222755836719267436e-01 7.941612154778134036e-02 1.434813049114478344e-02
3.183902106632347628e+00 9.150377429333719226e-01 6.932652614069613151e+01 2.241108327783080181e-02 1.163969437399198503e-01 8.953557988995014538e-02 2.793917541834101820e-02
3.066433426027701081e+00 9.436128199303884800e-01 6.883364504366984704e+01 2.201908698843261375e-02 1.243232995582186085e-01 6.068573544296785444e-03 2.939743004355429429e-02
3.009412638332564782e+00 9.728051121091128017e-01 6.821011484702609096e+01 2.222636818294969341e-02 1.128965018944591142e-01 9.054874070973283062e-02 6.474696960672021717e-02
3.191563740555176665e+00 9.294000393695083240e-01 6.864402803337678449e+01 2.210050784401442620e-02 1.227130538004831128e-01 7.035955241242537739e-02 7.885876506889107074e-02
3.167376729644471478e+00 9.484730867189589132e-01 6.919046692538150012e+01 2.248910812151844185e-02 1.272147860099845096e-01 8.371528462822897670e-03 2.232386544494072145e-02
3.060034135436736413e+00 9.557879898830076160e-01 6.898725515572601807e+01 2.235744536996946141e-02 1.208943066822717183e-01 5.454495836883344051e-03 6.033995379664675029e-02
2.974479506108670623e+00 9.445081561389464531e-01 6.832065593436453810e+01 2.211774082343644088e-02 1.123148571017438951e-01 2.806575695316797583e-02 3.187949209868103095e-02
3.023274510492286016e+00 9.648545764043083839e-01 6.936238639558165175e+01 2.216213870186913709e-02 1.206717574194540593e-01 3.033968250738475897e-02 4.547899682084519807e-02
2.950948414575814915e+00 9.056850227352029048e-01 6.957194740179843961e+01 2.229568814653684269e-02 1.255565944041088233e-01 3.379633228215868368e-02 4.108891112556352365e-02
2.943510194407788383e+00 9.626620217525658774e-01 6.860261283939726695e+01 2.223506358030536215e-02 1.137065614523536244e-01 4.490398685871326012e-02 1.845825220955766427e-02
3.126540251419339445e+00 9.618557190671939150e-01 6.875185410267448560e+01 2.216468781366589744e-02 1.179824244549341206e-01 4.682276008084933216e-02 2.868281357350364186e-02
3.175434719649250503e+00 9.415234585232743481e-01 6.851355514382244394e+01 2.245548932799004346e-02 1.176340978724360192e-01 3.459209139704793462e-02 7.111199833162892836e-02
2.930538961254331998e+00 9.901724382658440016e-01 6.807763395359930314e+01 2.204318523739199481e-02 1.114380753839143423e-01 6.842988754471984736e-02 7.604684728966190632e-02
2.970935118987531709e+00 9.091456797185767380e-01 6.890641264393764231e+01 2.235868445015393169e-02 1.190527448499786173e-01 3.796075886563900215e-02 1.487460696298553708e-02
2.926679473411928800e+00 9.853372309347709912e-01 6.916009175200177594e+01 2.223040526471808248e-02 1.171167716755172478e-01 9.570914202328043019e-02 6.894803959822246031e-02
2.864020848723388024e+00 9.690031288914150442e-01 6.855379909501478153e+01 2.248076811595147925e-02 1.123773353646609907e-01 7.224182295548563226e-02 2.198659387648280866e-02
3.142049363677021034e+00 9.654611471480026852e-01 6.870083560623027097e+01 2.219075153751660576e-02 1.187791657093787145e-01 4.420314098278574355e-02 3.398569981534260015e-02
2.825948087715097756e+00 9.922430534350183962e-01 6.818694717126486182e+01 2.244815441484511800e-02 1.159920430121603452e-01 9.560514672215697507e-02 2.512930893528343007e-02
2.836778149766244539e+00 9.427717082296545037e-01 6.842719788037881301e+01 2.216524175594616550e-02 1.170228079474606442e-01 7.453794041344914689e-02 3.626041800895087042e-02
3.195409748322270538e+00 9.962697143765005814e-01 6.886526551463261114e+01 2.220040895888699545e-02 1.212414152925141847e-01 1.033547865116740683e-02 1.750860051103072385e-02
3.147049917572966926e+00 9.550543930528081482e-01 6.881022878698667000e+01 2.227276203461120083e-02 1.209579268951627706e-01 5.797005171177394348e-03 1.619388142494612021e-02
2.887892761876641678e+00 9.651184405081290052e-01 6.867270888515875527e+01 2.250434657348335601e-02 1.146223557621708633e-01 6.969145039630113281e-02 3.401089058931257986e-02
2.970567158559773269e+00 9.716862293262124028e-01 6.852088835684814683e+01 2.219798075713117630e-02 1.209918656390116531e-01 7.826302192179635311e-03 4.568774512332416521e-02
3.044863130213181890e+00 9.762837177155336832e-01 6.828391337463204991e+01 2.200205091113090206e-02 1.187710890088189003e-01 1.989044711239553939e-02 4.287450734032970112e-02
3.058700095614784509e+00 9.356488449187175815e-01 6.849207154188142965e+01 2.217500429200916154e-02 1.183741411032003255e-01 8.255336594297812969e-02 5.872021841752161214e-02
3.007276761045027502e+00 9.795014913936270773e-01 6.882913085096053862e+01 2.258048979570179832e-02 1.174187228287150581e-01 2.856015171139766537e-02 2.546176014862362030e-02
3.078266295337111824e+00 9.540483277299921516e-01 6.858100652021380483e+01 2.211938291428713899e-02 1.103981150930960359e-01 6.407067957610224421e-03 2.493208339561011136e-02
3.025618967574019269e+00 9.454534724293187642e-01 6.873178477119512308e+01 2.250128045582938663e-02 1.157514942295206073e-01 5.649376987126752958e-02 2.888998726229753677e-02
2.938827839129493746e+00 9.058726588228194210e-01 6.905898863883420802e+01 2.251859644801221944e-02 1.281137623827353633e-01 3.675364039914541525e-02 7.215919005013626819e-02
3.185856281458687711e+00 9.424164379312778284e-01 6.901550363454455805e+01 2.220824024295454599e-02 1.167721800314463904e-01 9.473674043802554623e-02 7.518698691682899893e-02
3.079562187782559413e+00 9.259122263250202378e-01 6.874651428107443962e+01 2.227327812613541513e-02 1.181240205431468848e-01 6.641789028114609972e-02 5.416265097219689212e-02
2.838704699681189769e+00 9.684178186778514830e-01 6.833715974360023893e+01 2.234148644457836091e-02 1.168307495019642317e-01 2.087233585644398745e-02 6.663640256107623838e-02
2.971260925440070366e+00 9.476913060784656340e-01 6.861999627390326850e+01 2.212689856639308075e-02 1.196900088731894241e-01 1.206559670366868543e-02 3.248313067125584847e-02
3.074994714269132956e+00 9.150519608044108688e-01 6.859618499765126387e+01 2.255145078801548339e-02 1.118549233337243903e-01 5.683519073527825566e-02 2.995033309974706043e-02
2.811465292546142525e+00 9.194372199413848312e-01 6.894722846856667786e+01 2.222212819060149364e-02 1.213472448101083345e-01 5.677511820348699750e-02 3.108125930303271001e-02
3.104847136812804553e+00 9.785014526856018469e-01 6.902217113511690627e+01 2.238318181843900606e-02 1.198294671552515706e-01 7.424527760999417858e-02 2.964131058014071729e-02
2.816012448417700931e+00 9.371155546540006487e-01 6.926143238013722225e+01 2.253425499550603534e-02 1.148014853476513747e-01 1.269043719095552933e-03 3.353981472583505291e-02
2.947775360411171164e+00 9.961154553021799307e-01 6.879379690809632564e+01 2.221041643015215020e-02 1.153373428231261044e-01 8.370703360004494442e-02 2.109781309137094552e-02
2.944059626053006529e+00 9.292546490580175789e-01 6.852754045938218042e+01 2.209047582259747455e-02 1.191315662640843875e-01 4.864009929773513430e-02 3.859436603228431212e-02
2.932502816462369655e+00 9.802832380550282609e-01 6.904423419003252604e+01 2.240235932568685265e-02 1.206040480130105425e-01 1.126191633463387125e-02 5.730490749790662086e-02
3.052637940129119265e+00 9.814134880918510273e-01 6.879003840486730326e+01 2.230472284147258857e-02 1.218194029902007203e-01 5.381137640043522075e-02 3.799574563359543050e-02
2.939494690332713489e+00 9.512346772476195644e-01 6.857281326383832720e+01 2.236151590401328978e-02 1.146306303134879551e-01 7.647609733194971060e-02 2.561964263767905689e-02
2.959445279987002575e+00 9.614439276278911040e-01 6.826986964339138808e+01 2.237386204171610410e-02 1.150166540017459188e-01 5.949258588481098897e-02 2.209236574892117777e-02
2.812030386456289666e+00 9.983165784686112154e-01 6.850783851997177010e+01 2.209006211290156022e-02 1.142792448706817510e-01 1.577213401781637700e-02 6.963208445688492954e-02
2.844609330047341178e+00 9.705683991133218225e-01 6.826195061454851043e+01 2.258713330240472161e-02 1.119305426092176009e-01 1.159343626448905429e-02 3.758289263097777666e-02
3.135185862260007283e+00 9.754991306398428375e-01 6.821425582899884432e+01 2.202024937449378883e-02 1.155563667835524111e-01 7.839356706679356801e-02 3.964996444387881847e-02
3.183612142920317467e+00 9.613445316227537951e-01 6.836195912120865614e+01 2.211360555599643438e-02 1.205716256803642250e-01 8.680641227706931140e-02 5.029384403945268145e-02
2.812049597716955507e+00 9.805492295641797806e-01 6.847253651584539114e+01 2.243356826572046048e-02 1.177426853286760028e-01 1.801082107581769738e-03 4.794959444989851938e-02
3.050227632161518265e+00 9.426180303470966804e-01 6.886779671193860963e+01 2.248419104686516512e-02 1.196325495243339421e-01 3.928600797026599034e-02 5.722848246920093224e-02
2.863421998583721262e+00 9.676580063938853282e-01 6.886514643438604821e+01 2.211554553217470395e-02 1.128813626857084890e-01 7.705200779973710168e-02 6.153600954460113764e-02
3.072260368589046386e+00 9.621880554896706794e-01 6.884432620069298991e+01 2.232860720933671148e-02 1.155739928102003516e-01 6.629954593703896171e-02 1.669561096066421793e-02
2.971929483775070935e+00 9.276933111004975752e-01 6.885499868761183961e+01 2.250102760209607769e-02 1.255847927897194571e-01 4.600244478160361861e-02 3.406611795626915407e-02
3.058811210076241682e+00 9.237027489547804393e-01 6.877770753834531092e+01 2.228456248163511108e-02 1.249445972261666038e-01 1.086044976495653680e-02 5.979706748759700680e-02
3.199894415342760645e+00 9.200098062018728928e-01 6.931288479346454778e+01 2.213995418879568730e-02 1.158764825239057827e-01 7.225327315884544355e-03 2.256339289018408772e-02
2.863636296837802853e+00 9.038816587780303946e-01 6.837949386700353216e+01 2.242388822728889203e-02 1.201030185268952694e-01 2.401997240717068660e-02 3.231789667225460488e-02
3.053228783797726553e+00 9.331824317745420760e-01 6.832410579736931311e+01 2.200446933786611922e-02 1.186393020558031142e-01 9.863378933678819058e-03 3.325343447556455834e-02
2.880839544255800799e+00 9.949920469711801552e-01 6.866437183132104849e+01 2.257096773050076485e-02 1.146059152980760942e-01 9.105507348339442197e-02 1.268968646974733515e-02
2.919221382600110548e+00 9.141248731002787897e-01 6.845005744022613214e+01 2.253186513874040620e-02 1.156792492067893890e-01 6.725199132953343928e-02 7.824738917121888682e-02
3.179893559282097382e+00 9.325735225605337186e-01 6.772528633564681400e+01 2.223830248068405999e-02 1.149037559380118173e-01 5.649930103156031516e-03 5.096840855773615564e-02
3.161778210869800265e+00 9.554234330061951441e-01 6.820078850578219942e+01 2.242289223716831259e-02 1.172273749244286539e-01 7.700612569116334349e-02 6.035418676117592501e-02
3.122237574354414402e+00 9.434432745588215985e-01 6.949160903991977989e+01 2.231793728807594454e-02 1.236912653124059430e-01 1.223926784819713391e-02 1.891566299053113603e-02
3.125576722375855709e+00 9.660646754746383680e-01 6.880194521573794475e+01 2.208543801353870378e-02 1.208769805709217632e-01 5.155493604672357899e-02 2.133891128762191447e-02
3.170912027182630766e+00 9.641698264208493629e-01 6.896038796134529036e+01 2.209565753677358857e-02 1.145124313953167217e-01 9.923637835143384912e-04 3.227166100579827862e-02
2.854879040695837311e+00 9.187043942203688696e-01 6.965434469827928865e+01 2.252651742484926278e-02 1.190020618029903193e-01 1.241876530939035710e-02 3.313289842270542018e-02
2.878199535231594997e+00 9.999165475272592252e-01 6.939732719184223697e+01 2.232322560736695743e-02 1.201904790241934418e-01 1.212435107606785233e-03 4.760084937953706907e-02
2.877574758589461545e+00 9.209614332974593864e-01 6.821467196861433990e+01 2.215593978804225248e-02 1.162145828864736552e-01 5.633439984620552260e-02 6.303031686655616306e-02
3.034206762808655089e+00 9.449833965795264579e-01 6.951126364243354772e+01 2.220899256011180448e-02 1.208901414595256879e-01 4.958953270552771131e-02 6.797404691777146624e-02
3.074689875706163811e+00 9.495951538168161399e-01 6.883194441469663616e+01 2.238884518711647606e-02 1.185270548016608833e-01 4.477955904204966911e-04 7.199485309854755655e-02
2.976988062094872767e+00 9.178136443137755451e-01 6.840062587248185366e+01 2.213525735285207241e-02 1.199161258482571851e-01 6.737096081755633570e-02 6.265813756452717764e-02
3.196520871408725650e+00 9.152417398930041692e-01 6.901655702145704652e+01 2.242653205770768488e-02 1.160883739500004341e-01 2.149616322249352576e-02 7.826427455286635859e-02
3.187676557033116254e+00 9.155547980473363046e-01 6.851482357763207176e+01 2.248475673775372427e-02 1.141210020508750256e-01 8.952839831889389255e-02 7.256217111731499969e-02
3.098726043827307208e+00 9.041192146651785277e-01 6.828152520195575903e+01 2.203918905428986150e-02 1.178330986804972808e-01 4.995010865243939419e-02 5.307574696370080669e-02
3.058811210076241682e+00 9.237027489547804393e-01 6.877770753834531092e+01 2.228456248163511108e-02 1.249445972261666038e-01 1.086044976495653680e-02 5.979706748759700680e-02
3.120051434128050527e+00 9.709039239237474694e-01 6.820450014365839309e+01 2.214856504907358054e-02 1.167923731944530974e-01 1.701302255105864233e-02 1.394553282640548231e-02
3.085348795082805129e+00 9.426722688479817203e-01 6.970507219820174782e+01 2.252833527052537643e-02 1.239750372112383842e-01 1.263811581790664877e-02 6.440682307588588285e-02
3.131754478775146122e+00 9.494021197028152947e-01 6.884328518753282822e+01 2.250520758473288294e-02 1.180233525763019903e-01 8.354339668246052800e-03 5.335376410292275162e-02
2.985674902263744990e+00 9.809337327188683009e-01 6.993250574415819187e+01 2.252616153710733024e-02 1.271448070622970272e-01 1.093120496336120843e-02 2.507676550344257321e-02
2.996779631378680087e+00 9.045429168026287714e-01 6.897952497628888580e+01 2.259411442146292207e-02 1.220815943015880062e-01 3.233822645513523275e-02 7.127261202685337971e-02
3.131615350506997242e+00 9.975838283934308492e-01 6.876579815442288179e+01 2.255185564235210119e-02 1.210409559656094175e-01 7.145059720452588692e-02 1.003893539387562886e-02
3.193177004097027982e+00 9.032263673415692473e-01 6.890683034363341619e+01 2.259362448306111507e-02 1.135855068633160325e-01 7.673565873582775809e-02 7.831494133843251715e-02
2.857607093082720429e+00 9.005483524366691972e-01 6.844007938615061448e+01 2.246060003348315445e-02 1.119534983605201400e-01 4.341428324973095783e-03 2.904994891510871702e-02
2.853204756675318698e+00 9.032927450863091901e-01 6.891081249994738300e+01 2.224845987406862818e-02 1.252437540052504517e-01 3.906179499710929481e-02 1.277490925696449925e-02
2.874496059127154890e+00 9.868495578920637445e-01 6.829514065875130768e+01 2.252679832488323902e-02 1.167748248048581516e-01 5.298286186446875962e-02 1.233970126772581874e-02
2.818870986886501395e+00 9.845012037495318724e-01 6.902564165371927629e+01 2.240087569100498305e-02 1.257618500459390665e-01 7.408443270233178515e-03 3.015126933527891018e-02
2.884844837183568433e+00 9.927969373212545134e-01 6.873384546052048449e+01 2.230883251105457432e-02 1.178940120888017362e-01 1.819734115119309159e-02 6.688133507534914368e-02
3.020472645812806611e+00 9.091672135804325094e-01 6.897006626482159675e+01 2.240568958750168566e-02 1.176253211993474185e-01 8.237085113774259004e-02 5.851582494686383140e-02
2.948476306847190198e+00 9.549661700981360024e-01 6.882476427603036484e+01 2.219193935359351291e-02 1.140258725198209505e-01 5.710123845649650587e-02 7.307464869070534608e-02
3.127309208626378734e+00 9.283661358071568781e-01 6.819736746939074123e+01 2.230663252104940833e-02 1.145753034475430754e-01 7.975651601814182090e-02 4.677724207129069223e-02
3.010267578887019457e+00 9.277764271731427925e-01 6.881383993092063633e+01 2.251785026690573607e-02 1.214634972122007744e-01 6.916457191119911030e-02 4.761876257600689000e-02
2.967508453642013322e+00 9.918255823943592508e-01 6.944232698267677506e+01 2.253730236320820521e-02 1.254825782183388028e-01 9.768588689883203613e-02 2.402184372921944283e-02
2.811208975922181885e+00 9.453673182364059624e-01 6.845311902385607539e+01 2.208662622081773372e-02 1.203381568583269806e-01 7.347578259337917035e-03 1.470584636862564201e-02
2.816012448417700931e+00 9.371155546540006487e-01 6.926143238013722225e+01 2.253425499550603534e-02 1.148014853476513747e-01 1.269043719095552933e-03 3.353981472583505291e-02
2.935556676478961347e+00 9.214457727400229281e-01 6.934564813867329747e+01 2.244465768466025538e-02 1.172675950273915357e-01 1.220736743100298005e-02 6.255326462720929570e-02
3.091636081384724122e+00 9.940865887252366973e-01 6.871457618566296333e+01 2.224125067539278744e-02 1.174811228093132348e-01 6.501794655915649201e-02 7.175465306611042426e-02
2.956774447864000344e+00 9.197006734258941218e-01 6.924241694649126089e+01 2.243455948573526426e-02 1.216390249941899926e-01 2.275370538546331312e-02 6.713869221562474010e-02
2.981227266043364743e+00 9.525728453936997964e-01 6.890537549858825628e+01 2.212866828715152542e-02 1.188043076845824025e-01 3.495678710141112561e-02 5.326765384322438429e-02
3.132551919650349959e+00 9.544126954364230420e-01 6.806339578793244982e+01 2.217441199753357461e-02 1.151776233104122582e-01 9.459441320321215763e-02 7.413258486011765902e-02
3.183902106632347628e+00 9.150377429333719226e-01 6.932652614069613151e+01 2.241108327783080181e-02 1.163969437399198503e-01 8.953557988995014538e-02 2.793917541834101820e-02
2.820710941527493798e+00 9.050510258090873617e-01 6.876435619505070918e+01 2.236528659481515011e-02 1.244088424095446122e-01 3.973138203689900033e-02 7.747752809309714495e-02
2.826406601892168968e+00 9.066577964776220133e-01 6.901490781980575662e+01 2.259350772373527189e-02 1.136871364745857815e-01 4.226487988860028709e-03 6.423869113836445932e-02
2.889429326392297437e+00 9.691163498730145376e-01 6.895961103402048309e+01 2.214835132225925762e-02 1.212130824545005342e-01 1.864327609394115376e-02 4.728422682159542229e-02
2.873410332697249547e+00 9.147218126753503542e-01 6.924452704894673616e+01 2.232600587142447371e-02 1.211989097125811543e-01 6.810866574434060704e-03 5.159195784580545424e-02
3.048153605088274709e+00 9.156904981147944156e-01 6.892764463413647036e+01 2.252823398714436792e-02 1.173325480741078675e-01 1.592963742291213583e-02 3.850710763300196210e-02
2.847587162801998861e+00 9.225489748003179447e-01 6.862075971667468366e+01 2.202595073810789672e-02 1.149155285386978254e-01 1.272382156165602438e-03 5.430576224685246256e-02
2.911809635969336618e+00 9.199048682136614641e-01 6.780629748433349846e+01 2.218369362240777548e-02 1.124811131966592798e-01 5.934328267886643249e-02 7.933424439988938370e-02
3.089545692285438072e+00 9.738692786801358414e-01 6.801546472541072319e+01 2.203891053814824308e-02 1.169059556341945499e-01 3.668193828755803715e-02 5.911862339975459957e-02
3.179076282514144758e+00 9.493517788511635080e-01 6.847542380173358367e+01 2.244484173664923130e-02 1.100602250814061572e-01 3.030537027526630789e-02 6.909458510935694020e-02
2.900293501897340587e+00 9.895103414024244426e-01 6.874646661395821923e+01 2.250694343454306620e-02 1.175169778496016337e-01 4.232982722851602597e-02 6.302859812853928156e-02
2.962209518842102263e+00 9.777787027678528364e-01 6.859651037534052875e+01 2.204971418486227283e-02 1.226293855601293808e-01 7.104704457442900800e-02 5.462522809020203124e-02
3.044644636129957505e+00 9.554805702760061914e-01 6.828495661412969753e+01 2.211158847965277383e-02 1.180114199267366798e-01 2.590052223409248372e-02 2.023819350720019311e-02
2.938385801238756923e+00 9.030261761554325695e-01 6.905623090455937074e+01 2.259761475785030185e-02 1.202119470218387248e-01 2.685138586923506779e-02 2.993632419369177816e-02
3.071438296542721602e+00 9.801197075817591475e-01 6.799298464284041188e+01 2.208990324786880982e-02 1.159725208545998587e-01 5.865529103074671596e-02 3.303905825290062714e-02
3.144886304172702651e+00 9.149983042691491875e-01 6.955193118721027190e+01 2.252587155213113881e-02 1.254452305108488264e-01 4.631378630553908970e-02 4.265267767204726501e-02
3.140345499022482390e+00 9.502643648283221056e-01 6.863089643711066401e+01 2.235433461131007202e-02 1.222080583448990898e-01 5.041928901488224035e-02 5.855399571984961499e-02
2.868960042168022806e+00 9.625647392654038681e-01 6.924200311448302614e+01 2.250772639805086184e-02 1.166122378596804871e-01 8.707767510908469288e-02 6.507695184978480596e-02
3.034615771621718139e+00 9.432071565643068700e-01 6.884619544555452819e+01 2.237686615386650854e-02 1.209563491312242722e-01 6.799967266337561544e-02 5.711196613886294904e-02
3.006284882078184673e+00 9.043596261663172653e-01 6.915309238716034201e+01 2.218803143525829163e-02 1.160614889027325042e-01 9.597966580733038877e-02 2.896999291249768155e-02
3.121031170043829128e+00 9.671094124756571819e-01 6.864591659393474288e+01 2.205876097433477623e-02 1.184104902321767294e-01 2.168859703931134281e-02 4.969350752126929643e-02
2.816012448417700931e+00 9.371155546540006487e-01 6.926143238013722225e+01 2.253425499550603534e-02 1.148014853476513747e-01 1.269043719095552933e-03 3.353981472583505291e-02
3.003610871307073271e+00 9.488467117958332420e-01 6.975425037243667248e+01 2.222316242744588194e-02 1.278597250819095699e-01 1.490187778620771786e-02 7.322892519987006521e-02
2.811232213158483262e+00 9.867556813373293823e-01 6.883598915513070438e+01 2.213030998735426164e-02 1.235175357390277118e-01 7.265674820291738445e-02 1.961067625154543775e-02
2.804012442829340035e+00 9.810397099163876700e-01 6.950446122624974521e+01 2.224776666120202931e-02 1.253863197728097290e-01 8.245619568680074424e-03 6.278971129439041288e-02
3.107621317272909245e+00 9.075968663039208906e-01 6.850553465355868354e+01 2.214138125845921054e-02 1.177146181372200479e-01 6.728516487803622159e-02 5.211106585018998594e-02
2.941392467346095607e+00 9.369966348631200148e-01 6.814584408261107740e+01 2.203635500428577018e-02 1.177081295340683259e-01 8.582524519986024780e-02 6.396638556545018728e-02
3.121803716143457308e+00 9.403386597150447113e-01 6.985414272857674689e+01 2.253616258929893798e-02 1.257421585305252554e-01 1.532440250808352403e-02 1.478600869336188679e-02
3.033329223045508005e+00 9.662293401706475438e-01 6.891004081316098961e+01 2.229355581794402116e-02 1.199635942531991351e-01 1.473684628506465900e-02 5.730247528342559404e-02
3.031906128854446436e+00 9.594630415001970114e-01 6.802224674352024181e+01 2.219840016294254842e-02 1.115532273065590052e-01 4.372590708897099859e-02 1.894023640636046876e-02
2.911836335945992893e+00 9.090767960532799563e-01 6.814232228801618874e+01 2.253745504416142936e-02 1.112072913589202683e-01 7.118442042570609363e-02 1.646504984975157709e-02
2.998965757074345539e+00 9.082122476114936616e-01 6.827506346257537473e+01 2.223754000370622638e-02 1.117003849941751864e-01 9.415793451332293840e-02 5.082118765665227800e-02
2.813838628157569577e+00 9.420605436826086088e-01 6.848038904703136609e+01 2.227878823862795843e-02 1.221871684188595847e-01 1.396610427168509805e-02 3.726449567243375616e-02
3.118335119478627515e+00 9.886395883594145673e-01 6.890371188764321175e+01 2.208512887564954841e-02 1.250390376824625782e-01 6.668909657500009247e-02 5.437111811161483149e-02
3.087016066580994700e+00 9.083168600462182551e-01 6.891993055468856255e+01 2.232778097485081312e-02 1.153989886639363860e-01 6.959783369137337306e-02 5.036075319002104173e-02
2.955184410993148880e+00 9.197628635808092756e-01 6.893001549470217526e+01 2.253375047099278813e-02 1.174636189480686155e-01 9.909204952067425520e-02 6.346106549234509231e-02
2.816436118062510818e+00 9.033750491689753748e-01 6.837544209812953966e+01 2.229142113618174520e-02 1.163027549502226449e-01 8.787980446827106662e-02 5.531910406319009293e-02
2.879581338113971878e+00 9.691388879822648850e-01 6.912773570020782188e+01 2.238924565739414813e-02 1.253572137819838339e-01 1.312210959971814653e-02 3.265482202235496512e-02
2.917229989044063831e+00 9.860695968078687645e-01 6.840188007959649497e+01 2.236352905235285474e-02 1.127304082692036774e-01 8.644733186190091054e-03 6.157401000920821599e-02
3.134669610471907397e+00 9.068223127632485392e-01 6.922373124155230073e+01 2.216605303104826966e-02 1.122514264466462908e-01 2.740537886934426778e-02 7.335231898711425114e-02
2.984894151725811628e+00 9.259498101737603237e-01 6.904882204873659646e+01 2.253013974985512702e-02 1.228980092385420497e-01 5.218439918479467199e-02 7.362109437488151276e-02
3.150259258768979720e+00 9.797892010631524817e-01 6.852678632576467521e+01 2.255396909830337249e-02 1.195152843519238228e-01 4.217894273085518592e-02 4.190971114616239002e-02
3.118773776929287145e+00 9.178967756973509529e-01 6.903172851777311791e+01 2.247618587853066757e-02 1.256966568219172742e-01 4.195257194894970454e-02 5.393738606760520998e-02
2.801675496923104802e+00 9.124318910769695368e-01 6.881324173570334324e+01 2.241937576532311918e-02 1.186023612387769322e-01 7.350274043201160401e-02 1.847756184883069322e-02
2.957601613034936072e+00 9.454164202933676986e-01 6.868112704703135307e+01 2.233666639698607057e-02 1.126281411990779635e-01 9.832602070452491072e-02 5.805291278148873302e-02
3.072917388020882434e+00 9.765809625815117245e-01 6.773344131309954719e+01 2.207909869552724877e-02 1.137172553006592091e-01 1.584375871277465819e-04 4.755375975822761364e-02
2.916846756696184428e+00 9.733166210762913551e-01 6.831489487813567507e+01 2.223531163728770937e-02 1.128171812290631598e-01 5.734791707174000802e-02 6.893909636342479552e-02
2.985369545245994072e+00 9.692783555880020163e-01 6.836522447022436211e+01 2.254647427400513840e-02 1.179833920626289362e-01 5.805287017931895499e-02 6.066918160866626580e-02
3.078604223030787512e+00 9.013023330638495478e-01 6.870008903243652298e+01 2.250073088609097841e-02 1.182550502034675766e-01 3.104340243217765249e-02 3.517910567502271352e-02
2.823029691919254791e+00 9.005756863187774908e-01 6.894668157666424690e+01 2.239237157972709391e-02 1.214086724830255731e-01 4.482780242674285626e-02 7.337568140409640727e-02
2.886829133588595830e+00 9.041204979106811646e-01 6.857596957210445510e+01 2.239400086089094605e-02 1.192637670210191653e-01 3.401759127163136304e-02 4.666630877864349353e-02
3.120643595407445403e+00 9.124695621669889345e-01 6.873505010867611986e+01 2.253294864351814905e-02 1.145237802026054241e-01 3.622201127777966573e-02 2.379811783510293877e-02
2.933687757740743418e+00 9.459990245439635626e-01 6.885652912240195178e+01 2.241066809197603607e-02 1.198219422313933219e-01 9.606973488480372025e-02 4.601060201351512419e-02
2.978877063824986404e+00 9.454562802250047193e-01 6.820227357502410825e+01 2.201546303849907099e-02 1.139397560514298080e-01 4.386964562603834321e-03 3.447641461763939486e-02
2.864253821476530959e+00 9.165219458120041907e-01 6.848514313234142037e+01 2.213408605883767505e-02 1.137347949912604211e-01 5.163300853858333872e-02 1.532529932557626789e-02
2.862155339058241488e+00 9.103197011765085112e-01 6.855731926368154916e+01 2.252138479684504327e-02 1.217392592625999997e-01 8.034926021674700103e-02 5.218281980961250038e-02
2.828660461703145668e+00 9.325773771283596414e-01 6.854850887051520658e+01 2.259319996864170982e-02 1.157760045513945152e-01 3.320617807776210517e-02 1.891034557989540454e-02
3.079227515302994433e+00 9.552609024931132398e-01 6.848473706699533636e+01 2.204215383131993486e-02 1.185395962616052901e-01 3.121141394475884789e-02 6.557156762121114923e-02
2.808503386256421486e+00 9.528874065511637736e-01 6.875096570063409729e+01 2.234355245840905294e-02 1.197763784810256943e-01 3.570467117923198375e-02 7.100309632995956133e-02
3.037478148606981954e+00 9.427332015215914574e-01 6.885790353529910135e+01 2.211230217935655773e-02 1.224777985822247117e-01 8.137594554198053498e-02 1.301653946870208814e-02
3.190743809794639230e+00 9.379344729299354810e-01 6.904482854798665414e+01 2.251915774046048951e-02 1.173246898738455335e-01 3.138119993662698282e-02 7.244482396898668797e-02
3.074249980571890362e+00 9.637447187596337450e-01 6.884989758108940805e+01 2.245772780887129311e-02 1.182747126659948189e-01 4.781909028169827741e-02 1.102935693424136020e-02
2.973972311165007820e+00 9.493634443503056186e-01 6.837352455248738181e+01 2.206669972401453100e-02 1.164564218281250452e-01 2.338722055266607980e-02 7.180426308526467738e-02
2.948091870141297921e+00 9.219031090412578289e-01 6.870630151692449772e+01 2.250025435988551453e-02 1.151844196114643615e-01 9.959881223178244924e-02 6.201754326190343780e-02
3.088813874911106261e+00 9.378941619563480048e-01 6.858145869221111468e+01 2.225857218319176115e-02 1.230313110293834583e-01 2.140943565910007410e-02 5.640117158686816512e-02
3.081093166372713910e+00 9.014343868466037080e-01 6.946569747069797529e+01 2.257973831500329973e-02 1.205084513962621923e-01 6.885481831537643149e-03 5.235478798536234712e-02
2.888552964435151527e+00 9.434586900691666056e-01 6.885912918064151711e+01 2.219139084176923252e-02 1.219522716285971753e-01 3.384778492965721808e-02 3.613674834249561152e-02
3.180337732241865112e+00 9.784471020012281972e-01 6.801177058443479950e+01 2.231934092280091556e-02 1.175183716019252700e-01 7.615623997167007830e-02 6.962979680778076663e-02
2.803651580003378996e+00 9.522660224123804529e-01 6.830012673166032755e+01 2.208438957451047333e-02 1.133005550858777466e-01 9.561656835742465832e-02 6.907014685933463016e-02
3.139088698860856397e+00 9.476246635369730553e-01 6.920061266020994140e+01 2.259506405159942069e-02 1.181411959443610243e-01 1.705648397614456177e-02 5.609683722439136322e-02
2.969865507513862024e+00 9.801732463271950468e-01 6.867218204955649696e+01 2.238018511438874536e-02 1.251106765984452973e-01 1.674139882670314800e-02 4.675444558947827733e-02
3.008272039915039109e+00 9.851831145791203337e-01 6.888153365696518904e+01 2.256317367117722031e-02 1.178114145484438768e-01 2.521647350906056767e-02 6.528523008820144580e-02
3.012830451433139434e+00 9.237216984862708369e-01 6.881254824070269649e+01 2.255369528764010478e-02 1.184656736539216326e-01 9.741612412471319093e-02 7.919591060096871360e-02
3.031553627503321025e+00 9.463250940630867358e-01 6.891477425907936549e+01 2.204715196140362779e-02 1.235722204006132890e-01 5.313454030934705585e-02 1.606036357739507037e-02
3.105768243248705485e+00 9.428963604396730647e-01 6.834535012695798173e+01 2.203430373911512488e-02 1.131969142347814816e-01 8.293455650831248194e-02 2.457842804310570589e-02
2.932953274024429291e+00 9.927215120252590452e-01 6.805975888202239332e+01 2.203119629087093093e-02 1.164314096225353146e-01 2.793403088288488878e-02 2.664699076731101568e-02
2.998020164591010950e+00 9.737125434587878825e-01 6.928911861964670038e+01 2.251298694357854735e-02 1.151902258749645663e-01 2.126879439724058823e-02 6.540093267585503356e-02
2.813783327973391923e+00 9.572480552831018619e-01 6.860946585421697819e+01 2.230825714352479769e-02 1.131606834428796893e-01 3.508105518409278950e-02 1.651066042186472363e-02
3.112953175021793140e+00 9.874298135169764512e-01 6.858433696073716135e+01 2.216562015033710781e-02 1.171246767609483846e-01 6.686053845188248690e-02 6.661126118011474750e-02
2.948925514908058876e+00 9.950378258049690228e-01 6.834924906116897603e+01 2.239911883873384885e-02 1.127089973368496506e-01 7.631410165790442068e-03 4.639269982878158061e-02
3.034036309404226639e+00 9.613846513538301108e-01 6.838428631741999197e+01 2.234603361920854681e-02 1.169205082919513028e-01 6.919942532724969453e-02 7.907317794362675456e-02
2.811733839420120340e+00 9.666884186257556077e-01 6.847242197758491500e+01 2.255981251581809163e-02 1.149942129732329649e-01 8.655043557994818171e-02 1.695882444777056103e-02
2.911104272159128037e+00 9.062145783039516900e-01 6.828056835116677803e+01 2.202826097898549079e-02 1.126221758580504134e-01 5.621698028306403722e-02 6.151221994815560257e-02
2.909824074044587316e+00 9.997285796961650206e-01 6.874158508718772964e+01 2.256504342669112331e-02 1.227202614108715006e-01 3.466912618062989622e-03 1.023468200745098790e-02
2.923543896468444370e+00 9.944684360873584650e-01 6.901219520585692635e+01 2.240874756523030323e-02 1.144749707530565430e-01 3.834140125807327520e-02 1.826497018635202946e-02
2.950156806097440132e+00 9.619026742046836720e-01 6.942468912150891924e+01 2.221812165545352172e-02 1.230875119449319627e-01 3.712256521901379641e-02 6.128452105584906995e-02
2.991842494673429442e+00 9.850835695691376737e-01 6.894312132299801021e+01 2.242923072489435080e-02 1.227609501458259839e-01 8.211881478912844146e-02 4.398066559952986537e-02
3.066433426027701081e+00 9.436128199303884800e-01 6.883364504366984704e+01 2.201908698843261375e-02 1.243232995582186085e-01 6.068573544296785444e-03 2.939743004355429429e-02
3.191704795161784070e+00 9.896466911172161485e-01 6.821534629083441814e+01 2.206614366420945467e-02 1.137650454261631833e-01 7.386964450368074808e-02 5.285139130086846659e-02
3.052307154837666126e+00 9.813124288301209308e-01 6.881243675134068383e+01 2.253852465379903997e-02 1.116417803817858490e-01 7.170718610302767582e-02 1.611197710395132626e-02
3.001390395129285515e+00 9.313787767313738142e-01 6.837186491193038762e+01 2.206247747798968303e-02 1.125071065802453196e-01 7.928458427918227969e-02 4.631291561898853021e-02
2.900823211982316074e+00 9.637856464879044349e-01 6.871583044153318554e+01 2.244552715660641518e-02 1.198689665706733354e-01 7.637386849719790538e-02 5.514384579370613937e-02
2.829996364872705339e+00 9.834656224802528213e-01 6.847135372884363846e+01 2.218179937546720451e-02 1.126004992529972271e-01 6.713836700717631945e-02 4.657389915473446329e-02
3.186493743331641593e+00 9.473085990033565107e-01 6.889315288462563558e+01 2.245434034165507894e-02 1.226210153550097437e-01 1.180170621156872990e-02 6.808615825524094722e-02
3.035503683196297597e+00 9.547025679602999526e-01 6.822692814505190029e+01 2.242733198230449296e-02 1.139785434892976734e-01 2.234931889780655736e-03 6.170425978289273417e-02
3.179208153563210182e+00 9.507687077412265708e-01 6.891628207098588632e+01 2.258478602072805028e-02 1.191788439139381678e-01 2.940523250435641070e-02 6.610401100958392118e-02
2.908612719874855035e+00 9.409828350730577995e-01 6.945200882523707264e+01 2.259210811373946540e-02 1.263739980333273560e-01 1.441144967923387900e-02 1.828658376629614321e-02
2.903960980827450911e+00 9.758245836863984612e-01 6.819644507431532077e+01 2.232953837074072925e-02 1.184518674046898118e-01 1.957514303693329641e-02 4.018020377135477633e-02
2.839820171392976267e+00 9.651865492270527147e-01 6.912035036102622598e+01 2.256059407652770410e-02 1.154176180818233949e-01 6.034939016897273092e-03 5.899322335124335820e-02
2.874068036966638928e+00 9.275431239649335469e-01 6.836921549016273048e+01 2.229821298465001558e-02 1.111424700580524727e-01 5.145590146540707753e-03 2.817395445590323982e-02
3.188652822370792617e+00 9.790159650316593298e-01 6.850999507130217125e+01 2.253973338348893782e-02 1.170405637429166590e-01 9.656732972451428920e-02 5.105326911675821949e-02
3.004413400944469181e+00 9.599072688144951737e-01 6.782166041825554714e+01 2.200088494256189145e-02 1.128052731155916172e-01 9.376000792391389616e-02 3.319962686688122250e-02
3.108346604765704679e+00 9.733697018720172123e-01 6.837271500122439249e+01 2.212320214266624840e-02 1.242476427997835642e-01 5.596434895904478513e-02 7.500753115270306082e-02
2.824622795750185933e+00 9.546072108003802459e-01 6.849828568461538225e+01 2.251790143870225497e-02 1.128529559941677113e-01 8.231969457382742883e-02 2.896580994883567878e-02
3.081093166372713910e+00 9.014343868466037080e-01 6.946569747069797529e+01 2.257973831500329973e-02 1.205084513962621923e-01 6.885481831537643149e-03 5.235478798536234712e-02
3.120158902225583120e+00 9.267552790034324639e-01 6.889974598008599571e+01 2.254697187463869726e-02 1.163530350947329928e-01 7.316172282017389950e-02 2.875495092967263883e-02
2.908845173859194499e+00 9.362735610682855203e-01 6.861971737382678782e+01 2.206132167606346395e-02 1.234705531676548451e-01 9.304558828457402953e-02 5.465838003766673031e-02
3.095139414559046287e+00 9.777511558004059466e-01 6.823879174253174540e+01 2.220191350332461830e-02 1.127452509610026993e-01 1.953094638680463822e-03 7.140061285883539388e-02
2.976466368199562673e+00 9.545812835302837085e-01 6.863034031812307489e+01 2.211742317351179932e-02 1.181956327417533620e-01 5.290892846342616640e-02 5.682014546203458666e-02
3.132099819293927556e+00 9.933302119501640215e-01 6.940478452687662525e+01 2.238144421294633798e-02 1.267012920658657227e-01 8.593261410580710358e-02 7.367033168658006226e-02
2.872180036879877552e+00 9.039571184640557977e-01 6.861154970381815588e+01 2.251610869860940986e-02 1.124752022012933117e-01 5.912202698838641551e-02 5.133948642673059892e-02
2.882083125086094544e+00 9.069295210410243113e-01 6.848537414304614401e+01 2.240928614400980456e-02 1.181511326640088677e-01 5.436065271500431506e-02 5.628108514340172952e-02
2.984787328057303846e+00 9.240332839435811962e-01 6.908456920106945631e+01 2.228953507371992521e-02 1.169647019528996801e-01 1.739829758622754574e-02 4.403400131106219306e-02
3.037478148606981954e+00 9.427332015215914574e-01 6.885790353529910135e+01 2.211230217935655773e-02 1.224777985822247117e-01 8.137594554198053498e-02 1.301653946870208814e-02
2.846251793988453294e+00 9.698899397038946990e-01 6.882332970698067243e+01 2.223402369858365826e-02 1.188655991569245174e-01 3.092627658077241881e-02 7.168247261888655020e-02
2.833118376533031668e+00 9.788135120782139875e-01 6.846960483633166916e+01 2.251943883638291011e-02 1.148215839753689016e-01 4.112346335330930441e-02 7.107728219638603795e-02
3.033015721304012313e+00 9.570660551478373801e-01 6.923161162913478961e+01 2.220679132252872945e-02 1.207924801419426597e-01 9.367086950877098750e-02 4.687877133895700099e-02
2.864873000572583095e+00 9.865808284652644033e-01 6.818314738854409995e+01 2.216528198276701209e-02 1.105081338446843031e-01 2.836107823786648829e-02 2.847780923969471523e-02
3.142700077177840612e+00 9.197634126764318019e-01 6.890227412223249814e+01 2.253981342413081956e-02 1.141093746993129127e-01 7.160257416834692190e-02 2.820662301744066708e-02
2.935716568542482641e+00 9.438441373823541758e-01 6.866636579408248053e+01 2.239980117065807491e-02 1.237262740331609295e-01 7.819374991906114999e-03 4.706060315518471177e-02
3.142700077177840612e+00 9.197634126764318019e-01 6.890227412223249814e+01 2.253981342413081956e-02 1.141093746993129127e-01 7.160257416834692190e-02 2.820662301744066708e-02
2.842341197357200588e+00 9.510366530368005167e-01 6.820390167445704321e+01 2.233937515329775109e-02 1.147198497512342541e-01 6.571957555238468196e-02 6.095904874611888374e-02
2.966593688279440144e+00 9.574189936639696530e-01 6.855215291358057073e+01 2.227760436245488154e-02 1.169548318611707965e-01 8.208196115069583965e-02 2.881843825821193278e-02
2.997824817247123796e+00 9.233608108581392582e-01 6.873407941097426033e+01 2.259739955857994337e-02 1.164218596808835049e-01 6.498458932650469366e-02 3.144092547549488803e-02
3.012563120322579557e+00 9.127752853556186929e-01 6.845406357711053147e+01 2.212312264482300256e-02 1.173695537516308979e-01 5.816607394046696689e-02 3.451353870840884186e-02
2.927443319968777047e+00 9.025131275926328023e-01 6.841141218429544324e+01 2.206816053914050640e-02 1.138737457270514453e-01 6.189100450134137760e-02 5.377204545168761535e-02
3.105186568829839011e+00 9.064098084577262293e-01 6.766396942212416832e+01 2.208663607588002772e-02 1.199096920911823516e-01 1.338786055229203124e-02 3.572499042815787534e-02
2.849330073728224555e+00 9.413831371285028560e-01 6.885789730032385592e+01 2.236825723295649687e-02 1.221966407533374571e-01 8.794655393581635172e-02 7.325820706203431398e-02
3.113847261868276650e+00 9.646456410892346733e-01 6.843194192796156017e+01 2.216664062987754383e-02 1.166142542174561508e-01 1.645520455820490002e-02 6.854140814355191846e-02
