13:05:27 [ultranest] [DEBUG] ReactiveNestedSampler: dims=9+0, resume=False, log_dir=cpl_output/cpl_real_run/run1, backend=hdf5, vectorized=False, nbootstraps=30, ndraw=128..65536
13:05:27 [ultranest] [INFO] Sampling 400 live points from prior ...
13:05:44 [ultranest] [DEBUG] Found plateau of 45/400 initial points at L=-inf. Avoid this by a continuously increasing loglikelihood towards good regions.
13:05:44 [ultranest] [INFO] Widening roots to 444 live points (have 400 already) ...
13:05:44 [ultranest] [INFO] Sampling 44 live points from prior ...
13:05:46 [ultranest] [DEBUG] Found plateau of 50/444 initial points at L=-inf. Avoid this by a continuously increasing loglikelihood towards good regions.
13:05:46 [ultranest] [INFO] Widening roots to 493 live points (have 444 already) ...
13:05:46 [ultranest] [INFO] Sampling 49 live points from prior ...
13:05:48 [ultranest] [DEBUG] run_iter dlogz=0.5, dKL=0.5, frac_remain=0.01, Lepsilon=0.0010, min_ess=400
13:05:48 [ultranest] [DEBUG] max_iters=-1, max_ncalls=1000000, max_num_improvement_loops=-1, min_num_live_points=400, cluster_num_live_points=40
13:05:48 [ultranest] [DEBUG] minimal_widths_sequence: [(-inf, 400.0), (inf, 400.0)]
13:05:48 [ultranest] [DEBUG] Plateau detected at L=-inf, not replacing live point.
13:05:48 [ultranest] [DEBUG] Plateau detected at L=-inf, not replacing live point.
13:05:48 [ultranest] [DEBUG] Plateau detected at L=-inf, not replacing live point.
13:05:48 [ultranest] [DEBUG] Plateau detected at L=-inf, not replacing live point.
13:05:48 [ultranest] [DEBUG] Plateau detected at L=-inf, not replacing live point.
13:05:48 [ultranest] [DEBUG] Plateau detected at L=-inf, not replacing live point.
13:05:48 [ultranest] [DEBUG] Plateau detected at L=-inf, not replacing live point.
13:05:48 [ultranest] [DEBUG] Plateau detected at L=-inf, not replacing live point.
13:05:48 [ultranest] [DEBUG] Plateau detected at L=-inf, not replacing live point.
13:05:48 [ultranest] [DEBUG] Plateau detected at L=-inf, not replacing live point.
13:05:48 [ultranest] [DEBUG] Plateau detected at L=-inf, not replacing live point.
13:05:48 [ultranest] [DEBUG] Plateau detected at L=-inf, not replacing live point.
13:05:48 [ultranest] [DEBUG] Plateau detected at L=-inf, not replacing live point.
13:05:48 [ultranest] [DEBUG] Plateau detected at L=-inf, not replacing live point.
13:05:48 [ultranest] [DEBUG] Plateau detected at L=-inf, not replacing live point.
13:05:48 [ultranest] [DEBUG] Plateau detected at L=-inf, not replacing live point.
13:05:48 [ultranest] [DEBUG] Plateau detected at L=-inf, not replacing live point.
13:05:48 [ultranest] [DEBUG] Plateau detected at L=-inf, not replacing live point.
13:05:48 [ultranest] [DEBUG] Plateau detected at L=-inf, not replacing live point.
13:05:48 [ultranest] [DEBUG] Plateau detected at L=-inf, not replacing live point.
13:05:48 [ultranest] [DEBUG] Plateau detected at L=-inf, not replacing live point.
13:05:48 [ultranest] [DEBUG] Plateau detected at L=-inf, not replacing live point.
13:05:48 [ultranest] [DEBUG] Plateau detected at L=-inf, not replacing live point.
13:05:48 [ultranest] [DEBUG] Plateau detected at L=-inf, not replacing live point.
13:05:48 [ultranest] [DEBUG] Plateau detected at L=-inf, not replacing live point.
13:05:48 [ultranest] [DEBUG] Plateau detected at L=-inf, not replacing live point.
13:05:48 [ultranest] [DEBUG] Plateau detected at L=-inf, not replacing live point.
13:05:48 [ultranest] [DEBUG] Plateau detected at L=-inf, not replacing live point.
13:05:48 [ultranest] [DEBUG] Plateau detected at L=-inf, not replacing live point.
13:05:48 [ultranest] [DEBUG] Plateau detected at L=-inf, not replacing live point.
13:05:48 [ultranest] [DEBUG] Plateau detected at L=-inf, not replacing live point.
13:05:48 [ultranest] [DEBUG] Plateau detected at L=-inf, not replacing live point.
13:05:48 [ultranest] [DEBUG] Plateau detected at L=-inf, not replacing live point.
13:05:48 [ultranest] [DEBUG] Plateau detected at L=-inf, not replacing live point.
13:05:48 [ultranest] [DEBUG] Plateau detected at L=-inf, not replacing live point.
13:05:48 [ultranest] [DEBUG] Plateau detected at L=-inf, not replacing live point.
13:05:48 [ultranest] [DEBUG] Plateau detected at L=-inf, not replacing live point.
13:05:48 [ultranest] [DEBUG] Plateau detected at L=-inf, not replacing live point.
13:05:48 [ultranest] [DEBUG] Plateau detected at L=-inf, not replacing live point.
13:05:48 [ultranest] [DEBUG] Plateau detected at L=-inf, not replacing live point.
13:05:48 [ultranest] [DEBUG] Plateau detected at L=-inf, not replacing live point.
13:05:48 [ultranest] [DEBUG] Plateau detected at L=-inf, not replacing live point.
13:05:48 [ultranest] [DEBUG] Plateau detected at L=-inf, not replacing live point.
13:05:48 [ultranest] [DEBUG] Plateau detected at L=-inf, not replacing live point.
13:05:48 [ultranest] [DEBUG] Plateau detected at L=-inf, not replacing live point.
13:05:48 [ultranest] [DEBUG] Plateau detected at L=-inf, not replacing live point.
13:05:48 [ultranest] [DEBUG] Plateau detected at L=-inf, not replacing live point.
13:05:48 [ultranest] [DEBUG] Plateau detected at L=-inf, not replacing live point.
13:05:48 [ultranest] [DEBUG] Plateau detected at L=-inf, not replacing live point.
13:05:48 [ultranest] [DEBUG] Plateau detected at L=-inf, not replacing live point.
13:05:48 [ultranest] [DEBUG] Plateau detected at L=-inf, not replacing live point.
13:05:48 [ultranest] [DEBUG] Plateau detected at L=-inf, not replacing live point.
13:05:48 [ultranest] [DEBUG] Plateau detected at L=-inf, not replacing live point.
13:05:48 [ultranest] [DEBUG] Plateau detected at L=-inf, not replacing live point.
13:05:48 [ultranest] [DEBUG] Plateau detected at L=-inf, not replacing live point.
13:05:48 [ultranest] [DEBUG] Plateau detected at L=-inf, not replacing live point.
13:05:48 [ultranest] [DEBUG] Plateau detected at L=-inf, not replacing live point.
13:05:48 [ultranest] [DEBUG] iteration=93, ncalls=495, regioncalls=80, ndraw=40, logz=-3868.92, remainder_fraction=100.0000%, Lmin=-3843.97, Lmax=-709.83
13:05:49 [ultranest] [DEBUG] iteration=95, ncalls=498, regioncalls=200, ndraw=40, logz=-3839.93, remainder_fraction=100.0000%, Lmin=-3832.48, Lmax=-709.83
13:05:49 [ultranest] [DEBUG] iteration=97, ncalls=501, regioncalls=320, ndraw=40, logz=-3776.00, remainder_fraction=100.0000%, Lmin=-3745.88, Lmax=-709.83
13:05:49 [ultranest] [DEBUG] iteration=98, ncalls=502, regioncalls=360, ndraw=40, logz=-3752.09, remainder_fraction=100.0000%, Lmin=-3719.84, Lmax=-709.83
13:05:49 [ultranest] [DEBUG] iteration=100, ncalls=504, regioncalls=440, ndraw=40, logz=-3708.58, remainder_fraction=100.0000%, Lmin=-3665.39, Lmax=-709.83
13:05:49 [ultranest] [DEBUG] iteration=103, ncalls=507, regioncalls=560, ndraw=40, logz=-3602.71, remainder_fraction=100.0000%, Lmin=-3575.91, Lmax=-709.83
13:05:49 [ultranest] [DEBUG] iteration=104, ncalls=510, regioncalls=680, ndraw=40, logz=-3582.14, remainder_fraction=100.0000%, Lmin=-3567.05, Lmax=-709.83
13:05:49 [ultranest] [DEBUG] iteration=107, ncalls=513, regioncalls=800, ndraw=40, logz=-3545.85, remainder_fraction=100.0000%, Lmin=-3523.85, Lmax=-709.83
13:05:49 [ultranest] [DEBUG] iteration=110, ncalls=516, regioncalls=920, ndraw=40, logz=-3489.77, remainder_fraction=100.0000%, Lmin=-3482.14, Lmax=-709.83
13:05:50 [ultranest] [DEBUG] iteration=113, ncalls=519, regioncalls=1040, ndraw=40, logz=-3434.82, remainder_fraction=100.0000%, Lmin=-3421.29, Lmax=-709.83
13:05:50 [ultranest] [DEBUG] iteration=115, ncalls=522, regioncalls=1160, ndraw=40, logz=-3402.31, remainder_fraction=100.0000%, Lmin=-3377.63, Lmax=-709.83
13:05:50 [ultranest] [DEBUG] iteration=118, ncalls=526, regioncalls=1320, ndraw=40, logz=-3358.57, remainder_fraction=100.0000%, Lmin=-3341.82, Lmax=-709.83
13:05:50 [ultranest] [DEBUG] iteration=121, ncalls=530, regioncalls=1480, ndraw=40, logz=-3333.55, remainder_fraction=100.0000%, Lmin=-3307.98, Lmax=-709.83
13:05:50 [ultranest] [DEBUG] iteration=124, ncalls=535, regioncalls=1680, ndraw=40, logz=-3304.08, remainder_fraction=100.0000%, Lmin=-3295.94, Lmax=-709.83
13:05:50 [ultranest] [DEBUG] iteration=127, ncalls=541, regioncalls=1920, ndraw=40, logz=-3284.86, remainder_fraction=100.0000%, Lmin=-3275.53, Lmax=-709.83
13:05:50 [ultranest] [DEBUG] iteration=129, ncalls=543, regioncalls=2000, ndraw=40, logz=-3275.57, remainder_fraction=100.0000%, Lmin=-3263.54, Lmax=-709.83
13:05:51 [ultranest] [DEBUG] iteration=131, ncalls=545, regioncalls=2080, ndraw=40, logz=-3268.18, remainder_fraction=100.0000%, Lmin=-3230.35, Lmax=-709.83
13:05:51 [ultranest] [DEBUG] iteration=134, ncalls=551, regioncalls=2320, ndraw=40, logz=-3218.03, remainder_fraction=100.0000%, Lmin=-3184.04, Lmax=-707.46
13:05:51 [ultranest] [DEBUG] iteration=136, ncalls=555, regioncalls=2480, ndraw=40, logz=-3175.54, remainder_fraction=100.0000%, Lmin=-3142.53, Lmax=-707.46
13:05:51 [ultranest] [DEBUG] iteration=139, ncalls=558, regioncalls=2600, ndraw=40, logz=-3134.29, remainder_fraction=100.0000%, Lmin=-3127.45, Lmax=-707.46
13:05:51 [ultranest] [DEBUG] iteration=142, ncalls=561, regioncalls=2720, ndraw=40, logz=-3118.14, remainder_fraction=100.0000%, Lmin=-3109.92, Lmax=-707.46
13:05:51 [ultranest] [DEBUG] iteration=145, ncalls=564, regioncalls=2840, ndraw=40, logz=-3097.25, remainder_fraction=100.0000%, Lmin=-3090.57, Lmax=-707.46
13:05:51 [ultranest] [DEBUG] iteration=147, ncalls=567, regioncalls=2960, ndraw=40, logz=-3094.66, remainder_fraction=100.0000%, Lmin=-3085.56, Lmax=-707.46
13:05:52 [ultranest] [DEBUG] iteration=150, ncalls=571, regioncalls=3120, ndraw=40, logz=-3039.03, remainder_fraction=100.0000%, Lmin=-3018.50, Lmax=-707.46
13:05:52 [ultranest] [DEBUG] iteration=152, ncalls=575, regioncalls=3280, ndraw=40, logz=-3018.70, remainder_fraction=100.0000%, Lmin=-3004.77, Lmax=-707.46
13:05:52 [ultranest] [DEBUG] iteration=154, ncalls=577, regioncalls=3360, ndraw=40, logz=-3005.11, remainder_fraction=100.0000%, Lmin=-2994.33, Lmax=-707.46
13:05:52 [ultranest] [DEBUG] iteration=156, ncalls=579, regioncalls=3440, ndraw=40, logz=-2991.59, remainder_fraction=100.0000%, Lmin=-2982.61, Lmax=-707.46
13:05:52 [ultranest] [DEBUG] iteration=158, ncalls=583, regioncalls=3600, ndraw=40, logz=-2979.28, remainder_fraction=100.0000%, Lmin=-2966.92, Lmax=-707.46
13:05:52 [ultranest] [DEBUG] iteration=159, ncalls=587, regioncalls=3760, ndraw=40, logz=-2973.28, remainder_fraction=100.0000%, Lmin=-2965.16, Lmax=-707.46
13:05:52 [ultranest] [DEBUG] iteration=161, ncalls=591, regioncalls=3920, ndraw=40, logz=-2967.18, remainder_fraction=100.0000%, Lmin=-2946.57, Lmax=-707.46
13:05:53 [ultranest] [DEBUG] iteration=163, ncalls=594, regioncalls=4040, ndraw=40, logz=-2916.03, remainder_fraction=100.0000%, Lmin=-2895.36, Lmax=-707.46
13:05:53 [ultranest] [DEBUG] iteration=165, ncalls=606, regioncalls=4520, ndraw=40, logz=-2898.49, remainder_fraction=100.0000%, Lmin=-2890.49, Lmax=-707.46
13:05:53 [ultranest] [DEBUG] iteration=167, ncalls=609, regioncalls=4640, ndraw=40, logz=-2895.53, remainder_fraction=100.0000%, Lmin=-2848.72, Lmax=-707.46
13:05:53 [ultranest] [DEBUG] iteration=169, ncalls=613, regioncalls=4800, ndraw=40, logz=-2852.39, remainder_fraction=100.0000%, Lmin=-2844.28, Lmax=-707.46
13:05:53 [ultranest] [DEBUG] iteration=172, ncalls=617, regioncalls=4960, ndraw=40, logz=-2834.11, remainder_fraction=100.0000%, Lmin=-2827.33, Lmax=-707.46
13:05:53 [ultranest] [DEBUG] iteration=174, ncalls=620, regioncalls=5080, ndraw=40, logz=-2828.37, remainder_fraction=100.0000%, Lmin=-2818.49, Lmax=-707.46
13:05:54 [ultranest] [DEBUG] iteration=177, ncalls=624, regioncalls=5240, ndraw=40, logz=-2818.60, remainder_fraction=100.0000%, Lmin=-2812.03, Lmax=-707.46
13:05:54 [ultranest] [DEBUG] iteration=180, ncalls=627, regioncalls=5360, ndraw=40, logz=-2809.87, remainder_fraction=100.0000%, Lmin=-2801.54, Lmax=-707.46
13:05:54 [ultranest] [DEBUG] iteration=182, ncalls=632, regioncalls=5560, ndraw=40, logz=-2802.95, remainder_fraction=100.0000%, Lmin=-2788.30, Lmax=-707.46
13:05:54 [ultranest] [DEBUG] iteration=183, ncalls=633, regioncalls=5600, ndraw=40, logz=-2794.72, remainder_fraction=100.0000%, Lmin=-2785.88, Lmax=-707.46
13:05:54 [ultranest] [DEBUG] iteration=186, ncalls=636, regioncalls=5720, ndraw=40, logz=-2788.63, remainder_fraction=100.0000%, Lmin=-2760.00, Lmax=-707.46
13:05:54 [ultranest] [DEBUG] iteration=188, ncalls=641, regioncalls=5920, ndraw=40, logz=-2760.31, remainder_fraction=100.0000%, Lmin=-2739.78, Lmax=-707.46
13:05:54 [ultranest] [DEBUG] iteration=190, ncalls=643, regioncalls=6000, ndraw=40, logz=-2735.54, remainder_fraction=100.0000%, Lmin=-2724.02, Lmax=-707.46
13:05:54 [ultranest] [DEBUG] iteration=193, ncalls=647, regioncalls=6160, ndraw=40, logz=-2703.36, remainder_fraction=100.0000%, Lmin=-2678.63, Lmax=-707.46
13:05:55 [ultranest] [DEBUG] iteration=195, ncalls=652, regioncalls=6360, ndraw=40, logz=-2681.41, remainder_fraction=100.0000%, Lmin=-2671.96, Lmax=-707.46
13:05:55 [ultranest] [DEBUG] iteration=196, ncalls=653, regioncalls=6400, ndraw=40, logz=-2678.36, remainder_fraction=100.0000%, Lmin=-2670.30, Lmax=-707.46
13:05:55 [ultranest] [DEBUG] iteration=198, ncalls=656, regioncalls=6520, ndraw=40, logz=-2664.45, remainder_fraction=100.0000%, Lmin=-2638.66, Lmax=-707.46
13:05:55 [ultranest] [DEBUG] iteration=200, ncalls=659, regioncalls=6640, ndraw=40, logz=-2642.92, remainder_fraction=100.0000%, Lmin=-2627.89, Lmax=-707.46
13:05:55 [ultranest] [DEBUG] iteration=201, ncalls=661, regioncalls=6720, ndraw=40, logz=-2634.36, remainder_fraction=100.0000%, Lmin=-2609.07, Lmax=-707.46
13:05:55 [ultranest] [DEBUG] iteration=203, ncalls=665, regioncalls=6880, ndraw=40, logz=-2614.11, remainder_fraction=100.0000%, Lmin=-2593.45, Lmax=-707.46
13:05:55 [ultranest] [DEBUG] iteration=206, ncalls=669, regioncalls=7040, ndraw=40, logz=-2583.80, remainder_fraction=100.0000%, Lmin=-2561.28, Lmax=-707.46
13:05:56 [ultranest] [DEBUG] iteration=208, ncalls=672, regioncalls=7160, ndraw=40, logz=-2566.85, remainder_fraction=100.0000%, Lmin=-2559.60, Lmax=-707.46
13:05:56 [ultranest] [DEBUG] iteration=210, ncalls=676, regioncalls=7320, ndraw=40, logz=-2562.19, remainder_fraction=100.0000%, Lmin=-2528.03, Lmax=-707.46
13:05:56 [ultranest] [DEBUG] iteration=211, ncalls=679, regioncalls=7440, ndraw=40, logz=-2534.52, remainder_fraction=100.0000%, Lmin=-2521.97, Lmax=-707.46
13:05:56 [ultranest] [DEBUG] iteration=213, ncalls=682, regioncalls=7560, ndraw=40, logz=-2527.60, remainder_fraction=100.0000%, Lmin=-2518.03, Lmax=-707.46
13:05:56 [ultranest] [DEBUG] iteration=216, ncalls=688, regioncalls=7800, ndraw=40, logz=-2499.55, remainder_fraction=100.0000%, Lmin=-2488.69, Lmax=-707.46
13:05:56 [ultranest] [DEBUG] iteration=218, ncalls=691, regioncalls=7920, ndraw=40, logz=-2475.90, remainder_fraction=100.0000%, Lmin=-2464.85, Lmax=-707.46
13:05:57 [ultranest] [DEBUG] iteration=220, ncalls=697, regioncalls=8160, ndraw=40, logz=-2455.03, remainder_fraction=100.0000%, Lmin=-2447.15, Lmax=-707.46
13:05:57 [ultranest] [DEBUG] iteration=221, ncalls=704, regioncalls=8440, ndraw=40, logz=-2453.44, remainder_fraction=100.0000%, Lmin=-2434.37, Lmax=-707.46
13:05:57 [ultranest] [DEBUG] iteration=224, ncalls=707, regioncalls=8560, ndraw=40, logz=-2434.14, remainder_fraction=100.0000%, Lmin=-2427.10, Lmax=-707.46
13:05:57 [ultranest] [DEBUG] iteration=227, ncalls=712, regioncalls=8760, ndraw=40, logz=-2427.25, remainder_fraction=100.0000%, Lmin=-2409.62, Lmax=-707.46
13:05:57 [ultranest] [DEBUG] iteration=229, ncalls=715, regioncalls=8880, ndraw=40, logz=-2407.62, remainder_fraction=100.0000%, Lmin=-2398.27, Lmax=-707.46
13:05:58 [ultranest] [DEBUG] iteration=231, ncalls=718, regioncalls=9000, ndraw=40, logz=-2399.46, remainder_fraction=100.0000%, Lmin=-2387.54, Lmax=-707.46
13:05:58 [ultranest] [DEBUG] iteration=233, ncalls=722, regioncalls=9160, ndraw=40, logz=-2392.94, remainder_fraction=100.0000%, Lmin=-2386.06, Lmax=-707.46
13:05:58 [ultranest] [DEBUG] iteration=234, ncalls=725, regioncalls=9280, ndraw=40, logz=-2392.07, remainder_fraction=100.0000%, Lmin=-2384.88, Lmax=-707.46
13:05:58 [ultranest] [DEBUG] iteration=237, ncalls=729, regioncalls=9440, ndraw=40, logz=-2365.40, remainder_fraction=100.0000%, Lmin=-2354.20, Lmax=-707.46
13:05:58 [ultranest] [DEBUG] iteration=239, ncalls=733, regioncalls=9600, ndraw=40, logz=-2353.32, remainder_fraction=100.0000%, Lmin=-2346.36, Lmax=-707.46
13:05:58 [ultranest] [DEBUG] iteration=241, ncalls=737, regioncalls=9760, ndraw=40, logz=-2351.91, remainder_fraction=100.0000%, Lmin=-2336.72, Lmax=-707.46
13:05:59 [ultranest] [DEBUG] iteration=242, ncalls=739, regioncalls=9840, ndraw=40, logz=-2343.29, remainder_fraction=100.0000%, Lmin=-2336.31, Lmax=-707.46
13:05:59 [ultranest] [DEBUG] iteration=244, ncalls=742, regioncalls=9960, ndraw=40, logz=-2333.33, remainder_fraction=100.0000%, Lmin=-2322.59, Lmax=-707.46
13:05:59 [ultranest] [DEBUG] iteration=245, ncalls=743, regioncalls=10000, ndraw=40, logz=-2329.16, remainder_fraction=100.0000%, Lmin=-2322.09, Lmax=-707.46
13:05:59 [ultranest] [DEBUG] iteration=246, ncalls=746, regioncalls=10120, ndraw=40, logz=-2328.19, remainder_fraction=100.0000%, Lmin=-2312.01, Lmax=-707.46
13:05:59 [ultranest] [DEBUG] iteration=248, ncalls=750, regioncalls=10280, ndraw=40, logz=-2308.39, remainder_fraction=100.0000%, Lmin=-2301.23, Lmax=-707.46
13:05:59 [ultranest] [DEBUG] iteration=250, ncalls=753, regioncalls=10400, ndraw=40, logz=-2306.53, remainder_fraction=100.0000%, Lmin=-2293.10, Lmax=-707.46
13:05:59 [ultranest] [DEBUG] iteration=252, ncalls=757, regioncalls=10560, ndraw=40, logz=-2297.81, remainder_fraction=100.0000%, Lmin=-2289.58, Lmax=-707.46
13:05:59 [ultranest] [DEBUG] iteration=253, ncalls=760, regioncalls=10680, ndraw=40, logz=-2296.00, remainder_fraction=100.0000%, Lmin=-2276.50, Lmax=-707.46
13:06:00 [ultranest] [DEBUG] iteration=256, ncalls=764, regioncalls=10840, ndraw=40, logz=-2273.41, remainder_fraction=100.0000%, Lmin=-2264.51, Lmax=-707.46
13:06:00 [ultranest] [DEBUG] iteration=258, ncalls=773, regioncalls=11200, ndraw=40, logz=-2267.10, remainder_fraction=100.0000%, Lmin=-2244.74, Lmax=-707.46
13:06:00 [ultranest] [DEBUG] iteration=260, ncalls=776, regioncalls=11320, ndraw=40, logz=-2246.60, remainder_fraction=100.0000%, Lmin=-2236.76, Lmax=-707.46
13:06:00 [ultranest] [DEBUG] iteration=263, ncalls=779, regioncalls=11440, ndraw=40, logz=-2228.64, remainder_fraction=100.0000%, Lmin=-2220.60, Lmax=-707.46
13:06:00 [ultranest] [DEBUG] iteration=266, ncalls=783, regioncalls=11600, ndraw=40, logz=-2224.12, remainder_fraction=100.0000%, Lmin=-2216.23, Lmax=-707.46
13:06:00 [ultranest] [DEBUG] iteration=269, ncalls=786, regioncalls=11720, ndraw=40, logz=-2219.62, remainder_fraction=100.0000%, Lmin=-2208.08, Lmax=-707.46
13:06:01 [ultranest] [DEBUG] iteration=271, ncalls=789, regioncalls=11840, ndraw=40, logz=-2213.85, remainder_fraction=100.0000%, Lmin=-2202.36, Lmax=-707.46
13:06:01 [ultranest] [DEBUG] iteration=273, ncalls=792, regioncalls=11960, ndraw=40, logz=-2193.38, remainder_fraction=100.0000%, Lmin=-2185.88, Lmax=-707.46
13:06:01 [ultranest] [DEBUG] iteration=276, ncalls=796, regioncalls=12120, ndraw=40, logz=-2175.94, remainder_fraction=100.0000%, Lmin=-2165.68, Lmax=-707.46
13:06:01 [ultranest] [DEBUG] iteration=278, ncalls=800, regioncalls=12280, ndraw=40, logz=-2168.67, remainder_fraction=100.0000%, Lmin=-2136.33, Lmax=-707.46
13:06:01 [ultranest] [DEBUG] iteration=280, ncalls=803, regioncalls=12400, ndraw=40, logz=-2142.19, remainder_fraction=100.0000%, Lmin=-2127.47, Lmax=-707.46
13:06:01 [ultranest] [DEBUG] iteration=282, ncalls=807, regioncalls=12560, ndraw=40, logz=-2131.51, remainder_fraction=100.0000%, Lmin=-2116.73, Lmax=-707.46
13:06:01 [ultranest] [DEBUG] iteration=284, ncalls=809, regioncalls=12640, ndraw=40, logz=-2121.55, remainder_fraction=100.0000%, Lmin=-2113.66, Lmax=-707.46
13:06:02 [ultranest] [DEBUG] iteration=287, ncalls=813, regioncalls=12800, ndraw=40, logz=-2118.02, remainder_fraction=100.0000%, Lmin=-2111.35, Lmax=-707.46
13:06:02 [ultranest] [DEBUG] iteration=289, ncalls=815, regioncalls=12880, ndraw=40, logz=-2116.27, remainder_fraction=100.0000%, Lmin=-2109.82, Lmax=-707.46
13:06:02 [ultranest] [DEBUG] iteration=290, ncalls=818, regioncalls=13000, ndraw=40, logz=-2115.69, remainder_fraction=100.0000%, Lmin=-2109.61, Lmax=-707.46
13:06:02 [ultranest] [DEBUG] iteration=293, ncalls=821, regioncalls=13120, ndraw=40, logz=-2111.71, remainder_fraction=100.0000%, Lmin=-2102.98, Lmax=-707.46
13:06:02 [ultranest] [DEBUG] iteration=294, ncalls=822, regioncalls=13160, ndraw=40, logz=-2109.56, remainder_fraction=100.0000%, Lmin=-2097.18, Lmax=-707.46
13:06:02 [ultranest] [DEBUG] iteration=295, ncalls=824, regioncalls=13240, ndraw=40, logz=-2103.88, remainder_fraction=100.0000%, Lmin=-2090.61, Lmax=-707.46
13:06:02 [ultranest] [DEBUG] iteration=297, ncalls=827, regioncalls=13360, ndraw=40, logz=-2088.63, remainder_fraction=100.0000%, Lmin=-2080.00, Lmax=-707.46
13:06:03 [ultranest] [DEBUG] iteration=299, ncalls=831, regioncalls=13520, ndraw=40, logz=-2083.40, remainder_fraction=100.0000%, Lmin=-2070.67, Lmax=-707.46
13:06:03 [ultranest] [DEBUG] iteration=300, ncalls=842, regioncalls=13960, ndraw=40, logz=-2077.39, remainder_fraction=100.0000%, Lmin=-2066.26, Lmax=-707.46
13:06:03 [ultranest] [DEBUG] iteration=301, ncalls=849, regioncalls=14240, ndraw=40, logz=-2072.97, remainder_fraction=100.0000%, Lmin=-2064.24, Lmax=-707.46
13:06:04 [ultranest] [DEBUG] iteration=303, ncalls=854, regioncalls=14440, ndraw=40, logz=-2065.74, remainder_fraction=100.0000%, Lmin=-2053.61, Lmax=-707.46
13:06:04 [ultranest] [DEBUG] iteration=306, ncalls=857, regioncalls=14560, ndraw=40, logz=-2057.58, remainder_fraction=100.0000%, Lmin=-2045.88, Lmax=-707.46
13:06:04 [ultranest] [DEBUG] iteration=308, ncalls=859, regioncalls=14640, ndraw=40, logz=-2050.88, remainder_fraction=100.0000%, Lmin=-2037.40, Lmax=-707.46
13:06:04 [ultranest] [DEBUG] iteration=309, ncalls=863, regioncalls=14800, ndraw=40, logz=-2044.14, remainder_fraction=100.0000%, Lmin=-2031.08, Lmax=-707.46
13:06:04 [ultranest] [DEBUG] iteration=310, ncalls=868, regioncalls=15000, ndraw=40, logz=-2037.82, remainder_fraction=100.0000%, Lmin=-2026.20, Lmax=-707.46
13:06:04 [ultranest] [DEBUG] iteration=311, ncalls=870, regioncalls=15080, ndraw=40, logz=-2032.94, remainder_fraction=100.0000%, Lmin=-2021.92, Lmax=-707.46
13:06:04 [ultranest] [DEBUG] iteration=314, ncalls=873, regioncalls=15200, ndraw=40, logz=-2024.81, remainder_fraction=100.0000%, Lmin=-2013.71, Lmax=-707.46
13:06:04 [ultranest] [DEBUG] iteration=315, ncalls=877, regioncalls=15360, ndraw=40, logz=-2020.45, remainder_fraction=100.0000%, Lmin=-2010.90, Lmax=-707.46
13:06:05 [ultranest] [DEBUG] iteration=316, ncalls=880, regioncalls=15480, ndraw=40, logz=-2017.60, remainder_fraction=100.0000%, Lmin=-2003.93, Lmax=-707.46
13:06:05 [ultranest] [DEBUG] iteration=318, ncalls=888, regioncalls=15800, ndraw=40, logz=-2008.79, remainder_fraction=100.0000%, Lmin=-1997.92, Lmax=-707.46
13:06:05 [ultranest] [DEBUG] iteration=321, ncalls=891, regioncalls=15920, ndraw=40, logz=-1988.94, remainder_fraction=100.0000%, Lmin=-1979.71, Lmax=-707.46
13:06:05 [ultranest] [DEBUG] iteration=322, ncalls=894, regioncalls=16040, ndraw=40, logz=-1986.40, remainder_fraction=100.0000%, Lmin=-1978.61, Lmax=-707.46
13:06:05 [ultranest] [DEBUG] iteration=323, ncalls=900, regioncalls=16280, ndraw=40, logz=-1985.07, remainder_fraction=100.0000%, Lmin=-1976.42, Lmax=-707.46
13:06:06 [ultranest] [DEBUG] iteration=324, ncalls=905, regioncalls=16480, ndraw=40, logz=-1983.05, remainder_fraction=100.0000%, Lmin=-1976.21, Lmax=-707.46
13:06:06 [ultranest] [DEBUG] iteration=326, ncalls=909, regioncalls=16640, ndraw=40, logz=-1974.94, remainder_fraction=100.0000%, Lmin=-1936.48, Lmax=-707.46
13:06:06 [ultranest] [DEBUG] iteration=327, ncalls=914, regioncalls=16840, ndraw=40, logz=-1943.26, remainder_fraction=100.0000%, Lmin=-1919.61, Lmax=-707.46
13:06:06 [ultranest] [DEBUG] iteration=328, ncalls=917, regioncalls=16960, ndraw=40, logz=-1926.40, remainder_fraction=100.0000%, Lmin=-1917.39, Lmax=-707.46
13:06:06 [ultranest] [DEBUG] iteration=330, ncalls=921, regioncalls=17120, ndraw=40, logz=-1922.05, remainder_fraction=100.0000%, Lmin=-1912.67, Lmax=-707.46
13:06:07 [ultranest] [DEBUG] iteration=332, ncalls=928, regioncalls=17400, ndraw=40, logz=-1912.95, remainder_fraction=100.0000%, Lmin=-1903.21, Lmax=-707.46
13:06:07 [ultranest] [DEBUG] iteration=334, ncalls=931, regioncalls=17520, ndraw=40, logz=-1907.66, remainder_fraction=100.0000%, Lmin=-1900.83, Lmax=-707.46
13:06:07 [ultranest] [DEBUG] iteration=335, ncalls=933, regioncalls=17600, ndraw=40, logz=-1906.95, remainder_fraction=100.0000%, Lmin=-1898.32, Lmax=-707.46
13:06:07 [ultranest] [DEBUG] iteration=337, ncalls=935, regioncalls=17680, ndraw=40, logz=-1895.43, remainder_fraction=100.0000%, Lmin=-1883.86, Lmax=-707.46
13:06:07 [ultranest] [DEBUG] iteration=339, ncalls=945, regioncalls=18080, ndraw=40, logz=-1882.46, remainder_fraction=100.0000%, Lmin=-1873.89, Lmax=-707.46
13:06:07 [ultranest] [DEBUG] iteration=340, ncalls=948, regioncalls=18200, ndraw=40, logz=-1880.55, remainder_fraction=100.0000%, Lmin=-1869.72, Lmax=-707.46
13:06:08 [ultranest] [DEBUG] iteration=342, ncalls=955, regioncalls=18480, ndraw=40, logz=-1873.19, remainder_fraction=100.0000%, Lmin=-1865.39, Lmax=-707.46
13:06:08 [ultranest] [DEBUG] iteration=343, ncalls=956, regioncalls=18520, ndraw=40, logz=-1871.90, remainder_fraction=100.0000%, Lmin=-1861.17, Lmax=-707.46
13:06:08 [ultranest] [DEBUG] iteration=345, ncalls=960, regioncalls=18680, ndraw=40, logz=-1866.85, remainder_fraction=100.0000%, Lmin=-1852.27, Lmax=-707.46
13:06:08 [ultranest] [DEBUG] iteration=346, ncalls=964, regioncalls=18840, ndraw=40, logz=-1859.10, remainder_fraction=100.0000%, Lmin=-1850.06, Lmax=-707.46
13:06:08 [ultranest] [DEBUG] iteration=349, ncalls=970, regioncalls=19080, ndraw=40, logz=-1853.87, remainder_fraction=100.0000%, Lmin=-1847.07, Lmax=-707.46
13:06:09 [ultranest] [DEBUG] iteration=352, ncalls=977, regioncalls=19360, ndraw=40, logz=-1846.81, remainder_fraction=100.0000%, Lmin=-1837.33, Lmax=-707.46
13:06:09 [ultranest] [DEBUG] iteration=354, ncalls=983, regioncalls=19600, ndraw=40, logz=-1840.98, remainder_fraction=100.0000%, Lmin=-1821.34, Lmax=-707.46
13:06:09 [ultranest] [DEBUG] iteration=357, ncalls=987, regioncalls=19760, ndraw=40, logz=-1815.48, remainder_fraction=100.0000%, Lmin=-1806.84, Lmax=-707.46
13:06:09 [ultranest] [DEBUG] iteration=359, ncalls=991, regioncalls=19920, ndraw=40, logz=-1811.93, remainder_fraction=100.0000%, Lmin=-1787.23, Lmax=-707.46
13:06:09 [ultranest] [DEBUG] iteration=360, ncalls=994, regioncalls=20040, ndraw=40, logz=-1794.10, remainder_fraction=100.0000%, Lmin=-1777.55, Lmax=-707.46
13:06:09 [ultranest] [DEBUG] iteration=363, ncalls=998, regioncalls=20200, ndraw=40, logz=-1776.12, remainder_fraction=100.0000%, Lmin=-1768.52, Lmax=-707.46
13:06:10 [ultranest] [DEBUG] iteration=364, ncalls=1000, regioncalls=20280, ndraw=40, logz=-1775.00, remainder_fraction=100.0000%, Lmin=-1763.36, Lmax=-707.46
13:06:10 [ultranest] [DEBUG] iteration=365, ncalls=1002, regioncalls=20360, ndraw=40, logz=-1770.23, remainder_fraction=100.0000%, Lmin=-1758.46, Lmax=-707.46
13:06:10 [ultranest] [DEBUG] iteration=366, ncalls=1006, regioncalls=20520, ndraw=40, logz=-1765.33, remainder_fraction=100.0000%, Lmin=-1754.83, Lmax=-707.46
13:06:10 [ultranest] [DEBUG] iteration=367, ncalls=1009, regioncalls=20640, ndraw=40, logz=-1761.69, remainder_fraction=100.0000%, Lmin=-1754.06, Lmax=-707.46
13:06:10 [ultranest] [DEBUG] iteration=369, ncalls=1011, regioncalls=20720, ndraw=40, logz=-1756.55, remainder_fraction=100.0000%, Lmin=-1748.15, Lmax=-707.46
13:06:10 [ultranest] [DEBUG] iteration=370, ncalls=1016, regioncalls=20920, ndraw=40, logz=-1754.84, remainder_fraction=100.0000%, Lmin=-1745.98, Lmax=-707.46
13:06:10 [ultranest] [DEBUG] iteration=372, ncalls=1018, regioncalls=21000, ndraw=40, logz=-1748.25, remainder_fraction=100.0000%, Lmin=-1737.40, Lmax=-707.46
13:06:11 [ultranest] [DEBUG] iteration=373, ncalls=1022, regioncalls=21160, ndraw=40, logz=-1744.28, remainder_fraction=100.0000%, Lmin=-1737.19, Lmax=-707.46
13:06:11 [ultranest] [DEBUG] iteration=375, ncalls=1029, regioncalls=21440, ndraw=40, logz=-1739.65, remainder_fraction=100.0000%, Lmin=-1717.03, Lmax=-707.46
13:06:11 [ultranest] [DEBUG] iteration=377, ncalls=1034, regioncalls=21640, ndraw=40, logz=-1718.25, remainder_fraction=100.0000%, Lmin=-1707.11, Lmax=-707.46
13:06:11 [ultranest] [DEBUG] iteration=378, ncalls=1040, regioncalls=21880, ndraw=40, logz=-1714.01, remainder_fraction=100.0000%, Lmin=-1704.05, Lmax=-707.46
13:06:11 [ultranest] [DEBUG] iteration=380, ncalls=1043, regioncalls=22000, ndraw=40, logz=-1708.79, remainder_fraction=100.0000%, Lmin=-1701.35, Lmax=-707.46
13:06:12 [ultranest] [DEBUG] iteration=382, ncalls=1046, regioncalls=22120, ndraw=40, logz=-1699.15, remainder_fraction=100.0000%, Lmin=-1688.90, Lmax=-707.46
13:06:12 [ultranest] [DEBUG] iteration=383, ncalls=1048, regioncalls=22200, ndraw=40, logz=-1695.78, remainder_fraction=100.0000%, Lmin=-1687.30, Lmax=-707.46
13:06:12 [ultranest] [DEBUG] iteration=385, ncalls=1051, regioncalls=22320, ndraw=40, logz=-1693.42, remainder_fraction=100.0000%, Lmin=-1686.80, Lmax=-707.46
13:06:12 [ultranest] [DEBUG] iteration=386, ncalls=1067, regioncalls=22960, ndraw=40, logz=-1692.87, remainder_fraction=100.0000%, Lmin=-1682.19, Lmax=-707.46
13:06:12 [ultranest] [DEBUG] iteration=387, ncalls=1070, regioncalls=23080, ndraw=40, logz=-1689.10, remainder_fraction=100.0000%, Lmin=-1680.38, Lmax=-707.46
13:06:13 [ultranest] [DEBUG] iteration=388, ncalls=1073, regioncalls=23200, ndraw=40, logz=-1687.16, remainder_fraction=100.0000%, Lmin=-1669.84, Lmax=-707.46
13:06:13 [ultranest] [DEBUG] iteration=389, ncalls=1078, regioncalls=23400, ndraw=40, logz=-1676.78, remainder_fraction=100.0000%, Lmin=-1666.46, Lmax=-707.46
13:06:13 [ultranest] [DEBUG] iteration=390, ncalls=1084, regioncalls=23640, ndraw=40, logz=-1673.37, remainder_fraction=100.0000%, Lmin=-1665.75, Lmax=-707.46
13:06:13 [ultranest] [DEBUG] iteration=392, ncalls=1094, regioncalls=24040, ndraw=40, logz=-1671.47, remainder_fraction=100.0000%, Lmin=-1662.70, Lmax=-707.46
13:06:14 [ultranest] [DEBUG] iteration=394, ncalls=1103, regioncalls=24400, ndraw=40, logz=-1664.58, remainder_fraction=100.0000%, Lmin=-1654.34, Lmax=-707.46
13:06:14 [ultranest] [DEBUG] iteration=396, ncalls=1108, regioncalls=24600, ndraw=40, logz=-1657.30, remainder_fraction=100.0000%, Lmin=-1649.00, Lmax=-707.46
13:06:14 [ultranest] [DEBUG] iteration=399, ncalls=1113, regioncalls=24800, ndraw=40, logz=-1652.43, remainder_fraction=100.0000%, Lmin=-1639.50, Lmax=-707.46
13:06:14 [ultranest] [DEBUG] iteration=401, ncalls=1119, regioncalls=25040, ndraw=40, logz=-1643.97, remainder_fraction=100.0000%, Lmin=-1636.96, Lmax=-707.46
13:06:14 [ultranest] [DEBUG] iteration=402, ncalls=1122, regioncalls=25160, ndraw=40, logz=-1643.26, remainder_fraction=100.0000%, Lmin=-1636.76, Lmax=-707.46
13:06:15 [ultranest] [DEBUG] iteration=403, ncalls=1127, regioncalls=25360, ndraw=40, logz=-1642.78, remainder_fraction=100.0000%, Lmin=-1636.66, Lmax=-707.46
13:06:15 [ultranest] [DEBUG] iteration=405, ncalls=1130, regioncalls=25480, ndraw=40, logz=-1641.41, remainder_fraction=100.0000%, Lmin=-1627.05, Lmax=-707.46
13:06:15 [ultranest] [DEBUG] iteration=408, ncalls=1133, regioncalls=25600, ndraw=40, logz=-1631.23, remainder_fraction=100.0000%, Lmin=-1621.85, Lmax=-707.46
13:06:15 [ultranest] [DEBUG] iteration=410, ncalls=1137, regioncalls=25760, ndraw=40, logz=-1627.41, remainder_fraction=100.0000%, Lmin=-1618.04, Lmax=-707.46
13:06:15 [ultranest] [DEBUG] iteration=412, ncalls=1141, regioncalls=25920, ndraw=40, logz=-1615.29, remainder_fraction=100.0000%, Lmin=-1606.16, Lmax=-707.46
13:06:15 [ultranest] [DEBUG] iteration=413, ncalls=1144, regioncalls=26040, ndraw=40, logz=-1613.05, remainder_fraction=100.0000%, Lmin=-1600.27, Lmax=-707.46
13:06:16 [ultranest] [DEBUG] iteration=415, ncalls=1148, regioncalls=26200, ndraw=40, logz=-1593.55, remainder_fraction=100.0000%, Lmin=-1583.90, Lmax=-707.46
13:06:16 [ultranest] [DEBUG] iteration=418, ncalls=1156, regioncalls=26520, ndraw=40, logz=-1583.04, remainder_fraction=100.0000%, Lmin=-1576.62, Lmax=-707.46
13:06:16 [ultranest] [DEBUG] iteration=420, ncalls=1158, regioncalls=26600, ndraw=40, logz=-1579.02, remainder_fraction=100.0000%, Lmin=-1570.62, Lmax=-707.46
13:06:16 [ultranest] [DEBUG] iteration=422, ncalls=1162, regioncalls=26760, ndraw=40, logz=-1574.67, remainder_fraction=100.0000%, Lmin=-1560.22, Lmax=-707.46
13:06:16 [ultranest] [DEBUG] iteration=423, ncalls=1165, regioncalls=26880, ndraw=40, logz=-1567.25, remainder_fraction=100.0000%, Lmin=-1559.89, Lmax=-707.46
13:06:16 [ultranest] [DEBUG] iteration=425, ncalls=1170, regioncalls=27080, ndraw=40, logz=-1564.23, remainder_fraction=100.0000%, Lmin=-1553.06, Lmax=-707.46
13:06:17 [ultranest] [DEBUG] iteration=427, ncalls=1173, regioncalls=27200, ndraw=40, logz=-1556.99, remainder_fraction=100.0000%, Lmin=-1547.24, Lmax=-707.46
13:06:17 [ultranest] [DEBUG] iteration=428, ncalls=1178, regioncalls=27400, ndraw=40, logz=-1554.21, remainder_fraction=100.0000%, Lmin=-1540.42, Lmax=-707.46
13:06:17 [ultranest] [DEBUG] iteration=429, ncalls=1181, regioncalls=27520, ndraw=40, logz=-1547.46, remainder_fraction=100.0000%, Lmin=-1540.24, Lmax=-707.46
13:06:17 [ultranest] [DEBUG] iteration=431, ncalls=1185, regioncalls=27680, ndraw=40, logz=-1544.02, remainder_fraction=100.0000%, Lmin=-1536.53, Lmax=-707.46
13:06:17 [ultranest] [DEBUG] iteration=433, ncalls=1189, regioncalls=27840, ndraw=40, logz=-1540.76, remainder_fraction=100.0000%, Lmin=-1525.94, Lmax=-707.46
13:06:17 [ultranest] [DEBUG] iteration=435, ncalls=1193, regioncalls=28000, ndraw=40, logz=-1525.37, remainder_fraction=100.0000%, Lmin=-1510.85, Lmax=-707.46
13:06:18 [ultranest] [DEBUG] iteration=437, ncalls=1199, regioncalls=28240, ndraw=40, logz=-1516.34, remainder_fraction=100.0000%, Lmin=-1509.01, Lmax=-707.46
13:06:18 [ultranest] [DEBUG] iteration=439, ncalls=1202, regioncalls=28360, ndraw=40, logz=-1513.39, remainder_fraction=100.0000%, Lmin=-1504.87, Lmax=-707.46
13:06:18 [ultranest] [DEBUG] iteration=440, ncalls=1207, regioncalls=28560, ndraw=40, logz=-1511.73, remainder_fraction=100.0000%, Lmin=-1504.80, Lmax=-707.46
13:06:18 [ultranest] [DEBUG] iteration=441, ncalls=1209, regioncalls=28640, ndraw=40, logz=-1511.10, remainder_fraction=100.0000%, Lmin=-1504.54, Lmax=-707.46
13:06:18 [ultranest] [DEBUG] iteration=443, ncalls=1212, regioncalls=28760, ndraw=40, logz=-1507.79, remainder_fraction=100.0000%, Lmin=-1500.64, Lmax=-707.46
13:06:18 [ultranest] [DEBUG] iteration=445, ncalls=1216, regioncalls=28920, ndraw=40, logz=-1506.57, remainder_fraction=100.0000%, Lmin=-1500.20, Lmax=-707.46
13:06:18 [ultranest] [DEBUG] iteration=448, ncalls=1219, regioncalls=29040, ndraw=40, logz=-1500.68, remainder_fraction=100.0000%, Lmin=-1491.90, Lmax=-707.46
13:06:19 [ultranest] [DEBUG] iteration=450, ncalls=1224, regioncalls=29240, ndraw=40, logz=-1492.44, remainder_fraction=100.0000%, Lmin=-1479.80, Lmax=-707.46
13:06:19 [ultranest] [DEBUG] iteration=452, ncalls=1226, regioncalls=29320, ndraw=40, logz=-1485.94, remainder_fraction=100.0000%, Lmin=-1475.05, Lmax=-707.46
13:06:19 [ultranest] [DEBUG] iteration=453, ncalls=1230, regioncalls=29480, ndraw=40, logz=-1482.13, remainder_fraction=100.0000%, Lmin=-1471.59, Lmax=-707.46
13:06:19 [ultranest] [DEBUG] iteration=454, ncalls=1233, regioncalls=29600, ndraw=40, logz=-1478.66, remainder_fraction=100.0000%, Lmin=-1470.58, Lmax=-707.46
13:06:19 [ultranest] [DEBUG] iteration=456, ncalls=1240, regioncalls=29880, ndraw=40, logz=-1472.89, remainder_fraction=100.0000%, Lmin=-1463.71, Lmax=-707.46
13:06:20 [ultranest] [DEBUG] iteration=457, ncalls=1245, regioncalls=30080, ndraw=40, logz=-1470.70, remainder_fraction=100.0000%, Lmin=-1462.79, Lmax=-707.46
13:06:20 [ultranest] [DEBUG] iteration=460, ncalls=1249, regioncalls=30240, ndraw=40, logz=-1467.47, remainder_fraction=100.0000%, Lmin=-1457.95, Lmax=-707.46
13:06:20 [ultranest] [DEBUG] iteration=461, ncalls=1253, regioncalls=30400, ndraw=40, logz=-1464.99, remainder_fraction=100.0000%, Lmin=-1456.81, Lmax=-707.46
13:06:20 [ultranest] [DEBUG] iteration=462, ncalls=1256, regioncalls=30520, ndraw=40, logz=-1463.63, remainder_fraction=100.0000%, Lmin=-1449.69, Lmax=-707.46
13:06:20 [ultranest] [DEBUG] iteration=464, ncalls=1261, regioncalls=30720, ndraw=40, logz=-1454.16, remainder_fraction=100.0000%, Lmin=-1446.31, Lmax=-707.46
13:06:21 [ultranest] [DEBUG] iteration=466, ncalls=1265, regioncalls=30880, ndraw=40, logz=-1452.26, remainder_fraction=100.0000%, Lmin=-1441.94, Lmax=-707.46
13:06:21 [ultranest] [DEBUG] iteration=467, ncalls=1268, regioncalls=31000, ndraw=40, logz=-1449.03, remainder_fraction=100.0000%, Lmin=-1440.37, Lmax=-707.46
13:06:21 [ultranest] [DEBUG] iteration=469, ncalls=1274, regioncalls=31240, ndraw=40, logz=-1446.44, remainder_fraction=100.0000%, Lmin=-1438.85, Lmax=-707.46
13:06:21 [ultranest] [DEBUG] iteration=470, ncalls=1279, regioncalls=31440, ndraw=40, logz=-1445.49, remainder_fraction=100.0000%, Lmin=-1437.24, Lmax=-707.46
13:06:21 [ultranest] [DEBUG] iteration=472, ncalls=1289, regioncalls=31840, ndraw=40, logz=-1443.33, remainder_fraction=100.0000%, Lmin=-1436.53, Lmax=-707.46
13:06:22 [ultranest] [DEBUG] iteration=473, ncalls=1292, regioncalls=31960, ndraw=40, logz=-1442.79, remainder_fraction=100.0000%, Lmin=-1435.00, Lmax=-707.46
13:06:22 [ultranest] [DEBUG] iteration=475, ncalls=1294, regioncalls=32040, ndraw=40, logz=-1438.95, remainder_fraction=100.0000%, Lmin=-1431.68, Lmax=-707.46
13:06:22 [ultranest] [DEBUG] iteration=477, ncalls=1297, regioncalls=32160, ndraw=40, logz=-1435.78, remainder_fraction=100.0000%, Lmin=-1423.82, Lmax=-707.46
13:06:22 [ultranest] [DEBUG] iteration=479, ncalls=1300, regioncalls=32280, ndraw=40, logz=-1418.92, remainder_fraction=100.0000%, Lmin=-1406.78, Lmax=-707.46
13:06:22 [ultranest] [DEBUG] iteration=480, ncalls=1304, regioncalls=32440, ndraw=40, logz=-1413.94, remainder_fraction=100.0000%, Lmin=-1397.80, Lmax=-707.46
13:06:22 [ultranest] [DEBUG] iteration=482, ncalls=1306, regioncalls=32520, ndraw=40, logz=-1400.81, remainder_fraction=100.0000%, Lmin=-1392.89, Lmax=-707.46
13:06:23 [ultranest] [DEBUG] iteration=485, ncalls=1317, regioncalls=32960, ndraw=40, logz=-1396.15, remainder_fraction=100.0000%, Lmin=-1385.84, Lmax=-707.46
13:06:23 [ultranest] [DEBUG] iteration=486, ncalls=1321, regioncalls=33120, ndraw=40, logz=-1392.98, remainder_fraction=100.0000%, Lmin=-1380.55, Lmax=-707.46
13:06:23 [ultranest] [DEBUG] iteration=487, ncalls=1326, regioncalls=33320, ndraw=40, logz=-1387.73, remainder_fraction=100.0000%, Lmin=-1379.27, Lmax=-707.46
13:06:23 [ultranest] [DEBUG] iteration=488, ncalls=1331, regioncalls=33520, ndraw=40, logz=-1386.21, remainder_fraction=100.0000%, Lmin=-1377.87, Lmax=-707.46
13:06:23 [ultranest] [DEBUG] iteration=489, ncalls=1333, regioncalls=33600, ndraw=40, logz=-1384.79, remainder_fraction=100.0000%, Lmin=-1376.80, Lmax=-707.46
13:06:24 [ultranest] [DEBUG] iteration=490, ncalls=1336, regioncalls=33720, ndraw=40, logz=-1383.62, remainder_fraction=100.0000%, Lmin=-1376.28, Lmax=-707.46
13:06:24 [ultranest] [DEBUG] iteration=493, ncalls=1339, regioncalls=33840, ndraw=40, logz=-1380.95, remainder_fraction=100.0000%, Lmin=-1372.12, Lmax=-707.46
13:06:24 [ultranest] [DEBUG] iteration=496, ncalls=1345, regioncalls=34080, ndraw=40, logz=-1375.60, remainder_fraction=100.0000%, Lmin=-1368.03, Lmax=-707.46
13:06:24 [ultranest] [DEBUG] iteration=498, ncalls=1351, regioncalls=34320, ndraw=40, logz=-1373.69, remainder_fraction=100.0000%, Lmin=-1365.67, Lmax=-707.46
13:06:24 [ultranest] [DEBUG] iteration=500, ncalls=1355, regioncalls=34480, ndraw=40, logz=-1368.39, remainder_fraction=100.0000%, Lmin=-1358.25, Lmax=-707.46
13:06:24 [ultranest] [DEBUG] iteration=501, ncalls=1357, regioncalls=34560, ndraw=40, logz=-1365.42, remainder_fraction=100.0000%, Lmin=-1356.96, Lmax=-707.46
13:06:25 [ultranest] [DEBUG] iteration=502, ncalls=1362, regioncalls=34760, ndraw=40, logz=-1363.93, remainder_fraction=100.0000%, Lmin=-1356.82, Lmax=-707.46
13:06:25 [ultranest] [DEBUG] iteration=503, ncalls=1365, regioncalls=34880, ndraw=40, logz=-1363.29, remainder_fraction=100.0000%, Lmin=-1356.18, Lmax=-707.46
13:06:25 [ultranest] [DEBUG] iteration=505, ncalls=1368, regioncalls=35000, ndraw=40, logz=-1362.03, remainder_fraction=100.0000%, Lmin=-1350.57, Lmax=-707.46
13:06:25 [ultranest] [DEBUG] iteration=507, ncalls=1374, regioncalls=35240, ndraw=40, logz=-1351.64, remainder_fraction=100.0000%, Lmin=-1344.14, Lmax=-707.46
13:06:25 [ultranest] [DEBUG] iteration=510, ncalls=1379, regioncalls=35440, ndraw=40, logz=-1346.83, remainder_fraction=100.0000%, Lmin=-1338.50, Lmax=-707.46
13:06:25 [ultranest] [DEBUG] iteration=511, ncalls=1382, regioncalls=35560, ndraw=40, logz=-1345.46, remainder_fraction=100.0000%, Lmin=-1338.38, Lmax=-707.46
13:06:26 [ultranest] [DEBUG] iteration=512, ncalls=1386, regioncalls=35720, ndraw=40, logz=-1344.84, remainder_fraction=100.0000%, Lmin=-1335.35, Lmax=-707.46
13:06:26 [ultranest] [DEBUG] iteration=514, ncalls=1388, regioncalls=35800, ndraw=40, logz=-1341.61, remainder_fraction=100.0000%, Lmin=-1334.04, Lmax=-707.46
13:06:26 [ultranest] [DEBUG] iteration=515, ncalls=1391, regioncalls=35920, ndraw=40, logz=-1340.74, remainder_fraction=100.0000%, Lmin=-1333.68, Lmax=-707.46
13:06:26 [ultranest] [DEBUG] iteration=517, ncalls=1396, regioncalls=36120, ndraw=40, logz=-1338.26, remainder_fraction=100.0000%, Lmin=-1329.78, Lmax=-707.46
13:06:26 [ultranest] [DEBUG] iteration=519, ncalls=1400, regioncalls=36280, ndraw=40, logz=-1335.37, remainder_fraction=100.0000%, Lmin=-1325.44, Lmax=-707.46
13:06:27 [ultranest] [DEBUG] iteration=520, ncalls=1403, regioncalls=36400, ndraw=40, logz=-1332.64, remainder_fraction=100.0000%, Lmin=-1312.82, Lmax=-707.46
13:06:27 [ultranest] [DEBUG] iteration=521, ncalls=1405, regioncalls=36480, ndraw=40, logz=-1320.08, remainder_fraction=100.0000%, Lmin=-1311.59, Lmax=-707.46
13:06:27 [ultranest] [DEBUG] iteration=522, ncalls=1409, regioncalls=36640, ndraw=40, logz=-1318.60, remainder_fraction=100.0000%, Lmin=-1310.99, Lmax=-707.46
13:06:27 [ultranest] [DEBUG] iteration=523, ncalls=1414, regioncalls=36840, ndraw=40, logz=-1317.73, remainder_fraction=100.0000%, Lmin=-1310.59, Lmax=-707.46
13:06:27 [ultranest] [DEBUG] iteration=525, ncalls=1418, regioncalls=37000, ndraw=40, logz=-1315.48, remainder_fraction=100.0000%, Lmin=-1304.85, Lmax=-707.46
13:06:27 [ultranest] [DEBUG] iteration=526, ncalls=1422, regioncalls=37160, ndraw=40, logz=-1312.10, remainder_fraction=100.0000%, Lmin=-1304.06, Lmax=-707.46
13:06:27 [ultranest] [DEBUG] iteration=527, ncalls=1425, regioncalls=37280, ndraw=40, logz=-1310.96, remainder_fraction=100.0000%, Lmin=-1300.20, Lmax=-707.46
13:06:28 [ultranest] [DEBUG] iteration=529, ncalls=1428, regioncalls=37400, ndraw=40, logz=-1306.69, remainder_fraction=100.0000%, Lmin=-1299.89, Lmax=-707.46
13:06:28 [ultranest] [DEBUG] iteration=530, ncalls=1431, regioncalls=37520, ndraw=40, logz=-1306.22, remainder_fraction=100.0000%, Lmin=-1299.25, Lmax=-707.46
13:06:28 [ultranest] [DEBUG] iteration=533, ncalls=1437, regioncalls=37760, ndraw=40, logz=-1301.01, remainder_fraction=100.0000%, Lmin=-1293.46, Lmax=-707.46
13:06:28 [ultranest] [DEBUG] iteration=535, ncalls=1440, regioncalls=37880, ndraw=40, logz=-1299.47, remainder_fraction=100.0000%, Lmin=-1292.65, Lmax=-707.46
13:06:28 [ultranest] [DEBUG] iteration=538, ncalls=1448, regioncalls=38200, ndraw=40, logz=-1297.16, remainder_fraction=100.0000%, Lmin=-1289.89, Lmax=-707.46
13:06:29 [ultranest] [DEBUG] iteration=539, ncalls=1451, regioncalls=38320, ndraw=40, logz=-1296.49, remainder_fraction=100.0000%, Lmin=-1288.85, Lmax=-707.46
13:06:29 [ultranest] [DEBUG] iteration=541, ncalls=1456, regioncalls=38520, ndraw=40, logz=-1294.77, remainder_fraction=100.0000%, Lmin=-1284.14, Lmax=-707.46
13:06:29 [ultranest] [DEBUG] iteration=542, ncalls=1464, regioncalls=38840, ndraw=40, logz=-1291.43, remainder_fraction=100.0000%, Lmin=-1283.38, Lmax=-707.46
13:06:29 [ultranest] [DEBUG] iteration=543, ncalls=1466, regioncalls=38920, ndraw=40, logz=-1290.31, remainder_fraction=100.0000%, Lmin=-1281.48, Lmax=-707.46
13:06:29 [ultranest] [DEBUG] iteration=545, ncalls=1472, regioncalls=39160, ndraw=40, logz=-1286.26, remainder_fraction=100.0000%, Lmin=-1279.00, Lmax=-707.46
13:06:30 [ultranest] [DEBUG] iteration=547, ncalls=1477, regioncalls=39360, ndraw=40, logz=-1280.03, remainder_fraction=100.0000%, Lmin=-1270.65, Lmax=-707.46
13:06:30 [ultranest] [DEBUG] iteration=548, ncalls=1485, regioncalls=39680, ndraw=40, logz=-1277.86, remainder_fraction=100.0000%, Lmin=-1269.63, Lmax=-707.46
13:06:30 [ultranest] [DEBUG] iteration=549, ncalls=1491, regioncalls=39920, ndraw=40, logz=-1276.63, remainder_fraction=100.0000%, Lmin=-1269.04, Lmax=-707.46
13:06:30 [ultranest] [DEBUG] iteration=550, ncalls=1494, regioncalls=40040, ndraw=40, logz=-1275.81, remainder_fraction=100.0000%, Lmin=-1265.44, Lmax=-707.46
13:06:31 [ultranest] [DEBUG] iteration=552, ncalls=1501, regioncalls=40320, ndraw=40, logz=-1271.85, remainder_fraction=100.0000%, Lmin=-1263.83, Lmax=-707.46
13:06:31 [ultranest] [DEBUG] iteration=554, ncalls=1503, regioncalls=40400, ndraw=40, logz=-1265.88, remainder_fraction=100.0000%, Lmin=-1257.36, Lmax=-707.46
13:06:31 [ultranest] [DEBUG] iteration=556, ncalls=1507, regioncalls=40560, ndraw=40, logz=-1263.84, remainder_fraction=100.0000%, Lmin=-1257.13, Lmax=-707.46
13:06:31 [ultranest] [DEBUG] iteration=558, ncalls=1511, regioncalls=40720, ndraw=40, logz=-1261.96, remainder_fraction=100.0000%, Lmin=-1253.65, Lmax=-707.46
13:06:32 [ultranest] [DEBUG] iteration=559, ncalls=1524, regioncalls=41240, ndraw=40, logz=-1260.68, remainder_fraction=100.0000%, Lmin=-1252.44, Lmax=-707.46
13:06:32 [ultranest] [DEBUG] iteration=561, ncalls=1529, regioncalls=41440, ndraw=40, logz=-1254.82, remainder_fraction=100.0000%, Lmin=-1246.26, Lmax=-707.46
13:06:32 [ultranest] [DEBUG] iteration=562, ncalls=1531, regioncalls=41520, ndraw=40, logz=-1253.37, remainder_fraction=100.0000%, Lmin=-1245.36, Lmax=-707.46
13:06:32 [ultranest] [DEBUG] iteration=563, ncalls=1535, regioncalls=41680, ndraw=40, logz=-1252.31, remainder_fraction=100.0000%, Lmin=-1244.94, Lmax=-707.46
13:06:32 [ultranest] [DEBUG] iteration=565, ncalls=1542, regioncalls=41960, ndraw=40, logz=-1251.15, remainder_fraction=100.0000%, Lmin=-1242.81, Lmax=-707.46
13:06:33 [ultranest] [DEBUG] iteration=567, ncalls=1546, regioncalls=42120, ndraw=40, logz=-1249.29, remainder_fraction=100.0000%, Lmin=-1241.44, Lmax=-707.46
13:06:33 [ultranest] [DEBUG] iteration=569, ncalls=1556, regioncalls=42520, ndraw=40, logz=-1247.45, remainder_fraction=100.0000%, Lmin=-1239.42, Lmax=-707.46
13:06:33 [ultranest] [DEBUG] iteration=571, ncalls=1562, regioncalls=42760, ndraw=40, logz=-1244.99, remainder_fraction=100.0000%, Lmin=-1229.88, Lmax=-707.46
13:06:33 [ultranest] [DEBUG] iteration=573, ncalls=1568, regioncalls=43000, ndraw=40, logz=-1233.98, remainder_fraction=100.0000%, Lmin=-1224.95, Lmax=-707.46
13:06:34 [ultranest] [DEBUG] iteration=574, ncalls=1573, regioncalls=43200, ndraw=40, logz=-1232.17, remainder_fraction=100.0000%, Lmin=-1220.94, Lmax=-707.46
13:06:34 [ultranest] [DEBUG] iteration=575, ncalls=1579, regioncalls=43440, ndraw=40, logz=-1228.33, remainder_fraction=100.0000%, Lmin=-1215.41, Lmax=-707.46
13:06:34 [ultranest] [DEBUG] iteration=577, ncalls=1583, regioncalls=43600, ndraw=40, logz=-1222.04, remainder_fraction=100.0000%, Lmin=-1214.92, Lmax=-707.46
13:06:34 [ultranest] [DEBUG] iteration=578, ncalls=1588, regioncalls=43800, ndraw=40, logz=-1221.48, remainder_fraction=100.0000%, Lmin=-1208.10, Lmax=-707.46
13:06:34 [ultranest] [DEBUG] iteration=579, ncalls=1591, regioncalls=43920, ndraw=40, logz=-1215.51, remainder_fraction=100.0000%, Lmin=-1203.53, Lmax=-707.46
13:06:34 [ultranest] [DEBUG] iteration=582, ncalls=1594, regioncalls=44040, ndraw=40, logz=-1202.49, remainder_fraction=100.0000%, Lmin=-1193.80, Lmax=-707.46
13:06:35 [ultranest] [DEBUG] iteration=583, ncalls=1598, regioncalls=44200, ndraw=40, logz=-1200.97, remainder_fraction=100.0000%, Lmin=-1193.46, Lmax=-707.46
13:06:35 [ultranest] [DEBUG] iteration=585, ncalls=1600, regioncalls=44280, ndraw=40, logz=-1199.66, remainder_fraction=100.0000%, Lmin=-1188.79, Lmax=-707.46
13:06:35 [ultranest] [DEBUG] iteration=586, ncalls=1602, regioncalls=44360, ndraw=40, logz=-1196.19, remainder_fraction=100.0000%, Lmin=-1183.96, Lmax=-707.46
13:06:35 [ultranest] [DEBUG] iteration=587, ncalls=1615, regioncalls=44880, ndraw=40, logz=-1191.38, remainder_fraction=100.0000%, Lmin=-1183.33, Lmax=-707.46
13:06:35 [ultranest] [DEBUG] iteration=588, ncalls=1616, regioncalls=44920, ndraw=40, logz=-1190.34, remainder_fraction=100.0000%, Lmin=-1183.29, Lmax=-707.46
13:06:35 [ultranest] [DEBUG] iteration=589, ncalls=1619, regioncalls=45040, ndraw=40, logz=-1189.82, remainder_fraction=100.0000%, Lmin=-1179.58, Lmax=-707.46
13:06:36 [ultranest] [DEBUG] iteration=592, ncalls=1627, regioncalls=45360, ndraw=40, logz=-1178.86, remainder_fraction=100.0000%, Lmin=-1162.08, Lmax=-707.46
13:06:36 [ultranest] [DEBUG] iteration=594, ncalls=1631, regioncalls=45520, ndraw=40, logz=-1167.49, remainder_fraction=100.0000%, Lmin=-1157.06, Lmax=-707.46
13:06:36 [ultranest] [DEBUG] iteration=596, ncalls=1637, regioncalls=45760, ndraw=40, logz=-1155.68, remainder_fraction=100.0000%, Lmin=-1148.06, Lmax=-707.46
13:06:36 [ultranest] [DEBUG] iteration=598, ncalls=1643, regioncalls=46000, ndraw=40, logz=-1154.11, remainder_fraction=100.0000%, Lmin=-1142.41, Lmax=-707.46
13:06:37 [ultranest] [DEBUG] iteration=599, ncalls=1648, regioncalls=46200, ndraw=40, logz=-1149.86, remainder_fraction=100.0000%, Lmin=-1139.50, Lmax=-707.46
13:06:37 [ultranest] [DEBUG] iteration=601, ncalls=1652, regioncalls=46360, ndraw=40, logz=-1145.87, remainder_fraction=100.0000%, Lmin=-1138.61, Lmax=-707.46
13:06:37 [ultranest] [DEBUG] iteration=602, ncalls=1662, regioncalls=46760, ndraw=40, logz=-1145.27, remainder_fraction=100.0000%, Lmin=-1138.14, Lmax=-707.46
13:06:38 [ultranest] [DEBUG] iteration=604, ncalls=1675, regioncalls=47280, ndraw=40, logz=-1144.15, remainder_fraction=100.0000%, Lmin=-1136.68, Lmax=-707.46
13:06:38 [ultranest] [DEBUG] iteration=605, ncalls=1677, regioncalls=47360, ndraw=40, logz=-1143.47, remainder_fraction=100.0000%, Lmin=-1136.62, Lmax=-707.46
13:06:38 [ultranest] [DEBUG] iteration=606, ncalls=1680, regioncalls=47480, ndraw=40, logz=-1143.04, remainder_fraction=100.0000%, Lmin=-1135.69, Lmax=-707.46
13:06:38 [ultranest] [DEBUG] iteration=608, ncalls=1685, regioncalls=47680, ndraw=40, logz=-1142.01, remainder_fraction=100.0000%, Lmin=-1131.60, Lmax=-707.46
13:06:38 [ultranest] [DEBUG] iteration=609, ncalls=1688, regioncalls=47800, ndraw=40, logz=-1139.04, remainder_fraction=100.0000%, Lmin=-1127.98, Lmax=-707.46
13:06:39 [ultranest] [DEBUG] iteration=610, ncalls=1693, regioncalls=48000, ndraw=40, logz=-1135.45, remainder_fraction=100.0000%, Lmin=-1127.89, Lmax=-707.46
13:06:39 [ultranest] [DEBUG] iteration=611, ncalls=1698, regioncalls=48200, ndraw=40, logz=-1134.72, remainder_fraction=100.0000%, Lmin=-1126.86, Lmax=-707.46
13:06:39 [ultranest] [DEBUG] iteration=612, ncalls=1701, regioncalls=48320, ndraw=40, logz=-1133.83, remainder_fraction=100.0000%, Lmin=-1126.68, Lmax=-707.46
13:06:39 [ultranest] [DEBUG] iteration=614, ncalls=1705, regioncalls=48480, ndraw=40, logz=-1132.71, remainder_fraction=100.0000%, Lmin=-1125.36, Lmax=-707.46
13:06:40 [ultranest] [DEBUG] iteration=615, ncalls=1712, regioncalls=48760, ndraw=40, logz=-1132.09, remainder_fraction=100.0000%, Lmin=-1123.62, Lmax=-707.46
13:06:40 [ultranest] [DEBUG] iteration=616, ncalls=1716, regioncalls=48920, ndraw=40, logz=-1130.81, remainder_fraction=100.0000%, Lmin=-1122.00, Lmax=-707.46
13:06:40 [ultranest] [DEBUG] iteration=618, ncalls=1720, regioncalls=49080, ndraw=40, logz=-1127.03, remainder_fraction=100.0000%, Lmin=-1119.48, Lmax=-707.46
13:06:40 [ultranest] [DEBUG] iteration=619, ncalls=1723, regioncalls=49200, ndraw=40, logz=-1126.32, remainder_fraction=100.0000%, Lmin=-1118.69, Lmax=-707.46
13:06:40 [ultranest] [DEBUG] iteration=620, ncalls=1726, regioncalls=49320, ndraw=40, logz=-1125.57, remainder_fraction=100.0000%, Lmin=-1118.09, Lmax=-707.46
13:06:40 [ultranest] [DEBUG] iteration=622, ncalls=1729, regioncalls=49440, ndraw=40, logz=-1123.23, remainder_fraction=100.0000%, Lmin=-1115.91, Lmax=-707.46
13:06:41 [ultranest] [DEBUG] iteration=625, ncalls=1738, regioncalls=49800, ndraw=40, logz=-1120.36, remainder_fraction=100.0000%, Lmin=-1111.74, Lmax=-707.46
13:06:41 [ultranest] [DEBUG] iteration=626, ncalls=1741, regioncalls=49920, ndraw=40, logz=-1118.98, remainder_fraction=100.0000%, Lmin=-1110.87, Lmax=-707.46
13:06:41 [ultranest] [DEBUG] iteration=628, ncalls=1750, regioncalls=50280, ndraw=40, logz=-1113.39, remainder_fraction=100.0000%, Lmin=-1105.18, Lmax=-707.46
13:06:41 [ultranest] [DEBUG] iteration=629, ncalls=1755, regioncalls=50480, ndraw=40, logz=-1112.31, remainder_fraction=100.0000%, Lmin=-1103.15, Lmax=-707.46
13:06:41 [ultranest] [DEBUG] iteration=631, ncalls=1758, regioncalls=50600, ndraw=40, logz=-1109.60, remainder_fraction=100.0000%, Lmin=-1101.46, Lmax=-707.46
13:06:42 [ultranest] [DEBUG] iteration=633, ncalls=1767, regioncalls=50960, ndraw=40, logz=-1107.98, remainder_fraction=100.0000%, Lmin=-1100.36, Lmax=-707.46
13:06:42 [ultranest] [DEBUG] iteration=634, ncalls=1771, regioncalls=51120, ndraw=40, logz=-1107.25, remainder_fraction=100.0000%, Lmin=-1098.13, Lmax=-707.46
13:06:42 [ultranest] [DEBUG] iteration=635, ncalls=1774, regioncalls=51240, ndraw=40, logz=-1105.50, remainder_fraction=100.0000%, Lmin=-1095.83, Lmax=-707.46
13:06:42 [ultranest] [DEBUG] iteration=637, ncalls=1779, regioncalls=51440, ndraw=40, logz=-1102.36, remainder_fraction=100.0000%, Lmin=-1094.66, Lmax=-707.46
13:06:43 [ultranest] [DEBUG] iteration=640, ncalls=1782, regioncalls=51560, ndraw=40, logz=-1097.56, remainder_fraction=100.0000%, Lmin=-1087.88, Lmax=-707.46
13:06:43 [ultranest] [DEBUG] iteration=641, ncalls=1785, regioncalls=51680, ndraw=40, logz=-1095.33, remainder_fraction=100.0000%, Lmin=-1087.15, Lmax=-707.46
13:06:43 [ultranest] [DEBUG] iteration=643, ncalls=1789, regioncalls=51840, ndraw=40, logz=-1093.65, remainder_fraction=100.0000%, Lmin=-1081.53, Lmax=-707.46
13:06:43 [ultranest] [DEBUG] iteration=644, ncalls=1793, regioncalls=52000, ndraw=40, logz=-1089.09, remainder_fraction=100.0000%, Lmin=-1080.49, Lmax=-707.46
13:06:43 [ultranest] [DEBUG] iteration=645, ncalls=1797, regioncalls=52160, ndraw=40, logz=-1087.77, remainder_fraction=100.0000%, Lmin=-1077.49, Lmax=-707.46
13:06:43 [ultranest] [DEBUG] iteration=648, ncalls=1803, regioncalls=52400, ndraw=40, logz=-1083.84, remainder_fraction=100.0000%, Lmin=-1074.02, Lmax=-707.46
13:06:44 [ultranest] [DEBUG] iteration=650, ncalls=1811, regioncalls=52720, ndraw=40, logz=-1080.38, remainder_fraction=100.0000%, Lmin=-1070.37, Lmax=-707.46
13:06:44 [ultranest] [DEBUG] iteration=652, ncalls=1813, regioncalls=52800, ndraw=40, logz=-1074.40, remainder_fraction=100.0000%, Lmin=-1063.86, Lmax=-707.46
13:06:44 [ultranest] [DEBUG] iteration=653, ncalls=1818, regioncalls=53000, ndraw=40, logz=-1071.40, remainder_fraction=100.0000%, Lmin=-1061.93, Lmax=-707.46
13:06:44 [ultranest] [DEBUG] iteration=654, ncalls=1827, regioncalls=53360, ndraw=40, logz=-1069.39, remainder_fraction=100.0000%, Lmin=-1060.61, Lmax=-707.46
13:06:45 [ultranest] [DEBUG] iteration=655, ncalls=1831, regioncalls=53520, ndraw=40, logz=-1067.94, remainder_fraction=100.0000%, Lmin=-1060.60, Lmax=-707.46
13:06:45 [ultranest] [DEBUG] iteration=657, ncalls=1838, regioncalls=53800, ndraw=40, logz=-1066.99, remainder_fraction=100.0000%, Lmin=-1060.35, Lmax=-707.46
13:06:45 [ultranest] [DEBUG] iteration=658, ncalls=1840, regioncalls=53880, ndraw=40, logz=-1066.67, remainder_fraction=100.0000%, Lmin=-1059.15, Lmax=-707.46
13:06:45 [ultranest] [DEBUG] iteration=660, ncalls=1844, regioncalls=54040, ndraw=40, logz=-1064.55, remainder_fraction=100.0000%, Lmin=-1055.57, Lmax=-707.46
13:06:45 [ultranest] [DEBUG] iteration=661, ncalls=1851, regioncalls=54320, ndraw=40, logz=-1062.96, remainder_fraction=100.0000%, Lmin=-1054.73, Lmax=-707.46
13:06:46 [ultranest] [DEBUG] iteration=663, ncalls=1859, regioncalls=54640, ndraw=40, logz=-1061.34, remainder_fraction=100.0000%, Lmin=-1054.49, Lmax=-707.46
13:06:46 [ultranest] [DEBUG] iteration=665, ncalls=1861, regioncalls=54720, ndraw=40, logz=-1060.64, remainder_fraction=100.0000%, Lmin=-1053.99, Lmax=-707.46
13:06:46 [ultranest] [DEBUG] iteration=666, ncalls=1870, regioncalls=55080, ndraw=40, logz=-1060.32, remainder_fraction=100.0000%, Lmin=-1053.91, Lmax=-707.46
13:06:47 [ultranest] [DEBUG] iteration=667, ncalls=1882, regioncalls=55560, ndraw=40, logz=-1060.06, remainder_fraction=100.0000%, Lmin=-1052.98, Lmax=-707.46
13:06:47 [ultranest] [DEBUG] iteration=669, ncalls=1890, regioncalls=55880, ndraw=40, logz=-1059.29, remainder_fraction=100.0000%, Lmin=-1051.22, Lmax=-707.46
13:06:47 [ultranest] [DEBUG] iteration=670, ncalls=1894, regioncalls=56040, ndraw=40, logz=-1058.36, remainder_fraction=100.0000%, Lmin=-1051.12, Lmax=-707.46
13:06:48 [ultranest] [DEBUG] iteration=672, ncalls=1910, regioncalls=56680, ndraw=40, logz=-1057.24, remainder_fraction=100.0000%, Lmin=-1050.16, Lmax=-707.46
13:06:48 [ultranest] [DEBUG] iteration=673, ncalls=1913, regioncalls=56800, ndraw=40, logz=-1056.79, remainder_fraction=100.0000%, Lmin=-1048.36, Lmax=-707.46
13:06:48 [ultranest] [DEBUG] iteration=675, ncalls=1918, regioncalls=57000, ndraw=40, logz=-1054.38, remainder_fraction=100.0000%, Lmin=-1045.53, Lmax=-707.46
13:06:48 [ultranest] [DEBUG] iteration=677, ncalls=1922, regioncalls=57160, ndraw=40, logz=-1051.88, remainder_fraction=100.0000%, Lmin=-1043.78, Lmax=-707.46
13:06:48 [ultranest] [DEBUG] iteration=678, ncalls=1926, regioncalls=57320, ndraw=40, logz=-1050.94, remainder_fraction=100.0000%, Lmin=-1040.34, Lmax=-707.46
13:06:49 [ultranest] [DEBUG] iteration=680, ncalls=1943, regioncalls=58000, ndraw=40, logz=-1047.21, remainder_fraction=100.0000%, Lmin=-1039.22, Lmax=-707.46
13:06:49 [ultranest] [DEBUG] iteration=682, ncalls=1948, regioncalls=58200, ndraw=40, logz=-1045.27, remainder_fraction=100.0000%, Lmin=-1037.17, Lmax=-707.46
13:06:50 [ultranest] [DEBUG] iteration=683, ncalls=1954, regioncalls=58440, ndraw=40, logz=-1044.34, remainder_fraction=100.0000%, Lmin=-1035.89, Lmax=-707.46
13:06:50 [ultranest] [DEBUG] iteration=684, ncalls=1958, regioncalls=58600, ndraw=40, logz=-1043.19, remainder_fraction=100.0000%, Lmin=-1034.76, Lmax=-707.46
13:06:50 [ultranest] [DEBUG] iteration=686, ncalls=1964, regioncalls=58840, ndraw=40, logz=-1041.50, remainder_fraction=100.0000%, Lmin=-1034.54, Lmax=-707.46
13:06:50 [ultranest] [DEBUG] iteration=687, ncalls=1969, regioncalls=59040, ndraw=40, logz=-1041.10, remainder_fraction=100.0000%, Lmin=-1033.78, Lmax=-707.46
13:06:50 [ultranest] [DEBUG] iteration=688, ncalls=1974, regioncalls=59240, ndraw=40, logz=-1040.58, remainder_fraction=100.0000%, Lmin=-1031.69, Lmax=-707.46
13:06:51 [ultranest] [DEBUG] iteration=690, ncalls=1980, regioncalls=59480, ndraw=40, logz=-1037.90, remainder_fraction=100.0000%, Lmin=-1029.56, Lmax=-707.46
13:06:51 [ultranest] [DEBUG] iteration=691, ncalls=1992, regioncalls=59960, ndraw=40, logz=-1036.83, remainder_fraction=100.0000%, Lmin=-1027.84, Lmax=-707.46
13:06:51 [ultranest] [DEBUG] iteration=692, ncalls=1997, regioncalls=60160, ndraw=40, logz=-1035.29, remainder_fraction=100.0000%, Lmin=-1025.39, Lmax=-707.46
13:06:52 [ultranest] [DEBUG] iteration=693, ncalls=2010, regioncalls=60680, ndraw=40, logz=-1032.98, remainder_fraction=100.0000%, Lmin=-1024.37, Lmax=-707.46
13:06:52 [ultranest] [DEBUG] iteration=695, ncalls=2013, regioncalls=60800, ndraw=40, logz=-1030.65, remainder_fraction=100.0000%, Lmin=-1022.09, Lmax=-707.46
13:06:53 [ultranest] [DEBUG] iteration=698, ncalls=2026, regioncalls=61320, ndraw=40, logz=-1024.81, remainder_fraction=100.0000%, Lmin=-1016.21, Lmax=-707.46
13:06:53 [ultranest] [DEBUG] iteration=699, ncalls=2028, regioncalls=61400, ndraw=40, logz=-1023.58, remainder_fraction=100.0000%, Lmin=-1015.92, Lmax=-707.46
13:06:53 [ultranest] [DEBUG] iteration=701, ncalls=2042, regioncalls=61960, ndraw=40, logz=-1022.47, remainder_fraction=100.0000%, Lmin=-1015.14, Lmax=-707.46
13:06:54 [ultranest] [DEBUG] iteration=703, ncalls=2050, regioncalls=62280, ndraw=40, logz=-1021.49, remainder_fraction=100.0000%, Lmin=-1014.71, Lmax=-707.46
13:06:54 [ultranest] [DEBUG] iteration=704, ncalls=2057, regioncalls=62560, ndraw=40, logz=-1021.16, remainder_fraction=100.0000%, Lmin=-1014.47, Lmax=-707.46
13:06:54 [ultranest] [DEBUG] iteration=705, ncalls=2062, regioncalls=62760, ndraw=40, logz=-1020.86, remainder_fraction=100.0000%, Lmin=-1011.11, Lmax=-707.46
13:06:55 [ultranest] [DEBUG] iteration=706, ncalls=2082, regioncalls=63560, ndraw=40, logz=-1018.72, remainder_fraction=100.0000%, Lmin=-1010.13, Lmax=-707.46
13:06:55 [ultranest] [DEBUG] iteration=708, ncalls=2090, regioncalls=63880, ndraw=40, logz=-1016.71, remainder_fraction=100.0000%, Lmin=-1003.10, Lmax=-707.46
13:06:55 [ultranest] [DEBUG] iteration=709, ncalls=2092, regioncalls=63960, ndraw=40, logz=-1010.84, remainder_fraction=100.0000%, Lmin=-1002.77, Lmax=-707.46
13:06:55 [ultranest] [DEBUG] iteration=710, ncalls=2094, regioncalls=64040, ndraw=40, logz=-1009.97, remainder_fraction=100.0000%, Lmin=-1002.40, Lmax=-707.46
13:06:56 [ultranest] [DEBUG] iteration=711, ncalls=2100, regioncalls=64280, ndraw=40, logz=-1009.36, remainder_fraction=100.0000%, Lmin=-1000.24, Lmax=-707.46
13:06:56 [ultranest] [DEBUG] iteration=712, ncalls=2103, regioncalls=64400, ndraw=40, logz=-1007.76, remainder_fraction=100.0000%, Lmin=-999.15, Lmax=-707.46
13:06:56 [ultranest] [DEBUG] iteration=715, ncalls=2107, regioncalls=64560, ndraw=40, logz=-1004.54, remainder_fraction=100.0000%, Lmin=-997.19, Lmax=-707.46
13:06:56 [ultranest] [DEBUG] iteration=716, ncalls=2114, regioncalls=64840, ndraw=40, logz=-1004.03, remainder_fraction=100.0000%, Lmin=-996.89, Lmax=-707.46
13:06:57 [ultranest] [DEBUG] iteration=717, ncalls=2123, regioncalls=65200, ndraw=40, logz=-1003.60, remainder_fraction=100.0000%, Lmin=-996.21, Lmax=-707.46
13:06:57 [ultranest] [DEBUG] iteration=720, ncalls=2127, regioncalls=65360, ndraw=40, logz=-1000.40, remainder_fraction=100.0000%, Lmin=-990.79, Lmax=-707.46
13:06:57 [ultranest] [DEBUG] iteration=721, ncalls=2138, regioncalls=65800, ndraw=40, logz=-998.41, remainder_fraction=100.0000%, Lmin=-989.88, Lmax=-707.46
13:06:58 [ultranest] [DEBUG] iteration=722, ncalls=2144, regioncalls=66040, ndraw=40, logz=-997.27, remainder_fraction=100.0000%, Lmin=-989.53, Lmax=-707.46
13:06:58 [ultranest] [DEBUG] iteration=723, ncalls=2161, regioncalls=66720, ndraw=40, logz=-996.59, remainder_fraction=100.0000%, Lmin=-988.37, Lmax=-707.46
13:06:58 [ultranest] [DEBUG] iteration=724, ncalls=2166, regioncalls=66920, ndraw=40, logz=-995.65, remainder_fraction=100.0000%, Lmin=-986.64, Lmax=-707.46
13:06:58 [ultranest] [DEBUG] iteration=725, ncalls=2170, regioncalls=67080, ndraw=40, logz=-994.16, remainder_fraction=100.0000%, Lmin=-986.49, Lmax=-707.46
13:06:59 [ultranest] [DEBUG] iteration=727, ncalls=2176, regioncalls=67320, ndraw=40, logz=-992.84, remainder_fraction=100.0000%, Lmin=-984.92, Lmax=-707.46
13:06:59 [ultranest] [DEBUG] iteration=728, ncalls=2182, regioncalls=67560, ndraw=40, logz=-992.08, remainder_fraction=100.0000%, Lmin=-984.84, Lmax=-707.46
13:07:00 [ultranest] [DEBUG] iteration=730, ncalls=2208, regioncalls=68600, ndraw=40, logz=-990.99, remainder_fraction=100.0000%, Lmin=-981.61, Lmax=-707.46
13:07:00 [ultranest] [DEBUG] iteration=732, ncalls=2210, regioncalls=68680, ndraw=40, logz=-988.42, remainder_fraction=100.0000%, Lmin=-981.19, Lmax=-707.46
13:07:00 [ultranest] [DEBUG] iteration=733, ncalls=2213, regioncalls=68800, ndraw=40, logz=-987.97, remainder_fraction=100.0000%, Lmin=-979.73, Lmax=-707.46
13:07:00 [ultranest] [DEBUG] iteration=735, ncalls=2217, regioncalls=68960, ndraw=40, logz=-986.35, remainder_fraction=100.0000%, Lmin=-978.63, Lmax=-707.46
13:07:01 [ultranest] [DEBUG] iteration=736, ncalls=2222, regioncalls=69160, ndraw=40, logz=-985.70, remainder_fraction=100.0000%, Lmin=-978.49, Lmax=-707.46
13:07:01 [ultranest] [DEBUG] iteration=737, ncalls=2227, regioncalls=69360, ndraw=40, logz=-985.26, remainder_fraction=100.0000%, Lmin=-977.44, Lmax=-707.46
13:07:01 [ultranest] [DEBUG] iteration=738, ncalls=2229, regioncalls=69440, ndraw=40, logz=-984.56, remainder_fraction=100.0000%, Lmin=-973.56, Lmax=-707.46
13:07:01 [ultranest] [DEBUG] iteration=739, ncalls=2233, regioncalls=69600, ndraw=40, logz=-981.34, remainder_fraction=100.0000%, Lmin=-972.69, Lmax=-707.46
13:07:01 [ultranest] [DEBUG] iteration=740, ncalls=2238, regioncalls=69800, ndraw=40, logz=-980.14, remainder_fraction=100.0000%, Lmin=-971.17, Lmax=-707.46
13:07:02 [ultranest] [DEBUG] iteration=742, ncalls=2251, regioncalls=70320, ndraw=40, logz=-977.67, remainder_fraction=100.0000%, Lmin=-969.95, Lmax=-707.46
13:07:02 [ultranest] [DEBUG] iteration=743, ncalls=2254, regioncalls=70440, ndraw=40, logz=-977.03, remainder_fraction=100.0000%, Lmin=-968.37, Lmax=-707.46
13:07:02 [ultranest] [DEBUG] iteration=744, ncalls=2258, regioncalls=70600, ndraw=40, logz=-975.84, remainder_fraction=100.0000%, Lmin=-967.52, Lmax=-707.46
13:07:02 [ultranest] [DEBUG] iteration=746, ncalls=2261, regioncalls=70720, ndraw=40, logz=-974.08, remainder_fraction=100.0000%, Lmin=-966.65, Lmax=-707.46
13:07:03 [ultranest] [DEBUG] iteration=748, ncalls=2267, regioncalls=70960, ndraw=40, logz=-972.82, remainder_fraction=100.0000%, Lmin=-964.85, Lmax=-707.46
13:07:03 [ultranest] [DEBUG] iteration=749, ncalls=2277, regioncalls=71360, ndraw=40, logz=-972.06, remainder_fraction=100.0000%, Lmin=-964.22, Lmax=-707.46
13:07:03 [ultranest] [DEBUG] iteration=750, ncalls=2286, regioncalls=71720, ndraw=40, logz=-971.37, remainder_fraction=100.0000%, Lmin=-961.87, Lmax=-707.46
13:07:03 [ultranest] [DEBUG] iteration=751, ncalls=2289, regioncalls=71840, ndraw=40, logz=-969.54, remainder_fraction=100.0000%, Lmin=-959.94, Lmax=-707.46
13:07:04 [ultranest] [DEBUG] iteration=752, ncalls=2294, regioncalls=72040, ndraw=40, logz=-967.62, remainder_fraction=100.0000%, Lmin=-958.99, Lmax=-707.46
13:07:04 [ultranest] [DEBUG] iteration=754, ncalls=2317, regioncalls=72960, ndraw=40, logz=-965.88, remainder_fraction=100.0000%, Lmin=-958.16, Lmax=-707.46
13:07:05 [ultranest] [DEBUG] iteration=755, ncalls=2321, regioncalls=73120, ndraw=40, logz=-965.25, remainder_fraction=100.0000%, Lmin=-957.42, Lmax=-707.46
13:07:05 [ultranest] [DEBUG] iteration=757, ncalls=2325, regioncalls=73280, ndraw=40, logz=-963.86, remainder_fraction=100.0000%, Lmin=-955.85, Lmax=-707.46
13:07:05 [ultranest] [DEBUG] iteration=758, ncalls=2335, regioncalls=73680, ndraw=40, logz=-963.09, remainder_fraction=100.0000%, Lmin=-955.54, Lmax=-707.46
13:07:06 [ultranest] [DEBUG] iteration=760, ncalls=2346, regioncalls=74120, ndraw=40, logz=-961.89, remainder_fraction=100.0000%, Lmin=-951.25, Lmax=-707.46
13:07:06 [ultranest] [DEBUG] iteration=762, ncalls=2350, regioncalls=74280, ndraw=40, logz=-957.17, remainder_fraction=100.0000%, Lmin=-949.45, Lmax=-707.46
13:07:06 [ultranest] [DEBUG] iteration=764, ncalls=2355, regioncalls=74480, ndraw=40, logz=-955.87, remainder_fraction=100.0000%, Lmin=-948.49, Lmax=-707.46
13:07:06 [ultranest] [DEBUG] iteration=765, ncalls=2360, regioncalls=74680, ndraw=40, logz=-955.39, remainder_fraction=100.0000%, Lmin=-946.93, Lmax=-707.46
13:07:07 [ultranest] [DEBUG] iteration=767, ncalls=2371, regioncalls=75120, ndraw=40, logz=-952.24, remainder_fraction=100.0000%, Lmin=-943.03, Lmax=-707.46
13:07:07 [ultranest] [DEBUG] iteration=768, ncalls=2373, regioncalls=75200, ndraw=40, logz=-950.68, remainder_fraction=100.0000%, Lmin=-938.90, Lmax=-707.46
13:07:07 [ultranest] [DEBUG] iteration=769, ncalls=2378, regioncalls=75400, ndraw=40, logz=-946.77, remainder_fraction=100.0000%, Lmin=-934.86, Lmax=-707.46
13:07:08 [ultranest] [DEBUG] iteration=770, ncalls=2394, regioncalls=76040, ndraw=40, logz=-942.74, remainder_fraction=100.0000%, Lmin=-934.30, Lmax=-707.46
13:07:08 [ultranest] [DEBUG] iteration=771, ncalls=2401, regioncalls=76320, ndraw=40, logz=-941.74, remainder_fraction=100.0000%, Lmin=-930.78, Lmax=-707.46
13:07:08 [ultranest] [DEBUG] iteration=772, ncalls=2406, regioncalls=76520, ndraw=40, logz=-938.63, remainder_fraction=100.0000%, Lmin=-930.60, Lmax=-707.46
13:07:08 [ultranest] [DEBUG] iteration=774, ncalls=2410, regioncalls=76680, ndraw=40, logz=-937.41, remainder_fraction=100.0000%, Lmin=-927.97, Lmax=-707.46
13:07:08 [ultranest] [DEBUG] iteration=775, ncalls=2414, regioncalls=76840, ndraw=40, logz=-935.68, remainder_fraction=100.0000%, Lmin=-927.79, Lmax=-707.46
13:07:08 [ultranest] [DEBUG] iteration=776, ncalls=2418, regioncalls=77000, ndraw=40, logz=-934.99, remainder_fraction=100.0000%, Lmin=-926.72, Lmax=-707.46
13:07:09 [ultranest] [DEBUG] iteration=777, ncalls=2428, regioncalls=77400, ndraw=40, logz=-934.10, remainder_fraction=100.0000%, Lmin=-925.00, Lmax=-707.46
13:07:09 [ultranest] [DEBUG] iteration=779, ncalls=2436, regioncalls=77720, ndraw=40, logz=-930.88, remainder_fraction=100.0000%, Lmin=-922.65, Lmax=-707.46
13:07:09 [ultranest] [DEBUG] iteration=781, ncalls=2440, regioncalls=77880, ndraw=40, logz=-929.11, remainder_fraction=100.0000%, Lmin=-920.82, Lmax=-707.46
13:07:10 [ultranest] [DEBUG] iteration=783, ncalls=2442, regioncalls=77960, ndraw=40, logz=-927.64, remainder_fraction=100.0000%, Lmin=-920.08, Lmax=-707.46
13:07:10 [ultranest] [DEBUG] iteration=784, ncalls=2447, regioncalls=78160, ndraw=40, logz=-927.11, remainder_fraction=100.0000%, Lmin=-919.59, Lmax=-707.46
13:07:10 [ultranest] [DEBUG] iteration=785, ncalls=2452, regioncalls=78360, ndraw=40, logz=-926.60, remainder_fraction=100.0000%, Lmin=-919.36, Lmax=-707.46
13:07:10 [ultranest] [DEBUG] iteration=786, ncalls=2457, regioncalls=78560, ndraw=40, logz=-926.19, remainder_fraction=100.0000%, Lmin=-919.25, Lmax=-707.46
13:07:11 [ultranest] [DEBUG] iteration=787, ncalls=2467, regioncalls=78960, ndraw=40, logz=-925.88, remainder_fraction=100.0000%, Lmin=-918.58, Lmax=-707.46
13:07:11 [ultranest] [DEBUG] iteration=788, ncalls=2471, regioncalls=79120, ndraw=40, logz=-925.46, remainder_fraction=100.0000%, Lmin=-917.91, Lmax=-707.46
13:07:11 [ultranest] [DEBUG] iteration=789, ncalls=2477, regioncalls=79360, ndraw=40, logz=-924.94, remainder_fraction=100.0000%, Lmin=-916.78, Lmax=-707.46
13:07:11 [ultranest] [DEBUG] iteration=791, ncalls=2480, regioncalls=79480, ndraw=40, logz=-923.37, remainder_fraction=100.0000%, Lmin=-915.80, Lmax=-707.46
13:07:11 [ultranest] [DEBUG] iteration=792, ncalls=2488, regioncalls=79800, ndraw=40, logz=-922.85, remainder_fraction=100.0000%, Lmin=-915.51, Lmax=-707.46
13:07:12 [ultranest] [DEBUG] iteration=793, ncalls=2493, regioncalls=80000, ndraw=40, logz=-922.42, remainder_fraction=100.0000%, Lmin=-914.98, Lmax=-707.46
13:07:13 [ultranest] [DEBUG] iteration=794, ncalls=2513, regioncalls=80800, ndraw=40, logz=-921.95, remainder_fraction=100.0000%, Lmin=-914.86, Lmax=-707.46
13:07:13 [ultranest] [DEBUG] iteration=795, ncalls=2520, regioncalls=81080, ndraw=40, logz=-921.60, remainder_fraction=100.0000%, Lmin=-914.51, Lmax=-707.46
13:07:13 [ultranest] [DEBUG] iteration=797, ncalls=2523, regioncalls=81200, ndraw=40, logz=-920.78, remainder_fraction=100.0000%, Lmin=-913.67, Lmax=-707.46
13:07:13 [ultranest] [DEBUG] iteration=799, ncalls=2533, regioncalls=81600, ndraw=40, logz=-919.98, remainder_fraction=100.0000%, Lmin=-913.00, Lmax=-707.46
13:07:14 [ultranest] [DEBUG] iteration=801, ncalls=2542, regioncalls=81960, ndraw=40, logz=-919.36, remainder_fraction=100.0000%, Lmin=-912.38, Lmax=-707.46
13:07:14 [ultranest] [DEBUG] iteration=802, ncalls=2548, regioncalls=82200, ndraw=40, logz=-919.04, remainder_fraction=100.0000%, Lmin=-911.81, Lmax=-707.46
13:07:14 [ultranest] [DEBUG] iteration=803, ncalls=2553, regioncalls=82400, ndraw=40, logz=-918.65, remainder_fraction=100.0000%, Lmin=-911.42, Lmax=-707.46
13:07:15 [ultranest] [DEBUG] iteration=804, ncalls=2563, regioncalls=82800, ndraw=40, logz=-918.27, remainder_fraction=100.0000%, Lmin=-911.13, Lmax=-707.46
13:07:15 [ultranest] [DEBUG] iteration=806, ncalls=2571, regioncalls=83120, ndraw=40, logz=-917.34, remainder_fraction=100.0000%, Lmin=-909.64, Lmax=-707.46
13:07:15 [ultranest] [DEBUG] iteration=807, ncalls=2580, regioncalls=83480, ndraw=40, logz=-916.78, remainder_fraction=100.0000%, Lmin=-909.18, Lmax=-707.46
13:07:16 [ultranest] [DEBUG] iteration=809, ncalls=2594, regioncalls=84040, ndraw=40, logz=-914.35, remainder_fraction=100.0000%, Lmin=-905.94, Lmax=-707.46
13:07:16 [ultranest] [DEBUG] iteration=810, ncalls=2596, regioncalls=84120, ndraw=40, logz=-913.43, remainder_fraction=100.0000%, Lmin=-905.30, Lmax=-707.46
13:07:16 [ultranest] [DEBUG] iteration=812, ncalls=2602, regioncalls=84360, ndraw=40, logz=-911.74, remainder_fraction=100.0000%, Lmin=-902.54, Lmax=-707.46
13:07:16 [ultranest] [DEBUG] iteration=813, ncalls=2607, regioncalls=84560, ndraw=40, logz=-910.27, remainder_fraction=100.0000%, Lmin=-902.51, Lmax=-707.46
13:07:17 [ultranest] [DEBUG] iteration=815, ncalls=2612, regioncalls=84760, ndraw=40, logz=-909.05, remainder_fraction=100.0000%, Lmin=-899.94, Lmax=-707.46
13:07:17 [ultranest] [DEBUG] iteration=816, ncalls=2614, regioncalls=84840, ndraw=40, logz=-907.66, remainder_fraction=100.0000%, Lmin=-899.59, Lmax=-707.46
13:07:17 [ultranest] [DEBUG] iteration=818, ncalls=2620, regioncalls=85080, ndraw=40, logz=-906.50, remainder_fraction=100.0000%, Lmin=-899.36, Lmax=-707.46
13:07:18 [ultranest] [DEBUG] iteration=820, ncalls=2634, regioncalls=85640, ndraw=40, logz=-905.86, remainder_fraction=100.0000%, Lmin=-898.07, Lmax=-707.46
13:07:18 [ultranest] [DEBUG] iteration=821, ncalls=2652, regioncalls=86360, ndraw=40, logz=-905.28, remainder_fraction=100.0000%, Lmin=-897.72, Lmax=-707.46
13:07:19 [ultranest] [DEBUG] iteration=822, ncalls=2659, regioncalls=86640, ndraw=40, logz=-904.79, remainder_fraction=100.0000%, Lmin=-897.64, Lmax=-707.46
13:07:19 [ultranest] [DEBUG] iteration=823, ncalls=2665, regioncalls=86880, ndraw=40, logz=-904.44, remainder_fraction=100.0000%, Lmin=-897.60, Lmax=-707.46
13:07:19 [ultranest] [DEBUG] iteration=824, ncalls=2671, regioncalls=87120, ndraw=40, logz=-904.17, remainder_fraction=100.0000%, Lmin=-897.49, Lmax=-707.46
13:07:19 [ultranest] [DEBUG] iteration=825, ncalls=2675, regioncalls=87280, ndraw=40, logz=-903.94, remainder_fraction=100.0000%, Lmin=-896.68, Lmax=-707.46
13:07:20 [ultranest] [DEBUG] iteration=826, ncalls=2680, regioncalls=87480, ndraw=40, logz=-903.56, remainder_fraction=100.0000%, Lmin=-895.95, Lmax=-707.46
13:07:20 [ultranest] [DEBUG] iteration=827, ncalls=2687, regioncalls=87760, ndraw=40, logz=-903.06, remainder_fraction=100.0000%, Lmin=-895.83, Lmax=-707.46
13:07:20 [ultranest] [DEBUG] iteration=828, ncalls=2695, regioncalls=88080, ndraw=40, logz=-902.69, remainder_fraction=100.0000%, Lmin=-894.76, Lmax=-707.46
13:07:20 [ultranest] [DEBUG] iteration=830, ncalls=2699, regioncalls=88240, ndraw=40, logz=-900.98, remainder_fraction=100.0000%, Lmin=-891.92, Lmax=-707.46
13:07:20 [ultranest] [DEBUG] iteration=831, ncalls=2704, regioncalls=88440, ndraw=40, logz=-899.65, remainder_fraction=100.0000%, Lmin=-890.81, Lmax=-707.46
13:07:21 [ultranest] [DEBUG] iteration=832, ncalls=2710, regioncalls=88680, ndraw=40, logz=-898.48, remainder_fraction=100.0000%, Lmin=-889.05, Lmax=-707.46
13:07:21 [ultranest] [DEBUG] iteration=833, ncalls=2712, regioncalls=88760, ndraw=40, logz=-896.88, remainder_fraction=100.0000%, Lmin=-887.64, Lmax=-707.46
13:07:21 [ultranest] [DEBUG] iteration=834, ncalls=2716, regioncalls=88920, ndraw=40, logz=-895.43, remainder_fraction=100.0000%, Lmin=-885.67, Lmax=-707.46
13:07:21 [ultranest] [DEBUG] iteration=835, ncalls=2720, regioncalls=89080, ndraw=40, logz=-893.56, remainder_fraction=100.0000%, Lmin=-884.99, Lmax=-707.46
13:07:21 [ultranest] [DEBUG] iteration=836, ncalls=2725, regioncalls=89280, ndraw=40, logz=-892.57, remainder_fraction=100.0000%, Lmin=-884.91, Lmax=-707.46
13:07:21 [ultranest] [DEBUG] iteration=837, ncalls=2728, regioncalls=89400, ndraw=40, logz=-892.06, remainder_fraction=100.0000%, Lmin=-882.47, Lmax=-707.46
13:07:22 [ultranest] [DEBUG] iteration=838, ncalls=2734, regioncalls=89640, ndraw=40, logz=-890.34, remainder_fraction=100.0000%, Lmin=-882.44, Lmax=-707.46
13:07:22 [ultranest] [DEBUG] iteration=839, ncalls=2740, regioncalls=89880, ndraw=40, logz=-889.72, remainder_fraction=100.0000%, Lmin=-881.99, Lmax=-707.46
13:07:22 [ultranest] [DEBUG] iteration=840, ncalls=2751, regioncalls=90320, ndraw=40, logz=-889.18, remainder_fraction=100.0000%, Lmin=-881.83, Lmax=-707.46
13:07:23 [ultranest] [DEBUG] iteration=841, ncalls=2757, regioncalls=90560, ndraw=40, logz=-888.78, remainder_fraction=100.0000%, Lmin=-881.46, Lmax=-707.46
13:07:23 [ultranest] [DEBUG] iteration=843, ncalls=2760, regioncalls=90680, ndraw=40, logz=-887.90, remainder_fraction=100.0000%, Lmin=-879.99, Lmax=-707.46
13:07:23 [ultranest] [DEBUG] iteration=845, ncalls=2762, regioncalls=90760, ndraw=40, logz=-886.58, remainder_fraction=100.0000%, Lmin=-878.75, Lmax=-707.46
13:07:23 [ultranest] [DEBUG] iteration=846, ncalls=2770, regioncalls=91080, ndraw=40, logz=-886.01, remainder_fraction=100.0000%, Lmin=-878.71, Lmax=-707.46
13:07:23 [ultranest] [DEBUG] iteration=847, ncalls=2774, regioncalls=91240, ndraw=40, logz=-885.63, remainder_fraction=100.0000%, Lmin=-878.39, Lmax=-707.46
13:07:23 [ultranest] [DEBUG] iteration=848, ncalls=2776, regioncalls=91320, ndraw=40, logz=-885.28, remainder_fraction=100.0000%, Lmin=-877.20, Lmax=-707.46
13:07:24 [ultranest] [DEBUG] iteration=850, ncalls=2778, regioncalls=91400, ndraw=40, logz=-884.00, remainder_fraction=100.0000%, Lmin=-876.05, Lmax=-707.46
13:07:24 [ultranest] [DEBUG] iteration=851, ncalls=2790, regioncalls=91880, ndraw=40, logz=-883.38, remainder_fraction=100.0000%, Lmin=-874.86, Lmax=-707.46
13:07:24 [ultranest] [DEBUG] iteration=852, ncalls=2793, regioncalls=92000, ndraw=40, logz=-882.45, remainder_fraction=100.0000%, Lmin=-874.49, Lmax=-707.46
13:07:25 [ultranest] [DEBUG] iteration=854, ncalls=2798, regioncalls=92200, ndraw=40, logz=-881.40, remainder_fraction=100.0000%, Lmin=-874.28, Lmax=-707.46
13:07:25 [ultranest] [DEBUG] iteration=855, ncalls=2802, regioncalls=92360, ndraw=40, logz=-881.08, remainder_fraction=100.0000%, Lmin=-873.44, Lmax=-707.46
13:07:25 [ultranest] [DEBUG] iteration=857, ncalls=2820, regioncalls=93080, ndraw=40, logz=-880.16, remainder_fraction=100.0000%, Lmin=-873.02, Lmax=-707.46
13:07:26 [ultranest] [DEBUG] iteration=859, ncalls=2828, regioncalls=93400, ndraw=40, logz=-879.49, remainder_fraction=100.0000%, Lmin=-871.08, Lmax=-707.46
13:07:26 [ultranest] [DEBUG] iteration=860, ncalls=2840, regioncalls=93880, ndraw=40, logz=-878.64, remainder_fraction=100.0000%, Lmin=-870.59, Lmax=-707.46
13:07:26 [ultranest] [DEBUG] iteration=861, ncalls=2848, regioncalls=94200, ndraw=40, logz=-877.98, remainder_fraction=100.0000%, Lmin=-869.29, Lmax=-707.46
13:07:27 [ultranest] [DEBUG] iteration=863, ncalls=2863, regioncalls=94800, ndraw=40, logz=-876.39, remainder_fraction=100.0000%, Lmin=-868.56, Lmax=-707.46
13:07:27 [ultranest] [DEBUG] iteration=864, ncalls=2871, regioncalls=95120, ndraw=40, logz=-875.83, remainder_fraction=100.0000%, Lmin=-868.51, Lmax=-707.46
13:07:27 [ultranest] [DEBUG] iteration=865, ncalls=2874, regioncalls=95240, ndraw=40, logz=-875.46, remainder_fraction=100.0000%, Lmin=-868.30, Lmax=-707.46
13:07:28 [ultranest] [DEBUG] iteration=866, ncalls=2880, regioncalls=95480, ndraw=40, logz=-875.14, remainder_fraction=100.0000%, Lmin=-868.11, Lmax=-707.46
13:07:28 [ultranest] [DEBUG] iteration=867, ncalls=2884, regioncalls=95640, ndraw=40, logz=-874.86, remainder_fraction=100.0000%, Lmin=-868.10, Lmax=-707.46
13:07:28 [ultranest] [DEBUG] iteration=868, ncalls=2886, regioncalls=95720, ndraw=40, logz=-874.63, remainder_fraction=100.0000%, Lmin=-867.14, Lmax=-707.46
13:07:28 [ultranest] [DEBUG] iteration=869, ncalls=2889, regioncalls=95840, ndraw=40, logz=-874.21, remainder_fraction=100.0000%, Lmin=-866.83, Lmax=-707.46
13:07:28 [ultranest] [DEBUG] iteration=870, ncalls=2899, regioncalls=96240, ndraw=40, logz=-873.83, remainder_fraction=100.0000%, Lmin=-865.97, Lmax=-707.46
13:07:29 [ultranest] [DEBUG] iteration=871, ncalls=2909, regioncalls=96640, ndraw=40, logz=-873.27, remainder_fraction=100.0000%, Lmin=-865.95, Lmax=-707.46
13:07:29 [ultranest] [DEBUG] iteration=873, ncalls=2914, regioncalls=96840, ndraw=40, logz=-872.54, remainder_fraction=100.0000%, Lmin=-865.26, Lmax=-707.46
13:07:29 [ultranest] [DEBUG] iteration=874, ncalls=2918, regioncalls=97000, ndraw=40, logz=-872.19, remainder_fraction=100.0000%, Lmin=-865.24, Lmax=-707.46
13:07:29 [ultranest] [DEBUG] iteration=876, ncalls=2922, regioncalls=97160, ndraw=40, logz=-871.66, remainder_fraction=100.0000%, Lmin=-864.42, Lmax=-707.46
13:07:31 [ultranest] [DEBUG] iteration=877, ncalls=2960, regioncalls=98680, ndraw=40, logz=-871.32, remainder_fraction=100.0000%, Lmin=-864.31, Lmax=-707.46
13:07:31 [ultranest] [DEBUG] iteration=878, ncalls=2970, regioncalls=99080, ndraw=40, logz=-871.05, remainder_fraction=100.0000%, Lmin=-864.25, Lmax=-707.46
13:07:32 [ultranest] [DEBUG] iteration=879, ncalls=2979, regioncalls=99440, ndraw=40, logz=-870.82, remainder_fraction=100.0000%, Lmin=-863.87, Lmax=-707.46
13:07:33 [ultranest] [DEBUG] iteration=881, ncalls=3001, regioncalls=100320, ndraw=40, logz=-870.30, remainder_fraction=100.0000%, Lmin=-863.42, Lmax=-707.46
13:07:33 [ultranest] [DEBUG] iteration=882, ncalls=3014, regioncalls=100840, ndraw=40, logz=-870.05, remainder_fraction=100.0000%, Lmin=-862.76, Lmax=-707.46
13:07:33 [ultranest] [DEBUG] iteration=884, ncalls=3016, regioncalls=100920, ndraw=40, logz=-869.42, remainder_fraction=100.0000%, Lmin=-862.40, Lmax=-707.46
13:07:34 [ultranest] [DEBUG] iteration=886, ncalls=3030, regioncalls=101480, ndraw=40, logz=-868.71, remainder_fraction=100.0000%, Lmin=-861.41, Lmax=-707.46
13:07:34 [ultranest] [DEBUG] iteration=887, ncalls=3038, regioncalls=101800, ndraw=40, logz=-868.36, remainder_fraction=100.0000%, Lmin=-860.83, Lmax=-707.46
13:07:35 [ultranest] [DEBUG] iteration=888, ncalls=3044, regioncalls=102040, ndraw=40, logz=-867.94, remainder_fraction=100.0000%, Lmin=-859.98, Lmax=-707.46
13:07:35 [ultranest] [DEBUG] iteration=890, ncalls=3052, regioncalls=102360, ndraw=40, logz=-866.52, remainder_fraction=100.0000%, Lmin=-858.84, Lmax=-707.46
13:07:35 [ultranest] [DEBUG] iteration=891, ncalls=3057, regioncalls=102560, ndraw=40, logz=-866.05, remainder_fraction=100.0000%, Lmin=-858.80, Lmax=-707.46
13:07:35 [ultranest] [DEBUG] iteration=892, ncalls=3068, regioncalls=103000, ndraw=40, logz=-865.72, remainder_fraction=100.0000%, Lmin=-856.89, Lmax=-707.46
13:07:36 [ultranest] [DEBUG] iteration=893, ncalls=3088, regioncalls=103800, ndraw=40, logz=-864.67, remainder_fraction=100.0000%, Lmin=-856.80, Lmax=-707.46
13:07:36 [ultranest] [DEBUG] iteration=894, ncalls=3093, regioncalls=104000, ndraw=40, logz=-864.13, remainder_fraction=100.0000%, Lmin=-856.25, Lmax=-707.46
13:07:36 [ultranest] [DEBUG] iteration=895, ncalls=3095, regioncalls=104080, ndraw=40, logz=-863.58, remainder_fraction=100.0000%, Lmin=-855.67, Lmax=-707.46
13:07:37 [ultranest] [DEBUG] iteration=896, ncalls=3111, regioncalls=104720, ndraw=40, logz=-863.03, remainder_fraction=100.0000%, Lmin=-855.51, Lmax=-707.46
13:07:38 [ultranest] [DEBUG] iteration=898, ncalls=3129, regioncalls=105440, ndraw=40, logz=-862.21, remainder_fraction=100.0000%, Lmin=-854.95, Lmax=-707.46
13:07:38 [ultranest] [DEBUG] iteration=899, ncalls=3131, regioncalls=105520, ndraw=40, logz=-861.88, remainder_fraction=100.0000%, Lmin=-854.92, Lmax=-707.46
13:07:38 [ultranest] [DEBUG] iteration=901, ncalls=3138, regioncalls=105800, ndraw=40, logz=-861.13, remainder_fraction=100.0000%, Lmin=-853.33, Lmax=-707.46
13:07:39 [ultranest] [DEBUG] iteration=902, ncalls=3149, regioncalls=106240, ndraw=40, logz=-860.63, remainder_fraction=100.0000%, Lmin=-853.18, Lmax=-707.46
13:07:39 [ultranest] [DEBUG] iteration=903, ncalls=3156, regioncalls=106520, ndraw=40, logz=-860.25, remainder_fraction=100.0000%, Lmin=-852.91, Lmax=-707.46
13:07:39 [ultranest] [DEBUG] iteration=904, ncalls=3163, regioncalls=106800, ndraw=40, logz=-859.90, remainder_fraction=100.0000%, Lmin=-852.65, Lmax=-707.46
13:07:39 [ultranest] [DEBUG] iteration=906, ncalls=3166, regioncalls=106920, ndraw=40, logz=-859.17, remainder_fraction=100.0000%, Lmin=-851.21, Lmax=-707.46
13:07:40 [ultranest] [DEBUG] iteration=907, ncalls=3172, regioncalls=107160, ndraw=40, logz=-858.61, remainder_fraction=100.0000%, Lmin=-850.85, Lmax=-707.46
13:07:40 [ultranest] [DEBUG] iteration=910, ncalls=3177, regioncalls=107360, ndraw=40, logz=-857.49, remainder_fraction=100.0000%, Lmin=-849.83, Lmax=-707.46
13:07:40 [ultranest] [DEBUG] iteration=912, ncalls=3186, regioncalls=107720, ndraw=40, logz=-856.55, remainder_fraction=100.0000%, Lmin=-848.75, Lmax=-707.46
13:07:41 [ultranest] [DEBUG] iteration=913, ncalls=3192, regioncalls=107960, ndraw=40, logz=-856.05, remainder_fraction=100.0000%, Lmin=-848.13, Lmax=-707.46
13:07:41 [ultranest] [DEBUG] iteration=914, ncalls=3199, regioncalls=108240, ndraw=40, logz=-855.51, remainder_fraction=100.0000%, Lmin=-847.86, Lmax=-707.46
13:07:41 [ultranest] [DEBUG] iteration=915, ncalls=3202, regioncalls=108360, ndraw=40, logz=-855.07, remainder_fraction=100.0000%, Lmin=-847.44, Lmax=-707.46
13:07:41 [ultranest] [DEBUG] iteration=916, ncalls=3209, regioncalls=108640, ndraw=40, logz=-854.65, remainder_fraction=100.0000%, Lmin=-847.38, Lmax=-707.46
13:07:42 [ultranest] [DEBUG] iteration=917, ncalls=3226, regioncalls=109320, ndraw=40, logz=-854.33, remainder_fraction=100.0000%, Lmin=-846.49, Lmax=-707.46
13:07:42 [ultranest] [DEBUG] iteration=918, ncalls=3235, regioncalls=109680, ndraw=40, logz=-853.83, remainder_fraction=100.0000%, Lmin=-846.38, Lmax=-707.46
13:07:42 [ultranest] [DEBUG] iteration=919, ncalls=3237, regioncalls=109760, ndraw=40, logz=-853.46, remainder_fraction=100.0000%, Lmin=-846.24, Lmax=-707.46
13:07:43 [ultranest] [DEBUG] iteration=921, ncalls=3240, regioncalls=109880, ndraw=40, logz=-852.80, remainder_fraction=100.0000%, Lmin=-845.48, Lmax=-707.46
13:07:44 [ultranest] [DEBUG] iteration=922, ncalls=3267, regioncalls=110960, ndraw=40, logz=-852.48, remainder_fraction=100.0000%, Lmin=-845.33, Lmax=-707.46
13:07:45 [ultranest] [DEBUG] iteration=923, ncalls=3286, regioncalls=111720, ndraw=40, logz=-852.20, remainder_fraction=100.0000%, Lmin=-844.29, Lmax=-707.46
13:07:45 [ultranest] [DEBUG] iteration=924, ncalls=3289, regioncalls=111840, ndraw=40, logz=-851.67, remainder_fraction=100.0000%, Lmin=-842.48, Lmax=-707.46
13:07:45 [ultranest] [DEBUG] iteration=926, ncalls=3295, regioncalls=112080, ndraw=40, logz=-849.41, remainder_fraction=100.0000%, Lmin=-840.50, Lmax=-707.46
13:07:45 [ultranest] [DEBUG] iteration=928, ncalls=3301, regioncalls=112320, ndraw=40, logz=-847.77, remainder_fraction=100.0000%, Lmin=-840.28, Lmax=-707.46
13:07:46 [ultranest] [DEBUG] iteration=930, ncalls=3325, regioncalls=113280, ndraw=40, logz=-846.95, remainder_fraction=100.0000%, Lmin=-839.59, Lmax=-707.46
13:07:47 [ultranest] [DEBUG] iteration=931, ncalls=3345, regioncalls=114080, ndraw=40, logz=-846.62, remainder_fraction=100.0000%, Lmin=-839.51, Lmax=-707.46
13:07:48 [ultranest] [DEBUG] iteration=932, ncalls=3359, regioncalls=114640, ndraw=40, logz=-846.35, remainder_fraction=100.0000%, Lmin=-839.29, Lmax=-707.46
13:07:48 [ultranest] [DEBUG] iteration=933, ncalls=3363, regioncalls=114800, ndraw=40, logz=-846.10, remainder_fraction=100.0000%, Lmin=-839.10, Lmax=-707.46
13:07:48 [ultranest] [DEBUG] iteration=934, ncalls=3367, regioncalls=114960, ndraw=40, logz=-845.86, remainder_fraction=100.0000%, Lmin=-839.10, Lmax=-707.46
13:07:48 [ultranest] [DEBUG] iteration=936, ncalls=3380, regioncalls=115480, ndraw=40, logz=-845.45, remainder_fraction=100.0000%, Lmin=-838.61, Lmax=-707.46
13:07:49 [ultranest] [DEBUG] iteration=937, ncalls=3400, regioncalls=116280, ndraw=40, logz=-845.24, remainder_fraction=100.0000%, Lmin=-838.57, Lmax=-707.46
13:07:50 [ultranest] [DEBUG] iteration=939, ncalls=3426, regioncalls=117320, ndraw=40, logz=-844.90, remainder_fraction=100.0000%, Lmin=-837.75, Lmax=-707.46
13:07:50 [ultranest] [DEBUG] iteration=941, ncalls=3428, regioncalls=117400, ndraw=40, logz=-844.41, remainder_fraction=100.0000%, Lmin=-837.52, Lmax=-707.46
13:07:51 [ultranest] [DEBUG] iteration=942, ncalls=3436, regioncalls=117720, ndraw=40, logz=-844.20, remainder_fraction=100.0000%, Lmin=-837.47, Lmax=-707.46
13:07:51 [ultranest] [DEBUG] iteration=943, ncalls=3447, regioncalls=118160, ndraw=40, logz=-844.01, remainder_fraction=100.0000%, Lmin=-837.09, Lmax=-707.46
13:07:51 [ultranest] [DEBUG] iteration=945, ncalls=3449, regioncalls=118240, ndraw=40, logz=-843.60, remainder_fraction=100.0000%, Lmin=-836.79, Lmax=-707.46
13:07:51 [ultranest] [DEBUG] iteration=946, ncalls=3459, regioncalls=118640, ndraw=40, logz=-843.41, remainder_fraction=100.0000%, Lmin=-836.48, Lmax=-707.46
13:07:52 [ultranest] [DEBUG] iteration=947, ncalls=3482, regioncalls=119560, ndraw=40, logz=-843.19, remainder_fraction=100.0000%, Lmin=-836.26, Lmax=-707.46
13:07:53 [ultranest] [DEBUG] iteration=948, ncalls=3488, regioncalls=119800, ndraw=40, logz=-842.97, remainder_fraction=100.0000%, Lmin=-835.80, Lmax=-707.46
13:07:53 [ultranest] [DEBUG] iteration=950, ncalls=3495, regioncalls=120080, ndraw=40, logz=-842.40, remainder_fraction=100.0000%, Lmin=-834.13, Lmax=-707.46
13:07:53 [ultranest] [DEBUG] iteration=951, ncalls=3498, regioncalls=120200, ndraw=40, logz=-841.74, remainder_fraction=100.0000%, Lmin=-833.74, Lmax=-707.46
13:07:53 [ultranest] [DEBUG] iteration=952, ncalls=3502, regioncalls=120360, ndraw=40, logz=-841.21, remainder_fraction=100.0000%, Lmin=-833.57, Lmax=-707.46
13:07:54 [ultranest] [DEBUG] iteration=954, ncalls=3506, regioncalls=120520, ndraw=40, logz=-840.50, remainder_fraction=100.0000%, Lmin=-832.72, Lmax=-707.46
13:07:54 [ultranest] [DEBUG] iteration=955, ncalls=3512, regioncalls=120760, ndraw=40, logz=-840.05, remainder_fraction=100.0000%, Lmin=-832.34, Lmax=-707.46
13:07:54 [ultranest] [DEBUG] iteration=956, ncalls=3522, regioncalls=121160, ndraw=40, logz=-839.63, remainder_fraction=100.0000%, Lmin=-831.46, Lmax=-707.46
13:07:54 [ultranest] [DEBUG] iteration=958, ncalls=3526, regioncalls=121320, ndraw=40, logz=-838.60, remainder_fraction=100.0000%, Lmin=-831.09, Lmax=-707.46
13:07:55 [ultranest] [DEBUG] iteration=959, ncalls=3540, regioncalls=121880, ndraw=40, logz=-838.25, remainder_fraction=100.0000%, Lmin=-830.63, Lmax=-707.46
13:07:56 [ultranest] [DEBUG] iteration=961, ncalls=3567, regioncalls=122960, ndraw=40, logz=-837.39, remainder_fraction=100.0000%, Lmin=-829.99, Lmax=-707.46
13:07:56 [ultranest] [DEBUG] iteration=962, ncalls=3569, regioncalls=123040, ndraw=40, logz=-837.07, remainder_fraction=100.0000%, Lmin=-829.83, Lmax=-707.46
13:07:57 [ultranest] [DEBUG] iteration=963, ncalls=3576, regioncalls=123320, ndraw=40, logz=-836.79, remainder_fraction=100.0000%, Lmin=-828.73, Lmax=-707.46
13:07:57 [ultranest] [DEBUG] iteration=964, ncalls=3590, regioncalls=123880, ndraw=40, logz=-836.24, remainder_fraction=100.0000%, Lmin=-828.10, Lmax=-707.46
13:07:58 [ultranest] [DEBUG] iteration=966, ncalls=3595, regioncalls=124080, ndraw=40, logz=-835.12, remainder_fraction=100.0000%, Lmin=-827.59, Lmax=-707.46
13:07:59 [ultranest] [DEBUG] iteration=968, ncalls=3619, regioncalls=125040, ndraw=40, logz=-834.50, remainder_fraction=100.0000%, Lmin=-827.35, Lmax=-707.46
13:07:59 [ultranest] [DEBUG] iteration=970, ncalls=3623, regioncalls=125200, ndraw=40, logz=-833.99, remainder_fraction=100.0000%, Lmin=-826.34, Lmax=-707.46
13:07:59 [ultranest] [DEBUG] iteration=971, ncalls=3626, regioncalls=125320, ndraw=40, logz=-833.60, remainder_fraction=100.0000%, Lmin=-826.31, Lmax=-707.46
13:07:59 [ultranest] [DEBUG] iteration=972, ncalls=3639, regioncalls=125840, ndraw=40, logz=-833.31, remainder_fraction=100.0000%, Lmin=-826.09, Lmax=-707.46
13:08:00 [ultranest] [DEBUG] iteration=974, ncalls=3652, regioncalls=126360, ndraw=40, logz=-832.72, remainder_fraction=100.0000%, Lmin=-825.41, Lmax=-707.46
13:08:00 [ultranest] [DEBUG] iteration=975, ncalls=3654, regioncalls=126440, ndraw=40, logz=-832.44, remainder_fraction=100.0000%, Lmin=-825.15, Lmax=-707.46
13:08:00 [ultranest] [DEBUG] iteration=976, ncalls=3656, regioncalls=126520, ndraw=40, logz=-832.15, remainder_fraction=100.0000%, Lmin=-825.12, Lmax=-707.46
13:08:00 [ultranest] [DEBUG] iteration=977, ncalls=3665, regioncalls=126880, ndraw=40, logz=-831.93, remainder_fraction=100.0000%, Lmin=-823.97, Lmax=-707.46
13:08:01 [ultranest] [DEBUG] iteration=978, ncalls=3674, regioncalls=127240, ndraw=40, logz=-831.43, remainder_fraction=100.0000%, Lmin=-823.94, Lmax=-707.46
13:08:01 [ultranest] [DEBUG] iteration=979, ncalls=3692, regioncalls=127960, ndraw=40, logz=-831.10, remainder_fraction=100.0000%, Lmin=-823.81, Lmax=-707.46
13:08:02 [ultranest] [DEBUG] iteration=980, ncalls=3694, regioncalls=128040, ndraw=40, logz=-830.82, remainder_fraction=100.0000%, Lmin=-823.77, Lmax=-707.46
13:08:02 [ultranest] [DEBUG] iteration=981, ncalls=3699, regioncalls=128240, ndraw=40, logz=-830.59, remainder_fraction=100.0000%, Lmin=-823.44, Lmax=-707.46
13:08:03 [ultranest] [DEBUG] iteration=982, ncalls=3727, regioncalls=129360, ndraw=40, logz=-830.34, remainder_fraction=100.0000%, Lmin=-823.38, Lmax=-707.46
13:08:04 [ultranest] [DEBUG] iteration=984, ncalls=3739, regioncalls=129840, ndraw=40, logz=-829.91, remainder_fraction=100.0000%, Lmin=-823.02, Lmax=-707.46
13:08:04 [ultranest] [DEBUG] iteration=985, ncalls=3741, regioncalls=129920, ndraw=40, logz=-829.72, remainder_fraction=100.0000%, Lmin=-822.93, Lmax=-707.46
13:08:04 [ultranest] [DEBUG] iteration=986, ncalls=3750, regioncalls=130280, ndraw=40, logz=-829.54, remainder_fraction=100.0000%, Lmin=-822.90, Lmax=-707.46
13:08:05 [ultranest] [DEBUG] iteration=987, ncalls=3761, regioncalls=130720, ndraw=40, logz=-829.39, remainder_fraction=100.0000%, Lmin=-822.81, Lmax=-707.46
13:08:05 [ultranest] [DEBUG] iteration=988, ncalls=3778, regioncalls=131400, ndraw=40, logz=-829.24, remainder_fraction=100.0000%, Lmin=-822.43, Lmax=-707.46
13:08:05 [ultranest] [DEBUG] iteration=989, ncalls=3781, regioncalls=131520, ndraw=40, logz=-829.06, remainder_fraction=100.0000%, Lmin=-822.32, Lmax=-707.46
13:08:06 [ultranest] [DEBUG] iteration=990, ncalls=3791, regioncalls=131920, ndraw=40, logz=-828.90, remainder_fraction=100.0000%, Lmin=-822.26, Lmax=-707.46
13:08:06 [ultranest] [DEBUG] iteration=991, ncalls=3793, regioncalls=132000, ndraw=40, logz=-828.74, remainder_fraction=100.0000%, Lmin=-821.60, Lmax=-707.46
13:08:06 [ultranest] [DEBUG] iteration=992, ncalls=3806, regioncalls=132520, ndraw=40, logz=-828.50, remainder_fraction=100.0000%, Lmin=-821.58, Lmax=-707.46
13:08:07 [ultranest] [DEBUG] iteration=993, ncalls=3810, regioncalls=132680, ndraw=40, logz=-828.31, remainder_fraction=100.0000%, Lmin=-821.46, Lmax=-707.46
13:08:07 [ultranest] [DEBUG] iteration=995, ncalls=3814, regioncalls=132840, ndraw=40, logz=-827.83, remainder_fraction=100.0000%, Lmin=-820.38, Lmax=-707.46
13:08:07 [ultranest] [DEBUG] iteration=996, ncalls=3817, regioncalls=132960, ndraw=40, logz=-827.52, remainder_fraction=100.0000%, Lmin=-820.24, Lmax=-707.46
13:08:07 [ultranest] [DEBUG] iteration=998, ncalls=3819, regioncalls=133040, ndraw=40, logz=-826.95, remainder_fraction=100.0000%, Lmin=-819.70, Lmax=-707.46
13:08:07 [ultranest] [DEBUG] iteration=999, ncalls=3821, regioncalls=133120, ndraw=40, logz=-826.69, remainder_fraction=100.0000%, Lmin=-819.55, Lmax=-707.46
13:08:07 [ultranest] [DEBUG] iteration=1001, ncalls=3824, regioncalls=133240, ndraw=40, logz=-826.26, remainder_fraction=100.0000%, Lmin=-819.46, Lmax=-707.46
13:08:08 [ultranest] [DEBUG] iteration=1002, ncalls=3841, regioncalls=133920, ndraw=40, logz=-826.08, remainder_fraction=100.0000%, Lmin=-819.28, Lmax=-707.46
13:08:08 [ultranest] [DEBUG] iteration=1004, ncalls=3845, regioncalls=134080, ndraw=40, logz=-825.76, remainder_fraction=100.0000%, Lmin=-819.06, Lmax=-707.46
13:08:08 [ultranest] [DEBUG] iteration=1005, ncalls=3857, regioncalls=134560, ndraw=40, logz=-825.60, remainder_fraction=100.0000%, Lmin=-818.99, Lmax=-707.46
13:08:09 [ultranest] [DEBUG] iteration=1006, ncalls=3862, regioncalls=134760, ndraw=40, logz=-825.46, remainder_fraction=100.0000%, Lmin=-818.52, Lmax=-707.46
13:08:09 [ultranest] [DEBUG] iteration=1008, ncalls=3866, regioncalls=134920, ndraw=40, logz=-825.05, remainder_fraction=100.0000%, Lmin=-818.10, Lmax=-707.46
13:08:09 [ultranest] [DEBUG] iteration=1010, ncalls=3868, regioncalls=135000, ndraw=40, logz=-824.68, remainder_fraction=100.0000%, Lmin=-817.14, Lmax=-707.46
13:08:09 [ultranest] [DEBUG] iteration=1011, ncalls=3871, regioncalls=135120, ndraw=40, logz=-824.35, remainder_fraction=100.0000%, Lmin=-817.12, Lmax=-707.46
13:08:09 [ultranest] [DEBUG] iteration=1013, ncalls=3874, regioncalls=135240, ndraw=40, logz=-823.89, remainder_fraction=100.0000%, Lmin=-816.57, Lmax=-707.46
13:08:09 [ultranest] [DEBUG] iteration=1015, ncalls=3880, regioncalls=135480, ndraw=40, logz=-823.36, remainder_fraction=100.0000%, Lmin=-815.98, Lmax=-707.46
13:08:10 [ultranest] [DEBUG] iteration=1017, ncalls=3897, regioncalls=136160, ndraw=40, logz=-822.75, remainder_fraction=100.0000%, Lmin=-815.19, Lmax=-707.46
13:08:10 [ultranest] [DEBUG] iteration=1019, ncalls=3904, regioncalls=136440, ndraw=40, logz=-822.16, remainder_fraction=100.0000%, Lmin=-815.04, Lmax=-707.46
13:08:10 [ultranest] [DEBUG] iteration=1021, ncalls=3907, regioncalls=136560, ndraw=40, logz=-821.73, remainder_fraction=100.0000%, Lmin=-814.84, Lmax=-707.46
13:08:12 [ultranest] [DEBUG] iteration=1022, ncalls=3933, regioncalls=137600, ndraw=40, logz=-821.55, remainder_fraction=100.0000%, Lmin=-814.59, Lmax=-707.46
13:08:12 [ultranest] [DEBUG] iteration=1023, ncalls=3946, regioncalls=138120, ndraw=40, logz=-821.36, remainder_fraction=100.0000%, Lmin=-814.48, Lmax=-707.46
13:08:12 [ultranest] [DEBUG] iteration=1025, ncalls=3950, regioncalls=138280, ndraw=40, logz=-821.02, remainder_fraction=100.0000%, Lmin=-813.97, Lmax=-707.46
13:08:12 [ultranest] [DEBUG] iteration=1026, ncalls=3955, regioncalls=138480, ndraw=40, logz=-820.82, remainder_fraction=100.0000%, Lmin=-813.92, Lmax=-707.46
13:08:13 [ultranest] [DEBUG] iteration=1028, ncalls=3959, regioncalls=138640, ndraw=40, logz=-820.45, remainder_fraction=100.0000%, Lmin=-813.67, Lmax=-707.46
13:08:13 [ultranest] [DEBUG] iteration=1029, ncalls=3969, regioncalls=139040, ndraw=40, logz=-820.29, remainder_fraction=100.0000%, Lmin=-812.93, Lmax=-707.46
13:08:13 [ultranest] [DEBUG] iteration=1031, ncalls=3974, regioncalls=139240, ndraw=40, logz=-819.71, remainder_fraction=100.0000%, Lmin=-812.40, Lmax=-707.46
13:08:13 [ultranest] [DEBUG] iteration=1033, ncalls=3979, regioncalls=139440, ndraw=40, logz=-819.21, remainder_fraction=100.0000%, Lmin=-812.17, Lmax=-707.46
13:08:14 [ultranest] [DEBUG] iteration=1034, ncalls=4009, regioncalls=140640, ndraw=40, logz=-819.01, remainder_fraction=100.0000%, Lmin=-812.01, Lmax=-707.46
13:08:15 [ultranest] [DEBUG] iteration=1037, ncalls=4018, regioncalls=141000, ndraw=40, logz=-818.45, remainder_fraction=100.0000%, Lmin=-811.61, Lmax=-707.46
13:08:15 [ultranest] [DEBUG] iteration=1038, ncalls=4026, regioncalls=141320, ndraw=40, logz=-818.29, remainder_fraction=100.0000%, Lmin=-811.41, Lmax=-707.46
13:08:15 [ultranest] [DEBUG] iteration=1041, ncalls=4037, regioncalls=141760, ndraw=40, logz=-817.70, remainder_fraction=100.0000%, Lmin=-810.75, Lmax=-707.46
13:08:16 [ultranest] [DEBUG] iteration=1042, ncalls=4039, regioncalls=141840, ndraw=40, logz=-817.52, remainder_fraction=100.0000%, Lmin=-810.69, Lmax=-707.46
13:08:16 [ultranest] [DEBUG] iteration=1043, ncalls=4041, regioncalls=141920, ndraw=40, logz=-817.36, remainder_fraction=100.0000%, Lmin=-810.69, Lmax=-707.46
13:08:16 [ultranest] [DEBUG] iteration=1044, ncalls=4047, regioncalls=142160, ndraw=40, logz=-817.22, remainder_fraction=100.0000%, Lmin=-810.50, Lmax=-707.46
13:08:16 [ultranest] [DEBUG] iteration=1045, ncalls=4049, regioncalls=142240, ndraw=40, logz=-817.07, remainder_fraction=100.0000%, Lmin=-810.25, Lmax=-707.46
13:08:16 [ultranest] [DEBUG] iteration=1046, ncalls=4051, regioncalls=142320, ndraw=40, logz=-816.92, remainder_fraction=100.0000%, Lmin=-810.08, Lmax=-707.46
13:08:16 [ultranest] [DEBUG] iteration=1048, ncalls=4054, regioncalls=142440, ndraw=40, logz=-816.58, remainder_fraction=100.0000%, Lmin=-809.38, Lmax=-707.46
13:08:16 [ultranest] [DEBUG] iteration=1049, ncalls=4057, regioncalls=142560, ndraw=40, logz=-816.35, remainder_fraction=100.0000%, Lmin=-809.16, Lmax=-707.46
13:08:17 [ultranest] [DEBUG] iteration=1050, ncalls=4062, regioncalls=142760, ndraw=40, logz=-816.13, remainder_fraction=100.0000%, Lmin=-808.93, Lmax=-707.46
13:08:17 [ultranest] [DEBUG] iteration=1051, ncalls=4065, regioncalls=142880, ndraw=40, logz=-815.91, remainder_fraction=100.0000%, Lmin=-808.17, Lmax=-707.46
13:08:17 [ultranest] [DEBUG] iteration=1052, ncalls=4069, regioncalls=143040, ndraw=40, logz=-815.56, remainder_fraction=100.0000%, Lmin=-807.96, Lmax=-707.46
13:08:17 [ultranest] [DEBUG] iteration=1054, ncalls=4074, regioncalls=143240, ndraw=40, logz=-814.80, remainder_fraction=100.0000%, Lmin=-807.19, Lmax=-707.46
13:08:17 [ultranest] [DEBUG] iteration=1056, ncalls=4079, regioncalls=143440, ndraw=40, logz=-814.03, remainder_fraction=100.0000%, Lmin=-806.43, Lmax=-707.46
13:08:18 [ultranest] [DEBUG] iteration=1057, ncalls=4093, regioncalls=144000, ndraw=40, logz=-813.72, remainder_fraction=100.0000%, Lmin=-805.53, Lmax=-707.46
13:08:18 [ultranest] [DEBUG] iteration=1058, ncalls=4098, regioncalls=144200, ndraw=40, logz=-813.21, remainder_fraction=100.0000%, Lmin=-805.39, Lmax=-707.46
13:08:18 [ultranest] [DEBUG] iteration=1059, ncalls=4103, regioncalls=144400, ndraw=40, logz=-812.84, remainder_fraction=100.0000%, Lmin=-805.36, Lmax=-707.46
13:08:18 [ultranest] [DEBUG] iteration=1060, ncalls=4106, regioncalls=144520, ndraw=40, logz=-812.56, remainder_fraction=100.0000%, Lmin=-805.32, Lmax=-707.46
13:08:18 [ultranest] [DEBUG] iteration=1061, ncalls=4109, regioncalls=144640, ndraw=40, logz=-812.34, remainder_fraction=100.0000%, Lmin=-805.17, Lmax=-707.46
13:08:19 [ultranest] [DEBUG] iteration=1062, ncalls=4112, regioncalls=144760, ndraw=40, logz=-812.13, remainder_fraction=100.0000%, Lmin=-804.88, Lmax=-707.46
13:08:19 [ultranest] [DEBUG] iteration=1063, ncalls=4121, regioncalls=145120, ndraw=40, logz=-811.90, remainder_fraction=100.0000%, Lmin=-804.22, Lmax=-707.46
13:08:20 [ultranest] [DEBUG] iteration=1064, ncalls=4139, regioncalls=145840, ndraw=40, logz=-811.57, remainder_fraction=100.0000%, Lmin=-804.19, Lmax=-707.46
13:08:20 [ultranest] [DEBUG] iteration=1065, ncalls=4143, regioncalls=146000, ndraw=40, logz=-811.32, remainder_fraction=100.0000%, Lmin=-803.83, Lmax=-707.46
13:08:20 [ultranest] [DEBUG] iteration=1066, ncalls=4146, regioncalls=146120, ndraw=40, logz=-811.04, remainder_fraction=100.0000%, Lmin=-803.39, Lmax=-707.46
13:08:20 [ultranest] [DEBUG] iteration=1068, ncalls=4154, regioncalls=146440, ndraw=40, logz=-810.34, remainder_fraction=100.0000%, Lmin=-802.43, Lmax=-707.46
13:08:21 [ultranest] [DEBUG] iteration=1070, ncalls=4164, regioncalls=146840, ndraw=40, logz=-809.55, remainder_fraction=100.0000%, Lmin=-801.94, Lmax=-707.46
13:08:21 [ultranest] [DEBUG] iteration=1071, ncalls=4173, regioncalls=147200, ndraw=40, logz=-809.25, remainder_fraction=100.0000%, Lmin=-801.93, Lmax=-707.46
13:08:22 [ultranest] [DEBUG] iteration=1072, ncalls=4187, regioncalls=147760, ndraw=40, logz=-809.01, remainder_fraction=100.0000%, Lmin=-801.75, Lmax=-707.46
13:08:22 [ultranest] [DEBUG] iteration=1074, ncalls=4195, regioncalls=148080, ndraw=40, logz=-808.56, remainder_fraction=100.0000%, Lmin=-801.02, Lmax=-707.46
13:08:22 [ultranest] [DEBUG] iteration=1075, ncalls=4199, regioncalls=148240, ndraw=40, logz=-808.27, remainder_fraction=100.0000%, Lmin=-800.34, Lmax=-707.46
13:08:22 [ultranest] [DEBUG] iteration=1077, ncalls=4204, regioncalls=148440, ndraw=40, logz=-807.56, remainder_fraction=100.0000%, Lmin=-800.18, Lmax=-707.46
13:08:23 [ultranest] [DEBUG] iteration=1078, ncalls=4219, regioncalls=149040, ndraw=40, logz=-807.32, remainder_fraction=100.0000%, Lmin=-800.05, Lmax=-707.46
13:08:23 [ultranest] [DEBUG] iteration=1080, ncalls=4229, regioncalls=149440, ndraw=40, logz=-806.82, remainder_fraction=100.0000%, Lmin=-799.40, Lmax=-707.46
13:08:23 [ultranest] [DEBUG] iteration=1081, ncalls=4232, regioncalls=149560, ndraw=40, logz=-806.57, remainder_fraction=100.0000%, Lmin=-799.02, Lmax=-707.46
13:08:24 [ultranest] [DEBUG] iteration=1082, ncalls=4258, regioncalls=150600, ndraw=40, logz=-806.29, remainder_fraction=100.0000%, Lmin=-798.58, Lmax=-707.46
13:08:25 [ultranest] [DEBUG] iteration=1083, ncalls=4264, regioncalls=150840, ndraw=40, logz=-805.97, remainder_fraction=100.0000%, Lmin=-797.91, Lmax=-707.46
13:08:25 [ultranest] [DEBUG] iteration=1085, ncalls=4272, regioncalls=151160, ndraw=40, logz=-805.18, remainder_fraction=100.0000%, Lmin=-797.57, Lmax=-707.46
13:08:25 [ultranest] [DEBUG] iteration=1087, ncalls=4281, regioncalls=151520, ndraw=40, logz=-804.61, remainder_fraction=100.0000%, Lmin=-797.08, Lmax=-707.46
13:08:26 [ultranest] [DEBUG] iteration=1088, ncalls=4287, regioncalls=151760, ndraw=40, logz=-804.34, remainder_fraction=100.0000%, Lmin=-796.70, Lmax=-707.46
13:08:26 [ultranest] [DEBUG] iteration=1089, ncalls=4291, regioncalls=151920, ndraw=40, logz=-804.04, remainder_fraction=100.0000%, Lmin=-796.70, Lmax=-707.46
13:08:26 [ultranest] [DEBUG] iteration=1090, ncalls=4297, regioncalls=152160, ndraw=40, logz=-803.81, remainder_fraction=100.0000%, Lmin=-796.69, Lmax=-707.46
13:08:27 [ultranest] [DEBUG] iteration=1091, ncalls=4319, regioncalls=153040, ndraw=40, logz=-803.62, remainder_fraction=100.0000%, Lmin=-796.62, Lmax=-707.46
13:08:27 [ultranest] [DEBUG] iteration=1092, ncalls=4324, regioncalls=153240, ndraw=40, logz=-803.45, remainder_fraction=100.0000%, Lmin=-796.55, Lmax=-707.46
13:08:27 [ultranest] [DEBUG] iteration=1093, ncalls=4329, regioncalls=153440, ndraw=40, logz=-803.30, remainder_fraction=100.0000%, Lmin=-796.36, Lmax=-707.46
13:08:27 [ultranest] [DEBUG] iteration=1094, ncalls=4332, regioncalls=153560, ndraw=40, logz=-803.14, remainder_fraction=100.0000%, Lmin=-796.17, Lmax=-707.46
13:08:27 [ultranest] [DEBUG] iteration=1095, ncalls=4339, regioncalls=153840, ndraw=40, logz=-802.98, remainder_fraction=100.0000%, Lmin=-796.16, Lmax=-707.46
13:08:28 [ultranest] [DEBUG] iteration=1097, ncalls=4347, regioncalls=154160, ndraw=40, logz=-802.65, remainder_fraction=100.0000%, Lmin=-795.69, Lmax=-707.46
13:08:28 [ultranest] [DEBUG] iteration=1098, ncalls=4350, regioncalls=154280, ndraw=40, logz=-802.49, remainder_fraction=100.0000%, Lmin=-795.60, Lmax=-707.46
13:08:28 [ultranest] [DEBUG] iteration=1099, ncalls=4356, regioncalls=154520, ndraw=40, logz=-802.34, remainder_fraction=100.0000%, Lmin=-795.37, Lmax=-707.46
13:08:28 [ultranest] [DEBUG] iteration=1100, ncalls=4361, regioncalls=154720, ndraw=40, logz=-802.18, remainder_fraction=100.0000%, Lmin=-795.35, Lmax=-707.46
13:08:29 [ultranest] [DEBUG] iteration=1101, ncalls=4375, regioncalls=155280, ndraw=40, logz=-802.04, remainder_fraction=100.0000%, Lmin=-795.09, Lmax=-707.46
13:08:29 [ultranest] [DEBUG] iteration=1102, ncalls=4378, regioncalls=155400, ndraw=40, logz=-801.88, remainder_fraction=100.0000%, Lmin=-794.72, Lmax=-707.46
13:08:29 [ultranest] [DEBUG] iteration=1103, ncalls=4383, regioncalls=155600, ndraw=40, logz=-801.69, remainder_fraction=100.0000%, Lmin=-794.36, Lmax=-707.46
13:08:29 [ultranest] [DEBUG] iteration=1104, ncalls=4387, regioncalls=155760, ndraw=40, logz=-801.47, remainder_fraction=100.0000%, Lmin=-794.17, Lmax=-707.46
13:08:30 [ultranest] [DEBUG] iteration=1105, ncalls=4389, regioncalls=155840, ndraw=40, logz=-801.25, remainder_fraction=100.0000%, Lmin=-794.03, Lmax=-707.46
13:08:30 [ultranest] [DEBUG] iteration=1106, ncalls=4393, regioncalls=156000, ndraw=40, logz=-801.06, remainder_fraction=100.0000%, Lmin=-793.52, Lmax=-707.46
13:08:30 [ultranest] [DEBUG] iteration=1108, ncalls=4397, regioncalls=156160, ndraw=40, logz=-800.46, remainder_fraction=100.0000%, Lmin=-792.89, Lmax=-707.46
13:08:30 [ultranest] [DEBUG] iteration=1110, ncalls=4401, regioncalls=156320, ndraw=40, logz=-799.98, remainder_fraction=100.0000%, Lmin=-792.75, Lmax=-707.46
13:08:30 [ultranest] [DEBUG] iteration=1112, ncalls=4411, regioncalls=156720, ndraw=40, logz=-799.61, remainder_fraction=100.0000%, Lmin=-792.64, Lmax=-707.46
13:08:31 [ultranest] [DEBUG] iteration=1113, ncalls=4417, regioncalls=156960, ndraw=40, logz=-799.46, remainder_fraction=100.0000%, Lmin=-792.35, Lmax=-707.46
13:08:31 [ultranest] [DEBUG] iteration=1114, ncalls=4421, regioncalls=157120, ndraw=40, logz=-799.28, remainder_fraction=100.0000%, Lmin=-792.22, Lmax=-707.46
13:08:31 [ultranest] [DEBUG] iteration=1115, ncalls=4437, regioncalls=157760, ndraw=40, logz=-799.11, remainder_fraction=100.0000%, Lmin=-792.07, Lmax=-707.46
13:08:31 [ultranest] [DEBUG] iteration=1116, ncalls=4439, regioncalls=157840, ndraw=40, logz=-798.94, remainder_fraction=100.0000%, Lmin=-792.04, Lmax=-707.46
13:08:32 [ultranest] [DEBUG] iteration=1117, ncalls=4443, regioncalls=158000, ndraw=40, logz=-798.80, remainder_fraction=100.0000%, Lmin=-791.97, Lmax=-707.46
13:08:32 [ultranest] [DEBUG] iteration=1118, ncalls=4448, regioncalls=158200, ndraw=40, logz=-798.66, remainder_fraction=100.0000%, Lmin=-791.87, Lmax=-707.46
13:08:32 [ultranest] [DEBUG] iteration=1119, ncalls=4451, regioncalls=158320, ndraw=40, logz=-798.53, remainder_fraction=100.0000%, Lmin=-791.50, Lmax=-707.46
13:08:32 [ultranest] [DEBUG] iteration=1120, ncalls=4454, regioncalls=158440, ndraw=40, logz=-798.37, remainder_fraction=100.0000%, Lmin=-791.32, Lmax=-707.46
13:08:32 [ultranest] [DEBUG] iteration=1121, ncalls=4462, regioncalls=158760, ndraw=40, logz=-798.21, remainder_fraction=100.0000%, Lmin=-791.23, Lmax=-707.46
13:08:33 [ultranest] [DEBUG] iteration=1122, ncalls=4471, regioncalls=159120, ndraw=40, logz=-798.05, remainder_fraction=100.0000%, Lmin=-791.14, Lmax=-707.46
13:08:33 [ultranest] [DEBUG] iteration=1123, ncalls=4481, regioncalls=159520, ndraw=40, logz=-797.91, remainder_fraction=100.0000%, Lmin=-791.13, Lmax=-707.46
13:08:33 [ultranest] [DEBUG] iteration=1124, ncalls=4485, regioncalls=159680, ndraw=40, logz=-797.78, remainder_fraction=100.0000%, Lmin=-790.96, Lmax=-707.46
13:08:34 [ultranest] [DEBUG] iteration=1125, ncalls=4499, regioncalls=160240, ndraw=40, logz=-797.65, remainder_fraction=100.0000%, Lmin=-790.88, Lmax=-707.46
13:08:34 [ultranest] [DEBUG] iteration=1127, ncalls=4503, regioncalls=160400, ndraw=40, logz=-797.40, remainder_fraction=100.0000%, Lmin=-790.72, Lmax=-707.46
13:08:34 [ultranest] [DEBUG] iteration=1129, ncalls=4507, regioncalls=160560, ndraw=40, logz=-797.17, remainder_fraction=100.0000%, Lmin=-790.51, Lmax=-707.46
13:08:35 [ultranest] [DEBUG] iteration=1130, ncalls=4514, regioncalls=160840, ndraw=40, logz=-797.05, remainder_fraction=100.0000%, Lmin=-790.26, Lmax=-707.46
13:08:35 [ultranest] [DEBUG] iteration=1131, ncalls=4520, regioncalls=161080, ndraw=40, logz=-796.93, remainder_fraction=100.0000%, Lmin=-790.01, Lmax=-707.46
13:08:36 [ultranest] [DEBUG] iteration=1132, ncalls=4537, regioncalls=161760, ndraw=40, logz=-796.79, remainder_fraction=100.0000%, Lmin=-789.73, Lmax=-707.46
13:08:36 [ultranest] [DEBUG] iteration=1134, ncalls=4560, regioncalls=162680, ndraw=40, logz=-796.48, remainder_fraction=100.0000%, Lmin=-789.35, Lmax=-707.46
13:08:37 [ultranest] [DEBUG] iteration=1135, ncalls=4572, regioncalls=163160, ndraw=40, logz=-796.31, remainder_fraction=100.0000%, Lmin=-789.31, Lmax=-707.46
13:08:38 [ultranest] [DEBUG] iteration=1136, ncalls=4613, regioncalls=164800, ndraw=40, logz=-796.16, remainder_fraction=100.0000%, Lmin=-789.07, Lmax=-707.46
13:08:39 [ultranest] [DEBUG] iteration=1137, ncalls=4618, regioncalls=165000, ndraw=40, logz=-795.99, remainder_fraction=100.0000%, Lmin=-788.98, Lmax=-707.46
13:08:39 [ultranest] [DEBUG] iteration=1138, ncalls=4627, regioncalls=165360, ndraw=40, logz=-795.84, remainder_fraction=100.0000%, Lmin=-788.55, Lmax=-707.46
13:08:40 [ultranest] [DEBUG] iteration=1139, ncalls=4639, regioncalls=165840, ndraw=40, logz=-795.64, remainder_fraction=100.0000%, Lmin=-788.41, Lmax=-707.46
13:08:40 [ultranest] [DEBUG] iteration=1140, ncalls=4651, regioncalls=166320, ndraw=40, logz=-795.46, remainder_fraction=100.0000%, Lmin=-788.37, Lmax=-707.46
13:08:40 [ultranest] [DEBUG] iteration=1141, ncalls=4655, regioncalls=166480, ndraw=40, logz=-795.29, remainder_fraction=100.0000%, Lmin=-788.29, Lmax=-707.46
13:08:40 [ultranest] [DEBUG] iteration=1142, ncalls=4664, regioncalls=166840, ndraw=40, logz=-795.14, remainder_fraction=100.0000%, Lmin=-788.22, Lmax=-707.46
13:08:41 [ultranest] [DEBUG] iteration=1143, ncalls=4669, regioncalls=167040, ndraw=40, logz=-795.00, remainder_fraction=100.0000%, Lmin=-788.13, Lmax=-707.46
13:08:41 [ultranest] [DEBUG] iteration=1144, ncalls=4682, regioncalls=167560, ndraw=40, logz=-794.87, remainder_fraction=100.0000%, Lmin=-787.63, Lmax=-707.46
13:08:42 [ultranest] [DEBUG] iteration=1145, ncalls=4692, regioncalls=167960, ndraw=40, logz=-794.69, remainder_fraction=100.0000%, Lmin=-787.63, Lmax=-707.46
13:08:42 [ultranest] [DEBUG] iteration=1146, ncalls=4695, regioncalls=168080, ndraw=40, logz=-794.53, remainder_fraction=100.0000%, Lmin=-787.47, Lmax=-707.46
13:08:42 [ultranest] [DEBUG] iteration=1148, ncalls=4702, regioncalls=168360, ndraw=40, logz=-794.24, remainder_fraction=100.0000%, Lmin=-787.41, Lmax=-707.46
13:08:42 [ultranest] [DEBUG] iteration=1149, ncalls=4708, regioncalls=168600, ndraw=40, logz=-794.11, remainder_fraction=100.0000%, Lmin=-787.28, Lmax=-707.46
13:08:43 [ultranest] [DEBUG] iteration=1151, ncalls=4717, regioncalls=168960, ndraw=40, logz=-793.87, remainder_fraction=100.0000%, Lmin=-787.20, Lmax=-707.46
13:08:43 [ultranest] [DEBUG] iteration=1152, ncalls=4728, regioncalls=169400, ndraw=40, logz=-793.76, remainder_fraction=100.0000%, Lmin=-787.16, Lmax=-707.46
13:08:43 [ultranest] [DEBUG] iteration=1154, ncalls=4737, regioncalls=169760, ndraw=40, logz=-793.57, remainder_fraction=100.0000%, Lmin=-786.95, Lmax=-707.46
13:08:44 [ultranest] [DEBUG] iteration=1155, ncalls=4743, regioncalls=170000, ndraw=40, logz=-793.46, remainder_fraction=100.0000%, Lmin=-786.68, Lmax=-707.46
13:08:44 [ultranest] [DEBUG] iteration=1156, ncalls=4748, regioncalls=170200, ndraw=40, logz=-793.35, remainder_fraction=100.0000%, Lmin=-786.57, Lmax=-707.46
13:08:44 [ultranest] [DEBUG] iteration=1157, ncalls=4750, regioncalls=170280, ndraw=40, logz=-793.23, remainder_fraction=100.0000%, Lmin=-786.52, Lmax=-707.46
13:08:44 [ultranest] [DEBUG] iteration=1159, ncalls=4755, regioncalls=170480, ndraw=40, logz=-793.01, remainder_fraction=100.0000%, Lmin=-786.36, Lmax=-707.46
13:08:44 [ultranest] [DEBUG] iteration=1161, ncalls=4757, regioncalls=170560, ndraw=40, logz=-792.80, remainder_fraction=100.0000%, Lmin=-786.15, Lmax=-707.46
13:08:45 [ultranest] [DEBUG] iteration=1162, ncalls=4765, regioncalls=170880, ndraw=40, logz=-792.70, remainder_fraction=100.0000%, Lmin=-786.15, Lmax=-707.46
13:08:45 [ultranest] [DEBUG] iteration=1163, ncalls=4768, regioncalls=171000, ndraw=40, logz=-792.61, remainder_fraction=100.0000%, Lmin=-785.92, Lmax=-707.46
13:08:45 [ultranest] [DEBUG] iteration=1164, ncalls=4782, regioncalls=171560, ndraw=40, logz=-792.50, remainder_fraction=100.0000%, Lmin=-785.74, Lmax=-707.46
13:08:46 [ultranest] [DEBUG] iteration=1165, ncalls=4791, regioncalls=171920, ndraw=40, logz=-792.39, remainder_fraction=100.0000%, Lmin=-785.58, Lmax=-707.46
13:08:46 [ultranest] [DEBUG] iteration=1166, ncalls=4796, regioncalls=172120, ndraw=40, logz=-792.27, remainder_fraction=100.0000%, Lmin=-785.40, Lmax=-707.46
13:08:47 [ultranest] [DEBUG] iteration=1167, ncalls=4831, regioncalls=173520, ndraw=40, logz=-792.14, remainder_fraction=100.0000%, Lmin=-785.31, Lmax=-707.46
13:08:47 [ultranest] [DEBUG] iteration=1169, ncalls=4839, regioncalls=173840, ndraw=40, logz=-791.89, remainder_fraction=100.0000%, Lmin=-784.99, Lmax=-707.46
13:08:48 [ultranest] [DEBUG] iteration=1170, ncalls=4846, regioncalls=174120, ndraw=40, logz=-791.77, remainder_fraction=100.0000%, Lmin=-784.57, Lmax=-707.46
13:08:48 [ultranest] [DEBUG] iteration=1171, ncalls=4851, regioncalls=174320, ndraw=40, logz=-791.60, remainder_fraction=100.0000%, Lmin=-784.38, Lmax=-707.46
13:08:48 [ultranest] [DEBUG] iteration=1172, ncalls=4853, regioncalls=174400, ndraw=40, logz=-791.43, remainder_fraction=100.0000%, Lmin=-784.29, Lmax=-707.46
13:08:49 [ultranest] [DEBUG] iteration=1173, ncalls=4885, regioncalls=175680, ndraw=40, logz=-791.27, remainder_fraction=100.0000%, Lmin=-784.25, Lmax=-707.46
13:08:49 [ultranest] [DEBUG] iteration=1175, ncalls=4896, regioncalls=176120, ndraw=40, logz=-790.99, remainder_fraction=100.0000%, Lmin=-783.94, Lmax=-707.46
13:08:50 [ultranest] [DEBUG] iteration=1176, ncalls=4901, regioncalls=176320, ndraw=40, logz=-790.85, remainder_fraction=100.0000%, Lmin=-783.91, Lmax=-707.46
13:08:50 [ultranest] [DEBUG] iteration=1177, ncalls=4919, regioncalls=177040, ndraw=40, logz=-790.72, remainder_fraction=100.0000%, Lmin=-783.88, Lmax=-707.46
13:08:51 [ultranest] [DEBUG] iteration=1179, ncalls=4931, regioncalls=177520, ndraw=40, logz=-790.49, remainder_fraction=100.0000%, Lmin=-783.79, Lmax=-707.46
13:08:51 [ultranest] [DEBUG] iteration=1180, ncalls=4937, regioncalls=177760, ndraw=40, logz=-790.39, remainder_fraction=100.0000%, Lmin=-783.68, Lmax=-707.46
13:08:51 [ultranest] [DEBUG] iteration=1181, ncalls=4950, regioncalls=178280, ndraw=40, logz=-790.28, remainder_fraction=100.0000%, Lmin=-783.11, Lmax=-707.46
13:08:52 [ultranest] [DEBUG] iteration=1183, ncalls=4958, regioncalls=178600, ndraw=40, logz=-789.97, remainder_fraction=100.0000%, Lmin=-782.89, Lmax=-707.46
13:08:52 [ultranest] [DEBUG] iteration=1184, ncalls=4969, regioncalls=179040, ndraw=40, logz=-789.82, remainder_fraction=100.0000%, Lmin=-782.59, Lmax=-707.46
13:08:53 [ultranest] [DEBUG] iteration=1185, ncalls=4978, regioncalls=179400, ndraw=40, logz=-789.66, remainder_fraction=100.0000%, Lmin=-782.42, Lmax=-707.46
13:08:54 [ultranest] [DEBUG] iteration=1187, ncalls=5003, regioncalls=180400, ndraw=40, logz=-789.32, remainder_fraction=100.0000%, Lmin=-782.16, Lmax=-707.46
13:08:54 [ultranest] [DEBUG] iteration=1188, ncalls=5025, regioncalls=181280, ndraw=40, logz=-789.16, remainder_fraction=100.0000%, Lmin=-781.95, Lmax=-707.46
13:08:54 [ultranest] [DEBUG] iteration=1189, ncalls=5027, regioncalls=181360, ndraw=40, logz=-789.00, remainder_fraction=100.0000%, Lmin=-781.87, Lmax=-707.46
13:08:55 [ultranest] [DEBUG] iteration=1190, ncalls=5033, regioncalls=181600, ndraw=40, logz=-788.85, remainder_fraction=100.0000%, Lmin=-781.59, Lmax=-707.46
13:08:55 [ultranest] [DEBUG] iteration=1191, ncalls=5038, regioncalls=181800, ndraw=40, logz=-788.68, remainder_fraction=100.0000%, Lmin=-780.83, Lmax=-707.46
13:08:55 [ultranest] [DEBUG] iteration=1192, ncalls=5046, regioncalls=182120, ndraw=40, logz=-788.39, remainder_fraction=100.0000%, Lmin=-780.82, Lmax=-707.46
13:08:56 [ultranest] [DEBUG] iteration=1194, ncalls=5058, regioncalls=182600, ndraw=40, logz=-787.98, remainder_fraction=100.0000%, Lmin=-780.65, Lmax=-707.46
13:08:56 [ultranest] [DEBUG] iteration=1195, ncalls=5066, regioncalls=182920, ndraw=40, logz=-787.80, remainder_fraction=100.0000%, Lmin=-780.60, Lmax=-707.46
13:08:56 [ultranest] [DEBUG] iteration=1196, ncalls=5079, regioncalls=183440, ndraw=40, logz=-787.64, remainder_fraction=100.0000%, Lmin=-780.51, Lmax=-707.46
13:08:57 [ultranest] [DEBUG] iteration=1198, ncalls=5085, regioncalls=183680, ndraw=40, logz=-787.36, remainder_fraction=100.0000%, Lmin=-780.46, Lmax=-707.46
13:08:57 [ultranest] [DEBUG] iteration=1199, ncalls=5090, regioncalls=183880, ndraw=40, logz=-787.24, remainder_fraction=100.0000%, Lmin=-780.35, Lmax=-707.46
13:08:57 [ultranest] [DEBUG] iteration=1200, ncalls=5100, regioncalls=184280, ndraw=40, logz=-787.13, remainder_fraction=100.0000%, Lmin=-780.34, Lmax=-707.46
13:08:58 [ultranest] [DEBUG] iteration=1201, ncalls=5107, regioncalls=184560, ndraw=40, logz=-787.02, remainder_fraction=100.0000%, Lmin=-780.03, Lmax=-707.46
13:08:59 [ultranest] [DEBUG] iteration=1202, ncalls=5136, regioncalls=185720, ndraw=40, logz=-786.89, remainder_fraction=100.0000%, Lmin=-779.79, Lmax=-707.46
13:08:59 [ultranest] [DEBUG] iteration=1205, ncalls=5139, regioncalls=185840, ndraw=40, logz=-786.50, remainder_fraction=100.0000%, Lmin=-779.74, Lmax=-707.46
13:08:59 [ultranest] [DEBUG] iteration=1206, ncalls=5142, regioncalls=185960, ndraw=40, logz=-786.40, remainder_fraction=100.0000%, Lmin=-779.19, Lmax=-707.46
13:08:59 [ultranest] [DEBUG] iteration=1207, ncalls=5145, regioncalls=186080, ndraw=40, logz=-786.24, remainder_fraction=100.0000%, Lmin=-778.94, Lmax=-707.46
13:08:59 [ultranest] [DEBUG] iteration=1210, ncalls=5150, regioncalls=186280, ndraw=40, logz=-785.75, remainder_fraction=100.0000%, Lmin=-778.35, Lmax=-707.46
13:09:00 [ultranest] [DEBUG] iteration=1212, ncalls=5181, regioncalls=187520, ndraw=40, logz=-785.37, remainder_fraction=100.0000%, Lmin=-777.93, Lmax=-707.46
13:09:01 [ultranest] [DEBUG] iteration=1214, ncalls=5191, regioncalls=187920, ndraw=40, logz=-784.99, remainder_fraction=100.0000%, Lmin=-777.70, Lmax=-707.46
13:09:01 [ultranest] [DEBUG] iteration=1215, ncalls=5196, regioncalls=188120, ndraw=40, logz=-784.82, remainder_fraction=100.0000%, Lmin=-777.66, Lmax=-707.46
13:09:01 [ultranest] [DEBUG] iteration=1216, ncalls=5201, regioncalls=188320, ndraw=40, logz=-784.68, remainder_fraction=100.0000%, Lmin=-777.34, Lmax=-707.46
13:09:01 [ultranest] [DEBUG] iteration=1217, ncalls=5206, regioncalls=188520, ndraw=40, logz=-784.51, remainder_fraction=100.0000%, Lmin=-777.00, Lmax=-707.46
13:09:02 [ultranest] [DEBUG] iteration=1218, ncalls=5221, regioncalls=189120, ndraw=40, logz=-784.31, remainder_fraction=100.0000%, Lmin=-776.42, Lmax=-707.46
13:09:02 [ultranest] [DEBUG] iteration=1220, ncalls=5225, regioncalls=189280, ndraw=40, logz=-783.77, remainder_fraction=100.0000%, Lmin=-776.03, Lmax=-707.46
13:09:03 [ultranest] [DEBUG] iteration=1221, ncalls=5240, regioncalls=189880, ndraw=40, logz=-783.52, remainder_fraction=100.0000%, Lmin=-775.90, Lmax=-707.46
13:09:03 [ultranest] [DEBUG] iteration=1222, ncalls=5258, regioncalls=190600, ndraw=40, logz=-783.30, remainder_fraction=100.0000%, Lmin=-775.77, Lmax=-707.46
13:09:04 [ultranest] [DEBUG] iteration=1223, ncalls=5268, regioncalls=191000, ndraw=40, logz=-783.10, remainder_fraction=100.0000%, Lmin=-775.64, Lmax=-707.46
13:09:04 [ultranest] [DEBUG] iteration=1224, ncalls=5282, regioncalls=191560, ndraw=40, logz=-782.91, remainder_fraction=100.0000%, Lmin=-775.25, Lmax=-707.46
13:09:04 [ultranest] [DEBUG] iteration=1225, ncalls=5284, regioncalls=191640, ndraw=40, logz=-782.68, remainder_fraction=100.0000%, Lmin=-774.68, Lmax=-707.46
13:09:05 [ultranest] [DEBUG] iteration=1227, ncalls=5307, regioncalls=192560, ndraw=40, logz=-782.13, remainder_fraction=100.0000%, Lmin=-774.47, Lmax=-707.46
13:09:06 [ultranest] [DEBUG] iteration=1228, ncalls=5315, regioncalls=192880, ndraw=40, logz=-781.91, remainder_fraction=100.0000%, Lmin=-774.33, Lmax=-707.46
13:09:06 [ultranest] [DEBUG] iteration=1229, ncalls=5330, regioncalls=193480, ndraw=40, logz=-781.70, remainder_fraction=100.0000%, Lmin=-774.31, Lmax=-707.46
13:09:06 [ultranest] [DEBUG] iteration=1230, ncalls=5338, regioncalls=193800, ndraw=40, logz=-781.52, remainder_fraction=100.0000%, Lmin=-773.88, Lmax=-707.46
13:09:07 [ultranest] [DEBUG] iteration=1231, ncalls=5341, regioncalls=193920, ndraw=40, logz=-781.30, remainder_fraction=100.0000%, Lmin=-773.62, Lmax=-707.46
13:09:07 [ultranest] [DEBUG] iteration=1233, ncalls=5343, regioncalls=194000, ndraw=40, logz=-780.85, remainder_fraction=100.0000%, Lmin=-773.26, Lmax=-707.46
13:09:07 [ultranest] [DEBUG] iteration=1234, ncalls=5356, regioncalls=194520, ndraw=40, logz=-780.64, remainder_fraction=100.0000%, Lmin=-773.07, Lmax=-707.46
13:09:09 [ultranest] [DEBUG] iteration=1236, ncalls=5390, regioncalls=195880, ndraw=40, logz=-780.20, remainder_fraction=100.0000%, Lmin=-772.49, Lmax=-707.46
13:09:09 [ultranest] [DEBUG] iteration=1237, ncalls=5397, regioncalls=196160, ndraw=40, logz=-779.97, remainder_fraction=100.0000%, Lmin=-772.28, Lmax=-707.46
13:09:09 [ultranest] [DEBUG] iteration=1238, ncalls=5402, regioncalls=196360, ndraw=40, logz=-779.74, remainder_fraction=100.0000%, Lmin=-772.21, Lmax=-707.46
13:09:09 [ultranest] [DEBUG] iteration=1239, ncalls=5404, regioncalls=196440, ndraw=40, logz=-779.55, remainder_fraction=100.0000%, Lmin=-772.18, Lmax=-707.46
13:09:09 [ultranest] [DEBUG] iteration=1240, ncalls=5412, regioncalls=196760, ndraw=40, logz=-779.38, remainder_fraction=100.0000%, Lmin=-771.95, Lmax=-707.46
13:09:10 [ultranest] [DEBUG] iteration=1241, ncalls=5423, regioncalls=197200, ndraw=40, logz=-779.20, remainder_fraction=100.0000%, Lmin=-771.89, Lmax=-707.46
13:09:10 [ultranest] [DEBUG] iteration=1242, ncalls=5432, regioncalls=197560, ndraw=40, logz=-779.04, remainder_fraction=100.0000%, Lmin=-771.80, Lmax=-707.46
13:09:11 [ultranest] [DEBUG] iteration=1243, ncalls=5436, regioncalls=197720, ndraw=40, logz=-778.89, remainder_fraction=100.0000%, Lmin=-771.67, Lmax=-707.46
13:09:11 [ultranest] [DEBUG] iteration=1245, ncalls=5445, regioncalls=198080, ndraw=40, logz=-778.61, remainder_fraction=100.0000%, Lmin=-771.57, Lmax=-707.46
13:09:12 [ultranest] [DEBUG] iteration=1246, ncalls=5473, regioncalls=199200, ndraw=40, logz=-778.49, remainder_fraction=100.0000%, Lmin=-771.48, Lmax=-707.46
13:09:12 [ultranest] [DEBUG] iteration=1247, ncalls=5477, regioncalls=199360, ndraw=40, logz=-778.37, remainder_fraction=100.0000%, Lmin=-771.27, Lmax=-707.46
13:09:12 [ultranest] [DEBUG] iteration=1249, ncalls=5479, regioncalls=199440, ndraw=40, logz=-778.10, remainder_fraction=100.0000%, Lmin=-771.00, Lmax=-707.46
13:09:12 [ultranest] [DEBUG] iteration=1250, ncalls=5485, regioncalls=199680, ndraw=40, logz=-777.97, remainder_fraction=100.0000%, Lmin=-770.81, Lmax=-707.46
13:09:13 [ultranest] [DEBUG] iteration=1251, ncalls=5491, regioncalls=199920, ndraw=40, logz=-777.84, remainder_fraction=100.0000%, Lmin=-770.75, Lmax=-707.46
13:09:13 [ultranest] [DEBUG] iteration=1252, ncalls=5507, regioncalls=200560, ndraw=40, logz=-777.71, remainder_fraction=100.0000%, Lmin=-770.68, Lmax=-707.46
13:09:14 [ultranest] [DEBUG] iteration=1253, ncalls=5511, regioncalls=200720, ndraw=40, logz=-777.59, remainder_fraction=100.0000%, Lmin=-770.56, Lmax=-707.46
13:09:15 [ultranest] [DEBUG] iteration=1254, ncalls=5537, regioncalls=201760, ndraw=40, logz=-777.47, remainder_fraction=100.0000%, Lmin=-770.24, Lmax=-707.46
13:09:15 [ultranest] [DEBUG] iteration=1255, ncalls=5541, regioncalls=201920, ndraw=40, logz=-777.33, remainder_fraction=100.0000%, Lmin=-770.06, Lmax=-707.46
13:09:15 [ultranest] [DEBUG] iteration=1256, ncalls=5546, regioncalls=202120, ndraw=40, logz=-777.18, remainder_fraction=100.0000%, Lmin=-769.85, Lmax=-707.46
13:09:15 [ultranest] [DEBUG] iteration=1257, ncalls=5549, regioncalls=202240, ndraw=40, logz=-777.03, remainder_fraction=100.0000%, Lmin=-769.73, Lmax=-707.46
13:09:15 [ultranest] [DEBUG] iteration=1259, ncalls=5553, regioncalls=202400, ndraw=40, logz=-776.68, remainder_fraction=100.0000%, Lmin=-769.24, Lmax=-707.46
13:09:16 [ultranest] [DEBUG] iteration=1260, ncalls=5569, regioncalls=203040, ndraw=40, logz=-776.51, remainder_fraction=100.0000%, Lmin=-769.02, Lmax=-707.46
13:09:17 [ultranest] [DEBUG] iteration=1261, ncalls=5586, regioncalls=203720, ndraw=40, logz=-776.33, remainder_fraction=100.0000%, Lmin=-768.43, Lmax=-707.46
13:09:17 [ultranest] [DEBUG] iteration=1262, ncalls=5603, regioncalls=204400, ndraw=40, logz=-776.08, remainder_fraction=100.0000%, Lmin=-768.32, Lmax=-707.46
13:09:18 [ultranest] [DEBUG] iteration=1264, ncalls=5614, regioncalls=204840, ndraw=40, logz=-775.65, remainder_fraction=100.0000%, Lmin=-768.00, Lmax=-707.46
13:09:18 [ultranest] [DEBUG] iteration=1266, ncalls=5628, regioncalls=205400, ndraw=40, logz=-775.28, remainder_fraction=100.0000%, Lmin=-767.98, Lmax=-707.46
13:09:19 [ultranest] [DEBUG] iteration=1267, ncalls=5657, regioncalls=206560, ndraw=40, logz=-775.13, remainder_fraction=100.0000%, Lmin=-767.81, Lmax=-707.46
13:09:20 [ultranest] [DEBUG] iteration=1268, ncalls=5677, regioncalls=207360, ndraw=40, logz=-774.98, remainder_fraction=100.0000%, Lmin=-767.78, Lmax=-707.46
13:09:20 [ultranest] [DEBUG] iteration=1270, ncalls=5680, regioncalls=207480, ndraw=40, logz=-774.72, remainder_fraction=100.0000%, Lmin=-767.70, Lmax=-707.46
13:09:21 [ultranest] [DEBUG] iteration=1272, ncalls=5700, regioncalls=208280, ndraw=40, logz=-774.50, remainder_fraction=100.0000%, Lmin=-767.54, Lmax=-707.46
13:09:21 [ultranest] [DEBUG] iteration=1273, ncalls=5709, regioncalls=208640, ndraw=40, logz=-774.40, remainder_fraction=100.0000%, Lmin=-767.39, Lmax=-707.46
13:09:22 [ultranest] [DEBUG] iteration=1274, ncalls=5724, regioncalls=209240, ndraw=40, logz=-774.28, remainder_fraction=100.0000%, Lmin=-766.93, Lmax=-707.46
13:09:24 [ultranest] [DEBUG] iteration=1275, ncalls=5774, regioncalls=211240, ndraw=40, logz=-774.13, remainder_fraction=100.0000%, Lmin=-766.73, Lmax=-707.46
13:09:24 [ultranest] [DEBUG] iteration=1276, ncalls=5781, regioncalls=211520, ndraw=40, logz=-773.97, remainder_fraction=100.0000%, Lmin=-766.50, Lmax=-707.46
13:09:25 [ultranest] [DEBUG] iteration=1277, ncalls=5790, regioncalls=211880, ndraw=40, logz=-773.80, remainder_fraction=100.0000%, Lmin=-766.39, Lmax=-707.46
13:09:25 [ultranest] [DEBUG] iteration=1279, ncalls=5794, regioncalls=212040, ndraw=40, logz=-773.48, remainder_fraction=100.0000%, Lmin=-766.13, Lmax=-707.46
13:09:25 [ultranest] [DEBUG] iteration=1280, ncalls=5806, regioncalls=212520, ndraw=40, logz=-773.33, remainder_fraction=100.0000%, Lmin=-765.89, Lmax=-707.46
13:09:26 [ultranest] [DEBUG] iteration=1282, ncalls=5819, regioncalls=213040, ndraw=40, logz=-773.02, remainder_fraction=100.0000%, Lmin=-765.66, Lmax=-707.46
13:09:26 [ultranest] [DEBUG] iteration=1283, ncalls=5822, regioncalls=213160, ndraw=40, logz=-772.87, remainder_fraction=100.0000%, Lmin=-765.66, Lmax=-707.46
13:09:26 [ultranest] [DEBUG] iteration=1286, ncalls=5832, regioncalls=213560, ndraw=40, logz=-772.43, remainder_fraction=100.0000%, Lmin=-765.01, Lmax=-707.46
13:09:26 [ultranest] [DEBUG] iteration=1287, ncalls=5837, regioncalls=213760, ndraw=40, logz=-772.27, remainder_fraction=100.0000%, Lmin=-764.96, Lmax=-707.46
13:09:27 [ultranest] [DEBUG] iteration=1288, ncalls=5853, regioncalls=214400, ndraw=40, logz=-772.13, remainder_fraction=100.0000%, Lmin=-764.94, Lmax=-707.46
13:09:27 [ultranest] [DEBUG] iteration=1290, ncalls=5860, regioncalls=214680, ndraw=40, logz=-771.87, remainder_fraction=100.0000%, Lmin=-764.76, Lmax=-707.46
13:09:27 [ultranest] [DEBUG] iteration=1291, ncalls=5869, regioncalls=215040, ndraw=40, logz=-771.76, remainder_fraction=100.0000%, Lmin=-764.70, Lmax=-707.46
13:09:27 [ultranest] [DEBUG] iteration=1292, ncalls=5876, regioncalls=215320, ndraw=40, logz=-771.64, remainder_fraction=100.0000%, Lmin=-764.59, Lmax=-707.46
13:09:29 [ultranest] [DEBUG] iteration=1295, ncalls=5915, regioncalls=216880, ndraw=40, logz=-771.32, remainder_fraction=100.0000%, Lmin=-764.42, Lmax=-707.46
13:09:29 [ultranest] [DEBUG] iteration=1297, ncalls=5919, regioncalls=217040, ndraw=40, logz=-771.14, remainder_fraction=100.0000%, Lmin=-764.05, Lmax=-707.46
13:09:29 [ultranest] [DEBUG] iteration=1298, ncalls=5927, regioncalls=217360, ndraw=40, logz=-771.03, remainder_fraction=100.0000%, Lmin=-763.99, Lmax=-707.46
13:09:30 [ultranest] [DEBUG] iteration=1299, ncalls=5930, regioncalls=217480, ndraw=40, logz=-770.92, remainder_fraction=100.0000%, Lmin=-763.49, Lmax=-707.46
13:09:30 [ultranest] [DEBUG] iteration=1300, ncalls=5949, regioncalls=218240, ndraw=40, logz=-770.76, remainder_fraction=100.0000%, Lmin=-763.35, Lmax=-707.46
13:09:31 [ultranest] [DEBUG] iteration=1302, ncalls=5962, regioncalls=218760, ndraw=40, logz=-770.45, remainder_fraction=100.0000%, Lmin=-763.09, Lmax=-707.46
13:09:32 [ultranest] [DEBUG] iteration=1303, ncalls=5982, regioncalls=219560, ndraw=40, logz=-770.31, remainder_fraction=100.0000%, Lmin=-762.98, Lmax=-707.46
13:09:32 [ultranest] [DEBUG] iteration=1304, ncalls=5995, regioncalls=220080, ndraw=40, logz=-770.17, remainder_fraction=100.0000%, Lmin=-762.89, Lmax=-707.46
13:09:33 [ultranest] [DEBUG] iteration=1305, ncalls=6015, regioncalls=220880, ndraw=40, logz=-770.04, remainder_fraction=100.0000%, Lmin=-762.49, Lmax=-707.46
13:09:33 [ultranest] [DEBUG] iteration=1306, ncalls=6021, regioncalls=221120, ndraw=40, logz=-769.87, remainder_fraction=100.0000%, Lmin=-762.33, Lmax=-707.46
13:09:34 [ultranest] [DEBUG] iteration=1307, ncalls=6029, regioncalls=221440, ndraw=40, logz=-769.70, remainder_fraction=100.0000%, Lmin=-762.16, Lmax=-707.46
13:09:34 [ultranest] [DEBUG] iteration=1308, ncalls=6033, regioncalls=221600, ndraw=40, logz=-769.53, remainder_fraction=100.0000%, Lmin=-762.10, Lmax=-707.46
13:09:34 [ultranest] [DEBUG] iteration=1310, ncalls=6039, regioncalls=221840, ndraw=40, logz=-769.24, remainder_fraction=100.0000%, Lmin=-761.75, Lmax=-707.46
13:09:35 [ultranest] [DEBUG] iteration=1311, ncalls=6067, regioncalls=222960, ndraw=40, logz=-769.08, remainder_fraction=100.0000%, Lmin=-761.69, Lmax=-707.46
13:09:35 [ultranest] [DEBUG] iteration=1312, ncalls=6070, regioncalls=223080, ndraw=40, logz=-768.94, remainder_fraction=100.0000%, Lmin=-761.65, Lmax=-707.46
13:09:36 [ultranest] [DEBUG] iteration=1313, ncalls=6086, regioncalls=223720, ndraw=40, logz=-768.80, remainder_fraction=100.0000%, Lmin=-761.61, Lmax=-707.46
13:09:37 [ultranest] [DEBUG] iteration=1314, ncalls=6108, regioncalls=224600, ndraw=40, logz=-768.68, remainder_fraction=100.0000%, Lmin=-761.60, Lmax=-707.46
13:09:37 [ultranest] [DEBUG] iteration=1316, ncalls=6115, regioncalls=224880, ndraw=40, logz=-768.46, remainder_fraction=100.0000%, Lmin=-761.20, Lmax=-707.46
13:09:38 [ultranest] [DEBUG] iteration=1317, ncalls=6131, regioncalls=225520, ndraw=40, logz=-768.33, remainder_fraction=100.0000%, Lmin=-761.16, Lmax=-707.46
13:09:38 [ultranest] [DEBUG] iteration=1318, ncalls=6143, regioncalls=226000, ndraw=40, logz=-768.21, remainder_fraction=100.0000%, Lmin=-761.15, Lmax=-707.46
13:09:39 [ultranest] [DEBUG] iteration=1319, ncalls=6150, regioncalls=226280, ndraw=40, logz=-768.11, remainder_fraction=100.0000%, Lmin=-761.03, Lmax=-707.46
13:09:39 [ultranest] [DEBUG] iteration=1320, ncalls=6158, regioncalls=226600, ndraw=40, logz=-768.00, remainder_fraction=100.0000%, Lmin=-760.78, Lmax=-707.46
13:09:40 [ultranest] [DEBUG] iteration=1321, ncalls=6175, regioncalls=227280, ndraw=40, logz=-767.88, remainder_fraction=100.0000%, Lmin=-760.61, Lmax=-707.46
13:09:40 [ultranest] [DEBUG] iteration=1322, ncalls=6177, regioncalls=227360, ndraw=40, logz=-767.75, remainder_fraction=100.0000%, Lmin=-760.51, Lmax=-707.46
13:09:40 [ultranest] [DEBUG] iteration=1323, ncalls=6183, regioncalls=227600, ndraw=40, logz=-767.63, remainder_fraction=100.0000%, Lmin=-760.50, Lmax=-707.46
13:09:40 [ultranest] [DEBUG] iteration=1326, ncalls=6193, regioncalls=228000, ndraw=40, logz=-767.26, remainder_fraction=100.0000%, Lmin=-759.98, Lmax=-707.46
13:09:41 [ultranest] [DEBUG] iteration=1328, ncalls=6212, regioncalls=228760, ndraw=40, logz=-767.02, remainder_fraction=100.0000%, Lmin=-759.87, Lmax=-707.46
13:09:41 [ultranest] [DEBUG] iteration=1329, ncalls=6215, regioncalls=228880, ndraw=40, logz=-766.91, remainder_fraction=100.0000%, Lmin=-759.73, Lmax=-707.46
13:09:42 [ultranest] [DEBUG] iteration=1330, ncalls=6221, regioncalls=229120, ndraw=40, logz=-766.79, remainder_fraction=100.0000%, Lmin=-759.73, Lmax=-707.46
13:09:42 [ultranest] [DEBUG] iteration=1331, ncalls=6228, regioncalls=229400, ndraw=40, logz=-766.69, remainder_fraction=100.0000%, Lmin=-759.65, Lmax=-707.46
13:09:42 [ultranest] [DEBUG] iteration=1332, ncalls=6232, regioncalls=229560, ndraw=40, logz=-766.59, remainder_fraction=100.0000%, Lmin=-759.31, Lmax=-707.46
13:09:43 [ultranest] [DEBUG] iteration=1333, ncalls=6242, regioncalls=229960, ndraw=40, logz=-766.47, remainder_fraction=100.0000%, Lmin=-759.30, Lmax=-707.46
13:09:43 [ultranest] [DEBUG] iteration=1334, ncalls=6245, regioncalls=230080, ndraw=40, logz=-766.35, remainder_fraction=100.0000%, Lmin=-759.28, Lmax=-707.46
13:09:43 [ultranest] [DEBUG] iteration=1336, ncalls=6259, regioncalls=230640, ndraw=40, logz=-766.15, remainder_fraction=100.0000%, Lmin=-759.15, Lmax=-707.46
13:09:44 [ultranest] [DEBUG] iteration=1337, ncalls=6268, regioncalls=231000, ndraw=40, logz=-766.06, remainder_fraction=100.0000%, Lmin=-759.15, Lmax=-707.46
13:09:44 [ultranest] [DEBUG] iteration=1338, ncalls=6285, regioncalls=231680, ndraw=40, logz=-765.97, remainder_fraction=100.0000%, Lmin=-759.04, Lmax=-707.46
13:09:45 [ultranest] [DEBUG] iteration=1339, ncalls=6291, regioncalls=231920, ndraw=40, logz=-765.88, remainder_fraction=100.0000%, Lmin=-758.98, Lmax=-707.46
13:09:45 [ultranest] [DEBUG] iteration=1340, ncalls=6302, regioncalls=232360, ndraw=40, logz=-765.80, remainder_fraction=100.0000%, Lmin=-758.81, Lmax=-707.46
13:09:45 [ultranest] [DEBUG] iteration=1341, ncalls=6308, regioncalls=232600, ndraw=40, logz=-765.70, remainder_fraction=100.0000%, Lmin=-758.75, Lmax=-707.46
13:09:46 [ultranest] [DEBUG] iteration=1342, ncalls=6323, regioncalls=233200, ndraw=40, logz=-765.61, remainder_fraction=100.0000%, Lmin=-758.71, Lmax=-707.46
13:09:46 [ultranest] [DEBUG] iteration=1343, ncalls=6328, regioncalls=233400, ndraw=40, logz=-765.53, remainder_fraction=100.0000%, Lmin=-758.50, Lmax=-707.46
13:09:46 [ultranest] [DEBUG] iteration=1344, ncalls=6337, regioncalls=233760, ndraw=40, logz=-765.43, remainder_fraction=100.0000%, Lmin=-758.43, Lmax=-707.46
13:09:47 [ultranest] [DEBUG] iteration=1345, ncalls=6350, regioncalls=234280, ndraw=40, logz=-765.34, remainder_fraction=100.0000%, Lmin=-758.33, Lmax=-707.46
13:09:47 [ultranest] [DEBUG] iteration=1346, ncalls=6354, regioncalls=234440, ndraw=40, logz=-765.25, remainder_fraction=100.0000%, Lmin=-758.27, Lmax=-707.46
13:09:47 [ultranest] [DEBUG] iteration=1347, ncalls=6358, regioncalls=234600, ndraw=40, logz=-765.16, remainder_fraction=100.0000%, Lmin=-758.25, Lmax=-707.46
13:09:47 [ultranest] [DEBUG] iteration=1348, ncalls=6365, regioncalls=234880, ndraw=40, logz=-765.07, remainder_fraction=100.0000%, Lmin=-758.01, Lmax=-707.46
13:09:48 [ultranest] [DEBUG] iteration=1349, ncalls=6368, regioncalls=235000, ndraw=40, logz=-764.97, remainder_fraction=100.0000%, Lmin=-757.81, Lmax=-707.46
13:09:48 [ultranest] [DEBUG] iteration=1350, ncalls=6377, regioncalls=235360, ndraw=40, logz=-764.87, remainder_fraction=100.0000%, Lmin=-757.75, Lmax=-707.46
13:09:49 [ultranest] [DEBUG] iteration=1351, ncalls=6399, regioncalls=236240, ndraw=40, logz=-764.76, remainder_fraction=100.0000%, Lmin=-757.72, Lmax=-707.46
13:09:50 [ultranest] [DEBUG] iteration=1352, ncalls=6409, regioncalls=236640, ndraw=40, logz=-764.67, remainder_fraction=100.0000%, Lmin=-757.72, Lmax=-707.46
13:09:50 [ultranest] [DEBUG] iteration=1353, ncalls=6411, regioncalls=236720, ndraw=40, logz=-764.58, remainder_fraction=100.0000%, Lmin=-757.70, Lmax=-707.46
13:09:50 [ultranest] [DEBUG] iteration=1354, ncalls=6421, regioncalls=237120, ndraw=40, logz=-764.50, remainder_fraction=100.0000%, Lmin=-757.63, Lmax=-707.46
13:09:50 [ultranest] [DEBUG] iteration=1355, ncalls=6426, regioncalls=237320, ndraw=40, logz=-764.42, remainder_fraction=100.0000%, Lmin=-757.55, Lmax=-707.46
13:09:51 [ultranest] [DEBUG] iteration=1356, ncalls=6439, regioncalls=237840, ndraw=40, logz=-764.34, remainder_fraction=100.0000%, Lmin=-757.50, Lmax=-707.46
13:09:51 [ultranest] [DEBUG] iteration=1357, ncalls=6442, regioncalls=237960, ndraw=40, logz=-764.26, remainder_fraction=100.0000%, Lmin=-757.47, Lmax=-707.46
13:09:51 [ultranest] [DEBUG] iteration=1358, ncalls=6452, regioncalls=238360, ndraw=40, logz=-764.19, remainder_fraction=100.0000%, Lmin=-757.40, Lmax=-707.46
13:09:52 [ultranest] [DEBUG] iteration=1359, ncalls=6459, regioncalls=238640, ndraw=40, logz=-764.12, remainder_fraction=100.0000%, Lmin=-757.37, Lmax=-707.46
13:09:52 [ultranest] [DEBUG] iteration=1360, ncalls=6463, regioncalls=238800, ndraw=40, logz=-764.05, remainder_fraction=100.0000%, Lmin=-757.09, Lmax=-707.46
13:09:52 [ultranest] [DEBUG] iteration=1361, ncalls=6466, regioncalls=238920, ndraw=40, logz=-763.96, remainder_fraction=100.0000%, Lmin=-757.08, Lmax=-707.46
13:09:52 [ultranest] [DEBUG] iteration=1363, ncalls=6469, regioncalls=239040, ndraw=40, logz=-763.80, remainder_fraction=100.0000%, Lmin=-757.03, Lmax=-707.46
13:09:52 [ultranest] [DEBUG] iteration=1364, ncalls=6473, regioncalls=239200, ndraw=40, logz=-763.73, remainder_fraction=100.0000%, Lmin=-757.02, Lmax=-707.46
13:09:52 [ultranest] [DEBUG] iteration=1365, ncalls=6479, regioncalls=239440, ndraw=40, logz=-763.67, remainder_fraction=100.0000%, Lmin=-756.65, Lmax=-707.46
13:09:53 [ultranest] [DEBUG] iteration=1366, ncalls=6484, regioncalls=239640, ndraw=40, logz=-763.58, remainder_fraction=100.0000%, Lmin=-756.42, Lmax=-707.46
13:09:53 [ultranest] [DEBUG] iteration=1367, ncalls=6486, regioncalls=239720, ndraw=40, logz=-763.47, remainder_fraction=100.0000%, Lmin=-756.12, Lmax=-707.46
13:09:53 [ultranest] [DEBUG] iteration=1368, ncalls=6501, regioncalls=240320, ndraw=40, logz=-763.35, remainder_fraction=100.0000%, Lmin=-756.05, Lmax=-707.46
13:09:53 [ultranest] [DEBUG] iteration=1370, ncalls=6505, regioncalls=240480, ndraw=40, logz=-763.11, remainder_fraction=100.0000%, Lmin=-755.77, Lmax=-707.46
13:09:54 [ultranest] [DEBUG] iteration=1371, ncalls=6514, regioncalls=240840, ndraw=40, logz=-762.99, remainder_fraction=100.0000%, Lmin=-755.77, Lmax=-707.46
13:09:54 [ultranest] [DEBUG] iteration=1372, ncalls=6525, regioncalls=241280, ndraw=40, logz=-762.88, remainder_fraction=100.0000%, Lmin=-755.73, Lmax=-707.46
13:09:55 [ultranest] [DEBUG] iteration=1373, ncalls=6532, regioncalls=241560, ndraw=40, logz=-762.78, remainder_fraction=100.0000%, Lmin=-755.73, Lmax=-707.46
13:09:55 [ultranest] [DEBUG] iteration=1375, ncalls=6549, regioncalls=242240, ndraw=40, logz=-762.60, remainder_fraction=100.0000%, Lmin=-755.66, Lmax=-707.46
13:09:56 [ultranest] [DEBUG] iteration=1376, ncalls=6570, regioncalls=243080, ndraw=40, logz=-762.52, remainder_fraction=100.0000%, Lmin=-755.44, Lmax=-707.46
13:09:57 [ultranest] [DEBUG] iteration=1378, ncalls=6583, regioncalls=243600, ndraw=40, logz=-762.33, remainder_fraction=100.0000%, Lmin=-755.15, Lmax=-707.46
13:09:57 [ultranest] [DEBUG] iteration=1379, ncalls=6599, regioncalls=244240, ndraw=40, logz=-762.23, remainder_fraction=100.0000%, Lmin=-754.97, Lmax=-707.46
13:09:58 [ultranest] [DEBUG] iteration=1381, ncalls=6606, regioncalls=244520, ndraw=40, logz=-762.02, remainder_fraction=100.0000%, Lmin=-754.91, Lmax=-707.46
13:09:58 [ultranest] [DEBUG] iteration=1382, ncalls=6623, regioncalls=245200, ndraw=40, logz=-761.92, remainder_fraction=100.0000%, Lmin=-754.80, Lmax=-707.46
13:09:59 [ultranest] [DEBUG] iteration=1383, ncalls=6634, regioncalls=245640, ndraw=40, logz=-761.83, remainder_fraction=100.0000%, Lmin=-754.79, Lmax=-707.46
13:09:59 [ultranest] [DEBUG] iteration=1384, ncalls=6639, regioncalls=245840, ndraw=40, logz=-761.74, remainder_fraction=100.0000%, Lmin=-754.64, Lmax=-707.46
13:09:59 [ultranest] [DEBUG] iteration=1385, ncalls=6645, regioncalls=246080, ndraw=40, logz=-761.65, remainder_fraction=100.0000%, Lmin=-754.63, Lmax=-707.46
13:09:59 [ultranest] [DEBUG] iteration=1386, ncalls=6653, regioncalls=246400, ndraw=40, logz=-761.56, remainder_fraction=100.0000%, Lmin=-754.48, Lmax=-707.46
13:10:00 [ultranest] [DEBUG] iteration=1387, ncalls=6655, regioncalls=246480, ndraw=40, logz=-761.47, remainder_fraction=100.0000%, Lmin=-754.40, Lmax=-707.46
13:10:00 [ultranest] [DEBUG] iteration=1389, ncalls=6660, regioncalls=246680, ndraw=40, logz=-761.30, remainder_fraction=100.0000%, Lmin=-754.19, Lmax=-707.46
13:10:00 [ultranest] [DEBUG] iteration=1391, ncalls=6668, regioncalls=247000, ndraw=40, logz=-761.12, remainder_fraction=100.0000%, Lmin=-754.09, Lmax=-707.46
13:10:01 [ultranest] [DEBUG] iteration=1392, ncalls=6704, regioncalls=248440, ndraw=40, logz=-761.03, remainder_fraction=100.0000%, Lmin=-754.06, Lmax=-707.46
13:10:01 [ultranest] [DEBUG] iteration=1393, ncalls=6707, regioncalls=248560, ndraw=40, logz=-760.95, remainder_fraction=100.0000%, Lmin=-754.05, Lmax=-707.46
13:10:02 [ultranest] [DEBUG] iteration=1394, ncalls=6721, regioncalls=249120, ndraw=40, logz=-760.88, remainder_fraction=100.0000%, Lmin=-754.04, Lmax=-707.46
13:10:02 [ultranest] [DEBUG] iteration=1395, ncalls=6724, regioncalls=249240, ndraw=40, logz=-760.81, remainder_fraction=100.0000%, Lmin=-753.78, Lmax=-707.46
13:10:03 [ultranest] [DEBUG] iteration=1396, ncalls=6746, regioncalls=250120, ndraw=40, logz=-760.72, remainder_fraction=100.0000%, Lmin=-753.76, Lmax=-707.46
13:10:03 [ultranest] [DEBUG] iteration=1397, ncalls=6754, regioncalls=250440, ndraw=40, logz=-760.64, remainder_fraction=100.0000%, Lmin=-753.68, Lmax=-707.46
13:10:04 [ultranest] [DEBUG] iteration=1398, ncalls=6767, regioncalls=250960, ndraw=40, logz=-760.56, remainder_fraction=100.0000%, Lmin=-753.62, Lmax=-707.46
13:10:04 [ultranest] [DEBUG] iteration=1399, ncalls=6777, regioncalls=251360, ndraw=40, logz=-760.49, remainder_fraction=100.0000%, Lmin=-753.39, Lmax=-707.46
13:10:04 [ultranest] [DEBUG] iteration=1400, ncalls=6780, regioncalls=251480, ndraw=40, logz=-760.40, remainder_fraction=100.0000%, Lmin=-753.32, Lmax=-707.46
13:10:05 [ultranest] [DEBUG] iteration=1401, ncalls=6794, regioncalls=252040, ndraw=40, logz=-760.31, remainder_fraction=100.0000%, Lmin=-753.23, Lmax=-707.46
13:10:06 [ultranest] [DEBUG] iteration=1402, ncalls=6814, regioncalls=252840, ndraw=40, logz=-760.22, remainder_fraction=100.0000%, Lmin=-753.23, Lmax=-707.46
13:10:07 [ultranest] [DEBUG] iteration=1403, ncalls=6845, regioncalls=254080, ndraw=40, logz=-760.14, remainder_fraction=100.0000%, Lmin=-753.21, Lmax=-707.46
13:10:07 [ultranest] [DEBUG] iteration=1405, ncalls=6848, regioncalls=254200, ndraw=40, logz=-760.00, remainder_fraction=100.0000%, Lmin=-753.15, Lmax=-707.46
13:10:08 [ultranest] [DEBUG] iteration=1406, ncalls=6858, regioncalls=254600, ndraw=40, logz=-759.93, remainder_fraction=100.0000%, Lmin=-753.10, Lmax=-707.46
13:10:08 [ultranest] [DEBUG] iteration=1407, ncalls=6871, regioncalls=255120, ndraw=40, logz=-759.86, remainder_fraction=100.0000%, Lmin=-753.07, Lmax=-707.46
13:10:10 [ultranest] [DEBUG] iteration=1409, ncalls=6911, regioncalls=256720, ndraw=40, logz=-759.73, remainder_fraction=100.0000%, Lmin=-753.04, Lmax=-707.46
13:10:10 [ultranest] [DEBUG] iteration=1410, ncalls=6930, regioncalls=257480, ndraw=40, logz=-759.67, remainder_fraction=100.0000%, Lmin=-752.82, Lmax=-707.46
13:10:11 [ultranest] [DEBUG] iteration=1411, ncalls=6946, regioncalls=258120, ndraw=40, logz=-759.60, remainder_fraction=100.0000%, Lmin=-752.80, Lmax=-707.46
13:10:12 [ultranest] [DEBUG] iteration=1412, ncalls=6962, regioncalls=258760, ndraw=40, logz=-759.54, remainder_fraction=100.0000%, Lmin=-752.71, Lmax=-707.46
13:10:12 [ultranest] [DEBUG] iteration=1413, ncalls=6966, regioncalls=258920, ndraw=40, logz=-759.47, remainder_fraction=100.0000%, Lmin=-752.62, Lmax=-707.46
13:10:13 [ultranest] [DEBUG] iteration=1414, ncalls=6982, regioncalls=259560, ndraw=40, logz=-759.40, remainder_fraction=100.0000%, Lmin=-752.48, Lmax=-707.46
13:10:14 [ultranest] [DEBUG] iteration=1415, ncalls=7013, regioncalls=260800, ndraw=40, logz=-759.33, remainder_fraction=100.0000%, Lmin=-752.37, Lmax=-707.46
13:10:14 [ultranest] [DEBUG] iteration=1416, ncalls=7019, regioncalls=261040, ndraw=40, logz=-759.25, remainder_fraction=100.0000%, Lmin=-752.33, Lmax=-707.46
13:10:14 [ultranest] [DEBUG] iteration=1417, ncalls=7021, regioncalls=261120, ndraw=40, logz=-759.18, remainder_fraction=100.0000%, Lmin=-752.31, Lmax=-707.46
13:10:15 [ultranest] [DEBUG] iteration=1418, ncalls=7036, regioncalls=261720, ndraw=40, logz=-759.11, remainder_fraction=100.0000%, Lmin=-752.27, Lmax=-707.46
13:10:15 [ultranest] [DEBUG] iteration=1419, ncalls=7048, regioncalls=262200, ndraw=40, logz=-759.05, remainder_fraction=100.0000%, Lmin=-752.21, Lmax=-707.46
13:10:16 [ultranest] [DEBUG] iteration=1420, ncalls=7063, regioncalls=262800, ndraw=40, logz=-758.98, remainder_fraction=100.0000%, Lmin=-752.08, Lmax=-707.46
13:10:16 [ultranest] [DEBUG] iteration=1421, ncalls=7067, regioncalls=262960, ndraw=40, logz=-758.91, remainder_fraction=100.0000%, Lmin=-752.06, Lmax=-707.46
13:10:16 [ultranest] [DEBUG] iteration=1422, ncalls=7072, regioncalls=263160, ndraw=40, logz=-758.84, remainder_fraction=100.0000%, Lmin=-751.96, Lmax=-707.46
13:10:17 [ultranest] [DEBUG] iteration=1423, ncalls=7078, regioncalls=263400, ndraw=40, logz=-758.77, remainder_fraction=100.0000%, Lmin=-751.88, Lmax=-707.46
13:10:17 [ultranest] [DEBUG] iteration=1424, ncalls=7092, regioncalls=263960, ndraw=40, logz=-758.70, remainder_fraction=100.0000%, Lmin=-751.88, Lmax=-707.46
13:10:17 [ultranest] [DEBUG] iteration=1425, ncalls=7095, regioncalls=264080, ndraw=40, logz=-758.64, remainder_fraction=100.0000%, Lmin=-751.74, Lmax=-707.46
13:10:18 [ultranest] [DEBUG] iteration=1427, ncalls=7101, regioncalls=264320, ndraw=40, logz=-758.50, remainder_fraction=100.0000%, Lmin=-751.69, Lmax=-707.46
13:10:19 [ultranest] [DEBUG] iteration=1428, ncalls=7128, regioncalls=265400, ndraw=40, logz=-758.44, remainder_fraction=100.0000%, Lmin=-751.52, Lmax=-707.46
13:10:20 [ultranest] [DEBUG] iteration=1430, ncalls=7158, regioncalls=266600, ndraw=40, logz=-758.30, remainder_fraction=100.0000%, Lmin=-751.42, Lmax=-707.46
13:10:20 [ultranest] [DEBUG] iteration=1432, ncalls=7161, regioncalls=266720, ndraw=40, logz=-758.15, remainder_fraction=100.0000%, Lmin=-751.16, Lmax=-707.46
13:10:20 [ultranest] [DEBUG] iteration=1433, ncalls=7170, regioncalls=267080, ndraw=40, logz=-758.08, remainder_fraction=100.0000%, Lmin=-751.12, Lmax=-707.46
13:10:21 [ultranest] [DEBUG] iteration=1434, ncalls=7174, regioncalls=267240, ndraw=40, logz=-758.01, remainder_fraction=100.0000%, Lmin=-751.10, Lmax=-707.46
13:10:21 [ultranest] [DEBUG] iteration=1435, ncalls=7178, regioncalls=267400, ndraw=40, logz=-757.94, remainder_fraction=100.0000%, Lmin=-750.95, Lmax=-707.46
13:10:21 [ultranest] [DEBUG] iteration=1436, ncalls=7180, regioncalls=267480, ndraw=40, logz=-757.86, remainder_fraction=100.0000%, Lmin=-750.76, Lmax=-707.46
13:10:21 [ultranest] [DEBUG] iteration=1437, ncalls=7182, regioncalls=267560, ndraw=40, logz=-757.78, remainder_fraction=100.0000%, Lmin=-750.60, Lmax=-707.46
13:10:21 [ultranest] [DEBUG] iteration=1438, ncalls=7188, regioncalls=267800, ndraw=40, logz=-757.69, remainder_fraction=100.0000%, Lmin=-750.59, Lmax=-707.46
13:10:22 [ultranest] [DEBUG] iteration=1439, ncalls=7199, regioncalls=268240, ndraw=40, logz=-757.61, remainder_fraction=100.0000%, Lmin=-750.44, Lmax=-707.46
13:10:22 [ultranest] [DEBUG] iteration=1440, ncalls=7202, regioncalls=268360, ndraw=40, logz=-757.52, remainder_fraction=100.0000%, Lmin=-750.35, Lmax=-707.46
13:10:22 [ultranest] [DEBUG] iteration=1442, ncalls=7208, regioncalls=268600, ndraw=40, logz=-757.35, remainder_fraction=100.0000%, Lmin=-750.07, Lmax=-707.46
13:10:22 [ultranest] [DEBUG] iteration=1443, ncalls=7209, regioncalls=268640, ndraw=40, logz=-757.26, remainder_fraction=100.0000%, Lmin=-750.01, Lmax=-707.46
13:10:23 [ultranest] [DEBUG] iteration=1444, ncalls=7223, regioncalls=269200, ndraw=40, logz=-757.16, remainder_fraction=100.0000%, Lmin=-749.99, Lmax=-707.46
13:10:24 [ultranest] [DEBUG] iteration=1445, ncalls=7254, regioncalls=270440, ndraw=40, logz=-757.08, remainder_fraction=100.0000%, Lmin=-749.83, Lmax=-707.46
13:10:24 [ultranest] [DEBUG] iteration=1446, ncalls=7257, regioncalls=270560, ndraw=40, logz=-756.98, remainder_fraction=100.0000%, Lmin=-749.83, Lmax=-707.46
13:10:24 [ultranest] [DEBUG] iteration=1447, ncalls=7261, regioncalls=270720, ndraw=40, logz=-756.90, remainder_fraction=100.0000%, Lmin=-749.78, Lmax=-707.46
13:10:24 [ultranest] [DEBUG] iteration=1448, ncalls=7264, regioncalls=270840, ndraw=40, logz=-756.82, remainder_fraction=100.0000%, Lmin=-749.73, Lmax=-707.46
13:10:24 [ultranest] [DEBUG] iteration=1449, ncalls=7266, regioncalls=270920, ndraw=40, logz=-756.74, remainder_fraction=100.0000%, Lmin=-749.16, Lmax=-707.46
13:10:25 [ultranest] [DEBUG] iteration=1450, ncalls=7278, regioncalls=271400, ndraw=40, logz=-756.61, remainder_fraction=100.0000%, Lmin=-749.04, Lmax=-707.46
13:10:25 [ultranest] [DEBUG] iteration=1452, ncalls=7280, regioncalls=271480, ndraw=40, logz=-756.37, remainder_fraction=100.0000%, Lmin=-748.93, Lmax=-707.46
13:10:26 [ultranest] [DEBUG] iteration=1453, ncalls=7304, regioncalls=272440, ndraw=40, logz=-756.27, remainder_fraction=100.0000%, Lmin=-748.91, Lmax=-707.46
13:10:26 [ultranest] [DEBUG] iteration=1454, ncalls=7313, regioncalls=272800, ndraw=40, logz=-756.16, remainder_fraction=100.0000%, Lmin=-748.86, Lmax=-707.46
13:10:27 [ultranest] [DEBUG] iteration=1456, ncalls=7320, regioncalls=273080, ndraw=40, logz=-755.98, remainder_fraction=100.0000%, Lmin=-748.81, Lmax=-707.46
13:10:28 [ultranest] [DEBUG] iteration=1458, ncalls=7349, regioncalls=274240, ndraw=40, logz=-755.82, remainder_fraction=100.0000%, Lmin=-748.71, Lmax=-707.46
13:10:28 [ultranest] [DEBUG] iteration=1459, ncalls=7359, regioncalls=274640, ndraw=40, logz=-755.74, remainder_fraction=100.0000%, Lmin=-748.69, Lmax=-707.46
13:10:28 [ultranest] [DEBUG] iteration=1460, ncalls=7361, regioncalls=274720, ndraw=40, logz=-755.66, remainder_fraction=100.0000%, Lmin=-748.67, Lmax=-707.46
13:10:30 [ultranest] [DEBUG] iteration=1462, ncalls=7385, regioncalls=275680, ndraw=40, logz=-755.52, remainder_fraction=100.0000%, Lmin=-748.55, Lmax=-707.46
13:10:30 [ultranest] [DEBUG] iteration=1464, ncalls=7392, regioncalls=275960, ndraw=40, logz=-755.38, remainder_fraction=100.0000%, Lmin=-747.94, Lmax=-707.46
13:10:30 [ultranest] [DEBUG] iteration=1466, ncalls=7395, regioncalls=276080, ndraw=40, logz=-755.15, remainder_fraction=100.0000%, Lmin=-747.56, Lmax=-707.46
13:10:31 [ultranest] [DEBUG] iteration=1467, ncalls=7406, regioncalls=276520, ndraw=40, logz=-755.03, remainder_fraction=100.0000%, Lmin=-747.39, Lmax=-707.46
13:10:31 [ultranest] [DEBUG] iteration=1468, ncalls=7415, regioncalls=276880, ndraw=40, logz=-754.90, remainder_fraction=100.0000%, Lmin=-747.38, Lmax=-707.46
13:10:31 [ultranest] [DEBUG] iteration=1469, ncalls=7430, regioncalls=277480, ndraw=40, logz=-754.79, remainder_fraction=100.0000%, Lmin=-747.37, Lmax=-707.46
13:10:32 [ultranest] [DEBUG] iteration=1470, ncalls=7439, regioncalls=277840, ndraw=40, logz=-754.68, remainder_fraction=100.0000%, Lmin=-747.32, Lmax=-707.46
13:10:32 [ultranest] [DEBUG] iteration=1471, ncalls=7442, regioncalls=277960, ndraw=40, logz=-754.59, remainder_fraction=100.0000%, Lmin=-747.16, Lmax=-707.46
13:10:32 [ultranest] [DEBUG] iteration=1473, ncalls=7447, regioncalls=278160, ndraw=40, logz=-754.38, remainder_fraction=100.0000%, Lmin=-747.07, Lmax=-707.46
13:10:32 [ultranest] [DEBUG] iteration=1474, ncalls=7454, regioncalls=278440, ndraw=40, logz=-754.29, remainder_fraction=100.0000%, Lmin=-746.81, Lmax=-707.46
13:10:32 [ultranest] [DEBUG] iteration=1475, ncalls=7458, regioncalls=278600, ndraw=40, logz=-754.18, remainder_fraction=100.0000%, Lmin=-746.80, Lmax=-707.46
13:10:33 [ultranest] [DEBUG] iteration=1476, ncalls=7462, regioncalls=278760, ndraw=40, logz=-754.09, remainder_fraction=100.0000%, Lmin=-746.77, Lmax=-707.46
13:10:33 [ultranest] [DEBUG] iteration=1477, ncalls=7478, regioncalls=279400, ndraw=40, logz=-753.99, remainder_fraction=100.0000%, Lmin=-746.76, Lmax=-707.46
13:10:34 [ultranest] [DEBUG] iteration=1478, ncalls=7488, regioncalls=279800, ndraw=40, logz=-753.91, remainder_fraction=100.0000%, Lmin=-746.63, Lmax=-707.46
13:10:34 [ultranest] [DEBUG] iteration=1479, ncalls=7509, regioncalls=280640, ndraw=40, logz=-753.82, remainder_fraction=100.0000%, Lmin=-746.59, Lmax=-707.46
13:10:35 [ultranest] [DEBUG] iteration=1480, ncalls=7520, regioncalls=281080, ndraw=40, logz=-753.74, remainder_fraction=100.0000%, Lmin=-746.54, Lmax=-707.46
13:10:35 [ultranest] [DEBUG] iteration=1481, ncalls=7524, regioncalls=281240, ndraw=40, logz=-753.66, remainder_fraction=100.0000%, Lmin=-746.52, Lmax=-707.46
13:10:35 [ultranest] [DEBUG] iteration=1482, ncalls=7530, regioncalls=281480, ndraw=40, logz=-753.58, remainder_fraction=100.0000%, Lmin=-746.47, Lmax=-707.46
13:10:36 [ultranest] [DEBUG] iteration=1483, ncalls=7535, regioncalls=281680, ndraw=40, logz=-753.51, remainder_fraction=100.0000%, Lmin=-746.42, Lmax=-707.46
13:10:36 [ultranest] [DEBUG] iteration=1484, ncalls=7546, regioncalls=282120, ndraw=40, logz=-753.43, remainder_fraction=100.0000%, Lmin=-746.31, Lmax=-707.46
13:10:38 [ultranest] [DEBUG] iteration=1486, ncalls=7588, regioncalls=283800, ndraw=40, logz=-753.29, remainder_fraction=100.0000%, Lmin=-746.04, Lmax=-707.46
13:10:39 [ultranest] [DEBUG] iteration=1487, ncalls=7607, regioncalls=284560, ndraw=40, logz=-753.20, remainder_fraction=100.0000%, Lmin=-745.94, Lmax=-707.46
13:10:39 [ultranest] [DEBUG] iteration=1488, ncalls=7617, regioncalls=284960, ndraw=40, logz=-753.12, remainder_fraction=100.0000%, Lmin=-745.78, Lmax=-707.46
13:10:39 [ultranest] [DEBUG] iteration=1489, ncalls=7620, regioncalls=285080, ndraw=40, logz=-753.03, remainder_fraction=100.0000%, Lmin=-745.76, Lmax=-707.46
13:10:40 [ultranest] [DEBUG] iteration=1490, ncalls=7642, regioncalls=285960, ndraw=40, logz=-752.94, remainder_fraction=100.0000%, Lmin=-745.38, Lmax=-707.46
13:10:40 [ultranest] [DEBUG] iteration=1491, ncalls=7651, regioncalls=286320, ndraw=40, logz=-752.83, remainder_fraction=100.0000%, Lmin=-745.30, Lmax=-707.46
13:10:43 [ultranest] [DEBUG] iteration=1492, ncalls=7728, regioncalls=289400, ndraw=40, logz=-752.72, remainder_fraction=100.0000%, Lmin=-745.16, Lmax=-707.46
13:10:44 [ultranest] [DEBUG] iteration=1493, ncalls=7752, regioncalls=290360, ndraw=40, logz=-752.61, remainder_fraction=100.0000%, Lmin=-744.95, Lmax=-707.46
13:10:45 [ultranest] [DEBUG] iteration=1495, ncalls=7757, regioncalls=290560, ndraw=40, logz=-752.38, remainder_fraction=100.0000%, Lmin=-744.68, Lmax=-707.46
13:10:45 [ultranest] [DEBUG] iteration=1496, ncalls=7762, regioncalls=290760, ndraw=40, logz=-752.25, remainder_fraction=100.0000%, Lmin=-744.67, Lmax=-707.46
13:10:45 [ultranest] [DEBUG] iteration=1497, ncalls=7765, regioncalls=290880, ndraw=40, logz=-752.14, remainder_fraction=100.0000%, Lmin=-744.54, Lmax=-707.46
13:10:45 [ultranest] [DEBUG] iteration=1498, ncalls=7775, regioncalls=291280, ndraw=40, logz=-752.03, remainder_fraction=100.0000%, Lmin=-744.29, Lmax=-707.46
13:10:46 [ultranest] [DEBUG] iteration=1499, ncalls=7782, regioncalls=291560, ndraw=40, logz=-751.90, remainder_fraction=100.0000%, Lmin=-744.24, Lmax=-707.46
13:10:46 [ultranest] [DEBUG] iteration=1501, ncalls=7787, regioncalls=291760, ndraw=40, logz=-751.64, remainder_fraction=100.0000%, Lmin=-743.91, Lmax=-707.46
13:10:46 [ultranest] [DEBUG] iteration=1502, ncalls=7798, regioncalls=292200, ndraw=40, logz=-751.51, remainder_fraction=100.0000%, Lmin=-743.83, Lmax=-707.46
13:10:47 [ultranest] [DEBUG] iteration=1503, ncalls=7805, regioncalls=292480, ndraw=40, logz=-751.39, remainder_fraction=100.0000%, Lmin=-743.72, Lmax=-707.46
13:10:47 [ultranest] [DEBUG] iteration=1504, ncalls=7808, regioncalls=292600, ndraw=40, logz=-751.27, remainder_fraction=100.0000%, Lmin=-743.59, Lmax=-707.46
13:10:47 [ultranest] [DEBUG] iteration=1505, ncalls=7821, regioncalls=293120, ndraw=40, logz=-751.15, remainder_fraction=100.0000%, Lmin=-743.37, Lmax=-707.46
13:10:47 [ultranest] [DEBUG] iteration=1506, ncalls=7824, regioncalls=293240, ndraw=40, logz=-751.01, remainder_fraction=100.0000%, Lmin=-743.37, Lmax=-707.34
13:10:48 [ultranest] [DEBUG] iteration=1507, ncalls=7836, regioncalls=293720, ndraw=40, logz=-750.90, remainder_fraction=100.0000%, Lmin=-743.28, Lmax=-707.34
13:10:48 [ultranest] [DEBUG] iteration=1508, ncalls=7842, regioncalls=293960, ndraw=40, logz=-750.78, remainder_fraction=100.0000%, Lmin=-743.26, Lmax=-707.34
13:10:48 [ultranest] [DEBUG] iteration=1510, ncalls=7848, regioncalls=294200, ndraw=40, logz=-750.58, remainder_fraction=100.0000%, Lmin=-743.16, Lmax=-707.34
13:10:49 [ultranest] [DEBUG] iteration=1511, ncalls=7868, regioncalls=295000, ndraw=40, logz=-750.49, remainder_fraction=100.0000%, Lmin=-743.08, Lmax=-707.34
13:10:49 [ultranest] [DEBUG] iteration=1512, ncalls=7871, regioncalls=295120, ndraw=40, logz=-750.40, remainder_fraction=100.0000%, Lmin=-743.05, Lmax=-707.34
13:10:50 [ultranest] [DEBUG] iteration=1514, ncalls=7883, regioncalls=295600, ndraw=40, logz=-750.22, remainder_fraction=100.0000%, Lmin=-742.88, Lmax=-707.34
13:10:50 [ultranest] [DEBUG] iteration=1515, ncalls=7898, regioncalls=296200, ndraw=40, logz=-750.13, remainder_fraction=100.0000%, Lmin=-742.77, Lmax=-707.34
13:10:51 [ultranest] [DEBUG] iteration=1516, ncalls=7915, regioncalls=296880, ndraw=40, logz=-750.04, remainder_fraction=100.0000%, Lmin=-742.69, Lmax=-707.34
13:10:53 [ultranest] [DEBUG] iteration=1518, ncalls=7962, regioncalls=298760, ndraw=40, logz=-749.87, remainder_fraction=100.0000%, Lmin=-742.57, Lmax=-707.34
13:10:54 [ultranest] [DEBUG] iteration=1519, ncalls=7982, regioncalls=299560, ndraw=40, logz=-749.79, remainder_fraction=100.0000%, Lmin=-742.53, Lmax=-707.34
13:10:55 [ultranest] [DEBUG] iteration=1520, ncalls=8006, regioncalls=300520, ndraw=40, logz=-749.71, remainder_fraction=100.0000%, Lmin=-742.51, Lmax=-707.34
13:10:55 [ultranest] [DEBUG] iteration=1521, ncalls=8018, regioncalls=301000, ndraw=40, logz=-749.64, remainder_fraction=100.0000%, Lmin=-742.42, Lmax=-707.34
13:10:56 [ultranest] [DEBUG] iteration=1522, ncalls=8038, regioncalls=301800, ndraw=40, logz=-749.56, remainder_fraction=100.0000%, Lmin=-742.29, Lmax=-707.34
13:10:56 [ultranest] [DEBUG] iteration=1523, ncalls=8042, regioncalls=301960, ndraw=40, logz=-749.49, remainder_fraction=100.0000%, Lmin=-742.27, Lmax=-707.34
13:10:57 [ultranest] [DEBUG] iteration=1525, ncalls=8051, regioncalls=302320, ndraw=40, logz=-749.33, remainder_fraction=100.0000%, Lmin=-742.11, Lmax=-707.34
13:10:57 [ultranest] [DEBUG] iteration=1526, ncalls=8057, regioncalls=302560, ndraw=40, logz=-749.26, remainder_fraction=100.0000%, Lmin=-742.02, Lmax=-707.34
13:10:58 [ultranest] [DEBUG] iteration=1528, ncalls=8082, regioncalls=303560, ndraw=40, logz=-749.11, remainder_fraction=100.0000%, Lmin=-741.92, Lmax=-707.34
13:10:58 [ultranest] [DEBUG] iteration=1529, ncalls=8086, regioncalls=303720, ndraw=40, logz=-749.03, remainder_fraction=100.0000%, Lmin=-741.73, Lmax=-707.34
13:10:58 [ultranest] [DEBUG] iteration=1531, ncalls=8093, regioncalls=304000, ndraw=40, logz=-748.88, remainder_fraction=100.0000%, Lmin=-741.56, Lmax=-707.34
13:10:59 [ultranest] [DEBUG] iteration=1532, ncalls=8106, regioncalls=304520, ndraw=40, logz=-748.80, remainder_fraction=100.0000%, Lmin=-741.44, Lmax=-707.34
13:10:59 [ultranest] [DEBUG] iteration=1533, ncalls=8120, regioncalls=305080, ndraw=40, logz=-748.72, remainder_fraction=100.0000%, Lmin=-741.30, Lmax=-707.34
13:11:00 [ultranest] [DEBUG] iteration=1534, ncalls=8125, regioncalls=305280, ndraw=40, logz=-748.63, remainder_fraction=100.0000%, Lmin=-741.25, Lmax=-707.34
13:11:00 [ultranest] [DEBUG] iteration=1535, ncalls=8128, regioncalls=305400, ndraw=40, logz=-748.54, remainder_fraction=100.0000%, Lmin=-741.20, Lmax=-707.34
13:11:00 [ultranest] [DEBUG] iteration=1536, ncalls=8144, regioncalls=306040, ndraw=40, logz=-748.46, remainder_fraction=100.0000%, Lmin=-741.19, Lmax=-707.34
13:11:01 [ultranest] [DEBUG] iteration=1537, ncalls=8156, regioncalls=306520, ndraw=40, logz=-748.39, remainder_fraction=100.0000%, Lmin=-741.12, Lmax=-707.34
13:11:02 [ultranest] [DEBUG] iteration=1538, ncalls=8177, regioncalls=307360, ndraw=40, logz=-748.31, remainder_fraction=100.0000%, Lmin=-740.92, Lmax=-707.34
13:11:03 [ultranest] [DEBUG] iteration=1539, ncalls=8197, regioncalls=308160, ndraw=40, logz=-748.22, remainder_fraction=100.0000%, Lmin=-740.91, Lmax=-707.34
13:11:03 [ultranest] [DEBUG] iteration=1540, ncalls=8205, regioncalls=308480, ndraw=40, logz=-748.15, remainder_fraction=100.0000%, Lmin=-740.82, Lmax=-707.34
13:11:03 [ultranest] [DEBUG] iteration=1541, ncalls=8212, regioncalls=308760, ndraw=40, logz=-748.07, remainder_fraction=100.0000%, Lmin=-740.77, Lmax=-707.34
13:11:04 [ultranest] [DEBUG] iteration=1542, ncalls=8233, regioncalls=309600, ndraw=40, logz=-747.99, remainder_fraction=100.0000%, Lmin=-740.74, Lmax=-707.34
13:11:04 [ultranest] [DEBUG] iteration=1543, ncalls=8237, regioncalls=309760, ndraw=40, logz=-747.92, remainder_fraction=100.0000%, Lmin=-740.70, Lmax=-707.34
13:11:05 [ultranest] [DEBUG] iteration=1544, ncalls=8272, regioncalls=311160, ndraw=40, logz=-747.85, remainder_fraction=100.0000%, Lmin=-740.67, Lmax=-707.34
13:11:07 [ultranest] [DEBUG] iteration=1545, ncalls=8298, regioncalls=312200, ndraw=40, logz=-747.78, remainder_fraction=100.0000%, Lmin=-740.65, Lmax=-707.34
13:11:08 [ultranest] [DEBUG] iteration=1546, ncalls=8322, regioncalls=313160, ndraw=40, logz=-747.71, remainder_fraction=100.0000%, Lmin=-740.61, Lmax=-707.34
13:11:09 [ultranest] [DEBUG] iteration=1547, ncalls=8348, regioncalls=314200, ndraw=40, logz=-747.65, remainder_fraction=100.0000%, Lmin=-740.50, Lmax=-707.34
13:11:11 [ultranest] [DEBUG] iteration=1548, ncalls=8409, regioncalls=316640, ndraw=40, logz=-747.58, remainder_fraction=100.0000%, Lmin=-740.49, Lmax=-707.34
13:11:12 [ultranest] [DEBUG] iteration=1549, ncalls=8417, regioncalls=316960, ndraw=40, logz=-747.52, remainder_fraction=100.0000%, Lmin=-740.36, Lmax=-707.34
13:11:12 [ultranest] [DEBUG] iteration=1551, ncalls=8420, regioncalls=317080, ndraw=40, logz=-747.39, remainder_fraction=100.0000%, Lmin=-740.29, Lmax=-707.34
13:11:13 [ultranest] [DEBUG] iteration=1552, ncalls=8442, regioncalls=317960, ndraw=40, logz=-747.33, remainder_fraction=100.0000%, Lmin=-740.28, Lmax=-707.34
13:11:13 [ultranest] [DEBUG] iteration=1554, ncalls=8459, regioncalls=318640, ndraw=40, logz=-747.21, remainder_fraction=100.0000%, Lmin=-739.92, Lmax=-707.34
13:11:14 [ultranest] [DEBUG] iteration=1556, ncalls=8473, regioncalls=319200, ndraw=40, logz=-747.06, remainder_fraction=100.0000%, Lmin=-739.75, Lmax=-707.34
13:11:15 [ultranest] [DEBUG] iteration=1557, ncalls=8518, regioncalls=321000, ndraw=40, logz=-746.98, remainder_fraction=100.0000%, Lmin=-739.73, Lmax=-707.34
13:11:16 [ultranest] [DEBUG] iteration=1558, ncalls=8527, regioncalls=321360, ndraw=40, logz=-746.91, remainder_fraction=100.0000%, Lmin=-739.55, Lmax=-707.34
13:11:16 [ultranest] [DEBUG] iteration=1559, ncalls=8533, regioncalls=321600, ndraw=40, logz=-746.83, remainder_fraction=100.0000%, Lmin=-739.44, Lmax=-707.34
13:11:17 [ultranest] [DEBUG] iteration=1560, ncalls=8559, regioncalls=322640, ndraw=40, logz=-746.75, remainder_fraction=100.0000%, Lmin=-739.44, Lmax=-707.34
13:11:18 [ultranest] [DEBUG] iteration=1561, ncalls=8582, regioncalls=323560, ndraw=40, logz=-746.68, remainder_fraction=100.0000%, Lmin=-739.39, Lmax=-707.34
13:11:19 [ultranest] [DEBUG] iteration=1562, ncalls=8594, regioncalls=324040, ndraw=40, logz=-746.60, remainder_fraction=100.0000%, Lmin=-739.33, Lmax=-707.34
13:11:19 [ultranest] [DEBUG] iteration=1564, ncalls=8604, regioncalls=324440, ndraw=40, logz=-746.46, remainder_fraction=100.0000%, Lmin=-739.27, Lmax=-707.34
13:11:19 [ultranest] [DEBUG] iteration=1565, ncalls=8610, regioncalls=324680, ndraw=40, logz=-746.40, remainder_fraction=100.0000%, Lmin=-739.26, Lmax=-707.34
13:11:21 [ultranest] [DEBUG] iteration=1567, ncalls=8662, regioncalls=326760, ndraw=40, logz=-746.28, remainder_fraction=100.0000%, Lmin=-739.17, Lmax=-707.34
13:11:21 [ultranest] [DEBUG] iteration=1568, ncalls=8666, regioncalls=326920, ndraw=40, logz=-746.21, remainder_fraction=100.0000%, Lmin=-739.16, Lmax=-707.34
13:11:22 [ultranest] [DEBUG] iteration=1569, ncalls=8673, regioncalls=327200, ndraw=40, logz=-746.16, remainder_fraction=100.0000%, Lmin=-739.06, Lmax=-707.34
13:11:22 [ultranest] [DEBUG] iteration=1570, ncalls=8679, regioncalls=327440, ndraw=40, logz=-746.10, remainder_fraction=100.0000%, Lmin=-738.77, Lmax=-707.34
13:11:22 [ultranest] [DEBUG] iteration=1571, ncalls=8686, regioncalls=327720, ndraw=40, logz=-746.02, remainder_fraction=100.0000%, Lmin=-738.74, Lmax=-707.34
13:11:22 [ultranest] [DEBUG] iteration=1572, ncalls=8694, regioncalls=328040, ndraw=40, logz=-745.95, remainder_fraction=100.0000%, Lmin=-738.60, Lmax=-707.34
13:11:23 [ultranest] [DEBUG] iteration=1573, ncalls=8704, regioncalls=328440, ndraw=40, logz=-745.88, remainder_fraction=100.0000%, Lmin=-738.57, Lmax=-707.34
13:11:23 [ultranest] [DEBUG] iteration=1574, ncalls=8710, regioncalls=328680, ndraw=40, logz=-745.81, remainder_fraction=100.0000%, Lmin=-738.56, Lmax=-707.34
13:11:24 [ultranest] [DEBUG] iteration=1575, ncalls=8738, regioncalls=329800, ndraw=40, logz=-745.74, remainder_fraction=100.0000%, Lmin=-738.42, Lmax=-707.34
13:11:25 [ultranest] [DEBUG] iteration=1576, ncalls=8772, regioncalls=331160, ndraw=40, logz=-745.67, remainder_fraction=100.0000%, Lmin=-738.28, Lmax=-707.34
13:11:26 [ultranest] [DEBUG] iteration=1577, ncalls=8775, regioncalls=331280, ndraw=40, logz=-745.59, remainder_fraction=100.0000%, Lmin=-738.24, Lmax=-707.34
13:11:27 [ultranest] [DEBUG] iteration=1578, ncalls=8809, regioncalls=332640, ndraw=40, logz=-745.51, remainder_fraction=100.0000%, Lmin=-738.08, Lmax=-707.34
13:11:28 [ultranest] [DEBUG] iteration=1579, ncalls=8827, regioncalls=333360, ndraw=40, logz=-745.43, remainder_fraction=100.0000%, Lmin=-738.06, Lmax=-707.34
13:11:28 [ultranest] [DEBUG] iteration=1580, ncalls=8846, regioncalls=334120, ndraw=40, logz=-745.36, remainder_fraction=100.0000%, Lmin=-738.04, Lmax=-707.34
13:11:29 [ultranest] [DEBUG] iteration=1582, ncalls=8863, regioncalls=334800, ndraw=40, logz=-745.22, remainder_fraction=100.0000%, Lmin=-737.98, Lmax=-707.34
13:11:29 [ultranest] [DEBUG] iteration=1583, ncalls=8869, regioncalls=335040, ndraw=40, logz=-745.15, remainder_fraction=100.0000%, Lmin=-737.97, Lmax=-707.34
13:11:30 [ultranest] [DEBUG] iteration=1584, ncalls=8888, regioncalls=335800, ndraw=40, logz=-745.09, remainder_fraction=100.0000%, Lmin=-737.85, Lmax=-707.34
13:11:32 [ultranest] [DEBUG] iteration=1585, ncalls=8921, regioncalls=337120, ndraw=40, logz=-745.02, remainder_fraction=100.0000%, Lmin=-737.82, Lmax=-707.34
13:11:32 [ultranest] [DEBUG] iteration=1586, ncalls=8940, regioncalls=337880, ndraw=40, logz=-744.96, remainder_fraction=100.0000%, Lmin=-737.74, Lmax=-707.34
13:11:33 [ultranest] [DEBUG] iteration=1588, ncalls=8953, regioncalls=338400, ndraw=40, logz=-744.83, remainder_fraction=100.0000%, Lmin=-737.64, Lmax=-707.34
13:11:33 [ultranest] [DEBUG] iteration=1589, ncalls=8967, regioncalls=338960, ndraw=40, logz=-744.77, remainder_fraction=100.0000%, Lmin=-737.63, Lmax=-707.34
13:11:36 [ultranest] [DEBUG] iteration=1590, ncalls=9020, regioncalls=341080, ndraw=40, logz=-744.71, remainder_fraction=100.0000%, Lmin=-737.52, Lmax=-707.34
13:11:38 [ultranest] [DEBUG] iteration=1592, ncalls=9057, regioncalls=342560, ndraw=40, logz=-744.59, remainder_fraction=100.0000%, Lmin=-737.46, Lmax=-707.34
13:11:39 [ultranest] [DEBUG] iteration=1594, ncalls=9078, regioncalls=343400, ndraw=40, logz=-744.48, remainder_fraction=100.0000%, Lmin=-737.42, Lmax=-707.34
13:11:39 [ultranest] [DEBUG] iteration=1595, ncalls=9083, regioncalls=343600, ndraw=40, logz=-744.42, remainder_fraction=100.0000%, Lmin=-737.38, Lmax=-707.34
13:11:40 [ultranest] [DEBUG] iteration=1596, ncalls=9102, regioncalls=344360, ndraw=40, logz=-744.37, remainder_fraction=100.0000%, Lmin=-737.31, Lmax=-707.34
13:11:40 [ultranest] [DEBUG] iteration=1598, ncalls=9111, regioncalls=344720, ndraw=40, logz=-744.26, remainder_fraction=100.0000%, Lmin=-737.19, Lmax=-707.34
13:11:40 [ultranest] [DEBUG] iteration=1599, ncalls=9113, regioncalls=344800, ndraw=40, logz=-744.21, remainder_fraction=100.0000%, Lmin=-737.17, Lmax=-707.34
13:11:41 [ultranest] [DEBUG] iteration=1600, ncalls=9130, regioncalls=345480, ndraw=40, logz=-744.15, remainder_fraction=100.0000%, Lmin=-737.04, Lmax=-707.34
13:11:42 [ultranest] [DEBUG] iteration=1601, ncalls=9153, regioncalls=346400, ndraw=40, logz=-744.10, remainder_fraction=100.0000%, Lmin=-736.95, Lmax=-707.34
13:11:42 [ultranest] [DEBUG] iteration=1602, ncalls=9162, regioncalls=346760, ndraw=40, logz=-744.04, remainder_fraction=100.0000%, Lmin=-736.93, Lmax=-707.34
13:11:43 [ultranest] [DEBUG] iteration=1603, ncalls=9179, regioncalls=347440, ndraw=40, logz=-743.99, remainder_fraction=100.0000%, Lmin=-736.92, Lmax=-707.34
13:11:44 [ultranest] [DEBUG] iteration=1604, ncalls=9203, regioncalls=348400, ndraw=40, logz=-743.93, remainder_fraction=100.0000%, Lmin=-736.88, Lmax=-707.34
13:11:45 [ultranest] [DEBUG] iteration=1605, ncalls=9226, regioncalls=349320, ndraw=40, logz=-743.88, remainder_fraction=100.0000%, Lmin=-736.84, Lmax=-707.34
13:11:46 [ultranest] [DEBUG] iteration=1606, ncalls=9248, regioncalls=350200, ndraw=40, logz=-743.83, remainder_fraction=100.0000%, Lmin=-736.82, Lmax=-707.34
13:11:47 [ultranest] [DEBUG] iteration=1607, ncalls=9268, regioncalls=351000, ndraw=40, logz=-743.78, remainder_fraction=100.0000%, Lmin=-736.75, Lmax=-707.34
13:11:47 [ultranest] [DEBUG] iteration=1608, ncalls=9270, regioncalls=351080, ndraw=40, logz=-743.73, remainder_fraction=100.0000%, Lmin=-736.73, Lmax=-707.34
13:11:48 [ultranest] [DEBUG] iteration=1609, ncalls=9303, regioncalls=352400, ndraw=40, logz=-743.68, remainder_fraction=100.0000%, Lmin=-736.72, Lmax=-707.34
13:11:48 [ultranest] [DEBUG] iteration=1610, ncalls=9307, regioncalls=352560, ndraw=40, logz=-743.63, remainder_fraction=100.0000%, Lmin=-736.56, Lmax=-707.34
13:11:49 [ultranest] [DEBUG] iteration=1611, ncalls=9322, regioncalls=353160, ndraw=40, logz=-743.58, remainder_fraction=100.0000%, Lmin=-736.49, Lmax=-707.34
13:11:49 [ultranest] [DEBUG] iteration=1612, ncalls=9327, regioncalls=353360, ndraw=40, logz=-743.53, remainder_fraction=100.0000%, Lmin=-736.47, Lmax=-707.34
13:11:50 [ultranest] [DEBUG] iteration=1613, ncalls=9337, regioncalls=353760, ndraw=40, logz=-743.48, remainder_fraction=100.0000%, Lmin=-736.38, Lmax=-707.34
13:11:50 [ultranest] [DEBUG] iteration=1614, ncalls=9343, regioncalls=354000, ndraw=40, logz=-743.42, remainder_fraction=100.0000%, Lmin=-736.37, Lmax=-707.34
13:11:52 [ultranest] [DEBUG] iteration=1615, ncalls=9380, regioncalls=355480, ndraw=40, logz=-743.37, remainder_fraction=100.0000%, Lmin=-736.36, Lmax=-707.34
13:11:52 [ultranest] [DEBUG] iteration=1616, ncalls=9385, regioncalls=355680, ndraw=40, logz=-743.32, remainder_fraction=100.0000%, Lmin=-736.34, Lmax=-707.34
13:11:52 [ultranest] [DEBUG] iteration=1617, ncalls=9387, regioncalls=355760, ndraw=40, logz=-743.27, remainder_fraction=100.0000%, Lmin=-736.24, Lmax=-707.34
13:11:54 [ultranest] [DEBUG] iteration=1618, ncalls=9428, regioncalls=357400, ndraw=40, logz=-743.23, remainder_fraction=100.0000%, Lmin=-736.15, Lmax=-707.34
13:11:55 [ultranest] [DEBUG] iteration=1619, ncalls=9447, regioncalls=358160, ndraw=40, logz=-743.17, remainder_fraction=100.0000%, Lmin=-736.02, Lmax=-707.34
13:11:55 [ultranest] [DEBUG] iteration=1620, ncalls=9454, regioncalls=358440, ndraw=40, logz=-743.12, remainder_fraction=100.0000%, Lmin=-735.90, Lmax=-707.34
13:11:56 [ultranest] [DEBUG] iteration=1621, ncalls=9480, regioncalls=359480, ndraw=40, logz=-743.06, remainder_fraction=100.0000%, Lmin=-735.77, Lmax=-707.34
13:11:57 [ultranest] [DEBUG] iteration=1622, ncalls=9487, regioncalls=359760, ndraw=40, logz=-743.00, remainder_fraction=100.0000%, Lmin=-735.73, Lmax=-707.34
13:11:57 [ultranest] [DEBUG] iteration=1623, ncalls=9494, regioncalls=360040, ndraw=40, logz=-742.94, remainder_fraction=100.0000%, Lmin=-735.69, Lmax=-707.34
13:11:57 [ultranest] [DEBUG] iteration=1624, ncalls=9500, regioncalls=360280, ndraw=40, logz=-742.88, remainder_fraction=100.0000%, Lmin=-735.54, Lmax=-707.34
13:12:02 [ultranest] [DEBUG] iteration=1625, ncalls=9595, regioncalls=364080, ndraw=40, logz=-742.81, remainder_fraction=100.0000%, Lmin=-735.51, Lmax=-707.34
13:12:02 [ultranest] [DEBUG] iteration=1626, ncalls=9610, regioncalls=364680, ndraw=40, logz=-742.75, remainder_fraction=100.0000%, Lmin=-735.50, Lmax=-707.34
13:12:04 [ultranest] [DEBUG] iteration=1627, ncalls=9641, regioncalls=365920, ndraw=40, logz=-742.69, remainder_fraction=100.0000%, Lmin=-735.48, Lmax=-707.34
13:12:04 [ultranest] [DEBUG] iteration=1628, ncalls=9655, regioncalls=366480, ndraw=40, logz=-742.63, remainder_fraction=100.0000%, Lmin=-735.42, Lmax=-707.34
13:12:05 [ultranest] [DEBUG] iteration=1629, ncalls=9662, regioncalls=366760, ndraw=40, logz=-742.57, remainder_fraction=100.0000%, Lmin=-735.41, Lmax=-707.34
13:12:05 [ultranest] [DEBUG] iteration=1630, ncalls=9681, regioncalls=367520, ndraw=40, logz=-742.52, remainder_fraction=100.0000%, Lmin=-735.39, Lmax=-707.34
13:12:07 [ultranest] [DEBUG] iteration=1631, ncalls=9709, regioncalls=368640, ndraw=40, logz=-742.46, remainder_fraction=100.0000%, Lmin=-735.38, Lmax=-707.34
13:12:07 [ultranest] [DEBUG] iteration=1632, ncalls=9723, regioncalls=369200, ndraw=40, logz=-742.41, remainder_fraction=100.0000%, Lmin=-735.34, Lmax=-707.34
13:12:08 [ultranest] [DEBUG] iteration=1633, ncalls=9728, regioncalls=369400, ndraw=40, logz=-742.36, remainder_fraction=100.0000%, Lmin=-735.29, Lmax=-707.34
13:12:08 [ultranest] [DEBUG] iteration=1634, ncalls=9735, regioncalls=369680, ndraw=40, logz=-742.31, remainder_fraction=100.0000%, Lmin=-735.29, Lmax=-707.34
13:12:08 [ultranest] [DEBUG] iteration=1635, ncalls=9737, regioncalls=369760, ndraw=40, logz=-742.27, remainder_fraction=100.0000%, Lmin=-735.17, Lmax=-707.34
13:12:08 [ultranest] [DEBUG] iteration=1637, ncalls=9739, regioncalls=369840, ndraw=40, logz=-742.16, remainder_fraction=100.0000%, Lmin=-735.02, Lmax=-707.34
13:12:08 [ultranest] [DEBUG] iteration=1638, ncalls=9742, regioncalls=369960, ndraw=40, logz=-742.11, remainder_fraction=100.0000%, Lmin=-735.00, Lmax=-707.34
13:12:08 [ultranest] [DEBUG] iteration=1640, ncalls=9746, regioncalls=370120, ndraw=40, logz=-742.01, remainder_fraction=100.0000%, Lmin=-734.96, Lmax=-707.34
13:12:09 [ultranest] [DEBUG] iteration=1641, ncalls=9768, regioncalls=371000, ndraw=40, logz=-741.96, remainder_fraction=100.0000%, Lmin=-734.94, Lmax=-707.34
13:12:10 [ultranest] [DEBUG] iteration=1642, ncalls=9786, regioncalls=371720, ndraw=40, logz=-741.92, remainder_fraction=100.0000%, Lmin=-734.83, Lmax=-707.34
13:12:11 [ultranest] [DEBUG] iteration=1644, ncalls=9815, regioncalls=372880, ndraw=40, logz=-741.82, remainder_fraction=100.0000%, Lmin=-734.61, Lmax=-707.34
13:12:11 [ultranest] [DEBUG] iteration=1645, ncalls=9824, regioncalls=373240, ndraw=40, logz=-741.77, remainder_fraction=100.0000%, Lmin=-734.55, Lmax=-707.34
13:12:12 [ultranest] [DEBUG] iteration=1646, ncalls=9829, regioncalls=373440, ndraw=40, logz=-741.71, remainder_fraction=100.0000%, Lmin=-734.54, Lmax=-707.34
13:12:12 [ultranest] [DEBUG] iteration=1647, ncalls=9831, regioncalls=373520, ndraw=40, logz=-741.66, remainder_fraction=100.0000%, Lmin=-734.49, Lmax=-707.34
13:12:13 [ultranest] [DEBUG] iteration=1648, ncalls=9870, regioncalls=375080, ndraw=40, logz=-741.60, remainder_fraction=100.0000%, Lmin=-734.48, Lmax=-707.34
13:12:14 [ultranest] [DEBUG] iteration=1649, ncalls=9886, regioncalls=375720, ndraw=40, logz=-741.55, remainder_fraction=100.0000%, Lmin=-734.39, Lmax=-707.34
13:12:14 [ultranest] [DEBUG] iteration=1650, ncalls=9893, regioncalls=376000, ndraw=40, logz=-741.50, remainder_fraction=100.0000%, Lmin=-734.38, Lmax=-707.34
13:12:15 [ultranest] [DEBUG] iteration=1651, ncalls=9920, regioncalls=377080, ndraw=40, logz=-741.45, remainder_fraction=100.0000%, Lmin=-734.37, Lmax=-707.34
13:12:18 [ultranest] [DEBUG] iteration=1652, ncalls=9981, regioncalls=379520, ndraw=40, logz=-741.40, remainder_fraction=100.0000%, Lmin=-734.36, Lmax=-707.34
13:12:22 [ultranest] [DEBUG] iteration=1653, ncalls=10076, regioncalls=383320, ndraw=40, logz=-741.36, remainder_fraction=100.0000%, Lmin=-734.35, Lmax=-707.34
13:12:23 [ultranest] [DEBUG] iteration=1654, ncalls=10102, regioncalls=384360, ndraw=40, logz=-741.31, remainder_fraction=100.0000%, Lmin=-734.35, Lmax=-707.34
13:12:23 [ultranest] [DEBUG] iteration=1655, ncalls=10108, regioncalls=384600, ndraw=40, logz=-741.27, remainder_fraction=100.0000%, Lmin=-734.26, Lmax=-707.34
13:12:24 [ultranest] [DEBUG] iteration=1656, ncalls=10140, regioncalls=385880, ndraw=40, logz=-741.23, remainder_fraction=100.0000%, Lmin=-734.15, Lmax=-707.34
13:12:24 [ultranest] [DEBUG] iteration=1657, ncalls=10145, regioncalls=386080, ndraw=40, logz=-741.18, remainder_fraction=100.0000%, Lmin=-734.13, Lmax=-707.34
13:12:25 [ultranest] [DEBUG] iteration=1658, ncalls=10159, regioncalls=386640, ndraw=40, logz=-741.13, remainder_fraction=100.0000%, Lmin=-734.10, Lmax=-707.34
13:12:26 [ultranest] [DEBUG] iteration=1659, ncalls=10178, regioncalls=387400, ndraw=40, logz=-741.09, remainder_fraction=100.0000%, Lmin=-733.85, Lmax=-707.34
13:12:27 [ultranest] [DEBUG] iteration=1660, ncalls=10198, regioncalls=388200, ndraw=40, logz=-741.03, remainder_fraction=100.0000%, Lmin=-733.83, Lmax=-707.34
13:12:28 [ultranest] [DEBUG] iteration=1661, ncalls=10251, regioncalls=390320, ndraw=40, logz=-740.98, remainder_fraction=100.0000%, Lmin=-733.78, Lmax=-707.34
13:12:29 [ultranest] [DEBUG] iteration=1662, ncalls=10257, regioncalls=390560, ndraw=40, logz=-740.93, remainder_fraction=100.0000%, Lmin=-733.60, Lmax=-707.34
13:12:31 [ultranest] [DEBUG] iteration=1663, ncalls=10309, regioncalls=392640, ndraw=40, logz=-740.87, remainder_fraction=100.0000%, Lmin=-733.60, Lmax=-707.34
13:12:31 [ultranest] [DEBUG] iteration=1664, ncalls=10320, regioncalls=393080, ndraw=40, logz=-740.81, remainder_fraction=100.0000%, Lmin=-733.51, Lmax=-707.34
13:12:32 [ultranest] [DEBUG] iteration=1665, ncalls=10330, regioncalls=393480, ndraw=40, logz=-740.76, remainder_fraction=100.0000%, Lmin=-733.49, Lmax=-707.34
13:12:32 [ultranest] [DEBUG] iteration=1666, ncalls=10332, regioncalls=393560, ndraw=40, logz=-740.70, remainder_fraction=100.0000%, Lmin=-733.43, Lmax=-707.34
13:12:32 [ultranest] [DEBUG] iteration=1667, ncalls=10338, regioncalls=393800, ndraw=40, logz=-740.65, remainder_fraction=100.0000%, Lmin=-733.36, Lmax=-707.34
13:12:34 [ultranest] [DEBUG] iteration=1668, ncalls=10391, regioncalls=395920, ndraw=40, logz=-740.59, remainder_fraction=100.0000%, Lmin=-733.36, Lmax=-707.34
13:12:35 [ultranest] [DEBUG] iteration=1669, ncalls=10410, regioncalls=396680, ndraw=40, logz=-740.54, remainder_fraction=100.0000%, Lmin=-733.36, Lmax=-707.34
13:12:35 [ultranest] [DEBUG] iteration=1670, ncalls=10429, regioncalls=397440, ndraw=40, logz=-740.49, remainder_fraction=100.0000%, Lmin=-733.23, Lmax=-707.34
13:12:36 [ultranest] [DEBUG] iteration=1671, ncalls=10451, regioncalls=398320, ndraw=40, logz=-740.43, remainder_fraction=100.0000%, Lmin=-733.19, Lmax=-707.34
13:12:37 [ultranest] [DEBUG] iteration=1672, ncalls=10459, regioncalls=398640, ndraw=40, logz=-740.38, remainder_fraction=100.0000%, Lmin=-733.18, Lmax=-707.34
13:12:39 [ultranest] [DEBUG] iteration=1673, ncalls=10515, regioncalls=400880, ndraw=40, logz=-740.33, remainder_fraction=100.0000%, Lmin=-733.16, Lmax=-707.34
13:12:40 [ultranest] [DEBUG] iteration=1674, ncalls=10528, regioncalls=401400, ndraw=40, logz=-740.28, remainder_fraction=100.0000%, Lmin=-733.08, Lmax=-707.34
13:12:40 [ultranest] [DEBUG] iteration=1675, ncalls=10535, regioncalls=401680, ndraw=40, logz=-740.23, remainder_fraction=100.0000%, Lmin=-733.07, Lmax=-707.34
13:12:40 [ultranest] [DEBUG] iteration=1677, ncalls=10546, regioncalls=402120, ndraw=40, logz=-740.13, remainder_fraction=100.0000%, Lmin=-733.00, Lmax=-707.34
13:12:41 [ultranest] [DEBUG] iteration=1678, ncalls=10568, regioncalls=403000, ndraw=40, logz=-740.08, remainder_fraction=100.0000%, Lmin=-732.99, Lmax=-707.34
13:12:42 [ultranest] [DEBUG] iteration=1679, ncalls=10588, regioncalls=403800, ndraw=40, logz=-740.04, remainder_fraction=100.0000%, Lmin=-732.95, Lmax=-707.34
13:12:43 [ultranest] [DEBUG] iteration=1680, ncalls=10601, regioncalls=404320, ndraw=40, logz=-739.99, remainder_fraction=100.0000%, Lmin=-732.95, Lmax=-707.34
13:12:43 [ultranest] [DEBUG] iteration=1681, ncalls=10614, regioncalls=404840, ndraw=40, logz=-739.95, remainder_fraction=100.0000%, Lmin=-732.91, Lmax=-707.34
13:12:44 [ultranest] [DEBUG] iteration=1682, ncalls=10619, regioncalls=405040, ndraw=40, logz=-739.91, remainder_fraction=100.0000%, Lmin=-732.90, Lmax=-707.34
13:12:45 [ultranest] [DEBUG] iteration=1683, ncalls=10640, regioncalls=405880, ndraw=40, logz=-739.87, remainder_fraction=100.0000%, Lmin=-732.90, Lmax=-707.34
13:12:47 [ultranest] [DEBUG] iteration=1684, ncalls=10684, regioncalls=407640, ndraw=40, logz=-739.83, remainder_fraction=100.0000%, Lmin=-732.82, Lmax=-707.34
13:12:48 [ultranest] [DEBUG] iteration=1685, ncalls=10717, regioncalls=408960, ndraw=40, logz=-739.78, remainder_fraction=100.0000%, Lmin=-732.76, Lmax=-707.34
13:12:48 [ultranest] [DEBUG] iteration=1686, ncalls=10720, regioncalls=409080, ndraw=40, logz=-739.74, remainder_fraction=100.0000%, Lmin=-732.60, Lmax=-707.34
13:12:49 [ultranest] [DEBUG] iteration=1687, ncalls=10733, regioncalls=409600, ndraw=40, logz=-739.70, remainder_fraction=100.0000%, Lmin=-732.55, Lmax=-707.34
13:12:49 [ultranest] [DEBUG] iteration=1689, ncalls=10745, regioncalls=410080, ndraw=40, logz=-739.60, remainder_fraction=100.0000%, Lmin=-732.47, Lmax=-707.34
13:12:51 [ultranest] [DEBUG] iteration=1690, ncalls=10793, regioncalls=412000, ndraw=40, logz=-739.56, remainder_fraction=100.0000%, Lmin=-732.46, Lmax=-707.34
13:12:52 [ultranest] [DEBUG] iteration=1691, ncalls=10808, regioncalls=412600, ndraw=40, logz=-739.51, remainder_fraction=100.0000%, Lmin=-732.45, Lmax=-707.34
13:12:52 [ultranest] [DEBUG] iteration=1692, ncalls=10819, regioncalls=413040, ndraw=40, logz=-739.47, remainder_fraction=100.0000%, Lmin=-732.38, Lmax=-707.34
13:12:56 [ultranest] [DEBUG] iteration=1693, ncalls=10921, regioncalls=417120, ndraw=40, logz=-739.43, remainder_fraction=100.0000%, Lmin=-732.28, Lmax=-707.34
13:12:57 [ultranest] [DEBUG] iteration=1694, ncalls=10937, regioncalls=417760, ndraw=40, logz=-739.38, remainder_fraction=100.0000%, Lmin=-732.21, Lmax=-707.34
13:12:59 [ultranest] [DEBUG] iteration=1695, ncalls=11000, regioncalls=420280, ndraw=40, logz=-739.33, remainder_fraction=100.0000%, Lmin=-732.09, Lmax=-707.34
13:13:00 [ultranest] [DEBUG] iteration=1696, ncalls=11011, regioncalls=420720, ndraw=40, logz=-739.28, remainder_fraction=100.0000%, Lmin=-732.04, Lmax=-707.34
13:13:00 [ultranest] [DEBUG] iteration=1697, ncalls=11020, regioncalls=421080, ndraw=40, logz=-739.23, remainder_fraction=100.0000%, Lmin=-732.03, Lmax=-707.34
13:13:02 [ultranest] [DEBUG] iteration=1698, ncalls=11059, regioncalls=422640, ndraw=40, logz=-739.18, remainder_fraction=100.0000%, Lmin=-732.03, Lmax=-707.34
13:13:04 [ultranest] [DEBUG] iteration=1699, ncalls=11109, regioncalls=424640, ndraw=40, logz=-739.14, remainder_fraction=100.0000%, Lmin=-732.02, Lmax=-707.34
13:13:06 [ultranest] [DEBUG] iteration=1701, ncalls=11157, regioncalls=426560, ndraw=40, logz=-739.05, remainder_fraction=100.0000%, Lmin=-731.97, Lmax=-707.34
13:13:06 [ultranest] [DEBUG] iteration=1702, ncalls=11166, regioncalls=426920, ndraw=40, logz=-739.01, remainder_fraction=100.0000%, Lmin=-731.95, Lmax=-707.34
13:13:06 [ultranest] [DEBUG] iteration=1703, ncalls=11175, regioncalls=427280, ndraw=40, logz=-738.97, remainder_fraction=100.0000%, Lmin=-731.90, Lmax=-707.34
13:13:07 [ultranest] [DEBUG] iteration=1704, ncalls=11180, regioncalls=427480, ndraw=40, logz=-738.93, remainder_fraction=100.0000%, Lmin=-731.84, Lmax=-707.34
13:13:08 [ultranest] [DEBUG] iteration=1705, ncalls=11203, regioncalls=428400, ndraw=40, logz=-738.88, remainder_fraction=100.0000%, Lmin=-731.75, Lmax=-707.34
13:13:08 [ultranest] [DEBUG] iteration=1706, ncalls=11208, regioncalls=428600, ndraw=40, logz=-738.84, remainder_fraction=100.0000%, Lmin=-731.73, Lmax=-707.34
13:13:08 [ultranest] [DEBUG] iteration=1707, ncalls=11210, regioncalls=428680, ndraw=40, logz=-738.80, remainder_fraction=100.0000%, Lmin=-731.65, Lmax=-707.34
13:13:08 [ultranest] [DEBUG] iteration=1708, ncalls=11215, regioncalls=428880, ndraw=40, logz=-738.75, remainder_fraction=100.0000%, Lmin=-731.65, Lmax=-706.87
13:13:09 [ultranest] [DEBUG] iteration=1709, ncalls=11228, regioncalls=429400, ndraw=40, logz=-738.71, remainder_fraction=100.0000%, Lmin=-731.43, Lmax=-706.87
13:13:09 [ultranest] [DEBUG] iteration=1710, ncalls=11240, regioncalls=429880, ndraw=40, logz=-738.66, remainder_fraction=100.0000%, Lmin=-731.40, Lmax=-706.87
13:13:09 [ultranest] [DEBUG] iteration=1711, ncalls=11245, regioncalls=430080, ndraw=40, logz=-738.61, remainder_fraction=100.0000%, Lmin=-731.37, Lmax=-706.87
13:13:10 [ultranest] [DEBUG] iteration=1712, ncalls=11254, regioncalls=430440, ndraw=40, logz=-738.56, remainder_fraction=100.0000%, Lmin=-731.32, Lmax=-706.87
13:13:10 [ultranest] [DEBUG] iteration=1713, ncalls=11261, regioncalls=430720, ndraw=40, logz=-738.51, remainder_fraction=100.0000%, Lmin=-731.31, Lmax=-706.87
13:13:11 [ultranest] [DEBUG] iteration=1714, ncalls=11270, regioncalls=431080, ndraw=40, logz=-738.47, remainder_fraction=100.0000%, Lmin=-731.27, Lmax=-706.87
13:13:11 [ultranest] [DEBUG] iteration=1715, ncalls=11284, regioncalls=431640, ndraw=40, logz=-738.42, remainder_fraction=100.0000%, Lmin=-731.17, Lmax=-706.87
13:13:12 [ultranest] [DEBUG] iteration=1716, ncalls=11297, regioncalls=432160, ndraw=40, logz=-738.37, remainder_fraction=100.0000%, Lmin=-731.16, Lmax=-706.87
13:13:12 [ultranest] [DEBUG] iteration=1717, ncalls=11303, regioncalls=432400, ndraw=40, logz=-738.33, remainder_fraction=100.0000%, Lmin=-731.14, Lmax=-706.87
13:13:12 [ultranest] [DEBUG] iteration=1718, ncalls=11311, regioncalls=432720, ndraw=40, logz=-738.28, remainder_fraction=100.0000%, Lmin=-731.09, Lmax=-706.87
13:13:15 [ultranest] [DEBUG] iteration=1720, ncalls=11376, regioncalls=435320, ndraw=40, logz=-738.19, remainder_fraction=100.0000%, Lmin=-730.98, Lmax=-706.87
13:13:20 [ultranest] [DEBUG] iteration=1721, ncalls=11510, regioncalls=440680, ndraw=40, logz=-738.14, remainder_fraction=100.0000%, Lmin=-730.87, Lmax=-706.87
13:13:21 [ultranest] [DEBUG] iteration=1722, ncalls=11512, regioncalls=440760, ndraw=40, logz=-738.09, remainder_fraction=100.0000%, Lmin=-730.80, Lmax=-706.87
13:13:22 [ultranest] [DEBUG] iteration=1723, ncalls=11547, regioncalls=442160, ndraw=40, logz=-738.04, remainder_fraction=100.0000%, Lmin=-730.80, Lmax=-706.87
13:13:23 [ultranest] [DEBUG] iteration=1724, ncalls=11580, regioncalls=443480, ndraw=40, logz=-738.00, remainder_fraction=100.0000%, Lmin=-730.79, Lmax=-706.87
13:13:25 [ultranest] [DEBUG] iteration=1725, ncalls=11622, regioncalls=445160, ndraw=40, logz=-737.95, remainder_fraction=100.0000%, Lmin=-730.70, Lmax=-706.87
13:13:26 [ultranest] [DEBUG] iteration=1726, ncalls=11652, regioncalls=446360, ndraw=40, logz=-737.91, remainder_fraction=100.0000%, Lmin=-730.65, Lmax=-706.87
13:13:26 [ultranest] [DEBUG] iteration=1727, ncalls=11658, regioncalls=446600, ndraw=40, logz=-737.86, remainder_fraction=100.0000%, Lmin=-730.60, Lmax=-706.87
13:13:27 [ultranest] [DEBUG] iteration=1728, ncalls=11682, regioncalls=447560, ndraw=40, logz=-737.81, remainder_fraction=100.0000%, Lmin=-730.56, Lmax=-706.87
13:13:28 [ultranest] [DEBUG] iteration=1729, ncalls=11692, regioncalls=447960, ndraw=40, logz=-737.76, remainder_fraction=100.0000%, Lmin=-730.55, Lmax=-706.87
13:13:28 [ultranest] [DEBUG] iteration=1730, ncalls=11703, regioncalls=448400, ndraw=40, logz=-737.72, remainder_fraction=100.0000%, Lmin=-730.55, Lmax=-706.87
13:13:29 [ultranest] [DEBUG] iteration=1731, ncalls=11722, regioncalls=449160, ndraw=40, logz=-737.68, remainder_fraction=100.0000%, Lmin=-730.50, Lmax=-706.87
13:13:29 [ultranest] [DEBUG] iteration=1732, ncalls=11729, regioncalls=449440, ndraw=40, logz=-737.63, remainder_fraction=100.0000%, Lmin=-730.45, Lmax=-706.87
13:13:30 [ultranest] [DEBUG] iteration=1733, ncalls=11752, regioncalls=450360, ndraw=40, logz=-737.59, remainder_fraction=100.0000%, Lmin=-730.41, Lmax=-706.87
13:13:31 [ultranest] [DEBUG] iteration=1734, ncalls=11768, regioncalls=451000, ndraw=40, logz=-737.55, remainder_fraction=100.0000%, Lmin=-730.35, Lmax=-706.87
13:13:32 [ultranest] [DEBUG] iteration=1735, ncalls=11801, regioncalls=452320, ndraw=40, logz=-737.50, remainder_fraction=100.0000%, Lmin=-730.32, Lmax=-706.87
13:13:33 [ultranest] [DEBUG] iteration=1737, ncalls=11824, regioncalls=453240, ndraw=40, logz=-737.42, remainder_fraction=100.0000%, Lmin=-730.25, Lmax=-706.87
13:13:35 [ultranest] [DEBUG] iteration=1738, ncalls=11865, regioncalls=454880, ndraw=40, logz=-737.38, remainder_fraction=100.0000%, Lmin=-730.24, Lmax=-706.87
13:13:35 [ultranest] [DEBUG] iteration=1739, ncalls=11876, regioncalls=455320, ndraw=40, logz=-737.33, remainder_fraction=100.0000%, Lmin=-730.22, Lmax=-706.87
13:13:37 [ultranest] [DEBUG] iteration=1740, ncalls=11914, regioncalls=456840, ndraw=40, logz=-737.30, remainder_fraction=100.0000%, Lmin=-730.16, Lmax=-706.87
13:13:37 [ultranest] [DEBUG] iteration=1741, ncalls=11926, regioncalls=457320, ndraw=40, logz=-737.25, remainder_fraction=100.0000%, Lmin=-730.14, Lmax=-706.87
13:13:38 [ultranest] [DEBUG] iteration=1742, ncalls=11938, regioncalls=457800, ndraw=40, logz=-737.21, remainder_fraction=100.0000%, Lmin=-730.13, Lmax=-706.87
13:13:38 [ultranest] [DEBUG] iteration=1743, ncalls=11950, regioncalls=458280, ndraw=40, logz=-737.18, remainder_fraction=100.0000%, Lmin=-730.13, Lmax=-706.87
13:13:39 [ultranest] [DEBUG] iteration=1744, ncalls=11968, regioncalls=459000, ndraw=40, logz=-737.14, remainder_fraction=100.0000%, Lmin=-730.08, Lmax=-706.87
13:13:40 [ultranest] [DEBUG] iteration=1745, ncalls=11985, regioncalls=459680, ndraw=40, logz=-737.10, remainder_fraction=100.0000%, Lmin=-730.06, Lmax=-706.87
13:13:41 [ultranest] [DEBUG] iteration=1746, ncalls=12016, regioncalls=460920, ndraw=40, logz=-737.07, remainder_fraction=100.0000%, Lmin=-730.06, Lmax=-706.87
13:13:43 [ultranest] [DEBUG] iteration=1747, ncalls=12056, regioncalls=462520, ndraw=40, logz=-737.03, remainder_fraction=100.0000%, Lmin=-730.04, Lmax=-706.87
13:13:43 [ultranest] [DEBUG] iteration=1748, ncalls=12059, regioncalls=462640, ndraw=40, logz=-737.00, remainder_fraction=100.0000%, Lmin=-730.03, Lmax=-706.87
13:13:43 [ultranest] [DEBUG] iteration=1749, ncalls=12067, regioncalls=462960, ndraw=40, logz=-736.96, remainder_fraction=100.0000%, Lmin=-729.99, Lmax=-706.87
13:13:44 [ultranest] [DEBUG] iteration=1750, ncalls=12080, regioncalls=463480, ndraw=40, logz=-736.93, remainder_fraction=100.0000%, Lmin=-729.95, Lmax=-706.87
13:13:44 [ultranest] [DEBUG] iteration=1751, ncalls=12095, regioncalls=464080, ndraw=40, logz=-736.89, remainder_fraction=100.0000%, Lmin=-729.92, Lmax=-706.87
13:13:45 [ultranest] [DEBUG] iteration=1752, ncalls=12098, regioncalls=464200, ndraw=40, logz=-736.86, remainder_fraction=100.0000%, Lmin=-729.86, Lmax=-706.87
13:13:46 [ultranest] [DEBUG] iteration=1753, ncalls=12132, regioncalls=465560, ndraw=40, logz=-736.83, remainder_fraction=100.0000%, Lmin=-729.85, Lmax=-706.87
13:13:46 [ultranest] [DEBUG] iteration=1754, ncalls=12139, regioncalls=465840, ndraw=40, logz=-736.79, remainder_fraction=100.0000%, Lmin=-729.85, Lmax=-706.87
13:13:47 [ultranest] [DEBUG] iteration=1755, ncalls=12146, regioncalls=466120, ndraw=40, logz=-736.76, remainder_fraction=100.0000%, Lmin=-729.83, Lmax=-706.87
13:13:48 [ultranest] [DEBUG] iteration=1756, ncalls=12168, regioncalls=467000, ndraw=40, logz=-736.73, remainder_fraction=100.0000%, Lmin=-729.80, Lmax=-706.87
13:13:48 [ultranest] [DEBUG] iteration=1757, ncalls=12175, regioncalls=467280, ndraw=40, logz=-736.70, remainder_fraction=100.0000%, Lmin=-729.77, Lmax=-706.87
13:13:49 [ultranest] [DEBUG] iteration=1758, ncalls=12187, regioncalls=467760, ndraw=40, logz=-736.66, remainder_fraction=100.0000%, Lmin=-729.74, Lmax=-706.87
13:13:50 [ultranest] [DEBUG] iteration=1759, ncalls=12229, regioncalls=469440, ndraw=40, logz=-736.63, remainder_fraction=100.0000%, Lmin=-729.73, Lmax=-706.87
13:13:51 [ultranest] [DEBUG] iteration=1760, ncalls=12246, regioncalls=470120, ndraw=40, logz=-736.60, remainder_fraction=100.0000%, Lmin=-729.73, Lmax=-706.87
13:13:53 [ultranest] [DEBUG] iteration=1761, ncalls=12291, regioncalls=471920, ndraw=40, logz=-736.57, remainder_fraction=100.0000%, Lmin=-729.70, Lmax=-706.87
13:13:53 [ultranest] [DEBUG] iteration=1762, ncalls=12305, regioncalls=472480, ndraw=40, logz=-736.54, remainder_fraction=100.0000%, Lmin=-729.70, Lmax=-706.87
13:13:53 [ultranest] [DEBUG] iteration=1763, ncalls=12311, regioncalls=472720, ndraw=40, logz=-736.51, remainder_fraction=100.0000%, Lmin=-729.68, Lmax=-706.87
13:13:54 [ultranest] [DEBUG] iteration=1764, ncalls=12314, regioncalls=472840, ndraw=40, logz=-736.48, remainder_fraction=100.0000%, Lmin=-729.68, Lmax=-706.87
13:13:55 [ultranest] [DEBUG] iteration=1765, ncalls=12337, regioncalls=473760, ndraw=40, logz=-736.46, remainder_fraction=100.0000%, Lmin=-729.66, Lmax=-706.87
13:13:56 [ultranest] [DEBUG] iteration=1766, ncalls=12361, regioncalls=474720, ndraw=40, logz=-736.43, remainder_fraction=100.0000%, Lmin=-729.66, Lmax=-706.87
13:13:56 [ultranest] [DEBUG] iteration=1767, ncalls=12367, regioncalls=474960, ndraw=40, logz=-736.40, remainder_fraction=100.0000%, Lmin=-729.65, Lmax=-706.87
13:13:57 [ultranest] [DEBUG] iteration=1768, ncalls=12380, regioncalls=475480, ndraw=40, logz=-736.38, remainder_fraction=100.0000%, Lmin=-729.58, Lmax=-706.87
13:13:57 [ultranest] [DEBUG] iteration=1769, ncalls=12393, regioncalls=476000, ndraw=40, logz=-736.35, remainder_fraction=100.0000%, Lmin=-729.56, Lmax=-706.87
13:13:58 [ultranest] [DEBUG] iteration=1770, ncalls=12426, regioncalls=477320, ndraw=40, logz=-736.32, remainder_fraction=100.0000%, Lmin=-729.54, Lmax=-706.87
13:13:59 [ultranest] [DEBUG] iteration=1771, ncalls=12433, regioncalls=477600, ndraw=40, logz=-736.30, remainder_fraction=100.0000%, Lmin=-729.54, Lmax=-706.87
13:13:59 [ultranest] [DEBUG] iteration=1772, ncalls=12436, regioncalls=477720, ndraw=40, logz=-736.27, remainder_fraction=100.0000%, Lmin=-729.53, Lmax=-706.87
13:13:59 [ultranest] [DEBUG] iteration=1773, ncalls=12439, regioncalls=477840, ndraw=40, logz=-736.24, remainder_fraction=100.0000%, Lmin=-729.51, Lmax=-706.87
13:14:00 [ultranest] [DEBUG] iteration=1774, ncalls=12463, regioncalls=478800, ndraw=40, logz=-736.22, remainder_fraction=100.0000%, Lmin=-729.46, Lmax=-706.87
13:14:02 [ultranest] [DEBUG] iteration=1775, ncalls=12497, regioncalls=480160, ndraw=40, logz=-736.19, remainder_fraction=100.0000%, Lmin=-729.43, Lmax=-706.87
13:14:02 [ultranest] [DEBUG] iteration=1776, ncalls=12499, regioncalls=480240, ndraw=40, logz=-736.17, remainder_fraction=100.0000%, Lmin=-729.43, Lmax=-706.87
13:14:03 [ultranest] [DEBUG] iteration=1777, ncalls=12532, regioncalls=481560, ndraw=40, logz=-736.14, remainder_fraction=100.0000%, Lmin=-729.35, Lmax=-706.87
13:14:05 [ultranest] [DEBUG] iteration=1778, ncalls=12570, regioncalls=483080, ndraw=40, logz=-736.12, remainder_fraction=100.0000%, Lmin=-729.35, Lmax=-706.87
13:14:06 [ultranest] [DEBUG] iteration=1779, ncalls=12599, regioncalls=484240, ndraw=40, logz=-736.09, remainder_fraction=100.0000%, Lmin=-729.31, Lmax=-706.87
13:14:09 [ultranest] [DEBUG] iteration=1780, ncalls=12658, regioncalls=486600, ndraw=40, logz=-736.06, remainder_fraction=100.0000%, Lmin=-729.29, Lmax=-706.87
13:14:11 [ultranest] [DEBUG] iteration=1781, ncalls=12692, regioncalls=487960, ndraw=40, logz=-736.04, remainder_fraction=100.0000%, Lmin=-729.28, Lmax=-706.87
13:14:13 [ultranest] [DEBUG] iteration=1782, ncalls=12717, regioncalls=488960, ndraw=40, logz=-736.01, remainder_fraction=100.0000%, Lmin=-729.24, Lmax=-706.87
13:14:15 [ultranest] [DEBUG] iteration=1783, ncalls=12767, regioncalls=490960, ndraw=40, logz=-735.99, remainder_fraction=100.0000%, Lmin=-729.23, Lmax=-706.87
13:14:16 [ultranest] [DEBUG] iteration=1784, ncalls=12787, regioncalls=491760, ndraw=40, logz=-735.96, remainder_fraction=100.0000%, Lmin=-729.22, Lmax=-706.87
13:14:17 [ultranest] [DEBUG] iteration=1785, ncalls=12806, regioncalls=492520, ndraw=40, logz=-735.94, remainder_fraction=100.0000%, Lmin=-729.15, Lmax=-706.87
13:14:17 [ultranest] [DEBUG] iteration=1786, ncalls=12820, regioncalls=493080, ndraw=40, logz=-735.91, remainder_fraction=100.0000%, Lmin=-729.13, Lmax=-706.87
13:14:20 [ultranest] [DEBUG] iteration=1787, ncalls=12898, regioncalls=496200, ndraw=40, logz=-735.89, remainder_fraction=100.0000%, Lmin=-729.09, Lmax=-706.87
13:14:20 [ultranest] [DEBUG] iteration=1788, ncalls=12905, regioncalls=496480, ndraw=40, logz=-735.86, remainder_fraction=100.0000%, Lmin=-729.02, Lmax=-706.87
13:14:23 [ultranest] [DEBUG] iteration=1789, ncalls=12983, regioncalls=499600, ndraw=40, logz=-735.83, remainder_fraction=100.0000%, Lmin=-728.97, Lmax=-706.87
13:14:25 [ultranest] [DEBUG] iteration=1790, ncalls=13018, regioncalls=501000, ndraw=40, logz=-735.81, remainder_fraction=100.0000%, Lmin=-728.97, Lmax=-706.87
13:14:25 [ultranest] [DEBUG] iteration=1791, ncalls=13032, regioncalls=501560, ndraw=40, logz=-735.78, remainder_fraction=100.0000%, Lmin=-728.96, Lmax=-706.87
13:14:27 [ultranest] [DEBUG] iteration=1792, ncalls=13065, regioncalls=502880, ndraw=40, logz=-735.75, remainder_fraction=100.0000%, Lmin=-728.92, Lmax=-706.87
13:14:27 [ultranest] [DEBUG] iteration=1794, ncalls=13078, regioncalls=503400, ndraw=40, logz=-735.70, remainder_fraction=100.0000%, Lmin=-728.89, Lmax=-706.87
13:14:28 [ultranest] [DEBUG] iteration=1795, ncalls=13096, regioncalls=504120, ndraw=40, logz=-735.67, remainder_fraction=100.0000%, Lmin=-728.86, Lmax=-706.87
13:14:29 [ultranest] [DEBUG] iteration=1796, ncalls=13118, regioncalls=505000, ndraw=40, logz=-735.65, remainder_fraction=100.0000%, Lmin=-728.76, Lmax=-706.87
13:14:29 [ultranest] [DEBUG] iteration=1797, ncalls=13125, regioncalls=505280, ndraw=40, logz=-735.62, remainder_fraction=100.0000%, Lmin=-728.75, Lmax=-706.87
13:14:31 [ultranest] [DEBUG] iteration=1798, ncalls=13167, regioncalls=506960, ndraw=40, logz=-735.59, remainder_fraction=100.0000%, Lmin=-728.75, Lmax=-706.87
13:14:31 [ultranest] [DEBUG] iteration=1799, ncalls=13171, regioncalls=507120, ndraw=40, logz=-735.57, remainder_fraction=100.0000%, Lmin=-728.66, Lmax=-706.87
13:14:31 [ultranest] [DEBUG] iteration=1800, ncalls=13181, regioncalls=507520, ndraw=40, logz=-735.54, remainder_fraction=100.0000%, Lmin=-728.56, Lmax=-706.87
13:14:32 [ultranest] [DEBUG] iteration=1801, ncalls=13202, regioncalls=508360, ndraw=40, logz=-735.51, remainder_fraction=100.0000%, Lmin=-728.54, Lmax=-706.87
13:14:33 [ultranest] [DEBUG] iteration=1802, ncalls=13208, regioncalls=508600, ndraw=40, logz=-735.48, remainder_fraction=100.0000%, Lmin=-728.53, Lmax=-706.87
13:14:33 [ultranest] [DEBUG] iteration=1803, ncalls=13224, regioncalls=509240, ndraw=40, logz=-735.45, remainder_fraction=100.0000%, Lmin=-728.47, Lmax=-706.87
13:14:34 [ultranest] [DEBUG] iteration=1804, ncalls=13234, regioncalls=509640, ndraw=40, logz=-735.42, remainder_fraction=100.0000%, Lmin=-728.40, Lmax=-706.87
13:14:34 [ultranest] [DEBUG] iteration=1805, ncalls=13240, regioncalls=509880, ndraw=40, logz=-735.39, remainder_fraction=100.0000%, Lmin=-728.39, Lmax=-706.87
13:14:36 [ultranest] [DEBUG] iteration=1806, ncalls=13285, regioncalls=511680, ndraw=40, logz=-735.36, remainder_fraction=100.0000%, Lmin=-728.37, Lmax=-706.87
13:14:36 [ultranest] [DEBUG] iteration=1807, ncalls=13300, regioncalls=512280, ndraw=40, logz=-735.33, remainder_fraction=100.0000%, Lmin=-728.31, Lmax=-706.87
13:14:38 [ultranest] [DEBUG] iteration=1808, ncalls=13346, regioncalls=514120, ndraw=40, logz=-735.30, remainder_fraction=100.0000%, Lmin=-728.28, Lmax=-706.87
13:14:40 [ultranest] [DEBUG] iteration=1810, ncalls=13382, regioncalls=515560, ndraw=40, logz=-735.24, remainder_fraction=100.0000%, Lmin=-728.22, Lmax=-706.87
13:14:41 [ultranest] [DEBUG] iteration=1811, ncalls=13398, regioncalls=516200, ndraw=40, logz=-735.21, remainder_fraction=100.0000%, Lmin=-728.20, Lmax=-706.87
13:14:41 [ultranest] [DEBUG] iteration=1813, ncalls=13406, regioncalls=516520, ndraw=40, logz=-735.15, remainder_fraction=100.0000%, Lmin=-728.18, Lmax=-706.87
13:14:42 [ultranest] [DEBUG] iteration=1814, ncalls=13420, regioncalls=517080, ndraw=40, logz=-735.12, remainder_fraction=100.0000%, Lmin=-728.15, Lmax=-706.87
13:14:42 [ultranest] [DEBUG] iteration=1815, ncalls=13426, regioncalls=517320, ndraw=40, logz=-735.09, remainder_fraction=100.0000%, Lmin=-728.13, Lmax=-706.87
13:14:42 [ultranest] [DEBUG] iteration=1816, ncalls=13441, regioncalls=517920, ndraw=40, logz=-735.06, remainder_fraction=100.0000%, Lmin=-728.12, Lmax=-706.87
13:14:43 [ultranest] [DEBUG] iteration=1817, ncalls=13445, regioncalls=518080, ndraw=40, logz=-735.03, remainder_fraction=100.0000%, Lmin=-728.10, Lmax=-706.87
13:14:43 [ultranest] [DEBUG] iteration=1818, ncalls=13454, regioncalls=518440, ndraw=40, logz=-735.01, remainder_fraction=100.0000%, Lmin=-728.07, Lmax=-706.87
13:14:43 [ultranest] [DEBUG] iteration=1819, ncalls=13462, regioncalls=518760, ndraw=40, logz=-734.98, remainder_fraction=100.0000%, Lmin=-728.05, Lmax=-706.87
13:14:43 [ultranest] [DEBUG] iteration=1820, ncalls=13465, regioncalls=518880, ndraw=40, logz=-734.95, remainder_fraction=100.0000%, Lmin=-727.97, Lmax=-706.87
13:14:44 [ultranest] [DEBUG] iteration=1821, ncalls=13485, regioncalls=519680, ndraw=40, logz=-734.92, remainder_fraction=100.0000%, Lmin=-727.96, Lmax=-706.87
13:14:45 [ultranest] [DEBUG] iteration=1823, ncalls=13498, regioncalls=520200, ndraw=40, logz=-734.87, remainder_fraction=100.0000%, Lmin=-727.92, Lmax=-706.87
13:14:45 [ultranest] [DEBUG] iteration=1825, ncalls=13513, regioncalls=520800, ndraw=40, logz=-734.81, remainder_fraction=100.0000%, Lmin=-727.81, Lmax=-706.87
13:14:46 [ultranest] [DEBUG] iteration=1826, ncalls=13521, regioncalls=521120, ndraw=40, logz=-734.78, remainder_fraction=100.0000%, Lmin=-727.66, Lmax=-706.87
13:14:46 [ultranest] [DEBUG] iteration=1827, ncalls=13533, regioncalls=521600, ndraw=40, logz=-734.75, remainder_fraction=100.0000%, Lmin=-727.65, Lmax=-706.87
13:14:47 [ultranest] [DEBUG] iteration=1828, ncalls=13537, regioncalls=521760, ndraw=40, logz=-734.72, remainder_fraction=100.0000%, Lmin=-727.62, Lmax=-706.87
13:14:47 [ultranest] [DEBUG] iteration=1829, ncalls=13557, regioncalls=522560, ndraw=40, logz=-734.69, remainder_fraction=100.0000%, Lmin=-727.61, Lmax=-706.87
13:14:48 [ultranest] [DEBUG] iteration=1830, ncalls=13569, regioncalls=523040, ndraw=40, logz=-734.66, remainder_fraction=100.0000%, Lmin=-727.61, Lmax=-706.87
13:14:48 [ultranest] [DEBUG] iteration=1831, ncalls=13579, regioncalls=523440, ndraw=40, logz=-734.63, remainder_fraction=100.0000%, Lmin=-727.56, Lmax=-706.87
13:14:48 [ultranest] [DEBUG] iteration=1832, ncalls=13584, regioncalls=523640, ndraw=40, logz=-734.60, remainder_fraction=100.0000%, Lmin=-727.54, Lmax=-706.87
13:14:49 [ultranest] [DEBUG] iteration=1833, ncalls=13595, regioncalls=524080, ndraw=40, logz=-734.57, remainder_fraction=100.0000%, Lmin=-727.54, Lmax=-706.87
13:14:49 [ultranest] [DEBUG] iteration=1835, ncalls=13607, regioncalls=524560, ndraw=40, logz=-734.51, remainder_fraction=100.0000%, Lmin=-727.46, Lmax=-706.87
13:14:49 [ultranest] [DEBUG] iteration=1836, ncalls=13611, regioncalls=524720, ndraw=40, logz=-734.48, remainder_fraction=100.0000%, Lmin=-727.43, Lmax=-706.87
13:14:51 [ultranest] [DEBUG] iteration=1837, ncalls=13651, regioncalls=526320, ndraw=40, logz=-734.45, remainder_fraction=100.0000%, Lmin=-727.42, Lmax=-706.87
13:14:51 [ultranest] [DEBUG] iteration=1838, ncalls=13655, regioncalls=526480, ndraw=40, logz=-734.42, remainder_fraction=100.0000%, Lmin=-727.40, Lmax=-706.87
13:14:52 [ultranest] [DEBUG] iteration=1839, ncalls=13670, regioncalls=527080, ndraw=40, logz=-734.39, remainder_fraction=100.0000%, Lmin=-727.38, Lmax=-706.87
13:14:53 [ultranest] [DEBUG] iteration=1840, ncalls=13691, regioncalls=527920, ndraw=40, logz=-734.36, remainder_fraction=100.0000%, Lmin=-727.38, Lmax=-706.87
13:14:55 [ultranest] [DEBUG] iteration=1841, ncalls=13740, regioncalls=529880, ndraw=40, logz=-734.34, remainder_fraction=100.0000%, Lmin=-727.37, Lmax=-706.87
13:14:56 [ultranest] [DEBUG] iteration=1842, ncalls=13778, regioncalls=531400, ndraw=40, logz=-734.31, remainder_fraction=100.0000%, Lmin=-727.37, Lmax=-706.87
13:14:57 [ultranest] [DEBUG] iteration=1844, ncalls=13785, regioncalls=531680, ndraw=40, logz=-734.26, remainder_fraction=100.0000%, Lmin=-727.32, Lmax=-706.87
13:14:57 [ultranest] [DEBUG] iteration=1845, ncalls=13792, regioncalls=531960, ndraw=40, logz=-734.23, remainder_fraction=100.0000%, Lmin=-727.30, Lmax=-706.87
13:14:57 [ultranest] [DEBUG] iteration=1846, ncalls=13797, regioncalls=532160, ndraw=40, logz=-734.21, remainder_fraction=100.0000%, Lmin=-727.20, Lmax=-706.87
13:15:00 [ultranest] [DEBUG] iteration=1847, ncalls=13866, regioncalls=534920, ndraw=40, logz=-734.18, remainder_fraction=100.0000%, Lmin=-727.19, Lmax=-706.87
13:15:03 [ultranest] [DEBUG] iteration=1848, ncalls=13935, regioncalls=537680, ndraw=40, logz=-734.15, remainder_fraction=100.0000%, Lmin=-727.09, Lmax=-706.87
13:15:04 [ultranest] [DEBUG] iteration=1850, ncalls=13952, regioncalls=538360, ndraw=40, logz=-734.09, remainder_fraction=100.0000%, Lmin=-727.08, Lmax=-706.87
13:15:04 [ultranest] [DEBUG] iteration=1851, ncalls=13956, regioncalls=538520, ndraw=40, logz=-734.07, remainder_fraction=100.0000%, Lmin=-727.08, Lmax=-706.87
13:15:05 [ultranest] [DEBUG] iteration=1852, ncalls=13973, regioncalls=539200, ndraw=40, logz=-734.04, remainder_fraction=100.0000%, Lmin=-727.06, Lmax=-706.87
13:15:06 [ultranest] [DEBUG] iteration=1853, ncalls=13984, regioncalls=539640, ndraw=40, logz=-734.01, remainder_fraction=100.0000%, Lmin=-727.05, Lmax=-706.87
13:15:06 [ultranest] [DEBUG] iteration=1855, ncalls=14002, regioncalls=540360, ndraw=40, logz=-733.96, remainder_fraction=100.0000%, Lmin=-727.02, Lmax=-706.87
13:15:07 [ultranest] [DEBUG] iteration=1856, ncalls=14016, regioncalls=540920, ndraw=40, logz=-733.94, remainder_fraction=100.0000%, Lmin=-726.92, Lmax=-706.87
13:15:07 [ultranest] [DEBUG] iteration=1857, ncalls=14027, regioncalls=541360, ndraw=40, logz=-733.91, remainder_fraction=100.0000%, Lmin=-726.89, Lmax=-706.87
13:15:10 [ultranest] [DEBUG] iteration=1858, ncalls=14081, regioncalls=543520, ndraw=40, logz=-733.88, remainder_fraction=100.0000%, Lmin=-726.87, Lmax=-706.87
13:15:11 [ultranest] [DEBUG] iteration=1859, ncalls=14087, regioncalls=543760, ndraw=40, logz=-733.85, remainder_fraction=100.0000%, Lmin=-726.84, Lmax=-706.87
13:15:12 [ultranest] [DEBUG] iteration=1860, ncalls=14122, regioncalls=545160, ndraw=40, logz=-733.83, remainder_fraction=100.0000%, Lmin=-726.76, Lmax=-706.87
13:15:14 [ultranest] [DEBUG] iteration=1861, ncalls=14161, regioncalls=546720, ndraw=40, logz=-733.80, remainder_fraction=100.0000%, Lmin=-726.75, Lmax=-706.87
13:15:16 [ultranest] [DEBUG] iteration=1862, ncalls=14197, regioncalls=548160, ndraw=40, logz=-733.77, remainder_fraction=100.0000%, Lmin=-726.68, Lmax=-706.87
13:15:17 [ultranest] [DEBUG] iteration=1863, ncalls=14206, regioncalls=548520, ndraw=40, logz=-733.74, remainder_fraction=100.0000%, Lmin=-726.68, Lmax=-706.87
13:15:18 [ultranest] [DEBUG] iteration=1864, ncalls=14226, regioncalls=549320, ndraw=40, logz=-733.72, remainder_fraction=100.0000%, Lmin=-726.68, Lmax=-706.87
13:15:18 [ultranest] [DEBUG] iteration=1865, ncalls=14229, regioncalls=549440, ndraw=40, logz=-733.69, remainder_fraction=100.0000%, Lmin=-726.65, Lmax=-706.87
13:15:18 [ultranest] [DEBUG] iteration=1866, ncalls=14232, regioncalls=549560, ndraw=40, logz=-733.66, remainder_fraction=100.0000%, Lmin=-726.63, Lmax=-706.87
13:15:21 [ultranest] [DEBUG] iteration=1868, ncalls=14291, regioncalls=551920, ndraw=40, logz=-733.61, remainder_fraction=100.0000%, Lmin=-726.54, Lmax=-706.87
13:15:21 [ultranest] [DEBUG] iteration=1869, ncalls=14293, regioncalls=552000, ndraw=40, logz=-733.58, remainder_fraction=100.0000%, Lmin=-726.53, Lmax=-706.87
13:15:22 [ultranest] [DEBUG] iteration=1870, ncalls=14322, regioncalls=553160, ndraw=40, logz=-733.55, remainder_fraction=100.0000%, Lmin=-726.50, Lmax=-706.87
13:15:22 [ultranest] [DEBUG] iteration=1871, ncalls=14326, regioncalls=553320, ndraw=40, logz=-733.52, remainder_fraction=100.0000%, Lmin=-726.50, Lmax=-706.87
13:15:24 [ultranest] [DEBUG] iteration=1872, ncalls=14365, regioncalls=554880, ndraw=40, logz=-733.50, remainder_fraction=100.0000%, Lmin=-726.49, Lmax=-706.87
13:15:24 [ultranest] [DEBUG] iteration=1874, ncalls=14368, regioncalls=555000, ndraw=40, logz=-733.45, remainder_fraction=100.0000%, Lmin=-726.46, Lmax=-706.87
13:15:26 [ultranest] [DEBUG] iteration=1875, ncalls=14400, regioncalls=556280, ndraw=40, logz=-733.42, remainder_fraction=100.0000%, Lmin=-726.45, Lmax=-706.87
13:15:26 [ultranest] [DEBUG] iteration=1876, ncalls=14402, regioncalls=556360, ndraw=40, logz=-733.40, remainder_fraction=100.0000%, Lmin=-726.40, Lmax=-706.87
13:15:31 [ultranest] [DEBUG] iteration=1877, ncalls=14495, regioncalls=560080, ndraw=40, logz=-733.37, remainder_fraction=100.0000%, Lmin=-726.39, Lmax=-706.87
13:15:31 [ultranest] [DEBUG] iteration=1878, ncalls=14500, regioncalls=560280, ndraw=40, logz=-733.35, remainder_fraction=100.0000%, Lmin=-726.28, Lmax=-706.87
13:15:31 [ultranest] [DEBUG] iteration=1879, ncalls=14505, regioncalls=560480, ndraw=40, logz=-733.32, remainder_fraction=100.0000%, Lmin=-726.25, Lmax=-706.87
13:15:32 [ultranest] [DEBUG] iteration=1880, ncalls=14513, regioncalls=560800, ndraw=40, logz=-733.29, remainder_fraction=100.0000%, Lmin=-726.22, Lmax=-706.87
13:15:32 [ultranest] [DEBUG] iteration=1881, ncalls=14529, regioncalls=561440, ndraw=40, logz=-733.27, remainder_fraction=100.0000%, Lmin=-726.14, Lmax=-706.87
13:15:34 [ultranest] [DEBUG] iteration=1882, ncalls=14560, regioncalls=562680, ndraw=40, logz=-733.24, remainder_fraction=100.0000%, Lmin=-726.14, Lmax=-706.87
13:15:34 [ultranest] [DEBUG] iteration=1883, ncalls=14580, regioncalls=563520, ndraw=40, logz=-733.21, remainder_fraction=100.0000%, Lmin=-726.11, Lmax=-706.87
13:15:35 [ultranest] [DEBUG] iteration=1884, ncalls=14594, regioncalls=564080, ndraw=40, logz=-733.18, remainder_fraction=100.0000%, Lmin=-726.10, Lmax=-706.87
13:15:35 [ultranest] [DEBUG] iteration=1886, ncalls=14602, regioncalls=564400, ndraw=40, logz=-733.13, remainder_fraction=100.0000%, Lmin=-726.03, Lmax=-706.87
13:15:36 [ultranest] [DEBUG] iteration=1887, ncalls=14615, regioncalls=564920, ndraw=40, logz=-733.10, remainder_fraction=100.0000%, Lmin=-726.00, Lmax=-706.87
13:15:36 [ultranest] [DEBUG] iteration=1888, ncalls=14625, regioncalls=565320, ndraw=40, logz=-733.07, remainder_fraction=100.0000%, Lmin=-725.95, Lmax=-706.87
13:15:37 [ultranest] [DEBUG] iteration=1889, ncalls=14630, regioncalls=565520, ndraw=40, logz=-733.05, remainder_fraction=100.0000%, Lmin=-725.95, Lmax=-706.87
13:15:38 [ultranest] [DEBUG] iteration=1890, ncalls=14651, regioncalls=566360, ndraw=40, logz=-733.02, remainder_fraction=100.0000%, Lmin=-725.79, Lmax=-706.87
13:15:39 [ultranest] [DEBUG] iteration=1891, ncalls=14673, regioncalls=567240, ndraw=40, logz=-732.99, remainder_fraction=100.0000%, Lmin=-725.78, Lmax=-706.87
13:15:39 [ultranest] [DEBUG] iteration=1892, ncalls=14676, regioncalls=567360, ndraw=40, logz=-732.96, remainder_fraction=100.0000%, Lmin=-725.74, Lmax=-706.87
13:15:40 [ultranest] [DEBUG] iteration=1893, ncalls=14700, regioncalls=568320, ndraw=40, logz=-732.93, remainder_fraction=100.0000%, Lmin=-725.70, Lmax=-706.87
13:15:43 [ultranest] [DEBUG] iteration=1894, ncalls=14770, regioncalls=571120, ndraw=40, logz=-732.90, remainder_fraction=100.0000%, Lmin=-725.69, Lmax=-706.87
13:15:44 [ultranest] [DEBUG] iteration=1895, ncalls=14795, regioncalls=572120, ndraw=40, logz=-732.87, remainder_fraction=100.0000%, Lmin=-725.67, Lmax=-706.87
13:15:44 [ultranest] [DEBUG] iteration=1896, ncalls=14806, regioncalls=572560, ndraw=40, logz=-732.84, remainder_fraction=100.0000%, Lmin=-725.67, Lmax=-706.87
13:15:44 [ultranest] [DEBUG] iteration=1897, ncalls=14809, regioncalls=572680, ndraw=40, logz=-732.81, remainder_fraction=100.0000%, Lmin=-725.66, Lmax=-706.87
13:15:45 [ultranest] [DEBUG] iteration=1898, ncalls=14822, regioncalls=573200, ndraw=40, logz=-732.78, remainder_fraction=100.0000%, Lmin=-725.61, Lmax=-706.87
13:15:46 [ultranest] [DEBUG] iteration=1899, ncalls=14857, regioncalls=574600, ndraw=40, logz=-732.75, remainder_fraction=100.0000%, Lmin=-725.51, Lmax=-706.87
13:15:48 [ultranest] [DEBUG] iteration=1900, ncalls=14892, regioncalls=576000, ndraw=40, logz=-732.72, remainder_fraction=100.0000%, Lmin=-725.45, Lmax=-706.87
13:15:49 [ultranest] [DEBUG] iteration=1901, ncalls=14931, regioncalls=577560, ndraw=40, logz=-732.69, remainder_fraction=100.0000%, Lmin=-725.42, Lmax=-706.87
13:15:50 [ultranest] [DEBUG] iteration=1902, ncalls=14948, regioncalls=578240, ndraw=40, logz=-732.66, remainder_fraction=100.0000%, Lmin=-725.39, Lmax=-706.87
13:15:50 [ultranest] [DEBUG] iteration=1903, ncalls=14960, regioncalls=578720, ndraw=40, logz=-732.63, remainder_fraction=100.0000%, Lmin=-725.34, Lmax=-706.87
13:15:52 [ultranest] [DEBUG] iteration=1904, ncalls=14996, regioncalls=580160, ndraw=40, logz=-732.60, remainder_fraction=100.0000%, Lmin=-725.29, Lmax=-706.87
13:15:53 [ultranest] [DEBUG] iteration=1905, ncalls=15009, regioncalls=580680, ndraw=40, logz=-732.56, remainder_fraction=100.0000%, Lmin=-725.22, Lmax=-706.87
13:15:55 [ultranest] [DEBUG] iteration=1906, ncalls=15054, regioncalls=582480, ndraw=40, logz=-732.53, remainder_fraction=100.0000%, Lmin=-725.18, Lmax=-706.87
13:15:56 [ultranest] [DEBUG] iteration=1907, ncalls=15079, regioncalls=583480, ndraw=40, logz=-732.50, remainder_fraction=100.0000%, Lmin=-725.13, Lmax=-706.87
13:15:57 [ultranest] [DEBUG] iteration=1909, ncalls=15113, regioncalls=584840, ndraw=40, logz=-732.43, remainder_fraction=100.0000%, Lmin=-725.06, Lmax=-706.87
13:15:57 [ultranest] [DEBUG] iteration=1910, ncalls=15117, regioncalls=585000, ndraw=40, logz=-732.40, remainder_fraction=100.0000%, Lmin=-725.03, Lmax=-706.87
13:15:57 [ultranest] [DEBUG] iteration=1911, ncalls=15124, regioncalls=585280, ndraw=40, logz=-732.36, remainder_fraction=100.0000%, Lmin=-724.97, Lmax=-706.87
13:15:58 [ultranest] [DEBUG] iteration=1912, ncalls=15128, regioncalls=585440, ndraw=40, logz=-732.33, remainder_fraction=100.0000%, Lmin=-724.96, Lmax=-706.87
13:15:58 [ultranest] [DEBUG] iteration=1913, ncalls=15145, regioncalls=586120, ndraw=40, logz=-732.30, remainder_fraction=100.0000%, Lmin=-724.92, Lmax=-706.87
13:15:59 [ultranest] [DEBUG] iteration=1914, ncalls=15161, regioncalls=586760, ndraw=40, logz=-732.26, remainder_fraction=100.0000%, Lmin=-724.91, Lmax=-706.87
13:15:59 [ultranest] [DEBUG] iteration=1915, ncalls=15168, regioncalls=587040, ndraw=40, logz=-732.23, remainder_fraction=100.0000%, Lmin=-724.90, Lmax=-706.87
13:16:02 [ultranest] [DEBUG] iteration=1916, ncalls=15227, regioncalls=589400, ndraw=40, logz=-732.20, remainder_fraction=100.0000%, Lmin=-724.84, Lmax=-706.87
13:16:02 [ultranest] [DEBUG] iteration=1917, ncalls=15231, regioncalls=589560, ndraw=40, logz=-732.17, remainder_fraction=100.0000%, Lmin=-724.83, Lmax=-706.87
13:16:02 [ultranest] [DEBUG] iteration=1918, ncalls=15235, regioncalls=589720, ndraw=40, logz=-732.13, remainder_fraction=100.0000%, Lmin=-724.77, Lmax=-706.87
13:16:02 [ultranest] [DEBUG] iteration=1919, ncalls=15238, regioncalls=589840, ndraw=40, logz=-732.10, remainder_fraction=100.0000%, Lmin=-724.76, Lmax=-706.87
13:16:03 [ultranest] [DEBUG] iteration=1920, ncalls=15257, regioncalls=590600, ndraw=40, logz=-732.07, remainder_fraction=100.0000%, Lmin=-724.75, Lmax=-706.87
13:16:03 [ultranest] [DEBUG] iteration=1921, ncalls=15260, regioncalls=590720, ndraw=40, logz=-732.04, remainder_fraction=100.0000%, Lmin=-724.74, Lmax=-706.87
13:16:05 [ultranest] [DEBUG] iteration=1922, ncalls=15296, regioncalls=592200, ndraw=40, logz=-732.01, remainder_fraction=100.0000%, Lmin=-724.74, Lmax=-706.87
13:16:05 [ultranest] [DEBUG] iteration=1923, ncalls=15303, regioncalls=592480, ndraw=40, logz=-731.98, remainder_fraction=100.0000%, Lmin=-724.69, Lmax=-706.87
13:16:07 [ultranest] [DEBUG] iteration=1924, ncalls=15331, regioncalls=593600, ndraw=40, logz=-731.95, remainder_fraction=100.0000%, Lmin=-724.66, Lmax=-706.87
13:16:08 [ultranest] [DEBUG] iteration=1925, ncalls=15351, regioncalls=594400, ndraw=40, logz=-731.92, remainder_fraction=100.0000%, Lmin=-724.65, Lmax=-706.87
13:16:08 [ultranest] [DEBUG] iteration=1926, ncalls=15363, regioncalls=594880, ndraw=40, logz=-731.89, remainder_fraction=100.0000%, Lmin=-724.64, Lmax=-706.87
13:16:09 [ultranest] [DEBUG] iteration=1927, ncalls=15377, regioncalls=595440, ndraw=40, logz=-731.86, remainder_fraction=100.0000%, Lmin=-724.63, Lmax=-706.87
13:16:11 [ultranest] [DEBUG] iteration=1928, ncalls=15422, regioncalls=597240, ndraw=40, logz=-731.83, remainder_fraction=100.0000%, Lmin=-724.63, Lmax=-706.87
13:16:12 [ultranest] [DEBUG] iteration=1929, ncalls=15446, regioncalls=598240, ndraw=40, logz=-731.80, remainder_fraction=100.0000%, Lmin=-724.57, Lmax=-706.87
13:16:14 [ultranest] [DEBUG] iteration=1930, ncalls=15498, regioncalls=600320, ndraw=40, logz=-731.78, remainder_fraction=100.0000%, Lmin=-724.57, Lmax=-706.87
13:16:15 [ultranest] [DEBUG] iteration=1931, ncalls=15515, regioncalls=601000, ndraw=40, logz=-731.75, remainder_fraction=100.0000%, Lmin=-724.55, Lmax=-706.87
13:16:15 [ultranest] [DEBUG] iteration=1932, ncalls=15519, regioncalls=601160, ndraw=40, logz=-731.72, remainder_fraction=100.0000%, Lmin=-724.49, Lmax=-706.87
13:16:15 [ultranest] [DEBUG] iteration=1933, ncalls=15524, regioncalls=601360, ndraw=40, logz=-731.69, remainder_fraction=100.0000%, Lmin=-724.45, Lmax=-706.87
13:16:17 [ultranest] [DEBUG] iteration=1934, ncalls=15548, regioncalls=602320, ndraw=40, logz=-731.67, remainder_fraction=100.0000%, Lmin=-724.37, Lmax=-706.87
13:16:17 [ultranest] [DEBUG] iteration=1935, ncalls=15554, regioncalls=602560, ndraw=40, logz=-731.64, remainder_fraction=100.0000%, Lmin=-724.36, Lmax=-706.87
13:16:19 [ultranest] [DEBUG] iteration=1936, ncalls=15618, regioncalls=605120, ndraw=40, logz=-731.61, remainder_fraction=100.0000%, Lmin=-724.32, Lmax=-706.87
13:16:20 [ultranest] [DEBUG] iteration=1937, ncalls=15626, regioncalls=605440, ndraw=40, logz=-731.58, remainder_fraction=100.0000%, Lmin=-724.31, Lmax=-706.87
13:16:20 [ultranest] [DEBUG] iteration=1938, ncalls=15635, regioncalls=605800, ndraw=40, logz=-731.55, remainder_fraction=100.0000%, Lmin=-724.31, Lmax=-706.87
13:16:20 [ultranest] [DEBUG] iteration=1939, ncalls=15639, regioncalls=605960, ndraw=40, logz=-731.52, remainder_fraction=100.0000%, Lmin=-724.25, Lmax=-706.87
13:16:22 [ultranest] [DEBUG] iteration=1940, ncalls=15675, regioncalls=607400, ndraw=40, logz=-731.49, remainder_fraction=100.0000%, Lmin=-724.12, Lmax=-706.87
13:16:23 [ultranest] [DEBUG] iteration=1941, ncalls=15713, regioncalls=608920, ndraw=40, logz=-731.46, remainder_fraction=100.0000%, Lmin=-724.09, Lmax=-706.87
13:16:24 [ultranest] [DEBUG] iteration=1942, ncalls=15717, regioncalls=609080, ndraw=40, logz=-731.43, remainder_fraction=100.0000%, Lmin=-724.06, Lmax=-706.87
13:16:24 [ultranest] [DEBUG] iteration=1944, ncalls=15721, regioncalls=609240, ndraw=40, logz=-731.37, remainder_fraction=100.0000%, Lmin=-724.03, Lmax=-706.87
13:16:26 [ultranest] [DEBUG] iteration=1946, ncalls=15768, regioncalls=611120, ndraw=40, logz=-731.31, remainder_fraction=100.0000%, Lmin=-723.96, Lmax=-706.87
13:16:26 [ultranest] [DEBUG] iteration=1947, ncalls=15773, regioncalls=611320, ndraw=40, logz=-731.28, remainder_fraction=100.0000%, Lmin=-723.95, Lmax=-706.87
13:16:27 [ultranest] [DEBUG] iteration=1948, ncalls=15787, regioncalls=611880, ndraw=40, logz=-731.25, remainder_fraction=100.0000%, Lmin=-723.93, Lmax=-706.87
13:16:28 [ultranest] [DEBUG] iteration=1949, ncalls=15813, regioncalls=612920, ndraw=40, logz=-731.22, remainder_fraction=100.0000%, Lmin=-723.90, Lmax=-706.87
13:16:31 [ultranest] [DEBUG] iteration=1950, ncalls=15878, regioncalls=615520, ndraw=40, logz=-731.19, remainder_fraction=100.0000%, Lmin=-723.87, Lmax=-706.87
13:16:31 [ultranest] [DEBUG] iteration=1951, ncalls=15882, regioncalls=615680, ndraw=40, logz=-731.16, remainder_fraction=100.0000%, Lmin=-723.86, Lmax=-706.87
13:16:32 [ultranest] [DEBUG] iteration=1952, ncalls=15907, regioncalls=616680, ndraw=40, logz=-731.13, remainder_fraction=100.0000%, Lmin=-723.84, Lmax=-706.87
13:16:33 [ultranest] [DEBUG] iteration=1953, ncalls=15917, regioncalls=617080, ndraw=40, logz=-731.10, remainder_fraction=100.0000%, Lmin=-723.77, Lmax=-706.87
13:16:33 [ultranest] [DEBUG] iteration=1954, ncalls=15929, regioncalls=617560, ndraw=40, logz=-731.08, remainder_fraction=100.0000%, Lmin=-723.68, Lmax=-706.87
13:16:34 [ultranest] [DEBUG] iteration=1956, ncalls=15950, regioncalls=618400, ndraw=40, logz=-731.01, remainder_fraction=100.0000%, Lmin=-723.63, Lmax=-706.87
13:16:35 [ultranest] [DEBUG] iteration=1957, ncalls=15965, regioncalls=619000, ndraw=40, logz=-730.98, remainder_fraction=100.0000%, Lmin=-723.61, Lmax=-706.87
13:16:36 [ultranest] [DEBUG] iteration=1958, ncalls=16005, regioncalls=620600, ndraw=40, logz=-730.95, remainder_fraction=100.0000%, Lmin=-723.59, Lmax=-706.87
13:16:36 [ultranest] [DEBUG] iteration=1959, ncalls=16010, regioncalls=620800, ndraw=40, logz=-730.92, remainder_fraction=100.0000%, Lmin=-723.58, Lmax=-706.87
13:16:39 [ultranest] [DEBUG] iteration=1960, ncalls=16061, regioncalls=622840, ndraw=40, logz=-730.89, remainder_fraction=100.0000%, Lmin=-723.55, Lmax=-706.87
13:16:39 [ultranest] [DEBUG] iteration=1961, ncalls=16066, regioncalls=623040, ndraw=40, logz=-730.87, remainder_fraction=100.0000%, Lmin=-723.52, Lmax=-706.87
13:16:40 [ultranest] [DEBUG] iteration=1962, ncalls=16102, regioncalls=624480, ndraw=40, logz=-730.84, remainder_fraction=100.0000%, Lmin=-723.50, Lmax=-706.87
13:16:42 [ultranest] [DEBUG] iteration=1963, ncalls=16133, regioncalls=625720, ndraw=40, logz=-730.81, remainder_fraction=100.0000%, Lmin=-723.49, Lmax=-706.87
13:16:43 [ultranest] [DEBUG] iteration=1965, ncalls=16148, regioncalls=626320, ndraw=40, logz=-730.75, remainder_fraction=100.0000%, Lmin=-723.47, Lmax=-706.87
13:16:45 [ultranest] [DEBUG] iteration=1966, ncalls=16194, regioncalls=628160, ndraw=40, logz=-730.73, remainder_fraction=100.0000%, Lmin=-723.45, Lmax=-706.87
13:16:48 [ultranest] [DEBUG] iteration=1967, ncalls=16275, regioncalls=631400, ndraw=40, logz=-730.70, remainder_fraction=100.0000%, Lmin=-723.45, Lmax=-706.87
13:16:49 [ultranest] [DEBUG] iteration=1968, ncalls=16314, regioncalls=632960, ndraw=40, logz=-730.67, remainder_fraction=100.0000%, Lmin=-723.33, Lmax=-706.87
13:16:50 [ultranest] [DEBUG] iteration=1969, ncalls=16338, regioncalls=633920, ndraw=40, logz=-730.64, remainder_fraction=100.0000%, Lmin=-723.32, Lmax=-706.87
13:16:51 [ultranest] [DEBUG] iteration=1970, ncalls=16349, regioncalls=634360, ndraw=40, logz=-730.62, remainder_fraction=100.0000%, Lmin=-723.31, Lmax=-706.87
13:16:51 [ultranest] [DEBUG] iteration=1971, ncalls=16357, regioncalls=634680, ndraw=40, logz=-730.59, remainder_fraction=100.0000%, Lmin=-723.30, Lmax=-706.87
13:16:52 [ultranest] [DEBUG] iteration=1972, ncalls=16370, regioncalls=635200, ndraw=40, logz=-730.56, remainder_fraction=100.0000%, Lmin=-723.24, Lmax=-706.87
13:16:52 [ultranest] [DEBUG] iteration=1973, ncalls=16373, regioncalls=635320, ndraw=40, logz=-730.54, remainder_fraction=100.0000%, Lmin=-723.24, Lmax=-706.87
13:16:53 [ultranest] [DEBUG] iteration=1975, ncalls=16406, regioncalls=636640, ndraw=40, logz=-730.48, remainder_fraction=100.0000%, Lmin=-723.23, Lmax=-706.87
13:16:54 [ultranest] [DEBUG] iteration=1976, ncalls=16421, regioncalls=637240, ndraw=40, logz=-730.46, remainder_fraction=100.0000%, Lmin=-723.21, Lmax=-706.87
13:16:57 [ultranest] [DEBUG] iteration=1977, ncalls=16486, regioncalls=640040, ndraw=40, logz=-730.43, remainder_fraction=100.0000%, Lmin=-723.21, Lmax=-706.87
13:16:58 [ultranest] [DEBUG] iteration=1979, ncalls=16508, regioncalls=640920, ndraw=40, logz=-730.38, remainder_fraction=100.0000%, Lmin=-723.15, Lmax=-706.87
13:16:58 [ultranest] [DEBUG] iteration=1980, ncalls=16525, regioncalls=641600, ndraw=40, logz=-730.36, remainder_fraction=100.0000%, Lmin=-723.14, Lmax=-706.87
13:16:58 [ultranest] [DEBUG] iteration=1981, ncalls=16529, regioncalls=641760, ndraw=40, logz=-730.33, remainder_fraction=100.0000%, Lmin=-723.10, Lmax=-706.87
13:16:59 [ultranest] [DEBUG] iteration=1982, ncalls=16539, regioncalls=642160, ndraw=40, logz=-730.31, remainder_fraction=100.0000%, Lmin=-723.05, Lmax=-706.87
13:16:59 [ultranest] [DEBUG] iteration=1983, ncalls=16553, regioncalls=642720, ndraw=40, logz=-730.28, remainder_fraction=100.0000%, Lmin=-723.01, Lmax=-706.87
13:17:02 [ultranest] [DEBUG] iteration=1984, ncalls=16612, regioncalls=645080, ndraw=40, logz=-730.26, remainder_fraction=100.0000%, Lmin=-722.99, Lmax=-706.87
13:17:03 [ultranest] [DEBUG] iteration=1985, ncalls=16629, regioncalls=645760, ndraw=40, logz=-730.23, remainder_fraction=100.0000%, Lmin=-722.94, Lmax=-706.87
13:17:04 [ultranest] [DEBUG] iteration=1986, ncalls=16665, regioncalls=647200, ndraw=40, logz=-730.21, remainder_fraction=100.0000%, Lmin=-722.89, Lmax=-706.87
13:17:08 [ultranest] [DEBUG] iteration=1987, ncalls=16741, regioncalls=650240, ndraw=40, logz=-730.18, remainder_fraction=100.0000%, Lmin=-722.84, Lmax=-706.75
13:17:08 [ultranest] [DEBUG] iteration=1988, ncalls=16751, regioncalls=650640, ndraw=40, logz=-730.15, remainder_fraction=100.0000%, Lmin=-722.82, Lmax=-706.75
13:17:10 [ultranest] [DEBUG] iteration=1989, ncalls=16791, regioncalls=652240, ndraw=40, logz=-730.13, remainder_fraction=100.0000%, Lmin=-722.82, Lmax=-706.75
13:17:11 [ultranest] [DEBUG] iteration=1990, ncalls=16814, regioncalls=653480, ndraw=40, logz=-730.10, remainder_fraction=100.0000%, Lmin=-722.81, Lmax=-706.75
13:17:11 [ultranest] [DEBUG] iteration=1991, ncalls=16817, regioncalls=653600, ndraw=40, logz=-730.07, remainder_fraction=100.0000%, Lmin=-722.81, Lmax=-706.75
13:17:12 [ultranest] [DEBUG] iteration=1992, ncalls=16824, regioncalls=653880, ndraw=40, logz=-730.05, remainder_fraction=100.0000%, Lmin=-722.69, Lmax=-706.75
13:17:14 [ultranest] [DEBUG] iteration=1993, ncalls=16894, regioncalls=656680, ndraw=40, logz=-730.02, remainder_fraction=100.0000%, Lmin=-722.66, Lmax=-706.75
13:17:15 [ultranest] [DEBUG] iteration=1994, ncalls=16913, regioncalls=657440, ndraw=40, logz=-729.99, remainder_fraction=100.0000%, Lmin=-722.66, Lmax=-706.75
13:17:16 [ultranest] [DEBUG] iteration=1995, ncalls=16928, regioncalls=658040, ndraw=40, logz=-729.97, remainder_fraction=100.0000%, Lmin=-722.64, Lmax=-706.75
13:17:18 [ultranest] [DEBUG] iteration=1996, ncalls=16975, regioncalls=659920, ndraw=40, logz=-729.94, remainder_fraction=100.0000%, Lmin=-722.61, Lmax=-706.75
13:17:19 [ultranest] [DEBUG] iteration=1997, ncalls=16999, regioncalls=660880, ndraw=40, logz=-729.92, remainder_fraction=100.0000%, Lmin=-722.58, Lmax=-706.75
13:17:20 [ultranest] [DEBUG] iteration=1998, ncalls=17020, regioncalls=661720, ndraw=40, logz=-729.89, remainder_fraction=100.0000%, Lmin=-722.58, Lmax=-706.75
13:17:21 [ultranest] [DEBUG] iteration=1999, ncalls=17043, regioncalls=662640, ndraw=40, logz=-729.86, remainder_fraction=100.0000%, Lmin=-722.56, Lmax=-706.75
13:17:22 [ultranest] [DEBUG] iteration=2000, ncalls=17078, regioncalls=664040, ndraw=40, logz=-729.84, remainder_fraction=99.9999%, Lmin=-722.48, Lmax=-706.75
13:17:25 [ultranest] [DEBUG] iteration=2001, ncalls=17137, regioncalls=666400, ndraw=40, logz=-729.81, remainder_fraction=99.9999%, Lmin=-722.48, Lmax=-706.75
13:17:25 [ultranest] [DEBUG] iteration=2002, ncalls=17141, regioncalls=666560, ndraw=40, logz=-729.79, remainder_fraction=99.9999%, Lmin=-722.46, Lmax=-706.75
13:17:26 [ultranest] [DEBUG] iteration=2003, ncalls=17161, regioncalls=667360, ndraw=40, logz=-729.76, remainder_fraction=99.9999%, Lmin=-722.43, Lmax=-706.75
13:17:26 [ultranest] [DEBUG] iteration=2004, ncalls=17165, regioncalls=667520, ndraw=40, logz=-729.73, remainder_fraction=99.9999%, Lmin=-722.42, Lmax=-706.75
13:17:27 [ultranest] [DEBUG] iteration=2005, ncalls=17175, regioncalls=667920, ndraw=40, logz=-729.71, remainder_fraction=99.9999%, Lmin=-722.37, Lmax=-706.75
13:17:27 [ultranest] [DEBUG] iteration=2006, ncalls=17185, regioncalls=668320, ndraw=40, logz=-729.68, remainder_fraction=99.9999%, Lmin=-722.35, Lmax=-706.75
13:17:31 [ultranest] [DEBUG] iteration=2007, ncalls=17266, regioncalls=671560, ndraw=40, logz=-729.66, remainder_fraction=99.9999%, Lmin=-722.18, Lmax=-706.75
13:17:31 [ultranest] [DEBUG] iteration=2008, ncalls=17271, regioncalls=671760, ndraw=40, logz=-729.63, remainder_fraction=99.9999%, Lmin=-722.16, Lmax=-706.75
13:17:32 [ultranest] [DEBUG] iteration=2009, ncalls=17302, regioncalls=673000, ndraw=40, logz=-729.60, remainder_fraction=99.9999%, Lmin=-722.13, Lmax=-706.75
13:17:33 [ultranest] [DEBUG] iteration=2010, ncalls=17314, regioncalls=673480, ndraw=40, logz=-729.57, remainder_fraction=99.9999%, Lmin=-722.12, Lmax=-706.75
13:17:34 [ultranest] [DEBUG] iteration=2012, ncalls=17334, regioncalls=674280, ndraw=40, logz=-729.51, remainder_fraction=99.9999%, Lmin=-722.10, Lmax=-706.75
13:17:35 [ultranest] [DEBUG] iteration=2013, ncalls=17347, regioncalls=674800, ndraw=40, logz=-729.49, remainder_fraction=99.9999%, Lmin=-722.09, Lmax=-706.75
13:17:37 [ultranest] [DEBUG] iteration=2014, ncalls=17400, regioncalls=676920, ndraw=40, logz=-729.46, remainder_fraction=99.9999%, Lmin=-722.09, Lmax=-706.75
13:17:38 [ultranest] [DEBUG] iteration=2015, ncalls=17431, regioncalls=678160, ndraw=40, logz=-729.43, remainder_fraction=99.9999%, Lmin=-721.98, Lmax=-706.75
13:17:40 [ultranest] [DEBUG] iteration=2016, ncalls=17475, regioncalls=679920, ndraw=40, logz=-729.40, remainder_fraction=99.9999%, Lmin=-721.96, Lmax=-706.75
13:17:41 [ultranest] [DEBUG] iteration=2017, ncalls=17495, regioncalls=680720, ndraw=40, logz=-729.38, remainder_fraction=99.9999%, Lmin=-721.93, Lmax=-706.75
13:17:41 [ultranest] [DEBUG] iteration=2019, ncalls=17503, regioncalls=681040, ndraw=40, logz=-729.32, remainder_fraction=99.9999%, Lmin=-721.92, Lmax=-706.75
13:17:43 [ultranest] [DEBUG] iteration=2020, ncalls=17533, regioncalls=682240, ndraw=40, logz=-729.30, remainder_fraction=99.9999%, Lmin=-721.87, Lmax=-706.75
13:17:44 [ultranest] [DEBUG] iteration=2021, ncalls=17568, regioncalls=684040, ndraw=40, logz=-729.27, remainder_fraction=99.9999%, Lmin=-721.86, Lmax=-706.75
13:17:46 [ultranest] [DEBUG] iteration=2022, ncalls=17614, regioncalls=685880, ndraw=40, logz=-729.24, remainder_fraction=99.9999%, Lmin=-721.84, Lmax=-706.75
13:17:48 [ultranest] [DEBUG] iteration=2023, ncalls=17649, regioncalls=687280, ndraw=40, logz=-729.22, remainder_fraction=99.9999%, Lmin=-721.84, Lmax=-706.75
13:17:48 [ultranest] [DEBUG] iteration=2024, ncalls=17655, regioncalls=687520, ndraw=40, logz=-729.19, remainder_fraction=99.9999%, Lmin=-721.80, Lmax=-706.75
13:17:49 [ultranest] [DEBUG] iteration=2025, ncalls=17671, regioncalls=688160, ndraw=40, logz=-729.16, remainder_fraction=99.9999%, Lmin=-721.76, Lmax=-706.75
13:17:49 [ultranest] [DEBUG] iteration=2026, ncalls=17676, regioncalls=688360, ndraw=40, logz=-729.14, remainder_fraction=99.9999%, Lmin=-721.76, Lmax=-706.75
13:17:49 [ultranest] [DEBUG] iteration=2027, ncalls=17682, regioncalls=688600, ndraw=40, logz=-729.11, remainder_fraction=99.9999%, Lmin=-721.75, Lmax=-706.75
13:17:49 [ultranest] [DEBUG] iteration=2028, ncalls=17690, regioncalls=688920, ndraw=40, logz=-729.09, remainder_fraction=99.9999%, Lmin=-721.73, Lmax=-706.75
13:17:51 [ultranest] [DEBUG] iteration=2029, ncalls=17720, regioncalls=690120, ndraw=40, logz=-729.06, remainder_fraction=99.9999%, Lmin=-721.69, Lmax=-706.75
13:17:51 [ultranest] [DEBUG] iteration=2030, ncalls=17734, regioncalls=690680, ndraw=40, logz=-729.04, remainder_fraction=99.9999%, Lmin=-721.65, Lmax=-706.75
13:17:54 [ultranest] [DEBUG] iteration=2031, ncalls=17804, regioncalls=693480, ndraw=40, logz=-729.01, remainder_fraction=99.9999%, Lmin=-721.63, Lmax=-706.75
13:17:55 [ultranest] [DEBUG] iteration=2032, ncalls=17825, regioncalls=694320, ndraw=40, logz=-728.99, remainder_fraction=99.9999%, Lmin=-721.62, Lmax=-706.75
13:17:56 [ultranest] [DEBUG] iteration=2033, ncalls=17838, regioncalls=694840, ndraw=40, logz=-728.96, remainder_fraction=99.9999%, Lmin=-721.59, Lmax=-706.75
13:17:56 [ultranest] [DEBUG] iteration=2034, ncalls=17853, regioncalls=695440, ndraw=40, logz=-728.94, remainder_fraction=99.9999%, Lmin=-721.58, Lmax=-706.75
13:17:56 [ultranest] [DEBUG] iteration=2035, ncalls=17858, regioncalls=695640, ndraw=40, logz=-728.91, remainder_fraction=99.9999%, Lmin=-721.57, Lmax=-706.75
13:17:57 [ultranest] [DEBUG] iteration=2036, ncalls=17882, regioncalls=696600, ndraw=40, logz=-728.89, remainder_fraction=99.9999%, Lmin=-721.57, Lmax=-706.75
13:17:58 [ultranest] [DEBUG] iteration=2037, ncalls=17892, regioncalls=697000, ndraw=40, logz=-728.86, remainder_fraction=99.9999%, Lmin=-721.55, Lmax=-706.75
13:17:58 [ultranest] [DEBUG] iteration=2038, ncalls=17897, regioncalls=697200, ndraw=40, logz=-728.84, remainder_fraction=99.9999%, Lmin=-721.52, Lmax=-706.75
13:17:58 [ultranest] [DEBUG] iteration=2039, ncalls=17902, regioncalls=697400, ndraw=40, logz=-728.82, remainder_fraction=99.9999%, Lmin=-721.48, Lmax=-706.75
13:18:00 [ultranest] [DEBUG] iteration=2040, ncalls=17936, regioncalls=698760, ndraw=40, logz=-728.79, remainder_fraction=99.9999%, Lmin=-721.45, Lmax=-706.75
13:18:01 [ultranest] [DEBUG] iteration=2041, ncalls=17980, regioncalls=700520, ndraw=40, logz=-728.77, remainder_fraction=99.9999%, Lmin=-721.42, Lmax=-706.75
13:18:03 [ultranest] [DEBUG] iteration=2042, ncalls=18007, regioncalls=701600, ndraw=40, logz=-728.75, remainder_fraction=99.9999%, Lmin=-721.40, Lmax=-706.75
13:18:04 [ultranest] [DEBUG] iteration=2043, ncalls=18046, regioncalls=703600, ndraw=40, logz=-728.72, remainder_fraction=99.9999%, Lmin=-721.37, Lmax=-706.75
13:18:05 [ultranest] [DEBUG] iteration=2044, ncalls=18055, regioncalls=703960, ndraw=40, logz=-728.70, remainder_fraction=99.9999%, Lmin=-721.35, Lmax=-706.75
13:18:06 [ultranest] [DEBUG] iteration=2045, ncalls=18074, regioncalls=704720, ndraw=40, logz=-728.68, remainder_fraction=99.9999%, Lmin=-721.34, Lmax=-706.75
13:18:06 [ultranest] [DEBUG] iteration=2046, ncalls=18090, regioncalls=705360, ndraw=40, logz=-728.65, remainder_fraction=99.9999%, Lmin=-721.34, Lmax=-706.75
13:18:06 [ultranest] [DEBUG] iteration=2047, ncalls=18096, regioncalls=705600, ndraw=40, logz=-728.63, remainder_fraction=99.9999%, Lmin=-721.33, Lmax=-706.75
13:18:07 [ultranest] [DEBUG] iteration=2048, ncalls=18105, regioncalls=705960, ndraw=40, logz=-728.61, remainder_fraction=99.9999%, Lmin=-721.30, Lmax=-706.75
13:18:07 [ultranest] [DEBUG] iteration=2049, ncalls=18115, regioncalls=706360, ndraw=40, logz=-728.58, remainder_fraction=99.9998%, Lmin=-721.29, Lmax=-706.75
13:18:09 [ultranest] [DEBUG] iteration=2050, ncalls=18165, regioncalls=708360, ndraw=40, logz=-728.56, remainder_fraction=99.9998%, Lmin=-721.24, Lmax=-706.75
13:18:10 [ultranest] [DEBUG] iteration=2051, ncalls=18174, regioncalls=709000, ndraw=40, logz=-728.54, remainder_fraction=99.9998%, Lmin=-721.20, Lmax=-706.75
13:18:10 [ultranest] [DEBUG] iteration=2053, ncalls=18190, regioncalls=709640, ndraw=40, logz=-728.49, remainder_fraction=99.9998%, Lmin=-721.16, Lmax=-706.75
13:18:11 [ultranest] [DEBUG] iteration=2054, ncalls=18206, regioncalls=710280, ndraw=40, logz=-728.47, remainder_fraction=99.9998%, Lmin=-721.15, Lmax=-706.75
13:18:11 [ultranest] [DEBUG] iteration=2055, ncalls=18211, regioncalls=710480, ndraw=40, logz=-728.45, remainder_fraction=99.9998%, Lmin=-721.14, Lmax=-706.75
13:18:13 [ultranest] [DEBUG] iteration=2056, ncalls=18246, regioncalls=711880, ndraw=40, logz=-728.43, remainder_fraction=99.9998%, Lmin=-721.11, Lmax=-706.75
13:18:13 [ultranest] [DEBUG] iteration=2057, ncalls=18254, regioncalls=712200, ndraw=40, logz=-728.40, remainder_fraction=99.9998%, Lmin=-721.06, Lmax=-706.75
13:18:14 [ultranest] [DEBUG] iteration=2058, ncalls=18282, regioncalls=713320, ndraw=40, logz=-728.38, remainder_fraction=99.9998%, Lmin=-721.06, Lmax=-706.75
13:18:15 [ultranest] [DEBUG] iteration=2059, ncalls=18298, regioncalls=713960, ndraw=40, logz=-728.36, remainder_fraction=99.9998%, Lmin=-721.04, Lmax=-706.75
13:18:19 [ultranest] [DEBUG] iteration=2060, ncalls=18389, regioncalls=717600, ndraw=40, logz=-728.34, remainder_fraction=99.9998%, Lmin=-721.02, Lmax=-706.75
13:18:20 [ultranest] [DEBUG] iteration=2061, ncalls=18417, regioncalls=718720, ndraw=40, logz=-728.31, remainder_fraction=99.9998%, Lmin=-720.97, Lmax=-706.75
13:18:21 [ultranest] [DEBUG] iteration=2062, ncalls=18441, regioncalls=719680, ndraw=40, logz=-728.29, remainder_fraction=99.9998%, Lmin=-720.95, Lmax=-706.75
13:18:21 [ultranest] [DEBUG] iteration=2063, ncalls=18453, regioncalls=720160, ndraw=40, logz=-728.27, remainder_fraction=99.9998%, Lmin=-720.93, Lmax=-706.75
13:18:21 [ultranest] [DEBUG] iteration=2064, ncalls=18455, regioncalls=720240, ndraw=40, logz=-728.25, remainder_fraction=99.9998%, Lmin=-720.87, Lmax=-706.75
13:18:22 [ultranest] [DEBUG] iteration=2065, ncalls=18462, regioncalls=720520, ndraw=40, logz=-728.22, remainder_fraction=99.9998%, Lmin=-720.83, Lmax=-706.75
13:18:23 [ultranest] [DEBUG] iteration=2066, ncalls=18500, regioncalls=722040, ndraw=40, logz=-728.20, remainder_fraction=99.9998%, Lmin=-720.82, Lmax=-706.75
13:18:26 [ultranest] [DEBUG] iteration=2067, ncalls=18549, regioncalls=724000, ndraw=40, logz=-728.18, remainder_fraction=99.9998%, Lmin=-720.82, Lmax=-706.75
13:18:27 [ultranest] [DEBUG] iteration=2068, ncalls=18582, regioncalls=725320, ndraw=40, logz=-728.15, remainder_fraction=99.9998%, Lmin=-720.73, Lmax=-706.75
13:18:28 [ultranest] [DEBUG] iteration=2069, ncalls=18614, regioncalls=726600, ndraw=40, logz=-728.13, remainder_fraction=99.9997%, Lmin=-720.71, Lmax=-706.75
13:18:30 [ultranest] [DEBUG] iteration=2070, ncalls=18656, regioncalls=728280, ndraw=40, logz=-728.11, remainder_fraction=99.9997%, Lmin=-720.69, Lmax=-706.75
13:18:31 [ultranest] [DEBUG] iteration=2071, ncalls=18669, regioncalls=728800, ndraw=40, logz=-728.08, remainder_fraction=99.9997%, Lmin=-720.65, Lmax=-706.75
13:18:33 [ultranest] [DEBUG] iteration=2072, ncalls=18725, regioncalls=731040, ndraw=40, logz=-728.06, remainder_fraction=99.9997%, Lmin=-720.61, Lmax=-706.75
13:18:34 [ultranest] [DEBUG] iteration=2073, ncalls=18741, regioncalls=731680, ndraw=40, logz=-728.03, remainder_fraction=99.9997%, Lmin=-720.58, Lmax=-706.75
13:18:35 [ultranest] [DEBUG] iteration=2074, ncalls=18778, regioncalls=733160, ndraw=40, logz=-728.01, remainder_fraction=99.9997%, Lmin=-720.56, Lmax=-706.75
13:18:37 [ultranest] [DEBUG] iteration=2075, ncalls=18813, regioncalls=734560, ndraw=40, logz=-727.99, remainder_fraction=99.9997%, Lmin=-720.50, Lmax=-706.75
13:18:38 [ultranest] [DEBUG] iteration=2076, ncalls=18837, regioncalls=735520, ndraw=40, logz=-727.96, remainder_fraction=99.9997%, Lmin=-720.50, Lmax=-706.75
13:18:39 [ultranest] [DEBUG] iteration=2077, ncalls=18866, regioncalls=736680, ndraw=40, logz=-727.94, remainder_fraction=99.9997%, Lmin=-720.49, Lmax=-706.75
13:18:40 [ultranest] [DEBUG] iteration=2078, ncalls=18885, regioncalls=737440, ndraw=40, logz=-727.91, remainder_fraction=99.9997%, Lmin=-720.45, Lmax=-706.75
13:18:40 [ultranest] [DEBUG] iteration=2079, ncalls=18888, regioncalls=737560, ndraw=40, logz=-727.89, remainder_fraction=99.9997%, Lmin=-720.38, Lmax=-706.75
13:18:40 [ultranest] [DEBUG] iteration=2080, ncalls=18892, regioncalls=737720, ndraw=40, logz=-727.86, remainder_fraction=99.9997%, Lmin=-720.37, Lmax=-706.75
13:18:40 [ultranest] [DEBUG] iteration=2081, ncalls=18896, regioncalls=737880, ndraw=40, logz=-727.84, remainder_fraction=99.9997%, Lmin=-720.36, Lmax=-706.75
13:18:44 [ultranest] [DEBUG] iteration=2082, ncalls=18989, regioncalls=741600, ndraw=40, logz=-727.81, remainder_fraction=99.9996%, Lmin=-720.35, Lmax=-706.75
13:18:44 [ultranest] [DEBUG] iteration=2083, ncalls=18993, regioncalls=741760, ndraw=40, logz=-727.79, remainder_fraction=99.9996%, Lmin=-720.34, Lmax=-706.75
13:18:45 [ultranest] [DEBUG] iteration=2084, ncalls=19014, regioncalls=742680, ndraw=40, logz=-727.76, remainder_fraction=99.9996%, Lmin=-720.33, Lmax=-706.75
13:18:47 [ultranest] [DEBUG] iteration=2085, ncalls=19042, regioncalls=743800, ndraw=40, logz=-727.74, remainder_fraction=99.9996%, Lmin=-720.28, Lmax=-706.75
13:18:47 [ultranest] [DEBUG] iteration=2086, ncalls=19059, regioncalls=744480, ndraw=40, logz=-727.72, remainder_fraction=99.9996%, Lmin=-720.26, Lmax=-706.72
13:18:50 [ultranest] [DEBUG] iteration=2087, ncalls=19122, regioncalls=747000, ndraw=40, logz=-727.69, remainder_fraction=99.9996%, Lmin=-720.25, Lmax=-706.72
13:18:51 [ultranest] [DEBUG] iteration=2088, ncalls=19137, regioncalls=747600, ndraw=40, logz=-727.67, remainder_fraction=99.9996%, Lmin=-720.25, Lmax=-706.72
13:18:52 [ultranest] [DEBUG] iteration=2089, ncalls=19155, regioncalls=748320, ndraw=40, logz=-727.65, remainder_fraction=99.9996%, Lmin=-720.22, Lmax=-706.72
13:18:52 [ultranest] [DEBUG] iteration=2090, ncalls=19175, regioncalls=749120, ndraw=40, logz=-727.62, remainder_fraction=99.9996%, Lmin=-720.19, Lmax=-706.72
13:18:53 [ultranest] [DEBUG] iteration=2091, ncalls=19182, regioncalls=749400, ndraw=40, logz=-727.60, remainder_fraction=99.9996%, Lmin=-720.17, Lmax=-706.72
13:18:54 [ultranest] [DEBUG] iteration=2092, ncalls=19206, regioncalls=750360, ndraw=40, logz=-727.58, remainder_fraction=99.9996%, Lmin=-720.16, Lmax=-706.72
13:18:55 [ultranest] [DEBUG] iteration=2093, ncalls=19237, regioncalls=751600, ndraw=40, logz=-727.56, remainder_fraction=99.9996%, Lmin=-720.14, Lmax=-706.72
13:18:56 [ultranest] [DEBUG] iteration=2094, ncalls=19272, regioncalls=753000, ndraw=40, logz=-727.53, remainder_fraction=99.9996%, Lmin=-720.13, Lmax=-706.72
13:18:57 [ultranest] [DEBUG] iteration=2095, ncalls=19276, regioncalls=753160, ndraw=40, logz=-727.51, remainder_fraction=99.9996%, Lmin=-720.12, Lmax=-706.72
13:19:01 [ultranest] [DEBUG] iteration=2096, ncalls=19372, regioncalls=757320, ndraw=40, logz=-727.49, remainder_fraction=99.9995%, Lmin=-720.11, Lmax=-706.72
13:19:02 [ultranest] [DEBUG] iteration=2097, ncalls=19416, regioncalls=759400, ndraw=40, logz=-727.47, remainder_fraction=99.9995%, Lmin=-720.11, Lmax=-706.72
13:19:03 [ultranest] [DEBUG] iteration=2098, ncalls=19419, regioncalls=759520, ndraw=40, logz=-727.45, remainder_fraction=99.9995%, Lmin=-720.10, Lmax=-706.72
13:19:03 [ultranest] [DEBUG] iteration=2099, ncalls=19440, regioncalls=760360, ndraw=40, logz=-727.43, remainder_fraction=99.9995%, Lmin=-720.07, Lmax=-706.72
13:19:06 [ultranest] [DEBUG] iteration=2100, ncalls=19501, regioncalls=762800, ndraw=40, logz=-727.41, remainder_fraction=99.9995%, Lmin=-720.05, Lmax=-706.72
13:19:07 [ultranest] [DEBUG] iteration=2101, ncalls=19534, regioncalls=764120, ndraw=40, logz=-727.38, remainder_fraction=99.9995%, Lmin=-719.99, Lmax=-706.72
13:19:08 [ultranest] [DEBUG] iteration=2102, ncalls=19542, regioncalls=764440, ndraw=40, logz=-727.36, remainder_fraction=99.9995%, Lmin=-719.90, Lmax=-706.72
13:19:09 [ultranest] [DEBUG] iteration=2103, ncalls=19565, regioncalls=765360, ndraw=40, logz=-727.34, remainder_fraction=99.9995%, Lmin=-719.89, Lmax=-706.72
13:19:09 [ultranest] [DEBUG] iteration=2105, ncalls=19581, regioncalls=766080, ndraw=40, logz=-727.30, remainder_fraction=99.9995%, Lmin=-719.83, Lmax=-706.72
13:19:11 [ultranest] [DEBUG] iteration=2106, ncalls=19608, regioncalls=767600, ndraw=40, logz=-727.27, remainder_fraction=99.9994%, Lmin=-719.82, Lmax=-706.72
13:19:13 [ultranest] [DEBUG] iteration=2107, ncalls=19664, regioncalls=769840, ndraw=40, logz=-727.25, remainder_fraction=99.9994%, Lmin=-719.82, Lmax=-706.72
13:19:14 [ultranest] [DEBUG] iteration=2108, ncalls=19689, regioncalls=770840, ndraw=40, logz=-727.23, remainder_fraction=99.9994%, Lmin=-719.80, Lmax=-706.72
13:19:14 [ultranest] [DEBUG] iteration=2109, ncalls=19694, regioncalls=771040, ndraw=40, logz=-727.21, remainder_fraction=99.9994%, Lmin=-719.79, Lmax=-706.72
13:19:15 [ultranest] [DEBUG] iteration=2110, ncalls=19707, regioncalls=771560, ndraw=40, logz=-727.18, remainder_fraction=99.9994%, Lmin=-719.77, Lmax=-706.72
13:19:16 [ultranest] [DEBUG] iteration=2112, ncalls=19734, regioncalls=772640, ndraw=40, logz=-727.14, remainder_fraction=99.9994%, Lmin=-719.72, Lmax=-706.72
13:19:16 [ultranest] [DEBUG] iteration=2113, ncalls=19743, regioncalls=773000, ndraw=40, logz=-727.12, remainder_fraction=99.9994%, Lmin=-719.69, Lmax=-706.72
13:19:17 [ultranest] [DEBUG] iteration=2114, ncalls=19776, regioncalls=774320, ndraw=40, logz=-727.10, remainder_fraction=99.9993%, Lmin=-719.64, Lmax=-706.72
13:19:18 [ultranest] [DEBUG] iteration=2115, ncalls=19790, regioncalls=774880, ndraw=40, logz=-727.08, remainder_fraction=99.9993%, Lmin=-719.64, Lmax=-706.72
13:19:19 [ultranest] [DEBUG] iteration=2116, ncalls=19804, regioncalls=775440, ndraw=40, logz=-727.05, remainder_fraction=99.9993%, Lmin=-719.61, Lmax=-706.72
13:19:19 [ultranest] [DEBUG] iteration=2117, ncalls=19813, regioncalls=775800, ndraw=40, logz=-727.03, remainder_fraction=99.9993%, Lmin=-719.61, Lmax=-706.72
13:19:20 [ultranest] [DEBUG] iteration=2118, ncalls=19832, regioncalls=776840, ndraw=40, logz=-727.01, remainder_fraction=99.9993%, Lmin=-719.61, Lmax=-706.72
13:19:21 [ultranest] [DEBUG] iteration=2119, ncalls=19863, regioncalls=778080, ndraw=40, logz=-726.99, remainder_fraction=99.9993%, Lmin=-719.59, Lmax=-706.72
13:19:21 [ultranest] [DEBUG] iteration=2120, ncalls=19870, regioncalls=778360, ndraw=40, logz=-726.97, remainder_fraction=99.9993%, Lmin=-719.55, Lmax=-706.72
13:19:22 [ultranest] [DEBUG] iteration=2121, ncalls=19876, regioncalls=778600, ndraw=40, logz=-726.95, remainder_fraction=99.9993%, Lmin=-719.52, Lmax=-706.72
13:19:25 [ultranest] [DEBUG] iteration=2122, ncalls=19949, regioncalls=781520, ndraw=40, logz=-726.93, remainder_fraction=99.9993%, Lmin=-719.49, Lmax=-706.72
13:19:26 [ultranest] [DEBUG] iteration=2123, ncalls=19974, regioncalls=782600, ndraw=40, logz=-726.91, remainder_fraction=99.9992%, Lmin=-719.43, Lmax=-706.72
13:19:26 [ultranest] [DEBUG] iteration=2124, ncalls=19979, regioncalls=782800, ndraw=40, logz=-726.88, remainder_fraction=99.9992%, Lmin=-719.43, Lmax=-706.72
13:19:29 [ultranest] [DEBUG] iteration=2125, ncalls=20053, regioncalls=785760, ndraw=40, logz=-726.86, remainder_fraction=99.9992%, Lmin=-719.36, Lmax=-706.72
13:19:29 [ultranest] [DEBUG] iteration=2126, ncalls=20062, regioncalls=786120, ndraw=40, logz=-726.84, remainder_fraction=99.9992%, Lmin=-719.33, Lmax=-706.72
13:19:31 [ultranest] [DEBUG] iteration=2127, ncalls=20105, regioncalls=787840, ndraw=40, logz=-726.82, remainder_fraction=99.9992%, Lmin=-719.33, Lmax=-706.72
13:19:32 [ultranest] [DEBUG] iteration=2128, ncalls=20138, regioncalls=789160, ndraw=40, logz=-726.80, remainder_fraction=99.9991%, Lmin=-719.30, Lmax=-706.72
13:19:33 [ultranest] [DEBUG] iteration=2129, ncalls=20153, regioncalls=789760, ndraw=40, logz=-726.77, remainder_fraction=99.9991%, Lmin=-719.27, Lmax=-706.72
13:19:34 [ultranest] [DEBUG] iteration=2131, ncalls=20176, regioncalls=790840, ndraw=40, logz=-726.73, remainder_fraction=99.9991%, Lmin=-719.26, Lmax=-706.72
13:19:36 [ultranest] [DEBUG] iteration=2132, ncalls=20221, regioncalls=792640, ndraw=40, logz=-726.71, remainder_fraction=99.9991%, Lmin=-719.23, Lmax=-706.72
13:19:37 [ultranest] [DEBUG] iteration=2133, ncalls=20234, regioncalls=793160, ndraw=40, logz=-726.69, remainder_fraction=99.9990%, Lmin=-719.20, Lmax=-706.72
13:19:37 [ultranest] [DEBUG] iteration=2134, ncalls=20248, regioncalls=793720, ndraw=40, logz=-726.66, remainder_fraction=99.9990%, Lmin=-719.20, Lmax=-706.72
13:19:38 [ultranest] [DEBUG] iteration=2135, ncalls=20267, regioncalls=794480, ndraw=40, logz=-726.64, remainder_fraction=99.9990%, Lmin=-719.19, Lmax=-706.72
13:19:39 [ultranest] [DEBUG] iteration=2136, ncalls=20285, regioncalls=795200, ndraw=40, logz=-726.62, remainder_fraction=99.9990%, Lmin=-719.17, Lmax=-706.72
13:19:41 [ultranest] [DEBUG] iteration=2137, ncalls=20317, regioncalls=796480, ndraw=40, logz=-726.60, remainder_fraction=99.9989%, Lmin=-719.15, Lmax=-706.72
13:19:41 [ultranest] [DEBUG] iteration=2138, ncalls=20323, regioncalls=796720, ndraw=40, logz=-726.58, remainder_fraction=99.9989%, Lmin=-719.15, Lmax=-706.72
13:19:45 [ultranest] [DEBUG] iteration=2139, ncalls=20425, regioncalls=800800, ndraw=40, logz=-726.56, remainder_fraction=99.9989%, Lmin=-719.11, Lmax=-706.72
13:19:45 [ultranest] [DEBUG] iteration=2140, ncalls=20433, regioncalls=801120, ndraw=40, logz=-726.54, remainder_fraction=99.9989%, Lmin=-719.10, Lmax=-706.72
13:19:46 [ultranest] [DEBUG] iteration=2141, ncalls=20442, regioncalls=801480, ndraw=40, logz=-726.52, remainder_fraction=99.9988%, Lmin=-719.09, Lmax=-706.72
13:19:46 [ultranest] [DEBUG] iteration=2142, ncalls=20446, regioncalls=801640, ndraw=40, logz=-726.50, remainder_fraction=99.9988%, Lmin=-719.06, Lmax=-706.72
13:19:47 [ultranest] [DEBUG] iteration=2143, ncalls=20465, regioncalls=802440, ndraw=40, logz=-726.48, remainder_fraction=99.9988%, Lmin=-719.03, Lmax=-706.72
13:19:50 [ultranest] [DEBUG] iteration=2144, ncalls=20555, regioncalls=806040, ndraw=40, logz=-726.46, remainder_fraction=99.9988%, Lmin=-718.92, Lmax=-706.72
13:19:51 [ultranest] [DEBUG] iteration=2145, ncalls=20563, regioncalls=806360, ndraw=40, logz=-726.44, remainder_fraction=99.9987%, Lmin=-718.92, Lmax=-706.72
13:19:52 [ultranest] [DEBUG] iteration=2146, ncalls=20591, regioncalls=807480, ndraw=40, logz=-726.41, remainder_fraction=99.9987%, Lmin=-718.88, Lmax=-706.72
13:19:52 [ultranest] [DEBUG] iteration=2147, ncalls=20601, regioncalls=807880, ndraw=40, logz=-726.39, remainder_fraction=99.9987%, Lmin=-718.88, Lmax=-706.72
13:19:52 [ultranest] [DEBUG] iteration=2148, ncalls=20604, regioncalls=808000, ndraw=40, logz=-726.37, remainder_fraction=99.9986%, Lmin=-718.73, Lmax=-706.72
13:19:53 [ultranest] [DEBUG] iteration=2149, ncalls=20618, regioncalls=808560, ndraw=40, logz=-726.35, remainder_fraction=99.9986%, Lmin=-718.69, Lmax=-706.72
13:19:56 [ultranest] [DEBUG] iteration=2150, ncalls=20687, regioncalls=811400, ndraw=40, logz=-726.32, remainder_fraction=99.9986%, Lmin=-718.68, Lmax=-706.72
13:19:57 [ultranest] [DEBUG] iteration=2151, ncalls=20706, regioncalls=812160, ndraw=40, logz=-726.30, remainder_fraction=99.9985%, Lmin=-718.65, Lmax=-706.72
13:20:01 [ultranest] [DEBUG] iteration=2152, ncalls=20800, regioncalls=815920, ndraw=40, logz=-726.27, remainder_fraction=99.9985%, Lmin=-718.62, Lmax=-706.72
13:20:01 [ultranest] [DEBUG] iteration=2153, ncalls=20817, regioncalls=816600, ndraw=40, logz=-726.25, remainder_fraction=99.9984%, Lmin=-718.60, Lmax=-706.72
13:20:03 [ultranest] [DEBUG] iteration=2154, ncalls=20858, regioncalls=818240, ndraw=40, logz=-726.22, remainder_fraction=99.9984%, Lmin=-718.59, Lmax=-706.72
13:20:05 [ultranest] [DEBUG] iteration=2155, ncalls=20908, regioncalls=820240, ndraw=40, logz=-726.20, remainder_fraction=99.9984%, Lmin=-718.59, Lmax=-706.72
13:20:06 [ultranest] [DEBUG] iteration=2156, ncalls=20920, regioncalls=820720, ndraw=40, logz=-726.18, remainder_fraction=99.9983%, Lmin=-718.56, Lmax=-706.72
13:20:07 [ultranest] [DEBUG] iteration=2157, ncalls=20949, regioncalls=821880, ndraw=40, logz=-726.15, remainder_fraction=99.9983%, Lmin=-718.55, Lmax=-706.72
13:20:10 [ultranest] [DEBUG] iteration=2158, ncalls=21015, regioncalls=824520, ndraw=40, logz=-726.13, remainder_fraction=99.9982%, Lmin=-718.52, Lmax=-706.72
13:20:12 [ultranest] [DEBUG] iteration=2160, ncalls=21066, regioncalls=826720, ndraw=40, logz=-726.08, remainder_fraction=99.9982%, Lmin=-718.49, Lmax=-706.72
13:20:15 [ultranest] [DEBUG] iteration=2161, ncalls=21132, regioncalls=829360, ndraw=40, logz=-726.06, remainder_fraction=99.9981%, Lmin=-718.48, Lmax=-706.72
13:20:16 [ultranest] [DEBUG] iteration=2162, ncalls=21145, regioncalls=829880, ndraw=40, logz=-726.04, remainder_fraction=99.9981%, Lmin=-718.36, Lmax=-706.72
13:20:17 [ultranest] [DEBUG] iteration=2163, ncalls=21184, regioncalls=831440, ndraw=40, logz=-726.01, remainder_fraction=99.9980%, Lmin=-718.35, Lmax=-706.72
13:20:19 [ultranest] [DEBUG] iteration=2164, ncalls=21214, regioncalls=832680, ndraw=40, logz=-725.99, remainder_fraction=99.9980%, Lmin=-718.35, Lmax=-706.72
13:20:20 [ultranest] [DEBUG] iteration=2165, ncalls=21250, regioncalls=834320, ndraw=40, logz=-725.97, remainder_fraction=99.9979%, Lmin=-718.34, Lmax=-706.72
13:20:23 [ultranest] [DEBUG] iteration=2166, ncalls=21302, regioncalls=836560, ndraw=40, logz=-725.94, remainder_fraction=99.9979%, Lmin=-718.30, Lmax=-706.72
13:20:23 [ultranest] [DEBUG] iteration=2167, ncalls=21317, regioncalls=837160, ndraw=40, logz=-725.92, remainder_fraction=99.9979%, Lmin=-718.25, Lmax=-706.72
13:20:25 [ultranest] [DEBUG] iteration=2168, ncalls=21362, regioncalls=839080, ndraw=40, logz=-725.90, remainder_fraction=99.9978%, Lmin=-718.24, Lmax=-706.72
13:20:26 [ultranest] [DEBUG] iteration=2169, ncalls=21378, regioncalls=839800, ndraw=40, logz=-725.87, remainder_fraction=99.9978%, Lmin=-718.24, Lmax=-706.72
13:20:26 [ultranest] [DEBUG] iteration=2171, ncalls=21385, regioncalls=840080, ndraw=40, logz=-725.83, remainder_fraction=99.9977%, Lmin=-718.20, Lmax=-706.72
13:20:27 [ultranest] [DEBUG] iteration=2172, ncalls=21407, regioncalls=841080, ndraw=40, logz=-725.80, remainder_fraction=99.9976%, Lmin=-718.19, Lmax=-706.72
13:20:28 [ultranest] [DEBUG] iteration=2173, ncalls=21427, regioncalls=842160, ndraw=40, logz=-725.78, remainder_fraction=99.9976%, Lmin=-718.15, Lmax=-706.72
13:20:29 [ultranest] [DEBUG] iteration=2174, ncalls=21436, regioncalls=842520, ndraw=40, logz=-725.76, remainder_fraction=99.9975%, Lmin=-718.14, Lmax=-706.72
13:20:30 [ultranest] [DEBUG] iteration=2175, ncalls=21462, regioncalls=843760, ndraw=40, logz=-725.74, remainder_fraction=99.9974%, Lmin=-718.13, Lmax=-706.72
13:20:31 [ultranest] [DEBUG] iteration=2176, ncalls=21478, regioncalls=844400, ndraw=40, logz=-725.71, remainder_fraction=99.9974%, Lmin=-718.09, Lmax=-706.72
13:20:31 [ultranest] [DEBUG] iteration=2177, ncalls=21485, regioncalls=844680, ndraw=40, logz=-725.69, remainder_fraction=99.9973%, Lmin=-718.07, Lmax=-706.72
13:20:32 [ultranest] [DEBUG] iteration=2178, ncalls=21510, regioncalls=845720, ndraw=40, logz=-725.67, remainder_fraction=99.9972%, Lmin=-718.06, Lmax=-706.72
13:20:34 [ultranest] [DEBUG] iteration=2180, ncalls=21550, regioncalls=847360, ndraw=40, logz=-725.63, remainder_fraction=99.9971%, Lmin=-718.04, Lmax=-706.72
13:20:35 [ultranest] [DEBUG] iteration=2181, ncalls=21568, regioncalls=848080, ndraw=40, logz=-725.60, remainder_fraction=99.9971%, Lmin=-717.96, Lmax=-706.72
13:20:35 [ultranest] [DEBUG] iteration=2183, ncalls=21576, regioncalls=848400, ndraw=40, logz=-725.56, remainder_fraction=99.9969%, Lmin=-717.85, Lmax=-706.72
13:20:36 [ultranest] [DEBUG] iteration=2184, ncalls=21585, regioncalls=848760, ndraw=40, logz=-725.53, remainder_fraction=99.9969%, Lmin=-717.84, Lmax=-706.72
13:20:38 [ultranest] [DEBUG] iteration=2185, ncalls=21645, regioncalls=851160, ndraw=40, logz=-725.51, remainder_fraction=99.9968%, Lmin=-717.83, Lmax=-706.72
13:20:38 [ultranest] [DEBUG] iteration=2186, ncalls=21650, regioncalls=851360, ndraw=40, logz=-725.49, remainder_fraction=99.9967%, Lmin=-717.80, Lmax=-706.72
13:20:41 [ultranest] [DEBUG] iteration=2187, ncalls=21712, regioncalls=853840, ndraw=40, logz=-725.46, remainder_fraction=99.9966%, Lmin=-717.80, Lmax=-706.72
13:20:42 [ultranest] [DEBUG] iteration=2188, ncalls=21724, regioncalls=854320, ndraw=40, logz=-725.44, remainder_fraction=99.9966%, Lmin=-717.78, Lmax=-706.72
13:20:42 [ultranest] [DEBUG] iteration=2189, ncalls=21738, regioncalls=854880, ndraw=40, logz=-725.42, remainder_fraction=99.9966%, Lmin=-717.78, Lmax=-706.72
13:20:43 [ultranest] [DEBUG] iteration=2190, ncalls=21745, regioncalls=855160, ndraw=40, logz=-725.40, remainder_fraction=99.9965%, Lmin=-717.75, Lmax=-706.72
13:20:43 [ultranest] [DEBUG] iteration=2191, ncalls=21758, regioncalls=856080, ndraw=40, logz=-725.37, remainder_fraction=99.9964%, Lmin=-717.71, Lmax=-706.72
13:20:44 [ultranest] [DEBUG] iteration=2192, ncalls=21773, regioncalls=856680, ndraw=40, logz=-725.35, remainder_fraction=99.9964%, Lmin=-717.69, Lmax=-706.72
13:20:45 [ultranest] [DEBUG] iteration=2193, ncalls=21807, regioncalls=858040, ndraw=40, logz=-725.33, remainder_fraction=99.9963%, Lmin=-717.67, Lmax=-706.72
13:20:46 [ultranest] [DEBUG] iteration=2194, ncalls=21812, regioncalls=858240, ndraw=40, logz=-725.31, remainder_fraction=99.9962%, Lmin=-717.66, Lmax=-706.72
13:20:46 [ultranest] [DEBUG] iteration=2195, ncalls=21822, regioncalls=858640, ndraw=40, logz=-725.29, remainder_fraction=99.9961%, Lmin=-717.66, Lmax=-706.72
13:20:49 [ultranest] [DEBUG] iteration=2196, ncalls=21897, regioncalls=861880, ndraw=40, logz=-725.26, remainder_fraction=99.9960%, Lmin=-717.65, Lmax=-706.72
13:20:51 [ultranest] [DEBUG] iteration=2197, ncalls=21935, regioncalls=863480, ndraw=40, logz=-725.24, remainder_fraction=99.9959%, Lmin=-717.59, Lmax=-706.72
13:20:53 [ultranest] [DEBUG] iteration=2198, ncalls=21977, regioncalls=865320, ndraw=40, logz=-725.22, remainder_fraction=99.9958%, Lmin=-717.57, Lmax=-706.72
13:20:53 [ultranest] [DEBUG] iteration=2199, ncalls=21983, regioncalls=865560, ndraw=40, logz=-725.20, remainder_fraction=99.9957%, Lmin=-717.56, Lmax=-706.72
13:20:54 [ultranest] [DEBUG] iteration=2200, ncalls=21995, regioncalls=866040, ndraw=40, logz=-725.18, remainder_fraction=99.9956%, Lmin=-717.47, Lmax=-706.72
13:20:55 [ultranest] [DEBUG] iteration=2201, ncalls=22017, regioncalls=866920, ndraw=40, logz=-725.15, remainder_fraction=99.9955%, Lmin=-717.44, Lmax=-706.72
13:20:56 [ultranest] [DEBUG] iteration=2202, ncalls=22036, regioncalls=867680, ndraw=40, logz=-725.13, remainder_fraction=99.9954%, Lmin=-717.41, Lmax=-706.72
13:20:56 [ultranest] [DEBUG] iteration=2203, ncalls=22040, regioncalls=867840, ndraw=40, logz=-725.11, remainder_fraction=99.9953%, Lmin=-717.41, Lmax=-706.72
13:20:57 [ultranest] [DEBUG] iteration=2204, ncalls=22082, regioncalls=869600, ndraw=40, logz=-725.09, remainder_fraction=99.9952%, Lmin=-717.39, Lmax=-706.72
13:20:58 [ultranest] [DEBUG] iteration=2205, ncalls=22103, regioncalls=870440, ndraw=40, logz=-725.06, remainder_fraction=99.9951%, Lmin=-717.37, Lmax=-706.72
13:20:59 [ultranest] [DEBUG] iteration=2206, ncalls=22112, regioncalls=870800, ndraw=40, logz=-725.04, remainder_fraction=99.9950%, Lmin=-717.36, Lmax=-706.72
13:21:01 [ultranest] [DEBUG] iteration=2207, ncalls=22173, regioncalls=874000, ndraw=40, logz=-725.02, remainder_fraction=99.9949%, Lmin=-717.34, Lmax=-706.72
13:21:02 [ultranest] [DEBUG] iteration=2208, ncalls=22198, regioncalls=875000, ndraw=40, logz=-725.00, remainder_fraction=99.9948%, Lmin=-717.33, Lmax=-706.72
13:21:04 [ultranest] [DEBUG] iteration=2209, ncalls=22239, regioncalls=876640, ndraw=40, logz=-724.97, remainder_fraction=99.9947%, Lmin=-717.33, Lmax=-706.72
13:21:07 [ultranest] [DEBUG] iteration=2210, ncalls=22301, regioncalls=879480, ndraw=40, logz=-724.95, remainder_fraction=99.9946%, Lmin=-717.30, Lmax=-706.72
13:21:07 [ultranest] [DEBUG] iteration=2211, ncalls=22311, regioncalls=880120, ndraw=40, logz=-724.93, remainder_fraction=99.9944%, Lmin=-717.29, Lmax=-706.72
13:21:12 [ultranest] [DEBUG] iteration=2212, ncalls=22407, regioncalls=884320, ndraw=40, logz=-724.91, remainder_fraction=99.9943%, Lmin=-717.28, Lmax=-706.72
13:21:13 [ultranest] [DEBUG] iteration=2213, ncalls=22434, regioncalls=885400, ndraw=40, logz=-724.89, remainder_fraction=99.9942%, Lmin=-717.28, Lmax=-706.72
13:21:14 [ultranest] [DEBUG] iteration=2214, ncalls=22459, regioncalls=886720, ndraw=40, logz=-724.87, remainder_fraction=99.9940%, Lmin=-717.27, Lmax=-706.72
13:21:15 [ultranest] [DEBUG] iteration=2215, ncalls=22486, regioncalls=888440, ndraw=40, logz=-724.85, remainder_fraction=99.9939%, Lmin=-717.25, Lmax=-706.72
13:21:15 [ultranest] [DEBUG] iteration=2216, ncalls=22494, regioncalls=888760, ndraw=40, logz=-724.83, remainder_fraction=99.9938%, Lmin=-717.25, Lmax=-706.72
13:21:16 [ultranest] [DEBUG] iteration=2217, ncalls=22509, regioncalls=889360, ndraw=40, logz=-724.81, remainder_fraction=99.9936%, Lmin=-717.24, Lmax=-706.72
13:21:16 [ultranest] [DEBUG] iteration=2218, ncalls=22513, regioncalls=889520, ndraw=40, logz=-724.79, remainder_fraction=99.9935%, Lmin=-717.24, Lmax=-706.72
13:21:17 [ultranest] [DEBUG] iteration=2219, ncalls=22541, regioncalls=890680, ndraw=40, logz=-724.77, remainder_fraction=99.9933%, Lmin=-717.22, Lmax=-706.72
13:21:18 [ultranest] [DEBUG] iteration=2220, ncalls=22545, regioncalls=890840, ndraw=40, logz=-724.75, remainder_fraction=99.9932%, Lmin=-717.21, Lmax=-706.72
13:21:18 [ultranest] [DEBUG] iteration=2221, ncalls=22563, regioncalls=891560, ndraw=40, logz=-724.74, remainder_fraction=99.9932%, Lmin=-717.21, Lmax=-706.72
13:21:19 [ultranest] [DEBUG] iteration=2222, ncalls=22577, regioncalls=892120, ndraw=40, logz=-724.72, remainder_fraction=99.9930%, Lmin=-717.21, Lmax=-706.72
13:21:22 [ultranest] [DEBUG] iteration=2223, ncalls=22637, regioncalls=895760, ndraw=40, logz=-724.70, remainder_fraction=99.9929%, Lmin=-717.18, Lmax=-706.56
13:21:23 [ultranest] [DEBUG] iteration=2225, ncalls=22660, regioncalls=896680, ndraw=40, logz=-724.66, remainder_fraction=99.9931%, Lmin=-717.16, Lmax=-706.56
13:21:24 [ultranest] [DEBUG] iteration=2226, ncalls=22684, regioncalls=897840, ndraw=40, logz=-724.65, remainder_fraction=99.9930%, Lmin=-717.14, Lmax=-706.56
13:21:27 [ultranest] [DEBUG] iteration=2227, ncalls=22745, regioncalls=900560, ndraw=40, logz=-724.63, remainder_fraction=99.9929%, Lmin=-717.14, Lmax=-706.56
13:21:27 [ultranest] [DEBUG] iteration=2228, ncalls=22758, regioncalls=901160, ndraw=40, logz=-724.61, remainder_fraction=99.9927%, Lmin=-717.11, Lmax=-706.56
13:21:28 [ultranest] [DEBUG] iteration=2229, ncalls=22769, regioncalls=901720, ndraw=40, logz=-724.59, remainder_fraction=99.9926%, Lmin=-717.09, Lmax=-706.56
13:21:28 [ultranest] [DEBUG] iteration=2230, ncalls=22773, regioncalls=901880, ndraw=40, logz=-724.58, remainder_fraction=99.9924%, Lmin=-717.08, Lmax=-706.56
13:21:30 [ultranest] [DEBUG] iteration=2231, ncalls=22810, regioncalls=903880, ndraw=40, logz=-724.56, remainder_fraction=99.9923%, Lmin=-717.07, Lmax=-706.56
13:21:30 [ultranest] [DEBUG] iteration=2232, ncalls=22817, regioncalls=904280, ndraw=40, logz=-724.54, remainder_fraction=99.9921%, Lmin=-717.04, Lmax=-706.56
13:21:31 [ultranest] [DEBUG] iteration=2233, ncalls=22835, regioncalls=905000, ndraw=40, logz=-724.52, remainder_fraction=99.9920%, Lmin=-717.04, Lmax=-706.56
13:21:34 [ultranest] [DEBUG] iteration=2234, ncalls=22915, regioncalls=908400, ndraw=40, logz=-724.51, remainder_fraction=99.9918%, Lmin=-717.02, Lmax=-706.56
13:21:35 [ultranest] [DEBUG] iteration=2235, ncalls=22945, regioncalls=909840, ndraw=40, logz=-724.49, remainder_fraction=99.9917%, Lmin=-717.01, Lmax=-706.56
13:21:38 [ultranest] [DEBUG] iteration=2236, ncalls=23003, regioncalls=912720, ndraw=40, logz=-724.47, remainder_fraction=99.9915%, Lmin=-717.01, Lmax=-706.56
13:21:38 [ultranest] [DEBUG] iteration=2237, ncalls=23008, regioncalls=912920, ndraw=40, logz=-724.46, remainder_fraction=99.9916%, Lmin=-717.01, Lmax=-706.56
13:21:39 [ultranest] [DEBUG] iteration=2238, ncalls=23024, regioncalls=913560, ndraw=40, logz=-724.44, remainder_fraction=99.9914%, Lmin=-717.01, Lmax=-706.56
13:21:39 [ultranest] [DEBUG] iteration=2239, ncalls=23035, regioncalls=914080, ndraw=40, logz=-724.42, remainder_fraction=99.9913%, Lmin=-716.99, Lmax=-706.56
13:21:40 [ultranest] [DEBUG] iteration=2240, ncalls=23052, regioncalls=914760, ndraw=40, logz=-724.41, remainder_fraction=99.9911%, Lmin=-716.95, Lmax=-706.56
13:21:41 [ultranest] [DEBUG] iteration=2241, ncalls=23059, regioncalls=915080, ndraw=40, logz=-724.39, remainder_fraction=99.9911%, Lmin=-716.94, Lmax=-706.56
13:21:42 [ultranest] [DEBUG] iteration=2242, ncalls=23081, regioncalls=916000, ndraw=40, logz=-724.38, remainder_fraction=99.9909%, Lmin=-716.88, Lmax=-706.56
13:21:43 [ultranest] [DEBUG] iteration=2244, ncalls=23117, regioncalls=917440, ndraw=40, logz=-724.34, remainder_fraction=99.9905%, Lmin=-716.84, Lmax=-706.56
13:21:45 [ultranest] [DEBUG] iteration=2245, ncalls=23154, regioncalls=918960, ndraw=40, logz=-724.33, remainder_fraction=99.9904%, Lmin=-716.84, Lmax=-706.56
13:21:45 [ultranest] [DEBUG] iteration=2246, ncalls=23168, regioncalls=919600, ndraw=40, logz=-724.31, remainder_fraction=99.9902%, Lmin=-716.83, Lmax=-706.56
13:21:48 [ultranest] [DEBUG] iteration=2247, ncalls=23227, regioncalls=922000, ndraw=40, logz=-724.29, remainder_fraction=99.9901%, Lmin=-716.83, Lmax=-706.56
13:21:49 [ultranest] [DEBUG] iteration=2248, ncalls=23249, regioncalls=923000, ndraw=40, logz=-724.28, remainder_fraction=99.9899%, Lmin=-716.82, Lmax=-706.56
13:21:51 [ultranest] [DEBUG] iteration=2249, ncalls=23283, regioncalls=924520, ndraw=40, logz=-724.26, remainder_fraction=99.9897%, Lmin=-716.80, Lmax=-706.56
13:21:51 [ultranest] [DEBUG] iteration=2250, ncalls=23293, regioncalls=924960, ndraw=40, logz=-724.25, remainder_fraction=99.9896%, Lmin=-716.75, Lmax=-706.56
13:21:51 [ultranest] [DEBUG] iteration=2251, ncalls=23299, regioncalls=925200, ndraw=40, logz=-724.23, remainder_fraction=99.9895%, Lmin=-716.75, Lmax=-706.56
13:21:54 [ultranest] [DEBUG] iteration=2253, ncalls=23363, regioncalls=928120, ndraw=40, logz=-724.20, remainder_fraction=99.9891%, Lmin=-716.70, Lmax=-706.56
13:21:55 [ultranest] [DEBUG] iteration=2254, ncalls=23372, regioncalls=928480, ndraw=40, logz=-724.18, remainder_fraction=99.9889%, Lmin=-716.70, Lmax=-706.56
13:21:57 [ultranest] [DEBUG] iteration=2255, ncalls=23427, regioncalls=930680, ndraw=40, logz=-724.16, remainder_fraction=99.9887%, Lmin=-716.66, Lmax=-706.56
13:21:58 [ultranest] [DEBUG] iteration=2256, ncalls=23457, regioncalls=931880, ndraw=40, logz=-724.15, remainder_fraction=99.9885%, Lmin=-716.64, Lmax=-706.56
13:21:59 [ultranest] [DEBUG] iteration=2257, ncalls=23461, regioncalls=932120, ndraw=40, logz=-724.13, remainder_fraction=99.9883%, Lmin=-716.63, Lmax=-706.56
13:22:03 [ultranest] [DEBUG] iteration=2258, ncalls=23551, regioncalls=936040, ndraw=40, logz=-724.11, remainder_fraction=99.9881%, Lmin=-716.60, Lmax=-706.56
13:22:05 [ultranest] [DEBUG] iteration=2259, ncalls=23590, regioncalls=937640, ndraw=40, logz=-724.10, remainder_fraction=99.9879%, Lmin=-716.59, Lmax=-706.56
13:22:06 [ultranest] [DEBUG] iteration=2260, ncalls=23621, regioncalls=938880, ndraw=40, logz=-724.08, remainder_fraction=99.9876%, Lmin=-716.56, Lmax=-706.56
13:22:06 [ultranest] [DEBUG] iteration=2261, ncalls=23626, regioncalls=939080, ndraw=40, logz=-724.07, remainder_fraction=99.9874%, Lmin=-716.56, Lmax=-706.56
13:22:08 [ultranest] [DEBUG] iteration=2262, ncalls=23651, regioncalls=940080, ndraw=40, logz=-724.05, remainder_fraction=99.9872%, Lmin=-716.55, Lmax=-706.56
13:22:08 [ultranest] [DEBUG] iteration=2263, ncalls=23653, regioncalls=940160, ndraw=40, logz=-724.03, remainder_fraction=99.9870%, Lmin=-716.55, Lmax=-706.56
13:22:08 [ultranest] [DEBUG] iteration=2264, ncalls=23657, regioncalls=940320, ndraw=40, logz=-724.02, remainder_fraction=99.9867%, Lmin=-716.54, Lmax=-706.56
13:22:08 [ultranest] [DEBUG] iteration=2265, ncalls=23663, regioncalls=940560, ndraw=40, logz=-724.00, remainder_fraction=99.9865%, Lmin=-716.53, Lmax=-706.56
13:22:09 [ultranest] [DEBUG] iteration=2266, ncalls=23670, regioncalls=940840, ndraw=40, logz=-723.99, remainder_fraction=99.9862%, Lmin=-716.50, Lmax=-706.56
13:22:09 [ultranest] [DEBUG] iteration=2267, ncalls=23672, regioncalls=940920, ndraw=40, logz=-723.97, remainder_fraction=99.9861%, Lmin=-716.46, Lmax=-706.56
13:22:09 [ultranest] [DEBUG] iteration=2268, ncalls=23676, regioncalls=941080, ndraw=40, logz=-723.95, remainder_fraction=99.9858%, Lmin=-716.46, Lmax=-706.56
13:22:10 [ultranest] [DEBUG] iteration=2269, ncalls=23690, regioncalls=941640, ndraw=40, logz=-723.94, remainder_fraction=99.9855%, Lmin=-716.44, Lmax=-706.56
13:22:10 [ultranest] [DEBUG] iteration=2270, ncalls=23694, regioncalls=941800, ndraw=40, logz=-723.92, remainder_fraction=99.9854%, Lmin=-716.44, Lmax=-706.56
13:22:10 [ultranest] [DEBUG] iteration=2271, ncalls=23698, regioncalls=941960, ndraw=40, logz=-723.91, remainder_fraction=99.9851%, Lmin=-716.44, Lmax=-706.56
13:22:12 [ultranest] [DEBUG] iteration=2272, ncalls=23725, regioncalls=943240, ndraw=40, logz=-723.89, remainder_fraction=99.9849%, Lmin=-716.43, Lmax=-706.56
13:22:13 [ultranest] [DEBUG] iteration=2273, ncalls=23755, regioncalls=944560, ndraw=40, logz=-723.88, remainder_fraction=99.9846%, Lmin=-716.42, Lmax=-706.56
13:22:16 [ultranest] [DEBUG] iteration=2274, ncalls=23835, regioncalls=947920, ndraw=40, logz=-723.86, remainder_fraction=99.9843%, Lmin=-716.42, Lmax=-706.56
13:22:17 [ultranest] [DEBUG] iteration=2275, ncalls=23852, regioncalls=948800, ndraw=40, logz=-723.85, remainder_fraction=99.9841%, Lmin=-716.40, Lmax=-706.56
13:22:18 [ultranest] [DEBUG] iteration=2277, ncalls=23869, regioncalls=949640, ndraw=40, logz=-723.82, remainder_fraction=99.9835%, Lmin=-716.39, Lmax=-706.56
13:22:18 [ultranest] [DEBUG] iteration=2278, ncalls=23876, regioncalls=949920, ndraw=40, logz=-723.80, remainder_fraction=99.9833%, Lmin=-716.38, Lmax=-706.56
13:22:20 [ultranest] [DEBUG] iteration=2279, ncalls=23922, regioncalls=951920, ndraw=40, logz=-723.79, remainder_fraction=99.9830%, Lmin=-716.36, Lmax=-706.56
13:22:22 [ultranest] [DEBUG] iteration=2280, ncalls=23970, regioncalls=954200, ndraw=40, logz=-723.78, remainder_fraction=99.9827%, Lmin=-716.36, Lmax=-706.56
13:22:23 [ultranest] [DEBUG] iteration=2281, ncalls=23975, regioncalls=954400, ndraw=40, logz=-723.76, remainder_fraction=99.9824%, Lmin=-716.36, Lmax=-706.56
13:22:23 [ultranest] [DEBUG] iteration=2282, ncalls=23977, regioncalls=954480, ndraw=40, logz=-723.75, remainder_fraction=99.9821%, Lmin=-716.35, Lmax=-706.56
13:22:23 [ultranest] [DEBUG] iteration=2283, ncalls=23979, regioncalls=954560, ndraw=40, logz=-723.73, remainder_fraction=99.9818%, Lmin=-716.33, Lmax=-706.56
13:22:24 [ultranest] [DEBUG] iteration=2284, ncalls=23993, regioncalls=955720, ndraw=40, logz=-723.72, remainder_fraction=99.9815%, Lmin=-716.33, Lmax=-706.56
13:22:25 [ultranest] [DEBUG] iteration=2285, ncalls=24019, regioncalls=956920, ndraw=40, logz=-723.71, remainder_fraction=99.9812%, Lmin=-716.33, Lmax=-706.56
13:22:26 [ultranest] [DEBUG] iteration=2286, ncalls=24035, regioncalls=957560, ndraw=40, logz=-723.69, remainder_fraction=99.9809%, Lmin=-716.30, Lmax=-706.56
13:22:27 [ultranest] [DEBUG] iteration=2287, ncalls=24050, regioncalls=958280, ndraw=40, logz=-723.68, remainder_fraction=99.9806%, Lmin=-716.27, Lmax=-706.56
13:22:28 [ultranest] [DEBUG] iteration=2288, ncalls=24072, regioncalls=959360, ndraw=40, logz=-723.67, remainder_fraction=99.9806%, Lmin=-716.26, Lmax=-706.56
13:22:28 [ultranest] [DEBUG] iteration=2289, ncalls=24074, regioncalls=959440, ndraw=40, logz=-723.65, remainder_fraction=99.9802%, Lmin=-716.26, Lmax=-706.56
13:22:28 [ultranest] [DEBUG] iteration=2290, ncalls=24076, regioncalls=959520, ndraw=40, logz=-723.64, remainder_fraction=99.9799%, Lmin=-716.26, Lmax=-706.56
13:22:29 [ultranest] [DEBUG] iteration=2291, ncalls=24093, regioncalls=960200, ndraw=40, logz=-723.63, remainder_fraction=99.9796%, Lmin=-716.24, Lmax=-706.56
13:22:32 [ultranest] [DEBUG] iteration=2292, ncalls=24155, regioncalls=963040, ndraw=40, logz=-723.61, remainder_fraction=99.9793%, Lmin=-716.22, Lmax=-706.56
13:22:34 [ultranest] [DEBUG] iteration=2293, ncalls=24189, regioncalls=964880, ndraw=40, logz=-723.60, remainder_fraction=99.9794%, Lmin=-716.18, Lmax=-706.56
13:22:34 [ultranest] [DEBUG] iteration=2294, ncalls=24207, regioncalls=965600, ndraw=40, logz=-723.58, remainder_fraction=99.9790%, Lmin=-716.15, Lmax=-706.56
13:22:35 [ultranest] [DEBUG] iteration=2295, ncalls=24215, regioncalls=966000, ndraw=40, logz=-723.57, remainder_fraction=99.9787%, Lmin=-716.14, Lmax=-706.56
13:22:35 [ultranest] [DEBUG] iteration=2296, ncalls=24218, regioncalls=966120, ndraw=40, logz=-723.56, remainder_fraction=99.9784%, Lmin=-716.14, Lmax=-706.56
13:22:35 [ultranest] [DEBUG] iteration=2297, ncalls=24231, regioncalls=966720, ndraw=40, logz=-723.54, remainder_fraction=99.9780%, Lmin=-716.13, Lmax=-706.56
13:22:36 [ultranest] [DEBUG] iteration=2298, ncalls=24238, regioncalls=967000, ndraw=40, logz=-723.53, remainder_fraction=99.9777%, Lmin=-716.13, Lmax=-706.56
13:22:42 [ultranest] [DEBUG] iteration=2299, ncalls=24358, regioncalls=972400, ndraw=40, logz=-723.52, remainder_fraction=99.9774%, Lmin=-716.10, Lmax=-706.56
13:22:42 [ultranest] [DEBUG] iteration=2300, ncalls=24377, regioncalls=973360, ndraw=40, logz=-723.50, remainder_fraction=99.9770%, Lmin=-716.03, Lmax=-706.56
13:22:43 [ultranest] [DEBUG] iteration=2301, ncalls=24394, regioncalls=974600, ndraw=40, logz=-723.49, remainder_fraction=99.9766%, Lmin=-716.03, Lmax=-706.56
13:22:45 [ultranest] [DEBUG] iteration=2302, ncalls=24427, regioncalls=976120, ndraw=40, logz=-723.47, remainder_fraction=99.9762%, Lmin=-716.03, Lmax=-706.56
13:22:47 [ultranest] [DEBUG] iteration=2303, ncalls=24463, regioncalls=977920, ndraw=40, logz=-723.46, remainder_fraction=99.9758%, Lmin=-716.02, Lmax=-706.56
13:22:47 [ultranest] [DEBUG] iteration=2304, ncalls=24467, regioncalls=978080, ndraw=40, logz=-723.45, remainder_fraction=99.9755%, Lmin=-716.02, Lmax=-706.56
13:22:49 [ultranest] [DEBUG] iteration=2305, ncalls=24496, regioncalls=979320, ndraw=40, logz=-723.43, remainder_fraction=99.9751%, Lmin=-716.01, Lmax=-706.56
13:22:53 [ultranest] [DEBUG] iteration=2306, ncalls=24597, regioncalls=984520, ndraw=40, logz=-723.42, remainder_fraction=99.9747%, Lmin=-716.00, Lmax=-706.56
13:22:54 [ultranest] [DEBUG] iteration=2307, ncalls=24618, regioncalls=985360, ndraw=40, logz=-723.41, remainder_fraction=99.9743%, Lmin=-715.99, Lmax=-706.56
13:22:56 [ultranest] [DEBUG] iteration=2308, ncalls=24660, regioncalls=987560, ndraw=40, logz=-723.39, remainder_fraction=99.9739%, Lmin=-715.96, Lmax=-706.56
13:22:56 [ultranest] [DEBUG] iteration=2309, ncalls=24671, regioncalls=988040, ndraw=40, logz=-723.38, remainder_fraction=99.9735%, Lmin=-715.94, Lmax=-706.56
13:22:57 [ultranest] [DEBUG] iteration=2310, ncalls=24675, regioncalls=988200, ndraw=40, logz=-723.37, remainder_fraction=99.9730%, Lmin=-715.90, Lmax=-706.56
13:22:59 [ultranest] [DEBUG] iteration=2311, ncalls=24728, regioncalls=991040, ndraw=40, logz=-723.35, remainder_fraction=99.9726%, Lmin=-715.89, Lmax=-706.56
13:23:00 [ultranest] [DEBUG] iteration=2312, ncalls=24754, regioncalls=992160, ndraw=40, logz=-723.34, remainder_fraction=99.9722%, Lmin=-715.87, Lmax=-706.56
13:23:04 [ultranest] [DEBUG] iteration=2313, ncalls=24842, regioncalls=996400, ndraw=40, logz=-723.33, remainder_fraction=99.9718%, Lmin=-715.87, Lmax=-706.56
13:23:05 [ultranest] [DEBUG] iteration=2314, ncalls=24876, regioncalls=997880, ndraw=40, logz=-723.31, remainder_fraction=99.9713%, Lmin=-715.87, Lmax=-706.56
13:23:06 [ultranest] [DEBUG] iteration=2315, ncalls=24899, regioncalls=999120, ndraw=40, logz=-723.30, remainder_fraction=99.9715%, Lmin=-715.86, Lmax=-706.56
13:23:07 [ultranest] [DEBUG] iteration=2316, ncalls=24911, regioncalls=999680, ndraw=40, logz=-723.29, remainder_fraction=99.9711%, Lmin=-715.86, Lmax=-706.56
13:23:08 [ultranest] [DEBUG] iteration=2317, ncalls=24940, regioncalls=1000960, ndraw=40, logz=-723.27, remainder_fraction=99.9706%, Lmin=-715.83, Lmax=-706.56
13:23:08 [ultranest] [DEBUG] iteration=2318, ncalls=24942, regioncalls=1001040, ndraw=40, logz=-723.26, remainder_fraction=99.9702%, Lmin=-715.77, Lmax=-706.56
13:23:10 [ultranest] [DEBUG] iteration=2319, ncalls=24973, regioncalls=1002280, ndraw=40, logz=-723.25, remainder_fraction=99.9697%, Lmin=-715.76, Lmax=-706.56
13:23:10 [ultranest] [DEBUG] iteration=2320, ncalls=24976, regioncalls=1002400, ndraw=40, logz=-723.23, remainder_fraction=99.9692%, Lmin=-715.73, Lmax=-706.56
13:23:11 [ultranest] [DEBUG] iteration=2321, ncalls=24995, regioncalls=1003160, ndraw=40, logz=-723.22, remainder_fraction=99.9689%, Lmin=-715.73, Lmax=-706.56
13:23:13 [ultranest] [DEBUG] iteration=2322, ncalls=25040, regioncalls=1005000, ndraw=40, logz=-723.20, remainder_fraction=99.9684%, Lmin=-715.68, Lmax=-706.56
13:23:13 [ultranest] [DEBUG] iteration=2323, ncalls=25048, regioncalls=1005600, ndraw=40, logz=-723.19, remainder_fraction=99.9686%, Lmin=-715.64, Lmax=-706.56
13:23:14 [ultranest] [DEBUG] iteration=2325, ncalls=25068, regioncalls=1006600, ndraw=40, logz=-723.16, remainder_fraction=99.9675%, Lmin=-715.59, Lmax=-706.56
13:23:14 [ultranest] [DEBUG] iteration=2326, ncalls=25071, regioncalls=1007320, ndraw=40, logz=-723.15, remainder_fraction=99.9670%, Lmin=-715.59, Lmax=-706.56
13:23:14 [ultranest] [DEBUG] iteration=2327, ncalls=25076, regioncalls=1007520, ndraw=40, logz=-723.13, remainder_fraction=99.9664%, Lmin=-715.57, Lmax=-706.56
13:23:15 [ultranest] [DEBUG] iteration=2328, ncalls=25096, regioncalls=1008320, ndraw=40, logz=-723.12, remainder_fraction=99.9659%, Lmin=-715.56, Lmax=-706.56
13:23:18 [ultranest] [DEBUG] iteration=2329, ncalls=25148, regioncalls=1010640, ndraw=40, logz=-723.10, remainder_fraction=99.9653%, Lmin=-715.54, Lmax=-706.56
13:23:19 [ultranest] [DEBUG] iteration=2330, ncalls=25178, regioncalls=1012080, ndraw=40, logz=-723.09, remainder_fraction=99.9647%, Lmin=-715.52, Lmax=-706.56
13:23:27 [ultranest] [DEBUG] iteration=2331, ncalls=25359, regioncalls=1021680, ndraw=40, logz=-723.07, remainder_fraction=99.9644%, Lmin=-715.46, Lmax=-706.56
13:23:28 [ultranest] [DEBUG] iteration=2332, ncalls=25368, regioncalls=1022040, ndraw=40, logz=-723.06, remainder_fraction=99.9638%, Lmin=-715.45, Lmax=-706.56
13:23:28 [ultranest] [DEBUG] iteration=2333, ncalls=25374, regioncalls=1022280, ndraw=40, logz=-723.04, remainder_fraction=99.9632%, Lmin=-715.45, Lmax=-706.56
13:23:28 [ultranest] [DEBUG] iteration=2334, ncalls=25379, regioncalls=1022480, ndraw=40, logz=-723.03, remainder_fraction=99.9625%, Lmin=-715.45, Lmax=-706.56
13:23:29 [ultranest] [DEBUG] iteration=2335, ncalls=25392, regioncalls=1023000, ndraw=40, logz=-723.01, remainder_fraction=99.9619%, Lmin=-715.40, Lmax=-706.56
13:23:30 [ultranest] [DEBUG] iteration=2336, ncalls=25409, regioncalls=1024240, ndraw=40, logz=-723.00, remainder_fraction=99.9612%, Lmin=-715.38, Lmax=-706.56
13:23:32 [ultranest] [DEBUG] iteration=2337, ncalls=25471, regioncalls=1027640, ndraw=40, logz=-722.98, remainder_fraction=99.9605%, Lmin=-715.37, Lmax=-706.56
13:23:36 [ultranest] [DEBUG] iteration=2338, ncalls=25544, regioncalls=1032080, ndraw=40, logz=-722.97, remainder_fraction=99.9598%, Lmin=-715.36, Lmax=-706.56
13:23:36 [ultranest] [DEBUG] iteration=2339, ncalls=25555, regioncalls=1032520, ndraw=40, logz=-722.95, remainder_fraction=99.9591%, Lmin=-715.34, Lmax=-706.56
13:23:40 [ultranest] [DEBUG] iteration=2340, ncalls=25650, regioncalls=1036840, ndraw=40, logz=-722.94, remainder_fraction=99.9584%, Lmin=-715.29, Lmax=-706.56
13:23:42 [ultranest] [DEBUG] iteration=2341, ncalls=25693, regioncalls=1039360, ndraw=40, logz=-722.92, remainder_fraction=99.9577%, Lmin=-715.25, Lmax=-706.56
13:23:45 [ultranest] [DEBUG] iteration=2342, ncalls=25744, regioncalls=1041400, ndraw=40, logz=-722.91, remainder_fraction=99.9570%, Lmin=-715.24, Lmax=-706.56
13:23:45 [ultranest] [DEBUG] clustering found some stray points [need_accept=False] (array([1, 2]), array([399,   1]))
13:23:45 [ultranest] [DEBUG] iteration=2343, ncalls=25755, regioncalls=1041840, ndraw=40, logz=-722.89, remainder_fraction=99.9562%, Lmin=-715.23, Lmax=-706.56
13:23:46 [ultranest] [DEBUG] iteration=2344, ncalls=25781, regioncalls=1043000, ndraw=40, logz=-722.88, remainder_fraction=99.9554%, Lmin=-715.19, Lmax=-706.56
13:23:47 [ultranest] [DEBUG] iteration=2345, ncalls=25802, regioncalls=1044040, ndraw=40, logz=-722.86, remainder_fraction=99.9546%, Lmin=-715.18, Lmax=-706.56
13:23:49 [ultranest] [DEBUG] iteration=2346, ncalls=25826, regioncalls=1045000, ndraw=40, logz=-722.85, remainder_fraction=99.9538%, Lmin=-715.15, Lmax=-706.56
13:23:50 [ultranest] [DEBUG] iteration=2347, ncalls=25856, regioncalls=1046200, ndraw=40, logz=-722.83, remainder_fraction=99.9532%, Lmin=-715.14, Lmax=-706.56
13:23:51 [ultranest] [DEBUG] iteration=2348, ncalls=25880, regioncalls=1047160, ndraw=40, logz=-722.81, remainder_fraction=99.9524%, Lmin=-715.14, Lmax=-706.56
13:23:52 [ultranest] [DEBUG] iteration=2349, ncalls=25890, regioncalls=1047560, ndraw=40, logz=-722.80, remainder_fraction=99.9522%, Lmin=-715.14, Lmax=-706.56
13:23:58 [ultranest] [DEBUG] iteration=2350, ncalls=26010, regioncalls=1052880, ndraw=40, logz=-722.78, remainder_fraction=99.9513%, Lmin=-715.13, Lmax=-706.56
13:23:59 [ultranest] [DEBUG] iteration=2351, ncalls=26032, regioncalls=1053760, ndraw=40, logz=-722.77, remainder_fraction=99.9506%, Lmin=-715.09, Lmax=-706.56
13:23:59 [ultranest] [DEBUG] iteration=2352, ncalls=26036, regioncalls=1053920, ndraw=40, logz=-722.75, remainder_fraction=99.9497%, Lmin=-715.09, Lmax=-706.56
13:24:00 [ultranest] [DEBUG] iteration=2353, ncalls=26053, regioncalls=1054600, ndraw=40, logz=-722.74, remainder_fraction=99.9490%, Lmin=-715.07, Lmax=-706.56
13:24:03 [ultranest] [DEBUG] iteration=2354, ncalls=26115, regioncalls=1057720, ndraw=40, logz=-722.72, remainder_fraction=99.9481%, Lmin=-715.06, Lmax=-706.56
13:24:05 [ultranest] [DEBUG] iteration=2355, ncalls=26151, regioncalls=1059720, ndraw=40, logz=-722.71, remainder_fraction=99.9472%, Lmin=-715.05, Lmax=-706.56
13:24:06 [ultranest] [DEBUG] iteration=2356, ncalls=26183, regioncalls=1061480, ndraw=40, logz=-722.69, remainder_fraction=99.9463%, Lmin=-715.04, Lmax=-706.56
13:24:06 [ultranest] [DEBUG] iteration=2357, ncalls=26185, regioncalls=1061560, ndraw=40, logz=-722.68, remainder_fraction=99.9454%, Lmin=-715.04, Lmax=-706.56
13:24:07 [ultranest] [DEBUG] iteration=2358, ncalls=26188, regioncalls=1061680, ndraw=40, logz=-722.66, remainder_fraction=99.9444%, Lmin=-715.03, Lmax=-706.56
13:24:07 [ultranest] [DEBUG] iteration=2359, ncalls=26203, regioncalls=1062280, ndraw=40, logz=-722.65, remainder_fraction=99.9435%, Lmin=-715.03, Lmax=-706.56
13:24:08 [ultranest] [DEBUG] iteration=2360, ncalls=26210, regioncalls=1062560, ndraw=40, logz=-722.64, remainder_fraction=99.9428%, Lmin=-715.02, Lmax=-706.56
13:24:10 [ultranest] [DEBUG] iteration=2361, ncalls=26244, regioncalls=1064200, ndraw=40, logz=-722.62, remainder_fraction=99.9418%, Lmin=-715.02, Lmax=-706.56
13:24:12 [ultranest] [DEBUG] iteration=2362, ncalls=26281, regioncalls=1065800, ndraw=40, logz=-722.61, remainder_fraction=99.9409%, Lmin=-715.01, Lmax=-706.56
13:24:13 [ultranest] [DEBUG] iteration=2363, ncalls=26319, regioncalls=1067560, ndraw=40, logz=-722.59, remainder_fraction=99.9399%, Lmin=-714.97, Lmax=-706.56
13:24:15 [ultranest] [DEBUG] iteration=2364, ncalls=26355, regioncalls=1069000, ndraw=40, logz=-722.58, remainder_fraction=99.9389%, Lmin=-714.96, Lmax=-706.56
13:24:23 [ultranest] [DEBUG] iteration=2365, ncalls=26551, regioncalls=1077600, ndraw=40, logz=-722.57, remainder_fraction=99.9379%, Lmin=-714.94, Lmax=-706.56
13:24:23 [ultranest] [DEBUG] iteration=2366, ncalls=26555, regioncalls=1077760, ndraw=40, logz=-722.55, remainder_fraction=99.9369%, Lmin=-714.92, Lmax=-706.56
13:24:28 [ultranest] [DEBUG] iteration=2367, ncalls=26662, regioncalls=1083280, ndraw=40, logz=-722.54, remainder_fraction=99.9362%, Lmin=-714.91, Lmax=-706.56
13:24:31 [ultranest] [DEBUG] iteration=2368, ncalls=26721, regioncalls=1085800, ndraw=40, logz=-722.52, remainder_fraction=99.9352%, Lmin=-714.88, Lmax=-706.56
13:24:32 [ultranest] [DEBUG] iteration=2369, ncalls=26747, regioncalls=1086880, ndraw=40, logz=-722.51, remainder_fraction=99.9341%, Lmin=-714.86, Lmax=-706.56
13:24:33 [ultranest] [DEBUG] iteration=2370, ncalls=26761, regioncalls=1087440, ndraw=40, logz=-722.49, remainder_fraction=99.9330%, Lmin=-714.86, Lmax=-706.56
13:24:36 [ultranest] [DEBUG] iteration=2371, ncalls=26827, regioncalls=1090760, ndraw=40, logz=-722.48, remainder_fraction=99.9319%, Lmin=-714.84, Lmax=-706.56
13:24:38 [ultranest] [DEBUG] iteration=2372, ncalls=26878, regioncalls=1093120, ndraw=40, logz=-722.47, remainder_fraction=99.9308%, Lmin=-714.84, Lmax=-706.56
13:24:41 [ultranest] [DEBUG] iteration=2373, ncalls=26941, regioncalls=1095640, ndraw=40, logz=-722.45, remainder_fraction=99.9297%, Lmin=-714.83, Lmax=-706.56
13:24:42 [ultranest] [DEBUG] iteration=2374, ncalls=26969, regioncalls=1096760, ndraw=40, logz=-722.44, remainder_fraction=99.9285%, Lmin=-714.82, Lmax=-706.56
13:24:44 [ultranest] [DEBUG] iteration=2375, ncalls=27007, regioncalls=1098320, ndraw=40, logz=-722.43, remainder_fraction=99.9274%, Lmin=-714.81, Lmax=-706.56
13:24:44 [ultranest] [DEBUG] iteration=2376, ncalls=27022, regioncalls=1099200, ndraw=40, logz=-722.41, remainder_fraction=99.9263%, Lmin=-714.81, Lmax=-706.56
13:24:46 [ultranest] [DEBUG] iteration=2377, ncalls=27051, regioncalls=1100480, ndraw=40, logz=-722.40, remainder_fraction=99.9254%, Lmin=-714.80, Lmax=-706.56
13:24:46 [ultranest] [DEBUG] iteration=2378, ncalls=27070, regioncalls=1101240, ndraw=40, logz=-722.39, remainder_fraction=99.9243%, Lmin=-714.80, Lmax=-706.56
13:24:47 [ultranest] [DEBUG] iteration=2379, ncalls=27081, regioncalls=1101680, ndraw=40, logz=-722.37, remainder_fraction=99.9233%, Lmin=-714.79, Lmax=-706.56
13:24:48 [ultranest] [DEBUG] iteration=2380, ncalls=27096, regioncalls=1102280, ndraw=40, logz=-722.36, remainder_fraction=99.9221%, Lmin=-714.79, Lmax=-706.56
13:24:49 [ultranest] [DEBUG] iteration=2381, ncalls=27115, regioncalls=1103800, ndraw=40, logz=-722.35, remainder_fraction=99.9209%, Lmin=-714.78, Lmax=-706.56
13:24:49 [ultranest] [DEBUG] iteration=2383, ncalls=27121, regioncalls=1104040, ndraw=40, logz=-722.32, remainder_fraction=99.9184%, Lmin=-714.77, Lmax=-706.56
13:24:50 [ultranest] [DEBUG] iteration=2384, ncalls=27142, regioncalls=1104960, ndraw=40, logz=-722.31, remainder_fraction=99.9172%, Lmin=-714.77, Lmax=-706.56
13:24:52 [ultranest] [DEBUG] iteration=2385, ncalls=27190, regioncalls=1107680, ndraw=40, logz=-722.30, remainder_fraction=99.9166%, Lmin=-714.75, Lmax=-706.56
13:24:52 [ultranest] [DEBUG] iteration=2386, ncalls=27198, regioncalls=1108080, ndraw=40, logz=-722.28, remainder_fraction=99.9154%, Lmin=-714.74, Lmax=-706.56
13:24:58 [ultranest] [DEBUG] iteration=2387, ncalls=27302, regioncalls=1112480, ndraw=40, logz=-722.27, remainder_fraction=99.9141%, Lmin=-714.74, Lmax=-706.56
13:24:59 [ultranest] [DEBUG] iteration=2388, ncalls=27342, regioncalls=1114200, ndraw=40, logz=-722.26, remainder_fraction=99.9129%, Lmin=-714.73, Lmax=-706.56
13:25:01 [ultranest] [DEBUG] iteration=2389, ncalls=27371, regioncalls=1115360, ndraw=40, logz=-722.25, remainder_fraction=99.9120%, Lmin=-714.71, Lmax=-706.56
13:25:01 [ultranest] [DEBUG] iteration=2390, ncalls=27373, regioncalls=1115440, ndraw=40, logz=-722.24, remainder_fraction=99.9107%, Lmin=-714.71, Lmax=-706.56
13:25:03 [ultranest] [DEBUG] iteration=2391, ncalls=27425, regioncalls=1118080, ndraw=40, logz=-722.22, remainder_fraction=99.9096%, Lmin=-714.69, Lmax=-706.56
13:25:05 [ultranest] [DEBUG] iteration=2392, ncalls=27459, regioncalls=1119440, ndraw=40, logz=-722.21, remainder_fraction=99.9083%, Lmin=-714.67, Lmax=-706.56
13:25:05 [ultranest] [DEBUG] iteration=2393, ncalls=27474, regioncalls=1120040, ndraw=40, logz=-722.20, remainder_fraction=99.9070%, Lmin=-714.66, Lmax=-706.56
13:25:06 [ultranest] [DEBUG] iteration=2394, ncalls=27484, regioncalls=1120440, ndraw=40, logz=-722.19, remainder_fraction=99.9056%, Lmin=-714.66, Lmax=-706.56
13:25:06 [ultranest] [DEBUG] iteration=2395, ncalls=27498, regioncalls=1121160, ndraw=40, logz=-722.17, remainder_fraction=99.9043%, Lmin=-714.64, Lmax=-706.56
13:25:07 [ultranest] [DEBUG] iteration=2396, ncalls=27505, regioncalls=1121520, ndraw=40, logz=-722.16, remainder_fraction=99.9029%, Lmin=-714.64, Lmax=-706.56
13:25:07 [ultranest] [DEBUG] iteration=2397, ncalls=27520, regioncalls=1122120, ndraw=40, logz=-722.15, remainder_fraction=99.9017%, Lmin=-714.62, Lmax=-706.56
13:25:10 [ultranest] [DEBUG] iteration=2398, ncalls=27567, regioncalls=1124120, ndraw=40, logz=-722.14, remainder_fraction=99.9009%, Lmin=-714.61, Lmax=-706.56
13:25:12 [ultranest] [DEBUG] iteration=2399, ncalls=27619, regioncalls=1126400, ndraw=40, logz=-722.13, remainder_fraction=99.8997%, Lmin=-714.60, Lmax=-706.56
13:25:13 [ultranest] [DEBUG] iteration=2400, ncalls=27632, regioncalls=1126920, ndraw=40, logz=-722.12, remainder_fraction=99.8983%, Lmin=-714.60, Lmax=-706.56
13:25:13 [ultranest] [DEBUG] iteration=2401, ncalls=27647, regioncalls=1127520, ndraw=40, logz=-722.10, remainder_fraction=99.9001%, Lmin=-714.56, Lmax=-706.56
13:25:16 [ultranest] [DEBUG] iteration=2402, ncalls=27707, regioncalls=1131240, ndraw=40, logz=-722.09, remainder_fraction=99.8987%, Lmin=-714.55, Lmax=-706.56
13:25:16 [ultranest] [DEBUG] iteration=2403, ncalls=27715, regioncalls=1131600, ndraw=40, logz=-722.08, remainder_fraction=99.8972%, Lmin=-714.54, Lmax=-706.56
13:25:18 [ultranest] [DEBUG] iteration=2404, ncalls=27739, regioncalls=1132960, ndraw=40, logz=-722.07, remainder_fraction=99.8969%, Lmin=-714.53, Lmax=-706.56
13:25:18 [ultranest] [DEBUG] iteration=2405, ncalls=27756, regioncalls=1133840, ndraw=40, logz=-722.06, remainder_fraction=99.8955%, Lmin=-714.53, Lmax=-706.56
13:25:19 [ultranest] [DEBUG] iteration=2406, ncalls=27761, regioncalls=1134080, ndraw=40, logz=-722.05, remainder_fraction=99.8940%, Lmin=-714.52, Lmax=-706.56
13:25:20 [ultranest] [DEBUG] iteration=2407, ncalls=27785, regioncalls=1135040, ndraw=40, logz=-722.03, remainder_fraction=99.8925%, Lmin=-714.52, Lmax=-706.56
13:25:20 [ultranest] [DEBUG] iteration=2408, ncalls=27802, regioncalls=1135720, ndraw=40, logz=-722.02, remainder_fraction=99.8910%, Lmin=-714.51, Lmax=-706.56
13:25:22 [ultranest] [DEBUG] iteration=2409, ncalls=27837, regioncalls=1137400, ndraw=40, logz=-722.01, remainder_fraction=99.8895%, Lmin=-714.49, Lmax=-706.56
13:25:22 [ultranest] [DEBUG] iteration=2410, ncalls=27842, regioncalls=1137920, ndraw=40, logz=-722.00, remainder_fraction=99.8880%, Lmin=-714.49, Lmax=-706.56
13:25:23 [ultranest] [DEBUG] iteration=2411, ncalls=27858, regioncalls=1138560, ndraw=40, logz=-721.99, remainder_fraction=99.8868%, Lmin=-714.49, Lmax=-706.56
13:25:24 [ultranest] [DEBUG] iteration=2412, ncalls=27881, regioncalls=1139920, ndraw=40, logz=-721.98, remainder_fraction=99.8862%, Lmin=-714.48, Lmax=-706.56
13:25:27 [ultranest] [DEBUG] iteration=2413, ncalls=27934, regioncalls=1142560, ndraw=40, logz=-721.97, remainder_fraction=99.8848%, Lmin=-714.48, Lmax=-706.56
13:25:29 [ultranest] [DEBUG] iteration=2414, ncalls=27973, regioncalls=1144120, ndraw=40, logz=-721.96, remainder_fraction=99.8834%, Lmin=-714.47, Lmax=-706.56
13:25:30 [ultranest] [DEBUG] iteration=2415, ncalls=28000, regioncalls=1145240, ndraw=40, logz=-721.95, remainder_fraction=99.8819%, Lmin=-714.46, Lmax=-706.56
13:25:30 [ultranest] [DEBUG] iteration=2416, ncalls=28004, regioncalls=1145400, ndraw=40, logz=-721.93, remainder_fraction=99.8809%, Lmin=-714.46, Lmax=-706.56
13:25:36 [ultranest] [DEBUG] iteration=2417, ncalls=28128, regioncalls=1150840, ndraw=40, logz=-721.92, remainder_fraction=99.8794%, Lmin=-714.45, Lmax=-706.55
13:25:39 [ultranest] [DEBUG] iteration=2418, ncalls=28173, regioncalls=1152640, ndraw=40, logz=-721.91, remainder_fraction=99.8778%, Lmin=-714.45, Lmax=-706.55
13:25:39 [ultranest] [DEBUG] iteration=2419, ncalls=28179, regioncalls=1152880, ndraw=40, logz=-721.90, remainder_fraction=99.8804%, Lmin=-714.42, Lmax=-706.55
13:25:41 [ultranest] [DEBUG] iteration=2420, ncalls=28214, regioncalls=1154280, ndraw=40, logz=-721.89, remainder_fraction=99.8788%, Lmin=-714.42, Lmax=-706.55
13:25:42 [ultranest] [DEBUG] iteration=2421, ncalls=28225, regioncalls=1154720, ndraw=40, logz=-721.88, remainder_fraction=99.8781%, Lmin=-714.40, Lmax=-706.55
13:25:45 [ultranest] [DEBUG] iteration=2422, ncalls=28298, regioncalls=1158040, ndraw=40, logz=-721.87, remainder_fraction=99.8767%, Lmin=-714.40, Lmax=-706.55
13:25:47 [ultranest] [DEBUG] iteration=2423, ncalls=28353, regioncalls=1160760, ndraw=40, logz=-721.86, remainder_fraction=99.8751%, Lmin=-714.40, Lmax=-706.55
13:25:49 [ultranest] [DEBUG] iteration=2424, ncalls=28387, regioncalls=1162120, ndraw=40, logz=-721.85, remainder_fraction=99.8735%, Lmin=-714.39, Lmax=-706.55
13:25:52 [ultranest] [DEBUG] iteration=2425, ncalls=28449, regioncalls=1165440, ndraw=40, logz=-721.84, remainder_fraction=99.8719%, Lmin=-714.34, Lmax=-706.55
13:25:54 [ultranest] [DEBUG] iteration=2427, ncalls=28494, regioncalls=1167440, ndraw=40, logz=-721.82, remainder_fraction=99.8685%, Lmin=-714.33, Lmax=-706.55
13:25:56 [ultranest] [DEBUG] iteration=2428, ncalls=28535, regioncalls=1169120, ndraw=40, logz=-721.81, remainder_fraction=99.8668%, Lmin=-714.30, Lmax=-706.55
13:25:58 [ultranest] [DEBUG] iteration=2429, ncalls=28578, regioncalls=1171160, ndraw=40, logz=-721.80, remainder_fraction=99.8657%, Lmin=-714.30, Lmax=-706.55
13:25:58 [ultranest] [DEBUG] iteration=2430, ncalls=28591, regioncalls=1171680, ndraw=40, logz=-721.79, remainder_fraction=99.8643%, Lmin=-714.30, Lmax=-706.55
13:26:05 [ultranest] [DEBUG] iteration=2431, ncalls=28750, regioncalls=1178720, ndraw=40, logz=-721.78, remainder_fraction=99.8626%, Lmin=-714.28, Lmax=-706.55
13:26:06 [ultranest] [DEBUG] iteration=2432, ncalls=28756, regioncalls=1179080, ndraw=40, logz=-721.77, remainder_fraction=99.8608%, Lmin=-714.26, Lmax=-706.55
13:26:06 [ultranest] [DEBUG] clustering found some stray points [need_accept=False] (array([1, 2, 3]), array([395,   4,   1]))
13:26:08 [ultranest] [DEBUG] iteration=2433, ncalls=28800, regioncalls=1180840, ndraw=40, logz=-721.75, remainder_fraction=99.8629%, Lmin=-714.26, Lmax=-706.55
13:26:10 [ultranest] [DEBUG] iteration=2434, ncalls=28843, regioncalls=1183240, ndraw=40, logz=-721.74, remainder_fraction=99.8615%, Lmin=-714.25, Lmax=-706.55
13:26:11 [ultranest] [DEBUG] iteration=2435, ncalls=28863, regioncalls=1184360, ndraw=40, logz=-721.73, remainder_fraction=99.8597%, Lmin=-714.25, Lmax=-706.55
13:26:16 [ultranest] [DEBUG] iteration=2436, ncalls=28971, regioncalls=1189400, ndraw=40, logz=-721.72, remainder_fraction=99.8587%, Lmin=-714.23, Lmax=-706.55
13:26:18 [ultranest] [DEBUG] iteration=2437, ncalls=29010, regioncalls=1191720, ndraw=40, logz=-721.71, remainder_fraction=99.8569%, Lmin=-714.21, Lmax=-706.55
13:26:21 [ultranest] [DEBUG] iteration=2438, ncalls=29075, regioncalls=1194600, ndraw=40, logz=-721.70, remainder_fraction=99.8551%, Lmin=-714.19, Lmax=-706.55
13:26:23 [ultranest] [DEBUG] iteration=2439, ncalls=29122, regioncalls=1196800, ndraw=40, logz=-721.69, remainder_fraction=99.8534%, Lmin=-714.18, Lmax=-706.55
13:26:24 [ultranest] [DEBUG] iteration=2440, ncalls=29130, regioncalls=1197160, ndraw=40, logz=-721.68, remainder_fraction=99.8518%, Lmin=-714.15, Lmax=-706.55
13:26:28 [ultranest] [DEBUG] iteration=2441, ncalls=29213, regioncalls=1200480, ndraw=40, logz=-721.67, remainder_fraction=99.8498%, Lmin=-714.14, Lmax=-706.55
13:26:29 [ultranest] [DEBUG] iteration=2442, ncalls=29246, regioncalls=1201800, ndraw=40, logz=-721.66, remainder_fraction=99.8478%, Lmin=-714.14, Lmax=-706.55
13:26:30 [ultranest] [DEBUG] iteration=2443, ncalls=29253, regioncalls=1202080, ndraw=40, logz=-721.65, remainder_fraction=99.8459%, Lmin=-714.12, Lmax=-706.55
13:26:30 [ultranest] [DEBUG] iteration=2444, ncalls=29266, regioncalls=1202600, ndraw=40, logz=-721.64, remainder_fraction=99.8439%, Lmin=-714.12, Lmax=-706.55
13:26:34 [ultranest] [DEBUG] iteration=2445, ncalls=29342, regioncalls=1205960, ndraw=40, logz=-721.63, remainder_fraction=99.8423%, Lmin=-714.11, Lmax=-706.55
13:26:34 [ultranest] [DEBUG] iteration=2446, ncalls=29357, regioncalls=1206560, ndraw=40, logz=-721.62, remainder_fraction=99.8403%, Lmin=-714.11, Lmax=-706.55
13:26:36 [ultranest] [DEBUG] iteration=2447, ncalls=29385, regioncalls=1207920, ndraw=40, logz=-721.61, remainder_fraction=99.8382%, Lmin=-714.11, Lmax=-706.55
13:26:36 [ultranest] [DEBUG] iteration=2448, ncalls=29402, regioncalls=1208800, ndraw=40, logz=-721.60, remainder_fraction=99.8362%, Lmin=-714.11, Lmax=-706.55
13:26:37 [ultranest] [DEBUG] iteration=2449, ncalls=29411, regioncalls=1209280, ndraw=40, logz=-721.59, remainder_fraction=99.8341%, Lmin=-714.10, Lmax=-706.55
13:26:39 [ultranest] [DEBUG] iteration=2450, ncalls=29469, regioncalls=1212000, ndraw=40, logz=-721.58, remainder_fraction=99.8320%, Lmin=-714.10, Lmax=-706.55
13:26:45 [ultranest] [DEBUG] iteration=2451, ncalls=29587, regioncalls=1217760, ndraw=40, logz=-721.57, remainder_fraction=99.8300%, Lmin=-714.09, Lmax=-706.55
13:26:46 [ultranest] [DEBUG] iteration=2452, ncalls=29604, regioncalls=1218440, ndraw=40, logz=-721.56, remainder_fraction=99.8283%, Lmin=-714.09, Lmax=-706.55
13:26:53 [ultranest] [DEBUG] iteration=2453, ncalls=29762, regioncalls=1226000, ndraw=40, logz=-721.55, remainder_fraction=99.8264%, Lmin=-714.08, Lmax=-706.55
13:26:55 [ultranest] [DEBUG] iteration=2454, ncalls=29814, regioncalls=1229360, ndraw=40, logz=-721.54, remainder_fraction=99.8243%, Lmin=-714.08, Lmax=-706.55
13:26:56 [ultranest] [DEBUG] iteration=2455, ncalls=29841, regioncalls=1231200, ndraw=40, logz=-721.53, remainder_fraction=99.8223%, Lmin=-714.08, Lmax=-706.55
13:26:58 [ultranest] [DEBUG] iteration=2456, ncalls=29883, regioncalls=1233280, ndraw=40, logz=-721.52, remainder_fraction=99.8210%, Lmin=-714.08, Lmax=-706.55
13:27:00 [ultranest] [DEBUG] iteration=2457, ncalls=29923, regioncalls=1235280, ndraw=40, logz=-721.51, remainder_fraction=99.8189%, Lmin=-714.05, Lmax=-706.55
13:27:01 [ultranest] [DEBUG] iteration=2458, ncalls=29960, regioncalls=1237120, ndraw=40, logz=-721.50, remainder_fraction=99.8172%, Lmin=-714.05, Lmax=-706.55
13:27:02 [ultranest] [DEBUG] iteration=2459, ncalls=29969, regioncalls=1237680, ndraw=40, logz=-721.49, remainder_fraction=99.8150%, Lmin=-714.03, Lmax=-706.55
13:27:03 [ultranest] [DEBUG] iteration=2460, ncalls=29992, regioncalls=1238600, ndraw=40, logz=-721.48, remainder_fraction=99.8128%, Lmin=-714.00, Lmax=-706.55
13:27:07 [ultranest] [DEBUG] iteration=2461, ncalls=30080, regioncalls=1242920, ndraw=40, logz=-721.47, remainder_fraction=99.8106%, Lmin=-713.98, Lmax=-706.55
13:27:12 [ultranest] [DEBUG] iteration=2462, ncalls=30210, regioncalls=1249440, ndraw=40, logz=-721.46, remainder_fraction=99.8085%, Lmin=-713.98, Lmax=-706.55
13:27:13 [ultranest] [DEBUG] iteration=2463, ncalls=30225, regioncalls=1250040, ndraw=40, logz=-721.45, remainder_fraction=99.8062%, Lmin=-713.97, Lmax=-706.55
13:27:14 [ultranest] [DEBUG] iteration=2464, ncalls=30241, regioncalls=1250680, ndraw=40, logz=-721.44, remainder_fraction=99.8039%, Lmin=-713.96, Lmax=-706.55
13:27:16 [ultranest] [DEBUG] iteration=2465, ncalls=30286, regioncalls=1252520, ndraw=40, logz=-721.43, remainder_fraction=99.8015%, Lmin=-713.96, Lmax=-706.55
13:27:17 [ultranest] [DEBUG] iteration=2466, ncalls=30313, regioncalls=1253760, ndraw=40, logz=-721.43, remainder_fraction=99.7991%, Lmin=-713.93, Lmax=-706.55
13:27:18 [ultranest] [DEBUG] iteration=2467, ncalls=30329, regioncalls=1254400, ndraw=40, logz=-721.42, remainder_fraction=99.7970%, Lmin=-713.93, Lmax=-706.55
13:27:20 [ultranest] [DEBUG] iteration=2468, ncalls=30380, regioncalls=1257760, ndraw=40, logz=-721.41, remainder_fraction=99.7948%, Lmin=-713.90, Lmax=-706.55
13:27:21 [ultranest] [DEBUG] iteration=2469, ncalls=30388, regioncalls=1258080, ndraw=40, logz=-721.40, remainder_fraction=99.7923%, Lmin=-713.90, Lmax=-706.55
13:27:21 [ultranest] [DEBUG] iteration=2470, ncalls=30400, regioncalls=1258640, ndraw=40, logz=-721.39, remainder_fraction=99.7898%, Lmin=-713.85, Lmax=-706.55
13:27:24 [ultranest] [DEBUG] iteration=2471, ncalls=30468, regioncalls=1262240, ndraw=40, logz=-721.38, remainder_fraction=99.7875%, Lmin=-713.83, Lmax=-706.55
13:27:25 [ultranest] [DEBUG] iteration=2472, ncalls=30490, regioncalls=1263680, ndraw=40, logz=-721.37, remainder_fraction=99.7848%, Lmin=-713.82, Lmax=-706.55
13:27:30 [ultranest] [DEBUG] iteration=2473, ncalls=30603, regioncalls=1269320, ndraw=40, logz=-721.36, remainder_fraction=99.7838%, Lmin=-713.82, Lmax=-706.55
13:27:31 [ultranest] [DEBUG] iteration=2474, ncalls=30606, regioncalls=1269560, ndraw=40, logz=-721.35, remainder_fraction=99.7811%, Lmin=-713.81, Lmax=-706.55
13:27:32 [ultranest] [DEBUG] iteration=2475, ncalls=30644, regioncalls=1271160, ndraw=40, logz=-721.34, remainder_fraction=99.7785%, Lmin=-713.81, Lmax=-706.55
13:27:33 [ultranest] [DEBUG] iteration=2476, ncalls=30671, regioncalls=1272480, ndraw=40, logz=-721.33, remainder_fraction=99.7757%, Lmin=-713.80, Lmax=-706.55
13:27:36 [ultranest] [DEBUG] iteration=2477, ncalls=30723, regioncalls=1274960, ndraw=40, logz=-721.32, remainder_fraction=99.7738%, Lmin=-713.79, Lmax=-706.55
13:27:40 [ultranest] [DEBUG] iteration=2478, ncalls=30820, regioncalls=1279480, ndraw=40, logz=-721.31, remainder_fraction=99.7711%, Lmin=-713.77, Lmax=-706.55
13:27:44 [ultranest] [DEBUG] iteration=2480, ncalls=30911, regioncalls=1283720, ndraw=40, logz=-721.29, remainder_fraction=99.7656%, Lmin=-713.76, Lmax=-706.55
13:27:47 [ultranest] [DEBUG] iteration=2481, ncalls=30965, regioncalls=1285880, ndraw=40, logz=-721.28, remainder_fraction=99.7628%, Lmin=-713.74, Lmax=-706.55
13:27:47 [ultranest] [DEBUG] iteration=2482, ncalls=30974, regioncalls=1286240, ndraw=40, logz=-721.27, remainder_fraction=99.7602%, Lmin=-713.73, Lmax=-706.55
13:27:47 [ultranest] [DEBUG] iteration=2483, ncalls=30976, regioncalls=1286320, ndraw=40, logz=-721.26, remainder_fraction=99.7589%, Lmin=-713.73, Lmax=-706.55
13:27:50 [ultranest] [DEBUG] iteration=2484, ncalls=31037, regioncalls=1289400, ndraw=40, logz=-721.25, remainder_fraction=99.7560%, Lmin=-713.72, Lmax=-706.55
13:27:51 [ultranest] [DEBUG] iteration=2485, ncalls=31057, regioncalls=1290200, ndraw=40, logz=-721.24, remainder_fraction=99.7531%, Lmin=-713.71, Lmax=-706.55
13:27:52 [ultranest] [DEBUG] iteration=2486, ncalls=31075, regioncalls=1291000, ndraw=40, logz=-721.23, remainder_fraction=99.7502%, Lmin=-713.71, Lmax=-706.55
13:27:54 [ultranest] [DEBUG] iteration=2487, ncalls=31132, regioncalls=1293920, ndraw=40, logz=-721.22, remainder_fraction=99.7472%, Lmin=-713.69, Lmax=-706.55
13:28:00 [ultranest] [DEBUG] iteration=2488, ncalls=31269, regioncalls=1300040, ndraw=40, logz=-721.21, remainder_fraction=99.7442%, Lmin=-713.69, Lmax=-706.55
13:28:03 [ultranest] [DEBUG] iteration=2489, ncalls=31319, regioncalls=1302840, ndraw=40, logz=-721.20, remainder_fraction=99.7411%, Lmin=-713.68, Lmax=-706.55
13:28:04 [ultranest] [DEBUG] iteration=2490, ncalls=31347, regioncalls=1304320, ndraw=40, logz=-721.19, remainder_fraction=99.7382%, Lmin=-713.67, Lmax=-706.55
13:28:11 [ultranest] [DEBUG] iteration=2491, ncalls=31498, regioncalls=1311360, ndraw=40, logz=-721.18, remainder_fraction=99.7353%, Lmin=-713.67, Lmax=-706.55
13:28:11 [ultranest] [DEBUG] iteration=2492, ncalls=31501, regioncalls=1311480, ndraw=40, logz=-721.18, remainder_fraction=99.7322%, Lmin=-713.66, Lmax=-706.55
13:28:11 [ultranest] [DEBUG] iteration=2493, ncalls=31517, regioncalls=1312280, ndraw=40, logz=-721.17, remainder_fraction=99.7291%, Lmin=-713.63, Lmax=-706.55
13:28:17 [ultranest] [DEBUG] iteration=2494, ncalls=31653, regioncalls=1319520, ndraw=40, logz=-721.16, remainder_fraction=99.7259%, Lmin=-713.63, Lmax=-706.55
13:28:18 [ultranest] [DEBUG] iteration=2495, ncalls=31662, regioncalls=1319880, ndraw=40, logz=-721.15, remainder_fraction=99.7227%, Lmin=-713.63, Lmax=-706.55
13:28:18 [ultranest] [DEBUG] iteration=2496, ncalls=31673, regioncalls=1320320, ndraw=40, logz=-721.14, remainder_fraction=99.7195%, Lmin=-713.63, Lmax=-706.55
13:28:19 [ultranest] [DEBUG] iteration=2498, ncalls=31698, regioncalls=1321680, ndraw=40, logz=-721.12, remainder_fraction=99.7202%, Lmin=-713.62, Lmax=-706.55
13:28:20 [ultranest] [DEBUG] iteration=2499, ncalls=31706, regioncalls=1322320, ndraw=40, logz=-721.11, remainder_fraction=99.7173%, Lmin=-713.59, Lmax=-706.55
13:28:23 [ultranest] [DEBUG] iteration=2500, ncalls=31785, regioncalls=1326000, ndraw=40, logz=-721.10, remainder_fraction=99.7141%, Lmin=-713.54, Lmax=-706.55
13:28:23 [ultranest] [DEBUG] iteration=2501, ncalls=31793, regioncalls=1326320, ndraw=40, logz=-721.09, remainder_fraction=99.7107%, Lmin=-713.52, Lmax=-706.55
13:28:24 [ultranest] [DEBUG] iteration=2502, ncalls=31797, regioncalls=1326480, ndraw=40, logz=-721.08, remainder_fraction=99.7074%, Lmin=-713.52, Lmax=-706.55
13:28:24 [ultranest] [DEBUG] iteration=2503, ncalls=31802, regioncalls=1326680, ndraw=40, logz=-721.07, remainder_fraction=99.7040%, Lmin=-713.51, Lmax=-706.55
13:28:26 [ultranest] [DEBUG] iteration=2504, ncalls=31846, regioncalls=1329080, ndraw=40, logz=-721.06, remainder_fraction=99.7005%, Lmin=-713.49, Lmax=-706.55
13:28:29 [ultranest] [DEBUG] iteration=2505, ncalls=31904, regioncalls=1332120, ndraw=40, logz=-721.05, remainder_fraction=99.6969%, Lmin=-713.49, Lmax=-706.55
13:28:29 [ultranest] [DEBUG] iteration=2506, ncalls=31923, regioncalls=1332880, ndraw=40, logz=-721.05, remainder_fraction=99.6934%, Lmin=-713.48, Lmax=-706.55
13:28:32 [ultranest] [DEBUG] iteration=2507, ncalls=31975, regioncalls=1335760, ndraw=40, logz=-721.04, remainder_fraction=99.6915%, Lmin=-713.47, Lmax=-706.55
13:28:33 [ultranest] [DEBUG] iteration=2508, ncalls=32016, regioncalls=1337880, ndraw=40, logz=-721.03, remainder_fraction=99.6878%, Lmin=-713.43, Lmax=-706.55
13:28:36 [ultranest] [DEBUG] iteration=2509, ncalls=32086, regioncalls=1340880, ndraw=40, logz=-721.02, remainder_fraction=99.6840%, Lmin=-713.42, Lmax=-706.55
13:28:37 [ultranest] [DEBUG] iteration=2510, ncalls=32097, regioncalls=1341320, ndraw=40, logz=-721.01, remainder_fraction=99.6803%, Lmin=-713.41, Lmax=-706.55
13:28:37 [ultranest] [DEBUG] iteration=2511, ncalls=32109, regioncalls=1341800, ndraw=40, logz=-721.00, remainder_fraction=99.6768%, Lmin=-713.38, Lmax=-706.55
13:28:43 [ultranest] [DEBUG] iteration=2512, ncalls=32229, regioncalls=1348280, ndraw=40, logz=-720.99, remainder_fraction=99.6732%, Lmin=-713.38, Lmax=-706.55
13:28:43 [ultranest] [DEBUG] iteration=2513, ncalls=32234, regioncalls=1348560, ndraw=40, logz=-720.98, remainder_fraction=99.6692%, Lmin=-713.37, Lmax=-706.55
13:28:44 [ultranest] [DEBUG] iteration=2515, ncalls=32255, regioncalls=1349720, ndraw=40, logz=-720.96, remainder_fraction=99.6642%, Lmin=-713.34, Lmax=-706.55
13:28:46 [ultranest] [DEBUG] iteration=2516, ncalls=32309, regioncalls=1352720, ndraw=40, logz=-720.95, remainder_fraction=99.6612%, Lmin=-713.34, Lmax=-706.55
13:28:47 [ultranest] [DEBUG] iteration=2517, ncalls=32319, regioncalls=1353360, ndraw=40, logz=-720.94, remainder_fraction=99.6574%, Lmin=-713.33, Lmax=-706.55
13:28:51 [ultranest] [DEBUG] iteration=2518, ncalls=32411, regioncalls=1358160, ndraw=40, logz=-720.93, remainder_fraction=99.6538%, Lmin=-713.33, Lmax=-706.55
13:28:51 [ultranest] [DEBUG] iteration=2519, ncalls=32424, regioncalls=1358680, ndraw=40, logz=-720.92, remainder_fraction=99.6503%, Lmin=-713.29, Lmax=-706.55
13:28:53 [ultranest] [DEBUG] iteration=2520, ncalls=32471, regioncalls=1360920, ndraw=40, logz=-720.91, remainder_fraction=99.6508%, Lmin=-713.27, Lmax=-706.55
13:28:54 [ultranest] [DEBUG] iteration=2521, ncalls=32490, regioncalls=1361960, ndraw=40, logz=-720.90, remainder_fraction=99.6465%, Lmin=-713.25, Lmax=-706.55
13:28:55 [ultranest] [DEBUG] iteration=2522, ncalls=32500, regioncalls=1362560, ndraw=40, logz=-720.89, remainder_fraction=99.6424%, Lmin=-713.25, Lmax=-706.55
13:28:55 [ultranest] [DEBUG] iteration=2523, ncalls=32509, regioncalls=1363120, ndraw=40, logz=-720.88, remainder_fraction=99.6381%, Lmin=-713.24, Lmax=-706.55
13:28:56 [ultranest] [DEBUG] iteration=2524, ncalls=32533, regioncalls=1364360, ndraw=40, logz=-720.87, remainder_fraction=99.6338%, Lmin=-713.24, Lmax=-706.55
13:28:57 [ultranest] [DEBUG] iteration=2525, ncalls=32547, regioncalls=1365000, ndraw=40, logz=-720.86, remainder_fraction=99.6302%, Lmin=-713.23, Lmax=-706.55
13:28:58 [ultranest] [DEBUG] iteration=2526, ncalls=32579, regioncalls=1366280, ndraw=40, logz=-720.85, remainder_fraction=99.6259%, Lmin=-713.23, Lmax=-706.55
13:29:00 [ultranest] [DEBUG] iteration=2527, ncalls=32608, regioncalls=1367880, ndraw=40, logz=-720.84, remainder_fraction=99.6215%, Lmin=-713.22, Lmax=-706.55
13:29:03 [ultranest] [DEBUG] iteration=2528, ncalls=32684, regioncalls=1371000, ndraw=40, logz=-720.83, remainder_fraction=99.6178%, Lmin=-713.22, Lmax=-706.55
13:29:04 [ultranest] [DEBUG] iteration=2529, ncalls=32702, regioncalls=1372160, ndraw=40, logz=-720.83, remainder_fraction=99.6135%, Lmin=-713.20, Lmax=-706.55
13:29:04 [ultranest] [DEBUG] iteration=2530, ncalls=32718, regioncalls=1373600, ndraw=40, logz=-720.82, remainder_fraction=99.6099%, Lmin=-713.17, Lmax=-706.55
13:29:05 [ultranest] [DEBUG] iteration=2531, ncalls=32724, regioncalls=1374000, ndraw=40, logz=-720.81, remainder_fraction=99.6057%, Lmin=-713.16, Lmax=-706.55
13:29:07 [ultranest] [DEBUG] iteration=2532, ncalls=32776, regioncalls=1377280, ndraw=40, logz=-720.80, remainder_fraction=99.6019%, Lmin=-713.16, Lmax=-706.55
13:29:09 [ultranest] [DEBUG] iteration=2533, ncalls=32814, regioncalls=1379040, ndraw=40, logz=-720.79, remainder_fraction=99.5971%, Lmin=-713.15, Lmax=-706.55
13:29:12 [ultranest] [DEBUG] iteration=2534, ncalls=32890, regioncalls=1382840, ndraw=40, logz=-720.78, remainder_fraction=99.5936%, Lmin=-713.14, Lmax=-706.55
13:29:16 [ultranest] [DEBUG] iteration=2535, ncalls=32971, regioncalls=1387760, ndraw=40, logz=-720.77, remainder_fraction=99.5916%, Lmin=-713.14, Lmax=-706.55
13:29:16 [ultranest] [DEBUG] iteration=2536, ncalls=32981, regioncalls=1388240, ndraw=40, logz=-720.76, remainder_fraction=99.5879%, Lmin=-713.13, Lmax=-706.55
13:29:16 [ultranest] [DEBUG] iteration=2537, ncalls=32984, regioncalls=1388360, ndraw=40, logz=-720.75, remainder_fraction=99.5836%, Lmin=-713.13, Lmax=-706.55
13:29:16 [ultranest] [DEBUG] iteration=2538, ncalls=32990, regioncalls=1388600, ndraw=40, logz=-720.74, remainder_fraction=99.5789%, Lmin=-713.12, Lmax=-706.55
13:29:18 [ultranest] [DEBUG] iteration=2539, ncalls=33016, regioncalls=1389840, ndraw=40, logz=-720.73, remainder_fraction=99.5741%, Lmin=-713.11, Lmax=-706.55
13:29:19 [ultranest] [DEBUG] iteration=2540, ncalls=33037, regioncalls=1391400, ndraw=40, logz=-720.72, remainder_fraction=99.5692%, Lmin=-713.10, Lmax=-706.55
13:29:23 [ultranest] [DEBUG] iteration=2541, ncalls=33145, regioncalls=1396840, ndraw=40, logz=-720.71, remainder_fraction=99.5704%, Lmin=-713.08, Lmax=-706.55
13:29:24 [ultranest] [DEBUG] iteration=2542, ncalls=33149, regioncalls=1397000, ndraw=40, logz=-720.70, remainder_fraction=99.5654%, Lmin=-713.02, Lmax=-706.55
13:29:24 [ultranest] [DEBUG] iteration=2543, ncalls=33159, regioncalls=1397400, ndraw=40, logz=-720.70, remainder_fraction=99.5602%, Lmin=-712.99, Lmax=-706.55
13:29:26 [ultranest] [DEBUG] iteration=2544, ncalls=33200, regioncalls=1399360, ndraw=40, logz=-720.69, remainder_fraction=99.5559%, Lmin=-712.99, Lmax=-706.55
13:29:26 [ultranest] [DEBUG] iteration=2545, ncalls=33204, regioncalls=1399520, ndraw=40, logz=-720.68, remainder_fraction=99.5526%, Lmin=-712.98, Lmax=-706.55
13:29:30 [ultranest] [DEBUG] iteration=2546, ncalls=33282, regioncalls=1403960, ndraw=40, logz=-720.67, remainder_fraction=99.5515%, Lmin=-712.96, Lmax=-706.55
13:29:30 [ultranest] [DEBUG] iteration=2547, ncalls=33290, regioncalls=1404280, ndraw=40, logz=-720.66, remainder_fraction=99.5461%, Lmin=-712.96, Lmax=-706.55
13:29:33 [ultranest] [DEBUG] iteration=2548, ncalls=33342, regioncalls=1406680, ndraw=40, logz=-720.65, remainder_fraction=99.5406%, Lmin=-712.95, Lmax=-706.55
13:29:34 [ultranest] [DEBUG] iteration=2549, ncalls=33371, regioncalls=1408840, ndraw=40, logz=-720.64, remainder_fraction=99.5409%, Lmin=-712.95, Lmax=-706.55
13:29:35 [ultranest] [DEBUG] iteration=2551, ncalls=33392, regioncalls=1409760, ndraw=40, logz=-720.62, remainder_fraction=99.5313%, Lmin=-712.92, Lmax=-706.55
13:29:37 [ultranest] [DEBUG] iteration=2552, ncalls=33427, regioncalls=1411640, ndraw=40, logz=-720.61, remainder_fraction=99.5260%, Lmin=-712.92, Lmax=-706.55
13:29:38 [ultranest] [DEBUG] iteration=2553, ncalls=33450, regioncalls=1412880, ndraw=40, logz=-720.60, remainder_fraction=99.5204%, Lmin=-712.91, Lmax=-706.55
13:29:40 [ultranest] [DEBUG] iteration=2554, ncalls=33507, regioncalls=1415640, ndraw=40, logz=-720.59, remainder_fraction=99.5223%, Lmin=-712.90, Lmax=-706.55
13:29:42 [ultranest] [DEBUG] iteration=2555, ncalls=33554, regioncalls=1417680, ndraw=40, logz=-720.58, remainder_fraction=99.5174%, Lmin=-712.89, Lmax=-706.55
13:29:53 [ultranest] [DEBUG] iteration=2556, ncalls=33786, regioncalls=1430640, ndraw=40, logz=-720.57, remainder_fraction=99.5117%, Lmin=-712.89, Lmax=-706.55
13:29:54 [ultranest] [DEBUG] iteration=2557, ncalls=33809, regioncalls=1431960, ndraw=40, logz=-720.56, remainder_fraction=99.5061%, Lmin=-712.88, Lmax=-706.55
13:29:56 [ultranest] [DEBUG] iteration=2558, ncalls=33850, regioncalls=1433840, ndraw=40, logz=-720.55, remainder_fraction=99.5004%, Lmin=-712.88, Lmax=-706.55
13:29:57 [ultranest] [DEBUG] iteration=2559, ncalls=33885, regioncalls=1435360, ndraw=40, logz=-720.54, remainder_fraction=99.4946%, Lmin=-712.86, Lmax=-706.55
13:29:57 [ultranest] [DEBUG] iteration=2560, ncalls=33893, regioncalls=1435760, ndraw=40, logz=-720.53, remainder_fraction=99.4897%, Lmin=-712.85, Lmax=-706.55
13:29:58 [ultranest] [DEBUG] iteration=2561, ncalls=33896, regioncalls=1436160, ndraw=40, logz=-720.53, remainder_fraction=99.4844%, Lmin=-712.84, Lmax=-706.55
13:30:04 [ultranest] [DEBUG] iteration=2562, ncalls=34032, regioncalls=1442600, ndraw=40, logz=-720.52, remainder_fraction=99.4789%, Lmin=-712.81, Lmax=-706.55
13:30:06 [ultranest] [DEBUG] iteration=2564, ncalls=34073, regioncalls=1444560, ndraw=40, logz=-720.50, remainder_fraction=99.4673%, Lmin=-712.79, Lmax=-706.55
13:30:09 [ultranest] [DEBUG] iteration=2565, ncalls=34154, regioncalls=1450320, ndraw=40, logz=-720.49, remainder_fraction=99.4621%, Lmin=-712.78, Lmax=-706.55
13:30:12 [ultranest] [DEBUG] iteration=2567, ncalls=34212, regioncalls=1453120, ndraw=40, logz=-720.47, remainder_fraction=99.4498%, Lmin=-712.78, Lmax=-706.55
13:30:13 [ultranest] [DEBUG] iteration=2568, ncalls=34240, regioncalls=1454280, ndraw=40, logz=-720.46, remainder_fraction=99.4434%, Lmin=-712.76, Lmax=-706.55
13:30:20 [ultranest] [DEBUG] iteration=2569, ncalls=34400, regioncalls=1461960, ndraw=40, logz=-720.45, remainder_fraction=99.4370%, Lmin=-712.76, Lmax=-706.55
13:30:21 [ultranest] [DEBUG] iteration=2571, ncalls=34410, regioncalls=1462680, ndraw=40, logz=-720.43, remainder_fraction=99.4257%, Lmin=-712.76, Lmax=-706.55
13:30:26 [ultranest] [DEBUG] iteration=2572, ncalls=34542, regioncalls=1470480, ndraw=40, logz=-720.42, remainder_fraction=99.4199%, Lmin=-712.75, Lmax=-706.55
13:30:28 [ultranest] [DEBUG] iteration=2573, ncalls=34586, regioncalls=1472400, ndraw=40, logz=-720.42, remainder_fraction=99.4134%, Lmin=-712.71, Lmax=-706.55
13:30:30 [ultranest] [DEBUG] iteration=2574, ncalls=34619, regioncalls=1473840, ndraw=40, logz=-720.41, remainder_fraction=99.4069%, Lmin=-712.71, Lmax=-706.55
13:30:32 [ultranest] [DEBUG] iteration=2575, ncalls=34658, regioncalls=1475760, ndraw=40, logz=-720.40, remainder_fraction=99.4003%, Lmin=-712.67, Lmax=-706.55
13:30:38 [ultranest] [DEBUG] iteration=2576, ncalls=34803, regioncalls=1482480, ndraw=40, logz=-720.39, remainder_fraction=99.3933%, Lmin=-712.65, Lmax=-706.55
13:30:40 [ultranest] [DEBUG] iteration=2577, ncalls=34832, regioncalls=1484560, ndraw=40, logz=-720.38, remainder_fraction=99.3864%, Lmin=-712.64, Lmax=-706.55
13:30:42 [ultranest] [DEBUG] iteration=2578, ncalls=34886, regioncalls=1486960, ndraw=40, logz=-720.37, remainder_fraction=99.3809%, Lmin=-712.64, Lmax=-706.55
13:30:42 [ultranest] [DEBUG] iteration=2579, ncalls=34889, regioncalls=1487240, ndraw=40, logz=-720.36, remainder_fraction=99.3848%, Lmin=-712.62, Lmax=-706.55
13:30:45 [ultranest] [DEBUG] iteration=2580, ncalls=34955, regioncalls=1490240, ndraw=40, logz=-720.35, remainder_fraction=99.3787%, Lmin=-712.61, Lmax=-706.55
13:30:48 [ultranest] [DEBUG] iteration=2581, ncalls=35011, regioncalls=1493360, ndraw=40, logz=-720.34, remainder_fraction=99.3722%, Lmin=-712.60, Lmax=-706.55
13:30:48 [ultranest] [DEBUG] iteration=2582, ncalls=35016, regioncalls=1493560, ndraw=40, logz=-720.33, remainder_fraction=99.3648%, Lmin=-712.58, Lmax=-706.55
13:30:49 [ultranest] [DEBUG] iteration=2583, ncalls=35025, regioncalls=1493920, ndraw=40, logz=-720.32, remainder_fraction=99.3574%, Lmin=-712.57, Lmax=-706.55
13:30:49 [ultranest] [DEBUG] iteration=2584, ncalls=35031, regioncalls=1494160, ndraw=40, logz=-720.31, remainder_fraction=99.3498%, Lmin=-712.57, Lmax=-706.55
13:30:50 [ultranest] [DEBUG] iteration=2585, ncalls=35049, regioncalls=1494880, ndraw=40, logz=-720.30, remainder_fraction=99.3424%, Lmin=-712.56, Lmax=-706.55
13:30:50 [ultranest] [DEBUG] iteration=2586, ncalls=35054, regioncalls=1495080, ndraw=40, logz=-720.30, remainder_fraction=99.3347%, Lmin=-712.56, Lmax=-706.55
13:30:52 [ultranest] [DEBUG] iteration=2587, ncalls=35097, regioncalls=1497240, ndraw=40, logz=-720.29, remainder_fraction=99.3282%, Lmin=-712.54, Lmax=-706.55
13:30:53 [ultranest] [DEBUG] iteration=2588, ncalls=35132, regioncalls=1498840, ndraw=40, logz=-720.28, remainder_fraction=99.3209%, Lmin=-712.53, Lmax=-706.55
13:30:55 [ultranest] [DEBUG] iteration=2589, ncalls=35187, regioncalls=1501960, ndraw=40, logz=-720.27, remainder_fraction=99.3131%, Lmin=-712.52, Lmax=-706.55
13:30:58 [ultranest] [DEBUG] iteration=2591, ncalls=35242, regioncalls=1504200, ndraw=40, logz=-720.25, remainder_fraction=99.2982%, Lmin=-712.48, Lmax=-706.55
13:30:59 [ultranest] [DEBUG] iteration=2592, ncalls=35270, regioncalls=1505440, ndraw=40, logz=-720.24, remainder_fraction=99.2965%, Lmin=-712.47, Lmax=-706.55
13:31:01 [ultranest] [DEBUG] iteration=2593, ncalls=35307, regioncalls=1507480, ndraw=40, logz=-720.23, remainder_fraction=99.2891%, Lmin=-712.45, Lmax=-706.55
13:31:03 [ultranest] [DEBUG] iteration=2595, ncalls=35344, regioncalls=1510600, ndraw=40, logz=-720.21, remainder_fraction=99.2729%, Lmin=-712.45, Lmax=-706.55
13:31:10 [ultranest] [DEBUG] iteration=2597, ncalls=35516, regioncalls=1518600, ndraw=40, logz=-720.19, remainder_fraction=99.2581%, Lmin=-712.39, Lmax=-706.55
13:31:14 [ultranest] [DEBUG] iteration=2598, ncalls=35590, regioncalls=1522000, ndraw=40, logz=-720.18, remainder_fraction=99.2497%, Lmin=-712.39, Lmax=-706.55
13:31:17 [ultranest] [DEBUG] iteration=2599, ncalls=35655, regioncalls=1525120, ndraw=40, logz=-720.18, remainder_fraction=99.2439%, Lmin=-712.34, Lmax=-706.55
13:31:17 [ultranest] [DEBUG] iteration=2600, ncalls=35660, regioncalls=1525320, ndraw=40, logz=-720.17, remainder_fraction=99.2376%, Lmin=-712.34, Lmax=-706.55
13:31:22 [ultranest] [DEBUG] iteration=2601, ncalls=35770, regioncalls=1531720, ndraw=40, logz=-720.16, remainder_fraction=99.2302%, Lmin=-712.34, Lmax=-706.55
13:31:27 [ultranest] [DEBUG] iteration=2602, ncalls=35889, regioncalls=1537640, ndraw=40, logz=-720.15, remainder_fraction=99.2210%, Lmin=-712.32, Lmax=-706.55
13:31:28 [ultranest] [DEBUG] iteration=2603, ncalls=35901, regioncalls=1538120, ndraw=40, logz=-720.14, remainder_fraction=99.2117%, Lmin=-712.32, Lmax=-706.55
13:31:32 [ultranest] [DEBUG] iteration=2604, ncalls=35985, regioncalls=1542880, ndraw=40, logz=-720.13, remainder_fraction=99.2040%, Lmin=-712.32, Lmax=-706.55
13:31:34 [ultranest] [DEBUG] iteration=2605, ncalls=36050, regioncalls=1545840, ndraw=40, logz=-720.12, remainder_fraction=99.1946%, Lmin=-712.28, Lmax=-706.55
13:31:37 [ultranest] [DEBUG] iteration=2606, ncalls=36110, regioncalls=1549200, ndraw=40, logz=-720.11, remainder_fraction=99.1850%, Lmin=-712.25, Lmax=-706.55
13:31:39 [ultranest] [DEBUG] iteration=2607, ncalls=36156, regioncalls=1551400, ndraw=40, logz=-720.10, remainder_fraction=99.1769%, Lmin=-712.24, Lmax=-706.55
13:31:42 [ultranest] [DEBUG] iteration=2608, ncalls=36226, regioncalls=1555360, ndraw=40, logz=-720.09, remainder_fraction=99.1693%, Lmin=-712.23, Lmax=-706.55
13:31:44 [ultranest] [DEBUG] iteration=2609, ncalls=36256, regioncalls=1557000, ndraw=40, logz=-720.08, remainder_fraction=99.1600%, Lmin=-712.23, Lmax=-706.55
13:31:45 [ultranest] [DEBUG] iteration=2610, ncalls=36295, regioncalls=1559440, ndraw=40, logz=-720.07, remainder_fraction=99.1503%, Lmin=-712.23, Lmax=-706.55
13:31:46 [ultranest] [DEBUG] iteration=2611, ncalls=36317, regioncalls=1560400, ndraw=40, logz=-720.06, remainder_fraction=99.1499%, Lmin=-712.20, Lmax=-706.55
13:31:58 [ultranest] [DEBUG] iteration=2612, ncalls=36562, regioncalls=1573160, ndraw=40, logz=-720.05, remainder_fraction=99.1398%, Lmin=-712.19, Lmax=-706.55
13:31:59 [ultranest] [DEBUG] iteration=2613, ncalls=36593, regioncalls=1574840, ndraw=40, logz=-720.04, remainder_fraction=99.1295%, Lmin=-712.19, Lmax=-706.55
13:32:05 [ultranest] [DEBUG] iteration=2614, ncalls=36726, regioncalls=1581120, ndraw=40, logz=-720.03, remainder_fraction=99.1192%, Lmin=-712.17, Lmax=-706.55
13:32:07 [ultranest] [DEBUG] iteration=2615, ncalls=36751, regioncalls=1582200, ndraw=40, logz=-720.02, remainder_fraction=99.1086%, Lmin=-712.17, Lmax=-706.55
13:32:09 [ultranest] [DEBUG] iteration=2616, ncalls=36802, regioncalls=1584480, ndraw=40, logz=-720.01, remainder_fraction=99.0982%, Lmin=-712.16, Lmax=-706.55
13:32:11 [ultranest] [DEBUG] iteration=2617, ncalls=36852, regioncalls=1586600, ndraw=40, logz=-720.00, remainder_fraction=99.0877%, Lmin=-712.16, Lmax=-706.55
13:32:12 [ultranest] [DEBUG] iteration=2618, ncalls=36873, regioncalls=1587680, ndraw=40, logz=-719.99, remainder_fraction=99.0772%, Lmin=-712.14, Lmax=-706.55
13:32:12 [ultranest] [DEBUG] iteration=2619, ncalls=36877, regioncalls=1587840, ndraw=40, logz=-719.98, remainder_fraction=99.0662%, Lmin=-712.11, Lmax=-706.55
13:32:19 [ultranest] [DEBUG] iteration=2620, ncalls=37023, regioncalls=1595680, ndraw=40, logz=-719.98, remainder_fraction=99.0554%, Lmin=-712.08, Lmax=-706.55
13:32:21 [ultranest] [DEBUG] iteration=2621, ncalls=37065, regioncalls=1597560, ndraw=40, logz=-719.97, remainder_fraction=99.0439%, Lmin=-712.07, Lmax=-706.55
13:32:22 [ultranest] [DEBUG] iteration=2622, ncalls=37075, regioncalls=1598240, ndraw=40, logz=-719.96, remainder_fraction=99.0324%, Lmin=-712.05, Lmax=-706.55
13:32:24 [ultranest] [DEBUG] iteration=2623, ncalls=37123, regioncalls=1600200, ndraw=40, logz=-719.95, remainder_fraction=99.0206%, Lmin=-712.04, Lmax=-706.55
13:32:26 [ultranest] [DEBUG] iteration=2624, ncalls=37171, regioncalls=1602440, ndraw=40, logz=-719.94, remainder_fraction=99.0098%, Lmin=-712.04, Lmax=-706.55
13:32:29 [ultranest] [DEBUG] iteration=2625, ncalls=37227, regioncalls=1605520, ndraw=40, logz=-719.93, remainder_fraction=99.0004%, Lmin=-712.04, Lmax=-706.55
13:32:30 [ultranest] [DEBUG] iteration=2626, ncalls=37246, regioncalls=1606440, ndraw=40, logz=-719.92, remainder_fraction=98.9907%, Lmin=-712.04, Lmax=-706.55
13:32:30 [ultranest] [DEBUG] iteration=2627, ncalls=37251, regioncalls=1606640, ndraw=40, logz=-719.91, remainder_fraction=98.9787%, Lmin=-712.02, Lmax=-706.55
13:32:32 [ultranest] [DEBUG] iteration=2628, ncalls=37298, regioncalls=1610640, ndraw=40, logz=-719.90, remainder_fraction=98.9694%, Lmin=-712.00, Lmax=-706.55
13:32:39 [ultranest] [DEBUG] iteration=2629, ncalls=37451, regioncalls=1618920, ndraw=40, logz=-719.89, remainder_fraction=98.9669%, Lmin=-712.00, Lmax=-706.55
13:32:40 [ultranest] [DEBUG] iteration=2630, ncalls=37477, regioncalls=1619960, ndraw=40, logz=-719.88, remainder_fraction=98.9547%, Lmin=-712.00, Lmax=-706.35
13:32:43 [ultranest] [DEBUG] iteration=2631, ncalls=37537, regioncalls=1623400, ndraw=40, logz=-719.87, remainder_fraction=98.9429%, Lmin=-711.99, Lmax=-706.35
13:32:43 [ultranest] [DEBUG] iteration=2632, ncalls=37542, regioncalls=1623600, ndraw=40, logz=-719.86, remainder_fraction=98.9593%, Lmin=-711.97, Lmax=-706.35
13:32:44 [ultranest] [DEBUG] iteration=2633, ncalls=37562, regioncalls=1624560, ndraw=40, logz=-719.85, remainder_fraction=98.9469%, Lmin=-711.97, Lmax=-706.35
13:32:52 [ultranest] [DEBUG] iteration=2634, ncalls=37717, regioncalls=1632480, ndraw=40, logz=-719.84, remainder_fraction=98.9403%, Lmin=-711.96, Lmax=-706.35
13:32:53 [ultranest] [DEBUG] iteration=2635, ncalls=37737, regioncalls=1633640, ndraw=40, logz=-719.83, remainder_fraction=98.9283%, Lmin=-711.95, Lmax=-706.35
13:32:57 [ultranest] [DEBUG] iteration=2636, ncalls=37819, regioncalls=1638040, ndraw=40, logz=-719.82, remainder_fraction=98.9187%, Lmin=-711.94, Lmax=-706.35
13:33:02 [ultranest] [DEBUG] iteration=2637, ncalls=37933, regioncalls=1643880, ndraw=40, logz=-719.81, remainder_fraction=98.9070%, Lmin=-711.94, Lmax=-706.35
13:33:04 [ultranest] [DEBUG] iteration=2638, ncalls=37981, regioncalls=1646400, ndraw=40, logz=-719.80, remainder_fraction=98.8943%, Lmin=-711.93, Lmax=-706.35
13:33:06 [ultranest] [DEBUG] iteration=2639, ncalls=38024, regioncalls=1648680, ndraw=40, logz=-719.79, remainder_fraction=98.8815%, Lmin=-711.92, Lmax=-706.35
13:33:11 [ultranest] [DEBUG] iteration=2640, ncalls=38126, regioncalls=1654680, ndraw=40, logz=-719.79, remainder_fraction=98.8902%, Lmin=-711.91, Lmax=-706.35
13:33:15 [ultranest] [DEBUG] iteration=2641, ncalls=38204, regioncalls=1659080, ndraw=40, logz=-719.78, remainder_fraction=98.8793%, Lmin=-711.91, Lmax=-706.35
13:33:16 [ultranest] [DEBUG] iteration=2642, ncalls=38229, regioncalls=1660600, ndraw=40, logz=-719.77, remainder_fraction=98.8679%, Lmin=-711.90, Lmax=-706.35
13:33:16 [ultranest] [DEBUG] iteration=2643, ncalls=38233, regioncalls=1661080, ndraw=40, logz=-719.76, remainder_fraction=98.8568%, Lmin=-711.87, Lmax=-706.35
13:33:22 [ultranest] [DEBUG] iteration=2644, ncalls=38366, regioncalls=1668080, ndraw=40, logz=-719.75, remainder_fraction=98.8437%, Lmin=-711.87, Lmax=-706.35
13:33:25 [ultranest] [DEBUG] iteration=2645, ncalls=38428, regioncalls=1672160, ndraw=40, logz=-719.74, remainder_fraction=98.8418%, Lmin=-711.86, Lmax=-706.35
13:33:26 [ultranest] [DEBUG] iteration=2646, ncalls=38441, regioncalls=1672680, ndraw=40, logz=-719.73, remainder_fraction=98.8395%, Lmin=-711.84, Lmax=-706.35
13:33:27 [ultranest] [DEBUG] iteration=2647, ncalls=38461, regioncalls=1673480, ndraw=40, logz=-719.72, remainder_fraction=98.8294%, Lmin=-711.82, Lmax=-706.35
13:33:27 [ultranest] [DEBUG] iteration=2648, ncalls=38466, regioncalls=1673680, ndraw=40, logz=-719.71, remainder_fraction=98.8166%, Lmin=-711.81, Lmax=-706.35
13:33:29 [ultranest] [DEBUG] iteration=2649, ncalls=38506, regioncalls=1675280, ndraw=40, logz=-719.70, remainder_fraction=98.8070%, Lmin=-711.80, Lmax=-706.35
13:33:33 [ultranest] [DEBUG] iteration=2650, ncalls=38595, regioncalls=1679440, ndraw=40, logz=-719.69, remainder_fraction=98.7982%, Lmin=-711.79, Lmax=-706.35
13:33:37 [ultranest] [DEBUG] iteration=2651, ncalls=38685, regioncalls=1684600, ndraw=40, logz=-719.69, remainder_fraction=98.7879%, Lmin=-711.79, Lmax=-706.35
13:33:40 [ultranest] [DEBUG] iteration=2652, ncalls=38752, regioncalls=1687560, ndraw=40, logz=-719.68, remainder_fraction=98.7740%, Lmin=-711.78, Lmax=-706.35
13:33:40 [ultranest] [DEBUG] iteration=2653, ncalls=38755, regioncalls=1687680, ndraw=40, logz=-719.67, remainder_fraction=98.7639%, Lmin=-711.77, Lmax=-706.35
13:33:44 [ultranest] [DEBUG] iteration=2654, ncalls=38831, regioncalls=1693960, ndraw=40, logz=-719.66, remainder_fraction=98.7501%, Lmin=-711.77, Lmax=-706.35
13:33:46 [ultranest] [DEBUG] iteration=2655, ncalls=38864, regioncalls=1695920, ndraw=40, logz=-719.65, remainder_fraction=98.7477%, Lmin=-711.76, Lmax=-706.35
13:33:51 [ultranest] [DEBUG] iteration=2656, ncalls=38978, regioncalls=1701720, ndraw=40, logz=-719.64, remainder_fraction=98.7414%, Lmin=-711.76, Lmax=-706.35
13:33:54 [ultranest] [DEBUG] iteration=2657, ncalls=39039, regioncalls=1705480, ndraw=40, logz=-719.63, remainder_fraction=98.7274%, Lmin=-711.75, Lmax=-706.35
13:33:58 [ultranest] [DEBUG] iteration=2658, ncalls=39127, regioncalls=1709720, ndraw=40, logz=-719.62, remainder_fraction=98.7151%, Lmin=-711.75, Lmax=-706.35
13:33:59 [ultranest] [DEBUG] iteration=2659, ncalls=39150, regioncalls=1710920, ndraw=40, logz=-719.61, remainder_fraction=98.7012%, Lmin=-711.74, Lmax=-706.35
13:34:00 [ultranest] [DEBUG] iteration=2660, ncalls=39159, regioncalls=1711440, ndraw=40, logz=-719.61, remainder_fraction=98.6904%, Lmin=-711.73, Lmax=-706.35
13:34:05 [ultranest] [DEBUG] iteration=2661, ncalls=39267, regioncalls=1716760, ndraw=40, logz=-719.60, remainder_fraction=98.6784%, Lmin=-711.73, Lmax=-706.35
13:34:05 [ultranest] [DEBUG] iteration=2662, ncalls=39273, regioncalls=1717000, ndraw=40, logz=-719.59, remainder_fraction=98.6641%, Lmin=-711.73, Lmax=-706.35
13:34:05 [ultranest] [DEBUG] iteration=2663, ncalls=39275, regioncalls=1717080, ndraw=40, logz=-719.58, remainder_fraction=98.6497%, Lmin=-711.73, Lmax=-706.35
13:34:13 [ultranest] [DEBUG] iteration=2664, ncalls=39462, regioncalls=1726400, ndraw=40, logz=-719.57, remainder_fraction=98.6384%, Lmin=-711.73, Lmax=-706.35
13:34:21 [ultranest] [DEBUG] iteration=2665, ncalls=39614, regioncalls=1735280, ndraw=40, logz=-719.56, remainder_fraction=98.6264%, Lmin=-711.70, Lmax=-706.35
13:34:43 [ultranest] [DEBUG] iteration=2666, ncalls=40087, regioncalls=1762480, ndraw=40, logz=-719.56, remainder_fraction=98.6142%, Lmin=-711.68, Lmax=-706.35
13:34:53 [ultranest] [DEBUG] iteration=2667, ncalls=40305, regioncalls=1774760, ndraw=40, logz=-719.55, remainder_fraction=98.6019%, Lmin=-711.64, Lmax=-706.35
13:34:59 [ultranest] [DEBUG] iteration=2668, ncalls=40447, regioncalls=1783120, ndraw=40, logz=-719.54, remainder_fraction=98.5867%, Lmin=-711.63, Lmax=-706.35
13:34:59 [ultranest] [DEBUG] iteration=2669, ncalls=40456, regioncalls=1783760, ndraw=40, logz=-719.53, remainder_fraction=98.5719%, Lmin=-711.63, Lmax=-706.35
13:35:00 [ultranest] [DEBUG] iteration=2670, ncalls=40479, regioncalls=1785240, ndraw=40, logz=-719.52, remainder_fraction=98.5707%, Lmin=-711.61, Lmax=-706.35
13:35:01 [ultranest] [DEBUG] iteration=2671, ncalls=40492, regioncalls=1785760, ndraw=40, logz=-719.51, remainder_fraction=98.5553%, Lmin=-711.58, Lmax=-706.35
13:35:02 [ultranest] [DEBUG] iteration=2672, ncalls=40517, regioncalls=1787200, ndraw=40, logz=-719.50, remainder_fraction=98.5408%, Lmin=-711.57, Lmax=-706.35
13:35:02 [ultranest] [DEBUG] iteration=2674, ncalls=40521, regioncalls=1787360, ndraw=40, logz=-719.48, remainder_fraction=98.5173%, Lmin=-711.57, Lmax=-706.35
13:35:04 [ultranest] [DEBUG] iteration=2675, ncalls=40572, regioncalls=1790600, ndraw=40, logz=-719.48, remainder_fraction=98.5015%, Lmin=-711.57, Lmax=-706.35
13:35:05 [ultranest] [DEBUG] iteration=2676, ncalls=40590, regioncalls=1791720, ndraw=40, logz=-719.47, remainder_fraction=98.4865%, Lmin=-711.57, Lmax=-706.35
13:35:05 [ultranest] [DEBUG] iteration=2677, ncalls=40594, regioncalls=1791880, ndraw=40, logz=-719.46, remainder_fraction=98.4709%, Lmin=-711.55, Lmax=-706.35
13:35:10 [ultranest] [DEBUG] iteration=2678, ncalls=40683, regioncalls=1797400, ndraw=40, logz=-719.45, remainder_fraction=98.4549%, Lmin=-711.54, Lmax=-706.35
13:35:11 [ultranest] [DEBUG] iteration=2680, ncalls=40719, regioncalls=1799520, ndraw=40, logz=-719.43, remainder_fraction=98.4215%, Lmin=-711.53, Lmax=-706.35
13:35:18 [ultranest] [DEBUG] iteration=2681, ncalls=40860, regioncalls=1807440, ndraw=40, logz=-719.42, remainder_fraction=98.4066%, Lmin=-711.53, Lmax=-706.35
13:35:22 [ultranest] [DEBUG] iteration=2682, ncalls=40942, regioncalls=1813360, ndraw=40, logz=-719.42, remainder_fraction=98.3972%, Lmin=-711.53, Lmax=-706.35
13:35:23 [ultranest] [DEBUG] iteration=2684, ncalls=40976, regioncalls=1814840, ndraw=40, logz=-719.40, remainder_fraction=98.3645%, Lmin=-711.52, Lmax=-706.35
13:35:26 [ultranest] [DEBUG] iteration=2685, ncalls=41031, regioncalls=1817720, ndraw=40, logz=-719.39, remainder_fraction=98.3496%, Lmin=-711.51, Lmax=-706.35
13:35:41 [ultranest] [DEBUG] iteration=2686, ncalls=41358, regioncalls=1835800, ndraw=40, logz=-719.38, remainder_fraction=98.3387%, Lmin=-711.50, Lmax=-706.35
13:35:43 [ultranest] [DEBUG] iteration=2687, ncalls=41407, regioncalls=1838680, ndraw=40, logz=-719.38, remainder_fraction=98.3211%, Lmin=-711.50, Lmax=-706.35
13:35:47 [ultranest] [DEBUG] iteration=2688, ncalls=41475, regioncalls=1842320, ndraw=40, logz=-719.37, remainder_fraction=98.3074%, Lmin=-711.49, Lmax=-706.35
13:35:47 [ultranest] [DEBUG] iteration=2689, ncalls=41483, regioncalls=1842640, ndraw=40, logz=-719.36, remainder_fraction=98.2942%, Lmin=-711.49, Lmax=-706.35
13:35:48 [ultranest] [DEBUG] iteration=2690, ncalls=41502, regioncalls=1843720, ndraw=40, logz=-719.35, remainder_fraction=98.2790%, Lmin=-711.47, Lmax=-706.35
13:35:48 [ultranest] [DEBUG] iteration=2691, ncalls=41517, regioncalls=1844320, ndraw=40, logz=-719.34, remainder_fraction=98.2611%, Lmin=-711.45, Lmax=-706.35
13:35:54 [ultranest] [DEBUG] iteration=2692, ncalls=41637, regioncalls=1850960, ndraw=40, logz=-719.33, remainder_fraction=98.2454%, Lmin=-711.44, Lmax=-706.35
13:35:54 [ultranest] [DEBUG] iteration=2693, ncalls=41648, regioncalls=1851400, ndraw=40, logz=-719.33, remainder_fraction=98.2574%, Lmin=-711.44, Lmax=-706.35
13:35:56 [ultranest] [DEBUG] iteration=2694, ncalls=41676, regioncalls=1852640, ndraw=40, logz=-719.32, remainder_fraction=98.2393%, Lmin=-711.43, Lmax=-706.35
13:35:58 [ultranest] [DEBUG] iteration=2695, ncalls=41722, regioncalls=1854920, ndraw=40, logz=-719.31, remainder_fraction=98.2240%, Lmin=-711.43, Lmax=-706.35
13:36:00 [ultranest] [DEBUG] iteration=2696, ncalls=41759, regioncalls=1857320, ndraw=40, logz=-719.30, remainder_fraction=98.2059%, Lmin=-711.42, Lmax=-706.35
13:36:01 [ultranest] [DEBUG] iteration=2697, ncalls=41774, regioncalls=1858520, ndraw=40, logz=-719.29, remainder_fraction=98.2029%, Lmin=-711.42, Lmax=-706.35
13:36:02 [ultranest] [DEBUG] iteration=2698, ncalls=41805, regioncalls=1859800, ndraw=40, logz=-719.29, remainder_fraction=98.1845%, Lmin=-711.41, Lmax=-706.35
13:36:03 [ultranest] [DEBUG] iteration=2699, ncalls=41819, regioncalls=1860920, ndraw=40, logz=-719.28, remainder_fraction=98.1732%, Lmin=-711.39, Lmax=-706.35
13:36:04 [ultranest] [DEBUG] iteration=2700, ncalls=41842, regioncalls=1862280, ndraw=40, logz=-719.27, remainder_fraction=98.1555%, Lmin=-711.38, Lmax=-706.35
13:36:13 [ultranest] [DEBUG] iteration=2701, ncalls=42047, regioncalls=1874320, ndraw=40, logz=-719.26, remainder_fraction=98.1378%, Lmin=-711.36, Lmax=-706.35
13:36:16 [ultranest] [DEBUG] iteration=2702, ncalls=42102, regioncalls=1878000, ndraw=40, logz=-719.25, remainder_fraction=98.1189%, Lmin=-711.36, Lmax=-706.35
13:36:16 [ultranest] [DEBUG] iteration=2703, ncalls=42109, regioncalls=1878440, ndraw=40, logz=-719.25, remainder_fraction=98.1012%, Lmin=-711.35, Lmax=-706.35
13:36:17 [ultranest] [DEBUG] iteration=2704, ncalls=42118, regioncalls=1878800, ndraw=40, logz=-719.24, remainder_fraction=98.0819%, Lmin=-711.33, Lmax=-706.35
13:36:17 [ultranest] [DEBUG] iteration=2705, ncalls=42123, regioncalls=1879000, ndraw=40, logz=-719.23, remainder_fraction=98.0625%, Lmin=-711.33, Lmax=-706.35
13:36:17 [ultranest] [DEBUG] iteration=2707, ncalls=42133, regioncalls=1879400, ndraw=40, logz=-719.21, remainder_fraction=98.0302%, Lmin=-711.28, Lmax=-706.35
13:36:18 [ultranest] [DEBUG] iteration=2708, ncalls=42153, regioncalls=1880200, ndraw=40, logz=-719.21, remainder_fraction=98.0095%, Lmin=-711.27, Lmax=-706.35
13:36:19 [ultranest] [DEBUG] iteration=2709, ncalls=42166, regioncalls=1880720, ndraw=40, logz=-719.20, remainder_fraction=97.9895%, Lmin=-711.24, Lmax=-706.35
13:36:19 [ultranest] [DEBUG] iteration=2710, ncalls=42174, regioncalls=1881040, ndraw=40, logz=-719.19, remainder_fraction=97.9693%, Lmin=-711.21, Lmax=-706.35
13:36:20 [ultranest] [DEBUG] iteration=2712, ncalls=42182, regioncalls=1881360, ndraw=40, logz=-719.17, remainder_fraction=97.9359%, Lmin=-711.20, Lmax=-706.35
13:36:20 [ultranest] [DEBUG] iteration=2713, ncalls=42187, regioncalls=1881560, ndraw=40, logz=-719.16, remainder_fraction=97.9139%, Lmin=-711.19, Lmax=-706.35
13:36:20 [ultranest] [DEBUG] iteration=2715, ncalls=42191, regioncalls=1881720, ndraw=40, logz=-719.15, remainder_fraction=97.8803%, Lmin=-711.18, Lmax=-706.35
13:36:20 [ultranest] [DEBUG] iteration=2717, ncalls=42194, regioncalls=1881840, ndraw=40, logz=-719.13, remainder_fraction=97.8406%, Lmin=-711.16, Lmax=-706.35
13:36:21 [ultranest] [DEBUG] iteration=2719, ncalls=42196, regioncalls=1881920, ndraw=40, logz=-719.11, remainder_fraction=97.8036%, Lmin=-711.15, Lmax=-706.35
13:36:21 [ultranest] [DEBUG] iteration=2720, ncalls=42201, regioncalls=1882120, ndraw=40, logz=-719.11, remainder_fraction=97.7831%, Lmin=-711.12, Lmax=-706.35
13:36:21 [ultranest] [DEBUG] iteration=2721, ncalls=42205, regioncalls=1882280, ndraw=40, logz=-719.10, remainder_fraction=97.7613%, Lmin=-711.12, Lmax=-706.35
13:36:21 [ultranest] [DEBUG] iteration=2722, ncalls=42215, regioncalls=1882680, ndraw=40, logz=-719.09, remainder_fraction=97.7430%, Lmin=-711.11, Lmax=-706.35
13:36:22 [ultranest] [DEBUG] iteration=2723, ncalls=42218, regioncalls=1882800, ndraw=40, logz=-719.08, remainder_fraction=97.7238%, Lmin=-711.11, Lmax=-706.35
13:36:22 [ultranest] [DEBUG] iteration=2724, ncalls=42221, regioncalls=1882920, ndraw=40, logz=-719.07, remainder_fraction=97.7007%, Lmin=-711.10, Lmax=-706.35
13:36:22 [ultranest] [DEBUG] iteration=2725, ncalls=42225, regioncalls=1883080, ndraw=40, logz=-719.07, remainder_fraction=97.6772%, Lmin=-711.10, Lmax=-706.35
13:36:22 [ultranest] [DEBUG] iteration=2726, ncalls=42232, regioncalls=1883360, ndraw=40, logz=-719.06, remainder_fraction=97.6558%, Lmin=-711.08, Lmax=-706.35
13:36:23 [ultranest] [DEBUG] iteration=2727, ncalls=42237, regioncalls=1883560, ndraw=40, logz=-719.05, remainder_fraction=97.6318%, Lmin=-711.07, Lmax=-706.35
13:36:23 [ultranest] [DEBUG] iteration=2729, ncalls=42242, regioncalls=1883760, ndraw=40, logz=-719.03, remainder_fraction=97.5836%, Lmin=-711.06, Lmax=-706.35
13:36:23 [ultranest] [DEBUG] iteration=2730, ncalls=42245, regioncalls=1883880, ndraw=40, logz=-719.03, remainder_fraction=97.5653%, Lmin=-711.05, Lmax=-706.35
13:36:23 [ultranest] [DEBUG] iteration=2732, ncalls=42252, regioncalls=1884160, ndraw=40, logz=-719.01, remainder_fraction=97.5155%, Lmin=-711.04, Lmax=-706.35
13:36:24 [ultranest] [DEBUG] iteration=2733, ncalls=42258, regioncalls=1884400, ndraw=40, logz=-719.00, remainder_fraction=97.4910%, Lmin=-711.03, Lmax=-706.35
13:36:24 [ultranest] [DEBUG] iteration=2734, ncalls=42265, regioncalls=1884680, ndraw=40, logz=-718.99, remainder_fraction=97.4860%, Lmin=-711.01, Lmax=-706.35
13:36:24 [ultranest] [DEBUG] iteration=2735, ncalls=42269, regioncalls=1884840, ndraw=40, logz=-718.99, remainder_fraction=97.4660%, Lmin=-711.00, Lmax=-706.35
13:36:25 [ultranest] [DEBUG] iteration=2736, ncalls=42277, regioncalls=1885160, ndraw=40, logz=-718.98, remainder_fraction=97.4532%, Lmin=-711.00, Lmax=-706.35
13:36:25 [ultranest] [DEBUG] iteration=2739, ncalls=42284, regioncalls=1885440, ndraw=40, logz=-718.95, remainder_fraction=97.4071%, Lmin=-710.98, Lmax=-706.35
13:36:25 [ultranest] [DEBUG] iteration=2740, ncalls=42292, regioncalls=1885760, ndraw=40, logz=-718.95, remainder_fraction=97.3831%, Lmin=-710.98, Lmax=-706.35
13:36:25 [ultranest] [DEBUG] iteration=2741, ncalls=42294, regioncalls=1885840, ndraw=40, logz=-718.94, remainder_fraction=97.3572%, Lmin=-710.98, Lmax=-706.35
13:36:26 [ultranest] [DEBUG] iteration=2742, ncalls=42298, regioncalls=1886000, ndraw=40, logz=-718.93, remainder_fraction=97.3331%, Lmin=-710.98, Lmax=-706.35
13:36:26 [ultranest] [DEBUG] iteration=2743, ncalls=42309, regioncalls=1886440, ndraw=40, logz=-718.92, remainder_fraction=97.3072%, Lmin=-710.97, Lmax=-706.35
13:36:26 [ultranest] [DEBUG] iteration=2744, ncalls=42310, regioncalls=1886480, ndraw=40, logz=-718.91, remainder_fraction=97.2807%, Lmin=-710.96, Lmax=-706.35
13:36:26 [ultranest] [DEBUG] iteration=2745, ncalls=42315, regioncalls=1886680, ndraw=40, logz=-718.91, remainder_fraction=97.2563%, Lmin=-710.95, Lmax=-706.35
13:36:27 [ultranest] [DEBUG] iteration=2746, ncalls=42319, regioncalls=1886840, ndraw=40, logz=-718.90, remainder_fraction=97.2293%, Lmin=-710.95, Lmax=-706.35
13:36:27 [ultranest] [DEBUG] iteration=2748, ncalls=42322, regioncalls=1886960, ndraw=40, logz=-718.88, remainder_fraction=97.2210%, Lmin=-710.94, Lmax=-706.35
13:36:27 [ultranest] [DEBUG] iteration=2749, ncalls=42335, regioncalls=1887480, ndraw=40, logz=-718.88, remainder_fraction=97.1941%, Lmin=-710.94, Lmax=-706.35
13:36:28 [ultranest] [DEBUG] iteration=2750, ncalls=42338, regioncalls=1887600, ndraw=40, logz=-718.87, remainder_fraction=97.1927%, Lmin=-710.92, Lmax=-706.35
13:36:28 [ultranest] [DEBUG] iteration=2752, ncalls=42341, regioncalls=1887720, ndraw=40, logz=-718.85, remainder_fraction=97.1386%, Lmin=-710.90, Lmax=-706.35
13:36:28 [ultranest] [DEBUG] iteration=2753, ncalls=42345, regioncalls=1887880, ndraw=40, logz=-718.85, remainder_fraction=97.1190%, Lmin=-710.90, Lmax=-706.35
13:36:28 [ultranest] [DEBUG] iteration=2754, ncalls=42355, regioncalls=1888280, ndraw=40, logz=-718.84, remainder_fraction=97.0918%, Lmin=-710.89, Lmax=-706.35
13:36:28 [ultranest] [DEBUG] iteration=2755, ncalls=42358, regioncalls=1888400, ndraw=40, logz=-718.83, remainder_fraction=97.0937%, Lmin=-710.87, Lmax=-706.35
13:36:29 [ultranest] [DEBUG] iteration=2756, ncalls=42369, regioncalls=1888840, ndraw=40, logz=-718.82, remainder_fraction=97.0667%, Lmin=-710.87, Lmax=-706.35
13:36:30 [ultranest] [DEBUG] iteration=2757, ncalls=42382, regioncalls=1889360, ndraw=40, logz=-718.82, remainder_fraction=97.0391%, Lmin=-710.86, Lmax=-706.35
13:36:30 [ultranest] [DEBUG] iteration=2758, ncalls=42385, regioncalls=1889480, ndraw=40, logz=-718.81, remainder_fraction=97.0107%, Lmin=-710.86, Lmax=-706.35
13:36:30 [ultranest] [DEBUG] iteration=2760, ncalls=42390, regioncalls=1889680, ndraw=40, logz=-718.80, remainder_fraction=96.9960%, Lmin=-710.86, Lmax=-706.35
13:36:31 [ultranest] [DEBUG] iteration=2762, ncalls=42402, regioncalls=1890160, ndraw=40, logz=-718.78, remainder_fraction=96.9508%, Lmin=-710.83, Lmax=-706.35
13:36:31 [ultranest] [DEBUG] iteration=2764, ncalls=42405, regioncalls=1890280, ndraw=40, logz=-718.77, remainder_fraction=96.9042%, Lmin=-710.82, Lmax=-706.35
13:36:31 [ultranest] [DEBUG] iteration=2766, ncalls=42415, regioncalls=1890680, ndraw=40, logz=-718.75, remainder_fraction=96.8479%, Lmin=-710.81, Lmax=-706.35
13:36:32 [ultranest] [DEBUG] iteration=2767, ncalls=42420, regioncalls=1890880, ndraw=40, logz=-718.75, remainder_fraction=96.8297%, Lmin=-710.81, Lmax=-706.35
13:36:32 [ultranest] [DEBUG] iteration=2768, ncalls=42424, regioncalls=1891040, ndraw=40, logz=-718.74, remainder_fraction=96.8012%, Lmin=-710.81, Lmax=-706.35
13:36:32 [ultranest] [DEBUG] iteration=2769, ncalls=42433, regioncalls=1891400, ndraw=40, logz=-718.73, remainder_fraction=96.7718%, Lmin=-710.80, Lmax=-706.35
13:36:33 [ultranest] [DEBUG] iteration=2771, ncalls=42441, regioncalls=1891720, ndraw=40, logz=-718.72, remainder_fraction=96.7450%, Lmin=-710.79, Lmax=-706.35
13:36:33 [ultranest] [DEBUG] iteration=2772, ncalls=42447, regioncalls=1891960, ndraw=40, logz=-718.71, remainder_fraction=96.7173%, Lmin=-710.78, Lmax=-706.35
13:36:33 [ultranest] [DEBUG] iteration=2773, ncalls=42459, regioncalls=1892440, ndraw=40, logz=-718.70, remainder_fraction=96.6875%, Lmin=-710.75, Lmax=-706.35
13:36:34 [ultranest] [DEBUG] iteration=2775, ncalls=42463, regioncalls=1892600, ndraw=40, logz=-718.69, remainder_fraction=96.6447%, Lmin=-710.72, Lmax=-706.35
13:36:34 [ultranest] [DEBUG] iteration=2777, ncalls=42472, regioncalls=1892960, ndraw=40, logz=-718.68, remainder_fraction=96.5960%, Lmin=-710.72, Lmax=-706.35
13:36:35 [ultranest] [DEBUG] iteration=2778, ncalls=42480, regioncalls=1893280, ndraw=40, logz=-718.67, remainder_fraction=96.5680%, Lmin=-710.71, Lmax=-706.35
13:36:35 [ultranest] [DEBUG] iteration=2779, ncalls=42486, regioncalls=1893520, ndraw=40, logz=-718.66, remainder_fraction=96.5413%, Lmin=-710.70, Lmax=-706.35
13:36:35 [ultranest] [DEBUG] iteration=2780, ncalls=42489, regioncalls=1893640, ndraw=40, logz=-718.65, remainder_fraction=96.5100%, Lmin=-710.69, Lmax=-706.35
13:36:35 [ultranest] [DEBUG] iteration=2781, ncalls=42498, regioncalls=1894000, ndraw=40, logz=-718.65, remainder_fraction=96.4848%, Lmin=-710.68, Lmax=-706.35
13:36:35 [ultranest] [DEBUG] iteration=2782, ncalls=42500, regioncalls=1894080, ndraw=40, logz=-718.64, remainder_fraction=96.4549%, Lmin=-710.68, Lmax=-706.35
13:36:36 [ultranest] [DEBUG] iteration=2783, ncalls=42507, regioncalls=1894360, ndraw=40, logz=-718.63, remainder_fraction=96.4270%, Lmin=-710.68, Lmax=-706.35
13:36:36 [ultranest] [DEBUG] iteration=2784, ncalls=42510, regioncalls=1894480, ndraw=40, logz=-718.63, remainder_fraction=96.3980%, Lmin=-710.67, Lmax=-706.35
13:36:36 [ultranest] [DEBUG] iteration=2785, ncalls=42514, regioncalls=1894640, ndraw=40, logz=-718.62, remainder_fraction=96.3679%, Lmin=-710.65, Lmax=-706.35
13:36:36 [ultranest] [DEBUG] iteration=2787, ncalls=42518, regioncalls=1894800, ndraw=40, logz=-718.61, remainder_fraction=96.3044%, Lmin=-710.65, Lmax=-706.35
13:36:37 [ultranest] [DEBUG] iteration=2788, ncalls=42522, regioncalls=1894960, ndraw=40, logz=-718.60, remainder_fraction=96.2790%, Lmin=-710.64, Lmax=-706.35
13:36:37 [ultranest] [DEBUG] iteration=2789, ncalls=42533, regioncalls=1895400, ndraw=40, logz=-718.59, remainder_fraction=96.2655%, Lmin=-710.64, Lmax=-706.35
13:36:37 [ultranest] [DEBUG] iteration=2790, ncalls=42535, regioncalls=1895480, ndraw=40, logz=-718.58, remainder_fraction=96.2330%, Lmin=-710.63, Lmax=-706.35
13:36:38 [ultranest] [DEBUG] iteration=2791, ncalls=42542, regioncalls=1895760, ndraw=40, logz=-718.58, remainder_fraction=96.2011%, Lmin=-710.62, Lmax=-706.35
13:36:38 [ultranest] [DEBUG] iteration=2792, ncalls=42547, regioncalls=1895960, ndraw=40, logz=-718.57, remainder_fraction=96.1908%, Lmin=-710.62, Lmax=-706.35
13:36:38 [ultranest] [DEBUG] iteration=2793, ncalls=42555, regioncalls=1896280, ndraw=40, logz=-718.56, remainder_fraction=96.1609%, Lmin=-710.61, Lmax=-706.35
13:36:40 [ultranest] [DEBUG] iteration=2794, ncalls=42582, regioncalls=1897360, ndraw=40, logz=-718.56, remainder_fraction=96.1277%, Lmin=-710.61, Lmax=-706.35
13:36:40 [ultranest] [DEBUG] iteration=2795, ncalls=42586, regioncalls=1897520, ndraw=40, logz=-718.55, remainder_fraction=96.1188%, Lmin=-710.60, Lmax=-706.35
13:36:40 [ultranest] [DEBUG] iteration=2796, ncalls=42588, regioncalls=1897600, ndraw=40, logz=-718.54, remainder_fraction=96.0852%, Lmin=-710.59, Lmax=-706.35
13:36:40 [ultranest] [DEBUG] iteration=2797, ncalls=42592, regioncalls=1897760, ndraw=40, logz=-718.54, remainder_fraction=96.0599%, Lmin=-710.57, Lmax=-706.35
13:36:40 [ultranest] [DEBUG] iteration=2799, ncalls=42601, regioncalls=1898120, ndraw=40, logz=-718.52, remainder_fraction=95.9948%, Lmin=-710.55, Lmax=-706.35
13:36:42 [ultranest] [DEBUG] iteration=2801, ncalls=42626, regioncalls=1899120, ndraw=40, logz=-718.51, remainder_fraction=95.9526%, Lmin=-710.54, Lmax=-706.35
13:36:42 [ultranest] [DEBUG] iteration=2802, ncalls=42628, regioncalls=1899200, ndraw=40, logz=-718.50, remainder_fraction=95.9345%, Lmin=-710.54, Lmax=-706.35
13:36:42 [ultranest] [DEBUG] iteration=2803, ncalls=42635, regioncalls=1899480, ndraw=40, logz=-718.50, remainder_fraction=95.8995%, Lmin=-710.51, Lmax=-706.35
13:36:42 [ultranest] [DEBUG] iteration=2804, ncalls=42642, regioncalls=1899760, ndraw=40, logz=-718.49, remainder_fraction=95.8695%, Lmin=-710.51, Lmax=-706.35
13:36:43 [ultranest] [DEBUG] iteration=2806, ncalls=42649, regioncalls=1900040, ndraw=40, logz=-718.48, remainder_fraction=95.8086%, Lmin=-710.49, Lmax=-706.35
13:36:43 [ultranest] [DEBUG] iteration=2808, ncalls=42653, regioncalls=1900200, ndraw=40, logz=-718.46, remainder_fraction=95.8018%, Lmin=-710.49, Lmax=-706.35
13:36:43 [ultranest] [DEBUG] iteration=2809, ncalls=42657, regioncalls=1900360, ndraw=40, logz=-718.46, remainder_fraction=95.7675%, Lmin=-710.49, Lmax=-706.35
13:36:43 [ultranest] [DEBUG] iteration=2810, ncalls=42662, regioncalls=1900560, ndraw=40, logz=-718.45, remainder_fraction=95.7311%, Lmin=-710.49, Lmax=-706.35
13:36:44 [ultranest] [DEBUG] iteration=2811, ncalls=42667, regioncalls=1900760, ndraw=40, logz=-718.44, remainder_fraction=95.6964%, Lmin=-710.47, Lmax=-706.35
13:36:44 [ultranest] [DEBUG] iteration=2813, ncalls=42676, regioncalls=1901120, ndraw=40, logz=-718.43, remainder_fraction=95.6573%, Lmin=-710.45, Lmax=-706.35
13:36:44 [ultranest] [DEBUG] iteration=2815, ncalls=42680, regioncalls=1901280, ndraw=40, logz=-718.42, remainder_fraction=95.6385%, Lmin=-710.44, Lmax=-706.35
13:36:45 [ultranest] [DEBUG] iteration=2817, ncalls=42683, regioncalls=1901400, ndraw=40, logz=-718.40, remainder_fraction=95.5819%, Lmin=-710.43, Lmax=-706.35
13:36:45 [ultranest] [DEBUG] iteration=2819, ncalls=42697, regioncalls=1901960, ndraw=40, logz=-718.39, remainder_fraction=95.5320%, Lmin=-710.42, Lmax=-706.35
13:36:45 [ultranest] [DEBUG] iteration=2820, ncalls=42702, regioncalls=1902160, ndraw=40, logz=-718.39, remainder_fraction=95.4942%, Lmin=-710.41, Lmax=-706.35
13:36:46 [ultranest] [DEBUG] iteration=2822, ncalls=42713, regioncalls=1902600, ndraw=40, logz=-718.37, remainder_fraction=95.4472%, Lmin=-710.41, Lmax=-706.35
13:36:46 [ultranest] [DEBUG] iteration=2823, ncalls=42721, regioncalls=1902920, ndraw=40, logz=-718.37, remainder_fraction=95.4262%, Lmin=-710.41, Lmax=-706.35
13:36:47 [ultranest] [DEBUG] iteration=2824, ncalls=42734, regioncalls=1903440, ndraw=40, logz=-718.36, remainder_fraction=95.3889%, Lmin=-710.39, Lmax=-706.35
13:36:47 [ultranest] [DEBUG] iteration=2825, ncalls=42741, regioncalls=1903720, ndraw=40, logz=-718.35, remainder_fraction=95.3510%, Lmin=-710.39, Lmax=-706.35
13:36:48 [ultranest] [DEBUG] iteration=2826, ncalls=42747, regioncalls=1903960, ndraw=40, logz=-718.35, remainder_fraction=95.3132%, Lmin=-710.39, Lmax=-706.35
13:36:48 [ultranest] [DEBUG] iteration=2827, ncalls=42755, regioncalls=1904280, ndraw=40, logz=-718.34, remainder_fraction=95.2754%, Lmin=-710.38, Lmax=-706.35
13:36:49 [ultranest] [DEBUG] iteration=2828, ncalls=42780, regioncalls=1905280, ndraw=40, logz=-718.33, remainder_fraction=95.2368%, Lmin=-710.38, Lmax=-706.35
13:36:50 [ultranest] [DEBUG] iteration=2829, ncalls=42786, regioncalls=1905520, ndraw=40, logz=-718.33, remainder_fraction=95.2000%, Lmin=-710.38, Lmax=-706.35
13:36:50 [ultranest] [DEBUG] iteration=2830, ncalls=42789, regioncalls=1905640, ndraw=40, logz=-718.32, remainder_fraction=95.1643%, Lmin=-710.35, Lmax=-706.35
13:36:50 [ultranest] [DEBUG] iteration=2831, ncalls=42795, regioncalls=1905880, ndraw=40, logz=-718.32, remainder_fraction=95.1313%, Lmin=-710.35, Lmax=-706.35
13:36:50 [ultranest] [DEBUG] iteration=2833, ncalls=42801, regioncalls=1906120, ndraw=40, logz=-718.30, remainder_fraction=95.0807%, Lmin=-710.35, Lmax=-706.35
13:36:51 [ultranest] [DEBUG] iteration=2835, ncalls=42807, regioncalls=1906360, ndraw=40, logz=-718.29, remainder_fraction=95.0120%, Lmin=-710.32, Lmax=-706.35
13:36:51 [ultranest] [DEBUG] iteration=2837, ncalls=42821, regioncalls=1906920, ndraw=40, logz=-718.28, remainder_fraction=94.9455%, Lmin=-710.31, Lmax=-706.35
13:36:52 [ultranest] [DEBUG] iteration=2838, ncalls=42841, regioncalls=1907720, ndraw=40, logz=-718.27, remainder_fraction=94.9098%, Lmin=-710.31, Lmax=-706.35
13:36:53 [ultranest] [DEBUG] iteration=2839, ncalls=42853, regioncalls=1908200, ndraw=40, logz=-718.27, remainder_fraction=94.8866%, Lmin=-710.31, Lmax=-706.35
13:36:53 [ultranest] [DEBUG] iteration=2840, ncalls=42855, regioncalls=1908280, ndraw=40, logz=-718.26, remainder_fraction=94.8493%, Lmin=-710.30, Lmax=-706.35
13:36:53 [ultranest] [DEBUG] iteration=2841, ncalls=42859, regioncalls=1908440, ndraw=40, logz=-718.26, remainder_fraction=94.8176%, Lmin=-710.30, Lmax=-706.35
13:36:53 [ultranest] [DEBUG] iteration=2842, ncalls=42865, regioncalls=1908680, ndraw=40, logz=-718.25, remainder_fraction=94.7856%, Lmin=-710.29, Lmax=-706.35
13:36:54 [ultranest] [DEBUG] iteration=2843, ncalls=42868, regioncalls=1908800, ndraw=40, logz=-718.24, remainder_fraction=94.7497%, Lmin=-710.27, Lmax=-706.35
13:36:54 [ultranest] [DEBUG] iteration=2844, ncalls=42874, regioncalls=1909040, ndraw=40, logz=-718.24, remainder_fraction=94.7159%, Lmin=-710.23, Lmax=-706.35
13:36:55 [ultranest] [DEBUG] iteration=2847, ncalls=42891, regioncalls=1909720, ndraw=40, logz=-718.22, remainder_fraction=94.6352%, Lmin=-710.21, Lmax=-706.35
13:36:55 [ultranest] [DEBUG] iteration=2849, ncalls=42895, regioncalls=1909880, ndraw=40, logz=-718.21, remainder_fraction=94.5548%, Lmin=-710.20, Lmax=-706.35
13:36:56 [ultranest] [DEBUG] iteration=2850, ncalls=42912, regioncalls=1910560, ndraw=40, logz=-718.20, remainder_fraction=94.5110%, Lmin=-710.19, Lmax=-706.35
13:36:56 [ultranest] [DEBUG] iteration=2851, ncalls=42919, regioncalls=1910840, ndraw=40, logz=-718.19, remainder_fraction=94.4664%, Lmin=-710.19, Lmax=-706.35
13:36:56 [ultranest] [DEBUG] iteration=2853, ncalls=42921, regioncalls=1910920, ndraw=40, logz=-718.18, remainder_fraction=94.3924%, Lmin=-710.19, Lmax=-706.35
13:36:56 [ultranest] [DEBUG] iteration=2854, ncalls=42926, regioncalls=1911120, ndraw=40, logz=-718.18, remainder_fraction=94.3490%, Lmin=-710.19, Lmax=-706.35
13:36:57 [ultranest] [DEBUG] iteration=2856, ncalls=42930, regioncalls=1911280, ndraw=40, logz=-718.16, remainder_fraction=94.2760%, Lmin=-710.14, Lmax=-706.35
13:36:57 [ultranest] [DEBUG] iteration=2857, ncalls=42936, regioncalls=1911520, ndraw=40, logz=-718.16, remainder_fraction=94.2292%, Lmin=-710.14, Lmax=-706.35
13:36:57 [ultranest] [DEBUG] iteration=2858, ncalls=42940, regioncalls=1911680, ndraw=40, logz=-718.15, remainder_fraction=94.1903%, Lmin=-710.13, Lmax=-706.35
13:36:57 [ultranest] [DEBUG] iteration=2859, ncalls=42944, regioncalls=1911840, ndraw=40, logz=-718.15, remainder_fraction=94.1433%, Lmin=-710.13, Lmax=-706.35
13:36:58 [ultranest] [DEBUG] iteration=2860, ncalls=42959, regioncalls=1912440, ndraw=40, logz=-718.14, remainder_fraction=94.1348%, Lmin=-710.13, Lmax=-706.35
13:36:58 [ultranest] [DEBUG] iteration=2862, ncalls=42965, regioncalls=1912680, ndraw=40, logz=-718.13, remainder_fraction=94.0453%, Lmin=-710.12, Lmax=-706.35
13:36:59 [ultranest] [DEBUG] iteration=2864, ncalls=42980, regioncalls=1913280, ndraw=40, logz=-718.12, remainder_fraction=93.9703%, Lmin=-710.11, Lmax=-706.35
13:36:59 [ultranest] [DEBUG] iteration=2865, ncalls=42983, regioncalls=1913400, ndraw=40, logz=-718.11, remainder_fraction=93.9225%, Lmin=-710.11, Lmax=-706.35
13:36:59 [ultranest] [DEBUG] iteration=2866, ncalls=42986, regioncalls=1913520, ndraw=40, logz=-718.10, remainder_fraction=93.8749%, Lmin=-710.09, Lmax=-706.35
13:37:00 [ultranest] [DEBUG] iteration=2867, ncalls=42989, regioncalls=1913640, ndraw=40, logz=-718.10, remainder_fraction=93.8303%, Lmin=-710.09, Lmax=-706.35
13:37:00 [ultranest] [DEBUG] iteration=2868, ncalls=42995, regioncalls=1913880, ndraw=40, logz=-718.09, remainder_fraction=93.8073%, Lmin=-710.09, Lmax=-706.35
13:37:00 [ultranest] [DEBUG] iteration=2869, ncalls=43004, regioncalls=1914240, ndraw=40, logz=-718.09, remainder_fraction=93.7701%, Lmin=-710.08, Lmax=-706.35
13:37:00 [ultranest] [DEBUG] iteration=2870, ncalls=43007, regioncalls=1914360, ndraw=40, logz=-718.08, remainder_fraction=93.7253%, Lmin=-710.07, Lmax=-706.35
13:37:01 [ultranest] [DEBUG] iteration=2871, ncalls=43010, regioncalls=1914480, ndraw=40, logz=-718.07, remainder_fraction=93.6888%, Lmin=-710.07, Lmax=-706.35
13:37:01 [ultranest] [DEBUG] iteration=2872, ncalls=43016, regioncalls=1914720, ndraw=40, logz=-718.07, remainder_fraction=93.6438%, Lmin=-710.07, Lmax=-706.35
13:37:01 [ultranest] [DEBUG] iteration=2873, ncalls=43019, regioncalls=1914840, ndraw=40, logz=-718.06, remainder_fraction=93.6528%, Lmin=-710.06, Lmax=-706.35
13:37:01 [ultranest] [DEBUG] iteration=2875, ncalls=43021, regioncalls=1914920, ndraw=40, logz=-718.05, remainder_fraction=93.5600%, Lmin=-710.03, Lmax=-706.35
13:37:02 [ultranest] [DEBUG] iteration=2876, ncalls=43035, regioncalls=1915480, ndraw=40, logz=-718.04, remainder_fraction=93.5165%, Lmin=-710.03, Lmax=-706.35
13:37:03 [ultranest] [DEBUG] iteration=2877, ncalls=43049, regioncalls=1916040, ndraw=40, logz=-718.04, remainder_fraction=93.4684%, Lmin=-710.03, Lmax=-706.35
13:37:03 [ultranest] [DEBUG] iteration=2878, ncalls=43056, regioncalls=1916320, ndraw=40, logz=-718.03, remainder_fraction=93.4202%, Lmin=-710.03, Lmax=-706.35
13:37:03 [ultranest] [DEBUG] iteration=2879, ncalls=43059, regioncalls=1916440, ndraw=40, logz=-718.03, remainder_fraction=93.3739%, Lmin=-710.01, Lmax=-706.35
13:37:03 [ultranest] [DEBUG] iteration=2880, ncalls=43063, regioncalls=1916600, ndraw=40, logz=-718.02, remainder_fraction=93.3268%, Lmin=-709.99, Lmax=-706.35
13:37:04 [ultranest] [DEBUG] iteration=2881, ncalls=43074, regioncalls=1917040, ndraw=40, logz=-718.02, remainder_fraction=93.2747%, Lmin=-709.99, Lmax=-706.35
13:37:05 [ultranest] [DEBUG] iteration=2883, ncalls=43089, regioncalls=1917640, ndraw=40, logz=-718.00, remainder_fraction=93.1799%, Lmin=-709.98, Lmax=-706.35
13:37:05 [ultranest] [DEBUG] iteration=2884, ncalls=43098, regioncalls=1918000, ndraw=40, logz=-718.00, remainder_fraction=93.1280%, Lmin=-709.97, Lmax=-706.35
13:37:05 [ultranest] [DEBUG] iteration=2885, ncalls=43101, regioncalls=1918120, ndraw=40, logz=-717.99, remainder_fraction=93.0808%, Lmin=-709.96, Lmax=-706.35
13:37:06 [ultranest] [DEBUG] iteration=2886, ncalls=43112, regioncalls=1918560, ndraw=40, logz=-717.99, remainder_fraction=93.0320%, Lmin=-709.96, Lmax=-706.35
13:37:07 [ultranest] [DEBUG] iteration=2888, ncalls=43134, regioncalls=1919440, ndraw=40, logz=-717.98, remainder_fraction=92.9272%, Lmin=-709.95, Lmax=-706.35
13:37:07 [ultranest] [DEBUG] iteration=2890, ncalls=43140, regioncalls=1919680, ndraw=40, logz=-717.96, remainder_fraction=92.8708%, Lmin=-709.94, Lmax=-706.35
13:37:07 [ultranest] [DEBUG] iteration=2891, ncalls=43145, regioncalls=1919880, ndraw=40, logz=-717.96, remainder_fraction=92.8326%, Lmin=-709.94, Lmax=-706.35
13:37:08 [ultranest] [DEBUG] iteration=2892, ncalls=43148, regioncalls=1920000, ndraw=40, logz=-717.95, remainder_fraction=92.7785%, Lmin=-709.94, Lmax=-706.35
13:37:08 [ultranest] [DEBUG] iteration=2893, ncalls=43158, regioncalls=1920400, ndraw=40, logz=-717.95, remainder_fraction=92.7289%, Lmin=-709.94, Lmax=-706.35
13:37:09 [ultranest] [DEBUG] iteration=2894, ncalls=43175, regioncalls=1921080, ndraw=40, logz=-717.94, remainder_fraction=92.6886%, Lmin=-709.93, Lmax=-706.35
13:37:09 [ultranest] [DEBUG] iteration=2895, ncalls=43179, regioncalls=1921240, ndraw=40, logz=-717.94, remainder_fraction=92.6657%, Lmin=-709.92, Lmax=-706.35
13:37:10 [ultranest] [DEBUG] iteration=2896, ncalls=43191, regioncalls=1921720, ndraw=40, logz=-717.93, remainder_fraction=92.6112%, Lmin=-709.92, Lmax=-706.35
13:37:10 [ultranest] [DEBUG] iteration=2898, ncalls=43194, regioncalls=1921840, ndraw=40, logz=-717.92, remainder_fraction=92.5542%, Lmin=-709.91, Lmax=-706.35
13:37:10 [ultranest] [DEBUG] iteration=2899, ncalls=43204, regioncalls=1922240, ndraw=40, logz=-717.91, remainder_fraction=92.5033%, Lmin=-709.91, Lmax=-706.35
13:37:10 [ultranest] [DEBUG] iteration=2900, ncalls=43207, regioncalls=1922360, ndraw=40, logz=-717.91, remainder_fraction=92.4489%, Lmin=-709.91, Lmax=-706.35
13:37:11 [ultranest] [DEBUG] iteration=2901, ncalls=43210, regioncalls=1922480, ndraw=40, logz=-717.90, remainder_fraction=92.3953%, Lmin=-709.89, Lmax=-706.35
13:37:11 [ultranest] [DEBUG] iteration=2903, ncalls=43217, regioncalls=1922760, ndraw=40, logz=-717.89, remainder_fraction=92.2862%, Lmin=-709.88, Lmax=-706.35
13:37:11 [ultranest] [DEBUG] iteration=2905, ncalls=43222, regioncalls=1922960, ndraw=40, logz=-717.88, remainder_fraction=92.2019%, Lmin=-709.86, Lmax=-706.35
13:37:11 [ultranest] [DEBUG] iteration=2906, ncalls=43228, regioncalls=1923200, ndraw=40, logz=-717.88, remainder_fraction=92.1474%, Lmin=-709.85, Lmax=-706.35
13:37:12 [ultranest] [DEBUG] iteration=2907, ncalls=43238, regioncalls=1923600, ndraw=40, logz=-717.87, remainder_fraction=92.1230%, Lmin=-709.84, Lmax=-706.35
13:37:12 [ultranest] [DEBUG] iteration=2909, ncalls=43242, regioncalls=1923760, ndraw=40, logz=-717.86, remainder_fraction=92.0301%, Lmin=-709.83, Lmax=-706.35
13:37:12 [ultranest] [DEBUG] iteration=2910, ncalls=43245, regioncalls=1923880, ndraw=40, logz=-717.85, remainder_fraction=91.9728%, Lmin=-709.82, Lmax=-706.35
13:37:12 [ultranest] [DEBUG] iteration=2911, ncalls=43248, regioncalls=1924000, ndraw=40, logz=-717.85, remainder_fraction=91.9145%, Lmin=-709.82, Lmax=-706.35
13:37:13 [ultranest] [DEBUG] iteration=2912, ncalls=43254, regioncalls=1924240, ndraw=40, logz=-717.84, remainder_fraction=91.8785%, Lmin=-709.82, Lmax=-706.35
13:37:13 [ultranest] [DEBUG] iteration=2913, ncalls=43257, regioncalls=1924360, ndraw=40, logz=-717.84, remainder_fraction=91.8351%, Lmin=-709.81, Lmax=-706.35
13:37:14 [ultranest] [DEBUG] iteration=2914, ncalls=43275, regioncalls=1925080, ndraw=40, logz=-717.83, remainder_fraction=91.7817%, Lmin=-709.81, Lmax=-706.35
13:37:14 [ultranest] [DEBUG] iteration=2915, ncalls=43278, regioncalls=1925200, ndraw=40, logz=-717.83, remainder_fraction=91.7341%, Lmin=-709.80, Lmax=-706.35
13:37:14 [ultranest] [DEBUG] iteration=2916, ncalls=43280, regioncalls=1925280, ndraw=40, logz=-717.82, remainder_fraction=91.6779%, Lmin=-709.80, Lmax=-706.35
13:37:14 [ultranest] [DEBUG] iteration=2917, ncalls=43288, regioncalls=1925600, ndraw=40, logz=-717.82, remainder_fraction=91.6247%, Lmin=-709.79, Lmax=-706.35
13:37:15 [ultranest] [DEBUG] iteration=2919, ncalls=43293, regioncalls=1925800, ndraw=40, logz=-717.81, remainder_fraction=91.5140%, Lmin=-709.77, Lmax=-706.35
13:37:15 [ultranest] [DEBUG] iteration=2920, ncalls=43300, regioncalls=1926080, ndraw=40, logz=-717.80, remainder_fraction=91.4590%, Lmin=-709.76, Lmax=-706.35
13:37:16 [ultranest] [DEBUG] iteration=2921, ncalls=43317, regioncalls=1926760, ndraw=40, logz=-717.80, remainder_fraction=91.4685%, Lmin=-709.75, Lmax=-706.35
13:37:16 [ultranest] [DEBUG] iteration=2922, ncalls=43329, regioncalls=1927240, ndraw=40, logz=-717.79, remainder_fraction=91.4197%, Lmin=-709.75, Lmax=-706.35
13:37:17 [ultranest] [DEBUG] iteration=2923, ncalls=43332, regioncalls=1927360, ndraw=40, logz=-717.78, remainder_fraction=91.3583%, Lmin=-709.75, Lmax=-706.35
13:37:17 [ultranest] [DEBUG] iteration=2925, ncalls=43336, regioncalls=1927520, ndraw=40, logz=-717.77, remainder_fraction=91.2921%, Lmin=-709.74, Lmax=-706.35
13:37:17 [ultranest] [DEBUG] iteration=2927, ncalls=43339, regioncalls=1927640, ndraw=40, logz=-717.76, remainder_fraction=91.2272%, Lmin=-709.72, Lmax=-706.35
13:37:17 [ultranest] [DEBUG] iteration=2929, ncalls=43345, regioncalls=1927880, ndraw=40, logz=-717.75, remainder_fraction=91.1368%, Lmin=-709.72, Lmax=-706.35
13:37:18 [ultranest] [DEBUG] iteration=2930, ncalls=43355, regioncalls=1928280, ndraw=40, logz=-717.75, remainder_fraction=91.0841%, Lmin=-709.72, Lmax=-706.35
13:37:18 [ultranest] [DEBUG] iteration=2931, ncalls=43363, regioncalls=1928600, ndraw=40, logz=-717.74, remainder_fraction=91.0461%, Lmin=-709.71, Lmax=-706.35
13:37:18 [ultranest] [DEBUG] iteration=2932, ncalls=43368, regioncalls=1928800, ndraw=40, logz=-717.74, remainder_fraction=90.9941%, Lmin=-709.71, Lmax=-706.35
13:37:19 [ultranest] [DEBUG] iteration=2934, ncalls=43378, regioncalls=1929200, ndraw=40, logz=-717.73, remainder_fraction=90.8720%, Lmin=-709.70, Lmax=-706.35
13:37:20 [ultranest] [DEBUG] iteration=2935, ncalls=43394, regioncalls=1929840, ndraw=40, logz=-717.72, remainder_fraction=90.8144%, Lmin=-709.70, Lmax=-706.35
13:37:21 [ultranest] [DEBUG] iteration=2936, ncalls=43426, regioncalls=1931120, ndraw=40, logz=-717.72, remainder_fraction=90.7933%, Lmin=-709.69, Lmax=-706.35
13:37:22 [ultranest] [DEBUG] iteration=2937, ncalls=43433, regioncalls=1931400, ndraw=40, logz=-717.71, remainder_fraction=90.7728%, Lmin=-709.69, Lmax=-706.35
13:37:22 [ultranest] [DEBUG] iteration=2938, ncalls=43442, regioncalls=1931760, ndraw=40, logz=-717.71, remainder_fraction=90.7138%, Lmin=-709.69, Lmax=-706.35
13:37:23 [ultranest] [DEBUG] iteration=2939, ncalls=43458, regioncalls=1932400, ndraw=40, logz=-717.70, remainder_fraction=90.6827%, Lmin=-709.68, Lmax=-706.35
13:37:23 [ultranest] [DEBUG] iteration=2940, ncalls=43461, regioncalls=1932520, ndraw=40, logz=-717.70, remainder_fraction=90.6462%, Lmin=-709.68, Lmax=-706.35
13:37:24 [ultranest] [DEBUG] iteration=2941, ncalls=43472, regioncalls=1932960, ndraw=40, logz=-717.69, remainder_fraction=90.5832%, Lmin=-709.68, Lmax=-706.35
13:37:24 [ultranest] [DEBUG] iteration=2942, ncalls=43477, regioncalls=1933160, ndraw=40, logz=-717.69, remainder_fraction=90.5219%, Lmin=-709.67, Lmax=-706.35
13:37:24 [ultranest] [DEBUG] iteration=2943, ncalls=43484, regioncalls=1933440, ndraw=40, logz=-717.68, remainder_fraction=90.4750%, Lmin=-709.67, Lmax=-706.35
13:37:25 [ultranest] [DEBUG] iteration=2944, ncalls=43502, regioncalls=1934160, ndraw=40, logz=-717.68, remainder_fraction=90.4197%, Lmin=-709.66, Lmax=-706.35
13:37:26 [ultranest] [DEBUG] iteration=2945, ncalls=43512, regioncalls=1934560, ndraw=40, logz=-717.67, remainder_fraction=90.3612%, Lmin=-709.66, Lmax=-706.35
13:37:26 [ultranest] [DEBUG] iteration=2946, ncalls=43518, regioncalls=1934800, ndraw=40, logz=-717.67, remainder_fraction=90.2966%, Lmin=-709.65, Lmax=-706.35
13:37:26 [ultranest] [DEBUG] iteration=2947, ncalls=43530, regioncalls=1935280, ndraw=40, logz=-717.66, remainder_fraction=90.2342%, Lmin=-709.64, Lmax=-706.35
13:37:27 [ultranest] [DEBUG] iteration=2949, ncalls=43536, regioncalls=1935520, ndraw=40, logz=-717.65, remainder_fraction=90.1265%, Lmin=-709.64, Lmax=-706.35
13:37:27 [ultranest] [DEBUG] iteration=2950, ncalls=43541, regioncalls=1935720, ndraw=40, logz=-717.65, remainder_fraction=90.0649%, Lmin=-709.63, Lmax=-706.35
13:37:27 [ultranest] [DEBUG] iteration=2951, ncalls=43546, regioncalls=1935920, ndraw=40, logz=-717.64, remainder_fraction=90.0148%, Lmin=-709.63, Lmax=-706.35
13:37:28 [ultranest] [DEBUG] iteration=2952, ncalls=43564, regioncalls=1936640, ndraw=40, logz=-717.64, remainder_fraction=89.9492%, Lmin=-709.62, Lmax=-706.35
13:37:30 [ultranest] [DEBUG] iteration=2953, ncalls=43597, regioncalls=1937960, ndraw=40, logz=-717.63, remainder_fraction=89.8860%, Lmin=-709.62, Lmax=-706.35
13:37:30 [ultranest] [DEBUG] iteration=2954, ncalls=43605, regioncalls=1938280, ndraw=40, logz=-717.63, remainder_fraction=89.8468%, Lmin=-709.60, Lmax=-706.35
13:37:31 [ultranest] [DEBUG] iteration=2956, ncalls=43616, regioncalls=1938720, ndraw=40, logz=-717.62, remainder_fraction=89.7676%, Lmin=-709.59, Lmax=-706.35
13:37:31 [ultranest] [DEBUG] iteration=2957, ncalls=43625, regioncalls=1939080, ndraw=40, logz=-717.61, remainder_fraction=89.7776%, Lmin=-709.58, Lmax=-706.35
13:37:31 [ultranest] [DEBUG] iteration=2958, ncalls=43628, regioncalls=1939200, ndraw=40, logz=-717.61, remainder_fraction=89.7431%, Lmin=-709.58, Lmax=-706.35
13:37:32 [ultranest] [DEBUG] iteration=2959, ncalls=43639, regioncalls=1939640, ndraw=40, logz=-717.60, remainder_fraction=89.6909%, Lmin=-709.58, Lmax=-706.35
13:37:32 [ultranest] [DEBUG] iteration=2960, ncalls=43642, regioncalls=1939760, ndraw=40, logz=-717.60, remainder_fraction=89.6257%, Lmin=-709.58, Lmax=-706.35
13:37:32 [ultranest] [DEBUG] iteration=2961, ncalls=43650, regioncalls=1940080, ndraw=40, logz=-717.59, remainder_fraction=89.5768%, Lmin=-709.57, Lmax=-706.35
13:37:33 [ultranest] [DEBUG] iteration=2962, ncalls=43657, regioncalls=1940360, ndraw=40, logz=-717.59, remainder_fraction=89.5185%, Lmin=-709.57, Lmax=-706.35
13:37:33 [ultranest] [DEBUG] iteration=2963, ncalls=43669, regioncalls=1940840, ndraw=40, logz=-717.59, remainder_fraction=89.4675%, Lmin=-709.56, Lmax=-706.35
13:37:34 [ultranest] [DEBUG] iteration=2964, ncalls=43675, regioncalls=1941080, ndraw=40, logz=-717.58, remainder_fraction=89.4201%, Lmin=-709.56, Lmax=-706.35
13:37:34 [ultranest] [DEBUG] iteration=2965, ncalls=43689, regioncalls=1941640, ndraw=40, logz=-717.58, remainder_fraction=89.3676%, Lmin=-709.56, Lmax=-706.35
13:37:35 [ultranest] [DEBUG] iteration=2966, ncalls=43697, regioncalls=1941960, ndraw=40, logz=-717.57, remainder_fraction=89.3026%, Lmin=-709.56, Lmax=-706.35
13:37:35 [ultranest] [DEBUG] iteration=2967, ncalls=43711, regioncalls=1942520, ndraw=40, logz=-717.57, remainder_fraction=89.2350%, Lmin=-709.56, Lmax=-706.35
13:37:36 [ultranest] [DEBUG] iteration=2969, ncalls=43726, regioncalls=1943120, ndraw=40, logz=-717.56, remainder_fraction=89.1063%, Lmin=-709.55, Lmax=-706.35
13:37:37 [ultranest] [DEBUG] iteration=2970, ncalls=43735, regioncalls=1943480, ndraw=40, logz=-717.55, remainder_fraction=89.0507%, Lmin=-709.54, Lmax=-706.35
13:37:37 [ultranest] [DEBUG] iteration=2971, ncalls=43741, regioncalls=1943720, ndraw=40, logz=-717.55, remainder_fraction=88.9831%, Lmin=-709.54, Lmax=-706.35
13:37:37 [ultranest] [DEBUG] iteration=2972, ncalls=43747, regioncalls=1943960, ndraw=40, logz=-717.54, remainder_fraction=88.9176%, Lmin=-709.53, Lmax=-706.35
13:37:38 [ultranest] [DEBUG] iteration=2973, ncalls=43766, regioncalls=1944720, ndraw=40, logz=-717.54, remainder_fraction=88.8503%, Lmin=-709.53, Lmax=-706.35
13:37:39 [ultranest] [DEBUG] iteration=2974, ncalls=43774, regioncalls=1945040, ndraw=40, logz=-717.53, remainder_fraction=88.8205%, Lmin=-709.52, Lmax=-706.35
13:37:39 [ultranest] [DEBUG] iteration=2975, ncalls=43780, regioncalls=1945280, ndraw=40, logz=-717.53, remainder_fraction=88.8254%, Lmin=-709.52, Lmax=-706.35
13:37:39 [ultranest] [DEBUG] iteration=2976, ncalls=43786, regioncalls=1945520, ndraw=40, logz=-717.53, remainder_fraction=88.7694%, Lmin=-709.51, Lmax=-706.35
13:37:39 [ultranest] [DEBUG] iteration=2977, ncalls=43793, regioncalls=1945800, ndraw=40, logz=-717.52, remainder_fraction=88.7059%, Lmin=-709.51, Lmax=-706.35
13:37:41 [ultranest] [DEBUG] iteration=2978, ncalls=43815, regioncalls=1946680, ndraw=40, logz=-717.52, remainder_fraction=88.6432%, Lmin=-709.50, Lmax=-706.35
13:37:41 [ultranest] [DEBUG] iteration=2979, ncalls=43829, regioncalls=1947240, ndraw=40, logz=-717.51, remainder_fraction=88.5786%, Lmin=-709.48, Lmax=-706.35
13:37:42 [ultranest] [DEBUG] iteration=2981, ncalls=43837, regioncalls=1947560, ndraw=40, logz=-717.50, remainder_fraction=88.4632%, Lmin=-709.47, Lmax=-706.35
13:37:42 [ultranest] [DEBUG] iteration=2982, ncalls=43842, regioncalls=1947760, ndraw=40, logz=-717.50, remainder_fraction=88.3966%, Lmin=-709.46, Lmax=-706.35
13:37:42 [ultranest] [DEBUG] iteration=2983, ncalls=43854, regioncalls=1948240, ndraw=40, logz=-717.49, remainder_fraction=88.3361%, Lmin=-709.46, Lmax=-706.35
13:37:43 [ultranest] [DEBUG] iteration=2984, ncalls=43863, regioncalls=1948600, ndraw=40, logz=-717.49, remainder_fraction=88.2678%, Lmin=-709.45, Lmax=-706.35
13:37:43 [ultranest] [DEBUG] iteration=2985, ncalls=43867, regioncalls=1948760, ndraw=40, logz=-717.48, remainder_fraction=88.2044%, Lmin=-709.45, Lmax=-706.35
13:37:43 [ultranest] [DEBUG] iteration=2987, ncalls=43872, regioncalls=1948960, ndraw=40, logz=-717.48, remainder_fraction=88.1069%, Lmin=-709.43, Lmax=-706.35
13:37:44 [ultranest] [DEBUG] iteration=2988, ncalls=43883, regioncalls=1949400, ndraw=40, logz=-717.47, remainder_fraction=88.0629%, Lmin=-709.43, Lmax=-706.35
13:37:44 [ultranest] [DEBUG] iteration=2989, ncalls=43884, regioncalls=1949440, ndraw=40, logz=-717.47, remainder_fraction=88.0283%, Lmin=-709.42, Lmax=-706.35
13:37:44 [ultranest] [DEBUG] iteration=2991, ncalls=43890, regioncalls=1949680, ndraw=40, logz=-717.46, remainder_fraction=87.9110%, Lmin=-709.42, Lmax=-706.35
13:37:45 [ultranest] [DEBUG] iteration=2992, ncalls=43895, regioncalls=1949880, ndraw=40, logz=-717.45, remainder_fraction=87.8377%, Lmin=-709.42, Lmax=-706.35
13:37:45 [ultranest] [DEBUG] iteration=2993, ncalls=43900, regioncalls=1950080, ndraw=40, logz=-717.45, remainder_fraction=87.7651%, Lmin=-709.41, Lmax=-706.35
13:37:45 [ultranest] [DEBUG] iteration=2994, ncalls=43915, regioncalls=1950680, ndraw=40, logz=-717.44, remainder_fraction=87.7997%, Lmin=-709.41, Lmax=-706.35
13:37:46 [ultranest] [DEBUG] iteration=2995, ncalls=43919, regioncalls=1950840, ndraw=40, logz=-717.44, remainder_fraction=87.7263%, Lmin=-709.40, Lmax=-706.35
13:37:46 [ultranest] [DEBUG] iteration=2996, ncalls=43921, regioncalls=1950920, ndraw=40, logz=-717.44, remainder_fraction=87.6814%, Lmin=-709.40, Lmax=-706.35
13:37:46 [ultranest] [DEBUG] iteration=2997, ncalls=43932, regioncalls=1951360, ndraw=40, logz=-717.43, remainder_fraction=87.6074%, Lmin=-709.40, Lmax=-706.35
13:37:47 [ultranest] [DEBUG] iteration=2998, ncalls=43940, regioncalls=1951680, ndraw=40, logz=-717.43, remainder_fraction=87.5398%, Lmin=-709.39, Lmax=-706.35
13:37:48 [ultranest] [DEBUG] iteration=2999, ncalls=43966, regioncalls=1952720, ndraw=40, logz=-717.42, remainder_fraction=87.5155%, Lmin=-709.38, Lmax=-706.35
13:37:48 [ultranest] [DEBUG] iteration=3000, ncalls=43976, regioncalls=1953120, ndraw=40, logz=-717.42, remainder_fraction=87.4917%, Lmin=-709.38, Lmax=-706.35
13:37:49 [ultranest] [DEBUG] iteration=3001, ncalls=43987, regioncalls=1953560, ndraw=40, logz=-717.41, remainder_fraction=87.4172%, Lmin=-709.38, Lmax=-706.35
13:37:50 [ultranest] [DEBUG] iteration=3002, ncalls=44001, regioncalls=1954120, ndraw=40, logz=-717.41, remainder_fraction=87.3418%, Lmin=-709.37, Lmax=-706.35
13:37:50 [ultranest] [DEBUG] iteration=3003, ncalls=44007, regioncalls=1954360, ndraw=40, logz=-717.40, remainder_fraction=87.2747%, Lmin=-709.36, Lmax=-706.35
13:37:50 [ultranest] [DEBUG] iteration=3004, ncalls=44014, regioncalls=1954640, ndraw=40, logz=-717.40, remainder_fraction=87.2049%, Lmin=-709.36, Lmax=-706.35
13:37:51 [ultranest] [DEBUG] iteration=3005, ncalls=44021, regioncalls=1954920, ndraw=40, logz=-717.40, remainder_fraction=87.1346%, Lmin=-709.35, Lmax=-706.35
13:37:51 [ultranest] [DEBUG] iteration=3006, ncalls=44038, regioncalls=1955600, ndraw=40, logz=-717.39, remainder_fraction=87.0775%, Lmin=-709.35, Lmax=-706.35
13:37:52 [ultranest] [DEBUG] iteration=3007, ncalls=44043, regioncalls=1955800, ndraw=40, logz=-717.39, remainder_fraction=87.0169%, Lmin=-709.35, Lmax=-706.35
13:37:53 [ultranest] [DEBUG] iteration=3008, ncalls=44060, regioncalls=1956480, ndraw=40, logz=-717.38, remainder_fraction=87.0110%, Lmin=-709.34, Lmax=-706.35
13:37:53 [ultranest] [DEBUG] iteration=3009, ncalls=44064, regioncalls=1956640, ndraw=40, logz=-717.38, remainder_fraction=86.9767%, Lmin=-709.34, Lmax=-706.35
13:37:53 [ultranest] [DEBUG] iteration=3010, ncalls=44066, regioncalls=1956720, ndraw=40, logz=-717.37, remainder_fraction=86.9069%, Lmin=-709.34, Lmax=-706.35
13:37:53 [ultranest] [DEBUG] iteration=3011, ncalls=44073, regioncalls=1957000, ndraw=40, logz=-717.37, remainder_fraction=86.8467%, Lmin=-709.34, Lmax=-706.35
13:37:53 [ultranest] [DEBUG] iteration=3012, ncalls=44077, regioncalls=1957160, ndraw=40, logz=-717.37, remainder_fraction=86.8112%, Lmin=-709.33, Lmax=-706.35
13:37:54 [ultranest] [DEBUG] iteration=3013, ncalls=44084, regioncalls=1957440, ndraw=40, logz=-717.36, remainder_fraction=86.7362%, Lmin=-709.33, Lmax=-706.35
13:37:54 [ultranest] [DEBUG] iteration=3014, ncalls=44087, regioncalls=1957560, ndraw=40, logz=-717.36, remainder_fraction=86.6626%, Lmin=-709.32, Lmax=-706.35
13:37:54 [ultranest] [DEBUG] iteration=3015, ncalls=44089, regioncalls=1957640, ndraw=40, logz=-717.35, remainder_fraction=86.5859%, Lmin=-709.32, Lmax=-706.35
13:37:55 [ultranest] [DEBUG] iteration=3016, ncalls=44101, regioncalls=1958120, ndraw=40, logz=-717.35, remainder_fraction=86.5086%, Lmin=-709.31, Lmax=-706.35
13:37:55 [ultranest] [DEBUG] iteration=3017, ncalls=44119, regioncalls=1958840, ndraw=40, logz=-717.35, remainder_fraction=86.4848%, Lmin=-709.31, Lmax=-706.35
13:37:56 [ultranest] [DEBUG] iteration=3018, ncalls=44125, regioncalls=1959080, ndraw=40, logz=-717.34, remainder_fraction=86.4112%, Lmin=-709.30, Lmax=-706.35
13:37:56 [ultranest] [DEBUG] iteration=3020, ncalls=44133, regioncalls=1959400, ndraw=40, logz=-717.33, remainder_fraction=86.2600%, Lmin=-709.29, Lmax=-706.35
13:37:56 [ultranest] [DEBUG] iteration=3021, ncalls=44138, regioncalls=1959600, ndraw=40, logz=-717.33, remainder_fraction=86.2300%, Lmin=-709.29, Lmax=-706.35
13:37:57 [ultranest] [DEBUG] iteration=3022, ncalls=44159, regioncalls=1960440, ndraw=40, logz=-717.32, remainder_fraction=86.2081%, Lmin=-709.29, Lmax=-706.35
13:37:58 [ultranest] [DEBUG] iteration=3023, ncalls=44161, regioncalls=1960520, ndraw=40, logz=-717.32, remainder_fraction=86.1298%, Lmin=-709.29, Lmax=-706.35
13:37:58 [ultranest] [DEBUG] iteration=3024, ncalls=44167, regioncalls=1960760, ndraw=40, logz=-717.32, remainder_fraction=86.0727%, Lmin=-709.28, Lmax=-706.35
13:37:58 [ultranest] [DEBUG] iteration=3025, ncalls=44170, regioncalls=1960880, ndraw=40, logz=-717.31, remainder_fraction=86.0036%, Lmin=-709.28, Lmax=-706.35
13:37:58 [ultranest] [DEBUG] iteration=3027, ncalls=44178, regioncalls=1961200, ndraw=40, logz=-717.30, remainder_fraction=85.8495%, Lmin=-709.27, Lmax=-706.35
13:37:59 [ultranest] [DEBUG] iteration=3028, ncalls=44183, regioncalls=1961400, ndraw=40, logz=-717.30, remainder_fraction=85.7708%, Lmin=-709.27, Lmax=-706.35
13:37:59 [ultranest] [DEBUG] iteration=3030, ncalls=44189, regioncalls=1961640, ndraw=40, logz=-717.29, remainder_fraction=85.6510%, Lmin=-709.27, Lmax=-706.35
13:37:59 [ultranest] [DEBUG] iteration=3031, ncalls=44196, regioncalls=1961920, ndraw=40, logz=-717.29, remainder_fraction=85.5851%, Lmin=-709.27, Lmax=-706.35
13:38:00 [ultranest] [DEBUG] iteration=3032, ncalls=44206, regioncalls=1962320, ndraw=40, logz=-717.28, remainder_fraction=85.5102%, Lmin=-709.26, Lmax=-706.35
13:38:00 [ultranest] [DEBUG] iteration=3033, ncalls=44209, regioncalls=1962440, ndraw=40, logz=-717.28, remainder_fraction=85.4320%, Lmin=-709.26, Lmax=-706.35
13:38:00 [ultranest] [DEBUG] iteration=3034, ncalls=44216, regioncalls=1962720, ndraw=40, logz=-717.28, remainder_fraction=85.3985%, Lmin=-709.25, Lmax=-706.35
13:38:00 [ultranest] [DEBUG] iteration=3036, ncalls=44218, regioncalls=1962800, ndraw=40, logz=-717.27, remainder_fraction=85.2505%, Lmin=-709.24, Lmax=-706.26
13:38:00 [ultranest] [DEBUG] iteration=3037, ncalls=44220, regioncalls=1962880, ndraw=40, logz=-717.26, remainder_fraction=85.2156%, Lmin=-709.24, Lmax=-706.26
13:38:01 [ultranest] [DEBUG] iteration=3038, ncalls=44229, regioncalls=1963280, ndraw=40, logz=-717.26, remainder_fraction=85.2943%, Lmin=-709.24, Lmax=-706.26
13:38:01 [ultranest] [DEBUG] iteration=3039, ncalls=44236, regioncalls=1963560, ndraw=40, logz=-717.26, remainder_fraction=85.2167%, Lmin=-709.24, Lmax=-706.26
13:38:02 [ultranest] [DEBUG] iteration=3040, ncalls=44243, regioncalls=1963840, ndraw=40, logz=-717.25, remainder_fraction=85.1510%, Lmin=-709.24, Lmax=-706.26
13:38:02 [ultranest] [DEBUG] iteration=3041, ncalls=44248, regioncalls=1964040, ndraw=40, logz=-717.25, remainder_fraction=85.0980%, Lmin=-709.22, Lmax=-706.26
13:38:02 [ultranest] [DEBUG] iteration=3042, ncalls=44254, regioncalls=1964280, ndraw=40, logz=-717.24, remainder_fraction=85.0284%, Lmin=-709.22, Lmax=-706.26
13:38:02 [ultranest] [DEBUG] iteration=3043, ncalls=44259, regioncalls=1964480, ndraw=40, logz=-717.24, remainder_fraction=84.9672%, Lmin=-709.22, Lmax=-706.26
13:38:03 [ultranest] [DEBUG] iteration=3044, ncalls=44272, regioncalls=1965000, ndraw=40, logz=-717.24, remainder_fraction=84.8895%, Lmin=-709.22, Lmax=-706.26
13:38:03 [ultranest] [DEBUG] iteration=3045, ncalls=44275, regioncalls=1965120, ndraw=40, logz=-717.23, remainder_fraction=84.8139%, Lmin=-709.21, Lmax=-706.26
13:38:04 [ultranest] [DEBUG] iteration=3046, ncalls=44290, regioncalls=1965720, ndraw=40, logz=-717.23, remainder_fraction=84.7322%, Lmin=-709.21, Lmax=-706.26
13:38:04 [ultranest] [DEBUG] iteration=3047, ncalls=44295, regioncalls=1965920, ndraw=40, logz=-717.23, remainder_fraction=84.6603%, Lmin=-709.20, Lmax=-706.26
13:38:05 [ultranest] [DEBUG] iteration=3049, ncalls=44309, regioncalls=1966480, ndraw=40, logz=-717.22, remainder_fraction=84.5224%, Lmin=-709.19, Lmax=-706.26
13:38:05 [ultranest] [DEBUG] iteration=3050, ncalls=44314, regioncalls=1966680, ndraw=40, logz=-717.21, remainder_fraction=84.4967%, Lmin=-709.19, Lmax=-706.26
13:38:05 [ultranest] [DEBUG] iteration=3051, ncalls=44320, regioncalls=1966920, ndraw=40, logz=-717.21, remainder_fraction=84.4242%, Lmin=-709.19, Lmax=-706.26
13:38:06 [ultranest] [DEBUG] iteration=3053, ncalls=44326, regioncalls=1967160, ndraw=40, logz=-717.20, remainder_fraction=84.4139%, Lmin=-709.18, Lmax=-706.26
13:38:06 [ultranest] [DEBUG] iteration=3054, ncalls=44332, regioncalls=1967400, ndraw=40, logz=-717.20, remainder_fraction=84.3452%, Lmin=-709.17, Lmax=-706.26
13:38:07 [ultranest] [DEBUG] iteration=3055, ncalls=44342, regioncalls=1967800, ndraw=40, logz=-717.19, remainder_fraction=84.2751%, Lmin=-709.17, Lmax=-706.26
13:38:07 [ultranest] [DEBUG] iteration=3056, ncalls=44344, regioncalls=1967880, ndraw=40, logz=-717.19, remainder_fraction=84.2058%, Lmin=-709.17, Lmax=-706.26
13:38:07 [ultranest] [DEBUG] iteration=3058, ncalls=44354, regioncalls=1968280, ndraw=40, logz=-717.18, remainder_fraction=84.0411%, Lmin=-709.16, Lmax=-706.26
13:38:07 [ultranest] [DEBUG] iteration=3059, ncalls=44359, regioncalls=1968480, ndraw=40, logz=-717.18, remainder_fraction=83.9643%, Lmin=-709.15, Lmax=-706.26
13:38:09 [ultranest] [DEBUG] iteration=3060, ncalls=44392, regioncalls=1969800, ndraw=40, logz=-717.18, remainder_fraction=83.9224%, Lmin=-709.15, Lmax=-706.26
13:38:10 [ultranest] [DEBUG] iteration=3061, ncalls=44419, regioncalls=1970880, ndraw=40, logz=-717.17, remainder_fraction=83.8607%, Lmin=-709.14, Lmax=-706.26
13:38:11 [ultranest] [DEBUG] iteration=3063, ncalls=44431, regioncalls=1971360, ndraw=40, logz=-717.16, remainder_fraction=83.7532%, Lmin=-709.13, Lmax=-706.26
13:38:11 [ultranest] [DEBUG] iteration=3065, ncalls=44440, regioncalls=1971720, ndraw=40, logz=-717.16, remainder_fraction=83.6471%, Lmin=-709.12, Lmax=-706.26
13:38:12 [ultranest] [DEBUG] iteration=3067, ncalls=44455, regioncalls=1972320, ndraw=40, logz=-717.15, remainder_fraction=83.6157%, Lmin=-709.12, Lmax=-706.26
13:38:13 [ultranest] [DEBUG] iteration=3068, ncalls=44477, regioncalls=1973200, ndraw=40, logz=-717.15, remainder_fraction=83.5783%, Lmin=-709.11, Lmax=-706.26
13:38:13 [ultranest] [DEBUG] iteration=3069, ncalls=44479, regioncalls=1973280, ndraw=40, logz=-717.14, remainder_fraction=83.4958%, Lmin=-709.11, Lmax=-706.26
13:38:14 [ultranest] [DEBUG] iteration=3070, ncalls=44482, regioncalls=1973400, ndraw=40, logz=-717.14, remainder_fraction=83.4464%, Lmin=-709.10, Lmax=-706.26
13:38:14 [ultranest] [DEBUG] iteration=3071, ncalls=44492, regioncalls=1973800, ndraw=40, logz=-717.14, remainder_fraction=83.3711%, Lmin=-709.10, Lmax=-706.26
13:38:14 [ultranest] [DEBUG] iteration=3072, ncalls=44496, regioncalls=1973960, ndraw=40, logz=-717.13, remainder_fraction=83.2887%, Lmin=-709.09, Lmax=-706.26
13:38:15 [ultranest] [DEBUG] iteration=3073, ncalls=44505, regioncalls=1974320, ndraw=40, logz=-717.13, remainder_fraction=83.2045%, Lmin=-709.09, Lmax=-706.26
13:38:16 [ultranest] [DEBUG] iteration=3074, ncalls=44525, regioncalls=1975120, ndraw=40, logz=-717.12, remainder_fraction=83.1530%, Lmin=-709.08, Lmax=-706.26
13:38:17 [ultranest] [DEBUG] iteration=3075, ncalls=44539, regioncalls=1975680, ndraw=40, logz=-717.12, remainder_fraction=83.0753%, Lmin=-709.08, Lmax=-706.26
13:38:17 [ultranest] [DEBUG] iteration=3076, ncalls=44546, regioncalls=1975960, ndraw=40, logz=-717.12, remainder_fraction=83.0905%, Lmin=-709.08, Lmax=-706.26
13:38:18 [ultranest] [DEBUG] iteration=3077, ncalls=44563, regioncalls=1976640, ndraw=40, logz=-717.11, remainder_fraction=83.0131%, Lmin=-709.08, Lmax=-706.26
13:38:18 [ultranest] [DEBUG] iteration=3078, ncalls=44567, regioncalls=1976800, ndraw=40, logz=-717.11, remainder_fraction=82.9524%, Lmin=-709.07, Lmax=-706.26
13:38:19 [ultranest] [DEBUG] iteration=3079, ncalls=44585, regioncalls=1977520, ndraw=40, logz=-717.11, remainder_fraction=82.8727%, Lmin=-709.07, Lmax=-706.26
13:38:19 [ultranest] [DEBUG] iteration=3081, ncalls=44593, regioncalls=1977840, ndraw=40, logz=-717.10, remainder_fraction=82.7395%, Lmin=-709.06, Lmax=-706.26
13:38:20 [ultranest] [DEBUG] iteration=3082, ncalls=44596, regioncalls=1977960, ndraw=40, logz=-717.10, remainder_fraction=82.6554%, Lmin=-709.06, Lmax=-706.26
13:38:20 [ultranest] [DEBUG] iteration=3083, ncalls=44600, regioncalls=1978120, ndraw=40, logz=-717.09, remainder_fraction=82.5832%, Lmin=-709.06, Lmax=-706.26
13:38:20 [ultranest] [DEBUG] iteration=3084, ncalls=44611, regioncalls=1978560, ndraw=40, logz=-717.09, remainder_fraction=82.5104%, Lmin=-709.06, Lmax=-706.26
13:38:21 [ultranest] [DEBUG] iteration=3085, ncalls=44625, regioncalls=1979120, ndraw=40, logz=-717.09, remainder_fraction=82.4601%, Lmin=-709.06, Lmax=-706.26
13:38:21 [ultranest] [DEBUG] iteration=3086, ncalls=44630, regioncalls=1979320, ndraw=40, logz=-717.08, remainder_fraction=82.3950%, Lmin=-709.06, Lmax=-706.26
13:38:22 [ultranest] [DEBUG] iteration=3087, ncalls=44637, regioncalls=1979600, ndraw=40, logz=-717.08, remainder_fraction=82.3923%, Lmin=-709.05, Lmax=-706.26
13:38:23 [ultranest] [DEBUG] iteration=3088, ncalls=44665, regioncalls=1980720, ndraw=40, logz=-717.07, remainder_fraction=82.3293%, Lmin=-709.04, Lmax=-706.26
13:38:23 [ultranest] [DEBUG] iteration=3089, ncalls=44668, regioncalls=1980840, ndraw=40, logz=-717.07, remainder_fraction=82.2552%, Lmin=-709.03, Lmax=-706.26
13:38:24 [ultranest] [DEBUG] iteration=3090, ncalls=44675, regioncalls=1981120, ndraw=40, logz=-717.07, remainder_fraction=82.1915%, Lmin=-709.03, Lmax=-706.26
13:38:24 [ultranest] [DEBUG] iteration=3091, ncalls=44690, regioncalls=1981720, ndraw=40, logz=-717.06, remainder_fraction=82.1082%, Lmin=-709.03, Lmax=-706.26
13:38:25 [ultranest] [DEBUG] iteration=3092, ncalls=44701, regioncalls=1982240, ndraw=40, logz=-717.06, remainder_fraction=82.0351%, Lmin=-709.03, Lmax=-706.26
13:38:25 [ultranest] [DEBUG] iteration=3093, ncalls=44705, regioncalls=1982400, ndraw=40, logz=-717.06, remainder_fraction=81.9606%, Lmin=-709.03, Lmax=-706.26
13:38:25 [ultranest] [DEBUG] iteration=3094, ncalls=44712, regioncalls=1982680, ndraw=40, logz=-717.05, remainder_fraction=81.9388%, Lmin=-709.03, Lmax=-706.26
13:38:26 [ultranest] [DEBUG] iteration=3095, ncalls=44725, regioncalls=1983200, ndraw=40, logz=-717.05, remainder_fraction=81.8553%, Lmin=-709.02, Lmax=-706.26
13:38:26 [ultranest] [DEBUG] iteration=3096, ncalls=44732, regioncalls=1983480, ndraw=40, logz=-717.05, remainder_fraction=81.8099%, Lmin=-709.02, Lmax=-706.26
13:38:27 [ultranest] [DEBUG] iteration=3097, ncalls=44744, regioncalls=1983960, ndraw=40, logz=-717.04, remainder_fraction=81.7869%, Lmin=-709.02, Lmax=-706.26
13:38:27 [ultranest] [DEBUG] iteration=3099, ncalls=44747, regioncalls=1984080, ndraw=40, logz=-717.04, remainder_fraction=81.7031%, Lmin=-709.01, Lmax=-706.26
13:38:27 [ultranest] [DEBUG] iteration=3100, ncalls=44752, regioncalls=1984280, ndraw=40, logz=-717.03, remainder_fraction=81.6557%, Lmin=-709.00, Lmax=-706.26
13:38:28 [ultranest] [DEBUG] iteration=3101, ncalls=44756, regioncalls=1984440, ndraw=40, logz=-717.03, remainder_fraction=81.5816%, Lmin=-709.00, Lmax=-706.26
13:38:28 [ultranest] [DEBUG] iteration=3102, ncalls=44761, regioncalls=1984640, ndraw=40, logz=-717.03, remainder_fraction=81.4939%, Lmin=-709.00, Lmax=-706.26
13:38:28 [ultranest] [DEBUG] iteration=3104, ncalls=44770, regioncalls=1985000, ndraw=40, logz=-717.02, remainder_fraction=81.3710%, Lmin=-708.99, Lmax=-706.26
13:38:30 [ultranest] [DEBUG] iteration=3105, ncalls=44792, regioncalls=1985880, ndraw=40, logz=-717.02, remainder_fraction=81.3080%, Lmin=-708.99, Lmax=-706.26
13:38:30 [ultranest] [DEBUG] iteration=3106, ncalls=44811, regioncalls=1986640, ndraw=40, logz=-717.01, remainder_fraction=81.2440%, Lmin=-708.98, Lmax=-706.26
13:38:31 [ultranest] [DEBUG] iteration=3108, ncalls=44828, regioncalls=1987320, ndraw=40, logz=-717.01, remainder_fraction=81.0841%, Lmin=-708.97, Lmax=-706.26
13:38:33 [ultranest] [DEBUG] iteration=3109, ncalls=44855, regioncalls=1988520, ndraw=40, logz=-717.00, remainder_fraction=80.9965%, Lmin=-708.97, Lmax=-706.26
13:38:33 [ultranest] [DEBUG] iteration=3110, ncalls=44861, regioncalls=1988760, ndraw=40, logz=-717.00, remainder_fraction=80.9190%, Lmin=-708.96, Lmax=-706.26
13:38:33 [ultranest] [DEBUG] iteration=3111, ncalls=44864, regioncalls=1988880, ndraw=40, logz=-717.00, remainder_fraction=80.8338%, Lmin=-708.96, Lmax=-706.26
13:38:34 [ultranest] [DEBUG] iteration=3112, ncalls=44885, regioncalls=1989720, ndraw=40, logz=-716.99, remainder_fraction=80.7546%, Lmin=-708.96, Lmax=-706.26
13:38:35 [ultranest] [DEBUG] iteration=3113, ncalls=44894, regioncalls=1990080, ndraw=40, logz=-716.99, remainder_fraction=80.7442%, Lmin=-708.95, Lmax=-706.26
13:38:35 [ultranest] [DEBUG] iteration=3114, ncalls=44909, regioncalls=1990680, ndraw=40, logz=-716.99, remainder_fraction=80.6607%, Lmin=-708.95, Lmax=-706.26
13:38:36 [ultranest] [DEBUG] iteration=3115, ncalls=44916, regioncalls=1990960, ndraw=40, logz=-716.98, remainder_fraction=80.5803%, Lmin=-708.94, Lmax=-706.26
13:38:36 [ultranest] [DEBUG] iteration=3116, ncalls=44918, regioncalls=1991040, ndraw=40, logz=-716.98, remainder_fraction=80.4935%, Lmin=-708.93, Lmax=-706.26
13:38:37 [ultranest] [DEBUG] iteration=3117, ncalls=44937, regioncalls=1991800, ndraw=40, logz=-716.98, remainder_fraction=80.4193%, Lmin=-708.93, Lmax=-706.26
13:38:38 [ultranest] [DEBUG] iteration=3118, ncalls=44964, regioncalls=1992880, ndraw=40, logz=-716.97, remainder_fraction=80.3742%, Lmin=-708.93, Lmax=-706.26
13:38:39 [ultranest] [DEBUG] iteration=3119, ncalls=44973, regioncalls=1993240, ndraw=40, logz=-716.97, remainder_fraction=80.2877%, Lmin=-708.92, Lmax=-706.26
13:38:39 [ultranest] [DEBUG] iteration=3120, ncalls=44987, regioncalls=1993800, ndraw=40, logz=-716.97, remainder_fraction=80.2069%, Lmin=-708.92, Lmax=-706.26
13:38:40 [ultranest] [DEBUG] iteration=3121, ncalls=45000, regioncalls=1994320, ndraw=40, logz=-716.96, remainder_fraction=80.1236%, Lmin=-708.92, Lmax=-706.26
13:38:41 [ultranest] [DEBUG] iteration=3122, ncalls=45030, regioncalls=1995520, ndraw=40, logz=-716.96, remainder_fraction=80.0690%, Lmin=-708.91, Lmax=-706.26
13:38:42 [ultranest] [DEBUG] iteration=3123, ncalls=45036, regioncalls=1995760, ndraw=40, logz=-716.96, remainder_fraction=79.9782%, Lmin=-708.91, Lmax=-706.26
13:38:42 [ultranest] [DEBUG] iteration=3124, ncalls=45041, regioncalls=1995960, ndraw=40, logz=-716.95, remainder_fraction=79.9022%, Lmin=-708.91, Lmax=-706.26
13:38:42 [ultranest] [DEBUG] iteration=3125, ncalls=45046, regioncalls=1996160, ndraw=40, logz=-716.95, remainder_fraction=79.8340%, Lmin=-708.90, Lmax=-706.26
13:38:43 [ultranest] [DEBUG] iteration=3126, ncalls=45060, regioncalls=1996720, ndraw=40, logz=-716.95, remainder_fraction=79.7474%, Lmin=-708.89, Lmax=-706.26
13:38:43 [ultranest] [DEBUG] iteration=3127, ncalls=45068, regioncalls=1997040, ndraw=40, logz=-716.94, remainder_fraction=79.6552%, Lmin=-708.88, Lmax=-706.26
13:38:44 [ultranest] [DEBUG] iteration=3128, ncalls=45072, regioncalls=1997200, ndraw=40, logz=-716.94, remainder_fraction=79.5882%, Lmin=-708.88, Lmax=-706.26
13:38:44 [ultranest] [DEBUG] iteration=3129, ncalls=45080, regioncalls=1997520, ndraw=40, logz=-716.94, remainder_fraction=79.5488%, Lmin=-708.88, Lmax=-706.26
13:38:44 [ultranest] [DEBUG] iteration=3130, ncalls=45083, regioncalls=1997640, ndraw=40, logz=-716.93, remainder_fraction=79.4672%, Lmin=-708.87, Lmax=-706.26
13:38:45 [ultranest] [DEBUG] iteration=3131, ncalls=45097, regioncalls=1998200, ndraw=40, logz=-716.93, remainder_fraction=79.3782%, Lmin=-708.87, Lmax=-706.26
13:38:46 [ultranest] [DEBUG] iteration=3132, ncalls=45122, regioncalls=1999200, ndraw=40, logz=-716.93, remainder_fraction=79.2930%, Lmin=-708.87, Lmax=-706.26
13:38:47 [ultranest] [DEBUG] iteration=3133, ncalls=45147, regioncalls=2000200, ndraw=40, logz=-716.92, remainder_fraction=79.2076%, Lmin=-708.86, Lmax=-706.26
13:38:47 [ultranest] [DEBUG] iteration=3134, ncalls=45150, regioncalls=2000320, ndraw=40, logz=-716.92, remainder_fraction=79.1300%, Lmin=-708.86, Lmax=-706.26
13:38:48 [ultranest] [DEBUG] iteration=3135, ncalls=45157, regioncalls=2000600, ndraw=40, logz=-716.92, remainder_fraction=79.0375%, Lmin=-708.86, Lmax=-706.26
13:38:48 [ultranest] [DEBUG] iteration=3136, ncalls=45159, regioncalls=2000680, ndraw=40, logz=-716.92, remainder_fraction=78.9476%, Lmin=-708.85, Lmax=-706.26
13:38:48 [ultranest] [DEBUG] iteration=3137, ncalls=45162, regioncalls=2000800, ndraw=40, logz=-716.91, remainder_fraction=78.8638%, Lmin=-708.85, Lmax=-706.26
13:38:49 [ultranest] [DEBUG] iteration=3138, ncalls=45173, regioncalls=2001240, ndraw=40, logz=-716.91, remainder_fraction=78.7852%, Lmin=-708.85, Lmax=-706.26
13:38:49 [ultranest] [DEBUG] iteration=3139, ncalls=45178, regioncalls=2001440, ndraw=40, logz=-716.91, remainder_fraction=78.7685%, Lmin=-708.85, Lmax=-706.26
13:38:49 [ultranest] [DEBUG] iteration=3141, ncalls=45181, regioncalls=2001560, ndraw=40, logz=-716.90, remainder_fraction=78.5829%, Lmin=-708.84, Lmax=-706.26
13:38:50 [ultranest] [DEBUG] iteration=3142, ncalls=45193, regioncalls=2002040, ndraw=40, logz=-716.90, remainder_fraction=78.4919%, Lmin=-708.84, Lmax=-706.26
13:38:50 [ultranest] [DEBUG] iteration=3143, ncalls=45202, regioncalls=2002400, ndraw=40, logz=-716.89, remainder_fraction=78.4302%, Lmin=-708.84, Lmax=-706.26
13:38:51 [ultranest] [DEBUG] iteration=3144, ncalls=45207, regioncalls=2002600, ndraw=40, logz=-716.89, remainder_fraction=78.3647%, Lmin=-708.84, Lmax=-706.26
13:38:52 [ultranest] [DEBUG] iteration=3145, ncalls=45228, regioncalls=2003440, ndraw=40, logz=-716.89, remainder_fraction=78.2857%, Lmin=-708.84, Lmax=-706.26
13:38:54 [ultranest] [DEBUG] iteration=3146, ncalls=45258, regioncalls=2004640, ndraw=40, logz=-716.88, remainder_fraction=78.2081%, Lmin=-708.84, Lmax=-706.26
13:38:54 [ultranest] [DEBUG] iteration=3147, ncalls=45264, regioncalls=2004880, ndraw=40, logz=-716.88, remainder_fraction=78.1238%, Lmin=-708.83, Lmax=-706.26
13:38:56 [ultranest] [DEBUG] iteration=3148, ncalls=45301, regioncalls=2006360, ndraw=40, logz=-716.88, remainder_fraction=78.0394%, Lmin=-708.83, Lmax=-706.26
13:38:57 [ultranest] [DEBUG] iteration=3149, ncalls=45308, regioncalls=2006640, ndraw=40, logz=-716.87, remainder_fraction=77.9503%, Lmin=-708.83, Lmax=-706.26
13:38:57 [ultranest] [DEBUG] iteration=3150, ncalls=45314, regioncalls=2006880, ndraw=40, logz=-716.87, remainder_fraction=77.8551%, Lmin=-708.83, Lmax=-706.26
13:38:57 [ultranest] [DEBUG] iteration=3151, ncalls=45316, regioncalls=2006960, ndraw=40, logz=-716.87, remainder_fraction=77.8667%, Lmin=-708.82, Lmax=-706.26
13:38:58 [ultranest] [DEBUG] iteration=3152, ncalls=45327, regioncalls=2007400, ndraw=40, logz=-716.87, remainder_fraction=77.7960%, Lmin=-708.82, Lmax=-706.26
13:38:58 [ultranest] [DEBUG] iteration=3153, ncalls=45331, regioncalls=2007640, ndraw=40, logz=-716.86, remainder_fraction=77.7857%, Lmin=-708.82, Lmax=-706.26
13:38:58 [ultranest] [DEBUG] iteration=3154, ncalls=45335, regioncalls=2007800, ndraw=40, logz=-716.86, remainder_fraction=77.7001%, Lmin=-708.82, Lmax=-706.26
13:38:58 [ultranest] [DEBUG] iteration=3155, ncalls=45341, regioncalls=2008040, ndraw=40, logz=-716.86, remainder_fraction=77.6139%, Lmin=-708.82, Lmax=-706.26
13:38:59 [ultranest] [DEBUG] iteration=3156, ncalls=45343, regioncalls=2008120, ndraw=40, logz=-716.85, remainder_fraction=77.5228%, Lmin=-708.81, Lmax=-706.26
13:38:59 [ultranest] [DEBUG] iteration=3157, ncalls=45352, regioncalls=2008480, ndraw=40, logz=-716.85, remainder_fraction=77.4718%, Lmin=-708.81, Lmax=-706.26
13:38:59 [ultranest] [DEBUG] iteration=3158, ncalls=45355, regioncalls=2008600, ndraw=40, logz=-716.85, remainder_fraction=77.4018%, Lmin=-708.80, Lmax=-706.26
13:38:59 [ultranest] [DEBUG] iteration=3161, ncalls=45360, regioncalls=2008800, ndraw=40, logz=-716.84, remainder_fraction=77.1891%, Lmin=-708.79, Lmax=-706.26
13:39:00 [ultranest] [DEBUG] iteration=3162, ncalls=45365, regioncalls=2009000, ndraw=40, logz=-716.84, remainder_fraction=77.0964%, Lmin=-708.78, Lmax=-706.26
13:39:00 [ultranest] [DEBUG] iteration=3164, ncalls=45369, regioncalls=2009160, ndraw=40, logz=-716.83, remainder_fraction=76.9439%, Lmin=-708.78, Lmax=-706.26
13:39:01 [ultranest] [DEBUG] iteration=3165, ncalls=45384, regioncalls=2009760, ndraw=40, logz=-716.83, remainder_fraction=76.8506%, Lmin=-708.77, Lmax=-706.26
13:39:01 [ultranest] [DEBUG] iteration=3166, ncalls=45389, regioncalls=2009960, ndraw=40, logz=-716.82, remainder_fraction=76.7617%, Lmin=-708.76, Lmax=-706.26
13:39:01 [ultranest] [DEBUG] iteration=3167, ncalls=45394, regioncalls=2010160, ndraw=40, logz=-716.82, remainder_fraction=76.6949%, Lmin=-708.75, Lmax=-706.26
13:39:01 [ultranest] [DEBUG] iteration=3168, ncalls=45399, regioncalls=2010360, ndraw=40, logz=-716.82, remainder_fraction=76.6811%, Lmin=-708.74, Lmax=-706.26
13:39:01 [ultranest] [DEBUG] iteration=3169, ncalls=45402, regioncalls=2010480, ndraw=40, logz=-716.82, remainder_fraction=76.6335%, Lmin=-708.74, Lmax=-706.26
13:39:02 [ultranest] [DEBUG] iteration=3170, ncalls=45411, regioncalls=2010840, ndraw=40, logz=-716.81, remainder_fraction=76.6144%, Lmin=-708.74, Lmax=-706.26
13:39:03 [ultranest] [DEBUG] iteration=3171, ncalls=45424, regioncalls=2011360, ndraw=40, logz=-716.81, remainder_fraction=76.5322%, Lmin=-708.73, Lmax=-706.26
13:39:03 [ultranest] [DEBUG] iteration=3173, ncalls=45434, regioncalls=2011760, ndraw=40, logz=-716.80, remainder_fraction=76.5146%, Lmin=-708.73, Lmax=-706.26
13:39:03 [ultranest] [DEBUG] iteration=3174, ncalls=45440, regioncalls=2012000, ndraw=40, logz=-716.80, remainder_fraction=76.4261%, Lmin=-708.73, Lmax=-706.26
13:39:04 [ultranest] [DEBUG] iteration=3176, ncalls=45453, regioncalls=2012560, ndraw=40, logz=-716.79, remainder_fraction=76.2417%, Lmin=-708.72, Lmax=-706.26
13:39:04 [ultranest] [DEBUG] iteration=3177, ncalls=45458, regioncalls=2012760, ndraw=40, logz=-716.79, remainder_fraction=76.1821%, Lmin=-708.72, Lmax=-706.26
13:39:05 [ultranest] [DEBUG] iteration=3178, ncalls=45464, regioncalls=2013000, ndraw=40, logz=-716.79, remainder_fraction=76.0895%, Lmin=-708.72, Lmax=-706.26
13:39:05 [ultranest] [DEBUG] iteration=3179, ncalls=45466, regioncalls=2013080, ndraw=40, logz=-716.79, remainder_fraction=76.0108%, Lmin=-708.72, Lmax=-706.26
13:39:05 [ultranest] [DEBUG] iteration=3182, ncalls=45472, regioncalls=2013320, ndraw=40, logz=-716.78, remainder_fraction=75.7672%, Lmin=-708.71, Lmax=-706.26
13:39:06 [ultranest] [DEBUG] iteration=3184, ncalls=45484, regioncalls=2013800, ndraw=40, logz=-716.77, remainder_fraction=75.6462%, Lmin=-708.70, Lmax=-706.26
13:39:06 [ultranest] [DEBUG] iteration=3185, ncalls=45487, regioncalls=2013920, ndraw=40, logz=-716.77, remainder_fraction=75.5643%, Lmin=-708.70, Lmax=-706.26
13:39:06 [ultranest] [DEBUG] iteration=3186, ncalls=45489, regioncalls=2014040, ndraw=40, logz=-716.77, remainder_fraction=75.5182%, Lmin=-708.70, Lmax=-706.26
13:39:06 [ultranest] [DEBUG] iteration=3187, ncalls=45492, regioncalls=2014160, ndraw=40, logz=-716.76, remainder_fraction=75.4292%, Lmin=-708.70, Lmax=-706.26
13:39:06 [ultranest] [DEBUG] iteration=3188, ncalls=45498, regioncalls=2014400, ndraw=40, logz=-716.76, remainder_fraction=75.4019%, Lmin=-708.70, Lmax=-706.26
13:39:06 [ultranest] [DEBUG] iteration=3189, ncalls=45502, regioncalls=2014560, ndraw=40, logz=-716.76, remainder_fraction=75.3349%, Lmin=-708.69, Lmax=-706.26
13:39:07 [ultranest] [DEBUG] iteration=3191, ncalls=45509, regioncalls=2014840, ndraw=40, logz=-716.75, remainder_fraction=75.1921%, Lmin=-708.68, Lmax=-706.26
13:39:07 [ultranest] [DEBUG] iteration=3192, ncalls=45519, regioncalls=2015240, ndraw=40, logz=-716.75, remainder_fraction=75.1084%, Lmin=-708.68, Lmax=-706.26
13:39:08 [ultranest] [DEBUG] iteration=3193, ncalls=45523, regioncalls=2015400, ndraw=40, logz=-716.75, remainder_fraction=75.0432%, Lmin=-708.67, Lmax=-706.26
13:39:08 [ultranest] [DEBUG] iteration=3195, ncalls=45531, regioncalls=2015720, ndraw=40, logz=-716.74, remainder_fraction=74.9315%, Lmin=-708.67, Lmax=-706.26
13:39:08 [ultranest] [DEBUG] iteration=3196, ncalls=45535, regioncalls=2015880, ndraw=40, logz=-716.74, remainder_fraction=74.8889%, Lmin=-708.66, Lmax=-706.26
13:39:09 [ultranest] [DEBUG] iteration=3198, ncalls=45549, regioncalls=2016440, ndraw=40, logz=-716.73, remainder_fraction=74.7291%, Lmin=-708.65, Lmax=-706.26
13:39:09 [ultranest] [DEBUG] iteration=3199, ncalls=45554, regioncalls=2016640, ndraw=40, logz=-716.73, remainder_fraction=74.6591%, Lmin=-708.65, Lmax=-706.26
13:39:10 [ultranest] [DEBUG] iteration=3200, ncalls=45562, regioncalls=2016960, ndraw=40, logz=-716.73, remainder_fraction=74.5662%, Lmin=-708.64, Lmax=-706.26
13:39:10 [ultranest] [DEBUG] iteration=3201, ncalls=45568, regioncalls=2017200, ndraw=40, logz=-716.72, remainder_fraction=74.4771%, Lmin=-708.64, Lmax=-706.26
13:39:10 [ultranest] [DEBUG] iteration=3202, ncalls=45579, regioncalls=2017640, ndraw=40, logz=-716.72, remainder_fraction=74.3843%, Lmin=-708.64, Lmax=-706.26
13:39:11 [ultranest] [DEBUG] iteration=3203, ncalls=45583, regioncalls=2017800, ndraw=40, logz=-716.72, remainder_fraction=74.3366%, Lmin=-708.64, Lmax=-706.26
13:39:12 [ultranest] [DEBUG] iteration=3204, ncalls=45611, regioncalls=2018920, ndraw=40, logz=-716.72, remainder_fraction=74.2400%, Lmin=-708.64, Lmax=-706.26
13:39:13 [ultranest] [DEBUG] iteration=3205, ncalls=45630, regioncalls=2019680, ndraw=40, logz=-716.71, remainder_fraction=74.1438%, Lmin=-708.63, Lmax=-706.26
13:39:13 [ultranest] [DEBUG] iteration=3207, ncalls=45634, regioncalls=2019840, ndraw=40, logz=-716.71, remainder_fraction=73.9961%, Lmin=-708.62, Lmax=-706.26
13:39:13 [ultranest] [DEBUG] iteration=3209, ncalls=45637, regioncalls=2019960, ndraw=40, logz=-716.70, remainder_fraction=73.8267%, Lmin=-708.62, Lmax=-706.26
13:39:14 [ultranest] [DEBUG] iteration=3210, ncalls=45641, regioncalls=2020120, ndraw=40, logz=-716.70, remainder_fraction=73.8349%, Lmin=-708.61, Lmax=-706.26
13:39:14 [ultranest] [DEBUG] iteration=3211, ncalls=45647, regioncalls=2020360, ndraw=40, logz=-716.70, remainder_fraction=73.7930%, Lmin=-708.61, Lmax=-706.26
13:39:15 [ultranest] [DEBUG] iteration=3212, ncalls=45657, regioncalls=2020760, ndraw=40, logz=-716.69, remainder_fraction=73.7005%, Lmin=-708.61, Lmax=-706.26
13:39:16 [ultranest] [DEBUG] iteration=3213, ncalls=45682, regioncalls=2021760, ndraw=40, logz=-716.69, remainder_fraction=73.6205%, Lmin=-708.61, Lmax=-706.26
13:39:16 [ultranest] [DEBUG] iteration=3214, ncalls=45685, regioncalls=2021880, ndraw=40, logz=-716.69, remainder_fraction=73.6524%, Lmin=-708.61, Lmax=-706.26
13:39:17 [ultranest] [DEBUG] iteration=3215, ncalls=45696, regioncalls=2022320, ndraw=40, logz=-716.69, remainder_fraction=73.5527%, Lmin=-708.60, Lmax=-706.26
13:39:17 [ultranest] [DEBUG] iteration=3216, ncalls=45700, regioncalls=2022480, ndraw=40, logz=-716.68, remainder_fraction=73.5713%, Lmin=-708.60, Lmax=-706.26
13:39:18 [ultranest] [DEBUG] iteration=3217, ncalls=45715, regioncalls=2023080, ndraw=40, logz=-716.68, remainder_fraction=73.4761%, Lmin=-708.60, Lmax=-706.26
13:39:18 [ultranest] [DEBUG] iteration=3219, ncalls=45720, regioncalls=2023280, ndraw=40, logz=-716.68, remainder_fraction=73.3589%, Lmin=-708.58, Lmax=-706.26
13:39:18 [ultranest] [DEBUG] iteration=3220, ncalls=45722, regioncalls=2023360, ndraw=40, logz=-716.67, remainder_fraction=73.2834%, Lmin=-708.58, Lmax=-706.26
13:39:19 [ultranest] [DEBUG] iteration=3221, ncalls=45728, regioncalls=2023600, ndraw=40, logz=-716.67, remainder_fraction=73.2065%, Lmin=-708.58, Lmax=-706.26
13:39:19 [ultranest] [DEBUG] iteration=3222, ncalls=45734, regioncalls=2023840, ndraw=40, logz=-716.67, remainder_fraction=73.1134%, Lmin=-708.58, Lmax=-706.26
13:39:19 [ultranest] [DEBUG] iteration=3223, ncalls=45737, regioncalls=2023960, ndraw=40, logz=-716.66, remainder_fraction=73.0465%, Lmin=-708.58, Lmax=-706.26
13:39:20 [ultranest] [DEBUG] iteration=3224, ncalls=45752, regioncalls=2024560, ndraw=40, logz=-716.66, remainder_fraction=73.0242%, Lmin=-708.58, Lmax=-706.26
13:39:20 [ultranest] [DEBUG] iteration=3225, ncalls=45756, regioncalls=2024720, ndraw=40, logz=-716.66, remainder_fraction=73.0643%, Lmin=-708.57, Lmax=-706.26
13:39:20 [ultranest] [DEBUG] iteration=3227, ncalls=45764, regioncalls=2025040, ndraw=40, logz=-716.65, remainder_fraction=72.8921%, Lmin=-708.57, Lmax=-706.26
13:39:22 [ultranest] [DEBUG] iteration=3228, ncalls=45787, regioncalls=2025960, ndraw=40, logz=-716.65, remainder_fraction=72.8108%, Lmin=-708.57, Lmax=-706.26
13:39:22 [ultranest] [DEBUG] iteration=3229, ncalls=45795, regioncalls=2026280, ndraw=40, logz=-716.65, remainder_fraction=72.7200%, Lmin=-708.55, Lmax=-706.26
13:39:22 [ultranest] [DEBUG] iteration=3230, ncalls=45801, regioncalls=2026520, ndraw=40, logz=-716.65, remainder_fraction=72.6602%, Lmin=-708.55, Lmax=-706.26
13:39:22 [ultranest] [DEBUG] iteration=3231, ncalls=45804, regioncalls=2026640, ndraw=40, logz=-716.64, remainder_fraction=72.5706%, Lmin=-708.54, Lmax=-706.26
13:39:23 [ultranest] [DEBUG] iteration=3232, ncalls=45806, regioncalls=2026720, ndraw=40, logz=-716.64, remainder_fraction=72.4719%, Lmin=-708.54, Lmax=-706.26
13:39:23 [ultranest] [DEBUG] iteration=3233, ncalls=45810, regioncalls=2026880, ndraw=40, logz=-716.64, remainder_fraction=72.4535%, Lmin=-708.54, Lmax=-706.26
13:39:24 [ultranest] [DEBUG] iteration=3234, ncalls=45827, regioncalls=2027560, ndraw=40, logz=-716.64, remainder_fraction=72.4650%, Lmin=-708.53, Lmax=-706.26
13:39:24 [ultranest] [DEBUG] iteration=3236, ncalls=45835, regioncalls=2027880, ndraw=40, logz=-716.63, remainder_fraction=72.3058%, Lmin=-708.51, Lmax=-706.26
13:39:24 [ultranest] [DEBUG] iteration=3237, ncalls=45841, regioncalls=2028120, ndraw=40, logz=-716.63, remainder_fraction=72.2164%, Lmin=-708.51, Lmax=-706.26
13:39:25 [ultranest] [DEBUG] iteration=3238, ncalls=45846, regioncalls=2028320, ndraw=40, logz=-716.63, remainder_fraction=72.1511%, Lmin=-708.51, Lmax=-706.26
13:39:25 [ultranest] [DEBUG] iteration=3240, ncalls=45850, regioncalls=2028480, ndraw=40, logz=-716.62, remainder_fraction=71.9873%, Lmin=-708.50, Lmax=-706.26
13:39:26 [ultranest] [DEBUG] iteration=3241, ncalls=45877, regioncalls=2029560, ndraw=40, logz=-716.62, remainder_fraction=71.9112%, Lmin=-708.50, Lmax=-706.26
13:39:27 [ultranest] [DEBUG] iteration=3243, ncalls=45886, regioncalls=2030000, ndraw=40, logz=-716.61, remainder_fraction=71.8136%, Lmin=-708.49, Lmax=-706.26
13:39:27 [ultranest] [DEBUG] iteration=3244, ncalls=45893, regioncalls=2030280, ndraw=40, logz=-716.61, remainder_fraction=71.7585%, Lmin=-708.49, Lmax=-706.26
13:39:27 [ultranest] [DEBUG] iteration=3245, ncalls=45895, regioncalls=2030360, ndraw=40, logz=-716.61, remainder_fraction=71.6650%, Lmin=-708.49, Lmax=-706.26
13:39:28 [ultranest] [DEBUG] iteration=3246, ncalls=45914, regioncalls=2031120, ndraw=40, logz=-716.60, remainder_fraction=71.6270%, Lmin=-708.48, Lmax=-706.26
13:39:28 [ultranest] [DEBUG] iteration=3248, ncalls=45917, regioncalls=2031240, ndraw=40, logz=-716.60, remainder_fraction=71.4502%, Lmin=-708.48, Lmax=-706.26
13:39:28 [ultranest] [DEBUG] iteration=3249, ncalls=45919, regioncalls=2031320, ndraw=40, logz=-716.60, remainder_fraction=71.3970%, Lmin=-708.48, Lmax=-706.26
13:39:29 [ultranest] [DEBUG] iteration=3251, ncalls=45924, regioncalls=2031520, ndraw=40, logz=-716.59, remainder_fraction=71.3086%, Lmin=-708.47, Lmax=-706.26
13:39:29 [ultranest] [DEBUG] iteration=3253, ncalls=45927, regioncalls=2031640, ndraw=40, logz=-716.59, remainder_fraction=71.1736%, Lmin=-708.47, Lmax=-706.26
13:39:29 [ultranest] [DEBUG] iteration=3254, ncalls=45929, regioncalls=2031720, ndraw=40, logz=-716.58, remainder_fraction=71.0778%, Lmin=-708.47, Lmax=-706.26
13:39:30 [ultranest] [DEBUG] iteration=3256, ncalls=45940, regioncalls=2032160, ndraw=40, logz=-716.58, remainder_fraction=70.9461%, Lmin=-708.46, Lmax=-706.26
13:39:30 [ultranest] [DEBUG] iteration=3258, ncalls=45944, regioncalls=2032320, ndraw=40, logz=-716.57, remainder_fraction=70.8115%, Lmin=-708.45, Lmax=-706.26
13:39:30 [ultranest] [DEBUG] iteration=3261, ncalls=45947, regioncalls=2032440, ndraw=40, logz=-716.57, remainder_fraction=70.6068%, Lmin=-708.44, Lmax=-706.26
13:39:30 [ultranest] [DEBUG] iteration=3263, ncalls=45949, regioncalls=2032520, ndraw=40, logz=-716.56, remainder_fraction=70.5191%, Lmin=-708.44, Lmax=-706.26
13:39:30 [ultranest] [DEBUG] iteration=3264, ncalls=45953, regioncalls=2032680, ndraw=40, logz=-716.56, remainder_fraction=70.4464%, Lmin=-708.44, Lmax=-706.26
13:39:31 [ultranest] [DEBUG] iteration=3265, ncalls=45960, regioncalls=2032960, ndraw=40, logz=-716.56, remainder_fraction=70.3719%, Lmin=-708.44, Lmax=-706.26
13:39:32 [ultranest] [DEBUG] iteration=3266, ncalls=45978, regioncalls=2033680, ndraw=40, logz=-716.55, remainder_fraction=70.3005%, Lmin=-708.44, Lmax=-706.26
13:39:32 [ultranest] [DEBUG] iteration=3267, ncalls=45983, regioncalls=2033880, ndraw=40, logz=-716.55, remainder_fraction=70.2317%, Lmin=-708.43, Lmax=-706.26
13:39:32 [ultranest] [DEBUG] iteration=3268, ncalls=45992, regioncalls=2034240, ndraw=40, logz=-716.55, remainder_fraction=70.1395%, Lmin=-708.42, Lmax=-706.26
13:39:32 [ultranest] [DEBUG] iteration=3269, ncalls=45996, regioncalls=2034400, ndraw=40, logz=-716.55, remainder_fraction=70.0808%, Lmin=-708.42, Lmax=-706.26
13:39:33 [ultranest] [DEBUG] iteration=3270, ncalls=46000, regioncalls=2034560, ndraw=40, logz=-716.54, remainder_fraction=70.0295%, Lmin=-708.42, Lmax=-706.26
13:39:33 [ultranest] [DEBUG] iteration=3271, ncalls=46008, regioncalls=2034880, ndraw=40, logz=-716.54, remainder_fraction=69.9350%, Lmin=-708.42, Lmax=-706.26
13:39:34 [ultranest] [DEBUG] iteration=3272, ncalls=46023, regioncalls=2035480, ndraw=40, logz=-716.54, remainder_fraction=69.8439%, Lmin=-708.41, Lmax=-706.26
13:39:34 [ultranest] [DEBUG] iteration=3273, ncalls=46026, regioncalls=2035600, ndraw=40, logz=-716.54, remainder_fraction=69.7650%, Lmin=-708.41, Lmax=-706.26
13:39:34 [ultranest] [DEBUG] iteration=3275, ncalls=46028, regioncalls=2035680, ndraw=40, logz=-716.53, remainder_fraction=69.6249%, Lmin=-708.40, Lmax=-706.26
13:39:34 [ultranest] [DEBUG] iteration=3276, ncalls=46030, regioncalls=2035760, ndraw=40, logz=-716.53, remainder_fraction=69.5328%, Lmin=-708.39, Lmax=-706.26
13:39:35 [ultranest] [DEBUG] iteration=3277, ncalls=46035, regioncalls=2035960, ndraw=40, logz=-716.53, remainder_fraction=69.4400%, Lmin=-708.39, Lmax=-706.26
13:39:35 [ultranest] [DEBUG] iteration=3278, ncalls=46042, regioncalls=2036240, ndraw=40, logz=-716.53, remainder_fraction=69.3455%, Lmin=-708.39, Lmax=-706.26
13:39:35 [ultranest] [DEBUG] iteration=3279, ncalls=46044, regioncalls=2036320, ndraw=40, logz=-716.52, remainder_fraction=69.2859%, Lmin=-708.39, Lmax=-706.26
13:39:36 [ultranest] [DEBUG] iteration=3280, ncalls=46053, regioncalls=2036680, ndraw=40, logz=-716.52, remainder_fraction=69.2075%, Lmin=-708.39, Lmax=-706.26
13:39:36 [ultranest] [DEBUG] iteration=3281, ncalls=46058, regioncalls=2036880, ndraw=40, logz=-716.52, remainder_fraction=69.1267%, Lmin=-708.39, Lmax=-706.26
13:39:36 [ultranest] [DEBUG] iteration=3282, ncalls=46061, regioncalls=2037000, ndraw=40, logz=-716.52, remainder_fraction=69.0419%, Lmin=-708.38, Lmax=-706.26
13:39:36 [ultranest] [DEBUG] iteration=3283, ncalls=46065, regioncalls=2037160, ndraw=40, logz=-716.51, remainder_fraction=68.9457%, Lmin=-708.37, Lmax=-706.26
13:39:36 [ultranest] [DEBUG] iteration=3284, ncalls=46072, regioncalls=2037440, ndraw=40, logz=-716.51, remainder_fraction=68.9748%, Lmin=-708.37, Lmax=-706.26
13:39:37 [ultranest] [DEBUG] iteration=3285, ncalls=46074, regioncalls=2037520, ndraw=40, logz=-716.51, remainder_fraction=68.8799%, Lmin=-708.36, Lmax=-706.26
13:39:37 [ultranest] [DEBUG] iteration=3286, ncalls=46084, regioncalls=2037920, ndraw=40, logz=-716.51, remainder_fraction=68.8487%, Lmin=-708.35, Lmax=-706.26
13:39:37 [ultranest] [DEBUG] iteration=3287, ncalls=46092, regioncalls=2038240, ndraw=40, logz=-716.50, remainder_fraction=68.7470%, Lmin=-708.35, Lmax=-706.26
13:39:38 [ultranest] [DEBUG] iteration=3288, ncalls=46094, regioncalls=2038320, ndraw=40, logz=-716.50, remainder_fraction=68.6478%, Lmin=-708.35, Lmax=-706.26
13:39:38 [ultranest] [DEBUG] iteration=3289, ncalls=46099, regioncalls=2038520, ndraw=40, logz=-716.50, remainder_fraction=68.5944%, Lmin=-708.35, Lmax=-706.26
13:39:38 [ultranest] [DEBUG] iteration=3291, ncalls=46101, regioncalls=2038600, ndraw=40, logz=-716.49, remainder_fraction=68.4641%, Lmin=-708.34, Lmax=-706.26
13:39:38 [ultranest] [DEBUG] iteration=3292, ncalls=46104, regioncalls=2038720, ndraw=40, logz=-716.49, remainder_fraction=68.3635%, Lmin=-708.33, Lmax=-706.26
13:39:38 [ultranest] [DEBUG] iteration=3293, ncalls=46107, regioncalls=2038840, ndraw=40, logz=-716.49, remainder_fraction=68.2767%, Lmin=-708.33, Lmax=-706.26
13:39:39 [ultranest] [DEBUG] iteration=3294, ncalls=46118, regioncalls=2039280, ndraw=40, logz=-716.49, remainder_fraction=68.1772%, Lmin=-708.33, Lmax=-706.26
13:39:39 [ultranest] [DEBUG] iteration=3295, ncalls=46125, regioncalls=2039560, ndraw=40, logz=-716.48, remainder_fraction=68.0984%, Lmin=-708.33, Lmax=-706.26
13:39:40 [ultranest] [DEBUG] iteration=3297, ncalls=46135, regioncalls=2039960, ndraw=40, logz=-716.48, remainder_fraction=67.9213%, Lmin=-708.33, Lmax=-706.26
13:39:40 [ultranest] [DEBUG] iteration=3298, ncalls=46137, regioncalls=2040040, ndraw=40, logz=-716.48, remainder_fraction=67.8465%, Lmin=-708.32, Lmax=-706.26
13:39:40 [ultranest] [DEBUG] iteration=3300, ncalls=46144, regioncalls=2040320, ndraw=40, logz=-716.47, remainder_fraction=67.6490%, Lmin=-708.32, Lmax=-706.26
13:39:40 [ultranest] [DEBUG] iteration=3301, ncalls=46147, regioncalls=2040440, ndraw=40, logz=-716.47, remainder_fraction=67.6041%, Lmin=-708.32, Lmax=-706.26
13:39:40 [ultranest] [DEBUG] iteration=3302, ncalls=46150, regioncalls=2040560, ndraw=40, logz=-716.47, remainder_fraction=67.5247%, Lmin=-708.32, Lmax=-706.26
13:39:41 [ultranest] [DEBUG] iteration=3303, ncalls=46160, regioncalls=2040960, ndraw=40, logz=-716.47, remainder_fraction=67.4205%, Lmin=-708.31, Lmax=-706.26
13:39:41 [ultranest] [DEBUG] iteration=3304, ncalls=46162, regioncalls=2041040, ndraw=40, logz=-716.46, remainder_fraction=67.3554%, Lmin=-708.31, Lmax=-706.26
13:39:41 [ultranest] [DEBUG] iteration=3306, ncalls=46164, regioncalls=2041120, ndraw=40, logz=-716.46, remainder_fraction=67.2685%, Lmin=-708.31, Lmax=-706.26
13:39:41 [ultranest] [DEBUG] iteration=3307, ncalls=46167, regioncalls=2041240, ndraw=40, logz=-716.46, remainder_fraction=67.1934%, Lmin=-708.30, Lmax=-706.26
13:39:42 [ultranest] [DEBUG] iteration=3308, ncalls=46169, regioncalls=2041320, ndraw=40, logz=-716.45, remainder_fraction=67.0903%, Lmin=-708.30, Lmax=-706.26
13:39:42 [ultranest] [DEBUG] iteration=3310, ncalls=46180, regioncalls=2041760, ndraw=40, logz=-716.45, remainder_fraction=66.9237%, Lmin=-708.30, Lmax=-706.26
13:39:42 [ultranest] [DEBUG] iteration=3311, ncalls=46183, regioncalls=2041880, ndraw=40, logz=-716.45, remainder_fraction=66.8237%, Lmin=-708.30, Lmax=-706.26
13:39:43 [ultranest] [DEBUG] iteration=3312, ncalls=46186, regioncalls=2042000, ndraw=40, logz=-716.45, remainder_fraction=66.7295%, Lmin=-708.29, Lmax=-706.26
13:39:43 [ultranest] [DEBUG] iteration=3314, ncalls=46191, regioncalls=2042200, ndraw=40, logz=-716.44, remainder_fraction=66.5491%, Lmin=-708.29, Lmax=-706.26
13:39:43 [ultranest] [DEBUG] iteration=3315, ncalls=46194, regioncalls=2042320, ndraw=40, logz=-716.44, remainder_fraction=66.4815%, Lmin=-708.28, Lmax=-706.26
13:39:44 [ultranest] [DEBUG] iteration=3316, ncalls=46203, regioncalls=2042680, ndraw=40, logz=-716.44, remainder_fraction=66.4192%, Lmin=-708.28, Lmax=-706.26
13:39:44 [ultranest] [DEBUG] iteration=3317, ncalls=46206, regioncalls=2042800, ndraw=40, logz=-716.43, remainder_fraction=66.3284%, Lmin=-708.28, Lmax=-706.26
13:39:44 [ultranest] [DEBUG] iteration=3318, ncalls=46209, regioncalls=2042920, ndraw=40, logz=-716.43, remainder_fraction=66.3655%, Lmin=-708.28, Lmax=-706.26
13:39:44 [ultranest] [DEBUG] iteration=3319, ncalls=46221, regioncalls=2043400, ndraw=40, logz=-716.43, remainder_fraction=66.3018%, Lmin=-708.27, Lmax=-706.26
13:39:45 [ultranest] [DEBUG] iteration=3320, ncalls=46223, regioncalls=2043480, ndraw=40, logz=-716.43, remainder_fraction=66.2319%, Lmin=-708.27, Lmax=-706.26
13:39:45 [ultranest] [DEBUG] iteration=3321, ncalls=46229, regioncalls=2043720, ndraw=40, logz=-716.43, remainder_fraction=66.1366%, Lmin=-708.27, Lmax=-706.26
13:39:45 [ultranest] [DEBUG] iteration=3322, ncalls=46233, regioncalls=2043880, ndraw=40, logz=-716.42, remainder_fraction=66.0616%, Lmin=-708.27, Lmax=-706.26
13:39:45 [ultranest] [DEBUG] iteration=3323, ncalls=46240, regioncalls=2044160, ndraw=40, logz=-716.42, remainder_fraction=66.0214%, Lmin=-708.26, Lmax=-706.26
13:39:46 [ultranest] [DEBUG] iteration=3325, ncalls=46247, regioncalls=2044440, ndraw=40, logz=-716.42, remainder_fraction=65.8751%, Lmin=-708.26, Lmax=-706.26
13:39:46 [ultranest] [DEBUG] iteration=3326, ncalls=46255, regioncalls=2044760, ndraw=40, logz=-716.41, remainder_fraction=65.7829%, Lmin=-708.26, Lmax=-706.26
13:39:47 [ultranest] [DEBUG] iteration=3327, ncalls=46268, regioncalls=2045280, ndraw=40, logz=-716.41, remainder_fraction=65.6992%, Lmin=-708.25, Lmax=-706.26
13:39:47 [ultranest] [DEBUG] iteration=3329, ncalls=46275, regioncalls=2045560, ndraw=40, logz=-716.41, remainder_fraction=65.5256%, Lmin=-708.25, Lmax=-706.26
13:39:48 [ultranest] [DEBUG] iteration=3330, ncalls=46289, regioncalls=2046120, ndraw=40, logz=-716.41, remainder_fraction=65.4312%, Lmin=-708.25, Lmax=-706.26
13:39:48 [ultranest] [DEBUG] iteration=3332, ncalls=46292, regioncalls=2046240, ndraw=40, logz=-716.40, remainder_fraction=65.2351%, Lmin=-708.25, Lmax=-706.26
13:39:48 [ultranest] [DEBUG] iteration=3333, ncalls=46293, regioncalls=2046400, ndraw=40, logz=-716.40, remainder_fraction=65.2268%, Lmin=-708.24, Lmax=-706.26
13:39:48 [ultranest] [DEBUG] iteration=3334, ncalls=46296, regioncalls=2046720, ndraw=40, logz=-716.40, remainder_fraction=65.2165%, Lmin=-708.24, Lmax=-706.26
13:39:48 [ultranest] [DEBUG] iteration=3335, ncalls=46298, regioncalls=2046800, ndraw=40, logz=-716.40, remainder_fraction=65.1633%, Lmin=-708.23, Lmax=-706.26
13:39:49 [ultranest] [DEBUG] iteration=3336, ncalls=46313, regioncalls=2047400, ndraw=40, logz=-716.39, remainder_fraction=65.0802%, Lmin=-708.23, Lmax=-706.26
13:39:49 [ultranest] [DEBUG] iteration=3337, ncalls=46315, regioncalls=2047480, ndraw=40, logz=-716.39, remainder_fraction=65.0120%, Lmin=-708.23, Lmax=-706.26
13:39:50 [ultranest] [DEBUG] iteration=3338, ncalls=46331, regioncalls=2048120, ndraw=40, logz=-716.39, remainder_fraction=64.9878%, Lmin=-708.23, Lmax=-706.26
13:39:50 [ultranest] [DEBUG] iteration=3339, ncalls=46336, regioncalls=2048320, ndraw=40, logz=-716.39, remainder_fraction=64.9399%, Lmin=-708.23, Lmax=-706.26
13:39:51 [ultranest] [DEBUG] iteration=3341, ncalls=46342, regioncalls=2048560, ndraw=40, logz=-716.38, remainder_fraction=64.7422%, Lmin=-708.23, Lmax=-706.26
13:39:51 [ultranest] [DEBUG] iteration=3342, ncalls=46346, regioncalls=2048720, ndraw=40, logz=-716.38, remainder_fraction=64.6701%, Lmin=-708.22, Lmax=-706.26
13:39:51 [ultranest] [DEBUG] iteration=3343, ncalls=46349, regioncalls=2048840, ndraw=40, logz=-716.38, remainder_fraction=64.5656%, Lmin=-708.22, Lmax=-706.26
13:39:52 [ultranest] [DEBUG] iteration=3344, ncalls=46357, regioncalls=2049160, ndraw=40, logz=-716.38, remainder_fraction=64.4872%, Lmin=-708.22, Lmax=-706.26
13:39:52 [ultranest] [DEBUG] iteration=3345, ncalls=46361, regioncalls=2049320, ndraw=40, logz=-716.37, remainder_fraction=64.3924%, Lmin=-708.22, Lmax=-706.26
13:39:52 [ultranest] [DEBUG] iteration=3347, ncalls=46367, regioncalls=2049560, ndraw=40, logz=-716.37, remainder_fraction=64.1862%, Lmin=-708.22, Lmax=-706.26
13:39:53 [ultranest] [DEBUG] iteration=3348, ncalls=46370, regioncalls=2049680, ndraw=40, logz=-716.37, remainder_fraction=64.0920%, Lmin=-708.21, Lmax=-706.26
13:39:53 [ultranest] [DEBUG] iteration=3349, ncalls=46383, regioncalls=2050200, ndraw=40, logz=-716.37, remainder_fraction=63.9998%, Lmin=-708.21, Lmax=-706.26
13:39:54 [ultranest] [DEBUG] iteration=3350, ncalls=46394, regioncalls=2050640, ndraw=40, logz=-716.36, remainder_fraction=63.9227%, Lmin=-708.20, Lmax=-706.26
13:39:54 [ultranest] [DEBUG] iteration=3352, ncalls=46401, regioncalls=2050920, ndraw=40, logz=-716.36, remainder_fraction=63.7564%, Lmin=-708.20, Lmax=-706.26
13:39:55 [ultranest] [DEBUG] iteration=3354, ncalls=46405, regioncalls=2051080, ndraw=40, logz=-716.36, remainder_fraction=63.6006%, Lmin=-708.19, Lmax=-706.26
13:39:57 [ultranest] [DEBUG] iteration=3355, ncalls=46438, regioncalls=2052400, ndraw=40, logz=-716.35, remainder_fraction=63.5224%, Lmin=-708.19, Lmax=-706.26
13:39:57 [ultranest] [DEBUG] iteration=3356, ncalls=46447, regioncalls=2052760, ndraw=40, logz=-716.35, remainder_fraction=63.4504%, Lmin=-708.19, Lmax=-706.26
13:39:57 [ultranest] [DEBUG] iteration=3358, ncalls=46457, regioncalls=2053160, ndraw=40, logz=-716.35, remainder_fraction=63.3162%, Lmin=-708.18, Lmax=-706.26
13:39:58 [ultranest] [DEBUG] iteration=3359, ncalls=46462, regioncalls=2053360, ndraw=40, logz=-716.35, remainder_fraction=63.2452%, Lmin=-708.18, Lmax=-706.26
13:39:58 [ultranest] [DEBUG] iteration=3360, ncalls=46466, regioncalls=2053520, ndraw=40, logz=-716.34, remainder_fraction=63.1695%, Lmin=-708.18, Lmax=-706.26
13:39:58 [ultranest] [DEBUG] iteration=3361, ncalls=46476, regioncalls=2053920, ndraw=40, logz=-716.34, remainder_fraction=63.0680%, Lmin=-708.18, Lmax=-706.26
13:39:59 [ultranest] [DEBUG] iteration=3363, ncalls=46479, regioncalls=2054040, ndraw=40, logz=-716.34, remainder_fraction=62.8782%, Lmin=-708.18, Lmax=-706.26
13:39:59 [ultranest] [DEBUG] iteration=3364, ncalls=46490, regioncalls=2054480, ndraw=40, logz=-716.34, remainder_fraction=62.7749%, Lmin=-708.17, Lmax=-706.26
13:40:00 [ultranest] [DEBUG] iteration=3366, ncalls=46498, regioncalls=2054800, ndraw=40, logz=-716.33, remainder_fraction=62.6232%, Lmin=-708.17, Lmax=-706.26
13:40:00 [ultranest] [DEBUG] iteration=3368, ncalls=46501, regioncalls=2054920, ndraw=40, logz=-716.33, remainder_fraction=62.4466%, Lmin=-708.15, Lmax=-706.26
13:40:00 [ultranest] [DEBUG] iteration=3369, ncalls=46506, regioncalls=2055120, ndraw=40, logz=-716.33, remainder_fraction=62.3456%, Lmin=-708.15, Lmax=-706.26
13:40:00 [ultranest] [DEBUG] iteration=3371, ncalls=46516, regioncalls=2055520, ndraw=40, logz=-716.32, remainder_fraction=62.1540%, Lmin=-708.15, Lmax=-706.26
13:40:01 [ultranest] [DEBUG] iteration=3372, ncalls=46519, regioncalls=2055640, ndraw=40, logz=-716.32, remainder_fraction=62.1576%, Lmin=-708.15, Lmax=-706.26
13:40:01 [ultranest] [DEBUG] iteration=3373, ncalls=46523, regioncalls=2055800, ndraw=40, logz=-716.32, remainder_fraction=62.0867%, Lmin=-708.15, Lmax=-706.26
13:40:01 [ultranest] [DEBUG] iteration=3374, ncalls=46527, regioncalls=2055960, ndraw=40, logz=-716.32, remainder_fraction=62.0455%, Lmin=-708.14, Lmax=-706.26
13:40:01 [ultranest] [DEBUG] iteration=3375, ncalls=46530, regioncalls=2056080, ndraw=40, logz=-716.31, remainder_fraction=61.9671%, Lmin=-708.12, Lmax=-706.26
13:40:01 [ultranest] [DEBUG] iteration=3376, ncalls=46535, regioncalls=2056280, ndraw=40, logz=-716.31, remainder_fraction=61.9391%, Lmin=-708.12, Lmax=-706.26
13:40:02 [ultranest] [DEBUG] iteration=3377, ncalls=46538, regioncalls=2056400, ndraw=40, logz=-716.31, remainder_fraction=61.9174%, Lmin=-708.12, Lmax=-706.26
13:40:02 [ultranest] [DEBUG] iteration=3378, ncalls=46555, regioncalls=2057080, ndraw=40, logz=-716.31, remainder_fraction=61.9181%, Lmin=-708.12, Lmax=-706.26
13:40:02 [ultranest] [DEBUG] iteration=3380, ncalls=46557, regioncalls=2057160, ndraw=40, logz=-716.30, remainder_fraction=61.7275%, Lmin=-708.12, Lmax=-706.26
13:40:03 [ultranest] [DEBUG] iteration=3381, ncalls=46562, regioncalls=2057360, ndraw=40, logz=-716.30, remainder_fraction=61.6814%, Lmin=-708.12, Lmax=-706.26
13:40:03 [ultranest] [DEBUG] iteration=3382, ncalls=46569, regioncalls=2057640, ndraw=40, logz=-716.30, remainder_fraction=61.6002%, Lmin=-708.12, Lmax=-706.26
13:40:03 [ultranest] [DEBUG] iteration=3383, ncalls=46573, regioncalls=2057800, ndraw=40, logz=-716.30, remainder_fraction=61.4953%, Lmin=-708.12, Lmax=-706.26
13:40:03 [ultranest] [DEBUG] iteration=3385, ncalls=46576, regioncalls=2057920, ndraw=40, logz=-716.29, remainder_fraction=61.3192%, Lmin=-708.12, Lmax=-706.26
13:40:04 [ultranest] [DEBUG] iteration=3386, ncalls=46586, regioncalls=2058320, ndraw=40, logz=-716.29, remainder_fraction=61.2752%, Lmin=-708.11, Lmax=-706.26
13:40:04 [ultranest] [DEBUG] iteration=3387, ncalls=46595, regioncalls=2058680, ndraw=40, logz=-716.29, remainder_fraction=61.2109%, Lmin=-708.11, Lmax=-706.26
13:40:06 [ultranest] [DEBUG] iteration=3390, ncalls=46624, regioncalls=2059840, ndraw=40, logz=-716.28, remainder_fraction=60.9693%, Lmin=-708.10, Lmax=-706.26
13:40:06 [ultranest] [DEBUG] iteration=3391, ncalls=46629, regioncalls=2060040, ndraw=40, logz=-716.28, remainder_fraction=60.8771%, Lmin=-708.10, Lmax=-706.26
13:40:06 [ultranest] [DEBUG] iteration=3392, ncalls=46636, regioncalls=2060320, ndraw=40, logz=-716.28, remainder_fraction=60.8511%, Lmin=-708.10, Lmax=-706.26
13:40:07 [ultranest] [DEBUG] iteration=3393, ncalls=46640, regioncalls=2060480, ndraw=40, logz=-716.28, remainder_fraction=60.7915%, Lmin=-708.10, Lmax=-706.26
13:40:07 [ultranest] [DEBUG] iteration=3395, ncalls=46658, regioncalls=2061200, ndraw=40, logz=-716.27, remainder_fraction=60.6412%, Lmin=-708.08, Lmax=-706.26
13:40:08 [ultranest] [DEBUG] iteration=3396, ncalls=46674, regioncalls=2061840, ndraw=40, logz=-716.27, remainder_fraction=60.5876%, Lmin=-708.08, Lmax=-706.26
13:40:08 [ultranest] [DEBUG] iteration=3397, ncalls=46677, regioncalls=2061960, ndraw=40, logz=-716.27, remainder_fraction=60.5142%, Lmin=-708.08, Lmax=-706.26
13:40:09 [ultranest] [DEBUG] iteration=3398, ncalls=46680, regioncalls=2062080, ndraw=40, logz=-716.27, remainder_fraction=60.4285%, Lmin=-708.08, Lmax=-706.26
13:40:09 [ultranest] [DEBUG] iteration=3400, ncalls=46685, regioncalls=2062280, ndraw=40, logz=-716.27, remainder_fraction=60.3287%, Lmin=-708.07, Lmax=-706.26
13:40:09 [ultranest] [DEBUG] iteration=3401, ncalls=46692, regioncalls=2062560, ndraw=40, logz=-716.26, remainder_fraction=60.2669%, Lmin=-708.07, Lmax=-706.26
13:40:10 [ultranest] [DEBUG] iteration=3402, ncalls=46708, regioncalls=2063200, ndraw=40, logz=-716.26, remainder_fraction=60.1713%, Lmin=-708.07, Lmax=-706.26
13:40:11 [ultranest] [DEBUG] iteration=3403, ncalls=46722, regioncalls=2063760, ndraw=40, logz=-716.26, remainder_fraction=60.0894%, Lmin=-708.06, Lmax=-706.26
13:40:11 [ultranest] [DEBUG] iteration=3404, ncalls=46725, regioncalls=2063880, ndraw=40, logz=-716.26, remainder_fraction=60.0041%, Lmin=-708.06, Lmax=-706.26
13:40:11 [ultranest] [DEBUG] iteration=3405, ncalls=46739, regioncalls=2064440, ndraw=40, logz=-716.26, remainder_fraction=60.0005%, Lmin=-708.06, Lmax=-706.26
13:40:12 [ultranest] [DEBUG] iteration=3407, ncalls=46744, regioncalls=2064640, ndraw=40, logz=-716.25, remainder_fraction=59.8693%, Lmin=-708.06, Lmax=-706.26
13:40:12 [ultranest] [DEBUG] iteration=3408, ncalls=46746, regioncalls=2064720, ndraw=40, logz=-716.25, remainder_fraction=59.7660%, Lmin=-708.06, Lmax=-706.26
13:40:12 [ultranest] [DEBUG] iteration=3409, ncalls=46749, regioncalls=2064840, ndraw=40, logz=-716.25, remainder_fraction=59.6678%, Lmin=-708.05, Lmax=-706.26
13:40:12 [ultranest] [DEBUG] iteration=3411, ncalls=46755, regioncalls=2065080, ndraw=40, logz=-716.24, remainder_fraction=59.5204%, Lmin=-708.05, Lmax=-706.26
13:40:13 [ultranest] [DEBUG] iteration=3412, ncalls=46766, regioncalls=2065520, ndraw=40, logz=-716.24, remainder_fraction=59.4500%, Lmin=-708.04, Lmax=-706.26
13:40:13 [ultranest] [DEBUG] iteration=3413, ncalls=46773, regioncalls=2065800, ndraw=40, logz=-716.24, remainder_fraction=59.4156%, Lmin=-708.04, Lmax=-706.26
13:40:13 [ultranest] [DEBUG] iteration=3414, ncalls=46779, regioncalls=2066040, ndraw=40, logz=-716.24, remainder_fraction=59.3326%, Lmin=-708.04, Lmax=-706.26
13:40:14 [ultranest] [DEBUG] iteration=3415, ncalls=46784, regioncalls=2066240, ndraw=40, logz=-716.24, remainder_fraction=59.2502%, Lmin=-708.04, Lmax=-706.26
13:40:14 [ultranest] [DEBUG] iteration=3417, ncalls=46790, regioncalls=2066480, ndraw=40, logz=-716.23, remainder_fraction=59.0808%, Lmin=-708.03, Lmax=-706.26
13:40:14 [ultranest] [DEBUG] iteration=3419, ncalls=46801, regioncalls=2066920, ndraw=40, logz=-716.23, remainder_fraction=58.8889%, Lmin=-708.03, Lmax=-706.26
13:40:15 [ultranest] [DEBUG] iteration=3420, ncalls=46806, regioncalls=2067120, ndraw=40, logz=-716.23, remainder_fraction=58.8745%, Lmin=-708.03, Lmax=-706.26
13:40:15 [ultranest] [DEBUG] iteration=3422, ncalls=46810, regioncalls=2067280, ndraw=40, logz=-716.22, remainder_fraction=58.7304%, Lmin=-708.03, Lmax=-706.26
13:40:16 [ultranest] [DEBUG] iteration=3423, ncalls=46822, regioncalls=2067760, ndraw=40, logz=-716.22, remainder_fraction=58.6329%, Lmin=-708.02, Lmax=-706.26
13:40:16 [ultranest] [DEBUG] iteration=3424, ncalls=46828, regioncalls=2068000, ndraw=40, logz=-716.22, remainder_fraction=58.5835%, Lmin=-708.02, Lmax=-706.26
13:40:16 [ultranest] [DEBUG] iteration=3426, ncalls=46833, regioncalls=2068200, ndraw=40, logz=-716.22, remainder_fraction=58.5369%, Lmin=-708.02, Lmax=-706.26
13:40:17 [ultranest] [DEBUG] iteration=3427, ncalls=46844, regioncalls=2068640, ndraw=40, logz=-716.22, remainder_fraction=58.4486%, Lmin=-708.02, Lmax=-706.26
13:40:17 [ultranest] [DEBUG] iteration=3429, ncalls=46847, regioncalls=2068760, ndraw=40, logz=-716.21, remainder_fraction=58.3155%, Lmin=-708.01, Lmax=-706.26
13:40:17 [ultranest] [DEBUG] iteration=3430, ncalls=46858, regioncalls=2069200, ndraw=40, logz=-716.21, remainder_fraction=58.2155%, Lmin=-708.01, Lmax=-706.26
13:40:18 [ultranest] [DEBUG] iteration=3431, ncalls=46863, regioncalls=2069400, ndraw=40, logz=-716.21, remainder_fraction=58.2082%, Lmin=-708.01, Lmax=-706.26
13:40:18 [ultranest] [DEBUG] iteration=3433, ncalls=46870, regioncalls=2069680, ndraw=40, logz=-716.21, remainder_fraction=58.0564%, Lmin=-708.00, Lmax=-706.26
13:40:18 [ultranest] [DEBUG] iteration=3434, ncalls=46874, regioncalls=2069840, ndraw=40, logz=-716.20, remainder_fraction=58.0975%, Lmin=-707.99, Lmax=-706.26
13:40:18 [ultranest] [DEBUG] iteration=3436, ncalls=46882, regioncalls=2070160, ndraw=40, logz=-716.20, remainder_fraction=57.9120%, Lmin=-707.99, Lmax=-706.26
13:40:19 [ultranest] [DEBUG] iteration=3437, ncalls=46890, regioncalls=2070480, ndraw=40, logz=-716.20, remainder_fraction=57.8206%, Lmin=-707.99, Lmax=-706.26
13:40:19 [ultranest] [DEBUG] iteration=3439, ncalls=46895, regioncalls=2070680, ndraw=40, logz=-716.20, remainder_fraction=57.7087%, Lmin=-707.98, Lmax=-706.26
13:40:19 [ultranest] [DEBUG] iteration=3440, ncalls=46902, regioncalls=2070960, ndraw=40, logz=-716.19, remainder_fraction=57.6103%, Lmin=-707.97, Lmax=-706.26
13:40:20 [ultranest] [DEBUG] iteration=3442, ncalls=46910, regioncalls=2071280, ndraw=40, logz=-716.19, remainder_fraction=57.4866%, Lmin=-707.97, Lmax=-706.26
13:40:20 [ultranest] [DEBUG] iteration=3444, ncalls=46922, regioncalls=2071760, ndraw=40, logz=-716.19, remainder_fraction=57.3219%, Lmin=-707.96, Lmax=-706.26
13:40:21 [ultranest] [DEBUG] iteration=3445, ncalls=46935, regioncalls=2072280, ndraw=40, logz=-716.18, remainder_fraction=57.2759%, Lmin=-707.96, Lmax=-706.26
13:40:21 [ultranest] [DEBUG] iteration=3446, ncalls=46939, regioncalls=2072440, ndraw=40, logz=-716.18, remainder_fraction=57.1866%, Lmin=-707.96, Lmax=-706.26
13:40:22 [ultranest] [DEBUG] iteration=3447, ncalls=46958, regioncalls=2073200, ndraw=40, logz=-716.18, remainder_fraction=57.1921%, Lmin=-707.96, Lmax=-706.26
13:40:23 [ultranest] [DEBUG] iteration=3448, ncalls=46967, regioncalls=2073560, ndraw=40, logz=-716.18, remainder_fraction=57.0919%, Lmin=-707.95, Lmax=-706.26
13:40:23 [ultranest] [DEBUG] iteration=3450, ncalls=46972, regioncalls=2073760, ndraw=40, logz=-716.18, remainder_fraction=56.9668%, Lmin=-707.95, Lmax=-706.26
13:40:24 [ultranest] [DEBUG] iteration=3451, ncalls=47002, regioncalls=2074960, ndraw=40, logz=-716.17, remainder_fraction=56.8856%, Lmin=-707.95, Lmax=-706.26
13:40:26 [ultranest] [DEBUG] iteration=3452, ncalls=47037, regioncalls=2076360, ndraw=40, logz=-716.17, remainder_fraction=56.8174%, Lmin=-707.94, Lmax=-706.26
13:40:26 [ultranest] [DEBUG] iteration=3453, ncalls=47040, regioncalls=2076480, ndraw=40, logz=-716.17, remainder_fraction=56.7318%, Lmin=-707.94, Lmax=-706.26
13:40:27 [ultranest] [DEBUG] iteration=3454, ncalls=47047, regioncalls=2076760, ndraw=40, logz=-716.17, remainder_fraction=56.6993%, Lmin=-707.93, Lmax=-706.26
13:40:28 [ultranest] [DEBUG] iteration=3455, ncalls=47071, regioncalls=2077720, ndraw=40, logz=-716.17, remainder_fraction=56.6024%, Lmin=-707.93, Lmax=-706.26
13:40:28 [ultranest] [DEBUG] iteration=3456, ncalls=47074, regioncalls=2077840, ndraw=40, logz=-716.17, remainder_fraction=56.5751%, Lmin=-707.93, Lmax=-706.26
13:40:29 [ultranest] [DEBUG] iteration=3457, ncalls=47083, regioncalls=2078200, ndraw=40, logz=-716.16, remainder_fraction=56.4928%, Lmin=-707.92, Lmax=-706.26
13:40:29 [ultranest] [DEBUG] iteration=3458, ncalls=47089, regioncalls=2078440, ndraw=40, logz=-716.16, remainder_fraction=56.4899%, Lmin=-707.92, Lmax=-706.26
13:40:29 [ultranest] [DEBUG] iteration=3459, ncalls=47091, regioncalls=2078520, ndraw=40, logz=-716.16, remainder_fraction=56.3965%, Lmin=-707.92, Lmax=-706.26
13:40:30 [ultranest] [DEBUG] iteration=3461, ncalls=47096, regioncalls=2078720, ndraw=40, logz=-716.16, remainder_fraction=56.2461%, Lmin=-707.91, Lmax=-706.26
13:40:30 [ultranest] [DEBUG] iteration=3462, ncalls=47098, regioncalls=2078800, ndraw=40, logz=-716.16, remainder_fraction=56.1436%, Lmin=-707.91, Lmax=-706.26
13:40:32 [ultranest] [DEBUG] iteration=3463, ncalls=47141, regioncalls=2080520, ndraw=40, logz=-716.15, remainder_fraction=56.0440%, Lmin=-707.91, Lmax=-706.26
13:40:32 [ultranest] [DEBUG] iteration=3464, ncalls=47144, regioncalls=2080640, ndraw=40, logz=-716.15, remainder_fraction=56.0053%, Lmin=-707.91, Lmax=-706.26
13:40:33 [ultranest] [DEBUG] iteration=3465, ncalls=47153, regioncalls=2081000, ndraw=40, logz=-716.15, remainder_fraction=55.9105%, Lmin=-707.91, Lmax=-706.26
13:40:33 [ultranest] [DEBUG] iteration=3466, ncalls=47159, regioncalls=2081240, ndraw=40, logz=-716.15, remainder_fraction=55.8305%, Lmin=-707.90, Lmax=-706.26
13:40:33 [ultranest] [DEBUG] iteration=3467, ncalls=47172, regioncalls=2081760, ndraw=40, logz=-716.15, remainder_fraction=55.7788%, Lmin=-707.90, Lmax=-706.26
13:40:34 [ultranest] [DEBUG] iteration=3468, ncalls=47178, regioncalls=2082000, ndraw=40, logz=-716.15, remainder_fraction=55.7057%, Lmin=-707.90, Lmax=-706.26
13:40:36 [ultranest] [DEBUG] iteration=3469, ncalls=47217, regioncalls=2083560, ndraw=40, logz=-716.14, remainder_fraction=55.6133%, Lmin=-707.89, Lmax=-706.26
13:40:36 [ultranest] [DEBUG] iteration=3470, ncalls=47220, regioncalls=2083680, ndraw=40, logz=-716.14, remainder_fraction=55.5881%, Lmin=-707.89, Lmax=-706.26
13:40:36 [ultranest] [DEBUG] iteration=3471, ncalls=47228, regioncalls=2084000, ndraw=40, logz=-716.14, remainder_fraction=55.5466%, Lmin=-707.89, Lmax=-706.26
13:40:37 [ultranest] [DEBUG] iteration=3473, ncalls=47239, regioncalls=2084440, ndraw=40, logz=-716.14, remainder_fraction=55.4146%, Lmin=-707.89, Lmax=-706.26
13:40:38 [ultranest] [DEBUG] iteration=3474, ncalls=47255, regioncalls=2085080, ndraw=40, logz=-716.14, remainder_fraction=55.3196%, Lmin=-707.89, Lmax=-706.26
13:40:38 [ultranest] [DEBUG] iteration=3475, ncalls=47257, regioncalls=2085160, ndraw=40, logz=-716.13, remainder_fraction=55.2469%, Lmin=-707.89, Lmax=-706.26
13:40:38 [ultranest] [DEBUG] iteration=3476, ncalls=47269, regioncalls=2085640, ndraw=40, logz=-716.13, remainder_fraction=55.1619%, Lmin=-707.89, Lmax=-706.26
13:40:39 [ultranest] [DEBUG] iteration=3477, ncalls=47276, regioncalls=2085920, ndraw=40, logz=-716.13, remainder_fraction=55.0835%, Lmin=-707.89, Lmax=-706.26
13:40:39 [ultranest] [DEBUG] iteration=3479, ncalls=47287, regioncalls=2086360, ndraw=40, logz=-716.13, remainder_fraction=54.9143%, Lmin=-707.89, Lmax=-706.26
13:40:39 [ultranest] [DEBUG] iteration=3480, ncalls=47290, regioncalls=2086480, ndraw=40, logz=-716.13, remainder_fraction=54.8543%, Lmin=-707.88, Lmax=-706.26
13:40:40 [ultranest] [DEBUG] iteration=3481, ncalls=47297, regioncalls=2086760, ndraw=40, logz=-716.12, remainder_fraction=54.8259%, Lmin=-707.88, Lmax=-706.26
13:40:40 [ultranest] [DEBUG] iteration=3482, ncalls=47303, regioncalls=2087000, ndraw=40, logz=-716.12, remainder_fraction=54.7301%, Lmin=-707.88, Lmax=-706.26
13:40:40 [ultranest] [DEBUG] iteration=3483, ncalls=47313, regioncalls=2087440, ndraw=40, logz=-716.12, remainder_fraction=54.6584%, Lmin=-707.88, Lmax=-706.26
13:40:41 [ultranest] [DEBUG] iteration=3484, ncalls=47319, regioncalls=2087680, ndraw=40, logz=-716.12, remainder_fraction=54.5640%, Lmin=-707.87, Lmax=-706.26
13:40:42 [ultranest] [DEBUG] iteration=3485, ncalls=47346, regioncalls=2088760, ndraw=40, logz=-716.12, remainder_fraction=54.4704%, Lmin=-707.87, Lmax=-706.26
13:40:42 [ultranest] [DEBUG] iteration=3486, ncalls=47354, regioncalls=2089080, ndraw=40, logz=-716.12, remainder_fraction=54.4075%, Lmin=-707.87, Lmax=-706.26
13:40:44 [ultranest] [DEBUG] iteration=3487, ncalls=47384, regioncalls=2090280, ndraw=40, logz=-716.11, remainder_fraction=54.3514%, Lmin=-707.87, Lmax=-706.26
13:40:45 [ultranest] [DEBUG] iteration=3489, ncalls=47397, regioncalls=2090800, ndraw=40, logz=-716.11, remainder_fraction=54.2373%, Lmin=-707.87, Lmax=-706.26
13:40:45 [ultranest] [DEBUG] iteration=3491, ncalls=47412, regioncalls=2091400, ndraw=40, logz=-716.11, remainder_fraction=54.0823%, Lmin=-707.86, Lmax=-706.26
13:40:46 [ultranest] [DEBUG] iteration=3492, ncalls=47425, regioncalls=2091920, ndraw=40, logz=-716.11, remainder_fraction=54.0269%, Lmin=-707.86, Lmax=-706.26
13:40:46 [ultranest] [DEBUG] iteration=3493, ncalls=47429, regioncalls=2092080, ndraw=40, logz=-716.10, remainder_fraction=54.0021%, Lmin=-707.85, Lmax=-706.26
13:40:46 [ultranest] [DEBUG] iteration=3494, ncalls=47436, regioncalls=2092360, ndraw=40, logz=-716.10, remainder_fraction=53.9402%, Lmin=-707.85, Lmax=-706.26
13:40:47 [ultranest] [DEBUG] iteration=3496, ncalls=47439, regioncalls=2092480, ndraw=40, logz=-716.10, remainder_fraction=53.7824%, Lmin=-707.85, Lmax=-706.26
13:40:47 [ultranest] [DEBUG] iteration=3497, ncalls=47448, regioncalls=2092840, ndraw=40, logz=-716.10, remainder_fraction=53.7205%, Lmin=-707.85, Lmax=-706.26
13:40:47 [ultranest] [DEBUG] iteration=3498, ncalls=47453, regioncalls=2093040, ndraw=40, logz=-716.10, remainder_fraction=53.6398%, Lmin=-707.84, Lmax=-706.26
13:40:48 [ultranest] [DEBUG] iteration=3499, ncalls=47465, regioncalls=2093520, ndraw=40, logz=-716.10, remainder_fraction=53.5698%, Lmin=-707.84, Lmax=-706.26
13:40:48 [ultranest] [DEBUG] iteration=3500, ncalls=47470, regioncalls=2093720, ndraw=40, logz=-716.09, remainder_fraction=53.4852%, Lmin=-707.84, Lmax=-706.26
13:40:49 [ultranest] [DEBUG] iteration=3501, ncalls=47481, regioncalls=2094160, ndraw=40, logz=-716.09, remainder_fraction=53.3847%, Lmin=-707.83, Lmax=-706.26
13:40:49 [ultranest] [DEBUG] iteration=3502, ncalls=47483, regioncalls=2094240, ndraw=40, logz=-716.09, remainder_fraction=53.3082%, Lmin=-707.83, Lmax=-706.26
13:40:50 [ultranest] [DEBUG] iteration=3504, ncalls=47502, regioncalls=2095000, ndraw=40, logz=-716.09, remainder_fraction=53.1818%, Lmin=-707.83, Lmax=-706.26
13:40:50 [ultranest] [DEBUG] iteration=3506, ncalls=47510, regioncalls=2095320, ndraw=40, logz=-716.08, remainder_fraction=53.0472%, Lmin=-707.83, Lmax=-706.26
13:40:51 [ultranest] [DEBUG] iteration=3507, ncalls=47519, regioncalls=2095680, ndraw=40, logz=-716.08, remainder_fraction=52.9865%, Lmin=-707.83, Lmax=-706.26
13:40:51 [ultranest] [DEBUG] iteration=3508, ncalls=47523, regioncalls=2095840, ndraw=40, logz=-716.08, remainder_fraction=52.8893%, Lmin=-707.82, Lmax=-706.26
13:40:52 [ultranest] [DEBUG] iteration=3509, ncalls=47546, regioncalls=2096760, ndraw=40, logz=-716.08, remainder_fraction=52.8173%, Lmin=-707.82, Lmax=-706.26
13:40:53 [ultranest] [DEBUG] iteration=3510, ncalls=47566, regioncalls=2097560, ndraw=40, logz=-716.08, remainder_fraction=52.7387%, Lmin=-707.82, Lmax=-706.26
13:40:53 [ultranest] [DEBUG] iteration=3511, ncalls=47578, regioncalls=2098040, ndraw=40, logz=-716.08, remainder_fraction=52.7095%, Lmin=-707.82, Lmax=-706.26
13:40:54 [ultranest] [DEBUG] iteration=3512, ncalls=47583, regioncalls=2098240, ndraw=40, logz=-716.08, remainder_fraction=52.6383%, Lmin=-707.82, Lmax=-706.26
13:40:54 [ultranest] [DEBUG] iteration=3513, ncalls=47588, regioncalls=2098480, ndraw=40, logz=-716.07, remainder_fraction=52.5692%, Lmin=-707.82, Lmax=-706.26
13:40:54 [ultranest] [DEBUG] iteration=3514, ncalls=47593, regioncalls=2098680, ndraw=40, logz=-716.07, remainder_fraction=52.5732%, Lmin=-707.81, Lmax=-706.26
13:40:55 [ultranest] [DEBUG] iteration=3515, ncalls=47610, regioncalls=2099360, ndraw=40, logz=-716.07, remainder_fraction=52.4926%, Lmin=-707.81, Lmax=-706.26
13:40:56 [ultranest] [DEBUG] iteration=3516, ncalls=47620, regioncalls=2099840, ndraw=40, logz=-716.07, remainder_fraction=52.4348%, Lmin=-707.81, Lmax=-706.26
13:40:56 [ultranest] [DEBUG] iteration=3518, ncalls=47628, regioncalls=2100280, ndraw=40, logz=-716.07, remainder_fraction=52.4235%, Lmin=-707.80, Lmax=-706.26
13:40:56 [ultranest] [DEBUG] iteration=3520, ncalls=47637, regioncalls=2100640, ndraw=40, logz=-716.06, remainder_fraction=52.3492%, Lmin=-707.80, Lmax=-706.26
13:40:57 [ultranest] [DEBUG] iteration=3521, ncalls=47645, regioncalls=2100960, ndraw=40, logz=-716.06, remainder_fraction=52.2682%, Lmin=-707.80, Lmax=-706.26
13:40:57 [ultranest] [DEBUG] iteration=3522, ncalls=47650, regioncalls=2101160, ndraw=40, logz=-716.06, remainder_fraction=52.1739%, Lmin=-707.80, Lmax=-706.26
13:40:57 [ultranest] [DEBUG] iteration=3523, ncalls=47658, regioncalls=2101480, ndraw=40, logz=-716.06, remainder_fraction=52.1003%, Lmin=-707.80, Lmax=-706.26
13:40:57 [ultranest] [DEBUG] iteration=3524, ncalls=47661, regioncalls=2101600, ndraw=40, logz=-716.06, remainder_fraction=52.0528%, Lmin=-707.80, Lmax=-706.26
13:40:58 [ultranest] [DEBUG] iteration=3525, ncalls=47670, regioncalls=2101960, ndraw=40, logz=-716.06, remainder_fraction=51.9807%, Lmin=-707.79, Lmax=-706.26
13:40:58 [ultranest] [DEBUG] iteration=3526, ncalls=47674, regioncalls=2102120, ndraw=40, logz=-716.05, remainder_fraction=51.9047%, Lmin=-707.79, Lmax=-706.26
13:40:58 [ultranest] [DEBUG] iteration=3527, ncalls=47677, regioncalls=2102240, ndraw=40, logz=-716.05, remainder_fraction=51.8145%, Lmin=-707.78, Lmax=-706.26
13:40:58 [ultranest] [DEBUG] iteration=3528, ncalls=47681, regioncalls=2102400, ndraw=40, logz=-716.05, remainder_fraction=51.7487%, Lmin=-707.78, Lmax=-706.26
13:40:59 [ultranest] [DEBUG] iteration=3529, ncalls=47683, regioncalls=2102480, ndraw=40, logz=-716.05, remainder_fraction=51.6595%, Lmin=-707.78, Lmax=-706.26
13:40:59 [ultranest] [DEBUG] iteration=3530, ncalls=47688, regioncalls=2102680, ndraw=40, logz=-716.05, remainder_fraction=51.6526%, Lmin=-707.77, Lmax=-706.26
13:41:00 [ultranest] [DEBUG] iteration=3532, ncalls=47702, regioncalls=2103240, ndraw=40, logz=-716.05, remainder_fraction=51.5349%, Lmin=-707.77, Lmax=-706.26
13:41:00 [ultranest] [DEBUG] iteration=3533, ncalls=47711, regioncalls=2103600, ndraw=40, logz=-716.04, remainder_fraction=51.4446%, Lmin=-707.77, Lmax=-706.26
13:41:00 [ultranest] [DEBUG] iteration=3534, ncalls=47717, regioncalls=2103840, ndraw=40, logz=-716.04, remainder_fraction=51.4152%, Lmin=-707.76, Lmax=-706.26
13:41:01 [ultranest] [DEBUG] iteration=3536, ncalls=47723, regioncalls=2104080, ndraw=40, logz=-716.04, remainder_fraction=51.2871%, Lmin=-707.76, Lmax=-706.26
13:41:01 [ultranest] [DEBUG] iteration=3537, ncalls=47731, regioncalls=2104400, ndraw=40, logz=-716.04, remainder_fraction=51.2032%, Lmin=-707.76, Lmax=-706.26
13:41:01 [ultranest] [DEBUG] iteration=3539, ncalls=47734, regioncalls=2104520, ndraw=40, logz=-716.04, remainder_fraction=51.0416%, Lmin=-707.75, Lmax=-706.26
13:41:02 [ultranest] [DEBUG] iteration=3540, ncalls=47742, regioncalls=2104840, ndraw=40, logz=-716.03, remainder_fraction=50.9873%, Lmin=-707.75, Lmax=-706.26
13:41:02 [ultranest] [DEBUG] iteration=3541, ncalls=47752, regioncalls=2105240, ndraw=40, logz=-716.03, remainder_fraction=50.9329%, Lmin=-707.75, Lmax=-706.26
13:41:02 [ultranest] [DEBUG] iteration=3542, ncalls=47756, regioncalls=2105400, ndraw=40, logz=-716.03, remainder_fraction=50.8880%, Lmin=-707.75, Lmax=-706.26
13:41:02 [ultranest] [DEBUG] iteration=3544, ncalls=47760, regioncalls=2105560, ndraw=40, logz=-716.03, remainder_fraction=50.7483%, Lmin=-707.74, Lmax=-706.26
13:41:03 [ultranest] [DEBUG] iteration=3546, ncalls=47764, regioncalls=2105720, ndraw=40, logz=-716.03, remainder_fraction=50.6414%, Lmin=-707.73, Lmax=-706.26
13:41:03 [ultranest] [DEBUG] iteration=3547, ncalls=47767, regioncalls=2105840, ndraw=40, logz=-716.02, remainder_fraction=50.6130%, Lmin=-707.73, Lmax=-706.26
13:41:03 [ultranest] [DEBUG] iteration=3548, ncalls=47781, regioncalls=2106400, ndraw=40, logz=-716.02, remainder_fraction=50.5621%, Lmin=-707.73, Lmax=-706.26
13:41:04 [ultranest] [DEBUG] iteration=3549, ncalls=47786, regioncalls=2106600, ndraw=40, logz=-716.02, remainder_fraction=50.4720%, Lmin=-707.72, Lmax=-706.26
13:41:05 [ultranest] [DEBUG] iteration=3550, ncalls=47802, regioncalls=2107240, ndraw=40, logz=-716.02, remainder_fraction=50.3859%, Lmin=-707.71, Lmax=-706.26
13:41:05 [ultranest] [DEBUG] iteration=3551, ncalls=47812, regioncalls=2107640, ndraw=40, logz=-716.02, remainder_fraction=50.3121%, Lmin=-707.71, Lmax=-706.26
13:41:05 [ultranest] [DEBUG] iteration=3552, ncalls=47816, regioncalls=2107800, ndraw=40, logz=-716.02, remainder_fraction=50.2256%, Lmin=-707.71, Lmax=-706.26
13:41:05 [ultranest] [DEBUG] iteration=3553, ncalls=47820, regioncalls=2107960, ndraw=40, logz=-716.02, remainder_fraction=50.1456%, Lmin=-707.71, Lmax=-706.26
13:41:06 [ultranest] [DEBUG] iteration=3555, ncalls=47825, regioncalls=2108160, ndraw=40, logz=-716.01, remainder_fraction=50.0708%, Lmin=-707.71, Lmax=-706.26
13:41:07 [ultranest] [DEBUG] iteration=3556, ncalls=47851, regioncalls=2109200, ndraw=40, logz=-716.01, remainder_fraction=50.0596%, Lmin=-707.70, Lmax=-706.26
13:41:08 [ultranest] [DEBUG] iteration=3558, ncalls=47863, regioncalls=2109760, ndraw=40, logz=-716.01, remainder_fraction=49.8775%, Lmin=-707.70, Lmax=-706.26
13:41:08 [ultranest] [DEBUG] iteration=3560, ncalls=47869, regioncalls=2110360, ndraw=40, logz=-716.01, remainder_fraction=49.7136%, Lmin=-707.70, Lmax=-706.26
13:41:08 [ultranest] [DEBUG] iteration=3561, ncalls=47874, regioncalls=2110560, ndraw=40, logz=-716.00, remainder_fraction=49.6498%, Lmin=-707.69, Lmax=-706.26
13:41:11 [ultranest] [DEBUG] iteration=3562, ncalls=47929, regioncalls=2112760, ndraw=40, logz=-716.00, remainder_fraction=49.6205%, Lmin=-707.69, Lmax=-706.26
13:41:11 [ultranest] [DEBUG] iteration=3564, ncalls=47939, regioncalls=2113160, ndraw=40, logz=-716.00, remainder_fraction=49.4447%, Lmin=-707.69, Lmax=-706.26
13:41:13 [ultranest] [DEBUG] iteration=3565, ncalls=47969, regioncalls=2114360, ndraw=40, logz=-716.00, remainder_fraction=49.3711%, Lmin=-707.69, Lmax=-706.26
13:41:13 [ultranest] [DEBUG] iteration=3566, ncalls=47978, regioncalls=2114720, ndraw=40, logz=-716.00, remainder_fraction=49.3024%, Lmin=-707.69, Lmax=-706.26
13:41:13 [ultranest] [DEBUG] iteration=3567, ncalls=47985, regioncalls=2115000, ndraw=40, logz=-716.00, remainder_fraction=49.2502%, Lmin=-707.69, Lmax=-706.26
13:41:14 [ultranest] [DEBUG] iteration=3569, ncalls=48000, regioncalls=2115600, ndraw=40, logz=-715.99, remainder_fraction=49.1226%, Lmin=-707.69, Lmax=-706.26
13:41:14 [ultranest] [DEBUG] iteration=3570, ncalls=48003, regioncalls=2115720, ndraw=40, logz=-715.99, remainder_fraction=49.0466%, Lmin=-707.68, Lmax=-706.26
13:41:15 [ultranest] [DEBUG] iteration=3571, ncalls=48007, regioncalls=2115880, ndraw=40, logz=-715.99, remainder_fraction=49.0095%, Lmin=-707.68, Lmax=-706.26
13:41:15 [ultranest] [DEBUG] iteration=3572, ncalls=48018, regioncalls=2116360, ndraw=40, logz=-715.99, remainder_fraction=48.9957%, Lmin=-707.68, Lmax=-706.26
13:41:15 [ultranest] [DEBUG] iteration=3574, ncalls=48021, regioncalls=2116480, ndraw=40, logz=-715.99, remainder_fraction=48.9177%, Lmin=-707.67, Lmax=-706.26
13:41:15 [ultranest] [DEBUG] iteration=3575, ncalls=48023, regioncalls=2116560, ndraw=40, logz=-715.98, remainder_fraction=48.8517%, Lmin=-707.67, Lmax=-706.26
13:41:16 [ultranest] [DEBUG] iteration=3576, ncalls=48040, regioncalls=2117240, ndraw=40, logz=-715.98, remainder_fraction=48.7582%, Lmin=-707.67, Lmax=-706.26
13:41:16 [ultranest] [DEBUG] iteration=3577, ncalls=48044, regioncalls=2117400, ndraw=40, logz=-715.98, remainder_fraction=48.6736%, Lmin=-707.66, Lmax=-706.26
13:41:17 [ultranest] [DEBUG] iteration=3578, ncalls=48053, regioncalls=2117760, ndraw=40, logz=-715.98, remainder_fraction=48.5914%, Lmin=-707.66, Lmax=-706.26
13:41:17 [ultranest] [DEBUG] iteration=3580, ncalls=48055, regioncalls=2117840, ndraw=40, logz=-715.98, remainder_fraction=48.4683%, Lmin=-707.66, Lmax=-706.26
13:41:18 [ultranest] [DEBUG] iteration=3581, ncalls=48067, regioncalls=2118320, ndraw=40, logz=-715.98, remainder_fraction=48.3939%, Lmin=-707.66, Lmax=-706.26
13:41:18 [ultranest] [DEBUG] iteration=3582, ncalls=48072, regioncalls=2118520, ndraw=40, logz=-715.97, remainder_fraction=48.3310%, Lmin=-707.66, Lmax=-706.26
13:41:18 [ultranest] [DEBUG] iteration=3583, ncalls=48076, regioncalls=2118680, ndraw=40, logz=-715.97, remainder_fraction=48.2979%, Lmin=-707.66, Lmax=-706.26
13:41:18 [ultranest] [DEBUG] iteration=3584, ncalls=48078, regioncalls=2118760, ndraw=40, logz=-715.97, remainder_fraction=48.2309%, Lmin=-707.65, Lmax=-706.26
13:41:18 [ultranest] [DEBUG] iteration=3585, ncalls=48081, regioncalls=2118880, ndraw=40, logz=-715.97, remainder_fraction=48.1605%, Lmin=-707.65, Lmax=-706.26
13:41:19 [ultranest] [DEBUG] iteration=3586, ncalls=48086, regioncalls=2119080, ndraw=40, logz=-715.97, remainder_fraction=48.0649%, Lmin=-707.65, Lmax=-706.26
13:41:22 [ultranest] [DEBUG] iteration=3588, ncalls=48142, regioncalls=2121320, ndraw=40, logz=-715.97, remainder_fraction=47.9035%, Lmin=-707.65, Lmax=-706.26
13:41:22 [ultranest] [DEBUG] iteration=3589, ncalls=48153, regioncalls=2121760, ndraw=40, logz=-715.97, remainder_fraction=47.8501%, Lmin=-707.64, Lmax=-706.26
13:41:22 [ultranest] [DEBUG] iteration=3590, ncalls=48155, regioncalls=2121840, ndraw=40, logz=-715.96, remainder_fraction=47.7881%, Lmin=-707.64, Lmax=-706.26
13:41:23 [ultranest] [DEBUG] iteration=3591, ncalls=48167, regioncalls=2122320, ndraw=40, logz=-715.96, remainder_fraction=47.7160%, Lmin=-707.63, Lmax=-706.26
13:41:23 [ultranest] [DEBUG] iteration=3592, ncalls=48175, regioncalls=2122640, ndraw=40, logz=-715.96, remainder_fraction=47.6262%, Lmin=-707.63, Lmax=-706.26
13:41:24 [ultranest] [DEBUG] iteration=3593, ncalls=48183, regioncalls=2122960, ndraw=40, logz=-715.96, remainder_fraction=47.5378%, Lmin=-707.63, Lmax=-706.26
13:41:24 [ultranest] [DEBUG] iteration=3594, ncalls=48188, regioncalls=2123160, ndraw=40, logz=-715.96, remainder_fraction=47.5235%, Lmin=-707.63, Lmax=-706.26
13:41:24 [ultranest] [DEBUG] iteration=3595, ncalls=48190, regioncalls=2123240, ndraw=40, logz=-715.96, remainder_fraction=47.4624%, Lmin=-707.63, Lmax=-706.26
13:41:25 [ultranest] [DEBUG] iteration=3597, ncalls=48205, regioncalls=2123840, ndraw=40, logz=-715.95, remainder_fraction=47.3052%, Lmin=-707.62, Lmax=-706.26
13:41:25 [ultranest] [DEBUG] iteration=3599, ncalls=48214, regioncalls=2124200, ndraw=40, logz=-715.95, remainder_fraction=47.1165%, Lmin=-707.62, Lmax=-706.26
13:41:26 [ultranest] [DEBUG] iteration=3600, ncalls=48227, regioncalls=2124880, ndraw=40, logz=-715.95, remainder_fraction=47.0325%, Lmin=-707.61, Lmax=-706.26
13:41:27 [ultranest] [DEBUG] iteration=3602, ncalls=48231, regioncalls=2125040, ndraw=40, logz=-715.95, remainder_fraction=46.8964%, Lmin=-707.61, Lmax=-706.26
13:41:27 [ultranest] [DEBUG] iteration=3603, ncalls=48237, regioncalls=2125400, ndraw=40, logz=-715.95, remainder_fraction=46.8052%, Lmin=-707.61, Lmax=-706.26
13:41:28 [ultranest] [DEBUG] iteration=3604, ncalls=48253, regioncalls=2126120, ndraw=40, logz=-715.95, remainder_fraction=46.7485%, Lmin=-707.61, Lmax=-706.26
13:41:28 [ultranest] [DEBUG] iteration=3605, ncalls=48257, regioncalls=2126280, ndraw=40, logz=-715.94, remainder_fraction=46.6543%, Lmin=-707.61, Lmax=-706.26
13:41:28 [ultranest] [DEBUG] iteration=3606, ncalls=48261, regioncalls=2126440, ndraw=40, logz=-715.94, remainder_fraction=46.5737%, Lmin=-707.61, Lmax=-706.26
13:41:29 [ultranest] [DEBUG] iteration=3607, ncalls=48274, regioncalls=2126960, ndraw=40, logz=-715.94, remainder_fraction=46.5126%, Lmin=-707.60, Lmax=-706.26
13:41:29 [ultranest] [DEBUG] iteration=3608, ncalls=48277, regioncalls=2127080, ndraw=40, logz=-715.94, remainder_fraction=46.4938%, Lmin=-707.59, Lmax=-706.26
13:41:30 [ultranest] [DEBUG] iteration=3609, ncalls=48285, regioncalls=2127400, ndraw=40, logz=-715.94, remainder_fraction=46.4009%, Lmin=-707.59, Lmax=-706.26
13:41:31 [ultranest] [DEBUG] iteration=3610, ncalls=48303, regioncalls=2128120, ndraw=40, logz=-715.94, remainder_fraction=46.3468%, Lmin=-707.59, Lmax=-706.26
13:41:31 [ultranest] [DEBUG] iteration=3611, ncalls=48307, regioncalls=2128280, ndraw=40, logz=-715.94, remainder_fraction=46.2904%, Lmin=-707.59, Lmax=-706.26
13:41:31 [ultranest] [DEBUG] iteration=3612, ncalls=48312, regioncalls=2128480, ndraw=40, logz=-715.94, remainder_fraction=46.1962%, Lmin=-707.59, Lmax=-706.26
13:41:31 [ultranest] [DEBUG] iteration=3614, ncalls=48316, regioncalls=2128640, ndraw=40, logz=-715.93, remainder_fraction=46.0873%, Lmin=-707.59, Lmax=-706.26
13:41:32 [ultranest] [DEBUG] iteration=3615, ncalls=48318, regioncalls=2128720, ndraw=40, logz=-715.93, remainder_fraction=46.0021%, Lmin=-707.59, Lmax=-706.25
13:41:32 [ultranest] [DEBUG] iteration=3616, ncalls=48321, regioncalls=2128840, ndraw=40, logz=-715.93, remainder_fraction=45.9355%, Lmin=-707.59, Lmax=-706.25
13:41:32 [ultranest] [DEBUG] iteration=3617, ncalls=48326, regioncalls=2129040, ndraw=40, logz=-715.93, remainder_fraction=45.9460%, Lmin=-707.59, Lmax=-706.25
13:41:33 [ultranest] [DEBUG] iteration=3618, ncalls=48334, regioncalls=2129360, ndraw=40, logz=-715.93, remainder_fraction=45.8906%, Lmin=-707.58, Lmax=-706.25
13:41:33 [ultranest] [DEBUG] iteration=3619, ncalls=48339, regioncalls=2129560, ndraw=40, logz=-715.93, remainder_fraction=45.8136%, Lmin=-707.58, Lmax=-706.25
13:41:33 [ultranest] [DEBUG] iteration=3620, ncalls=48346, regioncalls=2129840, ndraw=40, logz=-715.93, remainder_fraction=45.7273%, Lmin=-707.58, Lmax=-706.25
13:41:35 [ultranest] [DEBUG] iteration=3621, ncalls=48368, regioncalls=2130720, ndraw=40, logz=-715.92, remainder_fraction=45.6378%, Lmin=-707.58, Lmax=-706.25
13:41:35 [ultranest] [DEBUG] iteration=3623, ncalls=48370, regioncalls=2130800, ndraw=40, logz=-715.92, remainder_fraction=45.5536%, Lmin=-707.57, Lmax=-706.25
13:41:35 [ultranest] [DEBUG] iteration=3625, ncalls=48375, regioncalls=2131000, ndraw=40, logz=-715.92, remainder_fraction=45.4139%, Lmin=-707.57, Lmax=-706.25
13:41:36 [ultranest] [DEBUG] iteration=3626, ncalls=48389, regioncalls=2131760, ndraw=40, logz=-715.92, remainder_fraction=45.3787%, Lmin=-707.56, Lmax=-706.25
13:41:36 [ultranest] [DEBUG] iteration=3627, ncalls=48392, regioncalls=2131960, ndraw=40, logz=-715.92, remainder_fraction=45.2927%, Lmin=-707.56, Lmax=-706.25
13:41:36 [ultranest] [DEBUG] iteration=3629, ncalls=48395, regioncalls=2132080, ndraw=40, logz=-715.91, remainder_fraction=45.1692%, Lmin=-707.56, Lmax=-706.25
13:41:37 [ultranest] [DEBUG] iteration=3630, ncalls=48407, regioncalls=2132560, ndraw=40, logz=-715.91, remainder_fraction=45.0766%, Lmin=-707.56, Lmax=-706.25
13:41:37 [ultranest] [DEBUG] iteration=3631, ncalls=48413, regioncalls=2132920, ndraw=40, logz=-715.91, remainder_fraction=44.9887%, Lmin=-707.56, Lmax=-706.25
13:41:37 [ultranest] [DEBUG] iteration=3633, ncalls=48416, regioncalls=2133040, ndraw=40, logz=-715.91, remainder_fraction=44.8236%, Lmin=-707.56, Lmax=-706.25
13:41:38 [ultranest] [DEBUG] iteration=3634, ncalls=48422, regioncalls=2133280, ndraw=40, logz=-715.91, remainder_fraction=44.7535%, Lmin=-707.56, Lmax=-706.25
13:41:38 [ultranest] [DEBUG] iteration=3635, ncalls=48433, regioncalls=2133720, ndraw=40, logz=-715.91, remainder_fraction=44.6631%, Lmin=-707.55, Lmax=-706.25
13:41:38 [ultranest] [DEBUG] iteration=3636, ncalls=48436, regioncalls=2133840, ndraw=40, logz=-715.91, remainder_fraction=44.5824%, Lmin=-707.55, Lmax=-706.25
13:41:38 [ultranest] [DEBUG] iteration=3637, ncalls=48438, regioncalls=2133920, ndraw=40, logz=-715.90, remainder_fraction=44.4912%, Lmin=-707.55, Lmax=-706.25
13:41:40 [ultranest] [DEBUG] iteration=3639, ncalls=48479, regioncalls=2135560, ndraw=40, logz=-715.90, remainder_fraction=44.3354%, Lmin=-707.54, Lmax=-706.25
13:41:41 [ultranest] [DEBUG] iteration=3640, ncalls=48500, regioncalls=2136400, ndraw=40, logz=-715.90, remainder_fraction=44.2759%, Lmin=-707.54, Lmax=-706.25
13:41:42 [ultranest] [DEBUG] iteration=3641, ncalls=48508, regioncalls=2136720, ndraw=40, logz=-715.90, remainder_fraction=44.1978%, Lmin=-707.54, Lmax=-706.25
13:41:42 [ultranest] [DEBUG] iteration=3642, ncalls=48514, regioncalls=2136960, ndraw=40, logz=-715.90, remainder_fraction=44.1610%, Lmin=-707.54, Lmax=-706.25
13:41:44 [ultranest] [DEBUG] iteration=3643, ncalls=48551, regioncalls=2138440, ndraw=40, logz=-715.90, remainder_fraction=44.1258%, Lmin=-707.54, Lmax=-706.25
13:41:44 [ultranest] [DEBUG] iteration=3644, ncalls=48554, regioncalls=2138560, ndraw=40, logz=-715.90, remainder_fraction=44.0378%, Lmin=-707.53, Lmax=-706.25
13:41:45 [ultranest] [DEBUG] iteration=3645, ncalls=48566, regioncalls=2139040, ndraw=40, logz=-715.89, remainder_fraction=43.9620%, Lmin=-707.53, Lmax=-706.25
13:41:45 [ultranest] [DEBUG] iteration=3646, ncalls=48570, regioncalls=2139200, ndraw=40, logz=-715.89, remainder_fraction=43.9257%, Lmin=-707.53, Lmax=-706.25
13:41:45 [ultranest] [DEBUG] iteration=3647, ncalls=48577, regioncalls=2139480, ndraw=40, logz=-715.89, remainder_fraction=43.8437%, Lmin=-707.53, Lmax=-706.25
13:41:46 [ultranest] [DEBUG] iteration=3648, ncalls=48584, regioncalls=2139760, ndraw=40, logz=-715.89, remainder_fraction=43.7636%, Lmin=-707.52, Lmax=-706.25
13:41:46 [ultranest] [DEBUG] iteration=3650, ncalls=48597, regioncalls=2140280, ndraw=40, logz=-715.89, remainder_fraction=43.6186%, Lmin=-707.52, Lmax=-706.25
13:41:47 [ultranest] [DEBUG] iteration=3651, ncalls=48618, regioncalls=2141120, ndraw=40, logz=-715.89, remainder_fraction=43.5319%, Lmin=-707.52, Lmax=-706.25
13:41:48 [ultranest] [DEBUG] iteration=3653, ncalls=48624, regioncalls=2141400, ndraw=40, logz=-715.88, remainder_fraction=43.3941%, Lmin=-707.52, Lmax=-706.25
13:41:48 [ultranest] [DEBUG] iteration=3654, ncalls=48630, regioncalls=2141760, ndraw=40, logz=-715.88, remainder_fraction=43.3137%, Lmin=-707.52, Lmax=-706.25
13:41:48 [ultranest] [DEBUG] iteration=3655, ncalls=48632, regioncalls=2141840, ndraw=40, logz=-715.88, remainder_fraction=43.2864%, Lmin=-707.52, Lmax=-706.25
13:41:49 [ultranest] [DEBUG] iteration=3656, ncalls=48643, regioncalls=2142280, ndraw=40, logz=-715.88, remainder_fraction=43.2088%, Lmin=-707.51, Lmax=-706.25
13:41:49 [ultranest] [DEBUG] iteration=3657, ncalls=48656, regioncalls=2142800, ndraw=40, logz=-715.88, remainder_fraction=43.1448%, Lmin=-707.51, Lmax=-706.25
13:41:49 [ultranest] [DEBUG] iteration=3658, ncalls=48659, regioncalls=2142920, ndraw=40, logz=-715.88, remainder_fraction=43.0631%, Lmin=-707.51, Lmax=-706.25
13:41:49 [ultranest] [DEBUG] iteration=3660, ncalls=48661, regioncalls=2143000, ndraw=40, logz=-715.88, remainder_fraction=42.9424%, Lmin=-707.51, Lmax=-706.25
13:41:50 [ultranest] [DEBUG] iteration=3661, ncalls=48663, regioncalls=2143080, ndraw=40, logz=-715.88, remainder_fraction=42.8810%, Lmin=-707.51, Lmax=-706.25
13:41:50 [ultranest] [DEBUG] iteration=3662, ncalls=48674, regioncalls=2143520, ndraw=40, logz=-715.87, remainder_fraction=42.7960%, Lmin=-707.51, Lmax=-706.25
13:41:51 [ultranest] [DEBUG] iteration=3664, ncalls=48691, regioncalls=2144280, ndraw=40, logz=-715.87, remainder_fraction=42.6272%, Lmin=-707.51, Lmax=-706.25
13:41:52 [ultranest] [DEBUG] iteration=3665, ncalls=48706, regioncalls=2144880, ndraw=40, logz=-715.87, remainder_fraction=42.5671%, Lmin=-707.50, Lmax=-706.25
13:41:52 [ultranest] [DEBUG] iteration=3668, ncalls=48720, regioncalls=2145440, ndraw=40, logz=-715.87, remainder_fraction=42.3251%, Lmin=-707.50, Lmax=-706.25
13:41:53 [ultranest] [DEBUG] iteration=3670, ncalls=48722, regioncalls=2145520, ndraw=40, logz=-715.86, remainder_fraction=42.1530%, Lmin=-707.49, Lmax=-706.25
13:41:53 [ultranest] [DEBUG] iteration=3671, ncalls=48727, regioncalls=2145720, ndraw=40, logz=-715.86, remainder_fraction=42.1154%, Lmin=-707.49, Lmax=-706.25
13:41:53 [ultranest] [DEBUG] iteration=3672, ncalls=48737, regioncalls=2146120, ndraw=40, logz=-715.86, remainder_fraction=42.0822%, Lmin=-707.49, Lmax=-706.25
13:41:54 [ultranest] [DEBUG] iteration=3673, ncalls=48747, regioncalls=2146520, ndraw=40, logz=-715.86, remainder_fraction=42.0137%, Lmin=-707.49, Lmax=-706.25
13:41:54 [ultranest] [DEBUG] iteration=3674, ncalls=48757, regioncalls=2147000, ndraw=40, logz=-715.86, remainder_fraction=41.9266%, Lmin=-707.49, Lmax=-706.25
13:41:54 [ultranest] [DEBUG] iteration=3675, ncalls=48760, regioncalls=2147120, ndraw=40, logz=-715.86, remainder_fraction=41.8541%, Lmin=-707.49, Lmax=-706.25
13:41:55 [ultranest] [DEBUG] iteration=3676, ncalls=48776, regioncalls=2147760, ndraw=40, logz=-715.86, remainder_fraction=41.7723%, Lmin=-707.48, Lmax=-706.25
13:41:56 [ultranest] [DEBUG] iteration=3678, ncalls=48785, regioncalls=2148480, ndraw=40, logz=-715.86, remainder_fraction=41.6231%, Lmin=-707.47, Lmax=-706.25
13:41:56 [ultranest] [DEBUG] iteration=3679, ncalls=48787, regioncalls=2148560, ndraw=40, logz=-715.85, remainder_fraction=41.5450%, Lmin=-707.47, Lmax=-706.25
13:41:56 [ultranest] [DEBUG] iteration=3680, ncalls=48791, regioncalls=2148720, ndraw=40, logz=-715.85, remainder_fraction=41.4697%, Lmin=-707.47, Lmax=-706.25
13:41:56 [ultranest] [DEBUG] iteration=3681, ncalls=48801, regioncalls=2149120, ndraw=40, logz=-715.85, remainder_fraction=41.4185%, Lmin=-707.47, Lmax=-706.25
13:41:57 [ultranest] [DEBUG] iteration=3683, ncalls=48815, regioncalls=2149680, ndraw=40, logz=-715.85, remainder_fraction=41.2890%, Lmin=-707.47, Lmax=-706.25
13:41:57 [ultranest] [DEBUG] iteration=3684, ncalls=48820, regioncalls=2149880, ndraw=40, logz=-715.85, remainder_fraction=41.2055%, Lmin=-707.47, Lmax=-706.25
13:41:58 [ultranest] [DEBUG] iteration=3685, ncalls=48827, regioncalls=2150160, ndraw=40, logz=-715.85, remainder_fraction=41.1722%, Lmin=-707.47, Lmax=-706.25
13:41:58 [ultranest] [DEBUG] iteration=3686, ncalls=48829, regioncalls=2150240, ndraw=40, logz=-715.85, remainder_fraction=41.0943%, Lmin=-707.46, Lmax=-706.25
13:41:59 [ultranest] [DEBUG] iteration=3688, ncalls=48845, regioncalls=2150880, ndraw=40, logz=-715.84, remainder_fraction=40.9964%, Lmin=-707.46, Lmax=-706.25
13:41:59 [ultranest] [DEBUG] iteration=3690, ncalls=48848, regioncalls=2151000, ndraw=40, logz=-715.84, remainder_fraction=40.8937%, Lmin=-707.46, Lmax=-706.25
13:41:59 [ultranest] [DEBUG] iteration=3691, ncalls=48850, regioncalls=2151080, ndraw=40, logz=-715.84, remainder_fraction=40.8116%, Lmin=-707.46, Lmax=-706.25
13:42:00 [ultranest] [DEBUG] iteration=3692, ncalls=48872, regioncalls=2151960, ndraw=40, logz=-715.84, remainder_fraction=40.7720%, Lmin=-707.45, Lmax=-706.25
13:42:00 [ultranest] [DEBUG] iteration=3693, ncalls=48876, regioncalls=2152240, ndraw=40, logz=-715.84, remainder_fraction=40.7023%, Lmin=-707.45, Lmax=-706.25
13:42:00 [ultranest] [DEBUG] iteration=3694, ncalls=48879, regioncalls=2152360, ndraw=40, logz=-715.84, remainder_fraction=40.6751%, Lmin=-707.45, Lmax=-706.25
13:42:01 [ultranest] [DEBUG] iteration=3695, ncalls=48881, regioncalls=2152440, ndraw=40, logz=-715.84, remainder_fraction=40.6341%, Lmin=-707.45, Lmax=-706.25
13:42:01 [ultranest] [DEBUG] iteration=3696, ncalls=48887, regioncalls=2152680, ndraw=40, logz=-715.84, remainder_fraction=40.5752%, Lmin=-707.45, Lmax=-706.25
13:42:01 [ultranest] [DEBUG] iteration=3698, ncalls=48896, regioncalls=2153040, ndraw=40, logz=-715.83, remainder_fraction=40.4521%, Lmin=-707.45, Lmax=-706.25
13:42:01 [ultranest] [DEBUG] iteration=3699, ncalls=48899, regioncalls=2153160, ndraw=40, logz=-715.83, remainder_fraction=40.3803%, Lmin=-707.44, Lmax=-706.25
13:42:02 [ultranest] [DEBUG] iteration=3702, ncalls=48903, regioncalls=2153320, ndraw=40, logz=-715.83, remainder_fraction=40.2008%, Lmin=-707.44, Lmax=-706.25
13:42:02 [ultranest] [DEBUG] iteration=3703, ncalls=48909, regioncalls=2153560, ndraw=40, logz=-715.83, remainder_fraction=40.1692%, Lmin=-707.43, Lmax=-706.25
13:42:02 [ultranest] [DEBUG] iteration=3704, ncalls=48912, regioncalls=2153680, ndraw=40, logz=-715.83, remainder_fraction=40.1076%, Lmin=-707.43, Lmax=-706.25
13:42:02 [ultranest] [DEBUG] iteration=3706, ncalls=48917, regioncalls=2153880, ndraw=40, logz=-715.82, remainder_fraction=39.9581%, Lmin=-707.43, Lmax=-706.25
13:42:03 [ultranest] [DEBUG] iteration=3708, ncalls=48923, regioncalls=2154120, ndraw=40, logz=-715.82, remainder_fraction=39.8260%, Lmin=-707.42, Lmax=-706.25
13:42:03 [ultranest] [DEBUG] iteration=3709, ncalls=48937, regioncalls=2154680, ndraw=40, logz=-715.82, remainder_fraction=39.7575%, Lmin=-707.42, Lmax=-706.25
13:42:04 [ultranest] [DEBUG] iteration=3710, ncalls=48942, regioncalls=2154880, ndraw=40, logz=-715.82, remainder_fraction=39.6843%, Lmin=-707.42, Lmax=-706.25
13:42:04 [ultranest] [DEBUG] iteration=3711, ncalls=48952, regioncalls=2155280, ndraw=40, logz=-715.82, remainder_fraction=39.6165%, Lmin=-707.42, Lmax=-706.25
13:42:05 [ultranest] [DEBUG] iteration=3712, ncalls=48961, regioncalls=2155640, ndraw=40, logz=-715.82, remainder_fraction=39.5338%, Lmin=-707.42, Lmax=-706.25
13:42:05 [ultranest] [DEBUG] iteration=3713, ncalls=48966, regioncalls=2155840, ndraw=40, logz=-715.82, remainder_fraction=39.4594%, Lmin=-707.42, Lmax=-706.25
13:42:05 [ultranest] [DEBUG] iteration=3714, ncalls=48973, regioncalls=2156120, ndraw=40, logz=-715.82, remainder_fraction=39.3858%, Lmin=-707.42, Lmax=-706.25
13:42:05 [ultranest] [DEBUG] iteration=3715, ncalls=48977, regioncalls=2156280, ndraw=40, logz=-715.82, remainder_fraction=39.3156%, Lmin=-707.41, Lmax=-706.25
13:42:06 [ultranest] [DEBUG] iteration=3716, ncalls=48984, regioncalls=2156560, ndraw=40, logz=-715.81, remainder_fraction=39.2499%, Lmin=-707.40, Lmax=-706.25
13:42:06 [ultranest] [DEBUG] iteration=3717, ncalls=48991, regioncalls=2156840, ndraw=40, logz=-715.81, remainder_fraction=39.1762%, Lmin=-707.40, Lmax=-706.25
13:42:06 [ultranest] [DEBUG] iteration=3718, ncalls=49000, regioncalls=2157200, ndraw=40, logz=-715.81, remainder_fraction=39.0930%, Lmin=-707.40, Lmax=-706.25
13:42:07 [ultranest] [DEBUG] iteration=3719, ncalls=49003, regioncalls=2157320, ndraw=40, logz=-715.81, remainder_fraction=39.0172%, Lmin=-707.40, Lmax=-706.25
13:42:07 [ultranest] [DEBUG] iteration=3720, ncalls=49008, regioncalls=2157520, ndraw=40, logz=-715.81, remainder_fraction=38.9404%, Lmin=-707.40, Lmax=-706.25
13:42:07 [ultranest] [DEBUG] iteration=3722, ncalls=49010, regioncalls=2157600, ndraw=40, logz=-715.81, remainder_fraction=38.8085%, Lmin=-707.39, Lmax=-706.25
13:42:07 [ultranest] [DEBUG] iteration=3723, ncalls=49015, regioncalls=2157800, ndraw=40, logz=-715.81, remainder_fraction=38.7702%, Lmin=-707.39, Lmax=-706.25
13:42:07 [ultranest] [DEBUG] iteration=3724, ncalls=49017, regioncalls=2157880, ndraw=40, logz=-715.81, remainder_fraction=38.7346%, Lmin=-707.39, Lmax=-706.25
13:42:08 [ultranest] [DEBUG] iteration=3726, ncalls=49027, regioncalls=2158280, ndraw=40, logz=-715.80, remainder_fraction=38.6865%, Lmin=-707.39, Lmax=-706.25
13:42:08 [ultranest] [DEBUG] iteration=3728, ncalls=49033, regioncalls=2158520, ndraw=40, logz=-715.80, remainder_fraction=38.5686%, Lmin=-707.38, Lmax=-706.25
13:42:09 [ultranest] [DEBUG] iteration=3729, ncalls=49045, regioncalls=2159000, ndraw=40, logz=-715.80, remainder_fraction=38.4855%, Lmin=-707.38, Lmax=-706.25
13:42:09 [ultranest] [DEBUG] iteration=3731, ncalls=49059, regioncalls=2159560, ndraw=40, logz=-715.80, remainder_fraction=38.3429%, Lmin=-707.38, Lmax=-706.25
13:42:10 [ultranest] [DEBUG] iteration=3732, ncalls=49077, regioncalls=2160280, ndraw=40, logz=-715.80, remainder_fraction=38.2719%, Lmin=-707.38, Lmax=-706.25
13:42:11 [ultranest] [DEBUG] iteration=3733, ncalls=49094, regioncalls=2160960, ndraw=40, logz=-715.80, remainder_fraction=38.2083%, Lmin=-707.38, Lmax=-706.25
13:42:11 [ultranest] [DEBUG] iteration=3735, ncalls=49097, regioncalls=2161080, ndraw=40, logz=-715.79, remainder_fraction=38.0598%, Lmin=-707.38, Lmax=-706.25
13:42:12 [ultranest] [DEBUG] iteration=3737, ncalls=49101, regioncalls=2161240, ndraw=40, logz=-715.79, remainder_fraction=37.9044%, Lmin=-707.37, Lmax=-706.25
13:42:12 [ultranest] [DEBUG] iteration=3738, ncalls=49114, regioncalls=2161760, ndraw=40, logz=-715.79, remainder_fraction=37.8300%, Lmin=-707.37, Lmax=-706.25
13:42:13 [ultranest] [DEBUG] iteration=3739, ncalls=49121, regioncalls=2162040, ndraw=40, logz=-715.79, remainder_fraction=37.7486%, Lmin=-707.37, Lmax=-706.25
13:42:13 [ultranest] [DEBUG] iteration=3740, ncalls=49130, regioncalls=2162400, ndraw=40, logz=-715.79, remainder_fraction=37.6791%, Lmin=-707.37, Lmax=-706.25
13:42:14 [ultranest] [DEBUG] iteration=3741, ncalls=49145, regioncalls=2163000, ndraw=40, logz=-715.79, remainder_fraction=37.6034%, Lmin=-707.37, Lmax=-706.25
13:42:14 [ultranest] [DEBUG] iteration=3742, ncalls=49152, regioncalls=2163280, ndraw=40, logz=-715.79, remainder_fraction=37.5298%, Lmin=-707.37, Lmax=-706.25
13:42:14 [ultranest] [DEBUG] iteration=3743, ncalls=49158, regioncalls=2163520, ndraw=40, logz=-715.79, remainder_fraction=37.4707%, Lmin=-707.37, Lmax=-706.25
13:42:15 [ultranest] [DEBUG] iteration=3744, ncalls=49163, regioncalls=2163720, ndraw=40, logz=-715.79, remainder_fraction=37.4028%, Lmin=-707.37, Lmax=-706.25
13:42:15 [ultranest] [DEBUG] iteration=3745, ncalls=49169, regioncalls=2163960, ndraw=40, logz=-715.78, remainder_fraction=37.3619%, Lmin=-707.36, Lmax=-706.25
13:42:15 [ultranest] [DEBUG] iteration=3747, ncalls=49179, regioncalls=2164360, ndraw=40, logz=-715.78, remainder_fraction=37.2289%, Lmin=-707.36, Lmax=-706.25
13:42:16 [ultranest] [DEBUG] iteration=3748, ncalls=49188, regioncalls=2164720, ndraw=40, logz=-715.78, remainder_fraction=37.1725%, Lmin=-707.36, Lmax=-706.25
13:42:16 [ultranest] [DEBUG] iteration=3749, ncalls=49195, regioncalls=2165000, ndraw=40, logz=-715.78, remainder_fraction=37.1364%, Lmin=-707.35, Lmax=-706.25
13:42:17 [ultranest] [DEBUG] iteration=3750, ncalls=49201, regioncalls=2165240, ndraw=40, logz=-715.78, remainder_fraction=37.0690%, Lmin=-707.35, Lmax=-706.25
13:42:17 [ultranest] [DEBUG] iteration=3751, ncalls=49207, regioncalls=2165480, ndraw=40, logz=-715.78, remainder_fraction=36.9935%, Lmin=-707.35, Lmax=-706.25
13:42:17 [ultranest] [DEBUG] iteration=3752, ncalls=49209, regioncalls=2165560, ndraw=40, logz=-715.78, remainder_fraction=36.9223%, Lmin=-707.35, Lmax=-706.25
13:42:17 [ultranest] [DEBUG] iteration=3754, ncalls=49211, regioncalls=2165640, ndraw=40, logz=-715.78, remainder_fraction=36.8078%, Lmin=-707.35, Lmax=-706.25
13:42:17 [ultranest] [DEBUG] iteration=3755, ncalls=49220, regioncalls=2166000, ndraw=40, logz=-715.77, remainder_fraction=36.7443%, Lmin=-707.35, Lmax=-706.25
13:42:18 [ultranest] [DEBUG] iteration=3758, ncalls=49230, regioncalls=2166400, ndraw=40, logz=-715.77, remainder_fraction=36.5864%, Lmin=-707.34, Lmax=-706.25
13:42:18 [ultranest] [DEBUG] iteration=3759, ncalls=49236, regioncalls=2166640, ndraw=40, logz=-715.77, remainder_fraction=36.5322%, Lmin=-707.34, Lmax=-706.25
13:42:19 [ultranest] [DEBUG] iteration=3760, ncalls=49244, regioncalls=2166960, ndraw=40, logz=-715.77, remainder_fraction=36.4547%, Lmin=-707.34, Lmax=-706.25
13:42:19 [ultranest] [DEBUG] iteration=3761, ncalls=49246, regioncalls=2167040, ndraw=40, logz=-715.77, remainder_fraction=36.4248%, Lmin=-707.34, Lmax=-706.25
13:42:19 [ultranest] [DEBUG] iteration=3762, ncalls=49251, regioncalls=2167240, ndraw=40, logz=-715.77, remainder_fraction=36.3588%, Lmin=-707.34, Lmax=-706.25
13:42:20 [ultranest] [DEBUG] iteration=3764, ncalls=49258, regioncalls=2167520, ndraw=40, logz=-715.77, remainder_fraction=36.2597%, Lmin=-707.34, Lmax=-706.25
13:42:21 [ultranest] [DEBUG] iteration=3765, ncalls=49278, regioncalls=2168320, ndraw=40, logz=-715.76, remainder_fraction=36.2263%, Lmin=-707.34, Lmax=-706.25
13:42:21 [ultranest] [DEBUG] iteration=3767, ncalls=49290, regioncalls=2168800, ndraw=40, logz=-715.76, remainder_fraction=36.1487%, Lmin=-707.34, Lmax=-706.25
13:42:22 [ultranest] [DEBUG] iteration=3768, ncalls=49295, regioncalls=2169000, ndraw=40, logz=-715.76, remainder_fraction=36.0737%, Lmin=-707.34, Lmax=-706.25
13:42:22 [ultranest] [DEBUG] iteration=3769, ncalls=49307, regioncalls=2169480, ndraw=40, logz=-715.76, remainder_fraction=35.9961%, Lmin=-707.33, Lmax=-706.25
13:42:22 [ultranest] [DEBUG] iteration=3770, ncalls=49310, regioncalls=2169600, ndraw=40, logz=-715.76, remainder_fraction=35.9228%, Lmin=-707.33, Lmax=-706.25
13:42:22 [ultranest] [DEBUG] iteration=3771, ncalls=49312, regioncalls=2169680, ndraw=40, logz=-715.76, remainder_fraction=35.8747%, Lmin=-707.33, Lmax=-706.25
13:42:23 [ultranest] [DEBUG] iteration=3772, ncalls=49326, regioncalls=2170240, ndraw=40, logz=-715.76, remainder_fraction=35.8129%, Lmin=-707.33, Lmax=-706.25
13:42:23 [ultranest] [DEBUG] iteration=3773, ncalls=49330, regioncalls=2170400, ndraw=40, logz=-715.76, remainder_fraction=35.7624%, Lmin=-707.33, Lmax=-706.25
13:42:24 [ultranest] [DEBUG] iteration=3774, ncalls=49335, regioncalls=2170600, ndraw=40, logz=-715.76, remainder_fraction=35.6846%, Lmin=-707.32, Lmax=-706.25
13:42:24 [ultranest] [DEBUG] iteration=3775, ncalls=49340, regioncalls=2170800, ndraw=40, logz=-715.76, remainder_fraction=35.6100%, Lmin=-707.32, Lmax=-706.25
13:42:24 [ultranest] [DEBUG] iteration=3776, ncalls=49343, regioncalls=2170920, ndraw=40, logz=-715.75, remainder_fraction=35.5626%, Lmin=-707.32, Lmax=-706.25
13:42:24 [ultranest] [DEBUG] iteration=3777, ncalls=49347, regioncalls=2171080, ndraw=40, logz=-715.75, remainder_fraction=35.4896%, Lmin=-707.32, Lmax=-706.25
13:42:24 [ultranest] [DEBUG] iteration=3778, ncalls=49352, regioncalls=2171280, ndraw=40, logz=-715.75, remainder_fraction=35.4165%, Lmin=-707.32, Lmax=-706.25
13:42:24 [ultranest] [DEBUG] iteration=3779, ncalls=49354, regioncalls=2171360, ndraw=40, logz=-715.75, remainder_fraction=35.3437%, Lmin=-707.32, Lmax=-706.25
13:42:25 [ultranest] [DEBUG] iteration=3781, ncalls=49359, regioncalls=2171560, ndraw=40, logz=-715.75, remainder_fraction=35.2391%, Lmin=-707.31, Lmax=-706.25
13:42:25 [ultranest] [DEBUG] iteration=3782, ncalls=49371, regioncalls=2172040, ndraw=40, logz=-715.75, remainder_fraction=35.1656%, Lmin=-707.31, Lmax=-706.25
13:42:26 [ultranest] [DEBUG] iteration=3783, ncalls=49375, regioncalls=2172280, ndraw=40, logz=-715.75, remainder_fraction=35.1084%, Lmin=-707.31, Lmax=-706.25
13:42:26 [ultranest] [DEBUG] iteration=3784, ncalls=49382, regioncalls=2172640, ndraw=40, logz=-715.75, remainder_fraction=35.0396%, Lmin=-707.31, Lmax=-706.25
13:42:26 [ultranest] [DEBUG] iteration=3786, ncalls=49386, regioncalls=2172800, ndraw=40, logz=-715.75, remainder_fraction=34.9125%, Lmin=-707.30, Lmax=-706.25
13:42:26 [ultranest] [DEBUG] iteration=3787, ncalls=49390, regioncalls=2172960, ndraw=40, logz=-715.74, remainder_fraction=34.8489%, Lmin=-707.30, Lmax=-706.25
13:42:27 [ultranest] [DEBUG] iteration=3788, ncalls=49395, regioncalls=2173160, ndraw=40, logz=-715.74, remainder_fraction=34.7895%, Lmin=-707.30, Lmax=-706.25
13:42:27 [ultranest] [DEBUG] iteration=3789, ncalls=49399, regioncalls=2173320, ndraw=40, logz=-715.74, remainder_fraction=34.7345%, Lmin=-707.30, Lmax=-706.25
13:42:28 [ultranest] [DEBUG] iteration=3790, ncalls=49414, regioncalls=2173920, ndraw=40, logz=-715.74, remainder_fraction=34.6986%, Lmin=-707.30, Lmax=-706.25
13:42:28 [ultranest] [DEBUG] iteration=3791, ncalls=49419, regioncalls=2174120, ndraw=40, logz=-715.74, remainder_fraction=34.6423%, Lmin=-707.30, Lmax=-706.25
13:42:28 [ultranest] [DEBUG] iteration=3792, ncalls=49423, regioncalls=2174280, ndraw=40, logz=-715.74, remainder_fraction=34.5933%, Lmin=-707.30, Lmax=-706.25
13:42:28 [ultranest] [DEBUG] iteration=3793, ncalls=49428, regioncalls=2174480, ndraw=40, logz=-715.74, remainder_fraction=34.5274%, Lmin=-707.30, Lmax=-706.25
13:42:28 [ultranest] [DEBUG] iteration=3795, ncalls=49434, regioncalls=2174720, ndraw=40, logz=-715.74, remainder_fraction=34.4095%, Lmin=-707.30, Lmax=-706.25
13:42:29 [ultranest] [DEBUG] iteration=3796, ncalls=49438, regioncalls=2174880, ndraw=40, logz=-715.74, remainder_fraction=34.3344%, Lmin=-707.30, Lmax=-706.25
13:42:29 [ultranest] [DEBUG] iteration=3797, ncalls=49441, regioncalls=2175000, ndraw=40, logz=-715.74, remainder_fraction=34.2632%, Lmin=-707.30, Lmax=-706.25
13:42:29 [ultranest] [DEBUG] iteration=3798, ncalls=49446, regioncalls=2175200, ndraw=40, logz=-715.73, remainder_fraction=34.1930%, Lmin=-707.29, Lmax=-706.25
13:42:29 [ultranest] [DEBUG] iteration=3799, ncalls=49452, regioncalls=2175440, ndraw=40, logz=-715.73, remainder_fraction=34.1175%, Lmin=-707.29, Lmax=-706.25
13:42:30 [ultranest] [DEBUG] iteration=3800, ncalls=49455, regioncalls=2175560, ndraw=40, logz=-715.73, remainder_fraction=34.0624%, Lmin=-707.29, Lmax=-706.25
13:42:30 [ultranest] [DEBUG] iteration=3801, ncalls=49457, regioncalls=2175640, ndraw=40, logz=-715.73, remainder_fraction=33.9932%, Lmin=-707.29, Lmax=-706.25
13:42:30 [ultranest] [DEBUG] iteration=3804, ncalls=49471, regioncalls=2176200, ndraw=40, logz=-715.73, remainder_fraction=33.8218%, Lmin=-707.29, Lmax=-706.25
13:42:31 [ultranest] [DEBUG] iteration=3805, ncalls=49490, regioncalls=2176960, ndraw=40, logz=-715.73, remainder_fraction=33.7492%, Lmin=-707.29, Lmax=-706.25
13:42:32 [ultranest] [DEBUG] iteration=3806, ncalls=49500, regioncalls=2177360, ndraw=40, logz=-715.73, remainder_fraction=33.6891%, Lmin=-707.29, Lmax=-706.25
13:42:32 [ultranest] [DEBUG] iteration=3807, ncalls=49505, regioncalls=2177560, ndraw=40, logz=-715.73, remainder_fraction=33.6282%, Lmin=-707.29, Lmax=-706.25
13:42:32 [ultranest] [DEBUG] iteration=3808, ncalls=49510, regioncalls=2177760, ndraw=40, logz=-715.73, remainder_fraction=33.5790%, Lmin=-707.28, Lmax=-706.25
13:42:33 [ultranest] [DEBUG] iteration=3810, ncalls=49513, regioncalls=2177880, ndraw=40, logz=-715.72, remainder_fraction=33.4866%, Lmin=-707.28, Lmax=-706.25
13:42:33 [ultranest] [DEBUG] iteration=3811, ncalls=49522, regioncalls=2178240, ndraw=40, logz=-715.72, remainder_fraction=33.4284%, Lmin=-707.28, Lmax=-706.25
13:42:33 [ultranest] [DEBUG] iteration=3812, ncalls=49525, regioncalls=2178360, ndraw=40, logz=-715.72, remainder_fraction=33.3664%, Lmin=-707.28, Lmax=-706.25
13:42:34 [ultranest] [DEBUG] iteration=3813, ncalls=49532, regioncalls=2178640, ndraw=40, logz=-715.72, remainder_fraction=33.3136%, Lmin=-707.28, Lmax=-706.25
13:42:34 [ultranest] [DEBUG] iteration=3814, ncalls=49542, regioncalls=2179040, ndraw=40, logz=-715.72, remainder_fraction=33.2590%, Lmin=-707.28, Lmax=-706.25
13:42:34 [ultranest] [DEBUG] iteration=3815, ncalls=49544, regioncalls=2179120, ndraw=40, logz=-715.72, remainder_fraction=33.1990%, Lmin=-707.28, Lmax=-706.25
13:42:35 [ultranest] [DEBUG] iteration=3816, ncalls=49558, regioncalls=2179680, ndraw=40, logz=-715.72, remainder_fraction=33.1249%, Lmin=-707.28, Lmax=-706.25
13:42:35 [ultranest] [DEBUG] iteration=3817, ncalls=49566, regioncalls=2180000, ndraw=40, logz=-715.72, remainder_fraction=33.0766%, Lmin=-707.28, Lmax=-706.25
13:42:36 [ultranest] [DEBUG] iteration=3818, ncalls=49573, regioncalls=2180280, ndraw=40, logz=-715.72, remainder_fraction=33.0379%, Lmin=-707.28, Lmax=-706.25
13:42:36 [ultranest] [DEBUG] iteration=3819, ncalls=49582, regioncalls=2180640, ndraw=40, logz=-715.72, remainder_fraction=32.9640%, Lmin=-707.28, Lmax=-706.25
13:42:37 [ultranest] [DEBUG] iteration=3821, ncalls=49592, regioncalls=2181040, ndraw=40, logz=-715.71, remainder_fraction=32.8237%, Lmin=-707.28, Lmax=-706.25
13:42:37 [ultranest] [DEBUG] iteration=3822, ncalls=49594, regioncalls=2181120, ndraw=40, logz=-715.71, remainder_fraction=32.7504%, Lmin=-707.27, Lmax=-706.25
13:42:37 [ultranest] [DEBUG] iteration=3823, ncalls=49605, regioncalls=2181560, ndraw=40, logz=-715.71, remainder_fraction=32.7205%, Lmin=-707.27, Lmax=-706.25
13:42:38 [ultranest] [DEBUG] iteration=3824, ncalls=49612, regioncalls=2181840, ndraw=40, logz=-715.71, remainder_fraction=32.6496%, Lmin=-707.27, Lmax=-706.25
13:42:38 [ultranest] [DEBUG] iteration=3826, ncalls=49621, regioncalls=2182200, ndraw=40, logz=-715.71, remainder_fraction=32.5594%, Lmin=-707.27, Lmax=-706.25
13:42:38 [ultranest] [DEBUG] iteration=3827, ncalls=49626, regioncalls=2182400, ndraw=40, logz=-715.71, remainder_fraction=32.4919%, Lmin=-707.27, Lmax=-706.25
13:42:39 [ultranest] [DEBUG] iteration=3828, ncalls=49628, regioncalls=2182480, ndraw=40, logz=-715.71, remainder_fraction=32.4632%, Lmin=-707.27, Lmax=-706.25
13:42:39 [ultranest] [DEBUG] iteration=3829, ncalls=49634, regioncalls=2182720, ndraw=40, logz=-715.71, remainder_fraction=32.4028%, Lmin=-707.27, Lmax=-706.25
13:42:39 [ultranest] [DEBUG] iteration=3831, ncalls=49646, regioncalls=2183200, ndraw=40, logz=-715.71, remainder_fraction=32.3045%, Lmin=-707.27, Lmax=-706.25
13:42:40 [ultranest] [DEBUG] iteration=3832, ncalls=49657, regioncalls=2183640, ndraw=40, logz=-715.71, remainder_fraction=32.2493%, Lmin=-707.26, Lmax=-706.25
13:42:41 [ultranest] [DEBUG] iteration=3833, ncalls=49671, regioncalls=2184200, ndraw=40, logz=-715.70, remainder_fraction=32.2160%, Lmin=-707.26, Lmax=-706.25
13:42:42 [ultranest] [DEBUG] iteration=3834, ncalls=49693, regioncalls=2185080, ndraw=40, logz=-715.70, remainder_fraction=32.1738%, Lmin=-707.26, Lmax=-706.25
13:42:42 [ultranest] [DEBUG] iteration=3835, ncalls=49697, regioncalls=2185240, ndraw=40, logz=-715.70, remainder_fraction=32.1021%, Lmin=-707.26, Lmax=-706.25
13:42:42 [ultranest] [DEBUG] iteration=3837, ncalls=49705, regioncalls=2185560, ndraw=40, logz=-715.70, remainder_fraction=31.9973%, Lmin=-707.26, Lmax=-706.25
13:42:43 [ultranest] [DEBUG] iteration=3838, ncalls=49712, regioncalls=2185840, ndraw=40, logz=-715.70, remainder_fraction=31.9316%, Lmin=-707.25, Lmax=-706.25
13:42:43 [ultranest] [DEBUG] iteration=3839, ncalls=49724, regioncalls=2186320, ndraw=40, logz=-715.70, remainder_fraction=31.8711%, Lmin=-707.25, Lmax=-706.25
13:42:44 [ultranest] [DEBUG] iteration=3840, ncalls=49728, regioncalls=2186480, ndraw=40, logz=-715.70, remainder_fraction=31.8304%, Lmin=-707.25, Lmax=-706.25
13:42:44 [ultranest] [DEBUG] iteration=3841, ncalls=49731, regioncalls=2186600, ndraw=40, logz=-715.70, remainder_fraction=31.7617%, Lmin=-707.25, Lmax=-706.25
13:42:44 [ultranest] [DEBUG] iteration=3842, ncalls=49734, regioncalls=2186720, ndraw=40, logz=-715.70, remainder_fraction=31.7371%, Lmin=-707.25, Lmax=-706.25
13:42:44 [ultranest] [DEBUG] iteration=3844, ncalls=49745, regioncalls=2187160, ndraw=40, logz=-715.70, remainder_fraction=31.6318%, Lmin=-707.24, Lmax=-706.25
13:42:45 [ultranest] [DEBUG] iteration=3845, ncalls=49766, regioncalls=2188000, ndraw=40, logz=-715.69, remainder_fraction=31.5746%, Lmin=-707.24, Lmax=-706.24
13:42:46 [ultranest] [DEBUG] iteration=3846, ncalls=49774, regioncalls=2188320, ndraw=40, logz=-715.69, remainder_fraction=31.5483%, Lmin=-707.24, Lmax=-706.24
13:42:46 [ultranest] [DEBUG] iteration=3847, ncalls=49782, regioncalls=2188640, ndraw=40, logz=-715.69, remainder_fraction=31.5421%, Lmin=-707.24, Lmax=-706.24
13:42:46 [ultranest] [DEBUG] iteration=3848, ncalls=49788, regioncalls=2188880, ndraw=40, logz=-715.69, remainder_fraction=31.4851%, Lmin=-707.24, Lmax=-706.24
13:42:47 [ultranest] [DEBUG] iteration=3849, ncalls=49794, regioncalls=2189120, ndraw=40, logz=-715.69, remainder_fraction=31.4158%, Lmin=-707.24, Lmax=-706.24
13:42:47 [ultranest] [DEBUG] iteration=3851, ncalls=49802, regioncalls=2189440, ndraw=40, logz=-715.69, remainder_fraction=31.3035%, Lmin=-707.24, Lmax=-706.24
13:42:47 [ultranest] [DEBUG] iteration=3853, ncalls=49808, regioncalls=2189680, ndraw=40, logz=-715.69, remainder_fraction=31.1805%, Lmin=-707.23, Lmax=-706.24
13:42:48 [ultranest] [DEBUG] iteration=3854, ncalls=49812, regioncalls=2189840, ndraw=40, logz=-715.69, remainder_fraction=31.1150%, Lmin=-707.23, Lmax=-706.24
13:42:48 [ultranest] [DEBUG] iteration=3855, ncalls=49816, regioncalls=2190000, ndraw=40, logz=-715.69, remainder_fraction=31.1005%, Lmin=-707.23, Lmax=-706.24
13:42:48 [ultranest] [DEBUG] iteration=3856, ncalls=49824, regioncalls=2190320, ndraw=40, logz=-715.69, remainder_fraction=31.0357%, Lmin=-707.23, Lmax=-706.24
13:42:49 [ultranest] [DEBUG] iteration=3857, ncalls=49833, regioncalls=2190680, ndraw=40, logz=-715.69, remainder_fraction=30.9667%, Lmin=-707.23, Lmax=-706.24
13:42:49 [ultranest] [DEBUG] iteration=3858, ncalls=49837, regioncalls=2190840, ndraw=40, logz=-715.68, remainder_fraction=30.9186%, Lmin=-707.22, Lmax=-706.24
13:42:49 [ultranest] [DEBUG] iteration=3859, ncalls=49839, regioncalls=2190920, ndraw=40, logz=-715.68, remainder_fraction=30.8587%, Lmin=-707.22, Lmax=-706.24
13:42:49 [ultranest] [DEBUG] iteration=3860, ncalls=49843, regioncalls=2191080, ndraw=40, logz=-715.68, remainder_fraction=30.7889%, Lmin=-707.22, Lmax=-706.24
13:42:50 [ultranest] [DEBUG] iteration=3861, ncalls=49854, regioncalls=2191520, ndraw=40, logz=-715.68, remainder_fraction=30.7564%, Lmin=-707.22, Lmax=-706.24
13:42:50 [ultranest] [DEBUG] iteration=3863, ncalls=49861, regioncalls=2191800, ndraw=40, logz=-715.68, remainder_fraction=30.6308%, Lmin=-707.22, Lmax=-706.24
13:42:51 [ultranest] [DEBUG] iteration=3864, ncalls=49871, regioncalls=2192200, ndraw=40, logz=-715.68, remainder_fraction=30.5906%, Lmin=-707.22, Lmax=-706.24
13:42:51 [ultranest] [DEBUG] iteration=3865, ncalls=49879, regioncalls=2192520, ndraw=40, logz=-715.68, remainder_fraction=30.5300%, Lmin=-707.22, Lmax=-706.24
13:42:51 [ultranest] [DEBUG] iteration=3866, ncalls=49881, regioncalls=2192600, ndraw=40, logz=-715.68, remainder_fraction=30.4784%, Lmin=-707.22, Lmax=-706.24
13:42:52 [ultranest] [DEBUG] iteration=3867, ncalls=49902, regioncalls=2193440, ndraw=40, logz=-715.68, remainder_fraction=30.4167%, Lmin=-707.22, Lmax=-706.24
13:42:52 [ultranest] [DEBUG] iteration=3869, ncalls=49909, regioncalls=2193720, ndraw=40, logz=-715.68, remainder_fraction=30.3127%, Lmin=-707.21, Lmax=-706.24
13:42:53 [ultranest] [DEBUG] iteration=3870, ncalls=49913, regioncalls=2193880, ndraw=40, logz=-715.68, remainder_fraction=30.2498%, Lmin=-707.21, Lmax=-706.24
13:42:53 [ultranest] [DEBUG] iteration=3871, ncalls=49921, regioncalls=2194200, ndraw=40, logz=-715.67, remainder_fraction=30.1844%, Lmin=-707.21, Lmax=-706.24
13:42:54 [ultranest] [DEBUG] iteration=3873, ncalls=49934, regioncalls=2194720, ndraw=40, logz=-715.67, remainder_fraction=30.0967%, Lmin=-707.21, Lmax=-706.24
13:42:55 [ultranest] [DEBUG] iteration=3874, ncalls=49956, regioncalls=2195600, ndraw=40, logz=-715.67, remainder_fraction=30.0461%, Lmin=-707.21, Lmax=-706.24
13:42:55 [ultranest] [DEBUG] iteration=3875, ncalls=49958, regioncalls=2195680, ndraw=40, logz=-715.67, remainder_fraction=29.9909%, Lmin=-707.21, Lmax=-706.24
13:42:55 [ultranest] [DEBUG] iteration=3876, ncalls=49961, regioncalls=2195800, ndraw=40, logz=-715.67, remainder_fraction=29.9337%, Lmin=-707.21, Lmax=-706.24
13:42:55 [ultranest] [DEBUG] iteration=3877, ncalls=49966, regioncalls=2196000, ndraw=40, logz=-715.67, remainder_fraction=29.8826%, Lmin=-707.21, Lmax=-706.24
13:42:55 [ultranest] [DEBUG] iteration=3878, ncalls=49969, regioncalls=2196120, ndraw=40, logz=-715.67, remainder_fraction=29.8214%, Lmin=-707.21, Lmax=-706.24
13:42:56 [ultranest] [DEBUG] iteration=3879, ncalls=49974, regioncalls=2196320, ndraw=40, logz=-715.67, remainder_fraction=29.7569%, Lmin=-707.21, Lmax=-706.19
13:42:56 [ultranest] [DEBUG] iteration=3881, ncalls=49982, regioncalls=2196640, ndraw=40, logz=-715.67, remainder_fraction=29.6953%, Lmin=-707.21, Lmax=-706.19
13:42:57 [ultranest] [DEBUG] iteration=3882, ncalls=49991, regioncalls=2197000, ndraw=40, logz=-715.67, remainder_fraction=29.6499%, Lmin=-707.20, Lmax=-706.19
13:42:57 [ultranest] [DEBUG] iteration=3883, ncalls=49998, regioncalls=2197280, ndraw=40, logz=-715.67, remainder_fraction=29.5943%, Lmin=-707.20, Lmax=-706.19
13:42:57 [ultranest] [DEBUG] iteration=3884, ncalls=50001, regioncalls=2197400, ndraw=40, logz=-715.66, remainder_fraction=29.5377%, Lmin=-707.20, Lmax=-706.19
13:42:57 [ultranest] [DEBUG] iteration=3885, ncalls=50009, regioncalls=2197720, ndraw=40, logz=-715.66, remainder_fraction=29.4995%, Lmin=-707.20, Lmax=-706.19
13:42:58 [ultranest] [DEBUG] iteration=3886, ncalls=50012, regioncalls=2197840, ndraw=40, logz=-715.66, remainder_fraction=29.4522%, Lmin=-707.20, Lmax=-706.19
13:42:58 [ultranest] [DEBUG] iteration=3888, ncalls=50022, regioncalls=2198240, ndraw=40, logz=-715.66, remainder_fraction=29.3361%, Lmin=-707.20, Lmax=-706.19
13:42:59 [ultranest] [DEBUG] iteration=3890, ncalls=50046, regioncalls=2199200, ndraw=40, logz=-715.66, remainder_fraction=29.2123%, Lmin=-707.20, Lmax=-706.19
13:43:00 [ultranest] [DEBUG] iteration=3891, ncalls=50051, regioncalls=2199400, ndraw=40, logz=-715.66, remainder_fraction=29.1729%, Lmin=-707.19, Lmax=-706.19
13:43:00 [ultranest] [DEBUG] iteration=3892, ncalls=50058, regioncalls=2199680, ndraw=40, logz=-715.66, remainder_fraction=29.1303%, Lmin=-707.19, Lmax=-706.19
13:43:00 [ultranest] [DEBUG] iteration=3893, ncalls=50068, regioncalls=2200080, ndraw=40, logz=-715.66, remainder_fraction=29.0652%, Lmin=-707.19, Lmax=-706.19
13:43:01 [ultranest] [DEBUG] iteration=3894, ncalls=50072, regioncalls=2200240, ndraw=40, logz=-715.66, remainder_fraction=29.0094%, Lmin=-707.19, Lmax=-706.19
13:43:01 [ultranest] [DEBUG] iteration=3896, ncalls=50084, regioncalls=2200720, ndraw=40, logz=-715.66, remainder_fraction=28.9069%, Lmin=-707.19, Lmax=-706.19
13:43:01 [ultranest] [DEBUG] iteration=3897, ncalls=50089, regioncalls=2200920, ndraw=40, logz=-715.66, remainder_fraction=28.8412%, Lmin=-707.19, Lmax=-706.19
13:43:02 [ultranest] [DEBUG] iteration=3898, ncalls=50091, regioncalls=2201000, ndraw=40, logz=-715.65, remainder_fraction=28.7991%, Lmin=-707.19, Lmax=-706.19
13:43:02 [ultranest] [DEBUG] iteration=3900, ncalls=50103, regioncalls=2201480, ndraw=40, logz=-715.65, remainder_fraction=28.6998%, Lmin=-707.19, Lmax=-706.19
13:43:03 [ultranest] [DEBUG] iteration=3901, ncalls=50117, regioncalls=2202040, ndraw=40, logz=-715.65, remainder_fraction=28.6507%, Lmin=-707.19, Lmax=-706.19
13:43:03 [ultranest] [DEBUG] iteration=3902, ncalls=50120, regioncalls=2202160, ndraw=40, logz=-715.65, remainder_fraction=28.5981%, Lmin=-707.19, Lmax=-706.19
13:43:03 [ultranest] [DEBUG] iteration=3903, ncalls=50124, regioncalls=2202320, ndraw=40, logz=-715.65, remainder_fraction=28.5447%, Lmin=-707.19, Lmax=-706.19
13:43:04 [ultranest] [DEBUG] iteration=3904, ncalls=50131, regioncalls=2202600, ndraw=40, logz=-715.65, remainder_fraction=28.4890%, Lmin=-707.19, Lmax=-706.19
13:43:04 [ultranest] [DEBUG] iteration=3905, ncalls=50137, regioncalls=2202840, ndraw=40, logz=-715.65, remainder_fraction=28.4591%, Lmin=-707.19, Lmax=-706.19
13:43:04 [ultranest] [DEBUG] iteration=3907, ncalls=50146, regioncalls=2203200, ndraw=40, logz=-715.65, remainder_fraction=28.3448%, Lmin=-707.18, Lmax=-706.19
13:43:05 [ultranest] [DEBUG] iteration=3908, ncalls=50160, regioncalls=2203760, ndraw=40, logz=-715.65, remainder_fraction=28.3376%, Lmin=-707.18, Lmax=-706.19
13:43:05 [ultranest] [DEBUG] iteration=3909, ncalls=50169, regioncalls=2204120, ndraw=40, logz=-715.65, remainder_fraction=28.2755%, Lmin=-707.18, Lmax=-706.19
13:43:06 [ultranest] [DEBUG] iteration=3910, ncalls=50174, regioncalls=2204320, ndraw=40, logz=-715.65, remainder_fraction=28.2308%, Lmin=-707.18, Lmax=-706.19
13:43:07 [ultranest] [DEBUG] iteration=3911, ncalls=50194, regioncalls=2205120, ndraw=40, logz=-715.65, remainder_fraction=28.1683%, Lmin=-707.18, Lmax=-706.19
13:43:07 [ultranest] [DEBUG] iteration=3912, ncalls=50205, regioncalls=2205560, ndraw=40, logz=-715.64, remainder_fraction=28.1074%, Lmin=-707.18, Lmax=-706.19
13:43:08 [ultranest] [DEBUG] iteration=3914, ncalls=50217, regioncalls=2206040, ndraw=40, logz=-715.64, remainder_fraction=27.9953%, Lmin=-707.18, Lmax=-706.19
13:43:08 [ultranest] [DEBUG] iteration=3915, ncalls=50223, regioncalls=2206280, ndraw=40, logz=-715.64, remainder_fraction=27.9312%, Lmin=-707.17, Lmax=-706.19
13:43:09 [ultranest] [DEBUG] iteration=3916, ncalls=50243, regioncalls=2207080, ndraw=40, logz=-715.64, remainder_fraction=27.9102%, Lmin=-707.17, Lmax=-706.19
13:43:10 [ultranest] [DEBUG] iteration=3918, ncalls=50258, regioncalls=2207680, ndraw=40, logz=-715.64, remainder_fraction=27.8136%, Lmin=-707.17, Lmax=-706.19
13:43:10 [ultranest] [DEBUG] iteration=3919, ncalls=50264, regioncalls=2207920, ndraw=40, logz=-715.64, remainder_fraction=27.7568%, Lmin=-707.17, Lmax=-706.19
13:43:10 [ultranest] [DEBUG] iteration=3920, ncalls=50270, regioncalls=2208160, ndraw=40, logz=-715.64, remainder_fraction=27.7039%, Lmin=-707.17, Lmax=-706.19
13:43:11 [ultranest] [DEBUG] iteration=3921, ncalls=50286, regioncalls=2208800, ndraw=40, logz=-715.64, remainder_fraction=27.6700%, Lmin=-707.17, Lmax=-706.19
13:43:12 [ultranest] [DEBUG] iteration=3922, ncalls=50296, regioncalls=2209200, ndraw=40, logz=-715.64, remainder_fraction=27.6284%, Lmin=-707.17, Lmax=-706.19
13:43:13 [ultranest] [DEBUG] iteration=3924, ncalls=50317, regioncalls=2210040, ndraw=40, logz=-715.64, remainder_fraction=27.5188%, Lmin=-707.17, Lmax=-706.19
13:43:13 [ultranest] [DEBUG] iteration=3925, ncalls=50319, regioncalls=2210120, ndraw=40, logz=-715.64, remainder_fraction=27.5008%, Lmin=-707.17, Lmax=-706.19
13:43:13 [ultranest] [DEBUG] iteration=3926, ncalls=50327, regioncalls=2210440, ndraw=40, logz=-715.64, remainder_fraction=27.4741%, Lmin=-707.17, Lmax=-706.19
13:43:14 [ultranest] [DEBUG] iteration=3927, ncalls=50331, regioncalls=2210600, ndraw=40, logz=-715.63, remainder_fraction=27.4266%, Lmin=-707.17, Lmax=-706.19
13:43:14 [ultranest] [DEBUG] iteration=3929, ncalls=50338, regioncalls=2210880, ndraw=40, logz=-715.63, remainder_fraction=27.3080%, Lmin=-707.16, Lmax=-706.19
13:43:15 [ultranest] [DEBUG] iteration=3930, ncalls=50352, regioncalls=2211440, ndraw=40, logz=-715.63, remainder_fraction=27.2640%, Lmin=-707.16, Lmax=-706.19
13:43:15 [ultranest] [DEBUG] iteration=3931, ncalls=50357, regioncalls=2211640, ndraw=40, logz=-715.63, remainder_fraction=27.2248%, Lmin=-707.16, Lmax=-706.19
13:43:16 [ultranest] [DEBUG] iteration=3932, ncalls=50374, regioncalls=2212320, ndraw=40, logz=-715.63, remainder_fraction=27.1928%, Lmin=-707.16, Lmax=-706.19
13:43:16 [ultranest] [DEBUG] iteration=3933, ncalls=50382, regioncalls=2212640, ndraw=40, logz=-715.63, remainder_fraction=27.1827%, Lmin=-707.16, Lmax=-706.19
13:43:17 [ultranest] [DEBUG] iteration=3934, ncalls=50388, regioncalls=2212880, ndraw=40, logz=-715.63, remainder_fraction=27.1292%, Lmin=-707.16, Lmax=-706.19
13:43:17 [ultranest] [DEBUG] iteration=3936, ncalls=50396, regioncalls=2213200, ndraw=40, logz=-715.63, remainder_fraction=27.0849%, Lmin=-707.15, Lmax=-706.19
13:43:17 [ultranest] [DEBUG] iteration=3937, ncalls=50405, regioncalls=2213560, ndraw=40, logz=-715.63, remainder_fraction=27.0262%, Lmin=-707.15, Lmax=-706.19
13:43:18 [ultranest] [DEBUG] iteration=3938, ncalls=50408, regioncalls=2213680, ndraw=40, logz=-715.63, remainder_fraction=26.9776%, Lmin=-707.15, Lmax=-706.19
13:43:18 [ultranest] [DEBUG] iteration=3939, ncalls=50415, regioncalls=2213960, ndraw=40, logz=-715.63, remainder_fraction=26.9330%, Lmin=-707.15, Lmax=-706.19
13:43:19 [ultranest] [DEBUG] iteration=3940, ncalls=50426, regioncalls=2214400, ndraw=40, logz=-715.63, remainder_fraction=26.9026%, Lmin=-707.15, Lmax=-706.19
13:43:19 [ultranest] [DEBUG] iteration=3941, ncalls=50433, regioncalls=2214680, ndraw=40, logz=-715.63, remainder_fraction=26.8453%, Lmin=-707.15, Lmax=-706.19
13:43:19 [ultranest] [DEBUG] iteration=3942, ncalls=50439, regioncalls=2214920, ndraw=40, logz=-715.62, remainder_fraction=26.7951%, Lmin=-707.15, Lmax=-706.19
13:43:19 [ultranest] [DEBUG] iteration=3943, ncalls=50444, regioncalls=2215120, ndraw=40, logz=-715.62, remainder_fraction=26.7503%, Lmin=-707.14, Lmax=-706.19
13:43:20 [ultranest] [DEBUG] iteration=3944, ncalls=50453, regioncalls=2215480, ndraw=40, logz=-715.62, remainder_fraction=26.7157%, Lmin=-707.14, Lmax=-706.19
13:43:20 [ultranest] [DEBUG] iteration=3945, ncalls=50455, regioncalls=2215560, ndraw=40, logz=-715.62, remainder_fraction=26.6671%, Lmin=-707.14, Lmax=-706.19
13:43:21 [ultranest] [DEBUG] iteration=3946, ncalls=50466, regioncalls=2216000, ndraw=40, logz=-715.62, remainder_fraction=26.6165%, Lmin=-707.14, Lmax=-706.19
13:43:22 [ultranest] [DEBUG] iteration=3947, ncalls=50492, regioncalls=2217040, ndraw=40, logz=-715.62, remainder_fraction=26.5758%, Lmin=-707.14, Lmax=-706.19
13:43:23 [ultranest] [DEBUG] iteration=3948, ncalls=50505, regioncalls=2217560, ndraw=40, logz=-715.62, remainder_fraction=26.5223%, Lmin=-707.13, Lmax=-706.19
13:43:23 [ultranest] [DEBUG] iteration=3949, ncalls=50517, regioncalls=2218040, ndraw=40, logz=-715.62, remainder_fraction=26.4655%, Lmin=-707.13, Lmax=-706.19
13:43:24 [ultranest] [DEBUG] iteration=3950, ncalls=50529, regioncalls=2218520, ndraw=40, logz=-715.62, remainder_fraction=26.4059%, Lmin=-707.13, Lmax=-706.19
13:43:24 [ultranest] [DEBUG] iteration=3951, ncalls=50539, regioncalls=2218920, ndraw=40, logz=-715.62, remainder_fraction=26.3932%, Lmin=-707.13, Lmax=-706.19
13:43:25 [ultranest] [DEBUG] iteration=3952, ncalls=50549, regioncalls=2219320, ndraw=40, logz=-715.62, remainder_fraction=26.3352%, Lmin=-707.13, Lmax=-706.19
13:43:25 [ultranest] [DEBUG] iteration=3954, ncalls=50561, regioncalls=2219800, ndraw=40, logz=-715.62, remainder_fraction=26.2574%, Lmin=-707.12, Lmax=-706.19
13:43:27 [ultranest] [DEBUG] iteration=3955, ncalls=50585, regioncalls=2220760, ndraw=40, logz=-715.62, remainder_fraction=26.1979%, Lmin=-707.12, Lmax=-706.19
13:43:27 [ultranest] [DEBUG] iteration=3957, ncalls=50590, regioncalls=2220960, ndraw=40, logz=-715.62, remainder_fraction=26.0838%, Lmin=-707.12, Lmax=-706.19
13:43:27 [ultranest] [DEBUG] iteration=3959, ncalls=50602, regioncalls=2221440, ndraw=40, logz=-715.61, remainder_fraction=25.9968%, Lmin=-707.11, Lmax=-706.19
13:43:28 [ultranest] [DEBUG] iteration=3960, ncalls=50607, regioncalls=2221640, ndraw=40, logz=-715.61, remainder_fraction=25.9504%, Lmin=-707.11, Lmax=-706.19
13:43:28 [ultranest] [DEBUG] iteration=3961, ncalls=50610, regioncalls=2221760, ndraw=40, logz=-715.61, remainder_fraction=25.9211%, Lmin=-707.11, Lmax=-706.19
13:43:28 [ultranest] [DEBUG] iteration=3962, ncalls=50617, regioncalls=2222040, ndraw=40, logz=-715.61, remainder_fraction=25.8692%, Lmin=-707.11, Lmax=-706.19
13:43:29 [ultranest] [DEBUG] iteration=3963, ncalls=50641, regioncalls=2223120, ndraw=40, logz=-715.61, remainder_fraction=25.8101%, Lmin=-707.11, Lmax=-706.19
13:43:30 [ultranest] [DEBUG] iteration=3964, ncalls=50651, regioncalls=2223520, ndraw=40, logz=-715.61, remainder_fraction=25.7550%, Lmin=-707.10, Lmax=-706.19
13:43:30 [ultranest] [DEBUG] iteration=3965, ncalls=50654, regioncalls=2223640, ndraw=40, logz=-715.61, remainder_fraction=25.7301%, Lmin=-707.10, Lmax=-706.19
13:43:30 [ultranest] [DEBUG] iteration=3966, ncalls=50656, regioncalls=2223720, ndraw=40, logz=-715.61, remainder_fraction=25.6906%, Lmin=-707.10, Lmax=-706.19
13:43:30 [ultranest] [DEBUG] iteration=3968, ncalls=50660, regioncalls=2223880, ndraw=40, logz=-715.61, remainder_fraction=25.6051%, Lmin=-707.10, Lmax=-706.19
13:43:30 [ultranest] [DEBUG] iteration=3969, ncalls=50661, regioncalls=2223920, ndraw=40, logz=-715.61, remainder_fraction=25.5482%, Lmin=-707.10, Lmax=-706.19
13:43:31 [ultranest] [DEBUG] iteration=3970, ncalls=50665, regioncalls=2224080, ndraw=40, logz=-715.61, remainder_fraction=25.4919%, Lmin=-707.09, Lmax=-706.19
13:43:31 [ultranest] [DEBUG] iteration=3971, ncalls=50673, regioncalls=2224400, ndraw=40, logz=-715.61, remainder_fraction=25.4333%, Lmin=-707.09, Lmax=-706.19
13:43:31 [ultranest] [DEBUG] iteration=3973, ncalls=50675, regioncalls=2224480, ndraw=40, logz=-715.61, remainder_fraction=25.3467%, Lmin=-707.09, Lmax=-706.19
13:43:32 [ultranest] [DEBUG] iteration=3974, ncalls=50686, regioncalls=2224920, ndraw=40, logz=-715.60, remainder_fraction=25.3024%, Lmin=-707.09, Lmax=-706.19
13:43:32 [ultranest] [DEBUG] iteration=3975, ncalls=50698, regioncalls=2225400, ndraw=40, logz=-715.60, remainder_fraction=25.2464%, Lmin=-707.09, Lmax=-706.19
13:43:33 [ultranest] [DEBUG] iteration=3976, ncalls=50708, regioncalls=2225800, ndraw=40, logz=-715.60, remainder_fraction=25.1951%, Lmin=-707.09, Lmax=-706.19
13:43:33 [ultranest] [DEBUG] iteration=3977, ncalls=50712, regioncalls=2225960, ndraw=40, logz=-715.60, remainder_fraction=25.1390%, Lmin=-707.09, Lmax=-706.19
13:43:33 [ultranest] [DEBUG] iteration=3979, ncalls=50715, regioncalls=2226080, ndraw=40, logz=-715.60, remainder_fraction=25.0347%, Lmin=-707.09, Lmax=-706.19
13:43:33 [ultranest] [DEBUG] iteration=3981, ncalls=50719, regioncalls=2226240, ndraw=40, logz=-715.60, remainder_fraction=24.9226%, Lmin=-707.09, Lmax=-706.19
13:43:34 [ultranest] [DEBUG] iteration=3982, ncalls=50737, regioncalls=2226960, ndraw=40, logz=-715.60, remainder_fraction=24.8745%, Lmin=-707.09, Lmax=-706.19
13:43:35 [ultranest] [DEBUG] iteration=3984, ncalls=50747, regioncalls=2227360, ndraw=40, logz=-715.60, remainder_fraction=24.7792%, Lmin=-707.09, Lmax=-706.19
13:43:35 [ultranest] [DEBUG] iteration=3985, ncalls=50758, regioncalls=2227800, ndraw=40, logz=-715.60, remainder_fraction=24.7263%, Lmin=-707.08, Lmax=-706.19
13:43:36 [ultranest] [DEBUG] iteration=3986, ncalls=50768, regioncalls=2228200, ndraw=40, logz=-715.60, remainder_fraction=24.6764%, Lmin=-707.08, Lmax=-706.19
13:43:36 [ultranest] [DEBUG] iteration=3987, ncalls=50779, regioncalls=2228640, ndraw=40, logz=-715.60, remainder_fraction=24.6287%, Lmin=-707.08, Lmax=-706.19
13:43:37 [ultranest] [DEBUG] iteration=3988, ncalls=50786, regioncalls=2228920, ndraw=40, logz=-715.60, remainder_fraction=24.5777%, Lmin=-707.08, Lmax=-706.19
13:43:37 [ultranest] [DEBUG] iteration=3989, ncalls=50793, regioncalls=2229200, ndraw=40, logz=-715.60, remainder_fraction=24.5379%, Lmin=-707.08, Lmax=-706.19
13:43:38 [ultranest] [DEBUG] iteration=3990, ncalls=50810, regioncalls=2229880, ndraw=40, logz=-715.59, remainder_fraction=24.4901%, Lmin=-707.08, Lmax=-706.19
13:43:38 [ultranest] [DEBUG] iteration=3992, ncalls=50814, regioncalls=2230040, ndraw=40, logz=-715.59, remainder_fraction=24.4022%, Lmin=-707.08, Lmax=-706.19
13:43:39 [ultranest] [DEBUG] iteration=3994, ncalls=50824, regioncalls=2230440, ndraw=40, logz=-715.59, remainder_fraction=24.3284%, Lmin=-707.07, Lmax=-706.19
13:43:39 [ultranest] [DEBUG] iteration=3996, ncalls=50836, regioncalls=2230920, ndraw=40, logz=-715.59, remainder_fraction=24.2607%, Lmin=-707.07, Lmax=-706.19
13:43:41 [ultranest] [DEBUG] iteration=3997, ncalls=50861, regioncalls=2231920, ndraw=40, logz=-715.59, remainder_fraction=24.2169%, Lmin=-707.07, Lmax=-706.19
13:43:41 [ultranest] [DEBUG] iteration=3998, ncalls=50864, regioncalls=2232040, ndraw=40, logz=-715.59, remainder_fraction=24.1611%, Lmin=-707.07, Lmax=-706.19
13:43:41 [ultranest] [DEBUG] iteration=3999, ncalls=50873, regioncalls=2232400, ndraw=40, logz=-715.59, remainder_fraction=24.1100%, Lmin=-707.07, Lmax=-706.19
13:43:42 [ultranest] [DEBUG] iteration=4000, ncalls=50881, regioncalls=2232720, ndraw=40, logz=-715.59, remainder_fraction=24.0552%, Lmin=-707.07, Lmax=-706.19
13:43:42 [ultranest] [DEBUG] iteration=4001, ncalls=50887, regioncalls=2232960, ndraw=40, logz=-715.59, remainder_fraction=24.0242%, Lmin=-707.07, Lmax=-706.19
13:43:42 [ultranest] [DEBUG] iteration=4002, ncalls=50891, regioncalls=2233120, ndraw=40, logz=-715.59, remainder_fraction=23.9998%, Lmin=-707.07, Lmax=-706.19
13:43:43 [ultranest] [DEBUG] iteration=4003, ncalls=50899, regioncalls=2233440, ndraw=40, logz=-715.59, remainder_fraction=23.9611%, Lmin=-707.07, Lmax=-706.19
13:43:44 [ultranest] [DEBUG] iteration=4004, ncalls=50912, regioncalls=2233960, ndraw=40, logz=-715.59, remainder_fraction=23.9151%, Lmin=-707.07, Lmax=-706.19
13:43:44 [ultranest] [DEBUG] iteration=4005, ncalls=50916, regioncalls=2234120, ndraw=40, logz=-715.59, remainder_fraction=23.8615%, Lmin=-707.07, Lmax=-706.19
13:43:44 [ultranest] [DEBUG] iteration=4006, ncalls=50923, regioncalls=2234400, ndraw=40, logz=-715.59, remainder_fraction=23.8123%, Lmin=-707.07, Lmax=-706.19
13:43:44 [ultranest] [DEBUG] iteration=4009, ncalls=50928, regioncalls=2234600, ndraw=40, logz=-715.58, remainder_fraction=23.6549%, Lmin=-707.06, Lmax=-706.19
13:43:45 [ultranest] [DEBUG] iteration=4010, ncalls=50934, regioncalls=2234840, ndraw=40, logz=-715.58, remainder_fraction=23.6117%, Lmin=-707.06, Lmax=-706.19
13:43:45 [ultranest] [DEBUG] iteration=4011, ncalls=50942, regioncalls=2235160, ndraw=40, logz=-715.58, remainder_fraction=23.5570%, Lmin=-707.06, Lmax=-706.19
13:43:46 [ultranest] [DEBUG] iteration=4012, ncalls=50956, regioncalls=2235720, ndraw=40, logz=-715.58, remainder_fraction=23.5089%, Lmin=-707.06, Lmax=-706.19
13:43:46 [ultranest] [DEBUG] iteration=4013, ncalls=50970, regioncalls=2236280, ndraw=40, logz=-715.58, remainder_fraction=23.4664%, Lmin=-707.06, Lmax=-706.19
13:43:47 [ultranest] [DEBUG] iteration=4014, ncalls=50975, regioncalls=2236480, ndraw=40, logz=-715.58, remainder_fraction=23.4129%, Lmin=-707.06, Lmax=-706.19
13:43:48 [ultranest] [DEBUG] iteration=4015, ncalls=50991, regioncalls=2237120, ndraw=40, logz=-715.58, remainder_fraction=23.3649%, Lmin=-707.06, Lmax=-706.19
13:43:48 [ultranest] [DEBUG] iteration=4016, ncalls=51004, regioncalls=2237640, ndraw=40, logz=-715.58, remainder_fraction=23.3212%, Lmin=-707.06, Lmax=-706.19
13:43:48 [ultranest] [DEBUG] iteration=4017, ncalls=51008, regioncalls=2237800, ndraw=40, logz=-715.58, remainder_fraction=23.2790%, Lmin=-707.05, Lmax=-706.19
13:43:48 [ultranest] [DEBUG] iteration=4018, ncalls=51010, regioncalls=2237880, ndraw=40, logz=-715.58, remainder_fraction=23.2319%, Lmin=-707.05, Lmax=-706.19
13:43:49 [ultranest] [DEBUG] iteration=4020, ncalls=51014, regioncalls=2238040, ndraw=40, logz=-715.58, remainder_fraction=23.1325%, Lmin=-707.05, Lmax=-706.19
13:43:49 [ultranest] [DEBUG] iteration=4021, ncalls=51016, regioncalls=2238120, ndraw=40, logz=-715.58, remainder_fraction=23.0852%, Lmin=-707.05, Lmax=-706.19
13:43:49 [ultranest] [DEBUG] iteration=4022, ncalls=51020, regioncalls=2238280, ndraw=40, logz=-715.58, remainder_fraction=23.0352%, Lmin=-707.05, Lmax=-706.19
13:43:49 [ultranest] [DEBUG] iteration=4023, ncalls=51022, regioncalls=2238360, ndraw=40, logz=-715.58, remainder_fraction=22.9874%, Lmin=-707.05, Lmax=-706.19
13:43:49 [ultranest] [DEBUG] iteration=4024, ncalls=51029, regioncalls=2238640, ndraw=40, logz=-715.58, remainder_fraction=22.9598%, Lmin=-707.05, Lmax=-706.19
13:43:51 [ultranest] [DEBUG] iteration=4026, ncalls=51050, regioncalls=2239480, ndraw=40, logz=-715.57, remainder_fraction=22.9006%, Lmin=-707.05, Lmax=-706.19
13:43:51 [ultranest] [DEBUG] iteration=4028, ncalls=51059, regioncalls=2239840, ndraw=40, logz=-715.57, remainder_fraction=22.8074%, Lmin=-707.05, Lmax=-706.19
13:43:52 [ultranest] [DEBUG] iteration=4030, ncalls=51068, regioncalls=2240200, ndraw=40, logz=-715.57, remainder_fraction=22.7161%, Lmin=-707.05, Lmax=-706.19
13:43:52 [ultranest] [DEBUG] iteration=4031, ncalls=51075, regioncalls=2240480, ndraw=40, logz=-715.57, remainder_fraction=22.6632%, Lmin=-707.05, Lmax=-706.19
13:43:52 [ultranest] [DEBUG] iteration=4033, ncalls=51077, regioncalls=2240560, ndraw=40, logz=-715.57, remainder_fraction=22.6253%, Lmin=-707.04, Lmax=-706.19
13:43:52 [ultranest] [DEBUG] iteration=4034, ncalls=51080, regioncalls=2240680, ndraw=40, logz=-715.57, remainder_fraction=22.5726%, Lmin=-707.04, Lmax=-706.19
13:43:52 [ultranest] [DEBUG] iteration=4035, ncalls=51085, regioncalls=2240880, ndraw=40, logz=-715.57, remainder_fraction=22.5410%, Lmin=-707.04, Lmax=-706.19
13:43:53 [ultranest] [DEBUG] iteration=4036, ncalls=51090, regioncalls=2241080, ndraw=40, logz=-715.57, remainder_fraction=22.4947%, Lmin=-707.04, Lmax=-706.19
13:43:53 [ultranest] [DEBUG] iteration=4037, ncalls=51092, regioncalls=2241160, ndraw=40, logz=-715.57, remainder_fraction=22.4452%, Lmin=-707.04, Lmax=-706.19
13:43:53 [ultranest] [DEBUG] iteration=4038, ncalls=51095, regioncalls=2241280, ndraw=40, logz=-715.57, remainder_fraction=22.4194%, Lmin=-707.04, Lmax=-706.19
13:43:53 [ultranest] [DEBUG] iteration=4039, ncalls=51097, regioncalls=2241360, ndraw=40, logz=-715.57, remainder_fraction=22.3847%, Lmin=-707.04, Lmax=-706.19
13:43:54 [ultranest] [DEBUG] iteration=4041, ncalls=51106, regioncalls=2241720, ndraw=40, logz=-715.57, remainder_fraction=22.3062%, Lmin=-707.03, Lmax=-706.19
13:43:54 [ultranest] [DEBUG] iteration=4042, ncalls=51119, regioncalls=2242240, ndraw=40, logz=-715.57, remainder_fraction=22.2697%, Lmin=-707.03, Lmax=-706.19
13:43:55 [ultranest] [DEBUG] iteration=4043, ncalls=51130, regioncalls=2242680, ndraw=40, logz=-715.57, remainder_fraction=22.2173%, Lmin=-707.03, Lmax=-706.19
13:43:55 [ultranest] [DEBUG] iteration=4045, ncalls=51139, regioncalls=2243040, ndraw=40, logz=-715.56, remainder_fraction=22.1411%, Lmin=-707.03, Lmax=-706.19
13:43:55 [ultranest] [DEBUG] iteration=4046, ncalls=51142, regioncalls=2243160, ndraw=40, logz=-715.56, remainder_fraction=22.1034%, Lmin=-707.03, Lmax=-706.19
13:43:56 [ultranest] [DEBUG] iteration=4047, ncalls=51152, regioncalls=2243560, ndraw=40, logz=-715.56, remainder_fraction=22.0532%, Lmin=-707.03, Lmax=-706.19
13:43:56 [ultranest] [DEBUG] iteration=4048, ncalls=51154, regioncalls=2243640, ndraw=40, logz=-715.56, remainder_fraction=22.0065%, Lmin=-707.03, Lmax=-706.19
13:43:58 [ultranest] [DEBUG] iteration=4049, ncalls=51186, regioncalls=2244920, ndraw=40, logz=-715.56, remainder_fraction=21.9658%, Lmin=-707.02, Lmax=-706.19
13:43:59 [ultranest] [DEBUG] iteration=4050, ncalls=51199, regioncalls=2245440, ndraw=40, logz=-715.56, remainder_fraction=21.9306%, Lmin=-707.02, Lmax=-706.19
13:43:59 [ultranest] [DEBUG] iteration=4051, ncalls=51207, regioncalls=2245760, ndraw=40, logz=-715.56, remainder_fraction=21.8830%, Lmin=-707.02, Lmax=-706.19
13:44:00 [ultranest] [DEBUG] iteration=4053, ncalls=51230, regioncalls=2246960, ndraw=40, logz=-715.56, remainder_fraction=21.8098%, Lmin=-707.02, Lmax=-706.19
13:44:01 [ultranest] [DEBUG] iteration=4054, ncalls=51237, regioncalls=2247240, ndraw=40, logz=-715.56, remainder_fraction=21.7586%, Lmin=-707.02, Lmax=-706.19
13:44:01 [ultranest] [DEBUG] iteration=4055, ncalls=51243, regioncalls=2247480, ndraw=40, logz=-715.56, remainder_fraction=21.7191%, Lmin=-707.02, Lmax=-706.19
13:44:01 [ultranest] [DEBUG] iteration=4057, ncalls=51246, regioncalls=2247600, ndraw=40, logz=-715.56, remainder_fraction=21.6370%, Lmin=-707.02, Lmax=-706.19
13:44:02 [ultranest] [DEBUG] iteration=4058, ncalls=51255, regioncalls=2247960, ndraw=40, logz=-715.56, remainder_fraction=21.5914%, Lmin=-707.02, Lmax=-706.19
13:44:02 [ultranest] [DEBUG] iteration=4059, ncalls=51258, regioncalls=2248080, ndraw=40, logz=-715.56, remainder_fraction=21.5754%, Lmin=-707.02, Lmax=-706.19
13:44:02 [ultranest] [DEBUG] iteration=4060, ncalls=51265, regioncalls=2248360, ndraw=40, logz=-715.56, remainder_fraction=21.5382%, Lmin=-707.02, Lmax=-706.19
13:44:03 [ultranest] [DEBUG] iteration=4061, ncalls=51276, regioncalls=2248800, ndraw=40, logz=-715.56, remainder_fraction=21.4893%, Lmin=-707.02, Lmax=-706.19
13:44:03 [ultranest] [DEBUG] iteration=4062, ncalls=51281, regioncalls=2249000, ndraw=40, logz=-715.56, remainder_fraction=21.4474%, Lmin=-707.02, Lmax=-706.19
13:44:03 [ultranest] [DEBUG] iteration=4064, ncalls=51286, regioncalls=2249200, ndraw=40, logz=-715.55, remainder_fraction=21.3554%, Lmin=-707.01, Lmax=-706.19
13:44:03 [ultranest] [DEBUG] iteration=4065, ncalls=51291, regioncalls=2249400, ndraw=40, logz=-715.55, remainder_fraction=21.3099%, Lmin=-707.01, Lmax=-706.19
13:44:04 [ultranest] [DEBUG] iteration=4066, ncalls=51294, regioncalls=2249520, ndraw=40, logz=-715.55, remainder_fraction=21.2653%, Lmin=-707.01, Lmax=-706.19
13:44:04 [ultranest] [DEBUG] iteration=4067, ncalls=51295, regioncalls=2249560, ndraw=40, logz=-715.55, remainder_fraction=21.2157%, Lmin=-707.01, Lmax=-706.19
13:44:04 [ultranest] [DEBUG] iteration=4068, ncalls=51300, regioncalls=2249760, ndraw=40, logz=-715.55, remainder_fraction=21.1759%, Lmin=-707.01, Lmax=-706.19
13:44:04 [ultranest] [DEBUG] iteration=4069, ncalls=51306, regioncalls=2250000, ndraw=40, logz=-715.55, remainder_fraction=21.1267%, Lmin=-707.01, Lmax=-706.19
13:44:05 [ultranest] [DEBUG] iteration=4070, ncalls=51318, regioncalls=2250480, ndraw=40, logz=-715.55, remainder_fraction=21.0853%, Lmin=-707.01, Lmax=-706.19
13:44:05 [ultranest] [DEBUG] iteration=4071, ncalls=51325, regioncalls=2250760, ndraw=40, logz=-715.55, remainder_fraction=21.0381%, Lmin=-707.01, Lmax=-706.19
13:44:05 [ultranest] [DEBUG] iteration=4073, ncalls=51330, regioncalls=2250960, ndraw=40, logz=-715.55, remainder_fraction=20.9427%, Lmin=-707.00, Lmax=-706.19
13:44:06 [ultranest] [DEBUG] iteration=4074, ncalls=51339, regioncalls=2251320, ndraw=40, logz=-715.55, remainder_fraction=20.9002%, Lmin=-707.00, Lmax=-706.19
13:44:06 [ultranest] [DEBUG] iteration=4076, ncalls=51341, regioncalls=2251400, ndraw=40, logz=-715.55, remainder_fraction=20.8127%, Lmin=-707.00, Lmax=-706.19
13:44:06 [ultranest] [DEBUG] iteration=4077, ncalls=51345, regioncalls=2251560, ndraw=40, logz=-715.55, remainder_fraction=20.7635%, Lmin=-707.00, Lmax=-706.19
13:44:07 [ultranest] [DEBUG] iteration=4078, ncalls=51357, regioncalls=2252040, ndraw=40, logz=-715.55, remainder_fraction=20.7185%, Lmin=-707.00, Lmax=-706.19
13:44:08 [ultranest] [DEBUG] iteration=4080, ncalls=51377, regioncalls=2252840, ndraw=40, logz=-715.55, remainder_fraction=20.6326%, Lmin=-707.00, Lmax=-706.19
13:44:09 [ultranest] [DEBUG] iteration=4081, ncalls=51392, regioncalls=2253440, ndraw=40, logz=-715.55, remainder_fraction=20.5884%, Lmin=-707.00, Lmax=-706.19
13:44:09 [ultranest] [DEBUG] iteration=4083, ncalls=51401, regioncalls=2253800, ndraw=40, logz=-715.54, remainder_fraction=20.5057%, Lmin=-707.00, Lmax=-706.19
13:44:09 [ultranest] [DEBUG] iteration=4085, ncalls=51404, regioncalls=2253920, ndraw=40, logz=-715.54, remainder_fraction=20.4291%, Lmin=-707.00, Lmax=-706.19
13:44:10 [ultranest] [DEBUG] iteration=4086, ncalls=51412, regioncalls=2254240, ndraw=40, logz=-715.54, remainder_fraction=20.3884%, Lmin=-707.00, Lmax=-706.19
13:44:10 [ultranest] [DEBUG] iteration=4087, ncalls=51415, regioncalls=2254360, ndraw=40, logz=-715.54, remainder_fraction=20.3503%, Lmin=-707.00, Lmax=-706.19
13:44:10 [ultranest] [DEBUG] iteration=4088, ncalls=51431, regioncalls=2255000, ndraw=40, logz=-715.54, remainder_fraction=20.3102%, Lmin=-707.00, Lmax=-706.19
13:44:11 [ultranest] [DEBUG] iteration=4089, ncalls=51441, regioncalls=2255400, ndraw=40, logz=-715.54, remainder_fraction=20.2636%, Lmin=-706.99, Lmax=-706.19
13:44:11 [ultranest] [DEBUG] iteration=4090, ncalls=51448, regioncalls=2255680, ndraw=40, logz=-715.54, remainder_fraction=20.2163%, Lmin=-706.99, Lmax=-706.19
13:44:12 [ultranest] [DEBUG] iteration=4092, ncalls=51461, regioncalls=2256200, ndraw=40, logz=-715.54, remainder_fraction=20.1510%, Lmin=-706.99, Lmax=-706.19
13:44:12 [ultranest] [DEBUG] iteration=4094, ncalls=51464, regioncalls=2256320, ndraw=40, logz=-715.54, remainder_fraction=20.0685%, Lmin=-706.99, Lmax=-706.19
13:44:13 [ultranest] [DEBUG] iteration=4095, ncalls=51472, regioncalls=2256640, ndraw=40, logz=-715.54, remainder_fraction=20.0358%, Lmin=-706.99, Lmax=-706.19
13:44:13 [ultranest] [DEBUG] iteration=4096, ncalls=51482, regioncalls=2257040, ndraw=40, logz=-715.54, remainder_fraction=19.9922%, Lmin=-706.99, Lmax=-706.19
13:44:14 [ultranest] [DEBUG] iteration=4097, ncalls=51495, regioncalls=2257560, ndraw=40, logz=-715.54, remainder_fraction=19.9760%, Lmin=-706.99, Lmax=-706.19
13:44:14 [ultranest] [DEBUG] iteration=4098, ncalls=51497, regioncalls=2257640, ndraw=40, logz=-715.54, remainder_fraction=19.9385%, Lmin=-706.99, Lmax=-706.19
13:44:14 [ultranest] [DEBUG] iteration=4099, ncalls=51502, regioncalls=2257840, ndraw=40, logz=-715.54, remainder_fraction=19.9164%, Lmin=-706.99, Lmax=-706.19
13:44:14 [ultranest] [DEBUG] iteration=4100, ncalls=51506, regioncalls=2258000, ndraw=40, logz=-715.54, remainder_fraction=19.8809%, Lmin=-706.98, Lmax=-706.19
13:44:15 [ultranest] [DEBUG] iteration=4101, ncalls=51513, regioncalls=2258280, ndraw=40, logz=-715.54, remainder_fraction=19.8589%, Lmin=-706.98, Lmax=-706.19
13:44:15 [ultranest] [DEBUG] iteration=4102, ncalls=51521, regioncalls=2258600, ndraw=40, logz=-715.54, remainder_fraction=19.8173%, Lmin=-706.98, Lmax=-706.19
13:44:15 [ultranest] [DEBUG] iteration=4104, ncalls=51528, regioncalls=2258880, ndraw=40, logz=-715.53, remainder_fraction=19.7294%, Lmin=-706.98, Lmax=-706.19
13:44:16 [ultranest] [DEBUG] iteration=4105, ncalls=51535, regioncalls=2259160, ndraw=40, logz=-715.53, remainder_fraction=19.6903%, Lmin=-706.98, Lmax=-706.19
13:44:16 [ultranest] [DEBUG] iteration=4106, ncalls=51538, regioncalls=2259280, ndraw=40, logz=-715.53, remainder_fraction=19.6498%, Lmin=-706.98, Lmax=-706.19
13:44:16 [ultranest] [DEBUG] iteration=4107, ncalls=51542, regioncalls=2259440, ndraw=40, logz=-715.53, remainder_fraction=19.6039%, Lmin=-706.98, Lmax=-706.19
13:44:16 [ultranest] [DEBUG] iteration=4109, ncalls=51546, regioncalls=2259600, ndraw=40, logz=-715.53, remainder_fraction=19.5233%, Lmin=-706.97, Lmax=-706.19
13:44:17 [ultranest] [DEBUG] iteration=4110, ncalls=51550, regioncalls=2259760, ndraw=40, logz=-715.53, remainder_fraction=19.4800%, Lmin=-706.97, Lmax=-706.19
13:44:17 [ultranest] [DEBUG] iteration=4111, ncalls=51557, regioncalls=2260040, ndraw=40, logz=-715.53, remainder_fraction=19.4399%, Lmin=-706.97, Lmax=-706.19
13:44:17 [ultranest] [DEBUG] iteration=4113, ncalls=51563, regioncalls=2260280, ndraw=40, logz=-715.53, remainder_fraction=19.3690%, Lmin=-706.97, Lmax=-706.19
13:44:18 [ultranest] [DEBUG] iteration=4114, ncalls=51570, regioncalls=2260560, ndraw=40, logz=-715.53, remainder_fraction=19.3259%, Lmin=-706.97, Lmax=-706.19
13:44:18 [ultranest] [DEBUG] iteration=4115, ncalls=51581, regioncalls=2261000, ndraw=40, logz=-715.53, remainder_fraction=19.2967%, Lmin=-706.97, Lmax=-706.19
13:44:18 [ultranest] [DEBUG] iteration=4116, ncalls=51583, regioncalls=2261080, ndraw=40, logz=-715.53, remainder_fraction=19.2529%, Lmin=-706.97, Lmax=-706.19
13:44:19 [ultranest] [DEBUG] iteration=4117, ncalls=51590, regioncalls=2261360, ndraw=40, logz=-715.53, remainder_fraction=19.2085%, Lmin=-706.97, Lmax=-706.19
13:44:19 [ultranest] [DEBUG] iteration=4119, ncalls=51594, regioncalls=2261520, ndraw=40, logz=-715.53, remainder_fraction=19.1384%, Lmin=-706.96, Lmax=-706.19
13:44:20 [ultranest] [DEBUG] iteration=4120, ncalls=51614, regioncalls=2262320, ndraw=40, logz=-715.53, remainder_fraction=19.0992%, Lmin=-706.96, Lmax=-706.19
13:44:20 [ultranest] [DEBUG] iteration=4121, ncalls=51627, regioncalls=2262840, ndraw=40, logz=-715.53, remainder_fraction=19.0557%, Lmin=-706.96, Lmax=-706.19
13:44:21 [ultranest] [DEBUG] iteration=4122, ncalls=51646, regioncalls=2263600, ndraw=40, logz=-715.53, remainder_fraction=19.0223%, Lmin=-706.96, Lmax=-706.19
13:44:22 [ultranest] [DEBUG] iteration=4123, ncalls=51655, regioncalls=2263960, ndraw=40, logz=-715.53, remainder_fraction=18.9846%, Lmin=-706.96, Lmax=-706.19
13:44:22 [ultranest] [DEBUG] iteration=4124, ncalls=51658, regioncalls=2264080, ndraw=40, logz=-715.53, remainder_fraction=18.9435%, Lmin=-706.96, Lmax=-706.19
13:44:22 [ultranest] [DEBUG] iteration=4125, ncalls=51660, regioncalls=2264160, ndraw=40, logz=-715.53, remainder_fraction=18.9062%, Lmin=-706.96, Lmax=-706.19
13:44:23 [ultranest] [DEBUG] iteration=4126, ncalls=51674, regioncalls=2264720, ndraw=40, logz=-715.52, remainder_fraction=18.8636%, Lmin=-706.96, Lmax=-706.19
13:44:23 [ultranest] [DEBUG] iteration=4127, ncalls=51677, regioncalls=2264840, ndraw=40, logz=-715.52, remainder_fraction=18.8262%, Lmin=-706.95, Lmax=-706.19
13:44:23 [ultranest] [DEBUG] iteration=4129, ncalls=51685, regioncalls=2265160, ndraw=40, logz=-715.52, remainder_fraction=18.7462%, Lmin=-706.95, Lmax=-706.19
13:44:23 [ultranest] [DEBUG] iteration=4130, ncalls=51690, regioncalls=2265360, ndraw=40, logz=-715.52, remainder_fraction=18.7039%, Lmin=-706.95, Lmax=-706.19
13:44:24 [ultranest] [DEBUG] iteration=4132, ncalls=51710, regioncalls=2266160, ndraw=40, logz=-715.52, remainder_fraction=18.6671%, Lmin=-706.95, Lmax=-706.19
13:44:25 [ultranest] [DEBUG] iteration=4133, ncalls=51717, regioncalls=2266440, ndraw=40, logz=-715.52, remainder_fraction=18.6239%, Lmin=-706.95, Lmax=-706.19
13:44:26 [ultranest] [DEBUG] iteration=4134, ncalls=51751, regioncalls=2268000, ndraw=40, logz=-715.52, remainder_fraction=18.5851%, Lmin=-706.95, Lmax=-706.19
13:44:27 [ultranest] [DEBUG] iteration=4136, ncalls=51757, regioncalls=2268240, ndraw=40, logz=-715.52, remainder_fraction=18.5064%, Lmin=-706.94, Lmax=-706.19
13:44:27 [ultranest] [DEBUG] iteration=4137, ncalls=51768, regioncalls=2268680, ndraw=40, logz=-715.52, remainder_fraction=18.4623%, Lmin=-706.94, Lmax=-706.19
13:44:27 [ultranest] [DEBUG] iteration=4139, ncalls=51771, regioncalls=2268800, ndraw=40, logz=-715.52, remainder_fraction=18.3899%, Lmin=-706.94, Lmax=-706.19
13:44:28 [ultranest] [DEBUG] iteration=4140, ncalls=51773, regioncalls=2268880, ndraw=40, logz=-715.52, remainder_fraction=18.3589%, Lmin=-706.94, Lmax=-706.19
13:44:28 [ultranest] [DEBUG] iteration=4141, ncalls=51784, regioncalls=2269320, ndraw=40, logz=-715.52, remainder_fraction=18.3249%, Lmin=-706.94, Lmax=-706.19
13:44:29 [ultranest] [DEBUG] iteration=4143, ncalls=51792, regioncalls=2269800, ndraw=40, logz=-715.52, remainder_fraction=18.2439%, Lmin=-706.94, Lmax=-706.19
13:44:29 [ultranest] [DEBUG] iteration=4144, ncalls=51800, regioncalls=2270120, ndraw=40, logz=-715.52, remainder_fraction=18.2199%, Lmin=-706.94, Lmax=-706.19
13:44:29 [ultranest] [DEBUG] iteration=4145, ncalls=51807, regioncalls=2270400, ndraw=40, logz=-715.52, remainder_fraction=18.1763%, Lmin=-706.93, Lmax=-706.19
13:44:30 [ultranest] [DEBUG] iteration=4146, ncalls=51814, regioncalls=2270680, ndraw=40, logz=-715.52, remainder_fraction=18.1435%, Lmin=-706.93, Lmax=-706.19
13:44:30 [ultranest] [DEBUG] iteration=4147, ncalls=51820, regioncalls=2270920, ndraw=40, logz=-715.52, remainder_fraction=18.1014%, Lmin=-706.93, Lmax=-706.19
13:44:30 [ultranest] [DEBUG] iteration=4148, ncalls=51828, regioncalls=2271240, ndraw=40, logz=-715.52, remainder_fraction=18.0617%, Lmin=-706.93, Lmax=-706.19
13:44:30 [ultranest] [DEBUG] iteration=4149, ncalls=51830, regioncalls=2271320, ndraw=40, logz=-715.51, remainder_fraction=18.0235%, Lmin=-706.93, Lmax=-706.19
13:44:31 [ultranest] [DEBUG] iteration=4150, ncalls=51841, regioncalls=2271760, ndraw=40, logz=-715.51, remainder_fraction=17.9864%, Lmin=-706.93, Lmax=-706.19
13:44:31 [ultranest] [DEBUG] iteration=4151, ncalls=51843, regioncalls=2271840, ndraw=40, logz=-715.51, remainder_fraction=17.9455%, Lmin=-706.93, Lmax=-706.19
13:44:31 [ultranest] [DEBUG] iteration=4152, ncalls=51846, regioncalls=2271960, ndraw=40, logz=-715.51, remainder_fraction=17.9133%, Lmin=-706.93, Lmax=-706.19
13:44:31 [ultranest] [DEBUG] iteration=4153, ncalls=51851, regioncalls=2272160, ndraw=40, logz=-715.51, remainder_fraction=17.8722%, Lmin=-706.93, Lmax=-706.19
13:44:32 [ultranest] [DEBUG] iteration=4154, ncalls=51859, regioncalls=2272480, ndraw=40, logz=-715.51, remainder_fraction=17.8345%, Lmin=-706.93, Lmax=-706.19
13:44:32 [ultranest] [DEBUG] iteration=4155, ncalls=51869, regioncalls=2272880, ndraw=40, logz=-715.51, remainder_fraction=17.8040%, Lmin=-706.93, Lmax=-706.19
13:44:32 [ultranest] [DEBUG] iteration=4157, ncalls=51872, regioncalls=2273000, ndraw=40, logz=-715.51, remainder_fraction=17.7219%, Lmin=-706.93, Lmax=-706.19
13:44:33 [ultranest] [DEBUG] iteration=4158, ncalls=51881, regioncalls=2273360, ndraw=40, logz=-715.51, remainder_fraction=17.6806%, Lmin=-706.92, Lmax=-706.19
13:44:33 [ultranest] [DEBUG] iteration=4159, ncalls=51889, regioncalls=2273680, ndraw=40, logz=-715.51, remainder_fraction=17.6404%, Lmin=-706.92, Lmax=-706.19
13:44:34 [ultranest] [DEBUG] iteration=4160, ncalls=51895, regioncalls=2273920, ndraw=40, logz=-715.51, remainder_fraction=17.6191%, Lmin=-706.92, Lmax=-706.19
13:44:34 [ultranest] [DEBUG] iteration=4162, ncalls=51904, regioncalls=2274280, ndraw=40, logz=-715.51, remainder_fraction=17.5606%, Lmin=-706.92, Lmax=-706.19
13:44:36 [ultranest] [DEBUG] iteration=4165, ncalls=51934, regioncalls=2275480, ndraw=40, logz=-715.51, remainder_fraction=17.4410%, Lmin=-706.92, Lmax=-706.19
13:44:36 [ultranest] [DEBUG] iteration=4167, ncalls=51942, regioncalls=2275800, ndraw=40, logz=-715.51, remainder_fraction=17.3737%, Lmin=-706.92, Lmax=-706.19
13:44:36 [ultranest] [DEBUG] iteration=4168, ncalls=51945, regioncalls=2275920, ndraw=40, logz=-715.51, remainder_fraction=17.3329%, Lmin=-706.92, Lmax=-706.19
13:44:37 [ultranest] [DEBUG] iteration=4169, ncalls=51958, regioncalls=2276440, ndraw=40, logz=-715.51, remainder_fraction=17.2941%, Lmin=-706.92, Lmax=-706.19
13:44:37 [ultranest] [DEBUG] iteration=4170, ncalls=51963, regioncalls=2276640, ndraw=40, logz=-715.51, remainder_fraction=17.2560%, Lmin=-706.92, Lmax=-706.19
13:44:38 [ultranest] [DEBUG] iteration=4171, ncalls=51975, regioncalls=2277120, ndraw=40, logz=-715.51, remainder_fraction=17.2218%, Lmin=-706.92, Lmax=-706.19
13:44:38 [ultranest] [DEBUG] iteration=4172, ncalls=51980, regioncalls=2277320, ndraw=40, logz=-715.51, remainder_fraction=17.1820%, Lmin=-706.92, Lmax=-706.19
13:44:38 [ultranest] [DEBUG] iteration=4173, ncalls=51986, regioncalls=2277560, ndraw=40, logz=-715.50, remainder_fraction=17.1426%, Lmin=-706.91, Lmax=-706.19
13:44:38 [ultranest] [DEBUG] iteration=4175, ncalls=51992, regioncalls=2277800, ndraw=40, logz=-715.50, remainder_fraction=17.0840%, Lmin=-706.91, Lmax=-706.19
13:44:39 [ultranest] [DEBUG] iteration=4176, ncalls=51995, regioncalls=2277920, ndraw=40, logz=-715.50, remainder_fraction=17.0448%, Lmin=-706.91, Lmax=-706.19
13:44:39 [ultranest] [DEBUG] iteration=4177, ncalls=52003, regioncalls=2278240, ndraw=40, logz=-715.50, remainder_fraction=17.0051%, Lmin=-706.91, Lmax=-706.19
13:44:39 [ultranest] [DEBUG] iteration=4178, ncalls=52013, regioncalls=2278640, ndraw=40, logz=-715.50, remainder_fraction=16.9733%, Lmin=-706.91, Lmax=-706.19
13:44:40 [ultranest] [DEBUG] iteration=4179, ncalls=52019, regioncalls=2278880, ndraw=40, logz=-715.50, remainder_fraction=16.9342%, Lmin=-706.91, Lmax=-706.19
13:44:40 [ultranest] [DEBUG] iteration=4180, ncalls=52023, regioncalls=2279040, ndraw=40, logz=-715.50, remainder_fraction=16.8976%, Lmin=-706.91, Lmax=-706.19
13:44:41 [ultranest] [DEBUG] iteration=4181, ncalls=52036, regioncalls=2279560, ndraw=40, logz=-715.50, remainder_fraction=16.8772%, Lmin=-706.91, Lmax=-706.19
13:44:41 [ultranest] [DEBUG] iteration=4182, ncalls=52039, regioncalls=2279680, ndraw=40, logz=-715.50, remainder_fraction=16.8394%, Lmin=-706.90, Lmax=-706.19
13:44:41 [ultranest] [DEBUG] iteration=4183, ncalls=52047, regioncalls=2280000, ndraw=40, logz=-715.50, remainder_fraction=16.8253%, Lmin=-706.90, Lmax=-706.19
13:44:41 [ultranest] [DEBUG] iteration=4185, ncalls=52052, regioncalls=2280200, ndraw=40, logz=-715.50, remainder_fraction=16.7508%, Lmin=-706.90, Lmax=-706.19
13:44:42 [ultranest] [DEBUG] iteration=4187, ncalls=52059, regioncalls=2280480, ndraw=40, logz=-715.50, remainder_fraction=16.6897%, Lmin=-706.90, Lmax=-706.19
13:44:42 [ultranest] [DEBUG] iteration=4188, ncalls=52064, regioncalls=2280680, ndraw=40, logz=-715.50, remainder_fraction=16.6604%, Lmin=-706.90, Lmax=-706.19
13:44:43 [ultranest] [DEBUG] iteration=4189, ncalls=52092, regioncalls=2281800, ndraw=40, logz=-715.50, remainder_fraction=16.6314%, Lmin=-706.90, Lmax=-706.19
13:44:43 [ultranest] [DEBUG] iteration=4190, ncalls=52096, regioncalls=2281960, ndraw=40, logz=-715.50, remainder_fraction=16.5951%, Lmin=-706.90, Lmax=-706.19
13:44:44 [ultranest] [DEBUG] iteration=4191, ncalls=52100, regioncalls=2282120, ndraw=40, logz=-715.50, remainder_fraction=16.5625%, Lmin=-706.90, Lmax=-706.19
13:44:44 [ultranest] [DEBUG] iteration=4192, ncalls=52112, regioncalls=2282600, ndraw=40, logz=-715.50, remainder_fraction=16.5306%, Lmin=-706.90, Lmax=-706.19
13:44:44 [ultranest] [DEBUG] iteration=4193, ncalls=52115, regioncalls=2282720, ndraw=40, logz=-715.50, remainder_fraction=16.5123%, Lmin=-706.90, Lmax=-706.19
13:44:45 [ultranest] [DEBUG] iteration=4195, ncalls=52120, regioncalls=2282920, ndraw=40, logz=-715.50, remainder_fraction=16.4603%, Lmin=-706.89, Lmax=-706.17
13:44:45 [ultranest] [DEBUG] iteration=4197, ncalls=52129, regioncalls=2283280, ndraw=40, logz=-715.50, remainder_fraction=16.4171%, Lmin=-706.89, Lmax=-706.17
13:44:46 [ultranest] [DEBUG] iteration=4199, ncalls=52142, regioncalls=2283800, ndraw=40, logz=-715.49, remainder_fraction=16.3486%, Lmin=-706.89, Lmax=-706.17
13:44:46 [ultranest] [DEBUG] iteration=4200, ncalls=52152, regioncalls=2284200, ndraw=40, logz=-715.49, remainder_fraction=16.3157%, Lmin=-706.89, Lmax=-706.17
13:44:46 [ultranest] [DEBUG] iteration=4201, ncalls=52157, regioncalls=2284400, ndraw=40, logz=-715.49, remainder_fraction=16.2765%, Lmin=-706.89, Lmax=-706.17
13:44:47 [ultranest] [DEBUG] iteration=4202, ncalls=52162, regioncalls=2284600, ndraw=40, logz=-715.49, remainder_fraction=16.2385%, Lmin=-706.89, Lmax=-706.17
13:44:47 [ultranest] [DEBUG] iteration=4203, ncalls=52169, regioncalls=2284880, ndraw=40, logz=-715.49, remainder_fraction=16.2017%, Lmin=-706.89, Lmax=-706.17
13:44:47 [ultranest] [DEBUG] iteration=4204, ncalls=52173, regioncalls=2285040, ndraw=40, logz=-715.49, remainder_fraction=16.1751%, Lmin=-706.89, Lmax=-706.17
13:44:48 [ultranest] [DEBUG] iteration=4205, ncalls=52186, regioncalls=2285560, ndraw=40, logz=-715.49, remainder_fraction=16.1486%, Lmin=-706.89, Lmax=-706.17
13:44:48 [ultranest] [DEBUG] iteration=4206, ncalls=52196, regioncalls=2285960, ndraw=40, logz=-715.49, remainder_fraction=16.1170%, Lmin=-706.89, Lmax=-706.17
13:44:49 [ultranest] [DEBUG] iteration=4207, ncalls=52203, regioncalls=2286240, ndraw=40, logz=-715.49, remainder_fraction=16.0857%, Lmin=-706.88, Lmax=-706.17
13:44:49 [ultranest] [DEBUG] iteration=4209, ncalls=52210, regioncalls=2286520, ndraw=40, logz=-715.49, remainder_fraction=16.0281%, Lmin=-706.88, Lmax=-706.17
13:44:49 [ultranest] [DEBUG] iteration=4210, ncalls=52217, regioncalls=2286800, ndraw=40, logz=-715.49, remainder_fraction=15.9953%, Lmin=-706.88, Lmax=-706.17
13:44:50 [ultranest] [DEBUG] iteration=4212, ncalls=52240, regioncalls=2287720, ndraw=40, logz=-715.49, remainder_fraction=15.9435%, Lmin=-706.88, Lmax=-706.17
13:44:51 [ultranest] [DEBUG] iteration=4214, ncalls=52243, regioncalls=2287840, ndraw=40, logz=-715.49, remainder_fraction=15.8682%, Lmin=-706.88, Lmax=-706.17
13:44:51 [ultranest] [DEBUG] iteration=4215, ncalls=52246, regioncalls=2287960, ndraw=40, logz=-715.49, remainder_fraction=15.8361%, Lmin=-706.88, Lmax=-706.17
13:44:51 [ultranest] [DEBUG] iteration=4216, ncalls=52249, regioncalls=2288080, ndraw=40, logz=-715.49, remainder_fraction=15.8040%, Lmin=-706.88, Lmax=-706.17
13:44:51 [ultranest] [DEBUG] iteration=4217, ncalls=52255, regioncalls=2288320, ndraw=40, logz=-715.49, remainder_fraction=15.7696%, Lmin=-706.88, Lmax=-706.17
13:44:52 [ultranest] [DEBUG] iteration=4218, ncalls=52263, regioncalls=2288640, ndraw=40, logz=-715.49, remainder_fraction=15.7324%, Lmin=-706.88, Lmax=-706.17
13:44:52 [ultranest] [DEBUG] iteration=4219, ncalls=52269, regioncalls=2288880, ndraw=40, logz=-715.49, remainder_fraction=15.7137%, Lmin=-706.88, Lmax=-706.17
13:44:52 [ultranest] [DEBUG] iteration=4221, ncalls=52273, regioncalls=2289040, ndraw=40, logz=-715.49, remainder_fraction=15.6428%, Lmin=-706.88, Lmax=-706.17
13:44:52 [ultranest] [DEBUG] iteration=4223, ncalls=52280, regioncalls=2289320, ndraw=40, logz=-715.49, remainder_fraction=15.5839%, Lmin=-706.88, Lmax=-706.17
13:44:53 [ultranest] [DEBUG] iteration=4224, ncalls=52299, regioncalls=2290080, ndraw=40, logz=-715.49, remainder_fraction=15.5501%, Lmin=-706.88, Lmax=-706.17
13:44:54 [ultranest] [DEBUG] iteration=4225, ncalls=52303, regioncalls=2290240, ndraw=40, logz=-715.48, remainder_fraction=15.5183%, Lmin=-706.87, Lmax=-706.17
13:44:54 [ultranest] [DEBUG] iteration=4226, ncalls=52317, regioncalls=2290800, ndraw=40, logz=-715.48, remainder_fraction=15.4893%, Lmin=-706.87, Lmax=-706.17
13:44:55 [ultranest] [DEBUG] iteration=4227, ncalls=52326, regioncalls=2291160, ndraw=40, logz=-715.48, remainder_fraction=15.4587%, Lmin=-706.87, Lmax=-706.17
13:44:55 [ultranest] [DEBUG] iteration=4228, ncalls=52330, regioncalls=2291320, ndraw=40, logz=-715.48, remainder_fraction=15.4305%, Lmin=-706.87, Lmax=-706.17
13:44:55 [ultranest] [DEBUG] iteration=4229, ncalls=52336, regioncalls=2291560, ndraw=40, logz=-715.48, remainder_fraction=15.3938%, Lmin=-706.87, Lmax=-706.17
13:44:56 [ultranest] [DEBUG] iteration=4230, ncalls=52355, regioncalls=2292320, ndraw=40, logz=-715.48, remainder_fraction=15.3587%, Lmin=-706.87, Lmax=-706.17
13:44:56 [ultranest] [DEBUG] iteration=4231, ncalls=52360, regioncalls=2292520, ndraw=40, logz=-715.48, remainder_fraction=15.3226%, Lmin=-706.87, Lmax=-706.17
13:44:57 [ultranest] [DEBUG] iteration=4232, ncalls=52370, regioncalls=2292920, ndraw=40, logz=-715.48, remainder_fraction=15.2864%, Lmin=-706.87, Lmax=-706.17
13:44:57 [ultranest] [DEBUG] iteration=4233, ncalls=52374, regioncalls=2293160, ndraw=40, logz=-715.48, remainder_fraction=15.2509%, Lmin=-706.87, Lmax=-706.17
13:44:58 [ultranest] [DEBUG] iteration=4234, ncalls=52394, regioncalls=2293960, ndraw=40, logz=-715.48, remainder_fraction=15.2249%, Lmin=-706.87, Lmax=-706.17
13:44:59 [ultranest] [DEBUG] iteration=4235, ncalls=52404, regioncalls=2294360, ndraw=40, logz=-715.48, remainder_fraction=15.1934%, Lmin=-706.87, Lmax=-706.17
13:44:59 [ultranest] [DEBUG] iteration=4236, ncalls=52407, regioncalls=2294480, ndraw=40, logz=-715.48, remainder_fraction=15.1688%, Lmin=-706.87, Lmax=-706.17
13:44:59 [ultranest] [DEBUG] iteration=4238, ncalls=52419, regioncalls=2294960, ndraw=40, logz=-715.48, remainder_fraction=15.1121%, Lmin=-706.87, Lmax=-706.17
13:44:59 [ultranest] [DEBUG] iteration=4239, ncalls=52422, regioncalls=2295080, ndraw=40, logz=-715.48, remainder_fraction=15.0899%, Lmin=-706.87, Lmax=-706.17
13:45:00 [ultranest] [DEBUG] iteration=4240, ncalls=52424, regioncalls=2295160, ndraw=40, logz=-715.48, remainder_fraction=15.0550%, Lmin=-706.87, Lmax=-706.17
13:45:00 [ultranest] [DEBUG] iteration=4241, ncalls=52429, regioncalls=2295360, ndraw=40, logz=-715.48, remainder_fraction=15.0252%, Lmin=-706.87, Lmax=-706.17
13:45:00 [ultranest] [DEBUG] iteration=4242, ncalls=52433, regioncalls=2295520, ndraw=40, logz=-715.48, remainder_fraction=14.9889%, Lmin=-706.87, Lmax=-706.17
13:45:00 [ultranest] [DEBUG] iteration=4245, ncalls=52443, regioncalls=2295920, ndraw=40, logz=-715.48, remainder_fraction=14.8983%, Lmin=-706.86, Lmax=-706.17
13:45:01 [ultranest] [DEBUG] iteration=4246, ncalls=52461, regioncalls=2296640, ndraw=40, logz=-715.48, remainder_fraction=14.8724%, Lmin=-706.86, Lmax=-706.17
13:45:03 [ultranest] [DEBUG] iteration=4247, ncalls=52487, regioncalls=2297680, ndraw=40, logz=-715.48, remainder_fraction=14.8415%, Lmin=-706.86, Lmax=-706.17
13:45:03 [ultranest] [DEBUG] iteration=4249, ncalls=52491, regioncalls=2297840, ndraw=40, logz=-715.48, remainder_fraction=14.7726%, Lmin=-706.86, Lmax=-706.17
13:45:03 [ultranest] [DEBUG] iteration=4251, ncalls=52494, regioncalls=2297960, ndraw=40, logz=-715.48, remainder_fraction=14.7100%, Lmin=-706.86, Lmax=-706.17
13:45:03 [ultranest] [DEBUG] iteration=4252, ncalls=52498, regioncalls=2298120, ndraw=40, logz=-715.48, remainder_fraction=14.6818%, Lmin=-706.86, Lmax=-706.17
13:45:04 [ultranest] [DEBUG] iteration=4254, ncalls=52511, regioncalls=2298640, ndraw=40, logz=-715.47, remainder_fraction=14.6419%, Lmin=-706.86, Lmax=-706.17
13:45:05 [ultranest] [DEBUG] iteration=4256, ncalls=52525, regioncalls=2299200, ndraw=40, logz=-715.47, remainder_fraction=14.5731%, Lmin=-706.86, Lmax=-706.17
13:45:05 [ultranest] [DEBUG] iteration=4258, ncalls=52539, regioncalls=2299760, ndraw=40, logz=-715.47, remainder_fraction=14.5070%, Lmin=-706.86, Lmax=-706.17
13:45:06 [ultranest] [DEBUG] iteration=4259, ncalls=52547, regioncalls=2300080, ndraw=40, logz=-715.47, remainder_fraction=14.4772%, Lmin=-706.86, Lmax=-706.17
13:45:06 [ultranest] [DEBUG] iteration=4260, ncalls=52559, regioncalls=2300560, ndraw=40, logz=-715.47, remainder_fraction=14.4665%, Lmin=-706.85, Lmax=-706.17
13:45:06 [ultranest] [DEBUG] iteration=4262, ncalls=52563, regioncalls=2300720, ndraw=40, logz=-715.47, remainder_fraction=14.4003%, Lmin=-706.85, Lmax=-706.17
13:45:07 [ultranest] [DEBUG] iteration=4263, ncalls=52569, regioncalls=2300960, ndraw=40, logz=-715.47, remainder_fraction=14.3665%, Lmin=-706.85, Lmax=-706.17
13:45:07 [ultranest] [DEBUG] iteration=4264, ncalls=52578, regioncalls=2301320, ndraw=40, logz=-715.47, remainder_fraction=14.3327%, Lmin=-706.85, Lmax=-706.17
13:45:07 [ultranest] [DEBUG] iteration=4265, ncalls=52585, regioncalls=2301600, ndraw=40, logz=-715.47, remainder_fraction=14.2993%, Lmin=-706.85, Lmax=-706.17
13:45:08 [ultranest] [DEBUG] iteration=4266, ncalls=52598, regioncalls=2302120, ndraw=40, logz=-715.47, remainder_fraction=14.2672%, Lmin=-706.85, Lmax=-706.17
13:45:08 [ultranest] [DEBUG] iteration=4268, ncalls=52603, regioncalls=2302320, ndraw=40, logz=-715.47, remainder_fraction=14.2090%, Lmin=-706.85, Lmax=-706.17
13:45:09 [ultranest] [DEBUG] iteration=4269, ncalls=52616, regioncalls=2302840, ndraw=40, logz=-715.47, remainder_fraction=14.1758%, Lmin=-706.85, Lmax=-706.17
13:45:09 [ultranest] [DEBUG] iteration=4270, ncalls=52622, regioncalls=2303080, ndraw=40, logz=-715.47, remainder_fraction=14.1441%, Lmin=-706.85, Lmax=-706.17
13:45:09 [ultranest] [DEBUG] iteration=4271, ncalls=52625, regioncalls=2303200, ndraw=40, logz=-715.47, remainder_fraction=14.1224%, Lmin=-706.85, Lmax=-706.17
13:45:10 [ultranest] [DEBUG] iteration=4272, ncalls=52638, regioncalls=2303720, ndraw=40, logz=-715.47, remainder_fraction=14.0979%, Lmin=-706.85, Lmax=-706.17
13:45:10 [ultranest] [DEBUG] iteration=4274, ncalls=52640, regioncalls=2303800, ndraw=40, logz=-715.47, remainder_fraction=14.0369%, Lmin=-706.84, Lmax=-706.17
13:45:11 [ultranest] [DEBUG] iteration=4275, ncalls=52648, regioncalls=2304120, ndraw=40, logz=-715.47, remainder_fraction=14.0038%, Lmin=-706.84, Lmax=-706.17
13:45:11 [ultranest] [DEBUG] iteration=4276, ncalls=52653, regioncalls=2304320, ndraw=40, logz=-715.47, remainder_fraction=13.9740%, Lmin=-706.84, Lmax=-706.17
13:45:11 [ultranest] [DEBUG] iteration=4277, ncalls=52666, regioncalls=2304840, ndraw=40, logz=-715.47, remainder_fraction=13.9429%, Lmin=-706.84, Lmax=-706.17
13:45:12 [ultranest] [DEBUG] iteration=4280, ncalls=52678, regioncalls=2305320, ndraw=40, logz=-715.47, remainder_fraction=13.8546%, Lmin=-706.84, Lmax=-706.17
13:45:12 [ultranest] [DEBUG] iteration=4281, ncalls=52688, regioncalls=2305720, ndraw=40, logz=-715.47, remainder_fraction=13.8234%, Lmin=-706.84, Lmax=-706.17
13:45:13 [ultranest] [DEBUG] iteration=4283, ncalls=52701, regioncalls=2306240, ndraw=40, logz=-715.47, remainder_fraction=13.7775%, Lmin=-706.84, Lmax=-706.17
13:45:13 [ultranest] [DEBUG] iteration=4284, ncalls=52705, regioncalls=2306400, ndraw=40, logz=-715.46, remainder_fraction=13.7628%, Lmin=-706.83, Lmax=-706.17
13:45:13 [ultranest] [DEBUG] iteration=4285, ncalls=52708, regioncalls=2306520, ndraw=40, logz=-715.46, remainder_fraction=13.7379%, Lmin=-706.83, Lmax=-706.17
13:45:14 [ultranest] [DEBUG] iteration=4286, ncalls=52716, regioncalls=2306840, ndraw=40, logz=-715.46, remainder_fraction=13.7161%, Lmin=-706.83, Lmax=-706.17
13:45:15 [ultranest] [DEBUG] iteration=4287, ncalls=52740, regioncalls=2307800, ndraw=40, logz=-715.46, remainder_fraction=13.6845%, Lmin=-706.83, Lmax=-706.17
13:45:16 [ultranest] [DEBUG] iteration=4288, ncalls=52752, regioncalls=2308280, ndraw=40, logz=-715.46, remainder_fraction=13.6518%, Lmin=-706.83, Lmax=-706.17
13:45:16 [ultranest] [DEBUG] iteration=4290, ncalls=52755, regioncalls=2308400, ndraw=40, logz=-715.46, remainder_fraction=13.6128%, Lmin=-706.83, Lmax=-706.17
13:45:16 [ultranest] [DEBUG] iteration=4291, ncalls=52759, regioncalls=2308560, ndraw=40, logz=-715.46, remainder_fraction=13.5894%, Lmin=-706.83, Lmax=-706.17
13:45:16 [ultranest] [DEBUG] iteration=4292, ncalls=52769, regioncalls=2308960, ndraw=40, logz=-715.46, remainder_fraction=13.5614%, Lmin=-706.83, Lmax=-706.17
13:45:17 [ultranest] [DEBUG] iteration=4295, ncalls=52772, regioncalls=2309080, ndraw=40, logz=-715.46, remainder_fraction=13.4800%, Lmin=-706.83, Lmax=-706.17
13:45:17 [ultranest] [DEBUG] iteration=4297, ncalls=52780, regioncalls=2309400, ndraw=40, logz=-715.46, remainder_fraction=13.4283%, Lmin=-706.82, Lmax=-706.17
13:45:18 [ultranest] [DEBUG] iteration=4299, ncalls=52796, regioncalls=2310040, ndraw=40, logz=-715.46, remainder_fraction=13.3643%, Lmin=-706.82, Lmax=-706.17
13:45:18 [ultranest] [DEBUG] iteration=4301, ncalls=52804, regioncalls=2310360, ndraw=40, logz=-715.46, remainder_fraction=13.3170%, Lmin=-706.82, Lmax=-706.17
13:45:19 [ultranest] [DEBUG] iteration=4302, ncalls=52812, regioncalls=2310680, ndraw=40, logz=-715.46, remainder_fraction=13.2876%, Lmin=-706.82, Lmax=-706.17
13:45:20 [ultranest] [DEBUG] iteration=4303, ncalls=52835, regioncalls=2311600, ndraw=40, logz=-715.46, remainder_fraction=13.2590%, Lmin=-706.82, Lmax=-706.17
13:45:20 [ultranest] [DEBUG] iteration=4304, ncalls=52840, regioncalls=2311800, ndraw=40, logz=-715.46, remainder_fraction=13.2350%, Lmin=-706.82, Lmax=-706.17
13:45:21 [ultranest] [DEBUG] iteration=4305, ncalls=52858, regioncalls=2312520, ndraw=40, logz=-715.46, remainder_fraction=13.2058%, Lmin=-706.82, Lmax=-706.17
13:45:21 [ultranest] [DEBUG] iteration=4306, ncalls=52864, regioncalls=2312760, ndraw=40, logz=-715.46, remainder_fraction=13.1753%, Lmin=-706.82, Lmax=-706.17
13:45:21 [ultranest] [DEBUG] iteration=4308, ncalls=52867, regioncalls=2312880, ndraw=40, logz=-715.46, remainder_fraction=13.1197%, Lmin=-706.81, Lmax=-706.17
13:45:22 [ultranest] [DEBUG] iteration=4309, ncalls=52883, regioncalls=2313520, ndraw=40, logz=-715.46, remainder_fraction=13.0929%, Lmin=-706.81, Lmax=-706.17
13:45:22 [ultranest] [DEBUG] iteration=4311, ncalls=52888, regioncalls=2313720, ndraw=40, logz=-715.46, remainder_fraction=13.0449%, Lmin=-706.81, Lmax=-706.17
13:45:22 [ultranest] [DEBUG] iteration=4312, ncalls=52891, regioncalls=2313840, ndraw=40, logz=-715.46, remainder_fraction=13.0140%, Lmin=-706.81, Lmax=-706.17
13:45:23 [ultranest] [DEBUG] iteration=4313, ncalls=52895, regioncalls=2314000, ndraw=40, logz=-715.46, remainder_fraction=12.9961%, Lmin=-706.81, Lmax=-706.17
13:45:23 [ultranest] [DEBUG] iteration=4315, ncalls=52898, regioncalls=2314120, ndraw=40, logz=-715.46, remainder_fraction=12.9413%, Lmin=-706.81, Lmax=-706.17
13:45:23 [ultranest] [DEBUG] iteration=4316, ncalls=52906, regioncalls=2314440, ndraw=40, logz=-715.45, remainder_fraction=12.9140%, Lmin=-706.81, Lmax=-706.17
13:45:24 [ultranest] [DEBUG] iteration=4317, ncalls=52918, regioncalls=2314920, ndraw=40, logz=-715.45, remainder_fraction=12.8963%, Lmin=-706.81, Lmax=-706.17
13:45:24 [ultranest] [DEBUG] iteration=4318, ncalls=52933, regioncalls=2315520, ndraw=40, logz=-715.45, remainder_fraction=12.8752%, Lmin=-706.81, Lmax=-706.17
13:45:25 [ultranest] [DEBUG] iteration=4319, ncalls=52940, regioncalls=2315800, ndraw=40, logz=-715.45, remainder_fraction=12.8495%, Lmin=-706.81, Lmax=-706.17
13:45:26 [ultranest] [DEBUG] iteration=4320, ncalls=52955, regioncalls=2316400, ndraw=40, logz=-715.45, remainder_fraction=12.8266%, Lmin=-706.81, Lmax=-706.17
13:45:26 [ultranest] [DEBUG] iteration=4321, ncalls=52958, regioncalls=2316520, ndraw=40, logz=-715.45, remainder_fraction=12.7964%, Lmin=-706.81, Lmax=-706.17
13:45:26 [ultranest] [DEBUG] iteration=4323, ncalls=52960, regioncalls=2316680, ndraw=40, logz=-715.45, remainder_fraction=12.7406%, Lmin=-706.81, Lmax=-706.17
13:45:26 [ultranest] [DEBUG] iteration=4325, ncalls=52967, regioncalls=2316960, ndraw=40, logz=-715.45, remainder_fraction=12.6929%, Lmin=-706.80, Lmax=-706.17
13:45:26 [ultranest] [DEBUG] iteration=4326, ncalls=52970, regioncalls=2317080, ndraw=40, logz=-715.45, remainder_fraction=12.6661%, Lmin=-706.80, Lmax=-706.17
13:45:27 [ultranest] [DEBUG] iteration=4327, ncalls=52981, regioncalls=2317520, ndraw=40, logz=-715.45, remainder_fraction=12.6412%, Lmin=-706.80, Lmax=-706.17
13:45:28 [ultranest] [DEBUG] iteration=4328, ncalls=53001, regioncalls=2318320, ndraw=40, logz=-715.45, remainder_fraction=12.6120%, Lmin=-706.80, Lmax=-706.17
13:45:28 [ultranest] [DEBUG] iteration=4329, ncalls=53007, regioncalls=2318560, ndraw=40, logz=-715.45, remainder_fraction=12.5859%, Lmin=-706.80, Lmax=-706.17
13:45:29 [ultranest] [DEBUG] iteration=4330, ncalls=53024, regioncalls=2319240, ndraw=40, logz=-715.45, remainder_fraction=12.5564%, Lmin=-706.80, Lmax=-706.17
13:45:29 [ultranest] [DEBUG] iteration=4331, ncalls=53029, regioncalls=2319440, ndraw=40, logz=-715.45, remainder_fraction=12.5290%, Lmin=-706.80, Lmax=-706.17
13:45:30 [ultranest] [DEBUG] iteration=4332, ncalls=53035, regioncalls=2319680, ndraw=40, logz=-715.45, remainder_fraction=12.5019%, Lmin=-706.80, Lmax=-706.17
13:45:30 [ultranest] [DEBUG] iteration=4333, ncalls=53043, regioncalls=2320000, ndraw=40, logz=-715.45, remainder_fraction=12.4717%, Lmin=-706.80, Lmax=-706.17
13:45:30 [ultranest] [DEBUG] iteration=4334, ncalls=53053, regioncalls=2320400, ndraw=40, logz=-715.45, remainder_fraction=12.4496%, Lmin=-706.80, Lmax=-706.17
13:45:31 [ultranest] [DEBUG] iteration=4335, ncalls=53063, regioncalls=2320800, ndraw=40, logz=-715.45, remainder_fraction=12.4279%, Lmin=-706.80, Lmax=-706.17
13:45:31 [ultranest] [DEBUG] iteration=4336, ncalls=53066, regioncalls=2320920, ndraw=40, logz=-715.45, remainder_fraction=12.4012%, Lmin=-706.80, Lmax=-706.17
13:45:32 [ultranest] [DEBUG] iteration=4337, ncalls=53075, regioncalls=2321280, ndraw=40, logz=-715.45, remainder_fraction=12.3791%, Lmin=-706.80, Lmax=-706.17
13:45:32 [ultranest] [DEBUG] iteration=4338, ncalls=53082, regioncalls=2321560, ndraw=40, logz=-715.45, remainder_fraction=12.3503%, Lmin=-706.80, Lmax=-706.17
13:45:32 [ultranest] [DEBUG] iteration=4339, ncalls=53086, regioncalls=2321720, ndraw=40, logz=-715.45, remainder_fraction=12.3234%, Lmin=-706.80, Lmax=-706.17
13:45:32 [ultranest] [DEBUG] iteration=4340, ncalls=53091, regioncalls=2321920, ndraw=40, logz=-715.45, remainder_fraction=12.2934%, Lmin=-706.80, Lmax=-706.17
13:45:33 [ultranest] [DEBUG] iteration=4341, ncalls=53096, regioncalls=2322120, ndraw=40, logz=-715.45, remainder_fraction=12.2652%, Lmin=-706.80, Lmax=-706.17
13:45:33 [ultranest] [DEBUG] iteration=4342, ncalls=53100, regioncalls=2322280, ndraw=40, logz=-715.45, remainder_fraction=12.2392%, Lmin=-706.80, Lmax=-706.17
13:45:33 [ultranest] [DEBUG] iteration=4343, ncalls=53104, regioncalls=2322440, ndraw=40, logz=-715.45, remainder_fraction=12.2164%, Lmin=-706.79, Lmax=-706.17
13:45:33 [ultranest] [DEBUG] iteration=4344, ncalls=53109, regioncalls=2322640, ndraw=40, logz=-715.45, remainder_fraction=12.1892%, Lmin=-706.79, Lmax=-706.17
13:45:34 [ultranest] [DEBUG] iteration=4345, ncalls=53115, regioncalls=2322880, ndraw=40, logz=-715.45, remainder_fraction=12.1653%, Lmin=-706.79, Lmax=-706.17
13:45:34 [ultranest] [DEBUG] iteration=4346, ncalls=53123, regioncalls=2323200, ndraw=40, logz=-715.45, remainder_fraction=12.1357%, Lmin=-706.79, Lmax=-706.17
13:45:34 [ultranest] [DEBUG] iteration=4347, ncalls=53130, regioncalls=2323480, ndraw=40, logz=-715.45, remainder_fraction=12.1082%, Lmin=-706.79, Lmax=-706.17
13:45:34 [ultranest] [DEBUG] iteration=4348, ncalls=53134, regioncalls=2323640, ndraw=40, logz=-715.45, remainder_fraction=12.0823%, Lmin=-706.79, Lmax=-706.17
13:45:35 [ultranest] [DEBUG] iteration=4349, ncalls=53142, regioncalls=2323960, ndraw=40, logz=-715.45, remainder_fraction=12.0535%, Lmin=-706.79, Lmax=-706.17
13:45:35 [ultranest] [DEBUG] iteration=4350, ncalls=53148, regioncalls=2324200, ndraw=40, logz=-715.45, remainder_fraction=12.0355%, Lmin=-706.79, Lmax=-706.17
13:45:35 [ultranest] [DEBUG] iteration=4352, ncalls=53155, regioncalls=2324480, ndraw=40, logz=-715.44, remainder_fraction=11.9950%, Lmin=-706.79, Lmax=-706.17
13:45:36 [ultranest] [DEBUG] iteration=4355, ncalls=53161, regioncalls=2324720, ndraw=40, logz=-715.44, remainder_fraction=11.9173%, Lmin=-706.79, Lmax=-706.17
13:45:36 [ultranest] [DEBUG] iteration=4356, ncalls=53163, regioncalls=2324800, ndraw=40, logz=-715.44, remainder_fraction=11.8917%, Lmin=-706.79, Lmax=-706.17
13:45:36 [ultranest] [DEBUG] iteration=4357, ncalls=53168, regioncalls=2325000, ndraw=40, logz=-715.44, remainder_fraction=11.8669%, Lmin=-706.78, Lmax=-706.17
13:45:37 [ultranest] [DEBUG] iteration=4358, ncalls=53179, regioncalls=2325440, ndraw=40, logz=-715.44, remainder_fraction=11.8442%, Lmin=-706.78, Lmax=-706.17
13:45:37 [ultranest] [DEBUG] iteration=4359, ncalls=53194, regioncalls=2326080, ndraw=40, logz=-715.44, remainder_fraction=11.8199%, Lmin=-706.78, Lmax=-706.17
13:45:38 [ultranest] [DEBUG] iteration=4360, ncalls=53196, regioncalls=2326160, ndraw=40, logz=-715.44, remainder_fraction=11.7948%, Lmin=-706.78, Lmax=-706.17
13:45:38 [ultranest] [DEBUG] iteration=4361, ncalls=53203, regioncalls=2326440, ndraw=40, logz=-715.44, remainder_fraction=11.7789%, Lmin=-706.78, Lmax=-706.17
13:45:38 [ultranest] [DEBUG] iteration=4363, ncalls=53206, regioncalls=2326560, ndraw=40, logz=-715.44, remainder_fraction=11.7306%, Lmin=-706.78, Lmax=-706.17
13:45:39 [ultranest] [DEBUG] iteration=4364, ncalls=53221, regioncalls=2327160, ndraw=40, logz=-715.44, remainder_fraction=11.7020%, Lmin=-706.78, Lmax=-706.17
13:45:39 [ultranest] [DEBUG] iteration=4365, ncalls=53236, regioncalls=2327760, ndraw=40, logz=-715.44, remainder_fraction=11.6798%, Lmin=-706.78, Lmax=-706.17
13:45:40 [ultranest] [DEBUG] iteration=4367, ncalls=53242, regioncalls=2328000, ndraw=40, logz=-715.44, remainder_fraction=11.6257%, Lmin=-706.78, Lmax=-706.17
13:45:40 [ultranest] [DEBUG] iteration=4368, ncalls=53246, regioncalls=2328160, ndraw=40, logz=-715.44, remainder_fraction=11.6001%, Lmin=-706.78, Lmax=-706.17
13:45:41 [ultranest] [DEBUG] iteration=4369, ncalls=53260, regioncalls=2328720, ndraw=40, logz=-715.44, remainder_fraction=11.5752%, Lmin=-706.78, Lmax=-706.17
13:45:41 [ultranest] [DEBUG] iteration=4370, ncalls=53269, regioncalls=2329080, ndraw=40, logz=-715.44, remainder_fraction=11.5520%, Lmin=-706.77, Lmax=-706.17
13:45:41 [ultranest] [DEBUG] iteration=4371, ncalls=53273, regioncalls=2329240, ndraw=40, logz=-715.44, remainder_fraction=11.5296%, Lmin=-706.77, Lmax=-706.17
13:45:42 [ultranest] [DEBUG] iteration=4372, ncalls=53280, regioncalls=2329520, ndraw=40, logz=-715.44, remainder_fraction=11.5018%, Lmin=-706.77, Lmax=-706.17
13:45:42 [ultranest] [DEBUG] iteration=4373, ncalls=53284, regioncalls=2329680, ndraw=40, logz=-715.44, remainder_fraction=11.4761%, Lmin=-706.77, Lmax=-706.17
13:45:44 [ultranest] [DEBUG] iteration=4374, ncalls=53334, regioncalls=2331680, ndraw=40, logz=-715.44, remainder_fraction=11.4519%, Lmin=-706.77, Lmax=-706.17
13:45:45 [ultranest] [DEBUG] iteration=4375, ncalls=53340, regioncalls=2331920, ndraw=40, logz=-715.44, remainder_fraction=11.4324%, Lmin=-706.77, Lmax=-706.17
13:45:45 [ultranest] [DEBUG] iteration=4376, ncalls=53352, regioncalls=2332400, ndraw=40, logz=-715.44, remainder_fraction=11.4119%, Lmin=-706.77, Lmax=-706.17
13:45:46 [ultranest] [DEBUG] iteration=4377, ncalls=53378, regioncalls=2333440, ndraw=40, logz=-715.44, remainder_fraction=11.3891%, Lmin=-706.77, Lmax=-706.17
13:45:47 [ultranest] [DEBUG] iteration=4378, ncalls=53380, regioncalls=2333520, ndraw=40, logz=-715.44, remainder_fraction=11.3645%, Lmin=-706.77, Lmax=-706.17
13:45:47 [ultranest] [DEBUG] iteration=4379, ncalls=53385, regioncalls=2333720, ndraw=40, logz=-715.44, remainder_fraction=11.3395%, Lmin=-706.77, Lmax=-706.17
13:45:47 [ultranest] [DEBUG] iteration=4380, ncalls=53393, regioncalls=2334040, ndraw=40, logz=-715.44, remainder_fraction=11.3154%, Lmin=-706.77, Lmax=-706.17
13:45:48 [ultranest] [DEBUG] iteration=4381, ncalls=53405, regioncalls=2334520, ndraw=40, logz=-715.44, remainder_fraction=11.2925%, Lmin=-706.77, Lmax=-706.17
13:45:48 [ultranest] [DEBUG] iteration=4383, ncalls=53407, regioncalls=2334600, ndraw=40, logz=-715.44, remainder_fraction=11.2619%, Lmin=-706.77, Lmax=-706.17
13:45:49 [ultranest] [DEBUG] iteration=4384, ncalls=53424, regioncalls=2335280, ndraw=40, logz=-715.44, remainder_fraction=11.2418%, Lmin=-706.77, Lmax=-706.17
13:45:49 [ultranest] [DEBUG] iteration=4385, ncalls=53437, regioncalls=2335800, ndraw=40, logz=-715.44, remainder_fraction=11.2171%, Lmin=-706.76, Lmax=-706.17
13:45:50 [ultranest] [DEBUG] iteration=4387, ncalls=53445, regioncalls=2336120, ndraw=40, logz=-715.44, remainder_fraction=11.1634%, Lmin=-706.76, Lmax=-706.17
13:45:51 [ultranest] [DEBUG] iteration=4388, ncalls=53465, regioncalls=2336920, ndraw=40, logz=-715.43, remainder_fraction=11.1368%, Lmin=-706.76, Lmax=-706.17
13:45:51 [ultranest] [DEBUG] iteration=4389, ncalls=53469, regioncalls=2337080, ndraw=40, logz=-715.43, remainder_fraction=11.1205%, Lmin=-706.76, Lmax=-706.17
13:45:51 [ultranest] [DEBUG] iteration=4390, ncalls=53476, regioncalls=2337360, ndraw=40, logz=-715.43, remainder_fraction=11.0959%, Lmin=-706.76, Lmax=-706.17
13:45:52 [ultranest] [DEBUG] iteration=4391, ncalls=53487, regioncalls=2337800, ndraw=40, logz=-715.43, remainder_fraction=11.0689%, Lmin=-706.76, Lmax=-706.17
13:45:52 [ultranest] [DEBUG] iteration=4393, ncalls=53492, regioncalls=2338000, ndraw=40, logz=-715.43, remainder_fraction=11.0207%, Lmin=-706.76, Lmax=-706.17
13:45:52 [ultranest] [DEBUG] iteration=4394, ncalls=53497, regioncalls=2338200, ndraw=40, logz=-715.43, remainder_fraction=11.0005%, Lmin=-706.76, Lmax=-706.17
13:45:53 [ultranest] [DEBUG] iteration=4395, ncalls=53516, regioncalls=2338960, ndraw=40, logz=-715.43, remainder_fraction=10.9775%, Lmin=-706.76, Lmax=-706.17
13:45:53 [ultranest] [DEBUG] iteration=4396, ncalls=53519, regioncalls=2339080, ndraw=40, logz=-715.43, remainder_fraction=10.9562%, Lmin=-706.76, Lmax=-706.17
13:45:54 [ultranest] [DEBUG] iteration=4397, ncalls=53523, regioncalls=2339240, ndraw=40, logz=-715.43, remainder_fraction=10.9312%, Lmin=-706.76, Lmax=-706.17
13:45:54 [ultranest] [DEBUG] iteration=4398, ncalls=53538, regioncalls=2339840, ndraw=40, logz=-715.43, remainder_fraction=10.9088%, Lmin=-706.75, Lmax=-706.17
13:45:55 [ultranest] [DEBUG] iteration=4399, ncalls=53549, regioncalls=2340280, ndraw=40, logz=-715.43, remainder_fraction=10.8839%, Lmin=-706.75, Lmax=-706.17
13:45:55 [ultranest] [DEBUG] iteration=4400, ncalls=53555, regioncalls=2340520, ndraw=40, logz=-715.43, remainder_fraction=10.8588%, Lmin=-706.75, Lmax=-706.17
13:45:58 [ultranest] [DEBUG] iteration=4401, ncalls=53605, regioncalls=2342520, ndraw=40, logz=-715.43, remainder_fraction=10.8328%, Lmin=-706.75, Lmax=-706.17
13:45:58 [ultranest] [DEBUG] iteration=4402, ncalls=53608, regioncalls=2342640, ndraw=40, logz=-715.43, remainder_fraction=10.8128%, Lmin=-706.75, Lmax=-706.17
13:45:58 [ultranest] [DEBUG] iteration=4403, ncalls=53610, regioncalls=2342720, ndraw=40, logz=-715.43, remainder_fraction=10.7879%, Lmin=-706.75, Lmax=-706.17
13:45:58 [ultranest] [DEBUG] iteration=4404, ncalls=53615, regioncalls=2342920, ndraw=40, logz=-715.43, remainder_fraction=10.7627%, Lmin=-706.75, Lmax=-706.17
13:45:58 [ultranest] [DEBUG] iteration=4405, ncalls=53622, regioncalls=2343200, ndraw=40, logz=-715.43, remainder_fraction=10.7454%, Lmin=-706.75, Lmax=-706.17
13:45:59 [ultranest] [DEBUG] iteration=4406, ncalls=53625, regioncalls=2343320, ndraw=40, logz=-715.43, remainder_fraction=10.7214%, Lmin=-706.75, Lmax=-706.17
13:45:59 [ultranest] [DEBUG] iteration=4407, ncalls=53638, regioncalls=2343840, ndraw=40, logz=-715.43, remainder_fraction=10.6954%, Lmin=-706.75, Lmax=-706.17
13:46:00 [ultranest] [DEBUG] iteration=4409, ncalls=53660, regioncalls=2344720, ndraw=40, logz=-715.43, remainder_fraction=10.6538%, Lmin=-706.75, Lmax=-706.17
13:46:01 [ultranest] [DEBUG] iteration=4410, ncalls=53669, regioncalls=2345080, ndraw=40, logz=-715.43, remainder_fraction=10.6301%, Lmin=-706.75, Lmax=-706.17
13:46:01 [ultranest] [DEBUG] iteration=4411, ncalls=53680, regioncalls=2345520, ndraw=40, logz=-715.43, remainder_fraction=10.6114%, Lmin=-706.75, Lmax=-706.17
13:46:01 [ultranest] [DEBUG] iteration=4413, ncalls=53682, regioncalls=2345680, ndraw=40, logz=-715.43, remainder_fraction=10.5756%, Lmin=-706.74, Lmax=-706.17
13:46:02 [ultranest] [DEBUG] iteration=4414, ncalls=53686, regioncalls=2345920, ndraw=40, logz=-715.43, remainder_fraction=10.5561%, Lmin=-706.74, Lmax=-706.17
13:46:02 [ultranest] [DEBUG] iteration=4415, ncalls=53688, regioncalls=2346000, ndraw=40, logz=-715.43, remainder_fraction=10.5348%, Lmin=-706.74, Lmax=-706.17
13:46:02 [ultranest] [DEBUG] iteration=4416, ncalls=53696, regioncalls=2346400, ndraw=40, logz=-715.43, remainder_fraction=10.5091%, Lmin=-706.74, Lmax=-706.17
13:46:03 [ultranest] [DEBUG] iteration=4417, ncalls=53706, regioncalls=2346920, ndraw=40, logz=-715.43, remainder_fraction=10.4929%, Lmin=-706.74, Lmax=-706.17
13:46:04 [ultranest] [DEBUG] iteration=4418, ncalls=53728, regioncalls=2347800, ndraw=40, logz=-715.43, remainder_fraction=10.4717%, Lmin=-706.74, Lmax=-706.17
13:46:04 [ultranest] [DEBUG] iteration=4419, ncalls=53733, regioncalls=2348000, ndraw=40, logz=-715.43, remainder_fraction=10.4499%, Lmin=-706.74, Lmax=-706.17
13:46:05 [ultranest] [DEBUG] iteration=4420, ncalls=53758, regioncalls=2349000, ndraw=40, logz=-715.43, remainder_fraction=10.4252%, Lmin=-706.74, Lmax=-706.17
13:46:06 [ultranest] [DEBUG] iteration=4421, ncalls=53775, regioncalls=2349680, ndraw=40, logz=-715.43, remainder_fraction=10.4084%, Lmin=-706.74, Lmax=-706.17
13:46:07 [ultranest] [DEBUG] iteration=4422, ncalls=53783, regioncalls=2350000, ndraw=40, logz=-715.43, remainder_fraction=10.3879%, Lmin=-706.74, Lmax=-706.17
13:46:07 [ultranest] [DEBUG] iteration=4423, ncalls=53789, regioncalls=2350240, ndraw=40, logz=-715.43, remainder_fraction=10.3626%, Lmin=-706.74, Lmax=-706.17
13:46:07 [ultranest] [DEBUG] iteration=4424, ncalls=53793, regioncalls=2350400, ndraw=40, logz=-715.43, remainder_fraction=10.3438%, Lmin=-706.74, Lmax=-706.17
13:46:08 [ultranest] [DEBUG] iteration=4425, ncalls=53810, regioncalls=2351080, ndraw=40, logz=-715.43, remainder_fraction=10.3194%, Lmin=-706.74, Lmax=-706.17
13:46:09 [ultranest] [DEBUG] iteration=4426, ncalls=53832, regioncalls=2352080, ndraw=40, logz=-715.43, remainder_fraction=10.3003%, Lmin=-706.74, Lmax=-706.17
13:46:11 [ultranest] [DEBUG] iteration=4428, ncalls=53867, regioncalls=2353720, ndraw=40, logz=-715.42, remainder_fraction=10.2548%, Lmin=-706.73, Lmax=-706.17
13:46:11 [ultranest] [DEBUG] iteration=4429, ncalls=53873, regioncalls=2353960, ndraw=40, logz=-715.42, remainder_fraction=10.2339%, Lmin=-706.73, Lmax=-706.17
13:46:13 [ultranest] [DEBUG] iteration=4430, ncalls=53910, regioncalls=2355440, ndraw=40, logz=-715.42, remainder_fraction=10.2131%, Lmin=-706.73, Lmax=-706.17
13:46:13 [ultranest] [DEBUG] iteration=4432, ncalls=53914, regioncalls=2355600, ndraw=40, logz=-715.42, remainder_fraction=10.1639%, Lmin=-706.73, Lmax=-706.17
13:46:14 [ultranest] [DEBUG] iteration=4433, ncalls=53927, regioncalls=2356120, ndraw=40, logz=-715.42, remainder_fraction=10.1511%, Lmin=-706.73, Lmax=-706.17
13:46:15 [ultranest] [DEBUG] iteration=4434, ncalls=53952, regioncalls=2357120, ndraw=40, logz=-715.42, remainder_fraction=10.1310%, Lmin=-706.73, Lmax=-706.17
13:46:17 [ultranest] [DEBUG] iteration=4435, ncalls=53986, regioncalls=2358560, ndraw=40, logz=-715.42, remainder_fraction=10.1098%, Lmin=-706.73, Lmax=-706.17
13:46:17 [ultranest] [DEBUG] iteration=4436, ncalls=53993, regioncalls=2358920, ndraw=40, logz=-715.42, remainder_fraction=10.0889%, Lmin=-706.73, Lmax=-706.17
13:46:17 [ultranest] [DEBUG] iteration=4437, ncalls=53996, regioncalls=2359200, ndraw=40, logz=-715.42, remainder_fraction=10.0656%, Lmin=-706.73, Lmax=-706.17
13:46:18 [ultranest] [DEBUG] iteration=4438, ncalls=54015, regioncalls=2359960, ndraw=40, logz=-715.42, remainder_fraction=10.0484%, Lmin=-706.73, Lmax=-706.17
13:46:19 [ultranest] [DEBUG] iteration=4439, ncalls=54033, regioncalls=2360680, ndraw=40, logz=-715.42, remainder_fraction=10.0261%, Lmin=-706.73, Lmax=-706.17
13:46:19 [ultranest] [DEBUG] iteration=4440, ncalls=54037, regioncalls=2360840, ndraw=40, logz=-715.42, remainder_fraction=10.0055%, Lmin=-706.73, Lmax=-706.17
13:46:20 [ultranest] [DEBUG] iteration=4441, ncalls=54064, regioncalls=2361920, ndraw=40, logz=-715.42, remainder_fraction=9.9818%, Lmin=-706.73, Lmax=-706.17
13:46:21 [ultranest] [DEBUG] iteration=4442, ncalls=54070, regioncalls=2362160, ndraw=40, logz=-715.42, remainder_fraction=9.9606%, Lmin=-706.73, Lmax=-706.17
13:46:21 [ultranest] [DEBUG] iteration=4443, ncalls=54075, regioncalls=2362360, ndraw=40, logz=-715.42, remainder_fraction=9.9440%, Lmin=-706.73, Lmax=-706.17
13:46:21 [ultranest] [DEBUG] iteration=4445, ncalls=54078, regioncalls=2362480, ndraw=40, logz=-715.42, remainder_fraction=9.9019%, Lmin=-706.72, Lmax=-706.17
13:46:21 [ultranest] [DEBUG] iteration=4446, ncalls=54085, regioncalls=2362760, ndraw=40, logz=-715.42, remainder_fraction=9.8803%, Lmin=-706.72, Lmax=-706.17
13:46:22 [ultranest] [DEBUG] iteration=4448, ncalls=54093, regioncalls=2363080, ndraw=40, logz=-715.42, remainder_fraction=9.8420%, Lmin=-706.72, Lmax=-706.17
13:46:22 [ultranest] [DEBUG] iteration=4449, ncalls=54097, regioncalls=2363240, ndraw=40, logz=-715.42, remainder_fraction=9.8292%, Lmin=-706.72, Lmax=-706.17
13:46:23 [ultranest] [DEBUG] iteration=4450, ncalls=54111, regioncalls=2363800, ndraw=40, logz=-715.42, remainder_fraction=9.8068%, Lmin=-706.72, Lmax=-706.17
13:46:23 [ultranest] [DEBUG] iteration=4451, ncalls=54116, regioncalls=2364000, ndraw=40, logz=-715.42, remainder_fraction=9.7889%, Lmin=-706.72, Lmax=-706.17
13:46:24 [ultranest] [DEBUG] iteration=4452, ncalls=54138, regioncalls=2364880, ndraw=40, logz=-715.42, remainder_fraction=9.7717%, Lmin=-706.72, Lmax=-706.17
13:46:24 [ultranest] [DEBUG] iteration=4453, ncalls=54142, regioncalls=2365040, ndraw=40, logz=-715.42, remainder_fraction=9.7546%, Lmin=-706.72, Lmax=-706.17
13:46:25 [ultranest] [DEBUG] iteration=4454, ncalls=54158, regioncalls=2365680, ndraw=40, logz=-715.42, remainder_fraction=9.7419%, Lmin=-706.72, Lmax=-706.17
13:46:25 [ultranest] [DEBUG] iteration=4455, ncalls=54164, regioncalls=2365920, ndraw=40, logz=-715.42, remainder_fraction=9.7190%, Lmin=-706.72, Lmax=-706.17
13:46:26 [ultranest] [DEBUG] iteration=4456, ncalls=54170, regioncalls=2366160, ndraw=40, logz=-715.42, remainder_fraction=9.6983%, Lmin=-706.72, Lmax=-706.17
13:46:26 [ultranest] [DEBUG] iteration=4457, ncalls=54179, regioncalls=2366600, ndraw=40, logz=-715.42, remainder_fraction=9.6775%, Lmin=-706.72, Lmax=-706.17
13:46:27 [ultranest] [DEBUG] iteration=4458, ncalls=54192, regioncalls=2367120, ndraw=40, logz=-715.42, remainder_fraction=9.6543%, Lmin=-706.72, Lmax=-706.17
13:46:27 [ultranest] [DEBUG] iteration=4459, ncalls=54194, regioncalls=2367200, ndraw=40, logz=-715.42, remainder_fraction=9.6326%, Lmin=-706.72, Lmax=-706.17
13:46:27 [ultranest] [DEBUG] iteration=4460, ncalls=54203, regioncalls=2367560, ndraw=40, logz=-715.42, remainder_fraction=9.6091%, Lmin=-706.72, Lmax=-706.17
13:46:28 [ultranest] [DEBUG] iteration=4461, ncalls=54220, regioncalls=2368240, ndraw=40, logz=-715.42, remainder_fraction=9.5902%, Lmin=-706.72, Lmax=-706.17
13:46:28 [ultranest] [DEBUG] iteration=4462, ncalls=54226, regioncalls=2368480, ndraw=40, logz=-715.42, remainder_fraction=9.5680%, Lmin=-706.71, Lmax=-706.17
13:46:29 [ultranest] [DEBUG] iteration=4463, ncalls=54239, regioncalls=2369000, ndraw=40, logz=-715.42, remainder_fraction=9.5449%, Lmin=-706.71, Lmax=-706.17
13:46:30 [ultranest] [DEBUG] iteration=4464, ncalls=54251, regioncalls=2369480, ndraw=40, logz=-715.42, remainder_fraction=9.5272%, Lmin=-706.71, Lmax=-706.17
13:46:30 [ultranest] [DEBUG] iteration=4465, ncalls=54265, regioncalls=2370040, ndraw=40, logz=-715.42, remainder_fraction=9.5107%, Lmin=-706.71, Lmax=-706.17
13:46:31 [ultranest] [DEBUG] iteration=4466, ncalls=54276, regioncalls=2370480, ndraw=40, logz=-715.42, remainder_fraction=9.4915%, Lmin=-706.71, Lmax=-706.17
13:46:32 [ultranest] [DEBUG] iteration=4467, ncalls=54289, regioncalls=2371000, ndraw=40, logz=-715.42, remainder_fraction=9.4740%, Lmin=-706.71, Lmax=-706.17
13:46:32 [ultranest] [DEBUG] iteration=4469, ncalls=54293, regioncalls=2371160, ndraw=40, logz=-715.42, remainder_fraction=9.4448%, Lmin=-706.71, Lmax=-706.17
13:46:33 [ultranest] [DEBUG] iteration=4470, ncalls=54311, regioncalls=2372280, ndraw=40, logz=-715.42, remainder_fraction=9.4220%, Lmin=-706.71, Lmax=-706.17
13:46:33 [ultranest] [DEBUG] iteration=4471, ncalls=54322, regioncalls=2373080, ndraw=40, logz=-715.42, remainder_fraction=9.4019%, Lmin=-706.71, Lmax=-706.17
13:46:34 [ultranest] [DEBUG] iteration=4472, ncalls=54341, regioncalls=2374160, ndraw=40, logz=-715.42, remainder_fraction=9.3791%, Lmin=-706.71, Lmax=-706.17
13:46:35 [ultranest] [DEBUG] iteration=4473, ncalls=54354, regioncalls=2374760, ndraw=40, logz=-715.41, remainder_fraction=9.3594%, Lmin=-706.71, Lmax=-706.13
13:46:35 [ultranest] [DEBUG] iteration=4474, ncalls=54363, regioncalls=2375160, ndraw=40, logz=-715.41, remainder_fraction=9.3385%, Lmin=-706.71, Lmax=-706.13
13:46:35 [ultranest] [DEBUG] iteration=4475, ncalls=54366, regioncalls=2375280, ndraw=40, logz=-715.41, remainder_fraction=9.3292%, Lmin=-706.71, Lmax=-706.13
13:46:36 [ultranest] [DEBUG] iteration=4476, ncalls=54384, regioncalls=2376000, ndraw=40, logz=-715.41, remainder_fraction=9.3080%, Lmin=-706.71, Lmax=-706.13
13:46:37 [ultranest] [DEBUG] iteration=4478, ncalls=54392, regioncalls=2376320, ndraw=40, logz=-715.41, remainder_fraction=9.2673%, Lmin=-706.70, Lmax=-706.13
13:46:37 [ultranest] [DEBUG] iteration=4479, ncalls=54396, regioncalls=2376480, ndraw=40, logz=-715.41, remainder_fraction=9.2446%, Lmin=-706.70, Lmax=-706.13
13:46:38 [ultranest] [DEBUG] iteration=4480, ncalls=54419, regioncalls=2377480, ndraw=40, logz=-715.41, remainder_fraction=9.2246%, Lmin=-706.70, Lmax=-706.13
13:46:38 [ultranest] [DEBUG] iteration=4481, ncalls=54421, regioncalls=2377560, ndraw=40, logz=-715.41, remainder_fraction=9.2021%, Lmin=-706.70, Lmax=-706.13
13:46:39 [ultranest] [DEBUG] iteration=4482, ncalls=54431, regioncalls=2377960, ndraw=40, logz=-715.41, remainder_fraction=9.1872%, Lmin=-706.70, Lmax=-706.13
13:46:39 [ultranest] [DEBUG] iteration=4483, ncalls=54433, regioncalls=2378040, ndraw=40, logz=-715.41, remainder_fraction=9.1673%, Lmin=-706.70, Lmax=-706.13
13:46:41 [ultranest] [DEBUG] iteration=4484, ncalls=54473, regioncalls=2379640, ndraw=40, logz=-715.41, remainder_fraction=9.1481%, Lmin=-706.70, Lmax=-706.13
13:46:41 [ultranest] [DEBUG] iteration=4485, ncalls=54478, regioncalls=2379840, ndraw=40, logz=-715.41, remainder_fraction=9.1275%, Lmin=-706.70, Lmax=-706.13
13:46:42 [ultranest] [DEBUG] iteration=4486, ncalls=54488, regioncalls=2380240, ndraw=40, logz=-715.41, remainder_fraction=9.1095%, Lmin=-706.70, Lmax=-706.13
13:46:42 [ultranest] [DEBUG] iteration=4487, ncalls=54490, regioncalls=2380320, ndraw=40, logz=-715.41, remainder_fraction=9.0873%, Lmin=-706.70, Lmax=-706.13
13:46:42 [ultranest] [DEBUG] iteration=4488, ncalls=54494, regioncalls=2380520, ndraw=40, logz=-715.41, remainder_fraction=9.0651%, Lmin=-706.70, Lmax=-706.13
13:46:42 [ultranest] [DEBUG] iteration=4489, ncalls=54498, regioncalls=2380680, ndraw=40, logz=-715.41, remainder_fraction=9.0436%, Lmin=-706.70, Lmax=-706.13
13:46:43 [ultranest] [DEBUG] iteration=4490, ncalls=54505, regioncalls=2381080, ndraw=40, logz=-715.41, remainder_fraction=9.0291%, Lmin=-706.69, Lmax=-706.13
13:46:43 [ultranest] [DEBUG] iteration=4491, ncalls=54517, regioncalls=2382000, ndraw=40, logz=-715.41, remainder_fraction=9.0105%, Lmin=-706.69, Lmax=-706.13
13:46:44 [ultranest] [DEBUG] iteration=4492, ncalls=54524, regioncalls=2382280, ndraw=40, logz=-715.41, remainder_fraction=8.9932%, Lmin=-706.69, Lmax=-706.13
13:46:45 [ultranest] [DEBUG] iteration=4494, ncalls=54545, regioncalls=2383120, ndraw=40, logz=-715.41, remainder_fraction=8.9544%, Lmin=-706.69, Lmax=-706.13
13:46:46 [ultranest] [DEBUG] iteration=4495, ncalls=54561, regioncalls=2383760, ndraw=40, logz=-715.41, remainder_fraction=8.9325%, Lmin=-706.69, Lmax=-706.13
13:46:46 [ultranest] [DEBUG] iteration=4496, ncalls=54566, regioncalls=2383960, ndraw=40, logz=-715.41, remainder_fraction=8.9162%, Lmin=-706.69, Lmax=-706.13
13:46:46 [ultranest] [DEBUG] iteration=4497, ncalls=54576, regioncalls=2384360, ndraw=40, logz=-715.41, remainder_fraction=8.9006%, Lmin=-706.69, Lmax=-706.13
13:46:47 [ultranest] [DEBUG] iteration=4498, ncalls=54582, regioncalls=2384600, ndraw=40, logz=-715.41, remainder_fraction=8.8811%, Lmin=-706.69, Lmax=-706.13
13:46:47 [ultranest] [DEBUG] iteration=4499, ncalls=54587, regioncalls=2384800, ndraw=40, logz=-715.41, remainder_fraction=8.8600%, Lmin=-706.69, Lmax=-706.13
13:46:47 [ultranest] [DEBUG] iteration=4500, ncalls=54596, regioncalls=2385160, ndraw=40, logz=-715.41, remainder_fraction=8.8411%, Lmin=-706.69, Lmax=-706.13
13:46:48 [ultranest] [DEBUG] iteration=4501, ncalls=54605, regioncalls=2385520, ndraw=40, logz=-715.41, remainder_fraction=8.8206%, Lmin=-706.69, Lmax=-706.13
13:46:48 [ultranest] [DEBUG] iteration=4502, ncalls=54619, regioncalls=2386640, ndraw=40, logz=-715.41, remainder_fraction=8.8003%, Lmin=-706.69, Lmax=-706.13
13:46:50 [ultranest] [DEBUG] iteration=4503, ncalls=54650, regioncalls=2388040, ndraw=40, logz=-715.41, remainder_fraction=8.7788%, Lmin=-706.69, Lmax=-706.13
13:46:51 [ultranest] [DEBUG] iteration=4505, ncalls=54670, regioncalls=2388960, ndraw=40, logz=-715.41, remainder_fraction=8.7435%, Lmin=-706.69, Lmax=-706.13
13:46:51 [ultranest] [DEBUG] iteration=4506, ncalls=54674, regioncalls=2389120, ndraw=40, logz=-715.41, remainder_fraction=8.7330%, Lmin=-706.69, Lmax=-706.13
13:46:52 [ultranest] [DEBUG] iteration=4507, ncalls=54682, regioncalls=2389440, ndraw=40, logz=-715.41, remainder_fraction=8.7131%, Lmin=-706.69, Lmax=-706.13
13:46:52 [ultranest] [DEBUG] iteration=4508, ncalls=54686, regioncalls=2389600, ndraw=40, logz=-715.41, remainder_fraction=8.6990%, Lmin=-706.69, Lmax=-706.13
13:46:53 [ultranest] [DEBUG] iteration=4509, ncalls=54698, regioncalls=2390080, ndraw=40, logz=-715.41, remainder_fraction=8.6793%, Lmin=-706.69, Lmax=-706.13
13:46:53 [ultranest] [DEBUG] iteration=4510, ncalls=54706, regioncalls=2390400, ndraw=40, logz=-715.41, remainder_fraction=8.6623%, Lmin=-706.69, Lmax=-706.13
13:46:54 [ultranest] [DEBUG] iteration=4512, ncalls=54720, regioncalls=2390960, ndraw=40, logz=-715.41, remainder_fraction=8.6294%, Lmin=-706.69, Lmax=-706.13
13:46:54 [ultranest] [DEBUG] iteration=4513, ncalls=54732, regioncalls=2391720, ndraw=40, logz=-715.41, remainder_fraction=8.6102%, Lmin=-706.68, Lmax=-706.13
13:46:55 [ultranest] [DEBUG] iteration=4514, ncalls=54744, regioncalls=2392200, ndraw=40, logz=-715.41, remainder_fraction=8.5909%, Lmin=-706.68, Lmax=-706.13
13:46:55 [ultranest] [DEBUG] iteration=4515, ncalls=54754, regioncalls=2392600, ndraw=40, logz=-715.41, remainder_fraction=8.5715%, Lmin=-706.68, Lmax=-706.13
13:46:56 [ultranest] [DEBUG] iteration=4516, ncalls=54772, regioncalls=2393320, ndraw=40, logz=-715.41, remainder_fraction=8.5529%, Lmin=-706.68, Lmax=-706.13
13:46:56 [ultranest] [DEBUG] iteration=4517, ncalls=54774, regioncalls=2393400, ndraw=40, logz=-715.41, remainder_fraction=8.5349%, Lmin=-706.68, Lmax=-706.13
13:46:57 [ultranest] [DEBUG] iteration=4518, ncalls=54790, regioncalls=2394040, ndraw=40, logz=-715.41, remainder_fraction=8.5207%, Lmin=-706.68, Lmax=-706.13
13:46:57 [ultranest] [DEBUG] iteration=4519, ncalls=54794, regioncalls=2394200, ndraw=40, logz=-715.41, remainder_fraction=8.5055%, Lmin=-706.68, Lmax=-706.13
13:46:57 [ultranest] [DEBUG] iteration=4520, ncalls=54796, regioncalls=2394280, ndraw=40, logz=-715.41, remainder_fraction=8.4857%, Lmin=-706.68, Lmax=-706.13
13:46:58 [ultranest] [DEBUG] iteration=4521, ncalls=54799, regioncalls=2394400, ndraw=40, logz=-715.40, remainder_fraction=8.4680%, Lmin=-706.68, Lmax=-706.13
13:46:58 [ultranest] [DEBUG] iteration=4522, ncalls=54805, regioncalls=2394640, ndraw=40, logz=-715.40, remainder_fraction=8.4483%, Lmin=-706.68, Lmax=-706.13
13:46:58 [ultranest] [DEBUG] iteration=4523, ncalls=54812, regioncalls=2394920, ndraw=40, logz=-715.40, remainder_fraction=8.4280%, Lmin=-706.68, Lmax=-706.13
13:46:59 [ultranest] [DEBUG] iteration=4524, ncalls=54817, regioncalls=2395120, ndraw=40, logz=-715.40, remainder_fraction=8.4079%, Lmin=-706.68, Lmax=-706.13
13:47:00 [ultranest] [DEBUG] iteration=4525, ncalls=54843, regioncalls=2396160, ndraw=40, logz=-715.40, remainder_fraction=8.3872%, Lmin=-706.68, Lmax=-706.13
13:47:00 [ultranest] [DEBUG] iteration=4526, ncalls=54851, regioncalls=2396480, ndraw=40, logz=-715.40, remainder_fraction=8.3689%, Lmin=-706.68, Lmax=-706.13
13:47:01 [ultranest] [DEBUG] iteration=4528, ncalls=54859, regioncalls=2396800, ndraw=40, logz=-715.40, remainder_fraction=8.3327%, Lmin=-706.68, Lmax=-706.13
13:47:02 [ultranest] [DEBUG] iteration=4529, ncalls=54881, regioncalls=2397680, ndraw=40, logz=-715.40, remainder_fraction=8.3134%, Lmin=-706.67, Lmax=-706.13
13:47:05 [ultranest] [DEBUG] iteration=4531, ncalls=54936, regioncalls=2399880, ndraw=40, logz=-715.40, remainder_fraction=8.2760%, Lmin=-706.67, Lmax=-706.13
13:47:06 [ultranest] [DEBUG] iteration=4532, ncalls=54942, regioncalls=2400120, ndraw=40, logz=-715.40, remainder_fraction=8.2570%, Lmin=-706.67, Lmax=-706.13
13:47:07 [ultranest] [DEBUG] iteration=4533, ncalls=54965, regioncalls=2401040, ndraw=40, logz=-715.40, remainder_fraction=8.2375%, Lmin=-706.67, Lmax=-706.13
13:47:07 [ultranest] [DEBUG] iteration=4535, ncalls=54967, regioncalls=2401120, ndraw=40, logz=-715.40, remainder_fraction=8.2013%, Lmin=-706.67, Lmax=-706.13
13:47:08 [ultranest] [DEBUG] iteration=4536, ncalls=54978, regioncalls=2401560, ndraw=40, logz=-715.40, remainder_fraction=8.1828%, Lmin=-706.67, Lmax=-706.13
13:47:08 [ultranest] [DEBUG] iteration=4537, ncalls=54984, regioncalls=2401800, ndraw=40, logz=-715.40, remainder_fraction=8.1635%, Lmin=-706.67, Lmax=-706.13
13:47:08 [ultranest] [DEBUG] iteration=4538, ncalls=54987, regioncalls=2401920, ndraw=40, logz=-715.40, remainder_fraction=8.1435%, Lmin=-706.67, Lmax=-706.13
13:47:09 [ultranest] [DEBUG] iteration=4539, ncalls=55005, regioncalls=2402640, ndraw=40, logz=-715.40, remainder_fraction=8.1272%, Lmin=-706.67, Lmax=-706.13
13:47:10 [ultranest] [DEBUG] iteration=4540, ncalls=55028, regioncalls=2403560, ndraw=40, logz=-715.40, remainder_fraction=8.1098%, Lmin=-706.67, Lmax=-706.13
13:47:10 [ultranest] [DEBUG] iteration=4541, ncalls=55030, regioncalls=2403640, ndraw=40, logz=-715.40, remainder_fraction=8.0902%, Lmin=-706.67, Lmax=-706.13
13:47:11 [ultranest] [DEBUG] iteration=4542, ncalls=55041, regioncalls=2404080, ndraw=40, logz=-715.40, remainder_fraction=8.0716%, Lmin=-706.67, Lmax=-706.13
13:47:12 [ultranest] [DEBUG] iteration=4543, ncalls=55056, regioncalls=2404680, ndraw=40, logz=-715.40, remainder_fraction=8.0526%, Lmin=-706.67, Lmax=-706.13
13:47:12 [ultranest] [DEBUG] iteration=4544, ncalls=55058, regioncalls=2404760, ndraw=40, logz=-715.40, remainder_fraction=8.0330%, Lmin=-706.67, Lmax=-706.13
13:47:12 [ultranest] [DEBUG] iteration=4545, ncalls=55061, regioncalls=2404880, ndraw=40, logz=-715.40, remainder_fraction=8.0205%, Lmin=-706.67, Lmax=-706.13
13:47:12 [ultranest] [DEBUG] iteration=4546, ncalls=55064, regioncalls=2405000, ndraw=40, logz=-715.40, remainder_fraction=8.0024%, Lmin=-706.67, Lmax=-706.13
13:47:12 [ultranest] [DEBUG] iteration=4547, ncalls=55066, regioncalls=2405080, ndraw=40, logz=-715.40, remainder_fraction=7.9865%, Lmin=-706.66, Lmax=-706.13
13:47:13 [ultranest] [DEBUG] iteration=4548, ncalls=55075, regioncalls=2405440, ndraw=40, logz=-715.40, remainder_fraction=7.9677%, Lmin=-706.66, Lmax=-706.13
13:47:13 [ultranest] [DEBUG] iteration=4549, ncalls=55085, regioncalls=2405840, ndraw=40, logz=-715.40, remainder_fraction=7.9496%, Lmin=-706.66, Lmax=-706.13
13:47:14 [ultranest] [DEBUG] iteration=4550, ncalls=55088, regioncalls=2405960, ndraw=40, logz=-715.40, remainder_fraction=7.9302%, Lmin=-706.66, Lmax=-706.13
13:47:15 [ultranest] [DEBUG] iteration=4551, ncalls=55109, regioncalls=2406800, ndraw=40, logz=-715.40, remainder_fraction=7.9143%, Lmin=-706.66, Lmax=-706.13
13:47:15 [ultranest] [DEBUG] iteration=4552, ncalls=55119, regioncalls=2407200, ndraw=40, logz=-715.40, remainder_fraction=7.8953%, Lmin=-706.66, Lmax=-706.13
13:47:16 [ultranest] [DEBUG] iteration=4553, ncalls=55128, regioncalls=2407560, ndraw=40, logz=-715.40, remainder_fraction=7.8775%, Lmin=-706.66, Lmax=-706.13
13:47:16 [ultranest] [DEBUG] iteration=4554, ncalls=55131, regioncalls=2407680, ndraw=40, logz=-715.40, remainder_fraction=7.8583%, Lmin=-706.66, Lmax=-706.13
13:47:16 [ultranest] [DEBUG] iteration=4555, ncalls=55137, regioncalls=2407920, ndraw=40, logz=-715.40, remainder_fraction=7.8449%, Lmin=-706.66, Lmax=-706.13
13:47:17 [ultranest] [DEBUG] iteration=4556, ncalls=55139, regioncalls=2408000, ndraw=40, logz=-715.40, remainder_fraction=7.8298%, Lmin=-706.66, Lmax=-706.13
13:47:17 [ultranest] [DEBUG] iteration=4557, ncalls=55143, regioncalls=2408160, ndraw=40, logz=-715.40, remainder_fraction=7.8106%, Lmin=-706.66, Lmax=-706.13
13:47:17 [ultranest] [DEBUG] iteration=4559, ncalls=55154, regioncalls=2408600, ndraw=40, logz=-715.40, remainder_fraction=7.7759%, Lmin=-706.65, Lmax=-706.13
13:47:17 [ultranest] [DEBUG] iteration=4560, ncalls=55157, regioncalls=2408720, ndraw=40, logz=-715.40, remainder_fraction=7.7580%, Lmin=-706.65, Lmax=-706.13
13:47:18 [ultranest] [DEBUG] iteration=4561, ncalls=55169, regioncalls=2409200, ndraw=40, logz=-715.40, remainder_fraction=7.7409%, Lmin=-706.65, Lmax=-706.13
13:47:18 [ultranest] [DEBUG] iteration=4562, ncalls=55174, regioncalls=2409400, ndraw=40, logz=-715.40, remainder_fraction=7.7235%, Lmin=-706.65, Lmax=-706.13
13:47:19 [ultranest] [DEBUG] iteration=4563, ncalls=55184, regioncalls=2409920, ndraw=40, logz=-715.40, remainder_fraction=7.7095%, Lmin=-706.65, Lmax=-706.13
13:47:20 [ultranest] [DEBUG] iteration=4564, ncalls=55208, regioncalls=2411040, ndraw=40, logz=-715.40, remainder_fraction=7.6906%, Lmin=-706.65, Lmax=-706.13
13:47:20 [ultranest] [DEBUG] iteration=4565, ncalls=55214, regioncalls=2411280, ndraw=40, logz=-715.40, remainder_fraction=7.6734%, Lmin=-706.65, Lmax=-706.13
13:47:21 [ultranest] [DEBUG] iteration=4566, ncalls=55224, regioncalls=2411680, ndraw=40, logz=-715.40, remainder_fraction=7.6545%, Lmin=-706.65, Lmax=-706.13
13:47:21 [ultranest] [DEBUG] iteration=4567, ncalls=55236, regioncalls=2412160, ndraw=40, logz=-715.40, remainder_fraction=7.6357%, Lmin=-706.65, Lmax=-706.13
13:47:22 [ultranest] [DEBUG] iteration=4569, ncalls=55253, regioncalls=2412840, ndraw=40, logz=-715.40, remainder_fraction=7.5991%, Lmin=-706.65, Lmax=-706.13
13:47:23 [ultranest] [DEBUG] iteration=4570, ncalls=55262, regioncalls=2413320, ndraw=40, logz=-715.40, remainder_fraction=7.5807%, Lmin=-706.65, Lmax=-706.13
13:47:23 [ultranest] [DEBUG] iteration=4571, ncalls=55268, regioncalls=2413680, ndraw=40, logz=-715.40, remainder_fraction=7.5659%, Lmin=-706.65, Lmax=-706.13
13:47:24 [ultranest] [DEBUG] iteration=4572, ncalls=55274, regioncalls=2413920, ndraw=40, logz=-715.40, remainder_fraction=7.5478%, Lmin=-706.65, Lmax=-706.13
13:47:24 [ultranest] [DEBUG] iteration=4573, ncalls=55287, regioncalls=2414440, ndraw=40, logz=-715.40, remainder_fraction=7.5334%, Lmin=-706.65, Lmax=-706.13
13:47:25 [ultranest] [DEBUG] iteration=4574, ncalls=55293, regioncalls=2414680, ndraw=40, logz=-715.40, remainder_fraction=7.5154%, Lmin=-706.65, Lmax=-706.13
13:47:25 [ultranest] [DEBUG] iteration=4575, ncalls=55300, regioncalls=2414960, ndraw=40, logz=-715.40, remainder_fraction=7.4984%, Lmin=-706.65, Lmax=-706.13
13:47:25 [ultranest] [DEBUG] iteration=4576, ncalls=55306, regioncalls=2415200, ndraw=40, logz=-715.39, remainder_fraction=7.4805%, Lmin=-706.65, Lmax=-706.13
13:47:26 [ultranest] [DEBUG] iteration=4577, ncalls=55323, regioncalls=2415880, ndraw=40, logz=-715.39, remainder_fraction=7.4644%, Lmin=-706.65, Lmax=-706.13
13:47:27 [ultranest] [DEBUG] iteration=4578, ncalls=55340, regioncalls=2416560, ndraw=40, logz=-715.39, remainder_fraction=7.4482%, Lmin=-706.65, Lmax=-706.13
13:47:29 [ultranest] [DEBUG] iteration=4580, ncalls=55374, regioncalls=2417920, ndraw=40, logz=-715.39, remainder_fraction=7.4168%, Lmin=-706.65, Lmax=-706.13
13:47:29 [ultranest] [DEBUG] iteration=4581, ncalls=55381, regioncalls=2418200, ndraw=40, logz=-715.39, remainder_fraction=7.4044%, Lmin=-706.65, Lmax=-706.13
13:47:29 [ultranest] [DEBUG] iteration=4582, ncalls=55384, regioncalls=2418320, ndraw=40, logz=-715.39, remainder_fraction=7.3892%, Lmin=-706.65, Lmax=-706.13
13:47:31 [ultranest] [DEBUG] iteration=4583, ncalls=55421, regioncalls=2419800, ndraw=40, logz=-715.39, remainder_fraction=7.3768%, Lmin=-706.65, Lmax=-706.13
13:47:31 [ultranest] [DEBUG] iteration=4585, ncalls=55424, regioncalls=2419920, ndraw=40, logz=-715.39, remainder_fraction=7.3476%, Lmin=-706.65, Lmax=-706.13
13:47:31 [ultranest] [DEBUG] iteration=4586, ncalls=55426, regioncalls=2420000, ndraw=40, logz=-715.39, remainder_fraction=7.3339%, Lmin=-706.65, Lmax=-706.13
13:47:32 [ultranest] [DEBUG] iteration=4587, ncalls=55443, regioncalls=2420680, ndraw=40, logz=-715.39, remainder_fraction=7.3175%, Lmin=-706.64, Lmax=-706.13
13:47:35 [ultranest] [DEBUG] iteration=4588, ncalls=55487, regioncalls=2422440, ndraw=40, logz=-715.39, remainder_fraction=7.2996%, Lmin=-706.64, Lmax=-706.13
13:47:35 [ultranest] [DEBUG] iteration=4590, ncalls=55496, regioncalls=2422800, ndraw=40, logz=-715.39, remainder_fraction=7.2655%, Lmin=-706.64, Lmax=-706.13
13:47:36 [ultranest] [DEBUG] iteration=4591, ncalls=55506, regioncalls=2423200, ndraw=40, logz=-715.39, remainder_fraction=7.2484%, Lmin=-706.64, Lmax=-706.13
13:47:37 [ultranest] [DEBUG] iteration=4593, ncalls=55527, regioncalls=2424480, ndraw=40, logz=-715.39, remainder_fraction=7.2193%, Lmin=-706.64, Lmax=-706.13
13:47:37 [ultranest] [DEBUG] iteration=4594, ncalls=55532, regioncalls=2424680, ndraw=40, logz=-715.39, remainder_fraction=7.2024%, Lmin=-706.64, Lmax=-706.13
13:47:37 [ultranest] [DEBUG] iteration=4595, ncalls=55543, regioncalls=2425120, ndraw=40, logz=-715.39, remainder_fraction=7.1893%, Lmin=-706.64, Lmax=-706.13
13:47:38 [ultranest] [DEBUG] iteration=4596, ncalls=55548, regioncalls=2425320, ndraw=40, logz=-715.39, remainder_fraction=7.1755%, Lmin=-706.64, Lmax=-706.13
13:47:38 [ultranest] [DEBUG] iteration=4597, ncalls=55553, regioncalls=2425520, ndraw=40, logz=-715.39, remainder_fraction=7.1627%, Lmin=-706.64, Lmax=-706.13
13:47:38 [ultranest] [DEBUG] iteration=4598, ncalls=55556, regioncalls=2425640, ndraw=40, logz=-715.39, remainder_fraction=7.1499%, Lmin=-706.64, Lmax=-706.13
13:47:38 [ultranest] [DEBUG] iteration=4599, ncalls=55564, regioncalls=2425960, ndraw=40, logz=-715.39, remainder_fraction=7.1353%, Lmin=-706.64, Lmax=-706.13
13:47:39 [ultranest] [DEBUG] iteration=4600, ncalls=55567, regioncalls=2426080, ndraw=40, logz=-715.39, remainder_fraction=7.1203%, Lmin=-706.64, Lmax=-706.13
13:47:39 [ultranest] [DEBUG] iteration=4601, ncalls=55572, regioncalls=2426280, ndraw=40, logz=-715.39, remainder_fraction=7.1096%, Lmin=-706.64, Lmax=-706.13
13:47:39 [ultranest] [DEBUG] iteration=4602, ncalls=55574, regioncalls=2426360, ndraw=40, logz=-715.39, remainder_fraction=7.0960%, Lmin=-706.64, Lmax=-706.13
13:47:39 [ultranest] [DEBUG] iteration=4604, ncalls=55579, regioncalls=2426560, ndraw=40, logz=-715.39, remainder_fraction=7.0651%, Lmin=-706.64, Lmax=-706.13
13:47:40 [ultranest] [DEBUG] iteration=4605, ncalls=55587, regioncalls=2426880, ndraw=40, logz=-715.39, remainder_fraction=7.0491%, Lmin=-706.64, Lmax=-706.13
13:47:40 [ultranest] [DEBUG] iteration=4606, ncalls=55594, regioncalls=2427160, ndraw=40, logz=-715.39, remainder_fraction=7.0343%, Lmin=-706.64, Lmax=-706.13
13:47:41 [ultranest] [DEBUG] iteration=4607, ncalls=55604, regioncalls=2427560, ndraw=40, logz=-715.39, remainder_fraction=7.0203%, Lmin=-706.64, Lmax=-706.13
13:47:42 [ultranest] [DEBUG] iteration=4608, ncalls=55624, regioncalls=2428360, ndraw=40, logz=-715.39, remainder_fraction=7.0038%, Lmin=-706.64, Lmax=-706.13
13:47:42 [ultranest] [DEBUG] iteration=4609, ncalls=55631, regioncalls=2428640, ndraw=40, logz=-715.39, remainder_fraction=6.9878%, Lmin=-706.64, Lmax=-706.13
13:47:42 [ultranest] [DEBUG] iteration=4611, ncalls=55636, regioncalls=2429000, ndraw=40, logz=-715.39, remainder_fraction=6.9571%, Lmin=-706.63, Lmax=-706.13
13:47:42 [ultranest] [DEBUG] iteration=4612, ncalls=55638, regioncalls=2429080, ndraw=40, logz=-715.39, remainder_fraction=6.9466%, Lmin=-706.63, Lmax=-706.13
13:47:44 [ultranest] [DEBUG] iteration=4613, ncalls=55677, regioncalls=2431120, ndraw=40, logz=-715.39, remainder_fraction=6.9319%, Lmin=-706.63, Lmax=-706.13
13:47:45 [ultranest] [DEBUG] iteration=4615, ncalls=55684, regioncalls=2431400, ndraw=40, logz=-715.39, remainder_fraction=6.9007%, Lmin=-706.63, Lmax=-706.13
13:47:45 [ultranest] [DEBUG] iteration=4616, ncalls=55701, regioncalls=2432080, ndraw=40, logz=-715.39, remainder_fraction=6.8867%, Lmin=-706.63, Lmax=-706.13
13:47:46 [ultranest] [DEBUG] iteration=4617, ncalls=55706, regioncalls=2432280, ndraw=40, logz=-715.39, remainder_fraction=6.8762%, Lmin=-706.63, Lmax=-706.13
13:47:46 [ultranest] [DEBUG] iteration=4618, ncalls=55709, regioncalls=2432400, ndraw=40, logz=-715.39, remainder_fraction=6.8598%, Lmin=-706.63, Lmax=-706.13
13:47:46 [ultranest] [DEBUG] iteration=4619, ncalls=55715, regioncalls=2432640, ndraw=40, logz=-715.39, remainder_fraction=6.8431%, Lmin=-706.63, Lmax=-706.13
13:47:47 [ultranest] [DEBUG] iteration=4620, ncalls=55733, regioncalls=2433360, ndraw=40, logz=-715.39, remainder_fraction=6.8281%, Lmin=-706.63, Lmax=-706.13
13:47:47 [ultranest] [DEBUG] iteration=4621, ncalls=55739, regioncalls=2433600, ndraw=40, logz=-715.39, remainder_fraction=6.8118%, Lmin=-706.63, Lmax=-706.13
13:47:48 [ultranest] [DEBUG] iteration=4622, ncalls=55745, regioncalls=2433840, ndraw=40, logz=-715.39, remainder_fraction=6.8025%, Lmin=-706.63, Lmax=-706.13
13:47:48 [ultranest] [DEBUG] iteration=4623, ncalls=55758, regioncalls=2434360, ndraw=40, logz=-715.39, remainder_fraction=6.7886%, Lmin=-706.63, Lmax=-706.13
13:47:49 [ultranest] [DEBUG] iteration=4624, ncalls=55774, regioncalls=2435000, ndraw=40, logz=-715.39, remainder_fraction=6.7760%, Lmin=-706.63, Lmax=-706.13
13:47:50 [ultranest] [DEBUG] iteration=4625, ncalls=55797, regioncalls=2435920, ndraw=40, logz=-715.39, remainder_fraction=6.7593%, Lmin=-706.63, Lmax=-706.13
13:47:51 [ultranest] [DEBUG] iteration=4626, ncalls=55803, regioncalls=2436160, ndraw=40, logz=-715.39, remainder_fraction=6.7459%, Lmin=-706.63, Lmax=-706.13
13:47:51 [ultranest] [DEBUG] iteration=4628, ncalls=55821, regioncalls=2436880, ndraw=40, logz=-715.39, remainder_fraction=6.7200%, Lmin=-706.63, Lmax=-706.13
13:47:52 [ultranest] [DEBUG] iteration=4629, ncalls=55826, regioncalls=2437080, ndraw=40, logz=-715.39, remainder_fraction=6.7078%, Lmin=-706.63, Lmax=-706.13
13:47:52 [ultranest] [DEBUG] iteration=4630, ncalls=55835, regioncalls=2437440, ndraw=40, logz=-715.39, remainder_fraction=6.6976%, Lmin=-706.63, Lmax=-706.13
13:47:53 [ultranest] [DEBUG] iteration=4631, ncalls=55843, regioncalls=2437760, ndraw=40, logz=-715.39, remainder_fraction=6.6815%, Lmin=-706.62, Lmax=-706.13
13:47:53 [ultranest] [DEBUG] iteration=4633, ncalls=55857, regioncalls=2438320, ndraw=40, logz=-715.39, remainder_fraction=6.6524%, Lmin=-706.62, Lmax=-706.13
13:47:54 [ultranest] [DEBUG] iteration=4634, ncalls=55876, regioncalls=2439080, ndraw=40, logz=-715.39, remainder_fraction=6.6378%, Lmin=-706.62, Lmax=-706.13
13:47:55 [ultranest] [DEBUG] iteration=4636, ncalls=55883, regioncalls=2439360, ndraw=40, logz=-715.39, remainder_fraction=6.6115%, Lmin=-706.62, Lmax=-706.13
13:47:56 [ultranest] [DEBUG] iteration=4637, ncalls=55905, regioncalls=2440240, ndraw=40, logz=-715.39, remainder_fraction=6.6033%, Lmin=-706.62, Lmax=-706.13
13:47:56 [ultranest] [DEBUG] iteration=4638, ncalls=55908, regioncalls=2440360, ndraw=40, logz=-715.38, remainder_fraction=6.5874%, Lmin=-706.62, Lmax=-706.13
13:47:56 [ultranest] [DEBUG] iteration=4639, ncalls=55919, regioncalls=2440800, ndraw=40, logz=-715.38, remainder_fraction=6.5730%, Lmin=-706.62, Lmax=-706.13
13:47:58 [ultranest] [DEBUG] iteration=4640, ncalls=55944, regioncalls=2441800, ndraw=40, logz=-715.38, remainder_fraction=6.5569%, Lmin=-706.62, Lmax=-706.13
13:47:58 [ultranest] [DEBUG] iteration=4641, ncalls=55950, regioncalls=2442040, ndraw=40, logz=-715.38, remainder_fraction=6.5421%, Lmin=-706.62, Lmax=-706.13
13:47:58 [ultranest] [DEBUG] iteration=4642, ncalls=55955, regioncalls=2442240, ndraw=40, logz=-715.38, remainder_fraction=6.5264%, Lmin=-706.62, Lmax=-706.13
13:47:59 [ultranest] [DEBUG] iteration=4643, ncalls=55968, regioncalls=2442760, ndraw=40, logz=-715.38, remainder_fraction=6.5107%, Lmin=-706.62, Lmax=-706.13
13:47:59 [ultranest] [DEBUG] iteration=4644, ncalls=55978, regioncalls=2443160, ndraw=40, logz=-715.38, remainder_fraction=6.4961%, Lmin=-706.62, Lmax=-706.13
13:48:00 [ultranest] [DEBUG] iteration=4645, ncalls=55984, regioncalls=2443400, ndraw=40, logz=-715.38, remainder_fraction=6.4807%, Lmin=-706.62, Lmax=-706.13
13:48:00 [ultranest] [DEBUG] iteration=4646, ncalls=55997, regioncalls=2443920, ndraw=40, logz=-715.38, remainder_fraction=6.4650%, Lmin=-706.62, Lmax=-706.13
13:48:00 [ultranest] [DEBUG] iteration=4647, ncalls=55999, regioncalls=2444000, ndraw=40, logz=-715.38, remainder_fraction=6.4525%, Lmin=-706.62, Lmax=-706.13
13:48:01 [ultranest] [DEBUG] iteration=4649, ncalls=56020, regioncalls=2444840, ndraw=40, logz=-715.38, remainder_fraction=6.4236%, Lmin=-706.61, Lmax=-706.13
13:48:02 [ultranest] [DEBUG] iteration=4650, ncalls=56023, regioncalls=2444960, ndraw=40, logz=-715.38, remainder_fraction=6.4106%, Lmin=-706.61, Lmax=-706.13
13:48:02 [ultranest] [DEBUG] iteration=4651, ncalls=56027, regioncalls=2445120, ndraw=40, logz=-715.38, remainder_fraction=6.3972%, Lmin=-706.61, Lmax=-706.13
13:48:02 [ultranest] [DEBUG] iteration=4652, ncalls=56037, regioncalls=2445520, ndraw=40, logz=-715.38, remainder_fraction=6.3854%, Lmin=-706.61, Lmax=-706.13
13:48:03 [ultranest] [DEBUG] iteration=4653, ncalls=56052, regioncalls=2446120, ndraw=40, logz=-715.38, remainder_fraction=6.3704%, Lmin=-706.61, Lmax=-706.13
13:48:04 [ultranest] [DEBUG] iteration=4654, ncalls=56065, regioncalls=2446640, ndraw=40, logz=-715.38, remainder_fraction=6.3557%, Lmin=-706.61, Lmax=-706.13
13:48:04 [ultranest] [DEBUG] iteration=4655, ncalls=56071, regioncalls=2446880, ndraw=40, logz=-715.38, remainder_fraction=6.3408%, Lmin=-706.61, Lmax=-706.13
13:48:04 [ultranest] [DEBUG] iteration=4657, ncalls=56078, regioncalls=2447160, ndraw=40, logz=-715.38, remainder_fraction=6.3117%, Lmin=-706.61, Lmax=-706.13
13:48:05 [ultranest] [DEBUG] iteration=4658, ncalls=56095, regioncalls=2447960, ndraw=40, logz=-715.38, remainder_fraction=6.2972%, Lmin=-706.61, Lmax=-706.13
13:48:05 [ultranest] [DEBUG] iteration=4660, ncalls=56100, regioncalls=2448160, ndraw=40, logz=-715.38, remainder_fraction=6.2702%, Lmin=-706.61, Lmax=-706.13
13:48:06 [ultranest] [DEBUG] iteration=4661, ncalls=56118, regioncalls=2448880, ndraw=40, logz=-715.38, remainder_fraction=6.2591%, Lmin=-706.61, Lmax=-706.13
13:48:07 [ultranest] [DEBUG] iteration=4662, ncalls=56124, regioncalls=2449120, ndraw=40, logz=-715.38, remainder_fraction=6.2437%, Lmin=-706.61, Lmax=-706.13
13:48:07 [ultranest] [DEBUG] iteration=4664, ncalls=56134, regioncalls=2449520, ndraw=40, logz=-715.38, remainder_fraction=6.2207%, Lmin=-706.61, Lmax=-706.13
13:48:08 [ultranest] [DEBUG] iteration=4665, ncalls=56141, regioncalls=2449800, ndraw=40, logz=-715.38, remainder_fraction=6.2067%, Lmin=-706.61, Lmax=-706.13
13:48:08 [ultranest] [DEBUG] iteration=4666, ncalls=56150, regioncalls=2450160, ndraw=40, logz=-715.38, remainder_fraction=6.1958%, Lmin=-706.61, Lmax=-706.13
13:48:08 [ultranest] [DEBUG] iteration=4668, ncalls=56158, regioncalls=2450480, ndraw=40, logz=-715.38, remainder_fraction=6.1700%, Lmin=-706.61, Lmax=-706.13
13:48:09 [ultranest] [DEBUG] iteration=4669, ncalls=56163, regioncalls=2450680, ndraw=40, logz=-715.38, remainder_fraction=6.1552%, Lmin=-706.61, Lmax=-706.13
13:48:09 [ultranest] [DEBUG] iteration=4670, ncalls=56170, regioncalls=2450960, ndraw=40, logz=-715.38, remainder_fraction=6.1413%, Lmin=-706.61, Lmax=-706.13
13:48:09 [ultranest] [DEBUG] iteration=4671, ncalls=56179, regioncalls=2451320, ndraw=40, logz=-715.38, remainder_fraction=6.1297%, Lmin=-706.60, Lmax=-706.13
13:48:10 [ultranest] [DEBUG] iteration=4672, ncalls=56182, regioncalls=2451440, ndraw=40, logz=-715.38, remainder_fraction=6.1153%, Lmin=-706.60, Lmax=-706.13
13:48:10 [ultranest] [DEBUG] iteration=4673, ncalls=56197, regioncalls=2452040, ndraw=40, logz=-715.38, remainder_fraction=6.1065%, Lmin=-706.60, Lmax=-706.13
13:48:10 [ultranest] [DEBUG] iteration=4674, ncalls=56199, regioncalls=2452120, ndraw=40, logz=-715.38, remainder_fraction=6.0950%, Lmin=-706.60, Lmax=-706.13
13:48:11 [ultranest] [DEBUG] iteration=4676, ncalls=56210, regioncalls=2452560, ndraw=40, logz=-715.38, remainder_fraction=6.0678%, Lmin=-706.60, Lmax=-706.13
13:48:13 [ultranest] [DEBUG] iteration=4677, ncalls=56246, regioncalls=2454000, ndraw=40, logz=-715.38, remainder_fraction=6.0567%, Lmin=-706.60, Lmax=-706.13
13:48:13 [ultranest] [DEBUG] iteration=4678, ncalls=56248, regioncalls=2454080, ndraw=40, logz=-715.38, remainder_fraction=6.0469%, Lmin=-706.60, Lmax=-706.13
13:48:13 [ultranest] [DEBUG] iteration=4680, ncalls=56254, regioncalls=2454440, ndraw=40, logz=-715.38, remainder_fraction=6.0237%, Lmin=-706.60, Lmax=-706.13
13:48:14 [ultranest] [DEBUG] iteration=4681, ncalls=56263, regioncalls=2454800, ndraw=40, logz=-715.38, remainder_fraction=6.0104%, Lmin=-706.60, Lmax=-706.13
13:48:14 [ultranest] [DEBUG] iteration=4682, ncalls=56266, regioncalls=2454920, ndraw=40, logz=-715.38, remainder_fraction=5.9963%, Lmin=-706.60, Lmax=-706.13
13:48:14 [ultranest] [DEBUG] iteration=4683, ncalls=56273, regioncalls=2455200, ndraw=40, logz=-715.38, remainder_fraction=5.9824%, Lmin=-706.60, Lmax=-706.13
13:48:14 [ultranest] [DEBUG] iteration=4684, ncalls=56278, regioncalls=2455400, ndraw=40, logz=-715.38, remainder_fraction=5.9678%, Lmin=-706.60, Lmax=-706.13
13:48:16 [ultranest] [DEBUG] iteration=4685, ncalls=56303, regioncalls=2456400, ndraw=40, logz=-715.38, remainder_fraction=5.9541%, Lmin=-706.60, Lmax=-706.13
13:48:16 [ultranest] [DEBUG] iteration=4686, ncalls=56311, regioncalls=2456720, ndraw=40, logz=-715.38, remainder_fraction=5.9395%, Lmin=-706.60, Lmax=-706.13
13:48:16 [ultranest] [DEBUG] iteration=4687, ncalls=56318, regioncalls=2457000, ndraw=40, logz=-715.38, remainder_fraction=5.9259%, Lmin=-706.59, Lmax=-706.13
13:48:17 [ultranest] [DEBUG] iteration=4689, ncalls=56329, regioncalls=2457440, ndraw=40, logz=-715.38, remainder_fraction=5.9049%, Lmin=-706.59, Lmax=-706.13
13:48:18 [ultranest] [DEBUG] iteration=4690, ncalls=56348, regioncalls=2458200, ndraw=40, logz=-715.38, remainder_fraction=5.8957%, Lmin=-706.59, Lmax=-706.13
13:48:19 [ultranest] [DEBUG] iteration=4691, ncalls=56365, regioncalls=2459000, ndraw=40, logz=-715.38, remainder_fraction=5.8821%, Lmin=-706.59, Lmax=-706.13
13:48:19 [ultranest] [DEBUG] iteration=4692, ncalls=56372, regioncalls=2459280, ndraw=40, logz=-715.38, remainder_fraction=5.8680%, Lmin=-706.59, Lmax=-706.13
13:48:19 [ultranest] [DEBUG] iteration=4693, ncalls=56378, regioncalls=2459520, ndraw=40, logz=-715.38, remainder_fraction=5.8549%, Lmin=-706.59, Lmax=-706.13
13:48:20 [ultranest] [DEBUG] iteration=4694, ncalls=56386, regioncalls=2459840, ndraw=40, logz=-715.38, remainder_fraction=5.8432%, Lmin=-706.59, Lmax=-706.13
13:48:21 [ultranest] [DEBUG] iteration=4696, ncalls=56402, regioncalls=2460480, ndraw=40, logz=-715.38, remainder_fraction=5.8169%, Lmin=-706.59, Lmax=-706.13
13:48:21 [ultranest] [DEBUG] iteration=4697, ncalls=56410, regioncalls=2460800, ndraw=40, logz=-715.38, remainder_fraction=5.8033%, Lmin=-706.59, Lmax=-706.13
13:48:21 [ultranest] [DEBUG] iteration=4698, ncalls=56414, regioncalls=2460960, ndraw=40, logz=-715.38, remainder_fraction=5.7895%, Lmin=-706.59, Lmax=-706.13
13:48:21 [ultranest] [DEBUG] iteration=4699, ncalls=56417, regioncalls=2461080, ndraw=40, logz=-715.38, remainder_fraction=5.7793%, Lmin=-706.59, Lmax=-706.13
13:48:22 [ultranest] [DEBUG] iteration=4700, ncalls=56437, regioncalls=2461880, ndraw=40, logz=-715.38, remainder_fraction=5.7668%, Lmin=-706.59, Lmax=-706.13
13:48:23 [ultranest] [DEBUG] iteration=4701, ncalls=56447, regioncalls=2462280, ndraw=40, logz=-715.38, remainder_fraction=5.7536%, Lmin=-706.59, Lmax=-706.13
13:48:23 [ultranest] [DEBUG] iteration=4702, ncalls=56451, regioncalls=2462440, ndraw=40, logz=-715.38, remainder_fraction=5.7421%, Lmin=-706.59, Lmax=-706.13
13:48:24 [ultranest] [DEBUG] iteration=4704, ncalls=56457, regioncalls=2462680, ndraw=40, logz=-715.38, remainder_fraction=5.7191%, Lmin=-706.59, Lmax=-706.13
13:48:25 [ultranest] [DEBUG] iteration=4705, ncalls=56487, regioncalls=2464280, ndraw=40, logz=-715.38, remainder_fraction=5.7056%, Lmin=-706.59, Lmax=-706.13
13:48:26 [ultranest] [DEBUG] iteration=4706, ncalls=56515, regioncalls=2465400, ndraw=40, logz=-715.38, remainder_fraction=5.6929%, Lmin=-706.59, Lmax=-706.13
13:48:27 [ultranest] [DEBUG] iteration=4708, ncalls=56520, regioncalls=2465600, ndraw=40, logz=-715.38, remainder_fraction=5.6719%, Lmin=-706.59, Lmax=-706.13
13:48:27 [ultranest] [DEBUG] iteration=4709, ncalls=56523, regioncalls=2465720, ndraw=40, logz=-715.37, remainder_fraction=5.6595%, Lmin=-706.59, Lmax=-706.13
13:48:28 [ultranest] [DEBUG] iteration=4710, ncalls=56545, regioncalls=2466600, ndraw=40, logz=-715.37, remainder_fraction=5.6479%, Lmin=-706.59, Lmax=-706.13
13:48:28 [ultranest] [DEBUG] iteration=4711, ncalls=56549, regioncalls=2466760, ndraw=40, logz=-715.37, remainder_fraction=5.6351%, Lmin=-706.58, Lmax=-706.13
13:48:29 [ultranest] [DEBUG] iteration=4712, ncalls=56559, regioncalls=2467160, ndraw=40, logz=-715.37, remainder_fraction=5.6225%, Lmin=-706.58, Lmax=-706.13
13:48:29 [ultranest] [DEBUG] iteration=4713, ncalls=56572, regioncalls=2467680, ndraw=40, logz=-715.37, remainder_fraction=5.6098%, Lmin=-706.58, Lmax=-706.13
13:48:30 [ultranest] [DEBUG] iteration=4714, ncalls=56577, regioncalls=2467880, ndraw=40, logz=-715.37, remainder_fraction=5.5963%, Lmin=-706.58, Lmax=-706.13
13:48:30 [ultranest] [DEBUG] iteration=4715, ncalls=56585, regioncalls=2468200, ndraw=40, logz=-715.37, remainder_fraction=5.5835%, Lmin=-706.58, Lmax=-706.13
13:48:30 [ultranest] [DEBUG] iteration=4716, ncalls=56592, regioncalls=2468480, ndraw=40, logz=-715.37, remainder_fraction=5.5698%, Lmin=-706.58, Lmax=-706.13
13:48:31 [ultranest] [DEBUG] iteration=4717, ncalls=56601, regioncalls=2468840, ndraw=40, logz=-715.37, remainder_fraction=5.5560%, Lmin=-706.58, Lmax=-706.13
13:48:31 [ultranest] [DEBUG] iteration=4719, ncalls=56609, regioncalls=2469160, ndraw=40, logz=-715.37, remainder_fraction=5.5328%, Lmin=-706.58, Lmax=-706.13
13:48:32 [ultranest] [DEBUG] iteration=4720, ncalls=56628, regioncalls=2469920, ndraw=40, logz=-715.37, remainder_fraction=5.5198%, Lmin=-706.58, Lmax=-706.13
13:48:32 [ultranest] [DEBUG] iteration=4721, ncalls=56631, regioncalls=2470040, ndraw=40, logz=-715.37, remainder_fraction=5.5067%, Lmin=-706.58, Lmax=-706.13
13:48:32 [ultranest] [DEBUG] iteration=4722, ncalls=56633, regioncalls=2470120, ndraw=40, logz=-715.37, remainder_fraction=5.4957%, Lmin=-706.58, Lmax=-706.13
13:48:33 [ultranest] [DEBUG] iteration=4723, ncalls=56642, regioncalls=2470480, ndraw=40, logz=-715.37, remainder_fraction=5.4826%, Lmin=-706.58, Lmax=-706.13
13:48:33 [ultranest] [DEBUG] iteration=4724, ncalls=56648, regioncalls=2470720, ndraw=40, logz=-715.37, remainder_fraction=5.4692%, Lmin=-706.58, Lmax=-706.13
13:48:34 [ultranest] [DEBUG] iteration=4725, ncalls=56658, regioncalls=2471120, ndraw=40, logz=-715.37, remainder_fraction=5.4567%, Lmin=-706.58, Lmax=-706.13
13:48:34 [ultranest] [DEBUG] iteration=4726, ncalls=56662, regioncalls=2471280, ndraw=40, logz=-715.37, remainder_fraction=5.4450%, Lmin=-706.57, Lmax=-706.13
13:48:34 [ultranest] [DEBUG] iteration=4728, ncalls=56673, regioncalls=2471720, ndraw=40, logz=-715.37, remainder_fraction=5.4237%, Lmin=-706.57, Lmax=-706.13
13:48:35 [ultranest] [DEBUG] iteration=4729, ncalls=56675, regioncalls=2471800, ndraw=40, logz=-715.37, remainder_fraction=5.4110%, Lmin=-706.57, Lmax=-706.13
13:48:35 [ultranest] [DEBUG] iteration=4730, ncalls=56677, regioncalls=2471880, ndraw=40, logz=-715.37, remainder_fraction=5.3981%, Lmin=-706.57, Lmax=-706.13
13:48:35 [ultranest] [DEBUG] iteration=4731, ncalls=56682, regioncalls=2472080, ndraw=40, logz=-715.37, remainder_fraction=5.3865%, Lmin=-706.57, Lmax=-706.13
13:48:36 [ultranest] [DEBUG] iteration=4732, ncalls=56700, regioncalls=2472800, ndraw=40, logz=-715.37, remainder_fraction=5.3743%, Lmin=-706.57, Lmax=-706.13
13:48:37 [ultranest] [DEBUG] iteration=4733, ncalls=56715, regioncalls=2473400, ndraw=40, logz=-715.37, remainder_fraction=5.3622%, Lmin=-706.57, Lmax=-706.13
13:48:37 [ultranest] [DEBUG] iteration=4734, ncalls=56732, regioncalls=2474080, ndraw=40, logz=-715.37, remainder_fraction=5.3497%, Lmin=-706.57, Lmax=-706.13
13:48:38 [ultranest] [DEBUG] iteration=4735, ncalls=56743, regioncalls=2474520, ndraw=40, logz=-715.37, remainder_fraction=5.3375%, Lmin=-706.57, Lmax=-706.13
13:48:38 [ultranest] [DEBUG] iteration=4736, ncalls=56745, regioncalls=2474600, ndraw=40, logz=-715.37, remainder_fraction=5.3258%, Lmin=-706.57, Lmax=-706.13
13:48:38 [ultranest] [DEBUG] iteration=4737, ncalls=56747, regioncalls=2474680, ndraw=40, logz=-715.37, remainder_fraction=5.3149%, Lmin=-706.57, Lmax=-706.13
13:48:39 [ultranest] [DEBUG] iteration=4738, ncalls=56761, regioncalls=2475240, ndraw=40, logz=-715.37, remainder_fraction=5.3042%, Lmin=-706.57, Lmax=-706.13
13:48:39 [ultranest] [DEBUG] iteration=4739, ncalls=56771, regioncalls=2475640, ndraw=40, logz=-715.37, remainder_fraction=5.2934%, Lmin=-706.57, Lmax=-706.13
13:48:41 [ultranest] [DEBUG] iteration=4740, ncalls=56804, regioncalls=2476960, ndraw=40, logz=-715.37, remainder_fraction=5.2809%, Lmin=-706.57, Lmax=-706.13
13:48:41 [ultranest] [DEBUG] iteration=4741, ncalls=56808, regioncalls=2477120, ndraw=40, logz=-715.37, remainder_fraction=5.2707%, Lmin=-706.57, Lmax=-706.13
13:48:42 [ultranest] [DEBUG] iteration=4742, ncalls=56817, regioncalls=2477480, ndraw=40, logz=-715.37, remainder_fraction=5.2594%, Lmin=-706.57, Lmax=-706.13
13:48:42 [ultranest] [DEBUG] iteration=4743, ncalls=56821, regioncalls=2477640, ndraw=40, logz=-715.37, remainder_fraction=5.2479%, Lmin=-706.57, Lmax=-706.13
13:48:43 [ultranest] [DEBUG] iteration=4744, ncalls=56839, regioncalls=2478360, ndraw=40, logz=-715.37, remainder_fraction=5.2407%, Lmin=-706.57, Lmax=-706.13
13:48:43 [ultranest] [DEBUG] iteration=4745, ncalls=56847, regioncalls=2478680, ndraw=40, logz=-715.37, remainder_fraction=5.2278%, Lmin=-706.57, Lmax=-706.13
13:48:44 [ultranest] [DEBUG] iteration=4746, ncalls=56855, regioncalls=2479000, ndraw=40, logz=-715.37, remainder_fraction=5.2169%, Lmin=-706.57, Lmax=-706.13
13:48:44 [ultranest] [DEBUG] iteration=4748, ncalls=56859, regioncalls=2479160, ndraw=40, logz=-715.37, remainder_fraction=5.1951%, Lmin=-706.56, Lmax=-706.13
13:48:46 [ultranest] [DEBUG] iteration=4749, ncalls=56901, regioncalls=2480840, ndraw=40, logz=-715.37, remainder_fraction=5.1826%, Lmin=-706.56, Lmax=-706.13
13:48:46 [ultranest] [DEBUG] iteration=4750, ncalls=56904, regioncalls=2480960, ndraw=40, logz=-715.37, remainder_fraction=5.1731%, Lmin=-706.56, Lmax=-706.13
13:48:46 [ultranest] [DEBUG] iteration=4751, ncalls=56912, regioncalls=2481280, ndraw=40, logz=-715.37, remainder_fraction=5.1603%, Lmin=-706.56, Lmax=-706.13
13:48:47 [ultranest] [DEBUG] iteration=4752, ncalls=56926, regioncalls=2481840, ndraw=40, logz=-715.37, remainder_fraction=5.1483%, Lmin=-706.56, Lmax=-706.13
13:48:47 [ultranest] [DEBUG] iteration=4753, ncalls=56931, regioncalls=2482040, ndraw=40, logz=-715.37, remainder_fraction=5.1374%, Lmin=-706.56, Lmax=-706.13
13:48:48 [ultranest] [DEBUG] iteration=4754, ncalls=56951, regioncalls=2482840, ndraw=40, logz=-715.37, remainder_fraction=5.1262%, Lmin=-706.56, Lmax=-706.13
13:48:49 [ultranest] [DEBUG] iteration=4755, ncalls=56972, regioncalls=2483680, ndraw=40, logz=-715.37, remainder_fraction=5.1138%, Lmin=-706.56, Lmax=-706.13
13:48:50 [ultranest] [DEBUG] iteration=4756, ncalls=56979, regioncalls=2483960, ndraw=40, logz=-715.37, remainder_fraction=5.1013%, Lmin=-706.56, Lmax=-706.13
13:48:50 [ultranest] [DEBUG] iteration=4757, ncalls=56988, regioncalls=2484320, ndraw=40, logz=-715.37, remainder_fraction=5.0909%, Lmin=-706.56, Lmax=-706.13
13:48:51 [ultranest] [DEBUG] iteration=4758, ncalls=57012, regioncalls=2485280, ndraw=40, logz=-715.37, remainder_fraction=5.0790%, Lmin=-706.56, Lmax=-706.13
13:48:52 [ultranest] [DEBUG] iteration=4760, ncalls=57020, regioncalls=2485600, ndraw=40, logz=-715.37, remainder_fraction=5.0545%, Lmin=-706.56, Lmax=-706.13
13:48:53 [ultranest] [DEBUG] iteration=4761, ncalls=57036, regioncalls=2486400, ndraw=40, logz=-715.37, remainder_fraction=5.0425%, Lmin=-706.56, Lmax=-706.13
13:48:53 [ultranest] [DEBUG] iteration=4762, ncalls=57052, regioncalls=2487040, ndraw=40, logz=-715.37, remainder_fraction=5.0311%, Lmin=-706.56, Lmax=-706.13
13:48:54 [ultranest] [DEBUG] iteration=4763, ncalls=57059, regioncalls=2487320, ndraw=40, logz=-715.37, remainder_fraction=5.0193%, Lmin=-706.56, Lmax=-706.13
13:48:54 [ultranest] [DEBUG] iteration=4764, ncalls=57063, regioncalls=2487480, ndraw=40, logz=-715.37, remainder_fraction=5.0072%, Lmin=-706.56, Lmax=-706.13
13:48:54 [ultranest] [DEBUG] iteration=4765, ncalls=57065, regioncalls=2487560, ndraw=40, logz=-715.37, remainder_fraction=4.9974%, Lmin=-706.56, Lmax=-706.13
13:48:55 [ultranest] [DEBUG] iteration=4766, ncalls=57083, regioncalls=2488400, ndraw=40, logz=-715.37, remainder_fraction=4.9867%, Lmin=-706.56, Lmax=-706.13
13:48:55 [ultranest] [DEBUG] iteration=4767, ncalls=57091, regioncalls=2488720, ndraw=40, logz=-715.37, remainder_fraction=4.9764%, Lmin=-706.56, Lmax=-706.13
13:48:57 [ultranest] [DEBUG] iteration=4768, ncalls=57118, regioncalls=2489800, ndraw=40, logz=-715.37, remainder_fraction=4.9642%, Lmin=-706.56, Lmax=-706.13
13:48:58 [ultranest] [DEBUG] iteration=4769, ncalls=57137, regioncalls=2490560, ndraw=40, logz=-715.37, remainder_fraction=4.9532%, Lmin=-706.55, Lmax=-706.13
13:48:58 [ultranest] [DEBUG] iteration=4770, ncalls=57148, regioncalls=2491000, ndraw=40, logz=-715.37, remainder_fraction=4.9413%, Lmin=-706.55, Lmax=-706.13
13:49:01 [ultranest] [DEBUG] iteration=4771, ncalls=57200, regioncalls=2493080, ndraw=40, logz=-715.37, remainder_fraction=4.9297%, Lmin=-706.55, Lmax=-706.13
13:49:01 [ultranest] [DEBUG] iteration=4772, ncalls=57208, regioncalls=2493400, ndraw=40, logz=-715.37, remainder_fraction=4.9198%, Lmin=-706.55, Lmax=-706.13
13:49:02 [ultranest] [DEBUG] iteration=4773, ncalls=57212, regioncalls=2493560, ndraw=40, logz=-715.37, remainder_fraction=4.9076%, Lmin=-706.55, Lmax=-706.13
13:49:02 [ultranest] [DEBUG] iteration=4774, ncalls=57223, regioncalls=2494000, ndraw=40, logz=-715.37, remainder_fraction=4.8987%, Lmin=-706.55, Lmax=-706.13
13:49:03 [ultranest] [DEBUG] iteration=4775, ncalls=57238, regioncalls=2494600, ndraw=40, logz=-715.37, remainder_fraction=4.8890%, Lmin=-706.55, Lmax=-706.13
13:49:03 [ultranest] [DEBUG] iteration=4776, ncalls=57243, regioncalls=2494800, ndraw=40, logz=-715.37, remainder_fraction=4.8785%, Lmin=-706.55, Lmax=-706.13
13:49:03 [ultranest] [DEBUG] iteration=4778, ncalls=57249, regioncalls=2495040, ndraw=40, logz=-715.37, remainder_fraction=4.8551%, Lmin=-706.55, Lmax=-706.13
13:49:04 [ultranest] [DEBUG] iteration=4779, ncalls=57259, regioncalls=2495440, ndraw=40, logz=-715.37, remainder_fraction=4.8432%, Lmin=-706.55, Lmax=-706.13
13:49:04 [ultranest] [DEBUG] iteration=4780, ncalls=57266, regioncalls=2495720, ndraw=40, logz=-715.37, remainder_fraction=4.8327%, Lmin=-706.55, Lmax=-706.13
13:49:05 [ultranest] [DEBUG] iteration=4781, ncalls=57273, regioncalls=2496080, ndraw=40, logz=-715.37, remainder_fraction=4.8210%, Lmin=-706.55, Lmax=-706.13
13:49:05 [ultranest] [DEBUG] iteration=4782, ncalls=57282, regioncalls=2496560, ndraw=40, logz=-715.37, remainder_fraction=4.8103%, Lmin=-706.55, Lmax=-706.13
13:49:06 [ultranest] [DEBUG] iteration=4783, ncalls=57298, regioncalls=2497400, ndraw=40, logz=-715.37, remainder_fraction=4.7985%, Lmin=-706.55, Lmax=-706.13
13:49:06 [ultranest] [DEBUG] iteration=4784, ncalls=57303, regioncalls=2497600, ndraw=40, logz=-715.37, remainder_fraction=4.7874%, Lmin=-706.55, Lmax=-706.13
13:49:08 [ultranest] [DEBUG] iteration=4785, ncalls=57331, regioncalls=2498720, ndraw=40, logz=-715.37, remainder_fraction=4.7756%, Lmin=-706.55, Lmax=-706.13
13:49:08 [ultranest] [DEBUG] iteration=4786, ncalls=57336, regioncalls=2498920, ndraw=40, logz=-715.37, remainder_fraction=4.7649%, Lmin=-706.55, Lmax=-706.13
13:49:09 [ultranest] [DEBUG] iteration=4788, ncalls=57354, regioncalls=2499640, ndraw=40, logz=-715.37, remainder_fraction=4.7432%, Lmin=-706.55, Lmax=-706.13
13:49:10 [ultranest] [DEBUG] iteration=4789, ncalls=57368, regioncalls=2500200, ndraw=40, logz=-715.37, remainder_fraction=4.7329%, Lmin=-706.55, Lmax=-706.13
13:49:10 [ultranest] [DEBUG] iteration=4790, ncalls=57370, regioncalls=2500280, ndraw=40, logz=-715.37, remainder_fraction=4.7236%, Lmin=-706.55, Lmax=-706.13
13:49:10 [ultranest] [DEBUG] iteration=4791, ncalls=57373, regioncalls=2500400, ndraw=40, logz=-715.37, remainder_fraction=4.7128%, Lmin=-706.54, Lmax=-706.13
13:49:11 [ultranest] [DEBUG] iteration=4792, ncalls=57396, regioncalls=2501320, ndraw=40, logz=-715.37, remainder_fraction=4.7018%, Lmin=-706.54, Lmax=-706.13
13:49:11 [ultranest] [DEBUG] iteration=4793, ncalls=57400, regioncalls=2501480, ndraw=40, logz=-715.36, remainder_fraction=4.6906%, Lmin=-706.54, Lmax=-706.13
13:49:12 [ultranest] [DEBUG] iteration=4795, ncalls=57416, regioncalls=2502120, ndraw=40, logz=-715.36, remainder_fraction=4.6677%, Lmin=-706.54, Lmax=-706.13
13:49:12 [ultranest] [DEBUG] iteration=4796, ncalls=57420, regioncalls=2502280, ndraw=40, logz=-715.36, remainder_fraction=4.6564%, Lmin=-706.54, Lmax=-706.13
13:49:12 [ultranest] [DEBUG] iteration=4797, ncalls=57423, regioncalls=2502560, ndraw=40, logz=-715.36, remainder_fraction=4.6456%, Lmin=-706.54, Lmax=-706.13
13:49:14 [ultranest] [DEBUG] iteration=4798, ncalls=57462, regioncalls=2504440, ndraw=40, logz=-715.36, remainder_fraction=4.6358%, Lmin=-706.54, Lmax=-706.13
13:49:16 [ultranest] [DEBUG] iteration=4800, ncalls=57502, regioncalls=2506040, ndraw=40, logz=-715.36, remainder_fraction=4.6149%, Lmin=-706.54, Lmax=-706.13
13:49:16 [ultranest] [DEBUG] iteration=4801, ncalls=57506, regioncalls=2506200, ndraw=40, logz=-715.36, remainder_fraction=4.6062%, Lmin=-706.54, Lmax=-706.13
13:49:16 [ultranest] [DEBUG] iteration=4802, ncalls=57508, regioncalls=2506280, ndraw=40, logz=-715.36, remainder_fraction=4.5954%, Lmin=-706.54, Lmax=-706.13
13:49:17 [ultranest] [DEBUG] iteration=4803, ncalls=57513, regioncalls=2506480, ndraw=40, logz=-715.36, remainder_fraction=4.5846%, Lmin=-706.54, Lmax=-706.13
13:49:17 [ultranest] [DEBUG] iteration=4804, ncalls=57530, regioncalls=2507160, ndraw=40, logz=-715.36, remainder_fraction=4.5747%, Lmin=-706.54, Lmax=-706.13
13:49:19 [ultranest] [DEBUG] iteration=4805, ncalls=57556, regioncalls=2508200, ndraw=40, logz=-715.36, remainder_fraction=4.5671%, Lmin=-706.54, Lmax=-706.13
13:49:19 [ultranest] [DEBUG] iteration=4806, ncalls=57571, regioncalls=2508800, ndraw=40, logz=-715.36, remainder_fraction=4.5559%, Lmin=-706.54, Lmax=-706.13
13:49:20 [ultranest] [DEBUG] iteration=4807, ncalls=57579, regioncalls=2509120, ndraw=40, logz=-715.36, remainder_fraction=4.5449%, Lmin=-706.54, Lmax=-706.13
13:49:21 [ultranest] [DEBUG] iteration=4808, ncalls=57594, regioncalls=2509720, ndraw=40, logz=-715.36, remainder_fraction=4.5369%, Lmin=-706.54, Lmax=-706.13
13:49:21 [ultranest] [DEBUG] iteration=4809, ncalls=57598, regioncalls=2509880, ndraw=40, logz=-715.36, remainder_fraction=4.5261%, Lmin=-706.54, Lmax=-706.13
13:49:21 [ultranest] [DEBUG] iteration=4810, ncalls=57605, regioncalls=2510160, ndraw=40, logz=-715.36, remainder_fraction=4.5162%, Lmin=-706.54, Lmax=-706.13
13:49:21 [ultranest] [DEBUG] iteration=4812, ncalls=57608, regioncalls=2510280, ndraw=40, logz=-715.36, remainder_fraction=4.4954%, Lmin=-706.54, Lmax=-706.13
13:49:22 [ultranest] [DEBUG] iteration=4813, ncalls=57621, regioncalls=2510800, ndraw=40, logz=-715.36, remainder_fraction=4.4862%, Lmin=-706.54, Lmax=-706.13
13:49:22 [ultranest] [DEBUG] iteration=4814, ncalls=57623, regioncalls=2510880, ndraw=40, logz=-715.36, remainder_fraction=4.4758%, Lmin=-706.54, Lmax=-706.13
13:49:23 [ultranest] [DEBUG] iteration=4816, ncalls=57636, regioncalls=2511400, ndraw=40, logz=-715.36, remainder_fraction=4.4592%, Lmin=-706.54, Lmax=-706.13
13:49:23 [ultranest] [DEBUG] iteration=4817, ncalls=57647, regioncalls=2511840, ndraw=40, logz=-715.36, remainder_fraction=4.4498%, Lmin=-706.54, Lmax=-706.13
13:49:24 [ultranest] [DEBUG] iteration=4818, ncalls=57656, regioncalls=2512200, ndraw=40, logz=-715.36, remainder_fraction=4.4400%, Lmin=-706.54, Lmax=-706.13
13:49:24 [ultranest] [DEBUG] iteration=4819, ncalls=57659, regioncalls=2512320, ndraw=40, logz=-715.36, remainder_fraction=4.4295%, Lmin=-706.53, Lmax=-706.13
13:49:24 [ultranest] [DEBUG] iteration=4820, ncalls=57661, regioncalls=2512400, ndraw=40, logz=-715.36, remainder_fraction=4.4204%, Lmin=-706.53, Lmax=-706.13
13:49:24 [ultranest] [DEBUG] iteration=4821, ncalls=57664, regioncalls=2512520, ndraw=40, logz=-715.36, remainder_fraction=4.4096%, Lmin=-706.53, Lmax=-706.13
13:49:25 [ultranest] [DEBUG] iteration=4822, ncalls=57679, regioncalls=2513120, ndraw=40, logz=-715.36, remainder_fraction=4.4001%, Lmin=-706.53, Lmax=-706.13
13:49:26 [ultranest] [DEBUG] iteration=4824, ncalls=57697, regioncalls=2513840, ndraw=40, logz=-715.36, remainder_fraction=4.3807%, Lmin=-706.53, Lmax=-706.13
13:49:26 [ultranest] [DEBUG] iteration=4825, ncalls=57699, regioncalls=2513920, ndraw=40, logz=-715.36, remainder_fraction=4.3702%, Lmin=-706.53, Lmax=-706.13
13:49:26 [ultranest] [DEBUG] iteration=4826, ncalls=57704, regioncalls=2514120, ndraw=40, logz=-715.36, remainder_fraction=4.3598%, Lmin=-706.53, Lmax=-706.13
13:49:27 [ultranest] [DEBUG] iteration=4828, ncalls=57723, regioncalls=2514920, ndraw=40, logz=-715.36, remainder_fraction=4.3406%, Lmin=-706.53, Lmax=-706.13
13:49:27 [ultranest] [DEBUG] iteration=4829, ncalls=57730, regioncalls=2515200, ndraw=40, logz=-715.36, remainder_fraction=4.3314%, Lmin=-706.53, Lmax=-706.13
13:49:28 [ultranest] [DEBUG] iteration=4830, ncalls=57732, regioncalls=2515280, ndraw=40, logz=-715.36, remainder_fraction=4.3210%, Lmin=-706.53, Lmax=-706.13
13:49:28 [ultranest] [DEBUG] iteration=4831, ncalls=57748, regioncalls=2516000, ndraw=40, logz=-715.36, remainder_fraction=4.3119%, Lmin=-706.53, Lmax=-706.13
13:49:28 [ultranest] [DEBUG] iteration=4832, ncalls=57751, regioncalls=2516240, ndraw=40, logz=-715.36, remainder_fraction=4.3021%, Lmin=-706.53, Lmax=-706.13
13:49:29 [ultranest] [DEBUG] iteration=4833, ncalls=57761, regioncalls=2516640, ndraw=40, logz=-715.36, remainder_fraction=4.2947%, Lmin=-706.53, Lmax=-706.13
13:49:31 [ultranest] [DEBUG] iteration=4834, ncalls=57789, regioncalls=2517760, ndraw=40, logz=-715.36, remainder_fraction=4.2845%, Lmin=-706.53, Lmax=-706.13
13:49:31 [ultranest] [DEBUG] iteration=4835, ncalls=57795, regioncalls=2518000, ndraw=40, logz=-715.36, remainder_fraction=4.2758%, Lmin=-706.53, Lmax=-706.13
13:49:31 [ultranest] [DEBUG] iteration=4836, ncalls=57802, regioncalls=2518280, ndraw=40, logz=-715.36, remainder_fraction=4.2652%, Lmin=-706.53, Lmax=-706.13
13:49:32 [ultranest] [DEBUG] iteration=4837, ncalls=57807, regioncalls=2518480, ndraw=40, logz=-715.36, remainder_fraction=4.2554%, Lmin=-706.53, Lmax=-706.13
13:49:32 [ultranest] [DEBUG] iteration=4838, ncalls=57809, regioncalls=2518560, ndraw=40, logz=-715.36, remainder_fraction=4.2460%, Lmin=-706.53, Lmax=-706.13
13:49:33 [ultranest] [DEBUG] iteration=4839, ncalls=57820, regioncalls=2519000, ndraw=40, logz=-715.36, remainder_fraction=4.2357%, Lmin=-706.53, Lmax=-706.13
13:49:33 [ultranest] [DEBUG] iteration=4840, ncalls=57830, regioncalls=2519400, ndraw=40, logz=-715.36, remainder_fraction=4.2254%, Lmin=-706.53, Lmax=-706.13
13:49:33 [ultranest] [DEBUG] iteration=4841, ncalls=57837, regioncalls=2519680, ndraw=40, logz=-715.36, remainder_fraction=4.2157%, Lmin=-706.53, Lmax=-706.13
13:49:34 [ultranest] [DEBUG] iteration=4842, ncalls=57854, regioncalls=2520360, ndraw=40, logz=-715.36, remainder_fraction=4.2059%, Lmin=-706.53, Lmax=-706.13
13:49:35 [ultranest] [DEBUG] iteration=4843, ncalls=57861, regioncalls=2520640, ndraw=40, logz=-715.36, remainder_fraction=4.1965%, Lmin=-706.53, Lmax=-706.13
13:49:35 [ultranest] [DEBUG] iteration=4844, ncalls=57863, regioncalls=2520720, ndraw=40, logz=-715.36, remainder_fraction=4.1870%, Lmin=-706.53, Lmax=-706.13
13:49:37 [ultranest] [DEBUG] iteration=4845, ncalls=57898, regioncalls=2522120, ndraw=40, logz=-715.36, remainder_fraction=4.1777%, Lmin=-706.53, Lmax=-706.13
13:49:37 [ultranest] [DEBUG] iteration=4847, ncalls=57905, regioncalls=2522400, ndraw=40, logz=-715.36, remainder_fraction=4.1604%, Lmin=-706.53, Lmax=-706.13
13:49:38 [ultranest] [DEBUG] iteration=4848, ncalls=57917, regioncalls=2522880, ndraw=40, logz=-715.36, remainder_fraction=4.1505%, Lmin=-706.53, Lmax=-706.13
13:49:39 [ultranest] [DEBUG] iteration=4849, ncalls=57948, regioncalls=2524120, ndraw=40, logz=-715.36, remainder_fraction=4.1408%, Lmin=-706.52, Lmax=-706.13
13:49:39 [ultranest] [DEBUG] iteration=4850, ncalls=57951, regioncalls=2524240, ndraw=40, logz=-715.36, remainder_fraction=4.1316%, Lmin=-706.52, Lmax=-706.13
13:49:40 [ultranest] [DEBUG] iteration=4851, ncalls=57961, regioncalls=2524640, ndraw=40, logz=-715.36, remainder_fraction=4.1217%, Lmin=-706.52, Lmax=-706.13
13:49:40 [ultranest] [DEBUG] iteration=4852, ncalls=57963, regioncalls=2524720, ndraw=40, logz=-715.36, remainder_fraction=4.1116%, Lmin=-706.52, Lmax=-706.13
13:49:40 [ultranest] [DEBUG] iteration=4853, ncalls=57968, regioncalls=2524920, ndraw=40, logz=-715.36, remainder_fraction=4.1022%, Lmin=-706.52, Lmax=-706.13
13:49:41 [ultranest] [DEBUG] iteration=4855, ncalls=57985, regioncalls=2525640, ndraw=40, logz=-715.36, remainder_fraction=4.0835%, Lmin=-706.52, Lmax=-706.13
13:49:41 [ultranest] [DEBUG] iteration=4856, ncalls=57990, regioncalls=2525840, ndraw=40, logz=-715.36, remainder_fraction=4.0738%, Lmin=-706.52, Lmax=-706.13
13:49:42 [ultranest] [DEBUG] iteration=4857, ncalls=58011, regioncalls=2526680, ndraw=40, logz=-715.36, remainder_fraction=4.0657%, Lmin=-706.52, Lmax=-706.13
13:49:43 [ultranest] [DEBUG] iteration=4858, ncalls=58014, regioncalls=2526800, ndraw=40, logz=-715.36, remainder_fraction=4.0556%, Lmin=-706.52, Lmax=-706.13
13:49:43 [ultranest] [DEBUG] iteration=4859, ncalls=58025, regioncalls=2527240, ndraw=40, logz=-715.36, remainder_fraction=4.0455%, Lmin=-706.52, Lmax=-706.13
13:49:43 [ultranest] [DEBUG] iteration=4861, ncalls=58028, regioncalls=2527360, ndraw=40, logz=-715.36, remainder_fraction=4.0267%, Lmin=-706.52, Lmax=-706.13
13:49:44 [ultranest] [DEBUG] iteration=4862, ncalls=58033, regioncalls=2527560, ndraw=40, logz=-715.36, remainder_fraction=4.0174%, Lmin=-706.52, Lmax=-706.13
13:49:44 [ultranest] [DEBUG] iteration=4863, ncalls=58039, regioncalls=2527840, ndraw=40, logz=-715.36, remainder_fraction=4.0074%, Lmin=-706.52, Lmax=-706.13
13:49:44 [ultranest] [DEBUG] iteration=4864, ncalls=58047, regioncalls=2528160, ndraw=40, logz=-715.36, remainder_fraction=3.9979%, Lmin=-706.52, Lmax=-706.13
13:49:45 [ultranest] [DEBUG] iteration=4865, ncalls=58052, regioncalls=2528360, ndraw=40, logz=-715.36, remainder_fraction=3.9903%, Lmin=-706.52, Lmax=-706.13
13:49:45 [ultranest] [DEBUG] iteration=4866, ncalls=58059, regioncalls=2528640, ndraw=40, logz=-715.36, remainder_fraction=3.9812%, Lmin=-706.52, Lmax=-706.13
13:49:45 [ultranest] [DEBUG] iteration=4867, ncalls=58070, regioncalls=2529080, ndraw=40, logz=-715.36, remainder_fraction=3.9734%, Lmin=-706.52, Lmax=-706.13
13:49:46 [ultranest] [DEBUG] iteration=4868, ncalls=58078, regioncalls=2529400, ndraw=40, logz=-715.36, remainder_fraction=3.9655%, Lmin=-706.52, Lmax=-706.13
13:49:46 [ultranest] [DEBUG] iteration=4870, ncalls=58082, regioncalls=2529560, ndraw=40, logz=-715.36, remainder_fraction=3.9469%, Lmin=-706.52, Lmax=-706.13
13:49:46 [ultranest] [DEBUG] iteration=4871, ncalls=58089, regioncalls=2529840, ndraw=40, logz=-715.36, remainder_fraction=3.9392%, Lmin=-706.52, Lmax=-706.13
13:49:48 [ultranest] [DEBUG] iteration=4873, ncalls=58121, regioncalls=2531120, ndraw=40, logz=-715.36, remainder_fraction=3.9206%, Lmin=-706.52, Lmax=-706.13
13:49:49 [ultranest] [DEBUG] iteration=4874, ncalls=58127, regioncalls=2531360, ndraw=40, logz=-715.36, remainder_fraction=3.9116%, Lmin=-706.52, Lmax=-706.13
13:49:49 [ultranest] [DEBUG] iteration=4875, ncalls=58137, regioncalls=2531760, ndraw=40, logz=-715.36, remainder_fraction=3.9040%, Lmin=-706.52, Lmax=-706.13
13:49:49 [ultranest] [DEBUG] iteration=4876, ncalls=58139, regioncalls=2531840, ndraw=40, logz=-715.36, remainder_fraction=3.8955%, Lmin=-706.52, Lmax=-706.13
13:49:50 [ultranest] [DEBUG] iteration=4877, ncalls=58145, regioncalls=2532080, ndraw=40, logz=-715.36, remainder_fraction=3.8860%, Lmin=-706.51, Lmax=-706.13
13:49:50 [ultranest] [DEBUG] iteration=4878, ncalls=58152, regioncalls=2532360, ndraw=40, logz=-715.36, remainder_fraction=3.8766%, Lmin=-706.51, Lmax=-706.13
13:49:52 [ultranest] [DEBUG] iteration=4879, ncalls=58193, regioncalls=2534000, ndraw=40, logz=-715.36, remainder_fraction=3.8688%, Lmin=-706.51, Lmax=-706.13
13:49:53 [ultranest] [DEBUG] iteration=4880, ncalls=58216, regioncalls=2534920, ndraw=40, logz=-715.36, remainder_fraction=3.8597%, Lmin=-706.51, Lmax=-706.13
13:49:54 [ultranest] [DEBUG] iteration=4881, ncalls=58220, regioncalls=2535080, ndraw=40, logz=-715.36, remainder_fraction=3.8510%, Lmin=-706.51, Lmax=-706.13
13:49:54 [ultranest] [DEBUG] iteration=4882, ncalls=58224, regioncalls=2535240, ndraw=40, logz=-715.36, remainder_fraction=3.8431%, Lmin=-706.51, Lmax=-706.13
13:49:56 [ultranest] [DEBUG] iteration=4883, ncalls=58260, regioncalls=2536680, ndraw=40, logz=-715.36, remainder_fraction=3.8345%, Lmin=-706.51, Lmax=-706.13
13:49:56 [ultranest] [DEBUG] iteration=4885, ncalls=58263, regioncalls=2536800, ndraw=40, logz=-715.36, remainder_fraction=3.8180%, Lmin=-706.51, Lmax=-706.13
13:49:56 [ultranest] [DEBUG] iteration=4886, ncalls=58277, regioncalls=2537360, ndraw=40, logz=-715.36, remainder_fraction=3.8096%, Lmin=-706.51, Lmax=-706.13
13:49:57 [ultranest] [DEBUG] iteration=4887, ncalls=58281, regioncalls=2537520, ndraw=40, logz=-715.36, remainder_fraction=3.8026%, Lmin=-706.51, Lmax=-706.13
13:49:57 [ultranest] [DEBUG] iteration=4888, ncalls=58284, regioncalls=2537640, ndraw=40, logz=-715.36, remainder_fraction=3.7939%, Lmin=-706.51, Lmax=-706.13
13:49:58 [ultranest] [DEBUG] iteration=4889, ncalls=58309, regioncalls=2538640, ndraw=40, logz=-715.36, remainder_fraction=3.7861%, Lmin=-706.51, Lmax=-706.13
13:49:58 [ultranest] [DEBUG] iteration=4890, ncalls=58313, regioncalls=2538800, ndraw=40, logz=-715.36, remainder_fraction=3.7780%, Lmin=-706.51, Lmax=-706.13
13:50:00 [ultranest] [DEBUG] iteration=4891, ncalls=58335, regioncalls=2539680, ndraw=40, logz=-715.36, remainder_fraction=3.7693%, Lmin=-706.51, Lmax=-706.13
13:50:01 [ultranest] [DEBUG] iteration=4892, ncalls=58353, regioncalls=2540400, ndraw=40, logz=-715.36, remainder_fraction=3.7601%, Lmin=-706.51, Lmax=-706.13
13:50:01 [ultranest] [DEBUG] iteration=4894, ncalls=58364, regioncalls=2540840, ndraw=40, logz=-715.36, remainder_fraction=3.7424%, Lmin=-706.51, Lmax=-706.13
13:50:02 [ultranest] [DEBUG] iteration=4896, ncalls=58377, regioncalls=2541360, ndraw=40, logz=-715.35, remainder_fraction=3.7255%, Lmin=-706.51, Lmax=-706.13
13:50:02 [ultranest] [DEBUG] iteration=4898, ncalls=58388, regioncalls=2541800, ndraw=40, logz=-715.35, remainder_fraction=3.7095%, Lmin=-706.51, Lmax=-706.13
13:50:04 [ultranest] [DEBUG] iteration=4899, ncalls=58417, regioncalls=2542960, ndraw=40, logz=-715.35, remainder_fraction=3.7008%, Lmin=-706.51, Lmax=-706.13
13:50:05 [ultranest] [DEBUG] iteration=4900, ncalls=58432, regioncalls=2543560, ndraw=40, logz=-715.35, remainder_fraction=3.6921%, Lmin=-706.51, Lmax=-706.13
13:50:06 [ultranest] [DEBUG] iteration=4901, ncalls=58450, regioncalls=2544280, ndraw=40, logz=-715.35, remainder_fraction=3.6837%, Lmin=-706.51, Lmax=-706.13
13:50:06 [ultranest] [DEBUG] iteration=4902, ncalls=58459, regioncalls=2544640, ndraw=40, logz=-715.35, remainder_fraction=3.6752%, Lmin=-706.51, Lmax=-706.13
13:50:06 [ultranest] [DEBUG] iteration=4904, ncalls=58463, regioncalls=2544800, ndraw=40, logz=-715.35, remainder_fraction=3.6597%, Lmin=-706.51, Lmax=-706.13
13:50:07 [ultranest] [DEBUG] iteration=4905, ncalls=58477, regioncalls=2545360, ndraw=40, logz=-715.35, remainder_fraction=3.6511%, Lmin=-706.50, Lmax=-706.13
13:50:08 [ultranest] [DEBUG] iteration=4906, ncalls=58500, regioncalls=2546280, ndraw=40, logz=-715.35, remainder_fraction=3.6431%, Lmin=-706.50, Lmax=-706.13
13:50:08 [ultranest] [DEBUG] iteration=4907, ncalls=58504, regioncalls=2546440, ndraw=40, logz=-715.35, remainder_fraction=3.6343%, Lmin=-706.50, Lmax=-706.13
13:50:09 [ultranest] [DEBUG] iteration=4908, ncalls=58511, regioncalls=2546720, ndraw=40, logz=-715.35, remainder_fraction=3.6253%, Lmin=-706.50, Lmax=-706.13
13:50:09 [ultranest] [DEBUG] iteration=4909, ncalls=58517, regioncalls=2546960, ndraw=40, logz=-715.35, remainder_fraction=3.6178%, Lmin=-706.50, Lmax=-706.13
13:50:09 [ultranest] [DEBUG] iteration=4910, ncalls=58523, regioncalls=2547200, ndraw=40, logz=-715.35, remainder_fraction=3.6092%, Lmin=-706.50, Lmax=-706.13
13:50:10 [ultranest] [DEBUG] iteration=4911, ncalls=58543, regioncalls=2548000, ndraw=40, logz=-715.35, remainder_fraction=3.6016%, Lmin=-706.50, Lmax=-706.13
13:50:11 [ultranest] [DEBUG] iteration=4912, ncalls=58553, regioncalls=2548400, ndraw=40, logz=-715.35, remainder_fraction=3.5927%, Lmin=-706.50, Lmax=-706.13
13:50:11 [ultranest] [DEBUG] iteration=4913, ncalls=58556, regioncalls=2548520, ndraw=40, logz=-715.35, remainder_fraction=3.5865%, Lmin=-706.50, Lmax=-706.13
13:50:11 [ultranest] [DEBUG] iteration=4914, ncalls=58558, regioncalls=2548600, ndraw=40, logz=-715.35, remainder_fraction=3.5788%, Lmin=-706.50, Lmax=-706.13
13:50:12 [ultranest] [DEBUG] iteration=4915, ncalls=58566, regioncalls=2548920, ndraw=40, logz=-715.35, remainder_fraction=3.5701%, Lmin=-706.50, Lmax=-706.13
13:50:12 [ultranest] [DEBUG] iteration=4916, ncalls=58577, regioncalls=2549360, ndraw=40, logz=-715.35, remainder_fraction=3.5622%, Lmin=-706.50, Lmax=-706.13
13:50:13 [ultranest] [DEBUG] iteration=4917, ncalls=58590, regioncalls=2549880, ndraw=40, logz=-715.35, remainder_fraction=3.5534%, Lmin=-706.50, Lmax=-706.13
13:50:14 [ultranest] [DEBUG] iteration=4918, ncalls=58607, regioncalls=2550560, ndraw=40, logz=-715.35, remainder_fraction=3.5464%, Lmin=-706.50, Lmax=-706.13
13:50:14 [ultranest] [DEBUG] iteration=4919, ncalls=58612, regioncalls=2550760, ndraw=40, logz=-715.35, remainder_fraction=3.5387%, Lmin=-706.50, Lmax=-706.13
13:50:14 [ultranest] [DEBUG] iteration=4920, ncalls=58615, regioncalls=2550880, ndraw=40, logz=-715.35, remainder_fraction=3.5307%, Lmin=-706.50, Lmax=-706.13
13:50:14 [ultranest] [DEBUG] iteration=4921, ncalls=58621, regioncalls=2551120, ndraw=40, logz=-715.35, remainder_fraction=3.5242%, Lmin=-706.50, Lmax=-706.13
13:50:15 [ultranest] [DEBUG] iteration=4923, ncalls=58629, regioncalls=2551440, ndraw=40, logz=-715.35, remainder_fraction=3.5077%, Lmin=-706.50, Lmax=-706.13
13:50:15 [ultranest] [DEBUG] iteration=4924, ncalls=58638, regioncalls=2551800, ndraw=40, logz=-715.35, remainder_fraction=3.4995%, Lmin=-706.50, Lmax=-706.13
13:50:16 [ultranest] [DEBUG] iteration=4925, ncalls=58644, regioncalls=2552040, ndraw=40, logz=-715.35, remainder_fraction=3.4913%, Lmin=-706.50, Lmax=-706.13
13:50:17 [ultranest] [DEBUG] iteration=4926, ncalls=58676, regioncalls=2553320, ndraw=40, logz=-715.35, remainder_fraction=3.4827%, Lmin=-706.50, Lmax=-706.13
13:50:17 [ultranest] [DEBUG] iteration=4927, ncalls=58680, regioncalls=2553480, ndraw=40, logz=-715.35, remainder_fraction=3.4751%, Lmin=-706.50, Lmax=-706.13
13:50:18 [ultranest] [DEBUG] iteration=4928, ncalls=58697, regioncalls=2554160, ndraw=40, logz=-715.35, remainder_fraction=3.4675%, Lmin=-706.50, Lmax=-706.13
13:50:19 [ultranest] [DEBUG] iteration=4929, ncalls=58715, regioncalls=2554880, ndraw=40, logz=-715.35, remainder_fraction=3.4592%, Lmin=-706.49, Lmax=-706.13
13:50:21 [ultranest] [DEBUG] iteration=4930, ncalls=58746, regioncalls=2556120, ndraw=40, logz=-715.35, remainder_fraction=3.4514%, Lmin=-706.49, Lmax=-706.13
13:50:21 [ultranest] [DEBUG] iteration=4931, ncalls=58750, regioncalls=2556280, ndraw=40, logz=-715.35, remainder_fraction=3.4445%, Lmin=-706.49, Lmax=-706.13
13:50:22 [ultranest] [DEBUG] iteration=4932, ncalls=58767, regioncalls=2556960, ndraw=40, logz=-715.35, remainder_fraction=3.4369%, Lmin=-706.49, Lmax=-706.13
13:50:22 [ultranest] [DEBUG] iteration=4933, ncalls=58775, regioncalls=2557280, ndraw=40, logz=-715.35, remainder_fraction=3.4284%, Lmin=-706.49, Lmax=-706.13
13:50:25 [ultranest] [DEBUG] iteration=4935, ncalls=58835, regioncalls=2559680, ndraw=40, logz=-715.35, remainder_fraction=3.4126%, Lmin=-706.49, Lmax=-706.13
13:50:26 [ultranest] [DEBUG] iteration=4936, ncalls=58846, regioncalls=2560120, ndraw=40, logz=-715.35, remainder_fraction=3.4060%, Lmin=-706.49, Lmax=-706.13
13:50:29 [ultranest] [DEBUG] iteration=4937, ncalls=58901, regioncalls=2562320, ndraw=40, logz=-715.35, remainder_fraction=3.3990%, Lmin=-706.49, Lmax=-706.13
13:50:29 [ultranest] [DEBUG] iteration=4938, ncalls=58909, regioncalls=2562640, ndraw=40, logz=-715.35, remainder_fraction=3.3910%, Lmin=-706.49, Lmax=-706.13
13:50:29 [ultranest] [DEBUG] iteration=4939, ncalls=58918, regioncalls=2563000, ndraw=40, logz=-715.35, remainder_fraction=3.3842%, Lmin=-706.49, Lmax=-706.13
13:50:30 [ultranest] [DEBUG] iteration=4940, ncalls=58922, regioncalls=2563160, ndraw=40, logz=-715.35, remainder_fraction=3.3780%, Lmin=-706.49, Lmax=-706.13
13:50:30 [ultranest] [DEBUG] iteration=4941, ncalls=58931, regioncalls=2563840, ndraw=40, logz=-715.35, remainder_fraction=3.3715%, Lmin=-706.49, Lmax=-706.13
13:50:30 [ultranest] [DEBUG] iteration=4942, ncalls=58934, regioncalls=2563960, ndraw=40, logz=-715.35, remainder_fraction=3.3646%, Lmin=-706.49, Lmax=-706.13
13:50:33 [ultranest] [DEBUG] iteration=4943, ncalls=58993, regioncalls=2566320, ndraw=40, logz=-715.35, remainder_fraction=3.3581%, Lmin=-706.49, Lmax=-706.13
13:50:34 [ultranest] [DEBUG] iteration=4944, ncalls=59008, regioncalls=2566920, ndraw=40, logz=-715.35, remainder_fraction=3.3499%, Lmin=-706.49, Lmax=-706.13
13:50:34 [ultranest] [DEBUG] iteration=4945, ncalls=59010, regioncalls=2567000, ndraw=40, logz=-715.35, remainder_fraction=3.3422%, Lmin=-706.49, Lmax=-706.13
13:50:34 [ultranest] [DEBUG] iteration=4946, ncalls=59017, regioncalls=2567280, ndraw=40, logz=-715.35, remainder_fraction=3.3353%, Lmin=-706.49, Lmax=-706.13
13:50:35 [ultranest] [DEBUG] iteration=4947, ncalls=59037, regioncalls=2568080, ndraw=40, logz=-715.35, remainder_fraction=3.3276%, Lmin=-706.49, Lmax=-706.13
13:50:36 [ultranest] [DEBUG] iteration=4948, ncalls=59044, regioncalls=2568360, ndraw=40, logz=-715.35, remainder_fraction=3.3200%, Lmin=-706.49, Lmax=-706.13
13:50:36 [ultranest] [DEBUG] iteration=4949, ncalls=59047, regioncalls=2568480, ndraw=40, logz=-715.35, remainder_fraction=3.3124%, Lmin=-706.49, Lmax=-706.13
13:50:37 [ultranest] [DEBUG] iteration=4950, ncalls=59067, regioncalls=2569280, ndraw=40, logz=-715.35, remainder_fraction=3.3042%, Lmin=-706.48, Lmax=-706.13
13:50:39 [ultranest] [DEBUG] iteration=4951, ncalls=59108, regioncalls=2570920, ndraw=40, logz=-715.35, remainder_fraction=3.2962%, Lmin=-706.48, Lmax=-706.13
13:50:40 [ultranest] [DEBUG] iteration=4952, ncalls=59121, regioncalls=2571440, ndraw=40, logz=-715.35, remainder_fraction=3.2881%, Lmin=-706.48, Lmax=-706.13
13:50:40 [ultranest] [DEBUG] iteration=4953, ncalls=59126, regioncalls=2571640, ndraw=40, logz=-715.35, remainder_fraction=3.2801%, Lmin=-706.48, Lmax=-706.13
13:50:40 [ultranest] [DEBUG] iteration=4954, ncalls=59134, regioncalls=2571960, ndraw=40, logz=-715.35, remainder_fraction=3.2730%, Lmin=-706.48, Lmax=-706.13
13:50:41 [ultranest] [DEBUG] iteration=4955, ncalls=59139, regioncalls=2572160, ndraw=40, logz=-715.35, remainder_fraction=3.2652%, Lmin=-706.48, Lmax=-706.13
13:50:41 [ultranest] [DEBUG] iteration=4956, ncalls=59147, regioncalls=2572480, ndraw=40, logz=-715.35, remainder_fraction=3.2583%, Lmin=-706.48, Lmax=-706.13
13:50:41 [ultranest] [DEBUG] iteration=4957, ncalls=59154, regioncalls=2572760, ndraw=40, logz=-715.35, remainder_fraction=3.2506%, Lmin=-706.48, Lmax=-706.13
13:50:42 [ultranest] [DEBUG] iteration=4958, ncalls=59166, regioncalls=2573240, ndraw=40, logz=-715.35, remainder_fraction=3.2427%, Lmin=-706.48, Lmax=-706.13
13:50:42 [ultranest] [DEBUG] iteration=4959, ncalls=59176, regioncalls=2573640, ndraw=40, logz=-715.35, remainder_fraction=3.2354%, Lmin=-706.48, Lmax=-706.13
13:50:43 [ultranest] [DEBUG] iteration=4960, ncalls=59185, regioncalls=2574000, ndraw=40, logz=-715.35, remainder_fraction=3.2286%, Lmin=-706.48, Lmax=-706.13
13:50:43 [ultranest] [DEBUG] iteration=4961, ncalls=59189, regioncalls=2574160, ndraw=40, logz=-715.35, remainder_fraction=3.2219%, Lmin=-706.48, Lmax=-706.13
13:50:43 [ultranest] [DEBUG] iteration=4962, ncalls=59195, regioncalls=2574400, ndraw=40, logz=-715.35, remainder_fraction=3.2139%, Lmin=-706.48, Lmax=-706.13
13:50:44 [ultranest] [DEBUG] iteration=4963, ncalls=59201, regioncalls=2574640, ndraw=40, logz=-715.35, remainder_fraction=3.2064%, Lmin=-706.48, Lmax=-706.13
13:50:44 [ultranest] [DEBUG] iteration=4964, ncalls=59208, regioncalls=2574920, ndraw=40, logz=-715.35, remainder_fraction=3.1990%, Lmin=-706.48, Lmax=-706.13
13:50:45 [ultranest] [DEBUG] iteration=4965, ncalls=59233, regioncalls=2575920, ndraw=40, logz=-715.35, remainder_fraction=3.1916%, Lmin=-706.48, Lmax=-706.13
13:50:46 [ultranest] [DEBUG] iteration=4966, ncalls=59238, regioncalls=2576120, ndraw=40, logz=-715.35, remainder_fraction=3.1846%, Lmin=-706.48, Lmax=-706.13
13:50:46 [ultranest] [DEBUG] iteration=4967, ncalls=59243, regioncalls=2576320, ndraw=40, logz=-715.35, remainder_fraction=3.1767%, Lmin=-706.48, Lmax=-706.13
13:50:46 [ultranest] [DEBUG] iteration=4968, ncalls=59247, regioncalls=2576480, ndraw=40, logz=-715.35, remainder_fraction=3.1707%, Lmin=-706.48, Lmax=-706.13
13:50:46 [ultranest] [DEBUG] iteration=4969, ncalls=59255, regioncalls=2576800, ndraw=40, logz=-715.35, remainder_fraction=3.1632%, Lmin=-706.48, Lmax=-706.13
13:50:48 [ultranest] [DEBUG] iteration=4970, ncalls=59289, regioncalls=2578160, ndraw=40, logz=-715.35, remainder_fraction=3.1554%, Lmin=-706.48, Lmax=-706.13
13:50:49 [ultranest] [DEBUG] iteration=4971, ncalls=59308, regioncalls=2578920, ndraw=40, logz=-715.35, remainder_fraction=3.1479%, Lmin=-706.48, Lmax=-706.13
13:50:51 [ultranest] [DEBUG] iteration=4972, ncalls=59350, regioncalls=2580600, ndraw=40, logz=-715.35, remainder_fraction=3.1403%, Lmin=-706.48, Lmax=-706.13
13:50:51 [ultranest] [DEBUG] iteration=4973, ncalls=59356, regioncalls=2580840, ndraw=40, logz=-715.35, remainder_fraction=3.1328%, Lmin=-706.48, Lmax=-706.13
13:50:52 [ultranest] [DEBUG] iteration=4974, ncalls=59373, regioncalls=2581520, ndraw=40, logz=-715.35, remainder_fraction=3.1250%, Lmin=-706.48, Lmax=-706.13
13:50:53 [ultranest] [DEBUG] iteration=4975, ncalls=59388, regioncalls=2582120, ndraw=40, logz=-715.35, remainder_fraction=3.1193%, Lmin=-706.48, Lmax=-706.13
13:50:55 [ultranest] [DEBUG] iteration=4976, ncalls=59418, regioncalls=2583320, ndraw=40, logz=-715.35, remainder_fraction=3.1134%, Lmin=-706.48, Lmax=-706.13
13:50:55 [ultranest] [DEBUG] iteration=4977, ncalls=59422, regioncalls=2583480, ndraw=40, logz=-715.35, remainder_fraction=3.1072%, Lmin=-706.48, Lmax=-706.13
13:50:57 [ultranest] [DEBUG] iteration=4978, ncalls=59463, regioncalls=2585120, ndraw=40, logz=-715.35, remainder_fraction=3.1013%, Lmin=-706.48, Lmax=-706.13
13:50:57 [ultranest] [DEBUG] iteration=4979, ncalls=59475, regioncalls=2585600, ndraw=40, logz=-715.35, remainder_fraction=3.0955%, Lmin=-706.47, Lmax=-706.13
13:50:58 [ultranest] [DEBUG] iteration=4980, ncalls=59478, regioncalls=2585720, ndraw=40, logz=-715.35, remainder_fraction=3.0878%, Lmin=-706.47, Lmax=-706.13
13:50:58 [ultranest] [DEBUG] iteration=4982, ncalls=59487, regioncalls=2586080, ndraw=40, logz=-715.35, remainder_fraction=3.0763%, Lmin=-706.47, Lmax=-706.13
13:50:59 [ultranest] [DEBUG] iteration=4983, ncalls=59499, regioncalls=2586560, ndraw=40, logz=-715.35, remainder_fraction=3.0688%, Lmin=-706.47, Lmax=-706.13
13:51:00 [ultranest] [DEBUG] iteration=4984, ncalls=59520, regioncalls=2587400, ndraw=40, logz=-715.35, remainder_fraction=3.0615%, Lmin=-706.47, Lmax=-706.13
13:51:01 [ultranest] [DEBUG] iteration=4985, ncalls=59542, regioncalls=2588280, ndraw=40, logz=-715.35, remainder_fraction=3.0540%, Lmin=-706.47, Lmax=-706.13
13:51:01 [ultranest] [DEBUG] iteration=4986, ncalls=59546, regioncalls=2588440, ndraw=40, logz=-715.35, remainder_fraction=3.0469%, Lmin=-706.47, Lmax=-706.13
13:51:01 [ultranest] [DEBUG] iteration=4988, ncalls=59549, regioncalls=2588560, ndraw=40, logz=-715.35, remainder_fraction=3.0330%, Lmin=-706.47, Lmax=-706.13
13:51:02 [ultranest] [DEBUG] iteration=4989, ncalls=59562, regioncalls=2589240, ndraw=40, logz=-715.35, remainder_fraction=3.0259%, Lmin=-706.47, Lmax=-706.13
13:51:03 [ultranest] [DEBUG] iteration=4990, ncalls=59574, regioncalls=2589920, ndraw=40, logz=-715.35, remainder_fraction=3.0196%, Lmin=-706.47, Lmax=-706.13
13:51:03 [ultranest] [DEBUG] iteration=4991, ncalls=59593, regioncalls=2590680, ndraw=40, logz=-715.35, remainder_fraction=3.0124%, Lmin=-706.47, Lmax=-706.13
13:51:04 [ultranest] [DEBUG] iteration=4992, ncalls=59606, regioncalls=2591200, ndraw=40, logz=-715.35, remainder_fraction=3.0062%, Lmin=-706.47, Lmax=-706.13
13:51:05 [ultranest] [DEBUG] iteration=4993, ncalls=59616, regioncalls=2591600, ndraw=40, logz=-715.35, remainder_fraction=2.9992%, Lmin=-706.47, Lmax=-706.13
13:51:05 [ultranest] [DEBUG] iteration=4994, ncalls=59623, regioncalls=2591880, ndraw=40, logz=-715.35, remainder_fraction=2.9934%, Lmin=-706.47, Lmax=-706.13
13:51:05 [ultranest] [DEBUG] iteration=4995, ncalls=59625, regioncalls=2591960, ndraw=40, logz=-715.35, remainder_fraction=2.9860%, Lmin=-706.47, Lmax=-706.13
13:51:06 [ultranest] [DEBUG] iteration=4996, ncalls=59635, regioncalls=2592360, ndraw=40, logz=-715.35, remainder_fraction=2.9790%, Lmin=-706.47, Lmax=-706.13
13:51:06 [ultranest] [DEBUG] iteration=4997, ncalls=59643, regioncalls=2592680, ndraw=40, logz=-715.35, remainder_fraction=2.9732%, Lmin=-706.47, Lmax=-706.13
13:51:07 [ultranest] [DEBUG] iteration=4998, ncalls=59653, regioncalls=2593080, ndraw=40, logz=-715.35, remainder_fraction=2.9665%, Lmin=-706.47, Lmax=-706.13
13:51:07 [ultranest] [DEBUG] iteration=5000, ncalls=59658, regioncalls=2593280, ndraw=40, logz=-715.35, remainder_fraction=2.9540%, Lmin=-706.47, Lmax=-706.13
13:51:07 [ultranest] [DEBUG] iteration=5001, ncalls=59670, regioncalls=2593760, ndraw=40, logz=-715.35, remainder_fraction=2.9468%, Lmin=-706.47, Lmax=-706.13
13:51:08 [ultranest] [DEBUG] iteration=5002, ncalls=59688, regioncalls=2594520, ndraw=40, logz=-715.35, remainder_fraction=2.9397%, Lmin=-706.47, Lmax=-706.13
13:51:09 [ultranest] [DEBUG] iteration=5003, ncalls=59692, regioncalls=2594680, ndraw=40, logz=-715.35, remainder_fraction=2.9344%, Lmin=-706.47, Lmax=-706.13
13:51:09 [ultranest] [DEBUG] iteration=5004, ncalls=59704, regioncalls=2595440, ndraw=40, logz=-715.35, remainder_fraction=2.9273%, Lmin=-706.47, Lmax=-706.13
13:51:10 [ultranest] [DEBUG] iteration=5005, ncalls=59715, regioncalls=2595880, ndraw=40, logz=-715.35, remainder_fraction=2.9202%, Lmin=-706.47, Lmax=-706.13
13:51:11 [ultranest] [DEBUG] iteration=5007, ncalls=59735, regioncalls=2596840, ndraw=40, logz=-715.35, remainder_fraction=2.9067%, Lmin=-706.47, Lmax=-706.13
13:51:11 [ultranest] [DEBUG] iteration=5008, ncalls=59737, regioncalls=2596920, ndraw=40, logz=-715.35, remainder_fraction=2.8999%, Lmin=-706.47, Lmax=-706.13
13:51:12 [ultranest] [DEBUG] iteration=5009, ncalls=59753, regioncalls=2597560, ndraw=40, logz=-715.35, remainder_fraction=2.8932%, Lmin=-706.47, Lmax=-706.13
13:51:13 [ultranest] [DEBUG] iteration=5011, ncalls=59766, regioncalls=2598080, ndraw=40, logz=-715.35, remainder_fraction=2.8794%, Lmin=-706.47, Lmax=-706.13
13:51:14 [ultranest] [DEBUG] iteration=5012, ncalls=59793, regioncalls=2599160, ndraw=40, logz=-715.35, remainder_fraction=2.8736%, Lmin=-706.47, Lmax=-706.13
13:51:15 [ultranest] [DEBUG] iteration=5013, ncalls=59810, regioncalls=2599840, ndraw=40, logz=-715.35, remainder_fraction=2.8675%, Lmin=-706.47, Lmax=-706.13
13:51:16 [ultranest] [DEBUG] iteration=5015, ncalls=59818, regioncalls=2600280, ndraw=40, logz=-715.35, remainder_fraction=2.8534%, Lmin=-706.46, Lmax=-706.13
13:51:16 [ultranest] [DEBUG] iteration=5016, ncalls=59825, regioncalls=2600560, ndraw=40, logz=-715.35, remainder_fraction=2.8467%, Lmin=-706.46, Lmax=-706.13
13:51:16 [ultranest] [DEBUG] iteration=5017, ncalls=59835, regioncalls=2600960, ndraw=40, logz=-715.35, remainder_fraction=2.8410%, Lmin=-706.46, Lmax=-706.13
13:51:17 [ultranest] [DEBUG] iteration=5018, ncalls=59843, regioncalls=2601280, ndraw=40, logz=-715.35, remainder_fraction=2.8339%, Lmin=-706.46, Lmax=-706.13
13:51:18 [ultranest] [DEBUG] iteration=5019, ncalls=59867, regioncalls=2602240, ndraw=40, logz=-715.35, remainder_fraction=2.8273%, Lmin=-706.46, Lmax=-706.13
13:51:20 [ultranest] [DEBUG] iteration=5020, ncalls=59900, regioncalls=2603920, ndraw=40, logz=-715.35, remainder_fraction=2.8218%, Lmin=-706.46, Lmax=-706.13
13:51:20 [ultranest] [DEBUG] iteration=5022, ncalls=59909, regioncalls=2604280, ndraw=40, logz=-715.35, remainder_fraction=2.8090%, Lmin=-706.46, Lmax=-706.13
13:51:21 [ultranest] [DEBUG] iteration=5023, ncalls=59916, regioncalls=2604560, ndraw=40, logz=-715.35, remainder_fraction=2.8021%, Lmin=-706.46, Lmax=-706.13
13:51:21 [ultranest] [DEBUG] iteration=5024, ncalls=59931, regioncalls=2605160, ndraw=40, logz=-715.35, remainder_fraction=2.7957%, Lmin=-706.46, Lmax=-706.13
13:51:22 [ultranest] [DEBUG] iteration=5025, ncalls=59944, regioncalls=2605680, ndraw=40, logz=-715.35, remainder_fraction=2.7900%, Lmin=-706.46, Lmax=-706.13
13:51:23 [ultranest] [DEBUG] iteration=5026, ncalls=59970, regioncalls=2606720, ndraw=40, logz=-715.35, remainder_fraction=2.7834%, Lmin=-706.46, Lmax=-706.13
13:51:24 [ultranest] [DEBUG] iteration=5027, ncalls=59980, regioncalls=2607120, ndraw=40, logz=-715.35, remainder_fraction=2.7775%, Lmin=-706.46, Lmax=-706.13
13:51:25 [ultranest] [DEBUG] iteration=5029, ncalls=60004, regioncalls=2608080, ndraw=40, logz=-715.35, remainder_fraction=2.7655%, Lmin=-706.46, Lmax=-706.13
13:51:26 [ultranest] [DEBUG] iteration=5030, ncalls=60022, regioncalls=2608800, ndraw=40, logz=-715.35, remainder_fraction=2.7605%, Lmin=-706.46, Lmax=-706.13
13:51:26 [ultranest] [DEBUG] iteration=5031, ncalls=60032, regioncalls=2609200, ndraw=40, logz=-715.34, remainder_fraction=2.7546%, Lmin=-706.46, Lmax=-706.13
13:51:27 [ultranest] [DEBUG] iteration=5032, ncalls=60038, regioncalls=2609440, ndraw=40, logz=-715.34, remainder_fraction=2.7480%, Lmin=-706.46, Lmax=-706.13
13:51:28 [ultranest] [DEBUG] iteration=5033, ncalls=60064, regioncalls=2610480, ndraw=40, logz=-715.34, remainder_fraction=2.7420%, Lmin=-706.46, Lmax=-706.13
13:51:28 [ultranest] [DEBUG] iteration=5034, ncalls=60069, regioncalls=2610680, ndraw=40, logz=-715.34, remainder_fraction=2.7367%, Lmin=-706.46, Lmax=-706.13
13:51:28 [ultranest] [DEBUG] iteration=5035, ncalls=60072, regioncalls=2610800, ndraw=40, logz=-715.34, remainder_fraction=2.7299%, Lmin=-706.46, Lmax=-706.13
13:51:29 [ultranest] [DEBUG] iteration=5036, ncalls=60079, regioncalls=2611080, ndraw=40, logz=-715.34, remainder_fraction=2.7235%, Lmin=-706.46, Lmax=-706.13
13:51:29 [ultranest] [DEBUG] iteration=5037, ncalls=60084, regioncalls=2611280, ndraw=40, logz=-715.34, remainder_fraction=2.7175%, Lmin=-706.46, Lmax=-706.13
13:51:30 [ultranest] [DEBUG] iteration=5038, ncalls=60098, regioncalls=2611840, ndraw=40, logz=-715.34, remainder_fraction=2.7108%, Lmin=-706.46, Lmax=-706.13
13:51:30 [ultranest] [DEBUG] iteration=5039, ncalls=60114, regioncalls=2612480, ndraw=40, logz=-715.34, remainder_fraction=2.7051%, Lmin=-706.46, Lmax=-706.13
13:51:31 [ultranest] [DEBUG] iteration=5040, ncalls=60119, regioncalls=2612680, ndraw=40, logz=-715.34, remainder_fraction=2.6984%, Lmin=-706.46, Lmax=-706.13
13:51:31 [ultranest] [DEBUG] iteration=5041, ncalls=60121, regioncalls=2612760, ndraw=40, logz=-715.34, remainder_fraction=2.6926%, Lmin=-706.46, Lmax=-706.13
13:51:31 [ultranest] [DEBUG] iteration=5042, ncalls=60125, regioncalls=2612920, ndraw=40, logz=-715.34, remainder_fraction=2.6875%, Lmin=-706.46, Lmax=-706.13
13:51:31 [ultranest] [DEBUG] iteration=5043, ncalls=60128, regioncalls=2613080, ndraw=40, logz=-715.34, remainder_fraction=2.6811%, Lmin=-706.46, Lmax=-706.13
13:51:31 [ultranest] [DEBUG] iteration=5044, ncalls=60131, regioncalls=2613200, ndraw=40, logz=-715.34, remainder_fraction=2.6749%, Lmin=-706.46, Lmax=-706.13
13:51:32 [ultranest] [DEBUG] iteration=5045, ncalls=60136, regioncalls=2613400, ndraw=40, logz=-715.34, remainder_fraction=2.6689%, Lmin=-706.46, Lmax=-706.13
13:51:32 [ultranest] [DEBUG] iteration=5046, ncalls=60146, regioncalls=2613800, ndraw=40, logz=-715.34, remainder_fraction=2.6626%, Lmin=-706.46, Lmax=-706.13
13:51:33 [ultranest] [DEBUG] iteration=5047, ncalls=60163, regioncalls=2614480, ndraw=40, logz=-715.34, remainder_fraction=2.6569%, Lmin=-706.45, Lmax=-706.13
13:51:33 [ultranest] [DEBUG] iteration=5048, ncalls=60169, regioncalls=2614720, ndraw=40, logz=-715.34, remainder_fraction=2.6520%, Lmin=-706.45, Lmax=-706.13
13:51:33 [ultranest] [DEBUG] iteration=5049, ncalls=60173, regioncalls=2614880, ndraw=40, logz=-715.34, remainder_fraction=2.6470%, Lmin=-706.45, Lmax=-706.13
13:51:34 [ultranest] [DEBUG] iteration=5050, ncalls=60185, regioncalls=2615360, ndraw=40, logz=-715.34, remainder_fraction=2.6407%, Lmin=-706.45, Lmax=-706.13
13:51:34 [ultranest] [DEBUG] iteration=5052, ncalls=60190, regioncalls=2615560, ndraw=40, logz=-715.34, remainder_fraction=2.6292%, Lmin=-706.45, Lmax=-706.13
13:51:35 [ultranest] [DEBUG] iteration=5053, ncalls=60194, regioncalls=2615720, ndraw=40, logz=-715.34, remainder_fraction=2.6245%, Lmin=-706.45, Lmax=-706.13
13:51:35 [ultranest] [DEBUG] iteration=5054, ncalls=60197, regioncalls=2615840, ndraw=40, logz=-715.34, remainder_fraction=2.6189%, Lmin=-706.45, Lmax=-706.13
13:51:35 [ultranest] [DEBUG] iteration=5055, ncalls=60202, regioncalls=2616040, ndraw=40, logz=-715.34, remainder_fraction=2.6129%, Lmin=-706.45, Lmax=-706.06
13:51:36 [ultranest] [DEBUG] iteration=5056, ncalls=60221, regioncalls=2616800, ndraw=40, logz=-715.34, remainder_fraction=2.6068%, Lmin=-706.45, Lmax=-706.06
13:51:36 [ultranest] [DEBUG] iteration=5058, ncalls=60225, regioncalls=2616960, ndraw=40, logz=-715.34, remainder_fraction=2.5971%, Lmin=-706.45, Lmax=-706.06
13:51:37 [ultranest] [DEBUG] iteration=5060, ncalls=60236, regioncalls=2617400, ndraw=40, logz=-715.34, remainder_fraction=2.5845%, Lmin=-706.45, Lmax=-706.06
13:51:37 [ultranest] [DEBUG] iteration=5061, ncalls=60241, regioncalls=2617600, ndraw=40, logz=-715.34, remainder_fraction=2.5784%, Lmin=-706.45, Lmax=-706.06
13:51:37 [ultranest] [DEBUG] iteration=5062, ncalls=60249, regioncalls=2617920, ndraw=40, logz=-715.34, remainder_fraction=2.5720%, Lmin=-706.45, Lmax=-706.06
13:51:38 [ultranest] [DEBUG] iteration=5063, ncalls=60255, regioncalls=2618160, ndraw=40, logz=-715.34, remainder_fraction=2.5659%, Lmin=-706.45, Lmax=-706.06
13:51:39 [ultranest] [DEBUG] iteration=5064, ncalls=60278, regioncalls=2619080, ndraw=40, logz=-715.34, remainder_fraction=2.5598%, Lmin=-706.45, Lmax=-706.06
13:51:39 [ultranest] [DEBUG] iteration=5065, ncalls=60283, regioncalls=2619280, ndraw=40, logz=-715.34, remainder_fraction=2.5537%, Lmin=-706.45, Lmax=-706.06
13:51:39 [ultranest] [DEBUG] iteration=5066, ncalls=60289, regioncalls=2619520, ndraw=40, logz=-715.34, remainder_fraction=2.5484%, Lmin=-706.45, Lmax=-706.06
13:51:40 [ultranest] [DEBUG] iteration=5067, ncalls=60295, regioncalls=2619760, ndraw=40, logz=-715.34, remainder_fraction=2.5425%, Lmin=-706.45, Lmax=-706.06
13:51:40 [ultranest] [DEBUG] iteration=5069, ncalls=60302, regioncalls=2620040, ndraw=40, logz=-715.34, remainder_fraction=2.5307%, Lmin=-706.45, Lmax=-706.06
13:51:40 [ultranest] [DEBUG] iteration=5070, ncalls=60307, regioncalls=2620240, ndraw=40, logz=-715.34, remainder_fraction=2.5247%, Lmin=-706.45, Lmax=-706.06
13:51:41 [ultranest] [DEBUG] iteration=5071, ncalls=60317, regioncalls=2620640, ndraw=40, logz=-715.34, remainder_fraction=2.5190%, Lmin=-706.45, Lmax=-706.06
13:51:41 [ultranest] [DEBUG] iteration=5072, ncalls=60321, regioncalls=2620800, ndraw=40, logz=-715.34, remainder_fraction=2.5131%, Lmin=-706.45, Lmax=-706.06
13:51:41 [ultranest] [DEBUG] iteration=5073, ncalls=60325, regioncalls=2620960, ndraw=40, logz=-715.34, remainder_fraction=2.5079%, Lmin=-706.45, Lmax=-706.06
13:51:41 [ultranest] [DEBUG] iteration=5074, ncalls=60332, regioncalls=2621240, ndraw=40, logz=-715.34, remainder_fraction=2.5024%, Lmin=-706.44, Lmax=-706.06
13:51:42 [ultranest] [DEBUG] iteration=5075, ncalls=60338, regioncalls=2621480, ndraw=40, logz=-715.34, remainder_fraction=2.4962%, Lmin=-706.44, Lmax=-706.06
13:51:42 [ultranest] [DEBUG] iteration=5076, ncalls=60349, regioncalls=2621920, ndraw=40, logz=-715.34, remainder_fraction=2.4901%, Lmin=-706.44, Lmax=-706.06
13:51:43 [ultranest] [DEBUG] iteration=5077, ncalls=60358, regioncalls=2622280, ndraw=40, logz=-715.34, remainder_fraction=2.4843%, Lmin=-706.44, Lmax=-706.06
13:51:43 [ultranest] [DEBUG] iteration=5078, ncalls=60360, regioncalls=2622360, ndraw=40, logz=-715.34, remainder_fraction=2.4784%, Lmin=-706.44, Lmax=-706.06
13:51:43 [ultranest] [DEBUG] iteration=5079, ncalls=60369, regioncalls=2622720, ndraw=40, logz=-715.34, remainder_fraction=2.4724%, Lmin=-706.44, Lmax=-706.06
13:51:44 [ultranest] [DEBUG] iteration=5080, ncalls=60381, regioncalls=2623200, ndraw=40, logz=-715.34, remainder_fraction=2.4670%, Lmin=-706.44, Lmax=-706.06
13:51:46 [ultranest] [DEBUG] iteration=5081, ncalls=60407, regioncalls=2624240, ndraw=40, logz=-715.34, remainder_fraction=2.4626%, Lmin=-706.44, Lmax=-706.06
13:51:48 [ultranest] [DEBUG] iteration=5082, ncalls=60431, regioncalls=2625200, ndraw=40, logz=-715.34, remainder_fraction=2.4570%, Lmin=-706.44, Lmax=-706.06
13:51:49 [ultranest] [DEBUG] iteration=5083, ncalls=60439, regioncalls=2625520, ndraw=40, logz=-715.34, remainder_fraction=2.4509%, Lmin=-706.44, Lmax=-706.06
13:51:49 [ultranest] [DEBUG] iteration=5084, ncalls=60445, regioncalls=2625760, ndraw=40, logz=-715.34, remainder_fraction=2.4454%, Lmin=-706.44, Lmax=-706.06
13:51:50 [ultranest] [DEBUG] iteration=5086, ncalls=60453, regioncalls=2626080, ndraw=40, logz=-715.34, remainder_fraction=2.4342%, Lmin=-706.44, Lmax=-706.06
13:51:51 [ultranest] [DEBUG] iteration=5087, ncalls=60478, regioncalls=2627080, ndraw=40, logz=-715.34, remainder_fraction=2.4290%, Lmin=-706.44, Lmax=-706.06
13:51:52 [ultranest] [DEBUG] iteration=5088, ncalls=60489, regioncalls=2627520, ndraw=40, logz=-715.34, remainder_fraction=2.4234%, Lmin=-706.44, Lmax=-706.06
13:51:53 [ultranest] [DEBUG] iteration=5089, ncalls=60503, regioncalls=2628080, ndraw=40, logz=-715.34, remainder_fraction=2.4180%, Lmin=-706.44, Lmax=-706.06
13:51:54 [ultranest] [DEBUG] iteration=5090, ncalls=60518, regioncalls=2628680, ndraw=40, logz=-715.34, remainder_fraction=2.4125%, Lmin=-706.44, Lmax=-706.06
13:51:54 [ultranest] [DEBUG] iteration=5091, ncalls=60521, regioncalls=2628800, ndraw=40, logz=-715.34, remainder_fraction=2.4066%, Lmin=-706.44, Lmax=-706.06
13:51:55 [ultranest] [DEBUG] iteration=5092, ncalls=60526, regioncalls=2629000, ndraw=40, logz=-715.34, remainder_fraction=2.4014%, Lmin=-706.44, Lmax=-706.06
13:51:55 [ultranest] [DEBUG] iteration=5093, ncalls=60537, regioncalls=2629440, ndraw=40, logz=-715.34, remainder_fraction=2.3968%, Lmin=-706.44, Lmax=-706.06
13:51:55 [ultranest] [DEBUG] iteration=5094, ncalls=60541, regioncalls=2629600, ndraw=40, logz=-715.34, remainder_fraction=2.3918%, Lmin=-706.44, Lmax=-706.06
13:51:56 [ultranest] [DEBUG] iteration=5095, ncalls=60545, regioncalls=2629760, ndraw=40, logz=-715.34, remainder_fraction=2.3860%, Lmin=-706.44, Lmax=-706.06
13:51:56 [ultranest] [DEBUG] iteration=5096, ncalls=60546, regioncalls=2629800, ndraw=40, logz=-715.34, remainder_fraction=2.3804%, Lmin=-706.44, Lmax=-706.06
13:51:57 [ultranest] [DEBUG] iteration=5097, ncalls=60569, regioncalls=2630720, ndraw=40, logz=-715.34, remainder_fraction=2.3746%, Lmin=-706.44, Lmax=-706.06
13:51:57 [ultranest] [DEBUG] iteration=5098, ncalls=60578, regioncalls=2631080, ndraw=40, logz=-715.34, remainder_fraction=2.3693%, Lmin=-706.44, Lmax=-706.06
13:51:57 [ultranest] [DEBUG] iteration=5100, ncalls=60581, regioncalls=2631200, ndraw=40, logz=-715.34, remainder_fraction=2.3582%, Lmin=-706.44, Lmax=-706.06
13:51:58 [ultranest] [DEBUG] iteration=5102, ncalls=60597, regioncalls=2631840, ndraw=40, logz=-715.34, remainder_fraction=2.3476%, Lmin=-706.44, Lmax=-706.06
13:51:59 [ultranest] [DEBUG] iteration=5103, ncalls=60611, regioncalls=2632400, ndraw=40, logz=-715.34, remainder_fraction=2.3423%, Lmin=-706.44, Lmax=-706.06
13:51:59 [ultranest] [DEBUG] iteration=5104, ncalls=60619, regioncalls=2632720, ndraw=40, logz=-715.34, remainder_fraction=2.3373%, Lmin=-706.43, Lmax=-706.06
13:52:00 [ultranest] [DEBUG] iteration=5105, ncalls=60624, regioncalls=2632920, ndraw=40, logz=-715.34, remainder_fraction=2.3318%, Lmin=-706.43, Lmax=-706.06
13:52:00 [ultranest] [DEBUG] iteration=5106, ncalls=60626, regioncalls=2633000, ndraw=40, logz=-715.34, remainder_fraction=2.3269%, Lmin=-706.43, Lmax=-706.06
13:52:00 [ultranest] [DEBUG] iteration=5107, ncalls=60640, regioncalls=2633560, ndraw=40, logz=-715.34, remainder_fraction=2.3219%, Lmin=-706.43, Lmax=-706.06
13:52:01 [ultranest] [DEBUG] iteration=5108, ncalls=60651, regioncalls=2634000, ndraw=40, logz=-715.34, remainder_fraction=2.3165%, Lmin=-706.43, Lmax=-706.06
13:52:01 [ultranest] [DEBUG] iteration=5109, ncalls=60657, regioncalls=2634240, ndraw=40, logz=-715.34, remainder_fraction=2.3115%, Lmin=-706.43, Lmax=-706.06
13:52:02 [ultranest] [DEBUG] iteration=5110, ncalls=60662, regioncalls=2634440, ndraw=40, logz=-715.34, remainder_fraction=2.3068%, Lmin=-706.43, Lmax=-706.06
13:52:03 [ultranest] [DEBUG] iteration=5111, ncalls=60681, regioncalls=2635200, ndraw=40, logz=-715.34, remainder_fraction=2.3017%, Lmin=-706.43, Lmax=-706.06
13:52:03 [ultranest] [DEBUG] iteration=5113, ncalls=60684, regioncalls=2635320, ndraw=40, logz=-715.34, remainder_fraction=2.2910%, Lmin=-706.43, Lmax=-706.06
13:52:03 [ultranest] [DEBUG] iteration=5114, ncalls=60691, regioncalls=2635600, ndraw=40, logz=-715.34, remainder_fraction=2.2857%, Lmin=-706.43, Lmax=-706.06
13:52:03 [ultranest] [DEBUG] iteration=5116, ncalls=60697, regioncalls=2635840, ndraw=40, logz=-715.34, remainder_fraction=2.2761%, Lmin=-706.43, Lmax=-706.06
13:52:04 [ultranest] [DEBUG] iteration=5117, ncalls=60703, regioncalls=2636080, ndraw=40, logz=-715.34, remainder_fraction=2.2707%, Lmin=-706.43, Lmax=-706.06
13:52:04 [ultranest] [DEBUG] iteration=5119, ncalls=60708, regioncalls=2636280, ndraw=40, logz=-715.34, remainder_fraction=2.2603%, Lmin=-706.43, Lmax=-706.06
13:52:04 [ultranest] [DEBUG] iteration=5120, ncalls=60718, regioncalls=2636680, ndraw=40, logz=-715.34, remainder_fraction=2.2550%, Lmin=-706.43, Lmax=-706.06
13:52:07 [ultranest] [DEBUG] iteration=5121, ncalls=60762, regioncalls=2638440, ndraw=40, logz=-715.34, remainder_fraction=2.2503%, Lmin=-706.43, Lmax=-706.06
13:52:07 [ultranest] [DEBUG] iteration=5122, ncalls=60777, regioncalls=2639040, ndraw=40, logz=-715.34, remainder_fraction=2.2449%, Lmin=-706.43, Lmax=-706.06
13:52:08 [ultranest] [DEBUG] iteration=5123, ncalls=60795, regioncalls=2639760, ndraw=40, logz=-715.34, remainder_fraction=2.2397%, Lmin=-706.43, Lmax=-706.06
13:52:09 [ultranest] [DEBUG] iteration=5124, ncalls=60803, regioncalls=2640080, ndraw=40, logz=-715.34, remainder_fraction=2.2347%, Lmin=-706.43, Lmax=-706.06
13:52:09 [ultranest] [DEBUG] iteration=5126, ncalls=60808, regioncalls=2640280, ndraw=40, logz=-715.34, remainder_fraction=2.2237%, Lmin=-706.43, Lmax=-706.06
13:52:09 [ultranest] [DEBUG] iteration=5127, ncalls=60811, regioncalls=2640400, ndraw=40, logz=-715.34, remainder_fraction=2.2182%, Lmin=-706.43, Lmax=-706.06
13:52:09 [ultranest] [DEBUG] iteration=5128, ncalls=60815, regioncalls=2640560, ndraw=40, logz=-715.34, remainder_fraction=2.2127%, Lmin=-706.43, Lmax=-706.06
13:52:10 [ultranest] [DEBUG] iteration=5129, ncalls=60825, regioncalls=2640960, ndraw=40, logz=-715.34, remainder_fraction=2.2076%, Lmin=-706.43, Lmax=-706.06
13:52:11 [ultranest] [DEBUG] iteration=5130, ncalls=60858, regioncalls=2642280, ndraw=40, logz=-715.34, remainder_fraction=2.2032%, Lmin=-706.43, Lmax=-706.06
13:52:12 [ultranest] [DEBUG] iteration=5131, ncalls=60864, regioncalls=2642520, ndraw=40, logz=-715.34, remainder_fraction=2.1982%, Lmin=-706.43, Lmax=-706.06
13:52:12 [ultranest] [DEBUG] iteration=5133, ncalls=60867, regioncalls=2642760, ndraw=40, logz=-715.34, remainder_fraction=2.1901%, Lmin=-706.43, Lmax=-706.06
13:52:12 [ultranest] [DEBUG] iteration=5135, ncalls=60870, regioncalls=2642880, ndraw=40, logz=-715.34, remainder_fraction=2.1799%, Lmin=-706.43, Lmax=-706.06
13:52:12 [ultranest] [DEBUG] iteration=5136, ncalls=60874, regioncalls=2643040, ndraw=40, logz=-715.34, remainder_fraction=2.1746%, Lmin=-706.43, Lmax=-706.06
13:52:13 [ultranest] [DEBUG] iteration=5137, ncalls=60881, regioncalls=2643320, ndraw=40, logz=-715.34, remainder_fraction=2.1693%, Lmin=-706.43, Lmax=-706.06
13:52:13 [ultranest] [DEBUG] iteration=5139, ncalls=60884, regioncalls=2643560, ndraw=40, logz=-715.34, remainder_fraction=2.1593%, Lmin=-706.42, Lmax=-706.06
13:52:13 [ultranest] [DEBUG] iteration=5141, ncalls=60890, regioncalls=2644000, ndraw=40, logz=-715.34, remainder_fraction=2.1498%, Lmin=-706.42, Lmax=-706.06
13:52:13 [ultranest] [DEBUG] iteration=5143, ncalls=60895, regioncalls=2644200, ndraw=40, logz=-715.34, remainder_fraction=2.1402%, Lmin=-706.42, Lmax=-706.06
13:52:15 [ultranest] [DEBUG] iteration=5144, ncalls=60917, regioncalls=2645080, ndraw=40, logz=-715.34, remainder_fraction=2.1349%, Lmin=-706.42, Lmax=-706.06
13:52:15 [ultranest] [DEBUG] iteration=5145, ncalls=60934, regioncalls=2645760, ndraw=40, logz=-715.34, remainder_fraction=2.1300%, Lmin=-706.42, Lmax=-706.06
13:52:17 [ultranest] [DEBUG] iteration=5146, ncalls=60970, regioncalls=2647480, ndraw=40, logz=-715.34, remainder_fraction=2.1250%, Lmin=-706.42, Lmax=-706.06
13:52:18 [ultranest] [DEBUG] iteration=5147, ncalls=60978, regioncalls=2647800, ndraw=40, logz=-715.34, remainder_fraction=2.1201%, Lmin=-706.42, Lmax=-706.06
13:52:18 [ultranest] [DEBUG] iteration=5148, ncalls=60992, regioncalls=2648360, ndraw=40, logz=-715.34, remainder_fraction=2.1151%, Lmin=-706.42, Lmax=-706.06
13:52:20 [ultranest] [DEBUG] iteration=5149, ncalls=61014, regioncalls=2649240, ndraw=40, logz=-715.34, remainder_fraction=2.1099%, Lmin=-706.42, Lmax=-706.06
13:52:20 [ultranest] [DEBUG] iteration=5150, ncalls=61017, regioncalls=2649360, ndraw=40, logz=-715.34, remainder_fraction=2.1048%, Lmin=-706.42, Lmax=-706.06
13:52:20 [ultranest] [DEBUG] iteration=5151, ncalls=61019, regioncalls=2649440, ndraw=40, logz=-715.34, remainder_fraction=2.1000%, Lmin=-706.42, Lmax=-706.06
13:52:20 [ultranest] [DEBUG] iteration=5152, ncalls=61024, regioncalls=2649640, ndraw=40, logz=-715.34, remainder_fraction=2.0953%, Lmin=-706.42, Lmax=-706.06
13:52:21 [ultranest] [DEBUG] iteration=5153, ncalls=61037, regioncalls=2650160, ndraw=40, logz=-715.34, remainder_fraction=2.0914%, Lmin=-706.42, Lmax=-706.06
13:52:21 [ultranest] [DEBUG] iteration=5155, ncalls=61043, regioncalls=2650400, ndraw=40, logz=-715.34, remainder_fraction=2.0818%, Lmin=-706.42, Lmax=-706.06
13:52:22 [ultranest] [DEBUG] iteration=5158, ncalls=61056, regioncalls=2650920, ndraw=40, logz=-715.34, remainder_fraction=2.0672%, Lmin=-706.41, Lmax=-706.06
13:52:22 [ultranest] [DEBUG] iteration=5159, ncalls=61067, regioncalls=2651360, ndraw=40, logz=-715.34, remainder_fraction=2.0621%, Lmin=-706.41, Lmax=-706.06
13:52:22 [ultranest] [DEBUG] iteration=5160, ncalls=61070, regioncalls=2651480, ndraw=40, logz=-715.34, remainder_fraction=2.0575%, Lmin=-706.41, Lmax=-706.06
13:52:24 [ultranest] [DEBUG] iteration=5161, ncalls=61107, regioncalls=2653160, ndraw=40, logz=-715.34, remainder_fraction=2.0524%, Lmin=-706.41, Lmax=-706.06
13:52:25 [ultranest] [DEBUG] iteration=5162, ncalls=61114, regioncalls=2653440, ndraw=40, logz=-715.34, remainder_fraction=2.0477%, Lmin=-706.41, Lmax=-706.06
13:52:26 [ultranest] [DEBUG] iteration=5163, ncalls=61132, regioncalls=2654160, ndraw=40, logz=-715.34, remainder_fraction=2.0429%, Lmin=-706.41, Lmax=-706.06
13:52:26 [ultranest] [DEBUG] iteration=5164, ncalls=61137, regioncalls=2654360, ndraw=40, logz=-715.34, remainder_fraction=2.0382%, Lmin=-706.41, Lmax=-706.06
13:52:27 [ultranest] [DEBUG] iteration=5165, ncalls=61159, regioncalls=2655240, ndraw=40, logz=-715.34, remainder_fraction=2.0333%, Lmin=-706.41, Lmax=-706.06
13:52:28 [ultranest] [DEBUG] iteration=5166, ncalls=61170, regioncalls=2655880, ndraw=40, logz=-715.34, remainder_fraction=2.0284%, Lmin=-706.41, Lmax=-706.06
13:52:28 [ultranest] [DEBUG] iteration=5167, ncalls=61173, regioncalls=2656000, ndraw=40, logz=-715.34, remainder_fraction=2.0233%, Lmin=-706.41, Lmax=-706.06
13:52:28 [ultranest] [DEBUG] iteration=5168, ncalls=61177, regioncalls=2656160, ndraw=40, logz=-715.34, remainder_fraction=2.0185%, Lmin=-706.41, Lmax=-706.06
13:52:28 [ultranest] [DEBUG] iteration=5169, ncalls=61182, regioncalls=2656360, ndraw=40, logz=-715.34, remainder_fraction=2.0141%, Lmin=-706.41, Lmax=-706.06
13:52:30 [ultranest] [DEBUG] iteration=5170, ncalls=61207, regioncalls=2657440, ndraw=40, logz=-715.34, remainder_fraction=2.0098%, Lmin=-706.41, Lmax=-706.06
13:52:30 [ultranest] [DEBUG] iteration=5172, ncalls=61218, regioncalls=2657880, ndraw=40, logz=-715.34, remainder_fraction=2.0011%, Lmin=-706.41, Lmax=-706.06
13:52:31 [ultranest] [DEBUG] iteration=5173, ncalls=61227, regioncalls=2658240, ndraw=40, logz=-715.34, remainder_fraction=1.9966%, Lmin=-706.41, Lmax=-706.06
13:52:31 [ultranest] [DEBUG] iteration=5174, ncalls=61229, regioncalls=2658320, ndraw=40, logz=-715.34, remainder_fraction=1.9917%, Lmin=-706.41, Lmax=-706.06
13:52:32 [ultranest] [DEBUG] iteration=5175, ncalls=61232, regioncalls=2658480, ndraw=40, logz=-715.34, remainder_fraction=1.9876%, Lmin=-706.41, Lmax=-706.06
13:52:32 [ultranest] [DEBUG] iteration=5176, ncalls=61243, regioncalls=2658920, ndraw=40, logz=-715.34, remainder_fraction=1.9833%, Lmin=-706.41, Lmax=-706.06
13:52:35 [ultranest] [DEBUG] iteration=5177, ncalls=61291, regioncalls=2661120, ndraw=40, logz=-715.34, remainder_fraction=1.9790%, Lmin=-706.41, Lmax=-706.06
13:52:36 [ultranest] [DEBUG] iteration=5178, ncalls=61305, regioncalls=2661680, ndraw=40, logz=-715.34, remainder_fraction=1.9742%, Lmin=-706.41, Lmax=-706.06
13:52:37 [ultranest] [DEBUG] iteration=5180, ncalls=61321, regioncalls=2662320, ndraw=40, logz=-715.34, remainder_fraction=1.9658%, Lmin=-706.41, Lmax=-706.06
13:52:37 [ultranest] [DEBUG] iteration=5181, ncalls=61327, regioncalls=2662560, ndraw=40, logz=-715.34, remainder_fraction=1.9615%, Lmin=-706.41, Lmax=-706.06
13:52:38 [ultranest] [DEBUG] iteration=5182, ncalls=61352, regioncalls=2663640, ndraw=40, logz=-715.34, remainder_fraction=1.9574%, Lmin=-706.41, Lmax=-706.06
13:52:39 [ultranest] [DEBUG] iteration=5184, ncalls=61372, regioncalls=2664440, ndraw=40, logz=-715.34, remainder_fraction=1.9492%, Lmin=-706.41, Lmax=-706.06
13:52:42 [ultranest] [DEBUG] iteration=5185, ncalls=61403, regioncalls=2665880, ndraw=40, logz=-715.34, remainder_fraction=1.9448%, Lmin=-706.41, Lmax=-706.06
13:52:43 [ultranest] [DEBUG] iteration=5186, ncalls=61407, regioncalls=2666040, ndraw=40, logz=-715.34, remainder_fraction=1.9408%, Lmin=-706.41, Lmax=-706.06
13:52:43 [ultranest] [DEBUG] iteration=5187, ncalls=61411, regioncalls=2666200, ndraw=40, logz=-715.34, remainder_fraction=1.9362%, Lmin=-706.41, Lmax=-706.06
13:52:44 [ultranest] [DEBUG] iteration=5188, ncalls=61435, regioncalls=2667320, ndraw=40, logz=-715.34, remainder_fraction=1.9317%, Lmin=-706.41, Lmax=-706.06
13:52:44 [ultranest] [DEBUG] iteration=5189, ncalls=61439, regioncalls=2667720, ndraw=40, logz=-715.34, remainder_fraction=1.9274%, Lmin=-706.41, Lmax=-706.06
13:52:44 [ultranest] [DEBUG] iteration=5190, ncalls=61443, regioncalls=2667880, ndraw=40, logz=-715.34, remainder_fraction=1.9228%, Lmin=-706.41, Lmax=-706.06
13:52:45 [ultranest] [DEBUG] iteration=5191, ncalls=61451, regioncalls=2668200, ndraw=40, logz=-715.34, remainder_fraction=1.9182%, Lmin=-706.41, Lmax=-706.06
13:52:45 [ultranest] [DEBUG] iteration=5192, ncalls=61454, regioncalls=2668320, ndraw=40, logz=-715.34, remainder_fraction=1.9142%, Lmin=-706.41, Lmax=-706.06
13:52:45 [ultranest] [DEBUG] iteration=5193, ncalls=61461, regioncalls=2668600, ndraw=40, logz=-715.34, remainder_fraction=1.9095%, Lmin=-706.41, Lmax=-706.06
13:52:46 [ultranest] [DEBUG] iteration=5194, ncalls=61464, regioncalls=2668720, ndraw=40, logz=-715.34, remainder_fraction=1.9048%, Lmin=-706.41, Lmax=-706.06
13:52:47 [ultranest] [DEBUG] iteration=5195, ncalls=61482, regioncalls=2669760, ndraw=40, logz=-715.34, remainder_fraction=1.9003%, Lmin=-706.41, Lmax=-706.06
13:52:47 [ultranest] [DEBUG] iteration=5196, ncalls=61497, regioncalls=2670360, ndraw=40, logz=-715.34, remainder_fraction=1.8957%, Lmin=-706.41, Lmax=-706.06
13:52:48 [ultranest] [DEBUG] iteration=5197, ncalls=61502, regioncalls=2670560, ndraw=40, logz=-715.34, remainder_fraction=1.8915%, Lmin=-706.40, Lmax=-706.06
13:52:49 [ultranest] [DEBUG] iteration=5198, ncalls=61522, regioncalls=2671520, ndraw=40, logz=-715.34, remainder_fraction=1.8872%, Lmin=-706.40, Lmax=-706.06
13:52:49 [ultranest] [DEBUG] iteration=5199, ncalls=61525, regioncalls=2671640, ndraw=40, logz=-715.34, remainder_fraction=1.8827%, Lmin=-706.40, Lmax=-706.06
13:52:51 [ultranest] [DEBUG] iteration=5202, ncalls=61570, regioncalls=2673800, ndraw=40, logz=-715.34, remainder_fraction=1.8694%, Lmin=-706.40, Lmax=-706.06
13:52:51 [ultranest] [DEBUG] iteration=5203, ncalls=61579, regioncalls=2674200, ndraw=40, logz=-715.34, remainder_fraction=1.8653%, Lmin=-706.40, Lmax=-706.06
13:52:53 [ultranest] [DEBUG] iteration=5204, ncalls=61596, regioncalls=2674960, ndraw=40, logz=-715.34, remainder_fraction=1.8613%, Lmin=-706.40, Lmax=-706.06
13:52:54 [ultranest] [DEBUG] iteration=5205, ncalls=61604, regioncalls=2675280, ndraw=40, logz=-715.34, remainder_fraction=1.8574%, Lmin=-706.40, Lmax=-706.06
13:52:55 [ultranest] [DEBUG] iteration=5206, ncalls=61616, regioncalls=2675760, ndraw=40, logz=-715.34, remainder_fraction=1.8528%, Lmin=-706.40, Lmax=-706.06
13:52:56 [ultranest] [DEBUG] iteration=5207, ncalls=61624, regioncalls=2676120, ndraw=40, logz=-715.34, remainder_fraction=1.8485%, Lmin=-706.40, Lmax=-706.06
13:52:58 [ultranest] [DEBUG] iteration=5208, ncalls=61646, regioncalls=2677120, ndraw=40, logz=-715.34, remainder_fraction=1.8439%, Lmin=-706.40, Lmax=-706.06
13:52:59 [ultranest] [DEBUG] iteration=5209, ncalls=61659, regioncalls=2677640, ndraw=40, logz=-715.34, remainder_fraction=1.8399%, Lmin=-706.40, Lmax=-706.06
13:53:00 [ultranest] [DEBUG] iteration=5210, ncalls=61663, regioncalls=2677800, ndraw=40, logz=-715.34, remainder_fraction=1.8358%, Lmin=-706.40, Lmax=-706.06
13:53:01 [ultranest] [DEBUG] iteration=5211, ncalls=61675, regioncalls=2678280, ndraw=40, logz=-715.34, remainder_fraction=1.8316%, Lmin=-706.40, Lmax=-706.06
13:53:01 [ultranest] [DEBUG] iteration=5212, ncalls=61681, regioncalls=2678520, ndraw=40, logz=-715.34, remainder_fraction=1.8279%, Lmin=-706.40, Lmax=-706.06
13:53:06 [ultranest] [DEBUG] iteration=5213, ncalls=61716, regioncalls=2680360, ndraw=40, logz=-715.34, remainder_fraction=1.8236%, Lmin=-706.40, Lmax=-706.06
13:53:06 [ultranest] [DEBUG] iteration=5214, ncalls=61725, regioncalls=2680720, ndraw=40, logz=-715.34, remainder_fraction=1.8191%, Lmin=-706.40, Lmax=-706.06
13:53:06 [ultranest] [DEBUG] iteration=5215, ncalls=61726, regioncalls=2680760, ndraw=40, logz=-715.34, remainder_fraction=1.8152%, Lmin=-706.40, Lmax=-706.06
13:53:06 [ultranest] [DEBUG] iteration=5216, ncalls=61727, regioncalls=2680800, ndraw=40, logz=-715.34, remainder_fraction=1.8110%, Lmin=-706.40, Lmax=-706.06
13:53:08 [ultranest] [DEBUG] iteration=5217, ncalls=61745, regioncalls=2681520, ndraw=40, logz=-715.34, remainder_fraction=1.8070%, Lmin=-706.40, Lmax=-706.06
13:53:09 [ultranest] [DEBUG] iteration=5218, ncalls=61755, regioncalls=2682000, ndraw=40, logz=-715.34, remainder_fraction=1.8031%, Lmin=-706.40, Lmax=-706.06
13:53:10 [ultranest] [DEBUG] iteration=5219, ncalls=61763, regioncalls=2682320, ndraw=40, logz=-715.34, remainder_fraction=1.7996%, Lmin=-706.40, Lmax=-706.06
13:53:11 [ultranest] [DEBUG] iteration=5220, ncalls=61770, regioncalls=2682600, ndraw=40, logz=-715.34, remainder_fraction=1.7960%, Lmin=-706.40, Lmax=-706.06
13:53:13 [ultranest] [DEBUG] iteration=5221, ncalls=61786, regioncalls=2683360, ndraw=40, logz=-715.34, remainder_fraction=1.7918%, Lmin=-706.40, Lmax=-706.06
13:53:13 [ultranest] [DEBUG] iteration=5222, ncalls=61790, regioncalls=2683520, ndraw=40, logz=-715.34, remainder_fraction=1.7877%, Lmin=-706.40, Lmax=-706.06
13:53:13 [ultranest] [DEBUG] iteration=5223, ncalls=61792, regioncalls=2683600, ndraw=40, logz=-715.33, remainder_fraction=1.7841%, Lmin=-706.40, Lmax=-706.06
13:53:14 [ultranest] [DEBUG] iteration=5224, ncalls=61794, regioncalls=2683680, ndraw=40, logz=-715.33, remainder_fraction=1.7804%, Lmin=-706.40, Lmax=-706.06
13:53:16 [ultranest] [DEBUG] iteration=5225, ncalls=61815, regioncalls=2684600, ndraw=40, logz=-715.33, remainder_fraction=1.7768%, Lmin=-706.40, Lmax=-706.06
13:53:16 [ultranest] [DEBUG] iteration=5227, ncalls=61817, regioncalls=2684680, ndraw=40, logz=-715.33, remainder_fraction=1.7684%, Lmin=-706.40, Lmax=-706.06
13:53:16 [ultranest] [DEBUG] iteration=5228, ncalls=61819, regioncalls=2685000, ndraw=40, logz=-715.33, remainder_fraction=1.7646%, Lmin=-706.40, Lmax=-706.06
13:53:18 [ultranest] [DEBUG] iteration=5229, ncalls=61840, regioncalls=2686200, ndraw=40, logz=-715.33, remainder_fraction=1.7605%, Lmin=-706.40, Lmax=-706.06
13:53:20 [ultranest] [DEBUG] iteration=5230, ncalls=61860, regioncalls=2687360, ndraw=40, logz=-715.33, remainder_fraction=1.7562%, Lmin=-706.40, Lmax=-706.06
13:53:21 [ultranest] [DEBUG] iteration=5231, ncalls=61870, regioncalls=2688040, ndraw=40, logz=-715.33, remainder_fraction=1.7519%, Lmin=-706.40, Lmax=-706.06
13:53:23 [ultranest] [DEBUG] iteration=5232, ncalls=61884, regioncalls=2688840, ndraw=40, logz=-715.33, remainder_fraction=1.7477%, Lmin=-706.40, Lmax=-706.06
13:53:23 [ultranest] [DEBUG] iteration=5233, ncalls=61886, regioncalls=2688920, ndraw=40, logz=-715.33, remainder_fraction=1.7434%, Lmin=-706.40, Lmax=-706.06
13:53:24 [ultranest] [DEBUG] iteration=5234, ncalls=61895, regioncalls=2689280, ndraw=40, logz=-715.33, remainder_fraction=1.7398%, Lmin=-706.39, Lmax=-706.06
13:53:25 [ultranest] [DEBUG] iteration=5236, ncalls=61906, regioncalls=2689760, ndraw=40, logz=-715.33, remainder_fraction=1.7319%, Lmin=-706.39, Lmax=-706.06
13:53:27 [ultranest] [DEBUG] iteration=5237, ncalls=61918, regioncalls=2690240, ndraw=40, logz=-715.33, remainder_fraction=1.7279%, Lmin=-706.39, Lmax=-706.06
13:53:27 [ultranest] [DEBUG] iteration=5238, ncalls=61927, regioncalls=2690600, ndraw=40, logz=-715.33, remainder_fraction=1.7236%, Lmin=-706.39, Lmax=-706.06
13:53:28 [ultranest] [DEBUG] iteration=5239, ncalls=61929, regioncalls=2690680, ndraw=40, logz=-715.33, remainder_fraction=1.7194%, Lmin=-706.39, Lmax=-706.06
13:53:30 [ultranest] [DEBUG] iteration=5240, ncalls=61949, regioncalls=2691800, ndraw=40, logz=-715.33, remainder_fraction=1.7152%, Lmin=-706.39, Lmax=-706.06
13:53:32 [ultranest] [DEBUG] iteration=5241, ncalls=61973, regioncalls=2693160, ndraw=40, logz=-715.33, remainder_fraction=1.7115%, Lmin=-706.39, Lmax=-706.06
13:53:35 [ultranest] [DEBUG] iteration=5242, ncalls=62000, regioncalls=2694240, ndraw=40, logz=-715.33, remainder_fraction=1.7074%, Lmin=-706.39, Lmax=-706.06
13:53:35 [ultranest] [DEBUG] iteration=5243, ncalls=62001, regioncalls=2694280, ndraw=40, logz=-715.33, remainder_fraction=1.7034%, Lmin=-706.39, Lmax=-706.06
13:53:38 [ultranest] [DEBUG] iteration=5244, ncalls=62027, regioncalls=2695800, ndraw=40, logz=-715.33, remainder_fraction=1.6997%, Lmin=-706.39, Lmax=-706.06
13:53:38 [ultranest] [DEBUG] iteration=5245, ncalls=62028, regioncalls=2695840, ndraw=40, logz=-715.33, remainder_fraction=1.6959%, Lmin=-706.39, Lmax=-706.06
13:53:38 [ultranest] [DEBUG] iteration=5246, ncalls=62034, regioncalls=2696080, ndraw=40, logz=-715.33, remainder_fraction=1.6925%, Lmin=-706.39, Lmax=-706.06
13:53:40 [ultranest] [DEBUG] iteration=5248, ncalls=62048, regioncalls=2696800, ndraw=40, logz=-715.33, remainder_fraction=1.6842%, Lmin=-706.39, Lmax=-706.06
13:53:42 [ultranest] [DEBUG] iteration=5249, ncalls=62067, regioncalls=2697680, ndraw=40, logz=-715.33, remainder_fraction=1.6800%, Lmin=-706.39, Lmax=-706.06
13:53:42 [ultranest] [DEBUG] iteration=5250, ncalls=62069, regioncalls=2697760, ndraw=40, logz=-715.33, remainder_fraction=1.6760%, Lmin=-706.39, Lmax=-706.06
13:53:42 [ultranest] [DEBUG] iteration=5251, ncalls=62071, regioncalls=2697840, ndraw=40, logz=-715.33, remainder_fraction=1.6718%, Lmin=-706.39, Lmax=-706.06
13:53:45 [ultranest] [DEBUG] iteration=5252, ncalls=62099, regioncalls=2698960, ndraw=40, logz=-715.33, remainder_fraction=1.6679%, Lmin=-706.39, Lmax=-706.06
13:53:45 [ultranest] [DEBUG] iteration=5253, ncalls=62106, regioncalls=2699400, ndraw=40, logz=-715.33, remainder_fraction=1.6639%, Lmin=-706.39, Lmax=-706.06
13:53:47 [ultranest] [DEBUG] iteration=5254, ncalls=62119, regioncalls=2700000, ndraw=40, logz=-715.33, remainder_fraction=1.6609%, Lmin=-706.39, Lmax=-706.06
13:53:50 [ultranest] [DEBUG] iteration=5255, ncalls=62146, regioncalls=2701080, ndraw=40, logz=-715.33, remainder_fraction=1.6580%, Lmin=-706.39, Lmax=-706.06
13:53:50 [ultranest] [DEBUG] iteration=5256, ncalls=62153, regioncalls=2701480, ndraw=40, logz=-715.33, remainder_fraction=1.6539%, Lmin=-706.39, Lmax=-706.06
13:53:55 [ultranest] [DEBUG] iteration=5257, ncalls=62198, regioncalls=2703680, ndraw=40, logz=-715.33, remainder_fraction=1.6502%, Lmin=-706.39, Lmax=-706.06
13:53:55 [ultranest] [DEBUG] iteration=5258, ncalls=62200, regioncalls=2703760, ndraw=40, logz=-715.33, remainder_fraction=1.6462%, Lmin=-706.39, Lmax=-706.06
13:53:57 [ultranest] [DEBUG] iteration=5259, ncalls=62223, regioncalls=2704800, ndraw=40, logz=-715.33, remainder_fraction=1.6422%, Lmin=-706.39, Lmax=-706.06
13:53:59 [ultranest] [DEBUG] iteration=5260, ncalls=62243, regioncalls=2705760, ndraw=40, logz=-715.33, remainder_fraction=1.6381%, Lmin=-706.39, Lmax=-706.06
13:54:04 [ultranest] [DEBUG] iteration=5261, ncalls=62287, regioncalls=2708120, ndraw=40, logz=-715.33, remainder_fraction=1.6345%, Lmin=-706.39, Lmax=-706.06
13:54:04 [ultranest] [DEBUG] iteration=5262, ncalls=62297, regioncalls=2708520, ndraw=40, logz=-715.33, remainder_fraction=1.6309%, Lmin=-706.39, Lmax=-706.06
13:54:06 [ultranest] [DEBUG] iteration=5263, ncalls=62310, regioncalls=2709040, ndraw=40, logz=-715.33, remainder_fraction=1.6269%, Lmin=-706.39, Lmax=-706.06
13:54:08 [ultranest] [DEBUG] iteration=5264, ncalls=62334, regioncalls=2710000, ndraw=40, logz=-715.33, remainder_fraction=1.6230%, Lmin=-706.39, Lmax=-706.06
13:54:11 [ultranest] [DEBUG] iteration=5265, ncalls=62362, regioncalls=2711320, ndraw=40, logz=-715.33, remainder_fraction=1.6194%, Lmin=-706.39, Lmax=-706.06
13:54:13 [ultranest] [DEBUG] iteration=5266, ncalls=62382, regioncalls=2712200, ndraw=40, logz=-715.33, remainder_fraction=1.6159%, Lmin=-706.38, Lmax=-706.06
13:54:15 [ultranest] [DEBUG] iteration=5268, ncalls=62401, regioncalls=2712960, ndraw=40, logz=-715.33, remainder_fraction=1.6085%, Lmin=-706.38, Lmax=-706.06
13:54:16 [ultranest] [DEBUG] iteration=5269, ncalls=62413, regioncalls=2713440, ndraw=40, logz=-715.33, remainder_fraction=1.6047%, Lmin=-706.38, Lmax=-706.06
13:54:17 [ultranest] [DEBUG] iteration=5271, ncalls=62423, regioncalls=2713840, ndraw=40, logz=-715.33, remainder_fraction=1.5978%, Lmin=-706.38, Lmax=-706.06
13:54:18 [ultranest] [DEBUG] iteration=5272, ncalls=62435, regioncalls=2714360, ndraw=40, logz=-715.33, remainder_fraction=1.5939%, Lmin=-706.38, Lmax=-706.06
13:54:20 [ultranest] [DEBUG] iteration=5273, ncalls=62453, regioncalls=2715080, ndraw=40, logz=-715.33, remainder_fraction=1.5901%, Lmin=-706.38, Lmax=-706.06
13:54:21 [ultranest] [DEBUG] iteration=5274, ncalls=62458, regioncalls=2715280, ndraw=40, logz=-715.33, remainder_fraction=1.5867%, Lmin=-706.38, Lmax=-706.06
13:54:21 [ultranest] [DEBUG] iteration=5275, ncalls=62459, regioncalls=2715320, ndraw=40, logz=-715.33, remainder_fraction=1.5833%, Lmin=-706.38, Lmax=-706.06
13:54:21 [ultranest] [DEBUG] iteration=5276, ncalls=62460, regioncalls=2715520, ndraw=40, logz=-715.33, remainder_fraction=1.5800%, Lmin=-706.38, Lmax=-706.06
13:54:22 [ultranest] [DEBUG] iteration=5277, ncalls=62474, regioncalls=2716320, ndraw=40, logz=-715.33, remainder_fraction=1.5762%, Lmin=-706.38, Lmax=-706.06
13:54:24 [ultranest] [DEBUG] iteration=5278, ncalls=62486, regioncalls=2716960, ndraw=40, logz=-715.33, remainder_fraction=1.5725%, Lmin=-706.38, Lmax=-706.06
13:54:28 [ultranest] [DEBUG] iteration=5279, ncalls=62523, regioncalls=2718480, ndraw=40, logz=-715.33, remainder_fraction=1.5691%, Lmin=-706.38, Lmax=-706.06
13:54:28 [ultranest] [DEBUG] iteration=5280, ncalls=62524, regioncalls=2718520, ndraw=40, logz=-715.33, remainder_fraction=1.5653%, Lmin=-706.38, Lmax=-706.06
13:54:29 [ultranest] [DEBUG] iteration=5281, ncalls=62530, regioncalls=2718760, ndraw=40, logz=-715.33, remainder_fraction=1.5617%, Lmin=-706.38, Lmax=-706.06
13:54:30 [ultranest] [DEBUG] iteration=5282, ncalls=62536, regioncalls=2719000, ndraw=40, logz=-715.33, remainder_fraction=1.5586%, Lmin=-706.38, Lmax=-706.06
13:54:31 [ultranest] [DEBUG] iteration=5283, ncalls=62547, regioncalls=2719440, ndraw=40, logz=-715.33, remainder_fraction=1.5547%, Lmin=-706.38, Lmax=-706.06
13:54:32 [ultranest] [DEBUG] iteration=5284, ncalls=62553, regioncalls=2719720, ndraw=40, logz=-715.33, remainder_fraction=1.5511%, Lmin=-706.38, Lmax=-706.06
13:54:32 [ultranest] [DEBUG] iteration=5285, ncalls=62558, regioncalls=2719960, ndraw=40, logz=-715.33, remainder_fraction=1.5475%, Lmin=-706.38, Lmax=-706.06
13:54:33 [ultranest] [DEBUG] iteration=5286, ncalls=62563, regioncalls=2720160, ndraw=40, logz=-715.33, remainder_fraction=1.5436%, Lmin=-706.38, Lmax=-706.06
13:54:33 [ultranest] [DEBUG] iteration=5287, ncalls=62567, regioncalls=2720320, ndraw=40, logz=-715.33, remainder_fraction=1.5398%, Lmin=-706.38, Lmax=-706.06
13:54:34 [ultranest] [DEBUG] iteration=5288, ncalls=62571, regioncalls=2720480, ndraw=40, logz=-715.33, remainder_fraction=1.5361%, Lmin=-706.38, Lmax=-706.06
13:54:35 [ultranest] [DEBUG] iteration=5289, ncalls=62577, regioncalls=2720720, ndraw=40, logz=-715.33, remainder_fraction=1.5328%, Lmin=-706.38, Lmax=-706.06
13:54:35 [ultranest] [DEBUG] iteration=5290, ncalls=62580, regioncalls=2720840, ndraw=40, logz=-715.33, remainder_fraction=1.5291%, Lmin=-706.38, Lmax=-706.06
13:54:35 [ultranest] [DEBUG] iteration=5291, ncalls=62581, regioncalls=2720880, ndraw=40, logz=-715.33, remainder_fraction=1.5253%, Lmin=-706.38, Lmax=-706.06
13:54:37 [ultranest] [DEBUG] iteration=5292, ncalls=62598, regioncalls=2721960, ndraw=40, logz=-715.33, remainder_fraction=1.5220%, Lmin=-706.38, Lmax=-706.06
13:54:40 [ultranest] [DEBUG] iteration=5293, ncalls=62624, regioncalls=2723200, ndraw=40, logz=-715.33, remainder_fraction=1.5184%, Lmin=-706.38, Lmax=-706.06
13:54:41 [ultranest] [DEBUG] iteration=5294, ncalls=62629, regioncalls=2723440, ndraw=40, logz=-715.33, remainder_fraction=1.5148%, Lmin=-706.38, Lmax=-706.06
13:54:45 [ultranest] [DEBUG] iteration=5295, ncalls=62671, regioncalls=2725560, ndraw=40, logz=-715.33, remainder_fraction=1.5110%, Lmin=-706.38, Lmax=-706.06
13:54:47 [ultranest] [DEBUG] iteration=5297, ncalls=62686, regioncalls=2726160, ndraw=40, logz=-715.33, remainder_fraction=1.5040%, Lmin=-706.38, Lmax=-706.06
13:54:47 [ultranest] [DEBUG] iteration=5298, ncalls=62689, regioncalls=2726280, ndraw=40, logz=-715.33, remainder_fraction=1.5005%, Lmin=-706.38, Lmax=-706.06
13:54:50 [ultranest] [DEBUG] iteration=5299, ncalls=62712, regioncalls=2727240, ndraw=40, logz=-715.33, remainder_fraction=1.4968%, Lmin=-706.38, Lmax=-706.06
13:54:50 [ultranest] [DEBUG] iteration=5300, ncalls=62719, regioncalls=2727520, ndraw=40, logz=-715.33, remainder_fraction=1.4934%, Lmin=-706.38, Lmax=-706.06
13:54:51 [ultranest] [DEBUG] iteration=5301, ncalls=62728, regioncalls=2727880, ndraw=40, logz=-715.33, remainder_fraction=1.4899%, Lmin=-706.38, Lmax=-706.06
13:54:52 [ultranest] [DEBUG] iteration=5302, ncalls=62734, regioncalls=2728120, ndraw=40, logz=-715.33, remainder_fraction=1.4865%, Lmin=-706.38, Lmax=-706.06
13:54:53 [ultranest] [DEBUG] iteration=5304, ncalls=62749, regioncalls=2728720, ndraw=40, logz=-715.33, remainder_fraction=1.4795%, Lmin=-706.38, Lmax=-706.06
13:54:54 [ultranest] [DEBUG] iteration=5305, ncalls=62758, regioncalls=2729480, ndraw=40, logz=-715.33, remainder_fraction=1.4762%, Lmin=-706.37, Lmax=-706.06
13:54:58 [ultranest] [DEBUG] iteration=5306, ncalls=62803, regioncalls=2731800, ndraw=40, logz=-715.33, remainder_fraction=1.4728%, Lmin=-706.37, Lmax=-706.06
13:54:59 [ultranest] [DEBUG] iteration=5308, ncalls=62812, regioncalls=2732160, ndraw=40, logz=-715.33, remainder_fraction=1.4663%, Lmin=-706.37, Lmax=-706.06
13:55:00 [ultranest] [DEBUG] iteration=5309, ncalls=62816, regioncalls=2732320, ndraw=40, logz=-715.33, remainder_fraction=1.4628%, Lmin=-706.37, Lmax=-706.06
13:55:01 [ultranest] [DEBUG] iteration=5310, ncalls=62828, regioncalls=2732800, ndraw=40, logz=-715.33, remainder_fraction=1.4602%, Lmin=-706.37, Lmax=-706.06
13:55:04 [ultranest] [DEBUG] iteration=5311, ncalls=62850, regioncalls=2734040, ndraw=40, logz=-715.33, remainder_fraction=1.4572%, Lmin=-706.37, Lmax=-706.06
13:55:04 [ultranest] [DEBUG] iteration=5312, ncalls=62852, regioncalls=2734280, ndraw=40, logz=-715.33, remainder_fraction=1.4537%, Lmin=-706.37, Lmax=-706.06
13:55:07 [ultranest] [DEBUG] iteration=5313, ncalls=62883, regioncalls=2735640, ndraw=40, logz=-715.33, remainder_fraction=1.4505%, Lmin=-706.37, Lmax=-706.06
13:55:08 [ultranest] [DEBUG] iteration=5314, ncalls=62888, regioncalls=2735840, ndraw=40, logz=-715.33, remainder_fraction=1.4471%, Lmin=-706.37, Lmax=-706.06
13:55:10 [ultranest] [DEBUG] iteration=5315, ncalls=62906, regioncalls=2736560, ndraw=40, logz=-715.33, remainder_fraction=1.4442%, Lmin=-706.37, Lmax=-706.06
13:55:11 [ultranest] [DEBUG] iteration=5316, ncalls=62912, regioncalls=2737000, ndraw=40, logz=-715.33, remainder_fraction=1.4408%, Lmin=-706.37, Lmax=-706.06
13:55:11 [ultranest] [DEBUG] iteration=5317, ncalls=62915, regioncalls=2737120, ndraw=40, logz=-715.33, remainder_fraction=1.4374%, Lmin=-706.37, Lmax=-706.06
13:55:12 [ultranest] [DEBUG] iteration=5318, ncalls=62925, regioncalls=2737640, ndraw=40, logz=-715.33, remainder_fraction=1.4344%, Lmin=-706.37, Lmax=-706.06
13:55:13 [ultranest] [DEBUG] iteration=5319, ncalls=62935, regioncalls=2738080, ndraw=40, logz=-715.33, remainder_fraction=1.4316%, Lmin=-706.37, Lmax=-706.06
13:55:17 [ultranest] [DEBUG] iteration=5320, ncalls=62971, regioncalls=2739680, ndraw=40, logz=-715.33, remainder_fraction=1.4284%, Lmin=-706.37, Lmax=-706.06
13:55:21 [ultranest] [DEBUG] iteration=5321, ncalls=63003, regioncalls=2741480, ndraw=40, logz=-715.33, remainder_fraction=1.4255%, Lmin=-706.37, Lmax=-706.06
13:55:21 [ultranest] [DEBUG] iteration=5322, ncalls=63010, regioncalls=2741840, ndraw=40, logz=-715.33, remainder_fraction=1.4222%, Lmin=-706.37, Lmax=-706.06
13:55:25 [ultranest] [DEBUG] iteration=5323, ncalls=63040, regioncalls=2743720, ndraw=40, logz=-715.33, remainder_fraction=1.4195%, Lmin=-706.37, Lmax=-706.06
13:55:25 [ultranest] [DEBUG] iteration=5324, ncalls=63043, regioncalls=2743880, ndraw=40, logz=-715.33, remainder_fraction=1.4159%, Lmin=-706.37, Lmax=-706.06
13:55:28 [ultranest] [DEBUG] iteration=5325, ncalls=63070, regioncalls=2744960, ndraw=40, logz=-715.33, remainder_fraction=1.4125%, Lmin=-706.37, Lmax=-706.06
13:55:30 [ultranest] [DEBUG] iteration=5326, ncalls=63086, regioncalls=2745720, ndraw=40, logz=-715.33, remainder_fraction=1.4090%, Lmin=-706.37, Lmax=-706.06
13:55:31 [ultranest] [DEBUG] iteration=5327, ncalls=63100, regioncalls=2746400, ndraw=40, logz=-715.33, remainder_fraction=1.4056%, Lmin=-706.37, Lmax=-706.06
13:55:34 [ultranest] [DEBUG] iteration=5328, ncalls=63127, regioncalls=2747480, ndraw=40, logz=-715.33, remainder_fraction=1.4023%, Lmin=-706.37, Lmax=-706.06
13:55:37 [ultranest] [DEBUG] iteration=5329, ncalls=63152, regioncalls=2748480, ndraw=40, logz=-715.33, remainder_fraction=1.3989%, Lmin=-706.37, Lmax=-706.06
13:55:39 [ultranest] [DEBUG] iteration=5330, ncalls=63176, regioncalls=2749560, ndraw=40, logz=-715.33, remainder_fraction=1.3957%, Lmin=-706.37, Lmax=-706.06
13:55:40 [ultranest] [DEBUG] iteration=5331, ncalls=63178, regioncalls=2749640, ndraw=40, logz=-715.33, remainder_fraction=1.3925%, Lmin=-706.37, Lmax=-706.06
13:55:47 [ultranest] [DEBUG] iteration=5332, ncalls=63249, regioncalls=2753200, ndraw=40, logz=-715.33, remainder_fraction=1.3891%, Lmin=-706.37, Lmax=-706.06
13:55:47 [ultranest] [DEBUG] iteration=5333, ncalls=63253, regioncalls=2753360, ndraw=40, logz=-715.33, remainder_fraction=1.3863%, Lmin=-706.37, Lmax=-706.06
13:55:48 [ultranest] [DEBUG] iteration=5334, ncalls=63259, regioncalls=2753680, ndraw=40, logz=-715.33, remainder_fraction=1.3833%, Lmin=-706.37, Lmax=-706.06
13:55:50 [ultranest] [DEBUG] iteration=5335, ncalls=63281, regioncalls=2754640, ndraw=40, logz=-715.33, remainder_fraction=1.3802%, Lmin=-706.37, Lmax=-706.06
13:55:51 [ultranest] [DEBUG] iteration=5337, ncalls=63288, regioncalls=2754960, ndraw=40, logz=-715.33, remainder_fraction=1.3737%, Lmin=-706.36, Lmax=-706.06
13:55:51 [ultranest] [DEBUG] iteration=5338, ncalls=63290, regioncalls=2755200, ndraw=40, logz=-715.33, remainder_fraction=1.3705%, Lmin=-706.36, Lmax=-706.06
13:55:54 [ultranest] [DEBUG] iteration=5339, ncalls=63320, regioncalls=2756720, ndraw=40, logz=-715.33, remainder_fraction=1.3672%, Lmin=-706.36, Lmax=-706.06
13:55:55 [ultranest] [DEBUG] iteration=5340, ncalls=63324, regioncalls=2756920, ndraw=40, logz=-715.33, remainder_fraction=1.3640%, Lmin=-706.36, Lmax=-706.06
13:56:01 [ultranest] [DEBUG] iteration=5341, ncalls=63384, regioncalls=2759560, ndraw=40, logz=-715.33, remainder_fraction=1.3607%, Lmin=-706.36, Lmax=-706.06
13:56:02 [ultranest] [DEBUG] iteration=5342, ncalls=63389, regioncalls=2759760, ndraw=40, logz=-715.33, remainder_fraction=1.3575%, Lmin=-706.36, Lmax=-706.06
13:56:03 [ultranest] [DEBUG] iteration=5343, ncalls=63397, regioncalls=2760200, ndraw=40, logz=-715.33, remainder_fraction=1.3542%, Lmin=-706.36, Lmax=-706.06
13:56:03 [ultranest] [DEBUG] iteration=5344, ncalls=63405, regioncalls=2760640, ndraw=40, logz=-715.33, remainder_fraction=1.3513%, Lmin=-706.36, Lmax=-706.06
13:56:06 [ultranest] [DEBUG] iteration=5345, ncalls=63426, regioncalls=2761480, ndraw=40, logz=-715.33, remainder_fraction=1.3483%, Lmin=-706.36, Lmax=-706.06
13:56:08 [ultranest] [DEBUG] iteration=5346, ncalls=63450, regioncalls=2762600, ndraw=40, logz=-715.33, remainder_fraction=1.3452%, Lmin=-706.36, Lmax=-706.06
13:56:09 [ultranest] [DEBUG] iteration=5347, ncalls=63453, regioncalls=2762720, ndraw=40, logz=-715.33, remainder_fraction=1.3421%, Lmin=-706.36, Lmax=-706.06
13:56:10 [ultranest] [DEBUG] iteration=5348, ncalls=63462, regioncalls=2763080, ndraw=40, logz=-715.33, remainder_fraction=1.3391%, Lmin=-706.36, Lmax=-706.06
13:56:10 [ultranest] [DEBUG] iteration=5349, ncalls=63466, regioncalls=2763240, ndraw=40, logz=-715.33, remainder_fraction=1.3358%, Lmin=-706.36, Lmax=-706.06
13:56:11 [ultranest] [DEBUG] iteration=5350, ncalls=63480, regioncalls=2763800, ndraw=40, logz=-715.33, remainder_fraction=1.3325%, Lmin=-706.36, Lmax=-706.06
13:56:12 [ultranest] [DEBUG] iteration=5351, ncalls=63482, regioncalls=2763880, ndraw=40, logz=-715.33, remainder_fraction=1.3293%, Lmin=-706.36, Lmax=-706.06
13:56:17 [ultranest] [DEBUG] iteration=5352, ncalls=63535, regioncalls=2766200, ndraw=40, logz=-715.33, remainder_fraction=1.3262%, Lmin=-706.36, Lmax=-706.06
13:56:18 [ultranest] [DEBUG] iteration=5353, ncalls=63541, regioncalls=2766480, ndraw=40, logz=-715.33, remainder_fraction=1.3229%, Lmin=-706.36, Lmax=-706.06
13:56:18 [ultranest] [DEBUG] iteration=5354, ncalls=63548, regioncalls=2766840, ndraw=40, logz=-715.33, remainder_fraction=1.3197%, Lmin=-706.36, Lmax=-706.06
13:56:22 [ultranest] [DEBUG] iteration=5355, ncalls=63580, regioncalls=2768320, ndraw=40, logz=-715.33, remainder_fraction=1.3167%, Lmin=-706.36, Lmax=-706.06
13:56:23 [ultranest] [DEBUG] iteration=5356, ncalls=63588, regioncalls=2768800, ndraw=40, logz=-715.33, remainder_fraction=1.3135%, Lmin=-706.36, Lmax=-706.06
13:56:26 [ultranest] [DEBUG] iteration=5357, ncalls=63616, regioncalls=2770080, ndraw=40, logz=-715.33, remainder_fraction=1.3103%, Lmin=-706.36, Lmax=-706.06
13:56:29 [ultranest] [DEBUG] iteration=5358, ncalls=63640, regioncalls=2771080, ndraw=40, logz=-715.33, remainder_fraction=1.3075%, Lmin=-706.36, Lmax=-706.06
13:56:29 [ultranest] [DEBUG] iteration=5359, ncalls=63645, regioncalls=2771280, ndraw=40, logz=-715.33, remainder_fraction=1.3046%, Lmin=-706.36, Lmax=-706.06
13:56:31 [ultranest] [DEBUG] iteration=5360, ncalls=63659, regioncalls=2771840, ndraw=40, logz=-715.33, remainder_fraction=1.3018%, Lmin=-706.36, Lmax=-706.06
13:56:32 [ultranest] [DEBUG] iteration=5361, ncalls=63669, regioncalls=2772240, ndraw=40, logz=-715.33, remainder_fraction=1.2985%, Lmin=-706.36, Lmax=-706.06
13:56:33 [ultranest] [DEBUG] iteration=5362, ncalls=63679, regioncalls=2772640, ndraw=40, logz=-715.33, remainder_fraction=1.2953%, Lmin=-706.36, Lmax=-706.06
13:56:34 [ultranest] [DEBUG] iteration=5363, ncalls=63685, regioncalls=2773120, ndraw=40, logz=-715.33, remainder_fraction=1.2923%, Lmin=-706.36, Lmax=-706.06
13:56:38 [ultranest] [DEBUG] iteration=5364, ncalls=63716, regioncalls=2774680, ndraw=40, logz=-715.33, remainder_fraction=1.2891%, Lmin=-706.36, Lmax=-706.06
13:56:38 [ultranest] [DEBUG] iteration=5365, ncalls=63720, regioncalls=2774840, ndraw=40, logz=-715.33, remainder_fraction=1.2861%, Lmin=-706.36, Lmax=-706.06
13:56:40 [ultranest] [DEBUG] iteration=5366, ncalls=63752, regioncalls=2776160, ndraw=40, logz=-715.33, remainder_fraction=1.2832%, Lmin=-706.36, Lmax=-706.06
13:56:40 [ultranest] [DEBUG] iteration=5367, ncalls=63764, regioncalls=2776640, ndraw=40, logz=-715.33, remainder_fraction=1.2801%, Lmin=-706.36, Lmax=-706.06
13:56:42 [ultranest] [DEBUG] iteration=5368, ncalls=63801, regioncalls=2778440, ndraw=40, logz=-715.33, remainder_fraction=1.2772%, Lmin=-706.36, Lmax=-706.06
13:56:44 [ultranest] [DEBUG] iteration=5369, ncalls=63828, regioncalls=2779640, ndraw=40, logz=-715.33, remainder_fraction=1.2742%, Lmin=-706.36, Lmax=-706.06
13:56:45 [ultranest] [DEBUG] iteration=5371, ncalls=63847, regioncalls=2780440, ndraw=40, logz=-715.33, remainder_fraction=1.2682%, Lmin=-706.36, Lmax=-706.06
13:56:45 [ultranest] [DEBUG] iteration=5372, ncalls=63849, regioncalls=2780520, ndraw=40, logz=-715.33, remainder_fraction=1.2651%, Lmin=-706.36, Lmax=-706.06
13:56:45 [ultranest] [DEBUG] iteration=5373, ncalls=63854, regioncalls=2780720, ndraw=40, logz=-715.33, remainder_fraction=1.2621%, Lmin=-706.36, Lmax=-706.06
13:56:46 [ultranest] [DEBUG] iteration=5374, ncalls=63864, regioncalls=2781480, ndraw=40, logz=-715.33, remainder_fraction=1.2596%, Lmin=-706.36, Lmax=-706.06
13:56:46 [ultranest] [DEBUG] iteration=5375, ncalls=63866, regioncalls=2781680, ndraw=40, logz=-715.33, remainder_fraction=1.2565%, Lmin=-706.36, Lmax=-706.06
13:56:46 [ultranest] [DEBUG] iteration=5376, ncalls=63877, regioncalls=2782200, ndraw=40, logz=-715.33, remainder_fraction=1.2536%, Lmin=-706.35, Lmax=-706.06
13:56:47 [ultranest] [DEBUG] iteration=5377, ncalls=63887, regioncalls=2782720, ndraw=40, logz=-715.33, remainder_fraction=1.2507%, Lmin=-706.35, Lmax=-706.06
13:56:48 [ultranest] [DEBUG] iteration=5378, ncalls=63914, regioncalls=2784880, ndraw=40, logz=-715.33, remainder_fraction=1.2477%, Lmin=-706.35, Lmax=-706.06
13:56:50 [ultranest] [DEBUG] iteration=5380, ncalls=63948, regioncalls=2786240, ndraw=40, logz=-715.33, remainder_fraction=1.2422%, Lmin=-706.35, Lmax=-706.06
13:56:51 [ultranest] [DEBUG] iteration=5381, ncalls=63970, regioncalls=2787120, ndraw=40, logz=-715.33, remainder_fraction=1.2392%, Lmin=-706.35, Lmax=-706.06
13:56:52 [ultranest] [DEBUG] iteration=5382, ncalls=63991, regioncalls=2788200, ndraw=40, logz=-715.33, remainder_fraction=1.2368%, Lmin=-706.35, Lmax=-706.06
13:56:54 [ultranest] [DEBUG] iteration=5383, ncalls=64022, regioncalls=2789840, ndraw=40, logz=-715.33, remainder_fraction=1.2337%, Lmin=-706.35, Lmax=-706.06
13:56:54 [ultranest] [DEBUG] iteration=5384, ncalls=64027, regioncalls=2790040, ndraw=40, logz=-715.33, remainder_fraction=1.2309%, Lmin=-706.35, Lmax=-706.06
13:56:55 [ultranest] [DEBUG] iteration=5385, ncalls=64048, regioncalls=2791040, ndraw=40, logz=-715.33, remainder_fraction=1.2281%, Lmin=-706.35, Lmax=-706.06
13:56:56 [ultranest] [DEBUG] iteration=5386, ncalls=64059, regioncalls=2792000, ndraw=40, logz=-715.33, remainder_fraction=1.2258%, Lmin=-706.35, Lmax=-706.06
13:56:57 [ultranest] [DEBUG] iteration=5387, ncalls=64076, regioncalls=2792680, ndraw=40, logz=-715.33, remainder_fraction=1.2230%, Lmin=-706.35, Lmax=-706.06
13:56:59 [ultranest] [DEBUG] iteration=5388, ncalls=64120, regioncalls=2794560, ndraw=40, logz=-715.33, remainder_fraction=1.2202%, Lmin=-706.35, Lmax=-706.06
13:57:00 [ultranest] [DEBUG] iteration=5389, ncalls=64133, regioncalls=2795440, ndraw=40, logz=-715.33, remainder_fraction=1.2174%, Lmin=-706.35, Lmax=-706.06
13:57:01 [ultranest] [DEBUG] iteration=5390, ncalls=64147, regioncalls=2796480, ndraw=40, logz=-715.33, remainder_fraction=1.2146%, Lmin=-706.35, Lmax=-706.06
13:57:02 [ultranest] [DEBUG] iteration=5391, ncalls=64169, regioncalls=2797840, ndraw=40, logz=-715.33, remainder_fraction=1.2118%, Lmin=-706.35, Lmax=-706.06
13:57:03 [ultranest] [DEBUG] iteration=5392, ncalls=64180, regioncalls=2798320, ndraw=40, logz=-715.33, remainder_fraction=1.2090%, Lmin=-706.35, Lmax=-706.06
13:57:04 [ultranest] [DEBUG] iteration=5393, ncalls=64205, regioncalls=2800040, ndraw=40, logz=-715.33, remainder_fraction=1.2060%, Lmin=-706.35, Lmax=-706.06
13:57:04 [ultranest] [DEBUG] iteration=5394, ncalls=64209, regioncalls=2800200, ndraw=40, logz=-715.33, remainder_fraction=1.2030%, Lmin=-706.35, Lmax=-706.06
13:57:04 [ultranest] [DEBUG] iteration=5396, ncalls=64213, regioncalls=2800360, ndraw=40, logz=-715.33, remainder_fraction=1.1975%, Lmin=-706.35, Lmax=-706.06
13:57:05 [ultranest] [DEBUG] iteration=5397, ncalls=64216, regioncalls=2800480, ndraw=40, logz=-715.33, remainder_fraction=1.1949%, Lmin=-706.35, Lmax=-706.06
13:57:05 [ultranest] [DEBUG] iteration=5398, ncalls=64228, regioncalls=2800960, ndraw=40, logz=-715.33, remainder_fraction=1.1921%, Lmin=-706.35, Lmax=-706.06
13:57:06 [ultranest] [DEBUG] iteration=5399, ncalls=64244, regioncalls=2801600, ndraw=40, logz=-715.33, remainder_fraction=1.1891%, Lmin=-706.35, Lmax=-706.06
13:57:07 [ultranest] [DEBUG] iteration=5400, ncalls=64253, regioncalls=2802080, ndraw=40, logz=-715.33, remainder_fraction=1.1863%, Lmin=-706.35, Lmax=-706.06
13:57:07 [ultranest] [DEBUG] iteration=5401, ncalls=64255, regioncalls=2802280, ndraw=40, logz=-715.33, remainder_fraction=1.1834%, Lmin=-706.35, Lmax=-706.06
13:57:07 [ultranest] [DEBUG] iteration=5402, ncalls=64263, regioncalls=2802840, ndraw=40, logz=-715.33, remainder_fraction=1.1806%, Lmin=-706.35, Lmax=-706.06
13:57:08 [ultranest] [DEBUG] iteration=5403, ncalls=64277, regioncalls=2803920, ndraw=40, logz=-715.33, remainder_fraction=1.1778%, Lmin=-706.35, Lmax=-706.06
13:57:08 [ultranest] [DEBUG] iteration=5404, ncalls=64279, regioncalls=2804000, ndraw=40, logz=-715.33, remainder_fraction=1.1750%, Lmin=-706.35, Lmax=-706.06
13:57:09 [ultranest] [DEBUG] iteration=5405, ncalls=64293, regioncalls=2804560, ndraw=40, logz=-715.33, remainder_fraction=1.1723%, Lmin=-706.35, Lmax=-706.06
13:57:10 [ultranest] [DEBUG] iteration=5406, ncalls=64322, regioncalls=2806040, ndraw=40, logz=-715.33, remainder_fraction=1.1699%, Lmin=-706.35, Lmax=-706.06
13:57:13 [ultranest] [DEBUG] iteration=5407, ncalls=64375, regioncalls=2808480, ndraw=40, logz=-715.33, remainder_fraction=1.1670%, Lmin=-706.35, Lmax=-706.06
13:57:13 [ultranest] [DEBUG] iteration=5409, ncalls=64378, regioncalls=2808600, ndraw=40, logz=-715.33, remainder_fraction=1.1613%, Lmin=-706.34, Lmax=-706.06
13:57:15 [ultranest] [DEBUG] iteration=5410, ncalls=64409, regioncalls=2809840, ndraw=40, logz=-715.33, remainder_fraction=1.1584%, Lmin=-706.34, Lmax=-706.06
13:57:15 [ultranest] [DEBUG] iteration=5411, ncalls=64425, regioncalls=2810520, ndraw=40, logz=-715.33, remainder_fraction=1.1557%, Lmin=-706.34, Lmax=-706.06
13:57:16 [ultranest] [DEBUG] iteration=5412, ncalls=64431, regioncalls=2810760, ndraw=40, logz=-715.33, remainder_fraction=1.1530%, Lmin=-706.34, Lmax=-706.06
13:57:18 [ultranest] [DEBUG] iteration=5413, ncalls=64476, regioncalls=2812600, ndraw=40, logz=-715.33, remainder_fraction=1.1502%, Lmin=-706.34, Lmax=-706.06
13:57:18 [ultranest] [DEBUG] iteration=5414, ncalls=64478, regioncalls=2812680, ndraw=40, logz=-715.33, remainder_fraction=1.1474%, Lmin=-706.34, Lmax=-706.06
13:57:20 [ultranest] [DEBUG] iteration=5415, ncalls=64515, regioncalls=2815120, ndraw=40, logz=-715.33, remainder_fraction=1.1451%, Lmin=-706.34, Lmax=-706.06
13:57:23 [ultranest] [DEBUG] iteration=5416, ncalls=64562, regioncalls=2817160, ndraw=40, logz=-715.33, remainder_fraction=1.1424%, Lmin=-706.34, Lmax=-706.06
13:57:24 [ultranest] [DEBUG] iteration=5417, ncalls=64589, regioncalls=2818360, ndraw=40, logz=-715.33, remainder_fraction=1.1398%, Lmin=-706.34, Lmax=-706.06
13:57:24 [ultranest] [DEBUG] iteration=5418, ncalls=64592, regioncalls=2818480, ndraw=40, logz=-715.33, remainder_fraction=1.1370%, Lmin=-706.34, Lmax=-706.06
13:57:24 [ultranest] [DEBUG] iteration=5419, ncalls=64595, regioncalls=2818600, ndraw=40, logz=-715.33, remainder_fraction=1.1342%, Lmin=-706.34, Lmax=-706.06
13:57:25 [ultranest] [DEBUG] iteration=5421, ncalls=64615, regioncalls=2819400, ndraw=40, logz=-715.33, remainder_fraction=1.1291%, Lmin=-706.34, Lmax=-706.06
13:57:25 [ultranest] [DEBUG] iteration=5422, ncalls=64619, regioncalls=2819560, ndraw=40, logz=-715.33, remainder_fraction=1.1265%, Lmin=-706.34, Lmax=-706.06
13:57:26 [ultranest] [DEBUG] iteration=5423, ncalls=64629, regioncalls=2820160, ndraw=40, logz=-715.33, remainder_fraction=1.1237%, Lmin=-706.34, Lmax=-706.06
13:57:26 [ultranest] [DEBUG] iteration=5424, ncalls=64636, regioncalls=2820520, ndraw=40, logz=-715.33, remainder_fraction=1.1210%, Lmin=-706.34, Lmax=-706.06
13:57:27 [ultranest] [DEBUG] iteration=5425, ncalls=64641, regioncalls=2820720, ndraw=40, logz=-715.33, remainder_fraction=1.1186%, Lmin=-706.34, Lmax=-706.06
13:57:30 [ultranest] [DEBUG] iteration=5426, ncalls=64714, regioncalls=2824240, ndraw=40, logz=-715.33, remainder_fraction=1.1161%, Lmin=-706.34, Lmax=-706.06
13:57:31 [ultranest] [DEBUG] iteration=5427, ncalls=64729, regioncalls=2824840, ndraw=40, logz=-715.33, remainder_fraction=1.1138%, Lmin=-706.34, Lmax=-706.06
13:57:31 [ultranest] [DEBUG] iteration=5428, ncalls=64732, regioncalls=2824960, ndraw=40, logz=-715.33, remainder_fraction=1.1115%, Lmin=-706.34, Lmax=-706.06
13:57:35 [ultranest] [DEBUG] iteration=5429, ncalls=64813, regioncalls=2829080, ndraw=40, logz=-715.33, remainder_fraction=1.1093%, Lmin=-706.34, Lmax=-706.06
13:57:36 [ultranest] [DEBUG] iteration=5430, ncalls=64825, regioncalls=2829560, ndraw=40, logz=-715.33, remainder_fraction=1.1066%, Lmin=-706.34, Lmax=-706.06
13:57:36 [ultranest] [DEBUG] iteration=5431, ncalls=64830, regioncalls=2829760, ndraw=40, logz=-715.33, remainder_fraction=1.1042%, Lmin=-706.34, Lmax=-706.06
13:57:38 [ultranest] [DEBUG] iteration=5432, ncalls=64860, regioncalls=2832200, ndraw=40, logz=-715.33, remainder_fraction=1.1016%, Lmin=-706.34, Lmax=-706.06
13:57:38 [ultranest] [DEBUG] iteration=5433, ncalls=64872, regioncalls=2832720, ndraw=40, logz=-715.33, remainder_fraction=1.0991%, Lmin=-706.34, Lmax=-706.06
13:57:39 [ultranest] [DEBUG] iteration=5435, ncalls=64888, regioncalls=2833440, ndraw=40, logz=-715.33, remainder_fraction=1.0939%, Lmin=-706.34, Lmax=-706.06
13:57:40 [ultranest] [DEBUG] iteration=5436, ncalls=64898, regioncalls=2833840, ndraw=40, logz=-715.33, remainder_fraction=1.0919%, Lmin=-706.34, Lmax=-706.06
13:57:40 [ultranest] [DEBUG] iteration=5437, ncalls=64911, regioncalls=2834360, ndraw=40, logz=-715.33, remainder_fraction=1.0893%, Lmin=-706.34, Lmax=-706.06
13:57:41 [ultranest] [DEBUG] iteration=5438, ncalls=64927, regioncalls=2835320, ndraw=40, logz=-715.33, remainder_fraction=1.0869%, Lmin=-706.34, Lmax=-706.06
13:57:42 [ultranest] [DEBUG] iteration=5439, ncalls=64937, regioncalls=2835880, ndraw=40, logz=-715.33, remainder_fraction=1.0843%, Lmin=-706.34, Lmax=-706.06
13:57:42 [ultranest] [DEBUG] iteration=5441, ncalls=64948, regioncalls=2836320, ndraw=40, logz=-715.33, remainder_fraction=1.0793%, Lmin=-706.34, Lmax=-706.06
13:57:42 [ultranest] [DEBUG] iteration=5442, ncalls=64951, regioncalls=2836440, ndraw=40, logz=-715.33, remainder_fraction=1.0769%, Lmin=-706.34, Lmax=-706.06
13:57:43 [ultranest] [DEBUG] iteration=5443, ncalls=64962, regioncalls=2837040, ndraw=40, logz=-715.33, remainder_fraction=1.0743%, Lmin=-706.34, Lmax=-706.06
13:57:44 [ultranest] [DEBUG] iteration=5444, ncalls=64977, regioncalls=2837920, ndraw=40, logz=-715.33, remainder_fraction=1.0716%, Lmin=-706.34, Lmax=-706.06
13:57:44 [ultranest] [DEBUG] iteration=5446, ncalls=64994, regioncalls=2838920, ndraw=40, logz=-715.33, remainder_fraction=1.0666%, Lmin=-706.34, Lmax=-706.06
13:57:45 [ultranest] [DEBUG] iteration=5447, ncalls=64997, regioncalls=2839240, ndraw=40, logz=-715.33, remainder_fraction=1.0640%, Lmin=-706.34, Lmax=-706.06
13:57:45 [ultranest] [DEBUG] iteration=5449, ncalls=65004, regioncalls=2839520, ndraw=40, logz=-715.33, remainder_fraction=1.0591%, Lmin=-706.34, Lmax=-706.06
13:57:47 [ultranest] [DEBUG] iteration=5451, ncalls=65051, regioncalls=2841560, ndraw=40, logz=-715.33, remainder_fraction=1.0544%, Lmin=-706.33, Lmax=-706.06
13:57:48 [ultranest] [DEBUG] iteration=5452, ncalls=65057, regioncalls=2841800, ndraw=40, logz=-715.33, remainder_fraction=1.0519%, Lmin=-706.33, Lmax=-706.06
13:57:48 [ultranest] [DEBUG] iteration=5453, ncalls=65064, regioncalls=2842360, ndraw=40, logz=-715.33, remainder_fraction=1.0497%, Lmin=-706.33, Lmax=-706.06
13:57:48 [ultranest] [DEBUG] iteration=5454, ncalls=65068, regioncalls=2842560, ndraw=40, logz=-715.33, remainder_fraction=1.0472%, Lmin=-706.33, Lmax=-706.06
13:57:48 [ultranest] [DEBUG] iteration=5455, ncalls=65076, regioncalls=2842880, ndraw=40, logz=-715.33, remainder_fraction=1.0446%, Lmin=-706.33, Lmax=-706.06
13:57:49 [ultranest] [DEBUG] iteration=5457, ncalls=65090, regioncalls=2843480, ndraw=40, logz=-715.33, remainder_fraction=1.0397%, Lmin=-706.33, Lmax=-706.06
13:57:50 [ultranest] [DEBUG] iteration=5458, ncalls=65099, regioncalls=2843960, ndraw=40, logz=-715.33, remainder_fraction=1.0372%, Lmin=-706.33, Lmax=-706.06
13:57:50 [ultranest] [DEBUG] iteration=5459, ncalls=65106, regioncalls=2844240, ndraw=40, logz=-715.33, remainder_fraction=1.0347%, Lmin=-706.33, Lmax=-706.06
13:57:51 [ultranest] [DEBUG] iteration=5460, ncalls=65129, regioncalls=2845200, ndraw=40, logz=-715.33, remainder_fraction=1.0323%, Lmin=-706.33, Lmax=-706.06
13:57:52 [ultranest] [DEBUG] iteration=5461, ncalls=65147, regioncalls=2846040, ndraw=40, logz=-715.33, remainder_fraction=1.0299%, Lmin=-706.33, Lmax=-706.06
13:57:53 [ultranest] [DEBUG] iteration=5462, ncalls=65163, regioncalls=2846680, ndraw=40, logz=-715.33, remainder_fraction=1.0274%, Lmin=-706.33, Lmax=-706.06
13:57:53 [ultranest] [DEBUG] iteration=5463, ncalls=65168, regioncalls=2846880, ndraw=40, logz=-715.33, remainder_fraction=1.0250%, Lmin=-706.33, Lmax=-706.06
13:57:58 [ultranest] [DEBUG] iteration=5464, ncalls=65259, regioncalls=2851120, ndraw=40, logz=-715.33, remainder_fraction=1.0225%, Lmin=-706.33, Lmax=-706.06
13:57:59 [ultranest] [DEBUG] iteration=5465, ncalls=65288, regioncalls=2852640, ndraw=40, logz=-715.33, remainder_fraction=1.0201%, Lmin=-706.33, Lmax=-706.06
13:58:00 [ultranest] [DEBUG] iteration=5466, ncalls=65297, regioncalls=2853120, ndraw=40, logz=-715.33, remainder_fraction=1.0180%, Lmin=-706.33, Lmax=-706.06
13:58:00 [ultranest] [DEBUG] iteration=5467, ncalls=65311, regioncalls=2853680, ndraw=40, logz=-715.33, remainder_fraction=1.0157%, Lmin=-706.33, Lmax=-706.06
13:58:01 [ultranest] [DEBUG] iteration=5468, ncalls=65317, regioncalls=2854000, ndraw=40, logz=-715.33, remainder_fraction=1.0134%, Lmin=-706.33, Lmax=-706.06
13:58:01 [ultranest] [DEBUG] iteration=5469, ncalls=65325, regioncalls=2854360, ndraw=40, logz=-715.33, remainder_fraction=1.0109%, Lmin=-706.33, Lmax=-706.06
13:58:02 [ultranest] [DEBUG] iteration=5470, ncalls=65341, regioncalls=2855040, ndraw=40, logz=-715.33, remainder_fraction=1.0085%, Lmin=-706.33, Lmax=-706.06
13:58:02 [ultranest] [DEBUG] iteration=5472, ncalls=65347, regioncalls=2855280, ndraw=40, logz=-715.33, remainder_fraction=1.0040%, Lmin=-706.33, Lmax=-706.06
13:58:03 [ultranest] [DEBUG] iteration=5473, ncalls=65373, regioncalls=2856520, ndraw=40, logz=-715.33, remainder_fraction=1.0016%, Lmin=-706.33, Lmax=-706.06
13:58:03 [ultranest] [INFO] Explored until L=-7e+02  
13:58:03 [ultranest] [INFO] Likelihood function evaluations: 65373
13:58:04 [ultranest] [INFO] Writing samples and results to disk ...
13:58:04 [ultranest] [INFO] Writing samples and results to disk ... done
13:58:04 [ultranest] [DEBUG] did a run_iter pass!
13:58:04 [ultranest] [INFO]   logZ = -715.3 +- 0.1068
13:58:04 [ultranest] [INFO] Effective samples strategy satisfied (ESS = 1949.3, need >400)
13:58:04 [ultranest] [INFO] Posterior uncertainty strategy is satisfied (KL: 0.45+-0.08 nat, need <0.50 nat)
13:58:04 [ultranest] [INFO] Evidency uncertainty strategy is satisfied (dlogz=0.11, need <0.5)
13:58:04 [ultranest] [INFO]   logZ error budget: single: 0.14 bs:0.11 tail:0.01 total:0.11 required:<0.50
13:58:04 [ultranest] [INFO] done iterating.
