14:43:09 [ultranest] [DEBUG] ReactiveNestedSampler: dims=8+0, resume=False, log_dir=cpl_output/cpl_real_run/run3, backend=hdf5, vectorized=False, nbootstraps=30, ndraw=128..65536
14:43:09 [ultranest] [INFO] Sampling 400 live points from prior ...
14:43:27 [ultranest] [DEBUG] Found plateau of 40/400 initial points at L=-inf. Avoid this by a continuously increasing loglikelihood towards good regions.
14:43:27 [ultranest] [INFO] Widening roots to 439 live points (have 400 already) ...
14:43:27 [ultranest] [INFO] Sampling 39 live points from prior ...
14:43:29 [ultranest] [DEBUG] Found plateau of 43/439 initial points at L=-inf. Avoid this by a continuously increasing loglikelihood towards good regions.
14:43:29 [ultranest] [INFO] Widening roots to 481 live points (have 439 already) ...
14:43:29 [ultranest] [INFO] Sampling 42 live points from prior ...
14:43:30 [ultranest] [DEBUG] run_iter dlogz=0.5, dKL=0.5, frac_remain=0.01, Lepsilon=0.0010, min_ess=400
14:43:30 [ultranest] [DEBUG] max_iters=-1, max_ncalls=1000000, max_num_improvement_loops=-1, min_num_live_points=400, cluster_num_live_points=40
14:43:30 [ultranest] [DEBUG] minimal_widths_sequence: [(-inf, 400.0), (inf, 400.0)]
14:43:30 [ultranest] [DEBUG] Plateau detected at L=-inf, not replacing live point.
14:43:30 [ultranest] [DEBUG] Plateau detected at L=-inf, not replacing live point.
14:43:30 [ultranest] [DEBUG] Plateau detected at L=-inf, not replacing live point.
14:43:30 [ultranest] [DEBUG] Plateau detected at L=-inf, not replacing live point.
14:43:30 [ultranest] [DEBUG] Plateau detected at L=-inf, not replacing live point.
14:43:30 [ultranest] [DEBUG] Plateau detected at L=-inf, not replacing live point.
14:43:30 [ultranest] [DEBUG] Plateau detected at L=-inf, not replacing live point.
14:43:30 [ultranest] [DEBUG] Plateau detected at L=-inf, not replacing live point.
14:43:30 [ultranest] [DEBUG] Plateau detected at L=-inf, not replacing live point.
14:43:30 [ultranest] [DEBUG] Plateau detected at L=-inf, not replacing live point.
14:43:30 [ultranest] [DEBUG] Plateau detected at L=-inf, not replacing live point.
14:43:30 [ultranest] [DEBUG] Plateau detected at L=-inf, not replacing live point.
14:43:30 [ultranest] [DEBUG] Plateau detected at L=-inf, not replacing live point.
14:43:30 [ultranest] [DEBUG] Plateau detected at L=-inf, not replacing live point.
14:43:30 [ultranest] [DEBUG] Plateau detected at L=-inf, not replacing live point.
14:43:30 [ultranest] [DEBUG] Plateau detected at L=-inf, not replacing live point.
14:43:30 [ultranest] [DEBUG] Plateau detected at L=-inf, not replacing live point.
14:43:30 [ultranest] [DEBUG] Plateau detected at L=-inf, not replacing live point.
14:43:30 [ultranest] [DEBUG] Plateau detected at L=-inf, not replacing live point.
14:43:30 [ultranest] [DEBUG] Plateau detected at L=-inf, not replacing live point.
14:43:30 [ultranest] [DEBUG] Plateau detected at L=-inf, not replacing live point.
14:43:30 [ultranest] [DEBUG] Plateau detected at L=-inf, not replacing live point.
14:43:30 [ultranest] [DEBUG] Plateau detected at L=-inf, not replacing live point.
14:43:30 [ultranest] [DEBUG] Plateau detected at L=-inf, not replacing live point.
14:43:30 [ultranest] [DEBUG] Plateau detected at L=-inf, not replacing live point.
14:43:30 [ultranest] [DEBUG] Plateau detected at L=-inf, not replacing live point.
14:43:30 [ultranest] [DEBUG] Plateau detected at L=-inf, not replacing live point.
14:43:30 [ultranest] [DEBUG] Plateau detected at L=-inf, not replacing live point.
14:43:30 [ultranest] [DEBUG] Plateau detected at L=-inf, not replacing live point.
14:43:30 [ultranest] [DEBUG] Plateau detected at L=-inf, not replacing live point.
14:43:30 [ultranest] [DEBUG] Plateau detected at L=-inf, not replacing live point.
14:43:30 [ultranest] [DEBUG] Plateau detected at L=-inf, not replacing live point.
14:43:30 [ultranest] [DEBUG] Plateau detected at L=-inf, not replacing live point.
14:43:30 [ultranest] [DEBUG] Plateau detected at L=-inf, not replacing live point.
14:43:30 [ultranest] [DEBUG] Plateau detected at L=-inf, not replacing live point.
14:43:30 [ultranest] [DEBUG] Plateau detected at L=-inf, not replacing live point.
14:43:30 [ultranest] [DEBUG] Plateau detected at L=-inf, not replacing live point.
14:43:30 [ultranest] [DEBUG] Plateau detected at L=-inf, not replacing live point.
14:43:30 [ultranest] [DEBUG] Plateau detected at L=-inf, not replacing live point.
14:43:30 [ultranest] [DEBUG] Plateau detected at L=-inf, not replacing live point.
14:43:30 [ultranest] [DEBUG] Plateau detected at L=-inf, not replacing live point.
14:43:30 [ultranest] [DEBUG] Plateau detected at L=-inf, not replacing live point.
14:43:30 [ultranest] [DEBUG] Plateau detected at L=-inf, not replacing live point.
14:43:30 [ultranest] [DEBUG] Plateau detected at L=-inf, not replacing live point.
14:43:30 [ultranest] [DEBUG] Plateau detected at L=-inf, not replacing live point.
14:43:30 [ultranest] [DEBUG] Plateau detected at L=-inf, not replacing live point.
14:43:30 [ultranest] [DEBUG] Plateau detected at L=-inf, not replacing live point.
14:43:30 [ultranest] [DEBUG] Plateau detected at L=-inf, not replacing live point.
14:43:30 [ultranest] [DEBUG] Plateau detected at L=-inf, not replacing live point.
14:43:30 [ultranest] [DEBUG] iteration=81, ncalls=482, regioncalls=40, ndraw=40, logz=-2433.91, remainder_fraction=100.0000%, Lmin=-2412.59, Lmax=-711.57
14:43:31 [ultranest] [DEBUG] iteration=84, ncalls=486, regioncalls=200, ndraw=40, logz=-2409.85, remainder_fraction=100.0000%, Lmin=-2393.41, Lmax=-711.57
14:43:31 [ultranest] [DEBUG] iteration=86, ncalls=488, regioncalls=280, ndraw=40, logz=-2386.72, remainder_fraction=100.0000%, Lmin=-2366.06, Lmax=-711.57
14:43:31 [ultranest] [DEBUG] iteration=88, ncalls=491, regioncalls=400, ndraw=40, logz=-2350.16, remainder_fraction=100.0000%, Lmin=-2328.95, Lmax=-711.57
14:43:31 [ultranest] [DEBUG] iteration=91, ncalls=494, regioncalls=520, ndraw=40, logz=-2306.37, remainder_fraction=100.0000%, Lmin=-2292.88, Lmax=-711.57
14:43:31 [ultranest] [DEBUG] iteration=93, ncalls=496, regioncalls=600, ndraw=40, logz=-2286.11, remainder_fraction=100.0000%, Lmin=-2278.22, Lmax=-711.57
14:43:31 [ultranest] [DEBUG] iteration=95, ncalls=500, regioncalls=760, ndraw=40, logz=-2262.49, remainder_fraction=100.0000%, Lmin=-2253.73, Lmax=-711.57
14:43:31 [ultranest] [DEBUG] iteration=96, ncalls=501, regioncalls=800, ndraw=40, logz=-2259.87, remainder_fraction=100.0000%, Lmin=-2251.05, Lmax=-711.57
14:43:31 [ultranest] [DEBUG] iteration=98, ncalls=503, regioncalls=880, ndraw=40, logz=-2247.65, remainder_fraction=100.0000%, Lmin=-2234.77, Lmax=-711.57
14:43:32 [ultranest] [DEBUG] iteration=101, ncalls=506, regioncalls=1000, ndraw=40, logz=-2202.44, remainder_fraction=100.0000%, Lmin=-2186.86, Lmax=-711.57
14:43:32 [ultranest] [DEBUG] iteration=103, ncalls=509, regioncalls=1120, ndraw=40, logz=-2190.66, remainder_fraction=100.0000%, Lmin=-2179.85, Lmax=-711.57
14:43:32 [ultranest] [DEBUG] iteration=106, ncalls=512, regioncalls=1240, ndraw=40, logz=-2169.69, remainder_fraction=100.0000%, Lmin=-2142.97, Lmax=-711.57
14:43:32 [ultranest] [DEBUG] iteration=108, ncalls=514, regioncalls=1320, ndraw=40, logz=-2134.86, remainder_fraction=100.0000%, Lmin=-2115.22, Lmax=-711.57
14:43:32 [ultranest] [DEBUG] iteration=111, ncalls=517, regioncalls=1440, ndraw=40, logz=-2080.32, remainder_fraction=100.0000%, Lmin=-2058.43, Lmax=-711.57
14:43:32 [ultranest] [DEBUG] iteration=114, ncalls=520, regioncalls=1560, ndraw=40, logz=-2028.54, remainder_fraction=100.0000%, Lmin=-2011.02, Lmax=-711.57
14:43:32 [ultranest] [DEBUG] iteration=117, ncalls=523, regioncalls=1680, ndraw=40, logz=-1991.90, remainder_fraction=100.0000%, Lmin=-1980.32, Lmax=-711.57
14:43:33 [ultranest] [DEBUG] iteration=120, ncalls=526, regioncalls=1800, ndraw=40, logz=-1970.94, remainder_fraction=100.0000%, Lmin=-1937.23, Lmax=-711.57
14:43:33 [ultranest] [DEBUG] iteration=123, ncalls=529, regioncalls=1920, ndraw=40, logz=-1933.41, remainder_fraction=100.0000%, Lmin=-1924.13, Lmax=-711.57
14:43:33 [ultranest] [DEBUG] iteration=125, ncalls=532, regioncalls=2040, ndraw=40, logz=-1927.72, remainder_fraction=100.0000%, Lmin=-1919.48, Lmax=-711.57
14:43:33 [ultranest] [DEBUG] iteration=127, ncalls=535, regioncalls=2160, ndraw=40, logz=-1912.47, remainder_fraction=100.0000%, Lmin=-1898.26, Lmax=-711.57
14:43:33 [ultranest] [DEBUG] iteration=129, ncalls=538, regioncalls=2280, ndraw=40, logz=-1903.08, remainder_fraction=100.0000%, Lmin=-1897.05, Lmax=-711.57
14:43:33 [ultranest] [DEBUG] iteration=131, ncalls=542, regioncalls=2440, ndraw=40, logz=-1899.07, remainder_fraction=100.0000%, Lmin=-1892.79, Lmax=-711.57
14:43:34 [ultranest] [DEBUG] iteration=133, ncalls=547, regioncalls=2640, ndraw=40, logz=-1878.96, remainder_fraction=100.0000%, Lmin=-1872.25, Lmax=-711.57
14:43:34 [ultranest] [DEBUG] iteration=136, ncalls=551, regioncalls=2800, ndraw=40, logz=-1859.40, remainder_fraction=100.0000%, Lmin=-1849.81, Lmax=-711.57
14:43:34 [ultranest] [DEBUG] iteration=138, ncalls=555, regioncalls=2960, ndraw=40, logz=-1848.56, remainder_fraction=100.0000%, Lmin=-1839.06, Lmax=-711.57
14:43:34 [ultranest] [DEBUG] iteration=139, ncalls=557, regioncalls=3040, ndraw=40, logz=-1845.34, remainder_fraction=100.0000%, Lmin=-1838.36, Lmax=-711.57
14:43:34 [ultranest] [DEBUG] iteration=141, ncalls=559, regioncalls=3120, ndraw=40, logz=-1829.19, remainder_fraction=100.0000%, Lmin=-1818.78, Lmax=-711.57
14:43:34 [ultranest] [DEBUG] iteration=143, ncalls=563, regioncalls=3280, ndraw=40, logz=-1814.71, remainder_fraction=100.0000%, Lmin=-1808.31, Lmax=-711.57
14:43:34 [ultranest] [DEBUG] iteration=144, ncalls=565, regioncalls=3360, ndraw=40, logz=-1813.99, remainder_fraction=100.0000%, Lmin=-1796.99, Lmax=-711.57
14:43:34 [ultranest] [DEBUG] iteration=146, ncalls=568, regioncalls=3480, ndraw=40, logz=-1796.38, remainder_fraction=100.0000%, Lmin=-1780.02, Lmax=-711.57
14:43:35 [ultranest] [DEBUG] iteration=148, ncalls=576, regioncalls=3800, ndraw=40, logz=-1785.55, remainder_fraction=100.0000%, Lmin=-1778.84, Lmax=-711.57
14:43:35 [ultranest] [DEBUG] iteration=151, ncalls=581, regioncalls=4000, ndraw=40, logz=-1776.66, remainder_fraction=100.0000%, Lmin=-1758.38, Lmax=-711.57
14:43:35 [ultranest] [DEBUG] iteration=153, ncalls=584, regioncalls=4120, ndraw=40, logz=-1747.16, remainder_fraction=100.0000%, Lmin=-1740.26, Lmax=-711.57
14:43:35 [ultranest] [DEBUG] iteration=156, ncalls=588, regioncalls=4280, ndraw=40, logz=-1732.42, remainder_fraction=100.0000%, Lmin=-1722.64, Lmax=-711.57
14:43:35 [ultranest] [DEBUG] iteration=158, ncalls=592, regioncalls=4440, ndraw=40, logz=-1727.49, remainder_fraction=100.0000%, Lmin=-1713.78, Lmax=-711.57
14:43:36 [ultranest] [DEBUG] iteration=161, ncalls=595, regioncalls=4560, ndraw=40, logz=-1700.68, remainder_fraction=100.0000%, Lmin=-1687.12, Lmax=-711.57
14:43:36 [ultranest] [DEBUG] iteration=163, ncalls=598, regioncalls=4680, ndraw=40, logz=-1692.44, remainder_fraction=100.0000%, Lmin=-1682.65, Lmax=-711.57
14:43:36 [ultranest] [DEBUG] iteration=166, ncalls=601, regioncalls=4800, ndraw=40, logz=-1675.56, remainder_fraction=100.0000%, Lmin=-1666.86, Lmax=-711.57
14:43:36 [ultranest] [DEBUG] iteration=168, ncalls=603, regioncalls=4880, ndraw=40, logz=-1670.02, remainder_fraction=100.0000%, Lmin=-1658.40, Lmax=-711.57
14:43:36 [ultranest] [DEBUG] iteration=170, ncalls=606, regioncalls=5000, ndraw=40, logz=-1662.06, remainder_fraction=100.0000%, Lmin=-1650.66, Lmax=-711.57
14:43:36 [ultranest] [DEBUG] iteration=172, ncalls=609, regioncalls=5120, ndraw=40, logz=-1652.20, remainder_fraction=100.0000%, Lmin=-1642.39, Lmax=-711.57
14:43:36 [ultranest] [DEBUG] iteration=174, ncalls=612, regioncalls=5240, ndraw=40, logz=-1645.22, remainder_fraction=100.0000%, Lmin=-1637.69, Lmax=-711.57
14:43:36 [ultranest] [DEBUG] iteration=176, ncalls=614, regioncalls=5320, ndraw=40, logz=-1643.05, remainder_fraction=100.0000%, Lmin=-1636.20, Lmax=-711.57
14:43:37 [ultranest] [DEBUG] iteration=179, ncalls=617, regioncalls=5440, ndraw=40, logz=-1625.34, remainder_fraction=100.0000%, Lmin=-1619.16, Lmax=-711.57
14:43:37 [ultranest] [DEBUG] iteration=182, ncalls=621, regioncalls=5600, ndraw=40, logz=-1622.25, remainder_fraction=100.0000%, Lmin=-1615.00, Lmax=-711.57
14:43:37 [ultranest] [DEBUG] iteration=185, ncalls=624, regioncalls=5720, ndraw=40, logz=-1613.31, remainder_fraction=100.0000%, Lmin=-1600.95, Lmax=-711.57
14:43:37 [ultranest] [DEBUG] iteration=186, ncalls=626, regioncalls=5800, ndraw=40, logz=-1607.39, remainder_fraction=100.0000%, Lmin=-1594.50, Lmax=-711.57
14:43:37 [ultranest] [DEBUG] iteration=187, ncalls=628, regioncalls=5880, ndraw=40, logz=-1600.94, remainder_fraction=100.0000%, Lmin=-1587.71, Lmax=-711.57
14:43:37 [ultranest] [DEBUG] iteration=189, ncalls=632, regioncalls=6040, ndraw=40, logz=-1589.03, remainder_fraction=100.0000%, Lmin=-1579.56, Lmax=-711.57
14:43:37 [ultranest] [DEBUG] iteration=192, ncalls=637, regioncalls=6240, ndraw=40, logz=-1583.02, remainder_fraction=100.0000%, Lmin=-1575.13, Lmax=-711.57
14:43:38 [ultranest] [DEBUG] iteration=193, ncalls=640, regioncalls=6360, ndraw=40, logz=-1581.37, remainder_fraction=100.0000%, Lmin=-1565.69, Lmax=-711.57
14:43:38 [ultranest] [DEBUG] iteration=195, ncalls=643, regioncalls=6480, ndraw=40, logz=-1570.44, remainder_fraction=100.0000%, Lmin=-1564.10, Lmax=-711.57
14:43:38 [ultranest] [DEBUG] iteration=197, ncalls=646, regioncalls=6600, ndraw=40, logz=-1569.33, remainder_fraction=100.0000%, Lmin=-1553.46, Lmax=-711.57
14:43:38 [ultranest] [DEBUG] iteration=199, ncalls=648, regioncalls=6680, ndraw=40, logz=-1556.99, remainder_fraction=100.0000%, Lmin=-1548.91, Lmax=-711.57
14:43:38 [ultranest] [DEBUG] iteration=200, ncalls=652, regioncalls=6840, ndraw=40, logz=-1555.20, remainder_fraction=100.0000%, Lmin=-1548.45, Lmax=-711.57
14:43:38 [ultranest] [DEBUG] iteration=202, ncalls=654, regioncalls=6920, ndraw=40, logz=-1552.77, remainder_fraction=100.0000%, Lmin=-1538.42, Lmax=-711.57
14:43:38 [ultranest] [DEBUG] iteration=205, ncalls=657, regioncalls=7040, ndraw=40, logz=-1533.88, remainder_fraction=100.0000%, Lmin=-1527.43, Lmax=-711.57
14:43:39 [ultranest] [DEBUG] iteration=207, ncalls=661, regioncalls=7200, ndraw=40, logz=-1520.56, remainder_fraction=100.0000%, Lmin=-1508.31, Lmax=-711.57
14:43:39 [ultranest] [DEBUG] iteration=209, ncalls=664, regioncalls=7320, ndraw=40, logz=-1513.74, remainder_fraction=100.0000%, Lmin=-1499.62, Lmax=-711.57
14:43:39 [ultranest] [DEBUG] iteration=211, ncalls=667, regioncalls=7440, ndraw=40, logz=-1504.39, remainder_fraction=100.0000%, Lmin=-1492.38, Lmax=-711.57
14:43:39 [ultranest] [DEBUG] iteration=213, ncalls=670, regioncalls=7560, ndraw=40, logz=-1497.90, remainder_fraction=100.0000%, Lmin=-1489.86, Lmax=-711.57
14:43:39 [ultranest] [DEBUG] iteration=216, ncalls=674, regioncalls=7720, ndraw=40, logz=-1491.09, remainder_fraction=100.0000%, Lmin=-1478.10, Lmax=-711.57
14:43:39 [ultranest] [DEBUG] iteration=219, ncalls=679, regioncalls=7920, ndraw=40, logz=-1480.32, remainder_fraction=100.0000%, Lmin=-1458.12, Lmax=-711.57
14:43:40 [ultranest] [DEBUG] iteration=222, ncalls=682, regioncalls=8040, ndraw=40, logz=-1461.45, remainder_fraction=100.0000%, Lmin=-1451.05, Lmax=-711.57
14:43:40 [ultranest] [DEBUG] iteration=225, ncalls=686, regioncalls=8200, ndraw=40, logz=-1449.75, remainder_fraction=100.0000%, Lmin=-1437.34, Lmax=-711.57
14:43:40 [ultranest] [DEBUG] iteration=227, ncalls=691, regioncalls=8400, ndraw=40, logz=-1443.07, remainder_fraction=100.0000%, Lmin=-1436.92, Lmax=-711.57
14:43:40 [ultranest] [DEBUG] iteration=229, ncalls=694, regioncalls=8520, ndraw=40, logz=-1436.60, remainder_fraction=100.0000%, Lmin=-1427.30, Lmax=-711.57
14:43:40 [ultranest] [DEBUG] iteration=231, ncalls=698, regioncalls=8680, ndraw=40, logz=-1409.61, remainder_fraction=100.0000%, Lmin=-1393.24, Lmax=-711.57
14:43:40 [ultranest] [DEBUG] iteration=232, ncalls=700, regioncalls=8760, ndraw=40, logz=-1399.79, remainder_fraction=100.0000%, Lmin=-1392.40, Lmax=-711.57
14:43:41 [ultranest] [DEBUG] iteration=234, ncalls=703, regioncalls=8880, ndraw=40, logz=-1397.45, remainder_fraction=100.0000%, Lmin=-1388.41, Lmax=-711.57
14:43:41 [ultranest] [DEBUG] iteration=236, ncalls=705, regioncalls=8960, ndraw=40, logz=-1392.59, remainder_fraction=100.0000%, Lmin=-1382.19, Lmax=-711.57
14:43:41 [ultranest] [DEBUG] iteration=239, ncalls=710, regioncalls=9160, ndraw=40, logz=-1383.96, remainder_fraction=100.0000%, Lmin=-1377.76, Lmax=-711.57
14:43:41 [ultranest] [DEBUG] iteration=240, ncalls=711, regioncalls=9200, ndraw=40, logz=-1383.43, remainder_fraction=100.0000%, Lmin=-1372.39, Lmax=-711.57
14:43:41 [ultranest] [DEBUG] iteration=241, ncalls=717, regioncalls=9440, ndraw=40, logz=-1378.95, remainder_fraction=100.0000%, Lmin=-1371.09, Lmax=-711.57
14:43:41 [ultranest] [DEBUG] iteration=242, ncalls=719, regioncalls=9520, ndraw=40, logz=-1377.42, remainder_fraction=100.0000%, Lmin=-1369.47, Lmax=-711.57
14:43:41 [ultranest] [DEBUG] iteration=243, ncalls=721, regioncalls=9600, ndraw=40, logz=-1375.82, remainder_fraction=100.0000%, Lmin=-1363.25, Lmax=-711.57
14:43:42 [ultranest] [DEBUG] iteration=245, ncalls=723, regioncalls=9680, ndraw=40, logz=-1363.54, remainder_fraction=100.0000%, Lmin=-1354.26, Lmax=-711.57
14:43:42 [ultranest] [DEBUG] iteration=246, ncalls=726, regioncalls=9800, ndraw=40, logz=-1360.78, remainder_fraction=100.0000%, Lmin=-1353.48, Lmax=-711.57
14:43:42 [ultranest] [DEBUG] iteration=248, ncalls=729, regioncalls=9920, ndraw=40, logz=-1357.32, remainder_fraction=100.0000%, Lmin=-1349.60, Lmax=-711.57
14:43:42 [ultranest] [DEBUG] iteration=249, ncalls=731, regioncalls=10000, ndraw=40, logz=-1355.92, remainder_fraction=100.0000%, Lmin=-1336.27, Lmax=-711.57
14:43:42 [ultranest] [DEBUG] iteration=252, ncalls=739, regioncalls=10320, ndraw=40, logz=-1340.26, remainder_fraction=100.0000%, Lmin=-1331.80, Lmax=-711.57
14:43:42 [ultranest] [DEBUG] iteration=253, ncalls=741, regioncalls=10400, ndraw=40, logz=-1338.26, remainder_fraction=100.0000%, Lmin=-1328.26, Lmax=-711.57
14:43:43 [ultranest] [DEBUG] iteration=255, ncalls=745, regioncalls=10560, ndraw=40, logz=-1333.90, remainder_fraction=100.0000%, Lmin=-1326.82, Lmax=-711.57
14:43:43 [ultranest] [DEBUG] iteration=257, ncalls=747, regioncalls=10640, ndraw=40, logz=-1332.17, remainder_fraction=100.0000%, Lmin=-1323.32, Lmax=-711.57
14:43:43 [ultranest] [DEBUG] iteration=260, ncalls=752, regioncalls=10840, ndraw=40, logz=-1316.38, remainder_fraction=100.0000%, Lmin=-1303.33, Lmax=-711.57
14:43:43 [ultranest] [DEBUG] iteration=261, ncalls=753, regioncalls=10880, ndraw=40, logz=-1309.95, remainder_fraction=100.0000%, Lmin=-1301.87, Lmax=-711.57
14:43:43 [ultranest] [DEBUG] iteration=263, ncalls=755, regioncalls=10960, ndraw=40, logz=-1307.48, remainder_fraction=100.0000%, Lmin=-1300.82, Lmax=-711.57
14:43:43 [ultranest] [DEBUG] iteration=266, ncalls=760, regioncalls=11160, ndraw=40, logz=-1300.22, remainder_fraction=100.0000%, Lmin=-1291.74, Lmax=-711.57
14:43:44 [ultranest] [DEBUG] iteration=268, ncalls=767, regioncalls=11440, ndraw=40, logz=-1297.36, remainder_fraction=100.0000%, Lmin=-1290.03, Lmax=-711.57
14:43:44 [ultranest] [DEBUG] iteration=270, ncalls=771, regioncalls=11600, ndraw=40, logz=-1293.69, remainder_fraction=100.0000%, Lmin=-1285.59, Lmax=-711.57
14:43:44 [ultranest] [DEBUG] iteration=271, ncalls=773, regioncalls=11680, ndraw=40, logz=-1292.03, remainder_fraction=100.0000%, Lmin=-1284.37, Lmax=-711.57
14:43:44 [ultranest] [DEBUG] iteration=274, ncalls=777, regioncalls=11840, ndraw=40, logz=-1285.30, remainder_fraction=100.0000%, Lmin=-1276.14, Lmax=-711.57
14:43:44 [ultranest] [DEBUG] iteration=276, ncalls=781, regioncalls=12000, ndraw=40, logz=-1279.80, remainder_fraction=100.0000%, Lmin=-1273.18, Lmax=-711.57
14:43:44 [ultranest] [DEBUG] iteration=279, ncalls=785, regioncalls=12160, ndraw=40, logz=-1277.70, remainder_fraction=100.0000%, Lmin=-1266.65, Lmax=-711.57
14:43:45 [ultranest] [DEBUG] iteration=282, ncalls=791, regioncalls=12400, ndraw=40, logz=-1266.94, remainder_fraction=100.0000%, Lmin=-1258.93, Lmax=-711.57
14:43:45 [ultranest] [DEBUG] iteration=285, ncalls=794, regioncalls=12520, ndraw=40, logz=-1262.94, remainder_fraction=100.0000%, Lmin=-1251.83, Lmax=-711.57
14:43:45 [ultranest] [DEBUG] iteration=288, ncalls=798, regioncalls=12680, ndraw=40, logz=-1257.26, remainder_fraction=100.0000%, Lmin=-1251.32, Lmax=-711.57
14:43:45 [ultranest] [DEBUG] iteration=290, ncalls=802, regioncalls=12840, ndraw=40, logz=-1253.29, remainder_fraction=100.0000%, Lmin=-1245.41, Lmax=-711.57
14:43:45 [ultranest] [DEBUG] iteration=292, ncalls=806, regioncalls=13000, ndraw=40, logz=-1250.87, remainder_fraction=100.0000%, Lmin=-1242.34, Lmax=-711.57
14:43:45 [ultranest] [DEBUG] iteration=295, ncalls=816, regioncalls=13400, ndraw=40, logz=-1245.98, remainder_fraction=100.0000%, Lmin=-1235.33, Lmax=-711.57
14:43:46 [ultranest] [DEBUG] iteration=298, ncalls=820, regioncalls=13560, ndraw=40, logz=-1238.94, remainder_fraction=100.0000%, Lmin=-1231.89, Lmax=-711.57
14:43:46 [ultranest] [DEBUG] iteration=299, ncalls=824, regioncalls=13720, ndraw=40, logz=-1238.07, remainder_fraction=100.0000%, Lmin=-1231.12, Lmax=-711.57
14:43:46 [ultranest] [DEBUG] iteration=300, ncalls=828, regioncalls=13880, ndraw=40, logz=-1237.26, remainder_fraction=100.0000%, Lmin=-1225.86, Lmax=-711.57
14:43:46 [ultranest] [DEBUG] iteration=302, ncalls=832, regioncalls=14040, ndraw=40, logz=-1231.16, remainder_fraction=100.0000%, Lmin=-1222.73, Lmax=-711.57
14:43:46 [ultranest] [DEBUG] iteration=304, ncalls=835, regioncalls=14160, ndraw=40, logz=-1228.10, remainder_fraction=100.0000%, Lmin=-1220.09, Lmax=-711.57
14:43:46 [ultranest] [DEBUG] iteration=306, ncalls=837, regioncalls=14240, ndraw=40, logz=-1225.54, remainder_fraction=100.0000%, Lmin=-1217.15, Lmax=-709.63
14:43:47 [ultranest] [DEBUG] iteration=307, ncalls=840, regioncalls=14360, ndraw=40, logz=-1223.72, remainder_fraction=100.0000%, Lmin=-1215.67, Lmax=-709.63
14:43:47 [ultranest] [DEBUG] iteration=309, ncalls=842, regioncalls=14440, ndraw=40, logz=-1220.09, remainder_fraction=100.0000%, Lmin=-1213.23, Lmax=-709.63
14:43:47 [ultranest] [DEBUG] iteration=311, ncalls=844, regioncalls=14520, ndraw=40, logz=-1218.73, remainder_fraction=100.0000%, Lmin=-1212.66, Lmax=-709.63
14:43:47 [ultranest] [DEBUG] iteration=313, ncalls=847, regioncalls=14640, ndraw=40, logz=-1209.34, remainder_fraction=100.0000%, Lmin=-1198.73, Lmax=-709.63
14:43:47 [ultranest] [DEBUG] iteration=314, ncalls=849, regioncalls=14720, ndraw=40, logz=-1205.47, remainder_fraction=100.0000%, Lmin=-1196.75, Lmax=-709.63
14:43:47 [ultranest] [DEBUG] iteration=316, ncalls=852, regioncalls=14840, ndraw=40, logz=-1200.26, remainder_fraction=100.0000%, Lmin=-1192.65, Lmax=-709.63
14:43:47 [ultranest] [DEBUG] iteration=317, ncalls=854, regioncalls=14920, ndraw=40, logz=-1199.06, remainder_fraction=100.0000%, Lmin=-1191.88, Lmax=-709.63
14:43:47 [ultranest] [DEBUG] iteration=319, ncalls=859, regioncalls=15120, ndraw=40, logz=-1197.51, remainder_fraction=100.0000%, Lmin=-1191.30, Lmax=-709.63
14:43:48 [ultranest] [DEBUG] iteration=321, ncalls=865, regioncalls=15360, ndraw=40, logz=-1196.41, remainder_fraction=100.0000%, Lmin=-1190.16, Lmax=-709.63
14:43:48 [ultranest] [DEBUG] iteration=324, ncalls=868, regioncalls=15480, ndraw=40, logz=-1195.13, remainder_fraction=100.0000%, Lmin=-1189.31, Lmax=-709.63
14:43:48 [ultranest] [DEBUG] iteration=325, ncalls=871, regioncalls=15600, ndraw=40, logz=-1194.81, remainder_fraction=100.0000%, Lmin=-1186.71, Lmax=-709.63
14:43:48 [ultranest] [DEBUG] iteration=327, ncalls=873, regioncalls=15680, ndraw=40, logz=-1191.28, remainder_fraction=100.0000%, Lmin=-1183.91, Lmax=-709.63
14:43:48 [ultranest] [DEBUG] iteration=329, ncalls=876, regioncalls=15800, ndraw=40, logz=-1189.70, remainder_fraction=100.0000%, Lmin=-1180.25, Lmax=-709.63
14:43:48 [ultranest] [DEBUG] iteration=330, ncalls=879, regioncalls=15920, ndraw=40, logz=-1186.97, remainder_fraction=100.0000%, Lmin=-1179.97, Lmax=-709.63
14:43:48 [ultranest] [DEBUG] iteration=333, ncalls=884, regioncalls=16120, ndraw=40, logz=-1182.70, remainder_fraction=100.0000%, Lmin=-1171.50, Lmax=-709.63
14:43:49 [ultranest] [DEBUG] iteration=334, ncalls=887, regioncalls=16240, ndraw=40, logz=-1178.29, remainder_fraction=100.0000%, Lmin=-1167.18, Lmax=-709.63
14:43:49 [ultranest] [DEBUG] iteration=336, ncalls=892, regioncalls=16440, ndraw=40, logz=-1172.35, remainder_fraction=100.0000%, Lmin=-1165.26, Lmax=-709.63
14:43:49 [ultranest] [DEBUG] iteration=338, ncalls=895, regioncalls=16560, ndraw=40, logz=-1170.46, remainder_fraction=100.0000%, Lmin=-1161.39, Lmax=-709.63
14:43:49 [ultranest] [DEBUG] iteration=340, ncalls=901, regioncalls=16800, ndraw=40, logz=-1166.90, remainder_fraction=100.0000%, Lmin=-1159.91, Lmax=-709.63
14:43:49 [ultranest] [DEBUG] iteration=343, ncalls=904, regioncalls=16920, ndraw=40, logz=-1163.47, remainder_fraction=100.0000%, Lmin=-1153.09, Lmax=-709.63
14:43:50 [ultranest] [DEBUG] iteration=344, ncalls=908, regioncalls=17080, ndraw=40, logz=-1159.89, remainder_fraction=100.0000%, Lmin=-1149.92, Lmax=-709.63
14:43:50 [ultranest] [DEBUG] iteration=346, ncalls=910, regioncalls=17160, ndraw=40, logz=-1155.84, remainder_fraction=100.0000%, Lmin=-1146.58, Lmax=-709.63
14:43:50 [ultranest] [DEBUG] iteration=348, ncalls=915, regioncalls=17360, ndraw=40, logz=-1152.30, remainder_fraction=100.0000%, Lmin=-1140.67, Lmax=-709.63
14:43:50 [ultranest] [DEBUG] iteration=350, ncalls=923, regioncalls=17680, ndraw=40, logz=-1145.94, remainder_fraction=100.0000%, Lmin=-1138.20, Lmax=-709.63
14:43:51 [ultranest] [DEBUG] iteration=352, ncalls=926, regioncalls=17800, ndraw=40, logz=-1144.08, remainder_fraction=100.0000%, Lmin=-1135.97, Lmax=-709.63
14:43:51 [ultranest] [DEBUG] iteration=354, ncalls=928, regioncalls=17880, ndraw=40, logz=-1141.94, remainder_fraction=100.0000%, Lmin=-1135.11, Lmax=-709.63
14:43:51 [ultranest] [DEBUG] iteration=355, ncalls=933, regioncalls=18080, ndraw=40, logz=-1141.27, remainder_fraction=100.0000%, Lmin=-1134.84, Lmax=-709.63
14:43:51 [ultranest] [DEBUG] iteration=357, ncalls=935, regioncalls=18160, ndraw=40, logz=-1137.52, remainder_fraction=100.0000%, Lmin=-1129.16, Lmax=-709.63
14:43:51 [ultranest] [DEBUG] iteration=359, ncalls=937, regioncalls=18240, ndraw=40, logz=-1133.49, remainder_fraction=100.0000%, Lmin=-1124.85, Lmax=-709.63
14:43:51 [ultranest] [DEBUG] iteration=360, ncalls=939, regioncalls=18320, ndraw=40, logz=-1131.57, remainder_fraction=100.0000%, Lmin=-1124.45, Lmax=-709.63
14:43:51 [ultranest] [DEBUG] iteration=362, ncalls=941, regioncalls=18400, ndraw=40, logz=-1128.96, remainder_fraction=100.0000%, Lmin=-1120.38, Lmax=-709.63
14:43:52 [ultranest] [DEBUG] iteration=363, ncalls=947, regioncalls=18640, ndraw=40, logz=-1127.09, remainder_fraction=100.0000%, Lmin=-1119.36, Lmax=-709.63
14:43:52 [ultranest] [DEBUG] iteration=364, ncalls=950, regioncalls=18760, ndraw=40, logz=-1125.89, remainder_fraction=100.0000%, Lmin=-1118.10, Lmax=-709.63
14:43:52 [ultranest] [DEBUG] iteration=366, ncalls=953, regioncalls=18880, ndraw=40, logz=-1123.74, remainder_fraction=100.0000%, Lmin=-1116.26, Lmax=-709.63
14:43:52 [ultranest] [DEBUG] iteration=368, ncalls=961, regioncalls=19200, ndraw=40, logz=-1121.97, remainder_fraction=100.0000%, Lmin=-1112.37, Lmax=-709.63
14:43:52 [ultranest] [DEBUG] iteration=369, ncalls=963, regioncalls=19280, ndraw=40, logz=-1119.20, remainder_fraction=100.0000%, Lmin=-1108.51, Lmax=-709.63
14:43:53 [ultranest] [DEBUG] iteration=371, ncalls=967, regioncalls=19440, ndraw=40, logz=-1112.20, remainder_fraction=100.0000%, Lmin=-1104.28, Lmax=-709.63
14:43:53 [ultranest] [DEBUG] iteration=373, ncalls=970, regioncalls=19560, ndraw=40, logz=-1106.87, remainder_fraction=100.0000%, Lmin=-1099.54, Lmax=-709.63
14:43:53 [ultranest] [DEBUG] iteration=374, ncalls=973, regioncalls=19680, ndraw=40, logz=-1105.94, remainder_fraction=100.0000%, Lmin=-1094.82, Lmax=-709.63
14:43:53 [ultranest] [DEBUG] iteration=376, ncalls=982, regioncalls=20040, ndraw=40, logz=-1100.80, remainder_fraction=100.0000%, Lmin=-1093.28, Lmax=-709.63
14:43:53 [ultranest] [DEBUG] iteration=378, ncalls=985, regioncalls=20160, ndraw=40, logz=-1097.51, remainder_fraction=100.0000%, Lmin=-1090.69, Lmax=-709.63
14:43:54 [ultranest] [DEBUG] iteration=381, ncalls=988, regioncalls=20280, ndraw=40, logz=-1094.79, remainder_fraction=100.0000%, Lmin=-1087.21, Lmax=-709.63
14:43:54 [ultranest] [DEBUG] iteration=383, ncalls=991, regioncalls=20400, ndraw=40, logz=-1092.98, remainder_fraction=100.0000%, Lmin=-1086.37, Lmax=-709.63
14:43:54 [ultranest] [DEBUG] iteration=384, ncalls=995, regioncalls=20560, ndraw=40, logz=-1092.44, remainder_fraction=100.0000%, Lmin=-1086.31, Lmax=-709.63
14:43:54 [ultranest] [DEBUG] iteration=386, ncalls=998, regioncalls=20680, ndraw=40, logz=-1091.17, remainder_fraction=100.0000%, Lmin=-1082.57, Lmax=-709.63
14:43:54 [ultranest] [DEBUG] iteration=388, ncalls=1002, regioncalls=20840, ndraw=40, logz=-1088.17, remainder_fraction=100.0000%, Lmin=-1080.17, Lmax=-709.63
14:43:54 [ultranest] [DEBUG] iteration=390, ncalls=1007, regioncalls=21040, ndraw=40, logz=-1085.22, remainder_fraction=100.0000%, Lmin=-1075.02, Lmax=-709.63
14:43:55 [ultranest] [DEBUG] iteration=392, ncalls=1009, regioncalls=21120, ndraw=40, logz=-1080.35, remainder_fraction=100.0000%, Lmin=-1072.58, Lmax=-709.63
14:43:55 [ultranest] [DEBUG] iteration=394, ncalls=1011, regioncalls=21200, ndraw=40, logz=-1078.63, remainder_fraction=100.0000%, Lmin=-1072.35, Lmax=-709.63
14:43:55 [ultranest] [DEBUG] iteration=396, ncalls=1014, regioncalls=21320, ndraw=40, logz=-1077.39, remainder_fraction=100.0000%, Lmin=-1070.86, Lmax=-709.63
14:43:55 [ultranest] [DEBUG] iteration=398, ncalls=1016, regioncalls=21400, ndraw=40, logz=-1074.09, remainder_fraction=100.0000%, Lmin=-1066.73, Lmax=-709.63
14:43:55 [ultranest] [DEBUG] iteration=400, ncalls=1023, regioncalls=21680, ndraw=40, logz=-1072.65, remainder_fraction=100.0000%, Lmin=-1066.35, Lmax=-709.63
14:43:55 [ultranest] [DEBUG] iteration=401, ncalls=1028, regioncalls=21880, ndraw=40, logz=-1072.24, remainder_fraction=100.0000%, Lmin=-1062.72, Lmax=-709.63
14:43:56 [ultranest] [DEBUG] iteration=403, ncalls=1032, regioncalls=22040, ndraw=40, logz=-1068.83, remainder_fraction=100.0000%, Lmin=-1061.99, Lmax=-709.63
14:43:56 [ultranest] [DEBUG] iteration=405, ncalls=1035, regioncalls=22160, ndraw=40, logz=-1066.49, remainder_fraction=100.0000%, Lmin=-1056.54, Lmax=-709.63
14:43:56 [ultranest] [DEBUG] iteration=406, ncalls=1038, regioncalls=22280, ndraw=40, logz=-1063.47, remainder_fraction=100.0000%, Lmin=-1055.70, Lmax=-709.63
14:43:56 [ultranest] [DEBUG] iteration=408, ncalls=1040, regioncalls=22360, ndraw=40, logz=-1061.42, remainder_fraction=100.0000%, Lmin=-1054.04, Lmax=-709.63
14:43:56 [ultranest] [DEBUG] iteration=411, ncalls=1046, regioncalls=22600, ndraw=40, logz=-1055.93, remainder_fraction=100.0000%, Lmin=-1047.34, Lmax=-709.63
14:43:56 [ultranest] [DEBUG] iteration=412, ncalls=1049, regioncalls=22720, ndraw=40, logz=-1054.16, remainder_fraction=100.0000%, Lmin=-1046.70, Lmax=-709.63
14:43:56 [ultranest] [DEBUG] iteration=413, ncalls=1051, regioncalls=22800, ndraw=40, logz=-1053.21, remainder_fraction=100.0000%, Lmin=-1046.01, Lmax=-709.63
14:43:57 [ultranest] [DEBUG] iteration=415, ncalls=1054, regioncalls=22920, ndraw=40, logz=-1051.90, remainder_fraction=100.0000%, Lmin=-1045.18, Lmax=-709.63
14:43:57 [ultranest] [DEBUG] iteration=417, ncalls=1058, regioncalls=23080, ndraw=40, logz=-1050.90, remainder_fraction=100.0000%, Lmin=-1040.54, Lmax=-709.63
14:43:57 [ultranest] [DEBUG] iteration=418, ncalls=1064, regioncalls=23320, ndraw=40, logz=-1047.52, remainder_fraction=100.0000%, Lmin=-1040.03, Lmax=-709.63
14:43:57 [ultranest] [DEBUG] iteration=420, ncalls=1069, regioncalls=23520, ndraw=40, logz=-1045.80, remainder_fraction=100.0000%, Lmin=-1038.32, Lmax=-709.63
14:43:57 [ultranest] [DEBUG] iteration=422, ncalls=1072, regioncalls=23640, ndraw=40, logz=-1044.30, remainder_fraction=100.0000%, Lmin=-1038.08, Lmax=-709.63
14:43:58 [ultranest] [DEBUG] iteration=423, ncalls=1075, regioncalls=23760, ndraw=40, logz=-1043.93, remainder_fraction=100.0000%, Lmin=-1035.70, Lmax=-709.63
14:43:58 [ultranest] [DEBUG] iteration=424, ncalls=1077, regioncalls=23840, ndraw=40, logz=-1042.47, remainder_fraction=100.0000%, Lmin=-1035.56, Lmax=-709.63
14:43:58 [ultranest] [DEBUG] iteration=426, ncalls=1081, regioncalls=24000, ndraw=40, logz=-1038.00, remainder_fraction=100.0000%, Lmin=-1030.16, Lmax=-709.63
14:43:58 [ultranest] [DEBUG] iteration=427, ncalls=1085, regioncalls=24160, ndraw=40, logz=-1036.83, remainder_fraction=100.0000%, Lmin=-1029.25, Lmax=-709.63
14:43:58 [ultranest] [DEBUG] iteration=429, ncalls=1090, regioncalls=24360, ndraw=40, logz=-1034.37, remainder_fraction=100.0000%, Lmin=-1027.14, Lmax=-709.63
14:43:58 [ultranest] [DEBUG] iteration=430, ncalls=1094, regioncalls=24520, ndraw=40, logz=-1033.58, remainder_fraction=100.0000%, Lmin=-1026.95, Lmax=-709.63
14:43:59 [ultranest] [DEBUG] iteration=431, ncalls=1097, regioncalls=24640, ndraw=40, logz=-1033.08, remainder_fraction=100.0000%, Lmin=-1023.81, Lmax=-709.63
14:43:59 [ultranest] [DEBUG] iteration=432, ncalls=1106, regioncalls=25000, ndraw=40, logz=-1030.76, remainder_fraction=100.0000%, Lmin=-1023.25, Lmax=-709.63
14:43:59 [ultranest] [DEBUG] iteration=434, ncalls=1110, regioncalls=25160, ndraw=40, logz=-1027.47, remainder_fraction=100.0000%, Lmin=-1020.24, Lmax=-709.63
14:44:00 [ultranest] [DEBUG] iteration=437, ncalls=1121, regioncalls=25600, ndraw=40, logz=-1025.89, remainder_fraction=100.0000%, Lmin=-1017.43, Lmax=-709.63
14:44:00 [ultranest] [DEBUG] iteration=439, ncalls=1126, regioncalls=25800, ndraw=40, logz=-1023.64, remainder_fraction=100.0000%, Lmin=-1016.71, Lmax=-709.63
14:44:00 [ultranest] [DEBUG] iteration=440, ncalls=1134, regioncalls=26120, ndraw=40, logz=-1023.01, remainder_fraction=100.0000%, Lmin=-1015.95, Lmax=-709.63
14:44:00 [ultranest] [DEBUG] iteration=441, ncalls=1135, regioncalls=26160, ndraw=40, logz=-1022.33, remainder_fraction=100.0000%, Lmin=-1013.57, Lmax=-709.63
14:44:00 [ultranest] [DEBUG] iteration=443, ncalls=1139, regioncalls=26320, ndraw=40, logz=-1019.26, remainder_fraction=100.0000%, Lmin=-1011.08, Lmax=-709.63
14:44:01 [ultranest] [DEBUG] iteration=444, ncalls=1144, regioncalls=26520, ndraw=40, logz=-1017.87, remainder_fraction=100.0000%, Lmin=-1011.01, Lmax=-709.63
14:44:01 [ultranest] [DEBUG] iteration=445, ncalls=1147, regioncalls=26640, ndraw=40, logz=-1017.29, remainder_fraction=100.0000%, Lmin=-1010.70, Lmax=-709.63
14:44:01 [ultranest] [DEBUG] iteration=446, ncalls=1150, regioncalls=26760, ndraw=40, logz=-1016.81, remainder_fraction=100.0000%, Lmin=-1007.81, Lmax=-709.63
14:44:01 [ultranest] [DEBUG] iteration=447, ncalls=1155, regioncalls=26960, ndraw=40, logz=-1014.76, remainder_fraction=100.0000%, Lmin=-1007.67, Lmax=-709.63
14:44:01 [ultranest] [DEBUG] iteration=448, ncalls=1157, regioncalls=27040, ndraw=40, logz=-1014.07, remainder_fraction=100.0000%, Lmin=-1007.36, Lmax=-709.63
14:44:01 [ultranest] [DEBUG] iteration=449, ncalls=1159, regioncalls=27120, ndraw=40, logz=-1013.55, remainder_fraction=100.0000%, Lmin=-1005.88, Lmax=-709.63
14:44:02 [ultranest] [DEBUG] iteration=450, ncalls=1162, regioncalls=27240, ndraw=40, logz=-1012.53, remainder_fraction=100.0000%, Lmin=-1005.38, Lmax=-709.63
14:44:02 [ultranest] [DEBUG] iteration=451, ncalls=1164, regioncalls=27320, ndraw=40, logz=-1011.81, remainder_fraction=100.0000%, Lmin=-1003.23, Lmax=-709.63
14:44:02 [ultranest] [DEBUG] iteration=452, ncalls=1169, regioncalls=27520, ndraw=40, logz=-1010.13, remainder_fraction=100.0000%, Lmin=-1002.62, Lmax=-709.63
14:44:02 [ultranest] [DEBUG] iteration=454, ncalls=1172, regioncalls=27640, ndraw=40, logz=-1008.56, remainder_fraction=100.0000%, Lmin=-998.40, Lmax=-709.63
14:44:02 [ultranest] [DEBUG] iteration=455, ncalls=1176, regioncalls=27800, ndraw=40, logz=-1005.46, remainder_fraction=100.0000%, Lmin=-998.26, Lmax=-709.63
14:44:02 [ultranest] [DEBUG] iteration=456, ncalls=1181, regioncalls=28000, ndraw=40, logz=-1004.73, remainder_fraction=100.0000%, Lmin=-997.55, Lmax=-709.63
14:44:02 [ultranest] [DEBUG] iteration=457, ncalls=1183, regioncalls=28080, ndraw=40, logz=-1004.00, remainder_fraction=100.0000%, Lmin=-997.20, Lmax=-709.63
14:44:03 [ultranest] [DEBUG] iteration=460, ncalls=1188, regioncalls=28280, ndraw=40, logz=-1001.38, remainder_fraction=100.0000%, Lmin=-994.08, Lmax=-709.63
14:44:03 [ultranest] [DEBUG] iteration=461, ncalls=1190, regioncalls=28360, ndraw=40, logz=-1000.60, remainder_fraction=100.0000%, Lmin=-994.04, Lmax=-709.63
14:44:03 [ultranest] [DEBUG] iteration=463, ncalls=1197, regioncalls=28640, ndraw=40, logz=-999.83, remainder_fraction=100.0000%, Lmin=-992.91, Lmax=-709.63
14:44:03 [ultranest] [DEBUG] iteration=464, ncalls=1200, regioncalls=28760, ndraw=40, logz=-999.24, remainder_fraction=100.0000%, Lmin=-988.95, Lmax=-709.63
14:44:03 [ultranest] [DEBUG] iteration=466, ncalls=1202, regioncalls=28840, ndraw=40, logz=-994.22, remainder_fraction=100.0000%, Lmin=-985.24, Lmax=-709.63
14:44:04 [ultranest] [DEBUG] iteration=467, ncalls=1206, regioncalls=29000, ndraw=40, logz=-992.23, remainder_fraction=100.0000%, Lmin=-984.58, Lmax=-709.63
14:44:04 [ultranest] [DEBUG] iteration=469, ncalls=1211, regioncalls=29200, ndraw=40, logz=-990.56, remainder_fraction=100.0000%, Lmin=-980.38, Lmax=-709.63
14:44:04 [ultranest] [DEBUG] iteration=472, ncalls=1216, regioncalls=29400, ndraw=40, logz=-985.36, remainder_fraction=100.0000%, Lmin=-978.88, Lmax=-709.63
14:44:04 [ultranest] [DEBUG] iteration=474, ncalls=1219, regioncalls=29520, ndraw=40, logz=-984.47, remainder_fraction=100.0000%, Lmin=-978.01, Lmax=-709.63
14:44:04 [ultranest] [DEBUG] iteration=475, ncalls=1223, regioncalls=29680, ndraw=40, logz=-984.07, remainder_fraction=100.0000%, Lmin=-976.46, Lmax=-709.63
14:44:04 [ultranest] [DEBUG] iteration=476, ncalls=1225, regioncalls=29760, ndraw=40, logz=-983.13, remainder_fraction=100.0000%, Lmin=-975.47, Lmax=-709.63
14:44:05 [ultranest] [DEBUG] iteration=477, ncalls=1227, regioncalls=29840, ndraw=40, logz=-982.16, remainder_fraction=100.0000%, Lmin=-974.80, Lmax=-709.63
14:44:05 [ultranest] [DEBUG] iteration=479, ncalls=1230, regioncalls=29960, ndraw=40, logz=-980.55, remainder_fraction=100.0000%, Lmin=-970.46, Lmax=-709.63
14:44:05 [ultranest] [DEBUG] iteration=480, ncalls=1239, regioncalls=30320, ndraw=40, logz=-977.58, remainder_fraction=100.0000%, Lmin=-969.11, Lmax=-709.63
14:44:05 [ultranest] [DEBUG] iteration=482, ncalls=1243, regioncalls=30480, ndraw=40, logz=-975.01, remainder_fraction=100.0000%, Lmin=-968.16, Lmax=-707.45
14:44:05 [ultranest] [DEBUG] iteration=484, ncalls=1248, regioncalls=30680, ndraw=40, logz=-974.10, remainder_fraction=100.0000%, Lmin=-968.04, Lmax=-707.45
14:44:06 [ultranest] [DEBUG] iteration=486, ncalls=1251, regioncalls=30800, ndraw=40, logz=-973.53, remainder_fraction=100.0000%, Lmin=-966.70, Lmax=-707.45
14:44:06 [ultranest] [DEBUG] iteration=487, ncalls=1255, regioncalls=30960, ndraw=40, logz=-973.00, remainder_fraction=100.0000%, Lmin=-966.56, Lmax=-707.45
14:44:06 [ultranest] [DEBUG] iteration=488, ncalls=1257, regioncalls=31040, ndraw=40, logz=-972.61, remainder_fraction=100.0000%, Lmin=-965.81, Lmax=-707.45
14:44:06 [ultranest] [DEBUG] iteration=489, ncalls=1260, regioncalls=31160, ndraw=40, logz=-972.10, remainder_fraction=100.0000%, Lmin=-964.11, Lmax=-707.45
14:44:06 [ultranest] [DEBUG] iteration=490, ncalls=1265, regioncalls=31360, ndraw=40, logz=-970.93, remainder_fraction=100.0000%, Lmin=-963.76, Lmax=-707.45
14:44:07 [ultranest] [DEBUG] iteration=492, ncalls=1278, regioncalls=31880, ndraw=40, logz=-969.76, remainder_fraction=100.0000%, Lmin=-963.15, Lmax=-707.45
14:44:07 [ultranest] [DEBUG] iteration=494, ncalls=1280, regioncalls=31960, ndraw=40, logz=-968.77, remainder_fraction=100.0000%, Lmin=-962.01, Lmax=-707.45
14:44:07 [ultranest] [DEBUG] iteration=495, ncalls=1287, regioncalls=32240, ndraw=40, logz=-968.28, remainder_fraction=100.0000%, Lmin=-961.73, Lmax=-707.45
14:44:07 [ultranest] [DEBUG] iteration=496, ncalls=1294, regioncalls=32520, ndraw=40, logz=-967.86, remainder_fraction=100.0000%, Lmin=-960.75, Lmax=-707.45
14:44:08 [ultranest] [DEBUG] iteration=497, ncalls=1297, regioncalls=32640, ndraw=40, logz=-967.22, remainder_fraction=100.0000%, Lmin=-959.39, Lmax=-707.45
14:44:08 [ultranest] [DEBUG] iteration=498, ncalls=1299, regioncalls=32720, ndraw=40, logz=-966.17, remainder_fraction=100.0000%, Lmin=-956.49, Lmax=-707.45
14:44:08 [ultranest] [DEBUG] iteration=500, ncalls=1302, regioncalls=32840, ndraw=40, logz=-962.48, remainder_fraction=100.0000%, Lmin=-955.53, Lmax=-707.45
14:44:08 [ultranest] [DEBUG] iteration=501, ncalls=1304, regioncalls=32920, ndraw=40, logz=-961.91, remainder_fraction=100.0000%, Lmin=-954.78, Lmax=-707.45
14:44:08 [ultranest] [DEBUG] iteration=503, ncalls=1308, regioncalls=33080, ndraw=40, logz=-960.83, remainder_fraction=100.0000%, Lmin=-953.17, Lmax=-707.45
14:44:08 [ultranest] [DEBUG] iteration=505, ncalls=1314, regioncalls=33320, ndraw=40, logz=-959.17, remainder_fraction=100.0000%, Lmin=-952.28, Lmax=-707.45
14:44:08 [ultranest] [DEBUG] iteration=507, ncalls=1316, regioncalls=33400, ndraw=40, logz=-958.02, remainder_fraction=100.0000%, Lmin=-951.27, Lmax=-707.45
14:44:09 [ultranest] [DEBUG] iteration=509, ncalls=1318, regioncalls=33480, ndraw=40, logz=-957.15, remainder_fraction=100.0000%, Lmin=-948.34, Lmax=-707.45
14:44:09 [ultranest] [DEBUG] iteration=511, ncalls=1322, regioncalls=33640, ndraw=40, logz=-954.76, remainder_fraction=100.0000%, Lmin=-946.14, Lmax=-707.45
14:44:09 [ultranest] [DEBUG] iteration=513, ncalls=1326, regioncalls=33800, ndraw=40, logz=-950.89, remainder_fraction=100.0000%, Lmin=-943.48, Lmax=-707.45
14:44:09 [ultranest] [DEBUG] iteration=515, ncalls=1328, regioncalls=33880, ndraw=40, logz=-949.67, remainder_fraction=100.0000%, Lmin=-943.28, Lmax=-707.45
14:44:09 [ultranest] [DEBUG] iteration=518, ncalls=1335, regioncalls=34160, ndraw=40, logz=-948.80, remainder_fraction=100.0000%, Lmin=-942.26, Lmax=-707.45
14:44:09 [ultranest] [DEBUG] iteration=519, ncalls=1341, regioncalls=34400, ndraw=40, logz=-948.41, remainder_fraction=100.0000%, Lmin=-942.24, Lmax=-707.45
14:44:10 [ultranest] [DEBUG] iteration=520, ncalls=1344, regioncalls=34520, ndraw=40, logz=-948.12, remainder_fraction=100.0000%, Lmin=-940.48, Lmax=-707.45
14:44:10 [ultranest] [DEBUG] iteration=521, ncalls=1346, regioncalls=34600, ndraw=40, logz=-947.23, remainder_fraction=100.0000%, Lmin=-940.03, Lmax=-707.45
14:44:10 [ultranest] [DEBUG] iteration=524, ncalls=1358, regioncalls=35080, ndraw=40, logz=-945.49, remainder_fraction=100.0000%, Lmin=-938.42, Lmax=-707.45
14:44:10 [ultranest] [DEBUG] iteration=527, ncalls=1363, regioncalls=35280, ndraw=40, logz=-943.99, remainder_fraction=100.0000%, Lmin=-936.47, Lmax=-707.45
14:44:10 [ultranest] [DEBUG] iteration=528, ncalls=1366, regioncalls=35400, ndraw=40, logz=-943.18, remainder_fraction=100.0000%, Lmin=-936.38, Lmax=-707.45
14:44:11 [ultranest] [DEBUG] iteration=529, ncalls=1371, regioncalls=35600, ndraw=40, logz=-942.70, remainder_fraction=100.0000%, Lmin=-936.16, Lmax=-707.45
14:44:11 [ultranest] [DEBUG] iteration=530, ncalls=1373, regioncalls=35680, ndraw=40, logz=-942.32, remainder_fraction=100.0000%, Lmin=-936.09, Lmax=-707.45
14:44:11 [ultranest] [DEBUG] iteration=531, ncalls=1376, regioncalls=35800, ndraw=40, logz=-942.02, remainder_fraction=100.0000%, Lmin=-935.93, Lmax=-707.45
14:44:11 [ultranest] [DEBUG] iteration=532, ncalls=1385, regioncalls=36160, ndraw=40, logz=-941.76, remainder_fraction=100.0000%, Lmin=-935.41, Lmax=-707.45
14:44:11 [ultranest] [DEBUG] iteration=534, ncalls=1390, regioncalls=36360, ndraw=40, logz=-941.16, remainder_fraction=100.0000%, Lmin=-933.37, Lmax=-707.45
14:44:12 [ultranest] [DEBUG] iteration=536, ncalls=1394, regioncalls=36520, ndraw=40, logz=-939.47, remainder_fraction=100.0000%, Lmin=-932.53, Lmax=-707.45
14:44:12 [ultranest] [DEBUG] iteration=537, ncalls=1397, regioncalls=36640, ndraw=40, logz=-938.95, remainder_fraction=100.0000%, Lmin=-932.29, Lmax=-707.45
14:44:12 [ultranest] [DEBUG] iteration=538, ncalls=1399, regioncalls=36720, ndraw=40, logz=-938.53, remainder_fraction=100.0000%, Lmin=-932.17, Lmax=-707.45
14:44:12 [ultranest] [DEBUG] iteration=539, ncalls=1402, regioncalls=36840, ndraw=40, logz=-938.21, remainder_fraction=100.0000%, Lmin=-932.02, Lmax=-707.45
14:44:12 [ultranest] [DEBUG] iteration=540, ncalls=1404, regioncalls=36920, ndraw=40, logz=-937.93, remainder_fraction=100.0000%, Lmin=-932.02, Lmax=-707.45
14:44:12 [ultranest] [DEBUG] iteration=541, ncalls=1407, regioncalls=37040, ndraw=40, logz=-937.71, remainder_fraction=100.0000%, Lmin=-931.40, Lmax=-707.45
14:44:12 [ultranest] [DEBUG] iteration=542, ncalls=1409, regioncalls=37120, ndraw=40, logz=-937.40, remainder_fraction=100.0000%, Lmin=-931.08, Lmax=-707.45
14:44:13 [ultranest] [DEBUG] iteration=544, ncalls=1413, regioncalls=37280, ndraw=40, logz=-936.80, remainder_fraction=100.0000%, Lmin=-929.71, Lmax=-707.45
14:44:13 [ultranest] [DEBUG] iteration=545, ncalls=1415, regioncalls=37360, ndraw=40, logz=-936.23, remainder_fraction=100.0000%, Lmin=-927.86, Lmax=-707.45
14:44:13 [ultranest] [DEBUG] iteration=546, ncalls=1424, regioncalls=37720, ndraw=40, logz=-934.89, remainder_fraction=100.0000%, Lmin=-925.96, Lmax=-707.45
14:44:13 [ultranest] [DEBUG] iteration=547, ncalls=1429, regioncalls=37920, ndraw=40, logz=-933.11, remainder_fraction=100.0000%, Lmin=-925.30, Lmax=-707.45
14:44:14 [ultranest] [DEBUG] iteration=548, ncalls=1433, regioncalls=38080, ndraw=40, logz=-932.16, remainder_fraction=100.0000%, Lmin=-922.92, Lmax=-707.45
14:44:14 [ultranest] [DEBUG] iteration=550, ncalls=1435, regioncalls=38160, ndraw=40, logz=-929.31, remainder_fraction=100.0000%, Lmin=-921.21, Lmax=-707.45
14:44:14 [ultranest] [DEBUG] iteration=551, ncalls=1437, regioncalls=38240, ndraw=40, logz=-928.17, remainder_fraction=100.0000%, Lmin=-920.05, Lmax=-707.45
14:44:14 [ultranest] [DEBUG] iteration=553, ncalls=1439, regioncalls=38320, ndraw=40, logz=-926.47, remainder_fraction=100.0000%, Lmin=-918.78, Lmax=-707.45
14:44:14 [ultranest] [DEBUG] iteration=554, ncalls=1441, regioncalls=38400, ndraw=40, logz=-925.60, remainder_fraction=100.0000%, Lmin=-918.32, Lmax=-707.45
14:44:14 [ultranest] [DEBUG] iteration=555, ncalls=1443, regioncalls=38480, ndraw=40, logz=-924.94, remainder_fraction=100.0000%, Lmin=-916.59, Lmax=-707.45
14:44:14 [ultranest] [DEBUG] iteration=556, ncalls=1446, regioncalls=38600, ndraw=40, logz=-923.64, remainder_fraction=100.0000%, Lmin=-915.74, Lmax=-707.45
14:44:14 [ultranest] [DEBUG] iteration=558, ncalls=1452, regioncalls=38840, ndraw=40, logz=-921.67, remainder_fraction=100.0000%, Lmin=-913.93, Lmax=-707.45
14:44:15 [ultranest] [DEBUG] iteration=560, ncalls=1455, regioncalls=38960, ndraw=40, logz=-920.23, remainder_fraction=100.0000%, Lmin=-913.02, Lmax=-707.45
14:44:15 [ultranest] [DEBUG] iteration=561, ncalls=1460, regioncalls=39160, ndraw=40, logz=-919.62, remainder_fraction=100.0000%, Lmin=-912.79, Lmax=-707.45
14:44:15 [ultranest] [DEBUG] iteration=562, ncalls=1465, regioncalls=39360, ndraw=40, logz=-919.16, remainder_fraction=100.0000%, Lmin=-911.32, Lmax=-707.45
14:44:15 [ultranest] [DEBUG] iteration=564, ncalls=1468, regioncalls=39480, ndraw=40, logz=-917.44, remainder_fraction=100.0000%, Lmin=-909.39, Lmax=-707.45
14:44:15 [ultranest] [DEBUG] iteration=566, ncalls=1473, regioncalls=39680, ndraw=40, logz=-914.94, remainder_fraction=100.0000%, Lmin=-906.78, Lmax=-707.45
14:44:16 [ultranest] [DEBUG] iteration=568, ncalls=1481, regioncalls=40000, ndraw=40, logz=-913.15, remainder_fraction=100.0000%, Lmin=-906.33, Lmax=-707.45
14:44:16 [ultranest] [DEBUG] iteration=569, ncalls=1483, regioncalls=40080, ndraw=40, logz=-912.70, remainder_fraction=100.0000%, Lmin=-905.61, Lmax=-707.45
14:44:16 [ultranest] [DEBUG] iteration=571, ncalls=1486, regioncalls=40200, ndraw=40, logz=-911.47, remainder_fraction=100.0000%, Lmin=-904.40, Lmax=-707.45
14:44:16 [ultranest] [DEBUG] iteration=573, ncalls=1491, regioncalls=40400, ndraw=40, logz=-910.10, remainder_fraction=100.0000%, Lmin=-902.03, Lmax=-707.45
14:44:16 [ultranest] [DEBUG] iteration=574, ncalls=1493, regioncalls=40480, ndraw=40, logz=-909.02, remainder_fraction=100.0000%, Lmin=-901.94, Lmax=-707.45
14:44:16 [ultranest] [DEBUG] iteration=575, ncalls=1495, regioncalls=40560, ndraw=40, logz=-908.48, remainder_fraction=100.0000%, Lmin=-901.20, Lmax=-707.45
14:44:17 [ultranest] [DEBUG] iteration=576, ncalls=1501, regioncalls=40800, ndraw=40, logz=-907.85, remainder_fraction=100.0000%, Lmin=-901.04, Lmax=-707.45
14:44:17 [ultranest] [DEBUG] iteration=578, ncalls=1505, regioncalls=40960, ndraw=40, logz=-906.74, remainder_fraction=100.0000%, Lmin=-899.62, Lmax=-707.45
14:44:17 [ultranest] [DEBUG] iteration=579, ncalls=1508, regioncalls=41080, ndraw=40, logz=-906.19, remainder_fraction=100.0000%, Lmin=-898.37, Lmax=-707.45
14:44:17 [ultranest] [DEBUG] iteration=581, ncalls=1512, regioncalls=41240, ndraw=40, logz=-904.81, remainder_fraction=100.0000%, Lmin=-898.14, Lmax=-707.45
14:44:17 [ultranest] [DEBUG] iteration=582, ncalls=1517, regioncalls=41440, ndraw=40, logz=-904.42, remainder_fraction=100.0000%, Lmin=-897.26, Lmax=-707.45
14:44:18 [ultranest] [DEBUG] iteration=583, ncalls=1531, regioncalls=42000, ndraw=40, logz=-903.85, remainder_fraction=100.0000%, Lmin=-896.92, Lmax=-707.45
14:44:18 [ultranest] [DEBUG] iteration=585, ncalls=1536, regioncalls=42200, ndraw=40, logz=-903.04, remainder_fraction=100.0000%, Lmin=-896.73, Lmax=-707.45
14:44:18 [ultranest] [DEBUG] iteration=586, ncalls=1539, regioncalls=42320, ndraw=40, logz=-902.76, remainder_fraction=100.0000%, Lmin=-896.15, Lmax=-707.45
14:44:19 [ultranest] [DEBUG] iteration=587, ncalls=1543, regioncalls=42480, ndraw=40, logz=-902.40, remainder_fraction=100.0000%, Lmin=-895.74, Lmax=-707.45
14:44:19 [ultranest] [DEBUG] iteration=589, ncalls=1548, regioncalls=42680, ndraw=40, logz=-901.58, remainder_fraction=100.0000%, Lmin=-893.88, Lmax=-707.45
14:44:19 [ultranest] [DEBUG] iteration=590, ncalls=1551, regioncalls=42800, ndraw=40, logz=-900.75, remainder_fraction=100.0000%, Lmin=-892.89, Lmax=-707.45
14:44:19 [ultranest] [DEBUG] iteration=591, ncalls=1560, regioncalls=43160, ndraw=40, logz=-899.83, remainder_fraction=100.0000%, Lmin=-892.73, Lmax=-707.45
14:44:20 [ultranest] [DEBUG] iteration=592, ncalls=1571, regioncalls=43600, ndraw=40, logz=-899.30, remainder_fraction=100.0000%, Lmin=-892.23, Lmax=-707.45
14:44:20 [ultranest] [DEBUG] iteration=593, ncalls=1582, regioncalls=44040, ndraw=40, logz=-898.78, remainder_fraction=100.0000%, Lmin=-891.99, Lmax=-707.45
14:44:21 [ultranest] [DEBUG] iteration=596, ncalls=1588, regioncalls=44280, ndraw=40, logz=-897.81, remainder_fraction=100.0000%, Lmin=-891.29, Lmax=-707.45
14:44:21 [ultranest] [DEBUG] iteration=597, ncalls=1590, regioncalls=44360, ndraw=40, logz=-897.48, remainder_fraction=100.0000%, Lmin=-890.83, Lmax=-707.45
14:44:21 [ultranest] [DEBUG] iteration=598, ncalls=1592, regioncalls=44440, ndraw=40, logz=-897.11, remainder_fraction=100.0000%, Lmin=-890.21, Lmax=-707.45
14:44:21 [ultranest] [DEBUG] iteration=599, ncalls=1595, regioncalls=44560, ndraw=40, logz=-896.66, remainder_fraction=100.0000%, Lmin=-888.72, Lmax=-707.45
14:44:21 [ultranest] [DEBUG] iteration=601, ncalls=1609, regioncalls=45120, ndraw=40, logz=-894.97, remainder_fraction=100.0000%, Lmin=-887.08, Lmax=-707.45
14:44:22 [ultranest] [DEBUG] iteration=602, ncalls=1612, regioncalls=45240, ndraw=40, logz=-894.05, remainder_fraction=100.0000%, Lmin=-886.78, Lmax=-707.45
14:44:22 [ultranest] [DEBUG] iteration=605, ncalls=1618, regioncalls=45480, ndraw=40, logz=-892.73, remainder_fraction=100.0000%, Lmin=-885.10, Lmax=-707.45
14:44:22 [ultranest] [DEBUG] iteration=606, ncalls=1622, regioncalls=45640, ndraw=40, logz=-891.96, remainder_fraction=100.0000%, Lmin=-885.08, Lmax=-707.45
14:44:22 [ultranest] [DEBUG] iteration=608, ncalls=1629, regioncalls=45920, ndraw=40, logz=-891.18, remainder_fraction=100.0000%, Lmin=-884.22, Lmax=-707.45
14:44:22 [ultranest] [DEBUG] iteration=609, ncalls=1635, regioncalls=46160, ndraw=40, logz=-890.72, remainder_fraction=100.0000%, Lmin=-884.02, Lmax=-707.45
14:44:23 [ultranest] [DEBUG] iteration=611, ncalls=1638, regioncalls=46280, ndraw=40, logz=-890.00, remainder_fraction=100.0000%, Lmin=-883.20, Lmax=-707.45
14:44:23 [ultranest] [DEBUG] iteration=613, ncalls=1640, regioncalls=46360, ndraw=40, logz=-889.02, remainder_fraction=100.0000%, Lmin=-881.76, Lmax=-707.45
14:44:23 [ultranest] [DEBUG] iteration=614, ncalls=1643, regioncalls=46480, ndraw=40, logz=-888.44, remainder_fraction=100.0000%, Lmin=-881.65, Lmax=-707.45
14:44:23 [ultranest] [DEBUG] iteration=615, ncalls=1646, regioncalls=46600, ndraw=40, logz=-888.05, remainder_fraction=100.0000%, Lmin=-881.32, Lmax=-707.45
14:44:23 [ultranest] [DEBUG] iteration=616, ncalls=1654, regioncalls=46920, ndraw=40, logz=-887.67, remainder_fraction=100.0000%, Lmin=-881.21, Lmax=-707.18
14:44:23 [ultranest] [DEBUG] iteration=617, ncalls=1659, regioncalls=47120, ndraw=40, logz=-887.37, remainder_fraction=100.0000%, Lmin=-881.00, Lmax=-707.18
14:44:23 [ultranest] [DEBUG] iteration=618, ncalls=1662, regioncalls=47240, ndraw=40, logz=-887.09, remainder_fraction=100.0000%, Lmin=-880.84, Lmax=-707.18
14:44:24 [ultranest] [DEBUG] iteration=620, ncalls=1665, regioncalls=47360, ndraw=40, logz=-886.64, remainder_fraction=100.0000%, Lmin=-880.40, Lmax=-707.18
14:44:24 [ultranest] [DEBUG] iteration=621, ncalls=1668, regioncalls=47480, ndraw=40, logz=-886.40, remainder_fraction=100.0000%, Lmin=-878.95, Lmax=-707.18
14:44:24 [ultranest] [DEBUG] iteration=623, ncalls=1675, regioncalls=47760, ndraw=40, logz=-885.32, remainder_fraction=100.0000%, Lmin=-877.77, Lmax=-707.18
14:44:24 [ultranest] [DEBUG] iteration=624, ncalls=1682, regioncalls=48040, ndraw=40, logz=-884.62, remainder_fraction=100.0000%, Lmin=-877.55, Lmax=-707.18
14:44:25 [ultranest] [DEBUG] iteration=627, ncalls=1690, regioncalls=48360, ndraw=40, logz=-883.32, remainder_fraction=100.0000%, Lmin=-875.63, Lmax=-707.18
14:44:25 [ultranest] [DEBUG] iteration=629, ncalls=1694, regioncalls=48520, ndraw=40, logz=-882.10, remainder_fraction=100.0000%, Lmin=-875.15, Lmax=-707.18
14:44:25 [ultranest] [DEBUG] iteration=630, ncalls=1699, regioncalls=48720, ndraw=40, logz=-881.66, remainder_fraction=100.0000%, Lmin=-875.03, Lmax=-707.18
14:44:25 [ultranest] [DEBUG] iteration=632, ncalls=1704, regioncalls=48920, ndraw=40, logz=-881.04, remainder_fraction=100.0000%, Lmin=-874.42, Lmax=-707.18
14:44:26 [ultranest] [DEBUG] iteration=634, ncalls=1711, regioncalls=49200, ndraw=40, logz=-880.45, remainder_fraction=100.0000%, Lmin=-874.13, Lmax=-707.18
14:44:26 [ultranest] [DEBUG] iteration=635, ncalls=1715, regioncalls=49360, ndraw=40, logz=-880.20, remainder_fraction=100.0000%, Lmin=-874.13, Lmax=-707.18
14:44:26 [ultranest] [DEBUG] iteration=636, ncalls=1718, regioncalls=49480, ndraw=40, logz=-879.99, remainder_fraction=100.0000%, Lmin=-873.80, Lmax=-707.18
14:44:26 [ultranest] [DEBUG] iteration=638, ncalls=1720, regioncalls=49560, ndraw=40, logz=-879.51, remainder_fraction=100.0000%, Lmin=-872.27, Lmax=-707.18
14:44:26 [ultranest] [DEBUG] iteration=639, ncalls=1731, regioncalls=50000, ndraw=40, logz=-878.97, remainder_fraction=100.0000%, Lmin=-872.01, Lmax=-707.18
14:44:27 [ultranest] [DEBUG] iteration=640, ncalls=1735, regioncalls=50160, ndraw=40, logz=-878.54, remainder_fraction=100.0000%, Lmin=-871.47, Lmax=-707.18
14:44:27 [ultranest] [DEBUG] iteration=641, ncalls=1740, regioncalls=50360, ndraw=40, logz=-878.07, remainder_fraction=100.0000%, Lmin=-870.93, Lmax=-707.18
14:44:27 [ultranest] [DEBUG] iteration=643, ncalls=1753, regioncalls=50880, ndraw=40, logz=-877.17, remainder_fraction=100.0000%, Lmin=-870.52, Lmax=-707.18
14:44:28 [ultranest] [DEBUG] iteration=644, ncalls=1761, regioncalls=51200, ndraw=40, logz=-876.84, remainder_fraction=100.0000%, Lmin=-869.82, Lmax=-707.18
14:44:28 [ultranest] [DEBUG] iteration=645, ncalls=1767, regioncalls=51440, ndraw=40, logz=-876.39, remainder_fraction=100.0000%, Lmin=-869.66, Lmax=-707.18
14:44:28 [ultranest] [DEBUG] iteration=647, ncalls=1773, regioncalls=51680, ndraw=40, logz=-875.66, remainder_fraction=100.0000%, Lmin=-869.05, Lmax=-707.18
14:44:29 [ultranest] [DEBUG] iteration=648, ncalls=1787, regioncalls=52240, ndraw=40, logz=-875.34, remainder_fraction=100.0000%, Lmin=-868.34, Lmax=-707.18
14:44:29 [ultranest] [DEBUG] iteration=650, ncalls=1794, regioncalls=52520, ndraw=40, logz=-874.56, remainder_fraction=100.0000%, Lmin=-868.03, Lmax=-707.18
14:44:29 [ultranest] [DEBUG] iteration=652, ncalls=1798, regioncalls=52680, ndraw=40, logz=-873.85, remainder_fraction=100.0000%, Lmin=-867.08, Lmax=-707.18
14:44:29 [ultranest] [DEBUG] iteration=654, ncalls=1801, regioncalls=52800, ndraw=40, logz=-873.22, remainder_fraction=100.0000%, Lmin=-866.98, Lmax=-707.18
14:44:30 [ultranest] [DEBUG] iteration=655, ncalls=1807, regioncalls=53040, ndraw=40, logz=-873.00, remainder_fraction=100.0000%, Lmin=-866.94, Lmax=-707.18
14:44:30 [ultranest] [DEBUG] iteration=656, ncalls=1815, regioncalls=53360, ndraw=40, logz=-872.80, remainder_fraction=100.0000%, Lmin=-865.44, Lmax=-707.18
14:44:30 [ultranest] [DEBUG] iteration=657, ncalls=1821, regioncalls=53600, ndraw=40, logz=-872.23, remainder_fraction=100.0000%, Lmin=-864.89, Lmax=-707.18
14:44:30 [ultranest] [DEBUG] iteration=658, ncalls=1825, regioncalls=53760, ndraw=40, logz=-871.66, remainder_fraction=100.0000%, Lmin=-864.35, Lmax=-707.18
14:44:31 [ultranest] [DEBUG] iteration=659, ncalls=1828, regioncalls=53880, ndraw=40, logz=-871.11, remainder_fraction=100.0000%, Lmin=-864.31, Lmax=-707.18
14:44:31 [ultranest] [DEBUG] iteration=660, ncalls=1841, regioncalls=54400, ndraw=40, logz=-870.75, remainder_fraction=100.0000%, Lmin=-864.18, Lmax=-707.18
14:44:31 [ultranest] [DEBUG] iteration=662, ncalls=1845, regioncalls=54560, ndraw=40, logz=-870.02, remainder_fraction=100.0000%, Lmin=-862.51, Lmax=-707.18
14:44:31 [ultranest] [DEBUG] iteration=663, ncalls=1847, regioncalls=54640, ndraw=40, logz=-869.38, remainder_fraction=100.0000%, Lmin=-862.36, Lmax=-707.18
14:44:32 [ultranest] [DEBUG] iteration=664, ncalls=1853, regioncalls=54880, ndraw=40, logz=-868.95, remainder_fraction=100.0000%, Lmin=-861.64, Lmax=-707.18
14:44:32 [ultranest] [DEBUG] iteration=666, ncalls=1859, regioncalls=55120, ndraw=40, logz=-867.99, remainder_fraction=100.0000%, Lmin=-861.29, Lmax=-707.18
14:44:32 [ultranest] [DEBUG] iteration=668, ncalls=1862, regioncalls=55240, ndraw=40, logz=-867.30, remainder_fraction=100.0000%, Lmin=-860.06, Lmax=-707.18
14:44:32 [ultranest] [DEBUG] iteration=669, ncalls=1866, regioncalls=55400, ndraw=40, logz=-866.79, remainder_fraction=100.0000%, Lmin=-860.06, Lmax=-707.18
14:44:32 [ultranest] [DEBUG] iteration=671, ncalls=1869, regioncalls=55520, ndraw=40, logz=-866.19, remainder_fraction=100.0000%, Lmin=-859.82, Lmax=-707.18
14:44:33 [ultranest] [DEBUG] iteration=672, ncalls=1882, regioncalls=56040, ndraw=40, logz=-865.95, remainder_fraction=100.0000%, Lmin=-859.56, Lmax=-707.18
14:44:33 [ultranest] [DEBUG] iteration=673, ncalls=1892, regioncalls=56440, ndraw=40, logz=-865.70, remainder_fraction=100.0000%, Lmin=-859.42, Lmax=-707.18
14:44:33 [ultranest] [DEBUG] iteration=674, ncalls=1897, regioncalls=56640, ndraw=40, logz=-865.47, remainder_fraction=100.0000%, Lmin=-858.10, Lmax=-707.18
14:44:34 [ultranest] [DEBUG] iteration=675, ncalls=1905, regioncalls=56960, ndraw=40, logz=-864.92, remainder_fraction=100.0000%, Lmin=-858.07, Lmax=-707.18
14:44:34 [ultranest] [DEBUG] iteration=677, ncalls=1910, regioncalls=57160, ndraw=40, logz=-864.12, remainder_fraction=100.0000%, Lmin=-857.03, Lmax=-707.18
14:44:34 [ultranest] [DEBUG] iteration=678, ncalls=1912, regioncalls=57240, ndraw=40, logz=-863.67, remainder_fraction=100.0000%, Lmin=-857.02, Lmax=-707.18
14:44:34 [ultranest] [DEBUG] iteration=679, ncalls=1916, regioncalls=57400, ndraw=40, logz=-863.36, remainder_fraction=100.0000%, Lmin=-856.08, Lmax=-707.18
14:44:35 [ultranest] [DEBUG] iteration=680, ncalls=1927, regioncalls=57840, ndraw=40, logz=-862.85, remainder_fraction=100.0000%, Lmin=-855.64, Lmax=-707.18
14:44:35 [ultranest] [DEBUG] iteration=681, ncalls=1930, regioncalls=57960, ndraw=40, logz=-862.36, remainder_fraction=100.0000%, Lmin=-855.50, Lmax=-707.18
14:44:35 [ultranest] [DEBUG] iteration=682, ncalls=1932, regioncalls=58040, ndraw=40, logz=-861.99, remainder_fraction=100.0000%, Lmin=-855.39, Lmax=-707.18
14:44:35 [ultranest] [DEBUG] iteration=685, ncalls=1935, regioncalls=58160, ndraw=40, logz=-860.99, remainder_fraction=100.0000%, Lmin=-854.41, Lmax=-707.18
14:44:35 [ultranest] [DEBUG] iteration=687, ncalls=1938, regioncalls=58280, ndraw=40, logz=-860.28, remainder_fraction=100.0000%, Lmin=-853.37, Lmax=-707.18
14:44:35 [ultranest] [DEBUG] iteration=688, ncalls=1942, regioncalls=58440, ndraw=40, logz=-859.90, remainder_fraction=100.0000%, Lmin=-853.11, Lmax=-707.18
14:44:36 [ultranest] [DEBUG] iteration=689, ncalls=1946, regioncalls=58600, ndraw=40, logz=-859.56, remainder_fraction=100.0000%, Lmin=-853.03, Lmax=-707.18
14:44:36 [ultranest] [DEBUG] iteration=691, ncalls=1949, regioncalls=58720, ndraw=40, logz=-859.05, remainder_fraction=100.0000%, Lmin=-852.75, Lmax=-707.18
14:44:36 [ultranest] [DEBUG] iteration=693, ncalls=1958, regioncalls=59080, ndraw=40, logz=-858.53, remainder_fraction=100.0000%, Lmin=-852.18, Lmax=-707.18
14:44:36 [ultranest] [DEBUG] iteration=694, ncalls=1962, regioncalls=59240, ndraw=40, logz=-858.30, remainder_fraction=100.0000%, Lmin=-852.04, Lmax=-707.18
14:44:37 [ultranest] [DEBUG] iteration=696, ncalls=1972, regioncalls=59640, ndraw=40, logz=-857.89, remainder_fraction=100.0000%, Lmin=-851.78, Lmax=-707.18
14:44:37 [ultranest] [DEBUG] iteration=697, ncalls=1987, regioncalls=60240, ndraw=40, logz=-857.71, remainder_fraction=100.0000%, Lmin=-851.43, Lmax=-707.18
14:44:38 [ultranest] [DEBUG] iteration=698, ncalls=1990, regioncalls=60360, ndraw=40, logz=-857.50, remainder_fraction=100.0000%, Lmin=-850.91, Lmax=-707.18
14:44:38 [ultranest] [DEBUG] iteration=699, ncalls=1993, regioncalls=60480, ndraw=40, logz=-857.22, remainder_fraction=100.0000%, Lmin=-849.96, Lmax=-707.18
14:44:38 [ultranest] [DEBUG] iteration=700, ncalls=1996, regioncalls=60600, ndraw=40, logz=-856.73, remainder_fraction=100.0000%, Lmin=-849.84, Lmax=-707.18
14:44:38 [ultranest] [DEBUG] iteration=701, ncalls=2000, regioncalls=60760, ndraw=40, logz=-856.37, remainder_fraction=100.0000%, Lmin=-849.66, Lmax=-707.18
14:44:38 [ultranest] [DEBUG] iteration=702, ncalls=2009, regioncalls=61120, ndraw=40, logz=-856.06, remainder_fraction=100.0000%, Lmin=-849.39, Lmax=-707.18
14:44:39 [ultranest] [DEBUG] iteration=704, ncalls=2018, regioncalls=61480, ndraw=40, logz=-855.40, remainder_fraction=100.0000%, Lmin=-848.86, Lmax=-707.18
14:44:39 [ultranest] [DEBUG] iteration=706, ncalls=2023, regioncalls=61680, ndraw=40, logz=-854.56, remainder_fraction=100.0000%, Lmin=-847.09, Lmax=-707.18
14:44:40 [ultranest] [DEBUG] iteration=707, ncalls=2036, regioncalls=62200, ndraw=40, logz=-853.99, remainder_fraction=100.0000%, Lmin=-846.91, Lmax=-707.18
14:44:40 [ultranest] [DEBUG] iteration=708, ncalls=2039, regioncalls=62320, ndraw=40, logz=-853.58, remainder_fraction=100.0000%, Lmin=-846.24, Lmax=-707.18
14:44:40 [ultranest] [DEBUG] iteration=709, ncalls=2042, regioncalls=62440, ndraw=40, logz=-853.07, remainder_fraction=100.0000%, Lmin=-845.68, Lmax=-707.18
14:44:40 [ultranest] [DEBUG] iteration=710, ncalls=2052, regioncalls=62840, ndraw=40, logz=-852.54, remainder_fraction=100.0000%, Lmin=-845.29, Lmax=-707.18
14:44:41 [ultranest] [DEBUG] iteration=711, ncalls=2057, regioncalls=63040, ndraw=40, logz=-852.07, remainder_fraction=100.0000%, Lmin=-845.07, Lmax=-707.18
14:44:41 [ultranest] [DEBUG] iteration=713, ncalls=2064, regioncalls=63320, ndraw=40, logz=-851.32, remainder_fraction=100.0000%, Lmin=-844.72, Lmax=-707.18
14:44:41 [ultranest] [DEBUG] iteration=715, ncalls=2071, regioncalls=63600, ndraw=40, logz=-850.82, remainder_fraction=100.0000%, Lmin=-844.53, Lmax=-707.18
14:44:41 [ultranest] [DEBUG] iteration=718, ncalls=2079, regioncalls=63920, ndraw=40, logz=-850.21, remainder_fraction=100.0000%, Lmin=-843.81, Lmax=-707.18
14:44:42 [ultranest] [DEBUG] iteration=719, ncalls=2090, regioncalls=64360, ndraw=40, logz=-849.98, remainder_fraction=100.0000%, Lmin=-843.68, Lmax=-707.18
14:44:42 [ultranest] [DEBUG] iteration=720, ncalls=2093, regioncalls=64480, ndraw=40, logz=-849.78, remainder_fraction=100.0000%, Lmin=-843.16, Lmax=-707.18
14:44:42 [ultranest] [DEBUG] iteration=721, ncalls=2098, regioncalls=64680, ndraw=40, logz=-849.50, remainder_fraction=100.0000%, Lmin=-843.14, Lmax=-707.18
14:44:42 [ultranest] [DEBUG] iteration=724, ncalls=2105, regioncalls=64960, ndraw=40, logz=-848.91, remainder_fraction=100.0000%, Lmin=-842.83, Lmax=-707.18
14:44:43 [ultranest] [DEBUG] iteration=725, ncalls=2109, regioncalls=65120, ndraw=40, logz=-848.74, remainder_fraction=100.0000%, Lmin=-842.77, Lmax=-707.18
14:44:43 [ultranest] [DEBUG] iteration=726, ncalls=2120, regioncalls=65560, ndraw=40, logz=-848.59, remainder_fraction=100.0000%, Lmin=-842.49, Lmax=-707.18
14:44:43 [ultranest] [DEBUG] iteration=727, ncalls=2124, regioncalls=65720, ndraw=40, logz=-848.42, remainder_fraction=100.0000%, Lmin=-842.24, Lmax=-707.18
14:44:44 [ultranest] [DEBUG] iteration=728, ncalls=2135, regioncalls=66160, ndraw=40, logz=-848.24, remainder_fraction=100.0000%, Lmin=-841.59, Lmax=-707.18
14:44:44 [ultranest] [DEBUG] iteration=730, ncalls=2139, regioncalls=66320, ndraw=40, logz=-847.73, remainder_fraction=100.0000%, Lmin=-841.35, Lmax=-707.18
14:44:44 [ultranest] [DEBUG] iteration=731, ncalls=2143, regioncalls=66480, ndraw=40, logz=-847.51, remainder_fraction=100.0000%, Lmin=-840.67, Lmax=-707.18
14:44:44 [ultranest] [DEBUG] iteration=732, ncalls=2150, regioncalls=66760, ndraw=40, logz=-847.19, remainder_fraction=100.0000%, Lmin=-840.61, Lmax=-707.18
14:44:45 [ultranest] [DEBUG] iteration=734, ncalls=2157, regioncalls=67040, ndraw=40, logz=-846.72, remainder_fraction=100.0000%, Lmin=-840.28, Lmax=-707.18
14:44:45 [ultranest] [DEBUG] iteration=735, ncalls=2167, regioncalls=67440, ndraw=40, logz=-846.50, remainder_fraction=100.0000%, Lmin=-840.24, Lmax=-707.18
14:44:45 [ultranest] [DEBUG] iteration=736, ncalls=2170, regioncalls=67560, ndraw=40, logz=-846.30, remainder_fraction=100.0000%, Lmin=-840.07, Lmax=-707.18
14:44:45 [ultranest] [DEBUG] iteration=737, ncalls=2175, regioncalls=67760, ndraw=40, logz=-846.12, remainder_fraction=100.0000%, Lmin=-839.36, Lmax=-707.18
14:44:46 [ultranest] [DEBUG] iteration=738, ncalls=2187, regioncalls=68240, ndraw=40, logz=-845.82, remainder_fraction=100.0000%, Lmin=-838.75, Lmax=-707.18
14:44:47 [ultranest] [DEBUG] iteration=739, ncalls=2202, regioncalls=68840, ndraw=40, logz=-845.43, remainder_fraction=100.0000%, Lmin=-838.59, Lmax=-707.18
14:44:47 [ultranest] [DEBUG] iteration=740, ncalls=2204, regioncalls=68920, ndraw=40, logz=-845.11, remainder_fraction=100.0000%, Lmin=-838.09, Lmax=-707.18
14:44:47 [ultranest] [DEBUG] iteration=742, ncalls=2207, regioncalls=69040, ndraw=40, logz=-844.47, remainder_fraction=100.0000%, Lmin=-838.03, Lmax=-707.18
14:44:47 [ultranest] [DEBUG] iteration=743, ncalls=2216, regioncalls=69400, ndraw=40, logz=-844.25, remainder_fraction=100.0000%, Lmin=-837.95, Lmax=-707.18
14:44:48 [ultranest] [DEBUG] iteration=744, ncalls=2223, regioncalls=69680, ndraw=40, logz=-844.05, remainder_fraction=100.0000%, Lmin=-837.50, Lmax=-707.18
14:44:48 [ultranest] [DEBUG] iteration=746, ncalls=2228, regioncalls=69880, ndraw=40, logz=-843.58, remainder_fraction=100.0000%, Lmin=-837.32, Lmax=-707.18
14:44:48 [ultranest] [DEBUG] iteration=748, ncalls=2233, regioncalls=70080, ndraw=40, logz=-843.16, remainder_fraction=100.0000%, Lmin=-836.89, Lmax=-707.18
14:44:48 [ultranest] [DEBUG] iteration=749, ncalls=2237, regioncalls=70240, ndraw=40, logz=-842.97, remainder_fraction=100.0000%, Lmin=-836.38, Lmax=-707.18
14:44:48 [ultranest] [DEBUG] iteration=751, ncalls=2239, regioncalls=70320, ndraw=40, logz=-842.51, remainder_fraction=100.0000%, Lmin=-835.83, Lmax=-707.18
14:44:49 [ultranest] [DEBUG] iteration=752, ncalls=2243, regioncalls=70480, ndraw=40, logz=-842.24, remainder_fraction=100.0000%, Lmin=-835.76, Lmax=-707.18
14:44:49 [ultranest] [DEBUG] iteration=753, ncalls=2246, regioncalls=70600, ndraw=40, logz=-842.02, remainder_fraction=100.0000%, Lmin=-835.56, Lmax=-707.18
14:44:49 [ultranest] [DEBUG] iteration=754, ncalls=2250, regioncalls=70760, ndraw=40, logz=-841.80, remainder_fraction=100.0000%, Lmin=-835.55, Lmax=-707.18
14:44:49 [ultranest] [DEBUG] iteration=755, ncalls=2254, regioncalls=70920, ndraw=40, logz=-841.61, remainder_fraction=100.0000%, Lmin=-835.01, Lmax=-707.18
14:44:50 [ultranest] [DEBUG] iteration=756, ncalls=2263, regioncalls=71280, ndraw=40, logz=-841.36, remainder_fraction=100.0000%, Lmin=-834.84, Lmax=-707.18
14:44:50 [ultranest] [DEBUG] iteration=757, ncalls=2268, regioncalls=71480, ndraw=40, logz=-841.13, remainder_fraction=100.0000%, Lmin=-834.70, Lmax=-707.18
14:44:50 [ultranest] [DEBUG] iteration=759, ncalls=2273, regioncalls=71680, ndraw=40, logz=-840.71, remainder_fraction=100.0000%, Lmin=-834.01, Lmax=-707.18
14:44:50 [ultranest] [DEBUG] iteration=760, ncalls=2277, regioncalls=71840, ndraw=40, logz=-840.44, remainder_fraction=100.0000%, Lmin=-833.95, Lmax=-707.18
14:44:50 [ultranest] [DEBUG] iteration=761, ncalls=2285, regioncalls=72160, ndraw=40, logz=-840.22, remainder_fraction=100.0000%, Lmin=-833.78, Lmax=-707.18
14:44:50 [ultranest] [DEBUG] iteration=762, ncalls=2288, regioncalls=72280, ndraw=40, logz=-840.00, remainder_fraction=100.0000%, Lmin=-832.57, Lmax=-707.18
14:44:51 [ultranest] [DEBUG] iteration=763, ncalls=2295, regioncalls=72560, ndraw=40, logz=-839.51, remainder_fraction=100.0000%, Lmin=-831.47, Lmax=-707.18
14:44:51 [ultranest] [DEBUG] iteration=765, ncalls=2309, regioncalls=73120, ndraw=40, logz=-838.28, remainder_fraction=100.0000%, Lmin=-831.19, Lmax=-707.18
14:44:52 [ultranest] [DEBUG] iteration=766, ncalls=2315, regioncalls=73360, ndraw=40, logz=-837.91, remainder_fraction=100.0000%, Lmin=-830.88, Lmax=-707.18
14:44:52 [ultranest] [DEBUG] iteration=768, ncalls=2320, regioncalls=73560, ndraw=40, logz=-837.26, remainder_fraction=100.0000%, Lmin=-830.59, Lmax=-707.18
14:44:52 [ultranest] [DEBUG] iteration=769, ncalls=2323, regioncalls=73680, ndraw=40, logz=-837.00, remainder_fraction=100.0000%, Lmin=-829.75, Lmax=-707.18
14:44:52 [ultranest] [DEBUG] iteration=770, ncalls=2325, regioncalls=73760, ndraw=40, logz=-836.58, remainder_fraction=100.0000%, Lmin=-829.53, Lmax=-707.18
14:44:52 [ultranest] [DEBUG] iteration=771, ncalls=2329, regioncalls=73920, ndraw=40, logz=-836.22, remainder_fraction=100.0000%, Lmin=-828.96, Lmax=-707.18
14:44:52 [ultranest] [DEBUG] iteration=772, ncalls=2335, regioncalls=74160, ndraw=40, logz=-835.80, remainder_fraction=100.0000%, Lmin=-828.90, Lmax=-707.18
14:44:53 [ultranest] [DEBUG] iteration=773, ncalls=2344, regioncalls=74520, ndraw=40, logz=-835.49, remainder_fraction=100.0000%, Lmin=-828.78, Lmax=-707.18
14:44:53 [ultranest] [DEBUG] iteration=775, ncalls=2351, regioncalls=74800, ndraw=40, logz=-834.98, remainder_fraction=100.0000%, Lmin=-827.86, Lmax=-707.18
14:44:53 [ultranest] [DEBUG] iteration=777, ncalls=2356, regioncalls=75000, ndraw=40, logz=-834.28, remainder_fraction=100.0000%, Lmin=-827.22, Lmax=-707.18
14:44:54 [ultranest] [DEBUG] iteration=778, ncalls=2369, regioncalls=75520, ndraw=40, logz=-833.93, remainder_fraction=100.0000%, Lmin=-827.17, Lmax=-707.18
14:44:54 [ultranest] [DEBUG] iteration=779, ncalls=2371, regioncalls=75600, ndraw=40, logz=-833.65, remainder_fraction=100.0000%, Lmin=-826.96, Lmax=-707.18
14:44:54 [ultranest] [DEBUG] iteration=780, ncalls=2380, regioncalls=75960, ndraw=40, logz=-833.40, remainder_fraction=100.0000%, Lmin=-826.69, Lmax=-707.18
14:44:56 [ultranest] [DEBUG] iteration=781, ncalls=2410, regioncalls=77160, ndraw=40, logz=-833.14, remainder_fraction=100.0000%, Lmin=-826.62, Lmax=-707.18
14:44:56 [ultranest] [DEBUG] iteration=783, ncalls=2415, regioncalls=77360, ndraw=40, logz=-832.73, remainder_fraction=100.0000%, Lmin=-826.42, Lmax=-707.18
14:44:56 [ultranest] [DEBUG] iteration=784, ncalls=2417, regioncalls=77440, ndraw=40, logz=-832.55, remainder_fraction=100.0000%, Lmin=-825.59, Lmax=-707.18
14:44:56 [ultranest] [DEBUG] iteration=787, ncalls=2422, regioncalls=77640, ndraw=40, logz=-831.64, remainder_fraction=100.0000%, Lmin=-824.26, Lmax=-707.18
14:44:56 [ultranest] [DEBUG] iteration=788, ncalls=2424, regioncalls=77720, ndraw=40, logz=-831.19, remainder_fraction=100.0000%, Lmin=-824.03, Lmax=-707.18
14:44:57 [ultranest] [DEBUG] iteration=789, ncalls=2435, regioncalls=78160, ndraw=40, logz=-830.81, remainder_fraction=100.0000%, Lmin=-823.92, Lmax=-707.18
14:44:57 [ultranest] [DEBUG] iteration=790, ncalls=2442, regioncalls=78440, ndraw=40, logz=-830.51, remainder_fraction=100.0000%, Lmin=-823.33, Lmax=-707.18
14:44:57 [ultranest] [DEBUG] iteration=792, ncalls=2447, regioncalls=78640, ndraw=40, logz=-829.83, remainder_fraction=100.0000%, Lmin=-822.97, Lmax=-707.18
14:44:57 [ultranest] [DEBUG] iteration=795, ncalls=2451, regioncalls=78800, ndraw=40, logz=-828.98, remainder_fraction=100.0000%, Lmin=-822.08, Lmax=-707.18
14:44:58 [ultranest] [DEBUG] iteration=796, ncalls=2454, regioncalls=78920, ndraw=40, logz=-828.68, remainder_fraction=100.0000%, Lmin=-821.80, Lmax=-707.18
14:44:58 [ultranest] [DEBUG] iteration=797, ncalls=2464, regioncalls=79320, ndraw=40, logz=-828.39, remainder_fraction=100.0000%, Lmin=-821.71, Lmax=-707.18
14:44:58 [ultranest] [DEBUG] iteration=798, ncalls=2472, regioncalls=79640, ndraw=40, logz=-828.15, remainder_fraction=100.0000%, Lmin=-821.69, Lmax=-707.18
14:44:59 [ultranest] [DEBUG] iteration=799, ncalls=2481, regioncalls=80000, ndraw=40, logz=-827.95, remainder_fraction=100.0000%, Lmin=-821.36, Lmax=-707.18
14:44:59 [ultranest] [DEBUG] iteration=800, ncalls=2486, regioncalls=80200, ndraw=40, logz=-827.72, remainder_fraction=100.0000%, Lmin=-820.97, Lmax=-707.18
14:44:59 [ultranest] [DEBUG] iteration=801, ncalls=2489, regioncalls=80320, ndraw=40, logz=-827.47, remainder_fraction=100.0000%, Lmin=-820.89, Lmax=-707.18
14:44:59 [ultranest] [DEBUG] iteration=802, ncalls=2491, regioncalls=80400, ndraw=40, logz=-827.25, remainder_fraction=100.0000%, Lmin=-820.85, Lmax=-707.18
14:45:00 [ultranest] [DEBUG] iteration=804, ncalls=2503, regioncalls=80880, ndraw=40, logz=-826.83, remainder_fraction=100.0000%, Lmin=-820.16, Lmax=-707.18
14:45:00 [ultranest] [DEBUG] iteration=806, ncalls=2509, regioncalls=81120, ndraw=40, logz=-826.40, remainder_fraction=100.0000%, Lmin=-820.12, Lmax=-707.18
14:45:00 [ultranest] [DEBUG] iteration=807, ncalls=2518, regioncalls=81480, ndraw=40, logz=-826.23, remainder_fraction=100.0000%, Lmin=-820.07, Lmax=-707.18
14:45:00 [ultranest] [DEBUG] iteration=808, ncalls=2524, regioncalls=81720, ndraw=40, logz=-826.08, remainder_fraction=100.0000%, Lmin=-819.71, Lmax=-707.18
14:45:01 [ultranest] [DEBUG] iteration=810, ncalls=2530, regioncalls=81960, ndraw=40, logz=-825.48, remainder_fraction=100.0000%, Lmin=-818.26, Lmax=-707.18
14:45:01 [ultranest] [DEBUG] iteration=812, ncalls=2533, regioncalls=82080, ndraw=40, logz=-824.83, remainder_fraction=100.0000%, Lmin=-818.03, Lmax=-707.18
14:45:01 [ultranest] [DEBUG] iteration=814, ncalls=2536, regioncalls=82200, ndraw=40, logz=-824.16, remainder_fraction=100.0000%, Lmin=-817.16, Lmax=-707.18
14:45:01 [ultranest] [DEBUG] iteration=815, ncalls=2538, regioncalls=82280, ndraw=40, logz=-823.85, remainder_fraction=100.0000%, Lmin=-816.79, Lmax=-707.18
14:45:01 [ultranest] [DEBUG] iteration=816, ncalls=2540, regioncalls=82360, ndraw=40, logz=-823.52, remainder_fraction=100.0000%, Lmin=-816.48, Lmax=-707.18
14:45:01 [ultranest] [DEBUG] iteration=817, ncalls=2547, regioncalls=82640, ndraw=40, logz=-823.20, remainder_fraction=100.0000%, Lmin=-816.01, Lmax=-707.18
14:45:02 [ultranest] [DEBUG] iteration=818, ncalls=2551, regioncalls=82800, ndraw=40, logz=-822.84, remainder_fraction=100.0000%, Lmin=-815.75, Lmax=-707.18
14:45:02 [ultranest] [DEBUG] iteration=819, ncalls=2559, regioncalls=83120, ndraw=40, logz=-822.51, remainder_fraction=100.0000%, Lmin=-815.31, Lmax=-707.18
14:45:02 [ultranest] [DEBUG] iteration=820, ncalls=2561, regioncalls=83200, ndraw=40, logz=-822.14, remainder_fraction=100.0000%, Lmin=-815.31, Lmax=-707.18
14:45:02 [ultranest] [DEBUG] iteration=821, ncalls=2572, regioncalls=83640, ndraw=40, logz=-821.88, remainder_fraction=100.0000%, Lmin=-814.82, Lmax=-707.18
14:45:03 [ultranest] [DEBUG] iteration=822, ncalls=2584, regioncalls=84120, ndraw=40, logz=-821.55, remainder_fraction=100.0000%, Lmin=-814.57, Lmax=-707.18
14:45:03 [ultranest] [DEBUG] iteration=823, ncalls=2593, regioncalls=84480, ndraw=40, logz=-821.25, remainder_fraction=100.0000%, Lmin=-814.42, Lmax=-707.18
14:45:04 [ultranest] [DEBUG] iteration=825, ncalls=2600, regioncalls=84760, ndraw=40, logz=-820.71, remainder_fraction=100.0000%, Lmin=-813.76, Lmax=-707.18
14:45:04 [ultranest] [DEBUG] iteration=826, ncalls=2607, regioncalls=85040, ndraw=40, logz=-820.42, remainder_fraction=100.0000%, Lmin=-813.69, Lmax=-707.18
14:45:04 [ultranest] [DEBUG] iteration=827, ncalls=2616, regioncalls=85400, ndraw=40, logz=-820.18, remainder_fraction=100.0000%, Lmin=-813.64, Lmax=-707.18
14:45:04 [ultranest] [DEBUG] iteration=829, ncalls=2620, regioncalls=85560, ndraw=40, logz=-819.80, remainder_fraction=100.0000%, Lmin=-813.31, Lmax=-707.18
14:45:05 [ultranest] [DEBUG] iteration=830, ncalls=2638, regioncalls=86280, ndraw=40, logz=-819.61, remainder_fraction=100.0000%, Lmin=-813.24, Lmax=-707.18
14:45:05 [ultranest] [DEBUG] iteration=831, ncalls=2644, regioncalls=86520, ndraw=40, logz=-819.44, remainder_fraction=100.0000%, Lmin=-813.11, Lmax=-707.18
14:45:06 [ultranest] [DEBUG] iteration=833, ncalls=2656, regioncalls=87000, ndraw=40, logz=-818.99, remainder_fraction=100.0000%, Lmin=-812.08, Lmax=-707.18
14:45:06 [ultranest] [DEBUG] iteration=835, ncalls=2666, regioncalls=87400, ndraw=40, logz=-818.49, remainder_fraction=100.0000%, Lmin=-811.54, Lmax=-707.18
14:45:07 [ultranest] [DEBUG] iteration=836, ncalls=2670, regioncalls=87560, ndraw=40, logz=-818.20, remainder_fraction=100.0000%, Lmin=-811.37, Lmax=-707.18
14:45:07 [ultranest] [DEBUG] iteration=837, ncalls=2674, regioncalls=87720, ndraw=40, logz=-817.95, remainder_fraction=100.0000%, Lmin=-811.36, Lmax=-707.18
14:45:07 [ultranest] [DEBUG] iteration=838, ncalls=2680, regioncalls=87960, ndraw=40, logz=-817.74, remainder_fraction=100.0000%, Lmin=-811.15, Lmax=-707.18
14:45:07 [ultranest] [DEBUG] iteration=839, ncalls=2682, regioncalls=88040, ndraw=40, logz=-817.53, remainder_fraction=100.0000%, Lmin=-811.09, Lmax=-707.18
14:45:08 [ultranest] [DEBUG] iteration=840, ncalls=2687, regioncalls=88240, ndraw=40, logz=-817.36, remainder_fraction=100.0000%, Lmin=-811.02, Lmax=-707.18
14:45:08 [ultranest] [DEBUG] iteration=841, ncalls=2700, regioncalls=88760, ndraw=40, logz=-817.19, remainder_fraction=100.0000%, Lmin=-810.81, Lmax=-707.18
14:45:08 [ultranest] [DEBUG] iteration=842, ncalls=2709, regioncalls=89120, ndraw=40, logz=-817.03, remainder_fraction=100.0000%, Lmin=-810.69, Lmax=-707.18
14:45:09 [ultranest] [DEBUG] iteration=844, ncalls=2714, regioncalls=89320, ndraw=40, logz=-816.72, remainder_fraction=100.0000%, Lmin=-810.61, Lmax=-707.18
14:45:09 [ultranest] [DEBUG] iteration=845, ncalls=2722, regioncalls=89640, ndraw=40, logz=-816.59, remainder_fraction=100.0000%, Lmin=-810.32, Lmax=-707.18
14:45:09 [ultranest] [DEBUG] iteration=846, ncalls=2726, regioncalls=89800, ndraw=40, logz=-816.44, remainder_fraction=100.0000%, Lmin=-810.06, Lmax=-707.18
14:45:10 [ultranest] [DEBUG] iteration=848, ncalls=2738, regioncalls=90280, ndraw=40, logz=-816.01, remainder_fraction=100.0000%, Lmin=-809.12, Lmax=-707.18
14:45:10 [ultranest] [DEBUG] iteration=849, ncalls=2748, regioncalls=90680, ndraw=40, logz=-815.75, remainder_fraction=100.0000%, Lmin=-808.62, Lmax=-707.18
14:45:11 [ultranest] [DEBUG] iteration=850, ncalls=2763, regioncalls=91280, ndraw=40, logz=-815.42, remainder_fraction=100.0000%, Lmin=-808.50, Lmax=-707.18
14:45:11 [ultranest] [DEBUG] iteration=851, ncalls=2766, regioncalls=91400, ndraw=40, logz=-815.16, remainder_fraction=100.0000%, Lmin=-808.28, Lmax=-707.18
14:45:12 [ultranest] [DEBUG] iteration=852, ncalls=2785, regioncalls=92160, ndraw=40, logz=-814.90, remainder_fraction=100.0000%, Lmin=-808.27, Lmax=-707.18
14:45:12 [ultranest] [DEBUG] iteration=853, ncalls=2792, regioncalls=92440, ndraw=40, logz=-814.69, remainder_fraction=100.0000%, Lmin=-808.25, Lmax=-707.18
14:45:12 [ultranest] [DEBUG] iteration=854, ncalls=2798, regioncalls=92680, ndraw=40, logz=-814.52, remainder_fraction=100.0000%, Lmin=-808.20, Lmax=-707.18
14:45:12 [ultranest] [DEBUG] iteration=855, ncalls=2803, regioncalls=92880, ndraw=40, logz=-814.37, remainder_fraction=100.0000%, Lmin=-807.96, Lmax=-707.18
14:45:12 [ultranest] [DEBUG] iteration=856, ncalls=2806, regioncalls=93000, ndraw=40, logz=-814.20, remainder_fraction=100.0000%, Lmin=-807.25, Lmax=-707.18
14:45:13 [ultranest] [DEBUG] iteration=857, ncalls=2818, regioncalls=93480, ndraw=40, logz=-813.93, remainder_fraction=100.0000%, Lmin=-806.75, Lmax=-707.18
14:45:13 [ultranest] [DEBUG] iteration=858, ncalls=2829, regioncalls=93920, ndraw=40, logz=-813.60, remainder_fraction=100.0000%, Lmin=-806.31, Lmax=-707.18
14:45:14 [ultranest] [DEBUG] iteration=859, ncalls=2850, regioncalls=94760, ndraw=40, logz=-813.24, remainder_fraction=100.0000%, Lmin=-805.94, Lmax=-707.18
14:45:14 [ultranest] [DEBUG] iteration=861, ncalls=2854, regioncalls=94920, ndraw=40, logz=-812.52, remainder_fraction=100.0000%, Lmin=-805.36, Lmax=-707.18
14:45:15 [ultranest] [DEBUG] iteration=862, ncalls=2861, regioncalls=95200, ndraw=40, logz=-812.20, remainder_fraction=100.0000%, Lmin=-805.28, Lmax=-707.18
14:45:15 [ultranest] [DEBUG] iteration=864, ncalls=2873, regioncalls=95680, ndraw=40, logz=-811.62, remainder_fraction=100.0000%, Lmin=-804.49, Lmax=-707.18
14:45:15 [ultranest] [DEBUG] iteration=865, ncalls=2883, regioncalls=96080, ndraw=40, logz=-811.31, remainder_fraction=100.0000%, Lmin=-804.22, Lmax=-707.18
14:45:16 [ultranest] [DEBUG] iteration=866, ncalls=2893, regioncalls=96480, ndraw=40, logz=-811.01, remainder_fraction=100.0000%, Lmin=-804.19, Lmax=-707.18
14:45:16 [ultranest] [DEBUG] iteration=867, ncalls=2903, regioncalls=96880, ndraw=40, logz=-810.77, remainder_fraction=100.0000%, Lmin=-803.96, Lmax=-707.18
14:45:17 [ultranest] [DEBUG] iteration=869, ncalls=2909, regioncalls=97120, ndraw=40, logz=-810.32, remainder_fraction=100.0000%, Lmin=-803.68, Lmax=-707.18
14:45:17 [ultranest] [DEBUG] iteration=871, ncalls=2914, regioncalls=97320, ndraw=40, logz=-809.91, remainder_fraction=100.0000%, Lmin=-803.39, Lmax=-707.18
14:45:17 [ultranest] [DEBUG] iteration=872, ncalls=2923, regioncalls=97680, ndraw=40, logz=-809.73, remainder_fraction=100.0000%, Lmin=-803.37, Lmax=-707.18
14:45:17 [ultranest] [DEBUG] iteration=873, ncalls=2927, regioncalls=97840, ndraw=40, logz=-809.58, remainder_fraction=100.0000%, Lmin=-803.16, Lmax=-707.18
14:45:18 [ultranest] [DEBUG] iteration=874, ncalls=2933, regioncalls=98080, ndraw=40, logz=-809.42, remainder_fraction=100.0000%, Lmin=-802.89, Lmax=-707.18
14:45:18 [ultranest] [DEBUG] iteration=875, ncalls=2937, regioncalls=98240, ndraw=40, logz=-809.24, remainder_fraction=100.0000%, Lmin=-802.84, Lmax=-707.18
14:45:18 [ultranest] [DEBUG] iteration=876, ncalls=2942, regioncalls=98440, ndraw=40, logz=-809.08, remainder_fraction=100.0000%, Lmin=-802.72, Lmax=-707.18
14:45:19 [ultranest] [DEBUG] iteration=877, ncalls=2952, regioncalls=98840, ndraw=40, logz=-808.93, remainder_fraction=100.0000%, Lmin=-802.71, Lmax=-707.18
14:45:19 [ultranest] [DEBUG] iteration=878, ncalls=2956, regioncalls=99000, ndraw=40, logz=-808.79, remainder_fraction=100.0000%, Lmin=-802.55, Lmax=-707.18
14:45:19 [ultranest] [DEBUG] iteration=879, ncalls=2962, regioncalls=99240, ndraw=40, logz=-808.66, remainder_fraction=100.0000%, Lmin=-802.05, Lmax=-707.18
14:45:19 [ultranest] [DEBUG] iteration=880, ncalls=2971, regioncalls=99600, ndraw=40, logz=-808.47, remainder_fraction=100.0000%, Lmin=-801.99, Lmax=-707.18
14:45:20 [ultranest] [DEBUG] iteration=881, ncalls=2977, regioncalls=99840, ndraw=40, logz=-808.30, remainder_fraction=100.0000%, Lmin=-801.75, Lmax=-707.18
14:45:20 [ultranest] [DEBUG] iteration=882, ncalls=2980, regioncalls=99960, ndraw=40, logz=-808.12, remainder_fraction=100.0000%, Lmin=-801.25, Lmax=-707.18
14:45:20 [ultranest] [DEBUG] iteration=884, ncalls=2992, regioncalls=100440, ndraw=40, logz=-807.69, remainder_fraction=100.0000%, Lmin=-800.90, Lmax=-707.18
14:45:21 [ultranest] [DEBUG] iteration=885, ncalls=3000, regioncalls=100760, ndraw=40, logz=-807.47, remainder_fraction=100.0000%, Lmin=-800.68, Lmax=-707.18
14:45:21 [ultranest] [DEBUG] iteration=886, ncalls=3003, regioncalls=100880, ndraw=40, logz=-807.25, remainder_fraction=100.0000%, Lmin=-800.63, Lmax=-707.18
14:45:21 [ultranest] [DEBUG] iteration=888, ncalls=3005, regioncalls=100960, ndraw=40, logz=-806.81, remainder_fraction=100.0000%, Lmin=-800.03, Lmax=-707.18
14:45:21 [ultranest] [DEBUG] iteration=891, ncalls=3017, regioncalls=101440, ndraw=40, logz=-806.24, remainder_fraction=100.0000%, Lmin=-799.71, Lmax=-707.18
14:45:22 [ultranest] [DEBUG] iteration=893, ncalls=3026, regioncalls=101800, ndraw=40, logz=-805.86, remainder_fraction=100.0000%, Lmin=-799.02, Lmax=-707.18
14:45:22 [ultranest] [DEBUG] iteration=895, ncalls=3030, regioncalls=101960, ndraw=40, logz=-805.37, remainder_fraction=100.0000%, Lmin=-798.61, Lmax=-707.18
14:45:22 [ultranest] [DEBUG] iteration=897, ncalls=3037, regioncalls=102240, ndraw=40, logz=-804.85, remainder_fraction=100.0000%, Lmin=-797.75, Lmax=-707.18
14:45:23 [ultranest] [DEBUG] iteration=899, ncalls=3058, regioncalls=103080, ndraw=40, logz=-804.33, remainder_fraction=100.0000%, Lmin=-797.17, Lmax=-707.18
14:45:24 [ultranest] [DEBUG] iteration=900, ncalls=3078, regioncalls=103880, ndraw=40, logz=-804.03, remainder_fraction=100.0000%, Lmin=-797.11, Lmax=-707.18
14:45:24 [ultranest] [DEBUG] iteration=901, ncalls=3085, regioncalls=104160, ndraw=40, logz=-803.79, remainder_fraction=100.0000%, Lmin=-796.72, Lmax=-707.18
14:45:24 [ultranest] [DEBUG] iteration=902, ncalls=3091, regioncalls=104400, ndraw=40, logz=-803.52, remainder_fraction=100.0000%, Lmin=-796.56, Lmax=-707.18
14:45:25 [ultranest] [DEBUG] iteration=904, ncalls=3103, regioncalls=104880, ndraw=40, logz=-803.02, remainder_fraction=100.0000%, Lmin=-796.10, Lmax=-707.18
14:45:25 [ultranest] [DEBUG] iteration=905, ncalls=3105, regioncalls=104960, ndraw=40, logz=-802.78, remainder_fraction=100.0000%, Lmin=-795.83, Lmax=-707.18
14:45:25 [ultranest] [DEBUG] iteration=907, ncalls=3113, regioncalls=105280, ndraw=40, logz=-802.33, remainder_fraction=100.0000%, Lmin=-795.53, Lmax=-707.18
14:45:26 [ultranest] [DEBUG] iteration=908, ncalls=3116, regioncalls=105400, ndraw=40, logz=-802.12, remainder_fraction=100.0000%, Lmin=-794.95, Lmax=-707.18
14:45:26 [ultranest] [DEBUG] iteration=909, ncalls=3125, regioncalls=105760, ndraw=40, logz=-801.82, remainder_fraction=100.0000%, Lmin=-794.74, Lmax=-707.18
14:45:26 [ultranest] [DEBUG] iteration=910, ncalls=3133, regioncalls=106080, ndraw=40, logz=-801.55, remainder_fraction=100.0000%, Lmin=-794.29, Lmax=-707.18
14:45:27 [ultranest] [DEBUG] iteration=911, ncalls=3144, regioncalls=106520, ndraw=40, logz=-801.23, remainder_fraction=100.0000%, Lmin=-793.97, Lmax=-707.18
14:45:27 [ultranest] [DEBUG] iteration=912, ncalls=3151, regioncalls=106800, ndraw=40, logz=-800.92, remainder_fraction=100.0000%, Lmin=-793.18, Lmax=-707.18
14:45:27 [ultranest] [DEBUG] iteration=913, ncalls=3155, regioncalls=106960, ndraw=40, logz=-800.45, remainder_fraction=100.0000%, Lmin=-792.62, Lmax=-707.18
14:45:27 [ultranest] [DEBUG] iteration=914, ncalls=3158, regioncalls=107080, ndraw=40, logz=-799.95, remainder_fraction=100.0000%, Lmin=-792.62, Lmax=-707.18
14:45:27 [ultranest] [DEBUG] iteration=915, ncalls=3161, regioncalls=107200, ndraw=40, logz=-799.62, remainder_fraction=100.0000%, Lmin=-792.52, Lmax=-707.18
14:45:28 [ultranest] [DEBUG] iteration=916, ncalls=3168, regioncalls=107480, ndraw=40, logz=-799.34, remainder_fraction=100.0000%, Lmin=-792.51, Lmax=-707.18
14:45:28 [ultranest] [DEBUG] iteration=917, ncalls=3173, regioncalls=107680, ndraw=40, logz=-799.13, remainder_fraction=100.0000%, Lmin=-792.23, Lmax=-707.18
14:45:28 [ultranest] [DEBUG] iteration=918, ncalls=3176, regioncalls=107800, ndraw=40, logz=-798.90, remainder_fraction=100.0000%, Lmin=-791.94, Lmax=-707.18
14:45:28 [ultranest] [DEBUG] iteration=920, ncalls=3183, regioncalls=108080, ndraw=40, logz=-798.43, remainder_fraction=100.0000%, Lmin=-791.48, Lmax=-707.18
14:45:29 [ultranest] [DEBUG] iteration=921, ncalls=3185, regioncalls=108160, ndraw=40, logz=-798.19, remainder_fraction=100.0000%, Lmin=-791.20, Lmax=-707.18
14:45:29 [ultranest] [DEBUG] iteration=922, ncalls=3192, regioncalls=108440, ndraw=40, logz=-797.95, remainder_fraction=100.0000%, Lmin=-791.01, Lmax=-707.18
14:45:29 [ultranest] [DEBUG] iteration=923, ncalls=3198, regioncalls=108680, ndraw=40, logz=-797.72, remainder_fraction=100.0000%, Lmin=-790.69, Lmax=-707.18
14:45:30 [ultranest] [DEBUG] iteration=924, ncalls=3212, regioncalls=109240, ndraw=40, logz=-797.47, remainder_fraction=100.0000%, Lmin=-790.40, Lmax=-707.18
14:45:30 [ultranest] [DEBUG] iteration=926, ncalls=3218, regioncalls=109480, ndraw=40, logz=-796.90, remainder_fraction=100.0000%, Lmin=-789.60, Lmax=-707.18
14:45:30 [ultranest] [DEBUG] iteration=927, ncalls=3231, regioncalls=110000, ndraw=40, logz=-796.59, remainder_fraction=100.0000%, Lmin=-789.22, Lmax=-707.18
14:45:31 [ultranest] [DEBUG] iteration=928, ncalls=3236, regioncalls=110200, ndraw=40, logz=-796.25, remainder_fraction=100.0000%, Lmin=-789.09, Lmax=-707.18
14:45:31 [ultranest] [DEBUG] iteration=930, ncalls=3242, regioncalls=110440, ndraw=40, logz=-795.58, remainder_fraction=100.0000%, Lmin=-788.14, Lmax=-707.18
14:45:31 [ultranest] [DEBUG] iteration=931, ncalls=3253, regioncalls=110880, ndraw=40, logz=-795.23, remainder_fraction=100.0000%, Lmin=-787.56, Lmax=-707.18
14:45:32 [ultranest] [DEBUG] iteration=932, ncalls=3262, regioncalls=111240, ndraw=40, logz=-794.80, remainder_fraction=100.0000%, Lmin=-787.52, Lmax=-707.18
14:45:32 [ultranest] [DEBUG] iteration=933, ncalls=3279, regioncalls=111920, ndraw=40, logz=-794.49, remainder_fraction=100.0000%, Lmin=-787.34, Lmax=-707.18
14:45:33 [ultranest] [DEBUG] iteration=934, ncalls=3294, regioncalls=112520, ndraw=40, logz=-794.22, remainder_fraction=100.0000%, Lmin=-786.84, Lmax=-707.18
14:45:33 [ultranest] [DEBUG] iteration=935, ncalls=3303, regioncalls=112880, ndraw=40, logz=-793.89, remainder_fraction=100.0000%, Lmin=-786.73, Lmax=-707.18
14:45:34 [ultranest] [DEBUG] iteration=936, ncalls=3314, regioncalls=113320, ndraw=40, logz=-793.61, remainder_fraction=100.0000%, Lmin=-786.53, Lmax=-707.18
14:45:34 [ultranest] [DEBUG] iteration=937, ncalls=3328, regioncalls=113880, ndraw=40, logz=-793.36, remainder_fraction=100.0000%, Lmin=-786.14, Lmax=-707.18
14:45:36 [ultranest] [DEBUG] iteration=938, ncalls=3350, regioncalls=114760, ndraw=40, logz=-793.07, remainder_fraction=100.0000%, Lmin=-786.09, Lmax=-707.18
14:45:36 [ultranest] [DEBUG] iteration=941, ncalls=3358, regioncalls=115080, ndraw=40, logz=-792.28, remainder_fraction=100.0000%, Lmin=-785.24, Lmax=-707.18
14:45:36 [ultranest] [DEBUG] iteration=942, ncalls=3369, regioncalls=115520, ndraw=40, logz=-792.04, remainder_fraction=100.0000%, Lmin=-785.23, Lmax=-707.18
14:45:37 [ultranest] [DEBUG] iteration=943, ncalls=3374, regioncalls=115720, ndraw=40, logz=-791.84, remainder_fraction=100.0000%, Lmin=-784.76, Lmax=-707.18
14:45:37 [ultranest] [DEBUG] iteration=944, ncalls=3385, regioncalls=116160, ndraw=40, logz=-791.59, remainder_fraction=100.0000%, Lmin=-784.68, Lmax=-707.18
14:45:37 [ultranest] [DEBUG] iteration=945, ncalls=3388, regioncalls=116280, ndraw=40, logz=-791.37, remainder_fraction=100.0000%, Lmin=-784.61, Lmax=-707.18
14:45:38 [ultranest] [DEBUG] iteration=946, ncalls=3411, regioncalls=117200, ndraw=40, logz=-791.19, remainder_fraction=100.0000%, Lmin=-784.58, Lmax=-707.18
14:45:39 [ultranest] [DEBUG] iteration=947, ncalls=3420, regioncalls=117560, ndraw=40, logz=-791.02, remainder_fraction=100.0000%, Lmin=-784.41, Lmax=-707.18
14:45:39 [ultranest] [DEBUG] iteration=948, ncalls=3422, regioncalls=117640, ndraw=40, logz=-790.86, remainder_fraction=100.0000%, Lmin=-784.33, Lmax=-707.18
14:45:39 [ultranest] [DEBUG] iteration=949, ncalls=3427, regioncalls=117840, ndraw=40, logz=-790.71, remainder_fraction=100.0000%, Lmin=-783.86, Lmax=-707.18
14:45:40 [ultranest] [DEBUG] iteration=950, ncalls=3443, regioncalls=118480, ndraw=40, logz=-790.51, remainder_fraction=100.0000%, Lmin=-783.84, Lmax=-707.18
14:45:40 [ultranest] [DEBUG] iteration=951, ncalls=3449, regioncalls=118720, ndraw=40, logz=-790.34, remainder_fraction=100.0000%, Lmin=-783.82, Lmax=-707.18
14:45:41 [ultranest] [DEBUG] iteration=952, ncalls=3455, regioncalls=118960, ndraw=40, logz=-790.19, remainder_fraction=100.0000%, Lmin=-782.53, Lmax=-707.18
14:45:41 [ultranest] [DEBUG] iteration=953, ncalls=3460, regioncalls=119160, ndraw=40, logz=-789.78, remainder_fraction=100.0000%, Lmin=-782.49, Lmax=-707.18
14:45:42 [ultranest] [DEBUG] iteration=954, ncalls=3477, regioncalls=119840, ndraw=40, logz=-789.49, remainder_fraction=100.0000%, Lmin=-781.81, Lmax=-707.18
14:45:42 [ultranest] [DEBUG] iteration=955, ncalls=3479, regioncalls=119920, ndraw=40, logz=-789.08, remainder_fraction=100.0000%, Lmin=-781.80, Lmax=-707.18
14:45:42 [ultranest] [DEBUG] iteration=956, ncalls=3492, regioncalls=120440, ndraw=40, logz=-788.79, remainder_fraction=100.0000%, Lmin=-781.42, Lmax=-707.18
14:45:43 [ultranest] [DEBUG] iteration=957, ncalls=3515, regioncalls=121360, ndraw=40, logz=-788.47, remainder_fraction=100.0000%, Lmin=-781.34, Lmax=-707.18
14:45:44 [ultranest] [DEBUG] iteration=958, ncalls=3544, regioncalls=122520, ndraw=40, logz=-788.22, remainder_fraction=100.0000%, Lmin=-781.30, Lmax=-707.18
14:45:45 [ultranest] [DEBUG] iteration=959, ncalls=3561, regioncalls=123200, ndraw=40, logz=-788.01, remainder_fraction=100.0000%, Lmin=-781.27, Lmax=-707.18
14:45:45 [ultranest] [DEBUG] iteration=960, ncalls=3574, regioncalls=123720, ndraw=40, logz=-787.83, remainder_fraction=100.0000%, Lmin=-781.00, Lmax=-707.18
14:45:46 [ultranest] [DEBUG] iteration=961, ncalls=3586, regioncalls=124200, ndraw=40, logz=-787.64, remainder_fraction=100.0000%, Lmin=-780.92, Lmax=-707.18
14:45:46 [ultranest] [DEBUG] iteration=962, ncalls=3589, regioncalls=124320, ndraw=40, logz=-787.46, remainder_fraction=100.0000%, Lmin=-780.90, Lmax=-707.18
14:45:47 [ultranest] [DEBUG] iteration=963, ncalls=3601, regioncalls=124800, ndraw=40, logz=-787.31, remainder_fraction=100.0000%, Lmin=-780.85, Lmax=-707.18
14:45:47 [ultranest] [DEBUG] iteration=964, ncalls=3610, regioncalls=125160, ndraw=40, logz=-787.17, remainder_fraction=100.0000%, Lmin=-780.61, Lmax=-707.18
14:45:48 [ultranest] [DEBUG] iteration=966, ncalls=3622, regioncalls=125640, ndraw=40, logz=-786.89, remainder_fraction=100.0000%, Lmin=-780.36, Lmax=-707.18
14:45:48 [ultranest] [DEBUG] iteration=967, ncalls=3626, regioncalls=125800, ndraw=40, logz=-786.75, remainder_fraction=100.0000%, Lmin=-780.32, Lmax=-707.18
14:45:48 [ultranest] [DEBUG] iteration=968, ncalls=3637, regioncalls=126240, ndraw=40, logz=-786.62, remainder_fraction=100.0000%, Lmin=-780.09, Lmax=-707.18
14:45:49 [ultranest] [DEBUG] iteration=970, ncalls=3657, regioncalls=127040, ndraw=40, logz=-786.31, remainder_fraction=100.0000%, Lmin=-779.71, Lmax=-707.18
14:45:50 [ultranest] [DEBUG] iteration=971, ncalls=3665, regioncalls=127360, ndraw=40, logz=-786.16, remainder_fraction=100.0000%, Lmin=-779.65, Lmax=-707.18
14:45:50 [ultranest] [DEBUG] iteration=972, ncalls=3671, regioncalls=127600, ndraw=40, logz=-786.02, remainder_fraction=100.0000%, Lmin=-779.29, Lmax=-707.18
14:45:50 [ultranest] [DEBUG] iteration=973, ncalls=3679, regioncalls=127920, ndraw=40, logz=-785.85, remainder_fraction=100.0000%, Lmin=-778.88, Lmax=-707.18
14:45:50 [ultranest] [DEBUG] iteration=974, ncalls=3685, regioncalls=128160, ndraw=40, logz=-785.63, remainder_fraction=100.0000%, Lmin=-778.80, Lmax=-707.18
14:45:51 [ultranest] [DEBUG] iteration=975, ncalls=3688, regioncalls=128280, ndraw=40, logz=-785.45, remainder_fraction=100.0000%, Lmin=-778.45, Lmax=-707.18
14:45:51 [ultranest] [DEBUG] iteration=976, ncalls=3693, regioncalls=128480, ndraw=40, logz=-785.23, remainder_fraction=100.0000%, Lmin=-778.36, Lmax=-707.18
14:45:52 [ultranest] [DEBUG] iteration=977, ncalls=3711, regioncalls=129200, ndraw=40, logz=-785.03, remainder_fraction=100.0000%, Lmin=-777.85, Lmax=-707.18
14:45:53 [ultranest] [DEBUG] iteration=978, ncalls=3745, regioncalls=130560, ndraw=40, logz=-784.78, remainder_fraction=100.0000%, Lmin=-777.64, Lmax=-707.18
14:45:53 [ultranest] [DEBUG] iteration=979, ncalls=3749, regioncalls=130720, ndraw=40, logz=-784.53, remainder_fraction=100.0000%, Lmin=-777.45, Lmax=-707.18
14:45:53 [ultranest] [DEBUG] iteration=980, ncalls=3753, regioncalls=130880, ndraw=40, logz=-784.30, remainder_fraction=100.0000%, Lmin=-777.34, Lmax=-707.18
14:45:54 [ultranest] [DEBUG] iteration=982, ncalls=3759, regioncalls=131120, ndraw=40, logz=-783.88, remainder_fraction=100.0000%, Lmin=-777.11, Lmax=-707.18
14:45:55 [ultranest] [DEBUG] iteration=983, ncalls=3779, regioncalls=131920, ndraw=40, logz=-783.71, remainder_fraction=100.0000%, Lmin=-776.70, Lmax=-707.18
14:45:55 [ultranest] [DEBUG] iteration=984, ncalls=3784, regioncalls=132120, ndraw=40, logz=-783.49, remainder_fraction=100.0000%, Lmin=-776.66, Lmax=-707.18
14:45:55 [ultranest] [DEBUG] iteration=985, ncalls=3788, regioncalls=132280, ndraw=40, logz=-783.31, remainder_fraction=100.0000%, Lmin=-776.65, Lmax=-707.18
14:45:56 [ultranest] [DEBUG] iteration=986, ncalls=3804, regioncalls=132920, ndraw=40, logz=-783.15, remainder_fraction=100.0000%, Lmin=-776.12, Lmax=-707.18
14:45:57 [ultranest] [DEBUG] iteration=987, ncalls=3822, regioncalls=133640, ndraw=40, logz=-782.93, remainder_fraction=100.0000%, Lmin=-776.00, Lmax=-707.18
14:45:57 [ultranest] [DEBUG] iteration=988, ncalls=3826, regioncalls=133800, ndraw=40, logz=-782.73, remainder_fraction=100.0000%, Lmin=-775.88, Lmax=-707.18
14:45:58 [ultranest] [DEBUG] iteration=989, ncalls=3830, regioncalls=133960, ndraw=40, logz=-782.55, remainder_fraction=100.0000%, Lmin=-775.73, Lmax=-707.18
14:45:59 [ultranest] [DEBUG] iteration=990, ncalls=3858, regioncalls=135080, ndraw=40, logz=-782.37, remainder_fraction=100.0000%, Lmin=-775.31, Lmax=-707.18
14:45:59 [ultranest] [DEBUG] iteration=992, ncalls=3862, regioncalls=135240, ndraw=40, logz=-781.95, remainder_fraction=100.0000%, Lmin=-775.23, Lmax=-707.18
14:45:59 [ultranest] [DEBUG] iteration=993, ncalls=3864, regioncalls=135320, ndraw=40, logz=-781.79, remainder_fraction=100.0000%, Lmin=-774.95, Lmax=-707.18
14:46:00 [ultranest] [DEBUG] iteration=994, ncalls=3866, regioncalls=135400, ndraw=40, logz=-781.61, remainder_fraction=100.0000%, Lmin=-774.90, Lmax=-707.18
14:46:01 [ultranest] [DEBUG] iteration=996, ncalls=3901, regioncalls=136800, ndraw=40, logz=-781.29, remainder_fraction=100.0000%, Lmin=-774.66, Lmax=-707.18
14:46:02 [ultranest] [DEBUG] iteration=997, ncalls=3928, regioncalls=137880, ndraw=40, logz=-781.14, remainder_fraction=100.0000%, Lmin=-774.51, Lmax=-707.18
14:46:02 [ultranest] [DEBUG] iteration=998, ncalls=3934, regioncalls=138120, ndraw=40, logz=-780.99, remainder_fraction=100.0000%, Lmin=-774.41, Lmax=-707.18
14:46:03 [ultranest] [DEBUG] iteration=999, ncalls=3937, regioncalls=138240, ndraw=40, logz=-780.85, remainder_fraction=100.0000%, Lmin=-774.17, Lmax=-707.18
14:46:03 [ultranest] [DEBUG] iteration=1001, ncalls=3947, regioncalls=138640, ndraw=40, logz=-780.55, remainder_fraction=100.0000%, Lmin=-773.72, Lmax=-707.18
14:46:03 [ultranest] [DEBUG] iteration=1002, ncalls=3950, regioncalls=138760, ndraw=40, logz=-780.37, remainder_fraction=100.0000%, Lmin=-773.70, Lmax=-707.18
14:46:04 [ultranest] [DEBUG] iteration=1003, ncalls=3964, regioncalls=139320, ndraw=40, logz=-780.22, remainder_fraction=100.0000%, Lmin=-773.44, Lmax=-707.18
14:46:04 [ultranest] [DEBUG] iteration=1004, ncalls=3966, regioncalls=139400, ndraw=40, logz=-780.05, remainder_fraction=100.0000%, Lmin=-773.02, Lmax=-707.18
14:46:05 [ultranest] [DEBUG] iteration=1006, ncalls=3976, regioncalls=139800, ndraw=40, logz=-779.54, remainder_fraction=100.0000%, Lmin=-772.34, Lmax=-707.18
14:46:05 [ultranest] [DEBUG] iteration=1007, ncalls=3979, regioncalls=139920, ndraw=40, logz=-779.29, remainder_fraction=100.0000%, Lmin=-771.94, Lmax=-707.18
14:46:06 [ultranest] [DEBUG] iteration=1008, ncalls=4008, regioncalls=141080, ndraw=40, logz=-779.02, remainder_fraction=100.0000%, Lmin=-771.54, Lmax=-707.18
14:46:06 [ultranest] [DEBUG] iteration=1009, ncalls=4014, regioncalls=141320, ndraw=40, logz=-778.71, remainder_fraction=100.0000%, Lmin=-771.47, Lmax=-707.18
14:46:06 [ultranest] [DEBUG] iteration=1010, ncalls=4018, regioncalls=141480, ndraw=40, logz=-778.46, remainder_fraction=100.0000%, Lmin=-771.28, Lmax=-707.18
14:46:07 [ultranest] [DEBUG] iteration=1011, ncalls=4023, regioncalls=141680, ndraw=40, logz=-778.22, remainder_fraction=100.0000%, Lmin=-771.20, Lmax=-707.18
14:46:09 [ultranest] [DEBUG] iteration=1013, ncalls=4064, regioncalls=143320, ndraw=40, logz=-777.82, remainder_fraction=100.0000%, Lmin=-770.65, Lmax=-707.18
14:46:09 [ultranest] [DEBUG] iteration=1014, ncalls=4067, regioncalls=143440, ndraw=40, logz=-777.59, remainder_fraction=100.0000%, Lmin=-770.48, Lmax=-707.18
14:46:09 [ultranest] [DEBUG] iteration=1015, ncalls=4070, regioncalls=143560, ndraw=40, logz=-777.37, remainder_fraction=100.0000%, Lmin=-770.48, Lmax=-707.18
14:46:10 [ultranest] [DEBUG] iteration=1016, ncalls=4102, regioncalls=144840, ndraw=40, logz=-777.19, remainder_fraction=100.0000%, Lmin=-770.47, Lmax=-707.18
14:46:11 [ultranest] [DEBUG] iteration=1017, ncalls=4108, regioncalls=145080, ndraw=40, logz=-777.03, remainder_fraction=100.0000%, Lmin=-770.40, Lmax=-707.18
14:46:11 [ultranest] [DEBUG] iteration=1018, ncalls=4113, regioncalls=145280, ndraw=40, logz=-776.89, remainder_fraction=100.0000%, Lmin=-770.31, Lmax=-707.18
14:46:12 [ultranest] [DEBUG] iteration=1019, ncalls=4125, regioncalls=145760, ndraw=40, logz=-776.76, remainder_fraction=100.0000%, Lmin=-770.12, Lmax=-707.18
14:46:12 [ultranest] [DEBUG] iteration=1020, ncalls=4148, regioncalls=146680, ndraw=40, logz=-776.61, remainder_fraction=100.0000%, Lmin=-770.01, Lmax=-707.18
14:46:13 [ultranest] [DEBUG] iteration=1021, ncalls=4156, regioncalls=147000, ndraw=40, logz=-776.48, remainder_fraction=100.0000%, Lmin=-769.80, Lmax=-707.18
14:46:13 [ultranest] [DEBUG] iteration=1022, ncalls=4159, regioncalls=147120, ndraw=40, logz=-776.33, remainder_fraction=100.0000%, Lmin=-769.58, Lmax=-707.18
14:46:14 [ultranest] [DEBUG] iteration=1023, ncalls=4189, regioncalls=148320, ndraw=40, logz=-776.18, remainder_fraction=100.0000%, Lmin=-769.43, Lmax=-707.18
14:46:15 [ultranest] [DEBUG] iteration=1024, ncalls=4196, regioncalls=148600, ndraw=40, logz=-776.02, remainder_fraction=100.0000%, Lmin=-769.36, Lmax=-707.18
14:46:15 [ultranest] [DEBUG] iteration=1025, ncalls=4208, regioncalls=149080, ndraw=40, logz=-775.88, remainder_fraction=100.0000%, Lmin=-769.31, Lmax=-707.18
14:46:16 [ultranest] [DEBUG] iteration=1026, ncalls=4215, regioncalls=149360, ndraw=40, logz=-775.75, remainder_fraction=100.0000%, Lmin=-769.27, Lmax=-707.18
14:46:16 [ultranest] [DEBUG] iteration=1027, ncalls=4225, regioncalls=149760, ndraw=40, logz=-775.63, remainder_fraction=100.0000%, Lmin=-768.98, Lmax=-707.18
14:46:16 [ultranest] [DEBUG] iteration=1028, ncalls=4228, regioncalls=149880, ndraw=40, logz=-775.49, remainder_fraction=100.0000%, Lmin=-768.87, Lmax=-707.18
14:46:16 [ultranest] [DEBUG] iteration=1029, ncalls=4236, regioncalls=150200, ndraw=40, logz=-775.35, remainder_fraction=100.0000%, Lmin=-768.54, Lmax=-707.18
14:46:17 [ultranest] [DEBUG] iteration=1030, ncalls=4238, regioncalls=150280, ndraw=40, logz=-775.19, remainder_fraction=100.0000%, Lmin=-768.26, Lmax=-707.18
14:46:17 [ultranest] [DEBUG] iteration=1031, ncalls=4244, regioncalls=150520, ndraw=40, logz=-775.01, remainder_fraction=100.0000%, Lmin=-768.25, Lmax=-707.18
14:46:17 [ultranest] [DEBUG] iteration=1032, ncalls=4254, regioncalls=150920, ndraw=40, logz=-774.85, remainder_fraction=100.0000%, Lmin=-768.05, Lmax=-707.18
14:46:18 [ultranest] [DEBUG] iteration=1033, ncalls=4262, regioncalls=151240, ndraw=40, logz=-774.69, remainder_fraction=100.0000%, Lmin=-768.04, Lmax=-707.18
14:46:18 [ultranest] [DEBUG] iteration=1034, ncalls=4267, regioncalls=151440, ndraw=40, logz=-774.55, remainder_fraction=100.0000%, Lmin=-767.72, Lmax=-707.18
14:46:18 [ultranest] [DEBUG] iteration=1035, ncalls=4272, regioncalls=151640, ndraw=40, logz=-774.39, remainder_fraction=100.0000%, Lmin=-767.59, Lmax=-707.18
14:46:19 [ultranest] [DEBUG] iteration=1036, ncalls=4288, regioncalls=152280, ndraw=40, logz=-774.23, remainder_fraction=100.0000%, Lmin=-767.55, Lmax=-707.18
14:46:20 [ultranest] [DEBUG] iteration=1037, ncalls=4325, regioncalls=153760, ndraw=40, logz=-774.09, remainder_fraction=100.0000%, Lmin=-767.14, Lmax=-707.18
14:46:20 [ultranest] [DEBUG] iteration=1038, ncalls=4330, regioncalls=153960, ndraw=40, logz=-773.91, remainder_fraction=100.0000%, Lmin=-767.09, Lmax=-707.18
14:46:21 [ultranest] [DEBUG] iteration=1040, ncalls=4337, regioncalls=154240, ndraw=40, logz=-773.58, remainder_fraction=100.0000%, Lmin=-766.76, Lmax=-707.18
14:46:22 [ultranest] [DEBUG] iteration=1042, ncalls=4361, regioncalls=155200, ndraw=40, logz=-773.27, remainder_fraction=100.0000%, Lmin=-766.67, Lmax=-707.18
14:46:22 [ultranest] [DEBUG] iteration=1043, ncalls=4366, regioncalls=155400, ndraw=40, logz=-773.14, remainder_fraction=100.0000%, Lmin=-766.63, Lmax=-707.18
14:46:22 [ultranest] [DEBUG] iteration=1044, ncalls=4379, regioncalls=155920, ndraw=40, logz=-773.02, remainder_fraction=100.0000%, Lmin=-766.36, Lmax=-707.18
14:46:23 [ultranest] [DEBUG] iteration=1046, ncalls=4383, regioncalls=156080, ndraw=40, logz=-772.76, remainder_fraction=100.0000%, Lmin=-765.81, Lmax=-707.18
14:46:23 [ultranest] [DEBUG] iteration=1047, ncalls=4390, regioncalls=156360, ndraw=40, logz=-772.58, remainder_fraction=100.0000%, Lmin=-765.60, Lmax=-707.18
14:46:23 [ultranest] [DEBUG] iteration=1048, ncalls=4404, regioncalls=156920, ndraw=40, logz=-772.40, remainder_fraction=100.0000%, Lmin=-765.51, Lmax=-707.18
14:46:24 [ultranest] [DEBUG] iteration=1049, ncalls=4409, regioncalls=157120, ndraw=40, logz=-772.23, remainder_fraction=100.0000%, Lmin=-765.29, Lmax=-707.18
14:46:24 [ultranest] [DEBUG] iteration=1051, ncalls=4414, regioncalls=157320, ndraw=40, logz=-771.86, remainder_fraction=100.0000%, Lmin=-764.78, Lmax=-707.18
14:46:25 [ultranest] [DEBUG] iteration=1052, ncalls=4444, regioncalls=158520, ndraw=40, logz=-771.66, remainder_fraction=100.0000%, Lmin=-764.68, Lmax=-707.18
14:46:26 [ultranest] [DEBUG] iteration=1053, ncalls=4451, regioncalls=158800, ndraw=40, logz=-771.48, remainder_fraction=100.0000%, Lmin=-764.64, Lmax=-707.18
14:46:26 [ultranest] [DEBUG] iteration=1054, ncalls=4470, regioncalls=159560, ndraw=40, logz=-771.32, remainder_fraction=100.0000%, Lmin=-764.51, Lmax=-707.18
14:46:27 [ultranest] [DEBUG] iteration=1055, ncalls=4477, regioncalls=159840, ndraw=40, logz=-771.17, remainder_fraction=100.0000%, Lmin=-764.50, Lmax=-707.18
14:46:27 [ultranest] [DEBUG] iteration=1056, ncalls=4484, regioncalls=160120, ndraw=40, logz=-771.04, remainder_fraction=100.0000%, Lmin=-764.44, Lmax=-707.18
14:46:27 [ultranest] [DEBUG] iteration=1057, ncalls=4496, regioncalls=160600, ndraw=40, logz=-770.91, remainder_fraction=100.0000%, Lmin=-764.33, Lmax=-707.18
14:46:28 [ultranest] [DEBUG] iteration=1058, ncalls=4508, regioncalls=161080, ndraw=40, logz=-770.79, remainder_fraction=100.0000%, Lmin=-764.03, Lmax=-707.18
14:46:28 [ultranest] [DEBUG] iteration=1059, ncalls=4513, regioncalls=161280, ndraw=40, logz=-770.65, remainder_fraction=100.0000%, Lmin=-764.01, Lmax=-707.18
14:46:29 [ultranest] [DEBUG] iteration=1060, ncalls=4519, regioncalls=161520, ndraw=40, logz=-770.52, remainder_fraction=100.0000%, Lmin=-763.84, Lmax=-707.18
14:46:29 [ultranest] [DEBUG] iteration=1061, ncalls=4522, regioncalls=161640, ndraw=40, logz=-770.38, remainder_fraction=100.0000%, Lmin=-763.55, Lmax=-707.18
14:46:29 [ultranest] [DEBUG] iteration=1062, ncalls=4526, regioncalls=161800, ndraw=40, logz=-770.23, remainder_fraction=100.0000%, Lmin=-763.50, Lmax=-707.18
14:46:29 [ultranest] [DEBUG] iteration=1063, ncalls=4533, regioncalls=162080, ndraw=40, logz=-770.09, remainder_fraction=100.0000%, Lmin=-763.48, Lmax=-707.18
14:46:30 [ultranest] [DEBUG] iteration=1064, ncalls=4541, regioncalls=162400, ndraw=40, logz=-769.97, remainder_fraction=100.0000%, Lmin=-763.40, Lmax=-707.18
14:46:30 [ultranest] [DEBUG] iteration=1065, ncalls=4544, regioncalls=162520, ndraw=40, logz=-769.85, remainder_fraction=100.0000%, Lmin=-763.37, Lmax=-707.18
14:46:31 [ultranest] [DEBUG] iteration=1066, ncalls=4561, regioncalls=163200, ndraw=40, logz=-769.74, remainder_fraction=100.0000%, Lmin=-763.35, Lmax=-707.18
14:46:32 [ultranest] [DEBUG] iteration=1067, ncalls=4578, regioncalls=163880, ndraw=40, logz=-769.64, remainder_fraction=100.0000%, Lmin=-763.13, Lmax=-707.18
14:46:32 [ultranest] [DEBUG] iteration=1068, ncalls=4588, regioncalls=164280, ndraw=40, logz=-769.53, remainder_fraction=100.0000%, Lmin=-763.02, Lmax=-707.18
14:46:33 [ultranest] [DEBUG] iteration=1069, ncalls=4603, regioncalls=164880, ndraw=40, logz=-769.41, remainder_fraction=100.0000%, Lmin=-762.98, Lmax=-707.18
14:46:34 [ultranest] [DEBUG] iteration=1070, ncalls=4630, regioncalls=165960, ndraw=40, logz=-769.31, remainder_fraction=100.0000%, Lmin=-762.94, Lmax=-707.18
14:46:35 [ultranest] [DEBUG] iteration=1072, ncalls=4649, regioncalls=166720, ndraw=40, logz=-769.12, remainder_fraction=100.0000%, Lmin=-762.35, Lmax=-707.18
14:46:35 [ultranest] [DEBUG] iteration=1073, ncalls=4653, regioncalls=166880, ndraw=40, logz=-768.98, remainder_fraction=100.0000%, Lmin=-762.21, Lmax=-707.18
14:46:36 [ultranest] [DEBUG] iteration=1074, ncalls=4667, regioncalls=167440, ndraw=40, logz=-768.84, remainder_fraction=100.0000%, Lmin=-762.11, Lmax=-707.18
14:46:36 [ultranest] [DEBUG] iteration=1076, ncalls=4673, regioncalls=167680, ndraw=40, logz=-768.58, remainder_fraction=100.0000%, Lmin=-762.09, Lmax=-707.18
14:46:37 [ultranest] [DEBUG] iteration=1077, ncalls=4695, regioncalls=168560, ndraw=40, logz=-768.47, remainder_fraction=100.0000%, Lmin=-761.90, Lmax=-707.18
14:46:38 [ultranest] [DEBUG] iteration=1078, ncalls=4733, regioncalls=170080, ndraw=40, logz=-768.36, remainder_fraction=100.0000%, Lmin=-761.86, Lmax=-707.18
14:46:39 [ultranest] [DEBUG] iteration=1079, ncalls=4739, regioncalls=170320, ndraw=40, logz=-768.25, remainder_fraction=100.0000%, Lmin=-761.79, Lmax=-707.18
14:46:40 [ultranest] [DEBUG] iteration=1080, ncalls=4764, regioncalls=171320, ndraw=40, logz=-768.15, remainder_fraction=100.0000%, Lmin=-761.54, Lmax=-707.18
14:46:40 [ultranest] [DEBUG] iteration=1081, ncalls=4776, regioncalls=171800, ndraw=40, logz=-768.03, remainder_fraction=100.0000%, Lmin=-761.39, Lmax=-707.18
14:46:40 [ultranest] [DEBUG] iteration=1082, ncalls=4784, regioncalls=172120, ndraw=40, logz=-767.90, remainder_fraction=100.0000%, Lmin=-761.35, Lmax=-707.18
14:46:41 [ultranest] [DEBUG] iteration=1083, ncalls=4792, regioncalls=172440, ndraw=40, logz=-767.79, remainder_fraction=100.0000%, Lmin=-761.35, Lmax=-707.18
14:46:41 [ultranest] [DEBUG] iteration=1084, ncalls=4802, regioncalls=172840, ndraw=40, logz=-767.69, remainder_fraction=100.0000%, Lmin=-761.32, Lmax=-707.18
14:46:43 [ultranest] [DEBUG] iteration=1085, ncalls=4831, regioncalls=174000, ndraw=40, logz=-767.60, remainder_fraction=100.0000%, Lmin=-761.29, Lmax=-707.18
14:46:44 [ultranest] [DEBUG] iteration=1086, ncalls=4869, regioncalls=175520, ndraw=40, logz=-767.51, remainder_fraction=100.0000%, Lmin=-761.08, Lmax=-707.18
14:46:44 [ultranest] [DEBUG] iteration=1087, ncalls=4872, regioncalls=175640, ndraw=40, logz=-767.41, remainder_fraction=100.0000%, Lmin=-761.07, Lmax=-707.18
14:46:45 [ultranest] [DEBUG] iteration=1088, ncalls=4895, regioncalls=176560, ndraw=40, logz=-767.32, remainder_fraction=100.0000%, Lmin=-760.83, Lmax=-707.18
14:46:46 [ultranest] [DEBUG] iteration=1089, ncalls=4910, regioncalls=177160, ndraw=40, logz=-767.21, remainder_fraction=100.0000%, Lmin=-760.74, Lmax=-707.18
14:46:47 [ultranest] [DEBUG] iteration=1090, ncalls=4939, regioncalls=178320, ndraw=40, logz=-767.11, remainder_fraction=100.0000%, Lmin=-760.57, Lmax=-707.18
14:46:47 [ultranest] [DEBUG] iteration=1091, ncalls=4947, regioncalls=178640, ndraw=40, logz=-767.00, remainder_fraction=100.0000%, Lmin=-760.47, Lmax=-707.18
14:46:49 [ultranest] [DEBUG] iteration=1092, ncalls=4981, regioncalls=180000, ndraw=40, logz=-766.89, remainder_fraction=100.0000%, Lmin=-760.42, Lmax=-707.18
14:46:51 [ultranest] [DEBUG] iteration=1093, ncalls=5025, regioncalls=181760, ndraw=40, logz=-766.79, remainder_fraction=100.0000%, Lmin=-760.25, Lmax=-707.18
14:46:52 [ultranest] [DEBUG] iteration=1094, ncalls=5056, regioncalls=183000, ndraw=40, logz=-766.68, remainder_fraction=100.0000%, Lmin=-760.19, Lmax=-707.18
14:46:52 [ultranest] [DEBUG] iteration=1095, ncalls=5063, regioncalls=183280, ndraw=40, logz=-766.58, remainder_fraction=100.0000%, Lmin=-759.99, Lmax=-707.18
14:46:52 [ultranest] [DEBUG] iteration=1096, ncalls=5068, regioncalls=183480, ndraw=40, logz=-766.47, remainder_fraction=100.0000%, Lmin=-759.95, Lmax=-707.18
14:46:53 [ultranest] [DEBUG] iteration=1097, ncalls=5078, regioncalls=183880, ndraw=40, logz=-766.36, remainder_fraction=100.0000%, Lmin=-759.85, Lmax=-707.18
14:46:53 [ultranest] [DEBUG] iteration=1098, ncalls=5082, regioncalls=184040, ndraw=40, logz=-766.26, remainder_fraction=100.0000%, Lmin=-759.68, Lmax=-707.18
14:46:54 [ultranest] [DEBUG] iteration=1099, ncalls=5098, regioncalls=184680, ndraw=40, logz=-766.15, remainder_fraction=100.0000%, Lmin=-759.68, Lmax=-707.18
14:46:55 [ultranest] [DEBUG] iteration=1100, ncalls=5128, regioncalls=185880, ndraw=40, logz=-766.05, remainder_fraction=100.0000%, Lmin=-759.50, Lmax=-707.18
14:46:55 [ultranest] [DEBUG] iteration=1102, ncalls=5142, regioncalls=186440, ndraw=40, logz=-765.84, remainder_fraction=100.0000%, Lmin=-759.44, Lmax=-707.18
14:46:56 [ultranest] [DEBUG] iteration=1103, ncalls=5145, regioncalls=186560, ndraw=40, logz=-765.75, remainder_fraction=100.0000%, Lmin=-759.30, Lmax=-707.18
14:46:56 [ultranest] [DEBUG] iteration=1104, ncalls=5146, regioncalls=186600, ndraw=40, logz=-765.65, remainder_fraction=100.0000%, Lmin=-759.29, Lmax=-707.18
14:46:56 [ultranest] [DEBUG] iteration=1105, ncalls=5162, regioncalls=187240, ndraw=40, logz=-765.56, remainder_fraction=100.0000%, Lmin=-759.06, Lmax=-707.18
14:46:57 [ultranest] [DEBUG] iteration=1106, ncalls=5179, regioncalls=187920, ndraw=40, logz=-765.46, remainder_fraction=100.0000%, Lmin=-759.06, Lmax=-707.18
14:46:57 [ultranest] [DEBUG] iteration=1108, ncalls=5187, regioncalls=188240, ndraw=40, logz=-765.28, remainder_fraction=100.0000%, Lmin=-758.45, Lmax=-707.18
14:46:58 [ultranest] [DEBUG] iteration=1109, ncalls=5209, regioncalls=189120, ndraw=40, logz=-765.14, remainder_fraction=100.0000%, Lmin=-758.36, Lmax=-707.18
14:46:58 [ultranest] [DEBUG] iteration=1110, ncalls=5220, regioncalls=189560, ndraw=40, logz=-765.01, remainder_fraction=100.0000%, Lmin=-758.33, Lmax=-707.18
14:46:59 [ultranest] [DEBUG] iteration=1111, ncalls=5226, regioncalls=189800, ndraw=40, logz=-764.89, remainder_fraction=100.0000%, Lmin=-758.29, Lmax=-707.18
14:46:59 [ultranest] [DEBUG] iteration=1113, ncalls=5233, regioncalls=190080, ndraw=40, logz=-764.66, remainder_fraction=100.0000%, Lmin=-757.93, Lmax=-707.18
14:47:01 [ultranest] [DEBUG] iteration=1114, ncalls=5281, regioncalls=192000, ndraw=40, logz=-764.53, remainder_fraction=100.0000%, Lmin=-757.52, Lmax=-707.18
14:47:01 [ultranest] [DEBUG] iteration=1115, ncalls=5286, regioncalls=192200, ndraw=40, logz=-764.37, remainder_fraction=100.0000%, Lmin=-757.25, Lmax=-707.18
14:47:03 [ultranest] [DEBUG] iteration=1116, ncalls=5317, regioncalls=193440, ndraw=40, logz=-764.20, remainder_fraction=100.0000%, Lmin=-757.18, Lmax=-707.18
14:47:04 [ultranest] [DEBUG] iteration=1117, ncalls=5350, regioncalls=194760, ndraw=40, logz=-764.04, remainder_fraction=100.0000%, Lmin=-757.07, Lmax=-707.18
14:47:04 [ultranest] [DEBUG] iteration=1119, ncalls=5357, regioncalls=195040, ndraw=40, logz=-763.75, remainder_fraction=100.0000%, Lmin=-756.97, Lmax=-707.18
14:47:05 [ultranest] [DEBUG] iteration=1120, ncalls=5367, regioncalls=195440, ndraw=40, logz=-763.62, remainder_fraction=100.0000%, Lmin=-756.74, Lmax=-707.18
14:47:05 [ultranest] [DEBUG] iteration=1121, ncalls=5372, regioncalls=195640, ndraw=40, logz=-763.48, remainder_fraction=100.0000%, Lmin=-756.72, Lmax=-707.18
14:47:05 [ultranest] [DEBUG] iteration=1122, ncalls=5374, regioncalls=195720, ndraw=40, logz=-763.36, remainder_fraction=100.0000%, Lmin=-756.71, Lmax=-707.18
14:47:06 [ultranest] [DEBUG] iteration=1123, ncalls=5402, regioncalls=196840, ndraw=40, logz=-763.24, remainder_fraction=100.0000%, Lmin=-756.68, Lmax=-707.18
14:47:06 [ultranest] [DEBUG] iteration=1125, ncalls=5406, regioncalls=197000, ndraw=40, logz=-763.05, remainder_fraction=100.0000%, Lmin=-756.61, Lmax=-707.18
14:47:07 [ultranest] [DEBUG] iteration=1126, ncalls=5425, regioncalls=197760, ndraw=40, logz=-762.96, remainder_fraction=100.0000%, Lmin=-756.54, Lmax=-707.18
14:47:08 [ultranest] [DEBUG] iteration=1127, ncalls=5436, regioncalls=198200, ndraw=40, logz=-762.87, remainder_fraction=100.0000%, Lmin=-756.53, Lmax=-707.18
14:47:08 [ultranest] [DEBUG] iteration=1128, ncalls=5447, regioncalls=198640, ndraw=40, logz=-762.78, remainder_fraction=100.0000%, Lmin=-756.42, Lmax=-707.18
14:47:09 [ultranest] [DEBUG] iteration=1129, ncalls=5466, regioncalls=199400, ndraw=40, logz=-762.70, remainder_fraction=100.0000%, Lmin=-756.39, Lmax=-707.18
14:47:09 [ultranest] [DEBUG] iteration=1130, ncalls=5476, regioncalls=199800, ndraw=40, logz=-762.62, remainder_fraction=100.0000%, Lmin=-756.27, Lmax=-707.18
14:47:10 [ultranest] [DEBUG] iteration=1132, ncalls=5490, regioncalls=200360, ndraw=40, logz=-762.45, remainder_fraction=100.0000%, Lmin=-756.14, Lmax=-707.18
14:47:10 [ultranest] [DEBUG] iteration=1133, ncalls=5493, regioncalls=200480, ndraw=40, logz=-762.37, remainder_fraction=100.0000%, Lmin=-756.06, Lmax=-707.18
14:47:12 [ultranest] [DEBUG] iteration=1134, ncalls=5555, regioncalls=202960, ndraw=40, logz=-762.29, remainder_fraction=100.0000%, Lmin=-755.82, Lmax=-707.18
14:47:14 [ultranest] [DEBUG] iteration=1135, ncalls=5591, regioncalls=204400, ndraw=40, logz=-762.20, remainder_fraction=100.0000%, Lmin=-755.77, Lmax=-707.18
14:47:15 [ultranest] [DEBUG] iteration=1136, ncalls=5617, regioncalls=205440, ndraw=40, logz=-762.11, remainder_fraction=100.0000%, Lmin=-755.41, Lmax=-707.18
14:47:15 [ultranest] [DEBUG] iteration=1137, ncalls=5622, regioncalls=205640, ndraw=40, logz=-762.00, remainder_fraction=100.0000%, Lmin=-755.40, Lmax=-707.18
14:47:16 [ultranest] [DEBUG] iteration=1138, ncalls=5644, regioncalls=206520, ndraw=40, logz=-761.89, remainder_fraction=100.0000%, Lmin=-755.27, Lmax=-707.18
14:47:17 [ultranest] [DEBUG] iteration=1139, ncalls=5665, regioncalls=207360, ndraw=40, logz=-761.79, remainder_fraction=100.0000%, Lmin=-754.98, Lmax=-707.18
14:47:20 [ultranest] [DEBUG] iteration=1140, ncalls=5726, regioncalls=209800, ndraw=40, logz=-761.66, remainder_fraction=100.0000%, Lmin=-754.89, Lmax=-707.18
14:47:20 [ultranest] [DEBUG] iteration=1141, ncalls=5737, regioncalls=210240, ndraw=40, logz=-761.54, remainder_fraction=100.0000%, Lmin=-754.51, Lmax=-707.18
14:47:21 [ultranest] [DEBUG] iteration=1142, ncalls=5745, regioncalls=210560, ndraw=40, logz=-761.39, remainder_fraction=100.0000%, Lmin=-754.43, Lmax=-707.18
14:47:22 [ultranest] [DEBUG] iteration=1144, ncalls=5777, regioncalls=211840, ndraw=40, logz=-761.11, remainder_fraction=100.0000%, Lmin=-754.10, Lmax=-707.18
14:47:23 [ultranest] [DEBUG] iteration=1145, ncalls=5794, regioncalls=212520, ndraw=40, logz=-760.96, remainder_fraction=100.0000%, Lmin=-753.81, Lmax=-707.18
14:47:23 [ultranest] [DEBUG] iteration=1146, ncalls=5803, regioncalls=212880, ndraw=40, logz=-760.79, remainder_fraction=100.0000%, Lmin=-753.73, Lmax=-707.18
14:47:24 [ultranest] [DEBUG] iteration=1147, ncalls=5820, regioncalls=213560, ndraw=40, logz=-760.63, remainder_fraction=100.0000%, Lmin=-753.69, Lmax=-707.18
14:47:24 [ultranest] [DEBUG] iteration=1149, ncalls=5831, regioncalls=214000, ndraw=40, logz=-760.37, remainder_fraction=100.0000%, Lmin=-753.63, Lmax=-707.18
14:47:25 [ultranest] [DEBUG] iteration=1150, ncalls=5844, regioncalls=214520, ndraw=40, logz=-760.26, remainder_fraction=100.0000%, Lmin=-753.57, Lmax=-707.18
14:47:25 [ultranest] [DEBUG] iteration=1151, ncalls=5855, regioncalls=214960, ndraw=40, logz=-760.15, remainder_fraction=100.0000%, Lmin=-753.44, Lmax=-707.18
14:47:26 [ultranest] [DEBUG] iteration=1152, ncalls=5860, regioncalls=215160, ndraw=40, logz=-760.04, remainder_fraction=100.0000%, Lmin=-753.43, Lmax=-707.18
14:47:26 [ultranest] [DEBUG] iteration=1153, ncalls=5863, regioncalls=215280, ndraw=40, logz=-759.94, remainder_fraction=100.0000%, Lmin=-753.39, Lmax=-707.18
14:47:26 [ultranest] [DEBUG] iteration=1155, ncalls=5866, regioncalls=215400, ndraw=40, logz=-759.74, remainder_fraction=100.0000%, Lmin=-753.20, Lmax=-707.18
14:47:28 [ultranest] [DEBUG] iteration=1157, ncalls=5902, regioncalls=216840, ndraw=40, logz=-759.54, remainder_fraction=100.0000%, Lmin=-752.95, Lmax=-707.18
14:47:28 [ultranest] [DEBUG] iteration=1158, ncalls=5906, regioncalls=217000, ndraw=40, logz=-759.44, remainder_fraction=100.0000%, Lmin=-752.91, Lmax=-707.18
14:47:29 [ultranest] [DEBUG] iteration=1159, ncalls=5929, regioncalls=217920, ndraw=40, logz=-759.35, remainder_fraction=100.0000%, Lmin=-752.87, Lmax=-707.18
14:47:29 [ultranest] [DEBUG] iteration=1160, ncalls=5933, regioncalls=218080, ndraw=40, logz=-759.26, remainder_fraction=100.0000%, Lmin=-752.83, Lmax=-707.18
14:47:29 [ultranest] [DEBUG] iteration=1161, ncalls=5939, regioncalls=218320, ndraw=40, logz=-759.18, remainder_fraction=100.0000%, Lmin=-752.67, Lmax=-707.18
14:47:30 [ultranest] [DEBUG] iteration=1162, ncalls=5945, regioncalls=218560, ndraw=40, logz=-759.09, remainder_fraction=100.0000%, Lmin=-752.51, Lmax=-707.18
14:47:30 [ultranest] [DEBUG] iteration=1163, ncalls=5953, regioncalls=218880, ndraw=40, logz=-758.99, remainder_fraction=100.0000%, Lmin=-752.24, Lmax=-707.18
14:47:30 [ultranest] [DEBUG] iteration=1164, ncalls=5960, regioncalls=219160, ndraw=40, logz=-758.88, remainder_fraction=100.0000%, Lmin=-752.08, Lmax=-707.18
14:47:31 [ultranest] [DEBUG] iteration=1165, ncalls=5976, regioncalls=219800, ndraw=40, logz=-758.77, remainder_fraction=100.0000%, Lmin=-751.94, Lmax=-707.18
14:47:32 [ultranest] [DEBUG] iteration=1166, ncalls=5993, regioncalls=220480, ndraw=40, logz=-758.65, remainder_fraction=100.0000%, Lmin=-751.93, Lmax=-707.18
14:47:33 [ultranest] [DEBUG] iteration=1167, ncalls=6014, regioncalls=221320, ndraw=40, logz=-758.54, remainder_fraction=100.0000%, Lmin=-751.82, Lmax=-707.18
14:47:33 [ultranest] [DEBUG] iteration=1168, ncalls=6020, regioncalls=221560, ndraw=40, logz=-758.43, remainder_fraction=100.0000%, Lmin=-751.79, Lmax=-707.18
14:47:34 [ultranest] [DEBUG] iteration=1169, ncalls=6036, regioncalls=222200, ndraw=40, logz=-758.33, remainder_fraction=100.0000%, Lmin=-751.53, Lmax=-707.18
14:47:35 [ultranest] [DEBUG] iteration=1171, ncalls=6060, regioncalls=223160, ndraw=40, logz=-758.11, remainder_fraction=100.0000%, Lmin=-751.35, Lmax=-707.18
14:47:35 [ultranest] [DEBUG] iteration=1172, ncalls=6066, regioncalls=223400, ndraw=40, logz=-758.00, remainder_fraction=100.0000%, Lmin=-751.24, Lmax=-707.18
14:47:35 [ultranest] [DEBUG] iteration=1173, ncalls=6075, regioncalls=223760, ndraw=40, logz=-757.89, remainder_fraction=100.0000%, Lmin=-751.18, Lmax=-707.18
14:47:35 [ultranest] [DEBUG] iteration=1174, ncalls=6078, regioncalls=223880, ndraw=40, logz=-757.78, remainder_fraction=100.0000%, Lmin=-751.17, Lmax=-707.18
14:47:37 [ultranest] [DEBUG] iteration=1175, ncalls=6115, regioncalls=225360, ndraw=40, logz=-757.69, remainder_fraction=100.0000%, Lmin=-751.12, Lmax=-707.18
14:47:37 [ultranest] [DEBUG] iteration=1176, ncalls=6125, regioncalls=225760, ndraw=40, logz=-757.60, remainder_fraction=100.0000%, Lmin=-751.12, Lmax=-707.18
14:47:38 [ultranest] [DEBUG] iteration=1178, ncalls=6145, regioncalls=226560, ndraw=40, logz=-757.43, remainder_fraction=100.0000%, Lmin=-750.96, Lmax=-707.18
14:47:39 [ultranest] [DEBUG] iteration=1179, ncalls=6163, regioncalls=227280, ndraw=40, logz=-757.35, remainder_fraction=100.0000%, Lmin=-750.80, Lmax=-707.18
14:47:39 [ultranest] [DEBUG] iteration=1180, ncalls=6183, regioncalls=228080, ndraw=40, logz=-757.26, remainder_fraction=100.0000%, Lmin=-750.78, Lmax=-707.18
14:47:40 [ultranest] [DEBUG] iteration=1181, ncalls=6194, regioncalls=228520, ndraw=40, logz=-757.17, remainder_fraction=100.0000%, Lmin=-750.67, Lmax=-707.18
14:47:41 [ultranest] [DEBUG] iteration=1182, ncalls=6216, regioncalls=229400, ndraw=40, logz=-757.09, remainder_fraction=100.0000%, Lmin=-750.30, Lmax=-707.18
14:47:42 [ultranest] [DEBUG] iteration=1183, ncalls=6244, regioncalls=230520, ndraw=40, logz=-756.98, remainder_fraction=100.0000%, Lmin=-750.20, Lmax=-707.18
14:47:42 [ultranest] [DEBUG] iteration=1184, ncalls=6249, regioncalls=230720, ndraw=40, logz=-756.87, remainder_fraction=100.0000%, Lmin=-750.07, Lmax=-707.18
14:47:43 [ultranest] [DEBUG] iteration=1185, ncalls=6269, regioncalls=231520, ndraw=40, logz=-756.76, remainder_fraction=100.0000%, Lmin=-749.96, Lmax=-707.18
14:47:44 [ultranest] [DEBUG] iteration=1187, ncalls=6294, regioncalls=232520, ndraw=40, logz=-756.54, remainder_fraction=100.0000%, Lmin=-749.89, Lmax=-707.18
14:47:45 [ultranest] [DEBUG] iteration=1189, ncalls=6323, regioncalls=233680, ndraw=40, logz=-756.35, remainder_fraction=100.0000%, Lmin=-749.71, Lmax=-707.18
14:47:46 [ultranest] [DEBUG] iteration=1190, ncalls=6337, regioncalls=234240, ndraw=40, logz=-756.25, remainder_fraction=100.0000%, Lmin=-749.63, Lmax=-707.18
14:47:47 [ultranest] [DEBUG] iteration=1191, ncalls=6354, regioncalls=234920, ndraw=40, logz=-756.16, remainder_fraction=100.0000%, Lmin=-749.38, Lmax=-707.18
14:47:47 [ultranest] [DEBUG] iteration=1192, ncalls=6358, regioncalls=235080, ndraw=40, logz=-756.05, remainder_fraction=100.0000%, Lmin=-749.37, Lmax=-707.18
14:47:47 [ultranest] [DEBUG] iteration=1194, ncalls=6362, regioncalls=235240, ndraw=40, logz=-755.86, remainder_fraction=100.0000%, Lmin=-749.23, Lmax=-707.18
14:47:47 [ultranest] [DEBUG] iteration=1196, ncalls=6370, regioncalls=235560, ndraw=40, logz=-755.68, remainder_fraction=100.0000%, Lmin=-749.00, Lmax=-707.18
14:47:48 [ultranest] [DEBUG] iteration=1197, ncalls=6395, regioncalls=236560, ndraw=40, logz=-755.58, remainder_fraction=100.0000%, Lmin=-748.91, Lmax=-707.18
14:47:49 [ultranest] [DEBUG] iteration=1198, ncalls=6405, regioncalls=236960, ndraw=40, logz=-755.49, remainder_fraction=100.0000%, Lmin=-748.91, Lmax=-707.18
14:47:49 [ultranest] [DEBUG] iteration=1199, ncalls=6411, regioncalls=237200, ndraw=40, logz=-755.40, remainder_fraction=100.0000%, Lmin=-748.90, Lmax=-707.18
14:47:49 [ultranest] [DEBUG] iteration=1200, ncalls=6417, regioncalls=237440, ndraw=40, logz=-755.32, remainder_fraction=100.0000%, Lmin=-748.90, Lmax=-707.18
14:47:53 [ultranest] [DEBUG] iteration=1201, ncalls=6515, regioncalls=241360, ndraw=40, logz=-755.24, remainder_fraction=100.0000%, Lmin=-748.89, Lmax=-707.18
14:47:54 [ultranest] [DEBUG] iteration=1202, ncalls=6522, regioncalls=241640, ndraw=40, logz=-755.17, remainder_fraction=100.0000%, Lmin=-748.87, Lmax=-707.18
14:47:54 [ultranest] [DEBUG] iteration=1203, ncalls=6531, regioncalls=242000, ndraw=40, logz=-755.11, remainder_fraction=100.0000%, Lmin=-748.77, Lmax=-707.18
14:47:54 [ultranest] [DEBUG] iteration=1205, ncalls=6536, regioncalls=242200, ndraw=40, logz=-754.97, remainder_fraction=100.0000%, Lmin=-748.53, Lmax=-707.18
14:47:55 [ultranest] [DEBUG] iteration=1206, ncalls=6545, regioncalls=242560, ndraw=40, logz=-754.89, remainder_fraction=100.0000%, Lmin=-748.53, Lmax=-707.18
14:47:56 [ultranest] [DEBUG] iteration=1207, ncalls=6568, regioncalls=243480, ndraw=40, logz=-754.82, remainder_fraction=100.0000%, Lmin=-748.45, Lmax=-707.18
14:47:57 [ultranest] [DEBUG] iteration=1208, ncalls=6594, regioncalls=244520, ndraw=40, logz=-754.75, remainder_fraction=100.0000%, Lmin=-748.44, Lmax=-707.18
14:47:57 [ultranest] [DEBUG] iteration=1209, ncalls=6602, regioncalls=244840, ndraw=40, logz=-754.68, remainder_fraction=100.0000%, Lmin=-748.43, Lmax=-707.18
14:47:58 [ultranest] [DEBUG] iteration=1211, ncalls=6615, regioncalls=245360, ndraw=40, logz=-754.56, remainder_fraction=100.0000%, Lmin=-748.21, Lmax=-707.18
14:47:58 [ultranest] [DEBUG] iteration=1212, ncalls=6621, regioncalls=245600, ndraw=40, logz=-754.49, remainder_fraction=100.0000%, Lmin=-748.18, Lmax=-707.18
14:47:59 [ultranest] [DEBUG] iteration=1213, ncalls=6638, regioncalls=246280, ndraw=40, logz=-754.42, remainder_fraction=100.0000%, Lmin=-748.18, Lmax=-707.18
14:47:59 [ultranest] [DEBUG] iteration=1215, ncalls=6647, regioncalls=246640, ndraw=40, logz=-754.30, remainder_fraction=100.0000%, Lmin=-748.10, Lmax=-707.18
14:48:00 [ultranest] [DEBUG] iteration=1216, ncalls=6663, regioncalls=247280, ndraw=40, logz=-754.24, remainder_fraction=100.0000%, Lmin=-748.05, Lmax=-707.18
14:48:00 [ultranest] [DEBUG] iteration=1217, ncalls=6674, regioncalls=247720, ndraw=40, logz=-754.18, remainder_fraction=100.0000%, Lmin=-748.02, Lmax=-707.18
14:48:02 [ultranest] [DEBUG] iteration=1218, ncalls=6721, regioncalls=249600, ndraw=40, logz=-754.13, remainder_fraction=100.0000%, Lmin=-747.94, Lmax=-707.18
14:48:03 [ultranest] [DEBUG] iteration=1219, ncalls=6727, regioncalls=249840, ndraw=40, logz=-754.07, remainder_fraction=100.0000%, Lmin=-747.84, Lmax=-707.18
14:48:05 [ultranest] [DEBUG] iteration=1221, ncalls=6773, regioncalls=251680, ndraw=40, logz=-753.95, remainder_fraction=100.0000%, Lmin=-747.78, Lmax=-707.18
14:48:05 [ultranest] [DEBUG] iteration=1222, ncalls=6788, regioncalls=252280, ndraw=40, logz=-753.90, remainder_fraction=100.0000%, Lmin=-747.56, Lmax=-707.18
14:48:06 [ultranest] [DEBUG] iteration=1224, ncalls=6818, regioncalls=253480, ndraw=40, logz=-753.77, remainder_fraction=100.0000%, Lmin=-747.24, Lmax=-707.18
14:48:08 [ultranest] [DEBUG] iteration=1225, ncalls=6845, regioncalls=254560, ndraw=40, logz=-753.69, remainder_fraction=100.0000%, Lmin=-747.15, Lmax=-707.18
14:48:08 [ultranest] [DEBUG] iteration=1226, ncalls=6863, regioncalls=255280, ndraw=40, logz=-753.61, remainder_fraction=100.0000%, Lmin=-747.13, Lmax=-707.18
14:48:09 [ultranest] [DEBUG] iteration=1227, ncalls=6881, regioncalls=256000, ndraw=40, logz=-753.53, remainder_fraction=100.0000%, Lmin=-747.06, Lmax=-707.18
14:48:09 [ultranest] [DEBUG] iteration=1228, ncalls=6889, regioncalls=256320, ndraw=40, logz=-753.46, remainder_fraction=100.0000%, Lmin=-747.06, Lmax=-707.18
14:48:10 [ultranest] [DEBUG] iteration=1229, ncalls=6895, regioncalls=256560, ndraw=40, logz=-753.39, remainder_fraction=100.0000%, Lmin=-747.06, Lmax=-707.18
14:48:10 [ultranest] [DEBUG] iteration=1230, ncalls=6915, regioncalls=257360, ndraw=40, logz=-753.33, remainder_fraction=100.0000%, Lmin=-746.80, Lmax=-707.18
14:48:11 [ultranest] [DEBUG] iteration=1231, ncalls=6942, regioncalls=258440, ndraw=40, logz=-753.25, remainder_fraction=100.0000%, Lmin=-746.78, Lmax=-707.18
14:48:12 [ultranest] [DEBUG] iteration=1232, ncalls=6966, regioncalls=259400, ndraw=40, logz=-753.18, remainder_fraction=100.0000%, Lmin=-746.68, Lmax=-707.18
14:48:13 [ultranest] [DEBUG] iteration=1233, ncalls=6979, regioncalls=259920, ndraw=40, logz=-753.10, remainder_fraction=100.0000%, Lmin=-746.66, Lmax=-707.18
14:48:14 [ultranest] [DEBUG] iteration=1234, ncalls=6989, regioncalls=260320, ndraw=40, logz=-753.03, remainder_fraction=100.0000%, Lmin=-746.54, Lmax=-707.18
14:48:14 [ultranest] [DEBUG] iteration=1235, ncalls=6999, regioncalls=260720, ndraw=40, logz=-752.96, remainder_fraction=100.0000%, Lmin=-746.47, Lmax=-707.18
14:48:15 [ultranest] [DEBUG] iteration=1236, ncalls=7015, regioncalls=261360, ndraw=40, logz=-752.88, remainder_fraction=100.0000%, Lmin=-746.31, Lmax=-707.18
14:48:16 [ultranest] [DEBUG] iteration=1237, ncalls=7039, regioncalls=262320, ndraw=40, logz=-752.80, remainder_fraction=100.0000%, Lmin=-746.27, Lmax=-707.18
14:48:17 [ultranest] [DEBUG] iteration=1238, ncalls=7061, regioncalls=263200, ndraw=40, logz=-752.73, remainder_fraction=100.0000%, Lmin=-746.24, Lmax=-707.18
14:48:17 [ultranest] [DEBUG] iteration=1239, ncalls=7068, regioncalls=263480, ndraw=40, logz=-752.65, remainder_fraction=100.0000%, Lmin=-746.19, Lmax=-707.18
14:48:18 [ultranest] [DEBUG] iteration=1240, ncalls=7100, regioncalls=264760, ndraw=40, logz=-752.58, remainder_fraction=100.0000%, Lmin=-746.13, Lmax=-707.18
14:48:19 [ultranest] [DEBUG] iteration=1242, ncalls=7113, regioncalls=265280, ndraw=40, logz=-752.42, remainder_fraction=100.0000%, Lmin=-745.81, Lmax=-707.18
14:48:19 [ultranest] [DEBUG] iteration=1243, ncalls=7121, regioncalls=265600, ndraw=40, logz=-752.34, remainder_fraction=100.0000%, Lmin=-745.74, Lmax=-707.18
14:48:21 [ultranest] [DEBUG] iteration=1244, ncalls=7169, regioncalls=267520, ndraw=40, logz=-752.26, remainder_fraction=100.0000%, Lmin=-745.59, Lmax=-707.18
14:48:23 [ultranest] [DEBUG] iteration=1245, ncalls=7204, regioncalls=268920, ndraw=40, logz=-752.18, remainder_fraction=100.0000%, Lmin=-745.50, Lmax=-707.18
14:48:24 [ultranest] [DEBUG] iteration=1246, ncalls=7236, regioncalls=270200, ndraw=40, logz=-752.09, remainder_fraction=100.0000%, Lmin=-745.42, Lmax=-707.18
14:48:25 [ultranest] [DEBUG] iteration=1247, ncalls=7256, regioncalls=271000, ndraw=40, logz=-752.01, remainder_fraction=100.0000%, Lmin=-745.40, Lmax=-707.18
14:48:25 [ultranest] [DEBUG] iteration=1248, ncalls=7257, regioncalls=271040, ndraw=40, logz=-751.93, remainder_fraction=100.0000%, Lmin=-745.28, Lmax=-707.18
14:48:26 [ultranest] [DEBUG] iteration=1249, ncalls=7288, regioncalls=272280, ndraw=40, logz=-751.84, remainder_fraction=100.0000%, Lmin=-745.10, Lmax=-707.18
14:48:27 [ultranest] [DEBUG] iteration=1251, ncalls=7311, regioncalls=273200, ndraw=40, logz=-751.66, remainder_fraction=100.0000%, Lmin=-744.97, Lmax=-707.18
14:48:28 [ultranest] [DEBUG] iteration=1252, ncalls=7339, regioncalls=274320, ndraw=40, logz=-751.58, remainder_fraction=100.0000%, Lmin=-744.84, Lmax=-707.18
14:48:29 [ultranest] [DEBUG] iteration=1253, ncalls=7358, regioncalls=275080, ndraw=40, logz=-751.49, remainder_fraction=100.0000%, Lmin=-744.56, Lmax=-707.18
14:48:29 [ultranest] [DEBUG] iteration=1254, ncalls=7361, regioncalls=275200, ndraw=40, logz=-751.38, remainder_fraction=100.0000%, Lmin=-744.52, Lmax=-707.18
14:48:29 [ultranest] [DEBUG] iteration=1255, ncalls=7364, regioncalls=275320, ndraw=40, logz=-751.28, remainder_fraction=100.0000%, Lmin=-744.43, Lmax=-707.18
14:48:29 [ultranest] [DEBUG] iteration=1256, ncalls=7366, regioncalls=275400, ndraw=40, logz=-751.18, remainder_fraction=100.0000%, Lmin=-744.41, Lmax=-707.18
14:48:30 [ultranest] [DEBUG] iteration=1258, ncalls=7380, regioncalls=275960, ndraw=40, logz=-751.00, remainder_fraction=100.0000%, Lmin=-744.38, Lmax=-707.18
14:48:31 [ultranest] [DEBUG] iteration=1259, ncalls=7392, regioncalls=276440, ndraw=40, logz=-750.93, remainder_fraction=100.0000%, Lmin=-744.38, Lmax=-707.18
14:48:32 [ultranest] [DEBUG] iteration=1260, ncalls=7423, regioncalls=277680, ndraw=40, logz=-750.85, remainder_fraction=100.0000%, Lmin=-744.35, Lmax=-707.18
14:48:32 [ultranest] [DEBUG] iteration=1261, ncalls=7429, regioncalls=277920, ndraw=40, logz=-750.78, remainder_fraction=100.0000%, Lmin=-744.29, Lmax=-707.18
14:48:32 [ultranest] [DEBUG] iteration=1262, ncalls=7434, regioncalls=278120, ndraw=40, logz=-750.71, remainder_fraction=100.0000%, Lmin=-744.20, Lmax=-707.18
14:48:33 [ultranest] [DEBUG] iteration=1263, ncalls=7441, regioncalls=278400, ndraw=40, logz=-750.64, remainder_fraction=100.0000%, Lmin=-744.19, Lmax=-707.18
14:48:33 [ultranest] [DEBUG] iteration=1264, ncalls=7447, regioncalls=278640, ndraw=40, logz=-750.58, remainder_fraction=100.0000%, Lmin=-744.16, Lmax=-707.18
14:48:33 [ultranest] [DEBUG] iteration=1265, ncalls=7456, regioncalls=279000, ndraw=40, logz=-750.51, remainder_fraction=100.0000%, Lmin=-744.14, Lmax=-707.18
14:48:33 [ultranest] [DEBUG] iteration=1266, ncalls=7458, regioncalls=279080, ndraw=40, logz=-750.45, remainder_fraction=100.0000%, Lmin=-744.05, Lmax=-707.18
14:48:34 [ultranest] [DEBUG] iteration=1267, ncalls=7476, regioncalls=279800, ndraw=40, logz=-750.39, remainder_fraction=100.0000%, Lmin=-743.92, Lmax=-707.18
14:48:35 [ultranest] [DEBUG] iteration=1268, ncalls=7488, regioncalls=280280, ndraw=40, logz=-750.32, remainder_fraction=100.0000%, Lmin=-743.89, Lmax=-707.18
14:48:36 [ultranest] [DEBUG] iteration=1269, ncalls=7502, regioncalls=280840, ndraw=40, logz=-750.26, remainder_fraction=100.0000%, Lmin=-743.86, Lmax=-707.18
14:48:39 [ultranest] [DEBUG] iteration=1270, ncalls=7578, regioncalls=283880, ndraw=40, logz=-750.19, remainder_fraction=100.0000%, Lmin=-743.81, Lmax=-707.18
14:48:40 [ultranest] [DEBUG] iteration=1272, ncalls=7608, regioncalls=285080, ndraw=40, logz=-750.08, remainder_fraction=100.0000%, Lmin=-743.78, Lmax=-707.18
14:48:40 [ultranest] [DEBUG] iteration=1273, ncalls=7616, regioncalls=285400, ndraw=40, logz=-750.02, remainder_fraction=100.0000%, Lmin=-743.74, Lmax=-707.18
14:48:42 [ultranest] [DEBUG] iteration=1274, ncalls=7644, regioncalls=286520, ndraw=40, logz=-749.96, remainder_fraction=100.0000%, Lmin=-743.67, Lmax=-707.18
14:48:42 [ultranest] [DEBUG] iteration=1275, ncalls=7653, regioncalls=286880, ndraw=40, logz=-749.91, remainder_fraction=100.0000%, Lmin=-743.66, Lmax=-707.18
14:48:42 [ultranest] [DEBUG] iteration=1276, ncalls=7659, regioncalls=287120, ndraw=40, logz=-749.86, remainder_fraction=100.0000%, Lmin=-743.55, Lmax=-707.18
14:48:43 [ultranest] [DEBUG] iteration=1277, ncalls=7682, regioncalls=288040, ndraw=40, logz=-749.80, remainder_fraction=100.0000%, Lmin=-743.51, Lmax=-707.18
14:48:44 [ultranest] [DEBUG] iteration=1278, ncalls=7698, regioncalls=288680, ndraw=40, logz=-749.75, remainder_fraction=100.0000%, Lmin=-743.47, Lmax=-707.18
14:48:44 [ultranest] [DEBUG] iteration=1279, ncalls=7711, regioncalls=289200, ndraw=40, logz=-749.69, remainder_fraction=100.0000%, Lmin=-743.37, Lmax=-707.18
14:48:45 [ultranest] [DEBUG] iteration=1280, ncalls=7733, regioncalls=290080, ndraw=40, logz=-749.64, remainder_fraction=100.0000%, Lmin=-743.26, Lmax=-707.18
14:48:46 [ultranest] [DEBUG] iteration=1281, ncalls=7754, regioncalls=290920, ndraw=40, logz=-749.58, remainder_fraction=100.0000%, Lmin=-743.25, Lmax=-707.18
14:48:47 [ultranest] [DEBUG] iteration=1282, ncalls=7766, regioncalls=291400, ndraw=40, logz=-749.52, remainder_fraction=100.0000%, Lmin=-742.79, Lmax=-707.18
14:48:48 [ultranest] [DEBUG] iteration=1283, ncalls=7802, regioncalls=292840, ndraw=40, logz=-749.44, remainder_fraction=100.0000%, Lmin=-742.60, Lmax=-707.18
14:48:48 [ultranest] [DEBUG] iteration=1284, ncalls=7806, regioncalls=293000, ndraw=40, logz=-749.35, remainder_fraction=100.0000%, Lmin=-742.56, Lmax=-707.18
14:48:49 [ultranest] [DEBUG] iteration=1285, ncalls=7825, regioncalls=293760, ndraw=40, logz=-749.26, remainder_fraction=100.0000%, Lmin=-742.53, Lmax=-707.18
14:48:50 [ultranest] [DEBUG] iteration=1286, ncalls=7841, regioncalls=294400, ndraw=40, logz=-749.18, remainder_fraction=100.0000%, Lmin=-742.51, Lmax=-707.18
14:48:50 [ultranest] [DEBUG] iteration=1287, ncalls=7859, regioncalls=295120, ndraw=40, logz=-749.10, remainder_fraction=100.0000%, Lmin=-742.45, Lmax=-707.18
14:48:51 [ultranest] [DEBUG] iteration=1289, ncalls=7862, regioncalls=295240, ndraw=40, logz=-748.95, remainder_fraction=100.0000%, Lmin=-742.21, Lmax=-707.18
14:48:51 [ultranest] [DEBUG] iteration=1290, ncalls=7870, regioncalls=295560, ndraw=40, logz=-748.87, remainder_fraction=100.0000%, Lmin=-742.18, Lmax=-707.18
14:48:51 [ultranest] [DEBUG] iteration=1292, ncalls=7882, regioncalls=296040, ndraw=40, logz=-748.72, remainder_fraction=100.0000%, Lmin=-742.16, Lmax=-707.18
14:48:52 [ultranest] [DEBUG] iteration=1293, ncalls=7891, regioncalls=296400, ndraw=40, logz=-748.65, remainder_fraction=100.0000%, Lmin=-742.09, Lmax=-707.18
14:48:52 [ultranest] [DEBUG] iteration=1294, ncalls=7899, regioncalls=296720, ndraw=40, logz=-748.58, remainder_fraction=100.0000%, Lmin=-742.04, Lmax=-707.18
14:48:52 [ultranest] [DEBUG] iteration=1295, ncalls=7902, regioncalls=296840, ndraw=40, logz=-748.52, remainder_fraction=100.0000%, Lmin=-741.95, Lmax=-707.18
14:48:54 [ultranest] [DEBUG] iteration=1296, ncalls=7938, regioncalls=298280, ndraw=40, logz=-748.45, remainder_fraction=100.0000%, Lmin=-741.82, Lmax=-707.18
14:48:54 [ultranest] [DEBUG] iteration=1298, ncalls=7952, regioncalls=298840, ndraw=40, logz=-748.28, remainder_fraction=100.0000%, Lmin=-741.39, Lmax=-707.18
14:48:56 [ultranest] [DEBUG] iteration=1299, ncalls=7983, regioncalls=300080, ndraw=40, logz=-748.19, remainder_fraction=100.0000%, Lmin=-741.32, Lmax=-707.18
14:48:57 [ultranest] [DEBUG] iteration=1301, ncalls=8000, regioncalls=300760, ndraw=40, logz=-748.01, remainder_fraction=100.0000%, Lmin=-741.23, Lmax=-707.18
14:48:57 [ultranest] [DEBUG] iteration=1302, ncalls=8018, regioncalls=301480, ndraw=40, logz=-747.93, remainder_fraction=100.0000%, Lmin=-741.22, Lmax=-707.18
14:48:58 [ultranest] [DEBUG] iteration=1304, ncalls=8025, regioncalls=301760, ndraw=40, logz=-747.78, remainder_fraction=100.0000%, Lmin=-741.09, Lmax=-707.18
14:48:58 [ultranest] [DEBUG] iteration=1305, ncalls=8034, regioncalls=302120, ndraw=40, logz=-747.70, remainder_fraction=100.0000%, Lmin=-740.98, Lmax=-707.18
14:48:58 [ultranest] [DEBUG] iteration=1306, ncalls=8041, regioncalls=302400, ndraw=40, logz=-747.62, remainder_fraction=100.0000%, Lmin=-740.90, Lmax=-707.18
14:48:59 [ultranest] [DEBUG] iteration=1307, ncalls=8053, regioncalls=302880, ndraw=40, logz=-747.55, remainder_fraction=100.0000%, Lmin=-740.86, Lmax=-707.18
14:49:02 [ultranest] [DEBUG] iteration=1308, ncalls=8136, regioncalls=306200, ndraw=40, logz=-747.47, remainder_fraction=100.0000%, Lmin=-740.80, Lmax=-707.18
14:49:04 [ultranest] [DEBUG] iteration=1309, ncalls=8187, regioncalls=308240, ndraw=40, logz=-747.40, remainder_fraction=100.0000%, Lmin=-740.59, Lmax=-707.18
14:49:05 [ultranest] [DEBUG] iteration=1310, ncalls=8191, regioncalls=308400, ndraw=40, logz=-747.31, remainder_fraction=100.0000%, Lmin=-740.35, Lmax=-707.18
14:49:05 [ultranest] [DEBUG] iteration=1311, ncalls=8193, regioncalls=308480, ndraw=40, logz=-747.22, remainder_fraction=100.0000%, Lmin=-740.34, Lmax=-707.18
14:49:06 [ultranest] [DEBUG] iteration=1312, ncalls=8219, regioncalls=309520, ndraw=40, logz=-747.13, remainder_fraction=100.0000%, Lmin=-740.29, Lmax=-707.18
14:49:07 [ultranest] [DEBUG] iteration=1314, ncalls=8253, regioncalls=310880, ndraw=40, logz=-746.96, remainder_fraction=100.0000%, Lmin=-740.24, Lmax=-707.18
14:49:08 [ultranest] [DEBUG] iteration=1315, ncalls=8260, regioncalls=311160, ndraw=40, logz=-746.89, remainder_fraction=100.0000%, Lmin=-740.14, Lmax=-707.18
14:49:08 [ultranest] [DEBUG] iteration=1316, ncalls=8266, regioncalls=311400, ndraw=40, logz=-746.81, remainder_fraction=100.0000%, Lmin=-740.12, Lmax=-707.18
14:49:09 [ultranest] [DEBUG] iteration=1317, ncalls=8278, regioncalls=311880, ndraw=40, logz=-746.74, remainder_fraction=100.0000%, Lmin=-740.02, Lmax=-707.18
14:49:09 [ultranest] [DEBUG] iteration=1318, ncalls=8293, regioncalls=312480, ndraw=40, logz=-746.66, remainder_fraction=100.0000%, Lmin=-739.98, Lmax=-707.18
14:49:10 [ultranest] [DEBUG] iteration=1319, ncalls=8312, regioncalls=313240, ndraw=40, logz=-746.59, remainder_fraction=100.0000%, Lmin=-739.92, Lmax=-707.18
14:49:10 [ultranest] [DEBUG] iteration=1321, ncalls=8319, regioncalls=313520, ndraw=40, logz=-746.45, remainder_fraction=100.0000%, Lmin=-739.88, Lmax=-707.18
14:49:14 [ultranest] [DEBUG] iteration=1322, ncalls=8419, regioncalls=317520, ndraw=40, logz=-746.38, remainder_fraction=100.0000%, Lmin=-739.82, Lmax=-707.18
14:49:15 [ultranest] [DEBUG] iteration=1324, ncalls=8428, regioncalls=317880, ndraw=40, logz=-746.26, remainder_fraction=100.0000%, Lmin=-739.73, Lmax=-707.18
14:49:17 [ultranest] [DEBUG] iteration=1325, ncalls=8473, regioncalls=319680, ndraw=40, logz=-746.20, remainder_fraction=100.0000%, Lmin=-739.72, Lmax=-707.18
14:49:17 [ultranest] [DEBUG] iteration=1326, ncalls=8481, regioncalls=320000, ndraw=40, logz=-746.14, remainder_fraction=100.0000%, Lmin=-739.68, Lmax=-707.18
14:49:17 [ultranest] [DEBUG] iteration=1327, ncalls=8490, regioncalls=320360, ndraw=40, logz=-746.08, remainder_fraction=100.0000%, Lmin=-739.58, Lmax=-707.18
14:49:18 [ultranest] [DEBUG] iteration=1328, ncalls=8493, regioncalls=320480, ndraw=40, logz=-746.02, remainder_fraction=100.0000%, Lmin=-739.57, Lmax=-707.18
14:49:18 [ultranest] [DEBUG] iteration=1329, ncalls=8502, regioncalls=320840, ndraw=40, logz=-745.97, remainder_fraction=100.0000%, Lmin=-739.41, Lmax=-707.18
14:49:19 [ultranest] [DEBUG] iteration=1330, ncalls=8512, regioncalls=321240, ndraw=40, logz=-745.90, remainder_fraction=100.0000%, Lmin=-739.17, Lmax=-707.18
14:49:19 [ultranest] [DEBUG] iteration=1331, ncalls=8526, regioncalls=321800, ndraw=40, logz=-745.83, remainder_fraction=100.0000%, Lmin=-739.11, Lmax=-707.18
14:49:20 [ultranest] [DEBUG] iteration=1332, ncalls=8542, regioncalls=322440, ndraw=40, logz=-745.76, remainder_fraction=100.0000%, Lmin=-738.98, Lmax=-705.87
14:49:20 [ultranest] [DEBUG] iteration=1333, ncalls=8550, regioncalls=322760, ndraw=40, logz=-745.68, remainder_fraction=100.0000%, Lmin=-738.65, Lmax=-705.87
14:49:21 [ultranest] [DEBUG] iteration=1334, ncalls=8565, regioncalls=323360, ndraw=40, logz=-745.58, remainder_fraction=100.0000%, Lmin=-738.58, Lmax=-705.87
14:49:21 [ultranest] [DEBUG] iteration=1335, ncalls=8588, regioncalls=324280, ndraw=40, logz=-745.49, remainder_fraction=100.0000%, Lmin=-738.58, Lmax=-705.87
14:49:22 [ultranest] [DEBUG] iteration=1336, ncalls=8597, regioncalls=324640, ndraw=40, logz=-745.40, remainder_fraction=100.0000%, Lmin=-738.57, Lmax=-705.87
14:49:23 [ultranest] [DEBUG] iteration=1337, ncalls=8617, regioncalls=325440, ndraw=40, logz=-745.32, remainder_fraction=100.0000%, Lmin=-738.54, Lmax=-705.87
14:49:23 [ultranest] [DEBUG] iteration=1338, ncalls=8633, regioncalls=326080, ndraw=40, logz=-745.24, remainder_fraction=100.0000%, Lmin=-738.44, Lmax=-705.87
14:49:27 [ultranest] [DEBUG] iteration=1339, ncalls=8725, regioncalls=329760, ndraw=40, logz=-745.17, remainder_fraction=100.0000%, Lmin=-738.31, Lmax=-705.87
14:49:28 [ultranest] [DEBUG] iteration=1340, ncalls=8735, regioncalls=330160, ndraw=40, logz=-745.09, remainder_fraction=100.0000%, Lmin=-738.26, Lmax=-705.87
14:49:29 [ultranest] [DEBUG] iteration=1341, ncalls=8754, regioncalls=330920, ndraw=40, logz=-745.01, remainder_fraction=100.0000%, Lmin=-738.25, Lmax=-705.87
14:49:30 [ultranest] [DEBUG] iteration=1342, ncalls=8776, regioncalls=331800, ndraw=40, logz=-744.93, remainder_fraction=100.0000%, Lmin=-738.23, Lmax=-705.87
14:49:32 [ultranest] [DEBUG] iteration=1343, ncalls=8828, regioncalls=333880, ndraw=40, logz=-744.86, remainder_fraction=100.0000%, Lmin=-738.22, Lmax=-705.87
14:49:32 [ultranest] [DEBUG] iteration=1344, ncalls=8831, regioncalls=334000, ndraw=40, logz=-744.80, remainder_fraction=100.0000%, Lmin=-738.14, Lmax=-705.87
14:49:33 [ultranest] [DEBUG] iteration=1345, ncalls=8863, regioncalls=335280, ndraw=40, logz=-744.73, remainder_fraction=100.0000%, Lmin=-738.05, Lmax=-705.87
14:49:34 [ultranest] [DEBUG] iteration=1346, ncalls=8884, regioncalls=336120, ndraw=40, logz=-744.66, remainder_fraction=100.0000%, Lmin=-738.05, Lmax=-705.87
14:49:34 [ultranest] [DEBUG] iteration=1347, ncalls=8892, regioncalls=336440, ndraw=40, logz=-744.60, remainder_fraction=100.0000%, Lmin=-737.97, Lmax=-705.87
14:49:36 [ultranest] [DEBUG] iteration=1348, ncalls=8941, regioncalls=338400, ndraw=40, logz=-744.54, remainder_fraction=100.0000%, Lmin=-737.94, Lmax=-705.87
14:49:37 [ultranest] [DEBUG] iteration=1349, ncalls=8958, regioncalls=339080, ndraw=40, logz=-744.47, remainder_fraction=100.0000%, Lmin=-737.94, Lmax=-705.87
14:49:38 [ultranest] [DEBUG] iteration=1350, ncalls=8966, regioncalls=339400, ndraw=40, logz=-744.42, remainder_fraction=100.0000%, Lmin=-737.80, Lmax=-705.87
14:49:39 [ultranest] [DEBUG] iteration=1351, ncalls=8992, regioncalls=340440, ndraw=40, logz=-744.35, remainder_fraction=100.0000%, Lmin=-737.79, Lmax=-705.87
14:49:39 [ultranest] [DEBUG] iteration=1352, ncalls=8997, regioncalls=340640, ndraw=40, logz=-744.29, remainder_fraction=100.0000%, Lmin=-737.71, Lmax=-705.87
14:49:39 [ultranest] [DEBUG] iteration=1353, ncalls=9002, regioncalls=340840, ndraw=40, logz=-744.23, remainder_fraction=100.0000%, Lmin=-737.47, Lmax=-705.87
14:49:42 [ultranest] [DEBUG] iteration=1354, ncalls=9073, regioncalls=343680, ndraw=40, logz=-744.16, remainder_fraction=100.0000%, Lmin=-737.40, Lmax=-705.87
14:49:43 [ultranest] [DEBUG] iteration=1355, ncalls=9102, regioncalls=344840, ndraw=40, logz=-744.09, remainder_fraction=100.0000%, Lmin=-737.26, Lmax=-705.87
14:49:50 [ultranest] [DEBUG] iteration=1356, ncalls=9263, regioncalls=351280, ndraw=40, logz=-744.01, remainder_fraction=100.0000%, Lmin=-737.12, Lmax=-705.87
14:49:51 [ultranest] [DEBUG] iteration=1357, ncalls=9282, regioncalls=352040, ndraw=40, logz=-743.93, remainder_fraction=100.0000%, Lmin=-737.06, Lmax=-705.87
14:49:52 [ultranest] [DEBUG] iteration=1358, ncalls=9315, regioncalls=353360, ndraw=40, logz=-743.85, remainder_fraction=100.0000%, Lmin=-737.04, Lmax=-705.87
14:49:53 [ultranest] [DEBUG] iteration=1359, ncalls=9341, regioncalls=354400, ndraw=40, logz=-743.78, remainder_fraction=100.0000%, Lmin=-736.77, Lmax=-705.87
14:49:54 [ultranest] [DEBUG] iteration=1361, ncalls=9352, regioncalls=354840, ndraw=40, logz=-743.60, remainder_fraction=100.0000%, Lmin=-736.72, Lmax=-705.87
14:49:55 [ultranest] [DEBUG] iteration=1362, ncalls=9376, regioncalls=355800, ndraw=40, logz=-743.52, remainder_fraction=100.0000%, Lmin=-736.66, Lmax=-705.87
14:49:58 [ultranest] [DEBUG] iteration=1363, ncalls=9459, regioncalls=359120, ndraw=40, logz=-743.45, remainder_fraction=100.0000%, Lmin=-736.66, Lmax=-705.87
14:50:01 [ultranest] [DEBUG] iteration=1364, ncalls=9519, regioncalls=361520, ndraw=40, logz=-743.37, remainder_fraction=100.0000%, Lmin=-736.60, Lmax=-705.87
14:50:03 [ultranest] [DEBUG] iteration=1365, ncalls=9571, regioncalls=363600, ndraw=40, logz=-743.30, remainder_fraction=100.0000%, Lmin=-736.49, Lmax=-705.87
14:50:07 [ultranest] [DEBUG] iteration=1366, ncalls=9674, regioncalls=367720, ndraw=40, logz=-743.23, remainder_fraction=100.0000%, Lmin=-736.42, Lmax=-705.87
14:50:08 [ultranest] [DEBUG] iteration=1367, ncalls=9680, regioncalls=367960, ndraw=40, logz=-743.16, remainder_fraction=100.0000%, Lmin=-736.31, Lmax=-705.87
14:50:09 [ultranest] [DEBUG] iteration=1368, ncalls=9703, regioncalls=368880, ndraw=40, logz=-743.08, remainder_fraction=100.0000%, Lmin=-736.26, Lmax=-705.87
14:50:12 [ultranest] [DEBUG] iteration=1369, ncalls=9785, regioncalls=372160, ndraw=40, logz=-743.01, remainder_fraction=100.0000%, Lmin=-736.22, Lmax=-705.87
14:50:13 [ultranest] [DEBUG] iteration=1370, ncalls=9809, regioncalls=373120, ndraw=40, logz=-742.94, remainder_fraction=100.0000%, Lmin=-736.21, Lmax=-705.87
14:50:14 [ultranest] [DEBUG] iteration=1371, ncalls=9824, regioncalls=373720, ndraw=40, logz=-742.87, remainder_fraction=100.0000%, Lmin=-736.20, Lmax=-705.87
14:50:15 [ultranest] [DEBUG] iteration=1372, ncalls=9845, regioncalls=374560, ndraw=40, logz=-742.81, remainder_fraction=100.0000%, Lmin=-736.14, Lmax=-705.87
14:50:15 [ultranest] [DEBUG] iteration=1373, ncalls=9860, regioncalls=375160, ndraw=40, logz=-742.74, remainder_fraction=100.0000%, Lmin=-736.10, Lmax=-705.87
14:50:17 [ultranest] [DEBUG] iteration=1374, ncalls=9887, regioncalls=376240, ndraw=40, logz=-742.68, remainder_fraction=100.0000%, Lmin=-736.04, Lmax=-705.87
14:50:17 [ultranest] [DEBUG] iteration=1376, ncalls=9891, regioncalls=376400, ndraw=40, logz=-742.56, remainder_fraction=100.0000%, Lmin=-735.94, Lmax=-705.87
14:50:17 [ultranest] [DEBUG] iteration=1377, ncalls=9901, regioncalls=376800, ndraw=40, logz=-742.50, remainder_fraction=100.0000%, Lmin=-735.89, Lmax=-705.87
14:50:18 [ultranest] [DEBUG] iteration=1378, ncalls=9920, regioncalls=377560, ndraw=40, logz=-742.44, remainder_fraction=100.0000%, Lmin=-735.89, Lmax=-705.87
14:50:18 [ultranest] [DEBUG] iteration=1379, ncalls=9933, regioncalls=378080, ndraw=40, logz=-742.39, remainder_fraction=100.0000%, Lmin=-735.79, Lmax=-705.87
14:50:19 [ultranest] [DEBUG] iteration=1380, ncalls=9946, regioncalls=378600, ndraw=40, logz=-742.33, remainder_fraction=100.0000%, Lmin=-735.77, Lmax=-705.87
14:50:20 [ultranest] [DEBUG] iteration=1381, ncalls=9979, regioncalls=379920, ndraw=40, logz=-742.27, remainder_fraction=100.0000%, Lmin=-735.73, Lmax=-705.87
14:50:21 [ultranest] [DEBUG] iteration=1382, ncalls=9986, regioncalls=380200, ndraw=40, logz=-742.22, remainder_fraction=100.0000%, Lmin=-735.59, Lmax=-705.87
14:50:24 [ultranest] [DEBUG] iteration=1383, ncalls=10056, regioncalls=383000, ndraw=40, logz=-742.16, remainder_fraction=100.0000%, Lmin=-735.59, Lmax=-705.87
14:50:24 [ultranest] [DEBUG] iteration=1384, ncalls=10065, regioncalls=383360, ndraw=40, logz=-742.11, remainder_fraction=100.0000%, Lmin=-735.58, Lmax=-705.87
14:50:25 [ultranest] [DEBUG] iteration=1385, ncalls=10089, regioncalls=384320, ndraw=40, logz=-742.05, remainder_fraction=100.0000%, Lmin=-735.56, Lmax=-705.87
14:50:26 [ultranest] [DEBUG] iteration=1386, ncalls=10104, regioncalls=384920, ndraw=40, logz=-742.00, remainder_fraction=100.0000%, Lmin=-735.54, Lmax=-705.87
14:50:26 [ultranest] [DEBUG] iteration=1387, ncalls=10119, regioncalls=385520, ndraw=40, logz=-741.95, remainder_fraction=100.0000%, Lmin=-735.49, Lmax=-705.87
14:50:26 [ultranest] [DEBUG] iteration=1389, ncalls=10125, regioncalls=385760, ndraw=40, logz=-741.85, remainder_fraction=100.0000%, Lmin=-735.34, Lmax=-705.87
14:50:27 [ultranest] [DEBUG] iteration=1390, ncalls=10145, regioncalls=386560, ndraw=40, logz=-741.80, remainder_fraction=100.0000%, Lmin=-735.29, Lmax=-705.87
14:50:28 [ultranest] [DEBUG] iteration=1391, ncalls=10150, regioncalls=386760, ndraw=40, logz=-741.75, remainder_fraction=100.0000%, Lmin=-735.27, Lmax=-705.87
14:50:28 [ultranest] [DEBUG] iteration=1392, ncalls=10168, regioncalls=387480, ndraw=40, logz=-741.70, remainder_fraction=100.0000%, Lmin=-735.25, Lmax=-705.87
14:50:28 [ultranest] [DEBUG] iteration=1393, ncalls=10171, regioncalls=387600, ndraw=40, logz=-741.65, remainder_fraction=100.0000%, Lmin=-735.21, Lmax=-705.87
14:50:29 [ultranest] [DEBUG] iteration=1394, ncalls=10175, regioncalls=387760, ndraw=40, logz=-741.60, remainder_fraction=100.0000%, Lmin=-735.12, Lmax=-705.87
14:50:29 [ultranest] [DEBUG] iteration=1395, ncalls=10180, regioncalls=387960, ndraw=40, logz=-741.55, remainder_fraction=100.0000%, Lmin=-735.09, Lmax=-705.87
14:50:31 [ultranest] [DEBUG] iteration=1396, ncalls=10222, regioncalls=389640, ndraw=40, logz=-741.50, remainder_fraction=100.0000%, Lmin=-735.06, Lmax=-705.87
14:50:31 [ultranest] [DEBUG] iteration=1397, ncalls=10225, regioncalls=389760, ndraw=40, logz=-741.46, remainder_fraction=100.0000%, Lmin=-734.95, Lmax=-705.87
14:50:32 [ultranest] [DEBUG] iteration=1398, ncalls=10261, regioncalls=391200, ndraw=40, logz=-741.41, remainder_fraction=100.0000%, Lmin=-734.95, Lmax=-705.87
14:50:33 [ultranest] [DEBUG] iteration=1399, ncalls=10275, regioncalls=391760, ndraw=40, logz=-741.36, remainder_fraction=100.0000%, Lmin=-734.91, Lmax=-705.87
14:50:34 [ultranest] [DEBUG] iteration=1400, ncalls=10304, regioncalls=392920, ndraw=40, logz=-741.31, remainder_fraction=100.0000%, Lmin=-734.75, Lmax=-705.87
14:50:35 [ultranest] [DEBUG] iteration=1401, ncalls=10325, regioncalls=393760, ndraw=40, logz=-741.26, remainder_fraction=100.0000%, Lmin=-734.63, Lmax=-705.87
14:50:35 [ultranest] [DEBUG] iteration=1402, ncalls=10332, regioncalls=394040, ndraw=40, logz=-741.20, remainder_fraction=100.0000%, Lmin=-734.60, Lmax=-705.87
14:50:42 [ultranest] [DEBUG] iteration=1403, ncalls=10497, regioncalls=400640, ndraw=40, logz=-741.15, remainder_fraction=100.0000%, Lmin=-734.56, Lmax=-705.87
14:50:42 [ultranest] [DEBUG] iteration=1404, ncalls=10501, regioncalls=400800, ndraw=40, logz=-741.09, remainder_fraction=100.0000%, Lmin=-734.49, Lmax=-705.87
14:50:43 [ultranest] [DEBUG] iteration=1405, ncalls=10522, regioncalls=401640, ndraw=40, logz=-741.04, remainder_fraction=100.0000%, Lmin=-734.25, Lmax=-705.87
14:50:44 [ultranest] [DEBUG] iteration=1406, ncalls=10535, regioncalls=402160, ndraw=40, logz=-740.97, remainder_fraction=100.0000%, Lmin=-734.24, Lmax=-705.87
14:50:44 [ultranest] [DEBUG] iteration=1407, ncalls=10537, regioncalls=402240, ndraw=40, logz=-740.91, remainder_fraction=100.0000%, Lmin=-733.87, Lmax=-705.87
14:50:44 [ultranest] [DEBUG] iteration=1408, ncalls=10541, regioncalls=402400, ndraw=40, logz=-740.83, remainder_fraction=100.0000%, Lmin=-733.82, Lmax=-705.87
14:50:45 [ultranest] [DEBUG] iteration=1409, ncalls=10559, regioncalls=403120, ndraw=40, logz=-740.75, remainder_fraction=100.0000%, Lmin=-733.80, Lmax=-705.87
14:50:48 [ultranest] [DEBUG] iteration=1410, ncalls=10626, regioncalls=405800, ndraw=40, logz=-740.67, remainder_fraction=100.0000%, Lmin=-733.77, Lmax=-705.87
14:50:48 [ultranest] [DEBUG] iteration=1411, ncalls=10637, regioncalls=406240, ndraw=40, logz=-740.60, remainder_fraction=100.0000%, Lmin=-733.73, Lmax=-705.87
14:50:48 [ultranest] [DEBUG] iteration=1413, ncalls=10647, regioncalls=406640, ndraw=40, logz=-740.46, remainder_fraction=100.0000%, Lmin=-733.57, Lmax=-705.87
14:50:49 [ultranest] [DEBUG] iteration=1415, ncalls=10669, regioncalls=407520, ndraw=40, logz=-740.32, remainder_fraction=100.0000%, Lmin=-733.45, Lmax=-705.87
14:50:49 [ultranest] [DEBUG] iteration=1416, ncalls=10672, regioncalls=407640, ndraw=40, logz=-740.25, remainder_fraction=100.0000%, Lmin=-733.37, Lmax=-705.87
14:50:50 [ultranest] [DEBUG] iteration=1417, ncalls=10695, regioncalls=408560, ndraw=40, logz=-740.18, remainder_fraction=100.0000%, Lmin=-733.33, Lmax=-705.87
14:50:55 [ultranest] [DEBUG] iteration=1418, ncalls=10792, regioncalls=412440, ndraw=40, logz=-740.12, remainder_fraction=100.0000%, Lmin=-732.99, Lmax=-705.87
14:50:55 [ultranest] [DEBUG] iteration=1419, ncalls=10803, regioncalls=412880, ndraw=40, logz=-740.03, remainder_fraction=100.0000%, Lmin=-732.92, Lmax=-705.87
14:50:55 [ultranest] [DEBUG] iteration=1420, ncalls=10813, regioncalls=413280, ndraw=40, logz=-739.94, remainder_fraction=100.0000%, Lmin=-732.91, Lmax=-705.87
14:50:56 [ultranest] [DEBUG] iteration=1421, ncalls=10818, regioncalls=413480, ndraw=40, logz=-739.86, remainder_fraction=100.0000%, Lmin=-732.88, Lmax=-705.87
14:50:57 [ultranest] [DEBUG] iteration=1422, ncalls=10854, regioncalls=414920, ndraw=40, logz=-739.79, remainder_fraction=100.0000%, Lmin=-732.87, Lmax=-705.87
14:50:59 [ultranest] [DEBUG] iteration=1423, ncalls=10896, regioncalls=416600, ndraw=40, logz=-739.72, remainder_fraction=100.0000%, Lmin=-732.81, Lmax=-705.87
14:51:04 [ultranest] [DEBUG] iteration=1424, ncalls=11015, regioncalls=421360, ndraw=40, logz=-739.65, remainder_fraction=100.0000%, Lmin=-732.79, Lmax=-705.87
14:51:05 [ultranest] [DEBUG] iteration=1425, ncalls=11031, regioncalls=422000, ndraw=40, logz=-739.58, remainder_fraction=100.0000%, Lmin=-732.79, Lmax=-705.87
14:51:06 [ultranest] [DEBUG] iteration=1426, ncalls=11050, regioncalls=422760, ndraw=40, logz=-739.52, remainder_fraction=100.0000%, Lmin=-732.76, Lmax=-705.87
14:51:10 [ultranest] [DEBUG] iteration=1427, ncalls=11139, regioncalls=426320, ndraw=40, logz=-739.46, remainder_fraction=100.0000%, Lmin=-732.74, Lmax=-705.87
14:51:10 [ultranest] [DEBUG] iteration=1429, ncalls=11144, regioncalls=426520, ndraw=40, logz=-739.34, remainder_fraction=100.0000%, Lmin=-732.53, Lmax=-705.87
14:51:10 [ultranest] [DEBUG] iteration=1430, ncalls=11151, regioncalls=426800, ndraw=40, logz=-739.28, remainder_fraction=100.0000%, Lmin=-732.42, Lmax=-705.87
14:51:11 [ultranest] [DEBUG] iteration=1431, ncalls=11175, regioncalls=427760, ndraw=40, logz=-739.21, remainder_fraction=100.0000%, Lmin=-732.34, Lmax=-705.87
14:51:13 [ultranest] [DEBUG] iteration=1432, ncalls=11221, regioncalls=429600, ndraw=40, logz=-739.15, remainder_fraction=100.0000%, Lmin=-732.18, Lmax=-705.87
14:51:15 [ultranest] [DEBUG] iteration=1433, ncalls=11261, regioncalls=431200, ndraw=40, logz=-739.07, remainder_fraction=100.0000%, Lmin=-732.06, Lmax=-705.87
14:51:15 [ultranest] [DEBUG] iteration=1435, ncalls=11274, regioncalls=431720, ndraw=40, logz=-738.92, remainder_fraction=100.0000%, Lmin=-731.95, Lmax=-705.87
14:51:19 [ultranest] [DEBUG] iteration=1436, ncalls=11357, regioncalls=435040, ndraw=40, logz=-738.85, remainder_fraction=100.0000%, Lmin=-731.94, Lmax=-705.87
14:51:21 [ultranest] [DEBUG] iteration=1438, ncalls=11409, regioncalls=437120, ndraw=40, logz=-738.71, remainder_fraction=100.0000%, Lmin=-731.83, Lmax=-705.87
14:51:22 [ultranest] [DEBUG] iteration=1439, ncalls=11439, regioncalls=438320, ndraw=40, logz=-738.65, remainder_fraction=100.0000%, Lmin=-731.82, Lmax=-705.87
14:51:27 [ultranest] [DEBUG] iteration=1440, ncalls=11556, regioncalls=443000, ndraw=40, logz=-738.59, remainder_fraction=100.0000%, Lmin=-731.81, Lmax=-705.87
14:51:28 [ultranest] [DEBUG] iteration=1442, ncalls=11574, regioncalls=443720, ndraw=40, logz=-738.47, remainder_fraction=100.0000%, Lmin=-731.66, Lmax=-705.87
14:51:29 [ultranest] [DEBUG] iteration=1443, ncalls=11595, regioncalls=444560, ndraw=40, logz=-738.41, remainder_fraction=100.0000%, Lmin=-731.63, Lmax=-705.87
14:51:31 [ultranest] [DEBUG] iteration=1444, ncalls=11646, regioncalls=446600, ndraw=40, logz=-738.35, remainder_fraction=100.0000%, Lmin=-731.59, Lmax=-705.87
14:51:34 [ultranest] [DEBUG] iteration=1445, ncalls=11702, regioncalls=448840, ndraw=40, logz=-738.29, remainder_fraction=100.0000%, Lmin=-731.56, Lmax=-705.87
14:51:34 [ultranest] [DEBUG] iteration=1446, ncalls=11706, regioncalls=449000, ndraw=40, logz=-738.23, remainder_fraction=100.0000%, Lmin=-731.51, Lmax=-705.87
14:51:37 [ultranest] [DEBUG] iteration=1447, ncalls=11762, regioncalls=451240, ndraw=40, logz=-738.18, remainder_fraction=100.0000%, Lmin=-731.50, Lmax=-705.87
14:51:37 [ultranest] [DEBUG] iteration=1448, ncalls=11774, regioncalls=451720, ndraw=40, logz=-738.13, remainder_fraction=100.0000%, Lmin=-731.43, Lmax=-705.87
14:51:38 [ultranest] [DEBUG] iteration=1449, ncalls=11798, regioncalls=452680, ndraw=40, logz=-738.07, remainder_fraction=100.0000%, Lmin=-731.38, Lmax=-705.87
14:51:39 [ultranest] [DEBUG] iteration=1450, ncalls=11822, regioncalls=453640, ndraw=40, logz=-738.02, remainder_fraction=100.0000%, Lmin=-731.31, Lmax=-705.87
14:51:39 [ultranest] [DEBUG] iteration=1451, ncalls=11830, regioncalls=453960, ndraw=40, logz=-737.96, remainder_fraction=100.0000%, Lmin=-731.31, Lmax=-705.87
14:51:41 [ultranest] [DEBUG] iteration=1452, ncalls=11868, regioncalls=455480, ndraw=40, logz=-737.91, remainder_fraction=100.0000%, Lmin=-731.26, Lmax=-705.87
14:51:42 [ultranest] [DEBUG] iteration=1453, ncalls=11888, regioncalls=456280, ndraw=40, logz=-737.86, remainder_fraction=100.0000%, Lmin=-731.26, Lmax=-705.87
14:51:42 [ultranest] [DEBUG] iteration=1454, ncalls=11892, regioncalls=456440, ndraw=40, logz=-737.81, remainder_fraction=100.0000%, Lmin=-731.24, Lmax=-705.87
14:51:47 [ultranest] [DEBUG] iteration=1455, ncalls=12022, regioncalls=461640, ndraw=40, logz=-737.77, remainder_fraction=100.0000%, Lmin=-731.23, Lmax=-705.87
14:51:47 [ultranest] [DEBUG] iteration=1456, ncalls=12025, regioncalls=461760, ndraw=40, logz=-737.72, remainder_fraction=100.0000%, Lmin=-731.22, Lmax=-705.87
14:51:48 [ultranest] [DEBUG] iteration=1457, ncalls=12050, regioncalls=462760, ndraw=40, logz=-737.68, remainder_fraction=100.0000%, Lmin=-731.18, Lmax=-705.87
14:51:49 [ultranest] [DEBUG] iteration=1458, ncalls=12069, regioncalls=463520, ndraw=40, logz=-737.64, remainder_fraction=100.0000%, Lmin=-731.17, Lmax=-705.87
14:51:50 [ultranest] [DEBUG] iteration=1459, ncalls=12078, regioncalls=463880, ndraw=40, logz=-737.59, remainder_fraction=100.0000%, Lmin=-731.13, Lmax=-705.87
14:51:52 [ultranest] [DEBUG] iteration=1460, ncalls=12141, regioncalls=466400, ndraw=40, logz=-737.55, remainder_fraction=100.0000%, Lmin=-731.05, Lmax=-705.87
14:51:55 [ultranest] [DEBUG] iteration=1461, ncalls=12201, regioncalls=468800, ndraw=40, logz=-737.51, remainder_fraction=100.0000%, Lmin=-731.04, Lmax=-705.87
14:51:55 [ultranest] [DEBUG] iteration=1462, ncalls=12209, regioncalls=469120, ndraw=40, logz=-737.47, remainder_fraction=100.0000%, Lmin=-731.00, Lmax=-705.87
14:51:57 [ultranest] [DEBUG] iteration=1463, ncalls=12243, regioncalls=470480, ndraw=40, logz=-737.43, remainder_fraction=100.0000%, Lmin=-730.88, Lmax=-705.87
14:51:57 [ultranest] [DEBUG] iteration=1464, ncalls=12249, regioncalls=470720, ndraw=40, logz=-737.38, remainder_fraction=100.0000%, Lmin=-730.85, Lmax=-705.87
14:51:58 [ultranest] [DEBUG] iteration=1465, ncalls=12265, regioncalls=471360, ndraw=40, logz=-737.34, remainder_fraction=100.0000%, Lmin=-730.82, Lmax=-705.87
14:51:58 [ultranest] [DEBUG] iteration=1466, ncalls=12273, regioncalls=471680, ndraw=40, logz=-737.29, remainder_fraction=100.0000%, Lmin=-730.79, Lmax=-705.87
14:51:59 [ultranest] [DEBUG] iteration=1467, ncalls=12300, regioncalls=472760, ndraw=40, logz=-737.25, remainder_fraction=100.0000%, Lmin=-730.77, Lmax=-705.87
14:52:01 [ultranest] [DEBUG] iteration=1468, ncalls=12343, regioncalls=474480, ndraw=40, logz=-737.21, remainder_fraction=100.0000%, Lmin=-730.73, Lmax=-705.87
14:52:01 [ultranest] [DEBUG] iteration=1469, ncalls=12350, regioncalls=474760, ndraw=40, logz=-737.17, remainder_fraction=100.0000%, Lmin=-730.63, Lmax=-705.87
14:52:01 [ultranest] [DEBUG] iteration=1471, ncalls=12356, regioncalls=475000, ndraw=40, logz=-737.08, remainder_fraction=100.0000%, Lmin=-730.61, Lmax=-705.87
14:52:03 [ultranest] [DEBUG] iteration=1472, ncalls=12396, regioncalls=476600, ndraw=40, logz=-737.04, remainder_fraction=100.0000%, Lmin=-730.59, Lmax=-705.87
14:52:04 [ultranest] [DEBUG] iteration=1473, ncalls=12430, regioncalls=477960, ndraw=40, logz=-737.00, remainder_fraction=100.0000%, Lmin=-730.51, Lmax=-705.87
14:52:06 [ultranest] [DEBUG] iteration=1474, ncalls=12476, regioncalls=479800, ndraw=40, logz=-736.96, remainder_fraction=100.0000%, Lmin=-730.50, Lmax=-705.87
14:52:08 [ultranest] [DEBUG] iteration=1476, ncalls=12515, regioncalls=481360, ndraw=40, logz=-736.88, remainder_fraction=100.0000%, Lmin=-730.37, Lmax=-705.87
14:52:08 [ultranest] [DEBUG] iteration=1477, ncalls=12523, regioncalls=481680, ndraw=40, logz=-736.84, remainder_fraction=100.0000%, Lmin=-730.36, Lmax=-705.87
14:52:10 [ultranest] [DEBUG] iteration=1478, ncalls=12571, regioncalls=483600, ndraw=40, logz=-736.80, remainder_fraction=100.0000%, Lmin=-730.32, Lmax=-705.87
14:52:13 [ultranest] [DEBUG] iteration=1479, ncalls=12627, regioncalls=485840, ndraw=40, logz=-736.76, remainder_fraction=100.0000%, Lmin=-730.28, Lmax=-705.87
14:52:15 [ultranest] [DEBUG] iteration=1480, ncalls=12668, regioncalls=487480, ndraw=40, logz=-736.72, remainder_fraction=100.0000%, Lmin=-730.23, Lmax=-705.87
14:52:16 [ultranest] [DEBUG] iteration=1481, ncalls=12696, regioncalls=488600, ndraw=40, logz=-736.68, remainder_fraction=100.0000%, Lmin=-730.23, Lmax=-705.87
14:52:17 [ultranest] [DEBUG] iteration=1482, ncalls=12719, regioncalls=489520, ndraw=40, logz=-736.64, remainder_fraction=100.0000%, Lmin=-730.22, Lmax=-705.87
14:52:17 [ultranest] [DEBUG] iteration=1483, ncalls=12726, regioncalls=489800, ndraw=40, logz=-736.60, remainder_fraction=100.0000%, Lmin=-730.20, Lmax=-705.87
14:52:17 [ultranest] [DEBUG] iteration=1484, ncalls=12733, regioncalls=490080, ndraw=40, logz=-736.56, remainder_fraction=100.0000%, Lmin=-730.15, Lmax=-705.87
14:52:18 [ultranest] [DEBUG] iteration=1486, ncalls=12746, regioncalls=490600, ndraw=40, logz=-736.49, remainder_fraction=100.0000%, Lmin=-730.12, Lmax=-705.87
14:52:18 [ultranest] [DEBUG] iteration=1487, ncalls=12762, regioncalls=491240, ndraw=40, logz=-736.46, remainder_fraction=100.0000%, Lmin=-729.98, Lmax=-705.87
14:52:18 [ultranest] [DEBUG] iteration=1488, ncalls=12764, regioncalls=491320, ndraw=40, logz=-736.42, remainder_fraction=100.0000%, Lmin=-729.82, Lmax=-705.87
14:52:20 [ultranest] [DEBUG] iteration=1489, ncalls=12797, regioncalls=492640, ndraw=40, logz=-736.37, remainder_fraction=100.0000%, Lmin=-729.76, Lmax=-705.87
14:52:20 [ultranest] [DEBUG] iteration=1490, ncalls=12806, regioncalls=493000, ndraw=40, logz=-736.33, remainder_fraction=100.0000%, Lmin=-729.73, Lmax=-705.87
14:52:23 [ultranest] [DEBUG] iteration=1491, ncalls=12873, regioncalls=495680, ndraw=40, logz=-736.28, remainder_fraction=100.0000%, Lmin=-729.63, Lmax=-705.87
14:52:24 [ultranest] [DEBUG] iteration=1492, ncalls=12897, regioncalls=496640, ndraw=40, logz=-736.24, remainder_fraction=100.0000%, Lmin=-729.58, Lmax=-705.87
14:52:26 [ultranest] [DEBUG] iteration=1493, ncalls=12950, regioncalls=498760, ndraw=40, logz=-736.19, remainder_fraction=100.0000%, Lmin=-729.58, Lmax=-705.87
14:52:26 [ultranest] [DEBUG] iteration=1494, ncalls=12954, regioncalls=498920, ndraw=40, logz=-736.15, remainder_fraction=100.0000%, Lmin=-729.55, Lmax=-705.87
14:52:29 [ultranest] [DEBUG] iteration=1495, ncalls=13008, regioncalls=501080, ndraw=40, logz=-736.10, remainder_fraction=100.0000%, Lmin=-729.54, Lmax=-705.87
14:52:30 [ultranest] [DEBUG] iteration=1496, ncalls=13050, regioncalls=502760, ndraw=40, logz=-736.06, remainder_fraction=100.0000%, Lmin=-729.54, Lmax=-705.87
14:52:33 [ultranest] [DEBUG] iteration=1497, ncalls=13109, regioncalls=505120, ndraw=40, logz=-736.02, remainder_fraction=100.0000%, Lmin=-729.53, Lmax=-705.87
14:52:34 [ultranest] [DEBUG] iteration=1498, ncalls=13143, regioncalls=506480, ndraw=40, logz=-735.98, remainder_fraction=100.0000%, Lmin=-729.51, Lmax=-705.87
14:52:36 [ultranest] [DEBUG] iteration=1499, ncalls=13184, regioncalls=508120, ndraw=40, logz=-735.94, remainder_fraction=100.0000%, Lmin=-729.49, Lmax=-705.87
14:52:37 [ultranest] [DEBUG] iteration=1500, ncalls=13197, regioncalls=508640, ndraw=40, logz=-735.91, remainder_fraction=100.0000%, Lmin=-729.47, Lmax=-705.87
14:52:37 [ultranest] [DEBUG] iteration=1501, ncalls=13206, regioncalls=509000, ndraw=40, logz=-735.87, remainder_fraction=100.0000%, Lmin=-729.42, Lmax=-705.87
14:52:37 [ultranest] [DEBUG] iteration=1502, ncalls=13211, regioncalls=509200, ndraw=40, logz=-735.83, remainder_fraction=100.0000%, Lmin=-729.39, Lmax=-705.87
14:52:38 [ultranest] [DEBUG] iteration=1503, ncalls=13221, regioncalls=509600, ndraw=40, logz=-735.80, remainder_fraction=100.0000%, Lmin=-729.38, Lmax=-705.87
14:52:38 [ultranest] [DEBUG] iteration=1504, ncalls=13236, regioncalls=510200, ndraw=40, logz=-735.76, remainder_fraction=100.0000%, Lmin=-729.33, Lmax=-705.87
14:52:41 [ultranest] [DEBUG] iteration=1505, ncalls=13298, regioncalls=512680, ndraw=40, logz=-735.72, remainder_fraction=100.0000%, Lmin=-729.26, Lmax=-705.87
14:52:42 [ultranest] [DEBUG] iteration=1506, ncalls=13328, regioncalls=513880, ndraw=40, logz=-735.69, remainder_fraction=100.0000%, Lmin=-729.23, Lmax=-705.87
14:52:43 [ultranest] [DEBUG] iteration=1507, ncalls=13348, regioncalls=514680, ndraw=40, logz=-735.65, remainder_fraction=100.0000%, Lmin=-729.21, Lmax=-705.87
14:52:44 [ultranest] [DEBUG] iteration=1508, ncalls=13378, regioncalls=515880, ndraw=40, logz=-735.61, remainder_fraction=100.0000%, Lmin=-729.07, Lmax=-705.87
14:52:45 [ultranest] [DEBUG] iteration=1509, ncalls=13401, regioncalls=516800, ndraw=40, logz=-735.57, remainder_fraction=100.0000%, Lmin=-729.07, Lmax=-705.87
14:52:46 [ultranest] [DEBUG] iteration=1510, ncalls=13421, regioncalls=517600, ndraw=40, logz=-735.54, remainder_fraction=100.0000%, Lmin=-729.04, Lmax=-705.87
14:52:48 [ultranest] [DEBUG] iteration=1511, ncalls=13453, regioncalls=518880, ndraw=40, logz=-735.50, remainder_fraction=100.0000%, Lmin=-729.03, Lmax=-705.87
14:52:50 [ultranest] [DEBUG] iteration=1512, ncalls=13505, regioncalls=520960, ndraw=40, logz=-735.46, remainder_fraction=100.0000%, Lmin=-728.96, Lmax=-705.87
14:52:51 [ultranest] [DEBUG] iteration=1513, ncalls=13528, regioncalls=521880, ndraw=40, logz=-735.42, remainder_fraction=100.0000%, Lmin=-728.94, Lmax=-705.87
14:52:53 [ultranest] [DEBUG] iteration=1514, ncalls=13576, regioncalls=523800, ndraw=40, logz=-735.39, remainder_fraction=100.0000%, Lmin=-728.93, Lmax=-705.87
14:52:54 [ultranest] [DEBUG] iteration=1515, ncalls=13597, regioncalls=524640, ndraw=40, logz=-735.35, remainder_fraction=100.0000%, Lmin=-728.92, Lmax=-705.87
14:52:56 [ultranest] [DEBUG] iteration=1516, ncalls=13645, regioncalls=526560, ndraw=40, logz=-735.31, remainder_fraction=100.0000%, Lmin=-728.89, Lmax=-705.87
14:52:59 [ultranest] [DEBUG] iteration=1517, ncalls=13727, regioncalls=529840, ndraw=40, logz=-735.28, remainder_fraction=100.0000%, Lmin=-728.85, Lmax=-705.87
14:53:00 [ultranest] [DEBUG] iteration=1518, ncalls=13744, regioncalls=530520, ndraw=40, logz=-735.24, remainder_fraction=100.0000%, Lmin=-728.82, Lmax=-705.87
14:53:01 [ultranest] [DEBUG] iteration=1519, ncalls=13766, regioncalls=531400, ndraw=40, logz=-735.21, remainder_fraction=100.0000%, Lmin=-728.80, Lmax=-705.87
14:53:01 [ultranest] [DEBUG] clustering found some stray points [need_accept=False] (array([1, 2]), array([399,   1]))
14:53:03 [ultranest] [DEBUG] iteration=1521, ncalls=13822, regioncalls=533640, ndraw=40, logz=-735.14, remainder_fraction=100.0000%, Lmin=-728.72, Lmax=-705.87
14:53:04 [ultranest] [DEBUG] iteration=1522, ncalls=13841, regioncalls=534400, ndraw=40, logz=-735.11, remainder_fraction=100.0000%, Lmin=-728.62, Lmax=-705.87
14:53:08 [ultranest] [DEBUG] iteration=1523, ncalls=13945, regioncalls=538560, ndraw=40, logz=-735.07, remainder_fraction=100.0000%, Lmin=-728.62, Lmax=-705.87
14:53:11 [ultranest] [DEBUG] iteration=1524, ncalls=14007, regioncalls=541040, ndraw=40, logz=-735.04, remainder_fraction=100.0000%, Lmin=-728.60, Lmax=-705.87
14:53:14 [ultranest] [DEBUG] iteration=1525, ncalls=14087, regioncalls=544240, ndraw=40, logz=-735.00, remainder_fraction=100.0000%, Lmin=-728.48, Lmax=-705.87
14:53:18 [ultranest] [DEBUG] iteration=1526, ncalls=14168, regioncalls=547480, ndraw=40, logz=-734.96, remainder_fraction=100.0000%, Lmin=-728.47, Lmax=-705.87
14:53:19 [ultranest] [DEBUG] iteration=1527, ncalls=14195, regioncalls=548560, ndraw=40, logz=-734.93, remainder_fraction=100.0000%, Lmin=-728.36, Lmax=-705.87
14:53:20 [ultranest] [DEBUG] iteration=1528, ncalls=14223, regioncalls=549680, ndraw=40, logz=-734.89, remainder_fraction=100.0000%, Lmin=-728.28, Lmax=-705.87
14:53:24 [ultranest] [DEBUG] iteration=1529, ncalls=14310, regioncalls=553160, ndraw=40, logz=-734.85, remainder_fraction=100.0000%, Lmin=-728.26, Lmax=-705.87
14:53:26 [ultranest] [DEBUG] iteration=1530, ncalls=14365, regioncalls=555360, ndraw=40, logz=-734.81, remainder_fraction=100.0000%, Lmin=-728.24, Lmax=-705.87
14:53:28 [ultranest] [DEBUG] iteration=1531, ncalls=14404, regioncalls=556920, ndraw=40, logz=-734.77, remainder_fraction=100.0000%, Lmin=-728.16, Lmax=-705.87
14:53:28 [ultranest] [DEBUG] iteration=1532, ncalls=14410, regioncalls=557160, ndraw=40, logz=-734.73, remainder_fraction=100.0000%, Lmin=-728.06, Lmax=-705.87
14:53:29 [ultranest] [DEBUG] iteration=1533, ncalls=14437, regioncalls=558240, ndraw=40, logz=-734.69, remainder_fraction=100.0000%, Lmin=-727.90, Lmax=-705.87
14:53:31 [ultranest] [DEBUG] iteration=1534, ncalls=14469, regioncalls=559520, ndraw=40, logz=-734.64, remainder_fraction=100.0000%, Lmin=-727.85, Lmax=-705.87
14:53:33 [ultranest] [DEBUG] iteration=1535, ncalls=14533, regioncalls=562080, ndraw=40, logz=-734.59, remainder_fraction=100.0000%, Lmin=-727.84, Lmax=-705.87
14:53:35 [ultranest] [DEBUG] iteration=1536, ncalls=14567, regioncalls=563440, ndraw=40, logz=-734.55, remainder_fraction=100.0000%, Lmin=-727.83, Lmax=-705.87
14:53:39 [ultranest] [DEBUG] iteration=1537, ncalls=14676, regioncalls=567800, ndraw=40, logz=-734.50, remainder_fraction=100.0000%, Lmin=-727.76, Lmax=-705.87
14:53:40 [ultranest] [DEBUG] iteration=1538, ncalls=14688, regioncalls=568280, ndraw=40, logz=-734.46, remainder_fraction=100.0000%, Lmin=-727.73, Lmax=-705.87
14:53:40 [ultranest] [DEBUG] iteration=1539, ncalls=14705, regioncalls=568960, ndraw=40, logz=-734.41, remainder_fraction=100.0000%, Lmin=-727.72, Lmax=-705.87
14:53:42 [ultranest] [DEBUG] iteration=1540, ncalls=14735, regioncalls=570160, ndraw=40, logz=-734.37, remainder_fraction=100.0000%, Lmin=-727.68, Lmax=-705.87
14:53:42 [ultranest] [DEBUG] iteration=1541, ncalls=14749, regioncalls=570720, ndraw=40, logz=-734.33, remainder_fraction=100.0000%, Lmin=-727.60, Lmax=-705.87
14:53:44 [ultranest] [DEBUG] iteration=1542, ncalls=14784, regioncalls=572120, ndraw=40, logz=-734.28, remainder_fraction=100.0000%, Lmin=-727.60, Lmax=-705.87
14:53:48 [ultranest] [DEBUG] iteration=1543, ncalls=14878, regioncalls=575880, ndraw=40, logz=-734.24, remainder_fraction=100.0000%, Lmin=-727.56, Lmax=-705.87
14:53:49 [ultranest] [DEBUG] iteration=1544, ncalls=14916, regioncalls=577400, ndraw=40, logz=-734.20, remainder_fraction=100.0000%, Lmin=-727.55, Lmax=-705.87
14:53:52 [ultranest] [DEBUG] iteration=1545, ncalls=14973, regioncalls=579680, ndraw=40, logz=-734.16, remainder_fraction=100.0000%, Lmin=-727.54, Lmax=-705.87
14:53:54 [ultranest] [DEBUG] iteration=1546, ncalls=15025, regioncalls=581760, ndraw=40, logz=-734.12, remainder_fraction=100.0000%, Lmin=-727.50, Lmax=-705.87
14:53:55 [ultranest] [DEBUG] iteration=1547, ncalls=15047, regioncalls=582640, ndraw=40, logz=-734.08, remainder_fraction=100.0000%, Lmin=-727.48, Lmax=-705.87
14:53:55 [ultranest] [DEBUG] iteration=1548, ncalls=15050, regioncalls=582760, ndraw=40, logz=-734.04, remainder_fraction=100.0000%, Lmin=-727.46, Lmax=-705.87
14:54:00 [ultranest] [DEBUG] iteration=1549, ncalls=15163, regioncalls=587280, ndraw=40, logz=-734.00, remainder_fraction=100.0000%, Lmin=-727.45, Lmax=-705.87
14:54:02 [ultranest] [DEBUG] iteration=1550, ncalls=15226, regioncalls=589800, ndraw=40, logz=-733.97, remainder_fraction=100.0000%, Lmin=-727.44, Lmax=-705.87
14:54:03 [ultranest] [DEBUG] iteration=1552, ncalls=15239, regioncalls=590320, ndraw=40, logz=-733.90, remainder_fraction=100.0000%, Lmin=-727.40, Lmax=-705.87
14:54:03 [ultranest] [DEBUG] iteration=1553, ncalls=15253, regioncalls=590880, ndraw=40, logz=-733.86, remainder_fraction=100.0000%, Lmin=-727.39, Lmax=-705.87
14:54:05 [ultranest] [DEBUG] iteration=1554, ncalls=15282, regioncalls=592040, ndraw=40, logz=-733.83, remainder_fraction=100.0000%, Lmin=-727.35, Lmax=-705.87
14:54:05 [ultranest] [DEBUG] iteration=1555, ncalls=15298, regioncalls=592680, ndraw=40, logz=-733.80, remainder_fraction=100.0000%, Lmin=-727.28, Lmax=-705.87
14:54:06 [ultranest] [DEBUG] iteration=1556, ncalls=15319, regioncalls=593520, ndraw=40, logz=-733.76, remainder_fraction=100.0000%, Lmin=-727.16, Lmax=-705.87
14:54:08 [ultranest] [DEBUG] iteration=1557, ncalls=15363, regioncalls=595280, ndraw=40, logz=-733.72, remainder_fraction=100.0000%, Lmin=-727.15, Lmax=-705.87
14:54:08 [ultranest] [DEBUG] iteration=1558, ncalls=15371, regioncalls=595600, ndraw=40, logz=-733.69, remainder_fraction=100.0000%, Lmin=-727.13, Lmax=-705.87
14:54:09 [ultranest] [DEBUG] iteration=1559, ncalls=15393, regioncalls=596480, ndraw=40, logz=-733.65, remainder_fraction=100.0000%, Lmin=-727.13, Lmax=-705.87
14:54:10 [ultranest] [DEBUG] iteration=1560, ncalls=15406, regioncalls=597000, ndraw=40, logz=-733.62, remainder_fraction=100.0000%, Lmin=-727.13, Lmax=-705.87
14:54:10 [ultranest] [DEBUG] iteration=1561, ncalls=15410, regioncalls=597160, ndraw=40, logz=-733.58, remainder_fraction=100.0000%, Lmin=-727.11, Lmax=-705.87
14:54:12 [ultranest] [DEBUG] iteration=1562, ncalls=15452, regioncalls=598840, ndraw=40, logz=-733.55, remainder_fraction=100.0000%, Lmin=-727.10, Lmax=-705.87
14:54:13 [ultranest] [DEBUG] iteration=1563, ncalls=15474, regioncalls=599720, ndraw=40, logz=-733.52, remainder_fraction=100.0000%, Lmin=-727.10, Lmax=-705.87
14:54:14 [ultranest] [DEBUG] iteration=1564, ncalls=15490, regioncalls=600360, ndraw=40, logz=-733.49, remainder_fraction=100.0000%, Lmin=-727.06, Lmax=-705.87
14:54:14 [ultranest] [DEBUG] iteration=1565, ncalls=15506, regioncalls=601000, ndraw=40, logz=-733.46, remainder_fraction=100.0000%, Lmin=-726.99, Lmax=-705.87
14:54:14 [ultranest] [DEBUG] iteration=1566, ncalls=15511, regioncalls=601200, ndraw=40, logz=-733.42, remainder_fraction=100.0000%, Lmin=-726.95, Lmax=-705.87
14:54:18 [ultranest] [DEBUG] iteration=1567, ncalls=15588, regioncalls=604280, ndraw=40, logz=-733.39, remainder_fraction=100.0000%, Lmin=-726.94, Lmax=-705.87
14:54:18 [ultranest] [DEBUG] iteration=1568, ncalls=15599, regioncalls=604720, ndraw=40, logz=-733.36, remainder_fraction=100.0000%, Lmin=-726.86, Lmax=-705.87
14:54:21 [ultranest] [DEBUG] iteration=1569, ncalls=15668, regioncalls=607480, ndraw=40, logz=-733.33, remainder_fraction=100.0000%, Lmin=-726.83, Lmax=-705.87
14:54:23 [ultranest] [DEBUG] iteration=1570, ncalls=15701, regioncalls=608800, ndraw=40, logz=-733.29, remainder_fraction=100.0000%, Lmin=-726.75, Lmax=-705.87
14:54:25 [ultranest] [DEBUG] iteration=1571, ncalls=15761, regioncalls=611200, ndraw=40, logz=-733.26, remainder_fraction=100.0000%, Lmin=-726.68, Lmax=-705.87
14:54:25 [ultranest] [DEBUG] iteration=1572, ncalls=15766, regioncalls=611400, ndraw=40, logz=-733.23, remainder_fraction=100.0000%, Lmin=-726.62, Lmax=-705.87
14:54:30 [ultranest] [DEBUG] iteration=1573, ncalls=15884, regioncalls=616120, ndraw=40, logz=-733.19, remainder_fraction=100.0000%, Lmin=-726.54, Lmax=-705.87
14:54:31 [ultranest] [DEBUG] iteration=1574, ncalls=15902, regioncalls=616840, ndraw=40, logz=-733.15, remainder_fraction=100.0000%, Lmin=-726.48, Lmax=-705.87
14:54:32 [ultranest] [DEBUG] iteration=1575, ncalls=15934, regioncalls=618120, ndraw=40, logz=-733.11, remainder_fraction=100.0000%, Lmin=-726.46, Lmax=-705.87
14:54:33 [ultranest] [DEBUG] iteration=1576, ncalls=15952, regioncalls=618840, ndraw=40, logz=-733.07, remainder_fraction=100.0000%, Lmin=-726.39, Lmax=-705.87
14:54:36 [ultranest] [DEBUG] iteration=1577, ncalls=16012, regioncalls=621240, ndraw=40, logz=-733.04, remainder_fraction=100.0000%, Lmin=-726.35, Lmax=-705.87
14:54:40 [ultranest] [DEBUG] iteration=1578, ncalls=16108, regioncalls=625080, ndraw=40, logz=-733.00, remainder_fraction=100.0000%, Lmin=-726.21, Lmax=-705.87
14:54:41 [ultranest] [DEBUG] iteration=1579, ncalls=16132, regioncalls=626040, ndraw=40, logz=-732.95, remainder_fraction=100.0000%, Lmin=-726.19, Lmax=-705.87
14:54:54 [ultranest] [DEBUG] iteration=1580, ncalls=16466, regioncalls=639400, ndraw=40, logz=-732.91, remainder_fraction=100.0000%, Lmin=-726.01, Lmax=-705.87
14:54:54 [ultranest] [DEBUG] iteration=1581, ncalls=16470, regioncalls=639560, ndraw=40, logz=-732.87, remainder_fraction=100.0000%, Lmin=-725.93, Lmax=-705.87
14:54:55 [ultranest] [DEBUG] iteration=1582, ncalls=16477, regioncalls=639840, ndraw=40, logz=-732.82, remainder_fraction=100.0000%, Lmin=-725.92, Lmax=-705.87
14:54:57 [ultranest] [DEBUG] iteration=1583, ncalls=16534, regioncalls=642120, ndraw=40, logz=-732.77, remainder_fraction=100.0000%, Lmin=-725.83, Lmax=-705.87
14:54:57 [ultranest] [DEBUG] iteration=1584, ncalls=16537, regioncalls=642240, ndraw=40, logz=-732.72, remainder_fraction=100.0000%, Lmin=-725.82, Lmax=-705.87
14:54:59 [ultranest] [DEBUG] iteration=1585, ncalls=16572, regioncalls=643640, ndraw=40, logz=-732.67, remainder_fraction=100.0000%, Lmin=-725.77, Lmax=-705.87
14:55:05 [ultranest] [DEBUG] iteration=1586, ncalls=16717, regioncalls=649440, ndraw=40, logz=-732.63, remainder_fraction=100.0000%, Lmin=-725.77, Lmax=-705.87
14:55:05 [ultranest] [DEBUG] iteration=1587, ncalls=16731, regioncalls=650000, ndraw=40, logz=-732.58, remainder_fraction=100.0000%, Lmin=-725.74, Lmax=-705.87
14:55:11 [ultranest] [DEBUG] iteration=1588, ncalls=16866, regioncalls=655400, ndraw=40, logz=-732.54, remainder_fraction=100.0000%, Lmin=-725.72, Lmax=-705.87
14:55:14 [ultranest] [DEBUG] iteration=1589, ncalls=16936, regioncalls=658200, ndraw=40, logz=-732.49, remainder_fraction=100.0000%, Lmin=-725.71, Lmax=-705.87
14:55:15 [ultranest] [DEBUG] iteration=1590, ncalls=16965, regioncalls=659360, ndraw=40, logz=-732.45, remainder_fraction=100.0000%, Lmin=-725.69, Lmax=-705.87
14:55:16 [ultranest] [DEBUG] iteration=1591, ncalls=16980, regioncalls=659960, ndraw=40, logz=-732.41, remainder_fraction=100.0000%, Lmin=-725.61, Lmax=-705.87
14:55:20 [ultranest] [DEBUG] iteration=1592, ncalls=17094, regioncalls=664520, ndraw=40, logz=-732.37, remainder_fraction=100.0000%, Lmin=-725.55, Lmax=-705.87
14:55:22 [ultranest] [DEBUG] iteration=1593, ncalls=17142, regioncalls=666440, ndraw=40, logz=-732.33, remainder_fraction=100.0000%, Lmin=-725.55, Lmax=-705.87
14:55:23 [ultranest] [DEBUG] iteration=1594, ncalls=17155, regioncalls=666960, ndraw=40, logz=-732.29, remainder_fraction=100.0000%, Lmin=-725.55, Lmax=-705.87
14:55:27 [ultranest] [DEBUG] iteration=1595, ncalls=17248, regioncalls=670680, ndraw=40, logz=-732.25, remainder_fraction=100.0000%, Lmin=-725.55, Lmax=-705.87
14:55:27 [ultranest] [DEBUG] iteration=1596, ncalls=17256, regioncalls=671000, ndraw=40, logz=-732.21, remainder_fraction=100.0000%, Lmin=-725.52, Lmax=-705.87
14:55:44 [ultranest] [DEBUG] iteration=1597, ncalls=17665, regioncalls=687360, ndraw=40, logz=-732.17, remainder_fraction=100.0000%, Lmin=-725.51, Lmax=-705.87
14:55:45 [ultranest] [DEBUG] iteration=1598, ncalls=17684, regioncalls=688120, ndraw=40, logz=-732.14, remainder_fraction=100.0000%, Lmin=-725.50, Lmax=-705.87
14:55:46 [ultranest] [DEBUG] iteration=1599, ncalls=17709, regioncalls=689120, ndraw=40, logz=-732.10, remainder_fraction=100.0000%, Lmin=-725.47, Lmax=-705.87
14:55:47 [ultranest] [DEBUG] iteration=1600, ncalls=17739, regioncalls=690320, ndraw=40, logz=-732.07, remainder_fraction=100.0000%, Lmin=-725.46, Lmax=-705.87
14:55:49 [ultranest] [DEBUG] iteration=1601, ncalls=17792, regioncalls=692440, ndraw=40, logz=-732.03, remainder_fraction=100.0000%, Lmin=-725.43, Lmax=-705.87
14:55:52 [ultranest] [DEBUG] iteration=1602, ncalls=17855, regioncalls=694960, ndraw=40, logz=-732.00, remainder_fraction=100.0000%, Lmin=-725.42, Lmax=-705.87
14:55:53 [ultranest] [DEBUG] iteration=1603, ncalls=17860, regioncalls=695160, ndraw=40, logz=-731.97, remainder_fraction=100.0000%, Lmin=-725.41, Lmax=-705.87
14:55:55 [ultranest] [DEBUG] iteration=1604, ncalls=17911, regioncalls=697200, ndraw=40, logz=-731.94, remainder_fraction=100.0000%, Lmin=-725.30, Lmax=-705.87
14:55:56 [ultranest] [DEBUG] iteration=1605, ncalls=17939, regioncalls=698320, ndraw=40, logz=-731.90, remainder_fraction=100.0000%, Lmin=-725.24, Lmax=-705.87
14:55:57 [ultranest] [DEBUG] iteration=1606, ncalls=17954, regioncalls=698920, ndraw=40, logz=-731.87, remainder_fraction=100.0000%, Lmin=-725.22, Lmax=-705.87
14:55:57 [ultranest] [DEBUG] iteration=1607, ncalls=17967, regioncalls=699440, ndraw=40, logz=-731.83, remainder_fraction=100.0000%, Lmin=-725.20, Lmax=-705.87
14:55:59 [ultranest] [DEBUG] iteration=1608, ncalls=18015, regioncalls=701360, ndraw=40, logz=-731.80, remainder_fraction=100.0000%, Lmin=-725.19, Lmax=-705.87
14:56:01 [ultranest] [DEBUG] iteration=1609, ncalls=18057, regioncalls=703040, ndraw=40, logz=-731.76, remainder_fraction=100.0000%, Lmin=-725.15, Lmax=-705.87
14:56:03 [ultranest] [DEBUG] iteration=1610, ncalls=18117, regioncalls=705440, ndraw=40, logz=-731.73, remainder_fraction=100.0000%, Lmin=-725.14, Lmax=-705.87
14:56:04 [ultranest] [DEBUG] iteration=1611, ncalls=18120, regioncalls=705560, ndraw=40, logz=-731.70, remainder_fraction=100.0000%, Lmin=-725.12, Lmax=-705.87
14:56:04 [ultranest] [DEBUG] iteration=1612, ncalls=18123, regioncalls=705680, ndraw=40, logz=-731.67, remainder_fraction=100.0000%, Lmin=-725.11, Lmax=-705.87
14:56:04 [ultranest] [DEBUG] iteration=1613, ncalls=18128, regioncalls=705880, ndraw=40, logz=-731.63, remainder_fraction=100.0000%, Lmin=-725.09, Lmax=-705.87
14:56:04 [ultranest] [DEBUG] iteration=1614, ncalls=18134, regioncalls=706120, ndraw=40, logz=-731.60, remainder_fraction=100.0000%, Lmin=-725.07, Lmax=-705.87
14:56:04 [ultranest] [DEBUG] iteration=1616, ncalls=18138, regioncalls=706280, ndraw=40, logz=-731.54, remainder_fraction=100.0000%, Lmin=-724.99, Lmax=-705.87
14:56:04 [ultranest] [DEBUG] iteration=1618, ncalls=18140, regioncalls=706360, ndraw=40, logz=-731.48, remainder_fraction=100.0000%, Lmin=-724.94, Lmax=-705.87
14:56:05 [ultranest] [DEBUG] iteration=1619, ncalls=18143, regioncalls=706480, ndraw=40, logz=-731.45, remainder_fraction=100.0000%, Lmin=-724.92, Lmax=-705.87
14:56:05 [ultranest] [DEBUG] iteration=1621, ncalls=18146, regioncalls=706600, ndraw=40, logz=-731.39, remainder_fraction=100.0000%, Lmin=-724.86, Lmax=-705.87
14:56:05 [ultranest] [DEBUG] iteration=1622, ncalls=18149, regioncalls=706720, ndraw=40, logz=-731.36, remainder_fraction=100.0000%, Lmin=-724.86, Lmax=-705.87
14:56:05 [ultranest] [DEBUG] iteration=1625, ncalls=18153, regioncalls=706880, ndraw=40, logz=-731.28, remainder_fraction=100.0000%, Lmin=-724.75, Lmax=-705.87
14:56:05 [ultranest] [DEBUG] iteration=1628, ncalls=18159, regioncalls=707120, ndraw=40, logz=-731.19, remainder_fraction=100.0000%, Lmin=-724.64, Lmax=-705.87
14:56:06 [ultranest] [DEBUG] iteration=1629, ncalls=18167, regioncalls=707480, ndraw=40, logz=-731.16, remainder_fraction=100.0000%, Lmin=-724.59, Lmax=-705.87
14:56:06 [ultranest] [DEBUG] iteration=1631, ncalls=18175, regioncalls=707800, ndraw=40, logz=-731.10, remainder_fraction=100.0000%, Lmin=-724.58, Lmax=-705.87
14:56:06 [ultranest] [DEBUG] iteration=1632, ncalls=18180, regioncalls=708000, ndraw=40, logz=-731.07, remainder_fraction=100.0000%, Lmin=-724.52, Lmax=-705.87
14:56:07 [ultranest] [DEBUG] iteration=1634, ncalls=18185, regioncalls=708200, ndraw=40, logz=-731.01, remainder_fraction=100.0000%, Lmin=-724.51, Lmax=-705.87
14:56:07 [ultranest] [DEBUG] iteration=1635, ncalls=18194, regioncalls=708560, ndraw=40, logz=-730.98, remainder_fraction=100.0000%, Lmin=-724.50, Lmax=-705.87
14:56:07 [ultranest] [DEBUG] iteration=1637, ncalls=18198, regioncalls=708720, ndraw=40, logz=-730.93, remainder_fraction=100.0000%, Lmin=-724.45, Lmax=-705.87
14:56:07 [ultranest] [DEBUG] iteration=1638, ncalls=18201, regioncalls=708840, ndraw=40, logz=-730.90, remainder_fraction=100.0000%, Lmin=-724.34, Lmax=-705.87
14:56:08 [ultranest] [DEBUG] iteration=1640, ncalls=18203, regioncalls=708920, ndraw=40, logz=-730.84, remainder_fraction=100.0000%, Lmin=-724.33, Lmax=-705.87
14:56:08 [ultranest] [DEBUG] iteration=1641, ncalls=18206, regioncalls=709040, ndraw=40, logz=-730.81, remainder_fraction=100.0000%, Lmin=-724.28, Lmax=-705.87
14:56:08 [ultranest] [DEBUG] iteration=1643, ncalls=18214, regioncalls=709360, ndraw=40, logz=-730.76, remainder_fraction=100.0000%, Lmin=-724.18, Lmax=-705.87
14:56:08 [ultranest] [DEBUG] iteration=1644, ncalls=18223, regioncalls=709720, ndraw=40, logz=-730.73, remainder_fraction=100.0000%, Lmin=-724.15, Lmax=-705.87
14:56:09 [ultranest] [DEBUG] iteration=1645, ncalls=18237, regioncalls=710280, ndraw=40, logz=-730.70, remainder_fraction=100.0000%, Lmin=-724.13, Lmax=-705.87
14:56:10 [ultranest] [DEBUG] iteration=1646, ncalls=18244, regioncalls=710560, ndraw=40, logz=-730.67, remainder_fraction=100.0000%, Lmin=-724.11, Lmax=-705.87
14:56:10 [ultranest] [DEBUG] iteration=1647, ncalls=18249, regioncalls=710760, ndraw=40, logz=-730.64, remainder_fraction=100.0000%, Lmin=-724.07, Lmax=-705.87
14:56:10 [ultranest] [DEBUG] iteration=1648, ncalls=18253, regioncalls=710920, ndraw=40, logz=-730.61, remainder_fraction=100.0000%, Lmin=-724.05, Lmax=-705.87
14:56:10 [ultranest] [DEBUG] iteration=1650, ncalls=18256, regioncalls=711040, ndraw=40, logz=-730.55, remainder_fraction=100.0000%, Lmin=-723.96, Lmax=-705.87
14:56:10 [ultranest] [DEBUG] iteration=1651, ncalls=18259, regioncalls=711160, ndraw=40, logz=-730.52, remainder_fraction=100.0000%, Lmin=-723.93, Lmax=-705.87
14:56:11 [ultranest] [DEBUG] iteration=1652, ncalls=18267, regioncalls=711480, ndraw=40, logz=-730.49, remainder_fraction=100.0000%, Lmin=-723.92, Lmax=-705.87
14:56:11 [ultranest] [DEBUG] iteration=1653, ncalls=18272, regioncalls=711680, ndraw=40, logz=-730.47, remainder_fraction=100.0000%, Lmin=-723.83, Lmax=-705.87
14:56:11 [ultranest] [DEBUG] iteration=1654, ncalls=18276, regioncalls=711840, ndraw=40, logz=-730.44, remainder_fraction=100.0000%, Lmin=-723.80, Lmax=-705.87
14:56:11 [ultranest] [DEBUG] iteration=1657, ncalls=18279, regioncalls=711960, ndraw=40, logz=-730.35, remainder_fraction=100.0000%, Lmin=-723.71, Lmax=-705.87
14:56:12 [ultranest] [DEBUG] iteration=1658, ncalls=18289, regioncalls=712360, ndraw=40, logz=-730.32, remainder_fraction=100.0000%, Lmin=-723.69, Lmax=-705.87
14:56:12 [ultranest] [DEBUG] iteration=1659, ncalls=18294, regioncalls=712560, ndraw=40, logz=-730.29, remainder_fraction=100.0000%, Lmin=-723.67, Lmax=-705.87
14:56:12 [ultranest] [DEBUG] iteration=1660, ncalls=18298, regioncalls=712720, ndraw=40, logz=-730.26, remainder_fraction=100.0000%, Lmin=-723.62, Lmax=-705.87
14:56:13 [ultranest] [DEBUG] iteration=1662, ncalls=18308, regioncalls=713120, ndraw=40, logz=-730.20, remainder_fraction=100.0000%, Lmin=-723.58, Lmax=-705.87
14:56:13 [ultranest] [DEBUG] iteration=1663, ncalls=18316, regioncalls=713440, ndraw=40, logz=-730.17, remainder_fraction=100.0000%, Lmin=-723.55, Lmax=-705.87
14:56:13 [ultranest] [DEBUG] iteration=1664, ncalls=18322, regioncalls=713680, ndraw=40, logz=-730.14, remainder_fraction=100.0000%, Lmin=-723.54, Lmax=-705.87
14:56:14 [ultranest] [DEBUG] iteration=1665, ncalls=18328, regioncalls=713920, ndraw=40, logz=-730.11, remainder_fraction=100.0000%, Lmin=-723.50, Lmax=-705.87
14:56:14 [ultranest] [DEBUG] iteration=1666, ncalls=18331, regioncalls=714040, ndraw=40, logz=-730.08, remainder_fraction=100.0000%, Lmin=-723.46, Lmax=-705.87
14:56:14 [ultranest] [DEBUG] iteration=1667, ncalls=18335, regioncalls=714200, ndraw=40, logz=-730.05, remainder_fraction=100.0000%, Lmin=-723.45, Lmax=-705.87
14:56:14 [ultranest] [DEBUG] iteration=1668, ncalls=18341, regioncalls=714440, ndraw=40, logz=-730.02, remainder_fraction=100.0000%, Lmin=-723.41, Lmax=-705.87
14:56:15 [ultranest] [DEBUG] iteration=1670, ncalls=18352, regioncalls=714880, ndraw=40, logz=-729.96, remainder_fraction=100.0000%, Lmin=-723.37, Lmax=-705.87
14:56:15 [ultranest] [DEBUG] iteration=1671, ncalls=18360, regioncalls=715200, ndraw=40, logz=-729.94, remainder_fraction=100.0000%, Lmin=-723.35, Lmax=-705.87
14:56:15 [ultranest] [DEBUG] iteration=1672, ncalls=18364, regioncalls=715360, ndraw=40, logz=-729.91, remainder_fraction=100.0000%, Lmin=-723.33, Lmax=-705.87
14:56:15 [ultranest] [DEBUG] iteration=1673, ncalls=18366, regioncalls=715440, ndraw=40, logz=-729.88, remainder_fraction=100.0000%, Lmin=-723.26, Lmax=-705.87
14:56:16 [ultranest] [DEBUG] iteration=1674, ncalls=18373, regioncalls=715720, ndraw=40, logz=-729.85, remainder_fraction=100.0000%, Lmin=-723.25, Lmax=-705.87
14:56:16 [ultranest] [DEBUG] iteration=1675, ncalls=18376, regioncalls=715840, ndraw=40, logz=-729.82, remainder_fraction=100.0000%, Lmin=-723.20, Lmax=-705.87
14:56:16 [ultranest] [DEBUG] iteration=1677, ncalls=18382, regioncalls=716080, ndraw=40, logz=-729.77, remainder_fraction=100.0000%, Lmin=-723.11, Lmax=-705.87
14:56:17 [ultranest] [DEBUG] iteration=1680, ncalls=18399, regioncalls=716760, ndraw=40, logz=-729.68, remainder_fraction=100.0000%, Lmin=-723.01, Lmax=-705.87
14:56:17 [ultranest] [DEBUG] iteration=1682, ncalls=18402, regioncalls=716880, ndraw=40, logz=-729.62, remainder_fraction=100.0000%, Lmin=-722.97, Lmax=-705.87
14:56:17 [ultranest] [DEBUG] iteration=1683, ncalls=18408, regioncalls=717120, ndraw=40, logz=-729.59, remainder_fraction=100.0000%, Lmin=-722.96, Lmax=-705.87
14:56:18 [ultranest] [DEBUG] iteration=1684, ncalls=18417, regioncalls=717480, ndraw=40, logz=-729.56, remainder_fraction=100.0000%, Lmin=-722.94, Lmax=-705.87
14:56:18 [ultranest] [DEBUG] iteration=1685, ncalls=18419, regioncalls=717560, ndraw=40, logz=-729.53, remainder_fraction=100.0000%, Lmin=-722.94, Lmax=-705.87
14:56:18 [ultranest] [DEBUG] iteration=1686, ncalls=18423, regioncalls=717720, ndraw=40, logz=-729.51, remainder_fraction=100.0000%, Lmin=-722.92, Lmax=-705.87
14:56:18 [ultranest] [DEBUG] iteration=1688, ncalls=18426, regioncalls=717840, ndraw=40, logz=-729.45, remainder_fraction=100.0000%, Lmin=-722.86, Lmax=-705.87
14:56:18 [ultranest] [DEBUG] iteration=1689, ncalls=18429, regioncalls=717960, ndraw=40, logz=-729.43, remainder_fraction=100.0000%, Lmin=-722.82, Lmax=-705.87
14:56:19 [ultranest] [DEBUG] iteration=1690, ncalls=18443, regioncalls=718520, ndraw=40, logz=-729.40, remainder_fraction=100.0000%, Lmin=-722.77, Lmax=-705.87
14:56:19 [ultranest] [DEBUG] iteration=1692, ncalls=18447, regioncalls=718680, ndraw=40, logz=-729.34, remainder_fraction=100.0000%, Lmin=-722.71, Lmax=-705.87
14:56:19 [ultranest] [DEBUG] iteration=1694, ncalls=18449, regioncalls=718760, ndraw=40, logz=-729.29, remainder_fraction=100.0000%, Lmin=-722.59, Lmax=-705.87
14:56:20 [ultranest] [DEBUG] iteration=1695, ncalls=18461, regioncalls=719240, ndraw=40, logz=-729.26, remainder_fraction=100.0000%, Lmin=-722.51, Lmax=-705.87
14:56:21 [ultranest] [DEBUG] iteration=1697, ncalls=18470, regioncalls=719600, ndraw=40, logz=-729.20, remainder_fraction=100.0000%, Lmin=-722.43, Lmax=-705.87
14:56:21 [ultranest] [DEBUG] iteration=1698, ncalls=18473, regioncalls=719720, ndraw=40, logz=-729.17, remainder_fraction=100.0000%, Lmin=-722.39, Lmax=-705.87
14:56:21 [ultranest] [DEBUG] iteration=1700, ncalls=18476, regioncalls=719840, ndraw=40, logz=-729.11, remainder_fraction=100.0000%, Lmin=-722.30, Lmax=-705.87
14:56:21 [ultranest] [DEBUG] iteration=1701, ncalls=18480, regioncalls=720120, ndraw=40, logz=-729.07, remainder_fraction=100.0000%, Lmin=-722.25, Lmax=-705.87
14:56:21 [ultranest] [DEBUG] iteration=1703, ncalls=18482, regioncalls=720200, ndraw=40, logz=-729.01, remainder_fraction=100.0000%, Lmin=-722.23, Lmax=-705.87
14:56:21 [ultranest] [DEBUG] iteration=1704, ncalls=18488, regioncalls=720440, ndraw=40, logz=-728.98, remainder_fraction=100.0000%, Lmin=-722.20, Lmax=-705.87
14:56:22 [ultranest] [DEBUG] iteration=1706, ncalls=18503, regioncalls=721040, ndraw=40, logz=-728.91, remainder_fraction=100.0000%, Lmin=-722.14, Lmax=-705.87
14:56:22 [ultranest] [DEBUG] iteration=1708, ncalls=18506, regioncalls=721160, ndraw=40, logz=-728.85, remainder_fraction=100.0000%, Lmin=-722.06, Lmax=-705.87
14:56:23 [ultranest] [DEBUG] iteration=1709, ncalls=18510, regioncalls=721320, ndraw=40, logz=-728.82, remainder_fraction=99.9999%, Lmin=-722.06, Lmax=-705.87
14:56:23 [ultranest] [DEBUG] iteration=1710, ncalls=18513, regioncalls=721440, ndraw=40, logz=-728.79, remainder_fraction=99.9999%, Lmin=-722.05, Lmax=-705.87
14:56:23 [ultranest] [DEBUG] iteration=1711, ncalls=18519, regioncalls=721680, ndraw=40, logz=-728.76, remainder_fraction=99.9999%, Lmin=-722.01, Lmax=-705.87
14:56:24 [ultranest] [DEBUG] iteration=1712, ncalls=18531, regioncalls=722160, ndraw=40, logz=-728.73, remainder_fraction=99.9999%, Lmin=-722.00, Lmax=-705.87
14:56:24 [ultranest] [DEBUG] iteration=1713, ncalls=18536, regioncalls=722360, ndraw=40, logz=-728.70, remainder_fraction=99.9999%, Lmin=-721.98, Lmax=-705.87
14:56:24 [ultranest] [DEBUG] iteration=1714, ncalls=18540, regioncalls=722520, ndraw=40, logz=-728.67, remainder_fraction=99.9999%, Lmin=-721.97, Lmax=-705.87
14:56:24 [ultranest] [DEBUG] iteration=1715, ncalls=18545, regioncalls=722720, ndraw=40, logz=-728.65, remainder_fraction=99.9999%, Lmin=-721.94, Lmax=-705.87
14:56:24 [ultranest] [DEBUG] iteration=1717, ncalls=18549, regioncalls=722880, ndraw=40, logz=-728.59, remainder_fraction=99.9999%, Lmin=-721.89, Lmax=-705.87
14:56:25 [ultranest] [DEBUG] iteration=1719, ncalls=18555, regioncalls=723120, ndraw=40, logz=-728.53, remainder_fraction=99.9999%, Lmin=-721.87, Lmax=-705.87
14:56:25 [ultranest] [DEBUG] iteration=1720, ncalls=18570, regioncalls=723720, ndraw=40, logz=-728.51, remainder_fraction=99.9999%, Lmin=-721.86, Lmax=-705.87
14:56:25 [ultranest] [DEBUG] iteration=1722, ncalls=18573, regioncalls=723840, ndraw=40, logz=-728.46, remainder_fraction=99.9999%, Lmin=-721.81, Lmax=-705.87
14:56:26 [ultranest] [DEBUG] iteration=1723, ncalls=18577, regioncalls=724000, ndraw=40, logz=-728.43, remainder_fraction=99.9999%, Lmin=-721.77, Lmax=-705.87
14:56:26 [ultranest] [DEBUG] iteration=1724, ncalls=18592, regioncalls=724600, ndraw=40, logz=-728.40, remainder_fraction=99.9999%, Lmin=-721.72, Lmax=-705.87
14:56:27 [ultranest] [DEBUG] iteration=1726, ncalls=18596, regioncalls=724760, ndraw=40, logz=-728.35, remainder_fraction=99.9999%, Lmin=-721.72, Lmax=-705.87
14:56:27 [ultranest] [DEBUG] iteration=1727, ncalls=18599, regioncalls=724880, ndraw=40, logz=-728.32, remainder_fraction=99.9999%, Lmin=-721.69, Lmax=-705.87
14:56:27 [ultranest] [DEBUG] iteration=1728, ncalls=18600, regioncalls=724920, ndraw=40, logz=-728.30, remainder_fraction=99.9999%, Lmin=-721.69, Lmax=-705.87
14:56:27 [ultranest] [DEBUG] iteration=1729, ncalls=18609, regioncalls=725280, ndraw=40, logz=-728.27, remainder_fraction=99.9999%, Lmin=-721.62, Lmax=-705.87
14:56:27 [ultranest] [DEBUG] iteration=1730, ncalls=18611, regioncalls=725360, ndraw=40, logz=-728.25, remainder_fraction=99.9999%, Lmin=-721.59, Lmax=-705.87
14:56:28 [ultranest] [DEBUG] iteration=1731, ncalls=18620, regioncalls=725720, ndraw=40, logz=-728.22, remainder_fraction=99.9999%, Lmin=-721.59, Lmax=-705.87
14:56:28 [ultranest] [DEBUG] iteration=1733, ncalls=18625, regioncalls=725920, ndraw=40, logz=-728.17, remainder_fraction=99.9999%, Lmin=-721.44, Lmax=-705.87
14:56:28 [ultranest] [DEBUG] iteration=1734, ncalls=18632, regioncalls=726200, ndraw=40, logz=-728.14, remainder_fraction=99.9999%, Lmin=-721.44, Lmax=-705.87
14:56:29 [ultranest] [DEBUG] iteration=1736, ncalls=18637, regioncalls=726400, ndraw=40, logz=-728.09, remainder_fraction=99.9999%, Lmin=-721.40, Lmax=-705.87
14:56:29 [ultranest] [DEBUG] iteration=1738, ncalls=18643, regioncalls=726640, ndraw=40, logz=-728.04, remainder_fraction=99.9999%, Lmin=-721.39, Lmax=-705.87
14:56:29 [ultranest] [DEBUG] iteration=1740, ncalls=18648, regioncalls=726840, ndraw=40, logz=-727.99, remainder_fraction=99.9999%, Lmin=-721.33, Lmax=-705.87
14:56:30 [ultranest] [DEBUG] iteration=1741, ncalls=18657, regioncalls=727200, ndraw=40, logz=-727.96, remainder_fraction=99.9999%, Lmin=-721.29, Lmax=-705.87
14:56:30 [ultranest] [DEBUG] iteration=1742, ncalls=18660, regioncalls=727320, ndraw=40, logz=-727.94, remainder_fraction=99.9999%, Lmin=-721.26, Lmax=-705.87
14:56:30 [ultranest] [DEBUG] iteration=1743, ncalls=18664, regioncalls=727480, ndraw=40, logz=-727.91, remainder_fraction=99.9999%, Lmin=-721.20, Lmax=-705.87
14:56:31 [ultranest] [DEBUG] iteration=1744, ncalls=18676, regioncalls=727960, ndraw=40, logz=-727.89, remainder_fraction=99.9999%, Lmin=-721.13, Lmax=-705.87
14:56:31 [ultranest] [DEBUG] iteration=1745, ncalls=18690, regioncalls=728520, ndraw=40, logz=-727.86, remainder_fraction=99.9999%, Lmin=-721.09, Lmax=-705.87
14:56:32 [ultranest] [DEBUG] iteration=1746, ncalls=18696, regioncalls=728760, ndraw=40, logz=-727.83, remainder_fraction=99.9999%, Lmin=-721.07, Lmax=-705.87
14:56:32 [ultranest] [DEBUG] iteration=1747, ncalls=18701, regioncalls=728960, ndraw=40, logz=-727.80, remainder_fraction=99.9999%, Lmin=-721.07, Lmax=-705.87
14:56:32 [ultranest] [DEBUG] iteration=1748, ncalls=18707, regioncalls=729200, ndraw=40, logz=-727.78, remainder_fraction=99.9998%, Lmin=-721.02, Lmax=-705.87
14:56:33 [ultranest] [DEBUG] iteration=1750, ncalls=18715, regioncalls=729520, ndraw=40, logz=-727.72, remainder_fraction=99.9998%, Lmin=-720.99, Lmax=-705.87
14:56:33 [ultranest] [DEBUG] iteration=1751, ncalls=18718, regioncalls=729640, ndraw=40, logz=-727.70, remainder_fraction=99.9998%, Lmin=-720.96, Lmax=-705.87
14:56:34 [ultranest] [DEBUG] iteration=1752, ncalls=18736, regioncalls=730360, ndraw=40, logz=-727.67, remainder_fraction=99.9998%, Lmin=-720.83, Lmax=-705.87
14:56:34 [ultranest] [DEBUG] iteration=1753, ncalls=18748, regioncalls=730840, ndraw=40, logz=-727.64, remainder_fraction=99.9998%, Lmin=-720.81, Lmax=-705.87
14:56:34 [ultranest] [DEBUG] iteration=1754, ncalls=18754, regioncalls=731080, ndraw=40, logz=-727.61, remainder_fraction=99.9998%, Lmin=-720.79, Lmax=-705.87
14:56:35 [ultranest] [DEBUG] iteration=1755, ncalls=18758, regioncalls=731240, ndraw=40, logz=-727.58, remainder_fraction=99.9998%, Lmin=-720.77, Lmax=-705.87
14:56:35 [ultranest] [DEBUG] iteration=1757, ncalls=18764, regioncalls=731480, ndraw=40, logz=-727.53, remainder_fraction=99.9998%, Lmin=-720.75, Lmax=-705.87
14:56:35 [ultranest] [DEBUG] iteration=1758, ncalls=18769, regioncalls=731680, ndraw=40, logz=-727.50, remainder_fraction=99.9998%, Lmin=-720.72, Lmax=-705.87
14:56:35 [ultranest] [DEBUG] iteration=1759, ncalls=18774, regioncalls=731880, ndraw=40, logz=-727.47, remainder_fraction=99.9998%, Lmin=-720.70, Lmax=-705.87
14:56:36 [ultranest] [DEBUG] iteration=1760, ncalls=18785, regioncalls=732320, ndraw=40, logz=-727.44, remainder_fraction=99.9998%, Lmin=-720.62, Lmax=-705.87
14:56:36 [ultranest] [DEBUG] iteration=1761, ncalls=18792, regioncalls=732760, ndraw=40, logz=-727.42, remainder_fraction=99.9998%, Lmin=-720.60, Lmax=-705.87
14:56:36 [ultranest] [DEBUG] iteration=1763, ncalls=18795, regioncalls=732880, ndraw=40, logz=-727.36, remainder_fraction=99.9998%, Lmin=-720.59, Lmax=-705.87
14:56:36 [ultranest] [DEBUG] iteration=1764, ncalls=18797, regioncalls=732960, ndraw=40, logz=-727.33, remainder_fraction=99.9998%, Lmin=-720.57, Lmax=-705.87
14:56:36 [ultranest] [DEBUG] iteration=1765, ncalls=18799, regioncalls=733040, ndraw=40, logz=-727.31, remainder_fraction=99.9998%, Lmin=-720.56, Lmax=-705.87
14:56:37 [ultranest] [DEBUG] iteration=1766, ncalls=18812, regioncalls=733560, ndraw=40, logz=-727.28, remainder_fraction=99.9997%, Lmin=-720.53, Lmax=-705.87
14:56:37 [ultranest] [DEBUG] iteration=1768, ncalls=18815, regioncalls=733680, ndraw=40, logz=-727.23, remainder_fraction=99.9997%, Lmin=-720.44, Lmax=-705.87
14:56:38 [ultranest] [DEBUG] iteration=1769, ncalls=18820, regioncalls=733880, ndraw=40, logz=-727.20, remainder_fraction=99.9997%, Lmin=-720.33, Lmax=-705.87
14:56:38 [ultranest] [DEBUG] iteration=1771, ncalls=18824, regioncalls=734040, ndraw=40, logz=-727.15, remainder_fraction=99.9997%, Lmin=-720.30, Lmax=-705.87
14:56:38 [ultranest] [DEBUG] iteration=1773, ncalls=18830, regioncalls=734280, ndraw=40, logz=-727.09, remainder_fraction=99.9997%, Lmin=-720.26, Lmax=-705.87
14:56:39 [ultranest] [DEBUG] iteration=1774, ncalls=18841, regioncalls=734720, ndraw=40, logz=-727.06, remainder_fraction=99.9997%, Lmin=-720.25, Lmax=-705.87
14:56:39 [ultranest] [DEBUG] iteration=1775, ncalls=18846, regioncalls=734920, ndraw=40, logz=-727.03, remainder_fraction=99.9997%, Lmin=-720.21, Lmax=-705.87
14:56:39 [ultranest] [DEBUG] iteration=1776, ncalls=18848, regioncalls=735000, ndraw=40, logz=-727.01, remainder_fraction=99.9997%, Lmin=-720.18, Lmax=-705.87
14:56:39 [ultranest] [DEBUG] iteration=1777, ncalls=18852, regioncalls=735160, ndraw=40, logz=-726.98, remainder_fraction=99.9997%, Lmin=-720.17, Lmax=-705.87
14:56:39 [ultranest] [DEBUG] iteration=1778, ncalls=18855, regioncalls=735280, ndraw=40, logz=-726.95, remainder_fraction=99.9997%, Lmin=-720.17, Lmax=-705.87
14:56:39 [ultranest] [DEBUG] iteration=1780, ncalls=18857, regioncalls=735360, ndraw=40, logz=-726.90, remainder_fraction=99.9996%, Lmin=-720.16, Lmax=-705.87
14:56:40 [ultranest] [DEBUG] iteration=1781, ncalls=18860, regioncalls=735480, ndraw=40, logz=-726.88, remainder_fraction=99.9996%, Lmin=-720.12, Lmax=-705.87
14:56:40 [ultranest] [DEBUG] iteration=1782, ncalls=18866, regioncalls=735720, ndraw=40, logz=-726.85, remainder_fraction=99.9996%, Lmin=-720.11, Lmax=-705.87
14:56:40 [ultranest] [DEBUG] iteration=1783, ncalls=18879, regioncalls=736240, ndraw=40, logz=-726.83, remainder_fraction=99.9996%, Lmin=-720.10, Lmax=-705.87
14:56:41 [ultranest] [DEBUG] iteration=1784, ncalls=18883, regioncalls=736400, ndraw=40, logz=-726.80, remainder_fraction=99.9996%, Lmin=-720.10, Lmax=-705.87
14:56:41 [ultranest] [DEBUG] iteration=1785, ncalls=18893, regioncalls=736800, ndraw=40, logz=-726.78, remainder_fraction=99.9996%, Lmin=-720.08, Lmax=-705.87
14:56:41 [ultranest] [DEBUG] iteration=1787, ncalls=18895, regioncalls=736880, ndraw=40, logz=-726.73, remainder_fraction=99.9996%, Lmin=-720.07, Lmax=-705.87
14:56:41 [ultranest] [DEBUG] iteration=1789, ncalls=18899, regioncalls=737040, ndraw=40, logz=-726.69, remainder_fraction=99.9996%, Lmin=-720.06, Lmax=-705.87
14:56:42 [ultranest] [DEBUG] iteration=1791, ncalls=18901, regioncalls=737120, ndraw=40, logz=-726.65, remainder_fraction=99.9995%, Lmin=-720.04, Lmax=-705.87
14:56:42 [ultranest] [DEBUG] iteration=1793, ncalls=18908, regioncalls=737400, ndraw=40, logz=-726.60, remainder_fraction=99.9995%, Lmin=-719.95, Lmax=-705.87
14:56:42 [ultranest] [DEBUG] iteration=1794, ncalls=18910, regioncalls=737480, ndraw=40, logz=-726.58, remainder_fraction=99.9995%, Lmin=-719.89, Lmax=-705.87
14:56:42 [ultranest] [DEBUG] iteration=1795, ncalls=18914, regioncalls=737640, ndraw=40, logz=-726.56, remainder_fraction=99.9995%, Lmin=-719.86, Lmax=-705.87
14:56:43 [ultranest] [DEBUG] iteration=1796, ncalls=18925, regioncalls=738080, ndraw=40, logz=-726.53, remainder_fraction=99.9995%, Lmin=-719.83, Lmax=-705.87
14:56:43 [ultranest] [DEBUG] iteration=1797, ncalls=18930, regioncalls=738280, ndraw=40, logz=-726.51, remainder_fraction=99.9995%, Lmin=-719.81, Lmax=-705.87
14:56:43 [ultranest] [DEBUG] iteration=1798, ncalls=18934, regioncalls=738440, ndraw=40, logz=-726.49, remainder_fraction=99.9995%, Lmin=-719.73, Lmax=-705.87
14:56:43 [ultranest] [DEBUG] iteration=1799, ncalls=18937, regioncalls=738560, ndraw=40, logz=-726.46, remainder_fraction=99.9994%, Lmin=-719.72, Lmax=-705.87
14:56:44 [ultranest] [DEBUG] iteration=1801, ncalls=18942, regioncalls=738760, ndraw=40, logz=-726.42, remainder_fraction=99.9994%, Lmin=-719.63, Lmax=-705.87
14:56:44 [ultranest] [DEBUG] iteration=1802, ncalls=18946, regioncalls=738920, ndraw=40, logz=-726.39, remainder_fraction=99.9994%, Lmin=-719.60, Lmax=-705.87
14:56:44 [ultranest] [DEBUG] iteration=1803, ncalls=18949, regioncalls=739040, ndraw=40, logz=-726.37, remainder_fraction=99.9994%, Lmin=-719.58, Lmax=-705.87
14:56:45 [ultranest] [DEBUG] iteration=1804, ncalls=18964, regioncalls=739640, ndraw=40, logz=-726.34, remainder_fraction=99.9994%, Lmin=-719.58, Lmax=-705.87
14:56:46 [ultranest] [DEBUG] iteration=1805, ncalls=18988, regioncalls=740600, ndraw=40, logz=-726.32, remainder_fraction=99.9994%, Lmin=-719.46, Lmax=-705.87
14:56:46 [ultranest] [DEBUG] iteration=1806, ncalls=19000, regioncalls=741080, ndraw=40, logz=-726.29, remainder_fraction=99.9994%, Lmin=-719.45, Lmax=-705.87
14:56:47 [ultranest] [DEBUG] iteration=1807, ncalls=19004, regioncalls=741240, ndraw=40, logz=-726.27, remainder_fraction=99.9993%, Lmin=-719.43, Lmax=-705.87
14:56:47 [ultranest] [DEBUG] iteration=1808, ncalls=19021, regioncalls=741920, ndraw=40, logz=-726.24, remainder_fraction=99.9993%, Lmin=-719.38, Lmax=-705.87
14:56:48 [ultranest] [DEBUG] iteration=1810, ncalls=19028, regioncalls=742200, ndraw=40, logz=-726.19, remainder_fraction=99.9993%, Lmin=-719.34, Lmax=-705.87
14:56:48 [ultranest] [DEBUG] iteration=1813, ncalls=19033, regioncalls=742400, ndraw=40, logz=-726.11, remainder_fraction=99.9992%, Lmin=-719.30, Lmax=-705.87
14:56:48 [ultranest] [DEBUG] iteration=1814, ncalls=19037, regioncalls=742560, ndraw=40, logz=-726.09, remainder_fraction=99.9992%, Lmin=-719.29, Lmax=-705.87
14:56:48 [ultranest] [DEBUG] iteration=1815, ncalls=19041, regioncalls=742720, ndraw=40, logz=-726.07, remainder_fraction=99.9992%, Lmin=-719.28, Lmax=-705.87
14:56:50 [ultranest] [DEBUG] iteration=1816, ncalls=19065, regioncalls=743680, ndraw=40, logz=-726.04, remainder_fraction=99.9992%, Lmin=-719.26, Lmax=-705.87
14:56:50 [ultranest] [DEBUG] iteration=1817, ncalls=19068, regioncalls=743840, ndraw=40, logz=-726.02, remainder_fraction=99.9992%, Lmin=-719.24, Lmax=-705.87
14:56:50 [ultranest] [DEBUG] iteration=1819, ncalls=19079, regioncalls=744360, ndraw=40, logz=-725.97, remainder_fraction=99.9991%, Lmin=-719.22, Lmax=-705.87
14:56:50 [ultranest] [DEBUG] iteration=1821, ncalls=19083, regioncalls=744520, ndraw=40, logz=-725.93, remainder_fraction=99.9991%, Lmin=-719.20, Lmax=-705.87
14:56:51 [ultranest] [DEBUG] iteration=1823, ncalls=19097, regioncalls=745120, ndraw=40, logz=-725.88, remainder_fraction=99.9990%, Lmin=-719.16, Lmax=-705.87
14:56:51 [ultranest] [DEBUG] iteration=1824, ncalls=19098, regioncalls=745200, ndraw=40, logz=-725.86, remainder_fraction=99.9990%, Lmin=-719.13, Lmax=-705.87
14:56:51 [ultranest] [DEBUG] iteration=1826, ncalls=19100, regioncalls=745280, ndraw=40, logz=-725.82, remainder_fraction=99.9989%, Lmin=-719.03, Lmax=-705.87
14:56:51 [ultranest] [DEBUG] iteration=1828, ncalls=19104, regioncalls=745520, ndraw=40, logz=-725.77, remainder_fraction=99.9989%, Lmin=-718.97, Lmax=-705.87
14:56:52 [ultranest] [DEBUG] iteration=1830, ncalls=19112, regioncalls=745880, ndraw=40, logz=-725.72, remainder_fraction=99.9989%, Lmin=-718.94, Lmax=-705.87
14:56:52 [ultranest] [DEBUG] iteration=1831, ncalls=19115, regioncalls=746000, ndraw=40, logz=-725.70, remainder_fraction=99.9989%, Lmin=-718.93, Lmax=-705.87
14:56:52 [ultranest] [DEBUG] iteration=1832, ncalls=19118, regioncalls=746120, ndraw=40, logz=-725.68, remainder_fraction=99.9989%, Lmin=-718.88, Lmax=-705.87
14:56:52 [ultranest] [DEBUG] iteration=1834, ncalls=19122, regioncalls=746280, ndraw=40, logz=-725.63, remainder_fraction=99.9989%, Lmin=-718.78, Lmax=-705.87
14:56:53 [ultranest] [DEBUG] iteration=1835, ncalls=19127, regioncalls=746480, ndraw=40, logz=-725.61, remainder_fraction=99.9988%, Lmin=-718.77, Lmax=-705.87
14:56:53 [ultranest] [DEBUG] iteration=1836, ncalls=19143, regioncalls=747120, ndraw=40, logz=-725.58, remainder_fraction=99.9988%, Lmin=-718.74, Lmax=-705.87
14:56:54 [ultranest] [DEBUG] iteration=1837, ncalls=19152, regioncalls=747480, ndraw=40, logz=-725.56, remainder_fraction=99.9988%, Lmin=-718.73, Lmax=-705.87
14:56:54 [ultranest] [DEBUG] iteration=1838, ncalls=19161, regioncalls=747840, ndraw=40, logz=-725.53, remainder_fraction=99.9987%, Lmin=-718.70, Lmax=-705.87
14:56:55 [ultranest] [DEBUG] iteration=1839, ncalls=19173, regioncalls=748320, ndraw=40, logz=-725.51, remainder_fraction=99.9987%, Lmin=-718.64, Lmax=-705.87
14:56:55 [ultranest] [DEBUG] iteration=1840, ncalls=19180, regioncalls=748600, ndraw=40, logz=-725.49, remainder_fraction=99.9987%, Lmin=-718.64, Lmax=-705.87
14:56:56 [ultranest] [DEBUG] iteration=1842, ncalls=19202, regioncalls=749480, ndraw=40, logz=-725.44, remainder_fraction=99.9986%, Lmin=-718.58, Lmax=-705.87
14:56:56 [ultranest] [DEBUG] iteration=1844, ncalls=19204, regioncalls=749560, ndraw=40, logz=-725.39, remainder_fraction=99.9985%, Lmin=-718.57, Lmax=-705.87
14:56:57 [ultranest] [DEBUG] iteration=1845, ncalls=19211, regioncalls=749880, ndraw=40, logz=-725.37, remainder_fraction=99.9985%, Lmin=-718.55, Lmax=-705.87
14:56:57 [ultranest] [DEBUG] iteration=1847, ncalls=19217, regioncalls=750120, ndraw=40, logz=-725.32, remainder_fraction=99.9984%, Lmin=-718.52, Lmax=-705.87
14:56:57 [ultranest] [DEBUG] iteration=1848, ncalls=19219, regioncalls=750200, ndraw=40, logz=-725.30, remainder_fraction=99.9984%, Lmin=-718.52, Lmax=-705.87
14:56:57 [ultranest] [DEBUG] iteration=1849, ncalls=19222, regioncalls=750400, ndraw=40, logz=-725.28, remainder_fraction=99.9984%, Lmin=-718.50, Lmax=-705.87
14:56:57 [ultranest] [DEBUG] iteration=1850, ncalls=19226, regioncalls=750560, ndraw=40, logz=-725.26, remainder_fraction=99.9983%, Lmin=-718.48, Lmax=-705.87
14:56:58 [ultranest] [DEBUG] iteration=1851, ncalls=19230, regioncalls=750720, ndraw=40, logz=-725.24, remainder_fraction=99.9983%, Lmin=-718.48, Lmax=-705.87
14:56:58 [ultranest] [DEBUG] iteration=1852, ncalls=19238, regioncalls=751040, ndraw=40, logz=-725.21, remainder_fraction=99.9983%, Lmin=-718.45, Lmax=-705.87
14:56:59 [ultranest] [DEBUG] iteration=1853, ncalls=19250, regioncalls=751640, ndraw=40, logz=-725.19, remainder_fraction=99.9983%, Lmin=-718.37, Lmax=-705.87
14:56:59 [ultranest] [DEBUG] iteration=1854, ncalls=19264, regioncalls=752200, ndraw=40, logz=-725.17, remainder_fraction=99.9982%, Lmin=-718.35, Lmax=-705.87
14:56:59 [ultranest] [DEBUG] iteration=1855, ncalls=19267, regioncalls=752320, ndraw=40, logz=-725.15, remainder_fraction=99.9982%, Lmin=-718.34, Lmax=-705.87
14:57:00 [ultranest] [DEBUG] iteration=1856, ncalls=19277, regioncalls=752720, ndraw=40, logz=-725.13, remainder_fraction=99.9982%, Lmin=-718.34, Lmax=-705.87
14:57:01 [ultranest] [DEBUG] iteration=1859, ncalls=19296, regioncalls=753480, ndraw=40, logz=-725.06, remainder_fraction=99.9980%, Lmin=-718.30, Lmax=-705.87
14:57:01 [ultranest] [DEBUG] iteration=1860, ncalls=19308, regioncalls=753960, ndraw=40, logz=-725.04, remainder_fraction=99.9980%, Lmin=-718.27, Lmax=-705.87
14:57:03 [ultranest] [DEBUG] iteration=1861, ncalls=19335, regioncalls=755040, ndraw=40, logz=-725.02, remainder_fraction=99.9979%, Lmin=-718.27, Lmax=-705.87
14:57:03 [ultranest] [DEBUG] iteration=1862, ncalls=19340, regioncalls=755240, ndraw=40, logz=-725.00, remainder_fraction=99.9979%, Lmin=-718.18, Lmax=-705.87
14:57:04 [ultranest] [DEBUG] iteration=1863, ncalls=19369, regioncalls=756400, ndraw=40, logz=-724.98, remainder_fraction=99.9978%, Lmin=-718.15, Lmax=-705.87
14:57:05 [ultranest] [DEBUG] iteration=1864, ncalls=19385, regioncalls=757040, ndraw=40, logz=-724.96, remainder_fraction=99.9978%, Lmin=-718.10, Lmax=-705.87
14:57:06 [ultranest] [DEBUG] iteration=1865, ncalls=19395, regioncalls=757440, ndraw=40, logz=-724.93, remainder_fraction=99.9977%, Lmin=-718.08, Lmax=-705.87
14:57:06 [ultranest] [DEBUG] iteration=1867, ncalls=19398, regioncalls=757560, ndraw=40, logz=-724.89, remainder_fraction=99.9976%, Lmin=-718.07, Lmax=-705.87
14:57:06 [ultranest] [DEBUG] iteration=1869, ncalls=19403, regioncalls=757760, ndraw=40, logz=-724.84, remainder_fraction=99.9975%, Lmin=-717.97, Lmax=-705.87
14:57:07 [ultranest] [DEBUG] iteration=1870, ncalls=19415, regioncalls=758240, ndraw=40, logz=-724.82, remainder_fraction=99.9974%, Lmin=-717.91, Lmax=-705.87
14:57:07 [ultranest] [DEBUG] iteration=1871, ncalls=19419, regioncalls=758440, ndraw=40, logz=-724.80, remainder_fraction=99.9973%, Lmin=-717.90, Lmax=-705.87
14:57:07 [ultranest] [DEBUG] iteration=1872, ncalls=19420, regioncalls=758480, ndraw=40, logz=-724.77, remainder_fraction=99.9973%, Lmin=-717.90, Lmax=-705.87
14:57:07 [ultranest] [DEBUG] iteration=1873, ncalls=19427, regioncalls=758840, ndraw=40, logz=-724.75, remainder_fraction=99.9972%, Lmin=-717.86, Lmax=-705.87
14:57:07 [ultranest] [DEBUG] iteration=1874, ncalls=19430, regioncalls=759000, ndraw=40, logz=-724.73, remainder_fraction=99.9971%, Lmin=-717.84, Lmax=-705.87
14:57:07 [ultranest] [DEBUG] iteration=1875, ncalls=19433, regioncalls=759120, ndraw=40, logz=-724.71, remainder_fraction=99.9971%, Lmin=-717.83, Lmax=-705.87
14:57:08 [ultranest] [DEBUG] iteration=1876, ncalls=19440, regioncalls=759400, ndraw=40, logz=-724.68, remainder_fraction=99.9970%, Lmin=-717.82, Lmax=-705.87
14:57:08 [ultranest] [DEBUG] iteration=1878, ncalls=19447, regioncalls=759680, ndraw=40, logz=-724.64, remainder_fraction=99.9968%, Lmin=-717.79, Lmax=-705.87
14:57:08 [ultranest] [DEBUG] iteration=1879, ncalls=19449, regioncalls=759760, ndraw=40, logz=-724.62, remainder_fraction=99.9968%, Lmin=-717.74, Lmax=-705.87
14:57:08 [ultranest] [DEBUG] iteration=1881, ncalls=19452, regioncalls=760000, ndraw=40, logz=-724.57, remainder_fraction=99.9966%, Lmin=-717.72, Lmax=-705.87
14:57:09 [ultranest] [DEBUG] iteration=1883, ncalls=19456, regioncalls=760160, ndraw=40, logz=-724.53, remainder_fraction=99.9965%, Lmin=-717.68, Lmax=-705.87
14:57:09 [ultranest] [DEBUG] iteration=1885, ncalls=19461, regioncalls=760360, ndraw=40, logz=-724.49, remainder_fraction=99.9963%, Lmin=-717.63, Lmax=-705.87
14:57:09 [ultranest] [DEBUG] iteration=1887, ncalls=19464, regioncalls=760480, ndraw=40, logz=-724.44, remainder_fraction=99.9961%, Lmin=-717.59, Lmax=-705.87
14:57:09 [ultranest] [DEBUG] iteration=1889, ncalls=19471, regioncalls=760760, ndraw=40, logz=-724.40, remainder_fraction=99.9959%, Lmin=-717.56, Lmax=-705.87
14:57:10 [ultranest] [DEBUG] iteration=1891, ncalls=19475, regioncalls=760920, ndraw=40, logz=-724.36, remainder_fraction=99.9961%, Lmin=-717.50, Lmax=-705.87
14:57:10 [ultranest] [DEBUG] iteration=1893, ncalls=19488, regioncalls=761440, ndraw=40, logz=-724.32, remainder_fraction=99.9959%, Lmin=-717.47, Lmax=-705.87
14:57:10 [ultranest] [DEBUG] iteration=1894, ncalls=19494, regioncalls=761680, ndraw=40, logz=-724.30, remainder_fraction=99.9958%, Lmin=-717.41, Lmax=-705.87
14:57:11 [ultranest] [DEBUG] iteration=1895, ncalls=19503, regioncalls=762040, ndraw=40, logz=-724.28, remainder_fraction=99.9957%, Lmin=-717.39, Lmax=-705.87
14:57:12 [ultranest] [DEBUG] iteration=1896, ncalls=19520, regioncalls=762720, ndraw=40, logz=-724.25, remainder_fraction=99.9957%, Lmin=-717.36, Lmax=-705.87
14:57:12 [ultranest] [DEBUG] iteration=1897, ncalls=19527, regioncalls=763000, ndraw=40, logz=-724.23, remainder_fraction=99.9956%, Lmin=-717.35, Lmax=-705.87
14:57:12 [ultranest] [DEBUG] iteration=1898, ncalls=19529, regioncalls=763080, ndraw=40, logz=-724.21, remainder_fraction=99.9955%, Lmin=-717.33, Lmax=-705.87
14:57:13 [ultranest] [DEBUG] iteration=1899, ncalls=19537, regioncalls=763400, ndraw=40, logz=-724.19, remainder_fraction=99.9954%, Lmin=-717.31, Lmax=-705.87
14:57:13 [ultranest] [DEBUG] iteration=1900, ncalls=19539, regioncalls=763480, ndraw=40, logz=-724.17, remainder_fraction=99.9953%, Lmin=-717.29, Lmax=-705.87
14:57:13 [ultranest] [DEBUG] iteration=1902, ncalls=19542, regioncalls=763600, ndraw=40, logz=-724.13, remainder_fraction=99.9951%, Lmin=-717.27, Lmax=-705.87
14:57:13 [ultranest] [DEBUG] iteration=1904, ncalls=19545, regioncalls=763720, ndraw=40, logz=-724.09, remainder_fraction=99.9949%, Lmin=-717.24, Lmax=-705.87
14:57:13 [ultranest] [DEBUG] iteration=1905, ncalls=19551, regioncalls=763960, ndraw=40, logz=-724.07, remainder_fraction=99.9948%, Lmin=-717.20, Lmax=-705.87
14:57:14 [ultranest] [DEBUG] iteration=1907, ncalls=19570, regioncalls=764720, ndraw=40, logz=-724.02, remainder_fraction=99.9945%, Lmin=-717.17, Lmax=-705.87
14:57:15 [ultranest] [DEBUG] iteration=1909, ncalls=19575, regioncalls=764920, ndraw=40, logz=-723.98, remainder_fraction=99.9943%, Lmin=-717.11, Lmax=-705.87
14:57:15 [ultranest] [DEBUG] iteration=1910, ncalls=19578, regioncalls=765040, ndraw=40, logz=-723.96, remainder_fraction=99.9941%, Lmin=-717.08, Lmax=-705.87
14:57:15 [ultranest] [DEBUG] iteration=1912, ncalls=19589, regioncalls=765480, ndraw=40, logz=-723.92, remainder_fraction=99.9939%, Lmin=-717.07, Lmax=-705.87
14:57:16 [ultranest] [DEBUG] iteration=1914, ncalls=19598, regioncalls=765840, ndraw=40, logz=-723.88, remainder_fraction=99.9938%, Lmin=-717.04, Lmax=-705.87
14:57:16 [ultranest] [DEBUG] iteration=1915, ncalls=19604, regioncalls=766080, ndraw=40, logz=-723.86, remainder_fraction=99.9937%, Lmin=-717.04, Lmax=-705.87
14:57:16 [ultranest] [DEBUG] iteration=1917, ncalls=19608, regioncalls=766240, ndraw=40, logz=-723.82, remainder_fraction=99.9935%, Lmin=-716.98, Lmax=-705.87
14:57:16 [ultranest] [DEBUG] iteration=1918, ncalls=19611, regioncalls=766360, ndraw=40, logz=-723.80, remainder_fraction=99.9934%, Lmin=-716.96, Lmax=-705.87
14:57:16 [ultranest] [DEBUG] iteration=1919, ncalls=19614, regioncalls=766480, ndraw=40, logz=-723.78, remainder_fraction=99.9932%, Lmin=-716.96, Lmax=-705.87
14:57:17 [ultranest] [DEBUG] iteration=1920, ncalls=19626, regioncalls=766960, ndraw=40, logz=-723.77, remainder_fraction=99.9932%, Lmin=-716.95, Lmax=-705.87
14:57:17 [ultranest] [DEBUG] iteration=1921, ncalls=19629, regioncalls=767080, ndraw=40, logz=-723.75, remainder_fraction=99.9931%, Lmin=-716.95, Lmax=-705.87
14:57:17 [ultranest] [DEBUG] iteration=1923, ncalls=19633, regioncalls=767240, ndraw=40, logz=-723.71, remainder_fraction=99.9928%, Lmin=-716.91, Lmax=-705.87
14:57:18 [ultranest] [DEBUG] iteration=1925, ncalls=19636, regioncalls=767360, ndraw=40, logz=-723.67, remainder_fraction=99.9924%, Lmin=-716.86, Lmax=-705.87
14:57:18 [ultranest] [DEBUG] iteration=1926, ncalls=19647, regioncalls=767800, ndraw=40, logz=-723.65, remainder_fraction=99.9923%, Lmin=-716.84, Lmax=-705.87
14:57:18 [ultranest] [DEBUG] iteration=1927, ncalls=19649, regioncalls=767880, ndraw=40, logz=-723.64, remainder_fraction=99.9921%, Lmin=-716.83, Lmax=-705.87
14:57:18 [ultranest] [DEBUG] iteration=1929, ncalls=19652, regioncalls=768000, ndraw=40, logz=-723.60, remainder_fraction=99.9918%, Lmin=-716.82, Lmax=-705.87
14:57:19 [ultranest] [DEBUG] iteration=1930, ncalls=19656, regioncalls=768160, ndraw=40, logz=-723.58, remainder_fraction=99.9917%, Lmin=-716.81, Lmax=-705.87
14:57:19 [ultranest] [DEBUG] iteration=1931, ncalls=19658, regioncalls=768240, ndraw=40, logz=-723.56, remainder_fraction=99.9915%, Lmin=-716.80, Lmax=-705.87
14:57:19 [ultranest] [DEBUG] iteration=1932, ncalls=19663, regioncalls=768440, ndraw=40, logz=-723.55, remainder_fraction=99.9913%, Lmin=-716.79, Lmax=-705.87
14:57:19 [ultranest] [DEBUG] iteration=1933, ncalls=19667, regioncalls=768600, ndraw=40, logz=-723.53, remainder_fraction=99.9912%, Lmin=-716.76, Lmax=-705.87
14:57:19 [ultranest] [DEBUG] iteration=1934, ncalls=19671, regioncalls=768760, ndraw=40, logz=-723.51, remainder_fraction=99.9910%, Lmin=-716.74, Lmax=-705.87
14:57:20 [ultranest] [DEBUG] iteration=1935, ncalls=19686, regioncalls=769360, ndraw=40, logz=-723.49, remainder_fraction=99.9908%, Lmin=-716.72, Lmax=-705.87
14:57:20 [ultranest] [DEBUG] iteration=1936, ncalls=19692, regioncalls=769600, ndraw=40, logz=-723.48, remainder_fraction=99.9906%, Lmin=-716.65, Lmax=-705.87
14:57:20 [ultranest] [DEBUG] iteration=1938, ncalls=19694, regioncalls=769680, ndraw=40, logz=-723.44, remainder_fraction=99.9902%, Lmin=-716.62, Lmax=-705.87
14:57:21 [ultranest] [DEBUG] iteration=1939, ncalls=19697, regioncalls=769800, ndraw=40, logz=-723.42, remainder_fraction=99.9900%, Lmin=-716.62, Lmax=-705.87
14:57:21 [ultranest] [DEBUG] iteration=1940, ncalls=19702, regioncalls=770000, ndraw=40, logz=-723.40, remainder_fraction=99.9898%, Lmin=-716.61, Lmax=-705.87
14:57:21 [ultranest] [DEBUG] iteration=1942, ncalls=19712, regioncalls=770400, ndraw=40, logz=-723.37, remainder_fraction=99.9894%, Lmin=-716.55, Lmax=-705.87
14:57:22 [ultranest] [DEBUG] iteration=1943, ncalls=19720, regioncalls=770720, ndraw=40, logz=-723.35, remainder_fraction=99.9892%, Lmin=-716.55, Lmax=-705.87
14:57:22 [ultranest] [DEBUG] iteration=1945, ncalls=19730, regioncalls=771120, ndraw=40, logz=-723.31, remainder_fraction=99.9888%, Lmin=-716.53, Lmax=-705.87
14:57:22 [ultranest] [DEBUG] iteration=1946, ncalls=19734, regioncalls=771280, ndraw=40, logz=-723.30, remainder_fraction=99.9885%, Lmin=-716.53, Lmax=-705.87
14:57:23 [ultranest] [DEBUG] iteration=1948, ncalls=19753, regioncalls=772040, ndraw=40, logz=-723.26, remainder_fraction=99.9881%, Lmin=-716.48, Lmax=-705.87
14:57:24 [ultranest] [DEBUG] iteration=1949, ncalls=19763, regioncalls=772440, ndraw=40, logz=-723.25, remainder_fraction=99.9879%, Lmin=-716.48, Lmax=-705.87
14:57:24 [ultranest] [DEBUG] iteration=1950, ncalls=19766, regioncalls=772560, ndraw=40, logz=-723.23, remainder_fraction=99.9881%, Lmin=-716.48, Lmax=-705.87
14:57:24 [ultranest] [DEBUG] iteration=1952, ncalls=19772, regioncalls=772800, ndraw=40, logz=-723.20, remainder_fraction=99.9876%, Lmin=-716.44, Lmax=-705.87
14:57:24 [ultranest] [DEBUG] iteration=1954, ncalls=19776, regioncalls=772960, ndraw=40, logz=-723.16, remainder_fraction=99.9873%, Lmin=-716.37, Lmax=-705.87
14:57:25 [ultranest] [DEBUG] iteration=1955, ncalls=19787, regioncalls=773400, ndraw=40, logz=-723.15, remainder_fraction=99.9871%, Lmin=-716.36, Lmax=-705.87
14:57:26 [ultranest] [DEBUG] iteration=1956, ncalls=19803, regioncalls=774040, ndraw=40, logz=-723.13, remainder_fraction=99.9868%, Lmin=-716.36, Lmax=-705.87
14:57:26 [ultranest] [DEBUG] iteration=1958, ncalls=19809, regioncalls=774280, ndraw=40, logz=-723.10, remainder_fraction=99.9863%, Lmin=-716.33, Lmax=-705.87
14:57:26 [ultranest] [DEBUG] iteration=1960, ncalls=19813, regioncalls=774440, ndraw=40, logz=-723.06, remainder_fraction=99.9858%, Lmin=-716.29, Lmax=-705.87
14:57:26 [ultranest] [DEBUG] iteration=1962, ncalls=19817, regioncalls=774600, ndraw=40, logz=-723.03, remainder_fraction=99.9853%, Lmin=-716.18, Lmax=-705.87
14:57:27 [ultranest] [DEBUG] iteration=1963, ncalls=19830, regioncalls=775120, ndraw=40, logz=-723.01, remainder_fraction=99.9850%, Lmin=-716.17, Lmax=-705.87
14:57:27 [ultranest] [DEBUG] iteration=1964, ncalls=19835, regioncalls=775320, ndraw=40, logz=-723.00, remainder_fraction=99.9847%, Lmin=-716.16, Lmax=-705.87
14:57:27 [ultranest] [DEBUG] iteration=1966, ncalls=19838, regioncalls=775440, ndraw=40, logz=-722.96, remainder_fraction=99.9841%, Lmin=-716.12, Lmax=-705.87
14:57:28 [ultranest] [DEBUG] iteration=1968, ncalls=19840, regioncalls=775520, ndraw=40, logz=-722.93, remainder_fraction=99.9834%, Lmin=-716.02, Lmax=-705.87
14:57:28 [ultranest] [DEBUG] iteration=1969, ncalls=19857, regioncalls=776200, ndraw=40, logz=-722.91, remainder_fraction=99.9831%, Lmin=-716.02, Lmax=-705.87
14:57:29 [ultranest] [DEBUG] iteration=1970, ncalls=19879, regioncalls=777080, ndraw=40, logz=-722.89, remainder_fraction=99.9827%, Lmin=-716.00, Lmax=-705.87
14:57:30 [ultranest] [DEBUG] iteration=1971, ncalls=19888, regioncalls=777440, ndraw=40, logz=-722.87, remainder_fraction=99.9824%, Lmin=-715.97, Lmax=-705.87
14:57:30 [ultranest] [DEBUG] iteration=1972, ncalls=19892, regioncalls=777600, ndraw=40, logz=-722.85, remainder_fraction=99.9821%, Lmin=-715.96, Lmax=-705.87
14:57:30 [ultranest] [DEBUG] iteration=1973, ncalls=19898, regioncalls=777840, ndraw=40, logz=-722.84, remainder_fraction=99.9817%, Lmin=-715.94, Lmax=-705.87
14:57:31 [ultranest] [DEBUG] iteration=1975, ncalls=19903, regioncalls=778040, ndraw=40, logz=-722.80, remainder_fraction=99.9809%, Lmin=-715.94, Lmax=-705.87
14:57:31 [ultranest] [DEBUG] iteration=1976, ncalls=19915, regioncalls=778520, ndraw=40, logz=-722.78, remainder_fraction=99.9805%, Lmin=-715.93, Lmax=-705.87
14:57:31 [ultranest] [DEBUG] iteration=1977, ncalls=19917, regioncalls=778600, ndraw=40, logz=-722.77, remainder_fraction=99.9802%, Lmin=-715.93, Lmax=-705.87
14:57:31 [ultranest] [DEBUG] iteration=1978, ncalls=19919, regioncalls=778680, ndraw=40, logz=-722.75, remainder_fraction=99.9798%, Lmin=-715.93, Lmax=-705.87
14:57:32 [ultranest] [DEBUG] iteration=1980, ncalls=19938, regioncalls=779440, ndraw=40, logz=-722.72, remainder_fraction=99.9791%, Lmin=-715.90, Lmax=-705.87
14:57:33 [ultranest] [DEBUG] iteration=1982, ncalls=19944, regioncalls=779680, ndraw=40, logz=-722.68, remainder_fraction=99.9784%, Lmin=-715.88, Lmax=-705.87
14:57:33 [ultranest] [DEBUG] iteration=1983, ncalls=19949, regioncalls=779880, ndraw=40, logz=-722.67, remainder_fraction=99.9780%, Lmin=-715.88, Lmax=-705.87
14:57:33 [ultranest] [DEBUG] iteration=1985, ncalls=19952, regioncalls=780000, ndraw=40, logz=-722.64, remainder_fraction=99.9772%, Lmin=-715.85, Lmax=-705.87
14:57:33 [ultranest] [DEBUG] iteration=1986, ncalls=19956, regioncalls=780160, ndraw=40, logz=-722.62, remainder_fraction=99.9768%, Lmin=-715.85, Lmax=-705.87
14:57:34 [ultranest] [DEBUG] iteration=1987, ncalls=19960, regioncalls=780320, ndraw=40, logz=-722.61, remainder_fraction=99.9764%, Lmin=-715.84, Lmax=-705.87
14:57:34 [ultranest] [DEBUG] iteration=1988, ncalls=19964, regioncalls=780480, ndraw=40, logz=-722.59, remainder_fraction=99.9760%, Lmin=-715.83, Lmax=-705.87
14:57:34 [ultranest] [DEBUG] iteration=1989, ncalls=19969, regioncalls=780680, ndraw=40, logz=-722.58, remainder_fraction=99.9756%, Lmin=-715.79, Lmax=-705.87
14:57:34 [ultranest] [DEBUG] iteration=1991, ncalls=19974, regioncalls=780880, ndraw=40, logz=-722.54, remainder_fraction=99.9747%, Lmin=-715.75, Lmax=-705.87
14:57:34 [ultranest] [DEBUG] iteration=1992, ncalls=19978, regioncalls=781040, ndraw=40, logz=-722.53, remainder_fraction=99.9751%, Lmin=-715.75, Lmax=-705.87
14:57:35 [ultranest] [DEBUG] iteration=1995, ncalls=19983, regioncalls=781240, ndraw=40, logz=-722.48, remainder_fraction=99.9738%, Lmin=-715.70, Lmax=-705.87
14:57:35 [ultranest] [DEBUG] iteration=1996, ncalls=19987, regioncalls=781400, ndraw=40, logz=-722.47, remainder_fraction=99.9734%, Lmin=-715.69, Lmax=-705.87
14:57:35 [ultranest] [DEBUG] iteration=1997, ncalls=19992, regioncalls=781600, ndraw=40, logz=-722.45, remainder_fraction=99.9729%, Lmin=-715.67, Lmax=-705.87
14:57:35 [ultranest] [DEBUG] iteration=1999, ncalls=19995, regioncalls=781720, ndraw=40, logz=-722.42, remainder_fraction=99.9724%, Lmin=-715.65, Lmax=-705.87
14:57:35 [ultranest] [DEBUG] iteration=2000, ncalls=19998, regioncalls=781840, ndraw=40, logz=-722.41, remainder_fraction=99.9720%, Lmin=-715.64, Lmax=-705.87
14:57:36 [ultranest] [DEBUG] iteration=2001, ncalls=20002, regioncalls=782000, ndraw=40, logz=-722.39, remainder_fraction=99.9716%, Lmin=-715.64, Lmax=-705.87
14:57:36 [ultranest] [DEBUG] iteration=2002, ncalls=20004, regioncalls=782080, ndraw=40, logz=-722.38, remainder_fraction=99.9711%, Lmin=-715.60, Lmax=-705.87
14:57:36 [ultranest] [DEBUG] iteration=2003, ncalls=20010, regioncalls=782320, ndraw=40, logz=-722.36, remainder_fraction=99.9706%, Lmin=-715.58, Lmax=-705.87
14:57:37 [ultranest] [DEBUG] iteration=2005, ncalls=20027, regioncalls=783000, ndraw=40, logz=-722.33, remainder_fraction=99.9697%, Lmin=-715.57, Lmax=-705.87
14:57:37 [ultranest] [DEBUG] iteration=2006, ncalls=20030, regioncalls=783120, ndraw=40, logz=-722.32, remainder_fraction=99.9692%, Lmin=-715.57, Lmax=-705.87
14:57:37 [ultranest] [DEBUG] iteration=2007, ncalls=20040, regioncalls=783520, ndraw=40, logz=-722.31, remainder_fraction=99.9688%, Lmin=-715.52, Lmax=-705.87
14:57:38 [ultranest] [DEBUG] iteration=2008, ncalls=20043, regioncalls=783640, ndraw=40, logz=-722.29, remainder_fraction=99.9682%, Lmin=-715.52, Lmax=-705.87
14:57:38 [ultranest] [DEBUG] iteration=2009, ncalls=20048, regioncalls=783840, ndraw=40, logz=-722.28, remainder_fraction=99.9677%, Lmin=-715.51, Lmax=-705.87
14:57:38 [ultranest] [DEBUG] iteration=2012, ncalls=20054, regioncalls=784080, ndraw=40, logz=-722.23, remainder_fraction=99.9671%, Lmin=-715.49, Lmax=-705.87
14:57:38 [ultranest] [DEBUG] iteration=2014, ncalls=20061, regioncalls=784360, ndraw=40, logz=-722.21, remainder_fraction=99.9662%, Lmin=-715.48, Lmax=-705.87
14:57:39 [ultranest] [DEBUG] iteration=2015, ncalls=20067, regioncalls=784600, ndraw=40, logz=-722.19, remainder_fraction=99.9656%, Lmin=-715.46, Lmax=-705.87
14:57:39 [ultranest] [DEBUG] iteration=2016, ncalls=20070, regioncalls=784720, ndraw=40, logz=-722.18, remainder_fraction=99.9651%, Lmin=-715.45, Lmax=-705.87
14:57:39 [ultranest] [DEBUG] iteration=2017, ncalls=20072, regioncalls=784800, ndraw=40, logz=-722.16, remainder_fraction=99.9645%, Lmin=-715.44, Lmax=-705.87
14:57:39 [ultranest] [DEBUG] iteration=2018, ncalls=20081, regioncalls=785160, ndraw=40, logz=-722.15, remainder_fraction=99.9639%, Lmin=-715.44, Lmax=-705.87
14:57:40 [ultranest] [DEBUG] iteration=2019, ncalls=20084, regioncalls=785280, ndraw=40, logz=-722.14, remainder_fraction=99.9647%, Lmin=-715.43, Lmax=-705.87
14:57:40 [ultranest] [DEBUG] iteration=2020, ncalls=20097, regioncalls=785800, ndraw=40, logz=-722.12, remainder_fraction=99.9643%, Lmin=-715.36, Lmax=-705.87
14:57:40 [ultranest] [DEBUG] iteration=2021, ncalls=20101, regioncalls=785960, ndraw=40, logz=-722.11, remainder_fraction=99.9637%, Lmin=-715.36, Lmax=-705.87
14:57:41 [ultranest] [DEBUG] iteration=2023, ncalls=20104, regioncalls=786080, ndraw=40, logz=-722.08, remainder_fraction=99.9632%, Lmin=-715.35, Lmax=-705.87
14:57:41 [ultranest] [DEBUG] iteration=2024, ncalls=20108, regioncalls=786240, ndraw=40, logz=-722.07, remainder_fraction=99.9626%, Lmin=-715.32, Lmax=-705.87
14:57:41 [ultranest] [DEBUG] iteration=2025, ncalls=20113, regioncalls=786440, ndraw=40, logz=-722.06, remainder_fraction=99.9620%, Lmin=-715.31, Lmax=-705.87
14:57:41 [ultranest] [DEBUG] iteration=2027, ncalls=20115, regioncalls=786520, ndraw=40, logz=-722.03, remainder_fraction=99.9607%, Lmin=-715.30, Lmax=-705.87
14:57:42 [ultranest] [DEBUG] iteration=2028, ncalls=20123, regioncalls=786840, ndraw=40, logz=-722.02, remainder_fraction=99.9601%, Lmin=-715.29, Lmax=-705.87
14:57:42 [ultranest] [DEBUG] iteration=2029, ncalls=20128, regioncalls=787040, ndraw=40, logz=-722.00, remainder_fraction=99.9596%, Lmin=-715.28, Lmax=-705.87
14:57:42 [ultranest] [DEBUG] iteration=2030, ncalls=20141, regioncalls=787560, ndraw=40, logz=-721.99, remainder_fraction=99.9590%, Lmin=-715.27, Lmax=-705.87
14:57:43 [ultranest] [DEBUG] iteration=2031, ncalls=20146, regioncalls=787760, ndraw=40, logz=-721.98, remainder_fraction=99.9584%, Lmin=-715.27, Lmax=-705.87
14:57:43 [ultranest] [DEBUG] iteration=2032, ncalls=20150, regioncalls=787920, ndraw=40, logz=-721.96, remainder_fraction=99.9581%, Lmin=-715.23, Lmax=-705.87
14:57:43 [ultranest] [DEBUG] iteration=2033, ncalls=20155, regioncalls=788120, ndraw=40, logz=-721.95, remainder_fraction=99.9575%, Lmin=-715.23, Lmax=-705.87
14:57:44 [ultranest] [DEBUG] iteration=2035, ncalls=20168, regioncalls=788640, ndraw=40, logz=-721.92, remainder_fraction=99.9562%, Lmin=-715.20, Lmax=-705.87
14:57:44 [ultranest] [DEBUG] iteration=2036, ncalls=20175, regioncalls=788920, ndraw=40, logz=-721.91, remainder_fraction=99.9555%, Lmin=-715.20, Lmax=-705.87
14:57:45 [ultranest] [DEBUG] iteration=2037, ncalls=20194, regioncalls=789680, ndraw=40, logz=-721.90, remainder_fraction=99.9548%, Lmin=-715.19, Lmax=-705.87
14:57:45 [ultranest] [DEBUG] iteration=2038, ncalls=20201, regioncalls=789960, ndraw=40, logz=-721.89, remainder_fraction=99.9550%, Lmin=-715.19, Lmax=-705.87
14:57:46 [ultranest] [DEBUG] iteration=2040, ncalls=20204, regioncalls=790080, ndraw=40, logz=-721.86, remainder_fraction=99.9537%, Lmin=-715.16, Lmax=-705.87
14:57:46 [ultranest] [DEBUG] iteration=2041, ncalls=20212, regioncalls=790400, ndraw=40, logz=-721.85, remainder_fraction=99.9530%, Lmin=-715.15, Lmax=-705.87
14:57:46 [ultranest] [DEBUG] iteration=2042, ncalls=20219, regioncalls=790680, ndraw=40, logz=-721.84, remainder_fraction=99.9522%, Lmin=-715.14, Lmax=-705.87
14:57:46 [ultranest] [DEBUG] iteration=2044, ncalls=20223, regioncalls=790840, ndraw=40, logz=-721.81, remainder_fraction=99.9508%, Lmin=-715.13, Lmax=-705.87
14:57:47 [ultranest] [DEBUG] iteration=2045, ncalls=20234, regioncalls=791280, ndraw=40, logz=-721.80, remainder_fraction=99.9501%, Lmin=-715.12, Lmax=-705.87
14:57:47 [ultranest] [DEBUG] iteration=2046, ncalls=20241, regioncalls=791560, ndraw=40, logz=-721.79, remainder_fraction=99.9494%, Lmin=-715.11, Lmax=-705.87
14:57:48 [ultranest] [DEBUG] iteration=2047, ncalls=20245, regioncalls=791720, ndraw=40, logz=-721.77, remainder_fraction=99.9486%, Lmin=-715.09, Lmax=-705.87
14:57:48 [ultranest] [DEBUG] iteration=2048, ncalls=20249, regioncalls=791880, ndraw=40, logz=-721.76, remainder_fraction=99.9479%, Lmin=-715.04, Lmax=-705.87
14:57:48 [ultranest] [DEBUG] iteration=2049, ncalls=20254, regioncalls=792080, ndraw=40, logz=-721.75, remainder_fraction=99.9498%, Lmin=-715.03, Lmax=-705.87
14:57:48 [ultranest] [DEBUG] iteration=2050, ncalls=20261, regioncalls=792360, ndraw=40, logz=-721.74, remainder_fraction=99.9493%, Lmin=-715.02, Lmax=-705.87
14:57:48 [ultranest] [DEBUG] iteration=2051, ncalls=20263, regioncalls=792440, ndraw=40, logz=-721.72, remainder_fraction=99.9489%, Lmin=-715.01, Lmax=-705.87
14:57:49 [ultranest] [DEBUG] iteration=2052, ncalls=20266, regioncalls=792560, ndraw=40, logz=-721.71, remainder_fraction=99.9481%, Lmin=-715.00, Lmax=-705.87
14:57:49 [ultranest] [DEBUG] iteration=2054, ncalls=20271, regioncalls=792760, ndraw=40, logz=-721.69, remainder_fraction=99.9466%, Lmin=-714.98, Lmax=-705.87
14:57:49 [ultranest] [DEBUG] iteration=2055, ncalls=20280, regioncalls=793120, ndraw=40, logz=-721.68, remainder_fraction=99.9458%, Lmin=-714.96, Lmax=-705.87
14:57:50 [ultranest] [DEBUG] iteration=2056, ncalls=20284, regioncalls=793280, ndraw=40, logz=-721.66, remainder_fraction=99.9450%, Lmin=-714.95, Lmax=-705.87
14:57:50 [ultranest] [DEBUG] iteration=2057, ncalls=20286, regioncalls=793360, ndraw=40, logz=-721.65, remainder_fraction=99.9442%, Lmin=-714.93, Lmax=-705.87
14:57:51 [ultranest] [DEBUG] iteration=2059, ncalls=20306, regioncalls=794160, ndraw=40, logz=-721.63, remainder_fraction=99.9426%, Lmin=-714.91, Lmax=-705.87
14:57:51 [ultranest] [DEBUG] iteration=2060, ncalls=20310, regioncalls=794320, ndraw=40, logz=-721.61, remainder_fraction=99.9418%, Lmin=-714.90, Lmax=-705.87
14:57:51 [ultranest] [DEBUG] iteration=2061, ncalls=20317, regioncalls=794640, ndraw=40, logz=-721.60, remainder_fraction=99.9410%, Lmin=-714.89, Lmax=-705.87
14:57:51 [ultranest] [DEBUG] iteration=2062, ncalls=20321, regioncalls=794800, ndraw=40, logz=-721.59, remainder_fraction=99.9405%, Lmin=-714.89, Lmax=-705.87
14:57:52 [ultranest] [DEBUG] iteration=2063, ncalls=20326, regioncalls=795000, ndraw=40, logz=-721.58, remainder_fraction=99.9397%, Lmin=-714.87, Lmax=-705.87
14:57:52 [ultranest] [DEBUG] iteration=2064, ncalls=20334, regioncalls=795320, ndraw=40, logz=-721.57, remainder_fraction=99.9388%, Lmin=-714.87, Lmax=-705.87
14:57:52 [ultranest] [DEBUG] iteration=2065, ncalls=20337, regioncalls=795440, ndraw=40, logz=-721.56, remainder_fraction=99.9379%, Lmin=-714.86, Lmax=-705.87
14:57:53 [ultranest] [DEBUG] iteration=2066, ncalls=20347, regioncalls=795840, ndraw=40, logz=-721.54, remainder_fraction=99.9370%, Lmin=-714.85, Lmax=-705.87
14:57:53 [ultranest] [DEBUG] iteration=2068, ncalls=20352, regioncalls=796040, ndraw=40, logz=-721.52, remainder_fraction=99.9355%, Lmin=-714.81, Lmax=-705.87
14:57:53 [ultranest] [DEBUG] iteration=2070, ncalls=20357, regioncalls=796240, ndraw=40, logz=-721.50, remainder_fraction=99.9337%, Lmin=-714.81, Lmax=-705.87
14:57:53 [ultranest] [DEBUG] iteration=2072, ncalls=20361, regioncalls=796400, ndraw=40, logz=-721.47, remainder_fraction=99.9321%, Lmin=-714.74, Lmax=-705.87
14:57:54 [ultranest] [DEBUG] iteration=2073, ncalls=20369, regioncalls=796720, ndraw=40, logz=-721.46, remainder_fraction=99.9311%, Lmin=-714.73, Lmax=-705.87
14:57:54 [ultranest] [DEBUG] iteration=2074, ncalls=20374, regioncalls=796920, ndraw=40, logz=-721.45, remainder_fraction=99.9312%, Lmin=-714.73, Lmax=-705.87
14:57:54 [ultranest] [DEBUG] iteration=2075, ncalls=20385, regioncalls=797360, ndraw=40, logz=-721.44, remainder_fraction=99.9302%, Lmin=-714.71, Lmax=-705.87
14:57:55 [ultranest] [DEBUG] iteration=2076, ncalls=20388, regioncalls=797480, ndraw=40, logz=-721.43, remainder_fraction=99.9305%, Lmin=-714.70, Lmax=-705.87
14:57:55 [ultranest] [DEBUG] iteration=2077, ncalls=20393, regioncalls=797680, ndraw=40, logz=-721.41, remainder_fraction=99.9310%, Lmin=-714.69, Lmax=-705.87
14:57:55 [ultranest] [DEBUG] iteration=2079, ncalls=20396, regioncalls=797800, ndraw=40, logz=-721.39, remainder_fraction=99.9290%, Lmin=-714.66, Lmax=-705.87
14:57:56 [ultranest] [DEBUG] iteration=2080, ncalls=20408, regioncalls=798280, ndraw=40, logz=-721.38, remainder_fraction=99.9281%, Lmin=-714.66, Lmax=-705.87
14:57:56 [ultranest] [DEBUG] iteration=2081, ncalls=20425, regioncalls=798960, ndraw=40, logz=-721.37, remainder_fraction=99.9271%, Lmin=-714.65, Lmax=-705.87
14:57:57 [ultranest] [DEBUG] iteration=2083, ncalls=20428, regioncalls=799080, ndraw=40, logz=-721.34, remainder_fraction=99.9250%, Lmin=-714.62, Lmax=-705.87
14:57:57 [ultranest] [DEBUG] iteration=2084, ncalls=20432, regioncalls=799240, ndraw=40, logz=-721.33, remainder_fraction=99.9239%, Lmin=-714.60, Lmax=-705.87
14:57:57 [ultranest] [DEBUG] iteration=2085, ncalls=20438, regioncalls=799480, ndraw=40, logz=-721.32, remainder_fraction=99.9233%, Lmin=-714.59, Lmax=-705.87
14:57:58 [ultranest] [DEBUG] iteration=2087, ncalls=20447, regioncalls=799840, ndraw=40, logz=-721.30, remainder_fraction=99.9211%, Lmin=-714.57, Lmax=-705.87
14:57:58 [ultranest] [DEBUG] iteration=2088, ncalls=20450, regioncalls=799960, ndraw=40, logz=-721.29, remainder_fraction=99.9202%, Lmin=-714.53, Lmax=-705.87
14:57:58 [ultranest] [DEBUG] iteration=2089, ncalls=20455, regioncalls=800160, ndraw=40, logz=-721.27, remainder_fraction=99.9198%, Lmin=-714.52, Lmax=-705.87
14:57:58 [ultranest] [DEBUG] iteration=2090, ncalls=20460, regioncalls=800360, ndraw=40, logz=-721.26, remainder_fraction=99.9188%, Lmin=-714.50, Lmax=-705.87
14:57:58 [ultranest] [DEBUG] iteration=2091, ncalls=20461, regioncalls=800400, ndraw=40, logz=-721.25, remainder_fraction=99.9177%, Lmin=-714.49, Lmax=-705.87
14:57:59 [ultranest] [DEBUG] iteration=2092, ncalls=20470, regioncalls=800760, ndraw=40, logz=-721.24, remainder_fraction=99.9168%, Lmin=-714.49, Lmax=-705.87
14:57:59 [ultranest] [DEBUG] iteration=2093, ncalls=20472, regioncalls=800840, ndraw=40, logz=-721.23, remainder_fraction=99.9163%, Lmin=-714.48, Lmax=-705.87
14:58:00 [ultranest] [DEBUG] iteration=2094, ncalls=20488, regioncalls=801480, ndraw=40, logz=-721.22, remainder_fraction=99.9165%, Lmin=-714.47, Lmax=-705.87
14:58:00 [ultranest] [DEBUG] iteration=2097, ncalls=20492, regioncalls=801640, ndraw=40, logz=-721.18, remainder_fraction=99.9132%, Lmin=-714.41, Lmax=-705.87
14:58:00 [ultranest] [DEBUG] iteration=2098, ncalls=20495, regioncalls=801760, ndraw=40, logz=-721.17, remainder_fraction=99.9120%, Lmin=-714.40, Lmax=-705.87
14:58:00 [ultranest] [DEBUG] iteration=2099, ncalls=20498, regioncalls=801880, ndraw=40, logz=-721.16, remainder_fraction=99.9107%, Lmin=-714.40, Lmax=-705.87
14:58:01 [ultranest] [DEBUG] iteration=2100, ncalls=20509, regioncalls=802320, ndraw=40, logz=-721.15, remainder_fraction=99.9095%, Lmin=-714.40, Lmax=-705.87
14:58:01 [ultranest] [DEBUG] iteration=2101, ncalls=20518, regioncalls=802680, ndraw=40, logz=-721.14, remainder_fraction=99.9086%, Lmin=-714.39, Lmax=-705.87
14:58:01 [ultranest] [DEBUG] iteration=2102, ncalls=20521, regioncalls=802800, ndraw=40, logz=-721.12, remainder_fraction=99.9074%, Lmin=-714.36, Lmax=-705.87
14:58:01 [ultranest] [DEBUG] iteration=2103, ncalls=20525, regioncalls=802960, ndraw=40, logz=-721.11, remainder_fraction=99.9061%, Lmin=-714.34, Lmax=-705.87
14:58:02 [ultranest] [DEBUG] iteration=2105, ncalls=20530, regioncalls=803160, ndraw=40, logz=-721.09, remainder_fraction=99.9034%, Lmin=-714.33, Lmax=-705.87
14:58:02 [ultranest] [DEBUG] iteration=2106, ncalls=20533, regioncalls=803280, ndraw=40, logz=-721.08, remainder_fraction=99.9021%, Lmin=-714.32, Lmax=-705.87
14:58:02 [ultranest] [DEBUG] iteration=2107, ncalls=20537, regioncalls=803440, ndraw=40, logz=-721.07, remainder_fraction=99.9008%, Lmin=-714.28, Lmax=-705.87
14:58:02 [ultranest] [DEBUG] iteration=2109, ncalls=20543, regioncalls=803680, ndraw=40, logz=-721.04, remainder_fraction=99.8980%, Lmin=-714.25, Lmax=-705.87
14:58:03 [ultranest] [DEBUG] iteration=2110, ncalls=20561, regioncalls=804400, ndraw=40, logz=-721.03, remainder_fraction=99.8966%, Lmin=-714.25, Lmax=-705.87
14:58:03 [ultranest] [DEBUG] iteration=2111, ncalls=20563, regioncalls=804480, ndraw=40, logz=-721.02, remainder_fraction=99.8952%, Lmin=-714.22, Lmax=-705.87
14:58:03 [ultranest] [DEBUG] iteration=2112, ncalls=20564, regioncalls=804520, ndraw=40, logz=-721.01, remainder_fraction=99.8938%, Lmin=-714.22, Lmax=-705.87
14:58:04 [ultranest] [DEBUG] iteration=2113, ncalls=20575, regioncalls=804960, ndraw=40, logz=-721.00, remainder_fraction=99.8923%, Lmin=-714.22, Lmax=-705.87
14:58:04 [ultranest] [DEBUG] iteration=2114, ncalls=20586, regioncalls=805400, ndraw=40, logz=-720.99, remainder_fraction=99.8908%, Lmin=-714.21, Lmax=-705.87
14:58:05 [ultranest] [DEBUG] iteration=2115, ncalls=20593, regioncalls=805680, ndraw=40, logz=-720.98, remainder_fraction=99.8893%, Lmin=-714.20, Lmax=-705.87
14:58:05 [ultranest] [DEBUG] iteration=2117, ncalls=20601, regioncalls=806000, ndraw=40, logz=-720.95, remainder_fraction=99.8863%, Lmin=-714.17, Lmax=-705.87
14:58:05 [ultranest] [DEBUG] iteration=2119, ncalls=20604, regioncalls=806120, ndraw=40, logz=-720.93, remainder_fraction=99.8831%, Lmin=-714.16, Lmax=-705.87
14:58:06 [ultranest] [DEBUG] iteration=2121, ncalls=20610, regioncalls=806360, ndraw=40, logz=-720.91, remainder_fraction=99.8804%, Lmin=-714.12, Lmax=-705.87
14:58:06 [ultranest] [DEBUG] iteration=2122, ncalls=20620, regioncalls=806760, ndraw=40, logz=-720.90, remainder_fraction=99.8788%, Lmin=-714.12, Lmax=-705.87
14:58:06 [ultranest] [DEBUG] iteration=2123, ncalls=20623, regioncalls=806880, ndraw=40, logz=-720.89, remainder_fraction=99.8771%, Lmin=-714.09, Lmax=-705.87
14:58:06 [ultranest] [DEBUG] iteration=2124, ncalls=20626, regioncalls=807000, ndraw=40, logz=-720.88, remainder_fraction=99.8755%, Lmin=-714.08, Lmax=-705.87
14:58:07 [ultranest] [DEBUG] iteration=2125, ncalls=20635, regioncalls=807360, ndraw=40, logz=-720.86, remainder_fraction=99.8738%, Lmin=-714.05, Lmax=-705.87
14:58:07 [ultranest] [DEBUG] iteration=2126, ncalls=20638, regioncalls=807480, ndraw=40, logz=-720.85, remainder_fraction=99.8750%, Lmin=-714.05, Lmax=-705.87
14:58:07 [ultranest] [DEBUG] iteration=2128, ncalls=20642, regioncalls=807640, ndraw=40, logz=-720.83, remainder_fraction=99.8717%, Lmin=-714.01, Lmax=-705.87
14:58:07 [ultranest] [DEBUG] iteration=2130, ncalls=20644, regioncalls=807720, ndraw=40, logz=-720.81, remainder_fraction=99.8717%, Lmin=-713.98, Lmax=-705.87
14:58:08 [ultranest] [DEBUG] iteration=2131, ncalls=20651, regioncalls=808000, ndraw=40, logz=-720.80, remainder_fraction=99.8700%, Lmin=-713.97, Lmax=-705.87
14:58:08 [ultranest] [DEBUG] iteration=2132, ncalls=20659, regioncalls=808320, ndraw=40, logz=-720.79, remainder_fraction=99.8682%, Lmin=-713.96, Lmax=-705.87
14:58:08 [ultranest] [DEBUG] iteration=2133, ncalls=20662, regioncalls=808440, ndraw=40, logz=-720.77, remainder_fraction=99.8675%, Lmin=-713.96, Lmax=-705.87
14:58:09 [ultranest] [DEBUG] iteration=2135, ncalls=20673, regioncalls=808920, ndraw=40, logz=-720.75, remainder_fraction=99.8639%, Lmin=-713.92, Lmax=-705.87
14:58:09 [ultranest] [DEBUG] iteration=2137, ncalls=20677, regioncalls=809120, ndraw=40, logz=-720.73, remainder_fraction=99.8616%, Lmin=-713.89, Lmax=-705.87
14:58:09 [ultranest] [DEBUG] iteration=2139, ncalls=20682, regioncalls=809360, ndraw=40, logz=-720.71, remainder_fraction=99.8577%, Lmin=-713.87, Lmax=-705.87
14:58:10 [ultranest] [DEBUG] iteration=2140, ncalls=20690, regioncalls=809680, ndraw=40, logz=-720.70, remainder_fraction=99.8558%, Lmin=-713.85, Lmax=-705.87
14:58:10 [ultranest] [DEBUG] iteration=2141, ncalls=20693, regioncalls=809800, ndraw=40, logz=-720.68, remainder_fraction=99.8539%, Lmin=-713.83, Lmax=-705.87
14:58:11 [ultranest] [DEBUG] iteration=2142, ncalls=20710, regioncalls=810520, ndraw=40, logz=-720.67, remainder_fraction=99.8519%, Lmin=-713.83, Lmax=-705.87
14:58:11 [ultranest] [DEBUG] iteration=2143, ncalls=20713, regioncalls=810640, ndraw=40, logz=-720.66, remainder_fraction=99.8499%, Lmin=-713.82, Lmax=-705.87
14:58:11 [ultranest] [DEBUG] iteration=2144, ncalls=20719, regioncalls=810880, ndraw=40, logz=-720.65, remainder_fraction=99.8479%, Lmin=-713.80, Lmax=-705.87
14:58:11 [ultranest] [DEBUG] iteration=2146, ncalls=20722, regioncalls=811000, ndraw=40, logz=-720.63, remainder_fraction=99.8437%, Lmin=-713.78, Lmax=-705.87
14:58:11 [ultranest] [DEBUG] iteration=2147, ncalls=20726, regioncalls=811160, ndraw=40, logz=-720.62, remainder_fraction=99.8425%, Lmin=-713.74, Lmax=-705.87
14:58:13 [ultranest] [DEBUG] iteration=2149, ncalls=20749, regioncalls=812080, ndraw=40, logz=-720.59, remainder_fraction=99.8425%, Lmin=-713.73, Lmax=-705.69
14:58:13 [ultranest] [DEBUG] iteration=2150, ncalls=20756, regioncalls=812360, ndraw=40, logz=-720.58, remainder_fraction=99.8404%, Lmin=-713.72, Lmax=-705.69
14:58:13 [ultranest] [DEBUG] iteration=2151, ncalls=20757, regioncalls=812400, ndraw=40, logz=-720.57, remainder_fraction=99.8466%, Lmin=-713.64, Lmax=-705.69
14:58:13 [ultranest] [DEBUG] iteration=2154, ncalls=20760, regioncalls=812880, ndraw=40, logz=-720.54, remainder_fraction=99.8430%, Lmin=-713.58, Lmax=-705.69
14:58:13 [ultranest] [DEBUG] iteration=2155, ncalls=20763, regioncalls=813040, ndraw=40, logz=-720.52, remainder_fraction=99.8413%, Lmin=-713.58, Lmax=-705.69
14:58:14 [ultranest] [DEBUG] iteration=2156, ncalls=20765, regioncalls=813160, ndraw=40, logz=-720.51, remainder_fraction=99.8395%, Lmin=-713.58, Lmax=-705.69
14:58:14 [ultranest] [DEBUG] iteration=2157, ncalls=20771, regioncalls=813480, ndraw=40, logz=-720.50, remainder_fraction=99.8374%, Lmin=-713.56, Lmax=-705.69
14:58:14 [ultranest] [DEBUG] iteration=2159, ncalls=20774, regioncalls=813600, ndraw=40, logz=-720.48, remainder_fraction=99.8328%, Lmin=-713.54, Lmax=-705.69
14:58:14 [ultranest] [DEBUG] iteration=2160, ncalls=20777, regioncalls=813720, ndraw=40, logz=-720.46, remainder_fraction=99.8307%, Lmin=-713.54, Lmax=-705.69
14:58:14 [ultranest] [DEBUG] iteration=2162, ncalls=20781, regioncalls=813880, ndraw=40, logz=-720.44, remainder_fraction=99.8265%, Lmin=-713.49, Lmax=-705.69
14:58:15 [ultranest] [DEBUG] iteration=2164, ncalls=20786, regioncalls=814080, ndraw=40, logz=-720.42, remainder_fraction=99.8231%, Lmin=-713.47, Lmax=-705.69
14:58:15 [ultranest] [DEBUG] iteration=2166, ncalls=20791, regioncalls=814280, ndraw=40, logz=-720.39, remainder_fraction=99.8182%, Lmin=-713.40, Lmax=-705.69
14:58:15 [ultranest] [DEBUG] iteration=2167, ncalls=20796, regioncalls=814480, ndraw=40, logz=-720.38, remainder_fraction=99.8156%, Lmin=-713.40, Lmax=-705.69
14:58:15 [ultranest] [DEBUG] iteration=2169, ncalls=20800, regioncalls=814640, ndraw=40, logz=-720.36, remainder_fraction=99.8102%, Lmin=-713.38, Lmax=-705.69
14:58:15 [ultranest] [DEBUG] iteration=2171, ncalls=20804, regioncalls=814800, ndraw=40, logz=-720.33, remainder_fraction=99.8047%, Lmin=-713.37, Lmax=-705.69
14:58:16 [ultranest] [DEBUG] iteration=2173, ncalls=20807, regioncalls=814920, ndraw=40, logz=-720.31, remainder_fraction=99.8028%, Lmin=-713.31, Lmax=-705.69
14:58:16 [ultranest] [DEBUG] iteration=2174, ncalls=20809, regioncalls=815000, ndraw=40, logz=-720.30, remainder_fraction=99.7999%, Lmin=-713.31, Lmax=-705.69
14:58:16 [ultranest] [DEBUG] iteration=2176, ncalls=20825, regioncalls=815640, ndraw=40, logz=-720.27, remainder_fraction=99.7952%, Lmin=-713.25, Lmax=-705.69
14:58:17 [ultranest] [DEBUG] iteration=2177, ncalls=20828, regioncalls=815760, ndraw=40, logz=-720.26, remainder_fraction=99.7981%, Lmin=-713.25, Lmax=-705.69
14:58:17 [ultranest] [DEBUG] iteration=2178, ncalls=20830, regioncalls=815840, ndraw=40, logz=-720.25, remainder_fraction=99.7952%, Lmin=-713.25, Lmax=-705.69
14:58:17 [ultranest] [DEBUG] iteration=2179, ncalls=20834, regioncalls=816000, ndraw=40, logz=-720.24, remainder_fraction=99.7922%, Lmin=-713.24, Lmax=-705.69
14:58:17 [ultranest] [DEBUG] iteration=2182, ncalls=20842, regioncalls=816320, ndraw=40, logz=-720.20, remainder_fraction=99.7832%, Lmin=-713.21, Lmax=-705.69
14:58:18 [ultranest] [DEBUG] iteration=2184, ncalls=20849, regioncalls=816600, ndraw=40, logz=-720.18, remainder_fraction=99.7772%, Lmin=-713.20, Lmax=-705.69
14:58:18 [ultranest] [DEBUG] iteration=2186, ncalls=20851, regioncalls=816680, ndraw=40, logz=-720.16, remainder_fraction=99.7709%, Lmin=-713.19, Lmax=-705.69
14:58:18 [ultranest] [DEBUG] iteration=2187, ncalls=20854, regioncalls=816800, ndraw=40, logz=-720.14, remainder_fraction=99.7677%, Lmin=-713.18, Lmax=-705.69
14:58:18 [ultranest] [DEBUG] iteration=2189, ncalls=20862, regioncalls=817120, ndraw=40, logz=-720.12, remainder_fraction=99.7617%, Lmin=-713.17, Lmax=-705.69
14:58:18 [ultranest] [DEBUG] iteration=2191, ncalls=20865, regioncalls=817240, ndraw=40, logz=-720.10, remainder_fraction=99.7554%, Lmin=-713.15, Lmax=-705.69
14:58:19 [ultranest] [DEBUG] iteration=2192, ncalls=20868, regioncalls=817360, ndraw=40, logz=-720.09, remainder_fraction=99.7521%, Lmin=-713.14, Lmax=-705.69
14:58:19 [ultranest] [DEBUG] iteration=2194, ncalls=20871, regioncalls=817480, ndraw=40, logz=-720.07, remainder_fraction=99.7456%, Lmin=-713.14, Lmax=-705.69
14:58:19 [ultranest] [DEBUG] iteration=2197, ncalls=20880, regioncalls=817840, ndraw=40, logz=-720.03, remainder_fraction=99.7457%, Lmin=-713.06, Lmax=-705.69
14:58:19 [ultranest] [DEBUG] iteration=2198, ncalls=20882, regioncalls=817920, ndraw=40, logz=-720.02, remainder_fraction=99.7429%, Lmin=-713.04, Lmax=-705.69
14:58:19 [ultranest] [DEBUG] iteration=2200, ncalls=20887, regioncalls=818120, ndraw=40, logz=-720.00, remainder_fraction=99.7381%, Lmin=-713.02, Lmax=-705.69
14:58:20 [ultranest] [DEBUG] iteration=2203, ncalls=20892, regioncalls=818320, ndraw=40, logz=-719.97, remainder_fraction=99.7295%, Lmin=-713.01, Lmax=-705.69
14:58:20 [ultranest] [DEBUG] iteration=2205, ncalls=20895, regioncalls=818440, ndraw=40, logz=-719.95, remainder_fraction=99.7224%, Lmin=-712.99, Lmax=-705.69
14:58:20 [ultranest] [DEBUG] iteration=2207, ncalls=20901, regioncalls=818680, ndraw=40, logz=-719.92, remainder_fraction=99.7157%, Lmin=-712.94, Lmax=-705.69
14:58:20 [ultranest] [DEBUG] iteration=2208, ncalls=20902, regioncalls=818720, ndraw=40, logz=-719.91, remainder_fraction=99.7124%, Lmin=-712.93, Lmax=-705.69
14:58:21 [ultranest] [DEBUG] iteration=2210, ncalls=20914, regioncalls=819200, ndraw=40, logz=-719.89, remainder_fraction=99.7045%, Lmin=-712.87, Lmax=-705.69
14:58:21 [ultranest] [DEBUG] iteration=2211, ncalls=20917, regioncalls=819320, ndraw=40, logz=-719.88, remainder_fraction=99.7053%, Lmin=-712.84, Lmax=-705.69
14:58:21 [ultranest] [DEBUG] iteration=2213, ncalls=20920, regioncalls=819440, ndraw=40, logz=-719.86, remainder_fraction=99.6974%, Lmin=-712.83, Lmax=-705.69
14:58:22 [ultranest] [DEBUG] iteration=2214, ncalls=20928, regioncalls=819760, ndraw=40, logz=-719.84, remainder_fraction=99.6933%, Lmin=-712.81, Lmax=-705.69
14:58:22 [ultranest] [DEBUG] iteration=2215, ncalls=20931, regioncalls=819880, ndraw=40, logz=-719.83, remainder_fraction=99.6890%, Lmin=-712.80, Lmax=-705.69
14:58:22 [ultranest] [DEBUG] iteration=2216, ncalls=20933, regioncalls=819960, ndraw=40, logz=-719.82, remainder_fraction=99.6851%, Lmin=-712.79, Lmax=-705.69
14:58:22 [ultranest] [DEBUG] iteration=2217, ncalls=20938, regioncalls=820160, ndraw=40, logz=-719.81, remainder_fraction=99.6820%, Lmin=-712.78, Lmax=-705.69
14:58:23 [ultranest] [DEBUG] iteration=2218, ncalls=20953, regioncalls=820760, ndraw=40, logz=-719.80, remainder_fraction=99.6776%, Lmin=-712.76, Lmax=-705.69
14:58:23 [ultranest] [DEBUG] iteration=2219, ncalls=20958, regioncalls=820960, ndraw=40, logz=-719.79, remainder_fraction=99.6734%, Lmin=-712.75, Lmax=-705.69
14:58:23 [ultranest] [DEBUG] iteration=2220, ncalls=20961, regioncalls=821080, ndraw=40, logz=-719.78, remainder_fraction=99.6689%, Lmin=-712.74, Lmax=-705.69
14:58:23 [ultranest] [DEBUG] iteration=2221, ncalls=20963, regioncalls=821160, ndraw=40, logz=-719.77, remainder_fraction=99.6656%, Lmin=-712.74, Lmax=-705.69
14:58:24 [ultranest] [DEBUG] iteration=2224, ncalls=20971, regioncalls=821480, ndraw=40, logz=-719.73, remainder_fraction=99.6520%, Lmin=-712.70, Lmax=-705.69
14:58:24 [ultranest] [DEBUG] iteration=2226, ncalls=20976, regioncalls=821680, ndraw=40, logz=-719.71, remainder_fraction=99.6426%, Lmin=-712.68, Lmax=-705.69
14:58:24 [ultranest] [DEBUG] iteration=2227, ncalls=20984, regioncalls=822000, ndraw=40, logz=-719.70, remainder_fraction=99.6385%, Lmin=-712.68, Lmax=-705.69
14:58:25 [ultranest] [DEBUG] iteration=2228, ncalls=20989, regioncalls=822200, ndraw=40, logz=-719.69, remainder_fraction=99.6345%, Lmin=-712.68, Lmax=-705.69
14:58:25 [ultranest] [DEBUG] iteration=2230, ncalls=20992, regioncalls=822320, ndraw=40, logz=-719.67, remainder_fraction=99.6252%, Lmin=-712.65, Lmax=-705.69
14:58:26 [ultranest] [DEBUG] iteration=2231, ncalls=21014, regioncalls=823200, ndraw=40, logz=-719.66, remainder_fraction=99.6206%, Lmin=-712.65, Lmax=-705.69
14:58:26 [ultranest] [DEBUG] iteration=2234, ncalls=21017, regioncalls=823320, ndraw=40, logz=-719.63, remainder_fraction=99.6061%, Lmin=-712.63, Lmax=-705.69
14:58:26 [ultranest] [DEBUG] iteration=2235, ncalls=21021, regioncalls=823480, ndraw=40, logz=-719.62, remainder_fraction=99.6068%, Lmin=-712.62, Lmax=-705.69
14:58:26 [ultranest] [DEBUG] iteration=2236, ncalls=21027, regioncalls=823720, ndraw=40, logz=-719.61, remainder_fraction=99.6020%, Lmin=-712.60, Lmax=-705.69
14:58:27 [ultranest] [DEBUG] iteration=2237, ncalls=21035, regioncalls=824040, ndraw=40, logz=-719.59, remainder_fraction=99.5970%, Lmin=-712.57, Lmax=-705.69
14:58:27 [ultranest] [DEBUG] iteration=2238, ncalls=21039, regioncalls=824200, ndraw=40, logz=-719.58, remainder_fraction=99.5928%, Lmin=-712.57, Lmax=-705.69
14:58:27 [ultranest] [DEBUG] iteration=2239, ncalls=21046, regioncalls=824480, ndraw=40, logz=-719.57, remainder_fraction=99.5937%, Lmin=-712.56, Lmax=-705.69
14:58:28 [ultranest] [DEBUG] iteration=2240, ncalls=21054, regioncalls=824800, ndraw=40, logz=-719.56, remainder_fraction=99.5902%, Lmin=-712.56, Lmax=-705.69
14:58:28 [ultranest] [DEBUG] iteration=2241, ncalls=21060, regioncalls=825160, ndraw=40, logz=-719.55, remainder_fraction=99.5849%, Lmin=-712.54, Lmax=-705.69
14:58:28 [ultranest] [DEBUG] iteration=2242, ncalls=21066, regioncalls=825400, ndraw=40, logz=-719.54, remainder_fraction=99.5796%, Lmin=-712.54, Lmax=-705.69
14:58:29 [ultranest] [DEBUG] iteration=2243, ncalls=21072, regioncalls=825640, ndraw=40, logz=-719.53, remainder_fraction=99.5742%, Lmin=-712.51, Lmax=-705.69
14:58:29 [ultranest] [DEBUG] iteration=2244, ncalls=21077, regioncalls=825840, ndraw=40, logz=-719.52, remainder_fraction=99.5690%, Lmin=-712.49, Lmax=-705.69
14:58:29 [ultranest] [DEBUG] iteration=2245, ncalls=21082, regioncalls=826040, ndraw=40, logz=-719.51, remainder_fraction=99.5636%, Lmin=-712.49, Lmax=-705.69
14:58:29 [ultranest] [DEBUG] iteration=2246, ncalls=21085, regioncalls=826160, ndraw=40, logz=-719.50, remainder_fraction=99.5580%, Lmin=-712.48, Lmax=-705.69
14:58:30 [ultranest] [DEBUG] iteration=2247, ncalls=21092, regioncalls=826440, ndraw=40, logz=-719.49, remainder_fraction=99.5542%, Lmin=-712.47, Lmax=-705.69
14:58:30 [ultranest] [DEBUG] iteration=2249, ncalls=21097, regioncalls=826640, ndraw=40, logz=-719.47, remainder_fraction=99.5431%, Lmin=-712.43, Lmax=-705.69
14:58:30 [ultranest] [DEBUG] iteration=2251, ncalls=21101, regioncalls=826800, ndraw=40, logz=-719.45, remainder_fraction=99.5314%, Lmin=-712.42, Lmax=-705.69
14:58:30 [ultranest] [DEBUG] iteration=2252, ncalls=21104, regioncalls=826920, ndraw=40, logz=-719.44, remainder_fraction=99.5272%, Lmin=-712.40, Lmax=-705.69
14:58:30 [ultranest] [DEBUG] iteration=2253, ncalls=21107, regioncalls=827040, ndraw=40, logz=-719.43, remainder_fraction=99.5227%, Lmin=-712.40, Lmax=-705.69
14:58:31 [ultranest] [DEBUG] iteration=2254, ncalls=21111, regioncalls=827200, ndraw=40, logz=-719.42, remainder_fraction=99.5167%, Lmin=-712.40, Lmax=-705.69
14:58:31 [ultranest] [DEBUG] iteration=2255, ncalls=21115, regioncalls=827360, ndraw=40, logz=-719.41, remainder_fraction=99.5106%, Lmin=-712.39, Lmax=-705.69
14:58:31 [ultranest] [DEBUG] iteration=2256, ncalls=21118, regioncalls=827480, ndraw=40, logz=-719.40, remainder_fraction=99.5046%, Lmin=-712.39, Lmax=-705.69
14:58:31 [ultranest] [DEBUG] iteration=2257, ncalls=21126, regioncalls=827800, ndraw=40, logz=-719.39, remainder_fraction=99.4984%, Lmin=-712.37, Lmax=-705.69
14:58:32 [ultranest] [DEBUG] iteration=2259, ncalls=21136, regioncalls=828200, ndraw=40, logz=-719.37, remainder_fraction=99.4861%, Lmin=-712.36, Lmax=-705.69
14:58:32 [ultranest] [DEBUG] iteration=2262, ncalls=21140, regioncalls=828360, ndraw=40, logz=-719.34, remainder_fraction=99.4709%, Lmin=-712.34, Lmax=-705.69
14:58:32 [ultranest] [DEBUG] iteration=2263, ncalls=21143, regioncalls=828480, ndraw=40, logz=-719.33, remainder_fraction=99.4668%, Lmin=-712.34, Lmax=-705.69
14:58:33 [ultranest] [DEBUG] iteration=2264, ncalls=21152, regioncalls=828840, ndraw=40, logz=-719.32, remainder_fraction=99.4610%, Lmin=-712.34, Lmax=-705.69
14:58:33 [ultranest] [DEBUG] iteration=2266, ncalls=21155, regioncalls=828960, ndraw=40, logz=-719.30, remainder_fraction=99.4516%, Lmin=-712.32, Lmax=-705.69
14:58:33 [ultranest] [DEBUG] iteration=2267, ncalls=21158, regioncalls=829080, ndraw=40, logz=-719.29, remainder_fraction=99.4457%, Lmin=-712.29, Lmax=-705.69
14:58:33 [ultranest] [DEBUG] iteration=2269, ncalls=21162, regioncalls=829240, ndraw=40, logz=-719.27, remainder_fraction=99.4329%, Lmin=-712.25, Lmax=-705.69
14:58:34 [ultranest] [DEBUG] iteration=2271, ncalls=21170, regioncalls=829560, ndraw=40, logz=-719.25, remainder_fraction=99.4193%, Lmin=-712.24, Lmax=-705.69
14:58:34 [ultranest] [DEBUG] iteration=2273, ncalls=21174, regioncalls=829720, ndraw=40, logz=-719.23, remainder_fraction=99.4059%, Lmin=-712.19, Lmax=-705.69
14:58:34 [ultranest] [DEBUG] iteration=2275, ncalls=21187, regioncalls=830240, ndraw=40, logz=-719.21, remainder_fraction=99.3934%, Lmin=-712.16, Lmax=-705.69
14:58:35 [ultranest] [DEBUG] iteration=2276, ncalls=21190, regioncalls=830360, ndraw=40, logz=-719.20, remainder_fraction=99.3884%, Lmin=-712.16, Lmax=-705.69
14:58:35 [ultranest] [DEBUG] iteration=2278, ncalls=21193, regioncalls=830480, ndraw=40, logz=-719.18, remainder_fraction=99.3778%, Lmin=-712.14, Lmax=-705.69
14:58:35 [ultranest] [DEBUG] iteration=2279, ncalls=21198, regioncalls=830680, ndraw=40, logz=-719.18, remainder_fraction=99.3703%, Lmin=-712.14, Lmax=-705.69
14:58:35 [ultranest] [DEBUG] iteration=2281, ncalls=21209, regioncalls=831120, ndraw=40, logz=-719.16, remainder_fraction=99.3577%, Lmin=-712.10, Lmax=-705.69
14:58:36 [ultranest] [DEBUG] iteration=2282, ncalls=21217, regioncalls=831440, ndraw=40, logz=-719.15, remainder_fraction=99.3500%, Lmin=-712.09, Lmax=-705.69
14:58:36 [ultranest] [DEBUG] iteration=2284, ncalls=21222, regioncalls=831640, ndraw=40, logz=-719.13, remainder_fraction=99.3357%, Lmin=-712.07, Lmax=-705.69
14:58:36 [ultranest] [DEBUG] iteration=2285, ncalls=21227, regioncalls=831840, ndraw=40, logz=-719.12, remainder_fraction=99.3275%, Lmin=-712.03, Lmax=-705.69
14:58:37 [ultranest] [DEBUG] iteration=2287, ncalls=21231, regioncalls=832000, ndraw=40, logz=-719.10, remainder_fraction=99.3198%, Lmin=-712.00, Lmax=-705.69
14:58:37 [ultranest] [DEBUG] iteration=2289, ncalls=21236, regioncalls=832200, ndraw=40, logz=-719.08, remainder_fraction=99.3147%, Lmin=-711.98, Lmax=-705.69
14:58:37 [ultranest] [DEBUG] iteration=2290, ncalls=21248, regioncalls=832680, ndraw=40, logz=-719.07, remainder_fraction=99.3070%, Lmin=-711.97, Lmax=-705.69
14:58:38 [ultranest] [DEBUG] iteration=2291, ncalls=21254, regioncalls=832920, ndraw=40, logz=-719.06, remainder_fraction=99.2985%, Lmin=-711.96, Lmax=-705.69
14:58:38 [ultranest] [DEBUG] iteration=2292, ncalls=21264, regioncalls=833320, ndraw=40, logz=-719.05, remainder_fraction=99.2995%, Lmin=-711.95, Lmax=-705.69
14:58:39 [ultranest] [DEBUG] iteration=2294, ncalls=21272, regioncalls=833640, ndraw=40, logz=-719.03, remainder_fraction=99.2824%, Lmin=-711.93, Lmax=-705.69
14:58:39 [ultranest] [DEBUG] iteration=2296, ncalls=21276, regioncalls=833800, ndraw=40, logz=-719.01, remainder_fraction=99.2653%, Lmin=-711.91, Lmax=-705.69
14:58:39 [ultranest] [DEBUG] iteration=2298, ncalls=21280, regioncalls=833960, ndraw=40, logz=-718.99, remainder_fraction=99.2588%, Lmin=-711.88, Lmax=-705.69
14:58:39 [ultranest] [DEBUG] iteration=2300, ncalls=21284, regioncalls=834120, ndraw=40, logz=-718.97, remainder_fraction=99.2490%, Lmin=-711.88, Lmax=-705.69
14:58:39 [ultranest] [DEBUG] iteration=2301, ncalls=21289, regioncalls=834320, ndraw=40, logz=-718.96, remainder_fraction=99.2418%, Lmin=-711.88, Lmax=-705.69
14:58:40 [ultranest] [DEBUG] iteration=2302, ncalls=21293, regioncalls=834480, ndraw=40, logz=-718.95, remainder_fraction=99.2340%, Lmin=-711.87, Lmax=-705.69
14:58:40 [ultranest] [DEBUG] iteration=2304, ncalls=21299, regioncalls=834720, ndraw=40, logz=-718.93, remainder_fraction=99.2312%, Lmin=-711.86, Lmax=-705.69
14:58:40 [ultranest] [DEBUG] iteration=2305, ncalls=21302, regioncalls=834840, ndraw=40, logz=-718.92, remainder_fraction=99.2245%, Lmin=-711.86, Lmax=-705.69
14:58:40 [ultranest] [DEBUG] iteration=2306, ncalls=21306, regioncalls=835000, ndraw=40, logz=-718.91, remainder_fraction=99.2163%, Lmin=-711.85, Lmax=-705.69
14:58:41 [ultranest] [DEBUG] iteration=2307, ncalls=21313, regioncalls=835280, ndraw=40, logz=-718.90, remainder_fraction=99.2082%, Lmin=-711.84, Lmax=-705.69
14:58:41 [ultranest] [DEBUG] iteration=2309, ncalls=21317, regioncalls=835440, ndraw=40, logz=-718.88, remainder_fraction=99.1966%, Lmin=-711.83, Lmax=-705.69
14:58:41 [ultranest] [DEBUG] iteration=2310, ncalls=21319, regioncalls=835520, ndraw=40, logz=-718.87, remainder_fraction=99.1876%, Lmin=-711.83, Lmax=-705.69
14:58:41 [ultranest] [DEBUG] iteration=2311, ncalls=21326, regioncalls=835800, ndraw=40, logz=-718.87, remainder_fraction=99.1788%, Lmin=-711.82, Lmax=-705.69
14:58:41 [ultranest] [DEBUG] iteration=2313, ncalls=21329, regioncalls=835920, ndraw=40, logz=-718.85, remainder_fraction=99.1600%, Lmin=-711.78, Lmax=-705.69
14:58:41 [ultranest] [DEBUG] iteration=2314, ncalls=21332, regioncalls=836040, ndraw=40, logz=-718.84, remainder_fraction=99.1503%, Lmin=-711.78, Lmax=-705.69
14:58:42 [ultranest] [DEBUG] iteration=2315, ncalls=21335, regioncalls=836160, ndraw=40, logz=-718.83, remainder_fraction=99.1407%, Lmin=-711.78, Lmax=-705.69
14:58:42 [ultranest] [DEBUG] iteration=2316, ncalls=21344, regioncalls=836520, ndraw=40, logz=-718.82, remainder_fraction=99.1314%, Lmin=-711.77, Lmax=-705.69
14:58:42 [ultranest] [DEBUG] iteration=2317, ncalls=21347, regioncalls=836640, ndraw=40, logz=-718.81, remainder_fraction=99.1216%, Lmin=-711.76, Lmax=-705.69
14:58:42 [ultranest] [DEBUG] iteration=2319, ncalls=21350, regioncalls=836760, ndraw=40, logz=-718.79, remainder_fraction=99.1053%, Lmin=-711.74, Lmax=-705.69
14:58:43 [ultranest] [DEBUG] iteration=2320, ncalls=21352, regioncalls=836840, ndraw=40, logz=-718.78, remainder_fraction=99.0961%, Lmin=-711.72, Lmax=-705.69
14:58:43 [ultranest] [DEBUG] iteration=2321, ncalls=21354, regioncalls=836920, ndraw=40, logz=-718.78, remainder_fraction=99.0910%, Lmin=-711.72, Lmax=-705.69
14:58:43 [ultranest] [DEBUG] iteration=2322, ncalls=21356, regioncalls=837000, ndraw=40, logz=-718.77, remainder_fraction=99.0811%, Lmin=-711.70, Lmax=-705.69
14:58:43 [ultranest] [DEBUG] iteration=2323, ncalls=21359, regioncalls=837120, ndraw=40, logz=-718.76, remainder_fraction=99.0707%, Lmin=-711.70, Lmax=-705.69
14:58:43 [ultranest] [DEBUG] iteration=2324, ncalls=21362, regioncalls=837240, ndraw=40, logz=-718.75, remainder_fraction=99.0765%, Lmin=-711.68, Lmax=-705.69
14:58:44 [ultranest] [DEBUG] iteration=2325, ncalls=21375, regioncalls=837760, ndraw=40, logz=-718.74, remainder_fraction=99.0665%, Lmin=-711.66, Lmax=-705.69
14:58:44 [ultranest] [DEBUG] iteration=2326, ncalls=21388, regioncalls=838280, ndraw=40, logz=-718.73, remainder_fraction=99.0563%, Lmin=-711.66, Lmax=-705.69
14:58:44 [ultranest] [DEBUG] iteration=2327, ncalls=21391, regioncalls=838400, ndraw=40, logz=-718.72, remainder_fraction=99.0502%, Lmin=-711.65, Lmax=-705.69
14:58:45 [ultranest] [DEBUG] iteration=2328, ncalls=21407, regioncalls=839040, ndraw=40, logz=-718.71, remainder_fraction=99.0440%, Lmin=-711.65, Lmax=-705.69
14:58:45 [ultranest] [DEBUG] iteration=2329, ncalls=21412, regioncalls=839240, ndraw=40, logz=-718.70, remainder_fraction=99.0335%, Lmin=-711.65, Lmax=-705.69
14:58:46 [ultranest] [DEBUG] iteration=2330, ncalls=21417, regioncalls=839440, ndraw=40, logz=-718.70, remainder_fraction=99.0228%, Lmin=-711.63, Lmax=-705.69
14:58:46 [ultranest] [DEBUG] iteration=2331, ncalls=21421, regioncalls=839680, ndraw=40, logz=-718.69, remainder_fraction=99.0135%, Lmin=-711.63, Lmax=-705.69
14:58:46 [ultranest] [DEBUG] iteration=2332, ncalls=21424, regioncalls=839800, ndraw=40, logz=-718.68, remainder_fraction=99.0027%, Lmin=-711.62, Lmax=-705.69
14:58:46 [ultranest] [DEBUG] iteration=2333, ncalls=21430, regioncalls=840040, ndraw=40, logz=-718.67, remainder_fraction=98.9922%, Lmin=-711.62, Lmax=-705.69
14:58:47 [ultranest] [DEBUG] iteration=2334, ncalls=21434, regioncalls=840200, ndraw=40, logz=-718.66, remainder_fraction=98.9991%, Lmin=-711.61, Lmax=-705.69
14:58:47 [ultranest] [DEBUG] iteration=2337, ncalls=21439, regioncalls=840400, ndraw=40, logz=-718.64, remainder_fraction=98.9716%, Lmin=-711.60, Lmax=-705.69
14:58:47 [ultranest] [DEBUG] iteration=2338, ncalls=21444, regioncalls=840600, ndraw=40, logz=-718.63, remainder_fraction=98.9605%, Lmin=-711.58, Lmax=-705.69
14:58:47 [ultranest] [DEBUG] iteration=2339, ncalls=21446, regioncalls=840680, ndraw=40, logz=-718.62, remainder_fraction=98.9499%, Lmin=-711.57, Lmax=-705.69
14:58:47 [ultranest] [DEBUG] iteration=2340, ncalls=21450, regioncalls=840840, ndraw=40, logz=-718.61, remainder_fraction=98.9387%, Lmin=-711.57, Lmax=-705.69
14:58:47 [ultranest] [DEBUG] iteration=2341, ncalls=21452, regioncalls=840920, ndraw=40, logz=-718.60, remainder_fraction=98.9325%, Lmin=-711.56, Lmax=-705.69
14:58:48 [ultranest] [DEBUG] iteration=2343, ncalls=21455, regioncalls=841040, ndraw=40, logz=-718.59, remainder_fraction=98.9100%, Lmin=-711.56, Lmax=-705.69
14:58:48 [ultranest] [DEBUG] iteration=2344, ncalls=21464, regioncalls=841400, ndraw=40, logz=-718.58, remainder_fraction=98.9067%, Lmin=-711.55, Lmax=-705.69
14:58:48 [ultranest] [DEBUG] iteration=2345, ncalls=21472, regioncalls=841720, ndraw=40, logz=-718.57, remainder_fraction=98.8952%, Lmin=-711.54, Lmax=-705.69
14:58:49 [ultranest] [DEBUG] iteration=2346, ncalls=21476, regioncalls=841880, ndraw=40, logz=-718.56, remainder_fraction=98.8888%, Lmin=-711.50, Lmax=-705.69
14:58:49 [ultranest] [DEBUG] iteration=2347, ncalls=21486, regioncalls=842280, ndraw=40, logz=-718.55, remainder_fraction=98.8775%, Lmin=-711.47, Lmax=-705.69
14:58:49 [ultranest] [DEBUG] iteration=2349, ncalls=21489, regioncalls=842400, ndraw=40, logz=-718.54, remainder_fraction=98.8794%, Lmin=-711.44, Lmax=-705.69
14:58:49 [ultranest] [DEBUG] iteration=2351, ncalls=21493, regioncalls=842560, ndraw=40, logz=-718.52, remainder_fraction=98.8775%, Lmin=-711.43, Lmax=-705.69
14:58:50 [ultranest] [DEBUG] iteration=2352, ncalls=21498, regioncalls=842760, ndraw=40, logz=-718.51, remainder_fraction=98.8658%, Lmin=-711.43, Lmax=-705.69
14:58:50 [ultranest] [DEBUG] iteration=2353, ncalls=21508, regioncalls=843160, ndraw=40, logz=-718.50, remainder_fraction=98.8536%, Lmin=-711.42, Lmax=-705.69
14:58:51 [ultranest] [DEBUG] iteration=2355, ncalls=21522, regioncalls=843720, ndraw=40, logz=-718.49, remainder_fraction=98.8287%, Lmin=-711.40, Lmax=-705.69
14:58:51 [ultranest] [DEBUG] iteration=2357, ncalls=21526, regioncalls=843880, ndraw=40, logz=-718.47, remainder_fraction=98.8319%, Lmin=-711.39, Lmax=-705.69
14:58:51 [ultranest] [DEBUG] iteration=2358, ncalls=21533, regioncalls=844160, ndraw=40, logz=-718.46, remainder_fraction=98.8194%, Lmin=-711.38, Lmax=-705.69
14:58:52 [ultranest] [DEBUG] iteration=2359, ncalls=21546, regioncalls=844680, ndraw=40, logz=-718.45, remainder_fraction=98.8072%, Lmin=-711.38, Lmax=-705.69
14:58:52 [ultranest] [DEBUG] iteration=2360, ncalls=21552, regioncalls=844920, ndraw=40, logz=-718.44, remainder_fraction=98.7953%, Lmin=-711.38, Lmax=-705.69
14:58:53 [ultranest] [DEBUG] iteration=2362, ncalls=21562, regioncalls=845320, ndraw=40, logz=-718.43, remainder_fraction=98.7750%, Lmin=-711.36, Lmax=-705.69
14:58:53 [ultranest] [DEBUG] iteration=2364, ncalls=21565, regioncalls=845440, ndraw=40, logz=-718.41, remainder_fraction=98.7536%, Lmin=-711.35, Lmax=-705.69
14:58:53 [ultranest] [DEBUG] iteration=2366, ncalls=21569, regioncalls=845600, ndraw=40, logz=-718.40, remainder_fraction=98.7822%, Lmin=-711.34, Lmax=-705.69
14:58:53 [ultranest] [DEBUG] iteration=2367, ncalls=21571, regioncalls=845680, ndraw=40, logz=-718.39, remainder_fraction=98.7698%, Lmin=-711.33, Lmax=-705.69
14:58:53 [ultranest] [DEBUG] iteration=2368, ncalls=21576, regioncalls=845880, ndraw=40, logz=-718.38, remainder_fraction=98.7730%, Lmin=-711.30, Lmax=-705.69
14:58:54 [ultranest] [DEBUG] iteration=2369, ncalls=21585, regioncalls=846240, ndraw=40, logz=-718.37, remainder_fraction=98.7602%, Lmin=-711.30, Lmax=-705.69
14:58:54 [ultranest] [DEBUG] iteration=2370, ncalls=21595, regioncalls=846640, ndraw=40, logz=-718.36, remainder_fraction=98.7478%, Lmin=-711.29, Lmax=-705.69
14:58:55 [ultranest] [DEBUG] iteration=2372, ncalls=21598, regioncalls=846760, ndraw=40, logz=-718.35, remainder_fraction=98.7266%, Lmin=-711.27, Lmax=-705.69
14:58:55 [ultranest] [DEBUG] iteration=2374, ncalls=21605, regioncalls=847040, ndraw=40, logz=-718.33, remainder_fraction=98.7055%, Lmin=-711.23, Lmax=-705.69
14:58:55 [ultranest] [DEBUG] iteration=2375, ncalls=21610, regioncalls=847240, ndraw=40, logz=-718.32, remainder_fraction=98.6919%, Lmin=-711.23, Lmax=-705.69
14:58:55 [ultranest] [DEBUG] iteration=2376, ncalls=21613, regioncalls=847360, ndraw=40, logz=-718.32, remainder_fraction=98.7011%, Lmin=-711.23, Lmax=-705.69
14:58:55 [ultranest] [DEBUG] iteration=2377, ncalls=21616, regioncalls=847480, ndraw=40, logz=-718.31, remainder_fraction=98.6884%, Lmin=-711.22, Lmax=-705.69
14:58:56 [ultranest] [DEBUG] iteration=2379, ncalls=21619, regioncalls=847600, ndraw=40, logz=-718.29, remainder_fraction=98.6693%, Lmin=-711.22, Lmax=-705.69
14:58:56 [ultranest] [DEBUG] iteration=2380, ncalls=21625, regioncalls=847840, ndraw=40, logz=-718.28, remainder_fraction=98.6559%, Lmin=-711.21, Lmax=-705.69
14:58:56 [ultranest] [DEBUG] iteration=2382, ncalls=21629, regioncalls=848000, ndraw=40, logz=-718.27, remainder_fraction=98.6289%, Lmin=-711.20, Lmax=-705.69
14:58:56 [ultranest] [DEBUG] iteration=2384, ncalls=21635, regioncalls=848240, ndraw=40, logz=-718.25, remainder_fraction=98.6018%, Lmin=-711.20, Lmax=-705.69
14:58:57 [ultranest] [DEBUG] iteration=2385, ncalls=21639, regioncalls=848400, ndraw=40, logz=-718.25, remainder_fraction=98.5919%, Lmin=-711.19, Lmax=-705.69
14:58:57 [ultranest] [DEBUG] iteration=2386, ncalls=21643, regioncalls=848560, ndraw=40, logz=-718.24, remainder_fraction=98.5851%, Lmin=-711.19, Lmax=-705.69
14:58:57 [ultranest] [DEBUG] iteration=2387, ncalls=21655, regioncalls=849040, ndraw=40, logz=-718.23, remainder_fraction=98.5718%, Lmin=-711.17, Lmax=-705.69
14:58:58 [ultranest] [DEBUG] iteration=2389, ncalls=21658, regioncalls=849160, ndraw=40, logz=-718.22, remainder_fraction=98.5522%, Lmin=-711.16, Lmax=-705.69
14:58:58 [ultranest] [DEBUG] iteration=2390, ncalls=21667, regioncalls=849520, ndraw=40, logz=-718.21, remainder_fraction=98.5387%, Lmin=-711.16, Lmax=-705.69
14:58:58 [ultranest] [DEBUG] iteration=2391, ncalls=21670, regioncalls=849640, ndraw=40, logz=-718.20, remainder_fraction=98.5246%, Lmin=-711.14, Lmax=-705.69
14:58:58 [ultranest] [DEBUG] iteration=2392, ncalls=21673, regioncalls=849760, ndraw=40, logz=-718.19, remainder_fraction=98.5115%, Lmin=-711.14, Lmax=-705.69
14:58:58 [ultranest] [DEBUG] iteration=2395, ncalls=21676, regioncalls=849880, ndraw=40, logz=-718.17, remainder_fraction=98.4743%, Lmin=-711.10, Lmax=-705.69
14:58:59 [ultranest] [DEBUG] iteration=2396, ncalls=21682, regioncalls=850120, ndraw=40, logz=-718.16, remainder_fraction=98.4612%, Lmin=-711.10, Lmax=-705.69
14:58:59 [ultranest] [DEBUG] iteration=2398, ncalls=21685, regioncalls=850240, ndraw=40, logz=-718.15, remainder_fraction=98.4400%, Lmin=-711.01, Lmax=-705.69
14:58:59 [ultranest] [DEBUG] iteration=2400, ncalls=21691, regioncalls=850480, ndraw=40, logz=-718.13, remainder_fraction=98.4086%, Lmin=-710.95, Lmax=-705.69
14:59:00 [ultranest] [DEBUG] iteration=2402, ncalls=21702, regioncalls=850920, ndraw=40, logz=-718.12, remainder_fraction=98.3796%, Lmin=-710.94, Lmax=-705.69
14:59:00 [ultranest] [DEBUG] iteration=2404, ncalls=21704, regioncalls=851000, ndraw=40, logz=-718.10, remainder_fraction=98.3569%, Lmin=-710.91, Lmax=-705.69
14:59:00 [ultranest] [DEBUG] iteration=2405, ncalls=21708, regioncalls=851160, ndraw=40, logz=-718.09, remainder_fraction=98.3396%, Lmin=-710.90, Lmax=-705.69
14:59:00 [ultranest] [DEBUG] iteration=2406, ncalls=21710, regioncalls=851240, ndraw=40, logz=-718.08, remainder_fraction=98.3219%, Lmin=-710.90, Lmax=-705.69
14:59:00 [ultranest] [DEBUG] iteration=2407, ncalls=21715, regioncalls=851440, ndraw=40, logz=-718.07, remainder_fraction=98.3044%, Lmin=-710.89, Lmax=-705.69
14:59:00 [ultranest] [DEBUG] iteration=2408, ncalls=21718, regioncalls=851560, ndraw=40, logz=-718.07, remainder_fraction=98.2869%, Lmin=-710.88, Lmax=-705.69
14:59:01 [ultranest] [DEBUG] iteration=2409, ncalls=21723, regioncalls=851760, ndraw=40, logz=-718.06, remainder_fraction=98.2730%, Lmin=-710.87, Lmax=-705.69
14:59:01 [ultranest] [DEBUG] iteration=2410, ncalls=21727, regioncalls=851920, ndraw=40, logz=-718.05, remainder_fraction=98.2567%, Lmin=-710.87, Lmax=-705.69
14:59:01 [ultranest] [DEBUG] iteration=2411, ncalls=21730, regioncalls=852040, ndraw=40, logz=-718.04, remainder_fraction=98.2466%, Lmin=-710.86, Lmax=-705.69
14:59:01 [ultranest] [DEBUG] iteration=2413, ncalls=21737, regioncalls=852320, ndraw=40, logz=-718.03, remainder_fraction=98.2391%, Lmin=-710.86, Lmax=-705.69
14:59:02 [ultranest] [DEBUG] iteration=2414, ncalls=21742, regioncalls=852520, ndraw=40, logz=-718.02, remainder_fraction=98.2320%, Lmin=-710.86, Lmax=-705.69
14:59:02 [ultranest] [DEBUG] iteration=2416, ncalls=21747, regioncalls=852720, ndraw=40, logz=-718.00, remainder_fraction=98.2011%, Lmin=-710.85, Lmax=-705.69
14:59:03 [ultranest] [DEBUG] iteration=2419, ncalls=21765, regioncalls=853440, ndraw=40, logz=-717.98, remainder_fraction=98.1566%, Lmin=-710.84, Lmax=-705.69
14:59:03 [ultranest] [DEBUG] iteration=2420, ncalls=21768, regioncalls=853560, ndraw=40, logz=-717.97, remainder_fraction=98.1387%, Lmin=-710.82, Lmax=-705.69
14:59:03 [ultranest] [DEBUG] iteration=2421, ncalls=21777, regioncalls=854160, ndraw=40, logz=-717.96, remainder_fraction=98.1204%, Lmin=-710.81, Lmax=-705.69
14:59:03 [ultranest] [DEBUG] iteration=2422, ncalls=21780, regioncalls=854400, ndraw=40, logz=-717.96, remainder_fraction=98.1074%, Lmin=-710.80, Lmax=-705.69
14:59:04 [ultranest] [DEBUG] iteration=2423, ncalls=21783, regioncalls=854520, ndraw=40, logz=-717.95, remainder_fraction=98.0907%, Lmin=-710.80, Lmax=-705.69
14:59:04 [ultranest] [DEBUG] iteration=2424, ncalls=21788, regioncalls=854800, ndraw=40, logz=-717.94, remainder_fraction=98.0839%, Lmin=-710.78, Lmax=-705.69
14:59:04 [ultranest] [DEBUG] iteration=2426, ncalls=21790, regioncalls=854880, ndraw=40, logz=-717.93, remainder_fraction=98.0550%, Lmin=-710.76, Lmax=-705.69
14:59:04 [ultranest] [DEBUG] iteration=2427, ncalls=21794, regioncalls=855040, ndraw=40, logz=-717.92, remainder_fraction=98.0358%, Lmin=-710.76, Lmax=-705.69
14:59:04 [ultranest] [DEBUG] iteration=2428, ncalls=21798, regioncalls=855200, ndraw=40, logz=-717.91, remainder_fraction=98.0178%, Lmin=-710.74, Lmax=-705.69
14:59:05 [ultranest] [DEBUG] iteration=2429, ncalls=21802, regioncalls=855360, ndraw=40, logz=-717.90, remainder_fraction=97.9981%, Lmin=-710.74, Lmax=-705.69
14:59:05 [ultranest] [DEBUG] iteration=2430, ncalls=21805, regioncalls=855480, ndraw=40, logz=-717.90, remainder_fraction=97.9784%, Lmin=-710.73, Lmax=-705.69
14:59:05 [ultranest] [DEBUG] iteration=2432, ncalls=21807, regioncalls=855560, ndraw=40, logz=-717.88, remainder_fraction=97.9495%, Lmin=-710.72, Lmax=-705.69
14:59:05 [ultranest] [DEBUG] iteration=2434, ncalls=21815, regioncalls=855880, ndraw=40, logz=-717.87, remainder_fraction=97.9158%, Lmin=-710.69, Lmax=-705.69
14:59:05 [ultranest] [DEBUG] iteration=2436, ncalls=21820, regioncalls=856080, ndraw=40, logz=-717.85, remainder_fraction=97.8772%, Lmin=-710.68, Lmax=-705.69
14:59:06 [ultranest] [DEBUG] iteration=2437, ncalls=21823, regioncalls=856200, ndraw=40, logz=-717.84, remainder_fraction=97.8582%, Lmin=-710.66, Lmax=-705.69
14:59:06 [ultranest] [DEBUG] iteration=2438, ncalls=21830, regioncalls=856480, ndraw=40, logz=-717.84, remainder_fraction=97.8417%, Lmin=-710.66, Lmax=-705.69
14:59:06 [ultranest] [DEBUG] iteration=2439, ncalls=21836, regioncalls=856720, ndraw=40, logz=-717.83, remainder_fraction=97.8230%, Lmin=-710.65, Lmax=-705.69
14:59:06 [ultranest] [DEBUG] iteration=2440, ncalls=21839, regioncalls=856840, ndraw=40, logz=-717.82, remainder_fraction=97.8050%, Lmin=-710.65, Lmax=-705.69
14:59:07 [ultranest] [DEBUG] iteration=2441, ncalls=21847, regioncalls=857160, ndraw=40, logz=-717.81, remainder_fraction=97.7838%, Lmin=-710.65, Lmax=-705.69
14:59:07 [ultranest] [DEBUG] iteration=2442, ncalls=21851, regioncalls=857320, ndraw=40, logz=-717.81, remainder_fraction=97.7638%, Lmin=-710.64, Lmax=-705.69
14:59:07 [ultranest] [DEBUG] iteration=2444, ncalls=21858, regioncalls=857600, ndraw=40, logz=-717.79, remainder_fraction=97.7246%, Lmin=-710.62, Lmax=-705.69
14:59:07 [ultranest] [DEBUG] iteration=2445, ncalls=21860, regioncalls=857680, ndraw=40, logz=-717.78, remainder_fraction=97.7050%, Lmin=-710.61, Lmax=-705.69
14:59:08 [ultranest] [DEBUG] iteration=2446, ncalls=21869, regioncalls=858040, ndraw=40, logz=-717.78, remainder_fraction=97.6941%, Lmin=-710.60, Lmax=-705.69
14:59:08 [ultranest] [DEBUG] iteration=2448, ncalls=21872, regioncalls=858160, ndraw=40, logz=-717.76, remainder_fraction=97.6527%, Lmin=-710.55, Lmax=-705.69
14:59:08 [ultranest] [DEBUG] iteration=2449, ncalls=21875, regioncalls=858280, ndraw=40, logz=-717.76, remainder_fraction=97.6315%, Lmin=-710.55, Lmax=-705.69
14:59:08 [ultranest] [DEBUG] iteration=2450, ncalls=21878, regioncalls=858400, ndraw=40, logz=-717.75, remainder_fraction=97.6098%, Lmin=-710.55, Lmax=-705.69
14:59:08 [ultranest] [DEBUG] iteration=2451, ncalls=21881, regioncalls=858520, ndraw=40, logz=-717.74, remainder_fraction=97.6138%, Lmin=-710.53, Lmax=-705.69
14:59:09 [ultranest] [DEBUG] iteration=2452, ncalls=21885, regioncalls=858680, ndraw=40, logz=-717.73, remainder_fraction=97.5920%, Lmin=-710.51, Lmax=-705.69
14:59:10 [ultranest] [DEBUG] iteration=2453, ncalls=21907, regioncalls=859560, ndraw=40, logz=-717.73, remainder_fraction=97.5740%, Lmin=-710.51, Lmax=-705.69
14:59:10 [ultranest] [DEBUG] iteration=2454, ncalls=21913, regioncalls=859800, ndraw=40, logz=-717.72, remainder_fraction=97.5529%, Lmin=-710.50, Lmax=-705.69
14:59:10 [ultranest] [DEBUG] iteration=2456, ncalls=21916, regioncalls=859920, ndraw=40, logz=-717.70, remainder_fraction=97.5055%, Lmin=-710.48, Lmax=-705.69
14:59:10 [ultranest] [DEBUG] iteration=2457, ncalls=21919, regioncalls=860040, ndraw=40, logz=-717.70, remainder_fraction=97.4813%, Lmin=-710.47, Lmax=-705.69
14:59:11 [ultranest] [DEBUG] iteration=2458, ncalls=21928, regioncalls=860400, ndraw=40, logz=-717.69, remainder_fraction=97.4576%, Lmin=-710.47, Lmax=-705.69
14:59:11 [ultranest] [DEBUG] iteration=2459, ncalls=21930, regioncalls=860480, ndraw=40, logz=-717.68, remainder_fraction=97.4338%, Lmin=-710.47, Lmax=-705.69
14:59:11 [ultranest] [DEBUG] iteration=2461, ncalls=21933, regioncalls=860600, ndraw=40, logz=-717.67, remainder_fraction=97.3904%, Lmin=-710.46, Lmax=-705.69
14:59:11 [ultranest] [DEBUG] iteration=2463, ncalls=21936, regioncalls=860720, ndraw=40, logz=-717.65, remainder_fraction=97.3424%, Lmin=-710.45, Lmax=-705.69
14:59:12 [ultranest] [DEBUG] iteration=2465, ncalls=21947, regioncalls=861160, ndraw=40, logz=-717.64, remainder_fraction=97.2950%, Lmin=-710.42, Lmax=-705.69
14:59:12 [ultranest] [DEBUG] iteration=2466, ncalls=21951, regioncalls=861320, ndraw=40, logz=-717.63, remainder_fraction=97.2697%, Lmin=-710.42, Lmax=-705.69
14:59:12 [ultranest] [DEBUG] iteration=2467, ncalls=21963, regioncalls=861800, ndraw=40, logz=-717.62, remainder_fraction=97.2441%, Lmin=-710.40, Lmax=-705.69
14:59:13 [ultranest] [DEBUG] iteration=2468, ncalls=21966, regioncalls=861920, ndraw=40, logz=-717.62, remainder_fraction=97.2292%, Lmin=-710.40, Lmax=-705.69
14:59:13 [ultranest] [DEBUG] iteration=2470, ncalls=21971, regioncalls=862120, ndraw=40, logz=-717.60, remainder_fraction=97.1944%, Lmin=-710.39, Lmax=-705.69
14:59:13 [ultranest] [DEBUG] iteration=2471, ncalls=21976, regioncalls=862320, ndraw=40, logz=-717.59, remainder_fraction=97.2099%, Lmin=-710.39, Lmax=-705.69
14:59:13 [ultranest] [DEBUG] iteration=2472, ncalls=21985, regioncalls=862680, ndraw=40, logz=-717.59, remainder_fraction=97.2046%, Lmin=-710.37, Lmax=-705.69
14:59:14 [ultranest] [DEBUG] iteration=2473, ncalls=22000, regioncalls=863280, ndraw=40, logz=-717.58, remainder_fraction=97.1792%, Lmin=-710.36, Lmax=-705.69
14:59:14 [ultranest] [DEBUG] iteration=2474, ncalls=22004, regioncalls=863440, ndraw=40, logz=-717.57, remainder_fraction=97.1551%, Lmin=-710.36, Lmax=-705.69
14:59:15 [ultranest] [DEBUG] iteration=2475, ncalls=22008, regioncalls=863600, ndraw=40, logz=-717.57, remainder_fraction=97.1288%, Lmin=-710.35, Lmax=-705.69
14:59:15 [ultranest] [DEBUG] iteration=2477, ncalls=22015, regioncalls=863880, ndraw=40, logz=-717.55, remainder_fraction=97.0779%, Lmin=-710.34, Lmax=-705.69
14:59:16 [ultranest] [DEBUG] iteration=2478, ncalls=22031, regioncalls=864520, ndraw=40, logz=-717.54, remainder_fraction=97.0538%, Lmin=-710.34, Lmax=-705.69
14:59:16 [ultranest] [DEBUG] iteration=2479, ncalls=22035, regioncalls=864680, ndraw=40, logz=-717.54, remainder_fraction=97.0362%, Lmin=-710.32, Lmax=-705.69
14:59:16 [ultranest] [DEBUG] iteration=2480, ncalls=22039, regioncalls=864840, ndraw=40, logz=-717.53, remainder_fraction=97.0262%, Lmin=-710.32, Lmax=-705.69
14:59:16 [ultranest] [DEBUG] iteration=2481, ncalls=22044, regioncalls=865040, ndraw=40, logz=-717.52, remainder_fraction=96.9988%, Lmin=-710.32, Lmax=-705.69
14:59:17 [ultranest] [DEBUG] iteration=2483, ncalls=22052, regioncalls=865360, ndraw=40, logz=-717.51, remainder_fraction=96.9623%, Lmin=-710.32, Lmax=-705.69
14:59:18 [ultranest] [DEBUG] iteration=2485, ncalls=22069, regioncalls=866040, ndraw=40, logz=-717.50, remainder_fraction=96.9166%, Lmin=-710.31, Lmax=-705.69
14:59:18 [ultranest] [DEBUG] iteration=2486, ncalls=22083, regioncalls=866600, ndraw=40, logz=-717.49, remainder_fraction=96.8929%, Lmin=-710.30, Lmax=-705.69
14:59:19 [ultranest] [DEBUG] iteration=2487, ncalls=22089, regioncalls=866840, ndraw=40, logz=-717.48, remainder_fraction=96.8676%, Lmin=-710.29, Lmax=-705.69
14:59:19 [ultranest] [DEBUG] iteration=2489, ncalls=22095, regioncalls=867080, ndraw=40, logz=-717.47, remainder_fraction=96.8173%, Lmin=-710.28, Lmax=-705.69
14:59:19 [ultranest] [DEBUG] iteration=2490, ncalls=22102, regioncalls=867360, ndraw=40, logz=-717.46, remainder_fraction=96.7893%, Lmin=-710.28, Lmax=-705.69
14:59:19 [ultranest] [DEBUG] iteration=2491, ncalls=22104, regioncalls=867440, ndraw=40, logz=-717.46, remainder_fraction=96.7618%, Lmin=-710.27, Lmax=-705.69
14:59:20 [ultranest] [DEBUG] iteration=2492, ncalls=22110, regioncalls=867680, ndraw=40, logz=-717.45, remainder_fraction=96.7383%, Lmin=-710.26, Lmax=-705.69
14:59:21 [ultranest] [DEBUG] iteration=2493, ncalls=22138, regioncalls=868800, ndraw=40, logz=-717.44, remainder_fraction=96.7142%, Lmin=-710.25, Lmax=-705.69
14:59:21 [ultranest] [DEBUG] iteration=2494, ncalls=22148, regioncalls=869200, ndraw=40, logz=-717.44, remainder_fraction=96.6859%, Lmin=-710.24, Lmax=-705.69
14:59:22 [ultranest] [DEBUG] iteration=2495, ncalls=22151, regioncalls=869320, ndraw=40, logz=-717.43, remainder_fraction=96.6567%, Lmin=-710.24, Lmax=-705.69
14:59:22 [ultranest] [DEBUG] iteration=2496, ncalls=22156, regioncalls=869520, ndraw=40, logz=-717.42, remainder_fraction=96.6285%, Lmin=-710.23, Lmax=-705.69
14:59:22 [ultranest] [DEBUG] iteration=2497, ncalls=22164, regioncalls=869840, ndraw=40, logz=-717.42, remainder_fraction=96.6165%, Lmin=-710.23, Lmax=-705.69
14:59:22 [ultranest] [DEBUG] iteration=2498, ncalls=22168, regioncalls=870000, ndraw=40, logz=-717.41, remainder_fraction=96.5887%, Lmin=-710.21, Lmax=-705.69
14:59:23 [ultranest] [DEBUG] iteration=2499, ncalls=22173, regioncalls=870200, ndraw=40, logz=-717.40, remainder_fraction=96.5626%, Lmin=-710.21, Lmax=-705.69
14:59:23 [ultranest] [DEBUG] iteration=2500, ncalls=22181, regioncalls=870520, ndraw=40, logz=-717.40, remainder_fraction=96.5394%, Lmin=-710.19, Lmax=-705.69
14:59:23 [ultranest] [DEBUG] iteration=2501, ncalls=22185, regioncalls=870680, ndraw=40, logz=-717.39, remainder_fraction=96.5131%, Lmin=-710.17, Lmax=-705.69
14:59:24 [ultranest] [DEBUG] iteration=2502, ncalls=22191, regioncalls=870920, ndraw=40, logz=-717.38, remainder_fraction=96.5487%, Lmin=-710.16, Lmax=-705.69
14:59:24 [ultranest] [DEBUG] iteration=2503, ncalls=22196, regioncalls=871120, ndraw=40, logz=-717.38, remainder_fraction=96.5234%, Lmin=-710.15, Lmax=-705.69
14:59:24 [ultranest] [DEBUG] iteration=2505, ncalls=22200, regioncalls=871280, ndraw=40, logz=-717.36, remainder_fraction=96.4616%, Lmin=-710.15, Lmax=-705.69
14:59:24 [ultranest] [DEBUG] iteration=2507, ncalls=22203, regioncalls=871400, ndraw=40, logz=-717.35, remainder_fraction=96.4620%, Lmin=-710.14, Lmax=-705.69
14:59:25 [ultranest] [DEBUG] iteration=2508, ncalls=22211, regioncalls=871720, ndraw=40, logz=-717.34, remainder_fraction=96.4321%, Lmin=-710.13, Lmax=-705.69
14:59:25 [ultranest] [DEBUG] iteration=2509, ncalls=22220, regioncalls=872080, ndraw=40, logz=-717.34, remainder_fraction=96.4011%, Lmin=-710.13, Lmax=-705.69
14:59:25 [ultranest] [DEBUG] iteration=2510, ncalls=22225, regioncalls=872280, ndraw=40, logz=-717.33, remainder_fraction=96.3717%, Lmin=-710.12, Lmax=-705.69
14:59:26 [ultranest] [DEBUG] iteration=2511, ncalls=22232, regioncalls=872560, ndraw=40, logz=-717.32, remainder_fraction=96.3450%, Lmin=-710.11, Lmax=-705.69
14:59:26 [ultranest] [DEBUG] iteration=2512, ncalls=22238, regioncalls=872800, ndraw=40, logz=-717.32, remainder_fraction=96.3136%, Lmin=-710.09, Lmax=-705.69
14:59:26 [ultranest] [DEBUG] iteration=2513, ncalls=22240, regioncalls=872880, ndraw=40, logz=-717.31, remainder_fraction=96.2819%, Lmin=-710.09, Lmax=-705.69
14:59:26 [ultranest] [DEBUG] iteration=2514, ncalls=22246, regioncalls=873120, ndraw=40, logz=-717.30, remainder_fraction=96.2727%, Lmin=-710.08, Lmax=-705.69
14:59:26 [ultranest] [DEBUG] iteration=2516, ncalls=22250, regioncalls=873280, ndraw=40, logz=-717.29, remainder_fraction=96.2098%, Lmin=-710.07, Lmax=-705.69
14:59:27 [ultranest] [DEBUG] iteration=2517, ncalls=22254, regioncalls=873440, ndraw=40, logz=-717.29, remainder_fraction=96.1970%, Lmin=-710.07, Lmax=-705.69
14:59:27 [ultranest] [DEBUG] iteration=2519, ncalls=22257, regioncalls=873560, ndraw=40, logz=-717.27, remainder_fraction=96.1335%, Lmin=-710.04, Lmax=-705.69
14:59:27 [ultranest] [DEBUG] iteration=2520, ncalls=22259, regioncalls=873640, ndraw=40, logz=-717.27, remainder_fraction=96.1021%, Lmin=-710.04, Lmax=-705.69
14:59:27 [ultranest] [DEBUG] iteration=2521, ncalls=22267, regioncalls=873960, ndraw=40, logz=-717.26, remainder_fraction=96.0842%, Lmin=-710.03, Lmax=-705.69
14:59:27 [ultranest] [DEBUG] iteration=2523, ncalls=22271, regioncalls=874120, ndraw=40, logz=-717.25, remainder_fraction=96.0255%, Lmin=-710.02, Lmax=-705.69
14:59:28 [ultranest] [DEBUG] iteration=2524, ncalls=22275, regioncalls=874280, ndraw=40, logz=-717.24, remainder_fraction=95.9924%, Lmin=-710.02, Lmax=-705.69
14:59:28 [ultranest] [DEBUG] iteration=2526, ncalls=22286, regioncalls=874720, ndraw=40, logz=-717.23, remainder_fraction=95.9269%, Lmin=-710.01, Lmax=-705.69
14:59:28 [ultranest] [DEBUG] iteration=2527, ncalls=22290, regioncalls=874880, ndraw=40, logz=-717.22, remainder_fraction=95.9076%, Lmin=-710.01, Lmax=-705.69
14:59:29 [ultranest] [DEBUG] iteration=2529, ncalls=22294, regioncalls=875040, ndraw=40, logz=-717.21, remainder_fraction=95.8461%, Lmin=-709.99, Lmax=-705.69
14:59:29 [ultranest] [DEBUG] iteration=2531, ncalls=22300, regioncalls=875280, ndraw=40, logz=-717.20, remainder_fraction=95.8327%, Lmin=-709.98, Lmax=-705.69
14:59:29 [ultranest] [DEBUG] iteration=2533, ncalls=22302, regioncalls=875360, ndraw=40, logz=-717.18, remainder_fraction=95.7783%, Lmin=-709.97, Lmax=-705.69
14:59:29 [ultranest] [DEBUG] iteration=2534, ncalls=22306, regioncalls=875520, ndraw=40, logz=-717.18, remainder_fraction=95.7462%, Lmin=-709.97, Lmax=-705.69
14:59:29 [ultranest] [DEBUG] iteration=2536, ncalls=22311, regioncalls=875720, ndraw=40, logz=-717.17, remainder_fraction=95.6826%, Lmin=-709.96, Lmax=-705.69
14:59:30 [ultranest] [DEBUG] iteration=2537, ncalls=22321, regioncalls=876120, ndraw=40, logz=-717.16, remainder_fraction=95.6491%, Lmin=-709.96, Lmax=-705.69
14:59:30 [ultranest] [DEBUG] iteration=2538, ncalls=22324, regioncalls=876240, ndraw=40, logz=-717.15, remainder_fraction=95.6233%, Lmin=-709.95, Lmax=-705.69
14:59:30 [ultranest] [DEBUG] iteration=2539, ncalls=22329, regioncalls=876440, ndraw=40, logz=-717.15, remainder_fraction=95.5903%, Lmin=-709.95, Lmax=-705.69
14:59:31 [ultranest] [DEBUG] iteration=2540, ncalls=22335, regioncalls=876680, ndraw=40, logz=-717.14, remainder_fraction=95.5599%, Lmin=-709.95, Lmax=-705.69
14:59:31 [ultranest] [DEBUG] iteration=2541, ncalls=22338, regioncalls=876800, ndraw=40, logz=-717.14, remainder_fraction=95.5653%, Lmin=-709.94, Lmax=-705.69
14:59:31 [ultranest] [DEBUG] iteration=2542, ncalls=22343, regioncalls=877000, ndraw=40, logz=-717.13, remainder_fraction=95.5550%, Lmin=-709.94, Lmax=-705.69
14:59:31 [ultranest] [DEBUG] iteration=2543, ncalls=22349, regioncalls=877240, ndraw=40, logz=-717.12, remainder_fraction=95.5199%, Lmin=-709.93, Lmax=-705.69
14:59:32 [ultranest] [DEBUG] iteration=2544, ncalls=22365, regioncalls=877880, ndraw=40, logz=-717.12, remainder_fraction=95.5094%, Lmin=-709.92, Lmax=-705.69
14:59:32 [ultranest] [DEBUG] iteration=2546, ncalls=22371, regioncalls=878120, ndraw=40, logz=-717.11, remainder_fraction=95.4400%, Lmin=-709.90, Lmax=-705.69
14:59:33 [ultranest] [DEBUG] iteration=2547, ncalls=22375, regioncalls=878280, ndraw=40, logz=-717.10, remainder_fraction=95.4119%, Lmin=-709.89, Lmax=-705.69
14:59:33 [ultranest] [DEBUG] iteration=2548, ncalls=22378, regioncalls=878400, ndraw=40, logz=-717.10, remainder_fraction=95.3815%, Lmin=-709.88, Lmax=-705.69
14:59:33 [ultranest] [DEBUG] iteration=2549, ncalls=22380, regioncalls=878480, ndraw=40, logz=-717.09, remainder_fraction=95.4070%, Lmin=-709.87, Lmax=-705.69
14:59:33 [ultranest] [DEBUG] iteration=2550, ncalls=22382, regioncalls=878560, ndraw=40, logz=-717.08, remainder_fraction=95.3744%, Lmin=-709.87, Lmax=-705.69
14:59:33 [ultranest] [DEBUG] iteration=2552, ncalls=22390, regioncalls=878880, ndraw=40, logz=-717.07, remainder_fraction=95.3121%, Lmin=-709.85, Lmax=-705.69
14:59:34 [ultranest] [DEBUG] iteration=2554, ncalls=22395, regioncalls=879080, ndraw=40, logz=-717.06, remainder_fraction=95.2490%, Lmin=-709.83, Lmax=-705.69
14:59:34 [ultranest] [DEBUG] iteration=2556, ncalls=22400, regioncalls=879280, ndraw=40, logz=-717.05, remainder_fraction=95.1901%, Lmin=-709.81, Lmax=-705.69
14:59:34 [ultranest] [DEBUG] iteration=2558, ncalls=22411, regioncalls=879720, ndraw=40, logz=-717.04, remainder_fraction=95.1356%, Lmin=-709.79, Lmax=-705.69
14:59:34 [ultranest] [DEBUG] iteration=2559, ncalls=22414, regioncalls=879840, ndraw=40, logz=-717.03, remainder_fraction=95.1069%, Lmin=-709.78, Lmax=-705.69
14:59:35 [ultranest] [DEBUG] iteration=2560, ncalls=22423, regioncalls=880200, ndraw=40, logz=-717.02, remainder_fraction=95.0800%, Lmin=-709.78, Lmax=-705.69
14:59:35 [ultranest] [DEBUG] iteration=2562, ncalls=22433, regioncalls=880600, ndraw=40, logz=-717.01, remainder_fraction=95.0954%, Lmin=-709.76, Lmax=-705.69
14:59:37 [ultranest] [DEBUG] iteration=2564, ncalls=22456, regioncalls=881520, ndraw=40, logz=-717.00, remainder_fraction=95.0256%, Lmin=-709.75, Lmax=-705.69
14:59:37 [ultranest] [DEBUG] iteration=2566, ncalls=22469, regioncalls=882040, ndraw=40, logz=-716.99, remainder_fraction=94.9748%, Lmin=-709.73, Lmax=-705.69
14:59:37 [ultranest] [DEBUG] iteration=2568, ncalls=22474, regioncalls=882240, ndraw=40, logz=-716.98, remainder_fraction=94.8985%, Lmin=-709.71, Lmax=-705.69
14:59:38 [ultranest] [DEBUG] iteration=2570, ncalls=22477, regioncalls=882360, ndraw=40, logz=-716.97, remainder_fraction=94.8247%, Lmin=-709.69, Lmax=-705.69
14:59:38 [ultranest] [DEBUG] iteration=2571, ncalls=22480, regioncalls=882480, ndraw=40, logz=-716.96, remainder_fraction=94.7921%, Lmin=-709.69, Lmax=-705.69
14:59:38 [ultranest] [DEBUG] iteration=2572, ncalls=22485, regioncalls=882680, ndraw=40, logz=-716.95, remainder_fraction=94.7604%, Lmin=-709.69, Lmax=-705.69
14:59:38 [ultranest] [DEBUG] iteration=2573, ncalls=22488, regioncalls=882800, ndraw=40, logz=-716.95, remainder_fraction=94.7333%, Lmin=-709.69, Lmax=-705.69
14:59:38 [ultranest] [DEBUG] iteration=2574, ncalls=22491, regioncalls=882920, ndraw=40, logz=-716.94, remainder_fraction=94.7025%, Lmin=-709.69, Lmax=-705.69
14:59:38 [ultranest] [DEBUG] iteration=2575, ncalls=22494, regioncalls=883040, ndraw=40, logz=-716.94, remainder_fraction=94.6637%, Lmin=-709.68, Lmax=-705.69
14:59:39 [ultranest] [DEBUG] iteration=2576, ncalls=22501, regioncalls=883320, ndraw=40, logz=-716.93, remainder_fraction=94.6220%, Lmin=-709.68, Lmax=-705.69
14:59:39 [ultranest] [DEBUG] iteration=2578, ncalls=22506, regioncalls=883520, ndraw=40, logz=-716.92, remainder_fraction=94.5450%, Lmin=-709.67, Lmax=-705.69
14:59:39 [ultranest] [DEBUG] iteration=2579, ncalls=22508, regioncalls=883600, ndraw=40, logz=-716.91, remainder_fraction=94.5050%, Lmin=-709.67, Lmax=-705.69
14:59:39 [ultranest] [DEBUG] iteration=2580, ncalls=22512, regioncalls=883760, ndraw=40, logz=-716.91, remainder_fraction=94.4869%, Lmin=-709.67, Lmax=-705.69
14:59:39 [ultranest] [DEBUG] iteration=2581, ncalls=22516, regioncalls=883920, ndraw=40, logz=-716.90, remainder_fraction=94.4509%, Lmin=-709.66, Lmax=-705.69
14:59:40 [ultranest] [DEBUG] iteration=2582, ncalls=22519, regioncalls=884040, ndraw=40, logz=-716.90, remainder_fraction=94.4437%, Lmin=-709.66, Lmax=-705.69
14:59:40 [ultranest] [DEBUG] iteration=2583, ncalls=22529, regioncalls=884440, ndraw=40, logz=-716.89, remainder_fraction=94.4031%, Lmin=-709.65, Lmax=-705.69
14:59:40 [ultranest] [DEBUG] iteration=2584, ncalls=22537, regioncalls=884760, ndraw=40, logz=-716.89, remainder_fraction=94.3609%, Lmin=-709.64, Lmax=-705.69
14:59:41 [ultranest] [DEBUG] iteration=2586, ncalls=22547, regioncalls=885160, ndraw=40, logz=-716.87, remainder_fraction=94.3045%, Lmin=-709.63, Lmax=-705.69
14:59:41 [ultranest] [DEBUG] iteration=2588, ncalls=22557, regioncalls=885560, ndraw=40, logz=-716.86, remainder_fraction=94.2265%, Lmin=-709.62, Lmax=-705.69
14:59:42 [ultranest] [DEBUG] iteration=2590, ncalls=22568, regioncalls=886000, ndraw=40, logz=-716.85, remainder_fraction=94.1841%, Lmin=-709.61, Lmax=-705.69
14:59:42 [ultranest] [DEBUG] iteration=2592, ncalls=22571, regioncalls=886120, ndraw=40, logz=-716.84, remainder_fraction=94.1214%, Lmin=-709.59, Lmax=-705.69
14:59:42 [ultranest] [DEBUG] iteration=2594, ncalls=22575, regioncalls=886280, ndraw=40, logz=-716.83, remainder_fraction=94.0409%, Lmin=-709.58, Lmax=-705.69
14:59:43 [ultranest] [DEBUG] iteration=2595, ncalls=22582, regioncalls=886560, ndraw=40, logz=-716.83, remainder_fraction=93.9967%, Lmin=-709.58, Lmax=-705.69
14:59:43 [ultranest] [DEBUG] iteration=2596, ncalls=22593, regioncalls=887000, ndraw=40, logz=-716.82, remainder_fraction=93.9548%, Lmin=-709.57, Lmax=-705.69
14:59:44 [ultranest] [DEBUG] iteration=2597, ncalls=22604, regioncalls=887440, ndraw=40, logz=-716.81, remainder_fraction=93.9200%, Lmin=-709.56, Lmax=-705.69
14:59:44 [ultranest] [DEBUG] iteration=2599, ncalls=22607, regioncalls=887560, ndraw=40, logz=-716.80, remainder_fraction=93.8308%, Lmin=-709.52, Lmax=-705.69
14:59:44 [ultranest] [DEBUG] iteration=2601, ncalls=22613, regioncalls=887960, ndraw=40, logz=-716.79, remainder_fraction=93.7678%, Lmin=-709.51, Lmax=-705.69
14:59:45 [ultranest] [DEBUG] iteration=2602, ncalls=22632, regioncalls=888720, ndraw=40, logz=-716.79, remainder_fraction=93.7256%, Lmin=-709.51, Lmax=-705.69
14:59:46 [ultranest] [DEBUG] iteration=2604, ncalls=22639, regioncalls=889000, ndraw=40, logz=-716.78, remainder_fraction=93.6351%, Lmin=-709.49, Lmax=-705.69
14:59:46 [ultranest] [DEBUG] iteration=2606, ncalls=22649, regioncalls=889400, ndraw=40, logz=-716.77, remainder_fraction=93.5952%, Lmin=-709.48, Lmax=-705.69
14:59:47 [ultranest] [DEBUG] iteration=2607, ncalls=22659, regioncalls=889800, ndraw=40, logz=-716.76, remainder_fraction=93.5478%, Lmin=-709.48, Lmax=-705.69
14:59:47 [ultranest] [DEBUG] iteration=2608, ncalls=22663, regioncalls=889960, ndraw=40, logz=-716.75, remainder_fraction=93.5174%, Lmin=-709.48, Lmax=-705.69
14:59:47 [ultranest] [DEBUG] iteration=2609, ncalls=22666, regioncalls=890080, ndraw=40, logz=-716.75, remainder_fraction=93.4854%, Lmin=-709.46, Lmax=-705.69
14:59:48 [ultranest] [DEBUG] iteration=2611, ncalls=22679, regioncalls=890600, ndraw=40, logz=-716.74, remainder_fraction=93.3939%, Lmin=-709.46, Lmax=-705.69
14:59:48 [ultranest] [DEBUG] iteration=2613, ncalls=22683, regioncalls=890760, ndraw=40, logz=-716.73, remainder_fraction=93.3354%, Lmin=-709.44, Lmax=-705.69
14:59:48 [ultranest] [DEBUG] iteration=2615, ncalls=22689, regioncalls=891000, ndraw=40, logz=-716.72, remainder_fraction=93.2484%, Lmin=-709.44, Lmax=-705.69
14:59:48 [ultranest] [DEBUG] iteration=2617, ncalls=22696, regioncalls=891280, ndraw=40, logz=-716.71, remainder_fraction=93.1795%, Lmin=-709.43, Lmax=-705.69
14:59:49 [ultranest] [DEBUG] iteration=2619, ncalls=22717, regioncalls=892120, ndraw=40, logz=-716.70, remainder_fraction=93.0902%, Lmin=-709.43, Lmax=-705.69
14:59:50 [ultranest] [DEBUG] iteration=2620, ncalls=22721, regioncalls=892280, ndraw=40, logz=-716.69, remainder_fraction=93.0412%, Lmin=-709.43, Lmax=-705.69
14:59:50 [ultranest] [DEBUG] iteration=2621, ncalls=22723, regioncalls=892360, ndraw=40, logz=-716.68, remainder_fraction=92.9931%, Lmin=-709.42, Lmax=-705.69
14:59:50 [ultranest] [DEBUG] iteration=2623, ncalls=22726, regioncalls=892480, ndraw=40, logz=-716.67, remainder_fraction=92.9320%, Lmin=-709.39, Lmax=-705.69
14:59:50 [ultranest] [DEBUG] iteration=2624, ncalls=22737, regioncalls=892920, ndraw=40, logz=-716.67, remainder_fraction=92.8872%, Lmin=-709.39, Lmax=-705.69
14:59:51 [ultranest] [DEBUG] iteration=2625, ncalls=22742, regioncalls=893120, ndraw=40, logz=-716.66, remainder_fraction=92.8704%, Lmin=-709.39, Lmax=-705.69
14:59:51 [ultranest] [DEBUG] iteration=2627, ncalls=22755, regioncalls=893640, ndraw=40, logz=-716.65, remainder_fraction=92.8406%, Lmin=-709.38, Lmax=-705.69
14:59:52 [ultranest] [DEBUG] iteration=2628, ncalls=22762, regioncalls=893920, ndraw=40, logz=-716.65, remainder_fraction=92.7906%, Lmin=-709.37, Lmax=-705.69
14:59:52 [ultranest] [DEBUG] iteration=2629, ncalls=22768, regioncalls=894160, ndraw=40, logz=-716.64, remainder_fraction=92.7424%, Lmin=-709.37, Lmax=-705.69
14:59:52 [ultranest] [DEBUG] iteration=2630, ncalls=22772, regioncalls=894320, ndraw=40, logz=-716.64, remainder_fraction=92.7316%, Lmin=-709.37, Lmax=-705.69
14:59:53 [ultranest] [DEBUG] iteration=2632, ncalls=22785, regioncalls=894840, ndraw=40, logz=-716.63, remainder_fraction=92.6675%, Lmin=-709.36, Lmax=-705.69
14:59:53 [ultranest] [DEBUG] iteration=2633, ncalls=22788, regioncalls=894960, ndraw=40, logz=-716.62, remainder_fraction=92.6211%, Lmin=-709.36, Lmax=-705.69
14:59:53 [ultranest] [DEBUG] iteration=2635, ncalls=22790, regioncalls=895040, ndraw=40, logz=-716.61, remainder_fraction=92.5377%, Lmin=-709.35, Lmax=-705.69
14:59:53 [ultranest] [DEBUG] iteration=2637, ncalls=22797, regioncalls=895320, ndraw=40, logz=-716.60, remainder_fraction=92.4379%, Lmin=-709.32, Lmax=-705.69
14:59:54 [ultranest] [DEBUG] iteration=2638, ncalls=22816, regioncalls=896080, ndraw=40, logz=-716.60, remainder_fraction=92.3915%, Lmin=-709.31, Lmax=-705.69
14:59:55 [ultranest] [DEBUG] iteration=2639, ncalls=22826, regioncalls=896480, ndraw=40, logz=-716.59, remainder_fraction=92.3431%, Lmin=-709.30, Lmax=-705.69
14:59:55 [ultranest] [DEBUG] iteration=2640, ncalls=22827, regioncalls=896520, ndraw=40, logz=-716.59, remainder_fraction=92.3254%, Lmin=-709.30, Lmax=-705.69
14:59:56 [ultranest] [DEBUG] iteration=2641, ncalls=22848, regioncalls=897360, ndraw=40, logz=-716.58, remainder_fraction=92.2791%, Lmin=-709.30, Lmax=-705.69
14:59:56 [ultranest] [DEBUG] iteration=2642, ncalls=22851, regioncalls=897480, ndraw=40, logz=-716.58, remainder_fraction=92.2317%, Lmin=-709.30, Lmax=-705.69
14:59:56 [ultranest] [DEBUG] iteration=2643, ncalls=22858, regioncalls=897760, ndraw=40, logz=-716.57, remainder_fraction=92.1791%, Lmin=-709.29, Lmax=-705.69
14:59:57 [ultranest] [DEBUG] iteration=2644, ncalls=22864, regioncalls=898000, ndraw=40, logz=-716.57, remainder_fraction=92.1294%, Lmin=-709.28, Lmax=-705.69
14:59:57 [ultranest] [DEBUG] iteration=2645, ncalls=22873, regioncalls=898360, ndraw=40, logz=-716.56, remainder_fraction=92.0799%, Lmin=-709.28, Lmax=-705.69
14:59:57 [ultranest] [DEBUG] iteration=2646, ncalls=22878, regioncalls=898560, ndraw=40, logz=-716.56, remainder_fraction=92.0278%, Lmin=-709.28, Lmax=-705.69
14:59:57 [ultranest] [DEBUG] iteration=2647, ncalls=22882, regioncalls=898720, ndraw=40, logz=-716.55, remainder_fraction=92.0232%, Lmin=-709.27, Lmax=-705.69
14:59:58 [ultranest] [DEBUG] iteration=2648, ncalls=22885, regioncalls=898840, ndraw=40, logz=-716.55, remainder_fraction=91.9689%, Lmin=-709.27, Lmax=-705.69
14:59:58 [ultranest] [DEBUG] iteration=2649, ncalls=22892, regioncalls=899120, ndraw=40, logz=-716.54, remainder_fraction=91.9183%, Lmin=-709.27, Lmax=-705.69
14:59:58 [ultranest] [DEBUG] iteration=2651, ncalls=22897, regioncalls=899320, ndraw=40, logz=-716.53, remainder_fraction=91.8761%, Lmin=-709.24, Lmax=-705.69
14:59:59 [ultranest] [DEBUG] iteration=2652, ncalls=22919, regioncalls=900200, ndraw=40, logz=-716.53, remainder_fraction=91.8253%, Lmin=-709.23, Lmax=-705.69
15:00:00 [ultranest] [DEBUG] iteration=2653, ncalls=22924, regioncalls=900400, ndraw=40, logz=-716.52, remainder_fraction=91.7976%, Lmin=-709.23, Lmax=-705.69
15:00:01 [ultranest] [DEBUG] iteration=2654, ncalls=22944, regioncalls=901200, ndraw=40, logz=-716.52, remainder_fraction=91.7685%, Lmin=-709.22, Lmax=-705.69
15:00:01 [ultranest] [DEBUG] iteration=2655, ncalls=22950, regioncalls=901440, ndraw=40, logz=-716.51, remainder_fraction=91.7165%, Lmin=-709.22, Lmax=-705.69
15:00:01 [ultranest] [DEBUG] iteration=2656, ncalls=22955, regioncalls=901640, ndraw=40, logz=-716.51, remainder_fraction=91.6853%, Lmin=-709.21, Lmax=-705.69
15:00:01 [ultranest] [DEBUG] iteration=2657, ncalls=22958, regioncalls=901760, ndraw=40, logz=-716.50, remainder_fraction=91.7064%, Lmin=-709.21, Lmax=-705.69
15:00:01 [ultranest] [DEBUG] iteration=2658, ncalls=22962, regioncalls=901920, ndraw=40, logz=-716.50, remainder_fraction=91.6519%, Lmin=-709.21, Lmax=-705.69
15:00:02 [ultranest] [DEBUG] iteration=2659, ncalls=22970, regioncalls=902240, ndraw=40, logz=-716.49, remainder_fraction=91.6131%, Lmin=-709.19, Lmax=-705.69
15:00:02 [ultranest] [DEBUG] iteration=2660, ncalls=22973, regioncalls=902360, ndraw=40, logz=-716.49, remainder_fraction=91.5660%, Lmin=-709.18, Lmax=-705.69
15:00:02 [ultranest] [DEBUG] iteration=2661, ncalls=22976, regioncalls=902480, ndraw=40, logz=-716.48, remainder_fraction=91.5159%, Lmin=-709.18, Lmax=-705.69
15:00:02 [ultranest] [DEBUG] iteration=2662, ncalls=22979, regioncalls=902600, ndraw=40, logz=-716.48, remainder_fraction=91.4644%, Lmin=-709.18, Lmax=-705.69
15:00:03 [ultranest] [DEBUG] iteration=2664, ncalls=23004, regioncalls=903600, ndraw=40, logz=-716.47, remainder_fraction=91.3526%, Lmin=-709.16, Lmax=-705.69
15:00:04 [ultranest] [DEBUG] iteration=2665, ncalls=23007, regioncalls=903720, ndraw=40, logz=-716.47, remainder_fraction=91.2983%, Lmin=-709.15, Lmax=-705.69
15:00:05 [ultranest] [DEBUG] iteration=2666, ncalls=23027, regioncalls=904520, ndraw=40, logz=-716.46, remainder_fraction=91.2468%, Lmin=-709.15, Lmax=-705.69
15:00:05 [ultranest] [DEBUG] iteration=2668, ncalls=23030, regioncalls=904640, ndraw=40, logz=-716.45, remainder_fraction=91.1364%, Lmin=-709.15, Lmax=-705.69
15:00:05 [ultranest] [DEBUG] iteration=2669, ncalls=23033, regioncalls=904760, ndraw=40, logz=-716.45, remainder_fraction=91.0881%, Lmin=-709.14, Lmax=-705.69
15:00:06 [ultranest] [DEBUG] iteration=2670, ncalls=23048, regioncalls=905360, ndraw=40, logz=-716.44, remainder_fraction=91.0292%, Lmin=-709.13, Lmax=-705.69
15:00:06 [ultranest] [DEBUG] iteration=2672, ncalls=23051, regioncalls=905480, ndraw=40, logz=-716.43, remainder_fraction=90.9277%, Lmin=-709.12, Lmax=-705.69
15:00:06 [ultranest] [DEBUG] iteration=2675, ncalls=23055, regioncalls=905640, ndraw=40, logz=-716.42, remainder_fraction=90.7534%, Lmin=-709.10, Lmax=-705.69
15:00:06 [ultranest] [DEBUG] iteration=2676, ncalls=23059, regioncalls=905800, ndraw=40, logz=-716.41, remainder_fraction=90.6973%, Lmin=-709.09, Lmax=-705.69
15:00:06 [ultranest] [DEBUG] iteration=2677, ncalls=23064, regioncalls=906000, ndraw=40, logz=-716.41, remainder_fraction=90.6399%, Lmin=-709.09, Lmax=-705.69
15:00:07 [ultranest] [DEBUG] iteration=2678, ncalls=23076, regioncalls=906480, ndraw=40, logz=-716.40, remainder_fraction=90.5809%, Lmin=-709.08, Lmax=-705.69
15:00:07 [ultranest] [DEBUG] iteration=2680, ncalls=23079, regioncalls=906600, ndraw=40, logz=-716.39, remainder_fraction=90.4724%, Lmin=-709.07, Lmax=-705.69
15:00:08 [ultranest] [DEBUG] iteration=2681, ncalls=23091, regioncalls=907080, ndraw=40, logz=-716.39, remainder_fraction=90.4774%, Lmin=-709.07, Lmax=-705.69
15:00:08 [ultranest] [DEBUG] iteration=2683, ncalls=23106, regioncalls=907680, ndraw=40, logz=-716.38, remainder_fraction=90.3561%, Lmin=-709.06, Lmax=-705.69
15:00:09 [ultranest] [DEBUG] iteration=2684, ncalls=23113, regioncalls=907960, ndraw=40, logz=-716.37, remainder_fraction=90.3049%, Lmin=-709.06, Lmax=-705.69
15:00:09 [ultranest] [DEBUG] iteration=2685, ncalls=23119, regioncalls=908200, ndraw=40, logz=-716.37, remainder_fraction=90.2427%, Lmin=-709.06, Lmax=-705.69
15:00:09 [ultranest] [DEBUG] iteration=2687, ncalls=23124, regioncalls=908400, ndraw=40, logz=-716.36, remainder_fraction=90.1605%, Lmin=-709.05, Lmax=-705.69
15:00:09 [ultranest] [DEBUG] iteration=2688, ncalls=23126, regioncalls=908480, ndraw=40, logz=-716.36, remainder_fraction=90.1434%, Lmin=-709.04, Lmax=-705.69
15:00:10 [ultranest] [DEBUG] iteration=2690, ncalls=23129, regioncalls=908600, ndraw=40, logz=-716.35, remainder_fraction=90.0327%, Lmin=-709.04, Lmax=-705.69
15:00:10 [ultranest] [DEBUG] iteration=2691, ncalls=23146, regioncalls=909600, ndraw=40, logz=-716.34, remainder_fraction=89.9701%, Lmin=-709.04, Lmax=-705.69
15:00:11 [ultranest] [DEBUG] iteration=2692, ncalls=23151, regioncalls=909800, ndraw=40, logz=-716.34, remainder_fraction=89.9349%, Lmin=-709.04, Lmax=-705.69
15:00:11 [ultranest] [DEBUG] iteration=2693, ncalls=23154, regioncalls=909920, ndraw=40, logz=-716.33, remainder_fraction=89.8734%, Lmin=-709.03, Lmax=-705.69
15:00:11 [ultranest] [DEBUG] iteration=2694, ncalls=23161, regioncalls=910200, ndraw=40, logz=-716.33, remainder_fraction=89.8205%, Lmin=-709.03, Lmax=-705.69
15:00:11 [ultranest] [DEBUG] iteration=2695, ncalls=23166, regioncalls=910400, ndraw=40, logz=-716.32, remainder_fraction=89.8200%, Lmin=-709.02, Lmax=-705.69
15:00:12 [ultranest] [DEBUG] iteration=2696, ncalls=23182, regioncalls=911040, ndraw=40, logz=-716.32, remainder_fraction=89.7865%, Lmin=-709.02, Lmax=-705.69
15:00:12 [ultranest] [DEBUG] iteration=2697, ncalls=23185, regioncalls=911160, ndraw=40, logz=-716.32, remainder_fraction=89.7587%, Lmin=-709.02, Lmax=-705.69
15:00:12 [ultranest] [DEBUG] iteration=2698, ncalls=23188, regioncalls=911280, ndraw=40, logz=-716.31, remainder_fraction=89.7540%, Lmin=-709.02, Lmax=-705.69
15:00:13 [ultranest] [DEBUG] iteration=2699, ncalls=23191, regioncalls=911400, ndraw=40, logz=-716.31, remainder_fraction=89.6969%, Lmin=-709.00, Lmax=-705.69
15:00:13 [ultranest] [DEBUG] iteration=2700, ncalls=23194, regioncalls=911520, ndraw=40, logz=-716.30, remainder_fraction=89.6381%, Lmin=-708.99, Lmax=-705.69
15:00:13 [ultranest] [DEBUG] iteration=2701, ncalls=23202, regioncalls=911840, ndraw=40, logz=-716.30, remainder_fraction=89.5737%, Lmin=-708.97, Lmax=-705.69
15:00:13 [ultranest] [DEBUG] iteration=2702, ncalls=23207, regioncalls=912040, ndraw=40, logz=-716.29, remainder_fraction=89.5257%, Lmin=-708.97, Lmax=-705.69
15:00:14 [ultranest] [DEBUG] iteration=2703, ncalls=23213, regioncalls=912280, ndraw=40, logz=-716.29, remainder_fraction=89.4836%, Lmin=-708.97, Lmax=-705.69
15:00:14 [ultranest] [DEBUG] iteration=2705, ncalls=23221, regioncalls=912600, ndraw=40, logz=-716.28, remainder_fraction=89.3846%, Lmin=-708.96, Lmax=-705.69
15:00:15 [ultranest] [DEBUG] iteration=2706, ncalls=23231, regioncalls=913000, ndraw=40, logz=-716.28, remainder_fraction=89.3212%, Lmin=-708.96, Lmax=-705.69
15:00:15 [ultranest] [DEBUG] iteration=2707, ncalls=23239, regioncalls=913320, ndraw=40, logz=-716.27, remainder_fraction=89.2614%, Lmin=-708.95, Lmax=-705.69
15:00:16 [ultranest] [DEBUG] iteration=2709, ncalls=23253, regioncalls=913880, ndraw=40, logz=-716.26, remainder_fraction=89.1305%, Lmin=-708.94, Lmax=-705.69
15:00:16 [ultranest] [DEBUG] iteration=2710, ncalls=23258, regioncalls=914080, ndraw=40, logz=-716.26, remainder_fraction=89.0715%, Lmin=-708.94, Lmax=-705.69
15:00:17 [ultranest] [DEBUG] iteration=2711, ncalls=23276, regioncalls=914800, ndraw=40, logz=-716.25, remainder_fraction=89.0141%, Lmin=-708.94, Lmax=-705.69
15:00:17 [ultranest] [DEBUG] iteration=2712, ncalls=23279, regioncalls=914920, ndraw=40, logz=-716.25, remainder_fraction=88.9479%, Lmin=-708.93, Lmax=-705.69
15:00:17 [ultranest] [DEBUG] iteration=2714, ncalls=23284, regioncalls=915120, ndraw=40, logz=-716.24, remainder_fraction=88.8209%, Lmin=-708.92, Lmax=-705.69
15:00:18 [ultranest] [DEBUG] iteration=2716, ncalls=23297, regioncalls=915640, ndraw=40, logz=-716.23, remainder_fraction=88.7261%, Lmin=-708.91, Lmax=-705.69
15:00:18 [ultranest] [DEBUG] iteration=2717, ncalls=23300, regioncalls=915760, ndraw=40, logz=-716.23, remainder_fraction=88.6944%, Lmin=-708.91, Lmax=-705.69
15:00:18 [ultranest] [DEBUG] iteration=2718, ncalls=23305, regioncalls=915960, ndraw=40, logz=-716.22, remainder_fraction=88.7201%, Lmin=-708.90, Lmax=-705.69
15:00:18 [ultranest] [DEBUG] iteration=2719, ncalls=23307, regioncalls=916040, ndraw=40, logz=-716.22, remainder_fraction=88.6600%, Lmin=-708.90, Lmax=-705.69
15:00:19 [ultranest] [DEBUG] iteration=2720, ncalls=23316, regioncalls=916400, ndraw=40, logz=-716.21, remainder_fraction=88.5933%, Lmin=-708.89, Lmax=-705.69
15:00:19 [ultranest] [DEBUG] iteration=2721, ncalls=23320, regioncalls=916560, ndraw=40, logz=-716.21, remainder_fraction=88.5343%, Lmin=-708.89, Lmax=-705.69
15:00:19 [ultranest] [DEBUG] iteration=2722, ncalls=23324, regioncalls=916720, ndraw=40, logz=-716.21, remainder_fraction=88.4655%, Lmin=-708.88, Lmax=-705.69
15:00:19 [ultranest] [DEBUG] iteration=2724, ncalls=23331, regioncalls=917000, ndraw=40, logz=-716.20, remainder_fraction=88.3901%, Lmin=-708.88, Lmax=-705.69
15:00:20 [ultranest] [DEBUG] iteration=2725, ncalls=23334, regioncalls=917120, ndraw=40, logz=-716.19, remainder_fraction=88.3477%, Lmin=-708.87, Lmax=-705.69
15:00:20 [ultranest] [DEBUG] iteration=2726, ncalls=23344, regioncalls=917520, ndraw=40, logz=-716.19, remainder_fraction=88.2790%, Lmin=-708.87, Lmax=-705.69
15:00:20 [ultranest] [DEBUG] iteration=2727, ncalls=23346, regioncalls=917600, ndraw=40, logz=-716.19, remainder_fraction=88.2177%, Lmin=-708.86, Lmax=-705.69
15:00:20 [ultranest] [DEBUG] iteration=2728, ncalls=23350, regioncalls=917760, ndraw=40, logz=-716.18, remainder_fraction=88.2478%, Lmin=-708.86, Lmax=-705.69
15:00:21 [ultranest] [DEBUG] iteration=2729, ncalls=23363, regioncalls=918280, ndraw=40, logz=-716.18, remainder_fraction=88.2088%, Lmin=-708.86, Lmax=-705.69
15:00:21 [ultranest] [DEBUG] iteration=2730, ncalls=23372, regioncalls=918640, ndraw=40, logz=-716.17, remainder_fraction=88.1550%, Lmin=-708.85, Lmax=-705.69
15:00:22 [ultranest] [DEBUG] iteration=2731, ncalls=23375, regioncalls=918760, ndraw=40, logz=-716.17, remainder_fraction=88.1153%, Lmin=-708.85, Lmax=-705.69
15:00:22 [ultranest] [DEBUG] iteration=2732, ncalls=23386, regioncalls=919200, ndraw=40, logz=-716.16, remainder_fraction=88.0956%, Lmin=-708.85, Lmax=-705.69
15:00:22 [ultranest] [DEBUG] iteration=2733, ncalls=23393, regioncalls=919480, ndraw=40, logz=-716.16, remainder_fraction=88.0470%, Lmin=-708.85, Lmax=-705.69
15:00:23 [ultranest] [DEBUG] iteration=2734, ncalls=23396, regioncalls=919600, ndraw=40, logz=-716.16, remainder_fraction=87.9826%, Lmin=-708.84, Lmax=-705.69
15:00:23 [ultranest] [DEBUG] iteration=2735, ncalls=23406, regioncalls=920000, ndraw=40, logz=-716.15, remainder_fraction=87.9269%, Lmin=-708.83, Lmax=-705.69
15:00:23 [ultranest] [DEBUG] iteration=2736, ncalls=23408, regioncalls=920080, ndraw=40, logz=-716.15, remainder_fraction=87.8629%, Lmin=-708.83, Lmax=-705.69
15:00:23 [ultranest] [DEBUG] iteration=2737, ncalls=23411, regioncalls=920200, ndraw=40, logz=-716.14, remainder_fraction=87.7993%, Lmin=-708.83, Lmax=-705.69
15:00:24 [ultranest] [DEBUG] iteration=2739, ncalls=23426, regioncalls=920800, ndraw=40, logz=-716.14, remainder_fraction=87.7000%, Lmin=-708.83, Lmax=-705.69
15:00:24 [ultranest] [DEBUG] iteration=2740, ncalls=23431, regioncalls=921000, ndraw=40, logz=-716.13, remainder_fraction=87.6336%, Lmin=-708.82, Lmax=-705.69
15:00:25 [ultranest] [DEBUG] iteration=2742, ncalls=23434, regioncalls=921120, ndraw=40, logz=-716.12, remainder_fraction=87.4974%, Lmin=-708.81, Lmax=-705.69
15:00:25 [ultranest] [DEBUG] iteration=2743, ncalls=23440, regioncalls=921360, ndraw=40, logz=-716.12, remainder_fraction=87.4384%, Lmin=-708.81, Lmax=-705.69
15:00:25 [ultranest] [DEBUG] iteration=2744, ncalls=23453, regioncalls=921880, ndraw=40, logz=-716.12, remainder_fraction=87.3715%, Lmin=-708.81, Lmax=-705.69
15:00:26 [ultranest] [DEBUG] iteration=2745, ncalls=23458, regioncalls=922080, ndraw=40, logz=-716.11, remainder_fraction=87.3227%, Lmin=-708.81, Lmax=-705.69
15:00:26 [ultranest] [DEBUG] iteration=2746, ncalls=23462, regioncalls=922240, ndraw=40, logz=-716.11, remainder_fraction=87.2669%, Lmin=-708.80, Lmax=-705.69
15:00:26 [ultranest] [DEBUG] iteration=2748, ncalls=23468, regioncalls=922480, ndraw=40, logz=-716.10, remainder_fraction=87.1460%, Lmin=-708.79, Lmax=-705.69
15:00:26 [ultranest] [DEBUG] iteration=2749, ncalls=23471, regioncalls=922600, ndraw=40, logz=-716.10, remainder_fraction=87.1104%, Lmin=-708.79, Lmax=-705.69
15:00:27 [ultranest] [DEBUG] iteration=2751, ncalls=23476, regioncalls=922800, ndraw=40, logz=-716.09, remainder_fraction=87.0168%, Lmin=-708.78, Lmax=-705.69
15:00:27 [ultranest] [DEBUG] iteration=2752, ncalls=23480, regioncalls=922960, ndraw=40, logz=-716.08, remainder_fraction=86.9528%, Lmin=-708.77, Lmax=-705.69
15:00:27 [ultranest] [DEBUG] iteration=2753, ncalls=23484, regioncalls=923120, ndraw=40, logz=-716.08, remainder_fraction=86.8804%, Lmin=-708.77, Lmax=-705.69
15:00:27 [ultranest] [DEBUG] iteration=2754, ncalls=23490, regioncalls=923360, ndraw=40, logz=-716.08, remainder_fraction=86.8162%, Lmin=-708.77, Lmax=-705.69
15:00:27 [ultranest] [DEBUG] iteration=2756, ncalls=23493, regioncalls=923480, ndraw=40, logz=-716.07, remainder_fraction=86.8087%, Lmin=-708.76, Lmax=-705.69
15:00:28 [ultranest] [DEBUG] iteration=2758, ncalls=23499, regioncalls=923720, ndraw=40, logz=-716.06, remainder_fraction=86.6681%, Lmin=-708.74, Lmax=-705.69
15:00:28 [ultranest] [DEBUG] iteration=2759, ncalls=23503, regioncalls=923880, ndraw=40, logz=-716.06, remainder_fraction=86.6114%, Lmin=-708.74, Lmax=-705.69
15:00:28 [ultranest] [DEBUG] iteration=2760, ncalls=23506, regioncalls=924000, ndraw=40, logz=-716.05, remainder_fraction=86.5455%, Lmin=-708.73, Lmax=-705.69
15:00:28 [ultranest] [DEBUG] iteration=2761, ncalls=23511, regioncalls=924200, ndraw=40, logz=-716.05, remainder_fraction=86.4834%, Lmin=-708.72, Lmax=-705.69
15:00:29 [ultranest] [DEBUG] iteration=2762, ncalls=23517, regioncalls=924440, ndraw=40, logz=-716.05, remainder_fraction=86.5186%, Lmin=-708.72, Lmax=-705.69
15:00:29 [ultranest] [DEBUG] iteration=2764, ncalls=23522, regioncalls=924640, ndraw=40, logz=-716.04, remainder_fraction=86.3877%, Lmin=-708.72, Lmax=-705.69
15:00:29 [ultranest] [DEBUG] iteration=2765, ncalls=23527, regioncalls=924840, ndraw=40, logz=-716.03, remainder_fraction=86.3535%, Lmin=-708.71, Lmax=-705.69
15:00:29 [ultranest] [DEBUG] iteration=2766, ncalls=23531, regioncalls=925000, ndraw=40, logz=-716.03, remainder_fraction=86.3518%, Lmin=-708.71, Lmax=-705.69
15:00:30 [ultranest] [DEBUG] iteration=2767, ncalls=23548, regioncalls=925680, ndraw=40, logz=-716.03, remainder_fraction=86.3092%, Lmin=-708.71, Lmax=-705.69
15:00:30 [ultranest] [DEBUG] iteration=2769, ncalls=23551, regioncalls=925800, ndraw=40, logz=-716.02, remainder_fraction=86.1828%, Lmin=-708.70, Lmax=-705.69
15:00:31 [ultranest] [DEBUG] iteration=2771, ncalls=23561, regioncalls=926200, ndraw=40, logz=-716.01, remainder_fraction=86.0848%, Lmin=-708.70, Lmax=-705.69
15:00:31 [ultranest] [DEBUG] iteration=2773, ncalls=23564, regioncalls=926320, ndraw=40, logz=-716.00, remainder_fraction=86.0114%, Lmin=-708.69, Lmax=-705.69
15:00:31 [ultranest] [DEBUG] iteration=2774, ncalls=23569, regioncalls=926520, ndraw=40, logz=-716.00, remainder_fraction=86.0161%, Lmin=-708.69, Lmax=-705.69
15:00:32 [ultranest] [DEBUG] iteration=2775, ncalls=23587, regioncalls=927240, ndraw=40, logz=-716.00, remainder_fraction=86.0199%, Lmin=-708.68, Lmax=-705.69
15:00:32 [ultranest] [DEBUG] iteration=2776, ncalls=23592, regioncalls=927520, ndraw=40, logz=-715.99, remainder_fraction=85.9701%, Lmin=-708.68, Lmax=-705.69
15:00:32 [ultranest] [DEBUG] iteration=2777, ncalls=23597, regioncalls=927720, ndraw=40, logz=-715.99, remainder_fraction=85.8997%, Lmin=-708.67, Lmax=-705.69
15:00:34 [ultranest] [DEBUG] iteration=2778, ncalls=23623, regioncalls=928760, ndraw=40, logz=-715.99, remainder_fraction=85.8405%, Lmin=-708.67, Lmax=-705.69
15:00:34 [ultranest] [DEBUG] iteration=2780, ncalls=23627, regioncalls=928920, ndraw=40, logz=-715.98, remainder_fraction=85.7431%, Lmin=-708.67, Lmax=-705.69
15:00:34 [ultranest] [DEBUG] iteration=2781, ncalls=23634, regioncalls=929240, ndraw=40, logz=-715.97, remainder_fraction=85.6738%, Lmin=-708.66, Lmax=-705.69
15:00:34 [ultranest] [DEBUG] iteration=2782, ncalls=23637, regioncalls=929360, ndraw=40, logz=-715.97, remainder_fraction=85.6056%, Lmin=-708.66, Lmax=-705.69
15:00:35 [ultranest] [DEBUG] iteration=2784, ncalls=23641, regioncalls=929520, ndraw=40, logz=-715.96, remainder_fraction=85.4564%, Lmin=-708.66, Lmax=-705.69
15:00:35 [ultranest] [DEBUG] iteration=2785, ncalls=23648, regioncalls=929800, ndraw=40, logz=-715.96, remainder_fraction=85.3838%, Lmin=-708.63, Lmax=-705.69
15:00:36 [ultranest] [DEBUG] iteration=2786, ncalls=23666, regioncalls=930520, ndraw=40, logz=-715.96, remainder_fraction=85.3099%, Lmin=-708.62, Lmax=-705.69
15:00:36 [ultranest] [DEBUG] iteration=2787, ncalls=23672, regioncalls=930760, ndraw=40, logz=-715.95, remainder_fraction=85.2381%, Lmin=-708.62, Lmax=-705.69
15:00:37 [ultranest] [DEBUG] iteration=2788, ncalls=23680, regioncalls=931080, ndraw=40, logz=-715.95, remainder_fraction=85.1649%, Lmin=-708.61, Lmax=-705.69
15:00:37 [ultranest] [DEBUG] iteration=2789, ncalls=23682, regioncalls=931160, ndraw=40, logz=-715.95, remainder_fraction=85.0973%, Lmin=-708.61, Lmax=-705.69
15:00:37 [ultranest] [DEBUG] iteration=2790, ncalls=23686, regioncalls=931320, ndraw=40, logz=-715.94, remainder_fraction=85.0339%, Lmin=-708.61, Lmax=-705.69
15:00:38 [ultranest] [DEBUG] iteration=2792, ncalls=23700, regioncalls=931880, ndraw=40, logz=-715.93, remainder_fraction=84.9082%, Lmin=-708.60, Lmax=-705.69
15:00:38 [ultranest] [DEBUG] iteration=2793, ncalls=23705, regioncalls=932080, ndraw=40, logz=-715.93, remainder_fraction=84.8367%, Lmin=-708.60, Lmax=-705.69
15:00:38 [ultranest] [DEBUG] iteration=2794, ncalls=23710, regioncalls=932280, ndraw=40, logz=-715.93, remainder_fraction=84.7605%, Lmin=-708.60, Lmax=-705.69
15:00:38 [ultranest] [DEBUG] iteration=2795, ncalls=23714, regioncalls=932440, ndraw=40, logz=-715.92, remainder_fraction=84.6963%, Lmin=-708.58, Lmax=-705.69
15:00:39 [ultranest] [DEBUG] iteration=2796, ncalls=23724, regioncalls=932840, ndraw=40, logz=-715.92, remainder_fraction=84.6342%, Lmin=-708.58, Lmax=-705.69
15:00:39 [ultranest] [DEBUG] iteration=2797, ncalls=23728, regioncalls=933000, ndraw=40, logz=-715.92, remainder_fraction=84.6291%, Lmin=-708.58, Lmax=-705.69
15:00:39 [ultranest] [DEBUG] iteration=2800, ncalls=23740, regioncalls=933480, ndraw=40, logz=-715.91, remainder_fraction=84.4646%, Lmin=-708.57, Lmax=-705.69
15:00:40 [ultranest] [DEBUG] iteration=2801, ncalls=23745, regioncalls=933680, ndraw=40, logz=-715.90, remainder_fraction=84.4584%, Lmin=-708.56, Lmax=-705.69
15:00:40 [ultranest] [DEBUG] iteration=2802, ncalls=23752, regioncalls=933960, ndraw=40, logz=-715.90, remainder_fraction=84.3816%, Lmin=-708.56, Lmax=-705.69
15:00:40 [ultranest] [DEBUG] iteration=2804, ncalls=23755, regioncalls=934080, ndraw=40, logz=-715.89, remainder_fraction=84.2913%, Lmin=-708.54, Lmax=-705.69
15:00:40 [ultranest] [DEBUG] iteration=2806, ncalls=23759, regioncalls=934240, ndraw=40, logz=-715.88, remainder_fraction=84.1846%, Lmin=-708.53, Lmax=-705.69
15:00:41 [ultranest] [DEBUG] iteration=2807, ncalls=23763, regioncalls=934400, ndraw=40, logz=-715.88, remainder_fraction=84.1453%, Lmin=-708.53, Lmax=-705.69
15:00:41 [ultranest] [DEBUG] iteration=2808, ncalls=23779, regioncalls=935040, ndraw=40, logz=-715.88, remainder_fraction=84.0744%, Lmin=-708.53, Lmax=-705.69
15:00:42 [ultranest] [DEBUG] iteration=2809, ncalls=23785, regioncalls=935280, ndraw=40, logz=-715.87, remainder_fraction=83.9945%, Lmin=-708.52, Lmax=-705.69
15:00:42 [ultranest] [DEBUG] iteration=2810, ncalls=23793, regioncalls=935600, ndraw=40, logz=-715.87, remainder_fraction=83.9266%, Lmin=-708.52, Lmax=-705.69
15:00:42 [ultranest] [DEBUG] iteration=2811, ncalls=23802, regioncalls=935960, ndraw=40, logz=-715.87, remainder_fraction=83.8492%, Lmin=-708.52, Lmax=-705.69
15:00:43 [ultranest] [DEBUG] iteration=2813, ncalls=23808, regioncalls=936200, ndraw=40, logz=-715.86, remainder_fraction=83.7329%, Lmin=-708.50, Lmax=-705.69
15:00:43 [ultranest] [DEBUG] iteration=2814, ncalls=23811, regioncalls=936320, ndraw=40, logz=-715.86, remainder_fraction=83.6551%, Lmin=-708.50, Lmax=-705.69
15:00:43 [ultranest] [DEBUG] iteration=2815, ncalls=23815, regioncalls=936480, ndraw=40, logz=-715.85, remainder_fraction=83.5988%, Lmin=-708.50, Lmax=-705.69
15:00:43 [ultranest] [DEBUG] iteration=2816, ncalls=23817, regioncalls=936560, ndraw=40, logz=-715.85, remainder_fraction=83.5168%, Lmin=-708.50, Lmax=-705.69
15:00:44 [ultranest] [DEBUG] iteration=2817, ncalls=23840, regioncalls=937480, ndraw=40, logz=-715.85, remainder_fraction=83.4666%, Lmin=-708.49, Lmax=-705.69
15:00:44 [ultranest] [DEBUG] iteration=2819, ncalls=23843, regioncalls=937600, ndraw=40, logz=-715.84, remainder_fraction=83.3698%, Lmin=-708.48, Lmax=-705.69
15:00:45 [ultranest] [DEBUG] iteration=2820, ncalls=23847, regioncalls=937760, ndraw=40, logz=-715.84, remainder_fraction=83.3424%, Lmin=-708.48, Lmax=-705.69
15:00:45 [ultranest] [DEBUG] iteration=2822, ncalls=23853, regioncalls=938000, ndraw=40, logz=-715.83, remainder_fraction=83.1809%, Lmin=-708.47, Lmax=-705.69
15:00:45 [ultranest] [DEBUG] iteration=2824, ncalls=23857, regioncalls=938160, ndraw=40, logz=-715.82, remainder_fraction=83.0241%, Lmin=-708.46, Lmax=-705.69
15:00:45 [ultranest] [DEBUG] iteration=2826, ncalls=23864, regioncalls=938440, ndraw=40, logz=-715.81, remainder_fraction=82.9192%, Lmin=-708.45, Lmax=-705.69
15:00:46 [ultranest] [DEBUG] iteration=2827, ncalls=23884, regioncalls=939240, ndraw=40, logz=-715.81, remainder_fraction=82.9655%, Lmin=-708.45, Lmax=-705.69
15:00:47 [ultranest] [DEBUG] iteration=2828, ncalls=23887, regioncalls=939360, ndraw=40, logz=-715.81, remainder_fraction=82.9121%, Lmin=-708.42, Lmax=-705.69
15:00:47 [ultranest] [DEBUG] iteration=2831, ncalls=23895, regioncalls=939680, ndraw=40, logz=-715.80, remainder_fraction=82.8227%, Lmin=-708.42, Lmax=-705.69
15:00:47 [ultranest] [DEBUG] iteration=2832, ncalls=23898, regioncalls=939800, ndraw=40, logz=-715.79, remainder_fraction=82.7655%, Lmin=-708.42, Lmax=-705.69
15:00:47 [ultranest] [DEBUG] iteration=2834, ncalls=23904, regioncalls=940040, ndraw=40, logz=-715.79, remainder_fraction=82.6221%, Lmin=-708.42, Lmax=-705.69
15:00:48 [ultranest] [DEBUG] iteration=2836, ncalls=23908, regioncalls=940200, ndraw=40, logz=-715.78, remainder_fraction=82.5041%, Lmin=-708.41, Lmax=-705.69
15:00:48 [ultranest] [DEBUG] iteration=2838, ncalls=23914, regioncalls=940440, ndraw=40, logz=-715.77, remainder_fraction=82.4350%, Lmin=-708.40, Lmax=-705.69
15:00:48 [ultranest] [DEBUG] iteration=2840, ncalls=23921, regioncalls=940720, ndraw=40, logz=-715.77, remainder_fraction=82.2919%, Lmin=-708.39, Lmax=-705.69
15:00:49 [ultranest] [DEBUG] iteration=2842, ncalls=23929, regioncalls=941040, ndraw=40, logz=-715.76, remainder_fraction=82.3237%, Lmin=-708.38, Lmax=-705.69
15:00:49 [ultranest] [DEBUG] iteration=2843, ncalls=23935, regioncalls=941280, ndraw=40, logz=-715.76, remainder_fraction=82.2675%, Lmin=-708.38, Lmax=-705.69
15:00:49 [ultranest] [DEBUG] iteration=2844, ncalls=23945, regioncalls=941680, ndraw=40, logz=-715.75, remainder_fraction=82.3046%, Lmin=-708.37, Lmax=-705.69
15:00:50 [ultranest] [DEBUG] iteration=2846, ncalls=23951, regioncalls=941920, ndraw=40, logz=-715.75, remainder_fraction=82.1915%, Lmin=-708.37, Lmax=-705.69
15:00:50 [ultranest] [DEBUG] iteration=2847, ncalls=23958, regioncalls=942200, ndraw=40, logz=-715.74, remainder_fraction=82.2066%, Lmin=-708.37, Lmax=-705.69
15:00:50 [ultranest] [DEBUG] iteration=2848, ncalls=23962, regioncalls=942360, ndraw=40, logz=-715.74, remainder_fraction=82.1327%, Lmin=-708.36, Lmax=-705.69
15:00:50 [ultranest] [DEBUG] iteration=2849, ncalls=23966, regioncalls=942520, ndraw=40, logz=-715.74, remainder_fraction=82.0884%, Lmin=-708.36, Lmax=-705.69
15:00:51 [ultranest] [DEBUG] iteration=2851, ncalls=23969, regioncalls=942640, ndraw=40, logz=-715.73, remainder_fraction=82.0397%, Lmin=-708.36, Lmax=-705.69
15:00:51 [ultranest] [DEBUG] iteration=2852, ncalls=23973, regioncalls=942800, ndraw=40, logz=-715.73, remainder_fraction=81.9663%, Lmin=-708.35, Lmax=-705.69
15:00:51 [ultranest] [DEBUG] iteration=2854, ncalls=23978, regioncalls=943000, ndraw=40, logz=-715.72, remainder_fraction=81.8205%, Lmin=-708.34, Lmax=-705.69
15:00:51 [ultranest] [DEBUG] iteration=2855, ncalls=23987, regioncalls=943360, ndraw=40, logz=-715.72, remainder_fraction=81.7365%, Lmin=-708.34, Lmax=-705.69
15:00:52 [ultranest] [DEBUG] iteration=2856, ncalls=23999, regioncalls=943840, ndraw=40, logz=-715.71, remainder_fraction=81.6559%, Lmin=-708.34, Lmax=-705.69
15:00:52 [ultranest] [DEBUG] iteration=2858, ncalls=24004, regioncalls=944040, ndraw=40, logz=-715.71, remainder_fraction=81.4965%, Lmin=-708.34, Lmax=-705.69
15:00:53 [ultranest] [DEBUG] iteration=2860, ncalls=24011, regioncalls=944320, ndraw=40, logz=-715.70, remainder_fraction=81.4679%, Lmin=-708.33, Lmax=-705.69
15:00:53 [ultranest] [DEBUG] iteration=2862, ncalls=24019, regioncalls=944640, ndraw=40, logz=-715.70, remainder_fraction=81.4060%, Lmin=-708.31, Lmax=-705.69
15:00:53 [ultranest] [DEBUG] iteration=2864, ncalls=24028, regioncalls=945000, ndraw=40, logz=-715.69, remainder_fraction=81.2514%, Lmin=-708.30, Lmax=-705.69
15:00:54 [ultranest] [DEBUG] iteration=2865, ncalls=24033, regioncalls=945200, ndraw=40, logz=-715.69, remainder_fraction=81.2516%, Lmin=-708.30, Lmax=-705.69
15:00:54 [ultranest] [DEBUG] iteration=2866, ncalls=24035, regioncalls=945280, ndraw=40, logz=-715.68, remainder_fraction=81.1857%, Lmin=-708.30, Lmax=-705.69
15:00:55 [ultranest] [DEBUG] iteration=2868, ncalls=24051, regioncalls=945920, ndraw=40, logz=-715.68, remainder_fraction=81.0678%, Lmin=-708.30, Lmax=-705.69
15:00:55 [ultranest] [DEBUG] iteration=2870, ncalls=24056, regioncalls=946120, ndraw=40, logz=-715.67, remainder_fraction=80.9428%, Lmin=-708.28, Lmax=-705.69
15:00:55 [ultranest] [DEBUG] iteration=2871, ncalls=24060, regioncalls=946280, ndraw=40, logz=-715.67, remainder_fraction=80.9129%, Lmin=-708.27, Lmax=-705.69
15:00:55 [ultranest] [DEBUG] iteration=2873, ncalls=24064, regioncalls=946440, ndraw=40, logz=-715.66, remainder_fraction=80.7408%, Lmin=-708.27, Lmax=-705.69
15:00:55 [ultranest] [DEBUG] iteration=2874, ncalls=24066, regioncalls=946520, ndraw=40, logz=-715.66, remainder_fraction=80.7528%, Lmin=-708.26, Lmax=-705.69
15:00:55 [ultranest] [DEBUG] iteration=2876, ncalls=24068, regioncalls=946600, ndraw=40, logz=-715.65, remainder_fraction=80.6544%, Lmin=-708.26, Lmax=-705.69
15:00:56 [ultranest] [DEBUG] iteration=2877, ncalls=24071, regioncalls=946720, ndraw=40, logz=-715.65, remainder_fraction=80.5677%, Lmin=-708.25, Lmax=-705.69
15:00:56 [ultranest] [DEBUG] iteration=2878, ncalls=24074, regioncalls=946840, ndraw=40, logz=-715.64, remainder_fraction=80.4914%, Lmin=-708.25, Lmax=-705.69
15:00:56 [ultranest] [DEBUG] iteration=2879, ncalls=24085, regioncalls=947280, ndraw=40, logz=-715.64, remainder_fraction=80.4592%, Lmin=-708.24, Lmax=-705.69
15:00:56 [ultranest] [DEBUG] iteration=2880, ncalls=24088, regioncalls=947400, ndraw=40, logz=-715.64, remainder_fraction=80.3833%, Lmin=-708.23, Lmax=-705.69
15:00:57 [ultranest] [DEBUG] iteration=2882, ncalls=24094, regioncalls=947640, ndraw=40, logz=-715.63, remainder_fraction=80.3298%, Lmin=-708.22, Lmax=-705.69
15:00:57 [ultranest] [DEBUG] iteration=2884, ncalls=24099, regioncalls=947840, ndraw=40, logz=-715.63, remainder_fraction=80.1587%, Lmin=-708.22, Lmax=-705.69
15:00:57 [ultranest] [DEBUG] iteration=2885, ncalls=24105, regioncalls=948080, ndraw=40, logz=-715.62, remainder_fraction=80.1232%, Lmin=-708.22, Lmax=-705.69
15:00:58 [ultranest] [DEBUG] iteration=2887, ncalls=24112, regioncalls=948360, ndraw=40, logz=-715.62, remainder_fraction=79.9649%, Lmin=-708.21, Lmax=-705.69
15:00:58 [ultranest] [DEBUG] iteration=2888, ncalls=24118, regioncalls=948600, ndraw=40, logz=-715.61, remainder_fraction=79.8785%, Lmin=-708.21, Lmax=-705.69
15:00:58 [ultranest] [DEBUG] iteration=2889, ncalls=24123, regioncalls=948800, ndraw=40, logz=-715.61, remainder_fraction=79.7973%, Lmin=-708.21, Lmax=-705.69
15:00:59 [ultranest] [DEBUG] iteration=2890, ncalls=24135, regioncalls=949280, ndraw=40, logz=-715.61, remainder_fraction=79.7090%, Lmin=-708.21, Lmax=-705.69
15:00:59 [ultranest] [DEBUG] iteration=2891, ncalls=24140, regioncalls=949480, ndraw=40, logz=-715.60, remainder_fraction=79.6367%, Lmin=-708.20, Lmax=-705.69
15:00:59 [ultranest] [DEBUG] iteration=2892, ncalls=24144, regioncalls=949640, ndraw=40, logz=-715.60, remainder_fraction=79.5852%, Lmin=-708.20, Lmax=-705.69
15:00:59 [ultranest] [DEBUG] iteration=2894, ncalls=24150, regioncalls=949880, ndraw=40, logz=-715.60, remainder_fraction=79.5242%, Lmin=-708.20, Lmax=-705.69
15:01:00 [ultranest] [DEBUG] iteration=2895, ncalls=24165, regioncalls=950480, ndraw=40, logz=-715.59, remainder_fraction=79.4470%, Lmin=-708.19, Lmax=-705.69
15:01:01 [ultranest] [DEBUG] iteration=2896, ncalls=24173, regioncalls=950800, ndraw=40, logz=-715.59, remainder_fraction=79.4048%, Lmin=-708.18, Lmax=-705.69
15:01:01 [ultranest] [DEBUG] iteration=2897, ncalls=24175, regioncalls=950880, ndraw=40, logz=-715.59, remainder_fraction=79.3239%, Lmin=-708.17, Lmax=-705.69
15:01:01 [ultranest] [DEBUG] iteration=2898, ncalls=24178, regioncalls=951000, ndraw=40, logz=-715.58, remainder_fraction=79.2572%, Lmin=-708.17, Lmax=-705.69
15:01:01 [ultranest] [DEBUG] iteration=2899, ncalls=24191, regioncalls=951520, ndraw=40, logz=-715.58, remainder_fraction=79.1698%, Lmin=-708.16, Lmax=-705.69
15:01:02 [ultranest] [DEBUG] iteration=2900, ncalls=24198, regioncalls=951800, ndraw=40, logz=-715.58, remainder_fraction=79.0923%, Lmin=-708.15, Lmax=-705.69
15:01:02 [ultranest] [DEBUG] iteration=2901, ncalls=24206, regioncalls=952120, ndraw=40, logz=-715.57, remainder_fraction=79.0272%, Lmin=-708.15, Lmax=-705.69
15:01:02 [ultranest] [DEBUG] iteration=2902, ncalls=24210, regioncalls=952280, ndraw=40, logz=-715.57, remainder_fraction=78.9556%, Lmin=-708.15, Lmax=-705.69
15:01:03 [ultranest] [DEBUG] iteration=2903, ncalls=24224, regioncalls=952840, ndraw=40, logz=-715.57, remainder_fraction=78.8812%, Lmin=-708.15, Lmax=-705.69
15:01:04 [ultranest] [DEBUG] iteration=2904, ncalls=24241, regioncalls=953520, ndraw=40, logz=-715.57, remainder_fraction=78.8996%, Lmin=-708.15, Lmax=-705.69
15:01:04 [ultranest] [DEBUG] iteration=2905, ncalls=24251, regioncalls=953920, ndraw=40, logz=-715.56, remainder_fraction=78.8510%, Lmin=-708.15, Lmax=-705.69
15:01:05 [ultranest] [DEBUG] iteration=2906, ncalls=24257, regioncalls=954160, ndraw=40, logz=-715.56, remainder_fraction=78.7656%, Lmin=-708.15, Lmax=-705.69
15:01:05 [ultranest] [DEBUG] iteration=2908, ncalls=24261, regioncalls=954320, ndraw=40, logz=-715.55, remainder_fraction=78.6024%, Lmin=-708.15, Lmax=-705.69
15:01:05 [ultranest] [DEBUG] iteration=2909, ncalls=24268, regioncalls=954600, ndraw=40, logz=-715.55, remainder_fraction=78.5218%, Lmin=-708.15, Lmax=-705.69
15:01:06 [ultranest] [DEBUG] iteration=2910, ncalls=24276, regioncalls=954920, ndraw=40, logz=-715.55, remainder_fraction=78.4482%, Lmin=-708.15, Lmax=-705.69
15:01:06 [ultranest] [DEBUG] iteration=2912, ncalls=24289, regioncalls=955440, ndraw=40, logz=-715.54, remainder_fraction=78.3868%, Lmin=-708.14, Lmax=-705.69
15:01:06 [ultranest] [DEBUG] iteration=2913, ncalls=24292, regioncalls=955560, ndraw=40, logz=-715.54, remainder_fraction=78.2996%, Lmin=-708.14, Lmax=-705.69
15:01:07 [ultranest] [DEBUG] iteration=2914, ncalls=24307, regioncalls=956160, ndraw=40, logz=-715.54, remainder_fraction=78.2125%, Lmin=-708.13, Lmax=-705.69
15:01:07 [ultranest] [DEBUG] iteration=2915, ncalls=24313, regioncalls=956400, ndraw=40, logz=-715.53, remainder_fraction=78.1212%, Lmin=-708.13, Lmax=-705.69
15:01:08 [ultranest] [DEBUG] iteration=2916, ncalls=24321, regioncalls=956720, ndraw=40, logz=-715.53, remainder_fraction=78.0344%, Lmin=-708.13, Lmax=-705.69
15:01:08 [ultranest] [DEBUG] iteration=2917, ncalls=24328, regioncalls=957000, ndraw=40, logz=-715.53, remainder_fraction=78.0208%, Lmin=-708.12, Lmax=-705.69
15:01:09 [ultranest] [DEBUG] iteration=2918, ncalls=24338, regioncalls=957400, ndraw=40, logz=-715.53, remainder_fraction=77.9542%, Lmin=-708.12, Lmax=-705.69
15:01:09 [ultranest] [DEBUG] iteration=2919, ncalls=24341, regioncalls=957520, ndraw=40, logz=-715.52, remainder_fraction=77.9361%, Lmin=-708.12, Lmax=-705.69
15:01:09 [ultranest] [DEBUG] iteration=2920, ncalls=24344, regioncalls=957640, ndraw=40, logz=-715.52, remainder_fraction=77.9008%, Lmin=-708.12, Lmax=-705.69
15:01:09 [ultranest] [DEBUG] iteration=2921, ncalls=24346, regioncalls=957720, ndraw=40, logz=-715.52, remainder_fraction=77.9091%, Lmin=-708.12, Lmax=-705.69
15:01:09 [ultranest] [DEBUG] iteration=2922, ncalls=24349, regioncalls=957840, ndraw=40, logz=-715.51, remainder_fraction=77.8375%, Lmin=-708.12, Lmax=-705.69
15:01:09 [ultranest] [DEBUG] iteration=2923, ncalls=24352, regioncalls=957960, ndraw=40, logz=-715.51, remainder_fraction=77.8388%, Lmin=-708.12, Lmax=-705.69
15:01:10 [ultranest] [DEBUG] iteration=2924, ncalls=24362, regioncalls=958360, ndraw=40, logz=-715.51, remainder_fraction=77.7934%, Lmin=-708.11, Lmax=-705.69
15:01:10 [ultranest] [DEBUG] iteration=2926, ncalls=24367, regioncalls=958560, ndraw=40, logz=-715.50, remainder_fraction=77.6791%, Lmin=-708.10, Lmax=-705.69
15:01:10 [ultranest] [DEBUG] iteration=2928, ncalls=24373, regioncalls=958800, ndraw=40, logz=-715.50, remainder_fraction=77.5752%, Lmin=-708.09, Lmax=-705.69
15:01:11 [ultranest] [DEBUG] iteration=2930, ncalls=24379, regioncalls=959040, ndraw=40, logz=-715.49, remainder_fraction=77.4697%, Lmin=-708.09, Lmax=-705.69
15:01:11 [ultranest] [DEBUG] iteration=2932, ncalls=24386, regioncalls=959320, ndraw=40, logz=-715.49, remainder_fraction=77.3989%, Lmin=-708.08, Lmax=-705.69
15:01:11 [ultranest] [DEBUG] iteration=2933, ncalls=24394, regioncalls=959640, ndraw=40, logz=-715.48, remainder_fraction=77.3567%, Lmin=-708.08, Lmax=-705.69
15:01:13 [ultranest] [DEBUG] iteration=2935, ncalls=24418, regioncalls=960600, ndraw=40, logz=-715.48, remainder_fraction=77.2294%, Lmin=-708.07, Lmax=-705.69
15:01:13 [ultranest] [DEBUG] iteration=2936, ncalls=24429, regioncalls=961040, ndraw=40, logz=-715.48, remainder_fraction=77.1415%, Lmin=-708.07, Lmax=-705.69
15:01:13 [ultranest] [DEBUG] iteration=2937, ncalls=24431, regioncalls=961120, ndraw=40, logz=-715.47, remainder_fraction=77.0597%, Lmin=-708.06, Lmax=-705.69
15:01:13 [ultranest] [DEBUG] iteration=2938, ncalls=24436, regioncalls=961320, ndraw=40, logz=-715.47, remainder_fraction=77.0737%, Lmin=-708.06, Lmax=-705.69
15:01:14 [ultranest] [DEBUG] iteration=2940, ncalls=24438, regioncalls=961400, ndraw=40, logz=-715.46, remainder_fraction=76.9578%, Lmin=-708.05, Lmax=-705.69
15:01:14 [ultranest] [DEBUG] iteration=2941, ncalls=24441, regioncalls=961520, ndraw=40, logz=-715.46, remainder_fraction=76.8873%, Lmin=-708.05, Lmax=-705.69
15:01:14 [ultranest] [DEBUG] iteration=2942, ncalls=24444, regioncalls=961640, ndraw=40, logz=-715.46, remainder_fraction=76.8315%, Lmin=-708.03, Lmax=-705.69
15:01:15 [ultranest] [DEBUG] iteration=2943, ncalls=24476, regioncalls=962920, ndraw=40, logz=-715.46, remainder_fraction=76.7400%, Lmin=-708.03, Lmax=-705.69
15:01:16 [ultranest] [DEBUG] iteration=2944, ncalls=24494, regioncalls=963640, ndraw=40, logz=-715.45, remainder_fraction=76.6497%, Lmin=-708.02, Lmax=-705.69
15:01:17 [ultranest] [DEBUG] iteration=2945, ncalls=24502, regioncalls=963960, ndraw=40, logz=-715.45, remainder_fraction=76.6342%, Lmin=-708.02, Lmax=-705.69
15:01:17 [ultranest] [DEBUG] iteration=2946, ncalls=24504, regioncalls=964040, ndraw=40, logz=-715.45, remainder_fraction=76.6612%, Lmin=-708.01, Lmax=-705.69
15:01:17 [ultranest] [DEBUG] iteration=2947, ncalls=24508, regioncalls=964200, ndraw=40, logz=-715.45, remainder_fraction=76.6145%, Lmin=-708.01, Lmax=-705.69
15:01:17 [ultranest] [DEBUG] iteration=2948, ncalls=24517, regioncalls=964560, ndraw=40, logz=-715.44, remainder_fraction=76.5676%, Lmin=-708.01, Lmax=-705.69
15:01:18 [ultranest] [DEBUG] iteration=2949, ncalls=24520, regioncalls=964680, ndraw=40, logz=-715.44, remainder_fraction=76.4938%, Lmin=-708.00, Lmax=-705.69
15:01:18 [ultranest] [DEBUG] iteration=2950, ncalls=24532, regioncalls=965160, ndraw=40, logz=-715.44, remainder_fraction=76.4092%, Lmin=-707.99, Lmax=-705.69
15:01:18 [ultranest] [DEBUG] iteration=2951, ncalls=24536, regioncalls=965320, ndraw=40, logz=-715.43, remainder_fraction=76.3424%, Lmin=-707.99, Lmax=-705.69
15:01:19 [ultranest] [DEBUG] iteration=2952, ncalls=24543, regioncalls=965600, ndraw=40, logz=-715.43, remainder_fraction=76.2745%, Lmin=-707.99, Lmax=-705.69
15:01:19 [ultranest] [DEBUG] iteration=2953, ncalls=24545, regioncalls=965680, ndraw=40, logz=-715.43, remainder_fraction=76.2089%, Lmin=-707.99, Lmax=-705.69
15:01:19 [ultranest] [DEBUG] iteration=2954, ncalls=24552, regioncalls=965960, ndraw=40, logz=-715.43, remainder_fraction=76.2165%, Lmin=-707.99, Lmax=-705.69
15:01:20 [ultranest] [DEBUG] iteration=2956, ncalls=24579, regioncalls=967040, ndraw=40, logz=-715.42, remainder_fraction=76.1817%, Lmin=-707.98, Lmax=-705.69
15:01:21 [ultranest] [DEBUG] iteration=2957, ncalls=24584, regioncalls=967240, ndraw=40, logz=-715.42, remainder_fraction=76.1123%, Lmin=-707.98, Lmax=-705.69
15:01:21 [ultranest] [DEBUG] iteration=2958, ncalls=24597, regioncalls=967760, ndraw=40, logz=-715.42, remainder_fraction=76.0757%, Lmin=-707.98, Lmax=-705.69
15:01:22 [ultranest] [DEBUG] iteration=2959, ncalls=24609, regioncalls=968240, ndraw=40, logz=-715.41, remainder_fraction=75.9982%, Lmin=-707.97, Lmax=-705.69
15:01:22 [ultranest] [DEBUG] iteration=2960, ncalls=24615, regioncalls=968480, ndraw=40, logz=-715.41, remainder_fraction=75.9079%, Lmin=-707.97, Lmax=-705.69
15:01:22 [ultranest] [DEBUG] iteration=2961, ncalls=24616, regioncalls=968640, ndraw=40, logz=-715.41, remainder_fraction=75.8227%, Lmin=-707.97, Lmax=-705.69
15:01:23 [ultranest] [DEBUG] iteration=2963, ncalls=24621, regioncalls=968840, ndraw=40, logz=-715.40, remainder_fraction=75.7414%, Lmin=-707.96, Lmax=-705.69
15:01:23 [ultranest] [DEBUG] iteration=2964, ncalls=24626, regioncalls=969040, ndraw=40, logz=-715.40, remainder_fraction=75.6594%, Lmin=-707.96, Lmax=-705.69
15:01:23 [ultranest] [DEBUG] iteration=2965, ncalls=24629, regioncalls=969160, ndraw=40, logz=-715.40, remainder_fraction=75.5750%, Lmin=-707.96, Lmax=-705.69
15:01:23 [ultranest] [DEBUG] iteration=2966, ncalls=24634, regioncalls=969360, ndraw=40, logz=-715.39, remainder_fraction=75.4933%, Lmin=-707.95, Lmax=-705.69
15:01:23 [ultranest] [DEBUG] iteration=2968, ncalls=24638, regioncalls=969520, ndraw=40, logz=-715.39, remainder_fraction=75.4148%, Lmin=-707.95, Lmax=-705.69
15:01:24 [ultranest] [DEBUG] iteration=2970, ncalls=24643, regioncalls=969720, ndraw=40, logz=-715.38, remainder_fraction=75.2463%, Lmin=-707.95, Lmax=-705.69
15:01:24 [ultranest] [DEBUG] iteration=2972, ncalls=24646, regioncalls=969840, ndraw=40, logz=-715.38, remainder_fraction=75.0831%, Lmin=-707.94, Lmax=-705.69
15:01:24 [ultranest] [DEBUG] iteration=2973, ncalls=24651, regioncalls=970040, ndraw=40, logz=-715.38, remainder_fraction=75.0023%, Lmin=-707.94, Lmax=-705.69
15:01:24 [ultranest] [DEBUG] iteration=2974, ncalls=24655, regioncalls=970200, ndraw=40, logz=-715.37, remainder_fraction=74.9159%, Lmin=-707.93, Lmax=-705.69
15:01:25 [ultranest] [DEBUG] iteration=2975, ncalls=24664, regioncalls=970560, ndraw=40, logz=-715.37, remainder_fraction=74.8250%, Lmin=-707.93, Lmax=-705.69
15:01:25 [ultranest] [DEBUG] iteration=2976, ncalls=24666, regioncalls=970640, ndraw=40, logz=-715.37, remainder_fraction=74.7349%, Lmin=-707.92, Lmax=-705.69
15:01:25 [ultranest] [DEBUG] iteration=2978, ncalls=24669, regioncalls=970760, ndraw=40, logz=-715.36, remainder_fraction=74.6016%, Lmin=-707.91, Lmax=-705.69
15:01:25 [ultranest] [DEBUG] iteration=2980, ncalls=24675, regioncalls=971000, ndraw=40, logz=-715.36, remainder_fraction=74.4434%, Lmin=-707.90, Lmax=-705.69
15:01:26 [ultranest] [DEBUG] iteration=2981, ncalls=24684, regioncalls=971360, ndraw=40, logz=-715.36, remainder_fraction=74.3707%, Lmin=-707.90, Lmax=-705.69
15:01:26 [ultranest] [DEBUG] iteration=2982, ncalls=24687, regioncalls=971480, ndraw=40, logz=-715.35, remainder_fraction=74.2833%, Lmin=-707.89, Lmax=-705.69
15:01:26 [ultranest] [DEBUG] iteration=2984, ncalls=24693, regioncalls=971720, ndraw=40, logz=-715.35, remainder_fraction=74.1140%, Lmin=-707.89, Lmax=-705.69
15:01:26 [ultranest] [DEBUG] iteration=2985, ncalls=24698, regioncalls=971920, ndraw=40, logz=-715.35, remainder_fraction=74.0265%, Lmin=-707.88, Lmax=-705.69
15:01:26 [ultranest] [DEBUG] iteration=2986, ncalls=24701, regioncalls=972040, ndraw=40, logz=-715.34, remainder_fraction=73.9393%, Lmin=-707.88, Lmax=-705.69
15:01:27 [ultranest] [DEBUG] iteration=2987, ncalls=24707, regioncalls=972280, ndraw=40, logz=-715.34, remainder_fraction=73.8628%, Lmin=-707.88, Lmax=-705.69
15:01:27 [ultranest] [DEBUG] iteration=2988, ncalls=24717, regioncalls=972680, ndraw=40, logz=-715.34, remainder_fraction=73.7723%, Lmin=-707.88, Lmax=-705.69
15:01:27 [ultranest] [DEBUG] iteration=2991, ncalls=24721, regioncalls=972840, ndraw=40, logz=-715.33, remainder_fraction=73.5717%, Lmin=-707.87, Lmax=-705.69
15:01:28 [ultranest] [DEBUG] iteration=2993, ncalls=24723, regioncalls=972920, ndraw=40, logz=-715.33, remainder_fraction=73.4569%, Lmin=-707.85, Lmax=-705.69
15:01:28 [ultranest] [DEBUG] iteration=2995, ncalls=24726, regioncalls=973040, ndraw=40, logz=-715.32, remainder_fraction=73.2970%, Lmin=-707.84, Lmax=-705.69
15:01:28 [ultranest] [DEBUG] iteration=2997, ncalls=24729, regioncalls=973160, ndraw=40, logz=-715.32, remainder_fraction=73.1136%, Lmin=-707.84, Lmax=-705.69
15:01:28 [ultranest] [DEBUG] iteration=2998, ncalls=24740, regioncalls=973600, ndraw=40, logz=-715.31, remainder_fraction=73.0152%, Lmin=-707.84, Lmax=-705.69
15:01:29 [ultranest] [DEBUG] iteration=2999, ncalls=24744, regioncalls=973760, ndraw=40, logz=-715.31, remainder_fraction=72.9185%, Lmin=-707.83, Lmax=-705.69
15:01:29 [ultranest] [DEBUG] iteration=3000, ncalls=24748, regioncalls=973920, ndraw=40, logz=-715.31, remainder_fraction=72.8773%, Lmin=-707.83, Lmax=-705.69
15:01:29 [ultranest] [DEBUG] iteration=3001, ncalls=24754, regioncalls=974160, ndraw=40, logz=-715.31, remainder_fraction=72.7945%, Lmin=-707.83, Lmax=-705.69
15:01:29 [ultranest] [DEBUG] iteration=3002, ncalls=24757, regioncalls=974280, ndraw=40, logz=-715.30, remainder_fraction=72.7123%, Lmin=-707.82, Lmax=-705.69
15:01:29 [ultranest] [DEBUG] iteration=3003, ncalls=24761, regioncalls=974440, ndraw=40, logz=-715.30, remainder_fraction=72.6262%, Lmin=-707.82, Lmax=-705.69
15:01:30 [ultranest] [DEBUG] iteration=3004, ncalls=24763, regioncalls=974520, ndraw=40, logz=-715.30, remainder_fraction=72.5544%, Lmin=-707.82, Lmax=-705.69
15:01:30 [ultranest] [DEBUG] iteration=3005, ncalls=24770, regioncalls=974800, ndraw=40, logz=-715.30, remainder_fraction=72.4593%, Lmin=-707.81, Lmax=-705.69
15:01:30 [ultranest] [DEBUG] iteration=3006, ncalls=24772, regioncalls=974880, ndraw=40, logz=-715.29, remainder_fraction=72.3857%, Lmin=-707.81, Lmax=-705.69
15:01:30 [ultranest] [DEBUG] iteration=3007, ncalls=24775, regioncalls=975000, ndraw=40, logz=-715.29, remainder_fraction=72.2877%, Lmin=-707.81, Lmax=-705.69
15:01:30 [ultranest] [DEBUG] iteration=3009, ncalls=24778, regioncalls=975120, ndraw=40, logz=-715.29, remainder_fraction=72.1133%, Lmin=-707.81, Lmax=-705.69
15:01:30 [ultranest] [DEBUG] iteration=3011, ncalls=24782, regioncalls=975280, ndraw=40, logz=-715.28, remainder_fraction=71.9785%, Lmin=-707.80, Lmax=-705.69
15:01:31 [ultranest] [DEBUG] iteration=3012, ncalls=24787, regioncalls=975480, ndraw=40, logz=-715.28, remainder_fraction=71.8957%, Lmin=-707.80, Lmax=-705.69
15:01:31 [ultranest] [DEBUG] iteration=3013, ncalls=24801, regioncalls=976040, ndraw=40, logz=-715.28, remainder_fraction=71.8341%, Lmin=-707.79, Lmax=-705.69
15:01:32 [ultranest] [DEBUG] iteration=3014, ncalls=24807, regioncalls=976280, ndraw=40, logz=-715.27, remainder_fraction=71.7391%, Lmin=-707.79, Lmax=-705.69
15:01:32 [ultranest] [DEBUG] iteration=3015, ncalls=24814, regioncalls=976560, ndraw=40, logz=-715.27, remainder_fraction=71.6951%, Lmin=-707.79, Lmax=-705.69
15:01:32 [ultranest] [DEBUG] iteration=3017, ncalls=24820, regioncalls=976800, ndraw=40, logz=-715.27, remainder_fraction=71.5292%, Lmin=-707.78, Lmax=-705.69
15:01:33 [ultranest] [DEBUG] iteration=3018, ncalls=24825, regioncalls=977000, ndraw=40, logz=-715.26, remainder_fraction=71.4504%, Lmin=-707.78, Lmax=-705.69
15:01:33 [ultranest] [DEBUG] iteration=3019, ncalls=24831, regioncalls=977240, ndraw=40, logz=-715.26, remainder_fraction=71.3814%, Lmin=-707.78, Lmax=-705.69
15:01:33 [ultranest] [DEBUG] iteration=3021, ncalls=24835, regioncalls=977400, ndraw=40, logz=-715.26, remainder_fraction=71.2000%, Lmin=-707.78, Lmax=-705.69
15:01:33 [ultranest] [DEBUG] iteration=3022, ncalls=24839, regioncalls=977560, ndraw=40, logz=-715.26, remainder_fraction=71.1384%, Lmin=-707.78, Lmax=-705.69
15:01:34 [ultranest] [DEBUG] iteration=3024, ncalls=24850, regioncalls=978000, ndraw=40, logz=-715.25, remainder_fraction=71.0394%, Lmin=-707.76, Lmax=-705.69
15:01:34 [ultranest] [DEBUG] iteration=3025, ncalls=24853, regioncalls=978120, ndraw=40, logz=-715.25, remainder_fraction=70.9829%, Lmin=-707.75, Lmax=-705.69
15:01:34 [ultranest] [DEBUG] iteration=3026, ncalls=24855, regioncalls=978200, ndraw=40, logz=-715.25, remainder_fraction=70.9112%, Lmin=-707.75, Lmax=-705.69
15:01:34 [ultranest] [DEBUG] iteration=3027, ncalls=24858, regioncalls=978320, ndraw=40, logz=-715.24, remainder_fraction=70.8457%, Lmin=-707.75, Lmax=-705.69
15:01:34 [ultranest] [DEBUG] iteration=3028, ncalls=24860, regioncalls=978400, ndraw=40, logz=-715.24, remainder_fraction=70.8590%, Lmin=-707.74, Lmax=-705.69
15:01:34 [ultranest] [DEBUG] iteration=3029, ncalls=24864, regioncalls=978560, ndraw=40, logz=-715.24, remainder_fraction=70.7819%, Lmin=-707.74, Lmax=-705.69
15:01:35 [ultranest] [DEBUG] iteration=3030, ncalls=24879, regioncalls=979160, ndraw=40, logz=-715.24, remainder_fraction=70.6836%, Lmin=-707.74, Lmax=-705.69
15:01:36 [ultranest] [DEBUG] iteration=3031, ncalls=24888, regioncalls=979520, ndraw=40, logz=-715.23, remainder_fraction=70.6301%, Lmin=-707.73, Lmax=-705.69
15:01:36 [ultranest] [DEBUG] iteration=3033, ncalls=24890, regioncalls=979600, ndraw=40, logz=-715.23, remainder_fraction=70.4361%, Lmin=-707.73, Lmax=-705.69
15:01:36 [ultranest] [DEBUG] iteration=3034, ncalls=24893, regioncalls=979720, ndraw=40, logz=-715.23, remainder_fraction=70.3382%, Lmin=-707.73, Lmax=-705.69
15:01:36 [ultranest] [DEBUG] iteration=3035, ncalls=24898, regioncalls=979920, ndraw=40, logz=-715.22, remainder_fraction=70.2671%, Lmin=-707.73, Lmax=-705.69
15:01:36 [ultranest] [DEBUG] iteration=3036, ncalls=24902, regioncalls=980080, ndraw=40, logz=-715.22, remainder_fraction=70.1851%, Lmin=-707.72, Lmax=-705.69
15:01:37 [ultranest] [DEBUG] iteration=3037, ncalls=24920, regioncalls=980800, ndraw=40, logz=-715.22, remainder_fraction=70.1110%, Lmin=-707.72, Lmax=-705.66
15:01:37 [ultranest] [DEBUG] iteration=3038, ncalls=24922, regioncalls=980880, ndraw=40, logz=-715.22, remainder_fraction=70.0140%, Lmin=-707.72, Lmax=-705.66
15:01:38 [ultranest] [DEBUG] iteration=3039, ncalls=24926, regioncalls=981040, ndraw=40, logz=-715.22, remainder_fraction=70.0551%, Lmin=-707.72, Lmax=-705.66
15:01:38 [ultranest] [DEBUG] iteration=3042, ncalls=24930, regioncalls=981200, ndraw=40, logz=-715.21, remainder_fraction=69.8000%, Lmin=-707.72, Lmax=-705.66
15:01:38 [ultranest] [DEBUG] iteration=3044, ncalls=24937, regioncalls=981480, ndraw=40, logz=-715.20, remainder_fraction=69.6413%, Lmin=-707.72, Lmax=-705.66
15:01:38 [ultranest] [DEBUG] iteration=3045, ncalls=24941, regioncalls=981640, ndraw=40, logz=-715.20, remainder_fraction=69.6359%, Lmin=-707.72, Lmax=-705.66
15:01:38 [ultranest] [DEBUG] iteration=3046, ncalls=24946, regioncalls=981840, ndraw=40, logz=-715.20, remainder_fraction=69.5535%, Lmin=-707.71, Lmax=-705.66
15:01:39 [ultranest] [DEBUG] iteration=3047, ncalls=24950, regioncalls=982000, ndraw=40, logz=-715.20, remainder_fraction=69.4779%, Lmin=-707.71, Lmax=-705.66
15:01:39 [ultranest] [DEBUG] iteration=3048, ncalls=24953, regioncalls=982120, ndraw=40, logz=-715.19, remainder_fraction=69.3958%, Lmin=-707.70, Lmax=-705.66
15:01:39 [ultranest] [DEBUG] iteration=3049, ncalls=24961, regioncalls=982440, ndraw=40, logz=-715.19, remainder_fraction=69.3224%, Lmin=-707.70, Lmax=-705.66
15:01:39 [ultranest] [DEBUG] iteration=3050, ncalls=24963, regioncalls=982520, ndraw=40, logz=-715.19, remainder_fraction=69.2597%, Lmin=-707.69, Lmax=-705.66
15:01:40 [ultranest] [DEBUG] iteration=3051, ncalls=24972, regioncalls=983120, ndraw=40, logz=-715.19, remainder_fraction=69.1725%, Lmin=-707.67, Lmax=-705.66
15:01:40 [ultranest] [DEBUG] iteration=3052, ncalls=24977, regioncalls=983320, ndraw=40, logz=-715.19, remainder_fraction=69.0765%, Lmin=-707.67, Lmax=-705.66
15:01:41 [ultranest] [DEBUG] iteration=3053, ncalls=24992, regioncalls=983920, ndraw=40, logz=-715.18, remainder_fraction=69.0440%, Lmin=-707.67, Lmax=-705.66
15:01:41 [ultranest] [DEBUG] iteration=3055, ncalls=24999, regioncalls=984200, ndraw=40, logz=-715.18, remainder_fraction=68.8805%, Lmin=-707.67, Lmax=-705.66
15:01:41 [ultranest] [DEBUG] iteration=3057, ncalls=25002, regioncalls=984320, ndraw=40, logz=-715.17, remainder_fraction=68.7148%, Lmin=-707.65, Lmax=-705.66
15:01:42 [ultranest] [DEBUG] iteration=3058, ncalls=25011, regioncalls=984680, ndraw=40, logz=-715.17, remainder_fraction=68.6339%, Lmin=-707.65, Lmax=-705.66
15:01:42 [ultranest] [DEBUG] iteration=3059, ncalls=25021, regioncalls=985080, ndraw=40, logz=-715.17, remainder_fraction=68.5546%, Lmin=-707.65, Lmax=-705.66
15:01:42 [ultranest] [DEBUG] iteration=3060, ncalls=25025, regioncalls=985240, ndraw=40, logz=-715.17, remainder_fraction=68.4535%, Lmin=-707.65, Lmax=-705.66
15:01:43 [ultranest] [DEBUG] iteration=3062, ncalls=25031, regioncalls=985480, ndraw=40, logz=-715.16, remainder_fraction=68.3964%, Lmin=-707.65, Lmax=-705.66
15:01:43 [ultranest] [DEBUG] iteration=3063, ncalls=25034, regioncalls=985600, ndraw=40, logz=-715.16, remainder_fraction=68.3324%, Lmin=-707.64, Lmax=-705.66
15:01:43 [ultranest] [DEBUG] iteration=3064, ncalls=25038, regioncalls=985760, ndraw=40, logz=-715.16, remainder_fraction=68.2415%, Lmin=-707.63, Lmax=-705.66
15:01:43 [ultranest] [DEBUG] iteration=3065, ncalls=25042, regioncalls=985920, ndraw=40, logz=-715.16, remainder_fraction=68.1445%, Lmin=-707.63, Lmax=-705.66
15:01:44 [ultranest] [DEBUG] iteration=3067, ncalls=25049, regioncalls=986200, ndraw=40, logz=-715.15, remainder_fraction=67.9740%, Lmin=-707.63, Lmax=-705.66
15:01:44 [ultranest] [DEBUG] iteration=3068, ncalls=25055, regioncalls=986440, ndraw=40, logz=-715.15, remainder_fraction=67.9597%, Lmin=-707.62, Lmax=-705.66
15:01:44 [ultranest] [DEBUG] iteration=3069, ncalls=25059, regioncalls=986600, ndraw=40, logz=-715.15, remainder_fraction=67.9416%, Lmin=-707.62, Lmax=-705.66
15:01:44 [ultranest] [DEBUG] iteration=3071, ncalls=25064, regioncalls=986800, ndraw=40, logz=-715.14, remainder_fraction=67.8334%, Lmin=-707.62, Lmax=-705.66
15:01:45 [ultranest] [DEBUG] iteration=3072, ncalls=25074, regioncalls=987200, ndraw=40, logz=-715.14, remainder_fraction=67.7328%, Lmin=-707.61, Lmax=-705.66
15:01:45 [ultranest] [DEBUG] iteration=3073, ncalls=25078, regioncalls=987360, ndraw=40, logz=-715.14, remainder_fraction=67.6687%, Lmin=-707.61, Lmax=-705.66
15:01:45 [ultranest] [DEBUG] iteration=3074, ncalls=25085, regioncalls=987640, ndraw=40, logz=-715.14, remainder_fraction=67.5985%, Lmin=-707.60, Lmax=-705.66
15:01:46 [ultranest] [DEBUG] iteration=3077, ncalls=25097, regioncalls=988120, ndraw=40, logz=-715.13, remainder_fraction=67.4115%, Lmin=-707.59, Lmax=-705.66
15:01:46 [ultranest] [DEBUG] iteration=3078, ncalls=25100, regioncalls=988240, ndraw=40, logz=-715.13, remainder_fraction=67.3831%, Lmin=-707.59, Lmax=-705.66
15:01:47 [ultranest] [DEBUG] iteration=3080, ncalls=25117, regioncalls=988920, ndraw=40, logz=-715.12, remainder_fraction=67.2193%, Lmin=-707.58, Lmax=-705.66
15:01:47 [ultranest] [DEBUG] iteration=3081, ncalls=25120, regioncalls=989040, ndraw=40, logz=-715.12, remainder_fraction=67.1466%, Lmin=-707.58, Lmax=-705.66
15:01:48 [ultranest] [DEBUG] iteration=3082, ncalls=25139, regioncalls=989800, ndraw=40, logz=-715.12, remainder_fraction=67.0593%, Lmin=-707.58, Lmax=-705.66
15:01:48 [ultranest] [DEBUG] iteration=3083, ncalls=25142, regioncalls=989920, ndraw=40, logz=-715.12, remainder_fraction=66.9757%, Lmin=-707.57, Lmax=-705.66
15:01:48 [ultranest] [DEBUG] iteration=3085, ncalls=25151, regioncalls=990280, ndraw=40, logz=-715.11, remainder_fraction=66.7876%, Lmin=-707.57, Lmax=-705.66
15:01:49 [ultranest] [DEBUG] iteration=3086, ncalls=25155, regioncalls=990440, ndraw=40, logz=-715.11, remainder_fraction=66.7268%, Lmin=-707.57, Lmax=-705.66
15:01:49 [ultranest] [DEBUG] iteration=3087, ncalls=25160, regioncalls=990640, ndraw=40, logz=-715.11, remainder_fraction=66.6346%, Lmin=-707.57, Lmax=-705.66
15:01:49 [ultranest] [DEBUG] iteration=3088, ncalls=25166, regioncalls=990880, ndraw=40, logz=-715.11, remainder_fraction=66.5396%, Lmin=-707.57, Lmax=-705.66
15:01:50 [ultranest] [DEBUG] iteration=3089, ncalls=25185, regioncalls=991640, ndraw=40, logz=-715.10, remainder_fraction=66.4691%, Lmin=-707.56, Lmax=-705.66
15:01:51 [ultranest] [DEBUG] iteration=3090, ncalls=25202, regioncalls=992320, ndraw=40, logz=-715.10, remainder_fraction=66.3695%, Lmin=-707.56, Lmax=-705.66
15:01:51 [ultranest] [DEBUG] iteration=3091, ncalls=25211, regioncalls=992680, ndraw=40, logz=-715.10, remainder_fraction=66.2773%, Lmin=-707.56, Lmax=-705.66
15:01:52 [ultranest] [DEBUG] iteration=3092, ncalls=25219, regioncalls=993000, ndraw=40, logz=-715.10, remainder_fraction=66.2059%, Lmin=-707.55, Lmax=-705.66
15:01:52 [ultranest] [DEBUG] iteration=3093, ncalls=25225, regioncalls=993240, ndraw=40, logz=-715.10, remainder_fraction=66.1357%, Lmin=-707.55, Lmax=-705.66
15:01:52 [ultranest] [DEBUG] iteration=3094, ncalls=25231, regioncalls=993480, ndraw=40, logz=-715.09, remainder_fraction=66.0387%, Lmin=-707.55, Lmax=-705.66
15:01:53 [ultranest] [DEBUG] iteration=3095, ncalls=25241, regioncalls=993880, ndraw=40, logz=-715.09, remainder_fraction=65.9917%, Lmin=-707.55, Lmax=-705.66
15:01:54 [ultranest] [DEBUG] iteration=3096, ncalls=25255, regioncalls=994440, ndraw=40, logz=-715.09, remainder_fraction=65.9187%, Lmin=-707.54, Lmax=-705.66
15:01:54 [ultranest] [DEBUG] iteration=3098, ncalls=25262, regioncalls=994720, ndraw=40, logz=-715.09, remainder_fraction=65.7426%, Lmin=-707.54, Lmax=-705.66
15:01:54 [ultranest] [DEBUG] iteration=3100, ncalls=25265, regioncalls=994840, ndraw=40, logz=-715.08, remainder_fraction=65.5995%, Lmin=-707.54, Lmax=-705.66
15:01:54 [ultranest] [DEBUG] iteration=3101, ncalls=25268, regioncalls=994960, ndraw=40, logz=-715.08, remainder_fraction=65.5012%, Lmin=-707.53, Lmax=-705.66
15:01:55 [ultranest] [DEBUG] iteration=3102, ncalls=25277, regioncalls=995320, ndraw=40, logz=-715.08, remainder_fraction=65.4182%, Lmin=-707.53, Lmax=-705.66
15:01:55 [ultranest] [DEBUG] iteration=3103, ncalls=25285, regioncalls=995640, ndraw=40, logz=-715.08, remainder_fraction=65.3678%, Lmin=-707.53, Lmax=-705.66
15:01:55 [ultranest] [DEBUG] iteration=3104, ncalls=25288, regioncalls=995760, ndraw=40, logz=-715.07, remainder_fraction=65.2718%, Lmin=-707.53, Lmax=-705.66
15:01:55 [ultranest] [DEBUG] iteration=3106, ncalls=25291, regioncalls=995880, ndraw=40, logz=-715.07, remainder_fraction=65.0872%, Lmin=-707.53, Lmax=-705.66
15:01:56 [ultranest] [DEBUG] iteration=3108, ncalls=25304, regioncalls=996400, ndraw=40, logz=-715.07, remainder_fraction=64.9132%, Lmin=-707.52, Lmax=-705.66
15:01:56 [ultranest] [DEBUG] iteration=3111, ncalls=25312, regioncalls=996720, ndraw=40, logz=-715.06, remainder_fraction=64.6980%, Lmin=-707.51, Lmax=-705.66
15:01:56 [ultranest] [DEBUG] iteration=3112, ncalls=25315, regioncalls=996840, ndraw=40, logz=-715.06, remainder_fraction=64.6517%, Lmin=-707.51, Lmax=-705.66
15:01:57 [ultranest] [DEBUG] iteration=3113, ncalls=25322, regioncalls=997120, ndraw=40, logz=-715.06, remainder_fraction=64.5490%, Lmin=-707.50, Lmax=-705.66
15:01:57 [ultranest] [DEBUG] iteration=3114, ncalls=25326, regioncalls=997280, ndraw=40, logz=-715.05, remainder_fraction=64.5345%, Lmin=-707.50, Lmax=-705.66
15:01:58 [ultranest] [DEBUG] iteration=3115, ncalls=25340, regioncalls=997840, ndraw=40, logz=-715.05, remainder_fraction=64.4623%, Lmin=-707.50, Lmax=-705.66
15:01:58 [ultranest] [DEBUG] iteration=3116, ncalls=25345, regioncalls=998040, ndraw=40, logz=-715.05, remainder_fraction=64.3779%, Lmin=-707.49, Lmax=-705.66
15:01:59 [ultranest] [DEBUG] iteration=3118, ncalls=25363, regioncalls=998760, ndraw=40, logz=-715.04, remainder_fraction=64.2340%, Lmin=-707.49, Lmax=-705.66
15:01:59 [ultranest] [DEBUG] iteration=3119, ncalls=25366, regioncalls=998880, ndraw=40, logz=-715.04, remainder_fraction=64.1420%, Lmin=-707.49, Lmax=-705.66
15:01:59 [ultranest] [DEBUG] iteration=3120, ncalls=25371, regioncalls=999080, ndraw=40, logz=-715.04, remainder_fraction=64.0700%, Lmin=-707.49, Lmax=-705.66
15:01:59 [ultranest] [DEBUG] iteration=3122, ncalls=25373, regioncalls=999160, ndraw=40, logz=-715.04, remainder_fraction=63.9329%, Lmin=-707.48, Lmax=-705.66
15:02:00 [ultranest] [DEBUG] iteration=3123, ncalls=25377, regioncalls=999320, ndraw=40, logz=-715.04, remainder_fraction=63.8431%, Lmin=-707.47, Lmax=-705.66
15:02:00 [ultranest] [DEBUG] iteration=3124, ncalls=25379, regioncalls=999400, ndraw=40, logz=-715.03, remainder_fraction=63.7430%, Lmin=-707.47, Lmax=-705.66
15:02:00 [ultranest] [DEBUG] iteration=3125, ncalls=25389, regioncalls=999800, ndraw=40, logz=-715.03, remainder_fraction=63.6426%, Lmin=-707.46, Lmax=-705.66
15:02:00 [ultranest] [DEBUG] iteration=3126, ncalls=25394, regioncalls=1000000, ndraw=40, logz=-715.03, remainder_fraction=63.5979%, Lmin=-707.46, Lmax=-705.66
15:02:02 [ultranest] [DEBUG] iteration=3128, ncalls=25427, regioncalls=1001320, ndraw=40, logz=-715.03, remainder_fraction=63.4336%, Lmin=-707.45, Lmax=-705.66
15:02:02 [ultranest] [DEBUG] iteration=3129, ncalls=25432, regioncalls=1001520, ndraw=40, logz=-715.02, remainder_fraction=63.3377%, Lmin=-707.45, Lmax=-705.66
15:02:02 [ultranest] [DEBUG] iteration=3132, ncalls=25436, regioncalls=1001680, ndraw=40, logz=-715.02, remainder_fraction=63.0829%, Lmin=-707.45, Lmax=-705.66
15:02:03 [ultranest] [DEBUG] iteration=3134, ncalls=25449, regioncalls=1002200, ndraw=40, logz=-715.01, remainder_fraction=62.9083%, Lmin=-707.44, Lmax=-705.66
15:02:03 [ultranest] [DEBUG] iteration=3136, ncalls=25453, regioncalls=1002360, ndraw=40, logz=-715.01, remainder_fraction=62.7430%, Lmin=-707.43, Lmax=-705.66
15:02:04 [ultranest] [DEBUG] iteration=3137, ncalls=25461, regioncalls=1002680, ndraw=40, logz=-715.01, remainder_fraction=62.6578%, Lmin=-707.43, Lmax=-705.66
15:02:04 [ultranest] [DEBUG] iteration=3138, ncalls=25466, regioncalls=1002880, ndraw=40, logz=-715.01, remainder_fraction=62.5650%, Lmin=-707.43, Lmax=-705.66
15:02:04 [ultranest] [DEBUG] iteration=3139, ncalls=25478, regioncalls=1003360, ndraw=40, logz=-715.00, remainder_fraction=62.4750%, Lmin=-707.42, Lmax=-705.66
15:02:05 [ultranest] [DEBUG] iteration=3140, ncalls=25481, regioncalls=1003480, ndraw=40, logz=-715.00, remainder_fraction=62.4126%, Lmin=-707.42, Lmax=-705.66
15:02:05 [ultranest] [DEBUG] iteration=3141, ncalls=25487, regioncalls=1003840, ndraw=40, logz=-715.00, remainder_fraction=62.3135%, Lmin=-707.42, Lmax=-705.66
15:02:05 [ultranest] [DEBUG] iteration=3143, ncalls=25496, regioncalls=1004200, ndraw=40, logz=-715.00, remainder_fraction=62.1415%, Lmin=-707.40, Lmax=-705.66
15:02:06 [ultranest] [DEBUG] iteration=3144, ncalls=25501, regioncalls=1004400, ndraw=40, logz=-714.99, remainder_fraction=62.1138%, Lmin=-707.40, Lmax=-705.66
15:02:06 [ultranest] [DEBUG] iteration=3145, ncalls=25506, regioncalls=1004600, ndraw=40, logz=-714.99, remainder_fraction=62.0171%, Lmin=-707.39, Lmax=-705.66
15:02:06 [ultranest] [DEBUG] iteration=3147, ncalls=25508, regioncalls=1004680, ndraw=40, logz=-714.99, remainder_fraction=61.8225%, Lmin=-707.38, Lmax=-705.66
15:02:07 [ultranest] [DEBUG] iteration=3148, ncalls=25523, regioncalls=1005280, ndraw=40, logz=-714.99, remainder_fraction=61.7197%, Lmin=-707.38, Lmax=-705.66
15:02:07 [ultranest] [DEBUG] iteration=3150, ncalls=25531, regioncalls=1005600, ndraw=40, logz=-714.98, remainder_fraction=61.6601%, Lmin=-707.37, Lmax=-705.66
15:02:08 [ultranest] [DEBUG] iteration=3152, ncalls=25549, regioncalls=1006320, ndraw=40, logz=-714.98, remainder_fraction=61.4924%, Lmin=-707.37, Lmax=-705.66
15:02:08 [ultranest] [DEBUG] iteration=3153, ncalls=25557, regioncalls=1006640, ndraw=40, logz=-714.98, remainder_fraction=61.4110%, Lmin=-707.36, Lmax=-705.66
15:02:09 [ultranest] [DEBUG] iteration=3155, ncalls=25562, regioncalls=1006840, ndraw=40, logz=-714.97, remainder_fraction=61.2632%, Lmin=-707.36, Lmax=-705.66
15:02:09 [ultranest] [DEBUG] iteration=3156, ncalls=25565, regioncalls=1006960, ndraw=40, logz=-714.97, remainder_fraction=61.1994%, Lmin=-707.35, Lmax=-705.66
15:02:09 [ultranest] [DEBUG] iteration=3158, ncalls=25569, regioncalls=1007120, ndraw=40, logz=-714.97, remainder_fraction=61.0491%, Lmin=-707.35, Lmax=-705.66
15:02:09 [ultranest] [DEBUG] iteration=3159, ncalls=25577, regioncalls=1007440, ndraw=40, logz=-714.96, remainder_fraction=60.9725%, Lmin=-707.34, Lmax=-705.66
15:02:10 [ultranest] [DEBUG] iteration=3160, ncalls=25584, regioncalls=1007720, ndraw=40, logz=-714.96, remainder_fraction=60.8706%, Lmin=-707.34, Lmax=-705.66
15:02:10 [ultranest] [DEBUG] iteration=3162, ncalls=25589, regioncalls=1007920, ndraw=40, logz=-714.96, remainder_fraction=60.7578%, Lmin=-707.34, Lmax=-705.66
15:02:10 [ultranest] [DEBUG] iteration=3164, ncalls=25600, regioncalls=1008360, ndraw=40, logz=-714.96, remainder_fraction=60.6265%, Lmin=-707.33, Lmax=-705.66
15:02:11 [ultranest] [DEBUG] iteration=3166, ncalls=25608, regioncalls=1008680, ndraw=40, logz=-714.95, remainder_fraction=60.4504%, Lmin=-707.33, Lmax=-705.66
15:02:11 [ultranest] [DEBUG] iteration=3167, ncalls=25612, regioncalls=1008840, ndraw=40, logz=-714.95, remainder_fraction=60.3564%, Lmin=-707.33, Lmax=-705.66
15:02:11 [ultranest] [DEBUG] iteration=3168, ncalls=25614, regioncalls=1008920, ndraw=40, logz=-714.95, remainder_fraction=60.3318%, Lmin=-707.33, Lmax=-705.66
15:02:11 [ultranest] [DEBUG] iteration=3170, ncalls=25619, regioncalls=1009120, ndraw=40, logz=-714.94, remainder_fraction=60.2336%, Lmin=-707.32, Lmax=-705.66
15:02:12 [ultranest] [DEBUG] iteration=3172, ncalls=25627, regioncalls=1009440, ndraw=40, logz=-714.94, remainder_fraction=60.0938%, Lmin=-707.31, Lmax=-705.66
15:02:12 [ultranest] [DEBUG] iteration=3173, ncalls=25629, regioncalls=1009520, ndraw=40, logz=-714.94, remainder_fraction=59.9958%, Lmin=-707.31, Lmax=-705.66
15:02:13 [ultranest] [DEBUG] iteration=3174, ncalls=25644, regioncalls=1010120, ndraw=40, logz=-714.94, remainder_fraction=59.8929%, Lmin=-707.31, Lmax=-705.66
15:02:13 [ultranest] [DEBUG] iteration=3175, ncalls=25655, regioncalls=1010560, ndraw=40, logz=-714.93, remainder_fraction=59.8875%, Lmin=-707.31, Lmax=-705.66
15:02:13 [ultranest] [DEBUG] iteration=3177, ncalls=25662, regioncalls=1010840, ndraw=40, logz=-714.93, remainder_fraction=59.7140%, Lmin=-707.31, Lmax=-705.66
15:02:14 [ultranest] [DEBUG] iteration=3178, ncalls=25668, regioncalls=1011080, ndraw=40, logz=-714.93, remainder_fraction=59.6292%, Lmin=-707.31, Lmax=-705.66
15:02:14 [ultranest] [DEBUG] iteration=3180, ncalls=25673, regioncalls=1011280, ndraw=40, logz=-714.93, remainder_fraction=59.4287%, Lmin=-707.30, Lmax=-705.66
15:02:14 [ultranest] [DEBUG] iteration=3181, ncalls=25682, regioncalls=1011640, ndraw=40, logz=-714.92, remainder_fraction=59.3307%, Lmin=-707.29, Lmax=-705.66
15:02:15 [ultranest] [DEBUG] iteration=3182, ncalls=25685, regioncalls=1011760, ndraw=40, logz=-714.92, remainder_fraction=59.2565%, Lmin=-707.29, Lmax=-705.66
15:02:15 [ultranest] [DEBUG] iteration=3183, ncalls=25688, regioncalls=1011880, ndraw=40, logz=-714.92, remainder_fraction=59.1864%, Lmin=-707.29, Lmax=-705.66
15:02:15 [ultranest] [DEBUG] iteration=3186, ncalls=25695, regioncalls=1012160, ndraw=40, logz=-714.91, remainder_fraction=59.0678%, Lmin=-707.28, Lmax=-705.66
15:02:16 [ultranest] [DEBUG] iteration=3188, ncalls=25707, regioncalls=1012640, ndraw=40, logz=-714.91, remainder_fraction=58.8928%, Lmin=-707.26, Lmax=-705.66
15:02:16 [ultranest] [DEBUG] iteration=3189, ncalls=25715, regioncalls=1012960, ndraw=40, logz=-714.91, remainder_fraction=58.8281%, Lmin=-707.26, Lmax=-705.66
15:02:17 [ultranest] [DEBUG] iteration=3190, ncalls=25723, regioncalls=1013280, ndraw=40, logz=-714.91, remainder_fraction=58.7346%, Lmin=-707.25, Lmax=-705.66
15:02:17 [ultranest] [DEBUG] iteration=3192, ncalls=25728, regioncalls=1013480, ndraw=40, logz=-714.90, remainder_fraction=58.5971%, Lmin=-707.25, Lmax=-705.66
15:02:17 [ultranest] [DEBUG] iteration=3193, ncalls=25730, regioncalls=1013560, ndraw=40, logz=-714.90, remainder_fraction=58.4979%, Lmin=-707.25, Lmax=-705.66
15:02:17 [ultranest] [DEBUG] iteration=3195, ncalls=25743, regioncalls=1014080, ndraw=40, logz=-714.90, remainder_fraction=58.3185%, Lmin=-707.24, Lmax=-705.66
15:02:18 [ultranest] [DEBUG] iteration=3197, ncalls=25752, regioncalls=1014440, ndraw=40, logz=-714.89, remainder_fraction=58.1202%, Lmin=-707.24, Lmax=-705.66
15:02:18 [ultranest] [DEBUG] iteration=3198, ncalls=25755, regioncalls=1014560, ndraw=40, logz=-714.89, remainder_fraction=58.0163%, Lmin=-707.24, Lmax=-705.66
15:02:18 [ultranest] [DEBUG] iteration=3199, ncalls=25758, regioncalls=1014680, ndraw=40, logz=-714.89, remainder_fraction=57.9462%, Lmin=-707.23, Lmax=-705.66
15:02:18 [ultranest] [DEBUG] iteration=3201, ncalls=25762, regioncalls=1014840, ndraw=40, logz=-714.89, remainder_fraction=57.7807%, Lmin=-707.23, Lmax=-705.66
15:02:19 [ultranest] [DEBUG] iteration=3203, ncalls=25764, regioncalls=1014920, ndraw=40, logz=-714.88, remainder_fraction=57.6835%, Lmin=-707.22, Lmax=-705.66
15:02:19 [ultranest] [DEBUG] iteration=3205, ncalls=25770, regioncalls=1015160, ndraw=40, logz=-714.88, remainder_fraction=57.5415%, Lmin=-707.22, Lmax=-705.66
15:02:19 [ultranest] [DEBUG] iteration=3207, ncalls=25774, regioncalls=1015320, ndraw=40, logz=-714.88, remainder_fraction=57.4288%, Lmin=-707.21, Lmax=-705.66
15:02:20 [ultranest] [DEBUG] iteration=3209, ncalls=25788, regioncalls=1015880, ndraw=40, logz=-714.87, remainder_fraction=57.3431%, Lmin=-707.21, Lmax=-705.66
15:02:20 [ultranest] [DEBUG] iteration=3210, ncalls=25791, regioncalls=1016000, ndraw=40, logz=-714.87, remainder_fraction=57.2436%, Lmin=-707.21, Lmax=-705.66
15:02:20 [ultranest] [DEBUG] iteration=3211, ncalls=25794, regioncalls=1016120, ndraw=40, logz=-714.87, remainder_fraction=57.1504%, Lmin=-707.21, Lmax=-705.66
15:02:20 [ultranest] [DEBUG] iteration=3213, ncalls=25797, regioncalls=1016240, ndraw=40, logz=-714.87, remainder_fraction=57.0099%, Lmin=-707.21, Lmax=-705.66
15:02:20 [ultranest] [DEBUG] iteration=3214, ncalls=25802, regioncalls=1016440, ndraw=40, logz=-714.86, remainder_fraction=56.9070%, Lmin=-707.21, Lmax=-705.66
15:02:21 [ultranest] [DEBUG] iteration=3215, ncalls=25814, regioncalls=1016920, ndraw=40, logz=-714.86, remainder_fraction=56.8285%, Lmin=-707.20, Lmax=-705.66
15:02:21 [ultranest] [DEBUG] iteration=3216, ncalls=25816, regioncalls=1017000, ndraw=40, logz=-714.86, remainder_fraction=56.7251%, Lmin=-707.20, Lmax=-705.66
15:02:22 [ultranest] [DEBUG] iteration=3218, ncalls=25825, regioncalls=1017360, ndraw=40, logz=-714.86, remainder_fraction=56.5245%, Lmin=-707.20, Lmax=-705.66
15:02:22 [ultranest] [DEBUG] iteration=3219, ncalls=25831, regioncalls=1017600, ndraw=40, logz=-714.85, remainder_fraction=56.4416%, Lmin=-707.20, Lmax=-705.66
15:02:22 [ultranest] [DEBUG] iteration=3222, ncalls=25835, regioncalls=1017760, ndraw=40, logz=-714.85, remainder_fraction=56.3056%, Lmin=-707.19, Lmax=-705.66
15:02:22 [ultranest] [DEBUG] iteration=3223, ncalls=25838, regioncalls=1017880, ndraw=40, logz=-714.85, remainder_fraction=56.2378%, Lmin=-707.19, Lmax=-705.66
15:02:22 [ultranest] [DEBUG] iteration=3224, ncalls=25843, regioncalls=1018080, ndraw=40, logz=-714.85, remainder_fraction=56.1359%, Lmin=-707.19, Lmax=-705.66
15:02:23 [ultranest] [DEBUG] iteration=3227, ncalls=25846, regioncalls=1018200, ndraw=40, logz=-714.84, remainder_fraction=55.9095%, Lmin=-707.19, Lmax=-705.66
15:02:23 [ultranest] [DEBUG] iteration=3228, ncalls=25852, regioncalls=1018440, ndraw=40, logz=-714.84, remainder_fraction=55.8867%, Lmin=-707.19, Lmax=-705.66
15:02:23 [ultranest] [DEBUG] iteration=3229, ncalls=25855, regioncalls=1018560, ndraw=40, logz=-714.84, remainder_fraction=55.8162%, Lmin=-707.19, Lmax=-705.66
15:02:23 [ultranest] [DEBUG] iteration=3230, ncalls=25859, regioncalls=1018720, ndraw=40, logz=-714.84, remainder_fraction=55.7147%, Lmin=-707.19, Lmax=-705.66
15:02:23 [ultranest] [DEBUG] iteration=3231, ncalls=25862, regioncalls=1018880, ndraw=40, logz=-714.83, remainder_fraction=55.6348%, Lmin=-707.18, Lmax=-705.66
15:02:24 [ultranest] [DEBUG] iteration=3232, ncalls=25871, regioncalls=1019560, ndraw=40, logz=-714.83, remainder_fraction=55.5624%, Lmin=-707.18, Lmax=-705.66
15:02:24 [ultranest] [DEBUG] iteration=3233, ncalls=25875, regioncalls=1019720, ndraw=40, logz=-714.83, remainder_fraction=55.4699%, Lmin=-707.18, Lmax=-705.66
15:02:24 [ultranest] [DEBUG] iteration=3235, ncalls=25881, regioncalls=1019960, ndraw=40, logz=-714.83, remainder_fraction=55.3104%, Lmin=-707.18, Lmax=-705.66
15:02:24 [ultranest] [DEBUG] iteration=3236, ncalls=25884, regioncalls=1020080, ndraw=40, logz=-714.83, remainder_fraction=55.2317%, Lmin=-707.18, Lmax=-705.66
15:02:25 [ultranest] [DEBUG] iteration=3237, ncalls=25890, regioncalls=1020320, ndraw=40, logz=-714.82, remainder_fraction=55.1297%, Lmin=-707.18, Lmax=-705.66
15:02:25 [ultranest] [DEBUG] iteration=3239, ncalls=25893, regioncalls=1020440, ndraw=40, logz=-714.82, remainder_fraction=55.0053%, Lmin=-707.17, Lmax=-705.66
15:02:25 [ultranest] [DEBUG] iteration=3242, ncalls=25896, regioncalls=1020560, ndraw=40, logz=-714.82, remainder_fraction=54.8811%, Lmin=-707.17, Lmax=-705.66
15:02:25 [ultranest] [DEBUG] iteration=3243, ncalls=25901, regioncalls=1020760, ndraw=40, logz=-714.82, remainder_fraction=54.7818%, Lmin=-707.17, Lmax=-705.66
15:02:25 [ultranest] [DEBUG] iteration=3244, ncalls=25905, regioncalls=1020920, ndraw=40, logz=-714.81, remainder_fraction=54.7055%, Lmin=-707.17, Lmax=-705.66
15:02:26 [ultranest] [DEBUG] iteration=3245, ncalls=25909, regioncalls=1021080, ndraw=40, logz=-714.81, remainder_fraction=54.6646%, Lmin=-707.16, Lmax=-705.66
15:02:26 [ultranest] [DEBUG] iteration=3246, ncalls=25912, regioncalls=1021200, ndraw=40, logz=-714.81, remainder_fraction=54.6578%, Lmin=-707.15, Lmax=-705.66
15:02:26 [ultranest] [DEBUG] iteration=3248, ncalls=25915, regioncalls=1021320, ndraw=40, logz=-714.81, remainder_fraction=54.4769%, Lmin=-707.15, Lmax=-705.66
15:02:26 [ultranest] [DEBUG] iteration=3250, ncalls=25923, regioncalls=1021640, ndraw=40, logz=-714.80, remainder_fraction=54.3481%, Lmin=-707.14, Lmax=-705.66
15:02:27 [ultranest] [DEBUG] iteration=3252, ncalls=25928, regioncalls=1021840, ndraw=40, logz=-714.80, remainder_fraction=54.1617%, Lmin=-707.14, Lmax=-705.66
15:02:27 [ultranest] [DEBUG] iteration=3255, ncalls=25931, regioncalls=1021960, ndraw=40, logz=-714.80, remainder_fraction=53.9351%, Lmin=-707.13, Lmax=-705.66
15:02:27 [ultranest] [DEBUG] iteration=3257, ncalls=25935, regioncalls=1022120, ndraw=40, logz=-714.79, remainder_fraction=53.8567%, Lmin=-707.13, Lmax=-705.66
15:02:27 [ultranest] [DEBUG] iteration=3259, ncalls=25941, regioncalls=1022360, ndraw=40, logz=-714.79, remainder_fraction=53.6777%, Lmin=-707.13, Lmax=-705.66
15:02:28 [ultranest] [DEBUG] iteration=3260, ncalls=25948, regioncalls=1022640, ndraw=40, logz=-714.79, remainder_fraction=53.6198%, Lmin=-707.12, Lmax=-705.66
15:02:28 [ultranest] [DEBUG] iteration=3263, ncalls=25951, regioncalls=1022760, ndraw=40, logz=-714.78, remainder_fraction=53.4407%, Lmin=-707.12, Lmax=-705.66
15:02:28 [ultranest] [DEBUG] iteration=3264, ncalls=25963, regioncalls=1023240, ndraw=40, logz=-714.78, remainder_fraction=53.3494%, Lmin=-707.12, Lmax=-705.66
15:02:29 [ultranest] [DEBUG] iteration=3266, ncalls=25971, regioncalls=1023560, ndraw=40, logz=-714.78, remainder_fraction=53.2013%, Lmin=-707.11, Lmax=-705.66
15:02:29 [ultranest] [DEBUG] iteration=3267, ncalls=25976, regioncalls=1023760, ndraw=40, logz=-714.78, remainder_fraction=53.1709%, Lmin=-707.11, Lmax=-705.66
15:02:29 [ultranest] [DEBUG] iteration=3268, ncalls=25979, regioncalls=1023880, ndraw=40, logz=-714.78, remainder_fraction=53.1065%, Lmin=-707.10, Lmax=-705.66
15:02:29 [ultranest] [DEBUG] iteration=3269, ncalls=25984, regioncalls=1024080, ndraw=40, logz=-714.77, remainder_fraction=53.0522%, Lmin=-707.10, Lmax=-705.66
15:02:30 [ultranest] [DEBUG] iteration=3270, ncalls=25995, regioncalls=1024520, ndraw=40, logz=-714.77, remainder_fraction=53.0025%, Lmin=-707.10, Lmax=-705.66
15:02:31 [ultranest] [DEBUG] iteration=3271, ncalls=26009, regioncalls=1025080, ndraw=40, logz=-714.77, remainder_fraction=52.9325%, Lmin=-707.09, Lmax=-705.66
15:02:31 [ultranest] [DEBUG] iteration=3273, ncalls=26014, regioncalls=1025280, ndraw=40, logz=-714.77, remainder_fraction=52.7556%, Lmin=-707.09, Lmax=-705.66
15:02:31 [ultranest] [DEBUG] iteration=3274, ncalls=26016, regioncalls=1025360, ndraw=40, logz=-714.77, remainder_fraction=52.7006%, Lmin=-707.09, Lmax=-705.66
15:02:31 [ultranest] [DEBUG] iteration=3275, ncalls=26026, regioncalls=1025760, ndraw=40, logz=-714.76, remainder_fraction=52.6073%, Lmin=-707.08, Lmax=-705.66
15:02:32 [ultranest] [DEBUG] iteration=3276, ncalls=26030, regioncalls=1025920, ndraw=40, logz=-714.76, remainder_fraction=52.5375%, Lmin=-707.08, Lmax=-705.66
15:02:32 [ultranest] [DEBUG] iteration=3277, ncalls=26040, regioncalls=1026320, ndraw=40, logz=-714.76, remainder_fraction=52.4420%, Lmin=-707.08, Lmax=-705.66
15:02:32 [ultranest] [DEBUG] iteration=3279, ncalls=26049, regioncalls=1026680, ndraw=40, logz=-714.76, remainder_fraction=52.3364%, Lmin=-707.08, Lmax=-705.66
15:02:33 [ultranest] [DEBUG] iteration=3281, ncalls=26052, regioncalls=1026800, ndraw=40, logz=-714.76, remainder_fraction=52.1511%, Lmin=-707.07, Lmax=-705.66
15:02:33 [ultranest] [DEBUG] iteration=3282, ncalls=26055, regioncalls=1026920, ndraw=40, logz=-714.75, remainder_fraction=52.0911%, Lmin=-707.07, Lmax=-705.66
15:02:33 [ultranest] [DEBUG] iteration=3283, ncalls=26060, regioncalls=1027120, ndraw=40, logz=-714.75, remainder_fraction=51.9998%, Lmin=-707.07, Lmax=-705.66
15:02:34 [ultranest] [DEBUG] iteration=3284, ncalls=26077, regioncalls=1027800, ndraw=40, logz=-714.75, remainder_fraction=51.9448%, Lmin=-707.07, Lmax=-705.66
15:02:34 [ultranest] [DEBUG] iteration=3285, ncalls=26080, regioncalls=1027920, ndraw=40, logz=-714.75, remainder_fraction=51.8542%, Lmin=-707.07, Lmax=-705.66
15:02:34 [ultranest] [DEBUG] iteration=3287, ncalls=26086, regioncalls=1028160, ndraw=40, logz=-714.75, remainder_fraction=51.6923%, Lmin=-707.06, Lmax=-705.66
15:02:35 [ultranest] [DEBUG] iteration=3289, ncalls=26091, regioncalls=1028360, ndraw=40, logz=-714.74, remainder_fraction=51.6218%, Lmin=-707.06, Lmax=-705.66
15:02:35 [ultranest] [DEBUG] iteration=3290, ncalls=26097, regioncalls=1028600, ndraw=40, logz=-714.74, remainder_fraction=51.5259%, Lmin=-707.06, Lmax=-705.66
15:02:35 [ultranest] [DEBUG] iteration=3292, ncalls=26103, regioncalls=1028840, ndraw=40, logz=-714.74, remainder_fraction=51.3573%, Lmin=-707.06, Lmax=-705.66
15:02:35 [ultranest] [DEBUG] iteration=3294, ncalls=26107, regioncalls=1029000, ndraw=40, logz=-714.74, remainder_fraction=51.2637%, Lmin=-707.06, Lmax=-705.66
15:02:36 [ultranest] [DEBUG] iteration=3297, ncalls=26111, regioncalls=1029160, ndraw=40, logz=-714.73, remainder_fraction=51.0169%, Lmin=-707.05, Lmax=-705.66
15:02:36 [ultranest] [DEBUG] iteration=3298, ncalls=26114, regioncalls=1029280, ndraw=40, logz=-714.73, remainder_fraction=50.9229%, Lmin=-707.05, Lmax=-705.66
15:02:36 [ultranest] [DEBUG] iteration=3300, ncalls=26127, regioncalls=1029800, ndraw=40, logz=-714.73, remainder_fraction=50.7374%, Lmin=-707.05, Lmax=-705.66
15:02:36 [ultranest] [DEBUG] iteration=3301, ncalls=26130, regioncalls=1029920, ndraw=40, logz=-714.73, remainder_fraction=50.6748%, Lmin=-707.04, Lmax=-705.66
15:02:37 [ultranest] [DEBUG] iteration=3302, ncalls=26138, regioncalls=1030240, ndraw=40, logz=-714.72, remainder_fraction=50.5771%, Lmin=-707.03, Lmax=-705.66
15:02:37 [ultranest] [DEBUG] iteration=3303, ncalls=26143, regioncalls=1030440, ndraw=40, logz=-714.72, remainder_fraction=50.4789%, Lmin=-707.03, Lmax=-705.66
15:02:37 [ultranest] [DEBUG] iteration=3304, ncalls=26146, regioncalls=1030560, ndraw=40, logz=-714.72, remainder_fraction=50.4447%, Lmin=-707.02, Lmax=-705.66
15:02:37 [ultranest] [DEBUG] iteration=3305, ncalls=26152, regioncalls=1030800, ndraw=40, logz=-714.72, remainder_fraction=50.3670%, Lmin=-707.02, Lmax=-705.66
15:02:38 [ultranest] [DEBUG] iteration=3307, ncalls=26161, regioncalls=1031160, ndraw=40, logz=-714.72, remainder_fraction=50.1872%, Lmin=-707.02, Lmax=-705.66
15:02:38 [ultranest] [DEBUG] iteration=3308, ncalls=26171, regioncalls=1031560, ndraw=40, logz=-714.72, remainder_fraction=50.0938%, Lmin=-707.02, Lmax=-705.66
15:02:39 [ultranest] [DEBUG] iteration=3309, ncalls=26174, regioncalls=1031680, ndraw=40, logz=-714.71, remainder_fraction=50.0271%, Lmin=-707.02, Lmax=-705.66
15:02:39 [ultranest] [DEBUG] iteration=3310, ncalls=26177, regioncalls=1031800, ndraw=40, logz=-714.71, remainder_fraction=49.9319%, Lmin=-707.02, Lmax=-705.66
15:02:39 [ultranest] [DEBUG] iteration=3311, ncalls=26180, regioncalls=1031920, ndraw=40, logz=-714.71, remainder_fraction=49.8448%, Lmin=-707.02, Lmax=-705.66
15:02:39 [ultranest] [DEBUG] iteration=3312, ncalls=26185, regioncalls=1032120, ndraw=40, logz=-714.71, remainder_fraction=49.7848%, Lmin=-707.01, Lmax=-705.66
15:02:40 [ultranest] [DEBUG] iteration=3313, ncalls=26193, regioncalls=1032440, ndraw=40, logz=-714.71, remainder_fraction=49.7187%, Lmin=-707.01, Lmax=-705.66
15:02:40 [ultranest] [DEBUG] iteration=3315, ncalls=26196, regioncalls=1032560, ndraw=40, logz=-714.71, remainder_fraction=49.5598%, Lmin=-707.00, Lmax=-705.66
15:02:40 [ultranest] [DEBUG] iteration=3316, ncalls=26201, regioncalls=1032760, ndraw=40, logz=-714.70, remainder_fraction=49.4996%, Lmin=-707.00, Lmax=-705.66
15:02:40 [ultranest] [DEBUG] iteration=3317, ncalls=26212, regioncalls=1033200, ndraw=40, logz=-714.70, remainder_fraction=49.4413%, Lmin=-707.00, Lmax=-705.66
15:02:41 [ultranest] [DEBUG] iteration=3319, ncalls=26217, regioncalls=1033400, ndraw=40, logz=-714.70, remainder_fraction=49.3125%, Lmin=-707.00, Lmax=-705.66
15:02:41 [ultranest] [DEBUG] iteration=3320, ncalls=26220, regioncalls=1033520, ndraw=40, logz=-714.70, remainder_fraction=49.2531%, Lmin=-707.00, Lmax=-705.66
15:02:41 [ultranest] [DEBUG] iteration=3321, ncalls=26227, regioncalls=1034040, ndraw=40, logz=-714.70, remainder_fraction=49.1691%, Lmin=-707.00, Lmax=-705.66
15:02:42 [ultranest] [DEBUG] iteration=3323, ncalls=26245, regioncalls=1034760, ndraw=40, logz=-714.69, remainder_fraction=48.9992%, Lmin=-706.99, Lmax=-705.66
15:02:42 [ultranest] [DEBUG] iteration=3324, ncalls=26251, regioncalls=1035000, ndraw=40, logz=-714.69, remainder_fraction=48.9700%, Lmin=-706.99, Lmax=-705.66
15:02:43 [ultranest] [DEBUG] iteration=3326, ncalls=26256, regioncalls=1035200, ndraw=40, logz=-714.69, remainder_fraction=48.7969%, Lmin=-706.99, Lmax=-705.66
15:02:43 [ultranest] [DEBUG] iteration=3327, ncalls=26262, regioncalls=1035440, ndraw=40, logz=-714.69, remainder_fraction=48.7377%, Lmin=-706.99, Lmax=-705.66
15:02:44 [ultranest] [DEBUG] iteration=3329, ncalls=26274, regioncalls=1035920, ndraw=40, logz=-714.69, remainder_fraction=48.5965%, Lmin=-706.98, Lmax=-705.66
15:02:44 [ultranest] [DEBUG] iteration=3331, ncalls=26278, regioncalls=1036080, ndraw=40, logz=-714.68, remainder_fraction=48.4758%, Lmin=-706.97, Lmax=-705.66
15:02:44 [ultranest] [DEBUG] iteration=3333, ncalls=26282, regioncalls=1036240, ndraw=40, logz=-714.68, remainder_fraction=48.3480%, Lmin=-706.97, Lmax=-705.66
15:02:45 [ultranest] [DEBUG] iteration=3334, ncalls=26297, regioncalls=1036840, ndraw=40, logz=-714.68, remainder_fraction=48.2753%, Lmin=-706.97, Lmax=-705.66
15:02:45 [ultranest] [DEBUG] iteration=3335, ncalls=26305, regioncalls=1037160, ndraw=40, logz=-714.68, remainder_fraction=48.2336%, Lmin=-706.97, Lmax=-705.66
15:02:45 [ultranest] [DEBUG] iteration=3336, ncalls=26311, regioncalls=1037400, ndraw=40, logz=-714.68, remainder_fraction=48.1864%, Lmin=-706.97, Lmax=-705.66
15:02:46 [ultranest] [DEBUG] iteration=3337, ncalls=26315, regioncalls=1037560, ndraw=40, logz=-714.68, remainder_fraction=48.1294%, Lmin=-706.97, Lmax=-705.66
15:02:46 [ultranest] [DEBUG] iteration=3339, ncalls=26319, regioncalls=1037720, ndraw=40, logz=-714.67, remainder_fraction=48.0427%, Lmin=-706.96, Lmax=-705.66
15:02:46 [ultranest] [DEBUG] iteration=3341, ncalls=26327, regioncalls=1038040, ndraw=40, logz=-714.67, remainder_fraction=47.8649%, Lmin=-706.96, Lmax=-705.66
15:02:46 [ultranest] [DEBUG] iteration=3342, ncalls=26331, regioncalls=1038200, ndraw=40, logz=-714.67, remainder_fraction=47.7946%, Lmin=-706.96, Lmax=-705.66
15:02:47 [ultranest] [DEBUG] iteration=3344, ncalls=26347, regioncalls=1038840, ndraw=40, logz=-714.67, remainder_fraction=47.6543%, Lmin=-706.95, Lmax=-705.66
15:02:48 [ultranest] [DEBUG] iteration=3345, ncalls=26359, regioncalls=1039320, ndraw=40, logz=-714.67, remainder_fraction=47.5917%, Lmin=-706.95, Lmax=-705.66
15:02:48 [ultranest] [DEBUG] iteration=3346, ncalls=26366, regioncalls=1039600, ndraw=40, logz=-714.66, remainder_fraction=47.5010%, Lmin=-706.95, Lmax=-705.66
15:02:48 [ultranest] [DEBUG] iteration=3348, ncalls=26370, regioncalls=1039760, ndraw=40, logz=-714.66, remainder_fraction=47.3811%, Lmin=-706.95, Lmax=-705.66
15:02:48 [ultranest] [DEBUG] iteration=3349, ncalls=26372, regioncalls=1039840, ndraw=40, logz=-714.66, remainder_fraction=47.2903%, Lmin=-706.94, Lmax=-705.66
15:02:49 [ultranest] [DEBUG] iteration=3350, ncalls=26375, regioncalls=1039960, ndraw=40, logz=-714.66, remainder_fraction=47.2143%, Lmin=-706.94, Lmax=-705.66
15:02:49 [ultranest] [DEBUG] iteration=3351, ncalls=26382, regioncalls=1040240, ndraw=40, logz=-714.66, remainder_fraction=47.1262%, Lmin=-706.94, Lmax=-705.66
15:02:49 [ultranest] [DEBUG] iteration=3352, ncalls=26384, regioncalls=1040320, ndraw=40, logz=-714.66, remainder_fraction=47.0393%, Lmin=-706.94, Lmax=-705.66
15:02:49 [ultranest] [DEBUG] iteration=3353, ncalls=26390, regioncalls=1040560, ndraw=40, logz=-714.65, remainder_fraction=46.9533%, Lmin=-706.94, Lmax=-705.66
15:02:50 [ultranest] [DEBUG] iteration=3355, ncalls=26398, regioncalls=1040880, ndraw=40, logz=-714.65, remainder_fraction=46.7983%, Lmin=-706.93, Lmax=-705.66
15:02:50 [ultranest] [DEBUG] iteration=3357, ncalls=26405, regioncalls=1041160, ndraw=40, logz=-714.65, remainder_fraction=46.6627%, Lmin=-706.93, Lmax=-705.66
15:02:50 [ultranest] [DEBUG] iteration=3358, ncalls=26412, regioncalls=1041440, ndraw=40, logz=-714.65, remainder_fraction=46.5686%, Lmin=-706.93, Lmax=-705.66
15:02:51 [ultranest] [DEBUG] iteration=3359, ncalls=26416, regioncalls=1041600, ndraw=40, logz=-714.65, remainder_fraction=46.4955%, Lmin=-706.93, Lmax=-705.66
15:02:51 [ultranest] [DEBUG] iteration=3360, ncalls=26417, regioncalls=1041640, ndraw=40, logz=-714.65, remainder_fraction=46.4031%, Lmin=-706.93, Lmax=-705.66
15:02:51 [ultranest] [DEBUG] iteration=3361, ncalls=26420, regioncalls=1041760, ndraw=40, logz=-714.64, remainder_fraction=46.3120%, Lmin=-706.93, Lmax=-705.66
15:02:51 [ultranest] [DEBUG] iteration=3362, ncalls=26425, regioncalls=1041960, ndraw=40, logz=-714.64, remainder_fraction=46.2644%, Lmin=-706.93, Lmax=-705.66
15:02:51 [ultranest] [DEBUG] iteration=3364, ncalls=26429, regioncalls=1042120, ndraw=40, logz=-714.64, remainder_fraction=46.0936%, Lmin=-706.92, Lmax=-705.66
15:02:52 [ultranest] [DEBUG] iteration=3365, ncalls=26436, regioncalls=1042400, ndraw=40, logz=-714.64, remainder_fraction=46.0039%, Lmin=-706.92, Lmax=-705.66
15:02:52 [ultranest] [DEBUG] iteration=3367, ncalls=26440, regioncalls=1042560, ndraw=40, logz=-714.64, remainder_fraction=45.9264%, Lmin=-706.92, Lmax=-705.66
15:02:52 [ultranest] [DEBUG] iteration=3368, ncalls=26442, regioncalls=1042640, ndraw=40, logz=-714.64, remainder_fraction=45.8605%, Lmin=-706.92, Lmax=-705.66
15:02:52 [ultranest] [DEBUG] iteration=3370, ncalls=26447, regioncalls=1042840, ndraw=40, logz=-714.63, remainder_fraction=45.7203%, Lmin=-706.91, Lmax=-705.66
15:02:52 [ultranest] [DEBUG] iteration=3372, ncalls=26452, regioncalls=1043040, ndraw=40, logz=-714.63, remainder_fraction=45.5619%, Lmin=-706.90, Lmax=-705.66
15:02:52 [ultranest] [DEBUG] iteration=3373, ncalls=26455, regioncalls=1043160, ndraw=40, logz=-714.63, remainder_fraction=45.4912%, Lmin=-706.90, Lmax=-705.66
15:02:53 [ultranest] [DEBUG] iteration=3374, ncalls=26459, regioncalls=1043320, ndraw=40, logz=-714.63, remainder_fraction=45.4461%, Lmin=-706.90, Lmax=-705.66
15:02:53 [ultranest] [DEBUG] iteration=3376, ncalls=26467, regioncalls=1043640, ndraw=40, logz=-714.63, remainder_fraction=45.3017%, Lmin=-706.89, Lmax=-705.66
15:02:54 [ultranest] [DEBUG] iteration=3378, ncalls=26478, regioncalls=1044080, ndraw=40, logz=-714.62, remainder_fraction=45.1491%, Lmin=-706.89, Lmax=-705.66
15:02:54 [ultranest] [DEBUG] iteration=3379, ncalls=26484, regioncalls=1044320, ndraw=40, logz=-714.62, remainder_fraction=45.0719%, Lmin=-706.89, Lmax=-705.66
15:02:54 [ultranest] [DEBUG] iteration=3380, ncalls=26488, regioncalls=1044480, ndraw=40, logz=-714.62, remainder_fraction=44.9848%, Lmin=-706.88, Lmax=-705.66
15:02:54 [ultranest] [DEBUG] iteration=3381, ncalls=26493, regioncalls=1044680, ndraw=40, logz=-714.62, remainder_fraction=44.9259%, Lmin=-706.88, Lmax=-705.66
15:02:55 [ultranest] [DEBUG] iteration=3382, ncalls=26501, regioncalls=1045000, ndraw=40, logz=-714.62, remainder_fraction=44.8458%, Lmin=-706.88, Lmax=-705.66
15:02:55 [ultranest] [DEBUG] iteration=3383, ncalls=26508, regioncalls=1045280, ndraw=40, logz=-714.62, remainder_fraction=44.7650%, Lmin=-706.88, Lmax=-705.66
15:02:55 [ultranest] [DEBUG] iteration=3385, ncalls=26511, regioncalls=1045400, ndraw=40, logz=-714.61, remainder_fraction=44.6313%, Lmin=-706.88, Lmax=-705.66
15:02:55 [ultranest] [DEBUG] iteration=3387, ncalls=26515, regioncalls=1045560, ndraw=40, logz=-714.61, remainder_fraction=44.4792%, Lmin=-706.88, Lmax=-705.66
15:02:56 [ultranest] [DEBUG] iteration=3388, ncalls=26520, regioncalls=1045760, ndraw=40, logz=-714.61, remainder_fraction=44.4297%, Lmin=-706.87, Lmax=-705.66
15:02:56 [ultranest] [DEBUG] iteration=3389, ncalls=26523, regioncalls=1045880, ndraw=40, logz=-714.61, remainder_fraction=44.3389%, Lmin=-706.87, Lmax=-705.66
15:02:56 [ultranest] [DEBUG] iteration=3391, ncalls=26526, regioncalls=1046000, ndraw=40, logz=-714.61, remainder_fraction=44.2311%, Lmin=-706.87, Lmax=-705.66
15:02:56 [ultranest] [DEBUG] iteration=3393, ncalls=26537, regioncalls=1046440, ndraw=40, logz=-714.60, remainder_fraction=44.0692%, Lmin=-706.87, Lmax=-705.66
15:02:57 [ultranest] [DEBUG] iteration=3394, ncalls=26540, regioncalls=1046560, ndraw=40, logz=-714.60, remainder_fraction=44.0136%, Lmin=-706.87, Lmax=-705.66
15:02:57 [ultranest] [DEBUG] iteration=3395, ncalls=26544, regioncalls=1046720, ndraw=40, logz=-714.60, remainder_fraction=43.9616%, Lmin=-706.87, Lmax=-705.66
15:02:57 [ultranest] [DEBUG] iteration=3396, ncalls=26552, regioncalls=1047040, ndraw=40, logz=-714.60, remainder_fraction=43.8746%, Lmin=-706.86, Lmax=-705.66
15:02:57 [ultranest] [DEBUG] iteration=3397, ncalls=26557, regioncalls=1047240, ndraw=40, logz=-714.60, remainder_fraction=43.7854%, Lmin=-706.86, Lmax=-705.66
15:02:58 [ultranest] [DEBUG] iteration=3399, ncalls=26560, regioncalls=1047360, ndraw=40, logz=-714.60, remainder_fraction=43.6553%, Lmin=-706.86, Lmax=-705.66
15:02:59 [ultranest] [DEBUG] iteration=3400, ncalls=26584, regioncalls=1048320, ndraw=40, logz=-714.60, remainder_fraction=43.5976%, Lmin=-706.85, Lmax=-705.66
15:03:00 [ultranest] [DEBUG] iteration=3402, ncalls=26599, regioncalls=1048920, ndraw=40, logz=-714.59, remainder_fraction=43.4361%, Lmin=-706.85, Lmax=-705.66
15:03:00 [ultranest] [DEBUG] iteration=3403, ncalls=26604, regioncalls=1049120, ndraw=40, logz=-714.59, remainder_fraction=43.3509%, Lmin=-706.85, Lmax=-705.66
15:03:00 [ultranest] [DEBUG] iteration=3404, ncalls=26612, regioncalls=1049440, ndraw=40, logz=-714.59, remainder_fraction=43.2695%, Lmin=-706.85, Lmax=-705.66
15:03:00 [ultranest] [DEBUG] iteration=3406, ncalls=26617, regioncalls=1049640, ndraw=40, logz=-714.59, remainder_fraction=43.1156%, Lmin=-706.84, Lmax=-705.66
15:03:01 [ultranest] [DEBUG] iteration=3407, ncalls=26620, regioncalls=1049760, ndraw=40, logz=-714.59, remainder_fraction=43.0291%, Lmin=-706.84, Lmax=-705.66
15:03:01 [ultranest] [DEBUG] iteration=3408, ncalls=26622, regioncalls=1049840, ndraw=40, logz=-714.59, remainder_fraction=42.9520%, Lmin=-706.84, Lmax=-705.66
15:03:01 [ultranest] [DEBUG] iteration=3410, ncalls=26630, regioncalls=1050160, ndraw=40, logz=-714.58, remainder_fraction=42.7990%, Lmin=-706.83, Lmax=-705.66
15:03:01 [ultranest] [DEBUG] iteration=3411, ncalls=26635, regioncalls=1050360, ndraw=40, logz=-714.58, remainder_fraction=42.7717%, Lmin=-706.83, Lmax=-705.66
15:03:02 [ultranest] [DEBUG] iteration=3412, ncalls=26641, regioncalls=1050600, ndraw=40, logz=-714.58, remainder_fraction=42.7058%, Lmin=-706.83, Lmax=-705.66
15:03:02 [ultranest] [DEBUG] iteration=3414, ncalls=26644, regioncalls=1050720, ndraw=40, logz=-714.58, remainder_fraction=42.6064%, Lmin=-706.83, Lmax=-705.66
15:03:02 [ultranest] [DEBUG] iteration=3415, ncalls=26649, regioncalls=1050920, ndraw=40, logz=-714.58, remainder_fraction=42.5290%, Lmin=-706.83, Lmax=-705.66
15:03:03 [ultranest] [DEBUG] iteration=3417, ncalls=26660, regioncalls=1051360, ndraw=40, logz=-714.58, remainder_fraction=42.3723%, Lmin=-706.82, Lmax=-705.66
15:03:03 [ultranest] [DEBUG] iteration=3418, ncalls=26667, regioncalls=1051640, ndraw=40, logz=-714.57, remainder_fraction=42.3043%, Lmin=-706.82, Lmax=-705.66
15:03:03 [ultranest] [DEBUG] iteration=3419, ncalls=26670, regioncalls=1051760, ndraw=40, logz=-714.57, remainder_fraction=42.2595%, Lmin=-706.82, Lmax=-705.66
15:03:03 [ultranest] [DEBUG] iteration=3420, ncalls=26677, regioncalls=1052040, ndraw=40, logz=-714.57, remainder_fraction=42.1791%, Lmin=-706.82, Lmax=-705.66
15:03:04 [ultranest] [DEBUG] iteration=3421, ncalls=26681, regioncalls=1052200, ndraw=40, logz=-714.57, remainder_fraction=42.0922%, Lmin=-706.82, Lmax=-705.66
15:03:04 [ultranest] [DEBUG] iteration=3423, ncalls=26693, regioncalls=1052680, ndraw=40, logz=-714.57, remainder_fraction=41.9349%, Lmin=-706.82, Lmax=-705.66
15:03:05 [ultranest] [DEBUG] iteration=3424, ncalls=26708, regioncalls=1053280, ndraw=40, logz=-714.57, remainder_fraction=41.8663%, Lmin=-706.82, Lmax=-705.66
15:03:06 [ultranest] [DEBUG] iteration=3426, ncalls=26720, regioncalls=1053760, ndraw=40, logz=-714.57, remainder_fraction=41.7188%, Lmin=-706.81, Lmax=-705.66
15:03:06 [ultranest] [DEBUG] iteration=3427, ncalls=26726, regioncalls=1054000, ndraw=40, logz=-714.56, remainder_fraction=41.6583%, Lmin=-706.81, Lmax=-705.66
15:03:06 [ultranest] [DEBUG] iteration=3429, ncalls=26728, regioncalls=1054080, ndraw=40, logz=-714.56, remainder_fraction=41.5030%, Lmin=-706.81, Lmax=-705.66
15:03:07 [ultranest] [DEBUG] iteration=3430, ncalls=26743, regioncalls=1054680, ndraw=40, logz=-714.56, remainder_fraction=41.4556%, Lmin=-706.81, Lmax=-705.66
15:03:07 [ultranest] [DEBUG] iteration=3431, ncalls=26753, regioncalls=1055080, ndraw=40, logz=-714.56, remainder_fraction=41.3931%, Lmin=-706.80, Lmax=-705.66
15:03:08 [ultranest] [DEBUG] iteration=3432, ncalls=26764, regioncalls=1055520, ndraw=40, logz=-714.56, remainder_fraction=41.3138%, Lmin=-706.80, Lmax=-705.66
15:03:08 [ultranest] [DEBUG] iteration=3433, ncalls=26768, regioncalls=1055680, ndraw=40, logz=-714.56, remainder_fraction=41.2337%, Lmin=-706.80, Lmax=-705.66
15:03:08 [ultranest] [DEBUG] iteration=3434, ncalls=26778, regioncalls=1056080, ndraw=40, logz=-714.56, remainder_fraction=41.1517%, Lmin=-706.80, Lmax=-705.66
15:03:09 [ultranest] [DEBUG] iteration=3435, ncalls=26786, regioncalls=1056400, ndraw=40, logz=-714.56, remainder_fraction=41.0834%, Lmin=-706.80, Lmax=-705.66
15:03:10 [ultranest] [DEBUG] iteration=3437, ncalls=26808, regioncalls=1057280, ndraw=40, logz=-714.55, remainder_fraction=40.9446%, Lmin=-706.80, Lmax=-705.66
15:03:10 [ultranest] [DEBUG] iteration=3438, ncalls=26819, regioncalls=1057720, ndraw=40, logz=-714.55, remainder_fraction=40.8984%, Lmin=-706.80, Lmax=-705.66
15:03:11 [ultranest] [DEBUG] iteration=3439, ncalls=26826, regioncalls=1058000, ndraw=40, logz=-714.55, remainder_fraction=40.8148%, Lmin=-706.80, Lmax=-705.66
15:03:11 [ultranest] [DEBUG] iteration=3440, ncalls=26832, regioncalls=1058240, ndraw=40, logz=-714.55, remainder_fraction=40.7304%, Lmin=-706.80, Lmax=-705.66
15:03:11 [ultranest] [DEBUG] iteration=3441, ncalls=26835, regioncalls=1058360, ndraw=40, logz=-714.55, remainder_fraction=40.6704%, Lmin=-706.79, Lmax=-705.66
15:03:11 [ultranest] [DEBUG] iteration=3442, ncalls=26840, regioncalls=1058560, ndraw=40, logz=-714.55, remainder_fraction=40.6031%, Lmin=-706.79, Lmax=-705.66
15:03:12 [ultranest] [DEBUG] iteration=3443, ncalls=26843, regioncalls=1058680, ndraw=40, logz=-714.55, remainder_fraction=40.5731%, Lmin=-706.79, Lmax=-705.66
15:03:12 [ultranest] [DEBUG] iteration=3444, ncalls=26845, regioncalls=1058760, ndraw=40, logz=-714.55, remainder_fraction=40.5039%, Lmin=-706.79, Lmax=-705.66
15:03:12 [ultranest] [DEBUG] iteration=3445, ncalls=26848, regioncalls=1058880, ndraw=40, logz=-714.54, remainder_fraction=40.4235%, Lmin=-706.79, Lmax=-705.66
15:03:12 [ultranest] [DEBUG] iteration=3447, ncalls=26853, regioncalls=1059080, ndraw=40, logz=-714.54, remainder_fraction=40.2798%, Lmin=-706.78, Lmax=-705.66
15:03:12 [ultranest] [DEBUG] iteration=3448, ncalls=26856, regioncalls=1059200, ndraw=40, logz=-714.54, remainder_fraction=40.1956%, Lmin=-706.78, Lmax=-705.66
15:03:13 [ultranest] [DEBUG] iteration=3449, ncalls=26866, regioncalls=1059600, ndraw=40, logz=-714.54, remainder_fraction=40.1626%, Lmin=-706.78, Lmax=-705.66
15:03:13 [ultranest] [DEBUG] iteration=3450, ncalls=26874, regioncalls=1059920, ndraw=40, logz=-714.54, remainder_fraction=40.0932%, Lmin=-706.78, Lmax=-705.66
15:03:14 [ultranest] [DEBUG] iteration=3452, ncalls=26882, regioncalls=1060240, ndraw=40, logz=-714.54, remainder_fraction=39.9762%, Lmin=-706.78, Lmax=-705.66
15:03:14 [ultranest] [DEBUG] iteration=3453, ncalls=26890, regioncalls=1060560, ndraw=40, logz=-714.54, remainder_fraction=39.9386%, Lmin=-706.78, Lmax=-705.66
15:03:14 [ultranest] [DEBUG] iteration=3454, ncalls=26893, regioncalls=1060680, ndraw=40, logz=-714.53, remainder_fraction=39.8788%, Lmin=-706.78, Lmax=-705.66
15:03:14 [ultranest] [DEBUG] iteration=3455, ncalls=26895, regioncalls=1060760, ndraw=40, logz=-714.53, remainder_fraction=39.8161%, Lmin=-706.78, Lmax=-705.66
15:03:14 [ultranest] [DEBUG] iteration=3456, ncalls=26898, regioncalls=1060880, ndraw=40, logz=-714.53, remainder_fraction=39.7396%, Lmin=-706.78, Lmax=-705.66
15:03:14 [ultranest] [DEBUG] iteration=3457, ncalls=26900, regioncalls=1060960, ndraw=40, logz=-714.53, remainder_fraction=39.6637%, Lmin=-706.77, Lmax=-705.66
15:03:15 [ultranest] [DEBUG] iteration=3458, ncalls=26921, regioncalls=1061800, ndraw=40, logz=-714.53, remainder_fraction=39.5922%, Lmin=-706.77, Lmax=-705.66
15:03:16 [ultranest] [DEBUG] iteration=3459, ncalls=26925, regioncalls=1061960, ndraw=40, logz=-714.53, remainder_fraction=39.5181%, Lmin=-706.77, Lmax=-705.66
15:03:16 [ultranest] [DEBUG] iteration=3460, ncalls=26931, regioncalls=1062200, ndraw=40, logz=-714.53, remainder_fraction=39.4475%, Lmin=-706.77, Lmax=-705.66
15:03:16 [ultranest] [DEBUG] iteration=3461, ncalls=26934, regioncalls=1062320, ndraw=40, logz=-714.53, remainder_fraction=39.4062%, Lmin=-706.77, Lmax=-705.66
15:03:17 [ultranest] [DEBUG] iteration=3462, ncalls=26951, regioncalls=1063000, ndraw=40, logz=-714.53, remainder_fraction=39.3577%, Lmin=-706.77, Lmax=-705.66
15:03:17 [ultranest] [DEBUG] iteration=3463, ncalls=26959, regioncalls=1063320, ndraw=40, logz=-714.53, remainder_fraction=39.2999%, Lmin=-706.76, Lmax=-705.66
15:03:17 [ultranest] [DEBUG] iteration=3464, ncalls=26961, regioncalls=1063400, ndraw=40, logz=-714.52, remainder_fraction=39.2252%, Lmin=-706.76, Lmax=-705.66
15:03:18 [ultranest] [DEBUG] iteration=3466, ncalls=26971, regioncalls=1063800, ndraw=40, logz=-714.52, remainder_fraction=39.0613%, Lmin=-706.75, Lmax=-705.66
15:03:18 [ultranest] [DEBUG] iteration=3468, ncalls=26979, regioncalls=1064120, ndraw=40, logz=-714.52, remainder_fraction=38.9286%, Lmin=-706.75, Lmax=-705.66
15:03:19 [ultranest] [DEBUG] iteration=3469, ncalls=26983, regioncalls=1064280, ndraw=40, logz=-714.52, remainder_fraction=38.8538%, Lmin=-706.75, Lmax=-705.66
15:03:19 [ultranest] [DEBUG] iteration=3471, ncalls=26989, regioncalls=1064520, ndraw=40, logz=-714.52, remainder_fraction=38.7139%, Lmin=-706.75, Lmax=-705.66
15:03:19 [ultranest] [DEBUG] iteration=3472, ncalls=26992, regioncalls=1064640, ndraw=40, logz=-714.52, remainder_fraction=38.6340%, Lmin=-706.75, Lmax=-705.66
15:03:19 [ultranest] [DEBUG] iteration=3473, ncalls=26999, regioncalls=1064920, ndraw=40, logz=-714.52, remainder_fraction=38.5732%, Lmin=-706.75, Lmax=-705.66
15:03:20 [ultranest] [DEBUG] iteration=3475, ncalls=27011, regioncalls=1065400, ndraw=40, logz=-714.51, remainder_fraction=38.4252%, Lmin=-706.75, Lmax=-705.66
15:03:21 [ultranest] [DEBUG] iteration=3476, ncalls=27025, regioncalls=1065960, ndraw=40, logz=-714.51, remainder_fraction=38.4011%, Lmin=-706.75, Lmax=-705.66
15:03:21 [ultranest] [DEBUG] iteration=3477, ncalls=27037, regioncalls=1066440, ndraw=40, logz=-714.51, remainder_fraction=38.3312%, Lmin=-706.74, Lmax=-705.66
15:03:22 [ultranest] [DEBUG] iteration=3479, ncalls=27055, regioncalls=1067160, ndraw=40, logz=-714.51, remainder_fraction=38.1820%, Lmin=-706.74, Lmax=-705.66
15:03:23 [ultranest] [DEBUG] iteration=3480, ncalls=27078, regioncalls=1068080, ndraw=40, logz=-714.51, remainder_fraction=38.1449%, Lmin=-706.74, Lmax=-705.66
15:03:23 [ultranest] [DEBUG] iteration=3481, ncalls=27081, regioncalls=1068200, ndraw=40, logz=-714.51, remainder_fraction=38.0664%, Lmin=-706.74, Lmax=-705.66
15:03:24 [ultranest] [DEBUG] iteration=3482, ncalls=27085, regioncalls=1068360, ndraw=40, logz=-714.51, remainder_fraction=37.9948%, Lmin=-706.74, Lmax=-705.66
15:03:24 [ultranest] [DEBUG] iteration=3483, ncalls=27089, regioncalls=1068520, ndraw=40, logz=-714.51, remainder_fraction=37.9161%, Lmin=-706.73, Lmax=-705.66
15:03:24 [ultranest] [DEBUG] iteration=3484, ncalls=27101, regioncalls=1069000, ndraw=40, logz=-714.50, remainder_fraction=37.8851%, Lmin=-706.73, Lmax=-705.66
15:03:25 [ultranest] [DEBUG] iteration=3485, ncalls=27108, regioncalls=1069280, ndraw=40, logz=-714.50, remainder_fraction=37.8228%, Lmin=-706.73, Lmax=-705.66
15:03:25 [ultranest] [DEBUG] iteration=3488, ncalls=27126, regioncalls=1070000, ndraw=40, logz=-714.50, remainder_fraction=37.6212%, Lmin=-706.72, Lmax=-705.66
15:03:26 [ultranest] [DEBUG] iteration=3489, ncalls=27144, regioncalls=1070720, ndraw=40, logz=-714.50, remainder_fraction=37.5573%, Lmin=-706.72, Lmax=-705.66
15:03:27 [ultranest] [DEBUG] iteration=3490, ncalls=27147, regioncalls=1070840, ndraw=40, logz=-714.50, remainder_fraction=37.4766%, Lmin=-706.72, Lmax=-705.66
15:03:27 [ultranest] [DEBUG] iteration=3491, ncalls=27151, regioncalls=1071000, ndraw=40, logz=-714.50, remainder_fraction=37.4109%, Lmin=-706.72, Lmax=-705.66
15:03:27 [ultranest] [DEBUG] iteration=3492, ncalls=27161, regioncalls=1071400, ndraw=40, logz=-714.50, remainder_fraction=37.3319%, Lmin=-706.72, Lmax=-705.66
15:03:27 [ultranest] [DEBUG] iteration=3493, ncalls=27164, regioncalls=1071520, ndraw=40, logz=-714.50, remainder_fraction=37.2706%, Lmin=-706.72, Lmax=-705.66
15:03:28 [ultranest] [DEBUG] iteration=3494, ncalls=27178, regioncalls=1072080, ndraw=40, logz=-714.49, remainder_fraction=37.2070%, Lmin=-706.72, Lmax=-705.66
15:03:28 [ultranest] [DEBUG] iteration=3495, ncalls=27182, regioncalls=1072240, ndraw=40, logz=-714.49, remainder_fraction=37.1266%, Lmin=-706.72, Lmax=-705.66
15:03:29 [ultranest] [DEBUG] iteration=3497, ncalls=27188, regioncalls=1072480, ndraw=40, logz=-714.49, remainder_fraction=36.9781%, Lmin=-706.71, Lmax=-705.66
15:03:29 [ultranest] [DEBUG] iteration=3498, ncalls=27202, regioncalls=1073040, ndraw=40, logz=-714.49, remainder_fraction=36.8976%, Lmin=-706.71, Lmax=-705.66
15:03:29 [ultranest] [DEBUG] iteration=3499, ncalls=27204, regioncalls=1073120, ndraw=40, logz=-714.49, remainder_fraction=36.8242%, Lmin=-706.71, Lmax=-705.66
15:03:30 [ultranest] [DEBUG] iteration=3500, ncalls=27209, regioncalls=1073320, ndraw=40, logz=-714.49, remainder_fraction=36.7598%, Lmin=-706.71, Lmax=-705.66
15:03:30 [ultranest] [DEBUG] iteration=3501, ncalls=27212, regioncalls=1074000, ndraw=40, logz=-714.49, remainder_fraction=36.7424%, Lmin=-706.71, Lmax=-705.66
15:03:30 [ultranest] [DEBUG] iteration=3502, ncalls=27222, regioncalls=1074400, ndraw=40, logz=-714.49, remainder_fraction=36.7006%, Lmin=-706.71, Lmax=-705.66
15:03:30 [ultranest] [DEBUG] iteration=3504, ncalls=27227, regioncalls=1074600, ndraw=40, logz=-714.48, remainder_fraction=36.5889%, Lmin=-706.70, Lmax=-705.66
15:03:31 [ultranest] [DEBUG] iteration=3505, ncalls=27231, regioncalls=1074760, ndraw=40, logz=-714.48, remainder_fraction=36.5582%, Lmin=-706.70, Lmax=-705.66
15:03:31 [ultranest] [DEBUG] iteration=3507, ncalls=27236, regioncalls=1074960, ndraw=40, logz=-714.48, remainder_fraction=36.4292%, Lmin=-706.70, Lmax=-705.66
15:03:31 [ultranest] [DEBUG] iteration=3508, ncalls=27246, regioncalls=1075360, ndraw=40, logz=-714.48, remainder_fraction=36.3876%, Lmin=-706.70, Lmax=-705.66
15:03:32 [ultranest] [DEBUG] iteration=3509, ncalls=27249, regioncalls=1075480, ndraw=40, logz=-714.48, remainder_fraction=36.3678%, Lmin=-706.70, Lmax=-705.66
15:03:32 [ultranest] [DEBUG] iteration=3510, ncalls=27254, regioncalls=1075680, ndraw=40, logz=-714.48, remainder_fraction=36.2902%, Lmin=-706.70, Lmax=-705.66
15:03:33 [ultranest] [DEBUG] iteration=3511, ncalls=27270, regioncalls=1076320, ndraw=40, logz=-714.48, remainder_fraction=36.2536%, Lmin=-706.70, Lmax=-705.66
15:03:33 [ultranest] [DEBUG] iteration=3513, ncalls=27274, regioncalls=1076480, ndraw=40, logz=-714.48, remainder_fraction=36.1057%, Lmin=-706.70, Lmax=-705.66
15:03:33 [ultranest] [DEBUG] iteration=3515, ncalls=27277, regioncalls=1076600, ndraw=40, logz=-714.47, remainder_fraction=35.9795%, Lmin=-706.69, Lmax=-705.66
15:03:33 [ultranest] [DEBUG] iteration=3518, ncalls=27284, regioncalls=1076880, ndraw=40, logz=-714.47, remainder_fraction=35.8691%, Lmin=-706.68, Lmax=-705.66
15:03:33 [ultranest] [DEBUG] iteration=3519, ncalls=27286, regioncalls=1076960, ndraw=40, logz=-714.47, remainder_fraction=35.8232%, Lmin=-706.68, Lmax=-705.66
15:03:34 [ultranest] [DEBUG] iteration=3521, ncalls=27290, regioncalls=1077120, ndraw=40, logz=-714.47, remainder_fraction=35.6746%, Lmin=-706.67, Lmax=-705.66
15:03:34 [ultranest] [DEBUG] iteration=3523, ncalls=27295, regioncalls=1077320, ndraw=40, logz=-714.47, remainder_fraction=35.5555%, Lmin=-706.67, Lmax=-705.66
15:03:34 [ultranest] [DEBUG] iteration=3524, ncalls=27299, regioncalls=1077480, ndraw=40, logz=-714.47, remainder_fraction=35.4997%, Lmin=-706.67, Lmax=-705.66
15:03:34 [ultranest] [DEBUG] iteration=3526, ncalls=27303, regioncalls=1077640, ndraw=40, logz=-714.46, remainder_fraction=35.3546%, Lmin=-706.66, Lmax=-705.66
15:03:34 [ultranest] [DEBUG] iteration=3527, ncalls=27307, regioncalls=1077800, ndraw=40, logz=-714.46, remainder_fraction=35.2981%, Lmin=-706.66, Lmax=-705.66
15:03:34 [ultranest] [DEBUG] iteration=3528, ncalls=27310, regioncalls=1077920, ndraw=40, logz=-714.46, remainder_fraction=35.2272%, Lmin=-706.66, Lmax=-705.66
15:03:35 [ultranest] [DEBUG] iteration=3530, ncalls=27315, regioncalls=1078120, ndraw=40, logz=-714.46, remainder_fraction=35.0737%, Lmin=-706.66, Lmax=-705.66
15:03:35 [ultranest] [DEBUG] iteration=3531, ncalls=27319, regioncalls=1078280, ndraw=40, logz=-714.46, remainder_fraction=35.0041%, Lmin=-706.66, Lmax=-705.66
15:03:35 [ultranest] [DEBUG] iteration=3532, ncalls=27324, regioncalls=1078480, ndraw=40, logz=-714.46, remainder_fraction=34.9330%, Lmin=-706.66, Lmax=-705.66
15:03:35 [ultranest] [DEBUG] iteration=3534, ncalls=27329, regioncalls=1078680, ndraw=40, logz=-714.46, remainder_fraction=34.8161%, Lmin=-706.65, Lmax=-705.66
15:03:36 [ultranest] [DEBUG] iteration=3535, ncalls=27335, regioncalls=1078920, ndraw=40, logz=-714.46, remainder_fraction=34.7733%, Lmin=-706.65, Lmax=-705.66
15:03:36 [ultranest] [DEBUG] iteration=3537, ncalls=27339, regioncalls=1079080, ndraw=40, logz=-714.45, remainder_fraction=34.6349%, Lmin=-706.65, Lmax=-705.66
15:03:36 [ultranest] [DEBUG] iteration=3538, ncalls=27344, regioncalls=1079280, ndraw=40, logz=-714.45, remainder_fraction=34.5945%, Lmin=-706.65, Lmax=-705.66
15:03:36 [ultranest] [DEBUG] iteration=3539, ncalls=27350, regioncalls=1079520, ndraw=40, logz=-714.45, remainder_fraction=34.5251%, Lmin=-706.65, Lmax=-705.66
15:03:37 [ultranest] [DEBUG] iteration=3541, ncalls=27359, regioncalls=1079880, ndraw=40, logz=-714.45, remainder_fraction=34.4433%, Lmin=-706.65, Lmax=-705.66
15:03:37 [ultranest] [DEBUG] iteration=3542, ncalls=27365, regioncalls=1080120, ndraw=40, logz=-714.45, remainder_fraction=34.3782%, Lmin=-706.65, Lmax=-705.66
15:03:37 [ultranest] [DEBUG] iteration=3543, ncalls=27368, regioncalls=1080240, ndraw=40, logz=-714.45, remainder_fraction=34.3035%, Lmin=-706.64, Lmax=-705.66
15:03:37 [ultranest] [DEBUG] iteration=3545, ncalls=27372, regioncalls=1080400, ndraw=40, logz=-714.45, remainder_fraction=34.1870%, Lmin=-706.64, Lmax=-705.66
15:03:38 [ultranest] [DEBUG] iteration=3547, ncalls=27377, regioncalls=1080600, ndraw=40, logz=-714.45, remainder_fraction=34.0433%, Lmin=-706.64, Lmax=-705.66
15:03:38 [ultranest] [DEBUG] iteration=3548, ncalls=27380, regioncalls=1080720, ndraw=40, logz=-714.44, remainder_fraction=33.9738%, Lmin=-706.64, Lmax=-705.66
15:03:38 [ultranest] [DEBUG] iteration=3550, ncalls=27385, regioncalls=1080920, ndraw=40, logz=-714.44, remainder_fraction=33.8517%, Lmin=-706.64, Lmax=-705.66
15:03:38 [ultranest] [DEBUG] iteration=3551, ncalls=27388, regioncalls=1081040, ndraw=40, logz=-714.44, remainder_fraction=33.7796%, Lmin=-706.64, Lmax=-705.66
15:03:38 [ultranest] [DEBUG] iteration=3552, ncalls=27390, regioncalls=1081120, ndraw=40, logz=-714.44, remainder_fraction=33.7101%, Lmin=-706.64, Lmax=-705.66
15:03:39 [ultranest] [DEBUG] iteration=3553, ncalls=27406, regioncalls=1081760, ndraw=40, logz=-714.44, remainder_fraction=33.6758%, Lmin=-706.64, Lmax=-705.66
15:03:39 [ultranest] [DEBUG] iteration=3554, ncalls=27410, regioncalls=1081920, ndraw=40, logz=-714.44, remainder_fraction=33.6367%, Lmin=-706.63, Lmax=-705.66
15:03:39 [ultranest] [DEBUG] iteration=3555, ncalls=27413, regioncalls=1082040, ndraw=40, logz=-714.44, remainder_fraction=33.5622%, Lmin=-706.63, Lmax=-705.66
15:03:40 [ultranest] [DEBUG] iteration=3556, ncalls=27417, regioncalls=1082200, ndraw=40, logz=-714.44, remainder_fraction=33.4903%, Lmin=-706.63, Lmax=-705.66
15:03:40 [ultranest] [DEBUG] iteration=3557, ncalls=27419, regioncalls=1082280, ndraw=40, logz=-714.44, remainder_fraction=33.4173%, Lmin=-706.63, Lmax=-705.66
15:03:41 [ultranest] [DEBUG] iteration=3558, ncalls=27436, regioncalls=1082960, ndraw=40, logz=-714.44, remainder_fraction=33.3765%, Lmin=-706.63, Lmax=-705.66
15:03:41 [ultranest] [DEBUG] iteration=3560, ncalls=27439, regioncalls=1083080, ndraw=40, logz=-714.43, remainder_fraction=33.2548%, Lmin=-706.63, Lmax=-705.66
15:03:41 [ultranest] [DEBUG] iteration=3562, ncalls=27445, regioncalls=1083320, ndraw=40, logz=-714.43, remainder_fraction=33.1179%, Lmin=-706.63, Lmax=-705.66
15:03:41 [ultranest] [DEBUG] iteration=3563, ncalls=27449, regioncalls=1083480, ndraw=40, logz=-714.43, remainder_fraction=33.0841%, Lmin=-706.63, Lmax=-705.66
15:03:41 [ultranest] [DEBUG] iteration=3566, ncalls=27455, regioncalls=1083720, ndraw=40, logz=-714.43, remainder_fraction=32.9395%, Lmin=-706.62, Lmax=-705.66
15:03:43 [ultranest] [DEBUG] iteration=3567, ncalls=27477, regioncalls=1084600, ndraw=40, logz=-714.43, remainder_fraction=32.8979%, Lmin=-706.62, Lmax=-705.66
15:03:43 [ultranest] [DEBUG] iteration=3569, ncalls=27481, regioncalls=1084760, ndraw=40, logz=-714.43, remainder_fraction=32.8179%, Lmin=-706.61, Lmax=-705.66
15:03:43 [ultranest] [DEBUG] iteration=3570, ncalls=27492, regioncalls=1085200, ndraw=40, logz=-714.43, remainder_fraction=32.7599%, Lmin=-706.61, Lmax=-705.66
15:03:44 [ultranest] [DEBUG] iteration=3571, ncalls=27501, regioncalls=1085560, ndraw=40, logz=-714.42, remainder_fraction=32.6919%, Lmin=-706.61, Lmax=-705.66
15:03:44 [ultranest] [DEBUG] iteration=3572, ncalls=27505, regioncalls=1085720, ndraw=40, logz=-714.42, remainder_fraction=32.6203%, Lmin=-706.61, Lmax=-705.66
15:03:44 [ultranest] [DEBUG] iteration=3574, ncalls=27512, regioncalls=1086000, ndraw=40, logz=-714.42, remainder_fraction=32.5183%, Lmin=-706.61, Lmax=-705.66
15:03:45 [ultranest] [DEBUG] iteration=3575, ncalls=27518, regioncalls=1086240, ndraw=40, logz=-714.42, remainder_fraction=32.4480%, Lmin=-706.61, Lmax=-705.66
15:03:45 [ultranest] [DEBUG] iteration=3576, ncalls=27525, regioncalls=1086520, ndraw=40, logz=-714.42, remainder_fraction=32.3794%, Lmin=-706.61, Lmax=-705.66
15:03:45 [ultranest] [DEBUG] iteration=3578, ncalls=27530, regioncalls=1086720, ndraw=40, logz=-714.42, remainder_fraction=32.2955%, Lmin=-706.60, Lmax=-705.66
15:03:45 [ultranest] [DEBUG] iteration=3579, ncalls=27534, regioncalls=1086880, ndraw=40, logz=-714.42, remainder_fraction=32.2329%, Lmin=-706.60, Lmax=-705.66
15:03:46 [ultranest] [DEBUG] iteration=3580, ncalls=27551, regioncalls=1087560, ndraw=40, logz=-714.42, remainder_fraction=32.2014%, Lmin=-706.60, Lmax=-705.66
15:03:46 [ultranest] [DEBUG] iteration=3581, ncalls=27555, regioncalls=1087720, ndraw=40, logz=-714.42, remainder_fraction=32.1400%, Lmin=-706.60, Lmax=-705.66
15:03:47 [ultranest] [DEBUG] iteration=3583, ncalls=27558, regioncalls=1087840, ndraw=40, logz=-714.41, remainder_fraction=32.0091%, Lmin=-706.60, Lmax=-705.66
15:03:47 [ultranest] [DEBUG] iteration=3584, ncalls=27561, regioncalls=1087960, ndraw=40, logz=-714.41, remainder_fraction=31.9458%, Lmin=-706.60, Lmax=-705.66
15:03:47 [ultranest] [DEBUG] iteration=3585, ncalls=27563, regioncalls=1088040, ndraw=40, logz=-714.41, remainder_fraction=31.8816%, Lmin=-706.60, Lmax=-705.66
15:03:47 [ultranest] [DEBUG] iteration=3586, ncalls=27572, regioncalls=1088400, ndraw=40, logz=-714.41, remainder_fraction=31.8339%, Lmin=-706.60, Lmax=-705.66
15:03:47 [ultranest] [DEBUG] iteration=3587, ncalls=27576, regioncalls=1088560, ndraw=40, logz=-714.41, remainder_fraction=31.7664%, Lmin=-706.59, Lmax=-705.66
15:03:48 [ultranest] [DEBUG] iteration=3588, ncalls=27580, regioncalls=1088720, ndraw=40, logz=-714.41, remainder_fraction=31.7105%, Lmin=-706.59, Lmax=-705.66
15:03:48 [ultranest] [DEBUG] iteration=3589, ncalls=27589, regioncalls=1089080, ndraw=40, logz=-714.41, remainder_fraction=31.6435%, Lmin=-706.59, Lmax=-705.66
15:03:48 [ultranest] [DEBUG] iteration=3591, ncalls=27593, regioncalls=1089280, ndraw=40, logz=-714.41, remainder_fraction=31.5598%, Lmin=-706.58, Lmax=-705.66
15:03:48 [ultranest] [DEBUG] iteration=3593, ncalls=27597, regioncalls=1089440, ndraw=40, logz=-714.41, remainder_fraction=31.4574%, Lmin=-706.58, Lmax=-705.66
15:03:49 [ultranest] [DEBUG] iteration=3594, ncalls=27604, regioncalls=1089720, ndraw=40, logz=-714.41, remainder_fraction=31.4407%, Lmin=-706.58, Lmax=-705.66
15:03:49 [ultranest] [DEBUG] iteration=3595, ncalls=27607, regioncalls=1089840, ndraw=40, logz=-714.41, remainder_fraction=31.3754%, Lmin=-706.58, Lmax=-705.66
15:03:49 [ultranest] [DEBUG] iteration=3596, ncalls=27619, regioncalls=1090320, ndraw=40, logz=-714.40, remainder_fraction=31.3050%, Lmin=-706.58, Lmax=-705.66
15:03:50 [ultranest] [DEBUG] iteration=3598, ncalls=27624, regioncalls=1090520, ndraw=40, logz=-714.40, remainder_fraction=31.2404%, Lmin=-706.57, Lmax=-705.66
15:03:50 [ultranest] [DEBUG] iteration=3599, ncalls=27635, regioncalls=1090960, ndraw=40, logz=-714.40, remainder_fraction=31.2047%, Lmin=-706.57, Lmax=-705.66
15:03:50 [ultranest] [DEBUG] iteration=3600, ncalls=27637, regioncalls=1091040, ndraw=40, logz=-714.40, remainder_fraction=31.1419%, Lmin=-706.57, Lmax=-705.66
15:03:51 [ultranest] [DEBUG] iteration=3601, ncalls=27647, regioncalls=1091440, ndraw=40, logz=-714.40, remainder_fraction=31.1060%, Lmin=-706.56, Lmax=-705.66
15:03:51 [ultranest] [DEBUG] iteration=3604, ncalls=27652, regioncalls=1091640, ndraw=40, logz=-714.40, remainder_fraction=30.9110%, Lmin=-706.56, Lmax=-705.66
15:03:52 [ultranest] [DEBUG] iteration=3606, ncalls=27660, regioncalls=1091960, ndraw=40, logz=-714.40, remainder_fraction=30.8299%, Lmin=-706.56, Lmax=-705.66
15:03:52 [ultranest] [DEBUG] iteration=3608, ncalls=27669, regioncalls=1092320, ndraw=40, logz=-714.39, remainder_fraction=30.7059%, Lmin=-706.56, Lmax=-705.66
15:03:53 [ultranest] [DEBUG] iteration=3610, ncalls=27681, regioncalls=1092800, ndraw=40, logz=-714.39, remainder_fraction=30.6066%, Lmin=-706.55, Lmax=-705.66
15:03:53 [ultranest] [DEBUG] iteration=3611, ncalls=27686, regioncalls=1093000, ndraw=40, logz=-714.39, remainder_fraction=30.5472%, Lmin=-706.55, Lmax=-705.66
15:03:53 [ultranest] [DEBUG] iteration=3612, ncalls=27692, regioncalls=1093240, ndraw=40, logz=-714.39, remainder_fraction=30.4782%, Lmin=-706.55, Lmax=-705.66
15:03:53 [ultranest] [DEBUG] iteration=3613, ncalls=27696, regioncalls=1093400, ndraw=40, logz=-714.39, remainder_fraction=30.4199%, Lmin=-706.55, Lmax=-705.66
15:03:54 [ultranest] [DEBUG] iteration=3614, ncalls=27708, regioncalls=1093880, ndraw=40, logz=-714.39, remainder_fraction=30.3643%, Lmin=-706.55, Lmax=-705.66
15:03:54 [ultranest] [DEBUG] iteration=3616, ncalls=27711, regioncalls=1094000, ndraw=40, logz=-714.39, remainder_fraction=30.2855%, Lmin=-706.55, Lmax=-705.66
15:03:54 [ultranest] [DEBUG] iteration=3618, ncalls=27715, regioncalls=1094160, ndraw=40, logz=-714.39, remainder_fraction=30.1893%, Lmin=-706.54, Lmax=-705.66
15:03:55 [ultranest] [DEBUG] iteration=3619, ncalls=27721, regioncalls=1094400, ndraw=40, logz=-714.39, remainder_fraction=30.1299%, Lmin=-706.54, Lmax=-705.66
15:03:55 [ultranest] [DEBUG] iteration=3620, ncalls=27726, regioncalls=1094600, ndraw=40, logz=-714.39, remainder_fraction=30.0638%, Lmin=-706.54, Lmax=-705.66
15:03:55 [ultranest] [DEBUG] iteration=3621, ncalls=27731, regioncalls=1094800, ndraw=40, logz=-714.38, remainder_fraction=30.0290%, Lmin=-706.54, Lmax=-705.66
15:03:55 [ultranest] [DEBUG] iteration=3622, ncalls=27733, regioncalls=1094880, ndraw=40, logz=-714.38, remainder_fraction=29.9635%, Lmin=-706.54, Lmax=-705.66
15:03:55 [ultranest] [DEBUG] iteration=3624, ncalls=27739, regioncalls=1095120, ndraw=40, logz=-714.38, remainder_fraction=29.8600%, Lmin=-706.54, Lmax=-705.66
15:03:56 [ultranest] [DEBUG] iteration=3626, ncalls=27743, regioncalls=1095280, ndraw=40, logz=-714.38, remainder_fraction=29.7494%, Lmin=-706.54, Lmax=-705.66
15:03:56 [ultranest] [DEBUG] iteration=3627, ncalls=27745, regioncalls=1095360, ndraw=40, logz=-714.38, remainder_fraction=29.7029%, Lmin=-706.54, Lmax=-705.66
15:03:56 [ultranest] [DEBUG] iteration=3628, ncalls=27750, regioncalls=1095560, ndraw=40, logz=-714.38, remainder_fraction=29.6629%, Lmin=-706.54, Lmax=-705.66
15:03:56 [ultranest] [DEBUG] iteration=3629, ncalls=27757, regioncalls=1095840, ndraw=40, logz=-714.38, remainder_fraction=29.5974%, Lmin=-706.53, Lmax=-705.66
15:03:57 [ultranest] [DEBUG] iteration=3630, ncalls=27762, regioncalls=1096040, ndraw=40, logz=-714.38, remainder_fraction=29.5583%, Lmin=-706.53, Lmax=-705.66
15:03:57 [ultranest] [DEBUG] iteration=3632, ncalls=27765, regioncalls=1096160, ndraw=40, logz=-714.38, remainder_fraction=29.4247%, Lmin=-706.53, Lmax=-705.66
15:03:57 [ultranest] [DEBUG] iteration=3633, ncalls=27770, regioncalls=1096360, ndraw=40, logz=-714.38, remainder_fraction=29.4075%, Lmin=-706.53, Lmax=-705.66
15:03:57 [ultranest] [DEBUG] iteration=3634, ncalls=27772, regioncalls=1096440, ndraw=40, logz=-714.37, remainder_fraction=29.3691%, Lmin=-706.53, Lmax=-705.66
15:03:58 [ultranest] [DEBUG] iteration=3636, ncalls=27781, regioncalls=1096800, ndraw=40, logz=-714.37, remainder_fraction=29.2684%, Lmin=-706.53, Lmax=-705.66
15:03:58 [ultranest] [DEBUG] iteration=3637, ncalls=27783, regioncalls=1096880, ndraw=40, logz=-714.37, remainder_fraction=29.2158%, Lmin=-706.52, Lmax=-705.66
15:03:58 [ultranest] [DEBUG] iteration=3638, ncalls=27787, regioncalls=1097040, ndraw=40, logz=-714.37, remainder_fraction=29.1715%, Lmin=-706.52, Lmax=-705.66
15:03:58 [ultranest] [DEBUG] iteration=3639, ncalls=27793, regioncalls=1097280, ndraw=40, logz=-714.37, remainder_fraction=29.1090%, Lmin=-706.52, Lmax=-705.66
15:03:58 [ultranest] [DEBUG] iteration=3640, ncalls=27798, regioncalls=1097480, ndraw=40, logz=-714.37, remainder_fraction=29.0670%, Lmin=-706.52, Lmax=-705.66
15:03:59 [ultranest] [DEBUG] iteration=3642, ncalls=27800, regioncalls=1097560, ndraw=40, logz=-714.37, remainder_fraction=28.9847%, Lmin=-706.51, Lmax=-705.66
15:04:00 [ultranest] [DEBUG] iteration=3643, ncalls=27831, regioncalls=1098800, ndraw=40, logz=-714.37, remainder_fraction=28.9225%, Lmin=-706.51, Lmax=-705.66
15:04:01 [ultranest] [DEBUG] iteration=3645, ncalls=27846, regioncalls=1099400, ndraw=40, logz=-714.37, remainder_fraction=28.8117%, Lmin=-706.51, Lmax=-705.66
15:04:01 [ultranest] [DEBUG] iteration=3647, ncalls=27856, regioncalls=1099800, ndraw=40, logz=-714.37, remainder_fraction=28.7148%, Lmin=-706.51, Lmax=-705.66
15:04:02 [ultranest] [DEBUG] iteration=3648, ncalls=27869, regioncalls=1100320, ndraw=40, logz=-714.36, remainder_fraction=28.6513%, Lmin=-706.51, Lmax=-705.66
15:04:02 [ultranest] [DEBUG] iteration=3649, ncalls=27876, regioncalls=1100600, ndraw=40, logz=-714.36, remainder_fraction=28.6041%, Lmin=-706.51, Lmax=-705.66
15:04:03 [ultranest] [DEBUG] iteration=3650, ncalls=27880, regioncalls=1100760, ndraw=40, logz=-714.36, remainder_fraction=28.5393%, Lmin=-706.50, Lmax=-705.66
15:04:03 [ultranest] [DEBUG] iteration=3651, ncalls=27885, regioncalls=1100960, ndraw=40, logz=-714.36, remainder_fraction=28.4848%, Lmin=-706.50, Lmax=-705.66
15:04:03 [ultranest] [DEBUG] iteration=3652, ncalls=27889, regioncalls=1101120, ndraw=40, logz=-714.36, remainder_fraction=28.4417%, Lmin=-706.50, Lmax=-705.66
15:04:03 [ultranest] [DEBUG] iteration=3654, ncalls=27898, regioncalls=1101480, ndraw=40, logz=-714.36, remainder_fraction=28.3660%, Lmin=-706.50, Lmax=-705.66
15:04:04 [ultranest] [DEBUG] iteration=3655, ncalls=27907, regioncalls=1101840, ndraw=40, logz=-714.36, remainder_fraction=28.3136%, Lmin=-706.50, Lmax=-705.66
15:04:04 [ultranest] [DEBUG] iteration=3656, ncalls=27911, regioncalls=1102000, ndraw=40, logz=-714.36, remainder_fraction=28.2554%, Lmin=-706.50, Lmax=-705.66
15:04:04 [ultranest] [DEBUG] iteration=3658, ncalls=27917, regioncalls=1102240, ndraw=40, logz=-714.36, remainder_fraction=28.1411%, Lmin=-706.50, Lmax=-705.66
15:04:05 [ultranest] [DEBUG] iteration=3659, ncalls=27922, regioncalls=1102440, ndraw=40, logz=-714.36, remainder_fraction=28.1229%, Lmin=-706.50, Lmax=-705.66
15:04:05 [ultranest] [DEBUG] iteration=3660, ncalls=27926, regioncalls=1102600, ndraw=40, logz=-714.36, remainder_fraction=28.1006%, Lmin=-706.49, Lmax=-705.66
15:04:05 [ultranest] [DEBUG] iteration=3662, ncalls=27930, regioncalls=1102760, ndraw=40, logz=-714.35, remainder_fraction=28.0179%, Lmin=-706.49, Lmax=-705.66
15:04:05 [ultranest] [DEBUG] iteration=3664, ncalls=27938, regioncalls=1103080, ndraw=40, logz=-714.35, remainder_fraction=27.9101%, Lmin=-706.49, Lmax=-705.66
15:04:06 [ultranest] [DEBUG] iteration=3665, ncalls=27942, regioncalls=1103240, ndraw=40, logz=-714.35, remainder_fraction=27.8531%, Lmin=-706.49, Lmax=-705.66
15:04:06 [ultranest] [DEBUG] iteration=3666, ncalls=27944, regioncalls=1103320, ndraw=40, logz=-714.35, remainder_fraction=27.7911%, Lmin=-706.49, Lmax=-705.66
15:04:06 [ultranest] [DEBUG] iteration=3667, ncalls=27949, regioncalls=1103520, ndraw=40, logz=-714.35, remainder_fraction=27.7276%, Lmin=-706.48, Lmax=-705.66
15:04:06 [ultranest] [DEBUG] iteration=3668, ncalls=27952, regioncalls=1103640, ndraw=40, logz=-714.35, remainder_fraction=27.6797%, Lmin=-706.48, Lmax=-705.66
15:04:06 [ultranest] [DEBUG] iteration=3670, ncalls=27955, regioncalls=1103760, ndraw=40, logz=-714.35, remainder_fraction=27.6018%, Lmin=-706.48, Lmax=-705.66
15:04:07 [ultranest] [DEBUG] iteration=3671, ncalls=27962, regioncalls=1104040, ndraw=40, logz=-714.35, remainder_fraction=27.5498%, Lmin=-706.48, Lmax=-705.66
15:04:07 [ultranest] [DEBUG] iteration=3672, ncalls=27965, regioncalls=1104160, ndraw=40, logz=-714.35, remainder_fraction=27.5036%, Lmin=-706.48, Lmax=-705.66
15:04:07 [ultranest] [DEBUG] iteration=3673, ncalls=27971, regioncalls=1104400, ndraw=40, logz=-714.35, remainder_fraction=27.4458%, Lmin=-706.48, Lmax=-705.66
15:04:07 [ultranest] [DEBUG] iteration=3676, ncalls=27981, regioncalls=1104800, ndraw=40, logz=-714.35, remainder_fraction=27.2899%, Lmin=-706.48, Lmax=-705.66
15:04:08 [ultranest] [DEBUG] iteration=3678, ncalls=27985, regioncalls=1104960, ndraw=40, logz=-714.34, remainder_fraction=27.1654%, Lmin=-706.47, Lmax=-705.66
15:04:08 [ultranest] [DEBUG] iteration=3679, ncalls=27990, regioncalls=1105160, ndraw=40, logz=-714.34, remainder_fraction=27.1155%, Lmin=-706.47, Lmax=-705.66
15:04:08 [ultranest] [DEBUG] iteration=3680, ncalls=27999, regioncalls=1105520, ndraw=40, logz=-714.34, remainder_fraction=27.0573%, Lmin=-706.47, Lmax=-705.66
15:04:09 [ultranest] [DEBUG] iteration=3682, ncalls=28009, regioncalls=1105920, ndraw=40, logz=-714.34, remainder_fraction=26.9586%, Lmin=-706.47, Lmax=-705.66
15:04:09 [ultranest] [DEBUG] iteration=3683, ncalls=28019, regioncalls=1106320, ndraw=40, logz=-714.34, remainder_fraction=26.9035%, Lmin=-706.47, Lmax=-705.66
15:04:09 [ultranest] [DEBUG] iteration=3684, ncalls=28022, regioncalls=1106440, ndraw=40, logz=-714.34, remainder_fraction=26.8697%, Lmin=-706.47, Lmax=-705.66
15:04:10 [ultranest] [DEBUG] iteration=3685, ncalls=28028, regioncalls=1106680, ndraw=40, logz=-714.34, remainder_fraction=26.8185%, Lmin=-706.47, Lmax=-705.66
15:04:10 [ultranest] [DEBUG] iteration=3686, ncalls=28034, regioncalls=1106920, ndraw=40, logz=-714.34, remainder_fraction=26.7583%, Lmin=-706.47, Lmax=-705.66
15:04:10 [ultranest] [DEBUG] iteration=3687, ncalls=28037, regioncalls=1107040, ndraw=40, logz=-714.34, remainder_fraction=26.7124%, Lmin=-706.47, Lmax=-705.66
15:04:10 [ultranest] [DEBUG] iteration=3688, ncalls=28040, regioncalls=1107160, ndraw=40, logz=-714.34, remainder_fraction=26.6679%, Lmin=-706.47, Lmax=-705.66
15:04:11 [ultranest] [DEBUG] iteration=3689, ncalls=28045, regioncalls=1107360, ndraw=40, logz=-714.34, remainder_fraction=26.6344%, Lmin=-706.46, Lmax=-705.66
15:04:11 [ultranest] [DEBUG] iteration=3690, ncalls=28052, regioncalls=1107640, ndraw=40, logz=-714.34, remainder_fraction=26.5736%, Lmin=-706.46, Lmax=-705.66
15:04:11 [ultranest] [DEBUG] iteration=3692, ncalls=28058, regioncalls=1107880, ndraw=40, logz=-714.33, remainder_fraction=26.5084%, Lmin=-706.46, Lmax=-705.66
15:04:12 [ultranest] [DEBUG] iteration=3694, ncalls=28065, regioncalls=1108160, ndraw=40, logz=-714.33, remainder_fraction=26.4411%, Lmin=-706.46, Lmax=-705.66
15:04:12 [ultranest] [DEBUG] iteration=3695, ncalls=28071, regioncalls=1108400, ndraw=40, logz=-714.33, remainder_fraction=26.4052%, Lmin=-706.46, Lmax=-705.66
15:04:12 [ultranest] [DEBUG] iteration=3696, ncalls=28072, regioncalls=1108440, ndraw=40, logz=-714.33, remainder_fraction=26.3725%, Lmin=-706.46, Lmax=-705.66
15:04:13 [ultranest] [DEBUG] iteration=3697, ncalls=28087, regioncalls=1109040, ndraw=40, logz=-714.33, remainder_fraction=26.3161%, Lmin=-706.45, Lmax=-705.66
15:04:13 [ultranest] [DEBUG] iteration=3699, ncalls=28091, regioncalls=1109200, ndraw=40, logz=-714.33, remainder_fraction=26.2159%, Lmin=-706.45, Lmax=-705.66
15:04:13 [ultranest] [DEBUG] iteration=3701, ncalls=28094, regioncalls=1109320, ndraw=40, logz=-714.33, remainder_fraction=26.1475%, Lmin=-706.45, Lmax=-705.66
15:04:14 [ultranest] [DEBUG] iteration=3703, ncalls=28113, regioncalls=1110080, ndraw=40, logz=-714.33, remainder_fraction=26.0563%, Lmin=-706.45, Lmax=-705.66
15:04:14 [ultranest] [DEBUG] iteration=3704, ncalls=28115, regioncalls=1110160, ndraw=40, logz=-714.33, remainder_fraction=25.9989%, Lmin=-706.45, Lmax=-705.66
15:04:14 [ultranest] [DEBUG] iteration=3705, ncalls=28122, regioncalls=1110440, ndraw=40, logz=-714.33, remainder_fraction=25.9519%, Lmin=-706.45, Lmax=-705.66
15:04:15 [ultranest] [DEBUG] iteration=3706, ncalls=28142, regioncalls=1111240, ndraw=40, logz=-714.33, remainder_fraction=25.9067%, Lmin=-706.44, Lmax=-705.66
15:04:16 [ultranest] [DEBUG] iteration=3707, ncalls=28147, regioncalls=1111440, ndraw=40, logz=-714.32, remainder_fraction=25.8507%, Lmin=-706.44, Lmax=-705.66
15:04:16 [ultranest] [DEBUG] iteration=3709, ncalls=28152, regioncalls=1111640, ndraw=40, logz=-714.32, remainder_fraction=25.7402%, Lmin=-706.44, Lmax=-705.66
15:04:16 [ultranest] [DEBUG] iteration=3710, ncalls=28160, regioncalls=1111960, ndraw=40, logz=-714.32, remainder_fraction=25.6885%, Lmin=-706.44, Lmax=-705.66
15:04:16 [ultranest] [DEBUG] iteration=3712, ncalls=28165, regioncalls=1112160, ndraw=40, logz=-714.32, remainder_fraction=25.5740%, Lmin=-706.44, Lmax=-705.66
15:04:17 [ultranest] [DEBUG] iteration=3713, ncalls=28171, regioncalls=1112400, ndraw=40, logz=-714.32, remainder_fraction=25.5256%, Lmin=-706.44, Lmax=-705.66
15:04:17 [ultranest] [DEBUG] iteration=3715, ncalls=28175, regioncalls=1112560, ndraw=40, logz=-714.32, remainder_fraction=25.4549%, Lmin=-706.44, Lmax=-705.66
15:04:17 [ultranest] [DEBUG] iteration=3716, ncalls=28182, regioncalls=1112840, ndraw=40, logz=-714.32, remainder_fraction=25.4003%, Lmin=-706.43, Lmax=-705.66
15:04:18 [ultranest] [DEBUG] iteration=3717, ncalls=28193, regioncalls=1113280, ndraw=40, logz=-714.32, remainder_fraction=25.3416%, Lmin=-706.43, Lmax=-705.66
15:04:18 [ultranest] [DEBUG] iteration=3718, ncalls=28197, regioncalls=1113440, ndraw=40, logz=-714.32, remainder_fraction=25.2867%, Lmin=-706.43, Lmax=-705.66
15:04:18 [ultranest] [DEBUG] iteration=3719, ncalls=28205, regioncalls=1113760, ndraw=40, logz=-714.32, remainder_fraction=25.2326%, Lmin=-706.43, Lmax=-705.66
15:04:19 [ultranest] [DEBUG] iteration=3720, ncalls=28210, regioncalls=1113960, ndraw=40, logz=-714.32, remainder_fraction=25.1781%, Lmin=-706.43, Lmax=-705.66
15:04:19 [ultranest] [DEBUG] iteration=3721, ncalls=28213, regioncalls=1114080, ndraw=40, logz=-714.32, remainder_fraction=25.1468%, Lmin=-706.43, Lmax=-705.66
15:04:19 [ultranest] [DEBUG] iteration=3722, ncalls=28217, regioncalls=1114240, ndraw=40, logz=-714.32, remainder_fraction=25.0965%, Lmin=-706.43, Lmax=-705.66
15:04:19 [ultranest] [DEBUG] iteration=3724, ncalls=28219, regioncalls=1114320, ndraw=40, logz=-714.31, remainder_fraction=25.0003%, Lmin=-706.43, Lmax=-705.66
15:04:19 [ultranest] [DEBUG] iteration=3725, ncalls=28222, regioncalls=1114440, ndraw=40, logz=-714.31, remainder_fraction=24.9572%, Lmin=-706.43, Lmax=-705.66
15:04:19 [ultranest] [DEBUG] iteration=3726, ncalls=28224, regioncalls=1114520, ndraw=40, logz=-714.31, remainder_fraction=24.9035%, Lmin=-706.42, Lmax=-705.66
15:04:20 [ultranest] [DEBUG] iteration=3727, ncalls=28228, regioncalls=1114680, ndraw=40, logz=-714.31, remainder_fraction=24.8553%, Lmin=-706.42, Lmax=-705.66
15:04:20 [ultranest] [DEBUG] iteration=3728, ncalls=28230, regioncalls=1114760, ndraw=40, logz=-714.31, remainder_fraction=24.8091%, Lmin=-706.42, Lmax=-705.66
15:04:20 [ultranest] [DEBUG] iteration=3729, ncalls=28233, regioncalls=1114880, ndraw=40, logz=-714.31, remainder_fraction=24.7673%, Lmin=-706.42, Lmax=-705.66
15:04:20 [ultranest] [DEBUG] iteration=3730, ncalls=28236, regioncalls=1115000, ndraw=40, logz=-714.31, remainder_fraction=24.7245%, Lmin=-706.42, Lmax=-705.66
15:04:20 [ultranest] [DEBUG] iteration=3732, ncalls=28242, regioncalls=1115240, ndraw=40, logz=-714.31, remainder_fraction=24.6306%, Lmin=-706.42, Lmax=-705.66
15:04:21 [ultranest] [DEBUG] iteration=3733, ncalls=28248, regioncalls=1115480, ndraw=40, logz=-714.31, remainder_fraction=24.5919%, Lmin=-706.42, Lmax=-705.66
15:04:21 [ultranest] [DEBUG] iteration=3735, ncalls=28261, regioncalls=1116000, ndraw=40, logz=-714.31, remainder_fraction=24.5136%, Lmin=-706.42, Lmax=-705.66
15:04:21 [ultranest] [DEBUG] iteration=3736, ncalls=28264, regioncalls=1116120, ndraw=40, logz=-714.31, remainder_fraction=24.4827%, Lmin=-706.42, Lmax=-705.66
15:04:22 [ultranest] [DEBUG] iteration=3738, ncalls=28278, regioncalls=1116680, ndraw=40, logz=-714.31, remainder_fraction=24.4084%, Lmin=-706.42, Lmax=-705.66
15:04:22 [ultranest] [DEBUG] iteration=3739, ncalls=28281, regioncalls=1116800, ndraw=40, logz=-714.31, remainder_fraction=24.3662%, Lmin=-706.41, Lmax=-705.66
15:04:23 [ultranest] [DEBUG] iteration=3740, ncalls=28289, regioncalls=1117120, ndraw=40, logz=-714.30, remainder_fraction=24.3184%, Lmin=-706.41, Lmax=-705.66
15:04:23 [ultranest] [DEBUG] iteration=3741, ncalls=28298, regioncalls=1117480, ndraw=40, logz=-714.30, remainder_fraction=24.2837%, Lmin=-706.41, Lmax=-705.66
15:04:23 [ultranest] [DEBUG] iteration=3743, ncalls=28303, regioncalls=1117680, ndraw=40, logz=-714.30, remainder_fraction=24.1844%, Lmin=-706.41, Lmax=-705.66
15:04:24 [ultranest] [DEBUG] iteration=3744, ncalls=28319, regioncalls=1118320, ndraw=40, logz=-714.30, remainder_fraction=24.1295%, Lmin=-706.41, Lmax=-705.66
15:04:25 [ultranest] [DEBUG] iteration=3745, ncalls=28325, regioncalls=1118560, ndraw=40, logz=-714.30, remainder_fraction=24.0773%, Lmin=-706.41, Lmax=-705.66
15:04:25 [ultranest] [DEBUG] iteration=3746, ncalls=28333, regioncalls=1118880, ndraw=40, logz=-714.30, remainder_fraction=24.0413%, Lmin=-706.41, Lmax=-705.66
15:04:25 [ultranest] [DEBUG] iteration=3748, ncalls=28336, regioncalls=1119000, ndraw=40, logz=-714.30, remainder_fraction=23.9446%, Lmin=-706.40, Lmax=-705.66
15:04:25 [ultranest] [DEBUG] iteration=3749, ncalls=28340, regioncalls=1119160, ndraw=40, logz=-714.30, remainder_fraction=23.8892%, Lmin=-706.40, Lmax=-705.66
15:04:25 [ultranest] [DEBUG] iteration=3750, ncalls=28343, regioncalls=1119280, ndraw=40, logz=-714.30, remainder_fraction=23.8629%, Lmin=-706.40, Lmax=-705.66
15:04:26 [ultranest] [DEBUG] iteration=3751, ncalls=28350, regioncalls=1119560, ndraw=40, logz=-714.30, remainder_fraction=23.8284%, Lmin=-706.40, Lmax=-705.66
15:04:27 [ultranest] [DEBUG] iteration=3753, ncalls=28369, regioncalls=1120320, ndraw=40, logz=-714.30, remainder_fraction=23.7289%, Lmin=-706.40, Lmax=-705.66
15:04:27 [ultranest] [DEBUG] iteration=3755, ncalls=28372, regioncalls=1120440, ndraw=40, logz=-714.30, remainder_fraction=23.6235%, Lmin=-706.39, Lmax=-705.66
15:04:28 [ultranest] [DEBUG] iteration=3756, ncalls=28391, regioncalls=1121200, ndraw=40, logz=-714.30, remainder_fraction=23.5786%, Lmin=-706.39, Lmax=-705.66
15:04:28 [ultranest] [DEBUG] iteration=3757, ncalls=28404, regioncalls=1121720, ndraw=40, logz=-714.29, remainder_fraction=23.5482%, Lmin=-706.39, Lmax=-705.66
15:04:29 [ultranest] [DEBUG] iteration=3759, ncalls=28408, regioncalls=1121880, ndraw=40, logz=-714.29, remainder_fraction=23.4535%, Lmin=-706.39, Lmax=-705.66
15:04:30 [ultranest] [DEBUG] iteration=3760, ncalls=28429, regioncalls=1122720, ndraw=40, logz=-714.29, remainder_fraction=23.4251%, Lmin=-706.39, Lmax=-705.66
15:04:30 [ultranest] [DEBUG] iteration=3761, ncalls=28439, regioncalls=1123120, ndraw=40, logz=-714.29, remainder_fraction=23.3940%, Lmin=-706.39, Lmax=-705.66
15:04:30 [ultranest] [DEBUG] iteration=3762, ncalls=28446, regioncalls=1123400, ndraw=40, logz=-714.29, remainder_fraction=23.3571%, Lmin=-706.39, Lmax=-705.66
15:04:31 [ultranest] [DEBUG] iteration=3763, ncalls=28452, regioncalls=1123640, ndraw=40, logz=-714.29, remainder_fraction=23.3334%, Lmin=-706.38, Lmax=-705.66
15:04:32 [ultranest] [DEBUG] iteration=3765, ncalls=28479, regioncalls=1124720, ndraw=40, logz=-714.29, remainder_fraction=23.2679%, Lmin=-706.38, Lmax=-705.66
15:04:32 [ultranest] [DEBUG] iteration=3767, ncalls=28482, regioncalls=1124840, ndraw=40, logz=-714.29, remainder_fraction=23.1691%, Lmin=-706.38, Lmax=-705.66
15:04:32 [ultranest] [DEBUG] iteration=3768, ncalls=28486, regioncalls=1125000, ndraw=40, logz=-714.29, remainder_fraction=23.1168%, Lmin=-706.38, Lmax=-705.66
15:04:33 [ultranest] [DEBUG] iteration=3769, ncalls=28491, regioncalls=1125200, ndraw=40, logz=-714.29, remainder_fraction=23.0710%, Lmin=-706.38, Lmax=-705.66
15:04:33 [ultranest] [DEBUG] iteration=3770, ncalls=28494, regioncalls=1125320, ndraw=40, logz=-714.29, remainder_fraction=23.0306%, Lmin=-706.38, Lmax=-705.66
15:04:33 [ultranest] [DEBUG] iteration=3771, ncalls=28500, regioncalls=1125640, ndraw=40, logz=-714.29, remainder_fraction=22.9770%, Lmin=-706.38, Lmax=-705.66
15:04:34 [ultranest] [DEBUG] iteration=3773, ncalls=28508, regioncalls=1125960, ndraw=40, logz=-714.29, remainder_fraction=22.8799%, Lmin=-706.37, Lmax=-705.66
15:04:34 [ultranest] [DEBUG] iteration=3775, ncalls=28513, regioncalls=1126160, ndraw=40, logz=-714.28, remainder_fraction=22.7817%, Lmin=-706.37, Lmax=-705.66
15:04:34 [ultranest] [DEBUG] iteration=3777, ncalls=28517, regioncalls=1126320, ndraw=40, logz=-714.28, remainder_fraction=22.6926%, Lmin=-706.37, Lmax=-705.66
15:04:34 [ultranest] [DEBUG] iteration=3779, ncalls=28522, regioncalls=1126520, ndraw=40, logz=-714.28, remainder_fraction=22.6124%, Lmin=-706.37, Lmax=-705.66
15:04:34 [ultranest] [DEBUG] iteration=3780, ncalls=28525, regioncalls=1126640, ndraw=40, logz=-714.28, remainder_fraction=22.5661%, Lmin=-706.36, Lmax=-705.66
15:04:35 [ultranest] [DEBUG] iteration=3781, ncalls=28529, regioncalls=1126800, ndraw=40, logz=-714.28, remainder_fraction=22.5138%, Lmin=-706.36, Lmax=-705.66
15:04:35 [ultranest] [DEBUG] iteration=3783, ncalls=28531, regioncalls=1126880, ndraw=40, logz=-714.28, remainder_fraction=22.4390%, Lmin=-706.36, Lmax=-705.66
15:04:35 [ultranest] [DEBUG] iteration=3784, ncalls=28536, regioncalls=1127080, ndraw=40, logz=-714.28, remainder_fraction=22.3914%, Lmin=-706.36, Lmax=-705.66
15:04:35 [ultranest] [DEBUG] iteration=3786, ncalls=28539, regioncalls=1127200, ndraw=40, logz=-714.28, remainder_fraction=22.3156%, Lmin=-706.36, Lmax=-705.66
15:04:36 [ultranest] [DEBUG] iteration=3788, ncalls=28549, regioncalls=1127600, ndraw=40, logz=-714.28, remainder_fraction=22.2175%, Lmin=-706.36, Lmax=-705.66
15:04:36 [ultranest] [DEBUG] iteration=3789, ncalls=28558, regioncalls=1127960, ndraw=40, logz=-714.28, remainder_fraction=22.1783%, Lmin=-706.35, Lmax=-705.66
15:04:36 [ultranest] [DEBUG] iteration=3790, ncalls=28567, regioncalls=1128320, ndraw=40, logz=-714.28, remainder_fraction=22.1456%, Lmin=-706.35, Lmax=-705.66
15:04:37 [ultranest] [DEBUG] iteration=3791, ncalls=28570, regioncalls=1128440, ndraw=40, logz=-714.28, remainder_fraction=22.0940%, Lmin=-706.35, Lmax=-705.66
15:04:37 [ultranest] [DEBUG] iteration=3792, ncalls=28571, regioncalls=1128480, ndraw=40, logz=-714.28, remainder_fraction=22.0483%, Lmin=-706.35, Lmax=-705.66
15:04:37 [ultranest] [DEBUG] iteration=3794, ncalls=28573, regioncalls=1128560, ndraw=40, logz=-714.27, remainder_fraction=21.9551%, Lmin=-706.35, Lmax=-705.66
15:04:37 [ultranest] [DEBUG] iteration=3795, ncalls=28580, regioncalls=1128840, ndraw=40, logz=-714.27, remainder_fraction=21.9062%, Lmin=-706.35, Lmax=-705.66
15:04:37 [ultranest] [DEBUG] iteration=3796, ncalls=28583, regioncalls=1128960, ndraw=40, logz=-714.27, remainder_fraction=21.8588%, Lmin=-706.35, Lmax=-705.66
15:04:37 [ultranest] [DEBUG] iteration=3797, ncalls=28587, regioncalls=1129120, ndraw=40, logz=-714.27, remainder_fraction=21.8320%, Lmin=-706.35, Lmax=-705.66
15:04:37 [ultranest] [DEBUG] iteration=3798, ncalls=28589, regioncalls=1129200, ndraw=40, logz=-714.27, remainder_fraction=21.7828%, Lmin=-706.35, Lmax=-705.66
15:04:38 [ultranest] [DEBUG] iteration=3800, ncalls=28592, regioncalls=1129320, ndraw=40, logz=-714.27, remainder_fraction=21.6843%, Lmin=-706.35, Lmax=-705.66
15:04:38 [ultranest] [DEBUG] iteration=3802, ncalls=28596, regioncalls=1129480, ndraw=40, logz=-714.27, remainder_fraction=21.5941%, Lmin=-706.34, Lmax=-705.66
15:04:38 [ultranest] [DEBUG] iteration=3803, ncalls=28602, regioncalls=1129720, ndraw=40, logz=-714.27, remainder_fraction=21.5630%, Lmin=-706.34, Lmax=-705.66
15:04:38 [ultranest] [DEBUG] iteration=3804, ncalls=28604, regioncalls=1129800, ndraw=40, logz=-714.27, remainder_fraction=21.5237%, Lmin=-706.34, Lmax=-705.66
15:04:38 [ultranest] [DEBUG] iteration=3805, ncalls=28606, regioncalls=1129880, ndraw=40, logz=-714.27, remainder_fraction=21.4736%, Lmin=-706.34, Lmax=-705.66
15:04:39 [ultranest] [DEBUG] iteration=3807, ncalls=28614, regioncalls=1130200, ndraw=40, logz=-714.27, remainder_fraction=21.3783%, Lmin=-706.34, Lmax=-705.66
15:04:39 [ultranest] [DEBUG] iteration=3808, ncalls=28627, regioncalls=1130720, ndraw=40, logz=-714.27, remainder_fraction=21.3303%, Lmin=-706.34, Lmax=-705.66
15:04:40 [ultranest] [DEBUG] iteration=3809, ncalls=28631, regioncalls=1130880, ndraw=40, logz=-714.27, remainder_fraction=21.2888%, Lmin=-706.34, Lmax=-705.66
15:04:40 [ultranest] [DEBUG] iteration=3810, ncalls=28634, regioncalls=1131000, ndraw=40, logz=-714.27, remainder_fraction=21.2424%, Lmin=-706.34, Lmax=-705.66
15:04:40 [ultranest] [DEBUG] iteration=3811, ncalls=28638, regioncalls=1131160, ndraw=40, logz=-714.27, remainder_fraction=21.1962%, Lmin=-706.34, Lmax=-705.66
15:04:40 [ultranest] [DEBUG] iteration=3812, ncalls=28642, regioncalls=1131320, ndraw=40, logz=-714.26, remainder_fraction=21.1488%, Lmin=-706.34, Lmax=-705.66
15:04:40 [ultranest] [DEBUG] iteration=3813, ncalls=28647, regioncalls=1131520, ndraw=40, logz=-714.26, remainder_fraction=21.1051%, Lmin=-706.34, Lmax=-705.66
15:04:40 [ultranest] [DEBUG] iteration=3815, ncalls=28650, regioncalls=1131640, ndraw=40, logz=-714.26, remainder_fraction=21.0285%, Lmin=-706.33, Lmax=-705.66
15:04:41 [ultranest] [DEBUG] iteration=3816, ncalls=28653, regioncalls=1131760, ndraw=40, logz=-714.26, remainder_fraction=20.9841%, Lmin=-706.33, Lmax=-705.66
15:04:41 [ultranest] [DEBUG] iteration=3817, ncalls=28657, regioncalls=1131920, ndraw=40, logz=-714.26, remainder_fraction=20.9408%, Lmin=-706.33, Lmax=-705.66
15:04:41 [ultranest] [DEBUG] iteration=3818, ncalls=28668, regioncalls=1132360, ndraw=40, logz=-714.26, remainder_fraction=20.9061%, Lmin=-706.33, Lmax=-705.66
15:04:42 [ultranest] [DEBUG] iteration=3820, ncalls=28683, regioncalls=1132960, ndraw=40, logz=-714.26, remainder_fraction=20.8350%, Lmin=-706.33, Lmax=-705.66
15:04:43 [ultranest] [DEBUG] iteration=3822, ncalls=28692, regioncalls=1133320, ndraw=40, logz=-714.26, remainder_fraction=20.7414%, Lmin=-706.33, Lmax=-705.66
15:04:43 [ultranest] [DEBUG] iteration=3824, ncalls=28697, regioncalls=1133520, ndraw=40, logz=-714.26, remainder_fraction=20.6493%, Lmin=-706.33, Lmax=-705.66
15:04:43 [ultranest] [DEBUG] iteration=3826, ncalls=28701, regioncalls=1133680, ndraw=40, logz=-714.26, remainder_fraction=20.5658%, Lmin=-706.32, Lmax=-705.66
15:04:43 [ultranest] [DEBUG] iteration=3827, ncalls=28709, regioncalls=1134000, ndraw=40, logz=-714.26, remainder_fraction=20.5259%, Lmin=-706.32, Lmax=-705.66
15:04:44 [ultranest] [DEBUG] iteration=3828, ncalls=28714, regioncalls=1134200, ndraw=40, logz=-714.26, remainder_fraction=20.4835%, Lmin=-706.32, Lmax=-705.66
15:04:44 [ultranest] [DEBUG] iteration=3829, ncalls=28721, regioncalls=1134480, ndraw=40, logz=-714.26, remainder_fraction=20.4369%, Lmin=-706.32, Lmax=-705.66
15:04:44 [ultranest] [DEBUG] iteration=3830, ncalls=28724, regioncalls=1134600, ndraw=40, logz=-714.26, remainder_fraction=20.3966%, Lmin=-706.32, Lmax=-705.66
15:04:45 [ultranest] [DEBUG] iteration=3831, ncalls=28733, regioncalls=1134960, ndraw=40, logz=-714.26, remainder_fraction=20.3486%, Lmin=-706.32, Lmax=-705.66
15:04:45 [ultranest] [DEBUG] iteration=3832, ncalls=28737, regioncalls=1135120, ndraw=40, logz=-714.25, remainder_fraction=20.3027%, Lmin=-706.32, Lmax=-705.66
15:04:45 [ultranest] [DEBUG] iteration=3834, ncalls=28743, regioncalls=1135360, ndraw=40, logz=-714.25, remainder_fraction=20.2126%, Lmin=-706.32, Lmax=-705.66
15:04:45 [ultranest] [DEBUG] iteration=3836, ncalls=28747, regioncalls=1135520, ndraw=40, logz=-714.25, remainder_fraction=20.1183%, Lmin=-706.32, Lmax=-705.66
15:04:46 [ultranest] [DEBUG] iteration=3837, ncalls=28761, regioncalls=1136080, ndraw=40, logz=-714.25, remainder_fraction=20.0751%, Lmin=-706.32, Lmax=-705.66
15:04:46 [ultranest] [DEBUG] iteration=3838, ncalls=28767, regioncalls=1136320, ndraw=40, logz=-714.25, remainder_fraction=20.0322%, Lmin=-706.32, Lmax=-705.66
15:04:47 [ultranest] [DEBUG] iteration=3840, ncalls=28778, regioncalls=1136760, ndraw=40, logz=-714.25, remainder_fraction=19.9457%, Lmin=-706.31, Lmax=-705.66
15:04:47 [ultranest] [DEBUG] iteration=3841, ncalls=28780, regioncalls=1136840, ndraw=40, logz=-714.25, remainder_fraction=19.9052%, Lmin=-706.31, Lmax=-705.66
15:04:47 [ultranest] [DEBUG] iteration=3842, ncalls=28784, regioncalls=1137000, ndraw=40, logz=-714.25, remainder_fraction=19.8629%, Lmin=-706.31, Lmax=-705.66
15:04:47 [ultranest] [DEBUG] iteration=3843, ncalls=28787, regioncalls=1137120, ndraw=40, logz=-714.25, remainder_fraction=19.8180%, Lmin=-706.31, Lmax=-705.66
15:04:48 [ultranest] [DEBUG] iteration=3844, ncalls=28796, regioncalls=1137480, ndraw=40, logz=-714.25, remainder_fraction=19.7805%, Lmin=-706.31, Lmax=-705.66
15:04:48 [ultranest] [DEBUG] iteration=3846, ncalls=28802, regioncalls=1137720, ndraw=40, logz=-714.25, remainder_fraction=19.6995%, Lmin=-706.31, Lmax=-705.66
15:04:48 [ultranest] [DEBUG] iteration=3847, ncalls=28809, regioncalls=1138000, ndraw=40, logz=-714.25, remainder_fraction=19.6688%, Lmin=-706.31, Lmax=-705.66
15:04:49 [ultranest] [DEBUG] iteration=3850, ncalls=28818, regioncalls=1138360, ndraw=40, logz=-714.25, remainder_fraction=19.5561%, Lmin=-706.31, Lmax=-705.66
15:04:49 [ultranest] [DEBUG] iteration=3851, ncalls=28820, regioncalls=1138440, ndraw=40, logz=-714.25, remainder_fraction=19.5229%, Lmin=-706.31, Lmax=-705.66
15:04:49 [ultranest] [DEBUG] iteration=3853, ncalls=28825, regioncalls=1138640, ndraw=40, logz=-714.24, remainder_fraction=19.4394%, Lmin=-706.30, Lmax=-705.66
15:04:49 [ultranest] [DEBUG] iteration=3854, ncalls=28831, regioncalls=1138880, ndraw=40, logz=-714.24, remainder_fraction=19.4083%, Lmin=-706.30, Lmax=-705.66
15:04:50 [ultranest] [DEBUG] iteration=3856, ncalls=28848, regioncalls=1139560, ndraw=40, logz=-714.24, remainder_fraction=19.3386%, Lmin=-706.30, Lmax=-705.66
15:04:50 [ultranest] [DEBUG] iteration=3857, ncalls=28851, regioncalls=1139680, ndraw=40, logz=-714.24, remainder_fraction=19.3003%, Lmin=-706.30, Lmax=-705.66
15:04:51 [ultranest] [DEBUG] iteration=3858, ncalls=28863, regioncalls=1140160, ndraw=40, logz=-714.24, remainder_fraction=19.2621%, Lmin=-706.30, Lmax=-705.66
15:04:51 [ultranest] [DEBUG] iteration=3859, ncalls=28866, regioncalls=1140280, ndraw=40, logz=-714.24, remainder_fraction=19.2194%, Lmin=-706.30, Lmax=-705.66
15:04:51 [ultranest] [DEBUG] iteration=3860, ncalls=28873, regioncalls=1140560, ndraw=40, logz=-714.24, remainder_fraction=19.1781%, Lmin=-706.30, Lmax=-705.66
15:04:52 [ultranest] [DEBUG] iteration=3861, ncalls=28875, regioncalls=1140800, ndraw=40, logz=-714.24, remainder_fraction=19.1355%, Lmin=-706.29, Lmax=-705.66
15:04:52 [ultranest] [DEBUG] iteration=3863, ncalls=28878, regioncalls=1141040, ndraw=40, logz=-714.24, remainder_fraction=19.0672%, Lmin=-706.29, Lmax=-705.66
15:04:52 [ultranest] [DEBUG] iteration=3864, ncalls=28882, regioncalls=1141480, ndraw=40, logz=-714.24, remainder_fraction=19.0259%, Lmin=-706.29, Lmax=-705.66
15:04:53 [ultranest] [DEBUG] iteration=3865, ncalls=28894, regioncalls=1141960, ndraw=40, logz=-714.24, remainder_fraction=18.9844%, Lmin=-706.29, Lmax=-705.66
15:04:53 [ultranest] [DEBUG] iteration=3866, ncalls=28897, regioncalls=1142080, ndraw=40, logz=-714.24, remainder_fraction=18.9445%, Lmin=-706.29, Lmax=-705.66
15:04:53 [ultranest] [DEBUG] iteration=3868, ncalls=28903, regioncalls=1142320, ndraw=40, logz=-714.24, remainder_fraction=18.8584%, Lmin=-706.29, Lmax=-705.66
15:04:53 [ultranest] [DEBUG] iteration=3869, ncalls=28912, regioncalls=1142680, ndraw=40, logz=-714.24, remainder_fraction=18.8204%, Lmin=-706.29, Lmax=-705.66
15:04:54 [ultranest] [DEBUG] iteration=3870, ncalls=28917, regioncalls=1142880, ndraw=40, logz=-714.24, remainder_fraction=18.7815%, Lmin=-706.29, Lmax=-705.66
15:04:54 [ultranest] [DEBUG] iteration=3871, ncalls=28919, regioncalls=1142960, ndraw=40, logz=-714.24, remainder_fraction=18.7422%, Lmin=-706.29, Lmax=-705.66
15:04:54 [ultranest] [DEBUG] iteration=3872, ncalls=28925, regioncalls=1143200, ndraw=40, logz=-714.24, remainder_fraction=18.7020%, Lmin=-706.29, Lmax=-705.66
15:04:54 [ultranest] [DEBUG] iteration=3873, ncalls=28930, regioncalls=1143400, ndraw=40, logz=-714.24, remainder_fraction=18.6594%, Lmin=-706.28, Lmax=-705.66
15:04:55 [ultranest] [DEBUG] iteration=3874, ncalls=28933, regioncalls=1143520, ndraw=40, logz=-714.23, remainder_fraction=18.6169%, Lmin=-706.28, Lmax=-705.66
15:04:55 [ultranest] [DEBUG] iteration=3875, ncalls=28939, regioncalls=1143760, ndraw=40, logz=-714.23, remainder_fraction=18.5809%, Lmin=-706.28, Lmax=-705.66
15:04:55 [ultranest] [DEBUG] iteration=3876, ncalls=28949, regioncalls=1144160, ndraw=40, logz=-714.23, remainder_fraction=18.5437%, Lmin=-706.28, Lmax=-705.66
15:04:56 [ultranest] [DEBUG] iteration=3877, ncalls=28955, regioncalls=1144400, ndraw=40, logz=-714.23, remainder_fraction=18.5130%, Lmin=-706.28, Lmax=-705.66
15:04:56 [ultranest] [DEBUG] iteration=3878, ncalls=28963, regioncalls=1144720, ndraw=40, logz=-714.23, remainder_fraction=18.4795%, Lmin=-706.28, Lmax=-705.66
15:04:56 [ultranest] [DEBUG] iteration=3879, ncalls=28966, regioncalls=1144840, ndraw=40, logz=-714.23, remainder_fraction=18.4426%, Lmin=-706.28, Lmax=-705.66
15:04:57 [ultranest] [DEBUG] iteration=3880, ncalls=28975, regioncalls=1145200, ndraw=40, logz=-714.23, remainder_fraction=18.4190%, Lmin=-706.28, Lmax=-705.66
15:04:57 [ultranest] [DEBUG] iteration=3881, ncalls=28980, regioncalls=1145400, ndraw=40, logz=-714.23, remainder_fraction=18.3837%, Lmin=-706.28, Lmax=-705.66
15:04:58 [ultranest] [DEBUG] iteration=3882, ncalls=28993, regioncalls=1145920, ndraw=40, logz=-714.23, remainder_fraction=18.3457%, Lmin=-706.27, Lmax=-705.66
15:04:58 [ultranest] [DEBUG] iteration=3883, ncalls=29004, regioncalls=1146360, ndraw=40, logz=-714.23, remainder_fraction=18.3074%, Lmin=-706.27, Lmax=-705.66
15:04:58 [ultranest] [DEBUG] iteration=3884, ncalls=29007, regioncalls=1146480, ndraw=40, logz=-714.23, remainder_fraction=18.2639%, Lmin=-706.27, Lmax=-705.66
15:04:58 [ultranest] [DEBUG] iteration=3886, ncalls=29010, regioncalls=1146600, ndraw=40, logz=-714.23, remainder_fraction=18.1993%, Lmin=-706.27, Lmax=-705.66
15:04:59 [ultranest] [DEBUG] iteration=3887, ncalls=29014, regioncalls=1146760, ndraw=40, logz=-714.23, remainder_fraction=18.1637%, Lmin=-706.27, Lmax=-705.66
15:04:59 [ultranest] [DEBUG] iteration=3888, ncalls=29024, regioncalls=1147160, ndraw=40, logz=-714.23, remainder_fraction=18.1401%, Lmin=-706.27, Lmax=-705.66
15:04:59 [ultranest] [DEBUG] iteration=3890, ncalls=29029, regioncalls=1147360, ndraw=40, logz=-714.23, remainder_fraction=18.0655%, Lmin=-706.26, Lmax=-705.66
15:05:00 [ultranest] [DEBUG] iteration=3891, ncalls=29035, regioncalls=1147600, ndraw=40, logz=-714.23, remainder_fraction=18.0242%, Lmin=-706.26, Lmax=-705.66
15:05:00 [ultranest] [DEBUG] iteration=3893, ncalls=29041, regioncalls=1147840, ndraw=40, logz=-714.23, remainder_fraction=17.9521%, Lmin=-706.26, Lmax=-705.66
15:05:00 [ultranest] [DEBUG] iteration=3894, ncalls=29047, regioncalls=1148080, ndraw=40, logz=-714.23, remainder_fraction=17.9168%, Lmin=-706.26, Lmax=-705.66
15:05:00 [ultranest] [DEBUG] iteration=3895, ncalls=29051, regioncalls=1148240, ndraw=40, logz=-714.23, remainder_fraction=17.8804%, Lmin=-706.26, Lmax=-705.66
15:05:01 [ultranest] [DEBUG] iteration=3896, ncalls=29058, regioncalls=1148520, ndraw=40, logz=-714.23, remainder_fraction=17.8417%, Lmin=-706.26, Lmax=-705.66
15:05:01 [ultranest] [DEBUG] iteration=3898, ncalls=29066, regioncalls=1148840, ndraw=40, logz=-714.22, remainder_fraction=17.7768%, Lmin=-706.26, Lmax=-705.66
15:05:02 [ultranest] [DEBUG] iteration=3900, ncalls=29080, regioncalls=1149400, ndraw=40, logz=-714.22, remainder_fraction=17.7209%, Lmin=-706.25, Lmax=-705.66
15:05:02 [ultranest] [DEBUG] iteration=3901, ncalls=29083, regioncalls=1149520, ndraw=40, logz=-714.22, remainder_fraction=17.6940%, Lmin=-706.25, Lmax=-705.66
15:05:02 [ultranest] [DEBUG] iteration=3904, ncalls=29086, regioncalls=1149640, ndraw=40, logz=-714.22, remainder_fraction=17.5869%, Lmin=-706.25, Lmax=-705.66
15:05:03 [ultranest] [DEBUG] iteration=3906, ncalls=29097, regioncalls=1150080, ndraw=40, logz=-714.22, remainder_fraction=17.5084%, Lmin=-706.25, Lmax=-705.66
15:05:03 [ultranest] [DEBUG] iteration=3907, ncalls=29101, regioncalls=1150240, ndraw=40, logz=-714.22, remainder_fraction=17.4671%, Lmin=-706.25, Lmax=-705.66
15:05:03 [ultranest] [DEBUG] iteration=3909, ncalls=29105, regioncalls=1150400, ndraw=40, logz=-714.22, remainder_fraction=17.3913%, Lmin=-706.25, Lmax=-705.66
15:05:03 [ultranest] [DEBUG] iteration=3910, ncalls=29109, regioncalls=1150560, ndraw=40, logz=-714.22, remainder_fraction=17.3503%, Lmin=-706.25, Lmax=-705.66
15:05:03 [ultranest] [DEBUG] iteration=3911, ncalls=29111, regioncalls=1150640, ndraw=40, logz=-714.22, remainder_fraction=17.3185%, Lmin=-706.25, Lmax=-705.66
15:05:04 [ultranest] [DEBUG] iteration=3912, ncalls=29122, regioncalls=1151080, ndraw=40, logz=-714.22, remainder_fraction=17.2909%, Lmin=-706.25, Lmax=-705.66
15:05:04 [ultranest] [DEBUG] iteration=3913, ncalls=29125, regioncalls=1151200, ndraw=40, logz=-714.22, remainder_fraction=17.2526%, Lmin=-706.25, Lmax=-705.66
15:05:04 [ultranest] [DEBUG] iteration=3914, ncalls=29127, regioncalls=1151280, ndraw=40, logz=-714.22, remainder_fraction=17.2248%, Lmin=-706.25, Lmax=-705.66
15:05:04 [ultranest] [DEBUG] iteration=3915, ncalls=29134, regioncalls=1151560, ndraw=40, logz=-714.22, remainder_fraction=17.1929%, Lmin=-706.25, Lmax=-705.66
15:05:05 [ultranest] [DEBUG] iteration=3916, ncalls=29140, regioncalls=1151800, ndraw=40, logz=-714.22, remainder_fraction=17.1673%, Lmin=-706.25, Lmax=-705.66
15:05:05 [ultranest] [DEBUG] iteration=3918, ncalls=29145, regioncalls=1152000, ndraw=40, logz=-714.22, remainder_fraction=17.0867%, Lmin=-706.24, Lmax=-705.66
15:05:05 [ultranest] [DEBUG] iteration=3919, ncalls=29148, regioncalls=1152120, ndraw=40, logz=-714.22, remainder_fraction=17.0584%, Lmin=-706.24, Lmax=-705.66
15:05:05 [ultranest] [DEBUG] iteration=3920, ncalls=29150, regioncalls=1152200, ndraw=40, logz=-714.22, remainder_fraction=17.0254%, Lmin=-706.24, Lmax=-705.66
15:05:06 [ultranest] [DEBUG] iteration=3921, ncalls=29157, regioncalls=1152480, ndraw=40, logz=-714.21, remainder_fraction=16.9908%, Lmin=-706.24, Lmax=-705.66
15:05:06 [ultranest] [DEBUG] iteration=3922, ncalls=29165, regioncalls=1152800, ndraw=40, logz=-714.21, remainder_fraction=16.9683%, Lmin=-706.24, Lmax=-705.66
15:05:06 [ultranest] [DEBUG] iteration=3924, ncalls=29171, regioncalls=1153040, ndraw=40, logz=-714.21, remainder_fraction=16.8961%, Lmin=-706.24, Lmax=-705.66
15:05:06 [ultranest] [DEBUG] iteration=3925, ncalls=29174, regioncalls=1153160, ndraw=40, logz=-714.21, remainder_fraction=16.8642%, Lmin=-706.24, Lmax=-705.66
15:05:07 [ultranest] [DEBUG] iteration=3926, ncalls=29178, regioncalls=1153320, ndraw=40, logz=-714.21, remainder_fraction=16.8240%, Lmin=-706.24, Lmax=-705.66
15:05:07 [ultranest] [DEBUG] iteration=3927, ncalls=29184, regioncalls=1153560, ndraw=40, logz=-714.21, remainder_fraction=16.8026%, Lmin=-706.24, Lmax=-705.66
15:05:07 [ultranest] [DEBUG] iteration=3929, ncalls=29188, regioncalls=1153720, ndraw=40, logz=-714.21, remainder_fraction=16.7358%, Lmin=-706.24, Lmax=-705.66
15:05:07 [ultranest] [DEBUG] iteration=3930, ncalls=29197, regioncalls=1154080, ndraw=40, logz=-714.21, remainder_fraction=16.6982%, Lmin=-706.24, Lmax=-705.66
15:05:08 [ultranest] [DEBUG] iteration=3931, ncalls=29211, regioncalls=1154640, ndraw=40, logz=-714.21, remainder_fraction=16.6718%, Lmin=-706.24, Lmax=-705.66
15:05:08 [ultranest] [DEBUG] iteration=3932, ncalls=29218, regioncalls=1154920, ndraw=40, logz=-714.21, remainder_fraction=16.6443%, Lmin=-706.24, Lmax=-705.66
15:05:09 [ultranest] [DEBUG] iteration=3934, ncalls=29224, regioncalls=1155160, ndraw=40, logz=-714.21, remainder_fraction=16.5801%, Lmin=-706.24, Lmax=-705.66
15:05:10 [ultranest] [DEBUG] iteration=3935, ncalls=29239, regioncalls=1155760, ndraw=40, logz=-714.21, remainder_fraction=16.5452%, Lmin=-706.23, Lmax=-705.66
15:05:10 [ultranest] [DEBUG] iteration=3936, ncalls=29252, regioncalls=1156280, ndraw=40, logz=-714.21, remainder_fraction=16.5113%, Lmin=-706.23, Lmax=-705.66
15:05:10 [ultranest] [DEBUG] iteration=3937, ncalls=29258, regioncalls=1156520, ndraw=40, logz=-714.21, remainder_fraction=16.4812%, Lmin=-706.23, Lmax=-705.66
15:05:11 [ultranest] [DEBUG] iteration=3938, ncalls=29260, regioncalls=1156600, ndraw=40, logz=-714.21, remainder_fraction=16.4455%, Lmin=-706.23, Lmax=-705.66
15:05:11 [ultranest] [DEBUG] iteration=3939, ncalls=29271, regioncalls=1157040, ndraw=40, logz=-714.21, remainder_fraction=16.4068%, Lmin=-706.23, Lmax=-705.66
15:05:12 [ultranest] [DEBUG] iteration=3940, ncalls=29279, regioncalls=1157360, ndraw=40, logz=-714.21, remainder_fraction=16.3711%, Lmin=-706.23, Lmax=-705.66
15:05:12 [ultranest] [DEBUG] iteration=3941, ncalls=29291, regioncalls=1157840, ndraw=40, logz=-714.21, remainder_fraction=16.3330%, Lmin=-706.23, Lmax=-705.66
15:05:13 [ultranest] [DEBUG] iteration=3942, ncalls=29300, regioncalls=1158200, ndraw=40, logz=-714.21, remainder_fraction=16.2967%, Lmin=-706.23, Lmax=-705.66
15:05:13 [ultranest] [DEBUG] iteration=3943, ncalls=29306, regioncalls=1158440, ndraw=40, logz=-714.21, remainder_fraction=16.2719%, Lmin=-706.23, Lmax=-705.66
15:05:13 [ultranest] [DEBUG] iteration=3944, ncalls=29309, regioncalls=1158560, ndraw=40, logz=-714.21, remainder_fraction=16.2389%, Lmin=-706.23, Lmax=-705.66
15:05:13 [ultranest] [DEBUG] iteration=3945, ncalls=29316, regioncalls=1158840, ndraw=40, logz=-714.21, remainder_fraction=16.2057%, Lmin=-706.23, Lmax=-705.66
15:05:14 [ultranest] [DEBUG] iteration=3946, ncalls=29320, regioncalls=1159000, ndraw=40, logz=-714.20, remainder_fraction=16.1676%, Lmin=-706.23, Lmax=-705.66
15:05:14 [ultranest] [DEBUG] iteration=3947, ncalls=29322, regioncalls=1159080, ndraw=40, logz=-714.20, remainder_fraction=16.1343%, Lmin=-706.22, Lmax=-705.66
15:05:15 [ultranest] [DEBUG] iteration=3948, ncalls=29337, regioncalls=1159680, ndraw=40, logz=-714.20, remainder_fraction=16.1009%, Lmin=-706.22, Lmax=-705.66
15:05:15 [ultranest] [DEBUG] iteration=3949, ncalls=29339, regioncalls=1159760, ndraw=40, logz=-714.20, remainder_fraction=16.0721%, Lmin=-706.22, Lmax=-705.66
15:05:16 [ultranest] [DEBUG] iteration=3950, ncalls=29356, regioncalls=1160440, ndraw=40, logz=-714.20, remainder_fraction=16.0346%, Lmin=-706.22, Lmax=-705.66
15:05:16 [ultranest] [DEBUG] iteration=3951, ncalls=29359, regioncalls=1160640, ndraw=40, logz=-714.20, remainder_fraction=16.0022%, Lmin=-706.22, Lmax=-705.66
15:05:16 [ultranest] [DEBUG] iteration=3952, ncalls=29367, regioncalls=1160960, ndraw=40, logz=-714.20, remainder_fraction=15.9735%, Lmin=-706.22, Lmax=-705.66
15:05:16 [ultranest] [DEBUG] iteration=3953, ncalls=29369, regioncalls=1161040, ndraw=40, logz=-714.20, remainder_fraction=15.9364%, Lmin=-706.22, Lmax=-705.66
15:05:17 [ultranest] [DEBUG] iteration=3954, ncalls=29377, regioncalls=1161360, ndraw=40, logz=-714.20, remainder_fraction=15.9068%, Lmin=-706.22, Lmax=-705.66
15:05:17 [ultranest] [DEBUG] iteration=3956, ncalls=29391, regioncalls=1161920, ndraw=40, logz=-714.20, remainder_fraction=15.8357%, Lmin=-706.22, Lmax=-705.66
15:05:18 [ultranest] [DEBUG] iteration=3957, ncalls=29402, regioncalls=1162360, ndraw=40, logz=-714.20, remainder_fraction=15.7979%, Lmin=-706.22, Lmax=-705.66
15:05:18 [ultranest] [DEBUG] iteration=3958, ncalls=29406, regioncalls=1162520, ndraw=40, logz=-714.20, remainder_fraction=15.7598%, Lmin=-706.22, Lmax=-705.66
15:05:19 [ultranest] [DEBUG] iteration=3960, ncalls=29409, regioncalls=1162640, ndraw=40, logz=-714.20, remainder_fraction=15.7045%, Lmin=-706.22, Lmax=-705.66
15:05:19 [ultranest] [DEBUG] iteration=3962, ncalls=29413, regioncalls=1162800, ndraw=40, logz=-714.20, remainder_fraction=15.6370%, Lmin=-706.22, Lmax=-705.66
15:05:19 [ultranest] [DEBUG] iteration=3963, ncalls=29421, regioncalls=1163120, ndraw=40, logz=-714.20, remainder_fraction=15.5999%, Lmin=-706.21, Lmax=-705.66
15:05:20 [ultranest] [DEBUG] iteration=3964, ncalls=29427, regioncalls=1163360, ndraw=40, logz=-714.20, remainder_fraction=15.5684%, Lmin=-706.21, Lmax=-705.66
15:05:20 [ultranest] [DEBUG] iteration=3966, ncalls=29433, regioncalls=1163600, ndraw=40, logz=-714.20, remainder_fraction=15.4978%, Lmin=-706.21, Lmax=-705.66
15:05:20 [ultranest] [DEBUG] iteration=3967, ncalls=29437, regioncalls=1163760, ndraw=40, logz=-714.20, remainder_fraction=15.4722%, Lmin=-706.21, Lmax=-705.66
15:05:20 [ultranest] [DEBUG] iteration=3968, ncalls=29444, regioncalls=1164040, ndraw=40, logz=-714.20, remainder_fraction=15.4424%, Lmin=-706.21, Lmax=-705.66
15:05:21 [ultranest] [DEBUG] iteration=3971, ncalls=29447, regioncalls=1164160, ndraw=40, logz=-714.20, remainder_fraction=15.3606%, Lmin=-706.21, Lmax=-705.66
15:05:21 [ultranest] [DEBUG] iteration=3973, ncalls=29457, regioncalls=1164560, ndraw=40, logz=-714.19, remainder_fraction=15.3099%, Lmin=-706.21, Lmax=-705.66
15:05:21 [ultranest] [DEBUG] iteration=3974, ncalls=29465, regioncalls=1164880, ndraw=40, logz=-714.19, remainder_fraction=15.2740%, Lmin=-706.20, Lmax=-705.66
15:05:22 [ultranest] [DEBUG] iteration=3975, ncalls=29468, regioncalls=1165000, ndraw=40, logz=-714.19, remainder_fraction=15.2428%, Lmin=-706.20, Lmax=-705.66
15:05:22 [ultranest] [DEBUG] iteration=3976, ncalls=29474, regioncalls=1165240, ndraw=40, logz=-714.19, remainder_fraction=15.2144%, Lmin=-706.20, Lmax=-705.66
15:05:23 [ultranest] [DEBUG] iteration=3977, ncalls=29487, regioncalls=1165760, ndraw=40, logz=-714.19, remainder_fraction=15.1802%, Lmin=-706.20, Lmax=-705.66
15:05:23 [ultranest] [DEBUG] iteration=3978, ncalls=29502, regioncalls=1166360, ndraw=40, logz=-714.19, remainder_fraction=15.1444%, Lmin=-706.20, Lmax=-705.66
15:05:24 [ultranest] [DEBUG] iteration=3979, ncalls=29521, regioncalls=1167120, ndraw=40, logz=-714.19, remainder_fraction=15.1090%, Lmin=-706.20, Lmax=-705.66
15:05:25 [ultranest] [DEBUG] iteration=3980, ncalls=29523, regioncalls=1167200, ndraw=40, logz=-714.19, remainder_fraction=15.0740%, Lmin=-706.20, Lmax=-705.66
15:05:25 [ultranest] [DEBUG] iteration=3983, ncalls=29526, regioncalls=1167320, ndraw=40, logz=-714.19, remainder_fraction=14.9879%, Lmin=-706.20, Lmax=-705.66
15:05:25 [ultranest] [DEBUG] iteration=3984, ncalls=29528, regioncalls=1167400, ndraw=40, logz=-714.19, remainder_fraction=14.9614%, Lmin=-706.20, Lmax=-705.66
15:05:25 [ultranest] [DEBUG] iteration=3986, ncalls=29531, regioncalls=1167520, ndraw=40, logz=-714.19, remainder_fraction=14.8987%, Lmin=-706.20, Lmax=-705.66
15:05:25 [ultranest] [DEBUG] iteration=3988, ncalls=29534, regioncalls=1167640, ndraw=40, logz=-714.19, remainder_fraction=14.8376%, Lmin=-706.19, Lmax=-705.66
15:05:25 [ultranest] [DEBUG] iteration=3990, ncalls=29541, regioncalls=1167920, ndraw=40, logz=-714.19, remainder_fraction=14.7917%, Lmin=-706.19, Lmax=-705.66
15:05:26 [ultranest] [DEBUG] iteration=3992, ncalls=29544, regioncalls=1168040, ndraw=40, logz=-714.19, remainder_fraction=14.7252%, Lmin=-706.19, Lmax=-705.66
15:05:26 [ultranest] [DEBUG] iteration=3993, ncalls=29552, regioncalls=1168360, ndraw=40, logz=-714.19, remainder_fraction=14.6990%, Lmin=-706.19, Lmax=-705.66
15:05:26 [ultranest] [DEBUG] iteration=3995, ncalls=29556, regioncalls=1168520, ndraw=40, logz=-714.19, remainder_fraction=14.6428%, Lmin=-706.19, Lmax=-705.66
15:05:26 [ultranest] [DEBUG] iteration=3997, ncalls=29560, regioncalls=1168680, ndraw=40, logz=-714.19, remainder_fraction=14.5755%, Lmin=-706.19, Lmax=-705.66
15:05:27 [ultranest] [DEBUG] iteration=3998, ncalls=29571, regioncalls=1169120, ndraw=40, logz=-714.19, remainder_fraction=14.5435%, Lmin=-706.19, Lmax=-705.66
15:05:28 [ultranest] [DEBUG] iteration=3999, ncalls=29586, regioncalls=1169720, ndraw=40, logz=-714.19, remainder_fraction=14.5113%, Lmin=-706.19, Lmax=-705.66
15:05:28 [ultranest] [DEBUG] iteration=4000, ncalls=29591, regioncalls=1169920, ndraw=40, logz=-714.19, remainder_fraction=14.4796%, Lmin=-706.19, Lmax=-705.66
15:05:28 [ultranest] [DEBUG] iteration=4001, ncalls=29594, regioncalls=1170040, ndraw=40, logz=-714.18, remainder_fraction=14.4591%, Lmin=-706.19, Lmax=-705.66
15:05:29 [ultranest] [DEBUG] iteration=4003, ncalls=29602, regioncalls=1170360, ndraw=40, logz=-714.18, remainder_fraction=14.4032%, Lmin=-706.18, Lmax=-705.66
15:05:29 [ultranest] [DEBUG] iteration=4004, ncalls=29605, regioncalls=1170480, ndraw=40, logz=-714.18, remainder_fraction=14.3738%, Lmin=-706.18, Lmax=-705.66
15:05:29 [ultranest] [DEBUG] iteration=4005, ncalls=29608, regioncalls=1170600, ndraw=40, logz=-714.18, remainder_fraction=14.3405%, Lmin=-706.18, Lmax=-705.66
15:05:29 [ultranest] [DEBUG] iteration=4006, ncalls=29610, regioncalls=1170680, ndraw=40, logz=-714.18, remainder_fraction=14.3060%, Lmin=-706.18, Lmax=-705.66
15:05:29 [ultranest] [DEBUG] iteration=4008, ncalls=29614, regioncalls=1170840, ndraw=40, logz=-714.18, remainder_fraction=14.2553%, Lmin=-706.18, Lmax=-705.66
15:05:29 [ultranest] [DEBUG] iteration=4010, ncalls=29617, regioncalls=1170960, ndraw=40, logz=-714.18, remainder_fraction=14.1891%, Lmin=-706.18, Lmax=-705.66
15:05:30 [ultranest] [DEBUG] iteration=4011, ncalls=29625, regioncalls=1171280, ndraw=40, logz=-714.18, remainder_fraction=14.1553%, Lmin=-706.18, Lmax=-705.66
15:05:30 [ultranest] [DEBUG] iteration=4013, ncalls=29631, regioncalls=1171520, ndraw=40, logz=-714.18, remainder_fraction=14.0946%, Lmin=-706.17, Lmax=-705.66
15:05:30 [ultranest] [DEBUG] iteration=4014, ncalls=29636, regioncalls=1171720, ndraw=40, logz=-714.18, remainder_fraction=14.0760%, Lmin=-706.17, Lmax=-705.66
15:05:31 [ultranest] [DEBUG] iteration=4015, ncalls=29641, regioncalls=1171920, ndraw=40, logz=-714.18, remainder_fraction=14.0493%, Lmin=-706.17, Lmax=-705.66
15:05:31 [ultranest] [DEBUG] iteration=4016, ncalls=29648, regioncalls=1172200, ndraw=40, logz=-714.18, remainder_fraction=14.0215%, Lmin=-706.17, Lmax=-705.66
15:05:31 [ultranest] [DEBUG] iteration=4018, ncalls=29658, regioncalls=1172600, ndraw=40, logz=-714.18, remainder_fraction=13.9545%, Lmin=-706.17, Lmax=-705.66
15:05:32 [ultranest] [DEBUG] iteration=4019, ncalls=29667, regioncalls=1172960, ndraw=40, logz=-714.18, remainder_fraction=13.9365%, Lmin=-706.17, Lmax=-705.66
15:05:32 [ultranest] [DEBUG] iteration=4021, ncalls=29674, regioncalls=1173240, ndraw=40, logz=-714.18, remainder_fraction=13.8721%, Lmin=-706.17, Lmax=-705.66
15:05:32 [ultranest] [DEBUG] iteration=4023, ncalls=29679, regioncalls=1173440, ndraw=40, logz=-714.18, remainder_fraction=13.8167%, Lmin=-706.17, Lmax=-705.66
15:05:33 [ultranest] [DEBUG] iteration=4025, ncalls=29688, regioncalls=1173800, ndraw=40, logz=-714.18, remainder_fraction=13.7551%, Lmin=-706.17, Lmax=-705.66
15:05:34 [ultranest] [DEBUG] iteration=4026, ncalls=29697, regioncalls=1174160, ndraw=40, logz=-714.18, remainder_fraction=13.7298%, Lmin=-706.17, Lmax=-705.66
15:05:34 [ultranest] [DEBUG] iteration=4027, ncalls=29703, regioncalls=1174400, ndraw=40, logz=-714.18, remainder_fraction=13.6964%, Lmin=-706.17, Lmax=-705.66
15:05:34 [ultranest] [DEBUG] iteration=4028, ncalls=29708, regioncalls=1174600, ndraw=40, logz=-714.18, remainder_fraction=13.6647%, Lmin=-706.17, Lmax=-705.66
15:05:34 [ultranest] [DEBUG] iteration=4029, ncalls=29714, regioncalls=1174840, ndraw=40, logz=-714.18, remainder_fraction=13.6318%, Lmin=-706.17, Lmax=-705.66
15:05:35 [ultranest] [DEBUG] iteration=4031, ncalls=29721, regioncalls=1175120, ndraw=40, logz=-714.17, remainder_fraction=13.5689%, Lmin=-706.17, Lmax=-705.66
15:05:35 [ultranest] [DEBUG] iteration=4032, ncalls=29726, regioncalls=1175320, ndraw=40, logz=-714.17, remainder_fraction=13.5364%, Lmin=-706.17, Lmax=-705.66
15:05:35 [ultranest] [DEBUG] iteration=4033, ncalls=29731, regioncalls=1175520, ndraw=40, logz=-714.17, remainder_fraction=13.5132%, Lmin=-706.17, Lmax=-705.66
15:05:35 [ultranest] [DEBUG] iteration=4034, ncalls=29735, regioncalls=1175680, ndraw=40, logz=-714.17, remainder_fraction=13.4807%, Lmin=-706.16, Lmax=-705.66
15:05:36 [ultranest] [DEBUG] iteration=4035, ncalls=29745, regioncalls=1176080, ndraw=40, logz=-714.17, remainder_fraction=13.4548%, Lmin=-706.16, Lmax=-705.66
15:05:36 [ultranest] [DEBUG] iteration=4037, ncalls=29749, regioncalls=1176240, ndraw=40, logz=-714.17, remainder_fraction=13.3914%, Lmin=-706.16, Lmax=-705.66
15:05:36 [ultranest] [DEBUG] iteration=4038, ncalls=29753, regioncalls=1176400, ndraw=40, logz=-714.17, remainder_fraction=13.3706%, Lmin=-706.16, Lmax=-705.66
15:05:37 [ultranest] [DEBUG] iteration=4039, ncalls=29761, regioncalls=1176720, ndraw=40, logz=-714.17, remainder_fraction=13.3405%, Lmin=-706.16, Lmax=-705.66
15:05:37 [ultranest] [DEBUG] iteration=4041, ncalls=29763, regioncalls=1176800, ndraw=40, logz=-714.17, remainder_fraction=13.2785%, Lmin=-706.16, Lmax=-705.66
15:05:37 [ultranest] [DEBUG] iteration=4042, ncalls=29771, regioncalls=1177120, ndraw=40, logz=-714.17, remainder_fraction=13.2593%, Lmin=-706.16, Lmax=-705.66
15:05:37 [ultranest] [DEBUG] iteration=4043, ncalls=29773, regioncalls=1177200, ndraw=40, logz=-714.17, remainder_fraction=13.2281%, Lmin=-706.16, Lmax=-705.66
15:05:38 [ultranest] [DEBUG] iteration=4045, ncalls=29783, regioncalls=1177600, ndraw=40, logz=-714.17, remainder_fraction=13.1668%, Lmin=-706.16, Lmax=-705.66
15:05:39 [ultranest] [DEBUG] iteration=4046, ncalls=29798, regioncalls=1178200, ndraw=40, logz=-714.17, remainder_fraction=13.1374%, Lmin=-706.15, Lmax=-705.66
15:05:39 [ultranest] [DEBUG] iteration=4047, ncalls=29811, regioncalls=1178720, ndraw=40, logz=-714.17, remainder_fraction=13.1120%, Lmin=-706.15, Lmax=-705.66
15:05:40 [ultranest] [DEBUG] iteration=4049, ncalls=29822, regioncalls=1179160, ndraw=40, logz=-714.17, remainder_fraction=13.0581%, Lmin=-706.15, Lmax=-705.66
15:05:41 [ultranest] [DEBUG] iteration=4052, ncalls=29839, regioncalls=1179840, ndraw=40, logz=-714.17, remainder_fraction=12.9770%, Lmin=-706.15, Lmax=-705.66
15:05:41 [ultranest] [DEBUG] iteration=4053, ncalls=29844, regioncalls=1180040, ndraw=40, logz=-714.17, remainder_fraction=12.9483%, Lmin=-706.15, Lmax=-705.66
15:05:41 [ultranest] [DEBUG] iteration=4054, ncalls=29851, regioncalls=1180320, ndraw=40, logz=-714.17, remainder_fraction=12.9171%, Lmin=-706.15, Lmax=-705.66
15:05:41 [ultranest] [DEBUG] iteration=4055, ncalls=29854, regioncalls=1180440, ndraw=40, logz=-714.17, remainder_fraction=12.8867%, Lmin=-706.15, Lmax=-705.66
15:05:42 [ultranest] [DEBUG] iteration=4057, ncalls=29862, regioncalls=1180760, ndraw=40, logz=-714.17, remainder_fraction=12.8352%, Lmin=-706.15, Lmax=-705.66
15:05:42 [ultranest] [DEBUG] iteration=4058, ncalls=29867, regioncalls=1180960, ndraw=40, logz=-714.17, remainder_fraction=12.8048%, Lmin=-706.15, Lmax=-705.66
15:05:42 [ultranest] [DEBUG] iteration=4059, ncalls=29870, regioncalls=1181080, ndraw=40, logz=-714.17, remainder_fraction=12.7740%, Lmin=-706.15, Lmax=-705.66
15:05:42 [ultranest] [DEBUG] iteration=4061, ncalls=29879, regioncalls=1181440, ndraw=40, logz=-714.17, remainder_fraction=12.7276%, Lmin=-706.14, Lmax=-705.66
15:05:43 [ultranest] [DEBUG] iteration=4062, ncalls=29885, regioncalls=1181680, ndraw=40, logz=-714.17, remainder_fraction=12.6992%, Lmin=-706.14, Lmax=-705.66
15:05:44 [ultranest] [DEBUG] iteration=4064, ncalls=29899, regioncalls=1182240, ndraw=40, logz=-714.16, remainder_fraction=12.6487%, Lmin=-706.14, Lmax=-705.66
15:05:44 [ultranest] [DEBUG] iteration=4065, ncalls=29911, regioncalls=1182720, ndraw=40, logz=-714.16, remainder_fraction=12.6278%, Lmin=-706.14, Lmax=-705.66
15:05:44 [ultranest] [DEBUG] iteration=4067, ncalls=29915, regioncalls=1182880, ndraw=40, logz=-714.16, remainder_fraction=12.5724%, Lmin=-706.14, Lmax=-705.66
15:05:44 [ultranest] [DEBUG] iteration=4069, ncalls=29917, regioncalls=1182960, ndraw=40, logz=-714.16, remainder_fraction=12.5147%, Lmin=-706.14, Lmax=-705.66
15:05:45 [ultranest] [DEBUG] iteration=4070, ncalls=29920, regioncalls=1183080, ndraw=40, logz=-714.16, remainder_fraction=12.4913%, Lmin=-706.13, Lmax=-705.66
15:05:45 [ultranest] [DEBUG] iteration=4072, ncalls=29923, regioncalls=1183200, ndraw=40, logz=-714.16, remainder_fraction=12.4426%, Lmin=-706.13, Lmax=-705.66
15:05:45 [ultranest] [DEBUG] iteration=4074, ncalls=29925, regioncalls=1183280, ndraw=40, logz=-714.16, remainder_fraction=12.3881%, Lmin=-706.13, Lmax=-705.66
15:05:46 [ultranest] [DEBUG] iteration=4075, ncalls=29939, regioncalls=1183840, ndraw=40, logz=-714.16, remainder_fraction=12.3625%, Lmin=-706.13, Lmax=-705.66
15:05:46 [ultranest] [DEBUG] iteration=4076, ncalls=29943, regioncalls=1184000, ndraw=40, logz=-714.16, remainder_fraction=12.3339%, Lmin=-706.13, Lmax=-705.66
15:05:46 [ultranest] [DEBUG] iteration=4078, ncalls=29948, regioncalls=1184200, ndraw=40, logz=-714.16, remainder_fraction=12.2847%, Lmin=-706.13, Lmax=-705.66
15:05:46 [ultranest] [DEBUG] iteration=4080, ncalls=29954, regioncalls=1184440, ndraw=40, logz=-714.16, remainder_fraction=12.2306%, Lmin=-706.13, Lmax=-705.66
15:05:47 [ultranest] [DEBUG] iteration=4081, ncalls=29959, regioncalls=1184640, ndraw=40, logz=-714.16, remainder_fraction=12.2054%, Lmin=-706.13, Lmax=-705.66
15:05:47 [ultranest] [DEBUG] iteration=4083, ncalls=29963, regioncalls=1184800, ndraw=40, logz=-714.16, remainder_fraction=12.1470%, Lmin=-706.13, Lmax=-705.66
15:05:47 [ultranest] [DEBUG] iteration=4084, ncalls=29969, regioncalls=1185040, ndraw=40, logz=-714.16, remainder_fraction=12.1184%, Lmin=-706.13, Lmax=-705.66
15:05:47 [ultranest] [DEBUG] iteration=4085, ncalls=29973, regioncalls=1185200, ndraw=40, logz=-714.16, remainder_fraction=12.0892%, Lmin=-706.13, Lmax=-705.66
15:05:47 [ultranest] [DEBUG] iteration=4086, ncalls=29976, regioncalls=1185320, ndraw=40, logz=-714.16, remainder_fraction=12.0605%, Lmin=-706.12, Lmax=-705.66
15:05:48 [ultranest] [DEBUG] iteration=4088, ncalls=29987, regioncalls=1185760, ndraw=40, logz=-714.16, remainder_fraction=12.0189%, Lmin=-706.12, Lmax=-705.66
15:05:48 [ultranest] [DEBUG] iteration=4089, ncalls=29992, regioncalls=1185960, ndraw=40, logz=-714.16, remainder_fraction=11.9908%, Lmin=-706.12, Lmax=-705.66
15:05:49 [ultranest] [DEBUG] iteration=4090, ncalls=30003, regioncalls=1186400, ndraw=40, logz=-714.16, remainder_fraction=11.9663%, Lmin=-706.12, Lmax=-705.66
15:05:49 [ultranest] [DEBUG] iteration=4092, ncalls=30009, regioncalls=1186640, ndraw=40, logz=-714.16, remainder_fraction=11.9215%, Lmin=-706.12, Lmax=-705.66
15:05:50 [ultranest] [DEBUG] iteration=4093, ncalls=30020, regioncalls=1187080, ndraw=40, logz=-714.16, remainder_fraction=11.9008%, Lmin=-706.12, Lmax=-705.66
15:05:50 [ultranest] [DEBUG] iteration=4094, ncalls=30024, regioncalls=1187240, ndraw=40, logz=-714.16, remainder_fraction=11.8727%, Lmin=-706.12, Lmax=-705.66
15:05:50 [ultranest] [DEBUG] iteration=4096, ncalls=30028, regioncalls=1187400, ndraw=40, logz=-714.16, remainder_fraction=11.8159%, Lmin=-706.12, Lmax=-705.66
15:05:50 [ultranest] [DEBUG] iteration=4097, ncalls=30031, regioncalls=1187520, ndraw=40, logz=-714.16, remainder_fraction=11.7870%, Lmin=-706.12, Lmax=-705.66
15:05:50 [ultranest] [DEBUG] iteration=4098, ncalls=30035, regioncalls=1187680, ndraw=40, logz=-714.15, remainder_fraction=11.7636%, Lmin=-706.12, Lmax=-705.66
15:05:50 [ultranest] [DEBUG] iteration=4100, ncalls=30039, regioncalls=1187840, ndraw=40, logz=-714.15, remainder_fraction=11.7127%, Lmin=-706.12, Lmax=-705.66
15:05:51 [ultranest] [DEBUG] iteration=4102, ncalls=30045, regioncalls=1188080, ndraw=40, logz=-714.15, remainder_fraction=11.6584%, Lmin=-706.11, Lmax=-705.66
15:05:51 [ultranest] [DEBUG] iteration=4103, ncalls=30053, regioncalls=1188400, ndraw=40, logz=-714.15, remainder_fraction=11.6364%, Lmin=-706.11, Lmax=-705.66
15:05:51 [ultranest] [DEBUG] iteration=4104, ncalls=30056, regioncalls=1188520, ndraw=40, logz=-714.15, remainder_fraction=11.6104%, Lmin=-706.11, Lmax=-705.66
15:05:52 [ultranest] [DEBUG] iteration=4105, ncalls=30069, regioncalls=1189040, ndraw=40, logz=-714.15, remainder_fraction=11.5844%, Lmin=-706.11, Lmax=-705.66
15:05:52 [ultranest] [DEBUG] iteration=4106, ncalls=30072, regioncalls=1189160, ndraw=40, logz=-714.15, remainder_fraction=11.5561%, Lmin=-706.11, Lmax=-705.66
15:05:52 [ultranest] [DEBUG] iteration=4107, ncalls=30079, regioncalls=1189440, ndraw=40, logz=-714.15, remainder_fraction=11.5310%, Lmin=-706.11, Lmax=-705.66
15:05:53 [ultranest] [DEBUG] iteration=4109, ncalls=30086, regioncalls=1189720, ndraw=40, logz=-714.15, remainder_fraction=11.4821%, Lmin=-706.11, Lmax=-705.66
15:05:53 [ultranest] [DEBUG] iteration=4111, ncalls=30089, regioncalls=1189840, ndraw=40, logz=-714.15, remainder_fraction=11.4372%, Lmin=-706.11, Lmax=-705.66
15:05:53 [ultranest] [DEBUG] iteration=4113, ncalls=30096, regioncalls=1190120, ndraw=40, logz=-714.15, remainder_fraction=11.3977%, Lmin=-706.11, Lmax=-705.66
15:05:54 [ultranest] [DEBUG] iteration=4115, ncalls=30102, regioncalls=1190360, ndraw=40, logz=-714.15, remainder_fraction=11.3495%, Lmin=-706.11, Lmax=-705.66
15:05:54 [ultranest] [DEBUG] iteration=4117, ncalls=30105, regioncalls=1190480, ndraw=40, logz=-714.15, remainder_fraction=11.3089%, Lmin=-706.11, Lmax=-705.66
15:05:54 [ultranest] [DEBUG] iteration=4119, ncalls=30110, regioncalls=1190680, ndraw=40, logz=-714.15, remainder_fraction=11.2658%, Lmin=-706.10, Lmax=-705.66
15:05:54 [ultranest] [DEBUG] iteration=4120, ncalls=30116, regioncalls=1190920, ndraw=40, logz=-714.15, remainder_fraction=11.2414%, Lmin=-706.10, Lmax=-705.66
15:05:55 [ultranest] [DEBUG] iteration=4122, ncalls=30123, regioncalls=1191200, ndraw=40, logz=-714.15, remainder_fraction=11.1884%, Lmin=-706.10, Lmax=-705.66
15:05:55 [ultranest] [DEBUG] iteration=4123, ncalls=30131, regioncalls=1191520, ndraw=40, logz=-714.15, remainder_fraction=11.1675%, Lmin=-706.10, Lmax=-705.66
15:05:56 [ultranest] [DEBUG] iteration=4124, ncalls=30141, regioncalls=1191920, ndraw=40, logz=-714.15, remainder_fraction=11.1424%, Lmin=-706.10, Lmax=-705.66
15:05:56 [ultranest] [DEBUG] iteration=4126, ncalls=30145, regioncalls=1192080, ndraw=40, logz=-714.15, remainder_fraction=11.0966%, Lmin=-706.10, Lmax=-705.66
15:05:56 [ultranest] [DEBUG] iteration=4128, ncalls=30151, regioncalls=1192320, ndraw=40, logz=-714.15, remainder_fraction=11.0501%, Lmin=-706.10, Lmax=-705.66
15:05:56 [ultranest] [DEBUG] iteration=4129, ncalls=30156, regioncalls=1192520, ndraw=40, logz=-714.15, remainder_fraction=11.0246%, Lmin=-706.10, Lmax=-705.66
15:05:56 [ultranest] [DEBUG] iteration=4131, ncalls=30158, regioncalls=1192640, ndraw=40, logz=-714.15, remainder_fraction=10.9767%, Lmin=-706.10, Lmax=-705.66
15:05:57 [ultranest] [DEBUG] iteration=4132, ncalls=30161, regioncalls=1192760, ndraw=40, logz=-714.15, remainder_fraction=10.9500%, Lmin=-706.10, Lmax=-705.66
15:05:57 [ultranest] [DEBUG] iteration=4135, ncalls=30173, regioncalls=1193240, ndraw=40, logz=-714.14, remainder_fraction=10.8804%, Lmin=-706.10, Lmax=-705.66
15:05:57 [ultranest] [DEBUG] iteration=4136, ncalls=30178, regioncalls=1193440, ndraw=40, logz=-714.14, remainder_fraction=10.8562%, Lmin=-706.09, Lmax=-705.66
15:05:58 [ultranest] [DEBUG] iteration=4137, ncalls=30186, regioncalls=1193760, ndraw=40, logz=-714.14, remainder_fraction=10.8320%, Lmin=-706.09, Lmax=-705.66
15:05:58 [ultranest] [DEBUG] iteration=4138, ncalls=30192, regioncalls=1194000, ndraw=40, logz=-714.14, remainder_fraction=10.8086%, Lmin=-706.09, Lmax=-705.66
15:05:58 [ultranest] [DEBUG] iteration=4139, ncalls=30197, regioncalls=1194200, ndraw=40, logz=-714.14, remainder_fraction=10.7823%, Lmin=-706.09, Lmax=-705.66
15:05:59 [ultranest] [DEBUG] iteration=4140, ncalls=30203, regioncalls=1194440, ndraw=40, logz=-714.14, remainder_fraction=10.7656%, Lmin=-706.09, Lmax=-705.66
15:05:59 [ultranest] [DEBUG] iteration=4143, ncalls=30211, regioncalls=1194760, ndraw=40, logz=-714.14, remainder_fraction=10.6913%, Lmin=-706.09, Lmax=-705.66
15:05:59 [ultranest] [DEBUG] iteration=4144, ncalls=30213, regioncalls=1194840, ndraw=40, logz=-714.14, remainder_fraction=10.6693%, Lmin=-706.09, Lmax=-705.66
15:05:59 [ultranest] [DEBUG] iteration=4146, ncalls=30219, regioncalls=1195080, ndraw=40, logz=-714.14, remainder_fraction=10.6252%, Lmin=-706.09, Lmax=-705.66
15:06:00 [ultranest] [DEBUG] iteration=4147, ncalls=30227, regioncalls=1195400, ndraw=40, logz=-714.14, remainder_fraction=10.6012%, Lmin=-706.09, Lmax=-705.66
15:06:00 [ultranest] [DEBUG] iteration=4149, ncalls=30233, regioncalls=1195640, ndraw=40, logz=-714.14, remainder_fraction=10.5596%, Lmin=-706.09, Lmax=-705.66
15:06:00 [ultranest] [DEBUG] iteration=4150, ncalls=30236, regioncalls=1195760, ndraw=40, logz=-714.14, remainder_fraction=10.5413%, Lmin=-706.09, Lmax=-705.66
15:06:00 [ultranest] [DEBUG] iteration=4151, ncalls=30239, regioncalls=1195880, ndraw=40, logz=-714.14, remainder_fraction=10.5205%, Lmin=-706.09, Lmax=-705.66
15:06:01 [ultranest] [DEBUG] iteration=4154, ncalls=30243, regioncalls=1196040, ndraw=40, logz=-714.14, remainder_fraction=10.4547%, Lmin=-706.09, Lmax=-705.66
15:06:01 [ultranest] [DEBUG] iteration=4155, ncalls=30254, regioncalls=1196480, ndraw=40, logz=-714.14, remainder_fraction=10.4319%, Lmin=-706.09, Lmax=-705.66
15:06:02 [ultranest] [DEBUG] iteration=4156, ncalls=30270, regioncalls=1197120, ndraw=40, logz=-714.14, remainder_fraction=10.4111%, Lmin=-706.08, Lmax=-705.66
15:06:02 [ultranest] [DEBUG] iteration=4158, ncalls=30277, regioncalls=1197400, ndraw=40, logz=-714.14, remainder_fraction=10.3641%, Lmin=-706.08, Lmax=-705.66
15:06:03 [ultranest] [DEBUG] iteration=4159, ncalls=30285, regioncalls=1197720, ndraw=40, logz=-714.14, remainder_fraction=10.3412%, Lmin=-706.08, Lmax=-705.66
15:06:03 [ultranest] [DEBUG] iteration=4161, ncalls=30290, regioncalls=1197920, ndraw=40, logz=-714.14, remainder_fraction=10.2971%, Lmin=-706.08, Lmax=-705.66
15:06:03 [ultranest] [DEBUG] iteration=4163, ncalls=30293, regioncalls=1198040, ndraw=40, logz=-714.14, remainder_fraction=10.2513%, Lmin=-706.08, Lmax=-705.66
15:06:03 [ultranest] [DEBUG] iteration=4164, ncalls=30295, regioncalls=1198120, ndraw=40, logz=-714.14, remainder_fraction=10.2323%, Lmin=-706.08, Lmax=-705.66
15:06:04 [ultranest] [DEBUG] iteration=4165, ncalls=30304, regioncalls=1198480, ndraw=40, logz=-714.14, remainder_fraction=10.2105%, Lmin=-706.08, Lmax=-705.66
15:06:04 [ultranest] [DEBUG] iteration=4166, ncalls=30319, regioncalls=1199080, ndraw=40, logz=-714.14, remainder_fraction=10.1864%, Lmin=-706.08, Lmax=-705.66
15:06:05 [ultranest] [DEBUG] iteration=4168, ncalls=30325, regioncalls=1199320, ndraw=40, logz=-714.14, remainder_fraction=10.1463%, Lmin=-706.08, Lmax=-705.66
15:06:05 [ultranest] [DEBUG] iteration=4169, ncalls=30329, regioncalls=1199480, ndraw=40, logz=-714.14, remainder_fraction=10.1218%, Lmin=-706.08, Lmax=-705.66
15:06:05 [ultranest] [DEBUG] iteration=4170, ncalls=30332, regioncalls=1199600, ndraw=40, logz=-714.14, remainder_fraction=10.0973%, Lmin=-706.08, Lmax=-705.66
15:06:05 [ultranest] [DEBUG] iteration=4171, ncalls=30337, regioncalls=1199800, ndraw=40, logz=-714.14, remainder_fraction=10.0780%, Lmin=-706.08, Lmax=-705.66
15:06:05 [ultranest] [DEBUG] iteration=4172, ncalls=30340, regioncalls=1199920, ndraw=40, logz=-714.14, remainder_fraction=10.0550%, Lmin=-706.07, Lmax=-705.66
15:06:06 [ultranest] [DEBUG] iteration=4173, ncalls=30343, regioncalls=1200040, ndraw=40, logz=-714.14, remainder_fraction=10.0330%, Lmin=-706.07, Lmax=-705.66
15:06:06 [ultranest] [DEBUG] iteration=4174, ncalls=30345, regioncalls=1200120, ndraw=40, logz=-714.14, remainder_fraction=10.0096%, Lmin=-706.07, Lmax=-705.66
15:06:06 [ultranest] [DEBUG] iteration=4175, ncalls=30362, regioncalls=1200800, ndraw=40, logz=-714.13, remainder_fraction=9.9899%, Lmin=-706.07, Lmax=-705.66
15:06:07 [ultranest] [DEBUG] iteration=4176, ncalls=30377, regioncalls=1201400, ndraw=40, logz=-714.13, remainder_fraction=9.9702%, Lmin=-706.07, Lmax=-705.66
15:06:07 [ultranest] [DEBUG] iteration=4178, ncalls=30383, regioncalls=1201640, ndraw=40, logz=-714.13, remainder_fraction=9.9231%, Lmin=-706.07, Lmax=-705.66
15:06:08 [ultranest] [DEBUG] iteration=4179, ncalls=30391, regioncalls=1201960, ndraw=40, logz=-714.13, remainder_fraction=9.9002%, Lmin=-706.07, Lmax=-705.66
15:06:08 [ultranest] [DEBUG] iteration=4180, ncalls=30395, regioncalls=1202120, ndraw=40, logz=-714.13, remainder_fraction=9.8849%, Lmin=-706.07, Lmax=-705.66
15:06:08 [ultranest] [DEBUG] iteration=4181, ncalls=30400, regioncalls=1202320, ndraw=40, logz=-714.13, remainder_fraction=9.8629%, Lmin=-706.07, Lmax=-705.66
15:06:09 [ultranest] [DEBUG] iteration=4182, ncalls=30408, regioncalls=1202640, ndraw=40, logz=-714.13, remainder_fraction=9.8439%, Lmin=-706.07, Lmax=-705.66
15:06:09 [ultranest] [DEBUG] iteration=4183, ncalls=30410, regioncalls=1202720, ndraw=40, logz=-714.13, remainder_fraction=9.8211%, Lmin=-706.07, Lmax=-705.66
15:06:09 [ultranest] [DEBUG] iteration=4184, ncalls=30413, regioncalls=1202840, ndraw=40, logz=-714.13, remainder_fraction=9.7986%, Lmin=-706.07, Lmax=-705.66
15:06:10 [ultranest] [DEBUG] iteration=4186, ncalls=30425, regioncalls=1203320, ndraw=40, logz=-714.13, remainder_fraction=9.7523%, Lmin=-706.07, Lmax=-705.66
15:06:10 [ultranest] [DEBUG] iteration=4187, ncalls=30433, regioncalls=1203640, ndraw=40, logz=-714.13, remainder_fraction=9.7329%, Lmin=-706.07, Lmax=-705.66
15:06:10 [ultranest] [DEBUG] iteration=4188, ncalls=30442, regioncalls=1204000, ndraw=40, logz=-714.13, remainder_fraction=9.7114%, Lmin=-706.06, Lmax=-705.66
15:06:11 [ultranest] [DEBUG] iteration=4189, ncalls=30451, regioncalls=1204360, ndraw=40, logz=-714.13, remainder_fraction=9.6883%, Lmin=-706.06, Lmax=-705.66
15:06:11 [ultranest] [DEBUG] iteration=4190, ncalls=30454, regioncalls=1204480, ndraw=40, logz=-714.13, remainder_fraction=9.6714%, Lmin=-706.06, Lmax=-705.66
15:06:11 [ultranest] [DEBUG] iteration=4191, ncalls=30458, regioncalls=1204640, ndraw=40, logz=-714.13, remainder_fraction=9.6483%, Lmin=-706.06, Lmax=-705.66
15:06:12 [ultranest] [DEBUG] iteration=4192, ncalls=30465, regioncalls=1204920, ndraw=40, logz=-714.13, remainder_fraction=9.6298%, Lmin=-706.06, Lmax=-705.66
15:06:12 [ultranest] [DEBUG] iteration=4193, ncalls=30470, regioncalls=1205120, ndraw=40, logz=-714.13, remainder_fraction=9.6075%, Lmin=-706.06, Lmax=-705.66
15:06:12 [ultranest] [DEBUG] iteration=4194, ncalls=30472, regioncalls=1205200, ndraw=40, logz=-714.13, remainder_fraction=9.5898%, Lmin=-706.06, Lmax=-705.66
15:06:12 [ultranest] [DEBUG] iteration=4195, ncalls=30479, regioncalls=1205480, ndraw=40, logz=-714.13, remainder_fraction=9.5677%, Lmin=-706.06, Lmax=-705.66
15:06:13 [ultranest] [DEBUG] iteration=4196, ncalls=30495, regioncalls=1206120, ndraw=40, logz=-714.13, remainder_fraction=9.5464%, Lmin=-706.06, Lmax=-705.66
15:06:13 [ultranest] [DEBUG] iteration=4198, ncalls=30500, regioncalls=1206320, ndraw=40, logz=-714.13, remainder_fraction=9.5135%, Lmin=-706.06, Lmax=-705.66
15:06:14 [ultranest] [DEBUG] iteration=4200, ncalls=30504, regioncalls=1206480, ndraw=40, logz=-714.13, remainder_fraction=9.4685%, Lmin=-706.06, Lmax=-705.66
15:06:14 [ultranest] [DEBUG] iteration=4201, ncalls=30515, regioncalls=1206920, ndraw=40, logz=-714.13, remainder_fraction=9.4475%, Lmin=-706.06, Lmax=-705.66
15:06:14 [ultranest] [DEBUG] iteration=4202, ncalls=30517, regioncalls=1207000, ndraw=40, logz=-714.13, remainder_fraction=9.4266%, Lmin=-706.06, Lmax=-705.66
15:06:14 [ultranest] [DEBUG] iteration=4204, ncalls=30520, regioncalls=1207120, ndraw=40, logz=-714.13, remainder_fraction=9.3919%, Lmin=-706.06, Lmax=-705.66
15:06:15 [ultranest] [DEBUG] iteration=4206, ncalls=30531, regioncalls=1207560, ndraw=40, logz=-714.13, remainder_fraction=9.3547%, Lmin=-706.06, Lmax=-705.66
15:06:15 [ultranest] [DEBUG] iteration=4207, ncalls=30539, regioncalls=1207880, ndraw=40, logz=-714.13, remainder_fraction=9.3321%, Lmin=-706.06, Lmax=-705.66
15:06:16 [ultranest] [DEBUG] iteration=4208, ncalls=30548, regioncalls=1208240, ndraw=40, logz=-714.13, remainder_fraction=9.3123%, Lmin=-706.06, Lmax=-705.66
15:06:16 [ultranest] [DEBUG] iteration=4209, ncalls=30561, regioncalls=1208760, ndraw=40, logz=-714.13, remainder_fraction=9.2947%, Lmin=-706.06, Lmax=-705.66
15:06:17 [ultranest] [DEBUG] iteration=4210, ncalls=30565, regioncalls=1208920, ndraw=40, logz=-714.13, remainder_fraction=9.2718%, Lmin=-706.06, Lmax=-705.66
15:06:17 [ultranest] [DEBUG] iteration=4211, ncalls=30572, regioncalls=1209200, ndraw=40, logz=-714.13, remainder_fraction=9.2492%, Lmin=-706.06, Lmax=-705.66
15:06:18 [ultranest] [DEBUG] iteration=4212, ncalls=30587, regioncalls=1209800, ndraw=40, logz=-714.13, remainder_fraction=9.2281%, Lmin=-706.05, Lmax=-705.66
15:06:18 [ultranest] [DEBUG] iteration=4213, ncalls=30592, regioncalls=1210000, ndraw=40, logz=-714.13, remainder_fraction=9.2064%, Lmin=-706.05, Lmax=-705.66
15:06:19 [ultranest] [DEBUG] iteration=4215, ncalls=30613, regioncalls=1210840, ndraw=40, logz=-714.13, remainder_fraction=9.1677%, Lmin=-706.05, Lmax=-705.66
15:06:19 [ultranest] [DEBUG] iteration=4216, ncalls=30620, regioncalls=1211120, ndraw=40, logz=-714.13, remainder_fraction=9.1517%, Lmin=-706.05, Lmax=-705.66
15:06:20 [ultranest] [DEBUG] iteration=4217, ncalls=30637, regioncalls=1211800, ndraw=40, logz=-714.13, remainder_fraction=9.1310%, Lmin=-706.05, Lmax=-705.66
15:06:21 [ultranest] [DEBUG] iteration=4218, ncalls=30654, regioncalls=1212480, ndraw=40, logz=-714.13, remainder_fraction=9.1088%, Lmin=-706.05, Lmax=-705.66
15:06:21 [ultranest] [DEBUG] iteration=4219, ncalls=30663, regioncalls=1212840, ndraw=40, logz=-714.12, remainder_fraction=9.0866%, Lmin=-706.05, Lmax=-705.66
15:06:22 [ultranest] [DEBUG] iteration=4220, ncalls=30669, regioncalls=1213080, ndraw=40, logz=-714.12, remainder_fraction=9.0656%, Lmin=-706.05, Lmax=-705.66
15:06:22 [ultranest] [DEBUG] iteration=4221, ncalls=30673, regioncalls=1213440, ndraw=40, logz=-714.12, remainder_fraction=9.0471%, Lmin=-706.05, Lmax=-705.66
15:06:22 [ultranest] [DEBUG] iteration=4223, ncalls=30676, regioncalls=1213560, ndraw=40, logz=-714.12, remainder_fraction=9.0047%, Lmin=-706.05, Lmax=-705.66
15:06:23 [ultranest] [DEBUG] iteration=4224, ncalls=30690, regioncalls=1214120, ndraw=40, logz=-714.12, remainder_fraction=8.9845%, Lmin=-706.05, Lmax=-705.66
15:06:23 [ultranest] [DEBUG] iteration=4225, ncalls=30694, regioncalls=1214280, ndraw=40, logz=-714.12, remainder_fraction=8.9685%, Lmin=-706.05, Lmax=-705.66
15:06:23 [ultranest] [DEBUG] iteration=4226, ncalls=30696, regioncalls=1214360, ndraw=40, logz=-714.12, remainder_fraction=8.9501%, Lmin=-706.05, Lmax=-705.66
15:06:24 [ultranest] [DEBUG] iteration=4227, ncalls=30698, regioncalls=1214440, ndraw=40, logz=-714.12, remainder_fraction=8.9300%, Lmin=-706.04, Lmax=-705.66
15:06:24 [ultranest] [DEBUG] iteration=4229, ncalls=30701, regioncalls=1214560, ndraw=40, logz=-714.12, remainder_fraction=8.8959%, Lmin=-706.04, Lmax=-705.66
15:06:24 [ultranest] [DEBUG] iteration=4232, ncalls=30708, regioncalls=1214840, ndraw=40, logz=-714.12, remainder_fraction=8.8340%, Lmin=-706.04, Lmax=-705.66
15:06:25 [ultranest] [DEBUG] iteration=4233, ncalls=30720, regioncalls=1215320, ndraw=40, logz=-714.12, remainder_fraction=8.8138%, Lmin=-706.04, Lmax=-705.66
15:06:25 [ultranest] [DEBUG] iteration=4234, ncalls=30726, regioncalls=1215560, ndraw=40, logz=-714.12, remainder_fraction=8.7927%, Lmin=-706.04, Lmax=-705.66
15:06:25 [ultranest] [DEBUG] iteration=4236, ncalls=30729, regioncalls=1215680, ndraw=40, logz=-714.12, remainder_fraction=8.7568%, Lmin=-706.04, Lmax=-705.66
15:06:25 [ultranest] [DEBUG] iteration=4238, ncalls=30734, regioncalls=1215880, ndraw=40, logz=-714.12, remainder_fraction=8.7170%, Lmin=-706.04, Lmax=-705.66
15:06:26 [ultranest] [DEBUG] iteration=4239, ncalls=30742, regioncalls=1216200, ndraw=40, logz=-714.12, remainder_fraction=8.6968%, Lmin=-706.04, Lmax=-705.66
15:06:26 [ultranest] [DEBUG] iteration=4241, ncalls=30745, regioncalls=1216320, ndraw=40, logz=-714.12, remainder_fraction=8.6582%, Lmin=-706.04, Lmax=-705.66
15:06:27 [ultranest] [DEBUG] iteration=4242, ncalls=30771, regioncalls=1217360, ndraw=40, logz=-714.12, remainder_fraction=8.6441%, Lmin=-706.04, Lmax=-705.66
15:06:28 [ultranest] [DEBUG] iteration=4243, ncalls=30776, regioncalls=1217560, ndraw=40, logz=-714.12, remainder_fraction=8.6285%, Lmin=-706.04, Lmax=-705.66
15:06:28 [ultranest] [DEBUG] iteration=4244, ncalls=30780, regioncalls=1217720, ndraw=40, logz=-714.12, remainder_fraction=8.6125%, Lmin=-706.04, Lmax=-705.66
15:06:28 [ultranest] [DEBUG] iteration=4245, ncalls=30783, regioncalls=1217840, ndraw=40, logz=-714.12, remainder_fraction=8.5925%, Lmin=-706.04, Lmax=-705.66
15:06:28 [ultranest] [DEBUG] iteration=4246, ncalls=30791, regioncalls=1218160, ndraw=40, logz=-714.12, remainder_fraction=8.5724%, Lmin=-706.03, Lmax=-705.66
15:06:29 [ultranest] [DEBUG] iteration=4248, ncalls=30810, regioncalls=1218920, ndraw=40, logz=-714.12, remainder_fraction=8.5332%, Lmin=-706.03, Lmax=-705.66
15:06:30 [ultranest] [DEBUG] iteration=4249, ncalls=30813, regioncalls=1219040, ndraw=40, logz=-714.12, remainder_fraction=8.5131%, Lmin=-706.03, Lmax=-705.66
15:06:30 [ultranest] [DEBUG] iteration=4250, ncalls=30818, regioncalls=1219240, ndraw=40, logz=-714.12, remainder_fraction=8.4940%, Lmin=-706.03, Lmax=-705.66
15:06:30 [ultranest] [DEBUG] iteration=4251, ncalls=30826, regioncalls=1219560, ndraw=40, logz=-714.12, remainder_fraction=8.4745%, Lmin=-706.03, Lmax=-705.66
15:06:31 [ultranest] [DEBUG] iteration=4253, ncalls=30833, regioncalls=1219840, ndraw=40, logz=-714.12, remainder_fraction=8.4366%, Lmin=-706.03, Lmax=-705.66
15:06:31 [ultranest] [DEBUG] iteration=4254, ncalls=30837, regioncalls=1220000, ndraw=40, logz=-714.12, remainder_fraction=8.4180%, Lmin=-706.03, Lmax=-705.66
15:06:31 [ultranest] [DEBUG] iteration=4256, ncalls=30839, regioncalls=1220080, ndraw=40, logz=-714.12, remainder_fraction=8.3770%, Lmin=-706.03, Lmax=-705.66
15:06:31 [ultranest] [DEBUG] iteration=4257, ncalls=30845, regioncalls=1220320, ndraw=40, logz=-714.12, remainder_fraction=8.3576%, Lmin=-706.03, Lmax=-705.66
15:06:32 [ultranest] [DEBUG] iteration=4259, ncalls=30855, regioncalls=1220720, ndraw=40, logz=-714.12, remainder_fraction=8.3178%, Lmin=-706.03, Lmax=-705.66
15:06:32 [ultranest] [DEBUG] iteration=4260, ncalls=30863, regioncalls=1221040, ndraw=40, logz=-714.12, remainder_fraction=8.3012%, Lmin=-706.03, Lmax=-705.66
15:06:33 [ultranest] [DEBUG] iteration=4262, ncalls=30877, regioncalls=1221600, ndraw=40, logz=-714.12, remainder_fraction=8.2607%, Lmin=-706.03, Lmax=-705.66
15:06:33 [ultranest] [DEBUG] iteration=4264, ncalls=30880, regioncalls=1221720, ndraw=40, logz=-714.12, remainder_fraction=8.2202%, Lmin=-706.03, Lmax=-705.66
15:06:33 [ultranest] [DEBUG] iteration=4265, ncalls=30891, regioncalls=1222160, ndraw=40, logz=-714.12, remainder_fraction=8.2069%, Lmin=-706.03, Lmax=-705.66
15:06:34 [ultranest] [DEBUG] iteration=4266, ncalls=30896, regioncalls=1222360, ndraw=40, logz=-714.12, remainder_fraction=8.1886%, Lmin=-706.03, Lmax=-705.66
15:06:34 [ultranest] [DEBUG] iteration=4267, ncalls=30903, regioncalls=1222640, ndraw=40, logz=-714.12, remainder_fraction=8.1711%, Lmin=-706.03, Lmax=-705.66
15:06:35 [ultranest] [DEBUG] iteration=4269, ncalls=30921, regioncalls=1223360, ndraw=40, logz=-714.11, remainder_fraction=8.1392%, Lmin=-706.03, Lmax=-705.66
15:06:35 [ultranest] [DEBUG] iteration=4271, ncalls=30924, regioncalls=1223480, ndraw=40, logz=-714.11, remainder_fraction=8.1063%, Lmin=-706.02, Lmax=-705.66
15:06:35 [ultranest] [DEBUG] iteration=4272, ncalls=30925, regioncalls=1223520, ndraw=40, logz=-714.11, remainder_fraction=8.0869%, Lmin=-706.02, Lmax=-705.66
15:06:36 [ultranest] [DEBUG] iteration=4273, ncalls=30932, regioncalls=1223800, ndraw=40, logz=-714.11, remainder_fraction=8.0685%, Lmin=-706.02, Lmax=-705.66
15:06:36 [ultranest] [DEBUG] iteration=4275, ncalls=30935, regioncalls=1223920, ndraw=40, logz=-714.11, remainder_fraction=8.0350%, Lmin=-706.02, Lmax=-705.66
15:06:36 [ultranest] [DEBUG] iteration=4276, ncalls=30938, regioncalls=1224040, ndraw=40, logz=-714.11, remainder_fraction=8.0189%, Lmin=-706.02, Lmax=-705.66
15:06:37 [ultranest] [DEBUG] iteration=4277, ncalls=30950, regioncalls=1224520, ndraw=40, logz=-714.11, remainder_fraction=8.0040%, Lmin=-706.02, Lmax=-705.66
15:06:37 [ultranest] [DEBUG] iteration=4278, ncalls=30952, regioncalls=1224600, ndraw=40, logz=-714.11, remainder_fraction=7.9877%, Lmin=-706.02, Lmax=-705.66
15:06:37 [ultranest] [DEBUG] iteration=4279, ncalls=30959, regioncalls=1224880, ndraw=40, logz=-714.11, remainder_fraction=7.9747%, Lmin=-706.02, Lmax=-705.66
15:06:37 [ultranest] [DEBUG] iteration=4281, ncalls=30963, regioncalls=1225040, ndraw=40, logz=-714.11, remainder_fraction=7.9411%, Lmin=-706.02, Lmax=-705.66
15:06:38 [ultranest] [DEBUG] iteration=4283, ncalls=30971, regioncalls=1225360, ndraw=40, logz=-714.11, remainder_fraction=7.9078%, Lmin=-706.02, Lmax=-705.66
15:06:38 [ultranest] [DEBUG] iteration=4285, ncalls=30976, regioncalls=1225560, ndraw=40, logz=-714.11, remainder_fraction=7.8756%, Lmin=-706.02, Lmax=-705.66
15:06:38 [ultranest] [DEBUG] iteration=4286, ncalls=30982, regioncalls=1225800, ndraw=40, logz=-714.11, remainder_fraction=7.8591%, Lmin=-706.02, Lmax=-705.66
15:06:38 [ultranest] [DEBUG] iteration=4287, ncalls=30984, regioncalls=1225880, ndraw=40, logz=-714.11, remainder_fraction=7.8415%, Lmin=-706.02, Lmax=-705.66
15:06:39 [ultranest] [DEBUG] iteration=4288, ncalls=30989, regioncalls=1226080, ndraw=40, logz=-714.11, remainder_fraction=7.8234%, Lmin=-706.01, Lmax=-705.66
15:06:39 [ultranest] [DEBUG] iteration=4290, ncalls=31000, regioncalls=1226520, ndraw=40, logz=-714.11, remainder_fraction=7.7911%, Lmin=-706.01, Lmax=-705.66
15:06:39 [ultranest] [DEBUG] iteration=4292, ncalls=31003, regioncalls=1226640, ndraw=40, logz=-714.11, remainder_fraction=7.7611%, Lmin=-706.01, Lmax=-705.66
15:06:40 [ultranest] [DEBUG] iteration=4293, ncalls=31006, regioncalls=1226760, ndraw=40, logz=-714.11, remainder_fraction=7.7426%, Lmin=-706.01, Lmax=-705.66
15:06:40 [ultranest] [DEBUG] iteration=4294, ncalls=31026, regioncalls=1227560, ndraw=40, logz=-714.11, remainder_fraction=7.7264%, Lmin=-706.01, Lmax=-705.66
15:06:41 [ultranest] [DEBUG] iteration=4295, ncalls=31029, regioncalls=1227680, ndraw=40, logz=-714.11, remainder_fraction=7.7089%, Lmin=-706.01, Lmax=-705.66
15:06:41 [ultranest] [DEBUG] iteration=4297, ncalls=31032, regioncalls=1227800, ndraw=40, logz=-714.11, remainder_fraction=7.6758%, Lmin=-706.01, Lmax=-705.66
15:06:41 [ultranest] [DEBUG] iteration=4299, ncalls=31035, regioncalls=1227920, ndraw=40, logz=-714.11, remainder_fraction=7.6479%, Lmin=-706.01, Lmax=-705.66
15:06:42 [ultranest] [DEBUG] iteration=4300, ncalls=31053, regioncalls=1228640, ndraw=40, logz=-714.11, remainder_fraction=7.6343%, Lmin=-706.01, Lmax=-705.66
15:06:42 [ultranest] [DEBUG] iteration=4301, ncalls=31058, regioncalls=1228840, ndraw=40, logz=-714.11, remainder_fraction=7.6181%, Lmin=-706.01, Lmax=-705.66
15:06:42 [ultranest] [DEBUG] iteration=4302, ncalls=31063, regioncalls=1229040, ndraw=40, logz=-714.11, remainder_fraction=7.6011%, Lmin=-706.01, Lmax=-705.66
15:06:42 [ultranest] [DEBUG] iteration=4304, ncalls=31066, regioncalls=1229160, ndraw=40, logz=-714.11, remainder_fraction=7.5681%, Lmin=-706.01, Lmax=-705.66
15:06:43 [ultranest] [DEBUG] iteration=4305, ncalls=31077, regioncalls=1229600, ndraw=40, logz=-714.11, remainder_fraction=7.5507%, Lmin=-706.01, Lmax=-705.66
15:06:44 [ultranest] [DEBUG] iteration=4306, ncalls=31087, regioncalls=1230000, ndraw=40, logz=-714.11, remainder_fraction=7.5331%, Lmin=-706.01, Lmax=-705.66
15:06:44 [ultranest] [DEBUG] iteration=4307, ncalls=31090, regioncalls=1230120, ndraw=40, logz=-714.11, remainder_fraction=7.5147%, Lmin=-706.01, Lmax=-705.66
15:06:44 [ultranest] [DEBUG] iteration=4309, ncalls=31094, regioncalls=1230280, ndraw=40, logz=-714.11, remainder_fraction=7.4803%, Lmin=-706.01, Lmax=-705.66
15:06:44 [ultranest] [DEBUG] iteration=4310, ncalls=31102, regioncalls=1230600, ndraw=40, logz=-714.11, remainder_fraction=7.4642%, Lmin=-706.01, Lmax=-705.66
15:06:45 [ultranest] [DEBUG] iteration=4311, ncalls=31109, regioncalls=1230880, ndraw=40, logz=-714.11, remainder_fraction=7.4491%, Lmin=-706.01, Lmax=-705.66
15:06:45 [ultranest] [DEBUG] iteration=4312, ncalls=31114, regioncalls=1231080, ndraw=40, logz=-714.11, remainder_fraction=7.4316%, Lmin=-706.00, Lmax=-705.66
15:06:46 [ultranest] [DEBUG] iteration=4313, ncalls=31130, regioncalls=1231720, ndraw=40, logz=-714.11, remainder_fraction=7.4148%, Lmin=-706.00, Lmax=-705.66
15:06:46 [ultranest] [DEBUG] iteration=4314, ncalls=31136, regioncalls=1231960, ndraw=40, logz=-714.11, remainder_fraction=7.3986%, Lmin=-706.00, Lmax=-705.66
15:06:46 [ultranest] [DEBUG] iteration=4315, ncalls=31143, regioncalls=1232240, ndraw=40, logz=-714.11, remainder_fraction=7.3804%, Lmin=-706.00, Lmax=-705.66
15:06:47 [ultranest] [DEBUG] iteration=4317, ncalls=31147, regioncalls=1232400, ndraw=40, logz=-714.11, remainder_fraction=7.3532%, Lmin=-706.00, Lmax=-705.66
15:06:47 [ultranest] [DEBUG] iteration=4318, ncalls=31154, regioncalls=1232680, ndraw=40, logz=-714.11, remainder_fraction=7.3351%, Lmin=-706.00, Lmax=-705.66
15:06:47 [ultranest] [DEBUG] iteration=4319, ncalls=31160, regioncalls=1232920, ndraw=40, logz=-714.11, remainder_fraction=7.3206%, Lmin=-706.00, Lmax=-705.66
15:06:47 [ultranest] [DEBUG] iteration=4320, ncalls=31164, regioncalls=1233080, ndraw=40, logz=-714.11, remainder_fraction=7.3037%, Lmin=-706.00, Lmax=-705.66
15:06:48 [ultranest] [DEBUG] iteration=4322, ncalls=31182, regioncalls=1233800, ndraw=40, logz=-714.11, remainder_fraction=7.2751%, Lmin=-706.00, Lmax=-705.66
15:06:48 [ultranest] [DEBUG] iteration=4323, ncalls=31184, regioncalls=1233880, ndraw=40, logz=-714.10, remainder_fraction=7.2588%, Lmin=-706.00, Lmax=-705.66
15:06:49 [ultranest] [DEBUG] iteration=4325, ncalls=31186, regioncalls=1233960, ndraw=40, logz=-714.10, remainder_fraction=7.2271%, Lmin=-706.00, Lmax=-705.66
15:06:49 [ultranest] [DEBUG] iteration=4326, ncalls=31189, regioncalls=1234080, ndraw=40, logz=-714.10, remainder_fraction=7.2103%, Lmin=-706.00, Lmax=-705.66
15:06:49 [ultranest] [DEBUG] iteration=4327, ncalls=31198, regioncalls=1234440, ndraw=40, logz=-714.10, remainder_fraction=7.1957%, Lmin=-706.00, Lmax=-705.66
15:06:50 [ultranest] [DEBUG] iteration=4329, ncalls=31211, regioncalls=1234960, ndraw=40, logz=-714.10, remainder_fraction=7.1626%, Lmin=-706.00, Lmax=-705.66
15:06:50 [ultranest] [DEBUG] iteration=4330, ncalls=31216, regioncalls=1235160, ndraw=40, logz=-714.10, remainder_fraction=7.1455%, Lmin=-706.00, Lmax=-705.66
15:06:51 [ultranest] [DEBUG] iteration=4332, ncalls=31227, regioncalls=1235600, ndraw=40, logz=-714.10, remainder_fraction=7.1168%, Lmin=-705.99, Lmax=-705.66
15:06:51 [ultranest] [DEBUG] iteration=4333, ncalls=31237, regioncalls=1236000, ndraw=40, logz=-714.10, remainder_fraction=7.1001%, Lmin=-705.99, Lmax=-705.66
15:06:51 [ultranest] [DEBUG] iteration=4334, ncalls=31240, regioncalls=1236120, ndraw=40, logz=-714.10, remainder_fraction=7.0837%, Lmin=-705.99, Lmax=-705.66
15:06:51 [ultranest] [DEBUG] iteration=4336, ncalls=31244, regioncalls=1236280, ndraw=40, logz=-714.10, remainder_fraction=7.0533%, Lmin=-705.99, Lmax=-705.66
15:06:52 [ultranest] [DEBUG] iteration=4337, ncalls=31246, regioncalls=1236360, ndraw=40, logz=-714.10, remainder_fraction=7.0365%, Lmin=-705.99, Lmax=-705.66
15:06:52 [ultranest] [DEBUG] iteration=4338, ncalls=31250, regioncalls=1236520, ndraw=40, logz=-714.10, remainder_fraction=7.0219%, Lmin=-705.99, Lmax=-705.66
15:06:52 [ultranest] [DEBUG] iteration=4339, ncalls=31256, regioncalls=1236760, ndraw=40, logz=-714.10, remainder_fraction=7.0068%, Lmin=-705.99, Lmax=-705.66
15:06:52 [ultranest] [DEBUG] iteration=4340, ncalls=31260, regioncalls=1236920, ndraw=40, logz=-714.10, remainder_fraction=6.9927%, Lmin=-705.99, Lmax=-705.66
15:06:52 [ultranest] [DEBUG] iteration=4342, ncalls=31265, regioncalls=1237120, ndraw=40, logz=-714.10, remainder_fraction=6.9670%, Lmin=-705.99, Lmax=-705.66
15:06:53 [ultranest] [DEBUG] iteration=4343, ncalls=31279, regioncalls=1237680, ndraw=40, logz=-714.10, remainder_fraction=6.9499%, Lmin=-705.99, Lmax=-705.66
15:06:54 [ultranest] [DEBUG] iteration=4345, ncalls=31287, regioncalls=1238000, ndraw=40, logz=-714.10, remainder_fraction=6.9174%, Lmin=-705.99, Lmax=-705.66
15:06:54 [ultranest] [DEBUG] iteration=4346, ncalls=31291, regioncalls=1238160, ndraw=40, logz=-714.10, remainder_fraction=6.9015%, Lmin=-705.99, Lmax=-705.66
15:06:54 [ultranest] [DEBUG] iteration=4348, ncalls=31296, regioncalls=1238360, ndraw=40, logz=-714.10, remainder_fraction=6.8741%, Lmin=-705.98, Lmax=-705.66
15:06:54 [ultranest] [DEBUG] iteration=4349, ncalls=31299, regioncalls=1238480, ndraw=40, logz=-714.10, remainder_fraction=6.8611%, Lmin=-705.98, Lmax=-705.66
15:06:54 [ultranest] [DEBUG] iteration=4350, ncalls=31302, regioncalls=1238600, ndraw=40, logz=-714.10, remainder_fraction=6.8443%, Lmin=-705.98, Lmax=-705.66
15:06:55 [ultranest] [DEBUG] iteration=4351, ncalls=31314, regioncalls=1239080, ndraw=40, logz=-714.10, remainder_fraction=6.8278%, Lmin=-705.98, Lmax=-705.66
15:06:55 [ultranest] [DEBUG] iteration=4352, ncalls=31316, regioncalls=1239160, ndraw=40, logz=-714.10, remainder_fraction=6.8130%, Lmin=-705.98, Lmax=-705.66
15:06:55 [ultranest] [DEBUG] iteration=4354, ncalls=31319, regioncalls=1239280, ndraw=40, logz=-714.10, remainder_fraction=6.7843%, Lmin=-705.98, Lmax=-705.66
15:06:55 [ultranest] [DEBUG] iteration=4355, ncalls=31322, regioncalls=1239400, ndraw=40, logz=-714.10, remainder_fraction=6.7678%, Lmin=-705.98, Lmax=-705.66
15:06:56 [ultranest] [DEBUG] iteration=4357, ncalls=31328, regioncalls=1239640, ndraw=40, logz=-714.10, remainder_fraction=6.7372%, Lmin=-705.98, Lmax=-705.66
15:06:56 [ultranest] [DEBUG] iteration=4359, ncalls=31332, regioncalls=1239800, ndraw=40, logz=-714.10, remainder_fraction=6.7072%, Lmin=-705.98, Lmax=-705.66
15:06:56 [ultranest] [DEBUG] iteration=4360, ncalls=31335, regioncalls=1239920, ndraw=40, logz=-714.10, remainder_fraction=6.6917%, Lmin=-705.98, Lmax=-705.66
15:06:56 [ultranest] [DEBUG] iteration=4361, ncalls=31341, regioncalls=1240160, ndraw=40, logz=-714.10, remainder_fraction=6.6785%, Lmin=-705.98, Lmax=-705.66
15:06:57 [ultranest] [DEBUG] iteration=4362, ncalls=31347, regioncalls=1240400, ndraw=40, logz=-714.10, remainder_fraction=6.6621%, Lmin=-705.98, Lmax=-705.66
15:06:57 [ultranest] [DEBUG] iteration=4364, ncalls=31351, regioncalls=1240560, ndraw=40, logz=-714.10, remainder_fraction=6.6347%, Lmin=-705.98, Lmax=-705.66
15:06:57 [ultranest] [DEBUG] iteration=4365, ncalls=31355, regioncalls=1240720, ndraw=40, logz=-714.10, remainder_fraction=6.6201%, Lmin=-705.97, Lmax=-705.66
15:06:57 [ultranest] [DEBUG] iteration=4366, ncalls=31358, regioncalls=1240840, ndraw=40, logz=-714.10, remainder_fraction=6.6068%, Lmin=-705.97, Lmax=-705.66
15:06:57 [ultranest] [DEBUG] iteration=4368, ncalls=31362, regioncalls=1241000, ndraw=40, logz=-714.10, remainder_fraction=6.5780%, Lmin=-705.97, Lmax=-705.66
15:06:58 [ultranest] [DEBUG] iteration=4369, ncalls=31372, regioncalls=1241400, ndraw=40, logz=-714.10, remainder_fraction=6.5618%, Lmin=-705.97, Lmax=-705.66
15:06:58 [ultranest] [DEBUG] iteration=4370, ncalls=31380, regioncalls=1241720, ndraw=40, logz=-714.10, remainder_fraction=6.5490%, Lmin=-705.97, Lmax=-705.66
15:06:58 [ultranest] [DEBUG] iteration=4371, ncalls=31384, regioncalls=1241880, ndraw=40, logz=-714.10, remainder_fraction=6.5339%, Lmin=-705.97, Lmax=-705.66
15:07:00 [ultranest] [DEBUG] iteration=4373, ncalls=31403, regioncalls=1242640, ndraw=40, logz=-714.10, remainder_fraction=6.5076%, Lmin=-705.97, Lmax=-705.66
15:07:00 [ultranest] [DEBUG] iteration=4375, ncalls=31407, regioncalls=1242800, ndraw=40, logz=-714.10, remainder_fraction=6.4770%, Lmin=-705.97, Lmax=-705.66
15:07:00 [ultranest] [DEBUG] iteration=4376, ncalls=31412, regioncalls=1243000, ndraw=40, logz=-714.10, remainder_fraction=6.4643%, Lmin=-705.97, Lmax=-705.66
15:07:00 [ultranest] [DEBUG] iteration=4377, ncalls=31414, regioncalls=1243080, ndraw=40, logz=-714.10, remainder_fraction=6.4530%, Lmin=-705.97, Lmax=-705.66
15:07:01 [ultranest] [DEBUG] iteration=4378, ncalls=31427, regioncalls=1243600, ndraw=40, logz=-714.10, remainder_fraction=6.4384%, Lmin=-705.97, Lmax=-705.66
15:07:01 [ultranest] [DEBUG] iteration=4379, ncalls=31430, regioncalls=1243720, ndraw=40, logz=-714.10, remainder_fraction=6.4230%, Lmin=-705.97, Lmax=-705.66
15:07:01 [ultranest] [DEBUG] iteration=4380, ncalls=31434, regioncalls=1243880, ndraw=40, logz=-714.10, remainder_fraction=6.4077%, Lmin=-705.97, Lmax=-705.66
15:07:02 [ultranest] [DEBUG] iteration=4381, ncalls=31456, regioncalls=1244760, ndraw=40, logz=-714.10, remainder_fraction=6.3946%, Lmin=-705.97, Lmax=-705.66
15:07:03 [ultranest] [DEBUG] iteration=4383, ncalls=31466, regioncalls=1245160, ndraw=40, logz=-714.10, remainder_fraction=6.3671%, Lmin=-705.97, Lmax=-705.66
15:07:03 [ultranest] [DEBUG] iteration=4384, ncalls=31470, regioncalls=1245320, ndraw=40, logz=-714.10, remainder_fraction=6.3522%, Lmin=-705.97, Lmax=-705.66
15:07:03 [ultranest] [DEBUG] iteration=4385, ncalls=31475, regioncalls=1245520, ndraw=40, logz=-714.10, remainder_fraction=6.3369%, Lmin=-705.96, Lmax=-705.66
15:07:04 [ultranest] [DEBUG] iteration=4387, ncalls=31483, regioncalls=1245840, ndraw=40, logz=-714.09, remainder_fraction=6.3090%, Lmin=-705.96, Lmax=-705.66
15:07:05 [ultranest] [DEBUG] iteration=4388, ncalls=31500, regioncalls=1246520, ndraw=40, logz=-714.09, remainder_fraction=6.2949%, Lmin=-705.96, Lmax=-705.66
15:07:05 [ultranest] [DEBUG] iteration=4389, ncalls=31516, regioncalls=1247160, ndraw=40, logz=-714.09, remainder_fraction=6.2813%, Lmin=-705.96, Lmax=-705.66
15:07:06 [ultranest] [DEBUG] iteration=4390, ncalls=31524, regioncalls=1247480, ndraw=40, logz=-714.09, remainder_fraction=6.2669%, Lmin=-705.96, Lmax=-705.66
15:07:06 [ultranest] [DEBUG] iteration=4392, ncalls=31531, regioncalls=1247760, ndraw=40, logz=-714.09, remainder_fraction=6.2396%, Lmin=-705.96, Lmax=-705.66
15:07:06 [ultranest] [DEBUG] iteration=4393, ncalls=31537, regioncalls=1248000, ndraw=40, logz=-714.09, remainder_fraction=6.2241%, Lmin=-705.96, Lmax=-705.66
15:07:08 [ultranest] [DEBUG] iteration=4394, ncalls=31567, regioncalls=1249200, ndraw=40, logz=-714.09, remainder_fraction=6.2110%, Lmin=-705.96, Lmax=-705.66
15:07:08 [ultranest] [DEBUG] iteration=4395, ncalls=31581, regioncalls=1249760, ndraw=40, logz=-714.09, remainder_fraction=6.1978%, Lmin=-705.96, Lmax=-705.66
15:07:09 [ultranest] [DEBUG] iteration=4396, ncalls=31584, regioncalls=1249880, ndraw=40, logz=-714.09, remainder_fraction=6.1833%, Lmin=-705.96, Lmax=-705.66
15:07:09 [ultranest] [DEBUG] iteration=4397, ncalls=31597, regioncalls=1250400, ndraw=40, logz=-714.09, remainder_fraction=6.1682%, Lmin=-705.96, Lmax=-705.66
15:07:10 [ultranest] [DEBUG] iteration=4398, ncalls=31602, regioncalls=1250600, ndraw=40, logz=-714.09, remainder_fraction=6.1534%, Lmin=-705.96, Lmax=-705.66
15:07:10 [ultranest] [DEBUG] iteration=4399, ncalls=31606, regioncalls=1250760, ndraw=40, logz=-714.09, remainder_fraction=6.1384%, Lmin=-705.96, Lmax=-705.66
15:07:11 [ultranest] [DEBUG] iteration=4400, ncalls=31624, regioncalls=1251480, ndraw=40, logz=-714.09, remainder_fraction=6.1261%, Lmin=-705.96, Lmax=-705.66
15:07:11 [ultranest] [DEBUG] iteration=4401, ncalls=31628, regioncalls=1251680, ndraw=40, logz=-714.09, remainder_fraction=6.1115%, Lmin=-705.96, Lmax=-705.66
15:07:11 [ultranest] [DEBUG] iteration=4402, ncalls=31635, regioncalls=1251960, ndraw=40, logz=-714.09, remainder_fraction=6.0972%, Lmin=-705.96, Lmax=-705.66
15:07:11 [ultranest] [DEBUG] iteration=4403, ncalls=31637, regioncalls=1252040, ndraw=40, logz=-714.09, remainder_fraction=6.0832%, Lmin=-705.96, Lmax=-705.66
15:07:12 [ultranest] [DEBUG] iteration=4404, ncalls=31642, regioncalls=1252240, ndraw=40, logz=-714.09, remainder_fraction=6.0686%, Lmin=-705.96, Lmax=-705.66
15:07:12 [ultranest] [DEBUG] iteration=4406, ncalls=31649, regioncalls=1252520, ndraw=40, logz=-714.09, remainder_fraction=6.0422%, Lmin=-705.95, Lmax=-705.66
15:07:12 [ultranest] [DEBUG] iteration=4407, ncalls=31654, regioncalls=1252720, ndraw=40, logz=-714.09, remainder_fraction=6.0286%, Lmin=-705.95, Lmax=-705.66
15:07:12 [ultranest] [DEBUG] iteration=4408, ncalls=31657, regioncalls=1252840, ndraw=40, logz=-714.09, remainder_fraction=6.0142%, Lmin=-705.95, Lmax=-705.66
15:07:13 [ultranest] [DEBUG] iteration=4409, ncalls=31664, regioncalls=1253120, ndraw=40, logz=-714.09, remainder_fraction=5.9993%, Lmin=-705.95, Lmax=-705.66
15:07:13 [ultranest] [DEBUG] iteration=4410, ncalls=31668, regioncalls=1253280, ndraw=40, logz=-714.09, remainder_fraction=5.9883%, Lmin=-705.95, Lmax=-705.66
15:07:13 [ultranest] [DEBUG] iteration=4411, ncalls=31671, regioncalls=1253400, ndraw=40, logz=-714.09, remainder_fraction=5.9762%, Lmin=-705.95, Lmax=-705.66
15:07:14 [ultranest] [DEBUG] iteration=4412, ncalls=31682, regioncalls=1253840, ndraw=40, logz=-714.09, remainder_fraction=5.9637%, Lmin=-705.95, Lmax=-705.66
15:07:14 [ultranest] [DEBUG] iteration=4414, ncalls=31684, regioncalls=1253920, ndraw=40, logz=-714.09, remainder_fraction=5.9348%, Lmin=-705.95, Lmax=-705.66
15:07:14 [ultranest] [DEBUG] iteration=4416, ncalls=31689, regioncalls=1254120, ndraw=40, logz=-714.09, remainder_fraction=5.9055%, Lmin=-705.95, Lmax=-705.66
15:07:15 [ultranest] [DEBUG] iteration=4417, ncalls=31703, regioncalls=1254680, ndraw=40, logz=-714.09, remainder_fraction=5.8918%, Lmin=-705.95, Lmax=-705.66
15:07:15 [ultranest] [DEBUG] iteration=4418, ncalls=31713, regioncalls=1255080, ndraw=40, logz=-714.09, remainder_fraction=5.8776%, Lmin=-705.95, Lmax=-705.66
15:07:15 [ultranest] [DEBUG] iteration=4419, ncalls=31715, regioncalls=1255160, ndraw=40, logz=-714.09, remainder_fraction=5.8643%, Lmin=-705.95, Lmax=-705.66
15:07:16 [ultranest] [DEBUG] iteration=4420, ncalls=31725, regioncalls=1255560, ndraw=40, logz=-714.09, remainder_fraction=5.8520%, Lmin=-705.95, Lmax=-705.66
15:07:16 [ultranest] [DEBUG] iteration=4422, ncalls=31731, regioncalls=1255800, ndraw=40, logz=-714.09, remainder_fraction=5.8254%, Lmin=-705.95, Lmax=-705.66
15:07:16 [ultranest] [DEBUG] iteration=4423, ncalls=31735, regioncalls=1255960, ndraw=40, logz=-714.09, remainder_fraction=5.8131%, Lmin=-705.95, Lmax=-705.66
15:07:17 [ultranest] [DEBUG] iteration=4424, ncalls=31740, regioncalls=1256160, ndraw=40, logz=-714.09, remainder_fraction=5.8021%, Lmin=-705.95, Lmax=-705.66
15:07:17 [ultranest] [DEBUG] iteration=4426, ncalls=31742, regioncalls=1256240, ndraw=40, logz=-714.09, remainder_fraction=5.7766%, Lmin=-705.95, Lmax=-705.66
15:07:17 [ultranest] [DEBUG] iteration=4427, ncalls=31745, regioncalls=1256360, ndraw=40, logz=-714.09, remainder_fraction=5.7660%, Lmin=-705.95, Lmax=-705.66
15:07:17 [ultranest] [DEBUG] iteration=4428, ncalls=31751, regioncalls=1256600, ndraw=40, logz=-714.09, remainder_fraction=5.7524%, Lmin=-705.95, Lmax=-705.66
15:07:18 [ultranest] [DEBUG] iteration=4429, ncalls=31760, regioncalls=1256960, ndraw=40, logz=-714.09, remainder_fraction=5.7389%, Lmin=-705.95, Lmax=-705.66
15:07:18 [ultranest] [DEBUG] iteration=4430, ncalls=31763, regioncalls=1257080, ndraw=40, logz=-714.09, remainder_fraction=5.7267%, Lmin=-705.95, Lmax=-705.66
15:07:18 [ultranest] [DEBUG] iteration=4431, ncalls=31768, regioncalls=1257280, ndraw=40, logz=-714.09, remainder_fraction=5.7153%, Lmin=-705.95, Lmax=-705.66
15:07:18 [ultranest] [DEBUG] iteration=4432, ncalls=31771, regioncalls=1257400, ndraw=40, logz=-714.09, remainder_fraction=5.7043%, Lmin=-705.94, Lmax=-705.66
15:07:19 [ultranest] [DEBUG] iteration=4433, ncalls=31780, regioncalls=1257760, ndraw=40, logz=-714.09, remainder_fraction=5.6905%, Lmin=-705.94, Lmax=-705.66
15:07:19 [ultranest] [DEBUG] iteration=4435, ncalls=31783, regioncalls=1257880, ndraw=40, logz=-714.09, remainder_fraction=5.6632%, Lmin=-705.94, Lmax=-705.66
15:07:19 [ultranest] [DEBUG] iteration=4437, ncalls=31791, regioncalls=1258200, ndraw=40, logz=-714.09, remainder_fraction=5.6386%, Lmin=-705.94, Lmax=-705.66
15:07:20 [ultranest] [DEBUG] iteration=4439, ncalls=31796, regioncalls=1258400, ndraw=40, logz=-714.09, remainder_fraction=5.6111%, Lmin=-705.94, Lmax=-705.66
15:07:20 [ultranest] [DEBUG] iteration=4440, ncalls=31808, regioncalls=1258880, ndraw=40, logz=-714.09, remainder_fraction=5.5989%, Lmin=-705.94, Lmax=-705.66
15:07:21 [ultranest] [DEBUG] iteration=4442, ncalls=31814, regioncalls=1259120, ndraw=40, logz=-714.09, remainder_fraction=5.5755%, Lmin=-705.94, Lmax=-705.66
15:07:21 [ultranest] [DEBUG] iteration=4443, ncalls=31820, regioncalls=1259360, ndraw=40, logz=-714.09, remainder_fraction=5.5630%, Lmin=-705.94, Lmax=-705.66
15:07:21 [ultranest] [DEBUG] iteration=4445, ncalls=31827, regioncalls=1259640, ndraw=40, logz=-714.09, remainder_fraction=5.5378%, Lmin=-705.94, Lmax=-705.66
15:07:21 [ultranest] [DEBUG] iteration=4446, ncalls=31831, regioncalls=1259800, ndraw=40, logz=-714.09, remainder_fraction=5.5246%, Lmin=-705.94, Lmax=-705.66
15:07:22 [ultranest] [DEBUG] iteration=4448, ncalls=31833, regioncalls=1259880, ndraw=40, logz=-714.09, remainder_fraction=5.4994%, Lmin=-705.94, Lmax=-705.66
15:07:22 [ultranest] [DEBUG] iteration=4449, ncalls=31838, regioncalls=1260080, ndraw=40, logz=-714.09, remainder_fraction=5.4876%, Lmin=-705.94, Lmax=-705.66
15:07:22 [ultranest] [DEBUG] iteration=4450, ncalls=31843, regioncalls=1260280, ndraw=40, logz=-714.09, remainder_fraction=5.4747%, Lmin=-705.94, Lmax=-705.66
15:07:22 [ultranest] [DEBUG] iteration=4452, ncalls=31846, regioncalls=1260400, ndraw=40, logz=-714.09, remainder_fraction=5.4512%, Lmin=-705.94, Lmax=-705.66
15:07:22 [ultranest] [DEBUG] iteration=4453, ncalls=31848, regioncalls=1260480, ndraw=40, logz=-714.09, remainder_fraction=5.4392%, Lmin=-705.94, Lmax=-705.66
15:07:22 [ultranest] [DEBUG] iteration=4455, ncalls=31851, regioncalls=1260600, ndraw=40, logz=-714.09, remainder_fraction=5.4145%, Lmin=-705.94, Lmax=-705.66
15:07:23 [ultranest] [DEBUG] iteration=4458, ncalls=31857, regioncalls=1260840, ndraw=40, logz=-714.08, remainder_fraction=5.3754%, Lmin=-705.93, Lmax=-705.66
15:07:23 [ultranest] [DEBUG] iteration=4460, ncalls=31866, regioncalls=1261200, ndraw=40, logz=-714.08, remainder_fraction=5.3527%, Lmin=-705.93, Lmax=-705.66
15:07:23 [ultranest] [DEBUG] iteration=4462, ncalls=31871, regioncalls=1261400, ndraw=40, logz=-714.08, remainder_fraction=5.3292%, Lmin=-705.93, Lmax=-705.66
15:07:24 [ultranest] [DEBUG] iteration=4463, ncalls=31873, regioncalls=1261480, ndraw=40, logz=-714.08, remainder_fraction=5.3164%, Lmin=-705.93, Lmax=-705.66
15:07:24 [ultranest] [DEBUG] iteration=4464, ncalls=31874, regioncalls=1261520, ndraw=40, logz=-714.08, remainder_fraction=5.3049%, Lmin=-705.93, Lmax=-705.66
15:07:24 [ultranest] [DEBUG] iteration=4466, ncalls=31879, regioncalls=1261720, ndraw=40, logz=-714.08, remainder_fraction=5.2804%, Lmin=-705.93, Lmax=-705.66
15:07:24 [ultranest] [DEBUG] iteration=4467, ncalls=31886, regioncalls=1262000, ndraw=40, logz=-714.08, remainder_fraction=5.2682%, Lmin=-705.93, Lmax=-705.66
15:07:25 [ultranest] [DEBUG] iteration=4468, ncalls=31893, regioncalls=1262280, ndraw=40, logz=-714.08, remainder_fraction=5.2573%, Lmin=-705.93, Lmax=-705.66
15:07:25 [ultranest] [DEBUG] iteration=4469, ncalls=31897, regioncalls=1262440, ndraw=40, logz=-714.08, remainder_fraction=5.2459%, Lmin=-705.93, Lmax=-705.66
15:07:25 [ultranest] [DEBUG] iteration=4470, ncalls=31899, regioncalls=1262520, ndraw=40, logz=-714.08, remainder_fraction=5.2354%, Lmin=-705.93, Lmax=-705.66
15:07:25 [ultranest] [DEBUG] iteration=4472, ncalls=31904, regioncalls=1262720, ndraw=40, logz=-714.08, remainder_fraction=5.2138%, Lmin=-705.93, Lmax=-705.66
15:07:26 [ultranest] [DEBUG] iteration=4473, ncalls=31911, regioncalls=1263000, ndraw=40, logz=-714.08, remainder_fraction=5.2031%, Lmin=-705.93, Lmax=-705.66
15:07:26 [ultranest] [DEBUG] iteration=4474, ncalls=31916, regioncalls=1263200, ndraw=40, logz=-714.08, remainder_fraction=5.1915%, Lmin=-705.93, Lmax=-705.66
15:07:26 [ultranest] [DEBUG] iteration=4476, ncalls=31921, regioncalls=1263400, ndraw=40, logz=-714.08, remainder_fraction=5.1668%, Lmin=-705.93, Lmax=-705.66
15:07:27 [ultranest] [DEBUG] iteration=4478, ncalls=31936, regioncalls=1264000, ndraw=40, logz=-714.08, remainder_fraction=5.1421%, Lmin=-705.93, Lmax=-705.66
15:07:27 [ultranest] [DEBUG] iteration=4479, ncalls=31938, regioncalls=1264080, ndraw=40, logz=-714.08, remainder_fraction=5.1296%, Lmin=-705.93, Lmax=-705.66
15:07:27 [ultranest] [DEBUG] iteration=4481, ncalls=31941, regioncalls=1264200, ndraw=40, logz=-714.08, remainder_fraction=5.1068%, Lmin=-705.92, Lmax=-705.66
15:07:27 [ultranest] [DEBUG] iteration=4482, ncalls=31944, regioncalls=1264320, ndraw=40, logz=-714.08, remainder_fraction=5.0950%, Lmin=-705.92, Lmax=-705.66
15:07:28 [ultranest] [DEBUG] iteration=4483, ncalls=31949, regioncalls=1264520, ndraw=40, logz=-714.08, remainder_fraction=5.0855%, Lmin=-705.92, Lmax=-705.66
15:07:28 [ultranest] [DEBUG] iteration=4484, ncalls=31956, regioncalls=1264800, ndraw=40, logz=-714.08, remainder_fraction=5.0754%, Lmin=-705.92, Lmax=-705.66
15:07:28 [ultranest] [DEBUG] iteration=4485, ncalls=31961, regioncalls=1265000, ndraw=40, logz=-714.08, remainder_fraction=5.0636%, Lmin=-705.92, Lmax=-705.66
15:07:29 [ultranest] [DEBUG] iteration=4486, ncalls=31969, regioncalls=1265320, ndraw=40, logz=-714.08, remainder_fraction=5.0528%, Lmin=-705.92, Lmax=-705.66
15:07:29 [ultranest] [DEBUG] iteration=4488, ncalls=31981, regioncalls=1265800, ndraw=40, logz=-714.08, remainder_fraction=5.0296%, Lmin=-705.92, Lmax=-705.66
15:07:29 [ultranest] [DEBUG] iteration=4489, ncalls=31987, regioncalls=1266040, ndraw=40, logz=-714.08, remainder_fraction=5.0176%, Lmin=-705.92, Lmax=-705.66
15:07:30 [ultranest] [DEBUG] iteration=4490, ncalls=31990, regioncalls=1266160, ndraw=40, logz=-714.08, remainder_fraction=5.0065%, Lmin=-705.92, Lmax=-705.66
15:07:30 [ultranest] [DEBUG] iteration=4491, ncalls=31995, regioncalls=1266400, ndraw=40, logz=-714.08, remainder_fraction=4.9942%, Lmin=-705.92, Lmax=-705.66
15:07:30 [ultranest] [DEBUG] iteration=4492, ncalls=31997, regioncalls=1266480, ndraw=40, logz=-714.08, remainder_fraction=4.9828%, Lmin=-705.92, Lmax=-705.66
15:07:30 [ultranest] [DEBUG] iteration=4494, ncalls=32005, regioncalls=1266920, ndraw=40, logz=-714.08, remainder_fraction=4.9629%, Lmin=-705.92, Lmax=-705.66
15:07:31 [ultranest] [DEBUG] iteration=4496, ncalls=32009, regioncalls=1267080, ndraw=40, logz=-714.08, remainder_fraction=4.9401%, Lmin=-705.92, Lmax=-705.66
15:07:31 [ultranest] [DEBUG] iteration=4498, ncalls=32023, regioncalls=1267640, ndraw=40, logz=-714.08, remainder_fraction=4.9170%, Lmin=-705.92, Lmax=-705.66
15:07:31 [ultranest] [DEBUG] iteration=4499, ncalls=32026, regioncalls=1267760, ndraw=40, logz=-714.08, remainder_fraction=4.9048%, Lmin=-705.92, Lmax=-705.66
15:07:32 [ultranest] [DEBUG] iteration=4501, ncalls=32028, regioncalls=1267840, ndraw=40, logz=-714.08, remainder_fraction=4.8811%, Lmin=-705.92, Lmax=-705.66
15:07:32 [ultranest] [DEBUG] iteration=4502, ncalls=32031, regioncalls=1267960, ndraw=40, logz=-714.08, remainder_fraction=4.8714%, Lmin=-705.92, Lmax=-705.66
15:07:32 [ultranest] [DEBUG] iteration=4503, ncalls=32038, regioncalls=1268240, ndraw=40, logz=-714.08, remainder_fraction=4.8614%, Lmin=-705.92, Lmax=-705.66
15:07:32 [ultranest] [DEBUG] iteration=4505, ncalls=32042, regioncalls=1268400, ndraw=40, logz=-714.08, remainder_fraction=4.8394%, Lmin=-705.91, Lmax=-705.66
15:07:33 [ultranest] [DEBUG] iteration=4506, ncalls=32049, regioncalls=1268680, ndraw=40, logz=-714.08, remainder_fraction=4.8279%, Lmin=-705.91, Lmax=-705.66
15:07:33 [ultranest] [DEBUG] iteration=4507, ncalls=32056, regioncalls=1268960, ndraw=40, logz=-714.08, remainder_fraction=4.8183%, Lmin=-705.91, Lmax=-705.66
15:07:34 [ultranest] [DEBUG] iteration=4508, ncalls=32070, regioncalls=1269520, ndraw=40, logz=-714.08, remainder_fraction=4.8075%, Lmin=-705.91, Lmax=-705.66
15:07:34 [ultranest] [DEBUG] iteration=4509, ncalls=32072, regioncalls=1269600, ndraw=40, logz=-714.08, remainder_fraction=4.7977%, Lmin=-705.91, Lmax=-705.66
15:07:34 [ultranest] [DEBUG] iteration=4510, ncalls=32074, regioncalls=1269680, ndraw=40, logz=-714.08, remainder_fraction=4.7874%, Lmin=-705.91, Lmax=-705.66
15:07:34 [ultranest] [DEBUG] iteration=4511, ncalls=32079, regioncalls=1269880, ndraw=40, logz=-714.08, remainder_fraction=4.7756%, Lmin=-705.91, Lmax=-705.66
15:07:34 [ultranest] [DEBUG] iteration=4512, ncalls=32080, regioncalls=1269920, ndraw=40, logz=-714.08, remainder_fraction=4.7653%, Lmin=-705.91, Lmax=-705.66
15:07:35 [ultranest] [DEBUG] iteration=4513, ncalls=32098, regioncalls=1270640, ndraw=40, logz=-714.08, remainder_fraction=4.7535%, Lmin=-705.91, Lmax=-705.66
15:07:36 [ultranest] [DEBUG] iteration=4515, ncalls=32119, regioncalls=1271480, ndraw=40, logz=-714.08, remainder_fraction=4.7329%, Lmin=-705.91, Lmax=-705.66
15:07:37 [ultranest] [DEBUG] iteration=4516, ncalls=32132, regioncalls=1272000, ndraw=40, logz=-714.08, remainder_fraction=4.7217%, Lmin=-705.91, Lmax=-705.66
15:07:37 [ultranest] [DEBUG] iteration=4519, ncalls=32139, regioncalls=1272280, ndraw=40, logz=-714.08, remainder_fraction=4.6875%, Lmin=-705.91, Lmax=-705.66
15:07:38 [ultranest] [DEBUG] iteration=4520, ncalls=32150, regioncalls=1272720, ndraw=40, logz=-714.08, remainder_fraction=4.6774%, Lmin=-705.91, Lmax=-705.66
15:07:39 [ultranest] [DEBUG] iteration=4521, ncalls=32164, regioncalls=1273280, ndraw=40, logz=-714.08, remainder_fraction=4.6667%, Lmin=-705.91, Lmax=-705.66
15:07:39 [ultranest] [DEBUG] iteration=4523, ncalls=32180, regioncalls=1273920, ndraw=40, logz=-714.08, remainder_fraction=4.6483%, Lmin=-705.91, Lmax=-705.66
15:07:40 [ultranest] [DEBUG] iteration=4524, ncalls=32186, regioncalls=1274160, ndraw=40, logz=-714.08, remainder_fraction=4.6372%, Lmin=-705.91, Lmax=-705.66
15:07:40 [ultranest] [DEBUG] iteration=4526, ncalls=32188, regioncalls=1274240, ndraw=40, logz=-714.08, remainder_fraction=4.6147%, Lmin=-705.91, Lmax=-705.66
15:07:40 [ultranest] [DEBUG] iteration=4527, ncalls=32190, regioncalls=1274320, ndraw=40, logz=-714.08, remainder_fraction=4.6045%, Lmin=-705.91, Lmax=-705.66
15:07:41 [ultranest] [DEBUG] iteration=4528, ncalls=32200, regioncalls=1274720, ndraw=40, logz=-714.08, remainder_fraction=4.5933%, Lmin=-705.91, Lmax=-705.66
15:07:41 [ultranest] [DEBUG] iteration=4529, ncalls=32202, regioncalls=1274800, ndraw=40, logz=-714.08, remainder_fraction=4.5825%, Lmin=-705.91, Lmax=-705.66
15:07:41 [ultranest] [DEBUG] iteration=4531, ncalls=32204, regioncalls=1274880, ndraw=40, logz=-714.08, remainder_fraction=4.5615%, Lmin=-705.91, Lmax=-705.66
15:07:41 [ultranest] [DEBUG] iteration=4532, ncalls=32212, regioncalls=1275200, ndraw=40, logz=-714.08, remainder_fraction=4.5512%, Lmin=-705.91, Lmax=-705.66
15:07:41 [ultranest] [DEBUG] iteration=4534, ncalls=32219, regioncalls=1275480, ndraw=40, logz=-714.08, remainder_fraction=4.5321%, Lmin=-705.91, Lmax=-705.66
15:07:42 [ultranest] [DEBUG] iteration=4535, ncalls=32226, regioncalls=1275760, ndraw=40, logz=-714.08, remainder_fraction=4.5212%, Lmin=-705.91, Lmax=-705.66
15:07:42 [ultranest] [DEBUG] iteration=4536, ncalls=32231, regioncalls=1275960, ndraw=40, logz=-714.08, remainder_fraction=4.5114%, Lmin=-705.91, Lmax=-705.66
15:07:43 [ultranest] [DEBUG] iteration=4538, ncalls=32245, regioncalls=1276520, ndraw=40, logz=-714.08, remainder_fraction=4.4910%, Lmin=-705.91, Lmax=-705.66
15:07:43 [ultranest] [DEBUG] iteration=4540, ncalls=32251, regioncalls=1276760, ndraw=40, logz=-714.08, remainder_fraction=4.4725%, Lmin=-705.90, Lmax=-705.66
15:07:43 [ultranest] [DEBUG] iteration=4541, ncalls=32254, regioncalls=1276880, ndraw=40, logz=-714.08, remainder_fraction=4.4620%, Lmin=-705.90, Lmax=-705.66
15:07:43 [ultranest] [DEBUG] iteration=4542, ncalls=32259, regioncalls=1277080, ndraw=40, logz=-714.08, remainder_fraction=4.4523%, Lmin=-705.90, Lmax=-705.65
15:07:44 [ultranest] [DEBUG] iteration=4543, ncalls=32261, regioncalls=1277160, ndraw=40, logz=-714.08, remainder_fraction=4.4415%, Lmin=-705.90, Lmax=-705.65
15:07:44 [ultranest] [DEBUG] iteration=4544, ncalls=32264, regioncalls=1277280, ndraw=40, logz=-714.07, remainder_fraction=4.4331%, Lmin=-705.90, Lmax=-705.65
15:07:44 [ultranest] [DEBUG] iteration=4545, ncalls=32270, regioncalls=1277520, ndraw=40, logz=-714.07, remainder_fraction=4.4222%, Lmin=-705.90, Lmax=-705.65
15:07:44 [ultranest] [DEBUG] iteration=4547, ncalls=32275, regioncalls=1277720, ndraw=40, logz=-714.07, remainder_fraction=4.4009%, Lmin=-705.90, Lmax=-705.65
15:07:45 [ultranest] [DEBUG] iteration=4548, ncalls=32284, regioncalls=1278080, ndraw=40, logz=-714.07, remainder_fraction=4.3911%, Lmin=-705.90, Lmax=-705.65
15:07:45 [ultranest] [DEBUG] iteration=4549, ncalls=32290, regioncalls=1278320, ndraw=40, logz=-714.07, remainder_fraction=4.3817%, Lmin=-705.90, Lmax=-705.65
15:07:45 [ultranest] [DEBUG] iteration=4551, ncalls=32292, regioncalls=1278400, ndraw=40, logz=-714.07, remainder_fraction=4.3626%, Lmin=-705.90, Lmax=-705.65
15:07:46 [ultranest] [DEBUG] iteration=4552, ncalls=32298, regioncalls=1278640, ndraw=40, logz=-714.07, remainder_fraction=4.3520%, Lmin=-705.90, Lmax=-705.65
15:07:46 [ultranest] [DEBUG] iteration=4553, ncalls=32302, regioncalls=1278800, ndraw=40, logz=-714.07, remainder_fraction=4.3419%, Lmin=-705.90, Lmax=-705.65
15:07:46 [ultranest] [DEBUG] iteration=4554, ncalls=32311, regioncalls=1279160, ndraw=40, logz=-714.07, remainder_fraction=4.3321%, Lmin=-705.90, Lmax=-705.65
15:07:47 [ultranest] [DEBUG] iteration=4555, ncalls=32320, regioncalls=1279520, ndraw=40, logz=-714.07, remainder_fraction=4.3217%, Lmin=-705.90, Lmax=-705.65
15:07:47 [ultranest] [DEBUG] iteration=4557, ncalls=32322, regioncalls=1279600, ndraw=40, logz=-714.07, remainder_fraction=4.3027%, Lmin=-705.90, Lmax=-705.65
15:07:47 [ultranest] [DEBUG] iteration=4558, ncalls=32327, regioncalls=1279800, ndraw=40, logz=-714.07, remainder_fraction=4.2925%, Lmin=-705.90, Lmax=-705.65
15:07:47 [ultranest] [DEBUG] iteration=4559, ncalls=32329, regioncalls=1279880, ndraw=40, logz=-714.07, remainder_fraction=4.2834%, Lmin=-705.90, Lmax=-705.65
15:07:48 [ultranest] [DEBUG] iteration=4560, ncalls=32338, regioncalls=1280240, ndraw=40, logz=-714.07, remainder_fraction=4.2730%, Lmin=-705.90, Lmax=-705.65
15:07:48 [ultranest] [DEBUG] iteration=4561, ncalls=32341, regioncalls=1280360, ndraw=40, logz=-714.07, remainder_fraction=4.2646%, Lmin=-705.90, Lmax=-705.65
15:07:49 [ultranest] [DEBUG] iteration=4563, ncalls=32357, regioncalls=1281000, ndraw=40, logz=-714.07, remainder_fraction=4.2436%, Lmin=-705.90, Lmax=-705.65
15:07:49 [ultranest] [DEBUG] iteration=4565, ncalls=32368, regioncalls=1281440, ndraw=40, logz=-714.07, remainder_fraction=4.2248%, Lmin=-705.90, Lmax=-705.65
15:07:49 [ultranest] [DEBUG] iteration=4567, ncalls=32371, regioncalls=1281560, ndraw=40, logz=-714.07, remainder_fraction=4.2052%, Lmin=-705.89, Lmax=-705.65
15:07:50 [ultranest] [DEBUG] iteration=4568, ncalls=32375, regioncalls=1281720, ndraw=40, logz=-714.07, remainder_fraction=4.1962%, Lmin=-705.89, Lmax=-705.65
15:07:50 [ultranest] [DEBUG] iteration=4570, ncalls=32378, regioncalls=1281840, ndraw=40, logz=-714.07, remainder_fraction=4.1772%, Lmin=-705.89, Lmax=-705.65
15:07:50 [ultranest] [DEBUG] iteration=4571, ncalls=32382, regioncalls=1282000, ndraw=40, logz=-714.07, remainder_fraction=4.1686%, Lmin=-705.89, Lmax=-705.65
15:07:51 [ultranest] [DEBUG] iteration=4572, ncalls=32398, regioncalls=1282640, ndraw=40, logz=-714.07, remainder_fraction=4.1594%, Lmin=-705.89, Lmax=-705.65
15:07:51 [ultranest] [DEBUG] iteration=4574, ncalls=32401, regioncalls=1282760, ndraw=40, logz=-714.07, remainder_fraction=4.1421%, Lmin=-705.89, Lmax=-705.65
15:07:51 [ultranest] [DEBUG] iteration=4575, ncalls=32404, regioncalls=1282880, ndraw=40, logz=-714.07, remainder_fraction=4.1320%, Lmin=-705.89, Lmax=-705.65
15:07:52 [ultranest] [DEBUG] iteration=4576, ncalls=32413, regioncalls=1283240, ndraw=40, logz=-714.07, remainder_fraction=4.1219%, Lmin=-705.89, Lmax=-705.65
15:07:52 [ultranest] [DEBUG] iteration=4577, ncalls=32416, regioncalls=1283360, ndraw=40, logz=-714.07, remainder_fraction=4.1132%, Lmin=-705.89, Lmax=-705.65
15:07:52 [ultranest] [DEBUG] iteration=4579, ncalls=32421, regioncalls=1283560, ndraw=40, logz=-714.07, remainder_fraction=4.0941%, Lmin=-705.89, Lmax=-705.65
15:07:52 [ultranest] [DEBUG] iteration=4580, ncalls=32425, regioncalls=1283720, ndraw=40, logz=-714.07, remainder_fraction=4.0858%, Lmin=-705.89, Lmax=-705.65
15:07:52 [ultranest] [DEBUG] iteration=4581, ncalls=32431, regioncalls=1283960, ndraw=40, logz=-714.07, remainder_fraction=4.0759%, Lmin=-705.89, Lmax=-705.65
15:07:53 [ultranest] [DEBUG] iteration=4582, ncalls=32435, regioncalls=1284120, ndraw=40, logz=-714.07, remainder_fraction=4.0674%, Lmin=-705.89, Lmax=-705.65
15:07:53 [ultranest] [DEBUG] iteration=4583, ncalls=32442, regioncalls=1284400, ndraw=40, logz=-714.07, remainder_fraction=4.0578%, Lmin=-705.89, Lmax=-705.65
15:07:54 [ultranest] [DEBUG] iteration=4584, ncalls=32459, regioncalls=1285080, ndraw=40, logz=-714.07, remainder_fraction=4.0482%, Lmin=-705.89, Lmax=-705.65
15:07:55 [ultranest] [DEBUG] iteration=4585, ncalls=32469, regioncalls=1285480, ndraw=40, logz=-714.07, remainder_fraction=4.0393%, Lmin=-705.89, Lmax=-705.65
15:07:55 [ultranest] [DEBUG] iteration=4586, ncalls=32476, regioncalls=1285760, ndraw=40, logz=-714.07, remainder_fraction=4.0311%, Lmin=-705.89, Lmax=-705.65
15:07:55 [ultranest] [DEBUG] iteration=4587, ncalls=32479, regioncalls=1285880, ndraw=40, logz=-714.07, remainder_fraction=4.0217%, Lmin=-705.89, Lmax=-705.65
15:07:55 [ultranest] [DEBUG] iteration=4588, ncalls=32483, regioncalls=1286040, ndraw=40, logz=-714.07, remainder_fraction=4.0135%, Lmin=-705.89, Lmax=-705.65
15:07:55 [ultranest] [DEBUG] iteration=4589, ncalls=32487, regioncalls=1286200, ndraw=40, logz=-714.07, remainder_fraction=4.0041%, Lmin=-705.89, Lmax=-705.65
15:07:56 [ultranest] [DEBUG] iteration=4590, ncalls=32489, regioncalls=1286280, ndraw=40, logz=-714.07, remainder_fraction=3.9949%, Lmin=-705.89, Lmax=-705.65
15:07:56 [ultranest] [DEBUG] iteration=4591, ncalls=32493, regioncalls=1286440, ndraw=40, logz=-714.07, remainder_fraction=3.9851%, Lmin=-705.88, Lmax=-705.65
15:07:56 [ultranest] [DEBUG] iteration=4592, ncalls=32496, regioncalls=1286560, ndraw=40, logz=-714.07, remainder_fraction=3.9759%, Lmin=-705.88, Lmax=-705.65
15:07:56 [ultranest] [DEBUG] iteration=4593, ncalls=32504, regioncalls=1286880, ndraw=40, logz=-714.07, remainder_fraction=3.9664%, Lmin=-705.88, Lmax=-705.65
15:07:57 [ultranest] [DEBUG] iteration=4594, ncalls=32513, regioncalls=1287240, ndraw=40, logz=-714.07, remainder_fraction=3.9571%, Lmin=-705.88, Lmax=-705.65
15:07:57 [ultranest] [DEBUG] iteration=4595, ncalls=32515, regioncalls=1287320, ndraw=40, logz=-714.07, remainder_fraction=3.9486%, Lmin=-705.88, Lmax=-705.65
15:07:57 [ultranest] [DEBUG] iteration=4596, ncalls=32518, regioncalls=1287440, ndraw=40, logz=-714.07, remainder_fraction=3.9400%, Lmin=-705.88, Lmax=-705.65
15:07:57 [ultranest] [DEBUG] iteration=4597, ncalls=32520, regioncalls=1287520, ndraw=40, logz=-714.07, remainder_fraction=3.9309%, Lmin=-705.88, Lmax=-705.65
15:07:57 [ultranest] [DEBUG] iteration=4598, ncalls=32524, regioncalls=1287680, ndraw=40, logz=-714.07, remainder_fraction=3.9217%, Lmin=-705.88, Lmax=-705.65
15:07:58 [ultranest] [DEBUG] iteration=4599, ncalls=32530, regioncalls=1287920, ndraw=40, logz=-714.07, remainder_fraction=3.9132%, Lmin=-705.88, Lmax=-705.65
15:07:58 [ultranest] [DEBUG] iteration=4600, ncalls=32532, regioncalls=1288000, ndraw=40, logz=-714.07, remainder_fraction=3.9042%, Lmin=-705.88, Lmax=-705.65
15:07:58 [ultranest] [DEBUG] iteration=4602, ncalls=32535, regioncalls=1288120, ndraw=40, logz=-714.07, remainder_fraction=3.8867%, Lmin=-705.88, Lmax=-705.65
15:07:58 [ultranest] [DEBUG] iteration=4603, ncalls=32544, regioncalls=1288480, ndraw=40, logz=-714.07, remainder_fraction=3.8771%, Lmin=-705.88, Lmax=-705.65
15:07:59 [ultranest] [DEBUG] iteration=4605, ncalls=32549, regioncalls=1288680, ndraw=40, logz=-714.07, remainder_fraction=3.8599%, Lmin=-705.88, Lmax=-705.65
15:07:59 [ultranest] [DEBUG] iteration=4607, ncalls=32553, regioncalls=1288840, ndraw=40, logz=-714.07, remainder_fraction=3.8416%, Lmin=-705.88, Lmax=-705.65
15:07:59 [ultranest] [DEBUG] iteration=4608, ncalls=32560, regioncalls=1289120, ndraw=40, logz=-714.07, remainder_fraction=3.8320%, Lmin=-705.88, Lmax=-705.65
15:08:00 [ultranest] [DEBUG] iteration=4609, ncalls=32579, regioncalls=1289880, ndraw=40, logz=-714.07, remainder_fraction=3.8229%, Lmin=-705.88, Lmax=-705.65
15:08:00 [ultranest] [DEBUG] iteration=4610, ncalls=32581, regioncalls=1289960, ndraw=40, logz=-714.07, remainder_fraction=3.8148%, Lmin=-705.88, Lmax=-705.65
15:08:01 [ultranest] [DEBUG] iteration=4611, ncalls=32589, regioncalls=1290280, ndraw=40, logz=-714.07, remainder_fraction=3.8064%, Lmin=-705.88, Lmax=-705.65
15:08:01 [ultranest] [DEBUG] iteration=4612, ncalls=32602, regioncalls=1290800, ndraw=40, logz=-714.07, remainder_fraction=3.7974%, Lmin=-705.88, Lmax=-705.65
15:08:01 [ultranest] [DEBUG] iteration=4613, ncalls=32606, regioncalls=1290960, ndraw=40, logz=-714.07, remainder_fraction=3.7884%, Lmin=-705.88, Lmax=-705.65
15:08:02 [ultranest] [DEBUG] iteration=4614, ncalls=32608, regioncalls=1291040, ndraw=40, logz=-714.07, remainder_fraction=3.7795%, Lmin=-705.88, Lmax=-705.65
15:08:02 [ultranest] [DEBUG] iteration=4617, ncalls=32617, regioncalls=1291400, ndraw=40, logz=-714.07, remainder_fraction=3.7534%, Lmin=-705.87, Lmax=-705.65
15:08:02 [ultranest] [DEBUG] iteration=4619, ncalls=32625, regioncalls=1291720, ndraw=40, logz=-714.07, remainder_fraction=3.7354%, Lmin=-705.87, Lmax=-705.65
15:08:03 [ultranest] [DEBUG] iteration=4620, ncalls=32628, regioncalls=1291840, ndraw=40, logz=-714.07, remainder_fraction=3.7266%, Lmin=-705.87, Lmax=-705.65
15:08:03 [ultranest] [DEBUG] iteration=4621, ncalls=32632, regioncalls=1292000, ndraw=40, logz=-714.07, remainder_fraction=3.7187%, Lmin=-705.87, Lmax=-705.65
15:08:03 [ultranest] [DEBUG] iteration=4623, ncalls=32635, regioncalls=1292120, ndraw=40, logz=-714.07, remainder_fraction=3.7015%, Lmin=-705.87, Lmax=-705.65
15:08:03 [ultranest] [DEBUG] iteration=4624, ncalls=32639, regioncalls=1292280, ndraw=40, logz=-714.07, remainder_fraction=3.6935%, Lmin=-705.87, Lmax=-705.65
15:08:04 [ultranest] [DEBUG] iteration=4627, ncalls=32652, regioncalls=1292800, ndraw=40, logz=-714.07, remainder_fraction=3.6674%, Lmin=-705.87, Lmax=-705.65
15:08:04 [ultranest] [DEBUG] iteration=4628, ncalls=32661, regioncalls=1293160, ndraw=40, logz=-714.07, remainder_fraction=3.6588%, Lmin=-705.87, Lmax=-705.65
15:08:04 [ultranest] [DEBUG] iteration=4629, ncalls=32664, regioncalls=1293280, ndraw=40, logz=-714.07, remainder_fraction=3.6498%, Lmin=-705.87, Lmax=-705.65
15:08:05 [ultranest] [DEBUG] iteration=4630, ncalls=32667, regioncalls=1293400, ndraw=40, logz=-714.07, remainder_fraction=3.6409%, Lmin=-705.87, Lmax=-705.65
15:08:05 [ultranest] [DEBUG] iteration=4631, ncalls=32669, regioncalls=1293480, ndraw=40, logz=-714.07, remainder_fraction=3.6335%, Lmin=-705.87, Lmax=-705.65
15:08:05 [ultranest] [DEBUG] iteration=4632, ncalls=32671, regioncalls=1293560, ndraw=40, logz=-714.07, remainder_fraction=3.6255%, Lmin=-705.87, Lmax=-705.65
15:08:05 [ultranest] [DEBUG] iteration=4633, ncalls=32676, regioncalls=1293760, ndraw=40, logz=-714.07, remainder_fraction=3.6168%, Lmin=-705.87, Lmax=-705.65
15:08:06 [ultranest] [DEBUG] iteration=4634, ncalls=32697, regioncalls=1294600, ndraw=40, logz=-714.07, remainder_fraction=3.6086%, Lmin=-705.87, Lmax=-705.65
15:08:06 [ultranest] [DEBUG] iteration=4635, ncalls=32701, regioncalls=1294760, ndraw=40, logz=-714.07, remainder_fraction=3.5999%, Lmin=-705.87, Lmax=-705.65
15:08:07 [ultranest] [DEBUG] iteration=4636, ncalls=32706, regioncalls=1294960, ndraw=40, logz=-714.07, remainder_fraction=3.5917%, Lmin=-705.87, Lmax=-705.65
15:08:08 [ultranest] [DEBUG] iteration=4637, ncalls=32727, regioncalls=1295800, ndraw=40, logz=-714.07, remainder_fraction=3.5842%, Lmin=-705.87, Lmax=-705.65
15:08:08 [ultranest] [DEBUG] iteration=4639, ncalls=32730, regioncalls=1295920, ndraw=40, logz=-714.07, remainder_fraction=3.5668%, Lmin=-705.87, Lmax=-705.65
15:08:08 [ultranest] [DEBUG] iteration=4640, ncalls=32733, regioncalls=1296040, ndraw=40, logz=-714.07, remainder_fraction=3.5591%, Lmin=-705.87, Lmax=-705.65
15:08:09 [ultranest] [DEBUG] iteration=4642, ncalls=32751, regioncalls=1296760, ndraw=40, logz=-714.07, remainder_fraction=3.5420%, Lmin=-705.87, Lmax=-705.65
15:08:09 [ultranest] [DEBUG] iteration=4643, ncalls=32753, regioncalls=1296840, ndraw=40, logz=-714.07, remainder_fraction=3.5342%, Lmin=-705.87, Lmax=-705.65
15:08:10 [ultranest] [DEBUG] iteration=4644, ncalls=32763, regioncalls=1297240, ndraw=40, logz=-714.07, remainder_fraction=3.5257%, Lmin=-705.87, Lmax=-705.65
15:08:10 [ultranest] [DEBUG] iteration=4645, ncalls=32765, regioncalls=1297320, ndraw=40, logz=-714.07, remainder_fraction=3.5186%, Lmin=-705.87, Lmax=-705.65
15:08:10 [ultranest] [DEBUG] iteration=4646, ncalls=32769, regioncalls=1297480, ndraw=40, logz=-714.07, remainder_fraction=3.5103%, Lmin=-705.87, Lmax=-705.65
15:08:11 [ultranest] [DEBUG] iteration=4647, ncalls=32796, regioncalls=1298560, ndraw=40, logz=-714.07, remainder_fraction=3.5016%, Lmin=-705.87, Lmax=-705.65
15:08:12 [ultranest] [DEBUG] iteration=4648, ncalls=32816, regioncalls=1299360, ndraw=40, logz=-714.07, remainder_fraction=3.4934%, Lmin=-705.87, Lmax=-705.65
15:08:13 [ultranest] [DEBUG] iteration=4649, ncalls=32826, regioncalls=1299760, ndraw=40, logz=-714.07, remainder_fraction=3.4858%, Lmin=-705.87, Lmax=-705.65
15:08:13 [ultranest] [DEBUG] iteration=4650, ncalls=32830, regioncalls=1299920, ndraw=40, logz=-714.07, remainder_fraction=3.4779%, Lmin=-705.86, Lmax=-705.65
15:08:13 [ultranest] [DEBUG] iteration=4652, ncalls=32836, regioncalls=1300160, ndraw=40, logz=-714.06, remainder_fraction=3.4609%, Lmin=-705.86, Lmax=-705.65
15:08:14 [ultranest] [DEBUG] iteration=4654, ncalls=32839, regioncalls=1300280, ndraw=40, logz=-714.06, remainder_fraction=3.4450%, Lmin=-705.86, Lmax=-705.65
15:08:15 [ultranest] [DEBUG] iteration=4655, ncalls=32860, regioncalls=1301120, ndraw=40, logz=-714.06, remainder_fraction=3.4370%, Lmin=-705.86, Lmax=-705.65
15:08:15 [ultranest] [DEBUG] iteration=4656, ncalls=32863, regioncalls=1301240, ndraw=40, logz=-714.06, remainder_fraction=3.4296%, Lmin=-705.86, Lmax=-705.65
15:08:15 [ultranest] [DEBUG] iteration=4657, ncalls=32870, regioncalls=1301520, ndraw=40, logz=-714.06, remainder_fraction=3.4221%, Lmin=-705.86, Lmax=-705.65
15:08:15 [ultranest] [DEBUG] iteration=4658, ncalls=32874, regioncalls=1301680, ndraw=40, logz=-714.06, remainder_fraction=3.4137%, Lmin=-705.86, Lmax=-705.65
15:08:16 [ultranest] [DEBUG] iteration=4659, ncalls=32878, regioncalls=1301840, ndraw=40, logz=-714.06, remainder_fraction=3.4062%, Lmin=-705.86, Lmax=-705.65
15:08:16 [ultranest] [DEBUG] iteration=4660, ncalls=32886, regioncalls=1302160, ndraw=40, logz=-714.06, remainder_fraction=3.3983%, Lmin=-705.86, Lmax=-705.65
15:08:16 [ultranest] [DEBUG] iteration=4661, ncalls=32888, regioncalls=1302240, ndraw=40, logz=-714.06, remainder_fraction=3.3907%, Lmin=-705.86, Lmax=-705.65
15:08:17 [ultranest] [DEBUG] iteration=4662, ncalls=32897, regioncalls=1302600, ndraw=40, logz=-714.06, remainder_fraction=3.3836%, Lmin=-705.86, Lmax=-705.65
15:08:17 [ultranest] [DEBUG] iteration=4663, ncalls=32899, regioncalls=1302680, ndraw=40, logz=-714.06, remainder_fraction=3.3760%, Lmin=-705.86, Lmax=-705.65
15:08:17 [ultranest] [DEBUG] iteration=4664, ncalls=32903, regioncalls=1302840, ndraw=40, logz=-714.06, remainder_fraction=3.3685%, Lmin=-705.86, Lmax=-705.65
15:08:18 [ultranest] [DEBUG] iteration=4666, ncalls=32915, regioncalls=1303320, ndraw=40, logz=-714.06, remainder_fraction=3.3525%, Lmin=-705.86, Lmax=-705.65
15:08:18 [ultranest] [DEBUG] iteration=4667, ncalls=32919, regioncalls=1303480, ndraw=40, logz=-714.06, remainder_fraction=3.3443%, Lmin=-705.86, Lmax=-705.65
15:08:18 [ultranest] [DEBUG] iteration=4669, ncalls=32932, regioncalls=1304000, ndraw=40, logz=-714.06, remainder_fraction=3.3279%, Lmin=-705.86, Lmax=-705.65
15:08:19 [ultranest] [DEBUG] iteration=4670, ncalls=32939, regioncalls=1304280, ndraw=40, logz=-714.06, remainder_fraction=3.3207%, Lmin=-705.86, Lmax=-705.65
15:08:19 [ultranest] [DEBUG] iteration=4671, ncalls=32943, regioncalls=1304520, ndraw=40, logz=-714.06, remainder_fraction=3.3124%, Lmin=-705.86, Lmax=-705.65
15:08:19 [ultranest] [DEBUG] iteration=4673, ncalls=32951, regioncalls=1304840, ndraw=40, logz=-714.06, remainder_fraction=3.2971%, Lmin=-705.86, Lmax=-705.65
15:08:20 [ultranest] [DEBUG] iteration=4674, ncalls=32953, regioncalls=1304920, ndraw=40, logz=-714.06, remainder_fraction=3.2893%, Lmin=-705.86, Lmax=-705.65
15:08:20 [ultranest] [DEBUG] iteration=4677, ncalls=32956, regioncalls=1305040, ndraw=40, logz=-714.06, remainder_fraction=3.2661%, Lmin=-705.86, Lmax=-705.65
15:08:20 [ultranest] [DEBUG] iteration=4678, ncalls=32958, regioncalls=1305120, ndraw=40, logz=-714.06, remainder_fraction=3.2589%, Lmin=-705.86, Lmax=-705.65
15:08:20 [ultranest] [DEBUG] iteration=4679, ncalls=32961, regioncalls=1305240, ndraw=40, logz=-714.06, remainder_fraction=3.2512%, Lmin=-705.86, Lmax=-705.65
15:08:20 [ultranest] [DEBUG] iteration=4680, ncalls=32965, regioncalls=1305400, ndraw=40, logz=-714.06, remainder_fraction=3.2439%, Lmin=-705.86, Lmax=-705.65
15:08:20 [ultranest] [DEBUG] iteration=4681, ncalls=32967, regioncalls=1305480, ndraw=40, logz=-714.06, remainder_fraction=3.2361%, Lmin=-705.86, Lmax=-705.65
15:08:21 [ultranest] [DEBUG] iteration=4682, ncalls=32974, regioncalls=1305760, ndraw=40, logz=-714.06, remainder_fraction=3.2290%, Lmin=-705.85, Lmax=-705.65
15:08:21 [ultranest] [DEBUG] iteration=4683, ncalls=32979, regioncalls=1305960, ndraw=40, logz=-714.06, remainder_fraction=3.2210%, Lmin=-705.85, Lmax=-705.65
15:08:21 [ultranest] [DEBUG] iteration=4684, ncalls=32983, regioncalls=1306120, ndraw=40, logz=-714.06, remainder_fraction=3.2133%, Lmin=-705.85, Lmax=-705.65
15:08:22 [ultranest] [DEBUG] iteration=4685, ncalls=32995, regioncalls=1306600, ndraw=40, logz=-714.06, remainder_fraction=3.2053%, Lmin=-705.85, Lmax=-705.65
15:08:22 [ultranest] [DEBUG] iteration=4686, ncalls=33001, regioncalls=1306840, ndraw=40, logz=-714.06, remainder_fraction=3.1978%, Lmin=-705.85, Lmax=-705.65
15:08:22 [ultranest] [DEBUG] iteration=4687, ncalls=33007, regioncalls=1307080, ndraw=40, logz=-714.06, remainder_fraction=3.1908%, Lmin=-705.85, Lmax=-705.65
15:08:23 [ultranest] [DEBUG] iteration=4689, ncalls=33012, regioncalls=1307280, ndraw=40, logz=-714.06, remainder_fraction=3.1749%, Lmin=-705.85, Lmax=-705.65
15:08:23 [ultranest] [DEBUG] iteration=4690, ncalls=33019, regioncalls=1307560, ndraw=40, logz=-714.06, remainder_fraction=3.1678%, Lmin=-705.85, Lmax=-705.65
15:08:23 [ultranest] [DEBUG] iteration=4691, ncalls=33021, regioncalls=1307640, ndraw=40, logz=-714.06, remainder_fraction=3.1601%, Lmin=-705.85, Lmax=-705.65
15:08:23 [ultranest] [DEBUG] iteration=4692, ncalls=33024, regioncalls=1307760, ndraw=40, logz=-714.06, remainder_fraction=3.1530%, Lmin=-705.85, Lmax=-705.65
15:08:23 [ultranest] [DEBUG] iteration=4693, ncalls=33028, regioncalls=1307920, ndraw=40, logz=-714.06, remainder_fraction=3.1458%, Lmin=-705.85, Lmax=-705.65
15:08:24 [ultranest] [DEBUG] iteration=4694, ncalls=33036, regioncalls=1308240, ndraw=40, logz=-714.06, remainder_fraction=3.1391%, Lmin=-705.85, Lmax=-705.65
15:08:24 [ultranest] [DEBUG] iteration=4695, ncalls=33038, regioncalls=1308320, ndraw=40, logz=-714.06, remainder_fraction=3.1314%, Lmin=-705.85, Lmax=-705.65
15:08:24 [ultranest] [DEBUG] iteration=4696, ncalls=33048, regioncalls=1308720, ndraw=40, logz=-714.06, remainder_fraction=3.1241%, Lmin=-705.85, Lmax=-705.65
15:08:25 [ultranest] [DEBUG] iteration=4697, ncalls=33053, regioncalls=1308920, ndraw=40, logz=-714.06, remainder_fraction=3.1169%, Lmin=-705.85, Lmax=-705.65
15:08:25 [ultranest] [DEBUG] iteration=4698, ncalls=33055, regioncalls=1309000, ndraw=40, logz=-714.06, remainder_fraction=3.1096%, Lmin=-705.85, Lmax=-705.65
15:08:25 [ultranest] [DEBUG] iteration=4699, ncalls=33061, regioncalls=1309240, ndraw=40, logz=-714.06, remainder_fraction=3.1021%, Lmin=-705.85, Lmax=-705.65
15:08:25 [ultranest] [DEBUG] iteration=4700, ncalls=33067, regioncalls=1309480, ndraw=40, logz=-714.06, remainder_fraction=3.0949%, Lmin=-705.85, Lmax=-705.65
15:08:26 [ultranest] [DEBUG] iteration=4701, ncalls=33074, regioncalls=1309760, ndraw=40, logz=-714.06, remainder_fraction=3.0875%, Lmin=-705.85, Lmax=-705.65
15:08:26 [ultranest] [DEBUG] iteration=4702, ncalls=33076, regioncalls=1309840, ndraw=40, logz=-714.06, remainder_fraction=3.0805%, Lmin=-705.85, Lmax=-705.65
15:08:26 [ultranest] [DEBUG] iteration=4703, ncalls=33079, regioncalls=1309960, ndraw=40, logz=-714.06, remainder_fraction=3.0730%, Lmin=-705.85, Lmax=-705.65
15:08:26 [ultranest] [DEBUG] iteration=4704, ncalls=33081, regioncalls=1310040, ndraw=40, logz=-714.06, remainder_fraction=3.0664%, Lmin=-705.85, Lmax=-705.65
15:08:27 [ultranest] [DEBUG] iteration=4705, ncalls=33096, regioncalls=1310640, ndraw=40, logz=-714.06, remainder_fraction=3.0596%, Lmin=-705.85, Lmax=-705.65
15:08:27 [ultranest] [DEBUG] iteration=4706, ncalls=33099, regioncalls=1310760, ndraw=40, logz=-714.06, remainder_fraction=3.0524%, Lmin=-705.85, Lmax=-705.65
15:08:28 [ultranest] [DEBUG] iteration=4707, ncalls=33108, regioncalls=1311120, ndraw=40, logz=-714.06, remainder_fraction=3.0456%, Lmin=-705.85, Lmax=-705.65
15:08:28 [ultranest] [DEBUG] iteration=4709, ncalls=33125, regioncalls=1311800, ndraw=40, logz=-714.06, remainder_fraction=3.0314%, Lmin=-705.85, Lmax=-705.65
15:08:29 [ultranest] [DEBUG] iteration=4710, ncalls=33135, regioncalls=1312200, ndraw=40, logz=-714.06, remainder_fraction=3.0241%, Lmin=-705.85, Lmax=-705.65
15:08:29 [ultranest] [DEBUG] iteration=4711, ncalls=33142, regioncalls=1312480, ndraw=40, logz=-714.06, remainder_fraction=3.0178%, Lmin=-705.85, Lmax=-705.65
15:08:29 [ultranest] [DEBUG] iteration=4713, ncalls=33145, regioncalls=1312600, ndraw=40, logz=-714.06, remainder_fraction=3.0042%, Lmin=-705.85, Lmax=-705.65
15:08:30 [ultranest] [DEBUG] iteration=4714, ncalls=33148, regioncalls=1312720, ndraw=40, logz=-714.06, remainder_fraction=2.9967%, Lmin=-705.85, Lmax=-705.65
15:08:30 [ultranest] [DEBUG] iteration=4715, ncalls=33151, regioncalls=1312840, ndraw=40, logz=-714.06, remainder_fraction=2.9904%, Lmin=-705.85, Lmax=-705.65
15:08:30 [ultranest] [DEBUG] iteration=4717, ncalls=33153, regioncalls=1312920, ndraw=40, logz=-714.06, remainder_fraction=2.9766%, Lmin=-705.85, Lmax=-705.65
15:08:30 [ultranest] [DEBUG] iteration=4718, ncalls=33155, regioncalls=1313000, ndraw=40, logz=-714.06, remainder_fraction=2.9692%, Lmin=-705.85, Lmax=-705.65
15:08:30 [ultranest] [DEBUG] iteration=4719, ncalls=33158, regioncalls=1313120, ndraw=40, logz=-714.06, remainder_fraction=2.9625%, Lmin=-705.85, Lmax=-705.65
15:08:31 [ultranest] [DEBUG] iteration=4721, ncalls=33166, regioncalls=1313440, ndraw=40, logz=-714.06, remainder_fraction=2.9491%, Lmin=-705.85, Lmax=-705.65
15:08:31 [ultranest] [DEBUG] iteration=4722, ncalls=33170, regioncalls=1313600, ndraw=40, logz=-714.06, remainder_fraction=2.9421%, Lmin=-705.85, Lmax=-705.65
15:08:31 [ultranest] [DEBUG] iteration=4723, ncalls=33179, regioncalls=1313960, ndraw=40, logz=-714.06, remainder_fraction=2.9361%, Lmin=-705.85, Lmax=-705.65
15:08:31 [ultranest] [DEBUG] iteration=4724, ncalls=33182, regioncalls=1314080, ndraw=40, logz=-714.06, remainder_fraction=2.9292%, Lmin=-705.85, Lmax=-705.65
15:08:32 [ultranest] [DEBUG] iteration=4725, ncalls=33190, regioncalls=1314400, ndraw=40, logz=-714.06, remainder_fraction=2.9232%, Lmin=-705.85, Lmax=-705.65
15:08:32 [ultranest] [DEBUG] iteration=4726, ncalls=33192, regioncalls=1314480, ndraw=40, logz=-714.06, remainder_fraction=2.9169%, Lmin=-705.85, Lmax=-705.65
15:08:32 [ultranest] [DEBUG] iteration=4728, ncalls=33195, regioncalls=1314600, ndraw=40, logz=-714.06, remainder_fraction=2.9031%, Lmin=-705.84, Lmax=-705.65
15:08:32 [ultranest] [DEBUG] iteration=4729, ncalls=33197, regioncalls=1314680, ndraw=40, logz=-714.06, remainder_fraction=2.8965%, Lmin=-705.84, Lmax=-705.65
15:08:33 [ultranest] [DEBUG] iteration=4730, ncalls=33204, regioncalls=1314960, ndraw=40, logz=-714.06, remainder_fraction=2.8894%, Lmin=-705.84, Lmax=-705.65
15:08:33 [ultranest] [DEBUG] iteration=4733, ncalls=33208, regioncalls=1315120, ndraw=40, logz=-714.06, remainder_fraction=2.8697%, Lmin=-705.84, Lmax=-705.65
15:08:33 [ultranest] [DEBUG] iteration=4734, ncalls=33220, regioncalls=1315600, ndraw=40, logz=-714.06, remainder_fraction=2.8627%, Lmin=-705.84, Lmax=-705.65
15:08:34 [ultranest] [DEBUG] iteration=4735, ncalls=33223, regioncalls=1315720, ndraw=40, logz=-714.06, remainder_fraction=2.8564%, Lmin=-705.84, Lmax=-705.65
15:08:34 [ultranest] [DEBUG] iteration=4737, ncalls=33226, regioncalls=1315840, ndraw=40, logz=-714.06, remainder_fraction=2.8428%, Lmin=-705.84, Lmax=-705.65
15:08:34 [ultranest] [DEBUG] iteration=4738, ncalls=33232, regioncalls=1316080, ndraw=40, logz=-714.06, remainder_fraction=2.8358%, Lmin=-705.84, Lmax=-705.65
15:08:34 [ultranest] [DEBUG] iteration=4739, ncalls=33237, regioncalls=1316280, ndraw=40, logz=-714.06, remainder_fraction=2.8292%, Lmin=-705.84, Lmax=-705.65
15:08:35 [ultranest] [DEBUG] iteration=4740, ncalls=33242, regioncalls=1316480, ndraw=40, logz=-714.06, remainder_fraction=2.8229%, Lmin=-705.84, Lmax=-705.65
15:08:35 [ultranest] [DEBUG] iteration=4741, ncalls=33244, regioncalls=1316560, ndraw=40, logz=-714.06, remainder_fraction=2.8161%, Lmin=-705.84, Lmax=-705.65
15:08:35 [ultranest] [DEBUG] iteration=4742, ncalls=33249, regioncalls=1316760, ndraw=40, logz=-714.06, remainder_fraction=2.8095%, Lmin=-705.84, Lmax=-705.65
15:08:36 [ultranest] [DEBUG] iteration=4743, ncalls=33262, regioncalls=1317280, ndraw=40, logz=-714.06, remainder_fraction=2.8028%, Lmin=-705.84, Lmax=-705.65
15:08:36 [ultranest] [DEBUG] iteration=4744, ncalls=33264, regioncalls=1317360, ndraw=40, logz=-714.06, remainder_fraction=2.7963%, Lmin=-705.84, Lmax=-705.65
15:08:36 [ultranest] [DEBUG] iteration=4746, ncalls=33266, regioncalls=1317440, ndraw=40, logz=-714.06, remainder_fraction=2.7826%, Lmin=-705.84, Lmax=-705.65
15:08:36 [ultranest] [DEBUG] iteration=4748, ncalls=33270, regioncalls=1317600, ndraw=40, logz=-714.06, remainder_fraction=2.7702%, Lmin=-705.84, Lmax=-705.65
15:08:36 [ultranest] [DEBUG] iteration=4750, ncalls=33276, regioncalls=1317840, ndraw=40, logz=-714.06, remainder_fraction=2.7578%, Lmin=-705.84, Lmax=-705.65
15:08:38 [ultranest] [DEBUG] iteration=4752, ncalls=33303, regioncalls=1318920, ndraw=40, logz=-714.06, remainder_fraction=2.7445%, Lmin=-705.84, Lmax=-705.65
15:08:38 [ultranest] [DEBUG] iteration=4753, ncalls=33307, regioncalls=1319080, ndraw=40, logz=-714.06, remainder_fraction=2.7383%, Lmin=-705.84, Lmax=-705.65
15:08:38 [ultranest] [DEBUG] iteration=4754, ncalls=33316, regioncalls=1319440, ndraw=40, logz=-714.06, remainder_fraction=2.7324%, Lmin=-705.84, Lmax=-705.65
15:08:39 [ultranest] [DEBUG] iteration=4755, ncalls=33318, regioncalls=1319520, ndraw=40, logz=-714.06, remainder_fraction=2.7258%, Lmin=-705.84, Lmax=-705.65
15:08:40 [ultranest] [DEBUG] iteration=4756, ncalls=33339, regioncalls=1320360, ndraw=40, logz=-714.06, remainder_fraction=2.7197%, Lmin=-705.84, Lmax=-705.65
15:08:40 [ultranest] [DEBUG] iteration=4757, ncalls=33349, regioncalls=1320760, ndraw=40, logz=-714.06, remainder_fraction=2.7135%, Lmin=-705.83, Lmax=-705.65
15:08:40 [ultranest] [DEBUG] iteration=4758, ncalls=33352, regioncalls=1320880, ndraw=40, logz=-714.06, remainder_fraction=2.7068%, Lmin=-705.83, Lmax=-705.65
15:08:41 [ultranest] [DEBUG] iteration=4759, ncalls=33360, regioncalls=1321200, ndraw=40, logz=-714.06, remainder_fraction=2.7003%, Lmin=-705.83, Lmax=-705.65
15:08:41 [ultranest] [DEBUG] iteration=4761, ncalls=33368, regioncalls=1321560, ndraw=40, logz=-714.06, remainder_fraction=2.6872%, Lmin=-705.83, Lmax=-705.65
15:08:41 [ultranest] [DEBUG] iteration=4762, ncalls=33370, regioncalls=1321640, ndraw=40, logz=-714.06, remainder_fraction=2.6805%, Lmin=-705.83, Lmax=-705.65
15:08:41 [ultranest] [DEBUG] iteration=4764, ncalls=33372, regioncalls=1321720, ndraw=40, logz=-714.06, remainder_fraction=2.6680%, Lmin=-705.83, Lmax=-705.65
15:08:42 [ultranest] [DEBUG] iteration=4765, ncalls=33379, regioncalls=1322000, ndraw=40, logz=-714.06, remainder_fraction=2.6614%, Lmin=-705.83, Lmax=-705.65
15:08:42 [ultranest] [DEBUG] iteration=4766, ncalls=33386, regioncalls=1322280, ndraw=40, logz=-714.06, remainder_fraction=2.6550%, Lmin=-705.83, Lmax=-705.65
15:08:43 [ultranest] [DEBUG] iteration=4767, ncalls=33394, regioncalls=1322600, ndraw=40, logz=-714.06, remainder_fraction=2.6490%, Lmin=-705.83, Lmax=-705.65
15:08:43 [ultranest] [DEBUG] iteration=4768, ncalls=33403, regioncalls=1322960, ndraw=40, logz=-714.06, remainder_fraction=2.6433%, Lmin=-705.83, Lmax=-705.65
15:08:44 [ultranest] [DEBUG] iteration=4769, ncalls=33411, regioncalls=1323280, ndraw=40, logz=-714.06, remainder_fraction=2.6367%, Lmin=-705.83, Lmax=-705.65
15:08:44 [ultranest] [DEBUG] iteration=4770, ncalls=33414, regioncalls=1323400, ndraw=40, logz=-714.06, remainder_fraction=2.6308%, Lmin=-705.83, Lmax=-705.65
15:08:44 [ultranest] [DEBUG] iteration=4771, ncalls=33418, regioncalls=1323560, ndraw=40, logz=-714.06, remainder_fraction=2.6244%, Lmin=-705.83, Lmax=-705.65
15:08:44 [ultranest] [DEBUG] iteration=4772, ncalls=33420, regioncalls=1323640, ndraw=40, logz=-714.06, remainder_fraction=2.6180%, Lmin=-705.83, Lmax=-705.65
15:08:45 [ultranest] [DEBUG] iteration=4773, ncalls=33434, regioncalls=1324200, ndraw=40, logz=-714.06, remainder_fraction=2.6118%, Lmin=-705.83, Lmax=-705.65
15:08:45 [ultranest] [DEBUG] iteration=4774, ncalls=33440, regioncalls=1324440, ndraw=40, logz=-714.06, remainder_fraction=2.6058%, Lmin=-705.83, Lmax=-705.65
15:08:45 [ultranest] [DEBUG] iteration=4775, ncalls=33446, regioncalls=1324680, ndraw=40, logz=-714.06, remainder_fraction=2.5995%, Lmin=-705.83, Lmax=-705.65
15:08:45 [ultranest] [DEBUG] iteration=4776, ncalls=33448, regioncalls=1324760, ndraw=40, logz=-714.06, remainder_fraction=2.5934%, Lmin=-705.83, Lmax=-705.65
15:08:46 [ultranest] [DEBUG] iteration=4778, ncalls=33451, regioncalls=1324880, ndraw=40, logz=-714.06, remainder_fraction=2.5807%, Lmin=-705.83, Lmax=-705.65
15:08:46 [ultranest] [DEBUG] iteration=4779, ncalls=33453, regioncalls=1324960, ndraw=40, logz=-714.06, remainder_fraction=2.5745%, Lmin=-705.83, Lmax=-705.65
15:08:46 [ultranest] [DEBUG] iteration=4780, ncalls=33457, regioncalls=1325120, ndraw=40, logz=-714.06, remainder_fraction=2.5684%, Lmin=-705.83, Lmax=-705.65
15:08:46 [ultranest] [DEBUG] iteration=4781, ncalls=33460, regioncalls=1325240, ndraw=40, logz=-714.06, remainder_fraction=2.5624%, Lmin=-705.83, Lmax=-705.65
15:08:46 [ultranest] [DEBUG] iteration=4782, ncalls=33463, regioncalls=1325360, ndraw=40, logz=-714.06, remainder_fraction=2.5563%, Lmin=-705.83, Lmax=-705.65
15:08:47 [ultranest] [DEBUG] iteration=4783, ncalls=33468, regioncalls=1325560, ndraw=40, logz=-714.06, remainder_fraction=2.5501%, Lmin=-705.83, Lmax=-705.65
15:08:47 [ultranest] [DEBUG] iteration=4785, ncalls=33481, regioncalls=1326080, ndraw=40, logz=-714.06, remainder_fraction=2.5381%, Lmin=-705.83, Lmax=-705.65
15:08:48 [ultranest] [DEBUG] iteration=4786, ncalls=33492, regioncalls=1326520, ndraw=40, logz=-714.06, remainder_fraction=2.5320%, Lmin=-705.83, Lmax=-705.65
15:08:48 [ultranest] [DEBUG] iteration=4787, ncalls=33495, regioncalls=1326640, ndraw=40, logz=-714.06, remainder_fraction=2.5262%, Lmin=-705.83, Lmax=-705.65
15:08:48 [ultranest] [DEBUG] iteration=4788, ncalls=33500, regioncalls=1326840, ndraw=40, logz=-714.06, remainder_fraction=2.5203%, Lmin=-705.82, Lmax=-705.65
15:08:49 [ultranest] [DEBUG] iteration=4789, ncalls=33506, regioncalls=1327080, ndraw=40, logz=-714.06, remainder_fraction=2.5147%, Lmin=-705.82, Lmax=-705.65
15:08:49 [ultranest] [DEBUG] iteration=4791, ncalls=33510, regioncalls=1327240, ndraw=40, logz=-714.06, remainder_fraction=2.5025%, Lmin=-705.82, Lmax=-705.65
15:08:49 [ultranest] [DEBUG] iteration=4792, ncalls=33512, regioncalls=1327320, ndraw=40, logz=-714.06, remainder_fraction=2.4970%, Lmin=-705.82, Lmax=-705.65
15:08:49 [ultranest] [DEBUG] iteration=4793, ncalls=33515, regioncalls=1327440, ndraw=40, logz=-714.05, remainder_fraction=2.4910%, Lmin=-705.82, Lmax=-705.65
15:08:49 [ultranest] [DEBUG] iteration=4796, ncalls=33521, regioncalls=1327680, ndraw=40, logz=-714.05, remainder_fraction=2.4734%, Lmin=-705.82, Lmax=-705.65
15:08:50 [ultranest] [DEBUG] iteration=4797, ncalls=33526, regioncalls=1327880, ndraw=40, logz=-714.05, remainder_fraction=2.4674%, Lmin=-705.82, Lmax=-705.65
15:08:50 [ultranest] [DEBUG] iteration=4799, ncalls=33529, regioncalls=1328000, ndraw=40, logz=-714.05, remainder_fraction=2.4558%, Lmin=-705.82, Lmax=-705.65
15:08:50 [ultranest] [DEBUG] iteration=4800, ncalls=33532, regioncalls=1328120, ndraw=40, logz=-714.05, remainder_fraction=2.4501%, Lmin=-705.82, Lmax=-705.65
15:08:50 [ultranest] [DEBUG] iteration=4802, ncalls=33538, regioncalls=1328360, ndraw=40, logz=-714.05, remainder_fraction=2.4384%, Lmin=-705.82, Lmax=-705.65
15:08:50 [ultranest] [DEBUG] iteration=4804, ncalls=33542, regioncalls=1328520, ndraw=40, logz=-714.05, remainder_fraction=2.4268%, Lmin=-705.82, Lmax=-705.65
15:08:51 [ultranest] [DEBUG] iteration=4805, ncalls=33549, regioncalls=1328800, ndraw=40, logz=-714.05, remainder_fraction=2.4210%, Lmin=-705.82, Lmax=-705.65
15:08:51 [ultranest] [DEBUG] iteration=4807, ncalls=33553, regioncalls=1328960, ndraw=40, logz=-714.05, remainder_fraction=2.4094%, Lmin=-705.82, Lmax=-705.65
15:08:51 [ultranest] [DEBUG] iteration=4808, ncalls=33555, regioncalls=1329040, ndraw=40, logz=-714.05, remainder_fraction=2.4040%, Lmin=-705.82, Lmax=-705.65
15:08:51 [ultranest] [DEBUG] iteration=4809, ncalls=33558, regioncalls=1329160, ndraw=40, logz=-714.05, remainder_fraction=2.3980%, Lmin=-705.82, Lmax=-705.65
15:08:52 [ultranest] [DEBUG] iteration=4811, ncalls=33570, regioncalls=1329640, ndraw=40, logz=-714.05, remainder_fraction=2.3869%, Lmin=-705.82, Lmax=-705.65
15:08:52 [ultranest] [DEBUG] iteration=4812, ncalls=33580, regioncalls=1330040, ndraw=40, logz=-714.05, remainder_fraction=2.3816%, Lmin=-705.82, Lmax=-705.65
15:08:53 [ultranest] [DEBUG] iteration=4813, ncalls=33582, regioncalls=1330120, ndraw=40, logz=-714.05, remainder_fraction=2.3759%, Lmin=-705.82, Lmax=-705.65
15:08:53 [ultranest] [DEBUG] iteration=4814, ncalls=33585, regioncalls=1330240, ndraw=40, logz=-714.05, remainder_fraction=2.3701%, Lmin=-705.82, Lmax=-705.65
15:08:53 [ultranest] [DEBUG] iteration=4815, ncalls=33588, regioncalls=1330360, ndraw=40, logz=-714.05, remainder_fraction=2.3645%, Lmin=-705.82, Lmax=-705.65
15:08:53 [ultranest] [DEBUG] iteration=4816, ncalls=33596, regioncalls=1330680, ndraw=40, logz=-714.05, remainder_fraction=2.3586%, Lmin=-705.82, Lmax=-705.65
15:08:54 [ultranest] [DEBUG] iteration=4818, ncalls=33613, regioncalls=1331360, ndraw=40, logz=-714.05, remainder_fraction=2.3480%, Lmin=-705.82, Lmax=-705.65
15:08:54 [ultranest] [DEBUG] iteration=4820, ncalls=33618, regioncalls=1331560, ndraw=40, logz=-714.05, remainder_fraction=2.3367%, Lmin=-705.81, Lmax=-705.65
15:08:55 [ultranest] [DEBUG] iteration=4821, ncalls=33626, regioncalls=1331880, ndraw=40, logz=-714.05, remainder_fraction=2.3309%, Lmin=-705.81, Lmax=-705.65
15:08:55 [ultranest] [DEBUG] iteration=4822, ncalls=33628, regioncalls=1331960, ndraw=40, logz=-714.05, remainder_fraction=2.3255%, Lmin=-705.81, Lmax=-705.65
15:08:55 [ultranest] [DEBUG] iteration=4824, ncalls=33639, regioncalls=1332400, ndraw=40, logz=-714.05, remainder_fraction=2.3149%, Lmin=-705.81, Lmax=-705.65
15:08:56 [ultranest] [DEBUG] iteration=4825, ncalls=33643, regioncalls=1332560, ndraw=40, logz=-714.05, remainder_fraction=2.3095%, Lmin=-705.81, Lmax=-705.65
15:08:57 [ultranest] [DEBUG] iteration=4826, ncalls=33662, regioncalls=1333320, ndraw=40, logz=-714.05, remainder_fraction=2.3046%, Lmin=-705.81, Lmax=-705.65
15:08:57 [ultranest] [DEBUG] iteration=4828, ncalls=33667, regioncalls=1333520, ndraw=40, logz=-714.05, remainder_fraction=2.2933%, Lmin=-705.81, Lmax=-705.65
15:08:57 [ultranest] [DEBUG] iteration=4829, ncalls=33671, regioncalls=1333680, ndraw=40, logz=-714.05, remainder_fraction=2.2879%, Lmin=-705.81, Lmax=-705.65
15:08:58 [ultranest] [DEBUG] iteration=4830, ncalls=33679, regioncalls=1334000, ndraw=40, logz=-714.05, remainder_fraction=2.2824%, Lmin=-705.81, Lmax=-705.65
15:08:58 [ultranest] [DEBUG] iteration=4832, ncalls=33681, regioncalls=1334080, ndraw=40, logz=-714.05, remainder_fraction=2.2712%, Lmin=-705.81, Lmax=-705.65
15:08:58 [ultranest] [DEBUG] iteration=4834, ncalls=33690, regioncalls=1334440, ndraw=40, logz=-714.05, remainder_fraction=2.2609%, Lmin=-705.81, Lmax=-705.65
15:08:59 [ultranest] [DEBUG] iteration=4836, ncalls=33708, regioncalls=1335160, ndraw=40, logz=-714.05, remainder_fraction=2.2504%, Lmin=-705.81, Lmax=-705.65
15:08:59 [ultranest] [DEBUG] iteration=4838, ncalls=33711, regioncalls=1335280, ndraw=40, logz=-714.05, remainder_fraction=2.2396%, Lmin=-705.81, Lmax=-705.65
15:09:00 [ultranest] [DEBUG] iteration=4839, ncalls=33721, regioncalls=1335680, ndraw=40, logz=-714.05, remainder_fraction=2.2349%, Lmin=-705.81, Lmax=-705.65
15:09:00 [ultranest] [DEBUG] iteration=4840, ncalls=33725, regioncalls=1335840, ndraw=40, logz=-714.05, remainder_fraction=2.2295%, Lmin=-705.81, Lmax=-705.65
15:09:01 [ultranest] [DEBUG] iteration=4841, ncalls=33736, regioncalls=1336280, ndraw=40, logz=-714.05, remainder_fraction=2.2242%, Lmin=-705.81, Lmax=-705.65
15:09:01 [ultranest] [DEBUG] iteration=4842, ncalls=33750, regioncalls=1336840, ndraw=40, logz=-714.05, remainder_fraction=2.2188%, Lmin=-705.81, Lmax=-705.65
15:09:02 [ultranest] [DEBUG] iteration=4843, ncalls=33754, regioncalls=1337000, ndraw=40, logz=-714.05, remainder_fraction=2.2135%, Lmin=-705.81, Lmax=-705.65
15:09:02 [ultranest] [DEBUG] iteration=4845, ncalls=33758, regioncalls=1337160, ndraw=40, logz=-714.05, remainder_fraction=2.2029%, Lmin=-705.81, Lmax=-705.65
15:09:02 [ultranest] [DEBUG] iteration=4846, ncalls=33760, regioncalls=1337240, ndraw=40, logz=-714.05, remainder_fraction=2.1979%, Lmin=-705.81, Lmax=-705.65
15:09:02 [ultranest] [DEBUG] iteration=4848, ncalls=33762, regioncalls=1337320, ndraw=40, logz=-714.05, remainder_fraction=2.1876%, Lmin=-705.81, Lmax=-705.65
15:09:02 [ultranest] [DEBUG] iteration=4850, ncalls=33765, regioncalls=1337440, ndraw=40, logz=-714.05, remainder_fraction=2.1773%, Lmin=-705.81, Lmax=-705.65
15:09:02 [ultranest] [DEBUG] iteration=4851, ncalls=33766, regioncalls=1337560, ndraw=40, logz=-714.05, remainder_fraction=2.1722%, Lmin=-705.81, Lmax=-705.65
15:09:02 [ultranest] [DEBUG] iteration=4852, ncalls=33769, regioncalls=1337880, ndraw=40, logz=-714.05, remainder_fraction=2.1672%, Lmin=-705.81, Lmax=-705.65
15:09:03 [ultranest] [DEBUG] iteration=4853, ncalls=33776, regioncalls=1338160, ndraw=40, logz=-714.05, remainder_fraction=2.1621%, Lmin=-705.81, Lmax=-705.65
15:09:03 [ultranest] [DEBUG] iteration=4854, ncalls=33779, regioncalls=1338280, ndraw=40, logz=-714.05, remainder_fraction=2.1570%, Lmin=-705.81, Lmax=-705.65
15:09:03 [ultranest] [DEBUG] iteration=4856, ncalls=33786, regioncalls=1338560, ndraw=40, logz=-714.05, remainder_fraction=2.1468%, Lmin=-705.81, Lmax=-705.65
15:09:04 [ultranest] [DEBUG] iteration=4857, ncalls=33791, regioncalls=1338760, ndraw=40, logz=-714.05, remainder_fraction=2.1418%, Lmin=-705.81, Lmax=-705.65
15:09:04 [ultranest] [DEBUG] iteration=4858, ncalls=33796, regioncalls=1338960, ndraw=40, logz=-714.05, remainder_fraction=2.1365%, Lmin=-705.81, Lmax=-705.65
15:09:04 [ultranest] [DEBUG] iteration=4859, ncalls=33801, regioncalls=1339160, ndraw=40, logz=-714.05, remainder_fraction=2.1318%, Lmin=-705.81, Lmax=-705.65
15:09:04 [ultranest] [DEBUG] iteration=4861, ncalls=33804, regioncalls=1339280, ndraw=40, logz=-714.05, remainder_fraction=2.1215%, Lmin=-705.81, Lmax=-705.65
15:09:05 [ultranest] [DEBUG] iteration=4862, ncalls=33822, regioncalls=1340000, ndraw=40, logz=-714.05, remainder_fraction=2.1170%, Lmin=-705.81, Lmax=-705.65
15:09:06 [ultranest] [DEBUG] iteration=4863, ncalls=33832, regioncalls=1340400, ndraw=40, logz=-714.05, remainder_fraction=2.1121%, Lmin=-705.81, Lmax=-705.65
15:09:06 [ultranest] [DEBUG] iteration=4864, ncalls=33837, regioncalls=1340600, ndraw=40, logz=-714.05, remainder_fraction=2.1071%, Lmin=-705.81, Lmax=-705.65
15:09:07 [ultranest] [DEBUG] iteration=4865, ncalls=33844, regioncalls=1340880, ndraw=40, logz=-714.05, remainder_fraction=2.1019%, Lmin=-705.80, Lmax=-705.65
15:09:07 [ultranest] [DEBUG] iteration=4866, ncalls=33846, regioncalls=1340960, ndraw=40, logz=-714.05, remainder_fraction=2.0968%, Lmin=-705.80, Lmax=-705.65
15:09:07 [ultranest] [DEBUG] iteration=4867, ncalls=33850, regioncalls=1341120, ndraw=40, logz=-714.05, remainder_fraction=2.0916%, Lmin=-705.80, Lmax=-705.65
15:09:07 [ultranest] [DEBUG] iteration=4868, ncalls=33855, regioncalls=1341320, ndraw=40, logz=-714.05, remainder_fraction=2.0869%, Lmin=-705.80, Lmax=-705.65
15:09:08 [ultranest] [DEBUG] iteration=4869, ncalls=33865, regioncalls=1341720, ndraw=40, logz=-714.05, remainder_fraction=2.0824%, Lmin=-705.80, Lmax=-705.65
15:09:09 [ultranest] [DEBUG] iteration=4870, ncalls=33890, regioncalls=1342720, ndraw=40, logz=-714.05, remainder_fraction=2.0776%, Lmin=-705.80, Lmax=-705.65
15:09:09 [ultranest] [DEBUG] iteration=4871, ncalls=33892, regioncalls=1342800, ndraw=40, logz=-714.05, remainder_fraction=2.0727%, Lmin=-705.80, Lmax=-705.65
15:09:10 [ultranest] [DEBUG] iteration=4872, ncalls=33897, regioncalls=1343000, ndraw=40, logz=-714.05, remainder_fraction=2.0676%, Lmin=-705.80, Lmax=-705.65
15:09:10 [ultranest] [DEBUG] iteration=4873, ncalls=33900, regioncalls=1343120, ndraw=40, logz=-714.05, remainder_fraction=2.0628%, Lmin=-705.80, Lmax=-705.65
15:09:10 [ultranest] [DEBUG] iteration=4874, ncalls=33902, regioncalls=1343200, ndraw=40, logz=-714.05, remainder_fraction=2.0579%, Lmin=-705.80, Lmax=-705.64
15:09:10 [ultranest] [DEBUG] iteration=4875, ncalls=33904, regioncalls=1343280, ndraw=40, logz=-714.05, remainder_fraction=2.0531%, Lmin=-705.80, Lmax=-705.64
15:09:11 [ultranest] [DEBUG] iteration=4877, ncalls=33913, regioncalls=1343640, ndraw=40, logz=-714.05, remainder_fraction=2.0443%, Lmin=-705.80, Lmax=-705.64
15:09:11 [ultranest] [DEBUG] iteration=4879, ncalls=33920, regioncalls=1343920, ndraw=40, logz=-714.05, remainder_fraction=2.0345%, Lmin=-705.80, Lmax=-705.64
15:09:11 [ultranest] [DEBUG] iteration=4880, ncalls=33925, regioncalls=1344120, ndraw=40, logz=-714.05, remainder_fraction=2.0298%, Lmin=-705.80, Lmax=-705.64
15:09:12 [ultranest] [DEBUG] iteration=4881, ncalls=33932, regioncalls=1344400, ndraw=40, logz=-714.05, remainder_fraction=2.0249%, Lmin=-705.80, Lmax=-705.64
15:09:12 [ultranest] [DEBUG] iteration=4882, ncalls=33936, regioncalls=1344560, ndraw=40, logz=-714.05, remainder_fraction=2.0203%, Lmin=-705.80, Lmax=-705.64
15:09:12 [ultranest] [DEBUG] iteration=4883, ncalls=33940, regioncalls=1344720, ndraw=40, logz=-714.05, remainder_fraction=2.0153%, Lmin=-705.80, Lmax=-705.64
15:09:13 [ultranest] [DEBUG] iteration=4884, ncalls=33950, regioncalls=1345120, ndraw=40, logz=-714.05, remainder_fraction=2.0103%, Lmin=-705.80, Lmax=-705.64
15:09:13 [ultranest] [DEBUG] iteration=4885, ncalls=33963, regioncalls=1345640, ndraw=40, logz=-714.05, remainder_fraction=2.0054%, Lmin=-705.80, Lmax=-705.64
15:09:14 [ultranest] [DEBUG] iteration=4886, ncalls=33967, regioncalls=1345800, ndraw=40, logz=-714.05, remainder_fraction=2.0004%, Lmin=-705.80, Lmax=-705.64
15:09:14 [ultranest] [DEBUG] iteration=4887, ncalls=33973, regioncalls=1346040, ndraw=40, logz=-714.05, remainder_fraction=1.9961%, Lmin=-705.80, Lmax=-705.64
15:09:14 [ultranest] [DEBUG] iteration=4888, ncalls=33980, regioncalls=1346320, ndraw=40, logz=-714.05, remainder_fraction=1.9917%, Lmin=-705.80, Lmax=-705.64
15:09:14 [ultranest] [DEBUG] iteration=4889, ncalls=33984, regioncalls=1346480, ndraw=40, logz=-714.05, remainder_fraction=1.9871%, Lmin=-705.80, Lmax=-705.64
15:09:15 [ultranest] [DEBUG] iteration=4890, ncalls=33986, regioncalls=1346560, ndraw=40, logz=-714.05, remainder_fraction=1.9828%, Lmin=-705.80, Lmax=-705.64
15:09:15 [ultranest] [DEBUG] iteration=4892, ncalls=33989, regioncalls=1346680, ndraw=40, logz=-714.05, remainder_fraction=1.9731%, Lmin=-705.80, Lmax=-705.64
15:09:15 [ultranest] [DEBUG] iteration=4893, ncalls=33994, regioncalls=1346880, ndraw=40, logz=-714.05, remainder_fraction=1.9686%, Lmin=-705.80, Lmax=-705.64
15:09:16 [ultranest] [DEBUG] iteration=4894, ncalls=34006, regioncalls=1347360, ndraw=40, logz=-714.05, remainder_fraction=1.9639%, Lmin=-705.80, Lmax=-705.64
15:09:16 [ultranest] [DEBUG] iteration=4895, ncalls=34013, regioncalls=1347640, ndraw=40, logz=-714.05, remainder_fraction=1.9594%, Lmin=-705.80, Lmax=-705.64
15:09:17 [ultranest] [DEBUG] iteration=4896, ncalls=34025, regioncalls=1348120, ndraw=40, logz=-714.05, remainder_fraction=1.9545%, Lmin=-705.80, Lmax=-705.64
15:09:17 [ultranest] [DEBUG] iteration=4897, ncalls=34027, regioncalls=1348200, ndraw=40, logz=-714.05, remainder_fraction=1.9498%, Lmin=-705.80, Lmax=-705.64
15:09:17 [ultranest] [DEBUG] iteration=4899, ncalls=34040, regioncalls=1348720, ndraw=40, logz=-714.05, remainder_fraction=1.9411%, Lmin=-705.80, Lmax=-705.64
15:09:18 [ultranest] [DEBUG] iteration=4901, ncalls=34048, regioncalls=1349040, ndraw=40, logz=-714.05, remainder_fraction=1.9321%, Lmin=-705.80, Lmax=-705.64
15:09:18 [ultranest] [DEBUG] iteration=4902, ncalls=34052, regioncalls=1349200, ndraw=40, logz=-714.05, remainder_fraction=1.9275%, Lmin=-705.80, Lmax=-705.64
15:09:18 [ultranest] [DEBUG] iteration=4903, ncalls=34056, regioncalls=1349360, ndraw=40, logz=-714.05, remainder_fraction=1.9228%, Lmin=-705.80, Lmax=-705.64
15:09:19 [ultranest] [DEBUG] iteration=4905, ncalls=34064, regioncalls=1349680, ndraw=40, logz=-714.05, remainder_fraction=1.9139%, Lmin=-705.80, Lmax=-705.64
15:09:19 [ultranest] [DEBUG] iteration=4906, ncalls=34067, regioncalls=1349800, ndraw=40, logz=-714.05, remainder_fraction=1.9096%, Lmin=-705.80, Lmax=-705.64
15:09:19 [ultranest] [DEBUG] iteration=4907, ncalls=34072, regioncalls=1350000, ndraw=40, logz=-714.05, remainder_fraction=1.9055%, Lmin=-705.80, Lmax=-705.64
15:09:19 [ultranest] [DEBUG] iteration=4908, ncalls=34078, regioncalls=1350240, ndraw=40, logz=-714.05, remainder_fraction=1.9011%, Lmin=-705.80, Lmax=-705.64
15:09:20 [ultranest] [DEBUG] iteration=4909, ncalls=34083, regioncalls=1350440, ndraw=40, logz=-714.05, remainder_fraction=1.8967%, Lmin=-705.80, Lmax=-705.64
15:09:21 [ultranest] [DEBUG] iteration=4910, ncalls=34100, regioncalls=1351120, ndraw=40, logz=-714.05, remainder_fraction=1.8925%, Lmin=-705.80, Lmax=-705.64
15:09:21 [ultranest] [DEBUG] iteration=4911, ncalls=34115, regioncalls=1351720, ndraw=40, logz=-714.05, remainder_fraction=1.8877%, Lmin=-705.80, Lmax=-705.64
15:09:22 [ultranest] [DEBUG] iteration=4912, ncalls=34119, regioncalls=1351880, ndraw=40, logz=-714.05, remainder_fraction=1.8831%, Lmin=-705.79, Lmax=-705.64
15:09:22 [ultranest] [DEBUG] iteration=4913, ncalls=34125, regioncalls=1352120, ndraw=40, logz=-714.05, remainder_fraction=1.8787%, Lmin=-705.79, Lmax=-705.64
15:09:22 [ultranest] [DEBUG] iteration=4914, ncalls=34127, regioncalls=1352200, ndraw=40, logz=-714.05, remainder_fraction=1.8743%, Lmin=-705.79, Lmax=-705.64
15:09:22 [ultranest] [DEBUG] iteration=4915, ncalls=34135, regioncalls=1352520, ndraw=40, logz=-714.05, remainder_fraction=1.8698%, Lmin=-705.79, Lmax=-705.64
15:09:23 [ultranest] [DEBUG] iteration=4916, ncalls=34138, regioncalls=1352640, ndraw=40, logz=-714.05, remainder_fraction=1.8653%, Lmin=-705.79, Lmax=-705.64
15:09:23 [ultranest] [DEBUG] iteration=4918, ncalls=34143, regioncalls=1352840, ndraw=40, logz=-714.05, remainder_fraction=1.8567%, Lmin=-705.79, Lmax=-705.64
15:09:23 [ultranest] [DEBUG] iteration=4919, ncalls=34145, regioncalls=1352920, ndraw=40, logz=-714.05, remainder_fraction=1.8522%, Lmin=-705.79, Lmax=-705.64
15:09:24 [ultranest] [DEBUG] iteration=4921, ncalls=34161, regioncalls=1353560, ndraw=40, logz=-714.05, remainder_fraction=1.8437%, Lmin=-705.79, Lmax=-705.64
15:09:24 [ultranest] [DEBUG] iteration=4922, ncalls=34170, regioncalls=1353920, ndraw=40, logz=-714.05, remainder_fraction=1.8394%, Lmin=-705.79, Lmax=-705.64
15:09:25 [ultranest] [DEBUG] iteration=4923, ncalls=34176, regioncalls=1354160, ndraw=40, logz=-714.05, remainder_fraction=1.8350%, Lmin=-705.79, Lmax=-705.64
15:09:25 [ultranest] [DEBUG] iteration=4924, ncalls=34178, regioncalls=1354240, ndraw=40, logz=-714.05, remainder_fraction=1.8308%, Lmin=-705.79, Lmax=-705.64
15:09:25 [ultranest] [DEBUG] iteration=4925, ncalls=34188, regioncalls=1354640, ndraw=40, logz=-714.05, remainder_fraction=1.8263%, Lmin=-705.79, Lmax=-705.64
15:09:27 [ultranest] [DEBUG] iteration=4926, ncalls=34212, regioncalls=1355600, ndraw=40, logz=-714.05, remainder_fraction=1.8221%, Lmin=-705.79, Lmax=-705.64
15:09:27 [ultranest] [DEBUG] iteration=4927, ncalls=34219, regioncalls=1355880, ndraw=40, logz=-714.05, remainder_fraction=1.8180%, Lmin=-705.79, Lmax=-705.64
15:09:27 [ultranest] [DEBUG] iteration=4928, ncalls=34224, regioncalls=1356080, ndraw=40, logz=-714.05, remainder_fraction=1.8138%, Lmin=-705.79, Lmax=-705.64
15:09:28 [ultranest] [DEBUG] iteration=4929, ncalls=34233, regioncalls=1356440, ndraw=40, logz=-714.05, remainder_fraction=1.8097%, Lmin=-705.79, Lmax=-705.64
15:09:28 [ultranest] [DEBUG] iteration=4931, ncalls=34236, regioncalls=1356560, ndraw=40, logz=-714.05, remainder_fraction=1.8012%, Lmin=-705.79, Lmax=-705.64
15:09:28 [ultranest] [DEBUG] iteration=4932, ncalls=34242, regioncalls=1356800, ndraw=40, logz=-714.05, remainder_fraction=1.7968%, Lmin=-705.79, Lmax=-705.64
15:09:29 [ultranest] [DEBUG] iteration=4933, ncalls=34250, regioncalls=1357120, ndraw=40, logz=-714.05, remainder_fraction=1.7925%, Lmin=-705.79, Lmax=-705.64
15:09:29 [ultranest] [DEBUG] iteration=4934, ncalls=34261, regioncalls=1357560, ndraw=40, logz=-714.05, remainder_fraction=1.7883%, Lmin=-705.79, Lmax=-705.64
15:09:30 [ultranest] [DEBUG] iteration=4935, ncalls=34265, regioncalls=1357720, ndraw=40, logz=-714.05, remainder_fraction=1.7839%, Lmin=-705.79, Lmax=-705.64
15:09:30 [ultranest] [DEBUG] iteration=4936, ncalls=34268, regioncalls=1357840, ndraw=40, logz=-714.05, remainder_fraction=1.7795%, Lmin=-705.79, Lmax=-705.64
15:09:30 [ultranest] [DEBUG] iteration=4937, ncalls=34273, regioncalls=1358040, ndraw=40, logz=-714.05, remainder_fraction=1.7757%, Lmin=-705.79, Lmax=-705.64
15:09:31 [ultranest] [DEBUG] iteration=4938, ncalls=34288, regioncalls=1358640, ndraw=40, logz=-714.05, remainder_fraction=1.7714%, Lmin=-705.79, Lmax=-705.64
15:09:31 [ultranest] [DEBUG] iteration=4939, ncalls=34292, regioncalls=1358800, ndraw=40, logz=-714.05, remainder_fraction=1.7672%, Lmin=-705.79, Lmax=-705.64
15:09:31 [ultranest] [DEBUG] iteration=4941, ncalls=34295, regioncalls=1359160, ndraw=40, logz=-714.05, remainder_fraction=1.7588%, Lmin=-705.79, Lmax=-705.64
15:09:32 [ultranest] [DEBUG] iteration=4942, ncalls=34300, regioncalls=1359400, ndraw=40, logz=-714.05, remainder_fraction=1.7547%, Lmin=-705.79, Lmax=-705.64
15:09:32 [ultranest] [DEBUG] iteration=4943, ncalls=34313, regioncalls=1359920, ndraw=40, logz=-714.05, remainder_fraction=1.7503%, Lmin=-705.79, Lmax=-705.64
15:09:32 [ultranest] [DEBUG] iteration=4944, ncalls=34319, regioncalls=1360160, ndraw=40, logz=-714.05, remainder_fraction=1.7461%, Lmin=-705.79, Lmax=-705.64
15:09:33 [ultranest] [DEBUG] iteration=4945, ncalls=34322, regioncalls=1360280, ndraw=40, logz=-714.05, remainder_fraction=1.7418%, Lmin=-705.79, Lmax=-705.64
15:09:33 [ultranest] [DEBUG] iteration=4946, ncalls=34325, regioncalls=1360400, ndraw=40, logz=-714.05, remainder_fraction=1.7379%, Lmin=-705.79, Lmax=-705.64
15:09:33 [ultranest] [DEBUG] iteration=4948, ncalls=34329, regioncalls=1360560, ndraw=40, logz=-714.05, remainder_fraction=1.7298%, Lmin=-705.79, Lmax=-705.64
15:09:33 [ultranest] [DEBUG] iteration=4950, ncalls=34333, regioncalls=1360720, ndraw=40, logz=-714.05, remainder_fraction=1.7215%, Lmin=-705.79, Lmax=-705.64
15:09:33 [ultranest] [DEBUG] iteration=4951, ncalls=34336, regioncalls=1360840, ndraw=40, logz=-714.05, remainder_fraction=1.7173%, Lmin=-705.79, Lmax=-705.64
15:09:34 [ultranest] [DEBUG] iteration=4952, ncalls=34348, regioncalls=1361320, ndraw=40, logz=-714.05, remainder_fraction=1.7131%, Lmin=-705.79, Lmax=-705.64
15:09:35 [ultranest] [DEBUG] iteration=4953, ncalls=34362, regioncalls=1361880, ndraw=40, logz=-714.05, remainder_fraction=1.7089%, Lmin=-705.79, Lmax=-705.64
15:09:35 [ultranest] [DEBUG] iteration=4954, ncalls=34364, regioncalls=1361960, ndraw=40, logz=-714.05, remainder_fraction=1.7048%, Lmin=-705.79, Lmax=-705.64
15:09:35 [ultranest] [DEBUG] iteration=4956, ncalls=34367, regioncalls=1362080, ndraw=40, logz=-714.05, remainder_fraction=1.6970%, Lmin=-705.79, Lmax=-705.64
15:09:35 [ultranest] [DEBUG] iteration=4958, ncalls=34373, regioncalls=1362320, ndraw=40, logz=-714.05, remainder_fraction=1.6891%, Lmin=-705.79, Lmax=-705.64
15:09:35 [ultranest] [DEBUG] iteration=4959, ncalls=34377, regioncalls=1362480, ndraw=40, logz=-714.05, remainder_fraction=1.6850%, Lmin=-705.79, Lmax=-705.64
15:09:36 [ultranest] [DEBUG] iteration=4961, ncalls=34380, regioncalls=1362600, ndraw=40, logz=-714.05, remainder_fraction=1.6773%, Lmin=-705.78, Lmax=-705.64
15:09:36 [ultranest] [DEBUG] iteration=4962, ncalls=34385, regioncalls=1362800, ndraw=40, logz=-714.05, remainder_fraction=1.6733%, Lmin=-705.78, Lmax=-705.64
15:09:36 [ultranest] [DEBUG] iteration=4963, ncalls=34388, regioncalls=1362920, ndraw=40, logz=-714.05, remainder_fraction=1.6694%, Lmin=-705.78, Lmax=-705.64
15:09:36 [ultranest] [DEBUG] iteration=4964, ncalls=34395, regioncalls=1363200, ndraw=40, logz=-714.05, remainder_fraction=1.6655%, Lmin=-705.78, Lmax=-705.64
15:09:37 [ultranest] [DEBUG] iteration=4965, ncalls=34399, regioncalls=1363360, ndraw=40, logz=-714.05, remainder_fraction=1.6615%, Lmin=-705.78, Lmax=-705.64
15:09:37 [ultranest] [DEBUG] iteration=4967, ncalls=34402, regioncalls=1363480, ndraw=40, logz=-714.05, remainder_fraction=1.6536%, Lmin=-705.78, Lmax=-705.64
15:09:37 [ultranest] [DEBUG] iteration=4968, ncalls=34407, regioncalls=1363680, ndraw=40, logz=-714.05, remainder_fraction=1.6497%, Lmin=-705.78, Lmax=-705.64
15:09:37 [ultranest] [DEBUG] iteration=4969, ncalls=34409, regioncalls=1363760, ndraw=40, logz=-714.05, remainder_fraction=1.6460%, Lmin=-705.78, Lmax=-705.64
15:09:37 [ultranest] [DEBUG] iteration=4970, ncalls=34412, regioncalls=1363880, ndraw=40, logz=-714.05, remainder_fraction=1.6420%, Lmin=-705.78, Lmax=-705.64
15:09:37 [ultranest] [DEBUG] iteration=4971, ncalls=34414, regioncalls=1363960, ndraw=40, logz=-714.05, remainder_fraction=1.6381%, Lmin=-705.78, Lmax=-705.64
15:09:38 [ultranest] [DEBUG] iteration=4972, ncalls=34422, regioncalls=1364280, ndraw=40, logz=-714.05, remainder_fraction=1.6343%, Lmin=-705.78, Lmax=-705.64
15:09:39 [ultranest] [DEBUG] iteration=4973, ncalls=34442, regioncalls=1365080, ndraw=40, logz=-714.05, remainder_fraction=1.6303%, Lmin=-705.78, Lmax=-705.64
15:09:39 [ultranest] [DEBUG] iteration=4974, ncalls=34452, regioncalls=1365480, ndraw=40, logz=-714.05, remainder_fraction=1.6263%, Lmin=-705.78, Lmax=-705.64
15:09:39 [ultranest] [DEBUG] iteration=4975, ncalls=34454, regioncalls=1365560, ndraw=40, logz=-714.05, remainder_fraction=1.6224%, Lmin=-705.78, Lmax=-705.64
15:09:39 [ultranest] [DEBUG] iteration=4977, ncalls=34456, regioncalls=1365640, ndraw=40, logz=-714.05, remainder_fraction=1.6148%, Lmin=-705.78, Lmax=-705.64
15:09:40 [ultranest] [DEBUG] iteration=4979, ncalls=34459, regioncalls=1365760, ndraw=40, logz=-714.05, remainder_fraction=1.6074%, Lmin=-705.78, Lmax=-705.64
15:09:40 [ultranest] [DEBUG] iteration=4981, ncalls=34463, regioncalls=1365920, ndraw=40, logz=-714.05, remainder_fraction=1.5999%, Lmin=-705.78, Lmax=-705.64
15:09:40 [ultranest] [DEBUG] iteration=4982, ncalls=34468, regioncalls=1366120, ndraw=40, logz=-714.05, remainder_fraction=1.5962%, Lmin=-705.78, Lmax=-705.64
15:09:40 [ultranest] [DEBUG] iteration=4983, ncalls=34470, regioncalls=1366200, ndraw=40, logz=-714.05, remainder_fraction=1.5924%, Lmin=-705.78, Lmax=-705.64
15:09:40 [ultranest] [DEBUG] iteration=4984, ncalls=34472, regioncalls=1366280, ndraw=40, logz=-714.05, remainder_fraction=1.5885%, Lmin=-705.78, Lmax=-705.64
15:09:40 [ultranest] [DEBUG] iteration=4986, ncalls=34477, regioncalls=1366480, ndraw=40, logz=-714.05, remainder_fraction=1.5809%, Lmin=-705.78, Lmax=-705.64
15:09:41 [ultranest] [DEBUG] iteration=4988, ncalls=34480, regioncalls=1366600, ndraw=40, logz=-714.05, remainder_fraction=1.5733%, Lmin=-705.78, Lmax=-705.64
15:09:41 [ultranest] [DEBUG] iteration=4989, ncalls=34496, regioncalls=1367240, ndraw=40, logz=-714.05, remainder_fraction=1.5696%, Lmin=-705.78, Lmax=-705.64
15:09:42 [ultranest] [DEBUG] iteration=4990, ncalls=34499, regioncalls=1367360, ndraw=40, logz=-714.05, remainder_fraction=1.5659%, Lmin=-705.78, Lmax=-705.64
15:09:42 [ultranest] [DEBUG] iteration=4991, ncalls=34506, regioncalls=1367640, ndraw=40, logz=-714.05, remainder_fraction=1.5622%, Lmin=-705.78, Lmax=-705.64
15:09:42 [ultranest] [DEBUG] iteration=4992, ncalls=34513, regioncalls=1367920, ndraw=40, logz=-714.05, remainder_fraction=1.5585%, Lmin=-705.78, Lmax=-705.64
15:09:42 [ultranest] [DEBUG] iteration=4993, ncalls=34518, regioncalls=1368120, ndraw=40, logz=-714.05, remainder_fraction=1.5548%, Lmin=-705.78, Lmax=-705.64
15:09:43 [ultranest] [DEBUG] iteration=4994, ncalls=34522, regioncalls=1368280, ndraw=40, logz=-714.05, remainder_fraction=1.5513%, Lmin=-705.78, Lmax=-705.64
15:09:43 [ultranest] [DEBUG] iteration=4996, ncalls=34525, regioncalls=1368400, ndraw=40, logz=-714.05, remainder_fraction=1.5440%, Lmin=-705.78, Lmax=-705.64
15:09:43 [ultranest] [DEBUG] iteration=4997, ncalls=34528, regioncalls=1368520, ndraw=40, logz=-714.05, remainder_fraction=1.5403%, Lmin=-705.78, Lmax=-705.64
15:09:44 [ultranest] [DEBUG] iteration=4998, ncalls=34546, regioncalls=1369240, ndraw=40, logz=-714.05, remainder_fraction=1.5365%, Lmin=-705.78, Lmax=-705.64
15:09:44 [ultranest] [DEBUG] iteration=4999, ncalls=34552, regioncalls=1369480, ndraw=40, logz=-714.05, remainder_fraction=1.5329%, Lmin=-705.78, Lmax=-705.64
15:09:44 [ultranest] [DEBUG] iteration=5001, ncalls=34558, regioncalls=1369720, ndraw=40, logz=-714.05, remainder_fraction=1.5255%, Lmin=-705.78, Lmax=-705.64
15:09:45 [ultranest] [DEBUG] iteration=5002, ncalls=34562, regioncalls=1369880, ndraw=40, logz=-714.05, remainder_fraction=1.5217%, Lmin=-705.77, Lmax=-705.64
15:09:46 [ultranest] [DEBUG] iteration=5003, ncalls=34582, regioncalls=1370680, ndraw=40, logz=-714.05, remainder_fraction=1.5179%, Lmin=-705.77, Lmax=-705.64
15:09:46 [ultranest] [DEBUG] iteration=5004, ncalls=34593, regioncalls=1371120, ndraw=40, logz=-714.04, remainder_fraction=1.5142%, Lmin=-705.77, Lmax=-705.64
15:09:47 [ultranest] [DEBUG] iteration=5005, ncalls=34601, regioncalls=1371440, ndraw=40, logz=-714.04, remainder_fraction=1.5106%, Lmin=-705.77, Lmax=-705.64
15:09:47 [ultranest] [DEBUG] iteration=5007, ncalls=34603, regioncalls=1371520, ndraw=40, logz=-714.04, remainder_fraction=1.5033%, Lmin=-705.77, Lmax=-705.64
15:09:47 [ultranest] [DEBUG] iteration=5008, ncalls=34605, regioncalls=1371600, ndraw=40, logz=-714.04, remainder_fraction=1.4996%, Lmin=-705.77, Lmax=-705.64
15:09:47 [ultranest] [DEBUG] iteration=5009, ncalls=34607, regioncalls=1371680, ndraw=40, logz=-714.04, remainder_fraction=1.4962%, Lmin=-705.77, Lmax=-705.64
15:09:47 [ultranest] [DEBUG] iteration=5010, ncalls=34614, regioncalls=1371960, ndraw=40, logz=-714.04, remainder_fraction=1.4925%, Lmin=-705.77, Lmax=-705.64
15:09:48 [ultranest] [DEBUG] iteration=5011, ncalls=34623, regioncalls=1372320, ndraw=40, logz=-714.04, remainder_fraction=1.4891%, Lmin=-705.77, Lmax=-705.64
15:09:48 [ultranest] [DEBUG] iteration=5012, ncalls=34628, regioncalls=1372520, ndraw=40, logz=-714.04, remainder_fraction=1.4858%, Lmin=-705.77, Lmax=-705.64
15:09:48 [ultranest] [DEBUG] iteration=5014, ncalls=34631, regioncalls=1372640, ndraw=40, logz=-714.04, remainder_fraction=1.4791%, Lmin=-705.77, Lmax=-705.64
15:09:48 [ultranest] [DEBUG] iteration=5015, ncalls=34634, regioncalls=1372760, ndraw=40, logz=-714.04, remainder_fraction=1.4755%, Lmin=-705.77, Lmax=-705.64
15:09:49 [ultranest] [DEBUG] iteration=5016, ncalls=34648, regioncalls=1373320, ndraw=40, logz=-714.04, remainder_fraction=1.4719%, Lmin=-705.77, Lmax=-705.64
15:09:49 [ultranest] [DEBUG] iteration=5017, ncalls=34652, regioncalls=1373480, ndraw=40, logz=-714.04, remainder_fraction=1.4684%, Lmin=-705.77, Lmax=-705.64
15:09:49 [ultranest] [DEBUG] iteration=5018, ncalls=34655, regioncalls=1373600, ndraw=40, logz=-714.04, remainder_fraction=1.4650%, Lmin=-705.77, Lmax=-705.64
15:09:50 [ultranest] [DEBUG] iteration=5019, ncalls=34660, regioncalls=1373800, ndraw=40, logz=-714.04, remainder_fraction=1.4614%, Lmin=-705.77, Lmax=-705.64
15:09:50 [ultranest] [DEBUG] iteration=5021, ncalls=34669, regioncalls=1374160, ndraw=40, logz=-714.04, remainder_fraction=1.4546%, Lmin=-705.77, Lmax=-705.64
15:09:50 [ultranest] [DEBUG] iteration=5022, ncalls=34671, regioncalls=1374240, ndraw=40, logz=-714.04, remainder_fraction=1.4511%, Lmin=-705.77, Lmax=-705.64
15:09:50 [ultranest] [DEBUG] iteration=5023, ncalls=34678, regioncalls=1374520, ndraw=40, logz=-714.04, remainder_fraction=1.4476%, Lmin=-705.77, Lmax=-705.64
15:09:51 [ultranest] [DEBUG] iteration=5024, ncalls=34693, regioncalls=1375120, ndraw=40, logz=-714.04, remainder_fraction=1.4441%, Lmin=-705.77, Lmax=-705.64
15:09:52 [ultranest] [DEBUG] iteration=5025, ncalls=34707, regioncalls=1375680, ndraw=40, logz=-714.04, remainder_fraction=1.4407%, Lmin=-705.77, Lmax=-705.64
15:09:52 [ultranest] [DEBUG] iteration=5026, ncalls=34709, regioncalls=1375760, ndraw=40, logz=-714.04, remainder_fraction=1.4372%, Lmin=-705.77, Lmax=-705.64
15:09:52 [ultranest] [DEBUG] iteration=5028, ncalls=34711, regioncalls=1375840, ndraw=40, logz=-714.04, remainder_fraction=1.4304%, Lmin=-705.77, Lmax=-705.64
15:09:53 [ultranest] [DEBUG] iteration=5029, ncalls=34723, regioncalls=1376320, ndraw=40, logz=-714.04, remainder_fraction=1.4269%, Lmin=-705.77, Lmax=-705.64
15:09:53 [ultranest] [DEBUG] iteration=5030, ncalls=34735, regioncalls=1376800, ndraw=40, logz=-714.04, remainder_fraction=1.4234%, Lmin=-705.77, Lmax=-705.64
15:09:54 [ultranest] [DEBUG] iteration=5031, ncalls=34739, regioncalls=1377200, ndraw=40, logz=-714.04, remainder_fraction=1.4200%, Lmin=-705.77, Lmax=-705.64
15:09:54 [ultranest] [DEBUG] iteration=5032, ncalls=34745, regioncalls=1377520, ndraw=40, logz=-714.04, remainder_fraction=1.4164%, Lmin=-705.77, Lmax=-705.64
15:09:54 [ultranest] [DEBUG] iteration=5033, ncalls=34752, regioncalls=1377800, ndraw=40, logz=-714.04, remainder_fraction=1.4130%, Lmin=-705.77, Lmax=-705.64
15:09:54 [ultranest] [DEBUG] iteration=5034, ncalls=34755, regioncalls=1377920, ndraw=40, logz=-714.04, remainder_fraction=1.4095%, Lmin=-705.77, Lmax=-705.64
15:09:55 [ultranest] [DEBUG] iteration=5036, ncalls=34767, regioncalls=1378400, ndraw=40, logz=-714.04, remainder_fraction=1.4029%, Lmin=-705.77, Lmax=-705.64
15:09:55 [ultranest] [DEBUG] iteration=5038, ncalls=34777, regioncalls=1378800, ndraw=40, logz=-714.04, remainder_fraction=1.3962%, Lmin=-705.77, Lmax=-705.64
15:09:56 [ultranest] [DEBUG] iteration=5040, ncalls=34790, regioncalls=1379320, ndraw=40, logz=-714.04, remainder_fraction=1.3897%, Lmin=-705.77, Lmax=-705.64
15:09:56 [ultranest] [DEBUG] iteration=5041, ncalls=34796, regioncalls=1379560, ndraw=40, logz=-714.04, remainder_fraction=1.3863%, Lmin=-705.77, Lmax=-705.64
15:09:57 [ultranest] [DEBUG] iteration=5043, ncalls=34799, regioncalls=1379680, ndraw=40, logz=-714.04, remainder_fraction=1.3795%, Lmin=-705.77, Lmax=-705.64
15:09:57 [ultranest] [DEBUG] iteration=5044, ncalls=34802, regioncalls=1379800, ndraw=40, logz=-714.04, remainder_fraction=1.3763%, Lmin=-705.77, Lmax=-705.64
15:09:57 [ultranest] [DEBUG] iteration=5045, ncalls=34808, regioncalls=1380040, ndraw=40, logz=-714.04, remainder_fraction=1.3730%, Lmin=-705.77, Lmax=-705.64
15:09:57 [ultranest] [DEBUG] iteration=5046, ncalls=34811, regioncalls=1380160, ndraw=40, logz=-714.04, remainder_fraction=1.3697%, Lmin=-705.77, Lmax=-705.64
15:09:57 [ultranest] [DEBUG] iteration=5047, ncalls=34814, regioncalls=1380280, ndraw=40, logz=-714.04, remainder_fraction=1.3664%, Lmin=-705.77, Lmax=-705.64
15:09:58 [ultranest] [DEBUG] iteration=5048, ncalls=34827, regioncalls=1380800, ndraw=40, logz=-714.04, remainder_fraction=1.3631%, Lmin=-705.77, Lmax=-705.64
15:09:58 [ultranest] [DEBUG] iteration=5049, ncalls=34832, regioncalls=1381000, ndraw=40, logz=-714.04, remainder_fraction=1.3598%, Lmin=-705.77, Lmax=-705.64
15:09:59 [ultranest] [DEBUG] iteration=5050, ncalls=34838, regioncalls=1381240, ndraw=40, logz=-714.04, remainder_fraction=1.3564%, Lmin=-705.77, Lmax=-705.64
15:09:59 [ultranest] [DEBUG] iteration=5052, ncalls=34840, regioncalls=1381320, ndraw=40, logz=-714.04, remainder_fraction=1.3498%, Lmin=-705.77, Lmax=-705.64
15:09:59 [ultranest] [DEBUG] iteration=5054, ncalls=34843, regioncalls=1381440, ndraw=40, logz=-714.04, remainder_fraction=1.3436%, Lmin=-705.77, Lmax=-705.64
15:09:59 [ultranest] [DEBUG] iteration=5056, ncalls=34846, regioncalls=1381560, ndraw=40, logz=-714.04, remainder_fraction=1.3373%, Lmin=-705.76, Lmax=-705.64
15:09:59 [ultranest] [DEBUG] iteration=5057, ncalls=34849, regioncalls=1381680, ndraw=40, logz=-714.04, remainder_fraction=1.3340%, Lmin=-705.76, Lmax=-705.64
15:09:59 [ultranest] [DEBUG] iteration=5058, ncalls=34851, regioncalls=1381760, ndraw=40, logz=-714.04, remainder_fraction=1.3310%, Lmin=-705.76, Lmax=-705.64
15:10:00 [ultranest] [DEBUG] iteration=5060, ncalls=34860, regioncalls=1382120, ndraw=40, logz=-714.04, remainder_fraction=1.3244%, Lmin=-705.76, Lmax=-705.64
15:10:00 [ultranest] [DEBUG] iteration=5061, ncalls=34865, regioncalls=1382320, ndraw=40, logz=-714.04, remainder_fraction=1.3213%, Lmin=-705.76, Lmax=-705.64
15:10:00 [ultranest] [DEBUG] iteration=5063, ncalls=34868, regioncalls=1382440, ndraw=40, logz=-714.04, remainder_fraction=1.3151%, Lmin=-705.76, Lmax=-705.64
15:10:01 [ultranest] [DEBUG] iteration=5065, ncalls=34882, regioncalls=1383000, ndraw=40, logz=-714.04, remainder_fraction=1.3091%, Lmin=-705.76, Lmax=-705.64
15:10:01 [ultranest] [DEBUG] iteration=5067, ncalls=34885, regioncalls=1383120, ndraw=40, logz=-714.04, remainder_fraction=1.3028%, Lmin=-705.76, Lmax=-705.64
15:10:01 [ultranest] [DEBUG] iteration=5068, ncalls=34890, regioncalls=1383320, ndraw=40, logz=-714.04, remainder_fraction=1.2997%, Lmin=-705.76, Lmax=-705.64
15:10:01 [ultranest] [DEBUG] iteration=5069, ncalls=34893, regioncalls=1383440, ndraw=40, logz=-714.04, remainder_fraction=1.2968%, Lmin=-705.76, Lmax=-705.64
15:10:02 [ultranest] [DEBUG] iteration=5071, ncalls=34896, regioncalls=1383560, ndraw=40, logz=-714.04, remainder_fraction=1.2905%, Lmin=-705.76, Lmax=-705.64
15:10:02 [ultranest] [DEBUG] iteration=5072, ncalls=34903, regioncalls=1383840, ndraw=40, logz=-714.04, remainder_fraction=1.2873%, Lmin=-705.76, Lmax=-705.64
15:10:02 [ultranest] [DEBUG] iteration=5073, ncalls=34910, regioncalls=1384120, ndraw=40, logz=-714.04, remainder_fraction=1.2841%, Lmin=-705.76, Lmax=-705.64
15:10:02 [ultranest] [DEBUG] iteration=5074, ncalls=34913, regioncalls=1384240, ndraw=40, logz=-714.04, remainder_fraction=1.2812%, Lmin=-705.76, Lmax=-705.64
15:10:03 [ultranest] [DEBUG] iteration=5075, ncalls=34920, regioncalls=1384520, ndraw=40, logz=-714.04, remainder_fraction=1.2782%, Lmin=-705.76, Lmax=-705.64
15:10:03 [ultranest] [DEBUG] iteration=5076, ncalls=34923, regioncalls=1384640, ndraw=40, logz=-714.04, remainder_fraction=1.2751%, Lmin=-705.76, Lmax=-705.64
15:10:03 [ultranest] [DEBUG] iteration=5077, ncalls=34931, regioncalls=1384960, ndraw=40, logz=-714.04, remainder_fraction=1.2721%, Lmin=-705.76, Lmax=-705.64
15:10:04 [ultranest] [DEBUG] iteration=5078, ncalls=34938, regioncalls=1385240, ndraw=40, logz=-714.04, remainder_fraction=1.2691%, Lmin=-705.76, Lmax=-705.64
15:10:04 [ultranest] [DEBUG] iteration=5081, ncalls=34941, regioncalls=1385360, ndraw=40, logz=-714.04, remainder_fraction=1.2604%, Lmin=-705.76, Lmax=-705.64
15:10:05 [ultranest] [DEBUG] iteration=5083, ncalls=34959, regioncalls=1386080, ndraw=40, logz=-714.04, remainder_fraction=1.2543%, Lmin=-705.76, Lmax=-705.64
15:10:05 [ultranest] [DEBUG] iteration=5084, ncalls=34966, regioncalls=1386360, ndraw=40, logz=-714.04, remainder_fraction=1.2512%, Lmin=-705.76, Lmax=-705.64
15:10:05 [ultranest] [DEBUG] iteration=5086, ncalls=34968, regioncalls=1386440, ndraw=40, logz=-714.04, remainder_fraction=1.2451%, Lmin=-705.76, Lmax=-705.64
15:10:06 [ultranest] [DEBUG] iteration=5087, ncalls=34978, regioncalls=1386840, ndraw=40, logz=-714.04, remainder_fraction=1.2421%, Lmin=-705.76, Lmax=-705.64
15:10:06 [ultranest] [DEBUG] iteration=5088, ncalls=34981, regioncalls=1386960, ndraw=40, logz=-714.04, remainder_fraction=1.2391%, Lmin=-705.76, Lmax=-705.64
15:10:06 [ultranest] [DEBUG] iteration=5089, ncalls=34992, regioncalls=1387400, ndraw=40, logz=-714.04, remainder_fraction=1.2363%, Lmin=-705.76, Lmax=-705.64
15:10:07 [ultranest] [DEBUG] iteration=5090, ncalls=34998, regioncalls=1387640, ndraw=40, logz=-714.04, remainder_fraction=1.2333%, Lmin=-705.76, Lmax=-705.64
15:10:07 [ultranest] [DEBUG] iteration=5092, ncalls=35001, regioncalls=1387760, ndraw=40, logz=-714.04, remainder_fraction=1.2273%, Lmin=-705.76, Lmax=-705.64
15:10:07 [ultranest] [DEBUG] iteration=5093, ncalls=35004, regioncalls=1387880, ndraw=40, logz=-714.04, remainder_fraction=1.2242%, Lmin=-705.76, Lmax=-705.64
15:10:07 [ultranest] [DEBUG] iteration=5095, ncalls=35009, regioncalls=1388080, ndraw=40, logz=-714.04, remainder_fraction=1.2186%, Lmin=-705.76, Lmax=-705.64
15:10:07 [ultranest] [DEBUG] iteration=5097, ncalls=35014, regioncalls=1388280, ndraw=40, logz=-714.04, remainder_fraction=1.2126%, Lmin=-705.76, Lmax=-705.64
15:10:08 [ultranest] [DEBUG] iteration=5099, ncalls=35019, regioncalls=1388480, ndraw=40, logz=-714.04, remainder_fraction=1.2070%, Lmin=-705.76, Lmax=-705.64
15:10:08 [ultranest] [DEBUG] iteration=5100, ncalls=35032, regioncalls=1389000, ndraw=40, logz=-714.04, remainder_fraction=1.2043%, Lmin=-705.76, Lmax=-705.64
15:10:08 [ultranest] [DEBUG] iteration=5101, ncalls=35034, regioncalls=1389080, ndraw=40, logz=-714.04, remainder_fraction=1.2013%, Lmin=-705.76, Lmax=-705.64
15:10:09 [ultranest] [DEBUG] iteration=5102, ncalls=35037, regioncalls=1389200, ndraw=40, logz=-714.04, remainder_fraction=1.1985%, Lmin=-705.76, Lmax=-705.64
15:10:09 [ultranest] [DEBUG] iteration=5103, ncalls=35046, regioncalls=1389560, ndraw=40, logz=-714.04, remainder_fraction=1.1958%, Lmin=-705.76, Lmax=-705.64
15:10:09 [ultranest] [DEBUG] iteration=5105, ncalls=35050, regioncalls=1389720, ndraw=40, logz=-714.04, remainder_fraction=1.1902%, Lmin=-705.76, Lmax=-705.64
15:10:10 [ultranest] [DEBUG] iteration=5106, ncalls=35060, regioncalls=1390120, ndraw=40, logz=-714.04, remainder_fraction=1.1873%, Lmin=-705.75, Lmax=-705.64
15:10:10 [ultranest] [DEBUG] iteration=5107, ncalls=35069, regioncalls=1390480, ndraw=40, logz=-714.04, remainder_fraction=1.1844%, Lmin=-705.75, Lmax=-705.64
15:10:11 [ultranest] [DEBUG] iteration=5109, ncalls=35075, regioncalls=1390720, ndraw=40, logz=-714.04, remainder_fraction=1.1788%, Lmin=-705.75, Lmax=-705.64
15:10:11 [ultranest] [DEBUG] iteration=5110, ncalls=35081, regioncalls=1390960, ndraw=40, logz=-714.04, remainder_fraction=1.1759%, Lmin=-705.75, Lmax=-705.64
15:10:11 [ultranest] [DEBUG] iteration=5111, ncalls=35088, regioncalls=1391240, ndraw=40, logz=-714.04, remainder_fraction=1.1730%, Lmin=-705.75, Lmax=-705.64
15:10:11 [ultranest] [DEBUG] iteration=5112, ncalls=35093, regioncalls=1391440, ndraw=40, logz=-714.04, remainder_fraction=1.1702%, Lmin=-705.75, Lmax=-705.64
15:10:12 [ultranest] [DEBUG] iteration=5114, ncalls=35098, regioncalls=1391640, ndraw=40, logz=-714.04, remainder_fraction=1.1645%, Lmin=-705.75, Lmax=-705.64
15:10:12 [ultranest] [DEBUG] iteration=5115, ncalls=35105, regioncalls=1391920, ndraw=40, logz=-714.04, remainder_fraction=1.1616%, Lmin=-705.75, Lmax=-705.64
15:10:13 [ultranest] [DEBUG] iteration=5116, ncalls=35115, regioncalls=1392320, ndraw=40, logz=-714.04, remainder_fraction=1.1589%, Lmin=-705.75, Lmax=-705.64
15:10:13 [ultranest] [DEBUG] iteration=5118, ncalls=35119, regioncalls=1392480, ndraw=40, logz=-714.04, remainder_fraction=1.1535%, Lmin=-705.75, Lmax=-705.64
15:10:13 [ultranest] [DEBUG] iteration=5119, ncalls=35123, regioncalls=1392640, ndraw=40, logz=-714.04, remainder_fraction=1.1509%, Lmin=-705.75, Lmax=-705.64
15:10:14 [ultranest] [DEBUG] iteration=5121, ncalls=35141, regioncalls=1393360, ndraw=40, logz=-714.04, remainder_fraction=1.1453%, Lmin=-705.75, Lmax=-705.64
15:10:14 [ultranest] [DEBUG] iteration=5122, ncalls=35144, regioncalls=1393480, ndraw=40, logz=-714.04, remainder_fraction=1.1424%, Lmin=-705.75, Lmax=-705.64
15:10:14 [ultranest] [DEBUG] iteration=5124, ncalls=35149, regioncalls=1393680, ndraw=40, logz=-714.04, remainder_fraction=1.1369%, Lmin=-705.75, Lmax=-705.64
15:10:15 [ultranest] [DEBUG] iteration=5125, ncalls=35156, regioncalls=1393960, ndraw=40, logz=-714.04, remainder_fraction=1.1341%, Lmin=-705.75, Lmax=-705.64
15:10:15 [ultranest] [DEBUG] iteration=5126, ncalls=35161, regioncalls=1394160, ndraw=40, logz=-714.04, remainder_fraction=1.1313%, Lmin=-705.75, Lmax=-705.64
15:10:15 [ultranest] [DEBUG] iteration=5128, ncalls=35166, regioncalls=1394360, ndraw=40, logz=-714.04, remainder_fraction=1.1259%, Lmin=-705.75, Lmax=-705.64
15:10:15 [ultranest] [DEBUG] iteration=5130, ncalls=35171, regioncalls=1394560, ndraw=40, logz=-714.04, remainder_fraction=1.1206%, Lmin=-705.75, Lmax=-705.64
15:10:16 [ultranest] [DEBUG] iteration=5131, ncalls=35174, regioncalls=1394680, ndraw=40, logz=-714.04, remainder_fraction=1.1178%, Lmin=-705.75, Lmax=-705.64
15:10:16 [ultranest] [DEBUG] iteration=5133, ncalls=35180, regioncalls=1394920, ndraw=40, logz=-714.04, remainder_fraction=1.1125%, Lmin=-705.75, Lmax=-705.64
15:10:17 [ultranest] [DEBUG] iteration=5134, ncalls=35198, regioncalls=1395640, ndraw=40, logz=-714.04, remainder_fraction=1.1098%, Lmin=-705.75, Lmax=-705.64
15:10:17 [ultranest] [DEBUG] iteration=5135, ncalls=35200, regioncalls=1395720, ndraw=40, logz=-714.04, remainder_fraction=1.1073%, Lmin=-705.75, Lmax=-705.64
15:10:17 [ultranest] [DEBUG] iteration=5136, ncalls=35206, regioncalls=1395960, ndraw=40, logz=-714.04, remainder_fraction=1.1046%, Lmin=-705.75, Lmax=-705.64
15:10:17 [ultranest] [DEBUG] iteration=5137, ncalls=35208, regioncalls=1396040, ndraw=40, logz=-714.04, remainder_fraction=1.1020%, Lmin=-705.75, Lmax=-705.64
15:10:18 [ultranest] [DEBUG] iteration=5138, ncalls=35214, regioncalls=1396280, ndraw=40, logz=-714.04, remainder_fraction=1.0995%, Lmin=-705.75, Lmax=-705.64
15:10:18 [ultranest] [DEBUG] iteration=5139, ncalls=35218, regioncalls=1396440, ndraw=40, logz=-714.04, remainder_fraction=1.0968%, Lmin=-705.75, Lmax=-705.64
15:10:18 [ultranest] [DEBUG] iteration=5140, ncalls=35225, regioncalls=1396720, ndraw=40, logz=-714.04, remainder_fraction=1.0942%, Lmin=-705.75, Lmax=-705.64
15:10:19 [ultranest] [DEBUG] iteration=5142, ncalls=35234, regioncalls=1397080, ndraw=40, logz=-714.04, remainder_fraction=1.0890%, Lmin=-705.75, Lmax=-705.64
15:10:19 [ultranest] [DEBUG] iteration=5144, ncalls=35246, regioncalls=1397560, ndraw=40, logz=-714.04, remainder_fraction=1.0837%, Lmin=-705.75, Lmax=-705.64
15:10:19 [ultranest] [DEBUG] iteration=5145, ncalls=35250, regioncalls=1397720, ndraw=40, logz=-714.04, remainder_fraction=1.0811%, Lmin=-705.75, Lmax=-705.64
15:10:20 [ultranest] [DEBUG] iteration=5147, ncalls=35252, regioncalls=1397800, ndraw=40, logz=-714.04, remainder_fraction=1.0761%, Lmin=-705.75, Lmax=-705.64
15:10:20 [ultranest] [DEBUG] iteration=5148, ncalls=35256, regioncalls=1397960, ndraw=40, logz=-714.04, remainder_fraction=1.0737%, Lmin=-705.75, Lmax=-705.64
15:10:20 [ultranest] [DEBUG] iteration=5149, ncalls=35261, regioncalls=1398160, ndraw=40, logz=-714.04, remainder_fraction=1.0710%, Lmin=-705.75, Lmax=-705.64
15:10:20 [ultranest] [DEBUG] iteration=5151, ncalls=35270, regioncalls=1398520, ndraw=40, logz=-714.04, remainder_fraction=1.0660%, Lmin=-705.75, Lmax=-705.64
15:10:21 [ultranest] [DEBUG] iteration=5152, ncalls=35279, regioncalls=1398880, ndraw=40, logz=-714.04, remainder_fraction=1.0635%, Lmin=-705.75, Lmax=-705.64
15:10:21 [ultranest] [DEBUG] iteration=5153, ncalls=35282, regioncalls=1399000, ndraw=40, logz=-714.04, remainder_fraction=1.0609%, Lmin=-705.75, Lmax=-705.64
15:10:21 [ultranest] [DEBUG] iteration=5155, ncalls=35289, regioncalls=1399280, ndraw=40, logz=-714.04, remainder_fraction=1.0559%, Lmin=-705.75, Lmax=-705.64
15:10:21 [ultranest] [DEBUG] iteration=5156, ncalls=35291, regioncalls=1399360, ndraw=40, logz=-714.04, remainder_fraction=1.0534%, Lmin=-705.75, Lmax=-705.64
15:10:22 [ultranest] [DEBUG] iteration=5157, ncalls=35294, regioncalls=1399480, ndraw=40, logz=-714.04, remainder_fraction=1.0511%, Lmin=-705.75, Lmax=-705.64
15:10:22 [ultranest] [DEBUG] iteration=5158, ncalls=35298, regioncalls=1399640, ndraw=40, logz=-714.04, remainder_fraction=1.0485%, Lmin=-705.75, Lmax=-705.64
15:10:22 [ultranest] [DEBUG] iteration=5159, ncalls=35306, regioncalls=1399960, ndraw=40, logz=-714.04, remainder_fraction=1.0459%, Lmin=-705.75, Lmax=-705.64
15:10:23 [ultranest] [DEBUG] iteration=5160, ncalls=35313, regioncalls=1400240, ndraw=40, logz=-714.04, remainder_fraction=1.0433%, Lmin=-705.75, Lmax=-705.64
15:10:23 [ultranest] [DEBUG] iteration=5161, ncalls=35323, regioncalls=1400640, ndraw=40, logz=-714.04, remainder_fraction=1.0409%, Lmin=-705.75, Lmax=-705.64
15:10:23 [ultranest] [DEBUG] iteration=5162, ncalls=35325, regioncalls=1400720, ndraw=40, logz=-714.04, remainder_fraction=1.0384%, Lmin=-705.75, Lmax=-705.64
15:10:23 [ultranest] [DEBUG] iteration=5163, ncalls=35328, regioncalls=1400840, ndraw=40, logz=-714.04, remainder_fraction=1.0358%, Lmin=-705.75, Lmax=-705.64
15:10:23 [ultranest] [DEBUG] iteration=5164, ncalls=35330, regioncalls=1400920, ndraw=40, logz=-714.04, remainder_fraction=1.0333%, Lmin=-705.75, Lmax=-705.64
15:10:24 [ultranest] [DEBUG] iteration=5165, ncalls=35339, regioncalls=1401280, ndraw=40, logz=-714.04, remainder_fraction=1.0310%, Lmin=-705.75, Lmax=-705.64
15:10:24 [ultranest] [DEBUG] iteration=5166, ncalls=35341, regioncalls=1401360, ndraw=40, logz=-714.04, remainder_fraction=1.0285%, Lmin=-705.75, Lmax=-705.64
15:10:24 [ultranest] [DEBUG] iteration=5167, ncalls=35350, regioncalls=1401720, ndraw=40, logz=-714.04, remainder_fraction=1.0262%, Lmin=-705.75, Lmax=-705.64
15:10:25 [ultranest] [DEBUG] iteration=5168, ncalls=35356, regioncalls=1401960, ndraw=40, logz=-714.04, remainder_fraction=1.0237%, Lmin=-705.75, Lmax=-705.64
15:10:25 [ultranest] [DEBUG] iteration=5171, ncalls=35360, regioncalls=1402120, ndraw=40, logz=-714.04, remainder_fraction=1.0163%, Lmin=-705.75, Lmax=-705.64
15:10:25 [ultranest] [DEBUG] iteration=5172, ncalls=35364, regioncalls=1402280, ndraw=40, logz=-714.04, remainder_fraction=1.0138%, Lmin=-705.75, Lmax=-705.64
15:10:25 [ultranest] [DEBUG] iteration=5173, ncalls=35366, regioncalls=1402360, ndraw=40, logz=-714.04, remainder_fraction=1.0114%, Lmin=-705.75, Lmax=-705.64
15:10:26 [ultranest] [DEBUG] iteration=5174, ncalls=35375, regioncalls=1402720, ndraw=40, logz=-714.04, remainder_fraction=1.0088%, Lmin=-705.75, Lmax=-705.64
15:10:26 [ultranest] [DEBUG] iteration=5175, ncalls=35390, regioncalls=1403320, ndraw=40, logz=-714.04, remainder_fraction=1.0064%, Lmin=-705.75, Lmax=-705.64
15:10:27 [ultranest] [DEBUG] iteration=5176, ncalls=35394, regioncalls=1403480, ndraw=40, logz=-714.04, remainder_fraction=1.0040%, Lmin=-705.75, Lmax=-705.64
15:10:27 [ultranest] [INFO] Explored until L=-7e+02  
15:10:27 [ultranest] [INFO] Likelihood function evaluations: 35396
15:10:27 [ultranest] [INFO] Writing samples and results to disk ...
15:10:27 [ultranest] [INFO] Writing samples and results to disk ... done
15:10:27 [ultranest] [DEBUG] did a run_iter pass!
15:10:27 [ultranest] [INFO]   logZ = -714 +- 0.09378
15:10:27 [ultranest] [INFO] Effective samples strategy satisfied (ESS = 1958.2, need >400)
15:10:27 [ultranest] [INFO] Posterior uncertainty strategy is satisfied (KL: 0.47+-0.07 nat, need <0.50 nat)
15:10:27 [ultranest] [INFO] Evidency uncertainty strategy is satisfied (dlogz=0.09, need <0.5)
15:10:27 [ultranest] [INFO]   logZ error budget: single: 0.13 bs:0.09 tail:0.01 total:0.09 required:<0.50
15:10:27 [ultranest] [INFO] done iterating.
