# dimensionless total [l(l+1)/2pi] C_l's
# for l=2 to 3000, i.e. number of multipoles equal to 2999
#
# -> if you prefer output in CAMB/HealPix/LensPix units/order, set 'format' to 'camb' in input file
# -> if you don't want to see such a header, set 'headers' to 'no' in input file
# -> for CMB lensing (phi), these are C_l^phi-phi for the lensing potential.
#    Remember the conversion factors:
#    C_l^dd (deflection) = l(l+1) C_l^phi-phi
#    C_l^gg (shear/convergence) = 1/4 (l(l+1))^2 C_l^phi-phi
#
# 1:l     2:TT                     3:EE                     4:TE                     5:BB                     6:phiphi                 7:TPhi                   8:Ephi               
    2       4.418984346614e-07       3.480161362912e-15       3.188509582287e-13       0.000000000000e+00       9.002384410208e-03       2.031413921552e-07      -1.814933594957e-12 
    3       8.837195657960e-07       5.054074950380e-15      -5.008497829340e-14       0.000000000000e+00       6.864089293034e-03       2.083167846230e-07      -1.446095610375e-12 
    4       1.472776155756e-06       5.194082032836e-15      -1.026262918791e-12       0.000000000000e+00       5.119873082470e-03       2.147064357015e-07      -1.055340431231e-12 
    5       2.209234472131e-06       4.310203263128e-15      -2.943430772333e-12       0.000000000000e+00       4.178042547122e-03       2.273492594336e-07      -7.019799819131e-13 
    6       3.092866857495e-06       3.273916277015e-15      -6.240766979374e-12       0.000000000000e+00       3.625512862340e-03       2.370923819682e-07      -4.158450517552e-13 
    7       4.124192809782e-06       2.890236749523e-15      -1.145632271619e-11       0.000000000000e+00       3.220948400080e-03       2.458246255236e-07      -1.805830503510e-13 
    8       5.302460942232e-06       3.703162591005e-15      -1.922492599082e-11       0.000000000000e+00       2.881908100639e-03       2.515452334442e-07      -4.140646860651e-14 
    9       6.628716316242e-06       6.116994958061e-15      -3.027823291839e-11       0.000000000000e+00       2.591282112567e-03       2.561057227874e-07       6.026646577745e-14 
   10       8.101665532639e-06       1.062885410790e-14      -4.544141470727e-11       0.000000000000e+00       2.347813003283e-03       2.587099729431e-07       7.451250052350e-14 
   11       9.722999131525e-06       1.803219499202e-14      -6.563424644993e-11       0.000000000000e+00       1.912408972714e-03       2.292476146402e-07       7.548642919078e-14 
   12       1.149126683190e-05       2.951405235065e-14      -9.187009645069e-11       0.000000000000e+00       1.751850637133e-03       2.298738926851e-07       7.466247563299e-14 
   13       1.340756558141e-05       4.672468323878e-14      -1.252499142882e-10       0.000000000000e+00       1.614953295463e-03       2.324908903665e-07       4.933315857942e-14 
   14       1.547158246400e-05       7.175078020284e-14      -1.669807139099e-10       0.000000000000e+00       1.496858043538e-03       2.332140161890e-07      -4.449863419214e-14 
   15       1.768256909509e-05       1.072478891756e-13      -2.183308357527e-10       0.000000000000e+00       1.393949301024e-03       2.366022813618e-07      -6.502418481575e-14 
   16       2.004295126698e-05       1.563900870906e-13      -2.807035463399e-10       0.000000000000e+00       1.303481619777e-03       2.378212669117e-07      -9.197519160367e-15 
   17       2.254883537215e-05       2.231360395732e-13      -3.555232209372e-10       0.000000000000e+00       1.223332803149e-03       2.422913205709e-07       4.752768484988e-14 
   18       2.520341451790e-05       3.121660722846e-13      -4.443666351858e-10       0.000000000000e+00       1.151516282688e-03       2.451170218178e-07      -1.072258922961e-14 
   19       2.800726729769e-05       4.291133346195e-13      -5.488742867451e-10       0.000000000000e+00       1.087667851903e-03       2.465973843361e-07      -1.140851689211e-13 
   20       3.095914519511e-05       5.806123522000e-13      -6.707554785994e-10       0.000000000000e+00       1.029738738856e-03       2.497221793393e-07      -1.243410472761e-13 
   21       3.405877659836e-05       7.744210902450e-13      -8.118109230427e-10       0.000000000000e+00       9.772349890586e-04       2.528521451577e-07      -3.864476855192e-14 
   22       3.730632551796e-05       1.019500970090e-12      -9.739339717275e-10       0.000000000000e+00       9.293072138236e-04       2.531941237127e-07       7.983419298614e-14 
   23       4.070248699946e-05       1.326219473808e-12      -1.159132410375e-09       0.000000000000e+00       8.856112508621e-04       2.527840936083e-07       1.167401425567e-13 
   24       4.424796529358e-05       1.706371631219e-12      -1.369490568783e-09       0.000000000000e+00       8.454117283778e-04       2.548870749354e-07      -2.198408516731e-14 
   25       4.794211111969e-05       2.173244475708e-12      -1.607067825362e-09       0.000000000000e+00       8.083822138777e-04       2.586320504659e-07      -1.643161235836e-13 
   26       5.178398411497e-05       2.741780068295e-12      -1.873988066338e-09       0.000000000000e+00       7.740067964291e-04       2.618829771918e-07      -7.877400818065e-14 
   27       5.577410192892e-05       3.428940465793e-12      -2.172611518166e-09       0.000000000000e+00       7.422636315843e-04       2.645264091605e-07       1.706621280132e-13 
   28       5.991363770517e-05       4.253656233432e-12      -2.505451641786e-09       0.000000000000e+00       7.129132764471e-04       2.671517233232e-07       3.903206413136e-13 
   29       6.420368247638e-05       5.236945392747e-12      -2.875118578642e-09       0.000000000000e+00       6.854064277722e-04       2.702965582147e-07       3.925600699180e-13 
   30       6.864380279898e-05       6.402305728262e-12      -3.284240400505e-09       0.000000000000e+00       6.596997471331e-04       2.737413316218e-07       2.342056829893e-13 
   31       7.323288686671e-05       7.775656877833e-12      -3.735511237070e-09       0.000000000000e+00       6.356951034553e-04       2.769184170677e-07       7.541422488905e-14 
   32       7.796992395073e-05       9.385493472751e-12      -4.231733404554e-09       0.000000000000e+00       6.131151450661e-04       2.792783043920e-07       7.501651025557e-14 
   33       8.285554283253e-05       1.126338379226e-11      -4.775895858131e-09       0.000000000000e+00       5.919128755934e-04       2.809990938003e-07       2.235199835592e-13 
   34       8.789105542373e-05       1.344385597559e-11      -5.371127160774e-09       0.000000000000e+00       5.719734322101e-04       2.825395847547e-07       4.482227528483e-13 
   35       9.307775813552e-05       1.596474382960e-11      -6.020687662841e-09       0.000000000000e+00       5.530807325893e-04       2.843724690733e-07       6.713974518132e-13 
   36       9.841582352796e-05       1.886840587432e-11      -6.728005565062e-09       0.000000000000e+00       5.352390214785e-04       2.866765884170e-07       8.669270997518e-13 
   37       1.039050287903e-04       2.220117024301e-11      -7.496658014675e-09       0.000000000000e+00       5.184390393937e-04       2.895402059887e-07       1.022241292491e-12 
   38       1.095450386454e-04       2.601320995167e-11      -8.330365535338e-09       0.000000000000e+00       5.025589140233e-04       2.930403171944e-07       1.123224492840e-12 
   39       1.153355111525e-04       3.035922291384e-11      -9.232957903449e-09       0.000000000000e+00       4.874216708243e-04       2.971884277878e-07       1.164194283967e-12 
   40       1.212764788460e-04       3.530037336272e-11      -1.020825018978e-08       0.000000000000e+00       4.730179215500e-04       3.017498391825e-07       1.182102082686e-12 
   41       1.273680835653e-04       4.090327232089e-11      -1.126012967370e-08       0.000000000000e+00       4.593408239441e-04       3.063598555012e-07       1.233875493400e-12 
   42       1.336104738506e-04       4.723970283715e-11      -1.239258971665e-08       0.000000000000e+00       4.463185667020e-04       3.105653060274e-07       1.388062220816e-12 
   43       1.400038570734e-04       5.438716592922e-11      -1.360972181783e-08       0.000000000000e+00       4.338504424331e-04       3.139544225893e-07       1.702704620224e-12 
   44       1.465486743860e-04       6.243025443456e-11      -1.491568815826e-08       0.000000000000e+00       4.219421262926e-04       3.166085036453e-07       2.149066441600e-12 
   45       1.532454809386e-04       7.146004010315e-11      -1.631474096737e-08       0.000000000000e+00       4.106028875318e-04       3.187813763272e-07       2.665299830504e-12 
   46       1.600949023931e-04       8.157397499673e-11      -1.781122976871e-08       0.000000000000e+00       3.998044288125e-04       3.207787562815e-07       3.176475055453e-12 
   47       1.670976385609e-04       9.287611054805e-11      -1.940960113944e-08       0.000000000000e+00       3.894777897291e-04       3.229610737995e-07       3.593834272218e-12 
   48       1.742543202756e-04       1.054775850568e-10      -2.111435130841e-08       0.000000000000e+00       3.795398460817e-04       3.256597039224e-07       3.836723725377e-12 
   49       1.815650238103e-04       1.194977375378e-10      -2.292986871180e-08       0.000000000000e+00       3.699888659025e-04       3.288911391594e-07       3.907442303450e-12 
   50       1.890296258312e-04       1.350636842216e-10      -2.486054664245e-08       0.000000000000e+00       3.608305694066e-04       3.325671011665e-07       3.836209758250e-12 
   51       1.966479344570e-04       1.523103045570e-10      -2.691082395445e-08       0.000000000000e+00       3.520493375637e-04       3.365725493075e-07       3.660731111684e-12 
   52       2.044196854089e-04       1.713804739666e-10      -2.908518241639e-08       0.000000000000e+00       3.436066256071e-04       3.407640886193e-07       3.426607483176e-12 
   53       2.123446889278e-04       1.924254824014e-10      -3.138820732105e-08       0.000000000000e+00       3.354566859794e-04       3.449999875629e-07       3.183406093083e-12 
   54       2.204233237412e-04       2.156058805851e-10      -3.382479370460e-08       0.000000000000e+00       3.276021356379e-04       3.492429579230e-07       2.970738180634e-12 
   55       2.286561634064e-04       2.410912570341e-10      -3.639998854220e-08       0.000000000000e+00       3.200499124587e-04       3.534810293362e-07       2.829317135552e-12 
   56       2.370438390770e-04       2.690603064361e-10      -3.911893213843e-08       0.000000000000e+00       3.127943751567e-04       3.576979922032e-07       2.805209635192e-12 
   57       2.455870419748e-04       2.997010701958e-10      -4.198685813272e-08       0.000000000000e+00       3.058164425578e-04       3.618731310118e-07       2.950064466774e-12 
   58       2.542865258605e-04       3.332111769795e-10      -4.500909350485e-08       0.000000000000e+00       2.990827328708e-04       3.659809576601e-07       3.321341349605e-12 
   59       2.631430141606e-04       3.698016825345e-10      -4.819136500756e-08       0.000000000000e+00       2.925568836823e-04       3.700046236945e-07       3.943628715218e-12 
   60       2.721568905448e-04       4.097090841280e-10      -5.154080155241e-08       0.000000000000e+00       2.862385366435e-04       3.739803999167e-07       4.681587256297e-12 
   61       2.813284407320e-04       4.531865263065e-10      -5.506516503108e-08       0.000000000000e+00       2.801319010636e-04       3.779630733091e-07       5.337852059665e-12 
   62       2.906579407716e-04       5.005008020949e-10      -5.877257453650e-08       0.000000000000e+00       2.742339305311e-04       3.820133693338e-07       5.688281366391e-12 
   63       3.001456562837e-04       5.519327155515e-10      -6.267151675559e-08       0.000000000000e+00       2.685338750918e-04       3.861981489471e-07       5.480866375644e-12 
   64       3.097918416983e-04       6.077774443222e-10      -6.677085636213e-08       0.000000000000e+00       2.630128334264e-04       3.905906056145e-07       4.434641048546e-12 
   65       3.195967614433e-04       6.683474759275e-10      -7.107938282256e-08       0.000000000000e+00       2.576504154761e-04       3.952487866099e-07       2.313865276838e-12 
   66       3.295607604334e-04       7.339813250470e-10      -7.560431591404e-08       0.000000000000e+00       2.524473762288e-04       4.001454273217e-07      -8.287163905734e-13 
   67       3.396842071946e-04       8.050373159593e-10      -8.035250134394e-08       0.000000000000e+00       2.474069890172e-04       4.052235653427e-07      -4.845412091837e-12 
   68       3.499674730877e-04       8.818915981406e-10      -8.533084388217e-08       0.000000000000e+00       2.425281137635e-04       4.104165033128e-07      -9.563313734828e-12 
   69       3.604109321627e-04       9.649385808121e-10      -9.054630478655e-08       0.000000000000e+00       2.378049480506e-04       4.156473996197e-07      -1.478328164462e-11 
   70       3.710149610111e-04       1.054591367487e-09      -9.600589922812e-08       0.000000000000e+00       2.332267781941e-04       4.208288591006e-07      -2.027892921099e-11 
   71       3.817799386202e-04       1.151282190516e-09      -1.017166937166e-07       0.000000000000e+00       2.287777303132e-04       4.258625237429e-07      -2.579560753586e-11 
   72       3.927062972073e-04       1.255462243004e-09      -1.076862567353e-07       0.000000000000e+00       2.244417800638e-04       4.306650104244e-07      -3.108744671153e-11 
   73       4.037946863468e-04       1.367600171528e-09      -1.139241165089e-07       0.000000000000e+00       2.202194482858e-04       4.352523976302e-07      -3.603896738931e-11 
   74       4.150458402289e-04       1.488184078044e-09      -1.204405797041e-07       0.000000000000e+00       2.161138751525e-04       4.396712917953e-07      -4.056508632848e-11 
   75       4.264605304699e-04       1.617722510516e-09      -1.272463106537e-07       0.000000000000e+00       2.121257187859e-04       4.439741061450e-07      -4.457498409955e-11 
   76       4.380395671293e-04       1.756744883703e-09      -1.343523391290e-07       0.000000000000e+00       2.082530263892e-04       4.482192529268e-07      -4.797195860459e-11 
   77       4.497837997271e-04       1.905801899951e-09      -1.417700681127e-07       0.000000000000e+00       2.044911053789e-04       4.524713356422e-07      -5.065327859754e-11 
   78       4.616941182612e-04       2.065465969980e-09      -1.495112815713e-07       0.000000000000e+00       2.008323945168e-04       4.568013412780e-07      -5.251003720456e-11 
   79       4.737714542249e-04       2.236331633670e-09      -1.575881522276e-07       0.000000000000e+00       1.972663350427e-04       4.612868325383e-07      -5.342700544433e-11 
   80       4.860167066533e-04       2.419023357651e-09      -1.660131171438e-07       0.000000000000e+00       1.937825816060e-04       4.659929448464e-07      -5.332237497692e-11 
   81       4.984305032356e-04       2.614219561855e-09      -1.747984624870e-07       0.000000000000e+00       1.903815607583e-04       4.709111538416e-07      -5.227525715537e-11 
   82       5.110133993791e-04       2.822633553254e-09      -1.839566805028e-07       0.000000000000e+00       1.870655194473e-04       4.760101750091e-07      -5.042016250066e-11 
   83       5.237659491299e-04       3.045007068466e-09      -1.935006005426e-07       0.000000000000e+00       1.838352820946e-04       4.812540536862e-07      -4.790966120993e-11 
   84       5.366887048012e-04       3.282110831149e-09      -2.034433943885e-07       0.000000000000e+00       1.806901835757e-04       4.866020018268e-07      -4.491497536619e-11 
   85       5.497822166028e-04       3.534745109398e-09      -2.137985815780e-07       0.000000000000e+00       1.776280022009e-04       4.920082347661e-07      -4.162657114812e-11 
   86       5.630470322699e-04       3.803740273142e-09      -2.245800347282e-07       0.000000000000e+00       1.746448926955e-04       4.974218079845e-07      -3.825475103977e-11 
   87       5.764836966920e-04       4.089957351537e-09      -2.358019848609e-07       0.000000000000e+00       1.717353191796e-04       5.027864538728e-07      -3.503024604032e-11 
   88       5.900927515420e-04       4.394288590365e-09      -2.474790267271e-07       0.000000000000e+00       1.688919881494e-04       5.080404184961e-07      -3.220480787385e-11 
   89       6.038748057197e-04       4.717656755542e-09      -2.596262872018e-07       0.000000000000e+00       1.661079584363e-04       5.131297817410e-07      -3.000090439292e-11 
   90       6.178307601564e-04       5.061011703455e-09      -2.722599491353e-07       0.000000000000e+00       1.633834964940e-04       5.180511682065e-07      -2.845047138236e-11 
   91       6.319616177549e-04       5.425334297069e-09      -2.853968198696e-07       0.000000000000e+00       1.607201780083e-04       5.228154666829e-07      -2.753183958450e-11 
   92       6.462684163952e-04       5.811638143003e-09      -2.990541831427e-07       0.000000000000e+00       1.581187727229e-04       5.274349814273e-07      -2.721821184413e-11 
   93       6.607522296234e-04       6.220970130147e-09      -3.132498068560e-07       0.000000000000e+00       1.555792100337e-04       5.319234709260e-07      -2.747749281928e-11 
   94       6.754141673424e-04       6.654410968269e-09      -3.280019508425e-07       0.000000000000e+00       1.531005445827e-04       5.362961866576e-07      -2.827211869199e-11 
   95       6.902553765011e-04       7.113075726627e-09      -3.433293746341e-07       0.000000000000e+00       1.506809218529e-04       5.405699118552e-07      -2.955888687908e-11 
   96       7.052770417847e-04       7.598114372579e-09      -3.592513452292e-07       0.000000000000e+00       1.483175437619e-04       5.447630002695e-07      -3.128878574294e-11 
   97       7.204803863045e-04       8.110712310196e-09      -3.757876448606e-07       0.000000000000e+00       1.460066342568e-04       5.488954149316e-07      -3.340682430231e-11 
   98       7.358666722875e-04       8.652090918870e-09      -3.929585787630e-07       0.000000000000e+00       1.437434049079e-04       5.529887669155e-07      -3.585186194305e-11 
   99       7.514371866136e-04       9.223503536153e-09      -4.107848635590e-07       0.000000000000e+00       1.415233858929e-04       5.570614294035e-07      -3.857001109343e-11 
  100       7.671931935975e-04       9.826221592750e-09      -4.292872575882e-07       0.000000000000e+00       1.393467084287e-04       5.611130064465e-07      -4.155737943886e-11 
  101       7.831359767692e-04       1.046154750511e-08      -4.484868924040e-07       0.000000000000e+00       1.372143678154e-04       5.651377261130e-07      -4.482309359172e-11 
  102       7.992668539301e-04       1.113081953326e-08      -4.684053937245e-07       0.000000000000e+00       1.351268945311e-04       5.691291482629e-07      -4.837626053500e-11 
  103       8.155871776589e-04       1.183541226425e-08      -4.890648877529e-07       0.000000000000e+00       1.330843363760e-04       5.730801436163e-07      -5.222596185387e-11 
  104       8.320983358181e-04       1.257673709547e-08      -5.104880074985e-07       0.000000000000e+00       1.310862406170e-04       5.769828728238e-07      -5.638124796720e-11 
  105       8.488017520602e-04       1.335624271808e-08      -5.326978990971e-07       0.000000000000e+00       1.291316361323e-04       5.808287655352e-07      -6.085113235918e-11 
  106       8.656988863335e-04       1.417541560040e-08      -5.557182281315e-07       0.000000000000e+00       1.272190155558e-04       5.846084994695e-07      -6.564458581082e-11 
  107       8.827912353889e-04       1.503578047129e-08      -5.795731859524e-07       0.000000000000e+00       1.253463174213e-04       5.883119794838e-07      -7.077053063155e-11 
  108       9.000803332854e-04       1.593890080354e-08      -6.042874959988e-07       0.000000000000e+00       1.235109083071e-04       5.919283166430e-07      -7.623783489076e-11 
  109       9.175677518971e-04       1.688637929728e-08      -6.298864201185e-07       0.000000000000e+00       1.217095649807e-04       5.954458072894e-07      -8.205530664936e-11 
  110       9.352551022240e-04       1.787983655106e-08      -6.563950289950e-07       0.000000000000e+00       1.199393526154e-04       5.988548120764e-07      -8.822916621721e-11 
  111       9.531440374317e-04       1.892084293590e-08      -6.838358937470e-07       0.000000000000e+00       1.182004254905e-04       6.021568567452e-07      -9.475510762965e-11 
  112       9.712362511502e-04       2.001097886667e-08      -7.122311093575e-07       0.000000000000e+00       1.164935529720e-04       6.053566622986e-07      -1.016252056907e-10 
  113       9.895334772114e-04       2.115185610093e-08      -7.416030032584e-07       0.000000000000e+00       1.148192465355e-04       6.084593566344e-07      -1.088303169241e-10 
  114       1.008037490163e-03       2.234511800795e-08      -7.719741344185e-07       0.000000000000e+00       1.131777507173e-04       6.114704821162e-07      -1.163600490184e-10 
  115       1.026750105784e-03       2.359243983773e-08      -8.033672924317e-07       0.000000000000e+00       1.115690340651e-04       6.143960031434e-07      -1.242027302733e-10 
  116       1.045673181596e-03       2.489552899001e-08      -8.358054966052e-07       0.000000000000e+00       1.099927800892e-04       6.172423137215e-07      -1.323453790445e-10 
  117       1.064808617379e-03       2.625612528329e-08      -8.693119950478e-07       0.000000000000e+00       1.084483782137e-04       6.200162450324e-07      -1.407736731896e-10 
  118       1.084158355688e-03       2.767600122385e-08      -9.039102637583e-07       0.000000000000e+00       1.069349147276e-04       6.227250730051e-07      -1.494719195139e-10 
  119       1.103724382361e-03       2.915696227477e-08      -9.396240057134e-07       0.000000000000e+00       1.054511637356e-04       6.253765258854e-07      -1.584230232153e-10 
  120       1.123508727039e-03       3.070084712495e-08      -9.764771499561e-07       0.000000000000e+00       1.039955781091e-04       6.279787918065e-07      -1.676084573307e-10 
  121       1.143513463678e-03       3.230952795813e-08      -1.014493850684e-06       0.000000000000e+00       1.025662804378e-04       6.305405263595e-07      -1.770082321809e-10 
  122       1.163740711061e-03       3.398491072189e-08      -1.053698486337e-06       0.000000000000e+00       1.011610539800e-04       6.330708601634e-07      -1.866008648164e-10 
  123       1.184192631835e-03       3.572889110151e-08      -1.094113995470e-06       0.000000000000e+00       9.977791245943e-05       6.355775475184e-07      -1.963708449774e-10 
  124       1.204871428391e-03       3.754321614145e-08      -1.135756669829e-06       0.000000000000e+00       9.841690284790e-05       6.380611554149e-07      -2.063320692374e-10 
  125       1.225779347474e-03       3.942960715962e-08      -1.178640758591e-06       0.000000000000e+00       9.707849360041e-05       6.405202181055e-07      -2.165070539719e-10 
  126       1.246918682122e-03       4.138980254003e-08      -1.222780064147e-06       0.000000000000e+00       9.576300991188e-05       6.429530292448e-07      -2.269197081110e-10 
  127       1.268291772166e-03       4.342555765330e-08      -1.268187928106e-06       0.000000000000e+00       9.447062922245e-05       6.453576348345e-07      -2.375953615665e-10 
  128       1.289901004735e-03       4.553864477717e-08      -1.314877217295e-06       0.000000000000e+00       9.320137672280e-05       6.477318261680e-07      -2.485607936583e-10 
  129       1.311748814753e-03       4.773085301699e-08      -1.362860309763e-06       0.000000000000e+00       9.195512085941e-05       6.500731327751e-07      -2.598442615413e-10 
  130       1.333837685449e-03       5.000398822627e-08      -1.412149080785e-06       0.000000000000e+00       9.073156883993e-05       6.523788153665e-07      -2.714755286323e-10 
  131       1.356170148853e-03       5.235987292716e-08      -1.462754888861e-06       0.000000000000e+00       8.953026213843e-05       6.546458587787e-07      -2.834858930370e-10 
  132       1.378748786303e-03       5.480034623099e-08      -1.514688561719e-06       0.000000000000e+00       8.835057200073e-05       6.568709649186e-07      -2.959082159762e-10 
  133       1.401576228945e-03       5.732726375875e-08      -1.567960382320e-06       0.000000000000e+00       8.719169494972e-05       6.590505457083e-07      -3.087769502133e-10 
  134       1.424655158234e-03       5.994249756162e-08      -1.622580074857e-06       0.000000000000e+00       8.605264829062e-05       6.611807160293e-07      -3.221281684806e-10 
  135       1.447988306442e-03       6.264793604149e-08      -1.678556790759e-06       0.000000000000e+00       8.493226561633e-05       6.632572866680e-07      -3.359995919063e-10 
  136       1.471578457155e-03       6.544548387146e-08      -1.735899094695e-06       0.000000000000e+00       8.382919231272e-05       6.652757572595e-07      -3.504306184413e-10 
  137       1.495428390896e-03       6.833700797989e-08      -1.794611535140e-06       0.000000000000e+00       8.274223013929e-05       6.672322090942e-07      -3.654531597155e-10 
  138       1.519540714579e-03       7.132416936242e-08      -1.854683985206e-06       0.000000000000e+00       8.167142072856e-05       6.691261027391e-07      -3.810630212855e-10 
  139       1.543918015279e-03       7.440857363427e-08      -1.916101167137e-06       0.000000000000e+00       8.061706620615e-05       6.709577578826e-07      -3.972456009497e-10 
  140       1.568562913680e-03       7.759182298719e-08      -1.978845933427e-06       0.000000000000e+00       7.957938791754e-05       6.727274781167e-07      -4.139847849556e-10 
  141       1.593478064231e-03       8.087551576764e-08      -2.042899231143e-06       0.000000000000e+00       7.855852414906e-05       6.744355495939e-07      -4.312629180852e-10 
  142       1.618666155297e-03       8.426124605492e-08      -2.108240066252e-06       0.000000000000e+00       7.755452784880e-05       6.760822396829e-07      -4.490607737420e-10 
  143       1.644129909317e-03       8.775060323939e-08      -2.174845467942e-06       0.000000000000e+00       7.656736434761e-05       6.776677956254e-07      -4.673575240361e-10 
  144       1.669872082957e-03       9.134517160060e-08      -2.242690452947e-06       0.000000000000e+00       7.559690908002e-05       6.791924431918e-07      -4.861307098713e-10 
  145       1.695895467263e-03       9.504652988547e-08      -2.311747989871e-06       0.000000000000e+00       7.464294530520e-05       6.806563853380e-07      -5.053562110308e-10 
  146       1.722202887813e-03       9.885625088646e-08      -2.381988963512e-06       0.000000000000e+00       7.370516182791e-05       6.820598008613e-07      -5.250082162633e-10 
  147       1.748797204879e-03       1.027759010197e-07      -2.453382139185e-06       0.000000000000e+00       7.278315071948e-05       6.834028430569e-07      -5.450591933693e-10 
  148       1.775681313571e-03       1.068070399032e-07      -2.525894127049e-06       0.000000000000e+00       7.187640503871e-05       6.846856383740e-07      -5.654798592870e-10 
  149       1.802858144000e-03       1.109512199351e-07      -2.599489346426e-06       0.000000000000e+00       7.098431655290e-05       6.859082850724e-07      -5.862391501790e-10 
  150       1.830330661424e-03       1.152099858716e-07      -2.674129990129e-06       0.000000000000e+00       7.010617345872e-05       6.870708518783e-07      -6.073041915178e-10 
  151       1.858101866411e-03       1.195848744053e-07      -2.749775988784e-06       0.000000000000e+00       6.924115810322e-05       6.881733766407e-07      -6.286402681724e-10 
  152       1.886174794984e-03       1.240774137434e-07      -2.826384975155e-06       0.000000000000e+00       6.838834470476e-05       6.892158649881e-07      -6.502107944940e-10 
  153       1.914552391927e-03       1.286891287135e-07      -2.903907391810e-06       0.000000000000e+00       6.754692545586e-05       6.901987162953e-07      -6.719814413391e-10 
  154       1.943237117104e-03       1.334215575032e-07      -2.982271377586e-06       0.000000000000e+00       6.671691727287e-05       6.911240489600e-07      -6.939330116776e-10 
  155       1.972231302673e-03       1.382762356793e-07      -3.061396401954e-06       0.000000000000e+00       6.589851669004e-05       6.919944963050e-07      -7.160497101422e-10 
  156       2.001537276167e-03       1.432546904094e-07      -3.141197935535e-06       0.000000000000e+00       6.509187627437e-05       6.928127911626e-07      -7.383150849694e-10 
  157       2.031157359999e-03       1.483584400680e-07      -3.221587389684e-06       0.000000000000e+00       6.429710350969e-05       6.935817667073e-07      -7.607120192564e-10 
  158       2.061093870972e-03       1.535889938435e-07      -3.302472056082e-06       0.000000000000e+00       6.351425968075e-05       6.943043572878e-07      -7.832227222180e-10 
  159       2.091349119789e-03       1.589478513437e-07      -3.383755046328e-06       0.000000000000e+00       6.274335875731e-05       6.949835992602e-07      -8.058287204443e-10 
  160       2.121925410555e-03       1.644365022027e-07      -3.465335231523e-06       0.000000000000e+00       6.198436627822e-05       6.956226318199e-07      -8.285108491575e-10 
  161       2.152825040294e-03       1.700564256869e-07      -3.547107181861e-06       0.000000000000e+00       6.123719823551e-05       6.962246978349e-07      -8.512492434695e-10 
  162       2.184050298447e-03       1.758090903014e-07      -3.628961106220e-06       0.000000000000e+00       6.050171995852e-05       6.967931446775e-07      -8.740233296387e-10 
  163       2.215603466389e-03       1.816959533965e-07      -3.710782791750e-06       0.000000000000e+00       5.977774499794e-05       6.973314250574e-07      -8.968118163274e-10 
  164       2.247486816931e-03       1.877184607739e-07      -3.792453543463e-06       0.000000000000e+00       5.906503400990e-05       6.978430978543e-07      -9.195926858589e-10 
  165       2.279702613830e-03       1.938780462927e-07      -3.873850123819e-06       0.000000000000e+00       5.836329364010e-05       6.983318289499e-07      -9.423431854749e-10 
  166       2.312253111299e-03       2.001761314763e-07      -3.954844692321e-06       0.000000000000e+00       5.767217540789e-05       6.988013920611e-07      -9.650398185924e-10 
  167       2.345140553511e-03       2.066141251183e-07      -4.035304745098e-06       0.000000000000e+00       5.699127459031e-05       6.992556695720e-07      -9.876583360613e-10 
  168       2.378367174111e-03       2.131934228891e-07      -4.115093054499e-06       0.000000000000e+00       5.632012910626e-05       6.996986533668e-07      -1.010173727421e-09 
  169       2.411935195722e-03       2.199154069417e-07      -4.194067608682e-06       0.000000000000e+00       5.565821840051e-05       7.001344456622e-07      -1.032560212159e-09 
  170       2.445846829454e-03       2.267814455189e-07      -4.272081551197e-06       0.000000000000e+00       5.500496232786e-05       7.005672598400e-07      -1.054791230965e-09 
  171       2.480104072939e-03       2.337931331260e-07      -4.348979414021e-06       0.000000000000e+00       5.435985910404e-05       7.010008743093e-07      -1.076841214623e-09 
  172       2.514708086571e-03       2.409530343487e-07      -4.424585590628e-06       0.000000000000e+00       5.372291440255e-05       7.014369412496e-07      -1.098691074486e-09 
  173       2.549659764073e-03       2.482640015906e-07      -4.498714781553e-06       0.000000000000e+00       5.309424606460e-05       7.018765377877e-07      -1.120323155182e-09 
  174       2.584959927983e-03       2.557289406712e-07      -4.571175539475e-06       0.000000000000e+00       5.247394770844e-05       7.023206988860e-07      -1.141719496706e-09 
  175       2.620609328338e-03       2.633508114144e-07      -4.641770193679e-06       0.000000000000e+00       5.186208818080e-05       7.027704159430e-07      -1.162861832938e-09 
  176       2.656608641362e-03       2.711326282360e-07      -4.710294774528e-06       0.000000000000e+00       5.125871100840e-05       7.032266353948e-07      -1.183731590145e-09 
  177       2.692958468151e-03       2.790774607318e-07      -4.776538937927e-06       0.000000000000e+00       5.066383384938e-05       7.036902573156e-07      -1.204309885496e-09 
  178       2.729659333361e-03       2.871884342651e-07      -4.840285889790e-06       0.000000000000e+00       5.007744794484e-05       7.041621340186e-07      -1.224577525573e-09 
  179       2.766711683892e-03       2.954687305545e-07      -4.901312310506e-06       0.000000000000e+00       4.949951757025e-05       7.046430686572e-07      -1.244515004873e-09 
  180       2.804115887573e-03       3.039215882622e-07      -4.959388279407e-06       0.000000000000e+00       4.892997948700e-05       7.051338138259e-07      -1.264102504327e-09 
  181       2.841872231852e-03       3.125503035814e-07      -5.014277199234e-06       0.000000000000e+00       4.836874239382e-05       7.056350701609e-07      -1.283319889807e-09 
  182       2.879980922478e-03       3.213582308243e-07      -5.065735720601e-06       0.000000000000e+00       4.781568637828e-05       7.061474849414e-07      -1.302146710630e-09 
  183       2.918442082191e-03       3.303487830097e-07      -5.113513666466e-06       0.000000000000e+00       4.727066236829e-05       7.066716506903e-07      -1.320562198078e-09 
  184       2.957255749404e-03       3.395254324511e-07      -5.157353956596e-06       0.000000000000e+00       4.673349158352e-05       7.072081037751e-07      -1.338545263900e-09 
  185       2.996421876891e-03       3.488917113445e-07      -5.196992532031e-06       0.000000000000e+00       4.620396498695e-05       7.077573230091e-07      -1.356074498824e-09 
  186       3.035940330474e-03       3.584512123562e-07      -5.232158279554e-06       0.000000000000e+00       4.568184273630e-05       7.083197282521e-07      -1.373128171070e-09 
  187       3.075810887708e-03       3.682075892103e-07      -5.262572956156e-06       0.000000000000e+00       4.516685363552e-05       7.088956790110e-07      -1.389684224856e-09 
  188       3.116033236566e-03       3.781645572770e-07      -5.287951113502e-06       0.000000000000e+00       4.465869458627e-05       7.094854730416e-07      -1.405720278907e-09 
  189       3.156606974128e-03       3.883258941604e-07      -5.308000022399e-06       0.000000000000e+00       4.415703003940e-05       7.100893449487e-07      -1.421213624971e-09 
  190       3.197531605262e-03       3.986954402857e-07      -5.322419597263e-06       0.000000000000e+00       4.366149144642e-05       7.107074647874e-07      -1.436141226322e-09 
  191       3.238806321387e-03       4.092777801265e-07      -5.330906147598e-06       0.000000000000e+00       4.317176204050e-05       7.113399498799e-07      -1.450477502235e-09 
  192       3.280429320933e-03       4.200803417246e-07      -5.333164104105e-06       0.000000000000e+00       4.268783942443e-05       7.119869041714e-07      -1.464187498912e-09 
  193       3.322398435262e-03       4.311114561439e-07      -5.328895028757e-06       0.000000000000e+00       4.220979166834e-05       7.126483791403e-07      -1.477233202272e-09 
  194       3.364711341993e-03       4.423796937900e-07      -5.317793804301e-06       0.000000000000e+00       4.173767348386e-05       7.133243595005e-07      -1.489575697256e-09 
  195       3.407365562968e-03       4.538938672248e-07      -5.299548571239e-06       0.000000000000e+00       4.127152595491e-05       7.140147618460e-07      -1.501175159084e-09 
  196       3.450358462219e-03       4.656630339821e-07      -5.273840664824e-06       0.000000000000e+00       4.081137626834e-05       7.147194332948e-07      -1.511990844525e-09 
  197       3.493687243936e-03       4.776964993820e-07      -5.240344552048e-06       0.000000000000e+00       4.035723744464e-05       7.154381501331e-07      -1.521981083164e-09 
  198       3.537348950430e-03       4.900038193467e-07      -5.198727768628e-06       0.000000000000e+00       3.990910806865e-05       7.161706164598e-07      -1.531103268659e-09 
  199       3.581340460102e-03       5.025948032147e-07      -5.148650855999e-06       0.000000000000e+00       3.946697202023e-05       7.169164628302e-07      -1.539313850014e-09 
  200       3.625658485409e-03       5.154795165566e-07      -5.089767298306e-06       0.000000000000e+00       3.903079820499e-05       7.176752449002e-07      -1.546568322842e-09 
  201       3.670299570829e-03       5.286682839897e-07      -5.021723459386e-06       0.000000000000e+00       3.860054028497e-05       7.184464420710e-07      -1.552821220626e-09 
  202       3.715260090829e-03       5.421716919932e-07      -4.944158519765e-06       0.000000000000e+00       3.817613640935e-05       7.192294561327e-07      -1.558026105988e-09 
  203       3.760536247831e-03       5.560005917233e-07      -4.856704413643e-06       0.000000000000e+00       3.775750894514e-05       7.200236099087e-07      -1.562135561953e-09 
  204       3.806124070178e-03       5.701661018280e-07      -4.758985765885e-06       0.000000000000e+00       3.734456420785e-05       7.208281458998e-07      -1.565101183215e-09 
  205       3.852019410100e-03       5.846796112624e-07      -4.650619829011e-06       0.000000000000e+00       3.693719219225e-05       7.216422249286e-07      -1.566873567399e-09 
  206       3.898217941682e-03       5.995527821037e-07      -4.531216420185e-06       0.000000000000e+00       3.653526630302e-05       7.224649247833e-07      -1.567402306329e-09 
  207       3.944715158827e-03       6.147975523662e-07      -4.400377858204e-06       0.000000000000e+00       3.613864308545e-05       7.232952388622e-07      -1.566635977291e-09 
  208       3.991506373228e-03       6.304261388164e-07      -4.257698900488e-06       0.000000000000e+00       3.574716195616e-05       7.241320748175e-07      -1.564522134300e-09 
  209       4.038586712329e-03       6.464510397879e-07      -4.102766680072e-06       0.000000000000e+00       3.536064493378e-05       7.249742531999e-07      -1.561007299362e-09 
  210       4.085951117294e-03       6.628850379966e-07      -3.935160642589e-06       0.000000000000e+00       3.497889636967e-05       7.258205061024e-07      -1.556036953743e-09 
  211       4.133594340972e-03       6.797412033556e-07      -3.754452483268e-06       0.000000000000e+00       3.460170267858e-05       7.266694758050e-07      -1.549555529230e-09 
  212       4.181510945866e-03       6.970328957906e-07      -3.560206083916e-06       0.000000000000e+00       3.422883206939e-05       7.275197134179e-07      -1.541506399397e-09 
  213       4.229695189435e-03       7.147748844526e-07      -3.351998081345e-06       0.000000000000e+00       3.386008666006e-05       7.283698234303e-07      -1.531836735070e-09 
  214       4.278140675617e-03       7.329867835887e-07      -3.129481248428e-06       0.000000000000e+00       3.349546329617e-05       7.292189110238e-07      -1.520512453558e-09 
  215       4.326840675833e-03       7.516898542416e-07      -2.892325273357e-06       0.000000000000e+00       3.313500307704e-05       7.300661623597e-07      -1.507504262522e-09 
  216       4.375788237220e-03       7.709059144238e-07      -2.640196504238e-06       0.000000000000e+00       3.277873981685e-05       7.309107004238e-07      -1.492782890556e-09 
  217       4.424976180298e-03       7.906573448721e-07      -2.372757940399e-06       0.000000000000e+00       3.242669991327e-05       7.317515840554e-07      -1.476319091255e-09 
  218       4.474397096639e-03       8.109670948010e-07      -2.089669223691e-06       0.000000000000e+00       3.207890221608e-05       7.325878069750e-07      -1.458083647289e-09 
  219       4.524043346543e-03       8.318586876573e-07      -1.790586629798e-06       0.000000000000e+00       3.173535789574e-05       7.334182968128e-07      -1.438047374473e-09 
  220       4.573907056698e-03       8.533562268743e-07      -1.475163059533e-06       0.000000000000e+00       3.139607031201e-05       7.342419141372e-07      -1.416181125833e-09 
  221       4.623980117859e-03       8.754844016253e-07      -1.143048030151e-06       0.000000000000e+00       3.106103488259e-05       7.350574514827e-07      -1.392455795683e-09 
  222       4.674254182513e-03       8.982684925783e-07      -7.938876666455e-07       0.000000000000e+00       3.073023895166e-05       7.358636323783e-07      -1.366842323691e-09 
  223       4.724720662548e-03       9.217343776498e-07      -4.273246930578e-07       0.000000000000e+00       3.040366165854e-05       7.366591103761e-07      -1.339311698953e-09 
  224       4.775370726926e-03       9.459085377590e-07      -4.299842377911e-08       0.000000000000e+00       3.008127380627e-05       7.374424680789e-07      -1.309834964060e-09 
  225       4.826195299353e-03       9.708180625818e-07       3.594552451447e-07       0.000000000000e+00       2.976303773024e-05       7.382122161693e-07      -1.278383219170e-09 
  226       4.877185055943e-03       9.964906563049e-07       7.804038447090e-07       0.000000000000e+00       2.944890716675e-05       7.389667924371e-07      -1.244927626080e-09 
  227       4.928330422896e-03       1.022954643380e-06       1.220218341646e-06       0.000000000000e+00       2.913882712167e-05       7.397045608085e-07      -1.209439412295e-09 
  228       4.979621574160e-03       1.050238974278e-06       1.679273147122e-06       0.000000000000e+00       2.883273373899e-05       7.404238103735e-07      -1.171889875099e-09 
  229       5.031048429108e-03       1.078373231243e-06       2.157946125430e-06       0.000000000000e+00       2.853055416949e-05       7.411227544149e-07      -1.132250385625e-09 
  230       5.082600650201e-03       1.107387634045e-06       2.656618602688e-06       0.000000000000e+00       2.823220643928e-05       7.417995294360e-07      -1.090492392927e-09 
  231       5.134267640664e-03       1.137313045738e-06       3.175675375534e-06       0.000000000000e+00       2.793759931845e-05       7.424521941893e-07      -1.046587428048e-09 
  232       5.186038542151e-03       1.168180978409e-06       3.715504719824e-06       0.000000000000e+00       2.764663218966e-05       7.430787287047e-07      -1.000507108093e-09 
  233       5.237902232417e-03       1.200023598936e-06       4.276498399323e-06       0.000000000000e+00       2.735919491675e-05       7.436770333174e-07      -9.522231403001e-10 
  234       5.289847322988e-03       1.232873734739e-06       4.859051674404e-06       0.000000000000e+00       2.707516771334e-05       7.442449276967e-07      -9.017073261073e-10 
  235       5.341862156829e-03       1.266764879538e-06       5.463563310745e-06       0.000000000000e+00       2.679442101144e-05       7.447801498741e-07      -8.489315652267e-10 
  236       5.393934806017e-03       1.301731199103e-06       6.090435588021e-06       0.000000000000e+00       2.651681533005e-05       7.452803552714e-07      -7.938678597133e-10 
  237       5.446053069407e-03       1.337807537011e-06       6.740074308603e-06       0.000000000000e+00       2.624220114377e-05       7.457431157290e-07      -7.364883180365e-10 
  238       5.498204824210e-03       1.375030077195e-06       7.412846516170e-06       0.000000000000e+00       2.597045142394e-05       7.461664981752e-07      -6.767673737665e-10 
  239       5.550379109176e-03       1.413438364251e-06       8.108950791130e-06       0.000000000000e+00       2.570156172124e-05       7.465508415434e-07      -6.146885823772e-10 
  240       5.602565102513e-03       1.453073416686e-06       8.828539114105e-06       0.000000000000e+00       2.543555589161e-05       7.468970856220e-07      -5.502382441124e-10 
  241       5.654751772310e-03       1.493977088237e-06       9.571758369204e-06       0.000000000000e+00       2.517245390695e-05       7.472062013456e-07      -4.834032350980e-10 
  242       5.706927874951e-03       1.536192075001e-06       1.033875026349e-05       0.000000000000e+00       2.491227179259e-05       7.474791910456e-07      -4.141710160849e-10 
  243       5.759081953535e-03       1.579761922583e-06       1.112965124649e-05       0.000000000000e+00       2.465502156488e-05       7.477170887022e-07      -3.425296411916e-10 
  244       5.811202336290e-03       1.624731033233e-06       1.194459242962e-05       0.000000000000e+00       2.440071116871e-05       7.479209601947e-07      -2.684677666467e-10 
  245       5.863277134991e-03       1.671144672984e-06       1.278369950571e-05       0.000000000000e+00       2.414934441501e-05       7.480919035529e-07      -1.919746595313e-10 
  246       5.915294243373e-03       1.719048978794e-06       1.364709266849e-05       0.000000000000e+00       2.390092091835e-05       7.482310492084e-07      -1.130402065219e-10 
  247       5.967241335551e-03       1.768490965684e-06       1.453488653201e-05       0.000000000000e+00       2.365543603440e-05       7.483395602453e-07      -3.165492263277e-11 
  248       6.019105864437e-03       1.819518533879e-06       1.544719005018e-05       0.000000000000e+00       2.341288079750e-05       7.484186326518e-07       5.219004004139e-11 
  249       6.070875060151e-03       1.872180475948e-06       1.638410643624e-05       0.000000000000e+00       2.317324185818e-05       7.484694955706e-07       1.385028835829e-10 
  250       6.122535928444e-03       1.926526483940e-06       1.734573308220e-05       0.000000000000e+00       2.293650142072e-05       7.484934115509e-07       2.272911555087e-10 
  251       6.174075249109e-03       1.982607156530e-06       1.833216147836e-05       0.000000000000e+00       2.270263718065e-05       7.484916767988e-07       3.185617400272e-10 
  252       6.225479574403e-03       2.040474006152e-06       1.934347713278e-05       0.000000000000e+00       2.247162226229e-05       7.484656214286e-07       4.123208492964e-10 
  253       6.276735227456e-03       2.100179466145e-06       2.037975949074e-05       0.000000000000e+00       2.224342515628e-05       7.484166097140e-07       5.085740146810e-10 
  254       6.327828300695e-03       2.161776897888e-06       2.144108185425e-05       0.000000000000e+00       2.201800965715e-05       7.483460403392e-07       6.073260780098e-10 
  255       6.378744654255e-03       2.225320597941e-06       2.252751130151e-05       0.000000000000e+00       2.179533480078e-05       7.482553466499e-07       7.085811828330e-10 
  256       6.429469914400e-03       2.290865805186e-06       2.363910860638e-05       0.000000000000e+00       2.157535480201e-05       7.481459969045e-07       8.123427656800e-10 
  257       6.479989471933e-03       2.358468707965e-06       2.477592815788e-05       0.000000000000e+00       2.135801899212e-05       7.480194945251e-07       9.186135473165e-10 
  258       6.530288480619e-03       2.428186451222e-06       2.593801787967e-05       0.000000000000e+00       2.114327175638e-05       7.478773783489e-07       1.027395524002e-09 
  259       6.580351855599e-03       2.500077143638e-06       2.712541914951e-05       0.000000000000e+00       2.093105247158e-05       7.477212228786e-07       1.138689958747e-09 
  260       6.630164271803e-03       2.574199864777e-06       2.833816671876e-05       0.000000000000e+00       2.072129544357e-05       7.475526385345e-07       1.252497372571e-09 
  261       6.679710162372e-03       2.650614672221e-06       2.957628863184e-05       0.000000000000e+00       2.051392984480e-05       7.473732719048e-07       1.368817535760e-09 
  262       6.728973717072e-03       2.729382608711e-06       3.083980614572e-05       0.000000000000e+00       2.030887965181e-05       7.471848059971e-07       1.487649459122e-09 
  263       6.777938880709e-03       2.810565709288e-06       3.212873364941e-05       0.000000000000e+00       2.010606358282e-05       7.469889604892e-07       1.608991385248e-09 
  264       6.826589351546e-03       2.894227008431e-06       3.344307858340e-05       0.000000000000e+00       1.990539503521e-05       7.467874919807e-07       1.732840779766e-09 
  265       6.874908579723e-03       2.980430547197e-06       3.478284135921e-05       0.000000000000e+00       1.970678202310e-05       7.465821942435e-07       1.859194322600e-09 
  266       6.922880740103e-03       3.069239317642e-06       3.614796971083e-05       0.000000000000e+00       1.951014657336e-05       7.463744058534e-07       1.988048140219e-09 
  267       6.970493712613e-03       3.160708957731e-06       3.753821916954e-05       0.000000000000e+00       1.931548420903e-05       7.461635029490e-07       2.119398534369e-09 
  268       7.017736260665e-03       3.254893727938e-06       3.895328485587e-05       0.000000000000e+00       1.912280757448e-05       7.459483251143e-07       2.253241275902e-09 
  269       7.064597071352e-03       3.351848546771e-06       4.039284620869e-05       0.000000000000e+00       1.893212723827e-05       7.457276600512e-07       2.389571359053e-09 
  270       7.111064755514e-03       3.451628994436e-06       4.185656682767e-05       0.000000000000e+00       1.874345166354e-05       7.455002429981e-07       2.528382993105e-09 
  271       7.157127847800e-03       3.554291316481e-06       4.334409431581e-05       0.000000000000e+00       1.855678717844e-05       7.452647561490e-07       2.669669594052e-09 
  272       7.202774806728e-03       3.659892427458e-06       4.485506012187e-05       0.000000000000e+00       1.837213794653e-05       7.450198280719e-07       2.813423776267e-09 
  273       7.247994014751e-03       3.768489914574e-06       4.638907938290e-05       0.000000000000e+00       1.818950593719e-05       7.447640331280e-07       2.959637344160e-09 
  274       7.292773778320e-03       3.880142041347e-06       4.794575076671e-05       0.000000000000e+00       1.800889089604e-05       7.444958908900e-07       3.108301283852e-09 
  275       7.337102327943e-03       3.994907751258e-06       4.952465631437e-05       0.000000000000e+00       1.783029031536e-05       7.442138655612e-07       3.259405754830e-09 
  276       7.380967818254e-03       4.112846671409e-06       5.112536128266e-05       0.000000000000e+00       1.765369940444e-05       7.439163653941e-07       3.412940081620e-09 
  277       7.424358328070e-03       4.234019116175e-06       5.274741398662e-05       0.000000000000e+00       1.747911106009e-05       7.436017421094e-07       3.568892745444e-09 
  278       7.467261860456e-03       4.358486090859e-06       5.439034564197e-05       0.000000000000e+00       1.730651583693e-05       7.432682903142e-07       3.727251375892e-09 
  279       7.509666342789e-03       4.486309295349e-06       5.605367020764e-05       0.000000000000e+00       1.713590191793e-05       7.429142469215e-07       3.888002742579e-09 
  280       7.551559626819e-03       4.617551127766e-06       5.773688422825e-05       0.000000000000e+00       1.696725508470e-05       7.425377905686e-07       4.051132746818e-09 
  281       7.592929488733e-03       4.752274688128e-06       5.943946667657e-05       0.000000000000e+00       1.680055868798e-05       7.421370410355e-07       4.216626413276e-09 
  282       7.633763629218e-03       4.890543781994e-06       6.116087879606e-05       0.000000000000e+00       1.663579361802e-05       7.417100586646e-07       4.384467881645e-09 
  283       7.674049673523e-03       5.032422924127e-06       6.290056394330e-05       0.000000000000e+00       1.647293827499e-05       7.412548437784e-07       4.554640398304e-09 
  284       7.713775171521e-03       5.177977342144e-06       6.465794743051e-05       0.000000000000e+00       1.631196853940e-05       7.407693360991e-07       4.727126307984e-09 
  285       7.752927597775e-03       5.327272980173e-06       6.643243636803e-05       0.000000000000e+00       1.615285774249e-05       7.402514141670e-07       4.901907045432e-09 
  286       7.791494351597e-03       5.480376502505e-06       6.822341950681e-05       0.000000000000e+00       1.599557663667e-05       7.396988947591e-07       5.078963127077e-09 
  287       7.829462757113e-03       5.637355297250e-06       7.003026708090e-05       0.000000000000e+00       1.584009336591e-05       7.391095323083e-07       5.258274142693e-09 
  288       7.866820063327e-03       5.798277479990e-06       7.185233064990e-05       0.000000000000e+00       1.568637343614e-05       7.384810183219e-07       5.439818747065e-09 
  289       7.903553444179e-03       5.963211897437e-06       7.368894294150e-05       0.000000000000e+00       1.553437968569e-05       7.378109808003e-07       5.623574651652e-09 
  290       7.939649998614e-03       6.132228131084e-06       7.553941769396e-05       0.000000000000e+00       1.538407225566e-05       7.370969836559e-07       5.809518616254e-09 
  291       7.975096750642e-03       6.305396500861e-06       7.740304949854e-05       0.000000000000e+00       1.523540856039e-05       7.363365261319e-07       5.997626440675e-09 
  292       8.009880649398e-03       6.482788068787e-06       7.927911364206e-05       0.000000000000e+00       1.508834325781e-05       7.355270422209e-07       6.187872956387e-09 
  293       8.043988569210e-03       6.664474642630e-06       8.116686594934e-05       0.000000000000e+00       1.494282821986e-05       7.346659000839e-07       6.380232018195e-09 
  294       8.077407309660e-03       6.850528779556e-06       8.306554262571e-05       0.000000000000e+00       1.479881250295e-05       7.337504014688e-07       6.574676495903e-09 
  295       8.110123595643e-03       7.041023789787e-06       8.497436009949e-05       0.000000000000e+00       1.465624231830e-05       7.327777811294e-07       6.771178265979e-09 
  296       8.142124077436e-03       7.236033740252e-06       8.689251486446e-05       0.000000000000e+00       1.451506100241e-05       7.317452062440e-07       6.969708203215e-09 
  297       8.173396718250e-03       7.435626227415e-06       8.881918621193e-05       0.000000000000e+00       1.437522064189e-05       7.306503239889e-07       7.170234669032e-09 
  298       8.203935031525e-03       7.639840298894e-06       9.075354489753e-05       0.000000000000e+00       1.423671763522e-05       7.294929349523e-07       7.372718912057e-09 
  299       8.233734050163e-03       7.848707463502e-06       9.269474458921e-05       0.000000000000e+00       1.409955880553e-05       7.282734001003e-07       7.577119427234e-09 
  300       8.262788959570e-03       8.062258819036e-06       9.464191886284e-05       0.000000000000e+00       1.396374988851e-05       7.269921001299e-07       7.783393428673e-09 
  301       8.291095099603e-03       8.280525046125e-06       9.659418104860e-05       0.000000000000e+00       1.382929551866e-05       7.256494356310e-07       7.991496839271e-09 
  302       8.318647966513e-03       8.503536402082e-06       9.855062407738e-05       0.000000000000e+00       1.369619921543e-05       7.242458272480e-07       8.201384280345e-09 
  303       8.345443214887e-03       8.731322714756e-06       1.005103203272e-04       0.000000000000e+00       1.356446336950e-05       7.227817158422e-07       8.413009061253e-09 
  304       8.371476659596e-03       8.963913376380e-06       1.024723214696e-04       0.000000000000e+00       1.343408922895e-05       7.212575626536e-07       8.626323169020e-09 
  305       8.396744277734e-03       9.201337337421e-06       1.044356583160e-04       0.000000000000e+00       1.330507688549e-05       7.196738494628e-07       8.841277257971e-09 
  306       8.421242210568e-03       9.443623100435e-06       1.063993406643e-04       0.000000000000e+00       1.317742526068e-05       7.180310787530e-07       9.057820639349e-09 
  307       8.444966765475e-03       9.690798713915e-06       1.083623571450e-04       0.000000000000e+00       1.305113209211e-05       7.163297738722e-07       9.275901270947e-09 
  308       8.467914417894e-03       9.942891766139e-06       1.103236750677e-04       0.000000000000e+00       1.292619391964e-05       7.145704791947e-07       9.495465746729e-09 
  309       8.490081813264e-03       1.019992937903e-05       1.122822402678e-04       0.000000000000e+00       1.280260607159e-05       7.127537602838e-07       9.716459286463e-09 
  310       8.511465768969e-03       1.046193820199e-05       1.142369769523e-04       0.000000000000e+00       1.268036265098e-05       7.108802040529e-07       9.938825725343e-09 
  311       8.532063276284e-03       1.072894440576e-05       1.161867875470e-04       0.000000000000e+00       1.255945652172e-05       7.089504189283e-07       1.016250750361e-08 
  312       8.551871502319e-03       1.100097367629e-05       1.181305525420e-04       0.000000000000e+00       1.243987929483e-05       7.069650350106e-07       1.038744565620e-08 
  313       8.570887791962e-03       1.127805120855e-05       1.200671303388e-04       0.000000000000e+00       1.232162131463e-05       7.049247042368e-07       1.061357980234e-08 
  314       8.589109669820e-03       1.156020170041e-05       1.219953570966e-04       0.000000000000e+00       1.220467164500e-05       7.028301005426e-07       1.084084813519e-08 
  315       8.606534842171e-03       1.184744934649e-05       1.239140465783e-04       0.000000000000e+00       1.208901805553e-05       7.006819200240e-07       1.106918741147e-08 
  316       8.623161198901e-03       1.213981783198e-05       1.258219899973e-04       0.000000000000e+00       1.197464700779e-05       6.984808810993e-07       1.129853294109e-08 
  317       8.638986815450e-03       1.243733032653e-05       1.277179558639e-04       0.000000000000e+00       1.186154364149e-05       6.962277246714e-07       1.152881857677e-08 
  318       8.654009954756e-03       1.274000947809e-05       1.296006898314e-04       0.000000000000e+00       1.174969176074e-05       6.939232142894e-07       1.175997670366e-08 
  319       8.668229069202e-03       1.304787740675e-05       1.314689145429e-04       0.000000000000e+00       1.163907382023e-05       6.915681363108e-07       1.199193822897e-08 
  320       8.681642802554e-03       1.336095569858e-05       1.333213294773e-04       0.000000000000e+00       1.152967091144e-05       6.891633000633e-07       1.222463257162e-08 
  321       8.694249991912e-03       1.367926539951e-05       1.351566107960e-04       0.000000000000e+00       1.142146274887e-05       6.867095380070e-07       1.245798765182e-08 
  322       8.706049669647e-03       1.400282700917e-05       1.369734111892e-04       0.000000000000e+00       1.131442765623e-05       6.842077058963e-07       1.269192988074e-08 
  323       8.717041065352e-03       1.433166047473e-05       1.387703597224e-04       0.000000000000e+00       1.120854255270e-05       6.816586829417e-07       1.292638415011e-08 
  324       8.727223607782e-03       1.466578518475e-05       1.405460616826e-04       0.000000000000e+00       1.110378293906e-05       6.790633719720e-07       1.316127382187e-08 
  325       8.736596926796e-03       1.500521996307e-05       1.422990984248e-04       0.000000000000e+00       1.100012288397e-05       6.764226995961e-07       1.339652071775e-08 
  326       8.745160855306e-03       1.534998306259e-05       1.440280272185e-04       0.000000000000e+00       1.089753501017e-05       6.737376163652e-07       1.363204510896e-08 
  327       8.752915431220e-03       1.570009215918e-05       1.457313810941e-04       0.000000000000e+00       1.079599048065e-05       6.710090969346e-07       1.386776570576e-08 
  328       8.759860899383e-03       1.605556434550e-05       1.474076686892e-04       0.000000000000e+00       1.069545898493e-05       6.682381402255e-07       1.410359964713e-08 
  329       8.765997713522e-03       1.641641612489e-05       1.490553740949e-04       0.000000000000e+00       1.059590872520e-05       6.654257695875e-07       1.433946249036e-08 
  330       8.771326538194e-03       1.678266340516e-05       1.506729567025e-04       0.000000000000e+00       1.049730640259e-05       6.625730329601e-07       1.457526820069e-08 
  331       8.775848250725e-03       1.715432149247e-05       1.522588510498e-04       0.000000000000e+00       1.039961720334e-05       6.596810030349e-07       1.481092914096e-08 
  332       8.779564683557e-03       1.753139526743e-05       1.538115823483e-04       0.000000000000e+00       1.030281174332e-05       6.567506705767e-07       1.504636790546e-08 
  333       8.782480883070e-03       1.791384925238e-05       1.553301189485e-04       0.000000000000e+00       1.020688726443e-05       6.537826189142e-07       1.528155341315e-08 
  334       8.784602953137e-03       1.830163622583e-05       1.568135349553e-04       0.000000000000e+00       1.011184733619e-05       6.507773355616e-07       1.551646636923e-08 
  335       8.785937326348e-03       1.869470690570e-05       1.582608959062e-04       0.000000000000e+00       1.001769497470e-05       6.477353178237e-07       1.575108756541e-08 
  336       8.786490766758e-03       1.909300993249e-05       1.596712587438e-04       0.000000000000e+00       9.924432636355e-06       6.446570728421e-07       1.598539788237e-08 
  337       8.786270372636e-03       1.949649185250e-05       1.610436717875e-04       0.000000000000e+00       9.832062211680e-06       6.415431176412e-07       1.621937829226e-08 
  338       8.785283579213e-03       1.990509710098e-05       1.623771747052e-04       0.000000000000e+00       9.740585019037e-06       6.383939791741e-07       1.645300986121e-08 
  339       8.783538161427e-03       2.031876798539e-05       1.636707984856e-04       0.000000000000e+00       9.650001798412e-06       6.352101943686e-07       1.668627375174e-08 
  340       8.781042236675e-03       2.073744466853e-05       1.649235654102e-04       0.000000000000e+00       9.560312705180e-06       6.319923101734e-07       1.691915122533e-08 
  341       8.777804267556e-03       2.116106515178e-05       1.661344890250e-04       0.000000000000e+00       9.471517303863e-06       6.287408836039e-07       1.715162364484e-08 
  342       8.773833064622e-03       2.158956525826e-05       1.673025741127e-04       0.000000000000e+00       9.383614561899e-06       6.254564817884e-07       1.738367247701e-08 
  343       8.769137789125e-03       2.202287861605e-05       1.684268166646e-04       0.000000000000e+00       9.296602843401e-06       6.221396820137e-07       1.761527929495e-08 
  344       8.763727955764e-03       2.246093664138e-05       1.695062038523e-04       0.000000000000e+00       9.210479902930e-06       6.187910717718e-07       1.784642578060e-08 
  345       8.757613435432e-03       2.290366852181e-05       1.705397140003e-04       0.000000000000e+00       9.125242879248e-06       6.154112488053e-07       1.807709372726e-08 
  346       8.750804457967e-03       2.335100119943e-05       1.715263165573e-04       0.000000000000e+00       9.040888289094e-06       6.120008211536e-07       1.830726504201e-08 
  347       8.743311614896e-03       2.380285935406e-05       1.724649720686e-04       0.000000000000e+00       8.957412020938e-06       6.085604071991e-07       1.853692174823e-08 
  348       8.735145862183e-03       2.425916538646e-05       1.733546321479e-04       0.000000000000e+00       8.874809328752e-06       6.050906357127e-07       1.876604598810e-08 
  349       8.726318522980e-03       2.471983940147e-05       1.741942394491e-04       0.000000000000e+00       8.793074825771e-06       6.015921459006e-07       1.899462002503e-08 
  350       8.716841290372e-03       2.518479919126e-05       1.749827276387e-04       0.000000000000e+00       8.712202478259e-06       5.980655874495e-07       1.922262624618e-08 
  351       8.706726230124e-03       2.565396021851e-05       1.757190213674e-04       0.000000000000e+00       8.632185599272e-06       5.945116205732e-07       1.945004716493e-08 
  352       8.695985783431e-03       2.612723559959e-05       1.764020362422e-04       0.000000000000e+00       8.553016842425e-06       5.909309160582e-07       1.967686542337e-08 
  353       8.684632769665e-03       2.660453608775e-05       1.770306787984e-04       0.000000000000e+00       8.474688195650e-06       5.873241553099e-07       1.990306379477e-08 
  354       8.672680389121e-03       2.708577005636e-05       1.776038464715e-04       0.000000000000e+00       8.397190974968e-06       5.836920303987e-07       2.012862518607e-08 
  355       8.660142225768e-03       2.757084348203e-05       1.781204275691e-04       0.000000000000e+00       8.320515818248e-06       5.800352441058e-07       2.035353264036e-08 
  356       8.647032249991e-03       2.805965992788e-05       1.785793012432e-04       0.000000000000e+00       8.244652678974e-06       5.763545099694e-07       2.057776933939e-08 
  357       8.633364821346e-03       2.855212052667e-05       1.789793374616e-04       0.000000000000e+00       8.169590820008e-06       5.726505523305e-07       2.080131860598e-08 
  358       8.619154691304e-03       2.904812396405e-05       1.793193969804e-04       0.000000000000e+00       8.095318807352e-06       5.689241063791e-07       2.102416390659e-08 
  359       8.604417005996e-03       2.954756646169e-05       1.795983313158e-04       0.000000000000e+00       8.021824503919e-06       5.651759182002e-07       2.124628885374e-08 
  360       8.589167308965e-03       3.005034176057e-05       1.798149827159e-04       0.000000000000e+00       7.949095063290e-06       5.614067448195e-07       2.146767720852e-08 
  361       8.573421543914e-03       3.055634110405e-05       1.799681841329e-04       0.000000000000e+00       7.877116923482e-06       5.576173542499e-07       2.168831288305e-08 
  362       8.557196057449e-03       3.106545322118e-05       1.800567591949e-04       0.000000000000e+00       7.805875800713e-06       5.538085255371e-07       2.190817994301e-08 
  363       8.540507601831e-03       3.157756430981e-05       1.800795221779e-04       0.000000000000e+00       7.735356683162e-06       5.499810488059e-07       2.212726261006e-08 
  364       8.523373337721e-03       3.209255801985e-05       1.800352779778e-04       0.000000000000e+00       7.665543824740e-06       5.461357253060e-07       2.234554526436e-08 
  365       8.505810836932e-03       3.261031543641e-05       1.799228220826e-04       0.000000000000e+00       7.596420738846e-06       5.422733674580e-07       2.256301244706e-08 
  366       8.487838085170e-03       3.313071506302e-05       1.797409405439e-04       0.000000000000e+00       7.527970192139e-06       5.383947988995e-07       2.277964886275e-08 
  367       8.469473484787e-03       3.365363280482e-05       1.794884099490e-04       0.000000000000e+00       7.460174198299e-06       5.345008545314e-07       2.299543938196e-08 
  368       8.450735857527e-03       3.417894195177e-05       1.791639973933e-04       0.000000000000e+00       7.393014011788e-06       5.305923805632e-07       2.321036904366e-08 
  369       8.431644447275e-03       3.470651316181e-05       1.787664604518e-04       0.000000000000e+00       7.326470121621e-06       5.266702345597e-07       2.342442305770e-08 
  370       8.412218922801e-03       3.523621444408e-05       1.782945471510e-04       0.000000000000e+00       7.260522245126e-06       5.227352854864e-07       2.363758680733e-08 
  371       8.392478214527e-03       3.576791095615e-05       1.777471853623e-04       0.000000000000e+00       7.195153184569e-06       5.187883140157e-07       2.384984000493e-08 
  372       8.372436969034e-03       3.630146442124e-05       1.771240592055e-04       0.000000000000e+00       7.130360576102e-06       5.148297090482e-07       2.406113890208e-08 
  373       8.352108961307e-03       3.683673365526e-05       1.764250551281e-04       0.000000000000e+00       7.066145587985e-06       5.108597594151e-07       2.427143338879e-08 
  374       8.331508249939e-03       3.737357473381e-05       1.756500746553e-04       0.000000000000e+00       7.002509096328e-06       5.068787525068e-07       2.448067277477e-08 
  375       8.310649178856e-03       3.791184097520e-05       1.747990345259e-04       0.000000000000e+00       6.939451682216e-06       5.028869742320e-07       2.468880578690e-08 
  376       8.289546379058e-03       3.845138292347e-05       1.738718668300e-04       0.000000000000e+00       6.876973628828e-06       4.988847089773e-07       2.489578056660e-08 
  377       8.268214770350e-03       3.899204833147e-05       1.728685191449e-04       0.000000000000e+00       6.815074918565e-06       4.948722395664e-07       2.510154466724e-08 
  378       8.246669563075e-03       3.953368214384e-05       1.717889546720e-04       0.000000000000e+00       6.753755230168e-06       4.908498472191e-07       2.530604505152e-08 
  379       8.224926259852e-03       4.007612648008e-05       1.706331523735e-04       0.000000000000e+00       6.693013935845e-06       4.868178115109e-07       2.550922808888e-08 
  380       8.203000657304e-03       4.061922061756e-05       1.694011071092e-04       0.000000000000e+00       6.632850098392e-06       4.827764103324e-07       2.571103955290e-08 
  381       8.180908847796e-03       4.116280097456e-05       1.680928297729e-04       0.000000000000e+00       6.573262468315e-06       4.787259198481e-07       2.591142461870e-08 
  382       8.158667221168e-03       4.170670109331e-05       1.667083474291e-04       0.000000000000e+00       6.514249480957e-06       4.746666144562e-07       2.611032786034e-08 
  383       8.136292466469e-03       4.225075162300e-05       1.652477034498e-04       0.000000000000e+00       6.455809253616e-06       4.705987667475e-07       2.630769324819e-08 
  384       8.113801573690e-03       4.279478030285e-05       1.637109576514e-04       0.000000000000e+00       6.397939582671e-06       4.665226474648e-07       2.650346414639e-08 
  385       8.091211835499e-03       4.333861194510e-05       1.620981864307e-04       0.000000000000e+00       6.340637940705e-06       4.624385254624e-07       2.669758331018e-08 
  386       8.068540848973e-03       4.388206841807e-05       1.604094829021e-04       0.000000000000e+00       6.283901473626e-06       4.583466676651e-07       2.688999288335e-08 
  387       8.045806517335e-03       4.442496862918e-05       1.586449570341e-04       0.000000000000e+00       6.227726997792e-06       4.542473390276e-07       2.708063439561e-08 
  388       8.023027051685e-03       4.496712850801e-05       1.568047357862e-04       0.000000000000e+00       6.172110997133e-06       4.501408024937e-07       2.726944875998e-08 
  389       8.000220972736e-03       4.550836098929e-05       1.548889632450e-04       0.000000000000e+00       6.117049620276e-06       4.460273189559e-07       2.745637627025e-08 
  390       7.977407112544e-03       4.604847599595e-05       1.528978007615e-04       0.000000000000e+00       6.062538677663e-06       4.419071472142e-07       2.764135659828e-08 
  391       7.954604616249e-03       4.658728042216e-05       1.508314270873e-04       0.000000000000e+00       6.008573638680e-06       4.377805439358e-07       2.782432879151e-08 
  392       7.931832943802e-03       4.712457811636e-05       1.486900385117e-04       0.000000000000e+00       5.955149628777e-06       4.336477636140e-07       2.800523127025e-08 
  393       7.909111871701e-03       4.766016986430e-05       1.464738489979e-04       0.000000000000e+00       5.902261426589e-06       4.295090585280e-07       2.818400182517e-08 
  394       7.886461494727e-03       4.819385337204e-05       1.441830903199e-04       0.000000000000e+00       5.849903461064e-06       4.253646787016e-07       2.836057761464e-08 
  395       7.863902227677e-03       4.872542324902e-05       1.418180121993e-04       0.000000000000e+00       5.798069808581e-06       4.212148718630e-07       2.853489516214e-08 
  396       7.841454807094e-03       4.925467099108e-05       1.393788824418e-04       0.000000000000e+00       5.746754190078e-06       4.170598834037e-07       2.870689035368e-08 
  397       7.819140293006e-03       4.978138496348e-05       1.368659870737e-04       0.000000000000e+00       5.695949968169e-06       4.128999563381e-07       2.887649843518e-08 
  398       7.796980070660e-03       5.030535038395e-05       1.342796304791e-04       0.000000000000e+00       5.645650144272e-06       4.087353312624e-07       2.904365400989e-08 
  399       7.774995852249e-03       5.082634930572e-05       1.316201355359e-04       0.000000000000e+00       5.595847355731e-06       4.045662463142e-07       2.920829103574e-08 
  400       7.753209678655e-03       5.134416060052e-05       1.288878437530e-04       0.000000000000e+00       5.546533872935e-06       4.003929371319e-07       2.937034282280e-08 
  401       7.731643921177e-03       5.185855994168e-05       1.260831154066e-04       0.000000000000e+00       5.497701596448e-06       3.962156368136e-07       2.952974203063e-08 
  402       7.710321283267e-03       5.236931978709e-05       1.232063296773e-04       0.000000000000e+00       5.449342054126e-06       3.920345758764e-07       2.968642066571e-08 
  403       7.689264802261e-03       5.287620936229e-05       1.202578847862e-04       0.000000000000e+00       5.401446398242e-06       3.878499822162e-07       2.984031007882e-08 
  404       7.668497851118e-03       5.337899464346e-05       1.172381981320e-04       0.000000000000e+00       5.354005402611e-06       3.836620810664e-07       2.999134096245e-08 
  405       7.648044140150e-03       5.387743834048e-05       1.141477064276e-04       0.000000000000e+00       5.307009459709e-06       3.794710949575e-07       3.013944334819e-08 
  406       7.627927718758e-03       5.437129987993e-05       1.109868658365e-04       0.000000000000e+00       5.260448577799e-06       3.752772436762e-07       3.028454660414e-08 
  407       7.608172977164e-03       5.486033538819e-05       1.077561521098e-04       0.000000000000e+00       5.214312378053e-06       3.710807442250e-07       3.042657943229e-08 
  408       7.588804648145e-03       5.534429767438e-05       1.044560607228e-04       0.000000000000e+00       5.168590091677e-06       3.668818107812e-07       3.056546986593e-08 
  409       7.569847808769e-03       5.582293621346e-05       1.010871070115e-04       0.000000000000e+00       5.123270557029e-06       3.626806546561e-07       3.070114526707e-08 
  410       7.551325287837e-03       5.629601715327e-05       9.764991401497e-05       0.000000000000e+00       5.078344241302e-06       3.584775436985e-07       3.083354185764e-08 
  411       7.533249783507e-03       5.676338415098e-05       9.414547915199e-05       0.000000000000e+00       5.033809390320e-06       3.542729829052e-07       3.096263369053e-08 
  412       7.515631469892e-03       5.722489965801e-05       9.057491725811e-05       0.000000000000e+00       4.989666090904e-06       3.500675401273e-07       3.108840469959e-08 
  413       7.498480566026e-03       5.768042508800e-05       8.693937393180e-05       0.000000000000e+00       4.945914264561e-06       3.458617872059e-07       3.121083926260e-08 
  414       7.481807335745e-03       5.812982081405e-05       8.324002573357e-05       0.000000000000e+00       4.902553666050e-06       3.416562999734e-07       3.132992220550e-08 
  415       7.465622087572e-03       5.857294616603e-05       7.947808038504e-05       0.000000000000e+00       4.859583881947e-06       3.374516582554e-07       3.144563880657e-08 
  416       7.449935174611e-03       5.900965942788e-05       7.565477696810e-05       0.000000000000e+00       4.817004329207e-06       3.332484458720e-07       3.155797480059e-08 
  417       7.434756994426e-03       5.943981783490e-05       7.177138612406e-05       0.000000000000e+00       4.774814253731e-06       3.290472506398e-07       3.166691638306e-08 
  418       7.420097988930e-03       5.986327757102e-05       6.782921025269e-05       0.000000000000e+00       4.733012728932e-06       3.248486643733e-07       3.177245021437e-08 
  419       7.405968644272e-03       6.027989376615e-05       6.382958371145e-05       0.000000000000e+00       4.691598654297e-06       3.206532828865e-07       3.187456342400e-08 
  420       7.392379490723e-03       6.068952049338e-05       5.977387301453e-05       0.000000000000e+00       4.650570753951e-06       3.164617059946e-07       3.197324361470e-08 
  421       7.379341102563e-03       6.109201076636e-05       5.566347703202e-05       0.000000000000e+00       4.609927575226e-06       3.122745375155e-07       3.206847886667e-08 
  422       7.366864097967e-03       6.148721653655e-05       5.149982718902e-05       0.000000000000e+00       4.569667487222e-06       3.080923852716e-07       3.216025774177e-08 
  423       7.354959138889e-03       6.187498869050e-05       4.728438766476e-05       0.000000000000e+00       4.529788679373e-06       3.039158610913e-07       3.224856928769e-08 
  424       7.343636930953e-03       6.225517704719e-05       4.301865559174e-05       0.000000000000e+00       4.490289160012e-06       2.997455808106e-07       3.233340304214e-08 
  425       7.332908223337e-03       6.262763035527e-05       3.870416125483e-05       0.000000000000e+00       4.451166754935e-06       2.955821642747e-07       3.241474903705e-08 
  426       7.322783808658e-03       6.299219629039e-05       3.434246829043e-05       0.000000000000e+00       4.412419105965e-06       2.914262353397e-07       3.249259780274e-08 
  427       7.313274522861e-03       6.334872145246e-05       2.993517388556e-05       0.000000000000e+00       4.374043669522e-06       2.872784218742e-07       3.256694037211e-08 
  428       7.304391245105e-03       6.369705136297e-05       2.548390897699e-05       0.000000000000e+00       4.336037715177e-06       2.831393557609e-07       3.263776828487e-08 
  429       7.296144897647e-03       6.403703046227e-05       2.099033845041e-05       0.000000000000e+00       4.298398324230e-06       2.790096728981e-07       3.270507359164e-08 
  430       7.288546445733e-03       6.436850210686e-05       1.645616133947e-05       0.000000000000e+00       4.261122388263e-06       2.748900132016e-07       3.276884885824e-08 
  431       7.281606897479e-03       6.469130856668e-05       1.188311102499e-05       0.000000000000e+00       4.224206607711e-06       2.707810206060e-07       3.282908716980e-08 
  432       7.275337303761e-03       6.500529102242e-05       7.272955434018e-06       0.000000000000e+00       4.187647490428e-06       2.666833430665e-07       3.288578213497e-08 
  433       7.269748758101e-03       6.531028956279e-05       2.627497239000e-06       0.000000000000e+00       4.151441350247e-06       2.625976325605e-07       3.293892789015e-08 
  434       7.264852396554e-03       6.560614318182e-05      -2.051425943118e-06       0.000000000000e+00       4.115584305545e-06       2.585245450891e-07       3.298851910361e-08 
  435       7.260659397590e-03       6.589268977616e-05      -6.761941351758e-06       0.000000000000e+00       4.080072277814e-06       2.544647406790e-07       3.303455097973e-08 
  436       7.257180981987e-03       6.616976614236e-05      -1.150214088359e-05       0.000000000000e+00       4.044900990218e-06       2.504188833838e-07       3.307701926314e-08 
  437       7.254428412714e-03       6.643720797417e-05      -1.627008089341e-05       0.000000000000e+00       4.010065966163e-06       2.463876412856e-07       3.311592024296e-08 
  438       7.252412994815e-03       6.669484985983e-05      -2.106378199499e-05       0.000000000000e+00       3.975562527859e-06       2.423716864970e-07       3.315125075697e-08 
  439       7.251146075302e-03       6.694252527936e-05      -2.588122886200e-05       0.000000000000e+00       3.941385794885e-06       2.383716951624e-07       3.318300819578e-08 
  440       7.250639043034e-03       6.718006660184e-05      -3.072037002885e-05       0.000000000000e+00       3.907530682754e-06       2.343883474596e-07       3.321119050702e-08 
  441       7.250903328610e-03       6.740730508275e-05      -3.557911769157e-05       0.000000000000e+00       3.873991901481e-06       2.304223276016e-07       3.323579619955e-08 
  442       7.251950404249e-03       6.762407086118e-05      -4.045534750867e-05       0.000000000000e+00       3.840763954142e-06       2.264743238381e-07       3.325682434764e-08 
  443       7.253791783683e-03       6.783019295722e-05      -4.534689840208e-05       0.000000000000e+00       3.807841135441e-06       2.225450284571e-07       3.327427459514e-08 
  444       7.256439022039e-03       6.802549926917e-05      -5.025157235793e-05       0.000000000000e+00       3.775217530276e-06       2.186351377865e-07       3.328814715970e-08 
  445       7.259903715726e-03       6.820981657087e-05      -5.516713422751e-05       0.000000000000e+00       3.742887012305e-06       2.147453521960e-07       3.329844283692e-08 
  446       7.264197502324e-03       6.838297050898e-05      -6.009131152810e-05       0.000000000000e+00       3.710843242505e-06       2.108763760982e-07       3.330516300456e-08 
  447       7.269332060465e-03       6.854478560030e-05      -6.502179424385e-05       0.000000000000e+00       3.679079667743e-06       2.070289179507e-07       3.330830962674e-08 
  448       7.275319109728e-03       6.869508522902e-05      -6.995623462667e-05       0.000000000000e+00       3.647589519337e-06       2.032036902574e-07       3.330788525810e-08 
  449       7.282168104041e-03       6.883372125539e-05      -7.489237362230e-05       0.000000000000e+00       3.616366984912e-06       1.994013400734e-07       3.330389258838e-08 
  450       7.289879229963e-03       6.896066390229e-05      -7.982842505915e-05       0.000000000000e+00       3.585410768640e-06       1.956222380384e-07       3.329633305133e-08 
  451       7.298450181536e-03       6.907591477295e-05      -8.476270350374e-05       0.000000000000e+00       3.554720643421e-06       1.918666825176e-07       3.328520817900e-08 
  452       7.307878444802e-03       6.917947751736e-05      -8.969349863591e-05       0.000000000000e+00       3.524296287273e-06       1.881349684418e-07       3.327052006121e-08 
  453       7.318161296317e-03       6.927135784718e-05      -9.461907512491e-05       0.000000000000e+00       3.494137282588e-06       1.844273872674e-07       3.325227134947e-08 
  454       7.329295801668e-03       6.935156355059e-05      -9.953767250545e-05       0.000000000000e+00       3.464243115399e-06       1.807442269375e-07       3.323046526087e-08 
  455       7.341278813990e-03       6.942010450721e-05      -1.044475050538e-04       0.000000000000e+00       3.434613174640e-06       1.770857718414e-07       3.320510558203e-08 
  456       7.354106972484e-03       6.947699270294e-05      -1.093467616638e-04       0.000000000000e+00       3.405246751408e-06       1.734523027756e-07       3.317619667298e-08 
  457       7.367776700928e-03       6.952224224484e-05      -1.142336057231e-04       0.000000000000e+00       3.376143038222e-06       1.698440969037e-07       3.314374347109e-08 
  458       7.382284206200e-03       6.955586937605e-05      -1.191061749890e-04       0.000000000000e+00       3.347301128288e-06       1.662614277171e-07       3.310775149500e-08 
  459       7.397625476794e-03       6.957789249062e-05      -1.239625814649e-04       0.000000000000e+00       3.318720014760e-06       1.627045649949e-07       3.306822684852e-08 
  460       7.413796281331e-03       6.958833214840e-05      -1.288009112760e-04       0.000000000000e+00       3.290398589997e-06       1.591737747647e-07       3.302517622452e-08 
  461       7.430792167082e-03       6.958721108995e-05      -1.336192245454e-04       0.000000000000e+00       3.262335644833e-06       1.556693192627e-07       3.297860690891e-08 
  462       7.448608458479e-03       6.957455425137e-05      -1.384155552706e-04       0.000000000000e+00       3.234529867829e-06       1.521914568941e-07       3.292852678449e-08 
  463       7.467240255639e-03       6.955038877922e-05      -1.431879111990e-04       0.000000000000e+00       3.206979844543e-06       1.487404421934e-07       3.287494433489e-08 
  464       7.486682432871e-03       6.951474404539e-05      -1.479342737045e-04       0.000000000000e+00       3.179684056786e-06       1.453165257847e-07       3.281786864849e-08 
  465       7.506929637200e-03       6.946765166195e-05      -1.526525976632e-04       0.000000000000e+00       3.152640881885e-06       1.419199543421e-07       3.275730942235e-08 
  466       7.527976286883e-03       6.940914549605e-05      -1.573408113298e-04       0.000000000000e+00       3.125848591948e-06       1.385509705503e-07       3.269327696606e-08 
  467       7.549816569920e-03       6.933926168483e-05      -1.619968162133e-04       0.000000000000e+00       3.099305353118e-06       1.352098130643e-07       3.262578220576e-08 
  468       7.572444442578e-03       6.925803865024e-05      -1.666184869534e-04       0.000000000000e+00       3.073009224842e-06       1.318967164705e-07       3.255483668794e-08 
  469       7.595853627901e-03       6.916551711393e-05      -1.712036711965e-04       0.000000000000e+00       3.046958159129e-06       1.286119112464e-07       3.248045258344e-08 
  470       7.620037614231e-03       6.906174011219e-05      -1.757501894716e-04       0.000000000000e+00       3.021149999812e-06       1.253556237212e-07       3.240264269133e-08 
  471       7.644989653723e-03       6.894675301075e-05      -1.802558350666e-04       0.000000000000e+00       2.995582481811e-06       1.221280760365e-07       3.232142044282e-08 
  472       7.670702760862e-03       6.882060351969e-05      -1.847183739045e-04       0.000000000000e+00       2.970253230392e-06       1.189294861058e-07       3.223679990521e-08 
  473       7.697169710979e-03       6.868334170834e-05      -1.891355444190e-04       0.000000000000e+00       2.945159760429e-06       1.157600675758e-07       3.214879578575e-08 
  474       7.724383038767e-03       6.853502002012e-05      -1.935050574311e-04       0.000000000000e+00       2.920299475668e-06       1.126200297858e-07       3.205742343561e-08 
  475       7.752335036800e-03       6.837569328745e-05      -1.978245960247e-04       0.000000000000e+00       2.895669667988e-06       1.095095777291e-07       3.196269885375e-08 
  476       7.781017754047e-03       6.820541874660e-05      -2.020918154231e-04       0.000000000000e+00       2.871267516658e-06       1.064289120122e-07       3.186463869087e-08 
  477       7.810422994390e-03       6.802425605261e-05      -2.063043428649e-04       0.000000000000e+00       2.847090087605e-06       1.033782288160e-07       3.176326025329e-08 
  478       7.840542315140e-03       6.783226729413e-05      -2.104597774800e-04       0.000000000000e+00       2.823134332673e-06       1.003577198557e-07       3.165858150691e-08 
  479       7.871367025554e-03       6.762951700829e-05      -2.145556901659e-04       0.000000000000e+00       2.799397088881e-06       9.736757234149e-08       3.155062108108e-08 
  480       7.902888185352e-03       6.741607219564e-05      -2.185896234636e-04       0.000000000000e+00       2.775875077691e-06       9.440796893846e-08       3.143939827254e-08 
  481       7.935096603232e-03       6.719200233497e-05      -2.225590914335e-04       0.000000000000e+00       2.752564904265e-06       9.147908772726e-08       3.132493304934e-08 
  482       7.967982835387e-03       6.695737939819e-05      -2.264615795321e-04       0.000000000000e+00       2.729463056729e-06       8.858110216433e-08       3.120724605473e-08 
  483       8.001537184025e-03       6.671227786526e-05      -2.302945444873e-04       0.000000000000e+00       2.706565905431e-06       8.571418104226e-08       3.108635861109e-08 
  484       8.035749695878e-03       6.645677473901e-05      -2.340554141752e-04       0.000000000000e+00       2.683869702207e-06       8.287848845012e-08       3.096229272385e-08 
  485       8.070610160729e-03       6.619094956005e-05      -2.377415874957e-04       0.000000000000e+00       2.661370579640e-06       8.007418373382e-08       3.083507108541e-08 
  486       8.106108109917e-03       6.591488442165e-05      -2.413504342486e-04       0.000000000000e+00       2.639064550322e-06       7.730142145644e-08       3.070471707902e-08 
  487       8.142232814865e-03       6.562866398461e-05      -2.448792950100e-04       0.000000000000e+00       2.616947506117e-06       7.456035135854e-08       3.057125478273e-08 
  488       8.178972995552e-03       6.533239230305e-05      -2.483257783436e-04       0.000000000000e+00       2.595015895006e-06       7.185111746565e-08       3.043470749425e-08 
  489       8.216315939424e-03       6.502624382335e-05      -2.516886624325e-04       0.000000000000e+00       2.573268775327e-06       6.917385546188e-08       3.029509324924e-08 
  490       8.254248353303e-03       6.471041393451e-05      -2.549670200756e-04       0.000000000000e+00       2.551705821307e-06       6.652869515988e-08       3.015242917713e-08 
  491       8.292756649424e-03       6.438510231794e-05      -2.581599238081e-04       0.000000000000e+00       2.530326650616e-06       6.391576130666e-08       3.000673297131e-08 
  492       8.331826943804e-03       6.405051297082e-05      -2.612664459262e-04       0.000000000000e+00       2.509130823966e-06       6.133517354353e-08       2.985802289224e-08 
  493       8.371445054616e-03       6.370685422939e-05      -2.642856585135e-04       0.000000000000e+00       2.488117844716e-06       5.878704636602e-08       2.970631777067e-08 
  494       8.411596500558e-03       6.335433879231e-05      -2.672166334663e-04       0.000000000000e+00       2.467287158476e-06       5.627148908377e-08       2.955163701077e-08 
  495       8.452266499222e-03       6.299318374398e-05      -2.700584425189e-04       0.000000000000e+00       2.446638152704e-06       5.378860578044e-08       2.939400059335e-08 
  496       8.493439965467e-03       6.262361057790e-05      -2.728101572697e-04       0.000000000000e+00       2.426170156312e-06       5.133849527364e-08       2.923342907899e-08 
  497       8.535101509789e-03       6.224584521994e-05      -2.754708492065e-04       0.000000000000e+00       2.405882439269e-06       4.892125107485e-08       2.906994361121e-08 
  498       8.577235436692e-03       6.186011805173e-05      -2.780395897322e-04       0.000000000000e+00       2.385774212201e-06       4.653696134929e-08       2.890356591969e-08 
  499       8.619825743058e-03       6.146666393399e-05      -2.805154501902e-04       0.000000000000e+00       2.365844625993e-06       4.418570887587e-08       2.873431832336e-08 
  500       8.662856116520e-03       6.106572222981e-05      -2.828975018904e-04       0.000000000000e+00       2.346092771394e-06       4.186757100710e-08       2.856222373366e-08 
  501       8.706309933828e-03       6.065753682804e-05      -2.851848161345e-04       0.000000000000e+00       2.326517678617e-06       3.958261962899e-08       2.838730565765e-08 
  502       8.750170259224e-03       6.024235616661e-05      -2.873764642416e-04       0.000000000000e+00       2.307118316942e-06       3.733092112096e-08       2.820958820121e-08 
  503       8.794419842814e-03       5.982043325583e-05      -2.894715175740e-04       0.000000000000e+00       2.287893594319e-06       3.511253631577e-08       2.802909607219e-08 
  504       8.839041118932e-03       5.939202570176e-05      -2.914690475625e-04       0.000000000000e+00       2.268842356969e-06       3.292752045939e-08       2.784585458359e-08 
  505       8.884016204518e-03       5.895739572952e-05      -2.933681257323e-04       0.000000000000e+00       2.249963388987e-06       3.077592317099e-08       2.765988965676e-08 
  506       8.929326897484e-03       5.851681020662e-05      -2.951678237285e-04       0.000000000000e+00       2.231255411945e-06       2.865778840276e-08       2.747122782452e-08 
  507       8.974954675087e-03       5.807054066632e-05      -2.968672133415e-04       0.000000000000e+00       2.212717084492e-06       2.657315439990e-08       2.727989623435e-08 
  508       9.020880692300e-03       5.761886333093e-05      -2.984653665328e-04       0.000000000000e+00       2.194347001958e-06       2.452205366048e-08       2.708592265160e-08 
  509       9.067085780180e-03       5.716205913518e-05      -2.999613554608e-04       0.000000000000e+00       2.176143695957e-06       2.250451289538e-08       2.688933546261e-08 
  510       9.113550444241e-03       5.670041374949e-05      -3.013542525060e-04       0.000000000000e+00       2.158105633989e-06       2.052055298819e-08       2.669016367788e-08 
  511       9.160254862827e-03       5.623421760336e-05      -3.026431302967e-04       0.000000000000e+00       2.140231219040e-06       1.857018895513e-08       2.648843693530e-08 
  512       9.207178885476e-03       5.576376590870e-05      -3.038270617347e-04       0.000000000000e+00       2.122518789186e-06       1.665342990495e-08       2.628418550325e-08 
  513       9.254302031298e-03       5.528935868312e-05      -3.049051200210e-04       0.000000000000e+00       2.104966617197e-06       1.477027899887e-08       2.607744028383e-08 
  514       9.301603487341e-03       5.481130077329e-05      -3.058763786812e-04       0.000000000000e+00       2.087572910136e-06       1.292073341044e-08       2.586823281597e-08 
  515       9.349062106963e-03       5.432990187829e-05      -3.067399115911e-04       0.000000000000e+00       2.070335808963e-06       1.110478428553e-08       2.565659527868e-08 
  516       9.396656408206e-03       5.384547657290e-05      -3.074947930025e-04       0.000000000000e+00       2.053253388138e-06       9.322416702145e-09       2.544256049413e-08 
  517       9.444364572158e-03       5.335834433095e-05      -3.081400975684e-04       0.000000000000e+00       2.036323655221e-06       7.573609630432e-09       2.522616193091e-08 
  518       9.492164441336e-03       5.286882954869e-05      -3.086749003693e-04       0.000000000000e+00       2.019544550478e-06       5.858335892531e-09       2.500743370713e-08 
  519       9.540033518046e-03       5.237726156806e-05      -3.090982769379e-04       0.000000000000e+00       2.002913946478e-06       4.176562122509e-09       2.478641059362e-08 
  520       9.587948962759e-03       5.188397470005e-05      -3.094093032855e-04       0.000000000000e+00       1.986429647701e-06       2.528248726269e-09       2.456312801714e-08 
  521       9.635887592480e-03       5.138930824805e-05      -3.096070559272e-04       0.000000000000e+00       1.970089390136e-06       9.133498414620e-10       2.433762206346e-08 
  522       9.683825879122e-03       5.089360653116e-05      -3.096906119075e-04       0.000000000000e+00       1.953890840886e-06      -6.681867025989e-10       2.410992948062e-08 
  523       9.731739947871e-03       5.039721890752e-05      -3.096590488259e-04       0.000000000000e+00       1.937831597768e-06      -2.216419425028e-09       2.388008768205e-08 
  524       9.779605575563e-03       4.990049979765e-05      -3.095114448627e-04       0.000000000000e+00       1.921909188917e-06      -3.731413233456e-09       2.364813474975e-08 
  525       9.827398189048e-03       4.940380870780e-05      -3.092468788045e-04       0.000000000000e+00       1.906121072388e-06      -5.213239464114e-09       2.341410943750e-08 
  526       9.875092863568e-03       4.890751025325e-05      -3.088644300696e-04       0.000000000000e+00       1.890464635758e-06      -6.661975921926e-09       2.317805117396e-08 
  527       9.922666230787e-03       4.841195815683e-05      -3.083634455768e-04       0.000000000000e+00       1.874937607216e-06      -8.077700081489e-09       2.293999869865e-08 
  528       9.970102264139e-03       4.791744671130e-05      -3.077443484009e-04       0.000000000000e+00       1.859539302117e-06      -9.460468402222e-09       2.269998592185e-08 
  529       1.001738665004e-02       4.742425802257e-05      -3.070078514991e-04       0.000000000000e+00       1.844269410069e-06      -1.081033652106e-08       2.245804595663e-08 
  530       1.006450489186e-02       4.693267792969e-05      -3.061546930284e-04       0.000000000000e+00       1.829127586338e-06      -1.212736607695e-08       2.221421247827e-08 
  531       1.011144230912e-02       4.644299602128e-05      -3.051856364865e-04       0.000000000000e+00       1.814113451629e-06      -1.341162474794e-08       2.196851972690e-08 
  532       1.015818403670e-02       4.595550565192e-05      -3.041014708522e-04       0.000000000000e+00       1.799226591865e-06      -1.466318628838e-08       2.172100251006e-08 
  533       1.020471502401e-02       4.547050395859e-05      -3.029030107262e-04       0.000000000000e+00       1.784466557966e-06      -1.588213056602e-08       2.147169620527e-08 
  534       1.025102003421e-02       4.498829187709e-05      -3.015910964718e-04       0.000000000000e+00       1.769832865630e-06      -1.706854359917e-08       2.122063676265e-08 
  535       1.029708364338e-02       4.450917415845e-05      -3.001665943553e-04       0.000000000000e+00       1.755324995112e-06      -1.822251759380e-08       2.096786070743e-08 
  536       1.034289023974e-02       4.403345938537e-05      -2.986303966873e-04       0.000000000000e+00       1.740942391005e-06      -1.934415098073e-08       2.071340514262e-08 
  537       1.038842402281e-02       4.356145998864e-05      -2.969834219628e-04       0.000000000000e+00       1.726684462018e-06      -2.043354845275e-08       2.045730775152e-08 
  538       1.043366900263e-02       4.309349226354e-05      -2.952266150019e-04       0.000000000000e+00       1.712550580757e-06      -2.149082100173e-08       2.019960680034e-08 
  539       1.047860899897e-02       4.262987638628e-05      -2.933609470910e-04       0.000000000000e+00       1.698540083504e-06      -2.251608595579e-08       1.994034114077e-08 
  540       1.052322764046e-02       4.217093643043e-05      -2.913874161229e-04       0.000000000000e+00       1.684652269997e-06      -2.350946701645e-08       1.967955021256e-08 
  541       1.056750836387e-02       4.171700038330e-05      -2.893070467377e-04       0.000000000000e+00       1.670886403211e-06      -2.447109429571e-08       1.941727404610e-08 
  542       1.061143441324e-02       4.126840016242e-05      -2.871208904637e-04       0.000000000000e+00       1.657241709135e-06      -2.540110435326e-08       1.915355326501e-08 
  543       1.065498883909e-02       4.082547163191e-05      -2.848300258575e-04       0.000000000000e+00       1.643717376553e-06      -2.629964023356e-08       1.888842908872e-08 
  544       1.069815449764e-02       4.038855461893e-05      -2.824355586454e-04       0.000000000000e+00       1.630312556827e-06      -2.716685150302e-08       1.862194333503e-08 
  545       1.074091404996e-02       3.995799293011e-05      -2.799386218635e-04       0.000000000000e+00       1.617026363671e-06      -2.800289428711e-08       1.835413842275e-08 
  546       1.078324996120e-02       3.953413436792e-05      -2.773403759987e-04       0.000000000000e+00       1.603857872935e-06      -2.880793130751e-08       1.808505737420e-08 
  547       1.082514449979e-02       3.911733074716e-05      -2.746420091292e-04       0.000000000000e+00       1.590806122381e-06      -2.958213191927e-08       1.781474381784e-08 
  548       1.086657973658e-02       3.870793791133e-05      -2.718447370652e-04       0.000000000000e+00       1.577870111469e-06      -3.032567214789e-08       1.754324199087e-08 
  549       1.090753754411e-02       3.830631574909e-05      -2.689498034899e-04       0.000000000000e+00       1.565048801130e-06      -3.103873472653e-08       1.727059674176e-08 
  550       1.094799959573e-02       3.791282821063e-05      -2.659584800996e-04       0.000000000000e+00       1.552341113550e-06      -3.172150913307e-08       1.699685353286e-08 
  551       1.098794736486e-02       3.752784332415e-05      -2.628720667447e-04       0.000000000000e+00       1.539745931946e-06      -3.237419162735e-08       1.672205844300e-08 
  552       1.102736212413e-02       3.715173321224e-05      -2.596918915707e-04       0.000000000000e+00       1.527262100350e-06      -3.299698528819e-08       1.644625817003e-08 
  553       1.106622494461e-02       3.678487410833e-05      -2.564193111581e-04       0.000000000000e+00       1.514888423388e-06      -3.359010005062e-08       1.616950003342e-08 
  554       1.110451669500e-02       3.642764637309e-05      -2.530557106639e-04       0.000000000000e+00       1.502623666056e-06      -3.415375274299e-08       1.589183197686e-08 
  555       1.114221804080e-02       3.608043451084e-05      -2.496025039615e-04       0.000000000000e+00       1.490466553504e-06      -3.468816712410e-08       1.561330257082e-08 
  556       1.117930944354e-02       3.574362718602e-05      -2.460611337822e-04       0.000000000000e+00       1.478415770813e-06      -3.519357392032e-08       1.533396101512e-08 
  557       1.121577115994e-02       3.541761723956e-05      -2.424330718551e-04       0.000000000000e+00       1.466469962777e-06      -3.567021086278e-08       1.505385714155e-08 
  558       1.125158324112e-02       3.510280170535e-05      -2.387198190483e-04       0.000000000000e+00       1.454627733680e-06      -3.611832272448e-08       1.477304141642e-08 
  559       1.128672553182e-02       3.479958182660e-05      -2.349229055094e-04       0.000000000000e+00       1.442887647079e-06      -3.653816135741e-08       1.449156494315e-08 
  560       1.132117766952e-02       3.450836307231e-05      -2.310438908062e-04       0.000000000000e+00       1.431248225582e-06      -3.692998572971e-08       1.420947946487e-08 
  561       1.135491908373e-02       3.422955515369e-05      -2.270843640673e-04       0.000000000000e+00       1.419707950626e-06      -3.729406196281e-08       1.392683736695e-08 
  562       1.138792899511e-02       3.396357204056e-05      -2.230459441229e-04       0.000000000000e+00       1.408265262260e-06      -3.763066336857e-08       1.364369167964e-08 
  563       1.142018641471e-02       3.371083197776e-05      -2.189302796453e-04       0.000000000000e+00       1.396918558923e-06      -3.794007048640e-08       1.336009608064e-08 
  564       1.145167014312e-02       3.347175750164e-05      -2.147390492898e-04       0.000000000000e+00       1.385666197226e-06      -3.822257112041e-08       1.307610489763e-08 
  565       1.148235876972e-02       3.324677545638e-05      -2.104739618353e-04       0.000000000000e+00       1.374506491725e-06      -3.847846037656e-08       1.279177311093e-08 
  566       1.151223350178e-02       3.303627142773e-05      -2.061367929899e-04       0.000000000000e+00       1.363437967585e-06      -3.870802617364e-08       1.250715058940e-08 
  567       1.154128673358e-02       3.284045172255e-05      -2.017294965632e-04       0.000000000000e+00       1.352460126119e-06      -3.891150529138e-08       1.222226463020e-08 
  568       1.156951369620e-02       3.265947787087e-05      -1.972540964320e-04       0.000000000000e+00       1.341572698503e-06      -3.908912626493e-08       1.193713697494e-08 
  569       1.159690964769e-02       3.249351188674e-05      -1.927126502877e-04       0.000000000000e+00       1.330775394563e-06      -3.924112384034e-08       1.165178953612e-08 
  570       1.162346987341e-02       3.234271626765e-05      -1.881072497911e-04       0.000000000000e+00       1.320067902642e-06      -3.936773900626e-08       1.136624439752e-08 
  571       1.164918968621e-02       3.220725399384e-05      -1.834400207269e-04       0.000000000000e+00       1.309449889479e-06      -3.946921902562e-08       1.108052381463e-08 
  572       1.167406442674e-02       3.208728852773e-05      -1.787131231576e-04       0.000000000000e+00       1.298921000083e-06      -3.954581746739e-08       1.079465021510e-08 
  573       1.169808946365e-02       3.198298381327e-05      -1.739287515780e-04       0.000000000000e+00       1.288480857605e-06      -3.959779423823e-08       1.050864619913e-08 
  574       1.172126019389e-02       3.189450427533e-05      -1.690891350699e-04       0.000000000000e+00       1.278129063216e-06      -3.962541561424e-08       1.022253453993e-08 
  575       1.174357204293e-02       3.182201481909e-05      -1.641965374565e-04       0.000000000000e+00       1.267865195977e-06      -3.962895427264e-08       9.936338184097e-09 
  576       1.176502046501e-02       3.176568082936e-05      -1.592532574562e-04       0.000000000000e+00       1.257688812717e-06      -3.960868932347e-08       9.650080252108e-09 
  577       1.178560094343e-02       3.172566817004e-05      -1.542616288376e-04       0.000000000000e+00       1.247599447905e-06      -3.956490634135e-08       9.363784038686e-09 
  578       1.180530899075e-02       3.170214318342e-05      -1.492240205736e-04       0.000000000000e+00       1.237596613525e-06      -3.949789739711e-08       9.077473013255e-09 
  579       1.182414014911e-02       3.169527268961e-05      -1.441428369961e-04       0.000000000000e+00       1.227679798951e-06      -3.940796108957e-08       8.791170820356e-09 
  580       1.184208999040e-02       3.170522398589e-05      -1.390205179497e-04       0.000000000000e+00       1.217848470820e-06      -3.929540257718e-08       8.504901280074e-09 
  581       1.185915411658e-02       3.173216484610e-05      -1.338595389468e-04       0.000000000000e+00       1.208102072908e-06      -3.916053360979e-08       8.218688388464e-09 
  582       1.187532815990e-02       3.177626352001e-05      -1.286624113219e-04       0.000000000000e+00       1.198440026001e-06      -3.900367256030e-08       7.932556317977e-09 
  583       1.189060778316e-02       3.183768873270e-05      -1.234316823853e-04       0.000000000000e+00       1.188861727775e-06      -3.882514445641e-08       7.646529417881e-09 
  584       1.190498867997e-02       3.191660968394e-05      -1.181699355786e-04       0.000000000000e+00       1.179366552663e-06      -3.862528101230e-08       7.360632214692e-09 
  585       1.191846657498e-02       3.201319604754e-05      -1.128797906280e-04       0.000000000000e+00       1.169953851737e-06      -3.840442066035e-08       7.074889412595e-09 
  586       1.193103722417e-02       3.212761797078e-05      -1.075639036994e-04       0.000000000000e+00       1.160622952576e-06      -3.816290858284e-08       6.789325893872e-09 
  587       1.194269641505e-02       3.226004607375e-05      -1.022249675524e-04       0.000000000000e+00       1.151373159144e-06      -3.790109674366e-08       6.503966719324e-09 
  588       1.195343996697e-02       3.241065144872e-05      -9.686571169522e-05       0.000000000000e+00       1.142203751662e-06      -3.761934392002e-08       6.218837128700e-09 
  589       1.196326373134e-02       3.257960565954e-05      -9.148890253827e-05       0.000000000000e+00       1.133113986484e-06      -3.731801573414e-08       5.933962541121e-09 
  590       1.197216359187e-02       3.276708074101e-05      -8.609734354920e-05       0.000000000000e+00       1.124103095972e-06      -3.699748468500e-08       5.649368555504e-09 
  591       1.198013546486e-02       3.297324919825e-05      -8.069387540706e-05       0.000000000000e+00       1.115170288367e-06      -3.665813017997e-08       5.365080950988e-09 
  592       1.198717529942e-02       3.319828400609e-05      -7.528137615666e-05       0.000000000000e+00       1.106314747667e-06      -3.630033856661e-08       5.081125687358e-09 
  593       1.199327907773e-02       3.344235860844e-05      -6.986276136302e-05       0.000000000000e+00       1.097535633497e-06      -3.592450316429e-08       4.797528905476e-09 
  594       1.199844281533e-02       3.370564691765e-05      -6.444098426574e-05       0.000000000000e+00       1.088832080990e-06      -3.553102429596e-08       4.514316927697e-09 
  595       1.200266256130e-02       3.398832331392e-05      -5.901903593335e-05       0.000000000000e+00       1.080203200654e-06      -3.512030931983e-08       4.231516258302e-09 
  596       1.200593439857e-02       3.429056264465e-05      -5.359994541776e-05       0.000000000000e+00       1.071648078251e-06      -3.469277266107e-08       3.949153583921e-09 
  597       1.200825444416e-02       3.461254022384e-05      -4.818677990860e-05       0.000000000000e+00       1.063165774669e-06      -3.424883584354e-08       3.667255773954e-09 
  598       1.200961884942e-02       3.495443183144e-05      -4.278264488763e-05       0.000000000000e+00       1.054755325798e-06      -3.378892752147e-08       3.385849881005e-09 
  599       1.201002380029e-02       3.531641371274e-05      -3.739068428311e-05       0.000000000000e+00       1.046415742403e-06      -3.331348351119e-08       3.104963141299e-09 
  600       1.200946551755e-02       3.569866257777e-05      -3.201408062423e-05       0.000000000000e+00       1.038146010000e-06      -3.282294682281e-08       2.824622975112e-09 
  601       1.200794025708e-02       3.610135560064e-05      -2.665605519544e-05       0.000000000000e+00       1.029945088726e-06      -3.231776769197e-08       2.544856987193e-09 
  602       1.200544431011e-02       3.652467041892e-05      -2.131986819087e-05       0.000000000000e+00       1.021811913220e-06      -3.179840361150e-08       2.265692967192e-09 
  603       1.200197400346e-02       3.696878513306e-05      -1.600881886872e-05       0.000000000000e+00       1.013745392491e-06      -3.126531936315e-08       1.987158890086e-09 
  604       1.199752569981e-02       3.743387830571e-05      -1.072624570564e-05       0.000000000000e+00       1.005744409798e-06      -3.071898704929e-08       1.709282916601e-09 
  605       1.199209768641e-02       3.792008140073e-05      -5.475284725506e-06       0.000000000000e+00       9.978079831012e-07      -3.015980986451e-08       1.432092656645e-09 
  606       1.198569589065e-02       3.842733484363e-05      -2.581377816367e-07       0.000000000000e+00       9.899357509442e-07      -2.958789133012e-08       1.155612939263e-09 
  607       1.197832830265e-02       3.895552849390e-05       4.923213039587e-06       0.000000000000e+00       9.821274980252e-07      -2.900326056567e-08       8.798679898266e-10 
  608       1.197000310005e-02       3.950454887560e-05       1.006676511275e-05       0.000000000000e+00       9.743829956010e-07      -2.840594805278e-08       6.048821623474e-10 
  609       1.196072864894e-02       4.007427916117e-05       1.517049519819e-05       0.000000000000e+00       9.667020014140e-07      -2.779598564195e-08       3.306799396633e-10 
  610       1.195051350470e-02       4.066459915521e-05       2.023235936671e-05       0.000000000000e+00       9.590842596184e-07      -2.717340655930e-08       5.728593362235e-11 
  611       1.193936641287e-02       4.127538527830e-05       2.525029292441e-05       0.000000000000e+00       9.515295007075e-07      -2.653824541329e-08      -2.152751147339e-10 
  612       1.192729631005e-02       4.190651055082e-05       3.022221033739e-05       0.000000000000e+00       9.440374414405e-07      -2.589053820148e-08      -4.869783349857e-10 
  613       1.191431232472e-02       4.255784457677e-05       3.514600515657e-05       0.000000000000e+00       9.366077847692e-07      -2.523032231729e-08      -7.577987271514e-10 
  614       1.190042377817e-02       4.322925352755e-05       4.001954994237e-05       0.000000000000e+00       9.292402197649e-07      -2.455763655672e-08      -1.027711161503e-09 
  615       1.188564018531e-02       4.392060012579e-05       4.484069618959e-05       0.000000000000e+00       9.219344215455e-07      -2.387252112512e-08      -1.296690378384e-09 
  616       1.186997125560e-02       4.463174362916e-05       4.960727425205e-05       0.000000000000e+00       9.146900512021e-07      -2.317501764392e-08      -1.564710988020e-09 
  617       1.185342689386e-02       4.536253981417e-05       5.431709326744e-05       0.000000000000e+00       9.075067557260e-07      -2.246516915738e-08      -1.831747470344e-09 
  618       1.183601720120e-02       4.611284095999e-05       5.896794108206e-05       0.000000000000e+00       9.003841679356e-07      -2.174302013935e-08      -2.097774174801e-09 
  619       1.181775247586e-02       4.688249583226e-05       6.355758417555e-05       0.000000000000e+00       8.933219064029e-07      -2.100861650000e-08      -2.362765320174e-09 
  620       1.179864321406e-02       4.767134966690e-05       6.808376758571e-05       0.000000000000e+00       8.863195753811e-07      -2.026200559256e-08      -2.626694994393e-09 
  621       1.177870011091e-02       4.847924415392e-05       7.254421483321e-05       0.000000000000e+00       8.793767647307e-07      -1.950323622011e-08      -2.889537154355e-09 
  622       1.175793406126e-02       4.930601742120e-05       7.693662784640e-05       0.000000000000e+00       8.724930498468e-07      -1.873235864225e-08      -3.151265625740e-09 
  623       1.173635616059e-02       5.015150401837e-05       8.125868688603e-05       0.000000000000e+00       8.656679915858e-07      -1.794942458193e-08      -3.411854102821e-09 
  624       1.171397770584e-02       5.101553490054e-05       8.550805047003e-05       0.000000000000e+00       8.589011361925e-07      -1.715448723213e-08      -3.671276148290e-09 
  625       1.169081019633e-02       5.189793741219e-05       8.968235529830e-05       0.000000000000e+00       8.521920152265e-07      -1.634760126265e-08      -3.929505193064e-09 
  626       1.166686533459e-02       5.279853527089e-05       9.377921617743e-05       0.000000000000e+00       8.455401454896e-07      -1.552882282684e-08      -4.186514536109e-09 
  627       1.164215502725e-02       5.371714855121e-05       9.779622594548e-05       0.000000000000e+00       8.389450289522e-07      -1.469820956832e-08      -4.442277344248e-09 
  628       1.161669138591e-02       5.465359366844e-05       1.017309553968e-04       0.000000000000e+00       8.324061526807e-07      -1.385582062780e-08      -4.696766651987e-09 
  629       1.159048672801e-02       5.560768336245e-05       1.055809532066e-04       0.000000000000e+00       8.259229887637e-07      -1.300171664973e-08      -4.949955361320e-09 
  630       1.156355357771e-02       5.657922668151e-05       1.093437458560e-04       0.000000000000e+00       8.194949942395e-07      -1.213595978912e-08      -5.201816241553e-09 
  631       1.153590466672e-02       5.756802896605e-05       1.130168375565e-04       0.000000000000e+00       8.131216110225e-07      -1.125861371826e-08      -5.452321929116e-09 
  632       1.150755293522e-02       5.857389183253e-05       1.165977101751e-04       0.000000000000e+00       8.068022658302e-07      -1.036974363348e-08      -5.701444927383e-09 
  633       1.147851153272e-02       5.959661315719e-05       1.200838231587e-04       0.000000000000e+00       8.005363701103e-07      -9.469416261845e-09      -5.949157606480e-09 
  634       1.144879381890e-02       6.063598705991e-05       1.234726134591e-04       0.000000000000e+00       7.943233199673e-07      -8.557699867982e-09      -6.195432203111e-09 
  635       1.141841336451e-02       6.169180388800e-05       1.267614954574e-04       0.000000000000e+00       7.881624960893e-07      -7.634664260763e-09      -6.440240820365e-09 
  636       1.138738395224e-02       6.276385020002e-05       1.299478608894e-04       0.000000000000e+00       7.820532636753e-07      -6.700380800080e-09      -6.683555427540e-09 
  637       1.135571957757e-02       6.385190874955e-05       1.330290787699e-04       0.000000000000e+00       7.759949723615e-07      -5.754922403582e-09      -6.925347859951e-09 
  638       1.132343444967e-02       6.495575846907e-05       1.360024953174e-04       0.000000000000e+00       7.699869561485e-07      -4.798363553424e-09      -7.165589818752e-09 
  639       1.129054299224e-02       6.607517445370e-05       1.388654338793e-04       0.000000000000e+00       7.640285333283e-07      -3.830780303016e-09      -7.404252870750e-09 
  640       1.125705984440e-02       6.720992794507e-05       1.416151948561e-04       0.000000000000e+00       7.581190064106e-07      -2.852250283763e-09      -7.641308448219e-09 
  641       1.122299986155e-02       6.835978631508e-05       1.442490556267e-04       0.000000000000e+00       7.522576620504e-07      -1.862852711817e-09      -7.876727848720e-09 
  642       1.118837811625e-02       6.952451304975e-05       1.467642704729e-04       0.000000000000e+00       7.464437709743e-07      -8.626683948210e-10      -8.110482234913e-09 
  643       1.115320989910e-02       7.070386773300e-05       1.491580705039e-04       0.000000000000e+00       7.406765879076e-07       1.482202613449e-10      -8.342542634375e-09 
  644       1.111751057774e-02       7.189758976763e-05       1.514280400165e-04       0.000000000000e+00       7.349554534160e-07       1.169700794816e-09      -8.572881858247e-09 
  645       1.108129516879e-02       7.310534916651e-05       1.535732550766e-04       0.000000000000e+00       7.292801021090e-07       2.201544621138e-09      -8.801480305214e-09 
  646       1.104457875792e-02       7.432679461576e-05       1.555931705547e-04       0.000000000000e+00       7.236503612667e-07       3.243491138825e-09      -9.028320288504e-09 
  647       1.100737664172e-02       7.556156961594e-05       1.574872460578e-04       0.000000000000e+00       7.180660495127e-07       4.295275989089e-09      -9.253384129322e-09 
  648       1.096970432848e-02       7.680931246116e-05       1.592549459627e-04       0.000000000000e+00       7.125269767703e-07       5.356631040874e-09      -9.476654157218e-09 
  649       1.093157753902e-02       7.806965621818e-05       1.608957394492e-04       0.000000000000e+00       7.070329442188e-07       6.427284375893e-09      -9.698112710457e-09 
  650       1.089301220754e-02       7.934222870556e-05       1.624091005342e-04       0.000000000000e+00       7.015837442503e-07       7.506960273659e-09      -9.917742136389e-09 
  651       1.085402448244e-02       8.062665247273e-05       1.637945081045e-04       0.000000000000e+00       6.961791604251e-07       8.595379196524e-09      -1.013552479182e-08 
  652       1.081463072714e-02       8.192254477912e-05       1.650514459511e-04       0.000000000000e+00       6.908189674289e-07       9.692257774707e-09      -1.035144304339e-08 
  653       1.077484752093e-02       8.322951757327e-05       1.661794028021e-04       0.000000000000e+00       6.855029310286e-07       1.079730879133e-08      -1.056547926792e-08 
  654       1.073469165978e-02       8.454717747194e-05       1.671778723564e-04       0.000000000000e+00       6.802308080287e-07       1.191024116747e-08      -1.077761585281e-08 
  655       1.069418015717e-02       8.587512573925e-05       1.680463533173e-04       0.000000000000e+00       6.750023462278e-07       1.303075994715e-08      -1.098783519640e-08 
  656       1.065333024494e-02       8.721295826573e-05       1.687843494260e-04       0.000000000000e+00       6.698172843746e-07       1.415856628243e-08      -1.119611970833e-08 
  657       1.061215937410e-02       8.856026554748e-05       1.693913694949e-04       0.000000000000e+00       6.646753521243e-07       1.529335741839e-08      -1.140245180991e-08 
  658       1.057068521567e-02       8.991663266530e-05       1.698669274415e-04       0.000000000000e+00       6.595762699951e-07       1.643482667821e-08      -1.160681393452e-08 
  659       1.052892566151e-02       9.128163926372e-05       1.702105423216e-04       0.000000000000e+00       6.545197493245e-07       1.758266344814e-08      -1.180918852794e-08 
  660       1.048689882514e-02       9.265485953022e-05       1.704217383626e-04       0.000000000000e+00       6.495054922253e-07       1.873655316263e-08      -1.200955804875e-08 
  661       1.044462304257e-02       9.403586217425e-05       1.705000449979e-04       0.000000000000e+00       6.445331915420e-07       1.989617728927e-08      -1.220790496867e-08 
  662       1.040211687314e-02       9.542421040639e-05       1.704449968992e-04       0.000000000000e+00       6.396025308074e-07       2.106121331388e-08      -1.240421177298e-08 
  663       1.035939910034e-02       9.681946191745e-05       1.702561340112e-04       0.000000000000e+00       6.347131841986e-07       2.223133472553e-08      -1.259846096084e-08 
  664       1.031648873266e-02       9.822116885759e-05       1.699330015840e-04       0.000000000000e+00       6.298648164936e-07       2.340621100156e-08      -1.279063504568e-08 
  665       1.027340500438e-02       9.962887781542e-05       1.694751502077e-04       0.000000000000e+00       6.250570830272e-07       2.458550759264e-08      -1.298071655557e-08 
  666       1.023016737645e-02       1.010421297971e-04       1.688821358449e-04       0.000000000000e+00       6.202896296475e-07       2.576888590779e-08      -1.316868803359e-08 
  667       1.018679553726e-02       1.024604602055e-04       1.681535198651e-04       0.000000000000e+00       6.155620926726e-07       2.695600329942e-08      -1.335453203822e-08 
  668       1.014330940354e-02       1.038833988193e-04       1.672888690773e-04       0.000000000000e+00       6.108740988460e-07       2.814651304834e-08      -1.353823114366e-08 
  669       1.009972912111e-02       1.053104697720e-04       1.662877557646e-04       0.000000000000e+00       6.062252652940e-07       2.934006434885e-08      -1.371976794025e-08 
  670       1.005607506580e-02       1.067411915312e-04       1.651497577165e-04       0.000000000000e+00       6.016151994811e-07       3.053630229372e-08      -1.389912503482e-08 
  671       1.001236784419e-02       1.081750768775e-04       1.638744582636e-04       0.000000000000e+00       5.970434991669e-07       3.173486785923e-08      -1.407628505106e-08 
  672       9.968628294492e-03       1.096116328840e-04       1.624614463102e-04       0.000000000000e+00       5.925097523619e-07       3.293539789023e-08      -1.425123062989e-08 
  673       9.924877487384e-03       1.110503608948e-04       1.609103163682e-04       0.000000000000e+00       5.880135372844e-07       3.413752508518e-08      -1.442394442984e-08 
  674       9.881136726810e-03       1.124907565048e-04       1.592206685907e-04       0.000000000000e+00       5.835544223162e-07       3.534087798115e-08      -1.459440912740e-08 
  675       9.837427550826e-03       1.139323095383e-04       1.573921088052e-04       0.000000000000e+00       5.791319659595e-07       3.654508093887e-08      -1.476260741742e-08 
  676       9.793771732429e-03       1.153745040282e-04       1.554242485474e-04       0.000000000000e+00       5.747457167927e-07       3.774975412777e-08      -1.492852201344e-08 
  677       9.750191280383e-03       1.168168181954e-04       1.533167050947e-04       0.000000000000e+00       5.703952134269e-07       3.895451351100e-08      -1.509213564811e-08 
  678       9.706708440053e-03       1.182587244277e-04       1.510691014993e-04       0.000000000000e+00       5.660799844625e-07       4.015897083050e-08      -1.525343107351e-08 
  679       9.663345694230e-03       1.196996892587e-04       1.486810666224e-04       0.000000000000e+00       5.617995484448e-07       4.136273359199e-08      -1.541239106156e-08 
  680       9.620125763965e-03       1.211391733473e-04       1.461522351672e-04       0.000000000000e+00       5.575534138212e-07       4.256540505001e-08      -1.556899840438e-08 
  681       9.577071609394e-03       1.225766314566e-04       1.434822477124e-04       0.000000000000e+00       5.533410788966e-07       4.376658419301e-08      -1.572323591463e-08 
  682       9.534206430572e-03       1.240115124333e-04       1.406707507461e-04       0.000000000000e+00       5.491620317906e-07       4.496586572830e-08      -1.587508642593e-08 
  683       9.491551744014e-03       1.254432889435e-04       1.377176727677e-04       0.000000000000e+00       5.450158181073e-07       4.616288990450e-08      -1.602453651558e-08 
  684       9.449121565589e-03       1.268715474220e-04       1.346240589957e-04       0.000000000000e+00       5.409022456212e-07       4.735749317611e-08      -1.617158775934e-08 
  685       9.406928105100e-03       1.282959000019e-04       1.313912545435e-04       0.000000000000e+00       5.368211838743e-07       4.854956072536e-08      -1.631624571763e-08 
  686       9.364983679655e-03       1.297159549183e-04       1.280206300689e-04       0.000000000000e+00       5.327724968314e-07       4.973897691393e-08      -1.645851623624e-08 
  687       9.323300714008e-03       1.311313164948e-04       1.245135818781e-04       0.000000000000e+00       5.287560428534e-07       5.092562528075e-08      -1.659840544764e-08 
  688       9.281891740891e-03       1.325415851301e-04       1.208715320302e-04       0.000000000000e+00       5.247716746715e-07       5.210938853989e-08      -1.673591977231e-08 
  689       9.240769401351e-03       1.339463572853e-04       1.170959284419e-04       0.000000000000e+00       5.208192393607e-07       5.329014857835e-08      -1.687106592006e-08 
  690       9.199946445083e-03       1.353452254701e-04       1.131882449914e-04       0.000000000000e+00       5.168985783133e-07       5.446778645391e-08      -1.700385089137e-08 
  691       9.159435730768e-03       1.367377782299e-04       1.091499816235e-04       0.000000000000e+00       5.130095272130e-07       5.564218239300e-08      -1.713428197871e-08 
  692       9.119250226407e-03       1.381236001325e-04       1.049826644534e-04       0.000000000000e+00       5.091519160081e-07       5.681321578847e-08      -1.726236676787e-08 
  693       9.079403009656e-03       1.395022717545e-04       1.006878458713e-04       0.000000000000e+00       5.053255688859e-07       5.798076519749e-08      -1.738811313928e-08 
  694       9.039907268161e-03       1.408733696687e-04       9.626710464722e-05       0.000000000000e+00       5.015303042455e-07       5.914470833933e-08      -1.751152926933e-08 
  695       9.000776299896e-03       1.422364664304e-04       9.172204603485e-05       0.000000000000e+00       4.977659346724e-07       6.030492209324e-08      -1.763262363173e-08 
  696       8.962023513497e-03       1.435911305640e-04       8.705430187634e-05       0.000000000000e+00       4.940322669115e-07       6.146128249628e-08      -1.775140499878e-08 
  697       8.923662428593e-03       1.449369265504e-04       8.226553070659e-05       0.000000000000e+00       4.903291018412e-07       6.261366474111e-08      -1.786788244276e-08 
  698       8.885706676150e-03       1.462734148132e-04       7.735741785771e-05       0.000000000000e+00       4.866562344470e-07       6.376194317390e-08      -1.798206533720e-08 
  699       8.848169998798e-03       1.476001517056e-04       7.233167556345e-05       0.000000000000e+00       4.830134537952e-07       6.490599129209e-08      -1.809396335824e-08 
  700       8.811066251171e-03       1.489166894972e-04       6.719004306360e-05       0.000000000000e+00       4.794005430066e-07       6.604568174230e-08      -1.820358648596e-08 
  701       8.774409400241e-03       1.502225763608e-04       6.193428670842e-05       0.000000000000e+00       4.758172792301e-07       6.718088631809e-08      -1.831094500568e-08 
  702       8.738213525654e-03       1.515173563590e-04       5.656620006308e-05       0.000000000000e+00       4.722634336165e-07       6.831147595787e-08      -1.841604950931e-08 
  703       8.702492820065e-03       1.528005694311e-04       5.108760401208e-05       0.000000000000e+00       4.687387712924e-07       6.943732074268e-08      -1.851891089665e-08 
  704       8.667261589471e-03       1.540717513799e-04       4.550034686366e-05       0.000000000000e+00       4.652430513334e-07       7.055828989403e-08      -1.861954037676e-08 
  705       8.632534253550e-03       1.553304338583e-04       3.980630445424e-05       0.000000000000e+00       4.617760267383e-07       7.167425177180e-08      -1.871794946924e-08 
  706       8.598325345996e-03       1.565761443560e-04       3.400738025284e-05       0.000000000000e+00       4.583374444026e-07       7.278507387197e-08      -1.881415000558e-08 
  707       8.564649514852e-03       1.578084061864e-04       2.810550546552e-05       0.000000000000e+00       4.549270450921e-07       7.389062282455e-08      -1.890815413049e-08 
  708       8.531521522845e-03       1.590267384736e-04       2.210263913974e-05       0.000000000000e+00       4.515445634168e-07       7.499076439138e-08      -1.899997430322e-08 
  709       8.498956247725e-03       1.602306561385e-04       1.600076826890e-05       0.000000000000e+00       4.481897278043e-07       7.608536346395e-08      -1.908962329887e-08 
  710       8.466968682597e-03       1.614196698863e-04       9.801907896630e-06       0.000000000000e+00       4.448622604740e-07       7.717428406125e-08      -1.917711420976e-08 
  711       8.435573936258e-03       1.625932861925e-04       3.508101221334e-06       0.000000000000e+00       4.415618774102e-07       7.825738932761e-08      -1.926246044670e-08 
  712       8.404787233532e-03       1.637510072905e-04      -2.878580299464e-06       0.000000000000e+00       4.382882883365e-07       7.933454153055e-08      -1.934567574037e-08 
  713       8.374623915603e-03       1.648923311575e-04      -9.356036844662e-06       0.000000000000e+00       4.350411966887e-07       8.040560205856e-08      -1.942677414260e-08 
  714       8.345099440356e-03       1.660167515019e-04      -1.592214012516e-05       0.000000000000e+00       4.318202995890e-07       8.147043141903e-08      -1.950577002774e-08 
  715       8.316229382706e-03       1.671237577499e-04      -2.257473327945e-05       0.000000000000e+00       4.286252878199e-07       8.252888923596e-08      -1.958267809393e-08 
  716       8.288029434937e-03       1.682128350318e-04      -2.931163076916e-05       0.000000000000e+00       4.254558457973e-07       8.358083424794e-08      -1.965751336451e-08 
  717       8.260515407036e-03       1.692834641695e-04      -3.613061827467e-05       0.000000000000e+00       4.223116515446e-07       8.462612430585e-08      -1.973029118926e-08 
  718       8.233703227030e-03       1.703351216628e-04      -4.302945259065e-05       0.000000000000e+00       4.191923766663e-07       8.566461637079e-08      -1.980102724577e-08 
  719       8.207608941318e-03       1.713672796761e-04      -5.000586152165e-05       0.000000000000e+00       4.160976863218e-07       8.669616651188e-08      -1.986973754077e-08 
  720       8.182248715012e-03       1.723794060254e-04      -5.705754377770e-05       0.000000000000e+00       4.130272391990e-07       8.772062990409e-08      -1.993643841145e-08 
  721       8.157638832265e-03       1.733709641650e-04      -6.418216886984e-05       0.000000000000e+00       4.099806874878e-07       8.873786082609e-08      -2.000114652676e-08 
  722       8.133793270007e-03       1.743414738610e-04      -7.137737097820e-05       0.000000000000e+00       4.069577208195e-07       8.974772769003e-08      -2.006387344612e-08 
  723       8.110716364695e-03       1.752906945833e-04      -7.864073063135e-05       0.000000000000e+00       4.039581991102e-07       9.075015846833e-08      -2.012460917202e-08 
  724       8.088409998099e-03       1.762184457920e-04      -8.596979245014e-05       0.000000000000e+00       4.009820223482e-07       9.174509618018e-08      -2.018333826784e-08 
  725       8.066876010267e-03       1.771245465864e-04      -9.336207103611e-05       0.000000000000e+00       3.980290868560e-07       9.273248394401e-08      -2.024004527041e-08 
  726       8.046116199307e-03       1.780088157061e-04      -1.008150508656e-04       0.000000000000e+00       3.950992852740e-07       9.371226497875e-08      -2.029471469017e-08 
  727       8.026132321160e-03       1.788710715312e-04      -1.083261861841e-04       0.000000000000e+00       3.921925065442e-07       9.468438260517e-08      -2.034733101117e-08 
  728       8.006926089378e-03       1.797111320837e-04      -1.158929009003e-04       0.000000000000e+00       3.893086358941e-07       9.564878024714e-08      -2.039787869122e-08 
  729       7.988499174906e-03       1.805288150274e-04      -1.235125884803e-04       0.000000000000e+00       3.864475548206e-07       9.660540143290e-08      -2.044634216191e-08 
  730       7.970853205854e-03       1.813239376693e-04      -1.311826118418e-04       0.000000000000e+00       3.836091410735e-07       9.755418979642e-08      -2.049270582870e-08 
  731       7.953989767276e-03       1.820963169599e-04      -1.389003032483e-04       0.000000000000e+00       3.807932686398e-07       9.849508907860e-08      -2.053695407101e-08 
  732       7.937910400949e-03       1.828457694942e-04      -1.466629642035e-04       0.000000000000e+00       3.779998077271e-07       9.942804312864e-08      -2.057907124228e-08 
  733       7.922616605151e-03       1.835721115120e-04      -1.544678653450e-04       0.000000000000e+00       3.752286247473e-07       1.003529959053e-07      -2.061904167005e-08 
  734       7.908109834435e-03       1.842751588990e-04      -1.623122463389e-04       0.000000000000e+00       3.724795823010e-07       1.012698914782e-07      -2.065684965602e-08 
  735       7.894391499409e-03       1.849547271874e-04      -1.701933157740e-04       0.000000000000e+00       3.697525391608e-07       1.021786740291e-07      -2.069247947617e-08 
  736       7.881462966514e-03       1.856106315564e-04      -1.781082510558e-04       0.000000000000e+00       3.670473502552e-07       1.030792878531e-07      -2.072591538079e-08 
  737       7.869325557800e-03       1.862426868331e-04      -1.860541983005e-04       0.000000000000e+00       3.643638666525e-07       1.039716773603e-07      -2.075714159455e-08 
  738       7.857980550706e-03       1.868507074933e-04      -1.940282722297e-04       0.000000000000e+00       3.617019355445e-07       1.048557870764e-07      -2.078614231664e-08 
  739       7.847429177832e-03       1.874345076620e-04      -2.020275560644e-04       0.000000000000e+00       3.590614002306e-07       1.057315616448e-07      -2.081290172075e-08 
  740       7.837672626722e-03       1.879939011142e-04      -2.100491014189e-04       0.000000000000e+00       3.564421001013e-07       1.065989458274e-07      -2.083740395525e-08 
  741       7.828712039642e-03       1.885287012755e-04      -2.180899281953e-04       0.000000000000e+00       3.538438706218e-07       1.074578845057e-07      -2.085963314316e-08 
  742       7.820548513351e-03       1.890387212230e-04      -2.261470244776e-04       0.000000000000e+00       3.512665433165e-07       1.083083226829e-07      -2.087957338232e-08 
  743       7.813183098885e-03       1.895237736859e-04      -2.342173464259e-04       0.000000000000e+00       3.487099457523e-07       1.091502054842e-07      -2.089720874539e-08 
  744       7.806616801331e-03       1.899836710461e-04      -2.422978181705e-04       0.000000000000e+00       3.461739015224e-07       1.099834781589e-07      -2.091252327998e-08 
  745       7.800850579608e-03       1.904182253393e-04      -2.503853317064e-04       0.000000000000e+00       3.436582302304e-07       1.108080860811e-07      -2.092550100869e-08 
  746       7.795885346239e-03       1.908272482551e-04      -2.584767467870e-04       0.000000000000e+00       3.411627474736e-07       1.116239747514e-07      -2.093612592921e-08 
  747       7.791721967133e-03       1.912105511381e-04      -2.665688908187e-04       0.000000000000e+00       3.386872648277e-07       1.124310897981e-07      -2.094438201435e-08 
  748       7.788361261361e-03       1.915679449888e-04      -2.746585587548e-04       0.000000000000e+00       3.362315898295e-07       1.132293769784e-07      -2.095025321220e-08 
  749       7.785804000935e-03       1.918992404636e-04      -2.827425129900e-04       0.000000000000e+00       3.337955259616e-07       1.140187821794e-07      -2.095372344612e-08 
  750       7.784050910581e-03       1.922042478765e-04      -2.908174832542e-04       0.000000000000e+00       3.313788726358e-07       1.147992514203e-07      -2.095477661484e-08 
  751       7.783102667523e-03       1.924827771986e-04      -2.988801665073e-04       0.000000000000e+00       3.289814251768e-07       1.155707308526e-07      -2.095339659258e-08 
  752       7.782959901254e-03       1.927346380601e-04      -3.069272268325e-04       0.000000000000e+00       3.266029748064e-07       1.163331667621e-07      -2.094956722906e-08 
  753       7.783623193319e-03       1.929596397500e-04      -3.149552953313e-04       0.000000000000e+00       3.242433086271e-07       1.170865055701e-07      -2.094327234961e-08 
  754       7.785093077090e-03       1.931575912173e-04      -3.229609700174e-04       0.000000000000e+00       3.219022096057e-07       1.178306938343e-07      -2.093449575526e-08 
  755       7.787370037541e-03       1.933283010714e-04      -3.309408157107e-04       0.000000000000e+00       3.195794565574e-07       1.185656782508e-07      -2.092322122277e-08 
  756       7.790454511031e-03       1.934715775832e-04      -3.388913639317e-04       0.000000000000e+00       3.172748241296e-07       1.192914056544e-07      -2.090943250474e-08 
  757       7.794346885078e-03       1.935872286857e-04      -3.468091127958e-04       0.000000000000e+00       3.149880827856e-07       1.200078230210e-07      -2.089311332967e-08 
  758       7.799047498135e-03       1.936750619742e-04      -3.546905269071e-04       0.000000000000e+00       3.127189987884e-07       1.207148774679e-07      -2.087424740206e-08 
  759       7.804556639372e-03       1.937348847078e-04      -3.625320372531e-04       0.000000000000e+00       3.104673341844e-07       1.214125162559e-07      -2.085281840245e-08 
  760       7.810874548451e-03       1.937665038094e-04      -3.703300410983e-04       0.000000000000e+00       3.082328467876e-07       1.221006867900e-07      -2.082880998752e-08 
  761       7.817999930696e-03       1.937697819446e-04      -3.780811654009e-04       0.000000000000e+00       3.060153198335e-07       1.227793418587e-07      -2.080221480942e-08 
  762       7.825925471838e-03       1.937448069331e-04      -3.857830628129e-04       0.000000000000e+00       3.038146515982e-07       1.234484554586e-07      -2.077306176339e-08 
  763       7.834642236852e-03       1.936917255861e-04      -3.934336307293e-04       0.000000000000e+00       3.016307674656e-07       1.241080072754e-07      -2.074138926260e-08 
  764       7.844141146244e-03       1.936106879351e-04      -4.010307490970e-04       0.000000000000e+00       2.994635904020e-07       1.247579774766e-07      -2.070723626818e-08 
  765       7.854412975518e-03       1.935018472440e-04      -4.085722803637e-04       0.000000000000e+00       2.973130409462e-07       1.253983467131e-07      -2.067064229112e-08 
  766       7.865448354651e-03       1.933653600217e-04      -4.160560694266e-04       0.000000000000e+00       2.951790371999e-07       1.260290961226e-07      -2.063164739425e-08 
  767       7.877237767562e-03       1.932013860345e-04      -4.234799435812e-04       0.000000000000e+00       2.930614948170e-07       1.266502073310e-07      -2.059029219414e-08 
  768       7.889771551579e-03       1.930100883178e-04      -4.308417124698e-04       0.000000000000e+00       2.909603269938e-07       1.272616624552e-07      -2.054661786308e-08 
  769       7.903039896915e-03       1.927916331891e-04      -4.381391680304e-04       0.000000000000e+00       2.888754444592e-07       1.278634441057e-07      -2.050066613100e-08 
  770       7.917032846135e-03       1.925461902601e-04      -4.453700844453e-04       0.000000000000e+00       2.868067554642e-07       1.284555353886e-07      -2.045247928741e-08 
  771       7.931740293623e-03       1.922739324487e-04      -4.525322180902e-04       0.000000000000e+00       2.847541657723e-07       1.290379199080e-07      -2.040210018334e-08 
  772       7.947151985059e-03       1.919750359917e-04      -4.596233074823e-04       0.000000000000e+00       2.827175786489e-07       1.296105817687e-07      -2.034957223333e-08 
  773       7.963257516886e-03       1.916496804570e-04      -4.666410732294e-04       0.000000000000e+00       2.806968948520e-07       1.301735055781e-07      -2.029493941728e-08 
  774       7.980046335779e-03       1.912980487558e-04      -4.735832179787e-04       0.000000000000e+00       2.786920126214e-07       1.307266764491e-07      -2.023824628247e-08 
  775       7.997507738117e-03       1.909203271550e-04      -4.804474263653e-04       0.000000000000e+00       2.767028276690e-07       1.312700800020e-07      -2.017953794549e-08 
  776       8.015630869453e-03       1.905167052897e-04      -4.872313649610e-04       0.000000000000e+00       2.747292331688e-07       1.318037023673e-07      -2.011886009413e-08 
  777       8.034404723985e-03       1.900873761750e-04      -4.939326822232e-04       0.000000000000e+00       2.727711197467e-07       1.323275301876e-07      -2.005625898938e-08 
  778       8.053818144023e-03       1.896325362188e-04      -5.005490084433e-04       0.000000000000e+00       2.708283754707e-07       1.328415506204e-07      -1.999178146736e-08 
  779       8.073859819464e-03       1.891523852339e-04      -5.070779556955e-04       0.000000000000e+00       2.689008858403e-07       1.333457513403e-07      -1.992547494122e-08 
  780       8.094518287260e-03       1.886471264504e-04      -5.135171177858e-04       0.000000000000e+00       2.669885337771e-07       1.338401205414e-07      -1.985738740314e-08 
  781       8.115781930886e-03       1.881169665279e-04      -5.198640702005e-04       0.000000000000e+00       2.650911996144e-07       1.343246469396e-07      -1.978756742625e-08 
  782       8.137638979815e-03       1.875621155678e-04      -5.261163700549e-04       0.000000000000e+00       2.632087610871e-07       1.347993197750e-07      -1.971606416654e-08 
  783       8.160077508985e-03       1.869827871259e-04      -5.322715560421e-04       0.000000000000e+00       2.613410933219e-07       1.352641288144e-07      -1.964292736485e-08 
  784       8.183085438268e-03       1.863791982244e-04      -5.383271483816e-04       0.000000000000e+00       2.594880688269e-07       1.357190643537e-07      -1.956820734878e-08 
  785       8.206650531947e-03       1.857515693641e-04      -5.442806487682e-04       0.000000000000e+00       2.576495574819e-07       1.361641172198e-07      -1.949195503464e-08 
  786       8.230760398176e-03       1.851001245371e-04      -5.501295403208e-04       0.000000000000e+00       2.558254265282e-07       1.365992787738e-07      -1.941422192942e-08 
  787       8.255402488460e-03       1.844250912390e-04      -5.558712875306e-04       0.000000000000e+00       2.540155405585e-07       1.370245409125e-07      -1.933506013266e-08 
  788       8.280564097121e-03       1.837267004810e-04      -5.615033362105e-04       0.000000000000e+00       2.522197615069e-07       1.374398960715e-07      -1.925452233847e-08 
  789       8.306232360765e-03       1.830051868023e-04      -5.670231134435e-04       0.000000000000e+00       2.504379486387e-07       1.378453372270e-07      -1.917266183744e-08 
  790       8.332394257760e-03       1.822607882827e-04      -5.724280275312e-04       0.000000000000e+00       2.486699585408e-07       1.382408578987e-07      -1.908953251857e-08 
  791       8.359036607698e-03       1.814937465544e-04      -5.777154679430e-04       0.000000000000e+00       2.469156451110e-07       1.386264521516e-07      -1.900518887121e-08 
  792       8.386146070874e-03       1.807043068148e-04      -5.828828052644e-04       0.000000000000e+00       2.451748595485e-07       1.390021145991e-07      -1.891968598703e-08 
  793       8.413709147746e-03       1.798927178383e-04      -5.879273911460e-04       0.000000000000e+00       2.434474503435e-07       1.393678404046e-07      -1.883307956196e-08 
  794       8.441712178416e-03       1.790592319893e-04      -5.928465582521e-04       0.000000000000e+00       2.417332632675e-07       1.397236252844e-07      -1.874542589808e-08 
  795       8.470141342092e-03       1.782041052337e-04      -5.976376202095e-04       0.000000000000e+00       2.400321413627e-07       1.400694655100e-07      -1.865678190563e-08 
  796       8.498982656561e-03       1.773275971520e-04      -6.022978715561e-04       0.000000000000e+00       2.383439249325e-07       1.404053579101e-07      -1.856720510491e-08 
  797       8.528221977662e-03       1.764299709510e-04      -6.068245876897e-04       0.000000000000e+00       2.366684515312e-07       1.407312998736e-07      -1.847675362822e-08 
  798       8.557844998753e-03       1.755114934764e-04      -6.112150248168e-04       0.000000000000e+00       2.350055559539e-07       1.410472893515e-07      -1.838548622185e-08 
  799       8.587837250181e-03       1.745724352251e-04      -6.154664199011e-04       0.000000000000e+00       2.333550702266e-07       1.413533248593e-07      -1.829346224794e-08 
  800       8.618184283403e-03       1.736130887254e-04      -6.195763656838e-04       0.000000000000e+00       2.317168435002e-07       1.416494049173e-07      -1.820073021023e-08 
  801       8.648872228090e-03       1.726338240206e-04      -6.235439433479e-04       0.000000000000e+00       2.300908021512e-07       1.419355263537e-07      -1.810729309759e-08 
  802       8.679887244133e-03       1.716350342219e-04      -6.273686104115e-04       0.000000000000e+00       2.284768907575e-07       1.422116859755e-07      -1.801314241218e-08 
  803       8.711215337422e-03       1.706171172478e-04      -6.310498275479e-04       0.000000000000e+00       2.268750522870e-07       1.424778811294e-07      -1.791826958823e-08 
  804       8.742842359352e-03       1.695804758398e-04      -6.345870586041e-04       0.000000000000e+00       2.252852280912e-07       1.427341097049e-07      -1.782266599186e-08 
  805       8.774754006324e-03       1.685255175782e-04      -6.379797706197e-04       0.000000000000e+00       2.237073578994e-07       1.429803701363e-07      -1.772632292084e-08 
  806       8.806935819252e-03       1.674526548979e-04      -6.412274338462e-04       0.000000000000e+00       2.221413798117e-07       1.432166614047e-07      -1.762923160438e-08 
  807       8.839373183069e-03       1.663623051041e-04      -6.443295217657e-04       0.000000000000e+00       2.205872302931e-07       1.434429830408e-07      -1.753138320296e-08 
  808       8.872051326232e-03       1.652548903879e-04      -6.472855111101e-04       0.000000000000e+00       2.190448441670e-07       1.436593351265e-07      -1.743276880809e-08 
  809       8.904955320223e-03       1.641308378424e-04      -6.500948818796e-04       0.000000000000e+00       2.175141546090e-07       1.438657182978e-07      -1.733337944212e-08 
  810       8.938070079060e-03       1.629905794782e-04      -6.527571173624e-04       0.000000000000e+00       2.159950931406e-07       1.440621337469e-07      -1.723320605802e-08 
  811       8.971380358794e-03       1.618345522392e-04      -6.552717041528e-04       0.000000000000e+00       2.144875896224e-07       1.442485832241e-07      -1.713223953918e-08 
  812       9.004870757022e-03       1.606631980182e-04      -6.576381321709e-04       0.000000000000e+00       2.129915722487e-07       1.444250690406e-07      -1.703047069920e-08 
  813       9.038525712387e-03       1.594769636730e-04      -6.598558946811e-04       0.000000000000e+00       2.115069675402e-07       1.445915940704e-07      -1.692789028167e-08 
  814       9.072329504083e-03       1.582763010419e-04      -6.619244883113e-04       0.000000000000e+00       2.100337003383e-07       1.447481617526e-07      -1.682448896001e-08 
  815       9.106266251362e-03       1.570616669595e-04      -6.638434130717e-04       0.000000000000e+00       2.085716937986e-07       1.448947760941e-07      -1.672025733720e-08 
  816       9.140319913038e-03       1.558335232724e-04      -6.656121723738e-04       0.000000000000e+00       2.071208693845e-07       1.450314416711e-07      -1.661518594560e-08 
  817       9.174474286989e-03       1.545923368551e-04      -6.672302730496e-04       0.000000000000e+00       2.056811468610e-07       1.451581636321e-07      -1.650926524676e-08 
  818       9.208713009668e-03       1.533385796257e-04      -6.686972253701e-04       0.000000000000e+00       2.042524442881e-07       1.452749476998e-07      -1.640248563119e-08 
  819       9.243019555601e-03       1.520727285614e-04      -6.700125430648e-04       0.000000000000e+00       2.028346780151e-07       1.453818001734e-07      -1.629483741815e-08 
  820       9.277377236898e-03       1.507952657146e-04      -6.711757433400e-04       0.000000000000e+00       2.014277626734e-07       1.454787279310e-07      -1.618631085546e-08 
  821       9.311769202752e-03       1.495066782286e-04      -6.721863468985e-04       0.000000000000e+00       2.000316111710e-07       1.455657384317e-07      -1.607689611928e-08 
  822       9.346178438949e-03       1.482074583531e-04      -6.730438779580e-04       0.000000000000e+00       1.986461346857e-07       1.456428397180e-07      -1.596658331392e-08 
  823       9.380587767370e-03       1.468981034601e-04      -6.737478642704e-04       0.000000000000e+00       1.972712426587e-07       1.457100404179e-07      -1.585536247160e-08 
  824       9.414979845496e-03       1.455791160598e-04      -6.742978371405e-04       0.000000000000e+00       1.959068427887e-07       1.457673497475e-07      -1.574322355227e-08 
  825       9.449337165914e-03       1.442510038162e-04      -6.746933314451e-04       0.000000000000e+00       1.945528410253e-07       1.458147775129e-07      -1.563015644340e-08 
  826       9.483642055821e-03       1.429142795627e-04      -6.749338856519e-04       0.000000000000e+00       1.932091415626e-07       1.458523341127e-07      -1.551615095975e-08 
  827       9.517876676530e-03       1.415694613182e-04      -6.750190418387e-04       0.000000000000e+00       1.918756468332e-07       1.458800305403e-07      -1.540119684319e-08 
  828       9.552023022971e-03       1.402170723026e-04      -6.749483457120e-04       0.000000000000e+00       1.905522575014e-07       1.458978783858e-07      -1.528528376250e-08 
  829       9.586062923202e-03       1.388576409526e-04      -6.747213466262e-04       0.000000000000e+00       1.892388724573e-07       1.459058898388e-07      -1.516840131311e-08 
  830       9.619978037910e-03       1.374917009375e-04      -6.743375976023e-04       0.000000000000e+00       1.879353888104e-07       1.459040776903e-07      -1.505053901696e-08 
  831       9.653749859915e-03       1.361197911748e-04      -6.737966553474e-04       0.000000000000e+00       1.866417018830e-07       1.458924553351e-07      -1.493168632223e-08 
  832       9.687359713677e-03       1.347424558463e-04      -6.730980802730e-04       0.000000000000e+00       1.853577052042e-07       1.458710367741e-07      -1.481183260318e-08 
  833       9.720788754800e-03       1.333602444134e-04      -6.722414365143e-04       0.000000000000e+00       1.840832905033e-07       1.458398366165e-07      -1.469096715992e-08 
  834       9.754017969539e-03       1.319737116333e-04      -6.712262919494e-04       0.000000000000e+00       1.828183477038e-07       1.457988700819e-07      -1.456907921822e-08 
  835       9.787028174301e-03       1.305834175742e-04      -6.700522182176e-04       0.000000000000e+00       1.815627649168e-07       1.457481530031e-07      -1.444615792928e-08 
  836       9.819800015151e-03       1.291899276316e-04      -6.687187907391e-04       0.000000000000e+00       1.803164284348e-07       1.456877018279e-07      -1.432219236952e-08 
  837       9.852313967319e-03       1.277938125439e-04      -6.672255887334e-04       0.000000000000e+00       1.790792227253e-07       1.456175336213e-07      -1.419717154040e-08 
  838       9.884550334704e-03       1.263956484078e-04      -6.655721952385e-04       0.000000000000e+00       1.778510304244e-07       1.455376660683e-07      -1.407108436820e-08 
  839       9.916490822728e-03       1.249959871651e-04      -6.637584711098e-04       0.000000000000e+00       1.766317458326e-07       1.454481274886e-07      -1.394392658148e-08 
  840       9.948123287903e-03       1.235952674667e-04      -6.617853822030e-04       0.000000000000e+00       1.754213156698e-07       1.453489870694e-07      -1.381572147504e-08 
  841       9.979437069906e-03       1.221939022888e-04      -6.596541866187e-04       0.000000000000e+00       1.742196990166e-07       1.452403251630e-07      -1.368649950675e-08 
  842       1.001042142549e-02       1.207923083329e-04      -6.573661620914e-04       0.000000000000e+00       1.730268538728e-07       1.451222233261e-07      -1.355629145361e-08 
  843       1.004106552826e-02       1.193909060364e-04      -6.549226060560e-04       0.000000000000e+00       1.718427371529e-07       1.449947643229e-07      -1.342512841267e-08 
  844       1.007135846844e-02       1.179901195830e-04      -6.523248357123e-04       0.000000000000e+00       1.706673046827e-07       1.448580321299e-07      -1.329304180203e-08 
  845       1.010128925265e-02       1.165903769141e-04      -6.495741880917e-04       0.000000000000e+00       1.695005111950e-07       1.447121119394e-07      -1.316006336177e-08 
  846       1.013084680366e-02       1.151921097388e-04      -6.466720201222e-04       0.000000000000e+00       1.683423103254e-07       1.445570901636e-07      -1.302622515493e-08 
  847       1.016001996022e-02       1.137957535451e-04      -6.436197086939e-04       0.000000000000e+00       1.671926546085e-07       1.443930544385e-07      -1.289155956850e-08 
  848       1.018879747674e-02       1.124017476104e-04      -6.404186507251e-04       0.000000000000e+00       1.660514954741e-07       1.442200936281e-07      -1.275609931433e-08 
  849       1.021716802316e-02       1.110105350122e-04      -6.370702632276e-04       0.000000000000e+00       1.649187832425e-07       1.440382978280e-07      -1.261987743013e-08 
  850       1.024512018466e-02       1.096225626391e-04      -6.335759833724e-04       0.000000000000e+00       1.637944671210e-07       1.438477583699e-07      -1.248292728043e-08 
  851       1.027264246144e-02       1.082382812013e-04      -6.299372685551e-04       0.000000000000e+00       1.626784952000e-07       1.436485678249e-07      -1.234528255754e-08 
  852       1.029972326852e-02       1.068581452413e-04      -6.261555964620e-04       0.000000000000e+00       1.615708144483e-07       1.434408200080e-07      -1.220697728249e-08 
  853       1.032635093549e-02       1.054826131446e-04      -6.222324651351e-04       0.000000000000e+00       1.604713707099e-07       1.432246099822e-07      -1.206804580606e-08 
  854       1.035251370629e-02       1.041121471506e-04      -6.181693930383e-04       0.000000000000e+00       1.593801086993e-07       1.430000340617e-07      -1.192852280966e-08 
  855       1.037819973898e-02       1.027472133634e-04      -6.139679191224e-04       0.000000000000e+00       1.582969719977e-07       1.427671898168e-07      -1.178844330635e-08 
  856       1.040339710551e-02       1.013882817619e-04      -6.096296028913e-04       0.000000000000e+00       1.572219030494e-07       1.425261760770e-07      -1.164784264179e-08 
  857       1.042809379151e-02       1.000358262114e-04      -6.051560244673e-04       0.000000000000e+00       1.561548431569e-07       1.422770929359e-07      -1.150675649519e-08 
  858       1.045227769603e-02       9.869032447372e-05      -6.005487846567e-04       0.000000000000e+00       1.550957324778e-07       1.420200417544e-07      -1.136522088028e-08 
  859       1.047593663135e-02       9.735225821809e-05      -5.958095050155e-04       0.000000000000e+00       1.540445100201e-07       1.417551251650e-07      -1.122327214631e-08 
  860       1.049905832274e-02       9.602211303190e-05      -5.909398279151e-04       0.000000000000e+00       1.530011136384e-07       1.414824470758e-07      -1.108094697894e-08 
  861       1.052163040821e-02       9.470037843140e-05      -5.859414166075e-04       0.000000000000e+00       1.519654800300e-07       1.412021126743e-07      -1.093828240128e-08 
  862       1.054364043830e-02       9.338754787244e-05      -5.808159552916e-04       0.000000000000e+00       1.509375447307e-07       1.409142284318e-07      -1.079531577480e-08 
  863       1.056507587588e-02       9.208411876115e-05      -5.755651491781e-04       0.000000000000e+00       1.499172421109e-07       1.406189021066e-07      -1.065208480031e-08 
  864       1.058592409586e-02       9.079059246472e-05      -5.701907245555e-04       0.000000000000e+00       1.489045053714e-07       1.403162427488e-07      -1.050862751894e-08 
  865       1.060617238504e-02       8.950747432207e-05      -5.646944288559e-04       0.000000000000e+00       1.478992665397e-07       1.400063607038e-07      -1.036498231309e-08 
  866       1.062580794180e-02       8.823527365461e-05      -5.590780307199e-04       0.000000000000e+00       1.469014564655e-07       1.396893676164e-07      -1.022118790737e-08 
  867       1.064481787594e-02       8.697450377695e-05      -5.533433200631e-04       0.000000000000e+00       1.459110048171e-07       1.393653764348e-07      -1.007728336962e-08 
  868       1.066318920843e-02       8.572568200762e-05      -5.474921081411e-04       0.000000000000e+00       1.449278400772e-07       1.390345014145e-07      -9.933308111818e-09 
  869       1.068090887116e-02       8.448932967979e-05      -5.415262276152e-04       0.000000000000e+00       1.439518895388e-07       1.386968581223e-07      -9.789301891075e-09 
  870       1.069796370675e-02       8.326597215200e-05      -5.354475326182e-04       0.000000000000e+00       1.429830793013e-07       1.383525634404e-07      -9.645304810590e-09 
  871       1.071434046830e-02       8.205613881888e-05      -5.292578988200e-04       0.000000000000e+00       1.420213342666e-07       1.380017355700e-07      -9.501357320614e-09 
  872       1.073002581917e-02       8.086036312188e-05      -5.229592234929e-04       0.000000000000e+00       1.410665781346e-07       1.376444940359e-07      -9.357500219411e-09 
  873       1.074500633275e-02       7.967918255998e-05      -5.165534255776e-04       0.000000000000e+00       1.401187333997e-07       1.372809596899e-07      -9.213774654228e-09 
  874       1.075926849223e-02       7.851313870042e-05      -5.100424457486e-04       0.000000000000e+00       1.391777213465e-07       1.369112547150e-07      -9.070222122253e-09 
  875       1.077279869039e-02       7.736277718942e-05      -5.034282464799e-04       0.000000000000e+00       1.382434620459e-07       1.365355026294e-07      -8.926884471580e-09 
  876       1.078558322933e-02       7.622864776291e-05      -4.967128121106e-04       0.000000000000e+00       1.373158743507e-07       1.361538282905e-07      -8.783803902174e-09 
  877       1.079760832031e-02       7.511130425723e-05      -4.898981489104e-04       0.000000000000e+00       1.363948758924e-07       1.357663578987e-07      -8.641022966833e-09 
  878       1.080886205739e-02       7.401124467340e-05      -4.829863194951e-04       0.000000000000e+00       1.354803922738e-07       1.353732072135e-07      -8.498577955246e-09 
  879       1.081934037493e-02       7.292873025591e-05      -4.759795465685e-04       0.000000000000e+00       1.345723848263e-07       1.349744459784e-07      -8.356478923646e-09 
  880       1.082904118873e-02       7.186396342697e-05      -4.688801110355e-04       0.000000000000e+00       1.336708233067e-07       1.345701329126e-07      -8.214729335022e-09 
  881       1.083796243114e-02       7.081714746186e-05      -4.616903178794e-04       0.000000000000e+00       1.327756767384e-07       1.341603274469e-07      -8.073332645864e-09 
  882       1.084610205117e-02       6.978848649022e-05      -4.544124962331e-04       0.000000000000e+00       1.318869134095e-07       1.337450897265e-07      -7.932292306105e-09 
  883       1.085345801449e-02       6.877818549753e-05      -4.470489994499e-04       0.000000000000e+00       1.310045008694e-07       1.333244806128e-07      -7.791611759046e-09 
  884       1.086002830363e-02       6.778645032650e-05      -4.396022051745e-04       0.000000000000e+00       1.301284059271e-07       1.328985616857e-07      -7.651294441299e-09 
  885       1.086581091795e-02       6.681348767842e-05      -4.320745154137e-04       0.000000000000e+00       1.292585946476e-07       1.324673952455e-07      -7.511343782720e-09 
  886       1.087080387378e-02       6.585950511465e-05      -4.244683566079e-04       0.000000000000e+00       1.283950323504e-07       1.320310443155e-07      -7.371763206340e-09 
  887       1.087500520448e-02       6.492471105793e-05      -4.167861797014e-04       0.000000000000e+00       1.275376836058e-07       1.315895726435e-07      -7.232556128304e-09 
  888       1.087841296054e-02       6.400931479385e-05      -4.090304602140e-04       0.000000000000e+00       1.266865122332e-07       1.311430447045e-07      -7.093725957803e-09 
  889       1.088102520962e-02       6.311352647221e-05      -4.012036983114e-04       0.000000000000e+00       1.258414812981e-07       1.306915257027e-07      -6.955276097013e-09 
  890       1.088284003667e-02       6.223755710846e-05      -3.933084188763e-04       0.000000000000e+00       1.250025531094e-07       1.302350815734e-07      -6.817209941023e-09 
  891       1.088385554399e-02       6.138161858505e-05      -3.853471715798e-04       0.000000000000e+00       1.241696892171e-07       1.297737789854e-07      -6.679530877776e-09 
  892       1.088406985132e-02       6.054592365289e-05      -3.773225309516e-04       0.000000000000e+00       1.233428504095e-07       1.293076853431e-07      -6.542242288002e-09 
  893       1.088348109588e-02       5.973068593272e-05      -3.692370964515e-04       0.000000000000e+00       1.225219967106e-07       1.288368687887e-07      -6.405347545150e-09 
  894       1.088208743252e-02       5.893611991648e-05      -3.610934925403e-04       0.000000000000e+00       1.217070873777e-07       1.283613982039e-07      -6.268850015327e-09 
  895       1.087988703375e-02       5.816244096880e-05      -3.528943687504e-04       0.000000000000e+00       1.208980808987e-07       1.278813432127e-07      -6.132753057231e-09 
  896       1.087687808983e-02       5.740986532831e-05      -3.446423997572e-04       0.000000000000e+00       1.200949349892e-07       1.273967741831e-07      -5.997060022085e-09 
  897       1.087305880884e-02       5.667861010910e-05      -3.363402854497e-04       0.000000000000e+00       1.192976065906e-07       1.269077622295e-07      -5.861774253571e-09 
  898       1.086842741679e-02       5.596889330210e-05      -3.279907510018e-04       0.000000000000e+00       1.185060518666e-07       1.264143792146e-07      -5.726899087769e-09 
  899       1.086298215767e-02       5.528093377647e-05      -3.195965469429e-04       0.000000000000e+00       1.177202262016e-07       1.259166977516e-07      -5.592437853089e-09 
  900       1.085672129354e-02       5.461495128104e-05      -3.111604492290e-04       0.000000000000e+00       1.169400841973e-07       1.254147912066e-07      -5.458393870203e-09 
  901       1.084964310461e-02       5.397116644566e-05      -3.026852593137e-04       0.000000000000e+00       1.161655796704e-07       1.249087337003e-07      -5.324770451985e-09 
  902       1.084174588933e-02       5.334980078266e-05      -2.941738042191e-04       0.000000000000e+00       1.153966656500e-07       1.243986001106e-07      -5.191570903444e-09 
  903       1.083302796444e-02       5.275107668820e-05      -2.856289366068e-04       0.000000000000e+00       1.146332943752e-07       1.238844660744e-07      -5.058798521657e-09 
  904       1.082348766508e-02       5.217521744370e-05      -2.770535348488e-04       0.000000000000e+00       1.138754172920e-07       1.233664079898e-07      -4.926456595705e-09 
  905       1.081312334486e-02       5.162244721724e-05      -2.684505030985e-04       0.000000000000e+00       1.131229850514e-07       1.228445030186e-07      -4.794548406609e-09 
  906       1.080193337594e-02       5.109299106495e-05      -2.598227713614e-04       0.000000000000e+00       1.123759475061e-07       1.223188290878e-07      -4.663077227263e-09 
  907       1.078991614910e-02       5.058707493242e-05      -2.511732955667e-04       0.000000000000e+00       1.116342537084e-07       1.217894648923e-07      -4.532046322369e-09 
  908       1.077707007383e-02       5.010492565610e-05      -2.425050576374e-04       0.000000000000e+00       1.108978519073e-07       1.212564898967e-07      -4.401458948374e-09 
  909       1.076339357841e-02       4.964677096472e-05      -2.338210655619e-04       0.000000000000e+00       1.101666895462e-07       1.207199843378e-07      -4.271318353401e-09 
  910       1.074888510999e-02       4.921283948064e-05      -2.251243534647e-04       0.000000000000e+00       1.094407132601e-07       1.201800292263e-07      -4.141627777189e-09 
  911       1.073354313465e-02       4.880336072131e-05      -2.164179816775e-04       0.000000000000e+00       1.087198688728e-07       1.196367063492e-07      -4.012390451021e-09 
  912       1.071736613752e-02       4.841856510065e-05      -2.077050368097e-04       0.000000000000e+00       1.080041013949e-07       1.190900982720e-07      -3.883609597664e-09 
  913       1.070035262282e-02       4.805868393043e-05      -1.989886318201e-04       0.000000000000e+00       1.072933550207e-07       1.185402883407e-07      -3.755288431304e-09 
  914       1.068250111396e-02       4.772394942172e-05      -1.902719060872e-04       0.000000000000e+00       1.065875731257e-07       1.179873606838e-07      -3.627430157477e-09 
  915       1.066381015361e-02       4.741459468624e-05      -1.815580254804e-04       0.000000000000e+00       1.058866982642e-07       1.174314002151e-07      -3.500037973008e-09 
  916       1.064427830380e-02       4.713085373779e-05      -1.728501824310e-04       0.000000000000e+00       1.051906721664e-07       1.168724926348e-07      -3.373115065940e-09 
  917       1.062390547044e-02       4.687290480027e-05      -1.641513942088e-04       0.000000000000e+00       1.044994421632e-07       1.163107113483e-07      -3.246665950532e-09 
  918       1.060269689996e-02       4.664069923973e-05      -1.554638940890e-04       0.000000000000e+00       1.038129805771e-07       1.157460779870e-07      -3.120700495648e-09 
  919       1.058065924649e-02       4.643412991121e-05      -1.467897306318e-04       0.000000000000e+00       1.031312656345e-07       1.151786012626e-07      -2.995229960377e-09 
  920       1.055779925340e-02       4.625308759850e-05      -1.381309686396e-04       0.000000000000e+00       1.024542750655e-07       1.146082899950e-07      -2.870265664920e-09 
  921       1.053412375362e-02       4.609746100749e-05      -1.294896891999e-04       0.000000000000e+00       1.017819861018e-07       1.140351531123e-07      -2.745818990714e-09 
  922       1.050963966984e-02       4.596713675950e-05      -1.208679897269e-04       0.000000000000e+00       1.011143754751e-07       1.134591996512e-07      -2.621901380554e-09 
  923       1.048435401482e-02       4.586199938458e-05      -1.122679840040e-04       0.000000000000e+00       1.004514194155e-07       1.128804387574e-07      -2.498524338723e-09 
  924       1.045827389166e-02       4.578193131482e-05      -1.036918022258e-04       0.000000000000e+00       9.979309364970e-08       1.122988796856e-07      -2.375699431114e-09 
  925       1.043140649406e-02       4.572681287770e-05      -9.514159104038e-05       0.000000000000e+00       9.913937339950e-08       1.117145318000e-07      -2.253438285356e-09 
  926       1.040375910657e-02       4.569652228941e-05      -8.661951359164e-05       0.000000000000e+00       9.849023337995e-08       1.111274045743e-07      -2.131752590938e-09 
  927       1.037533910490e-02       4.569093564814e-05      -7.812774956115e-05       0.000000000000e+00       9.784564779776e-08       1.105375075926e-07      -2.010654099337e-09 
  928       1.034615395615e-02       4.570992692741e-05      -6.966849521058e-05       0.000000000000e+00       9.720559034959e-08       1.099448505489e-07      -1.890154624140e-09 
  929       1.031621121909e-02       4.575336796941e-05      -6.124396342384e-05       0.000000000000e+00       9.657003422039e-08       1.093494432478e-07      -1.770266041170e-09 
  930       1.028551854444e-02       4.582112847829e-05      -5.285638374920e-05       0.000000000000e+00       9.593895208169e-08       1.087512956047e-07      -1.651000288613e-09 
  931       1.025408367514e-02       4.591307601353e-05      -4.450800244158e-05       0.000000000000e+00       9.531231608995e-08       1.081504176462e-07      -1.532369367140e-09 
  932       1.022191444659e-02       4.602907598320e-05      -3.620108250464e-05       0.000000000000e+00       9.469009788486e-08       1.075468195102e-07      -1.414385340035e-09 
  933       1.018901878694e-02       4.616899163731e-05      -2.793790373304e-05       0.000000000000e+00       9.407226858770e-08       1.069405114461e-07      -1.297060333317e-09 
  934       1.015540471737e-02       4.633268406113e-05      -1.972076275456e-05       0.000000000000e+00       9.345879879959e-08       1.063315038154e-07      -1.180406535869e-09 
  935       1.012108035232e-02       4.652001216850e-05      -1.155197307235e-05       0.000000000000e+00       9.284965859989e-08       1.057198070917e-07      -1.064436199560e-09 
  936       1.008605389982e-02       4.673083269519e-05      -3.433865107086e-06       0.000000000000e+00       9.224481754444e-08       1.051054318610e-07      -9.491616393714e-10 
  937       1.005033366167e-02       4.696500019214e-05       4.631213760853e-06       0.000000000000e+00       9.164424466397e-08       1.044883888223e-07      -8.345952335217e-10 
  938       1.001392803381e-02       4.722236701887e-05       1.264089914918e-05       0.000000000000e+00       9.104790846234e-08       1.038686887873e-07      -7.207494235918e-10 
  939       9.976845506511e-03       4.750278333672e-05       2.059280963151e-05       0.000000000000e+00       9.045577691491e-08       1.032463426812e-07      -6.076367146503e-10 
  940       9.939094664670e-03       4.780609710225e-05       2.848454669521e-05       0.000000000000e+00       8.986781746684e-08       1.026213615427e-07      -4.952696753782e-10 
  941       9.900684188086e-03       4.813215406047e-05       3.631369469915e-05       0.000000000000e+00       8.928399703141e-08       1.019937565244e-07      -3.836609381944e-10 
  942       9.861622851721e-03       4.848079773826e-05       4.407782083157e-05       0.000000000000e+00       8.870428198835e-08       1.013635388930e-07      -2.728231993806e-10 
  943       9.821919525966e-03       4.885186943759e-05       5.177447506789e-05       0.000000000000e+00       8.812863818217e-08       1.007307200296e-07      -1.627692192065e-10 
  944       9.781583176916e-03       4.924520822893e-05       5.940119012847e-05       0.000000000000e+00       8.755703092045e-08       1.000953114299e-07      -5.351182205469e-11 
  945       9.740622866632e-03       4.966065094450e-05       6.695548143650e-05       0.000000000000e+00       8.698942497219e-08       9.945732470480e-08       5.493610345377e-11 
  946       9.699047753413e-03       5.009803217163e-05       7.443484707574e-05       0.000000000000e+00       8.642578456611e-08       9.881677158015e-08       1.625616043347e-10 
  947       9.656867092064e-03       5.055718424608e-05       8.183676774841e-05       0.000000000000e+00       8.586607338897e-08       9.817366389748e-08       2.693516631153e-10 
  948       9.614090234166e-03       5.103793724531e-05       8.915870673292e-05       0.000000000000e+00       8.531025458393e-08       9.752801361406e-08       3.752931977095e-10 
  949       9.570726628339e-03       5.154011898190e-05       9.639810984174e-05       0.000000000000e+00       8.475829074882e-08       9.687983280324e-08       4.803730612924e-10 
  950       9.526785820519e-03       5.206355499674e-05       1.035524053792e-04       0.000000000000e+00       8.421014393448e-08       9.622913365472e-08       5.845780421753e-10 
  951       9.482277454217e-03       5.260806855249e-05       1.106190040993e-04       0.000000000000e+00       8.366577564308e-08       9.557592847479e-08       6.878948636807e-10 
  952       9.437211270797e-03       5.317348062677e-05       1.175952991636e-04       0.000000000000e+00       8.312514682646e-08       9.492022968666e-08       7.903101840171e-10 
  953       9.391597109735e-03       5.375960990558e-05       1.244786660988e-04       0.000000000000e+00       8.258821788442e-08       9.426204983070e-08       8.918105961539e-10 
  954       9.345444908895e-03       5.436627277655e-05       1.312664627548e-04       0.000000000000e+00       8.205494866305e-08       9.360140156474e-08       9.923826276961e-10 
  955       9.298764704794e-03       5.499328332232e-05       1.379560292624e-04       0.000000000000e+00       8.152529845306e-08       9.293829766434e-08       1.092012740760e-09 
  956       9.251566755093e-03       5.564042929778e-05       1.445450002921e-04       0.000000000000e+00       8.099923021993e-08       9.227277325130e-08       1.190690070176e-09 
  957       9.203861907572e-03       5.630739967343e-05       1.510322471416e-04       0.000000000000e+00       8.047672336856e-08       9.160495285077e-08       1.288414684188e-09 
  958       9.155661237325e-03       5.699385597193e-05       1.574169499556e-04       0.000000000000e+00       7.995776117028e-08       9.093498435909e-08       1.385189449698e-09 
  959       9.106975925331e-03       5.769945617395e-05       1.636982867292e-04       0.000000000000e+00       7.944232654757e-08       9.026301691155e-08       1.481017305611e-09 
  960       9.057817258743e-03       5.842385470836e-05       1.698754333058e-04       0.000000000000e+00       7.893040207294e-08       8.958920088563e-08       1.575901263068e-09 
  961       9.008196631166e-03       5.916670244241e-05       1.759475633765e-04       0.000000000000e+00       7.842196996778e-08       8.891368790418e-08       1.669844405680e-09 
  962       8.958125542948e-03       5.992764667187e-05       1.819138484785e-04       0.000000000000e+00       7.791701210130e-08       8.823663083860e-08       1.762849889764e-09 
  963       8.907615601460e-03       6.070633111122e-05       1.877734579940e-04       0.000000000000e+00       7.741550998933e-08       8.755818381203e-08       1.854920944574e-09 
  964       8.856678521383e-03       6.150239588383e-05       1.935255591492e-04       0.000000000000e+00       7.691744479324e-08       8.687850220257e-08       1.946060872538e-09 
  965       8.805326124991e-03       6.231547751208e-05       1.991693170125e-04       0.000000000000e+00       7.642279731881e-08       8.619774264643e-08       2.036273049491e-09 
  966       8.753570342438e-03       6.314520890760e-05       2.047038944939e-04       0.000000000000e+00       7.593154801510e-08       8.551606304115e-08       2.125560924906e-09 
  967       8.701423212037e-03       6.399121936140e-05       2.101284523434e-04       0.000000000000e+00       7.544367697331e-08       8.483362254881e-08       2.213928022134e-09 
  968       8.648896880552e-03       6.485313453403e-05       2.154421491501e-04       0.000000000000e+00       7.495916392569e-08       8.415058159918e-08       2.301377938634e-09 
  969       8.596003603477e-03       6.573057644579e-05       2.206441413405e-04       0.000000000000e+00       7.447798824439e-08       8.346710189293e-08       2.387914346208e-09 
  970       8.542755745322e-03       6.662316346684e-05       2.257335831776e-04       0.000000000000e+00       7.400012894035e-08       8.278334640484e-08       2.473540991233e-09 
  971       8.489165779898e-03       6.753051030746e-05       2.307096267596e-04       0.000000000000e+00       7.352556466217e-08       8.209947938696e-08       2.558261694901e-09 
  972       8.435246290600e-03       6.845222800812e-05       2.355714220189e-04       0.000000000000e+00       7.305427369497e-08       8.141566637183e-08       2.642080353445e-09 
  973       8.381009970696e-03       6.938792392971e-05       2.403181167204e-04       0.000000000000e+00       7.258623395930e-08       8.073207417567e-08       2.725000938379e-09 
  974       8.326469623604e-03       7.033720174370e-05       2.449488564607e-04       0.000000000000e+00       7.212142300998e-08       8.004887090155e-08       2.807027496731e-09 
  975       8.271638163185e-03       7.129966142232e-05       2.494627846666e-04       0.000000000000e+00       7.165981803500e-08       7.936622594260e-08       2.888164151276e-09 
  976       8.216528614019e-03       7.227489922870e-05       2.538590425941e-04       0.000000000000e+00       7.120139585439e-08       7.868430998521e-08       2.968415100768e-09 
  977       8.161154111696e-03       7.326250770705e-05       2.581367693270e-04       0.000000000000e+00       7.074613291909e-08       7.800329501218e-08       3.047784620179e-09 
  978       8.105527903100e-03       7.426207567286e-05       2.622951017759e-04       0.000000000000e+00       7.029400530983e-08       7.732335430599e-08       3.126277060930e-09 
  979       8.049663346687e-03       7.527318820304e-05       2.663331746765e-04       0.000000000000e+00       6.984498873599e-08       7.664466245191e-08       3.203896851125e-09 
  980       7.993573912779e-03       7.629542662608e-05       2.702501205890e-04       0.000000000000e+00       6.939905853452e-08       7.596739534124e-08       3.280648495784e-09 
  981       7.937273183841e-03       7.732836851226e-05       2.740450698965e-04       0.000000000000e+00       6.895618966877e-08       7.529173017449e-08       3.356536577082e-09 
  982       7.880774854769e-03       7.837158766378e-05       2.777171508037e-04       0.000000000000e+00       6.851635672737e-08       7.461784546459e-08       3.431565754576e-09 
  983       7.824092733174e-03       7.942465410497e-05       2.812654893361e-04       0.000000000000e+00       6.807953392314e-08       7.394592104003e-08       3.505740765446e-09 
  984       7.767240739666e-03       8.048713407243e-05       2.846892093381e-04       0.000000000000e+00       6.764569509192e-08       7.327613804812e-08       3.579066424723e-09 
  985       7.710232908139e-03       8.155859000518e-05       2.879874324725e-04       0.000000000000e+00       6.721481369150e-08       7.260867895813e-08       3.651547625528e-09 
  986       7.653083386054e-03       8.263858053490e-05       2.911592782190e-04       0.000000000000e+00       6.678686280043e-08       7.194372756452e-08       3.723189339301e-09 
  987       7.595806434728e-03       8.372666047604e-05       2.942038638725e-04       0.000000000000e+00       6.636181511695e-08       7.128146899011e-08       3.793996616041e-09 
  988       7.538416429612e-03       8.482238081600e-05       2.971203045428e-04       0.000000000000e+00       6.593964295785e-08       7.062208968926e-08       3.863974584536e-09 
  989       7.480927860580e-03       8.592528870532e-05       2.999077131526e-04       0.000000000000e+00       6.552031825732e-08       6.996577745110e-08       3.933128452596e-09 
  990       7.423355332213e-03       8.703492744783e-05       3.025652004366e-04       0.000000000000e+00       6.510381256587e-08       6.931272140269e-08       4.001463507292e-09 
  991       7.365713564081e-03       8.815083649085e-05       3.050918749403e-04       0.000000000000e+00       6.469009704917e-08       6.866311201224e-08       4.068985115185e-09 
  992       7.308017391032e-03       8.927255141531e-05       3.074868430185e-04       0.000000000000e+00       6.427914248694e-08       6.801714109226e-08       4.135698722563e-09 
  993       7.250281763471e-03       9.039960392597e-05       3.097492088345e-04       0.000000000000e+00       6.387091927184e-08       6.737500180282e-08       4.201609855674e-09 
  994       7.192521747650e-03       9.153152184155e-05       3.118780743586e-04       0.000000000000e+00       6.346539740829e-08       6.673688865465e-08       4.266724120960e-09 
  995       7.134751579743e-03       9.266784720926e-05       3.138727958176e-04       0.000000000000e+00       6.306254966381e-08       6.610295364312e-08       4.331045625207e-09 
  996       7.076981812299e-03       9.380819095931e-05       3.157337571692e-04       0.000000000000e+00       6.266236107558e-08       6.547317393795e-08       4.394572210111e-09 
  997       7.019222126467e-03       9.495217903318e-05       3.174616079798e-04       0.000000000000e+00       6.226481958118e-08       6.484748225755e-08       4.457300148221e-09 
  998       6.961482274573e-03       9.609943432443e-05       3.190570080329e-04       0.000000000000e+00       6.186991287808e-08       6.422581056001e-08       4.519225716720e-09 
  999       6.903772080285e-03       9.724957667105e-05       3.205206273589e-04       0.000000000000e+00       6.147762842293e-08       6.360809004107e-08       4.580345197476e-09 
 1000       6.846101438791e-03       9.840222284783e-05       3.218531462650e-04       0.000000000000e+00       6.108795343082e-08       6.299425113196e-08       4.640654877076e-09 
 1001       6.788480316962e-03       9.955698655873e-05       3.230552553650e-04       0.000000000000e+00       6.070087487448e-08       6.238422349729e-08       4.700151046874e-09 
 1002       6.730918753526e-03       1.007134784292e-04       3.241276556092e-04       0.000000000000e+00       6.031637948363e-08       6.177793603290e-08       4.758830003033e-09 
 1003       6.673426859235e-03       1.018713059987e-04       3.250710583141e-04       0.000000000000e+00       5.993445374416e-08       6.117531686380e-08       4.816688046566e-09 
 1004       6.616014817037e-03       1.030300737128e-04       3.258861851923e-04       0.000000000000e+00       5.955508389742e-08       6.057629334200e-08       4.873721483379e-09 
 1005       6.558692882248e-03       1.041893829158e-04       3.265737683822e-04       0.000000000000e+00       5.917825593948e-08       5.998079204442e-08       4.929926624315e-09 
 1006       6.501471382715e-03       1.053488318430e-04       3.271345504783e-04       0.000000000000e+00       5.880395562037e-08       5.938873877074e-08       4.985299785198e-09 
 1007       6.444360718993e-03       1.065080156129e-04       3.275692845602e-04       0.000000000000e+00       5.843216844335e-08       5.880005854132e-08       5.039837286872e-09 
 1008       6.387371364512e-03       1.076665262198e-04       3.278787342234e-04       0.000000000000e+00       5.806287966418e-08       5.821467559505e-08       5.093535455246e-09 
 1009       6.330513865746e-03       1.088239525263e-04       3.280636736082e-04       0.000000000000e+00       5.769607429033e-08       5.763251338722e-08       5.146390621335e-09 
 1010       6.273798842385e-03       1.099798802550e-04       3.281248874302e-04       0.000000000000e+00       5.733173708031e-08       5.705349458746e-08       5.198399121307e-09 
 1011       6.217236987504e-03       1.111338919818e-04       3.280631710099e-04       0.000000000000e+00       5.696985254286e-08       5.647754107754e-08       5.249557296520e-09 
 1012       6.160839067734e-03       1.122855671274e-04       3.278793303025e-04       0.000000000000e+00       5.661040493625e-08       5.590457394931e-08       5.299861493570e-09 
 1013       6.104615923427e-03       1.134344819503e-04       3.275741819276e-04       0.000000000000e+00       5.625337826750e-08       5.533451350256e-08       5.349308064329e-09 
 1014       6.048578468834e-03       1.145802095387e-04       3.271485531994e-04       0.000000000000e+00       5.589875629168e-08       5.476727924290e-08       5.397893365992e-09 
 1015       5.992737692269e-03       1.157223198032e-04       3.266032821562e-04       0.000000000000e+00       5.554652251114e-08       5.420278987964e-08       5.445613761115e-09 
 1016       5.937104656281e-03       1.168603794689e-04       3.259392175903e-04       0.000000000000e+00       5.519666017478e-08       5.364096332366e-08       5.492465617663e-09 
 1017       5.881690497822e-03       1.179939520682e-04       3.251572190779e-04       0.000000000000e+00       5.484915227730e-08       5.308171668533e-08       5.538445309048e-09 
 1018       5.826506428422e-03       1.191225979325e-04       3.242581570090e-04       0.000000000000e+00       5.450398155845e-08       5.252496627234e-08       5.583549214177e-09 
 1019       5.771563734351e-03       1.202458741852e-04       3.232429126169e-04       0.000000000000e+00       5.416113050230e-08       5.197062758760e-08       5.627773717488e-09 
 1020       5.716873776798e-03       1.213633347337e-04       3.221123780084e-04       0.000000000000e+00       5.382058133650e-08       5.141861532713e-08       5.671115208998e-09 
 1021       5.662447992033e-03       1.224745302618e-04       3.208674561935e-04       0.000000000000e+00       5.348231603153e-08       5.086884337795e-08       5.713570084345e-09 
 1022       5.608297891582e-03       1.235790082221e-04       3.195090611151e-04       0.000000000000e+00       5.314631629995e-08       5.032122481592e-08       5.755134744827e-09 
 1023       5.554435062394e-03       1.246763128286e-04       3.180381176790e-04       0.000000000000e+00       5.281256359568e-08       4.977567190364e-08       5.795805597451e-09 
 1024       5.500871167012e-03       1.257659850487e-04       3.164555617837e-04       0.000000000000e+00       5.248103911323e-08       4.923209608836e-08       5.835579054969e-09 
 1025       5.447617943746e-03       1.268475625957e-04       3.147623403501e-04       0.000000000000e+00       5.215172378698e-08       4.869040799982e-08       5.874451535925e-09 
 1026       5.394687206835e-03       1.279205799212e-04       3.129594113515e-04       0.000000000000e+00       5.182459829043e-08       4.815051744813e-08       5.912419464698e-09 
 1027       5.342090846626e-03       1.289845682076e-04       3.110477438434e-04       0.000000000000e+00       5.149964303544e-08       4.761233342170e-08       5.949479271542e-09 
 1028       5.289840829739e-03       1.300390553600e-04       3.090283179931e-04       0.000000000000e+00       5.117683817152e-08       4.707576408506e-08       5.985627392631e-09 
 1029       5.237949199237e-03       1.310835659992e-04       3.069021251098e-04       0.000000000000e+00       5.085616358506e-08       4.654071677677e-08       6.020860270099e-09 
 1030       5.186428074797e-03       1.321176214536e-04       3.046701676743e-04       0.000000000000e+00       5.053759889861e-08       4.600709800730e-08       6.055174352086e-09 
 1031       5.135289652879e-03       1.331407397516e-04       3.023334593691e-04       0.000000000000e+00       5.022112347012e-08       4.547481345690e-08       6.088566092779e-09 
 1032       5.084546206899e-03       1.341524356143e-04       2.998930251077e-04       0.000000000000e+00       4.990671639219e-08       4.494376797350e-08       6.121031952456e-09 
 1033       5.034210087393e-03       1.351522204475e-04       2.973499010648e-04       0.000000000000e+00       4.959435649135e-08       4.441386557056e-08       6.152568397526e-09 
 1034       4.984292329756e-03       1.361396493382e-04       2.947052202001e-04       0.000000000000e+00       4.928402443850e-08       4.388503555550e-08       6.183173111766e-09 
 1035       4.934798455554e-03       1.371144627865e-04       2.919604700931e-04       0.000000000000e+00       4.897570911431e-08       4.335731132337e-08       6.212848648676e-09 
 1036       4.885732612226e-03       1.380764469609e-04       2.891172388101e-04       0.000000000000e+00       4.866940133231e-08       4.283075267221e-08       6.241598830809e-09 
 1037       4.837098960154e-03       1.390253868736e-04       2.861771297803e-04       0.000000000000e+00       4.836509173527e-08       4.230541977423e-08       6.269427543439e-09 
 1038       4.788901672683e-03       1.399610663782e-04       2.831417618347e-04       0.000000000000e+00       4.806277079477e-08       4.178137317663e-08       6.296338734737e-09 
 1039       4.741144936130e-03       1.408832681670e-04       2.800127692459e-04       0.000000000000e+00       4.776242881066e-08       4.125867380246e-08       6.322336415950e-09 
 1040       4.693832949798e-03       1.417917737693e-04       2.767918017674e-04       0.000000000000e+00       4.746405591054e-08       4.073738295135e-08       6.347424661579e-09 
 1041       4.646969925990e-03       1.426863635482e-04       2.734805246728e-04       0.000000000000e+00       4.716764204929e-08       4.021756230041e-08       6.371607609561e-09 
 1042       4.600560090026e-03       1.435668166990e-04       2.700806187956e-04       0.000000000000e+00       4.687317700854e-08       3.969927390495e-08       6.394889461441e-09 
 1043       4.554607680251e-03       1.444329112462e-04       2.665937805684e-04       0.000000000000e+00       4.658065039618e-08       3.918258019935e-08       6.417274482559e-09 
 1044       4.509116948056e-03       1.452844240416e-04       2.630217220622e-04       0.000000000000e+00       4.629005164581e-08       3.866754399788e-08       6.438767002221e-09 
 1045       4.464092157883e-03       1.461211307617e-04       2.593661710262e-04       0.000000000000e+00       4.600137001632e-08       3.815422849545e-08       6.459371413882e-09 
 1046       4.419537587248e-03       1.469428059054e-04       2.556288709267e-04       0.000000000000e+00       4.571459459128e-08       3.764269726847e-08       6.479092175321e-09 
 1047       4.375457526747e-03       1.477492227918e-04       2.518115809869e-04       0.000000000000e+00       4.542971427854e-08       3.713301427564e-08       6.497933808823e-09 
 1048       4.331856280077e-03       1.485401535574e-04       2.479160762262e-04       0.000000000000e+00       4.514671780962e-08       3.662524385877e-08       6.515900901357e-09 
 1049       4.288738164042e-03       1.493153691540e-04       2.439441474996e-04       0.000000000000e+00       4.486559373928e-08       3.611945074359e-08       6.532998104753e-09 
 1050       4.246107508575e-03       1.500746393467e-04       2.398976015372e-04       0.000000000000e+00       4.458633044500e-08       3.561570004056e-08       6.549230135881e-09 
 1051       4.203968656743e-03       1.508177327108e-04       2.357782609834e-04       0.000000000000e+00       4.430891612644e-08       3.511405724566e-08       6.564601776828e-09 
 1052       4.162325964769e-03       1.515444166299e-04       2.315879644366e-04       0.000000000000e+00       4.403333880497e-08       3.461458824123e-08       6.579117875082e-09 
 1053       4.121183802041e-03       1.522544572936e-04       2.273285664883e-04       0.000000000000e+00       4.375958632314e-08       3.411735929676e-08       6.592783343704e-09 
 1054       4.080546551126e-03       1.529476196947e-04       2.230019377629e-04       0.000000000000e+00       4.348764634421e-08       3.362243706972e-08       6.605603161511e-09 
 1055       4.040418607788e-03       1.536236676275e-04       2.186099649567e-04       0.000000000000e+00       4.321750635159e-08       3.312988860636e-08       6.617582373251e-09 
 1056       4.000804380996e-03       1.542823636846e-04       2.141545508777e-04       0.000000000000e+00       4.294915364838e-08       3.263978134249e-08       6.628726089785e-09 
 1057       3.961708292940e-03       1.549234692554e-04       2.096376144846e-04       0.000000000000e+00       4.268257535685e-08       3.215218310435e-08       6.639039488263e-09 
 1058       3.923134779046e-03       1.555467445230e-04       2.050610909268e-04       0.000000000000e+00       4.241775841793e-08       3.166716210938e-08       6.648527812305e-09 
 1059       3.885088287991e-03       1.561519484623e-04       2.004269315831e-04       0.000000000000e+00       4.215468959069e-08       3.118478696703e-08       6.657196372175e-09 
 1060       3.847573281712e-03       1.567388388376e-04       1.957371041016e-04       0.000000000000e+00       4.189335545188e-08       3.070512667960e-08       6.665050544967e-09 
 1061       3.810594235424e-03       1.573071721998e-04       1.909935924391e-04       0.000000000000e+00       4.163374239536e-08       3.022825064301e-08       6.672095774774e-09 
 1062       3.774155637633e-03       1.578567038848e-04       1.861983969003e-04       0.000000000000e+00       4.137583663166e-08       2.975422864765e-08       6.678337572877e-09 
 1063       3.738261990146e-03       1.583871880103e-04       1.813535341774e-04       0.000000000000e+00       4.111962418743e-08       2.928313087915e-08       6.683781517913e-09 
 1064       3.702917808093e-03       1.588983774740e-04       1.764610373893e-04       0.000000000000e+00       4.086509090494e-08       2.881502791923e-08       6.688433256061e-09 
 1065       3.668127619932e-03       1.593900239512e-04       1.715229561212e-04       0.000000000000e+00       4.061222244158e-08       2.834999074648e-08       6.692298501221e-09 
 1066       3.633895967468e-03       1.598618778920e-04       1.665413564642e-04       0.000000000000e+00       4.036100426938e-08       2.788809073718e-08       6.695383035184e-09 
 1067       3.600227405866e-03       1.603136885195e-04       1.615183210541e-04       0.000000000000e+00       4.011142167445e-08       2.742939966613e-08       6.697692707821e-09 
 1068       3.567126503663e-03       1.607452038270e-04       1.564559491114e-04       0.000000000000e+00       3.986345975651e-08       2.697398970742e-08       6.699233437255e-09 
 1069       3.534597842783e-03       1.611561705760e-04       1.513563564806e-04       0.000000000000e+00       3.961710342838e-08       2.652193343529e-08       6.700011210041e-09 
 1070       3.502646018553e-03       1.615463342934e-04       1.462216756694e-04       0.000000000000e+00       3.937233741549e-08       2.607330382489e-08       6.700032081345e-09 
 1071       3.471275639712e-03       1.619154392696e-04       1.410540558882e-04       0.000000000000e+00       3.912914625532e-08       2.562817425312e-08       6.699302175125e-09 
 1072       3.440491328428e-03       1.622632285558e-04       1.358556630896e-04       0.000000000000e+00       3.888751429696e-08       2.518661849944e-08       6.697827684303e-09 
 1073       3.410296604742e-03       1.625894929454e-04       1.306285811414e-04       0.000000000000e+00       3.864742723907e-08       2.474869826510e-08       6.695615481220e-09 
 1074       3.380690523228e-03       1.628942186530e-04       1.253745137916e-04       0.000000000000e+00       3.840887676786e-08       2.431442554316e-08       6.692674957726e-09 
 1075       3.351670990564e-03       1.631774416415e-04       1.200950787234e-04       0.000000000000e+00       3.817185598126e-08       2.388379973767e-08       6.689016210495e-09 
 1076       3.323235876842e-03       1.634391988238e-04       1.147919060828e-04       0.000000000000e+00       3.793635785583e-08       2.345682009831e-08       6.684649433277e-09 
 1077       3.295383015470e-03       1.636795280654e-04       1.094666385074e-04       0.000000000000e+00       3.770237524636e-08       2.303348571990e-08       6.679584917131e-09 
 1078       3.268110203067e-03       1.638984681869e-04       1.041209311557e-04       0.000000000000e+00       3.746990088559e-08       2.261379554189e-08       6.673833050674e-09 
 1079       3.241415199361e-03       1.640960589671e-04       9.875645173631e-05       0.000000000000e+00       3.723892738380e-08       2.219774834789e-08       6.667404320318e-09 
 1080       3.215295727088e-03       1.642723411457e-04       9.337488053706e-05       0.000000000000e+00       3.700944722849e-08       2.178534276517e-08       6.660309310518e-09 
 1081       3.189749471889e-03       1.644273564257e-04       8.797791045392e-05       0.000000000000e+00       3.678145278405e-08       2.137657726417e-08       6.652558704008e-09 
 1082       3.164774082206e-03       1.645611474766e-04       8.256724702030e-05       0.000000000000e+00       3.655493629140e-08       2.097145015801e-08       6.644163282046e-09 
 1083       3.140367169183e-03       1.646737579367e-04       7.714460843611e-05       0.000000000000e+00       3.632988986764e-08       2.056995960204e-08       6.635133924655e-09 
 1084       3.116526306560e-03       1.647652324161e-04       7.171172559689e-05       0.000000000000e+00       3.610630550570e-08       2.017210359326e-08       6.625481610868e-09 
 1085       3.093249030573e-03       1.648356164995e-04       6.627034212294e-05       0.000000000000e+00       3.588417507404e-08       1.977787996993e-08       6.615217418966e-09 
 1086       3.070532839852e-03       1.648849567487e-04       6.082221438843e-05       0.000000000000e+00       3.566349031621e-08       1.938728641103e-08       6.604352526722e-09 
 1087       3.048375195315e-03       1.649133007053e-04       5.536911155050e-05       0.000000000000e+00       3.544424285062e-08       1.900032043576e-08       6.592898211646e-09 
 1088       3.026773520070e-03       1.649206968939e-04       4.991281557841e-05       0.000000000000e+00       3.522642417011e-08       1.861697940308e-08       6.580865851219e-09 
 1089       3.005725199311e-03       1.649071948243e-04       4.445512128267e-05       0.000000000000e+00       3.501002564162e-08       1.823726051122e-08       6.568266923145e-09 
 1090       2.985227580215e-03       1.648728449945e-04       3.899783634409e-05       0.000000000000e+00       3.479503850587e-08       1.786116079715e-08       6.555113005586e-09 
 1091       2.965277971840e-03       1.648176988933e-04       3.354278134301e-05       0.000000000000e+00       3.458145387701e-08       1.748867713614e-08       6.541415777406e-09 
 1092       2.945873645023e-03       1.647418090034e-04       2.809178978831e-05       0.000000000000e+00       3.436926274224e-08       1.711980624127e-08       6.527187018416e-09 
 1093       2.927011832277e-03       1.646452288035e-04       2.264670814660e-05       0.000000000000e+00       3.415845596151e-08       1.675454466288e-08       6.512438609609e-09 
 1094       2.908689727690e-03       1.645280127717e-04       1.720939587133e-05       0.000000000000e+00       3.394902426714e-08       1.639288878815e-08       6.497182533412e-09 
 1095       2.890904486820e-03       1.643902163878e-04       1.178172543187e-05       0.000000000000e+00       3.374095826348e-08       1.603483484057e-08       6.481430873919e-09 
 1096       2.873653226596e-03       1.642318961361e-04       6.365582342685e-06       0.000000000000e+00       3.353424842660e-08       1.568037887948e-08       6.465195817139e-09 
 1097       2.856933025213e-03       1.640531095083e-04       9.628651924226e-07       0.000000000000e+00       3.332888510388e-08       1.532951679955e-08       6.448489651233e-09 
 1098       2.840740922031e-03       1.638539150062e-04      -4.424514326963e-06       0.000000000000e+00       3.312485851373e-08       1.498224433030e-08       6.431324766763e-09 
 1099       2.825073917471e-03       1.636343721443e-04      -9.794631391088e-06       0.000000000000e+00       3.292215874520e-08       1.463855703563e-08       6.413713656926e-09 
 1100       2.809928972916e-03       1.633945414525e-04      -1.514554801402e-05       0.000000000000e+00       3.272077575765e-08       1.429845031330e-08       6.395668917803e-09 
 1101       2.795303010605e-03       1.631344844791e-04      -2.047531301915e-05       0.000000000000e+00       3.252069938039e-08       1.396191939448e-08       6.377203248598e-09 
 1102       2.781192913531e-03       1.628542637934e-04      -2.578196201009e-05       0.000000000000e+00       3.232191931238e-08       1.362895934322e-08       6.358329451878e-09 
 1103       2.767595525343e-03       1.625539429883e-04      -3.106351734153e-05       0.000000000000e+00       3.212442512182e-08       1.329956505597e-08       6.339060433819e-09 
 1104       2.754507650237e-03       1.622335866833e-04      -3.631798809015e-05       0.000000000000e+00       3.192820624586e-08       1.297373126111e-08       6.319409204448e-09 
 1105       2.741926052860e-03       1.618932605269e-04      -4.154337002546e-05       0.000000000000e+00       3.173325199021e-08       1.265145251846e-08       6.299388877880e-09 
 1106       2.729847458202e-03       1.615330311998e-04      -4.673764558071e-05       0.000000000000e+00       3.153955152883e-08       1.233272321877e-08       6.279012672567e-09 
 1107       2.718268551497e-03       1.611529664172e-04      -5.189878382376e-05       0.000000000000e+00       3.134709390355e-08       1.201753758322e-08       6.258293911534e-09 
 1108       2.707185978121e-03       1.607531349316e-04      -5.702474042795e-05       0.000000000000e+00       3.115586802377e-08       1.170588966298e-08       6.237246022627e-09 
 1109       2.696596343487e-03       1.603336065357e-04      -6.211345764302e-05       0.000000000000e+00       3.096586266607e-08       1.139777333869e-08       6.215882538748e-09 
 1110       2.686496212947e-03       1.598944520653e-04      -6.716286426593e-05       0.000000000000e+00       3.077706647388e-08       1.109318231995e-08       6.194217098104e-09 
 1111       2.676882111682e-03       1.594357434015e-04      -7.217087561178e-05       0.000000000000e+00       3.058946795715e-08       1.079211014488e-08       6.172263444444e-09 
 1112       2.667750129455e-03       1.589575804249e-04      -7.713559937442e-05       0.000000000000e+00       3.040305655860e-08       1.049454858949e-08       6.150033039555e-09 
 1113       2.659094729351e-03       1.584601722585e-04      -8.205595622892e-05       0.000000000000e+00       3.021782586858e-08       1.020048287415e-08       6.127527865889e-09 
 1114       2.650909923175e-03       1.579437570977e-04      -8.693106732658e-05       0.000000000000e+00       3.003377045181e-08       9.909896393155e-09       6.104747529837e-09 
 1115       2.643189665045e-03       1.574085753614e-04      -9.176004913560e-05       0.000000000000e+00       2.985088478428e-08       9.622772298498e-09       6.081691640908e-09 
 1116       2.635927851252e-03       1.568548696976e-04      -9.654201343197e-05       0.000000000000e+00       2.966916325308e-08       9.339093499209e-09       6.058359811743e-09 
 1117       2.629118320122e-03       1.562828849883e-04      -1.012760672903e-04       0.000000000000e+00       2.948860015611e-08       9.058842660713e-09       6.034751658123e-09 
 1118       2.622754851869e-03       1.556928683552e-04      -1.059613130745e-04       0.000000000000e+00       2.930918970185e-08       8.782002204188e-09       6.010866798980e-09 
 1119       2.616831168460e-03       1.550850691651e-04      -1.105968484291e-04       0.000000000000e+00       2.913092600914e-08       8.508554305921e-09       5.986704856411e-09 
 1120       2.611340933471e-03       1.544597390350e-04      -1.151817662694e-04       0.000000000000e+00       2.895380310688e-08       8.238480896666e-09       5.962265455681e-09 
 1121       2.606277751950e-03       1.538171318374e-04      -1.197151547729e-04       0.000000000000e+00       2.877781493387e-08       7.971763660996e-09       5.937548225244e-09 
 1122       2.601635170272e-03       1.531575037061e-04      -1.241960973699e-04       0.000000000000e+00       2.860295533849e-08       7.708384036664e-09       5.912552796742e-09 
 1123       2.597406675999e-03       1.524811130410e-04      -1.286236727343e-04       0.000000000000e+00       2.842921807852e-08       7.448323213959e-09       5.887278805027e-09 
 1124       2.593585697744e-03       1.517882205138e-04      -1.329969547746e-04       0.000000000000e+00       2.825659682084e-08       7.191562135058e-09       5.861725888161e-09 
 1125       2.590165605024e-03       1.510790890733e-04      -1.373150126246e-04       0.000000000000e+00       2.808508514124e-08       6.938081493389e-09       5.835893687436e-09 
 1126       2.587139708125e-03       1.503539839507e-04      -1.415769106342e-04       0.000000000000e+00       2.791467652414e-08       6.687861732982e-09       5.809781847376e-09 
 1127       2.584501257954e-03       1.496131726648e-04      -1.457817083605e-04       0.000000000000e+00       2.774536436237e-08       6.440883047829e-09       5.783390015756e-09 
 1128       2.582243445908e-03       1.488569250276e-04      -1.499284605583e-04       0.000000000000e+00       2.757714195693e-08       6.197125381238e-09       5.756717843605e-09 
 1129       2.580359403725e-03       1.480855131495e-04      -1.540162171713e-04       0.000000000000e+00       2.741000251671e-08       5.956568425191e-09       5.729764985222e-09 
 1130       2.578842203348e-03       1.472992114449e-04      -1.580440233227e-04       0.000000000000e+00       2.724393915830e-08       5.719191619702e-09       5.702531098182e-09 
 1131       2.577684856782e-03       1.464982966371e-04      -1.620109193060e-04       0.000000000000e+00       2.707894490572e-08       5.484974152168e-09       5.675015843352e-09 
 1132       2.576880315953e-03       1.456830477640e-04      -1.659159405761e-04       0.000000000000e+00       2.691501269017e-08       5.253894956731e-09       5.647218884896e-09 
 1133       2.576421472572e-03       1.448537461833e-04      -1.697581177399e-04       0.000000000000e+00       2.675213534981e-08       5.025932713632e-09       5.619139890290e-09 
 1134       2.576301157987e-03       1.440106755779e-04      -1.735364765472e-04       0.000000000000e+00       2.659030562950e-08       4.801065848569e-09       5.590778530330e-09 
 1135       2.576512143049e-03       1.431541219613e-04      -1.772500378818e-04       0.000000000000e+00       2.642951618058e-08       4.579272532051e-09       5.562134479143e-09 
 1136       2.577047137966e-03       1.422843736827e-04      -1.808978177518e-04       0.000000000000e+00       2.626975956058e-08       4.360530678756e-09       5.533207414199e-09 
 1137       2.577898792167e-03       1.414017214329e-04      -1.844788272809e-04       0.000000000000e+00       2.611102823304e-08       4.144817946888e-09       5.503997016319e-09 
 1138       2.579059694157e-03       1.405064582490e-04      -1.879920726992e-04       0.000000000000e+00       2.595331456723e-08       3.932111737531e-09       5.474502969688e-09 
 1139       2.580522371380e-03       1.395988795201e-04      -1.914365553338e-04       0.000000000000e+00       2.579661083791e-08       3.722389194011e-09       5.444724961865e-09 
 1140       2.582279290075e-03       1.386792829925e-04      -1.948112715998e-04       0.000000000000e+00       2.564090922509e-08       3.515627201243e-09       5.414662683791e-09 
 1141       2.584322855140e-03       1.377479687754e-04      -1.981152129913e-04       0.000000000000e+00       2.548620181381e-08       3.311802385099e-09       5.384315829805e-09 
 1142       2.586645409986e-03       1.368052393457e-04      -2.013473660719e-04       0.000000000000e+00       2.533248059385e-08       3.110891111755e-09       5.353684097648e-09 
 1143       2.589239236398e-03       1.358513995538e-04      -2.045067124658e-04       0.000000000000e+00       2.517973745954e-08       2.912869487052e-09       5.322767188480e-09 
 1144       2.592096554397e-03       1.348867566287e-04      -2.075922288484e-04       0.000000000000e+00       2.502796420949e-08       2.717713355852e-09       5.291564806884e-09 
 1145       2.595209522097e-03       1.339116201835e-04      -2.106028869375e-04       0.000000000000e+00       2.487715254634e-08       2.525398301392e-09       5.260076660884e-09 
 1146       2.598570235564e-03       1.329263022207e-04      -2.135376534838e-04       0.000000000000e+00       2.472729407654e-08       2.335899644646e-09       5.228302461949e-09 
 1147       2.602170728675e-03       1.319311171374e-04      -2.163954902621e-04       0.000000000000e+00       2.457838031009e-08       2.149192443675e-09       5.196241925006e-09 
 1148       2.606002972981e-03       1.309263817308e-04      -2.191753540617e-04       0.000000000000e+00       2.443040266033e-08       1.965251492987e-09       5.163894768453e-09 
 1149       2.610058877561e-03       1.299124152037e-04      -2.218761966775e-04       0.000000000000e+00       2.428335244363e-08       1.784051322894e-09       5.131260714164e-09 
 1150       2.614330288886e-03       1.288895391695e-04      -2.244969649009e-04       0.000000000000e+00       2.413722087922e-08       1.605566198866e-09       5.098339487506e-09 
 1151       2.618809337012e-03       1.278580725250e-04      -2.270367987247e-04       0.000000000000e+00       2.399199993489e-08       1.429773191531e-09       5.065131800517e-09 
 1152       2.623489479272e-03       1.268183159852e-04      -2.294956287313e-04       0.000000000000e+00       2.384768487634e-08       1.256661430644e-09       5.031642315104e-09 
 1153       2.628364469557e-03       1.257705673629e-04      -2.318735862718e-04       0.000000000000e+00       2.370427174974e-08       1.086222967339e-09       4.997876717491e-09 
 1154       2.633428013073e-03       1.247151266883e-04      -2.341708059481e-04       0.000000000000e+00       2.356175653852e-08       9.184497137767e-10       4.963840738561e-09 
 1155       2.638673766232e-03       1.236522962139e-04      -2.363874256219e-04       0.000000000000e+00       2.342013516314e-08       7.533334427838e-10       4.929540153954e-09 
 1156       2.644095336540e-03       1.225823804194e-04      -2.385235864234e-04       0.000000000000e+00       2.327940348104e-08       5.908657874832e-10       4.894980784168e-09 
 1157       2.649686282491e-03       1.215056860167e-04      -2.405794327603e-04       0.000000000000e+00       2.313955728636e-08       4.310382409297e-10       4.860168494655e-09 
 1158       2.655440113454e-03       1.204225219548e-04      -2.425551123263e-04       0.000000000000e+00       2.300059230986e-08       2.738421557446e-10       4.825109195925e-09 
 1159       2.661350289567e-03       1.193331994242e-04      -2.444507761100e-04       0.000000000000e+00       2.286250421869e-08       1.192687437494e-10       4.789808843644e-09 
 1160       2.667410221628e-03       1.182380318627e-04      -2.462665784037e-04       0.000000000000e+00       2.272528861628e-08      -3.269092439892e-11       4.754273438731e-09 
 1161       2.673613270980e-03       1.171373349593e-04      -2.480026768121e-04       0.000000000000e+00       2.258894104213e-08      -1.820459195745e-10       4.718509027462e-09 
 1162       2.679952749411e-03       1.160314266599e-04      -2.496592322614e-04       0.000000000000e+00       2.245345697166e-08      -3.288054545475e-10       4.682521701567e-09 
 1163       2.686421919034e-03       1.149206271715e-04      -2.512364090075e-04       0.000000000000e+00       2.231883181608e-08      -4.729788843503e-10       4.646317598328e-09 
 1164       2.693013992187e-03       1.138052589677e-04      -2.527343746452e-04       0.000000000000e+00       2.218506092214e-08      -6.145757066427e-10       4.609902900681e-09 
 1165       2.699722131317e-03       1.126856467931e-04      -2.541533001170e-04       0.000000000000e+00       2.205213957205e-08      -7.536055620778e-10       4.573283837317e-09 
 1166       2.706539448875e-03       1.115621176686e-04      -2.554933597216e-04       0.000000000000e+00       2.192006298328e-08      -8.900782346675e-10       4.536466682777e-09 
 1167       2.713459007206e-03       1.104350008957e-04      -2.567547311230e-04       0.000000000000e+00       2.178882630837e-08      -1.024003652149e-09       4.499457757555e-09 
 1168       2.720473818435e-03       1.093046280621e-04      -2.579375953591e-04       0.000000000000e+00       2.165842463481e-08      -1.155391886347e-09       4.462263428197e-09 
 1169       2.727576844366e-03       1.081713330461e-04      -2.590421368505e-04       0.000000000000e+00       2.152885298485e-08      -1.284253153547e-09       4.424890107398e-09 
 1170       2.734760996364e-03       1.070354520216e-04      -2.600685434091e-04       0.000000000000e+00       2.140010631532e-08      -1.410597814850e-09       4.387344254107e-09 
 1171       2.742019135253e-03       1.058973234630e-04      -2.610170062473e-04       0.000000000000e+00       2.127217951750e-08      -1.534436376549e-09       4.349632373621e-09 
 1172       2.749344071200e-03       1.047572881501e-04      -2.618877199866e-04       0.000000000000e+00       2.114506741693e-08      -1.655779490488e-09       4.311761017687e-09 
 1173       2.756728563613e-03       1.036156891731e-04      -2.626808826662e-04       0.000000000000e+00       2.101876477324e-08      -1.774637954427e-09       4.273736784601e-09 
 1174       2.764165321023e-03       1.024728719372e-04      -2.633966957519e-04       0.000000000000e+00       2.089326628000e-08      -1.891022712414e-09       4.235566319309e-09 
 1175       2.771647000984e-03       1.013291841675e-04      -2.640353641449e-04       0.000000000000e+00       2.076856656456e-08      -2.004944855144e-09       4.197256313505e-09 
 1176       2.779166209957e-03       1.001849759145e-04      -2.645970961907e-04       0.000000000000e+00       2.064466018786e-08      -2.116415620329e-09       4.158813505730e-09 
 1177       2.786715503201e-03       9.904059955800e-05      -2.650821036876e-04       0.000000000000e+00       2.052154164428e-08      -2.225446393059e-09       4.120244681474e-09 
 1178       2.794287384668e-03       9.789640981281e-05      -2.654906018958e-04       0.000000000000e+00       2.039920536146e-08      -2.332048706175e-09       4.081556673273e-09 
 1179       2.801874306890e-03       9.675276373320e-05      -2.658228095460e-04       0.000000000000e+00       2.027764570017e-08      -2.436234240627e-09       4.042756360810e-09 
 1180       2.809468670871e-03       9.561002071792e-05      -2.660789488480e-04       0.000000000000e+00       2.015685695410e-08      -2.538014825843e-09       4.003850671015e-09 
 1181       2.817062825976e-03       9.446854251510e-05      -2.662592454998e-04       0.000000000000e+00       2.003683334972e-08      -2.637402440095e-09       3.964846578161e-09 
 1182       2.824649069825e-03       9.332869322705e-05      -2.663639286965e-04       0.000000000000e+00       1.991756904610e-08      -2.734409210866e-09       3.925751103970e-09 
 1183       2.832219648181e-03       9.219083931525e-05      -2.663932311384e-04       0.000000000000e+00       1.979905813477e-08      -2.829047415211e-09       3.886571317705e-09 
 1184       2.839766754840e-03       9.105534960515e-05      -2.663473890407e-04       0.000000000000e+00       1.968129463953e-08      -2.921329480126e-09       3.847314336277e-09 
 1185       2.847282531525e-03       8.992259529110e-05      -2.662266421414e-04       0.000000000000e+00       1.956427251629e-08      -3.011267982914e-09       3.807987324339e-09 
 1186       2.854759067774e-03       8.879294994121e-05      -2.660312337108e-04       0.000000000000e+00       1.944798565289e-08      -3.098875651549e-09       3.768597494387e-09 
 1187       2.862188400831e-03       8.766678950225e-05      -2.657614105596e-04       0.000000000000e+00       1.933242786898e-08      -3.184165365044e-09       3.729152106860e-09 
 1188       2.869562515537e-03       8.654449230454e-05      -2.654174230486e-04       0.000000000000e+00       1.921759291581e-08      -3.267150153811e-09       3.689658470242e-09 
 1189       2.876873344221e-03       8.542643906682e-05      -2.649995250964e-04       0.000000000000e+00       1.910347447607e-08      -3.347843200036e-09       3.650123941156e-09 
 1190       2.884113531518e-03       8.431298302988e-05      -2.645080756175e-04       0.000000000000e+00       1.899006669607e-08      -3.426257926115e-09       3.610555242011e-09 
 1191       2.891278739334e-03       8.320435994617e-05      -2.639438441799e-04       0.000000000000e+00       1.887736578976e-08      -3.502408260450e-09       3.570956404547e-09 
 1192       2.898365369971e-03       8.210077699433e-05      -2.633077091189e-04       0.000000000000e+00       1.876536845404e-08      -3.576308375650e-09       3.531330801227e-09 
 1193       2.905369803732e-03       8.100244255253e-05      -2.626005564665e-04       0.000000000000e+00       1.865407133816e-08      -3.647972601117e-09       3.491681825447e-09 
 1194       2.912288398865e-03       7.990956620085e-05      -2.618232799690e-04       0.000000000000e+00       1.854347104356e-08      -3.717415423421e-09       3.452012891575e-09 
 1195       2.919117491527e-03       7.882235872360e-05      -2.609767811038e-04       0.000000000000e+00       1.843356412375e-08      -3.784651486671e-09       3.412327434995e-09 
 1196       2.925853395738e-03       7.774103211167e-05      -2.600619690973e-04       0.000000000000e+00       1.832434708423e-08      -3.849695592894e-09       3.372628912148e-09 
 1197       2.932492403332e-03       7.666579956494e-05      -2.590797609422e-04       0.000000000000e+00       1.821581638232e-08      -3.912562702399e-09       3.332920800574e-09 
 1198       2.939030783916e-03       7.559687549456e-05      -2.580310814146e-04       0.000000000000e+00       1.810796842704e-08      -3.973267934158e-09       3.293206598952e-09 
 1199       2.945464784827e-03       7.453447552538e-05      -2.569168630915e-04       0.000000000000e+00       1.800079957903e-08      -4.031826566174e-09       3.253489827146e-09 
 1200       2.951790631084e-03       7.347881649824e-05      -2.557380463684e-04       0.000000000000e+00       1.789430615041e-08      -4.088254035859e-09       3.213774026241e-09 
 1201       2.958004525343e-03       7.243011647238e-05      -2.544955794762e-04       0.000000000000e+00       1.778848440464e-08      -4.142565940401e-09       3.174062758590e-09 
 1202       2.964102647857e-03       7.138859472775e-05      -2.531904184990e-04       0.000000000000e+00       1.768333055643e-08      -4.194778037142e-09       3.134359607854e-09 
 1203       2.970081156428e-03       7.035447176739e-05      -2.518235273912e-04       0.000000000000e+00       1.757884077159e-08      -4.244906243950e-09       3.094668179041e-09 
 1204       2.975936186360e-03       6.932796931979e-05      -2.503958779952e-04       0.000000000000e+00       1.747501116695e-08      -4.292966639590e-09       3.054992098551e-09 
 1205       2.981663850422e-03       6.830931034122e-05      -2.489084500582e-04       0.000000000000e+00       1.737183781018e-08      -4.338975464099e-09       3.015335014219e-09 
 1206       2.987260238796e-03       6.729871901813e-05      -2.473622312503e-04       0.000000000000e+00       1.726931671972e-08      -4.382949119159e-09       2.975700595352e-09 
 1207       2.992721419036e-03       6.629642076943e-05      -2.457582171810e-04       0.000000000000e+00       1.716744386465e-08      -4.424904168470e-09       2.936092532775e-09 
 1208       2.998043436022e-03       6.530264224895e-05      -2.440974114175e-04       0.000000000000e+00       1.706621516456e-08      -4.464857338123e-09       2.896514538871e-09 
 1209       3.003222311919e-03       6.431761134770e-05      -2.423808255014e-04       0.000000000000e+00       1.696562648941e-08      -4.502825516973e-09       2.856970347621e-09 
 1210       3.008254046125e-03       6.334155719626e-05      -2.406094789663e-04       0.000000000000e+00       1.686567365946e-08      -4.538825757011e-09       2.817463714651e-09 
 1211       3.013134615234e-03       6.237471016716e-05      -2.387843993551e-04       0.000000000000e+00       1.676635244509e-08      -4.572875273739e-09       2.777998417269e-09 
 1212       3.017859972990e-03       6.141730187720e-05      -2.369066222376e-04       0.000000000000e+00       1.666765856675e-08      -4.604991446543e-09       2.738578254507e-09 
 1213       3.022426050237e-03       6.046956518983e-05      -2.349771912275e-04       0.000000000000e+00       1.656958769475e-08      -4.635191819065e-09       2.699207047166e-09 
 1214       3.026828754881e-03       5.953173421748e-05      -2.329971580000e-04       0.000000000000e+00       1.647213544922e-08      -4.663494099576e-09       2.659888637855e-09 
 1215       3.031063971841e-03       5.860404432394e-05      -2.309675823094e-04       0.000000000000e+00       1.637529739996e-08      -4.689916161349e-09       2.620626891033e-09 
 1216       3.035127563009e-03       5.768673212671e-05      -2.288895320057e-04       0.000000000000e+00       1.627906906630e-08      -4.714476043035e-09       2.581425693053e-09 
 1217       3.039015367199e-03       5.678003549933e-05      -2.267640830528e-04       0.000000000000e+00       1.618344591700e-08      -4.737191949031e-09       2.542288952201e-09 
 1218       3.042723200109e-03       5.588419357378e-05      -2.245923195456e-04       0.000000000000e+00       1.608842337013e-08      -4.758082249858e-09       2.503220598738e-09 
 1219       3.046246854273e-03       5.499944674280e-05      -2.223753337271e-04       0.000000000000e+00       1.599399679295e-08      -4.777165482531e-09       2.464224584944e-09 
 1220       3.049582099014e-03       5.412603666226e-05      -2.201142260061e-04       0.000000000000e+00       1.590016150177e-08      -4.794460350933e-09       2.425304885159e-09 
 1221       3.052724680406e-03       5.326420625350e-05      -2.178101049743e-04       0.000000000000e+00       1.580691276185e-08      -4.809985726190e-09       2.386465495822e-09 
 1222       3.055670321224e-03       5.241419970572e-05      -2.154640874240e-04       0.000000000000e+00       1.571424578729e-08      -4.823760647038e-09       2.347710435517e-09 
 1223       3.058414720903e-03       5.157626247829e-05      -2.130772983651e-04       0.000000000000e+00       1.562215574087e-08      -4.835804320206e-09       2.309043745011e-09 
 1224       3.060953555488e-03       5.075064130315e-05      -2.106508710429e-04       0.000000000000e+00       1.553063773396e-08      -4.846136120779e-09       2.270469487299e-09 
 1225       3.063282477596e-03       4.993758418713e-05      -2.081859469549e-04       0.000000000000e+00       1.543968682638e-08      -4.854775592578e-09       2.231991747643e-09 
 1226       3.065397116369e-03       4.913734041431e-05      -2.056836758687e-04       0.000000000000e+00       1.534929802632e-08      -4.861742448530e-09       2.193614633617e-09 
 1227       3.067293077426e-03       4.835016054840e-05      -2.031452158391e-04       0.000000000000e+00       1.525946629016e-08      -4.867056571041e-09       2.155342275144e-09 
 1228       3.068965942824e-03       4.757629643509e-05      -2.005717332255e-04       0.000000000000e+00       1.517018652240e-08      -4.870738012371e-09       2.117178824542e-09 
 1229       3.070412017959e-03       4.681596456024e-05      -1.979643806514e-04       0.000000000000e+00       1.508145403500e-08      -4.872807299280e-09       2.079128214103e-09 
 1230       3.071630582094e-03       4.606923564284e-05      -1.953242305598e-04       0.000000000000e+00       1.499326593176e-08      -4.873286350182e-09       2.041193425591e-09 
 1231       3.072621664512e-03       4.533614373357e-05      -1.926523409021e-04       0.000000000000e+00       1.490561974018e-08      -4.872197569643e-09       2.003377212136e-09 
 1232       3.073385300008e-03       4.461672273924e-05      -1.899497771399e-04       0.000000000000e+00       1.481851295337e-08      -4.869563545492e-09       1.965682339935e-09 
 1233       3.073921528906e-03       4.391100642227e-05      -1.872176122604e-04       0.000000000000e+00       1.473194302997e-08      -4.865407049217e-09       1.928111588268e-09 
 1234       3.074230397073e-03       4.321902840007e-05      -1.844569267922e-04       0.000000000000e+00       1.464590739407e-08      -4.859751036363e-09       1.890667749527e-09 
 1235       3.074311955930e-03       4.254082214458e-05      -1.816688088210e-04       0.000000000000e+00       1.456040343513e-08      -4.852618646932e-09       1.853353629236e-09 
 1236       3.074166262474e-03       4.187642098164e-05      -1.788543540051e-04       0.000000000000e+00       1.447542850787e-08      -4.844033205776e-09       1.816172046069e-09 
 1237       3.073793379287e-03       4.122585809045e-05      -1.760146655909e-04       0.000000000000e+00       1.439097993221e-08      -4.834018222996e-09       1.779125831882e-09 
 1238       3.073193374550e-03       4.058916650306e-05      -1.731508544289e-04       0.000000000000e+00       1.430705499318e-08      -4.822597394339e-09       1.742217831726e-09 
 1239       3.072366322065e-03       3.996637910377e-05      -1.702640389888e-04       0.000000000000e+00       1.422365094085e-08      -4.809794601598e-09       1.705450903875e-09 
 1240       3.071312301261e-03       3.935752862858e-05      -1.673553453755e-04       0.000000000000e+00       1.414076499020e-08      -4.795633913004e-09       1.668827919849e-09 
 1241       3.070031397214e-03       3.876264766468e-05      -1.644259073447e-04       0.000000000000e+00       1.405839432110e-08      -4.780139583629e-09       1.632351764432e-09 
 1242       3.068523700661e-03       3.818176864984e-05      -1.614768663183e-04       0.000000000000e+00       1.397653607816e-08      -4.763336055777e-09       1.596025335699e-09 
 1243       3.066789308011e-03       3.761492387189e-05      -1.585093714002e-04       0.000000000000e+00       1.389518737071e-08      -4.745247959386e-09       1.559851545036e-09 
 1244       3.064828321367e-03       3.706214546815e-05      -1.555245793919e-04       0.000000000000e+00       1.381434527266e-08      -4.725900112427e-09       1.523833317163e-09 
 1245       3.062640848533e-03       3.652346542490e-05      -1.525236548080e-04       0.000000000000e+00       1.373400682245e-08      -4.705317521293e-09       1.487973590158e-09 
 1246       3.060227003035e-03       3.599891557680e-05      -1.495077698919e-04       0.000000000000e+00       1.365416902297e-08      -4.683525381204e-09       1.452275315477e-09 
 1247       3.057586904130e-03       3.548852760636e-05      -1.464781046315e-04       0.000000000000e+00       1.357482884144e-08      -4.660549076602e-09       1.416741457979e-09 
 1248       3.054720676827e-03       3.499233304335e-05      -1.434358467746e-04       0.000000000000e+00       1.349598320935e-08      -4.636414181548e-09       1.381374995947e-09 
 1249       3.051628451894e-03       3.451036326429e-05      -1.403821918448e-04       0.000000000000e+00       1.341762902239e-08      -4.611146460117e-09       1.346178921110e-09 
 1250       3.048310365883e-03       3.404264949188e-05      -1.373183431569e-04       0.000000000000e+00       1.333976314034e-08      -4.584771866799e-09       1.311156238667e-09 
 1251       3.044766561133e-03       3.358922279443e-05      -1.342455118325e-04       0.000000000000e+00       1.326238238698e-08      -4.557316546895e-09       1.276309967310e-09 
 1252       3.040997185794e-03       3.315011408532e-05      -1.311649168158e-04       0.000000000000e+00       1.318548355006e-08      -4.528806836914e-09       1.241643139244e-09 
 1253       3.037002393837e-03       3.272535412246e-05      -1.280777848892e-04       0.000000000000e+00       1.310906338113e-08      -4.499269264968e-09       1.207158800212e-09 
 1254       3.032782345071e-03       3.231497350771e-05      -1.249853506886e-04       0.000000000000e+00       1.303311859555e-08      -4.468730551173e-09       1.172860009515e-09 
 1255       3.028337205156e-03       3.191900268635e-05      -1.218888567196e-04       0.000000000000e+00       1.295764587232e-08      -4.437217608046e-09       1.138749840037e-09 
 1256       3.023667145619e-03       3.153747194651e-05      -1.187895533724e-04       0.000000000000e+00       1.288264185405e-08      -4.404757540898e-09       1.104831378268e-09 
 1257       3.018772343866e-03       3.117041141861e-05      -1.156886989381e-04       0.000000000000e+00       1.280810314687e-08      -4.371377648237e-09       1.071107724321e-09 
 1258       3.013652983203e-03       3.081785107485e-05      -1.125875596238e-04       0.000000000000e+00       1.273402632032e-08      -4.337105422160e-09       1.037581991964e-09 
 1259       3.008309252843e-03       3.047982072859e-05      -1.094874095686e-04       0.000000000000e+00       1.266040790729e-08      -4.301968548753e-09       1.004257308632e-09 
 1260       3.002741347925e-03       3.015635003386e-05      -1.063895308590e-04       0.000000000000e+00       1.258724440393e-08      -4.265994908490e-09       9.711368154571e-10 
 1261       2.996949469531e-03       2.984746848476e-05      -1.032952135443e-04       0.000000000000e+00       1.251453226957e-08      -4.229212576626e-09       9.382236672891e-10 
 1262       2.990933824694e-03       2.955320541493e-05      -1.002057556530e-04       0.000000000000e+00       1.244226792660e-08      -4.191649823598e-09       9.055210327161e-10 
 1263       2.984694626419e-03       2.927358999700e-05      -9.712246320745e-05       0.000000000000e+00       1.237044776046e-08      -4.153335115419e-09       8.730320940889e-10 
 1264       2.978232093694e-03       2.900865124202e-05      -9.404665024013e-05       0.000000000000e+00       1.229906811947e-08      -4.114297114078e-09       8.407600475429e-10 
 1265       2.971546451506e-03       2.875841799890e-05      -9.097963880900e-05       0.000000000000e+00       1.222812531482e-08      -4.074564677936e-09       8.087081030208e-10 
 1266       2.964637930857e-03       2.852291895390e-05      -8.792275901321e-05       0.000000000000e+00       1.215761562043e-08      -4.034166862123e-09       7.768794842949e-10 
 1267       2.957506768776e-03       2.830218263002e-05      -8.487734900865e-05       0.000000000000e+00       1.208753527291e-08      -3.993132918936e-09       7.452774289898e-10 
 1268       2.950153612991e-03       2.809621215701e-05      -8.184464592074e-05       0.000000000000e+00       1.201788079227e-08      -3.951488069948e-09       7.139045810381e-10 
 1269       2.942580741018e-03       2.790490926405e-05      -7.882545717475e-05       0.000000000000e+00       1.194864994841e-08      -3.909240768183e-09       6.827611603353e-10 
 1270       2.934790855154e-03       2.772814940963e-05      -7.582048540713e-05       0.000000000000e+00       1.187984080565e-08      -3.866395289869e-09       6.518467720267e-10 
 1271       2.926786679146e-03       2.756580692907e-05      -7.283043723213e-05       0.000000000000e+00       1.181145140279e-08      -3.822955949490e-09       6.211610121372e-10 
 1272       2.918570958231e-03       2.741775503216e-05      -6.985602324924e-05       0.000000000000e+00       1.174347975310e-08      -3.778927099861e-09       5.907034675485e-10 
 1273       2.910146459187e-03       2.728386580065e-05      -6.689795805070e-05       0.000000000000e+00       1.167592384423e-08      -3.734313132216e-09       5.604737159759e-10 
 1274       2.901515970372e-03       2.716401018586e-05      -6.395696022894e-05       0.000000000000e+00       1.160878163816e-08      -3.689118476287e-09       5.304713259462e-10 
 1275       2.892682301771e-03       2.705805800621e-05      -6.103375238414e-05       0.000000000000e+00       1.154205107117e-08      -3.643347600386e-09       5.006958567743e-10 
 1276       2.883648285045e-03       2.696587794483e-05      -5.812906113163e-05       0.000000000000e+00       1.147573005370e-08      -3.597005011488e-09       4.711468585409e-10 
 1277       2.874416773567e-03       2.688733754709e-05      -5.524361710941e-05       0.000000000000e+00       1.140981647038e-08      -3.550095255313e-09       4.418238720694e-10 
 1278       2.864990642477e-03       2.682230321816e-05      -5.237815498565e-05       0.000000000000e+00       1.134430817991e-08      -3.502622916405e-09       4.127264289030e-10 
 1279       2.855372788718e-03       2.677064022061e-05      -4.953341346610e-05       0.000000000000e+00       1.127920301503e-08      -3.454592618219e-09       3.838540512823e-10 
 1280       2.845566131088e-03       2.673221267195e-05      -4.671013530168e-05       0.000000000000e+00       1.121449878244e-08      -3.406009023198e-09       3.552062521222e-10 
 1281       2.835573610280e-03       2.670688354218e-05      -4.390906729584e-05       0.000000000000e+00       1.115019326275e-08      -3.356876832859e-09       3.267825349894e-10 
 1282       2.825398188929e-03       2.669451465141e-05      -4.113096031215e-05       0.000000000000e+00       1.108628421043e-08      -3.307200787871e-09       2.985823940793e-10 
 1283       2.815042851657e-03       2.669496666735e-05      -3.837656928171e-05       0.000000000000e+00       1.102276935372e-08      -3.256985668139e-09       2.706053141932e-10 
 1284       2.804510605117e-03       2.670809910294e-05      -3.564665321066e-05       0.000000000000e+00       1.095964639461e-08      -3.206236292888e-09       2.428507707158e-10 
 1285       2.793804478040e-03       2.673377031389e-05      -3.294197518765e-05       0.000000000000e+00       1.089691300875e-08      -3.154957520741e-09       2.153182295924e-10 
 1286       2.782927521277e-03       2.677183749623e-05      -3.026330239135e-05       0.000000000000e+00       1.083456684538e-08      -3.103154249802e-09       1.880071473056e-10 
 1287       2.771882807844e-03       2.682215668390e-05      -2.761140609787e-05       0.000000000000e+00       1.077260552731e-08      -3.050831417741e-09       1.609169708533e-10 
 1288       2.760673432971e-03       2.688458274629e-05      -2.498706168833e-05       0.000000000000e+00       1.071102665083e-08      -2.997994001870e-09       1.340471377251e-10 
 1289       2.749302514142e-03       2.695896938584e-05      -2.239104865624e-05       0.000000000000e+00       1.064982778566e-08      -2.944647019232e-09       1.073970758801e-10 
 1290       2.737773191142e-03       2.704516913557e-05      -1.982415061508e-05       0.000000000000e+00       1.058900647488e-08      -2.890795526677e-09       8.096620372392e-11 
 1291       2.726088626103e-03       2.714303335666e-05      -1.728715530571e-05       0.000000000000e+00       1.052856023489e-08      -2.836444620948e-09       5.475393008586e-11 
 1292       2.714252003548e-03       2.725241223601e-05      -1.478085460388e-05       0.000000000000e+00       1.046848655532e-08      -2.781599438760e-09       2.875965419614e-11 
 1293       2.702266530434e-03       2.737315478383e-05      -1.230604452771e-05       0.000000000000e+00       1.040878289899e-08      -2.726265156882e-09       2.982765663112e-12 
 1294       2.690135436199e-03       2.750510883115e-05      -9.863525245157e-06       0.000000000000e+00       1.034944670186e-08      -2.670446992223e-09      -2.257735554951e-11 
 1295       2.677861972808e-03       2.764812102745e-05      -7.454101081535e-06       0.000000000000e+00       1.029047537294e-08      -2.614150201909e-09      -4.792133914544e-11 
 1296       2.665449414794e-03       2.780203683818e-05      -5.078580526948e-06       0.000000000000e+00       1.023186629425e-08      -2.557380083367e-09      -7.304982451866e-11 
 1297       2.652901059307e-03       2.796670054233e-05      -2.737776243802e-06       0.000000000000e+00       1.017361682077e-08      -2.500141974407e-09      -9.796346077613e-11 
 1298       2.640220226156e-03       2.814195523002e-05      -4.325050742765e-07       0.000000000000e+00       1.011572428034e-08      -2.442441253304e-09      -1.226629067607e-10 
 1299       2.627410257858e-03       2.832764280004e-05       1.836411952193e-06       0.000000000000e+00       1.005818597364e-08      -2.384283338879e-09      -1.471488310737e-10 
 1300       2.614474519675e-03       2.852360395742e-05       4.068149611433e-06       0.000000000000e+00       1.000099917412e-08      -2.325673690583e-09      -1.714219120979e-10 
 1301       2.601416399668e-03       2.872967821101e-05       6.261878477049e-06       0.000000000000e+00       9.944161127920e-09      -2.266617808575e-09      -1.954828380203e-10 
 1302       2.588239308737e-03       2.894570387103e-05       8.416764912950e-06       0.000000000000e+00       9.887669053835e-09      -2.207121233809e-09      -2.193323068549e-10 
 1303       2.574946680665e-03       2.917151804663e-05       1.053197106586e-05       0.000000000000e+00       9.831520143240e-09      -2.147189548112e-09      -2.429710264653e-10 
 1304       2.561541972166e-03       2.940695664347e-05       1.260665485784e-05       0.000000000000e+00       9.775711560034e-09      -2.086828374268e-09      -2.663997145878e-10 
 1305       2.548028662928e-03       2.965185436127e-05       1.463996997880e-05       0.000000000000e+00       9.720240440583e-09      -2.026043376097e-09      -2.896190988540e-10 
 1306       2.534410255659e-03       2.990604469140e-05       1.663106587904e-05       0.000000000000e+00       9.665103893652e-09      -1.964840258543e-09      -3.126299168136e-10 
 1307       2.520690249440e-03       3.016935566051e-05       1.857921523525e-05       0.000000000000e+00       9.610299239685e-09      -1.903225807933e-09      -3.354326706459e-10 
 1308       2.506872059368e-03       3.044159701440e-05       2.048419792416e-05       0.000000000000e+00       9.555824731670e-09      -1.841211025348e-09      -3.580268882454e-10 
 1309       2.492959096106e-03       3.072257288592e-05       2.234592132931e-05       0.000000000000e+00       9.501678842217e-09      -1.778808028471e-09      -3.804118539159e-10 
 1310       2.478954792530e-03       3.101208603320e-05       2.416429325876e-05       0.000000000000e+00       9.447860024907e-09      -1.716029014734e-09      -4.025868529369e-10 
 1311       2.464862603779e-03       3.130993783688e-05       2.593922194650e-05       0.000000000000e+00       9.394366714260e-09      -1.652886261478e-09      -4.245511715698e-10 
 1312       2.450686007291e-03       3.161592829737e-05       2.767061605394e-05       0.000000000000e+00       9.341197325678e-09      -1.589392126101e-09      -4.463040970629e-10 
 1313       2.436428502850e-03       3.192985603214e-05       2.935838467137e-05       0.000000000000e+00       9.288350255415e-09      -1.525559046221e-09      -4.678449176575e-10 
 1314       2.422093612629e-03       3.225151827297e-05       3.100243731943e-05       0.000000000000e+00       9.235823880522e-09      -1.461399539825e-09      -4.891729225931e-10 
 1315       2.407684881232e-03       3.258071086323e-05       3.260268395057e-05       0.000000000000e+00       9.183616558811e-09      -1.396926205424e-09      -5.102874021132e-10 
 1316       2.393205875738e-03       3.291722825512e-05       3.415903495052e-05       0.000000000000e+00       9.131726628810e-09      -1.332151722214e-09      -5.311876474707e-10 
 1317       2.378660185741e-03       3.326086350697e-05       3.567140113975e-05       0.000000000000e+00       9.080152409717e-09      -1.267088850222e-09      -5.518729509334e-10 
 1318       2.364051423398e-03       3.361140828048e-05       3.713969377496e-05       0.000000000000e+00       9.028892201358e-09      -1.201750430468e-09      -5.723426057901e-10 
 1319       2.349383223468e-03       3.396865283800e-05       3.856382455051e-05       0.000000000000e+00       8.977944284147e-09      -1.136149385119e-09      -5.925959063553e-10 
 1320       2.334659243358e-03       3.433238603980e-05       3.994370559992e-05       0.000000000000e+00       8.927306919036e-09      -1.070298717640e-09      -6.126321479756e-10 
 1321       2.319883163162e-03       3.470239534132e-05       4.127924949731e-05       0.000000000000e+00       8.876978347478e-09      -1.004211512952e-09      -6.324506270347e-10 
 1322       2.305058685708e-03       3.507846679045e-05       4.257036925889e-05       0.000000000000e+00       8.826956791378e-09      -9.379009375867e-10      -6.520506409595e-10 
 1323       2.290189536600e-03       3.546038502478e-05       4.381697834441e-05       0.000000000000e+00       8.777240453056e-09      -8.713802398411e-10      -6.714314882250e-10 
 1324       2.275279464259e-03       3.584793326890e-05       4.501899065862e-05       0.000000000000e+00       8.727827515195e-09      -8.046627499323e-10      -6.905924683605e-10 
 1325       2.260332239969e-03       3.624089333164e-05       4.617632055277e-05       0.000000000000e+00       8.678716140808e-09      -7.377618801527e-10      -7.095328819546e-10 
 1326       2.245351657919e-03       3.663904560331e-05       4.728888282604e-05       0.000000000000e+00       8.629904473184e-09      -6.706911250246e-10      -7.282520306615e-10 
 1327       2.230341535243e-03       3.704216905305e-05       4.835659272702e-05       0.000000000000e+00       8.581390635852e-09      -6.034640614555e-10      -7.467492172058e-10 
 1328       2.215305712069e-03       3.745004122600e-05       4.937936595518e-05       0.000000000000e+00       8.533172732537e-09      -5.360943488928e-10      -7.650237453886e-10 
 1329       2.200248051557e-03       3.786243824063e-05       5.035711866233e-05       0.000000000000e+00       8.485248847110e-09      -4.685957294788e-10      -7.830749200928e-10 
 1330       2.185172439943e-03       3.827913478597e-05       5.128976745410e-05       0.000000000000e+00       8.437617043554e-09      -4.009820282058e-10      -8.009020472887e-10 
 1331       2.170082786585e-03       3.869990411893e-05       5.217722939139e-05       0.000000000000e+00       8.390275365913e-09      -3.332671530707e-10      -8.185044340397e-10 
 1332       2.154983024001e-03       3.912451806148e-05       5.301942199183e-05       0.000000000000e+00       8.343221838254e-09      -2.654650952301e-10      -8.358813885080e-10 
 1333       2.139877107918e-03       3.955274699801e-05       5.381626323127e-05       0.000000000000e+00       8.296454464618e-09      -1.975899291556e-10      -8.530322199595e-10 
 1334       2.124769017309e-03       3.998435987252e-05       5.456767154524e-05       0.000000000000e+00       8.249971228983e-09      -1.296558127880e-10      -8.699562387703e-10 
 1335       2.109662754440e-03       4.041912418593e-05       5.527356583041e-05       0.000000000000e+00       8.203770095214e-09      -6.167698769276e-11      -8.866527564316e-10 
 1336       2.094562344913e-03       4.085680599334e-05       5.593386544605e-05       0.000000000000e+00       8.157849007026e-09       6.332220785091e-12      -9.031210855554e-10 
 1337       2.079471837706e-03       4.129716990129e-05       5.654849021552e-05       0.000000000000e+00       8.112205887936e-09       7.435740336620e-11      -9.193605398804e-10 
 1338       2.064395305219e-03       4.173997906501e-05       5.711736042769e-05       0.000000000000e+00       8.066838641220e-09       1.423840666819e-10      -9.353704342771e-10 
 1339       2.049336843317e-03       4.218499518572e-05       5.764039683847e-05       0.000000000000e+00       8.021745149872e-09       2.103976331191e-10      -9.511500847536e-10 
 1340       2.034300571370e-03       4.263197850788e-05       5.811752067224e-05       0.000000000000e+00       7.976923276558e-09       2.783834406656e-10      -9.666988084614e-10 
 1341       2.019290632299e-03       4.308068781646e-05       5.854865362330e-05       0.000000000000e+00       7.932370863575e-09       3.463267427551e-10      -9.820159237004e-10 
 1342       2.004311192619e-03       4.353088043418e-05       5.893371785737e-05       0.000000000000e+00       7.888085732807e-09       4.142127081121e-10      -9.971007499250e-10 
 1343       1.989366442479e-03       4.398231221883e-05       5.927263601304e-05       0.000000000000e+00       7.844065685678e-09       4.820264205972e-10      -1.011952607750e-09 
 1344       1.974460595710e-03       4.443473756049e-05       5.956533120324e-05       0.000000000000e+00       7.800308503113e-09       5.497528790518e-10      -1.026570818954e-09 
 1345       1.959597889862e-03       4.488790937880e-05       5.981172701671e-05       0.000000000000e+00       7.756811945495e-09       6.173769971436e-10      -1.040954706488e-09 
 1346       1.944782254599e-03       4.534159383844e-05       6.001183103437e-05       0.000000000000e+00       7.713573935527e-09       6.848851061497e-10      -1.055103805153e-09 
 1347       1.930016312832e-03       4.579561467588e-05       6.016598636824e-05       0.000000000000e+00       7.670593109096e-09       7.522694814818e-10      -1.069018496131e-09 
 1348       1.915302368819e-03       4.624980934869e-05       6.027462285800e-05       0.000000000000e+00       7.627868270310e-09       8.195238650260e-10      -1.082699379355e-09 
 1349       1.900642738854e-03       4.670401435934e-05       6.033817381098e-05       0.000000000000e+00       7.585398209100e-09       8.866419666110e-10      -1.096147063486e-09 
 1350       1.886039751288e-03       4.715806525338e-05       6.035707600917e-05       0.000000000000e+00       7.543181701185e-09       9.536174639518e-10      -1.109362165931e-09 
 1351       1.871495746550e-03       4.761179661773e-05       6.033176971619e-05       0.000000000000e+00       7.501217508047e-09       1.020444002595e-09      -1.122345312860e-09 
 1352       1.857013077172e-03       4.806504207890e-05       6.026269868429e-05       0.000000000000e+00       7.459504376894e-09       1.087115195863e-09      -1.135097139228e-09 
 1353       1.842594107802e-03       4.851763430122e-05       6.015031016137e-05       0.000000000000e+00       7.418041040630e-09       1.153624624798e-09      -1.147618288794e-09 
 1354       1.828241215232e-03       4.896940498510e-05       5.999505489793e-05       0.000000000000e+00       7.376826217828e-09       1.219965838109e-09      -1.159909414138e-09 
 1355       1.813956788419e-03       4.942018486526e-05       5.979738715410e-05       0.000000000000e+00       7.335858612692e-09       1.286132352112e-09      -1.171971176688e-09 
 1356       1.799743228499e-03       4.986980370898e-05       5.955776470662e-05       0.000000000000e+00       7.295136915031e-09       1.352117650678e-09      -1.183804246728e-09 
 1357       1.785602948818e-03       5.031809031431e-05       5.927664885583e-05       0.000000000000e+00       7.254659800224e-09       1.417915185176e-09      -1.195409303427e-09 
 1358       1.771538374945e-03       5.076487250838e-05       5.895450443267e-05       0.000000000000e+00       7.214425929192e-09       1.483518374421e-09      -1.206787034857e-09 
 1359       1.757551944697e-03       5.120997714553e-05       5.859179980568e-05       0.000000000000e+00       7.174433948363e-09       1.548920604610e-09      -1.217938138008e-09 
 1360       1.743646108159e-03       5.165323010568e-05       5.818900688798e-05       0.000000000000e+00       7.134682489644e-09       1.614115229278e-09      -1.228863318810e-09 
 1361       1.729823327707e-03       5.209445629246e-05       5.774660114427e-05       0.000000000000e+00       7.095170170389e-09       1.679095569233e-09      -1.239563292156e-09 
 1362       1.716086078024e-03       5.253347963151e-05       5.726506159784e-05       0.000000000000e+00       7.055895593366e-09       1.743854912506e-09      -1.250038781915e-09 
 1363       1.702436846128e-03       5.297012306871e-05       5.674487083752e-05       0.000000000000e+00       7.016857346726e-09       1.808386514291e-09      -1.260290520957e-09 
 1364       1.688878131387e-03       5.340420856843e-05       5.618651502472e-05       0.000000000000e+00       6.978054003975e-09       1.872683596896e-09      -1.270319251170e-09 
 1365       1.675412445545e-03       5.383555711172e-05       5.559048390041e-05       0.000000000000e+00       6.939484123938e-09       1.936739349682e-09      -1.280125723480e-09 
 1366       1.662042312739e-03       5.426398869461e-05       5.495727079211e-05       0.000000000000e+00       6.901146250730e-09       2.000546929009e-09      -1.289710697869e-09 
 1367       1.648770269522e-03       5.468932232635e-05       5.428737262088e-05       0.000000000000e+00       6.863038913724e-09       2.064099458182e-09      -1.299074943398e-09 
 1368       1.635598864884e-03       5.511137602758e-05       5.358128990831e-05       0.000000000000e+00       6.825160627523e-09       2.127390027392e-09      -1.308219238223e-09 
 1369       1.622530660274e-03       5.552996682867e-05       5.283952678354e-05       0.000000000000e+00       6.787509891923e-09       2.190411693666e-09      -1.317144369617e-09 
 1370       1.609568229618e-03       5.594491076787e-05       5.206259099022e-05       0.000000000000e+00       6.750085191886e-09       2.253157480808e-09      -1.325851133988e-09 
 1371       1.596714159343e-03       5.635602288961e-05       5.125099389354e-05       0.000000000000e+00       6.712884997506e-09       2.315620379342e-09      -1.334340336899e-09 
 1372       1.583971048399e-03       5.676311724272e-05       5.040525048718e-05       0.000000000000e+00       6.675907763979e-09       2.377793346460e-09      -1.342612793087e-09 
 1373       1.571341508275e-03       5.716600687867e-05       4.952587940035e-05       0.000000000000e+00       6.639151931574e-09       2.439669305965e-09      -1.350669326484e-09 
 1374       1.558828163026e-03       5.756450384981e-05       4.861340290475e-05       0.000000000000e+00       6.602615925597e-09       2.501241148217e-09      -1.358510770235e-09 
 1375       1.546433649291e-03       5.795841920760e-05       4.766834692158e-05       0.000000000000e+00       6.566298156362e-09       2.562501730073e-09      -1.366137966719e-09 
 1376       1.534160616313e-03       5.834756300090e-05       4.669124102853e-05       0.000000000000e+00       6.530197019161e-09       2.623443874837e-09      -1.373551767566e-09 
 1377       1.522011725962e-03       5.873174427413e-05       4.568261846677e-05       0.000000000000e+00       6.494310894230e-09       2.684060372202e-09      -1.380753033679e-09 
 1378       1.509989652758e-03       5.911077106558e-05       4.464301614796e-05       0.000000000000e+00       6.458638146720e-09       2.744343978195e-09      -1.387742635252e-09 
 1379       1.498097083887e-03       5.948445040561e-05       4.357297466121e-05       0.000000000000e+00       6.423177126664e-09       2.804287415120e-09      -1.394521451792e-09 
 1380       1.486336719226e-03       5.985258831493e-05       4.247303828013e-05       0.000000000000e+00       6.387926168948e-09       2.863883371505e-09      -1.401090372133e-09 
 1381       1.474711271362e-03       6.021498980278e-05       4.134375496976e-05       0.000000000000e+00       6.352883593276e-09       2.923124502047e-09      -1.407450294464e-09 
 1382       1.463223465616e-03       6.057145886522e-05       4.018567639359e-05       0.000000000000e+00       6.318047704141e-09       2.982003427551e-09      -1.413602126339e-09 
 1383       1.451876040059e-03       6.092179848338e-05       3.899935792060e-05       0.000000000000e+00       6.283416790796e-09       3.040512734881e-09      -1.419546784704e-09 
 1384       1.440671745540e-03       6.126581062164e-05       3.778535863216e-05       0.000000000000e+00       6.248989127218e-09       3.098644976903e-09      -1.425285195913e-09 
 1385       1.429612942873e-03       6.160331948113e-05       3.654425274863e-05       0.000000000000e+00       6.214763109033e-09       3.156393281211e-09      -1.430818341509e-09 
 1386       1.418700389732e-03       6.193424153217e-05       3.527666402680e-05       0.000000000000e+00       6.180737665935e-09       3.213753183466e-09      -1.436147396056e-09 
 1387       1.407934440992e-03       6.225851621774e-05       3.398323173952e-05       0.000000000000e+00       6.146911853557e-09       3.270720813305e-09      -1.441273590802e-09 
 1388       1.397315450392e-03       6.257608276506e-05       3.266459929682e-05       0.000000000000e+00       6.113284716893e-09       3.327292287295e-09      -1.446198168071e-09 
 1389       1.386843770528e-03       6.288688018527e-05       3.132141425361e-05       0.000000000000e+00       6.079855290274e-09       3.383463708920e-09      -1.450922381285e-09 
 1390       1.376519752849e-03       6.319084727318e-05       2.995432831743e-05       0.000000000000e+00       6.046622597343e-09       3.439231168558e-09      -1.455447494990e-09 
 1391       1.366343747658e-03       6.348792260687e-05       2.856399735609e-05       0.000000000000e+00       6.013585651036e-09       3.494590743465e-09      -1.459774784874e-09 
 1392       1.356316104100e-03       6.377804454748e-05       2.715108140545e-05       0.000000000000e+00       5.980743453556e-09       3.549538497762e-09      -1.463905537791e-09 
 1393       1.346437170164e-03       6.406115123883e-05       2.571624467706e-05       0.000000000000e+00       5.948094996353e-09       3.604070482411e-09      -1.467841051786e-09 
 1394       1.336707292677e-03       6.433718060716e-05       2.426015556592e-05       0.000000000000e+00       5.915639260099e-09       3.658182735201e-09      -1.471582636111e-09 
 1395       1.327126817298e-03       6.460607036083e-05       2.278348665818e-05       0.000000000000e+00       5.883375214665e-09       3.711871280733e-09      -1.475131611255e-09 
 1396       1.317696088518e-03       6.486775798995e-05       2.128691473881e-05       0.000000000000e+00       5.851301819102e-09       3.765132130396e-09      -1.478489308961e-09 
 1397       1.308415449651e-03       6.512218076616e-05       1.977112079934e-05       0.000000000000e+00       5.819418021612e-09       3.817961282357e-09      -1.481657072251e-09 
 1398       1.299285242834e-03       6.536927574225e-05       1.823679004559e-05       0.000000000000e+00       5.787722759533e-09       3.870354721538e-09      -1.484636255445e-09 
 1399       1.290305809021e-03       6.560897975192e-05       1.668461190532e-05       0.000000000000e+00       5.756214959308e-09       3.922308419601e-09      -1.487428224189e-09 
 1400       1.281477487980e-03       6.584122940942e-05       1.511528003596e-05       0.000000000000e+00       5.724893536471e-09       3.973818334931e-09      -1.490034355471e-09 
 1401       1.272800618285e-03       6.606596110925e-05       1.352949233237e-05       0.000000000000e+00       5.693757395614e-09       4.024880412617e-09      -1.492456037651e-09 
 1402       1.264275537319e-03       6.628311102592e-05       1.192795093446e-05       0.000000000000e+00       5.662805430374e-09       4.075490584436e-09      -1.494694670474e-09 
 1403       1.255902581264e-03       6.649261511354e-05       1.031136223496e-05       0.000000000000e+00       5.632036523405e-09       4.125644768835e-09      -1.496751665101e-09 
 1404       1.247682085098e-03       6.669440910560e-05       8.680436887100e-06       0.000000000000e+00       5.601449546356e-09       4.175338870913e-09      -1.498628444126e-09 
 1405       1.239614382593e-03       6.688842851462e-05       7.035889812343e-06       0.000000000000e+00       5.571043359849e-09       4.224568782406e-09      -1.500326441600e-09 
 1406       1.231699806308e-03       6.707460863187e-05       5.378440208062e-06       0.000000000000e+00       5.540816813455e-09       4.273330381666e-09      -1.501847103054e-09 
 1407       1.223938687590e-03       6.725288452704e-05       3.708811555268e-06       0.000000000000e+00       5.510768745672e-09       4.321619533646e-09      -1.503191885520e-09 
 1408       1.216331356562e-03       6.742319104793e-05       2.027731626312e-06       0.000000000000e+00       5.480897983904e-09       4.369432089882e-09      -1.504362257556e-09 
 1409       1.208878142125e-03       6.758546282020e-05       3.359324925927e-07       0.000000000000e+00       5.451203344436e-09       4.416763888476e-09      -1.505359699266e-09 
 1410       1.201579371954e-03       6.773963424699e-05      -1.365849467735e-06       0.000000000000e+00       5.421683632409e-09       4.463610754078e-09      -1.506185702320e-09 
 1411       1.194435372489e-03       6.788563950866e-05      -3.076873562052e-06       0.000000000000e+00       5.392337641805e-09       4.509968497869e-09      -1.506841769984e-09 
 1412       1.187446468935e-03       6.802341256246e-05      -4.796394775568e-06       0.000000000000e+00       5.363164155415e-09       4.555832917543e-09      -1.507329417134e-09 
 1413       1.180612985259e-03       6.815288714227e-05      -6.523663763613e-06       0.000000000000e+00       5.334161944823e-09       4.601199797290e-09      -1.507650170283e-09 
 1414       1.173935244181e-03       6.827399675821e-05      -8.257926843929e-06       0.000000000000e+00       5.305329770380e-09       4.646064907779e-09      -1.507805567605e-09 
 1415       1.167413567174e-03       6.838667469644e-05      -9.998425988964e-06       0.000000000000e+00       5.276666381182e-09       4.690424006140e-09      -1.507797158952e-09 
 1416       1.161048274457e-03       6.849085401875e-05      -1.174439881816e-05       0.000000000000e+00       5.248170515047e-09       4.734272835947e-09      -1.507626505879e-09 
 1417       1.154839684995e-03       6.858646756233e-05      -1.349507859026e-05       0.000000000000e+00       5.219840898494e-09       4.777607127200e-09      -1.507295181668e-09 
 1418       1.148788116490e-03       6.867344793944e-05      -1.524969419557e-05       0.000000000000e+00       5.191676246716e-09       4.820422596307e-09      -1.506804771348e-09 
 1419       1.142893885381e-03       6.875172753709e-05      -1.700747014828e-05       0.000000000000e+00       5.163675263564e-09       4.862714946071e-09      -1.506156871720e-09 
 1420       1.137157306837e-03       6.882123851676e-05      -1.876762657874e-05       0.000000000000e+00       5.135836641516e-09       4.904479865665e-09      -1.505353091376e-09 
 1421       1.131578694754e-03       6.888191281405e-05      -2.052937922578e-05       0.000000000000e+00       5.108159061663e-09       4.945713030621e-09      -1.504395050723e-09 
 1422       1.126158361752e-03       6.893368213845e-05      -2.229193942894e-05       0.000000000000e+00       5.080641193677e-09       4.986410102810e-09      -1.503284382007e-09 
 1423       1.120896619168e-03       6.897647797295e-05      -2.405451412084e-05       0.000000000000e+00       5.053281695798e-09       5.026566730425e-09      -1.502022729332e-09 
 1424       1.115793507483e-03       6.901025115067e-05      -2.581635550701e-05       0.000000000000e+00       5.026079322847e-09       5.066179387603e-09      -1.500611739916e-09 
 1425       1.110847984564e-03       6.903503080508e-05      -2.757691067929e-05       0.000000000000e+00       4.999033251561e-09       5.105247902763e-09      -1.499053037709e-09 
 1426       1.106058729077e-03       6.905086602459e-05      -2.933567352365e-05       0.000000000000e+00       4.972142758558e-09       5.143772956200e-09      -1.497348249547e-09 
 1427       1.101424409281e-03       6.905780633143e-05      -3.109213516724e-05       0.000000000000e+00       4.945407112578e-09       5.181755242832e-09      -1.495499013918e-09 
 1428       1.096943683006e-03       6.905590168252e-05      -3.284578397364e-05       0.000000000000e+00       4.918825574468e-09       5.219195472234e-09      -1.493506980986e-09 
 1429       1.092615197639e-03       6.904520247029e-05      -3.459610553806e-05       0.000000000000e+00       4.892397397166e-09       5.256094368671e-09      -1.491373812613e-09 
 1430       1.088437590097e-03       6.902575952360e-05      -3.634258268262e-05       0.000000000000e+00       4.866121825683e-09       5.292452671128e-09      -1.489101182377e-09 
 1431       1.084409486812e-03       6.899762410851e-05      -3.808469545151e-05       0.000000000000e+00       4.839998097088e-09       5.328271133344e-09      -1.486690775598e-09 
 1432       1.080529503708e-03       6.896084792919e-05      -3.982192110630e-05       0.000000000000e+00       4.814025440491e-09       5.363550523842e-09      -1.484144289358e-09 
 1433       1.076796246184e-03       6.891548312875e-05      -4.155373412110e-05       0.000000000000e+00       4.788203077026e-09       5.398291625965e-09      -1.481463432523e-09 
 1434       1.073208309089e-03       6.886158229010e-05      -4.327960617783e-05       0.000000000000e+00       4.762530219836e-09       5.432495237904e-09      -1.478649925765e-09 
 1435       1.069764276707e-03       6.879919843679e-05      -4.499900616145e-05       0.000000000000e+00       4.737006074057e-09       5.466162172733e-09      -1.475705501584e-09 
 1436       1.066462722735e-03       6.872838503386e-05      -4.671140015517e-05       0.000000000000e+00       4.711629836800e-09       5.499293258441e-09      -1.472631904331e-09 
 1437       1.063302210263e-03       6.864919598872e-05      -4.841625143571e-05       0.000000000000e+00       4.686400697134e-09       5.531889337964e-09      -1.469430890226e-09 
 1438       1.060281291753e-03       6.856168565197e-05      -5.011302046850e-05       0.000000000000e+00       4.661317836074e-09       5.563951269216e-09      -1.466104227383e-09 
 1439       1.057398509020e-03       6.846590881827e-05      -5.180116490293e-05       0.000000000000e+00       4.636380426558e-09       5.595479925123e-09      -1.462653695834e-09 
 1440       1.054652393213e-03       6.836192072718e-05      -5.348013956756e-05       0.000000000000e+00       4.611587633438e-09       5.626476193653e-09      -1.459081087546e-09 
 1441       1.052041464791e-03       6.824977706403e-05      -5.514939646538e-05       0.000000000000e+00       4.586938613456e-09       5.656940977853e-09      -1.455388206444e-09 
 1442       1.049564233509e-03       6.812953396075e-05      -5.680838476902e-05       0.000000000000e+00       4.562432515234e-09       5.686875195875e-09      -1.451576868435e-09 
 1443       1.047219198392e-03       6.800124799674e-05      -5.845655081600e-05       0.000000000000e+00       4.538068479256e-09       5.716279781013e-09      -1.447648901431e-09 
 1444       1.045004847720e-03       6.786497619970e-05      -6.009333810392e-05       0.000000000000e+00       4.513845637847e-09       5.745155681732e-09      -1.443606145364e-09 
 1445       1.042919659003e-03       6.772077604652e-05      -6.171818728574e-05       0.000000000000e+00       4.489763115165e-09       5.773503861703e-09      -1.439450452215e-09 
 1446       1.040962098964e-03       6.756870546409e-05      -6.333053616498e-05       0.000000000000e+00       4.465820027177e-09       5.801325299834e-09      -1.435183686035e-09 
 1447       1.039130623521e-03       6.740882283018e-05      -6.492981969095e-05       0.000000000000e+00       4.442015481647e-09       5.828620990301e-09      -1.430807722962e-09 
 1448       1.037423677762e-03       6.724118697426e-05      -6.651546995399e-05       0.000000000000e+00       4.418348578118e-09       5.855391942583e-09      -1.426324451247e-09 
 1449       1.035839695928e-03       6.706585717841e-05      -6.808691618072e-05       0.000000000000e+00       4.394818407895e-09       5.881639181492e-09      -1.421735771275e-09 
 1450       1.034377101392e-03       6.688289317812e-05      -6.964358472923e-05       0.000000000000e+00       4.371424054032e-09       5.907363747205e-09      -1.417043595588e-09 
 1451       1.033034306639e-03       6.669235516314e-05      -7.118489908434e-05       0.000000000000e+00       4.348164591311e-09       5.932566695300e-09      -1.412249848904e-09 
 1452       1.031809713248e-03       6.649430377838e-05      -7.271027985280e-05       0.000000000000e+00       4.325039086229e-09       5.957249096784e-09      -1.407356468141e-09 
 1453       1.030701711868e-03       6.628880012471e-05      -7.421914475857e-05       0.000000000000e+00       4.302046596980e-09       5.981412038125e-09      -1.402365402437e-09 
 1454       1.029708682202e-03       6.607590575985e-05      -7.571090863800e-05       0.000000000000e+00       4.279186173440e-09       6.005056621288e-09      -1.397278613175e-09 
 1455       1.028828992983e-03       6.585568269919e-05      -7.718498343510e-05       0.000000000000e+00       4.256456857149e-09       6.028183963765e-09      -1.392098074003e-09 
 1456       1.028061001959e-03       6.562819341667e-05      -7.864077819674e-05       0.000000000000e+00       4.233857681295e-09       6.050795198608e-09      -1.386825770854e-09 
 1457       1.027403055867e-03       6.539350084562e-05      -8.007769906790e-05       0.000000000000e+00       4.211387670701e-09       6.072891474458e-09      -1.381463701972e-09 
 1458       1.026853490419e-03       6.515166837960e-05      -8.149514928689e-05       0.000000000000e+00       4.189045841801e-09       6.094473955585e-09      -1.376013877929e-09 
 1459       1.026410630275e-03       6.490275987327e-05      -8.289252918059e-05       0.000000000000e+00       4.166831202633e-09       6.115543821909e-09      -1.370478321653e-09 
 1460       1.026072789030e-03       6.464683964325e-05      -8.426923615967e-05       0.000000000000e+00       4.144742752814e-09       6.136102269044e-09      -1.364859068441e-09 
 1461       1.025838269190e-03       6.438397246893e-05      -8.562466471382e-05       0.000000000000e+00       4.122779483531e-09       6.156150508321e-09      -1.359158165992e-09 
 1462       1.025705362153e-03       6.411422359337e-05      -8.695820640700e-05       0.000000000000e+00       4.100940377520e-09       6.175689766826e-09      -1.353377674420e-09 
 1463       1.025672304353e-03       6.383766652253e-05      -8.826932426119e-05       0.000000000000e+00       4.079224488243e-09       6.194721375860e-09      -1.347519438113e-09 
 1464       1.025737145254e-03       6.355440650660e-05      -8.955777673076e-05       0.000000000000e+00       4.057631178328e-09       6.213247037230e-09      -1.341584398775e-09 
 1465       1.025897877997e-03       6.326455729513e-05      -9.082339595770e-05       0.000000000000e+00       4.036159883478e-09       6.231268559686e-09      -1.335573275556e-09 
 1466       1.026152483094e-03       6.296823336120e-05      -9.206601358563e-05       0.000000000000e+00       4.014810033487e-09       6.248787770767e-09      -1.329486792612e-09 
 1467       1.026498928402e-03       6.266554990268e-05      -9.328546075925e-05       0.000000000000e+00       3.993581052226e-09       6.265806516841e-09      -1.323325679108e-09 
 1468       1.026935169106e-03       6.235662284358e-05      -9.448156812367e-05       0.000000000000e+00       3.972472357634e-09       6.282326663139e-09      -1.317090669228e-09 
 1469       1.027459147691e-03       6.204156883529e-05      -9.565416582387e-05       0.000000000000e+00       3.951483361699e-09       6.298350093794e-09      -1.310782502187e-09 
 1470       1.028068793923e-03       6.172050525788e-05      -9.680308350405e-05       0.000000000000e+00       3.930613470454e-09       6.313878711880e-09      -1.304401922235e-09 
 1471       1.028762024826e-03       6.139355022141e-05      -9.792815030707e-05       0.000000000000e+00       3.909862083961e-09       6.328914439445e-09      -1.297949678672e-09 
 1472       1.029536744657e-03       6.106082256718e-05      -9.902919487382e-05       0.000000000000e+00       3.889228596299e-09       6.343459217551e-09      -1.291426525853e-09 
 1473       1.030390844888e-03       6.072244186906e-05      -1.001060453426e-04       0.000000000000e+00       3.868712395554e-09       6.357515006312e-09      -1.284833223196e-09 
 1474       1.031322204179e-03       6.037852843476e-05      -1.011585293486e-04       0.000000000000e+00       3.848312863806e-09       6.371083784927e-09      -1.278170535197e-09 
 1475       1.032328688359e-03       6.002920330710e-05      -1.021864740232e-04       0.000000000000e+00       3.828029377115e-09       6.384167551724e-09      -1.271439231431e-09 
 1476       1.033408150400e-03       5.967458826534e-05      -1.031897059935e-04       0.000000000000e+00       3.807861305513e-09       6.396768324189e-09      -1.264640086570e-09 
 1477       1.034558430399e-03       5.931480582644e-05      -1.041680513814e-04       0.000000000000e+00       3.787808012991e-09       6.408888139011e-09      -1.257773880384e-09 
 1478       1.035777355550e-03       5.894997924634e-05      -1.051213358035e-04       0.000000000000e+00       3.767868857484e-09       6.420529052113e-09      -1.250841397755e-09 
 1479       1.037062740127e-03       5.858023252129e-05      -1.060493843701e-04       0.000000000000e+00       3.748043190862e-09       6.431693138695e-09      -1.243843428684e-09 
 1480       1.038412385458e-03       5.820569038910e-05      -1.069520216846e-04       0.000000000000e+00       3.728330358917e-09       6.442382493264e-09      -1.236780768301e-09 
 1481       1.039824079903e-03       5.782647833043e-05      -1.078290718434e-04       0.000000000000e+00       3.708729701354e-09       6.452599229678e-09      -1.229654216873e-09 
 1482       1.041295598832e-03       5.744272257012e-05      -1.086803584345e-04       0.000000000000e+00       3.689240551774e-09       6.462345481180e-09      -1.222464579815e-09 
 1483       1.042824704604e-03       5.705455007842e-05      -1.095057045375e-04       0.000000000000e+00       3.669862237664e-09       6.471623400435e-09      -1.215212667697e-09 
 1484       1.044409146541e-03       5.666208857234e-05      -1.103049327229e-04       0.000000000000e+00       3.650594080389e-09       6.480435159570e-09      -1.207899296255e-09 
 1485       1.046046660908e-03       5.626546651687e-05      -1.110778650513e-04       0.000000000000e+00       3.631435395173e-09       6.488782950206e-09      -1.200525286396e-09 
 1486       1.047734970891e-03       5.586481312635e-05      -1.118243230729e-04       0.000000000000e+00       3.612385491094e-09       6.496668983499e-09      -1.193091464214e-09 
 1487       1.049471786572e-03       5.546025836567e-05      -1.125441278269e-04       0.000000000000e+00       3.593443671066e-09       6.504095490179e-09      -1.185598660993e-09 
 1488       1.051254804908e-03       5.505193295164e-05      -1.132370998412e-04       0.000000000000e+00       3.574609231833e-09       6.511064720582e-09      -1.178047713219e-09 
 1489       1.053081709710e-03       5.463996835424e-05      -1.139030591311e-04       0.000000000000e+00       3.555881463952e-09       6.517578944690e-09      -1.170439462588e-09 
 1490       1.054950171618e-03       5.422449679788e-05      -1.145418251993e-04       0.000000000000e+00       3.537259651783e-09       6.523640452170e-09      -1.162774756015e-09 
 1491       1.056857848078e-03       5.380565126276e-05      -1.151532170351e-04       0.000000000000e+00       3.518743073479e-09       6.529251552408e-09      -1.155054445643e-09 
 1492       1.058802383324e-03       5.338356548610e-05      -1.157370531138e-04       0.000000000000e+00       3.500331000971e-09       6.534414574546e-09      -1.147279388855e-09 
 1493       1.060781408350e-03       5.295837396344e-05      -1.162931513961e-04       0.000000000000e+00       3.482022699957e-09       6.539131867524e-09      -1.139450448278e-09 
 1494       1.062792540891e-03       5.253021194997e-05      -1.168213293275e-04       0.000000000000e+00       3.463817429891e-09       6.543405800112e-09      -1.131568491796e-09 
 1495       1.064833385399e-03       5.209921546176e-05      -1.173214038377e-04       0.000000000000e+00       3.445714443972e-09       6.547238760949e-09      -1.123634392558e-09 
 1496       1.066901533021e-03       5.166552127707e-05      -1.177931913400e-04       0.000000000000e+00       3.427712989127e-09       6.550633158579e-09      -1.115649028984e-09 
 1497       1.068994561577e-03       5.122926693766e-05      -1.182365077307e-04       0.000000000000e+00       3.409812306006e-09       6.553591421494e-09      -1.107613284781e-09 
 1498       1.071110035536e-03       5.079059075006e-05      -1.186511683885e-04       0.000000000000e+00       3.392011628965e-09       6.556115998161e-09      -1.099528048946e-09 
 1499       1.073245505995e-03       5.034963178687e-05      -1.190369881737e-04       0.000000000000e+00       3.374310186057e-09       6.558209357069e-09      -1.091394215776e-09 
 1500       1.075398510656e-03       4.990652988802e-05      -1.193937814282e-04       0.000000000000e+00       3.356707199018e-09       6.559873986760e-09      -1.083212684880e-09 
 1501       1.077566573803e-03       4.946142566210e-05      -1.197213619741e-04       0.000000000000e+00       3.339201883256e-09       6.561112395870e-09      -1.074984361185e-09 
 1502       1.079747354370e-03       4.901445553517e-05      -1.200196030591e-04       0.000000000000e+00       3.321793508149e-09       6.561927067797e-09      -1.066710181107e-09 
 1503       1.081939091755e-03       4.856573684195e-05      -1.202886178298e-04       0.000000000000e+00       3.304481578613e-09       6.562320324161e-09      -1.058391191319e-09 
 1504       1.084140164303e-03       4.811538259206e-05      -1.205285806147e-04       0.000000000000e+00       3.287265655275e-09       6.562294460090e-09      -1.050028470768e-09 
 1505       1.086348941597e-03       4.766350641024e-05      -1.207396671404e-04       0.000000000000e+00       3.270145294321e-09       6.561851789500e-09      -1.041623104593e-09 
 1506       1.088563784437e-03       4.721022253744e-05      -1.209220545347e-04       0.000000000000e+00       3.253120047484e-09       6.560994645129e-09      -1.033176184138e-09 
 1507       1.090783044833e-03       4.675564583181e-05      -1.210759213286e-04       0.000000000000e+00       3.236189462033e-09       6.559725378575e-09      -1.024688806963e-09 
 1508       1.093005065986e-03       4.629989176973e-05      -1.212014474594e-04       0.000000000000e+00       3.219353080772e-09       6.558046360325e-09      -1.016162076848e-09 
 1509       1.095228182274e-03       4.584307644686e-05      -1.212988142730e-04       0.000000000000e+00       3.202610442021e-09       6.555959979796e-09      -1.007597103814e-09 
 1510       1.097450719238e-03       4.538531657913e-05      -1.213682045265e-04       0.000000000000e+00       3.185961079617e-09       6.553468645365e-09      -9.989950041244e-10 
 1511       1.099670993568e-03       4.492672950379e-05      -1.214098023910e-04       0.000000000000e+00       3.169404522897e-09       6.550574784406e-09      -9.903569002990e-10 
 1512       1.101887313087e-03       4.446743318044e-05      -1.214237934540e-04       0.000000000000e+00       3.152940296696e-09       6.547280843325e-09      -9.816839211252e-10 
 1513       1.104097976737e-03       4.400754619202e-05      -1.214103647218e-04       0.000000000000e+00       3.136567921334e-09       6.543589287594e-09      -9.729772016670e-10 
 1514       1.106301274565e-03       4.354718774588e-05      -1.213697046226e-04       0.000000000000e+00       3.120286912608e-09       6.539502601787e-09      -9.642378832764e-10 
 1515       1.108495487705e-03       4.308647767478e-05      -1.213020030087e-04       0.000000000000e+00       3.104096781786e-09       6.535023289613e-09      -9.554671136031e-10 
 1516       1.110678888370e-03       4.262553643791e-05      -1.212074511590e-04       0.000000000000e+00       3.087997035594e-09       6.530153873952e-09      -9.466660466056e-10 
 1517       1.112849739830e-03       4.216448512195e-05      -1.210862417820e-04       0.000000000000e+00       3.071987176211e-09       6.524896896888e-09      -9.378358425612e-10 
 1518       1.115006296403e-03       4.170344544206e-05      -1.209385690179e-04       0.000000000000e+00       3.056066701259e-09       6.519254919747e-09      -9.289776680769e-10 
 1519       1.117146803437e-03       4.124253974290e-05      -1.207646284416e-04       0.000000000000e+00       3.040235103792e-09       6.513230523129e-09      -9.200926960995e-10 
 1520       1.119269497297e-03       4.078189099971e-05      -1.205646170651e-04       0.000000000000e+00       3.024491872291e-09       6.506826306946e-09      -9.111821059260e-10 
 1521       1.121372605350e-03       4.032162281927e-05      -1.203387333401e-04       0.000000000000e+00       3.008836490654e-09       6.500044890451e-09      -9.022470832147e-10 
 1522       1.123454345950e-03       3.986185944097e-05      -1.200871771603e-04       0.000000000000e+00       2.993268438186e-09       6.492888912280e-09      -8.932888199949e-10 
 1523       1.125512928424e-03       3.940272573781e-05      -1.198101498647e-04       0.000000000000e+00       2.977787189591e-09       6.485361030480e-09      -8.843085146777e-10 
 1524       1.127546553057e-03       3.894434721744e-05      -1.195078542395e-04       0.000000000000e+00       2.962392214964e-09       6.477463922550e-09      -8.753073720665e-10 
 1525       1.129553411076e-03       3.848685002320e-05      -1.191804945210e-04       0.000000000000e+00       2.947082979781e-09       6.469200285470e-09      -8.662866033675e-10 
 1526       1.131531684639e-03       3.803036093509e-05      -1.188282763980e-04       0.000000000000e+00       2.931858944893e-09       6.460572835740e-09      -8.572474262000e-10 
 1527       1.133479546817e-03       3.757500737087e-05      -1.184514070147e-04       0.000000000000e+00       2.916719566512e-09       6.451584309414e-09      -8.481910646069e-10 
 1528       1.135395161580e-03       3.712091738703e-05      -1.180500949729e-04       0.000000000000e+00       2.901664296209e-09       6.442237462133e-09      -8.391187490652e-10 
 1529       1.137276683784e-03       3.666821967983e-05      -1.176245503349e-04       0.000000000000e+00       2.886692580900e-09       6.432535069161e-09      -8.300317164966e-10 
 1530       1.139122259155e-03       3.621704358634e-05      -1.171749846260e-04       0.000000000000e+00       2.871803862839e-09       6.422479925420e-09      -8.209312102777e-10 
 1531       1.140930024273e-03       3.576751908545e-05      -1.167016108368e-04       0.000000000000e+00       2.856997579610e-09       6.412074845525e-09      -8.118184802506e-10 
 1532       1.142698106561e-03       3.531977679892e-05      -1.162046434263e-04       0.000000000000e+00       2.842273164118e-09       6.401322663818e-09      -8.026947827335e-10 
 1533       1.144424624268e-03       3.487394799234e-05      -1.156842983240e-04       0.000000000000e+00       2.827630044579e-09       6.390226234402e-09      -7.935613805308e-10 
 1534       1.146107686454e-03       3.443016457626e-05      -1.151407929329e-04       0.000000000000e+00       2.813067644513e-09       6.378788431179e-09      -7.844195429440e-10 
 1535       1.147745392977e-03       3.398855910712e-05      -1.145743461316e-04       0.000000000000e+00       2.798585382734e-09       6.367012147880e-09      -7.752705457818e-10 
 1536       1.149335834476e-03       3.354926478832e-05      -1.139851782776e-04       0.000000000000e+00       2.784182673344e-09       6.354900298106e-09      -7.661156713708e-10 
 1537       1.150877092359e-03       3.311241547125e-05      -1.133735112089e-04       0.000000000000e+00       2.769858925718e-09       6.342455815355e-09      -7.569562085658e-10 
 1538       1.152367238788e-03       3.267814565630e-05      -1.127395682477e-04       0.000000000000e+00       2.755613544503e-09       6.329681653066e-09      -7.477934527605e-10 
 1539       1.153804336662e-03       3.224659049389e-05      -1.120835742019e-04       0.000000000000e+00       2.741445929603e-09       6.316580784643e-09      -7.386287058975e-10 
 1540       1.155186439604e-03       3.181788578548e-05      -1.114057553686e-04       0.000000000000e+00       2.727355476176e-09       6.303156203502e-09      -7.294632764794e-10 
 1541       1.156511819774e-03       3.139215528623e-05      -1.107063614539e-04       0.000000000000e+00       2.713341620434e-09       6.289410953978e-09      -7.202983922563e-10 
 1542       1.157779653689e-03       3.096947247893e-05      -1.099857315572e-04       0.000000000000e+00       2.699403977554e-09       6.275348224342e-09      -7.111349373627e-10 
 1543       1.158989342886e-03       3.054989843922e-05      -1.092442288184e-04       0.000000000000e+00       2.685542205061e-09       6.260971254742e-09      -7.019737127065e-10 
 1544       1.160140286678e-03       3.013349450147e-05      -1.084822185611e-04       0.000000000000e+00       2.671755957127e-09       6.246283306433e-09      -6.928155230707e-10 
 1545       1.161231882152e-03       2.972032225915e-05      -1.077000682958e-04       0.000000000000e+00       2.658044884563e-09       6.231287661818e-09      -6.836611771200e-10 
 1546       1.162263524169e-03       2.931044356524e-05      -1.068981477237e-04       0.000000000000e+00       2.644408634815e-09       6.215987624478e-09      -6.745114874065e-10 
 1547       1.163234605357e-03       2.890392053257e-05      -1.060768287407e-04       0.000000000000e+00       2.630846851954e-09       6.200386519216e-09      -6.653672703759e-10 
 1548       1.164144516109e-03       2.850081553426e-05      -1.052364854407e-04       0.000000000000e+00       2.617359176674e-09       6.184487692088e-09      -6.562293463734e-10 
 1549       1.164992644582e-03       2.810119120405e-05      -1.043774941197e-04       0.000000000000e+00       2.603945246281e-09       6.168294510438e-09      -6.470985396498e-10 
 1550       1.165778376692e-03       2.770511043672e-05      -1.035002332789e-04       0.000000000000e+00       2.590604694690e-09       6.151810362941e-09      -6.379756783678e-10 
 1551       1.166501096110e-03       2.731263638847e-05      -1.026050836291e-04       0.000000000000e+00       2.577337152419e-09       6.135038659634e-09      -6.288615946078e-10 
 1552       1.167160184261e-03       2.692383247729e-05      -1.016924280937e-04       0.000000000000e+00       2.564142246580e-09       6.117982831953e-09      -6.197571243737e-10 
 1553       1.167755020318e-03       2.653876238334e-05      -1.007626518131e-04       0.000000000000e+00       2.551019600871e-09       6.100646332771e-09      -6.106631075997e-10 
 1554       1.168284981205e-03       2.615749004937e-05      -9.981614214764e-05       0.000000000000e+00       2.537968835577e-09       6.083032636433e-09      -6.015803881558e-10 
 1555       1.168749441585e-03       2.578007968106e-05      -9.885328868195e-05       0.000000000000e+00       2.524989567555e-09       6.065145238793e-09      -5.925098138537e-10 
 1556       1.169147773863e-03       2.540659574745e-05      -9.787448322825e-05       0.000000000000e+00       2.512081410234e-09       6.046987657250e-09      -5.834522364534e-10 
 1557       1.169479348183e-03       2.503710298128e-05      -9.688011983018e-05       0.000000000000e+00       2.499243973605e-09       6.028563430786e-09      -5.744085116690e-10 
 1558       1.169743532422e-03       2.467166637940e-05      -9.587059476644e-05       0.000000000000e+00       2.486476864216e-09       6.009876119998e-09      -5.653794991746e-10 
 1559       1.169939692187e-03       2.431035120315e-05      -9.484630655455e-05       0.000000000000e+00       2.473779685165e-09       5.990929307140e-09      -5.563660626104e-10 
 1560       1.170067190816e-03       2.395322297873e-05      -9.380765595446e-05       0.000000000000e+00       2.461152036093e-09       5.971726596156e-09      -5.473690695891e-10 
 1561       1.170125389368e-03       2.360034749762e-05      -9.275504597231e-05       0.000000000000e+00       2.448593513180e-09       5.952271612714e-09      -5.383893917015e-10 
 1562       1.170113646628e-03       2.325179081692e-05      -9.168888186408e-05       0.000000000000e+00       2.436103709136e-09       5.932568004250e-09      -5.294279045228e-10 
 1563       1.170031319095e-03       2.290761925977e-05      -9.060957113930e-05       0.000000000000e+00       2.423682213197e-09       5.912619439997e-09      -5.204854876187e-10 
 1564       1.169877760988e-03       2.256789941571e-05      -8.951752356474e-05       0.000000000000e+00       2.411328611116e-09       5.892429611024e-09      -5.115630245511e-10 
 1565       1.169652324236e-03       2.223269814108e-05      -8.841315116808e-05       0.000000000000e+00       2.399042485157e-09       5.872002230272e-09      -5.026614028847e-10 
 1566       1.169354358477e-03       2.190208255941e-05      -8.729686824163e-05       0.000000000000e+00       2.386823414091e-09       5.851341032592e-09      -4.937815141926e-10 
 1567       1.168983211056e-03       2.157612006176e-05      -8.616909134603e-05       0.000000000000e+00       2.374670973189e-09       5.830449774779e-09      -4.849242540626e-10 
 1568       1.168538227021e-03       2.125487830718e-05      -8.503023931389e-05       0.000000000000e+00       2.362584734211e-09       5.809332235610e-09      -4.760905221031e-10 
 1569       1.168018749120e-03       2.093842522302e-05      -8.388073325353e-05       0.000000000000e+00       2.350564265406e-09       5.787992215879e-09      -4.672812219492e-10 
 1570       1.167424117797e-03       2.062682900535e-05      -8.272099655267e-05       0.000000000000e+00       2.338609131502e-09       5.766433538435e-09      -4.584972612689e-10 
 1571       1.166753671190e-03       2.032015811936e-05      -8.155145488208e-05       0.000000000000e+00       2.326718893701e-09       5.744660048218e-09      -4.497395517689e-10 
 1572       1.166006745129e-03       2.001848129970e-05      -8.037253619932e-05       0.000000000000e+00       2.314893109672e-09       5.722675612292e-09      -4.410090092009e-10 
 1573       1.165182673129e-03       1.972186755091e-05      -7.918467075240e-05       0.000000000000e+00       2.303131333542e-09       5.700484119886e-09      -4.323065533675e-10 
 1574       1.164280786390e-03       1.943038614778e-05      -7.798829108348e-05       0.000000000000e+00       2.291433115896e-09       5.678089482430e-09      -4.236331081282e-10 
 1575       1.163300413794e-03       1.914410663571e-05      -7.678383203258e-05       0.000000000000e+00       2.279798003765e-09       5.655495633587e-09      -4.149896014058e-10 
 1576       1.162240881900e-03       1.886309883117e-05      -7.557173074125e-05       0.000000000000e+00       2.268225540620e-09       5.632706529294e-09      -4.063769651919e-10 
 1577       1.161101514944e-03       1.858743282201e-05      -7.435242665625e-05       0.000000000000e+00       2.256715266370e-09       5.609726147795e-09      -3.977961355535e-10 
 1578       1.159881634831e-03       1.831717896785e-05      -7.312636153327e-05       0.000000000000e+00       2.245266717349e-09       5.586558489681e-09      -3.892480526386e-10 
 1579       1.158580561136e-03       1.805240790053e-05      -7.189397944062e-05       0.000000000000e+00       2.233879426317e-09       5.563207577923e-09      -3.807336606826e-10 
 1580       1.157197798849e-03       1.779317746188e-05      -7.065570973530e-05       0.000000000000e+00       2.222552957272e-09       5.539677236503e-09      -3.722538209511e-10 
 1581       1.155733603524e-03       1.753949338421e-05      -6.941191581154e-05       0.000000000000e+00       2.211287010285e-09       5.515970423993e-09      -3.638090496747e-10 
 1582       1.154188421355e-03       1.729134824659e-05      -6.816294588507e-05       0.000000000000e+00       2.200081317625e-09       5.492089893878e-09      -3.553997777001e-10 
 1583       1.152562701908e-03       1.704873450408e-05      -6.690914998057e-05       0.000000000000e+00       2.188935609016e-09       5.468038415429e-09      -3.470264373345e-10 
 1584       1.150856898129e-03       1.681164448747e-05      -6.565087993455e-05       0.000000000000e+00       2.177849611639e-09       5.443818773728e-09      -3.386894623477e-10 
 1585       1.149071466348e-03       1.658007040311e-05      -6.438848939818e-05       0.000000000000e+00       2.166823050118e-09       5.419433769694e-09      -3.303892879738e-10 
 1586       1.147206866286e-03       1.635400433256e-05      -6.312233384021e-05       0.000000000000e+00       2.155855646521e-09       5.394886220109e-09      -3.221263509133e-10 
 1587       1.145263561058e-03       1.613343823246e-05      -6.185277054980e-05       0.000000000000e+00       2.144947120355e-09       5.370178957642e-09      -3.139010893348e-10 
 1588       1.143242017183e-03       1.591836393418e-05      -6.058015863943e-05       0.000000000000e+00       2.134097188559e-09       5.345314830878e-09      -3.057139428770e-10 
 1589       1.141142704588e-03       1.570877314368e-05      -5.930485904776e-05       0.000000000000e+00       2.123305565502e-09       5.320296704340e-09      -2.975653526504e-10 
 1590       1.138966096611e-03       1.550465744116e-05      -5.802723454249e-05       0.000000000000e+00       2.112571962974e-09       5.295127458518e-09      -2.894557612394e-10 
 1591       1.136712670015e-03       1.530600828093e-05      -5.674764972327e-05       0.000000000000e+00       2.101896090187e-09       5.269809989892e-09      -2.813856127039e-10 
 1592       1.134382904983e-03       1.511281699106e-05      -5.546647102453e-05       0.000000000000e+00       2.091277653766e-09       5.244347210960e-09      -2.733553525814e-10 
 1593       1.131977285133e-03       1.492507477321e-05      -5.418406671837e-05       0.000000000000e+00       2.080716357745e-09       5.218742050261e-09      -2.653654278887e-10 
 1594       1.129496297520e-03       1.474277270237e-05      -5.290080691746e-05       0.000000000000e+00       2.070211903563e-09       5.192997452404e-09      -2.574162871239e-10 
 1595       1.126940432642e-03       1.456590172658e-05      -5.161706357788e-05       0.000000000000e+00       2.059763990061e-09       5.167116378092e-09      -2.495083802683e-10 
 1596       1.124310184445e-03       1.439445266674e-05      -5.033321050198e-05       0.000000000000e+00       2.049372313472e-09       5.141101804146e-09      -2.416421587881e-10 
 1597       1.121606050333e-03       1.422841621635e-05      -4.904962334133e-05       0.000000000000e+00       2.039036567423e-09       5.114956723535e-09      -2.338180756364e-10 
 1598       1.118828531167e-03       1.406778294124e-05      -4.776667959950e-05       0.000000000000e+00       2.028756442925e-09       5.088684145398e-09      -2.260365852550e-10 
 1599       1.115978131279e-03       1.391254327934e-05      -4.648475863498e-05       0.000000000000e+00       2.018531628370e-09       5.062287095069e-09      -2.182981435764e-10 
 1600       1.113055358472e-03       1.376268754048e-05      -4.520424166407e-05       0.000000000000e+00       2.008361809527e-09       5.035768614108e-09      -2.106032080255e-10 
 1601       1.110060724026e-03       1.361820590608e-05      -4.392551176371e-05       0.000000000000e+00       1.998246669537e-09       5.009131760322e-09      -2.029522375216e-10 
 1602       1.106994742710e-03       1.347908842894e-05      -4.264895387440e-05       0.000000000000e+00       1.988185888908e-09       4.982379607791e-09      -1.953456924803e-10 
 1603       1.103857932778e-03       1.334532503301e-05      -4.137495480302e-05       0.000000000000e+00       1.978179145509e-09       4.955515246896e-09      -1.877840348151e-10 
 1604       1.100650815985e-03       1.321690551311e-05      -4.010390322576e-05       0.000000000000e+00       1.968226114567e-09       4.928541784344e-09      -1.802677279396e-10 
 1605       1.097373917585e-03       1.309381953472e-05      -3.883618969095e-05       0.000000000000e+00       1.958326468663e-09       4.901462343191e-09      -1.727972367693e-10 
 1606       1.094027766343e-03       1.297605663373e-05      -3.757220662196e-05       0.000000000000e+00       1.948479877725e-09       4.874280062872e-09      -1.653730277233e-10 
 1607       1.090612894537e-03       1.286360621619e-05      -3.631234832007e-05       0.000000000000e+00       1.938686009024e-09       4.846998099224e-09      -1.579955687263e-10 
 1608       1.087129837964e-03       1.275645755805e-05      -3.505701096732e-05       0.000000000000e+00       1.928944527171e-09       4.819619624512e-09      -1.506653292104e-10 
 1609       1.083579135947e-03       1.265459980496e-05      -3.380659262941e-05       0.000000000000e+00       1.919255094108e-09       4.792147827456e-09      -1.433827801173e-10 
 1610       1.079961331342e-03       1.255802197198e-05      -3.256149325858e-05       0.000000000000e+00       1.909617369109e-09       4.764585913254e-09      -1.361483938996e-10 
 1611       1.076276970543e-03       1.246671294337e-05      -3.132211469644e-05       0.000000000000e+00       1.900031008772e-09       4.736937103611e-09      -1.289626445231e-10 
 1612       1.072526603485e-03       1.238066147235e-05      -3.008886067690e-05       0.000000000000e+00       1.890495667012e-09       4.709204636763e-09      -1.218260074684e-10 
 1613       1.068710783654e-03       1.229985618081e-05      -2.886213682899e-05       0.000000000000e+00       1.881010995062e-09       4.681391767503e-09      -1.147389597332e-10 
 1614       1.064830068093e-03       1.222428555913e-05      -2.764235067978e-05       0.000000000000e+00       1.871576641464e-09       4.653501767205e-09      -1.077019798336e-10 
 1615       1.060885017404e-03       1.215393796589e-05      -2.642991165724e-05       0.000000000000e+00       1.862192252065e-09       4.625537923855e-09      -1.007155478065e-10 
 1616       1.056876195756e-03       1.208880162764e-05      -2.522523109307e-05       0.000000000000e+00       1.852857470013e-09       4.597503542068e-09      -9.378014521087e-11 
 1617       1.052804170892e-03       1.202886463867e-05      -2.402872222566e-05       0.000000000000e+00       1.843571935753e-09       4.569401943124e-09      -8.689625513038e-11 
 1618       1.048669514134e-03       1.197411496076e-05      -2.284080020286e-05       0.000000000000e+00       1.834335287019e-09       4.541236464984e-09      -8.006436217465e-11 
 1619       1.044472876138e-03       1.192453291584e-05      -2.166184263561e-05       0.000000000000e+00       1.825147185361e-09       4.513010297848e-09      -7.328489374863e-11 
 1620       1.040215214891e-03       1.188006859036e-05      -2.049207086285e-05       0.000000000000e+00       1.816007395980e-09       4.484725989119e-09      -6.655804327574e-11 
 1621       1.035897569789e-03       1.184066422628e-05      -1.933166761935e-05       0.000000000000e+00       1.806915708603e-09       4.456385934017e-09      -5.988394538103e-11 
 1622       1.031520986079e-03       1.180626170901e-05      -1.818081638880e-05       0.000000000000e+00       1.797871911016e-09       4.427992539660e-09      -5.326273447813e-11 
 1623       1.027086514870e-03       1.177680256684e-05      -1.703970140483e-05       0.000000000000e+00       1.788875789066e-09       4.399548225088e-09      -4.669454476845e-11 
 1624       1.022595213145e-03       1.175222797035e-05      -1.590850765211e-05       0.000000000000e+00       1.779927126649e-09       4.371055421278e-09      -4.017951024037e-11 
 1625       1.018048143766e-03       1.173247873184e-05      -1.478742086740e-05       0.000000000000e+00       1.771025705713e-09       4.342516571163e-09      -3.371776466839e-11 
 1626       1.013446375488e-03       1.171749530470e-05      -1.367662754062e-05       0.000000000000e+00       1.762171306253e-09       4.313934129650e-09      -2.730944161234e-11 
 1627       1.008790982964e-03       1.170721778288e-05      -1.257631491594e-05       0.000000000000e+00       1.753363706305e-09       4.285310563638e-09      -2.095467441658e-11 
 1628       1.004083046756e-03       1.170158590026e-05      -1.148667099281e-05       0.000000000000e+00       1.744602681946e-09       4.256648352038e-09      -1.465359620914e-11 
 1629       9.993236533471e-04       1.170053903006e-05      -1.040788452708e-05       0.000000000000e+00       1.735888007288e-09       4.227949985789e-09      -8.406339900965e-12 
 1630       9.945138951462e-04       1.170401618431e-05      -9.340145032001e-06       0.000000000000e+00       1.727219454476e-09       4.199217967876e-09      -2.213038185023e-12 
 1631       9.896548705006e-04       1.171195601319e-05      -8.283642779366e-06       0.000000000000e+00       1.718596793683e-09       4.170454813351e-09       3.926176464444e-12 
 1632       9.847476837042e-04       1.172429680450e-05      -7.238568800530e-06       0.000000000000e+00       1.710019793108e-09       4.141663049347e-09       1.001117179277e-11 
 1633       9.797934450069e-04       1.174097648303e-05      -6.205114887498e-06       0.000000000000e+00       1.701488218971e-09       4.112845215100e-09       1.604181576567e-11 
 1634       9.747932706242e-04       1.176193261002e-05      -5.183473593986e-06       0.000000000000e+00       1.693001835511e-09       4.084003861966e-09       2.201797657006e-11 
 1635       9.697482827465e-04       1.178710238252e-05      -4.173838236496e-06       0.000000000000e+00       1.684560404981e-09       4.055141553439e-09       2.793952261486e-11 
 1636       9.646596095483e-04       1.181642263285e-05      -3.176402895380e-06       0.000000000000e+00       1.676163687646e-09       4.026260865167e-09       3.380632253184e-11 
 1637       9.595283851977e-04       1.184982982798e-05      -2.191362415914e-06       0.000000000000e+00       1.667811441778e-09       3.997364384974e-09       3.961824517641e-11 
 1638       9.543557498659e-04       1.188726006899e-05      -1.218912409358e-06       0.000000000000e+00       1.659503423653e-09       3.968454712877e-09       4.537515962842e-11 
 1639       9.491428497361e-04       1.192864909041e-05      -2.592492540338e-07       0.000000000000e+00       1.651239387550e-09       3.939534461102e-09       5.107693519303e-11 
 1640       9.438908370135e-04       1.197393225970e-05       6.874299036117e-07       0.000000000000e+00       1.643019085741e-09       3.910606254105e-09       5.672344140147e-11 
 1641       9.386008699340e-04       1.202304457662e-05       1.620927147936e-06       0.000000000000e+00       1.634842268495e-09       3.881672728588e-09       6.231454801189e-11 
 1642       9.332741127742e-04       1.207592067269e-05       2.541043793033e-06       0.000000000000e+00       1.626708684070e-09       3.852736533520e-09       6.785012501016e-11 
 1643       9.279117358601e-04       1.213249481055e-05       3.447580381664e-06       0.000000000000e+00       1.618618078710e-09       3.823800330152e-09       7.333004261069e-11 
 1644       9.225149155771e-04       1.219270088339e-05       4.340336684188e-06       0.000000000000e+00       1.610570196644e-09       3.794866792036e-09       7.875417125725e-11 
 1645       9.170848343789e-04       1.225647241441e-05       5.219111697494e-06       0.000000000000e+00       1.602564780077e-09       3.765938605045e-09       8.412238162379e-11 
 1646       9.116226807972e-04       1.232374255615e-05       6.083703643935e-06       0.000000000000e+00       1.594601569194e-09       3.737018467389e-09       8.943454461522e-11 
 1647       9.061296494506e-04       1.239444408999e-05       6.933909970254e-06       0.000000000000e+00       1.586680302149e-09       3.708109089636e-09       9.469053136828e-11 
 1648       9.006069410545e-04       1.246850942548e-05       7.769527346518e-06       0.000000000000e+00       1.578800715068e-09       3.679213194726e-09       9.989021325231e-11 
 1649       8.950557624301e-04       1.254587059983e-05       8.590351665050e-06       0.000000000000e+00       1.570962542040e-09       3.650333517994e-09       1.050334618701e-10 
 1650       8.894773265140e-04       1.262645927727e-05       9.396178039359e-06       0.000000000000e+00       1.563165515118e-09       3.621472807182e-09       1.101201490587e-10 
 1651       8.838728523673e-04       1.271020674848e-05       1.018680080307e-05       0.000000000000e+00       1.555409364312e-09       3.592633822465e-09       1.151501468902e-10 
 1652       8.782435651852e-04       1.279704393002e-05       1.096201350887e-05       0.000000000000e+00       1.547693817587e-09       3.563819336463e-09       1.201233276726e-10 
 1653       8.725906963060e-04       1.288690136371e-05       1.172160892740e-05       0.000000000000e+00       1.540018600860e-09       3.535032134262e-09       1.250395639505e-10 
 1654       8.669154832211e-04       1.297970921608e-05       1.246537904624e-05       0.000000000000e+00       1.532383437996e-09       3.506275013429e-09       1.298987285062e-10 
 1655       8.612191695838e-04       1.307539727774e-05       1.319311506879e-05       0.000000000000e+00       1.524788050804e-09       3.477550784038e-09       1.347006943601e-10 
 1656       8.555030052188e-04       1.317389496285e-05       1.390460741325e-05       0.000000000000e+00       1.517232159032e-09       3.448862268677e-09       1.394453347720e-10 
 1657       8.497682461316e-04       1.327513130848e-05       1.459964571151e-05       0.000000000000e+00       1.509715480370e-09       3.420212302475e-09       1.441325232414e-10 
 1658       8.440161147585e-04       1.337903509573e-05       1.527805785192e-05       0.000000000000e+00       1.502237750720e-09       3.391603590230e-09       1.487621755490e-10 
 1659       8.382476803136e-04       1.348553521530e-05       1.593982748649e-05       0.000000000000e+00       1.494798785253e-09       3.363038276379e-09       1.533343762829e-10 
 1660       8.324639774046e-04       1.359456030399e-05       1.658497755848e-05       0.000000000000e+00       1.487398417887e-09       3.334518371271e-09       1.578492534305e-10 
 1661       8.266660457038e-04       1.370603862271e-05       1.721353135329e-05       0.000000000000e+00       1.480036481051e-09       3.306045893720e-09       1.623069364420e-10 
 1662       8.208549299559e-04       1.381989805590e-05       1.782551249912e-05       0.000000000000e+00       1.472712805685e-09       3.277622871017e-09       1.667075562330e-10 
 1663       8.150316799859e-04       1.393606611094e-05       1.842094496758e-05       0.000000000000e+00       1.465427221234e-09       3.249251338942e-09       1.710512451875e-10 
 1664       8.091973507061e-04       1.405446991761e-05       1.899985307437e-05       0.000000000000e+00       1.458179555647e-09       3.220933341776e-09       1.753381371602e-10 
 1665       8.033530021241e-04       1.417503622745e-05       1.956226147986e-05       0.000000000000e+00       1.450969635376e-09       3.192670932314e-09       1.795683674792e-10 
 1666       7.974996993507e-04       1.429769141323e-05       2.010819518975e-05       0.000000000000e+00       1.443797285370e-09       3.164466171877e-09       1.837420729488e-10 
 1667       7.916385126070e-04       1.442236146834e-05       2.063767955571e-05       0.000000000000e+00       1.436662329073e-09       3.136321130321e-09       1.878593918522e-10 
 1668       7.857705172321e-04       1.454897200621e-05       2.115074027600e-05       0.000000000000e+00       1.429564588423e-09       3.108237886051e-09       1.919204639538e-10 
 1669       7.798967936912e-04       1.467744825975e-05       2.164740339613e-05       0.000000000000e+00       1.422503883850e-09       3.080218526036e-09       1.959254305022e-10 
 1670       7.740184275827e-04       1.480771508074e-05       2.212769530946e-05       0.000000000000e+00       1.415480034271e-09       3.052265145815e-09       1.998744342326e-10 
 1671       7.681365096461e-04       1.493969693925e-05       2.259164275786e-05       0.000000000000e+00       1.408492857088e-09       3.024379849513e-09       2.037676193699e-10 
 1672       7.622521357695e-04       1.507331792311e-05       2.303927283234e-05       0.000000000000e+00       1.401542168185e-09       2.996564749852e-09       2.076051316306e-10 
 1673       7.563664069973e-04       1.520850173724e-05       2.347061297368e-05       0.000000000000e+00       1.394627781929e-09       2.968821968162e-09       2.113871182261e-10 
 1674       7.504804295379e-04       1.534517170317e-05       2.388569097305e-05       0.000000000000e+00       1.387749511161e-09       2.941153634396e-09       2.151137278652e-10 
 1675       7.445953147711e-04       1.548325075836e-05       2.428453497268e-05       0.000000000000e+00       1.380907167199e-09       2.913561887136e-09       2.187851107564e-10 
 1676       7.387121792561e-04       1.562266145570e-05       2.466717346648e-05       0.000000000000e+00       1.374100559833e-09       2.886048873613e-09       2.224014186110e-10 
 1677       7.328321447385e-04       1.576332596286e-05       2.503363530065e-05       0.000000000000e+00       1.367329497322e-09       2.858616749711e-09       2.259628046457e-10 
 1678       7.269563381586e-04       1.590516606178e-05       2.538394967435e-05       0.000000000000e+00       1.360593786391e-09       2.831267679985e-09       2.294694235849e-10 
 1679       7.210858916588e-04       1.604810314803e-05       2.571814614031e-05       0.000000000000e+00       1.353893232233e-09       2.804003837669e-09       2.329214316636e-10 
 1680       7.152219425910e-04       1.619205823024e-05       2.603625460548e-05       0.000000000000e+00       1.347227638497e-09       2.776827404691e-09       2.363189866300e-10 
 1681       7.093656335244e-04       1.633695192956e-05       2.633830533167e-05       0.000000000000e+00       1.340596807297e-09       2.749740571682e-09       2.396622477485e-10 
 1682       7.035181122533e-04       1.648270447902e-05       2.662432893614e-05       0.000000000000e+00       1.334000539198e-09       2.722745537991e-09       2.429513758015e-10 
 1683       6.976805318042e-04       1.662923572298e-05       2.689435639230e-05       0.000000000000e+00       1.327438633223e-09       2.695844511694e-09       2.461865330929e-10 
 1684       6.918540504443e-04       1.677646511657e-05       2.714841903030e-05       0.000000000000e+00       1.320910886844e-09       2.669039709609e-09       2.493678834504e-10 
 1685       6.860398316881e-04       1.692431172504e-05       2.738654853768e-05       0.000000000000e+00       1.314417095981e-09       2.642333357303e-09       2.524955922281e-10 
 1686       6.802390443059e-04       1.707269422326e-05       2.760877696000e-05       0.000000000000e+00       1.307957055002e-09       2.615727689111e-09       2.555698263093e-10 
 1687       6.744528623308e-04       1.722153089508e-05       2.781513670149e-05       0.000000000000e+00       1.301530556716e-09       2.589224948142e-09       2.585907541088e-10 
 1688       6.686824650667e-04       1.737073963278e-05       2.800566052564e-05       0.000000000000e+00       1.295137392374e-09       2.562827386294e-09       2.615585455763e-10 
 1689       6.629290370959e-04       1.752023793648e-05       2.818038155589e-05       0.000000000000e+00       1.288777351664e-09       2.536537264265e-09       2.644733721980e-10 
 1690       6.571937682865e-04       1.766994291354e-05       2.833933327625e-05       0.000000000000e+00       1.282450222711e-09       2.510356851565e-09       2.673354070004e-10 
 1691       6.514778538001e-04       1.781977127800e-05       2.848254953190e-05       0.000000000000e+00       1.276155792070e-09       2.484288426528e-09       2.701448245519e-10 
 1692       6.457824940998e-04       1.796963935002e-05       2.861006452986e-05       0.000000000000e+00       1.269893844728e-09       2.458334276324e-09       2.729018009662e-10 
 1693       6.401088949572e-04       1.811946305525e-05       2.872191283962e-05       0.000000000000e+00       1.263664164100e-09       2.432496696971e-09       2.756065139045e-10 
 1694       6.344582674604e-04       1.826915792426e-05       2.881812939377e-05       0.000000000000e+00       1.257466532023e-09       2.406777993346e-09       2.782591425784e-10 
 1695       6.288318280219e-04       1.841863909199e-05       2.889874948863e-05       0.000000000000e+00       1.251300728759e-09       2.381180479200e-09       2.808598677524e-10 
 1696       6.232307983854e-04       1.856782129715e-05       2.896380878487e-05       0.000000000000e+00       1.245166532989e-09       2.355706477166e-09       2.834088717468e-10 
 1697       6.176562965673e-04       1.871662487031e-05       2.901336539311e-05       0.000000000000e+00       1.239063737312e-09       2.330357979906e-09       2.859063520195e-10 
 1698       6.121090086353e-04       1.886499375584e-05       2.904756633739e-05       0.000000000000e+00       1.232992194903e-09       2.305135630327e-09       2.883525620350e-10 
 1699       6.065895141147e-04       1.901287764418e-05       2.906658166599e-05       0.000000000000e+00       1.226951773253e-09       2.280039732598e-09       2.907477707535e-10 
 1700       6.010983948015e-04       1.916022599698e-05       2.907058242004e-05       0.000000000000e+00       1.220942338702e-09       2.255070590212e-09       2.930922490861e-10 
 1701       5.956362347660e-04       1.930698804674e-05       2.905974063510e-05       0.000000000000e+00       1.214963756437e-09       2.230228505988e-09       2.953862698982e-10 
 1702       5.902036203552e-04       1.945311279647e-05       2.903422934272e-05       0.000000000000e+00       1.209015890486e-09       2.205513782069e-09       2.976301080129e-10 
 1703       5.848011401966e-04       1.959854901936e-05       2.899422257198e-05       0.000000000000e+00       1.203098603725e-09       2.180926719917e-09       2.998240402140e-10 
 1704       5.794293852005e-04       1.974324525847e-05       2.893989535103e-05       0.000000000000e+00       1.197211757865e-09       2.156467620313e-09       3.019683452490e-10 
 1705       5.740889485638e-04       1.988714982639e-05       2.887142370870e-05       0.000000000000e+00       1.191355213458e-09       2.132136783353e-09       3.040633038330e-10 
 1706       5.687804257726e-04       2.003021080488e-05       2.878898467598e-05       0.000000000000e+00       1.185528829894e-09       2.107934508448e-09       3.061091986513e-10 
 1707       5.635044146056e-04       2.017237604459e-05       2.869275628763e-05       0.000000000000e+00       1.179732465395e-09       2.083861094321e-09       3.081063143627e-10 
 1708       5.582615151370e-04       2.031359316467e-05       2.858291758372e-05       0.000000000000e+00       1.173965977015e-09       2.059916839004e-09       3.100549376031e-10 
 1709       5.530523297395e-04       2.045380955247e-05       2.845964861117e-05       0.000000000000e+00       1.168229220641e-09       2.036102039838e-09       3.119553569881e-10 
 1710       5.478774630877e-04       2.059297236323e-05       2.832313042531e-05       0.000000000000e+00       1.162522050987e-09       2.012416993467e-09       3.138078631169e-10 
 1711       5.427375221610e-04       2.073102851970e-05       2.817354509146e-05       0.000000000000e+00       1.156844321594e-09       1.988861995839e-09       3.156127485749e-10 
 1712       5.376331162464e-04       2.086792471184e-05       2.801107568644e-05       0.000000000000e+00       1.151195884828e-09       1.965437342205e-09       3.173703079375e-10 
 1713       5.325648569423e-04       2.100360739646e-05       2.783590630017e-05       0.000000000000e+00       1.145576591875e-09       1.942143327113e-09       3.190808377726e-10 
 1714       5.275333581608e-04       2.113802279693e-05       2.764822203719e-05       0.000000000000e+00       1.139986292744e-09       1.918980244409e-09       3.207446366445e-10 
 1715       5.225392361313e-04       2.127111690282e-05       2.744820901822e-05       0.000000000000e+00       1.134424836263e-09       1.895948387230e-09       3.223620051169e-10 
 1716       5.175831094034e-04       2.140283546956e-05       2.723605438173e-05       0.000000000000e+00       1.128892070074e-09       1.873048048012e-09       3.239332457557e-10 
 1717       5.126655988501e-04       2.153312401814e-05       2.701194628549e-05       0.000000000000e+00       1.123387840637e-09       1.850279518474e-09       3.254586631330e-10 
 1718       5.077873276707e-04       2.166192783474e-05       2.677607390812e-05       0.000000000000e+00       1.117911993222e-09       1.827643089629e-09       3.269385638295e-10 
 1719       5.029489213938e-04       2.178919197044e-05       2.652862745062e-05       0.000000000000e+00       1.112464371909e-09       1.805139051773e-09       3.283732564384e-10 
 1720       4.981510078810e-04       2.191486124084e-05       2.626979813797e-05       0.000000000000e+00       1.107044819590e-09       1.782767694485e-09       3.297630515681e-10 
 1721       4.933942173291e-04       2.203888022577e-05       2.599977822068e-05       0.000000000000e+00       1.101653177960e-09       1.760529306629e-09       3.311082618457e-10 
 1722       4.886791822740e-04       2.216119326894e-05       2.571876097629e-05       0.000000000000e+00       1.096289287522e-09       1.738424176346e-09       3.324092019202e-10 
 1723       4.840065375930e-04       2.228174447759e-05       2.542694071098e-05       0.000000000000e+00       1.090952987578e-09       1.716452591054e-09       3.336661884655e-10 
 1724       4.793769205088e-04       2.240047772222e-05       2.512451276111e-05       0.000000000000e+00       1.085644116234e-09       1.694614837448e-09       3.348795401840e-10 
 1725       4.747909705918e-04       2.251733663616e-05       2.481167349476e-05       0.000000000000e+00       1.080362510392e-09       1.672911201494e-09       3.360495778094e-10 
 1726       4.702493297634e-04       2.263226461534e-05       2.448862031330e-05       0.000000000000e+00       1.075108005753e-09       1.651341968431e-09       3.371766241102e-10 
 1727       4.657526422993e-04       2.274520481790e-05       2.415555165295e-05       0.000000000000e+00       1.069880436812e-09       1.629907422765e-09       3.382610038927e-10 
 1728       4.613015548324e-04       2.285610016385e-05       2.381266698630e-05       0.000000000000e+00       1.064679636855e-09       1.608607848270e-09       3.393030440045e-10 
 1729       4.568967163560e-04       2.296489333478e-05       2.346016682391e-05       0.000000000000e+00       1.059505437961e-09       1.587443527982e-09       3.403030733375e-10 
 1730       4.525387782267e-04       2.307152677350e-05       2.309825271583e-05       0.000000000000e+00       1.054357670996e-09       1.566414744202e-09       3.412614228311e-10 
 1731       4.482283941677e-04       2.317594268370e-05       2.272712725316e-05       0.000000000000e+00       1.049236165615e-09       1.545521778490e-09       3.421784254755e-10 
 1732       4.439662202716e-04       2.327808302966e-05       2.234699406965e-05       0.000000000000e+00       1.044140750255e-09       1.524764911663e-09       3.430544163149e-10 
 1733       4.397529150038e-04       2.337788953587e-05       2.195805784315e-05       0.000000000000e+00       1.039071252138e-09       1.504144423796e-09       3.438897324507e-10 
 1734       4.355891392056e-04       2.347530368672e-05       2.156052429730e-05       0.000000000000e+00       1.034027497265e-09       1.483660594214e-09       3.446847130449e-10 
 1735       4.314755560968e-04       2.357026672617e-05       2.115460020296e-05       0.000000000000e+00       1.029009310417e-09       1.463313701497e-09       3.454396993228e-10 
 1736       4.274127191910e-04       2.366272751013e-05       2.074049284429e-05       0.000000000000e+00       1.024016527552e-09       1.443104022473e-09       3.461550158937e-10 
 1737       4.234007350006e-04       2.375266613662e-05       2.031840840865e-05       0.000000000000e+00       1.019049033115e-09       1.423031829207e-09       3.468309145321e-10 
 1738       4.194395974946e-04       2.384007051411e-05       1.988855358622e-05       0.000000000000e+00       1.014106723040e-09       1.403097391984e-09       3.474676299289e-10 
 1739       4.155292999279e-04       2.392492852690e-05       1.945113610581e-05       0.000000000000e+00       1.009189492374e-09       1.383300980306e-09       3.480653983338e-10 
 1740       4.116698348397e-04       2.400722803504e-05       1.900636473642e-05       0.000000000000e+00       1.004297235278e-09       1.363642862884e-09       3.486244575579e-10 
 1741       4.078611940520e-04       2.408695687436e-05       1.855444928878e-05       0.000000000000e+00       9.994298450227e-10       1.344123307643e-09       3.491450469760e-10 
 1742       4.041033686687e-04       2.416410285642e-05       1.809560061687e-05       0.000000000000e+00       9.945872139904e-10       1.324742581715e-09       3.496274075293e-10 
 1743       4.003963490735e-04       2.423865376853e-05       1.763003061946e-05       0.000000000000e+00       9.897692336711e-10       1.305500951440e-09       3.500717817277e-10 
 1744       3.967401249293e-04       2.431059737368e-05       1.715795224162e-05       0.000000000000e+00       9.849757946619e-10       1.286398682360e-09       3.504784136525e-10 
 1745       3.931346851763e-04       2.437992141055e-05       1.667957947630e-05       0.000000000000e+00       9.802067866651e-10       1.267436039219e-09       3.508475489584e-10 
 1746       3.895800180309e-04       2.444661359350e-05       1.619512736582e-05       0.000000000000e+00       9.754620984871e-10       1.248613285964e-09       3.511794348767e-10 
 1747       3.860761109839e-04       2.451066161251e-05       1.570481200341e-05       0.000000000000e+00       9.707416180366e-10       1.229930685734e-09       3.514743202169e-10 
 1748       3.826229507997e-04       2.457205313321e-05       1.520885053478e-05       0.000000000000e+00       9.660452323233e-10       1.211388500870e-09       3.517324553700e-10 
 1749       3.792205235146e-04       2.463077579683e-05       1.470746115958e-05       0.000000000000e+00       9.613728274562e-10       1.192986992899e-09       3.519540923103e-10 
 1750       3.758688144355e-04       2.468681722019e-05       1.420086313303e-05       0.000000000000e+00       9.567242886426e-10       1.174726422546e-09       3.521394845983e-10 
 1751       3.725678081385e-04       2.474016499568e-05       1.368927676736e-05       0.000000000000e+00       9.520995001857e-10       1.156607049719e-09       3.522888873831e-10 
 1752       3.693174884674e-04       2.479080669123e-05       1.317292343341e-05       0.000000000000e+00       9.474983454842e-10       1.138629133515e-09       3.524025574048e-10 
 1753       3.661178385325e-04       2.483872985031e-05       1.265202556211e-05       0.000000000000e+00       9.429207070298e-10       1.120792932217e-09       3.524807529969e-10 
 1754       3.629688407094e-04       2.488392199189e-05       1.212680664606e-05       0.000000000000e+00       9.383664664064e-10       1.103098703287e-09       3.525237340888e-10 
 1755       3.598704766370e-04       2.492637061044e-05       1.159749124105e-05       0.000000000000e+00       9.338355042883e-10       1.085546703369e-09       3.525317622084e-10 
 1756       3.568227272170e-04       2.496606317590e-05       1.106430496756e-05       0.000000000000e+00       9.293277004389e-10       1.068137188283e-09       3.525051004846e-10 
 1757       3.538255726115e-04       2.500298713366e-05       1.052747451235e-05       0.000000000000e+00       9.248429337087e-10       1.050870413028e-09       3.524440136496e-10 
 1758       3.508789922427e-04       2.503712990454e-05       9.987227629925e-06       0.000000000000e+00       9.203810820346e-10       1.033746631772e-09       3.523487680413e-10 
 1759       3.479829647906e-04       2.506847888479e-05       9.443793144141e-06       0.000000000000e+00       9.159420224377e-10       1.016766097857e-09       3.522196316062e-10 
 1760       3.451374681923e-04       2.509702144603e-05       8.897400949682e-06       0.000000000000e+00       9.115256310223e-10       9.999290637931e-10       3.520568739012e-10 
 1761       3.423424796400e-04       2.512274493526e-05       8.348282013621e-06       0.000000000000e+00       9.071317829740e-10       9.832357812580e-10       3.518607660968e-10 
 1762       3.395979755805e-04       2.514563667486e-05       7.796668376942e-06       0.000000000000e+00       9.027603525585e-10       9.666865010930e-10       3.516315809791e-10 
 1763       3.369039317127e-04       2.516568396250e-05       7.242793156077e-06       0.000000000000e+00       8.984112131200e-10       9.502814733021e-10       3.513695929524e-10 
 1764       3.342603229872e-04       2.518287407121e-05       6.686890544441e-06       0.000000000000e+00       8.940842370796e-10       9.340209470496e-10       3.510750780416e-10 
 1765       3.316671236044e-04       2.519719424930e-05       6.129195813961e-06       0.000000000000e+00       8.897792959341e-10       9.179051706578e-10       3.507483138949e-10 
 1766       3.291243070134e-04       2.520863172034e-05       5.569945316610e-06       0.000000000000e+00       8.854962602541e-10       9.019343916046e-10       3.503895797861e-10 
 1767       3.266318459103e-04       2.521717368318e-05       5.009376485943e-06       0.000000000000e+00       8.812349996829e-10       8.861088565219e-10       3.499991566168e-10 
 1768       3.241897122370e-04       2.522280731192e-05       4.447727838625e-06       0.000000000000e+00       8.769953829347e-10       8.704288111926e-10       3.495773269195e-10 
 1769       3.217978771802e-04       2.522551975583e-05       3.885238975970e-06       0.000000000000e+00       8.727772777933e-10       8.548945005491e-10       3.491243748596e-10 
 1770       3.194563111691e-04       2.522529813944e-05       3.322150585468e-06       0.000000000000e+00       8.685805511105e-10       8.395061686706e-10       3.486405862381e-10 
 1771       3.171649838751e-04       2.522212956241e-05       2.758704442324e-06       0.000000000000e+00       8.644050688046e-10       8.242640587812e-10       3.481262484937e-10 
 1772       3.149238642096e-04       2.521600109959e-05       2.195143410986e-06       0.000000000000e+00       8.602506958592e-10       8.091684132478e-10       3.475816507059e-10 
 1773       3.127329203230e-04       2.520689980096e-05       1.631711446681e-06       0.000000000000e+00       8.561172963211e-10       7.942194735775e-10       3.470070835968e-10 
 1774       3.105921196033e-04       2.519481269164e-05       1.068653596949e-06       0.000000000000e+00       8.520047332993e-10       7.794174804157e-10       3.464028395342e-10 
 1775       3.085013619058e-04       2.517973268596e-05       5.061989950941e-07       0.000000000000e+00       8.479128778663e-10       7.647625658832e-10       3.457692127352e-10 
 1776       3.064602786425e-04       2.516167638328e-05      -5.549031581481e-08       0.000000000000e+00       8.438416358462e-10       7.502544296222e-10       3.451064998762e-10 
 1777       3.044684320340e-04       2.514066641887e-05      -6.162686257763e-07       0.000000000000e+00       8.397909212441e-10       7.358926600752e-10       3.444149994931e-10 
 1778       3.025253817236e-04       2.511672556328e-05      -1.175989587188e-06       0.000000000000e+00       8.357606473627e-10       7.216768418969e-10       3.436950117824e-10 
 1779       3.006306847736e-04       2.508987672256e-05      -1.734506213962e-06       0.000000000000e+00       8.317507268008e-10       7.076065559483e-10       3.429468386041e-10 
 1780       2.987838956614e-04       2.506014293847e-05      -2.291670880637e-06       0.000000000000e+00       8.277610714520e-10       6.936813792899e-10       3.421707834835e-10 
 1781       2.969845662756e-04       2.502754738867e-05      -2.847335321497e-06       0.000000000000e+00       8.237915925040e-10       6.799008851758e-10       3.413671516146e-10 
 1782       2.952322459120e-04       2.499211338694e-05      -3.401350629681e-06       0.000000000000e+00       8.198422004370e-10       6.662646430473e-10       3.405362498616e-10 
 1783       2.935264812697e-04       2.495386438338e-05      -3.953567256300e-06       0.000000000000e+00       8.159128050229e-10       6.527722185262e-10       3.396783867621e-10 
 1784       2.918668164473e-04       2.491282396461e-05      -4.503835009550e-06       0.000000000000e+00       8.120033153238e-10       6.394231734092e-10       3.387938725292e-10 
 1785       2.902527929387e-04       2.486901585398e-05      -5.052003053829e-06       0.000000000000e+00       8.081136396910e-10       6.262170656610e-10       3.378830190541e-10 
 1786       2.886839496297e-04       2.482246391178e-05      -5.597919908848e-06       0.000000000000e+00       8.042436857640e-10       6.131534494086e-10       3.369461399088e-10 
 1787       2.871598227934e-04       2.477319213546e-05      -6.141433448747e-06       0.000000000000e+00       8.003933604692e-10       6.002318749343e-10       3.359835503479e-10 
 1788       2.856799460868e-04       2.472122465979e-05      -6.682390901208e-06       0.000000000000e+00       7.965625700185e-10       5.874518886700e-10       3.349955673121e-10 
 1789       2.842438505468e-04       2.466658575710e-05      -7.220638846574e-06       0.000000000000e+00       7.927512199086e-10       5.748130331906e-10       3.339825094297e-10 
 1790       2.828510645860e-04       2.460929983750e-05      -7.756023216956e-06       0.000000000000e+00       7.889592149197e-10       5.623148472078e-10       3.329446970196e-10 
 1791       2.815011139892e-04       2.454939144904e-05      -8.288389295354e-06       0.000000000000e+00       7.851864591140e-10       5.499568655637e-10       3.318824520937e-10 
 1792       2.801935219091e-04       2.448688527796e-05      -8.817581714768e-06       0.000000000000e+00       7.814328558351e-10       5.377386192247e-10       3.307960983595e-10 
 1793       2.789278088627e-04       2.442180614887e-05      -9.343444457312e-06       0.000000000000e+00       7.776983077065e-10       5.256596352750e-10       3.296859612221e-10 
 1794       2.777034927270e-04       2.435417902496e-05      -9.865820853331e-06       0.000000000000e+00       7.739827166302e-10       5.137194369106e-10       3.285523677874e-10 
 1795       2.765200887356e-04       2.428402900820e-05      -1.038455358051e-05       0.000000000000e+00       7.702859837863e-10       5.019175434326e-10       3.273956468638e-10 
 1796       2.753771094743e-04       2.421138133958e-05      -1.089948466300e-05       0.000000000000e+00       7.666080096312e-10       4.902534702411e-10       3.262161289655e-10 
 1797       2.742740648774e-04       2.413626139926e-05      -1.141045547052e-05       0.000000000000e+00       7.629486938965e-10       4.787267288291e-10       3.250141463142e-10 
 1798       2.732104622238e-04       2.405869470683e-05      -1.191730671747e-05       0.000000000000e+00       7.593079355881e-10       4.673368267758e-10       3.237900328421e-10 
 1799       2.721858061332e-04       2.397870692147e-05      -1.241987846206e-05       0.000000000000e+00       7.556856329851e-10       4.560832677408e-10       3.225441241942e-10 
 1800       2.711995985617e-04       2.389632384219e-05      -1.291801010541e-05       0.000000000000e+00       7.520816836381e-10       4.449655514572e-10       3.212767577307e-10 
 1801       2.702513387984e-04       2.381157140803e-05      -1.341154039067e-05       0.000000000000e+00       7.484959843688e-10       4.339831737259e-10       3.199882725297e-10 
 1802       2.693405234613e-04       2.372447569823e-05      -1.390030740214e-05       0.000000000000e+00       7.449284312681e-10       4.231356264090e-10       3.186790093895e-10 
 1803       2.684666464933e-04       2.363506293250e-05      -1.438414856438e-05       0.000000000000e+00       7.413789196956e-10       4.124223974234e-10       3.173493108310e-10 
 1804       2.676291991585e-04       2.354335947115e-05      -1.486290064131e-05       0.000000000000e+00       7.378473442779e-10       4.018429707348e-10       3.159995211006e-10 
 1805       2.668276700380e-04       2.344939181537e-05      -1.533639973536e-05       0.000000000000e+00       7.343335989079e-10       3.913968263511e-10       3.146299861721e-10 
 1806       2.660615450261e-04       2.335318660739e-05      -1.580448128652e-05       0.000000000000e+00       7.308375767432e-10       3.810834403165e-10       3.132410537496e-10 
 1807       2.653303073265e-04       2.325477063068e-05      -1.626698007155e-05       0.000000000000e+00       7.273591702055e-10       3.709022847047e-10       3.118330732699e-10 
 1808       2.646334374483e-04       2.315417081020e-05      -1.672373020300e-05       0.000000000000e+00       7.238982709787e-10       3.608528276132e-10       3.104063959047e-10 
 1809       2.639704132020e-04       2.305141421255e-05      -1.717456512838e-05       0.000000000000e+00       7.204547700085e-10       3.509345331562e-10       3.089613745637e-10 
 1810       2.633407096957e-04       2.294652804623e-05      -1.761931762927e-05       0.000000000000e+00       7.170285575008e-10       3.411468614593e-10       3.074983638962e-10 
 1811       2.627437993311e-04       2.283953966181e-05      -1.805781982040e-05       0.000000000000e+00       7.136195229206e-10       3.314892686523e-10       3.060177202946e-10 
 1812       2.621791517995e-04       2.273047655213e-05      -1.848990314880e-05       0.000000000000e+00       7.102275549910e-10       3.219612068635e-10       3.045198018958e-10 
 1813       2.616462340783e-04       2.261936635254e-05      -1.891539839290e-05       0.000000000000e+00       7.068525416918e-10       3.125621242132e-10       3.030049685846e-10 
 1814       2.611445059312e-04       2.250623866716e-05      -1.933415779654e-05       0.000000000000e+00       7.034943776622e-10       3.032914685187e-10       3.014735645215e-10 
 1815       2.606734063788e-04       2.239113056342e-05      -1.974612166793e-05       0.000000000000e+00       7.001529864759e-10       2.941486984563e-10       2.999258655684e-10 
 1816       2.602323671115e-04       2.227408112225e-05      -2.015125231619e-05       0.000000000000e+00       6.968282985431e-10       2.851332724767e-10       2.983621314440e-10 
 1817       2.598208169705e-04       2.215512961631e-05      -2.054951196512e-05       0.000000000000e+00       6.935202437227e-10       2.762446450960e-10       2.967826231609e-10 
 1818       2.594381819439e-04       2.203431551027e-05      -2.094086275315e-05       0.000000000000e+00       6.902287513211e-10       2.674822668895e-10       2.951876030279e-10 
 1819       2.590838851626e-04       2.191167846107e-05      -2.132526673324e-05       0.000000000000e+00       6.869537500916e-10       2.588455844849e-10       2.935773346516e-10 
 1820       2.587573468961e-04       2.178725831817e-05      -2.170268587282e-05       0.000000000000e+00       6.836951682330e-10       2.503340405573e-10       2.919520829383e-10 
 1821       2.584579845488e-04       2.166109512387e-05      -2.207308205369e-05       0.000000000000e+00       6.804529333894e-10       2.419470738218e-10       2.903121140959e-10 
 1822       2.581852126552e-04       2.153322911355e-05      -2.243641707197e-05       0.000000000000e+00       6.772269726488e-10       2.336841190283e-10       2.886576956355e-10 
 1823       2.579384428767e-04       2.140370071594e-05      -2.279265263799e-05       0.000000000000e+00       6.740172125423e-10       2.255446069548e-10       2.869890963737e-10 
 1824       2.577170839968e-04       2.127255055342e-05      -2.314175037622e-05       0.000000000000e+00       6.708235790435e-10       2.175279644014e-10       2.853065864339e-10 
 1825       2.575205419175e-04       2.113981944227e-05      -2.348367182522e-05       0.000000000000e+00       6.676459975672e-10       2.096336141842e-10       2.836104372485e-10 
 1826       2.573482196548e-04       2.100554839294e-05      -2.381837843751e-05       0.000000000000e+00       6.644843929689e-10       2.018609751290e-10       2.819009215607e-10 
 1827       2.571995173350e-04       2.086977861032e-05      -2.414583157954e-05       0.000000000000e+00       6.613386895437e-10       1.942094620653e-10       2.801783134263e-10 
 1828       2.570738321904e-04       2.073255149405e-05      -2.446599253158e-05       0.000000000000e+00       6.582088110252e-10       1.866784858200e-10       2.784428882155e-10 
 1829       2.569705585552e-04       2.059390863874e-05      -2.477882248766e-05       0.000000000000e+00       6.550946805852e-10       1.792674532113e-10       2.766949226147e-10 
 1830       2.568890878617e-04       2.045389183427e-05      -2.508428255545e-05       0.000000000000e+00       6.519962208323e-10       1.719757670426e-10       2.749346946285e-10 
 1831       2.568288086358e-04       2.031254306606e-05      -2.538233375625e-05       0.000000000000e+00       6.489133538112e-10       1.648028260963e-10       2.731624835816e-10 
 1832       2.567891064932e-04       2.016990451534e-05      -2.567293702487e-05       0.000000000000e+00       6.458460010019e-10       1.577480251275e-10       2.713785701203e-10 
 1833       2.567693641352e-04       2.002601855943e-05      -2.595605320953e-05       0.000000000000e+00       6.427940833185e-10       1.508107548580e-10       2.695832362145e-10 
 1834       2.567689613449e-04       1.988092777200e-05      -2.623164307184e-05       0.000000000000e+00       6.397575211088e-10       1.439904019703e-10       2.677767651599e-10 
 1835       2.567872749825e-04       1.973467492333e-05      -2.649966728665e-05       0.000000000000e+00       6.367362341529e-10       1.372863491009e-10       2.659594415792e-10 
 1836       2.568236789819e-04       1.958730298064e-05      -2.676008644204e-05       0.000000000000e+00       6.337301416627e-10       1.306979748347e-10       2.641315514245e-10 
 1837       2.568775443462e-04       1.943885510827e-05      -2.701286103920e-05       0.000000000000e+00       6.307391622808e-10       1.242246536986e-10       2.622933819789e-10 
 1838       2.569482391438e-04       1.928937466805e-05      -2.725795149235e-05       0.000000000000e+00       6.277632140798e-10       1.178657561555e-10       2.604452218581e-10 
 1839       2.570351285042e-04       1.913890521949e-05      -2.749531812869e-05       0.000000000000e+00       6.248022145612e-10       1.116206485976e-10       2.585873610129e-10 
 1840       2.571375746140e-04       1.898749052012e-05      -2.772492118829e-05       0.000000000000e+00       6.218560806545e-10       1.054886933410e-10       2.567200907304e-10 
 1841       2.572549367129e-04       1.883517452571e-05      -2.794672082403e-05       0.000000000000e+00       6.189247287166e-10       9.946924861913e-11       2.548437036361e-10 
 1842       2.573865710892e-04       1.868200139057e-05      -2.816067710151e-05       0.000000000000e+00       6.160080745307e-10       9.356166857655e-11       2.529584936958e-10 
 1843       2.575318310765e-04       1.852801546781e-05      -2.836674999899e-05       0.000000000000e+00       6.131060333055e-10       8.776530326294e-11       2.510647562174e-10 
 1844       2.576900670487e-04       1.837326130962e-05      -2.856489940728e-05       0.000000000000e+00       6.102185196741e-10       8.207949862687e-11       2.491627878526e-10 
 1845       2.578606264167e-04       1.821778366755e-05      -2.875508512969e-05       0.000000000000e+00       6.073454476934e-10       7.650359650966e-11       2.472528865990e-10 
 1846       2.580428536239e-04       1.806162749275e-05      -2.893726688194e-05       0.000000000000e+00       6.044867308431e-10       7.103693463923e-11       2.453353518017e-10 
 1847       2.582360901420e-04       1.790483793628e-05      -2.911140429207e-05       0.000000000000e+00       6.016422820248e-10       6.567884662391e-11       2.434104841552e-10 
 1848       2.584396744675e-04       1.774746034938e-05      -2.927745690038e-05       0.000000000000e+00       5.988120135609e-10       6.042866194629e-11       2.414785857055e-10 
 1849       2.586529421169e-04       1.758954028369e-05      -2.943538415935e-05       0.000000000000e+00       5.959958371944e-10       5.528570595708e-11       2.395399598516e-10 
 1850       2.588752256231e-04       1.743112349160e-05      -2.958514543355e-05       0.000000000000e+00       5.931936640871e-10       5.024929986894e-11       2.375949113473e-10 
 1851       2.591058545314e-04       1.727225592645e-05      -2.972669999955e-05       0.000000000000e+00       5.904054048194e-10       4.531876075030e-11       2.356437463036e-10 
 1852       2.593441553947e-04       1.711298374287e-05      -2.986000704588e-05       0.000000000000e+00       5.876309693891e-10       4.049340151924e-11       2.336867721898e-10 
 1853       2.595894944026e-04       1.695335126819e-05      -2.998504200574e-05       0.000000000000e+00       5.848702730037e-10       3.577254453086e-11       2.317242763162e-10 
 1854       2.598414056410e-04       1.679339489887e-05      -3.010184569643e-05       0.000000000000e+00       5.821232535093e-10       3.115556246920e-11       2.297564610908e-10 
 1855       2.600994638367e-04       1.663314915640e-05      -3.021047556785e-05       0.000000000000e+00       5.793898540974e-10       2.664183776601e-11       2.277835082547e-10 
 1856       2.603632418151e-04       1.647264871200e-05      -3.031098940542e-05       0.000000000000e+00       5.766700175241e-10       2.223074903083e-11       2.258056003567e-10 
 1857       2.606323104967e-04       1.631192838676e-05      -3.040344533053e-05       0.000000000000e+00       5.739636861088e-10       1.792167104527e-11       2.238229207541e-10 
 1858       2.609062388954e-04       1.615102315187e-05      -3.048790180108e-05       0.000000000000e+00       5.712708017340e-10       1.371397475739e-11       2.218356536139e-10 
 1859       2.611845941154e-04       1.598996812883e-05      -3.056441761195e-05       0.000000000000e+00       5.685913058443e-10       9.607027275934e-12       2.198439839139e-10 
 1860       2.614669413487e-04       1.582879858961e-05      -3.063305189548e-05       0.000000000000e+00       5.659251394458e-10       5.600191864721e-12       2.178480974438e-10 
 1861       2.617528438726e-04       1.566754995690e-05      -3.069386412197e-05       0.000000000000e+00       5.632722431058e-10       1.692827936906e-12       2.158481808065e-10 
 1862       2.620418630470e-04       1.550625780429e-05      -3.074691410019e-05       0.000000000000e+00       5.606325569512e-10      -2.115708950678e-12       2.138444214186e-10 
 1863       2.623335583119e-04       1.534495785644e-05      -3.079226197784e-05       0.000000000000e+00       5.580060206689e-10      -5.826067103214e-12       2.118370075122e-10 
 1864       2.626274871846e-04       1.518368598937e-05      -3.082996824206e-05       0.000000000000e+00       5.553925735045e-10      -9.438898693583e-12       2.098261281354e-10 
 1865       2.629232052576e-04       1.502247823054e-05      -3.086009371992e-05       0.000000000000e+00       5.527921542614e-10      -1.295485976805e-11       2.078119731539e-10 
 1866       2.632202661954e-04       1.486137075917e-05      -3.088269957893e-05       0.000000000000e+00       5.502047013008e-10      -1.637461025195e-11       2.057947332516e-10 
 1867       2.635182217322e-04       1.470039990635e-05      -3.089784732747e-05       0.000000000000e+00       5.476301525406e-10      -1.969881395537e-11       2.037745999320e-10 
 1868       2.638166216695e-04       1.453960215529e-05      -3.090559881537e-05       0.000000000000e+00       5.450684454546e-10      -2.292813857883e-11       2.017517655194e-10 
 1869       2.641150138731e-04       1.437901414153e-05      -3.090601623432e-05       0.000000000000e+00       5.425195170721e-10      -2.606325571898e-11       1.997264231596e-10 
 1870       2.644129442707e-04       1.421867265308e-05      -3.089916211842e-05       0.000000000000e+00       5.399833039770e-10      -2.910484087429e-11       1.976987668213e-10 
 1871       2.647099568496e-04       1.405861463069e-05      -3.088509934464e-05       0.000000000000e+00       5.374597423075e-10      -3.205357345069e-11       1.956689912970e-10 
 1872       2.650055936535e-04       1.389887716803e-05      -3.086389113331e-05       0.000000000000e+00       5.349487677548e-10      -3.491013676732e-11       1.936372922044e-10 
 1873       2.652993947804e-04       1.373949751186e-05      -3.083560104864e-05       0.000000000000e+00       5.324503155628e-10      -3.767521806217e-11       1.916038659870e-10 
 1874       2.655908983798e-04       1.358051306228e-05      -3.080029299919e-05       0.000000000000e+00       5.299643205277e-10      -4.034950849778e-11       1.895689099156e-10 
 1875       2.658796406501e-04       1.342196137289e-05      -3.075803123835e-05       0.000000000000e+00       5.274907169965e-10      -4.293370316692e-11       1.875326220894e-10 
 1876       2.661651558361e-04       1.326388015103e-05      -3.070888036487e-05       0.000000000000e+00       5.250294388671e-10      -4.542850109827e-11       1.854952014367e-10 
 1877       2.664469762265e-04       1.310630725794e-05      -3.065290532331e-05       0.000000000000e+00       5.225804195872e-10      -4.783460526213e-11       1.834568477164e-10 
 1878       2.667246321509e-04       1.294928070899e-05      -3.059017140456e-05       0.000000000000e+00       5.201435921539e-10      -5.015272257607e-11       1.814177615189e-10 
 1879       2.669976519777e-04       1.279283867388e-05      -3.052074424631e-05       0.000000000000e+00       5.177188891126e-10      -5.238356391066e-11       1.793781442671e-10 
 1880       2.672655621112e-04       1.263701947682e-05      -3.044468983358e-05       0.000000000000e+00       5.153062425566e-10      -5.452784409509e-11       1.773381982178e-10 
 1881       2.675278869891e-04       1.248186159677e-05      -3.036207449914e-05       0.000000000000e+00       5.129055841267e-10      -5.658628192291e-11       1.752981264626e-10 
 1882       2.677841490800e-04       1.232740366760e-05      -3.027296492410e-05       0.000000000000e+00       5.105168450097e-10      -5.855960015771e-11       1.732581329287e-10 
 1883       2.680338688805e-04       1.217368447830e-05      -3.017742813830e-05       0.000000000000e+00       5.081399559385e-10      -6.044852553877e-11       1.712184223806e-10 
 1884       2.682765649130e-04       1.202074297322e-05      -3.007553152089e-05       0.000000000000e+00       5.057748471912e-10      -6.225378878677e-11       1.691792004209e-10 
 1885       2.685117537228e-04       1.186861825222e-05      -2.996734280075e-05       0.000000000000e+00       5.034214485901e-10      -6.397612460949e-11       1.671406734911e-10 
 1886       2.687389498758e-04       1.171734957089e-05      -2.985293005703e-05       0.000000000000e+00       5.010796895015e-10      -6.561627170746e-11       1.651030488732e-10 
 1887       2.689576659557e-04       1.156697634078e-05      -2.973236171963e-05       0.000000000000e+00       4.987494988344e-10      -6.717497277965e-11       1.630665346903e-10 
 1888       2.691674125612e-04       1.141753812954e-05      -2.960570656966e-05       0.000000000000e+00       4.964308050407e-10      -6.865297452921e-11       1.610313399082e-10 
 1889       2.693676983040e-04       1.126907466120e-05      -2.947303373999e-05       0.000000000000e+00       4.941235361136e-10      -7.005102766905e-11       1.589976743362e-10 
 1890       2.695580298058e-04       1.112162581629e-05      -2.933441271569e-05       0.000000000000e+00       4.918276195875e-10      -7.136988692764e-11       1.569657486280e-10 
 1891       2.697379116955e-04       1.097523163210e-05      -2.918991333454e-05       0.000000000000e+00       4.895429825371e-10      -7.261031105462e-11       1.549357742833e-10 
 1892       2.699069056171e-04       1.082992833421e-05      -2.903961109586e-05       0.000000000000e+00       4.872695562292e-10      -7.377305826450e-11       1.529079542210e-10 
 1893       2.700648077550e-04       1.068573639722e-05      -2.888360313076e-05       0.000000000000e+00       4.850072901181e-10      -7.485887251777e-11       1.508824544191e-10 
 1894       2.702114726766e-04       1.054267239204e-05      -2.872199235643e-05       0.000000000000e+00       4.827561379575e-10      -7.586849714503e-11       1.488594320578e-10 
 1895       2.703467544462e-04       1.040075294628e-05      -2.855488217961e-05       0.000000000000e+00       4.805160531566e-10      -7.680267940485e-11       1.468390449278e-10 
 1896       2.704705066243e-04       1.025999474428e-05      -2.838237649735e-05       0.000000000000e+00       4.782869887800e-10      -7.766217048928e-11       1.448214514309e-10 
 1897       2.705825822673e-04       1.012041452722e-05      -2.820457969760e-05       0.000000000000e+00       4.760688975471e-10      -7.844772552946e-11       1.428068105812e-10 
 1898       2.706828339266e-04       9.982029093123e-06      -2.802159665995e-05       0.000000000000e+00       4.738617318317e-10      -7.916010360108e-11       1.407952820053e-10 
 1899       2.707711136480e-04       9.844855296986e-06      -2.783353275623e-05       0.000000000000e+00       4.716654436611e-10      -7.980006772993e-11       1.387870259435e-10 
 1900       2.708472729715e-04       9.708910050814e-06      -2.764049385126e-05       0.000000000000e+00       4.694799847160e-10      -8.036838489745e-11       1.367822032504e-10 
 1901       2.709111629300e-04       9.574210323699e-06      -2.744258630345e-05       0.000000000000e+00       4.673053063297e-10      -8.086582604626e-11       1.347809753958e-10 
 1902       2.709626340492e-04       9.440773141890e-06      -2.723991696548e-05       0.000000000000e+00       4.651413594877e-10      -8.129316608566e-11       1.327835044652e-10 
 1903       2.710015363469e-04       9.308615588855e-06      -2.703259318502e-05       0.000000000000e+00       4.629880948270e-10      -8.165118389721e-11       1.307899531610e-10 
 1904       2.710277193323e-04       9.177754805355e-06      -2.682072280534e-05       0.000000000000e+00       4.608454626357e-10      -8.194066234021e-11       1.288004848028e-10 
 1905       2.710410320052e-04       9.048207989512e-06      -2.660441416601e-05       0.000000000000e+00       4.587134128528e-10      -8.216238825728e-11       1.268152633286e-10 
 1906       2.710413228557e-04       8.919992396873e-06      -2.638377610356e-05       0.000000000000e+00       4.565918950669e-10      -8.231715247987e-11       1.248344532953e-10 
 1907       2.710284398637e-04       8.793125340484e-06      -2.615891795215e-05       0.000000000000e+00       4.544808585164e-10      -8.240574983379e-11       1.228582198796e-10 
 1908       2.710022304978e-04       8.667624190953e-06      -2.592994954426e-05       0.000000000000e+00       4.523802520885e-10      -8.242897914474e-11       1.208867288788e-10 
 1909       2.709625417148e-04       8.543506376525e-06      -2.569698121132e-05       0.000000000000e+00       4.502900243189e-10      -8.238764324385e-11       1.189201467113e-10 
 1910       2.709092199597e-04       8.420789383142e-06      -2.546012378441e-05       0.000000000000e+00       4.482101233914e-10      -8.228254897321e-11       1.169586404178e-10 
 1911       2.708421111641e-04       8.299490754521e-06      -2.521948859491e-05       0.000000000000e+00       4.461404971370e-10      -8.211450719140e-11       1.150023776618e-10 
 1912       2.707610607465e-04       8.179628092215e-06      -2.497518747520e-05       0.000000000000e+00       4.440810930337e-10      -8.188433277904e-11       1.130515267304e-10 
 1913       2.706659136110e-04       8.061219055682e-06      -2.472733275930e-05       0.000000000000e+00       4.420318582056e-10      -8.159284464427e-11       1.111062565351e-10 
 1914       2.705565141471e-04       7.944281362360e-06      -2.447603728353e-05       0.000000000000e+00       4.399927394230e-10      -8.124086572836e-11       1.091667366128e-10 
 1915       2.704327062289e-04       7.828832787727e-06      -2.422141438724e-05       0.000000000000e+00       4.379636831011e-10      -8.082922301117e-11       1.072331371260e-10 
 1916       2.702943332147e-04       7.714891165375e-06      -2.396357791339e-05       0.000000000000e+00       4.359446353002e-10      -8.035874751671e-11       1.053056288642e-10 
 1917       2.701412379458e-04       7.602474387076e-06      -2.370264220930e-05       0.000000000000e+00       4.339355417246e-10      -7.983027431870e-11       1.033843832444e-10 
 1918       2.699732627468e-04       7.491600402852e-06      -2.343872212727e-05       0.000000000000e+00       4.319363477223e-10      -7.924464254605e-11       1.014695723118e-10 
 1919       2.697902494242e-04       7.382287221040e-06      -2.317193302528e-05       0.000000000000e+00       4.299469982847e-10      -7.860269538843e-11       9.956136874072e-11 
 1920       2.695920392662e-04       7.274552908367e-06      -2.290239076764e-05       0.000000000000e+00       4.279674380455e-10      -7.790528010178e-11       9.765994583529e-11 
 1921       2.693784730418e-04       7.168415590010e-06      -2.263021172566e-05       0.000000000000e+00       4.259976112808e-10      -7.715324801388e-11       9.576547753026e-11 
 1922       2.691493910004e-04       7.063893449672e-06      -2.235551277832e-05       0.000000000000e+00       4.240374619082e-10      -7.634745452982e-11       9.387813839179e-11 
 1923       2.689046328714e-04       6.961004729645e-06      -2.207841131297e-05       0.000000000000e+00       4.220869334864e-10      -7.548875913757e-11       9.199810361819e-11 
 1924       2.686440378629e-04       6.859767730883e-06      -2.179902522594e-05       0.000000000000e+00       4.201459692145e-10      -7.457802541354e-11       9.012554904069e-11 
 1925       2.683674446617e-04       6.760200813066e-06      -2.151747292326e-05       0.000000000000e+00       4.182145119317e-10      -7.361612102804e-11       8.826065112428e-11 
 1926       2.680746914325e-04       6.662322394671e-06      -2.123387332132e-05       0.000000000000e+00       4.162925041168e-10      -7.260391775088e-11       8.640358696840e-11 
 1927       2.677656158173e-04       6.566150953039e-06      -2.094834584751e-05       0.000000000000e+00       4.143798878872e-10      -7.154229145686e-11       8.455453430776e-11 
 1928       2.674400549346e-04       6.471705024448e-06      -2.066101044094e-05       0.000000000000e+00       4.124766049992e-10      -7.043212213131e-11       8.271367151314e-11 
 1929       2.670978453791e-04       6.379003204173e-06      -2.037198755306e-05       0.000000000000e+00       4.105825968465e-10      -6.927429387566e-11       8.088117759209e-11 
 1930       2.667388232208e-04       6.288064146561e-06      -2.008139814835e-05       0.000000000000e+00       4.086978044605e-10      -6.806969491290e-11       7.905723218978e-11 
 1931       2.663628698567e-04       6.198902678150e-06      -1.978935843122e-05       0.000000000000e+00       4.068221720779e-10      -6.681917597307e-11       7.724199659035e-11 
 1932       2.659700499462e-04       6.111518104673e-06      -1.949596398158e-05       0.000000000000e+00       4.049556578758e-10      -6.552342509353e-11       7.543555656210e-11 
 1933       2.655604745199e-04       6.025905815568e-06      -1.920130550035e-05       0.000000000000e+00       4.030982233169e-10      -6.418309188079e-11       7.363797908066e-11 
 1934       2.651342552232e-04       5.942061162819e-06      -1.890547407283e-05       0.000000000000e+00       4.012498295882e-10      -6.279882904861e-11       7.184933128921e-11 
 1935       2.646915043171e-04       5.859979460903e-06      -1.860856116921e-05       0.000000000000e+00       3.994104376003e-10      -6.137129242224e-11       7.006968049865e-11 
 1936       2.642323346793e-04       5.779655986733e-06      -1.831065864503e-05       0.000000000000e+00       3.975800079871e-10      -5.990114094258e-11       6.829909418776e-11 
 1937       2.637568598045e-04       5.701085979599e-06      -1.801185874172e-05       0.000000000000e+00       3.957585011053e-10      -5.838903667040e-11       6.653764000339e-11 
 1938       2.632651938061e-04       5.624264641115e-06      -1.771225408710e-05       0.000000000000e+00       3.939458770343e-10      -5.683564479053e-11       6.478538576058e-11 
 1939       2.627574514163e-04       5.549187135160e-06      -1.741193769585e-05       0.000000000000e+00       3.921420955753e-10      -5.524163361603e-11       6.304239944274e-11 
 1940       2.622337479873e-04       5.475848587822e-06      -1.711100297002e-05       0.000000000000e+00       3.903471162513e-10      -5.360767459239e-11       6.130874920183e-11 
 1941       2.616941994922e-04       5.404244087342e-06      -1.680954369956e-05       0.000000000000e+00       3.885608983065e-10      -5.193444230176e-11       5.958450335851e-11 
 1942       2.611389225257e-04       5.334368684055e-06      -1.650765406278e-05       0.000000000000e+00       3.867834007057e-10      -5.022261446710e-11       5.786973040231e-11 
 1943       2.605680343050e-04       5.266217390337e-06      -1.620542862686e-05       0.000000000000e+00       3.850145821345e-10      -4.847287195638e-11       5.616449899178e-11 
 1944       2.599816526710e-04       5.199785180546e-06      -1.590296234838e-05       0.000000000000e+00       3.832544009982e-10      -4.668589878680e-11       5.446887795468e-11 
 1945       2.593798960884e-04       5.135066990967e-06      -1.560035057376e-05       0.000000000000e+00       3.815028154217e-10      -4.486238212894e-11       5.278293628811e-11 
 1946       2.587628836474e-04       5.072057719752e-06      -1.529768903983e-05       0.000000000000e+00       3.797597832490e-10      -4.300301231101e-11       5.110674315871e-11 
 1947       2.581307350639e-04       5.010752226868e-06      -1.499507387427e-05       0.000000000000e+00       3.780252620432e-10      -4.110848282299e-11       4.944036790279e-11 
 1948       2.574835706808e-04       4.951145334038e-06      -1.469260159616e-05       0.000000000000e+00       3.762992090852e-10      -3.917949032085e-11       4.778388002653e-11 
 1949       2.568215114687e-04       4.893231824683e-06      -1.439036911644e-05       0.000000000000e+00       3.745815813743e-10      -3.721673463074e-11       4.613734920610e-11 
 1950       2.561446790266e-04       4.837006443869e-06      -1.408847373841e-05       0.000000000000e+00       3.728723356270e-10      -3.522091875318e-11       4.450084528786e-11 
 1951       2.554531955831e-04       4.782463898247e-06      -1.378701315827e-05       0.000000000000e+00       3.711714282770e-10      -3.319274886725e-11       4.287443828852e-11 
 1952       2.547471839970e-04       4.729598855999e-06      -1.348608546558e-05       0.000000000000e+00       3.694788154747e-10      -3.113293433481e-11       4.125819839527e-11 
 1953       2.540267677583e-04       4.678405946780e-06      -1.318578914379e-05       0.000000000000e+00       3.677944530867e-10      -2.904218770464e-11       3.965219596601e-11 
 1954       2.532920709888e-04       4.628879761659e-06      -1.288622307070e-05       0.000000000000e+00       3.661182966955e-10      -2.692122471668e-11       3.805650152943e-11 
 1955       2.525432184434e-04       4.581014853069e-06      -1.258748651902e-05       0.000000000000e+00       3.644503015990e-10      -2.477076430621e-11       3.647118578525e-11 
 1956       2.517803355105e-04       4.534805734744e-06      -1.228967915678e-05       0.000000000000e+00       3.627904228102e-10      -2.259152860805e-11       3.489631960433e-11 
 1957       2.510035482132e-04       4.490246881665e-06      -1.199290104794e-05       0.000000000000e+00       3.611386150566e-10      -2.038424296072e-11       3.333197402887e-11 
 1958       2.502129832101e-04       4.447332730004e-06      -1.169725265280e-05       0.000000000000e+00       3.594948327800e-10      -1.814963591069e-11       3.177822027254e-11 
 1959       2.494087677960e-04       4.406057677066e-06      -1.140283482854e-05       0.000000000000e+00       3.578590301360e-10      -1.588843921650e-11       3.023512972070e-11 
 1960       2.485910299027e-04       4.366416081233e-06      -1.110974882972e-05       0.000000000000e+00       3.562311609934e-10      -1.360138785304e-11       2.870277393048e-11 
 1961       2.477598981004e-04       4.328402261907e-06      -1.081809630877e-05       0.000000000000e+00       3.546111789341e-10      -1.128922001567e-11       2.718122463102e-11 
 1962       2.469155015977e-04       4.292010499456e-06      -1.052797931648e-05       0.000000000000e+00       3.529990372526e-10      -8.952677124447e-12       2.567055372360e-11 
 1963       2.460579702434e-04       4.257235035151e-06      -1.023950030255e-05       0.000000000000e+00       3.513946889553e-10      -6.592503828313e-12       2.417083328181e-11 
 1964       2.451874345265e-04       4.224070071118e-06      -9.952762116000e-06       0.000000000000e+00       3.497980867607e-10      -4.209448009290e-12       2.268213555171e-11 
 1965       2.443040255777e-04       4.192509770274e-06      -9.667868005765e-06       0.000000000000e+00       3.482091830981e-10      -1.804260786669e-12       2.120453295199e-11 
 1966       2.434078751700e-04       4.162548256274e-06      -9.384921621135e-06       0.000000000000e+00       3.466279301082e-10       6.223034787918e-13       1.973809807415e-11 
 1967       2.424991157194e-04       4.134179613456e-06      -9.104027012274e-06       0.000000000000e+00       3.450542796418e-10       3.069487180679e-12       1.828290368265e-11 
 1968       2.415778802861e-04       4.107397886779e-06      -8.825288630719e-06       0.000000000000e+00       3.434881832600e-10       5.536529462728e-12       1.683902271508e-11 
 1969       2.406443025752e-04       4.082197081771e-06      -8.548811329878e-06       0.000000000000e+00       3.419295922334e-10       8.022666214627e-12       1.540652828232e-11 
 1970       2.396985341501e-04       4.058569126449e-06      -8.274689786522e-06       0.000000000000e+00       3.403784610090e-10       1.052718015460e-11       1.398548471484e-11 
 1971       2.387407962118e-04       4.036497740643e-06      -8.002976678327e-06       0.000000000000e+00       3.388347576394e-10       1.304955149233e-11       1.257592062855e-11 
 1972       2.377713282063e-04       4.015964521011e-06      -7.733714270899e-06       0.000000000000e+00       3.372984534300e-10       1.558930837702e-11       1.117785565916e-11 
 1973       2.367903706480e-04       3.996950974807e-06      -7.466944975497e-06       0.000000000000e+00       3.357695194791e-10       1.814597690962e-11       9.791309397777e-12 
 1974       2.357981651210e-04       3.979438519760e-06      -7.202711349202e-06       0.000000000000e+00       3.342479266770e-10       2.071908114017e-11       8.416301390791e-12 
 1975       2.347949542809e-04       3.963408483957e-06      -6.941056095094e-06       0.000000000000e+00       3.327336457062e-10       2.330814306517e-11       7.052851139764e-12 
 1976       2.337809818557e-04       3.948842105719e-06      -6.682022062420e-06       0.000000000000e+00       3.312266470411e-10       2.591268262490e-11       5.700978101312e-12 
 1977       2.327564926478e-04       3.935720533489e-06      -6.425652246771e-06       0.000000000000e+00       3.297269009470e-10       2.853221770081e-11       4.360701686996e-12 
 1978       2.317217325347e-04       3.924024825702e-06      -6.171989790254e-06       0.000000000000e+00       3.282343774808e-10       3.116626411285e-11       3.032041263207e-12 
 1979       2.306769484708e-04       3.913735950676e-06      -5.921077981663e-06       0.000000000000e+00       3.267490464899e-10       3.381433561685e-11       1.715016151055e-12 
 1980       2.296223884888e-04       3.904834786485e-06      -5.672960256653e-06       0.000000000000e+00       3.252708776122e-10       3.647594390184e-11       4.096456262566e-13 
 1981       2.285583017009e-04       3.897302120841e-06      -5.427680197916e-06       0.000000000000e+00       3.237998402760e-10       3.915059858745e-11      -8.840510809817e-13 
 1982       2.274849383005e-04       3.891118650978e-06      -5.185281535347e-06       0.000000000000e+00       3.223359036991e-10       4.183780722123e-11      -2.166054786071e-12 
 1983       2.264025495631e-04       3.886264983528e-06      -4.945808146224e-06       0.000000000000e+00       3.208790368892e-10       4.453707527600e-11      -3.436346350158e-12 
 1984       2.253113878482e-04       3.882721634403e-06      -4.709304055377e-06       0.000000000000e+00       3.194292086431e-10       4.724790614722e-11      -4.694906680232e-12 
 1985       2.242117066003e-04       3.880469028677e-06      -4.475813435361e-06       0.000000000000e+00       3.179863875465e-10       4.996980115038e-11      -5.941716729243e-12 
 1986       2.231037603507e-04       3.879487500463e-06      -4.245380606630e-06       0.000000000000e+00       3.165505419740e-10       5.270225951826e-11      -7.176757496212e-12 
 1987       2.219878047185e-04       3.879757292797e-06      -4.018050037711e-06       0.000000000000e+00       3.151216400882e-10       5.544477839839e-11      -8.400010026345e-12 
 1988       2.208640964121e-04       3.881258557516e-06      -3.793866345374e-06       0.000000000000e+00       3.136996498399e-10       5.819685285034e-11      -9.611455411142e-12 
 1989       2.197328932308e-04       3.883971355140e-06      -3.572874294807e-06       0.000000000000e+00       3.122845389677e-10       6.095797584308e-11      -1.081107478852e-11 
 1990       2.185944540659e-04       3.887875654751e-06      -3.355118799787e-06       0.000000000000e+00       3.108762749975e-10       6.372763825237e-11      -1.199884934290e-11 
 1991       2.174490389022e-04       3.892951333874e-06      -3.140644922856e-06       0.000000000000e+00       3.094748252423e-10       6.650532885807e-11      -1.317476030537e-11 
 1992       2.162969088196e-04       3.899178178357e-06      -2.929497875491e-06       0.000000000000e+00       3.080801568021e-10       6.929053434152e-11      -1.433878895374e-11 
 1993       2.151383259942e-04       3.906535882252e-06      -2.721723018280e-06       0.000000000000e+00       3.066922365631e-10       7.208273928291e-11      -1.549091661269e-11 
 1994       2.139735536996e-04       3.915004047697e-06      -2.517365861089e-06       0.000000000000e+00       3.053110311981e-10       7.488142615858e-11      -1.663112465387e-11 
 1995       2.128028563089e-04       3.924562184794e-06      -2.316472063242e-06       0.000000000000e+00       3.039365071653e-10       7.768607533844e-11      -1.775939449602e-11 
 1996       2.116264992954e-04       3.935189711487e-06      -2.119087433689e-06       0.000000000000e+00       3.025686307088e-10       8.049616508328e-11      -1.887570760509e-11 
 1997       2.104447492342e-04       3.946865953450e-06      -1.925257931183e-06       0.000000000000e+00       3.012073678580e-10       8.331117154214e-11      -1.998004549432e-11 
 1998       2.092578738040e-04       3.959570143961e-06      -1.735029664449e-06       0.000000000000e+00       2.998526844272e-10       8.613056874966e-11      -2.107238972439e-11 
 1999       2.080661417879e-04       3.973281423783e-06      -1.548448892356e-06       0.000000000000e+00       2.985045460151e-10       8.895382862344e-11      -2.215272190351e-11 
 2000       2.068698230750e-04       3.987978841048e-06      -1.365562024097e-06       0.000000000000e+00       2.971629180053e-10       9.178042096141e-11      -2.322102368755e-11 
 2001       2.056691886621e-04       4.003641351134e-06      -1.186415619354e-06       0.000000000000e+00       2.958277655650e-10       9.460981343914e-11      -2.427727678014e-11 
 2002       2.044645106546e-04       4.020247816547e-06      -1.011056388476e-06       0.000000000000e+00       2.944990536454e-10       9.744147160723e-11      -2.532146293279e-11 
 2003       2.032560622682e-04       4.037777006801e-06      -8.395311926480e-07       0.000000000000e+00       2.931767469809e-10       1.002748588887e-10      -2.635356394498e-11 
 2004       2.020441178303e-04       4.056207598298e-06      -6.718870440676e-07       0.000000000000e+00       2.918608100892e-10       1.031094365762e-10      -2.737356166432e-11 
 2005       2.008289527812e-04       4.075518174210e-06      -5.081711061157e-07       0.000000000000e+00       2.905512072710e-10       1.059446638295e-10      -2.838143798662e-11 
 2006       1.996108436755e-04       4.095687224355e-06      -3.484306935300e-07       0.000000000000e+00       2.892479026091e-10       1.087799976729e-10      -2.937717485601e-11 
 2007       1.983900681839e-04       4.116693145085e-06      -1.927132725779e-07       0.000000000000e+00       2.879508599688e-10       1.116148929925e-10      -3.036075426507e-11 
 2008       1.971669050941e-04       4.138514239160e-06      -4.106646122938e-08       0.000000000000e+00       2.866600429973e-10       1.144488025334e-10      -3.133215825493e-11 
 2009       1.959416240720e-04       4.161128890237e-06       1.064719205374e-07       0.000000000000e+00       2.853754170027e-10       1.172812143350e-10      -3.229137591964e-11 
 2010       1.947144548614e-04       4.184516087966e-06       2.499037794073e-07       0.000000000000e+00       2.840969546074e-10       1.201117643405e-10      -3.323842447469e-11 
 2011       1.934856178627e-04       4.208654906482e-06       3.892410377603e-07       0.000000000000e+00       2.828246301352e-10       1.229401246022e-10      -3.417332834225e-11 
 2012       1.922553343538e-04       4.233524330030e-06       5.244957037236e-07       0.000000000000e+00       2.815584177357e-10       1.257659659171e-10      -3.509611216108e-11 
 2013       1.910238264917e-04       4.259103252852e-06       6.556798712937e-07       0.000000000000e+00       2.802982913838e-10       1.285889578254e-10      -3.600680078695e-11 
 2014       1.897913173128e-04       4.285370479072e-06       7.828057204597e-07       0.000000000000e+00       2.790442248797e-10       1.314087686087e-10      -3.690541929288e-11 
 2015       1.885580307348e-04       4.312304722582e-06       9.058855173255e-07       0.000000000000e+00       2.777961918485e-10       1.342250652888e-10      -3.779199296953e-11 
 2016       1.873241915572e-04       4.339884606925e-06       1.024931614233e-06       0.000000000000e+00       2.765541657398e-10       1.370375136258e-10      -3.866654732546e-11 
 2017       1.860900254627e-04       4.368088665187e-06       1.139956449886e-06       0.000000000000e+00       2.753181198279e-10       1.398457781167e-10      -3.952910808749e-11 
 2018       1.848557590181e-04       4.396895339874e-06       1.250972549469e-06       0.000000000000e+00       2.740880272109e-10       1.426495219941e-10      -4.037970120102e-11 
 2019       1.836216196755e-04       4.426282982804e-06       1.357992524775e-06       0.000000000000e+00       2.728638608112e-10       1.454484072244e-10      -4.121835283033e-11 
 2020       1.823878357734e-04       4.456229854992e-06       1.461029074326e-06       0.000000000000e+00       2.716455933746e-10       1.482420945063e-10      -4.204508935890e-11 
 2021       1.811546365376e-04       4.486714126531e-06       1.560094983495e-06       0.000000000000e+00       2.704331974703e-10       1.510302432693e-10      -4.285993738977e-11 
 2022       1.799222520828e-04       4.517713876484e-06       1.655203124629e-06       0.000000000000e+00       2.692266454909e-10       1.538125116724e-10      -4.366292374583e-11 
 2023       1.786909134129e-04       4.549207092764e-06       1.746366457175e-06       0.000000000000e+00       2.680259096518e-10       1.565885566020e-10      -4.445407547011e-11 
 2024       1.774608524227e-04       4.581171672024e-06       1.833598027796e-06       0.000000000000e+00       2.668309619908e-10       1.593580336709e-10      -4.523341982618e-11 
 2025       1.762323018987e-04       4.613585419538e-06       1.916910970502e-06       0.000000000000e+00       2.656417743686e-10       1.621205972167e-10      -4.600098429840e-11 
 2026       1.750054955206e-04       4.646426049093e-06       1.996318506766e-06       0.000000000000e+00       2.644583184677e-10       1.648759003000e-10      -4.675679659227e-11 
 2027       1.737806678616e-04       4.679671182866e-06       2.071833945650e-06       0.000000000000e+00       2.632805657925e-10       1.676235947029e-10      -4.750088463477e-11 
 2028       1.725580543903e-04       4.713298351320e-06       2.143470683928e-06       0.000000000000e+00       2.621084876694e-10       1.703633309278e-10      -4.823327657464e-11 
 2029       1.713378914713e-04       4.747284993079e-06       2.211242206208e-06       0.000000000000e+00       2.609420552458e-10       1.730947581956e-10      -4.895400078271e-11 
 2030       1.701204163664e-04       4.781608454822e-06       2.275162085053e-06       0.000000000000e+00       2.597812394905e-10       1.758175244442e-10      -4.966308585225e-11 
 2031       1.689058672360e-04       4.816245991163e-06       2.335243981109e-06       0.000000000000e+00       2.586260111932e-10       1.785312763269e-10      -5.036056059928e-11 
 2032       1.676944831395e-04       4.851174764541e-06       2.391501643220e-06       0.000000000000e+00       2.574763409642e-10       1.812356592110e-10      -5.104645406286e-11 
 2033       1.664865040371e-04       4.886371845101e-06       2.443948908558e-06       0.000000000000e+00       2.563321992342e-10       1.839303171764e-10      -5.172079550545e-11 
 2034       1.652821707905e-04       4.921814210585e-06       2.492599702743e-06       0.000000000000e+00       2.551935562542e-10       1.866148930136e-10      -5.238361441321e-11 
 2035       1.640817251639e-04       4.957478746211e-06       2.537468039964e-06       0.000000000000e+00       2.540603820948e-10       1.892890282227e-10      -5.303494049632e-11 
 2036       1.628854098256e-04       4.993342244566e-06       2.578568023105e-06       0.000000000000e+00       2.529326466465e-10       1.919523630114e-10      -5.367480368933e-11 
 2037       1.616934683483e-04       5.029381405485e-06       2.615913843865e-06       0.000000000000e+00       2.518103196193e-10       1.946045362938e-10      -5.430323415143e-11 
 2038       1.605061452112e-04       5.065572835941e-06       2.649519782882e-06       0.000000000000e+00       2.506933705421e-10       1.972451856887e-10      -5.492026226681e-11 
 2039       1.593236858000e-04       5.101893049929e-06       2.679400209858e-06       0.000000000000e+00       2.495817687628e-10       1.998739475183e-10      -5.552591864498e-11 
 2040       1.581463364087e-04       5.138318468350e-06       2.705569583676e-06       0.000000000000e+00       2.484754834480e-10       2.024904568063e-10      -5.612023412107e-11 
 2041       1.569743442406e-04       5.174825418900e-06       2.728042452529e-06       0.000000000000e+00       2.473744835828e-10       2.050943472766e-10      -5.670323975616e-11 
 2042       1.558079574092e-04       5.211390135954e-06       2.746833454039e-06       0.000000000000e+00       2.462787379701e-10       2.076852513518e-10      -5.727496683762e-11 
 2043       1.546474249392e-04       5.247988760450e-06       2.761957315382e-06       0.000000000000e+00       2.451882152312e-10       2.102628001514e-10      -5.783544687938e-11 
 2044       1.534929967681e-04       5.284597339778e-06       2.773428853407e-06       0.000000000000e+00       2.441028838047e-10       2.128266234907e-10      -5.838471162232e-11 
 2045       1.523449237467e-04       5.321191827661e-06       2.781262974765e-06       0.000000000000e+00       2.430227119467e-10       2.153763498789e-10      -5.892279303454e-11 
 2046       1.512034576405e-04       5.357748084046e-06       2.785474676026e-06       0.000000000000e+00       2.419476677304e-10       2.179116065177e-10      -5.944972331170e-11 
 2047       1.500688511307e-04       5.394241874985e-06       2.786079043803e-06       0.000000000000e+00       2.408777190461e-10       2.204320192997e-10      -5.996553487733e-11 
 2048       1.489413327325e-04       5.430650634286e-06       2.783096413616e-06       0.000000000000e+00       2.398128354602e-10       2.229372471616e-10      -6.047026432121e-11 
 2049       1.478210313516e-04       5.466958762442e-06       2.776567886527e-06       0.000000000000e+00       2.387529938095e-10       2.254270854146e-10      -6.096396424457e-11 
 2050       1.467080511907e-04       5.503152365346e-06       2.766539923644e-06       0.000000000000e+00       2.376981726462e-10       2.279013631492e-10      -6.144669150018e-11 
 2051       1.456024967838e-04       5.539217495902e-06       2.753059197729e-06       0.000000000000e+00       2.366483503825e-10       2.303599089475e-10      -6.191850326242e-11 
 2052       1.445044729963e-04       5.575140153961e-06       2.736172593460e-06       0.000000000000e+00       2.356035052896e-10       2.328025508823e-10      -6.237945702772e-11 
 2053       1.434140850255e-04       5.610906286256e-06       2.715927207706e-06       0.000000000000e+00       2.345636154982e-10       2.352291165168e-10      -6.282961061500e-11 
 2054       1.423314384011e-04       5.646501786341e-06       2.692370349799e-06       0.000000000000e+00       2.335286589978e-10       2.376394329037e-10      -6.326902216611e-11 
 2055       1.412566389854e-04       5.681912494524e-06       2.665549541798e-06       0.000000000000e+00       2.324986136366e-10       2.400333265852e-10      -6.369775014623e-11 
 2056       1.401897929739e-04       5.717124197803e-06       2.635512518765e-06       0.000000000000e+00       2.314734571216e-10       2.424106235920e-10      -6.411585334433e-11 
 2057       1.391310068952e-04       5.752122629804e-06       2.602307229033e-06       0.000000000000e+00       2.304531670180e-10       2.447711494427e-10      -6.452339087361e-11 
 2058       1.380803876119e-04       5.786893470717e-06       2.565981834477e-06       0.000000000000e+00       2.294377207492e-10       2.471147291438e-10      -6.492042217190e-11 
 2059       1.370380423207e-04       5.821422347230e-06       2.526584710784e-06       0.000000000000e+00       2.284270955967e-10       2.494411871884e-10      -6.530700700214e-11 
 2060       1.360040785529e-04       5.855694832464e-06       2.484164447721e-06       0.000000000000e+00       2.274212686998e-10       2.517503475564e-10      -6.568320545278e-11 
 2061       1.349786041745e-04       5.889696445915e-06       2.438769849410e-06       0.000000000000e+00       2.264202170551e-10       2.540420337133e-10      -6.604907793820e-11 
 2062       1.339617273869e-04       5.923412653382e-06       2.390449934595e-06       0.000000000000e+00       2.254239175171e-10       2.563160686101e-10      -6.640468519921e-11 
 2063       1.329535567271e-04       5.956828866909e-06       2.339253936913e-06       0.000000000000e+00       2.244323467969e-10       2.585722746825e-10      -6.675008830341e-11 
 2064       1.319542010680e-04       5.989930444718e-06       2.285231305164e-06       0.000000000000e+00       2.234454814632e-10       2.608104738505e-10      -6.708534864565e-11 
 2065       1.309637696191e-04       6.022702691147e-06       2.228431703583e-06       0.000000000000e+00       2.224632979410e-10       2.630304875177e-10      -6.741052794849e-11 
 2066       1.299823719263e-04       6.055130856584e-06       2.168905012108e-06       0.000000000000e+00       2.214857725123e-10       2.652321365708e-10      -6.772568826259e-11 
 2067       1.290101178730e-04       6.087200137404e-06       2.106701326651e-06       0.000000000000e+00       2.205128813152e-10       2.674152413793e-10      -6.803089196718e-11 
 2068       1.280471176797e-04       6.118895675904e-06       2.041870959369e-06       0.000000000000e+00       2.195446003443e-10       2.695796217946e-10      -6.832620177045e-11 
 2069       1.270934819051e-04       6.150202560241e-06       1.974464438933e-06       0.000000000000e+00       2.185809054499e-10       2.717250971494e-10      -6.861168071005e-11 
 2070       1.261493214458e-04       6.181105824366e-06       1.904532510801e-06       0.000000000000e+00       2.176217723383e-10       2.738514862576e-10      -6.888739215345e-11 
 2071       1.252147475372e-04       6.211590447961e-06       1.832126137485e-06       0.000000000000e+00       2.166671765716e-10       2.759586074134e-10      -6.915339979843e-11 
 2072       1.242898717535e-04       6.241641356375e-06       1.757296498824e-06       0.000000000000e+00       2.157170935669e-10       2.780462783908e-10      -6.940976767348e-11 
 2073       1.233748060085e-04       6.271243420558e-06       1.680094992251e-06       0.000000000000e+00       2.147714985970e-10       2.801143164430e-10      -6.965656013826e-11 
 2074       1.224696625554e-04       6.300381457002e-06       1.600573233068e-06       0.000000000000e+00       2.138303667892e-10       2.821625383021e-10      -6.989384188400e-11 
 2075       1.215745539876e-04       6.329040227670e-06       1.518783054710e-06       0.000000000000e+00       2.128936731261e-10       2.841907601783e-10      -7.012167793397e-11 
 2076       1.206895932389e-04       6.357204439939e-06       1.434776509024e-06       0.000000000000e+00       2.119613924448e-10       2.861987977593e-10      -7.034013364388e-11 
 2077       1.198148935840e-04       6.384858746530e-06       1.348605866529e-06       0.000000000000e+00       2.110334994367e-10       2.881864662102e-10      -7.054927470234e-11 
 2078       1.189505686386e-04       6.411987745448e-06       1.260323616695e-06       0.000000000000e+00       2.101099686476e-10       2.901535801722e-10      -7.074916713129e-11 
 2079       1.180967323603e-04       6.438575979916e-06       1.169982468209e-06       0.000000000000e+00       2.091907744772e-10       2.920999537629e-10      -7.093987728640e-11 
 2080       1.172534990482e-04       6.464607938312e-06       1.077635349246e-06       0.000000000000e+00       2.082758911791e-10       2.940254005750e-10      -7.112147185756e-11 
 2081       1.164209833439e-04       6.490068054104e-06       9.833354077388e-07       0.000000000000e+00       2.073652928608e-10       2.959297336762e-10      -7.129401786927e-11 
 2082       1.155993002316e-04       6.514940705787e-06       8.871360116498e-07       0.000000000000e+00       2.064589534828e-10       2.978127656087e-10      -7.145758268109e-11 
 2083       1.147885650387e-04       6.539210216818e-06       7.890907492401e-07       0.000000000000e+00       2.055568468592e-10       2.996743083880e-10      -7.161223398808e-11 
 2084       1.139888934358e-04       6.562860855555e-06       6.892534293401e-07       0.000000000000e+00       2.046589466570e-10       3.015141735034e-10      -7.175803982119e-11 
 2085       1.132004014374e-04       6.585876835186e-06       5.876780816199e-07       0.000000000000e+00       2.037652263962e-10       3.033321719165e-10      -7.189506854778e-11 
 2086       1.124232054019e-04       6.608242313673e-06       4.844189568594e-07       0.000000000000e+00       2.028756594492e-10       3.051281140611e-10      -7.202338887196e-11 
 2087       1.116573976376e-04       6.629943582524e-06       3.795299672757e-07       0.000000000000e+00       2.019902206282e-10       3.069018373054e-10      -7.214306699389e-11 
 2088       1.109029730301e-04       6.650975650041e-06       2.730630026708e-07       0.000000000000e+00       2.011088909575e-10       3.086532885507e-10      -7.225415806480e-11 
 2089       1.101599019010e-04       6.671335704115e-06       1.650696030120e-07       0.000000000000e+00       2.002316529343e-10       3.103824422106e-10      -7.235671467287e-11 
 2090       1.094281543553e-04       6.691020927583e-06       5.560151755803e-08       0.000000000000e+00       1.993584889440e-10       3.120892728016e-10      -7.245078967937e-11 
 2091       1.087077002813e-04       6.710028498217e-06      -5.528929488670e-08       0.000000000000e+00       1.984893812602e-10       3.137737549428e-10      -7.253643621898e-11 
 2092       1.079985093503e-04       6.728355588722e-06      -1.675506657168e-07       0.000000000000e+00       1.976243120449e-10       3.154358633566e-10      -7.261370770017e-11 
 2093       1.073005510165e-04       6.745999366735e-06      -2.811302162712e-07       0.000000000000e+00       1.967632633480e-10       3.170755728684e-10      -7.268265780553e-11 
 2094       1.066137945162e-04       6.762956994817e-06      -3.959753575783e-07       0.000000000000e+00       1.959062171070e-10       3.186928584071e-10      -7.274334049217e-11 
 2095       1.059382088681e-04       6.779225630453e-06      -5.120332901008e-07       0.000000000000e+00       1.950531551473e-10       3.202876950052e-10      -7.279580999203e-11 
 2096       1.052737628724e-04       6.794802426046e-06      -6.292510034812e-07       0.000000000000e+00       1.942040591818e-10       3.218600577991e-10      -7.284012081224e-11 
 2097       1.046204251110e-04       6.809684528913e-06      -7.475752762869e-07       0.000000000000e+00       1.933589108107e-10       3.234099220294e-10      -7.287632773551e-11 
 2098       1.039781639469e-04       6.823869081284e-06      -8.669526757550e-07       0.000000000000e+00       1.925176915213e-10       3.249372630406e-10      -7.290448582044e-11 
 2099       1.033469475240e-04       6.837353220296e-06      -9.873295575376e-07       0.000000000000e+00       1.916803826883e-10       3.264420562820e-10      -7.292465040194e-11 
 2100       1.027267437669e-04       6.850134077988e-06      -1.108652065447e-06       0.000000000000e+00       1.908469655729e-10       3.279242773074e-10      -7.293687709149e-11 
 2101       1.021175203804e-04       6.862208781300e-06      -1.230866131201e-06       0.000000000000e+00       1.900174213232e-10       3.293839017755e-10      -7.294122177758e-11 
 2102       1.015192448493e-04       6.873574452070e-06      -1.353917474167e-06       0.000000000000e+00       1.891917309741e-10       3.308209054501e-10      -7.293774062603e-11 
 2103       1.009318844380e-04       6.884228207024e-06      -1.477751601109e-06       0.000000000000e+00       1.883698754466e-10       3.322352642004e-10      -7.292649008035e-11 
 2104       1.003554061904e-04       6.894167157782e-06      -1.602313805931e-06       0.000000000000e+00       1.875518355482e-10       3.336269540008e-10      -7.290752686209e-11 
 2105       9.978977692950e-05       6.903388410845e-06      -1.727549169423e-06       0.000000000000e+00       1.867375919725e-10       3.349959509318e-10      -7.288090797120e-11 
 2106       9.923496325694e-05       6.911889067597e-06      -1.853402559005e-06       0.000000000000e+00       1.859271252991e-10       3.363422311794e-10      -7.284669068640e-11 
 2107       9.869093155297e-05       6.919666224299e-06      -1.979818628475e-06       0.000000000000e+00       1.851204159933e-10       3.376657710360e-10      -7.280493256549e-11 
 2108       9.815764797595e-05       6.926716972086e-06      -2.106741817749e-06       0.000000000000e+00       1.843174444063e-10       3.389665469002e-10      -7.275569144578e-11 
 2109       9.763507846216e-05       6.933038396963e-06      -2.234116352613e-06       0.000000000000e+00       1.835181907746e-10       3.402445352771e-10      -7.269902544435e-11 
 2110       9.712318872543e-05       6.938627579800e-06      -2.361886244461e-06       0.000000000000e+00       1.827226352201e-10       3.414997127787e-10      -7.263499295851e-11 
 2111       9.662194425685e-05       6.943481596332e-06      -2.489995290045e-06       0.000000000000e+00       1.819307577501e-10       3.427320561237e-10      -7.256365266605e-11 
 2112       9.613131032451e-05       6.947597517150e-06      -2.618387071220e-06       0.000000000000e+00       1.811425382567e-10       3.439415421380e-10      -7.248506352570e-11 
 2113       9.565125197314e-05       6.950972407703e-06      -2.747004954684e-06       0.000000000000e+00       1.803579565172e-10       3.451281477550e-10      -7.239928477738e-11 
 2114       9.518173402387e-05       6.953603328289e-06      -2.875792091731e-06       0.000000000000e+00       1.795769921933e-10       3.462918500156e-10      -7.230637594266e-11 
 2115       9.472272107387e-05       6.955487334053e-06      -3.004691417989e-06       0.000000000000e+00       1.787996248316e-10       3.474326260683e-10      -7.220639682501e-11 
 2116       9.427417749607e-05       6.956621474987e-06      -3.133645653170e-06       0.000000000000e+00       1.780258338631e-10       3.485504531696e-10      -7.209940751026e-11 
 2117       9.383606743890e-05       6.957002795920e-06      -3.262597300812e-06       0.000000000000e+00       1.772555986028e-10       3.496453086845e-10      -7.198546836687e-11 
 2118       9.340835482591e-05       6.956628336518e-06      -3.391488648026e-06       0.000000000000e+00       1.764888982503e-10       3.507171700858e-10      -7.186464004633e-11 
 2119       9.299100335553e-05       6.955495131281e-06      -3.520261765240e-06       0.000000000000e+00       1.757257118889e-10       3.517660149555e-10      -7.173698348351e-11 
 2120       9.258397650074e-05       6.953600209537e-06      -3.648858505945e-06       0.000000000000e+00       1.749660184857e-10       3.527918209839e-10      -7.160255989700e-11 
 2121       9.218723750878e-05       6.950940595437e-06      -3.777220506439e-06       0.000000000000e+00       1.742097968916e-10       3.537945659705e-10      -7.146143078948e-11 
 2122       9.180074940084e-05       6.947513307957e-06      -3.905289185575e-06       0.000000000000e+00       1.734570258411e-10       3.547742278240e-10      -7.131365794807e-11 
 2123       9.142447497178e-05       6.943315360888e-06      -4.033005744500e-06       0.000000000000e+00       1.727076839517e-10       3.557307845626e-10      -7.115930344469e-11 
 2124       9.105837678979e-05       6.938343762836e-06      -4.160311166408e-06       0.000000000000e+00       1.719617497247e-10       3.566642143138e-10      -7.099842963641e-11 
 2125       9.070241719612e-05       6.932595517217e-06      -4.287146216279e-06       0.000000000000e+00       1.712192015439e-10       3.575744953152e-10      -7.083109916579e-11 
 2126       9.035654529455e-05       6.926069202321e-06      -4.413455953496e-06       0.000000000000e+00       1.704800192754e-10       3.584616180052e-10      -7.065738001828e-11 
 2127       9.002065782258e-05       6.918769723401e-06      -4.539203304161e-06       0.000000000000e+00       1.697441890758e-10       3.593256213869e-10      -7.047736073154e-11 
 2128       8.969463801020e-05       6.910703593300e-06      -4.664355581720e-06       0.000000000000e+00       1.690116986165e-10       3.601665569147e-10      -7.029113529152e-11 
 2129       8.937836856505e-05       6.901877355386e-06      -4.788879982446e-06       0.000000000000e+00       1.682825354875e-10       3.609844764276e-10      -7.009879808546e-11 
 2130       8.907173167173e-05       6.892297583595e-06      -4.912743585302e-06       0.000000000000e+00       1.675566871974e-10       3.617794321488e-10      -6.990044390239e-11 
 2131       8.877460899116e-05       6.881970882466e-06      -5.035913351809e-06       0.000000000000e+00       1.668341411730e-10       3.625514766868e-10      -6.969616793360e-11 
 2132       8.848688165995e-05       6.870903887181e-06      -5.158356125907e-06       0.000000000000e+00       1.661148847596e-10       3.633006630356e-10      -6.948606577315e-11 
 2133       8.820843028974e-05       6.859103263604e-06      -5.280038633822e-06       0.000000000000e+00       1.653989052204e-10       3.640270445757e-10      -6.927023341832e-11 
 2134       8.793913496656e-05       6.846575708317e-06      -5.400927483932e-06       0.000000000000e+00       1.646861897368e-10       3.647306750739e-10      -6.904876727017e-11 
 2135       8.767887525016e-05       6.833327948658e-06      -5.520989166628e-06       0.000000000000e+00       1.639767254083e-10       3.654116086845e-10      -6.882176413395e-11 
 2136       8.742753017340e-05       6.819366742762e-06      -5.640190054183e-06       0.000000000000e+00       1.632704992519e-10       3.660698999495e-10      -6.858932121966e-11 
 2137       8.718497824159e-05       6.804698879597e-06      -5.758496400615e-06       0.000000000000e+00       1.625674982027e-10       3.667056037991e-10      -6.835153614248e-11 
 2138       8.695109743182e-05       6.789331179003e-06      -5.875874341551e-06       0.000000000000e+00       1.618677091131e-10       3.673187755525e-10      -6.810850692331e-11 
 2139       8.672576519234e-05       6.773270491729e-06      -5.992289894095e-06       0.000000000000e+00       1.611711187531e-10       3.679094709180e-10      -6.786033198921e-11 
 2140       8.650885844191e-05       6.756523699473e-06      -6.107708956689e-06       0.000000000000e+00       1.604777138101e-10       3.684777459939e-10      -6.760711017393e-11 
 2141       8.630025356914e-05       6.739097714918e-06      -6.222097308980e-06       0.000000000000e+00       1.597874808889e-10       3.690236572690e-10      -6.734894071839e-11 
 2142       8.609982643185e-05       6.720999481773e-06      -6.335420611686e-06       0.000000000000e+00       1.591004065112e-10       3.695472616228e-10      -6.708592327116e-11 
 2143       8.590745235642e-05       6.702235974809e-06      -6.447644406457e-06       0.000000000000e+00       1.584164771160e-10       3.700486163263e-10      -6.681815788894e-11 
 2144       8.572300613716e-05       6.682814199897e-06      -6.558734115746e-06       0.000000000000e+00       1.577356790592e-10       3.705277790427e-10      -6.654574503709e-11 
 2145       8.554636203564e-05       6.662741194049e-06      -6.668655042666e-06       0.000000000000e+00       1.570579986135e-10       3.709848078273e-10      -6.626878559007e-11 
 2146       8.537739378006e-05       6.642024025452e-06      -6.777372370862e-06       0.000000000000e+00       1.563834219682e-10       3.714197611287e-10      -6.598738083196e-11 
 2147       8.521597456459e-05       6.620669793509e-06      -6.884851164373e-06       0.000000000000e+00       1.557119352294e-10       3.718326977891e-10      -6.570163245695e-11 
 2148       8.506197704872e-05       6.598685628878e-06      -6.991056367495e-06       0.000000000000e+00       1.550435244197e-10       3.722236770445e-10      -6.541164256981e-11 
 2149       8.491527335665e-05       6.576078693508e-06      -7.095952804649e-06       0.000000000000e+00       1.543781754779e-10       3.725927585259e-10      -6.511751368640e-11 
 2150       8.477573507658e-05       6.552856180676e-06      -7.199505180244e-06       0.000000000000e+00       1.537158742593e-10       3.729400022590e-10      -6.481934873414e-11 
 2151       8.464323326014e-05       6.529025315030e-06      -7.301678078545e-06       0.000000000000e+00       1.530566065352e-10       3.732654686654e-10      -6.451725105252e-11 
 2152       8.451763842165e-05       6.504593352623e-06      -7.402435963531e-06       0.000000000000e+00       1.524003579931e-10       3.735692185630e-10      -6.421132439358e-11 
 2153       8.439882053758e-05       6.479567580952e-06      -7.501743178768e-06       0.000000000000e+00       1.517471142364e-10       3.738513131662e-10      -6.390167292239e-11 
 2154       8.428664904581e-05       6.453955318999e-06      -7.599563947269e-06       0.000000000000e+00       1.510968607842e-10       3.741118140866e-10      -6.358840121756e-11 
 2155       8.418099284503e-05       6.427763917263e-06      -7.695862371360e-06       0.000000000000e+00       1.504495830715e-10       3.743507833338e-10      -6.327161427170e-11 
 2156       8.408172029408e-05       6.401000757805e-06      -7.790602432544e-06       0.000000000000e+00       1.498052664489e-10       3.745682833155e-10      -6.295141749196e-11 
 2157       8.398869921133e-05       6.373673254284e-06      -7.883747991368e-06       0.000000000000e+00       1.491638961823e-10       3.747643768383e-10      -6.262791670046e-11 
 2158       8.390179687398e-05       6.345788851992e-06      -7.975262787287e-06       0.000000000000e+00       1.485254574533e-10       3.749391271082e-10      -6.230121813480e-11 
 2159       8.382088001746e-05       6.317355027895e-06      -8.065110438527e-06       0.000000000000e+00       1.478899353586e-10       3.750925977309e-10      -6.197142844859e-11 
 2160       8.374581483477e-05       6.288379290672e-06      -8.153254441953e-06       0.000000000000e+00       1.472573149101e-10       3.752248527127e-10      -6.163865471188e-11 
 2161       8.367646697581e-05       6.258869180752e-06      -8.239658172931e-06       0.000000000000e+00       1.466275810347e-10       3.753359564606e-10      -6.130300441168e-11 
 2162       8.361270154677e-05       6.228832270352e-06      -8.324284885196e-06       0.000000000000e+00       1.460007185743e-10       3.754259737833e-10      -6.096458545245e-11 
 2163       8.355438310947e-05       6.198276163514e-06      -8.407097710713e-06       0.000000000000e+00       1.453767122857e-10       3.754949698913e-10      -6.062350615657e-11 
 2164       8.350137568069e-05       6.167208496147e-06      -8.488059659545e-06       0.000000000000e+00       1.447555468404e-10       3.755430103977e-10      -6.027987526488e-11 
 2165       8.345354386610e-05       6.135637399441e-06      -8.567139065024e-06       0.000000000000e+00       1.441372075690e-10       3.755701753323e-10      -5.993378853494e-11 
 2166       8.341075627158e-05       6.103572893472e-06      -8.644325959771e-06       0.000000000000e+00       1.435216827014e-10       3.755766012869e-10      -5.958528843611e-11 
 2167       8.337288211370e-05       6.071025503101e-06      -8.719615810136e-06       0.000000000000e+00       1.429089611414e-10       3.755624395560e-10      -5.923440418296e-11 
 2168       8.333979008657e-05       6.038005795494e-06      -8.793004080948e-06       0.000000000000e+00       1.422990317239e-10       3.755278421499e-10      -5.888116511282e-11 
 2169       8.331134836130e-05       6.004524380174e-06      -8.864486235518e-06       0.000000000000e+00       1.416918832143e-10       3.754729617957e-10      -5.852560068593e-11 
 2170       8.328742458533e-05       5.970591909074e-06      -8.934057735645e-06       0.000000000000e+00       1.410875043088e-10       3.753979519380e-10      -5.816774048560e-11 
 2171       8.326788588184e-05       5.936219076583e-06      -9.001714041620e-06       0.000000000000e+00       1.404858836339e-10       3.753029667399e-10      -5.780761421832e-11 
 2172       8.325259884914e-05       5.901416619597e-06      -9.067450612228e-06       0.000000000000e+00       1.398870097469e-10       3.751881610839e-10      -5.744525171396e-11 
 2173       8.324142956000e-05       5.866195317573e-06      -9.131262904757e-06       0.000000000000e+00       1.392908711353e-10       3.750536905725e-10      -5.708068292586e-11 
 2174       8.323424356111e-05       5.830565992571e-06      -9.193146374997e-06       0.000000000000e+00       1.386974562167e-10       3.748997115297e-10      -5.671393793102e-11 
 2175       8.323090587239e-05       5.794539509313e-06      -9.253096477246e-06       0.000000000000e+00       1.381067533391e-10       3.747263810012e-10      -5.634504693023e-11 
 2176       8.323128098642e-05       5.758126775227e-06      -9.311108664317e-06       0.000000000000e+00       1.375187507804e-10       3.745338567558e-10      -5.597404024821e-11 
 2177       8.323523286779e-05       5.721338740498e-06      -9.367178387538e-06       0.000000000000e+00       1.369334367488e-10       3.743222972858e-10      -5.560094833376e-11 
 2178       8.324262495250e-05       5.684186398122e-06      -9.421301096760e-06       0.000000000000e+00       1.363507993821e-10       3.740918618086e-10      -5.522580175993e-11 
 2179       8.325332014737e-05       5.646680783949e-06      -9.473472240356e-06       0.000000000000e+00       1.357708267479e-10       3.738427102667e-10      -5.484863122411e-11 
 2180       8.326718082934e-05       5.608832976739e-06      -9.523687265233e-06       0.000000000000e+00       1.351935068438e-10       3.735750033293e-10      -5.446946754826e-11 
 2181       8.328406884495e-05       5.570654098212e-06      -9.571941616828e-06       0.000000000000e+00       1.346188275967e-10       3.732889023929e-10      -5.408834167896e-11 
 2182       8.330384550964e-05       5.532155313094e-06      -9.618230739119e-06       0.000000000000e+00       1.340467768632e-10       3.729845695821e-10      -5.370528468766e-11 
 2183       8.332637160719e-05       5.493347829168e-06      -9.662550074624e-06       0.000000000000e+00       1.334773424294e-10       3.726621677507e-10      -5.332032777072e-11 
 2184       8.335150738907e-05       5.454242897327e-06      -9.704895064408e-06       0.000000000000e+00       1.329105120105e-10       3.723218604823e-10      -5.293350224964e-11 
 2185       8.337911257384e-05       5.414851811623e-06      -9.745261148088e-06       0.000000000000e+00       1.323462732512e-10       3.719638120917e-10      -5.254483957117e-11 
 2186       8.340904634652e-05       5.375185909315e-06      -9.783643763834e-06       0.000000000000e+00       1.317846137254e-10       3.715881876251e-10      -5.215437130746e-11 
 2187       8.344116735797e-05       5.335256570920e-06      -9.820038348378e-06       0.000000000000e+00       1.312255209357e-10       3.711951528615e-10      -5.176212915621e-11 
 2188       8.347533372429e-05       5.295075220264e-06      -9.854440337012e-06       0.000000000000e+00       1.306689823141e-10       3.707848743134e-10      -5.136814494083e-11 
 2189       8.351140302619e-05       5.254653324533e-06      -9.886845163597e-06       0.000000000000e+00       1.301149852212e-10       3.703575192277e-10      -5.097245061054e-11 
 2190       8.354923230835e-05       5.214002394318e-06      -9.917248260568e-06       0.000000000000e+00       1.295635169466e-10       3.699132555866e-10      -5.057507824057e-11 
 2191       8.358867807886e-05       5.173133983671e-06      -9.945645058932e-06       0.000000000000e+00       1.290145647085e-10       3.694522521083e-10      -5.017606003228e-11 
 2192       8.362959630854e-05       5.132059690154e-06      -9.972030988280e-06       0.000000000000e+00       1.284681156536e-10       3.689746782484e-10      -4.977542831333e-11 
 2193       8.367184243036e-05       5.090791154883e-06      -9.996401476784e-06       0.000000000000e+00       1.279241568575e-10       3.684807042001e-10      -4.937321553778e-11 
 2194       8.371527133882e-05       5.049340062587e-06      -1.001875195121e-05       0.000000000000e+00       1.273826753237e-10       3.679705008957e-10      -4.896945428627e-11 
 2195       8.375973738930e-05       5.007718141652e-06      -1.003907783691e-05       0.000000000000e+00       1.268436579845e-10       3.674442400071e-10      -4.856417726619e-11 
 2196       8.380509439749e-05       4.965937164174e-06      -1.005737455784e-05       0.000000000000e+00       1.263070917001e-10       3.669020939467e-10      -4.815741731175e-11 
 2197       8.385119563873e-05       4.924008946004e-06      -1.007363753654e-05       0.000000000000e+00       1.257729632591e-10       3.663442358685e-10      -4.774920738423e-11 
 2198       8.389789384742e-05       4.881945346807e-06      -1.008786219420e-05       0.000000000000e+00       1.252412593780e-10       3.657708396689e-10      -4.733958057202e-11 
 2199       8.394504121639e-05       4.839758270104e-06      -1.010004395056e-05       0.000000000000e+00       1.247119667013e-10       3.651820799876e-10      -4.692857009085e-11 
 2200       8.399248939629e-05       4.797459663325e-06      -1.011017822402e-05       0.000000000000e+00       1.241850718015e-10       3.645781322082e-10      -4.651620928390e-11 
 2201       8.404008949494e-05       4.755061517860e-06      -1.011826043157e-05       0.000000000000e+00       1.236605611788e-10       3.639591724595e-10      -4.610253162194e-11 
 2202       8.408769207678e-05       4.712575869107e-06      -1.012428598885e-05       0.000000000000e+00       1.231384212609e-10       3.633253776162e-10      -4.568757070349e-11 
 2203       8.413514716217e-05       4.670014796524e-06      -1.012825031010e-05       0.000000000000e+00       1.226186384034e-10       3.626769252999e-10      -4.527136025497e-11 
 2204       8.418231528404e-05       4.627389875819e-06      -1.013015260600e-05       0.000000000000e+00       1.221011995035e-10       3.620139810902e-10      -4.485393580373e-11 
 2205       8.422910073906e-05       4.584710531449e-06      -1.013000730463e-05       0.000000000000e+00       1.215860938470e-10       3.613366600653e-10      -4.443533970900e-11 
 2206       8.427541855608e-05       4.541985673277e-06      -1.012783270634e-05       0.000000000000e+00       1.210733112736e-10       3.606450650079e-10      -4.401561616467e-11 
 2207       8.432118345863e-05       4.499224243477e-06      -1.012364719299e-05       0.000000000000e+00       1.205628415636e-10       3.599392991719e-10      -4.359480952958e-11 
 2208       8.436630986457e-05       4.456435216565e-06      -1.011746922802e-05       0.000000000000e+00       1.200546744379e-10       3.592194662834e-10      -4.317296432773e-11 
 2209       8.441071188576e-05       4.413627599442e-06      -1.010931735655e-05       0.000000000000e+00       1.195487995576e-10       3.584856705409e-10      -4.275012524847e-11 
 2210       8.445430332771e-05       4.370810431425e-06      -1.009921020547e-05       0.000000000000e+00       1.190452065247e-10       3.577380166158e-10      -4.232633714671e-11 
 2211       8.449699768921e-05       4.327992784288e-06      -1.008716648355e-05       0.000000000000e+00       1.185438848810e-10       3.569766096534e-10      -4.190164504304e-11 
 2212       8.453870816204e-05       4.285183762294e-06      -1.007320498154e-05       0.000000000000e+00       1.180448241089e-10       3.562015552730e-10      -4.147609412398e-11 
 2213       8.457934763056e-05       4.242392502236e-06      -1.005734457228e-05       0.000000000000e+00       1.175480136308e-10       3.554129595688e-10      -4.104972974217e-11 
 2214       8.461882867142e-05       4.199628173469e-06      -1.003960421075e-05       0.000000000000e+00       1.170534428094e-10       3.546109291104e-10      -4.062259741650e-11 
 2215       8.465706355318e-05       4.156899977951e-06      -1.002000293422e-05       0.000000000000e+00       1.165611009470e-10       3.537955709431e-10      -4.019474283235e-11 
 2216       8.469396423599e-05       4.114217150277e-06      -9.998559862321e-06       0.000000000000e+00       1.160709772863e-10       3.529669925890e-10      -3.976621184178e-11 
 2217       8.472944237122e-05       4.071588957715e-06      -9.975294197151e-06       0.000000000000e+00       1.155830610095e-10       3.521253020469e-10      -3.933705046367e-11 
 2218       8.476340930114e-05       4.029024700244e-06      -9.950225223371e-06       0.000000000000e+00       1.150973412389e-10       3.512706077936e-10      -3.890730488395e-11 
 2219       8.479577605855e-05       3.986533710591e-06      -9.923372308305e-06       0.000000000000e+00       1.146138070363e-10       3.504030187837e-10      -3.847702145578e-11 
 2220       8.482645336647e-05       3.944125354264e-06      -9.894754902035e-06       0.000000000000e+00       1.141324474031e-10       3.495226444509e-10      -3.804624669973e-11 
 2221       8.485535163774e-05       3.901809029594e-06      -9.864392537502e-06       0.000000000000e+00       1.136532512803e-10       3.486295947080e-10      -3.761502730397e-11 
 2222       8.488238097474e-05       3.859594167766e-06      -9.832304830600e-06       0.000000000000e+00       1.131762075486e-10       3.477239799479e-10      -3.718341012447e-11 
 2223       8.490745116900e-05       3.817490232859e-06      -9.798511480279e-06       0.000000000000e+00       1.127013050278e-10       3.468059110439e-10      -3.675144218516e-11 
 2224       8.493047170088e-05       3.775506721883e-06      -9.763032268640e-06       0.000000000000e+00       1.122285324770e-10       3.458754993503e-10      -3.631917067815e-11 
 2225       8.495135173920e-05       3.733653164811e-06      -9.725887061033e-06       0.000000000000e+00       1.117578785949e-10       3.449328567030e-10      -3.588664296390e-11 
 2226       8.497000014091e-05       3.691939124621e-06      -9.687095806156e-06       0.000000000000e+00       1.112893320190e-10       3.439780954201e-10      -3.545390657139e-11 
 2227       8.498632545075e-05       3.650374197330e-06      -9.646678536153e-06       0.000000000000e+00       1.108228813262e-10       3.430113283026e-10      -3.502100919837e-11 
 2228       8.500023590092e-05       3.608968012029e-06      -9.604655366710e-06       0.000000000000e+00       1.103585150320e-10       3.420326686345e-10      -3.458799871146e-11 
 2229       8.501163941067e-05       3.567730230923e-06      -9.561046497157e-06       0.000000000000e+00       1.098962215913e-10       3.410422301841e-10      -3.415492314643e-11 
 2230       8.502044358604e-05       3.526670549364e-06      -9.515872210561e-06       0.000000000000e+00       1.094359893976e-10       3.400401272038e-10      -3.372183070831e-11 
 2231       8.502655571946e-05       3.485798695891e-06      -9.469152873828e-06       0.000000000000e+00       1.089778067832e-10       3.390264744312e-10      -3.328876977162e-11 
 2232       8.502988278942e-05       3.445124432263e-06      -9.420908937800e-06       0.000000000000e+00       1.085216620192e-10       3.380013870895e-10      -3.285578888055e-11 
 2233       8.503033146012e-05       3.404657553498e-06      -9.371160937352e-06       0.000000000000e+00       1.080675433153e-10       3.369649808880e-10      -3.242293674914e-11 
 2234       8.502780808115e-05       3.364407887909e-06      -9.319929491489e-06       0.000000000000e+00       1.076154388196e-10       3.359173720228e-10      -3.199026226149e-11 
 2235       8.502221868711e-05       3.324385297140e-06      -9.267235303448e-06       0.000000000000e+00       1.071653366190e-10       3.348586771774e-10      -3.155781447191e-11 
 2236       8.501346899728e-05       3.284599676203e-06      -9.213099160793e-06       0.000000000000e+00       1.067172247385e-10       3.337890135229e-10      -3.112564260515e-11 
 2237       8.500146441528e-05       3.245060953512e-06      -9.157541935512e-06       0.000000000000e+00       1.062710911416e-10       3.327084987190e-10      -3.069379605655e-11 
 2238       8.498611002873e-05       3.205779090926e-06      -9.100584584119e-06       0.000000000000e+00       1.058269237300e-10       3.316172509146e-10      -3.026232439226e-11 
 2239       8.496731060889e-05       3.166764083779e-06      -9.042248147748e-06       0.000000000000e+00       1.053847103435e-10       3.305153887480e-10      -2.983127734939e-11 
 2240       8.494497061032e-05       3.128025960917e-06      -8.982553752252e-06       0.000000000000e+00       1.049444387600e-10       3.294030313475e-10      -2.940070483626e-11 
 2241       8.491899417053e-05       3.089574784741e-06      -8.921522608303e-06       0.000000000000e+00       1.045060966956e-10       3.282802983324e-10      -2.897065693251e-11 
 2242       8.488928510966e-05       3.051420651234e-06      -8.859176011488e-06       0.000000000000e+00       1.040696718042e-10       3.271473098132e-10      -2.854118388935e-11 
 2243       8.485576050452e-05       3.013572637282e-06      -8.795536295413e-06       0.000000000000e+00       1.036351525141e-10       3.260041914073e-10      -2.811233393238e-11 
 2244       8.481839150830e-05       2.976035635020e-06      -8.730629697610e-06       0.000000000000e+00       1.032025305443e-10       3.248510893204e-10      -2.768414665411e-11 
 2245       8.477716279660e-05       2.938813496897e-06      -8.664483512533e-06       0.000000000000e+00       1.027717984043e-10       3.236881553646e-10      -2.725665957867e-11 
 2246       8.473205901723e-05       2.901910086529e-06      -8.597125140368e-06       0.000000000000e+00       1.023429485592e-10       3.225155419532e-10      -2.682991035542e-11 
 2247       8.468306479013e-05       2.865329278714e-06      -8.528582087155e-06       0.000000000000e+00       1.019159734299e-10       3.213334021011e-10      -2.640393675904e-11 
 2248       8.463016470736e-05       2.829074959442e-06      -8.458881964910e-06       0.000000000000e+00       1.014908653923e-10       3.201418894258e-10      -2.597877668969e-11 
 2249       8.457334333314e-05       2.793151025906e-06      -8.388052491744e-06       0.000000000000e+00       1.010676167781e-10       3.189411581479e-10      -2.555446817314e-11 
 2250       8.451258520373e-05       2.757561386517e-06      -8.316121491986e-06       0.000000000000e+00       1.006462198741e-10       3.177313630917e-10      -2.513104936091e-11 
 2251       8.444787482751e-05       2.722309960910e-06      -8.243116896300e-06       0.000000000000e+00       1.002266669224e-10       3.165126596860e-10      -2.470855853039e-11 
 2252       8.437919668486e-05       2.687400679959e-06      -8.169066741810e-06       0.000000000000e+00       9.980895012046e-11       3.152852039650e-10      -2.428703408498e-11 
 2253       8.430653522824e-05       2.652837485788e-06      -8.093999172217e-06       0.000000000000e+00       9.939306162079e-11       3.140491525686e-10      -2.386651455424e-11 
 2254       8.422987488207e-05       2.618624331782e-06      -8.017942437922e-06       0.000000000000e+00       9.897899353103e-11       3.128046627433e-10      -2.344703859401e-11 
 2255       8.414920004279e-05       2.584765182598e-06      -7.940924896146e-06       0.000000000000e+00       9.856673791388e-11       3.115518923429e-10      -2.302864498657e-11 
 2256       8.406449507879e-05       2.551264014175e-06      -7.862975011051e-06       0.000000000000e+00       9.815628678706e-11       3.102909998291e-10      -2.261137264073e-11 
 2257       8.397574433040e-05       2.518124813752e-06      -7.784121353861e-06       0.000000000000e+00       9.774763212319e-11       3.090221442724e-10      -2.219526059201e-11 
 2258       8.388293210990e-05       2.485351579869e-06      -7.704392602981e-06       0.000000000000e+00       9.734076584981e-11       3.077454853525e-10      -2.178034800275e-11 
 2259       8.378604270143e-05       2.452948322388e-06      -7.623817544119e-06       0.000000000000e+00       9.693567984925e-11       3.064611833590e-10      -2.136667416226e-11 
 2260       8.368506036103e-05       2.420919062499e-06      -7.542425070409e-06       0.000000000000e+00       9.653236595864e-11       3.051693991924e-10      -2.095427848695e-11 
 2261       8.357996931662e-05       2.389267832733e-06      -7.460244182527e-06       0.000000000000e+00       9.613081596981e-11       3.038702943646e-10      -2.054320052046e-11 
 2262       8.347075376792e-05       2.357998676973e-06      -7.377303988814e-06       0.000000000000e+00       9.573102162924e-11       3.025640309994e-10      -2.013347993379e-11 
 2263       8.335739788650e-05       2.327115650468e-06      -7.293633705399e-06       0.000000000000e+00       9.533297463802e-11       3.012507718336e-10      -1.972515652546e-11 
 2264       8.323988581569e-05       2.296622819838e-06      -7.209262656315e-06       0.000000000000e+00       9.493666665177e-11       2.999306802173e-10      -1.931827022164e-11 
 2265       8.311820167063e-05       2.266524263092e-06      -7.124220273625e-06       0.000000000000e+00       9.454208928061e-11       2.986039201148e-10      -1.891286107624e-11 
 2266       8.299232953819e-05       2.236824069639e-06      -7.038536097538e-06       0.000000000000e+00       9.414923408907e-11       2.972706561053e-10      -1.850896927113e-11 
 2267       8.286225347698e-05       2.207526340293e-06      -6.952239776532e-06       0.000000000000e+00       9.375809259607e-11       2.959310533835e-10      -1.810663511619e-11 
 2268       8.272795751732e-05       2.178635187292e-06      -6.865361067475e-06       0.000000000000e+00       9.336865627482e-11       2.945852777603e-10      -1.770589904950e-11 
 2269       8.258942566122e-05       2.150154734306e-06      -6.777929835745e-06       0.000000000000e+00       9.298091655281e-11       2.932334956635e-10      -1.730680163745e-11 
 2270       8.244664188235e-05       2.122089116447e-06      -6.689976055351e-06       0.000000000000e+00       9.259486481172e-11       2.918758741385e-10      -1.690938357489e-11 
 2271       8.229959012605e-05       2.094442480284e-06      -6.601529809053e-06       0.000000000000e+00       9.221049238737e-11       2.905125808490e-10      -1.651368568526e-11 
 2272       8.214825430925e-05       2.067218983851e-06      -6.512621288485e-06       0.000000000000e+00       9.182779056968e-11       2.891437840777e-10      -1.611974892071e-11 
 2273       8.199261832051e-05       2.040422796660e-06      -6.423280794272e-06       0.000000000000e+00       9.144675060259e-11       2.877696527269e-10      -1.572761436228e-11 
 2274       8.183266601998e-05       2.014058099715e-06      -6.333538736153e-06       0.000000000000e+00       9.106736368401e-11       2.863903563194e-10      -1.533732321999e-11 
 2275       8.166838123935e-05       1.988129085516e-06      -6.243425633104e-06       0.000000000000e+00       9.068962096578e-11       2.850060649988e-10      -1.494891683297e-11 
 2276       8.149974778186e-05       1.962639958081e-06      -6.152972113453e-06       0.000000000000e+00       9.031351355357e-11       2.836169495307e-10      -1.456243666965e-11 
 2277       8.132674942227e-05       1.937594932945e-06      -6.062208915006e-06       0.000000000000e+00       8.993903250690e-11       2.822231813029e-10      -1.417792432785e-11 
 2278       8.114936990684e-05       1.912998237185e-06      -5.971166885164e-06       0.000000000000e+00       8.956616883898e-11       2.808249323265e-10      -1.379542153492e-11 
 2279       8.096759295331e-05       1.888854109418e-06      -5.879876981048e-06       0.000000000000e+00       8.919491351676e-11       2.794223752363e-10      -1.341497014790e-11 
 2280       8.078140225087e-05       1.865166799824e-06      -5.788370269614e-06       0.000000000000e+00       8.882525746078e-11       2.780156832916e-10      -1.303661215362e-11 
 2281       8.059078146015e-05       1.841940570149e-06      -5.696677927780e-06       0.000000000000e+00       8.845719154518e-11       2.766050303768e-10      -1.266038966887e-11 
 2282       8.039572387205e-05       1.819178720253e-06      -5.604829710712e-06       0.000000000000e+00       8.809070733872e-11       2.751905809158e-10      -1.228633850998e-11 
 2283       8.019626145210e-05       1.796880660889e-06      -5.512849345724e-06       0.000000000000e+00       8.772579933326e-11       2.737724595428e-10      -1.191446885635e-11 
 2284       7.999243598237e-05       1.775044822168e-06      -5.420759109070e-06       0.000000000000e+00       8.736246272946e-11       2.723507812379e-10      -1.154478446312e-11 
 2285       7.978428941978e-05       1.753669625306e-06      -5.328581355176e-06       0.000000000000e+00       8.700069269696e-11       2.709256613970e-10      -1.117728908049e-11 
 2286       7.957186389629e-05       1.732753482615e-06      -5.236338516725e-06       0.000000000000e+00       8.664048437430e-11       2.694972158316e-10      -1.081198645362e-11 
 2287       7.935520171906e-05       1.712294797496e-06      -5.144053104741e-06       0.000000000000e+00       8.628183286891e-11       2.680655607696e-10      -1.044888032269e-11 
 2288       7.913434537070e-05       1.692291964421e-06      -5.051747708679e-06       0.000000000000e+00       8.592473325706e-11       2.666308128561e-10      -1.008797442287e-11 
 2289       7.890933750946e-05       1.672743368926e-06      -4.959444996505e-06       0.000000000000e+00       8.556918058382e-11       2.651930891529e-10      -9.729272484257e-12 
 2290       7.868022096941e-05       1.653647387601e-06      -4.867167714783e-06       0.000000000000e+00       8.521516986301e-11       2.637525071400e-10      -9.372778231945e-12 
 2291       7.844703876066e-05       1.635002388076e-06      -4.774938688764e-06       0.000000000000e+00       8.486269607720e-11       2.623091847153e-10      -9.018495385950e-12 
 2292       7.820983406955e-05       1.616806729013e-06      -4.682780822465e-06       0.000000000000e+00       8.451175417761e-11       2.608632401956e-10      -8.666427661220e-12 
 2293       7.796865025889e-05       1.599058760092e-06      -4.590717098762e-06       0.000000000000e+00       8.416233908412e-11       2.594147923165e-10      -8.316578767621e-12 
 2294       7.772353086808e-05       1.581756822001e-06      -4.498770579469e-06       0.000000000000e+00       8.381444568521e-11       2.579639602334e-10      -7.968952409925e-12 
 2295       7.747451961340e-05       1.564899246427e-06      -4.406964405426e-06       0.000000000000e+00       8.346806883790e-11       2.565108635217e-10      -7.623552287793e-12 
 2296       7.722166038816e-05       1.548484356043e-06      -4.315321796585e-06       0.000000000000e+00       8.312320336777e-11       2.550556221771e-10      -7.280382095767e-12 
 2297       7.696499726291e-05       1.532510464497e-06      -4.223866052096e-06       0.000000000000e+00       8.277984406885e-11       2.535983566164e-10      -6.939445523255e-12 
 2298       7.670457448564e-05       1.516975876402e-06      -4.132620550388e-06       0.000000000000e+00       8.243798570363e-11       2.521391876777e-10      -6.600746254518e-12 
 2299       7.644043648200e-05       1.501878887324e-06      -4.041608749260e-06       0.000000000000e+00       8.209762300299e-11       2.506782366210e-10      -6.264287968661e-12 
 2300       7.617262785547e-05       1.487217783770e-06      -3.950854185965e-06       0.000000000000e+00       8.175875066618e-11       2.492156251286e-10      -5.930074339614e-12 
 2301       7.590119338760e-05       1.472990843182e-06      -3.860380477293e-06       0.000000000000e+00       8.142136336078e-11       2.477514753055e-10      -5.598109036126e-12 
 2302       7.562617803817e-05       1.459196333920e-06      -3.770211319657e-06       0.000000000000e+00       8.108545572265e-11       2.462859096799e-10      -5.268395721747e-12 
 2303       7.534762694542e-05       1.445832515252e-06      -3.680370489183e-06       0.000000000000e+00       8.075102235587e-11       2.448190512038e-10      -4.940938054820e-12 
 2304       7.506558542625e-05       1.432897637348e-06      -3.590881841787e-06       0.000000000000e+00       8.041805783276e-11       2.433510232532e-10      -4.615739688463e-12 
 2305       7.478009897638e-05       1.420389941264e-06      -3.501769313270e-06       0.000000000000e+00       8.008655669378e-11       2.418819496287e-10      -4.292804270563e-12 
 2306       7.449121327063e-05       1.408307658930e-06      -3.413056919396e-06       0.000000000000e+00       7.975651344752e-11       2.404119545561e-10      -3.972135443758e-12 
 2307       7.419897416305e-05       1.396649013145e-06      -3.324768755981e-06       0.000000000000e+00       7.942792257065e-11       2.389411626864e-10      -3.653736845426e-12 
 2308       7.390342768716e-05       1.385412217560e-06      -3.236928998977e-06       0.000000000000e+00       7.910077850790e-11       2.374696990968e-10      -3.337612107673e-12 
 2309       7.360462005611e-05       1.374595476671e-06      -3.149561904560e-06       0.000000000000e+00       7.877507567199e-11       2.359976892908e-10      -3.023764857321e-12 
 2310       7.330259766295e-05       1.364196985804e-06      -3.062691809211e-06       0.000000000000e+00       7.845080844361e-11       2.345252591988e-10      -2.712198715891e-12 
 2311       7.299740708076e-05       1.354214931110e-06      -2.976343129805e-06       0.000000000000e+00       7.812797117136e-11       2.330525351786e-10      -2.402917299597e-12 
 2312       7.268909506291e-05       1.344647489548e-06      -2.890540363695e-06       0.000000000000e+00       7.780655817176e-11       2.315796440157e-10      -2.095924219330e-12 
 2313       7.237770854320e-05       1.335492828876e-06      -2.805308088800e-06       0.000000000000e+00       7.748656372913e-11       2.301067129238e-10      -1.791223080642e-12 
 2314       7.206329463612e-05       1.326749107642e-06      -2.720670963685e-06       0.000000000000e+00       7.716798209564e-11       2.286338695453e-10      -1.488817483742e-12 
 2315       7.174590063702e-05       1.318414475170e-06      -2.636653727652e-06       0.000000000000e+00       7.685080749120e-11       2.271612419518e-10      -1.188711023473e-12 
 2316       7.142557402232e-05       1.310487071551e-06      -2.553281200821e-06       0.000000000000e+00       7.653503410344e-11       2.256889586446e-10      -8.909072893072e-13 
 2317       7.110236244971e-05       1.302965027632e-06      -2.470578284221e-06       0.000000000000e+00       7.622065608770e-11       2.242171485549e-10      -5.954098653310e-13 
 2318       7.077631375833e-05       1.295846465003e-06      -2.388569959868e-06       0.000000000000e+00       7.590766756695e-11       2.227459410445e-10      -3.022223302311e-13 
 2319       7.044747596901e-05       1.289129495988e-06      -2.307281290857e-06       0.000000000000e+00       7.559606263177e-11       2.212754659061e-10      -1.134825728301e-14 
 2320       7.011589728446e-05       1.282812223634e-06      -2.226737421444e-06       0.000000000000e+00       7.528583534030e-11       2.198058533640e-10       2.772087856617e-13 
 2321       6.978162881401e-05       1.276892242702e-06      -2.146960878418e-06       0.000000000000e+00       7.497697968136e-11       2.183372260573e-10       5.634445033005e-13 
 2322       6.944473276631e-05       1.271365139230e-06      -2.067963456435e-06       0.000000000000e+00       7.466948946356e-11       2.168696749344e-10       8.473516691773e-13 
 2323       6.910527430872e-05       1.266225981483e-06      -1.989754281666e-06       0.000000000000e+00       7.436335842537e-11       2.154032832074e-10       1.128922315510e-12 
 2324       6.876331884772e-05       1.261469818069e-06      -1.912342505890e-06       0.000000000000e+00       7.405858027194e-11       2.139381343558e-10       1.408148464809e-12 
 2325       6.841893202915e-05       1.257091677918e-06      -1.835737306521e-06       0.000000000000e+00       7.375514867501e-11       2.124743121265e-10       1.685022129881e-12 
 2326       6.807217973848e-05       1.253086570259e-06      -1.759947886631e-06       0.000000000000e+00       7.345305727287e-11       2.110119005341e-10       1.959535313815e-12 
 2327       6.772312810109e-05       1.249449484598e-06      -1.684983474975e-06       0.000000000000e+00       7.315229967036e-11       2.095509838613e-10       2.231680009987e-12 
 2328       6.737184348250e-05       1.246175390694e-06      -1.610853326019e-06       0.000000000000e+00       7.285286943876e-11       2.080916466592e-10       2.501448202052e-12 
 2329       6.701839248866e-05       1.243259238540e-06      -1.537566719962e-06       0.000000000000e+00       7.255476011583e-11       2.066339737475e-10       2.768831863943e-12 
 2330       6.666284196620e-05       1.240695958341e-06      -1.465132962766e-06       0.000000000000e+00       7.225796520572e-11       2.051780502146e-10       3.033822959865e-12 
 2331       6.630525900267e-05       1.238480460487e-06      -1.393561386175e-06       0.000000000000e+00       7.196247817892e-11       2.037239614183e-10       3.296413444292e-12 
 2332       6.594571092686e-05       1.236607635537e-06      -1.322861347748e-06       0.000000000000e+00       7.166829247227e-11       2.022717929856e-10       3.556595261964e-12 
 2333       6.558426530900e-05       1.235072354193e-06      -1.253042230876e-06       0.000000000000e+00       7.137540148886e-11       2.008216308135e-10       3.814360347882e-12 
 2334       6.522098996105e-05       1.233869467279e-06      -1.184113444814e-06       0.000000000000e+00       7.108379859804e-11       1.993735610689e-10       4.069700627306e-12 
 2335       6.485595293698e-05       1.232993805720e-06      -1.116084424703e-06       0.000000000000e+00       7.079347713535e-11       1.979276701888e-10       4.322608015750e-12 
 2336       6.448922253299e-05       1.232440180518e-06      -1.048964631597e-06       0.000000000000e+00       7.050443040247e-11       1.964840448810e-10       4.573074418980e-12 
 2337       6.412086728780e-05       1.232203382730e-06      -9.827635524880e-07       0.000000000000e+00       7.021665166723e-11       1.950427721239e-10       4.821091733006e-12 
 2338       6.375095598291e-05       1.232278183449e-06      -9.174907003287e-07       0.000000000000e+00       6.993013416350e-11       1.936039391672e-10       5.066651844086e-12 
 2339       6.337955764285e-05       1.232659333776e-06      -8.531556140623e-07       0.000000000000e+00       6.964487109120e-11       1.921676335319e-10       5.309746628714e-12 
 2340       6.300674153546e-05       1.233341564804e-06      -7.897678586446e-07       0.000000000000e+00       6.936085561626e-11       1.907339430108e-10       5.550367953620e-12 
 2341       6.263257717214e-05       1.234319587593e-06      -7.273370250707e-07       0.000000000000e+00       6.907808087053e-11       1.893029556684e-10       5.788507675769e-12 
 2342       6.225713430810e-05       1.235588093147e-06      -6.658727304001e-07       0.000000000000e+00       6.879653995180e-11       1.878747598416e-10       6.024157642354e-12 
 2343       6.188048294266e-05       1.237141752395e-06      -6.053846177818e-07       0.000000000000e+00       6.851622592373e-11       1.864494441398e-10       6.257309690789e-12 
 2344       6.150269331945e-05       1.238975216164e-06      -5.458823564799e-07       0.000000000000e+00       6.823713181578e-11       1.850270974451e-10       6.487955648716e-12 
 2345       6.112383592675e-05       1.241083115162e-06      -4.873756418989e-07       0.000000000000e+00       6.795925062325e-11       1.836078089128e-10       6.716087333988e-12 
 2346       6.074398149769e-05       1.243460059954e-06      -4.298741956090e-07       0.000000000000e+00       6.768257530716e-11       1.821916679712e-10       6.941696554677e-12 
 2347       6.036320101054e-05       1.246100640937e-06      -3.733877653715e-07       0.000000000000e+00       6.740709879424e-11       1.807787643227e-10       7.164775109062e-12 
 2348       5.998156568895e-05       1.248999428324e-06      -3.179261251641e-07       0.000000000000e+00       6.713281397690e-11       1.793691879433e-10       7.385314785630e-12 
 2349       5.959914700225e-05       1.252150972116e-06      -2.634990752063e-07       0.000000000000e+00       6.685971371316e-11       1.779630290831e-10       7.603307363070e-12 
 2350       5.921601666567e-05       1.255549802083e-06      -2.101164419847e-07       0.000000000000e+00       6.658779082666e-11       1.765603782669e-10       7.818744610271e-12 
 2351       5.883224664064e-05       1.259190427740e-06      -1.577880782784e-07       0.000000000000e+00       6.631703810655e-11       1.751613262940e-10       8.031618286317e-12 
 2352       5.844790913501e-05       1.263067338327e-06      -1.065238631842e-07       0.000000000000e+00       6.604744830751e-11       1.737659642389e-10       8.241920140483e-12 
 2353       5.806307660335e-05       1.267175002787e-06      -5.633370214214e-08       0.000000000000e+00       6.577901414969e-11       1.723743834512e-10       8.449641912235e-12 
 2354       5.767782174720e-05       1.271507869741e-06      -7.227526960858e-09       0.000000000000e+00       6.551172831865e-11       1.709866755561e-10       8.654775331219e-12 
 2355       5.729221751531e-05       1.276060367468e-06       4.078470415728e-08       0.000000000000e+00       6.524558346534e-11       1.696029324549e-10       8.857312117265e-12 
 2356       5.690633710394e-05       1.280826903883e-06       8.769300659065e-08       0.000000000000e+00       6.498057220605e-11       1.682232463247e-10       9.057243980379e-12 
 2357       5.652025395710e-05       1.285801866515e-06       1.334873692731e-07       0.000000000000e+00       6.471668712238e-11       1.668477096190e-10       9.254562620740e-12 
 2358       5.613404176680e-05       1.290979622483e-06       1.781577546685e-07       0.000000000000e+00       6.445392076120e-11       1.654764150682e-10       9.449259728698e-12 
 2359       5.574777447335e-05       1.296354518476e-06       2.216940987456e-07       0.000000000000e+00       6.419226563458e-11       1.641094556796e-10       9.641326984767e-12 
 2360       5.536152284626e-05       1.301920941644e-06       2.640887229838e-07       0.000000000000e+00       6.393171477460e-11       1.627469173791e-10       9.830758078287e-12 
 2361       5.497534420348e-05       1.307673502730e-06       3.053435867950e-07       0.000000000000e+00       6.367226340148e-11       1.613888568865e-10       1.001755477710e-11 
 2362       5.458929262889e-05       1.313606854031e-06       3.454630800445e-07       0.000000000000e+00       6.341390726569e-11       1.600353237037e-10       1.020172089550e-11 
 2363       5.420342238608e-05       1.319715628566e-06       3.844516151321e-07       0.000000000000e+00       6.315664209409e-11       1.586863674608e-10       1.038326027909e-11 
 2364       5.381778791849e-05       1.325994440052e-06       4.223136270184e-07       0.000000000000e+00       6.290046358983e-11       1.573420379160e-10       1.056217680474e-11 
 2365       5.343244384962e-05       1.332437882890e-06       4.590535732517e-07       0.000000000000e+00       6.264536743239e-11       1.560023849562e-10       1.073847438069e-11 
 2366       5.304744498319e-05       1.339040532136e-06       4.946759339943e-07       0.000000000000e+00       6.239134927753e-11       1.546674585967e-10       1.091215694658e-11 
 2367       5.266284630337e-05       1.345796943487e-06       5.291852120493e-07       0.000000000000e+00       6.213840475723e-11       1.533373089814e-10       1.108322847346e-11 
 2368       5.227870297494e-05       1.352701653258e-06       5.625859328872e-07       0.000000000000e+00       6.188652947972e-11       1.520119863831e-10       1.125169296384e-11 
 2369       5.189507034349e-05       1.359749178357e-06       5.948826446724e-07       0.000000000000e+00       6.163571902938e-11       1.506915412034e-10       1.141755445178e-11 
 2370       5.151200393561e-05       1.366934016273e-06       6.260799182897e-07       0.000000000000e+00       6.138596896679e-11       1.493760239731e-10       1.158081700284e-11 
 2371       5.112955945904e-05       1.374250645046e-06       6.561823473714e-07       0.000000000000e+00       6.113727482863e-11       1.480654853519e-10       1.174148471420e-11 
 2372       5.074779280294e-05       1.381693523252e-06       6.851945483231e-07       0.000000000000e+00       6.088963212771e-11       1.467599761288e-10       1.189956171465e-11 
 2373       5.036676003799e-05       1.389257089980e-06       7.131211603510e-07       0.000000000000e+00       6.064303635288e-11       1.454595472224e-10       1.205505216466e-11 
 2374       4.998651741663e-05       1.396935764814e-06       7.399668454883e-07       0.000000000000e+00       6.039748296907e-11       1.441642496806e-10       1.220796025639e-11 
 2375       4.960712137324e-05       1.404723947806e-06       7.657362886214e-07       0.000000000000e+00       6.015296741721e-11       1.428741346810e-10       1.235829021377e-11 
 2376       4.922862852432e-05       1.412616019461e-06       7.904341975172e-07       0.000000000000e+00       5.990948511421e-11       1.415892535308e-10       1.250604629251e-11 
 2377       4.885109566868e-05       1.420606340716e-06       8.140653028492e-07       0.000000000000e+00       5.966703145295e-11       1.403096576672e-10       1.265123278013e-11 
 2378       4.847457978763e-05       1.428689252915e-06       8.366343582240e-07       0.000000000000e+00       5.942560180224e-11       1.390353986573e-10       1.279385399603e-11 
 2379       4.809913804518e-05       1.436859077792e-06       8.581461402086e-07       0.000000000000e+00       5.918519150680e-11       1.377665281985e-10       1.293391429152e-11 
 2380       4.772482778820e-05       1.445110117447e-06       8.786054483560e-07       0.000000000000e+00       5.894579588720e-11       1.365030981181e-10       1.307141804984e-11 
 2381       4.735170654664e-05       1.453436654331e-06       8.980171052327e-07       0.000000000000e+00       5.870741023987e-11       1.352451603740e-10       1.320636968625e-11 
 2382       4.697983203369e-05       1.461832951217e-06       9.163859564448e-07       0.000000000000e+00       5.847002983707e-11       1.339927670543e-10       1.333877364799e-11 
 2383       4.660926214600e-05       1.470293251186e-06       9.337168706647e-07       0.000000000000e+00       5.823364992682e-11       1.327459703780e-10       1.346863441439e-11 
 2384       4.624005496383e-05       1.478811777604e-06       9.500147396578e-07       0.000000000000e+00       5.799826573290e-11       1.315048226945e-10       1.359595649689e-11 
 2385       4.587226875127e-05       1.487382734099e-06       9.652844783089e-07       0.000000000000e+00       5.776387245485e-11       1.302693764842e-10       1.372074443906e-11 
 2386       4.550596195641e-05       1.496000304543e-06       9.795310246489e-07       0.000000000000e+00       5.753046526788e-11       1.290396843584e-10       1.384300281668e-11 
 2387       4.514119321156e-05       1.504658653030e-06       9.927593398817e-07       0.000000000000e+00       5.729803932289e-11       1.278157990593e-10       1.396273623771e-11 
 2388       4.477802133337e-05       1.513351923858e-06       1.004974408410e-06       0.000000000000e+00       5.706658974641e-11       1.265977734606e-10       1.407994934242e-11 
 2389       4.441650532310e-05       1.522074241501e-06       1.016181237863e-06       0.000000000000e+00       5.683611164059e-11       1.253856605669e-10       1.419464680336e-11 
 2390       4.405670436676e-05       1.530819710597e-06       1.026384859122e-06       0.000000000000e+00       5.660660008318e-11       1.241795135145e-10       1.430683332543e-11 
 2391       4.369867783528e-05       1.539582415921e-06       1.035590326348e-06       0.000000000000e+00       5.637805012746e-11       1.229793855712e-10       1.441651364591e-11 
 2392       4.334248528478e-05       1.548356422367e-06       1.043802717007e-06       0.000000000000e+00       5.615045680228e-11       1.217853301364e-10       1.452369253451e-11 
 2393       4.298818645665e-05       1.557135774926e-06       1.051027131897e-06       0.000000000000e+00       5.592381511195e-11       1.205974007412e-10       1.462837479340e-11 
 2394       4.263584127784e-05       1.565914498666e-06       1.057268695176e-06       0.000000000000e+00       5.569812003627e-11       1.194156510488e-10       1.473056525725e-11 
 2395       4.228550986097e-05       1.574686598711e-06       1.062532554387e-06       0.000000000000e+00       5.547336653048e-11       1.182401348541e-10       1.483026879327e-11 
 2396       4.193725250456e-05       1.583446060220e-06       1.066823880485e-06       0.000000000000e+00       5.524954952524e-11       1.170709060845e-10       1.492749030127e-11 
 2397       4.159112969320e-05       1.592186848367e-06       1.070147867863e-06       0.000000000000e+00       5.502666392659e-11       1.159080187993e-10       1.502223471365e-11 
 2398       4.124720209777e-05       1.600902908317e-06       1.072509734382e-06       0.000000000000e+00       5.480470461593e-11       1.147515271906e-10       1.511450699552e-11 
 2399       4.090552418160e-05       1.609588612436e-06       1.073915905824e-06       0.000000000000e+00       5.458366691117e-11       1.136014796152e-10       1.520431419493e-11 
 2400       4.056612497604e-05       1.618240104931e-06       1.074377577126e-06       0.000000000000e+00       5.436354795340e-11       1.124579006541e-10       1.529167160750e-11 
 2401       4.022902718799e-05       1.626853965372e-06       1.073907172934e-06       0.000000000000e+00       5.414434532861e-11       1.113208089440e-10       1.537659664955e-11 
 2402       3.989425358321e-05       1.635426762200e-06       1.072517165202e-06       0.000000000000e+00       5.392605660729e-11       1.101902231351e-10       1.545910681129e-11 
 2403       3.956182698644e-05       1.643955052718e-06       1.070220073238e-06       0.000000000000e+00       5.370867934438e-11       1.090661618906e-10       1.553921965690e-11 
 2404       3.923177028142e-05       1.652435383076e-06       1.067028463759e-06       0.000000000000e+00       5.349221107928e-11       1.079486438873e-10       1.561695282468e-11 
 2405       3.890410641095e-05       1.660864288261e-06       1.062954950939e-06       0.000000000000e+00       5.327664933582e-11       1.068376878149e-10       1.569232402702e-11 
 2406       3.857885837698e-05       1.669238292088e-06       1.058012196463e-06       0.000000000000e+00       5.306199162222e-11       1.057333123766e-10       1.576535105060e-11 
 2407       3.825604924059e-05       1.677553907182e-06       1.052212909578e-06       0.000000000000e+00       5.284823543109e-11       1.046355362890e-10       1.583605175637e-11 
 2408       3.793570212212e-05       1.685807634975e-06       1.045569847141e-06       0.000000000000e+00       5.263537823942e-11       1.035443782815e-10       1.590444407971e-11 
 2409       3.761784020119e-05       1.693995965689e-06       1.038095813675e-06       0.000000000000e+00       5.242341750855e-11       1.024598570973e-10       1.597054603046e-11 
 2410       3.730248671676e-05       1.702115378323e-06       1.029803661417e-06       0.000000000000e+00       5.221235068415e-11       1.013819914924e-10       1.603437569305e-11 
 2411       3.698966496718e-05       1.710162340647e-06       1.020706290371e-06       0.000000000000e+00       5.200217519619e-11       1.003108002362e-10       1.609595122654e-11 
 2412       3.667939831025e-05       1.718133309188e-06       1.010816648358e-06       0.000000000000e+00       5.179288845894e-11       9.924630211147e-11       1.615529086470e-11 
 2413       3.637171016329e-05       1.726024729217e-06       1.000147731069e-06       0.000000000000e+00       5.158448787095e-11       9.818851591400e-11       1.621241291616e-11 
 2414       3.606662400316e-05       1.733833034739e-06       9.887125821139e-07       0.000000000000e+00       5.137697081502e-11       9.713746045293e-11       1.626733576440e-11 
 2415       3.576416336635e-05       1.741554648481e-06       9.765242930746e-07       0.000000000000e+00       5.117033465819e-11       9.609315455059e-11       1.632007786789e-11 
 2416       3.546435184902e-05       1.749185981882e-06       9.635960035560e-07       0.000000000000e+00       5.096457675171e-11       9.505561704252e-11       1.637065776017e-11 
 2417       3.516721310705e-05       1.756723435080e-06       9.499409012368e-07       0.000000000000e+00       5.075969443102e-11       9.402486677751e-11       1.641909404992e-11 
 2418       3.487277085609e-05       1.764163396900e-06       9.355722219212e-07       0.000000000000e+00       5.055568501576e-11       9.300092261751e-11       1.646540542103e-11 
 2419       3.458104887165e-05       1.771502244844e-06       9.205032495900e-07       0.000000000000e+00       5.035254580972e-11       9.198380343770e-11       1.650961063270e-11 
 2420       3.429207098911e-05       1.778736345079e-06       9.047473164518e-07       0.000000000000e+00       5.015027410081e-11       9.097352812647e-11       1.655172851954e-11 
 2421       3.400586110381e-05       1.785862052426e-06       8.883178029946e-07       0.000000000000e+00       4.994886716111e-11       8.997011558539e-11       1.659177799160e-11 
 2422       3.372244317108e-05       1.792875710347e-06       8.712281380368e-07       0.000000000000e+00       4.974832224674e-11       8.897358472922e-11       1.662977803450e-11 
 2423       3.344184120632e-05       1.799773650935e-06       8.534917987784e-07       0.000000000000e+00       4.954863659796e-11       8.798395448591e-11       1.666574770952e-11 
 2424       3.316407928502e-05       1.806552194901e-06       8.351223108527e-07       0.000000000000e+00       4.934980743906e-11       8.700124379660e-11       1.669970615361e-11 
 2425       3.288918154285e-05       1.813207651565e-06       8.161332483773e-07       0.000000000000e+00       4.915183197838e-11       8.602547161560e-11       1.673167257956e-11 
 2426       3.261717217569e-05       1.819736318842e-06       7.965382340053e-07       0.000000000000e+00       4.895470740830e-11       8.505665691038e-11       1.676166627603e-11 
 2427       3.234807543972e-05       1.826134483232e-06       7.763509389767e-07       0.000000000000e+00       4.875843090518e-11       8.409481866159e-11       1.678970660766e-11 
 2428       3.208191565142e-05       1.832398419809e-06       7.555850831700e-07       0.000000000000e+00       4.856299962941e-11       8.313997586305e-11       1.681581301511e-11 
 2429       3.181871718768e-05       1.838524392206e-06       7.342544351527e-07       0.000000000000e+00       4.836841072531e-11       8.219214752172e-11       1.684000501521e-11 
 2430       3.155850448582e-05       1.844508652609e-06       7.123728122334e-07       0.000000000000e+00       4.817466132116e-11       8.125135265773e-11       1.686230220097e-11 
 2431       3.130130204365e-05       1.850347441741e-06       6.899540805127e-07       0.000000000000e+00       4.798174852919e-11       8.031761030436e-11       1.688272424172e-11 
 2432       3.104713441954e-05       1.856036988852e-06       6.670121549345e-07       0.000000000000e+00       4.778966944551e-11       7.939093950802e-11       1.690129088316e-11 
 2433       3.079602623248e-05       1.861573511709e-06       6.435609993372e-07       0.000000000000e+00       4.759842115014e-11       7.847135932826e-11       1.691802194746e-11 
 2434       3.054800216208e-05       1.866953216581e-06       6.196146265053e-07       0.000000000000e+00       4.740800070699e-11       7.755888883779e-11       1.693293733333e-11 
 2435       3.030308694871e-05       1.872172298233e-06       5.951870982204e-07       0.000000000000e+00       4.721840516378e-11       7.665354712243e-11       1.694605701609e-11 
 2436       3.006130539349e-05       1.877226939909e-06       5.702925253125e-07       0.000000000000e+00       4.702963155212e-11       7.575535328112e-11       1.695740104780e-11 
 2437       2.982268235837e-05       1.882113313322e-06       5.449450677114e-07       0.000000000000e+00       4.684167688739e-11       7.486432642594e-11       1.696698955729e-11 
 2438       2.958723695355e-05       1.886828121589e-06       5.191587324665e-07       0.000000000000e+00       4.665453802063e-11       7.398048150147e-11       1.697484219943e-11 
 2439       2.935496506150e-05       1.891370231617e-06       4.929467663773e-07       0.000000000000e+00       4.646821119302e-11       7.310381671557e-11       1.698097649903e-11 
 2440       2.912585670812e-05       1.895739051496e-06       4.663222598172e-07       0.000000000000e+00       4.628269247868e-11       7.223432603311e-11       1.698540949717e-11 
 2441       2.889990186574e-05       1.899933988445e-06       4.392983484813e-07       0.000000000000e+00       4.609797793254e-11       7.137200334962e-11       1.698815830117e-11 
 2442       2.867709045305e-05       1.903954448810e-06       4.118882134335e-07       0.000000000000e+00       4.591406359031e-11       7.051684249125e-11       1.698924008469e-11 
 2443       2.845741233508e-05       1.907799838066e-06       3.841050811535e-07       0.000000000000e+00       4.573094546851e-11       6.966883721461e-11       1.698867208780e-11 
 2444       2.824085732311e-05       1.911469560816e-06       3.559622235842e-07       0.000000000000e+00       4.554861956437e-11       6.882798120677e-11       1.698647161703e-11 
 2445       2.802741517461e-05       1.914963020788e-06       3.274729581788e-07       0.000000000000e+00       4.536708185589e-11       6.799426808506e-11       1.698265604548e-11 
 2446       2.781707559318e-05       1.918279620837e-06       2.986506479483e-07       0.000000000000e+00       4.518632830176e-11       6.716769139709e-11       1.697724281284e-11 
 2447       2.760982822849e-05       1.921418762945e-06       2.695087015083e-07       0.000000000000e+00       4.500635484135e-11       6.634824462058e-11       1.697024942552e-11 
 2448       2.740566267621e-05       1.924379848215e-06       2.400605731263e-07       0.000000000000e+00       4.482715739471e-11       6.553592116333e-11       1.696169345668e-11 
 2449       2.720456847797e-05       1.927162276880e-06       2.103197627692e-07       0.000000000000e+00       4.464873186253e-11       6.473071436309e-11       1.695159254629e-11 
 2450       2.700653512125e-05       1.929765448294e-06       1.802998161501e-07       0.000000000000e+00       4.447107412610e-11       6.393261748748e-11       1.693996440126e-11 
 2451       2.681155203939e-05       1.932188760934e-06       1.500143247759e-07       0.000000000000e+00       4.429418004733e-11       6.314162373391e-11       1.692682679544e-11 
 2452       2.661960861145e-05       1.934431612402e-06       1.194769259942e-07       0.000000000000e+00       4.411804546870e-11       6.235772622949e-11       1.691219756977e-11 
 2453       2.643069416220e-05       1.936493399422e-06       8.870130304058e-08       0.000000000000e+00       4.394266621324e-11       6.158091803096e-11       1.689609463227e-11 
 2454       2.624479796204e-05       1.938373517838e-06       5.770118508602e-08       0.000000000000e+00       4.376803808453e-11       6.081119212453e-11       1.687853595817e-11 
 2455       2.606190922695e-05       1.940071362620e-06       2.649034728378e-08       0.000000000000e+00       4.359415686663e-11       6.004854142589e-11       1.685953958994e-11 
 2456       2.588201711841e-05       1.941586327854e-06      -4.917389183174e-09       0.000000000000e+00       4.342101832412e-11       5.929295878003e-11       1.683912363741e-11 
 2457       2.570511074333e-05       1.942917806748e-06      -3.650815705503e-08       0.000000000000e+00       4.324861820201e-11       5.854443696123e-11       1.681730627780e-11 
 2458       2.553117915403e-05       1.944065191633e-06      -6.826804294791e-08       0.000000000000e+00       4.307695222579e-11       5.780296867291e-11       1.679410575580e-11 
 2459       2.536021134813e-05       1.945027873955e-06      -1.001830873067e-07       0.000000000000e+00       4.290601610135e-11       5.706854654757e-11       1.676954038366e-11 
 2460       2.519219626851e-05       1.945805244282e-06      -1.322392843577e-07       0.000000000000e+00       4.273580551499e-11       5.634116314670e-11       1.674362854123e-11 
 2461       2.502712280327e-05       1.946396692297e-06      -1.644225820617e-07       0.000000000000e+00       4.256631613337e-11       5.562081096068e-11       1.671638867607e-11 
 2462       2.486497978562e-05       1.946801606805e-06      -1.967188820665e-07       0.000000000000e+00       4.239754360354e-11       5.490748240870e-11       1.668783930348e-11 
 2463       2.470575599384e-05       1.947019375726e-06      -2.291140396599e-07       0.000000000000e+00       4.222948355284e-11       5.420116983866e-11       1.665799900662e-11 
 2464       2.454944015123e-05       1.947049386095e-06      -2.615938637221e-07       0.000000000000e+00       4.206213158896e-11       5.350186552712e-11       1.662688643652e-11 
 2465       2.439602092605e-05       1.946891024068e-06      -2.941441166791e-07       0.000000000000e+00       4.189548329986e-11       5.280956167914e-11       1.659452031222e-11 
 2466       2.424548693141e-05       1.946543674912e-06      -3.267505144552e-07       0.000000000000e+00       4.172953425377e-11       5.212425042827e-11       1.656091942077e-11 
 2467       2.409782672527e-05       1.946006723011e-06      -3.593987264255e-07       0.000000000000e+00       4.156427999917e-11       5.144592383638e-11       1.652610261736e-11 
 2468       2.395302881034e-05       1.945279551865e-06      -3.920743753691e-07       0.000000000000e+00       4.139971606475e-11       5.077457389366e-11       1.649008882537e-11 
 2469       2.381108163404e-05       1.944361544087e-06      -4.247630374219e-07       0.000000000000e+00       4.123583795942e-11       5.011019251845e-11       1.645289703644e-11 
 2470       2.367197358841e-05       1.943252081403e-06      -4.574502420291e-07       0.000000000000e+00       4.107264117226e-11       4.945277155720e-11       1.641454631053e-11 
 2471       2.353569301007e-05       1.941950544652e-06      -4.901214718981e-07       0.000000000000e+00       4.091012117250e-11       4.880230278436e-11       1.637505577602e-11 
 2472       2.340222818015e-05       1.940456313788e-06      -5.227621629514e-07       0.000000000000e+00       4.074827340953e-11       4.815877790232e-11       1.633444462975e-11 
 2473       2.327156732423e-05       1.938768767874e-06      -5.553577042794e-07       0.000000000000e+00       4.058709331282e-11       4.752218854127e-11       1.629273213711e-11 
 2474       2.314369861229e-05       1.936887285087e-06      -5.878934380930e-07       0.000000000000e+00       4.042657629195e-11       4.689252625914e-11       1.624993763212e-11 
 2475       2.301861015860e-05       1.934811242713e-06      -6.203546596766e-07       0.000000000000e+00       4.026671773657e-11       4.626978254155e-11       1.620608051747e-11 
 2476       2.289629002173e-05       1.932540017149e-06      -6.527266173408e-07       0.000000000000e+00       4.010751301637e-11       4.565394880163e-11       1.616118026462e-11 
 2477       2.277672326683e-05       1.930073370574e-06      -6.849956345059e-07       0.000000000000e+00       3.994895789768e-11       4.504501411054e-11       1.611525432623e-11 
 2478       2.265988313375e-05       1.927412613457e-06      -7.171524832952e-07       0.000000000000e+00       3.979104979597e-11       4.444295837424e-11       1.606831185976e-11 
 2479       2.254573981662e-05       1.924559448918e-06      -7.491890307903e-07       0.000000000000e+00       3.963378653070e-11       4.384775911619e-11       1.602035996692e-11 
 2480       2.243426339657e-05       1.921515586691e-06      -7.810971186857e-07       0.000000000000e+00       3.947716590937e-11       4.325939374299e-11       1.597140577795e-11 
 2481       2.232542384163e-05       1.918282743125e-06      -8.128685632637e-07       0.000000000000e+00       3.932118572753e-11       4.267783954430e-11       1.592145645164e-11 
 2482       2.221919100658e-05       1.914862641201e-06      -8.444951553692e-07       0.000000000000e+00       3.916584376872e-11       4.210307369265e-11       1.587051917540e-11 
 2483       2.211553463284e-05       1.911257010527e-06      -8.759686603842e-07       0.000000000000e+00       3.901113780449e-11       4.153507324336e-11       1.581860116523e-11 
 2484       2.201442434839e-05       1.907467587355e-06      -9.072808182029e-07       0.000000000000e+00       3.885706559439e-11       4.097381513437e-11       1.576570966583e-11 
 2485       2.191582966760e-05       1.903496114583e-06      -9.384233432059e-07       0.000000000000e+00       3.870362488593e-11       4.041927618611e-11       1.571185195056e-11 
 2486       2.181971999112e-05       1.899344341764e-06      -9.693879242354e-07       0.000000000000e+00       3.855081341458e-11       3.987143310140e-11       1.565703532149e-11 
 2487       2.172606460579e-05       1.895014025111e-06      -1.000166224570e-06       0.000000000000e+00       3.839862890377e-11       3.933026246527e-11       1.560126710946e-11 
 2488       2.163483268447e-05       1.890506927506e-06      -1.030749881899e-06       0.000000000000e+00       3.824706906485e-11       3.879574074486e-11       1.554455467408e-11 
 2489       2.154599328598e-05       1.885824818506e-06      -1.061130508296e-06       0.000000000000e+00       3.809613159708e-11       3.826784428927e-11       1.548690540377e-11 
 2490       2.145951535494e-05       1.880969474350e-06      -1.091299690199e-06       0.000000000000e+00       3.794581418764e-11       3.774654932943e-11       1.542832671578e-11 
 2491       2.137536772166e-05       1.875942677969e-06      -1.121248988375e-06       0.000000000000e+00       3.779611451160e-11       3.723183197797e-11       1.536882605624e-11 
 2492       2.129351910200e-05       1.870746218986e-06      -1.150969937907e-06       0.000000000000e+00       3.764703023189e-11       3.672366822909e-11       1.530841090019e-11 
 2493       2.121393809731e-05       1.865381893731e-06      -1.180454048158e-06       0.000000000000e+00       3.749855899933e-11       3.622203395842e-11       1.524708875158e-11 
 2494       2.113659319424e-05       1.859851505243e-06      -1.209692802753e-06       0.000000000000e+00       3.735069845255e-11       3.572690492289e-11       1.518486714334e-11 
 2495       2.106145276466e-05       1.854156863279e-06      -1.238677659549e-06       0.000000000000e+00       3.720344621806e-11       3.523825676058e-11       1.512175363738e-11 
 2496       2.098848506554e-05       1.848299784320e-06      -1.267400050614e-06       0.000000000000e+00       3.705679991016e-11       3.475606499062e-11       1.505775582465e-11 
 2497       2.091765823881e-05       1.842282091580e-06      -1.295851382197e-06       0.000000000000e+00       3.691075713096e-11       3.428030501304e-11       1.499288132513e-11 
 2498       2.084894031126e-05       1.836105615009e-06      -1.324023034707e-06       0.000000000000e+00       3.676531547037e-11       3.381095210862e-11       1.492713778791e-11 
 2499       2.078229919441e-05       1.829772191307e-06      -1.351906362685e-06       0.000000000000e+00       3.662047250608e-11       3.334798143877e-11       1.486053289118e-11 
 2500       2.071770268440e-05       1.823283663921e-06      -1.379492694780e-06       0.000000000000e+00       3.647622580354e-11       3.289136804543e-11       1.479307434227e-11 
 2501       2.065511846185e-05       1.816641883063e-06      -1.406773333725e-06       0.000000000000e+00       3.633257291595e-11       3.244108685086e-11       1.472476987771e-11 
 2502       2.059451409177e-05       1.809848705709e-06      -1.433739556306e-06       0.000000000000e+00       3.618951138425e-11       3.199711265759e-11       1.465562726321e-11 
 2503       2.053585702340e-05       1.802905995609e-06      -1.460382613345e-06       0.000000000000e+00       3.604703873711e-11       3.155942014822e-11       1.458565429374e-11 
 2504       2.047911459014e-05       1.795815623294e-06      -1.486693729669e-06       0.000000000000e+00       3.590515249090e-11       3.112798388534e-11       1.451485879352e-11 
 2505       2.042425400939e-05       1.788579466084e-06      -1.512664104086e-06       0.000000000000e+00       3.576385014969e-11       3.070277831134e-11       1.444324861607e-11 
 2506       2.037124238244e-05       1.781199408093e-06      -1.538284909360e-06       0.000000000000e+00       3.562312920523e-11       3.028377774835e-11       1.437083164427e-11 
 2507       2.032004669438e-05       1.773677340237e-06      -1.563547292186e-06       0.000000000000e+00       3.548298713694e-11       2.987095639803e-11       1.429761579031e-11 
 2508       2.027063381392e-05       1.766015160241e-06      -1.588442373165e-06       0.000000000000e+00       3.534342141189e-11       2.946428834148e-11       1.422360899581e-11 
 2509       2.022297049334e-05       1.758214772647e-06      -1.612961246778e-06       0.000000000000e+00       3.520442948479e-11       2.906374753911e-11       1.414881923180e-11 
 2510       2.017702336831e-05       1.750278088817e-06      -1.637094981361e-06       0.000000000000e+00       3.506600879799e-11       2.866930783049e-11       1.407325449874e-11 
 2511       2.013275895781e-05       1.742207026947e-06      -1.660834619080e-06       0.000000000000e+00       3.492815678143e-11       2.828094293421e-11       1.399692282661e-11 
 2512       2.009014366400e-05       1.734003512068e-06      -1.684171175903e-06       0.000000000000e+00       3.479087085266e-11       2.789862644777e-11       1.391983227488e-11 
 2513       2.004914377208e-05       1.725669476056e-06      -1.707095641581e-06       0.000000000000e+00       3.465414841682e-11       2.752233184743e-11       1.384199093256e-11 
 2514       2.000972545019e-05       1.717206857637e-06      -1.729598979616e-06       0.000000000000e+00       3.451798686660e-11       2.715203248808e-11       1.376340691825e-11 
 2515       1.997185474932e-05       1.708617602397e-06      -1.751672127241e-06       0.000000000000e+00       3.438238358228e-11       2.678770160312e-11       1.368408838013e-11 
 2516       1.993549798375e-05       1.699903776438e-06      -1.773307314715e-06       0.000000000000e+00       3.424733611926e-11       2.642931087506e-11       1.360404411015e-11 
 2517       1.990062287538e-05       1.691067908073e-06      -1.794502031674e-06       0.000000000000e+00       3.411284277214e-11       2.607682613863e-11       1.352328539023e-11 
 2518       1.986719741582e-05       1.682112648131e-06      -1.815255083815e-06       0.000000000000e+00       3.397890201392e-11       2.573021165240e-11       1.344182415684e-11 
 2519       1.983518948634e-05       1.673040656503e-06      -1.835565275666e-06       0.000000000000e+00       3.384551230869e-11       2.538943152560e-11       1.335967238789e-11 
 2520       1.980456685767e-05       1.663854602144e-06      -1.855431410590e-06       0.000000000000e+00       3.371267211162e-11       2.505444971796e-11       1.327684210283e-11 
 2521       1.977529718995e-05       1.654557163087e-06      -1.874852290781e-06       0.000000000000e+00       3.358037986893e-11       2.472523003957e-11       1.319334536262e-11 
 2522       1.974734803258e-05       1.645151026448e-06      -1.893826717263e-06       0.000000000000e+00       3.344863401791e-11       2.440173615066e-11       1.310919426982e-11 
 2523       1.972068682414e-05       1.635638888440e-06      -1.912353489894e-06       0.000000000000e+00       3.331743298689e-11       2.408393156151e-11       1.302440096861e-11 
 2524       1.969528089222e-05       1.626023454378e-06      -1.930431407362e-06       0.000000000000e+00       3.318677519521e-11       2.377177963225e-11       1.293897764485e-11 
 2525       1.967109745339e-05       1.616307438690e-06      -1.948059267186e-06       0.000000000000e+00       3.305665905327e-11       2.346524357270e-11       1.285293652610e-11 
 2526       1.964810361301e-05       1.606493564927e-06      -1.965235865714e-06       0.000000000000e+00       3.292708296247e-11       2.316428644223e-11       1.276628988169e-11 
 2527       1.962626636517e-05       1.596584565769e-06      -1.981959998128e-06       0.000000000000e+00       3.279804531519e-11       2.286887114957e-11       1.267905002275e-11 
 2528       1.960555259255e-05       1.586583183039e-06      -1.998230458438e-06       0.000000000000e+00       3.266954449483e-11       2.257896045267e-11       1.259122930221e-11 
 2529       1.958592906631e-05       1.576492167708e-06      -2.014046039482e-06       0.000000000000e+00       3.254157887575e-11       2.229451695856e-11       1.250284011493e-11 
 2530       1.956736244601e-05       1.566314279907e-06      -2.029405532931e-06       0.000000000000e+00       3.241414682331e-11       2.201550312312e-11       1.241389489767e-11 
 2531       1.954981927944e-05       1.556052288932e-06      -2.044307729283e-06       0.000000000000e+00       3.228724669381e-11       2.174188125102e-11       1.232440612915e-11 
 2532       1.953326600254e-05       1.545708973260e-06      -2.058751417866e-06       0.000000000000e+00       3.216087683449e-11       2.147361349545e-11       1.223438633012e-11 
 2533       1.951766893932e-05       1.535287120551e-06      -2.072735386837e-06       0.000000000000e+00       3.203503558356e-11       2.121066185805e-11       1.214384806335e-11 
 2534       1.950299430168e-05       1.524789527664e-06      -2.086258423180e-06       0.000000000000e+00       3.190972127014e-11       2.095298818871e-11       1.205280393374e-11 
 2535       1.948920818933e-05       1.514219000659e-06      -2.099319312709e-06       0.000000000000e+00       3.178493221426e-11       2.070055418539e-11       1.196126658828e-11 
 2536       1.947627658970e-05       1.503578354813e-06      -2.111916840064e-06       0.000000000000e+00       3.166066672689e-11       2.045332139401e-11       1.186924871618e-11 
 2537       1.946416537779e-05       1.492870414624e-06      -2.124049788715e-06       0.000000000000e+00       3.153692310987e-11       2.021125120825e-11       1.177676304883e-11 
 2538       1.945284031608e-05       1.482098013823e-06      -2.135716940957e-06       0.000000000000e+00       3.141369965595e-11       1.997430486940e-11       1.168382235992e-11 
 2539       1.944226705442e-05       1.471263995383e-06      -2.146917077915e-06       0.000000000000e+00       3.129099464874e-11       1.974244346621e-11       1.159043946542e-11 
 2540       1.943241112988e-05       1.460371211527e-06      -2.157648979538e-06       0.000000000000e+00       3.116880636273e-11       1.951562793470e-11       1.149662722365e-11 
 2541       1.942323796669e-05       1.449422523738e-06      -2.167911424602e-06       0.000000000000e+00       3.104713306325e-11       1.929381905805e-11       1.140239853531e-11 
 2542       1.941471287611e-05       1.438420802767e-06      -2.177703190712e-06       0.000000000000e+00       3.092597300651e-11       1.907697746639e-11       1.130776634354e-11 
 2543       1.940680105628e-05       1.427368928646e-06      -2.187023054296e-06       0.000000000000e+00       3.080532443952e-11       1.886506363667e-11       1.121274363396e-11 
 2544       1.939946759217e-05       1.416269790691e-06      -2.195869790608e-06       0.000000000000e+00       3.068518560015e-11       1.865803789249e-11       1.111734343469e-11 
 2545       1.939267745542e-05       1.405126287518e-06      -2.204242173731e-06       0.000000000000e+00       3.056555471705e-11       1.845586040392e-11       1.102157881641e-11 
 2546       1.938639550424e-05       1.393941327046e-06      -2.212138976568e-06       0.000000000000e+00       3.044643000971e-11       1.825849118737e-11       1.092546289241e-11 
 2547       1.938058648332e-05       1.382717826510e-06      -2.219558970851e-06       0.000000000000e+00       3.032780968839e-11       1.806589010544e-11       1.082900881860e-11 
 2548       1.937521502367e-05       1.371458712470e-06      -2.226500927136e-06       0.000000000000e+00       3.020969195414e-11       1.787801686670e-11       1.073222979360e-11 
 2549       1.937024564258e-05       1.360166920817e-06      -2.232963614801e-06       0.000000000000e+00       3.009207499881e-11       1.769483102560e-11       1.063513905873e-11 
 2550       1.936564274341e-05       1.348845396788e-06      -2.238945802052e-06       0.000000000000e+00       2.997495700497e-11       1.751629198225e-11       1.053774989810e-11 
 2551       1.936137061556e-05       1.337497094969e-06      -2.244446255915e-06       0.000000000000e+00       2.985833614598e-11       1.734235898230e-11       1.044007563861e-11 
 2552       1.935739343435e-05       1.326124979308e-06      -2.249463742242e-06       0.000000000000e+00       2.974221058592e-11       1.717299111676e-11       1.034212965003e-11 
 2553       1.935367526083e-05       1.314732023123e-06      -2.253997025709e-06       0.000000000000e+00       2.962657847963e-11       1.700814732186e-11       1.024392534502e-11 
 2554       1.935018004178e-05       1.303321209111e-06      -2.258044869813e-06       0.000000000000e+00       2.951143797265e-11       1.684778637886e-11       1.014547617917e-11 
 2555       1.934687421733e-05       1.291895396680e-06      -2.261606945714e-06       0.000000000000e+00       2.939678708123e-11       1.669186768573e-11       1.004679589180e-11 
 2556       1.934373456067e-05       1.280456923097e-06      -2.264686564442e-06       0.000000000000e+00       2.928262333160e-11       1.654035357728e-11       9.947899229768e-12 
 2557       1.934074038309e-05       1.269008000070e-06      -2.267287960349e-06       0.000000000000e+00       2.916894411861e-11       1.639320701802e-11       9.848801227887e-12 
 2558       1.933787093016e-05       1.257550846229e-06      -2.269415383704e-06       0.000000000000e+00       2.905574682553e-11       1.625039083137e-11       9.749516968605e-12 
 2559       1.933510538165e-05       1.246087687131e-06      -2.271073100714e-06       0.000000000000e+00       2.894302882403e-11       1.611186769953e-11       9.650061582051e-12 
 2560       1.933242285151e-05       1.234620755264e-06      -2.272265393536e-06       0.000000000000e+00       2.883078747420e-11       1.597760016333e-11       9.550450246086e-12 
 2561       1.932980238776e-05       1.223152290059e-06      -2.272996560299e-06       0.000000000000e+00       2.871902012450e-11       1.584755062210e-11       9.450698186341e-12 
 2562       1.932722297246e-05       1.211684537894e-06      -2.273270915114e-06       0.000000000000e+00       2.860772411178e-11       1.572168133347e-11       9.350820676271e-12 
 2563       1.932466352162e-05       1.200219752099e-06      -2.273092788096e-06       0.000000000000e+00       2.849689676124e-11       1.559995441331e-11       9.250833037199e-12 
 2564       1.932210288515e-05       1.188760192966e-06      -2.272466525377e-06       0.000000000000e+00       2.838653538643e-11       1.548233183549e-11       9.150750638364e-12 
 2565       1.931951984679e-05       1.177308127754e-06      -2.271396489122e-06       0.000000000000e+00       2.827663728922e-11       1.536877543181e-11       9.050588896963e-12 
 2566       1.931689312404e-05       1.165865830697e-06      -2.269887057550e-06       0.000000000000e+00       2.816719975985e-11       1.525924689182e-11       8.950363278205e-12 
 2567       1.931420136812e-05       1.154435583008e-06      -2.267942624946e-06       0.000000000000e+00       2.805822007681e-11       1.515370776267e-11       8.850089295351e-12 
 2568       1.931142316388e-05       1.143019672889e-06      -2.265567601678e-06       0.000000000000e+00       2.794969550694e-11       1.505211944896e-11       8.749782509764e-12 
 2569       1.930853702973e-05       1.131620395535e-06      -2.262766414214e-06       0.000000000000e+00       2.784162330533e-11       1.495444321262e-11       8.649458530956e-12 
 2570       1.930552141759e-05       1.120240053145e-06      -2.259543505141e-06       0.000000000000e+00       2.773400071537e-11       1.486064017274e-11       8.549133016633e-12 
 2571       1.930235471285e-05       1.108880954922e-06      -2.255903333177e-06       0.000000000000e+00       2.762682496869e-11       1.477067130545e-11       8.448821672743e-12 
 2572       1.929901523425e-05       1.097545417086e-06      -2.251850373190e-06       0.000000000000e+00       2.752009328518e-11       1.468449744373e-11       8.348540253520e-12 
 2573       1.929548123385e-05       1.086235762879e-06      -2.247389116213e-06       0.000000000000e+00       2.741380287296e-11       1.460207927731e-11       8.248304561536e-12 
 2574       1.929173089698e-05       1.074954322569e-06      -2.242524069464e-06       0.000000000000e+00       2.730795092838e-11       1.452337735248e-11       8.148130447740e-12 
 2575       1.928774234213e-05       1.063703433460e-06      -2.237259756357e-06       0.000000000000e+00       2.720253463598e-11       1.444835207199e-11       8.048033811513e-12 
 2576       1.928349362093e-05       1.052485439897e-06      -2.231600716522e-06       0.000000000000e+00       2.709755116854e-11       1.437696369487e-11       7.948030600708e-12 
 2577       1.927896271805e-05       1.041302693275e-06      -2.225551505822e-06       0.000000000000e+00       2.699299768697e-11       1.430917233629e-11       7.848136811700e-12 
 2578       1.927412755117e-05       1.030157552043e-06      -2.219116696367e-06       0.000000000000e+00       2.688887134040e-11       1.424493796744e-11       7.748368489433e-12 
 2579       1.926896597088e-05       1.019052381710e-06      -2.212300876530e-06       0.000000000000e+00       2.678516926610e-11       1.418422041533e-11       7.648741727464e-12 
 2580       1.926345576065e-05       1.007989554857e-06      -2.205108650969e-06       0.000000000000e+00       2.668188858948e-11       1.412697936269e-11       7.549272668011e-12 
 2581       1.925757463673e-05       9.969714511388e-07      -2.197544640635e-06       0.000000000000e+00       2.657902642410e-11       1.407317434783e-11       7.449977502001e-12 
 2582       1.925130024811e-05       9.860004572920e-07      -2.189613482796e-06       0.000000000000e+00       2.647657987164e-11       1.402276476443e-11       7.350872469115e-12 
 2583       1.924461017645e-05       9.750789671424e-07      -2.181319831047e-06       0.000000000000e+00       2.637454602187e-11       1.397570986148e-11       7.251973857835e-12 
 2584       1.923748193602e-05       9.642093816117e-07      -2.172668355334e-06       0.000000000000e+00       2.627292195270e-11       1.393196874307e-11       7.153298005491e-12 
 2585       1.922989297364e-05       9.533941087237e-07      -2.163663741963e-06       0.000000000000e+00       2.617170473007e-11       1.389150036825e-11       7.054861298307e-12 
 2586       1.922182066856e-05       9.426355636113e-07      -2.154310693619e-06       0.000000000000e+00       2.607089140805e-11       1.385426355093e-11       6.956680171449e-12 
 2587       1.921324233250e-05       9.319361685234e-07      -2.144613929385e-06       0.000000000000e+00       2.597047902872e-11       1.382021695967e-11       6.858771109070e-12 
 2588       1.920413520948e-05       9.212983528317e-07      -2.134578184756e-06       0.000000000000e+00       2.587046462223e-11       1.378931911761e-11       6.761150644357e-12 
 2589       1.919447647582e-05       9.107245530368e-07      -2.124208211656e-06       0.000000000000e+00       2.577084520677e-11       1.376152840222e-11       6.663835359579e-12 
 2590       1.918424324007e-05       9.002172127760e-07      -2.113508778452e-06       0.000000000000e+00       2.567161778854e-11       1.373680304526e-11       6.566841886132e-12 
 2591       1.917341254291e-05       8.897787828292e-07      -2.102484669975e-06       0.000000000000e+00       2.557277936175e-11       1.371510113258e-11       6.470186904587e-12 
 2592       1.916196135711e-05       8.794117211258e-07      -2.091140687533e-06       0.000000000000e+00       2.547432690862e-11       1.369638060395e-11       6.373887144734e-12 
 2593       1.914986658748e-05       8.691184927520e-07      -2.079481648931e-06       0.000000000000e+00       2.537625739935e-11       1.368059925298e-11       6.277959385634e-12 
 2594       1.913710819398e-05       8.589013170244e-07      -2.067512628076e-06       0.000000000000e+00       2.527856819966e-11       1.366771710711e-11       6.182417746864e-12 
 2595       1.912367858055e-05       8.487614071406e-07      -2.055239675264e-06       0.000000000000e+00       2.518125829610e-11       1.365770358273e-11       6.087265545471e-12 
 2596       1.910957325914e-05       8.386997262498e-07      -2.042669100995e-06       0.000000000000e+00       2.508432707762e-11       1.365053037017e-11       5.992503393147e-12 
 2597       1.909478773137e-05       8.287172399982e-07      -2.029807236771e-06       0.000000000000e+00       2.498777392868e-11       1.364616905708e-11       5.898131900846e-12 
 2598       1.907931748846e-05       8.188149165309e-07      -2.016660435111e-06       0.000000000000e+00       2.489159822921e-11       1.364459112834e-11       5.804151678781e-12 
 2599       1.906315801127e-05       8.089937264945e-07      -2.003235069577e-06       0.000000000000e+00       2.479579935461e-11       1.364576796592e-11       5.710563336426e-12 
 2600       1.904630477025e-05       7.992546430387e-07      -1.989537534793e-06       0.000000000000e+00       2.470037667577e-11       1.364967084885e-11       5.617367482511e-12 
 2601       1.902875322545e-05       7.895986418193e-07      -1.975574246465e-06       0.000000000000e+00       2.460532955904e-11       1.365627095300e-11       5.524564725023e-12 
 2602       1.901049882653e-05       7.800267009999e-07      -1.961351641403e-06       0.000000000000e+00       2.451065736620e-11       1.366553935111e-11       5.432155671203e-12 
 2603       1.899153701271e-05       7.705398012544e-07      -1.946876177540e-06       0.000000000000e+00       2.441635945453e-11       1.367744701257e-11       5.340140927545e-12 
 2604       1.897186321281e-05       7.611389257690e-07      -1.932154333955e-06       0.000000000000e+00       2.432243517673e-11       1.369196480339e-11       5.248521099792e-12 
 2605       1.895147284518e-05       7.518250602448e-07      -1.917192610890e-06       0.000000000000e+00       2.422888388094e-11       1.370906348607e-11       5.157296792939e-12 
 2606       1.893036131775e-05       7.425991928998e-07      -1.901997529777e-06       0.000000000000e+00       2.413570491077e-11       1.372871371949e-11       5.066468611226e-12 
 2607       1.890852402799e-05       7.334623144712e-07      -1.886575633251e-06       0.000000000000e+00       2.404289760522e-11       1.375088605882e-11       4.976037158141e-12 
 2608       1.888595636291e-05       7.244154182176e-07      -1.870933485177e-06       0.000000000000e+00       2.395046129876e-11       1.377555095540e-11       4.886003036416e-12 
 2609       1.886265369904e-05       7.154594999214e-07      -1.855077670666e-06       0.000000000000e+00       2.385839532125e-11       1.380267875667e-11       4.796366848024e-12 
 2610       1.883861140245e-05       7.065955578907e-07      -1.839014796100e-06       0.000000000000e+00       2.376669899799e-11       1.383223970602e-11       4.707129194181e-12 
 2611       1.881382482870e-05       6.978245929619e-07      -1.822751489149e-06       0.000000000000e+00       2.367537164967e-11       1.386420394272e-11       4.618290675342e-12 
 2612       1.878828932286e-05       6.891476085019e-07      -1.806294398794e-06       0.000000000000e+00       2.358441259242e-11       1.389854150181e-11       4.529851891201e-12 
 2613       1.876200021949e-05       6.805656104100e-07      -1.789650195348e-06       0.000000000000e+00       2.349382113773e-11       1.393522231397e-11       4.441813440684e-12 
 2614       1.873495284264e-05       6.720796071207e-07      -1.772825570473e-06       0.000000000000e+00       2.340359659251e-11       1.397421620545e-11       4.354175921957e-12 
 2615       1.870714250584e-05       6.636906096055e-07      -1.755827237207e-06       0.000000000000e+00       2.331373825908e-11       1.401549289797e-11       4.266939932415e-12 
 2616       1.867856451207e-05       6.553996313752e-07      -1.738661929977e-06       0.000000000000e+00       2.322424543510e-11       1.405902200857e-11       4.180106068686e-12 
 2617       1.864921415378e-05       6.472076884822e-07      -1.721336404628e-06       0.000000000000e+00       2.313511741364e-11       1.410477304956e-11       4.093674926626e-12 
 2618       1.861908671287e-05       6.391157995230e-07      -1.703857438436e-06       0.000000000000e+00       2.304635348314e-11       1.415271542839e-11       4.007647101321e-12 
 2619       1.858817746068e-05       6.311249856401e-07      -1.686231830135e-06       0.000000000000e+00       2.295795292741e-11       1.420281844753e-11       3.922023187083e-12 
 2620       1.855648165797e-05       6.232362705241e-07      -1.668466399933e-06       0.000000000000e+00       2.286991502563e-11       1.425505130439e-11       3.836803777447e-12 
 2621       1.852399455494e-05       6.154506804166e-07      -1.650567989535e-06       0.000000000000e+00       2.278223905233e-11       1.430938309124e-11       3.751989465172e-12 
 2622       1.849071139118e-05       6.077692441117e-07      -1.632543462164e-06       0.000000000000e+00       2.269492427738e-11       1.436578279503e-11       3.667580842239e-12 
 2623       1.845662739570e-05       6.001929929588e-07      -1.614399702581e-06       0.000000000000e+00       2.260796996604e-11       1.442421929738e-11       3.583578499849e-12 
 2624       1.842173778691e-05       5.927229608646e-07      -1.596143617103e-06       0.000000000000e+00       2.252137537887e-11       1.448466137439e-11       3.499983028419e-12 
 2625       1.838603777260e-05       5.853601842952e-07      -1.577782133632e-06       0.000000000000e+00       2.243513977179e-11       1.454707769660e-11       3.416795017585e-12 
 2626       1.834952254993e-05       5.781057022786e-07      -1.559322201664e-06       0.000000000000e+00       2.234926239606e-11       1.461143682884e-11       3.334015056195e-12 
 2627       1.831218730544e-05       5.709605564070e-07      -1.540770792321e-06       0.000000000000e+00       2.226374249824e-11       1.467770723019e-11       3.251643732315e-12 
 2628       1.827402721502e-05       5.639257908385e-07      -1.522134898362e-06       0.000000000000e+00       2.217857932024e-11       1.474585725378e-11       3.169681633216e-12 
 2629       1.823503744393e-05       5.570024523003e-07      -1.503421534212e-06       0.000000000000e+00       2.209377209928e-11       1.481585514678e-11       3.088129345385e-12 
 2630       1.819521314676e-05       5.501915900898e-07      -1.484637735977e-06       0.000000000000e+00       2.200932006787e-11       1.488766905024e-11       3.006987454514e-12 
 2631       1.815454946742e-05       5.434942560778e-07      -1.465790561466e-06       0.000000000000e+00       2.192522245385e-11       1.496126699900e-11       2.926256545502e-12 
 2632       1.811304153916e-05       5.369115047102e-07      -1.446887090215e-06       0.000000000000e+00       2.184147848036e-11       1.503661692160e-11       2.845937202453e-12 
 2633       1.807068667920e-05       5.304441569683e-07      -1.427934082068e-06       0.000000000000e+00       2.175808721504e-11       1.511368568294e-11       2.766030059332e-12 
 2634       1.802749098604e-05       5.240920908091e-07      -1.408936950824e-06       0.000000000000e+00       2.167504711672e-11       1.519243620668e-11       2.686535952233e-12 
 2635       1.798346277880e-05       5.178549467835e-07      -1.389900784928e-06       0.000000000000e+00       2.159235648624e-11       1.527283033664e-11       2.607455767958e-12 
 2636       1.793861040597e-05       5.117323637173e-07      -1.370830688396e-06       0.000000000000e+00       2.151001361692e-11       1.535482979244e-11       2.528790393427e-12 
 2637       1.789294224541e-05       5.057239787104e-07      -1.351731780835e-06       0.000000000000e+00       2.142801679464e-11       1.543839616939e-11       2.450540715685e-12 
 2638       1.784646670440e-05       4.998294271340e-07      -1.332609197457e-06       0.000000000000e+00       2.134636429776e-11       1.552349093833e-11       2.372707621899e-12 
 2639       1.779919221965e-05       4.940483426295e-07      -1.313468089092e-06       0.000000000000e+00       2.126505439718e-11       1.561007544556e-11       2.295291999355e-12 
 2640       1.775112725734e-05       4.883803571062e-07      -1.294313622203e-06       0.000000000000e+00       2.118408535625e-11       1.569811091271e-11       2.218294735462e-12 
 2641       1.770228031314e-05       4.828251007397e-07      -1.275150978901e-06       0.000000000000e+00       2.110345543085e-11       1.578755843658e-11       2.141716717744e-12 
 2642       1.765265991226e-05       4.773822019698e-07      -1.255985356963e-06       0.000000000000e+00       2.102316286932e-11       1.587837898907e-11       2.065558833848e-12 
 2643       1.760227460946e-05       4.720512874992e-07      -1.236821969842e-06       0.000000000000e+00       2.094320591247e-11       1.597053341702e-11       1.989821971535e-12 
 2644       1.755113298906e-05       4.668319822910e-07      -1.217666046682e-06       0.000000000000e+00       2.086358279357e-11       1.606398244212e-11       1.914507018687e-12 
 2645       1.749924366503e-05       4.617239095672e-07      -1.198522832340e-06       0.000000000000e+00       2.078429173836e-11       1.615868666078e-11       1.839614863298e-12 
 2646       1.744661528095e-05       4.567266908069e-07      -1.179397587389e-06       0.000000000000e+00       2.070533096502e-11       1.625460654398e-11       1.765146393481e-12 
 2647       1.739325651010e-05       4.518399457442e-07      -1.160295588144e-06       0.000000000000e+00       2.062669868417e-11       1.635170243721e-11       1.691102497462e-12 
 2648       1.733917605543e-05       4.470632923668e-07      -1.141222126670e-06       0.000000000000e+00       2.054839309887e-11       1.644993456030e-11       1.617484063581e-12 
 2649       1.728438264965e-05       4.423963469136e-07      -1.122182510799e-06       0.000000000000e+00       2.047041240459e-11       1.654926300731e-11       1.544291980291e-12 
 2650       1.722888505520e-05       4.378387238734e-07      -1.103182064145e-06       0.000000000000e+00       2.039275478923e-11       1.664964774642e-11       1.471527136159e-12 
 2651       1.717269206431e-05       4.333900359826e-07      -1.084226126118e-06       0.000000000000e+00       2.031541843310e-11       1.675104861981e-11       1.399190419862e-12 
 2652       1.711581249906e-05       4.290498942237e-07      -1.065320051938e-06       0.000000000000e+00       2.023840150890e-11       1.685342534352e-11       1.327282720189e-12 
 2653       1.705825521133e-05       4.248179078232e-07      -1.046469212654e-06       0.000000000000e+00       2.016170218172e-11       1.695673750735e-11       1.255804926038e-12 
 2654       1.700002908291e-05       4.206936842500e-07      -1.027678995154e-06       0.000000000000e+00       2.008531860904e-11       1.706094457475e-11       1.184757926417e-12 
 2655       1.694114302547e-05       4.166768292134e-07      -1.008954802179e-06       0.000000000000e+00       2.000924894074e-11       1.716600588266e-11       1.114142610444e-12 
 2656       1.688160598062e-05       4.127669466612e-07      -9.903020523461e-07       0.000000000000e+00       1.993349131902e-11       1.727188064141e-11       1.043959867342e-12 
 2657       1.682142691994e-05       4.089636387782e-07      -9.717261801524e-07       0.000000000000e+00       1.985804387850e-11       1.737852793463e-11       9.742105864433e-13 
 2658       1.676061484498e-05       4.052665059838e-07      -9.532326359974e-07       0.000000000000e+00       1.978290474610e-11       1.748590671907e-11       9.048956571859e-13 
 2659       1.669917878734e-05       4.016751469306e-07      -9.348268861948e-07       0.000000000000e+00       1.970807204111e-11       1.759397582454e-11       8.360159691133e-13 
 2660       1.663712780865e-05       3.981891585027e-07      -9.165144129878e-07       0.000000000000e+00       1.963354387517e-11       1.770269395374e-11       7.675724118739e-13 
 2661       1.657447100062e-05       3.948081358131e-07      -8.983007145639e-07       0.000000000000e+00       1.955931835222e-11       1.781201968216e-11       6.995658752200e-13 
 2662       1.651121748505e-05       3.915316722027e-07      -8.801913050699e-07       0.000000000000e+00       1.948539356855e-11       1.792191145797e-11       6.319972490074e-13 
 2663       1.644737641392e-05       3.883593592380e-07      -8.621917146263e-07       0.000000000000e+00       1.941176761274e-11       1.803232760190e-11       5.648674231942e-13 
 2664       1.638295696934e-05       3.852907867093e-07      -8.443074893424e-07       0.000000000000e+00       1.933843856570e-11       1.814322630708e-11       4.981772878404e-13 
 2665       1.631796836362e-05       3.823255426291e-07      -8.265441913310e-07       0.000000000000e+00       1.926540450061e-11       1.825456563898e-11       4.319277331069e-13 
 2666       1.625241983930e-05       3.794632132299e-07      -8.089073987232e-07       0.000000000000e+00       1.919266348296e-11       1.836630353523e-11       3.661196492549e-13 
 2667       1.618632066917e-05       3.767033829626e-07      -7.914027056831e-07       0.000000000000e+00       1.912021357053e-11       1.847839780555e-11       3.007539266450e-13 
 2668       1.611968015630e-05       3.740456344947e-07      -7.740357224227e-07       0.000000000000e+00       1.904805281334e-11       1.859080613160e-11       2.358314557366e-13 
 2669       1.605250763407e-05       3.714895487082e-07      -7.568120752169e-07       0.000000000000e+00       1.897617925371e-11       1.870348606687e-11       1.713531270868e-13 
 2670       1.598481246621e-05       3.690347046980e-07      -7.397374064177e-07       0.000000000000e+00       1.890459092621e-11       1.881639503656e-11       1.073198313502e-13 
 2671       1.591660404680e-05       3.666806797700e-07      -7.228173744697e-07       0.000000000000e+00       1.883328585765e-11       1.892949033744e-11       4.373245927744e-14 
 2672       1.584789243678e-05       3.644269255635e-07      -7.060570451658e-07       0.000000000000e+00       1.876226222626e-11       1.904273406308e-11      -1.940713097039e-14 
 2673       1.577869027711e-05       3.622723956813e-07      -6.894590617424e-07       0.000000000000e+00       1.869151884012e-11       1.915610790914e-11      -8.209320608739e-14 
 2674       1.570901088612e-05       3.602159160149e-07      -6.730254647848e-07       0.000000000000e+00       1.862105466132e-11       1.926959844896e-11      -1.443190494229e-13 
 2675       1.563886762407e-05       3.582563084314e-07      -6.567583000798e-07       0.000000000000e+00       1.855086864705e-11       1.938319221558e-11      -2.060779268332e-13 
 2676       1.556827389323e-05       3.563923907693e-07      -6.406596186198e-07       0.000000000000e+00       1.848095974956e-11       1.949687570172e-11      -2.673630866662e-13 
 2677       1.549724313783e-05       3.546229768347e-07      -6.247314766082e-07       0.000000000000e+00       1.841132691618e-11       1.961063535970e-11      -3.281677597456e-13 
 2678       1.542578884421e-05       3.529468763973e-07      -6.089759354629e-07       0.000000000000e+00       1.834196908930e-11       1.972445760143e-11      -3.884851593559e-13 
 2679       1.535392454075e-05       3.513628951865e-07      -5.933950618217e-07       0.000000000000e+00       1.827288520637e-11       1.983832879840e-11      -4.483084812263e-13 
 2680       1.528166379799e-05       3.498698348873e-07      -5.779909275465e-07       0.000000000000e+00       1.820407419991e-11       1.995223528156e-11      -5.076309035159e-13 
 2681       1.520902022864e-05       3.484664931367e-07      -5.627656097280e-07       0.000000000000e+00       1.813553499748e-11       2.006616334138e-11      -5.664455867976e-13 
 2682       1.513600748762e-05       3.471516635198e-07      -5.477211906901e-07       0.000000000000e+00       1.806726652169e-11       2.018009922773e-11      -6.247456740429e-13 
 2683       1.506263927209e-05       3.459241355653e-07      -5.328597579947e-07       0.000000000000e+00       1.799926769017e-11       2.029402914992e-11      -6.825242906065e-13 
 2684       1.498892932153e-05       3.447826947423e-07      -5.181834044459e-07       0.000000000000e+00       1.793153741562e-11       2.040793927659e-11      -7.397745442107e-13 
 2685       1.491489141772e-05       3.437261224560e-07      -5.036942280950e-07       0.000000000000e+00       1.786407460575e-11       2.052181573571e-11      -7.964895249296e-13 
 2686       1.484053938482e-05       3.427531960436e-07      -4.893943322448e-07       0.000000000000e+00       1.779687816328e-11       2.063564461453e-11      -8.526623051744e-13 
 2687       1.476588708942e-05       3.418626887710e-07      -4.752858254544e-07       0.000000000000e+00       1.772994698598e-11       2.074941195957e-11      -9.082859396769e-13 
 2688       1.469094844053e-05       3.410533698283e-07      -4.613708215432e-07       0.000000000000e+00       1.766327996661e-11       2.086310377654e-11      -9.633534654750e-13 
 2689       1.461573738968e-05       3.403240043258e-07      -4.476514395963e-07       0.000000000000e+00       1.759687599296e-11       2.097670603034e-11      -1.017857901896e-12 
 2690       1.454026793089e-05       3.396733532909e-07      -4.341298039683e-07       0.000000000000e+00       1.753073394780e-11       2.109020464497e-11      -1.071792250544e-12 
 2691       1.446455410080e-05       3.391001736631e-07      -4.208080442884e-07       0.000000000000e+00       1.746485270892e-11       2.120358550358e-11      -1.125149495278e-12 
 2692       1.438860997863e-05       3.386032182909e-07      -4.076882954647e-07       0.000000000000e+00       1.739923114908e-11       2.131683444834e-11      -1.177922602206e-12 
 2693       1.431244968624e-05       3.381812359275e-07      -3.947726976887e-07       0.000000000000e+00       1.733386813606e-11       2.142993728046e-11      -1.230104519660e-12 
 2694       1.423608738820e-05       3.378329712269e-07      -3.820633964403e-07       0.000000000000e+00       1.726876253259e-11       2.154287976013e-11      -1.281688178187e-12 
 2695       1.415953729181e-05       3.375571647401e-07      -3.695625424918e-07       0.000000000000e+00       1.720391319639e-11       2.165564760649e-11      -1.332666490529e-12 
 2696       1.408281364712e-05       3.373525529110e-07      -3.572722919128e-07       0.000000000000e+00       1.713931898017e-11       2.176822649758e-11      -1.383032351613e-12 
 2697       1.400593074700e-05       3.372178680728e-07      -3.451948060746e-07       0.000000000000e+00       1.707497873157e-11       2.188060207032e-11      -1.432778638530e-12 
 2698       1.392890292717e-05       3.371518384436e-07      -3.333322516551e-07       0.000000000000e+00       1.701089129323e-11       2.199275992048e-11      -1.481898210521e-12 
 2699       1.385174456623e-05       3.371531881230e-07      -3.216868006428e-07       0.000000000000e+00       1.694705550271e-11       2.210468560260e-11      -1.530383908965e-12 
 2700       1.377447008572e-05       3.372206370876e-07      -3.102606303420e-07       0.000000000000e+00       1.688347019256e-11       2.221636462998e-11      -1.578228557358e-12 
 2701       1.369709395014e-05       3.373529011876e-07      -2.990559233770e-07       0.000000000000e+00       1.682013419025e-11       2.232778247467e-11      -1.625424961303e-12 
 2702       1.361963066700e-05       3.375486921428e-07      -2.880748676964e-07       0.000000000000e+00       1.675704631819e-11       2.243892456737e-11      -1.671965908488e-12 
 2703       1.354209478684e-05       3.378067175382e-07      -2.773196565784e-07       0.000000000000e+00       1.669420539373e-11       2.254977629746e-11      -1.717844168678e-12 
 2704       1.346450090331e-05       3.381256808206e-07      -2.667924886347e-07       0.000000000000e+00       1.663161022917e-11       2.266032301289e-11      -1.763052493695e-12 
 2705       1.338686365319e-05       3.385042812947e-07      -2.564955678155e-07       0.000000000000e+00       1.656925963171e-11       2.277055002022e-11      -1.807583617401e-12 
 2706       1.330919771639e-05       3.389412141186e-07      -2.464311034137e-07       0.000000000000e+00       1.650715240348e-11       2.288044258451e-11      -1.851430255688e-12 
 2707       1.323151781608e-05       3.394351703005e-07      -2.366013100698e-07       0.000000000000e+00       1.644528734152e-11       2.298998592934e-11      -1.894585106458e-12 
 2708       1.315383871862e-05       3.399848366945e-07      -2.270084077762e-07       0.000000000000e+00       1.638366323779e-11       2.309916523673e-11      -1.937040849607e-12 
 2709       1.307617523370e-05       3.405888959967e-07      -2.176546218819e-07       0.000000000000e+00       1.632227887913e-11       2.320796564714e-11      -1.978790147015e-12 
 2710       1.299854221432e-05       3.412460267412e-07      -2.085421830973e-07       0.000000000000e+00       1.626113304732e-11       2.331637225940e-11      -2.019825642524e-12 
 2711       1.292095385061e-05       3.419549114153e-07      -1.996727842222e-07       0.000000000000e+00       1.620022464023e-11       2.342437027842e-11      -2.060142419027e-12 
 2712       1.284342154706e-05       3.427142608604e-07      -1.910459471169e-07       0.000000000000e+00       1.613955303628e-11       2.353194545932e-11      -2.099745384246e-12 
 2713       1.276595603392e-05       3.435227899946e-07      -1.826606469192e-07       0.000000000000e+00       1.607911773201e-11       2.363908366559e-11      -2.138641924822e-12 
 2714       1.268856807239e-05       3.443792097028e-07      -1.745158545147e-07       0.000000000000e+00       1.601891822095e-11       2.374577072160e-11      -2.176839452858e-12 
 2715       1.261126845467e-05       3.452822268321e-07      -1.666105365328e-07       0.000000000000e+00       1.595895399366e-11       2.385199241254e-11      -2.214345405943e-12 
 2716       1.253406800400e-05       3.462305441886e-07      -1.589436553420e-07       0.000000000000e+00       1.589922453774e-11       2.395773448436e-11      -2.251167247182e-12 
 2717       1.245697757463e-05       3.472228605331e-07      -1.515141690463e-07       0.000000000000e+00       1.583972933780e-11       2.406298264377e-11      -2.287312465216e-12 
 2718       1.238000805191e-05       3.482578705778e-07      -1.443210314799e-07       0.000000000000e+00       1.578046787545e-11       2.416772255818e-11      -2.322788574248e-12 
 2719       1.230317035231e-05       3.493342649822e-07      -1.373631922039e-07       0.000000000000e+00       1.572143962932e-11       2.427193985570e-11      -2.357603114068e-12 
 2720       1.222647542340e-05       3.504507303494e-07      -1.306395965013e-07       0.000000000000e+00       1.566264407506e-11       2.437562012506e-11      -2.391763650078e-12 
 2721       1.214993424394e-05       3.516059492223e-07      -1.241491853730e-07       0.000000000000e+00       1.560408068531e-11       2.447874891559e-11      -2.425277773314e-12 
 2722       1.207355782386e-05       3.527986000797e-07      -1.178908955335e-07       0.000000000000e+00       1.554574892972e-11       2.458131173720e-11      -2.458153100475e-12 
 2723       1.199735720433e-05       3.540273573329e-07      -1.118636594063e-07       0.000000000000e+00       1.548764827492e-11       2.468329406034e-11      -2.490397273942e-12 
 2724       1.192134345775e-05       3.552908913212e-07      -1.060664051203e-07       0.000000000000e+00       1.542977818456e-11       2.478468131595e-11      -2.522017961809e-12 
 2725       1.184552768780e-05       3.565878683090e-07      -1.004980565045e-07       0.000000000000e+00       1.537213811928e-11       2.488545889545e-11      -2.553022857902e-12 
 2726       1.176992102947e-05       3.579169504813e-07      -9.515753308463e-08       0.000000000000e+00       1.531472753668e-11       2.498561215066e-11      -2.583419681807e-12 
 2727       1.169453464907e-05       3.592767959402e-07      -9.004375007832e-08       0.000000000000e+00       1.525754589138e-11       2.508512639382e-11      -2.613216178894e-12 
 2728       1.161937974427e-05       3.606660587010e-07      -8.515561839092e-08       0.000000000000e+00       1.520059263496e-11       2.518398689752e-11      -2.642420120341e-12 
 2729       1.154446754415e-05       3.620833886886e-07      -8.049204461124e-08       0.000000000000e+00       1.514386721598e-11       2.528217889467e-11      -2.671039303157e-12 
 2730       1.146980930918e-05       3.635274317335e-07      -7.605193100722e-08       0.000000000000e+00       1.508736907999e-11       2.537968757847e-11      -2.699081550211e-12 
 2731       1.139541633129e-05       3.649968295682e-07      -7.183417552161e-08       0.000000000000e+00       1.503109766950e-11       2.547649810238e-11      -2.726554710253e-12 
 2732       1.132129993388e-05       3.664902198232e-07      -6.783767176772e-08       0.000000000000e+00       1.497505242400e-11       2.557259558007e-11      -2.753466657939e-12 
 2733       1.124747147183e-05       3.680062360233e-07      -6.406130902508e-08       0.000000000000e+00       1.491923277992e-11       2.566796508540e-11      -2.779825293858e-12 
 2734       1.117394233159e-05       3.695435075841e-07      -6.050397223513e-08       0.000000000000e+00       1.486363817068e-11       2.576259165236e-11      -2.805638544553e-12 
 2735       1.110072393114e-05       3.711006598075e-07      -5.716454199697e-08       0.000000000000e+00       1.480826802665e-11       2.585646027507e-11      -2.830914362549e-12 
 2736       1.102782772005e-05       3.726763138787e-07      -5.404189456299e-08       0.000000000000e+00       1.475312177515e-11       2.594955590773e-11      -2.855660726375e-12 
 2737       1.095526517951e-05       3.742690868618e-07      -5.113490183465e-08       0.000000000000e+00       1.469819884047e-11       2.604186346457e-11      -2.879885640591e-12 
 2738       1.088304782234e-05       3.758775916966e-07      -4.844243135808e-08       0.000000000000e+00       1.464349864382e-11       2.613336781982e-11      -2.903597135809e-12 
 2739       1.081118719305e-05       3.775004371941e-07      -4.596334631988e-08       0.000000000000e+00       1.458902060339e-11       2.622405380771e-11      -2.926803268724e-12 
 2740       1.073969486783e-05       3.791362280333e-07      -4.369650554274e-08       0.000000000000e+00       1.453476413429e-11       2.631390622237e-11      -2.949512122130e-12 
 2741       1.066858245461e-05       3.807835647572e-07      -4.164076348119e-08       0.000000000000e+00       1.448072864858e-11       2.640290981785e-11      -2.971731804952e-12 
 2742       1.059786159307e-05       3.824410437689e-07      -3.979497021726e-08       0.000000000000e+00       1.442691355524e-11       2.649104930807e-11      -2.993470452268e-12 
 2743       1.052754395468e-05       3.841072573280e-07      -3.815797145623e-08       0.000000000000e+00       1.437331826022e-11       2.657830936678e-11      -3.014736225332e-12 
 2744       1.045764124271e-05       3.857807935467e-07      -3.672860852226e-08       0.000000000000e+00       1.431994216635e-11       2.666467462751e-11      -3.035537311601e-12 
 2745       1.038816519227e-05       3.874602363860e-07      -3.550571835415e-08       0.000000000000e+00       1.426678467343e-11       2.675012968356e-11      -3.055881924758e-12 
 2746       1.031912757036e-05       3.891441656520e-07      -3.448813350101e-08       0.000000000000e+00       1.421384517817e-11       2.683465908796e-11      -3.075778304738e-12 
 2747       1.025054017585e-05       3.908311569921e-07      -3.367468211796e-08       0.000000000000e+00       1.416112307418e-11       2.691824735342e-11      -3.095234717751e-12 
 2748       1.018241483955e-05       3.925197818910e-07      -3.306418796184e-08       0.000000000000e+00       1.410861775201e-11       2.700087895231e-11      -3.114259456308e-12 
 2749       1.011476342422e-05       3.942086076673e-07      -3.265547038689e-08       0.000000000000e+00       1.405632859913e-11       2.708253831662e-11      -3.132860839246e-12 
 2750       1.004759648481e-05       3.958962979631e-07      -3.244707799581e-08       0.000000000000e+00       1.400425489168e-11       2.716321178534e-11      -3.151045792910e-12 
 2751       9.980919241327e-06       3.975819148074e-07      -3.243648805179e-08       0.000000000000e+00       1.395239546925e-11       2.724289345806e-11      -3.168815586395e-12 
 2752       9.914735584573e-06       3.992646181539e-07      -3.262090279446e-08       0.000000000000e+00       1.390074905837e-11       2.732157937246e-11      -3.186170073647e-12 
 2753       9.849049414003e-06       4.009435655313e-07      -3.299751538882e-08       0.000000000000e+00       1.384931438059e-11       2.739926555974e-11      -3.203109110234e-12 
 2754       9.783864637732e-06       4.026179120407e-07      -3.356350991670e-08       0.000000000000e+00       1.379809015248e-11       2.747594804463e-11      -3.219632553356e-12 
 2755       9.719185172538e-06       4.042868103538e-07      -3.431606136826e-08       0.000000000000e+00       1.374707508557e-11       2.755162284532e-11      -3.235740261844e-12 
 2756       9.655014943871e-06       4.059494107104e-07      -3.525233563343e-08       0.000000000000e+00       1.369626788643e-11       2.762628597355e-11      -3.251432096160e-12 
 2757       9.591357885861e-06       4.076048609164e-07      -3.636948949342e-08       0.000000000000e+00       1.364566725658e-11       2.769993343451e-11      -3.266707918404e-12 
 2758       9.528217941323e-06       4.092523063415e-07      -3.766467061217e-08       0.000000000000e+00       1.359527189256e-11       2.777256122691e-11      -3.281567592311e-12 
 2759       9.465599061766e-06       4.108908899172e-07      -3.913501752785e-08       0.000000000000e+00       1.354508048585e-11       2.784416534295e-11      -3.296010983256e-12 
 2760       9.403505207398e-06       4.125197521342e-07      -4.077765964429e-08       0.000000000000e+00       1.349509172295e-11       2.791474176829e-11      -3.310037958258e-12 
 2761       9.341940347135e-06       4.141380310407e-07      -4.258971722250e-08       0.000000000000e+00       1.344530428529e-11       2.798428648209e-11      -3.323648385976e-12 
 2762       9.280908458607e-06       4.157448622397e-07      -4.456830137211e-08       0.000000000000e+00       1.339571684929e-11       2.805279545696e-11      -3.336842136718e-12 
 2763       9.220413528162e-06       4.173393788872e-07      -4.671051404288e-08       0.000000000000e+00       1.334632808632e-11       2.812026465901e-11      -3.349619082438e-12 
 2764       9.160459550881e-06       4.189207116900e-07      -4.901344801614e-08       0.000000000000e+00       1.329713666270e-11       2.818669004780e-11      -3.361979096741e-12 
 2765       9.101050530576e-06       4.204879889030e-07      -5.147418689626e-08       0.000000000000e+00       1.324814123972e-11       2.825206757634e-11      -3.373922054883e-12 
 2766       9.042190479802e-06       4.220403363278e-07      -5.408980510218e-08       0.000000000000e+00       1.319934047359e-11       2.831639319111e-11      -3.385447833777e-12 
 2767       8.983883419864e-06       4.235768773096e-07      -5.685736785881e-08       0.000000000000e+00       1.315073301547e-11       2.837966283205e-11      -3.396556311988e-12 
 2768       8.926133380823e-06       4.250967327360e-07      -5.977393118857e-08       0.000000000000e+00       1.310231751146e-11       2.844187243253e-11      -3.407247369744e-12 
 2769       8.868944401500e-06       4.265990210338e-07      -6.283654190280e-08       0.000000000000e+00       1.305409260259e-11       2.850301791938e-11      -3.417520888930e-12 
 2770       8.812320529491e-06       4.280828581676e-07      -6.604223759329e-08       0.000000000000e+00       1.300605692482e-11       2.856309521285e-11      -3.427376753097e-12 
 2771       8.756265821163e-06       4.295473576372e-07      -6.938804662374e-08       0.000000000000e+00       1.295820910900e-11       2.862210022665e-11      -3.436814847458e-12 
 2772       8.700784341673e-06       4.309916304754e-07      -7.287098812121e-08       0.000000000000e+00       1.291054778093e-11       2.868002886789e-11      -3.445835058894e-12 
 2773       8.645880164965e-06       4.324147852460e-07      -7.648807196760e-08       0.000000000000e+00       1.286307156130e-11       2.873687703715e-11      -3.454437275955e-12 
 2774       8.591557373781e-06       4.338159280416e-07      -8.023629879117e-08       0.000000000000e+00       1.281577906573e-11       2.879264062838e-11      -3.462621388862e-12 
 2775       8.537820059671e-06       4.351941624809e-07      -8.411265995794e-08       0.000000000000e+00       1.276866890470e-11       2.884731552899e-11      -3.470387289510e-12 
 2776       8.484672322994e-06       4.365485897074e-07      -8.811413756323e-08       0.000000000000e+00       1.272173968362e-11       2.890089761978e-11      -3.477734871469e-12 
 2777       8.432118272928e-06       4.378783083864e-07      -9.223770442310e-08       0.000000000000e+00       1.267499000278e-11       2.895338277497e-11      -3.484664029986e-12 
 2778       8.380162027480e-06       4.391824147033e-07      -9.648032406582e-08       0.000000000000e+00       1.262841845735e-11       2.900476686218e-11      -3.491174661988e-12 
 2779       8.328807713486e-06       4.404600023610e-07      -1.008389507234e-07       0.000000000000e+00       1.258202363739e-11       2.905504574244e-11      -3.497266666082e-12 
 2780       8.278059466625e-06       4.417101625781e-07      -1.053105293229e-07       0.000000000000e+00       1.253580412782e-11       2.910421527015e-11      -3.502939942563e-12 
 2781       8.227921431421e-06       4.429319840865e-07      -1.098919954781e-07       0.000000000000e+00       1.248975850845e-11       2.915227129314e-11      -3.508194393407e-12 
 2782       8.178397761254e-06       4.441245531291e-07      -1.145802754811e-07       0.000000000000e+00       1.244388535394e-11       2.919920965261e-11      -3.513029922281e-12 
 2783       8.129492618362e-06       4.452869534579e-07      -1.193722862932e-07       0.000000000000e+00       1.239818323382e-11       2.924502618312e-11      -3.517446434542e-12 
 2784       8.081210173853e-06       4.464182663316e-07      -1.242649355370e-07       0.000000000000e+00       1.235265071247e-11       2.928971671264e-11      -3.521443837239e-12 
 2785       8.033554607711e-06       4.475175705134e-07      -1.292551214876e-07       0.000000000000e+00       1.230728634912e-11       2.933327706251e-11      -3.525022039113e-12 
 2786       7.986530108799e-06       4.485839422687e-07      -1.343397330641e-07       0.000000000000e+00       1.226208869785e-11       2.937570304743e-11      -3.528180950605e-12 
 2787       7.940140874872e-06       4.496164553635e-07      -1.395156498212e-07       0.000000000000e+00       1.221705630759e-11       2.941699047547e-11      -3.530920483852e-12 
 2788       7.894391112578e-06       4.506141810611e-07      -1.447797419404e-07       0.000000000000e+00       1.217218772207e-11       2.945713514807e-11      -3.533240552693e-12 
 2789       7.849283846258e-06       4.515763136424e-07      -1.501289163154e-07       0.000000000000e+00       1.212748171821e-11       2.949613369439e-11      -3.535141955361e-12 
 2790       7.804817337479e-06       4.525025476859e-07      -1.555602550891e-07       0.000000000000e+00       1.208293802229e-11       2.953398607925e-11      -3.536629027615e-12 
 2791       7.760988646714e-06       4.533927027642e-07      -1.610708778272e-07       0.000000000000e+00       1.203855659749e-11       2.957069310839e-11      -3.537707003547e-12 
 2792       7.717794822830e-06       4.542465981018e-07      -1.666578954822e-07       0.000000000000e+00       1.199433740593e-11       2.960625559525e-11      -3.538381134164e-12 
 2793       7.675232903082e-06       4.550640525752e-07      -1.723184103862e-07       0.000000000000e+00       1.195028040864e-11       2.964067436101e-11      -3.538656687414e-12 
 2794       7.633299913098e-06       4.558448847125e-07      -1.780495162427e-07       0.000000000000e+00       1.190638556555e-11       2.967395023458e-11      -3.538538948191e-12 
 2795       7.591992866868e-06       4.565889126931e-07      -1.838482981190e-07       0.000000000000e+00       1.186265283554e-11       2.970608405262e-11      -3.538033218358e-12 
 2796       7.551308766734e-06       4.572959543477e-07      -1.897118324383e-07       0.000000000000e+00       1.181908217639e-11       2.973707665956e-11      -3.537144816762e-12 
 2797       7.511244603380e-06       4.579658271577e-07      -1.956371869716e-07       0.000000000000e+00       1.177567354480e-11       2.976692890758e-11      -3.535879079246e-12 
 2798       7.471797355816e-06       4.585983482552e-07      -2.016214208305e-07       0.000000000000e+00       1.173242689638e-11       2.979564165665e-11      -3.534241358668e-12 
 2799       7.432963991370e-06       4.591933344224e-07      -2.076615844589e-07       0.000000000000e+00       1.168934218566e-11       2.982321577449e-11      -3.532237024916e-12 
 2800       7.394741465677e-06       4.597506020919e-07      -2.137547196253e-07       0.000000000000e+00       1.164641936609e-11       2.984965213666e-11      -3.529871464922e-12 
 2801       7.357126722666e-06       4.602699673459e-07      -2.198978594151e-07       0.000000000000e+00       1.160365839000e-11       2.987495162647e-11      -3.527150082681e-12 
 2802       7.320116694548e-06       4.607512459161e-07      -2.260880282226e-07       0.000000000000e+00       1.156105920866e-11       2.989911513508e-11      -3.524078299264e-12 
 2803       7.283708301808e-06       4.611942531837e-07      -2.323222417433e-07       0.000000000000e+00       1.151862177223e-11       2.992214356142e-11      -3.520661552835e-12 
 2804       7.247898453189e-06       4.615988041788e-07      -2.385975069662e-07       0.000000000000e+00       1.147634602980e-11       2.994403781229e-11      -3.516905298665e-12 
 2805       7.212684045686e-06       4.619647135803e-07      -2.449108221656e-07       0.000000000000e+00       1.143423192934e-11       2.996479880230e-11      -3.512815009152e-12 
 2806       7.178061964528e-06       4.622917957155e-07      -2.512591768938e-07       0.000000000000e+00       1.139227941773e-11       2.998442745390e-11      -3.508396173831e-12 
 2807       7.144029083175e-06       4.625798645600e-07      -2.576395519730e-07       0.000000000000e+00       1.135048844077e-11       3.000292469741e-11      -3.503654299393e-12 
 2808       7.110582263297e-06       4.628287337376e-07      -2.640489194872e-07       0.000000000000e+00       1.130885894314e-11       3.002029147098e-11      -3.498594909702e-12 
 2809       7.077718354771e-06       4.630382165196e-07      -2.704842427751e-07       0.000000000000e+00       1.126739086843e-11       3.003652872065e-11      -3.493223545806e-12 
 2810       7.045434195665e-06       4.632081258247e-07      -2.769424764216e-07       0.000000000000e+00       1.122608415913e-11       3.005163740034e-11      -3.487545765959e-12 
 2811       7.013726612229e-06       4.633382742190e-07      -2.834205662503e-07       0.000000000000e+00       1.118493875662e-11       3.006561847182e-11      -3.481567145631e-12 
 2812       6.982592418880e-06       4.634284739154e-07      -2.899154493159e-07       0.000000000000e+00       1.114395460120e-11       3.007847290480e-11      -3.475293277526e-12 
 2813       6.952028418196e-06       4.634785367737e-07      -2.964240538958e-07       0.000000000000e+00       1.110313163203e-11       3.009020167686e-11      -3.468729771600e-12 
 2814       6.922031400899e-06       4.634882742998e-07      -3.029432994827e-07       0.000000000000e+00       1.106246978719e-11       3.010080577350e-11      -3.461882255073e-12 
 2815       6.892598145848e-06       4.634574976461e-07      -3.094700967769e-07       0.000000000000e+00       1.102196900365e-11       3.011028618813e-11      -3.454756372446e-12 
 2816       6.863725420027e-06       4.633860176106e-07      -3.160013476780e-07       0.000000000000e+00       1.098162921726e-11       3.011864392211e-11      -3.447357785518e-12 
 2817       6.835409978530e-06       4.632736446371e-07      -3.225339452777e-07       0.000000000000e+00       1.094145036276e-11       3.012587998472e-11      -3.439692173400e-12 
 2818       6.807648564554e-06       4.631201888148e-07      -3.290647738513e-07       0.000000000000e+00       1.090143237380e-11       3.013199539317e-11      -3.431765232532e-12 
 2819       6.780437909386e-06       4.629254598780e-07      -3.355907088505e-07       0.000000000000e+00       1.086157518290e-11       3.013699117266e-11      -3.423582676697e-12 
 2820       6.753774732390e-06       4.626892672058e-07      -3.421086168953e-07       0.000000000000e+00       1.082187872145e-11       3.014086835632e-11      -3.415150237041e-12 
 2821       6.727655740998e-06       4.624114198219e-07      -3.486153557661e-07       0.000000000000e+00       1.078234291977e-11       3.014362798526e-11      -3.406473662081e-12 
 2822       6.702077630699e-06       4.620917263946e-07      -3.551077743960e-07       0.000000000000e+00       1.074296770702e-11       3.014527110857e-11      -3.397558717729e-12 
 2823       6.677037085025e-06       4.617299952358e-07      -3.615827128631e-07       0.000000000000e+00       1.070375301127e-11       3.014579878333e-11      -3.388411187302e-12 
 2824       6.652530775540e-06       4.613260343016e-07      -3.680370023825e-07       0.000000000000e+00       1.066469875945e-11       3.014521207461e-11      -3.379036871542e-12 
 2825       6.628555361833e-06       4.608796511915e-07      -3.744674652986e-07       0.000000000000e+00       1.062580487740e-11       3.014351205549e-11      -3.369441588627e-12 
 2826       6.605107491499e-06       4.603906531483e-07      -3.808709150772e-07       0.000000000000e+00       1.058707128980e-11       3.014069980705e-11      -3.359631174190e-12 
 2827       6.582183800136e-06       4.598588470581e-07      -3.872441562977e-07       0.000000000000e+00       1.054849792023e-11       3.013677641841e-11      -3.349611481336e-12 
 2828       6.559780351959e-06       4.592841314776e-07      -3.935842340129e-07       0.000000000000e+00       1.051008452981e-11       3.013174347667e-11      -3.339387239418e-12 
 2829       6.537890958527e-06       4.586667732405e-07      -3.998891832553e-07       0.000000000000e+00       1.047183023229e-11       3.012560453953e-11      -3.328958623905e-12 
 2830       6.516508851289e-06       4.580071322833e-07      -4.061572833963e-07       0.000000000000e+00       1.043373397644e-11       3.011836367036e-11      -3.318324668781e-12 
 2831       6.495627240141e-06       4.573055697486e-07      -4.123868091278e-07       0.000000000000e+00       1.039579470717e-11       3.011002494888e-11      -3.307484406172e-12 
 2832       6.475239313408e-06       4.565624479860e-07      -4.185760304577e-07       0.000000000000e+00       1.035801136549e-11       3.010059247123e-11      -3.296436866340e-12 
 2833       6.455338237822e-06       4.557781305533e-07      -4.247232127059e-07       0.000000000000e+00       1.032038288858e-11       3.009007034994e-11      -3.285181077683e-12 
 2834       6.435917158504e-06       4.549529822174e-07      -4.308266165000e-07       0.000000000000e+00       1.028290820969e-11       3.007846271398e-11      -3.273716066732e-12 
 2835       6.416969198941e-06       4.540873689559e-07      -4.368844977718e-07       0.000000000000e+00       1.024558625823e-11       3.006577370878e-11      -3.262040858153e-12 
 2836       6.398487460971e-06       4.531816579578e-07      -4.428951077527e-07       0.000000000000e+00       1.020841595967e-11       3.005200749622e-11      -3.250154474742e-12 
 2837       6.380465024761e-06       4.522362176247e-07      -4.488566929697e-07       0.000000000000e+00       1.017139623565e-11       3.003716825464e-11      -3.238055937428e-12 
 2838       6.362894948787e-06       4.512514175721e-07      -4.547674952416e-07       0.000000000000e+00       1.013452600385e-11       3.002126017890e-11      -3.225744265264e-12 
 2839       6.345770269812e-06       4.502276286303e-07      -4.606257516747e-07       0.000000000000e+00       1.009780417811e-11       3.000428748036e-11      -3.213218475435e-12 
 2840       6.329084002872e-06       4.491652228457e-07      -4.664296946587e-07       0.000000000000e+00       1.006122966832e-11       2.998625438689e-11      -3.200477583249e-12 
 2841       6.312829141250e-06       4.480645734817e-07      -4.721775518628e-07       0.000000000000e+00       1.002480138050e-11       2.996716514293e-11      -3.187520602141e-12 
 2842       6.296998656461e-06       4.469260550202e-07      -4.778675462315e-07       0.000000000000e+00       9.988518216727e-12       2.994702400945e-11      -3.174346543667e-12 
 2843       6.281585498230e-06       4.457500431621e-07      -4.834978959805e-07       0.000000000000e+00       9.952379075185e-12       2.992583526401e-11      -3.160954417506e-12 
 2844       6.266582594471e-06       4.445369148291e-07      -4.890668145927e-07       0.000000000000e+00       9.916382850135e-12       2.990360320074e-11      -3.147343231457e-12 
 2845       6.251982851271e-06       4.432870481645e-07      -4.945725108141e-07       0.000000000000e+00       9.880528431913e-12       2.988033213040e-11      -3.133511991439e-12 
 2846       6.237779152868e-06       4.420008225341e-07      -5.000131886498e-07       0.000000000000e+00       9.844814706933e-12       2.985602638034e-11      -3.119459701488e-12 
 2847       6.223964361629e-06       4.406786185279e-07      -5.053870473598e-07       0.000000000000e+00       9.809240557679e-12       2.983069029458e-11      -3.105185363755e-12 
 2848       6.210531318033e-06       4.393208179605e-07      -5.106922814549e-07       0.000000000000e+00       9.773804862702e-12       2.980432823376e-11      -3.090687978508e-12 
 2849       6.197472840654e-06       4.379278038729e-07      -5.159270806927e-07       0.000000000000e+00       9.738506496617e-12       2.977694457521e-11      -3.075966544127e-12 
 2850       6.184781726134e-06       4.364999605331e-07      -5.210896300738e-07       0.000000000000e+00       9.703344330098e-12       2.974854371293e-11      -3.061020057104e-12 
 2851       6.172450749170e-06       4.350376734376e-07      -5.261781098372e-07       0.000000000000e+00       9.668317229876e-12       2.971913005763e-11      -3.045847512043e-12 
 2852       6.160472662489e-06       4.335413293122e-07      -5.311906954564e-07       0.000000000000e+00       9.633424058735e-12       2.968870803673e-11      -3.030447901656e-12 
 2853       6.148840196832e-06       4.320113161133e-07      -5.361255576356e-07       0.000000000000e+00       9.598663675505e-12       2.965728209438e-11      -3.014820216764e-12 
 2854       6.137546060934e-06       4.304480230292e-07      -5.409808623054e-07       0.000000000000e+00       9.564034935064e-12       2.962485669148e-11      -2.998963446293e-12 
 2855       6.126582941502e-06       4.288518404808e-07      -5.457547706188e-07       0.000000000000e+00       9.529536688328e-12       2.959143630570e-11      -2.982876577274e-12 
 2856       6.115943503196e-06       4.272231601229e-07      -5.504454389468e-07       0.000000000000e+00       9.495167782255e-12       2.955702543147e-11      -2.966558594844e-12 
 2857       6.105620388611e-06       4.255623748456e-07      -5.550510188749e-07       0.000000000000e+00       9.460927059833e-12       2.952162858004e-11      -2.950008482241e-12 
 2858       6.095606218255e-06       4.238698787748e-07      -5.595696571987e-07       0.000000000000e+00       9.426813360082e-12       2.948525027945e-11      -2.933225220802e-12 
 2859       6.085893590530e-06       4.221460672740e-07      -5.639994959197e-07       0.000000000000e+00       9.392825518047e-12       2.944789507458e-11      -2.916207789966e-12 
 2860       6.076475081712e-06       4.203913369451e-07      -5.683386722416e-07       0.000000000000e+00       9.358962364797e-12       2.940956752714e-11      -2.898955167269e-12 
 2861       6.067343245933e-06       4.186060856293e-07      -5.725853185657e-07       0.000000000000e+00       9.325222727420e-12       2.937027221571e-11      -2.881466328344e-12 
 2862       6.058490615160e-06       4.167907124086e-07      -5.767375624874e-07       0.000000000000e+00       9.291605429019e-12       2.933001373575e-11      -2.863740246920e-12 
 2863       6.049909699173e-06       4.149456176069e-07      -5.807935267918e-07       0.000000000000e+00       9.258109288708e-12       2.928879669959e-11      -2.845775894819e-12 
 2864       6.041592985548e-06       4.130712027908e-07      -5.847513294496e-07       0.000000000000e+00       9.224733121609e-12       2.924662573648e-11      -2.827572241954e-12 
 2865       6.033532939639e-06       4.111678707709e-07      -5.886090836132e-07       0.000000000000e+00       9.191475738849e-12       2.920350549259e-11      -2.809128256333e-12 
 2866       6.025722004553e-06       4.092360256030e-07      -5.923648976124e-07       0.000000000000e+00       9.158335947555e-12       2.915944063103e-11      -2.790442904050e-12 
 2867       6.018152750813e-06       4.072761027121e-07      -5.960171700118e-07       0.000000000000e+00       9.125312749724e-12       2.911443628549e-11      -2.771516712484e-12 
 2868       6.010818326212e-06       4.052886594301e-07      -5.995654764367e-07       0.000000000000e+00       9.092405939948e-12       2.906849942373e-11      -2.752356468597e-12 
 2869       6.003712008216e-06       4.032742849226e-07      -6.030096872691e-07       0.000000000000e+00       9.059615510737e-12       2.902163749106e-11      -2.732970544635e-12 
 2870       5.996827054477e-06       4.012335701100e-07      -6.063496729983e-07       0.000000000000e+00       9.026941453918e-12       2.897385795744e-11      -2.713367337128e-12 
 2871       5.990156702816e-06       3.991671076687e-07      -6.095853042209e-07       0.000000000000e+00       8.994383760638e-12       2.892516831742e-11      -2.693555266917e-12 
 2872       5.983694171202e-06       3.970754920326e-07      -6.127164516415e-07       0.000000000000e+00       8.961942421362e-12       2.887557609023e-11      -2.673542779173e-12 
 2873       5.977432657742e-06       3.949593193953e-07      -6.157429860725e-07       0.000000000000e+00       8.929617425869e-12       2.882508881975e-11      -2.653338343417e-12 
 2874       5.971365340653e-06       3.928191877106e-07      -6.186647784344e-07       0.000000000000e+00       8.897408763258e-12       2.877371407456e-11      -2.632950453545e-12 
 2875       5.965485378253e-06       3.906556966950e-07      -6.214816997562e-07       0.000000000000e+00       8.865316421939e-12       2.872145944797e-11      -2.612387627847e-12 
 2876       5.959785908940e-06       3.884694478289e-07      -6.241936211755e-07       0.000000000000e+00       8.833340389641e-12       2.866833255804e-11      -2.591658409029e-12 
 2877       5.954260051175e-06       3.862610443580e-07      -6.268004139388e-07       0.000000000000e+00       8.801480653402e-12       2.861434104755e-11      -2.570771364234e-12 
 2878       5.948900903463e-06       3.840310912953e-07      -6.293019494017e-07       0.000000000000e+00       8.769737199577e-12       2.855949258412e-11      -2.549735085063e-12 
 2879       5.943701544337e-06       3.817801954220e-07      -6.316980990291e-07       0.000000000000e+00       8.738110013830e-12       2.850379486013e-11      -2.528558187600e-12 
 2880       5.938655032340e-06       3.795089652898e-07      -6.339887343954e-07       0.000000000000e+00       8.706599081137e-12       2.844725559283e-11      -2.507249312428e-12 
 2881       5.933754406009e-06       3.772180112219e-07      -6.361737271850e-07       0.000000000000e+00       8.675204385785e-12       2.838988252430e-11      -2.485817124654e-12 
 2882       5.928992683854e-06       3.749079453148e-07      -6.382529491920e-07       0.000000000000e+00       8.643925911369e-12       2.833168342151e-11      -2.464270313929e-12 
 2883       5.924362864342e-06       3.725793814400e-07      -6.402262723212e-07       0.000000000000e+00       8.612763640796e-12       2.827266607630e-11      -2.442617594471e-12 
 2884       5.919857925881e-06       3.702329352450e-07      -6.420935685873e-07       0.000000000000e+00       8.581717556277e-12       2.821283830548e-11      -2.420867705083e-12 
 2885       5.915470826802e-06       3.678692241556e-07      -6.438547101164e-07       0.000000000000e+00       8.550787639332e-12       2.815220795075e-11      -2.399029409179e-12 
 2886       5.911194505337e-06       3.654888673770e-07      -6.455095691449e-07       0.000000000000e+00       8.519973870788e-12       2.809078287882e-11      -2.377111494802e-12 
 2887       5.907021879609e-06       3.630924858953e-07      -6.470580180209e-07       0.000000000000e+00       8.489276230777e-12       2.802857098136e-11      -2.355122774647e-12 
 2888       5.902945847607e-06       3.606807024795e-07      -6.484999292036e-07       0.000000000000e+00       8.458694698735e-12       2.796558017507e-11      -2.333072086082e-12 
 2889       5.898959287176e-06       3.582541416826e-07      -6.498351752639e-07       0.000000000000e+00       8.428229253402e-12       2.790181840166e-11      -2.310968291169e-12 
 2890       5.895055055990e-06       3.558134298433e-07      -6.510636288847e-07       0.000000000000e+00       8.397879872822e-12       2.783729362793e-11      -2.288820276686e-12 
 2891       5.891225991543e-06       3.533591950877e-07      -6.521851628609e-07       0.000000000000e+00       8.367646534341e-12       2.777201384571e-11      -2.266636954148e-12 
 2892       5.887464911129e-06       3.508920673307e-07      -6.531996500997e-07       0.000000000000e+00       8.337529214606e-12       2.770598707199e-11      -2.244427259829e-12 
 2893       5.883764611820e-06       3.484126782777e-07      -6.541069636210e-07       0.000000000000e+00       8.307527889565e-12       2.763922134884e-11      -2.222200154782e-12 
 2894       5.880117870455e-06       3.459216614261e-07      -6.549069765575e-07       0.000000000000e+00       8.277642534465e-12       2.757172474348e-11      -2.199964624864e-12 
 2895       5.876517443618e-06       3.434196520666e-07      -6.555995621547e-07       0.000000000000e+00       8.247873123855e-12       2.750350534832e-11      -2.177729680751e-12 
 2896       5.872956067623e-06       3.409072872852e-07      -6.561845937716e-07       0.000000000000e+00       8.218219631578e-12       2.743457128095e-11      -2.155504357968e-12 
 2897       5.869426458492e-06       3.383852059645e-07      -6.566619448806e-07       0.000000000000e+00       8.188682030778e-12       2.736493068417e-11      -2.133297716900e-12 
 2898       5.865921311945e-06       3.358540487854e-07      -6.570314890680e-07       0.000000000000e+00       8.159260293893e-12       2.729459172602e-11      -2.111118842825e-12 
 2899       5.862433303375e-06       3.333144582285e-07      -6.572931000337e-07       0.000000000000e+00       8.129954392659e-12       2.722356259979e-11      -2.088976845926e-12 
 2900       5.858955087835e-06       3.307670785757e-07      -6.574466515922e-07       0.000000000000e+00       8.100764298105e-12       2.715185152407e-11      -2.066880861317e-12 
 2901       5.855479300017e-06       3.282125559117e-07      -6.574920176721e-07       0.000000000000e+00       8.071689980557e-12       2.707946674273e-11      -2.044840049063e-12 
 2902       5.851998554239e-06       3.256515381260e-07      -6.574290723167e-07       0.000000000000e+00       8.042731409631e-12       2.700641652498e-11      -2.022863594201e-12 
 2903       5.848505444424e-06       3.230846749138e-07      -6.572576896845e-07       0.000000000000e+00       8.013888554238e-12       2.693270916539e-11      -2.000960706765e-12 
 2904       5.844992544080e-06       3.205126177779e-07      -6.569777440487e-07       0.000000000000e+00       7.985161382580e-12       2.685835298387e-11      -1.979140621802e-12 
 2905       5.841452406290e-06       3.179360200303e-07      -6.565891097980e-07       0.000000000000e+00       7.956549862150e-12       2.678335632575e-11      -1.957412599397e-12 
 2906       5.837878150145e-06       3.153555106147e-07      -6.560918488227e-07       0.000000000000e+00       7.928053849790e-12       2.670772717091e-11      -1.935783736292e-12 
 2907       5.834265223327e-06       3.127716154266e-07      -6.554867737040e-07       0.000000000000e+00       7.899672761261e-12       2.663147195903e-11      -1.914252388653e-12 
 2908       5.830609648378e-06       3.101848355997e-07      -6.547748873632e-07       0.000000000000e+00       7.871405900003e-12       2.655459675850e-11      -1.892814716198e-12 
 2909       5.826907437036e-06       3.075956736501e-07      -6.539571959371e-07       0.000000000000e+00       7.843252566930e-12       2.647710765669e-11      -1.871466867577e-12 
 2910       5.823154590230e-06       3.050046334776e-07      -6.530347087804e-07       0.000000000000e+00       7.815212060421e-12       2.639901076004e-11      -1.850204980362e-12 
 2911       5.819347098071e-06       3.024122203667e-07      -6.520084384688e-07       0.000000000000e+00       7.787283676319e-12       2.632031219402e-11      -1.829025181037e-12 
 2912       5.815480939838e-06       2.998189409881e-07      -6.508794008017e-07       0.000000000000e+00       7.759466707930e-12       2.624101810320e-11      -1.807923584991e-12 
 2913       5.811552083974e-06       2.972253033994e-07      -6.496486148053e-07       0.000000000000e+00       7.731760446022e-12       2.616113465120e-11      -1.786896296506e-12 
 2914       5.807556488074e-06       2.946318170469e-07      -6.483171027355e-07       0.000000000000e+00       7.704164178818e-12       2.608066802078e-11      -1.765939408747e-12 
 2915       5.803490098874e-06       2.920389927662e-07      -6.468858900807e-07       0.000000000000e+00       7.676677191999e-12       2.599962441380e-11      -1.745049003754e-12 
 2916       5.799348852248e-06       2.894473427837e-07      -6.453560055645e-07       0.000000000000e+00       7.649298768696e-12       2.591801005125e-11      -1.724221152431e-12 
 2917       5.795128673192e-06       2.868573807178e-07      -6.437284811491e-07       0.000000000000e+00       7.622028189494e-12       2.583583117331e-11      -1.703451914537e-12 
 2918       5.790825475819e-06       2.842696215800e-07      -6.420043520378e-07       0.000000000000e+00       7.594864732424e-12       2.575309403930e-11      -1.682737338676e-12 
 2919       5.786435163347e-06       2.816845817762e-07      -6.401846566777e-07       0.000000000000e+00       7.567807672963e-12       2.566980492775e-11      -1.662073462288e-12 
 2920       5.781953628093e-06       2.791027791075e-07      -6.382704367633e-07       0.000000000000e+00       7.540856284032e-12       2.558597013638e-11      -1.641456311638e-12 
 2921       5.777376751459e-06       2.765247327720e-07      -6.362627372388e-07       0.000000000000e+00       7.514009835994e-12       2.550159598214e-11      -1.620881901808e-12 
 2922       5.772700403928e-06       2.739509633656e-07      -6.341626063011e-07       0.000000000000e+00       7.487267596650e-12       2.541668880122e-11      -1.600346236686e-12 
 2923       5.767920445052e-06       2.713819928831e-07      -6.319710954028e-07       0.000000000000e+00       7.460628831237e-12       2.533125494908e-11      -1.579845308957e-12 
 2924       5.763032723442e-06       2.688183447198e-07      -6.296892592551e-07       0.000000000000e+00       7.434092802426e-12       2.524530080043e-11      -1.559375100092e-12 
 2925       5.758033076760e-06       2.662605436722e-07      -6.273181558307e-07       0.000000000000e+00       7.407658770321e-12       2.515883274929e-11      -1.538931580341e-12 
 2926       5.752917331711e-06       2.637091159396e-07      -6.248588463664e-07       0.000000000000e+00       7.381325992455e-12       2.507185720899e-11      -1.518510708723e-12 
 2927       5.747681304031e-06       2.611645891250e-07      -6.223123953666e-07       0.000000000000e+00       7.355093723786e-12       2.498438061216e-11      -1.498108433011e-12 
 2928       5.742320798479e-06       2.586274922365e-07      -6.196798706054e-07       0.000000000000e+00       7.328961216698e-12       2.489640941079e-11      -1.477720689730e-12 
 2929       5.736831608829e-06       2.560983556882e-07      -6.169623431303e-07       0.000000000000e+00       7.302927720999e-12       2.480795007625e-11      -1.457343404142e-12 
 2930       5.731209517858e-06       2.535777113018e-07      -6.141608872644e-07       0.000000000000e+00       7.276992483914e-12       2.471900909924e-11      -1.436972490241e-12 
 2931       5.725450297339e-06       2.510660923074e-07      -6.112765806099e-07       0.000000000000e+00       7.251154750086e-12       2.462959298988e-11      -1.416603850735e-12 
 2932       5.719549708033e-06       2.485640333450e-07      -6.083105040505e-07       0.000000000000e+00       7.225413761575e-12       2.453970827771e-11      -1.396233377048e-12 
 2933       5.713503499675e-06       2.460720704653e-07      -6.052637417546e-07       0.000000000000e+00       7.199768757851e-12       2.444936151167e-11      -1.375856949300e-12 
 2934       5.707307410969e-06       2.435907411314e-07      -6.021373811780e-07       0.000000000000e+00       7.174218975797e-12       2.435855926017e-11      -1.355470436302e-12 
 2935       5.700957169577e-06       2.411205842195e-07      -5.989325130668e-07       0.000000000000e+00       7.148763649701e-12       2.426730811105e-11      -1.335069695548e-12 
 2936       5.694448492110e-06       2.386621400204e-07      -5.956502314607e-07       0.000000000000e+00       7.123402011260e-12       2.417561467166e-11      -1.314650573200e-12 
 2937       5.687777084120e-06       2.362159502406e-07      -5.922916336952e-07       0.000000000000e+00       7.098133289572e-12       2.408348556883e-11      -1.294208904084e-12 
 2938       5.680938640089e-06       2.337825580034e-07      -5.888578204050e-07       0.000000000000e+00       7.072956711136e-12       2.399092744890e-11      -1.273740511676e-12 
 2939       5.673928843419e-06       2.313625078502e-07      -5.853498955268e-07       0.000000000000e+00       7.047871499851e-12       2.389794697774e-11      -1.253241208096e-12 
 2940       5.666743366426e-06       2.289563457416e-07      -5.817689663022e-07       0.000000000000e+00       7.022876877011e-12       2.380455084076e-11      -1.232706794094e-12 
 2941       5.659377870329e-06       2.265646190588e-07      -5.781161432803e-07       0.000000000000e+00       6.997972061302e-12       2.371074574294e-11      -1.212133059046e-12 
 2942       5.651828005238e-06       2.241878766045e-07      -5.743925403211e-07       0.000000000000e+00       6.973156268806e-12       2.361653840885e-11      -1.191515780937e-12 
 2943       5.644089410150e-06       2.218266686042e-07      -5.705992745978e-07       0.000000000000e+00       6.948428712990e-12       2.352193558264e-11      -1.170850726360e-12 
 2944       5.636157712937e-06       2.194815467074e-07      -5.667374666005e-07       0.000000000000e+00       6.923788604709e-12       2.342694402806e-11      -1.150133650497e-12 
 2945       5.628029264558e-06       2.171530086761e-07      -5.628083335706e-07       0.000000000000e+00       6.899235272758e-12       2.333157173026e-11      -1.129362222578e-12 
 2946       5.619703345711e-06       2.148413321473e-07      -5.588134703098e-07       0.000000000000e+00       6.874768526189e-12       2.323583150745e-11      -1.108541812699e-12 
 2947       5.611179971135e-06       2.125467400460e-07      -5.547545697737e-07       0.000000000000e+00       6.850388293793e-12       2.313973741719e-11      -1.087679733764e-12 
 2948       5.602459156391e-06       2.102694558234e-07      -5.506333297706e-07       0.000000000000e+00       6.826094503702e-12       2.304330355635e-11      -1.066783318649e-12 
 2949       5.593540917858e-06       2.080097034572e-07      -5.464514529656e-07       0.000000000000e+00       6.801887083395e-12       2.294654406111e-11      -1.045859920222e-12 
 2950       5.584425272739e-06       2.057677074523e-07      -5.422106468849e-07       0.000000000000e+00       6.777765959692e-12       2.284947310703e-11      -1.024916911362e-12 
 2951       5.575112239058e-06       2.035436928408e-07      -5.379126239198e-07       0.000000000000e+00       6.753731058757e-12       2.275210490904e-11      -1.003961684973e-12 
 2952       5.565601835659e-06       2.013378851827e-07      -5.335591013311e-07       0.000000000000e+00       6.729782306093e-12       2.265445372149e-11      -9.830016540013e-13 
 2953       5.555894082215e-06       1.991505105663e-07      -5.291518012529e-07       0.000000000000e+00       6.705919626547e-12       2.255653383822e-11      -9.620442514534e-13 
 2954       5.545988999220e-06       1.969817956086e-07      -5.246924506974e-07       0.000000000000e+00       6.682142944304e-12       2.245835959254e-11      -9.410969304129e-13 
 2955       5.535886607995e-06       1.948319674555e-07      -5.201827815586e-07       0.000000000000e+00       6.658452182889e-12       2.235994535728e-11      -9.201671640572e-13 
 2956       5.525586930687e-06       1.927012537827e-07      -5.156245306164e-07       0.000000000000e+00       6.634847265167e-12       2.226130554485e-11      -8.992624456743e-13 
 2957       5.515089990272e-06       1.905898827958e-07      -5.110194395414e-07       0.000000000000e+00       6.611328113340e-12       2.216245460724e-11      -8.783902886801e-13 
 2958       5.504395810552e-06       1.884980832305e-07      -5.063692548984e-07       0.000000000000e+00       6.587894648947e-12       2.206340703608e-11      -8.575582266350e-13 
 2959       5.493504416161e-06       1.864260843537e-07      -5.016757281510e-07       0.000000000000e+00       6.564546792865e-12       2.196417736264e-11      -8.367738132613e-13 
 2960       5.482415832562e-06       1.843741159633e-07      -4.969406156656e-07       0.000000000000e+00       6.541284465306e-12       2.186478015790e-11      -8.160446224597e-13 
 2961       5.471130086049e-06       1.823424083888e-07      -4.921656787158e-07       0.000000000000e+00       6.518107585818e-12       2.176523003256e-11      -7.953782483267e-13 
 2962       5.459647203747e-06       1.803311924919e-07      -4.873526834863e-07       0.000000000000e+00       6.495016073282e-12       2.166554163710e-11      -7.747823051711e-13 
 2963       5.447967213617e-06       1.783406996666e-07      -4.825034010772e-07       0.000000000000e+00       6.472009845915e-12       2.156572966176e-11      -7.542644275315e-13 
 2964       5.436090144451e-06       1.763711618400e-07      -4.776196075083e-07       0.000000000000e+00       6.449088821266e-12       2.146580883664e-11      -7.338322701927e-13 
 2965       5.424016025877e-06       1.744228114725e-07      -4.727030837232e-07       0.000000000000e+00       6.426252916218e-12       2.136579393169e-11      -7.134935082031e-13 
 2966       5.411744888359e-06       1.724958815581e-07      -4.677556155933e-07       0.000000000000e+00       6.403502046983e-12       2.126569975675e-11      -6.932558368915e-13 
 2967       5.399276763196e-06       1.705906056251e-07      -4.627789939224e-07       0.000000000000e+00       6.380836129106e-12       2.116554116160e-11      -6.731269718841e-13 
 2968       5.386611682527e-06       1.687072177365e-07      -4.577750144506e-07       0.000000000000e+00       6.358255077463e-12       2.106533303598e-11      -6.531146491213e-13 
 2969       5.373749679327e-06       1.668459524900e-07      -4.527454778584e-07       0.000000000000e+00       6.335758806258e-12       2.096509030963e-11      -6.332266248748e-13 
 2970       5.360690787412e-06       1.650070450191e-07      -4.476921897710e-07       0.000000000000e+00       6.313347229024e-12       2.086482795230e-11      -6.134706757647e-13 
 2971       5.347435041438e-06       1.631907309930e-07      -4.426169607628e-07       0.000000000000e+00       6.291020258625e-12       2.076456097382e-11      -5.938545987762e-13 
 2972       5.333982476901e-06       1.613972466172e-07      -4.375216063611e-07       0.000000000000e+00       6.268777807249e-12       2.066430442413e-11      -5.743862112767e-13 
 2973       5.320333130140e-06       1.596268286338e-07      -4.324079470503e-07       0.000000000000e+00       6.246619786412e-12       2.056407339327e-11      -5.550733510328e-13 
 2974       5.306487038337e-06       1.578797143223e-07      -4.272778082766e-07       0.000000000000e+00       6.224546106959e-12       2.046388301147e-11      -5.359238762271e-13 
 2975       5.292444239518e-06       1.561561414995e-07      -4.221330204516e-07       0.000000000000e+00       6.202556679056e-12       2.036374844915e-11      -5.169456654754e-13 
 2976       5.278204772553e-06       1.544563485202e-07      -4.169754189569e-07       0.000000000000e+00       6.180651412196e-12       2.026368491696e-11      -4.981466178434e-13 
 2977       5.263768677158e-06       1.527805742779e-07      -4.118068441480e-07       0.000000000000e+00       6.158830215198e-12       2.016370766580e-11      -4.795346528639e-13 
 2978       5.249135993896e-06       1.511290582045e-07      -4.066291413587e-07       0.000000000000e+00       6.137092996199e-12       2.006383198690e-11      -4.611177105535e-13 
 2979       5.234306764177e-06       1.495020402715e-07      -4.014441609050e-07       0.000000000000e+00       6.115439662665e-12       1.996407321180e-11      -4.429037514300e-13 
 2980       5.219281030260e-06       1.478997609899e-07      -3.962537580898e-07       0.000000000000e+00       6.093870121379e-12       1.986444671241e-11      -4.249007565288e-13 
 2981       5.204058835254e-06       1.463224614107e-07      -3.910597932064e-07       0.000000000000e+00       6.072384278449e-12       1.976496790104e-11      -4.071167274203e-13 
 2982       5.188640223115e-06       1.447703831256e-07      -3.858641315433e-07       0.000000000000e+00       6.050982039300e-12       1.966565223044e-11      -3.895596862266e-13 
 2983       5.173025238655e-06       1.432437682671e-07      -3.806686433881e-07       0.000000000000e+00       6.029663308679e-12       1.956651519382e-11      -3.722376756388e-13 
 2984       5.157213796548e-06       1.417427986069e-07      -3.754746007563e-07       0.000000000000e+00       6.008428091855e-12       1.946756748479e-11      -3.551563140054e-13 
 2985       5.141205287681e-06       1.402674125220e-07      -3.702808643356e-07       0.000000000000e+00       5.987276798765e-12       1.936880045111e-11      -3.383114474556e-13 
 2986       5.124998970878e-06       1.388174871312e-07      -3.650856876506e-07       0.000000000000e+00       5.966209941361e-12       1.927020056963e-11      -3.216964617442e-13 
 2987       5.108594103706e-06       1.373928991149e-07      -3.598873195264e-07       0.000000000000e+00       5.945228032542e-12       1.917175427986e-11      -3.053047238878e-13 
 2988       5.091989942479e-06       1.359935247150e-07      -3.546840040847e-07       0.000000000000e+00       5.924331586153e-12       1.907344798389e-11      -2.891295821491e-13 
 2989       5.075185742251e-06       1.346192397344e-07      -3.494739807393e-07       0.000000000000e+00       5.903521116988e-12       1.897526804644e-11      -2.731643660205e-13 
 2990       5.058180756823e-06       1.332699195365e-07      -3.442554841928e-07       0.000000000000e+00       5.882797140790e-12       1.887720079478e-11      -2.574023862087e-13 
 2991       5.040974238735e-06       1.319454390452e-07      -3.390267444322e-07       0.000000000000e+00       5.862160174251e-12       1.877923251868e-11      -2.418369346182e-13 
 2992       5.023565439270e-06       1.306456727440e-07      -3.337859867252e-07       0.000000000000e+00       5.841610735013e-12       1.868134947044e-11      -2.264612843354e-13 
 2993       5.005953608448e-06       1.293704946758e-07      -3.285314316161e-07       0.000000000000e+00       5.821149341671e-12       1.858353786479e-11      -2.112686896131e-13 
 2994       4.988137995032e-06       1.281197784427e-07      -3.232612949220e-07       0.000000000000e+00       5.800776513768e-12       1.848578387893e-11      -1.962523858540e-13 
 2995       4.970117846522e-06       1.268933972054e-07      -3.179737877290e-07       0.000000000000e+00       5.780492771803e-12       1.838807365242e-11      -1.814055895948e-13 
 2996       4.951892409155e-06       1.256912236827e-07      -3.126671163877e-07       0.000000000000e+00       5.760298637224e-12       1.829039328720e-11      -1.667214984905e-13 
 2997       4.933460927904e-06       1.245131301513e-07      -3.073394825098e-07       0.000000000000e+00       5.740194632435e-12       1.819272884758e-11      -1.521932912982e-13 
 2998       4.914822646482e-06       1.233589884455e-07      -3.019890829639e-07       0.000000000000e+00       5.720181280794e-12       1.809506636012e-11      -1.378141278610e-13 
 2999       4.895976807331e-06       1.222286699564e-07      -2.966141098719e-07       0.000000000000e+00       5.700259106613e-12       1.799739181369e-11      -1.235771490926e-13 
 3000       4.876922651633e-06       1.211220456318e-07      -2.912127506045e-07       0.000000000000e+00       5.680428635159e-12       1.789969115939e-11      -1.094754769605e-13 
