14:48:36 [ultranest] [DEBUG] ReactiveNestedSampler: dims=7+0, resume=False, log_dir=lcdm_output/lcdm_real_run/run1, backend=hdf5, vectorized=False, nbootstraps=30, ndraw=128..65536
14:48:36 [ultranest] [INFO] Sampling 400 live points from prior ...
14:48:48 [ultranest] [DEBUG] run_iter dlogz=0.5, dKL=0.5, frac_remain=0.01, Lepsilon=0.0010, min_ess=400
14:48:48 [ultranest] [DEBUG] max_iters=-1, max_ncalls=1000000, max_num_improvement_loops=-1, min_num_live_points=400, cluster_num_live_points=40
14:48:48 [ultranest] [DEBUG] minimal_widths_sequence: [(-inf, 400.0), (inf, 400.0)]
14:48:48 [ultranest] [DEBUG] iteration=0, ncalls=401, regioncalls=40, ndraw=40, logz=-inf, remainder_fraction=100.0000%, Lmin=-498.94, Lmax=-5.20
14:48:48 [ultranest] [DEBUG] iteration=3, ncalls=404, regioncalls=160, ndraw=40, logz=-481.80, remainder_fraction=100.0000%, Lmin=-472.91, Lmax=-5.20
14:48:48 [ultranest] [DEBUG] iteration=6, ncalls=407, regioncalls=280, ndraw=40, logz=-470.81, remainder_fraction=100.0000%, Lmin=-464.27, Lmax=-5.20
14:48:48 [ultranest] [DEBUG] iteration=10, ncalls=411, regioncalls=440, ndraw=40, logz=-451.00, remainder_fraction=100.0000%, Lmin=-441.92, Lmax=-5.20
14:48:49 [ultranest] [DEBUG] iteration=14, ncalls=415, regioncalls=600, ndraw=40, logz=-442.76, remainder_fraction=100.0000%, Lmin=-432.83, Lmax=-5.20
14:48:49 [ultranest] [DEBUG] iteration=18, ncalls=419, regioncalls=760, ndraw=40, logz=-420.92, remainder_fraction=100.0000%, Lmin=-413.88, Lmax=-5.20
14:48:49 [ultranest] [DEBUG] iteration=22, ncalls=423, regioncalls=920, ndraw=40, logz=-410.73, remainder_fraction=100.0000%, Lmin=-396.24, Lmax=-5.20
14:48:49 [ultranest] [DEBUG] iteration=26, ncalls=427, regioncalls=1080, ndraw=40, logz=-396.48, remainder_fraction=100.0000%, Lmin=-390.36, Lmax=-5.20
14:48:49 [ultranest] [DEBUG] iteration=30, ncalls=431, regioncalls=1240, ndraw=40, logz=-392.18, remainder_fraction=100.0000%, Lmin=-386.41, Lmax=-5.20
14:48:49 [ultranest] [DEBUG] iteration=34, ncalls=436, regioncalls=1440, ndraw=40, logz=-389.24, remainder_fraction=100.0000%, Lmin=-380.05, Lmax=-5.20
14:48:49 [ultranest] [DEBUG] iteration=38, ncalls=440, regioncalls=1600, ndraw=40, logz=-383.00, remainder_fraction=100.0000%, Lmin=-371.65, Lmax=-5.20
14:48:49 [ultranest] [DEBUG] iteration=40, ncalls=444, regioncalls=1760, ndraw=40, logz=-376.34, remainder_fraction=100.0000%, Lmin=-370.18, Lmax=-5.20
14:48:50 [ultranest] [DEBUG] iteration=44, ncalls=448, regioncalls=1920, ndraw=40, logz=-370.70, remainder_fraction=100.0000%, Lmin=-361.49, Lmax=-5.20
14:48:50 [ultranest] [DEBUG] iteration=48, ncalls=452, regioncalls=2080, ndraw=40, logz=-363.04, remainder_fraction=100.0000%, Lmin=-357.19, Lmax=-5.20
14:48:50 [ultranest] [DEBUG] iteration=52, ncalls=456, regioncalls=2240, ndraw=40, logz=-359.03, remainder_fraction=100.0000%, Lmin=-350.10, Lmax=-5.20
14:48:50 [ultranest] [DEBUG] iteration=55, ncalls=460, regioncalls=2400, ndraw=40, logz=-352.59, remainder_fraction=100.0000%, Lmin=-346.56, Lmax=-5.20
14:48:50 [ultranest] [DEBUG] iteration=59, ncalls=464, regioncalls=2560, ndraw=40, logz=-348.98, remainder_fraction=100.0000%, Lmin=-342.67, Lmax=-5.18
14:48:50 [ultranest] [DEBUG] iteration=63, ncalls=468, regioncalls=2720, ndraw=40, logz=-346.55, remainder_fraction=100.0000%, Lmin=-337.90, Lmax=-5.18
14:48:50 [ultranest] [DEBUG] iteration=66, ncalls=472, regioncalls=2880, ndraw=40, logz=-340.96, remainder_fraction=100.0000%, Lmin=-332.56, Lmax=-5.18
14:48:50 [ultranest] [DEBUG] iteration=70, ncalls=476, regioncalls=3040, ndraw=40, logz=-330.15, remainder_fraction=100.0000%, Lmin=-324.42, Lmax=-5.18
14:48:51 [ultranest] [DEBUG] iteration=74, ncalls=480, regioncalls=3200, ndraw=40, logz=-327.75, remainder_fraction=100.0000%, Lmin=-317.96, Lmax=-5.18
14:48:51 [ultranest] [DEBUG] iteration=78, ncalls=484, regioncalls=3360, ndraw=40, logz=-320.56, remainder_fraction=100.0000%, Lmin=-314.97, Lmax=-5.18
14:48:51 [ultranest] [DEBUG] iteration=80, ncalls=487, regioncalls=3480, ndraw=40, logz=-319.65, remainder_fraction=100.0000%, Lmin=-313.48, Lmax=-5.18
14:48:51 [ultranest] [DEBUG] iteration=84, ncalls=491, regioncalls=3640, ndraw=40, logz=-316.23, remainder_fraction=100.0000%, Lmin=-308.85, Lmax=-5.18
14:48:51 [ultranest] [DEBUG] iteration=88, ncalls=495, regioncalls=3800, ndraw=40, logz=-311.84, remainder_fraction=100.0000%, Lmin=-305.76, Lmax=-5.18
14:48:51 [ultranest] [DEBUG] iteration=90, ncalls=497, regioncalls=3880, ndraw=40, logz=-310.60, remainder_fraction=100.0000%, Lmin=-304.56, Lmax=-5.18
14:48:51 [ultranest] [DEBUG] iteration=92, ncalls=500, regioncalls=4000, ndraw=40, logz=-309.58, remainder_fraction=100.0000%, Lmin=-300.39, Lmax=-5.18
14:48:51 [ultranest] [DEBUG] iteration=95, ncalls=503, regioncalls=4120, ndraw=40, logz=-300.65, remainder_fraction=100.0000%, Lmin=-293.73, Lmax=-5.18
14:48:51 [ultranest] [DEBUG] iteration=99, ncalls=507, regioncalls=4280, ndraw=40, logz=-297.05, remainder_fraction=100.0000%, Lmin=-290.35, Lmax=-5.18
14:48:52 [ultranest] [DEBUG] iteration=102, ncalls=511, regioncalls=4440, ndraw=40, logz=-294.24, remainder_fraction=100.0000%, Lmin=-288.33, Lmax=-5.18
14:48:52 [ultranest] [DEBUG] iteration=105, ncalls=515, regioncalls=4600, ndraw=40, logz=-292.23, remainder_fraction=100.0000%, Lmin=-286.70, Lmax=-5.18
14:48:52 [ultranest] [DEBUG] iteration=108, ncalls=519, regioncalls=4760, ndraw=40, logz=-290.29, remainder_fraction=100.0000%, Lmin=-284.74, Lmax=-5.18
14:48:52 [ultranest] [DEBUG] iteration=111, ncalls=524, regioncalls=4960, ndraw=40, logz=-288.68, remainder_fraction=100.0000%, Lmin=-282.13, Lmax=-5.18
14:48:52 [ultranest] [DEBUG] iteration=115, ncalls=528, regioncalls=5120, ndraw=40, logz=-281.76, remainder_fraction=100.0000%, Lmin=-272.71, Lmax=-5.18
14:48:52 [ultranest] [DEBUG] iteration=119, ncalls=533, regioncalls=5320, ndraw=40, logz=-274.04, remainder_fraction=100.0000%, Lmin=-264.89, Lmax=-5.18
14:48:52 [ultranest] [DEBUG] iteration=120, ncalls=534, regioncalls=5360, ndraw=40, logz=-271.13, remainder_fraction=100.0000%, Lmin=-264.55, Lmax=-5.18
14:48:52 [ultranest] [DEBUG] iteration=122, ncalls=538, regioncalls=5520, ndraw=40, logz=-267.41, remainder_fraction=100.0000%, Lmin=-260.88, Lmax=-5.18
14:48:53 [ultranest] [DEBUG] iteration=125, ncalls=542, regioncalls=5680, ndraw=40, logz=-262.25, remainder_fraction=100.0000%, Lmin=-255.10, Lmax=-5.18
14:48:53 [ultranest] [DEBUG] iteration=129, ncalls=547, regioncalls=5880, ndraw=40, logz=-258.00, remainder_fraction=100.0000%, Lmin=-251.79, Lmax=-5.18
14:48:53 [ultranest] [DEBUG] iteration=133, ncalls=552, regioncalls=6080, ndraw=40, logz=-254.73, remainder_fraction=100.0000%, Lmin=-248.61, Lmax=-5.18
14:48:53 [ultranest] [DEBUG] iteration=137, ncalls=556, regioncalls=6240, ndraw=40, logz=-251.80, remainder_fraction=100.0000%, Lmin=-245.62, Lmax=-5.18
14:48:53 [ultranest] [DEBUG] iteration=139, ncalls=560, regioncalls=6400, ndraw=40, logz=-250.46, remainder_fraction=100.0000%, Lmin=-244.16, Lmax=-5.18
14:48:53 [ultranest] [DEBUG] iteration=142, ncalls=564, regioncalls=6560, ndraw=40, logz=-247.69, remainder_fraction=100.0000%, Lmin=-241.52, Lmax=-5.18
14:48:53 [ultranest] [DEBUG] iteration=145, ncalls=568, regioncalls=6720, ndraw=40, logz=-246.21, remainder_fraction=100.0000%, Lmin=-239.81, Lmax=-5.18
14:48:54 [ultranest] [DEBUG] iteration=148, ncalls=573, regioncalls=6920, ndraw=40, logz=-243.58, remainder_fraction=100.0000%, Lmin=-234.56, Lmax=-5.18
14:48:54 [ultranest] [DEBUG] iteration=151, ncalls=577, regioncalls=7080, ndraw=40, logz=-239.78, remainder_fraction=100.0000%, Lmin=-234.43, Lmax=-5.18
14:48:54 [ultranest] [DEBUG] iteration=154, ncalls=581, regioncalls=7240, ndraw=40, logz=-238.54, remainder_fraction=100.0000%, Lmin=-232.60, Lmax=-5.18
14:48:54 [ultranest] [DEBUG] iteration=158, ncalls=586, regioncalls=7440, ndraw=40, logz=-235.63, remainder_fraction=100.0000%, Lmin=-229.52, Lmax=-5.18
14:48:54 [ultranest] [DEBUG] iteration=160, ncalls=588, regioncalls=7520, ndraw=40, logz=-234.11, remainder_fraction=100.0000%, Lmin=-227.69, Lmax=-5.18
14:48:54 [ultranest] [DEBUG] iteration=164, ncalls=592, regioncalls=7680, ndraw=40, logz=-229.43, remainder_fraction=100.0000%, Lmin=-223.02, Lmax=-5.18
14:48:54 [ultranest] [DEBUG] iteration=168, ncalls=596, regioncalls=7840, ndraw=40, logz=-227.18, remainder_fraction=100.0000%, Lmin=-221.46, Lmax=-5.18
14:48:54 [ultranest] [DEBUG] iteration=169, ncalls=600, regioncalls=8000, ndraw=40, logz=-226.78, remainder_fraction=100.0000%, Lmin=-221.15, Lmax=-5.18
14:48:54 [ultranest] [DEBUG] iteration=172, ncalls=604, regioncalls=8160, ndraw=40, logz=-225.37, remainder_fraction=100.0000%, Lmin=-218.51, Lmax=-5.18
14:48:55 [ultranest] [DEBUG] iteration=176, ncalls=608, regioncalls=8320, ndraw=40, logz=-222.02, remainder_fraction=100.0000%, Lmin=-215.43, Lmax=-5.18
14:48:55 [ultranest] [DEBUG] iteration=179, ncalls=612, regioncalls=8480, ndraw=40, logz=-218.81, remainder_fraction=100.0000%, Lmin=-213.06, Lmax=-5.18
14:48:55 [ultranest] [DEBUG] iteration=181, ncalls=615, regioncalls=8600, ndraw=40, logz=-217.68, remainder_fraction=100.0000%, Lmin=-211.83, Lmax=-5.18
14:48:55 [ultranest] [DEBUG] iteration=184, ncalls=619, regioncalls=8760, ndraw=40, logz=-215.00, remainder_fraction=100.0000%, Lmin=-208.76, Lmax=-5.18
14:48:55 [ultranest] [DEBUG] iteration=187, ncalls=626, regioncalls=9040, ndraw=40, logz=-213.19, remainder_fraction=100.0000%, Lmin=-207.33, Lmax=-5.18
14:48:55 [ultranest] [DEBUG] iteration=191, ncalls=630, regioncalls=9200, ndraw=40, logz=-210.52, remainder_fraction=100.0000%, Lmin=-204.61, Lmax=-5.18
14:48:55 [ultranest] [DEBUG] iteration=193, ncalls=634, regioncalls=9360, ndraw=40, logz=-209.59, remainder_fraction=100.0000%, Lmin=-201.40, Lmax=-5.18
14:48:56 [ultranest] [DEBUG] iteration=195, ncalls=640, regioncalls=9600, ndraw=40, logz=-207.09, remainder_fraction=100.0000%, Lmin=-200.79, Lmax=-5.18
14:48:56 [ultranest] [DEBUG] iteration=198, ncalls=645, regioncalls=9800, ndraw=40, logz=-204.43, remainder_fraction=100.0000%, Lmin=-198.46, Lmax=-5.18
14:48:56 [ultranest] [DEBUG] iteration=200, ncalls=651, regioncalls=10040, ndraw=40, logz=-203.13, remainder_fraction=100.0000%, Lmin=-197.08, Lmax=-5.18
14:48:56 [ultranest] [DEBUG] iteration=203, ncalls=656, regioncalls=10240, ndraw=40, logz=-201.63, remainder_fraction=100.0000%, Lmin=-194.89, Lmax=-5.18
14:48:56 [ultranest] [DEBUG] iteration=207, ncalls=663, regioncalls=10520, ndraw=40, logz=-195.60, remainder_fraction=100.0000%, Lmin=-189.28, Lmax=-5.18
14:48:57 [ultranest] [DEBUG] iteration=210, ncalls=669, regioncalls=10760, ndraw=40, logz=-194.19, remainder_fraction=100.0000%, Lmin=-188.46, Lmax=-5.18
14:48:57 [ultranest] [DEBUG] iteration=213, ncalls=673, regioncalls=10920, ndraw=40, logz=-192.61, remainder_fraction=100.0000%, Lmin=-184.51, Lmax=-5.18
14:48:57 [ultranest] [DEBUG] iteration=216, ncalls=677, regioncalls=11080, ndraw=40, logz=-187.61, remainder_fraction=100.0000%, Lmin=-180.85, Lmax=-5.18
14:48:57 [ultranest] [DEBUG] iteration=218, ncalls=683, regioncalls=11320, ndraw=40, logz=-186.19, remainder_fraction=100.0000%, Lmin=-179.19, Lmax=-5.18
14:48:57 [ultranest] [DEBUG] iteration=221, ncalls=687, regioncalls=11480, ndraw=40, logz=-180.97, remainder_fraction=100.0000%, Lmin=-173.14, Lmax=-5.18
14:48:57 [ultranest] [DEBUG] iteration=225, ncalls=692, regioncalls=11680, ndraw=40, logz=-177.12, remainder_fraction=100.0000%, Lmin=-170.66, Lmax=-5.18
14:48:57 [ultranest] [DEBUG] iteration=228, ncalls=696, regioncalls=11840, ndraw=40, logz=-175.55, remainder_fraction=100.0000%, Lmin=-169.33, Lmax=-5.18
14:48:58 [ultranest] [DEBUG] iteration=231, ncalls=701, regioncalls=12040, ndraw=40, logz=-173.09, remainder_fraction=100.0000%, Lmin=-165.01, Lmax=-5.18
14:48:58 [ultranest] [DEBUG] iteration=234, ncalls=707, regioncalls=12280, ndraw=40, logz=-168.56, remainder_fraction=100.0000%, Lmin=-161.93, Lmax=-5.18
14:48:58 [ultranest] [DEBUG] iteration=238, ncalls=711, regioncalls=12440, ndraw=40, logz=-166.75, remainder_fraction=100.0000%, Lmin=-160.95, Lmax=-5.18
14:48:58 [ultranest] [DEBUG] iteration=240, ncalls=714, regioncalls=12560, ndraw=40, logz=-165.95, remainder_fraction=100.0000%, Lmin=-160.27, Lmax=-5.18
14:48:58 [ultranest] [DEBUG] iteration=243, ncalls=721, regioncalls=12840, ndraw=40, logz=-165.13, remainder_fraction=100.0000%, Lmin=-160.03, Lmax=-5.18
14:48:58 [ultranest] [DEBUG] iteration=246, ncalls=726, regioncalls=13040, ndraw=40, logz=-164.28, remainder_fraction=100.0000%, Lmin=-157.93, Lmax=-5.18
14:48:58 [ultranest] [DEBUG] iteration=250, ncalls=730, regioncalls=13200, ndraw=40, logz=-162.27, remainder_fraction=100.0000%, Lmin=-156.55, Lmax=-5.18
14:48:59 [ultranest] [DEBUG] iteration=252, ncalls=734, regioncalls=13360, ndraw=40, logz=-161.65, remainder_fraction=100.0000%, Lmin=-156.25, Lmax=-5.18
14:48:59 [ultranest] [DEBUG] iteration=254, ncalls=740, regioncalls=13600, ndraw=40, logz=-160.97, remainder_fraction=100.0000%, Lmin=-154.71, Lmax=-5.18
14:48:59 [ultranest] [DEBUG] iteration=256, ncalls=745, regioncalls=13800, ndraw=40, logz=-159.74, remainder_fraction=100.0000%, Lmin=-153.36, Lmax=-5.18
14:48:59 [ultranest] [DEBUG] iteration=260, ncalls=749, regioncalls=13960, ndraw=40, logz=-156.43, remainder_fraction=100.0000%, Lmin=-149.58, Lmax=-5.18
14:48:59 [ultranest] [DEBUG] iteration=262, ncalls=753, regioncalls=14120, ndraw=40, logz=-154.86, remainder_fraction=100.0000%, Lmin=-148.49, Lmax=-5.18
14:48:59 [ultranest] [DEBUG] iteration=265, ncalls=757, regioncalls=14280, ndraw=40, logz=-152.70, remainder_fraction=100.0000%, Lmin=-145.79, Lmax=-5.18
14:48:59 [ultranest] [DEBUG] iteration=268, ncalls=761, regioncalls=14440, ndraw=40, logz=-150.10, remainder_fraction=100.0000%, Lmin=-143.62, Lmax=-5.18
14:48:59 [ultranest] [DEBUG] iteration=271, ncalls=764, regioncalls=14560, ndraw=40, logz=-148.35, remainder_fraction=100.0000%, Lmin=-141.39, Lmax=-5.18
14:49:00 [ultranest] [DEBUG] iteration=272, ncalls=767, regioncalls=14680, ndraw=40, logz=-147.50, remainder_fraction=100.0000%, Lmin=-141.28, Lmax=-5.18
14:49:00 [ultranest] [DEBUG] iteration=275, ncalls=770, regioncalls=14800, ndraw=40, logz=-146.04, remainder_fraction=100.0000%, Lmin=-137.95, Lmax=-5.18
14:49:00 [ultranest] [DEBUG] iteration=278, ncalls=775, regioncalls=15000, ndraw=40, logz=-142.56, remainder_fraction=100.0000%, Lmin=-136.26, Lmax=-5.18
14:49:00 [ultranest] [DEBUG] iteration=280, ncalls=779, regioncalls=15160, ndraw=40, logz=-141.68, remainder_fraction=100.0000%, Lmin=-135.52, Lmax=-5.18
14:49:00 [ultranest] [DEBUG] iteration=283, ncalls=783, regioncalls=15320, ndraw=40, logz=-140.05, remainder_fraction=100.0000%, Lmin=-133.38, Lmax=-5.18
14:49:00 [ultranest] [DEBUG] iteration=284, ncalls=790, regioncalls=15600, ndraw=40, logz=-139.37, remainder_fraction=100.0000%, Lmin=-132.74, Lmax=-5.18
14:49:00 [ultranest] [DEBUG] iteration=286, ncalls=794, regioncalls=15760, ndraw=40, logz=-136.93, remainder_fraction=100.0000%, Lmin=-129.80, Lmax=-5.18
14:49:01 [ultranest] [DEBUG] iteration=288, ncalls=801, regioncalls=16040, ndraw=40, logz=-135.29, remainder_fraction=100.0000%, Lmin=-129.15, Lmax=-5.18
14:49:01 [ultranest] [DEBUG] iteration=291, ncalls=805, regioncalls=16200, ndraw=40, logz=-134.10, remainder_fraction=100.0000%, Lmin=-128.06, Lmax=-5.18
14:49:01 [ultranest] [DEBUG] iteration=294, ncalls=809, regioncalls=16360, ndraw=40, logz=-132.46, remainder_fraction=100.0000%, Lmin=-125.50, Lmax=-5.18
14:49:01 [ultranest] [DEBUG] iteration=297, ncalls=813, regioncalls=16520, ndraw=40, logz=-130.74, remainder_fraction=100.0000%, Lmin=-124.87, Lmax=-5.18
14:49:01 [ultranest] [DEBUG] iteration=301, ncalls=818, regioncalls=16720, ndraw=40, logz=-129.31, remainder_fraction=100.0000%, Lmin=-123.31, Lmax=-5.18
14:49:01 [ultranest] [DEBUG] iteration=302, ncalls=827, regioncalls=17080, ndraw=40, logz=-128.92, remainder_fraction=100.0000%, Lmin=-122.99, Lmax=-5.18
14:49:02 [ultranest] [DEBUG] iteration=306, ncalls=832, regioncalls=17280, ndraw=40, logz=-125.55, remainder_fraction=100.0000%, Lmin=-118.73, Lmax=-5.18
14:49:02 [ultranest] [DEBUG] iteration=310, ncalls=836, regioncalls=17440, ndraw=40, logz=-123.41, remainder_fraction=100.0000%, Lmin=-115.98, Lmax=-5.18
14:49:02 [ultranest] [DEBUG] iteration=313, ncalls=840, regioncalls=17600, ndraw=40, logz=-120.23, remainder_fraction=100.0000%, Lmin=-112.77, Lmax=-5.18
14:49:02 [ultranest] [DEBUG] iteration=314, ncalls=844, regioncalls=17760, ndraw=40, logz=-119.14, remainder_fraction=100.0000%, Lmin=-112.60, Lmax=-5.18
14:49:02 [ultranest] [DEBUG] iteration=316, ncalls=848, regioncalls=17920, ndraw=40, logz=-117.37, remainder_fraction=100.0000%, Lmin=-110.57, Lmax=-5.18
14:49:02 [ultranest] [DEBUG] iteration=317, ncalls=856, regioncalls=18240, ndraw=40, logz=-116.67, remainder_fraction=100.0000%, Lmin=-109.79, Lmax=-5.18
14:49:02 [ultranest] [DEBUG] iteration=318, ncalls=860, regioncalls=18400, ndraw=40, logz=-115.93, remainder_fraction=100.0000%, Lmin=-109.44, Lmax=-5.18
14:49:03 [ultranest] [DEBUG] iteration=320, ncalls=863, regioncalls=18520, ndraw=40, logz=-114.57, remainder_fraction=100.0000%, Lmin=-107.94, Lmax=-5.18
14:49:03 [ultranest] [DEBUG] iteration=323, ncalls=868, regioncalls=18720, ndraw=40, logz=-112.98, remainder_fraction=100.0000%, Lmin=-106.97, Lmax=-5.18
14:49:03 [ultranest] [DEBUG] iteration=327, ncalls=873, regioncalls=18920, ndraw=40, logz=-110.61, remainder_fraction=100.0000%, Lmin=-104.32, Lmax=-5.18
14:49:03 [ultranest] [DEBUG] iteration=329, ncalls=880, regioncalls=19200, ndraw=40, logz=-109.77, remainder_fraction=100.0000%, Lmin=-103.51, Lmax=-5.18
14:49:03 [ultranest] [DEBUG] iteration=332, ncalls=884, regioncalls=19360, ndraw=40, logz=-108.64, remainder_fraction=100.0000%, Lmin=-101.27, Lmax=-5.18
14:49:03 [ultranest] [DEBUG] iteration=335, ncalls=888, regioncalls=19520, ndraw=40, logz=-106.22, remainder_fraction=100.0000%, Lmin=-100.20, Lmax=-5.18
14:49:03 [ultranest] [DEBUG] iteration=338, ncalls=893, regioncalls=19720, ndraw=40, logz=-103.64, remainder_fraction=100.0000%, Lmin=-97.16, Lmax=-5.18
14:49:04 [ultranest] [DEBUG] iteration=341, ncalls=898, regioncalls=19920, ndraw=40, logz=-102.18, remainder_fraction=100.0000%, Lmin=-95.99, Lmax=-5.18
14:49:04 [ultranest] [DEBUG] iteration=344, ncalls=903, regioncalls=20120, ndraw=40, logz=-100.77, remainder_fraction=100.0000%, Lmin=-94.49, Lmax=-5.18
14:49:04 [ultranest] [DEBUG] iteration=348, ncalls=909, regioncalls=20360, ndraw=40, logz=-98.30, remainder_fraction=100.0000%, Lmin=-91.89, Lmax=-5.18
14:49:04 [ultranest] [DEBUG] iteration=351, ncalls=913, regioncalls=20520, ndraw=40, logz=-96.75, remainder_fraction=100.0000%, Lmin=-90.84, Lmax=-5.18
14:49:04 [ultranest] [DEBUG] iteration=353, ncalls=918, regioncalls=20720, ndraw=40, logz=-96.15, remainder_fraction=100.0000%, Lmin=-90.49, Lmax=-5.18
14:49:04 [ultranest] [DEBUG] iteration=355, ncalls=925, regioncalls=21000, ndraw=40, logz=-95.65, remainder_fraction=100.0000%, Lmin=-89.95, Lmax=-5.18
14:49:05 [ultranest] [DEBUG] iteration=358, ncalls=930, regioncalls=21200, ndraw=40, logz=-94.43, remainder_fraction=100.0000%, Lmin=-86.99, Lmax=-5.18
14:49:05 [ultranest] [DEBUG] iteration=360, ncalls=932, regioncalls=21280, ndraw=40, logz=-92.86, remainder_fraction=100.0000%, Lmin=-86.26, Lmax=-5.18
14:49:05 [ultranest] [DEBUG] iteration=362, ncalls=937, regioncalls=21480, ndraw=40, logz=-91.70, remainder_fraction=100.0000%, Lmin=-85.12, Lmax=-5.18
14:49:05 [ultranest] [DEBUG] iteration=364, ncalls=942, regioncalls=21680, ndraw=40, logz=-90.80, remainder_fraction=100.0000%, Lmin=-85.07, Lmax=-5.18
14:49:05 [ultranest] [DEBUG] iteration=368, ncalls=947, regioncalls=21880, ndraw=40, logz=-89.65, remainder_fraction=100.0000%, Lmin=-83.71, Lmax=-5.18
14:49:05 [ultranest] [DEBUG] iteration=369, ncalls=951, regioncalls=22040, ndraw=40, logz=-89.33, remainder_fraction=100.0000%, Lmin=-82.94, Lmax=-5.18
14:49:05 [ultranest] [DEBUG] iteration=371, ncalls=955, regioncalls=22200, ndraw=40, logz=-88.55, remainder_fraction=100.0000%, Lmin=-82.78, Lmax=-5.18
14:49:06 [ultranest] [DEBUG] iteration=374, ncalls=961, regioncalls=22440, ndraw=40, logz=-87.72, remainder_fraction=100.0000%, Lmin=-81.51, Lmax=-5.18
14:49:06 [ultranest] [DEBUG] iteration=377, ncalls=965, regioncalls=22600, ndraw=40, logz=-86.07, remainder_fraction=100.0000%, Lmin=-79.65, Lmax=-5.18
14:49:06 [ultranest] [DEBUG] iteration=381, ncalls=976, regioncalls=23040, ndraw=40, logz=-84.63, remainder_fraction=100.0000%, Lmin=-78.73, Lmax=-5.18
14:49:06 [ultranest] [DEBUG] iteration=383, ncalls=980, regioncalls=23200, ndraw=40, logz=-84.07, remainder_fraction=100.0000%, Lmin=-77.71, Lmax=-5.18
14:49:06 [ultranest] [DEBUG] iteration=384, ncalls=987, regioncalls=23480, ndraw=40, logz=-83.63, remainder_fraction=100.0000%, Lmin=-77.39, Lmax=-5.18
14:49:07 [ultranest] [DEBUG] iteration=385, ncalls=991, regioncalls=23640, ndraw=40, logz=-83.23, remainder_fraction=100.0000%, Lmin=-76.86, Lmax=-5.18
14:49:07 [ultranest] [DEBUG] iteration=388, ncalls=996, regioncalls=23840, ndraw=40, logz=-81.73, remainder_fraction=100.0000%, Lmin=-74.71, Lmax=-5.18
14:49:07 [ultranest] [DEBUG] iteration=389, ncalls=1000, regioncalls=24000, ndraw=40, logz=-81.01, remainder_fraction=100.0000%, Lmin=-74.16, Lmax=-5.18
14:49:07 [ultranest] [DEBUG] iteration=391, ncalls=1006, regioncalls=24240, ndraw=40, logz=-79.84, remainder_fraction=100.0000%, Lmin=-73.55, Lmax=-5.18
14:49:07 [ultranest] [DEBUG] iteration=394, ncalls=1012, regioncalls=24480, ndraw=40, logz=-77.84, remainder_fraction=100.0000%, Lmin=-70.45, Lmax=-5.18
14:49:07 [ultranest] [DEBUG] iteration=397, ncalls=1022, regioncalls=24880, ndraw=40, logz=-75.71, remainder_fraction=100.0000%, Lmin=-69.37, Lmax=-5.18
14:49:08 [ultranest] [DEBUG] iteration=398, ncalls=1026, regioncalls=25040, ndraw=40, logz=-75.29, remainder_fraction=100.0000%, Lmin=-69.21, Lmax=-5.18
14:49:08 [ultranest] [DEBUG] iteration=400, ncalls=1030, regioncalls=25200, ndraw=40, logz=-74.66, remainder_fraction=100.0000%, Lmin=-69.05, Lmax=-5.18
14:49:08 [ultranest] [DEBUG] iteration=402, ncalls=1036, regioncalls=25440, ndraw=40, logz=-74.17, remainder_fraction=100.0000%, Lmin=-68.64, Lmax=-5.18
14:49:08 [ultranest] [DEBUG] iteration=404, ncalls=1045, regioncalls=25800, ndraw=40, logz=-73.77, remainder_fraction=100.0000%, Lmin=-68.11, Lmax=-5.18
14:49:08 [ultranest] [DEBUG] iteration=407, ncalls=1049, regioncalls=25960, ndraw=40, logz=-73.16, remainder_fraction=100.0000%, Lmin=-67.83, Lmax=-5.18
14:49:09 [ultranest] [DEBUG] iteration=410, ncalls=1057, regioncalls=26280, ndraw=40, logz=-72.48, remainder_fraction=100.0000%, Lmin=-66.38, Lmax=-5.18
14:49:09 [ultranest] [DEBUG] iteration=412, ncalls=1062, regioncalls=26480, ndraw=40, logz=-71.89, remainder_fraction=100.0000%, Lmin=-65.92, Lmax=-5.18
14:49:09 [ultranest] [DEBUG] iteration=414, ncalls=1066, regioncalls=26640, ndraw=40, logz=-71.34, remainder_fraction=100.0000%, Lmin=-65.81, Lmax=-5.18
14:49:09 [ultranest] [DEBUG] iteration=415, ncalls=1073, regioncalls=26920, ndraw=40, logz=-71.14, remainder_fraction=100.0000%, Lmin=-65.51, Lmax=-5.18
14:49:09 [ultranest] [DEBUG] iteration=417, ncalls=1077, regioncalls=27080, ndraw=40, logz=-70.68, remainder_fraction=100.0000%, Lmin=-64.70, Lmax=-5.18
14:49:09 [ultranest] [DEBUG] iteration=420, ncalls=1081, regioncalls=27240, ndraw=40, logz=-69.70, remainder_fraction=100.0000%, Lmin=-63.83, Lmax=-5.18
14:49:10 [ultranest] [DEBUG] iteration=422, ncalls=1087, regioncalls=27480, ndraw=40, logz=-69.15, remainder_fraction=100.0000%, Lmin=-62.47, Lmax=-5.18
14:49:10 [ultranest] [DEBUG] iteration=424, ncalls=1106, regioncalls=28240, ndraw=40, logz=-68.10, remainder_fraction=100.0000%, Lmin=-61.81, Lmax=-5.18
14:49:10 [ultranest] [DEBUG] iteration=426, ncalls=1111, regioncalls=28440, ndraw=40, logz=-67.19, remainder_fraction=100.0000%, Lmin=-60.86, Lmax=-5.18
14:49:11 [ultranest] [DEBUG] iteration=428, ncalls=1122, regioncalls=28880, ndraw=40, logz=-66.45, remainder_fraction=100.0000%, Lmin=-60.36, Lmax=-5.18
14:49:11 [ultranest] [DEBUG] iteration=429, ncalls=1126, regioncalls=29040, ndraw=40, logz=-66.13, remainder_fraction=100.0000%, Lmin=-60.32, Lmax=-5.18
14:49:11 [ultranest] [DEBUG] iteration=433, ncalls=1130, regioncalls=29200, ndraw=40, logz=-65.14, remainder_fraction=100.0000%, Lmin=-58.93, Lmax=-5.18
14:49:11 [ultranest] [DEBUG] iteration=434, ncalls=1136, regioncalls=29440, ndraw=40, logz=-64.78, remainder_fraction=100.0000%, Lmin=-58.87, Lmax=-5.18
14:49:11 [ultranest] [DEBUG] iteration=435, ncalls=1141, regioncalls=29640, ndraw=40, logz=-64.51, remainder_fraction=100.0000%, Lmin=-58.85, Lmax=-5.18
14:49:11 [ultranest] [DEBUG] iteration=436, ncalls=1146, regioncalls=29840, ndraw=40, logz=-64.29, remainder_fraction=100.0000%, Lmin=-58.72, Lmax=-5.18
14:49:12 [ultranest] [DEBUG] iteration=437, ncalls=1154, regioncalls=30160, ndraw=40, logz=-64.10, remainder_fraction=100.0000%, Lmin=-58.62, Lmax=-5.18
14:49:12 [ultranest] [DEBUG] iteration=440, ncalls=1157, regioncalls=30280, ndraw=40, logz=-63.56, remainder_fraction=100.0000%, Lmin=-58.04, Lmax=-5.18
14:49:12 [ultranest] [DEBUG] iteration=442, ncalls=1161, regioncalls=30440, ndraw=40, logz=-63.21, remainder_fraction=100.0000%, Lmin=-57.43, Lmax=-5.18
14:49:12 [ultranest] [DEBUG] iteration=445, ncalls=1165, regioncalls=30600, ndraw=40, logz=-62.54, remainder_fraction=100.0000%, Lmin=-57.04, Lmax=-5.18
14:49:12 [ultranest] [DEBUG] iteration=447, ncalls=1171, regioncalls=30840, ndraw=40, logz=-62.12, remainder_fraction=100.0000%, Lmin=-56.53, Lmax=-5.18
14:49:12 [ultranest] [DEBUG] iteration=449, ncalls=1181, regioncalls=31240, ndraw=40, logz=-61.75, remainder_fraction=100.0000%, Lmin=-56.18, Lmax=-5.18
14:49:13 [ultranest] [DEBUG] iteration=451, ncalls=1184, regioncalls=31360, ndraw=40, logz=-61.32, remainder_fraction=100.0000%, Lmin=-55.38, Lmax=-5.18
14:49:13 [ultranest] [DEBUG] iteration=454, ncalls=1195, regioncalls=31800, ndraw=40, logz=-60.58, remainder_fraction=100.0000%, Lmin=-54.63, Lmax=-5.18
14:49:13 [ultranest] [DEBUG] iteration=456, ncalls=1200, regioncalls=32000, ndraw=40, logz=-60.07, remainder_fraction=100.0000%, Lmin=-54.25, Lmax=-5.18
14:49:13 [ultranest] [DEBUG] iteration=460, ncalls=1207, regioncalls=32280, ndraw=40, logz=-59.01, remainder_fraction=100.0000%, Lmin=-53.26, Lmax=-5.18
14:49:13 [ultranest] [DEBUG] iteration=461, ncalls=1211, regioncalls=32440, ndraw=40, logz=-58.79, remainder_fraction=100.0000%, Lmin=-52.62, Lmax=-5.18
14:49:14 [ultranest] [DEBUG] iteration=463, ncalls=1218, regioncalls=32720, ndraw=40, logz=-58.17, remainder_fraction=100.0000%, Lmin=-52.05, Lmax=-5.18
14:49:14 [ultranest] [DEBUG] iteration=466, ncalls=1235, regioncalls=33400, ndraw=40, logz=-57.30, remainder_fraction=100.0000%, Lmin=-51.56, Lmax=-5.18
14:49:14 [ultranest] [DEBUG] iteration=467, ncalls=1240, regioncalls=33600, ndraw=40, logz=-57.08, remainder_fraction=100.0000%, Lmin=-51.47, Lmax=-5.18
14:49:14 [ultranest] [DEBUG] iteration=469, ncalls=1244, regioncalls=33760, ndraw=40, logz=-56.70, remainder_fraction=100.0000%, Lmin=-51.27, Lmax=-5.18
14:49:15 [ultranest] [DEBUG] iteration=471, ncalls=1249, regioncalls=33960, ndraw=40, logz=-56.39, remainder_fraction=100.0000%, Lmin=-51.17, Lmax=-5.18
14:49:15 [ultranest] [DEBUG] iteration=473, ncalls=1253, regioncalls=34120, ndraw=40, logz=-56.04, remainder_fraction=100.0000%, Lmin=-50.46, Lmax=-5.18
14:49:15 [ultranest] [DEBUG] iteration=475, ncalls=1259, regioncalls=34360, ndraw=40, logz=-55.69, remainder_fraction=100.0000%, Lmin=-50.14, Lmax=-5.18
14:49:15 [ultranest] [DEBUG] iteration=477, ncalls=1264, regioncalls=34560, ndraw=40, logz=-55.26, remainder_fraction=100.0000%, Lmin=-49.40, Lmax=-5.18
14:49:15 [ultranest] [DEBUG] iteration=478, ncalls=1269, regioncalls=34760, ndraw=40, logz=-55.02, remainder_fraction=100.0000%, Lmin=-49.37, Lmax=-5.18
14:49:15 [ultranest] [DEBUG] iteration=480, ncalls=1274, regioncalls=34960, ndraw=40, logz=-54.63, remainder_fraction=100.0000%, Lmin=-48.96, Lmax=-5.18
14:49:15 [ultranest] [DEBUG] iteration=483, ncalls=1280, regioncalls=35200, ndraw=40, logz=-54.00, remainder_fraction=100.0000%, Lmin=-48.47, Lmax=-5.18
14:49:16 [ultranest] [DEBUG] iteration=485, ncalls=1286, regioncalls=35440, ndraw=40, logz=-53.67, remainder_fraction=100.0000%, Lmin=-48.30, Lmax=-5.18
14:49:16 [ultranest] [DEBUG] iteration=487, ncalls=1292, regioncalls=35680, ndraw=40, logz=-53.37, remainder_fraction=100.0000%, Lmin=-48.07, Lmax=-5.18
14:49:16 [ultranest] [DEBUG] iteration=489, ncalls=1296, regioncalls=35840, ndraw=40, logz=-53.10, remainder_fraction=100.0000%, Lmin=-47.82, Lmax=-5.18
14:49:16 [ultranest] [DEBUG] iteration=491, ncalls=1302, regioncalls=36080, ndraw=40, logz=-52.81, remainder_fraction=100.0000%, Lmin=-47.57, Lmax=-5.18
14:49:16 [ultranest] [DEBUG] iteration=493, ncalls=1312, regioncalls=36480, ndraw=40, logz=-52.52, remainder_fraction=100.0000%, Lmin=-47.03, Lmax=-5.18
14:49:17 [ultranest] [DEBUG] iteration=496, ncalls=1318, regioncalls=36720, ndraw=40, logz=-51.98, remainder_fraction=100.0000%, Lmin=-46.19, Lmax=-5.18
14:49:17 [ultranest] [DEBUG] iteration=499, ncalls=1331, regioncalls=37240, ndraw=40, logz=-51.28, remainder_fraction=100.0000%, Lmin=-44.95, Lmax=-5.18
14:49:17 [ultranest] [DEBUG] iteration=500, ncalls=1339, regioncalls=37560, ndraw=40, logz=-50.94, remainder_fraction=100.0000%, Lmin=-44.91, Lmax=-5.18
14:49:17 [ultranest] [DEBUG] iteration=502, ncalls=1343, regioncalls=37720, ndraw=40, logz=-50.43, remainder_fraction=100.0000%, Lmin=-44.66, Lmax=-5.18
14:49:18 [ultranest] [DEBUG] iteration=504, ncalls=1349, regioncalls=37960, ndraw=40, logz=-50.04, remainder_fraction=100.0000%, Lmin=-44.43, Lmax=-5.18
14:49:18 [ultranest] [DEBUG] iteration=507, ncalls=1353, regioncalls=38120, ndraw=40, logz=-49.57, remainder_fraction=100.0000%, Lmin=-44.11, Lmax=-5.18
14:49:18 [ultranest] [DEBUG] iteration=508, ncalls=1357, regioncalls=38280, ndraw=40, logz=-49.42, remainder_fraction=100.0000%, Lmin=-44.10, Lmax=-5.18
14:49:18 [ultranest] [DEBUG] iteration=510, ncalls=1361, regioncalls=38440, ndraw=40, logz=-49.15, remainder_fraction=100.0000%, Lmin=-43.75, Lmax=-5.18
14:49:18 [ultranest] [DEBUG] iteration=511, ncalls=1367, regioncalls=38680, ndraw=40, logz=-49.01, remainder_fraction=100.0000%, Lmin=-43.74, Lmax=-5.18
14:49:18 [ultranest] [DEBUG] iteration=513, ncalls=1373, regioncalls=38920, ndraw=40, logz=-48.77, remainder_fraction=100.0000%, Lmin=-43.69, Lmax=-5.18
14:49:19 [ultranest] [DEBUG] iteration=514, ncalls=1380, regioncalls=39200, ndraw=40, logz=-48.67, remainder_fraction=100.0000%, Lmin=-43.05, Lmax=-5.18
14:49:19 [ultranest] [DEBUG] iteration=516, ncalls=1390, regioncalls=39600, ndraw=40, logz=-48.34, remainder_fraction=100.0000%, Lmin=-42.97, Lmax=-5.18
14:49:19 [ultranest] [DEBUG] iteration=518, ncalls=1399, regioncalls=39960, ndraw=40, logz=-48.08, remainder_fraction=100.0000%, Lmin=-42.90, Lmax=-5.18
14:49:19 [ultranest] [DEBUG] iteration=520, ncalls=1405, regioncalls=40200, ndraw=40, logz=-47.85, remainder_fraction=100.0000%, Lmin=-42.72, Lmax=-5.18
14:49:20 [ultranest] [DEBUG] iteration=522, ncalls=1410, regioncalls=40400, ndraw=40, logz=-47.63, remainder_fraction=100.0000%, Lmin=-42.46, Lmax=-5.18
14:49:20 [ultranest] [DEBUG] iteration=524, ncalls=1414, regioncalls=40560, ndraw=40, logz=-47.40, remainder_fraction=100.0000%, Lmin=-42.21, Lmax=-5.18
14:49:20 [ultranest] [DEBUG] iteration=525, ncalls=1423, regioncalls=40920, ndraw=40, logz=-47.29, remainder_fraction=100.0000%, Lmin=-42.11, Lmax=-5.18
14:49:20 [ultranest] [DEBUG] iteration=527, ncalls=1427, regioncalls=41080, ndraw=40, logz=-47.07, remainder_fraction=100.0000%, Lmin=-41.88, Lmax=-5.18
14:49:20 [ultranest] [DEBUG] iteration=530, ncalls=1431, regioncalls=41240, ndraw=40, logz=-46.69, remainder_fraction=100.0000%, Lmin=-41.39, Lmax=-5.18
14:49:20 [ultranest] [DEBUG] iteration=534, ncalls=1436, regioncalls=41440, ndraw=40, logz=-46.18, remainder_fraction=100.0000%, Lmin=-40.33, Lmax=-5.18
14:49:21 [ultranest] [DEBUG] iteration=536, ncalls=1445, regioncalls=41800, ndraw=40, logz=-45.74, remainder_fraction=100.0000%, Lmin=-39.96, Lmax=-5.18
14:49:21 [ultranest] [DEBUG] iteration=537, ncalls=1449, regioncalls=41960, ndraw=40, logz=-45.55, remainder_fraction=100.0000%, Lmin=-39.94, Lmax=-5.18
14:49:21 [ultranest] [DEBUG] iteration=539, ncalls=1454, regioncalls=42160, ndraw=40, logz=-45.10, remainder_fraction=100.0000%, Lmin=-39.01, Lmax=-5.18
14:49:21 [ultranest] [DEBUG] iteration=540, ncalls=1455, regioncalls=42200, ndraw=40, logz=-44.85, remainder_fraction=100.0000%, Lmin=-38.86, Lmax=-5.18
14:49:21 [ultranest] [DEBUG] iteration=541, ncalls=1458, regioncalls=42320, ndraw=40, logz=-44.62, remainder_fraction=100.0000%, Lmin=-38.61, Lmax=-5.18
14:49:21 [ultranest] [DEBUG] iteration=542, ncalls=1461, regioncalls=42440, ndraw=40, logz=-44.39, remainder_fraction=100.0000%, Lmin=-38.37, Lmax=-5.18
14:49:21 [ultranest] [DEBUG] iteration=544, ncalls=1465, regioncalls=42600, ndraw=40, logz=-43.95, remainder_fraction=100.0000%, Lmin=-38.15, Lmax=-5.18
14:49:21 [ultranest] [DEBUG] iteration=546, ncalls=1472, regioncalls=42880, ndraw=40, logz=-43.59, remainder_fraction=100.0000%, Lmin=-37.65, Lmax=-5.18
14:49:22 [ultranest] [DEBUG] iteration=549, ncalls=1478, regioncalls=43120, ndraw=40, logz=-42.92, remainder_fraction=100.0000%, Lmin=-37.03, Lmax=-5.18
14:49:22 [ultranest] [DEBUG] iteration=550, ncalls=1482, regioncalls=43280, ndraw=40, logz=-42.71, remainder_fraction=100.0000%, Lmin=-37.02, Lmax=-5.18
14:49:22 [ultranest] [DEBUG] iteration=553, ncalls=1486, regioncalls=43440, ndraw=40, logz=-42.24, remainder_fraction=100.0000%, Lmin=-36.65, Lmax=-5.18
14:49:22 [ultranest] [DEBUG] iteration=554, ncalls=1491, regioncalls=43640, ndraw=40, logz=-42.08, remainder_fraction=100.0000%, Lmin=-36.62, Lmax=-5.18
14:49:22 [ultranest] [DEBUG] iteration=557, ncalls=1496, regioncalls=43840, ndraw=40, logz=-41.71, remainder_fraction=100.0000%, Lmin=-36.03, Lmax=-5.18
14:49:22 [ultranest] [DEBUG] iteration=560, ncalls=1499, regioncalls=43960, ndraw=40, logz=-41.25, remainder_fraction=100.0000%, Lmin=-35.74, Lmax=-5.18
14:49:23 [ultranest] [DEBUG] iteration=562, ncalls=1507, regioncalls=44280, ndraw=40, logz=-40.97, remainder_fraction=100.0000%, Lmin=-35.54, Lmax=-5.18
14:49:23 [ultranest] [DEBUG] iteration=563, ncalls=1512, regioncalls=44480, ndraw=40, logz=-40.84, remainder_fraction=100.0000%, Lmin=-35.47, Lmax=-5.18
14:49:23 [ultranest] [DEBUG] iteration=566, ncalls=1516, regioncalls=44640, ndraw=40, logz=-40.47, remainder_fraction=100.0000%, Lmin=-35.05, Lmax=-5.18
14:49:23 [ultranest] [DEBUG] iteration=567, ncalls=1520, regioncalls=44800, ndraw=40, logz=-40.34, remainder_fraction=100.0000%, Lmin=-34.96, Lmax=-5.18
14:49:23 [ultranest] [DEBUG] iteration=568, ncalls=1525, regioncalls=45000, ndraw=40, logz=-40.21, remainder_fraction=100.0000%, Lmin=-34.87, Lmax=-5.18
14:49:23 [ultranest] [DEBUG] iteration=570, ncalls=1531, regioncalls=45240, ndraw=40, logz=-39.98, remainder_fraction=100.0000%, Lmin=-34.06, Lmax=-5.18
14:49:23 [ultranest] [DEBUG] iteration=573, ncalls=1535, regioncalls=45400, ndraw=40, logz=-39.45, remainder_fraction=100.0000%, Lmin=-33.96, Lmax=-5.18
14:49:24 [ultranest] [DEBUG] iteration=576, ncalls=1540, regioncalls=45600, ndraw=40, logz=-39.01, remainder_fraction=100.0000%, Lmin=-33.44, Lmax=-5.18
14:49:24 [ultranest] [DEBUG] iteration=580, ncalls=1545, regioncalls=45800, ndraw=40, logz=-38.45, remainder_fraction=100.0000%, Lmin=-33.08, Lmax=-5.18
14:49:24 [ultranest] [DEBUG] iteration=582, ncalls=1549, regioncalls=45960, ndraw=40, logz=-38.20, remainder_fraction=100.0000%, Lmin=-32.81, Lmax=-5.18
14:49:24 [ultranest] [DEBUG] iteration=585, ncalls=1554, regioncalls=46160, ndraw=40, logz=-37.85, remainder_fraction=100.0000%, Lmin=-32.14, Lmax=-5.18
14:49:24 [ultranest] [DEBUG] iteration=586, ncalls=1559, regioncalls=46360, ndraw=40, logz=-37.69, remainder_fraction=100.0000%, Lmin=-32.04, Lmax=-5.18
14:49:24 [ultranest] [DEBUG] iteration=588, ncalls=1567, regioncalls=46680, ndraw=40, logz=-37.40, remainder_fraction=100.0000%, Lmin=-31.92, Lmax=-5.18
14:49:25 [ultranest] [DEBUG] iteration=590, ncalls=1575, regioncalls=47000, ndraw=40, logz=-37.15, remainder_fraction=100.0000%, Lmin=-31.63, Lmax=-5.18
14:49:25 [ultranest] [DEBUG] iteration=592, ncalls=1584, regioncalls=47360, ndraw=40, logz=-36.89, remainder_fraction=100.0000%, Lmin=-31.55, Lmax=-5.18
14:49:25 [ultranest] [DEBUG] iteration=596, ncalls=1589, regioncalls=47560, ndraw=40, logz=-36.34, remainder_fraction=100.0000%, Lmin=-30.65, Lmax=-5.18
14:49:25 [ultranest] [DEBUG] iteration=599, ncalls=1593, regioncalls=47720, ndraw=40, logz=-35.91, remainder_fraction=100.0000%, Lmin=-30.35, Lmax=-5.18
14:49:25 [ultranest] [DEBUG] iteration=600, ncalls=1598, regioncalls=47920, ndraw=40, logz=-35.77, remainder_fraction=100.0000%, Lmin=-30.32, Lmax=-5.18
14:49:26 [ultranest] [DEBUG] iteration=603, ncalls=1602, regioncalls=48080, ndraw=40, logz=-35.38, remainder_fraction=100.0000%, Lmin=-29.86, Lmax=-5.18
14:49:26 [ultranest] [DEBUG] iteration=604, ncalls=1607, regioncalls=48280, ndraw=40, logz=-35.25, remainder_fraction=100.0000%, Lmin=-29.81, Lmax=-5.18
14:49:26 [ultranest] [DEBUG] iteration=606, ncalls=1612, regioncalls=48480, ndraw=40, logz=-35.02, remainder_fraction=100.0000%, Lmin=-29.57, Lmax=-5.18
14:49:26 [ultranest] [DEBUG] iteration=609, ncalls=1617, regioncalls=48680, ndraw=40, logz=-34.66, remainder_fraction=100.0000%, Lmin=-29.13, Lmax=-5.18
14:49:26 [ultranest] [DEBUG] iteration=611, ncalls=1621, regioncalls=48840, ndraw=40, logz=-34.40, remainder_fraction=100.0000%, Lmin=-28.94, Lmax=-5.18
14:49:26 [ultranest] [DEBUG] iteration=614, ncalls=1625, regioncalls=49000, ndraw=40, logz=-34.05, remainder_fraction=100.0000%, Lmin=-28.70, Lmax=-5.18
14:49:26 [ultranest] [DEBUG] iteration=615, ncalls=1629, regioncalls=49160, ndraw=40, logz=-33.95, remainder_fraction=100.0000%, Lmin=-28.69, Lmax=-5.18
14:49:27 [ultranest] [DEBUG] iteration=617, ncalls=1640, regioncalls=49600, ndraw=40, logz=-33.76, remainder_fraction=100.0000%, Lmin=-28.61, Lmax=-5.18
14:49:27 [ultranest] [DEBUG] iteration=619, ncalls=1647, regioncalls=49880, ndraw=40, logz=-33.58, remainder_fraction=100.0000%, Lmin=-28.43, Lmax=-5.18
14:49:27 [ultranest] [DEBUG] iteration=621, ncalls=1651, regioncalls=50040, ndraw=40, logz=-33.39, remainder_fraction=100.0000%, Lmin=-27.99, Lmax=-5.18
14:49:27 [ultranest] [DEBUG] iteration=624, ncalls=1655, regioncalls=50200, ndraw=40, logz=-33.07, remainder_fraction=100.0000%, Lmin=-27.80, Lmax=-5.18
14:49:27 [ultranest] [DEBUG] iteration=627, ncalls=1661, regioncalls=50440, ndraw=40, logz=-32.79, remainder_fraction=100.0000%, Lmin=-27.53, Lmax=-5.18
14:49:27 [ultranest] [DEBUG] iteration=630, ncalls=1665, regioncalls=50600, ndraw=40, logz=-32.47, remainder_fraction=100.0000%, Lmin=-27.03, Lmax=-5.18
14:49:28 [ultranest] [DEBUG] iteration=632, ncalls=1668, regioncalls=50720, ndraw=40, logz=-32.25, remainder_fraction=100.0000%, Lmin=-26.87, Lmax=-5.18
14:49:28 [ultranest] [DEBUG] iteration=635, ncalls=1671, regioncalls=50840, ndraw=40, logz=-31.91, remainder_fraction=100.0000%, Lmin=-26.34, Lmax=-5.18
14:49:28 [ultranest] [DEBUG] iteration=637, ncalls=1675, regioncalls=51000, ndraw=40, logz=-31.67, remainder_fraction=100.0000%, Lmin=-26.28, Lmax=-5.18
14:49:28 [ultranest] [DEBUG] iteration=639, ncalls=1679, regioncalls=51160, ndraw=40, logz=-31.47, remainder_fraction=100.0000%, Lmin=-26.12, Lmax=-5.18
14:49:28 [ultranest] [DEBUG] iteration=640, ncalls=1684, regioncalls=51360, ndraw=40, logz=-31.37, remainder_fraction=100.0000%, Lmin=-26.12, Lmax=-5.18
14:49:28 [ultranest] [DEBUG] iteration=643, ncalls=1688, regioncalls=51520, ndraw=40, logz=-31.11, remainder_fraction=100.0000%, Lmin=-25.97, Lmax=-5.18
14:49:28 [ultranest] [DEBUG] iteration=645, ncalls=1692, regioncalls=51680, ndraw=40, logz=-30.95, remainder_fraction=100.0000%, Lmin=-25.94, Lmax=-5.18
14:49:29 [ultranest] [DEBUG] iteration=648, ncalls=1697, regioncalls=51880, ndraw=40, logz=-30.69, remainder_fraction=100.0000%, Lmin=-25.48, Lmax=-5.18
14:49:29 [ultranest] [DEBUG] iteration=652, ncalls=1702, regioncalls=52080, ndraw=40, logz=-30.36, remainder_fraction=100.0000%, Lmin=-25.18, Lmax=-5.18
14:49:29 [ultranest] [DEBUG] iteration=654, ncalls=1706, regioncalls=52240, ndraw=40, logz=-30.18, remainder_fraction=100.0000%, Lmin=-24.93, Lmax=-5.18
14:49:29 [ultranest] [DEBUG] iteration=655, ncalls=1710, regioncalls=52400, ndraw=40, logz=-30.09, remainder_fraction=100.0000%, Lmin=-24.82, Lmax=-5.18
14:49:29 [ultranest] [DEBUG] iteration=658, ncalls=1714, regioncalls=52560, ndraw=40, logz=-29.83, remainder_fraction=100.0000%, Lmin=-24.53, Lmax=-5.18
14:49:29 [ultranest] [DEBUG] iteration=662, ncalls=1718, regioncalls=52720, ndraw=40, logz=-29.50, remainder_fraction=100.0000%, Lmin=-24.42, Lmax=-5.18
14:49:29 [ultranest] [DEBUG] iteration=664, ncalls=1720, regioncalls=52800, ndraw=40, logz=-29.35, remainder_fraction=100.0000%, Lmin=-24.32, Lmax=-5.18
14:49:30 [ultranest] [DEBUG] iteration=665, ncalls=1727, regioncalls=53080, ndraw=40, logz=-29.28, remainder_fraction=100.0000%, Lmin=-24.31, Lmax=-5.18
14:49:30 [ultranest] [DEBUG] iteration=667, ncalls=1731, regioncalls=53240, ndraw=40, logz=-29.15, remainder_fraction=100.0000%, Lmin=-24.25, Lmax=-5.18
14:49:30 [ultranest] [DEBUG] iteration=670, ncalls=1737, regioncalls=53480, ndraw=40, logz=-28.98, remainder_fraction=100.0000%, Lmin=-24.20, Lmax=-5.18
14:49:30 [ultranest] [DEBUG] iteration=673, ncalls=1741, regioncalls=53640, ndraw=40, logz=-28.80, remainder_fraction=100.0000%, Lmin=-23.94, Lmax=-5.18
14:49:30 [ultranest] [DEBUG] iteration=675, ncalls=1744, regioncalls=53760, ndraw=40, logz=-28.68, remainder_fraction=100.0000%, Lmin=-23.78, Lmax=-5.18
14:49:30 [ultranest] [DEBUG] iteration=677, ncalls=1747, regioncalls=53880, ndraw=40, logz=-28.56, remainder_fraction=100.0000%, Lmin=-23.53, Lmax=-5.18
14:49:31 [ultranest] [DEBUG] iteration=680, ncalls=1754, regioncalls=54160, ndraw=40, logz=-28.36, remainder_fraction=100.0000%, Lmin=-23.41, Lmax=-5.18
14:49:31 [ultranest] [DEBUG] iteration=681, ncalls=1756, regioncalls=54240, ndraw=40, logz=-28.29, remainder_fraction=100.0000%, Lmin=-23.37, Lmax=-5.18
14:49:31 [ultranest] [DEBUG] iteration=682, ncalls=1759, regioncalls=54360, ndraw=40, logz=-28.23, remainder_fraction=100.0000%, Lmin=-23.32, Lmax=-5.18
14:49:31 [ultranest] [DEBUG] iteration=684, ncalls=1762, regioncalls=54480, ndraw=40, logz=-28.12, remainder_fraction=100.0000%, Lmin=-23.25, Lmax=-5.18
14:49:31 [ultranest] [DEBUG] iteration=686, ncalls=1768, regioncalls=54720, ndraw=40, logz=-28.00, remainder_fraction=100.0000%, Lmin=-22.95, Lmax=-5.18
14:49:31 [ultranest] [DEBUG] iteration=688, ncalls=1770, regioncalls=54800, ndraw=40, logz=-27.86, remainder_fraction=100.0000%, Lmin=-22.81, Lmax=-5.18
14:49:32 [ultranest] [DEBUG] iteration=689, ncalls=1774, regioncalls=54960, ndraw=40, logz=-27.79, remainder_fraction=100.0000%, Lmin=-22.66, Lmax=-5.18
14:49:32 [ultranest] [DEBUG] iteration=690, ncalls=1776, regioncalls=55040, ndraw=40, logz=-27.72, remainder_fraction=100.0000%, Lmin=-22.57, Lmax=-5.18
14:49:32 [ultranest] [DEBUG] iteration=691, ncalls=1779, regioncalls=55160, ndraw=40, logz=-27.64, remainder_fraction=100.0000%, Lmin=-22.44, Lmax=-5.18
14:49:32 [ultranest] [DEBUG] iteration=693, ncalls=1782, regioncalls=55280, ndraw=40, logz=-27.49, remainder_fraction=100.0000%, Lmin=-22.31, Lmax=-5.18
14:49:32 [ultranest] [DEBUG] iteration=694, ncalls=1784, regioncalls=55360, ndraw=40, logz=-27.41, remainder_fraction=100.0000%, Lmin=-22.25, Lmax=-5.18
14:49:32 [ultranest] [DEBUG] iteration=696, ncalls=1787, regioncalls=55480, ndraw=40, logz=-27.27, remainder_fraction=100.0000%, Lmin=-22.14, Lmax=-5.18
14:49:32 [ultranest] [DEBUG] iteration=697, ncalls=1791, regioncalls=55640, ndraw=40, logz=-27.19, remainder_fraction=100.0000%, Lmin=-22.12, Lmax=-5.18
14:49:33 [ultranest] [DEBUG] iteration=698, ncalls=1793, regioncalls=55720, ndraw=40, logz=-27.13, remainder_fraction=100.0000%, Lmin=-22.08, Lmax=-5.18
14:49:33 [ultranest] [DEBUG] iteration=700, ncalls=1796, regioncalls=55840, ndraw=40, logz=-27.00, remainder_fraction=100.0000%, Lmin=-21.90, Lmax=-5.18
14:49:33 [ultranest] [DEBUG] iteration=703, ncalls=1799, regioncalls=55960, ndraw=40, logz=-26.80, remainder_fraction=100.0000%, Lmin=-21.86, Lmax=-5.18
14:49:33 [ultranest] [DEBUG] iteration=704, ncalls=1802, regioncalls=56080, ndraw=40, logz=-26.74, remainder_fraction=100.0000%, Lmin=-21.76, Lmax=-5.18
14:49:33 [ultranest] [DEBUG] iteration=705, ncalls=1806, regioncalls=56240, ndraw=40, logz=-26.68, remainder_fraction=100.0000%, Lmin=-21.73, Lmax=-5.18
14:49:33 [ultranest] [DEBUG] iteration=707, ncalls=1811, regioncalls=56440, ndraw=40, logz=-26.56, remainder_fraction=100.0000%, Lmin=-21.59, Lmax=-5.18
14:49:34 [ultranest] [DEBUG] iteration=708, ncalls=1814, regioncalls=56560, ndraw=40, logz=-26.50, remainder_fraction=100.0000%, Lmin=-21.57, Lmax=-5.18
14:49:34 [ultranest] [DEBUG] iteration=709, ncalls=1818, regioncalls=56720, ndraw=40, logz=-26.45, remainder_fraction=100.0000%, Lmin=-21.42, Lmax=-5.18
14:49:34 [ultranest] [DEBUG] iteration=711, ncalls=1821, regioncalls=56840, ndraw=40, logz=-26.32, remainder_fraction=100.0000%, Lmin=-21.34, Lmax=-5.18
14:49:34 [ultranest] [DEBUG] iteration=713, ncalls=1824, regioncalls=56960, ndraw=40, logz=-26.19, remainder_fraction=100.0000%, Lmin=-20.95, Lmax=-5.18
14:49:34 [ultranest] [DEBUG] iteration=715, ncalls=1828, regioncalls=57120, ndraw=40, logz=-26.04, remainder_fraction=100.0000%, Lmin=-20.81, Lmax=-5.18
14:49:35 [ultranest] [DEBUG] iteration=717, ncalls=1834, regioncalls=57360, ndraw=40, logz=-25.88, remainder_fraction=100.0000%, Lmin=-20.67, Lmax=-5.18
14:49:35 [ultranest] [DEBUG] iteration=718, ncalls=1837, regioncalls=57480, ndraw=40, logz=-25.81, remainder_fraction=100.0000%, Lmin=-20.63, Lmax=-5.18
14:49:35 [ultranest] [DEBUG] iteration=719, ncalls=1844, regioncalls=57760, ndraw=40, logz=-25.74, remainder_fraction=100.0000%, Lmin=-20.34, Lmax=-5.18
14:49:35 [ultranest] [DEBUG] iteration=720, ncalls=1846, regioncalls=57840, ndraw=40, logz=-25.65, remainder_fraction=100.0000%, Lmin=-20.27, Lmax=-5.18
14:49:35 [ultranest] [DEBUG] iteration=721, ncalls=1848, regioncalls=57920, ndraw=40, logz=-25.56, remainder_fraction=100.0000%, Lmin=-20.27, Lmax=-5.18
14:49:36 [ultranest] [DEBUG] iteration=722, ncalls=1851, regioncalls=58040, ndraw=40, logz=-25.49, remainder_fraction=100.0000%, Lmin=-20.20, Lmax=-5.18
14:49:36 [ultranest] [DEBUG] iteration=723, ncalls=1853, regioncalls=58120, ndraw=40, logz=-25.41, remainder_fraction=100.0000%, Lmin=-20.15, Lmax=-5.18
14:49:36 [ultranest] [DEBUG] iteration=724, ncalls=1861, regioncalls=58440, ndraw=40, logz=-25.33, remainder_fraction=100.0000%, Lmin=-20.10, Lmax=-5.18
14:49:36 [ultranest] [DEBUG] iteration=726, ncalls=1864, regioncalls=58560, ndraw=40, logz=-25.19, remainder_fraction=100.0000%, Lmin=-20.01, Lmax=-5.18
14:49:36 [ultranest] [DEBUG] iteration=728, ncalls=1871, regioncalls=58840, ndraw=40, logz=-25.05, remainder_fraction=100.0000%, Lmin=-19.76, Lmax=-5.18
14:49:37 [ultranest] [DEBUG] iteration=729, ncalls=1877, regioncalls=59080, ndraw=40, logz=-24.97, remainder_fraction=100.0000%, Lmin=-19.72, Lmax=-5.18
14:49:37 [ultranest] [DEBUG] iteration=731, ncalls=1880, regioncalls=59200, ndraw=40, logz=-24.83, remainder_fraction=100.0000%, Lmin=-19.71, Lmax=-5.18
14:49:37 [ultranest] [DEBUG] iteration=732, ncalls=1884, regioncalls=59360, ndraw=40, logz=-24.76, remainder_fraction=100.0000%, Lmin=-19.69, Lmax=-5.18
14:49:37 [ultranest] [DEBUG] iteration=734, ncalls=1886, regioncalls=59440, ndraw=40, logz=-24.64, remainder_fraction=100.0000%, Lmin=-19.65, Lmax=-5.18
14:49:38 [ultranest] [DEBUG] iteration=737, ncalls=1893, regioncalls=59720, ndraw=40, logz=-24.48, remainder_fraction=100.0000%, Lmin=-19.47, Lmax=-5.18
14:49:38 [ultranest] [DEBUG] iteration=738, ncalls=1899, regioncalls=59960, ndraw=40, logz=-24.42, remainder_fraction=100.0000%, Lmin=-19.47, Lmax=-5.18
14:49:38 [ultranest] [DEBUG] iteration=740, ncalls=1902, regioncalls=60080, ndraw=40, logz=-24.31, remainder_fraction=100.0000%, Lmin=-19.44, Lmax=-5.18
14:49:38 [ultranest] [DEBUG] iteration=742, ncalls=1905, regioncalls=60200, ndraw=40, logz=-24.21, remainder_fraction=100.0000%, Lmin=-19.36, Lmax=-5.18
14:49:38 [ultranest] [DEBUG] iteration=743, ncalls=1907, regioncalls=60280, ndraw=40, logz=-24.17, remainder_fraction=100.0000%, Lmin=-19.21, Lmax=-5.18
14:49:38 [ultranest] [DEBUG] iteration=745, ncalls=1909, regioncalls=60360, ndraw=40, logz=-24.06, remainder_fraction=100.0000%, Lmin=-19.08, Lmax=-5.18
14:49:39 [ultranest] [DEBUG] iteration=746, ncalls=1912, regioncalls=60480, ndraw=40, logz=-24.01, remainder_fraction=100.0000%, Lmin=-19.05, Lmax=-5.18
14:49:39 [ultranest] [DEBUG] iteration=748, ncalls=1914, regioncalls=60560, ndraw=40, logz=-23.90, remainder_fraction=100.0000%, Lmin=-19.02, Lmax=-5.18
14:49:39 [ultranest] [DEBUG] iteration=749, ncalls=1916, regioncalls=60640, ndraw=40, logz=-23.85, remainder_fraction=100.0000%, Lmin=-18.99, Lmax=-5.18
14:49:39 [ultranest] [DEBUG] iteration=750, ncalls=1918, regioncalls=60720, ndraw=40, logz=-23.80, remainder_fraction=100.0000%, Lmin=-18.93, Lmax=-5.18
14:49:39 [ultranest] [DEBUG] iteration=752, ncalls=1921, regioncalls=60840, ndraw=40, logz=-23.70, remainder_fraction=100.0000%, Lmin=-18.60, Lmax=-5.18
14:49:39 [ultranest] [DEBUG] iteration=754, ncalls=1925, regioncalls=61000, ndraw=40, logz=-23.58, remainder_fraction=100.0000%, Lmin=-18.50, Lmax=-5.18
14:49:40 [ultranest] [DEBUG] iteration=756, ncalls=1931, regioncalls=61240, ndraw=40, logz=-23.47, remainder_fraction=99.9999%, Lmin=-18.33, Lmax=-5.18
14:49:40 [ultranest] [DEBUG] iteration=757, ncalls=1936, regioncalls=61440, ndraw=40, logz=-23.40, remainder_fraction=99.9999%, Lmin=-18.14, Lmax=-5.18
14:49:40 [ultranest] [DEBUG] iteration=758, ncalls=1946, regioncalls=61840, ndraw=40, logz=-23.33, remainder_fraction=99.9999%, Lmin=-18.13, Lmax=-5.18
14:49:40 [ultranest] [DEBUG] iteration=760, ncalls=1948, regioncalls=61920, ndraw=40, logz=-23.20, remainder_fraction=99.9999%, Lmin=-17.99, Lmax=-5.18
14:49:41 [ultranest] [DEBUG] iteration=761, ncalls=1952, regioncalls=62080, ndraw=40, logz=-23.13, remainder_fraction=99.9999%, Lmin=-17.94, Lmax=-5.18
14:49:41 [ultranest] [DEBUG] iteration=763, ncalls=1957, regioncalls=62280, ndraw=40, logz=-23.00, remainder_fraction=99.9999%, Lmin=-17.77, Lmax=-5.18
14:49:41 [ultranest] [DEBUG] iteration=764, ncalls=1959, regioncalls=62360, ndraw=40, logz=-22.94, remainder_fraction=99.9999%, Lmin=-17.74, Lmax=-5.18
14:49:41 [ultranest] [DEBUG] iteration=766, ncalls=1962, regioncalls=62480, ndraw=40, logz=-22.81, remainder_fraction=99.9999%, Lmin=-17.68, Lmax=-5.18
14:49:41 [ultranest] [DEBUG] iteration=768, ncalls=1964, regioncalls=62560, ndraw=40, logz=-22.69, remainder_fraction=99.9999%, Lmin=-17.58, Lmax=-5.18
14:49:41 [ultranest] [DEBUG] iteration=769, ncalls=1967, regioncalls=62680, ndraw=40, logz=-22.63, remainder_fraction=99.9999%, Lmin=-17.55, Lmax=-5.18
14:49:42 [ultranest] [DEBUG] iteration=770, ncalls=1971, regioncalls=62840, ndraw=40, logz=-22.57, remainder_fraction=99.9999%, Lmin=-17.37, Lmax=-5.18
14:49:42 [ultranest] [DEBUG] iteration=771, ncalls=1974, regioncalls=62960, ndraw=40, logz=-22.51, remainder_fraction=99.9999%, Lmin=-17.31, Lmax=-5.18
14:49:42 [ultranest] [DEBUG] iteration=773, ncalls=1980, regioncalls=63200, ndraw=40, logz=-22.39, remainder_fraction=99.9999%, Lmin=-17.21, Lmax=-5.18
14:49:42 [ultranest] [DEBUG] iteration=775, ncalls=1984, regioncalls=63360, ndraw=40, logz=-22.26, remainder_fraction=99.9998%, Lmin=-17.13, Lmax=-5.18
14:49:42 [ultranest] [DEBUG] iteration=776, ncalls=1986, regioncalls=63440, ndraw=40, logz=-22.20, remainder_fraction=99.9998%, Lmin=-17.08, Lmax=-5.18
14:49:42 [ultranest] [DEBUG] iteration=778, ncalls=1989, regioncalls=63560, ndraw=40, logz=-22.09, remainder_fraction=99.9998%, Lmin=-16.97, Lmax=-5.18
14:49:43 [ultranest] [DEBUG] iteration=779, ncalls=1992, regioncalls=63680, ndraw=40, logz=-22.03, remainder_fraction=99.9998%, Lmin=-16.94, Lmax=-5.18
14:49:43 [ultranest] [DEBUG] iteration=781, ncalls=1995, regioncalls=63800, ndraw=40, logz=-21.92, remainder_fraction=99.9998%, Lmin=-16.77, Lmax=-5.18
14:49:43 [ultranest] [DEBUG] iteration=782, ncalls=1999, regioncalls=63960, ndraw=40, logz=-21.86, remainder_fraction=99.9998%, Lmin=-16.73, Lmax=-5.18
14:49:43 [ultranest] [DEBUG] iteration=784, ncalls=2001, regioncalls=64040, ndraw=40, logz=-21.74, remainder_fraction=99.9997%, Lmin=-16.62, Lmax=-5.18
14:49:43 [ultranest] [DEBUG] iteration=785, ncalls=2005, regioncalls=64200, ndraw=40, logz=-21.68, remainder_fraction=99.9997%, Lmin=-16.61, Lmax=-5.18
14:49:43 [ultranest] [DEBUG] iteration=788, ncalls=2008, regioncalls=64320, ndraw=40, logz=-21.53, remainder_fraction=99.9997%, Lmin=-16.59, Lmax=-5.18
14:49:44 [ultranest] [DEBUG] iteration=790, ncalls=2014, regioncalls=64560, ndraw=40, logz=-21.43, remainder_fraction=99.9996%, Lmin=-16.47, Lmax=-5.18
14:49:44 [ultranest] [DEBUG] iteration=792, ncalls=2018, regioncalls=64720, ndraw=40, logz=-21.33, remainder_fraction=99.9996%, Lmin=-16.36, Lmax=-5.18
14:49:44 [ultranest] [DEBUG] iteration=795, ncalls=2021, regioncalls=64840, ndraw=40, logz=-21.19, remainder_fraction=99.9995%, Lmin=-16.07, Lmax=-5.18
14:49:44 [ultranest] [DEBUG] iteration=798, ncalls=2024, regioncalls=64960, ndraw=40, logz=-21.02, remainder_fraction=99.9994%, Lmin=-15.98, Lmax=-5.18
14:49:44 [ultranest] [DEBUG] iteration=799, ncalls=2027, regioncalls=65080, ndraw=40, logz=-20.97, remainder_fraction=99.9994%, Lmin=-15.98, Lmax=-5.18
14:49:44 [ultranest] [DEBUG] iteration=800, ncalls=2028, regioncalls=65120, ndraw=40, logz=-20.92, remainder_fraction=99.9994%, Lmin=-15.91, Lmax=-5.18
14:49:44 [ultranest] [DEBUG] iteration=802, ncalls=2031, regioncalls=65240, ndraw=40, logz=-20.83, remainder_fraction=99.9993%, Lmin=-15.89, Lmax=-5.18
14:49:45 [ultranest] [DEBUG] iteration=803, ncalls=2035, regioncalls=65400, ndraw=40, logz=-20.78, remainder_fraction=99.9993%, Lmin=-15.88, Lmax=-5.18
14:49:45 [ultranest] [DEBUG] iteration=806, ncalls=2042, regioncalls=65680, ndraw=40, logz=-20.64, remainder_fraction=99.9992%, Lmin=-15.60, Lmax=-5.18
14:49:45 [ultranest] [DEBUG] iteration=808, ncalls=2045, regioncalls=65800, ndraw=40, logz=-20.54, remainder_fraction=99.9991%, Lmin=-15.57, Lmax=-5.18
14:49:45 [ultranest] [DEBUG] iteration=810, ncalls=2049, regioncalls=65960, ndraw=40, logz=-20.45, remainder_fraction=99.9991%, Lmin=-15.46, Lmax=-5.18
14:49:46 [ultranest] [DEBUG] iteration=811, ncalls=2052, regioncalls=66080, ndraw=40, logz=-20.40, remainder_fraction=99.9990%, Lmin=-15.44, Lmax=-5.18
14:49:46 [ultranest] [DEBUG] iteration=813, ncalls=2055, regioncalls=66200, ndraw=40, logz=-20.31, remainder_fraction=99.9989%, Lmin=-15.31, Lmax=-5.18
14:49:46 [ultranest] [DEBUG] iteration=815, ncalls=2057, regioncalls=66280, ndraw=40, logz=-20.21, remainder_fraction=99.9988%, Lmin=-15.23, Lmax=-5.18
14:49:46 [ultranest] [DEBUG] iteration=817, ncalls=2060, regioncalls=66400, ndraw=40, logz=-20.12, remainder_fraction=99.9987%, Lmin=-15.21, Lmax=-5.18
14:49:46 [ultranest] [DEBUG] iteration=819, ncalls=2064, regioncalls=66560, ndraw=40, logz=-20.04, remainder_fraction=99.9986%, Lmin=-15.18, Lmax=-5.18
14:49:46 [ultranest] [DEBUG] iteration=821, ncalls=2068, regioncalls=66720, ndraw=40, logz=-19.95, remainder_fraction=99.9984%, Lmin=-14.88, Lmax=-5.18
14:49:46 [ultranest] [DEBUG] iteration=823, ncalls=2071, regioncalls=66840, ndraw=40, logz=-19.86, remainder_fraction=99.9983%, Lmin=-14.87, Lmax=-5.16
14:49:47 [ultranest] [DEBUG] iteration=825, ncalls=2073, regioncalls=66920, ndraw=40, logz=-19.77, remainder_fraction=99.9981%, Lmin=-14.82, Lmax=-5.16
14:49:47 [ultranest] [DEBUG] iteration=827, ncalls=2076, regioncalls=67040, ndraw=40, logz=-19.68, remainder_fraction=99.9980%, Lmin=-14.76, Lmax=-5.16
14:49:47 [ultranest] [DEBUG] iteration=829, ncalls=2079, regioncalls=67160, ndraw=40, logz=-19.59, remainder_fraction=99.9978%, Lmin=-14.62, Lmax=-5.16
14:49:47 [ultranest] [DEBUG] iteration=830, ncalls=2082, regioncalls=67280, ndraw=40, logz=-19.55, remainder_fraction=99.9977%, Lmin=-14.61, Lmax=-5.16
14:49:47 [ultranest] [DEBUG] iteration=832, ncalls=2084, regioncalls=67360, ndraw=40, logz=-19.46, remainder_fraction=99.9975%, Lmin=-14.52, Lmax=-5.16
14:49:47 [ultranest] [DEBUG] iteration=834, ncalls=2087, regioncalls=67480, ndraw=40, logz=-19.38, remainder_fraction=99.9973%, Lmin=-14.43, Lmax=-5.16
14:49:47 [ultranest] [DEBUG] iteration=835, ncalls=2089, regioncalls=67560, ndraw=40, logz=-19.34, remainder_fraction=99.9971%, Lmin=-14.41, Lmax=-5.16
14:49:48 [ultranest] [DEBUG] iteration=837, ncalls=2092, regioncalls=67680, ndraw=40, logz=-19.25, remainder_fraction=99.9969%, Lmin=-14.36, Lmax=-5.16
14:49:48 [ultranest] [DEBUG] iteration=839, ncalls=2096, regioncalls=67840, ndraw=40, logz=-19.17, remainder_fraction=99.9966%, Lmin=-14.32, Lmax=-5.16
14:49:48 [ultranest] [DEBUG] iteration=840, ncalls=2097, regioncalls=67880, ndraw=40, logz=-19.13, remainder_fraction=99.9965%, Lmin=-14.32, Lmax=-5.16
14:49:48 [ultranest] [DEBUG] iteration=841, ncalls=2102, regioncalls=68080, ndraw=40, logz=-19.10, remainder_fraction=99.9964%, Lmin=-14.30, Lmax=-5.16
14:49:48 [ultranest] [DEBUG] iteration=843, ncalls=2106, regioncalls=68240, ndraw=40, logz=-19.03, remainder_fraction=99.9961%, Lmin=-14.18, Lmax=-5.16
14:49:48 [ultranest] [DEBUG] iteration=846, ncalls=2112, regioncalls=68480, ndraw=40, logz=-18.90, remainder_fraction=99.9956%, Lmin=-13.95, Lmax=-5.16
14:49:49 [ultranest] [DEBUG] iteration=848, ncalls=2115, regioncalls=68600, ndraw=40, logz=-18.82, remainder_fraction=99.9952%, Lmin=-13.85, Lmax=-5.16
14:49:49 [ultranest] [DEBUG] iteration=849, ncalls=2118, regioncalls=68720, ndraw=40, logz=-18.78, remainder_fraction=99.9949%, Lmin=-13.85, Lmax=-5.16
14:49:49 [ultranest] [DEBUG] iteration=851, ncalls=2120, regioncalls=68800, ndraw=40, logz=-18.69, remainder_fraction=99.9945%, Lmin=-13.72, Lmax=-5.16
14:49:49 [ultranest] [DEBUG] iteration=853, ncalls=2127, regioncalls=69080, ndraw=40, logz=-18.61, remainder_fraction=99.9940%, Lmin=-13.64, Lmax=-5.16
14:49:49 [ultranest] [DEBUG] iteration=855, ncalls=2130, regioncalls=69200, ndraw=40, logz=-18.52, remainder_fraction=99.9934%, Lmin=-13.48, Lmax=-5.16
14:49:49 [ultranest] [DEBUG] iteration=856, ncalls=2133, regioncalls=69320, ndraw=40, logz=-18.48, remainder_fraction=99.9931%, Lmin=-13.38, Lmax=-5.16
14:49:50 [ultranest] [DEBUG] iteration=857, ncalls=2136, regioncalls=69440, ndraw=40, logz=-18.43, remainder_fraction=99.9928%, Lmin=-13.36, Lmax=-5.16
14:49:50 [ultranest] [DEBUG] iteration=858, ncalls=2138, regioncalls=69520, ndraw=40, logz=-18.38, remainder_fraction=99.9924%, Lmin=-13.34, Lmax=-5.16
14:49:50 [ultranest] [DEBUG] iteration=860, ncalls=2142, regioncalls=69680, ndraw=40, logz=-18.30, remainder_fraction=99.9917%, Lmin=-13.24, Lmax=-5.16
14:49:50 [ultranest] [DEBUG] iteration=861, ncalls=2145, regioncalls=69800, ndraw=40, logz=-18.25, remainder_fraction=99.9913%, Lmin=-13.23, Lmax=-5.16
14:49:50 [ultranest] [DEBUG] iteration=863, ncalls=2147, regioncalls=69880, ndraw=40, logz=-18.17, remainder_fraction=99.9905%, Lmin=-13.17, Lmax=-5.16
14:49:50 [ultranest] [DEBUG] iteration=866, ncalls=2153, regioncalls=70120, ndraw=40, logz=-18.04, remainder_fraction=99.9894%, Lmin=-13.03, Lmax=-5.16
14:49:51 [ultranest] [DEBUG] iteration=867, ncalls=2156, regioncalls=70240, ndraw=40, logz=-18.00, remainder_fraction=99.9889%, Lmin=-13.01, Lmax=-5.16
14:49:51 [ultranest] [DEBUG] iteration=869, ncalls=2160, regioncalls=70400, ndraw=40, logz=-17.92, remainder_fraction=99.9879%, Lmin=-12.99, Lmax=-5.16
14:49:51 [ultranest] [DEBUG] iteration=870, ncalls=2163, regioncalls=70520, ndraw=40, logz=-17.88, remainder_fraction=99.9875%, Lmin=-12.94, Lmax=-5.16
14:49:51 [ultranest] [DEBUG] iteration=871, ncalls=2166, regioncalls=70640, ndraw=40, logz=-17.84, remainder_fraction=99.9871%, Lmin=-12.91, Lmax=-5.16
14:49:51 [ultranest] [DEBUG] iteration=872, ncalls=2170, regioncalls=70800, ndraw=40, logz=-17.80, remainder_fraction=99.9865%, Lmin=-12.89, Lmax=-5.16
14:49:51 [ultranest] [DEBUG] iteration=873, ncalls=2173, regioncalls=70920, ndraw=40, logz=-17.77, remainder_fraction=99.9860%, Lmin=-12.88, Lmax=-5.16
14:49:52 [ultranest] [DEBUG] iteration=874, ncalls=2177, regioncalls=71080, ndraw=40, logz=-17.73, remainder_fraction=99.9855%, Lmin=-12.88, Lmax=-5.16
14:49:52 [ultranest] [DEBUG] iteration=876, ncalls=2180, regioncalls=71200, ndraw=40, logz=-17.66, remainder_fraction=99.9844%, Lmin=-12.70, Lmax=-5.16
14:49:52 [ultranest] [DEBUG] iteration=877, ncalls=2186, regioncalls=71440, ndraw=40, logz=-17.62, remainder_fraction=99.9838%, Lmin=-12.70, Lmax=-5.16
14:49:52 [ultranest] [DEBUG] iteration=878, ncalls=2190, regioncalls=71600, ndraw=40, logz=-17.58, remainder_fraction=99.9832%, Lmin=-12.69, Lmax=-5.16
14:49:52 [ultranest] [DEBUG] iteration=880, ncalls=2193, regioncalls=71720, ndraw=40, logz=-17.51, remainder_fraction=99.9818%, Lmin=-12.57, Lmax=-5.16
14:49:52 [ultranest] [DEBUG] iteration=881, ncalls=2196, regioncalls=71840, ndraw=40, logz=-17.47, remainder_fraction=99.9811%, Lmin=-12.50, Lmax=-5.16
14:49:53 [ultranest] [DEBUG] iteration=883, ncalls=2199, regioncalls=71960, ndraw=40, logz=-17.39, remainder_fraction=99.9794%, Lmin=-12.44, Lmax=-5.16
14:49:53 [ultranest] [DEBUG] iteration=885, ncalls=2205, regioncalls=72200, ndraw=40, logz=-17.32, remainder_fraction=99.9778%, Lmin=-12.34, Lmax=-5.16
14:49:53 [ultranest] [DEBUG] iteration=886, ncalls=2207, regioncalls=72280, ndraw=40, logz=-17.28, remainder_fraction=99.9768%, Lmin=-12.33, Lmax=-5.16
14:49:53 [ultranest] [DEBUG] iteration=887, ncalls=2210, regioncalls=72400, ndraw=40, logz=-17.24, remainder_fraction=99.9760%, Lmin=-12.31, Lmax=-5.16
14:49:53 [ultranest] [DEBUG] iteration=888, ncalls=2216, regioncalls=72640, ndraw=40, logz=-17.21, remainder_fraction=99.9750%, Lmin=-12.29, Lmax=-5.16
14:49:53 [ultranest] [DEBUG] iteration=890, ncalls=2218, regioncalls=72720, ndraw=40, logz=-17.13, remainder_fraction=99.9732%, Lmin=-12.28, Lmax=-5.16
14:49:54 [ultranest] [DEBUG] iteration=892, ncalls=2222, regioncalls=72880, ndraw=40, logz=-17.07, remainder_fraction=99.9713%, Lmin=-12.22, Lmax=-5.16
14:49:54 [ultranest] [DEBUG] iteration=893, ncalls=2230, regioncalls=73200, ndraw=40, logz=-17.03, remainder_fraction=99.9703%, Lmin=-12.19, Lmax=-5.16
14:49:54 [ultranest] [DEBUG] iteration=894, ncalls=2233, regioncalls=73320, ndraw=40, logz=-17.00, remainder_fraction=99.9693%, Lmin=-12.15, Lmax=-5.16
14:49:54 [ultranest] [DEBUG] iteration=896, ncalls=2236, regioncalls=73440, ndraw=40, logz=-16.93, remainder_fraction=99.9670%, Lmin=-12.14, Lmax=-5.16
14:49:55 [ultranest] [DEBUG] iteration=898, ncalls=2241, regioncalls=73640, ndraw=40, logz=-16.86, remainder_fraction=99.9645%, Lmin=-11.94, Lmax=-5.16
14:49:55 [ultranest] [DEBUG] iteration=899, ncalls=2245, regioncalls=73800, ndraw=40, logz=-16.83, remainder_fraction=99.9632%, Lmin=-11.91, Lmax=-5.16
14:49:55 [ultranest] [DEBUG] iteration=900, ncalls=2246, regioncalls=73840, ndraw=40, logz=-16.79, remainder_fraction=99.9619%, Lmin=-11.88, Lmax=-5.16
14:49:55 [ultranest] [DEBUG] iteration=901, ncalls=2247, regioncalls=73880, ndraw=40, logz=-16.76, remainder_fraction=99.9604%, Lmin=-11.86, Lmax=-5.16
14:49:55 [ultranest] [DEBUG] iteration=903, ncalls=2250, regioncalls=74000, ndraw=40, logz=-16.69, remainder_fraction=99.9575%, Lmin=-11.71, Lmax=-5.16
14:49:55 [ultranest] [DEBUG] iteration=905, ncalls=2254, regioncalls=74160, ndraw=40, logz=-16.61, remainder_fraction=99.9542%, Lmin=-11.65, Lmax=-5.16
14:49:56 [ultranest] [DEBUG] iteration=908, ncalls=2258, regioncalls=74320, ndraw=40, logz=-16.50, remainder_fraction=99.9489%, Lmin=-11.53, Lmax=-5.16
14:49:56 [ultranest] [DEBUG] iteration=910, ncalls=2260, regioncalls=74400, ndraw=40, logz=-16.43, remainder_fraction=99.9448%, Lmin=-11.52, Lmax=-5.16
14:49:56 [ultranest] [DEBUG] iteration=912, ncalls=2266, regioncalls=74640, ndraw=40, logz=-16.36, remainder_fraction=99.9406%, Lmin=-11.44, Lmax=-5.16
14:49:56 [ultranest] [DEBUG] iteration=914, ncalls=2270, regioncalls=74800, ndraw=40, logz=-16.29, remainder_fraction=99.9365%, Lmin=-11.37, Lmax=-5.16
14:49:56 [ultranest] [DEBUG] iteration=917, ncalls=2274, regioncalls=74960, ndraw=40, logz=-16.19, remainder_fraction=99.9303%, Lmin=-11.27, Lmax=-5.16
14:49:56 [ultranest] [DEBUG] iteration=918, ncalls=2277, regioncalls=75080, ndraw=40, logz=-16.16, remainder_fraction=99.9277%, Lmin=-11.24, Lmax=-5.16
14:49:57 [ultranest] [DEBUG] iteration=919, ncalls=2279, regioncalls=75160, ndraw=40, logz=-16.12, remainder_fraction=99.9252%, Lmin=-11.19, Lmax=-5.16
14:49:57 [ultranest] [DEBUG] iteration=920, ncalls=2280, regioncalls=75200, ndraw=40, logz=-16.09, remainder_fraction=99.9226%, Lmin=-11.10, Lmax=-5.16
14:49:57 [ultranest] [DEBUG] iteration=921, ncalls=2283, regioncalls=75320, ndraw=40, logz=-16.05, remainder_fraction=99.9196%, Lmin=-11.07, Lmax=-5.16
14:49:57 [ultranest] [DEBUG] iteration=923, ncalls=2288, regioncalls=75520, ndraw=40, logz=-15.98, remainder_fraction=99.9135%, Lmin=-11.05, Lmax=-5.16
14:49:57 [ultranest] [DEBUG] iteration=926, ncalls=2292, regioncalls=75680, ndraw=40, logz=-15.88, remainder_fraction=99.9040%, Lmin=-10.90, Lmax=-5.16
14:49:57 [ultranest] [DEBUG] iteration=928, ncalls=2297, regioncalls=75880, ndraw=40, logz=-15.81, remainder_fraction=99.8969%, Lmin=-10.82, Lmax=-5.16
14:49:58 [ultranest] [DEBUG] iteration=930, ncalls=2301, regioncalls=76040, ndraw=40, logz=-15.74, remainder_fraction=99.8892%, Lmin=-10.80, Lmax=-5.16
14:49:58 [ultranest] [DEBUG] iteration=932, ncalls=2305, regioncalls=76200, ndraw=40, logz=-15.67, remainder_fraction=99.8820%, Lmin=-10.67, Lmax=-5.16
14:49:58 [ultranest] [DEBUG] iteration=933, ncalls=2308, regioncalls=76320, ndraw=40, logz=-15.64, remainder_fraction=99.8776%, Lmin=-10.66, Lmax=-5.16
14:49:58 [ultranest] [DEBUG] iteration=935, ncalls=2311, regioncalls=76440, ndraw=40, logz=-15.57, remainder_fraction=99.8696%, Lmin=-10.64, Lmax=-5.16
14:49:58 [ultranest] [DEBUG] iteration=936, ncalls=2313, regioncalls=76520, ndraw=40, logz=-15.54, remainder_fraction=99.8661%, Lmin=-10.63, Lmax=-5.16
14:49:58 [ultranest] [DEBUG] iteration=938, ncalls=2317, regioncalls=76680, ndraw=40, logz=-15.47, remainder_fraction=99.8587%, Lmin=-10.59, Lmax=-5.16
14:49:59 [ultranest] [DEBUG] iteration=940, ncalls=2321, regioncalls=76840, ndraw=40, logz=-15.41, remainder_fraction=99.8490%, Lmin=-10.55, Lmax=-5.16
14:49:59 [ultranest] [DEBUG] iteration=942, ncalls=2325, regioncalls=77000, ndraw=40, logz=-15.35, remainder_fraction=99.8394%, Lmin=-10.53, Lmax=-5.16
14:49:59 [ultranest] [DEBUG] iteration=945, ncalls=2329, regioncalls=77160, ndraw=40, logz=-15.27, remainder_fraction=99.8252%, Lmin=-10.50, Lmax=-5.16
14:49:59 [ultranest] [DEBUG] iteration=947, ncalls=2335, regioncalls=77400, ndraw=40, logz=-15.21, remainder_fraction=99.8155%, Lmin=-10.48, Lmax=-5.16
14:50:00 [ultranest] [DEBUG] iteration=949, ncalls=2341, regioncalls=77640, ndraw=40, logz=-15.16, remainder_fraction=99.8053%, Lmin=-10.44, Lmax=-5.16
14:50:00 [ultranest] [DEBUG] iteration=951, ncalls=2344, regioncalls=77760, ndraw=40, logz=-15.11, remainder_fraction=99.7953%, Lmin=-10.40, Lmax=-5.16
14:50:00 [ultranest] [DEBUG] iteration=952, ncalls=2348, regioncalls=77920, ndraw=40, logz=-15.08, remainder_fraction=99.7895%, Lmin=-10.36, Lmax=-5.16
14:50:00 [ultranest] [DEBUG] iteration=954, ncalls=2353, regioncalls=78120, ndraw=40, logz=-15.03, remainder_fraction=99.7793%, Lmin=-10.33, Lmax=-5.16
14:50:00 [ultranest] [DEBUG] iteration=955, ncalls=2358, regioncalls=78320, ndraw=40, logz=-15.01, remainder_fraction=99.7733%, Lmin=-10.32, Lmax=-5.16
14:50:00 [ultranest] [DEBUG] iteration=957, ncalls=2360, regioncalls=78400, ndraw=40, logz=-14.96, remainder_fraction=99.7645%, Lmin=-10.30, Lmax=-5.16
14:50:01 [ultranest] [DEBUG] iteration=959, ncalls=2363, regioncalls=78520, ndraw=40, logz=-14.91, remainder_fraction=99.7525%, Lmin=-10.22, Lmax=-5.16
14:50:01 [ultranest] [DEBUG] iteration=960, ncalls=2365, regioncalls=78600, ndraw=40, logz=-14.89, remainder_fraction=99.7466%, Lmin=-10.22, Lmax=-5.16
14:50:01 [ultranest] [DEBUG] iteration=961, ncalls=2367, regioncalls=78680, ndraw=40, logz=-14.86, remainder_fraction=99.7404%, Lmin=-10.16, Lmax=-5.16
14:50:01 [ultranest] [DEBUG] iteration=964, ncalls=2371, regioncalls=78840, ndraw=40, logz=-14.79, remainder_fraction=99.7232%, Lmin=-10.10, Lmax=-5.16
14:50:01 [ultranest] [DEBUG] iteration=966, ncalls=2378, regioncalls=79120, ndraw=40, logz=-14.74, remainder_fraction=99.7082%, Lmin=-10.08, Lmax=-5.16
14:50:01 [ultranest] [DEBUG] iteration=967, ncalls=2380, regioncalls=79200, ndraw=40, logz=-14.72, remainder_fraction=99.7016%, Lmin=-10.05, Lmax=-5.16
14:50:02 [ultranest] [DEBUG] iteration=968, ncalls=2384, regioncalls=79360, ndraw=40, logz=-14.70, remainder_fraction=99.6938%, Lmin=-10.05, Lmax=-5.16
14:50:02 [ultranest] [DEBUG] iteration=969, ncalls=2386, regioncalls=79440, ndraw=40, logz=-14.67, remainder_fraction=99.6860%, Lmin=-10.05, Lmax=-5.16
14:50:02 [ultranest] [DEBUG] iteration=970, ncalls=2392, regioncalls=79680, ndraw=40, logz=-14.65, remainder_fraction=99.6784%, Lmin=-10.04, Lmax=-5.16
14:50:02 [ultranest] [DEBUG] iteration=971, ncalls=2395, regioncalls=79800, ndraw=40, logz=-14.63, remainder_fraction=99.6705%, Lmin=-10.03, Lmax=-5.16
14:50:02 [ultranest] [DEBUG] iteration=973, ncalls=2399, regioncalls=79960, ndraw=40, logz=-14.59, remainder_fraction=99.6560%, Lmin=-9.97, Lmax=-5.16
14:50:03 [ultranest] [DEBUG] iteration=976, ncalls=2403, regioncalls=80120, ndraw=40, logz=-14.52, remainder_fraction=99.6342%, Lmin=-9.91, Lmax=-5.16
14:50:03 [ultranest] [DEBUG] iteration=977, ncalls=2411, regioncalls=80440, ndraw=40, logz=-14.50, remainder_fraction=99.6278%, Lmin=-9.91, Lmax=-5.16
14:50:03 [ultranest] [DEBUG] iteration=978, ncalls=2414, regioncalls=80560, ndraw=40, logz=-14.48, remainder_fraction=99.6190%, Lmin=-9.86, Lmax=-5.16
14:50:03 [ultranest] [DEBUG] iteration=981, ncalls=2417, regioncalls=80680, ndraw=40, logz=-14.41, remainder_fraction=99.5927%, Lmin=-9.72, Lmax=-5.16
14:50:04 [ultranest] [DEBUG] iteration=983, ncalls=2427, regioncalls=81080, ndraw=40, logz=-14.36, remainder_fraction=99.5744%, Lmin=-9.66, Lmax=-5.16
14:50:04 [ultranest] [DEBUG] iteration=985, ncalls=2430, regioncalls=81200, ndraw=40, logz=-14.32, remainder_fraction=99.5532%, Lmin=-9.65, Lmax=-5.16
14:50:04 [ultranest] [DEBUG] iteration=988, ncalls=2433, regioncalls=81320, ndraw=40, logz=-14.25, remainder_fraction=99.5224%, Lmin=-9.62, Lmax=-5.16
14:50:04 [ultranest] [DEBUG] iteration=990, ncalls=2435, regioncalls=81400, ndraw=40, logz=-14.21, remainder_fraction=99.4987%, Lmin=-9.54, Lmax=-5.16
14:50:04 [ultranest] [DEBUG] iteration=991, ncalls=2437, regioncalls=81480, ndraw=40, logz=-14.19, remainder_fraction=99.4868%, Lmin=-9.53, Lmax=-5.16
14:50:05 [ultranest] [DEBUG] iteration=992, ncalls=2441, regioncalls=81640, ndraw=40, logz=-14.16, remainder_fraction=99.4757%, Lmin=-9.52, Lmax=-5.16
14:50:05 [ultranest] [DEBUG] iteration=994, ncalls=2445, regioncalls=81800, ndraw=40, logz=-14.12, remainder_fraction=99.4505%, Lmin=-9.51, Lmax=-5.16
14:50:05 [ultranest] [DEBUG] iteration=996, ncalls=2449, regioncalls=81960, ndraw=40, logz=-14.08, remainder_fraction=99.4291%, Lmin=-9.50, Lmax=-5.16
14:50:05 [ultranest] [DEBUG] iteration=998, ncalls=2453, regioncalls=82120, ndraw=40, logz=-14.04, remainder_fraction=99.4051%, Lmin=-9.49, Lmax=-5.16
14:50:05 [ultranest] [DEBUG] iteration=1000, ncalls=2455, regioncalls=82200, ndraw=40, logz=-14.00, remainder_fraction=99.3803%, Lmin=-9.39, Lmax=-5.16
14:50:05 [ultranest] [DEBUG] iteration=1002, ncalls=2457, regioncalls=82280, ndraw=40, logz=-13.96, remainder_fraction=99.3514%, Lmin=-9.35, Lmax=-5.16
14:50:06 [ultranest] [DEBUG] iteration=1004, ncalls=2464, regioncalls=82560, ndraw=40, logz=-13.92, remainder_fraction=99.3254%, Lmin=-9.31, Lmax=-5.16
14:50:06 [ultranest] [DEBUG] iteration=1005, ncalls=2473, regioncalls=82920, ndraw=40, logz=-13.90, remainder_fraction=99.3121%, Lmin=-9.30, Lmax=-5.16
14:50:06 [ultranest] [DEBUG] iteration=1008, ncalls=2477, regioncalls=83080, ndraw=40, logz=-13.84, remainder_fraction=99.2659%, Lmin=-9.24, Lmax=-5.16
14:50:06 [ultranest] [DEBUG] iteration=1011, ncalls=2480, regioncalls=83200, ndraw=40, logz=-13.78, remainder_fraction=99.2257%, Lmin=-9.20, Lmax=-5.16
14:50:07 [ultranest] [DEBUG] iteration=1012, ncalls=2482, regioncalls=83280, ndraw=40, logz=-13.76, remainder_fraction=99.2092%, Lmin=-9.19, Lmax=-5.16
14:50:07 [ultranest] [DEBUG] iteration=1015, ncalls=2489, regioncalls=83560, ndraw=40, logz=-13.70, remainder_fraction=99.1668%, Lmin=-9.09, Lmax=-5.16
14:50:07 [ultranest] [DEBUG] iteration=1017, ncalls=2491, regioncalls=83640, ndraw=40, logz=-13.66, remainder_fraction=99.1298%, Lmin=-9.06, Lmax=-5.16
14:50:07 [ultranest] [DEBUG] iteration=1019, ncalls=2494, regioncalls=83760, ndraw=40, logz=-13.63, remainder_fraction=99.0962%, Lmin=-9.01, Lmax=-5.16
14:50:07 [ultranest] [DEBUG] iteration=1020, ncalls=2497, regioncalls=83880, ndraw=40, logz=-13.61, remainder_fraction=99.0766%, Lmin=-8.99, Lmax=-5.16
14:50:07 [ultranest] [DEBUG] iteration=1022, ncalls=2500, regioncalls=84000, ndraw=40, logz=-13.57, remainder_fraction=99.0371%, Lmin=-8.97, Lmax=-5.16
14:50:08 [ultranest] [DEBUG] iteration=1024, ncalls=2503, regioncalls=84120, ndraw=40, logz=-13.53, remainder_fraction=98.9969%, Lmin=-8.96, Lmax=-5.16
14:50:08 [ultranest] [DEBUG] iteration=1025, ncalls=2505, regioncalls=84200, ndraw=40, logz=-13.51, remainder_fraction=98.9797%, Lmin=-8.94, Lmax=-5.16
14:50:08 [ultranest] [DEBUG] iteration=1028, ncalls=2509, regioncalls=84360, ndraw=40, logz=-13.46, remainder_fraction=98.9252%, Lmin=-8.86, Lmax=-5.16
14:50:08 [ultranest] [DEBUG] iteration=1031, ncalls=2512, regioncalls=84480, ndraw=40, logz=-13.40, remainder_fraction=98.8591%, Lmin=-8.80, Lmax=-5.16
14:50:08 [ultranest] [DEBUG] iteration=1032, ncalls=2514, regioncalls=84560, ndraw=40, logz=-13.38, remainder_fraction=98.8350%, Lmin=-8.79, Lmax=-5.16
14:50:08 [ultranest] [DEBUG] iteration=1033, ncalls=2517, regioncalls=84680, ndraw=40, logz=-13.36, remainder_fraction=98.8113%, Lmin=-8.79, Lmax=-5.16
14:50:08 [ultranest] [DEBUG] iteration=1035, ncalls=2522, regioncalls=84880, ndraw=40, logz=-13.33, remainder_fraction=98.7624%, Lmin=-8.77, Lmax=-5.16
14:50:09 [ultranest] [DEBUG] iteration=1037, ncalls=2527, regioncalls=85080, ndraw=40, logz=-13.29, remainder_fraction=98.7187%, Lmin=-8.76, Lmax=-5.16
14:50:09 [ultranest] [DEBUG] iteration=1038, ncalls=2530, regioncalls=85200, ndraw=40, logz=-13.27, remainder_fraction=98.6944%, Lmin=-8.76, Lmax=-5.16
14:50:09 [ultranest] [DEBUG] iteration=1039, ncalls=2532, regioncalls=85280, ndraw=40, logz=-13.26, remainder_fraction=98.6770%, Lmin=-8.71, Lmax=-5.16
14:50:09 [ultranest] [DEBUG] iteration=1040, ncalls=2534, regioncalls=85360, ndraw=40, logz=-13.24, remainder_fraction=98.6516%, Lmin=-8.70, Lmax=-5.16
14:50:10 [ultranest] [DEBUG] iteration=1041, ncalls=2545, regioncalls=85800, ndraw=40, logz=-13.22, remainder_fraction=98.6259%, Lmin=-8.70, Lmax=-5.16
14:50:10 [ultranest] [DEBUG] iteration=1042, ncalls=2549, regioncalls=85960, ndraw=40, logz=-13.21, remainder_fraction=98.6052%, Lmin=-8.70, Lmax=-5.16
14:50:10 [ultranest] [DEBUG] iteration=1044, ncalls=2552, regioncalls=86080, ndraw=40, logz=-13.17, remainder_fraction=98.5524%, Lmin=-8.69, Lmax=-5.16
14:50:10 [ultranest] [DEBUG] iteration=1045, ncalls=2558, regioncalls=86320, ndraw=40, logz=-13.16, remainder_fraction=98.5259%, Lmin=-8.69, Lmax=-5.16
14:50:10 [ultranest] [DEBUG] iteration=1047, ncalls=2561, regioncalls=86440, ndraw=40, logz=-13.13, remainder_fraction=98.4750%, Lmin=-8.67, Lmax=-5.16
14:50:10 [ultranest] [DEBUG] iteration=1048, ncalls=2564, regioncalls=86560, ndraw=40, logz=-13.11, remainder_fraction=98.4511%, Lmin=-8.65, Lmax=-5.16
14:50:11 [ultranest] [DEBUG] iteration=1049, ncalls=2568, regioncalls=86720, ndraw=40, logz=-13.09, remainder_fraction=98.4234%, Lmin=-8.64, Lmax=-5.16
14:50:11 [ultranest] [DEBUG] iteration=1050, ncalls=2571, regioncalls=86840, ndraw=40, logz=-13.08, remainder_fraction=98.3992%, Lmin=-8.64, Lmax=-5.16
14:50:11 [ultranest] [DEBUG] iteration=1051, ncalls=2574, regioncalls=86960, ndraw=40, logz=-13.06, remainder_fraction=98.3834%, Lmin=-8.63, Lmax=-5.16
14:50:11 [ultranest] [DEBUG] iteration=1052, ncalls=2578, regioncalls=87120, ndraw=40, logz=-13.05, remainder_fraction=98.3568%, Lmin=-8.63, Lmax=-5.16
14:50:11 [ultranest] [DEBUG] iteration=1054, ncalls=2584, regioncalls=87360, ndraw=40, logz=-13.02, remainder_fraction=98.3067%, Lmin=-8.63, Lmax=-5.16
14:50:12 [ultranest] [DEBUG] iteration=1055, ncalls=2592, regioncalls=87680, ndraw=40, logz=-13.00, remainder_fraction=98.2798%, Lmin=-8.62, Lmax=-5.16
14:50:12 [ultranest] [DEBUG] iteration=1056, ncalls=2595, regioncalls=87800, ndraw=40, logz=-12.99, remainder_fraction=98.2528%, Lmin=-8.60, Lmax=-5.16
14:50:12 [ultranest] [DEBUG] iteration=1058, ncalls=2597, regioncalls=87880, ndraw=40, logz=-12.96, remainder_fraction=98.2040%, Lmin=-8.55, Lmax=-5.16
14:50:12 [ultranest] [DEBUG] iteration=1059, ncalls=2601, regioncalls=88040, ndraw=40, logz=-12.95, remainder_fraction=98.1754%, Lmin=-8.55, Lmax=-5.16
14:50:12 [ultranest] [DEBUG] iteration=1060, ncalls=2605, regioncalls=88200, ndraw=40, logz=-12.93, remainder_fraction=98.1456%, Lmin=-8.55, Lmax=-5.16
14:50:13 [ultranest] [DEBUG] iteration=1062, ncalls=2609, regioncalls=88360, ndraw=40, logz=-12.91, remainder_fraction=98.0893%, Lmin=-8.54, Lmax=-5.16
14:50:13 [ultranest] [DEBUG] iteration=1065, ncalls=2612, regioncalls=88480, ndraw=40, logz=-12.86, remainder_fraction=98.0179%, Lmin=-8.45, Lmax=-5.16
14:50:13 [ultranest] [DEBUG] iteration=1067, ncalls=2615, regioncalls=88600, ndraw=40, logz=-12.83, remainder_fraction=97.9571%, Lmin=-8.39, Lmax=-5.16
14:50:13 [ultranest] [DEBUG] iteration=1068, ncalls=2617, regioncalls=88680, ndraw=40, logz=-12.82, remainder_fraction=97.9281%, Lmin=-8.37, Lmax=-5.16
14:50:13 [ultranest] [DEBUG] iteration=1070, ncalls=2621, regioncalls=88840, ndraw=40, logz=-12.79, remainder_fraction=97.8608%, Lmin=-8.35, Lmax=-5.16
14:50:14 [ultranest] [DEBUG] iteration=1071, ncalls=2629, regioncalls=89160, ndraw=40, logz=-12.78, remainder_fraction=97.8265%, Lmin=-8.34, Lmax=-5.16
14:50:14 [ultranest] [DEBUG] iteration=1073, ncalls=2633, regioncalls=89320, ndraw=40, logz=-12.75, remainder_fraction=97.7630%, Lmin=-8.33, Lmax=-5.16
14:50:14 [ultranest] [DEBUG] iteration=1075, ncalls=2636, regioncalls=89440, ndraw=40, logz=-12.72, remainder_fraction=97.7133%, Lmin=-8.31, Lmax=-5.16
14:50:14 [ultranest] [DEBUG] iteration=1076, ncalls=2639, regioncalls=89560, ndraw=40, logz=-12.71, remainder_fraction=97.6920%, Lmin=-8.31, Lmax=-5.16
14:50:14 [ultranest] [DEBUG] iteration=1078, ncalls=2641, regioncalls=89640, ndraw=40, logz=-12.68, remainder_fraction=97.6375%, Lmin=-8.29, Lmax=-5.16
14:50:15 [ultranest] [DEBUG] iteration=1080, ncalls=2647, regioncalls=89880, ndraw=40, logz=-12.65, remainder_fraction=97.5669%, Lmin=-8.27, Lmax=-5.16
14:50:15 [ultranest] [DEBUG] iteration=1081, ncalls=2650, regioncalls=90000, ndraw=40, logz=-12.64, remainder_fraction=97.5311%, Lmin=-8.25, Lmax=-5.16
14:50:15 [ultranest] [DEBUG] iteration=1083, ncalls=2653, regioncalls=90120, ndraw=40, logz=-12.61, remainder_fraction=97.4610%, Lmin=-8.25, Lmax=-5.16
14:50:15 [ultranest] [DEBUG] iteration=1085, ncalls=2660, regioncalls=90400, ndraw=40, logz=-12.59, remainder_fraction=97.3856%, Lmin=-8.24, Lmax=-5.16
14:50:15 [ultranest] [DEBUG] iteration=1086, ncalls=2665, regioncalls=90600, ndraw=40, logz=-12.57, remainder_fraction=97.3490%, Lmin=-8.24, Lmax=-5.16
14:50:16 [ultranest] [DEBUG] iteration=1088, ncalls=2670, regioncalls=90800, ndraw=40, logz=-12.55, remainder_fraction=97.2879%, Lmin=-8.23, Lmax=-5.16
14:50:16 [ultranest] [DEBUG] iteration=1091, ncalls=2674, regioncalls=90960, ndraw=40, logz=-12.51, remainder_fraction=97.1952%, Lmin=-8.21, Lmax=-5.16
14:50:16 [ultranest] [DEBUG] iteration=1092, ncalls=2677, regioncalls=91080, ndraw=40, logz=-12.50, remainder_fraction=97.1615%, Lmin=-8.21, Lmax=-5.16
14:50:16 [ultranest] [DEBUG] iteration=1094, ncalls=2681, regioncalls=91240, ndraw=40, logz=-12.48, remainder_fraction=97.0967%, Lmin=-8.20, Lmax=-5.16
14:50:16 [ultranest] [DEBUG] iteration=1095, ncalls=2683, regioncalls=91320, ndraw=40, logz=-12.46, remainder_fraction=97.0583%, Lmin=-8.20, Lmax=-5.16
14:50:17 [ultranest] [DEBUG] iteration=1096, ncalls=2687, regioncalls=91480, ndraw=40, logz=-12.45, remainder_fraction=97.0189%, Lmin=-8.18, Lmax=-5.16
14:50:17 [ultranest] [DEBUG] iteration=1097, ncalls=2690, regioncalls=91600, ndraw=40, logz=-12.44, remainder_fraction=96.9805%, Lmin=-8.17, Lmax=-5.16
14:50:17 [ultranest] [DEBUG] iteration=1098, ncalls=2695, regioncalls=91800, ndraw=40, logz=-12.43, remainder_fraction=96.9497%, Lmin=-8.16, Lmax=-5.16
14:50:17 [ultranest] [DEBUG] iteration=1100, ncalls=2697, regioncalls=91880, ndraw=40, logz=-12.41, remainder_fraction=96.8928%, Lmin=-8.15, Lmax=-5.16
14:50:17 [ultranest] [DEBUG] iteration=1101, ncalls=2701, regioncalls=92040, ndraw=40, logz=-12.40, remainder_fraction=96.8523%, Lmin=-8.13, Lmax=-5.16
14:50:17 [ultranest] [DEBUG] iteration=1103, ncalls=2704, regioncalls=92160, ndraw=40, logz=-12.37, remainder_fraction=96.7791%, Lmin=-8.13, Lmax=-5.16
14:50:18 [ultranest] [DEBUG] iteration=1105, ncalls=2707, regioncalls=92280, ndraw=40, logz=-12.35, remainder_fraction=96.7038%, Lmin=-8.12, Lmax=-5.16
14:50:18 [ultranest] [DEBUG] iteration=1106, ncalls=2710, regioncalls=92400, ndraw=40, logz=-12.34, remainder_fraction=96.6750%, Lmin=-8.12, Lmax=-5.16
14:50:18 [ultranest] [DEBUG] iteration=1107, ncalls=2714, regioncalls=92560, ndraw=40, logz=-12.33, remainder_fraction=96.6384%, Lmin=-8.11, Lmax=-5.16
14:50:18 [ultranest] [DEBUG] iteration=1108, ncalls=2717, regioncalls=92680, ndraw=40, logz=-12.32, remainder_fraction=96.6163%, Lmin=-8.10, Lmax=-5.16
14:50:18 [ultranest] [DEBUG] iteration=1110, ncalls=2723, regioncalls=92920, ndraw=40, logz=-12.30, remainder_fraction=96.5442%, Lmin=-8.07, Lmax=-5.16
14:50:19 [ultranest] [DEBUG] iteration=1112, ncalls=2728, regioncalls=93120, ndraw=40, logz=-12.28, remainder_fraction=96.4771%, Lmin=-8.06, Lmax=-5.16
14:50:19 [ultranest] [DEBUG] iteration=1113, ncalls=2731, regioncalls=93240, ndraw=40, logz=-12.27, remainder_fraction=96.4364%, Lmin=-8.04, Lmax=-5.16
14:50:19 [ultranest] [DEBUG] iteration=1114, ncalls=2734, regioncalls=93360, ndraw=40, logz=-12.26, remainder_fraction=96.3914%, Lmin=-8.04, Lmax=-5.16
14:50:19 [ultranest] [DEBUG] iteration=1115, ncalls=2736, regioncalls=93440, ndraw=40, logz=-12.25, remainder_fraction=96.3487%, Lmin=-8.04, Lmax=-5.16
14:50:19 [ultranest] [DEBUG] iteration=1117, ncalls=2743, regioncalls=93720, ndraw=40, logz=-12.23, remainder_fraction=96.2771%, Lmin=-8.00, Lmax=-5.16
14:50:19 [ultranest] [DEBUG] iteration=1118, ncalls=2746, regioncalls=93840, ndraw=40, logz=-12.22, remainder_fraction=96.2343%, Lmin=-8.00, Lmax=-5.16
14:50:20 [ultranest] [DEBUG] iteration=1120, ncalls=2749, regioncalls=93960, ndraw=40, logz=-12.19, remainder_fraction=96.1613%, Lmin=-7.98, Lmax=-5.16
14:50:20 [ultranest] [DEBUG] iteration=1123, ncalls=2752, regioncalls=94080, ndraw=40, logz=-12.16, remainder_fraction=96.0357%, Lmin=-7.95, Lmax=-5.16
14:50:20 [ultranest] [DEBUG] iteration=1124, ncalls=2755, regioncalls=94200, ndraw=40, logz=-12.15, remainder_fraction=95.9928%, Lmin=-7.95, Lmax=-5.16
14:50:20 [ultranest] [DEBUG] iteration=1126, ncalls=2763, regioncalls=94520, ndraw=40, logz=-12.13, remainder_fraction=95.9110%, Lmin=-7.95, Lmax=-5.16
14:50:21 [ultranest] [DEBUG] iteration=1128, ncalls=2770, regioncalls=94800, ndraw=40, logz=-12.11, remainder_fraction=95.8366%, Lmin=-7.93, Lmax=-5.16
14:50:21 [ultranest] [DEBUG] iteration=1131, ncalls=2773, regioncalls=94920, ndraw=40, logz=-12.09, remainder_fraction=95.7005%, Lmin=-7.91, Lmax=-5.16
14:50:21 [ultranest] [DEBUG] iteration=1133, ncalls=2775, regioncalls=95000, ndraw=40, logz=-12.07, remainder_fraction=95.6068%, Lmin=-7.90, Lmax=-5.16
14:50:21 [ultranest] [DEBUG] iteration=1134, ncalls=2777, regioncalls=95080, ndraw=40, logz=-12.06, remainder_fraction=95.5637%, Lmin=-7.88, Lmax=-5.16
14:50:21 [ultranest] [DEBUG] iteration=1136, ncalls=2781, regioncalls=95240, ndraw=40, logz=-12.04, remainder_fraction=95.4641%, Lmin=-7.87, Lmax=-5.16
14:50:21 [ultranest] [DEBUG] iteration=1137, ncalls=2786, regioncalls=95440, ndraw=40, logz=-12.03, remainder_fraction=95.4138%, Lmin=-7.87, Lmax=-5.16
14:50:22 [ultranest] [DEBUG] iteration=1138, ncalls=2792, regioncalls=95680, ndraw=40, logz=-12.02, remainder_fraction=95.3837%, Lmin=-7.86, Lmax=-5.16
14:50:22 [ultranest] [DEBUG] iteration=1140, ncalls=2797, regioncalls=95880, ndraw=40, logz=-12.00, remainder_fraction=95.2986%, Lmin=-7.84, Lmax=-5.16
14:50:22 [ultranest] [DEBUG] iteration=1142, ncalls=2800, regioncalls=96000, ndraw=40, logz=-11.98, remainder_fraction=95.2075%, Lmin=-7.83, Lmax=-5.16
14:50:22 [ultranest] [DEBUG] iteration=1144, ncalls=2804, regioncalls=96160, ndraw=40, logz=-11.96, remainder_fraction=95.1163%, Lmin=-7.82, Lmax=-5.16
14:50:22 [ultranest] [DEBUG] iteration=1145, ncalls=2809, regioncalls=96360, ndraw=40, logz=-11.96, remainder_fraction=95.0648%, Lmin=-7.82, Lmax=-5.16
14:50:23 [ultranest] [DEBUG] iteration=1146, ncalls=2817, regioncalls=96680, ndraw=40, logz=-11.95, remainder_fraction=95.0360%, Lmin=-7.80, Lmax=-5.16
14:50:23 [ultranest] [DEBUG] iteration=1147, ncalls=2819, regioncalls=96760, ndraw=40, logz=-11.94, remainder_fraction=95.0028%, Lmin=-7.80, Lmax=-5.16
14:50:23 [ultranest] [DEBUG] iteration=1149, ncalls=2822, regioncalls=96880, ndraw=40, logz=-11.92, remainder_fraction=94.9107%, Lmin=-7.78, Lmax=-5.16
14:50:23 [ultranest] [DEBUG] iteration=1150, ncalls=2826, regioncalls=97040, ndraw=40, logz=-11.91, remainder_fraction=94.8778%, Lmin=-7.75, Lmax=-5.16
14:50:23 [ultranest] [DEBUG] iteration=1151, ncalls=2830, regioncalls=97200, ndraw=40, logz=-11.90, remainder_fraction=94.8448%, Lmin=-7.75, Lmax=-5.16
14:50:24 [ultranest] [DEBUG] iteration=1154, ncalls=2840, regioncalls=97600, ndraw=40, logz=-11.88, remainder_fraction=94.7149%, Lmin=-7.72, Lmax=-5.16
14:50:24 [ultranest] [DEBUG] iteration=1155, ncalls=2845, regioncalls=97800, ndraw=40, logz=-11.87, remainder_fraction=94.6638%, Lmin=-7.71, Lmax=-5.16
14:50:24 [ultranest] [DEBUG] iteration=1158, ncalls=2853, regioncalls=98120, ndraw=40, logz=-11.84, remainder_fraction=94.5143%, Lmin=-7.69, Lmax=-5.16
14:50:25 [ultranest] [DEBUG] iteration=1159, ncalls=2856, regioncalls=98240, ndraw=40, logz=-11.83, remainder_fraction=94.4746%, Lmin=-7.69, Lmax=-5.16
14:50:25 [ultranest] [DEBUG] iteration=1160, ncalls=2859, regioncalls=98360, ndraw=40, logz=-11.82, remainder_fraction=94.4232%, Lmin=-7.69, Lmax=-5.16
14:50:25 [ultranest] [DEBUG] iteration=1162, ncalls=2862, regioncalls=98480, ndraw=40, logz=-11.81, remainder_fraction=94.3258%, Lmin=-7.69, Lmax=-5.16
14:50:25 [ultranest] [DEBUG] iteration=1163, ncalls=2866, regioncalls=98640, ndraw=40, logz=-11.80, remainder_fraction=94.2839%, Lmin=-7.69, Lmax=-5.16
14:50:25 [ultranest] [DEBUG] iteration=1165, ncalls=2871, regioncalls=98840, ndraw=40, logz=-11.78, remainder_fraction=94.1843%, Lmin=-7.68, Lmax=-5.16
14:50:25 [ultranest] [DEBUG] iteration=1166, ncalls=2877, regioncalls=99080, ndraw=40, logz=-11.77, remainder_fraction=94.1350%, Lmin=-7.67, Lmax=-5.16
14:50:26 [ultranest] [DEBUG] iteration=1168, ncalls=2881, regioncalls=99240, ndraw=40, logz=-11.76, remainder_fraction=94.0435%, Lmin=-7.66, Lmax=-5.16
14:50:26 [ultranest] [DEBUG] iteration=1169, ncalls=2884, regioncalls=99360, ndraw=40, logz=-11.75, remainder_fraction=93.9872%, Lmin=-7.65, Lmax=-5.16
14:50:26 [ultranest] [DEBUG] iteration=1170, ncalls=2885, regioncalls=99400, ndraw=40, logz=-11.74, remainder_fraction=93.9299%, Lmin=-7.65, Lmax=-5.16
14:50:26 [ultranest] [DEBUG] iteration=1171, ncalls=2886, regioncalls=99440, ndraw=40, logz=-11.73, remainder_fraction=93.8870%, Lmin=-7.64, Lmax=-5.16
14:50:26 [ultranest] [DEBUG] iteration=1174, ncalls=2889, regioncalls=99560, ndraw=40, logz=-11.71, remainder_fraction=93.7398%, Lmin=-7.60, Lmax=-5.16
14:50:26 [ultranest] [DEBUG] iteration=1176, ncalls=2895, regioncalls=99800, ndraw=40, logz=-11.69, remainder_fraction=93.6292%, Lmin=-7.59, Lmax=-5.16
14:50:27 [ultranest] [DEBUG] iteration=1178, ncalls=2901, regioncalls=100040, ndraw=40, logz=-11.68, remainder_fraction=93.5406%, Lmin=-7.57, Lmax=-5.16
14:50:27 [ultranest] [DEBUG] iteration=1180, ncalls=2908, regioncalls=100320, ndraw=40, logz=-11.66, remainder_fraction=93.4302%, Lmin=-7.55, Lmax=-5.16
14:50:27 [ultranest] [DEBUG] iteration=1181, ncalls=2912, regioncalls=100480, ndraw=40, logz=-11.65, remainder_fraction=93.4004%, Lmin=-7.54, Lmax=-5.16
14:50:27 [ultranest] [DEBUG] iteration=1182, ncalls=2914, regioncalls=100560, ndraw=40, logz=-11.64, remainder_fraction=93.3434%, Lmin=-7.53, Lmax=-5.16
14:50:28 [ultranest] [DEBUG] iteration=1184, ncalls=2918, regioncalls=100720, ndraw=40, logz=-11.63, remainder_fraction=93.2357%, Lmin=-7.52, Lmax=-5.16
14:50:28 [ultranest] [DEBUG] iteration=1185, ncalls=2922, regioncalls=100880, ndraw=40, logz=-11.62, remainder_fraction=93.1751%, Lmin=-7.50, Lmax=-5.16
14:50:28 [ultranest] [DEBUG] iteration=1186, ncalls=2925, regioncalls=101000, ndraw=40, logz=-11.61, remainder_fraction=93.1320%, Lmin=-7.49, Lmax=-5.16
14:50:29 [ultranest] [DEBUG] iteration=1187, ncalls=2936, regioncalls=101440, ndraw=40, logz=-11.60, remainder_fraction=93.0769%, Lmin=-7.49, Lmax=-5.16
14:50:29 [ultranest] [DEBUG] iteration=1189, ncalls=2940, regioncalls=101600, ndraw=40, logz=-11.59, remainder_fraction=93.0017%, Lmin=-7.46, Lmax=-5.16
14:50:29 [ultranest] [DEBUG] iteration=1191, ncalls=2943, regioncalls=101720, ndraw=40, logz=-11.57, remainder_fraction=92.8888%, Lmin=-7.43, Lmax=-5.16
14:50:29 [ultranest] [DEBUG] iteration=1193, ncalls=2945, regioncalls=101800, ndraw=40, logz=-11.56, remainder_fraction=92.7969%, Lmin=-7.39, Lmax=-5.16
14:50:29 [ultranest] [DEBUG] iteration=1194, ncalls=2951, regioncalls=102040, ndraw=40, logz=-11.55, remainder_fraction=92.7297%, Lmin=-7.38, Lmax=-5.16
14:50:29 [ultranest] [DEBUG] iteration=1195, ncalls=2954, regioncalls=102160, ndraw=40, logz=-11.54, remainder_fraction=92.6781%, Lmin=-7.38, Lmax=-5.16
14:50:30 [ultranest] [DEBUG] iteration=1197, ncalls=2957, regioncalls=102280, ndraw=40, logz=-11.52, remainder_fraction=92.5567%, Lmin=-7.35, Lmax=-5.16
14:50:30 [ultranest] [DEBUG] iteration=1199, ncalls=2964, regioncalls=102560, ndraw=40, logz=-11.51, remainder_fraction=92.4417%, Lmin=-7.34, Lmax=-5.16
14:50:30 [ultranest] [DEBUG] iteration=1200, ncalls=2965, regioncalls=102600, ndraw=40, logz=-11.50, remainder_fraction=92.3826%, Lmin=-7.33, Lmax=-5.16
14:50:30 [ultranest] [DEBUG] iteration=1202, ncalls=2968, regioncalls=102720, ndraw=40, logz=-11.48, remainder_fraction=92.2629%, Lmin=-7.32, Lmax=-5.16
14:50:30 [ultranest] [DEBUG] iteration=1203, ncalls=2972, regioncalls=102880, ndraw=40, logz=-11.48, remainder_fraction=92.2159%, Lmin=-7.31, Lmax=-5.16
14:50:30 [ultranest] [DEBUG] iteration=1204, ncalls=2975, regioncalls=103000, ndraw=40, logz=-11.47, remainder_fraction=92.1451%, Lmin=-7.30, Lmax=-5.16
14:50:31 [ultranest] [DEBUG] iteration=1206, ncalls=2977, regioncalls=103080, ndraw=40, logz=-11.45, remainder_fraction=92.0135%, Lmin=-7.30, Lmax=-5.16
14:50:31 [ultranest] [DEBUG] iteration=1208, ncalls=2979, regioncalls=103160, ndraw=40, logz=-11.44, remainder_fraction=91.9037%, Lmin=-7.30, Lmax=-5.16
14:50:31 [ultranest] [DEBUG] iteration=1209, ncalls=2987, regioncalls=103480, ndraw=40, logz=-11.43, remainder_fraction=91.8414%, Lmin=-7.29, Lmax=-5.16
14:50:31 [ultranest] [DEBUG] iteration=1210, ncalls=2990, regioncalls=103600, ndraw=40, logz=-11.42, remainder_fraction=91.7657%, Lmin=-7.29, Lmax=-5.16
14:50:32 [ultranest] [DEBUG] iteration=1211, ncalls=2996, regioncalls=103840, ndraw=40, logz=-11.41, remainder_fraction=91.7234%, Lmin=-7.28, Lmax=-5.16
14:50:32 [ultranest] [DEBUG] iteration=1213, ncalls=3002, regioncalls=104080, ndraw=40, logz=-11.40, remainder_fraction=91.5999%, Lmin=-7.26, Lmax=-5.16
14:50:32 [ultranest] [DEBUG] iteration=1215, ncalls=3007, regioncalls=104280, ndraw=40, logz=-11.38, remainder_fraction=91.4632%, Lmin=-7.24, Lmax=-5.16
14:50:32 [ultranest] [DEBUG] iteration=1217, ncalls=3011, regioncalls=104440, ndraw=40, logz=-11.37, remainder_fraction=91.3384%, Lmin=-7.22, Lmax=-5.16
14:50:32 [ultranest] [DEBUG] iteration=1218, ncalls=3015, regioncalls=104600, ndraw=40, logz=-11.36, remainder_fraction=91.2706%, Lmin=-7.19, Lmax=-5.16
14:50:33 [ultranest] [DEBUG] iteration=1220, ncalls=3017, regioncalls=104680, ndraw=40, logz=-11.35, remainder_fraction=91.1132%, Lmin=-7.18, Lmax=-5.16
14:50:33 [ultranest] [DEBUG] iteration=1223, ncalls=3021, regioncalls=104840, ndraw=40, logz=-11.32, remainder_fraction=90.9158%, Lmin=-7.16, Lmax=-5.16
14:50:33 [ultranest] [DEBUG] iteration=1224, ncalls=3023, regioncalls=104920, ndraw=40, logz=-11.32, remainder_fraction=90.8374%, Lmin=-7.16, Lmax=-5.16
14:50:33 [ultranest] [DEBUG] iteration=1226, ncalls=3027, regioncalls=105080, ndraw=40, logz=-11.30, remainder_fraction=90.6758%, Lmin=-7.16, Lmax=-5.16
14:50:33 [ultranest] [DEBUG] iteration=1228, ncalls=3035, regioncalls=105400, ndraw=40, logz=-11.29, remainder_fraction=90.5170%, Lmin=-7.14, Lmax=-5.16
14:50:34 [ultranest] [DEBUG] iteration=1231, ncalls=3039, regioncalls=105560, ndraw=40, logz=-11.27, remainder_fraction=90.2966%, Lmin=-7.13, Lmax=-5.16
14:50:34 [ultranest] [DEBUG] iteration=1232, ncalls=3042, regioncalls=105680, ndraw=40, logz=-11.26, remainder_fraction=90.2317%, Lmin=-7.13, Lmax=-5.16
14:50:34 [ultranest] [DEBUG] iteration=1234, ncalls=3045, regioncalls=105800, ndraw=40, logz=-11.24, remainder_fraction=90.0949%, Lmin=-7.12, Lmax=-5.16
14:50:34 [ultranest] [DEBUG] iteration=1236, ncalls=3047, regioncalls=105880, ndraw=40, logz=-11.23, remainder_fraction=89.9448%, Lmin=-7.10, Lmax=-5.16
14:50:34 [ultranest] [DEBUG] iteration=1238, ncalls=3051, regioncalls=106040, ndraw=40, logz=-11.22, remainder_fraction=89.7888%, Lmin=-7.09, Lmax=-5.16
14:50:34 [ultranest] [DEBUG] iteration=1239, ncalls=3053, regioncalls=106120, ndraw=40, logz=-11.21, remainder_fraction=89.7219%, Lmin=-7.09, Lmax=-5.16
14:50:34 [ultranest] [DEBUG] iteration=1240, ncalls=3056, regioncalls=106240, ndraw=40, logz=-11.20, remainder_fraction=89.6545%, Lmin=-7.08, Lmax=-5.16
14:50:35 [ultranest] [DEBUG] iteration=1241, ncalls=3063, regioncalls=106520, ndraw=40, logz=-11.20, remainder_fraction=89.5883%, Lmin=-7.08, Lmax=-5.16
14:50:35 [ultranest] [DEBUG] iteration=1242, ncalls=3068, regioncalls=106720, ndraw=40, logz=-11.19, remainder_fraction=89.5310%, Lmin=-7.08, Lmax=-5.16
14:50:35 [ultranest] [DEBUG] iteration=1244, ncalls=3074, regioncalls=106960, ndraw=40, logz=-11.17, remainder_fraction=89.3650%, Lmin=-7.08, Lmax=-5.16
14:50:35 [ultranest] [DEBUG] iteration=1245, ncalls=3076, regioncalls=107040, ndraw=40, logz=-11.17, remainder_fraction=89.2868%, Lmin=-7.07, Lmax=-5.16
14:50:36 [ultranest] [DEBUG] iteration=1247, ncalls=3079, regioncalls=107160, ndraw=40, logz=-11.15, remainder_fraction=89.1748%, Lmin=-7.05, Lmax=-5.16
14:50:36 [ultranest] [DEBUG] iteration=1248, ncalls=3082, regioncalls=107280, ndraw=40, logz=-11.15, remainder_fraction=89.1194%, Lmin=-7.04, Lmax=-5.16
14:50:36 [ultranest] [DEBUG] iteration=1251, ncalls=3085, regioncalls=107400, ndraw=40, logz=-11.13, remainder_fraction=88.8815%, Lmin=-7.03, Lmax=-5.16
14:50:36 [ultranest] [DEBUG] iteration=1252, ncalls=3090, regioncalls=107600, ndraw=40, logz=-11.12, remainder_fraction=88.7930%, Lmin=-7.03, Lmax=-5.16
14:50:36 [ultranest] [DEBUG] iteration=1254, ncalls=3093, regioncalls=107720, ndraw=40, logz=-11.11, remainder_fraction=88.6452%, Lmin=-7.02, Lmax=-5.16
14:50:36 [ultranest] [DEBUG] iteration=1255, ncalls=3096, regioncalls=107840, ndraw=40, logz=-11.10, remainder_fraction=88.5708%, Lmin=-7.02, Lmax=-5.16
14:50:37 [ultranest] [DEBUG] iteration=1256, ncalls=3098, regioncalls=107920, ndraw=40, logz=-11.10, remainder_fraction=88.4804%, Lmin=-7.01, Lmax=-5.16
14:50:37 [ultranest] [DEBUG] iteration=1259, ncalls=3101, regioncalls=108040, ndraw=40, logz=-11.08, remainder_fraction=88.2767%, Lmin=-6.98, Lmax=-5.16
14:50:37 [ultranest] [DEBUG] iteration=1260, ncalls=3105, regioncalls=108200, ndraw=40, logz=-11.07, remainder_fraction=88.2073%, Lmin=-6.97, Lmax=-5.16
14:50:37 [ultranest] [DEBUG] iteration=1261, ncalls=3110, regioncalls=108400, ndraw=40, logz=-11.06, remainder_fraction=88.1158%, Lmin=-6.97, Lmax=-5.16
14:50:37 [ultranest] [DEBUG] iteration=1262, ncalls=3112, regioncalls=108480, ndraw=40, logz=-11.06, remainder_fraction=88.0321%, Lmin=-6.96, Lmax=-5.16
14:50:38 [ultranest] [DEBUG] iteration=1264, ncalls=3115, regioncalls=108600, ndraw=40, logz=-11.04, remainder_fraction=87.8812%, Lmin=-6.95, Lmax=-5.16
14:50:38 [ultranest] [DEBUG] iteration=1267, ncalls=3118, regioncalls=108720, ndraw=40, logz=-11.03, remainder_fraction=87.6164%, Lmin=-6.94, Lmax=-5.16
14:50:38 [ultranest] [DEBUG] iteration=1269, ncalls=3121, regioncalls=108840, ndraw=40, logz=-11.01, remainder_fraction=87.5004%, Lmin=-6.94, Lmax=-5.16
14:50:38 [ultranest] [DEBUG] iteration=1271, ncalls=3128, regioncalls=109120, ndraw=40, logz=-11.00, remainder_fraction=87.3593%, Lmin=-6.93, Lmax=-5.16
14:50:38 [ultranest] [DEBUG] iteration=1272, ncalls=3130, regioncalls=109200, ndraw=40, logz=-11.00, remainder_fraction=87.2672%, Lmin=-6.93, Lmax=-5.16
14:50:38 [ultranest] [DEBUG] iteration=1273, ncalls=3135, regioncalls=109400, ndraw=40, logz=-10.99, remainder_fraction=87.1901%, Lmin=-6.92, Lmax=-5.16
14:50:39 [ultranest] [DEBUG] iteration=1274, ncalls=3144, regioncalls=109760, ndraw=40, logz=-10.98, remainder_fraction=87.1013%, Lmin=-6.92, Lmax=-5.16
14:50:39 [ultranest] [DEBUG] iteration=1275, ncalls=3146, regioncalls=109840, ndraw=40, logz=-10.98, remainder_fraction=87.0519%, Lmin=-6.90, Lmax=-5.16
14:50:39 [ultranest] [DEBUG] iteration=1276, ncalls=3149, regioncalls=109960, ndraw=40, logz=-10.97, remainder_fraction=86.9777%, Lmin=-6.90, Lmax=-5.16
14:50:39 [ultranest] [DEBUG] iteration=1278, ncalls=3155, regioncalls=110200, ndraw=40, logz=-10.96, remainder_fraction=86.7889%, Lmin=-6.89, Lmax=-5.16
14:50:40 [ultranest] [DEBUG] iteration=1280, ncalls=3157, regioncalls=110280, ndraw=40, logz=-10.95, remainder_fraction=86.6533%, Lmin=-6.89, Lmax=-5.16
14:50:40 [ultranest] [DEBUG] iteration=1281, ncalls=3159, regioncalls=110360, ndraw=40, logz=-10.94, remainder_fraction=86.5726%, Lmin=-6.88, Lmax=-5.16
14:50:40 [ultranest] [DEBUG] iteration=1282, ncalls=3162, regioncalls=110480, ndraw=40, logz=-10.94, remainder_fraction=86.5075%, Lmin=-6.88, Lmax=-5.16
14:50:40 [ultranest] [DEBUG] iteration=1283, ncalls=3164, regioncalls=110560, ndraw=40, logz=-10.93, remainder_fraction=86.4266%, Lmin=-6.87, Lmax=-5.16
14:50:40 [ultranest] [DEBUG] iteration=1285, ncalls=3170, regioncalls=110800, ndraw=40, logz=-10.92, remainder_fraction=86.2714%, Lmin=-6.87, Lmax=-5.16
14:50:41 [ultranest] [DEBUG] iteration=1286, ncalls=3175, regioncalls=111000, ndraw=40, logz=-10.91, remainder_fraction=86.2074%, Lmin=-6.86, Lmax=-5.16
14:50:41 [ultranest] [DEBUG] iteration=1287, ncalls=3178, regioncalls=111120, ndraw=40, logz=-10.91, remainder_fraction=86.1465%, Lmin=-6.86, Lmax=-5.16
14:50:41 [ultranest] [DEBUG] iteration=1288, ncalls=3182, regioncalls=111280, ndraw=40, logz=-10.90, remainder_fraction=86.0799%, Lmin=-6.86, Lmax=-5.16
14:50:41 [ultranest] [DEBUG] iteration=1290, ncalls=3185, regioncalls=111400, ndraw=40, logz=-10.89, remainder_fraction=85.9235%, Lmin=-6.86, Lmax=-5.16
14:50:41 [ultranest] [DEBUG] iteration=1292, ncalls=3188, regioncalls=111520, ndraw=40, logz=-10.88, remainder_fraction=85.7837%, Lmin=-6.85, Lmax=-5.16
14:50:41 [ultranest] [DEBUG] iteration=1294, ncalls=3193, regioncalls=111720, ndraw=40, logz=-10.87, remainder_fraction=85.6795%, Lmin=-6.83, Lmax=-5.16
14:50:42 [ultranest] [DEBUG] iteration=1296, ncalls=3196, regioncalls=111840, ndraw=40, logz=-10.86, remainder_fraction=85.4968%, Lmin=-6.83, Lmax=-5.16
14:50:42 [ultranest] [DEBUG] iteration=1297, ncalls=3200, regioncalls=112000, ndraw=40, logz=-10.85, remainder_fraction=85.4066%, Lmin=-6.82, Lmax=-5.16
14:50:42 [ultranest] [DEBUG] iteration=1299, ncalls=3202, regioncalls=112080, ndraw=40, logz=-10.84, remainder_fraction=85.2225%, Lmin=-6.80, Lmax=-5.15
14:50:42 [ultranest] [DEBUG] iteration=1301, ncalls=3206, regioncalls=112240, ndraw=40, logz=-10.83, remainder_fraction=85.1039%, Lmin=-6.79, Lmax=-5.15
14:50:42 [ultranest] [DEBUG] iteration=1302, ncalls=3209, regioncalls=112360, ndraw=40, logz=-10.82, remainder_fraction=85.0342%, Lmin=-6.79, Lmax=-5.15
14:50:43 [ultranest] [DEBUG] iteration=1303, ncalls=3218, regioncalls=112720, ndraw=40, logz=-10.82, remainder_fraction=84.9374%, Lmin=-6.78, Lmax=-5.15
14:50:43 [ultranest] [DEBUG] iteration=1305, ncalls=3221, regioncalls=112840, ndraw=40, logz=-10.81, remainder_fraction=84.7521%, Lmin=-6.78, Lmax=-5.15
14:50:43 [ultranest] [DEBUG] iteration=1307, ncalls=3223, regioncalls=112920, ndraw=40, logz=-10.80, remainder_fraction=84.5554%, Lmin=-6.77, Lmax=-5.15
14:50:44 [ultranest] [DEBUG] iteration=1309, ncalls=3237, regioncalls=113480, ndraw=40, logz=-10.79, remainder_fraction=84.4227%, Lmin=-6.75, Lmax=-5.15
14:50:44 [ultranest] [DEBUG] iteration=1310, ncalls=3241, regioncalls=113640, ndraw=40, logz=-10.78, remainder_fraction=84.3494%, Lmin=-6.74, Lmax=-5.15
14:50:44 [ultranest] [DEBUG] iteration=1312, ncalls=3246, regioncalls=113840, ndraw=40, logz=-10.77, remainder_fraction=84.1818%, Lmin=-6.73, Lmax=-5.15
14:50:44 [ultranest] [DEBUG] iteration=1313, ncalls=3250, regioncalls=114000, ndraw=40, logz=-10.76, remainder_fraction=84.1282%, Lmin=-6.73, Lmax=-5.15
14:50:44 [ultranest] [DEBUG] iteration=1314, ncalls=3253, regioncalls=114120, ndraw=40, logz=-10.76, remainder_fraction=84.0556%, Lmin=-6.72, Lmax=-5.15
14:50:45 [ultranest] [DEBUG] iteration=1315, ncalls=3255, regioncalls=114200, ndraw=40, logz=-10.75, remainder_fraction=83.9759%, Lmin=-6.72, Lmax=-5.15
14:50:45 [ultranest] [DEBUG] iteration=1317, ncalls=3260, regioncalls=114400, ndraw=40, logz=-10.74, remainder_fraction=83.7948%, Lmin=-6.72, Lmax=-5.15
14:50:45 [ultranest] [DEBUG] iteration=1320, ncalls=3276, regioncalls=115040, ndraw=40, logz=-10.73, remainder_fraction=83.5702%, Lmin=-6.70, Lmax=-5.15
14:50:46 [ultranest] [DEBUG] iteration=1322, ncalls=3281, regioncalls=115240, ndraw=40, logz=-10.72, remainder_fraction=83.4170%, Lmin=-6.69, Lmax=-5.15
14:50:46 [ultranest] [DEBUG] iteration=1324, ncalls=3284, regioncalls=115360, ndraw=40, logz=-10.71, remainder_fraction=83.2241%, Lmin=-6.69, Lmax=-5.15
14:50:46 [ultranest] [DEBUG] iteration=1326, ncalls=3287, regioncalls=115480, ndraw=40, logz=-10.70, remainder_fraction=83.0418%, Lmin=-6.69, Lmax=-5.15
14:50:46 [ultranest] [DEBUG] iteration=1327, ncalls=3292, regioncalls=115680, ndraw=40, logz=-10.69, remainder_fraction=82.9469%, Lmin=-6.69, Lmax=-5.15
14:50:46 [ultranest] [DEBUG] iteration=1328, ncalls=3295, regioncalls=115800, ndraw=40, logz=-10.69, remainder_fraction=82.8641%, Lmin=-6.69, Lmax=-5.15
14:50:47 [ultranest] [DEBUG] iteration=1330, ncalls=3301, regioncalls=116040, ndraw=40, logz=-10.68, remainder_fraction=82.7098%, Lmin=-6.68, Lmax=-5.15
14:50:47 [ultranest] [DEBUG] iteration=1331, ncalls=3304, regioncalls=116160, ndraw=40, logz=-10.67, remainder_fraction=82.6151%, Lmin=-6.67, Lmax=-5.15
14:50:47 [ultranest] [DEBUG] iteration=1333, ncalls=3307, regioncalls=116280, ndraw=40, logz=-10.66, remainder_fraction=82.4241%, Lmin=-6.66, Lmax=-5.15
14:50:47 [ultranest] [DEBUG] iteration=1334, ncalls=3313, regioncalls=116520, ndraw=40, logz=-10.66, remainder_fraction=82.3661%, Lmin=-6.66, Lmax=-5.15
14:50:48 [ultranest] [DEBUG] iteration=1335, ncalls=3319, regioncalls=116760, ndraw=40, logz=-10.65, remainder_fraction=82.3007%, Lmin=-6.66, Lmax=-5.15
14:50:48 [ultranest] [DEBUG] iteration=1337, ncalls=3321, regioncalls=116840, ndraw=40, logz=-10.64, remainder_fraction=82.1622%, Lmin=-6.64, Lmax=-5.15
14:50:48 [ultranest] [DEBUG] iteration=1338, ncalls=3324, regioncalls=116960, ndraw=40, logz=-10.64, remainder_fraction=82.0752%, Lmin=-6.63, Lmax=-5.15
14:50:48 [ultranest] [DEBUG] iteration=1340, ncalls=3329, regioncalls=117160, ndraw=40, logz=-10.63, remainder_fraction=81.8906%, Lmin=-6.61, Lmax=-5.15
14:50:48 [ultranest] [DEBUG] iteration=1341, ncalls=3334, regioncalls=117360, ndraw=40, logz=-10.62, remainder_fraction=81.7835%, Lmin=-6.61, Lmax=-5.15
14:50:48 [ultranest] [DEBUG] iteration=1342, ncalls=3336, regioncalls=117440, ndraw=40, logz=-10.62, remainder_fraction=81.7230%, Lmin=-6.61, Lmax=-5.15
14:50:49 [ultranest] [DEBUG] iteration=1344, ncalls=3344, regioncalls=117760, ndraw=40, logz=-10.61, remainder_fraction=81.5196%, Lmin=-6.60, Lmax=-5.15
14:50:49 [ultranest] [DEBUG] iteration=1345, ncalls=3349, regioncalls=117960, ndraw=40, logz=-10.60, remainder_fraction=81.4149%, Lmin=-6.60, Lmax=-5.15
14:50:49 [ultranest] [DEBUG] iteration=1346, ncalls=3352, regioncalls=118080, ndraw=40, logz=-10.60, remainder_fraction=81.3322%, Lmin=-6.58, Lmax=-5.15
14:50:49 [ultranest] [DEBUG] iteration=1348, ncalls=3357, regioncalls=118280, ndraw=40, logz=-10.59, remainder_fraction=81.1429%, Lmin=-6.56, Lmax=-5.15
14:50:50 [ultranest] [DEBUG] iteration=1350, ncalls=3363, regioncalls=118520, ndraw=40, logz=-10.58, remainder_fraction=80.9516%, Lmin=-6.55, Lmax=-5.15
14:50:50 [ultranest] [DEBUG] iteration=1352, ncalls=3366, regioncalls=118640, ndraw=40, logz=-10.57, remainder_fraction=80.7820%, Lmin=-6.54, Lmax=-5.15
14:50:50 [ultranest] [DEBUG] iteration=1353, ncalls=3370, regioncalls=118800, ndraw=40, logz=-10.57, remainder_fraction=80.7164%, Lmin=-6.54, Lmax=-5.15
14:50:50 [ultranest] [DEBUG] iteration=1355, ncalls=3373, regioncalls=119000, ndraw=40, logz=-10.56, remainder_fraction=80.5485%, Lmin=-6.53, Lmax=-5.15
14:50:51 [ultranest] [DEBUG] iteration=1356, ncalls=3376, regioncalls=119120, ndraw=40, logz=-10.55, remainder_fraction=80.4375%, Lmin=-6.53, Lmax=-5.15
14:50:51 [ultranest] [DEBUG] iteration=1357, ncalls=3380, regioncalls=119280, ndraw=40, logz=-10.55, remainder_fraction=80.3371%, Lmin=-6.52, Lmax=-5.15
14:50:51 [ultranest] [DEBUG] iteration=1359, ncalls=3385, regioncalls=119480, ndraw=40, logz=-10.54, remainder_fraction=80.1468%, Lmin=-6.52, Lmax=-5.15
14:50:51 [ultranest] [DEBUG] iteration=1360, ncalls=3386, regioncalls=119520, ndraw=40, logz=-10.53, remainder_fraction=80.0370%, Lmin=-6.51, Lmax=-5.15
14:50:51 [ultranest] [DEBUG] iteration=1361, ncalls=3391, regioncalls=119800, ndraw=40, logz=-10.53, remainder_fraction=79.9293%, Lmin=-6.51, Lmax=-5.15
14:50:51 [ultranest] [DEBUG] iteration=1363, ncalls=3394, regioncalls=119920, ndraw=40, logz=-10.52, remainder_fraction=79.7632%, Lmin=-6.51, Lmax=-5.15
14:50:51 [ultranest] [DEBUG] iteration=1364, ncalls=3396, regioncalls=120000, ndraw=40, logz=-10.52, remainder_fraction=79.6565%, Lmin=-6.51, Lmax=-5.15
14:50:52 [ultranest] [DEBUG] iteration=1366, ncalls=3403, regioncalls=120320, ndraw=40, logz=-10.51, remainder_fraction=79.4786%, Lmin=-6.50, Lmax=-5.15
14:50:52 [ultranest] [DEBUG] iteration=1367, ncalls=3406, regioncalls=120440, ndraw=40, logz=-10.50, remainder_fraction=79.3754%, Lmin=-6.50, Lmax=-5.15
14:50:52 [ultranest] [DEBUG] iteration=1369, ncalls=3408, regioncalls=120520, ndraw=40, logz=-10.49, remainder_fraction=79.2169%, Lmin=-6.50, Lmax=-5.15
14:50:52 [ultranest] [DEBUG] iteration=1371, ncalls=3411, regioncalls=120640, ndraw=40, logz=-10.48, remainder_fraction=79.0384%, Lmin=-6.49, Lmax=-5.15
14:50:52 [ultranest] [DEBUG] iteration=1373, ncalls=3413, regioncalls=120720, ndraw=40, logz=-10.48, remainder_fraction=78.8366%, Lmin=-6.48, Lmax=-5.15
14:50:53 [ultranest] [DEBUG] iteration=1375, ncalls=3420, regioncalls=121000, ndraw=40, logz=-10.47, remainder_fraction=78.6590%, Lmin=-6.47, Lmax=-5.15
14:50:53 [ultranest] [DEBUG] iteration=1378, ncalls=3427, regioncalls=121280, ndraw=40, logz=-10.45, remainder_fraction=78.3722%, Lmin=-6.46, Lmax=-5.15
14:50:53 [ultranest] [DEBUG] iteration=1380, ncalls=3429, regioncalls=121360, ndraw=40, logz=-10.44, remainder_fraction=78.1670%, Lmin=-6.44, Lmax=-5.15
14:50:53 [ultranest] [DEBUG] iteration=1382, ncalls=3431, regioncalls=121440, ndraw=40, logz=-10.44, remainder_fraction=77.9657%, Lmin=-6.44, Lmax=-5.15
14:50:53 [ultranest] [DEBUG] iteration=1383, ncalls=3433, regioncalls=121520, ndraw=40, logz=-10.43, remainder_fraction=77.8527%, Lmin=-6.43, Lmax=-5.15
14:50:53 [ultranest] [DEBUG] iteration=1384, ncalls=3436, regioncalls=121640, ndraw=40, logz=-10.43, remainder_fraction=77.7441%, Lmin=-6.43, Lmax=-5.15
14:50:54 [ultranest] [DEBUG] iteration=1385, ncalls=3438, regioncalls=121720, ndraw=40, logz=-10.42, remainder_fraction=77.6343%, Lmin=-6.42, Lmax=-5.15
14:50:54 [ultranest] [DEBUG] iteration=1386, ncalls=3443, regioncalls=121920, ndraw=40, logz=-10.42, remainder_fraction=77.5643%, Lmin=-6.42, Lmax=-5.15
14:50:54 [ultranest] [DEBUG] iteration=1387, ncalls=3447, regioncalls=122080, ndraw=40, logz=-10.41, remainder_fraction=77.4532%, Lmin=-6.42, Lmax=-5.15
14:50:54 [ultranest] [DEBUG] iteration=1388, ncalls=3451, regioncalls=122240, ndraw=40, logz=-10.41, remainder_fraction=77.3404%, Lmin=-6.42, Lmax=-5.15
14:50:54 [ultranest] [DEBUG] iteration=1390, ncalls=3456, regioncalls=122440, ndraw=40, logz=-10.40, remainder_fraction=77.1164%, Lmin=-6.41, Lmax=-5.15
14:50:55 [ultranest] [DEBUG] iteration=1391, ncalls=3460, regioncalls=122600, ndraw=40, logz=-10.40, remainder_fraction=77.0094%, Lmin=-6.41, Lmax=-5.15
14:50:55 [ultranest] [DEBUG] iteration=1392, ncalls=3463, regioncalls=122720, ndraw=40, logz=-10.39, remainder_fraction=76.9404%, Lmin=-6.41, Lmax=-5.15
14:50:55 [ultranest] [DEBUG] iteration=1393, ncalls=3469, regioncalls=122960, ndraw=40, logz=-10.39, remainder_fraction=76.8416%, Lmin=-6.41, Lmax=-5.15
14:50:55 [ultranest] [DEBUG] iteration=1395, ncalls=3472, regioncalls=123080, ndraw=40, logz=-10.38, remainder_fraction=76.6544%, Lmin=-6.40, Lmax=-5.15
14:50:55 [ultranest] [DEBUG] iteration=1396, ncalls=3474, regioncalls=123160, ndraw=40, logz=-10.38, remainder_fraction=76.5417%, Lmin=-6.40, Lmax=-5.15
14:50:56 [ultranest] [DEBUG] iteration=1397, ncalls=3479, regioncalls=123360, ndraw=40, logz=-10.37, remainder_fraction=76.4524%, Lmin=-6.40, Lmax=-5.15
14:50:56 [ultranest] [DEBUG] iteration=1398, ncalls=3482, regioncalls=123480, ndraw=40, logz=-10.37, remainder_fraction=76.3683%, Lmin=-6.40, Lmax=-5.15
14:50:56 [ultranest] [DEBUG] iteration=1399, ncalls=3485, regioncalls=123600, ndraw=40, logz=-10.37, remainder_fraction=76.3027%, Lmin=-6.40, Lmax=-5.15
14:50:56 [ultranest] [DEBUG] iteration=1400, ncalls=3486, regioncalls=123640, ndraw=40, logz=-10.36, remainder_fraction=76.2085%, Lmin=-6.40, Lmax=-5.15
14:50:56 [ultranest] [DEBUG] iteration=1403, ncalls=3491, regioncalls=123840, ndraw=40, logz=-10.35, remainder_fraction=75.8823%, Lmin=-6.38, Lmax=-5.15
14:50:56 [ultranest] [DEBUG] iteration=1404, ncalls=3494, regioncalls=123960, ndraw=40, logz=-10.35, remainder_fraction=75.7687%, Lmin=-6.37, Lmax=-5.15
14:50:57 [ultranest] [DEBUG] iteration=1405, ncalls=3498, regioncalls=124120, ndraw=40, logz=-10.34, remainder_fraction=75.6689%, Lmin=-6.37, Lmax=-5.15
14:50:57 [ultranest] [DEBUG] iteration=1407, ncalls=3507, regioncalls=124480, ndraw=40, logz=-10.33, remainder_fraction=75.4585%, Lmin=-6.36, Lmax=-5.15
14:50:57 [ultranest] [DEBUG] iteration=1408, ncalls=3510, regioncalls=124600, ndraw=40, logz=-10.33, remainder_fraction=75.3820%, Lmin=-6.35, Lmax=-5.15
14:50:57 [ultranest] [DEBUG] iteration=1410, ncalls=3512, regioncalls=124680, ndraw=40, logz=-10.32, remainder_fraction=75.1913%, Lmin=-6.35, Lmax=-5.15
14:50:58 [ultranest] [DEBUG] iteration=1412, ncalls=3518, regioncalls=124920, ndraw=40, logz=-10.31, remainder_fraction=75.0057%, Lmin=-6.35, Lmax=-5.15
14:50:58 [ultranest] [DEBUG] iteration=1414, ncalls=3522, regioncalls=125080, ndraw=40, logz=-10.31, remainder_fraction=74.7902%, Lmin=-6.34, Lmax=-5.15
14:50:58 [ultranest] [DEBUG] iteration=1416, ncalls=3527, regioncalls=125280, ndraw=40, logz=-10.30, remainder_fraction=74.5719%, Lmin=-6.34, Lmax=-5.15
14:50:58 [ultranest] [DEBUG] iteration=1417, ncalls=3530, regioncalls=125400, ndraw=40, logz=-10.30, remainder_fraction=74.4737%, Lmin=-6.34, Lmax=-5.15
14:50:59 [ultranest] [DEBUG] iteration=1418, ncalls=3536, regioncalls=125640, ndraw=40, logz=-10.29, remainder_fraction=74.3628%, Lmin=-6.33, Lmax=-5.15
14:50:59 [ultranest] [DEBUG] iteration=1419, ncalls=3538, regioncalls=125720, ndraw=40, logz=-10.29, remainder_fraction=74.2510%, Lmin=-6.33, Lmax=-5.15
14:50:59 [ultranest] [DEBUG] iteration=1420, ncalls=3544, regioncalls=125960, ndraw=40, logz=-10.28, remainder_fraction=74.1743%, Lmin=-6.33, Lmax=-5.15
14:50:59 [ultranest] [DEBUG] iteration=1422, ncalls=3548, regioncalls=126120, ndraw=40, logz=-10.28, remainder_fraction=73.9836%, Lmin=-6.32, Lmax=-5.15
14:50:59 [ultranest] [DEBUG] iteration=1423, ncalls=3550, regioncalls=126200, ndraw=40, logz=-10.27, remainder_fraction=73.8658%, Lmin=-6.31, Lmax=-5.15
14:50:59 [ultranest] [DEBUG] iteration=1424, ncalls=3553, regioncalls=126320, ndraw=40, logz=-10.27, remainder_fraction=73.7683%, Lmin=-6.31, Lmax=-5.15
14:51:00 [ultranest] [DEBUG] iteration=1427, ncalls=3559, regioncalls=126560, ndraw=40, logz=-10.26, remainder_fraction=73.4797%, Lmin=-6.31, Lmax=-5.15
14:51:00 [ultranest] [DEBUG] iteration=1428, ncalls=3566, regioncalls=126840, ndraw=40, logz=-10.25, remainder_fraction=73.3793%, Lmin=-6.30, Lmax=-5.15
14:51:00 [ultranest] [DEBUG] iteration=1430, ncalls=3571, regioncalls=127040, ndraw=40, logz=-10.25, remainder_fraction=73.1677%, Lmin=-6.29, Lmax=-5.15
14:51:00 [ultranest] [DEBUG] iteration=1432, ncalls=3574, regioncalls=127160, ndraw=40, logz=-10.24, remainder_fraction=72.9743%, Lmin=-6.28, Lmax=-5.15
14:51:00 [ultranest] [DEBUG] iteration=1433, ncalls=3576, regioncalls=127240, ndraw=40, logz=-10.24, remainder_fraction=72.8637%, Lmin=-6.28, Lmax=-5.15
14:51:01 [ultranest] [DEBUG] iteration=1434, ncalls=3584, regioncalls=127560, ndraw=40, logz=-10.23, remainder_fraction=72.7590%, Lmin=-6.27, Lmax=-5.15
14:51:01 [ultranest] [DEBUG] iteration=1436, ncalls=3586, regioncalls=127640, ndraw=40, logz=-10.22, remainder_fraction=72.5526%, Lmin=-6.27, Lmax=-5.15
14:51:01 [ultranest] [DEBUG] iteration=1437, ncalls=3594, regioncalls=127960, ndraw=40, logz=-10.22, remainder_fraction=72.4631%, Lmin=-6.27, Lmax=-5.15
14:51:02 [ultranest] [DEBUG] iteration=1440, ncalls=3598, regioncalls=128200, ndraw=40, logz=-10.21, remainder_fraction=72.2248%, Lmin=-6.26, Lmax=-5.15
14:51:02 [ultranest] [DEBUG] iteration=1441, ncalls=3601, regioncalls=128320, ndraw=40, logz=-10.21, remainder_fraction=72.1039%, Lmin=-6.26, Lmax=-5.15
14:51:02 [ultranest] [DEBUG] iteration=1442, ncalls=3605, regioncalls=128480, ndraw=40, logz=-10.20, remainder_fraction=71.9912%, Lmin=-6.26, Lmax=-5.15
14:51:02 [ultranest] [DEBUG] iteration=1443, ncalls=3607, regioncalls=128560, ndraw=40, logz=-10.20, remainder_fraction=71.9015%, Lmin=-6.26, Lmax=-5.15
14:51:02 [ultranest] [DEBUG] iteration=1445, ncalls=3611, regioncalls=128720, ndraw=40, logz=-10.19, remainder_fraction=71.6682%, Lmin=-6.26, Lmax=-5.15
14:51:03 [ultranest] [DEBUG] iteration=1447, ncalls=3615, regioncalls=128880, ndraw=40, logz=-10.19, remainder_fraction=71.4542%, Lmin=-6.25, Lmax=-5.15
14:51:03 [ultranest] [DEBUG] iteration=1448, ncalls=3619, regioncalls=129040, ndraw=40, logz=-10.18, remainder_fraction=71.3400%, Lmin=-6.25, Lmax=-5.15
14:51:03 [ultranest] [DEBUG] iteration=1450, ncalls=3622, regioncalls=129160, ndraw=40, logz=-10.18, remainder_fraction=71.1121%, Lmin=-6.24, Lmax=-5.15
14:51:03 [ultranest] [DEBUG] iteration=1451, ncalls=3625, regioncalls=129280, ndraw=40, logz=-10.17, remainder_fraction=71.0341%, Lmin=-6.23, Lmax=-5.15
14:51:03 [ultranest] [DEBUG] iteration=1454, ncalls=3628, regioncalls=129400, ndraw=40, logz=-10.16, remainder_fraction=70.7836%, Lmin=-6.23, Lmax=-5.15
14:51:03 [ultranest] [DEBUG] iteration=1457, ncalls=3631, regioncalls=129520, ndraw=40, logz=-10.15, remainder_fraction=70.4646%, Lmin=-6.22, Lmax=-5.15
14:51:03 [ultranest] [DEBUG] iteration=1458, ncalls=3633, regioncalls=129600, ndraw=40, logz=-10.15, remainder_fraction=70.3898%, Lmin=-6.22, Lmax=-5.15
14:51:04 [ultranest] [DEBUG] iteration=1460, ncalls=3636, regioncalls=129720, ndraw=40, logz=-10.14, remainder_fraction=70.1804%, Lmin=-6.21, Lmax=-5.15
14:51:04 [ultranest] [DEBUG] iteration=1462, ncalls=3640, regioncalls=129880, ndraw=40, logz=-10.14, remainder_fraction=69.9886%, Lmin=-6.20, Lmax=-5.15
14:51:04 [ultranest] [DEBUG] iteration=1463, ncalls=3643, regioncalls=130000, ndraw=40, logz=-10.13, remainder_fraction=69.8728%, Lmin=-6.20, Lmax=-5.15
14:51:04 [ultranest] [DEBUG] iteration=1464, ncalls=3647, regioncalls=130160, ndraw=40, logz=-10.13, remainder_fraction=69.7923%, Lmin=-6.20, Lmax=-5.15
14:51:04 [ultranest] [DEBUG] iteration=1466, ncalls=3653, regioncalls=130560, ndraw=40, logz=-10.12, remainder_fraction=69.5993%, Lmin=-6.20, Lmax=-5.15
14:51:05 [ultranest] [DEBUG] iteration=1467, ncalls=3655, regioncalls=130640, ndraw=40, logz=-10.12, remainder_fraction=69.5202%, Lmin=-6.20, Lmax=-5.15
14:51:05 [ultranest] [DEBUG] iteration=1468, ncalls=3659, regioncalls=130800, ndraw=40, logz=-10.12, remainder_fraction=69.4431%, Lmin=-6.19, Lmax=-5.15
14:51:05 [ultranest] [DEBUG] iteration=1470, ncalls=3665, regioncalls=131040, ndraw=40, logz=-10.11, remainder_fraction=69.2177%, Lmin=-6.18, Lmax=-5.15
14:51:05 [ultranest] [DEBUG] iteration=1472, ncalls=3670, regioncalls=131240, ndraw=40, logz=-10.10, remainder_fraction=69.0001%, Lmin=-6.18, Lmax=-5.15
14:51:05 [ultranest] [DEBUG] iteration=1473, ncalls=3673, regioncalls=131360, ndraw=40, logz=-10.10, remainder_fraction=68.9227%, Lmin=-6.18, Lmax=-5.15
14:51:06 [ultranest] [DEBUG] iteration=1475, ncalls=3677, regioncalls=131520, ndraw=40, logz=-10.09, remainder_fraction=68.7849%, Lmin=-6.18, Lmax=-5.15
14:51:06 [ultranest] [DEBUG] iteration=1476, ncalls=3680, regioncalls=131640, ndraw=40, logz=-10.09, remainder_fraction=68.6894%, Lmin=-6.17, Lmax=-5.15
14:51:06 [ultranest] [DEBUG] iteration=1478, ncalls=3684, regioncalls=131800, ndraw=40, logz=-10.08, remainder_fraction=68.5318%, Lmin=-6.16, Lmax=-5.15
14:51:06 [ultranest] [DEBUG] iteration=1480, ncalls=3687, regioncalls=131920, ndraw=40, logz=-10.08, remainder_fraction=68.3579%, Lmin=-6.15, Lmax=-5.15
14:51:06 [ultranest] [DEBUG] iteration=1481, ncalls=3691, regioncalls=132080, ndraw=40, logz=-10.08, remainder_fraction=68.2619%, Lmin=-6.15, Lmax=-5.15
14:51:07 [ultranest] [DEBUG] iteration=1482, ncalls=3696, regioncalls=132280, ndraw=40, logz=-10.07, remainder_fraction=68.1506%, Lmin=-6.14, Lmax=-5.15
14:51:07 [ultranest] [DEBUG] iteration=1485, ncalls=3703, regioncalls=132560, ndraw=40, logz=-10.06, remainder_fraction=67.8621%, Lmin=-6.13, Lmax=-5.15
14:51:07 [ultranest] [DEBUG] iteration=1487, ncalls=3706, regioncalls=132680, ndraw=40, logz=-10.06, remainder_fraction=67.6398%, Lmin=-6.13, Lmax=-5.15
14:51:07 [ultranest] [DEBUG] iteration=1489, ncalls=3710, regioncalls=132840, ndraw=40, logz=-10.05, remainder_fraction=67.4154%, Lmin=-6.12, Lmax=-5.15
14:51:07 [ultranest] [DEBUG] iteration=1492, ncalls=3714, regioncalls=133000, ndraw=40, logz=-10.04, remainder_fraction=67.1131%, Lmin=-6.11, Lmax=-5.15
14:51:08 [ultranest] [DEBUG] iteration=1494, ncalls=3723, regioncalls=133360, ndraw=40, logz=-10.04, remainder_fraction=66.9120%, Lmin=-6.11, Lmax=-5.15
14:51:08 [ultranest] [DEBUG] iteration=1496, ncalls=3730, regioncalls=133640, ndraw=40, logz=-10.03, remainder_fraction=66.6996%, Lmin=-6.11, Lmax=-5.15
14:51:08 [ultranest] [DEBUG] iteration=1498, ncalls=3732, regioncalls=133720, ndraw=40, logz=-10.02, remainder_fraction=66.4983%, Lmin=-6.10, Lmax=-5.15
14:51:09 [ultranest] [DEBUG] iteration=1500, ncalls=3737, regioncalls=133920, ndraw=40, logz=-10.02, remainder_fraction=66.3066%, Lmin=-6.09, Lmax=-5.15
14:51:09 [ultranest] [DEBUG] iteration=1502, ncalls=3741, regioncalls=134080, ndraw=40, logz=-10.01, remainder_fraction=66.0812%, Lmin=-6.09, Lmax=-5.15
14:51:09 [ultranest] [DEBUG] iteration=1503, ncalls=3743, regioncalls=134160, ndraw=40, logz=-10.01, remainder_fraction=66.0100%, Lmin=-6.09, Lmax=-5.15
14:51:09 [ultranest] [DEBUG] iteration=1504, ncalls=3745, regioncalls=134240, ndraw=40, logz=-10.01, remainder_fraction=65.9283%, Lmin=-6.09, Lmax=-5.15
14:51:09 [ultranest] [DEBUG] iteration=1505, ncalls=3749, regioncalls=134400, ndraw=40, logz=-10.00, remainder_fraction=65.8094%, Lmin=-6.08, Lmax=-5.15
14:51:09 [ultranest] [DEBUG] iteration=1506, ncalls=3752, regioncalls=134520, ndraw=40, logz=-10.00, remainder_fraction=65.6917%, Lmin=-6.08, Lmax=-5.15
14:51:09 [ultranest] [DEBUG] iteration=1507, ncalls=3755, regioncalls=134640, ndraw=40, logz=-10.00, remainder_fraction=65.5888%, Lmin=-6.08, Lmax=-5.15
14:51:10 [ultranest] [DEBUG] iteration=1508, ncalls=3762, regioncalls=134920, ndraw=40, logz=-9.99, remainder_fraction=65.4855%, Lmin=-6.08, Lmax=-5.15
14:51:10 [ultranest] [DEBUG] iteration=1510, ncalls=3765, regioncalls=135040, ndraw=40, logz=-9.99, remainder_fraction=65.2875%, Lmin=-6.07, Lmax=-5.15
14:51:10 [ultranest] [DEBUG] iteration=1511, ncalls=3776, regioncalls=135480, ndraw=40, logz=-9.98, remainder_fraction=65.1677%, Lmin=-6.07, Lmax=-5.15
14:51:11 [ultranest] [DEBUG] iteration=1512, ncalls=3779, regioncalls=135600, ndraw=40, logz=-9.98, remainder_fraction=65.0946%, Lmin=-6.06, Lmax=-5.15
14:51:11 [ultranest] [DEBUG] iteration=1514, ncalls=3782, regioncalls=135720, ndraw=40, logz=-9.98, remainder_fraction=64.9098%, Lmin=-6.05, Lmax=-5.14
14:51:11 [ultranest] [DEBUG] iteration=1517, ncalls=3790, regioncalls=136040, ndraw=40, logz=-9.97, remainder_fraction=64.6322%, Lmin=-6.05, Lmax=-5.14
14:51:11 [ultranest] [DEBUG] iteration=1518, ncalls=3793, regioncalls=136160, ndraw=40, logz=-9.96, remainder_fraction=64.5442%, Lmin=-6.05, Lmax=-5.14
14:51:12 [ultranest] [DEBUG] iteration=1520, ncalls=3799, regioncalls=136400, ndraw=40, logz=-9.96, remainder_fraction=64.3136%, Lmin=-6.04, Lmax=-5.14
14:51:12 [ultranest] [DEBUG] iteration=1522, ncalls=3803, regioncalls=136560, ndraw=40, logz=-9.95, remainder_fraction=64.1124%, Lmin=-6.04, Lmax=-5.14
14:51:12 [ultranest] [DEBUG] iteration=1525, ncalls=3811, regioncalls=136880, ndraw=40, logz=-9.95, remainder_fraction=63.8463%, Lmin=-6.03, Lmax=-5.14
14:51:12 [ultranest] [DEBUG] iteration=1528, ncalls=3815, regioncalls=137040, ndraw=40, logz=-9.94, remainder_fraction=63.4932%, Lmin=-6.02, Lmax=-5.14
14:51:13 [ultranest] [DEBUG] iteration=1530, ncalls=3818, regioncalls=137160, ndraw=40, logz=-9.93, remainder_fraction=63.2985%, Lmin=-6.02, Lmax=-5.14
14:51:13 [ultranest] [DEBUG] iteration=1531, ncalls=3820, regioncalls=137240, ndraw=40, logz=-9.93, remainder_fraction=63.2012%, Lmin=-6.02, Lmax=-5.14
14:51:13 [ultranest] [DEBUG] iteration=1533, ncalls=3823, regioncalls=137360, ndraw=40, logz=-9.92, remainder_fraction=62.9884%, Lmin=-6.01, Lmax=-5.14
14:51:13 [ultranest] [DEBUG] iteration=1536, ncalls=3826, regioncalls=137480, ndraw=40, logz=-9.92, remainder_fraction=62.6969%, Lmin=-6.01, Lmax=-5.14
14:51:13 [ultranest] [DEBUG] iteration=1537, ncalls=3829, regioncalls=137600, ndraw=40, logz=-9.91, remainder_fraction=62.6001%, Lmin=-6.00, Lmax=-5.14
14:51:14 [ultranest] [DEBUG] iteration=1539, ncalls=3838, regioncalls=138000, ndraw=40, logz=-9.91, remainder_fraction=62.4123%, Lmin=-6.00, Lmax=-5.14
14:51:14 [ultranest] [DEBUG] iteration=1541, ncalls=3842, regioncalls=138160, ndraw=40, logz=-9.90, remainder_fraction=62.1918%, Lmin=-6.00, Lmax=-5.14
14:51:14 [ultranest] [DEBUG] iteration=1542, ncalls=3846, regioncalls=138320, ndraw=40, logz=-9.90, remainder_fraction=62.0750%, Lmin=-5.99, Lmax=-5.14
14:51:14 [ultranest] [DEBUG] iteration=1544, ncalls=3848, regioncalls=138400, ndraw=40, logz=-9.89, remainder_fraction=61.8704%, Lmin=-5.99, Lmax=-5.14
14:51:14 [ultranest] [DEBUG] iteration=1545, ncalls=3852, regioncalls=138560, ndraw=40, logz=-9.89, remainder_fraction=61.7851%, Lmin=-5.98, Lmax=-5.14
14:51:15 [ultranest] [DEBUG] iteration=1546, ncalls=3865, regioncalls=139080, ndraw=40, logz=-9.89, remainder_fraction=61.6701%, Lmin=-5.98, Lmax=-5.14
14:51:15 [ultranest] [DEBUG] iteration=1549, ncalls=3869, regioncalls=139240, ndraw=40, logz=-9.88, remainder_fraction=61.3638%, Lmin=-5.98, Lmax=-5.14
14:51:16 [ultranest] [DEBUG] iteration=1551, ncalls=3878, regioncalls=139600, ndraw=40, logz=-9.88, remainder_fraction=61.1540%, Lmin=-5.98, Lmax=-5.14
14:51:16 [ultranest] [DEBUG] iteration=1552, ncalls=3883, regioncalls=139800, ndraw=40, logz=-9.87, remainder_fraction=61.0476%, Lmin=-5.97, Lmax=-5.14
14:51:16 [ultranest] [DEBUG] iteration=1553, ncalls=3886, regioncalls=139920, ndraw=40, logz=-9.87, remainder_fraction=60.9349%, Lmin=-5.97, Lmax=-5.14
14:51:16 [ultranest] [DEBUG] iteration=1555, ncalls=3890, regioncalls=140080, ndraw=40, logz=-9.87, remainder_fraction=60.7268%, Lmin=-5.97, Lmax=-5.14
14:51:16 [ultranest] [DEBUG] iteration=1557, ncalls=3892, regioncalls=140160, ndraw=40, logz=-9.86, remainder_fraction=60.5099%, Lmin=-5.97, Lmax=-5.14
14:51:17 [ultranest] [DEBUG] iteration=1559, ncalls=3904, regioncalls=140640, ndraw=40, logz=-9.86, remainder_fraction=60.3314%, Lmin=-5.97, Lmax=-5.14
14:51:17 [ultranest] [DEBUG] iteration=1560, ncalls=3905, regioncalls=140680, ndraw=40, logz=-9.85, remainder_fraction=60.2179%, Lmin=-5.97, Lmax=-5.14
14:51:17 [ultranest] [DEBUG] iteration=1561, ncalls=3909, regioncalls=140840, ndraw=40, logz=-9.85, remainder_fraction=60.1412%, Lmin=-5.97, Lmax=-5.14
14:51:17 [ultranest] [DEBUG] iteration=1562, ncalls=3917, regioncalls=141160, ndraw=40, logz=-9.85, remainder_fraction=60.0529%, Lmin=-5.97, Lmax=-5.14
14:51:18 [ultranest] [DEBUG] iteration=1564, ncalls=3921, regioncalls=141320, ndraw=40, logz=-9.84, remainder_fraction=59.8988%, Lmin=-5.96, Lmax=-5.14
14:51:18 [ultranest] [DEBUG] iteration=1565, ncalls=3925, regioncalls=141480, ndraw=40, logz=-9.84, remainder_fraction=59.7995%, Lmin=-5.96, Lmax=-5.14
14:51:18 [ultranest] [DEBUG] iteration=1567, ncalls=3932, regioncalls=141760, ndraw=40, logz=-9.84, remainder_fraction=59.6095%, Lmin=-5.95, Lmax=-5.14
14:51:19 [ultranest] [DEBUG] iteration=1569, ncalls=3943, regioncalls=142200, ndraw=40, logz=-9.83, remainder_fraction=59.3855%, Lmin=-5.95, Lmax=-5.14
14:51:19 [ultranest] [DEBUG] iteration=1571, ncalls=3946, regioncalls=142320, ndraw=40, logz=-9.83, remainder_fraction=59.2072%, Lmin=-5.95, Lmax=-5.14
14:51:19 [ultranest] [DEBUG] iteration=1573, ncalls=3949, regioncalls=142440, ndraw=40, logz=-9.82, remainder_fraction=59.0264%, Lmin=-5.95, Lmax=-5.14
14:51:19 [ultranest] [DEBUG] iteration=1575, ncalls=3952, regioncalls=142560, ndraw=40, logz=-9.82, remainder_fraction=58.8421%, Lmin=-5.95, Lmax=-5.14
14:51:19 [ultranest] [DEBUG] iteration=1576, ncalls=3959, regioncalls=142840, ndraw=40, logz=-9.82, remainder_fraction=58.7315%, Lmin=-5.95, Lmax=-5.14
14:51:20 [ultranest] [DEBUG] iteration=1577, ncalls=3964, regioncalls=143040, ndraw=40, logz=-9.81, remainder_fraction=58.6162%, Lmin=-5.94, Lmax=-5.14
14:51:20 [ultranest] [DEBUG] iteration=1578, ncalls=3967, regioncalls=143160, ndraw=40, logz=-9.81, remainder_fraction=58.5079%, Lmin=-5.94, Lmax=-5.14
14:51:20 [ultranest] [DEBUG] iteration=1579, ncalls=3971, regioncalls=143320, ndraw=40, logz=-9.81, remainder_fraction=58.3969%, Lmin=-5.94, Lmax=-5.14
14:51:20 [ultranest] [DEBUG] iteration=1580, ncalls=3973, regioncalls=143400, ndraw=40, logz=-9.81, remainder_fraction=58.3028%, Lmin=-5.93, Lmax=-5.14
14:51:20 [ultranest] [DEBUG] iteration=1582, ncalls=3976, regioncalls=143520, ndraw=40, logz=-9.80, remainder_fraction=58.1276%, Lmin=-5.93, Lmax=-5.14
14:51:20 [ultranest] [DEBUG] iteration=1583, ncalls=3979, regioncalls=143640, ndraw=40, logz=-9.80, remainder_fraction=58.0237%, Lmin=-5.93, Lmax=-5.14
14:51:20 [ultranest] [DEBUG] iteration=1584, ncalls=3981, regioncalls=143720, ndraw=40, logz=-9.80, remainder_fraction=57.9245%, Lmin=-5.93, Lmax=-5.14
14:51:21 [ultranest] [DEBUG] iteration=1586, ncalls=3983, regioncalls=143800, ndraw=40, logz=-9.79, remainder_fraction=57.7375%, Lmin=-5.92, Lmax=-5.14
14:51:21 [ultranest] [DEBUG] iteration=1587, ncalls=3985, regioncalls=143880, ndraw=40, logz=-9.79, remainder_fraction=57.6415%, Lmin=-5.92, Lmax=-5.14
14:51:21 [ultranest] [DEBUG] iteration=1588, ncalls=3990, regioncalls=144080, ndraw=40, logz=-9.79, remainder_fraction=57.5514%, Lmin=-5.92, Lmax=-5.14
14:51:21 [ultranest] [DEBUG] iteration=1590, ncalls=3996, regioncalls=144320, ndraw=40, logz=-9.78, remainder_fraction=57.3703%, Lmin=-5.92, Lmax=-5.14
14:51:21 [ultranest] [DEBUG] iteration=1591, ncalls=3999, regioncalls=144440, ndraw=40, logz=-9.78, remainder_fraction=57.2808%, Lmin=-5.92, Lmax=-5.14
14:51:22 [ultranest] [DEBUG] iteration=1592, ncalls=4004, regioncalls=144640, ndraw=40, logz=-9.78, remainder_fraction=57.1991%, Lmin=-5.91, Lmax=-5.14
14:51:22 [ultranest] [DEBUG] iteration=1593, ncalls=4008, regioncalls=144800, ndraw=40, logz=-9.78, remainder_fraction=57.0938%, Lmin=-5.91, Lmax=-5.14
14:51:22 [ultranest] [DEBUG] iteration=1595, ncalls=4012, regioncalls=144960, ndraw=40, logz=-9.77, remainder_fraction=56.9168%, Lmin=-5.90, Lmax=-5.14
14:51:22 [ultranest] [DEBUG] iteration=1598, ncalls=4016, regioncalls=145120, ndraw=40, logz=-9.77, remainder_fraction=56.6768%, Lmin=-5.90, Lmax=-5.14
14:51:22 [ultranest] [DEBUG] iteration=1600, ncalls=4018, regioncalls=145200, ndraw=40, logz=-9.76, remainder_fraction=56.5165%, Lmin=-5.89, Lmax=-5.14
14:51:22 [ultranest] [DEBUG] iteration=1601, ncalls=4021, regioncalls=145320, ndraw=40, logz=-9.76, remainder_fraction=56.4245%, Lmin=-5.89, Lmax=-5.14
14:51:23 [ultranest] [DEBUG] iteration=1603, ncalls=4025, regioncalls=145480, ndraw=40, logz=-9.75, remainder_fraction=56.2424%, Lmin=-5.89, Lmax=-5.14
14:51:23 [ultranest] [DEBUG] iteration=1604, ncalls=4033, regioncalls=145800, ndraw=40, logz=-9.75, remainder_fraction=56.1357%, Lmin=-5.88, Lmax=-5.14
14:51:23 [ultranest] [DEBUG] iteration=1605, ncalls=4035, regioncalls=145880, ndraw=40, logz=-9.75, remainder_fraction=56.0252%, Lmin=-5.88, Lmax=-5.14
14:51:23 [ultranest] [DEBUG] iteration=1607, ncalls=4040, regioncalls=146080, ndraw=40, logz=-9.75, remainder_fraction=55.8382%, Lmin=-5.88, Lmax=-5.14
14:51:24 [ultranest] [DEBUG] iteration=1610, ncalls=4048, regioncalls=146400, ndraw=40, logz=-9.74, remainder_fraction=55.5722%, Lmin=-5.87, Lmax=-5.14
14:51:24 [ultranest] [DEBUG] iteration=1611, ncalls=4050, regioncalls=146480, ndraw=40, logz=-9.74, remainder_fraction=55.4902%, Lmin=-5.87, Lmax=-5.14
14:51:24 [ultranest] [DEBUG] iteration=1613, ncalls=4057, regioncalls=146760, ndraw=40, logz=-9.73, remainder_fraction=55.3325%, Lmin=-5.87, Lmax=-5.14
14:51:24 [ultranest] [DEBUG] iteration=1614, ncalls=4063, regioncalls=147000, ndraw=40, logz=-9.73, remainder_fraction=55.2332%, Lmin=-5.87, Lmax=-5.14
14:51:25 [ultranest] [DEBUG] iteration=1615, ncalls=4069, regioncalls=147240, ndraw=40, logz=-9.73, remainder_fraction=55.1252%, Lmin=-5.87, Lmax=-5.14
14:51:25 [ultranest] [DEBUG] iteration=1616, ncalls=4073, regioncalls=147400, ndraw=40, logz=-9.73, remainder_fraction=55.0526%, Lmin=-5.86, Lmax=-5.14
14:51:25 [ultranest] [DEBUG] iteration=1617, ncalls=4075, regioncalls=147480, ndraw=40, logz=-9.72, remainder_fraction=54.9500%, Lmin=-5.86, Lmax=-5.14
14:51:25 [ultranest] [DEBUG] iteration=1618, ncalls=4079, regioncalls=147640, ndraw=40, logz=-9.72, remainder_fraction=54.8463%, Lmin=-5.85, Lmax=-5.14
14:51:25 [ultranest] [DEBUG] iteration=1620, ncalls=4081, regioncalls=147720, ndraw=40, logz=-9.72, remainder_fraction=54.6388%, Lmin=-5.85, Lmax=-5.14
14:51:26 [ultranest] [DEBUG] iteration=1622, ncalls=4089, regioncalls=148040, ndraw=40, logz=-9.71, remainder_fraction=54.4362%, Lmin=-5.84, Lmax=-5.14
14:51:26 [ultranest] [DEBUG] iteration=1623, ncalls=4093, regioncalls=148200, ndraw=40, logz=-9.71, remainder_fraction=54.3242%, Lmin=-5.84, Lmax=-5.14
14:51:26 [ultranest] [DEBUG] iteration=1624, ncalls=4096, regioncalls=148320, ndraw=40, logz=-9.71, remainder_fraction=54.2419%, Lmin=-5.84, Lmax=-5.14
14:51:26 [ultranest] [DEBUG] iteration=1625, ncalls=4102, regioncalls=148560, ndraw=40, logz=-9.71, remainder_fraction=54.1542%, Lmin=-5.84, Lmax=-5.14
14:51:27 [ultranest] [DEBUG] iteration=1627, ncalls=4105, regioncalls=148680, ndraw=40, logz=-9.70, remainder_fraction=53.9638%, Lmin=-5.84, Lmax=-5.14
14:51:27 [ultranest] [DEBUG] iteration=1628, ncalls=4108, regioncalls=148800, ndraw=40, logz=-9.70, remainder_fraction=53.8647%, Lmin=-5.84, Lmax=-5.14
14:51:27 [ultranest] [DEBUG] iteration=1629, ncalls=4113, regioncalls=149000, ndraw=40, logz=-9.70, remainder_fraction=53.7726%, Lmin=-5.84, Lmax=-5.14
14:51:27 [ultranest] [DEBUG] iteration=1630, ncalls=4120, regioncalls=149280, ndraw=40, logz=-9.70, remainder_fraction=53.6622%, Lmin=-5.83, Lmax=-5.14
14:51:27 [ultranest] [DEBUG] iteration=1631, ncalls=4124, regioncalls=149440, ndraw=40, logz=-9.70, remainder_fraction=53.5549%, Lmin=-5.83, Lmax=-5.14
14:51:28 [ultranest] [DEBUG] iteration=1633, ncalls=4133, regioncalls=149800, ndraw=40, logz=-9.69, remainder_fraction=53.3787%, Lmin=-5.83, Lmax=-5.14
14:51:28 [ultranest] [DEBUG] iteration=1635, ncalls=4136, regioncalls=149920, ndraw=40, logz=-9.69, remainder_fraction=53.1753%, Lmin=-5.82, Lmax=-5.14
14:51:28 [ultranest] [DEBUG] iteration=1636, ncalls=4138, regioncalls=150000, ndraw=40, logz=-9.69, remainder_fraction=53.0675%, Lmin=-5.82, Lmax=-5.14
14:51:28 [ultranest] [DEBUG] iteration=1638, ncalls=4141, regioncalls=150120, ndraw=40, logz=-9.68, remainder_fraction=52.8648%, Lmin=-5.81, Lmax=-5.14
14:51:29 [ultranest] [DEBUG] iteration=1640, ncalls=4148, regioncalls=150400, ndraw=40, logz=-9.68, remainder_fraction=52.6968%, Lmin=-5.81, Lmax=-5.14
14:51:29 [ultranest] [DEBUG] iteration=1641, ncalls=4151, regioncalls=150520, ndraw=40, logz=-9.68, remainder_fraction=52.6079%, Lmin=-5.81, Lmax=-5.14
14:51:29 [ultranest] [DEBUG] iteration=1642, ncalls=4163, regioncalls=151000, ndraw=40, logz=-9.67, remainder_fraction=52.5293%, Lmin=-5.81, Lmax=-5.14
14:51:30 [ultranest] [DEBUG] iteration=1644, ncalls=4167, regioncalls=151160, ndraw=40, logz=-9.67, remainder_fraction=52.3274%, Lmin=-5.80, Lmax=-5.14
14:51:30 [ultranest] [DEBUG] iteration=1645, ncalls=4170, regioncalls=151280, ndraw=40, logz=-9.67, remainder_fraction=52.2567%, Lmin=-5.80, Lmax=-5.14
14:51:30 [ultranest] [DEBUG] iteration=1646, ncalls=4173, regioncalls=151400, ndraw=40, logz=-9.67, remainder_fraction=52.1541%, Lmin=-5.80, Lmax=-5.14
14:51:30 [ultranest] [DEBUG] iteration=1647, ncalls=4182, regioncalls=151760, ndraw=40, logz=-9.66, remainder_fraction=52.0628%, Lmin=-5.80, Lmax=-5.14
14:51:31 [ultranest] [DEBUG] iteration=1648, ncalls=4191, regioncalls=152120, ndraw=40, logz=-9.66, remainder_fraction=51.9680%, Lmin=-5.80, Lmax=-5.14
14:51:31 [ultranest] [DEBUG] iteration=1649, ncalls=4194, regioncalls=152240, ndraw=40, logz=-9.66, remainder_fraction=51.8678%, Lmin=-5.80, Lmax=-5.14
14:51:31 [ultranest] [DEBUG] iteration=1651, ncalls=4198, regioncalls=152400, ndraw=40, logz=-9.66, remainder_fraction=51.6528%, Lmin=-5.80, Lmax=-5.14
14:51:31 [ultranest] [DEBUG] iteration=1653, ncalls=4200, regioncalls=152480, ndraw=40, logz=-9.65, remainder_fraction=51.4692%, Lmin=-5.79, Lmax=-5.14
14:51:31 [ultranest] [DEBUG] iteration=1654, ncalls=4204, regioncalls=152640, ndraw=40, logz=-9.65, remainder_fraction=51.3656%, Lmin=-5.79, Lmax=-5.14
14:51:31 [ultranest] [DEBUG] iteration=1655, ncalls=4207, regioncalls=152760, ndraw=40, logz=-9.65, remainder_fraction=51.2840%, Lmin=-5.79, Lmax=-5.14
14:51:32 [ultranest] [DEBUG] iteration=1656, ncalls=4210, regioncalls=152880, ndraw=40, logz=-9.65, remainder_fraction=51.1826%, Lmin=-5.79, Lmax=-5.14
14:51:32 [ultranest] [DEBUG] iteration=1657, ncalls=4215, regioncalls=153080, ndraw=40, logz=-9.65, remainder_fraction=51.0958%, Lmin=-5.79, Lmax=-5.14
14:51:32 [ultranest] [DEBUG] iteration=1658, ncalls=4218, regioncalls=153200, ndraw=40, logz=-9.64, remainder_fraction=50.9908%, Lmin=-5.79, Lmax=-5.14
14:51:32 [ultranest] [DEBUG] iteration=1661, ncalls=4222, regioncalls=153360, ndraw=40, logz=-9.64, remainder_fraction=50.7198%, Lmin=-5.78, Lmax=-5.14
14:51:32 [ultranest] [DEBUG] iteration=1663, ncalls=4225, regioncalls=153480, ndraw=40, logz=-9.63, remainder_fraction=50.5154%, Lmin=-5.78, Lmax=-5.14
14:51:33 [ultranest] [DEBUG] iteration=1664, ncalls=4235, regioncalls=153880, ndraw=40, logz=-9.63, remainder_fraction=50.4427%, Lmin=-5.78, Lmax=-5.14
14:51:33 [ultranest] [DEBUG] iteration=1667, ncalls=4239, regioncalls=154040, ndraw=40, logz=-9.63, remainder_fraction=50.1446%, Lmin=-5.78, Lmax=-5.14
14:51:33 [ultranest] [DEBUG] iteration=1668, ncalls=4245, regioncalls=154280, ndraw=40, logz=-9.62, remainder_fraction=50.0653%, Lmin=-5.78, Lmax=-5.14
14:51:33 [ultranest] [DEBUG] iteration=1669, ncalls=4248, regioncalls=154400, ndraw=40, logz=-9.62, remainder_fraction=49.9741%, Lmin=-5.77, Lmax=-5.14
14:51:34 [ultranest] [DEBUG] iteration=1670, ncalls=4254, regioncalls=154640, ndraw=40, logz=-9.62, remainder_fraction=49.8711%, Lmin=-5.77, Lmax=-5.14
14:51:35 [ultranest] [DEBUG] iteration=1671, ncalls=4276, regioncalls=155520, ndraw=40, logz=-9.62, remainder_fraction=49.7670%, Lmin=-5.77, Lmax=-5.14
14:51:35 [ultranest] [DEBUG] iteration=1673, ncalls=4279, regioncalls=155640, ndraw=40, logz=-9.62, remainder_fraction=49.5961%, Lmin=-5.77, Lmax=-5.14
14:51:35 [ultranest] [DEBUG] iteration=1676, ncalls=4282, regioncalls=155760, ndraw=40, logz=-9.61, remainder_fraction=49.3305%, Lmin=-5.76, Lmax=-5.14
14:51:35 [ultranest] [DEBUG] iteration=1677, ncalls=4287, regioncalls=155960, ndraw=40, logz=-9.61, remainder_fraction=49.2451%, Lmin=-5.76, Lmax=-5.14
14:51:36 [ultranest] [DEBUG] iteration=1679, ncalls=4300, regioncalls=156480, ndraw=40, logz=-9.61, remainder_fraction=49.0538%, Lmin=-5.76, Lmax=-5.14
14:51:36 [ultranest] [DEBUG] iteration=1680, ncalls=4301, regioncalls=156520, ndraw=40, logz=-9.60, remainder_fraction=48.9682%, Lmin=-5.76, Lmax=-5.14
14:51:36 [ultranest] [DEBUG] iteration=1681, ncalls=4304, regioncalls=156640, ndraw=40, logz=-9.60, remainder_fraction=48.8948%, Lmin=-5.76, Lmax=-5.14
14:51:36 [ultranest] [DEBUG] iteration=1682, ncalls=4309, regioncalls=156840, ndraw=40, logz=-9.60, remainder_fraction=48.7995%, Lmin=-5.76, Lmax=-5.14
14:51:37 [ultranest] [DEBUG] iteration=1684, ncalls=4313, regioncalls=157000, ndraw=40, logz=-9.60, remainder_fraction=48.5945%, Lmin=-5.75, Lmax=-5.14
14:51:37 [ultranest] [DEBUG] iteration=1686, ncalls=4320, regioncalls=157280, ndraw=40, logz=-9.59, remainder_fraction=48.4229%, Lmin=-5.75, Lmax=-5.14
14:51:37 [ultranest] [DEBUG] iteration=1687, ncalls=4324, regioncalls=157440, ndraw=40, logz=-9.59, remainder_fraction=48.3208%, Lmin=-5.75, Lmax=-5.14
14:51:37 [ultranest] [DEBUG] iteration=1689, ncalls=4327, regioncalls=157560, ndraw=40, logz=-9.59, remainder_fraction=48.1392%, Lmin=-5.75, Lmax=-5.14
14:51:37 [ultranest] [DEBUG] iteration=1690, ncalls=4331, regioncalls=157720, ndraw=40, logz=-9.59, remainder_fraction=48.0597%, Lmin=-5.74, Lmax=-5.14
14:51:38 [ultranest] [DEBUG] iteration=1692, ncalls=4335, regioncalls=157880, ndraw=40, logz=-9.58, remainder_fraction=47.9028%, Lmin=-5.74, Lmax=-5.14
14:51:38 [ultranest] [DEBUG] iteration=1694, ncalls=4339, regioncalls=158040, ndraw=40, logz=-9.58, remainder_fraction=47.7572%, Lmin=-5.74, Lmax=-5.14
14:51:38 [ultranest] [DEBUG] iteration=1697, ncalls=4345, regioncalls=158280, ndraw=40, logz=-9.57, remainder_fraction=47.4926%, Lmin=-5.74, Lmax=-5.14
14:51:39 [ultranest] [DEBUG] iteration=1698, ncalls=4356, regioncalls=158720, ndraw=40, logz=-9.57, remainder_fraction=47.4024%, Lmin=-5.74, Lmax=-5.14
14:51:39 [ultranest] [DEBUG] iteration=1699, ncalls=4366, regioncalls=159120, ndraw=40, logz=-9.57, remainder_fraction=47.3034%, Lmin=-5.74, Lmax=-5.14
14:51:39 [ultranest] [DEBUG] iteration=1700, ncalls=4369, regioncalls=159240, ndraw=40, logz=-9.57, remainder_fraction=47.2179%, Lmin=-5.74, Lmax=-5.14
14:51:40 [ultranest] [DEBUG] iteration=1701, ncalls=4376, regioncalls=159520, ndraw=40, logz=-9.57, remainder_fraction=47.1163%, Lmin=-5.73, Lmax=-5.14
14:51:40 [ultranest] [DEBUG] iteration=1702, ncalls=4379, regioncalls=159640, ndraw=40, logz=-9.57, remainder_fraction=47.0404%, Lmin=-5.73, Lmax=-5.14
14:51:40 [ultranest] [DEBUG] iteration=1704, ncalls=4384, regioncalls=159840, ndraw=40, logz=-9.56, remainder_fraction=46.8699%, Lmin=-5.73, Lmax=-5.14
14:51:40 [ultranest] [DEBUG] iteration=1706, ncalls=4387, regioncalls=159960, ndraw=40, logz=-9.56, remainder_fraction=46.6935%, Lmin=-5.73, Lmax=-5.14
14:51:40 [ultranest] [DEBUG] iteration=1707, ncalls=4389, regioncalls=160040, ndraw=40, logz=-9.56, remainder_fraction=46.6044%, Lmin=-5.72, Lmax=-5.14
14:51:41 [ultranest] [DEBUG] iteration=1709, ncalls=4401, regioncalls=160520, ndraw=40, logz=-9.55, remainder_fraction=46.4436%, Lmin=-5.72, Lmax=-5.14
14:51:41 [ultranest] [DEBUG] iteration=1710, ncalls=4403, regioncalls=160600, ndraw=40, logz=-9.55, remainder_fraction=46.3734%, Lmin=-5.72, Lmax=-5.14
14:51:41 [ultranest] [DEBUG] iteration=1712, ncalls=4407, regioncalls=160840, ndraw=40, logz=-9.55, remainder_fraction=46.1708%, Lmin=-5.72, Lmax=-5.14
14:51:41 [ultranest] [DEBUG] iteration=1714, ncalls=4412, regioncalls=161080, ndraw=40, logz=-9.55, remainder_fraction=46.0131%, Lmin=-5.72, Lmax=-5.14
14:51:42 [ultranest] [DEBUG] iteration=1716, ncalls=4417, regioncalls=161280, ndraw=40, logz=-9.54, remainder_fraction=45.8512%, Lmin=-5.71, Lmax=-5.14
14:51:42 [ultranest] [DEBUG] iteration=1717, ncalls=4421, regioncalls=161440, ndraw=40, logz=-9.54, remainder_fraction=45.7630%, Lmin=-5.71, Lmax=-5.14
14:51:42 [ultranest] [DEBUG] iteration=1719, ncalls=4429, regioncalls=161760, ndraw=40, logz=-9.54, remainder_fraction=45.5870%, Lmin=-5.71, Lmax=-5.14
14:51:42 [ultranest] [DEBUG] iteration=1720, ncalls=4433, regioncalls=161920, ndraw=40, logz=-9.54, remainder_fraction=45.4901%, Lmin=-5.71, Lmax=-5.14
14:51:43 [ultranest] [DEBUG] iteration=1723, ncalls=4439, regioncalls=162160, ndraw=40, logz=-9.53, remainder_fraction=45.2204%, Lmin=-5.71, Lmax=-5.14
14:51:43 [ultranest] [DEBUG] iteration=1725, ncalls=4442, regioncalls=162280, ndraw=40, logz=-9.53, remainder_fraction=45.0509%, Lmin=-5.70, Lmax=-5.14
14:51:43 [ultranest] [DEBUG] iteration=1727, ncalls=4444, regioncalls=162360, ndraw=40, logz=-9.53, remainder_fraction=44.9051%, Lmin=-5.70, Lmax=-5.14
14:51:43 [ultranest] [DEBUG] iteration=1728, ncalls=4447, regioncalls=162480, ndraw=40, logz=-9.53, remainder_fraction=44.8255%, Lmin=-5.70, Lmax=-5.14
14:51:43 [ultranest] [DEBUG] iteration=1729, ncalls=4449, regioncalls=162560, ndraw=40, logz=-9.52, remainder_fraction=44.7514%, Lmin=-5.70, Lmax=-5.14
14:51:43 [ultranest] [DEBUG] iteration=1731, ncalls=4452, regioncalls=162680, ndraw=40, logz=-9.52, remainder_fraction=44.6092%, Lmin=-5.70, Lmax=-5.14
14:51:44 [ultranest] [DEBUG] iteration=1732, ncalls=4455, regioncalls=162800, ndraw=40, logz=-9.52, remainder_fraction=44.5225%, Lmin=-5.69, Lmax=-5.14
14:51:44 [ultranest] [DEBUG] iteration=1733, ncalls=4464, regioncalls=163160, ndraw=40, logz=-9.52, remainder_fraction=44.4517%, Lmin=-5.69, Lmax=-5.14
14:51:44 [ultranest] [DEBUG] iteration=1734, ncalls=4466, regioncalls=163240, ndraw=40, logz=-9.52, remainder_fraction=44.3814%, Lmin=-5.69, Lmax=-5.14
14:51:44 [ultranest] [DEBUG] iteration=1736, ncalls=4475, regioncalls=163600, ndraw=40, logz=-9.51, remainder_fraction=44.2204%, Lmin=-5.69, Lmax=-5.14
14:51:45 [ultranest] [DEBUG] iteration=1737, ncalls=4478, regioncalls=163720, ndraw=40, logz=-9.51, remainder_fraction=44.1540%, Lmin=-5.69, Lmax=-5.14
14:51:45 [ultranest] [DEBUG] iteration=1738, ncalls=4484, regioncalls=163960, ndraw=40, logz=-9.51, remainder_fraction=44.0695%, Lmin=-5.68, Lmax=-5.14
14:51:45 [ultranest] [DEBUG] iteration=1741, ncalls=4488, regioncalls=164120, ndraw=40, logz=-9.51, remainder_fraction=43.8116%, Lmin=-5.68, Lmax=-5.14
14:51:45 [ultranest] [DEBUG] iteration=1743, ncalls=4493, regioncalls=164320, ndraw=40, logz=-9.50, remainder_fraction=43.6340%, Lmin=-5.68, Lmax=-5.14
14:51:45 [ultranest] [DEBUG] iteration=1745, ncalls=4495, regioncalls=164400, ndraw=40, logz=-9.50, remainder_fraction=43.4864%, Lmin=-5.68, Lmax=-5.14
14:51:46 [ultranest] [DEBUG] iteration=1746, ncalls=4498, regioncalls=164520, ndraw=40, logz=-9.50, remainder_fraction=43.4098%, Lmin=-5.68, Lmax=-5.14
14:51:46 [ultranest] [DEBUG] iteration=1747, ncalls=4508, regioncalls=164920, ndraw=40, logz=-9.50, remainder_fraction=43.3251%, Lmin=-5.67, Lmax=-5.14
14:51:46 [ultranest] [DEBUG] iteration=1749, ncalls=4511, regioncalls=165040, ndraw=40, logz=-9.49, remainder_fraction=43.1441%, Lmin=-5.67, Lmax=-5.14
14:51:46 [ultranest] [DEBUG] iteration=1751, ncalls=4515, regioncalls=165200, ndraw=40, logz=-9.49, remainder_fraction=42.9720%, Lmin=-5.67, Lmax=-5.14
14:51:47 [ultranest] [DEBUG] iteration=1753, ncalls=4520, regioncalls=165400, ndraw=40, logz=-9.49, remainder_fraction=42.8183%, Lmin=-5.67, Lmax=-5.14
14:51:47 [ultranest] [DEBUG] iteration=1754, ncalls=4522, regioncalls=165480, ndraw=40, logz=-9.49, remainder_fraction=42.7491%, Lmin=-5.66, Lmax=-5.14
14:51:47 [ultranest] [DEBUG] iteration=1755, ncalls=4527, regioncalls=165680, ndraw=40, logz=-9.49, remainder_fraction=42.6846%, Lmin=-5.66, Lmax=-5.14
14:51:47 [ultranest] [DEBUG] iteration=1757, ncalls=4531, regioncalls=165840, ndraw=40, logz=-9.48, remainder_fraction=42.5181%, Lmin=-5.66, Lmax=-5.14
14:51:47 [ultranest] [DEBUG] iteration=1758, ncalls=4534, regioncalls=165960, ndraw=40, logz=-9.48, remainder_fraction=42.4226%, Lmin=-5.66, Lmax=-5.14
14:51:47 [ultranest] [DEBUG] iteration=1760, ncalls=4537, regioncalls=166080, ndraw=40, logz=-9.48, remainder_fraction=42.2394%, Lmin=-5.66, Lmax=-5.14
14:51:48 [ultranest] [DEBUG] iteration=1761, ncalls=4542, regioncalls=166280, ndraw=40, logz=-9.48, remainder_fraction=42.1509%, Lmin=-5.66, Lmax=-5.14
14:51:48 [ultranest] [DEBUG] iteration=1763, ncalls=4544, regioncalls=166360, ndraw=40, logz=-9.47, remainder_fraction=41.9710%, Lmin=-5.66, Lmax=-5.14
14:51:48 [ultranest] [DEBUG] iteration=1764, ncalls=4547, regioncalls=166480, ndraw=40, logz=-9.47, remainder_fraction=41.8966%, Lmin=-5.66, Lmax=-5.14
14:51:48 [ultranest] [DEBUG] iteration=1766, ncalls=4549, regioncalls=166560, ndraw=40, logz=-9.47, remainder_fraction=41.7477%, Lmin=-5.65, Lmax=-5.14
14:51:48 [ultranest] [DEBUG] iteration=1768, ncalls=4553, regioncalls=166720, ndraw=40, logz=-9.47, remainder_fraction=41.5666%, Lmin=-5.65, Lmax=-5.14
14:51:48 [ultranest] [DEBUG] iteration=1769, ncalls=4557, regioncalls=166880, ndraw=40, logz=-9.47, remainder_fraction=41.4758%, Lmin=-5.65, Lmax=-5.14
14:51:49 [ultranest] [DEBUG] iteration=1771, ncalls=4562, regioncalls=167080, ndraw=40, logz=-9.46, remainder_fraction=41.2997%, Lmin=-5.65, Lmax=-5.14
14:51:49 [ultranest] [DEBUG] iteration=1772, ncalls=4566, regioncalls=167240, ndraw=40, logz=-9.46, remainder_fraction=41.2275%, Lmin=-5.65, Lmax=-5.14
14:51:49 [ultranest] [DEBUG] iteration=1773, ncalls=4573, regioncalls=167520, ndraw=40, logz=-9.46, remainder_fraction=41.1630%, Lmin=-5.65, Lmax=-5.14
14:51:49 [ultranest] [DEBUG] iteration=1774, ncalls=4577, regioncalls=167680, ndraw=40, logz=-9.46, remainder_fraction=41.0911%, Lmin=-5.65, Lmax=-5.14
14:51:50 [ultranest] [DEBUG] iteration=1776, ncalls=4581, regioncalls=167840, ndraw=40, logz=-9.46, remainder_fraction=40.9450%, Lmin=-5.64, Lmax=-5.14
14:51:50 [ultranest] [DEBUG] iteration=1777, ncalls=4583, regioncalls=167920, ndraw=40, logz=-9.46, remainder_fraction=40.8711%, Lmin=-5.64, Lmax=-5.14
14:51:50 [ultranest] [DEBUG] iteration=1780, ncalls=4588, regioncalls=168120, ndraw=40, logz=-9.45, remainder_fraction=40.6552%, Lmin=-5.63, Lmax=-5.14
14:51:50 [ultranest] [DEBUG] iteration=1781, ncalls=4591, regioncalls=168240, ndraw=40, logz=-9.45, remainder_fraction=40.5832%, Lmin=-5.63, Lmax=-5.14
14:51:50 [ultranest] [DEBUG] iteration=1783, ncalls=4593, regioncalls=168320, ndraw=40, logz=-9.45, remainder_fraction=40.4159%, Lmin=-5.63, Lmax=-5.14
14:51:50 [ultranest] [DEBUG] iteration=1785, ncalls=4597, regioncalls=168480, ndraw=40, logz=-9.44, remainder_fraction=40.2439%, Lmin=-5.63, Lmax=-5.14
14:51:51 [ultranest] [DEBUG] iteration=1786, ncalls=4603, regioncalls=168720, ndraw=40, logz=-9.44, remainder_fraction=40.1535%, Lmin=-5.63, Lmax=-5.14
14:51:51 [ultranest] [DEBUG] iteration=1787, ncalls=4607, regioncalls=168880, ndraw=40, logz=-9.44, remainder_fraction=40.0801%, Lmin=-5.63, Lmax=-5.14
14:51:51 [ultranest] [DEBUG] iteration=1788, ncalls=4609, regioncalls=168960, ndraw=40, logz=-9.44, remainder_fraction=40.0159%, Lmin=-5.62, Lmax=-5.14
14:51:51 [ultranest] [DEBUG] iteration=1790, ncalls=4615, regioncalls=169200, ndraw=40, logz=-9.44, remainder_fraction=39.8579%, Lmin=-5.62, Lmax=-5.14
14:51:51 [ultranest] [DEBUG] iteration=1792, ncalls=4620, regioncalls=169400, ndraw=40, logz=-9.44, remainder_fraction=39.6830%, Lmin=-5.62, Lmax=-5.14
14:51:52 [ultranest] [DEBUG] iteration=1793, ncalls=4631, regioncalls=169840, ndraw=40, logz=-9.43, remainder_fraction=39.6124%, Lmin=-5.62, Lmax=-5.14
14:51:52 [ultranest] [DEBUG] iteration=1794, ncalls=4637, regioncalls=170080, ndraw=40, logz=-9.43, remainder_fraction=39.5247%, Lmin=-5.62, Lmax=-5.14
14:51:53 [ultranest] [DEBUG] iteration=1795, ncalls=4647, regioncalls=170480, ndraw=40, logz=-9.43, remainder_fraction=39.4491%, Lmin=-5.62, Lmax=-5.14
14:51:53 [ultranest] [DEBUG] iteration=1797, ncalls=4653, regioncalls=170720, ndraw=40, logz=-9.43, remainder_fraction=39.2915%, Lmin=-5.61, Lmax=-5.14
14:51:53 [ultranest] [DEBUG] iteration=1798, ncalls=4656, regioncalls=170840, ndraw=40, logz=-9.43, remainder_fraction=39.2277%, Lmin=-5.61, Lmax=-5.14
14:51:53 [ultranest] [DEBUG] iteration=1799, ncalls=4660, regioncalls=171000, ndraw=40, logz=-9.43, remainder_fraction=39.1574%, Lmin=-5.61, Lmax=-5.14
14:51:54 [ultranest] [DEBUG] iteration=1800, ncalls=4667, regioncalls=171280, ndraw=40, logz=-9.43, remainder_fraction=39.0903%, Lmin=-5.61, Lmax=-5.14
14:51:54 [ultranest] [DEBUG] iteration=1802, ncalls=4670, regioncalls=171400, ndraw=40, logz=-9.42, remainder_fraction=38.9498%, Lmin=-5.61, Lmax=-5.14
14:51:54 [ultranest] [DEBUG] iteration=1803, ncalls=4673, regioncalls=171520, ndraw=40, logz=-9.42, remainder_fraction=38.8658%, Lmin=-5.61, Lmax=-5.14
14:51:54 [ultranest] [DEBUG] iteration=1805, ncalls=4679, regioncalls=171760, ndraw=40, logz=-9.42, remainder_fraction=38.7156%, Lmin=-5.61, Lmax=-5.14
14:51:55 [ultranest] [DEBUG] iteration=1807, ncalls=4683, regioncalls=171920, ndraw=40, logz=-9.42, remainder_fraction=38.5499%, Lmin=-5.61, Lmax=-5.14
14:51:55 [ultranest] [DEBUG] iteration=1808, ncalls=4686, regioncalls=172040, ndraw=40, logz=-9.42, remainder_fraction=38.4751%, Lmin=-5.61, Lmax=-5.14
14:51:55 [ultranest] [DEBUG] iteration=1809, ncalls=4689, regioncalls=172160, ndraw=40, logz=-9.41, remainder_fraction=38.3978%, Lmin=-5.60, Lmax=-5.14
14:51:55 [ultranest] [DEBUG] iteration=1810, ncalls=4692, regioncalls=172280, ndraw=40, logz=-9.41, remainder_fraction=38.3150%, Lmin=-5.60, Lmax=-5.14
14:51:55 [ultranest] [DEBUG] iteration=1811, ncalls=4695, regioncalls=172400, ndraw=40, logz=-9.41, remainder_fraction=38.2441%, Lmin=-5.60, Lmax=-5.14
14:51:55 [ultranest] [DEBUG] iteration=1813, ncalls=4701, regioncalls=172640, ndraw=40, logz=-9.41, remainder_fraction=38.0930%, Lmin=-5.60, Lmax=-5.14
14:51:56 [ultranest] [DEBUG] iteration=1814, ncalls=4709, regioncalls=172960, ndraw=40, logz=-9.41, remainder_fraction=38.0167%, Lmin=-5.60, Lmax=-5.14
14:51:56 [ultranest] [DEBUG] iteration=1815, ncalls=4711, regioncalls=173040, ndraw=40, logz=-9.41, remainder_fraction=37.9475%, Lmin=-5.60, Lmax=-5.14
14:51:56 [ultranest] [DEBUG] iteration=1817, ncalls=4713, regioncalls=173120, ndraw=40, logz=-9.40, remainder_fraction=37.8181%, Lmin=-5.59, Lmax=-5.14
14:51:56 [ultranest] [DEBUG] iteration=1818, ncalls=4718, regioncalls=173320, ndraw=40, logz=-9.40, remainder_fraction=37.7506%, Lmin=-5.59, Lmax=-5.14
14:51:56 [ultranest] [DEBUG] iteration=1819, ncalls=4720, regioncalls=173400, ndraw=40, logz=-9.40, remainder_fraction=37.6814%, Lmin=-5.59, Lmax=-5.14
14:51:57 [ultranest] [DEBUG] iteration=1820, ncalls=4722, regioncalls=173480, ndraw=40, logz=-9.40, remainder_fraction=37.5995%, Lmin=-5.59, Lmax=-5.14
14:51:57 [ultranest] [DEBUG] iteration=1822, ncalls=4730, regioncalls=173800, ndraw=40, logz=-9.40, remainder_fraction=37.4528%, Lmin=-5.59, Lmax=-5.14
14:51:57 [ultranest] [DEBUG] iteration=1823, ncalls=4735, regioncalls=174000, ndraw=40, logz=-9.40, remainder_fraction=37.3770%, Lmin=-5.59, Lmax=-5.14
14:51:58 [ultranest] [DEBUG] iteration=1824, ncalls=4745, regioncalls=174400, ndraw=40, logz=-9.40, remainder_fraction=37.3049%, Lmin=-5.59, Lmax=-5.14
14:51:58 [ultranest] [DEBUG] iteration=1826, ncalls=4750, regioncalls=174600, ndraw=40, logz=-9.39, remainder_fraction=37.1557%, Lmin=-5.59, Lmax=-5.14
14:51:58 [ultranest] [DEBUG] iteration=1827, ncalls=4753, regioncalls=174720, ndraw=40, logz=-9.39, remainder_fraction=37.0722%, Lmin=-5.59, Lmax=-5.14
14:51:58 [ultranest] [DEBUG] iteration=1828, ncalls=4757, regioncalls=174880, ndraw=40, logz=-9.39, remainder_fraction=36.9884%, Lmin=-5.58, Lmax=-5.14
14:51:58 [ultranest] [DEBUG] iteration=1829, ncalls=4760, regioncalls=175000, ndraw=40, logz=-9.39, remainder_fraction=36.9119%, Lmin=-5.58, Lmax=-5.14
14:51:59 [ultranest] [DEBUG] iteration=1830, ncalls=4770, regioncalls=175400, ndraw=40, logz=-9.39, remainder_fraction=36.8314%, Lmin=-5.58, Lmax=-5.14
14:51:59 [ultranest] [DEBUG] iteration=1832, ncalls=4774, regioncalls=175560, ndraw=40, logz=-9.39, remainder_fraction=36.6800%, Lmin=-5.58, Lmax=-5.14
14:51:59 [ultranest] [DEBUG] iteration=1833, ncalls=4776, regioncalls=175640, ndraw=40, logz=-9.39, remainder_fraction=36.6068%, Lmin=-5.58, Lmax=-5.14
14:51:59 [ultranest] [DEBUG] iteration=1834, ncalls=4778, regioncalls=175720, ndraw=40, logz=-9.38, remainder_fraction=36.5459%, Lmin=-5.58, Lmax=-5.14
14:52:00 [ultranest] [DEBUG] iteration=1836, ncalls=4793, regioncalls=176320, ndraw=40, logz=-9.38, remainder_fraction=36.4125%, Lmin=-5.57, Lmax=-5.14
14:52:00 [ultranest] [DEBUG] iteration=1838, ncalls=4797, regioncalls=176480, ndraw=40, logz=-9.38, remainder_fraction=36.2646%, Lmin=-5.57, Lmax=-5.14
14:52:00 [ultranest] [DEBUG] iteration=1839, ncalls=4801, regioncalls=176640, ndraw=40, logz=-9.38, remainder_fraction=36.1969%, Lmin=-5.57, Lmax=-5.14
14:52:00 [ultranest] [DEBUG] iteration=1840, ncalls=4802, regioncalls=176680, ndraw=40, logz=-9.38, remainder_fraction=36.1362%, Lmin=-5.57, Lmax=-5.14
14:52:00 [ultranest] [DEBUG] iteration=1841, ncalls=4805, regioncalls=176800, ndraw=40, logz=-9.38, remainder_fraction=36.0614%, Lmin=-5.57, Lmax=-5.14
14:52:01 [ultranest] [DEBUG] iteration=1842, ncalls=4812, regioncalls=177080, ndraw=40, logz=-9.38, remainder_fraction=35.9891%, Lmin=-5.57, Lmax=-5.14
14:52:01 [ultranest] [DEBUG] iteration=1843, ncalls=4816, regioncalls=177240, ndraw=40, logz=-9.37, remainder_fraction=35.9228%, Lmin=-5.57, Lmax=-5.14
14:52:01 [ultranest] [DEBUG] iteration=1845, ncalls=4823, regioncalls=177520, ndraw=40, logz=-9.37, remainder_fraction=35.7671%, Lmin=-5.57, Lmax=-5.14
14:52:02 [ultranest] [DEBUG] iteration=1846, ncalls=4827, regioncalls=177680, ndraw=40, logz=-9.37, remainder_fraction=35.7044%, Lmin=-5.57, Lmax=-5.14
14:52:02 [ultranest] [DEBUG] iteration=1847, ncalls=4829, regioncalls=177760, ndraw=40, logz=-9.37, remainder_fraction=35.6403%, Lmin=-5.57, Lmax=-5.14
14:52:02 [ultranest] [DEBUG] iteration=1848, ncalls=4832, regioncalls=177880, ndraw=40, logz=-9.37, remainder_fraction=35.5653%, Lmin=-5.57, Lmax=-5.14
14:52:02 [ultranest] [DEBUG] iteration=1850, ncalls=4836, regioncalls=178040, ndraw=40, logz=-9.37, remainder_fraction=35.4169%, Lmin=-5.56, Lmax=-5.14
14:52:02 [ultranest] [DEBUG] iteration=1851, ncalls=4839, regioncalls=178160, ndraw=40, logz=-9.37, remainder_fraction=35.3433%, Lmin=-5.56, Lmax=-5.14
14:52:02 [ultranest] [DEBUG] iteration=1854, ncalls=4843, regioncalls=178320, ndraw=40, logz=-9.36, remainder_fraction=35.1220%, Lmin=-5.56, Lmax=-5.14
14:52:03 [ultranest] [DEBUG] iteration=1855, ncalls=4849, regioncalls=178560, ndraw=40, logz=-9.36, remainder_fraction=35.0517%, Lmin=-5.56, Lmax=-5.14
14:52:03 [ultranest] [DEBUG] iteration=1856, ncalls=4852, regioncalls=178680, ndraw=40, logz=-9.36, remainder_fraction=34.9906%, Lmin=-5.55, Lmax=-5.14
14:52:03 [ultranest] [DEBUG] iteration=1857, ncalls=4856, regioncalls=178840, ndraw=40, logz=-9.36, remainder_fraction=34.9152%, Lmin=-5.55, Lmax=-5.14
14:52:03 [ultranest] [DEBUG] iteration=1858, ncalls=4860, regioncalls=179000, ndraw=40, logz=-9.36, remainder_fraction=34.8496%, Lmin=-5.55, Lmax=-5.14
14:52:03 [ultranest] [DEBUG] iteration=1860, ncalls=4865, regioncalls=179200, ndraw=40, logz=-9.36, remainder_fraction=34.6905%, Lmin=-5.55, Lmax=-5.14
14:52:04 [ultranest] [DEBUG] iteration=1862, ncalls=4868, regioncalls=179320, ndraw=40, logz=-9.35, remainder_fraction=34.5523%, Lmin=-5.55, Lmax=-5.14
14:52:04 [ultranest] [DEBUG] iteration=1863, ncalls=4872, regioncalls=179480, ndraw=40, logz=-9.35, remainder_fraction=34.4871%, Lmin=-5.55, Lmax=-5.14
14:52:04 [ultranest] [DEBUG] iteration=1864, ncalls=4874, regioncalls=179560, ndraw=40, logz=-9.35, remainder_fraction=34.4114%, Lmin=-5.55, Lmax=-5.14
14:52:04 [ultranest] [DEBUG] iteration=1865, ncalls=4878, regioncalls=179720, ndraw=40, logz=-9.35, remainder_fraction=34.3378%, Lmin=-5.55, Lmax=-5.14
14:52:05 [ultranest] [DEBUG] iteration=1867, ncalls=4891, regioncalls=180240, ndraw=40, logz=-9.35, remainder_fraction=34.1998%, Lmin=-5.55, Lmax=-5.14
14:52:05 [ultranest] [DEBUG] iteration=1868, ncalls=4902, regioncalls=180680, ndraw=40, logz=-9.35, remainder_fraction=34.1215%, Lmin=-5.54, Lmax=-5.14
14:52:05 [ultranest] [DEBUG] iteration=1870, ncalls=4907, regioncalls=180880, ndraw=40, logz=-9.34, remainder_fraction=33.9679%, Lmin=-5.54, Lmax=-5.14
14:52:06 [ultranest] [DEBUG] iteration=1871, ncalls=4912, regioncalls=181080, ndraw=40, logz=-9.34, remainder_fraction=33.8936%, Lmin=-5.54, Lmax=-5.14
14:52:06 [ultranest] [DEBUG] iteration=1873, ncalls=4916, regioncalls=181240, ndraw=40, logz=-9.34, remainder_fraction=33.7566%, Lmin=-5.54, Lmax=-5.14
14:52:06 [ultranest] [DEBUG] iteration=1875, ncalls=4922, regioncalls=181480, ndraw=40, logz=-9.34, remainder_fraction=33.6066%, Lmin=-5.54, Lmax=-5.14
14:52:07 [ultranest] [DEBUG] iteration=1877, ncalls=4940, regioncalls=182200, ndraw=40, logz=-9.34, remainder_fraction=33.4611%, Lmin=-5.53, Lmax=-5.14
14:52:07 [ultranest] [DEBUG] iteration=1878, ncalls=4943, regioncalls=182320, ndraw=40, logz=-9.34, remainder_fraction=33.3994%, Lmin=-5.53, Lmax=-5.14
14:52:07 [ultranest] [DEBUG] iteration=1879, ncalls=4949, regioncalls=182560, ndraw=40, logz=-9.34, remainder_fraction=33.3318%, Lmin=-5.53, Lmax=-5.14
14:52:08 [ultranest] [DEBUG] iteration=1880, ncalls=4954, regioncalls=182760, ndraw=40, logz=-9.33, remainder_fraction=33.2695%, Lmin=-5.53, Lmax=-5.14
14:52:08 [ultranest] [DEBUG] iteration=1881, ncalls=4958, regioncalls=182920, ndraw=40, logz=-9.33, remainder_fraction=33.2115%, Lmin=-5.53, Lmax=-5.14
14:52:08 [ultranest] [DEBUG] iteration=1882, ncalls=4962, regioncalls=183080, ndraw=40, logz=-9.33, remainder_fraction=33.1490%, Lmin=-5.53, Lmax=-5.14
14:52:08 [ultranest] [DEBUG] iteration=1883, ncalls=4970, regioncalls=183400, ndraw=40, logz=-9.33, remainder_fraction=33.0858%, Lmin=-5.53, Lmax=-5.14
14:52:09 [ultranest] [DEBUG] iteration=1884, ncalls=4977, regioncalls=183680, ndraw=40, logz=-9.33, remainder_fraction=33.0151%, Lmin=-5.52, Lmax=-5.14
14:52:09 [ultranest] [DEBUG] iteration=1886, ncalls=4981, regioncalls=183840, ndraw=40, logz=-9.33, remainder_fraction=32.8822%, Lmin=-5.52, Lmax=-5.14
14:52:09 [ultranest] [DEBUG] iteration=1887, ncalls=4984, regioncalls=183960, ndraw=40, logz=-9.33, remainder_fraction=32.8153%, Lmin=-5.52, Lmax=-5.14
14:52:09 [ultranest] [DEBUG] iteration=1889, ncalls=4986, regioncalls=184040, ndraw=40, logz=-9.33, remainder_fraction=32.6883%, Lmin=-5.52, Lmax=-5.14
14:52:09 [ultranest] [DEBUG] iteration=1890, ncalls=4988, regioncalls=184160, ndraw=40, logz=-9.32, remainder_fraction=32.6151%, Lmin=-5.52, Lmax=-5.14
14:52:10 [ultranest] [DEBUG] iteration=1892, ncalls=4992, regioncalls=184360, ndraw=40, logz=-9.32, remainder_fraction=32.4836%, Lmin=-5.52, Lmax=-5.14
14:52:10 [ultranest] [DEBUG] iteration=1894, ncalls=4998, regioncalls=184680, ndraw=40, logz=-9.32, remainder_fraction=32.3435%, Lmin=-5.52, Lmax=-5.14
14:52:10 [ultranest] [DEBUG] iteration=1895, ncalls=5001, regioncalls=184800, ndraw=40, logz=-9.32, remainder_fraction=32.2843%, Lmin=-5.52, Lmax=-5.14
14:52:10 [ultranest] [DEBUG] iteration=1897, ncalls=5005, regioncalls=184960, ndraw=40, logz=-9.32, remainder_fraction=32.1341%, Lmin=-5.52, Lmax=-5.14
14:52:10 [ultranest] [DEBUG] iteration=1899, ncalls=5007, regioncalls=185040, ndraw=40, logz=-9.32, remainder_fraction=32.0066%, Lmin=-5.51, Lmax=-5.14
14:52:10 [ultranest] [DEBUG] iteration=1901, ncalls=5011, regioncalls=185200, ndraw=40, logz=-9.31, remainder_fraction=31.8738%, Lmin=-5.51, Lmax=-5.14
14:52:11 [ultranest] [DEBUG] iteration=1902, ncalls=5014, regioncalls=185320, ndraw=40, logz=-9.31, remainder_fraction=31.8072%, Lmin=-5.51, Lmax=-5.14
14:52:11 [ultranest] [DEBUG] iteration=1903, ncalls=5018, regioncalls=185480, ndraw=40, logz=-9.31, remainder_fraction=31.7402%, Lmin=-5.51, Lmax=-5.14
14:52:11 [ultranest] [DEBUG] iteration=1904, ncalls=5024, regioncalls=185720, ndraw=40, logz=-9.31, remainder_fraction=31.6780%, Lmin=-5.51, Lmax=-5.14
14:52:11 [ultranest] [DEBUG] iteration=1905, ncalls=5031, regioncalls=186000, ndraw=40, logz=-9.31, remainder_fraction=31.6178%, Lmin=-5.51, Lmax=-5.14
14:52:12 [ultranest] [DEBUG] iteration=1907, ncalls=5047, regioncalls=186640, ndraw=40, logz=-9.31, remainder_fraction=31.4864%, Lmin=-5.51, Lmax=-5.14
14:52:12 [ultranest] [DEBUG] iteration=1908, ncalls=5050, regioncalls=186760, ndraw=40, logz=-9.31, remainder_fraction=31.4150%, Lmin=-5.51, Lmax=-5.14
14:52:13 [ultranest] [DEBUG] iteration=1909, ncalls=5056, regioncalls=187000, ndraw=40, logz=-9.31, remainder_fraction=31.3422%, Lmin=-5.51, Lmax=-5.14
14:52:13 [ultranest] [DEBUG] iteration=1911, ncalls=5058, regioncalls=187080, ndraw=40, logz=-9.30, remainder_fraction=31.2125%, Lmin=-5.50, Lmax=-5.14
14:52:13 [ultranest] [DEBUG] iteration=1913, ncalls=5063, regioncalls=187280, ndraw=40, logz=-9.30, remainder_fraction=31.0899%, Lmin=-5.50, Lmax=-5.14
14:52:13 [ultranest] [DEBUG] iteration=1915, ncalls=5066, regioncalls=187400, ndraw=40, logz=-9.30, remainder_fraction=30.9578%, Lmin=-5.50, Lmax=-5.14
14:52:13 [ultranest] [DEBUG] iteration=1916, ncalls=5069, regioncalls=187520, ndraw=40, logz=-9.30, remainder_fraction=30.8890%, Lmin=-5.50, Lmax=-5.14
14:52:14 [ultranest] [DEBUG] iteration=1918, ncalls=5075, regioncalls=187760, ndraw=40, logz=-9.30, remainder_fraction=30.7436%, Lmin=-5.50, Lmax=-5.14
14:52:14 [ultranest] [DEBUG] iteration=1919, ncalls=5080, regioncalls=187960, ndraw=40, logz=-9.30, remainder_fraction=30.6882%, Lmin=-5.50, Lmax=-5.14
14:52:14 [ultranest] [DEBUG] iteration=1920, ncalls=5082, regioncalls=188040, ndraw=40, logz=-9.30, remainder_fraction=30.6183%, Lmin=-5.50, Lmax=-5.14
14:52:14 [ultranest] [DEBUG] iteration=1921, ncalls=5087, regioncalls=188240, ndraw=40, logz=-9.29, remainder_fraction=30.5552%, Lmin=-5.50, Lmax=-5.14
14:52:14 [ultranest] [DEBUG] iteration=1922, ncalls=5090, regioncalls=188360, ndraw=40, logz=-9.29, remainder_fraction=30.4930%, Lmin=-5.50, Lmax=-5.14
14:52:14 [ultranest] [DEBUG] iteration=1923, ncalls=5093, regioncalls=188480, ndraw=40, logz=-9.29, remainder_fraction=30.4248%, Lmin=-5.50, Lmax=-5.14
14:52:14 [ultranest] [DEBUG] iteration=1924, ncalls=5095, regioncalls=188560, ndraw=40, logz=-9.29, remainder_fraction=30.3527%, Lmin=-5.50, Lmax=-5.14
14:52:15 [ultranest] [DEBUG] iteration=1926, ncalls=5104, regioncalls=188920, ndraw=40, logz=-9.29, remainder_fraction=30.2253%, Lmin=-5.49, Lmax=-5.14
14:52:15 [ultranest] [DEBUG] iteration=1928, ncalls=5108, regioncalls=189080, ndraw=40, logz=-9.29, remainder_fraction=30.1134%, Lmin=-5.49, Lmax=-5.14
14:52:15 [ultranest] [DEBUG] iteration=1930, ncalls=5116, regioncalls=189400, ndraw=40, logz=-9.29, remainder_fraction=29.9848%, Lmin=-5.49, Lmax=-5.14
14:52:16 [ultranest] [DEBUG] iteration=1932, ncalls=5119, regioncalls=189520, ndraw=40, logz=-9.29, remainder_fraction=29.8623%, Lmin=-5.49, Lmax=-5.14
14:52:16 [ultranest] [DEBUG] iteration=1933, ncalls=5125, regioncalls=189760, ndraw=40, logz=-9.28, remainder_fraction=29.7959%, Lmin=-5.49, Lmax=-5.14
14:52:16 [ultranest] [DEBUG] iteration=1934, ncalls=5128, regioncalls=189880, ndraw=40, logz=-9.28, remainder_fraction=29.7302%, Lmin=-5.49, Lmax=-5.14
14:52:17 [ultranest] [DEBUG] iteration=1936, ncalls=5139, regioncalls=190320, ndraw=40, logz=-9.28, remainder_fraction=29.5943%, Lmin=-5.49, Lmax=-5.14
14:52:17 [ultranest] [DEBUG] iteration=1937, ncalls=5145, regioncalls=190560, ndraw=40, logz=-9.28, remainder_fraction=29.5325%, Lmin=-5.49, Lmax=-5.14
14:52:17 [ultranest] [DEBUG] iteration=1938, ncalls=5150, regioncalls=190760, ndraw=40, logz=-9.28, remainder_fraction=29.4632%, Lmin=-5.48, Lmax=-5.14
14:52:17 [ultranest] [DEBUG] iteration=1939, ncalls=5152, regioncalls=190840, ndraw=40, logz=-9.28, remainder_fraction=29.4063%, Lmin=-5.48, Lmax=-5.14
14:52:17 [ultranest] [DEBUG] iteration=1940, ncalls=5156, regioncalls=191000, ndraw=40, logz=-9.28, remainder_fraction=29.3523%, Lmin=-5.48, Lmax=-5.14
14:52:18 [ultranest] [DEBUG] iteration=1942, ncalls=5163, regioncalls=191280, ndraw=40, logz=-9.28, remainder_fraction=29.2304%, Lmin=-5.48, Lmax=-5.14
14:52:18 [ultranest] [DEBUG] iteration=1943, ncalls=5166, regioncalls=191400, ndraw=40, logz=-9.28, remainder_fraction=29.1720%, Lmin=-5.48, Lmax=-5.14
14:52:18 [ultranest] [DEBUG] iteration=1944, ncalls=5169, regioncalls=191520, ndraw=40, logz=-9.27, remainder_fraction=29.1104%, Lmin=-5.48, Lmax=-5.14
14:52:18 [ultranest] [DEBUG] iteration=1947, ncalls=5175, regioncalls=191760, ndraw=40, logz=-9.27, remainder_fraction=28.9270%, Lmin=-5.47, Lmax=-5.14
14:52:19 [ultranest] [DEBUG] iteration=1948, ncalls=5184, regioncalls=192120, ndraw=40, logz=-9.27, remainder_fraction=28.8659%, Lmin=-5.47, Lmax=-5.14
14:52:19 [ultranest] [DEBUG] iteration=1950, ncalls=5191, regioncalls=192400, ndraw=40, logz=-9.27, remainder_fraction=28.7499%, Lmin=-5.47, Lmax=-5.14
14:52:19 [ultranest] [DEBUG] iteration=1951, ncalls=5196, regioncalls=192600, ndraw=40, logz=-9.27, remainder_fraction=28.6851%, Lmin=-5.47, Lmax=-5.14
14:52:20 [ultranest] [DEBUG] iteration=1952, ncalls=5200, regioncalls=192760, ndraw=40, logz=-9.27, remainder_fraction=28.6192%, Lmin=-5.47, Lmax=-5.14
14:52:20 [ultranest] [DEBUG] iteration=1953, ncalls=5205, regioncalls=192960, ndraw=40, logz=-9.27, remainder_fraction=28.5636%, Lmin=-5.46, Lmax=-5.14
14:52:20 [ultranest] [DEBUG] iteration=1955, ncalls=5211, regioncalls=193200, ndraw=40, logz=-9.27, remainder_fraction=28.4406%, Lmin=-5.46, Lmax=-5.14
14:52:20 [ultranest] [DEBUG] iteration=1956, ncalls=5215, regioncalls=193360, ndraw=40, logz=-9.26, remainder_fraction=28.3780%, Lmin=-5.46, Lmax=-5.14
14:52:20 [ultranest] [DEBUG] iteration=1958, ncalls=5218, regioncalls=193480, ndraw=40, logz=-9.26, remainder_fraction=28.2574%, Lmin=-5.46, Lmax=-5.14
14:52:21 [ultranest] [DEBUG] iteration=1959, ncalls=5223, regioncalls=193680, ndraw=40, logz=-9.26, remainder_fraction=28.1920%, Lmin=-5.46, Lmax=-5.14
14:52:21 [ultranest] [DEBUG] iteration=1960, ncalls=5225, regioncalls=193760, ndraw=40, logz=-9.26, remainder_fraction=28.1327%, Lmin=-5.46, Lmax=-5.14
14:52:21 [ultranest] [DEBUG] iteration=1961, ncalls=5227, regioncalls=193840, ndraw=40, logz=-9.26, remainder_fraction=28.0692%, Lmin=-5.46, Lmax=-5.14
14:52:21 [ultranest] [DEBUG] iteration=1962, ncalls=5230, regioncalls=193960, ndraw=40, logz=-9.26, remainder_fraction=28.0095%, Lmin=-5.46, Lmax=-5.14
14:52:21 [ultranest] [DEBUG] iteration=1963, ncalls=5233, regioncalls=194080, ndraw=40, logz=-9.26, remainder_fraction=27.9510%, Lmin=-5.45, Lmax=-5.14
14:52:21 [ultranest] [DEBUG] iteration=1965, ncalls=5240, regioncalls=194360, ndraw=40, logz=-9.26, remainder_fraction=27.8433%, Lmin=-5.45, Lmax=-5.14
14:52:22 [ultranest] [DEBUG] iteration=1966, ncalls=5245, regioncalls=194560, ndraw=40, logz=-9.26, remainder_fraction=27.7790%, Lmin=-5.45, Lmax=-5.14
14:52:22 [ultranest] [DEBUG] iteration=1968, ncalls=5247, regioncalls=194640, ndraw=40, logz=-9.25, remainder_fraction=27.6606%, Lmin=-5.45, Lmax=-5.14
14:52:22 [ultranest] [DEBUG] iteration=1970, ncalls=5252, regioncalls=194840, ndraw=40, logz=-9.25, remainder_fraction=27.5348%, Lmin=-5.45, Lmax=-5.14
14:52:22 [ultranest] [DEBUG] iteration=1971, ncalls=5255, regioncalls=194960, ndraw=40, logz=-9.25, remainder_fraction=27.4721%, Lmin=-5.45, Lmax=-5.14
14:52:22 [ultranest] [DEBUG] iteration=1973, ncalls=5259, regioncalls=195120, ndraw=40, logz=-9.25, remainder_fraction=27.3486%, Lmin=-5.45, Lmax=-5.14
14:52:23 [ultranest] [DEBUG] iteration=1974, ncalls=5264, regioncalls=195320, ndraw=40, logz=-9.25, remainder_fraction=27.2906%, Lmin=-5.45, Lmax=-5.14
14:52:23 [ultranest] [DEBUG] iteration=1975, ncalls=5271, regioncalls=195600, ndraw=40, logz=-9.25, remainder_fraction=27.2259%, Lmin=-5.45, Lmax=-5.14
14:52:23 [ultranest] [DEBUG] iteration=1976, ncalls=5274, regioncalls=195720, ndraw=40, logz=-9.25, remainder_fraction=27.1754%, Lmin=-5.44, Lmax=-5.14
14:52:23 [ultranest] [DEBUG] iteration=1978, ncalls=5280, regioncalls=195960, ndraw=40, logz=-9.25, remainder_fraction=27.0562%, Lmin=-5.44, Lmax=-5.14
14:52:24 [ultranest] [DEBUG] iteration=1979, ncalls=5285, regioncalls=196160, ndraw=40, logz=-9.25, remainder_fraction=26.9983%, Lmin=-5.44, Lmax=-5.14
14:52:24 [ultranest] [DEBUG] iteration=1980, ncalls=5286, regioncalls=196200, ndraw=40, logz=-9.24, remainder_fraction=26.9417%, Lmin=-5.44, Lmax=-5.14
14:52:24 [ultranest] [DEBUG] iteration=1981, ncalls=5288, regioncalls=196280, ndraw=40, logz=-9.24, remainder_fraction=26.8792%, Lmin=-5.44, Lmax=-5.14
14:52:24 [ultranest] [DEBUG] iteration=1983, ncalls=5299, regioncalls=196720, ndraw=40, logz=-9.24, remainder_fraction=26.7717%, Lmin=-5.44, Lmax=-5.14
14:52:25 [ultranest] [DEBUG] iteration=1984, ncalls=5301, regioncalls=196800, ndraw=40, logz=-9.24, remainder_fraction=26.7184%, Lmin=-5.44, Lmax=-5.14
14:52:25 [ultranest] [DEBUG] iteration=1986, ncalls=5304, regioncalls=196920, ndraw=40, logz=-9.24, remainder_fraction=26.6056%, Lmin=-5.44, Lmax=-5.14
14:52:25 [ultranest] [DEBUG] iteration=1987, ncalls=5306, regioncalls=197000, ndraw=40, logz=-9.24, remainder_fraction=26.5513%, Lmin=-5.44, Lmax=-5.14
14:52:25 [ultranest] [DEBUG] iteration=1989, ncalls=5316, regioncalls=197400, ndraw=40, logz=-9.24, remainder_fraction=26.4373%, Lmin=-5.44, Lmax=-5.14
14:52:25 [ultranest] [DEBUG] iteration=1990, ncalls=5319, regioncalls=197520, ndraw=40, logz=-9.24, remainder_fraction=26.3873%, Lmin=-5.44, Lmax=-5.14
14:52:26 [ultranest] [DEBUG] iteration=1991, ncalls=5333, regioncalls=198080, ndraw=40, logz=-9.24, remainder_fraction=26.3285%, Lmin=-5.44, Lmax=-5.14
14:52:27 [ultranest] [DEBUG] iteration=1992, ncalls=5345, regioncalls=198560, ndraw=40, logz=-9.24, remainder_fraction=26.2660%, Lmin=-5.44, Lmax=-5.14
14:52:27 [ultranest] [DEBUG] iteration=1993, ncalls=5354, regioncalls=198920, ndraw=40, logz=-9.23, remainder_fraction=26.2032%, Lmin=-5.43, Lmax=-5.14
14:52:27 [ultranest] [DEBUG] iteration=1994, ncalls=5358, regioncalls=199080, ndraw=40, logz=-9.23, remainder_fraction=26.1415%, Lmin=-5.43, Lmax=-5.14
14:52:28 [ultranest] [DEBUG] iteration=1995, ncalls=5367, regioncalls=199440, ndraw=40, logz=-9.23, remainder_fraction=26.0807%, Lmin=-5.43, Lmax=-5.14
14:52:28 [ultranest] [DEBUG] iteration=1996, ncalls=5369, regioncalls=199520, ndraw=40, logz=-9.23, remainder_fraction=26.0281%, Lmin=-5.43, Lmax=-5.14
14:52:28 [ultranest] [DEBUG] iteration=1997, ncalls=5373, regioncalls=199680, ndraw=40, logz=-9.23, remainder_fraction=25.9740%, Lmin=-5.43, Lmax=-5.14
14:52:28 [ultranest] [DEBUG] iteration=1998, ncalls=5377, regioncalls=199840, ndraw=40, logz=-9.23, remainder_fraction=25.9141%, Lmin=-5.43, Lmax=-5.14
14:52:28 [ultranest] [DEBUG] iteration=1999, ncalls=5379, regioncalls=199920, ndraw=40, logz=-9.23, remainder_fraction=25.8540%, Lmin=-5.43, Lmax=-5.14
14:52:29 [ultranest] [DEBUG] iteration=2000, ncalls=5386, regioncalls=200200, ndraw=40, logz=-9.23, remainder_fraction=25.7947%, Lmin=-5.43, Lmax=-5.14
14:52:29 [ultranest] [DEBUG] iteration=2003, ncalls=5389, regioncalls=200320, ndraw=40, logz=-9.23, remainder_fraction=25.6305%, Lmin=-5.43, Lmax=-5.14
14:52:29 [ultranest] [DEBUG] iteration=2005, ncalls=5392, regioncalls=200440, ndraw=40, logz=-9.23, remainder_fraction=25.5199%, Lmin=-5.42, Lmax=-5.14
14:52:29 [ultranest] [DEBUG] iteration=2006, ncalls=5402, regioncalls=200840, ndraw=40, logz=-9.22, remainder_fraction=25.4616%, Lmin=-5.42, Lmax=-5.14
14:52:30 [ultranest] [DEBUG] iteration=2007, ncalls=5408, regioncalls=201080, ndraw=40, logz=-9.22, remainder_fraction=25.4045%, Lmin=-5.42, Lmax=-5.14
14:52:30 [ultranest] [DEBUG] iteration=2008, ncalls=5410, regioncalls=201160, ndraw=40, logz=-9.22, remainder_fraction=25.3529%, Lmin=-5.42, Lmax=-5.14
14:52:30 [ultranest] [DEBUG] iteration=2010, ncalls=5419, regioncalls=201520, ndraw=40, logz=-9.22, remainder_fraction=25.2467%, Lmin=-5.42, Lmax=-5.14
14:52:30 [ultranest] [DEBUG] iteration=2011, ncalls=5424, regioncalls=201720, ndraw=40, logz=-9.22, remainder_fraction=25.1899%, Lmin=-5.42, Lmax=-5.14
14:52:31 [ultranest] [DEBUG] iteration=2012, ncalls=5428, regioncalls=201880, ndraw=40, logz=-9.22, remainder_fraction=25.1408%, Lmin=-5.42, Lmax=-5.14
14:52:31 [ultranest] [DEBUG] iteration=2013, ncalls=5431, regioncalls=202000, ndraw=40, logz=-9.22, remainder_fraction=25.0863%, Lmin=-5.42, Lmax=-5.14
14:52:31 [ultranest] [DEBUG] iteration=2014, ncalls=5436, regioncalls=202200, ndraw=40, logz=-9.22, remainder_fraction=25.0279%, Lmin=-5.42, Lmax=-5.14
14:52:31 [ultranest] [DEBUG] iteration=2015, ncalls=5441, regioncalls=202400, ndraw=40, logz=-9.22, remainder_fraction=24.9740%, Lmin=-5.42, Lmax=-5.14
14:52:31 [ultranest] [DEBUG] iteration=2017, ncalls=5446, regioncalls=202600, ndraw=40, logz=-9.22, remainder_fraction=24.8579%, Lmin=-5.41, Lmax=-5.14
14:52:32 [ultranest] [DEBUG] iteration=2019, ncalls=5454, regioncalls=202920, ndraw=40, logz=-9.22, remainder_fraction=24.7539%, Lmin=-5.41, Lmax=-5.14
14:52:32 [ultranest] [DEBUG] iteration=2020, ncalls=5457, regioncalls=203040, ndraw=40, logz=-9.21, remainder_fraction=24.7025%, Lmin=-5.41, Lmax=-5.14
14:52:32 [ultranest] [DEBUG] iteration=2021, ncalls=5466, regioncalls=203400, ndraw=40, logz=-9.21, remainder_fraction=24.6549%, Lmin=-5.41, Lmax=-5.14
14:52:33 [ultranest] [DEBUG] iteration=2022, ncalls=5470, regioncalls=203560, ndraw=40, logz=-9.21, remainder_fraction=24.5953%, Lmin=-5.41, Lmax=-5.14
14:52:33 [ultranest] [DEBUG] iteration=2023, ncalls=5473, regioncalls=203680, ndraw=40, logz=-9.21, remainder_fraction=24.5377%, Lmin=-5.41, Lmax=-5.14
14:52:33 [ultranest] [DEBUG] iteration=2024, ncalls=5477, regioncalls=203840, ndraw=40, logz=-9.21, remainder_fraction=24.4793%, Lmin=-5.41, Lmax=-5.14
14:52:33 [ultranest] [DEBUG] iteration=2026, ncalls=5481, regioncalls=204000, ndraw=40, logz=-9.21, remainder_fraction=24.3704%, Lmin=-5.41, Lmax=-5.14
14:52:33 [ultranest] [DEBUG] iteration=2027, ncalls=5486, regioncalls=204200, ndraw=40, logz=-9.21, remainder_fraction=24.3124%, Lmin=-5.41, Lmax=-5.14
14:52:34 [ultranest] [DEBUG] iteration=2028, ncalls=5492, regioncalls=204440, ndraw=40, logz=-9.21, remainder_fraction=24.2597%, Lmin=-5.41, Lmax=-5.14
14:52:34 [ultranest] [DEBUG] iteration=2030, ncalls=5502, regioncalls=204840, ndraw=40, logz=-9.21, remainder_fraction=24.1623%, Lmin=-5.41, Lmax=-5.14
14:52:34 [ultranest] [DEBUG] iteration=2031, ncalls=5506, regioncalls=205000, ndraw=40, logz=-9.21, remainder_fraction=24.1083%, Lmin=-5.41, Lmax=-5.14
14:52:35 [ultranest] [DEBUG] iteration=2032, ncalls=5519, regioncalls=205520, ndraw=40, logz=-9.21, remainder_fraction=24.0567%, Lmin=-5.41, Lmax=-5.14
14:52:36 [ultranest] [DEBUG] iteration=2034, ncalls=5534, regioncalls=206120, ndraw=40, logz=-9.20, remainder_fraction=23.9549%, Lmin=-5.41, Lmax=-5.14
14:52:36 [ultranest] [DEBUG] iteration=2036, ncalls=5539, regioncalls=206320, ndraw=40, logz=-9.20, remainder_fraction=23.8610%, Lmin=-5.40, Lmax=-5.14
14:52:36 [ultranest] [DEBUG] iteration=2039, ncalls=5543, regioncalls=206480, ndraw=40, logz=-9.20, remainder_fraction=23.6984%, Lmin=-5.40, Lmax=-5.14
14:52:36 [ultranest] [DEBUG] iteration=2040, ncalls=5551, regioncalls=206800, ndraw=40, logz=-9.20, remainder_fraction=23.6458%, Lmin=-5.40, Lmax=-5.14
14:52:37 [ultranest] [DEBUG] iteration=2041, ncalls=5560, regioncalls=207160, ndraw=40, logz=-9.20, remainder_fraction=23.5945%, Lmin=-5.40, Lmax=-5.14
14:52:37 [ultranest] [DEBUG] iteration=2042, ncalls=5563, regioncalls=207280, ndraw=40, logz=-9.20, remainder_fraction=23.5434%, Lmin=-5.40, Lmax=-5.14
14:52:37 [ultranest] [DEBUG] iteration=2043, ncalls=5572, regioncalls=207640, ndraw=40, logz=-9.20, remainder_fraction=23.4880%, Lmin=-5.40, Lmax=-5.14
14:52:38 [ultranest] [DEBUG] iteration=2045, ncalls=5577, regioncalls=207840, ndraw=40, logz=-9.20, remainder_fraction=23.3910%, Lmin=-5.40, Lmax=-5.14
14:52:38 [ultranest] [DEBUG] iteration=2046, ncalls=5581, regioncalls=208000, ndraw=40, logz=-9.20, remainder_fraction=23.3433%, Lmin=-5.40, Lmax=-5.14
14:52:38 [ultranest] [DEBUG] iteration=2048, ncalls=5584, regioncalls=208120, ndraw=40, logz=-9.20, remainder_fraction=23.2395%, Lmin=-5.40, Lmax=-5.14
14:52:38 [ultranest] [DEBUG] iteration=2050, ncalls=5587, regioncalls=208240, ndraw=40, logz=-9.19, remainder_fraction=23.1401%, Lmin=-5.40, Lmax=-5.14
14:52:39 [ultranest] [DEBUG] iteration=2052, ncalls=5597, regioncalls=208640, ndraw=40, logz=-9.19, remainder_fraction=23.0441%, Lmin=-5.39, Lmax=-5.14
14:52:39 [ultranest] [DEBUG] iteration=2053, ncalls=5602, regioncalls=208840, ndraw=40, logz=-9.19, remainder_fraction=22.9967%, Lmin=-5.39, Lmax=-5.14
14:52:39 [ultranest] [DEBUG] iteration=2054, ncalls=5606, regioncalls=209000, ndraw=40, logz=-9.19, remainder_fraction=22.9513%, Lmin=-5.39, Lmax=-5.14
14:52:39 [ultranest] [DEBUG] iteration=2055, ncalls=5614, regioncalls=209320, ndraw=40, logz=-9.19, remainder_fraction=22.9011%, Lmin=-5.39, Lmax=-5.14
14:52:40 [ultranest] [DEBUG] iteration=2056, ncalls=5617, regioncalls=209440, ndraw=40, logz=-9.19, remainder_fraction=22.8498%, Lmin=-5.39, Lmax=-5.14
14:52:40 [ultranest] [DEBUG] iteration=2058, ncalls=5621, regioncalls=209600, ndraw=40, logz=-9.19, remainder_fraction=22.7528%, Lmin=-5.39, Lmax=-5.14
14:52:40 [ultranest] [DEBUG] iteration=2059, ncalls=5626, regioncalls=209800, ndraw=40, logz=-9.19, remainder_fraction=22.7020%, Lmin=-5.39, Lmax=-5.14
14:52:41 [ultranest] [DEBUG] iteration=2060, ncalls=5636, regioncalls=210200, ndraw=40, logz=-9.19, remainder_fraction=22.6479%, Lmin=-5.39, Lmax=-5.14
14:52:41 [ultranest] [DEBUG] iteration=2061, ncalls=5640, regioncalls=210360, ndraw=40, logz=-9.19, remainder_fraction=22.5995%, Lmin=-5.39, Lmax=-5.14
14:52:41 [ultranest] [DEBUG] iteration=2062, ncalls=5653, regioncalls=210880, ndraw=40, logz=-9.19, remainder_fraction=22.5450%, Lmin=-5.39, Lmax=-5.14
14:52:42 [ultranest] [DEBUG] iteration=2063, ncalls=5657, regioncalls=211040, ndraw=40, logz=-9.19, remainder_fraction=22.4964%, Lmin=-5.39, Lmax=-5.14
14:52:42 [ultranest] [DEBUG] iteration=2065, ncalls=5662, regioncalls=211240, ndraw=40, logz=-9.18, remainder_fraction=22.4022%, Lmin=-5.39, Lmax=-5.14
14:52:42 [ultranest] [DEBUG] iteration=2067, ncalls=5668, regioncalls=211480, ndraw=40, logz=-9.18, remainder_fraction=22.3089%, Lmin=-5.39, Lmax=-5.14
14:52:42 [ultranest] [DEBUG] iteration=2068, ncalls=5672, regioncalls=211640, ndraw=40, logz=-9.18, remainder_fraction=22.2574%, Lmin=-5.39, Lmax=-5.14
14:52:42 [ultranest] [DEBUG] iteration=2069, ncalls=5675, regioncalls=211760, ndraw=40, logz=-9.18, remainder_fraction=22.2036%, Lmin=-5.39, Lmax=-5.14
14:52:43 [ultranest] [DEBUG] iteration=2070, ncalls=5678, regioncalls=211880, ndraw=40, logz=-9.18, remainder_fraction=22.1535%, Lmin=-5.39, Lmax=-5.14
14:52:43 [ultranest] [DEBUG] iteration=2071, ncalls=5681, regioncalls=212000, ndraw=40, logz=-9.18, remainder_fraction=22.1072%, Lmin=-5.39, Lmax=-5.14
14:52:43 [ultranest] [DEBUG] iteration=2072, ncalls=5684, regioncalls=212120, ndraw=40, logz=-9.18, remainder_fraction=22.0623%, Lmin=-5.38, Lmax=-5.14
14:52:43 [ultranest] [DEBUG] iteration=2073, ncalls=5690, regioncalls=212360, ndraw=40, logz=-9.18, remainder_fraction=22.0114%, Lmin=-5.38, Lmax=-5.14
14:52:44 [ultranest] [DEBUG] iteration=2074, ncalls=5696, regioncalls=212600, ndraw=40, logz=-9.18, remainder_fraction=21.9582%, Lmin=-5.38, Lmax=-5.14
14:52:44 [ultranest] [DEBUG] iteration=2075, ncalls=5704, regioncalls=212920, ndraw=40, logz=-9.18, remainder_fraction=21.9132%, Lmin=-5.38, Lmax=-5.14
14:52:44 [ultranest] [DEBUG] iteration=2077, ncalls=5707, regioncalls=213040, ndraw=40, logz=-9.18, remainder_fraction=21.8136%, Lmin=-5.38, Lmax=-5.14
14:52:44 [ultranest] [DEBUG] iteration=2078, ncalls=5712, regioncalls=213240, ndraw=40, logz=-9.18, remainder_fraction=21.7661%, Lmin=-5.38, Lmax=-5.14
14:52:44 [ultranest] [DEBUG] iteration=2080, ncalls=5714, regioncalls=213320, ndraw=40, logz=-9.17, remainder_fraction=21.6672%, Lmin=-5.38, Lmax=-5.14
14:52:45 [ultranest] [DEBUG] iteration=2081, ncalls=5718, regioncalls=213480, ndraw=40, logz=-9.17, remainder_fraction=21.6235%, Lmin=-5.38, Lmax=-5.14
14:52:45 [ultranest] [DEBUG] iteration=2082, ncalls=5731, regioncalls=214000, ndraw=40, logz=-9.17, remainder_fraction=21.5806%, Lmin=-5.38, Lmax=-5.14
14:52:46 [ultranest] [DEBUG] iteration=2083, ncalls=5736, regioncalls=214240, ndraw=40, logz=-9.17, remainder_fraction=21.5317%, Lmin=-5.38, Lmax=-5.14
14:52:46 [ultranest] [DEBUG] iteration=2084, ncalls=5741, regioncalls=214480, ndraw=40, logz=-9.17, remainder_fraction=21.4873%, Lmin=-5.38, Lmax=-5.14
14:52:46 [ultranest] [DEBUG] iteration=2085, ncalls=5746, regioncalls=214760, ndraw=40, logz=-9.17, remainder_fraction=21.4417%, Lmin=-5.38, Lmax=-5.14
14:52:46 [ultranest] [DEBUG] iteration=2086, ncalls=5749, regioncalls=214880, ndraw=40, logz=-9.17, remainder_fraction=21.3919%, Lmin=-5.38, Lmax=-5.14
14:52:47 [ultranest] [DEBUG] iteration=2087, ncalls=5758, regioncalls=215440, ndraw=40, logz=-9.17, remainder_fraction=21.3475%, Lmin=-5.38, Lmax=-5.14
14:52:47 [ultranest] [DEBUG] iteration=2089, ncalls=5772, regioncalls=216000, ndraw=40, logz=-9.17, remainder_fraction=21.2485%, Lmin=-5.38, Lmax=-5.14
14:52:48 [ultranest] [DEBUG] iteration=2091, ncalls=5781, regioncalls=216360, ndraw=40, logz=-9.17, remainder_fraction=21.1608%, Lmin=-5.38, Lmax=-5.14
14:52:48 [ultranest] [DEBUG] iteration=2093, ncalls=5789, regioncalls=216880, ndraw=40, logz=-9.17, remainder_fraction=21.0613%, Lmin=-5.38, Lmax=-5.14
14:52:49 [ultranest] [DEBUG] iteration=2094, ncalls=5799, regioncalls=217280, ndraw=40, logz=-9.17, remainder_fraction=21.0196%, Lmin=-5.37, Lmax=-5.14
14:52:49 [ultranest] [DEBUG] iteration=2095, ncalls=5806, regioncalls=217560, ndraw=40, logz=-9.17, remainder_fraction=20.9775%, Lmin=-5.37, Lmax=-5.14
14:52:49 [ultranest] [DEBUG] iteration=2097, ncalls=5809, regioncalls=217680, ndraw=40, logz=-9.16, remainder_fraction=20.8791%, Lmin=-5.37, Lmax=-5.14
14:52:49 [ultranest] [DEBUG] iteration=2098, ncalls=5813, regioncalls=217840, ndraw=40, logz=-9.16, remainder_fraction=20.8328%, Lmin=-5.37, Lmax=-5.14
14:52:49 [ultranest] [DEBUG] iteration=2099, ncalls=5816, regioncalls=217960, ndraw=40, logz=-9.16, remainder_fraction=20.7915%, Lmin=-5.37, Lmax=-5.14
14:52:50 [ultranest] [DEBUG] iteration=2101, ncalls=5821, regioncalls=218160, ndraw=40, logz=-9.16, remainder_fraction=20.6979%, Lmin=-5.37, Lmax=-5.14
14:52:50 [ultranest] [DEBUG] iteration=2102, ncalls=5823, regioncalls=218240, ndraw=40, logz=-9.16, remainder_fraction=20.6489%, Lmin=-5.37, Lmax=-5.14
14:52:50 [ultranest] [DEBUG] iteration=2105, ncalls=5827, regioncalls=218400, ndraw=40, logz=-9.16, remainder_fraction=20.5070%, Lmin=-5.37, Lmax=-5.14
14:52:50 [ultranest] [DEBUG] iteration=2106, ncalls=5830, regioncalls=218520, ndraw=40, logz=-9.16, remainder_fraction=20.4591%, Lmin=-5.37, Lmax=-5.14
14:52:50 [ultranest] [DEBUG] iteration=2108, ncalls=5836, regioncalls=218760, ndraw=40, logz=-9.16, remainder_fraction=20.3688%, Lmin=-5.36, Lmax=-5.14
14:52:51 [ultranest] [DEBUG] iteration=2109, ncalls=5839, regioncalls=218880, ndraw=40, logz=-9.16, remainder_fraction=20.3194%, Lmin=-5.36, Lmax=-5.14
14:52:51 [ultranest] [DEBUG] iteration=2110, ncalls=5842, regioncalls=219000, ndraw=40, logz=-9.16, remainder_fraction=20.2748%, Lmin=-5.36, Lmax=-5.14
14:52:51 [ultranest] [DEBUG] iteration=2111, ncalls=5845, regioncalls=219120, ndraw=40, logz=-9.16, remainder_fraction=20.2333%, Lmin=-5.36, Lmax=-5.14
14:52:51 [ultranest] [DEBUG] iteration=2112, ncalls=5850, regioncalls=219320, ndraw=40, logz=-9.16, remainder_fraction=20.1868%, Lmin=-5.36, Lmax=-5.14
14:52:52 [ultranest] [DEBUG] iteration=2113, ncalls=5861, regioncalls=219760, ndraw=40, logz=-9.16, remainder_fraction=20.1425%, Lmin=-5.36, Lmax=-5.14
14:52:52 [ultranest] [DEBUG] iteration=2114, ncalls=5867, regioncalls=220000, ndraw=40, logz=-9.15, remainder_fraction=20.0977%, Lmin=-5.36, Lmax=-5.14
14:52:52 [ultranest] [DEBUG] iteration=2115, ncalls=5876, regioncalls=220360, ndraw=40, logz=-9.15, remainder_fraction=20.0571%, Lmin=-5.36, Lmax=-5.14
14:52:53 [ultranest] [DEBUG] iteration=2116, ncalls=5889, regioncalls=220880, ndraw=40, logz=-9.15, remainder_fraction=20.0149%, Lmin=-5.36, Lmax=-5.14
14:52:53 [ultranest] [DEBUG] iteration=2117, ncalls=5895, regioncalls=221120, ndraw=40, logz=-9.15, remainder_fraction=19.9685%, Lmin=-5.36, Lmax=-5.14
14:52:54 [ultranest] [DEBUG] iteration=2118, ncalls=5900, regioncalls=221320, ndraw=40, logz=-9.15, remainder_fraction=19.9230%, Lmin=-5.35, Lmax=-5.14
14:52:54 [ultranest] [DEBUG] iteration=2119, ncalls=5903, regioncalls=221440, ndraw=40, logz=-9.15, remainder_fraction=19.8793%, Lmin=-5.35, Lmax=-5.14
14:52:54 [ultranest] [DEBUG] iteration=2120, ncalls=5907, regioncalls=221600, ndraw=40, logz=-9.15, remainder_fraction=19.8364%, Lmin=-5.35, Lmax=-5.14
14:52:55 [ultranest] [DEBUG] iteration=2122, ncalls=5923, regioncalls=222240, ndraw=40, logz=-9.15, remainder_fraction=19.7477%, Lmin=-5.35, Lmax=-5.14
14:52:55 [ultranest] [DEBUG] iteration=2124, ncalls=5936, regioncalls=222760, ndraw=40, logz=-9.15, remainder_fraction=19.6610%, Lmin=-5.35, Lmax=-5.14
14:52:55 [ultranest] [DEBUG] iteration=2125, ncalls=5940, regioncalls=222920, ndraw=40, logz=-9.15, remainder_fraction=19.6142%, Lmin=-5.35, Lmax=-5.14
14:52:56 [ultranest] [DEBUG] iteration=2126, ncalls=5947, regioncalls=223200, ndraw=40, logz=-9.15, remainder_fraction=19.5709%, Lmin=-5.35, Lmax=-5.14
14:52:56 [ultranest] [DEBUG] iteration=2128, ncalls=5952, regioncalls=223400, ndraw=40, logz=-9.15, remainder_fraction=19.4877%, Lmin=-5.35, Lmax=-5.14
14:52:56 [ultranest] [DEBUG] iteration=2129, ncalls=5955, regioncalls=223520, ndraw=40, logz=-9.15, remainder_fraction=19.4419%, Lmin=-5.35, Lmax=-5.14
14:52:56 [ultranest] [DEBUG] iteration=2131, ncalls=5962, regioncalls=223800, ndraw=40, logz=-9.15, remainder_fraction=19.3514%, Lmin=-5.35, Lmax=-5.14
14:52:57 [ultranest] [DEBUG] iteration=2132, ncalls=5965, regioncalls=223920, ndraw=40, logz=-9.14, remainder_fraction=19.3071%, Lmin=-5.35, Lmax=-5.14
14:52:57 [ultranest] [DEBUG] iteration=2134, ncalls=5971, regioncalls=224160, ndraw=40, logz=-9.14, remainder_fraction=19.2237%, Lmin=-5.35, Lmax=-5.14
14:52:58 [ultranest] [DEBUG] iteration=2135, ncalls=5984, regioncalls=224680, ndraw=40, logz=-9.14, remainder_fraction=19.1769%, Lmin=-5.35, Lmax=-5.14
14:52:58 [ultranest] [DEBUG] iteration=2136, ncalls=5989, regioncalls=224880, ndraw=40, logz=-9.14, remainder_fraction=19.1330%, Lmin=-5.34, Lmax=-5.14
14:52:58 [ultranest] [DEBUG] iteration=2137, ncalls=5994, regioncalls=225080, ndraw=40, logz=-9.14, remainder_fraction=19.0940%, Lmin=-5.34, Lmax=-5.14
14:52:58 [ultranest] [DEBUG] iteration=2139, ncalls=6005, regioncalls=225520, ndraw=40, logz=-9.14, remainder_fraction=19.0084%, Lmin=-5.34, Lmax=-5.14
14:52:59 [ultranest] [DEBUG] iteration=2141, ncalls=6013, regioncalls=225840, ndraw=40, logz=-9.14, remainder_fraction=18.9210%, Lmin=-5.34, Lmax=-5.14
14:52:59 [ultranest] [DEBUG] iteration=2142, ncalls=6015, regioncalls=225920, ndraw=40, logz=-9.14, remainder_fraction=18.8784%, Lmin=-5.34, Lmax=-5.14
14:52:59 [ultranest] [DEBUG] iteration=2143, ncalls=6021, regioncalls=226160, ndraw=40, logz=-9.14, remainder_fraction=18.8387%, Lmin=-5.34, Lmax=-5.14
14:53:00 [ultranest] [DEBUG] iteration=2144, ncalls=6026, regioncalls=226360, ndraw=40, logz=-9.14, remainder_fraction=18.7951%, Lmin=-5.34, Lmax=-5.14
14:53:00 [ultranest] [DEBUG] iteration=2145, ncalls=6030, regioncalls=226520, ndraw=40, logz=-9.14, remainder_fraction=18.7501%, Lmin=-5.34, Lmax=-5.14
14:53:00 [ultranest] [DEBUG] iteration=2146, ncalls=6036, regioncalls=226760, ndraw=40, logz=-9.14, remainder_fraction=18.7047%, Lmin=-5.34, Lmax=-5.14
14:53:00 [ultranest] [DEBUG] iteration=2147, ncalls=6043, regioncalls=227040, ndraw=40, logz=-9.14, remainder_fraction=18.6588%, Lmin=-5.34, Lmax=-5.14
14:53:01 [ultranest] [DEBUG] iteration=2148, ncalls=6056, regioncalls=227560, ndraw=40, logz=-9.14, remainder_fraction=18.6154%, Lmin=-5.33, Lmax=-5.14
14:53:01 [ultranest] [DEBUG] iteration=2150, ncalls=6064, regioncalls=227880, ndraw=40, logz=-9.14, remainder_fraction=18.5288%, Lmin=-5.33, Lmax=-5.14
14:53:02 [ultranest] [DEBUG] iteration=2151, ncalls=6067, regioncalls=228000, ndraw=40, logz=-9.13, remainder_fraction=18.4907%, Lmin=-5.33, Lmax=-5.14
14:53:02 [ultranest] [DEBUG] iteration=2153, ncalls=6073, regioncalls=228240, ndraw=40, logz=-9.13, remainder_fraction=18.4096%, Lmin=-5.33, Lmax=-5.14
14:53:02 [ultranest] [DEBUG] iteration=2154, ncalls=6079, regioncalls=228480, ndraw=40, logz=-9.13, remainder_fraction=18.3690%, Lmin=-5.33, Lmax=-5.14
14:53:02 [ultranest] [DEBUG] iteration=2157, ncalls=6086, regioncalls=228760, ndraw=40, logz=-9.13, remainder_fraction=18.2494%, Lmin=-5.33, Lmax=-5.14
14:53:03 [ultranest] [DEBUG] iteration=2158, ncalls=6089, regioncalls=228880, ndraw=40, logz=-9.13, remainder_fraction=18.2100%, Lmin=-5.33, Lmax=-5.14
14:53:03 [ultranest] [DEBUG] iteration=2159, ncalls=6099, regioncalls=229280, ndraw=40, logz=-9.13, remainder_fraction=18.1663%, Lmin=-5.33, Lmax=-5.14
14:53:03 [ultranest] [DEBUG] iteration=2160, ncalls=6101, regioncalls=229440, ndraw=40, logz=-9.13, remainder_fraction=18.1257%, Lmin=-5.33, Lmax=-5.14
14:53:03 [ultranest] [DEBUG] iteration=2161, ncalls=6103, regioncalls=229520, ndraw=40, logz=-9.13, remainder_fraction=18.0833%, Lmin=-5.33, Lmax=-5.14
14:53:04 [ultranest] [DEBUG] iteration=2163, ncalls=6107, regioncalls=229680, ndraw=40, logz=-9.13, remainder_fraction=17.9989%, Lmin=-5.33, Lmax=-5.14
14:53:04 [ultranest] [DEBUG] iteration=2165, ncalls=6110, regioncalls=229800, ndraw=40, logz=-9.13, remainder_fraction=17.9166%, Lmin=-5.33, Lmax=-5.14
14:53:04 [ultranest] [DEBUG] iteration=2167, ncalls=6115, regioncalls=230000, ndraw=40, logz=-9.13, remainder_fraction=17.8319%, Lmin=-5.33, Lmax=-5.14
14:53:04 [ultranest] [DEBUG] iteration=2169, ncalls=6119, regioncalls=230160, ndraw=40, logz=-9.13, remainder_fraction=17.7471%, Lmin=-5.32, Lmax=-5.14
14:53:04 [ultranest] [DEBUG] iteration=2170, ncalls=6124, regioncalls=230360, ndraw=40, logz=-9.13, remainder_fraction=17.7077%, Lmin=-5.32, Lmax=-5.14
14:53:05 [ultranest] [DEBUG] iteration=2171, ncalls=6128, regioncalls=230520, ndraw=40, logz=-9.12, remainder_fraction=17.6646%, Lmin=-5.32, Lmax=-5.14
14:53:05 [ultranest] [DEBUG] iteration=2172, ncalls=6135, regioncalls=230800, ndraw=40, logz=-9.12, remainder_fraction=17.6235%, Lmin=-5.32, Lmax=-5.14
14:53:05 [ultranest] [DEBUG] iteration=2173, ncalls=6140, regioncalls=231000, ndraw=40, logz=-9.12, remainder_fraction=17.5831%, Lmin=-5.32, Lmax=-5.14
14:53:05 [ultranest] [DEBUG] iteration=2174, ncalls=6143, regioncalls=231120, ndraw=40, logz=-9.12, remainder_fraction=17.5429%, Lmin=-5.32, Lmax=-5.14
14:53:06 [ultranest] [DEBUG] iteration=2176, ncalls=6152, regioncalls=231480, ndraw=40, logz=-9.12, remainder_fraction=17.4652%, Lmin=-5.32, Lmax=-5.14
14:53:06 [ultranest] [DEBUG] iteration=2178, ncalls=6156, regioncalls=231640, ndraw=40, logz=-9.12, remainder_fraction=17.3804%, Lmin=-5.32, Lmax=-5.14
14:53:06 [ultranest] [DEBUG] iteration=2179, ncalls=6164, regioncalls=231960, ndraw=40, logz=-9.12, remainder_fraction=17.3432%, Lmin=-5.32, Lmax=-5.14
14:53:06 [ultranest] [DEBUG] iteration=2181, ncalls=6166, regioncalls=232040, ndraw=40, logz=-9.12, remainder_fraction=17.2664%, Lmin=-5.32, Lmax=-5.14
14:53:07 [ultranest] [DEBUG] iteration=2182, ncalls=6172, regioncalls=232280, ndraw=40, logz=-9.12, remainder_fraction=17.2253%, Lmin=-5.32, Lmax=-5.14
14:53:07 [ultranest] [DEBUG] iteration=2183, ncalls=6176, regioncalls=232440, ndraw=40, logz=-9.12, remainder_fraction=17.1849%, Lmin=-5.32, Lmax=-5.14
14:53:07 [ultranest] [DEBUG] iteration=2185, ncalls=6179, regioncalls=232560, ndraw=40, logz=-9.12, remainder_fraction=17.1076%, Lmin=-5.32, Lmax=-5.14
14:53:07 [ultranest] [DEBUG] iteration=2187, ncalls=6181, regioncalls=232640, ndraw=40, logz=-9.12, remainder_fraction=17.0319%, Lmin=-5.32, Lmax=-5.14
14:53:07 [ultranest] [DEBUG] iteration=2189, ncalls=6186, regioncalls=232840, ndraw=40, logz=-9.12, remainder_fraction=16.9532%, Lmin=-5.32, Lmax=-5.14
14:53:08 [ultranest] [DEBUG] iteration=2190, ncalls=6189, regioncalls=232960, ndraw=40, logz=-9.12, remainder_fraction=16.9132%, Lmin=-5.31, Lmax=-5.14
14:53:08 [ultranest] [DEBUG] iteration=2192, ncalls=6193, regioncalls=233120, ndraw=40, logz=-9.11, remainder_fraction=16.8311%, Lmin=-5.31, Lmax=-5.14
14:53:08 [ultranest] [DEBUG] iteration=2193, ncalls=6196, regioncalls=233240, ndraw=40, logz=-9.11, remainder_fraction=16.7919%, Lmin=-5.31, Lmax=-5.14
14:53:08 [ultranest] [DEBUG] iteration=2194, ncalls=6201, regioncalls=233440, ndraw=40, logz=-9.11, remainder_fraction=16.7525%, Lmin=-5.31, Lmax=-5.14
14:53:08 [ultranest] [DEBUG] iteration=2197, ncalls=6206, regioncalls=233640, ndraw=40, logz=-9.11, remainder_fraction=16.6406%, Lmin=-5.31, Lmax=-5.14
14:53:09 [ultranest] [DEBUG] iteration=2199, ncalls=6209, regioncalls=233760, ndraw=40, logz=-9.11, remainder_fraction=16.5648%, Lmin=-5.31, Lmax=-5.14
14:53:09 [ultranest] [DEBUG] iteration=2200, ncalls=6210, regioncalls=233800, ndraw=40, logz=-9.11, remainder_fraction=16.5295%, Lmin=-5.31, Lmax=-5.14
14:53:09 [ultranest] [DEBUG] iteration=2201, ncalls=6217, regioncalls=234080, ndraw=40, logz=-9.11, remainder_fraction=16.4929%, Lmin=-5.31, Lmax=-5.14
14:53:09 [ultranest] [DEBUG] iteration=2202, ncalls=6223, regioncalls=234320, ndraw=40, logz=-9.11, remainder_fraction=16.4526%, Lmin=-5.31, Lmax=-5.14
14:53:09 [ultranest] [DEBUG] iteration=2205, ncalls=6226, regioncalls=234440, ndraw=40, logz=-9.11, remainder_fraction=16.3420%, Lmin=-5.31, Lmax=-5.14
14:53:09 [ultranest] [DEBUG] iteration=2206, ncalls=6229, regioncalls=234560, ndraw=40, logz=-9.11, remainder_fraction=16.3025%, Lmin=-5.31, Lmax=-5.14
14:53:10 [ultranest] [DEBUG] iteration=2207, ncalls=6232, regioncalls=234680, ndraw=40, logz=-9.11, remainder_fraction=16.2681%, Lmin=-5.31, Lmax=-5.14
14:53:10 [ultranest] [DEBUG] iteration=2208, ncalls=6236, regioncalls=234840, ndraw=40, logz=-9.11, remainder_fraction=16.2315%, Lmin=-5.31, Lmax=-5.14
14:53:10 [ultranest] [DEBUG] iteration=2209, ncalls=6243, regioncalls=235120, ndraw=40, logz=-9.11, remainder_fraction=16.1949%, Lmin=-5.31, Lmax=-5.14
14:53:10 [ultranest] [DEBUG] iteration=2210, ncalls=6248, regioncalls=235320, ndraw=40, logz=-9.11, remainder_fraction=16.1579%, Lmin=-5.31, Lmax=-5.14
14:53:11 [ultranest] [DEBUG] iteration=2212, ncalls=6253, regioncalls=235520, ndraw=40, logz=-9.11, remainder_fraction=16.0841%, Lmin=-5.31, Lmax=-5.14
14:53:11 [ultranest] [DEBUG] iteration=2213, ncalls=6258, regioncalls=235720, ndraw=40, logz=-9.11, remainder_fraction=16.0474%, Lmin=-5.31, Lmax=-5.14
14:53:11 [ultranest] [DEBUG] iteration=2214, ncalls=6264, regioncalls=235960, ndraw=40, logz=-9.10, remainder_fraction=16.0109%, Lmin=-5.31, Lmax=-5.14
14:53:12 [ultranest] [DEBUG] iteration=2216, ncalls=6271, regioncalls=236240, ndraw=40, logz=-9.10, remainder_fraction=15.9331%, Lmin=-5.31, Lmax=-5.14
14:53:12 [ultranest] [DEBUG] iteration=2218, ncalls=6274, regioncalls=236360, ndraw=40, logz=-9.10, remainder_fraction=15.8654%, Lmin=-5.31, Lmax=-5.14
14:53:12 [ultranest] [DEBUG] iteration=2219, ncalls=6285, regioncalls=236800, ndraw=40, logz=-9.10, remainder_fraction=15.8265%, Lmin=-5.31, Lmax=-5.14
14:53:13 [ultranest] [DEBUG] iteration=2220, ncalls=6294, regioncalls=237160, ndraw=40, logz=-9.10, remainder_fraction=15.7925%, Lmin=-5.30, Lmax=-5.14
14:53:13 [ultranest] [DEBUG] iteration=2221, ncalls=6302, regioncalls=237480, ndraw=40, logz=-9.10, remainder_fraction=15.7548%, Lmin=-5.30, Lmax=-5.14
14:53:13 [ultranest] [DEBUG] iteration=2222, ncalls=6305, regioncalls=237600, ndraw=40, logz=-9.10, remainder_fraction=15.7168%, Lmin=-5.30, Lmax=-5.14
14:53:13 [ultranest] [DEBUG] iteration=2223, ncalls=6310, regioncalls=237800, ndraw=40, logz=-9.10, remainder_fraction=15.6792%, Lmin=-5.30, Lmax=-5.14
14:53:14 [ultranest] [DEBUG] iteration=2225, ncalls=6313, regioncalls=237920, ndraw=40, logz=-9.10, remainder_fraction=15.6048%, Lmin=-5.30, Lmax=-5.14
14:53:14 [ultranest] [DEBUG] iteration=2226, ncalls=6315, regioncalls=238000, ndraw=40, logz=-9.10, remainder_fraction=15.5680%, Lmin=-5.30, Lmax=-5.14
14:53:14 [ultranest] [DEBUG] iteration=2227, ncalls=6318, regioncalls=238120, ndraw=40, logz=-9.10, remainder_fraction=15.5305%, Lmin=-5.30, Lmax=-5.14
14:53:14 [ultranest] [DEBUG] iteration=2229, ncalls=6323, regioncalls=238320, ndraw=40, logz=-9.10, remainder_fraction=15.4592%, Lmin=-5.30, Lmax=-5.14
14:53:14 [ultranest] [DEBUG] iteration=2230, ncalls=6327, regioncalls=238480, ndraw=40, logz=-9.10, remainder_fraction=15.4255%, Lmin=-5.30, Lmax=-5.14
14:53:14 [ultranest] [DEBUG] iteration=2232, ncalls=6332, regioncalls=238680, ndraw=40, logz=-9.10, remainder_fraction=15.3551%, Lmin=-5.30, Lmax=-5.14
14:53:15 [ultranest] [DEBUG] iteration=2233, ncalls=6336, regioncalls=238840, ndraw=40, logz=-9.10, remainder_fraction=15.3173%, Lmin=-5.30, Lmax=-5.14
14:53:15 [ultranest] [DEBUG] iteration=2234, ncalls=6339, regioncalls=238960, ndraw=40, logz=-9.10, remainder_fraction=15.2807%, Lmin=-5.30, Lmax=-5.14
14:53:15 [ultranest] [DEBUG] iteration=2236, ncalls=6344, regioncalls=239160, ndraw=40, logz=-9.10, remainder_fraction=15.2140%, Lmin=-5.30, Lmax=-5.14
14:53:15 [ultranest] [DEBUG] iteration=2239, ncalls=6347, regioncalls=239280, ndraw=40, logz=-9.09, remainder_fraction=15.1088%, Lmin=-5.30, Lmax=-5.14
14:53:15 [ultranest] [DEBUG] iteration=2240, ncalls=6349, regioncalls=239360, ndraw=40, logz=-9.09, remainder_fraction=15.0718%, Lmin=-5.30, Lmax=-5.14
14:53:15 [ultranest] [DEBUG] iteration=2242, ncalls=6352, regioncalls=239480, ndraw=40, logz=-9.09, remainder_fraction=15.0032%, Lmin=-5.30, Lmax=-5.14
14:53:16 [ultranest] [DEBUG] iteration=2244, ncalls=6356, regioncalls=239640, ndraw=40, logz=-9.09, remainder_fraction=14.9315%, Lmin=-5.30, Lmax=-5.14
14:53:16 [ultranest] [DEBUG] iteration=2246, ncalls=6368, regioncalls=240120, ndraw=40, logz=-9.09, remainder_fraction=14.8645%, Lmin=-5.30, Lmax=-5.14
14:53:16 [ultranest] [DEBUG] iteration=2247, ncalls=6370, regioncalls=240200, ndraw=40, logz=-9.09, remainder_fraction=14.8313%, Lmin=-5.30, Lmax=-5.14
14:53:17 [ultranest] [DEBUG] iteration=2248, ncalls=6375, regioncalls=240400, ndraw=40, logz=-9.09, remainder_fraction=14.7953%, Lmin=-5.29, Lmax=-5.14
14:53:17 [ultranest] [DEBUG] iteration=2249, ncalls=6377, regioncalls=240480, ndraw=40, logz=-9.09, remainder_fraction=14.7627%, Lmin=-5.29, Lmax=-5.14
14:53:17 [ultranest] [DEBUG] iteration=2250, ncalls=6390, regioncalls=241000, ndraw=40, logz=-9.09, remainder_fraction=14.7289%, Lmin=-5.29, Lmax=-5.14
14:53:18 [ultranest] [DEBUG] iteration=2253, ncalls=6395, regioncalls=241200, ndraw=40, logz=-9.09, remainder_fraction=14.6319%, Lmin=-5.29, Lmax=-5.14
14:53:18 [ultranest] [DEBUG] iteration=2254, ncalls=6397, regioncalls=241280, ndraw=40, logz=-9.09, remainder_fraction=14.5978%, Lmin=-5.29, Lmax=-5.14
14:53:18 [ultranest] [DEBUG] iteration=2255, ncalls=6412, regioncalls=241880, ndraw=40, logz=-9.09, remainder_fraction=14.5663%, Lmin=-5.29, Lmax=-5.14
14:53:19 [ultranest] [DEBUG] iteration=2256, ncalls=6416, regioncalls=242040, ndraw=40, logz=-9.09, remainder_fraction=14.5308%, Lmin=-5.29, Lmax=-5.14
14:53:19 [ultranest] [DEBUG] iteration=2258, ncalls=6420, regioncalls=242200, ndraw=40, logz=-9.09, remainder_fraction=14.4637%, Lmin=-5.29, Lmax=-5.14
14:53:19 [ultranest] [DEBUG] iteration=2260, ncalls=6425, regioncalls=242400, ndraw=40, logz=-9.09, remainder_fraction=14.3987%, Lmin=-5.29, Lmax=-5.14
14:53:19 [ultranest] [DEBUG] iteration=2262, ncalls=6428, regioncalls=242520, ndraw=40, logz=-9.08, remainder_fraction=14.3304%, Lmin=-5.29, Lmax=-5.14
14:53:19 [ultranest] [DEBUG] iteration=2264, ncalls=6434, regioncalls=242760, ndraw=40, logz=-9.08, remainder_fraction=14.2645%, Lmin=-5.29, Lmax=-5.14
14:53:20 [ultranest] [DEBUG] iteration=2265, ncalls=6444, regioncalls=243160, ndraw=40, logz=-9.08, remainder_fraction=14.2333%, Lmin=-5.29, Lmax=-5.14
14:53:20 [ultranest] [DEBUG] iteration=2266, ncalls=6447, regioncalls=243280, ndraw=40, logz=-9.08, remainder_fraction=14.2017%, Lmin=-5.29, Lmax=-5.14
14:53:20 [ultranest] [DEBUG] iteration=2268, ncalls=6449, regioncalls=243360, ndraw=40, logz=-9.08, remainder_fraction=14.1387%, Lmin=-5.29, Lmax=-5.14
14:53:20 [ultranest] [DEBUG] iteration=2269, ncalls=6453, regioncalls=243520, ndraw=40, logz=-9.08, remainder_fraction=14.1056%, Lmin=-5.29, Lmax=-5.14
14:53:21 [ultranest] [DEBUG] iteration=2270, ncalls=6458, regioncalls=243720, ndraw=40, logz=-9.08, remainder_fraction=14.0720%, Lmin=-5.29, Lmax=-5.14
14:53:21 [ultranest] [DEBUG] iteration=2271, ncalls=6463, regioncalls=243920, ndraw=40, logz=-9.08, remainder_fraction=14.0377%, Lmin=-5.29, Lmax=-5.14
14:53:21 [ultranest] [DEBUG] iteration=2272, ncalls=6467, regioncalls=244080, ndraw=40, logz=-9.08, remainder_fraction=14.0064%, Lmin=-5.29, Lmax=-5.14
14:53:21 [ultranest] [DEBUG] iteration=2274, ncalls=6472, regioncalls=244280, ndraw=40, logz=-9.08, remainder_fraction=13.9386%, Lmin=-5.29, Lmax=-5.14
14:53:22 [ultranest] [DEBUG] iteration=2275, ncalls=6480, regioncalls=244600, ndraw=40, logz=-9.08, remainder_fraction=13.9063%, Lmin=-5.29, Lmax=-5.14
14:53:22 [ultranest] [DEBUG] iteration=2276, ncalls=6484, regioncalls=244760, ndraw=40, logz=-9.08, remainder_fraction=13.8746%, Lmin=-5.29, Lmax=-5.14
14:53:22 [ultranest] [DEBUG] iteration=2278, ncalls=6489, regioncalls=244960, ndraw=40, logz=-9.08, remainder_fraction=13.8069%, Lmin=-5.29, Lmax=-5.14
14:53:22 [ultranest] [DEBUG] iteration=2279, ncalls=6495, regioncalls=245200, ndraw=40, logz=-9.08, remainder_fraction=13.7763%, Lmin=-5.29, Lmax=-5.14
14:53:23 [ultranest] [DEBUG] iteration=2280, ncalls=6500, regioncalls=245400, ndraw=40, logz=-9.08, remainder_fraction=13.7429%, Lmin=-5.29, Lmax=-5.14
14:53:23 [ultranest] [DEBUG] iteration=2282, ncalls=6507, regioncalls=245680, ndraw=40, logz=-9.08, remainder_fraction=13.6794%, Lmin=-5.29, Lmax=-5.14
14:53:23 [ultranest] [DEBUG] iteration=2284, ncalls=6509, regioncalls=245760, ndraw=40, logz=-9.08, remainder_fraction=13.6192%, Lmin=-5.29, Lmax=-5.14
14:53:23 [ultranest] [DEBUG] iteration=2285, ncalls=6513, regioncalls=245920, ndraw=40, logz=-9.08, remainder_fraction=13.5858%, Lmin=-5.29, Lmax=-5.14
14:53:23 [ultranest] [DEBUG] iteration=2286, ncalls=6516, regioncalls=246040, ndraw=40, logz=-9.08, remainder_fraction=13.5533%, Lmin=-5.29, Lmax=-5.14
14:53:24 [ultranest] [DEBUG] iteration=2287, ncalls=6521, regioncalls=246240, ndraw=40, logz=-9.08, remainder_fraction=13.5201%, Lmin=-5.28, Lmax=-5.14
14:53:24 [ultranest] [DEBUG] iteration=2289, ncalls=6524, regioncalls=246360, ndraw=40, logz=-9.07, remainder_fraction=13.4541%, Lmin=-5.28, Lmax=-5.14
14:53:24 [ultranest] [DEBUG] iteration=2290, ncalls=6533, regioncalls=246720, ndraw=40, logz=-9.07, remainder_fraction=13.4222%, Lmin=-5.28, Lmax=-5.14
14:53:24 [ultranest] [DEBUG] iteration=2292, ncalls=6536, regioncalls=246840, ndraw=40, logz=-9.07, remainder_fraction=13.3589%, Lmin=-5.28, Lmax=-5.14
14:53:25 [ultranest] [DEBUG] iteration=2294, ncalls=6539, regioncalls=246960, ndraw=40, logz=-9.07, remainder_fraction=13.2956%, Lmin=-5.28, Lmax=-5.14
14:53:25 [ultranest] [DEBUG] iteration=2296, ncalls=6545, regioncalls=247200, ndraw=40, logz=-9.07, remainder_fraction=13.2360%, Lmin=-5.28, Lmax=-5.14
14:53:25 [ultranest] [DEBUG] iteration=2298, ncalls=6549, regioncalls=247360, ndraw=40, logz=-9.07, remainder_fraction=13.1737%, Lmin=-5.28, Lmax=-5.14
14:53:25 [ultranest] [DEBUG] iteration=2300, ncalls=6551, regioncalls=247440, ndraw=40, logz=-9.07, remainder_fraction=13.1122%, Lmin=-5.28, Lmax=-5.14
14:53:25 [ultranest] [DEBUG] iteration=2302, ncalls=6557, regioncalls=247680, ndraw=40, logz=-9.07, remainder_fraction=13.0509%, Lmin=-5.28, Lmax=-5.14
14:53:25 [ultranest] [DEBUG] iteration=2303, ncalls=6559, regioncalls=247760, ndraw=40, logz=-9.07, remainder_fraction=13.0194%, Lmin=-5.28, Lmax=-5.14
14:53:26 [ultranest] [DEBUG] iteration=2304, ncalls=6563, regioncalls=247920, ndraw=40, logz=-9.07, remainder_fraction=12.9886%, Lmin=-5.28, Lmax=-5.14
14:53:26 [ultranest] [DEBUG] iteration=2305, ncalls=6575, regioncalls=248400, ndraw=40, logz=-9.07, remainder_fraction=12.9591%, Lmin=-5.27, Lmax=-5.14
14:53:26 [ultranest] [DEBUG] iteration=2306, ncalls=6578, regioncalls=248520, ndraw=40, logz=-9.07, remainder_fraction=12.9271%, Lmin=-5.27, Lmax=-5.14
14:53:27 [ultranest] [DEBUG] iteration=2308, ncalls=6581, regioncalls=248640, ndraw=40, logz=-9.07, remainder_fraction=12.8677%, Lmin=-5.27, Lmax=-5.14
14:53:27 [ultranest] [DEBUG] iteration=2310, ncalls=6584, regioncalls=248760, ndraw=40, logz=-9.07, remainder_fraction=12.8071%, Lmin=-5.27, Lmax=-5.14
14:53:27 [ultranest] [DEBUG] iteration=2311, ncalls=6589, regioncalls=248960, ndraw=40, logz=-9.07, remainder_fraction=12.7791%, Lmin=-5.27, Lmax=-5.14
14:53:27 [ultranest] [DEBUG] iteration=2312, ncalls=6594, regioncalls=249160, ndraw=40, logz=-9.07, remainder_fraction=12.7476%, Lmin=-5.27, Lmax=-5.14
14:53:28 [ultranest] [DEBUG] iteration=2313, ncalls=6602, regioncalls=249480, ndraw=40, logz=-9.07, remainder_fraction=12.7188%, Lmin=-5.27, Lmax=-5.14
14:53:28 [ultranest] [DEBUG] iteration=2314, ncalls=6605, regioncalls=249600, ndraw=40, logz=-9.07, remainder_fraction=12.6906%, Lmin=-5.27, Lmax=-5.14
14:53:28 [ultranest] [DEBUG] iteration=2316, ncalls=6608, regioncalls=249720, ndraw=40, logz=-9.07, remainder_fraction=12.6315%, Lmin=-5.27, Lmax=-5.14
14:53:29 [ultranest] [DEBUG] iteration=2318, ncalls=6623, regioncalls=250320, ndraw=40, logz=-9.06, remainder_fraction=12.5707%, Lmin=-5.27, Lmax=-5.14
14:53:29 [ultranest] [DEBUG] iteration=2319, ncalls=6626, regioncalls=250440, ndraw=40, logz=-9.06, remainder_fraction=12.5420%, Lmin=-5.27, Lmax=-5.14
14:53:29 [ultranest] [DEBUG] iteration=2320, ncalls=6628, regioncalls=250520, ndraw=40, logz=-9.06, remainder_fraction=12.5142%, Lmin=-5.27, Lmax=-5.14
14:53:29 [ultranest] [DEBUG] iteration=2321, ncalls=6637, regioncalls=250880, ndraw=40, logz=-9.06, remainder_fraction=12.4843%, Lmin=-5.27, Lmax=-5.14
14:53:30 [ultranest] [DEBUG] iteration=2322, ncalls=6659, regioncalls=251760, ndraw=40, logz=-9.06, remainder_fraction=12.4554%, Lmin=-5.27, Lmax=-5.14
14:53:31 [ultranest] [DEBUG] iteration=2323, ncalls=6675, regioncalls=252400, ndraw=40, logz=-9.06, remainder_fraction=12.4268%, Lmin=-5.27, Lmax=-5.14
14:53:31 [ultranest] [DEBUG] iteration=2324, ncalls=6678, regioncalls=252520, ndraw=40, logz=-9.06, remainder_fraction=12.3987%, Lmin=-5.27, Lmax=-5.14
14:53:31 [ultranest] [DEBUG] iteration=2325, ncalls=6681, regioncalls=252640, ndraw=40, logz=-9.06, remainder_fraction=12.3691%, Lmin=-5.27, Lmax=-5.14
14:53:32 [ultranest] [DEBUG] iteration=2326, ncalls=6688, regioncalls=252920, ndraw=40, logz=-9.06, remainder_fraction=12.3412%, Lmin=-5.27, Lmax=-5.14
14:53:32 [ultranest] [DEBUG] iteration=2327, ncalls=6697, regioncalls=253280, ndraw=40, logz=-9.06, remainder_fraction=12.3121%, Lmin=-5.27, Lmax=-5.14
14:53:32 [ultranest] [DEBUG] iteration=2329, ncalls=6702, regioncalls=253480, ndraw=40, logz=-9.06, remainder_fraction=12.2563%, Lmin=-5.27, Lmax=-5.14
14:53:33 [ultranest] [DEBUG] iteration=2330, ncalls=6715, regioncalls=254000, ndraw=40, logz=-9.06, remainder_fraction=12.2268%, Lmin=-5.27, Lmax=-5.14
14:53:33 [ultranest] [DEBUG] iteration=2331, ncalls=6719, regioncalls=254160, ndraw=40, logz=-9.06, remainder_fraction=12.1986%, Lmin=-5.27, Lmax=-5.14
14:53:34 [ultranest] [DEBUG] iteration=2332, ncalls=6728, regioncalls=254520, ndraw=40, logz=-9.06, remainder_fraction=12.1700%, Lmin=-5.27, Lmax=-5.14
14:53:34 [ultranest] [DEBUG] iteration=2333, ncalls=6731, regioncalls=254640, ndraw=40, logz=-9.06, remainder_fraction=12.1405%, Lmin=-5.27, Lmax=-5.14
14:53:34 [ultranest] [DEBUG] iteration=2335, ncalls=6737, regioncalls=254880, ndraw=40, logz=-9.06, remainder_fraction=12.0828%, Lmin=-5.27, Lmax=-5.14
14:53:34 [ultranest] [DEBUG] iteration=2338, ncalls=6744, regioncalls=255160, ndraw=40, logz=-9.06, remainder_fraction=11.9992%, Lmin=-5.27, Lmax=-5.14
14:53:34 [ultranest] [DEBUG] iteration=2339, ncalls=6748, regioncalls=255320, ndraw=40, logz=-9.06, remainder_fraction=11.9704%, Lmin=-5.27, Lmax=-5.14
14:53:35 [ultranest] [DEBUG] iteration=2340, ncalls=6752, regioncalls=255560, ndraw=40, logz=-9.06, remainder_fraction=11.9408%, Lmin=-5.27, Lmax=-5.14
14:53:35 [ultranest] [DEBUG] iteration=2341, ncalls=6754, regioncalls=255640, ndraw=40, logz=-9.06, remainder_fraction=11.9115%, Lmin=-5.27, Lmax=-5.14
14:53:35 [ultranest] [DEBUG] iteration=2342, ncalls=6758, regioncalls=255800, ndraw=40, logz=-9.06, remainder_fraction=11.8848%, Lmin=-5.26, Lmax=-5.14
14:53:35 [ultranest] [DEBUG] iteration=2344, ncalls=6763, regioncalls=256000, ndraw=40, logz=-9.06, remainder_fraction=11.8309%, Lmin=-5.26, Lmax=-5.14
14:53:36 [ultranest] [DEBUG] iteration=2346, ncalls=6767, regioncalls=256160, ndraw=40, logz=-9.06, remainder_fraction=11.7750%, Lmin=-5.26, Lmax=-5.14
14:53:36 [ultranest] [DEBUG] iteration=2347, ncalls=6772, regioncalls=256360, ndraw=40, logz=-9.06, remainder_fraction=11.7464%, Lmin=-5.26, Lmax=-5.14
14:53:36 [ultranest] [DEBUG] iteration=2349, ncalls=6775, regioncalls=256480, ndraw=40, logz=-9.05, remainder_fraction=11.6925%, Lmin=-5.26, Lmax=-5.14
14:53:36 [ultranest] [DEBUG] iteration=2352, ncalls=6782, regioncalls=256760, ndraw=40, logz=-9.05, remainder_fraction=11.6087%, Lmin=-5.26, Lmax=-5.14
14:53:36 [ultranest] [DEBUG] iteration=2353, ncalls=6784, regioncalls=256840, ndraw=40, logz=-9.05, remainder_fraction=11.5817%, Lmin=-5.26, Lmax=-5.14
14:53:37 [ultranest] [DEBUG] iteration=2354, ncalls=6788, regioncalls=257000, ndraw=40, logz=-9.05, remainder_fraction=11.5539%, Lmin=-5.26, Lmax=-5.14
14:53:37 [ultranest] [DEBUG] iteration=2355, ncalls=6792, regioncalls=257160, ndraw=40, logz=-9.05, remainder_fraction=11.5262%, Lmin=-5.26, Lmax=-5.14
14:53:37 [ultranest] [DEBUG] iteration=2357, ncalls=6798, regioncalls=257400, ndraw=40, logz=-9.05, remainder_fraction=11.4725%, Lmin=-5.26, Lmax=-5.14
14:53:37 [ultranest] [DEBUG] iteration=2358, ncalls=6801, regioncalls=257520, ndraw=40, logz=-9.05, remainder_fraction=11.4468%, Lmin=-5.26, Lmax=-5.14
14:53:38 [ultranest] [DEBUG] iteration=2359, ncalls=6806, regioncalls=257720, ndraw=40, logz=-9.05, remainder_fraction=11.4200%, Lmin=-5.26, Lmax=-5.14
14:53:38 [ultranest] [DEBUG] iteration=2360, ncalls=6808, regioncalls=257800, ndraw=40, logz=-9.05, remainder_fraction=11.3941%, Lmin=-5.26, Lmax=-5.14
14:53:38 [ultranest] [DEBUG] iteration=2362, ncalls=6816, regioncalls=258120, ndraw=40, logz=-9.05, remainder_fraction=11.3422%, Lmin=-5.26, Lmax=-5.14
14:53:38 [ultranest] [DEBUG] iteration=2363, ncalls=6822, regioncalls=258360, ndraw=40, logz=-9.05, remainder_fraction=11.3153%, Lmin=-5.26, Lmax=-5.14
14:53:39 [ultranest] [DEBUG] iteration=2365, ncalls=6829, regioncalls=258640, ndraw=40, logz=-9.05, remainder_fraction=11.2632%, Lmin=-5.26, Lmax=-5.14
14:53:39 [ultranest] [DEBUG] iteration=2366, ncalls=6832, regioncalls=258760, ndraw=40, logz=-9.05, remainder_fraction=11.2353%, Lmin=-5.26, Lmax=-5.14
14:53:39 [ultranest] [DEBUG] iteration=2367, ncalls=6834, regioncalls=258840, ndraw=40, logz=-9.05, remainder_fraction=11.2088%, Lmin=-5.26, Lmax=-5.14
14:53:39 [ultranest] [DEBUG] iteration=2368, ncalls=6837, regioncalls=258960, ndraw=40, logz=-9.05, remainder_fraction=11.1817%, Lmin=-5.26, Lmax=-5.14
14:53:39 [ultranest] [DEBUG] iteration=2369, ncalls=6839, regioncalls=259040, ndraw=40, logz=-9.05, remainder_fraction=11.1549%, Lmin=-5.26, Lmax=-5.14
14:53:39 [ultranest] [DEBUG] iteration=2370, ncalls=6842, regioncalls=259160, ndraw=40, logz=-9.05, remainder_fraction=11.1302%, Lmin=-5.26, Lmax=-5.14
14:53:39 [ultranest] [DEBUG] iteration=2371, ncalls=6845, regioncalls=259280, ndraw=40, logz=-9.05, remainder_fraction=11.1039%, Lmin=-5.26, Lmax=-5.14
14:53:39 [ultranest] [DEBUG] iteration=2373, ncalls=6847, regioncalls=259360, ndraw=40, logz=-9.05, remainder_fraction=11.0523%, Lmin=-5.26, Lmax=-5.14
14:53:40 [ultranest] [DEBUG] iteration=2374, ncalls=6849, regioncalls=259440, ndraw=40, logz=-9.05, remainder_fraction=11.0271%, Lmin=-5.26, Lmax=-5.14
14:53:40 [ultranest] [DEBUG] iteration=2376, ncalls=6854, regioncalls=259640, ndraw=40, logz=-9.05, remainder_fraction=10.9739%, Lmin=-5.26, Lmax=-5.14
14:53:40 [ultranest] [DEBUG] iteration=2378, ncalls=6857, regioncalls=259760, ndraw=40, logz=-9.05, remainder_fraction=10.9200%, Lmin=-5.26, Lmax=-5.14
14:53:40 [ultranest] [DEBUG] iteration=2379, ncalls=6862, regioncalls=259960, ndraw=40, logz=-9.05, remainder_fraction=10.8936%, Lmin=-5.26, Lmax=-5.14
14:53:41 [ultranest] [DEBUG] iteration=2380, ncalls=6869, regioncalls=260240, ndraw=40, logz=-9.05, remainder_fraction=10.8671%, Lmin=-5.26, Lmax=-5.14
14:53:41 [ultranest] [DEBUG] iteration=2382, ncalls=6872, regioncalls=260360, ndraw=40, logz=-9.04, remainder_fraction=10.8169%, Lmin=-5.26, Lmax=-5.14
14:53:41 [ultranest] [DEBUG] iteration=2383, ncalls=6876, regioncalls=260520, ndraw=40, logz=-9.04, remainder_fraction=10.7920%, Lmin=-5.26, Lmax=-5.14
14:53:41 [ultranest] [DEBUG] iteration=2385, ncalls=6878, regioncalls=260600, ndraw=40, logz=-9.04, remainder_fraction=10.7409%, Lmin=-5.26, Lmax=-5.14
14:53:41 [ultranest] [DEBUG] iteration=2386, ncalls=6882, regioncalls=260760, ndraw=40, logz=-9.04, remainder_fraction=10.7167%, Lmin=-5.26, Lmax=-5.14
14:53:42 [ultranest] [DEBUG] iteration=2387, ncalls=6889, regioncalls=261040, ndraw=40, logz=-9.04, remainder_fraction=10.6908%, Lmin=-5.26, Lmax=-5.14
14:53:42 [ultranest] [DEBUG] iteration=2388, ncalls=6894, regioncalls=261240, ndraw=40, logz=-9.04, remainder_fraction=10.6646%, Lmin=-5.25, Lmax=-5.14
14:53:42 [ultranest] [DEBUG] iteration=2390, ncalls=6897, regioncalls=261360, ndraw=40, logz=-9.04, remainder_fraction=10.6159%, Lmin=-5.25, Lmax=-5.14
14:53:42 [ultranest] [DEBUG] iteration=2391, ncalls=6899, regioncalls=261440, ndraw=40, logz=-9.04, remainder_fraction=10.5919%, Lmin=-5.25, Lmax=-5.14
14:53:42 [ultranest] [DEBUG] iteration=2393, ncalls=6901, regioncalls=261520, ndraw=40, logz=-9.04, remainder_fraction=10.5417%, Lmin=-5.25, Lmax=-5.14
14:53:42 [ultranest] [DEBUG] iteration=2394, ncalls=6907, regioncalls=261760, ndraw=40, logz=-9.04, remainder_fraction=10.5159%, Lmin=-5.25, Lmax=-5.14
14:53:43 [ultranest] [DEBUG] iteration=2395, ncalls=6909, regioncalls=261840, ndraw=40, logz=-9.04, remainder_fraction=10.4907%, Lmin=-5.25, Lmax=-5.14
14:53:43 [ultranest] [DEBUG] iteration=2396, ncalls=6911, regioncalls=261920, ndraw=40, logz=-9.04, remainder_fraction=10.4661%, Lmin=-5.25, Lmax=-5.14
14:53:43 [ultranest] [DEBUG] iteration=2397, ncalls=6915, regioncalls=262080, ndraw=40, logz=-9.04, remainder_fraction=10.4404%, Lmin=-5.25, Lmax=-5.14
14:53:43 [ultranest] [DEBUG] iteration=2398, ncalls=6920, regioncalls=262280, ndraw=40, logz=-9.04, remainder_fraction=10.4161%, Lmin=-5.25, Lmax=-5.14
14:53:43 [ultranest] [DEBUG] iteration=2400, ncalls=6928, regioncalls=262600, ndraw=40, logz=-9.04, remainder_fraction=10.3670%, Lmin=-5.25, Lmax=-5.14
14:53:44 [ultranest] [DEBUG] iteration=2401, ncalls=6935, regioncalls=262880, ndraw=40, logz=-9.04, remainder_fraction=10.3419%, Lmin=-5.25, Lmax=-5.14
14:53:44 [ultranest] [DEBUG] iteration=2403, ncalls=6938, regioncalls=263000, ndraw=40, logz=-9.04, remainder_fraction=10.2938%, Lmin=-5.25, Lmax=-5.14
14:53:44 [ultranest] [DEBUG] iteration=2404, ncalls=6943, regioncalls=263200, ndraw=40, logz=-9.04, remainder_fraction=10.2701%, Lmin=-5.25, Lmax=-5.14
14:53:45 [ultranest] [DEBUG] iteration=2405, ncalls=6952, regioncalls=263560, ndraw=40, logz=-9.04, remainder_fraction=10.2464%, Lmin=-5.25, Lmax=-5.14
14:53:45 [ultranest] [DEBUG] iteration=2406, ncalls=6954, regioncalls=263640, ndraw=40, logz=-9.04, remainder_fraction=10.2216%, Lmin=-5.25, Lmax=-5.14
14:53:45 [ultranest] [DEBUG] iteration=2407, ncalls=6961, regioncalls=263920, ndraw=40, logz=-9.04, remainder_fraction=10.1976%, Lmin=-5.25, Lmax=-5.14
14:53:45 [ultranest] [DEBUG] iteration=2409, ncalls=6964, regioncalls=264040, ndraw=40, logz=-9.04, remainder_fraction=10.1478%, Lmin=-5.25, Lmax=-5.14
14:53:45 [ultranest] [DEBUG] iteration=2410, ncalls=6967, regioncalls=264160, ndraw=40, logz=-9.04, remainder_fraction=10.1237%, Lmin=-5.25, Lmax=-5.14
14:53:46 [ultranest] [DEBUG] iteration=2411, ncalls=6971, regioncalls=264320, ndraw=40, logz=-9.04, remainder_fraction=10.0987%, Lmin=-5.25, Lmax=-5.14
14:53:46 [ultranest] [DEBUG] iteration=2413, ncalls=6975, regioncalls=264480, ndraw=40, logz=-9.04, remainder_fraction=10.0504%, Lmin=-5.25, Lmax=-5.14
14:53:46 [ultranest] [DEBUG] iteration=2414, ncalls=6977, regioncalls=264560, ndraw=40, logz=-9.04, remainder_fraction=10.0270%, Lmin=-5.25, Lmax=-5.14
14:53:46 [ultranest] [DEBUG] iteration=2416, ncalls=6984, regioncalls=264840, ndraw=40, logz=-9.04, remainder_fraction=9.9791%, Lmin=-5.25, Lmax=-5.14
14:53:47 [ultranest] [DEBUG] iteration=2418, ncalls=6992, regioncalls=265160, ndraw=40, logz=-9.03, remainder_fraction=9.9324%, Lmin=-5.25, Lmax=-5.14
14:53:47 [ultranest] [DEBUG] iteration=2419, ncalls=6995, regioncalls=265280, ndraw=40, logz=-9.03, remainder_fraction=9.9088%, Lmin=-5.25, Lmax=-5.14
14:53:47 [ultranest] [DEBUG] iteration=2420, ncalls=6999, regioncalls=265440, ndraw=40, logz=-9.03, remainder_fraction=9.8852%, Lmin=-5.25, Lmax=-5.14
14:53:47 [ultranest] [DEBUG] iteration=2421, ncalls=7002, regioncalls=265560, ndraw=40, logz=-9.03, remainder_fraction=9.8619%, Lmin=-5.24, Lmax=-5.14
14:53:47 [ultranest] [DEBUG] iteration=2423, ncalls=7005, regioncalls=265680, ndraw=40, logz=-9.03, remainder_fraction=9.8157%, Lmin=-5.24, Lmax=-5.14
14:53:47 [ultranest] [DEBUG] iteration=2424, ncalls=7007, regioncalls=265760, ndraw=40, logz=-9.03, remainder_fraction=9.7934%, Lmin=-5.24, Lmax=-5.14
14:53:47 [ultranest] [DEBUG] iteration=2426, ncalls=7010, regioncalls=265880, ndraw=40, logz=-9.03, remainder_fraction=9.7474%, Lmin=-5.24, Lmax=-5.14
14:53:48 [ultranest] [DEBUG] iteration=2428, ncalls=7015, regioncalls=266080, ndraw=40, logz=-9.03, remainder_fraction=9.7005%, Lmin=-5.24, Lmax=-5.14
14:53:48 [ultranest] [DEBUG] iteration=2429, ncalls=7019, regioncalls=266240, ndraw=40, logz=-9.03, remainder_fraction=9.6777%, Lmin=-5.24, Lmax=-5.14
14:53:48 [ultranest] [DEBUG] iteration=2430, ncalls=7020, regioncalls=266280, ndraw=40, logz=-9.03, remainder_fraction=9.6551%, Lmin=-5.24, Lmax=-5.14
14:53:49 [ultranest] [DEBUG] iteration=2431, ncalls=7044, regioncalls=267600, ndraw=40, logz=-9.03, remainder_fraction=9.6323%, Lmin=-5.24, Lmax=-5.14
14:53:50 [ultranest] [DEBUG] iteration=2434, ncalls=7049, regioncalls=267800, ndraw=40, logz=-9.03, remainder_fraction=9.5624%, Lmin=-5.24, Lmax=-5.14
14:53:50 [ultranest] [DEBUG] iteration=2435, ncalls=7052, regioncalls=267920, ndraw=40, logz=-9.03, remainder_fraction=9.5403%, Lmin=-5.24, Lmax=-5.14
14:53:50 [ultranest] [DEBUG] iteration=2436, ncalls=7055, regioncalls=268040, ndraw=40, logz=-9.03, remainder_fraction=9.5167%, Lmin=-5.24, Lmax=-5.14
14:53:50 [ultranest] [DEBUG] iteration=2437, ncalls=7059, regioncalls=268200, ndraw=40, logz=-9.03, remainder_fraction=9.4930%, Lmin=-5.24, Lmax=-5.14
14:53:50 [ultranest] [DEBUG] iteration=2438, ncalls=7065, regioncalls=268440, ndraw=40, logz=-9.03, remainder_fraction=9.4703%, Lmin=-5.24, Lmax=-5.14
14:53:50 [ultranest] [DEBUG] iteration=2440, ncalls=7067, regioncalls=268520, ndraw=40, logz=-9.03, remainder_fraction=9.4250%, Lmin=-5.24, Lmax=-5.14
14:53:51 [ultranest] [DEBUG] iteration=2441, ncalls=7073, regioncalls=268760, ndraw=40, logz=-9.03, remainder_fraction=9.4018%, Lmin=-5.24, Lmax=-5.14
14:53:51 [ultranest] [DEBUG] iteration=2442, ncalls=7076, regioncalls=268880, ndraw=40, logz=-9.03, remainder_fraction=9.3804%, Lmin=-5.24, Lmax=-5.14
14:53:51 [ultranest] [DEBUG] iteration=2443, ncalls=7080, regioncalls=269040, ndraw=40, logz=-9.03, remainder_fraction=9.3571%, Lmin=-5.24, Lmax=-5.14
14:53:51 [ultranest] [DEBUG] iteration=2445, ncalls=7085, regioncalls=269240, ndraw=40, logz=-9.03, remainder_fraction=9.3122%, Lmin=-5.24, Lmax=-5.14
14:53:51 [ultranest] [DEBUG] iteration=2447, ncalls=7087, regioncalls=269320, ndraw=40, logz=-9.03, remainder_fraction=9.2684%, Lmin=-5.24, Lmax=-5.14
14:53:52 [ultranest] [DEBUG] iteration=2450, ncalls=7093, regioncalls=269560, ndraw=40, logz=-9.03, remainder_fraction=9.2011%, Lmin=-5.24, Lmax=-5.14
14:53:52 [ultranest] [DEBUG] iteration=2452, ncalls=7096, regioncalls=269680, ndraw=40, logz=-9.03, remainder_fraction=9.1578%, Lmin=-5.24, Lmax=-5.14
14:53:52 [ultranest] [DEBUG] iteration=2453, ncalls=7098, regioncalls=269760, ndraw=40, logz=-9.03, remainder_fraction=9.1360%, Lmin=-5.24, Lmax=-5.14
14:53:52 [ultranest] [DEBUG] iteration=2455, ncalls=7102, regioncalls=269920, ndraw=40, logz=-9.03, remainder_fraction=9.0926%, Lmin=-5.24, Lmax=-5.14
14:53:52 [ultranest] [DEBUG] iteration=2456, ncalls=7105, regioncalls=270040, ndraw=40, logz=-9.03, remainder_fraction=9.0704%, Lmin=-5.24, Lmax=-5.14
14:53:52 [ultranest] [DEBUG] iteration=2457, ncalls=7108, regioncalls=270160, ndraw=40, logz=-9.02, remainder_fraction=9.0497%, Lmin=-5.24, Lmax=-5.14
14:53:53 [ultranest] [DEBUG] iteration=2458, ncalls=7111, regioncalls=270280, ndraw=40, logz=-9.02, remainder_fraction=9.0282%, Lmin=-5.24, Lmax=-5.14
14:53:53 [ultranest] [DEBUG] iteration=2460, ncalls=7114, regioncalls=270400, ndraw=40, logz=-9.02, remainder_fraction=8.9845%, Lmin=-5.24, Lmax=-5.14
14:53:53 [ultranest] [DEBUG] iteration=2461, ncalls=7116, regioncalls=270480, ndraw=40, logz=-9.02, remainder_fraction=8.9624%, Lmin=-5.24, Lmax=-5.14
14:53:53 [ultranest] [DEBUG] iteration=2462, ncalls=7126, regioncalls=270880, ndraw=40, logz=-9.02, remainder_fraction=8.9414%, Lmin=-5.24, Lmax=-5.14
14:53:53 [ultranest] [DEBUG] iteration=2463, ncalls=7128, regioncalls=270960, ndraw=40, logz=-9.02, remainder_fraction=8.9206%, Lmin=-5.24, Lmax=-5.14
14:53:54 [ultranest] [DEBUG] iteration=2464, ncalls=7140, regioncalls=271440, ndraw=40, logz=-9.02, remainder_fraction=8.9001%, Lmin=-5.24, Lmax=-5.14
14:53:54 [ultranest] [DEBUG] iteration=2465, ncalls=7143, regioncalls=271560, ndraw=40, logz=-9.02, remainder_fraction=8.8790%, Lmin=-5.23, Lmax=-5.14
14:53:54 [ultranest] [DEBUG] iteration=2466, ncalls=7148, regioncalls=271760, ndraw=40, logz=-9.02, remainder_fraction=8.8587%, Lmin=-5.23, Lmax=-5.14
14:53:55 [ultranest] [DEBUG] iteration=2467, ncalls=7155, regioncalls=272040, ndraw=40, logz=-9.02, remainder_fraction=8.8376%, Lmin=-5.23, Lmax=-5.14
14:53:55 [ultranest] [DEBUG] iteration=2468, ncalls=7158, regioncalls=272160, ndraw=40, logz=-9.02, remainder_fraction=8.8175%, Lmin=-5.23, Lmax=-5.14
14:53:55 [ultranest] [DEBUG] iteration=2470, ncalls=7164, regioncalls=272400, ndraw=40, logz=-9.02, remainder_fraction=8.7758%, Lmin=-5.23, Lmax=-5.14
14:53:55 [ultranest] [DEBUG] iteration=2472, ncalls=7168, regioncalls=272560, ndraw=40, logz=-9.02, remainder_fraction=8.7326%, Lmin=-5.23, Lmax=-5.14
14:53:55 [ultranest] [DEBUG] iteration=2474, ncalls=7171, regioncalls=272680, ndraw=40, logz=-9.02, remainder_fraction=8.6918%, Lmin=-5.23, Lmax=-5.14
14:53:56 [ultranest] [DEBUG] iteration=2475, ncalls=7177, regioncalls=272920, ndraw=40, logz=-9.02, remainder_fraction=8.6708%, Lmin=-5.23, Lmax=-5.14
14:53:56 [ultranest] [DEBUG] iteration=2477, ncalls=7181, regioncalls=273080, ndraw=40, logz=-9.02, remainder_fraction=8.6290%, Lmin=-5.23, Lmax=-5.14
14:53:56 [ultranest] [DEBUG] iteration=2478, ncalls=7183, regioncalls=273160, ndraw=40, logz=-9.02, remainder_fraction=8.6090%, Lmin=-5.23, Lmax=-5.14
14:53:56 [ultranest] [DEBUG] iteration=2479, ncalls=7188, regioncalls=273360, ndraw=40, logz=-9.02, remainder_fraction=8.5878%, Lmin=-5.23, Lmax=-5.14
14:53:56 [ultranest] [DEBUG] iteration=2480, ncalls=7191, regioncalls=273480, ndraw=40, logz=-9.02, remainder_fraction=8.5667%, Lmin=-5.23, Lmax=-5.14
14:53:56 [ultranest] [DEBUG] iteration=2482, ncalls=7193, regioncalls=273560, ndraw=40, logz=-9.02, remainder_fraction=8.5266%, Lmin=-5.23, Lmax=-5.14
14:53:57 [ultranest] [DEBUG] iteration=2483, ncalls=7203, regioncalls=273960, ndraw=40, logz=-9.02, remainder_fraction=8.5062%, Lmin=-5.23, Lmax=-5.14
14:53:57 [ultranest] [DEBUG] iteration=2485, ncalls=7206, regioncalls=274080, ndraw=40, logz=-9.02, remainder_fraction=8.4668%, Lmin=-5.23, Lmax=-5.14
14:53:57 [ultranest] [DEBUG] iteration=2488, ncalls=7209, regioncalls=274200, ndraw=40, logz=-9.02, remainder_fraction=8.4059%, Lmin=-5.23, Lmax=-5.14
14:53:57 [ultranest] [DEBUG] iteration=2490, ncalls=7212, regioncalls=274320, ndraw=40, logz=-9.02, remainder_fraction=8.3652%, Lmin=-5.23, Lmax=-5.14
14:53:58 [ultranest] [DEBUG] iteration=2492, ncalls=7219, regioncalls=274600, ndraw=40, logz=-9.02, remainder_fraction=8.3238%, Lmin=-5.23, Lmax=-5.14
14:53:58 [ultranest] [DEBUG] iteration=2494, ncalls=7224, regioncalls=274800, ndraw=40, logz=-9.02, remainder_fraction=8.2828%, Lmin=-5.23, Lmax=-5.14
14:53:58 [ultranest] [DEBUG] iteration=2495, ncalls=7229, regioncalls=275200, ndraw=40, logz=-9.02, remainder_fraction=8.2624%, Lmin=-5.23, Lmax=-5.14
14:53:59 [ultranest] [DEBUG] iteration=2496, ncalls=7242, regioncalls=275840, ndraw=40, logz=-9.02, remainder_fraction=8.2420%, Lmin=-5.23, Lmax=-5.14
14:54:00 [ultranest] [DEBUG] iteration=2497, ncalls=7258, regioncalls=276480, ndraw=40, logz=-9.02, remainder_fraction=8.2223%, Lmin=-5.23, Lmax=-5.14
14:54:00 [ultranest] [DEBUG] iteration=2499, ncalls=7261, regioncalls=276600, ndraw=40, logz=-9.02, remainder_fraction=8.1830%, Lmin=-5.23, Lmax=-5.14
14:54:00 [ultranest] [DEBUG] iteration=2500, ncalls=7264, regioncalls=276720, ndraw=40, logz=-9.02, remainder_fraction=8.1638%, Lmin=-5.23, Lmax=-5.14
14:54:00 [ultranest] [DEBUG] iteration=2501, ncalls=7267, regioncalls=276840, ndraw=40, logz=-9.02, remainder_fraction=8.1448%, Lmin=-5.23, Lmax=-5.14
14:54:00 [ultranest] [DEBUG] iteration=2502, ncalls=7273, regioncalls=277080, ndraw=40, logz=-9.01, remainder_fraction=8.1249%, Lmin=-5.23, Lmax=-5.14
14:54:00 [ultranest] [DEBUG] iteration=2504, ncalls=7277, regioncalls=277240, ndraw=40, logz=-9.01, remainder_fraction=8.0859%, Lmin=-5.23, Lmax=-5.14
14:54:01 [ultranest] [DEBUG] iteration=2505, ncalls=7282, regioncalls=277440, ndraw=40, logz=-9.01, remainder_fraction=8.0673%, Lmin=-5.23, Lmax=-5.14
14:54:01 [ultranest] [DEBUG] iteration=2506, ncalls=7284, regioncalls=277520, ndraw=40, logz=-9.01, remainder_fraction=8.0473%, Lmin=-5.23, Lmax=-5.14
14:54:01 [ultranest] [DEBUG] iteration=2508, ncalls=7297, regioncalls=278040, ndraw=40, logz=-9.01, remainder_fraction=8.0093%, Lmin=-5.23, Lmax=-5.14
14:54:02 [ultranest] [DEBUG] iteration=2509, ncalls=7300, regioncalls=278160, ndraw=40, logz=-9.01, remainder_fraction=7.9894%, Lmin=-5.22, Lmax=-5.14
14:54:02 [ultranest] [DEBUG] iteration=2510, ncalls=7309, regioncalls=278520, ndraw=40, logz=-9.01, remainder_fraction=7.9699%, Lmin=-5.22, Lmax=-5.14
14:54:02 [ultranest] [DEBUG] iteration=2511, ncalls=7318, regioncalls=278880, ndraw=40, logz=-9.01, remainder_fraction=7.9515%, Lmin=-5.22, Lmax=-5.14
14:54:03 [ultranest] [DEBUG] iteration=2512, ncalls=7324, regioncalls=279120, ndraw=40, logz=-9.01, remainder_fraction=7.9318%, Lmin=-5.22, Lmax=-5.14
14:54:03 [ultranest] [DEBUG] iteration=2514, ncalls=7335, regioncalls=279560, ndraw=40, logz=-9.01, remainder_fraction=7.8944%, Lmin=-5.22, Lmax=-5.14
14:54:04 [ultranest] [DEBUG] iteration=2516, ncalls=7341, regioncalls=279800, ndraw=40, logz=-9.01, remainder_fraction=7.8567%, Lmin=-5.22, Lmax=-5.14
14:54:04 [ultranest] [DEBUG] iteration=2517, ncalls=7344, regioncalls=279920, ndraw=40, logz=-9.01, remainder_fraction=7.8376%, Lmin=-5.22, Lmax=-5.14
14:54:04 [ultranest] [DEBUG] iteration=2518, ncalls=7350, regioncalls=280160, ndraw=40, logz=-9.01, remainder_fraction=7.8186%, Lmin=-5.22, Lmax=-5.14
14:54:04 [ultranest] [DEBUG] iteration=2520, ncalls=7352, regioncalls=280320, ndraw=40, logz=-9.01, remainder_fraction=7.7809%, Lmin=-5.22, Lmax=-5.14
14:54:04 [ultranest] [DEBUG] iteration=2521, ncalls=7353, regioncalls=280360, ndraw=40, logz=-9.01, remainder_fraction=7.7618%, Lmin=-5.22, Lmax=-5.14
14:54:05 [ultranest] [DEBUG] iteration=2522, ncalls=7359, regioncalls=280600, ndraw=40, logz=-9.01, remainder_fraction=7.7436%, Lmin=-5.22, Lmax=-5.14
14:54:05 [ultranest] [DEBUG] iteration=2524, ncalls=7361, regioncalls=280680, ndraw=40, logz=-9.01, remainder_fraction=7.7067%, Lmin=-5.22, Lmax=-5.14
14:54:05 [ultranest] [DEBUG] iteration=2525, ncalls=7365, regioncalls=280840, ndraw=40, logz=-9.01, remainder_fraction=7.6882%, Lmin=-5.22, Lmax=-5.14
14:54:05 [ultranest] [DEBUG] iteration=2527, ncalls=7369, regioncalls=281000, ndraw=40, logz=-9.01, remainder_fraction=7.6514%, Lmin=-5.22, Lmax=-5.14
14:54:05 [ultranest] [DEBUG] iteration=2528, ncalls=7378, regioncalls=281360, ndraw=40, logz=-9.01, remainder_fraction=7.6331%, Lmin=-5.22, Lmax=-5.14
14:54:06 [ultranest] [DEBUG] iteration=2530, ncalls=7389, regioncalls=281800, ndraw=40, logz=-9.01, remainder_fraction=7.5967%, Lmin=-5.22, Lmax=-5.14
14:54:06 [ultranest] [DEBUG] iteration=2532, ncalls=7396, regioncalls=282080, ndraw=40, logz=-9.01, remainder_fraction=7.5595%, Lmin=-5.22, Lmax=-5.14
14:54:07 [ultranest] [DEBUG] iteration=2533, ncalls=7399, regioncalls=282200, ndraw=40, logz=-9.01, remainder_fraction=7.5408%, Lmin=-5.22, Lmax=-5.14
14:54:07 [ultranest] [DEBUG] iteration=2534, ncalls=7402, regioncalls=282320, ndraw=40, logz=-9.01, remainder_fraction=7.5233%, Lmin=-5.22, Lmax=-5.14
14:54:07 [ultranest] [DEBUG] iteration=2535, ncalls=7417, regioncalls=282920, ndraw=40, logz=-9.01, remainder_fraction=7.5054%, Lmin=-5.22, Lmax=-5.14
14:54:08 [ultranest] [DEBUG] iteration=2536, ncalls=7424, regioncalls=283200, ndraw=40, logz=-9.01, remainder_fraction=7.4871%, Lmin=-5.22, Lmax=-5.14
14:54:08 [ultranest] [DEBUG] iteration=2537, ncalls=7428, regioncalls=283360, ndraw=40, logz=-9.01, remainder_fraction=7.4696%, Lmin=-5.22, Lmax=-5.14
14:54:08 [ultranest] [DEBUG] iteration=2538, ncalls=7431, regioncalls=283480, ndraw=40, logz=-9.01, remainder_fraction=7.4513%, Lmin=-5.22, Lmax=-5.14
14:54:08 [ultranest] [DEBUG] iteration=2539, ncalls=7435, regioncalls=283640, ndraw=40, logz=-9.01, remainder_fraction=7.4340%, Lmin=-5.22, Lmax=-5.14
14:54:08 [ultranest] [DEBUG] iteration=2540, ncalls=7439, regioncalls=283800, ndraw=40, logz=-9.01, remainder_fraction=7.4166%, Lmin=-5.22, Lmax=-5.14
14:54:09 [ultranest] [DEBUG] iteration=2541, ncalls=7442, regioncalls=283920, ndraw=40, logz=-9.01, remainder_fraction=7.3990%, Lmin=-5.22, Lmax=-5.14
14:54:09 [ultranest] [DEBUG] iteration=2543, ncalls=7446, regioncalls=284080, ndraw=40, logz=-9.01, remainder_fraction=7.3640%, Lmin=-5.22, Lmax=-5.14
14:54:09 [ultranest] [DEBUG] iteration=2545, ncalls=7454, regioncalls=284400, ndraw=40, logz=-9.01, remainder_fraction=7.3287%, Lmin=-5.22, Lmax=-5.14
14:54:09 [ultranest] [DEBUG] iteration=2547, ncalls=7458, regioncalls=284560, ndraw=40, logz=-9.01, remainder_fraction=7.2929%, Lmin=-5.22, Lmax=-5.14
14:54:10 [ultranest] [DEBUG] iteration=2548, ncalls=7465, regioncalls=284840, ndraw=40, logz=-9.01, remainder_fraction=7.2752%, Lmin=-5.22, Lmax=-5.14
14:54:10 [ultranest] [DEBUG] iteration=2549, ncalls=7471, regioncalls=285080, ndraw=40, logz=-9.01, remainder_fraction=7.2582%, Lmin=-5.22, Lmax=-5.14
14:54:10 [ultranest] [DEBUG] iteration=2550, ncalls=7478, regioncalls=285360, ndraw=40, logz=-9.01, remainder_fraction=7.2410%, Lmin=-5.22, Lmax=-5.14
14:54:11 [ultranest] [DEBUG] iteration=2552, ncalls=7481, regioncalls=285480, ndraw=40, logz=-9.00, remainder_fraction=7.2071%, Lmin=-5.22, Lmax=-5.14
14:54:11 [ultranest] [DEBUG] iteration=2554, ncalls=7483, regioncalls=285560, ndraw=40, logz=-9.00, remainder_fraction=7.1720%, Lmin=-5.22, Lmax=-5.14
14:54:11 [ultranest] [DEBUG] iteration=2556, ncalls=7486, regioncalls=285680, ndraw=40, logz=-9.00, remainder_fraction=7.1368%, Lmin=-5.22, Lmax=-5.14
14:54:11 [ultranest] [DEBUG] iteration=2557, ncalls=7493, regioncalls=285960, ndraw=40, logz=-9.00, remainder_fraction=7.1201%, Lmin=-5.22, Lmax=-5.14
14:54:12 [ultranest] [DEBUG] iteration=2559, ncalls=7502, regioncalls=286320, ndraw=40, logz=-9.00, remainder_fraction=7.0857%, Lmin=-5.22, Lmax=-5.14
14:54:12 [ultranest] [DEBUG] iteration=2560, ncalls=7503, regioncalls=286360, ndraw=40, logz=-9.00, remainder_fraction=7.0685%, Lmin=-5.22, Lmax=-5.14
14:54:12 [ultranest] [DEBUG] iteration=2562, ncalls=7506, regioncalls=286480, ndraw=40, logz=-9.00, remainder_fraction=7.0348%, Lmin=-5.22, Lmax=-5.14
14:54:12 [ultranest] [DEBUG] iteration=2564, ncalls=7516, regioncalls=286880, ndraw=40, logz=-9.00, remainder_fraction=7.0007%, Lmin=-5.22, Lmax=-5.14
14:54:12 [ultranest] [DEBUG] iteration=2565, ncalls=7520, regioncalls=287040, ndraw=40, logz=-9.00, remainder_fraction=6.9843%, Lmin=-5.22, Lmax=-5.14
14:54:13 [ultranest] [DEBUG] iteration=2567, ncalls=7524, regioncalls=287200, ndraw=40, logz=-9.00, remainder_fraction=6.9507%, Lmin=-5.22, Lmax=-5.14
14:54:13 [ultranest] [DEBUG] iteration=2569, ncalls=7530, regioncalls=287440, ndraw=40, logz=-9.00, remainder_fraction=6.9179%, Lmin=-5.22, Lmax=-5.14
14:54:13 [ultranest] [DEBUG] iteration=2570, ncalls=7533, regioncalls=287560, ndraw=40, logz=-9.00, remainder_fraction=6.9016%, Lmin=-5.22, Lmax=-5.14
14:54:13 [ultranest] [DEBUG] iteration=2572, ncalls=7540, regioncalls=287840, ndraw=40, logz=-9.00, remainder_fraction=6.8683%, Lmin=-5.22, Lmax=-5.14
14:54:14 [ultranest] [DEBUG] iteration=2574, ncalls=7546, regioncalls=288080, ndraw=40, logz=-9.00, remainder_fraction=6.8356%, Lmin=-5.22, Lmax=-5.14
14:54:14 [ultranest] [DEBUG] iteration=2576, ncalls=7550, regioncalls=288240, ndraw=40, logz=-9.00, remainder_fraction=6.8028%, Lmin=-5.21, Lmax=-5.14
14:54:14 [ultranest] [DEBUG] iteration=2578, ncalls=7552, regioncalls=288320, ndraw=40, logz=-9.00, remainder_fraction=6.7695%, Lmin=-5.21, Lmax=-5.14
14:54:14 [ultranest] [DEBUG] iteration=2580, ncalls=7555, regioncalls=288440, ndraw=40, logz=-9.00, remainder_fraction=6.7372%, Lmin=-5.21, Lmax=-5.14
14:54:14 [ultranest] [DEBUG] iteration=2581, ncalls=7558, regioncalls=288560, ndraw=40, logz=-9.00, remainder_fraction=6.7212%, Lmin=-5.21, Lmax=-5.14
14:54:14 [ultranest] [DEBUG] iteration=2583, ncalls=7561, regioncalls=288680, ndraw=40, logz=-9.00, remainder_fraction=6.6885%, Lmin=-5.21, Lmax=-5.14
14:54:15 [ultranest] [DEBUG] iteration=2585, ncalls=7565, regioncalls=288840, ndraw=40, logz=-9.00, remainder_fraction=6.6553%, Lmin=-5.21, Lmax=-5.14
14:54:15 [ultranest] [DEBUG] iteration=2586, ncalls=7567, regioncalls=288920, ndraw=40, logz=-9.00, remainder_fraction=6.6398%, Lmin=-5.21, Lmax=-5.14
14:54:15 [ultranest] [DEBUG] iteration=2589, ncalls=7572, regioncalls=289120, ndraw=40, logz=-9.00, remainder_fraction=6.5920%, Lmin=-5.21, Lmax=-5.14
14:54:15 [ultranest] [DEBUG] iteration=2591, ncalls=7575, regioncalls=289240, ndraw=40, logz=-9.00, remainder_fraction=6.5604%, Lmin=-5.21, Lmax=-5.14
14:54:15 [ultranest] [DEBUG] iteration=2593, ncalls=7580, regioncalls=289440, ndraw=40, logz=-9.00, remainder_fraction=6.5287%, Lmin=-5.21, Lmax=-5.14
14:54:15 [ultranest] [DEBUG] iteration=2594, ncalls=7582, regioncalls=289520, ndraw=40, logz=-9.00, remainder_fraction=6.5133%, Lmin=-5.21, Lmax=-5.14
14:54:16 [ultranest] [DEBUG] iteration=2595, ncalls=7588, regioncalls=289760, ndraw=40, logz=-9.00, remainder_fraction=6.4972%, Lmin=-5.21, Lmax=-5.14
14:54:16 [ultranest] [DEBUG] iteration=2596, ncalls=7591, regioncalls=289880, ndraw=40, logz=-9.00, remainder_fraction=6.4819%, Lmin=-5.21, Lmax=-5.14
14:54:16 [ultranest] [DEBUG] iteration=2597, ncalls=7596, regioncalls=290080, ndraw=40, logz=-9.00, remainder_fraction=6.4660%, Lmin=-5.21, Lmax=-5.14
14:54:16 [ultranest] [DEBUG] iteration=2598, ncalls=7599, regioncalls=290200, ndraw=40, logz=-9.00, remainder_fraction=6.4506%, Lmin=-5.21, Lmax=-5.14
14:54:16 [ultranest] [DEBUG] iteration=2600, ncalls=7601, regioncalls=290280, ndraw=40, logz=-9.00, remainder_fraction=6.4197%, Lmin=-5.21, Lmax=-5.14
14:54:17 [ultranest] [DEBUG] iteration=2602, ncalls=7607, regioncalls=290520, ndraw=40, logz=-9.00, remainder_fraction=6.3887%, Lmin=-5.21, Lmax=-5.14
14:54:17 [ultranest] [DEBUG] iteration=2603, ncalls=7610, regioncalls=290640, ndraw=40, logz=-9.00, remainder_fraction=6.3728%, Lmin=-5.21, Lmax=-5.14
14:54:17 [ultranest] [DEBUG] iteration=2605, ncalls=7620, regioncalls=291040, ndraw=40, logz=-9.00, remainder_fraction=6.3414%, Lmin=-5.21, Lmax=-5.14
14:54:18 [ultranest] [DEBUG] iteration=2607, ncalls=7629, regioncalls=291400, ndraw=40, logz=-9.00, remainder_fraction=6.3111%, Lmin=-5.21, Lmax=-5.14
14:54:18 [ultranest] [DEBUG] iteration=2608, ncalls=7641, regioncalls=291880, ndraw=40, logz=-9.00, remainder_fraction=6.2964%, Lmin=-5.21, Lmax=-5.14
14:54:18 [ultranest] [DEBUG] iteration=2610, ncalls=7645, regioncalls=292040, ndraw=40, logz=-8.99, remainder_fraction=6.2660%, Lmin=-5.21, Lmax=-5.14
14:54:19 [ultranest] [DEBUG] iteration=2611, ncalls=7650, regioncalls=292240, ndraw=40, logz=-8.99, remainder_fraction=6.2513%, Lmin=-5.21, Lmax=-5.14
14:54:19 [ultranest] [DEBUG] iteration=2612, ncalls=7652, regioncalls=292320, ndraw=40, logz=-8.99, remainder_fraction=6.2359%, Lmin=-5.21, Lmax=-5.14
14:54:19 [ultranest] [DEBUG] iteration=2614, ncalls=7658, regioncalls=292560, ndraw=40, logz=-8.99, remainder_fraction=6.2055%, Lmin=-5.21, Lmax=-5.14
14:54:19 [ultranest] [DEBUG] iteration=2616, ncalls=7663, regioncalls=292760, ndraw=40, logz=-8.99, remainder_fraction=6.1759%, Lmin=-5.21, Lmax=-5.14
14:54:20 [ultranest] [DEBUG] iteration=2618, ncalls=7667, regioncalls=292920, ndraw=40, logz=-8.99, remainder_fraction=6.1463%, Lmin=-5.21, Lmax=-5.14
14:54:20 [ultranest] [DEBUG] iteration=2619, ncalls=7671, regioncalls=293080, ndraw=40, logz=-8.99, remainder_fraction=6.1311%, Lmin=-5.21, Lmax=-5.14
14:54:20 [ultranest] [DEBUG] iteration=2621, ncalls=7674, regioncalls=293200, ndraw=40, logz=-8.99, remainder_fraction=6.1016%, Lmin=-5.21, Lmax=-5.14
14:54:20 [ultranest] [DEBUG] iteration=2622, ncalls=7677, regioncalls=293320, ndraw=40, logz=-8.99, remainder_fraction=6.0872%, Lmin=-5.21, Lmax=-5.14
14:54:20 [ultranest] [DEBUG] iteration=2623, ncalls=7680, regioncalls=293440, ndraw=40, logz=-8.99, remainder_fraction=6.0727%, Lmin=-5.21, Lmax=-5.14
14:54:20 [ultranest] [DEBUG] iteration=2624, ncalls=7683, regioncalls=293560, ndraw=40, logz=-8.99, remainder_fraction=6.0582%, Lmin=-5.21, Lmax=-5.14
14:54:21 [ultranest] [DEBUG] iteration=2625, ncalls=7686, regioncalls=293680, ndraw=40, logz=-8.99, remainder_fraction=6.0431%, Lmin=-5.21, Lmax=-5.14
14:54:21 [ultranest] [DEBUG] iteration=2626, ncalls=7688, regioncalls=293760, ndraw=40, logz=-8.99, remainder_fraction=6.0283%, Lmin=-5.21, Lmax=-5.14
14:54:21 [ultranest] [DEBUG] iteration=2628, ncalls=7691, regioncalls=293880, ndraw=40, logz=-8.99, remainder_fraction=5.9989%, Lmin=-5.21, Lmax=-5.14
14:54:21 [ultranest] [DEBUG] iteration=2629, ncalls=7694, regioncalls=294000, ndraw=40, logz=-8.99, remainder_fraction=5.9842%, Lmin=-5.21, Lmax=-5.14
14:54:21 [ultranest] [DEBUG] iteration=2630, ncalls=7699, regioncalls=294200, ndraw=40, logz=-8.99, remainder_fraction=5.9699%, Lmin=-5.21, Lmax=-5.14
14:54:21 [ultranest] [DEBUG] iteration=2632, ncalls=7702, regioncalls=294320, ndraw=40, logz=-8.99, remainder_fraction=5.9417%, Lmin=-5.21, Lmax=-5.14
14:54:22 [ultranest] [DEBUG] iteration=2635, ncalls=7717, regioncalls=294920, ndraw=40, logz=-8.99, remainder_fraction=5.8990%, Lmin=-5.21, Lmax=-5.14
14:54:23 [ultranest] [DEBUG] iteration=2636, ncalls=7732, regioncalls=295520, ndraw=40, logz=-8.99, remainder_fraction=5.8844%, Lmin=-5.20, Lmax=-5.14
14:54:23 [ultranest] [DEBUG] iteration=2637, ncalls=7739, regioncalls=295800, ndraw=40, logz=-8.99, remainder_fraction=5.8705%, Lmin=-5.20, Lmax=-5.14
14:54:23 [ultranest] [DEBUG] iteration=2638, ncalls=7743, regioncalls=295960, ndraw=40, logz=-8.99, remainder_fraction=5.8562%, Lmin=-5.20, Lmax=-5.14
14:54:23 [ultranest] [DEBUG] iteration=2640, ncalls=7745, regioncalls=296040, ndraw=40, logz=-8.99, remainder_fraction=5.8279%, Lmin=-5.20, Lmax=-5.14
14:54:24 [ultranest] [DEBUG] iteration=2641, ncalls=7754, regioncalls=296400, ndraw=40, logz=-8.99, remainder_fraction=5.8136%, Lmin=-5.20, Lmax=-5.14
14:54:24 [ultranest] [DEBUG] iteration=2642, ncalls=7761, regioncalls=296680, ndraw=40, logz=-8.99, remainder_fraction=5.7996%, Lmin=-5.20, Lmax=-5.14
14:54:24 [ultranest] [DEBUG] iteration=2643, ncalls=7767, regioncalls=296920, ndraw=40, logz=-8.99, remainder_fraction=5.7855%, Lmin=-5.20, Lmax=-5.14
14:54:25 [ultranest] [DEBUG] iteration=2645, ncalls=7771, regioncalls=297080, ndraw=40, logz=-8.99, remainder_fraction=5.7574%, Lmin=-5.20, Lmax=-5.14
14:54:25 [ultranest] [DEBUG] iteration=2646, ncalls=7778, regioncalls=297360, ndraw=40, logz=-8.99, remainder_fraction=5.7433%, Lmin=-5.20, Lmax=-5.14
14:54:25 [ultranest] [DEBUG] iteration=2647, ncalls=7781, regioncalls=297480, ndraw=40, logz=-8.99, remainder_fraction=5.7290%, Lmin=-5.20, Lmax=-5.14
14:54:25 [ultranest] [DEBUG] iteration=2649, ncalls=7789, regioncalls=297800, ndraw=40, logz=-8.99, remainder_fraction=5.7012%, Lmin=-5.20, Lmax=-5.14
14:54:26 [ultranest] [DEBUG] iteration=2650, ncalls=7793, regioncalls=297960, ndraw=40, logz=-8.99, remainder_fraction=5.6870%, Lmin=-5.20, Lmax=-5.14
14:54:26 [ultranest] [DEBUG] iteration=2651, ncalls=7799, regioncalls=298200, ndraw=40, logz=-8.99, remainder_fraction=5.6732%, Lmin=-5.20, Lmax=-5.14
14:54:26 [ultranest] [DEBUG] iteration=2652, ncalls=7810, regioncalls=298640, ndraw=40, logz=-8.99, remainder_fraction=5.6598%, Lmin=-5.20, Lmax=-5.14
14:54:27 [ultranest] [DEBUG] iteration=2653, ncalls=7814, regioncalls=298800, ndraw=40, logz=-8.99, remainder_fraction=5.6464%, Lmin=-5.20, Lmax=-5.14
14:54:27 [ultranest] [DEBUG] iteration=2654, ncalls=7816, regioncalls=298880, ndraw=40, logz=-8.99, remainder_fraction=5.6325%, Lmin=-5.20, Lmax=-5.14
14:54:27 [ultranest] [DEBUG] iteration=2655, ncalls=7828, regioncalls=299360, ndraw=40, logz=-8.99, remainder_fraction=5.6184%, Lmin=-5.20, Lmax=-5.14
14:54:28 [ultranest] [DEBUG] iteration=2656, ncalls=7832, regioncalls=299520, ndraw=40, logz=-8.99, remainder_fraction=5.6052%, Lmin=-5.20, Lmax=-5.14
14:54:28 [ultranest] [DEBUG] iteration=2657, ncalls=7838, regioncalls=299760, ndraw=40, logz=-8.99, remainder_fraction=5.5918%, Lmin=-5.20, Lmax=-5.14
14:54:28 [ultranest] [DEBUG] iteration=2658, ncalls=7847, regioncalls=300120, ndraw=40, logz=-8.99, remainder_fraction=5.5783%, Lmin=-5.20, Lmax=-5.14
14:54:29 [ultranest] [DEBUG] iteration=2659, ncalls=7854, regioncalls=300400, ndraw=40, logz=-8.99, remainder_fraction=5.5647%, Lmin=-5.20, Lmax=-5.14
14:54:29 [ultranest] [DEBUG] iteration=2660, ncalls=7858, regioncalls=300560, ndraw=40, logz=-8.99, remainder_fraction=5.5512%, Lmin=-5.20, Lmax=-5.14
14:54:29 [ultranest] [DEBUG] iteration=2662, ncalls=7862, regioncalls=300720, ndraw=40, logz=-8.99, remainder_fraction=5.5245%, Lmin=-5.20, Lmax=-5.14
14:54:29 [ultranest] [DEBUG] iteration=2664, ncalls=7865, regioncalls=300840, ndraw=40, logz=-8.99, remainder_fraction=5.4973%, Lmin=-5.20, Lmax=-5.14
14:54:30 [ultranest] [DEBUG] iteration=2665, ncalls=7874, regioncalls=301200, ndraw=40, logz=-8.99, remainder_fraction=5.4840%, Lmin=-5.20, Lmax=-5.14
14:54:30 [ultranest] [DEBUG] iteration=2667, ncalls=7880, regioncalls=301440, ndraw=40, logz=-8.99, remainder_fraction=5.4575%, Lmin=-5.20, Lmax=-5.14
14:54:30 [ultranest] [DEBUG] iteration=2668, ncalls=7889, regioncalls=301800, ndraw=40, logz=-8.99, remainder_fraction=5.4444%, Lmin=-5.20, Lmax=-5.14
14:54:31 [ultranest] [DEBUG] iteration=2669, ncalls=7899, regioncalls=302200, ndraw=40, logz=-8.99, remainder_fraction=5.4312%, Lmin=-5.20, Lmax=-5.14
14:54:31 [ultranest] [DEBUG] iteration=2671, ncalls=7905, regioncalls=302440, ndraw=40, logz=-8.99, remainder_fraction=5.4051%, Lmin=-5.20, Lmax=-5.14
14:54:31 [ultranest] [DEBUG] iteration=2674, ncalls=7915, regioncalls=302840, ndraw=40, logz=-8.99, remainder_fraction=5.3658%, Lmin=-5.20, Lmax=-5.14
14:54:32 [ultranest] [DEBUG] iteration=2675, ncalls=7920, regioncalls=303040, ndraw=40, logz=-8.99, remainder_fraction=5.3528%, Lmin=-5.20, Lmax=-5.14
14:54:32 [ultranest] [DEBUG] iteration=2678, ncalls=7923, regioncalls=303160, ndraw=40, logz=-8.98, remainder_fraction=5.3139%, Lmin=-5.20, Lmax=-5.14
14:54:32 [ultranest] [DEBUG] iteration=2680, ncalls=7925, regioncalls=303240, ndraw=40, logz=-8.98, remainder_fraction=5.2882%, Lmin=-5.20, Lmax=-5.14
14:54:32 [ultranest] [DEBUG] iteration=2681, ncalls=7930, regioncalls=303440, ndraw=40, logz=-8.98, remainder_fraction=5.2755%, Lmin=-5.20, Lmax=-5.14
14:54:32 [ultranest] [DEBUG] iteration=2683, ncalls=7934, regioncalls=303600, ndraw=40, logz=-8.98, remainder_fraction=5.2500%, Lmin=-5.20, Lmax=-5.14
14:54:33 [ultranest] [DEBUG] iteration=2685, ncalls=7945, regioncalls=304040, ndraw=40, logz=-8.98, remainder_fraction=5.2250%, Lmin=-5.20, Lmax=-5.14
14:54:33 [ultranest] [DEBUG] iteration=2686, ncalls=7956, regioncalls=304480, ndraw=40, logz=-8.98, remainder_fraction=5.2126%, Lmin=-5.20, Lmax=-5.14
14:54:34 [ultranest] [DEBUG] iteration=2687, ncalls=7969, regioncalls=305000, ndraw=40, logz=-8.98, remainder_fraction=5.2002%, Lmin=-5.20, Lmax=-5.14
14:54:34 [ultranest] [DEBUG] iteration=2688, ncalls=7973, regioncalls=305160, ndraw=40, logz=-8.98, remainder_fraction=5.1879%, Lmin=-5.20, Lmax=-5.14
14:54:35 [ultranest] [DEBUG] iteration=2689, ncalls=7981, regioncalls=305480, ndraw=40, logz=-8.98, remainder_fraction=5.1750%, Lmin=-5.20, Lmax=-5.14
14:54:35 [ultranest] [DEBUG] iteration=2690, ncalls=7985, regioncalls=305640, ndraw=40, logz=-8.98, remainder_fraction=5.1625%, Lmin=-5.20, Lmax=-5.14
14:54:35 [ultranest] [DEBUG] iteration=2692, ncalls=7991, regioncalls=305880, ndraw=40, logz=-8.98, remainder_fraction=5.1373%, Lmin=-5.20, Lmax=-5.14
14:54:35 [ultranest] [DEBUG] iteration=2693, ncalls=7996, regioncalls=306080, ndraw=40, logz=-8.98, remainder_fraction=5.1249%, Lmin=-5.20, Lmax=-5.14
14:54:36 [ultranest] [DEBUG] iteration=2694, ncalls=8005, regioncalls=306440, ndraw=40, logz=-8.98, remainder_fraction=5.1122%, Lmin=-5.20, Lmax=-5.14
14:54:36 [ultranest] [DEBUG] iteration=2695, ncalls=8011, regioncalls=306680, ndraw=40, logz=-8.98, remainder_fraction=5.1001%, Lmin=-5.20, Lmax=-5.14
14:54:36 [ultranest] [DEBUG] iteration=2696, ncalls=8015, regioncalls=306840, ndraw=40, logz=-8.98, remainder_fraction=5.0878%, Lmin=-5.20, Lmax=-5.14
14:54:37 [ultranest] [DEBUG] iteration=2697, ncalls=8023, regioncalls=307160, ndraw=40, logz=-8.98, remainder_fraction=5.0752%, Lmin=-5.20, Lmax=-5.14
14:54:37 [ultranest] [DEBUG] iteration=2698, ncalls=8028, regioncalls=307360, ndraw=40, logz=-8.98, remainder_fraction=5.0629%, Lmin=-5.20, Lmax=-5.14
14:54:37 [ultranest] [DEBUG] iteration=2700, ncalls=8032, regioncalls=307520, ndraw=40, logz=-8.98, remainder_fraction=5.0381%, Lmin=-5.20, Lmax=-5.14
14:54:37 [ultranest] [DEBUG] iteration=2701, ncalls=8035, regioncalls=307640, ndraw=40, logz=-8.98, remainder_fraction=5.0259%, Lmin=-5.19, Lmax=-5.14
14:54:38 [ultranest] [DEBUG] iteration=2702, ncalls=8038, regioncalls=307760, ndraw=40, logz=-8.98, remainder_fraction=5.0137%, Lmin=-5.19, Lmax=-5.14
14:54:38 [ultranest] [DEBUG] iteration=2703, ncalls=8043, regioncalls=307960, ndraw=40, logz=-8.98, remainder_fraction=5.0013%, Lmin=-5.19, Lmax=-5.14
14:54:38 [ultranest] [DEBUG] iteration=2704, ncalls=8046, regioncalls=308080, ndraw=40, logz=-8.98, remainder_fraction=4.9892%, Lmin=-5.19, Lmax=-5.14
14:54:38 [ultranest] [DEBUG] iteration=2705, ncalls=8052, regioncalls=308320, ndraw=40, logz=-8.98, remainder_fraction=4.9768%, Lmin=-5.19, Lmax=-5.14
14:54:38 [ultranest] [DEBUG] iteration=2706, ncalls=8056, regioncalls=308480, ndraw=40, logz=-8.98, remainder_fraction=4.9644%, Lmin=-5.19, Lmax=-5.14
14:54:39 [ultranest] [DEBUG] iteration=2707, ncalls=8066, regioncalls=308880, ndraw=40, logz=-8.98, remainder_fraction=4.9523%, Lmin=-5.19, Lmax=-5.14
14:54:39 [ultranest] [DEBUG] iteration=2708, ncalls=8068, regioncalls=308960, ndraw=40, logz=-8.98, remainder_fraction=4.9404%, Lmin=-5.19, Lmax=-5.14
14:54:39 [ultranest] [DEBUG] iteration=2709, ncalls=8074, regioncalls=309200, ndraw=40, logz=-8.98, remainder_fraction=4.9283%, Lmin=-5.19, Lmax=-5.14
14:54:39 [ultranest] [DEBUG] iteration=2711, ncalls=8077, regioncalls=309320, ndraw=40, logz=-8.98, remainder_fraction=4.9044%, Lmin=-5.19, Lmax=-5.14
14:54:40 [ultranest] [DEBUG] iteration=2713, ncalls=8080, regioncalls=309440, ndraw=40, logz=-8.98, remainder_fraction=4.8805%, Lmin=-5.19, Lmax=-5.14
14:54:40 [ultranest] [DEBUG] iteration=2714, ncalls=8082, regioncalls=309520, ndraw=40, logz=-8.98, remainder_fraction=4.8686%, Lmin=-5.19, Lmax=-5.14
14:54:40 [ultranest] [DEBUG] iteration=2715, ncalls=8086, regioncalls=309680, ndraw=40, logz=-8.98, remainder_fraction=4.8566%, Lmin=-5.19, Lmax=-5.14
14:54:40 [ultranest] [DEBUG] iteration=2717, ncalls=8089, regioncalls=309800, ndraw=40, logz=-8.98, remainder_fraction=4.8328%, Lmin=-5.19, Lmax=-5.14
14:54:40 [ultranest] [DEBUG] iteration=2718, ncalls=8093, regioncalls=309960, ndraw=40, logz=-8.98, remainder_fraction=4.8209%, Lmin=-5.19, Lmax=-5.14
14:54:40 [ultranest] [DEBUG] iteration=2719, ncalls=8098, regioncalls=310160, ndraw=40, logz=-8.98, remainder_fraction=4.8093%, Lmin=-5.19, Lmax=-5.14
14:54:41 [ultranest] [DEBUG] iteration=2720, ncalls=8103, regioncalls=310360, ndraw=40, logz=-8.98, remainder_fraction=4.7973%, Lmin=-5.19, Lmax=-5.14
14:54:41 [ultranest] [DEBUG] iteration=2721, ncalls=8107, regioncalls=310520, ndraw=40, logz=-8.98, remainder_fraction=4.7858%, Lmin=-5.19, Lmax=-5.14
14:54:41 [ultranest] [DEBUG] iteration=2722, ncalls=8112, regioncalls=310720, ndraw=40, logz=-8.98, remainder_fraction=4.7739%, Lmin=-5.19, Lmax=-5.14
14:54:41 [ultranest] [DEBUG] iteration=2723, ncalls=8114, regioncalls=310800, ndraw=40, logz=-8.98, remainder_fraction=4.7621%, Lmin=-5.19, Lmax=-5.14
14:54:42 [ultranest] [DEBUG] iteration=2724, ncalls=8123, regioncalls=311160, ndraw=40, logz=-8.98, remainder_fraction=4.7506%, Lmin=-5.19, Lmax=-5.14
14:54:42 [ultranest] [DEBUG] iteration=2725, ncalls=8129, regioncalls=311400, ndraw=40, logz=-8.98, remainder_fraction=4.7391%, Lmin=-5.19, Lmax=-5.14
14:54:42 [ultranest] [DEBUG] iteration=2726, ncalls=8138, regioncalls=311760, ndraw=40, logz=-8.98, remainder_fraction=4.7276%, Lmin=-5.19, Lmax=-5.14
14:54:43 [ultranest] [DEBUG] iteration=2727, ncalls=8142, regioncalls=311920, ndraw=40, logz=-8.98, remainder_fraction=4.7160%, Lmin=-5.19, Lmax=-5.14
14:54:43 [ultranest] [DEBUG] iteration=2728, ncalls=8145, regioncalls=312040, ndraw=40, logz=-8.98, remainder_fraction=4.7043%, Lmin=-5.19, Lmax=-5.14
14:54:43 [ultranest] [DEBUG] iteration=2729, ncalls=8153, regioncalls=312360, ndraw=40, logz=-8.98, remainder_fraction=4.6926%, Lmin=-5.19, Lmax=-5.14
14:54:43 [ultranest] [DEBUG] iteration=2730, ncalls=8156, regioncalls=312480, ndraw=40, logz=-8.98, remainder_fraction=4.6814%, Lmin=-5.19, Lmax=-5.14
14:54:43 [ultranest] [DEBUG] iteration=2731, ncalls=8160, regioncalls=312640, ndraw=40, logz=-8.98, remainder_fraction=4.6702%, Lmin=-5.19, Lmax=-5.14
14:54:44 [ultranest] [DEBUG] iteration=2732, ncalls=8164, regioncalls=312800, ndraw=40, logz=-8.98, remainder_fraction=4.6587%, Lmin=-5.19, Lmax=-5.14
14:54:44 [ultranest] [DEBUG] iteration=2733, ncalls=8167, regioncalls=312920, ndraw=40, logz=-8.98, remainder_fraction=4.6474%, Lmin=-5.19, Lmax=-5.14
14:54:44 [ultranest] [DEBUG] iteration=2735, ncalls=8171, regioncalls=313080, ndraw=40, logz=-8.98, remainder_fraction=4.6243%, Lmin=-5.19, Lmax=-5.14
14:54:45 [ultranest] [DEBUG] iteration=2736, ncalls=8186, regioncalls=313680, ndraw=40, logz=-8.98, remainder_fraction=4.6132%, Lmin=-5.19, Lmax=-5.14
14:54:45 [ultranest] [DEBUG] iteration=2737, ncalls=8191, regioncalls=313880, ndraw=40, logz=-8.98, remainder_fraction=4.6020%, Lmin=-5.19, Lmax=-5.14
14:54:45 [ultranest] [DEBUG] iteration=2739, ncalls=8196, regioncalls=314080, ndraw=40, logz=-8.98, remainder_fraction=4.5794%, Lmin=-5.19, Lmax=-5.14
14:54:46 [ultranest] [DEBUG] iteration=2740, ncalls=8202, regioncalls=314320, ndraw=40, logz=-8.98, remainder_fraction=4.5683%, Lmin=-5.19, Lmax=-5.14
14:54:46 [ultranest] [DEBUG] iteration=2741, ncalls=8205, regioncalls=314440, ndraw=40, logz=-8.98, remainder_fraction=4.5574%, Lmin=-5.19, Lmax=-5.14
14:54:46 [ultranest] [DEBUG] iteration=2742, ncalls=8208, regioncalls=314560, ndraw=40, logz=-8.98, remainder_fraction=4.5463%, Lmin=-5.19, Lmax=-5.14
14:54:46 [ultranest] [DEBUG] iteration=2743, ncalls=8211, regioncalls=314680, ndraw=40, logz=-8.98, remainder_fraction=4.5352%, Lmin=-5.19, Lmax=-5.14
14:54:46 [ultranest] [DEBUG] iteration=2744, ncalls=8216, regioncalls=314880, ndraw=40, logz=-8.98, remainder_fraction=4.5243%, Lmin=-5.19, Lmax=-5.14
14:54:46 [ultranest] [DEBUG] iteration=2746, ncalls=8219, regioncalls=315000, ndraw=40, logz=-8.98, remainder_fraction=4.5023%, Lmin=-5.19, Lmax=-5.14
14:54:47 [ultranest] [DEBUG] iteration=2747, ncalls=8236, regioncalls=315680, ndraw=40, logz=-8.98, remainder_fraction=4.4911%, Lmin=-5.19, Lmax=-5.14
14:54:48 [ultranest] [DEBUG] iteration=2748, ncalls=8243, regioncalls=315960, ndraw=40, logz=-8.98, remainder_fraction=4.4801%, Lmin=-5.19, Lmax=-5.14
14:54:48 [ultranest] [DEBUG] iteration=2749, ncalls=8247, regioncalls=316120, ndraw=40, logz=-8.98, remainder_fraction=4.4691%, Lmin=-5.19, Lmax=-5.14
14:54:48 [ultranest] [DEBUG] iteration=2750, ncalls=8257, regioncalls=316520, ndraw=40, logz=-8.98, remainder_fraction=4.4580%, Lmin=-5.19, Lmax=-5.14
14:54:49 [ultranest] [DEBUG] iteration=2753, ncalls=8264, regioncalls=316800, ndraw=40, logz=-8.98, remainder_fraction=4.4258%, Lmin=-5.19, Lmax=-5.14
14:54:49 [ultranest] [DEBUG] iteration=2754, ncalls=8267, regioncalls=316920, ndraw=40, logz=-8.98, remainder_fraction=4.4151%, Lmin=-5.19, Lmax=-5.14
14:54:49 [ultranest] [DEBUG] iteration=2756, ncalls=8270, regioncalls=317040, ndraw=40, logz=-8.98, remainder_fraction=4.3938%, Lmin=-5.19, Lmax=-5.14
14:54:49 [ultranest] [DEBUG] iteration=2757, ncalls=8279, regioncalls=317400, ndraw=40, logz=-8.97, remainder_fraction=4.3830%, Lmin=-5.19, Lmax=-5.14
14:54:50 [ultranest] [DEBUG] iteration=2759, ncalls=8291, regioncalls=317880, ndraw=40, logz=-8.97, remainder_fraction=4.3616%, Lmin=-5.19, Lmax=-5.14
14:54:50 [ultranest] [DEBUG] iteration=2760, ncalls=8295, regioncalls=318040, ndraw=40, logz=-8.97, remainder_fraction=4.3511%, Lmin=-5.19, Lmax=-5.14
14:54:50 [ultranest] [DEBUG] iteration=2761, ncalls=8300, regioncalls=318240, ndraw=40, logz=-8.97, remainder_fraction=4.3407%, Lmin=-5.19, Lmax=-5.14
14:54:50 [ultranest] [DEBUG] iteration=2763, ncalls=8304, regioncalls=318400, ndraw=40, logz=-8.97, remainder_fraction=4.3199%, Lmin=-5.19, Lmax=-5.14
14:54:51 [ultranest] [DEBUG] iteration=2764, ncalls=8307, regioncalls=318520, ndraw=40, logz=-8.97, remainder_fraction=4.3096%, Lmin=-5.19, Lmax=-5.14
14:54:51 [ultranest] [DEBUG] iteration=2765, ncalls=8314, regioncalls=318800, ndraw=40, logz=-8.97, remainder_fraction=4.2989%, Lmin=-5.19, Lmax=-5.14
14:54:51 [ultranest] [DEBUG] iteration=2766, ncalls=8319, regioncalls=319000, ndraw=40, logz=-8.97, remainder_fraction=4.2884%, Lmin=-5.19, Lmax=-5.14
14:54:51 [ultranest] [DEBUG] iteration=2767, ncalls=8326, regioncalls=319280, ndraw=40, logz=-8.97, remainder_fraction=4.2779%, Lmin=-5.19, Lmax=-5.14
14:54:52 [ultranest] [DEBUG] iteration=2768, ncalls=8334, regioncalls=319600, ndraw=40, logz=-8.97, remainder_fraction=4.2673%, Lmin=-5.19, Lmax=-5.14
14:54:52 [ultranest] [DEBUG] iteration=2771, ncalls=8337, regioncalls=319720, ndraw=40, logz=-8.97, remainder_fraction=4.2359%, Lmin=-5.19, Lmax=-5.14
14:54:52 [ultranest] [DEBUG] iteration=2772, ncalls=8339, regioncalls=319800, ndraw=40, logz=-8.97, remainder_fraction=4.2254%, Lmin=-5.19, Lmax=-5.14
14:54:52 [ultranest] [DEBUG] iteration=2774, ncalls=8346, regioncalls=320080, ndraw=40, logz=-8.97, remainder_fraction=4.2046%, Lmin=-5.19, Lmax=-5.14
14:54:53 [ultranest] [DEBUG] iteration=2776, ncalls=8349, regioncalls=320200, ndraw=40, logz=-8.97, remainder_fraction=4.1842%, Lmin=-5.19, Lmax=-5.14
14:54:53 [ultranest] [DEBUG] iteration=2777, ncalls=8352, regioncalls=320320, ndraw=40, logz=-8.97, remainder_fraction=4.1739%, Lmin=-5.19, Lmax=-5.14
14:54:53 [ultranest] [DEBUG] iteration=2778, ncalls=8357, regioncalls=320520, ndraw=40, logz=-8.97, remainder_fraction=4.1638%, Lmin=-5.19, Lmax=-5.14
14:54:53 [ultranest] [DEBUG] iteration=2779, ncalls=8363, regioncalls=320760, ndraw=40, logz=-8.97, remainder_fraction=4.1538%, Lmin=-5.19, Lmax=-5.14
14:54:53 [ultranest] [DEBUG] iteration=2780, ncalls=8368, regioncalls=320960, ndraw=40, logz=-8.97, remainder_fraction=4.1434%, Lmin=-5.19, Lmax=-5.14
14:54:54 [ultranest] [DEBUG] iteration=2781, ncalls=8375, regioncalls=321240, ndraw=40, logz=-8.97, remainder_fraction=4.1334%, Lmin=-5.19, Lmax=-5.14
14:54:54 [ultranest] [DEBUG] iteration=2782, ncalls=8382, regioncalls=321520, ndraw=40, logz=-8.97, remainder_fraction=4.1232%, Lmin=-5.19, Lmax=-5.14
14:54:54 [ultranest] [DEBUG] iteration=2784, ncalls=8387, regioncalls=321720, ndraw=40, logz=-8.97, remainder_fraction=4.1031%, Lmin=-5.19, Lmax=-5.14
14:54:55 [ultranest] [DEBUG] iteration=2785, ncalls=8394, regioncalls=322000, ndraw=40, logz=-8.97, remainder_fraction=4.0933%, Lmin=-5.19, Lmax=-5.14
14:54:55 [ultranest] [DEBUG] iteration=2787, ncalls=8397, regioncalls=322120, ndraw=40, logz=-8.97, remainder_fraction=4.0733%, Lmin=-5.19, Lmax=-5.14
14:54:55 [ultranest] [DEBUG] iteration=2789, ncalls=8405, regioncalls=322440, ndraw=40, logz=-8.97, remainder_fraction=4.0536%, Lmin=-5.19, Lmax=-5.14
14:54:55 [ultranest] [DEBUG] iteration=2790, ncalls=8406, regioncalls=322560, ndraw=40, logz=-8.97, remainder_fraction=4.0438%, Lmin=-5.19, Lmax=-5.14
14:54:56 [ultranest] [DEBUG] iteration=2791, ncalls=8410, regioncalls=322720, ndraw=40, logz=-8.97, remainder_fraction=4.0339%, Lmin=-5.18, Lmax=-5.14
14:54:56 [ultranest] [DEBUG] iteration=2793, ncalls=8417, regioncalls=323000, ndraw=40, logz=-8.97, remainder_fraction=4.0139%, Lmin=-5.18, Lmax=-5.14
14:54:56 [ultranest] [DEBUG] iteration=2795, ncalls=8420, regioncalls=323120, ndraw=40, logz=-8.97, remainder_fraction=3.9944%, Lmin=-5.18, Lmax=-5.14
14:54:57 [ultranest] [DEBUG] iteration=2796, ncalls=8428, regioncalls=323440, ndraw=40, logz=-8.97, remainder_fraction=3.9848%, Lmin=-5.18, Lmax=-5.14
14:54:57 [ultranest] [DEBUG] iteration=2797, ncalls=8431, regioncalls=323560, ndraw=40, logz=-8.97, remainder_fraction=3.9750%, Lmin=-5.18, Lmax=-5.14
14:54:57 [ultranest] [DEBUG] iteration=2799, ncalls=8435, regioncalls=323720, ndraw=40, logz=-8.97, remainder_fraction=3.9555%, Lmin=-5.18, Lmax=-5.14
14:54:57 [ultranest] [DEBUG] iteration=2800, ncalls=8438, regioncalls=323840, ndraw=40, logz=-8.97, remainder_fraction=3.9460%, Lmin=-5.18, Lmax=-5.14
14:54:57 [ultranest] [DEBUG] iteration=2802, ncalls=8440, regioncalls=323920, ndraw=40, logz=-8.97, remainder_fraction=3.9269%, Lmin=-5.18, Lmax=-5.14
14:54:57 [ultranest] [DEBUG] iteration=2805, ncalls=8448, regioncalls=324240, ndraw=40, logz=-8.97, remainder_fraction=3.8983%, Lmin=-5.18, Lmax=-5.14
14:54:58 [ultranest] [DEBUG] iteration=2808, ncalls=8451, regioncalls=324360, ndraw=40, logz=-8.97, remainder_fraction=3.8698%, Lmin=-5.18, Lmax=-5.14
14:54:58 [ultranest] [DEBUG] iteration=2811, ncalls=8460, regioncalls=324720, ndraw=40, logz=-8.97, remainder_fraction=3.8416%, Lmin=-5.18, Lmax=-5.14
14:54:58 [ultranest] [DEBUG] iteration=2812, ncalls=8466, regioncalls=324960, ndraw=40, logz=-8.97, remainder_fraction=3.8323%, Lmin=-5.18, Lmax=-5.14
14:54:59 [ultranest] [DEBUG] iteration=2813, ncalls=8469, regioncalls=325080, ndraw=40, logz=-8.97, remainder_fraction=3.8229%, Lmin=-5.18, Lmax=-5.14
14:54:59 [ultranest] [DEBUG] iteration=2815, ncalls=8472, regioncalls=325200, ndraw=40, logz=-8.97, remainder_fraction=3.8040%, Lmin=-5.18, Lmax=-5.14
14:54:59 [ultranest] [DEBUG] iteration=2816, ncalls=8477, regioncalls=325400, ndraw=40, logz=-8.97, remainder_fraction=3.7949%, Lmin=-5.18, Lmax=-5.14
14:54:59 [ultranest] [DEBUG] iteration=2818, ncalls=8482, regioncalls=325600, ndraw=40, logz=-8.97, remainder_fraction=3.7764%, Lmin=-5.18, Lmax=-5.14
14:54:59 [ultranest] [DEBUG] iteration=2819, ncalls=8486, regioncalls=325760, ndraw=40, logz=-8.97, remainder_fraction=3.7672%, Lmin=-5.18, Lmax=-5.14
14:54:59 [ultranest] [DEBUG] iteration=2820, ncalls=8491, regioncalls=325960, ndraw=40, logz=-8.97, remainder_fraction=3.7581%, Lmin=-5.18, Lmax=-5.14
14:55:00 [ultranest] [DEBUG] iteration=2821, ncalls=8495, regioncalls=326120, ndraw=40, logz=-8.97, remainder_fraction=3.7489%, Lmin=-5.18, Lmax=-5.14
14:55:00 [ultranest] [DEBUG] iteration=2823, ncalls=8501, regioncalls=326360, ndraw=40, logz=-8.97, remainder_fraction=3.7308%, Lmin=-5.18, Lmax=-5.14
14:55:00 [ultranest] [DEBUG] iteration=2825, ncalls=8505, regioncalls=326520, ndraw=40, logz=-8.97, remainder_fraction=3.7124%, Lmin=-5.18, Lmax=-5.14
14:55:00 [ultranest] [DEBUG] iteration=2827, ncalls=8509, regioncalls=326680, ndraw=40, logz=-8.97, remainder_fraction=3.6944%, Lmin=-5.18, Lmax=-5.14
14:55:01 [ultranest] [DEBUG] iteration=2828, ncalls=8514, regioncalls=326880, ndraw=40, logz=-8.97, remainder_fraction=3.6853%, Lmin=-5.18, Lmax=-5.14
14:55:01 [ultranest] [DEBUG] iteration=2829, ncalls=8521, regioncalls=327160, ndraw=40, logz=-8.97, remainder_fraction=3.6764%, Lmin=-5.18, Lmax=-5.14
14:55:01 [ultranest] [DEBUG] iteration=2830, ncalls=8525, regioncalls=327320, ndraw=40, logz=-8.97, remainder_fraction=3.6674%, Lmin=-5.18, Lmax=-5.14
14:55:01 [ultranest] [DEBUG] iteration=2832, ncalls=8528, regioncalls=327440, ndraw=40, logz=-8.97, remainder_fraction=3.6494%, Lmin=-5.18, Lmax=-5.14
14:55:01 [ultranest] [DEBUG] iteration=2835, ncalls=8534, regioncalls=327680, ndraw=40, logz=-8.97, remainder_fraction=3.6226%, Lmin=-5.18, Lmax=-5.14
14:55:02 [ultranest] [DEBUG] iteration=2837, ncalls=8542, regioncalls=328000, ndraw=40, logz=-8.97, remainder_fraction=3.6046%, Lmin=-5.18, Lmax=-5.14
14:55:02 [ultranest] [DEBUG] iteration=2838, ncalls=8547, regioncalls=328200, ndraw=40, logz=-8.97, remainder_fraction=3.5959%, Lmin=-5.18, Lmax=-5.14
14:55:02 [ultranest] [DEBUG] iteration=2839, ncalls=8553, regioncalls=328440, ndraw=40, logz=-8.97, remainder_fraction=3.5871%, Lmin=-5.18, Lmax=-5.14
14:55:02 [ultranest] [DEBUG] iteration=2840, ncalls=8554, regioncalls=328480, ndraw=40, logz=-8.97, remainder_fraction=3.5784%, Lmin=-5.18, Lmax=-5.14
14:55:03 [ultranest] [DEBUG] iteration=2843, ncalls=8557, regioncalls=328600, ndraw=40, logz=-8.97, remainder_fraction=3.5520%, Lmin=-5.18, Lmax=-5.14
14:55:03 [ultranest] [DEBUG] iteration=2845, ncalls=8561, regioncalls=328760, ndraw=40, logz=-8.97, remainder_fraction=3.5345%, Lmin=-5.18, Lmax=-5.14
14:55:03 [ultranest] [DEBUG] iteration=2847, ncalls=8566, regioncalls=328960, ndraw=40, logz=-8.97, remainder_fraction=3.5173%, Lmin=-5.18, Lmax=-5.14
14:55:03 [ultranest] [DEBUG] iteration=2849, ncalls=8570, regioncalls=329120, ndraw=40, logz=-8.97, remainder_fraction=3.5000%, Lmin=-5.18, Lmax=-5.14
14:55:03 [ultranest] [DEBUG] iteration=2850, ncalls=8574, regioncalls=329280, ndraw=40, logz=-8.97, remainder_fraction=3.4915%, Lmin=-5.18, Lmax=-5.14
14:55:04 [ultranest] [DEBUG] iteration=2851, ncalls=8578, regioncalls=329440, ndraw=40, logz=-8.97, remainder_fraction=3.4829%, Lmin=-5.18, Lmax=-5.14
14:55:04 [ultranest] [DEBUG] iteration=2852, ncalls=8580, regioncalls=329520, ndraw=40, logz=-8.97, remainder_fraction=3.4744%, Lmin=-5.18, Lmax=-5.14
14:55:04 [ultranest] [DEBUG] iteration=2853, ncalls=8590, regioncalls=329920, ndraw=40, logz=-8.97, remainder_fraction=3.4660%, Lmin=-5.18, Lmax=-5.14
14:55:04 [ultranest] [DEBUG] iteration=2855, ncalls=8596, regioncalls=330160, ndraw=40, logz=-8.97, remainder_fraction=3.4491%, Lmin=-5.18, Lmax=-5.14
14:55:05 [ultranest] [DEBUG] iteration=2856, ncalls=8600, regioncalls=330320, ndraw=40, logz=-8.97, remainder_fraction=3.4407%, Lmin=-5.18, Lmax=-5.14
14:55:05 [ultranest] [DEBUG] iteration=2857, ncalls=8607, regioncalls=330600, ndraw=40, logz=-8.97, remainder_fraction=3.4323%, Lmin=-5.18, Lmax=-5.14
14:55:05 [ultranest] [DEBUG] iteration=2858, ncalls=8613, regioncalls=330840, ndraw=40, logz=-8.96, remainder_fraction=3.4239%, Lmin=-5.18, Lmax=-5.14
14:55:05 [ultranest] [DEBUG] iteration=2861, ncalls=8618, regioncalls=331040, ndraw=40, logz=-8.96, remainder_fraction=3.3986%, Lmin=-5.18, Lmax=-5.14
14:55:06 [ultranest] [DEBUG] iteration=2862, ncalls=8626, regioncalls=331360, ndraw=40, logz=-8.96, remainder_fraction=3.3902%, Lmin=-5.18, Lmax=-5.14
14:55:06 [ultranest] [DEBUG] iteration=2864, ncalls=8632, regioncalls=331600, ndraw=40, logz=-8.96, remainder_fraction=3.3736%, Lmin=-5.18, Lmax=-5.14
14:55:06 [ultranest] [DEBUG] iteration=2865, ncalls=8635, regioncalls=331720, ndraw=40, logz=-8.96, remainder_fraction=3.3653%, Lmin=-5.18, Lmax=-5.14
14:55:07 [ultranest] [DEBUG] iteration=2866, ncalls=8640, regioncalls=331920, ndraw=40, logz=-8.96, remainder_fraction=3.3570%, Lmin=-5.18, Lmax=-5.14
14:55:07 [ultranest] [DEBUG] iteration=2867, ncalls=8647, regioncalls=332200, ndraw=40, logz=-8.96, remainder_fraction=3.3488%, Lmin=-5.18, Lmax=-5.14
14:55:07 [ultranest] [DEBUG] iteration=2868, ncalls=8653, regioncalls=332440, ndraw=40, logz=-8.96, remainder_fraction=3.3406%, Lmin=-5.18, Lmax=-5.14
14:55:07 [ultranest] [DEBUG] iteration=2870, ncalls=8657, regioncalls=332600, ndraw=40, logz=-8.96, remainder_fraction=3.3241%, Lmin=-5.18, Lmax=-5.14
14:55:07 [ultranest] [DEBUG] iteration=2871, ncalls=8660, regioncalls=332720, ndraw=40, logz=-8.96, remainder_fraction=3.3161%, Lmin=-5.18, Lmax=-5.14
14:55:08 [ultranest] [DEBUG] iteration=2873, ncalls=8663, regioncalls=332840, ndraw=40, logz=-8.96, remainder_fraction=3.2996%, Lmin=-5.18, Lmax=-5.14
14:55:08 [ultranest] [DEBUG] iteration=2874, ncalls=8666, regioncalls=332960, ndraw=40, logz=-8.96, remainder_fraction=3.2914%, Lmin=-5.18, Lmax=-5.14
14:55:08 [ultranest] [DEBUG] iteration=2875, ncalls=8669, regioncalls=333080, ndraw=40, logz=-8.96, remainder_fraction=3.2832%, Lmin=-5.18, Lmax=-5.14
14:55:08 [ultranest] [DEBUG] iteration=2877, ncalls=8673, regioncalls=333240, ndraw=40, logz=-8.96, remainder_fraction=3.2673%, Lmin=-5.18, Lmax=-5.14
14:55:08 [ultranest] [DEBUG] iteration=2878, ncalls=8676, regioncalls=333360, ndraw=40, logz=-8.96, remainder_fraction=3.2591%, Lmin=-5.18, Lmax=-5.14
14:55:09 [ultranest] [DEBUG] iteration=2880, ncalls=8679, regioncalls=333560, ndraw=40, logz=-8.96, remainder_fraction=3.2430%, Lmin=-5.17, Lmax=-5.14
14:55:09 [ultranest] [DEBUG] iteration=2881, ncalls=8683, regioncalls=333920, ndraw=40, logz=-8.96, remainder_fraction=3.2349%, Lmin=-5.17, Lmax=-5.14
14:55:09 [ultranest] [DEBUG] iteration=2883, ncalls=8687, regioncalls=334080, ndraw=40, logz=-8.96, remainder_fraction=3.2190%, Lmin=-5.17, Lmax=-5.14
14:55:09 [ultranest] [DEBUG] iteration=2884, ncalls=8690, regioncalls=334200, ndraw=40, logz=-8.96, remainder_fraction=3.2111%, Lmin=-5.17, Lmax=-5.14
14:55:10 [ultranest] [DEBUG] iteration=2886, ncalls=8698, regioncalls=334520, ndraw=40, logz=-8.96, remainder_fraction=3.1953%, Lmin=-5.17, Lmax=-5.14
14:55:10 [ultranest] [DEBUG] iteration=2887, ncalls=8701, regioncalls=334640, ndraw=40, logz=-8.96, remainder_fraction=3.1874%, Lmin=-5.17, Lmax=-5.14
14:55:10 [ultranest] [DEBUG] iteration=2888, ncalls=8703, regioncalls=334720, ndraw=40, logz=-8.96, remainder_fraction=3.1794%, Lmin=-5.17, Lmax=-5.14
14:55:10 [ultranest] [DEBUG] iteration=2889, ncalls=8713, regioncalls=335120, ndraw=40, logz=-8.96, remainder_fraction=3.1717%, Lmin=-5.17, Lmax=-5.14
14:55:10 [ultranest] [DEBUG] iteration=2892, ncalls=8716, regioncalls=335240, ndraw=40, logz=-8.96, remainder_fraction=3.1482%, Lmin=-5.17, Lmax=-5.14
14:55:11 [ultranest] [DEBUG] iteration=2893, ncalls=8722, regioncalls=335480, ndraw=40, logz=-8.96, remainder_fraction=3.1405%, Lmin=-5.17, Lmax=-5.14
14:55:11 [ultranest] [DEBUG] iteration=2895, ncalls=8727, regioncalls=335680, ndraw=40, logz=-8.96, remainder_fraction=3.1249%, Lmin=-5.17, Lmax=-5.14
14:55:11 [ultranest] [DEBUG] iteration=2896, ncalls=8731, regioncalls=335840, ndraw=40, logz=-8.96, remainder_fraction=3.1172%, Lmin=-5.17, Lmax=-5.14
14:55:11 [ultranest] [DEBUG] iteration=2897, ncalls=8736, regioncalls=336040, ndraw=40, logz=-8.96, remainder_fraction=3.1096%, Lmin=-5.17, Lmax=-5.14
14:55:12 [ultranest] [DEBUG] iteration=2899, ncalls=8743, regioncalls=336320, ndraw=40, logz=-8.96, remainder_fraction=3.0944%, Lmin=-5.17, Lmax=-5.14
14:55:12 [ultranest] [DEBUG] iteration=2901, ncalls=8746, regioncalls=336440, ndraw=40, logz=-8.96, remainder_fraction=3.0793%, Lmin=-5.17, Lmax=-5.14
14:55:12 [ultranest] [DEBUG] iteration=2903, ncalls=8749, regioncalls=336560, ndraw=40, logz=-8.96, remainder_fraction=3.0642%, Lmin=-5.17, Lmax=-5.14
14:55:12 [ultranest] [DEBUG] iteration=2906, ncalls=8757, regioncalls=336880, ndraw=40, logz=-8.96, remainder_fraction=3.0417%, Lmin=-5.17, Lmax=-5.14
14:55:13 [ultranest] [DEBUG] iteration=2907, ncalls=8760, regioncalls=337000, ndraw=40, logz=-8.96, remainder_fraction=3.0343%, Lmin=-5.17, Lmax=-5.14
14:55:13 [ultranest] [DEBUG] iteration=2908, ncalls=8767, regioncalls=337280, ndraw=40, logz=-8.96, remainder_fraction=3.0268%, Lmin=-5.17, Lmax=-5.14
14:55:13 [ultranest] [DEBUG] iteration=2911, ncalls=8775, regioncalls=337600, ndraw=40, logz=-8.96, remainder_fraction=3.0046%, Lmin=-5.17, Lmax=-5.14
14:55:14 [ultranest] [DEBUG] iteration=2913, ncalls=8781, regioncalls=337840, ndraw=40, logz=-8.96, remainder_fraction=2.9899%, Lmin=-5.17, Lmax=-5.14
14:55:14 [ultranest] [DEBUG] iteration=2915, ncalls=8787, regioncalls=338080, ndraw=40, logz=-8.96, remainder_fraction=2.9754%, Lmin=-5.17, Lmax=-5.14
14:55:14 [ultranest] [DEBUG] iteration=2917, ncalls=8793, regioncalls=338320, ndraw=40, logz=-8.96, remainder_fraction=2.9606%, Lmin=-5.17, Lmax=-5.14
14:55:14 [ultranest] [DEBUG] iteration=2918, ncalls=8797, regioncalls=338480, ndraw=40, logz=-8.96, remainder_fraction=2.9533%, Lmin=-5.17, Lmax=-5.14
14:55:14 [ultranest] [DEBUG] iteration=2919, ncalls=8801, regioncalls=338640, ndraw=40, logz=-8.96, remainder_fraction=2.9460%, Lmin=-5.17, Lmax=-5.14
14:55:15 [ultranest] [DEBUG] iteration=2920, ncalls=8808, regioncalls=338920, ndraw=40, logz=-8.96, remainder_fraction=2.9387%, Lmin=-5.17, Lmax=-5.14
14:55:15 [ultranest] [DEBUG] iteration=2921, ncalls=8815, regioncalls=339200, ndraw=40, logz=-8.96, remainder_fraction=2.9315%, Lmin=-5.17, Lmax=-5.14
14:55:15 [ultranest] [DEBUG] iteration=2922, ncalls=8820, regioncalls=339400, ndraw=40, logz=-8.96, remainder_fraction=2.9242%, Lmin=-5.17, Lmax=-5.14
14:55:16 [ultranest] [DEBUG] iteration=2924, ncalls=8826, regioncalls=339640, ndraw=40, logz=-8.96, remainder_fraction=2.9100%, Lmin=-5.17, Lmax=-5.14
14:55:16 [ultranest] [DEBUG] iteration=2926, ncalls=8832, regioncalls=339880, ndraw=40, logz=-8.96, remainder_fraction=2.8956%, Lmin=-5.17, Lmax=-5.14
14:55:16 [ultranest] [DEBUG] iteration=2927, ncalls=8835, regioncalls=340000, ndraw=40, logz=-8.96, remainder_fraction=2.8884%, Lmin=-5.17, Lmax=-5.14
14:55:16 [ultranest] [DEBUG] iteration=2930, ncalls=8839, regioncalls=340160, ndraw=40, logz=-8.96, remainder_fraction=2.8670%, Lmin=-5.17, Lmax=-5.14
14:55:16 [ultranest] [DEBUG] iteration=2931, ncalls=8843, regioncalls=340320, ndraw=40, logz=-8.96, remainder_fraction=2.8600%, Lmin=-5.17, Lmax=-5.14
14:55:17 [ultranest] [DEBUG] iteration=2932, ncalls=8849, regioncalls=340560, ndraw=40, logz=-8.96, remainder_fraction=2.8529%, Lmin=-5.17, Lmax=-5.14
14:55:17 [ultranest] [DEBUG] iteration=2933, ncalls=8852, regioncalls=340680, ndraw=40, logz=-8.96, remainder_fraction=2.8458%, Lmin=-5.17, Lmax=-5.14
14:55:17 [ultranest] [DEBUG] iteration=2934, ncalls=8855, regioncalls=340800, ndraw=40, logz=-8.96, remainder_fraction=2.8387%, Lmin=-5.17, Lmax=-5.14
14:55:17 [ultranest] [DEBUG] iteration=2935, ncalls=8862, regioncalls=341080, ndraw=40, logz=-8.96, remainder_fraction=2.8318%, Lmin=-5.17, Lmax=-5.14
14:55:18 [ultranest] [DEBUG] iteration=2937, ncalls=8870, regioncalls=341400, ndraw=40, logz=-8.96, remainder_fraction=2.8179%, Lmin=-5.17, Lmax=-5.14
14:55:18 [ultranest] [DEBUG] iteration=2939, ncalls=8873, regioncalls=341520, ndraw=40, logz=-8.96, remainder_fraction=2.8040%, Lmin=-5.17, Lmax=-5.14
14:55:18 [ultranest] [DEBUG] iteration=2940, ncalls=8876, regioncalls=341640, ndraw=40, logz=-8.96, remainder_fraction=2.7971%, Lmin=-5.17, Lmax=-5.14
14:55:19 [ultranest] [DEBUG] iteration=2941, ncalls=8889, regioncalls=342160, ndraw=40, logz=-8.96, remainder_fraction=2.7902%, Lmin=-5.17, Lmax=-5.14
14:55:19 [ultranest] [DEBUG] iteration=2942, ncalls=8894, regioncalls=342360, ndraw=40, logz=-8.96, remainder_fraction=2.7833%, Lmin=-5.17, Lmax=-5.14
14:55:19 [ultranest] [DEBUG] iteration=2943, ncalls=8900, regioncalls=342600, ndraw=40, logz=-8.96, remainder_fraction=2.7764%, Lmin=-5.17, Lmax=-5.14
14:55:19 [ultranest] [DEBUG] iteration=2944, ncalls=8903, regioncalls=342720, ndraw=40, logz=-8.96, remainder_fraction=2.7696%, Lmin=-5.17, Lmax=-5.14
14:55:19 [ultranest] [DEBUG] iteration=2946, ncalls=8906, regioncalls=342840, ndraw=40, logz=-8.96, remainder_fraction=2.7560%, Lmin=-5.17, Lmax=-5.14
14:55:20 [ultranest] [DEBUG] iteration=2947, ncalls=8909, regioncalls=342960, ndraw=40, logz=-8.96, remainder_fraction=2.7493%, Lmin=-5.17, Lmax=-5.14
14:55:20 [ultranest] [DEBUG] iteration=2948, ncalls=8915, regioncalls=343200, ndraw=40, logz=-8.96, remainder_fraction=2.7425%, Lmin=-5.17, Lmax=-5.14
14:55:20 [ultranest] [DEBUG] iteration=2949, ncalls=8919, regioncalls=343360, ndraw=40, logz=-8.96, remainder_fraction=2.7358%, Lmin=-5.17, Lmax=-5.14
14:55:20 [ultranest] [DEBUG] iteration=2952, ncalls=8922, regioncalls=343480, ndraw=40, logz=-8.96, remainder_fraction=2.7156%, Lmin=-5.17, Lmax=-5.14
14:55:20 [ultranest] [DEBUG] iteration=2953, ncalls=8925, regioncalls=343600, ndraw=40, logz=-8.96, remainder_fraction=2.7089%, Lmin=-5.17, Lmax=-5.14
14:55:21 [ultranest] [DEBUG] iteration=2954, ncalls=8928, regioncalls=343720, ndraw=40, logz=-8.96, remainder_fraction=2.7022%, Lmin=-5.17, Lmax=-5.14
14:55:21 [ultranest] [DEBUG] iteration=2955, ncalls=8931, regioncalls=343840, ndraw=40, logz=-8.96, remainder_fraction=2.6955%, Lmin=-5.17, Lmax=-5.14
14:55:21 [ultranest] [DEBUG] iteration=2957, ncalls=8934, regioncalls=343960, ndraw=40, logz=-8.96, remainder_fraction=2.6821%, Lmin=-5.17, Lmax=-5.14
14:55:21 [ultranest] [DEBUG] iteration=2959, ncalls=8937, regioncalls=344080, ndraw=40, logz=-8.96, remainder_fraction=2.6688%, Lmin=-5.17, Lmax=-5.14
14:55:22 [ultranest] [DEBUG] iteration=2960, ncalls=8950, regioncalls=344600, ndraw=40, logz=-8.96, remainder_fraction=2.6623%, Lmin=-5.17, Lmax=-5.14
14:55:22 [ultranest] [DEBUG] iteration=2961, ncalls=8956, regioncalls=344840, ndraw=40, logz=-8.96, remainder_fraction=2.6558%, Lmin=-5.17, Lmax=-5.14
14:55:22 [ultranest] [DEBUG] iteration=2962, ncalls=8965, regioncalls=345200, ndraw=40, logz=-8.96, remainder_fraction=2.6492%, Lmin=-5.17, Lmax=-5.14
14:55:23 [ultranest] [DEBUG] iteration=2963, ncalls=8971, regioncalls=345440, ndraw=40, logz=-8.96, remainder_fraction=2.6426%, Lmin=-5.17, Lmax=-5.14
14:55:23 [ultranest] [DEBUG] iteration=2965, ncalls=8974, regioncalls=345560, ndraw=40, logz=-8.96, remainder_fraction=2.6296%, Lmin=-5.17, Lmax=-5.14
14:55:23 [ultranest] [DEBUG] iteration=2966, ncalls=8977, regioncalls=345680, ndraw=40, logz=-8.96, remainder_fraction=2.6232%, Lmin=-5.17, Lmax=-5.14
14:55:23 [ultranest] [DEBUG] iteration=2968, ncalls=8984, regioncalls=345960, ndraw=40, logz=-8.96, remainder_fraction=2.6102%, Lmin=-5.17, Lmax=-5.14
14:55:23 [ultranest] [DEBUG] iteration=2969, ncalls=8986, regioncalls=346040, ndraw=40, logz=-8.96, remainder_fraction=2.6038%, Lmin=-5.17, Lmax=-5.14
14:55:24 [ultranest] [DEBUG] iteration=2970, ncalls=8988, regioncalls=346120, ndraw=40, logz=-8.96, remainder_fraction=2.5974%, Lmin=-5.17, Lmax=-5.14
14:55:24 [ultranest] [DEBUG] iteration=2971, ncalls=8991, regioncalls=346240, ndraw=40, logz=-8.96, remainder_fraction=2.5909%, Lmin=-5.17, Lmax=-5.14
14:55:24 [ultranest] [DEBUG] iteration=2972, ncalls=8997, regioncalls=346480, ndraw=40, logz=-8.96, remainder_fraction=2.5846%, Lmin=-5.17, Lmax=-5.14
14:55:24 [ultranest] [DEBUG] iteration=2974, ncalls=9003, regioncalls=346720, ndraw=40, logz=-8.96, remainder_fraction=2.5718%, Lmin=-5.17, Lmax=-5.14
14:55:25 [ultranest] [DEBUG] iteration=2977, ncalls=9007, regioncalls=346880, ndraw=40, logz=-8.96, remainder_fraction=2.5530%, Lmin=-5.17, Lmax=-5.14
14:55:25 [ultranest] [DEBUG] iteration=2979, ncalls=9015, regioncalls=347200, ndraw=40, logz=-8.96, remainder_fraction=2.5405%, Lmin=-5.17, Lmax=-5.14
14:55:25 [ultranest] [DEBUG] iteration=2980, ncalls=9022, regioncalls=347480, ndraw=40, logz=-8.96, remainder_fraction=2.5342%, Lmin=-5.17, Lmax=-5.14
14:55:25 [ultranest] [DEBUG] iteration=2981, ncalls=9026, regioncalls=347640, ndraw=40, logz=-8.96, remainder_fraction=2.5279%, Lmin=-5.17, Lmax=-5.14
14:55:26 [ultranest] [DEBUG] iteration=2983, ncalls=9032, regioncalls=347880, ndraw=40, logz=-8.96, remainder_fraction=2.5155%, Lmin=-5.17, Lmax=-5.14
14:55:26 [ultranest] [DEBUG] iteration=2984, ncalls=9034, regioncalls=347960, ndraw=40, logz=-8.96, remainder_fraction=2.5094%, Lmin=-5.17, Lmax=-5.14
14:55:26 [ultranest] [DEBUG] iteration=2985, ncalls=9043, regioncalls=348320, ndraw=40, logz=-8.96, remainder_fraction=2.5031%, Lmin=-5.17, Lmax=-5.14
14:55:26 [ultranest] [DEBUG] iteration=2986, ncalls=9046, regioncalls=348440, ndraw=40, logz=-8.96, remainder_fraction=2.4969%, Lmin=-5.17, Lmax=-5.14
14:55:27 [ultranest] [DEBUG] iteration=2987, ncalls=9053, regioncalls=348720, ndraw=40, logz=-8.96, remainder_fraction=2.4908%, Lmin=-5.17, Lmax=-5.14
14:55:27 [ultranest] [DEBUG] iteration=2988, ncalls=9065, regioncalls=349200, ndraw=40, logz=-8.96, remainder_fraction=2.4846%, Lmin=-5.17, Lmax=-5.14
14:55:27 [ultranest] [DEBUG] iteration=2990, ncalls=9068, regioncalls=349320, ndraw=40, logz=-8.96, remainder_fraction=2.4724%, Lmin=-5.17, Lmax=-5.14
14:55:28 [ultranest] [DEBUG] iteration=2991, ncalls=9072, regioncalls=349480, ndraw=40, logz=-8.96, remainder_fraction=2.4663%, Lmin=-5.17, Lmax=-5.14
14:55:28 [ultranest] [DEBUG] iteration=2992, ncalls=9077, regioncalls=349680, ndraw=40, logz=-8.96, remainder_fraction=2.4602%, Lmin=-5.17, Lmax=-5.14
14:55:28 [ultranest] [DEBUG] iteration=2993, ncalls=9079, regioncalls=349760, ndraw=40, logz=-8.95, remainder_fraction=2.4541%, Lmin=-5.17, Lmax=-5.14
14:55:28 [ultranest] [DEBUG] iteration=2994, ncalls=9087, regioncalls=350080, ndraw=40, logz=-8.95, remainder_fraction=2.4481%, Lmin=-5.17, Lmax=-5.14
14:55:28 [ultranest] [DEBUG] iteration=2995, ncalls=9089, regioncalls=350160, ndraw=40, logz=-8.95, remainder_fraction=2.4421%, Lmin=-5.17, Lmax=-5.14
14:55:29 [ultranest] [DEBUG] iteration=2997, ncalls=9093, regioncalls=350320, ndraw=40, logz=-8.95, remainder_fraction=2.4300%, Lmin=-5.17, Lmax=-5.14
14:55:29 [ultranest] [DEBUG] iteration=2999, ncalls=9095, regioncalls=350400, ndraw=40, logz=-8.95, remainder_fraction=2.4181%, Lmin=-5.17, Lmax=-5.14
14:55:29 [ultranest] [DEBUG] iteration=3000, ncalls=9103, regioncalls=350720, ndraw=40, logz=-8.95, remainder_fraction=2.4121%, Lmin=-5.17, Lmax=-5.14
14:55:29 [ultranest] [DEBUG] iteration=3001, ncalls=9107, regioncalls=350880, ndraw=40, logz=-8.95, remainder_fraction=2.4062%, Lmin=-5.17, Lmax=-5.14
14:55:30 [ultranest] [DEBUG] iteration=3003, ncalls=9112, regioncalls=351080, ndraw=40, logz=-8.95, remainder_fraction=2.3944%, Lmin=-5.17, Lmax=-5.14
14:55:30 [ultranest] [DEBUG] iteration=3004, ncalls=9115, regioncalls=351200, ndraw=40, logz=-8.95, remainder_fraction=2.3885%, Lmin=-5.17, Lmax=-5.14
14:55:30 [ultranest] [DEBUG] iteration=3005, ncalls=9120, regioncalls=351400, ndraw=40, logz=-8.95, remainder_fraction=2.3826%, Lmin=-5.17, Lmax=-5.14
14:55:30 [ultranest] [DEBUG] iteration=3006, ncalls=9126, regioncalls=351640, ndraw=40, logz=-8.95, remainder_fraction=2.3768%, Lmin=-5.17, Lmax=-5.14
14:55:31 [ultranest] [DEBUG] iteration=3007, ncalls=9140, regioncalls=352200, ndraw=40, logz=-8.95, remainder_fraction=2.3709%, Lmin=-5.17, Lmax=-5.14
14:55:31 [ultranest] [DEBUG] iteration=3009, ncalls=9144, regioncalls=352360, ndraw=40, logz=-8.95, remainder_fraction=2.3592%, Lmin=-5.17, Lmax=-5.14
14:55:31 [ultranest] [DEBUG] iteration=3010, ncalls=9147, regioncalls=352480, ndraw=40, logz=-8.95, remainder_fraction=2.3534%, Lmin=-5.17, Lmax=-5.14
14:55:31 [ultranest] [DEBUG] iteration=3011, ncalls=9151, regioncalls=352640, ndraw=40, logz=-8.95, remainder_fraction=2.3476%, Lmin=-5.17, Lmax=-5.14
14:55:32 [ultranest] [DEBUG] iteration=3012, ncalls=9159, regioncalls=352960, ndraw=40, logz=-8.95, remainder_fraction=2.3418%, Lmin=-5.17, Lmax=-5.14
14:55:32 [ultranest] [DEBUG] iteration=3013, ncalls=9165, regioncalls=353200, ndraw=40, logz=-8.95, remainder_fraction=2.3360%, Lmin=-5.17, Lmax=-5.14
14:55:32 [ultranest] [DEBUG] iteration=3015, ncalls=9168, regioncalls=353320, ndraw=40, logz=-8.95, remainder_fraction=2.3244%, Lmin=-5.17, Lmax=-5.14
14:55:32 [ultranest] [DEBUG] iteration=3016, ncalls=9171, regioncalls=353440, ndraw=40, logz=-8.95, remainder_fraction=2.3187%, Lmin=-5.17, Lmax=-5.14
14:55:33 [ultranest] [DEBUG] iteration=3018, ncalls=9175, regioncalls=353600, ndraw=40, logz=-8.95, remainder_fraction=2.3073%, Lmin=-5.17, Lmax=-5.14
14:55:33 [ultranest] [DEBUG] iteration=3020, ncalls=9178, regioncalls=353720, ndraw=40, logz=-8.95, remainder_fraction=2.2959%, Lmin=-5.17, Lmax=-5.14
14:55:33 [ultranest] [DEBUG] iteration=3021, ncalls=9192, regioncalls=354280, ndraw=40, logz=-8.95, remainder_fraction=2.2902%, Lmin=-5.17, Lmax=-5.14
14:55:34 [ultranest] [DEBUG] iteration=3022, ncalls=9205, regioncalls=354800, ndraw=40, logz=-8.95, remainder_fraction=2.2846%, Lmin=-5.17, Lmax=-5.14
14:55:35 [ultranest] [DEBUG] iteration=3023, ncalls=9223, regioncalls=355520, ndraw=40, logz=-8.95, remainder_fraction=2.2790%, Lmin=-5.17, Lmax=-5.14
14:55:35 [ultranest] [DEBUG] iteration=3026, ncalls=9229, regioncalls=355760, ndraw=40, logz=-8.95, remainder_fraction=2.2623%, Lmin=-5.17, Lmax=-5.14
14:55:35 [ultranest] [DEBUG] iteration=3027, ncalls=9231, regioncalls=355840, ndraw=40, logz=-8.95, remainder_fraction=2.2568%, Lmin=-5.17, Lmax=-5.14
14:55:35 [ultranest] [DEBUG] iteration=3028, ncalls=9234, regioncalls=355960, ndraw=40, logz=-8.95, remainder_fraction=2.2512%, Lmin=-5.17, Lmax=-5.14
14:55:36 [ultranest] [DEBUG] iteration=3029, ncalls=9240, regioncalls=356200, ndraw=40, logz=-8.95, remainder_fraction=2.2457%, Lmin=-5.16, Lmax=-5.14
14:55:36 [ultranest] [DEBUG] iteration=3030, ncalls=9246, regioncalls=356440, ndraw=40, logz=-8.95, remainder_fraction=2.2401%, Lmin=-5.16, Lmax=-5.14
14:55:36 [ultranest] [DEBUG] iteration=3031, ncalls=9252, regioncalls=356680, ndraw=40, logz=-8.95, remainder_fraction=2.2346%, Lmin=-5.16, Lmax=-5.14
14:55:36 [ultranest] [DEBUG] iteration=3033, ncalls=9257, regioncalls=356880, ndraw=40, logz=-8.95, remainder_fraction=2.2236%, Lmin=-5.16, Lmax=-5.14
14:55:37 [ultranest] [DEBUG] iteration=3034, ncalls=9266, regioncalls=357240, ndraw=40, logz=-8.95, remainder_fraction=2.2181%, Lmin=-5.16, Lmax=-5.14
14:55:37 [ultranest] [DEBUG] iteration=3035, ncalls=9271, regioncalls=357440, ndraw=40, logz=-8.95, remainder_fraction=2.2126%, Lmin=-5.16, Lmax=-5.14
14:55:38 [ultranest] [DEBUG] iteration=3036, ncalls=9285, regioncalls=358000, ndraw=40, logz=-8.95, remainder_fraction=2.2071%, Lmin=-5.16, Lmax=-5.14
14:55:38 [ultranest] [DEBUG] iteration=3037, ncalls=9287, regioncalls=358080, ndraw=40, logz=-8.95, remainder_fraction=2.2017%, Lmin=-5.16, Lmax=-5.14
14:55:38 [ultranest] [DEBUG] iteration=3038, ncalls=9290, regioncalls=358200, ndraw=40, logz=-8.95, remainder_fraction=2.1963%, Lmin=-5.16, Lmax=-5.14
14:55:38 [ultranest] [DEBUG] iteration=3039, ncalls=9296, regioncalls=358440, ndraw=40, logz=-8.95, remainder_fraction=2.1908%, Lmin=-5.16, Lmax=-5.14
14:55:39 [ultranest] [DEBUG] iteration=3040, ncalls=9304, regioncalls=358760, ndraw=40, logz=-8.95, remainder_fraction=2.1854%, Lmin=-5.16, Lmax=-5.14
14:55:39 [ultranest] [DEBUG] iteration=3041, ncalls=9306, regioncalls=358840, ndraw=40, logz=-8.95, remainder_fraction=2.1799%, Lmin=-5.16, Lmax=-5.14
14:55:39 [ultranest] [DEBUG] iteration=3043, ncalls=9309, regioncalls=358960, ndraw=40, logz=-8.95, remainder_fraction=2.1692%, Lmin=-5.16, Lmax=-5.14
14:55:39 [ultranest] [DEBUG] iteration=3044, ncalls=9314, regioncalls=359160, ndraw=40, logz=-8.95, remainder_fraction=2.1639%, Lmin=-5.16, Lmax=-5.14
14:55:39 [ultranest] [DEBUG] iteration=3046, ncalls=9319, regioncalls=359360, ndraw=40, logz=-8.95, remainder_fraction=2.1532%, Lmin=-5.16, Lmax=-5.14
14:55:40 [ultranest] [DEBUG] iteration=3047, ncalls=9325, regioncalls=359600, ndraw=40, logz=-8.95, remainder_fraction=2.1479%, Lmin=-5.16, Lmax=-5.14
14:55:40 [ultranest] [DEBUG] iteration=3048, ncalls=9329, regioncalls=359760, ndraw=40, logz=-8.95, remainder_fraction=2.1426%, Lmin=-5.16, Lmax=-5.14
14:55:40 [ultranest] [DEBUG] iteration=3049, ncalls=9332, regioncalls=359880, ndraw=40, logz=-8.95, remainder_fraction=2.1373%, Lmin=-5.16, Lmax=-5.14
14:55:40 [ultranest] [DEBUG] iteration=3051, ncalls=9338, regioncalls=360120, ndraw=40, logz=-8.95, remainder_fraction=2.1267%, Lmin=-5.16, Lmax=-5.14
14:55:40 [ultranest] [DEBUG] iteration=3054, ncalls=9343, regioncalls=360320, ndraw=40, logz=-8.95, remainder_fraction=2.1110%, Lmin=-5.16, Lmax=-5.14
14:55:41 [ultranest] [DEBUG] iteration=3055, ncalls=9351, regioncalls=360640, ndraw=40, logz=-8.95, remainder_fraction=2.1058%, Lmin=-5.16, Lmax=-5.14
14:55:41 [ultranest] [DEBUG] iteration=3056, ncalls=9365, regioncalls=361200, ndraw=40, logz=-8.95, remainder_fraction=2.1006%, Lmin=-5.16, Lmax=-5.14
14:55:42 [ultranest] [DEBUG] iteration=3057, ncalls=9368, regioncalls=361320, ndraw=40, logz=-8.95, remainder_fraction=2.0954%, Lmin=-5.16, Lmax=-5.14
14:55:42 [ultranest] [DEBUG] iteration=3058, ncalls=9372, regioncalls=361480, ndraw=40, logz=-8.95, remainder_fraction=2.0902%, Lmin=-5.16, Lmax=-5.14
14:55:42 [ultranest] [DEBUG] iteration=3060, ncalls=9377, regioncalls=361840, ndraw=40, logz=-8.95, remainder_fraction=2.0799%, Lmin=-5.16, Lmax=-5.14
14:55:42 [ultranest] [DEBUG] iteration=3063, ncalls=9381, regioncalls=362000, ndraw=40, logz=-8.95, remainder_fraction=2.0645%, Lmin=-5.16, Lmax=-5.14
14:55:43 [ultranest] [DEBUG] iteration=3064, ncalls=9383, regioncalls=362080, ndraw=40, logz=-8.95, remainder_fraction=2.0594%, Lmin=-5.16, Lmax=-5.14
14:55:43 [ultranest] [DEBUG] iteration=3065, ncalls=9386, regioncalls=362200, ndraw=40, logz=-8.95, remainder_fraction=2.0543%, Lmin=-5.16, Lmax=-5.14
14:55:43 [ultranest] [DEBUG] iteration=3066, ncalls=9394, regioncalls=362520, ndraw=40, logz=-8.95, remainder_fraction=2.0492%, Lmin=-5.16, Lmax=-5.14
14:55:43 [ultranest] [DEBUG] iteration=3067, ncalls=9398, regioncalls=362680, ndraw=40, logz=-8.95, remainder_fraction=2.0441%, Lmin=-5.16, Lmax=-5.14
14:55:43 [ultranest] [DEBUG] iteration=3069, ncalls=9400, regioncalls=362760, ndraw=40, logz=-8.95, remainder_fraction=2.0341%, Lmin=-5.16, Lmax=-5.14
14:55:44 [ultranest] [DEBUG] iteration=3070, ncalls=9405, regioncalls=362960, ndraw=40, logz=-8.95, remainder_fraction=2.0291%, Lmin=-5.16, Lmax=-5.14
14:55:44 [ultranest] [DEBUG] iteration=3073, ncalls=9409, regioncalls=363120, ndraw=40, logz=-8.95, remainder_fraction=2.0142%, Lmin=-5.16, Lmax=-5.14
14:55:44 [ultranest] [DEBUG] iteration=3074, ncalls=9411, regioncalls=363200, ndraw=40, logz=-8.95, remainder_fraction=2.0092%, Lmin=-5.16, Lmax=-5.14
14:55:44 [ultranest] [DEBUG] iteration=3075, ncalls=9415, regioncalls=363360, ndraw=40, logz=-8.95, remainder_fraction=2.0043%, Lmin=-5.16, Lmax=-5.14
14:55:44 [ultranest] [DEBUG] iteration=3076, ncalls=9418, regioncalls=363480, ndraw=40, logz=-8.95, remainder_fraction=1.9993%, Lmin=-5.16, Lmax=-5.14
14:55:44 [ultranest] [DEBUG] iteration=3077, ncalls=9422, regioncalls=363640, ndraw=40, logz=-8.95, remainder_fraction=1.9944%, Lmin=-5.16, Lmax=-5.14
14:55:45 [ultranest] [DEBUG] iteration=3078, ncalls=9424, regioncalls=363720, ndraw=40, logz=-8.95, remainder_fraction=1.9895%, Lmin=-5.16, Lmax=-5.14
14:55:45 [ultranest] [DEBUG] iteration=3079, ncalls=9429, regioncalls=363920, ndraw=40, logz=-8.95, remainder_fraction=1.9846%, Lmin=-5.16, Lmax=-5.14
14:55:45 [ultranest] [DEBUG] iteration=3080, ncalls=9433, regioncalls=364080, ndraw=40, logz=-8.95, remainder_fraction=1.9797%, Lmin=-5.16, Lmax=-5.14
14:55:45 [ultranest] [DEBUG] iteration=3081, ncalls=9436, regioncalls=364200, ndraw=40, logz=-8.95, remainder_fraction=1.9748%, Lmin=-5.16, Lmax=-5.14
14:55:45 [ultranest] [DEBUG] iteration=3082, ncalls=9442, regioncalls=364440, ndraw=40, logz=-8.95, remainder_fraction=1.9699%, Lmin=-5.16, Lmax=-5.14
14:55:45 [ultranest] [DEBUG] iteration=3083, ncalls=9444, regioncalls=364520, ndraw=40, logz=-8.95, remainder_fraction=1.9651%, Lmin=-5.16, Lmax=-5.14
14:55:46 [ultranest] [DEBUG] iteration=3085, ncalls=9447, regioncalls=364640, ndraw=40, logz=-8.95, remainder_fraction=1.9554%, Lmin=-5.16, Lmax=-5.14
14:55:46 [ultranest] [DEBUG] iteration=3086, ncalls=9451, regioncalls=364800, ndraw=40, logz=-8.95, remainder_fraction=1.9505%, Lmin=-5.16, Lmax=-5.14
14:55:46 [ultranest] [DEBUG] iteration=3087, ncalls=9456, regioncalls=365000, ndraw=40, logz=-8.95, remainder_fraction=1.9457%, Lmin=-5.16, Lmax=-5.14
14:55:46 [ultranest] [DEBUG] iteration=3088, ncalls=9458, regioncalls=365080, ndraw=40, logz=-8.95, remainder_fraction=1.9409%, Lmin=-5.16, Lmax=-5.14
14:55:46 [ultranest] [DEBUG] iteration=3090, ncalls=9460, regioncalls=365160, ndraw=40, logz=-8.95, remainder_fraction=1.9314%, Lmin=-5.16, Lmax=-5.14
14:55:46 [ultranest] [DEBUG] iteration=3092, ncalls=9464, regioncalls=365320, ndraw=40, logz=-8.95, remainder_fraction=1.9219%, Lmin=-5.16, Lmax=-5.14
14:55:47 [ultranest] [DEBUG] iteration=3094, ncalls=9467, regioncalls=365440, ndraw=40, logz=-8.95, remainder_fraction=1.9123%, Lmin=-5.16, Lmax=-5.14
14:55:47 [ultranest] [DEBUG] iteration=3095, ncalls=9471, regioncalls=365600, ndraw=40, logz=-8.95, remainder_fraction=1.9075%, Lmin=-5.16, Lmax=-5.14
14:55:47 [ultranest] [DEBUG] iteration=3097, ncalls=9476, regioncalls=365800, ndraw=40, logz=-8.95, remainder_fraction=1.8981%, Lmin=-5.16, Lmax=-5.14
14:55:47 [ultranest] [DEBUG] iteration=3099, ncalls=9478, regioncalls=365880, ndraw=40, logz=-8.95, remainder_fraction=1.8888%, Lmin=-5.16, Lmax=-5.14
14:55:47 [ultranest] [DEBUG] iteration=3100, ncalls=9481, regioncalls=366000, ndraw=40, logz=-8.95, remainder_fraction=1.8842%, Lmin=-5.16, Lmax=-5.14
14:55:48 [ultranest] [DEBUG] iteration=3102, ncalls=9488, regioncalls=366280, ndraw=40, logz=-8.95, remainder_fraction=1.8749%, Lmin=-5.16, Lmax=-5.14
14:55:48 [ultranest] [DEBUG] iteration=3104, ncalls=9492, regioncalls=366440, ndraw=40, logz=-8.95, remainder_fraction=1.8656%, Lmin=-5.16, Lmax=-5.14
14:55:48 [ultranest] [DEBUG] iteration=3106, ncalls=9496, regioncalls=366600, ndraw=40, logz=-8.95, remainder_fraction=1.8565%, Lmin=-5.16, Lmax=-5.14
14:55:48 [ultranest] [DEBUG] iteration=3107, ncalls=9499, regioncalls=366720, ndraw=40, logz=-8.95, remainder_fraction=1.8519%, Lmin=-5.16, Lmax=-5.14
14:55:49 [ultranest] [DEBUG] iteration=3109, ncalls=9507, regioncalls=367040, ndraw=40, logz=-8.95, remainder_fraction=1.8428%, Lmin=-5.16, Lmax=-5.14
14:55:49 [ultranest] [DEBUG] iteration=3111, ncalls=9515, regioncalls=367360, ndraw=40, logz=-8.95, remainder_fraction=1.8336%, Lmin=-5.16, Lmax=-5.14
14:55:49 [ultranest] [DEBUG] iteration=3113, ncalls=9518, regioncalls=367480, ndraw=40, logz=-8.95, remainder_fraction=1.8246%, Lmin=-5.16, Lmax=-5.14
14:55:49 [ultranest] [DEBUG] iteration=3114, ncalls=9520, regioncalls=367560, ndraw=40, logz=-8.95, remainder_fraction=1.8201%, Lmin=-5.16, Lmax=-5.14
14:55:49 [ultranest] [DEBUG] iteration=3115, ncalls=9524, regioncalls=367720, ndraw=40, logz=-8.95, remainder_fraction=1.8156%, Lmin=-5.16, Lmax=-5.14
14:55:50 [ultranest] [DEBUG] iteration=3116, ncalls=9531, regioncalls=368000, ndraw=40, logz=-8.95, remainder_fraction=1.8110%, Lmin=-5.16, Lmax=-5.14
14:55:50 [ultranest] [DEBUG] iteration=3118, ncalls=9538, regioncalls=368280, ndraw=40, logz=-8.95, remainder_fraction=1.8021%, Lmin=-5.16, Lmax=-5.14
14:55:50 [ultranest] [DEBUG] iteration=3119, ncalls=9541, regioncalls=368400, ndraw=40, logz=-8.95, remainder_fraction=1.7976%, Lmin=-5.16, Lmax=-5.14
14:55:50 [ultranest] [DEBUG] iteration=3120, ncalls=9542, regioncalls=368440, ndraw=40, logz=-8.95, remainder_fraction=1.7932%, Lmin=-5.16, Lmax=-5.14
14:55:50 [ultranest] [DEBUG] iteration=3121, ncalls=9547, regioncalls=368640, ndraw=40, logz=-8.95, remainder_fraction=1.7888%, Lmin=-5.16, Lmax=-5.14
14:55:51 [ultranest] [DEBUG] iteration=3122, ncalls=9558, regioncalls=369080, ndraw=40, logz=-8.95, remainder_fraction=1.7844%, Lmin=-5.16, Lmax=-5.14
14:55:51 [ultranest] [DEBUG] iteration=3124, ncalls=9561, regioncalls=369200, ndraw=40, logz=-8.95, remainder_fraction=1.7755%, Lmin=-5.16, Lmax=-5.14
14:55:51 [ultranest] [DEBUG] iteration=3125, ncalls=9563, regioncalls=369280, ndraw=40, logz=-8.95, remainder_fraction=1.7712%, Lmin=-5.16, Lmax=-5.14
14:55:51 [ultranest] [DEBUG] iteration=3126, ncalls=9567, regioncalls=369440, ndraw=40, logz=-8.95, remainder_fraction=1.7667%, Lmin=-5.16, Lmax=-5.14
14:55:52 [ultranest] [DEBUG] iteration=3129, ncalls=9574, regioncalls=369720, ndraw=40, logz=-8.95, remainder_fraction=1.7537%, Lmin=-5.16, Lmax=-5.14
14:55:52 [ultranest] [DEBUG] iteration=3130, ncalls=9579, regioncalls=369920, ndraw=40, logz=-8.95, remainder_fraction=1.7493%, Lmin=-5.16, Lmax=-5.14
14:55:52 [ultranest] [DEBUG] iteration=3131, ncalls=9582, regioncalls=370040, ndraw=40, logz=-8.95, remainder_fraction=1.7450%, Lmin=-5.16, Lmax=-5.14
14:55:52 [ultranest] [DEBUG] iteration=3132, ncalls=9586, regioncalls=370200, ndraw=40, logz=-8.95, remainder_fraction=1.7407%, Lmin=-5.16, Lmax=-5.14
14:55:53 [ultranest] [DEBUG] iteration=3133, ncalls=9593, regioncalls=370480, ndraw=40, logz=-8.95, remainder_fraction=1.7363%, Lmin=-5.16, Lmax=-5.14
14:55:53 [ultranest] [DEBUG] iteration=3134, ncalls=9601, regioncalls=370800, ndraw=40, logz=-8.95, remainder_fraction=1.7320%, Lmin=-5.16, Lmax=-5.14
14:55:53 [ultranest] [DEBUG] iteration=3135, ncalls=9606, regioncalls=371000, ndraw=40, logz=-8.95, remainder_fraction=1.7278%, Lmin=-5.16, Lmax=-5.14
14:55:53 [ultranest] [DEBUG] iteration=3136, ncalls=9609, regioncalls=371120, ndraw=40, logz=-8.95, remainder_fraction=1.7235%, Lmin=-5.16, Lmax=-5.14
14:55:54 [ultranest] [DEBUG] iteration=3137, ncalls=9613, regioncalls=371280, ndraw=40, logz=-8.95, remainder_fraction=1.7192%, Lmin=-5.16, Lmax=-5.14
14:55:54 [ultranest] [DEBUG] iteration=3139, ncalls=9616, regioncalls=371400, ndraw=40, logz=-8.95, remainder_fraction=1.7107%, Lmin=-5.16, Lmax=-5.14
14:55:54 [ultranest] [DEBUG] iteration=3141, ncalls=9619, regioncalls=371520, ndraw=40, logz=-8.95, remainder_fraction=1.7022%, Lmin=-5.16, Lmax=-5.14
14:55:54 [ultranest] [DEBUG] iteration=3142, ncalls=9629, regioncalls=371920, ndraw=40, logz=-8.95, remainder_fraction=1.6980%, Lmin=-5.16, Lmax=-5.14
14:55:55 [ultranest] [DEBUG] iteration=3143, ncalls=9636, regioncalls=372200, ndraw=40, logz=-8.95, remainder_fraction=1.6938%, Lmin=-5.16, Lmax=-5.14
14:55:55 [ultranest] [DEBUG] iteration=3145, ncalls=9640, regioncalls=372360, ndraw=40, logz=-8.95, remainder_fraction=1.6855%, Lmin=-5.16, Lmax=-5.14
14:55:55 [ultranest] [DEBUG] iteration=3146, ncalls=9643, regioncalls=372480, ndraw=40, logz=-8.95, remainder_fraction=1.6813%, Lmin=-5.16, Lmax=-5.14
14:55:55 [ultranest] [DEBUG] iteration=3148, ncalls=9648, regioncalls=372680, ndraw=40, logz=-8.95, remainder_fraction=1.6730%, Lmin=-5.16, Lmax=-5.14
14:55:56 [ultranest] [DEBUG] iteration=3150, ncalls=9653, regioncalls=372960, ndraw=40, logz=-8.95, remainder_fraction=1.6647%, Lmin=-5.16, Lmax=-5.14
14:55:56 [ultranest] [DEBUG] iteration=3152, ncalls=9658, regioncalls=373320, ndraw=40, logz=-8.95, remainder_fraction=1.6565%, Lmin=-5.16, Lmax=-5.14
14:55:56 [ultranest] [DEBUG] iteration=3153, ncalls=9660, regioncalls=373520, ndraw=40, logz=-8.95, remainder_fraction=1.6524%, Lmin=-5.16, Lmax=-5.14
14:55:56 [ultranest] [DEBUG] iteration=3154, ncalls=9663, regioncalls=373640, ndraw=40, logz=-8.95, remainder_fraction=1.6483%, Lmin=-5.16, Lmax=-5.14
14:55:56 [ultranest] [DEBUG] iteration=3155, ncalls=9666, regioncalls=373760, ndraw=40, logz=-8.95, remainder_fraction=1.6442%, Lmin=-5.16, Lmax=-5.14
14:55:56 [ultranest] [DEBUG] iteration=3157, ncalls=9668, regioncalls=373840, ndraw=40, logz=-8.95, remainder_fraction=1.6361%, Lmin=-5.16, Lmax=-5.14
14:55:57 [ultranest] [DEBUG] iteration=3158, ncalls=9673, regioncalls=374040, ndraw=40, logz=-8.95, remainder_fraction=1.6320%, Lmin=-5.16, Lmax=-5.14
14:55:57 [ultranest] [DEBUG] iteration=3159, ncalls=9682, regioncalls=374400, ndraw=40, logz=-8.95, remainder_fraction=1.6280%, Lmin=-5.16, Lmax=-5.14
14:55:57 [ultranest] [DEBUG] iteration=3160, ncalls=9683, regioncalls=374440, ndraw=40, logz=-8.95, remainder_fraction=1.6240%, Lmin=-5.16, Lmax=-5.14
14:55:57 [ultranest] [DEBUG] iteration=3161, ncalls=9686, regioncalls=374560, ndraw=40, logz=-8.95, remainder_fraction=1.6199%, Lmin=-5.16, Lmax=-5.14
14:55:58 [ultranest] [DEBUG] iteration=3164, ncalls=9696, regioncalls=374960, ndraw=40, logz=-8.95, remainder_fraction=1.6079%, Lmin=-5.16, Lmax=-5.14
14:55:58 [ultranest] [DEBUG] iteration=3165, ncalls=9703, regioncalls=375240, ndraw=40, logz=-8.95, remainder_fraction=1.6039%, Lmin=-5.16, Lmax=-5.14
14:55:58 [ultranest] [DEBUG] iteration=3166, ncalls=9706, regioncalls=375360, ndraw=40, logz=-8.95, remainder_fraction=1.6000%, Lmin=-5.16, Lmax=-5.14
14:55:59 [ultranest] [DEBUG] iteration=3168, ncalls=9717, regioncalls=375800, ndraw=40, logz=-8.95, remainder_fraction=1.5921%, Lmin=-5.16, Lmax=-5.14
14:55:59 [ultranest] [DEBUG] iteration=3169, ncalls=9724, regioncalls=376080, ndraw=40, logz=-8.95, remainder_fraction=1.5882%, Lmin=-5.16, Lmax=-5.14
14:55:59 [ultranest] [DEBUG] iteration=3170, ncalls=9727, regioncalls=376200, ndraw=40, logz=-8.95, remainder_fraction=1.5843%, Lmin=-5.16, Lmax=-5.14
14:56:00 [ultranest] [DEBUG] iteration=3171, ncalls=9732, regioncalls=376400, ndraw=40, logz=-8.95, remainder_fraction=1.5804%, Lmin=-5.16, Lmax=-5.14
14:56:00 [ultranest] [DEBUG] iteration=3172, ncalls=9736, regioncalls=376560, ndraw=40, logz=-8.95, remainder_fraction=1.5765%, Lmin=-5.16, Lmax=-5.14
14:56:00 [ultranest] [DEBUG] iteration=3174, ncalls=9743, regioncalls=376840, ndraw=40, logz=-8.95, remainder_fraction=1.5687%, Lmin=-5.16, Lmax=-5.14
14:56:00 [ultranest] [DEBUG] iteration=3176, ncalls=9749, regioncalls=377080, ndraw=40, logz=-8.95, remainder_fraction=1.5610%, Lmin=-5.16, Lmax=-5.14
14:56:01 [ultranest] [DEBUG] iteration=3177, ncalls=9763, regioncalls=377640, ndraw=40, logz=-8.95, remainder_fraction=1.5572%, Lmin=-5.16, Lmax=-5.14
14:56:01 [ultranest] [DEBUG] iteration=3179, ncalls=9767, regioncalls=377800, ndraw=40, logz=-8.95, remainder_fraction=1.5495%, Lmin=-5.16, Lmax=-5.14
14:56:02 [ultranest] [DEBUG] iteration=3180, ncalls=9773, regioncalls=378040, ndraw=40, logz=-8.95, remainder_fraction=1.5456%, Lmin=-5.16, Lmax=-5.14
14:56:02 [ultranest] [DEBUG] iteration=3181, ncalls=9782, regioncalls=378400, ndraw=40, logz=-8.95, remainder_fraction=1.5418%, Lmin=-5.16, Lmax=-5.14
14:56:02 [ultranest] [DEBUG] iteration=3183, ncalls=9786, regioncalls=378560, ndraw=40, logz=-8.95, remainder_fraction=1.5342%, Lmin=-5.16, Lmax=-5.14
14:56:02 [ultranest] [DEBUG] iteration=3185, ncalls=9789, regioncalls=378680, ndraw=40, logz=-8.95, remainder_fraction=1.5267%, Lmin=-5.16, Lmax=-5.14
14:56:03 [ultranest] [DEBUG] iteration=3186, ncalls=9793, regioncalls=378840, ndraw=40, logz=-8.95, remainder_fraction=1.5229%, Lmin=-5.16, Lmax=-5.14
14:56:03 [ultranest] [DEBUG] iteration=3187, ncalls=9800, regioncalls=379120, ndraw=40, logz=-8.95, remainder_fraction=1.5191%, Lmin=-5.16, Lmax=-5.14
14:56:03 [ultranest] [DEBUG] iteration=3189, ncalls=9804, regioncalls=379280, ndraw=40, logz=-8.95, remainder_fraction=1.5116%, Lmin=-5.16, Lmax=-5.14
14:56:03 [ultranest] [DEBUG] iteration=3191, ncalls=9812, regioncalls=379600, ndraw=40, logz=-8.95, remainder_fraction=1.5041%, Lmin=-5.16, Lmax=-5.14
14:56:04 [ultranest] [DEBUG] iteration=3193, ncalls=9820, regioncalls=379920, ndraw=40, logz=-8.95, remainder_fraction=1.4967%, Lmin=-5.16, Lmax=-5.14
14:56:04 [ultranest] [DEBUG] iteration=3195, ncalls=9823, regioncalls=380040, ndraw=40, logz=-8.95, remainder_fraction=1.4892%, Lmin=-5.16, Lmax=-5.14
14:56:04 [ultranest] [DEBUG] iteration=3196, ncalls=9826, regioncalls=380160, ndraw=40, logz=-8.95, remainder_fraction=1.4855%, Lmin=-5.16, Lmax=-5.14
14:56:04 [ultranest] [DEBUG] iteration=3197, ncalls=9829, regioncalls=380280, ndraw=40, logz=-8.95, remainder_fraction=1.4819%, Lmin=-5.16, Lmax=-5.14
14:56:05 [ultranest] [DEBUG] iteration=3198, ncalls=9835, regioncalls=380520, ndraw=40, logz=-8.94, remainder_fraction=1.4782%, Lmin=-5.16, Lmax=-5.14
14:56:05 [ultranest] [DEBUG] iteration=3199, ncalls=9837, regioncalls=380600, ndraw=40, logz=-8.94, remainder_fraction=1.4745%, Lmin=-5.16, Lmax=-5.14
14:56:05 [ultranest] [DEBUG] iteration=3200, ncalls=9840, regioncalls=380720, ndraw=40, logz=-8.94, remainder_fraction=1.4709%, Lmin=-5.16, Lmax=-5.14
14:56:05 [ultranest] [DEBUG] iteration=3201, ncalls=9842, regioncalls=380800, ndraw=40, logz=-8.94, remainder_fraction=1.4672%, Lmin=-5.16, Lmax=-5.14
14:56:05 [ultranest] [DEBUG] iteration=3202, ncalls=9844, regioncalls=380880, ndraw=40, logz=-8.94, remainder_fraction=1.4636%, Lmin=-5.16, Lmax=-5.14
14:56:05 [ultranest] [DEBUG] iteration=3203, ncalls=9848, regioncalls=381040, ndraw=40, logz=-8.94, remainder_fraction=1.4600%, Lmin=-5.16, Lmax=-5.14
14:56:05 [ultranest] [DEBUG] iteration=3204, ncalls=9851, regioncalls=381160, ndraw=40, logz=-8.94, remainder_fraction=1.4564%, Lmin=-5.16, Lmax=-5.14
14:56:06 [ultranest] [DEBUG] iteration=3206, ncalls=9855, regioncalls=381320, ndraw=40, logz=-8.94, remainder_fraction=1.4492%, Lmin=-5.16, Lmax=-5.14
14:56:06 [ultranest] [DEBUG] iteration=3207, ncalls=9857, regioncalls=381400, ndraw=40, logz=-8.94, remainder_fraction=1.4456%, Lmin=-5.16, Lmax=-5.14
14:56:06 [ultranest] [DEBUG] iteration=3208, ncalls=9861, regioncalls=381560, ndraw=40, logz=-8.94, remainder_fraction=1.4420%, Lmin=-5.16, Lmax=-5.14
14:56:06 [ultranest] [DEBUG] iteration=3210, ncalls=9873, regioncalls=382040, ndraw=40, logz=-8.94, remainder_fraction=1.4348%, Lmin=-5.16, Lmax=-5.14
14:56:07 [ultranest] [DEBUG] iteration=3211, ncalls=9878, regioncalls=382240, ndraw=40, logz=-8.94, remainder_fraction=1.4313%, Lmin=-5.16, Lmax=-5.14
14:56:07 [ultranest] [DEBUG] iteration=3212, ncalls=9881, regioncalls=382360, ndraw=40, logz=-8.94, remainder_fraction=1.4277%, Lmin=-5.16, Lmax=-5.14
14:56:07 [ultranest] [DEBUG] iteration=3214, ncalls=9888, regioncalls=382640, ndraw=40, logz=-8.94, remainder_fraction=1.4207%, Lmin=-5.16, Lmax=-5.14
14:56:07 [ultranest] [DEBUG] iteration=3216, ncalls=9895, regioncalls=382920, ndraw=40, logz=-8.94, remainder_fraction=1.4136%, Lmin=-5.16, Lmax=-5.14
14:56:08 [ultranest] [DEBUG] iteration=3217, ncalls=9899, regioncalls=383080, ndraw=40, logz=-8.94, remainder_fraction=1.4102%, Lmin=-5.16, Lmax=-5.14
14:56:08 [ultranest] [DEBUG] iteration=3220, ncalls=9910, regioncalls=383520, ndraw=40, logz=-8.94, remainder_fraction=1.3997%, Lmin=-5.16, Lmax=-5.14
14:56:08 [ultranest] [DEBUG] iteration=3221, ncalls=9913, regioncalls=383640, ndraw=40, logz=-8.94, remainder_fraction=1.3962%, Lmin=-5.16, Lmax=-5.14
14:56:09 [ultranest] [DEBUG] iteration=3223, ncalls=9918, regioncalls=383840, ndraw=40, logz=-8.94, remainder_fraction=1.3893%, Lmin=-5.16, Lmax=-5.14
14:56:09 [ultranest] [DEBUG] iteration=3225, ncalls=9922, regioncalls=384000, ndraw=40, logz=-8.94, remainder_fraction=1.3824%, Lmin=-5.16, Lmax=-5.14
14:56:09 [ultranest] [DEBUG] iteration=3227, ncalls=9925, regioncalls=384120, ndraw=40, logz=-8.94, remainder_fraction=1.3756%, Lmin=-5.16, Lmax=-5.14
14:56:09 [ultranest] [DEBUG] iteration=3229, ncalls=9927, regioncalls=384200, ndraw=40, logz=-8.94, remainder_fraction=1.3688%, Lmin=-5.16, Lmax=-5.14
14:56:09 [ultranest] [DEBUG] iteration=3230, ncalls=9929, regioncalls=384280, ndraw=40, logz=-8.94, remainder_fraction=1.3654%, Lmin=-5.16, Lmax=-5.14
14:56:09 [ultranest] [DEBUG] iteration=3231, ncalls=9932, regioncalls=384400, ndraw=40, logz=-8.94, remainder_fraction=1.3620%, Lmin=-5.16, Lmax=-5.14
14:56:09 [ultranest] [DEBUG] iteration=3233, ncalls=9935, regioncalls=384520, ndraw=40, logz=-8.94, remainder_fraction=1.3553%, Lmin=-5.16, Lmax=-5.14
14:56:10 [ultranest] [DEBUG] iteration=3234, ncalls=9940, regioncalls=384720, ndraw=40, logz=-8.94, remainder_fraction=1.3519%, Lmin=-5.16, Lmax=-5.14
14:56:10 [ultranest] [DEBUG] iteration=3235, ncalls=9942, regioncalls=384800, ndraw=40, logz=-8.94, remainder_fraction=1.3486%, Lmin=-5.16, Lmax=-5.14
14:56:10 [ultranest] [DEBUG] iteration=3236, ncalls=9948, regioncalls=385040, ndraw=40, logz=-8.94, remainder_fraction=1.3452%, Lmin=-5.16, Lmax=-5.14
14:56:10 [ultranest] [DEBUG] iteration=3238, ncalls=9951, regioncalls=385160, ndraw=40, logz=-8.94, remainder_fraction=1.3386%, Lmin=-5.16, Lmax=-5.14
14:56:11 [ultranest] [DEBUG] iteration=3240, ncalls=9955, regioncalls=385400, ndraw=40, logz=-8.94, remainder_fraction=1.3319%, Lmin=-5.16, Lmax=-5.14
14:56:11 [ultranest] [DEBUG] iteration=3241, ncalls=9959, regioncalls=385560, ndraw=40, logz=-8.94, remainder_fraction=1.3286%, Lmin=-5.16, Lmax=-5.14
14:56:11 [ultranest] [DEBUG] iteration=3242, ncalls=9963, regioncalls=385720, ndraw=40, logz=-8.94, remainder_fraction=1.3253%, Lmin=-5.16, Lmax=-5.14
14:56:11 [ultranest] [DEBUG] iteration=3243, ncalls=9968, regioncalls=385920, ndraw=40, logz=-8.94, remainder_fraction=1.3220%, Lmin=-5.16, Lmax=-5.14
14:56:11 [ultranest] [DEBUG] iteration=3245, ncalls=9971, regioncalls=386040, ndraw=40, logz=-8.94, remainder_fraction=1.3155%, Lmin=-5.16, Lmax=-5.14
14:56:11 [ultranest] [DEBUG] iteration=3246, ncalls=9974, regioncalls=386160, ndraw=40, logz=-8.94, remainder_fraction=1.3122%, Lmin=-5.16, Lmax=-5.14
14:56:12 [ultranest] [DEBUG] iteration=3247, ncalls=9977, regioncalls=386280, ndraw=40, logz=-8.94, remainder_fraction=1.3090%, Lmin=-5.16, Lmax=-5.14
14:56:12 [ultranest] [DEBUG] iteration=3249, ncalls=9979, regioncalls=386360, ndraw=40, logz=-8.94, remainder_fraction=1.3025%, Lmin=-5.16, Lmax=-5.14
14:56:12 [ultranest] [DEBUG] iteration=3251, ncalls=9986, regioncalls=386640, ndraw=40, logz=-8.94, remainder_fraction=1.2961%, Lmin=-5.16, Lmax=-5.14
14:56:12 [ultranest] [DEBUG] iteration=3252, ncalls=9991, regioncalls=386840, ndraw=40, logz=-8.94, remainder_fraction=1.2929%, Lmin=-5.16, Lmax=-5.14
14:56:13 [ultranest] [DEBUG] iteration=3255, ncalls=9998, regioncalls=387120, ndraw=40, logz=-8.94, remainder_fraction=1.2832%, Lmin=-5.16, Lmax=-5.14
14:56:13 [ultranest] [DEBUG] iteration=3256, ncalls=10000, regioncalls=387200, ndraw=40, logz=-8.94, remainder_fraction=1.2801%, Lmin=-5.16, Lmax=-5.14
14:56:13 [ultranest] [DEBUG] iteration=3259, ncalls=10005, regioncalls=387400, ndraw=40, logz=-8.94, remainder_fraction=1.2705%, Lmin=-5.15, Lmax=-5.14
14:56:13 [ultranest] [DEBUG] iteration=3260, ncalls=10008, regioncalls=387520, ndraw=40, logz=-8.94, remainder_fraction=1.2674%, Lmin=-5.15, Lmax=-5.14
14:56:13 [ultranest] [DEBUG] iteration=3261, ncalls=10013, regioncalls=387720, ndraw=40, logz=-8.94, remainder_fraction=1.2642%, Lmin=-5.15, Lmax=-5.14
14:56:14 [ultranest] [DEBUG] iteration=3264, ncalls=10016, regioncalls=387840, ndraw=40, logz=-8.94, remainder_fraction=1.2549%, Lmin=-5.15, Lmax=-5.14
14:56:14 [ultranest] [DEBUG] iteration=3266, ncalls=10024, regioncalls=388160, ndraw=40, logz=-8.94, remainder_fraction=1.2487%, Lmin=-5.15, Lmax=-5.14
14:56:14 [ultranest] [DEBUG] iteration=3268, ncalls=10028, regioncalls=388320, ndraw=40, logz=-8.94, remainder_fraction=1.2425%, Lmin=-5.15, Lmax=-5.14
14:56:15 [ultranest] [DEBUG] iteration=3270, ncalls=10040, regioncalls=388800, ndraw=40, logz=-8.94, remainder_fraction=1.2363%, Lmin=-5.15, Lmax=-5.14
14:56:15 [ultranest] [DEBUG] iteration=3271, ncalls=10043, regioncalls=388920, ndraw=40, logz=-8.94, remainder_fraction=1.2333%, Lmin=-5.15, Lmax=-5.14
14:56:15 [ultranest] [DEBUG] iteration=3272, ncalls=10048, regioncalls=389120, ndraw=40, logz=-8.94, remainder_fraction=1.2302%, Lmin=-5.15, Lmax=-5.14
14:56:15 [ultranest] [DEBUG] iteration=3273, ncalls=10052, regioncalls=389280, ndraw=40, logz=-8.94, remainder_fraction=1.2272%, Lmin=-5.15, Lmax=-5.14
14:56:15 [ultranest] [DEBUG] iteration=3274, ncalls=10057, regioncalls=389480, ndraw=40, logz=-8.94, remainder_fraction=1.2241%, Lmin=-5.15, Lmax=-5.14
14:56:16 [ultranest] [DEBUG] iteration=3276, ncalls=10059, regioncalls=389560, ndraw=40, logz=-8.94, remainder_fraction=1.2180%, Lmin=-5.15, Lmax=-5.14
14:56:16 [ultranest] [DEBUG] iteration=3277, ncalls=10063, regioncalls=389720, ndraw=40, logz=-8.94, remainder_fraction=1.2150%, Lmin=-5.15, Lmax=-5.14
14:56:16 [ultranest] [DEBUG] iteration=3278, ncalls=10068, regioncalls=389920, ndraw=40, logz=-8.94, remainder_fraction=1.2120%, Lmin=-5.15, Lmax=-5.14
14:56:16 [ultranest] [DEBUG] iteration=3279, ncalls=10078, regioncalls=390320, ndraw=40, logz=-8.94, remainder_fraction=1.2090%, Lmin=-5.15, Lmax=-5.14
14:56:17 [ultranest] [DEBUG] iteration=3280, ncalls=10083, regioncalls=390520, ndraw=40, logz=-8.94, remainder_fraction=1.2060%, Lmin=-5.15, Lmax=-5.14
14:56:17 [ultranest] [DEBUG] iteration=3281, ncalls=10086, regioncalls=390640, ndraw=40, logz=-8.94, remainder_fraction=1.2030%, Lmin=-5.15, Lmax=-5.14
14:56:17 [ultranest] [DEBUG] iteration=3282, ncalls=10093, regioncalls=390920, ndraw=40, logz=-8.94, remainder_fraction=1.2000%, Lmin=-5.15, Lmax=-5.14
14:56:18 [ultranest] [DEBUG] iteration=3284, ncalls=10099, regioncalls=391160, ndraw=40, logz=-8.94, remainder_fraction=1.1940%, Lmin=-5.15, Lmax=-5.14
14:56:18 [ultranest] [DEBUG] iteration=3285, ncalls=10105, regioncalls=391400, ndraw=40, logz=-8.94, remainder_fraction=1.1911%, Lmin=-5.15, Lmax=-5.14
14:56:18 [ultranest] [DEBUG] iteration=3287, ncalls=10108, regioncalls=391520, ndraw=40, logz=-8.94, remainder_fraction=1.1852%, Lmin=-5.15, Lmax=-5.14
14:56:18 [ultranest] [DEBUG] iteration=3289, ncalls=10110, regioncalls=391600, ndraw=40, logz=-8.94, remainder_fraction=1.1793%, Lmin=-5.15, Lmax=-5.14
14:56:18 [ultranest] [DEBUG] iteration=3291, ncalls=10113, regioncalls=391720, ndraw=40, logz=-8.94, remainder_fraction=1.1735%, Lmin=-5.15, Lmax=-5.14
14:56:18 [ultranest] [DEBUG] iteration=3292, ncalls=10117, regioncalls=391880, ndraw=40, logz=-8.94, remainder_fraction=1.1706%, Lmin=-5.15, Lmax=-5.14
14:56:19 [ultranest] [DEBUG] iteration=3294, ncalls=10123, regioncalls=392120, ndraw=40, logz=-8.94, remainder_fraction=1.1648%, Lmin=-5.15, Lmax=-5.14
14:56:19 [ultranest] [DEBUG] iteration=3296, ncalls=10133, regioncalls=392520, ndraw=40, logz=-8.94, remainder_fraction=1.1590%, Lmin=-5.15, Lmax=-5.14
14:56:19 [ultranest] [DEBUG] iteration=3297, ncalls=10136, regioncalls=392640, ndraw=40, logz=-8.94, remainder_fraction=1.1562%, Lmin=-5.15, Lmax=-5.14
14:56:20 [ultranest] [DEBUG] iteration=3300, ncalls=10147, regioncalls=393080, ndraw=40, logz=-8.94, remainder_fraction=1.1476%, Lmin=-5.15, Lmax=-5.14
14:56:20 [ultranest] [DEBUG] iteration=3302, ncalls=10157, regioncalls=393480, ndraw=40, logz=-8.94, remainder_fraction=1.1419%, Lmin=-5.15, Lmax=-5.14
14:56:20 [ultranest] [DEBUG] iteration=3304, ncalls=10160, regioncalls=393600, ndraw=40, logz=-8.94, remainder_fraction=1.1363%, Lmin=-5.15, Lmax=-5.14
14:56:21 [ultranest] [DEBUG] iteration=3305, ncalls=10164, regioncalls=393760, ndraw=40, logz=-8.94, remainder_fraction=1.1334%, Lmin=-5.15, Lmax=-5.14
14:56:21 [ultranest] [DEBUG] iteration=3307, ncalls=10177, regioncalls=394280, ndraw=40, logz=-8.94, remainder_fraction=1.1278%, Lmin=-5.15, Lmax=-5.14
14:56:21 [ultranest] [DEBUG] iteration=3308, ncalls=10180, regioncalls=394400, ndraw=40, logz=-8.94, remainder_fraction=1.1250%, Lmin=-5.15, Lmax=-5.14
14:56:22 [ultranest] [DEBUG] iteration=3309, ncalls=10185, regioncalls=394600, ndraw=40, logz=-8.94, remainder_fraction=1.1222%, Lmin=-5.15, Lmax=-5.14
14:56:22 [ultranest] [DEBUG] iteration=3310, ncalls=10188, regioncalls=394720, ndraw=40, logz=-8.94, remainder_fraction=1.1194%, Lmin=-5.15, Lmax=-5.14
14:56:22 [ultranest] [DEBUG] iteration=3311, ncalls=10193, regioncalls=394920, ndraw=40, logz=-8.94, remainder_fraction=1.1167%, Lmin=-5.15, Lmax=-5.14
14:56:22 [ultranest] [DEBUG] iteration=3313, ncalls=10198, regioncalls=395120, ndraw=40, logz=-8.94, remainder_fraction=1.1111%, Lmin=-5.15, Lmax=-5.14
14:56:22 [ultranest] [DEBUG] iteration=3315, ncalls=10201, regioncalls=395240, ndraw=40, logz=-8.94, remainder_fraction=1.1056%, Lmin=-5.15, Lmax=-5.14
14:56:23 [ultranest] [DEBUG] iteration=3316, ncalls=10214, regioncalls=395760, ndraw=40, logz=-8.94, remainder_fraction=1.1029%, Lmin=-5.15, Lmax=-5.14
14:56:23 [ultranest] [DEBUG] iteration=3318, ncalls=10217, regioncalls=395880, ndraw=40, logz=-8.94, remainder_fraction=1.0974%, Lmin=-5.15, Lmax=-5.14
14:56:23 [ultranest] [DEBUG] iteration=3320, ncalls=10222, regioncalls=396080, ndraw=40, logz=-8.94, remainder_fraction=1.0920%, Lmin=-5.15, Lmax=-5.14
14:56:24 [ultranest] [DEBUG] iteration=3321, ncalls=10229, regioncalls=396360, ndraw=40, logz=-8.94, remainder_fraction=1.0893%, Lmin=-5.15, Lmax=-5.14
14:56:24 [ultranest] [DEBUG] iteration=3323, ncalls=10236, regioncalls=396640, ndraw=40, logz=-8.94, remainder_fraction=1.0839%, Lmin=-5.15, Lmax=-5.14
14:56:24 [ultranest] [DEBUG] iteration=3324, ncalls=10241, regioncalls=396840, ndraw=40, logz=-8.94, remainder_fraction=1.0812%, Lmin=-5.15, Lmax=-5.14
14:56:25 [ultranest] [DEBUG] iteration=3325, ncalls=10251, regioncalls=397240, ndraw=40, logz=-8.94, remainder_fraction=1.0785%, Lmin=-5.15, Lmax=-5.14
14:56:25 [ultranest] [DEBUG] iteration=3326, ncalls=10253, regioncalls=397320, ndraw=40, logz=-8.94, remainder_fraction=1.0758%, Lmin=-5.15, Lmax=-5.14
14:56:26 [ultranest] [DEBUG] iteration=3328, ncalls=10266, regioncalls=397840, ndraw=40, logz=-8.94, remainder_fraction=1.0705%, Lmin=-5.15, Lmax=-5.14
14:56:26 [ultranest] [DEBUG] iteration=3329, ncalls=10275, regioncalls=398200, ndraw=40, logz=-8.94, remainder_fraction=1.0678%, Lmin=-5.15, Lmax=-5.14
14:56:26 [ultranest] [DEBUG] iteration=3330, ncalls=10281, regioncalls=398440, ndraw=40, logz=-8.94, remainder_fraction=1.0652%, Lmin=-5.15, Lmax=-5.14
14:56:27 [ultranest] [DEBUG] iteration=3331, ncalls=10284, regioncalls=398560, ndraw=40, logz=-8.94, remainder_fraction=1.0625%, Lmin=-5.15, Lmax=-5.14
14:56:27 [ultranest] [DEBUG] iteration=3333, ncalls=10297, regioncalls=399080, ndraw=40, logz=-8.94, remainder_fraction=1.0572%, Lmin=-5.15, Lmax=-5.14
14:56:27 [ultranest] [DEBUG] iteration=3335, ncalls=10300, regioncalls=399200, ndraw=40, logz=-8.94, remainder_fraction=1.0520%, Lmin=-5.15, Lmax=-5.14
14:56:28 [ultranest] [DEBUG] iteration=3336, ncalls=10303, regioncalls=399320, ndraw=40, logz=-8.94, remainder_fraction=1.0494%, Lmin=-5.15, Lmax=-5.14
14:56:28 [ultranest] [DEBUG] iteration=3337, ncalls=10312, regioncalls=399680, ndraw=40, logz=-8.94, remainder_fraction=1.0468%, Lmin=-5.15, Lmax=-5.14
14:56:28 [ultranest] [DEBUG] iteration=3338, ncalls=10319, regioncalls=399960, ndraw=40, logz=-8.94, remainder_fraction=1.0442%, Lmin=-5.15, Lmax=-5.14
14:56:28 [ultranest] [DEBUG] iteration=3339, ncalls=10323, regioncalls=400120, ndraw=40, logz=-8.94, remainder_fraction=1.0416%, Lmin=-5.15, Lmax=-5.14
14:56:29 [ultranest] [DEBUG] iteration=3342, ncalls=10327, regioncalls=400280, ndraw=40, logz=-8.94, remainder_fraction=1.0339%, Lmin=-5.15, Lmax=-5.14
14:56:29 [ultranest] [DEBUG] iteration=3343, ncalls=10330, regioncalls=400400, ndraw=40, logz=-8.94, remainder_fraction=1.0314%, Lmin=-5.15, Lmax=-5.14
14:56:29 [ultranest] [DEBUG] iteration=3345, ncalls=10333, regioncalls=400520, ndraw=40, logz=-8.94, remainder_fraction=1.0262%, Lmin=-5.15, Lmax=-5.14
14:56:29 [ultranest] [DEBUG] iteration=3348, ncalls=10338, regioncalls=400720, ndraw=40, logz=-8.94, remainder_fraction=1.0186%, Lmin=-5.15, Lmax=-5.14
14:56:29 [ultranest] [DEBUG] iteration=3349, ncalls=10340, regioncalls=400800, ndraw=40, logz=-8.94, remainder_fraction=1.0161%, Lmin=-5.15, Lmax=-5.14
14:56:30 [ultranest] [DEBUG] iteration=3350, ncalls=10355, regioncalls=401400, ndraw=40, logz=-8.94, remainder_fraction=1.0136%, Lmin=-5.15, Lmax=-5.14
14:56:30 [ultranest] [DEBUG] iteration=3351, ncalls=10357, regioncalls=401480, ndraw=40, logz=-8.94, remainder_fraction=1.0111%, Lmin=-5.15, Lmax=-5.14
14:56:30 [ultranest] [DEBUG] iteration=3352, ncalls=10362, regioncalls=401680, ndraw=40, logz=-8.94, remainder_fraction=1.0086%, Lmin=-5.15, Lmax=-5.14
14:56:31 [ultranest] [DEBUG] iteration=3353, ncalls=10367, regioncalls=401880, ndraw=40, logz=-8.94, remainder_fraction=1.0061%, Lmin=-5.15, Lmax=-5.14
14:56:31 [ultranest] [DEBUG] iteration=3354, ncalls=10370, regioncalls=402000, ndraw=40, logz=-8.94, remainder_fraction=1.0036%, Lmin=-5.15, Lmax=-5.14
14:56:31 [ultranest] [INFO] Explored until L=-5  
14:56:31 [ultranest] [INFO] Likelihood function evaluations: 10372
14:56:31 [ultranest] [INFO] Writing samples and results to disk ...
14:56:31 [ultranest] [INFO] Writing samples and results to disk ... done
14:56:31 [ultranest] [DEBUG] did a run_iter pass!
14:56:31 [ultranest] [INFO]   logZ = -8.913 +- 0.05116
14:56:31 [ultranest] [INFO] Effective samples strategy satisfied (ESS = 1488.8, need >400)
14:56:31 [ultranest] [INFO] Posterior uncertainty strategy is satisfied (KL: 0.45+-0.11 nat, need <0.50 nat)
14:56:31 [ultranest] [INFO] Evidency uncertainty strategy is satisfied (dlogz=0.05, need <0.5)
14:56:31 [ultranest] [INFO]   logZ error budget: single: 0.09 bs:0.05 tail:0.01 total:0.05 required:<0.50
14:56:31 [ultranest] [INFO] done iterating.
